timestamp,ram_used_mb,ram_total_mb,swap_used_mb,swap_total_mb,cpu_mean_pct,gr3d_pct,power_total_mW,power_total_source,power_sum_rails_mW,VDD_CPU_GPU_CV_avg_mW,VDD_CPU_GPU_CV_mW,VDD_IN_avg_mW,VDD_IN_mW,VDD_SOC_avg_mW,VDD_SOC_mW,cpu0_pct,cpu1_pct,cpu2_pct,cpu3_pct,cpu4_pct,cpu5_pct,temp_cpu_C,temp_gpu_C,temp_soc0_C,temp_soc1_C,temp_soc2_C,temp_tj_C
08-11-2026 23:27:16,2009,7607,1430,16384,3.0,0.0,5256,VDD_IN,7422,682,682,5256,5256,1484,1484,2.0,7.0,4.0,5.0,0.0,0.0,59.281,58.843,60.125,59.656,58.562,60.125
08-11-2026 23:27:17,2203,7607,1430,16384,22.166666666666668,2.0,5790,VDD_IN,8343,859,1036,5523,5790,1501,1517,13.0,21.0,12.0,73.0,7.0,7.0,59.281,58.687,59.937,59.406,58.437,59.937
08-11-2026 23:27:18,3678,7607,1430,16384,21.5,11.0,7456,VDD_IN,11077,1156,1751,6167,7456,1624,1870,9.0,7.0,78.0,15.0,18.0,2.0,59.531,58.937,59.687,59.187,58.281,59.687
08-11-2026 23:27:19,4157,7607,1430,16384,18.0,0.0,14941,VDD_IN,25285,2655,7151,8361,14941,2016,3193,2.0,3.0,100.0,3.0,0.0,0.0,60.281,60.343,59.875,59.25,59.0,60.343
08-11-2026 23:27:20,6045,7607,1430,16384,21.166666666666668,11.0,11665,VDD_IN,18629,2939,4073,9022,11665,2191,2891,19.0,4.0,64.0,5.0,5.0,30.0,60.218,59.687,59.875,59.343,58.75,60.218
08-11-2026 23:27:21,5615,7607,1430,16384,31.0,97.0,16255,VDD_IN,27703,3774,7951,10227,16255,2409,3497,44.0,19.0,73.0,16.0,12.0,22.0,60.187,61.437,59.968,59.375,59.156,61.437
08-11-2026 23:27:22,5631,7607,1430,16384,39.833333333333336,97.0,15572,VDD_IN,26411,4260,7179,10991,15572,2587,3660,35.0,25.0,75.0,35.0,48.0,21.0,60.468,61.375,60.031,59.281,59.25,61.375
08-11-2026 23:27:23,6184,7607,1430,16384,18.833333333333332,4.0,14650,VDD_IN,24210,4435,5658,11448,14650,2752,3902,11.0,28.0,47.0,4.0,23.0,0.0,60.187,60.343,60.125,59.375,59.187,60.343
08-11-2026 23:27:24,5632,7607,1430,16384,33.666666666666664,99.0,17172,VDD_IN,29384,4868,8329,12084,17172,2877,3883,23.0,34.0,17.0,22.0,92.0,14.0,60.343,61.625,60.093,59.375,59.312,61.625
08-11-2026 23:27:25,5631,7607,1430,16384,29.5,97.0,16452,VDD_IN,27979,5153,7716,12521,16452,2971,3811,66.0,14.0,19.0,36.0,27.0,15.0,60.562,61.468,60.125,59.468,59.437,61.468
08-11-2026 23:27:26,6352,7607,1430,16384,21.166666666666668,5.0,12677,VDD_IN,20738,5097,4541,12535,12677,3021,3520,33.0,1.0,42.0,3.0,48.0,0.0,60.312,59.937,60.187,59.5,59.218,60.312
08-11-2026 23:27:27,5635,7607,1430,16384,38.0,99.0,17290,VDD_IN,29464,5347,8094,12931,17290,3109,4080,37.0,27.0,30.0,82.0,34.0,18.0,60.718,61.562,60.25,59.406,59.656,61.562
08-11-2026 23:27:28,5638,7607,1430,16384,31.0,97.0,16846,VDD_IN,28843,5565,8186,13232,16846,3163,3811,14.0,18.0,60.0,29.0,48.0,17.0,60.687,61.625,60.312,59.406,59.468,61.625
08-11-2026 23:27:29,6410,7607,1430,16384,30.333333333333332,98.0,15217,VDD_IN,25597,5642,6641,13374,15217,3204,3739,48.0,17.0,34.0,17.0,19.0,47.0,60.718,61.25,60.218,59.5,59.406,61.25
08-11-2026 23:27:30,6013,7607,1430,16384,17.5,18.0,16098,VDD_IN,26814,5703,6551,13556,16098,3268,4165,12.0,5.0,1.0,3.0,11.0,73.0,60.656,60.687,60.156,59.531,59.437,60.687
08-11-2026 23:27:31,5634,7607,1430,16384,30.333333333333332,99.0,17408,VDD_IN,29816,5877,8485,13797,17408,3309,3923,16.0,49.0,21.0,14.0,61.0,21.0,60.562,61.718,60.25,59.625,59.656,61.718
08-11-2026 23:27:32,5632,7607,1430,16384,35.0,97.0,16531,VDD_IN,28136,5992,7833,13957,16531,3336,3772,59.0,22.0,19.0,14.0,22.0,74.0,60.562,61.562,60.406,59.468,59.593,61.562
08-11-2026 23:27:33,6367,7607,1430,16384,28.166666666666668,5.0,12854,VDD_IN,21104,5919,4691,13896,12854,3349,3559,56.0,19.0,9.0,6.0,48.0,31.0,60.312,60.031,60.468,59.531,59.343,60.468
08-11-2026 23:27:34,5635,7607,1430,16384,28.333333333333332,99.0,17093,VDD_IN,29078,6024,7899,14064,17093,3388,4086,23.0,16.0,19.0,16.0,74.0,22.0,60.781,61.562,60.281,59.562,59.625,61.562
08-11-2026 23:27:35,5635,7607,1430,16384,32.166666666666664,97.0,16885,VDD_IN,28842,6130,8146,14205,16885,3409,3811,15.0,14.0,57.0,18.0,11.0,78.0,60.843,61.593,60.281,59.562,59.625,61.593
08-11-2026 23:27:36,5636,7607,1430,16384,32.333333333333336,97.0,15611,VDD_IN,26333,6168,6944,14272,15611,3426,3778,14.0,59.0,22.0,17.0,16.0,66.0,60.656,61.5,60.406,59.656,59.656,61.5
08-11-2026 23:27:37,6137,7607,1430,16384,20.5,4.0,15493,VDD_IN,25745,6170,6198,14328,15493,3455,4054,4.0,3.0,35.0,1.0,0.0,80.0,60.843,60.468,60.531,59.562,59.593,60.843
08-11-2026 23:27:38,5635,7607,1430,16384,41.5,98.0,17329,VDD_IN,29697,6274,8563,14458,17329,3470,3805,26.0,34.0,48.0,24.0,22.0,95.0,60.781,61.75,60.656,59.593,59.718,61.75
08-11-2026 23:27:39,5645,7607,1430,16384,34.5,97.0,16452,VDD_IN,28018,6336,7755,14541,16452,3484,3811,20.0,14.0,69.0,40.0,49.0,15.0,60.812,61.968,60.468,59.687,59.687,61.968
08-11-2026 23:27:40,6331,7607,1430,16384,20.166666666666668,4.0,13091,VDD_IN,21493,6273,4770,14483,13091,3490,3632,3.0,5.0,2.0,75.0,36.0,0.0,60.812,60.437,60.468,59.781,59.468,60.812
08-11-2026 23:27:41,5636,7607,1430,16384,32.833333333333336,99.0,17172,VDD_IN,29229,6337,7938,14587,17172,3514,4119,19.0,23.0,23.0,87.0,23.0,22.0,60.781,62.0,60.625,59.75,59.843,62.0
08-11-2026 23:27:42,5633,7607,1430,16384,31.166666666666668,97.0,16975,VDD_IN,29037,6406,8211,14675,16975,3527,3851,58.0,15.0,21.0,20.0,25.0,48.0,60.75,62.093,60.625,59.625,59.875,62.093
08-11-2026 23:27:43,6269,7607,1430,16384,28.0,97.0,15493,VDD_IN,26136,6423,6865,14704,15493,3536,3778,30.0,21.0,19.0,18.0,33.0,47.0,61.125,61.843,60.656,59.625,59.687,61.843
08-11-2026 23:27:44,6102,7607,1430,16384,25.166666666666668,16.0,16176,VDD_IN,26960,6430,6619,14755,16176,3557,4165,12.0,10.0,41.0,10.0,76.0,2.0,61.5,61.125,60.656,59.843,59.812,61.5
08-11-2026 23:27:45,5635,7607,1430,16384,37.166666666666664,98.0,17172,VDD_IN,29423,6497,8446,14836,17172,3566,3805,16.0,20.0,42.0,27.0,45.0,73.0,61.062,62.281,60.593,59.781,59.781,62.281
08-11-2026 23:27:46,5628,7607,1430,16384,30.5,97.0,16491,VDD_IN,28096,6539,7794,14889,16491,3574,3811,20.0,16.0,16.0,60.0,14.0,57.0,60.843,61.968,60.562,59.906,59.906,61.968
08-11-2026 23:27:47,6401,7607,1430,16384,18.5,7.0,13329,VDD_IN,21928,6487,4888,14840,13329,3578,3711,13.0,3.0,2.0,36.0,15.0,42.0,60.968,60.843,60.656,59.781,59.593,60.968
08-11-2026 23:27:48,5638,7607,1430,16384,30.0,99.0,17290,VDD_IN,29346,6529,7859,14915,17290,3597,4197,17.0,20.0,19.0,86.0,19.0,19.0,61.312,61.875,60.656,59.875,60.062,61.875
08-11-2026 23:27:49,5637,7607,1430,16384,36.833333333333336,99.0,17250,VDD_IN,29501,6584,8407,14983,17250,3604,3844,40.0,29.0,21.0,38.0,74.0,19.0,61.125,62.375,60.687,59.937,60.125,62.375
08-11-2026 23:27:50,5642,7607,1430,16384,32.5,97.0,15730,VDD_IN,26608,6599,7100,15005,15730,3609,3778,26.0,54.0,21.0,16.0,17.0,61.0,61.093,61.718,60.656,59.843,59.906,61.718
08-11-2026 23:27:51,6169,7607,1430,16384,20.0,4.0,15217,VDD_IN,25243,6583,6051,15011,15217,3619,3975,3.0,51.0,32.0,1.0,0.0,33.0,60.968,60.875,60.906,59.875,59.906,61.093
08-11-2026 23:27:52,5644,7607,1430,16384,29.333333333333332,99.0,17290,VDD_IN,29425,6623,8055,15072,17290,3632,4080,16.0,19.0,73.0,18.0,20.0,30.0,61.25,61.937,60.718,59.906,60.125,61.937
08-11-2026 23:27:53,5643,7607,1430,16384,31.666666666666668,98.0,16728,VDD_IN,28568,6660,8029,15116,16728,3636,3811,15.0,14.0,33.0,17.0,17.0,94.0,61.218,62.0,60.75,59.968,59.968,62.0
08-11-2026 23:27:54,6466,7607,1430,16384,27.166666666666668,97.0,14941,VDD_IN,25051,6652,6326,15111,14941,3640,3784,36.0,14.0,15.0,37.0,26.0,35.0,61.593,61.75,60.781,59.968,59.968,61.75
08-11-2026 23:27:55,5821,7607,1430,16384,22.0,68.0,16975,VDD_IN,28464,6665,7206,15158,16975,3656,4283,81.0,7.0,6.0,7.0,9.0,22.0,61.093,61.781,60.937,59.937,60.125,61.781
08-11-2026 23:27:56,5644,7607,1430,16384,36.5,98.0,17211,VDD_IN,29501,6710,8485,15208,17211,3660,3805,82.0,22.0,26.0,22.0,20.0,47.0,61.125,62.562,60.937,59.906,60.187,62.562
08-11-2026 23:27:57,5646,7607,1430,16384,31.166666666666668,97.0,16531,VDD_IN,28175,6737,7833,15239,16531,3663,3811,40.0,18.0,18.0,49.0,14.0,48.0,61.187,62.0,60.843,59.968,60.187,62.0
08-11-2026 23:27:58,6410,7607,1430,16384,20.666666666666668,23.0,13131,VDD_IN,21533,6692,4809,15190,13131,3662,3593,75.0,0.0,2.0,6.0,5.0,36.0,61.0,60.593,60.843,60.0,59.937,61.0
08-11-2026 23:27:59,5640,7607,1430,16384,29.5,99.0,17054,VDD_IN,28915,6716,7742,15233,17054,3672,4119,25.0,16.0,15.0,18.0,86.0,17.0,61.625,61.812,60.937,60.093,60.156,61.812
08-11-2026 23:28:00,5644,7607,1430,16384,39.833333333333336,98.0,17133,VDD_IN,29306,6752,8368,15275,17133,3675,3805,74.0,20.0,30.0,20.0,42.0,53.0,61.187,62.093,60.906,59.937,60.312,62.093
08-11-2026 23:28:01,5641,7607,1430,16384,29.666666666666668,97.0,16176,VDD_IN,27480,6768,7493,15295,16176,3678,3811,30.0,16.0,16.0,19.0,42.0,55.0,61.281,61.968,60.968,59.968,60.187,61.968
08-11-2026 23:28:02,6328,7607,1430,16384,17.166666666666668,7.0,14492,VDD_IN,23943,6742,5549,15277,14492,3683,3902,3.0,4.0,4.0,6.0,22.0,64.0,61.281,60.843,60.968,60.093,59.968,61.281
08-11-2026 23:28:03,5642,7607,1430,16384,31.666666666666668,99.0,17172,VDD_IN,29190,6767,7938,15317,17172,3691,4080,21.0,19.0,18.0,24.0,29.0,79.0,61.375,62.375,61.0,60.125,60.25,62.375
08-11-2026 23:28:04,5643,7607,1430,16384,34.5,97.0,17054,VDD_IN,29148,6798,8250,15352,17054,3694,3844,52.0,21.0,21.0,23.0,17.0,73.0,61.562,62.406,61.031,60.156,60.281,62.406
08-11-2026 23:28:05,5895,7607,1430,16384,32.833333333333336,97.0,15296,VDD_IN,25793,6797,6758,15351,15296,3695,3739,54.0,17.0,17.0,21.0,16.0,72.0,61.625,62.125,60.937,60.0,60.312,62.125
08-11-2026 23:28:06,6180,7607,1430,16384,22.333333333333332,17.0,15940,VDD_IN,26466,6789,6394,15363,15940,3704,4132,10.0,10.0,27.0,13.0,0.0,74.0,61.562,61.406,61.093,60.125,60.187,61.562
08-11-2026 23:28:07,5641,7607,1430,16384,30.5,99.0,17250,VDD_IN,29346,6812,7977,15399,17250,3712,4119,22.0,16.0,74.0,32.0,18.0,21.0,61.406,62.312,60.968,60.125,60.25,62.312
08-11-2026 23:28:08,5639,7607,1430,16384,31.333333333333332,97.0,16924,VDD_IN,28921,6837,8146,15428,16924,3714,3851,45.0,17.0,18.0,74.0,16.0,18.0,61.437,62.625,61.031,60.218,60.25,62.625
08-11-2026 23:28:09,6471,7607,1430,16384,33.333333333333336,98.0,14847,VDD_IN,24879,6827,6287,15417,14847,3715,3745,58.0,13.0,18.0,33.0,18.0,60.0,61.718,61.875,60.968,60.312,60.281,61.875
08-11-2026 23:28:10,5903,7607,1430,16384,20.5,17.0,16728,VDD_IN,28021,6831,7050,15441,16728,3724,4243,5.0,27.0,7.0,4.0,0.0,80.0,61.218,61.5,61.125,60.093,60.218,61.5
08-11-2026 23:28:11,5637,7607,1430,16384,34.666666666666664,99.0,17408,VDD_IN,29855,6861,8524,15476,17408,3728,3923,24.0,39.0,21.0,31.0,13.0,80.0,61.281,62.437,61.156,60.187,60.25,62.437
08-11-2026 23:28:12,5636,7607,1430,16384,35.333333333333336,98.0,16897,VDD_IN,28855,6883,8107,15501,16897,3730,3851,20.0,58.0,20.0,22.0,18.0,74.0,61.531,62.375,61.031,60.125,60.25,62.375
08-11-2026 23:28:13,6460,7607,1430,16384,28.833333333333332,98.0,15493,VDD_IN,26058,6880,6708,15501,15493,3732,3857,15.0,42.0,21.0,13.0,16.0,66.0,61.656,62.312,61.125,60.25,60.375,62.312
08-11-2026 23:28:14,5856,7607,1430,16384,18.666666666666668,13.0,16688,VDD_IN,27902,6881,6971,15521,16688,3741,4243,6.0,7.0,3.0,22.0,59.0,15.0,61.281,61.812,61.125,60.187,60.437,61.812
08-11-2026 23:28:15,5630,7607,1430,16384,32.5,99.0,17290,VDD_IN,29697,6909,8563,15550,17290,3743,3844,21.0,18.0,19.0,71.0,25.0,41.0,61.156,62.812,61.187,60.125,60.312,62.812
08-11-2026 23:28:16,5632,7607,1430,16384,32.666666666666664,97.0,16885,VDD_IN,28804,6928,8068,15572,16885,3744,3851,21.0,48.0,16.0,18.0,46.0,47.0,61.406,62.656,60.968,60.25,60.437,62.468
08-11-2026 23:28:17,6436,7607,1430,16384,29.0,98.0,14215,VDD_IN,23666,6909,5746,15550,14215,3744,3705,14.0,79.0,10.0,11.0,53.0,7.0,61.843,61.781,61.125,60.281,60.25,61.843
08-11-2026 23:28:18,5636,7607,1430,16384,24.5,99.0,17290,VDD_IN,28956,6916,7351,15578,17290,3753,4315,10.0,87.0,12.0,13.0,12.0,13.0,61.375,62.156,61.093,60.343,60.468,62.156
08-11-2026 23:28:19,5629,7607,1430,16384,33.0,98.0,17015,VDD_IN,29110,6938,8290,15601,17015,3754,3805,19.0,83.0,18.0,18.0,47.0,13.0,61.25,62.531,61.156,60.125,60.468,62.531
08-11-2026 23:28:20,5628,7607,1430,16384,33.333333333333336,97.0,16649,VDD_IN,28294,6951,7794,15617,16649,3755,3851,16.0,67.0,24.0,18.0,59.0,16.0,61.312,62.5,61.281,60.25,60.281,62.5
08-11-2026 23:28:21,6417,7607,1430,16384,23.666666666666668,98.0,14650,VDD_IN,24407,6935,5894,15602,14650,3757,3863,8.0,67.0,8.0,5.0,48.0,6.0,61.656,61.843,61.093,60.312,60.312,61.843
08-11-2026 23:28:22,5635,7607,1430,16384,28.666666666666668,99.0,17290,VDD_IN,29152,6944,7547,15627,17290,3765,4315,22.0,29.0,15.0,17.0,74.0,15.0,61.812,62.062,61.156,60.343,60.5,61.937
08-11-2026 23:28:23,5634,7607,1430,16384,33.833333333333336,98.0,17250,VDD_IN,29579,6967,8485,15651,17250,3766,3844,19.0,20.0,71.0,20.0,29.0,44.0,61.625,62.625,61.218,60.375,60.562,62.625
08-11-2026 23:28:24,5639,7607,1430,16384,30.5,98.0,16570,VDD_IN,28215,6979,7794,15664,16570,3768,3851,20.0,17.0,49.0,19.0,60.0,18.0,61.312,62.406,61.156,60.125,60.437,62.406
08-11-2026 23:28:25,6416,7607,1430,16384,20.166666666666668,81.0,14255,VDD_IN,23668,6959,5589,15644,14255,3768,3824,6.0,7.0,32.0,10.0,42.0,24.0,61.562,61.812,61.281,60.281,60.343,61.812
08-11-2026 23:28:26,5630,7607,1430,16384,31.833333333333332,99.0,17290,VDD_IN,29191,6968,7625,15667,17290,3776,4276,19.0,16.0,33.0,23.0,15.0,85.0,61.718,61.968,61.187,60.25,60.593,61.968
08-11-2026 23:28:27,5632,7607,1430,16384,36.5,97.0,17408,VDD_IN,29893,6992,8641,15692,17408,3776,3844,24.0,21.0,51.0,25.0,15.0,83.0,61.687,62.562,61.156,60.343,60.5,62.562
08-11-2026 23:28:28,5636,7607,1430,16384,32.833333333333336,98.0,16688,VDD_IN,28411,7004,7872,15705,16688,3778,3851,17.0,17.0,56.0,22.0,18.0,67.0,61.437,62.531,61.187,60.437,60.468,62.531
08-11-2026 23:28:29,6429,7607,1430,16384,23.166666666666668,98.0,14571,VDD_IN,24250,6988,5855,15690,14571,3778,3824,50.0,5.0,7.0,10.0,5.0,62.0,61.718,62.062,61.25,60.281,60.531,62.062
08-11-2026 23:28:30,5624,7607,1431,16384,26.333333333333332,99.0,17290,VDD_IN,29112,6995,7507,15711,17290,3785,4315,25.0,14.0,11.0,12.0,11.0,85.0,61.843,62.187,61.312,60.375,60.593,62.187
08-11-2026 23:28:31,5625,7607,1431,16384,31.333333333333332,97.0,17172,VDD_IN,29462,7014,8446,15730,17172,3786,3844,43.0,18.0,12.0,23.0,12.0,80.0,61.468,62.875,61.156,60.375,60.437,62.875
08-11-2026 23:28:32,5627,7607,1431,16384,37.666666666666664,98.0,16857,VDD_IN,28776,7028,8068,15745,16857,3787,3851,21.0,64.0,21.0,30.0,24.0,66.0,61.718,62.781,61.156,60.375,60.5,62.781
08-11-2026 23:28:33,6430,7607,1431,16384,25.166666666666668,98.0,14689,VDD_IN,24368,7013,5855,15732,14689,3787,3824,15.0,9.0,15.0,27.0,23.0,62.0,61.531,62.187,61.312,60.531,60.375,61.906
08-11-2026 23:28:34,5631,7607,1431,16384,25.5,99.0,17211,VDD_IN,28955,7018,7429,15750,17211,3794,4315,9.0,10.0,15.0,12.0,21.0,86.0,61.843,62.093,61.406,60.375,60.625,62.093
08-11-2026 23:28:35,5634,7607,1431,16384,31.666666666666668,97.0,17250,VDD_IN,29540,7036,8446,15769,17250,3795,3844,25.0,22.0,18.0,16.0,65.0,44.0,61.531,62.687,61.187,60.375,60.531,62.687
08-11-2026 23:28:36,5624,7607,1431,16384,31.5,97.0,16649,VDD_IN,28372,7046,7872,15780,16649,3795,3851,19.0,18.0,20.0,65.0,19.0,48.0,61.656,62.593,61.218,60.375,60.5,62.593
08-11-2026 23:28:37,6425,7607,1431,16384,25.0,97.0,14981,VDD_IN,25046,7036,6208,15770,14981,3796,3857,9.0,8.0,13.0,68.0,9.0,43.0,62.093,62.093,61.281,60.531,60.5,62.093
08-11-2026 23:28:38,5636,7607,1431,16384,27.666666666666668,99.0,17408,VDD_IN,29269,7042,7507,15790,17408,3803,4354,13.0,12.0,23.0,75.0,34.0,9.0,61.75,62.156,61.343,60.375,60.656,62.156
08-11-2026 23:28:39,5636,7607,1431,16384,29.166666666666668,98.0,17250,VDD_IN,29579,7059,8485,15807,17250,3803,3844,43.0,12.0,16.0,15.0,74.0,15.0,61.375,63.0,61.375,60.375,60.468,63.0
08-11-2026 23:28:40,5626,7607,1431,16384,29.833333333333332,98.0,16688,VDD_IN,28411,7068,7872,15818,16688,3804,3851,18.0,17.0,18.0,19.0,67.0,40.0,61.593,62.906,61.187,60.406,60.468,62.906
08-11-2026 23:28:41,6431,7607,1431,16384,24.166666666666668,97.0,14862,VDD_IN,24855,7058,6169,15807,14862,3804,3824,32.0,9.0,8.0,12.0,48.0,36.0,62.031,62.531,61.156,60.468,60.531,62.531
08-11-2026 23:28:42,5628,7607,1431,16384,23.666666666666668,99.0,17290,VDD_IN,29073,7062,7429,15824,17290,3810,4354,7.0,86.0,8.0,10.0,9.0,22.0,61.687,62.5,61.343,60.5,60.625,62.5
08-11-2026 23:28:43,5627,7607,1431,16384,33.5,97.0,17133,VDD_IN,29384,7077,8407,15838,17133,3811,3844,18.0,88.0,19.0,14.0,16.0,46.0,61.531,63.062,61.343,60.375,60.625,63.062
08-11-2026 23:28:44,5629,7607,1431,16384,37.833333333333336,99.0,16058,VDD_IN,27238,7081,7363,15841,16058,3811,3817,22.0,28.0,80.0,16.0,63.0,18.0,61.625,62.656,61.343,60.375,60.562,62.656
08-11-2026 23:28:45,6356,7607,1431,16384,18.5,7.0,14255,VDD_IN,23549,7062,5431,15823,14255,3811,3863,19.0,2.0,46.0,5.0,10.0,29.0,61.5,61.375,61.25,60.406,60.312,61.5
08-11-2026 23:28:46,5628,7607,1431,16384,27.333333333333332,99.0,17133,VDD_IN,29112,7072,7899,15838,17133,3814,4080,83.0,16.0,16.0,15.0,15.0,19.0,61.656,62.781,61.375,60.531,60.687,62.781
08-11-2026 23:28:47,5630,7607,1431,16384,39.0,98.0,16924,VDD_IN,28960,7084,8225,15849,16924,3814,3811,79.0,21.0,19.0,19.0,43.0,53.0,61.531,62.812,61.187,60.531,60.593,62.812
08-11-2026 23:28:48,5632,7607,1431,16384,33.0,97.0,15690,VDD_IN,26568,7084,7100,15848,15690,3814,3778,30.0,13.0,28.0,61.0,53.0,13.0,61.593,62.531,61.343,60.593,60.531,62.531
08-11-2026 23:28:49,6128,7607,1431,16384,21.166666666666668,17.0,15809,VDD_IN,26296,7077,6355,15847,15809,3817,4132,20.0,11.0,10.0,55.0,31.0,0.0,61.718,61.718,61.5,60.437,60.5,61.718
08-11-2026 23:28:50,5631,7607,1431,16384,26.166666666666668,99.0,17290,VDD_IN,29425,7086,8016,15863,17290,3821,4119,25.0,18.0,15.0,12.0,74.0,13.0,61.687,62.718,61.375,60.437,60.656,62.375
08-11-2026 23:28:51,5628,7607,1431,16384,33.166666666666664,97.0,16975,VDD_IN,28998,7098,8172,15874,16975,3821,3851,55.0,18.0,20.0,16.0,44.0,46.0,61.875,62.781,61.25,60.437,60.656,62.781
08-11-2026 23:28:52,6463,7607,1431,16384,31.166666666666668,98.0,16137,VDD_IN,27324,7100,7336,15877,16137,3821,3851,38.0,19.0,22.0,48.0,13.0,47.0,62.062,62.437,61.406,60.562,60.625,62.437
08-11-2026 23:28:53,6104,7607,1431,16384,18.166666666666668,17.0,15783,VDD_IN,26270,7093,6355,15876,15783,3824,4132,3.0,6.0,3.0,78.0,5.0,14.0,61.5,61.5,61.437,60.593,60.531,61.5
08-11-2026 23:28:54,5634,7607,1431,16384,36.166666666666664,99.0,17683,VDD_IN,30170,7105,8368,15894,17683,3827,4119,23.0,41.0,76.0,20.0,23.0,34.0,61.906,62.718,61.468,60.437,60.843,62.718
08-11-2026 23:28:55,5626,7607,1431,16384,32.166666666666664,97.0,16936,VDD_IN,28973,7116,8186,15905,16936,3828,3851,46.0,19.0,16.0,20.0,78.0,14.0,61.562,62.718,61.343,60.5,60.593,62.718
08-11-2026 23:28:56,5621,7607,1431,16384,32.166666666666664,97.0,16255,VDD_IN,27559,7119,7414,15908,16255,3828,3890,15.0,57.0,17.0,23.0,35.0,46.0,62.0,62.656,61.312,60.437,60.656,62.656
08-11-2026 23:28:58,6158,7607,1431,16384,17.666666666666668,17.0,15730,VDD_IN,26139,7111,6277,15906,15730,3831,4132,16.0,2.0,3.0,21.0,12.0,52.0,62.031,61.875,61.406,60.593,60.687,62.031
08-11-2026 23:28:59,5626,7607,1431,16384,31.0,99.0,17368,VDD_IN,29542,7120,8055,15920,17368,3834,4119,23.0,20.0,20.0,31.0,73.0,19.0,61.531,62.843,61.343,60.593,60.656,62.843
08-11-2026 23:29:00,5628,7607,1431,16384,34.0,97.0,17054,VDD_IN,29148,7131,8250,15931,17054,3834,3844,19.0,20.0,24.0,21.0,82.0,38.0,61.5,63.062,61.437,60.468,60.625,63.062
08-11-2026 23:29:01,6460,7607,1431,16384,36.333333333333336,98.0,16176,VDD_IN,27402,7133,7375,15934,16176,3834,3851,47.0,28.0,30.0,31.0,39.0,43.0,62.031,62.843,61.343,60.531,60.656,62.843
08-11-2026 23:29:02,6099,7607,1431,16384,16.5,17.0,15769,VDD_IN,26217,7126,6316,15932,15769,3837,4132,19.0,3.0,1.0,3.0,0.0,73.0,62.062,61.937,61.406,60.531,60.593,62.062
08-11-2026 23:29:03,5624,7607,1431,16384,28.0,99.0,17368,VDD_IN,29581,7135,8094,15946,17368,3840,4119,28.0,21.0,18.0,15.0,73.0,13.0,61.593,62.75,61.468,60.625,60.812,62.75
08-11-2026 23:29:04,5628,7607,1431,16384,31.166666666666668,98.0,16936,VDD_IN,28959,7144,8172,15955,16936,3840,3851,50.0,40.0,17.0,17.0,51.0,12.0,61.562,62.906,61.5,60.531,60.781,62.906
08-11-2026 23:29:05,5625,7607,1431,16384,28.666666666666668,98.0,16137,VDD_IN,27363,7146,7336,15956,16137,3840,3890,38.0,15.0,42.0,32.0,21.0,24.0,61.75,62.718,61.593,60.562,60.625,62.718
08-11-2026 23:29:06,6160,7607,1431,16384,21.666666666666668,17.0,15809,VDD_IN,26335,7139,6394,15955,15809,3843,4132,9.0,6.0,23.0,20.0,11.0,61.0,62.062,61.718,61.406,60.5,60.656,62.062
08-11-2026 23:29:07,5630,7607,1431,16384,30.5,99.0,17329,VDD_IN,29503,7147,8055,15967,17329,3845,4119,22.0,22.0,74.0,31.0,18.0,16.0,61.875,62.687,61.468,60.593,60.875,63.062
08-11-2026 23:29:08,5627,7607,1431,16384,34.166666666666664,97.0,17093,VDD_IN,29227,7158,8290,15978,17093,3845,3844,19.0,19.0,78.0,44.0,23.0,22.0,61.843,63.312,61.5,60.718,60.75,63.312
08-11-2026 23:29:09,5636,7607,1431,16384,31.333333333333332,97.0,16295,VDD_IN,27587,7160,7402,15980,16295,3846,3890,16.0,16.0,68.0,15.0,54.0,19.0,61.968,63.062,61.531,60.468,60.75,63.062
08-11-2026 23:29:10,6220,7607,1431,16384,17.5,16.0,15414,VDD_IN,25548,7150,6080,15975,15414,3848,4054,3.0,1.0,76.0,4.0,2.0,19.0,61.843,61.625,61.437,60.625,60.625,61.875
08-11-2026 23:29:11,5628,7607,1431,16384,27.833333333333332,93.0,17329,VDD_IN,29464,7158,8016,15987,17329,3850,4119,18.0,16.0,76.0,15.0,15.0,27.0,61.937,62.812,61.375,60.625,60.812,62.812
08-11-2026 23:29:12,5628,7607,1431,16384,38.333333333333336,97.0,17172,VDD_IN,29423,7169,8407,15997,17172,3850,3844,57.0,25.0,36.0,34.0,30.0,48.0,62.093,62.968,61.343,60.718,60.906,62.968
08-11-2026 23:29:13,5630,7607,1431,16384,28.5,97.0,16334,VDD_IN,27744,7172,7520,16000,16334,3850,3890,43.0,21.0,17.0,12.0,41.0,37.0,61.781,62.906,61.531,60.718,60.718,62.906
08-11-2026 23:29:14,6268,7607,1431,16384,16.333333333333332,14.0,14981,VDD_IN,24810,7160,5815,15992,14981,3852,4014,2.0,2.0,4.0,3.0,20.0,67.0,61.593,61.718,61.562,60.593,60.656,61.718
08-11-2026 23:29:15,5632,7607,1431,16384,29.333333333333332,99.0,17290,VDD_IN,29386,7167,7977,16002,17290,3854,4119,23.0,12.0,17.0,22.0,24.0,78.0,62.062,62.906,61.375,60.593,60.843,62.906
08-11-2026 23:29:16,5630,7607,1431,16384,29.666666666666668,97.0,17133,VDD_IN,29267,7176,8290,16012,17133,3854,3844,45.0,15.0,14.0,12.0,60.0,32.0,61.75,63.093,61.468,60.687,60.75,63.093
08-11-2026 23:29:17,6151,7607,1431,16384,37.166666666666664,97.0,16137,VDD_IN,27323,7178,7375,16013,16137,3853,3811,26.0,27.0,43.0,25.0,70.0,32.0,62.125,62.718,61.5,60.812,60.812,62.718
08-11-2026 23:29:18,6229,7607,1431,16384,16.5,17.0,15414,VDD_IN,25548,7169,6041,16008,15414,3855,4093,5.0,3.0,1.0,18.0,71.0,1.0,61.937,61.687,61.718,60.593,60.625,61.937
08-11-2026 23:29:19,5630,7607,1431,16384,28.666666666666668,98.0,17290,VDD_IN,29386,7175,7977,16018,17290,3858,4119,18.0,17.0,16.0,32.0,77.0,12.0,61.843,62.843,61.437,60.625,60.843,62.843
08-11-2026 23:29:20,5628,7607,1431,16384,36.666666666666664,97.0,17211,VDD_IN,29462,7185,8407,16028,17211,3857,3844,23.0,17.0,17.0,61.0,83.0,19.0,61.906,63.187,61.437,60.687,60.812,63.187
08-11-2026 23:29:21,5622,7607,1431,16384,26.666666666666668,97.0,16295,VDD_IN,27626,7187,7441,16030,16295,3858,3890,32.0,13.0,16.0,13.0,74.0,12.0,61.812,62.906,61.625,60.875,60.843,62.906
08-11-2026 23:29:22,6274,7607,1431,16384,19.666666666666668,11.0,15099,VDD_IN,25007,7177,5894,16023,15099,3859,4014,54.0,29.0,23.0,5.0,5.0,2.0,62.187,61.875,61.625,60.562,60.843,62.187
08-11-2026 23:29:23,5632,7607,1431,16384,32.5,99.0,17368,VDD_IN,29581,7184,8055,16033,17368,3861,4158,22.0,24.0,30.0,20.0,77.0,22.0,62.031,63.093,61.562,60.593,60.937,63.093
08-11-2026 23:29:24,5626,7607,1431,16384,30.5,97.0,17093,VDD_IN,29266,7193,8329,16042,17093,3861,3844,46.0,15.0,16.0,60.0,15.0,31.0,61.906,63.156,61.531,60.718,60.812,63.156
08-11-2026 23:29:25,5626,7607,1431,16384,30.166666666666668,97.0,16413,VDD_IN,27862,7196,7598,16045,16413,3861,3851,45.0,21.0,16.0,37.0,47.0,15.0,61.937,63.125,61.531,60.75,60.812,62.843
08-11-2026 23:29:26,6290,7607,1431,16384,17.833333333333332,7.0,14823,VDD_IN,24580,7185,5776,16035,14823,3862,3981,13.0,5.0,1.0,5.0,74.0,9.0,61.875,61.562,61.625,60.718,60.75,61.875
08-11-2026 23:29:27,5630,7607,1431,16384,30.0,99.0,17290,VDD_IN,29386,7191,7977,16045,17290,3864,4119,25.0,20.0,17.0,24.0,14.0,80.0,61.906,62.906,61.781,60.593,60.875,62.906
08-11-2026 23:29:28,5629,7607,1431,16384,38.833333333333336,97.0,17329,VDD_IN,29697,7201,8485,16054,17329,3864,3883,19.0,22.0,24.0,60.0,30.0,78.0,62.031,62.968,61.468,60.687,60.875,62.968
08-11-2026 23:29:29,5628,7607,1431,16384,31.666666666666668,98.0,16649,VDD_IN,28255,7205,7716,16059,16649,3864,3890,20.0,24.0,27.0,42.0,36.0,41.0,62.343,62.843,61.531,60.687,60.906,62.843
08-11-2026 23:29:30,6327,7607,1431,16384,20.666666666666668,10.0,14492,VDD_IN,23934,7192,5540,16047,14492,3865,3902,41.0,3.0,2.0,6.0,1.0,71.0,61.937,61.937,61.625,60.875,60.781,61.937
08-11-2026 23:29:31,5628,7607,1431,16384,30.0,99.0,17290,VDD_IN,29425,7199,8055,16056,17290,3866,4080,23.0,17.0,18.0,26.0,15.0,81.0,61.875,63.281,61.687,60.812,60.937,63.281
08-11-2026 23:29:32,5628,7607,1431,16384,29.0,98.0,17054,VDD_IN,29148,7206,8250,16064,17054,3866,3844,15.0,15.0,12.0,15.0,42.0,75.0,61.875,63.281,61.625,60.687,60.937,63.281
08-11-2026 23:29:33,5630,7607,1431,16384,33.166666666666664,97.0,16373,VDD_IN,27835,7209,7611,16066,16373,3866,3851,37.0,18.0,21.0,25.0,28.0,70.0,62.125,63.125,61.406,60.625,60.906,63.125
08-11-2026 23:29:34,6309,7607,1431,16384,22.0,14.0,14823,VDD_IN,24580,7199,5776,16057,14823,3867,3981,40.0,5.0,5.0,12.0,0.0,70.0,62.187,62.093,61.625,60.75,60.906,62.187
08-11-2026 23:29:35,5627,7607,1431,16384,33.0,99.0,17290,VDD_IN,29425,7205,8016,16066,17290,3869,4119,29.0,20.0,21.0,24.0,22.0,82.0,61.937,62.937,61.593,60.812,60.906,62.937
08-11-2026 23:29:36,5624,7607,1431,16384,30.833333333333332,98.0,17172,VDD_IN,29384,7213,8329,16074,17172,3869,3883,14.0,13.0,17.0,15.0,70.0,56.0,61.781,63.062,61.718,60.875,60.937,63.062
08-11-2026 23:29:37,5629,7607,1431,16384,33.5,97.0,16609,VDD_IN,28215,7216,7716,16078,16609,3869,3890,59.0,16.0,25.0,18.0,64.0,19.0,61.906,62.906,61.687,60.656,60.906,62.906
08-11-2026 23:29:38,6350,7607,1431,16384,18.833333333333332,14.0,14492,VDD_IN,23904,7204,5510,16066,14492,3869,3902,50.0,11.0,29.0,4.0,19.0,0.0,62.218,61.75,61.625,60.718,60.781,62.218
08-11-2026 23:29:39,5633,7607,1431,16384,33.0,99.0,17368,VDD_IN,29581,7211,8094,16076,17368,3871,4119,27.0,23.0,38.0,15.0,83.0,12.0,62.406,62.968,61.593,60.781,60.875,62.968
08-11-2026 23:29:40,5631,7607,1431,16384,34.5,98.0,17290,VDD_IN,29580,7219,8407,16084,17290,3871,3883,21.0,24.0,48.0,18.0,81.0,15.0,61.968,63.218,61.687,60.843,60.968,63.218
08-11-2026 23:29:41,5630,7607,1431,16384,34.333333333333336,97.0,15862,VDD_IN,26897,7219,7257,16082,15862,3870,3778,28.0,50.0,19.0,14.0,79.0,16.0,61.906,62.75,61.625,60.906,60.906,62.75
08-11-2026 23:29:42,6269,7607,1431,16384,18.666666666666668,11.0,15059,VDD_IN,24928,7210,5855,16075,15059,3871,4014,1.0,5.0,24.0,7.0,49.0,26.0,62.218,61.687,61.75,60.75,60.718,62.218
08-11-2026 23:29:43,5628,7607,1432,16384,27.666666666666668,99.0,17290,VDD_IN,29386,7215,7977,16084,17290,3873,4119,21.0,15.0,25.0,14.0,12.0,79.0,62.0,62.875,61.593,60.812,61.031,62.875
08-11-2026 23:29:44,5633,7607,1432,16384,41.166666666666664,97.0,17172,VDD_IN,29462,7223,8446,16091,17172,3873,3844,22.0,25.0,77.0,18.0,16.0,89.0,62.25,63.0,61.562,60.812,60.906,63.0
08-11-2026 23:29:45,5628,7607,1432,16384,32.833333333333336,97.0,16019,VDD_IN,27127,7224,7297,16091,16019,3872,3811,17.0,19.0,58.0,21.0,14.0,68.0,62.093,62.812,61.656,60.843,60.875,62.812
08-11-2026 23:29:46,6143,7607,1432,16384,16.5,22.0,15651,VDD_IN,26020,7217,6237,16088,15651,3874,4132,17.0,0.0,1.0,9.0,0.0,72.0,61.968,62.062,61.687,60.75,60.937,62.062
08-11-2026 23:29:47,5630,7607,1432,16384,30.0,99.0,17250,VDD_IN,29385,7223,8016,16095,17250,3876,4119,32.0,20.0,20.0,16.0,18.0,74.0,61.843,63.031,61.625,60.656,60.968,63.031
08-11-2026 23:29:48,5632,7607,1432,16384,36.0,97.0,16767,VDD_IN,28568,7228,7990,16100,16767,3875,3811,20.0,49.0,14.0,25.0,16.0,92.0,62.031,63.156,61.656,60.75,60.906,63.156
08-11-2026 23:29:49,6457,7607,1432,16384,29.0,98.0,15822,VDD_IN,26701,7226,7022,16098,15822,3875,3857,19.0,20.0,41.0,20.0,14.0,60.0,62.468,62.937,61.625,60.812,60.968,62.937
08-11-2026 23:29:50,6020,7607,1432,16384,26.5,21.0,16609,VDD_IN,27784,7224,6932,16101,16609,3877,4243,10.0,17.0,33.0,18.0,23.0,58.0,62.406,62.343,61.656,60.875,61.062,62.406
08-11-2026 23:29:51,5629,7607,1432,16384,31.666666666666668,99.0,17565,VDD_IN,29934,7231,8211,16111,17565,3879,4158,21.0,21.0,40.0,17.0,77.0,14.0,62.062,63.25,61.75,60.812,61.062,63.25
08-11-2026 23:29:52,5626,7607,1433,16384,32.666666666666664,98.0,17172,VDD_IN,29345,7238,8290,16118,17172,3879,3883,22.0,18.0,27.0,41.0,72.0,16.0,61.843,63.156,61.656,60.781,60.937,63.156
08-11-2026 23:29:53,5625,7607,1433,16384,32.333333333333336,97.0,16491,VDD_IN,28018,7240,7598,16120,16491,3880,3929,14.0,18.0,21.0,53.0,47.0,41.0,62.062,63.0,61.625,60.875,60.968,63.0
08-11-2026 23:29:54,6288,7607,1433,16384,17.5,17.0,15375,VDD_IN,25509,7232,6041,16115,15375,3881,4093,2.0,21.0,4.0,3.0,75.0,0.0,62.312,61.875,61.718,60.875,61.0,62.312
08-11-2026 23:29:55,5632,7607,1433,16384,36.0,99.0,17565,VDD_IN,29934,7238,8211,16124,17565,3883,4158,29.0,33.0,21.0,31.0,76.0,26.0,62.125,63.125,61.812,61.0,61.125,63.125
08-11-2026 23:29:56,5629,7607,1433,16384,33.166666666666664,97.0,17290,VDD_IN,29658,7246,8485,16132,17290,3883,3883,18.0,49.0,13.0,20.0,14.0,85.0,62.031,63.218,61.875,60.875,61.093,63.218
08-11-2026 23:29:57,5628,7607,1433,16384,26.166666666666668,98.0,16531,VDD_IN,28097,7249,7676,16134,16531,3883,3890,16.0,17.0,11.0,11.0,41.0,61.0,62.25,63.125,61.625,60.781,60.937,63.125
08-11-2026 23:29:58,6408,7607,1433,16384,20.333333333333332,44.0,14492,VDD_IN,24013,7239,5619,16124,14492,3883,3902,11.0,3.0,5.0,11.0,30.0,62.0,62.093,62.687,61.812,60.875,60.875,62.687
08-11-2026 23:29:59,5629,7607,1433,16384,25.833333333333332,99.0,17250,VDD_IN,29151,7241,7664,16131,17250,3885,4237,19.0,12.0,12.0,13.0,84.0,15.0,62.437,62.625,61.781,60.906,61.187,62.625
08-11-2026 23:30:00,5626,7607,1433,16384,30.166666666666668,98.0,17250,VDD_IN,29579,7249,8485,16138,17250,3885,3844,23.0,14.0,72.0,13.0,22.0,37.0,62.156,63.187,61.843,60.968,61.062,63.187
08-11-2026 23:30:01,5628,7607,1433,16384,34.0,97.0,16818,VDD_IN,28698,7254,7990,16142,16818,3885,3890,52.0,21.0,31.0,25.0,14.0,61.0,62.093,63.062,61.937,60.812,61.125,63.062
08-11-2026 23:30:02,6434,7607,1433,16384,28.0,97.0,15533,VDD_IN,26059,7250,6630,16138,15533,3885,3896,25.0,11.0,11.0,17.0,35.0,69.0,62.468,62.75,61.718,60.875,61.062,62.75
08-11-2026 23:30:03,5686,7607,1433,16384,22.5,99.0,17447,VDD_IN,29348,7252,7547,16146,17447,3888,4354,10.0,11.0,8.0,13.0,8.0,85.0,62.187,63.125,61.75,60.968,61.218,63.125
08-11-2026 23:30:04,5625,7607,1433,16384,34.833333333333336,97.0,17290,VDD_IN,29658,7259,8524,16153,17290,3887,3844,21.0,45.0,19.0,17.0,13.0,94.0,62.312,63.343,61.937,61.0,61.093,63.343
08-11-2026 23:30:05,5622,7607,1433,16384,28.166666666666668,97.0,16857,VDD_IN,28776,7264,8029,16157,16857,3887,3890,20.0,42.0,18.0,14.0,13.0,62.0,61.968,63.343,61.875,60.875,61.125,63.343
08-11-2026 23:30:06,6428,7607,1433,16384,30.0,98.0,14744,VDD_IN,24618,7257,6090,16149,14744,3887,3784,15.0,16.0,41.0,14.0,15.0,79.0,62.437,62.781,61.718,60.906,60.968,62.781
08-11-2026 23:30:07,5630,7607,1433,16384,23.333333333333332,99.0,17290,VDD_IN,29034,7258,7390,16155,17290,3890,4354,15.0,10.0,10.0,10.0,9.0,86.0,62.531,62.562,61.812,60.937,61.156,62.562
08-11-2026 23:30:08,5629,7607,1433,16384,34.666666666666664,97.0,17447,VDD_IN,29971,7266,8641,16163,17447,3890,3883,44.0,22.0,22.0,20.0,24.0,76.0,61.968,63.281,61.906,61.0,61.093,63.281
08-11-2026 23:30:09,5627,7607,1433,16384,31.0,97.0,16936,VDD_IN,28933,7270,8107,16167,16936,3890,3890,23.0,23.0,18.0,14.0,39.0,69.0,62.125,63.125,61.781,61.062,61.093,63.125
08-11-2026 23:30:10,6420,7607,1433,16384,26.166666666666668,98.0,14784,VDD_IN,24776,7264,6208,16159,14784,3889,3784,9.0,38.0,12.0,11.0,8.0,79.0,62.406,62.718,61.843,60.875,61.125,62.718
08-11-2026 23:30:11,5646,7607,1433,16384,30.0,99.0,17447,VDD_IN,29348,7266,7547,16167,17447,3892,4354,18.0,35.0,14.0,14.0,13.0,86.0,62.343,62.906,61.718,60.875,61.156,62.906
08-11-2026 23:30:12,5617,7607,1437,16384,40.166666666666664,98.0,17447,VDD_IN,29932,7274,8641,16174,17447,3891,3844,80.0,44.0,33.0,24.0,24.0,36.0,62.187,63.625,61.812,60.906,61.312,63.625
08-11-2026 23:30:13,5626,7607,1437,16384,29.666666666666668,98.0,16806,VDD_IN,28647,7278,7990,16178,16806,3891,3851,67.0,16.0,16.0,16.0,21.0,42.0,62.093,63.468,61.875,60.968,61.218,63.468
08-11-2026 23:30:14,6430,7607,1437,16384,25.166666666666668,98.0,14610,VDD_IN,24366,7271,5972,16169,14610,3891,3784,42.0,38.0,10.0,7.0,47.0,7.0,62.781,62.875,61.843,61.031,61.062,62.875
08-11-2026 23:30:15,5633,7607,1437,16384,24.333333333333332,99.0,17329,VDD_IN,29073,7271,7390,16175,17329,3893,4354,11.0,17.0,14.0,11.0,86.0,7.0,62.5,62.875,62.0,60.968,61.312,62.875
08-11-2026 23:30:16,5629,7607,1437,16384,30.5,97.0,17368,VDD_IN,29775,7278,8524,16182,17368,3893,3883,19.0,18.0,37.0,13.0,80.0,16.0,62.031,63.531,62.0,60.968,61.156,63.531
08-11-2026 23:30:17,5632,7607,1437,16384,37.0,97.0,17093,VDD_IN,29201,7283,8225,16187,17093,3893,3883,33.0,22.0,29.0,50.0,43.0,45.0,62.25,63.218,61.875,60.968,61.156,63.218
08-11-2026 23:30:18,6457,7607,1437,16384,29.5,97.0,15783,VDD_IN,26544,7281,6865,16185,15783,3893,3896,19.0,14.0,17.0,42.0,14.0,71.0,62.75,62.906,61.781,61.062,61.156,62.906
08-11-2026 23:30:19,5830,7607,1437,16384,18.833333333333332,25.0,16897,VDD_IN,28347,7280,7167,16189,16897,3895,4283,9.0,2.0,8.0,10.0,4.0,80.0,62.187,62.468,62.031,60.968,61.187,62.468
08-11-2026 23:30:20,5626,7607,1437,16384,28.0,99.0,17486,VDD_IN,29933,7287,8485,16196,17486,3896,3962,18.0,14.0,13.0,30.0,14.0,79.0,62.218,63.343,61.937,60.843,61.125,63.343
08-11-2026 23:30:21,5626,7607,1437,16384,31.833333333333332,98.0,17172,VDD_IN,29305,7292,8250,16201,17172,3895,3883,27.0,28.0,11.0,18.0,50.0,57.0,62.281,63.687,61.843,60.906,61.156,63.687
08-11-2026 23:30:22,6455,7607,1437,16384,32.666666666666664,97.0,15744,VDD_IN,26622,7291,7061,16198,15744,3895,3817,34.0,17.0,18.0,21.0,61.0,45.0,62.75,63.343,61.875,61.062,61.218,63.343
08-11-2026 23:30:23,5994,7607,1437,16384,24.0,18.0,16609,VDD_IN,27784,7289,6932,16201,16609,3897,4243,58.0,4.0,12.0,9.0,40.0,21.0,62.625,62.687,61.937,61.125,61.125,62.687
08-11-2026 23:30:24,5627,7607,1437,16384,32.0,99.0,17604,VDD_IN,30012,7294,8250,16208,17604,3898,4158,19.0,21.0,22.0,19.0,24.0,87.0,62.25,63.187,62.093,61.0,61.312,63.187
08-11-2026 23:30:25,5626,7607,1437,16384,31.166666666666668,97.0,17172,VDD_IN,29345,7299,8290,16213,17172,3898,3883,18.0,55.0,15.0,21.0,42.0,36.0,62.125,63.406,61.812,61.0,61.25,63.406
08-11-2026 23:30:26,5626,7607,1437,16384,33.166666666666664,98.0,16609,VDD_IN,28214,7301,7676,16215,16609,3898,3929,39.0,19.0,20.0,22.0,50.0,49.0,62.406,63.281,61.812,61.031,61.281,63.281
08-11-2026 23:30:27,6269,7607,1437,16384,17.666666666666668,18.0,15335,VDD_IN,25401,7295,6012,16211,15335,3899,4054,71.0,1.0,4.0,9.0,19.0,2.0,62.437,62.125,61.968,61.0,61.093,62.156
08-11-2026 23:30:28,5631,7607,1436,16384,34.833333333333336,99.0,17565,VDD_IN,29895,7299,8172,16218,17565,3901,4158,46.0,25.0,22.0,22.0,74.0,20.0,62.593,63.312,61.937,61.156,61.25,63.312
08-11-2026 23:30:29,5629,7607,1436,16384,35.166666666666664,97.0,17172,VDD_IN,29384,7305,8368,16223,17172,3900,3844,30.0,14.0,41.0,19.0,14.0,93.0,62.187,63.5,62.031,60.906,61.062,63.5
08-11-2026 23:30:30,5623,7607,1436,16384,34.0,97.0,16334,VDD_IN,27744,7306,7559,16223,16334,3900,3851,17.0,20.0,56.0,17.0,15.0,79.0,62.25,63.187,61.781,60.937,61.062,63.187
08-11-2026 23:30:31,6307,7607,1436,16384,20.0,12.0,15296,VDD_IN,25401,7300,6051,16218,15296,3901,4054,2.0,2.0,36.0,1.0,4.0,75.0,62.687,61.937,61.843,60.968,61.0,62.687
08-11-2026 23:30:32,5626,7607,1436,16384,27.833333333333332,99.0,17290,VDD_IN,29386,7303,7977,16224,17290,3902,4119,15.0,16.0,19.0,16.0,20.0,81.0,62.093,63.156,61.937,61.062,61.156,63.156
08-11-2026 23:30:33,5629,7607,1436,16384,35.5,98.0,17290,VDD_IN,29619,7309,8446,16229,17290,3902,3883,24.0,41.0,17.0,23.0,18.0,90.0,62.187,63.187,61.937,60.937,61.125,63.187
08-11-2026 23:30:34,5628,7607,1436,16384,36.833333333333336,99.0,16846,VDD_IN,28647,7312,7872,16232,16846,3902,3929,17.0,59.0,31.0,29.0,17.0,68.0,62.156,63.187,61.812,60.968,61.125,63.187
08-11-2026 23:30:35,6377,7607,1436,16384,19.0,7.0,14294,VDD_IN,23628,7302,5471,16223,14294,3902,3863,10.0,30.0,2.0,4.0,26.0,42.0,62.031,61.718,61.875,60.968,60.968,62.031
08-11-2026 23:30:36,5629,7607,1436,16384,31.0,99.0,17329,VDD_IN,29464,7306,7977,16228,17329,3903,4158,20.0,19.0,21.0,22.0,85.0,19.0,62.343,63.156,61.906,61.031,61.156,63.343
08-11-2026 23:30:37,5627,7607,1436,16384,32.833333333333336,97.0,17172,VDD_IN,29384,7311,8368,16233,17172,3903,3844,17.0,39.0,13.0,22.0,93.0,13.0,61.937,63.468,61.906,60.968,61.125,63.468
08-11-2026 23:30:38,5628,7607,1436,16384,28.5,98.0,16688,VDD_IN,28411,7314,7833,16235,16688,3903,3890,45.0,16.0,13.0,57.0,28.0,12.0,62.031,63.437,61.906,60.968,61.25,63.437
08-11-2026 23:30:39,6392,7607,1436,16384,25.166666666666668,4.0,14097,VDD_IN,23233,7304,5352,16225,14097,3902,3784,6.0,9.0,33.0,42.0,40.0,21.0,62.093,62.0,62.062,60.875,60.843,62.093
08-11-2026 23:30:40,5627,7607,1436,16384,30.666666666666668,99.0,17290,VDD_IN,29425,7307,7977,16230,17290,3903,4158,20.0,19.0,22.0,20.0,86.0,17.0,62.156,63.437,61.75,60.875,61.125,63.437
08-11-2026 23:30:41,5628,7607,1436,16384,33.166666666666664,98.0,17172,VDD_IN,29384,7313,8368,16234,17172,3903,3844,15.0,18.0,42.0,21.0,93.0,10.0,62.187,63.5,61.968,60.937,61.125,63.5
08-11-2026 23:30:42,5627,7607,1436,16384,36.166666666666664,99.0,16818,VDD_IN,28698,7316,7990,16237,16818,3903,3890,27.0,27.0,23.0,48.0,71.0,21.0,62.031,63.093,61.875,61.031,61.093,63.093
08-11-2026 23:30:43,6397,7607,1436,16384,17.833333333333332,6.0,14176,VDD_IN,23391,7306,5352,16227,14176,3903,3863,28.0,3.0,6.0,8.0,42.0,20.0,62.0,61.875,61.875,60.812,60.968,62.0
08-11-2026 23:30:44,5633,7607,1436,16384,31.666666666666668,99.0,17526,VDD_IN,29740,7310,7977,16234,17526,3904,4237,21.0,17.0,19.0,23.0,23.0,87.0,62.562,62.843,61.75,60.937,61.187,62.843
08-11-2026 23:30:45,5627,7607,1436,16384,30.666666666666668,98.0,17408,VDD_IN,29854,7316,8563,16239,17408,3904,3883,16.0,39.0,22.0,19.0,12.0,76.0,62.125,63.406,61.937,60.906,61.031,63.406
08-11-2026 23:30:46,5624,7607,1436,16384,33.333333333333336,97.0,16975,VDD_IN,28959,7319,8094,16243,16975,3904,3890,22.0,55.0,19.0,22.0,37.0,45.0,62.093,63.25,61.75,60.968,61.062,63.25
08-11-2026 23:30:47,6445,7607,1436,16384,28.5,97.0,15769,VDD_IN,26530,7317,6865,16240,15769,3904,3896,27.0,11.0,12.0,37.0,68.0,16.0,62.343,63.25,61.875,61.0,61.125,63.25
08-11-2026 23:30:48,5785,7607,1436,16384,22.166666666666668,98.0,17447,VDD_IN,29308,7318,7507,16246,17447,3906,4354,26.0,8.0,5.0,8.0,3.0,83.0,62.281,63.093,61.906,60.875,61.25,63.093
08-11-2026 23:30:49,5630,7607,1436,16384,30.333333333333332,99.0,17526,VDD_IN,30090,7324,8602,16252,17526,3907,3962,39.0,19.0,17.0,19.0,16.0,72.0,62.218,63.125,61.781,60.875,61.062,63.125
08-11-2026 23:30:50,5631,7607,1436,16384,39.666666666666664,98.0,16924,VDD_IN,28843,7328,8068,16255,16924,3906,3851,21.0,26.0,90.0,23.0,24.0,54.0,62.25,63.093,61.781,60.875,61.093,63.093
08-11-2026 23:30:51,6459,7607,1436,16384,31.666666666666668,98.0,16098,VDD_IN,27206,7327,7179,16255,16098,3906,3929,18.0,19.0,69.0,16.0,55.0,13.0,62.593,62.906,61.906,60.968,61.125,62.906
08-11-2026 23:30:52,5930,7607,1436,16384,19.5,15.0,16491,VDD_IN,27588,7325,6893,16256,16491,3908,4204,10.0,16.0,61.0,7.0,21.0,2.0,62.093,62.343,61.843,60.843,61.093,62.343
08-11-2026 23:30:53,5631,7607,1436,16384,27.833333333333332,99.0,17643,VDD_IN,30051,7329,8250,16262,17643,3909,4158,16.0,17.0,17.0,15.0,30.0,72.0,62.187,63.156,62.031,60.75,61.125,63.156
08-11-2026 23:30:54,5632,7607,1436,16384,31.833333333333332,97.0,16846,VDD_IN,28765,7332,8068,16265,16846,3909,3851,46.0,18.0,14.0,13.0,84.0,16.0,62.093,63.125,61.781,60.906,61.093,63.125
08-11-2026 23:30:55,6459,7607,1436,16384,34.5,98.0,15533,VDD_IN,26176,7330,6826,16261,15533,3908,3817,15.0,23.0,44.0,30.0,39.0,56.0,62.656,62.656,61.75,61.0,61.093,62.656
08-11-2026 23:30:56,5899,7607,1436,16384,19.666666666666668,17.0,16897,VDD_IN,28308,7329,7128,16264,16897,3910,4283,3.0,2.0,22.0,7.0,4.0,80.0,62.5,62.281,61.875,60.812,61.125,62.5
08-11-2026 23:30:57,5630,7607,1436,16384,33.666666666666664,99.0,17408,VDD_IN,29854,7335,8602,16269,17408,3910,3844,20.0,21.0,34.0,73.0,19.0,35.0,62.125,63.312,61.625,60.843,61.125,63.312
08-11-2026 23:30:58,5631,7607,1436,16384,34.5,97.0,17133,VDD_IN,29227,7339,8211,16273,17133,3910,3883,25.0,38.0,20.0,74.0,28.0,22.0,62.187,63.187,61.75,60.906,61.125,63.187
08-11-2026 23:30:59,6455,7607,1436,16384,32.333333333333336,99.0,15611,VDD_IN,26293,7337,6865,16270,15611,3909,3817,17.0,17.0,14.0,80.0,50.0,16.0,62.562,62.968,61.75,60.906,61.062,62.968
08-11-2026 23:31:00,5909,7607,1436,16384,20.666666666666668,20.0,16806,VDD_IN,28099,7336,7050,16273,16806,3911,4243,7.0,14.0,3.0,6.0,81.0,13.0,62.375,62.468,61.812,61.0,61.125,62.468
08-11-2026 23:31:01,5630,7607,1436,16384,34.833333333333336,99.0,17565,VDD_IN,30013,7340,8329,16279,17565,3912,4119,23.0,24.0,24.0,26.0,88.0,24.0,62.125,63.062,61.875,60.875,61.25,63.062
08-11-2026 23:31:02,5629,7607,1436,16384,32.0,98.0,16688,VDD_IN,28450,7343,7951,16280,16688,3911,3811,46.0,12.0,14.0,18.0,50.0,52.0,62.093,62.968,61.718,60.781,61.031,62.968
08-11-2026 23:31:03,6444,7607,1436,16384,29.333333333333332,97.0,15257,VDD_IN,25676,7340,6641,16276,15257,3910,3778,18.0,42.0,13.0,15.0,48.0,40.0,62.75,62.75,61.656,60.937,61.031,62.75
08-11-2026 23:31:04,5815,7607,1436,16384,21.0,58.0,16936,VDD_IN,28414,7339,7195,16279,16936,3912,4283,16.0,5.0,7.0,8.0,81.0,9.0,62.187,62.437,61.875,60.906,61.093,62.437
08-11-2026 23:31:05,5627,7607,1436,16384,29.5,99.0,17290,VDD_IN,29620,7344,8407,16283,17290,3912,3923,35.0,17.0,18.0,19.0,73.0,15.0,62.25,63.093,61.843,60.812,61.125,63.093
08-11-2026 23:31:06,5634,7607,1436,16384,35.333333333333336,98.0,17015,VDD_IN,29045,7347,8186,16286,17015,3912,3844,47.0,26.0,22.0,29.0,71.0,17.0,61.875,63.0,61.875,60.843,61.031,63.0
08-11-2026 23:31:07,6448,7607,1436,16384,30.0,97.0,15217,VDD_IN,25596,7344,6601,16282,15217,3911,3778,14.0,13.0,44.0,15.0,79.0,15.0,62.5,62.781,61.625,60.843,60.968,62.781
08-11-2026 23:31:08,5844,7607,1436,16384,19.666666666666668,34.0,16964,VDD_IN,28375,7343,7128,16285,16964,3913,4283,25.0,6.0,10.0,8.0,63.0,6.0,62.718,62.656,61.75,60.843,61.125,62.718
08-11-2026 23:31:09,5629,7607,1436,16384,32.333333333333336,99.0,17447,VDD_IN,29933,7348,8485,16290,17447,3913,4001,22.0,20.0,38.0,20.0,76.0,18.0,62.031,63.343,61.718,60.968,61.125,63.343
08-11-2026 23:31:10,5627,7607,1436,16384,28.5,98.0,16818,VDD_IN,28698,7351,8029,16292,16818,3913,3851,41.0,12.0,73.0,11.0,15.0,19.0,62.093,63.468,61.781,60.812,61.031,63.468
08-11-2026 23:31:11,6439,7607,1436,16384,35.0,98.0,15862,VDD_IN,26779,7350,7100,16290,15862,3913,3817,18.0,17.0,80.0,17.0,59.0,19.0,62.375,63.187,61.875,60.812,60.906,63.187
08-11-2026 23:31:12,5977,7607,1436,16384,33.666666666666664,17.0,16688,VDD_IN,27902,7348,6971,16292,16688,3914,4243,41.0,23.0,44.0,24.0,55.0,15.0,62.031,62.593,61.718,60.843,61.0,62.593
08-11-2026 23:31:13,5628,7607,1436,16384,30.333333333333332,99.0,17526,VDD_IN,29856,7352,8211,16297,17526,3915,4119,25.0,16.0,18.0,17.0,27.0,79.0,62.437,63.031,61.656,60.875,61.156,63.031
08-11-2026 23:31:14,5626,7607,1436,16384,34.666666666666664,97.0,17093,VDD_IN,29226,7356,8250,16300,17093,3915,3883,19.0,53.0,20.0,20.0,16.0,80.0,61.968,63.25,61.812,60.937,61.031,63.25
08-11-2026 23:31:15,6396,7607,1436,16384,35.666666666666664,98.0,16570,VDD_IN,28097,7357,7637,16301,16570,3915,3890,22.0,61.0,25.0,17.0,18.0,71.0,62.125,63.093,61.718,60.843,61.125,63.093
08-11-2026 23:31:16,6280,7607,1436,16384,19.0,17.0,15454,VDD_IN,25627,7352,6080,16298,15454,3915,4093,35.0,3.0,5.0,3.0,0.0,68.0,62.0,62.0,61.937,60.843,61.0,62.0
08-11-2026 23:31:17,5637,7607,1436,16384,33.833333333333336,99.0,17447,VDD_IN,29660,7354,8055,16303,17447,3916,4158,42.0,23.0,24.0,24.0,18.0,72.0,62.093,63.312,61.625,60.843,61.031,63.312
08-11-2026 23:31:18,5630,7607,1436,16384,33.0,97.0,17015,VDD_IN,29045,7358,8225,16306,17015,3916,3805,17.0,17.0,47.0,16.0,87.0,14.0,62.093,63.125,61.687,60.781,60.906,63.125
08-11-2026 23:31:19,5634,7607,1436,16384,30.166666666666668,97.0,16334,VDD_IN,27783,7359,7559,16306,16334,3916,3890,46.0,20.0,39.0,20.0,39.0,17.0,61.906,62.937,61.687,60.875,61.031,62.937
08-11-2026 23:31:20,6317,7607,1436,16384,17.0,7.0,14981,VDD_IN,24810,7353,5815,16300,14981,3916,4014,50.0,3.0,8.0,24.0,16.0,1.0,62.093,61.812,61.781,60.812,60.906,62.093
08-11-2026 23:31:21,5628,7607,1436,16384,27.666666666666668,99.0,17133,VDD_IN,29112,7355,7899,16304,17133,3917,4080,16.0,19.0,15.0,24.0,12.0,80.0,62.093,63.062,61.875,60.812,61.0,63.062
08-11-2026 23:31:22,5630,7607,1436,16384,34.166666666666664,98.0,17329,VDD_IN,29658,7359,8446,16308,17329,3917,3883,22.0,19.0,16.0,49.0,14.0,85.0,62.062,63.187,61.718,60.875,61.031,63.187
08-11-2026 23:31:23,5630,7607,1436,16384,34.833333333333336,97.0,16688,VDD_IN,28411,7361,7833,16309,16688,3917,3890,22.0,25.0,20.0,57.0,13.0,72.0,62.281,63.093,61.625,60.937,60.937,63.093
08-11-2026 23:31:24,6422,7607,1436,16384,23.0,97.0,15099,VDD_IN,25243,7356,6208,16305,15099,3917,3936,13.0,7.0,8.0,43.0,4.0,63.0,62.218,62.812,61.781,60.906,60.968,62.812
08-11-2026 23:31:25,5629,7607,1436,16384,26.833333333333332,99.0,17408,VDD_IN,29230,7357,7507,16309,17408,3918,4315,12.0,26.0,13.0,15.0,9.0,86.0,62.281,62.843,61.906,60.812,61.156,62.843
08-11-2026 23:31:26,5629,7607,1436,16384,32.5,97.0,17368,VDD_IN,29814,7362,8563,16313,17368,3918,3883,17.0,40.0,17.0,24.0,14.0,83.0,62.062,63.343,61.875,60.843,61.093,63.343
08-11-2026 23:31:27,5630,7607,1436,16384,31.166666666666668,97.0,16452,VDD_IN,28018,7363,7755,16314,16452,3918,3811,19.0,15.0,47.0,14.0,76.0,16.0,61.968,63.312,61.625,60.875,60.937,63.312
08-11-2026 23:31:28,6412,7607,1436,16384,27.0,98.0,14176,VDD_IN,23549,7357,5628,16305,14176,3917,3745,14.0,13.0,37.0,16.0,38.0,44.0,62.375,62.531,61.843,60.875,60.843,62.531
08-11-2026 23:31:29,5635,7607,1436,16384,29.166666666666668,99.0,17329,VDD_IN,29308,7358,7703,16309,17329,3918,4276,14.0,24.0,20.0,18.0,13.0,86.0,62.187,62.875,61.906,61.0,61.125,62.875
08-11-2026 23:31:30,5631,7607,1437,16384,34.5,98.0,17408,VDD_IN,29854,7363,8602,16314,17408,3918,3844,20.0,50.0,19.0,20.0,17.0,81.0,62.093,63.187,61.968,60.812,61.062,63.187
08-11-2026 23:31:31,5640,7607,1437,16384,31.166666666666668,97.0,16857,VDD_IN,28776,7365,8029,16316,16857,3918,3890,47.0,15.0,16.0,19.0,30.0,60.0,62.031,63.187,61.625,60.781,61.031,63.187
08-11-2026 23:31:32,6436,7607,1437,16384,24.0,98.0,14413,VDD_IN,24022,7360,5864,16308,14413,3917,3745,37.0,7.0,10.0,8.0,48.0,34.0,62.468,62.5,61.718,60.937,61.0,62.5
08-11-2026 23:31:33,5631,7607,1439,16384,27.833333333333332,99.0,17408,VDD_IN,29309,7360,7547,16313,17408,3919,4354,16.0,31.0,69.0,11.0,12.0,28.0,62.5,62.687,61.812,60.937,61.156,62.687
08-11-2026 23:31:34,5629,7607,1439,16384,35.166666666666664,97.0,17211,VDD_IN,29540,7365,8485,16316,17211,3919,3844,20.0,72.0,18.0,20.0,59.0,22.0,61.843,63.25,61.781,61.031,61.093,63.25
08-11-2026 23:31:35,5635,7607,1439,16384,30.833333333333332,98.0,16846,VDD_IN,28726,7367,7990,16318,16846,3919,3890,21.0,17.0,24.0,17.0,64.0,42.0,62.031,63.187,61.656,60.812,61.062,63.187
08-11-2026 23:31:36,6446,7607,1439,16384,28.166666666666668,98.0,15744,VDD_IN,26506,7365,6826,16316,15744,3919,3936,20.0,12.0,14.0,11.0,63.0,49.0,62.593,63.25,61.625,60.875,61.031,63.25
08-11-2026 23:31:37,5746,7607,1439,16384,24.0,98.0,17486,VDD_IN,29426,7366,7586,16320,17486,3920,4354,64.0,24.0,7.0,13.0,25.0,11.0,62.593,63.406,61.718,60.906,61.0,63.406
08-11-2026 23:31:38,5631,7607,1439,16384,30.333333333333332,99.0,17368,VDD_IN,29775,7370,8563,16324,17368,3920,3844,18.0,17.0,14.0,74.0,22.0,37.0,62.093,63.25,61.875,60.937,61.093,63.25
08-11-2026 23:31:39,5639,7607,1439,16384,43.0,97.0,16857,VDD_IN,28894,7374,8186,16326,16857,3920,3851,31.0,87.0,21.0,34.0,20.0,65.0,61.968,62.968,61.718,60.812,61.125,62.968
08-11-2026 23:31:40,6458,7607,1439,16384,32.333333333333336,97.0,15744,VDD_IN,26623,7372,6983,16324,15744,3920,3896,27.0,44.0,15.0,19.0,36.0,53.0,62.406,62.718,61.75,60.875,61.0,62.812
08-11-2026 23:31:41,5824,7607,1439,16384,19.166666666666668,13.0,16857,VDD_IN,28228,7371,7128,16326,16857,3921,4243,68.0,6.0,8.0,5.0,23.0,5.0,62.093,62.593,61.781,60.875,61.031,62.593
08-11-2026 23:31:42,5633,7607,1439,16384,31.666666666666668,99.0,17408,VDD_IN,29855,7375,8524,16330,17408,3921,3923,39.0,23.0,17.0,22.0,74.0,15.0,62.375,63.312,61.718,60.968,61.062,63.312
08-11-2026 23:31:43,5635,7607,1439,16384,34.666666666666664,98.0,17093,VDD_IN,29187,7379,8211,16333,17093,3921,3883,36.0,50.0,19.0,20.0,66.0,17.0,61.937,63.281,61.843,60.906,61.0,63.281
08-11-2026 23:31:44,6460,7607,1439,16384,38.166666666666664,98.0,16452,VDD_IN,28018,7380,7676,16334,16452,3921,3890,41.0,24.0,29.0,26.0,59.0,50.0,62.437,62.875,61.843,60.875,61.156,62.875
08-11-2026 23:31:45,6052,7607,1439,16384,21.833333333333332,17.0,15940,VDD_IN,26584,7376,6512,16332,15940,3922,4132,23.0,7.0,6.0,14.0,6.0,75.0,62.156,61.968,61.562,60.875,61.0,62.156
08-11-2026 23:31:46,5630,7607,1439,16384,28.5,99.0,17368,VDD_IN,29581,7379,8094,16336,17368,3922,4119,25.0,15.0,21.0,74.0,19.0,17.0,62.093,63.0,61.812,60.937,61.125,63.0
08-11-2026 23:31:47,5630,7607,1437,16384,33.0,98.0,17172,VDD_IN,29384,7383,8329,16339,17172,3922,3883,45.0,15.0,50.0,22.0,54.0,12.0,62.25,63.25,61.718,61.0,61.031,63.25
08-11-2026 23:31:48,5631,7607,1437,16384,35.0,97.0,16818,VDD_IN,28619,7384,7872,16341,16818,3922,3929,20.0,22.0,20.0,59.0,48.0,41.0,62.062,63.062,61.812,60.875,61.125,63.062
08-11-2026 23:31:50,6348,7607,1437,16384,17.833333333333332,8.0,14862,VDD_IN,24540,7378,5697,16335,14862,3922,3981,24.0,25.0,6.0,2.0,50.0,0.0,62.031,62.062,61.875,60.875,60.937,62.062
08-11-2026 23:31:51,5637,7607,1437,16384,31.833333333333332,99.0,17290,VDD_IN,29464,7381,8055,16339,17290,3923,4119,27.0,83.0,20.0,16.0,27.0,18.0,62.062,63.343,61.625,60.875,61.125,63.343
08-11-2026 23:31:52,5635,7607,1437,16384,30.333333333333332,98.0,17250,VDD_IN,29579,7385,8446,16342,17250,3923,3883,42.0,24.0,17.0,19.0,68.0,12.0,62.093,63.375,61.781,60.968,61.062,63.375
08-11-2026 23:31:53,5632,7607,1437,16384,32.0,97.0,16570,VDD_IN,28137,7386,7716,16343,16570,3923,3851,22.0,31.0,17.0,65.0,41.0,16.0,62.187,63.343,61.625,60.906,61.062,63.343
08-11-2026 23:31:54,6413,7607,1437,16384,19.5,39.0,14689,VDD_IN,24406,7380,5815,16337,14689,3923,3902,5.0,30.0,5.0,67.0,6.0,4.0,62.218,62.656,61.843,60.781,60.937,62.656
08-11-2026 23:31:55,5630,7607,1437,16384,28.0,99.0,17290,VDD_IN,29191,7381,7625,16340,17290,3924,4276,13.0,15.0,19.0,86.0,13.0,22.0,62.218,62.937,61.812,60.75,61.156,62.937
08-11-2026 23:31:56,5635,7607,1437,16384,34.5,98.0,17526,VDD_IN,30090,7386,8681,16345,17526,3924,3883,18.0,16.0,72.0,25.0,56.0,20.0,62.406,63.687,61.718,60.843,61.093,63.687
08-11-2026 23:31:57,5634,7607,1437,16384,34.833333333333336,97.0,17054,VDD_IN,29109,7388,8172,16347,17054,3924,3883,18.0,73.0,20.0,19.0,56.0,23.0,62.156,63.25,61.687,60.937,61.062,63.25
08-11-2026 23:31:58,6465,7607,1437,16384,28.5,97.0,16058,VDD_IN,27126,7387,7100,16346,16058,3924,3968,16.0,71.0,23.0,14.0,29.0,18.0,62.5,62.906,61.718,60.968,61.125,62.906
08-11-2026 23:31:59,5915,7607,1437,16384,20.166666666666668,17.0,16857,VDD_IN,28229,7386,7089,16348,16857,3925,4283,5.0,22.0,61.0,3.0,5.0,25.0,62.093,62.406,61.75,60.781,61.125,62.406
08-11-2026 23:32:00,5635,7607,1437,16384,32.833333333333336,99.0,17643,VDD_IN,30130,7390,8329,16353,17643,3926,4158,26.0,79.0,20.0,20.0,19.0,33.0,62.25,63.062,61.937,60.843,61.25,63.062
08-11-2026 23:32:01,5633,7607,1437,16384,30.166666666666668,97.0,17133,VDD_IN,29266,7393,8250,16355,17133,3926,3883,55.0,36.0,17.0,14.0,37.0,22.0,62.031,63.343,61.75,60.843,61.125,63.343
08-11-2026 23:32:02,5637,7607,1437,16384,36.833333333333336,98.0,16740,VDD_IN,28463,7394,7794,16357,16740,3926,3929,33.0,26.0,25.0,68.0,23.0,46.0,62.25,63.312,61.781,60.906,61.031,63.312
08-11-2026 23:32:03,6303,7607,1437,16384,16.666666666666668,17.0,15178,VDD_IN,25126,7389,5894,16353,15178,3926,4054,3.0,5.0,2.0,21.0,20.0,49.0,62.187,62.281,61.812,60.906,61.0,62.281
08-11-2026 23:32:04,5638,7607,1437,16384,27.0,99.0,17290,VDD_IN,29386,7391,7977,16356,17290,3927,4119,15.0,13.0,18.0,80.0,20.0,16.0,62.093,63.093,61.812,60.875,61.125,63.093
08-11-2026 23:32:05,5641,7607,1437,16384,34.666666666666664,97.0,17133,VDD_IN,29306,7394,8329,16359,17133,3927,3844,21.0,18.0,32.0,91.0,31.0,15.0,62.218,63.125,61.781,60.906,61.031,63.125
08-11-2026 23:32:06,5636,7607,1437,16384,37.5,97.0,16728,VDD_IN,28451,7396,7833,16360,16728,3926,3890,67.0,19.0,23.0,34.0,60.0,22.0,62.093,62.968,61.687,60.812,61.125,62.968
08-11-2026 23:32:07,6347,7607,1437,16384,37.5,12.0,15454,VDD_IN,25705,7392,6237,16357,15454,3927,4014,78.0,24.0,31.0,30.0,23.0,39.0,62.093,61.843,61.75,60.906,61.031,62.093
08-11-2026 23:32:08,5637,7607,1437,16384,32.166666666666664,99.0,17368,VDD_IN,29542,7394,8055,16360,17368,3927,4119,86.0,20.0,20.0,18.0,20.0,29.0,62.218,63.125,61.781,60.968,61.218,63.125
08-11-2026 23:32:09,5635,7607,1437,16384,33.166666666666664,97.0,17133,VDD_IN,29306,7397,8329,16363,17133,3927,3844,24.0,16.0,30.0,81.0,32.0,16.0,62.062,63.156,61.812,61.0,61.125,63.156
08-11-2026 23:32:10,5635,7607,1437,16384,32.333333333333336,97.0,16857,VDD_IN,28737,7399,7951,16365,16857,3927,3929,37.0,18.0,16.0,70.0,28.0,25.0,61.968,63.031,61.781,60.843,61.125,63.031
08-11-2026 23:32:11,6410,7607,1437,16384,19.166666666666668,51.0,14689,VDD_IN,24328,7393,5737,16359,14689,3927,3902,46.0,10.0,6.0,28.0,19.0,6.0,62.125,62.312,61.75,60.875,60.937,62.312
08-11-2026 23:32:12,5631,7607,1437,16384,31.333333333333332,99.0,17329,VDD_IN,29269,7394,7664,16362,17329,3928,4276,23.0,21.0,18.0,24.0,86.0,16.0,62.281,62.812,61.687,60.875,61.187,62.812
08-11-2026 23:32:13,5636,7607,1437,16384,37.0,98.0,17486,VDD_IN,30010,7399,8641,16366,17486,3928,3883,24.0,26.0,20.0,24.0,46.0,82.0,62.375,63.531,61.812,60.875,61.125,63.531
08-11-2026 23:32:14,5634,7607,1437,16384,31.833333333333332,97.0,16975,VDD_IN,28965,7401,8107,16368,16975,3928,3883,23.0,12.0,44.0,23.0,48.0,41.0,62.25,63.375,61.843,61.062,61.125,63.375
08-11-2026 23:32:15,6453,7607,1437,16384,25.833333333333332,98.0,15611,VDD_IN,26254,7399,6747,16365,15611,3928,3896,37.0,14.0,45.0,17.0,31.0,11.0,62.343,63.093,61.843,60.875,61.125,63.093
08-11-2026 23:32:16,5763,7607,1437,16384,21.333333333333332,82.0,17329,VDD_IN,29112,7399,7429,16369,17329,3929,4354,10.0,9.0,8.0,11.0,82.0,8.0,62.343,63.156,61.843,60.843,61.125,63.156
08-11-2026 23:32:17,5635,7607,1437,16384,28.333333333333332,99.0,17408,VDD_IN,29855,7403,8524,16372,17408,3929,3923,13.0,16.0,16.0,17.0,75.0,33.0,62.0,63.281,61.781,60.906,61.125,63.281
08-11-2026 23:32:18,5641,7607,1437,16384,37.333333333333336,97.0,17290,VDD_IN,29541,7406,8368,16375,17290,3929,3883,22.0,25.0,32.0,27.0,43.0,75.0,62.468,63.281,61.781,60.968,61.125,63.281
08-11-2026 23:32:19,6212,7607,1437,16384,34.5,97.0,16609,VDD_IN,28175,7406,7598,16376,16609,3929,3968,24.0,20.0,20.0,60.0,14.0,69.0,62.531,63.093,61.906,61.062,61.125,63.093
08-11-2026 23:32:20,6144,7607,1437,16384,19.5,17.0,15940,VDD_IN,26578,7403,6473,16374,15940,3930,4165,29.0,4.0,56.0,4.0,24.0,0.0,62.312,62.218,62.062,60.937,61.125,62.312
08-11-2026 23:32:21,5633,7607,1437,16384,25.5,88.0,17290,VDD_IN,29386,7405,7977,16377,17290,3931,4119,25.0,14.0,13.0,13.0,76.0,12.0,62.25,63.187,61.687,61.0,61.093,63.187
08-11-2026 23:32:22,5632,7607,1437,16384,29.833333333333332,97.0,17133,VDD_IN,29345,7408,8329,16380,17133,3930,3883,40.0,18.0,15.0,13.0,77.0,16.0,62.062,63.562,61.75,61.0,61.125,63.562
08-11-2026 23:32:23,5631,7607,1437,16384,30.166666666666668,97.0,16609,VDD_IN,28214,7409,7676,16381,16609,3930,3929,53.0,16.0,12.0,16.0,33.0,51.0,62.437,63.437,61.75,60.968,61.156,63.437
08-11-2026 23:32:24,6406,7607,1437,16384,24.833333333333332,6.0,14571,VDD_IN,24093,7403,5580,16375,14571,3930,3942,44.0,20.0,6.0,7.0,2.0,70.0,62.0,62.25,61.906,60.875,61.062,62.25
08-11-2026 23:32:25,5639,7607,1437,16384,29.5,99.0,17290,VDD_IN,29307,7405,7820,16378,17290,3931,4197,19.0,21.0,16.0,17.0,18.0,86.0,62.375,62.937,61.75,60.906,61.125,62.937
08-11-2026 23:32:26,5633,7607,1437,16384,28.666666666666668,97.0,17290,VDD_IN,29619,7408,8446,16381,17290,3931,3883,14.0,17.0,13.0,34.0,70.0,24.0,62.187,63.375,61.875,60.906,61.125,63.375
08-11-2026 23:32:27,5638,7607,1437,16384,28.166666666666668,97.0,16897,VDD_IN,28816,7410,8029,16382,16897,3931,3890,20.0,14.0,13.0,17.0,69.0,36.0,61.968,63.312,61.812,61.0,61.125,63.312
08-11-2026 23:32:28,6445,7607,1437,16384,25.0,98.0,15493,VDD_IN,26019,7407,6630,16380,15493,3931,3896,14.0,12.0,35.0,12.0,68.0,9.0,62.437,62.968,61.812,61.093,61.093,62.968
08-11-2026 23:32:29,5733,7607,1437,16384,26.833333333333332,98.0,17604,VDD_IN,29622,7408,7664,16383,17604,3932,4354,9.0,30.0,15.0,13.0,84.0,10.0,62.437,62.968,62.031,60.875,61.125,62.968
08-11-2026 23:32:30,5637,7607,1437,16384,31.833333333333332,99.0,17447,VDD_IN,29932,7412,8602,16387,17447,3932,3883,17.0,23.0,19.0,18.0,79.0,35.0,61.968,63.218,61.812,60.906,61.125,63.218
08-11-2026 23:32:31,5636,7607,1437,16384,32.833333333333336,98.0,17054,VDD_IN,29109,7414,8172,16389,17054,3932,3883,45.0,24.0,19.0,19.0,71.0,19.0,62.218,63.125,61.875,60.937,61.093,63.125
08-11-2026 23:32:32,6430,7607,1437,16384,30.5,98.0,16216,VDD_IN,27481,7414,7336,16388,16216,3932,3929,46.0,18.0,21.0,19.0,41.0,38.0,62.437,62.906,61.843,60.968,61.125,62.906
08-11-2026 23:32:33,6005,7607,1437,16384,17.333333333333332,24.0,16176,VDD_IN,26971,7412,6630,16388,16176,3933,4165,2.0,8.0,15.0,3.0,55.0,21.0,62.593,62.343,62.031,60.875,61.125,62.593
08-11-2026 23:32:34,5638,7607,1437,16384,31.333333333333332,99.0,17486,VDD_IN,29855,7414,8250,16391,17486,3933,4119,14.0,16.0,34.0,21.0,18.0,85.0,62.312,63.187,61.75,60.875,61.218,63.187
08-11-2026 23:32:35,5634,7607,1437,16384,37.166666666666664,97.0,16975,VDD_IN,29037,7417,8172,16393,16975,3933,3890,21.0,31.0,47.0,57.0,14.0,53.0,62.187,63.406,61.875,60.937,61.125,63.406
08-11-2026 23:32:36,5634,7607,1437,16384,27.0,97.0,16176,VDD_IN,27363,7416,7297,16392,16176,3933,3890,42.0,13.0,17.0,65.0,14.0,11.0,62.468,63.281,61.75,60.937,61.093,63.281
08-11-2026 23:32:37,6122,7607,1437,16384,17.5,23.0,15809,VDD_IN,26296,7413,6355,16391,15809,3934,4132,4.0,16.0,6.0,57.0,22.0,0.0,61.968,62.218,61.937,61.156,61.062,62.218
08-11-2026 23:32:38,5631,7607,1437,16384,31.666666666666668,99.0,17447,VDD_IN,29699,7415,8133,16394,17447,3934,4119,27.0,29.0,17.0,15.0,85.0,17.0,62.156,63.281,62.0,60.875,61.218,63.281
08-11-2026 23:32:39,5633,7607,1437,16384,35.666666666666664,97.0,17054,VDD_IN,29155,7418,8250,16396,17054,3934,3851,16.0,32.0,22.0,81.0,44.0,19.0,62.093,63.25,61.781,61.0,61.125,63.25
08-11-2026 23:32:40,5636,7607,1437,16384,34.833333333333336,98.0,16452,VDD_IN,27940,7418,7559,16396,16452,3934,3929,35.0,18.0,26.0,24.0,64.0,42.0,62.437,63.156,61.687,60.968,61.156,63.156
08-11-2026 23:32:41,6208,7607,1437,16384,16.833333333333332,23.0,15572,VDD_IN,25824,7414,6159,16394,15572,3934,4093,6.0,5.0,1.0,4.0,70.0,15.0,62.281,62.031,61.968,60.968,60.968,62.093
08-11-2026 23:32:42,5635,7607,1437,16384,29.166666666666668,99.0,17329,VDD_IN,29464,7416,8016,16396,17329,3935,4119,13.0,20.0,16.0,20.0,19.0,87.0,62.093,63.25,61.875,61.031,61.156,63.25
08-11-2026 23:32:43,5638,7607,1437,16384,32.333333333333336,97.0,17211,VDD_IN,29462,7419,8407,16399,17211,3935,3844,42.0,17.0,21.0,62.0,14.0,38.0,62.156,63.312,61.968,60.968,61.281,63.312
08-11-2026 23:32:44,5635,7607,1438,16384,32.166666666666664,97.0,16649,VDD_IN,28294,7420,7716,16400,16649,3935,3929,22.0,55.0,17.0,28.0,58.0,13.0,62.156,63.062,61.781,60.968,61.125,63.062
08-11-2026 23:32:45,6369,7607,1438,16384,21.833333333333332,10.0,14610,VDD_IN,24131,7415,5619,16394,14610,3935,3902,11.0,28.0,10.0,4.0,78.0,0.0,62.5,61.875,61.843,61.0,61.031,62.5
08-11-2026 23:32:46,5645,7607,1438,16384,33.5,99.0,17250,VDD_IN,29346,7417,8016,16397,17250,3935,4080,23.0,24.0,34.0,20.0,77.0,23.0,62.406,63.562,61.843,60.968,61.156,63.562
08-11-2026 23:32:47,5643,7607,1438,16384,34.5,99.0,17133,VDD_IN,29306,7419,8329,16399,17133,3935,3844,17.0,14.0,93.0,16.0,15.0,52.0,62.218,63.593,61.781,61.093,61.218,63.593
08-11-2026 23:32:48,5643,7607,1438,16384,34.333333333333336,97.0,16452,VDD_IN,27979,7420,7637,16399,16452,3935,3890,20.0,17.0,80.0,15.0,55.0,19.0,62.25,63.375,61.812,60.875,61.125,63.375
08-11-2026 23:32:49,6366,7607,1438,16384,18.5,8.0,14492,VDD_IN,23895,7414,5501,16393,14492,3935,3902,5.0,3.0,73.0,7.0,22.0,1.0,62.125,62.218,61.843,60.906,60.906,62.218
08-11-2026 23:32:50,5645,7607,1438,16384,30.166666666666668,99.0,17172,VDD_IN,29229,7416,7977,16396,17172,3935,4080,19.0,20.0,27.0,21.0,82.0,12.0,62.125,63.562,61.812,60.937,61.125,63.562
08-11-2026 23:32:51,5639,7607,1438,16384,36.166666666666664,98.0,17368,VDD_IN,29736,7419,8485,16399,17368,3935,3883,16.0,27.0,20.0,41.0,48.0,65.0,62.218,63.156,61.781,60.906,61.125,63.156
08-11-2026 23:32:52,5641,7607,1438,16384,34.833333333333336,98.0,16649,VDD_IN,28333,7420,7794,16399,16649,3935,3890,17.0,57.0,26.0,18.0,13.0,78.0,62.062,63.093,61.937,61.062,61.125,63.093
08-11-2026 23:32:53,6408,7607,1438,16384,22.5,10.0,14215,VDD_IN,23470,7414,5431,16393,14215,3934,3824,2.0,42.0,6.0,5.0,0.0,80.0,61.875,61.906,62.0,60.875,61.031,62.0
08-11-2026 23:32:54,5642,7607,1438,16384,32.166666666666664,99.0,17290,VDD_IN,29386,7416,7938,16396,17290,3935,4158,19.0,23.0,25.0,33.0,78.0,15.0,62.218,63.062,61.781,60.875,61.125,63.062
08-11-2026 23:32:55,5641,7607,1438,16384,36.666666666666664,97.0,17290,VDD_IN,29580,7419,8446,16398,17290,3935,3844,19.0,23.0,21.0,94.0,45.0,18.0,62.156,63.406,61.781,60.875,61.125,63.406
08-11-2026 23:32:56,5642,7607,1438,16384,32.333333333333336,98.0,16897,VDD_IN,28777,7421,7990,16400,16897,3935,3890,17.0,17.0,25.0,27.0,34.0,74.0,62.406,63.343,61.843,60.968,61.093,63.343
08-11-2026 23:32:57,6439,7607,1438,16384,23.833333333333332,98.0,14981,VDD_IN,25007,7417,6130,16396,14981,3934,3896,10.0,20.0,8.0,13.0,30.0,62.0,62.531,62.812,61.906,61.062,61.031,62.812
08-11-2026 23:32:58,5640,7607,1438,16384,24.333333333333332,99.0,17329,VDD_IN,29151,7417,7468,16398,17329,3936,4354,17.0,15.0,7.0,14.0,83.0,10.0,62.375,62.656,62.062,60.875,61.093,62.656
08-11-2026 23:32:59,5640,7607,1438,16384,32.333333333333336,98.0,17290,VDD_IN,29658,7420,8524,16401,17290,3935,3844,81.0,16.0,15.0,15.0,25.0,42.0,62.187,63.25,61.812,60.906,61.25,63.25
08-11-2026 23:33:00,5637,7607,1438,16384,30.666666666666668,97.0,16649,VDD_IN,28372,7422,7872,16402,16649,3935,3851,73.0,18.0,17.0,16.0,42.0,18.0,62.312,63.156,61.812,60.937,61.156,63.156
08-11-2026 23:33:01,6425,7607,1438,16384,23.0,98.0,14452,VDD_IN,24061,7417,5785,16396,14452,3935,3824,42.0,19.0,42.0,8.0,23.0,4.0,62.437,62.5,61.875,61.031,60.968,62.5
08-11-2026 23:33:02,5646,7607,1438,16384,30.666666666666668,99.0,17368,VDD_IN,29308,7417,7625,16399,17368,3936,4315,21.0,13.0,86.0,12.0,26.0,26.0,62.625,62.75,61.906,61.062,61.187,62.75
08-11-2026 23:33:03,5645,7607,1438,16384,31.833333333333332,97.0,17408,VDD_IN,29854,7421,8563,16402,17408,3936,3883,15.0,17.0,88.0,13.0,44.0,14.0,62.218,63.375,61.875,60.906,61.218,63.375
08-11-2026 23:33:04,5643,7607,1438,16384,28.5,97.0,16924,VDD_IN,28882,7423,8068,16403,16924,3936,3890,38.0,15.0,37.0,22.0,16.0,43.0,62.125,63.25,61.718,60.937,61.062,63.25
08-11-2026 23:33:05,6457,7607,1438,16384,26.666666666666668,97.0,14981,VDD_IN,25124,7419,6326,16399,14981,3935,3817,9.0,10.0,38.0,14.0,11.0,78.0,62.843,63.0,61.75,61.0,61.093,63.0
08-11-2026 23:33:06,5705,7607,1438,16384,21.166666666666668,98.0,17408,VDD_IN,29230,7420,7468,16402,17408,3937,4354,6.0,22.0,8.0,4.0,3.0,84.0,62.218,63.343,61.843,60.968,61.218,63.343
08-11-2026 23:33:07,5643,7607,1438,16384,33.5,99.0,17565,VDD_IN,30129,7423,8681,16405,17565,3936,3883,15.0,42.0,20.0,33.0,73.0,18.0,62.281,63.625,61.875,61.062,61.125,63.625
08-11-2026 23:33:08,5637,7607,1438,16384,27.166666666666668,97.0,17054,VDD_IN,29116,7425,8172,16407,17054,3936,3890,21.0,30.0,11.0,57.0,32.0,12.0,62.156,63.5,61.843,60.875,61.031,63.5
08-11-2026 23:33:09,6173,7607,1438,16384,28.166666666666668,97.0,16098,VDD_IN,27245,7425,7218,16406,16098,3936,3929,17.0,32.0,19.0,59.0,29.0,13.0,62.156,63.343,61.906,60.875,61.125,63.343
08-11-2026 23:33:10,6096,7607,1438,16384,19.166666666666668,17.0,16137,VDD_IN,26892,7422,6551,16406,16137,3937,4204,5.0,75.0,2.0,1.0,28.0,4.0,62.25,62.5,61.781,60.875,61.062,62.5
08-11-2026 23:33:11,5632,7607,1438,16384,26.333333333333332,91.0,17368,VDD_IN,29581,7424,8055,16408,17368,3938,4158,34.0,16.0,16.0,15.0,65.0,12.0,62.25,63.25,61.843,60.906,61.125,63.25
08-11-2026 23:33:12,5630,7607,1437,16384,38.666666666666664,98.0,17290,VDD_IN,29619,7427,8446,16411,17290,3937,3883,17.0,35.0,35.0,30.0,38.0,77.0,62.437,63.343,61.875,61.0,61.125,63.343
08-11-2026 23:33:13,5636,7607,1437,16384,34.0,97.0,16570,VDD_IN,28136,7428,7676,16411,16570,3937,3890,51.0,20.0,22.0,30.0,50.0,31.0,61.968,63.25,61.843,60.875,61.125,63.25
08-11-2026 23:33:14,6319,7607,1437,16384,18.5,13.0,14902,VDD_IN,24660,7423,5737,16407,14902,3938,4021,19.0,14.0,3.0,8.0,66.0,1.0,62.093,61.968,61.843,60.875,61.031,62.093
08-11-2026 23:33:15,5638,7607,1437,16384,29.166666666666668,99.0,17290,VDD_IN,29425,7425,8016,16409,17290,3938,4119,27.0,81.0,14.0,20.0,13.0,20.0,62.437,63.25,61.812,60.875,61.156,63.25
08-11-2026 23:33:16,5636,7607,1437,16384,37.166666666666664,97.0,17133,VDD_IN,29345,7427,8368,16411,17133,3938,3844,17.0,67.0,17.0,19.0,84.0,19.0,61.968,63.312,61.812,61.0,61.125,63.312
08-11-2026 23:33:17,5640,7607,1437,16384,26.833333333333332,98.0,16452,VDD_IN,27901,7428,7559,16412,16452,3938,3890,16.0,58.0,15.0,16.0,46.0,10.0,62.312,62.968,61.75,61.031,61.093,62.968
08-11-2026 23:33:18,6384,7607,1437,16384,23.166666666666668,6.0,14729,VDD_IN,24329,7423,5658,16407,14729,3938,3942,13.0,12.0,8.0,28.0,69.0,9.0,61.968,61.718,61.875,60.875,61.0,61.968
08-11-2026 23:33:19,5634,7607,1437,16384,29.0,99.0,17290,VDD_IN,29386,7424,7938,16409,17290,3938,4158,25.0,15.0,14.0,18.0,74.0,28.0,62.281,63.031,61.812,60.875,61.125,63.031
08-11-2026 23:33:20,5632,7607,1437,16384,32.166666666666664,97.0,17290,VDD_IN,29619,7427,8446,16412,17290,3938,3883,35.0,17.0,21.0,18.0,27.0,75.0,62.312,63.281,61.625,60.906,61.0,63.281
08-11-2026 23:33:21,5631,7607,1437,16384,28.333333333333332,97.0,16649,VDD_IN,28333,7428,7794,16412,16649,3938,3890,14.0,13.0,41.0,20.0,20.0,62.0,62.031,63.093,61.843,60.968,61.093,63.093
08-11-2026 23:33:22,6417,7607,1437,16384,21.666666666666668,79.0,14531,VDD_IN,24131,7423,5737,16407,14531,3938,3863,9.0,7.0,4.0,5.0,35.0,70.0,62.187,62.531,61.812,60.812,60.875,62.531
08-11-2026 23:33:23,5633,7607,1437,16384,26.166666666666668,99.0,17290,VDD_IN,29191,7424,7625,16410,17290,3939,4276,12.0,12.0,18.0,16.0,71.0,28.0,62.343,62.875,61.968,60.843,61.062,62.875
08-11-2026 23:33:24,5637,7607,1437,16384,35.333333333333336,97.0,17408,VDD_IN,29854,7427,8563,16412,17408,3939,3883,31.0,21.0,21.0,20.0,42.0,77.0,62.093,63.343,61.718,60.937,61.0,63.343
08-11-2026 23:33:25,5636,7607,1437,16384,31.5,97.0,16818,VDD_IN,28737,7429,8029,16414,16818,3938,3890,47.0,14.0,19.0,17.0,27.0,65.0,62.25,63.343,61.718,60.875,61.093,63.343
08-11-2026 23:33:26,6438,7607,1437,16384,27.0,98.0,15454,VDD_IN,25951,7426,6601,16411,15454,3938,3896,50.0,11.0,17.0,11.0,31.0,42.0,62.312,63.0,61.812,61.0,61.0,63.0
08-11-2026 23:33:27,5712,7607,1437,16384,22.666666666666668,99.0,17447,VDD_IN,29348,7427,7547,16414,17447,3939,4354,8.0,17.0,9.0,29.0,67.0,6.0,62.218,63.031,61.843,60.812,61.218,63.031
08-11-2026 23:33:28,5633,7607,1437,16384,33.333333333333336,97.0,17368,VDD_IN,29775,7430,8563,16416,17368,3939,3844,17.0,22.0,21.0,90.0,33.0,17.0,62.093,63.25,61.937,60.875,61.062,63.25
08-11-2026 23:33:29,5644,7607,1437,16384,36.5,97.0,17172,VDD_IN,29305,7432,8250,16418,17172,3939,3883,25.0,25.0,23.0,52.0,53.0,41.0,62.093,63.187,61.687,60.906,61.0,63.187
08-11-2026 23:33:30,6452,7607,1437,16384,29.333333333333332,97.0,15744,VDD_IN,26544,7430,6904,16417,15744,3939,3896,15.0,52.0,16.0,15.0,12.0,66.0,62.781,62.781,61.75,60.906,61.125,62.781
08-11-2026 23:33:31,5815,7607,1437,16384,21.333333333333332,74.0,17093,VDD_IN,28681,7430,7273,16418,17093,3940,4315,10.0,7.0,12.0,11.0,81.0,7.0,62.406,62.656,61.875,61.031,61.125,62.718
08-11-2026 23:33:32,5643,7607,1437,16384,32.5,99.0,17486,VDD_IN,30011,7433,8563,16421,17486,3940,3962,20.0,20.0,21.0,21.0,34.0,79.0,62.093,63.5,61.906,60.843,61.0,63.5
08-11-2026 23:33:33,5639,7607,1437,16384,34.166666666666664,98.0,17054,VDD_IN,29194,7435,8250,16423,17054,3940,3890,19.0,17.0,55.0,23.0,76.0,15.0,62.093,63.531,61.718,60.875,61.031,63.531
08-11-2026 23:33:34,6466,7607,1437,16384,28.333333333333332,98.0,15940,VDD_IN,26970,7434,7140,16422,15940,3940,3890,34.0,14.0,29.0,21.0,58.0,14.0,62.437,63.312,61.687,60.906,61.031,63.312
08-11-2026 23:33:35,6082,7607,1437,16384,24.833333333333332,17.0,16334,VDD_IN,27274,7433,6736,16421,16334,3940,4204,14.0,12.0,30.0,59.0,31.0,3.0,62.312,62.468,61.812,60.937,61.0,62.468
08-11-2026 23:33:36,5637,7607,1437,16384,30.0,99.0,17486,VDD_IN,29777,7434,8133,16424,17486,3941,4158,22.0,17.0,23.0,14.0,31.0,73.0,62.0,63.406,61.781,60.968,61.156,63.406
08-11-2026 23:33:37,5638,7607,1437,16384,32.666666666666664,98.0,17172,VDD_IN,29384,7437,8329,16426,17172,3941,3883,12.0,19.0,18.0,24.0,66.0,57.0,62.031,63.656,62.0,60.875,61.125,63.656
08-11-2026 23:33:38,5631,7607,1437,16384,31.5,98.0,16491,VDD_IN,27979,7437,7598,16426,16491,3941,3890,17.0,21.0,23.0,20.0,64.0,44.0,62.312,63.125,61.75,60.875,61.0,63.125
08-11-2026 23:33:39,6275,7607,1437,16384,17.166666666666668,17.0,15257,VDD_IN,25283,7433,5972,16423,15257,3941,4054,4.0,4.0,5.0,2.0,18.0,70.0,62.343,62.0,61.781,60.937,61.031,62.343
08-11-2026 23:33:40,5640,7607,1437,16384,33.333333333333336,99.0,17447,VDD_IN,29699,7435,8094,16426,17447,3942,4158,22.0,32.0,22.0,23.0,84.0,17.0,62.25,63.343,61.781,61.0,61.125,63.343
08-11-2026 23:33:41,5637,7607,1437,16384,33.666666666666664,97.0,17172,VDD_IN,29384,7438,8368,16428,17172,3941,3844,27.0,23.0,17.0,20.0,75.0,40.0,61.843,63.187,61.687,60.843,61.031,63.187
08-11-2026 23:33:42,5638,7607,1437,16384,31.5,97.0,16570,VDD_IN,28136,7438,7676,16428,16570,3941,3890,26.0,17.0,18.0,24.0,70.0,34.0,62.156,63.125,61.812,60.875,61.062,63.125
08-11-2026 23:33:43,6330,7607,1437,16384,21.5,4.0,14744,VDD_IN,24462,7434,5776,16424,14744,3941,3942,8.0,38.0,2.0,1.0,0.0,80.0,61.968,61.843,61.687,60.937,60.906,61.968
08-11-2026 23:33:44,5639,7607,1437,16384,28.0,99.0,17250,VDD_IN,29346,7435,7977,16426,17250,3942,4119,21.0,22.0,14.0,15.0,15.0,81.0,62.281,63.062,61.718,60.906,61.031,63.062
08-11-2026 23:33:45,5640,7607,1437,16384,35.5,98.0,17329,VDD_IN,29697,7438,8485,16428,17329,3942,3883,18.0,19.0,22.0,55.0,14.0,85.0,62.281,63.187,61.875,60.937,61.125,63.187
08-11-2026 23:33:46,5638,7607,1437,16384,33.833333333333336,98.0,16570,VDD_IN,28176,7439,7716,16429,16570,3941,3890,20.0,31.0,20.0,50.0,16.0,66.0,62.0,63.125,61.812,60.843,61.0,63.125
08-11-2026 23:33:47,6380,7607,1437,16384,16.5,6.0,14294,VDD_IN,23588,7433,5392,16423,14294,3941,3902,3.0,3.0,2.0,25.0,2.0,64.0,62.031,61.718,61.968,60.843,60.875,62.031
08-11-2026 23:33:48,5641,7607,1437,16384,28.5,99.0,17290,VDD_IN,29386,7435,7938,16425,17290,3942,4158,14.0,21.0,14.0,19.0,25.0,78.0,62.187,63.093,61.656,60.875,61.031,63.093
08-11-2026 23:33:49,5641,7607,1437,16384,30.5,98.0,17290,VDD_IN,29619,7437,8446,16428,17290,3942,3883,63.0,42.0,16.0,14.0,37.0,11.0,62.25,63.437,61.812,60.843,61.031,63.437
08-11-2026 23:33:50,5643,7607,1437,16384,33.333333333333336,98.0,16295,VDD_IN,27665,7438,7559,16427,16295,3941,3811,39.0,43.0,23.0,17.0,64.0,14.0,62.062,63.218,61.625,60.968,60.968,63.218
08-11-2026 23:33:51,6395,7607,1437,16384,24.5,6.0,14531,VDD_IN,24013,7433,5580,16422,14531,3941,3902,55.0,4.0,3.0,12.0,47.0,26.0,61.906,61.937,61.843,60.781,61.031,61.937
08-11-2026 23:33:52,5635,7607,1437,16384,29.0,99.0,17290,VDD_IN,29386,7434,7938,16425,17290,3942,4158,19.0,20.0,15.0,19.0,76.0,25.0,62.125,63.281,61.843,60.875,61.093,63.281
08-11-2026 23:33:53,5632,7607,1437,16384,33.166666666666664,98.0,17290,VDD_IN,29619,7437,8446,16427,17290,3942,3883,31.0,24.0,25.0,16.0,25.0,78.0,62.218,63.187,61.656,60.843,61.031,63.187
08-11-2026 23:33:54,5633,7607,1437,16384,29.0,97.0,16570,VDD_IN,28215,7438,7755,16427,16570,3942,3890,23.0,17.0,20.0,15.0,54.0,45.0,62.156,63.093,61.812,60.906,61.0,63.093
08-11-2026 23:33:55,6412,7607,1437,16384,19.833333333333332,39.0,14492,VDD_IN,24022,7433,5667,16422,14492,3941,3863,19.0,7.0,6.0,7.0,70.0,10.0,62.093,62.281,61.625,60.843,60.937,62.281
08-11-2026 23:33:56,5631,7607,1437,16384,28.166666666666668,99.0,17486,VDD_IN,29543,7434,7781,16425,17486,3942,4276,16.0,27.0,13.0,16.0,11.0,86.0,62.406,62.718,61.812,60.812,61.062,62.718
08-11-2026 23:33:57,5629,7607,1437,16384,32.0,97.0,17368,VDD_IN,29775,7437,8524,16427,17368,3942,3883,45.0,20.0,17.0,18.0,15.0,77.0,62.125,63.312,61.687,60.812,61.062,63.468
08-11-2026 23:33:58,5631,7607,1437,16384,29.5,97.0,16728,VDD_IN,28451,7438,7833,16428,16728,3942,3890,46.0,16.0,20.0,19.0,11.0,65.0,62.093,63.437,61.625,60.812,60.937,63.437
08-11-2026 23:33:59,6439,7607,1437,16384,23.166666666666668,98.0,15059,VDD_IN,25163,7435,6208,16425,15059,3942,3896,12.0,10.0,10.0,34.0,6.0,67.0,62.468,62.906,61.687,61.0,61.0,62.906
08-11-2026 23:34:00,5631,7607,1437,16384,24.833333333333332,99.0,17447,VDD_IN,29308,7435,7468,16427,17447,3943,4393,11.0,7.0,13.0,24.0,8.0,86.0,62.25,62.906,61.875,60.875,61.187,62.906
08-11-2026 23:34:01,5631,7607,1437,16384,32.833333333333336,97.0,17408,VDD_IN,29854,7438,8602,16430,17408,3943,3844,23.0,18.0,16.0,41.0,17.0,82.0,61.968,63.562,61.875,60.843,60.968,63.562
08-11-2026 23:34:02,5631,7607,1437,16384,33.333333333333336,97.0,16857,VDD_IN,28763,7439,8016,16431,16857,3943,3890,40.0,18.0,61.0,12.0,36.0,33.0,62.5,63.125,61.75,60.875,60.968,63.125
08-11-2026 23:34:03,6450,7607,1437,16384,26.5,97.0,15493,VDD_IN,26097,7437,6747,16428,15493,3942,3857,23.0,15.0,45.0,14.0,49.0,13.0,62.312,62.781,61.625,60.968,61.031,62.781
08-11-2026 23:34:04,5805,7607,1437,16384,21.666666666666668,38.0,17133,VDD_IN,28721,7437,7273,16430,17133,3943,4315,13.0,65.0,13.0,7.0,25.0,7.0,62.0,62.875,61.75,60.75,61.031,62.875
08-11-2026 23:34:05,5631,7607,1437,16384,29.333333333333332,100.0,17486,VDD_IN,29972,7440,8524,16433,17486,3943,3962,74.0,14.0,18.0,11.0,41.0,18.0,62.218,63.093,61.718,60.875,61.062,63.093
08-11-2026 23:34:06,5632,7607,1437,16384,31.333333333333332,98.0,16975,VDD_IN,28959,7441,8094,16434,16975,3943,3890,19.0,17.0,70.0,15.0,54.0,13.0,62.343,62.968,61.625,60.875,61.031,62.968
08-11-2026 23:34:07,5878,7607,1437,16384,35.833333333333336,98.0,16413,VDD_IN,27862,7441,7520,16434,16413,3943,3929,21.0,25.0,78.0,21.0,54.0,16.0,62.75,62.843,61.781,60.875,61.031,62.843
08-11-2026 23:34:08,6152,7607,1437,16384,18.833333333333332,43.0,16019,VDD_IN,26703,7439,6512,16433,16019,3944,4172,26.0,2.0,57.0,4.0,24.0,0.0,61.843,62.031,61.781,60.781,61.031,62.031
08-11-2026 23:34:09,5633,7607,1437,16384,35.0,99.0,17329,VDD_IN,29503,7441,8055,16435,17329,3944,4119,23.0,24.0,24.0,27.0,38.0,74.0,62.062,62.906,61.906,60.75,61.093,62.906
08-11-2026 23:34:10,5631,7607,1437,16384,27.833333333333332,98.0,16857,VDD_IN,28802,7442,8094,16436,16857,3944,3851,13.0,12.0,17.0,13.0,37.0,75.0,62.031,63.093,61.656,60.875,61.0,63.093
08-11-2026 23:34:11,6253,7607,1437,16384,35.5,98.0,16531,VDD_IN,28097,7443,7676,16436,16531,3944,3890,25.0,56.0,37.0,24.0,36.0,35.0,62.187,62.875,61.625,60.875,61.125,62.875
08-11-2026 23:34:12,6281,7607,1437,16384,18.5,11.0,15217,VDD_IN,25203,7439,5972,16433,15217,3944,4014,5.0,75.0,12.0,2.0,9.0,8.0,62.062,61.812,61.75,60.968,60.937,61.843
08-11-2026 23:34:13,5637,7607,1437,16384,36.833333333333336,99.0,17172,VDD_IN,29190,7440,7938,16435,17172,3944,4080,32.0,86.0,25.0,24.0,30.0,24.0,62.0,62.843,61.937,60.812,61.125,62.843
08-11-2026 23:34:14,5636,7607,1437,16384,33.333333333333336,97.0,17015,VDD_IN,29077,7442,8211,16437,17015,3944,3851,30.0,13.0,76.0,18.0,42.0,21.0,62.187,63.062,61.687,60.875,61.062,63.062
08-11-2026 23:34:15,5633,7607,1437,16384,29.0,97.0,16255,VDD_IN,27586,7442,7441,16436,16255,3944,3890,41.0,20.0,65.0,16.0,16.0,16.0,62.343,62.937,61.625,60.875,60.968,62.937
08-11-2026 23:34:16,6294,7607,1437,16384,16.833333333333332,18.0,15217,VDD_IN,25204,7439,5933,16433,15217,3944,4054,24.0,1.0,53.0,3.0,19.0,1.0,62.156,61.875,61.718,60.875,60.875,62.156
08-11-2026 23:34:17,5629,7607,1437,16384,29.0,99.0,17172,VDD_IN,29190,7440,7899,16435,17172,3945,4119,32.0,17.0,21.0,18.0,72.0,14.0,62.125,63.093,61.75,60.875,61.125,63.281
08-11-2026 23:34:18,5639,7607,1437,16384,32.833333333333336,97.0,17211,VDD_IN,29462,7442,8368,16437,17211,3944,3883,29.0,15.0,31.0,63.0,43.0,16.0,62.0,63.312,61.812,60.812,61.125,63.312
08-11-2026 23:34:19,5635,7607,1437,16384,28.0,99.0,16452,VDD_IN,27940,7442,7598,16437,16452,3944,3890,16.0,17.0,36.0,43.0,38.0,18.0,62.125,63.187,61.718,60.843,60.968,63.187
08-11-2026 23:34:20,6391,7607,1437,16384,17.0,6.0,14294,VDD_IN,23548,7437,5352,16432,14294,3944,3902,28.0,21.0,47.0,5.0,0.0,1.0,62.031,61.937,61.687,60.843,60.906,62.031
08-11-2026 23:34:21,5629,7607,1437,16384,29.833333333333332,99.0,17172,VDD_IN,29189,7438,7859,16434,17172,3945,4158,19.0,18.0,29.0,15.0,12.0,86.0,62.468,63.062,61.718,60.875,61.062,63.062
08-11-2026 23:34:22,5633,7607,1437,16384,30.833333333333332,98.0,17211,VDD_IN,29540,7441,8446,16435,17211,3945,3883,18.0,16.0,42.0,18.0,12.0,79.0,61.937,63.437,61.687,60.906,61.062,63.437
08-11-2026 23:34:23,5632,7607,1437,16384,32.5,97.0,16885,VDD_IN,28726,7442,7951,16437,16885,3944,3890,20.0,17.0,53.0,15.0,67.0,23.0,61.75,63.375,61.843,60.781,61.0,63.375
08-11-2026 23:34:24,6455,7607,1437,16384,29.833333333333332,98.0,15651,VDD_IN,26374,7440,6787,16435,15651,3944,3936,19.0,13.0,20.0,49.0,67.0,11.0,62.375,62.968,61.812,60.875,60.968,62.968
08-11-2026 23:34:25,5769,7607,1437,16384,22.666666666666668,98.0,17447,VDD_IN,29308,7441,7507,16437,17447,3945,4354,7.0,8.0,7.0,26.0,62.0,26.0,62.437,62.843,61.687,60.843,61.0,62.843
08-11-2026 23:34:26,5637,7607,1437,16384,28.833333333333332,99.0,17447,VDD_IN,29855,7443,8485,16439,17447,3945,3923,15.0,15.0,16.0,35.0,14.0,78.0,62.218,63.156,61.687,60.875,60.968,63.156
08-11-2026 23:34:27,5632,7607,1437,16384,31.666666666666668,98.0,16806,VDD_IN,28608,7444,7951,16440,16806,3945,3851,56.0,16.0,11.0,15.0,44.0,48.0,61.968,63.156,61.781,60.875,61.031,63.156
08-11-2026 23:34:28,5629,7607,1437,16384,27.0,98.0,15744,VDD_IN,26584,7443,6944,16439,15744,3945,3896,37.0,16.0,27.0,13.0,56.0,13.0,62.062,62.843,61.75,60.812,61.0,62.843
08-11-2026 23:34:29,6037,7607,1437,16384,23.333333333333332,17.0,16452,VDD_IN,27510,7442,6854,16439,16452,3946,4204,54.0,37.0,4.0,13.0,7.0,25.0,62.0,62.187,61.625,60.781,60.968,62.187
08-11-2026 23:34:30,5633,7607,1437,16384,27.166666666666668,99.0,17329,VDD_IN,29464,7443,8016,16441,17329,3946,4119,20.0,27.0,13.0,14.0,14.0,75.0,62.031,62.906,61.625,60.875,60.968,62.906
08-11-2026 23:34:31,5632,7607,1437,16384,27.666666666666668,98.0,16936,VDD_IN,28920,7445,8133,16442,16936,3946,3851,20.0,18.0,16.0,16.0,18.0,78.0,62.218,63.031,61.656,60.875,61.0,63.031
08-11-2026 23:34:32,5632,7607,1437,16384,26.5,97.0,16216,VDD_IN,27547,7445,7441,16441,16216,3946,3890,40.0,18.0,13.0,12.0,12.0,64.0,61.937,63.031,61.718,60.812,60.906,63.031
08-11-2026 23:34:33,6345,7607,1437,16384,17.833333333333332,6.0,15020,VDD_IN,24896,7441,5855,16438,15020,3946,4021,3.0,3.0,10.0,4.0,0.0,87.0,61.937,61.718,61.812,60.75,60.781,61.937
08-11-2026 23:34:34,5635,7607,1437,16384,30.0,99.0,17408,VDD_IN,29699,7443,8172,16440,17408,3946,4119,20.0,19.0,17.0,16.0,78.0,30.0,62.218,63.031,61.625,60.812,61.062,63.031
08-11-2026 23:34:35,5634,7607,1437,16384,36.5,98.0,17133,VDD_IN,29345,7445,8368,16442,17133,3946,3844,62.0,16.0,52.0,23.0,46.0,20.0,62.0,63.218,61.625,60.843,61.093,63.218
08-11-2026 23:34:36,5635,7607,1437,16384,28.166666666666668,99.0,16570,VDD_IN,28136,7445,7676,16442,16570,3946,3890,30.0,17.0,42.0,15.0,55.0,10.0,62.187,63.125,61.687,60.875,60.968,63.125
08-11-2026 23:34:37,6415,7607,1437,16384,19.166666666666668,43.0,14531,VDD_IN,24013,7441,5580,16438,14531,3946,3902,4.0,4.0,29.0,8.0,69.0,1.0,62.031,62.125,61.781,60.75,60.875,62.125
08-11-2026 23:34:38,5634,7607,1438,16384,24.333333333333332,99.0,17172,VDD_IN,29034,7441,7625,16439,17172,3946,4237,11.0,14.0,14.0,14.0,85.0,8.0,62.218,62.843,61.937,60.75,61.093,62.843
08-11-2026 23:34:39,5633,7607,1438,16384,31.833333333333332,97.0,17250,VDD_IN,29579,7444,8485,16441,17250,3946,3844,18.0,20.0,20.0,39.0,77.0,17.0,62.0,63.343,61.625,60.75,61.0,63.343
08-11-2026 23:34:40,5637,7607,1438,16384,36.666666666666664,97.0,16897,VDD_IN,28855,7445,8068,16442,16897,3946,3890,26.0,23.0,42.0,33.0,30.0,66.0,62.093,63.343,61.625,60.875,60.968,63.031
08-11-2026 23:34:41,6451,7607,1438,16384,26.333333333333332,98.0,15533,VDD_IN,26098,7443,6669,16440,15533,3946,3896,48.0,11.0,11.0,15.0,9.0,64.0,62.468,62.656,61.687,60.906,60.968,62.656
08-11-2026 23:34:42,5746,7607,1438,16384,23.5,98.0,17486,VDD_IN,29387,7444,7547,16443,17486,3947,4354,15.0,24.0,8.0,7.0,4.0,83.0,62.062,63.0,61.812,60.687,61.0,63.0
08-11-2026 23:34:44,5642,7607,1438,16384,31.833333333333332,97.0,17211,VDD_IN,29462,7446,8407,16444,17211,3947,3844,18.0,37.0,16.0,18.0,8.0,94.0,61.812,63.156,61.718,60.75,60.875,63.156
08-11-2026 23:34:45,5637,7607,1438,16384,37.333333333333336,97.0,17015,VDD_IN,29084,7448,8225,16446,17015,3946,3844,22.0,26.0,31.0,51.0,24.0,70.0,62.156,63.031,61.625,60.843,60.812,63.031
08-11-2026 23:34:46,6460,7607,1437,16384,35.333333333333336,97.0,16176,VDD_IN,27362,7447,7257,16445,16176,3946,3929,29.0,21.0,25.0,53.0,20.0,64.0,62.562,63.0,61.656,60.843,61.0,63.0
08-11-2026 23:34:47,5879,7607,1437,16384,18.0,14.0,16688,VDD_IN,27942,7446,7011,16446,16688,3947,4243,11.0,23.0,8.0,3.0,2.0,61.0,62.281,62.531,61.75,60.875,61.093,62.531
08-11-2026 23:34:48,5636,7607,1437,16384,31.333333333333332,99.0,17526,VDD_IN,29973,7448,8407,16448,17526,3947,4040,84.0,19.0,20.0,22.0,27.0,16.0,62.062,63.218,61.875,60.843,61.125,63.218
08-11-2026 23:34:49,5635,7607,1437,16384,39.666666666666664,97.0,17133,VDD_IN,29306,7450,8329,16450,17133,3947,3844,34.0,48.0,25.0,23.0,23.0,85.0,62.0,63.437,61.625,60.843,60.968,63.437
08-11-2026 23:34:50,6467,7607,1437,16384,35.5,98.0,16649,VDD_IN,28294,7451,7716,16450,16649,3947,3929,54.0,22.0,22.0,24.0,23.0,68.0,62.312,63.031,61.656,60.906,61.0,63.031
08-11-2026 23:34:51,6235,7607,1437,16384,21.5,19.0,15769,VDD_IN,26178,7448,6277,16448,15769,3947,4132,6.0,2.0,8.0,33.0,6.0,74.0,62.093,62.062,61.718,60.906,61.0,62.093
08-11-2026 23:34:52,5636,7607,1437,16384,32.5,99.0,17368,VDD_IN,29542,7450,8055,16450,17368,3948,4119,24.0,22.0,20.0,33.0,77.0,19.0,62.093,63.093,61.687,60.75,61.031,63.093
08-11-2026 23:34:53,5637,7607,1437,16384,39.166666666666664,97.0,17133,VDD_IN,29306,7452,8329,16452,17133,3947,3844,25.0,17.0,63.0,21.0,94.0,15.0,61.812,63.281,61.781,60.812,60.906,63.281
08-11-2026 23:34:54,5637,7607,1438,16384,30.0,97.0,16491,VDD_IN,27979,7452,7598,16452,16491,3947,3890,15.0,16.0,45.0,17.0,57.0,30.0,62.0,63.125,61.625,60.812,60.906,63.125
08-11-2026 23:34:55,6328,7607,1438,16384,18.0,10.0,14941,VDD_IN,24738,7448,5776,16449,14941,3948,4021,3.0,6.0,20.0,3.0,27.0,49.0,62.437,61.906,61.687,60.875,60.906,62.437
08-11-2026 23:34:56,5638,7607,1438,16384,26.666666666666668,99.0,17133,VDD_IN,29151,7449,7938,16450,17133,3948,4080,14.0,20.0,19.0,11.0,81.0,15.0,61.687,62.937,61.718,60.875,61.0,62.937
08-11-2026 23:34:57,5643,7607,1438,16384,36.833333333333336,98.0,17368,VDD_IN,29736,7451,8485,16452,17368,3948,3883,19.0,57.0,23.0,25.0,82.0,15.0,62.062,63.0,61.656,60.718,60.968,63.0
08-11-2026 23:34:58,5646,7607,1438,16384,33.666666666666664,97.0,16767,VDD_IN,28490,7452,7833,16453,16767,3948,3890,19.0,56.0,20.0,15.0,75.0,17.0,61.968,62.875,61.812,60.843,60.843,62.875
08-11-2026 23:34:59,6421,7607,1438,16384,20.5,76.0,14452,VDD_IN,23904,7448,5589,16449,14452,3947,3863,7.0,33.0,3.0,9.0,64.0,7.0,62.062,62.062,61.687,60.812,60.75,62.062
08-11-2026 23:35:00,5646,7607,1438,16384,29.5,99.0,17329,VDD_IN,29230,7449,7664,16451,17329,3948,4237,15.0,33.0,19.0,14.0,70.0,26.0,62.187,62.593,61.625,60.843,61.0,62.593
08-11-2026 23:35:01,5639,7607,1438,16384,30.833333333333332,97.0,17290,VDD_IN,29619,7451,8485,16452,17290,3948,3844,18.0,29.0,41.0,16.0,69.0,12.0,61.812,63.031,61.75,60.843,61.0,63.031
08-11-2026 23:35:02,5640,7607,1438,16384,31.333333333333332,98.0,16806,VDD_IN,28686,7452,7990,16453,16806,3948,3890,21.0,17.0,23.0,44.0,66.0,17.0,61.843,63.187,61.687,60.875,60.968,63.187
08-11-2026 23:35:03,6458,7607,1438,16384,32.166666666666664,98.0,15572,VDD_IN,26137,7450,6669,16451,15572,3948,3896,48.0,18.0,30.0,13.0,69.0,15.0,62.312,62.843,61.75,60.75,60.968,62.843
08-11-2026 23:35:04,5722,7607,1438,16384,19.166666666666668,98.0,17447,VDD_IN,29269,7450,7468,16453,17447,3948,4354,7.0,9.0,8.0,6.0,22.0,63.0,62.406,63.125,61.687,60.75,60.968,63.125
08-11-2026 23:35:05,5638,7607,1438,16384,34.333333333333336,97.0,17290,VDD_IN,29658,7453,8524,16455,17290,3948,3844,22.0,44.0,15.0,20.0,94.0,11.0,62.062,63.281,61.656,60.75,60.906,63.281
08-11-2026 23:35:06,5636,7607,1438,16384,29.833333333333332,98.0,16531,VDD_IN,28176,7454,7794,16455,16531,3948,3851,16.0,43.0,40.0,18.0,12.0,50.0,62.031,63.218,61.625,60.875,61.062,63.0
08-11-2026 23:35:07,6440,7607,1438,16384,25.0,98.0,15493,VDD_IN,26030,7452,6641,16453,15493,3948,3896,15.0,12.0,51.0,35.0,28.0,9.0,62.281,62.75,61.656,60.812,61.0,62.75
08-11-2026 23:35:08,5715,7607,1438,16384,27.0,98.0,17565,VDD_IN,29505,7452,7586,16456,17565,3949,4354,16.0,25.0,18.0,15.0,63.0,25.0,62.25,62.937,61.718,60.812,61.0,62.937
08-11-2026 23:35:09,5643,7607,1438,16384,31.666666666666668,98.0,17290,VDD_IN,29619,7454,8446,16457,17290,3949,3883,40.0,19.0,22.0,15.0,17.0,77.0,62.093,63.031,61.687,60.812,61.0,63.031
08-11-2026 23:35:10,5642,7607,1438,16384,33.666666666666664,97.0,16728,VDD_IN,28569,7455,7990,16458,16728,3948,3851,13.0,57.0,15.0,20.0,13.0,84.0,61.906,63.031,61.656,60.875,61.0,63.031
08-11-2026 23:35:11,6419,7607,1438,16384,30.0,99.0,16019,VDD_IN,27009,7454,7061,16457,16019,3948,3929,13.0,53.0,16.0,17.0,11.0,70.0,62.093,63.031,61.687,60.937,61.0,63.031
08-11-2026 23:35:12,5972,7607,1438,16384,19.333333333333332,18.0,16649,VDD_IN,27863,7453,6971,16457,16649,3949,4243,6.0,2.0,26.0,3.0,0.0,79.0,62.406,62.5,61.75,60.75,60.843,62.5
08-11-2026 23:35:13,5640,7607,1438,16384,35.5,99.0,17486,VDD_IN,30010,7456,8641,16460,17486,3949,3883,23.0,17.0,45.0,21.0,14.0,93.0,62.312,63.562,61.625,60.781,61.125,63.562
08-11-2026 23:35:14,5641,7607,1438,16384,34.0,97.0,17054,VDD_IN,29187,7458,8250,16461,17054,3949,3883,20.0,17.0,24.0,58.0,13.0,72.0,62.281,63.437,61.781,60.906,60.937,63.437
08-11-2026 23:35:15,6468,7607,1438,16384,30.166666666666668,98.0,16176,VDD_IN,27363,7457,7297,16460,16176,3949,3890,29.0,15.0,19.0,25.0,32.0,61.0,62.343,63.156,61.656,60.875,60.937,62.937
08-11-2026 23:35:16,6081,7607,1438,16384,18.0,17.0,15862,VDD_IN,26428,7455,6434,16459,15862,3949,4132,7.0,3.0,3.0,4.0,18.0,73.0,61.937,62.031,61.687,60.812,60.968,62.031
08-11-2026 23:35:17,5644,7607,1438,16384,29.0,99.0,17290,VDD_IN,29425,7456,8016,16461,17290,3949,4119,22.0,52.0,15.0,16.0,53.0,16.0,61.875,62.875,61.562,60.781,61.0,62.875
08-11-2026 23:35:18,5641,7607,1438,16384,36.666666666666664,98.0,17172,VDD_IN,29384,7458,8329,16462,17172,3949,3883,22.0,15.0,21.0,58.0,20.0,84.0,62.093,63.187,61.687,60.812,60.937,63.187
08-11-2026 23:35:19,5639,7607,1438,16384,36.166666666666664,97.0,16728,VDD_IN,28451,7459,7794,16463,16728,3949,3929,23.0,23.0,16.0,33.0,53.0,69.0,62.343,63.093,61.656,60.781,61.0,63.093
08-11-2026 23:35:20,6332,7607,1438,16384,17.166666666666668,8.0,14784,VDD_IN,24462,7455,5697,16459,14784,3949,3981,5.0,5.0,2.0,2.0,19.0,70.0,61.75,61.625,61.75,60.781,60.812,61.75
08-11-2026 23:35:21,5637,7607,1438,16384,30.833333333333332,99.0,17211,VDD_IN,29307,7456,8016,16461,17211,3949,4080,22.0,23.0,20.0,24.0,14.0,82.0,61.968,63.062,61.812,60.718,61.031,63.062
08-11-2026 23:35:22,5638,7607,1438,16384,35.333333333333336,97.0,17093,VDD_IN,29227,7458,8290,16462,17093,3949,3844,14.0,54.0,18.0,19.0,14.0,93.0,62.187,63.0,61.562,60.843,60.937,63.0
08-11-2026 23:35:23,5637,7607,1438,16384,30.0,98.0,16649,VDD_IN,28294,7459,7755,16463,16649,3949,3890,23.0,13.0,40.0,20.0,17.0,67.0,62.125,62.875,61.625,60.781,61.0,62.875
08-11-2026 23:35:24,6404,7607,1438,16384,21.666666666666668,6.0,14492,VDD_IN,23943,7455,5549,16458,14492,3949,3902,22.0,12.0,7.0,2.0,24.0,63.0,61.968,61.625,61.718,60.937,60.812,61.968
08-11-2026 23:35:25,5642,7607,1438,16384,29.0,99.0,17211,VDD_IN,29228,7456,7859,16460,17211,3949,4158,23.0,14.0,74.0,16.0,22.0,25.0,62.093,62.937,61.75,60.937,61.062,62.937
08-11-2026 23:35:26,5643,7607,1438,16384,34.333333333333336,98.0,17329,VDD_IN,29658,7458,8485,16462,17329,3949,3844,27.0,26.0,22.0,21.0,32.0,78.0,62.031,63.25,61.75,60.75,61.031,63.25
08-11-2026 23:35:27,5646,7607,1438,16384,36.833333333333336,97.0,16767,VDD_IN,28529,7459,7911,16462,16767,3949,3851,21.0,59.0,20.0,23.0,18.0,80.0,62.218,63.156,61.625,60.843,60.937,63.156
08-11-2026 23:35:28,6428,7607,1438,16384,23.5,98.0,14902,VDD_IN,24816,7456,6012,16459,14902,3949,3902,8.0,44.0,9.0,7.0,31.0,42.0,62.218,62.656,61.687,60.781,60.937,62.656
08-11-2026 23:35:29,5633,7607,1438,16384,28.5,99.0,17368,VDD_IN,29269,7456,7586,16461,17368,3950,4315,19.0,19.0,14.0,28.0,75.0,16.0,62.406,62.75,61.718,60.937,61.093,62.75
08-11-2026 23:35:30,5637,7607,1438,16384,40.166666666666664,98.0,17447,VDD_IN,29932,7458,8641,16463,17447,3949,3844,33.0,28.0,30.0,49.0,78.0,23.0,61.812,63.156,61.75,60.937,61.062,63.156
08-11-2026 23:35:31,5641,7607,1438,16384,35.666666666666664,97.0,16806,VDD_IN,28686,7459,8029,16464,16806,3949,3851,20.0,18.0,59.0,20.0,18.0,79.0,61.968,63.062,61.718,60.75,60.937,63.062
08-11-2026 23:35:32,6437,7607,1438,16384,26.5,97.0,14531,VDD_IN,24209,7456,5894,16460,14531,3949,3784,20.0,32.0,9.0,15.0,43.0,40.0,62.437,62.375,61.625,60.812,60.875,62.437
08-11-2026 23:35:33,5644,7607,1438,16384,23.333333333333332,99.0,17290,VDD_IN,29073,7456,7468,16462,17290,3950,4315,87.0,10.0,10.0,12.0,9.0,12.0,62.031,62.5,61.656,60.875,61.156,62.5
08-11-2026 23:35:34,5646,7607,1438,16384,31.5,97.0,17133,VDD_IN,29384,7458,8407,16463,17133,3949,3844,44.0,14.0,14.0,12.0,62.0,43.0,62.062,63.093,61.687,60.906,61.0,63.093
08-11-2026 23:35:35,5646,7607,1438,16384,34.333333333333336,97.0,16975,VDD_IN,28965,7460,8107,16464,16975,3949,3883,27.0,21.0,40.0,28.0,47.0,43.0,62.156,63.093,61.75,60.781,61.093,63.093
08-11-2026 23:35:36,6429,7607,1438,16384,22.666666666666668,98.0,14294,VDD_IN,23745,7456,5667,16460,14294,3949,3784,6.0,8.0,42.0,39.0,37.0,4.0,62.125,62.593,61.625,60.843,60.781,62.593
08-11-2026 23:35:37,5646,7607,1438,16384,29.333333333333332,99.0,17447,VDD_IN,29426,7456,7703,16462,17447,3950,4276,19.0,17.0,16.0,86.0,18.0,20.0,62.406,62.906,61.656,60.781,61.031,62.906
08-11-2026 23:35:38,5647,7607,1438,16384,33.666666666666664,97.0,17211,VDD_IN,29501,7458,8446,16463,17211,3949,3844,17.0,19.0,16.0,76.0,61.0,13.0,61.812,63.468,61.656,60.843,60.906,63.468
08-11-2026 23:35:39,5647,7607,1438,16384,29.833333333333332,97.0,16846,VDD_IN,28647,7459,7911,16464,16846,3949,3890,19.0,21.0,40.0,20.0,68.0,11.0,62.093,63.343,61.625,60.875,60.906,63.343
08-11-2026 23:35:40,6435,7607,1438,16384,21.666666666666668,98.0,14862,VDD_IN,24776,7457,6051,16461,14862,3949,3863,33.0,11.0,9.0,9.0,62.0,6.0,62.187,62.843,61.75,60.781,60.968,62.843
08-11-2026 23:35:41,5645,7607,1438,16384,31.166666666666668,99.0,17368,VDD_IN,29229,7457,7507,16462,17368,3950,4354,23.0,30.0,20.0,19.0,86.0,9.0,62.156,62.875,61.625,60.718,61.031,62.875
08-11-2026 23:35:42,5645,7607,1438,16384,35.0,97.0,17408,VDD_IN,29854,7459,8602,16464,17408,3950,3844,26.0,20.0,23.0,46.0,78.0,17.0,62.0,63.156,61.656,60.781,60.937,63.156
08-11-2026 23:35:43,5644,7607,1438,16384,31.5,97.0,16975,VDD_IN,28998,7460,8133,16465,16975,3950,3890,21.0,16.0,17.0,57.0,64.0,14.0,61.75,63.125,61.625,60.812,60.906,63.125
08-11-2026 23:35:44,6468,7607,1438,16384,28.5,97.0,15611,VDD_IN,26333,7459,6826,16464,15611,3950,3896,19.0,15.0,14.0,17.0,68.0,38.0,62.656,62.781,61.625,60.875,61.0,62.781
08-11-2026 23:35:45,5812,7607,1438,16384,20.5,32.0,17093,VDD_IN,28575,7459,7206,16465,17093,3950,4276,12.0,6.0,14.0,10.0,73.0,8.0,62.218,62.406,61.718,60.812,60.906,62.406
08-11-2026 23:35:46,5643,7607,1438,16384,34.833333333333336,99.0,17486,VDD_IN,30010,7461,8641,16467,17486,3950,3883,31.0,23.0,39.0,25.0,80.0,11.0,61.781,63.125,61.625,60.718,60.906,63.125
08-11-2026 23:35:47,5638,7607,1438,16384,34.5,98.0,17133,VDD_IN,29266,7462,8250,16468,17133,3950,3883,23.0,18.0,50.0,23.0,76.0,17.0,62.031,63.0,61.718,60.812,60.906,63.0
08-11-2026 23:35:48,6412,7607,1438,16384,31.0,97.0,16216,VDD_IN,27442,7462,7336,16468,16216,3950,3890,21.0,20.0,40.0,23.0,60.0,22.0,62.093,62.843,61.625,60.875,61.062,62.843
08-11-2026 23:35:49,6102,7607,1438,16384,20.333333333333332,17.0,16176,VDD_IN,26971,7461,6630,16467,16176,3950,4165,6.0,54.0,27.0,4.0,29.0,2.0,62.343,61.937,61.812,60.843,60.906,61.968
08-11-2026 23:35:50,5638,7607,1438,16384,31.333333333333332,99.0,17565,VDD_IN,29934,7462,8250,16469,17565,3951,4119,16.0,15.0,37.0,21.0,84.0,15.0,62.25,62.906,61.812,60.781,61.125,62.906
08-11-2026 23:35:51,5643,7607,1438,16384,33.833333333333336,98.0,17290,VDD_IN,29580,7464,8407,16471,17290,3950,3883,25.0,23.0,21.0,62.0,55.0,17.0,61.968,63.125,61.656,60.718,60.968,63.125
08-11-2026 23:35:52,5646,7607,1438,16384,34.833333333333336,97.0,16491,VDD_IN,28018,7464,7598,16471,16491,3950,3929,26.0,33.0,22.0,18.0,79.0,31.0,62.156,63.25,61.625,60.812,60.906,63.25
08-11-2026 23:35:53,6299,7607,1438,16384,18.5,17.0,15335,VDD_IN,25391,7461,6002,16469,15335,3951,4054,10.0,2.0,7.0,4.0,31.0,57.0,62.218,62.031,61.718,60.843,60.843,62.218
08-11-2026 23:35:54,5644,7607,1438,16384,29.333333333333332,99.0,17368,VDD_IN,29542,7462,8016,16470,17368,3951,4158,16.0,17.0,21.0,17.0,26.0,79.0,61.968,63.218,61.656,60.687,61.0,63.218
08-11-2026 23:35:55,5644,7607,1438,16384,28.833333333333332,97.0,17093,VDD_IN,29226,7464,8250,16472,17093,3951,3883,15.0,13.0,15.0,62.0,39.0,29.0,61.937,63.281,61.687,60.75,60.968,63.281
08-11-2026 23:35:56,5646,7607,1438,16384,26.833333333333332,97.0,16295,VDD_IN,27666,7464,7481,16471,16295,3951,3890,42.0,17.0,15.0,44.0,13.0,30.0,62.25,62.875,61.656,60.812,60.812,62.875
08-11-2026 23:35:57,6367,7607,1438,16384,23.0,4.0,14610,VDD_IN,24092,7460,5580,16468,14610,3951,3902,15.0,39.0,9.0,5.0,23.0,47.0,62.031,61.656,61.625,60.812,60.75,62.031
08-11-2026 23:35:58,5648,7607,1438,16384,33.333333333333336,99.0,17290,VDD_IN,29425,7461,8016,16469,17290,3951,4119,20.0,29.0,35.0,22.0,67.0,27.0,61.906,63.062,61.656,60.875,61.0,63.062
08-11-2026 23:35:59,5643,7607,1438,16384,30.833333333333332,99.0,17211,VDD_IN,29423,7463,8329,16471,17211,3951,3883,15.0,16.0,16.0,64.0,43.0,31.0,61.906,63.062,61.75,60.718,60.968,63.062
08-11-2026 23:36:00,5641,7607,1438,16384,30.0,97.0,16216,VDD_IN,27508,7463,7481,16470,16216,3951,3811,20.0,15.0,16.0,74.0,44.0,11.0,62.093,62.906,61.562,60.75,60.937,62.906
08-11-2026 23:36:01,6333,7607,1438,16384,16.666666666666668,4.0,14689,VDD_IN,24250,7460,5619,16467,14689,3951,3942,2.0,1.0,3.0,73.0,21.0,0.0,61.875,61.718,61.562,60.718,60.718,61.875
08-11-2026 23:36:02,5646,7607,1438,16384,32.0,99.0,17408,VDD_IN,29660,7461,8094,16469,17408,3951,4158,26.0,17.0,20.0,86.0,24.0,19.0,62.5,63.125,61.625,60.75,61.062,63.125
08-11-2026 23:36:03,5647,7607,1438,16384,39.0,97.0,17250,VDD_IN,29579,7463,8485,16470,17250,3951,3844,28.0,22.0,22.0,90.0,50.0,22.0,61.906,63.5,61.593,60.875,60.968,63.5
08-11-2026 23:36:04,5647,7607,1438,16384,30.833333333333332,97.0,16570,VDD_IN,28136,7463,7676,16470,16570,3951,3890,15.0,17.0,55.0,31.0,53.0,14.0,62.125,63.281,61.687,60.687,60.937,63.281
08-11-2026 23:36:05,6385,7607,1438,16384,19.333333333333332,6.0,14689,VDD_IN,24250,7460,5619,16467,14689,3951,3942,5.0,22.0,46.0,1.0,37.0,5.0,61.781,61.968,61.593,60.75,60.718,61.968
08-11-2026 23:36:06,5644,7607,1438,16384,29.333333333333332,99.0,17290,VDD_IN,29386,7461,7938,16468,17290,3951,4158,18.0,18.0,37.0,16.0,66.0,21.0,62.187,63.343,61.656,60.75,60.906,63.343
08-11-2026 23:36:07,5645,7607,1438,16384,35.666666666666664,99.0,17250,VDD_IN,29501,7462,8407,16470,17250,3951,3844,48.0,22.0,19.0,23.0,83.0,19.0,61.968,63.406,61.625,60.812,60.906,63.406
08-11-2026 23:36:08,5647,7607,1438,16384,38.833333333333336,97.0,16975,VDD_IN,28926,7463,8068,16471,16975,3951,3883,60.0,19.0,47.0,28.0,40.0,39.0,62.156,62.937,61.656,60.875,61.062,62.937
08-11-2026 23:36:09,6385,7607,1438,16384,18.5,4.0,14097,VDD_IN,23234,7459,5313,16466,14097,3950,3824,66.0,2.0,3.0,6.0,4.0,30.0,61.687,61.468,61.781,60.687,60.75,61.781
08-11-2026 23:36:10,5642,7607,1438,16384,30.333333333333332,99.0,17290,VDD_IN,29386,7460,7977,16468,17290,3951,4119,25.0,14.0,29.0,15.0,15.0,84.0,62.156,63.031,61.625,60.75,60.937,63.031
08-11-2026 23:36:11,5644,7607,1438,16384,35.166666666666664,98.0,17211,VDD_IN,29462,7462,8407,16469,17211,3951,3844,14.0,14.0,58.0,16.0,15.0,94.0,62.125,63.218,61.562,60.781,60.875,63.218
08-11-2026 23:36:12,5645,7607,1438,16384,30.833333333333332,97.0,16767,VDD_IN,28529,7463,7872,16470,16767,3950,3890,19.0,15.0,15.0,56.0,15.0,65.0,61.968,63.125,61.625,60.75,60.875,63.125
08-11-2026 23:36:13,6427,7607,1438,16384,27.5,98.0,15020,VDD_IN,25046,7460,6130,16467,15020,3950,3896,9.0,10.0,47.0,15.0,19.0,65.0,62.312,62.531,61.656,60.937,60.875,62.531
08-11-2026 23:36:14,5641,7607,1438,16384,27.333333333333332,99.0,17408,VDD_IN,29348,7461,7625,16469,17408,3951,4315,14.0,12.0,29.0,10.0,29.0,70.0,62.062,62.687,61.75,60.593,61.093,62.687
08-11-2026 23:36:15,5644,7607,1438,16384,37.333333333333336,97.0,17329,VDD_IN,29697,7463,8524,16471,17329,3951,3844,21.0,21.0,50.0,19.0,93.0,20.0,61.781,63.0,61.593,60.75,60.843,63.0
08-11-2026 23:36:16,5638,7607,1438,16384,31.666666666666668,97.0,16897,VDD_IN,28816,7464,8029,16471,16897,3951,3890,16.0,51.0,16.0,39.0,49.0,19.0,62.0,63.062,61.593,60.718,60.906,63.062
08-11-2026 23:36:17,6438,7607,1438,16384,24.833333333333332,98.0,15257,VDD_IN,25597,7462,6444,16469,15257,3951,3896,13.0,9.0,11.0,68.0,7.0,41.0,62.187,62.437,61.625,60.781,60.875,62.437
08-11-2026 23:36:18,5653,7607,1438,16384,26.166666666666668,99.0,17486,VDD_IN,29347,7462,7507,16471,17486,3951,4354,16.0,12.0,15.0,85.0,12.0,17.0,62.406,62.656,61.718,60.843,61.031,62.656
08-11-2026 23:36:19,5641,7607,1438,16384,38.333333333333336,97.0,17290,VDD_IN,29658,7464,8524,16473,17290,3951,3844,23.0,29.0,23.0,60.0,49.0,46.0,61.656,63.093,61.75,60.75,60.906,63.093
08-11-2026 23:36:20,5636,7607,1438,16384,31.833333333333332,97.0,16975,VDD_IN,28965,7465,8107,16473,16975,3951,3883,25.0,22.0,28.0,15.0,61.0,40.0,61.843,63.25,61.625,60.718,60.906,63.25
08-11-2026 23:36:21,6443,7607,1438,16384,24.0,98.0,15257,VDD_IN,25636,7463,6483,16471,15257,3951,3896,11.0,10.0,16.0,10.0,64.0,33.0,62.5,62.843,61.593,60.812,60.843,62.843
08-11-2026 23:36:22,5709,7607,1438,16384,24.166666666666668,98.0,17565,VDD_IN,29505,7464,7586,16473,17565,3952,4354,16.0,84.0,9.0,10.0,12.0,14.0,62.0,63.156,61.593,60.843,61.062,63.156
08-11-2026 23:36:23,5636,7607,1438,16384,36.0,98.0,17368,VDD_IN,29814,7466,8602,16475,17368,3951,3844,19.0,95.0,20.0,23.0,43.0,16.0,61.968,63.343,61.625,60.843,60.968,63.343
08-11-2026 23:36:24,5640,7607,1438,16384,35.166666666666664,98.0,17133,VDD_IN,29319,7467,8303,16476,17133,3951,3883,24.0,51.0,30.0,25.0,63.0,18.0,61.718,63.343,61.687,60.718,60.937,63.343
08-11-2026 23:36:25,6452,7607,1438,16384,25.833333333333332,97.0,15493,VDD_IN,26058,7466,6669,16474,15493,3951,3896,14.0,14.0,11.0,39.0,67.0,10.0,62.343,62.625,61.531,60.75,60.812,62.625
08-11-2026 23:36:26,5758,7607,1438,16384,22.166666666666668,98.0,17408,VDD_IN,29269,7466,7507,16476,17408,3952,4354,10.0,7.0,8.0,18.0,86.0,4.0,62.312,62.718,61.625,60.75,60.875,62.718
08-11-2026 23:36:27,5638,7607,1438,16384,33.333333333333336,97.0,17290,VDD_IN,29619,7468,8485,16477,17290,3952,3844,36.0,17.0,19.0,15.0,24.0,89.0,61.625,63.0,61.625,60.812,60.843,63.0
08-11-2026 23:36:28,5639,7607,1438,16384,31.666666666666668,97.0,16936,VDD_IN,28855,7469,8068,16478,16936,3952,3851,53.0,21.0,16.0,17.0,18.0,65.0,61.781,63.031,61.625,60.718,60.937,63.031
08-11-2026 23:36:29,6461,7607,1438,16384,27.5,97.0,15533,VDD_IN,26137,7467,6747,16477,15533,3951,3857,14.0,15.0,40.0,17.0,11.0,68.0,62.218,62.687,61.75,60.75,60.718,62.687
08-11-2026 23:36:30,5809,7607,1438,16384,28.333333333333332,98.0,17408,VDD_IN,29230,7467,7468,16478,17408,3952,4354,36.0,15.0,12.0,20.0,5.0,82.0,62.156,62.781,61.625,60.781,60.875,62.781
08-11-2026 23:36:31,5639,7607,1438,16384,30.0,99.0,17408,VDD_IN,29893,7469,8602,16480,17408,3952,3883,34.0,19.0,16.0,15.0,17.0,79.0,61.937,63.562,61.562,60.812,60.937,63.562
08-11-2026 23:36:32,5641,7607,1438,16384,35.0,98.0,17093,VDD_IN,29187,7471,8211,16481,17093,3952,3883,56.0,21.0,17.0,22.0,21.0,73.0,61.812,62.937,61.593,60.843,60.843,62.937
08-11-2026 23:36:33,6470,7607,1438,16384,28.333333333333332,97.0,16019,VDD_IN,27088,7470,7140,16480,16019,3952,3929,38.0,38.0,18.0,15.0,18.0,43.0,61.937,62.718,61.625,60.718,61.062,62.718
08-11-2026 23:36:34,5989,7607,1438,16384,17.666666666666668,16.0,16295,VDD_IN,27157,7469,6658,16480,16295,3952,4204,63.0,3.0,14.0,1.0,21.0,4.0,62.343,61.875,61.812,60.718,60.812,62.343
08-11-2026 23:36:35,5647,7607,1438,16384,32.333333333333336,99.0,17722,VDD_IN,30209,7470,8329,16482,17722,3953,4158,18.0,18.0,36.0,28.0,78.0,16.0,62.062,62.937,61.625,60.781,61.0,62.937
08-11-2026 23:36:36,5646,7607,1438,16384,33.0,98.0,17133,VDD_IN,29306,7472,8290,16483,17133,3953,3883,38.0,15.0,45.0,54.0,28.0,18.0,62.125,63.187,61.625,60.812,60.968,63.187
08-11-2026 23:36:37,5644,7607,1439,16384,30.166666666666668,97.0,16216,VDD_IN,27481,7472,7375,16483,16216,3952,3890,14.0,15.0,23.0,62.0,41.0,26.0,62.156,63.031,61.625,60.812,60.875,63.031
08-11-2026 23:36:38,6141,7607,1439,16384,17.0,15.0,15769,VDD_IN,26217,7470,6316,16482,15769,3953,4132,5.0,2.0,13.0,77.0,3.0,2.0,61.718,62.0,61.656,60.718,60.937,62.0
08-11-2026 23:36:39,5644,7607,1439,16384,32.333333333333336,99.0,17486,VDD_IN,29856,7471,8290,16483,17486,3953,4080,18.0,16.0,16.0,89.0,34.0,21.0,62.125,62.937,61.593,60.687,60.906,62.937
08-11-2026 23:36:40,5642,7607,1439,16384,34.666666666666664,99.0,16767,VDD_IN,28608,7472,7990,16484,16767,3953,3851,16.0,19.0,24.0,83.0,46.0,20.0,62.312,63.156,61.531,60.656,60.843,63.156
08-11-2026 23:36:41,6475,7607,1439,16384,31.166666666666668,99.0,15862,VDD_IN,26819,7471,7061,16483,15862,3953,3896,19.0,17.0,24.0,61.0,45.0,21.0,62.531,62.656,61.625,60.812,60.968,62.656
08-11-2026 23:36:42,5948,7607,1439,16384,18.666666666666668,17.0,16728,VDD_IN,27942,7470,6971,16483,16728,3953,4243,8.0,5.0,4.0,86.0,4.0,5.0,62.062,62.031,61.593,60.843,60.937,62.062
08-11-2026 23:36:43,5645,7607,1439,16384,31.0,99.0,17604,VDD_IN,30091,7472,8368,16485,17604,3953,4119,19.0,23.0,21.0,34.0,76.0,13.0,62.062,62.812,61.718,60.625,61.0,62.812
08-11-2026 23:36:44,5645,7607,1439,16384,29.166666666666668,97.0,16936,VDD_IN,28959,7473,8133,16486,16936,3953,3890,49.0,34.0,12.0,16.0,43.0,21.0,62.0,63.031,61.531,60.718,60.875,63.031
08-11-2026 23:36:45,6474,7607,1439,16384,31.833333333333332,98.0,15730,VDD_IN,26569,7472,7022,16485,15730,3953,3817,46.0,20.0,44.0,17.0,51.0,13.0,62.187,62.718,61.562,60.781,60.906,62.718
08-11-2026 23:36:46,5954,7607,1439,16384,22.166666666666668,15.0,16491,VDD_IN,27549,7471,6854,16485,16491,3954,4204,6.0,17.0,6.0,21.0,78.0,5.0,62.156,62.0,61.656,60.781,60.812,62.156
08-11-2026 23:36:47,5645,7607,1439,16384,30.333333333333332,99.0,17643,VDD_IN,30091,7473,8290,16487,17643,3954,4158,21.0,18.0,18.0,31.0,80.0,14.0,62.062,63.125,61.656,60.625,61.031,63.125
08-11-2026 23:36:48,5641,7607,1439,16384,29.5,98.0,16975,VDD_IN,29037,7474,8172,16488,16975,3954,3890,10.0,16.0,23.0,75.0,30.0,23.0,61.937,63.281,61.625,60.593,60.906,63.281
08-11-2026 23:36:49,6478,7607,1439,16384,30.666666666666668,97.0,16373,VDD_IN,27717,7474,7454,16487,16373,3954,3890,23.0,17.0,19.0,43.0,42.0,40.0,62.062,62.968,61.562,60.656,60.75,62.968
08-11-2026 23:36:50,6182,7607,1439,16384,18.333333333333332,17.0,15690,VDD_IN,26020,7472,6237,16486,15690,3954,4093,9.0,5.0,2.0,3.0,74.0,17.0,62.218,62.187,61.656,60.687,60.75,62.218
08-11-2026 23:36:51,5649,7607,1439,16384,31.833333333333332,91.0,17565,VDD_IN,29934,7473,8211,16488,17565,3954,4158,25.0,18.0,31.0,21.0,74.0,22.0,62.062,63.25,61.625,60.843,61.093,63.25
08-11-2026 23:36:52,5641,7607,1439,16384,34.0,97.0,17015,VDD_IN,29070,7474,8211,16489,17015,3954,3844,14.0,60.0,13.0,15.0,90.0,12.0,61.625,63.062,61.656,60.593,60.937,63.062
08-11-2026 23:36:53,5641,7607,1439,16384,31.0,98.0,16570,VDD_IN,28097,7474,7637,16489,16570,3954,3890,16.0,19.0,21.0,21.0,86.0,23.0,62.0,62.875,61.687,60.656,60.75,62.875
08-11-2026 23:36:54,6282,7607,1439,16384,17.333333333333332,19.0,15296,VDD_IN,25322,7472,5972,16487,15296,3954,4054,20.0,2.0,2.0,6.0,71.0,3.0,62.093,61.843,61.593,60.718,60.781,62.093
08-11-2026 23:36:55,5643,7607,1439,16384,28.833333333333332,99.0,17329,VDD_IN,29425,7473,7977,16488,17329,3954,4119,31.0,16.0,20.0,13.0,78.0,15.0,62.156,63.0,61.625,60.781,60.906,63.0
08-11-2026 23:36:56,5640,7607,1439,16384,34.0,97.0,17250,VDD_IN,29501,7474,8368,16490,17250,3954,3883,21.0,22.0,20.0,19.0,100.0,22.0,61.75,63.062,61.625,60.812,60.968,63.062
08-11-2026 23:36:57,5645,7607,1439,16384,35.166666666666664,97.0,16609,VDD_IN,28215,7475,7716,16490,16609,3954,3890,29.0,35.0,21.0,48.0,66.0,12.0,61.625,62.843,61.656,60.687,60.906,62.843
08-11-2026 23:36:58,6329,7607,1439,16384,19.833333333333332,4.0,14808,VDD_IN,24447,7472,5697,16487,14808,3954,3942,4.0,31.0,4.0,2.0,78.0,0.0,61.625,61.625,61.656,60.656,60.687,61.656
08-11-2026 23:36:59,5639,7607,1439,16384,31.0,99.0,17329,VDD_IN,29503,7473,8016,16488,17329,3955,4158,16.0,27.0,25.0,18.0,22.0,78.0,62.062,62.875,61.468,60.75,60.75,62.875
08-11-2026 23:37:00,5637,7607,1439,16384,30.0,98.0,17172,VDD_IN,29384,7474,8329,16489,17172,3954,3883,18.0,30.0,10.0,18.0,76.0,28.0,62.187,62.906,61.468,60.75,60.812,62.906
08-11-2026 23:37:01,5637,7607,1439,16384,29.833333333333332,98.0,16531,VDD_IN,28097,7474,7676,16490,16531,3954,3890,30.0,13.0,17.0,17.0,58.0,44.0,62.0,62.781,61.562,60.75,60.968,62.781
08-11-2026 23:37:02,6387,7607,1439,16384,22.333333333333332,6.0,14571,VDD_IN,24053,7471,5580,16486,14571,3954,3902,24.0,4.0,7.0,20.0,56.0,23.0,61.625,61.5,61.625,60.718,60.656,61.781
08-11-2026 23:37:03,5646,7607,1439,16384,28.5,99.0,17290,VDD_IN,29386,7472,7938,16488,17290,3955,4158,18.0,13.0,19.0,19.0,85.0,17.0,61.843,63.031,61.687,60.625,60.906,63.031
08-11-2026 23:37:04,5646,7607,1439,16384,33.166666666666664,99.0,17093,VDD_IN,29227,7473,8290,16489,17093,3954,3844,31.0,15.0,18.0,18.0,27.0,90.0,61.937,63.125,61.562,60.75,60.812,63.125
08-11-2026 23:37:05,5639,7607,1439,16384,29.0,99.0,16570,VDD_IN,28136,7474,7676,16489,16570,3954,3890,16.0,18.0,19.0,15.0,56.0,50.0,62.0,63.031,61.531,60.687,60.812,63.031
08-11-2026 23:37:06,6366,7607,1439,16384,22.0,4.0,14373,VDD_IN,23746,7470,5510,16485,14373,3954,3863,4.0,41.0,3.0,5.0,79.0,0.0,61.593,61.687,61.562,60.75,60.718,61.687
08-11-2026 23:37:07,5637,7607,1439,16384,29.166666666666668,99.0,17250,VDD_IN,29385,7471,8016,16487,17250,3954,4119,15.0,22.0,19.0,21.0,86.0,12.0,61.812,63.187,61.531,60.562,60.937,63.187
08-11-2026 23:37:08,5645,7607,1439,16384,35.833333333333336,98.0,17290,VDD_IN,29658,7473,8485,16488,17290,3954,3883,22.0,23.0,33.0,27.0,45.0,65.0,61.812,63.218,61.5,60.687,60.75,63.218
08-11-2026 23:37:09,5640,7607,1439,16384,27.0,97.0,16531,VDD_IN,28058,7473,7637,16488,16531,3954,3890,17.0,12.0,16.0,12.0,42.0,63.0,61.843,62.906,61.531,60.718,60.875,62.906
08-11-2026 23:37:10,6414,7607,1439,16384,19.333333333333332,15.0,14255,VDD_IN,23628,7470,5510,16484,14255,3954,3863,5.0,2.0,4.0,6.0,27.0,72.0,61.75,61.875,61.5,60.656,60.625,62.093
08-11-2026 23:37:11,5642,7607,1439,16384,29.5,99.0,17290,VDD_IN,29307,7471,7820,16486,17290,3954,4197,24.0,20.0,12.0,16.0,19.0,86.0,62.156,62.656,61.625,60.687,60.968,62.656
08-11-2026 23:37:12,5648,7607,1439,16384,32.666666666666664,97.0,17329,VDD_IN,29697,7472,8524,16487,17329,3954,3844,49.0,21.0,17.0,14.0,14.0,81.0,61.812,63.031,61.5,60.843,60.875,63.031
08-11-2026 23:37:13,5643,7607,1439,16384,38.0,97.0,17015,VDD_IN,28966,7473,8068,16488,17015,3954,3883,54.0,17.0,32.0,29.0,28.0,68.0,61.843,63.093,61.625,60.718,60.875,63.093
08-11-2026 23:37:14,6440,7607,1439,16384,22.333333333333332,98.0,15059,VDD_IN,25203,7471,6287,16485,15059,3954,3857,12.0,9.0,12.0,7.0,32.0,62.0,62.093,62.812,61.625,60.781,60.781,62.812
08-11-2026 23:37:15,5645,7607,1439,16384,24.333333333333332,99.0,17211,VDD_IN,28877,7471,7351,16487,17211,3955,4315,19.0,15.0,11.0,9.0,76.0,16.0,62.093,62.718,61.656,60.843,61.0,62.718
08-11-2026 23:37:16,5644,7607,1439,16384,32.0,98.0,17250,VDD_IN,29579,7473,8485,16488,17250,3954,3844,17.0,19.0,15.0,73.0,26.0,42.0,61.75,63.093,61.718,60.656,60.968,63.093
08-11-2026 23:37:17,5645,7607,1439,16384,31.166666666666668,97.0,16491,VDD_IN,28135,7473,7833,16488,16491,3954,3811,34.0,16.0,15.0,20.0,59.0,43.0,61.781,63.093,61.406,60.656,60.812,63.093
08-11-2026 23:37:18,6459,7607,1439,16384,29.5,97.0,15744,VDD_IN,26544,7472,6904,16487,15744,3954,3896,16.0,15.0,12.0,15.0,82.0,37.0,62.468,62.687,61.531,60.687,60.843,62.687
08-11-2026 23:37:19,5712,7607,1439,16384,26.0,98.0,17368,VDD_IN,29151,7472,7468,16488,17368,3955,4315,20.0,12.0,14.0,13.0,12.0,85.0,62.0,62.75,61.687,60.875,60.906,62.75
08-11-2026 23:37:20,5645,7607,1439,16384,33.5,97.0,17211,VDD_IN,29462,7474,8407,16489,17211,3954,3844,21.0,16.0,20.0,18.0,97.0,29.0,62.0,62.937,61.718,60.843,60.937,62.937
08-11-2026 23:37:21,5643,7607,1439,16384,37.0,97.0,16688,VDD_IN,28489,7475,7990,16490,16688,3954,3811,33.0,45.0,25.0,26.0,53.0,40.0,61.781,62.843,61.625,60.625,60.781,62.843
08-11-2026 23:37:22,6435,7607,1439,16384,22.833333333333332,97.0,14492,VDD_IN,24140,7472,5864,16486,14492,3954,3784,35.0,10.0,7.0,12.0,5.0,68.0,62.218,62.343,61.5,60.718,60.718,62.343
08-11-2026 23:37:23,5644,7607,1439,16384,25.833333333333332,99.0,17211,VDD_IN,28916,7472,7390,16488,17211,3955,4315,18.0,18.0,10.0,15.0,8.0,86.0,62.312,62.718,61.562,60.687,60.843,62.718
08-11-2026 23:37:24,5641,7607,1439,16384,36.833333333333336,98.0,17368,VDD_IN,29814,7474,8602,16489,17368,3954,3844,52.0,31.0,24.0,21.0,17.0,76.0,61.781,63.406,61.5,60.812,60.937,63.406
08-11-2026 23:37:25,5641,7607,1439,16384,36.5,97.0,16649,VDD_IN,28371,7475,7911,16489,16649,3954,3811,22.0,58.0,19.0,22.0,18.0,80.0,61.875,63.218,61.531,60.843,60.781,63.218
08-11-2026 23:37:26,6447,7607,1439,16384,22.833333333333332,98.0,15020,VDD_IN,25125,7473,6248,16487,15020,3954,3857,13.0,8.0,10.0,12.0,32.0,62.0,62.062,62.343,61.687,60.625,60.75,62.343
08-11-2026 23:37:27,5645,7607,1439,16384,21.666666666666668,99.0,17290,VDD_IN,28995,7472,7351,16488,17290,3955,4354,11.0,8.0,78.0,7.0,19.0,7.0,62.281,62.281,61.593,60.718,60.937,62.718
08-11-2026 23:37:28,5653,7607,1439,16384,36.166666666666664,98.0,17211,VDD_IN,29423,7474,8407,16489,17211,3954,3805,55.0,22.0,18.0,20.0,86.0,16.0,61.812,63.031,61.562,60.718,60.781,63.031
08-11-2026 23:37:29,5650,7607,1439,16384,39.166666666666664,97.0,17093,VDD_IN,29201,7475,8225,16490,17093,3954,3883,30.0,27.0,65.0,33.0,20.0,60.0,61.875,63.031,61.562,60.75,60.843,63.031
08-11-2026 23:37:30,6429,7607,1439,16384,26.5,98.0,14650,VDD_IN,24406,7473,5972,16487,14650,3954,3784,8.0,9.0,53.0,5.0,4.0,80.0,61.937,62.468,61.593,60.562,60.781,62.468
08-11-2026 23:37:31,5640,7607,1439,16384,26.5,99.0,17250,VDD_IN,28994,7473,7429,16489,17250,3955,4315,15.0,18.0,13.0,29.0,11.0,73.0,62.062,62.5,61.406,60.656,60.906,62.5
08-11-2026 23:37:32,5645,7607,1439,16384,29.0,98.0,17250,VDD_IN,29579,7474,8485,16490,17250,3954,3844,40.0,12.0,14.0,78.0,18.0,12.0,61.875,63.062,61.593,60.687,60.843,63.062
08-11-2026 23:37:33,5642,7607,1439,16384,34.333333333333336,97.0,16609,VDD_IN,28292,7475,7872,16490,16609,3954,3811,20.0,21.0,17.0,76.0,51.0,21.0,61.968,63.062,61.562,60.656,60.812,63.062
08-11-2026 23:37:35,6438,7607,1439,16384,22.833333333333332,97.0,14902,VDD_IN,24895,7473,6130,16487,14902,3954,3863,9.0,7.0,11.0,69.0,9.0,32.0,61.968,62.5,61.5,60.718,60.781,62.5
08-11-2026 23:37:36,5647,7607,1439,16384,28.833333333333332,99.0,17329,VDD_IN,29151,7473,7468,16489,17329,3955,4354,20.0,12.0,16.0,86.0,19.0,20.0,62.031,62.625,61.625,60.625,61.0,62.375
08-11-2026 23:37:37,5644,7607,1439,16384,29.166666666666668,97.0,17290,VDD_IN,29619,7474,8485,16490,17290,3954,3844,14.0,14.0,18.0,78.0,37.0,14.0,61.875,63.093,61.625,60.625,60.812,63.093
08-11-2026 23:37:38,5639,7607,1439,16384,31.833333333333332,97.0,16531,VDD_IN,28097,7475,7755,16490,16531,3954,3811,14.0,15.0,18.0,73.0,47.0,24.0,61.906,62.843,61.531,60.625,60.781,62.843
08-11-2026 23:37:39,6432,7607,1439,16384,24.0,98.0,15217,VDD_IN,25479,7473,6405,16488,15217,3954,3857,18.0,12.0,10.0,43.0,25.0,36.0,62.187,62.406,61.531,60.625,60.812,62.406
08-11-2026 23:37:40,5651,7607,1439,16384,26.5,99.0,17368,VDD_IN,29151,7473,7429,16490,17368,3955,4354,86.0,15.0,17.0,10.0,13.0,18.0,61.843,62.625,61.562,60.718,61.093,62.625
08-11-2026 23:37:41,5641,7607,1439,16384,38.0,98.0,17329,VDD_IN,29736,7475,8563,16491,17329,3955,3844,34.0,25.0,76.0,19.0,54.0,20.0,62.062,63.031,61.625,60.843,60.937,63.031
08-11-2026 23:37:42,5650,7607,1439,16384,27.833333333333332,97.0,16728,VDD_IN,28529,7476,7911,16491,16728,3954,3890,15.0,15.0,68.0,38.0,19.0,12.0,62.0,63.031,61.593,60.625,60.812,63.031
08-11-2026 23:37:43,6449,7607,1439,16384,23.333333333333332,98.0,15138,VDD_IN,25321,7474,6326,16489,15138,3954,3857,27.0,10.0,63.0,11.0,18.0,11.0,62.125,62.5,61.468,60.687,60.718,62.5
08-11-2026 23:37:44,5680,7607,1439,16384,24.0,99.0,17408,VDD_IN,29230,7474,7468,16491,17408,3955,4354,14.0,10.0,12.0,85.0,18.0,5.0,62.062,62.812,61.625,60.687,60.906,63.031
08-11-2026 23:37:45,5642,7607,1439,16384,33.166666666666664,98.0,17172,VDD_IN,29462,7475,8446,16492,17172,3955,3844,17.0,17.0,19.0,87.0,44.0,15.0,61.75,63.343,61.562,60.781,60.937,63.343
08-11-2026 23:37:46,5643,7607,1439,16384,30.833333333333332,97.0,16846,VDD_IN,28687,7476,7990,16492,16846,3955,3851,18.0,19.0,19.0,67.0,18.0,44.0,61.843,63.218,61.625,60.75,60.875,63.218
08-11-2026 23:37:47,6445,7607,1439,16384,29.0,97.0,15296,VDD_IN,25636,7474,6483,16490,15296,3954,3857,49.0,14.0,20.0,43.0,13.0,35.0,62.093,62.843,61.625,60.593,60.75,62.843
08-11-2026 23:37:48,5685,7607,1439,16384,23.5,99.0,17368,VDD_IN,29151,7474,7429,16492,17368,3955,4354,17.0,12.0,18.0,7.0,82.0,5.0,62.0,63.093,61.5,60.625,60.843,63.093
08-11-2026 23:37:49,5648,7607,1439,16384,34.5,98.0,17211,VDD_IN,29501,7476,8446,16493,17211,3955,3844,50.0,20.0,20.0,18.0,85.0,14.0,61.812,62.906,61.562,60.718,60.843,62.906
08-11-2026 23:37:50,5648,7607,1439,16384,32.833333333333336,97.0,16818,VDD_IN,28776,7477,8107,16493,16818,3955,3851,51.0,19.0,26.0,23.0,61.0,17.0,62.093,63.062,61.593,60.75,60.812,63.062
08-11-2026 23:37:51,6450,7607,1439,16384,24.166666666666668,98.0,15138,VDD_IN,25400,7475,6405,16491,15138,3955,3857,13.0,35.0,9.0,12.0,67.0,9.0,62.187,62.625,61.531,60.625,60.875,62.625
08-11-2026 23:37:52,5695,7607,1439,16384,31.333333333333332,99.0,17526,VDD_IN,29505,7475,7625,16493,17526,3955,4354,22.0,21.0,38.0,24.0,71.0,12.0,62.093,62.906,61.625,60.687,60.875,62.906
08-11-2026 23:37:53,5645,7607,1439,16384,36.166666666666664,98.0,17250,VDD_IN,29657,7477,8563,16494,17250,3955,3844,21.0,20.0,94.0,15.0,46.0,21.0,62.093,63.156,61.468,60.75,60.875,63.156
08-11-2026 23:37:54,5648,7607,1439,16384,29.333333333333332,97.0,16806,VDD_IN,28608,7478,7951,16495,16806,3955,3851,43.0,19.0,64.0,15.0,17.0,18.0,62.125,63.125,61.531,60.718,60.875,63.125
08-11-2026 23:37:55,6444,7607,1439,16384,26.333333333333332,98.0,15414,VDD_IN,25912,7477,6641,16493,15414,3955,3857,12.0,14.0,43.0,37.0,13.0,39.0,62.375,62.5,61.593,60.718,60.843,62.5
08-11-2026 23:37:56,5746,7607,1439,16384,24.666666666666668,98.0,17408,VDD_IN,29269,7477,7507,16494,17408,3955,4354,12.0,14.0,15.0,63.0,29.0,15.0,62.031,62.812,61.625,60.656,60.937,62.812
08-11-2026 23:37:57,5649,7607,1439,16384,38.833333333333336,98.0,17486,VDD_IN,30050,7479,8720,16496,17486,3955,3844,78.0,32.0,25.0,23.0,32.0,43.0,62.125,62.968,61.656,60.718,60.968,62.968
08-11-2026 23:37:58,5642,7607,1439,16384,26.333333333333332,97.0,16688,VDD_IN,28450,7479,7911,16496,16688,3955,3851,17.0,13.0,19.0,12.0,35.0,62.0,62.093,62.968,61.468,60.718,60.75,62.968
08-11-2026 23:37:59,6459,7607,1439,16384,28.666666666666668,97.0,15611,VDD_IN,26294,7478,6787,16495,15611,3955,3896,52.0,16.0,14.0,16.0,11.0,63.0,62.375,62.562,61.562,60.781,60.812,62.562
08-11-2026 23:38:00,5823,7607,1439,16384,23.0,98.0,17250,VDD_IN,28955,7478,7390,16496,17250,3955,4315,8.0,27.0,9.0,11.0,3.0,80.0,62.218,62.468,61.625,60.843,60.906,62.468
08-11-2026 23:38:01,5643,7607,1439,16384,35.0,97.0,17172,VDD_IN,29462,7480,8446,16497,17172,3955,3844,19.0,43.0,19.0,20.0,14.0,95.0,61.625,63.156,61.687,60.625,60.937,63.156
08-11-2026 23:38:02,5644,7607,1439,16384,28.166666666666668,97.0,16728,VDD_IN,28490,7480,7911,16497,16728,3955,3851,14.0,40.0,14.0,20.0,70.0,11.0,61.843,63.031,61.718,60.687,60.843,63.031
08-11-2026 23:38:03,6476,7607,1439,16384,32.666666666666664,97.0,15783,VDD_IN,26623,7479,6944,16496,15783,3955,3896,21.0,23.0,35.0,14.0,68.0,35.0,62.437,62.843,61.5,60.718,60.843,62.843
08-11-2026 23:38:04,5874,7607,1439,16384,17.166666666666668,13.0,16728,VDD_IN,28021,7479,7050,16497,16728,3956,4243,10.0,4.0,4.0,6.0,78.0,1.0,61.968,62.437,61.593,60.75,60.875,62.437
08-11-2026 23:38:05,5639,7607,1439,16384,31.333333333333332,98.0,17133,VDD_IN,29345,7480,8368,16498,17133,3955,3844,20.0,15.0,38.0,15.0,89.0,11.0,62.093,63.187,61.687,60.843,60.781,63.187
08-11-2026 23:38:06,5638,7607,1439,16384,33.833333333333336,97.0,16649,VDD_IN,28332,7481,7872,16498,16649,3955,3811,16.0,58.0,16.0,13.0,16.0,84.0,61.781,62.937,61.656,60.625,60.906,62.937
08-11-2026 23:38:07,6467,7607,1439,16384,29.0,97.0,15783,VDD_IN,26623,7480,6904,16497,15783,3955,3936,16.0,51.0,18.0,13.0,13.0,63.0,62.187,62.687,61.531,60.593,60.906,62.687
08-11-2026 23:38:08,5831,7607,1439,16384,22.333333333333332,35.0,17054,VDD_IN,28576,7480,7246,16498,17054,3956,4276,18.0,19.0,9.0,9.0,19.0,60.0,62.281,62.281,61.625,60.75,60.906,62.281
08-11-2026 23:38:09,5635,7607,1439,16384,32.833333333333336,97.0,17211,VDD_IN,29462,7481,8407,16499,17211,3955,3844,42.0,16.0,21.0,20.0,86.0,12.0,61.593,63.0,61.562,60.75,60.937,63.0
08-11-2026 23:38:10,5637,7607,1439,16384,31.166666666666668,97.0,16846,VDD_IN,28726,7482,7990,16499,16846,3955,3890,20.0,46.0,20.0,18.0,69.0,14.0,61.781,63.125,61.718,60.718,60.812,63.125
08-11-2026 23:38:11,6464,7607,1439,16384,28.5,99.0,15901,VDD_IN,26859,7481,7022,16498,15901,3955,3936,15.0,38.0,16.0,18.0,44.0,40.0,62.187,63.062,61.687,60.718,60.812,63.062
08-11-2026 23:38:12,5951,7607,1439,16384,20.0,17.0,16688,VDD_IN,27863,7480,6932,16499,16688,3956,4243,6.0,7.0,28.0,1.0,0.0,78.0,62.468,62.437,61.468,60.687,60.812,62.468
08-11-2026 23:38:13,5638,7607,1439,16384,28.666666666666668,99.0,17565,VDD_IN,30013,7481,8329,16500,17565,3956,4119,15.0,25.0,31.0,15.0,13.0,73.0,62.25,63.156,61.562,60.687,61.031,63.156
08-11-2026 23:38:14,5645,7607,1439,16384,39.333333333333336,97.0,17172,VDD_IN,29423,7483,8368,16501,17172,3956,3883,20.0,31.0,30.0,56.0,18.0,81.0,61.781,62.968,61.593,60.843,60.968,62.968
08-11-2026 23:38:15,5635,7607,1439,16384,27.833333333333332,97.0,16255,VDD_IN,27520,7483,7375,16501,16255,3956,3890,20.0,15.0,19.0,38.0,11.0,64.0,61.875,62.968,61.625,60.656,60.843,62.968
08-11-2026 23:38:16,6264,7607,1439,16384,18.0,19.0,15375,VDD_IN,25509,7480,6041,16499,15375,3956,4093,3.0,3.0,8.0,12.0,32.0,50.0,61.843,61.812,61.781,60.656,60.718,61.843
08-11-2026 23:38:17,5637,7607,1439,16384,30.166666666666668,99.0,17290,VDD_IN,29425,7481,8016,16500,17290,3956,4119,15.0,16.0,18.0,23.0,31.0,78.0,62.031,63.031,61.625,60.687,60.937,63.031
08-11-2026 23:38:18,5637,7607,1439,16384,35.666666666666664,97.0,17211,VDD_IN,29423,7483,8368,16501,17211,3956,3844,24.0,22.0,22.0,19.0,43.0,84.0,61.843,63.0,61.625,60.812,60.906,63.0
08-11-2026 23:38:19,5635,7607,1439,16384,33.0,97.0,16570,VDD_IN,28136,7483,7676,16502,16570,3956,3890,16.0,26.0,26.0,20.0,48.0,62.0,61.875,62.781,61.625,60.593,60.843,62.781
08-11-2026 23:38:20,6343,7607,1439,16384,17.0,6.0,14650,VDD_IN,24172,7480,5580,16499,14650,3956,3942,3.0,3.0,4.0,5.0,22.0,65.0,61.625,61.687,61.781,60.687,60.625,61.781
08-11-2026 23:38:21,5638,7607,1439,16384,30.166666666666668,99.0,17290,VDD_IN,29425,7481,8016,16500,17290,3956,4119,74.0,14.0,25.0,19.0,30.0,19.0,61.968,62.906,61.625,60.75,60.906,62.906
08-11-2026 23:38:22,5636,7607,1439,16384,32.333333333333336,97.0,16936,VDD_IN,28998,7482,8211,16501,16936,3956,3851,40.0,13.0,16.0,15.0,65.0,45.0,62.156,63.031,61.625,60.75,60.812,63.031
08-11-2026 23:38:23,5637,7607,1439,16384,31.5,97.0,16373,VDD_IN,27822,7482,7598,16500,16373,3956,3851,43.0,15.0,20.0,18.0,50.0,43.0,62.031,63.062,61.625,60.843,60.968,63.062
08-11-2026 23:38:24,6355,7607,1439,16384,22.5,6.0,14902,VDD_IN,24698,7480,5815,16498,14902,3956,3981,70.0,9.0,11.0,8.0,8.0,29.0,61.875,61.843,61.75,60.687,60.75,61.875
08-11-2026 23:38:25,5643,7607,1439,16384,32.166666666666664,99.0,17329,VDD_IN,29503,7480,8055,16499,17329,3956,4119,30.0,21.0,20.0,22.0,80.0,20.0,61.812,63.187,61.593,60.75,60.937,63.187
08-11-2026 23:38:26,5642,7607,1439,16384,29.666666666666668,97.0,17250,VDD_IN,29540,7482,8407,16500,17250,3956,3883,20.0,14.0,17.0,29.0,81.0,17.0,61.906,63.031,61.625,60.687,60.781,63.031
08-11-2026 23:38:27,5643,7607,1439,16384,35.5,98.0,16767,VDD_IN,28568,7483,7911,16501,16767,3956,3890,23.0,59.0,37.0,20.0,57.0,17.0,62.031,62.968,61.625,60.812,60.937,62.968
08-11-2026 23:38:28,6428,7607,1439,16384,19.833333333333332,98.0,14768,VDD_IN,24525,7480,5855,16498,14768,3956,3902,8.0,34.0,50.0,7.0,17.0,3.0,62.062,62.343,61.656,60.718,60.843,62.343
08-11-2026 23:38:29,5643,7607,1439,16384,26.333333333333332,99.0,17329,VDD_IN,29191,7480,7547,16499,17329,3956,4315,16.0,14.0,17.0,11.0,86.0,14.0,62.187,62.437,61.562,60.718,60.937,62.437
08-11-2026 23:38:30,5642,7607,1439,16384,38.166666666666664,98.0,17447,VDD_IN,29893,7482,8602,16501,17447,3956,3844,33.0,26.0,21.0,24.0,84.0,41.0,62.0,63.187,61.625,60.625,60.812,63.187
08-11-2026 23:38:31,5640,7607,1439,16384,29.833333333333332,97.0,16975,VDD_IN,28933,7483,8068,16502,16975,3956,3890,29.0,14.0,20.0,20.0,28.0,68.0,61.937,63.062,61.562,60.593,60.875,63.281
08-11-2026 23:38:32,6441,7607,1439,16384,26.0,98.0,15414,VDD_IN,25872,7481,6601,16500,15414,3956,3857,16.0,12.0,16.0,35.0,9.0,68.0,62.375,62.906,61.625,60.875,60.843,62.906
08-11-2026 23:38:33,5755,7607,1439,16384,26.333333333333332,98.0,17565,VDD_IN,29505,7482,7586,16502,17565,3957,4354,11.0,31.0,13.0,11.0,8.0,84.0,62.062,63.125,61.687,60.687,60.937,63.125
08-11-2026 23:38:34,5639,7607,1439,16384,33.666666666666664,97.0,17290,VDD_IN,29619,7483,8485,16503,17290,3956,3844,19.0,41.0,18.0,17.0,13.0,94.0,61.812,63.375,61.656,60.625,60.812,63.375
08-11-2026 23:38:35,5639,7607,1439,16384,40.833333333333336,97.0,17211,VDD_IN,29384,7484,8329,16504,17211,3956,3844,21.0,61.0,37.0,29.0,19.0,78.0,62.5,63.343,61.562,60.781,60.875,63.343
08-11-2026 23:38:36,6459,7607,1439,16384,27.333333333333332,97.0,15572,VDD_IN,26176,7483,6747,16502,15572,3956,3857,14.0,15.0,17.0,19.0,37.0,62.0,62.343,62.718,61.625,60.843,60.843,62.718
08-11-2026 23:38:37,5805,7607,1439,16384,20.333333333333332,88.0,17133,VDD_IN,28721,7483,7273,16503,17133,3957,4315,5.0,4.0,9.0,11.0,12.0,81.0,61.937,62.343,61.687,60.625,60.812,62.343
08-11-2026 23:38:38,5641,7607,1439,16384,31.666666666666668,99.0,17408,VDD_IN,29854,7485,8602,16505,17408,3956,3844,33.0,18.0,18.0,16.0,82.0,23.0,61.593,63.218,61.75,60.625,60.875,63.218
08-11-2026 23:38:39,5640,7607,1439,16384,35.333333333333336,97.0,16857,VDD_IN,28776,7485,8068,16505,16857,3956,3851,19.0,14.0,59.0,19.0,14.0,87.0,61.937,63.031,61.531,60.718,60.812,63.406
08-11-2026 23:38:40,6473,7607,1439,16384,29.333333333333332,98.0,15744,VDD_IN,26584,7485,6944,16504,15744,3956,3896,21.0,17.0,18.0,16.0,38.0,66.0,62.5,63.093,61.562,60.812,60.843,63.093
08-11-2026 23:38:41,5911,7607,1439,16384,21.0,14.0,16649,VDD_IN,27903,7484,7011,16504,16649,3957,4243,9.0,6.0,41.0,16.0,46.0,8.0,61.812,61.968,61.656,60.875,60.968,61.968
08-11-2026 23:38:42,5644,7607,1439,16384,26.833333333333332,99.0,17486,VDD_IN,29895,7485,8329,16506,17486,3957,4080,14.0,15.0,12.0,14.0,73.0,33.0,62.031,62.75,61.687,60.687,60.906,62.75
08-11-2026 23:38:43,5646,7607,1439,16384,32.0,97.0,17015,VDD_IN,29031,7486,8133,16506,17015,3957,3883,41.0,16.0,21.0,20.0,23.0,71.0,62.062,63.062,61.593,60.75,60.812,63.062
08-11-2026 23:38:44,6422,7607,1440,16384,28.833333333333332,98.0,16019,VDD_IN,27088,7486,7179,16506,16019,3957,3890,19.0,18.0,18.0,39.0,13.0,66.0,62.062,62.843,61.531,60.687,61.0,62.843
08-11-2026 23:38:45,6119,7607,1440,16384,20.333333333333332,17.0,16176,VDD_IN,26960,7484,6580,16505,16176,3957,4204,5.0,31.0,2.0,2.0,2.0,80.0,62.218,61.968,61.531,60.812,60.843,62.218
08-11-2026 23:38:46,5653,7607,1440,16384,38.833333333333336,99.0,17643,VDD_IN,30130,7486,8329,16507,17643,3957,4158,33.0,44.0,36.0,24.0,20.0,76.0,61.781,62.937,61.687,60.656,61.062,62.937
08-11-2026 23:38:47,5649,7607,1440,16384,31.833333333333332,98.0,17133,VDD_IN,29306,7487,8290,16508,17133,3957,3883,19.0,19.0,15.0,42.0,16.0,80.0,61.906,63.187,61.5,60.656,60.937,63.187
08-11-2026 23:38:48,5648,7607,1440,16384,32.166666666666664,97.0,16531,VDD_IN,28019,7487,7598,16508,16531,3957,3890,20.0,56.0,17.0,19.0,18.0,63.0,62.062,62.843,61.593,60.687,60.875,62.843
08-11-2026 23:38:49,6308,7607,1440,16384,20.0,17.0,15375,VDD_IN,25470,7485,6041,16506,15375,3957,4054,3.0,1.0,39.0,3.0,0.0,74.0,62.281,61.812,61.625,60.75,60.781,62.093
08-11-2026 23:38:50,5646,7607,1440,16384,31.5,99.0,17368,VDD_IN,29581,7486,8055,16507,17368,3957,4158,19.0,24.0,29.0,20.0,17.0,80.0,62.156,63.0,61.656,60.906,60.937,63.0
08-11-2026 23:38:51,5643,7607,1440,16384,29.5,97.0,17093,VDD_IN,29266,7487,8290,16508,17093,3957,3883,58.0,12.0,16.0,14.0,45.0,32.0,61.718,62.968,61.625,60.625,61.031,62.968
08-11-2026 23:38:52,5648,7607,1440,16384,34.333333333333336,98.0,16609,VDD_IN,28215,7487,7716,16508,16609,3957,3890,56.0,36.0,28.0,21.0,48.0,17.0,61.906,62.906,61.75,60.781,60.812,62.906
08-11-2026 23:38:53,6372,7607,1440,16384,17.0,6.0,14413,VDD_IN,23786,7484,5471,16505,14413,3957,3902,27.0,3.0,2.0,4.0,66.0,0.0,61.937,61.593,61.625,60.718,60.812,61.937
08-11-2026 23:38:54,5645,7607,1440,16384,29.5,99.0,17250,VDD_IN,29346,7485,7977,16506,17250,3957,4119,23.0,16.0,15.0,19.0,20.0,84.0,62.343,63.187,61.625,60.75,60.906,63.187
08-11-2026 23:38:55,5643,7607,1440,16384,31.833333333333332,98.0,17290,VDD_IN,29619,7486,8446,16508,17290,3957,3883,17.0,21.0,17.0,66.0,43.0,27.0,62.187,63.281,61.656,60.781,60.781,63.281
08-11-2026 23:38:56,5637,7607,1440,16384,32.666666666666664,97.0,16897,VDD_IN,28816,7487,8029,16508,16897,3957,3890,19.0,20.0,55.0,26.0,54.0,22.0,61.718,63.281,61.593,60.718,61.0,63.281
08-11-2026 23:38:57,6423,7607,1440,16384,26.333333333333332,76.0,14571,VDD_IN,24249,7485,5815,16505,14571,3957,3863,17.0,17.0,9.0,14.0,66.0,35.0,61.968,62.5,61.718,60.718,60.75,62.5
08-11-2026 23:38:58,5646,7607,1440,16384,27.166666666666668,99.0,17329,VDD_IN,29230,7485,7586,16507,17329,3958,4315,25.0,11.0,14.0,12.0,15.0,86.0,62.406,62.5,61.562,60.781,60.968,62.5
08-11-2026 23:38:59,5645,7607,1440,16384,33.0,97.0,17290,VDD_IN,29619,7486,8485,16508,17290,3957,3844,22.0,19.0,18.0,16.0,40.0,83.0,62.187,63.156,61.625,60.75,60.968,63.156
08-11-2026 23:39:00,5641,7607,1440,16384,31.5,98.0,16936,VDD_IN,28887,7487,8068,16508,16936,3957,3883,21.0,48.0,22.0,17.0,13.0,68.0,61.843,63.062,61.687,60.843,60.937,63.062
08-11-2026 23:39:01,6440,7607,1440,16384,24.666666666666668,98.0,14902,VDD_IN,24895,7485,6169,16506,14902,3957,3824,11.0,39.0,9.0,9.0,7.0,73.0,62.218,62.562,61.5,60.75,60.812,62.562
08-11-2026 23:39:02,5645,7607,1440,16384,26.5,99.0,17565,VDD_IN,29505,7485,7586,16508,17565,3958,4354,21.0,19.0,12.0,17.0,4.0,86.0,62.406,62.687,61.593,60.812,61.0,63.062
08-11-2026 23:39:03,5644,7607,1440,16384,32.5,98.0,17368,VDD_IN,29775,7487,8563,16509,17368,3958,3844,28.0,23.0,15.0,19.0,30.0,80.0,62.0,63.406,61.593,60.718,60.875,63.406
08-11-2026 23:39:04,5641,7607,1440,16384,33.333333333333336,97.0,17054,VDD_IN,29031,7488,8094,16510,17054,3957,3883,43.0,22.0,16.0,40.0,13.0,66.0,62.187,63.312,61.531,60.812,60.906,63.312
08-11-2026 23:39:05,6438,7607,1440,16384,26.0,98.0,14689,VDD_IN,24564,7486,6130,16507,14689,3957,3745,41.0,10.0,12.0,11.0,10.0,72.0,62.187,62.437,61.656,60.625,60.875,62.437
08-11-2026 23:39:06,5694,7607,1440,16384,27.833333333333332,99.0,17565,VDD_IN,29466,7486,7547,16508,17565,3958,4354,31.0,12.0,13.0,13.0,85.0,13.0,62.093,62.687,61.718,60.781,60.937,62.687
08-11-2026 23:39:07,5641,7607,1440,16384,33.0,97.0,17329,VDD_IN,29736,7487,8563,16510,17329,3958,3844,42.0,17.0,16.0,19.0,90.0,14.0,62.0,63.125,61.593,60.687,60.906,63.125
08-11-2026 23:39:08,5642,7607,1440,16384,36.833333333333336,97.0,17093,VDD_IN,29187,7488,8211,16510,17093,3957,3883,27.0,32.0,23.0,51.0,67.0,21.0,61.781,63.125,61.5,60.781,60.875,63.125
08-11-2026 23:39:09,6442,7607,1440,16384,28.666666666666668,97.0,15651,VDD_IN,26412,7488,6865,16509,15651,3957,3896,16.0,14.0,19.0,46.0,42.0,35.0,62.375,62.781,61.75,60.812,60.843,62.781
08-11-2026 23:39:10,5841,7607,1440,16384,28.0,32.0,17329,VDD_IN,29034,7487,7390,16510,17329,3958,4315,33.0,14.0,15.0,14.0,11.0,81.0,62.093,62.531,61.687,60.625,61.031,62.531
08-11-2026 23:39:11,5642,7607,1440,16384,31.5,97.0,17250,VDD_IN,29540,7489,8446,16511,17250,3958,3844,39.0,14.0,15.0,17.0,11.0,93.0,61.781,63.187,61.75,60.687,60.875,63.187
08-11-2026 23:39:12,5643,7607,1440,16384,30.166666666666668,99.0,17015,VDD_IN,29031,7490,8133,16512,17015,3958,3883,22.0,17.0,50.0,35.0,41.0,16.0,62.375,63.187,61.531,60.625,60.875,63.187
08-11-2026 23:39:13,6453,7607,1440,16384,30.666666666666668,98.0,14981,VDD_IN,25164,7488,6405,16510,14981,3957,3778,16.0,18.0,72.0,25.0,12.0,41.0,62.468,62.812,61.562,60.781,60.875,62.531
08-11-2026 23:39:14,5740,7607,1441,16384,23.0,98.0,17526,VDD_IN,29427,7488,7547,16511,17526,3958,4354,6.0,7.0,84.0,7.0,24.0,10.0,62.406,62.875,61.718,60.781,60.968,62.875
08-11-2026 23:39:15,5644,7607,1441,16384,31.666666666666668,97.0,17329,VDD_IN,29697,7490,8524,16513,17329,3958,3844,14.0,15.0,95.0,13.0,39.0,14.0,61.937,63.125,61.625,60.687,60.968,63.125
08-11-2026 23:39:16,5641,7607,1441,16384,28.666666666666668,97.0,16897,VDD_IN,28855,7491,8068,16513,16897,3958,3890,44.0,15.0,30.0,12.0,28.0,43.0,61.906,62.937,61.625,60.656,60.875,62.937
08-11-2026 23:39:17,6465,7607,1441,16384,30.333333333333332,97.0,15901,VDD_IN,26852,7490,7022,16512,15901,3958,3929,18.0,52.0,14.0,15.0,15.0,68.0,62.531,62.687,61.593,60.781,60.968,62.687
08-11-2026 23:39:18,5905,7607,1441,16384,21.666666666666668,17.0,16975,VDD_IN,28457,7489,7206,16513,16975,3958,4276,5.0,28.0,4.0,6.0,8.0,79.0,62.093,62.281,61.625,60.812,60.968,62.281
08-11-2026 23:39:19,5648,7607,1441,16384,38.666666666666664,99.0,17408,VDD_IN,29815,7491,8563,16514,17408,3958,3844,22.0,42.0,26.0,25.0,74.0,43.0,62.031,63.343,61.687,60.718,60.875,63.343
08-11-2026 23:39:20,5638,7607,1441,16384,33.333333333333336,97.0,17172,VDD_IN,29385,7492,8290,16515,17172,3958,3923,20.0,45.0,14.0,23.0,25.0,73.0,61.906,63.312,61.593,60.656,60.875,63.312
08-11-2026 23:39:21,6469,7607,1441,16384,31.166666666666668,98.0,16413,VDD_IN,27796,7492,7454,16515,16413,3958,3929,47.0,17.0,20.0,21.0,19.0,63.0,62.093,63.062,61.562,60.781,60.906,63.062
08-11-2026 23:39:22,6103,7607,1441,16384,19.166666666666668,17.0,15901,VDD_IN,26467,7491,6434,16514,15901,3958,4132,8.0,18.0,3.0,5.0,2.0,79.0,62.062,62.187,61.718,60.718,60.875,62.187
08-11-2026 23:39:23,5640,7607,1441,16384,32.0,99.0,17526,VDD_IN,29817,7491,8172,16515,17526,3958,4119,20.0,33.0,15.0,20.0,17.0,87.0,61.718,63.25,61.656,60.812,61.062,63.25
08-11-2026 23:39:24,5639,7607,1441,16384,37.0,97.0,17486,VDD_IN,29932,7493,8563,16517,17486,3958,3883,23.0,60.0,63.0,19.0,23.0,34.0,62.093,63.156,61.625,60.687,61.031,63.156
08-11-2026 23:39:25,5637,7607,1441,16384,28.333333333333332,97.0,16570,VDD_IN,28175,7493,7676,16517,16570,3958,3929,18.0,19.0,34.0,32.0,40.0,27.0,61.875,62.968,61.718,60.718,60.843,62.968
08-11-2026 23:39:26,6358,7607,1441,16384,17.0,12.0,14808,VDD_IN,24408,7491,5619,16514,14808,3958,3981,8.0,4.0,2.0,1.0,21.0,66.0,61.75,61.781,61.531,60.812,60.75,61.781
08-11-2026 23:39:27,5638,7607,1441,16384,25.833333333333332,99.0,17250,VDD_IN,29346,7491,7977,16515,17250,3958,4119,16.0,12.0,20.0,73.0,15.0,19.0,62.187,63.093,61.656,60.718,61.0,63.093
08-11-2026 23:39:28,5636,7607,1441,16384,36.666666666666664,98.0,17408,VDD_IN,29854,7493,8563,16517,17408,3958,3883,21.0,19.0,92.0,17.0,18.0,53.0,62.156,63.218,61.531,60.812,60.937,63.218
08-11-2026 23:39:29,5636,7607,1441,16384,37.166666666666664,98.0,16818,VDD_IN,28698,7493,7990,16517,16818,3958,3890,26.0,18.0,80.0,21.0,22.0,56.0,62.093,63.062,61.625,60.593,60.968,63.062
08-11-2026 23:39:30,6427,7607,1441,16384,28.166666666666668,98.0,15217,VDD_IN,25440,7492,6287,16515,15217,3958,3936,11.0,38.0,10.0,23.0,44.0,43.0,62.125,62.593,61.781,60.656,60.843,62.593
08-11-2026 23:39:31,5638,7607,1441,16384,26.5,99.0,17408,VDD_IN,29348,7492,7586,16517,17408,3959,4354,15.0,86.0,15.0,15.0,15.0,13.0,62.031,62.375,61.593,60.75,61.093,62.375
08-11-2026 23:39:32,5642,7607,1441,16384,32.5,98.0,17447,VDD_IN,29932,7494,8641,16518,17447,3959,3844,16.0,29.0,88.0,17.0,31.0,14.0,62.343,63.062,61.625,60.75,61.031,63.062
08-11-2026 23:39:33,5642,7607,1441,16384,34.0,97.0,17093,VDD_IN,29227,7494,8211,16519,17093,3958,3923,19.0,15.0,66.0,26.0,21.0,57.0,62.343,62.937,61.625,60.843,60.968,62.937
08-11-2026 23:39:34,6472,7607,1441,16384,30.166666666666668,99.0,16137,VDD_IN,27206,7494,7140,16518,16137,3958,3929,31.0,13.0,70.0,14.0,43.0,10.0,62.125,62.718,61.687,60.625,60.968,62.718
08-11-2026 23:39:35,5964,7607,1441,16384,23.666666666666668,17.0,16806,VDD_IN,28178,7493,7089,16518,16806,3959,4283,16.0,5.0,80.0,5.0,35.0,1.0,61.875,62.093,61.781,60.718,61.0,62.093
08-11-2026 23:39:36,5644,7607,1441,16384,33.0,99.0,17526,VDD_IN,30051,7495,8485,16520,17526,3959,4040,20.0,18.0,37.0,19.0,90.0,14.0,62.0,62.906,61.562,60.812,60.968,62.906
08-11-2026 23:39:37,5643,7607,1441,16384,34.5,97.0,17250,VDD_IN,29501,7496,8368,16521,17250,3959,3883,18.0,21.0,17.0,53.0,23.0,75.0,62.156,63.062,61.625,60.781,60.906,63.062
08-11-2026 23:39:38,6170,7607,1441,16384,33.666666666666664,98.0,16767,VDD_IN,28490,7496,7794,16521,16767,3959,3929,23.0,60.0,19.0,21.0,44.0,35.0,62.125,62.843,61.625,60.75,61.0,62.843
08-11-2026 23:39:39,6264,7607,1441,16384,18.666666666666668,17.0,15454,VDD_IN,25627,7494,6080,16520,15454,3959,4093,58.0,28.0,5.0,7.0,14.0,0.0,62.312,62.062,61.718,60.843,60.906,62.312
08-11-2026 23:39:40,5649,7607,1441,16384,31.5,99.0,17604,VDD_IN,29973,7495,8211,16521,17604,3959,4158,31.0,80.0,20.0,32.0,12.0,14.0,61.906,63.218,61.718,60.75,61.093,63.218
08-11-2026 23:39:41,5647,7607,1441,16384,33.166666666666664,99.0,17368,VDD_IN,29697,7497,8446,16522,17368,3959,3883,20.0,23.0,16.0,42.0,77.0,21.0,61.937,63.343,61.593,60.687,60.875,63.343
08-11-2026 23:39:42,5640,7607,1441,16384,30.0,97.0,16728,VDD_IN,28412,7497,7794,16523,16728,3959,3890,43.0,21.0,20.0,17.0,64.0,15.0,62.062,63.218,61.593,60.812,60.937,63.218
08-11-2026 23:39:43,6389,7607,1441,16384,19.833333333333332,4.0,14255,VDD_IN,23510,7494,5392,16520,14255,3959,3863,3.0,2.0,26.0,11.0,41.0,36.0,62.125,61.875,61.656,60.875,60.781,61.937
08-11-2026 23:39:44,5642,7607,1441,16384,29.833333333333332,99.0,17329,VDD_IN,29464,7495,7977,16521,17329,3959,4158,18.0,17.0,25.0,22.0,21.0,76.0,62.25,63.25,61.656,60.843,61.0,63.25
08-11-2026 23:39:45,5642,7607,1441,16384,36.333333333333336,98.0,17526,VDD_IN,30011,7496,8602,16522,17526,3959,3883,20.0,20.0,53.0,20.0,84.0,21.0,61.75,63.437,61.656,60.781,60.937,63.437
08-11-2026 23:39:46,5643,7607,1441,16384,37.166666666666664,97.0,17133,VDD_IN,29228,7497,8172,16523,17133,3959,3923,31.0,24.0,27.0,20.0,66.0,55.0,61.937,63.062,61.625,60.718,60.937,63.062
08-11-2026 23:39:47,6438,7607,1441,16384,24.666666666666668,98.0,14705,VDD_IN,24580,7495,6051,16520,14705,3959,3824,25.0,11.0,8.0,9.0,62.0,33.0,62.468,62.531,61.625,60.812,60.875,62.531
08-11-2026 23:39:48,5647,7607,1441,16384,28.666666666666668,99.0,17368,VDD_IN,29190,7495,7468,16522,17368,3959,4354,86.0,19.0,20.0,17.0,16.0,14.0,61.968,62.562,61.687,60.75,61.125,62.562
08-11-2026 23:39:49,5645,7607,1441,16384,34.0,97.0,17486,VDD_IN,30010,7497,8641,16523,17486,3959,3883,36.0,29.0,24.0,22.0,72.0,21.0,62.031,63.218,61.718,60.656,60.906,63.218
08-11-2026 23:39:50,5644,7607,1441,16384,29.166666666666668,97.0,16936,VDD_IN,28881,7498,8055,16523,16936,3959,3890,25.0,26.0,13.0,17.0,59.0,35.0,61.843,63.437,61.687,60.625,60.906,63.437
08-11-2026 23:39:51,6463,7607,1441,16384,44.0,97.0,16373,VDD_IN,27704,7497,7363,16523,16373,3959,3968,34.0,33.0,44.0,36.0,79.0,38.0,62.562,63.031,61.562,60.781,61.031,63.031
08-11-2026 23:39:52,5898,7607,1441,16384,24.166666666666668,40.0,17054,VDD_IN,28615,7497,7246,16524,17054,3960,4315,13.0,6.0,30.0,10.0,6.0,80.0,62.593,62.781,61.687,60.843,61.0,62.781
08-11-2026 23:39:53,5641,7607,1441,16384,33.666666666666664,99.0,17761,VDD_IN,30287,7498,8368,16525,17761,3960,4158,22.0,23.0,39.0,22.0,17.0,79.0,62.062,62.843,61.718,60.812,61.062,62.843
08-11-2026 23:39:54,5640,7607,1441,16384,33.333333333333336,98.0,17250,VDD_IN,29501,7499,8368,16526,17250,3960,3883,20.0,38.0,14.0,61.0,46.0,21.0,61.781,63.062,61.687,60.75,61.0,63.218
08-11-2026 23:39:55,5643,7607,1441,16384,32.166666666666664,97.0,16570,VDD_IN,28175,7500,7676,16527,16570,3960,3929,29.0,15.0,18.0,17.0,72.0,42.0,61.968,63.031,61.812,60.781,61.031,63.031
08-11-2026 23:39:56,6287,7607,1441,16384,17.333333333333332,19.0,15296,VDD_IN,25362,7498,6012,16525,15296,3960,4054,31.0,3.0,1.0,4.0,42.0,23.0,62.062,61.937,61.687,60.781,60.875,62.093
08-11-2026 23:39:57,5644,7607,1441,16384,33.166666666666664,99.0,17447,VDD_IN,29660,7498,8055,16526,17447,3960,4158,41.0,24.0,22.0,22.0,80.0,10.0,62.093,63.218,61.656,60.812,61.0,63.218
08-11-2026 23:39:58,5641,7607,1441,16384,31.0,98.0,17329,VDD_IN,29619,7500,8407,16527,17329,3960,3883,27.0,18.0,16.0,16.0,39.0,70.0,61.937,63.25,61.656,60.812,61.031,63.25
08-11-2026 23:39:59,5640,7607,1441,16384,30.333333333333332,97.0,16767,VDD_IN,28490,7500,7794,16527,16767,3960,3929,20.0,17.0,16.0,53.0,12.0,64.0,61.968,63.125,61.75,60.812,60.937,63.125
08-11-2026 23:40:00,6416,7607,1441,16384,22.333333333333332,57.0,14902,VDD_IN,24771,7498,5933,16525,14902,3960,3936,42.0,5.0,4.0,9.0,3.0,71.0,62.062,62.312,61.625,60.781,60.812,62.312
08-11-2026 23:40:01,5640,7607,1441,16384,29.333333333333332,99.0,17447,VDD_IN,29426,7498,7703,16527,17447,3960,4276,24.0,19.0,13.0,21.0,13.0,86.0,62.593,62.562,61.75,60.843,61.031,62.593
08-11-2026 23:40:02,5643,7607,1441,16384,34.333333333333336,97.0,17643,VDD_IN,30285,7500,8759,16528,17643,3960,3883,43.0,33.0,17.0,20.0,15.0,78.0,62.093,63.156,61.625,60.843,61.0,63.156
08-11-2026 23:40:03,5644,7607,1440,16384,32.0,97.0,17172,VDD_IN,29345,7501,8250,16529,17172,3960,3923,20.0,52.0,20.0,24.0,13.0,63.0,61.906,63.062,61.625,60.875,61.062,63.062
08-11-2026 23:40:04,6455,7607,1440,16384,29.166666666666668,98.0,15296,VDD_IN,25715,7500,6562,16527,15296,3960,3857,18.0,41.0,16.0,12.0,10.0,78.0,62.343,62.687,61.718,60.718,61.093,62.687
08-11-2026 23:40:05,5766,7607,1440,16384,23.5,98.0,17565,VDD_IN,29505,7500,7586,16529,17565,3961,4354,5.0,7.0,27.0,9.0,10.0,83.0,62.593,63.0,61.593,60.687,60.968,63.0
08-11-2026 23:40:06,5640,7607,1440,16384,30.5,99.0,17643,VDD_IN,30246,7501,8563,16530,17643,3961,4040,20.0,14.0,40.0,18.0,19.0,72.0,62.343,63.25,61.718,60.75,61.093,63.25
08-11-2026 23:40:07,5643,7607,1440,16384,34.166666666666664,97.0,17211,VDD_IN,29423,7502,8329,16531,17211,3961,3883,23.0,49.0,16.0,20.0,81.0,16.0,61.968,63.343,61.625,60.843,61.031,63.343
08-11-2026 23:40:08,5640,7607,1440,16384,35.166666666666664,97.0,15980,VDD_IN,27010,7502,7140,16530,15980,3961,3890,47.0,20.0,32.0,22.0,74.0,16.0,61.937,63.093,61.687,60.875,60.968,63.093
08-11-2026 23:40:09,6037,7607,1440,16384,18.5,17.0,16137,VDD_IN,26960,7501,6619,16530,16137,3961,4204,21.0,15.0,9.0,2.0,60.0,4.0,62.062,62.218,61.75,60.812,60.875,62.218
08-11-2026 23:40:10,5648,7607,1440,16384,29.333333333333332,99.0,17408,VDD_IN,29660,7501,8094,16531,17408,3961,4158,17.0,25.0,18.0,76.0,25.0,15.0,62.0,63.031,61.531,60.75,60.906,63.031
08-11-2026 23:40:11,5644,7607,1440,16384,35.333333333333336,98.0,17250,VDD_IN,29540,7503,8407,16532,17250,3961,3883,19.0,18.0,28.0,51.0,31.0,65.0,62.343,63.187,61.625,60.75,60.968,63.187
08-11-2026 23:40:12,5638,7607,1440,16384,30.5,97.0,16728,VDD_IN,28412,7503,7755,16532,16728,3961,3929,18.0,22.0,20.0,22.0,50.0,51.0,61.875,62.937,61.593,60.875,60.937,62.937
08-11-2026 23:40:13,6361,7607,1440,16384,23.5,7.0,15020,VDD_IN,24889,7501,5855,16530,15020,3961,4014,12.0,8.0,29.0,13.0,79.0,0.0,62.093,61.875,61.687,60.687,60.781,62.093
08-11-2026 23:40:14,5639,7607,1440,16384,31.166666666666668,99.0,17368,VDD_IN,29542,7501,8055,16531,17368,3961,4119,17.0,19.0,27.0,25.0,76.0,23.0,62.25,63.375,61.656,60.718,60.968,63.375
08-11-2026 23:40:15,5637,7607,1440,16384,32.333333333333336,97.0,17368,VDD_IN,29736,7503,8485,16532,17368,3961,3883,17.0,15.0,43.0,67.0,13.0,39.0,62.093,63.562,61.625,60.781,61.0,63.562
08-11-2026 23:40:16,5640,7607,1440,16384,31.333333333333332,97.0,17015,VDD_IN,29032,7503,8094,16533,17015,3961,3923,20.0,28.0,19.0,49.0,53.0,19.0,62.156,63.437,61.625,60.875,61.0,63.156
08-11-2026 23:40:17,6449,7607,1440,16384,27.333333333333332,98.0,15901,VDD_IN,26780,7503,6904,16532,15901,3961,3975,13.0,11.0,13.0,47.0,68.0,12.0,62.312,62.843,61.781,60.75,61.062,62.843
08-11-2026 23:40:18,5723,7607,1440,16384,23.5,98.0,17565,VDD_IN,29544,7503,7625,16533,17565,3962,4354,13.0,15.0,10.0,15.0,83.0,5.0,62.437,62.906,61.625,60.781,61.031,62.906
08-11-2026 23:40:19,5646,7607,1440,16384,35.333333333333336,99.0,17447,VDD_IN,29932,7504,8602,16535,17447,3962,3883,36.0,16.0,26.0,32.0,28.0,74.0,62.125,63.531,61.781,60.843,60.968,63.531
08-11-2026 23:40:20,5646,7607,1440,16384,32.166666666666664,97.0,17093,VDD_IN,29148,7505,8172,16535,17093,3961,3883,20.0,21.0,19.0,23.0,41.0,69.0,61.812,62.843,61.656,60.875,60.937,62.843
08-11-2026 23:40:21,6169,7607,1440,16384,30.0,97.0,16373,VDD_IN,27716,7505,7414,16535,16373,3961,3929,24.0,24.0,16.0,18.0,36.0,62.0,62.187,62.656,61.687,60.718,60.968,62.656
08-11-2026 23:40:22,6146,7607,1440,16384,18.5,42.0,15887,VDD_IN,26413,7504,6394,16534,15887,3962,4132,5.0,7.0,17.0,3.0,73.0,6.0,62.468,61.906,61.875,60.812,60.906,62.625
08-11-2026 23:40:23,5637,7607,1440,16384,32.666666666666664,99.0,17290,VDD_IN,29425,7504,8016,16535,17290,3962,4119,23.0,23.0,30.0,20.0,22.0,78.0,62.093,62.812,61.625,60.781,61.031,62.812
08-11-2026 23:40:24,5642,7607,1440,16384,38.166666666666664,97.0,17172,VDD_IN,29384,7505,8368,16536,17172,3962,3844,22.0,29.0,50.0,18.0,17.0,93.0,62.093,63.0,61.687,60.875,60.937,63.0
08-11-2026 23:40:25,5642,7607,1440,16384,39.666666666666664,98.0,17054,VDD_IN,29123,7506,8146,16537,17054,3962,3923,26.0,27.0,62.0,31.0,21.0,71.0,61.937,63.093,61.687,60.843,61.062,63.093
08-11-2026 23:40:27,6413,7607,1440,16384,20.166666666666668,9.0,14452,VDD_IN,23903,7504,5549,16534,14452,3962,3902,6.0,3.0,28.0,4.0,37.0,43.0,62.031,62.062,61.75,60.718,60.843,62.062
08-11-2026 23:40:28,5643,7607,1440,16384,29.5,99.0,17250,VDD_IN,29189,7504,7742,16535,17250,3962,4197,20.0,18.0,20.0,19.0,86.0,14.0,62.25,62.75,61.625,60.812,61.0,62.75
08-11-2026 23:40:29,5641,7607,1440,16384,31.0,98.0,17290,VDD_IN,29658,7505,8485,16536,17290,3962,3883,43.0,16.0,17.0,13.0,80.0,17.0,62.125,63.281,61.656,60.875,60.937,63.281
08-11-2026 23:40:30,5648,7607,1440,16384,33.833333333333336,98.0,17133,VDD_IN,29188,7506,8172,16537,17133,3962,3883,34.0,22.0,21.0,30.0,56.0,40.0,62.156,63.218,61.562,60.906,61.031,63.218
08-11-2026 23:40:31,6472,7607,1440,16384,26.5,97.0,15822,VDD_IN,26662,7505,6904,16536,15822,3962,3936,14.0,15.0,33.0,19.0,65.0,13.0,62.343,62.687,61.625,60.75,60.906,62.687
08-11-2026 23:40:32,5808,7607,1440,16384,18.666666666666668,28.0,17015,VDD_IN,28497,7505,7206,16536,17015,3962,4276,4.0,3.0,3.0,6.0,15.0,81.0,61.968,62.406,61.781,60.812,61.062,62.406
08-11-2026 23:40:33,5643,7607,1440,16384,29.5,99.0,17447,VDD_IN,29855,7506,8368,16537,17447,3962,4040,25.0,16.0,22.0,14.0,25.0,75.0,62.187,63.031,61.625,60.812,61.062,63.031
08-11-2026 23:40:34,5644,7607,1440,16384,37.0,98.0,17133,VDD_IN,29266,7507,8250,16538,17133,3962,3883,21.0,59.0,21.0,17.0,15.0,89.0,62.25,63.187,61.656,60.843,60.968,63.187
08-11-2026 23:40:35,5642,7607,1440,16384,33.666666666666664,98.0,16688,VDD_IN,28333,7507,7716,16538,16688,3962,3929,17.0,20.0,59.0,20.0,14.0,72.0,62.187,63.312,61.718,60.937,60.968,63.312
08-11-2026 23:40:36,6357,7607,1440,16384,25.0,17.0,15493,VDD_IN,25706,7505,6120,16537,15493,3962,4093,12.0,42.0,15.0,7.0,0.0,74.0,62.0,62.156,61.812,60.75,61.0,62.156
08-11-2026 23:40:37,5636,7607,1440,16384,28.166666666666668,99.0,17290,VDD_IN,29386,7506,7977,16538,17290,3962,4119,22.0,20.0,19.0,15.0,10.0,83.0,61.968,63.312,61.843,60.843,61.093,63.312
08-11-2026 23:40:38,5640,7607,1440,16384,35.833333333333336,98.0,17368,VDD_IN,29775,7507,8524,16539,17368,3962,3883,51.0,21.0,17.0,18.0,20.0,88.0,62.062,63.437,61.687,60.843,61.031,63.437
08-11-2026 23:40:39,5643,7607,1440,16384,36.0,97.0,17133,VDD_IN,29281,7508,8225,16540,17133,3962,3923,59.0,21.0,25.0,25.0,16.0,70.0,62.281,63.375,61.75,60.875,61.031,63.375
08-11-2026 23:40:40,6462,7607,1440,16384,26.666666666666668,97.0,15822,VDD_IN,26662,7507,6904,16539,15822,3962,3936,16.0,15.0,13.0,38.0,11.0,67.0,62.468,62.906,61.75,60.875,61.0,62.906
08-11-2026 23:40:41,5776,7607,1440,16384,24.666666666666668,98.0,17408,VDD_IN,29270,7508,7547,16540,17408,3963,4315,17.0,21.0,11.0,11.0,26.0,62.0,62.031,62.718,61.75,60.75,61.125,62.718
08-11-2026 23:40:42,5639,7607,1440,16384,29.166666666666668,99.0,17447,VDD_IN,29855,7509,8446,16541,17447,3963,3962,36.0,15.0,15.0,18.0,75.0,16.0,61.875,63.093,61.656,60.812,61.031,63.093
08-11-2026 23:40:43,5641,7607,1440,16384,31.166666666666668,97.0,17133,VDD_IN,29266,7510,8250,16542,17133,3963,3883,16.0,14.0,17.0,48.0,15.0,77.0,62.0,63.25,61.687,60.875,61.031,63.25
08-11-2026 23:40:44,5645,7607,1440,16384,31.333333333333332,97.0,16688,VDD_IN,28293,7510,7676,16542,16688,3962,3929,20.0,43.0,19.0,20.0,25.0,61.0,62.187,63.062,61.718,60.906,60.937,63.062
08-11-2026 23:40:45,6370,7607,1440,16384,18.0,17.0,15138,VDD_IN,25086,7508,5894,16540,15138,3963,4054,20.0,3.0,7.0,9.0,68.0,1.0,61.968,61.75,61.812,60.718,60.968,61.968
08-11-2026 23:40:46,5646,7607,1440,16384,26.666666666666668,99.0,17211,VDD_IN,29268,7508,7938,16541,17211,3963,4119,20.0,17.0,13.0,83.0,16.0,11.0,61.875,63.0,61.812,60.718,61.062,63.0
08-11-2026 23:40:47,5643,7607,1440,16384,37.166666666666664,97.0,17368,VDD_IN,29736,7510,8485,16542,17368,3963,3883,25.0,28.0,24.0,86.0,23.0,37.0,62.062,63.093,61.656,60.75,61.0,63.093
08-11-2026 23:40:48,5638,7607,1440,16384,28.166666666666668,97.0,16818,VDD_IN,28659,7510,7951,16543,16818,3963,3890,54.0,12.0,19.0,17.0,35.0,32.0,62.0,63.0,61.687,60.843,61.062,63.0
08-11-2026 23:40:49,6447,7607,1440,16384,23.333333333333332,98.0,15572,VDD_IN,26138,7509,6630,16541,15572,3963,3936,67.0,10.0,13.0,11.0,29.0,10.0,62.375,62.718,61.687,60.875,60.968,62.718
08-11-2026 23:40:50,5728,7607,1440,16384,24.666666666666668,99.0,17526,VDD_IN,29466,7509,7586,16543,17526,3963,4354,16.0,65.0,28.0,11.0,17.0,11.0,62.031,62.937,61.781,61.0,61.187,62.937
08-11-2026 23:40:51,5639,7607,1440,16384,31.666666666666668,99.0,17368,VDD_IN,29814,7510,8563,16544,17368,3963,3883,15.0,14.0,90.0,17.0,36.0,18.0,61.937,63.406,61.781,60.781,61.125,63.406
08-11-2026 23:40:52,5635,7607,1440,16384,32.833333333333336,98.0,17054,VDD_IN,29109,7511,8172,16544,17054,3963,3883,20.0,24.0,79.0,15.0,44.0,15.0,62.125,63.312,61.625,60.875,61.0,63.312
08-11-2026 23:40:53,5642,7607,1440,16384,31.333333333333332,97.0,16334,VDD_IN,27587,7511,7324,16544,16334,3963,3929,14.0,44.0,40.0,20.0,56.0,14.0,62.218,63.093,61.656,60.875,60.937,63.093
08-11-2026 23:40:54,6050,7607,1440,16384,18.333333333333332,16.0,16019,VDD_IN,26735,7510,6551,16543,16019,3963,4165,4.0,3.0,2.0,79.0,9.0,13.0,62.281,62.187,61.718,60.843,60.937,62.281
08-11-2026 23:40:55,5637,7607,1440,16384,31.0,99.0,17408,VDD_IN,29621,7511,8094,16544,17408,3963,4119,19.0,15.0,16.0,87.0,19.0,30.0,61.781,63.156,61.718,60.968,61.125,63.156
08-11-2026 23:40:56,5635,7607,1440,16384,29.833333333333332,97.0,17172,VDD_IN,29384,7512,8329,16545,17172,3963,3883,67.0,13.0,13.0,35.0,14.0,37.0,61.968,63.406,61.843,60.812,61.156,63.406
08-11-2026 23:40:57,5639,7607,1440,16384,34.333333333333336,98.0,16897,VDD_IN,28776,7512,7911,16546,16897,3963,3968,75.0,17.0,18.0,20.0,58.0,18.0,62.125,63.218,61.625,60.812,61.062,63.218
08-11-2026 23:40:58,6418,7607,1440,16384,21.5,6.0,14784,VDD_IN,24502,7510,5776,16543,14784,3963,3942,19.0,6.0,5.0,7.0,60.0,32.0,62.062,62.343,61.687,60.843,60.812,62.125
08-11-2026 23:40:59,5641,7607,1440,16384,27.333333333333332,99.0,17290,VDD_IN,29230,7510,7703,16544,17290,3963,4237,15.0,14.0,18.0,17.0,15.0,85.0,62.562,62.781,61.75,60.875,61.125,62.781
08-11-2026 23:41:00,5641,7607,1440,16384,29.833333333333332,98.0,17408,VDD_IN,29815,7511,8524,16545,17408,3963,3883,72.0,15.0,18.0,15.0,39.0,20.0,62.0,63.281,61.843,60.906,61.125,63.281
08-11-2026 23:41:01,5638,7607,1440,16384,34.666666666666664,97.0,17133,VDD_IN,29266,7512,8250,16546,17133,3963,3883,21.0,24.0,23.0,55.0,17.0,68.0,62.031,63.187,61.75,60.718,61.031,63.187
08-11-2026 23:41:02,6473,7607,1440,16384,31.0,98.0,16452,VDD_IN,27756,7512,7336,16546,16452,3963,3968,20.0,18.0,12.0,48.0,20.0,68.0,62.343,62.875,61.625,60.843,60.968,62.875
08-11-2026 23:41:03,5955,7607,1440,16384,22.166666666666668,21.0,16570,VDD_IN,27706,7511,6893,16546,16570,3964,4243,15.0,9.0,10.0,10.0,78.0,11.0,62.093,62.156,61.687,60.875,61.0,62.156
08-11-2026 23:41:04,5640,7607,1440,16384,27.833333333333332,99.0,17447,VDD_IN,29660,7512,8094,16547,17447,3964,4119,18.0,14.0,16.0,15.0,73.0,31.0,62.25,63.093,61.718,60.906,61.125,63.093
08-11-2026 23:41:05,5644,7607,1440,16384,35.166666666666664,98.0,17211,VDD_IN,29462,7513,8368,16548,17211,3964,3883,22.0,21.0,42.0,24.0,84.0,18.0,61.843,63.625,61.75,60.937,61.093,63.625
08-11-2026 23:41:06,5634,7607,1440,16384,32.166666666666664,97.0,16688,VDD_IN,28372,7513,7755,16548,16688,3964,3929,20.0,19.0,25.0,42.0,32.0,55.0,62.093,63.406,61.843,60.75,61.125,63.406
08-11-2026 23:41:07,6387,7607,1440,16384,19.333333333333332,18.0,14902,VDD_IN,24699,7511,5776,16546,14902,3964,4021,32.0,0.0,5.0,2.0,4.0,73.0,61.968,62.187,61.687,60.875,61.031,62.187
08-11-2026 23:41:08,5644,7607,1440,16384,34.166666666666664,99.0,17526,VDD_IN,29817,7512,8133,16547,17526,3964,4158,33.0,20.0,23.0,27.0,17.0,85.0,62.5,63.093,61.718,60.812,61.125,63.093
08-11-2026 23:41:09,5636,7607,1440,16384,31.0,97.0,17408,VDD_IN,29815,7513,8524,16548,17408,3964,3883,17.0,16.0,13.0,45.0,15.0,80.0,62.218,63.156,61.781,60.906,61.125,63.156
08-11-2026 23:41:10,5638,7607,1440,16384,29.666666666666668,97.0,16975,VDD_IN,28998,7514,8133,16549,16975,3964,3890,14.0,16.0,17.0,52.0,11.0,68.0,61.968,63.156,61.75,61.031,61.125,63.156
08-11-2026 23:41:11,6468,7607,1440,16384,31.0,99.0,16373,VDD_IN,27705,7514,7324,16549,16373,3964,4008,15.0,17.0,24.0,50.0,11.0,69.0,62.375,63.093,61.875,60.875,61.125,63.093
08-11-2026 23:41:12,5998,7607,1440,16384,19.5,18.0,16570,VDD_IN,27667,7513,6854,16549,16570,3964,4243,5.0,3.0,5.0,26.0,0.0,78.0,62.093,62.343,61.718,60.843,61.031,62.343
08-11-2026 23:41:13,5640,7607,1440,16384,26.0,99.0,17329,VDD_IN,29503,7514,8016,16550,17329,3964,4158,14.0,12.0,20.0,25.0,9.0,76.0,62.031,63.093,61.906,60.906,61.125,63.093
08-11-2026 23:41:14,5634,7607,1440,16384,39.5,97.0,17329,VDD_IN,29697,7515,8485,16550,17329,3964,3883,20.0,36.0,39.0,41.0,49.0,52.0,62.156,63.312,61.687,60.906,61.093,63.312
08-11-2026 23:41:15,5638,7607,1440,16384,30.333333333333332,98.0,16806,VDD_IN,28529,7515,7794,16551,16806,3964,3929,21.0,14.0,20.0,41.0,70.0,16.0,61.968,63.25,61.75,61.0,61.156,63.25
08-11-2026 23:41:16,6418,7607,1440,16384,18.833333333333332,23.0,14650,VDD_IN,24250,7513,5658,16549,14650,3964,3942,5.0,4.0,6.0,28.0,69.0,1.0,62.187,62.031,61.906,60.843,60.937,62.187
08-11-2026 23:41:17,5639,7607,1440,16384,30.5,99.0,17329,VDD_IN,29347,7513,7781,16549,17329,3965,4237,19.0,17.0,19.0,29.0,86.0,13.0,62.343,62.75,61.687,60.875,61.156,62.75
08-11-2026 23:41:18,5638,7607,1440,16384,33.166666666666664,98.0,17486,VDD_IN,29932,7514,8563,16551,17486,3964,3883,16.0,19.0,22.0,44.0,85.0,13.0,61.906,63.25,61.718,60.906,61.031,63.25
08-11-2026 23:41:19,5640,7607,1440,16384,33.0,97.0,17093,VDD_IN,29226,7515,8250,16551,17093,3964,3883,27.0,16.0,17.0,43.0,69.0,26.0,62.125,63.156,61.843,60.937,61.125,63.156
08-11-2026 23:41:20,6467,7607,1440,16384,27.333333333333332,97.0,16334,VDD_IN,27627,7515,7285,16551,16334,3964,4008,36.0,16.0,14.0,40.0,47.0,11.0,62.093,63.031,61.843,60.875,61.156,63.031
08-11-2026 23:41:21,5953,7607,1440,16384,17.666666666666668,15.0,16373,VDD_IN,27313,7514,6736,16551,16373,3965,4204,14.0,3.0,6.0,2.0,76.0,5.0,62.093,62.375,61.718,60.843,61.093,62.375
08-11-2026 23:41:22,5633,7607,1440,16384,30.166666666666668,99.0,17526,VDD_IN,29856,7515,8172,16552,17526,3965,4158,28.0,18.0,21.0,18.0,80.0,16.0,62.187,63.343,61.687,60.875,61.093,63.343
08-11-2026 23:41:23,5637,7607,1440,16384,31.333333333333332,97.0,17172,VDD_IN,29384,7516,8329,16553,17172,3965,3883,17.0,20.0,19.0,15.0,50.0,67.0,61.875,63.406,61.75,60.937,61.031,63.406
08-11-2026 23:41:24,5632,7607,1440,16384,26.5,97.0,16570,VDD_IN,28136,7516,7637,16553,16570,3965,3929,32.0,16.0,15.0,17.0,50.0,29.0,62.062,63.312,61.75,60.968,61.031,63.312
08-11-2026 23:41:25,6377,7607,1440,16384,22.5,11.0,14808,VDD_IN,24447,7514,5658,16551,14808,3965,3981,40.0,8.0,6.0,5.0,47.0,29.0,61.906,62.062,61.906,60.812,61.031,61.906
08-11-2026 23:41:26,5644,7607,1440,16384,29.666666666666668,99.0,17250,VDD_IN,29307,7514,7938,16551,17250,3965,4119,24.0,19.0,17.0,18.0,16.0,84.0,62.062,63.125,61.656,60.843,61.125,63.125
08-11-2026 23:41:27,5643,7607,1440,16384,32.333333333333336,98.0,17408,VDD_IN,29815,7515,8524,16552,17408,3965,3883,37.0,21.0,15.0,23.0,17.0,81.0,62.156,63.218,61.75,60.875,61.0,63.218
08-11-2026 23:41:28,5644,7607,1440,16384,33.166666666666664,98.0,17015,VDD_IN,29038,7516,8094,16553,17015,3965,3929,19.0,18.0,17.0,55.0,19.0,71.0,62.0,63.218,61.781,60.937,61.031,63.218
08-11-2026 23:41:29,6467,7607,1440,16384,25.833333333333332,98.0,15730,VDD_IN,26453,7515,6787,16552,15730,3965,3936,36.0,15.0,11.0,13.0,14.0,66.0,62.437,62.843,61.875,60.906,61.156,62.843
08-11-2026 23:41:30,5749,7607,1440,16384,23.333333333333332,98.0,17526,VDD_IN,29427,7515,7547,16553,17526,3965,4354,14.0,9.0,10.0,18.0,25.0,64.0,62.25,63.343,61.843,60.843,61.156,63.343
08-11-2026 23:41:31,5647,7607,1440,16384,32.333333333333336,99.0,17447,VDD_IN,29932,7517,8602,16554,17447,3965,3883,42.0,19.0,19.0,21.0,74.0,19.0,61.843,63.656,61.75,60.875,61.062,63.656
08-11-2026 23:41:32,5647,7607,1440,16384,33.5,97.0,17250,VDD_IN,29501,7518,8368,16555,17250,3965,3883,41.0,74.0,19.0,24.0,20.0,23.0,62.156,63.687,61.75,60.875,61.125,63.687
08-11-2026 23:41:33,5645,7607,1440,16384,27.0,97.0,16609,VDD_IN,28175,7518,7598,16555,16609,3965,3968,15.0,56.0,14.0,40.0,26.0,11.0,62.343,63.031,61.812,60.968,61.125,63.031
08-11-2026 23:41:34,6274,7607,1440,16384,17.333333333333332,18.0,15296,VDD_IN,25322,7516,5972,16554,15296,3965,4054,20.0,1.0,2.0,4.0,71.0,6.0,62.125,61.875,61.875,60.781,61.0,62.125
08-11-2026 23:41:35,5645,7607,1440,16384,32.0,99.0,17447,VDD_IN,29699,7517,8094,16555,17447,3965,4158,24.0,27.0,20.0,27.0,79.0,15.0,62.093,63.25,61.656,60.843,61.093,63.25
08-11-2026 23:41:36,5641,7607,1440,16384,33.5,98.0,17290,VDD_IN,29619,7518,8446,16556,17290,3965,3883,21.0,26.0,40.0,15.0,84.0,15.0,62.156,63.343,61.781,60.875,61.031,63.343
08-11-2026 23:41:37,5643,7607,1440,16384,29.5,97.0,16924,VDD_IN,28764,7518,7911,16556,16924,3965,3929,37.0,18.0,15.0,21.0,64.0,22.0,62.093,63.312,61.718,60.968,61.031,63.312
08-11-2026 23:41:38,6435,7607,1440,16384,22.166666666666668,98.0,15178,VDD_IN,25322,7517,6208,16554,15178,3965,3936,25.0,30.0,7.0,11.0,49.0,11.0,62.468,62.812,61.718,61.031,61.093,62.812
08-11-2026 23:41:39,5641,7607,1440,16384,23.0,99.0,17368,VDD_IN,29190,7517,7468,16555,17368,3966,4354,11.0,85.0,11.0,10.0,11.0,10.0,62.093,62.781,61.875,60.812,61.218,62.781
08-11-2026 23:41:40,5641,7607,1440,16384,33.166666666666664,97.0,17368,VDD_IN,29775,7518,8563,16556,17368,3966,3844,15.0,92.0,17.0,14.0,17.0,44.0,62.0,63.437,61.718,60.875,61.062,63.437
08-11-2026 23:41:41,5646,7607,1440,16384,36.666666666666664,97.0,17093,VDD_IN,29187,7519,8211,16557,17093,3965,3883,31.0,27.0,37.0,25.0,61.0,39.0,62.25,63.093,61.687,60.875,61.093,63.093
08-11-2026 23:41:42,6468,7607,1440,16384,29.0,98.0,16137,VDD_IN,27245,7518,7140,16556,16137,3965,3968,19.0,45.0,15.0,15.0,43.0,37.0,62.562,62.843,61.812,60.875,61.156,62.843
08-11-2026 23:41:43,5944,7607,1440,16384,19.666666666666668,18.0,16767,VDD_IN,28061,7518,7011,16557,16767,3966,4283,2.0,1.0,3.0,30.0,3.0,79.0,62.281,62.25,61.781,60.968,60.937,62.281
08-11-2026 23:41:44,5635,7607,1440,16384,28.0,99.0,17526,VDD_IN,29817,7518,8133,16558,17526,3966,4158,15.0,21.0,18.0,28.0,13.0,73.0,61.937,63.156,61.812,60.875,61.187,63.156
08-11-2026 23:41:45,5638,7607,1440,16384,32.0,97.0,17250,VDD_IN,29540,7519,8407,16559,17250,3966,3883,18.0,19.0,21.0,39.0,81.0,14.0,62.0,63.25,61.937,60.812,61.031,63.25
08-11-2026 23:41:46,5638,7607,1440,16384,34.833333333333336,97.0,16885,VDD_IN,28686,7520,7911,16559,16885,3966,3890,25.0,18.0,44.0,17.0,75.0,30.0,62.437,63.312,61.625,60.843,61.125,63.312
08-11-2026 23:41:47,6369,7607,1440,16384,18.333333333333332,14.0,14862,VDD_IN,24580,7518,5697,16557,14862,3966,4021,25.0,26.0,2.0,5.0,46.0,6.0,62.093,62.093,61.781,60.906,61.0,62.093
08-11-2026 23:41:48,5641,7607,1440,16384,27.5,99.0,17211,VDD_IN,29268,7518,7938,16558,17211,3966,4119,15.0,15.0,15.0,25.0,83.0,12.0,62.375,63.375,61.781,60.937,61.125,63.375
08-11-2026 23:41:49,5641,7607,1440,16384,27.666666666666668,98.0,17290,VDD_IN,29619,7519,8446,16559,17290,3966,3883,35.0,15.0,14.0,15.0,78.0,9.0,61.906,63.531,61.875,60.781,61.093,63.531
08-11-2026 23:41:50,5637,7607,1440,16384,31.0,97.0,16975,VDD_IN,28998,7520,8094,16559,16975,3966,3929,19.0,21.0,41.0,22.0,18.0,65.0,62.062,63.531,61.687,60.843,61.093,63.531
08-11-2026 23:41:51,6452,7607,1440,16384,25.0,98.0,15611,VDD_IN,26216,7519,6669,16558,15611,3966,3936,35.0,31.0,12.0,11.0,14.0,47.0,62.687,62.843,61.687,60.906,61.093,62.843
08-11-2026 23:41:52,5713,7607,1440,16384,26.0,99.0,17565,VDD_IN,29544,7519,7586,16559,17565,3966,4393,15.0,32.0,10.0,24.0,50.0,25.0,62.218,63.093,61.812,60.968,61.093,63.093
08-11-2026 23:41:53,5640,7607,1440,16384,28.5,99.0,17408,VDD_IN,29854,7520,8563,16560,17408,3966,3883,37.0,16.0,16.0,14.0,13.0,75.0,61.875,63.343,61.718,60.843,61.125,63.343
08-11-2026 23:41:54,5645,7607,1440,16384,34.166666666666664,97.0,17172,VDD_IN,29345,7521,8290,16561,17172,3966,3883,61.0,24.0,22.0,17.0,39.0,42.0,62.0,63.343,61.843,60.843,61.218,63.343
08-11-2026 23:41:55,6413,7607,1440,16384,32.833333333333336,97.0,16728,VDD_IN,28412,7521,7716,16561,16728,3966,3968,44.0,24.0,48.0,46.0,18.0,17.0,62.437,63.125,61.687,60.843,61.093,63.125
08-11-2026 23:41:56,6188,7607,1440,16384,19.333333333333332,17.0,15862,VDD_IN,26428,7520,6394,16560,15862,3966,4172,5.0,28.0,1.0,55.0,0.0,27.0,62.281,62.156,61.75,60.875,61.062,62.281
08-11-2026 23:41:57,5641,7607,1440,16384,31.666666666666668,99.0,17604,VDD_IN,29934,7521,8172,16561,17604,3967,4158,18.0,66.0,34.0,23.0,25.0,24.0,62.093,63.156,61.75,61.0,61.156,63.156
08-11-2026 23:41:58,5639,7607,1440,16384,35.833333333333336,99.0,17368,VDD_IN,29775,7522,8524,16562,17368,3967,3883,24.0,26.0,21.0,17.0,84.0,43.0,62.031,63.156,61.812,60.875,61.156,63.156
08-11-2026 23:41:59,5640,7607,1440,16384,30.5,97.0,16975,VDD_IN,28888,7522,7990,16563,16975,3967,3923,26.0,21.0,19.0,18.0,66.0,33.0,62.218,63.031,61.937,60.875,61.062,63.031
08-11-2026 23:42:00,6417,7607,1440,16384,23.5,88.0,14729,VDD_IN,24486,7520,5855,16561,14729,3966,3902,4.0,43.0,7.0,9.0,2.0,76.0,62.218,62.375,61.718,60.937,60.968,62.375
08-11-2026 23:42:01,5642,7607,1440,16384,32.0,99.0,17329,VDD_IN,29308,7521,7703,16562,17329,3967,4276,38.0,21.0,19.0,22.0,19.0,73.0,62.312,62.75,61.843,60.875,61.25,62.75
08-11-2026 23:42:02,5637,7607,1440,16384,30.666666666666668,98.0,17447,VDD_IN,29932,7522,8602,16563,17447,3967,3883,28.0,16.0,41.0,15.0,72.0,12.0,61.906,63.468,61.781,60.937,61.093,63.468
08-11-2026 23:42:03,5646,7607,1440,16384,35.0,97.0,17054,VDD_IN,29109,7523,8172,16563,17054,3967,3883,49.0,25.0,29.0,23.0,65.0,19.0,61.937,63.281,61.781,60.875,61.125,63.281
08-11-2026 23:42:04,6207,7607,1440,16384,31.166666666666668,99.0,16216,VDD_IN,27402,7522,7218,16563,16216,3967,3968,51.0,17.0,19.0,17.0,66.0,17.0,62.437,63.062,61.875,60.843,61.093,63.062
08-11-2026 23:42:05,5930,7607,1440,16384,17.5,14.0,16531,VDD_IN,27628,7522,6854,16563,16531,3967,4243,4.0,3.0,16.0,3.0,79.0,0.0,62.531,62.406,61.75,60.843,61.062,62.531
08-11-2026 23:42:06,5640,7607,1440,16384,29.333333333333332,99.0,17565,VDD_IN,29934,7522,8211,16564,17565,3967,4158,16.0,21.0,29.0,20.0,78.0,12.0,62.25,63.218,61.812,60.937,61.187,63.218
08-11-2026 23:42:07,5638,7607,1440,16384,35.333333333333336,97.0,17368,VDD_IN,29697,7523,8446,16565,17368,3967,3883,34.0,20.0,45.0,61.0,34.0,18.0,62.125,63.531,61.718,61.0,61.125,63.531
08-11-2026 23:42:08,5634,7607,1440,16384,36.666666666666664,97.0,16857,VDD_IN,28697,7524,7911,16565,16857,3967,3929,39.0,38.0,24.0,50.0,35.0,34.0,62.125,63.062,61.843,60.843,61.156,63.062
08-11-2026 23:42:09,6381,7607,1440,16384,16.333333333333332,12.0,14808,VDD_IN,24408,7522,5619,16563,14808,3967,3981,3.0,0.0,1.0,3.0,23.0,68.0,62.093,61.875,61.937,60.875,60.875,62.093
08-11-2026 23:42:10,5633,7607,1440,16384,29.833333333333332,99.0,17329,VDD_IN,29464,7522,7977,16564,17329,3967,4158,17.0,18.0,28.0,15.0,85.0,16.0,62.312,63.218,61.75,60.906,61.125,63.218
08-11-2026 23:42:11,5632,7607,1440,16384,31.833333333333332,98.0,17329,VDD_IN,29697,7523,8485,16565,17329,3967,3883,15.0,14.0,39.0,18.0,37.0,68.0,62.25,63.281,61.812,60.906,61.125,63.281
08-11-2026 23:42:12,5632,7607,1440,16384,32.5,97.0,17133,VDD_IN,29228,7524,8172,16565,17133,3967,3923,16.0,21.0,53.0,22.0,12.0,71.0,62.062,63.218,61.718,61.031,61.156,63.218
08-11-2026 23:42:13,6457,7607,1440,16384,27.666666666666668,98.0,15783,VDD_IN,26623,7523,6904,16565,15783,3967,3936,19.0,15.0,40.0,13.0,11.0,68.0,62.593,62.906,61.906,60.781,61.125,62.906
08-11-2026 23:42:14,5810,7607,1440,16384,20.833333333333332,61.0,17329,VDD_IN,29073,7523,7390,16565,17329,3968,4354,9.0,27.0,64.0,10.0,3.0,12.0,62.281,62.968,61.656,60.875,61.187,62.968
08-11-2026 23:42:15,5639,7607,1440,16384,30.0,99.0,17526,VDD_IN,30051,7524,8563,16566,17526,3967,3962,19.0,85.0,16.0,12.0,31.0,17.0,62.375,63.625,61.781,60.875,61.125,63.625
08-11-2026 23:42:16,5642,7607,1440,16384,32.5,97.0,17329,VDD_IN,29659,7525,8407,16567,17329,3967,3923,17.0,78.0,22.0,13.0,49.0,16.0,62.187,63.656,61.937,60.906,61.187,63.656
08-11-2026 23:42:17,5636,7607,1440,16384,33.833333333333336,97.0,16373,VDD_IN,27744,7525,7481,16567,16373,3967,3890,23.0,78.0,22.0,17.0,17.0,46.0,62.093,63.343,61.781,61.0,61.187,63.343
08-11-2026 23:42:18,6201,7607,1440,16384,18.5,17.0,15809,VDD_IN,26257,7524,6316,16566,15809,3968,4132,3.0,55.0,7.0,3.0,22.0,21.0,62.093,62.406,61.812,60.875,61.031,62.406
08-11-2026 23:42:19,5645,7607,1440,16384,32.666666666666664,99.0,17486,VDD_IN,29738,7524,8094,16567,17486,3968,4158,38.0,24.0,29.0,19.0,57.0,29.0,62.25,63.281,61.781,60.875,61.125,63.281
08-11-2026 23:42:20,5639,7607,1440,16384,33.166666666666664,97.0,17408,VDD_IN,29776,7526,8485,16568,17408,3968,3883,23.0,23.0,16.0,41.0,16.0,80.0,62.375,63.375,61.781,60.906,61.0,63.375
08-11-2026 23:42:21,5641,7607,1440,16384,33.0,97.0,17054,VDD_IN,29123,7526,8146,16569,17054,3968,3923,22.0,55.0,14.0,23.0,19.0,65.0,62.312,63.312,61.812,60.968,61.125,63.312
08-11-2026 23:42:22,6433,7607,1440,16384,22.833333333333332,98.0,15296,VDD_IN,25597,7525,6365,16567,15296,3968,3936,13.0,9.0,11.0,7.0,28.0,69.0,62.281,62.843,61.875,60.843,61.031,62.843
08-11-2026 23:42:23,5641,7607,1440,16384,24.833333333333332,99.0,17408,VDD_IN,29230,7525,7429,16568,17408,3968,4393,12.0,10.0,15.0,16.0,9.0,87.0,62.5,62.875,62.031,60.812,61.125,62.875
08-11-2026 23:42:24,5640,7607,1440,16384,34.333333333333336,97.0,17604,VDD_IN,30207,7526,8720,16569,17604,3968,3883,44.0,18.0,24.0,30.0,16.0,74.0,62.093,63.25,61.781,60.875,61.125,63.25
08-11-2026 23:42:25,5638,7607,1440,16384,34.0,98.0,17250,VDD_IN,29502,7527,8329,16570,17250,3968,3923,21.0,16.0,53.0,23.0,17.0,74.0,62.468,63.187,61.781,60.875,61.125,63.187
08-11-2026 23:42:26,5637,7607,1440,16384,30.666666666666668,97.0,16531,VDD_IN,28019,7527,7520,16570,16531,3968,3968,17.0,19.0,52.0,13.0,13.0,70.0,62.25,63.031,61.843,61.0,61.125,63.031
08-11-2026 23:42:27,6178,7607,1440,16384,19.333333333333332,17.0,15980,VDD_IN,26618,7526,6473,16569,15980,3968,4165,4.0,3.0,29.0,1.0,0.0,79.0,62.375,62.125,61.968,60.875,61.125,62.375
08-11-2026 23:42:28,5641,7607,1440,16384,29.666666666666668,99.0,17408,VDD_IN,29621,7526,8055,16570,17408,3968,4158,22.0,19.0,23.0,20.0,16.0,78.0,62.156,63.281,61.968,60.875,61.125,63.281
08-11-2026 23:42:29,5641,7607,1440,16384,31.5,98.0,17368,VDD_IN,29776,7528,8485,16571,17368,3968,3923,35.0,19.0,37.0,19.0,66.0,13.0,62.125,63.437,61.843,60.875,61.156,63.437
08-11-2026 23:42:30,5643,7607,1440,16384,37.166666666666664,97.0,16975,VDD_IN,28966,7528,8068,16572,16975,3968,3923,31.0,24.0,45.0,28.0,68.0,27.0,62.25,63.406,61.687,60.937,61.125,63.406
08-11-2026 23:42:31,6443,7607,1440,16384,23.5,98.0,15335,VDD_IN,25626,7527,6316,16570,15335,3968,3975,19.0,7.0,71.0,7.0,28.0,9.0,62.437,62.906,62.0,61.0,61.062,62.906
08-11-2026 23:42:32,5644,7607,1440,16384,22.5,99.0,17447,VDD_IN,29308,7527,7468,16571,17447,3969,4393,8.0,9.0,67.0,28.0,12.0,11.0,62.312,62.968,62.031,60.875,61.25,62.968
08-11-2026 23:42:33,5644,7607,1440,16384,34.833333333333336,97.0,17486,VDD_IN,30010,7528,8641,16572,17486,3969,3883,22.0,21.0,16.0,28.0,96.0,26.0,62.187,63.25,61.781,60.875,61.156,63.25
08-11-2026 23:42:34,5643,7607,1440,16384,27.166666666666668,98.0,16975,VDD_IN,28998,7529,8094,16573,16975,3969,3929,39.0,14.0,19.0,11.0,69.0,11.0,62.093,63.156,61.781,60.875,61.125,63.156
08-11-2026 23:42:35,6478,7607,1440,16384,36.0,97.0,16531,VDD_IN,28058,7529,7559,16573,16531,3969,3968,25.0,34.0,32.0,21.0,63.0,41.0,62.625,63.062,61.812,61.0,61.187,63.062
08-11-2026 23:42:36,6098,7607,1440,16384,20.5,17.0,16295,VDD_IN,27196,7528,6697,16572,16295,3969,4204,20.0,3.0,3.0,3.0,14.0,80.0,62.25,62.187,61.875,60.875,61.156,62.25
08-11-2026 23:42:37,5639,7607,1440,16384,31.666666666666668,92.0,17486,VDD_IN,29777,7528,8133,16573,17486,3969,4158,35.0,21.0,18.0,18.0,20.0,78.0,62.218,63.5,61.968,60.875,61.125,63.5
08-11-2026 23:42:38,5640,7607,1440,16384,35.166666666666664,97.0,17290,VDD_IN,29580,7529,8407,16574,17290,3969,3883,14.0,52.0,20.0,19.0,14.0,92.0,62.375,63.593,61.875,60.937,61.125,63.593
08-11-2026 23:42:39,5642,7607,1440,16384,35.833333333333336,98.0,16806,VDD_IN,28568,7530,7833,16574,16806,3969,3929,18.0,56.0,22.0,20.0,21.0,78.0,62.156,63.468,61.781,60.906,61.125,63.468
08-11-2026 23:42:40,6416,7607,1440,16384,22.333333333333332,6.0,14862,VDD_IN,24652,7528,5815,16573,14862,3969,3975,8.0,42.0,4.0,6.0,1.0,73.0,62.25,62.468,61.906,61.0,61.062,62.468
08-11-2026 23:42:41,5646,7607,1440,16384,33.666666666666664,99.0,17447,VDD_IN,29543,7528,7859,16574,17447,3969,4237,27.0,21.0,29.0,23.0,16.0,86.0,62.218,63.156,62.062,60.937,61.25,63.156
08-11-2026 23:42:42,5646,7607,1440,16384,32.166666666666664,97.0,17486,VDD_IN,30010,7529,8641,16575,17486,3969,3883,16.0,17.0,39.0,18.0,12.0,91.0,62.187,63.656,61.968,60.875,61.156,63.437
08-11-2026 23:42:43,5647,7607,1440,16384,30.666666666666668,97.0,17015,VDD_IN,29038,7530,8094,16575,17015,3969,3929,19.0,46.0,50.0,18.0,15.0,36.0,62.593,63.25,61.75,60.968,61.125,63.25
08-11-2026 23:42:44,6472,7607,1440,16384,28.333333333333332,97.0,15611,VDD_IN,26294,7529,6826,16574,15611,3969,3857,17.0,13.0,76.0,13.0,38.0,13.0,62.593,62.968,61.718,61.0,61.125,62.968
08-11-2026 23:42:45,5830,7607,1440,16384,18.666666666666668,23.0,17054,VDD_IN,28576,7529,7246,16574,17054,3969,4276,5.0,3.0,67.0,13.0,2.0,22.0,62.406,62.656,61.875,61.0,61.125,62.656
08-11-2026 23:42:46,5655,7607,1440,16384,33.166666666666664,99.0,17643,VDD_IN,30232,7530,8588,16576,17643,3969,4001,20.0,32.0,20.0,33.0,14.0,80.0,62.125,63.25,61.937,60.906,61.218,63.25
08-11-2026 23:42:47,5649,7607,1440,16384,32.333333333333336,98.0,17211,VDD_IN,29423,7531,8329,16576,17211,3969,3883,20.0,18.0,19.0,46.0,17.0,74.0,62.187,63.25,61.75,60.875,61.093,63.25
08-11-2026 23:42:48,5651,7607,1440,16384,29.666666666666668,97.0,16609,VDD_IN,28214,7531,7637,16576,16609,3969,3968,16.0,12.0,15.0,55.0,13.0,67.0,62.375,63.156,61.718,60.968,61.156,63.156
08-11-2026 23:42:49,6353,7607,1440,16384,21.333333333333332,17.0,15335,VDD_IN,25430,7529,6041,16575,15335,3969,4054,3.0,37.0,9.0,1.0,0.0,78.0,61.968,61.968,61.937,61.093,61.093,61.968
08-11-2026 23:42:50,5648,7607,1440,16384,28.0,99.0,17368,VDD_IN,29542,7530,8055,16576,17368,3969,4119,16.0,20.0,19.0,16.0,11.0,86.0,62.187,63.25,61.906,60.875,61.156,63.25
08-11-2026 23:42:51,5650,7607,1440,16384,37.0,97.0,17565,VDD_IN,30129,7531,8681,16577,17565,3969,3883,23.0,26.0,24.0,41.0,75.0,33.0,62.156,63.343,61.875,60.906,61.156,63.343
08-11-2026 23:42:52,5650,7607,1440,16384,38.5,98.0,16936,VDD_IN,28887,7532,8068,16577,16936,3969,3883,20.0,81.0,24.0,25.0,64.0,17.0,62.093,63.437,61.812,61.031,61.125,63.437
08-11-2026 23:42:53,6452,7607,1440,16384,20.666666666666668,98.0,15099,VDD_IN,25165,7530,6130,16576,15099,3969,3936,7.0,30.0,9.0,9.0,43.0,26.0,62.562,62.875,61.812,60.968,61.031,62.875
08-11-2026 23:42:54,5652,7607,1440,16384,24.333333333333332,99.0,17368,VDD_IN,29190,7530,7468,16577,17368,3970,4354,10.0,15.0,86.0,12.0,9.0,14.0,62.187,62.843,61.812,61.125,61.218,62.843
08-11-2026 23:42:55,5648,7607,1440,16384,31.833333333333332,98.0,17408,VDD_IN,29893,7531,8602,16577,17408,3970,3883,16.0,16.0,84.0,17.0,42.0,16.0,62.125,63.593,61.906,60.875,61.218,63.593
08-11-2026 23:42:56,5654,7607,1440,16384,32.833333333333336,99.0,17172,VDD_IN,29345,7532,8250,16578,17172,3970,3923,19.0,17.0,72.0,17.0,53.0,19.0,62.218,63.406,61.906,60.906,61.125,63.406
08-11-2026 23:42:57,6482,7607,1440,16384,34.833333333333336,97.0,16531,VDD_IN,27980,7532,7481,16578,16531,3970,3968,32.0,25.0,47.0,31.0,28.0,46.0,62.343,63.25,61.812,60.968,61.218,63.25
08-11-2026 23:42:58,6017,7607,1440,16384,17.0,17.0,16255,VDD_IN,27117,7531,6658,16578,16255,3970,4204,6.0,2.0,1.0,14.0,76.0,3.0,62.437,62.437,61.843,60.968,61.093,62.437
08-11-2026 23:42:59,5654,7607,1440,16384,29.166666666666668,99.0,17486,VDD_IN,29777,7532,8133,16579,17486,3970,4158,17.0,16.0,19.0,32.0,74.0,17.0,62.031,63.375,61.906,61.0,61.125,63.375
08-11-2026 23:43:00,5651,7607,1440,16384,29.5,97.0,17172,VDD_IN,29384,7533,8329,16579,17172,3970,3883,15.0,14.0,15.0,40.0,82.0,11.0,62.187,63.343,61.906,60.906,61.156,63.343
08-11-2026 23:43:01,5645,7607,1440,16384,32.166666666666664,97.0,16740,VDD_IN,28463,7533,7794,16579,16740,3970,3929,24.0,24.0,24.0,22.0,61.0,38.0,62.062,63.156,61.968,60.968,61.187,63.156
08-11-2026 23:43:02,6371,7607,1440,16384,22.833333333333332,11.0,15217,VDD_IN,25203,7531,5972,16578,15217,3970,4014,15.0,30.0,4.0,4.0,58.0,26.0,62.093,61.968,61.75,60.937,61.093,62.093
08-11-2026 23:43:03,5653,7607,1440,16384,30.166666666666668,99.0,17368,VDD_IN,29581,7532,8094,16579,17368,3970,4119,19.0,25.0,16.0,21.0,17.0,83.0,62.343,63.281,61.875,60.937,61.25,63.281
08-11-2026 23:43:04,5652,7607,1440,16384,30.166666666666668,97.0,17447,VDD_IN,29893,7533,8563,16580,17447,3970,3883,13.0,43.0,15.0,16.0,14.0,80.0,62.093,63.343,61.937,60.968,61.187,63.343
08-11-2026 23:43:05,5656,7607,1440,16384,34.166666666666664,97.0,16897,VDD_IN,28816,7533,8029,16580,16897,3970,3890,18.0,56.0,17.0,20.0,15.0,79.0,62.093,63.531,61.906,61.093,61.125,63.531
08-11-2026 23:43:06,6461,7607,1440,16384,25.0,97.0,15572,VDD_IN,26098,7532,6590,16579,15572,3970,3936,33.0,33.0,11.0,14.0,8.0,51.0,62.375,63.218,62.031,60.937,61.093,63.218
08-11-2026 23:43:07,5701,7607,1440,16384,22.5,99.0,17526,VDD_IN,29426,7532,7507,16580,17526,3970,4393,13.0,12.0,9.0,9.0,83.0,9.0,62.343,63.437,61.875,60.937,61.125,63.437
08-11-2026 23:43:08,5648,7607,1440,16384,34.333333333333336,98.0,17486,VDD_IN,30010,7534,8641,16581,17486,3970,3883,92.0,24.0,18.0,24.0,26.0,22.0,62.093,63.468,61.843,60.968,61.187,63.468
08-11-2026 23:43:09,5648,7607,1440,16384,31.833333333333332,98.0,17093,VDD_IN,29266,7534,8250,16582,17093,3970,3923,36.0,50.0,14.0,22.0,27.0,42.0,61.843,63.343,61.781,60.906,61.218,63.343
08-11-2026 23:43:10,6107,7607,1440,16384,32.666666666666664,97.0,16570,VDD_IN,28097,7534,7559,16582,16570,3970,3968,59.0,33.0,16.0,18.0,21.0,49.0,62.375,63.156,61.875,61.0,61.343,63.156
08-11-2026 23:43:11,6167,7607,1439,16384,23.833333333333332,16.0,16216,VDD_IN,27078,7533,6658,16581,16216,3970,4204,14.0,2.0,53.0,12.0,2.0,60.0,62.156,62.343,61.812,60.968,61.062,62.343
08-11-2026 23:43:12,5658,7607,1439,16384,28.0,99.0,17447,VDD_IN,29699,7534,8094,16582,17447,3971,4158,15.0,17.0,17.0,81.0,25.0,13.0,62.343,63.343,61.843,60.937,61.25,63.343
08-11-2026 23:43:13,5665,7607,1439,16384,38.0,97.0,17408,VDD_IN,29815,7535,8524,16583,17408,3970,3883,25.0,22.0,25.0,60.0,78.0,18.0,62.187,63.406,61.781,60.906,61.187,63.406
08-11-2026 23:43:14,5661,7607,1439,16384,30.333333333333332,99.0,16806,VDD_IN,28490,7535,7755,16583,16806,3970,3929,32.0,16.0,31.0,21.0,39.0,43.0,62.156,63.25,61.906,61.187,61.187,63.25
08-11-2026 23:43:15,6399,7607,1439,16384,18.666666666666668,4.0,14571,VDD_IN,24013,7533,5540,16581,14571,3970,3902,16.0,4.0,16.0,0.0,54.0,22.0,61.937,61.937,61.937,60.906,61.125,62.0
08-11-2026 23:43:16,5660,7607,1439,16384,30.0,99.0,17290,VDD_IN,29425,7534,8016,16582,17290,3971,4119,21.0,23.0,15.0,18.0,73.0,30.0,62.218,63.25,61.75,60.906,61.125,63.25
08-11-2026 23:43:17,5658,7607,1439,16384,33.333333333333336,97.0,17250,VDD_IN,29540,7535,8407,16582,17250,3970,3883,16.0,39.0,21.0,17.0,14.0,93.0,62.406,63.218,61.843,60.968,61.125,63.218
08-11-2026 23:43:18,5659,7607,1439,16384,33.0,97.0,17015,VDD_IN,29006,7535,8068,16583,17015,3970,3923,16.0,22.0,16.0,56.0,22.0,66.0,62.281,63.125,61.906,60.968,61.125,63.125
08-11-2026 23:43:19,6464,7607,1439,16384,26.833333333333332,98.0,15217,VDD_IN,25361,7534,6208,16582,15217,3970,3936,17.0,21.0,14.0,14.0,31.0,64.0,62.312,62.781,61.875,61.062,61.125,62.781
08-11-2026 23:43:21,5665,7607,1439,16384,25.0,99.0,17447,VDD_IN,29347,7534,7507,16582,17447,3971,4393,65.0,7.0,25.0,8.0,16.0,29.0,62.375,62.687,62.0,60.906,61.343,62.687
08-11-2026 23:43:22,5666,7607,1439,16384,27.5,99.0,17486,VDD_IN,29971,7535,8602,16583,17486,3971,3883,12.0,13.0,74.0,15.0,14.0,37.0,62.125,63.343,61.812,60.875,61.125,63.343
08-11-2026 23:43:23,5666,7607,1439,16384,32.333333333333336,98.0,17211,VDD_IN,29424,7536,8290,16584,17211,3971,3923,16.0,14.0,77.0,14.0,21.0,52.0,62.406,63.593,61.812,60.906,61.218,63.593
08-11-2026 23:43:24,6205,7607,1439,16384,34.333333333333336,97.0,16767,VDD_IN,28451,7536,7716,16584,16767,3971,3968,18.0,22.0,71.0,19.0,59.0,17.0,62.687,63.343,61.812,60.968,61.218,63.343
08-11-2026 23:43:25,6224,7607,1439,16384,23.166666666666668,17.0,16019,VDD_IN,26657,7535,6512,16584,16019,3971,4126,12.0,4.0,54.0,34.0,33.0,2.0,62.156,62.062,62.093,60.906,61.093,62.156
08-11-2026 23:43:26,5664,7607,1439,16384,31.166666666666668,99.0,17486,VDD_IN,29699,7535,8055,16585,17486,3971,4158,18.0,20.0,18.0,24.0,82.0,25.0,62.281,63.25,61.75,60.968,61.156,63.437
08-11-2026 23:43:27,5669,7607,1439,16384,28.333333333333332,97.0,17290,VDD_IN,29541,7536,8368,16585,17290,3971,3883,15.0,13.0,20.0,11.0,33.0,78.0,62.062,63.531,61.812,61.0,61.156,63.531
08-11-2026 23:43:28,5665,7607,1439,16384,30.166666666666668,97.0,16649,VDD_IN,28255,7536,7716,16585,16649,3971,3890,41.0,18.0,19.0,21.0,12.0,70.0,62.093,63.312,61.875,60.906,61.125,63.312
08-11-2026 23:43:29,6435,7607,1439,16384,19.333333333333332,30.0,14294,VDD_IN,23588,7534,5431,16583,14294,3971,3863,4.0,27.0,5.0,3.0,0.0,77.0,62.0,62.062,62.0,60.937,60.968,62.062
08-11-2026 23:43:30,5662,7607,1439,16384,35.5,99.0,17447,VDD_IN,29621,7535,7977,16584,17447,3971,4197,29.0,27.0,27.0,21.0,23.0,86.0,62.375,63.062,61.812,60.875,61.281,63.062
08-11-2026 23:43:31,5659,7607,1439,16384,30.166666666666668,97.0,17250,VDD_IN,29618,7536,8485,16585,17250,3971,3883,15.0,13.0,13.0,22.0,93.0,25.0,62.343,63.187,61.843,61.0,61.156,63.187
08-11-2026 23:43:32,5657,7607,1439,16384,32.5,98.0,16975,VDD_IN,28972,7536,8107,16585,16975,3971,3890,27.0,16.0,24.0,21.0,65.0,42.0,61.968,63.093,61.875,61.0,61.125,63.093
08-11-2026 23:43:33,6461,7607,1439,16384,26.5,98.0,15375,VDD_IN,25794,7535,6562,16584,15375,3971,3857,10.0,35.0,13.0,12.0,78.0,11.0,62.437,62.843,61.937,60.875,61.156,62.843
08-11-2026 23:43:34,5704,7607,1439,16384,25.833333333333332,99.0,17368,VDD_IN,29229,7535,7507,16585,17368,3971,4354,17.0,21.0,11.0,11.0,10.0,85.0,62.375,63.062,62.031,60.937,61.187,63.062
08-11-2026 23:43:35,5655,7607,1439,16384,31.166666666666668,97.0,17172,VDD_IN,29423,7536,8407,16585,17172,3971,3844,17.0,40.0,13.0,14.0,13.0,90.0,62.0,63.218,61.75,60.968,61.125,63.218
08-11-2026 23:43:36,5652,7607,1439,16384,41.0,97.0,16975,VDD_IN,29012,7537,8186,16586,16975,3971,3851,33.0,34.0,49.0,30.0,18.0,82.0,62.281,63.531,61.812,61.031,61.218,63.531
08-11-2026 23:43:37,6487,7607,1439,16384,28.5,98.0,16058,VDD_IN,27087,7536,7100,16585,16058,3971,3929,18.0,16.0,17.0,13.0,22.0,85.0,62.156,62.781,61.906,61.093,61.125,62.781
08-11-2026 23:43:38,6016,7607,1439,16384,19.166666666666668,17.0,16767,VDD_IN,28021,7536,7011,16585,16767,3971,4243,80.0,1.0,4.0,8.0,22.0,0.0,62.156,62.187,61.906,61.125,61.187,62.187
08-11-2026 23:43:39,5653,7607,1439,16384,28.5,99.0,17368,VDD_IN,29542,7536,8055,16586,17368,3971,4119,78.0,18.0,18.0,14.0,27.0,16.0,62.093,63.062,61.937,60.906,61.281,63.062
08-11-2026 23:43:40,5656,7607,1439,16384,31.833333333333332,98.0,17133,VDD_IN,29306,7537,8290,16587,17133,3971,3883,77.0,13.0,25.0,19.0,41.0,16.0,62.093,63.218,61.843,61.0,61.218,63.218
08-11-2026 23:43:41,5655,7607,1439,16384,36.833333333333336,97.0,16818,VDD_IN,28698,7538,7951,16587,16818,3971,3929,44.0,29.0,24.0,31.0,48.0,45.0,62.281,63.093,61.781,60.937,61.156,63.093
08-11-2026 23:43:42,6381,7607,1439,16384,17.0,11.0,14862,VDD_IN,24620,7536,5737,16585,14862,3971,4021,6.0,3.0,5.0,22.0,66.0,0.0,62.093,61.906,61.906,61.031,61.093,62.093
08-11-2026 23:43:43,5651,7607,1439,16384,28.5,99.0,17211,VDD_IN,29268,7536,7938,16586,17211,3971,4119,18.0,16.0,19.0,19.0,84.0,15.0,62.25,63.343,61.906,61.125,61.218,63.343
08-11-2026 23:43:44,5648,7607,1439,16384,30.5,98.0,17329,VDD_IN,29658,7537,8446,16586,17329,3971,3883,20.0,16.0,16.0,39.0,81.0,11.0,62.125,63.437,61.937,60.906,61.125,63.437
08-11-2026 23:43:45,5654,7607,1439,16384,30.666666666666668,97.0,16897,VDD_IN,28777,7537,7990,16587,16897,3971,3890,48.0,19.0,22.0,22.0,56.0,17.0,62.062,63.375,61.875,60.937,61.218,63.375
08-11-2026 23:43:46,6470,7607,1439,16384,25.666666666666668,98.0,15730,VDD_IN,26413,7537,6708,16586,15730,3971,3975,48.0,20.0,13.0,38.0,26.0,9.0,62.812,63.031,61.812,60.937,61.25,63.031
08-11-2026 23:43:47,5721,7607,1439,16384,26.0,99.0,17486,VDD_IN,29426,7537,7586,16587,17486,3971,4354,15.0,16.0,7.0,24.0,65.0,29.0,62.25,63.312,61.906,61.093,61.25,63.312
08-11-2026 23:43:48,5649,7607,1439,16384,31.333333333333332,99.0,17447,VDD_IN,29932,7538,8602,16588,17447,3971,3883,21.0,38.0,16.0,20.0,19.0,74.0,61.906,63.625,61.906,61.156,61.187,63.625
08-11-2026 23:43:49,5661,7607,1439,16384,33.0,98.0,16857,VDD_IN,28737,7538,8029,16588,16857,3971,3851,16.0,40.0,20.0,20.0,17.0,85.0,62.187,63.218,62.031,60.968,61.125,63.218
08-11-2026 23:43:50,6486,7607,1439,16384,31.666666666666668,98.0,16216,VDD_IN,27402,7538,7257,16588,16216,3971,3929,21.0,17.0,21.0,51.0,14.0,66.0,62.406,63.0,61.843,60.906,61.062,63.0
08-11-2026 23:43:51,6049,7607,1439,16384,18.5,17.0,16295,VDD_IN,27157,7537,6658,16587,16295,3971,4204,3.0,3.0,7.0,22.0,0.0,76.0,62.531,62.187,61.812,60.937,61.125,62.531
08-11-2026 23:43:52,5660,7607,1439,16384,29.5,92.0,17408,VDD_IN,29621,7538,8094,16588,17408,3972,4119,18.0,15.0,27.0,31.0,12.0,74.0,62.031,63.062,61.968,61.031,61.156,63.062
08-11-2026 23:43:53,5653,7607,1439,16384,34.333333333333336,98.0,17250,VDD_IN,29540,7539,8407,16589,17250,3971,3883,19.0,27.0,19.0,48.0,70.0,23.0,62.031,63.375,62.062,61.125,61.187,63.375
08-11-2026 23:43:54,5651,7607,1439,16384,28.5,97.0,16491,VDD_IN,27979,7539,7598,16589,16491,3971,3890,41.0,16.0,15.0,17.0,66.0,16.0,62.093,63.25,61.968,60.906,61.125,63.25
08-11-2026 23:43:55,6381,7607,1439,16384,16.666666666666668,8.0,14744,VDD_IN,24344,7537,5619,16587,14744,3971,3981,22.0,2.0,2.0,5.0,66.0,3.0,62.093,62.187,61.781,60.937,61.031,62.187
08-11-2026 23:43:56,5650,7607,1439,16384,31.5,99.0,17211,VDD_IN,29268,7537,7938,16587,17211,3972,4119,31.0,22.0,18.0,19.0,74.0,25.0,62.343,63.625,61.843,60.937,61.218,63.625
08-11-2026 23:43:57,5655,7607,1439,16384,34.833333333333336,98.0,17447,VDD_IN,29893,7538,8563,16588,17447,3971,3883,38.0,17.0,20.0,24.0,73.0,37.0,62.187,63.687,61.875,61.0,61.156,63.687
08-11-2026 23:43:58,5659,7607,1439,16384,33.5,97.0,16936,VDD_IN,28848,7539,8029,16589,16936,3971,3883,57.0,17.0,26.0,23.0,18.0,60.0,62.093,63.656,61.937,60.968,61.187,63.656
08-11-2026 23:43:59,6463,7607,1439,16384,26.166666666666668,97.0,15783,VDD_IN,26545,7538,6826,16588,15783,3971,3936,14.0,11.0,12.0,15.0,19.0,86.0,62.437,63.343,61.843,60.906,61.125,63.343
08-11-2026 23:44:00,5770,7607,1439,16384,25.0,98.0,17565,VDD_IN,29544,7538,7625,16589,17565,3972,4354,6.0,27.0,11.0,9.0,67.0,30.0,62.625,63.031,61.812,61.0,61.218,63.031
08-11-2026 23:44:01,5654,7607,1439,16384,31.166666666666668,99.0,17329,VDD_IN,29697,7539,8524,16590,17329,3972,3844,17.0,91.0,13.0,16.0,14.0,36.0,62.281,63.468,61.906,61.062,61.187,63.468
08-11-2026 23:44:02,5655,7607,1439,16384,36.333333333333336,97.0,17172,VDD_IN,29345,7540,8290,16590,17172,3972,3883,21.0,75.0,19.0,22.0,54.0,27.0,62.031,63.406,61.843,61.0,61.218,63.406
08-11-2026 23:44:03,6220,7607,1439,16384,38.5,97.0,16570,VDD_IN,28097,7540,7598,16590,16570,3971,3929,56.0,52.0,21.0,23.0,58.0,21.0,62.25,63.218,61.812,60.906,61.375,63.218
08-11-2026 23:44:04,6114,7607,1439,16384,17.5,17.0,15901,VDD_IN,26506,7539,6473,16589,15901,3972,4132,55.0,10.0,2.0,16.0,21.0,1.0,62.281,62.281,61.843,60.937,61.062,62.562
08-11-2026 23:44:05,5655,7607,1439,16384,29.333333333333332,92.0,17329,VDD_IN,29503,7539,8055,16590,17329,3972,4119,20.0,16.0,15.0,33.0,74.0,18.0,62.187,63.343,61.875,60.906,61.125,63.343
08-11-2026 23:44:06,5651,7607,1439,16384,35.166666666666664,97.0,17172,VDD_IN,29345,7540,8329,16591,17172,3972,3844,23.0,13.0,17.0,94.0,49.0,15.0,62.343,63.5,61.906,60.937,61.187,63.5
08-11-2026 23:44:07,5652,7607,1439,16384,32.333333333333336,97.0,16649,VDD_IN,28294,7540,7755,16591,16649,3972,3890,15.0,16.0,56.0,32.0,20.0,55.0,62.218,63.312,61.906,61.0,61.218,63.312
08-11-2026 23:44:08,6374,7607,1439,16384,23.166666666666668,4.0,14902,VDD_IN,24698,7538,5815,16589,14902,3972,3981,17.0,9.0,57.0,22.0,25.0,9.0,62.187,61.906,61.875,60.906,61.156,62.187
08-11-2026 23:44:09,5654,7607,1439,16384,29.0,99.0,17211,VDD_IN,29307,7539,8016,16590,17211,3972,4080,24.0,14.0,16.0,18.0,84.0,18.0,62.062,63.25,61.937,60.937,61.125,63.25
08-11-2026 23:44:10,5657,7607,1439,16384,32.0,97.0,17290,VDD_IN,29580,7540,8407,16590,17290,3972,3883,24.0,42.0,19.0,16.0,26.0,65.0,62.125,63.25,61.843,60.937,61.187,63.25
08-11-2026 23:44:11,5653,7607,1439,16384,30.666666666666668,99.0,16413,VDD_IN,27901,7540,7637,16590,16413,3971,3851,22.0,15.0,40.0,16.0,65.0,26.0,62.25,63.156,61.843,61.062,61.125,63.156
08-11-2026 23:44:12,6434,7607,1439,16384,19.833333333333332,83.0,14784,VDD_IN,24581,7538,5855,16588,14784,3971,3942,31.0,6.0,4.0,4.0,70.0,4.0,62.312,62.531,61.875,61.062,61.125,62.531
08-11-2026 23:44:13,5656,7607,1439,16384,25.166666666666668,99.0,17250,VDD_IN,29112,7538,7586,16589,17250,3972,4276,16.0,10.0,13.0,12.0,85.0,15.0,62.343,62.75,61.937,60.875,61.281,62.75
08-11-2026 23:44:14,5654,7607,1439,16384,39.166666666666664,98.0,17447,VDD_IN,29971,7539,8641,16590,17447,3972,3883,25.0,24.0,36.0,77.0,29.0,44.0,62.25,63.625,61.843,60.875,61.187,63.625
08-11-2026 23:44:15,5652,7607,1439,16384,30.0,98.0,16897,VDD_IN,28894,7540,8107,16590,16897,3972,3890,17.0,15.0,18.0,69.0,16.0,45.0,62.187,63.468,61.937,60.937,61.218,63.468
08-11-2026 23:44:16,6479,7607,1439,16384,28.5,97.0,16019,VDD_IN,27009,7539,7022,16590,16019,3972,3968,19.0,15.0,16.0,86.0,20.0,15.0,62.875,63.218,61.875,60.968,61.187,63.218
08-11-2026 23:44:17,5891,7607,1439,16384,19.166666666666668,16.0,16857,VDD_IN,28268,7539,7128,16590,16857,3972,4283,4.0,14.0,16.0,5.0,11.0,65.0,62.468,62.843,61.937,61.125,61.281,62.843
08-11-2026 23:44:18,5657,7607,1439,16384,33.166666666666664,99.0,17408,VDD_IN,29855,7540,8524,16591,17408,3972,3923,22.0,18.0,36.0,16.0,92.0,15.0,62.062,63.656,61.906,60.875,61.25,63.656
08-11-2026 23:44:19,5665,7607,1439,16384,35.0,97.0,17133,VDD_IN,29266,7541,8250,16591,17133,3972,3883,86.0,18.0,50.0,17.0,19.0,20.0,62.125,63.625,61.75,60.875,61.25,63.343
08-11-2026 23:44:20,5649,7607,1439,16384,28.0,97.0,16295,VDD_IN,27626,7541,7402,16591,16295,3972,3929,54.0,14.0,19.0,21.0,40.0,20.0,62.468,63.187,61.75,60.906,61.156,63.187
08-11-2026 23:44:21,6163,7607,1439,16384,17.333333333333332,17.0,15783,VDD_IN,26270,7539,6355,16590,15783,3972,4132,5.0,4.0,1.0,3.0,26.0,65.0,62.312,62.125,61.906,60.937,61.093,62.187
08-11-2026 23:44:22,5651,7607,1439,16384,30.333333333333332,99.0,17329,VDD_IN,29503,7540,8055,16591,17329,3972,4119,23.0,16.0,20.0,21.0,77.0,25.0,62.437,63.312,61.875,61.062,61.218,63.312
08-11-2026 23:44:23,5655,7607,1439,16384,35.5,98.0,17133,VDD_IN,29306,7541,8329,16591,17133,3972,3844,21.0,45.0,57.0,22.0,54.0,14.0,62.25,63.375,62.0,60.906,61.156,63.375
08-11-2026 23:44:24,5656,7607,1439,16384,31.833333333333332,97.0,16728,VDD_IN,28451,7541,7794,16592,16728,3972,3929,19.0,13.0,30.0,56.0,56.0,17.0,62.312,63.25,61.968,60.875,61.187,63.25
08-11-2026 23:44:25,6389,7607,1439,16384,21.666666666666668,7.0,14705,VDD_IN,24344,7539,5658,16590,14705,3972,3981,6.0,15.0,8.0,7.0,72.0,22.0,62.218,61.843,61.843,60.937,60.906,62.218
08-11-2026 23:44:26,5652,7607,1439,16384,29.0,99.0,17250,VDD_IN,29346,7540,7977,16590,17250,3972,4119,74.0,18.0,24.0,16.0,24.0,18.0,62.218,63.187,61.906,61.031,61.187,63.187
08-11-2026 23:44:27,5650,7607,1439,16384,34.166666666666664,98.0,17290,VDD_IN,29619,7540,8446,16591,17290,3972,3883,37.0,17.0,20.0,22.0,31.0,78.0,62.5,63.312,61.937,61.125,61.125,63.312
08-11-2026 23:44:28,5649,7607,1439,16384,30.833333333333332,98.0,16700,VDD_IN,28501,7541,7911,16591,16700,3972,3890,53.0,15.0,16.0,14.0,12.0,75.0,62.125,63.093,61.875,60.906,61.218,63.093
08-11-2026 23:44:29,6455,7607,1439,16384,23.5,98.0,15138,VDD_IN,25282,7540,6248,16590,15138,3972,3896,34.0,10.0,12.0,12.0,6.0,67.0,62.562,62.75,61.843,60.906,61.062,62.875
08-11-2026 23:44:30,5663,7607,1439,16384,26.333333333333332,99.0,17408,VDD_IN,29191,7539,7429,16591,17408,3972,4354,13.0,19.0,13.0,24.0,4.0,85.0,62.781,62.781,61.875,61.031,61.187,62.781
08-11-2026 23:44:31,5655,7607,1439,16384,31.166666666666668,97.0,17329,VDD_IN,29697,7540,8524,16591,17329,3972,3844,42.0,19.0,21.0,14.0,16.0,75.0,61.968,63.468,61.843,61.062,61.187,63.468
08-11-2026 23:44:32,5657,7607,1439,16384,32.666666666666664,97.0,16857,VDD_IN,28737,7541,8029,16592,16857,3972,3851,21.0,44.0,19.0,17.0,14.0,81.0,62.187,63.468,61.906,60.843,61.187,63.468
08-11-2026 23:44:33,6475,7607,1439,16384,29.0,97.0,15533,VDD_IN,26137,7540,6747,16591,15533,3972,3857,18.0,13.0,37.0,17.0,10.0,79.0,62.531,63.062,62.0,60.937,61.062,63.062
08-11-2026 23:44:34,5793,7607,1439,16384,18.666666666666668,98.0,17250,VDD_IN,28877,7540,7312,16591,17250,3972,4315,5.0,8.0,4.0,10.0,4.0,81.0,62.281,62.75,61.875,60.968,61.218,62.75
08-11-2026 23:44:35,5658,7607,1439,16384,33.833333333333336,99.0,17761,VDD_IN,30428,7541,8666,16592,17761,3972,4001,27.0,25.0,17.0,37.0,19.0,78.0,62.468,63.187,61.906,61.093,61.312,63.187
08-11-2026 23:44:36,5651,7607,1439,16384,35.833333333333336,97.0,17054,VDD_IN,29109,7542,8172,16593,17054,3972,3883,20.0,22.0,46.0,18.0,87.0,22.0,62.125,63.312,61.906,61.125,61.156,63.312
08-11-2026 23:44:37,6483,7607,1439,16384,33.333333333333336,98.0,16137,VDD_IN,27284,7541,7257,16592,16137,3972,3890,56.0,14.0,20.0,18.0,81.0,11.0,62.281,63.093,61.937,61.0,61.312,63.093
08-11-2026 23:44:38,6023,7607,1439,16384,17.5,17.0,16216,VDD_IN,27039,7540,6658,16592,16216,3972,4165,33.0,2.0,17.0,1.0,49.0,3.0,62.593,62.218,62.0,60.968,61.156,62.875
08-11-2026 23:44:39,5654,7607,1439,16384,28.333333333333332,99.0,17408,VDD_IN,29582,7541,8055,16593,17408,3972,4119,21.0,75.0,30.0,17.0,13.0,14.0,62.125,63.406,61.843,60.968,61.218,63.406
08-11-2026 23:44:40,5651,7607,1439,16384,36.0,98.0,17290,VDD_IN,29619,7542,8446,16593,17290,3972,3883,29.0,20.0,21.0,50.0,73.0,23.0,62.187,63.625,61.875,61.0,61.187,63.625
08-11-2026 23:44:41,5650,7607,1439,16384,37.166666666666664,97.0,16857,VDD_IN,28697,7542,7911,16594,16857,3972,3929,25.0,58.0,25.0,31.0,65.0,19.0,62.062,63.562,61.843,61.093,61.125,63.562
08-11-2026 23:44:42,6377,7607,1439,16384,18.5,11.0,14823,VDD_IN,24541,7540,5737,16592,14823,3972,3981,8.0,2.0,3.0,23.0,74.0,1.0,62.125,62.156,61.968,60.937,61.093,62.156
08-11-2026 23:44:43,5650,7607,1439,16384,28.833333333333332,99.0,17290,VDD_IN,29425,7541,8016,16593,17290,3972,4119,21.0,14.0,17.0,29.0,13.0,79.0,62.187,63.625,61.781,60.937,61.218,63.625
08-11-2026 23:44:44,5649,7607,1439,16384,33.0,98.0,17250,VDD_IN,29540,7542,8407,16593,17250,3972,3883,16.0,15.0,14.0,93.0,18.0,42.0,62.25,63.687,61.843,61.0,61.156,63.687
08-11-2026 23:44:45,5651,7607,1439,16384,35.666666666666664,97.0,17133,VDD_IN,29267,7542,8211,16594,17133,3972,3923,27.0,24.0,21.0,72.0,47.0,23.0,62.312,63.656,61.843,61.031,61.125,63.656
08-11-2026 23:44:46,6456,7607,1439,16384,26.833333333333332,98.0,15375,VDD_IN,25705,7541,6394,16593,15375,3972,3936,16.0,9.0,25.0,34.0,70.0,7.0,62.468,62.781,61.968,61.093,61.156,62.781
08-11-2026 23:44:47,5659,7607,1439,16384,22.666666666666668,99.0,17368,VDD_IN,29151,7541,7429,16593,17368,3973,4354,13.0,11.0,7.0,10.0,86.0,9.0,62.437,62.812,61.968,60.968,61.25,62.812
08-11-2026 23:44:48,5654,7607,1439,16384,29.333333333333332,97.0,17329,VDD_IN,29697,7542,8485,16594,17329,3972,3883,14.0,12.0,19.0,12.0,80.0,39.0,62.156,63.375,61.812,60.906,61.156,63.375
08-11-2026 23:44:49,5648,7607,1439,16384,33.166666666666664,98.0,17054,VDD_IN,29109,7543,8172,16594,17054,3972,3883,50.0,20.0,19.0,20.0,47.0,43.0,62.312,63.343,61.843,61.0,61.218,63.343
08-11-2026 23:44:50,6205,7607,1439,16384,26.5,99.0,15940,VDD_IN,26937,7542,7061,16594,15940,3972,3936,46.0,15.0,11.0,15.0,37.0,35.0,62.437,63.093,61.937,61.0,61.156,63.093
08-11-2026 23:44:51,5935,7607,1439,16384,16.166666666666668,15.0,16531,VDD_IN,27628,7542,6854,16594,16531,3973,4243,59.0,4.0,2.0,2.0,21.0,9.0,62.062,62.218,61.875,60.937,61.125,62.218
08-11-2026 23:44:52,5646,7607,1439,16384,35.0,99.0,17604,VDD_IN,30012,7542,8250,16595,17604,3973,4158,22.0,27.0,21.0,26.0,79.0,35.0,62.218,63.156,62.093,60.875,61.281,63.156
08-11-2026 23:44:53,5649,7607,1439,16384,36.333333333333336,97.0,17290,VDD_IN,29619,7543,8446,16595,17290,3973,3883,18.0,20.0,58.0,32.0,71.0,19.0,62.218,63.343,61.781,61.0,61.125,63.343
08-11-2026 23:44:54,5647,7607,1439,16384,29.0,97.0,16649,VDD_IN,28294,7543,7716,16595,16649,3973,3929,16.0,17.0,18.0,15.0,70.0,38.0,62.468,63.187,61.875,60.937,61.187,63.187
08-11-2026 23:44:55,6371,7607,1439,16384,17.333333333333332,8.0,14862,VDD_IN,24540,7541,5697,16594,14862,3973,3981,7.0,2.0,3.0,2.0,68.0,22.0,62.062,61.875,61.937,61.062,61.0,62.062
08-11-2026 23:44:56,6010,7607,1439,16384,27.333333333333332,15.0,15611,VDD_IN,26255,7541,6787,16593,15611,3973,3857,50.0,18.0,13.0,12.0,42.0,29.0,62.031,62.343,62.031,60.937,61.125,62.343
08-11-2026 23:44:57,4996,7607,1439,16384,25.666666666666668,0.0,7097,VDD_IN,10758,7535,1671,16584,7097,3971,1990,42.0,15.0,37.0,14.0,34.0,12.0,61.062,60.937,61.593,60.781,60.312,61.593
