08-11-2026 23:27:16 RAM 2009/7607MB (lfb 162x4MB) SWAP 1430/16384MB (cached 130MB) CPU [2%@1036,7%@1036,4%@1036,5%@1036,0%@729,0%@729] GR3D_FREQ 0% cpu@59.281C soc2@58.562C soc0@60.125C gpu@58.843C tj@60.125C soc1@59.656C VDD_IN 5256mW/5256mW VDD_CPU_GPU_CV 682mW/682mW VDD_SOC 1484mW/1484mW
08-11-2026 23:27:17 RAM 2203/7607MB (lfb 162x4MB) SWAP 1430/16384MB (cached 130MB) CPU [13%@1344,21%@1344,12%@1344,73%@1344,7%@729,7%@729] GR3D_FREQ 2% cpu@59.281C soc2@58.437C soc0@59.937C gpu@58.687C tj@59.937C soc1@59.406C VDD_IN 5790mW/5523mW VDD_CPU_GPU_CV 1036mW/859mW VDD_SOC 1517mW/1501mW
08-11-2026 23:27:18 RAM 3678/7607MB (lfb 100x4MB) SWAP 1430/16384MB (cached 130MB) CPU [9%@1344,7%@1344,78%@1344,15%@1344,18%@729,2%@729] GR3D_FREQ 11% cpu@59.531C soc2@58.281C soc0@59.687C gpu@58.937C tj@59.687C soc1@59.187C VDD_IN 7456mW/6167mW VDD_CPU_GPU_CV 1751mW/1156mW VDD_SOC 1870mW/1624mW
08-11-2026 23:27:19 RAM 4157/7607MB (lfb 98x4MB) SWAP 1430/16384MB (cached 130MB) CPU [2%@1344,3%@1344,100%@1344,3%@1344,0%@729,0%@729] GR3D_FREQ 0% cpu@60.281C soc2@59C soc0@59.875C gpu@60.343C tj@60.343C soc1@59.25C VDD_IN 14941mW/8361mW VDD_CPU_GPU_CV 7151mW/2655mW VDD_SOC 3193mW/2016mW
08-11-2026 23:27:20 RAM 6045/7607MB (lfb 72x1MB) SWAP 1430/16384MB (cached 130MB) CPU [19%@1344,4%@1344,64%@1344,5%@1344,5%@1344,30%@1344] GR3D_FREQ 11% cpu@60.218C soc2@58.75C soc0@59.875C gpu@59.687C tj@60.218C soc1@59.343C VDD_IN 11665mW/9022mW VDD_CPU_GPU_CV 4073mW/2939mW VDD_SOC 2891mW/2191mW
08-11-2026 23:27:21 RAM 5615/7607MB (lfb 63x4MB) SWAP 1430/16384MB (cached 130MB) CPU [44%@1344,19%@1344,73%@1344,16%@1344,12%@729,22%@729] GR3D_FREQ 97% cpu@60.187C soc2@59.156C soc0@59.968C gpu@61.437C tj@61.437C soc1@59.375C VDD_IN 16255mW/10227mW VDD_CPU_GPU_CV 7951mW/3774mW VDD_SOC 3497mW/2409mW
08-11-2026 23:27:22 RAM 5631/7607MB (lfb 65x4MB) SWAP 1430/16384MB (cached 130MB) CPU [35%@1344,25%@1344,75%@1344,35%@1344,48%@1190,21%@1190] GR3D_FREQ 97% cpu@60.468C soc2@59.25C soc0@60.031C gpu@61.375C tj@61.375C soc1@59.281C VDD_IN 15572mW/10991mW VDD_CPU_GPU_CV 7179mW/4260mW VDD_SOC 3660mW/2587mW
08-11-2026 23:27:23 RAM 6184/7607MB (lfb 70x1MB) SWAP 1430/16384MB (cached 130MB) CPU [11%@1344,28%@1344,47%@1344,4%@1344,23%@1344,0%@1344] GR3D_FREQ 4% cpu@60.187C soc2@59.187C soc0@60.125C gpu@60.343C tj@60.343C soc1@59.375C VDD_IN 14650mW/11448mW VDD_CPU_GPU_CV 5658mW/4435mW VDD_SOC 3902mW/2752mW
08-11-2026 23:27:24 RAM 5632/7607MB (lfb 65x4MB) SWAP 1430/16384MB (cached 130MB) CPU [23%@729,34%@729,17%@729,22%@729,92%@729,14%@729] GR3D_FREQ 99% cpu@60.343C soc2@59.312C soc0@60.093C gpu@61.625C tj@61.625C soc1@59.375C VDD_IN 17172mW/12084mW VDD_CPU_GPU_CV 8329mW/4868mW VDD_SOC 3883mW/2877mW
08-11-2026 23:27:25 RAM 5631/7607MB (lfb 65x4MB) SWAP 1430/16384MB (cached 130MB) CPU [66%@1344,14%@1344,19%@1344,36%@1344,27%@729,15%@729] GR3D_FREQ 97% cpu@60.562C soc2@59.437C soc0@60.125C gpu@61.468C tj@61.468C soc1@59.468C VDD_IN 16452mW/12521mW VDD_CPU_GPU_CV 7716mW/5153mW VDD_SOC 3811mW/2971mW
08-11-2026 23:27:26 RAM 6352/7607MB (lfb 70x1MB) SWAP 1430/16384MB (cached 130MB) CPU [33%@1344,1%@1344,42%@1344,3%@1344,48%@1344,0%@1344] GR3D_FREQ 5% cpu@60.312C soc2@59.218C soc0@60.187C gpu@59.937C tj@60.312C soc1@59.5C VDD_IN 12677mW/12535mW VDD_CPU_GPU_CV 4541mW/5097mW VDD_SOC 3520mW/3021mW
08-11-2026 23:27:27 RAM 5635/7607MB (lfb 65x4MB) SWAP 1430/16384MB (cached 130MB) CPU [37%@1344,27%@1344,30%@1344,82%@1344,34%@729,18%@729] GR3D_FREQ 99% cpu@60.718C soc2@59.656C soc0@60.25C gpu@61.562C tj@61.562C soc1@59.406C VDD_IN 17290mW/12931mW VDD_CPU_GPU_CV 8094mW/5347mW VDD_SOC 4080mW/3109mW
08-11-2026 23:27:28 RAM 5638/7607MB (lfb 66x4MB) SWAP 1430/16384MB (cached 130MB) CPU [14%@1344,18%@1344,60%@1344,29%@1344,48%@729,17%@729] GR3D_FREQ 97% cpu@60.687C soc2@59.468C soc0@60.312C gpu@61.625C tj@61.625C soc1@59.406C VDD_IN 16846mW/13232mW VDD_CPU_GPU_CV 8186mW/5565mW VDD_SOC 3811mW/3163mW
08-11-2026 23:27:29 RAM 6410/7607MB (lfb 70x1MB) SWAP 1430/16384MB (cached 130MB) CPU [48%@1344,17%@1344,34%@1344,17%@1344,19%@1113,47%@1113] GR3D_FREQ 98% cpu@60.718C soc2@59.406C soc0@60.218C gpu@61.25C tj@61.25C soc1@59.5C VDD_IN 15217mW/13374mW VDD_CPU_GPU_CV 6641mW/5642mW VDD_SOC 3739mW/3204mW
08-11-2026 23:27:30 RAM 6013/7607MB (lfb 1x4MB) SWAP 1430/16384MB (cached 130MB) CPU [12%@729,5%@729,1%@729,3%@729,11%@1344,73%@1344] GR3D_FREQ 18% cpu@60.656C soc2@59.437C soc0@60.156C gpu@60.687C tj@60.687C soc1@59.531C VDD_IN 16098mW/13556mW VDD_CPU_GPU_CV 6551mW/5703mW VDD_SOC 4165mW/3268mW
08-11-2026 23:27:31 RAM 5634/7607MB (lfb 65x4MB) SWAP 1430/16384MB (cached 130MB) CPU [16%@729,49%@729,21%@729,14%@729,61%@729,21%@729] GR3D_FREQ 99% cpu@60.562C soc2@59.656C soc0@60.25C gpu@61.718C tj@61.718C soc1@59.625C VDD_IN 17408mW/13797mW VDD_CPU_GPU_CV 8485mW/5877mW VDD_SOC 3923mW/3309mW
08-11-2026 23:27:32 RAM 5632/7607MB (lfb 65x4MB) SWAP 1430/16384MB (cached 130MB) CPU [59%@729,22%@729,19%@729,14%@729,22%@1344,74%@1344] GR3D_FREQ 97% cpu@60.562C soc2@59.593C soc0@60.406C gpu@61.562C tj@61.562C soc1@59.468C VDD_IN 16531mW/13957mW VDD_CPU_GPU_CV 7833mW/5992mW VDD_SOC 3772mW/3336mW
08-11-2026 23:27:33 RAM 6367/7607MB (lfb 70x1MB) SWAP 1430/16384MB (cached 130MB) CPU [56%@1344,19%@1344,9%@1344,6%@1344,48%@1344,31%@1344] GR3D_FREQ 5% cpu@60.312C soc2@59.343C soc0@60.468C gpu@60.031C tj@60.468C soc1@59.531C VDD_IN 12854mW/13896mW VDD_CPU_GPU_CV 4691mW/5919mW VDD_SOC 3559mW/3349mW
08-11-2026 23:27:34 RAM 5635/7607MB (lfb 64x4MB) SWAP 1430/16384MB (cached 130MB) CPU [23%@1344,16%@1344,19%@1344,16%@1344,74%@1344,22%@1344] GR3D_FREQ 99% cpu@60.781C soc2@59.625C soc0@60.281C gpu@61.562C tj@61.562C soc1@59.562C VDD_IN 17093mW/14064mW VDD_CPU_GPU_CV 7899mW/6024mW VDD_SOC 4086mW/3388mW
08-11-2026 23:27:35 RAM 5635/7607MB (lfb 64x4MB) SWAP 1430/16384MB (cached 130MB) CPU [15%@729,14%@729,57%@729,18%@729,11%@1344,78%@1344] GR3D_FREQ 97% cpu@60.843C soc2@59.625C soc0@60.281C gpu@61.593C tj@61.593C soc1@59.562C VDD_IN 16885mW/14205mW VDD_CPU_GPU_CV 8146mW/6130mW VDD_SOC 3811mW/3409mW
08-11-2026 23:27:36 RAM 5636/7607MB (lfb 65x4MB) SWAP 1430/16384MB (cached 130MB) CPU [14%@729,59%@729,22%@729,17%@729,16%@1344,66%@1344] GR3D_FREQ 97% cpu@60.656C soc2@59.656C soc0@60.406C gpu@61.5C tj@61.5C soc1@59.656C VDD_IN 15611mW/14272mW VDD_CPU_GPU_CV 6944mW/6168mW VDD_SOC 3778mW/3426mW
08-11-2026 23:27:37 RAM 6137/7607MB (lfb 70x1MB) SWAP 1430/16384MB (cached 130MB) CPU [4%@1344,3%@1344,35%@1344,1%@1344,0%@1344,80%@1344] GR3D_FREQ 4% cpu@60.843C soc2@59.593C soc0@60.531C gpu@60.468C tj@60.843C soc1@59.562C VDD_IN 15493mW/14328mW VDD_CPU_GPU_CV 6198mW/6170mW VDD_SOC 4054mW/3455mW
08-11-2026 23:27:38 RAM 5635/7607MB (lfb 64x4MB) SWAP 1430/16384MB (cached 130MB) CPU [26%@729,34%@729,48%@729,24%@729,22%@1036,95%@1036] GR3D_FREQ 98% cpu@60.781C soc2@59.718C soc0@60.656C gpu@61.75C tj@61.75C soc1@59.593C VDD_IN 17329mW/14458mW VDD_CPU_GPU_CV 8563mW/6274mW VDD_SOC 3805mW/3470mW
08-11-2026 23:27:39 RAM 5645/7607MB (lfb 64x4MB) SWAP 1430/16384MB (cached 130MB) CPU [20%@1344,14%@1344,69%@1344,40%@1344,49%@729,15%@729] GR3D_FREQ 97% cpu@60.812C soc2@59.687C soc0@60.468C gpu@61.968C tj@61.968C soc1@59.687C VDD_IN 16452mW/14541mW VDD_CPU_GPU_CV 7755mW/6336mW VDD_SOC 3811mW/3484mW
08-11-2026 23:27:40 RAM 6331/7607MB (lfb 70x1MB) SWAP 1430/16384MB (cached 130MB) CPU [3%@1344,5%@1344,2%@1344,75%@1344,36%@1344,0%@1344] GR3D_FREQ 4% cpu@60.812C soc2@59.468C soc0@60.468C gpu@60.437C tj@60.812C soc1@59.781C VDD_IN 13091mW/14483mW VDD_CPU_GPU_CV 4770mW/6273mW VDD_SOC 3632mW/3490mW
08-11-2026 23:27:41 RAM 5636/7607MB (lfb 64x4MB) SWAP 1430/16384MB (cached 130MB) CPU [19%@1344,23%@1344,23%@1344,87%@1344,23%@1036,22%@1036] GR3D_FREQ 99% cpu@60.781C soc2@59.843C soc0@60.625C gpu@62C tj@62C soc1@59.75C VDD_IN 17172mW/14587mW VDD_CPU_GPU_CV 7938mW/6337mW VDD_SOC 4119mW/3514mW
08-11-2026 23:27:42 RAM 5633/7607MB (lfb 64x4MB) SWAP 1430/16384MB (cached 130MB) CPU [58%@1344,15%@1344,21%@1344,20%@1344,25%@729,48%@729] GR3D_FREQ 97% cpu@60.75C soc2@59.875C soc0@60.625C gpu@62.093C tj@62.093C soc1@59.625C VDD_IN 16975mW/14675mW VDD_CPU_GPU_CV 8211mW/6406mW VDD_SOC 3851mW/3527mW
08-11-2026 23:27:43 RAM 6269/7607MB (lfb 70x1MB) SWAP 1430/16384MB (cached 130MB) CPU [30%@1344,21%@1344,19%@1344,18%@1344,33%@729,47%@729] GR3D_FREQ 97% cpu@61.125C soc2@59.687C soc0@60.656C gpu@61.843C tj@61.843C soc1@59.625C VDD_IN 15493mW/14704mW VDD_CPU_GPU_CV 6865mW/6423mW VDD_SOC 3778mW/3536mW
08-11-2026 23:27:44 RAM 6102/7607MB (lfb 70x1MB) SWAP 1430/16384MB (cached 130MB) CPU [12%@1344,10%@1344,41%@1344,10%@1344,76%@1344,2%@1344] GR3D_FREQ 16% cpu@61.5C soc2@59.812C soc0@60.656C gpu@61.125C tj@61.5C soc1@59.843C VDD_IN 16176mW/14755mW VDD_CPU_GPU_CV 6619mW/6430mW VDD_SOC 4165mW/3557mW
08-11-2026 23:27:45 RAM 5635/7607MB (lfb 64x4MB) SWAP 1430/16384MB (cached 130MB) CPU [16%@729,20%@729,42%@729,27%@729,45%@1344,73%@1344] GR3D_FREQ 98% cpu@61.062C soc2@59.781C soc0@60.593C gpu@62.281C tj@62.281C soc1@59.781C VDD_IN 17172mW/14836mW VDD_CPU_GPU_CV 8446mW/6497mW VDD_SOC 3805mW/3566mW
08-11-2026 23:27:46 RAM 5628/7607MB (lfb 64x4MB) SWAP 1430/16384MB (cached 130MB) CPU [20%@1036,16%@1036,16%@1036,60%@1036,14%@1344,57%@1344] GR3D_FREQ 97% cpu@60.843C soc2@59.906C soc0@60.562C gpu@61.968C tj@61.968C soc1@59.906C VDD_IN 16491mW/14889mW VDD_CPU_GPU_CV 7794mW/6539mW VDD_SOC 3811mW/3574mW
08-11-2026 23:27:47 RAM 6401/7607MB (lfb 70x1MB) SWAP 1430/16384MB (cached 130MB) CPU [13%@1344,3%@1344,2%@1344,36%@1344,15%@729,42%@729] GR3D_FREQ 7% cpu@60.968C soc2@59.593C soc0@60.656C gpu@60.843C tj@60.968C soc1@59.781C VDD_IN 13329mW/14840mW VDD_CPU_GPU_CV 4888mW/6487mW VDD_SOC 3711mW/3578mW
08-11-2026 23:27:48 RAM 5638/7607MB (lfb 64x4MB) SWAP 1430/16384MB (cached 130MB) CPU [17%@1344,20%@1344,19%@1344,86%@1344,19%@729,19%@729] GR3D_FREQ 99% cpu@61.312C soc2@60.062C soc0@60.656C gpu@61.875C tj@61.875C soc1@59.875C VDD_IN 17290mW/14915mW VDD_CPU_GPU_CV 7859mW/6529mW VDD_SOC 4197mW/3597mW
08-11-2026 23:27:49 RAM 5637/7607MB (lfb 64x4MB) SWAP 1430/16384MB (cached 130MB) CPU [40%@1344,29%@1344,21%@1344,38%@1344,74%@729,19%@729] GR3D_FREQ 99% cpu@61.125C soc2@60.125C soc0@60.687C gpu@62.375C tj@62.375C soc1@59.937C VDD_IN 17250mW/14983mW VDD_CPU_GPU_CV 8407mW/6584mW VDD_SOC 3844mW/3604mW
08-11-2026 23:27:50 RAM 5642/7607MB (lfb 64x4MB) SWAP 1430/16384MB (cached 130MB) CPU [26%@1344,54%@1344,21%@1344,16%@1344,17%@960,61%@960] GR3D_FREQ 97% cpu@61.093C soc2@59.906C soc0@60.656C gpu@61.718C tj@61.718C soc1@59.843C VDD_IN 15730mW/15005mW VDD_CPU_GPU_CV 7100mW/6599mW VDD_SOC 3778mW/3609mW
08-11-2026 23:27:51 RAM 6169/7607MB (lfb 67x1MB) SWAP 1430/16384MB (cached 130MB) CPU [3%@1113,51%@1113,32%@1113,1%@1113,0%@1344,33%@1344] GR3D_FREQ 4% cpu@60.968C soc2@59.906C soc0@60.906C gpu@60.875C tj@61.093C soc1@59.875C VDD_IN 15217mW/15011mW VDD_CPU_GPU_CV 6051mW/6583mW VDD_SOC 3975mW/3619mW
08-11-2026 23:27:52 RAM 5644/7607MB (lfb 64x4MB) SWAP 1430/16384MB (cached 130MB) CPU [16%@729,19%@729,73%@729,18%@729,20%@729,30%@729] GR3D_FREQ 99% cpu@61.25C soc2@60.125C soc0@60.718C gpu@61.937C tj@61.937C soc1@59.906C VDD_IN 17290mW/15072mW VDD_CPU_GPU_CV 8055mW/6623mW VDD_SOC 4080mW/3632mW
08-11-2026 23:27:53 RAM 5643/7607MB (lfb 64x4MB) SWAP 1430/16384MB (cached 130MB) CPU [15%@1344,14%@1344,33%@1344,17%@1344,17%@1344,94%@1344] GR3D_FREQ 98% cpu@61.218C soc2@59.968C soc0@60.75C gpu@62C tj@62C soc1@59.968C VDD_IN 16728mW/15116mW VDD_CPU_GPU_CV 8029mW/6660mW VDD_SOC 3811mW/3636mW
08-11-2026 23:27:54 RAM 6466/7607MB (lfb 50x1MB) SWAP 1430/16384MB (cached 130MB) CPU [36%@1344,14%@1344,15%@1344,37%@1344,26%@1344,35%@1344] GR3D_FREQ 97% cpu@61.593C soc2@59.968C soc0@60.781C gpu@61.75C tj@61.75C soc1@59.968C VDD_IN 14941mW/15111mW VDD_CPU_GPU_CV 6326mW/6652mW VDD_SOC 3784mW/3640mW
08-11-2026 23:27:55 RAM 5821/7607MB (lfb 52x4MB) SWAP 1430/16384MB (cached 130MB) CPU [81%@729,7%@729,6%@729,7%@1344,9%@806,22%@806] GR3D_FREQ 68% cpu@61.093C soc2@60.125C soc0@60.937C gpu@61.781C tj@61.781C soc1@59.937C VDD_IN 16975mW/15158mW VDD_CPU_GPU_CV 7206mW/6665mW VDD_SOC 4283mW/3656mW
08-11-2026 23:27:56 RAM 5644/7607MB (lfb 76x4MB) SWAP 1430/16384MB (cached 130MB) CPU [82%@1344,22%@1344,26%@1344,22%@1344,20%@729,47%@729] GR3D_FREQ 98% cpu@61.125C soc2@60.187C soc0@60.937C gpu@62.562C tj@62.562C soc1@59.906C VDD_IN 17211mW/15208mW VDD_CPU_GPU_CV 8485mW/6710mW VDD_SOC 3805mW/3660mW
08-11-2026 23:27:57 RAM 5646/7607MB (lfb 79x4MB) SWAP 1430/16384MB (cached 130MB) CPU [40%@1344,18%@1344,18%@1344,49%@1344,14%@729,48%@729] GR3D_FREQ 97% cpu@61.187C soc2@60.187C soc0@60.843C gpu@62C tj@62C soc1@59.968C VDD_IN 16531mW/15239mW VDD_CPU_GPU_CV 7833mW/6737mW VDD_SOC 3811mW/3663mW
08-11-2026 23:27:58 RAM 6410/7607MB (lfb 45x1MB) SWAP 1430/16384MB (cached 130MB) CPU [75%@1344,0%@1344,2%@1344,6%@1344,5%@1344,36%@1344] GR3D_FREQ 23% cpu@61C soc2@59.937C soc0@60.843C gpu@60.593C tj@61C soc1@60C VDD_IN 13131mW/15190mW VDD_CPU_GPU_CV 4809mW/6692mW VDD_SOC 3593mW/3662mW
08-11-2026 23:27:59 RAM 5640/7607MB (lfb 79x4MB) SWAP 1430/16384MB (cached 130MB) CPU [25%@729,16%@729,15%@729,18%@729,86%@1344,17%@1344] GR3D_FREQ 99% cpu@61.625C soc2@60.156C soc0@60.937C gpu@61.812C tj@61.812C soc1@60.093C VDD_IN 17054mW/15233mW VDD_CPU_GPU_CV 7742mW/6716mW VDD_SOC 4119mW/3672mW
08-11-2026 23:28:00 RAM 5644/7607MB (lfb 79x4MB) SWAP 1430/16384MB (cached 130MB) CPU [74%@1344,20%@1344,30%@1344,20%@1344,42%@729,53%@729] GR3D_FREQ 98% cpu@61.187C soc2@60.312C soc0@60.906C gpu@62.093C tj@62.093C soc1@59.937C VDD_IN 17133mW/15275mW VDD_CPU_GPU_CV 8368mW/6752mW VDD_SOC 3805mW/3675mW
08-11-2026 23:28:01 RAM 5641/7607MB (lfb 80x4MB) SWAP 1430/16384MB (cached 130MB) CPU [30%@729,16%@729,16%@729,19%@729,42%@1344,55%@1344] GR3D_FREQ 97% cpu@61.281C soc2@60.187C soc0@60.968C gpu@61.968C tj@61.968C soc1@59.968C VDD_IN 16176mW/15295mW VDD_CPU_GPU_CV 7493mW/6768mW VDD_SOC 3811mW/3678mW
08-11-2026 23:28:02 RAM 6328/7607MB (lfb 43x1MB) SWAP 1430/16384MB (cached 130MB) CPU [3%@729,4%@729,4%@729,6%@729,22%@1344,64%@1344] GR3D_FREQ 7% cpu@61.281C soc2@59.968C soc0@60.968C gpu@60.843C tj@61.281C soc1@60.093C VDD_IN 14492mW/15277mW VDD_CPU_GPU_CV 5549mW/6742mW VDD_SOC 3902mW/3683mW
08-11-2026 23:28:03 RAM 5642/7607MB (lfb 81x4MB) SWAP 1430/16384MB (cached 130MB) CPU [21%@960,19%@960,18%@960,24%@960,29%@1344,79%@1344] GR3D_FREQ 99% cpu@61.375C soc2@60.25C soc0@61C gpu@62.375C tj@62.375C soc1@60.125C VDD_IN 17172mW/15317mW VDD_CPU_GPU_CV 7938mW/6767mW VDD_SOC 4080mW/3691mW
08-11-2026 23:28:04 RAM 5643/7607MB (lfb 80x4MB) SWAP 1430/16384MB (cached 130MB) CPU [52%@729,21%@729,21%@729,23%@729,17%@1344,73%@1344] GR3D_FREQ 97% cpu@61.562C soc2@60.281C soc0@61.031C gpu@62.406C tj@62.406C soc1@60.156C VDD_IN 17054mW/15352mW VDD_CPU_GPU_CV 8250mW/6798mW VDD_SOC 3844mW/3694mW
08-11-2026 23:28:05 RAM 5895/7607MB (lfb 43x4MB) SWAP 1430/16384MB (cached 130MB) CPU [54%@1344,17%@1344,17%@1344,21%@1344,16%@1344,72%@1344] GR3D_FREQ 97% cpu@61.625C soc2@60.312C soc0@60.937C gpu@62.125C tj@62.125C soc1@60C VDD_IN 15296mW/15351mW VDD_CPU_GPU_CV 6758mW/6797mW VDD_SOC 3739mW/3695mW
08-11-2026 23:28:06 RAM 6180/7607MB (lfb 1x2MB) SWAP 1430/16384MB (cached 130MB) CPU [10%@1344,10%@1344,27%@1344,13%@1344,0%@729,74%@729] GR3D_FREQ 17% cpu@61.562C soc2@60.187C soc0@61.093C gpu@61.406C tj@61.562C soc1@60.125C VDD_IN 15940mW/15363mW VDD_CPU_GPU_CV 6394mW/6789mW VDD_SOC 4132mW/3704mW
08-11-2026 23:28:07 RAM 5641/7607MB (lfb 79x4MB) SWAP 1430/16384MB (cached 130MB) CPU [22%@1344,16%@1344,74%@1344,32%@1344,18%@729,21%@729] GR3D_FREQ 99% cpu@61.406C soc2@60.25C soc0@60.968C gpu@62.312C tj@62.312C soc1@60.125C VDD_IN 17250mW/15399mW VDD_CPU_GPU_CV 7977mW/6812mW VDD_SOC 4119mW/3712mW
08-11-2026 23:28:08 RAM 5639/7607MB (lfb 79x4MB) SWAP 1430/16384MB (cached 130MB) CPU [45%@1344,17%@1344,18%@1344,74%@1344,16%@729,18%@729] GR3D_FREQ 97% cpu@61.437C soc2@60.25C soc0@61.031C gpu@62.625C tj@62.625C soc1@60.218C VDD_IN 16924mW/15428mW VDD_CPU_GPU_CV 8146mW/6837mW VDD_SOC 3851mW/3714mW
08-11-2026 23:28:09 RAM 6471/7607MB (lfb 39x1MB) SWAP 1430/16384MB (cached 130MB) CPU [58%@1344,13%@1344,18%@1344,33%@1344,18%@1344,60%@1344] GR3D_FREQ 98% cpu@61.718C soc2@60.281C soc0@60.968C gpu@61.875C tj@61.875C soc1@60.312C VDD_IN 14847mW/15417mW VDD_CPU_GPU_CV 6287mW/6827mW VDD_SOC 3745mW/3715mW
08-11-2026 23:28:10 RAM 5903/7607MB (lfb 37x4MB) SWAP 1430/16384MB (cached 130MB) CPU [5%@1344,27%@1344,7%@1344,4%@1344,0%@729,80%@729] GR3D_FREQ 17% cpu@61.218C soc2@60.218C soc0@61.125C gpu@61.5C tj@61.5C soc1@60.093C VDD_IN 16728mW/15441mW VDD_CPU_GPU_CV 7050mW/6831mW VDD_SOC 4243mW/3724mW
08-11-2026 23:28:11 RAM 5637/7607MB (lfb 80x4MB) SWAP 1430/16384MB (cached 130MB) CPU [24%@729,39%@729,21%@729,31%@729,13%@729,80%@729] GR3D_FREQ 99% cpu@61.281C soc2@60.25C soc0@61.156C gpu@62.437C tj@62.437C soc1@60.187C VDD_IN 17408mW/15476mW VDD_CPU_GPU_CV 8524mW/6861mW VDD_SOC 3923mW/3728mW
08-11-2026 23:28:12 RAM 5636/7607MB (lfb 81x4MB) SWAP 1430/16384MB (cached 130MB) CPU [20%@729,58%@729,20%@729,22%@729,18%@1344,74%@1344] GR3D_FREQ 98% cpu@61.531C soc2@60.25C soc0@61.031C gpu@62.375C tj@62.375C soc1@60.125C VDD_IN 16897mW/15501mW VDD_CPU_GPU_CV 8107mW/6883mW VDD_SOC 3851mW/3730mW
08-11-2026 23:28:13 RAM 6460/7607MB (lfb 39x1MB) SWAP 1430/16384MB (cached 130MB) CPU [15%@1344,42%@1344,21%@1344,13%@1344,16%@1344,66%@1344] GR3D_FREQ 98% cpu@61.656C soc2@60.375C soc0@61.125C gpu@62.312C tj@62.312C soc1@60.25C VDD_IN 15493mW/15501mW VDD_CPU_GPU_CV 6708mW/6880mW VDD_SOC 3857mW/3732mW
08-11-2026 23:28:14 RAM 5856/7607MB (lfb 48x4MB) SWAP 1430/16384MB (cached 130MB) CPU [6%@729,7%@729,3%@729,22%@729,59%@960,15%@960] GR3D_FREQ 13% cpu@61.281C soc2@60.437C soc0@61.125C gpu@61.812C tj@61.812C soc1@60.187C VDD_IN 16688mW/15521mW VDD_CPU_GPU_CV 6971mW/6881mW VDD_SOC 4243mW/3741mW
08-11-2026 23:28:15 RAM 5630/7607MB (lfb 79x4MB) SWAP 1430/16384MB (cached 130MB) CPU [21%@729,18%@729,19%@729,71%@729,25%@729,41%@729] GR3D_FREQ 99% cpu@61.156C soc2@60.312C soc0@61.187C gpu@62.812C tj@62.812C soc1@60.125C VDD_IN 17290mW/15550mW VDD_CPU_GPU_CV 8563mW/6909mW VDD_SOC 3844mW/3743mW
08-11-2026 23:28:16 RAM 5632/7607MB (lfb 80x4MB) SWAP 1430/16384MB (cached 130MB) CPU [21%@1344,48%@1344,16%@1344,18%@1344,46%@1344,47%@1344] GR3D_FREQ 97% cpu@61.406C soc2@60.437C soc0@60.968C gpu@62.656C tj@62.468C soc1@60.25C VDD_IN 16885mW/15572mW VDD_CPU_GPU_CV 8068mW/6928mW VDD_SOC 3851mW/3744mW
08-11-2026 23:28:17 RAM 6436/7607MB (lfb 41x1MB) SWAP 1430/16384MB (cached 130MB) CPU [14%@1344,79%@1344,10%@1344,11%@1344,53%@1344,7%@1344] GR3D_FREQ 98% cpu@61.843C soc2@60.25C soc0@61.125C gpu@61.781C tj@61.843C soc1@60.281C VDD_IN 14215mW/15550mW VDD_CPU_GPU_CV 5746mW/6909mW VDD_SOC 3705mW/3744mW
08-11-2026 23:28:18 RAM 5636/7607MB (lfb 79x4MB) SWAP 1430/16384MB (cached 130MB) CPU [10%@1344,87%@1344,12%@1344,13%@1344,12%@729,13%@729] GR3D_FREQ 99% cpu@61.375C soc2@60.468C soc0@61.093C gpu@62.156C tj@62.156C soc1@60.343C VDD_IN 17290mW/15578mW VDD_CPU_GPU_CV 7351mW/6916mW VDD_SOC 4315mW/3753mW
08-11-2026 23:28:19 RAM 5629/7607MB (lfb 79x4MB) SWAP 1430/16384MB (cached 130MB) CPU [19%@1344,83%@1344,18%@1344,18%@1344,47%@729,13%@729] GR3D_FREQ 98% cpu@61.25C soc2@60.468C soc0@61.156C gpu@62.531C tj@62.531C soc1@60.125C VDD_IN 17015mW/15601mW VDD_CPU_GPU_CV 8290mW/6938mW VDD_SOC 3805mW/3754mW
08-11-2026 23:28:20 RAM 5628/7607MB (lfb 79x4MB) SWAP 1430/16384MB (cached 130MB) CPU [16%@1344,67%@1344,24%@1344,18%@1344,59%@729,16%@729] GR3D_FREQ 97% cpu@61.312C soc2@60.281C soc0@61.281C gpu@62.5C tj@62.5C soc1@60.25C VDD_IN 16649mW/15617mW VDD_CPU_GPU_CV 7794mW/6951mW VDD_SOC 3851mW/3755mW
08-11-2026 23:28:21 RAM 6417/7607MB (lfb 39x1MB) SWAP 1430/16384MB (cached 130MB) CPU [8%@1344,67%@1344,8%@1344,5%@1344,48%@1344,6%@1344] GR3D_FREQ 98% cpu@61.656C soc2@60.312C soc0@61.093C gpu@61.843C tj@61.843C soc1@60.312C VDD_IN 14650mW/15602mW VDD_CPU_GPU_CV 5894mW/6935mW VDD_SOC 3863mW/3757mW
08-11-2026 23:28:22 RAM 5635/7607MB (lfb 79x4MB) SWAP 1430/16384MB (cached 130MB) CPU [22%@729,29%@729,15%@729,17%@729,74%@1344,15%@1344] GR3D_FREQ 99% cpu@61.812C soc2@60.5C soc0@61.156C gpu@62.062C tj@61.937C soc1@60.343C VDD_IN 17290mW/15627mW VDD_CPU_GPU_CV 7547mW/6944mW VDD_SOC 4315mW/3765mW
08-11-2026 23:28:23 RAM 5634/7607MB (lfb 79x4MB) SWAP 1430/16384MB (cached 130MB) CPU [19%@1344,20%@1344,71%@1344,20%@1344,29%@729,44%@729] GR3D_FREQ 98% cpu@61.625C soc2@60.562C soc0@61.218C gpu@62.625C tj@62.625C soc1@60.375C VDD_IN 17250mW/15651mW VDD_CPU_GPU_CV 8485mW/6967mW VDD_SOC 3844mW/3766mW
08-11-2026 23:28:24 RAM 5639/7607MB (lfb 80x4MB) SWAP 1430/16384MB (cached 130MB) CPU [20%@729,17%@729,49%@729,19%@729,60%@1344,18%@1344] GR3D_FREQ 98% cpu@61.312C soc2@60.437C soc0@61.156C gpu@62.406C tj@62.406C soc1@60.125C VDD_IN 16570mW/15664mW VDD_CPU_GPU_CV 7794mW/6979mW VDD_SOC 3851mW/3768mW
08-11-2026 23:28:25 RAM 6416/7607MB (lfb 35x1MB) SWAP 1430/16384MB (cached 130MB) CPU [6%@1344,7%@1344,32%@1344,10%@1344,42%@1344,24%@1344] GR3D_FREQ 81% cpu@61.562C soc2@60.343C soc0@61.281C gpu@61.812C tj@61.812C soc1@60.281C VDD_IN 14255mW/15644mW VDD_CPU_GPU_CV 5589mW/6959mW VDD_SOC 3824mW/3768mW
08-11-2026 23:28:26 RAM 5630/7607MB (lfb 79x4MB) SWAP 1430/16384MB (cached 130MB) CPU [19%@1344,16%@1344,33%@1344,23%@1344,15%@1344,85%@1344] GR3D_FREQ 99% cpu@61.718C soc2@60.593C soc0@61.187C gpu@61.968C tj@61.968C soc1@60.25C VDD_IN 17290mW/15667mW VDD_CPU_GPU_CV 7625mW/6968mW VDD_SOC 4276mW/3776mW
08-11-2026 23:28:27 RAM 5632/7607MB (lfb 79x4MB) SWAP 1430/16384MB (cached 130MB) CPU [24%@729,21%@729,51%@729,25%@729,15%@1344,83%@1344] GR3D_FREQ 97% cpu@61.687C soc2@60.5C soc0@61.156C gpu@62.562C tj@62.562C soc1@60.343C VDD_IN 17408mW/15692mW VDD_CPU_GPU_CV 8641mW/6992mW VDD_SOC 3844mW/3776mW
08-11-2026 23:28:28 RAM 5636/7607MB (lfb 80x4MB) SWAP 1430/16384MB (cached 130MB) CPU [17%@729,17%@729,56%@729,22%@729,18%@1344,67%@1344] GR3D_FREQ 98% cpu@61.437C soc2@60.468C soc0@61.187C gpu@62.531C tj@62.531C soc1@60.437C VDD_IN 16688mW/15705mW VDD_CPU_GPU_CV 7872mW/7004mW VDD_SOC 3851mW/3778mW
08-11-2026 23:28:29 RAM 6429/7607MB (lfb 36x1MB) SWAP 1430/16384MB (cached 130MB) CPU [50%@1344,5%@1344,7%@1344,10%@1344,5%@1344,62%@1344] GR3D_FREQ 98% cpu@61.718C soc2@60.531C soc0@61.25C gpu@62.062C tj@62.062C soc1@60.281C VDD_IN 14571mW/15690mW VDD_CPU_GPU_CV 5855mW/6988mW VDD_SOC 3824mW/3778mW
08-11-2026 23:28:30 RAM 5624/7607MB (lfb 79x4MB) SWAP 1431/16384MB (cached 130MB) CPU [25%@1344,14%@1344,11%@1344,12%@1344,11%@1344,85%@1344] GR3D_FREQ 99% cpu@61.843C soc2@60.593C soc0@61.312C gpu@62.187C tj@62.187C soc1@60.375C VDD_IN 17290mW/15711mW VDD_CPU_GPU_CV 7507mW/6995mW VDD_SOC 4315mW/3785mW
08-11-2026 23:28:31 RAM 5625/7607MB (lfb 78x4MB) SWAP 1431/16384MB (cached 130MB) CPU [43%@729,18%@729,12%@729,23%@729,12%@1344,80%@1344] GR3D_FREQ 97% cpu@61.468C soc2@60.437C soc0@61.156C gpu@62.875C tj@62.875C soc1@60.375C VDD_IN 17172mW/15730mW VDD_CPU_GPU_CV 8446mW/7014mW VDD_SOC 3844mW/3786mW
08-11-2026 23:28:32 RAM 5627/7607MB (lfb 80x4MB) SWAP 1431/16384MB (cached 130MB) CPU [21%@729,64%@729,21%@729,30%@729,24%@1344,66%@1344] GR3D_FREQ 98% cpu@61.718C soc2@60.5C soc0@61.156C gpu@62.781C tj@62.781C soc1@60.375C VDD_IN 16857mW/15745mW VDD_CPU_GPU_CV 8068mW/7028mW VDD_SOC 3851mW/3787mW
08-11-2026 23:28:33 RAM 6430/7607MB (lfb 38x1MB) SWAP 1431/16384MB (cached 130MB) CPU [15%@1344,9%@1344,15%@1344,27%@1344,23%@1344,62%@1344] GR3D_FREQ 98% cpu@61.531C soc2@60.375C soc0@61.312C gpu@62.187C tj@61.906C soc1@60.531C VDD_IN 14689mW/15732mW VDD_CPU_GPU_CV 5855mW/7013mW VDD_SOC 3824mW/3787mW
08-11-2026 23:28:34 RAM 5631/7607MB (lfb 80x4MB) SWAP 1431/16384MB (cached 130MB) CPU [9%@729,10%@729,15%@729,12%@729,21%@1344,86%@1344] GR3D_FREQ 99% cpu@61.843C soc2@60.625C soc0@61.406C gpu@62.093C tj@62.093C soc1@60.375C VDD_IN 17211mW/15750mW VDD_CPU_GPU_CV 7429mW/7018mW VDD_SOC 4315mW/3794mW
08-11-2026 23:28:35 RAM 5634/7607MB (lfb 78x4MB) SWAP 1431/16384MB (cached 130MB) CPU [25%@729,22%@729,18%@729,16%@729,65%@1344,44%@1344] GR3D_FREQ 97% cpu@61.531C soc2@60.531C soc0@61.187C gpu@62.687C tj@62.687C soc1@60.375C VDD_IN 17250mW/15769mW VDD_CPU_GPU_CV 8446mW/7036mW VDD_SOC 3844mW/3795mW
08-11-2026 23:28:36 RAM 5624/7607MB (lfb 79x4MB) SWAP 1431/16384MB (cached 130MB) CPU [19%@1344,18%@1344,20%@1344,65%@1344,19%@729,48%@729] GR3D_FREQ 97% cpu@61.656C soc2@60.5C soc0@61.218C gpu@62.593C tj@62.593C soc1@60.375C VDD_IN 16649mW/15780mW VDD_CPU_GPU_CV 7872mW/7046mW VDD_SOC 3851mW/3795mW
08-11-2026 23:28:37 RAM 6425/7607MB (lfb 38x1MB) SWAP 1431/16384MB (cached 130MB) CPU [9%@1344,8%@1344,13%@1344,68%@1344,9%@1344,43%@1344] GR3D_FREQ 97% cpu@62.093C soc2@60.5C soc0@61.281C gpu@62.093C tj@62.093C soc1@60.531C VDD_IN 14981mW/15770mW VDD_CPU_GPU_CV 6208mW/7036mW VDD_SOC 3857mW/3796mW
08-11-2026 23:28:38 RAM 5636/7607MB (lfb 81x4MB) SWAP 1431/16384MB (cached 130MB) CPU [13%@729,12%@729,23%@729,75%@729,34%@1344,9%@1344] GR3D_FREQ 99% cpu@61.75C soc2@60.656C soc0@61.343C gpu@62.156C tj@62.156C soc1@60.375C VDD_IN 17408mW/15790mW VDD_CPU_GPU_CV 7507mW/7042mW VDD_SOC 4354mW/3803mW
08-11-2026 23:28:39 RAM 5636/7607MB (lfb 83x4MB) SWAP 1431/16384MB (cached 130MB) CPU [43%@729,12%@729,16%@729,15%@729,74%@1344,15%@1344] GR3D_FREQ 98% cpu@61.375C soc2@60.468C soc0@61.375C gpu@63C tj@63C soc1@60.375C VDD_IN 17250mW/15807mW VDD_CPU_GPU_CV 8485mW/7059mW VDD_SOC 3844mW/3803mW
08-11-2026 23:28:40 RAM 5626/7607MB (lfb 82x4MB) SWAP 1431/16384MB (cached 130MB) CPU [18%@729,17%@729,18%@729,19%@729,67%@1344,40%@1344] GR3D_FREQ 98% cpu@61.593C soc2@60.468C soc0@61.187C gpu@62.906C tj@62.906C soc1@60.406C VDD_IN 16688mW/15818mW VDD_CPU_GPU_CV 7872mW/7068mW VDD_SOC 3851mW/3804mW
08-11-2026 23:28:41 RAM 6431/7607MB (lfb 38x1MB) SWAP 1431/16384MB (cached 130MB) CPU [32%@1344,9%@1344,8%@1344,12%@1344,48%@1344,36%@1344] GR3D_FREQ 97% cpu@62.031C soc2@60.531C soc0@61.156C gpu@62.531C tj@62.531C soc1@60.468C VDD_IN 14862mW/15807mW VDD_CPU_GPU_CV 6169mW/7058mW VDD_SOC 3824mW/3804mW
08-11-2026 23:28:42 RAM 5628/7607MB (lfb 81x4MB) SWAP 1431/16384MB (cached 130MB) CPU [7%@1344,86%@1344,8%@1344,10%@1344,9%@729,22%@729] GR3D_FREQ 99% cpu@61.687C soc2@60.625C soc0@61.343C gpu@62.5C tj@62.5C soc1@60.5C VDD_IN 17290mW/15824mW VDD_CPU_GPU_CV 7429mW/7062mW VDD_SOC 4354mW/3810mW
08-11-2026 23:28:43 RAM 5627/7607MB (lfb 83x4MB) SWAP 1431/16384MB (cached 130MB) CPU [18%@1344,88%@1344,19%@1344,14%@1344,16%@729,46%@729] GR3D_FREQ 97% cpu@61.531C soc2@60.625C soc0@61.343C gpu@63.062C tj@63.062C soc1@60.375C VDD_IN 17133mW/15838mW VDD_CPU_GPU_CV 8407mW/7077mW VDD_SOC 3844mW/3811mW
08-11-2026 23:28:44 RAM 5629/7607MB (lfb 83x4MB) SWAP 1431/16384MB (cached 130MB) CPU [22%@1344,28%@1344,80%@1344,16%@1344,63%@729,18%@729] GR3D_FREQ 99% cpu@61.625C soc2@60.562C soc0@61.343C gpu@62.656C tj@62.656C soc1@60.375C VDD_IN 16058mW/15841mW VDD_CPU_GPU_CV 7363mW/7081mW VDD_SOC 3817mW/3811mW
08-11-2026 23:28:45 RAM 6356/7607MB (lfb 39x1MB) SWAP 1431/16384MB (cached 130MB) CPU [19%@729,2%@729,46%@729,5%@729,10%@1344,29%@1344] GR3D_FREQ 7% cpu@61.5C soc2@60.312C soc0@61.25C gpu@61.375C tj@61.5C soc1@60.406C VDD_IN 14255mW/15823mW VDD_CPU_GPU_CV 5431mW/7062mW VDD_SOC 3863mW/3811mW
08-11-2026 23:28:46 RAM 5628/7607MB (lfb 84x4MB) SWAP 1431/16384MB (cached 130MB) CPU [83%@1344,16%@1344,16%@1344,15%@1344,15%@729,19%@729] GR3D_FREQ 99% cpu@61.656C soc2@60.687C soc0@61.375C gpu@62.781C tj@62.781C soc1@60.531C VDD_IN 17133mW/15838mW VDD_CPU_GPU_CV 7899mW/7072mW VDD_SOC 4080mW/3814mW
08-11-2026 23:28:47 RAM 5630/7607MB (lfb 82x4MB) SWAP 1431/16384MB (cached 130MB) CPU [79%@729,21%@729,19%@729,19%@729,43%@1344,53%@1344] GR3D_FREQ 98% cpu@61.531C soc2@60.593C soc0@61.187C gpu@62.812C tj@62.812C soc1@60.531C VDD_IN 16924mW/15849mW VDD_CPU_GPU_CV 8225mW/7084mW VDD_SOC 3811mW/3814mW
08-11-2026 23:28:48 RAM 5632/7607MB (lfb 81x4MB) SWAP 1431/16384MB (cached 130MB) CPU [30%@1344,13%@1344,28%@1344,61%@1344,53%@729,13%@729] GR3D_FREQ 97% cpu@61.593C soc2@60.531C soc0@61.343C gpu@62.531C tj@62.531C soc1@60.593C VDD_IN 15690mW/15848mW VDD_CPU_GPU_CV 7100mW/7084mW VDD_SOC 3778mW/3814mW
08-11-2026 23:28:49 RAM 6128/7607MB (lfb 4x4MB) SWAP 1431/16384MB (cached 130MB) CPU [20%@1344,11%@1344,10%@1344,55%@1344,31%@729,0%@729] GR3D_FREQ 17% cpu@61.718C soc2@60.5C soc0@61.5C gpu@61.718C tj@61.718C soc1@60.437C VDD_IN 15809mW/15847mW VDD_CPU_GPU_CV 6355mW/7077mW VDD_SOC 4132mW/3817mW
08-11-2026 23:28:50 RAM 5631/7607MB (lfb 84x4MB) SWAP 1431/16384MB (cached 130MB) CPU [25%@729,18%@729,15%@729,12%@729,74%@729,13%@729] GR3D_FREQ 99% cpu@61.687C soc2@60.656C soc0@61.375C gpu@62.718C tj@62.375C soc1@60.437C VDD_IN 17290mW/15863mW VDD_CPU_GPU_CV 8016mW/7086mW VDD_SOC 4119mW/3821mW
08-11-2026 23:28:51 RAM 5628/7607MB (lfb 83x4MB) SWAP 1431/16384MB (cached 130MB) CPU [55%@1344,18%@1344,20%@1344,16%@1344,44%@729,46%@729] GR3D_FREQ 97% cpu@61.875C soc2@60.656C soc0@61.25C gpu@62.781C tj@62.781C soc1@60.437C VDD_IN 16975mW/15874mW VDD_CPU_GPU_CV 8172mW/7098mW VDD_SOC 3851mW/3821mW
08-11-2026 23:28:52 RAM 6463/7607MB (lfb 1x2MB) SWAP 1431/16384MB (cached 130MB) CPU [38%@1344,19%@1344,22%@1344,48%@1344,13%@729,47%@729] GR3D_FREQ 98% cpu@62.062C soc2@60.625C soc0@61.406C gpu@62.437C tj@62.437C soc1@60.562C VDD_IN 16137mW/15877mW VDD_CPU_GPU_CV 7336mW/7100mW VDD_SOC 3851mW/3821mW
08-11-2026 23:28:53 RAM 6104/7607MB (lfb 12x4MB) SWAP 1431/16384MB (cached 130MB) CPU [3%@1113,6%@1113,3%@1113,78%@1113,5%@1344,14%@1344] GR3D_FREQ 17% cpu@61.5C soc2@60.531C soc0@61.437C gpu@61.5C tj@61.5C soc1@60.593C VDD_IN 15783mW/15876mW VDD_CPU_GPU_CV 6355mW/7093mW VDD_SOC 4132mW/3824mW
08-11-2026 23:28:54 RAM 5634/7607MB (lfb 84x4MB) SWAP 1431/16384MB (cached 130MB) CPU [23%@1344,41%@1344,76%@1344,20%@1344,23%@729,34%@729] GR3D_FREQ 99% cpu@61.906C soc2@60.843C soc0@61.468C gpu@62.718C tj@62.718C soc1@60.437C VDD_IN 17683mW/15894mW VDD_CPU_GPU_CV 8368mW/7105mW VDD_SOC 4119mW/3827mW
08-11-2026 23:28:55 RAM 5626/7607MB (lfb 81x4MB) SWAP 1431/16384MB (cached 130MB) CPU [46%@729,19%@729,16%@729,20%@729,78%@1344,14%@1344] GR3D_FREQ 97% cpu@61.562C soc2@60.593C soc0@61.343C gpu@62.718C tj@62.718C soc1@60.5C VDD_IN 16936mW/15905mW VDD_CPU_GPU_CV 8186mW/7116mW VDD_SOC 3851mW/3828mW
08-11-2026 23:28:56 RAM 5621/7607MB (lfb 82x4MB) SWAP 1431/16384MB (cached 130MB) CPU [15%@729,57%@729,17%@729,23%@729,35%@1344,46%@1344] GR3D_FREQ 97% cpu@62C soc2@60.656C soc0@61.312C gpu@62.656C tj@62.656C soc1@60.437C VDD_IN 16255mW/15908mW VDD_CPU_GPU_CV 7414mW/7119mW VDD_SOC 3890mW/3828mW
08-11-2026 23:28:58 RAM 6158/7607MB (lfb 1x2MB) SWAP 1431/16384MB (cached 130MB) CPU [16%@1344,2%@1344,3%@1344,21%@1344,12%@1344,52%@1344] GR3D_FREQ 17% cpu@62.031C soc2@60.687C soc0@61.406C gpu@61.875C tj@62.031C soc1@60.593C VDD_IN 15730mW/15906mW VDD_CPU_GPU_CV 6277mW/7111mW VDD_SOC 4132mW/3831mW
08-11-2026 23:28:59 RAM 5626/7607MB (lfb 81x4MB) SWAP 1431/16384MB (cached 130MB) CPU [23%@729,20%@729,20%@729,31%@729,73%@1036,19%@1036] GR3D_FREQ 99% cpu@61.531C soc2@60.656C soc0@61.343C gpu@62.843C tj@62.843C soc1@60.593C VDD_IN 17368mW/15920mW VDD_CPU_GPU_CV 8055mW/7120mW VDD_SOC 4119mW/3834mW
08-11-2026 23:29:00 RAM 5628/7607MB (lfb 82x4MB) SWAP 1431/16384MB (cached 130MB) CPU [19%@729,20%@729,24%@729,21%@729,82%@1344,38%@1344] GR3D_FREQ 97% cpu@61.5C soc2@60.625C soc0@61.437C gpu@63.062C tj@63.062C soc1@60.468C VDD_IN 17054mW/15931mW VDD_CPU_GPU_CV 8250mW/7131mW VDD_SOC 3844mW/3834mW
08-11-2026 23:29:01 RAM 6460/7607MB (lfb 1x2MB) SWAP 1431/16384MB (cached 130MB) CPU [47%@1344,28%@1344,30%@1344,31%@1344,39%@1344,43%@1344] GR3D_FREQ 98% cpu@62.031C soc2@60.656C soc0@61.343C gpu@62.843C tj@62.843C soc1@60.531C VDD_IN 16176mW/15934mW VDD_CPU_GPU_CV 7375mW/7133mW VDD_SOC 3851mW/3834mW
08-11-2026 23:29:02 RAM 6099/7607MB (lfb 8x4MB) SWAP 1431/16384MB (cached 130MB) CPU [19%@1344,3%@1344,1%@1344,3%@1344,0%@729,73%@729] GR3D_FREQ 17% cpu@62.062C soc2@60.593C soc0@61.406C gpu@61.937C tj@62.062C soc1@60.531C VDD_IN 15769mW/15932mW VDD_CPU_GPU_CV 6316mW/7126mW VDD_SOC 4132mW/3837mW
08-11-2026 23:29:03 RAM 5624/7607MB (lfb 82x4MB) SWAP 1431/16384MB (cached 130MB) CPU [28%@729,21%@729,18%@729,15%@729,73%@729,13%@729] GR3D_FREQ 99% cpu@61.593C soc2@60.812C soc0@61.468C gpu@62.75C tj@62.75C soc1@60.625C VDD_IN 17368mW/15946mW VDD_CPU_GPU_CV 8094mW/7135mW VDD_SOC 4119mW/3840mW
08-11-2026 23:29:04 RAM 5628/7607MB (lfb 83x4MB) SWAP 1431/16384MB (cached 130MB) CPU [50%@1344,40%@1344,17%@1344,17%@1344,51%@729,12%@729] GR3D_FREQ 98% cpu@61.562C soc2@60.781C soc0@61.5C gpu@62.906C tj@62.906C soc1@60.531C VDD_IN 16936mW/15955mW VDD_CPU_GPU_CV 8172mW/7144mW VDD_SOC 3851mW/3840mW
08-11-2026 23:29:05 RAM 5625/7607MB (lfb 84x4MB) SWAP 1431/16384MB (cached 130MB) CPU [38%@729,15%@729,42%@729,32%@729,21%@1344,24%@1344] GR3D_FREQ 98% cpu@61.75C soc2@60.625C soc0@61.593C gpu@62.718C tj@62.718C soc1@60.562C VDD_IN 16137mW/15956mW VDD_CPU_GPU_CV 7336mW/7146mW VDD_SOC 3890mW/3840mW
08-11-2026 23:29:06 RAM 6160/7607MB (lfb 1x4MB) SWAP 1431/16384MB (cached 130MB) CPU [9%@1344,6%@1344,23%@1344,20%@1344,11%@729,61%@729] GR3D_FREQ 17% cpu@62.062C soc2@60.656C soc0@61.406C gpu@61.718C tj@62.062C soc1@60.5C VDD_IN 15809mW/15955mW VDD_CPU_GPU_CV 6394mW/7139mW VDD_SOC 4132mW/3843mW
08-11-2026 23:29:07 RAM 5630/7607MB (lfb 84x4MB) SWAP 1431/16384MB (cached 130MB) CPU [22%@1344,22%@1344,74%@1344,31%@1344,18%@806,16%@806] GR3D_FREQ 99% cpu@61.875C soc2@60.875C soc0@61.468C gpu@62.687C tj@63.062C soc1@60.593C VDD_IN 17329mW/15967mW VDD_CPU_GPU_CV 8055mW/7147mW VDD_SOC 4119mW/3845mW
08-11-2026 23:29:08 RAM 5627/7607MB (lfb 83x4MB) SWAP 1431/16384MB (cached 130MB) CPU [19%@1344,19%@1344,78%@1344,44%@1344,23%@729,22%@729] GR3D_FREQ 97% cpu@61.843C soc2@60.75C soc0@61.5C gpu@63.312C tj@63.312C soc1@60.718C VDD_IN 17093mW/15978mW VDD_CPU_GPU_CV 8290mW/7158mW VDD_SOC 3844mW/3845mW
08-11-2026 23:29:09 RAM 5636/7607MB (lfb 84x4MB) SWAP 1431/16384MB (cached 130MB) CPU [16%@1344,16%@1344,68%@1344,15%@1344,54%@729,19%@729] GR3D_FREQ 97% cpu@61.968C soc2@60.75C soc0@61.531C gpu@63.062C tj@63.062C soc1@60.468C VDD_IN 16295mW/15980mW VDD_CPU_GPU_CV 7402mW/7160mW VDD_SOC 3890mW/3846mW
08-11-2026 23:29:10 RAM 6220/7607MB (lfb 1x2MB) SWAP 1431/16384MB (cached 130MB) CPU [3%@960,1%@960,76%@960,4%@960,2%@1344,19%@1344] GR3D_FREQ 16% cpu@61.843C soc2@60.625C soc0@61.437C gpu@61.625C tj@61.875C soc1@60.625C VDD_IN 15414mW/15975mW VDD_CPU_GPU_CV 6080mW/7150mW VDD_SOC 4054mW/3848mW
08-11-2026 23:29:11 RAM 5628/7607MB (lfb 86x4MB) SWAP 1431/16384MB (cached 130MB) CPU [18%@1344,16%@1344,76%@1344,15%@1344,15%@729,27%@729] GR3D_FREQ 93% cpu@61.937C soc2@60.812C soc0@61.375C gpu@62.812C tj@62.812C soc1@60.625C VDD_IN 17329mW/15987mW VDD_CPU_GPU_CV 8016mW/7158mW VDD_SOC 4119mW/3850mW
08-11-2026 23:29:12 RAM 5628/7607MB (lfb 85x4MB) SWAP 1431/16384MB (cached 130MB) CPU [57%@1344,25%@1344,36%@1344,34%@1344,30%@729,48%@729] GR3D_FREQ 97% cpu@62.093C soc2@60.906C soc0@61.343C gpu@62.968C tj@62.968C soc1@60.718C VDD_IN 17172mW/15997mW VDD_CPU_GPU_CV 8407mW/7169mW VDD_SOC 3844mW/3850mW
08-11-2026 23:29:13 RAM 5630/7607MB (lfb 83x4MB) SWAP 1431/16384MB (cached 130MB) CPU [43%@729,21%@729,17%@729,12%@729,41%@1344,37%@1344] GR3D_FREQ 97% cpu@61.781C soc2@60.718C soc0@61.531C gpu@62.906C tj@62.906C soc1@60.718C VDD_IN 16334mW/16000mW VDD_CPU_GPU_CV 7520mW/7172mW VDD_SOC 3890mW/3850mW
08-11-2026 23:29:14 RAM 6268/7607MB (lfb 34x1MB) SWAP 1431/16384MB (cached 130MB) CPU [2%@729,2%@729,4%@729,3%@729,20%@1344,67%@1344] GR3D_FREQ 14% cpu@61.593C soc2@60.656C soc0@61.562C gpu@61.718C tj@61.718C soc1@60.593C VDD_IN 14981mW/15992mW VDD_CPU_GPU_CV 5815mW/7160mW VDD_SOC 4014mW/3852mW
08-11-2026 23:29:15 RAM 5632/7607MB (lfb 83x4MB) SWAP 1431/16384MB (cached 130MB) CPU [23%@729,12%@729,17%@729,22%@729,24%@1036,78%@1036] GR3D_FREQ 99% cpu@62.062C soc2@60.843C soc0@61.375C gpu@62.906C tj@62.906C soc1@60.593C VDD_IN 17290mW/16002mW VDD_CPU_GPU_CV 7977mW/7167mW VDD_SOC 4119mW/3854mW
08-11-2026 23:29:16 RAM 5630/7607MB (lfb 83x4MB) SWAP 1431/16384MB (cached 130MB) CPU [45%@729,15%@729,14%@729,12%@729,60%@1344,32%@1344] GR3D_FREQ 97% cpu@61.75C soc2@60.75C soc0@61.468C gpu@63.093C tj@63.093C soc1@60.687C VDD_IN 17133mW/16012mW VDD_CPU_GPU_CV 8290mW/7176mW VDD_SOC 3844mW/3854mW
08-11-2026 23:29:17 RAM 6151/7607MB (lfb 3x4MB) SWAP 1431/16384MB (cached 130MB) CPU [26%@1113,27%@1113,43%@1113,25%@1113,70%@1344,32%@1344] GR3D_FREQ 97% cpu@62.125C soc2@60.812C soc0@61.5C gpu@62.718C tj@62.718C soc1@60.812C VDD_IN 16137mW/16013mW VDD_CPU_GPU_CV 7375mW/7178mW VDD_SOC 3811mW/3853mW
08-11-2026 23:29:18 RAM 6229/7607MB (lfb 30x1MB) SWAP 1431/16384MB (cached 130MB) CPU [5%@1344,3%@1344,1%@1344,18%@1344,71%@729,1%@729] GR3D_FREQ 17% cpu@61.937C soc2@60.625C soc0@61.718C gpu@61.687C tj@61.937C soc1@60.593C VDD_IN 15414mW/16008mW VDD_CPU_GPU_CV 6041mW/7169mW VDD_SOC 4093mW/3855mW
08-11-2026 23:29:19 RAM 5630/7607MB (lfb 83x4MB) SWAP 1431/16384MB (cached 130MB) CPU [18%@729,17%@729,16%@729,32%@729,77%@1344,12%@1344] GR3D_FREQ 98% cpu@61.843C soc2@60.843C soc0@61.437C gpu@62.843C tj@62.843C soc1@60.625C VDD_IN 17290mW/16018mW VDD_CPU_GPU_CV 7977mW/7175mW VDD_SOC 4119mW/3858mW
08-11-2026 23:29:20 RAM 5628/7607MB (lfb 81x4MB) SWAP 1431/16384MB (cached 130MB) CPU [23%@729,17%@729,17%@729,61%@729,83%@1344,19%@1344] GR3D_FREQ 97% cpu@61.906C soc2@60.812C soc0@61.437C gpu@63.187C tj@63.187C soc1@60.687C VDD_IN 17211mW/16028mW VDD_CPU_GPU_CV 8407mW/7185mW VDD_SOC 3844mW/3857mW
08-11-2026 23:29:21 RAM 5622/7607MB (lfb 82x4MB) SWAP 1431/16384MB (cached 130MB) CPU [32%@1344,13%@1344,16%@1344,13%@1344,74%@729,12%@729] GR3D_FREQ 97% cpu@61.812C soc2@60.843C soc0@61.625C gpu@62.906C tj@62.906C soc1@60.875C VDD_IN 16295mW/16030mW VDD_CPU_GPU_CV 7441mW/7187mW VDD_SOC 3890mW/3858mW
08-11-2026 23:29:22 RAM 6274/7607MB (lfb 36x1MB) SWAP 1431/16384MB (cached 130MB) CPU [54%@1344,29%@1344,23%@1344,5%@1344,5%@729,2%@729] GR3D_FREQ 11% cpu@62.187C soc2@60.843C soc0@61.625C gpu@61.875C tj@62.187C soc1@60.562C VDD_IN 15099mW/16023mW VDD_CPU_GPU_CV 5894mW/7177mW VDD_SOC 4014mW/3859mW
08-11-2026 23:29:23 RAM 5632/7607MB (lfb 82x4MB) SWAP 1431/16384MB (cached 130MB) CPU [22%@729,24%@729,30%@729,20%@729,77%@1344,22%@1344] GR3D_FREQ 99% cpu@62.031C soc2@60.937C soc0@61.562C gpu@63.093C tj@63.093C soc1@60.593C VDD_IN 17368mW/16033mW VDD_CPU_GPU_CV 8055mW/7184mW VDD_SOC 4158mW/3861mW
08-11-2026 23:29:24 RAM 5626/7607MB (lfb 83x4MB) SWAP 1431/16384MB (cached 130MB) CPU [46%@1344,15%@1344,16%@1344,60%@1344,15%@729,31%@729] GR3D_FREQ 97% cpu@61.906C soc2@60.812C soc0@61.531C gpu@63.156C tj@63.156C soc1@60.718C VDD_IN 17093mW/16042mW VDD_CPU_GPU_CV 8329mW/7193mW VDD_SOC 3844mW/3861mW
08-11-2026 23:29:25 RAM 5626/7607MB (lfb 83x4MB) SWAP 1431/16384MB (cached 130MB) CPU [45%@729,21%@729,16%@729,37%@729,47%@1344,15%@1344] GR3D_FREQ 97% cpu@61.937C soc2@60.812C soc0@61.531C gpu@63.125C tj@62.843C soc1@60.75C VDD_IN 16413mW/16045mW VDD_CPU_GPU_CV 7598mW/7196mW VDD_SOC 3851mW/3861mW
08-11-2026 23:29:26 RAM 6290/7607MB (lfb 29x1MB) SWAP 1431/16384MB (cached 130MB) CPU [13%@1344,5%@1344,1%@1344,5%@1344,74%@960,9%@960] GR3D_FREQ 7% cpu@61.875C soc2@60.75C soc0@61.625C gpu@61.562C tj@61.875C soc1@60.718C VDD_IN 14823mW/16035mW VDD_CPU_GPU_CV 5776mW/7185mW VDD_SOC 3981mW/3862mW
08-11-2026 23:29:27 RAM 5630/7607MB (lfb 85x4MB) SWAP 1431/16384MB (cached 130MB) CPU [25%@729,20%@729,17%@729,24%@729,14%@1344,80%@1344] GR3D_FREQ 99% cpu@61.906C soc2@60.875C soc0@61.781C gpu@62.906C tj@62.906C soc1@60.593C VDD_IN 17290mW/16045mW VDD_CPU_GPU_CV 7977mW/7191mW VDD_SOC 4119mW/3864mW
08-11-2026 23:29:28 RAM 5629/7607MB (lfb 84x4MB) SWAP 1431/16384MB (cached 130MB) CPU [19%@729,22%@729,24%@729,60%@729,30%@1344,78%@1344] GR3D_FREQ 97% cpu@62.031C soc2@60.875C soc0@61.468C gpu@62.968C tj@62.968C soc1@60.687C VDD_IN 17329mW/16054mW VDD_CPU_GPU_CV 8485mW/7201mW VDD_SOC 3883mW/3864mW
08-11-2026 23:29:29 RAM 5628/7607MB (lfb 84x4MB) SWAP 1431/16384MB (cached 130MB) CPU [20%@1344,24%@1344,27%@1344,42%@1344,36%@1344,41%@1344] GR3D_FREQ 98% cpu@62.343C soc2@60.906C soc0@61.531C gpu@62.843C tj@62.843C soc1@60.687C VDD_IN 16649mW/16059mW VDD_CPU_GPU_CV 7716mW/7205mW VDD_SOC 3890mW/3864mW
08-11-2026 23:29:30 RAM 6327/7607MB (lfb 29x1MB) SWAP 1431/16384MB (cached 130MB) CPU [41%@1344,3%@1344,2%@1344,6%@1344,1%@883,71%@883] GR3D_FREQ 10% cpu@61.937C soc2@60.781C soc0@61.625C gpu@61.937C tj@61.937C soc1@60.875C VDD_IN 14492mW/16047mW VDD_CPU_GPU_CV 5540mW/7192mW VDD_SOC 3902mW/3865mW
08-11-2026 23:29:31 RAM 5628/7607MB (lfb 84x4MB) SWAP 1431/16384MB (cached 130MB) CPU [23%@729,17%@729,18%@729,26%@729,15%@1344,81%@1344] GR3D_FREQ 99% cpu@61.875C soc2@60.937C soc0@61.687C gpu@63.281C tj@63.281C soc1@60.812C VDD_IN 17290mW/16056mW VDD_CPU_GPU_CV 8055mW/7199mW VDD_SOC 4080mW/3866mW
08-11-2026 23:29:32 RAM 5628/7607MB (lfb 84x4MB) SWAP 1431/16384MB (cached 130MB) CPU [15%@1344,15%@1344,12%@1344,15%@1344,42%@1344,75%@1344] GR3D_FREQ 98% cpu@61.875C soc2@60.937C soc0@61.625C gpu@63.281C tj@63.281C soc1@60.687C VDD_IN 17054mW/16064mW VDD_CPU_GPU_CV 8250mW/7206mW VDD_SOC 3844mW/3866mW
08-11-2026 23:29:33 RAM 5630/7607MB (lfb 84x4MB) SWAP 1431/16384MB (cached 130MB) CPU [37%@806,18%@806,21%@806,25%@806,28%@1344,70%@1344] GR3D_FREQ 97% cpu@62.125C soc2@60.906C soc0@61.406C gpu@63.125C tj@63.125C soc1@60.625C VDD_IN 16373mW/16066mW VDD_CPU_GPU_CV 7611mW/7209mW VDD_SOC 3851mW/3866mW
08-11-2026 23:29:34 RAM 6309/7607MB (lfb 30x1MB) SWAP 1431/16384MB (cached 130MB) CPU [40%@1344,5%@1344,5%@1344,12%@1344,0%@729,70%@729] GR3D_FREQ 14% cpu@62.187C soc2@60.906C soc0@61.625C gpu@62.093C tj@62.187C soc1@60.75C VDD_IN 14823mW/16057mW VDD_CPU_GPU_CV 5776mW/7199mW VDD_SOC 3981mW/3867mW
08-11-2026 23:29:35 RAM 5627/7607MB (lfb 83x4MB) SWAP 1431/16384MB (cached 130MB) CPU [29%@1344,20%@1344,21%@1344,24%@1344,22%@1344,82%@1344] GR3D_FREQ 99% cpu@61.937C soc2@60.906C soc0@61.593C gpu@62.937C tj@62.937C soc1@60.812C VDD_IN 17290mW/16066mW VDD_CPU_GPU_CV 8016mW/7205mW VDD_SOC 4119mW/3869mW
08-11-2026 23:29:36 RAM 5624/7607MB (lfb 83x4MB) SWAP 1431/16384MB (cached 130MB) CPU [14%@729,13%@729,17%@729,15%@729,70%@1344,56%@1344] GR3D_FREQ 98% cpu@61.781C soc2@60.937C soc0@61.718C gpu@63.062C tj@63.062C soc1@60.875C VDD_IN 17172mW/16074mW VDD_CPU_GPU_CV 8329mW/7213mW VDD_SOC 3883mW/3869mW
08-11-2026 23:29:37 RAM 5629/7607MB (lfb 85x4MB) SWAP 1431/16384MB (cached 130MB) CPU [59%@1344,16%@1344,25%@1344,18%@1344,64%@729,19%@729] GR3D_FREQ 97% cpu@61.906C soc2@60.906C soc0@61.687C gpu@62.906C tj@62.906C soc1@60.656C VDD_IN 16609mW/16078mW VDD_CPU_GPU_CV 7716mW/7216mW VDD_SOC 3890mW/3869mW
08-11-2026 23:29:38 RAM 6350/7607MB (lfb 28x1MB) SWAP 1431/16384MB (cached 130MB) CPU [50%@1344,11%@1344,29%@1344,4%@1344,19%@729,0%@729] GR3D_FREQ 14% cpu@62.218C soc2@60.781C soc0@61.625C gpu@61.75C tj@62.218C soc1@60.718C VDD_IN 14492mW/16066mW VDD_CPU_GPU_CV 5510mW/7204mW VDD_SOC 3902mW/3869mW
08-11-2026 23:29:39 RAM 5633/7607MB (lfb 85x4MB) SWAP 1431/16384MB (cached 130MB) CPU [27%@1267,23%@1267,38%@1267,15%@1267,83%@1344,12%@1344] GR3D_FREQ 99% cpu@62.406C soc2@60.875C soc0@61.593C gpu@62.968C tj@62.968C soc1@60.781C VDD_IN 17368mW/16076mW VDD_CPU_GPU_CV 8094mW/7211mW VDD_SOC 4119mW/3871mW
08-11-2026 23:29:40 RAM 5631/7607MB (lfb 84x4MB) SWAP 1431/16384MB (cached 130MB) CPU [21%@729,24%@729,48%@729,18%@729,81%@1344,15%@1344] GR3D_FREQ 98% cpu@61.968C soc2@60.968C soc0@61.687C gpu@63.218C tj@63.218C soc1@60.843C VDD_IN 17290mW/16084mW VDD_CPU_GPU_CV 8407mW/7219mW VDD_SOC 3883mW/3871mW
08-11-2026 23:29:41 RAM 5630/7607MB (lfb 84x4MB) SWAP 1431/16384MB (cached 130MB) CPU [28%@729,50%@729,19%@729,14%@729,79%@1344,16%@1344] GR3D_FREQ 97% cpu@61.906C soc2@60.906C soc0@61.625C gpu@62.75C tj@62.75C soc1@60.906C VDD_IN 15862mW/16082mW VDD_CPU_GPU_CV 7257mW/7219mW VDD_SOC 3778mW/3870mW
08-11-2026 23:29:42 RAM 6269/7607MB (lfb 26x1MB) SWAP 1431/16384MB (cached 130MB) CPU [1%@1344,5%@1344,24%@1344,7%@1344,49%@729,26%@729] GR3D_FREQ 11% cpu@62.218C soc2@60.718C soc0@61.75C gpu@61.687C tj@62.218C soc1@60.75C VDD_IN 15059mW/16075mW VDD_CPU_GPU_CV 5855mW/7210mW VDD_SOC 4014mW/3871mW
08-11-2026 23:29:43 RAM 5628/7607MB (lfb 84x4MB) SWAP 1432/16384MB (cached 130MB) CPU [21%@1113,15%@1113,25%@1113,14%@1113,12%@1036,79%@1036] GR3D_FREQ 99% cpu@62C soc2@61.031C soc0@61.593C gpu@62.875C tj@62.875C soc1@60.812C VDD_IN 17290mW/16084mW VDD_CPU_GPU_CV 7977mW/7215mW VDD_SOC 4119mW/3873mW
08-11-2026 23:29:44 RAM 5633/7607MB (lfb 83x4MB) SWAP 1432/16384MB (cached 130MB) CPU [22%@1267,25%@1267,77%@1267,18%@1267,16%@1344,89%@1344] GR3D_FREQ 97% cpu@62.25C soc2@60.906C soc0@61.562C gpu@63C tj@63C soc1@60.812C VDD_IN 17172mW/16091mW VDD_CPU_GPU_CV 8446mW/7223mW VDD_SOC 3844mW/3873mW
08-11-2026 23:29:45 RAM 5628/7607MB (lfb 84x4MB) SWAP 1432/16384MB (cached 130MB) CPU [17%@729,19%@729,58%@729,21%@729,14%@1344,68%@1344] GR3D_FREQ 97% cpu@62.093C soc2@60.875C soc0@61.656C gpu@62.812C tj@62.812C soc1@60.843C VDD_IN 16019mW/16091mW VDD_CPU_GPU_CV 7297mW/7224mW VDD_SOC 3811mW/3872mW
08-11-2026 23:29:46 RAM 6143/7607MB (lfb 27x1MB) SWAP 1432/16384MB (cached 130MB) CPU [17%@1344,0%@1344,1%@1344,9%@1344,0%@729,72%@729] GR3D_FREQ 22% cpu@61.968C soc2@60.937C soc0@61.687C gpu@62.062C tj@62.062C soc1@60.75C VDD_IN 15651mW/16088mW VDD_CPU_GPU_CV 6237mW/7217mW VDD_SOC 4132mW/3874mW
08-11-2026 23:29:47 RAM 5630/7607MB (lfb 85x4MB) SWAP 1432/16384MB (cached 130MB) CPU [32%@729,20%@729,20%@729,16%@729,18%@729,74%@729] GR3D_FREQ 99% cpu@61.843C soc2@60.968C soc0@61.625C gpu@63.031C tj@63.031C soc1@60.656C VDD_IN 17250mW/16095mW VDD_CPU_GPU_CV 8016mW/7223mW VDD_SOC 4119mW/3876mW
08-11-2026 23:29:48 RAM 5632/7607MB (lfb 84x4MB) SWAP 1432/16384MB (cached 130MB) CPU [20%@729,49%@729,14%@729,25%@729,16%@1344,92%@1344] GR3D_FREQ 97% cpu@62.031C soc2@60.906C soc0@61.656C gpu@63.156C tj@63.156C soc1@60.75C VDD_IN 16767mW/16100mW VDD_CPU_GPU_CV 7990mW/7228mW VDD_SOC 3811mW/3875mW
08-11-2026 23:29:49 RAM 6457/7607MB (lfb 23x1MB) SWAP 1432/16384MB (cached 130MB) CPU [19%@1344,20%@1344,41%@1344,20%@1344,14%@1344,60%@1344] GR3D_FREQ 98% cpu@62.468C soc2@60.968C soc0@61.625C gpu@62.937C tj@62.937C soc1@60.812C VDD_IN 15822mW/16098mW VDD_CPU_GPU_CV 7022mW/7226mW VDD_SOC 3857mW/3875mW
08-11-2026 23:29:50 RAM 6020/7607MB (lfb 18x4MB) SWAP 1432/16384MB (cached 130MB) CPU [10%@1344,17%@1344,33%@1344,18%@1344,23%@1344,58%@1344] GR3D_FREQ 21% cpu@62.406C soc2@61.062C soc0@61.656C gpu@62.343C tj@62.406C soc1@60.875C VDD_IN 16609mW/16101mW VDD_CPU_GPU_CV 6932mW/7224mW VDD_SOC 4243mW/3877mW
08-11-2026 23:29:51 RAM 5629/7607MB (lfb 87x4MB) SWAP 1432/16384MB (cached 130MB) CPU [21%@729,21%@729,40%@729,17%@729,77%@729,14%@729] GR3D_FREQ 99% cpu@62.062C soc2@61.062C soc0@61.75C gpu@63.25C tj@63.25C soc1@60.812C VDD_IN 17565mW/16111mW VDD_CPU_GPU_CV 8211mW/7231mW VDD_SOC 4158mW/3879mW
08-11-2026 23:29:52 RAM 5626/7607MB (lfb 87x4MB) SWAP 1433/16384MB (cached 130MB) CPU [22%@729,18%@729,27%@729,41%@729,72%@1344,16%@1344] GR3D_FREQ 98% cpu@61.843C soc2@60.937C soc0@61.656C gpu@63.156C tj@63.156C soc1@60.781C VDD_IN 17172mW/16118mW VDD_CPU_GPU_CV 8290mW/7238mW VDD_SOC 3883mW/3879mW
08-11-2026 23:29:53 RAM 5625/7607MB (lfb 88x4MB) SWAP 1433/16384MB (cached 130MB) CPU [14%@729,18%@729,21%@729,53%@729,47%@1344,41%@1344] GR3D_FREQ 97% cpu@62.062C soc2@60.968C soc0@61.625C gpu@63C tj@63C soc1@60.875C VDD_IN 16491mW/16120mW VDD_CPU_GPU_CV 7598mW/7240mW VDD_SOC 3929mW/3880mW
08-11-2026 23:29:54 RAM 6288/7607MB (lfb 35x1MB) SWAP 1433/16384MB (cached 130MB) CPU [2%@1344,21%@1344,4%@1344,3%@1344,75%@729,0%@729] GR3D_FREQ 17% cpu@62.312C soc2@61C soc0@61.718C gpu@61.875C tj@62.312C soc1@60.875C VDD_IN 15375mW/16115mW VDD_CPU_GPU_CV 6041mW/7232mW VDD_SOC 4093mW/3881mW
08-11-2026 23:29:55 RAM 5632/7607MB (lfb 87x4MB) SWAP 1433/16384MB (cached 130MB) CPU [29%@1036,33%@1036,21%@1036,31%@1036,76%@1344,26%@1344] GR3D_FREQ 99% cpu@62.125C soc2@61.125C soc0@61.812C gpu@63.125C tj@63.125C soc1@61C VDD_IN 17565mW/16124mW VDD_CPU_GPU_CV 8211mW/7238mW VDD_SOC 4158mW/3883mW
08-11-2026 23:29:56 RAM 5629/7607MB (lfb 87x4MB) SWAP 1433/16384MB (cached 130MB) CPU [18%@729,49%@729,13%@729,20%@729,14%@1344,85%@1344] GR3D_FREQ 97% cpu@62.031C soc2@61.093C soc0@61.875C gpu@63.218C tj@63.218C soc1@60.875C VDD_IN 17290mW/16132mW VDD_CPU_GPU_CV 8485mW/7246mW VDD_SOC 3883mW/3883mW
08-11-2026 23:29:57 RAM 5628/7607MB (lfb 87x4MB) SWAP 1433/16384MB (cached 130MB) CPU [16%@729,17%@729,11%@729,11%@729,41%@1344,61%@1344] GR3D_FREQ 98% cpu@62.25C soc2@60.937C soc0@61.625C gpu@63.125C tj@63.125C soc1@60.781C VDD_IN 16531mW/16134mW VDD_CPU_GPU_CV 7676mW/7249mW VDD_SOC 3890mW/3883mW
08-11-2026 23:29:58 RAM 6408/7607MB (lfb 36x1MB) SWAP 1433/16384MB (cached 130MB) CPU [11%@1344,3%@1344,5%@1344,11%@1344,30%@1344,62%@1344] GR3D_FREQ 44% cpu@62.093C soc2@60.875C soc0@61.812C gpu@62.687C tj@62.687C soc1@60.875C VDD_IN 14492mW/16124mW VDD_CPU_GPU_CV 5619mW/7239mW VDD_SOC 3902mW/3883mW
08-11-2026 23:29:59 RAM 5629/7607MB (lfb 87x4MB) SWAP 1433/16384MB (cached 130MB) CPU [19%@729,12%@729,12%@729,13%@729,84%@1344,15%@1344] GR3D_FREQ 99% cpu@62.437C soc2@61.187C soc0@61.781C gpu@62.625C tj@62.625C soc1@60.906C VDD_IN 17250mW/16131mW VDD_CPU_GPU_CV 7664mW/7241mW VDD_SOC 4237mW/3885mW
08-11-2026 23:30:00 RAM 5626/7607MB (lfb 87x4MB) SWAP 1433/16384MB (cached 130MB) CPU [23%@1344,14%@1344,72%@1344,13%@1344,22%@729,37%@729] GR3D_FREQ 98% cpu@62.156C soc2@61.062C soc0@61.843C gpu@63.187C tj@63.187C soc1@60.968C VDD_IN 17250mW/16138mW VDD_CPU_GPU_CV 8485mW/7249mW VDD_SOC 3844mW/3885mW
08-11-2026 23:30:01 RAM 5628/7607MB (lfb 88x4MB) SWAP 1433/16384MB (cached 130MB) CPU [52%@729,21%@729,31%@729,25%@729,14%@1344,61%@1344] GR3D_FREQ 97% cpu@62.093C soc2@61.125C soc0@61.937C gpu@63.062C tj@63.062C soc1@60.812C VDD_IN 16818mW/16142mW VDD_CPU_GPU_CV 7990mW/7254mW VDD_SOC 3890mW/3885mW
08-11-2026 23:30:02 RAM 6434/7607MB (lfb 31x1MB) SWAP 1433/16384MB (cached 130MB) CPU [25%@1344,11%@1344,11%@1344,17%@1344,35%@1344,69%@1344] GR3D_FREQ 97% cpu@62.468C soc2@61.062C soc0@61.718C gpu@62.75C tj@62.75C soc1@60.875C VDD_IN 15533mW/16138mW VDD_CPU_GPU_CV 6630mW/7250mW VDD_SOC 3896mW/3885mW
08-11-2026 23:30:03 RAM 5686/7607MB (lfb 87x4MB) SWAP 1433/16384MB (cached 130MB) CPU [10%@729,11%@729,8%@729,13%@729,8%@729,85%@729] GR3D_FREQ 99% cpu@62.187C soc2@61.218C soc0@61.75C gpu@63.125C tj@63.125C soc1@60.968C VDD_IN 17447mW/16146mW VDD_CPU_GPU_CV 7547mW/7252mW VDD_SOC 4354mW/3888mW
08-11-2026 23:30:04 RAM 5625/7607MB (lfb 86x4MB) SWAP 1433/16384MB (cached 130MB) CPU [21%@729,45%@729,19%@729,17%@729,13%@1344,94%@1344] GR3D_FREQ 97% cpu@62.312C soc2@61.093C soc0@61.937C gpu@63.343C tj@63.343C soc1@61C VDD_IN 17290mW/16153mW VDD_CPU_GPU_CV 8524mW/7259mW VDD_SOC 3844mW/3887mW
08-11-2026 23:30:05 RAM 5622/7607MB (lfb 87x4MB) SWAP 1433/16384MB (cached 130MB) CPU [20%@729,42%@729,18%@729,14%@729,13%@1344,62%@1344] GR3D_FREQ 97% cpu@61.968C soc2@61.125C soc0@61.875C gpu@63.343C tj@63.343C soc1@60.875C VDD_IN 16857mW/16157mW VDD_CPU_GPU_CV 8029mW/7264mW VDD_SOC 3890mW/3887mW
08-11-2026 23:30:06 RAM 6428/7607MB (lfb 31x1MB) SWAP 1433/16384MB (cached 130MB) CPU [15%@1344,16%@1344,41%@1344,14%@1344,15%@1344,79%@1344] GR3D_FREQ 98% cpu@62.437C soc2@60.968C soc0@61.718C gpu@62.781C tj@62.781C soc1@60.906C VDD_IN 14744mW/16149mW VDD_CPU_GPU_CV 6090mW/7257mW VDD_SOC 3784mW/3887mW
08-11-2026 23:30:07 RAM 5630/7607MB (lfb 88x4MB) SWAP 1433/16384MB (cached 130MB) CPU [15%@729,10%@729,10%@729,10%@729,9%@1344,86%@1344] GR3D_FREQ 99% cpu@62.531C soc2@61.156C soc0@61.812C gpu@62.562C tj@62.562C soc1@60.937C VDD_IN 17290mW/16155mW VDD_CPU_GPU_CV 7390mW/7258mW VDD_SOC 4354mW/3890mW
08-11-2026 23:30:08 RAM 5629/7607MB (lfb 88x4MB) SWAP 1433/16384MB (cached 130MB) CPU [44%@729,22%@729,22%@729,20%@729,24%@1344,76%@1344] GR3D_FREQ 97% cpu@61.968C soc2@61.093C soc0@61.906C gpu@63.281C tj@63.281C soc1@61C VDD_IN 17447mW/16163mW VDD_CPU_GPU_CV 8641mW/7266mW VDD_SOC 3883mW/3890mW
08-11-2026 23:30:09 RAM 5627/7607MB (lfb 88x4MB) SWAP 1433/16384MB (cached 130MB) CPU [23%@729,23%@729,18%@729,14%@729,39%@1344,69%@1344] GR3D_FREQ 97% cpu@62.125C soc2@61.093C soc0@61.781C gpu@63.125C tj@63.125C soc1@61.062C VDD_IN 16936mW/16167mW VDD_CPU_GPU_CV 8107mW/7270mW VDD_SOC 3890mW/3890mW
08-11-2026 23:30:10 RAM 6420/7607MB (lfb 27x1MB) SWAP 1433/16384MB (cached 130MB) CPU [9%@1344,38%@1344,12%@1344,11%@1344,8%@1344,79%@1344] GR3D_FREQ 98% cpu@62.406C soc2@61.125C soc0@61.843C gpu@62.718C tj@62.718C soc1@60.875C VDD_IN 14784mW/16159mW VDD_CPU_GPU_CV 6208mW/7264mW VDD_SOC 3784mW/3889mW
08-11-2026 23:30:11 RAM 5646/7607MB (lfb 88x4MB) SWAP 1433/16384MB (cached 130MB) CPU [18%@1344,35%@1344,14%@1344,14%@1344,13%@1344,86%@1344] GR3D_FREQ 99% cpu@62.343C soc2@61.156C soc0@61.718C gpu@62.906C tj@62.906C soc1@60.875C VDD_IN 17447mW/16167mW VDD_CPU_GPU_CV 7547mW/7266mW VDD_SOC 4354mW/3892mW
08-11-2026 23:30:12 RAM 5617/7607MB (lfb 88x4MB) SWAP 1437/16384MB (cached 130MB) CPU [80%@729,44%@729,33%@729,24%@729,24%@1344,36%@1344] GR3D_FREQ 98% cpu@62.187C soc2@61.312C soc0@61.812C gpu@63.625C tj@63.625C soc1@60.906C VDD_IN 17447mW/16174mW VDD_CPU_GPU_CV 8641mW/7274mW VDD_SOC 3844mW/3891mW
08-11-2026 23:30:13 RAM 5626/7607MB (lfb 87x4MB) SWAP 1437/16384MB (cached 130MB) CPU [67%@1344,16%@1344,16%@1344,16%@1344,21%@729,42%@729] GR3D_FREQ 98% cpu@62.093C soc2@61.218C soc0@61.875C gpu@63.468C tj@63.468C soc1@60.968C VDD_IN 16806mW/16178mW VDD_CPU_GPU_CV 7990mW/7278mW VDD_SOC 3851mW/3891mW
08-11-2026 23:30:14 RAM 6430/7607MB (lfb 31x1MB) SWAP 1437/16384MB (cached 130MB) CPU [42%@1344,38%@1344,10%@1344,7%@1344,47%@1344,7%@1344] GR3D_FREQ 98% cpu@62.781C soc2@61.062C soc0@61.843C gpu@62.875C tj@62.875C soc1@61.031C VDD_IN 14610mW/16169mW VDD_CPU_GPU_CV 5972mW/7271mW VDD_SOC 3784mW/3891mW
08-11-2026 23:30:15 RAM 5633/7607MB (lfb 86x4MB) SWAP 1437/16384MB (cached 130MB) CPU [11%@1113,17%@1113,14%@1113,11%@1113,86%@1344,7%@1344] GR3D_FREQ 99% cpu@62.5C soc2@61.312C soc0@62C gpu@62.875C tj@62.875C soc1@60.968C VDD_IN 17329mW/16175mW VDD_CPU_GPU_CV 7390mW/7271mW VDD_SOC 4354mW/3893mW
08-11-2026 23:30:16 RAM 5629/7607MB (lfb 87x4MB) SWAP 1437/16384MB (cached 130MB) CPU [19%@729,18%@729,37%@729,13%@729,80%@1267,16%@1267] GR3D_FREQ 97% cpu@62.031C soc2@61.156C soc0@62C gpu@63.531C tj@63.531C soc1@60.968C VDD_IN 17368mW/16182mW VDD_CPU_GPU_CV 8524mW/7278mW VDD_SOC 3883mW/3893mW
08-11-2026 23:30:17 RAM 5632/7607MB (lfb 87x4MB) SWAP 1437/16384MB (cached 130MB) CPU [33%@729,22%@729,29%@729,50%@729,43%@1344,45%@1344] GR3D_FREQ 97% cpu@62.25C soc2@61.156C soc0@61.875C gpu@63.218C tj@63.218C soc1@60.968C VDD_IN 17093mW/16187mW VDD_CPU_GPU_CV 8225mW/7283mW VDD_SOC 3883mW/3893mW
08-11-2026 23:30:18 RAM 6457/7607MB (lfb 30x1MB) SWAP 1437/16384MB (cached 130MB) CPU [19%@1344,14%@1344,17%@1344,42%@1344,14%@1344,71%@1344] GR3D_FREQ 97% cpu@62.75C soc2@61.156C soc0@61.781C gpu@62.906C tj@62.906C soc1@61.062C VDD_IN 15783mW/16185mW VDD_CPU_GPU_CV 6865mW/7281mW VDD_SOC 3896mW/3893mW
08-11-2026 23:30:19 RAM 5830/7607MB (lfb 64x4MB) SWAP 1437/16384MB (cached 130MB) CPU [9%@806,2%@806,8%@1344,10%@1344,4%@729,80%@729] GR3D_FREQ 25% cpu@62.187C soc2@61.187C soc0@62.031C gpu@62.468C tj@62.468C soc1@60.968C VDD_IN 16897mW/16189mW VDD_CPU_GPU_CV 7167mW/7280mW VDD_SOC 4283mW/3895mW
08-11-2026 23:30:20 RAM 5626/7607MB (lfb 87x4MB) SWAP 1437/16384MB (cached 130MB) CPU [18%@729,14%@729,13%@729,30%@729,14%@729,79%@729] GR3D_FREQ 99% cpu@62.218C soc2@61.125C soc0@61.937C gpu@63.343C tj@63.343C soc1@60.843C VDD_IN 17486mW/16196mW VDD_CPU_GPU_CV 8485mW/7287mW VDD_SOC 3962mW/3896mW
08-11-2026 23:30:21 RAM 5626/7607MB (lfb 88x4MB) SWAP 1437/16384MB (cached 130MB) CPU [27%@729,28%@729,11%@729,18%@729,50%@1344,57%@1344] GR3D_FREQ 98% cpu@62.281C soc2@61.156C soc0@61.843C gpu@63.687C tj@63.687C soc1@60.906C VDD_IN 17172mW/16201mW VDD_CPU_GPU_CV 8250mW/7292mW VDD_SOC 3883mW/3895mW
08-11-2026 23:30:22 RAM 6455/7607MB (lfb 1x2MB) SWAP 1437/16384MB (cached 130MB) CPU [34%@1344,17%@1344,18%@1344,21%@1344,61%@729,45%@729] GR3D_FREQ 97% cpu@62.75C soc2@61.218C soc0@61.875C gpu@63.343C tj@63.343C soc1@61.062C VDD_IN 15744mW/16198mW VDD_CPU_GPU_CV 7061mW/7291mW VDD_SOC 3817mW/3895mW
08-11-2026 23:30:23 RAM 5994/7607MB (lfb 22x4MB) SWAP 1437/16384MB (cached 130MB) CPU [58%@729,4%@729,12%@729,9%@729,40%@1344,21%@1344] GR3D_FREQ 18% cpu@62.625C soc2@61.125C soc0@61.937C gpu@62.687C tj@62.687C soc1@61.125C VDD_IN 16609mW/16201mW VDD_CPU_GPU_CV 6932mW/7289mW VDD_SOC 4243mW/3897mW
08-11-2026 23:30:24 RAM 5627/7607MB (lfb 87x4MB) SWAP 1437/16384MB (cached 130MB) CPU [19%@729,21%@729,22%@729,19%@729,24%@729,87%@729] GR3D_FREQ 99% cpu@62.25C soc2@61.312C soc0@62.093C gpu@63.187C tj@63.187C soc1@61C VDD_IN 17604mW/16208mW VDD_CPU_GPU_CV 8250mW/7294mW VDD_SOC 4158mW/3898mW
08-11-2026 23:30:25 RAM 5626/7607MB (lfb 87x4MB) SWAP 1437/16384MB (cached 130MB) CPU [18%@1344,55%@1344,15%@1344,21%@1344,42%@729,36%@729] GR3D_FREQ 97% cpu@62.125C soc2@61.25C soc0@61.812C gpu@63.406C tj@63.406C soc1@61C VDD_IN 17172mW/16213mW VDD_CPU_GPU_CV 8290mW/7299mW VDD_SOC 3883mW/3898mW
08-11-2026 23:30:26 RAM 5626/7607MB (lfb 89x4MB) SWAP 1437/16384MB (cached 130MB) CPU [39%@1344,19%@1344,20%@1344,22%@1344,50%@729,49%@729] GR3D_FREQ 98% cpu@62.406C soc2@61.281C soc0@61.812C gpu@63.281C tj@63.281C soc1@61.031C VDD_IN 16609mW/16215mW VDD_CPU_GPU_CV 7676mW/7301mW VDD_SOC 3929mW/3898mW
08-11-2026 23:30:27 RAM 6269/7607MB (lfb 31x1MB) SWAP 1437/16384MB (cached 130MB) CPU [71%@1344,1%@1344,4%@1344,9%@1344,19%@729,2%@729] GR3D_FREQ 18% cpu@62.437C soc2@61.093C soc0@61.968C gpu@62.125C tj@62.156C soc1@61C VDD_IN 15335mW/16211mW VDD_CPU_GPU_CV 6012mW/7295mW VDD_SOC 4054mW/3899mW
08-11-2026 23:30:28 RAM 5631/7607MB (lfb 89x4MB) SWAP 1436/16384MB (cached 130MB) CPU [46%@729,25%@729,22%@729,22%@729,74%@1344,20%@1344] GR3D_FREQ 99% cpu@62.593C soc2@61.25C soc0@61.937C gpu@63.312C tj@63.312C soc1@61.156C VDD_IN 17565mW/16218mW VDD_CPU_GPU_CV 8172mW/7299mW VDD_SOC 4158mW/3901mW
08-11-2026 23:30:29 RAM 5629/7607MB (lfb 89x4MB) SWAP 1436/16384MB (cached 130MB) CPU [30%@729,14%@729,41%@729,19%@729,14%@1344,93%@1344] GR3D_FREQ 97% cpu@62.187C soc2@61.062C soc0@62.031C gpu@63.5C tj@63.5C soc1@60.906C VDD_IN 17172mW/16223mW VDD_CPU_GPU_CV 8368mW/7305mW VDD_SOC 3844mW/3900mW
08-11-2026 23:30:30 RAM 5623/7607MB (lfb 89x4MB) SWAP 1436/16384MB (cached 130MB) CPU [17%@729,20%@729,56%@729,17%@729,15%@1344,79%@1344] GR3D_FREQ 97% cpu@62.25C soc2@61.062C soc0@61.781C gpu@63.187C tj@63.187C soc1@60.937C VDD_IN 16334mW/16223mW VDD_CPU_GPU_CV 7559mW/7306mW VDD_SOC 3851mW/3900mW
08-11-2026 23:30:31 RAM 6307/7607MB (lfb 32x1MB) SWAP 1436/16384MB (cached 130MB) CPU [2%@1344,2%@1344,36%@1344,1%@1344,4%@729,75%@729] GR3D_FREQ 12% cpu@62.687C soc2@61C soc0@61.843C gpu@61.937C tj@62.687C soc1@60.968C VDD_IN 15296mW/16218mW VDD_CPU_GPU_CV 6051mW/7300mW VDD_SOC 4054mW/3901mW
08-11-2026 23:30:32 RAM 5626/7607MB (lfb 88x4MB) SWAP 1436/16384MB (cached 130MB) CPU [15%@729,16%@729,19%@729,16%@729,20%@1344,81%@1344] GR3D_FREQ 99% cpu@62.093C soc2@61.156C soc0@61.937C gpu@63.156C tj@63.156C soc1@61.062C VDD_IN 17290mW/16224mW VDD_CPU_GPU_CV 7977mW/7303mW VDD_SOC 4119mW/3902mW
08-11-2026 23:30:33 RAM 5629/7607MB (lfb 88x4MB) SWAP 1436/16384MB (cached 130MB) CPU [24%@806,41%@806,17%@806,23%@806,18%@1344,90%@1344] GR3D_FREQ 98% cpu@62.187C soc2@61.125C soc0@61.937C gpu@63.187C tj@63.187C soc1@60.937C VDD_IN 17290mW/16229mW VDD_CPU_GPU_CV 8446mW/7309mW VDD_SOC 3883mW/3902mW
08-11-2026 23:30:34 RAM 5628/7607MB (lfb 87x4MB) SWAP 1436/16384MB (cached 130MB) CPU [17%@729,59%@729,31%@729,29%@729,17%@1344,68%@1344] GR3D_FREQ 99% cpu@62.156C soc2@61.125C soc0@61.812C gpu@63.187C tj@63.187C soc1@60.968C VDD_IN 16846mW/16232mW VDD_CPU_GPU_CV 7872mW/7312mW VDD_SOC 3929mW/3902mW
08-11-2026 23:30:35 RAM 6377/7607MB (lfb 31x1MB) SWAP 1436/16384MB (cached 130MB) CPU [10%@1344,30%@1344,2%@1344,4%@1344,26%@729,42%@729] GR3D_FREQ 7% cpu@62.031C soc2@60.968C soc0@61.875C gpu@61.718C tj@62.031C soc1@60.968C VDD_IN 14294mW/16223mW VDD_CPU_GPU_CV 5471mW/7302mW VDD_SOC 3863mW/3902mW
08-11-2026 23:30:36 RAM 5629/7607MB (lfb 87x4MB) SWAP 1436/16384MB (cached 130MB) CPU [20%@729,19%@729,21%@729,22%@729,85%@1344,19%@1344] GR3D_FREQ 99% cpu@62.343C soc2@61.156C soc0@61.906C gpu@63.156C tj@63.343C soc1@61.031C VDD_IN 17329mW/16228mW VDD_CPU_GPU_CV 7977mW/7306mW VDD_SOC 4158mW/3903mW
08-11-2026 23:30:37 RAM 5627/7607MB (lfb 89x4MB) SWAP 1436/16384MB (cached 130MB) CPU [17%@729,39%@729,13%@729,22%@729,93%@1344,13%@1344] GR3D_FREQ 97% cpu@61.937C soc2@61.125C soc0@61.906C gpu@63.468C tj@63.468C soc1@60.968C VDD_IN 17172mW/16233mW VDD_CPU_GPU_CV 8368mW/7311mW VDD_SOC 3844mW/3903mW
08-11-2026 23:30:38 RAM 5628/7607MB (lfb 88x4MB) SWAP 1436/16384MB (cached 130MB) CPU [45%@1344,16%@1344,13%@1344,57%@1344,28%@729,12%@729] GR3D_FREQ 98% cpu@62.031C soc2@61.25C soc0@61.906C gpu@63.437C tj@63.437C soc1@60.968C VDD_IN 16688mW/16235mW VDD_CPU_GPU_CV 7833mW/7314mW VDD_SOC 3890mW/3903mW
08-11-2026 23:30:39 RAM 6392/7607MB (lfb 32x1MB) SWAP 1436/16384MB (cached 130MB) CPU [6%@1344,9%@1344,33%@1344,42%@1344,40%@1344,21%@1344] GR3D_FREQ 4% cpu@62.093C soc2@60.843C soc0@62.062C gpu@62C tj@62.093C soc1@60.875C VDD_IN 14097mW/16225mW VDD_CPU_GPU_CV 5352mW/7304mW VDD_SOC 3784mW/3902mW
08-11-2026 23:30:40 RAM 5627/7607MB (lfb 88x4MB) SWAP 1436/16384MB (cached 130MB) CPU [20%@729,19%@729,22%@729,20%@729,86%@1344,17%@1344] GR3D_FREQ 99% cpu@62.156C soc2@61.125C soc0@61.75C gpu@63.437C tj@63.437C soc1@60.875C VDD_IN 17290mW/16230mW VDD_CPU_GPU_CV 7977mW/7307mW VDD_SOC 4158mW/3903mW
08-11-2026 23:30:41 RAM 5628/7607MB (lfb 88x4MB) SWAP 1436/16384MB (cached 130MB) CPU [15%@729,18%@729,42%@729,21%@729,93%@1344,10%@1344] GR3D_FREQ 98% cpu@62.187C soc2@61.125C soc0@61.968C gpu@63.5C tj@63.5C soc1@60.937C VDD_IN 17172mW/16234mW VDD_CPU_GPU_CV 8368mW/7313mW VDD_SOC 3844mW/3903mW
08-11-2026 23:30:42 RAM 5627/7607MB (lfb 88x4MB) SWAP 1436/16384MB (cached 130MB) CPU [27%@729,27%@729,23%@729,48%@729,71%@1344,21%@1344] GR3D_FREQ 99% cpu@62.031C soc2@61.093C soc0@61.875C gpu@63.093C tj@63.093C soc1@61.031C VDD_IN 16818mW/16237mW VDD_CPU_GPU_CV 7990mW/7316mW VDD_SOC 3890mW/3903mW
08-11-2026 23:30:43 RAM 6397/7607MB (lfb 29x1MB) SWAP 1436/16384MB (cached 130MB) CPU [28%@1344,3%@1344,6%@1344,8%@1344,42%@729,20%@729] GR3D_FREQ 6% cpu@62C soc2@60.968C soc0@61.875C gpu@61.875C tj@62C soc1@60.812C VDD_IN 14176mW/16227mW VDD_CPU_GPU_CV 5352mW/7306mW VDD_SOC 3863mW/3903mW
08-11-2026 23:30:44 RAM 5633/7607MB (lfb 87x4MB) SWAP 1436/16384MB (cached 130MB) CPU [21%@1344,17%@1344,19%@1344,23%@1344,23%@1344,87%@1344] GR3D_FREQ 99% cpu@62.562C soc2@61.187C soc0@61.75C gpu@62.843C tj@62.843C soc1@60.937C VDD_IN 17526mW/16234mW VDD_CPU_GPU_CV 7977mW/7310mW VDD_SOC 4237mW/3904mW
08-11-2026 23:30:45 RAM 5627/7607MB (lfb 86x4MB) SWAP 1436/16384MB (cached 130MB) CPU [16%@729,39%@729,22%@729,19%@729,12%@1344,76%@1344] GR3D_FREQ 98% cpu@62.125C soc2@61.031C soc0@61.937C gpu@63.406C tj@63.406C soc1@60.906C VDD_IN 17408mW/16239mW VDD_CPU_GPU_CV 8563mW/7316mW VDD_SOC 3883mW/3904mW
08-11-2026 23:30:46 RAM 5624/7607MB (lfb 86x4MB) SWAP 1436/16384MB (cached 130MB) CPU [22%@729,55%@729,19%@729,22%@729,37%@1344,45%@1344] GR3D_FREQ 97% cpu@62.093C soc2@61.062C soc0@61.75C gpu@63.25C tj@63.25C soc1@60.968C VDD_IN 16975mW/16243mW VDD_CPU_GPU_CV 8094mW/7319mW VDD_SOC 3890mW/3904mW
08-11-2026 23:30:47 RAM 6445/7607MB (lfb 27x1MB) SWAP 1436/16384MB (cached 130MB) CPU [27%@1344,11%@1344,12%@1344,37%@1344,68%@1344,16%@1344] GR3D_FREQ 97% cpu@62.343C soc2@61.125C soc0@61.875C gpu@63.25C tj@63.25C soc1@61C VDD_IN 15769mW/16240mW VDD_CPU_GPU_CV 6865mW/7317mW VDD_SOC 3896mW/3904mW
08-11-2026 23:30:48 RAM 5785/7607MB (lfb 73x4MB) SWAP 1436/16384MB (cached 130MB) CPU [26%@1344,8%@1344,5%@1344,8%@1344,3%@729,83%@729] GR3D_FREQ 98% cpu@62.281C soc2@61.25C soc0@61.906C gpu@63.093C tj@63.093C soc1@60.875C VDD_IN 17447mW/16246mW VDD_CPU_GPU_CV 7507mW/7318mW VDD_SOC 4354mW/3906mW
08-11-2026 23:30:49 RAM 5630/7607MB (lfb 85x4MB) SWAP 1436/16384MB (cached 130MB) CPU [39%@729,19%@729,17%@729,19%@729,16%@729,72%@729] GR3D_FREQ 99% cpu@62.218C soc2@61.062C soc0@61.781C gpu@63.125C tj@63.125C soc1@60.875C VDD_IN 17526mW/16252mW VDD_CPU_GPU_CV 8602mW/7324mW VDD_SOC 3962mW/3907mW
08-11-2026 23:30:50 RAM 5631/7607MB (lfb 85x4MB) SWAP 1436/16384MB (cached 130MB) CPU [21%@1344,26%@1344,90%@1344,23%@1344,24%@729,54%@729] GR3D_FREQ 98% cpu@62.25C soc2@61.093C soc0@61.781C gpu@63.093C tj@63.093C soc1@60.875C VDD_IN 16924mW/16255mW VDD_CPU_GPU_CV 8068mW/7328mW VDD_SOC 3851mW/3906mW
08-11-2026 23:30:51 RAM 6459/7607MB (lfb 26x1MB) SWAP 1436/16384MB (cached 130MB) CPU [18%@1344,19%@1344,69%@1344,16%@1344,55%@1344,13%@1344] GR3D_FREQ 98% cpu@62.593C soc2@61.125C soc0@61.906C gpu@62.906C tj@62.906C soc1@60.968C VDD_IN 16098mW/16255mW VDD_CPU_GPU_CV 7179mW/7327mW VDD_SOC 3929mW/3906mW
08-11-2026 23:30:52 RAM 5930/7607MB (lfb 37x4MB) SWAP 1436/16384MB (cached 130MB) CPU [10%@1267,16%@1267,61%@1267,7%@1267,21%@729,2%@729] GR3D_FREQ 15% cpu@62.093C soc2@61.093C soc0@61.843C gpu@62.343C tj@62.343C soc1@60.843C VDD_IN 16491mW/16256mW VDD_CPU_GPU_CV 6893mW/7325mW VDD_SOC 4204mW/3908mW
08-11-2026 23:30:53 RAM 5631/7607MB (lfb 84x4MB) SWAP 1436/16384MB (cached 130MB) CPU [16%@1190,17%@1190,17%@1190,15%@1190,30%@729,72%@729] GR3D_FREQ 99% cpu@62.187C soc2@61.125C soc0@62.031C gpu@63.156C tj@63.156C soc1@60.75C VDD_IN 17643mW/16262mW VDD_CPU_GPU_CV 8250mW/7329mW VDD_SOC 4158mW/3909mW
08-11-2026 23:30:54 RAM 5632/7607MB (lfb 84x4MB) SWAP 1436/16384MB (cached 130MB) CPU [46%@1344,18%@1344,14%@1344,13%@1344,84%@1344,16%@1344] GR3D_FREQ 97% cpu@62.093C soc2@61.093C soc0@61.781C gpu@63.125C tj@63.125C soc1@60.906C VDD_IN 16846mW/16265mW VDD_CPU_GPU_CV 8068mW/7332mW VDD_SOC 3851mW/3909mW
08-11-2026 23:30:55 RAM 6459/7607MB (lfb 1x2MB) SWAP 1436/16384MB (cached 130MB) CPU [15%@1344,23%@1344,44%@1344,30%@1344,39%@1344,56%@1344] GR3D_FREQ 98% cpu@62.656C soc2@61.093C soc0@61.75C gpu@62.656C tj@62.656C soc1@61C VDD_IN 15533mW/16261mW VDD_CPU_GPU_CV 6826mW/7330mW VDD_SOC 3817mW/3908mW
08-11-2026 23:30:56 RAM 5899/7607MB (lfb 44x4MB) SWAP 1436/16384MB (cached 130MB) CPU [3%@1344,2%@1344,22%@1344,7%@1344,4%@729,80%@729] GR3D_FREQ 17% cpu@62.5C soc2@61.125C soc0@61.875C gpu@62.281C tj@62.5C soc1@60.812C VDD_IN 16897mW/16264mW VDD_CPU_GPU_CV 7128mW/7329mW VDD_SOC 4283mW/3910mW
08-11-2026 23:30:57 RAM 5630/7607MB (lfb 83x4MB) SWAP 1436/16384MB (cached 130MB) CPU [20%@1344,21%@1344,34%@1344,73%@1344,19%@729,35%@729] GR3D_FREQ 99% cpu@62.125C soc2@61.125C soc0@61.625C gpu@63.312C tj@63.312C soc1@60.843C VDD_IN 17408mW/16269mW VDD_CPU_GPU_CV 8602mW/7335mW VDD_SOC 3844mW/3910mW
08-11-2026 23:30:58 RAM 5631/7607MB (lfb 85x4MB) SWAP 1436/16384MB (cached 130MB) CPU [25%@1344,38%@1344,20%@1344,74%@1344,28%@729,22%@729] GR3D_FREQ 97% cpu@62.187C soc2@61.125C soc0@61.75C gpu@63.187C tj@63.187C soc1@60.906C VDD_IN 17133mW/16273mW VDD_CPU_GPU_CV 8211mW/7339mW VDD_SOC 3883mW/3910mW
08-11-2026 23:30:59 RAM 6455/7607MB (lfb 24x1MB) SWAP 1436/16384MB (cached 130MB) CPU [17%@1344,17%@1344,14%@1344,80%@1344,50%@1344,16%@1344] GR3D_FREQ 99% cpu@62.562C soc2@61.062C soc0@61.75C gpu@62.968C tj@62.968C soc1@60.906C VDD_IN 15611mW/16270mW VDD_CPU_GPU_CV 6865mW/7337mW VDD_SOC 3817mW/3909mW
08-11-2026 23:31:00 RAM 5909/7607MB (lfb 43x4MB) SWAP 1436/16384MB (cached 130MB) CPU [7%@729,14%@729,3%@729,6%@1344,81%@1344,13%@1344] GR3D_FREQ 20% cpu@62.375C soc2@61.125C soc0@61.812C gpu@62.468C tj@62.468C soc1@61C VDD_IN 16806mW/16273mW VDD_CPU_GPU_CV 7050mW/7336mW VDD_SOC 4243mW/3911mW
08-11-2026 23:31:01 RAM 5630/7607MB (lfb 86x4MB) SWAP 1436/16384MB (cached 130MB) CPU [23%@1344,24%@1344,24%@1344,26%@1344,88%@729,24%@729] GR3D_FREQ 99% cpu@62.125C soc2@61.25C soc0@61.875C gpu@63.062C tj@63.062C soc1@60.875C VDD_IN 17565mW/16279mW VDD_CPU_GPU_CV 8329mW/7340mW VDD_SOC 4119mW/3912mW
08-11-2026 23:31:02 RAM 5629/7607MB (lfb 86x4MB) SWAP 1436/16384MB (cached 130MB) CPU [46%@729,12%@729,14%@729,18%@729,50%@1344,52%@1344] GR3D_FREQ 98% cpu@62.093C soc2@61.031C soc0@61.718C gpu@62.968C tj@62.968C soc1@60.781C VDD_IN 16688mW/16280mW VDD_CPU_GPU_CV 7951mW/7343mW VDD_SOC 3811mW/3911mW
08-11-2026 23:31:03 RAM 6444/7607MB (lfb 28x1MB) SWAP 1436/16384MB (cached 130MB) CPU [18%@1344,42%@1344,13%@1344,15%@1344,48%@1344,40%@1344] GR3D_FREQ 97% cpu@62.75C soc2@61.031C soc0@61.656C gpu@62.75C tj@62.75C soc1@60.937C VDD_IN 15257mW/16276mW VDD_CPU_GPU_CV 6641mW/7340mW VDD_SOC 3778mW/3910mW
08-11-2026 23:31:04 RAM 5815/7607MB (lfb 64x4MB) SWAP 1436/16384MB (cached 130MB) CPU [16%@960,5%@960,7%@960,8%@960,81%@729,9%@729] GR3D_FREQ 58% cpu@62.187C soc2@61.093C soc0@61.875C gpu@62.437C tj@62.437C soc1@60.906C VDD_IN 16936mW/16279mW VDD_CPU_GPU_CV 7195mW/7339mW VDD_SOC 4283mW/3912mW
08-11-2026 23:31:05 RAM 5627/7607MB (lfb 85x4MB) SWAP 1436/16384MB (cached 130MB) CPU [35%@729,17%@729,18%@729,19%@729,73%@729,15%@729] GR3D_FREQ 99% cpu@62.25C soc2@61.125C soc0@61.843C gpu@63.093C tj@63.093C soc1@60.812C VDD_IN 17290mW/16283mW VDD_CPU_GPU_CV 8407mW/7344mW VDD_SOC 3923mW/3912mW
08-11-2026 23:31:06 RAM 5634/7607MB (lfb 84x4MB) SWAP 1436/16384MB (cached 130MB) CPU [47%@729,26%@729,22%@729,29%@729,71%@1344,17%@1344] GR3D_FREQ 98% cpu@61.875C soc2@61.031C soc0@61.875C gpu@63C tj@63C soc1@60.843C VDD_IN 17015mW/16286mW VDD_CPU_GPU_CV 8186mW/7347mW VDD_SOC 3844mW/3912mW
08-11-2026 23:31:07 RAM 6448/7607MB (lfb 20x1MB) SWAP 1436/16384MB (cached 130MB) CPU [14%@1344,13%@1344,44%@1344,15%@1344,79%@1344,15%@1344] GR3D_FREQ 97% cpu@62.5C soc2@60.968C soc0@61.625C gpu@62.781C tj@62.781C soc1@60.843C VDD_IN 15217mW/16282mW VDD_CPU_GPU_CV 6601mW/7344mW VDD_SOC 3778mW/3911mW
08-11-2026 23:31:08 RAM 5844/7607MB (lfb 58x4MB) SWAP 1436/16384MB (cached 130MB) CPU [25%@1036,6%@1036,10%@1036,8%@1036,63%@729,6%@729] GR3D_FREQ 34% cpu@62.718C soc2@61.125C soc0@61.75C gpu@62.656C tj@62.718C soc1@60.843C VDD_IN 16964mW/16285mW VDD_CPU_GPU_CV 7128mW/7343mW VDD_SOC 4283mW/3913mW
08-11-2026 23:31:09 RAM 5629/7607MB (lfb 84x4MB) SWAP 1436/16384MB (cached 130MB) CPU [22%@729,20%@729,38%@729,20%@729,76%@729,18%@729] GR3D_FREQ 99% cpu@62.031C soc2@61.125C soc0@61.718C gpu@63.343C tj@63.343C soc1@60.968C VDD_IN 17447mW/16290mW VDD_CPU_GPU_CV 8485mW/7348mW VDD_SOC 4001mW/3913mW
08-11-2026 23:31:10 RAM 5627/7607MB (lfb 85x4MB) SWAP 1436/16384MB (cached 130MB) CPU [41%@1344,12%@1344,73%@1344,11%@1344,15%@729,19%@729] GR3D_FREQ 98% cpu@62.093C soc2@61.031C soc0@61.781C gpu@63.468C tj@63.468C soc1@60.812C VDD_IN 16818mW/16292mW VDD_CPU_GPU_CV 8029mW/7351mW VDD_SOC 3851mW/3913mW
08-11-2026 23:31:11 RAM 6439/7607MB (lfb 23x1MB) SWAP 1436/16384MB (cached 130MB) CPU [18%@1344,17%@1344,80%@1344,17%@1344,59%@1344,19%@1344] GR3D_FREQ 98% cpu@62.375C soc2@60.906C soc0@61.875C gpu@63.187C tj@63.187C soc1@60.812C VDD_IN 15862mW/16290mW VDD_CPU_GPU_CV 7100mW/7350mW VDD_SOC 3817mW/3913mW
08-11-2026 23:31:12 RAM 5977/7607MB (lfb 26x4MB) SWAP 1436/16384MB (cached 130MB) CPU [41%@729,23%@729,44%@729,24%@729,55%@1344,15%@1344] GR3D_FREQ 17% cpu@62.031C soc2@61C soc0@61.718C gpu@62.593C tj@62.593C soc1@60.843C VDD_IN 16688mW/16292mW VDD_CPU_GPU_CV 6971mW/7348mW VDD_SOC 4243mW/3914mW
08-11-2026 23:31:13 RAM 5628/7607MB (lfb 84x4MB) SWAP 1436/16384MB (cached 130MB) CPU [25%@729,16%@729,18%@729,17%@729,27%@729,79%@729] GR3D_FREQ 99% cpu@62.437C soc2@61.156C soc0@61.656C gpu@63.031C tj@63.031C soc1@60.875C VDD_IN 17526mW/16297mW VDD_CPU_GPU_CV 8211mW/7352mW VDD_SOC 4119mW/3915mW
08-11-2026 23:31:14 RAM 5626/7607MB (lfb 85x4MB) SWAP 1436/16384MB (cached 130MB) CPU [19%@729,53%@729,20%@729,20%@729,16%@1344,80%@1344] GR3D_FREQ 97% cpu@61.968C soc2@61.031C soc0@61.812C gpu@63.25C tj@63.25C soc1@60.937C VDD_IN 17093mW/16300mW VDD_CPU_GPU_CV 8250mW/7356mW VDD_SOC 3883mW/3915mW
08-11-2026 23:31:15 RAM 6396/7607MB (lfb 1x2MB) SWAP 1436/16384MB (cached 130MB) CPU [22%@1267,61%@1267,25%@1267,17%@1267,18%@1344,71%@1344] GR3D_FREQ 98% cpu@62.125C soc2@61.125C soc0@61.718C gpu@63.093C tj@63.093C soc1@60.843C VDD_IN 16570mW/16301mW VDD_CPU_GPU_CV 7637mW/7357mW VDD_SOC 3890mW/3915mW
08-11-2026 23:31:16 RAM 6280/7607MB (lfb 32x1MB) SWAP 1436/16384MB (cached 130MB) CPU [35%@1344,3%@1344,5%@1344,3%@1344,0%@729,68%@729] GR3D_FREQ 17% cpu@62C soc2@61C soc0@61.937C gpu@62C tj@62C soc1@60.843C VDD_IN 15454mW/16298mW VDD_CPU_GPU_CV 6080mW/7352mW VDD_SOC 4093mW/3915mW
08-11-2026 23:31:17 RAM 5637/7607MB (lfb 85x4MB) SWAP 1436/16384MB (cached 130MB) CPU [42%@1036,23%@1036,24%@1036,24%@1036,18%@1267,72%@1267] GR3D_FREQ 99% cpu@62.093C soc2@61.031C soc0@61.625C gpu@63.312C tj@63.312C soc1@60.843C VDD_IN 17447mW/16303mW VDD_CPU_GPU_CV 8055mW/7354mW VDD_SOC 4158mW/3916mW
08-11-2026 23:31:18 RAM 5630/7607MB (lfb 86x4MB) SWAP 1436/16384MB (cached 130MB) CPU [17%@729,17%@729,47%@729,16%@729,87%@1344,14%@1344] GR3D_FREQ 97% cpu@62.093C soc2@60.906C soc0@61.687C gpu@63.125C tj@63.125C soc1@60.781C VDD_IN 17015mW/16306mW VDD_CPU_GPU_CV 8225mW/7358mW VDD_SOC 3805mW/3916mW
08-11-2026 23:31:19 RAM 5634/7607MB (lfb 84x4MB) SWAP 1436/16384MB (cached 130MB) CPU [46%@1344,20%@1344,39%@1344,20%@1344,39%@729,17%@729] GR3D_FREQ 97% cpu@61.906C soc2@61.031C soc0@61.687C gpu@62.937C tj@62.937C soc1@60.875C VDD_IN 16334mW/16306mW VDD_CPU_GPU_CV 7559mW/7359mW VDD_SOC 3890mW/3916mW
08-11-2026 23:31:20 RAM 6317/7607MB (lfb 27x1MB) SWAP 1436/16384MB (cached 130MB) CPU [50%@1344,3%@1344,8%@1344,24%@1344,16%@729,1%@729] GR3D_FREQ 7% cpu@62.093C soc2@60.906C soc0@61.781C gpu@61.812C tj@62.093C soc1@60.812C VDD_IN 14981mW/16300mW VDD_CPU_GPU_CV 5815mW/7353mW VDD_SOC 4014mW/3916mW
08-11-2026 23:31:21 RAM 5628/7607MB (lfb 86x4MB) SWAP 1436/16384MB (cached 130MB) CPU [16%@806,19%@806,15%@806,24%@806,12%@1344,80%@1344] GR3D_FREQ 99% cpu@62.093C soc2@61C soc0@61.875C gpu@63.062C tj@63.062C soc1@60.812C VDD_IN 17133mW/16304mW VDD_CPU_GPU_CV 7899mW/7355mW VDD_SOC 4080mW/3917mW
08-11-2026 23:31:22 RAM 5630/7607MB (lfb 86x4MB) SWAP 1436/16384MB (cached 130MB) CPU [22%@729,19%@729,16%@729,49%@729,14%@1344,85%@1344] GR3D_FREQ 98% cpu@62.062C soc2@61.031C soc0@61.718C gpu@63.187C tj@63.187C soc1@60.875C VDD_IN 17329mW/16308mW VDD_CPU_GPU_CV 8446mW/7359mW VDD_SOC 3883mW/3917mW
08-11-2026 23:31:23 RAM 5630/7607MB (lfb 86x4MB) SWAP 1436/16384MB (cached 130MB) CPU [22%@729,25%@729,20%@729,57%@729,13%@1344,72%@1344] GR3D_FREQ 97% cpu@62.281C soc2@60.937C soc0@61.625C gpu@63.093C tj@63.093C soc1@60.937C VDD_IN 16688mW/16309mW VDD_CPU_GPU_CV 7833mW/7361mW VDD_SOC 3890mW/3917mW
08-11-2026 23:31:24 RAM 6422/7607MB (lfb 26x1MB) SWAP 1436/16384MB (cached 130MB) CPU [13%@1344,7%@1344,8%@1344,43%@1344,4%@1344,63%@1344] GR3D_FREQ 97% cpu@62.218C soc2@60.968C soc0@61.781C gpu@62.812C tj@62.812C soc1@60.906C VDD_IN 15099mW/16305mW VDD_CPU_GPU_CV 6208mW/7356mW VDD_SOC 3936mW/3917mW
08-11-2026 23:31:25 RAM 5629/7607MB (lfb 86x4MB) SWAP 1436/16384MB (cached 130MB) CPU [12%@1344,26%@1344,13%@1344,15%@1344,9%@1344,86%@1344] GR3D_FREQ 99% cpu@62.281C soc2@61.156C soc0@61.906C gpu@62.843C tj@62.843C soc1@60.812C VDD_IN 17408mW/16309mW VDD_CPU_GPU_CV 7507mW/7357mW VDD_SOC 4315mW/3918mW
08-11-2026 23:31:26 RAM 5629/7607MB (lfb 86x4MB) SWAP 1436/16384MB (cached 130MB) CPU [17%@729,40%@729,17%@729,24%@729,14%@1344,83%@1344] GR3D_FREQ 97% cpu@62.062C soc2@61.093C soc0@61.875C gpu@63.343C tj@63.343C soc1@60.843C VDD_IN 17368mW/16313mW VDD_CPU_GPU_CV 8563mW/7362mW VDD_SOC 3883mW/3918mW
08-11-2026 23:31:27 RAM 5630/7607MB (lfb 84x4MB) SWAP 1436/16384MB (cached 130MB) CPU [19%@729,15%@729,47%@729,14%@729,76%@1344,16%@1344] GR3D_FREQ 97% cpu@61.968C soc2@60.937C soc0@61.625C gpu@63.312C tj@63.312C soc1@60.875C VDD_IN 16452mW/16314mW VDD_CPU_GPU_CV 7755mW/7363mW VDD_SOC 3811mW/3918mW
08-11-2026 23:31:28 RAM 6412/7607MB (lfb 26x1MB) SWAP 1436/16384MB (cached 130MB) CPU [14%@1344,13%@1344,37%@1344,16%@1344,38%@1344,44%@1344] GR3D_FREQ 98% cpu@62.375C soc2@60.843C soc0@61.843C gpu@62.531C tj@62.531C soc1@60.875C VDD_IN 14176mW/16305mW VDD_CPU_GPU_CV 5628mW/7357mW VDD_SOC 3745mW/3917mW
08-11-2026 23:31:29 RAM 5635/7607MB (lfb 84x4MB) SWAP 1436/16384MB (cached 130MB) CPU [14%@1344,24%@1344,20%@1344,18%@1344,13%@1344,86%@1344] GR3D_FREQ 99% cpu@62.187C soc2@61.125C soc0@61.906C gpu@62.875C tj@62.875C soc1@61C VDD_IN 17329mW/16309mW VDD_CPU_GPU_CV 7703mW/7358mW VDD_SOC 4276mW/3918mW
08-11-2026 23:31:30 RAM 5631/7607MB (lfb 84x4MB) SWAP 1437/16384MB (cached 130MB) CPU [20%@729,50%@729,19%@729,20%@729,17%@1344,81%@1344] GR3D_FREQ 98% cpu@62.093C soc2@61.062C soc0@61.968C gpu@63.187C tj@63.187C soc1@60.812C VDD_IN 17408mW/16314mW VDD_CPU_GPU_CV 8602mW/7363mW VDD_SOC 3844mW/3918mW
08-11-2026 23:31:31 RAM 5640/7607MB (lfb 82x4MB) SWAP 1437/16384MB (cached 130MB) CPU [47%@1344,15%@1344,16%@1344,19%@1344,30%@729,60%@729] GR3D_FREQ 97% cpu@62.031C soc2@61.031C soc0@61.625C gpu@63.187C tj@63.187C soc1@60.781C VDD_IN 16857mW/16316mW VDD_CPU_GPU_CV 8029mW/7365mW VDD_SOC 3890mW/3918mW
08-11-2026 23:31:32 RAM 6436/7607MB (lfb 26x1MB) SWAP 1437/16384MB (cached 130MB) CPU [37%@1344,7%@1344,10%@1344,8%@1344,48%@1344,34%@1344] GR3D_FREQ 98% cpu@62.468C soc2@61C soc0@61.718C gpu@62.5C tj@62.5C soc1@60.937C VDD_IN 14413mW/16308mW VDD_CPU_GPU_CV 5864mW/7360mW VDD_SOC 3745mW/3917mW
08-11-2026 23:31:33 RAM 5631/7607MB (lfb 84x4MB) SWAP 1439/16384MB (cached 129MB) CPU [16%@1344,31%@1344,69%@1344,11%@1344,12%@960,28%@960] GR3D_FREQ 99% cpu@62.5C soc2@61.156C soc0@61.812C gpu@62.687C tj@62.687C soc1@60.937C VDD_IN 17408mW/16313mW VDD_CPU_GPU_CV 7547mW/7360mW VDD_SOC 4354mW/3919mW
08-11-2026 23:31:34 RAM 5629/7607MB (lfb 84x4MB) SWAP 1439/16384MB (cached 129MB) CPU [20%@729,72%@729,18%@729,20%@729,59%@1344,22%@1344] GR3D_FREQ 97% cpu@61.843C soc2@61.093C soc0@61.781C gpu@63.25C tj@63.25C soc1@61.031C VDD_IN 17211mW/16316mW VDD_CPU_GPU_CV 8485mW/7365mW VDD_SOC 3844mW/3919mW
08-11-2026 23:31:35 RAM 5635/7607MB (lfb 84x4MB) SWAP 1439/16384MB (cached 129MB) CPU [21%@729,17%@729,24%@729,17%@729,64%@1344,42%@1344] GR3D_FREQ 98% cpu@62.031C soc2@61.062C soc0@61.656C gpu@63.187C tj@63.187C soc1@60.812C VDD_IN 16846mW/16318mW VDD_CPU_GPU_CV 7990mW/7367mW VDD_SOC 3890mW/3919mW
08-11-2026 23:31:36 RAM 6446/7607MB (lfb 28x1MB) SWAP 1439/16384MB (cached 129MB) CPU [20%@1344,12%@1344,14%@1344,11%@1344,63%@1344,49%@1344] GR3D_FREQ 98% cpu@62.593C soc2@61.031C soc0@61.625C gpu@63.25C tj@63.25C soc1@60.875C VDD_IN 15744mW/16316mW VDD_CPU_GPU_CV 6826mW/7365mW VDD_SOC 3936mW/3919mW
08-11-2026 23:31:37 RAM 5746/7607MB (lfb 83x4MB) SWAP 1439/16384MB (cached 129MB) CPU [64%@729,24%@729,7%@729,13%@729,25%@1344,11%@1344] GR3D_FREQ 98% cpu@62.593C soc2@61C soc0@61.718C gpu@63.406C tj@63.406C soc1@60.906C VDD_IN 17486mW/16320mW VDD_CPU_GPU_CV 7586mW/7366mW VDD_SOC 4354mW/3920mW
08-11-2026 23:31:38 RAM 5631/7607MB (lfb 84x4MB) SWAP 1439/16384MB (cached 129MB) CPU [18%@806,17%@806,14%@806,74%@806,22%@729,37%@729] GR3D_FREQ 99% cpu@62.093C soc2@61.093C soc0@61.875C gpu@63.25C tj@63.25C soc1@60.937C VDD_IN 17368mW/16324mW VDD_CPU_GPU_CV 8563mW/7370mW VDD_SOC 3844mW/3920mW
08-11-2026 23:31:39 RAM 5639/7607MB (lfb 84x4MB) SWAP 1439/16384MB (cached 129MB) CPU [31%@1344,87%@1344,21%@1344,34%@1344,20%@729,65%@729] GR3D_FREQ 97% cpu@61.968C soc2@61.125C soc0@61.718C gpu@62.968C tj@62.968C soc1@60.812C VDD_IN 16857mW/16326mW VDD_CPU_GPU_CV 8186mW/7374mW VDD_SOC 3851mW/3920mW
08-11-2026 23:31:40 RAM 6458/7607MB (lfb 27x1MB) SWAP 1439/16384MB (cached 129MB) CPU [27%@1344,44%@1344,15%@1344,19%@1344,36%@1344,53%@1344] GR3D_FREQ 97% cpu@62.406C soc2@61C soc0@61.75C gpu@62.718C tj@62.812C soc1@60.875C VDD_IN 15744mW/16324mW VDD_CPU_GPU_CV 6983mW/7372mW VDD_SOC 3896mW/3920mW
08-11-2026 23:31:41 RAM 5824/7607MB (lfb 63x4MB) SWAP 1439/16384MB (cached 129MB) CPU [68%@806,6%@806,8%@806,5%@806,23%@729,5%@729] GR3D_FREQ 13% cpu@62.093C soc2@61.031C soc0@61.781C gpu@62.593C tj@62.593C soc1@60.875C VDD_IN 16857mW/16326mW VDD_CPU_GPU_CV 7128mW/7371mW VDD_SOC 4243mW/3921mW
08-11-2026 23:31:42 RAM 5633/7607MB (lfb 85x4MB) SWAP 1439/16384MB (cached 129MB) CPU [39%@729,23%@729,17%@729,22%@729,74%@729,15%@729] GR3D_FREQ 99% cpu@62.375C soc2@61.062C soc0@61.718C gpu@63.312C tj@63.312C soc1@60.968C VDD_IN 17408mW/16330mW VDD_CPU_GPU_CV 8524mW/7375mW VDD_SOC 3923mW/3921mW
08-11-2026 23:31:43 RAM 5635/7607MB (lfb 85x4MB) SWAP 1439/16384MB (cached 129MB) CPU [36%@729,50%@729,19%@729,20%@729,66%@1344,17%@1344] GR3D_FREQ 98% cpu@61.937C soc2@61C soc0@61.843C gpu@63.281C tj@63.281C soc1@60.906C VDD_IN 17093mW/16333mW VDD_CPU_GPU_CV 8211mW/7379mW VDD_SOC 3883mW/3921mW
08-11-2026 23:31:44 RAM 6460/7607MB (lfb 26x1MB) SWAP 1439/16384MB (cached 129MB) CPU [41%@1344,24%@1344,29%@1344,26%@1344,59%@1344,50%@1344] GR3D_FREQ 98% cpu@62.437C soc2@61.156C soc0@61.843C gpu@62.875C tj@62.875C soc1@60.875C VDD_IN 16452mW/16334mW VDD_CPU_GPU_CV 7676mW/7380mW VDD_SOC 3890mW/3921mW
08-11-2026 23:31:45 RAM 6052/7607MB (lfb 20x4MB) SWAP 1439/16384MB (cached 129MB) CPU [23%@1344,7%@1344,6%@1344,14%@1344,6%@729,75%@729] GR3D_FREQ 17% cpu@62.156C soc2@61C soc0@61.562C gpu@61.968C tj@62.156C soc1@60.875C VDD_IN 15940mW/16332mW VDD_CPU_GPU_CV 6512mW/7376mW VDD_SOC 4132mW/3922mW
08-11-2026 23:31:46 RAM 5630/7607MB (lfb 88x4MB) SWAP 1439/16384MB (cached 129MB) CPU [25%@729,15%@729,21%@729,74%@729,19%@729,17%@729] GR3D_FREQ 99% cpu@62.093C soc2@61.125C soc0@61.812C gpu@63C tj@63C soc1@60.937C VDD_IN 17368mW/16336mW VDD_CPU_GPU_CV 8094mW/7379mW VDD_SOC 4119mW/3922mW
08-11-2026 23:31:47 RAM 5630/7607MB (lfb 86x4MB) SWAP 1437/16384MB (cached 129MB) CPU [45%@729,15%@729,50%@729,22%@729,54%@1344,12%@1344] GR3D_FREQ 98% cpu@62.25C soc2@61.031C soc0@61.718C gpu@63.25C tj@63.25C soc1@61C VDD_IN 17172mW/16339mW VDD_CPU_GPU_CV 8329mW/7383mW VDD_SOC 3883mW/3922mW
08-11-2026 23:31:48 RAM 5631/7607MB (lfb 85x4MB) SWAP 1437/16384MB (cached 129MB) CPU [20%@729,22%@729,20%@729,59%@729,48%@1344,41%@1344] GR3D_FREQ 97% cpu@62.062C soc2@61.125C soc0@61.812C gpu@63.062C tj@63.062C soc1@60.875C VDD_IN 16818mW/16341mW VDD_CPU_GPU_CV 7872mW/7384mW VDD_SOC 3929mW/3922mW
08-11-2026 23:31:50 RAM 6348/7607MB (lfb 35x1MB) SWAP 1437/16384MB (cached 129MB) CPU [24%@1344,25%@1344,6%@1344,2%@1344,50%@729,0%@729] GR3D_FREQ 8% cpu@62.031C soc2@60.937C soc0@61.875C gpu@62.062C tj@62.062C soc1@60.875C VDD_IN 14862mW/16335mW VDD_CPU_GPU_CV 5697mW/7378mW VDD_SOC 3981mW/3922mW
08-11-2026 23:31:51 RAM 5637/7607MB (lfb 87x4MB) SWAP 1437/16384MB (cached 129MB) CPU [27%@1344,83%@1344,20%@1344,16%@1344,27%@729,18%@729] GR3D_FREQ 99% cpu@62.062C soc2@61.125C soc0@61.625C gpu@63.343C tj@63.343C soc1@60.875C VDD_IN 17290mW/16339mW VDD_CPU_GPU_CV 8055mW/7381mW VDD_SOC 4119mW/3923mW
08-11-2026 23:31:52 RAM 5635/7607MB (lfb 86x4MB) SWAP 1437/16384MB (cached 129MB) CPU [42%@729,24%@729,17%@729,19%@729,68%@1344,12%@1344] GR3D_FREQ 98% cpu@62.093C soc2@61.062C soc0@61.781C gpu@63.375C tj@63.375C soc1@60.968C VDD_IN 17250mW/16342mW VDD_CPU_GPU_CV 8446mW/7385mW VDD_SOC 3883mW/3923mW
08-11-2026 23:31:53 RAM 5632/7607MB (lfb 87x4MB) SWAP 1437/16384MB (cached 129MB) CPU [22%@1344,31%@1344,17%@1344,65%@1344,41%@729,16%@729] GR3D_FREQ 97% cpu@62.187C soc2@61.062C soc0@61.625C gpu@63.343C tj@63.343C soc1@60.906C VDD_IN 16570mW/16343mW VDD_CPU_GPU_CV 7716mW/7386mW VDD_SOC 3851mW/3923mW
08-11-2026 23:31:54 RAM 6413/7607MB (lfb 33x1MB) SWAP 1437/16384MB (cached 129MB) CPU [5%@1344,30%@1344,5%@1344,67%@1344,6%@1344,4%@1344] GR3D_FREQ 39% cpu@62.218C soc2@60.937C soc0@61.843C gpu@62.656C tj@62.656C soc1@60.781C VDD_IN 14689mW/16337mW VDD_CPU_GPU_CV 5815mW/7380mW VDD_SOC 3902mW/3923mW
08-11-2026 23:31:55 RAM 5630/7607MB (lfb 87x4MB) SWAP 1437/16384MB (cached 129MB) CPU [13%@1344,15%@1344,19%@1344,86%@1344,13%@729,22%@729] GR3D_FREQ 99% cpu@62.218C soc2@61.156C soc0@61.812C gpu@62.937C tj@62.937C soc1@60.75C VDD_IN 17290mW/16340mW VDD_CPU_GPU_CV 7625mW/7381mW VDD_SOC 4276mW/3924mW
08-11-2026 23:31:56 RAM 5635/7607MB (lfb 86x4MB) SWAP 1437/16384MB (cached 129MB) CPU [18%@1344,16%@1344,72%@1344,25%@1344,56%@729,20%@729] GR3D_FREQ 98% cpu@62.406C soc2@61.093C soc0@61.718C gpu@63.687C tj@63.687C soc1@60.843C VDD_IN 17526mW/16345mW VDD_CPU_GPU_CV 8681mW/7386mW VDD_SOC 3883mW/3924mW
08-11-2026 23:31:57 RAM 5634/7607MB (lfb 86x4MB) SWAP 1437/16384MB (cached 129MB) CPU [18%@1344,73%@1344,20%@1344,19%@1344,56%@729,23%@729] GR3D_FREQ 97% cpu@62.156C soc2@61.062C soc0@61.687C gpu@63.25C tj@63.25C soc1@60.937C VDD_IN 17054mW/16347mW VDD_CPU_GPU_CV 8172mW/7388mW VDD_SOC 3883mW/3924mW
08-11-2026 23:31:58 RAM 6465/7607MB (lfb 1x2MB) SWAP 1437/16384MB (cached 129MB) CPU [16%@1344,71%@1344,23%@1344,14%@1344,29%@729,18%@729] GR3D_FREQ 97% cpu@62.5C soc2@61.125C soc0@61.718C gpu@62.906C tj@62.906C soc1@60.968C VDD_IN 16058mW/16346mW VDD_CPU_GPU_CV 7100mW/7387mW VDD_SOC 3968mW/3924mW
08-11-2026 23:31:59 RAM 5915/7607MB (lfb 43x4MB) SWAP 1437/16384MB (cached 129MB) CPU [5%@729,22%@729,61%@729,3%@729,5%@1344,25%@1344] GR3D_FREQ 17% cpu@62.093C soc2@61.125C soc0@61.75C gpu@62.406C tj@62.406C soc1@60.781C VDD_IN 16857mW/16348mW VDD_CPU_GPU_CV 7089mW/7386mW VDD_SOC 4283mW/3925mW
08-11-2026 23:32:00 RAM 5635/7607MB (lfb 87x4MB) SWAP 1437/16384MB (cached 129MB) CPU [26%@729,79%@729,20%@729,20%@729,19%@729,33%@729] GR3D_FREQ 99% cpu@62.25C soc2@61.25C soc0@61.937C gpu@63.062C tj@63.062C soc1@60.843C VDD_IN 17643mW/16353mW VDD_CPU_GPU_CV 8329mW/7390mW VDD_SOC 4158mW/3926mW
08-11-2026 23:32:01 RAM 5633/7607MB (lfb 87x4MB) SWAP 1437/16384MB (cached 129MB) CPU [55%@1344,36%@1344,17%@1344,14%@1344,37%@729,22%@729] GR3D_FREQ 97% cpu@62.031C soc2@61.125C soc0@61.75C gpu@63.343C tj@63.343C soc1@60.843C VDD_IN 17133mW/16355mW VDD_CPU_GPU_CV 8250mW/7393mW VDD_SOC 3883mW/3926mW
08-11-2026 23:32:02 RAM 5637/7607MB (lfb 87x4MB) SWAP 1437/16384MB (cached 129MB) CPU [33%@729,26%@729,25%@729,68%@729,23%@1344,46%@1344] GR3D_FREQ 98% cpu@62.25C soc2@61.031C soc0@61.781C gpu@63.312C tj@63.312C soc1@60.906C VDD_IN 16740mW/16357mW VDD_CPU_GPU_CV 7794mW/7394mW VDD_SOC 3929mW/3926mW
08-11-2026 23:32:03 RAM 6303/7607MB (lfb 1x4MB) SWAP 1437/16384MB (cached 129MB) CPU [3%@729,5%@729,2%@729,21%@729,20%@1344,49%@1344] GR3D_FREQ 17% cpu@62.187C soc2@61C soc0@61.812C gpu@62.281C tj@62.281C soc1@60.906C VDD_IN 15178mW/16353mW VDD_CPU_GPU_CV 5894mW/7389mW VDD_SOC 4054mW/3926mW
08-11-2026 23:32:04 RAM 5638/7607MB (lfb 87x4MB) SWAP 1437/16384MB (cached 129MB) CPU [15%@1344,13%@1344,18%@1344,80%@1344,20%@729,16%@729] GR3D_FREQ 99% cpu@62.093C soc2@61.125C soc0@61.812C gpu@63.093C tj@63.093C soc1@60.875C VDD_IN 17290mW/16356mW VDD_CPU_GPU_CV 7977mW/7391mW VDD_SOC 4119mW/3927mW
08-11-2026 23:32:05 RAM 5641/7607MB (lfb 87x4MB) SWAP 1437/16384MB (cached 129MB) CPU [21%@1344,18%@1344,32%@1344,91%@1344,31%@729,15%@729] GR3D_FREQ 97% cpu@62.218C soc2@61.031C soc0@61.781C gpu@63.125C tj@63.125C soc1@60.906C VDD_IN 17133mW/16359mW VDD_CPU_GPU_CV 8329mW/7394mW VDD_SOC 3844mW/3927mW
08-11-2026 23:32:06 RAM 5636/7607MB (lfb 85x4MB) SWAP 1437/16384MB (cached 129MB) CPU [67%@1344,19%@1344,23%@1344,34%@1344,60%@729,22%@729] GR3D_FREQ 97% cpu@62.093C soc2@61.125C soc0@61.687C gpu@62.968C tj@62.968C soc1@60.812C VDD_IN 16728mW/16360mW VDD_CPU_GPU_CV 7833mW/7396mW VDD_SOC 3890mW/3926mW
08-11-2026 23:32:07 RAM 6347/7607MB (lfb 30x1MB) SWAP 1437/16384MB (cached 129MB) CPU [78%@1344,24%@1344,31%@1344,30%@1344,23%@1344,39%@1344] GR3D_FREQ 12% cpu@62.093C soc2@61.031C soc0@61.75C gpu@61.843C tj@62.093C soc1@60.906C VDD_IN 15454mW/16357mW VDD_CPU_GPU_CV 6237mW/7392mW VDD_SOC 4014mW/3927mW
08-11-2026 23:32:08 RAM 5637/7607MB (lfb 87x4MB) SWAP 1437/16384MB (cached 129MB) CPU [86%@1344,20%@1344,20%@1344,18%@1344,20%@729,29%@729] GR3D_FREQ 99% cpu@62.218C soc2@61.218C soc0@61.781C gpu@63.125C tj@63.125C soc1@60.968C VDD_IN 17368mW/16360mW VDD_CPU_GPU_CV 8055mW/7394mW VDD_SOC 4119mW/3927mW
08-11-2026 23:32:09 RAM 5635/7607MB (lfb 86x4MB) SWAP 1437/16384MB (cached 129MB) CPU [24%@1344,16%@1344,30%@1344,81%@1344,32%@729,16%@729] GR3D_FREQ 97% cpu@62.062C soc2@61.125C soc0@61.812C gpu@63.156C tj@63.156C soc1@61C VDD_IN 17133mW/16363mW VDD_CPU_GPU_CV 8329mW/7397mW VDD_SOC 3844mW/3927mW
08-11-2026 23:32:10 RAM 5635/7607MB (lfb 85x4MB) SWAP 1437/16384MB (cached 129MB) CPU [37%@1344,18%@1344,16%@1344,70%@1344,28%@729,25%@729] GR3D_FREQ 97% cpu@61.968C soc2@61.125C soc0@61.781C gpu@63.031C tj@63.031C soc1@60.843C VDD_IN 16857mW/16365mW VDD_CPU_GPU_CV 7951mW/7399mW VDD_SOC 3929mW/3927mW
08-11-2026 23:32:11 RAM 6410/7607MB (lfb 30x1MB) SWAP 1437/16384MB (cached 129MB) CPU [46%@1344,10%@1344,6%@1344,28%@1344,19%@1344,6%@1344] GR3D_FREQ 51% cpu@62.125C soc2@60.937C soc0@61.75C gpu@62.312C tj@62.312C soc1@60.875C VDD_IN 14689mW/16359mW VDD_CPU_GPU_CV 5737mW/7393mW VDD_SOC 3902mW/3927mW
08-11-2026 23:32:12 RAM 5631/7607MB (lfb 87x4MB) SWAP 1437/16384MB (cached 129MB) CPU [23%@729,21%@729,18%@729,24%@729,86%@1344,16%@1344] GR3D_FREQ 99% cpu@62.281C soc2@61.187C soc0@61.687C gpu@62.812C tj@62.812C soc1@60.875C VDD_IN 17329mW/16362mW VDD_CPU_GPU_CV 7664mW/7394mW VDD_SOC 4276mW/3928mW
08-11-2026 23:32:13 RAM 5636/7607MB (lfb 86x4MB) SWAP 1437/16384MB (cached 129MB) CPU [24%@729,26%@729,20%@729,24%@729,46%@1344,82%@1344] GR3D_FREQ 98% cpu@62.375C soc2@61.125C soc0@61.812C gpu@63.531C tj@63.531C soc1@60.875C VDD_IN 17486mW/16366mW VDD_CPU_GPU_CV 8641mW/7399mW VDD_SOC 3883mW/3928mW
08-11-2026 23:32:14 RAM 5634/7607MB (lfb 86x4MB) SWAP 1437/16384MB (cached 129MB) CPU [23%@1344,12%@1344,44%@1344,23%@1344,48%@729,41%@729] GR3D_FREQ 97% cpu@62.25C soc2@61.125C soc0@61.843C gpu@63.375C tj@63.375C soc1@61.062C VDD_IN 16975mW/16368mW VDD_CPU_GPU_CV 8107mW/7401mW VDD_SOC 3883mW/3928mW
08-11-2026 23:32:15 RAM 6453/7607MB (lfb 30x1MB) SWAP 1437/16384MB (cached 129MB) CPU [37%@1344,14%@1344,45%@1344,17%@1344,31%@1344,11%@1344] GR3D_FREQ 98% cpu@62.343C soc2@61.125C soc0@61.843C gpu@63.093C tj@63.093C soc1@60.875C VDD_IN 15611mW/16365mW VDD_CPU_GPU_CV 6747mW/7399mW VDD_SOC 3896mW/3928mW
08-11-2026 23:32:16 RAM 5763/7607MB (lfb 81x4MB) SWAP 1437/16384MB (cached 129MB) CPU [10%@729,9%@729,8%@729,11%@729,82%@729,8%@729] GR3D_FREQ 82% cpu@62.343C soc2@61.125C soc0@61.843C gpu@63.156C tj@63.156C soc1@60.843C VDD_IN 17329mW/16369mW VDD_CPU_GPU_CV 7429mW/7399mW VDD_SOC 4354mW/3929mW
08-11-2026 23:32:17 RAM 5635/7607MB (lfb 86x4MB) SWAP 1437/16384MB (cached 129MB) CPU [13%@729,16%@729,16%@729,17%@729,75%@729,33%@729] GR3D_FREQ 99% cpu@62C soc2@61.125C soc0@61.781C gpu@63.281C tj@63.281C soc1@60.906C VDD_IN 17408mW/16372mW VDD_CPU_GPU_CV 8524mW/7403mW VDD_SOC 3923mW/3929mW
08-11-2026 23:32:18 RAM 5641/7607MB (lfb 86x4MB) SWAP 1437/16384MB (cached 129MB) CPU [22%@729,25%@729,32%@729,27%@729,43%@1344,75%@1344] GR3D_FREQ 97% cpu@62.468C soc2@61.125C soc0@61.781C gpu@63.281C tj@63.281C soc1@60.968C VDD_IN 17290mW/16375mW VDD_CPU_GPU_CV 8368mW/7406mW VDD_SOC 3883mW/3929mW
08-11-2026 23:32:19 RAM 6212/7607MB (lfb 7x4MB) SWAP 1437/16384MB (cached 129MB) CPU [24%@1344,20%@1344,20%@1344,60%@1344,14%@729,69%@729] GR3D_FREQ 97% cpu@62.531C soc2@61.125C soc0@61.906C gpu@63.093C tj@63.093C soc1@61.062C VDD_IN 16609mW/16376mW VDD_CPU_GPU_CV 7598mW/7406mW VDD_SOC 3968mW/3929mW
08-11-2026 23:32:20 RAM 6144/7607MB (lfb 8x4MB) SWAP 1437/16384MB (cached 129MB) CPU [29%@1344,4%@1344,56%@1344,4%@1344,24%@1344,0%@1344] GR3D_FREQ 17% cpu@62.312C soc2@61.125C soc0@62.062C gpu@62.218C tj@62.312C soc1@60.937C VDD_IN 15940mW/16374mW VDD_CPU_GPU_CV 6473mW/7403mW VDD_SOC 4165mW/3930mW
08-11-2026 23:32:21 RAM 5633/7607MB (lfb 86x4MB) SWAP 1437/16384MB (cached 129MB) CPU [25%@729,14%@729,13%@729,13%@729,76%@806,12%@806] GR3D_FREQ 88% cpu@62.25C soc2@61.093C soc0@61.687C gpu@63.187C tj@63.187C soc1@61C VDD_IN 17290mW/16377mW VDD_CPU_GPU_CV 7977mW/7405mW VDD_SOC 4119mW/3931mW
08-11-2026 23:32:22 RAM 5632/7607MB (lfb 87x4MB) SWAP 1437/16384MB (cached 129MB) CPU [40%@729,18%@729,15%@729,13%@729,77%@1344,16%@1344] GR3D_FREQ 97% cpu@62.062C soc2@61.125C soc0@61.75C gpu@63.562C tj@63.562C soc1@61C VDD_IN 17133mW/16380mW VDD_CPU_GPU_CV 8329mW/7408mW VDD_SOC 3883mW/3930mW
08-11-2026 23:32:23 RAM 5631/7607MB (lfb 87x4MB) SWAP 1437/16384MB (cached 129MB) CPU [53%@729,16%@729,12%@729,16%@729,33%@1344,51%@1344] GR3D_FREQ 97% cpu@62.437C soc2@61.156C soc0@61.75C gpu@63.437C tj@63.437C soc1@60.968C VDD_IN 16609mW/16381mW VDD_CPU_GPU_CV 7676mW/7409mW VDD_SOC 3929mW/3930mW
08-11-2026 23:32:24 RAM 6406/7607MB (lfb 24x1MB) SWAP 1437/16384MB (cached 129MB) CPU [44%@1344,20%@1344,6%@1344,7%@1344,2%@729,70%@729] GR3D_FREQ 6% cpu@62C soc2@61.062C soc0@61.906C gpu@62.25C tj@62.25C soc1@60.875C VDD_IN 14571mW/16375mW VDD_CPU_GPU_CV 5580mW/7403mW VDD_SOC 3942mW/3930mW
08-11-2026 23:32:25 RAM 5639/7607MB (lfb 86x4MB) SWAP 1437/16384MB (cached 129MB) CPU [19%@729,21%@729,16%@729,17%@729,18%@1344,86%@1344] GR3D_FREQ 99% cpu@62.375C soc2@61.125C soc0@61.75C gpu@62.937C tj@62.937C soc1@60.906C VDD_IN 17290mW/16378mW VDD_CPU_GPU_CV 7820mW/7405mW VDD_SOC 4197mW/3931mW
08-11-2026 23:32:26 RAM 5633/7607MB (lfb 85x4MB) SWAP 1437/16384MB (cached 129MB) CPU [14%@1344,17%@1344,13%@1344,34%@1344,70%@1344,24%@1344] GR3D_FREQ 97% cpu@62.187C soc2@61.125C soc0@61.875C gpu@63.375C tj@63.375C soc1@60.906C VDD_IN 17290mW/16381mW VDD_CPU_GPU_CV 8446mW/7408mW VDD_SOC 3883mW/3931mW
08-11-2026 23:32:27 RAM 5638/7607MB (lfb 84x4MB) SWAP 1437/16384MB (cached 129MB) CPU [20%@1344,14%@1344,13%@1344,17%@1344,69%@1344,36%@1344] GR3D_FREQ 97% cpu@61.968C soc2@61.125C soc0@61.812C gpu@63.312C tj@63.312C soc1@61C VDD_IN 16897mW/16382mW VDD_CPU_GPU_CV 8029mW/7410mW VDD_SOC 3890mW/3931mW
08-11-2026 23:32:28 RAM 6445/7607MB (lfb 17x1MB) SWAP 1437/16384MB (cached 129MB) CPU [14%@1344,12%@1344,35%@1344,12%@1344,68%@1344,9%@1344] GR3D_FREQ 98% cpu@62.437C soc2@61.093C soc0@61.812C gpu@62.968C tj@62.968C soc1@61.093C VDD_IN 15493mW/16380mW VDD_CPU_GPU_CV 6630mW/7407mW VDD_SOC 3896mW/3931mW
08-11-2026 23:32:29 RAM 5733/7607MB (lfb 84x4MB) SWAP 1437/16384MB (cached 129MB) CPU [9%@1344,30%@1344,15%@1344,13%@1344,84%@960,10%@960] GR3D_FREQ 98% cpu@62.437C soc2@61.125C soc0@62.031C gpu@62.968C tj@62.968C soc1@60.875C VDD_IN 17604mW/16383mW VDD_CPU_GPU_CV 7664mW/7408mW VDD_SOC 4354mW/3932mW
08-11-2026 23:32:30 RAM 5637/7607MB (lfb 84x4MB) SWAP 1437/16384MB (cached 129MB) CPU [17%@729,23%@729,19%@729,18%@729,79%@806,35%@806] GR3D_FREQ 99% cpu@61.968C soc2@61.125C soc0@61.812C gpu@63.218C tj@63.218C soc1@60.906C VDD_IN 17447mW/16387mW VDD_CPU_GPU_CV 8602mW/7412mW VDD_SOC 3883mW/3932mW
08-11-2026 23:32:31 RAM 5636/7607MB (lfb 84x4MB) SWAP 1437/16384MB (cached 129MB) CPU [45%@729,24%@729,19%@729,19%@729,71%@1344,19%@1344] GR3D_FREQ 98% cpu@62.218C soc2@61.093C soc0@61.875C gpu@63.125C tj@63.125C soc1@60.937C VDD_IN 17054mW/16389mW VDD_CPU_GPU_CV 8172mW/7414mW VDD_SOC 3883mW/3932mW
08-11-2026 23:32:32 RAM 6430/7607MB (lfb 2x2MB) SWAP 1437/16384MB (cached 129MB) CPU [46%@1344,18%@1344,21%@1344,19%@1344,41%@1344,38%@1344] GR3D_FREQ 98% cpu@62.437C soc2@61.125C soc0@61.843C gpu@62.906C tj@62.906C soc1@60.968C VDD_IN 16216mW/16388mW VDD_CPU_GPU_CV 7336mW/7414mW VDD_SOC 3929mW/3932mW
08-11-2026 23:32:33 RAM 6005/7607MB (lfb 24x4MB) SWAP 1437/16384MB (cached 129MB) CPU [2%@1344,8%@1344,15%@1344,3%@1344,55%@729,21%@729] GR3D_FREQ 24% cpu@62.593C soc2@61.125C soc0@62.031C gpu@62.343C tj@62.593C soc1@60.875C VDD_IN 16176mW/16388mW VDD_CPU_GPU_CV 6630mW/7412mW VDD_SOC 4165mW/3933mW
08-11-2026 23:32:34 RAM 5638/7607MB (lfb 85x4MB) SWAP 1437/16384MB (cached 129MB) CPU [14%@1344,16%@1344,34%@1344,21%@1344,18%@1344,85%@1344] GR3D_FREQ 99% cpu@62.312C soc2@61.218C soc0@61.75C gpu@63.187C tj@63.187C soc1@60.875C VDD_IN 17486mW/16391mW VDD_CPU_GPU_CV 8250mW/7414mW VDD_SOC 4119mW/3933mW
08-11-2026 23:32:35 RAM 5634/7607MB (lfb 85x4MB) SWAP 1437/16384MB (cached 129MB) CPU [21%@1344,31%@1344,47%@1344,57%@1344,14%@729,53%@729] GR3D_FREQ 97% cpu@62.187C soc2@61.125C soc0@61.875C gpu@63.406C tj@63.406C soc1@60.937C VDD_IN 16975mW/16393mW VDD_CPU_GPU_CV 8172mW/7417mW VDD_SOC 3890mW/3933mW
08-11-2026 23:32:36 RAM 5634/7607MB (lfb 84x4MB) SWAP 1437/16384MB (cached 129MB) CPU [42%@1344,13%@1344,17%@1344,65%@1344,14%@729,11%@729] GR3D_FREQ 97% cpu@62.468C soc2@61.093C soc0@61.75C gpu@63.281C tj@63.281C soc1@60.937C VDD_IN 16176mW/16392mW VDD_CPU_GPU_CV 7297mW/7416mW VDD_SOC 3890mW/3933mW
08-11-2026 23:32:37 RAM 6122/7607MB (lfb 13x4MB) SWAP 1437/16384MB (cached 129MB) CPU [4%@1344,16%@1344,6%@1344,57%@1344,22%@1344,0%@1344] GR3D_FREQ 23% cpu@61.968C soc2@61.062C soc0@61.937C gpu@62.218C tj@62.218C soc1@61.156C VDD_IN 15809mW/16391mW VDD_CPU_GPU_CV 6355mW/7413mW VDD_SOC 4132mW/3934mW
08-11-2026 23:32:38 RAM 5631/7607MB (lfb 84x4MB) SWAP 1437/16384MB (cached 129MB) CPU [27%@729,29%@729,17%@729,15%@729,85%@729,17%@729] GR3D_FREQ 99% cpu@62.156C soc2@61.218C soc0@62C gpu@63.281C tj@63.281C soc1@60.875C VDD_IN 17447mW/16394mW VDD_CPU_GPU_CV 8133mW/7415mW VDD_SOC 4119mW/3934mW
08-11-2026 23:32:39 RAM 5633/7607MB (lfb 85x4MB) SWAP 1437/16384MB (cached 129MB) CPU [16%@729,32%@729,22%@729,81%@729,44%@1344,19%@1344] GR3D_FREQ 97% cpu@62.093C soc2@61.125C soc0@61.781C gpu@63.25C tj@63.25C soc1@61C VDD_IN 17054mW/16396mW VDD_CPU_GPU_CV 8250mW/7418mW VDD_SOC 3851mW/3934mW
08-11-2026 23:32:40 RAM 5636/7607MB (lfb 84x4MB) SWAP 1437/16384MB (cached 129MB) CPU [35%@1344,18%@1344,26%@1344,24%@1344,64%@729,42%@729] GR3D_FREQ 98% cpu@62.437C soc2@61.156C soc0@61.687C gpu@63.156C tj@63.156C soc1@60.968C VDD_IN 16452mW/16396mW VDD_CPU_GPU_CV 7559mW/7418mW VDD_SOC 3929mW/3934mW
08-11-2026 23:32:41 RAM 6208/7607MB (lfb 24x1MB) SWAP 1437/16384MB (cached 129MB) CPU [6%@729,5%@729,1%@729,4%@729,70%@1344,15%@1344] GR3D_FREQ 23% cpu@62.281C soc2@60.968C soc0@61.968C gpu@62.031C tj@62.093C soc1@60.968C VDD_IN 15572mW/16394mW VDD_CPU_GPU_CV 6159mW/7414mW VDD_SOC 4093mW/3934mW
08-11-2026 23:32:42 RAM 5635/7607MB (lfb 83x4MB) SWAP 1437/16384MB (cached 129MB) CPU [13%@729,20%@729,16%@729,20%@729,19%@1344,87%@1344] GR3D_FREQ 99% cpu@62.093C soc2@61.156C soc0@61.875C gpu@63.25C tj@63.25C soc1@61.031C VDD_IN 17329mW/16396mW VDD_CPU_GPU_CV 8016mW/7416mW VDD_SOC 4119mW/3935mW
08-11-2026 23:32:43 RAM 5638/7607MB (lfb 82x4MB) SWAP 1437/16384MB (cached 129MB) CPU [42%@1344,17%@1344,21%@1344,62%@1344,14%@729,38%@729] GR3D_FREQ 97% cpu@62.156C soc2@61.281C soc0@61.968C gpu@63.312C tj@63.312C soc1@60.968C VDD_IN 17211mW/16399mW VDD_CPU_GPU_CV 8407mW/7419mW VDD_SOC 3844mW/3935mW
08-11-2026 23:32:44 RAM 5635/7607MB (lfb 83x4MB) SWAP 1438/16384MB (cached 129MB) CPU [22%@729,55%@729,17%@729,28%@729,58%@1344,13%@1344] GR3D_FREQ 97% cpu@62.156C soc2@61.125C soc0@61.781C gpu@63.062C tj@63.062C soc1@60.968C VDD_IN 16649mW/16400mW VDD_CPU_GPU_CV 7716mW/7420mW VDD_SOC 3929mW/3935mW
08-11-2026 23:32:45 RAM 6369/7607MB (lfb 24x1MB) SWAP 1438/16384MB (cached 129MB) CPU [11%@1344,28%@1344,10%@1344,4%@1344,78%@1344,0%@1344] GR3D_FREQ 10% cpu@62.5C soc2@61.031C soc0@61.843C gpu@61.875C tj@62.5C soc1@61C VDD_IN 14610mW/16394mW VDD_CPU_GPU_CV 5619mW/7415mW VDD_SOC 3902mW/3935mW
08-11-2026 23:32:46 RAM 5645/7607MB (lfb 81x4MB) SWAP 1438/16384MB (cached 129MB) CPU [23%@1344,24%@1344,34%@1344,20%@1344,77%@729,23%@729] GR3D_FREQ 99% cpu@62.406C soc2@61.156C soc0@61.843C gpu@63.562C tj@63.562C soc1@60.968C VDD_IN 17250mW/16397mW VDD_CPU_GPU_CV 8016mW/7417mW VDD_SOC 4080mW/3935mW
08-11-2026 23:32:47 RAM 5643/7607MB (lfb 82x4MB) SWAP 1438/16384MB (cached 129MB) CPU [17%@1344,14%@1344,93%@1344,16%@1344,15%@729,52%@729] GR3D_FREQ 99% cpu@62.218C soc2@61.218C soc0@61.781C gpu@63.593C tj@63.593C soc1@61.093C VDD_IN 17133mW/16399mW VDD_CPU_GPU_CV 8329mW/7419mW VDD_SOC 3844mW/3935mW
08-11-2026 23:32:48 RAM 5643/7607MB (lfb 82x4MB) SWAP 1438/16384MB (cached 129MB) CPU [20%@1344,17%@1344,80%@1344,15%@1344,55%@729,19%@729] GR3D_FREQ 97% cpu@62.25C soc2@61.125C soc0@61.812C gpu@63.375C tj@63.375C soc1@60.875C VDD_IN 16452mW/16399mW VDD_CPU_GPU_CV 7637mW/7420mW VDD_SOC 3890mW/3935mW
08-11-2026 23:32:49 RAM 6366/7607MB (lfb 25x1MB) SWAP 1438/16384MB (cached 129MB) CPU [5%@1344,3%@1344,73%@1344,7%@1344,22%@1344,1%@1344] GR3D_FREQ 8% cpu@62.125C soc2@60.906C soc0@61.843C gpu@62.218C tj@62.218C soc1@60.906C VDD_IN 14492mW/16393mW VDD_CPU_GPU_CV 5501mW/7414mW VDD_SOC 3902mW/3935mW
08-11-2026 23:32:50 RAM 5645/7607MB (lfb 83x4MB) SWAP 1438/16384MB (cached 129MB) CPU [19%@729,20%@729,27%@729,21%@729,82%@1344,12%@1344] GR3D_FREQ 99% cpu@62.125C soc2@61.125C soc0@61.812C gpu@63.562C tj@63.562C soc1@60.937C VDD_IN 17172mW/16396mW VDD_CPU_GPU_CV 7977mW/7416mW VDD_SOC 4080mW/3935mW
08-11-2026 23:32:51 RAM 5639/7607MB (lfb 82x4MB) SWAP 1438/16384MB (cached 129MB) CPU [16%@729,27%@729,20%@729,41%@729,48%@1344,65%@1344] GR3D_FREQ 98% cpu@62.218C soc2@61.125C soc0@61.781C gpu@63.156C tj@63.156C soc1@60.906C VDD_IN 17368mW/16399mW VDD_CPU_GPU_CV 8485mW/7419mW VDD_SOC 3883mW/3935mW
08-11-2026 23:32:52 RAM 5641/7607MB (lfb 82x4MB) SWAP 1438/16384MB (cached 129MB) CPU [17%@729,57%@729,26%@729,18%@729,13%@1344,78%@1344] GR3D_FREQ 98% cpu@62.062C soc2@61.125C soc0@61.937C gpu@63.093C tj@63.093C soc1@61.062C VDD_IN 16649mW/16399mW VDD_CPU_GPU_CV 7794mW/7420mW VDD_SOC 3890mW/3935mW
08-11-2026 23:32:53 RAM 6408/7607MB (lfb 25x1MB) SWAP 1438/16384MB (cached 129MB) CPU [2%@1344,42%@1344,6%@1344,5%@1344,0%@1344,80%@1344] GR3D_FREQ 10% cpu@61.875C soc2@61.031C soc0@62C gpu@61.906C tj@62C soc1@60.875C VDD_IN 14215mW/16393mW VDD_CPU_GPU_CV 5431mW/7414mW VDD_SOC 3824mW/3934mW
08-11-2026 23:32:54 RAM 5642/7607MB (lfb 83x4MB) SWAP 1438/16384MB (cached 129MB) CPU [19%@1344,23%@1344,25%@1344,33%@1344,78%@1344,15%@1344] GR3D_FREQ 99% cpu@62.218C soc2@61.125C soc0@61.781C gpu@63.062C tj@63.062C soc1@60.875C VDD_IN 17290mW/16396mW VDD_CPU_GPU_CV 7938mW/7416mW VDD_SOC 4158mW/3935mW
08-11-2026 23:32:55 RAM 5641/7607MB (lfb 82x4MB) SWAP 1438/16384MB (cached 129MB) CPU [19%@1344,23%@1344,21%@1344,94%@1344,45%@729,18%@729] GR3D_FREQ 97% cpu@62.156C soc2@61.125C soc0@61.781C gpu@63.406C tj@63.406C soc1@60.875C VDD_IN 17290mW/16398mW VDD_CPU_GPU_CV 8446mW/7419mW VDD_SOC 3844mW/3935mW
08-11-2026 23:32:56 RAM 5642/7607MB (lfb 84x4MB) SWAP 1438/16384MB (cached 129MB) CPU [17%@806,17%@806,25%@806,27%@806,34%@1344,74%@1344] GR3D_FREQ 98% cpu@62.406C soc2@61.093C soc0@61.843C gpu@63.343C tj@63.343C soc1@60.968C VDD_IN 16897mW/16400mW VDD_CPU_GPU_CV 7990mW/7421mW VDD_SOC 3890mW/3935mW
08-11-2026 23:32:57 RAM 6439/7607MB (lfb 25x1MB) SWAP 1438/16384MB (cached 129MB) CPU [10%@1344,20%@1344,8%@1344,13%@1344,30%@1344,62%@1344] GR3D_FREQ 98% cpu@62.531C soc2@61.031C soc0@61.906C gpu@62.812C tj@62.812C soc1@61.062C VDD_IN 14981mW/16396mW VDD_CPU_GPU_CV 6130mW/7417mW VDD_SOC 3896mW/3934mW
08-11-2026 23:32:58 RAM 5640/7607MB (lfb 82x4MB) SWAP 1438/16384MB (cached 129MB) CPU [17%@729,15%@729,7%@729,14%@729,83%@1344,10%@1344] GR3D_FREQ 99% cpu@62.375C soc2@61.093C soc0@62.062C gpu@62.656C tj@62.656C soc1@60.875C VDD_IN 17329mW/16398mW VDD_CPU_GPU_CV 7468mW/7417mW VDD_SOC 4354mW/3936mW
08-11-2026 23:32:59 RAM 5640/7607MB (lfb 84x4MB) SWAP 1438/16384MB (cached 129MB) CPU [81%@1344,16%@1344,15%@1344,15%@1344,25%@729,42%@729] GR3D_FREQ 98% cpu@62.187C soc2@61.25C soc0@61.812C gpu@63.25C tj@63.25C soc1@60.906C VDD_IN 17290mW/16401mW VDD_CPU_GPU_CV 8524mW/7420mW VDD_SOC 3844mW/3935mW
08-11-2026 23:33:00 RAM 5637/7607MB (lfb 82x4MB) SWAP 1438/16384MB (cached 129MB) CPU [73%@1344,18%@1344,17%@1344,16%@1344,42%@729,18%@729] GR3D_FREQ 97% cpu@62.312C soc2@61.156C soc0@61.812C gpu@63.156C tj@63.156C soc1@60.937C VDD_IN 16649mW/16402mW VDD_CPU_GPU_CV 7872mW/7422mW VDD_SOC 3851mW/3935mW
08-11-2026 23:33:01 RAM 6425/7607MB (lfb 25x1MB) SWAP 1438/16384MB (cached 129MB) CPU [42%@1344,19%@1344,42%@1344,8%@1344,23%@1344,4%@1344] GR3D_FREQ 98% cpu@62.437C soc2@60.968C soc0@61.875C gpu@62.5C tj@62.5C soc1@61.031C VDD_IN 14452mW/16396mW VDD_CPU_GPU_CV 5785mW/7417mW VDD_SOC 3824mW/3935mW
08-11-2026 23:33:02 RAM 5646/7607MB (lfb 82x4MB) SWAP 1438/16384MB (cached 129MB) CPU [21%@1344,13%@1344,86%@1344,12%@1344,26%@1344,26%@1344] GR3D_FREQ 99% cpu@62.625C soc2@61.187C soc0@61.906C gpu@62.75C tj@62.75C soc1@61.062C VDD_IN 17368mW/16399mW VDD_CPU_GPU_CV 7625mW/7417mW VDD_SOC 4315mW/3936mW
08-11-2026 23:33:03 RAM 5645/7607MB (lfb 82x4MB) SWAP 1438/16384MB (cached 129MB) CPU [15%@1344,17%@1344,88%@1344,13%@1344,44%@729,14%@729] GR3D_FREQ 97% cpu@62.218C soc2@61.218C soc0@61.875C gpu@63.375C tj@63.375C soc1@60.906C VDD_IN 17408mW/16402mW VDD_CPU_GPU_CV 8563mW/7421mW VDD_SOC 3883mW/3936mW
08-11-2026 23:33:04 RAM 5643/7607MB (lfb 83x4MB) SWAP 1438/16384MB (cached 129MB) CPU [38%@729,15%@729,37%@729,22%@729,16%@1344,43%@1344] GR3D_FREQ 97% cpu@62.125C soc2@61.062C soc0@61.718C gpu@63.25C tj@63.25C soc1@60.937C VDD_IN 16924mW/16403mW VDD_CPU_GPU_CV 8068mW/7423mW VDD_SOC 3890mW/3936mW
08-11-2026 23:33:05 RAM 6457/7607MB (lfb 25x1MB) SWAP 1438/16384MB (cached 129MB) CPU [9%@1344,10%@1344,38%@1344,14%@1344,11%@1344,78%@1344] GR3D_FREQ 97% cpu@62.843C soc2@61.093C soc0@61.75C gpu@63C tj@63C soc1@61C VDD_IN 14981mW/16399mW VDD_CPU_GPU_CV 6326mW/7419mW VDD_SOC 3817mW/3935mW
08-11-2026 23:33:06 RAM 5705/7607MB (lfb 82x4MB) SWAP 1438/16384MB (cached 129MB) CPU [6%@1344,22%@1344,8%@1344,4%@1344,3%@729,84%@729] GR3D_FREQ 98% cpu@62.218C soc2@61.218C soc0@61.843C gpu@63.343C tj@63.343C soc1@60.968C VDD_IN 17408mW/16402mW VDD_CPU_GPU_CV 7468mW/7420mW VDD_SOC 4354mW/3937mW
08-11-2026 23:33:07 RAM 5643/7607MB (lfb 82x4MB) SWAP 1438/16384MB (cached 129MB) CPU [15%@729,42%@729,20%@729,33%@729,73%@960,18%@960] GR3D_FREQ 99% cpu@62.281C soc2@61.125C soc0@61.875C gpu@63.625C tj@63.625C soc1@61.062C VDD_IN 17565mW/16405mW VDD_CPU_GPU_CV 8681mW/7423mW VDD_SOC 3883mW/3936mW
08-11-2026 23:33:08 RAM 5637/7607MB (lfb 82x4MB) SWAP 1438/16384MB (cached 129MB) CPU [21%@1344,30%@1344,11%@1344,57%@1344,32%@729,12%@729] GR3D_FREQ 97% cpu@62.156C soc2@61.031C soc0@61.843C gpu@63.5C tj@63.5C soc1@60.875C VDD_IN 17054mW/16407mW VDD_CPU_GPU_CV 8172mW/7425mW VDD_SOC 3890mW/3936mW
08-11-2026 23:33:09 RAM 6173/7607MB (lfb 5x4MB) SWAP 1438/16384MB (cached 129MB) CPU [17%@1344,32%@1344,19%@1344,59%@1344,29%@729,13%@729] GR3D_FREQ 97% cpu@62.156C soc2@61.125C soc0@61.906C gpu@63.343C tj@63.343C soc1@60.875C VDD_IN 16098mW/16406mW VDD_CPU_GPU_CV 7218mW/7425mW VDD_SOC 3929mW/3936mW
08-11-2026 23:33:10 RAM 6096/7607MB (lfb 16x4MB) SWAP 1438/16384MB (cached 129MB) CPU [5%@729,75%@729,2%@729,1%@729,28%@1344,4%@1344] GR3D_FREQ 17% cpu@62.25C soc2@61.062C soc0@61.781C gpu@62.5C tj@62.5C soc1@60.875C VDD_IN 16137mW/16406mW VDD_CPU_GPU_CV 6551mW/7422mW VDD_SOC 4204mW/3937mW
08-11-2026 23:33:11 RAM 5632/7607MB (lfb 82x4MB) SWAP 1438/16384MB (cached 129MB) CPU [34%@729,16%@729,16%@729,15%@729,65%@1036,12%@1036] GR3D_FREQ 91% cpu@62.25C soc2@61.125C soc0@61.843C gpu@63.25C tj@63.25C soc1@60.906C VDD_IN 17368mW/16408mW VDD_CPU_GPU_CV 8055mW/7424mW VDD_SOC 4158mW/3938mW
08-11-2026 23:33:12 RAM 5630/7607MB (lfb 79x4MB) SWAP 1437/16384MB (cached 129MB) CPU [17%@729,35%@729,35%@729,30%@729,38%@1344,77%@1344] GR3D_FREQ 98% cpu@62.437C soc2@61.125C soc0@61.875C gpu@63.343C tj@63.343C soc1@61C VDD_IN 17290mW/16411mW VDD_CPU_GPU_CV 8446mW/7427mW VDD_SOC 3883mW/3937mW
08-11-2026 23:33:13 RAM 5636/7607MB (lfb 78x4MB) SWAP 1437/16384MB (cached 129MB) CPU [51%@729,20%@729,22%@729,30%@729,50%@1344,31%@1344] GR3D_FREQ 97% cpu@61.968C soc2@61.125C soc0@61.843C gpu@63.25C tj@63.25C soc1@60.875C VDD_IN 16570mW/16411mW VDD_CPU_GPU_CV 7676mW/7428mW VDD_SOC 3890mW/3937mW
08-11-2026 23:33:14 RAM 6319/7607MB (lfb 27x1MB) SWAP 1437/16384MB (cached 129MB) CPU [19%@1344,14%@1344,3%@1344,8%@1344,66%@729,1%@729] GR3D_FREQ 13% cpu@62.093C soc2@61.031C soc0@61.843C gpu@61.968C tj@62.093C soc1@60.875C VDD_IN 14902mW/16407mW VDD_CPU_GPU_CV 5737mW/7423mW VDD_SOC 4021mW/3938mW
08-11-2026 23:33:15 RAM 5638/7607MB (lfb 77x4MB) SWAP 1437/16384MB (cached 129MB) CPU [27%@1344,81%@1344,14%@1344,20%@1344,13%@1113,20%@1113] GR3D_FREQ 99% cpu@62.437C soc2@61.156C soc0@61.812C gpu@63.25C tj@63.25C soc1@60.875C VDD_IN 17290mW/16409mW VDD_CPU_GPU_CV 8016mW/7425mW VDD_SOC 4119mW/3938mW
08-11-2026 23:33:16 RAM 5636/7607MB (lfb 78x4MB) SWAP 1437/16384MB (cached 129MB) CPU [17%@729,67%@729,17%@729,19%@729,84%@1344,19%@1344] GR3D_FREQ 97% cpu@61.968C soc2@61.125C soc0@61.812C gpu@63.312C tj@63.312C soc1@61C VDD_IN 17133mW/16411mW VDD_CPU_GPU_CV 8368mW/7427mW VDD_SOC 3844mW/3938mW
08-11-2026 23:33:17 RAM 5640/7607MB (lfb 77x4MB) SWAP 1437/16384MB (cached 129MB) CPU [16%@729,58%@729,15%@729,16%@729,46%@1344,10%@1344] GR3D_FREQ 98% cpu@62.312C soc2@61.093C soc0@61.75C gpu@62.968C tj@62.968C soc1@61.031C VDD_IN 16452mW/16412mW VDD_CPU_GPU_CV 7559mW/7428mW VDD_SOC 3890mW/3938mW
08-11-2026 23:33:18 RAM 6384/7607MB (lfb 28x1MB) SWAP 1437/16384MB (cached 129MB) CPU [13%@1344,12%@1344,8%@1344,28%@1344,69%@729,9%@729] GR3D_FREQ 6% cpu@61.968C soc2@61C soc0@61.875C gpu@61.718C tj@61.968C soc1@60.875C VDD_IN 14729mW/16407mW VDD_CPU_GPU_CV 5658mW/7423mW VDD_SOC 3942mW/3938mW
08-11-2026 23:33:19 RAM 5634/7607MB (lfb 78x4MB) SWAP 1437/16384MB (cached 129MB) CPU [25%@729,15%@729,14%@729,18%@729,74%@1344,28%@1344] GR3D_FREQ 99% cpu@62.281C soc2@61.125C soc0@61.812C gpu@63.031C tj@63.031C soc1@60.875C VDD_IN 17290mW/16409mW VDD_CPU_GPU_CV 7938mW/7424mW VDD_SOC 4158mW/3938mW
08-11-2026 23:33:20 RAM 5632/7607MB (lfb 81x4MB) SWAP 1437/16384MB (cached 129MB) CPU [35%@729,17%@729,21%@729,18%@729,27%@1344,75%@1344] GR3D_FREQ 97% cpu@62.312C soc2@61C soc0@61.625C gpu@63.281C tj@63.281C soc1@60.906C VDD_IN 17290mW/16412mW VDD_CPU_GPU_CV 8446mW/7427mW VDD_SOC 3883mW/3938mW
08-11-2026 23:33:21 RAM 5631/7607MB (lfb 81x4MB) SWAP 1437/16384MB (cached 129MB) CPU [14%@729,13%@729,41%@729,20%@729,20%@1344,62%@1344] GR3D_FREQ 97% cpu@62.031C soc2@61.093C soc0@61.843C gpu@63.093C tj@63.093C soc1@60.968C VDD_IN 16649mW/16412mW VDD_CPU_GPU_CV 7794mW/7428mW VDD_SOC 3890mW/3938mW
08-11-2026 23:33:22 RAM 6417/7607MB (lfb 25x1MB) SWAP 1437/16384MB (cached 129MB) CPU [9%@1344,7%@1344,4%@1344,5%@1344,35%@1344,70%@1344] GR3D_FREQ 79% cpu@62.187C soc2@60.875C soc0@61.812C gpu@62.531C tj@62.531C soc1@60.812C VDD_IN 14531mW/16407mW VDD_CPU_GPU_CV 5737mW/7423mW VDD_SOC 3863mW/3938mW
08-11-2026 23:33:23 RAM 5633/7607MB (lfb 81x4MB) SWAP 1437/16384MB (cached 129MB) CPU [12%@729,12%@729,18%@729,16%@729,71%@1344,28%@1344] GR3D_FREQ 99% cpu@62.343C soc2@61.062C soc0@61.968C gpu@62.875C tj@62.875C soc1@60.843C VDD_IN 17290mW/16410mW VDD_CPU_GPU_CV 7625mW/7424mW VDD_SOC 4276mW/3939mW
08-11-2026 23:33:24 RAM 5637/7607MB (lfb 78x4MB) SWAP 1437/16384MB (cached 129MB) CPU [31%@729,21%@729,21%@729,20%@729,42%@1344,77%@1344] GR3D_FREQ 97% cpu@62.093C soc2@61C soc0@61.718C gpu@63.343C tj@63.343C soc1@60.937C VDD_IN 17408mW/16412mW VDD_CPU_GPU_CV 8563mW/7427mW VDD_SOC 3883mW/3939mW
08-11-2026 23:33:25 RAM 5636/7607MB (lfb 78x4MB) SWAP 1437/16384MB (cached 129MB) CPU [47%@729,14%@729,19%@729,17%@729,27%@1344,65%@1344] GR3D_FREQ 97% cpu@62.25C soc2@61.093C soc0@61.718C gpu@63.343C tj@63.343C soc1@60.875C VDD_IN 16818mW/16414mW VDD_CPU_GPU_CV 8029mW/7429mW VDD_SOC 3890mW/3938mW
08-11-2026 23:33:26 RAM 6438/7607MB (lfb 25x1MB) SWAP 1437/16384MB (cached 129MB) CPU [50%@1344,11%@1344,17%@1344,11%@1344,31%@1344,42%@1344] GR3D_FREQ 98% cpu@62.312C soc2@61C soc0@61.812C gpu@63C tj@63C soc1@61C VDD_IN 15454mW/16411mW VDD_CPU_GPU_CV 6601mW/7426mW VDD_SOC 3896mW/3938mW
08-11-2026 23:33:27 RAM 5712/7607MB (lfb 79x4MB) SWAP 1437/16384MB (cached 129MB) CPU [8%@729,17%@729,9%@729,29%@729,67%@729,6%@729] GR3D_FREQ 99% cpu@62.218C soc2@61.218C soc0@61.843C gpu@63.031C tj@63.031C soc1@60.812C VDD_IN 17447mW/16414mW VDD_CPU_GPU_CV 7547mW/7427mW VDD_SOC 4354mW/3939mW
08-11-2026 23:33:28 RAM 5633/7607MB (lfb 80x4MB) SWAP 1437/16384MB (cached 129MB) CPU [17%@1344,22%@1344,21%@1344,90%@1344,33%@729,17%@729] GR3D_FREQ 97% cpu@62.093C soc2@61.062C soc0@61.937C gpu@63.25C tj@63.25C soc1@60.875C VDD_IN 17368mW/16416mW VDD_CPU_GPU_CV 8563mW/7430mW VDD_SOC 3844mW/3939mW
08-11-2026 23:33:29 RAM 5644/7607MB (lfb 80x4MB) SWAP 1437/16384MB (cached 129MB) CPU [25%@729,25%@729,23%@729,52%@729,53%@1344,41%@1344] GR3D_FREQ 97% cpu@62.093C soc2@61C soc0@61.687C gpu@63.187C tj@63.187C soc1@60.906C VDD_IN 17172mW/16418mW VDD_CPU_GPU_CV 8250mW/7432mW VDD_SOC 3883mW/3939mW
08-11-2026 23:33:30 RAM 6452/7607MB (lfb 27x1MB) SWAP 1437/16384MB (cached 129MB) CPU [15%@1344,52%@1344,16%@1344,15%@1344,12%@1344,66%@1344] GR3D_FREQ 97% cpu@62.781C soc2@61.125C soc0@61.75C gpu@62.781C tj@62.781C soc1@60.906C VDD_IN 15744mW/16417mW VDD_CPU_GPU_CV 6904mW/7430mW VDD_SOC 3896mW/3939mW
08-11-2026 23:33:31 RAM 5815/7607MB (lfb 63x4MB) SWAP 1437/16384MB (cached 129MB) CPU [10%@806,7%@806,12%@806,11%@806,81%@729,7%@729] GR3D_FREQ 74% cpu@62.406C soc2@61.125C soc0@61.875C gpu@62.656C tj@62.718C soc1@61.031C VDD_IN 17093mW/16418mW VDD_CPU_GPU_CV 7273mW/7430mW VDD_SOC 4315mW/3940mW
08-11-2026 23:33:32 RAM 5643/7607MB (lfb 77x4MB) SWAP 1437/16384MB (cached 129MB) CPU [20%@729,20%@729,21%@729,21%@729,34%@729,79%@729] GR3D_FREQ 99% cpu@62.093C soc2@61C soc0@61.906C gpu@63.5C tj@63.5C soc1@60.843C VDD_IN 17486mW/16421mW VDD_CPU_GPU_CV 8563mW/7433mW VDD_SOC 3962mW/3940mW
08-11-2026 23:33:33 RAM 5639/7607MB (lfb 75x4MB) SWAP 1437/16384MB (cached 129MB) CPU [19%@729,17%@729,55%@729,23%@729,76%@1344,15%@1344] GR3D_FREQ 98% cpu@62.093C soc2@61.031C soc0@61.718C gpu@63.531C tj@63.531C soc1@60.875C VDD_IN 17054mW/16423mW VDD_CPU_GPU_CV 8250mW/7435mW VDD_SOC 3890mW/3940mW
08-11-2026 23:33:34 RAM 6466/7607MB (lfb 1x2MB) SWAP 1437/16384MB (cached 129MB) CPU [34%@1344,14%@1344,29%@1344,21%@1344,58%@1344,14%@1344] GR3D_FREQ 98% cpu@62.437C soc2@61.031C soc0@61.687C gpu@63.312C tj@63.312C soc1@60.906C VDD_IN 15940mW/16422mW VDD_CPU_GPU_CV 7140mW/7434mW VDD_SOC 3890mW/3940mW
08-11-2026 23:33:35 RAM 6082/7607MB (lfb 17x4MB) SWAP 1437/16384MB (cached 129MB) CPU [14%@1344,12%@1344,30%@1344,59%@1344,31%@1344,3%@1344] GR3D_FREQ 17% cpu@62.312C soc2@61C soc0@61.812C gpu@62.468C tj@62.468C soc1@60.937C VDD_IN 16334mW/16421mW VDD_CPU_GPU_CV 6736mW/7433mW VDD_SOC 4204mW/3940mW
08-11-2026 23:33:36 RAM 5637/7607MB (lfb 77x4MB) SWAP 1437/16384MB (cached 129MB) CPU [22%@729,17%@729,23%@729,14%@729,31%@729,73%@729] GR3D_FREQ 99% cpu@62C soc2@61.156C soc0@61.781C gpu@63.406C tj@63.406C soc1@60.968C VDD_IN 17486mW/16424mW VDD_CPU_GPU_CV 8133mW/7434mW VDD_SOC 4158mW/3941mW
08-11-2026 23:33:37 RAM 5638/7607MB (lfb 77x4MB) SWAP 1437/16384MB (cached 129MB) CPU [12%@729,19%@729,18%@729,24%@729,66%@1344,57%@1344] GR3D_FREQ 98% cpu@62.031C soc2@61.125C soc0@62C gpu@63.656C tj@63.656C soc1@60.875C VDD_IN 17172mW/16426mW VDD_CPU_GPU_CV 8329mW/7437mW VDD_SOC 3883mW/3941mW
08-11-2026 23:33:38 RAM 5631/7607MB (lfb 77x4MB) SWAP 1437/16384MB (cached 129MB) CPU [17%@729,21%@729,23%@729,20%@729,64%@1344,44%@1344] GR3D_FREQ 98% cpu@62.312C soc2@61C soc0@61.75C gpu@63.125C tj@63.125C soc1@60.875C VDD_IN 16491mW/16426mW VDD_CPU_GPU_CV 7598mW/7437mW VDD_SOC 3890mW/3941mW
08-11-2026 23:33:39 RAM 6275/7607MB (lfb 29x1MB) SWAP 1437/16384MB (cached 129MB) CPU [4%@729,4%@729,5%@729,2%@729,18%@1344,70%@1344] GR3D_FREQ 17% cpu@62.343C soc2@61.031C soc0@61.781C gpu@62C tj@62.343C soc1@60.937C VDD_IN 15257mW/16423mW VDD_CPU_GPU_CV 5972mW/7433mW VDD_SOC 4054mW/3941mW
08-11-2026 23:33:40 RAM 5640/7607MB (lfb 79x4MB) SWAP 1437/16384MB (cached 129MB) CPU [22%@729,32%@729,22%@729,23%@729,84%@1113,17%@1113] GR3D_FREQ 99% cpu@62.25C soc2@61.125C soc0@61.781C gpu@63.343C tj@63.343C soc1@61C VDD_IN 17447mW/16426mW VDD_CPU_GPU_CV 8094mW/7435mW VDD_SOC 4158mW/3942mW
08-11-2026 23:33:41 RAM 5637/7607MB (lfb 77x4MB) SWAP 1437/16384MB (cached 129MB) CPU [27%@729,23%@729,17%@729,20%@729,75%@1344,40%@1344] GR3D_FREQ 97% cpu@61.843C soc2@61.031C soc0@61.687C gpu@63.187C tj@63.187C soc1@60.843C VDD_IN 17172mW/16428mW VDD_CPU_GPU_CV 8368mW/7438mW VDD_SOC 3844mW/3941mW
08-11-2026 23:33:42 RAM 5638/7607MB (lfb 78x4MB) SWAP 1437/16384MB (cached 129MB) CPU [26%@729,17%@729,18%@729,24%@729,70%@1344,34%@1344] GR3D_FREQ 97% cpu@62.156C soc2@61.062C soc0@61.812C gpu@63.125C tj@63.125C soc1@60.875C VDD_IN 16570mW/16428mW VDD_CPU_GPU_CV 7676mW/7438mW VDD_SOC 3890mW/3941mW
08-11-2026 23:33:43 RAM 6330/7607MB (lfb 28x1MB) SWAP 1437/16384MB (cached 129MB) CPU [8%@1344,38%@1344,2%@1344,1%@1344,0%@1344,80%@1344] GR3D_FREQ 4% cpu@61.968C soc2@60.906C soc0@61.687C gpu@61.843C tj@61.968C soc1@60.937C VDD_IN 14744mW/16424mW VDD_CPU_GPU_CV 5776mW/7434mW VDD_SOC 3942mW/3941mW
08-11-2026 23:33:44 RAM 5639/7607MB (lfb 75x4MB) SWAP 1437/16384MB (cached 129MB) CPU [21%@1113,22%@1113,14%@1113,15%@1113,15%@1344,81%@1344] GR3D_FREQ 99% cpu@62.281C soc2@61.031C soc0@61.718C gpu@63.062C tj@63.062C soc1@60.906C VDD_IN 17250mW/16426mW VDD_CPU_GPU_CV 7977mW/7435mW VDD_SOC 4119mW/3942mW
08-11-2026 23:33:45 RAM 5640/7607MB (lfb 75x4MB) SWAP 1437/16384MB (cached 129MB) CPU [18%@729,19%@729,22%@729,55%@729,14%@1344,85%@1344] GR3D_FREQ 98% cpu@62.281C soc2@61.125C soc0@61.875C gpu@63.187C tj@63.187C soc1@60.937C VDD_IN 17329mW/16428mW VDD_CPU_GPU_CV 8485mW/7438mW VDD_SOC 3883mW/3942mW
08-11-2026 23:33:46 RAM 5638/7607MB (lfb 76x4MB) SWAP 1437/16384MB (cached 129MB) CPU [20%@729,31%@729,20%@729,50%@729,16%@1344,66%@1344] GR3D_FREQ 98% cpu@62C soc2@61C soc0@61.812C gpu@63.125C tj@63.125C soc1@60.843C VDD_IN 16570mW/16429mW VDD_CPU_GPU_CV 7716mW/7439mW VDD_SOC 3890mW/3941mW
08-11-2026 23:33:47 RAM 6380/7607MB (lfb 28x1MB) SWAP 1437/16384MB (cached 129MB) CPU [3%@1344,3%@1344,2%@1344,25%@1344,2%@729,64%@729] GR3D_FREQ 6% cpu@62.031C soc2@60.875C soc0@61.968C gpu@61.718C tj@62.031C soc1@60.843C VDD_IN 14294mW/16423mW VDD_CPU_GPU_CV 5392mW/7433mW VDD_SOC 3902mW/3941mW
08-11-2026 23:33:48 RAM 5641/7607MB (lfb 76x4MB) SWAP 1437/16384MB (cached 129MB) CPU [14%@729,21%@729,14%@729,19%@729,25%@1344,78%@1344] GR3D_FREQ 99% cpu@62.187C soc2@61.031C soc0@61.656C gpu@63.093C tj@63.093C soc1@60.875C VDD_IN 17290mW/16425mW VDD_CPU_GPU_CV 7938mW/7435mW VDD_SOC 4158mW/3942mW
08-11-2026 23:33:49 RAM 5641/7607MB (lfb 74x4MB) SWAP 1437/16384MB (cached 129MB) CPU [63%@729,42%@729,16%@729,14%@729,37%@1344,11%@1344] GR3D_FREQ 98% cpu@62.25C soc2@61.031C soc0@61.812C gpu@63.437C tj@63.437C soc1@60.843C VDD_IN 17290mW/16428mW VDD_CPU_GPU_CV 8446mW/7437mW VDD_SOC 3883mW/3942mW
08-11-2026 23:33:50 RAM 5643/7607MB (lfb 76x4MB) SWAP 1437/16384MB (cached 129MB) CPU [39%@729,43%@729,23%@729,17%@729,64%@1344,14%@1344] GR3D_FREQ 98% cpu@62.062C soc2@60.968C soc0@61.625C gpu@63.218C tj@63.218C soc1@60.968C VDD_IN 16295mW/16427mW VDD_CPU_GPU_CV 7559mW/7438mW VDD_SOC 3811mW/3941mW
08-11-2026 23:33:51 RAM 6395/7607MB (lfb 25x1MB) SWAP 1437/16384MB (cached 129MB) CPU [55%@1344,4%@1344,3%@1344,12%@1344,47%@729,26%@729] GR3D_FREQ 6% cpu@61.906C soc2@61.031C soc0@61.843C gpu@61.937C tj@61.937C soc1@60.781C VDD_IN 14531mW/16422mW VDD_CPU_GPU_CV 5580mW/7433mW VDD_SOC 3902mW/3941mW
08-11-2026 23:33:52 RAM 5635/7607MB (lfb 75x4MB) SWAP 1437/16384MB (cached 129MB) CPU [19%@729,20%@729,15%@729,19%@729,76%@1344,25%@1344] GR3D_FREQ 99% cpu@62.125C soc2@61.093C soc0@61.843C gpu@63.281C tj@63.281C soc1@60.875C VDD_IN 17290mW/16425mW VDD_CPU_GPU_CV 7938mW/7434mW VDD_SOC 4158mW/3942mW
08-11-2026 23:33:53 RAM 5632/7607MB (lfb 76x4MB) SWAP 1437/16384MB (cached 129MB) CPU [31%@729,24%@729,25%@729,16%@729,25%@1344,78%@1344] GR3D_FREQ 98% cpu@62.218C soc2@61.031C soc0@61.656C gpu@63.187C tj@63.187C soc1@60.843C VDD_IN 17290mW/16427mW VDD_CPU_GPU_CV 8446mW/7437mW VDD_SOC 3883mW/3942mW
08-11-2026 23:33:54 RAM 5633/7607MB (lfb 76x4MB) SWAP 1437/16384MB (cached 129MB) CPU [23%@729,17%@729,20%@729,15%@729,54%@1344,45%@1344] GR3D_FREQ 97% cpu@62.156C soc2@61C soc0@61.812C gpu@63.093C tj@63.093C soc1@60.906C VDD_IN 16570mW/16427mW VDD_CPU_GPU_CV 7755mW/7438mW VDD_SOC 3890mW/3942mW
08-11-2026 23:33:55 RAM 6412/7607MB (lfb 27x1MB) SWAP 1437/16384MB (cached 129MB) CPU [19%@1344,7%@1344,6%@1344,7%@1344,70%@1344,10%@1344] GR3D_FREQ 39% cpu@62.093C soc2@60.937C soc0@61.625C gpu@62.281C tj@62.281C soc1@60.843C VDD_IN 14492mW/16422mW VDD_CPU_GPU_CV 5667mW/7433mW VDD_SOC 3863mW/3941mW
08-11-2026 23:33:56 RAM 5631/7607MB (lfb 76x4MB) SWAP 1437/16384MB (cached 129MB) CPU [16%@1190,27%@1190,13%@1190,16%@1190,11%@1344,86%@1344] GR3D_FREQ 99% cpu@62.406C soc2@61.062C soc0@61.812C gpu@62.718C tj@62.718C soc1@60.812C VDD_IN 17486mW/16425mW VDD_CPU_GPU_CV 7781mW/7434mW VDD_SOC 4276mW/3942mW
08-11-2026 23:33:57 RAM 5629/7607MB (lfb 76x4MB) SWAP 1437/16384MB (cached 129MB) CPU [45%@729,20%@729,17%@729,18%@729,15%@1344,77%@1344] GR3D_FREQ 97% cpu@62.125C soc2@61.062C soc0@61.687C gpu@63.312C tj@63.468C soc1@60.812C VDD_IN 17368mW/16427mW VDD_CPU_GPU_CV 8524mW/7437mW VDD_SOC 3883mW/3942mW
08-11-2026 23:33:58 RAM 5631/7607MB (lfb 77x4MB) SWAP 1437/16384MB (cached 129MB) CPU [46%@729,16%@729,20%@729,19%@729,11%@1344,65%@1344] GR3D_FREQ 97% cpu@62.093C soc2@60.937C soc0@61.625C gpu@63.437C tj@63.437C soc1@60.812C VDD_IN 16728mW/16428mW VDD_CPU_GPU_CV 7833mW/7438mW VDD_SOC 3890mW/3942mW
08-11-2026 23:33:59 RAM 6439/7607MB (lfb 24x1MB) SWAP 1437/16384MB (cached 129MB) CPU [12%@1344,10%@1344,10%@1344,34%@1344,6%@1344,67%@1344] GR3D_FREQ 98% cpu@62.468C soc2@61C soc0@61.687C gpu@62.906C tj@62.906C soc1@61C VDD_IN 15059mW/16425mW VDD_CPU_GPU_CV 6208mW/7435mW VDD_SOC 3896mW/3942mW
08-11-2026 23:34:00 RAM 5631/7607MB (lfb 77x4MB) SWAP 1437/16384MB (cached 129MB) CPU [11%@1344,7%@1344,13%@1344,24%@1344,8%@1344,86%@1344] GR3D_FREQ 99% cpu@62.25C soc2@61.187C soc0@61.875C gpu@62.906C tj@62.906C soc1@60.875C VDD_IN 17447mW/16427mW VDD_CPU_GPU_CV 7468mW/7435mW VDD_SOC 4393mW/3943mW
08-11-2026 23:34:01 RAM 5631/7607MB (lfb 77x4MB) SWAP 1437/16384MB (cached 129MB) CPU [23%@1036,18%@1036,16%@1036,41%@1036,17%@1344,82%@1344] GR3D_FREQ 97% cpu@61.968C soc2@60.968C soc0@61.875C gpu@63.562C tj@63.562C soc1@60.843C VDD_IN 17408mW/16430mW VDD_CPU_GPU_CV 8602mW/7438mW VDD_SOC 3844mW/3943mW
08-11-2026 23:34:02 RAM 5631/7607MB (lfb 75x4MB) SWAP 1437/16384MB (cached 129MB) CPU [40%@1344,18%@1344,61%@1344,12%@1344,36%@729,33%@729] GR3D_FREQ 97% cpu@62.5C soc2@60.968C soc0@61.75C gpu@63.125C tj@63.125C soc1@60.875C VDD_IN 16857mW/16431mW VDD_CPU_GPU_CV 8016mW/7439mW VDD_SOC 3890mW/3943mW
08-11-2026 23:34:03 RAM 6450/7607MB (lfb 23x1MB) SWAP 1437/16384MB (cached 129MB) CPU [23%@1344,15%@1344,45%@1344,14%@1344,49%@1344,13%@1344] GR3D_FREQ 97% cpu@62.312C soc2@61.031C soc0@61.625C gpu@62.781C tj@62.781C soc1@60.968C VDD_IN 15493mW/16428mW VDD_CPU_GPU_CV 6747mW/7437mW VDD_SOC 3857mW/3942mW
08-11-2026 23:34:04 RAM 5805/7607MB (lfb 58x4MB) SWAP 1437/16384MB (cached 129MB) CPU [13%@1113,65%@1113,13%@1113,7%@1113,25%@1190,7%@1190] GR3D_FREQ 38% cpu@62C soc2@61.031C soc0@61.75C gpu@62.875C tj@62.875C soc1@60.75C VDD_IN 17133mW/16430mW VDD_CPU_GPU_CV 7273mW/7437mW VDD_SOC 4315mW/3943mW
08-11-2026 23:34:05 RAM 5631/7607MB (lfb 73x4MB) SWAP 1437/16384MB (cached 129MB) CPU [74%@729,14%@729,18%@729,11%@729,41%@729,18%@729] GR3D_FREQ 100% cpu@62.218C soc2@61.062C soc0@61.718C gpu@63.093C tj@63.093C soc1@60.875C VDD_IN 17486mW/16433mW VDD_CPU_GPU_CV 8524mW/7440mW VDD_SOC 3962mW/3943mW
08-11-2026 23:34:06 RAM 5632/7607MB (lfb 73x4MB) SWAP 1437/16384MB (cached 129MB) CPU [19%@1344,17%@1344,70%@1344,15%@1344,54%@729,13%@729] GR3D_FREQ 98% cpu@62.343C soc2@61.031C soc0@61.625C gpu@62.968C tj@62.968C soc1@60.875C VDD_IN 16975mW/16434mW VDD_CPU_GPU_CV 8094mW/7441mW VDD_SOC 3890mW/3943mW
08-11-2026 23:34:07 RAM 5878/7607MB (lfb 44x4MB) SWAP 1437/16384MB (cached 129MB) CPU [21%@1344,25%@1344,78%@1344,21%@1344,54%@729,16%@729] GR3D_FREQ 98% cpu@62.75C soc2@61.031C soc0@61.781C gpu@62.843C tj@62.843C soc1@60.875C VDD_IN 16413mW/16434mW VDD_CPU_GPU_CV 7520mW/7441mW VDD_SOC 3929mW/3943mW
08-11-2026 23:34:08 RAM 6152/7607MB (lfb 1x4MB) SWAP 1437/16384MB (cached 129MB) CPU [26%@729,2%@729,57%@729,4%@729,24%@1344,0%@1344] GR3D_FREQ 43% cpu@61.843C soc2@61.031C soc0@61.781C gpu@62.031C tj@62.031C soc1@60.781C VDD_IN 16019mW/16433mW VDD_CPU_GPU_CV 6512mW/7439mW VDD_SOC 4172mW/3944mW
08-11-2026 23:34:09 RAM 5633/7607MB (lfb 73x4MB) SWAP 1437/16384MB (cached 129MB) CPU [23%@729,24%@729,24%@729,27%@729,38%@729,74%@729] GR3D_FREQ 99% cpu@62.062C soc2@61.093C soc0@61.906C gpu@62.906C tj@62.906C soc1@60.75C VDD_IN 17329mW/16435mW VDD_CPU_GPU_CV 8055mW/7441mW VDD_SOC 4119mW/3944mW
08-11-2026 23:34:10 RAM 5631/7607MB (lfb 74x4MB) SWAP 1437/16384MB (cached 129MB) CPU [13%@729,12%@729,17%@729,13%@729,37%@1344,75%@1344] GR3D_FREQ 98% cpu@62.031C soc2@61C soc0@61.656C gpu@63.093C tj@63.093C soc1@60.875C VDD_IN 16857mW/16436mW VDD_CPU_GPU_CV 8094mW/7442mW VDD_SOC 3851mW/3944mW
08-11-2026 23:34:11 RAM 6253/7607MB (lfb 1x4MB) SWAP 1437/16384MB (cached 129MB) CPU [25%@1344,56%@1344,37%@1344,24%@1344,36%@729,35%@729] GR3D_FREQ 98% cpu@62.187C soc2@61.125C soc0@61.625C gpu@62.875C tj@62.875C soc1@60.875C VDD_IN 16531mW/16436mW VDD_CPU_GPU_CV 7676mW/7443mW VDD_SOC 3890mW/3944mW
08-11-2026 23:34:12 RAM 6281/7607MB (lfb 22x1MB) SWAP 1437/16384MB (cached 129MB) CPU [5%@1344,75%@1344,12%@1344,2%@1344,9%@1344,8%@1344] GR3D_FREQ 11% cpu@62.062C soc2@60.937C soc0@61.75C gpu@61.812C tj@61.843C soc1@60.968C VDD_IN 15217mW/16433mW VDD_CPU_GPU_CV 5972mW/7439mW VDD_SOC 4014mW/3944mW
08-11-2026 23:34:13 RAM 5637/7607MB (lfb 72x4MB) SWAP 1437/16384MB (cached 129MB) CPU [32%@1344,86%@1344,25%@1344,24%@1344,30%@806,24%@806] GR3D_FREQ 99% cpu@62C soc2@61.125C soc0@61.937C gpu@62.843C tj@62.843C soc1@60.812C VDD_IN 17172mW/16435mW VDD_CPU_GPU_CV 7938mW/7440mW VDD_SOC 4080mW/3944mW
08-11-2026 23:34:14 RAM 5636/7607MB (lfb 73x4MB) SWAP 1437/16384MB (cached 129MB) CPU [30%@1344,13%@1344,76%@1344,18%@1344,42%@729,21%@729] GR3D_FREQ 97% cpu@62.187C soc2@61.062C soc0@61.687C gpu@63.062C tj@63.062C soc1@60.875C VDD_IN 17015mW/16437mW VDD_CPU_GPU_CV 8211mW/7442mW VDD_SOC 3851mW/3944mW
08-11-2026 23:34:15 RAM 5633/7607MB (lfb 73x4MB) SWAP 1437/16384MB (cached 129MB) CPU [41%@1344,20%@1344,65%@1344,16%@1344,16%@729,16%@729] GR3D_FREQ 97% cpu@62.343C soc2@60.968C soc0@61.625C gpu@62.937C tj@62.937C soc1@60.875C VDD_IN 16255mW/16436mW VDD_CPU_GPU_CV 7441mW/7442mW VDD_SOC 3890mW/3944mW
08-11-2026 23:34:16 RAM 6294/7607MB (lfb 45x1MB) SWAP 1437/16384MB (cached 129MB) CPU [24%@729,1%@729,53%@729,3%@729,19%@1344,1%@1344] GR3D_FREQ 18% cpu@62.156C soc2@60.875C soc0@61.718C gpu@61.875C tj@62.156C soc1@60.875C VDD_IN 15217mW/16433mW VDD_CPU_GPU_CV 5933mW/7439mW VDD_SOC 4054mW/3944mW
08-11-2026 23:34:17 RAM 5629/7607MB (lfb 73x4MB) SWAP 1437/16384MB (cached 129MB) CPU [32%@1190,17%@1190,21%@1190,18%@1190,72%@729,14%@729] GR3D_FREQ 99% cpu@62.125C soc2@61.125C soc0@61.75C gpu@63.093C tj@63.281C soc1@60.875C VDD_IN 17172mW/16435mW VDD_CPU_GPU_CV 7899mW/7440mW VDD_SOC 4119mW/3945mW
08-11-2026 23:34:18 RAM 5639/7607MB (lfb 73x4MB) SWAP 1437/16384MB (cached 129MB) CPU [29%@1344,15%@1344,31%@1344,63%@1344,43%@729,16%@729] GR3D_FREQ 97% cpu@62C soc2@61.125C soc0@61.812C gpu@63.312C tj@63.312C soc1@60.812C VDD_IN 17211mW/16437mW VDD_CPU_GPU_CV 8368mW/7442mW VDD_SOC 3883mW/3944mW
08-11-2026 23:34:19 RAM 5635/7607MB (lfb 74x4MB) SWAP 1437/16384MB (cached 129MB) CPU [16%@1344,17%@1344,36%@1344,43%@1344,38%@729,18%@729] GR3D_FREQ 99% cpu@62.125C soc2@60.968C soc0@61.718C gpu@63.187C tj@63.187C soc1@60.843C VDD_IN 16452mW/16437mW VDD_CPU_GPU_CV 7598mW/7442mW VDD_SOC 3890mW/3944mW
08-11-2026 23:34:20 RAM 6391/7607MB (lfb 42x1MB) SWAP 1437/16384MB (cached 129MB) CPU [28%@1344,21%@1344,47%@1344,5%@1344,0%@729,1%@729] GR3D_FREQ 6% cpu@62.031C soc2@60.906C soc0@61.687C gpu@61.937C tj@62.031C soc1@60.843C VDD_IN 14294mW/16432mW VDD_CPU_GPU_CV 5352mW/7437mW VDD_SOC 3902mW/3944mW
08-11-2026 23:34:21 RAM 5629/7607MB (lfb 77x4MB) SWAP 1437/16384MB (cached 129MB) CPU [19%@1344,18%@1344,29%@1344,15%@1344,12%@1344,86%@1344] GR3D_FREQ 99% cpu@62.468C soc2@61.062C soc0@61.718C gpu@63.062C tj@63.062C soc1@60.875C VDD_IN 17172mW/16434mW VDD_CPU_GPU_CV 7859mW/7438mW VDD_SOC 4158mW/3945mW
08-11-2026 23:34:22 RAM 5633/7607MB (lfb 74x4MB) SWAP 1437/16384MB (cached 129MB) CPU [18%@729,16%@729,42%@729,18%@729,12%@1344,79%@1344] GR3D_FREQ 98% cpu@61.937C soc2@61.062C soc0@61.687C gpu@63.437C tj@63.437C soc1@60.906C VDD_IN 17211mW/16435mW VDD_CPU_GPU_CV 8446mW/7441mW VDD_SOC 3883mW/3945mW
08-11-2026 23:34:23 RAM 5632/7607MB (lfb 77x4MB) SWAP 1437/16384MB (cached 129MB) CPU [20%@729,17%@729,53%@729,15%@729,67%@1344,23%@1344] GR3D_FREQ 97% cpu@61.75C soc2@61C soc0@61.843C gpu@63.375C tj@63.375C soc1@60.781C VDD_IN 16885mW/16437mW VDD_CPU_GPU_CV 7951mW/7442mW VDD_SOC 3890mW/3944mW
08-11-2026 23:34:24 RAM 6455/7607MB (lfb 38x1MB) SWAP 1437/16384MB (cached 129MB) CPU [19%@1344,13%@1344,20%@1344,49%@1344,67%@1344,11%@1344] GR3D_FREQ 98% cpu@62.375C soc2@60.968C soc0@61.812C gpu@62.968C tj@62.968C soc1@60.875C VDD_IN 15651mW/16435mW VDD_CPU_GPU_CV 6787mW/7440mW VDD_SOC 3936mW/3944mW
08-11-2026 23:34:25 RAM 5769/7607MB (lfb 72x4MB) SWAP 1437/16384MB (cached 129MB) CPU [7%@1344,8%@1344,7%@1344,26%@1344,62%@729,26%@729] GR3D_FREQ 98% cpu@62.437C soc2@61C soc0@61.687C gpu@62.843C tj@62.843C soc1@60.843C VDD_IN 17447mW/16437mW VDD_CPU_GPU_CV 7507mW/7441mW VDD_SOC 4354mW/3945mW
08-11-2026 23:34:26 RAM 5637/7607MB (lfb 76x4MB) SWAP 1437/16384MB (cached 129MB) CPU [15%@729,15%@729,16%@729,35%@729,14%@729,78%@729] GR3D_FREQ 99% cpu@62.218C soc2@60.968C soc0@61.687C gpu@63.156C tj@63.156C soc1@60.875C VDD_IN 17447mW/16439mW VDD_CPU_GPU_CV 8485mW/7443mW VDD_SOC 3923mW/3945mW
08-11-2026 23:34:27 RAM 5632/7607MB (lfb 76x4MB) SWAP 1437/16384MB (cached 129MB) CPU [56%@729,16%@729,11%@729,15%@729,44%@1344,48%@1344] GR3D_FREQ 98% cpu@61.968C soc2@61.031C soc0@61.781C gpu@63.156C tj@63.156C soc1@60.875C VDD_IN 16806mW/16440mW VDD_CPU_GPU_CV 7951mW/7444mW VDD_SOC 3851mW/3945mW
08-11-2026 23:34:28 RAM 5629/7607MB (lfb 75x4MB) SWAP 1437/16384MB (cached 129MB) CPU [37%@1344,16%@1344,27%@1344,13%@1344,56%@729,13%@729] GR3D_FREQ 98% cpu@62.062C soc2@61C soc0@61.75C gpu@62.843C tj@62.843C soc1@60.812C VDD_IN 15744mW/16439mW VDD_CPU_GPU_CV 6944mW/7443mW VDD_SOC 3896mW/3945mW
08-11-2026 23:34:29 RAM 6037/7607MB (lfb 26x4MB) SWAP 1437/16384MB (cached 129MB) CPU [54%@1344,37%@1344,4%@1344,13%@1344,7%@1344,25%@1344] GR3D_FREQ 17% cpu@62C soc2@60.968C soc0@61.625C gpu@62.187C tj@62.187C soc1@60.781C VDD_IN 16452mW/16439mW VDD_CPU_GPU_CV 6854mW/7442mW VDD_SOC 4204mW/3946mW
08-11-2026 23:34:30 RAM 5633/7607MB (lfb 76x4MB) SWAP 1437/16384MB (cached 129MB) CPU [20%@729,27%@729,13%@729,14%@729,14%@729,75%@729] GR3D_FREQ 99% cpu@62.031C soc2@60.968C soc0@61.625C gpu@62.906C tj@62.906C soc1@60.875C VDD_IN 17329mW/16441mW VDD_CPU_GPU_CV 8016mW/7443mW VDD_SOC 4119mW/3946mW
08-11-2026 23:34:31 RAM 5632/7607MB (lfb 76x4MB) SWAP 1437/16384MB (cached 129MB) CPU [20%@729,18%@729,16%@729,16%@729,18%@1344,78%@1344] GR3D_FREQ 98% cpu@62.218C soc2@61C soc0@61.656C gpu@63.031C tj@63.031C soc1@60.875C VDD_IN 16936mW/16442mW VDD_CPU_GPU_CV 8133mW/7445mW VDD_SOC 3851mW/3946mW
08-11-2026 23:34:32 RAM 5632/7607MB (lfb 76x4MB) SWAP 1437/16384MB (cached 129MB) CPU [40%@729,18%@729,13%@729,12%@729,12%@1344,64%@1344] GR3D_FREQ 97% cpu@61.937C soc2@60.906C soc0@61.718C gpu@63.031C tj@63.031C soc1@60.812C VDD_IN 16216mW/16441mW VDD_CPU_GPU_CV 7441mW/7445mW VDD_SOC 3890mW/3946mW
08-11-2026 23:34:33 RAM 6345/7607MB (lfb 39x1MB) SWAP 1437/16384MB (cached 129MB) CPU [3%@729,3%@729,10%@729,4%@729,0%@1344,87%@1344] GR3D_FREQ 6% cpu@61.937C soc2@60.781C soc0@61.812C gpu@61.718C tj@61.937C soc1@60.75C VDD_IN 15020mW/16438mW VDD_CPU_GPU_CV 5855mW/7441mW VDD_SOC 4021mW/3946mW
08-11-2026 23:34:34 RAM 5635/7607MB (lfb 75x4MB) SWAP 1437/16384MB (cached 129MB) CPU [20%@1344,19%@1344,17%@1344,16%@1344,78%@960,30%@960] GR3D_FREQ 99% cpu@62.218C soc2@61.062C soc0@61.625C gpu@63.031C tj@63.031C soc1@60.812C VDD_IN 17408mW/16440mW VDD_CPU_GPU_CV 8172mW/7443mW VDD_SOC 4119mW/3946mW
08-11-2026 23:34:35 RAM 5634/7607MB (lfb 76x4MB) SWAP 1437/16384MB (cached 129MB) CPU [62%@1344,16%@1344,52%@1344,23%@1344,46%@729,20%@729] GR3D_FREQ 98% cpu@62C soc2@61.093C soc0@61.625C gpu@63.218C tj@63.218C soc1@60.843C VDD_IN 17133mW/16442mW VDD_CPU_GPU_CV 8368mW/7445mW VDD_SOC 3844mW/3946mW
08-11-2026 23:34:36 RAM 5635/7607MB (lfb 75x4MB) SWAP 1437/16384MB (cached 129MB) CPU [30%@729,17%@729,42%@729,15%@729,55%@1344,10%@1344] GR3D_FREQ 99% cpu@62.187C soc2@60.968C soc0@61.687C gpu@63.125C tj@63.125C soc1@60.875C VDD_IN 16570mW/16442mW VDD_CPU_GPU_CV 7676mW/7445mW VDD_SOC 3890mW/3946mW
08-11-2026 23:34:37 RAM 6415/7607MB (lfb 35x1MB) SWAP 1437/16384MB (cached 129MB) CPU [4%@1344,4%@1344,29%@1344,8%@1344,69%@1344,1%@1344] GR3D_FREQ 43% cpu@62.031C soc2@60.875C soc0@61.781C gpu@62.125C tj@62.125C soc1@60.75C VDD_IN 14531mW/16438mW VDD_CPU_GPU_CV 5580mW/7441mW VDD_SOC 3902mW/3946mW
08-11-2026 23:34:38 RAM 5634/7607MB (lfb 74x4MB) SWAP 1438/16384MB (cached 129MB) CPU [11%@729,14%@729,14%@729,14%@729,85%@1344,8%@1344] GR3D_FREQ 99% cpu@62.218C soc2@61.093C soc0@61.937C gpu@62.843C tj@62.843C soc1@60.75C VDD_IN 17172mW/16439mW VDD_CPU_GPU_CV 7625mW/7441mW VDD_SOC 4237mW/3946mW
08-11-2026 23:34:39 RAM 5633/7607MB (lfb 74x4MB) SWAP 1438/16384MB (cached 129MB) CPU [18%@729,20%@729,20%@729,39%@729,77%@1344,17%@1344] GR3D_FREQ 97% cpu@62C soc2@61C soc0@61.625C gpu@63.343C tj@63.343C soc1@60.75C VDD_IN 17250mW/16441mW VDD_CPU_GPU_CV 8485mW/7444mW VDD_SOC 3844mW/3946mW
08-11-2026 23:34:40 RAM 5637/7607MB (lfb 75x4MB) SWAP 1438/16384MB (cached 129MB) CPU [26%@729,23%@729,42%@729,33%@729,30%@1344,66%@1344] GR3D_FREQ 97% cpu@62.093C soc2@60.968C soc0@61.625C gpu@63.343C tj@63.031C soc1@60.875C VDD_IN 16897mW/16442mW VDD_CPU_GPU_CV 8068mW/7445mW VDD_SOC 3890mW/3946mW
08-11-2026 23:34:41 RAM 6451/7607MB (lfb 34x1MB) SWAP 1438/16384MB (cached 129MB) CPU [48%@1344,11%@1344,11%@1344,15%@1344,9%@1344,64%@1344] GR3D_FREQ 98% cpu@62.468C soc2@60.968C soc0@61.687C gpu@62.656C tj@62.656C soc1@60.906C VDD_IN 15533mW/16440mW VDD_CPU_GPU_CV 6669mW/7443mW VDD_SOC 3896mW/3946mW
08-11-2026 23:34:42 RAM 5746/7607MB (lfb 75x4MB) SWAP 1438/16384MB (cached 129MB) CPU [15%@1344,24%@1344,8%@1344,7%@1344,4%@729,83%@729] GR3D_FREQ 98% cpu@62.062C soc2@61C soc0@61.812C gpu@63C tj@63C soc1@60.687C VDD_IN 17486mW/16443mW VDD_CPU_GPU_CV 7547mW/7444mW VDD_SOC 4354mW/3947mW
08-11-2026 23:34:44 RAM 5642/7607MB (lfb 74x4MB) SWAP 1438/16384MB (cached 129MB) CPU [18%@729,37%@729,16%@729,18%@729,8%@1344,94%@1344] GR3D_FREQ 97% cpu@61.812C soc2@60.875C soc0@61.718C gpu@63.156C tj@63.156C soc1@60.75C VDD_IN 17211mW/16444mW VDD_CPU_GPU_CV 8407mW/7446mW VDD_SOC 3844mW/3947mW
08-11-2026 23:34:45 RAM 5637/7607MB (lfb 75x4MB) SWAP 1438/16384MB (cached 129MB) CPU [22%@729,26%@729,31%@729,51%@729,24%@1344,70%@1344] GR3D_FREQ 97% cpu@62.156C soc2@60.812C soc0@61.625C gpu@63.031C tj@63.031C soc1@60.843C VDD_IN 17015mW/16446mW VDD_CPU_GPU_CV 8225mW/7448mW VDD_SOC 3844mW/3946mW
08-11-2026 23:34:46 RAM 6460/7607MB (lfb 32x1MB) SWAP 1437/16384MB (cached 129MB) CPU [29%@1344,21%@1344,25%@1344,53%@1344,20%@1344,64%@1344] GR3D_FREQ 97% cpu@62.562C soc2@61C soc0@61.656C gpu@63C tj@63C soc1@60.843C VDD_IN 16176mW/16445mW VDD_CPU_GPU_CV 7257mW/7447mW VDD_SOC 3929mW/3946mW
08-11-2026 23:34:47 RAM 5879/7607MB (lfb 43x4MB) SWAP 1437/16384MB (cached 129MB) CPU [11%@1036,23%@1036,8%@1036,3%@1036,2%@729,61%@729] GR3D_FREQ 14% cpu@62.281C soc2@61.093C soc0@61.75C gpu@62.531C tj@62.531C soc1@60.875C VDD_IN 16688mW/16446mW VDD_CPU_GPU_CV 7011mW/7446mW VDD_SOC 4243mW/3947mW
08-11-2026 23:34:48 RAM 5636/7607MB (lfb 74x4MB) SWAP 1437/16384MB (cached 129MB) CPU [84%@1344,19%@1344,20%@1344,22%@1344,27%@729,16%@729] GR3D_FREQ 99% cpu@62.062C soc2@61.125C soc0@61.875C gpu@63.218C tj@63.218C soc1@60.843C VDD_IN 17526mW/16448mW VDD_CPU_GPU_CV 8407mW/7448mW VDD_SOC 4040mW/3947mW
08-11-2026 23:34:49 RAM 5635/7607MB (lfb 74x4MB) SWAP 1437/16384MB (cached 129MB) CPU [34%@729,48%@729,25%@729,23%@729,23%@1344,85%@1344] GR3D_FREQ 97% cpu@62C soc2@60.968C soc0@61.625C gpu@63.437C tj@63.437C soc1@60.843C VDD_IN 17133mW/16450mW VDD_CPU_GPU_CV 8329mW/7450mW VDD_SOC 3844mW/3947mW
08-11-2026 23:34:50 RAM 6467/7607MB (lfb 1x2MB) SWAP 1437/16384MB (cached 129MB) CPU [54%@729,22%@729,22%@729,24%@729,23%@1344,68%@1344] GR3D_FREQ 98% cpu@62.312C soc2@61C soc0@61.656C gpu@63.031C tj@63.031C soc1@60.906C VDD_IN 16649mW/16450mW VDD_CPU_GPU_CV 7716mW/7451mW VDD_SOC 3929mW/3947mW
08-11-2026 23:34:51 RAM 6235/7607MB (lfb 1x2MB) SWAP 1437/16384MB (cached 129MB) CPU [6%@1344,2%@1344,8%@1344,33%@1344,6%@729,74%@729] GR3D_FREQ 19% cpu@62.093C soc2@61C soc0@61.718C gpu@62.062C tj@62.093C soc1@60.906C VDD_IN 15769mW/16448mW VDD_CPU_GPU_CV 6277mW/7448mW VDD_SOC 4132mW/3947mW
08-11-2026 23:34:52 RAM 5636/7607MB (lfb 75x4MB) SWAP 1437/16384MB (cached 129MB) CPU [24%@729,22%@729,20%@729,33%@729,77%@1344,19%@1344] GR3D_FREQ 99% cpu@62.093C soc2@61.031C soc0@61.687C gpu@63.093C tj@63.093C soc1@60.75C VDD_IN 17368mW/16450mW VDD_CPU_GPU_CV 8055mW/7450mW VDD_SOC 4119mW/3948mW
08-11-2026 23:34:53 RAM 5637/7607MB (lfb 76x4MB) SWAP 1437/16384MB (cached 129MB) CPU [25%@729,17%@729,63%@729,21%@729,94%@1344,15%@1344] GR3D_FREQ 97% cpu@61.812C soc2@60.906C soc0@61.781C gpu@63.281C tj@63.281C soc1@60.812C VDD_IN 17133mW/16452mW VDD_CPU_GPU_CV 8329mW/7452mW VDD_SOC 3844mW/3947mW
08-11-2026 23:34:54 RAM 5637/7607MB (lfb 74x4MB) SWAP 1438/16384MB (cached 129MB) CPU [15%@729,16%@729,45%@729,17%@729,57%@1344,30%@1344] GR3D_FREQ 97% cpu@62C soc2@60.906C soc0@61.625C gpu@63.125C tj@63.125C soc1@60.812C VDD_IN 16491mW/16452mW VDD_CPU_GPU_CV 7598mW/7452mW VDD_SOC 3890mW/3947mW
08-11-2026 23:34:55 RAM 6328/7607MB (lfb 20x1MB) SWAP 1438/16384MB (cached 129MB) CPU [3%@1344,6%@1344,20%@1344,3%@1344,27%@729,49%@729] GR3D_FREQ 10% cpu@62.437C soc2@60.906C soc0@61.687C gpu@61.906C tj@62.437C soc1@60.875C VDD_IN 14941mW/16449mW VDD_CPU_GPU_CV 5776mW/7448mW VDD_SOC 4021mW/3948mW
08-11-2026 23:34:56 RAM 5638/7607MB (lfb 73x4MB) SWAP 1438/16384MB (cached 129MB) CPU [14%@729,20%@729,19%@729,11%@729,81%@1344,15%@1344] GR3D_FREQ 99% cpu@61.687C soc2@61C soc0@61.718C gpu@62.937C tj@62.937C soc1@60.875C VDD_IN 17133mW/16450mW VDD_CPU_GPU_CV 7938mW/7449mW VDD_SOC 4080mW/3948mW
08-11-2026 23:34:57 RAM 5643/7607MB (lfb 72x4MB) SWAP 1438/16384MB (cached 129MB) CPU [19%@729,57%@729,23%@729,25%@729,82%@1344,15%@1344] GR3D_FREQ 98% cpu@62.062C soc2@60.968C soc0@61.656C gpu@63C tj@63C soc1@60.718C VDD_IN 17368mW/16452mW VDD_CPU_GPU_CV 8485mW/7451mW VDD_SOC 3883mW/3948mW
08-11-2026 23:34:58 RAM 5646/7607MB (lfb 73x4MB) SWAP 1438/16384MB (cached 129MB) CPU [19%@729,56%@729,20%@729,15%@729,75%@1344,17%@1344] GR3D_FREQ 97% cpu@61.968C soc2@60.843C soc0@61.812C gpu@62.875C tj@62.875C soc1@60.843C VDD_IN 16767mW/16453mW VDD_CPU_GPU_CV 7833mW/7452mW VDD_SOC 3890mW/3948mW
08-11-2026 23:34:59 RAM 6421/7607MB (lfb 25x1MB) SWAP 1438/16384MB (cached 129MB) CPU [7%@1344,33%@1344,3%@1344,9%@1344,64%@1344,7%@1344] GR3D_FREQ 76% cpu@62.062C soc2@60.75C soc0@61.687C gpu@62.062C tj@62.062C soc1@60.812C VDD_IN 14452mW/16449mW VDD_CPU_GPU_CV 5589mW/7448mW VDD_SOC 3863mW/3947mW
08-11-2026 23:35:00 RAM 5646/7607MB (lfb 73x4MB) SWAP 1438/16384MB (cached 129MB) CPU [15%@1344,33%@1344,19%@1344,14%@1344,70%@729,26%@729] GR3D_FREQ 99% cpu@62.187C soc2@61C soc0@61.625C gpu@62.593C tj@62.593C soc1@60.843C VDD_IN 17329mW/16451mW VDD_CPU_GPU_CV 7664mW/7449mW VDD_SOC 4237mW/3948mW
08-11-2026 23:35:01 RAM 5639/7607MB (lfb 74x4MB) SWAP 1438/16384MB (cached 129MB) CPU [18%@729,29%@729,41%@729,16%@729,69%@1344,12%@1344] GR3D_FREQ 97% cpu@61.812C soc2@61C soc0@61.75C gpu@63.031C tj@63.031C soc1@60.843C VDD_IN 17290mW/16452mW VDD_CPU_GPU_CV 8485mW/7451mW VDD_SOC 3844mW/3948mW
08-11-2026 23:35:02 RAM 5640/7607MB (lfb 72x4MB) SWAP 1438/16384MB (cached 129MB) CPU [21%@729,17%@729,23%@729,44%@729,66%@1344,17%@1344] GR3D_FREQ 98% cpu@61.843C soc2@60.968C soc0@61.687C gpu@63.187C tj@63.187C soc1@60.875C VDD_IN 16806mW/16453mW VDD_CPU_GPU_CV 7990mW/7452mW VDD_SOC 3890mW/3948mW
08-11-2026 23:35:03 RAM 6458/7607MB (lfb 27x1MB) SWAP 1438/16384MB (cached 129MB) CPU [48%@1344,18%@1344,30%@1344,13%@1344,69%@1344,15%@1344] GR3D_FREQ 98% cpu@62.312C soc2@60.968C soc0@61.75C gpu@62.843C tj@62.843C soc1@60.75C VDD_IN 15572mW/16451mW VDD_CPU_GPU_CV 6669mW/7450mW VDD_SOC 3896mW/3948mW
08-11-2026 23:35:04 RAM 5722/7607MB (lfb 72x4MB) SWAP 1438/16384MB (cached 129MB) CPU [7%@1344,9%@1344,8%@1344,6%@1344,22%@729,63%@729] GR3D_FREQ 98% cpu@62.406C soc2@60.968C soc0@61.687C gpu@63.125C tj@63.125C soc1@60.75C VDD_IN 17447mW/16453mW VDD_CPU_GPU_CV 7468mW/7450mW VDD_SOC 4354mW/3948mW
08-11-2026 23:35:05 RAM 5638/7607MB (lfb 72x4MB) SWAP 1438/16384MB (cached 129MB) CPU [22%@729,44%@729,15%@729,20%@729,94%@1344,11%@1344] GR3D_FREQ 97% cpu@62.062C soc2@60.906C soc0@61.656C gpu@63.281C tj@63.281C soc1@60.75C VDD_IN 17290mW/16455mW VDD_CPU_GPU_CV 8524mW/7453mW VDD_SOC 3844mW/3948mW
08-11-2026 23:35:06 RAM 5636/7607MB (lfb 72x4MB) SWAP 1438/16384MB (cached 129MB) CPU [16%@1344,43%@1344,40%@1344,18%@1344,12%@729,50%@729] GR3D_FREQ 98% cpu@62.031C soc2@61.062C soc0@61.625C gpu@63.218C tj@63C soc1@60.875C VDD_IN 16531mW/16455mW VDD_CPU_GPU_CV 7794mW/7454mW VDD_SOC 3851mW/3948mW
08-11-2026 23:35:07 RAM 6440/7607MB (lfb 27x1MB) SWAP 1438/16384MB (cached 129MB) CPU [15%@1344,12%@1344,51%@1344,35%@1344,28%@1344,9%@1344] GR3D_FREQ 98% cpu@62.281C soc2@61C soc0@61.656C gpu@62.75C tj@62.75C soc1@60.812C VDD_IN 15493mW/16453mW VDD_CPU_GPU_CV 6641mW/7452mW VDD_SOC 3896mW/3948mW
08-11-2026 23:35:08 RAM 5715/7607MB (lfb 73x4MB) SWAP 1438/16384MB (cached 129MB) CPU [16%@729,25%@729,18%@729,15%@729,63%@729,25%@729] GR3D_FREQ 98% cpu@62.25C soc2@61C soc0@61.718C gpu@62.937C tj@62.937C soc1@60.812C VDD_IN 17565mW/16456mW VDD_CPU_GPU_CV 7586mW/7452mW VDD_SOC 4354mW/3949mW
08-11-2026 23:35:09 RAM 5643/7607MB (lfb 71x4MB) SWAP 1438/16384MB (cached 129MB) CPU [40%@729,19%@729,22%@729,15%@729,17%@1036,77%@1036] GR3D_FREQ 98% cpu@62.093C soc2@61C soc0@61.687C gpu@63.031C tj@63.031C soc1@60.812C VDD_IN 17290mW/16457mW VDD_CPU_GPU_CV 8446mW/7454mW VDD_SOC 3883mW/3949mW
08-11-2026 23:35:10 RAM 5642/7607MB (lfb 70x4MB) SWAP 1438/16384MB (cached 129MB) CPU [13%@729,57%@729,15%@729,20%@729,13%@1344,84%@1344] GR3D_FREQ 97% cpu@61.906C soc2@61C soc0@61.656C gpu@63.031C tj@63.031C soc1@60.875C VDD_IN 16728mW/16458mW VDD_CPU_GPU_CV 7990mW/7455mW VDD_SOC 3851mW/3948mW
08-11-2026 23:35:11 RAM 6419/7607MB (lfb 1x2MB) SWAP 1438/16384MB (cached 129MB) CPU [13%@1344,53%@1344,16%@1344,17%@1344,11%@1344,70%@1344] GR3D_FREQ 99% cpu@62.093C soc2@61C soc0@61.687C gpu@63.031C tj@63.031C soc1@60.937C VDD_IN 16019mW/16457mW VDD_CPU_GPU_CV 7061mW/7454mW VDD_SOC 3929mW/3948mW
08-11-2026 23:35:12 RAM 5972/7607MB (lfb 27x4MB) SWAP 1438/16384MB (cached 129MB) CPU [6%@1344,2%@1344,26%@1344,3%@1344,0%@1344,79%@1344] GR3D_FREQ 18% cpu@62.406C soc2@60.843C soc0@61.75C gpu@62.5C tj@62.5C soc1@60.75C VDD_IN 16649mW/16457mW VDD_CPU_GPU_CV 6971mW/7453mW VDD_SOC 4243mW/3949mW
08-11-2026 23:35:13 RAM 5640/7607MB (lfb 69x4MB) SWAP 1438/16384MB (cached 129MB) CPU [23%@729,17%@729,45%@729,21%@729,14%@729,93%@729] GR3D_FREQ 99% cpu@62.312C soc2@61.125C soc0@61.625C gpu@63.562C tj@63.562C soc1@60.781C VDD_IN 17486mW/16460mW VDD_CPU_GPU_CV 8641mW/7456mW VDD_SOC 3883mW/3949mW
08-11-2026 23:35:14 RAM 5641/7607MB (lfb 69x4MB) SWAP 1438/16384MB (cached 129MB) CPU [20%@729,17%@729,24%@729,58%@729,13%@1344,72%@1344] GR3D_FREQ 97% cpu@62.281C soc2@60.937C soc0@61.781C gpu@63.437C tj@63.437C soc1@60.906C VDD_IN 17054mW/16461mW VDD_CPU_GPU_CV 8250mW/7458mW VDD_SOC 3883mW/3949mW
08-11-2026 23:35:15 RAM 6468/7607MB (lfb 23x1MB) SWAP 1438/16384MB (cached 129MB) CPU [29%@1344,15%@1344,19%@1344,25%@1344,32%@1344,61%@1344] GR3D_FREQ 98% cpu@62.343C soc2@60.937C soc0@61.656C gpu@63.156C tj@62.937C soc1@60.875C VDD_IN 16176mW/16460mW VDD_CPU_GPU_CV 7297mW/7457mW VDD_SOC 3890mW/3949mW
08-11-2026 23:35:16 RAM 6081/7607MB (lfb 11x4MB) SWAP 1438/16384MB (cached 129MB) CPU [7%@729,3%@729,3%@729,4%@729,18%@1344,73%@1344] GR3D_FREQ 17% cpu@61.937C soc2@60.968C soc0@61.687C gpu@62.031C tj@62.031C soc1@60.812C VDD_IN 15862mW/16459mW VDD_CPU_GPU_CV 6434mW/7455mW VDD_SOC 4132mW/3949mW
08-11-2026 23:35:17 RAM 5644/7607MB (lfb 70x4MB) SWAP 1438/16384MB (cached 129MB) CPU [22%@729,52%@729,15%@729,16%@729,53%@1344,16%@1344] GR3D_FREQ 99% cpu@61.875C soc2@61C soc0@61.562C gpu@62.875C tj@62.875C soc1@60.781C VDD_IN 17290mW/16461mW VDD_CPU_GPU_CV 8016mW/7456mW VDD_SOC 4119mW/3949mW
08-11-2026 23:35:18 RAM 5641/7607MB (lfb 70x4MB) SWAP 1438/16384MB (cached 129MB) CPU [22%@729,15%@729,21%@729,58%@729,20%@1344,84%@1344] GR3D_FREQ 98% cpu@62.093C soc2@60.937C soc0@61.687C gpu@63.187C tj@63.187C soc1@60.812C VDD_IN 17172mW/16462mW VDD_CPU_GPU_CV 8329mW/7458mW VDD_SOC 3883mW/3949mW
08-11-2026 23:35:19 RAM 5639/7607MB (lfb 69x4MB) SWAP 1438/16384MB (cached 129MB) CPU [23%@729,23%@729,16%@729,33%@729,53%@1344,69%@1344] GR3D_FREQ 97% cpu@62.343C soc2@61C soc0@61.656C gpu@63.093C tj@63.093C soc1@60.781C VDD_IN 16728mW/16463mW VDD_CPU_GPU_CV 7794mW/7459mW VDD_SOC 3929mW/3949mW
08-11-2026 23:35:20 RAM 6332/7607MB (lfb 41x1MB) SWAP 1438/16384MB (cached 129MB) CPU [5%@1344,5%@1344,2%@1344,2%@1344,19%@729,70%@729] GR3D_FREQ 8% cpu@61.75C soc2@60.812C soc0@61.75C gpu@61.625C tj@61.75C soc1@60.781C VDD_IN 14784mW/16459mW VDD_CPU_GPU_CV 5697mW/7455mW VDD_SOC 3981mW/3949mW
08-11-2026 23:35:21 RAM 5637/7607MB (lfb 70x4MB) SWAP 1438/16384MB (cached 129MB) CPU [22%@729,23%@729,20%@729,24%@729,14%@1344,82%@1344] GR3D_FREQ 99% cpu@61.968C soc2@61.031C soc0@61.812C gpu@63.062C tj@63.062C soc1@60.718C VDD_IN 17211mW/16461mW VDD_CPU_GPU_CV 8016mW/7456mW VDD_SOC 4080mW/3949mW
08-11-2026 23:35:22 RAM 5638/7607MB (lfb 70x4MB) SWAP 1438/16384MB (cached 129MB) CPU [14%@729,54%@729,18%@729,19%@729,14%@1344,93%@1344] GR3D_FREQ 97% cpu@62.187C soc2@60.937C soc0@61.562C gpu@63C tj@63C soc1@60.843C VDD_IN 17093mW/16462mW VDD_CPU_GPU_CV 8290mW/7458mW VDD_SOC 3844mW/3949mW
08-11-2026 23:35:23 RAM 5637/7607MB (lfb 69x4MB) SWAP 1438/16384MB (cached 129MB) CPU [23%@729,13%@729,40%@729,20%@729,17%@1344,67%@1344] GR3D_FREQ 98% cpu@62.125C soc2@61C soc0@61.625C gpu@62.875C tj@62.875C soc1@60.781C VDD_IN 16649mW/16463mW VDD_CPU_GPU_CV 7755mW/7459mW VDD_SOC 3890mW/3949mW
08-11-2026 23:35:24 RAM 6404/7607MB (lfb 38x1MB) SWAP 1438/16384MB (cached 129MB) CPU [22%@729,12%@729,7%@729,2%@729,24%@1344,63%@1344] GR3D_FREQ 6% cpu@61.968C soc2@60.812C soc0@61.718C gpu@61.625C tj@61.968C soc1@60.937C VDD_IN 14492mW/16458mW VDD_CPU_GPU_CV 5549mW/7455mW VDD_SOC 3902mW/3949mW
08-11-2026 23:35:25 RAM 5642/7607MB (lfb 69x4MB) SWAP 1438/16384MB (cached 129MB) CPU [23%@729,14%@729,74%@729,16%@729,22%@1344,25%@1344] GR3D_FREQ 99% cpu@62.093C soc2@61.062C soc0@61.75C gpu@62.937C tj@62.937C soc1@60.937C VDD_IN 17211mW/16460mW VDD_CPU_GPU_CV 7859mW/7456mW VDD_SOC 4158mW/3949mW
08-11-2026 23:35:26 RAM 5643/7607MB (lfb 72x4MB) SWAP 1438/16384MB (cached 129MB) CPU [27%@729,26%@729,22%@729,21%@729,32%@1344,78%@1344] GR3D_FREQ 98% cpu@62.031C soc2@61.031C soc0@61.75C gpu@63.25C tj@63.25C soc1@60.75C VDD_IN 17329mW/16462mW VDD_CPU_GPU_CV 8485mW/7458mW VDD_SOC 3844mW/3949mW
08-11-2026 23:35:27 RAM 5646/7607MB (lfb 69x4MB) SWAP 1438/16384MB (cached 129MB) CPU [21%@729,59%@729,20%@729,23%@729,18%@1344,80%@1344] GR3D_FREQ 97% cpu@62.218C soc2@60.937C soc0@61.625C gpu@63.156C tj@63.156C soc1@60.843C VDD_IN 16767mW/16462mW VDD_CPU_GPU_CV 7911mW/7459mW VDD_SOC 3851mW/3949mW
08-11-2026 23:35:28 RAM 6428/7607MB (lfb 42x1MB) SWAP 1438/16384MB (cached 129MB) CPU [8%@1344,44%@1344,9%@1344,7%@1344,31%@1344,42%@1344] GR3D_FREQ 98% cpu@62.218C soc2@60.937C soc0@61.687C gpu@62.656C tj@62.656C soc1@60.781C VDD_IN 14902mW/16459mW VDD_CPU_GPU_CV 6012mW/7456mW VDD_SOC 3902mW/3949mW
08-11-2026 23:35:29 RAM 5633/7607MB (lfb 68x4MB) SWAP 1438/16384MB (cached 129MB) CPU [19%@1344,19%@1344,14%@1344,28%@1344,75%@729,16%@729] GR3D_FREQ 99% cpu@62.406C soc2@61.093C soc0@61.718C gpu@62.75C tj@62.75C soc1@60.937C VDD_IN 17368mW/16461mW VDD_CPU_GPU_CV 7586mW/7456mW VDD_SOC 4315mW/3950mW
08-11-2026 23:35:30 RAM 5637/7607MB (lfb 69x4MB) SWAP 1438/16384MB (cached 129MB) CPU [33%@729,28%@729,30%@729,49%@729,78%@1344,23%@1344] GR3D_FREQ 98% cpu@61.812C soc2@61.062C soc0@61.75C gpu@63.156C tj@63.156C soc1@60.937C VDD_IN 17447mW/16463mW VDD_CPU_GPU_CV 8641mW/7458mW VDD_SOC 3844mW/3949mW
08-11-2026 23:35:31 RAM 5641/7607MB (lfb 68x4MB) SWAP 1438/16384MB (cached 129MB) CPU [20%@729,18%@729,59%@729,20%@729,18%@1344,79%@1344] GR3D_FREQ 97% cpu@61.968C soc2@60.937C soc0@61.718C gpu@63.062C tj@63.062C soc1@60.75C VDD_IN 16806mW/16464mW VDD_CPU_GPU_CV 8029mW/7459mW VDD_SOC 3851mW/3949mW
08-11-2026 23:35:32 RAM 6437/7607MB (lfb 40x1MB) SWAP 1438/16384MB (cached 129MB) CPU [20%@1344,32%@1344,9%@1344,15%@1344,43%@1344,40%@1344] GR3D_FREQ 97% cpu@62.437C soc2@60.875C soc0@61.625C gpu@62.375C tj@62.437C soc1@60.812C VDD_IN 14531mW/16460mW VDD_CPU_GPU_CV 5894mW/7456mW VDD_SOC 3784mW/3949mW
08-11-2026 23:35:33 RAM 5644/7607MB (lfb 68x4MB) SWAP 1438/16384MB (cached 129MB) CPU [87%@1344,10%@1344,10%@1344,12%@1344,9%@729,12%@729] GR3D_FREQ 99% cpu@62.031C soc2@61.156C soc0@61.656C gpu@62.5C tj@62.5C soc1@60.875C VDD_IN 17290mW/16462mW VDD_CPU_GPU_CV 7468mW/7456mW VDD_SOC 4315mW/3950mW
08-11-2026 23:35:34 RAM 5646/7607MB (lfb 67x4MB) SWAP 1438/16384MB (cached 129MB) CPU [44%@729,14%@729,14%@729,12%@729,62%@1344,43%@1344] GR3D_FREQ 97% cpu@62.062C soc2@61C soc0@61.687C gpu@63.093C tj@63.093C soc1@60.906C VDD_IN 17133mW/16463mW VDD_CPU_GPU_CV 8407mW/7458mW VDD_SOC 3844mW/3949mW
08-11-2026 23:35:35 RAM 5646/7607MB (lfb 66x4MB) SWAP 1438/16384MB (cached 129MB) CPU [27%@1344,21%@1344,40%@1344,28%@1344,47%@729,43%@729] GR3D_FREQ 97% cpu@62.156C soc2@61.093C soc0@61.75C gpu@63.093C tj@63.093C soc1@60.781C VDD_IN 16975mW/16464mW VDD_CPU_GPU_CV 8107mW/7460mW VDD_SOC 3883mW/3949mW
08-11-2026 23:35:36 RAM 6429/7607MB (lfb 36x1MB) SWAP 1438/16384MB (cached 129MB) CPU [6%@1344,8%@1344,42%@1344,39%@1344,37%@1344,4%@1344] GR3D_FREQ 98% cpu@62.125C soc2@60.781C soc0@61.625C gpu@62.593C tj@62.593C soc1@60.843C VDD_IN 14294mW/16460mW VDD_CPU_GPU_CV 5667mW/7456mW VDD_SOC 3784mW/3949mW
08-11-2026 23:35:37 RAM 5646/7607MB (lfb 66x4MB) SWAP 1438/16384MB (cached 129MB) CPU [19%@1344,17%@1344,16%@1344,86%@1344,18%@1344,20%@1344] GR3D_FREQ 99% cpu@62.406C soc2@61.031C soc0@61.656C gpu@62.906C tj@62.906C soc1@60.781C VDD_IN 17447mW/16462mW VDD_CPU_GPU_CV 7703mW/7456mW VDD_SOC 4276mW/3950mW
08-11-2026 23:35:38 RAM 5647/7607MB (lfb 65x4MB) SWAP 1438/16384MB (cached 129MB) CPU [17%@729,19%@729,16%@729,76%@729,61%@1344,13%@1344] GR3D_FREQ 97% cpu@61.812C soc2@60.906C soc0@61.656C gpu@63.468C tj@63.468C soc1@60.843C VDD_IN 17211mW/16463mW VDD_CPU_GPU_CV 8446mW/7458mW VDD_SOC 3844mW/3949mW
08-11-2026 23:35:39 RAM 5647/7607MB (lfb 65x4MB) SWAP 1438/16384MB (cached 129MB) CPU [19%@729,21%@729,40%@729,20%@729,68%@1344,11%@1344] GR3D_FREQ 97% cpu@62.093C soc2@60.906C soc0@61.625C gpu@63.343C tj@63.343C soc1@60.875C VDD_IN 16846mW/16464mW VDD_CPU_GPU_CV 7911mW/7459mW VDD_SOC 3890mW/3949mW
08-11-2026 23:35:40 RAM 6435/7607MB (lfb 39x1MB) SWAP 1438/16384MB (cached 129MB) CPU [33%@1344,11%@1344,9%@1344,9%@1344,62%@1344,6%@1344] GR3D_FREQ 98% cpu@62.187C soc2@60.968C soc0@61.75C gpu@62.843C tj@62.843C soc1@60.781C VDD_IN 14862mW/16461mW VDD_CPU_GPU_CV 6051mW/7457mW VDD_SOC 3863mW/3949mW
08-11-2026 23:35:41 RAM 5645/7607MB (lfb 66x4MB) SWAP 1438/16384MB (cached 129MB) CPU [23%@729,30%@729,20%@729,19%@729,86%@1344,9%@1344] GR3D_FREQ 99% cpu@62.156C soc2@61.031C soc0@61.625C gpu@62.875C tj@62.875C soc1@60.718C VDD_IN 17368mW/16462mW VDD_CPU_GPU_CV 7507mW/7457mW VDD_SOC 4354mW/3950mW
08-11-2026 23:35:42 RAM 5645/7607MB (lfb 65x4MB) SWAP 1438/16384MB (cached 129MB) CPU [26%@729,20%@729,23%@729,46%@729,78%@1344,17%@1344] GR3D_FREQ 97% cpu@62C soc2@60.937C soc0@61.656C gpu@63.156C tj@63.156C soc1@60.781C VDD_IN 17408mW/16464mW VDD_CPU_GPU_CV 8602mW/7459mW VDD_SOC 3844mW/3950mW
08-11-2026 23:35:43 RAM 5644/7607MB (lfb 66x4MB) SWAP 1438/16384MB (cached 129MB) CPU [21%@729,16%@729,17%@729,57%@729,64%@1344,14%@1344] GR3D_FREQ 97% cpu@61.75C soc2@60.906C soc0@61.625C gpu@63.125C tj@63.125C soc1@60.812C VDD_IN 16975mW/16465mW VDD_CPU_GPU_CV 8133mW/7460mW VDD_SOC 3890mW/3950mW
08-11-2026 23:35:44 RAM 6468/7607MB (lfb 36x1MB) SWAP 1438/16384MB (cached 129MB) CPU [19%@1344,15%@1344,14%@1344,17%@1344,68%@1344,38%@1344] GR3D_FREQ 97% cpu@62.656C soc2@61C soc0@61.625C gpu@62.781C tj@62.781C soc1@60.875C VDD_IN 15611mW/16464mW VDD_CPU_GPU_CV 6826mW/7459mW VDD_SOC 3896mW/3950mW
08-11-2026 23:35:45 RAM 5812/7607MB (lfb 54x4MB) SWAP 1438/16384MB (cached 129MB) CPU [12%@729,6%@729,14%@729,10%@729,73%@729,8%@729] GR3D_FREQ 32% cpu@62.218C soc2@60.906C soc0@61.718C gpu@62.406C tj@62.406C soc1@60.812C VDD_IN 17093mW/16465mW VDD_CPU_GPU_CV 7206mW/7459mW VDD_SOC 4276mW/3950mW
08-11-2026 23:35:46 RAM 5643/7607MB (lfb 65x4MB) SWAP 1438/16384MB (cached 129MB) CPU [31%@729,23%@729,39%@729,25%@729,80%@729,11%@729] GR3D_FREQ 99% cpu@61.781C soc2@60.906C soc0@61.625C gpu@63.125C tj@63.125C soc1@60.718C VDD_IN 17486mW/16467mW VDD_CPU_GPU_CV 8641mW/7461mW VDD_SOC 3883mW/3950mW
08-11-2026 23:35:47 RAM 5638/7607MB (lfb 65x4MB) SWAP 1438/16384MB (cached 129MB) CPU [23%@729,18%@729,50%@729,23%@729,76%@1344,17%@1344] GR3D_FREQ 98% cpu@62.031C soc2@60.906C soc0@61.718C gpu@63C tj@63C soc1@60.812C VDD_IN 17133mW/16468mW VDD_CPU_GPU_CV 8250mW/7462mW VDD_SOC 3883mW/3950mW
08-11-2026 23:35:48 RAM 6412/7607MB (lfb 33x1MB) SWAP 1438/16384MB (cached 129MB) CPU [21%@1344,20%@1344,40%@1344,23%@1344,60%@1344,22%@1344] GR3D_FREQ 97% cpu@62.093C soc2@61.062C soc0@61.625C gpu@62.843C tj@62.843C soc1@60.875C VDD_IN 16216mW/16468mW VDD_CPU_GPU_CV 7336mW/7462mW VDD_SOC 3890mW/3950mW
08-11-2026 23:35:49 RAM 6102/7607MB (lfb 4x4MB) SWAP 1438/16384MB (cached 129MB) CPU [6%@1344,54%@1344,27%@1344,4%@1344,29%@1344,2%@1344] GR3D_FREQ 17% cpu@62.343C soc2@60.906C soc0@61.812C gpu@61.937C tj@61.968C soc1@60.843C VDD_IN 16176mW/16467mW VDD_CPU_GPU_CV 6630mW/7461mW VDD_SOC 4165mW/3950mW
08-11-2026 23:35:50 RAM 5638/7607MB (lfb 67x4MB) SWAP 1438/16384MB (cached 129MB) CPU [16%@729,15%@729,37%@729,21%@729,84%@729,15%@729] GR3D_FREQ 99% cpu@62.25C soc2@61.125C soc0@61.812C gpu@62.906C tj@62.906C soc1@60.781C VDD_IN 17565mW/16469mW VDD_CPU_GPU_CV 8250mW/7462mW VDD_SOC 4119mW/3951mW
08-11-2026 23:35:51 RAM 5643/7607MB (lfb 67x4MB) SWAP 1438/16384MB (cached 129MB) CPU [25%@1267,23%@1267,21%@1267,62%@1267,55%@1344,17%@1344] GR3D_FREQ 98% cpu@61.968C soc2@60.968C soc0@61.656C gpu@63.125C tj@63.125C soc1@60.718C VDD_IN 17290mW/16471mW VDD_CPU_GPU_CV 8407mW/7464mW VDD_SOC 3883mW/3950mW
08-11-2026 23:35:52 RAM 5646/7607MB (lfb 68x4MB) SWAP 1438/16384MB (cached 129MB) CPU [26%@729,33%@729,22%@729,18%@729,79%@1344,31%@1344] GR3D_FREQ 97% cpu@62.156C soc2@60.906C soc0@61.625C gpu@63.25C tj@63.25C soc1@60.812C VDD_IN 16491mW/16471mW VDD_CPU_GPU_CV 7598mW/7464mW VDD_SOC 3929mW/3950mW
08-11-2026 23:35:53 RAM 6299/7607MB (lfb 32x1MB) SWAP 1438/16384MB (cached 129MB) CPU [10%@729,2%@729,7%@729,4%@729,31%@1344,57%@1344] GR3D_FREQ 17% cpu@62.218C soc2@60.843C soc0@61.718C gpu@62.031C tj@62.218C soc1@60.843C VDD_IN 15335mW/16469mW VDD_CPU_GPU_CV 6002mW/7461mW VDD_SOC 4054mW/3951mW
08-11-2026 23:35:54 RAM 5644/7607MB (lfb 67x4MB) SWAP 1438/16384MB (cached 129MB) CPU [16%@1344,17%@1344,21%@1344,17%@1344,26%@1036,79%@1036] GR3D_FREQ 99% cpu@61.968C soc2@61C soc0@61.656C gpu@63.218C tj@63.218C soc1@60.687C VDD_IN 17368mW/16470mW VDD_CPU_GPU_CV 8016mW/7462mW VDD_SOC 4158mW/3951mW
08-11-2026 23:35:55 RAM 5644/7607MB (lfb 67x4MB) SWAP 1438/16384MB (cached 129MB) CPU [15%@1344,13%@1344,15%@1344,62%@1344,39%@729,29%@729] GR3D_FREQ 97% cpu@61.937C soc2@60.968C soc0@61.687C gpu@63.281C tj@63.281C soc1@60.75C VDD_IN 17093mW/16472mW VDD_CPU_GPU_CV 8250mW/7464mW VDD_SOC 3883mW/3951mW
08-11-2026 23:35:56 RAM 5646/7607MB (lfb 68x4MB) SWAP 1438/16384MB (cached 129MB) CPU [42%@729,17%@729,15%@729,44%@729,13%@1344,30%@1344] GR3D_FREQ 97% cpu@62.25C soc2@60.812C soc0@61.656C gpu@62.875C tj@62.875C soc1@60.812C VDD_IN 16295mW/16471mW VDD_CPU_GPU_CV 7481mW/7464mW VDD_SOC 3890mW/3951mW
08-11-2026 23:35:57 RAM 6367/7607MB (lfb 30x1MB) SWAP 1438/16384MB (cached 129MB) CPU [15%@1344,39%@1344,9%@1344,5%@1344,23%@1344,47%@1344] GR3D_FREQ 4% cpu@62.031C soc2@60.75C soc0@61.625C gpu@61.656C tj@62.031C soc1@60.812C VDD_IN 14610mW/16468mW VDD_CPU_GPU_CV 5580mW/7460mW VDD_SOC 3902mW/3951mW
08-11-2026 23:35:58 RAM 5648/7607MB (lfb 67x4MB) SWAP 1438/16384MB (cached 129MB) CPU [20%@729,29%@729,35%@729,22%@729,67%@1344,27%@1344] GR3D_FREQ 99% cpu@61.906C soc2@61C soc0@61.656C gpu@63.062C tj@63.062C soc1@60.875C VDD_IN 17290mW/16469mW VDD_CPU_GPU_CV 8016mW/7461mW VDD_SOC 4119mW/3951mW
08-11-2026 23:35:59 RAM 5643/7607MB (lfb 63x4MB) SWAP 1438/16384MB (cached 129MB) CPU [15%@1344,16%@1344,16%@1344,64%@1344,43%@729,31%@729] GR3D_FREQ 99% cpu@61.906C soc2@60.968C soc0@61.75C gpu@63.062C tj@63.062C soc1@60.718C VDD_IN 17211mW/16471mW VDD_CPU_GPU_CV 8329mW/7463mW VDD_SOC 3883mW/3951mW
08-11-2026 23:36:00 RAM 5641/7607MB (lfb 64x4MB) SWAP 1438/16384MB (cached 129MB) CPU [20%@1344,15%@1344,16%@1344,74%@1344,44%@729,11%@729] GR3D_FREQ 97% cpu@62.093C soc2@60.937C soc0@61.562C gpu@62.906C tj@62.906C soc1@60.75C VDD_IN 16216mW/16470mW VDD_CPU_GPU_CV 7481mW/7463mW VDD_SOC 3811mW/3951mW
08-11-2026 23:36:01 RAM 6333/7607MB (lfb 33x1MB) SWAP 1438/16384MB (cached 129MB) CPU [2%@1344,1%@1344,3%@1344,73%@1344,21%@1344,0%@1344] GR3D_FREQ 4% cpu@61.875C soc2@60.718C soc0@61.562C gpu@61.718C tj@61.875C soc1@60.718C VDD_IN 14689mW/16467mW VDD_CPU_GPU_CV 5619mW/7460mW VDD_SOC 3942mW/3951mW
08-11-2026 23:36:02 RAM 5646/7607MB (lfb 63x4MB) SWAP 1438/16384MB (cached 129MB) CPU [26%@1190,17%@1190,20%@1190,86%@1190,24%@883,19%@883] GR3D_FREQ 99% cpu@62.5C soc2@61.062C soc0@61.625C gpu@63.125C tj@63.125C soc1@60.75C VDD_IN 17408mW/16469mW VDD_CPU_GPU_CV 8094mW/7461mW VDD_SOC 4158mW/3951mW
08-11-2026 23:36:03 RAM 5647/7607MB (lfb 64x4MB) SWAP 1438/16384MB (cached 129MB) CPU [28%@1344,22%@1344,22%@1344,90%@1344,50%@729,22%@729] GR3D_FREQ 97% cpu@61.906C soc2@60.968C soc0@61.593C gpu@63.5C tj@63.5C soc1@60.875C VDD_IN 17250mW/16470mW VDD_CPU_GPU_CV 8485mW/7463mW VDD_SOC 3844mW/3951mW
08-11-2026 23:36:04 RAM 5647/7607MB (lfb 64x4MB) SWAP 1438/16384MB (cached 129MB) CPU [15%@1344,17%@1344,55%@1344,31%@1344,53%@729,14%@729] GR3D_FREQ 97% cpu@62.125C soc2@60.937C soc0@61.687C gpu@63.281C tj@63.281C soc1@60.687C VDD_IN 16570mW/16470mW VDD_CPU_GPU_CV 7676mW/7463mW VDD_SOC 3890mW/3951mW
08-11-2026 23:36:05 RAM 6385/7607MB (lfb 34x1MB) SWAP 1438/16384MB (cached 129MB) CPU [5%@729,22%@729,46%@729,1%@729,37%@1344,5%@1344] GR3D_FREQ 6% cpu@61.781C soc2@60.718C soc0@61.593C gpu@61.968C tj@61.968C soc1@60.75C VDD_IN 14689mW/16467mW VDD_CPU_GPU_CV 5619mW/7460mW VDD_SOC 3942mW/3951mW
08-11-2026 23:36:06 RAM 5644/7607MB (lfb 63x4MB) SWAP 1438/16384MB (cached 129MB) CPU [18%@729,18%@729,37%@729,16%@729,66%@1344,21%@1344] GR3D_FREQ 99% cpu@62.187C soc2@60.906C soc0@61.656C gpu@63.343C tj@63.343C soc1@60.75C VDD_IN 17290mW/16468mW VDD_CPU_GPU_CV 7938mW/7461mW VDD_SOC 4158mW/3951mW
08-11-2026 23:36:07 RAM 5645/7607MB (lfb 63x4MB) SWAP 1438/16384MB (cached 129MB) CPU [48%@729,22%@729,19%@729,23%@729,83%@1344,19%@1344] GR3D_FREQ 99% cpu@61.968C soc2@60.906C soc0@61.625C gpu@63.406C tj@63.406C soc1@60.812C VDD_IN 17250mW/16470mW VDD_CPU_GPU_CV 8407mW/7462mW VDD_SOC 3844mW/3951mW
08-11-2026 23:36:08 RAM 5647/7607MB (lfb 63x4MB) SWAP 1438/16384MB (cached 129MB) CPU [60%@1344,19%@1344,47%@1344,28%@1344,40%@729,39%@729] GR3D_FREQ 97% cpu@62.156C soc2@61.062C soc0@61.656C gpu@62.937C tj@62.937C soc1@60.875C VDD_IN 16975mW/16471mW VDD_CPU_GPU_CV 8068mW/7463mW VDD_SOC 3883mW/3951mW
08-11-2026 23:36:09 RAM 6385/7607MB (lfb 32x1MB) SWAP 1438/16384MB (cached 129MB) CPU [66%@1344,2%@1344,3%@1344,6%@1344,4%@1344,30%@1344] GR3D_FREQ 4% cpu@61.687C soc2@60.75C soc0@61.781C gpu@61.468C tj@61.781C soc1@60.687C VDD_IN 14097mW/16466mW VDD_CPU_GPU_CV 5313mW/7459mW VDD_SOC 3824mW/3950mW
08-11-2026 23:36:10 RAM 5642/7607MB (lfb 64x4MB) SWAP 1438/16384MB (cached 129MB) CPU [25%@960,14%@960,29%@960,15%@960,15%@1344,84%@1344] GR3D_FREQ 99% cpu@62.156C soc2@60.937C soc0@61.625C gpu@63.031C tj@63.031C soc1@60.75C VDD_IN 17290mW/16468mW VDD_CPU_GPU_CV 7977mW/7460mW VDD_SOC 4119mW/3951mW
08-11-2026 23:36:11 RAM 5644/7607MB (lfb 64x4MB) SWAP 1438/16384MB (cached 129MB) CPU [14%@729,14%@729,58%@729,16%@729,15%@1344,94%@1344] GR3D_FREQ 98% cpu@62.125C soc2@60.875C soc0@61.562C gpu@63.218C tj@63.218C soc1@60.781C VDD_IN 17211mW/16469mW VDD_CPU_GPU_CV 8407mW/7462mW VDD_SOC 3844mW/3951mW
08-11-2026 23:36:12 RAM 5645/7607MB (lfb 64x4MB) SWAP 1438/16384MB (cached 129MB) CPU [19%@729,15%@729,15%@729,56%@729,15%@1344,65%@1344] GR3D_FREQ 97% cpu@61.968C soc2@60.875C soc0@61.625C gpu@63.125C tj@63.125C soc1@60.75C VDD_IN 16767mW/16470mW VDD_CPU_GPU_CV 7872mW/7463mW VDD_SOC 3890mW/3950mW
08-11-2026 23:36:13 RAM 6427/7607MB (lfb 36x1MB) SWAP 1438/16384MB (cached 129MB) CPU [9%@1344,10%@1344,47%@1344,15%@1344,19%@1344,65%@1344] GR3D_FREQ 98% cpu@62.312C soc2@60.875C soc0@61.656C gpu@62.531C tj@62.531C soc1@60.937C VDD_IN 15020mW/16467mW VDD_CPU_GPU_CV 6130mW/7460mW VDD_SOC 3896mW/3950mW
08-11-2026 23:36:14 RAM 5641/7607MB (lfb 65x4MB) SWAP 1438/16384MB (cached 129MB) CPU [14%@1344,12%@1344,29%@1344,10%@1344,29%@1344,70%@1344] GR3D_FREQ 99% cpu@62.062C soc2@61.093C soc0@61.75C gpu@62.687C tj@62.687C soc1@60.593C VDD_IN 17408mW/16469mW VDD_CPU_GPU_CV 7625mW/7461mW VDD_SOC 4315mW/3951mW
08-11-2026 23:36:15 RAM 5644/7607MB (lfb 66x4MB) SWAP 1438/16384MB (cached 129MB) CPU [21%@729,21%@729,50%@729,19%@729,93%@1344,20%@1344] GR3D_FREQ 97% cpu@61.781C soc2@60.843C soc0@61.593C gpu@63C tj@63C soc1@60.75C VDD_IN 17329mW/16471mW VDD_CPU_GPU_CV 8524mW/7463mW VDD_SOC 3844mW/3951mW
08-11-2026 23:36:16 RAM 5638/7607MB (lfb 67x4MB) SWAP 1438/16384MB (cached 129MB) CPU [16%@1344,51%@1344,16%@1344,39%@1344,49%@729,19%@729] GR3D_FREQ 97% cpu@62C soc2@60.906C soc0@61.593C gpu@63.062C tj@63.062C soc1@60.718C VDD_IN 16897mW/16471mW VDD_CPU_GPU_CV 8029mW/7464mW VDD_SOC 3890mW/3951mW
08-11-2026 23:36:17 RAM 6438/7607MB (lfb 35x1MB) SWAP 1438/16384MB (cached 129MB) CPU [13%@1344,9%@1344,11%@1344,68%@1344,7%@1344,41%@1344] GR3D_FREQ 98% cpu@62.187C soc2@60.875C soc0@61.625C gpu@62.437C tj@62.437C soc1@60.781C VDD_IN 15257mW/16469mW VDD_CPU_GPU_CV 6444mW/7462mW VDD_SOC 3896mW/3951mW
08-11-2026 23:36:18 RAM 5653/7607MB (lfb 66x4MB) SWAP 1438/16384MB (cached 129MB) CPU [16%@1344,12%@1344,15%@1344,85%@1344,12%@729,17%@729] GR3D_FREQ 99% cpu@62.406C soc2@61.031C soc0@61.718C gpu@62.656C tj@62.656C soc1@60.843C VDD_IN 17486mW/16471mW VDD_CPU_GPU_CV 7507mW/7462mW VDD_SOC 4354mW/3951mW
08-11-2026 23:36:19 RAM 5641/7607MB (lfb 65x4MB) SWAP 1438/16384MB (cached 129MB) CPU [23%@729,29%@729,23%@729,60%@729,49%@1344,46%@1344] GR3D_FREQ 97% cpu@61.656C soc2@60.906C soc0@61.75C gpu@63.093C tj@63.093C soc1@60.75C VDD_IN 17290mW/16473mW VDD_CPU_GPU_CV 8524mW/7464mW VDD_SOC 3844mW/3951mW
08-11-2026 23:36:20 RAM 5636/7607MB (lfb 67x4MB) SWAP 1438/16384MB (cached 129MB) CPU [25%@729,22%@729,28%@729,15%@729,61%@1344,40%@1344] GR3D_FREQ 97% cpu@61.843C soc2@60.906C soc0@61.625C gpu@63.25C tj@63.25C soc1@60.718C VDD_IN 16975mW/16473mW VDD_CPU_GPU_CV 8107mW/7465mW VDD_SOC 3883mW/3951mW
08-11-2026 23:36:21 RAM 6443/7607MB (lfb 34x1MB) SWAP 1438/16384MB (cached 129MB) CPU [11%@1344,10%@1344,16%@1344,10%@1344,64%@1344,33%@1344] GR3D_FREQ 98% cpu@62.5C soc2@60.843C soc0@61.593C gpu@62.843C tj@62.843C soc1@60.812C VDD_IN 15257mW/16471mW VDD_CPU_GPU_CV 6483mW/7463mW VDD_SOC 3896mW/3951mW
08-11-2026 23:36:22 RAM 5709/7607MB (lfb 67x4MB) SWAP 1438/16384MB (cached 129MB) CPU [16%@729,84%@729,9%@729,10%@729,12%@1344,14%@1344] GR3D_FREQ 98% cpu@62C soc2@61.062C soc0@61.593C gpu@63.156C tj@63.156C soc1@60.843C VDD_IN 17565mW/16473mW VDD_CPU_GPU_CV 7586mW/7464mW VDD_SOC 4354mW/3952mW
08-11-2026 23:36:23 RAM 5636/7607MB (lfb 67x4MB) SWAP 1438/16384MB (cached 129MB) CPU [19%@1344,95%@1344,20%@1344,23%@1344,43%@729,16%@729] GR3D_FREQ 98% cpu@61.968C soc2@60.968C soc0@61.625C gpu@63.343C tj@63.343C soc1@60.843C VDD_IN 17368mW/16475mW VDD_CPU_GPU_CV 8602mW/7466mW VDD_SOC 3844mW/3951mW
08-11-2026 23:36:24 RAM 5640/7607MB (lfb 66x4MB) SWAP 1438/16384MB (cached 129MB) CPU [24%@729,51%@729,30%@729,25%@729,63%@1344,18%@1344] GR3D_FREQ 98% cpu@61.718C soc2@60.937C soc0@61.687C gpu@63.343C tj@63.343C soc1@60.718C VDD_IN 17133mW/16476mW VDD_CPU_GPU_CV 8303mW/7467mW VDD_SOC 3883mW/3951mW
08-11-2026 23:36:25 RAM 6452/7607MB (lfb 31x1MB) SWAP 1438/16384MB (cached 129MB) CPU [14%@1344,14%@1344,11%@1344,39%@1344,67%@1344,10%@1344] GR3D_FREQ 97% cpu@62.343C soc2@60.812C soc0@61.531C gpu@62.625C tj@62.625C soc1@60.75C VDD_IN 15493mW/16474mW VDD_CPU_GPU_CV 6669mW/7466mW VDD_SOC 3896mW/3951mW
08-11-2026 23:36:26 RAM 5758/7607MB (lfb 68x4MB) SWAP 1438/16384MB (cached 129MB) CPU [10%@729,7%@729,8%@729,18%@729,86%@1036,4%@1036] GR3D_FREQ 98% cpu@62.312C soc2@60.875C soc0@61.625C gpu@62.718C tj@62.718C soc1@60.75C VDD_IN 17408mW/16476mW VDD_CPU_GPU_CV 7507mW/7466mW VDD_SOC 4354mW/3952mW
08-11-2026 23:36:27 RAM 5638/7607MB (lfb 66x4MB) SWAP 1438/16384MB (cached 129MB) CPU [36%@729,17%@729,19%@729,15%@729,24%@1344,89%@1344] GR3D_FREQ 97% cpu@61.625C soc2@60.843C soc0@61.625C gpu@63C tj@63C soc1@60.812C VDD_IN 17290mW/16477mW VDD_CPU_GPU_CV 8485mW/7468mW VDD_SOC 3844mW/3952mW
08-11-2026 23:36:28 RAM 5639/7607MB (lfb 66x4MB) SWAP 1438/16384MB (cached 129MB) CPU [53%@729,21%@729,16%@729,17%@729,18%@1344,65%@1344] GR3D_FREQ 97% cpu@61.781C soc2@60.937C soc0@61.625C gpu@63.031C tj@63.031C soc1@60.718C VDD_IN 16936mW/16478mW VDD_CPU_GPU_CV 8068mW/7469mW VDD_SOC 3851mW/3952mW
08-11-2026 23:36:29 RAM 6461/7607MB (lfb 33x1MB) SWAP 1438/16384MB (cached 129MB) CPU [14%@1267,15%@1267,40%@1267,17%@1267,11%@1344,68%@1344] GR3D_FREQ 97% cpu@62.218C soc2@60.718C soc0@61.75C gpu@62.687C tj@62.687C soc1@60.75C VDD_IN 15533mW/16477mW VDD_CPU_GPU_CV 6747mW/7467mW VDD_SOC 3857mW/3951mW
08-11-2026 23:36:30 RAM 5809/7607MB (lfb 55x4MB) SWAP 1438/16384MB (cached 129MB) CPU [36%@1344,15%@1344,12%@1344,20%@1344,5%@729,82%@729] GR3D_FREQ 98% cpu@62.156C soc2@60.875C soc0@61.625C gpu@62.781C tj@62.781C soc1@60.781C VDD_IN 17408mW/16478mW VDD_CPU_GPU_CV 7468mW/7467mW VDD_SOC 4354mW/3952mW
08-11-2026 23:36:31 RAM 5639/7607MB (lfb 67x4MB) SWAP 1438/16384MB (cached 129MB) CPU [34%@729,19%@729,16%@729,15%@729,17%@729,79%@729] GR3D_FREQ 99% cpu@61.937C soc2@60.937C soc0@61.562C gpu@63.562C tj@63.562C soc1@60.812C VDD_IN 17408mW/16480mW VDD_CPU_GPU_CV 8602mW/7469mW VDD_SOC 3883mW/3952mW
08-11-2026 23:36:32 RAM 5641/7607MB (lfb 67x4MB) SWAP 1438/16384MB (cached 129MB) CPU [56%@729,21%@729,17%@1344,22%@1344,21%@1344,73%@1344] GR3D_FREQ 98% cpu@61.812C soc2@60.843C soc0@61.593C gpu@62.937C tj@62.937C soc1@60.843C VDD_IN 17093mW/16481mW VDD_CPU_GPU_CV 8211mW/7471mW VDD_SOC 3883mW/3952mW
08-11-2026 23:36:33 RAM 6470/7607MB (lfb 1x2MB) SWAP 1438/16384MB (cached 129MB) CPU [38%@1344,38%@1344,18%@1344,15%@1344,18%@1344,43%@1344] GR3D_FREQ 97% cpu@61.937C soc2@61.062C soc0@61.625C gpu@62.718C tj@62.718C soc1@60.718C VDD_IN 16019mW/16480mW VDD_CPU_GPU_CV 7140mW/7470mW VDD_SOC 3929mW/3952mW
08-11-2026 23:36:34 RAM 5989/7607MB (lfb 30x4MB) SWAP 1438/16384MB (cached 129MB) CPU [63%@1344,3%@1344,14%@1344,1%@1344,21%@1344,4%@1344] GR3D_FREQ 16% cpu@62.343C soc2@60.812C soc0@61.812C gpu@61.875C tj@62.343C soc1@60.718C VDD_IN 16295mW/16480mW VDD_CPU_GPU_CV 6658mW/7469mW VDD_SOC 4204mW/3952mW
08-11-2026 23:36:35 RAM 5647/7607MB (lfb 67x4MB) SWAP 1438/16384MB (cached 129MB) CPU [18%@729,18%@729,36%@729,28%@729,78%@1344,16%@1344] GR3D_FREQ 99% cpu@62.062C soc2@61C soc0@61.625C gpu@62.937C tj@62.937C soc1@60.781C VDD_IN 17722mW/16482mW VDD_CPU_GPU_CV 8329mW/7470mW VDD_SOC 4158mW/3953mW
08-11-2026 23:36:36 RAM 5646/7607MB (lfb 66x4MB) SWAP 1438/16384MB (cached 129MB) CPU [38%@1344,15%@1344,45%@1344,54%@1344,28%@729,18%@729] GR3D_FREQ 98% cpu@62.125C soc2@60.968C soc0@61.625C gpu@63.187C tj@63.187C soc1@60.812C VDD_IN 17133mW/16483mW VDD_CPU_GPU_CV 8290mW/7472mW VDD_SOC 3883mW/3953mW
08-11-2026 23:36:37 RAM 5644/7607MB (lfb 68x4MB) SWAP 1439/16384MB (cached 129MB) CPU [14%@1344,15%@1344,23%@1344,62%@1344,41%@729,26%@729] GR3D_FREQ 97% cpu@62.156C soc2@60.875C soc0@61.625C gpu@63.031C tj@63.031C soc1@60.812C VDD_IN 16216mW/16483mW VDD_CPU_GPU_CV 7375mW/7472mW VDD_SOC 3890mW/3952mW
08-11-2026 23:36:38 RAM 6141/7607MB (lfb 1x2MB) SWAP 1439/16384MB (cached 129MB) CPU [5%@729,2%@729,13%@729,77%@729,3%@1344,2%@1344] GR3D_FREQ 15% cpu@61.718C soc2@60.937C soc0@61.656C gpu@62C tj@62C soc1@60.718C VDD_IN 15769mW/16482mW VDD_CPU_GPU_CV 6316mW/7470mW VDD_SOC 4132mW/3953mW
08-11-2026 23:36:39 RAM 5644/7607MB (lfb 67x4MB) SWAP 1439/16384MB (cached 129MB) CPU [18%@729,16%@729,16%@729,89%@729,34%@729,21%@729] GR3D_FREQ 99% cpu@62.125C soc2@60.906C soc0@61.593C gpu@62.937C tj@62.937C soc1@60.687C VDD_IN 17486mW/16483mW VDD_CPU_GPU_CV 8290mW/7471mW VDD_SOC 4080mW/3953mW
08-11-2026 23:36:40 RAM 5642/7607MB (lfb 66x4MB) SWAP 1439/16384MB (cached 129MB) CPU [16%@1344,19%@1344,24%@1344,83%@1344,46%@729,20%@729] GR3D_FREQ 99% cpu@62.312C soc2@60.843C soc0@61.531C gpu@63.156C tj@63.156C soc1@60.656C VDD_IN 16767mW/16484mW VDD_CPU_GPU_CV 7990mW/7472mW VDD_SOC 3851mW/3953mW
08-11-2026 23:36:41 RAM 6475/7607MB (lfb 31x1MB) SWAP 1439/16384MB (cached 129MB) CPU [19%@1344,17%@1344,24%@1344,61%@1344,45%@1344,21%@1344] GR3D_FREQ 99% cpu@62.531C soc2@60.968C soc0@61.625C gpu@62.656C tj@62.656C soc1@60.812C VDD_IN 15862mW/16483mW VDD_CPU_GPU_CV 7061mW/7471mW VDD_SOC 3896mW/3953mW
08-11-2026 23:36:42 RAM 5948/7607MB (lfb 28x4MB) SWAP 1439/16384MB (cached 129MB) CPU [8%@1344,5%@1344,4%@1344,86%@1344,4%@729,5%@729] GR3D_FREQ 17% cpu@62.062C soc2@60.937C soc0@61.593C gpu@62.031C tj@62.062C soc1@60.843C VDD_IN 16728mW/16483mW VDD_CPU_GPU_CV 6971mW/7470mW VDD_SOC 4243mW/3953mW
08-11-2026 23:36:43 RAM 5645/7607MB (lfb 65x4MB) SWAP 1439/16384MB (cached 129MB) CPU [19%@729,23%@729,21%@729,34%@729,76%@729,13%@729] GR3D_FREQ 99% cpu@62.062C soc2@61C soc0@61.718C gpu@62.812C tj@62.812C soc1@60.625C VDD_IN 17604mW/16485mW VDD_CPU_GPU_CV 8368mW/7472mW VDD_SOC 4119mW/3953mW
08-11-2026 23:36:44 RAM 5645/7607MB (lfb 63x4MB) SWAP 1439/16384MB (cached 129MB) CPU [49%@1344,34%@1344,12%@1344,16%@1344,43%@729,21%@729] GR3D_FREQ 97% cpu@62C soc2@60.875C soc0@61.531C gpu@63.031C tj@63.031C soc1@60.718C VDD_IN 16936mW/16486mW VDD_CPU_GPU_CV 8133mW/7473mW VDD_SOC 3890mW/3953mW
08-11-2026 23:36:45 RAM 6474/7607MB (lfb 31x1MB) SWAP 1439/16384MB (cached 129MB) CPU [46%@1344,20%@1344,44%@1344,17%@1344,51%@1344,13%@1344] GR3D_FREQ 98% cpu@62.187C soc2@60.906C soc0@61.562C gpu@62.718C tj@62.718C soc1@60.781C VDD_IN 15730mW/16485mW VDD_CPU_GPU_CV 7022mW/7472mW VDD_SOC 3817mW/3953mW
08-11-2026 23:36:46 RAM 5954/7607MB (lfb 29x4MB) SWAP 1439/16384MB (cached 129MB) CPU [6%@1190,17%@1190,6%@1190,21%@1190,78%@1344,5%@1344] GR3D_FREQ 15% cpu@62.156C soc2@60.812C soc0@61.656C gpu@62C tj@62.156C soc1@60.781C VDD_IN 16491mW/16485mW VDD_CPU_GPU_CV 6854mW/7471mW VDD_SOC 4204mW/3954mW
08-11-2026 23:36:47 RAM 5645/7607MB (lfb 63x4MB) SWAP 1439/16384MB (cached 129MB) CPU [21%@1344,18%@1344,18%@1344,31%@1344,80%@1344,14%@1344] GR3D_FREQ 99% cpu@62.062C soc2@61.031C soc0@61.656C gpu@63.125C tj@63.125C soc1@60.625C VDD_IN 17643mW/16487mW VDD_CPU_GPU_CV 8290mW/7473mW VDD_SOC 4158mW/3954mW
08-11-2026 23:36:48 RAM 5641/7607MB (lfb 63x4MB) SWAP 1439/16384MB (cached 129MB) CPU [10%@1344,16%@1344,23%@1344,75%@1344,30%@729,23%@729] GR3D_FREQ 98% cpu@61.937C soc2@60.906C soc0@61.625C gpu@63.281C tj@63.281C soc1@60.593C VDD_IN 16975mW/16488mW VDD_CPU_GPU_CV 8172mW/7474mW VDD_SOC 3890mW/3954mW
08-11-2026 23:36:49 RAM 6478/7607MB (lfb 1x2MB) SWAP 1439/16384MB (cached 129MB) CPU [23%@1344,17%@1344,19%@1344,43%@1344,42%@1344,40%@1344] GR3D_FREQ 97% cpu@62.062C soc2@60.75C soc0@61.562C gpu@62.968C tj@62.968C soc1@60.656C VDD_IN 16373mW/16487mW VDD_CPU_GPU_CV 7454mW/7474mW VDD_SOC 3890mW/3954mW
08-11-2026 23:36:50 RAM 6182/7607MB (lfb 32x1MB) SWAP 1439/16384MB (cached 129MB) CPU [9%@1344,5%@1344,2%@1344,3%@1344,74%@1344,17%@1344] GR3D_FREQ 17% cpu@62.218C soc2@60.75C soc0@61.656C gpu@62.187C tj@62.218C soc1@60.687C VDD_IN 15690mW/16486mW VDD_CPU_GPU_CV 6237mW/7472mW VDD_SOC 4093mW/3954mW
08-11-2026 23:36:51 RAM 5649/7607MB (lfb 64x4MB) SWAP 1439/16384MB (cached 129MB) CPU [25%@729,18%@729,31%@729,21%@729,74%@1344,22%@1344] GR3D_FREQ 91% cpu@62.062C soc2@61.093C soc0@61.625C gpu@63.25C tj@63.25C soc1@60.843C VDD_IN 17565mW/16488mW VDD_CPU_GPU_CV 8211mW/7473mW VDD_SOC 4158mW/3954mW
08-11-2026 23:36:52 RAM 5641/7607MB (lfb 65x4MB) SWAP 1439/16384MB (cached 129MB) CPU [14%@729,60%@729,13%@729,15%@729,90%@1344,12%@1344] GR3D_FREQ 97% cpu@61.625C soc2@60.937C soc0@61.656C gpu@63.062C tj@63.062C soc1@60.593C VDD_IN 17015mW/16489mW VDD_CPU_GPU_CV 8211mW/7474mW VDD_SOC 3844mW/3954mW
08-11-2026 23:36:53 RAM 5641/7607MB (lfb 66x4MB) SWAP 1439/16384MB (cached 129MB) CPU [16%@729,19%@729,21%@729,21%@729,86%@1344,23%@1344] GR3D_FREQ 98% cpu@62C soc2@60.75C soc0@61.687C gpu@62.875C tj@62.875C soc1@60.656C VDD_IN 16570mW/16489mW VDD_CPU_GPU_CV 7637mW/7474mW VDD_SOC 3890mW/3954mW
08-11-2026 23:36:54 RAM 6282/7607MB (lfb 1x4MB) SWAP 1439/16384MB (cached 129MB) CPU [20%@1344,2%@1344,2%@1344,6%@1344,71%@1344,3%@1344] GR3D_FREQ 19% cpu@62.093C soc2@60.781C soc0@61.593C gpu@61.843C tj@62.093C soc1@60.718C VDD_IN 15296mW/16487mW VDD_CPU_GPU_CV 5972mW/7472mW VDD_SOC 4054mW/3954mW
08-11-2026 23:36:55 RAM 5643/7607MB (lfb 64x4MB) SWAP 1439/16384MB (cached 129MB) CPU [31%@1344,16%@1344,20%@1344,13%@1344,78%@1344,15%@1344] GR3D_FREQ 99% cpu@62.156C soc2@60.906C soc0@61.625C gpu@63C tj@63C soc1@60.781C VDD_IN 17329mW/16488mW VDD_CPU_GPU_CV 7977mW/7473mW VDD_SOC 4119mW/3954mW
08-11-2026 23:36:56 RAM 5640/7607MB (lfb 65x4MB) SWAP 1439/16384MB (cached 129MB) CPU [21%@729,22%@729,20%@729,19%@729,100%@1344,22%@1344] GR3D_FREQ 97% cpu@61.75C soc2@60.968C soc0@61.625C gpu@63.062C tj@63.062C soc1@60.812C VDD_IN 17250mW/16490mW VDD_CPU_GPU_CV 8368mW/7474mW VDD_SOC 3883mW/3954mW
08-11-2026 23:36:57 RAM 5645/7607MB (lfb 65x4MB) SWAP 1439/16384MB (cached 129MB) CPU [29%@729,35%@729,21%@729,48%@729,66%@1344,12%@1344] GR3D_FREQ 97% cpu@61.625C soc2@60.906C soc0@61.656C gpu@62.843C tj@62.843C soc1@60.687C VDD_IN 16609mW/16490mW VDD_CPU_GPU_CV 7716mW/7475mW VDD_SOC 3890mW/3954mW
08-11-2026 23:36:58 RAM 6329/7607MB (lfb 31x1MB) SWAP 1439/16384MB (cached 129MB) CPU [4%@1344,31%@1344,4%@1344,2%@1344,78%@1344,0%@1344] GR3D_FREQ 4% cpu@61.625C soc2@60.687C soc0@61.656C gpu@61.625C tj@61.656C soc1@60.656C VDD_IN 14808mW/16487mW VDD_CPU_GPU_CV 5697mW/7472mW VDD_SOC 3942mW/3954mW
08-11-2026 23:36:59 RAM 5639/7607MB (lfb 65x4MB) SWAP 1439/16384MB (cached 129MB) CPU [16%@729,27%@729,25%@729,18%@729,22%@1036,78%@1036] GR3D_FREQ 99% cpu@62.062C soc2@60.75C soc0@61.468C gpu@62.875C tj@62.875C soc1@60.75C VDD_IN 17329mW/16488mW VDD_CPU_GPU_CV 8016mW/7473mW VDD_SOC 4158mW/3955mW
08-11-2026 23:37:00 RAM 5637/7607MB (lfb 63x4MB) SWAP 1439/16384MB (cached 129MB) CPU [18%@729,30%@729,10%@729,18%@729,76%@1344,28%@1344] GR3D_FREQ 98% cpu@62.187C soc2@60.812C soc0@61.468C gpu@62.906C tj@62.906C soc1@60.75C VDD_IN 17172mW/16489mW VDD_CPU_GPU_CV 8329mW/7474mW VDD_SOC 3883mW/3954mW
08-11-2026 23:37:01 RAM 5637/7607MB (lfb 64x4MB) SWAP 1439/16384MB (cached 129MB) CPU [30%@1344,13%@1344,17%@1344,17%@1344,58%@729,44%@729] GR3D_FREQ 98% cpu@62C soc2@60.968C soc0@61.562C gpu@62.781C tj@62.781C soc1@60.75C VDD_IN 16531mW/16490mW VDD_CPU_GPU_CV 7676mW/7474mW VDD_SOC 3890mW/3954mW
08-11-2026 23:37:02 RAM 6387/7607MB (lfb 31x1MB) SWAP 1439/16384MB (cached 129MB) CPU [24%@729,4%@729,7%@729,20%@729,56%@1344,23%@1344] GR3D_FREQ 6% cpu@61.625C soc2@60.656C soc0@61.625C gpu@61.5C tj@61.781C soc1@60.718C VDD_IN 14571mW/16486mW VDD_CPU_GPU_CV 5580mW/7471mW VDD_SOC 3902mW/3954mW
08-11-2026 23:37:03 RAM 5646/7607MB (lfb 62x4MB) SWAP 1439/16384MB (cached 129MB) CPU [18%@729,13%@729,19%@729,19%@729,85%@1344,17%@1344] GR3D_FREQ 99% cpu@61.843C soc2@60.906C soc0@61.687C gpu@63.031C tj@63.031C soc1@60.625C VDD_IN 17290mW/16488mW VDD_CPU_GPU_CV 7938mW/7472mW VDD_SOC 4158mW/3955mW
08-11-2026 23:37:04 RAM 5646/7607MB (lfb 61x4MB) SWAP 1439/16384MB (cached 129MB) CPU [31%@729,15%@729,18%@729,18%@729,27%@1344,90%@1344] GR3D_FREQ 99% cpu@61.937C soc2@60.812C soc0@61.562C gpu@63.125C tj@63.125C soc1@60.75C VDD_IN 17093mW/16489mW VDD_CPU_GPU_CV 8290mW/7473mW VDD_SOC 3844mW/3954mW
08-11-2026 23:37:05 RAM 5639/7607MB (lfb 63x4MB) SWAP 1439/16384MB (cached 129MB) CPU [16%@729,18%@729,19%@729,15%@729,56%@1344,50%@1344] GR3D_FREQ 99% cpu@62C soc2@60.812C soc0@61.531C gpu@63.031C tj@63.031C soc1@60.687C VDD_IN 16570mW/16489mW VDD_CPU_GPU_CV 7676mW/7474mW VDD_SOC 3890mW/3954mW
08-11-2026 23:37:06 RAM 6366/7607MB (lfb 28x1MB) SWAP 1439/16384MB (cached 129MB) CPU [4%@1344,41%@1344,3%@1344,5%@1344,79%@1344,0%@1344] GR3D_FREQ 4% cpu@61.593C soc2@60.718C soc0@61.562C gpu@61.687C tj@61.687C soc1@60.75C VDD_IN 14373mW/16485mW VDD_CPU_GPU_CV 5510mW/7470mW VDD_SOC 3863mW/3954mW
08-11-2026 23:37:07 RAM 5637/7607MB (lfb 63x4MB) SWAP 1439/16384MB (cached 129MB) CPU [15%@729,22%@729,19%@729,21%@729,86%@1344,12%@1344] GR3D_FREQ 99% cpu@61.812C soc2@60.937C soc0@61.531C gpu@63.187C tj@63.187C soc1@60.562C VDD_IN 17250mW/16487mW VDD_CPU_GPU_CV 8016mW/7471mW VDD_SOC 4119mW/3954mW
08-11-2026 23:37:08 RAM 5645/7607MB (lfb 60x4MB) SWAP 1439/16384MB (cached 129MB) CPU [22%@1113,23%@1113,33%@1113,27%@1113,45%@1344,65%@1344] GR3D_FREQ 98% cpu@61.812C soc2@60.75C soc0@61.5C gpu@63.218C tj@63.218C soc1@60.687C VDD_IN 17290mW/16488mW VDD_CPU_GPU_CV 8485mW/7473mW VDD_SOC 3883mW/3954mW
08-11-2026 23:37:09 RAM 5640/7607MB (lfb 60x4MB) SWAP 1439/16384MB (cached 129MB) CPU [17%@1036,12%@1036,16%@1036,12%@1036,42%@1344,63%@1344] GR3D_FREQ 97% cpu@61.843C soc2@60.875C soc0@61.531C gpu@62.906C tj@62.906C soc1@60.718C VDD_IN 16531mW/16488mW VDD_CPU_GPU_CV 7637mW/7473mW VDD_SOC 3890mW/3954mW
08-11-2026 23:37:10 RAM 6414/7607MB (lfb 43x1MB) SWAP 1439/16384MB (cached 129MB) CPU [5%@1344,2%@1344,4%@1344,6%@1344,27%@1344,72%@1344] GR3D_FREQ 15% cpu@61.75C soc2@60.625C soc0@61.5C gpu@61.875C tj@62.093C soc1@60.656C VDD_IN 14255mW/16484mW VDD_CPU_GPU_CV 5510mW/7470mW VDD_SOC 3863mW/3954mW
08-11-2026 23:37:11 RAM 5642/7607MB (lfb 61x4MB) SWAP 1439/16384MB (cached 129MB) CPU [24%@1344,20%@1344,12%@1344,16%@1344,19%@1344,86%@1344] GR3D_FREQ 99% cpu@62.156C soc2@60.968C soc0@61.625C gpu@62.656C tj@62.656C soc1@60.687C VDD_IN 17290mW/16486mW VDD_CPU_GPU_CV 7820mW/7471mW VDD_SOC 4197mW/3954mW
08-11-2026 23:37:12 RAM 5648/7607MB (lfb 61x4MB) SWAP 1439/16384MB (cached 129MB) CPU [49%@729,21%@729,17%@729,14%@729,14%@1344,81%@1344] GR3D_FREQ 97% cpu@61.812C soc2@60.875C soc0@61.5C gpu@63.031C tj@63.031C soc1@60.843C VDD_IN 17329mW/16487mW VDD_CPU_GPU_CV 8524mW/7472mW VDD_SOC 3844mW/3954mW
08-11-2026 23:37:13 RAM 5643/7607MB (lfb 60x4MB) SWAP 1439/16384MB (cached 129MB) CPU [54%@729,17%@729,32%@729,29%@729,28%@1344,68%@1344] GR3D_FREQ 97% cpu@61.843C soc2@60.875C soc0@61.625C gpu@63.093C tj@63.093C soc1@60.718C VDD_IN 17015mW/16488mW VDD_CPU_GPU_CV 8068mW/7473mW VDD_SOC 3883mW/3954mW
08-11-2026 23:37:14 RAM 6440/7607MB (lfb 36x1MB) SWAP 1439/16384MB (cached 129MB) CPU [12%@1344,9%@1344,12%@1344,7%@1344,32%@1344,62%@1344] GR3D_FREQ 98% cpu@62.093C soc2@60.781C soc0@61.625C gpu@62.812C tj@62.812C soc1@60.781C VDD_IN 15059mW/16485mW VDD_CPU_GPU_CV 6287mW/7471mW VDD_SOC 3857mW/3954mW
08-11-2026 23:37:15 RAM 5645/7607MB (lfb 59x4MB) SWAP 1439/16384MB (cached 129MB) CPU [19%@729,15%@729,11%@1344,9%@1344,76%@1344,16%@1344] GR3D_FREQ 99% cpu@62.093C soc2@61C soc0@61.656C gpu@62.718C tj@62.718C soc1@60.843C VDD_IN 17211mW/16487mW VDD_CPU_GPU_CV 7351mW/7471mW VDD_SOC 4315mW/3955mW
08-11-2026 23:37:16 RAM 5644/7607MB (lfb 58x4MB) SWAP 1439/16384MB (cached 129MB) CPU [17%@1267,19%@1267,15%@1267,73%@1267,26%@729,42%@729] GR3D_FREQ 98% cpu@61.75C soc2@60.968C soc0@61.718C gpu@63.093C tj@63.093C soc1@60.656C VDD_IN 17250mW/16488mW VDD_CPU_GPU_CV 8485mW/7473mW VDD_SOC 3844mW/3954mW
08-11-2026 23:37:17 RAM 5645/7607MB (lfb 58x4MB) SWAP 1439/16384MB (cached 129MB) CPU [34%@729,16%@729,15%@729,20%@729,59%@1344,43%@1344] GR3D_FREQ 97% cpu@61.781C soc2@60.812C soc0@61.406C gpu@63.093C tj@63.093C soc1@60.656C VDD_IN 16491mW/16488mW VDD_CPU_GPU_CV 7833mW/7473mW VDD_SOC 3811mW/3954mW
08-11-2026 23:37:18 RAM 6459/7607MB (lfb 35x1MB) SWAP 1439/16384MB (cached 129MB) CPU [16%@1344,15%@1344,12%@1344,15%@1344,82%@1344,37%@1344] GR3D_FREQ 97% cpu@62.468C soc2@60.843C soc0@61.531C gpu@62.687C tj@62.687C soc1@60.687C VDD_IN 15744mW/16487mW VDD_CPU_GPU_CV 6904mW/7472mW VDD_SOC 3896mW/3954mW
08-11-2026 23:37:19 RAM 5712/7607MB (lfb 57x4MB) SWAP 1439/16384MB (cached 129MB) CPU [20%@729,12%@729,14%@729,13%@729,12%@729,85%@729] GR3D_FREQ 98% cpu@62C soc2@60.906C soc0@61.687C gpu@62.75C tj@62.75C soc1@60.875C VDD_IN 17368mW/16488mW VDD_CPU_GPU_CV 7468mW/7472mW VDD_SOC 4315mW/3955mW
08-11-2026 23:37:20 RAM 5645/7607MB (lfb 58x4MB) SWAP 1439/16384MB (cached 129MB) CPU [21%@729,16%@729,20%@729,18%@729,97%@1344,29%@1344] GR3D_FREQ 97% cpu@62C soc2@60.937C soc0@61.718C gpu@62.937C tj@62.937C soc1@60.843C VDD_IN 17211mW/16489mW VDD_CPU_GPU_CV 8407mW/7474mW VDD_SOC 3844mW/3954mW
08-11-2026 23:37:21 RAM 5643/7607MB (lfb 59x4MB) SWAP 1439/16384MB (cached 129MB) CPU [33%@729,45%@729,25%@729,26%@729,53%@1344,40%@1344] GR3D_FREQ 97% cpu@61.781C soc2@60.781C soc0@61.625C gpu@62.843C tj@62.843C soc1@60.625C VDD_IN 16688mW/16490mW VDD_CPU_GPU_CV 7990mW/7475mW VDD_SOC 3811mW/3954mW
08-11-2026 23:37:22 RAM 6435/7607MB (lfb 39x1MB) SWAP 1439/16384MB (cached 129MB) CPU [35%@1344,10%@1344,7%@1344,12%@1344,5%@1344,68%@1344] GR3D_FREQ 97% cpu@62.218C soc2@60.718C soc0@61.5C gpu@62.343C tj@62.343C soc1@60.718C VDD_IN 14492mW/16486mW VDD_CPU_GPU_CV 5864mW/7472mW VDD_SOC 3784mW/3954mW
08-11-2026 23:37:23 RAM 5644/7607MB (lfb 59x4MB) SWAP 1439/16384MB (cached 129MB) CPU [18%@729,18%@729,10%@729,15%@729,8%@1344,86%@1344] GR3D_FREQ 99% cpu@62.312C soc2@60.843C soc0@61.562C gpu@62.718C tj@62.718C soc1@60.687C VDD_IN 17211mW/16488mW VDD_CPU_GPU_CV 7390mW/7472mW VDD_SOC 4315mW/3955mW
08-11-2026 23:37:24 RAM 5641/7607MB (lfb 60x4MB) SWAP 1439/16384MB (cached 129MB) CPU [52%@729,31%@729,24%@729,21%@729,17%@1344,76%@1344] GR3D_FREQ 98% cpu@61.781C soc2@60.937C soc0@61.5C gpu@63.406C tj@63.406C soc1@60.812C VDD_IN 17368mW/16489mW VDD_CPU_GPU_CV 8602mW/7474mW VDD_SOC 3844mW/3954mW
08-11-2026 23:37:25 RAM 5641/7607MB (lfb 60x4MB) SWAP 1439/16384MB (cached 129MB) CPU [22%@729,58%@729,19%@729,22%@729,18%@1344,80%@1344] GR3D_FREQ 97% cpu@61.875C soc2@60.781C soc0@61.531C gpu@63.218C tj@63.218C soc1@60.843C VDD_IN 16649mW/16489mW VDD_CPU_GPU_CV 7911mW/7475mW VDD_SOC 3811mW/3954mW
08-11-2026 23:37:26 RAM 6447/7607MB (lfb 38x1MB) SWAP 1439/16384MB (cached 129MB) CPU [13%@1344,8%@1344,10%@1344,12%@1344,32%@1344,62%@1344] GR3D_FREQ 98% cpu@62.062C soc2@60.75C soc0@61.687C gpu@62.343C tj@62.343C soc1@60.625C VDD_IN 15020mW/16487mW VDD_CPU_GPU_CV 6248mW/7473mW VDD_SOC 3857mW/3954mW
08-11-2026 23:37:27 RAM 5645/7607MB (lfb 60x4MB) SWAP 1439/16384MB (cached 129MB) CPU [11%@729,8%@729,78%@729,7%@729,19%@1344,7%@1344] GR3D_FREQ 99% cpu@62.281C soc2@60.937C soc0@61.593C gpu@62.281C tj@62.718C soc1@60.718C VDD_IN 17290mW/16488mW VDD_CPU_GPU_CV 7351mW/7472mW VDD_SOC 4354mW/3955mW
08-11-2026 23:37:28 RAM 5653/7607MB (lfb 60x4MB) SWAP 1439/16384MB (cached 129MB) CPU [55%@729,22%@729,18%@729,20%@729,86%@1344,16%@1344] GR3D_FREQ 98% cpu@61.812C soc2@60.781C soc0@61.562C gpu@63.031C tj@63.031C soc1@60.718C VDD_IN 17211mW/16489mW VDD_CPU_GPU_CV 8407mW/7474mW VDD_SOC 3805mW/3954mW
08-11-2026 23:37:29 RAM 5650/7607MB (lfb 61x4MB) SWAP 1439/16384MB (cached 129MB) CPU [30%@1344,27%@1344,65%@1344,33%@1344,20%@1344,60%@1344] GR3D_FREQ 97% cpu@61.875C soc2@60.843C soc0@61.562C gpu@63.031C tj@63.031C soc1@60.75C VDD_IN 17093mW/16490mW VDD_CPU_GPU_CV 8225mW/7475mW VDD_SOC 3883mW/3954mW
08-11-2026 23:37:30 RAM 6429/7607MB (lfb 31x1MB) SWAP 1439/16384MB (cached 129MB) CPU [8%@1344,9%@1344,53%@1344,5%@1344,4%@1344,80%@1344] GR3D_FREQ 98% cpu@61.937C soc2@60.781C soc0@61.593C gpu@62.468C tj@62.468C soc1@60.562C VDD_IN 14650mW/16487mW VDD_CPU_GPU_CV 5972mW/7473mW VDD_SOC 3784mW/3954mW
08-11-2026 23:37:31 RAM 5640/7607MB (lfb 58x4MB) SWAP 1439/16384MB (cached 129MB) CPU [15%@1344,18%@1344,13%@1344,29%@1344,11%@729,73%@729] GR3D_FREQ 99% cpu@62.062C soc2@60.906C soc0@61.406C gpu@62.5C tj@62.5C soc1@60.656C VDD_IN 17250mW/16489mW VDD_CPU_GPU_CV 7429mW/7473mW VDD_SOC 4315mW/3955mW
08-11-2026 23:37:32 RAM 5645/7607MB (lfb 58x4MB) SWAP 1439/16384MB (cached 129MB) CPU [40%@1344,12%@1344,14%@1344,78%@1344,18%@729,12%@729] GR3D_FREQ 98% cpu@61.875C soc2@60.843C soc0@61.593C gpu@63.062C tj@63.062C soc1@60.687C VDD_IN 17250mW/16490mW VDD_CPU_GPU_CV 8485mW/7474mW VDD_SOC 3844mW/3954mW
08-11-2026 23:37:33 RAM 5642/7607MB (lfb 59x4MB) SWAP 1439/16384MB (cached 129MB) CPU [20%@1344,21%@1344,17%@1344,76%@1344,51%@729,21%@729] GR3D_FREQ 97% cpu@61.968C soc2@60.812C soc0@61.562C gpu@63.062C tj@63.062C soc1@60.656C VDD_IN 16609mW/16490mW VDD_CPU_GPU_CV 7872mW/7475mW VDD_SOC 3811mW/3954mW
08-11-2026 23:37:35 RAM 6438/7607MB (lfb 35x1MB) SWAP 1439/16384MB (cached 129MB) CPU [9%@1344,7%@1344,11%@1344,69%@1344,9%@1344,32%@1344] GR3D_FREQ 97% cpu@61.968C soc2@60.781C soc0@61.5C gpu@62.5C tj@62.5C soc1@60.718C VDD_IN 14902mW/16487mW VDD_CPU_GPU_CV 6130mW/7473mW VDD_SOC 3863mW/3954mW
08-11-2026 23:37:36 RAM 5647/7607MB (lfb 60x4MB) SWAP 1439/16384MB (cached 129MB) CPU [20%@1344,12%@1344,16%@1344,86%@1344,19%@729,20%@729] GR3D_FREQ 99% cpu@62.031C soc2@61C soc0@61.625C gpu@62.625C tj@62.375C soc1@60.625C VDD_IN 17329mW/16489mW VDD_CPU_GPU_CV 7468mW/7473mW VDD_SOC 4354mW/3955mW
08-11-2026 23:37:37 RAM 5644/7607MB (lfb 61x4MB) SWAP 1439/16384MB (cached 129MB) CPU [14%@1344,14%@1344,18%@1344,78%@1344,37%@729,14%@729] GR3D_FREQ 97% cpu@61.875C soc2@60.812C soc0@61.625C gpu@63.093C tj@63.093C soc1@60.625C VDD_IN 17290mW/16490mW VDD_CPU_GPU_CV 8485mW/7474mW VDD_SOC 3844mW/3954mW
08-11-2026 23:37:38 RAM 5639/7607MB (lfb 60x4MB) SWAP 1439/16384MB (cached 129MB) CPU [14%@1344,15%@1344,18%@1344,73%@1344,47%@729,24%@729] GR3D_FREQ 97% cpu@61.906C soc2@60.781C soc0@61.531C gpu@62.843C tj@62.843C soc1@60.625C VDD_IN 16531mW/16490mW VDD_CPU_GPU_CV 7755mW/7475mW VDD_SOC 3811mW/3954mW
08-11-2026 23:37:39 RAM 6432/7607MB (lfb 32x1MB) SWAP 1439/16384MB (cached 129MB) CPU [18%@1344,12%@1344,10%@1344,43%@1344,25%@1344,36%@1344] GR3D_FREQ 98% cpu@62.187C soc2@60.812C soc0@61.531C gpu@62.406C tj@62.406C soc1@60.625C VDD_IN 15217mW/16488mW VDD_CPU_GPU_CV 6405mW/7473mW VDD_SOC 3857mW/3954mW
08-11-2026 23:37:40 RAM 5651/7607MB (lfb 60x4MB) SWAP 1439/16384MB (cached 129MB) CPU [86%@1344,15%@1344,17%@1344,10%@1344,13%@729,18%@729] GR3D_FREQ 99% cpu@61.843C soc2@61.093C soc0@61.562C gpu@62.625C tj@62.625C soc1@60.718C VDD_IN 17368mW/16490mW VDD_CPU_GPU_CV 7429mW/7473mW VDD_SOC 4354mW/3955mW
08-11-2026 23:37:41 RAM 5641/7607MB (lfb 59x4MB) SWAP 1439/16384MB (cached 129MB) CPU [34%@1344,25%@1344,76%@1344,19%@1344,54%@729,20%@729] GR3D_FREQ 98% cpu@62.062C soc2@60.937C soc0@61.625C gpu@63.031C tj@63.031C soc1@60.843C VDD_IN 17329mW/16491mW VDD_CPU_GPU_CV 8563mW/7475mW VDD_SOC 3844mW/3955mW
08-11-2026 23:37:42 RAM 5650/7607MB (lfb 59x4MB) SWAP 1439/16384MB (cached 129MB) CPU [15%@1344,15%@1344,68%@1344,38%@1344,19%@729,12%@729] GR3D_FREQ 97% cpu@62C soc2@60.812C soc0@61.593C gpu@63.031C tj@63.031C soc1@60.625C VDD_IN 16728mW/16491mW VDD_CPU_GPU_CV 7911mW/7476mW VDD_SOC 3890mW/3954mW
08-11-2026 23:37:43 RAM 6449/7607MB (lfb 31x1MB) SWAP 1439/16384MB (cached 129MB) CPU [27%@1344,10%@1344,63%@1344,11%@1344,18%@1344,11%@1344] GR3D_FREQ 98% cpu@62.125C soc2@60.718C soc0@61.468C gpu@62.5C tj@62.5C soc1@60.687C VDD_IN 15138mW/16489mW VDD_CPU_GPU_CV 6326mW/7474mW VDD_SOC 3857mW/3954mW
08-11-2026 23:37:44 RAM 5680/7607MB (lfb 60x4MB) SWAP 1439/16384MB (cached 129MB) CPU [14%@806,10%@806,12%@806,85%@806,18%@729,5%@729] GR3D_FREQ 99% cpu@62.062C soc2@60.906C soc0@61.625C gpu@62.812C tj@63.031C soc1@60.687C VDD_IN 17408mW/16491mW VDD_CPU_GPU_CV 7468mW/7474mW VDD_SOC 4354mW/3955mW
08-11-2026 23:37:45 RAM 5642/7607MB (lfb 61x4MB) SWAP 1439/16384MB (cached 129MB) CPU [17%@1344,17%@1344,19%@1344,87%@1344,44%@729,15%@729] GR3D_FREQ 98% cpu@61.75C soc2@60.937C soc0@61.562C gpu@63.343C tj@63.343C soc1@60.781C VDD_IN 17172mW/16492mW VDD_CPU_GPU_CV 8446mW/7475mW VDD_SOC 3844mW/3955mW
08-11-2026 23:37:46 RAM 5643/7607MB (lfb 60x4MB) SWAP 1439/16384MB (cached 129MB) CPU [18%@1344,19%@1344,19%@1344,67%@1344,18%@729,44%@729] GR3D_FREQ 97% cpu@61.843C soc2@60.875C soc0@61.625C gpu@63.218C tj@63.218C soc1@60.75C VDD_IN 16846mW/16492mW VDD_CPU_GPU_CV 7990mW/7476mW VDD_SOC 3851mW/3955mW
08-11-2026 23:37:47 RAM 6445/7607MB (lfb 37x1MB) SWAP 1439/16384MB (cached 129MB) CPU [49%@1344,14%@1344,20%@1344,43%@1344,13%@1344,35%@1344] GR3D_FREQ 97% cpu@62.093C soc2@60.75C soc0@61.625C gpu@62.843C tj@62.843C soc1@60.593C VDD_IN 15296mW/16490mW VDD_CPU_GPU_CV 6483mW/7474mW VDD_SOC 3857mW/3954mW
08-11-2026 23:37:48 RAM 5685/7607MB (lfb 59x4MB) SWAP 1439/16384MB (cached 129MB) CPU [17%@729,12%@729,18%@729,7%@729,82%@729,5%@729] GR3D_FREQ 99% cpu@62C soc2@60.843C soc0@61.5C gpu@63.093C tj@63.093C soc1@60.625C VDD_IN 17368mW/16492mW VDD_CPU_GPU_CV 7429mW/7474mW VDD_SOC 4354mW/3955mW
08-11-2026 23:37:49 RAM 5648/7607MB (lfb 58x4MB) SWAP 1439/16384MB (cached 129MB) CPU [50%@729,20%@729,20%@729,18%@729,85%@1344,14%@1344] GR3D_FREQ 98% cpu@61.812C soc2@60.843C soc0@61.562C gpu@62.906C tj@62.906C soc1@60.718C VDD_IN 17211mW/16493mW VDD_CPU_GPU_CV 8446mW/7476mW VDD_SOC 3844mW/3955mW
08-11-2026 23:37:50 RAM 5648/7607MB (lfb 58x4MB) SWAP 1439/16384MB (cached 129MB) CPU [51%@729,19%@729,26%@729,23%@729,61%@1344,17%@1344] GR3D_FREQ 97% cpu@62.093C soc2@60.812C soc0@61.593C gpu@63.062C tj@63.062C soc1@60.75C VDD_IN 16818mW/16493mW VDD_CPU_GPU_CV 8107mW/7477mW VDD_SOC 3851mW/3955mW
08-11-2026 23:37:51 RAM 6450/7607MB (lfb 37x1MB) SWAP 1439/16384MB (cached 129MB) CPU [13%@1344,35%@1344,9%@1344,12%@1344,67%@1344,9%@1344] GR3D_FREQ 98% cpu@62.187C soc2@60.875C soc0@61.531C gpu@62.625C tj@62.625C soc1@60.625C VDD_IN 15138mW/16491mW VDD_CPU_GPU_CV 6405mW/7475mW VDD_SOC 3857mW/3955mW
08-11-2026 23:37:52 RAM 5695/7607MB (lfb 57x4MB) SWAP 1439/16384MB (cached 129MB) CPU [22%@729,21%@729,38%@729,24%@729,71%@1190,12%@1190] GR3D_FREQ 99% cpu@62.093C soc2@60.875C soc0@61.625C gpu@62.906C tj@62.906C soc1@60.687C VDD_IN 17526mW/16493mW VDD_CPU_GPU_CV 7625mW/7475mW VDD_SOC 4354mW/3955mW
08-11-2026 23:37:53 RAM 5645/7607MB (lfb 59x4MB) SWAP 1439/16384MB (cached 129MB) CPU [21%@1344,20%@1344,94%@1344,15%@1344,46%@729,21%@729] GR3D_FREQ 98% cpu@62.093C soc2@60.875C soc0@61.468C gpu@63.156C tj@63.156C soc1@60.75C VDD_IN 17250mW/16494mW VDD_CPU_GPU_CV 8563mW/7477mW VDD_SOC 3844mW/3955mW
08-11-2026 23:37:54 RAM 5648/7607MB (lfb 59x4MB) SWAP 1439/16384MB (cached 129MB) CPU [43%@1344,19%@1344,64%@1344,15%@1344,17%@729,18%@729] GR3D_FREQ 97% cpu@62.125C soc2@60.875C soc0@61.531C gpu@63.125C tj@63.125C soc1@60.718C VDD_IN 16806mW/16495mW VDD_CPU_GPU_CV 7951mW/7478mW VDD_SOC 3851mW/3955mW
08-11-2026 23:37:55 RAM 6444/7607MB (lfb 34x1MB) SWAP 1439/16384MB (cached 129MB) CPU [12%@1344,14%@1344,43%@1344,37%@1344,13%@1344,39%@1344] GR3D_FREQ 98% cpu@62.375C soc2@60.843C soc0@61.593C gpu@62.5C tj@62.5C soc1@60.718C VDD_IN 15414mW/16493mW VDD_CPU_GPU_CV 6641mW/7477mW VDD_SOC 3857mW/3955mW
08-11-2026 23:37:56 RAM 5746/7607MB (lfb 59x4MB) SWAP 1439/16384MB (cached 129MB) CPU [12%@729,14%@729,15%@729,63%@729,29%@729,15%@729] GR3D_FREQ 98% cpu@62.031C soc2@60.937C soc0@61.625C gpu@62.812C tj@62.812C soc1@60.656C VDD_IN 17408mW/16494mW VDD_CPU_GPU_CV 7507mW/7477mW VDD_SOC 4354mW/3955mW
08-11-2026 23:37:57 RAM 5649/7607MB (lfb 58x4MB) SWAP 1439/16384MB (cached 129MB) CPU [78%@1267,32%@1267,25%@1267,23%@1267,32%@1344,43%@1344] GR3D_FREQ 98% cpu@62.125C soc2@60.968C soc0@61.656C gpu@62.968C tj@62.968C soc1@60.718C VDD_IN 17486mW/16496mW VDD_CPU_GPU_CV 8720mW/7479mW VDD_SOC 3844mW/3955mW
08-11-2026 23:37:58 RAM 5642/7607MB (lfb 57x4MB) SWAP 1439/16384MB (cached 129MB) CPU [17%@729,13%@729,19%@729,12%@729,35%@1344,62%@1344] GR3D_FREQ 97% cpu@62.093C soc2@60.75C soc0@61.468C gpu@62.968C tj@62.968C soc1@60.718C VDD_IN 16688mW/16496mW VDD_CPU_GPU_CV 7911mW/7479mW VDD_SOC 3851mW/3955mW
08-11-2026 23:37:59 RAM 6459/7607MB (lfb 33x1MB) SWAP 1439/16384MB (cached 129MB) CPU [52%@1344,16%@1344,14%@1344,16%@1344,11%@1344,63%@1344] GR3D_FREQ 97% cpu@62.375C soc2@60.812C soc0@61.562C gpu@62.562C tj@62.562C soc1@60.781C VDD_IN 15611mW/16495mW VDD_CPU_GPU_CV 6787mW/7478mW VDD_SOC 3896mW/3955mW
08-11-2026 23:38:00 RAM 5823/7607MB (lfb 45x4MB) SWAP 1439/16384MB (cached 129MB) CPU [8%@1344,27%@1344,9%@1344,11%@1344,3%@729,80%@729] GR3D_FREQ 98% cpu@62.218C soc2@60.906C soc0@61.625C gpu@62.468C tj@62.468C soc1@60.843C VDD_IN 17250mW/16496mW VDD_CPU_GPU_CV 7390mW/7478mW VDD_SOC 4315mW/3955mW
08-11-2026 23:38:01 RAM 5643/7607MB (lfb 56x4MB) SWAP 1439/16384MB (cached 129MB) CPU [19%@729,43%@729,19%@729,20%@729,14%@1344,95%@1344] GR3D_FREQ 97% cpu@61.625C soc2@60.937C soc0@61.687C gpu@63.156C tj@63.156C soc1@60.625C VDD_IN 17172mW/16497mW VDD_CPU_GPU_CV 8446mW/7480mW VDD_SOC 3844mW/3955mW
08-11-2026 23:38:02 RAM 5644/7607MB (lfb 56x4MB) SWAP 1439/16384MB (cached 129MB) CPU [14%@729,40%@729,14%@729,20%@729,70%@1344,11%@1344] GR3D_FREQ 97% cpu@61.843C soc2@60.843C soc0@61.718C gpu@63.031C tj@63.031C soc1@60.687C VDD_IN 16728mW/16497mW VDD_CPU_GPU_CV 7911mW/7480mW VDD_SOC 3851mW/3955mW
08-11-2026 23:38:03 RAM 6476/7607MB (lfb 21x1MB) SWAP 1439/16384MB (cached 129MB) CPU [21%@1344,23%@1344,35%@1344,14%@1344,68%@1344,35%@1344] GR3D_FREQ 97% cpu@62.437C soc2@60.843C soc0@61.5C gpu@62.843C tj@62.843C soc1@60.718C VDD_IN 15783mW/16496mW VDD_CPU_GPU_CV 6944mW/7479mW VDD_SOC 3896mW/3955mW
08-11-2026 23:38:04 RAM 5874/7607MB (lfb 35x4MB) SWAP 1439/16384MB (cached 129MB) CPU [10%@1036,4%@1036,4%@1036,6%@1036,78%@729,1%@729] GR3D_FREQ 13% cpu@61.968C soc2@60.875C soc0@61.593C gpu@62.437C tj@62.437C soc1@60.75C VDD_IN 16728mW/16497mW VDD_CPU_GPU_CV 7050mW/7479mW VDD_SOC 4243mW/3956mW
08-11-2026 23:38:05 RAM 5639/7607MB (lfb 59x4MB) SWAP 1439/16384MB (cached 129MB) CPU [20%@729,15%@729,38%@729,15%@729,89%@1190,11%@1190] GR3D_FREQ 98% cpu@62.093C soc2@60.781C soc0@61.687C gpu@63.187C tj@63.187C soc1@60.843C VDD_IN 17133mW/16498mW VDD_CPU_GPU_CV 8368mW/7480mW VDD_SOC 3844mW/3955mW
08-11-2026 23:38:06 RAM 5638/7607MB (lfb 57x4MB) SWAP 1439/16384MB (cached 129MB) CPU [16%@729,58%@729,16%@729,13%@729,16%@1344,84%@1344] GR3D_FREQ 97% cpu@61.781C soc2@60.906C soc0@61.656C gpu@62.937C tj@62.937C soc1@60.625C VDD_IN 16649mW/16498mW VDD_CPU_GPU_CV 7872mW/7481mW VDD_SOC 3811mW/3955mW
08-11-2026 23:38:07 RAM 6467/7607MB (lfb 31x1MB) SWAP 1439/16384MB (cached 129MB) CPU [16%@1344,51%@1344,18%@1344,13%@1344,13%@1344,63%@1344] GR3D_FREQ 97% cpu@62.187C soc2@60.906C soc0@61.531C gpu@62.687C tj@62.687C soc1@60.593C VDD_IN 15783mW/16497mW VDD_CPU_GPU_CV 6904mW/7480mW VDD_SOC 3936mW/3955mW
08-11-2026 23:38:08 RAM 5831/7607MB (lfb 42x4MB) SWAP 1439/16384MB (cached 129MB) CPU [18%@883,19%@883,9%@883,9%@883,19%@729,60%@729] GR3D_FREQ 35% cpu@62.281C soc2@60.906C soc0@61.625C gpu@62.281C tj@62.281C soc1@60.75C VDD_IN 17054mW/16498mW VDD_CPU_GPU_CV 7246mW/7480mW VDD_SOC 4276mW/3956mW
08-11-2026 23:38:09 RAM 5635/7607MB (lfb 57x4MB) SWAP 1439/16384MB (cached 129MB) CPU [42%@729,16%@729,21%@729,20%@729,86%@1344,12%@1344] GR3D_FREQ 97% cpu@61.593C soc2@60.937C soc0@61.562C gpu@63C tj@63C soc1@60.75C VDD_IN 17211mW/16499mW VDD_CPU_GPU_CV 8407mW/7481mW VDD_SOC 3844mW/3955mW
08-11-2026 23:38:10 RAM 5637/7607MB (lfb 56x4MB) SWAP 1439/16384MB (cached 129MB) CPU [20%@729,46%@729,20%@729,18%@729,69%@1344,14%@1344] GR3D_FREQ 97% cpu@61.781C soc2@60.812C soc0@61.718C gpu@63.125C tj@63.125C soc1@60.718C VDD_IN 16846mW/16499mW VDD_CPU_GPU_CV 7990mW/7482mW VDD_SOC 3890mW/3955mW
08-11-2026 23:38:11 RAM 6464/7607MB (lfb 30x1MB) SWAP 1439/16384MB (cached 129MB) CPU [15%@1344,38%@1344,16%@1344,18%@1344,44%@1344,40%@1344] GR3D_FREQ 99% cpu@62.187C soc2@60.812C soc0@61.687C gpu@63.062C tj@63.062C soc1@60.718C VDD_IN 15901mW/16498mW VDD_CPU_GPU_CV 7022mW/7481mW VDD_SOC 3936mW/3955mW
08-11-2026 23:38:12 RAM 5951/7607MB (lfb 27x4MB) SWAP 1439/16384MB (cached 129MB) CPU [6%@1344,7%@1344,28%@1344,1%@1344,0%@729,78%@729] GR3D_FREQ 17% cpu@62.468C soc2@60.812C soc0@61.468C gpu@62.437C tj@62.468C soc1@60.687C VDD_IN 16688mW/16499mW VDD_CPU_GPU_CV 6932mW/7480mW VDD_SOC 4243mW/3956mW
08-11-2026 23:38:13 RAM 5638/7607MB (lfb 56x4MB) SWAP 1439/16384MB (cached 129MB) CPU [15%@729,25%@729,31%@729,15%@729,13%@729,73%@729] GR3D_FREQ 99% cpu@62.25C soc2@61.031C soc0@61.562C gpu@63.156C tj@63.156C soc1@60.687C VDD_IN 17565mW/16500mW VDD_CPU_GPU_CV 8329mW/7481mW VDD_SOC 4119mW/3956mW
08-11-2026 23:38:14 RAM 5645/7607MB (lfb 56x4MB) SWAP 1439/16384MB (cached 129MB) CPU [20%@729,31%@729,30%@729,56%@729,18%@1344,81%@1344] GR3D_FREQ 97% cpu@61.781C soc2@60.968C soc0@61.593C gpu@62.968C tj@62.968C soc1@60.843C VDD_IN 17172mW/16501mW VDD_CPU_GPU_CV 8368mW/7483mW VDD_SOC 3883mW/3956mW
08-11-2026 23:38:15 RAM 5635/7607MB (lfb 58x4MB) SWAP 1439/16384MB (cached 129MB) CPU [20%@729,15%@729,19%@729,38%@729,11%@1344,64%@1344] GR3D_FREQ 97% cpu@61.875C soc2@60.843C soc0@61.625C gpu@62.968C tj@62.968C soc1@60.656C VDD_IN 16255mW/16501mW VDD_CPU_GPU_CV 7375mW/7483mW VDD_SOC 3890mW/3956mW
08-11-2026 23:38:16 RAM 6264/7607MB (lfb 1x4MB) SWAP 1439/16384MB (cached 129MB) CPU [3%@729,3%@729,8%@729,12%@729,32%@1344,50%@1344] GR3D_FREQ 19% cpu@61.843C soc2@60.718C soc0@61.781C gpu@61.812C tj@61.843C soc1@60.656C VDD_IN 15375mW/16499mW VDD_CPU_GPU_CV 6041mW/7480mW VDD_SOC 4093mW/3956mW
08-11-2026 23:38:17 RAM 5637/7607MB (lfb 59x4MB) SWAP 1439/16384MB (cached 129MB) CPU [15%@729,16%@729,18%@729,23%@729,31%@1344,78%@1344] GR3D_FREQ 99% cpu@62.031C soc2@60.937C soc0@61.625C gpu@63.031C tj@63.031C soc1@60.687C VDD_IN 17290mW/16500mW VDD_CPU_GPU_CV 8016mW/7481mW VDD_SOC 4119mW/3956mW
08-11-2026 23:38:18 RAM 5637/7607MB (lfb 59x4MB) SWAP 1439/16384MB (cached 129MB) CPU [24%@729,22%@729,22%@729,19%@729,43%@1344,84%@1344] GR3D_FREQ 97% cpu@61.843C soc2@60.906C soc0@61.625C gpu@63C tj@63C soc1@60.812C VDD_IN 17211mW/16501mW VDD_CPU_GPU_CV 8368mW/7483mW VDD_SOC 3844mW/3956mW
08-11-2026 23:38:19 RAM 5635/7607MB (lfb 58x4MB) SWAP 1439/16384MB (cached 129MB) CPU [16%@729,26%@729,26%@729,20%@729,48%@1344,62%@1344] GR3D_FREQ 97% cpu@61.875C soc2@60.843C soc0@61.625C gpu@62.781C tj@62.781C soc1@60.593C VDD_IN 16570mW/16502mW VDD_CPU_GPU_CV 7676mW/7483mW VDD_SOC 3890mW/3956mW
08-11-2026 23:38:20 RAM 6343/7607MB (lfb 33x1MB) SWAP 1439/16384MB (cached 129MB) CPU [3%@729,3%@729,4%@729,5%@729,22%@1344,65%@1344] GR3D_FREQ 6% cpu@61.625C soc2@60.625C soc0@61.781C gpu@61.687C tj@61.781C soc1@60.687C VDD_IN 14650mW/16499mW VDD_CPU_GPU_CV 5580mW/7480mW VDD_SOC 3942mW/3956mW
08-11-2026 23:38:21 RAM 5638/7607MB (lfb 59x4MB) SWAP 1439/16384MB (cached 129MB) CPU [74%@729,14%@729,25%@729,19%@729,30%@1344,19%@1344] GR3D_FREQ 99% cpu@61.968C soc2@60.906C soc0@61.625C gpu@62.906C tj@62.906C soc1@60.75C VDD_IN 17290mW/16500mW VDD_CPU_GPU_CV 8016mW/7481mW VDD_SOC 4119mW/3956mW
08-11-2026 23:38:22 RAM 5636/7607MB (lfb 58x4MB) SWAP 1439/16384MB (cached 129MB) CPU [40%@729,13%@729,16%@729,15%@729,65%@1344,45%@1344] GR3D_FREQ 97% cpu@62.156C soc2@60.812C soc0@61.625C gpu@63.031C tj@63.031C soc1@60.75C VDD_IN 16936mW/16501mW VDD_CPU_GPU_CV 8211mW/7482mW VDD_SOC 3851mW/3956mW
08-11-2026 23:38:23 RAM 5637/7607MB (lfb 57x4MB) SWAP 1439/16384MB (cached 129MB) CPU [43%@1344,15%@1344,20%@1344,18%@1344,50%@729,43%@729] GR3D_FREQ 97% cpu@62.031C soc2@60.968C soc0@61.625C gpu@63.062C tj@63.062C soc1@60.843C VDD_IN 16373mW/16500mW VDD_CPU_GPU_CV 7598mW/7482mW VDD_SOC 3851mW/3956mW
08-11-2026 23:38:24 RAM 6355/7607MB (lfb 30x1MB) SWAP 1439/16384MB (cached 129MB) CPU [70%@729,9%@729,11%@729,8%@729,8%@1344,29%@1344] GR3D_FREQ 6% cpu@61.875C soc2@60.75C soc0@61.75C gpu@61.843C tj@61.875C soc1@60.687C VDD_IN 14902mW/16498mW VDD_CPU_GPU_CV 5815mW/7480mW VDD_SOC 3981mW/3956mW
08-11-2026 23:38:25 RAM 5643/7607MB (lfb 56x4MB) SWAP 1439/16384MB (cached 129MB) CPU [30%@1190,21%@1190,20%@1190,22%@1190,80%@1344,20%@1344] GR3D_FREQ 99% cpu@61.812C soc2@60.937C soc0@61.593C gpu@63.187C tj@63.187C soc1@60.75C VDD_IN 17329mW/16499mW VDD_CPU_GPU_CV 8055mW/7480mW VDD_SOC 4119mW/3956mW
08-11-2026 23:38:26 RAM 5642/7607MB (lfb 56x4MB) SWAP 1439/16384MB (cached 129MB) CPU [20%@729,14%@729,17%@729,29%@729,81%@1344,17%@1344] GR3D_FREQ 97% cpu@61.906C soc2@60.781C soc0@61.625C gpu@63.031C tj@63.031C soc1@60.687C VDD_IN 17250mW/16500mW VDD_CPU_GPU_CV 8407mW/7482mW VDD_SOC 3883mW/3956mW
08-11-2026 23:38:27 RAM 5643/7607MB (lfb 56x4MB) SWAP 1439/16384MB (cached 129MB) CPU [23%@1344,59%@1344,37%@1344,20%@1344,57%@729,17%@729] GR3D_FREQ 98% cpu@62.031C soc2@60.937C soc0@61.625C gpu@62.968C tj@62.968C soc1@60.812C VDD_IN 16767mW/16501mW VDD_CPU_GPU_CV 7911mW/7483mW VDD_SOC 3890mW/3956mW
08-11-2026 23:38:28 RAM 6428/7607MB (lfb 29x1MB) SWAP 1439/16384MB (cached 129MB) CPU [8%@1344,34%@1344,50%@1344,7%@1344,17%@1344,3%@1344] GR3D_FREQ 98% cpu@62.062C soc2@60.843C soc0@61.656C gpu@62.343C tj@62.343C soc1@60.718C VDD_IN 14768mW/16498mW VDD_CPU_GPU_CV 5855mW/7480mW VDD_SOC 3902mW/3956mW
08-11-2026 23:38:29 RAM 5643/7607MB (lfb 56x4MB) SWAP 1439/16384MB (cached 129MB) CPU [16%@729,14%@729,17%@729,11%@729,86%@1344,14%@1344] GR3D_FREQ 99% cpu@62.187C soc2@60.937C soc0@61.562C gpu@62.437C tj@62.437C soc1@60.718C VDD_IN 17329mW/16499mW VDD_CPU_GPU_CV 7547mW/7480mW VDD_SOC 4315mW/3956mW
08-11-2026 23:38:30 RAM 5642/7607MB (lfb 58x4MB) SWAP 1439/16384MB (cached 129MB) CPU [33%@729,26%@729,21%@729,24%@729,84%@1344,41%@1344] GR3D_FREQ 98% cpu@62C soc2@60.812C soc0@61.625C gpu@63.187C tj@63.187C soc1@60.625C VDD_IN 17447mW/16501mW VDD_CPU_GPU_CV 8602mW/7482mW VDD_SOC 3844mW/3956mW
08-11-2026 23:38:31 RAM 5640/7607MB (lfb 58x4MB) SWAP 1439/16384MB (cached 129MB) CPU [29%@729,14%@729,20%@729,20%@729,28%@1344,68%@1344] GR3D_FREQ 97% cpu@61.937C soc2@60.875C soc0@61.562C gpu@63.062C tj@63.281C soc1@60.593C VDD_IN 16975mW/16502mW VDD_CPU_GPU_CV 8068mW/7483mW VDD_SOC 3890mW/3956mW
08-11-2026 23:38:32 RAM 6441/7607MB (lfb 31x1MB) SWAP 1439/16384MB (cached 129MB) CPU [16%@1344,12%@1344,16%@1344,35%@1344,9%@1344,68%@1344] GR3D_FREQ 98% cpu@62.375C soc2@60.843C soc0@61.625C gpu@62.906C tj@62.906C soc1@60.875C VDD_IN 15414mW/16500mW VDD_CPU_GPU_CV 6601mW/7481mW VDD_SOC 3857mW/3956mW
08-11-2026 23:38:33 RAM 5755/7607MB (lfb 58x4MB) SWAP 1439/16384MB (cached 129MB) CPU [11%@1344,31%@1344,13%@1344,11%@1344,8%@729,84%@729] GR3D_FREQ 98% cpu@62.062C soc2@60.937C soc0@61.687C gpu@63.125C tj@63.125C soc1@60.687C VDD_IN 17565mW/16502mW VDD_CPU_GPU_CV 7586mW/7482mW VDD_SOC 4354mW/3957mW
08-11-2026 23:38:34 RAM 5639/7607MB (lfb 58x4MB) SWAP 1439/16384MB (cached 129MB) CPU [19%@729,41%@729,18%@729,17%@729,13%@1344,94%@1344] GR3D_FREQ 97% cpu@61.812C soc2@60.812C soc0@61.656C gpu@63.375C tj@63.375C soc1@60.625C VDD_IN 17290mW/16503mW VDD_CPU_GPU_CV 8485mW/7483mW VDD_SOC 3844mW/3956mW
08-11-2026 23:38:35 RAM 5639/7607MB (lfb 58x4MB) SWAP 1439/16384MB (cached 129MB) CPU [21%@1190,61%@1190,37%@1190,29%@1190,19%@1344,78%@1344] GR3D_FREQ 97% cpu@62.5C soc2@60.875C soc0@61.562C gpu@63.343C tj@63.343C soc1@60.781C VDD_IN 17211mW/16504mW VDD_CPU_GPU_CV 8329mW/7484mW VDD_SOC 3844mW/3956mW
08-11-2026 23:38:36 RAM 6459/7607MB (lfb 29x1MB) SWAP 1439/16384MB (cached 129MB) CPU [14%@1344,15%@1344,17%@1344,19%@1344,37%@1344,62%@1344] GR3D_FREQ 97% cpu@62.343C soc2@60.843C soc0@61.625C gpu@62.718C tj@62.718C soc1@60.843C VDD_IN 15572mW/16502mW VDD_CPU_GPU_CV 6747mW/7483mW VDD_SOC 3857mW/3956mW
08-11-2026 23:38:37 RAM 5805/7607MB (lfb 48x4MB) SWAP 1439/16384MB (cached 129MB) CPU [5%@729,4%@729,9%@729,11%@729,12%@729,81%@729] GR3D_FREQ 88% cpu@61.937C soc2@60.812C soc0@61.687C gpu@62.343C tj@62.343C soc1@60.625C VDD_IN 17133mW/16503mW VDD_CPU_GPU_CV 7273mW/7483mW VDD_SOC 4315mW/3957mW
08-11-2026 23:38:38 RAM 5641/7607MB (lfb 57x4MB) SWAP 1439/16384MB (cached 129MB) CPU [33%@729,18%@729,18%@729,16%@729,82%@729,23%@729] GR3D_FREQ 99% cpu@61.593C soc2@60.875C soc0@61.75C gpu@63.218C tj@63.218C soc1@60.625C VDD_IN 17408mW/16505mW VDD_CPU_GPU_CV 8602mW/7485mW VDD_SOC 3844mW/3956mW
08-11-2026 23:38:39 RAM 5640/7607MB (lfb 55x4MB) SWAP 1439/16384MB (cached 129MB) CPU [19%@729,14%@729,59%@729,19%@729,14%@1344,87%@1344] GR3D_FREQ 97% cpu@61.937C soc2@60.812C soc0@61.531C gpu@63.031C tj@63.406C soc1@60.718C VDD_IN 16857mW/16505mW VDD_CPU_GPU_CV 8068mW/7485mW VDD_SOC 3851mW/3956mW
08-11-2026 23:38:40 RAM 6473/7607MB (lfb 22x1MB) SWAP 1439/16384MB (cached 129MB) CPU [21%@1344,17%@1344,18%@1344,16%@1344,38%@1344,66%@1344] GR3D_FREQ 98% cpu@62.5C soc2@60.843C soc0@61.562C gpu@63.093C tj@63.093C soc1@60.812C VDD_IN 15744mW/16504mW VDD_CPU_GPU_CV 6944mW/7485mW VDD_SOC 3896mW/3956mW
08-11-2026 23:38:41 RAM 5911/7607MB (lfb 27x4MB) SWAP 1439/16384MB (cached 129MB) CPU [9%@729,6%@729,41%@729,16%@729,46%@1113,8%@1113] GR3D_FREQ 14% cpu@61.812C soc2@60.968C soc0@61.656C gpu@61.968C tj@61.968C soc1@60.875C VDD_IN 16649mW/16504mW VDD_CPU_GPU_CV 7011mW/7484mW VDD_SOC 4243mW/3957mW
08-11-2026 23:38:42 RAM 5644/7607MB (lfb 54x4MB) SWAP 1439/16384MB (cached 129MB) CPU [14%@729,15%@729,12%@729,14%@729,73%@729,33%@729] GR3D_FREQ 99% cpu@62.031C soc2@60.906C soc0@61.687C gpu@62.75C tj@62.75C soc1@60.687C VDD_IN 17486mW/16506mW VDD_CPU_GPU_CV 8329mW/7485mW VDD_SOC 4080mW/3957mW
08-11-2026 23:38:43 RAM 5646/7607MB (lfb 56x4MB) SWAP 1439/16384MB (cached 129MB) CPU [41%@729,16%@729,21%@729,20%@729,23%@1344,71%@1344] GR3D_FREQ 97% cpu@62.062C soc2@60.812C soc0@61.593C gpu@63.062C tj@63.062C soc1@60.75C VDD_IN 17015mW/16506mW VDD_CPU_GPU_CV 8133mW/7486mW VDD_SOC 3883mW/3957mW
08-11-2026 23:38:44 RAM 6422/7607MB (lfb 1x2MB) SWAP 1440/16384MB (cached 129MB) CPU [19%@1113,18%@1113,18%@1113,39%@1113,13%@1344,66%@1344] GR3D_FREQ 98% cpu@62.062C soc2@61C soc0@61.531C gpu@62.843C tj@62.843C soc1@60.687C VDD_IN 16019mW/16506mW VDD_CPU_GPU_CV 7179mW/7486mW VDD_SOC 3890mW/3957mW
08-11-2026 23:38:45 RAM 6119/7607MB (lfb 1x4MB) SWAP 1440/16384MB (cached 129MB) CPU [5%@1344,31%@1344,2%@1344,2%@1344,2%@1344,80%@1344] GR3D_FREQ 17% cpu@62.218C soc2@60.843C soc0@61.531C gpu@61.968C tj@62.218C soc1@60.812C VDD_IN 16176mW/16505mW VDD_CPU_GPU_CV 6580mW/7484mW VDD_SOC 4204mW/3957mW
08-11-2026 23:38:46 RAM 5653/7607MB (lfb 54x4MB) SWAP 1440/16384MB (cached 129MB) CPU [33%@1344,44%@1344,36%@1344,24%@1344,20%@1344,76%@1344] GR3D_FREQ 99% cpu@61.781C soc2@61.062C soc0@61.687C gpu@62.937C tj@62.937C soc1@60.656C VDD_IN 17643mW/16507mW VDD_CPU_GPU_CV 8329mW/7486mW VDD_SOC 4158mW/3957mW
08-11-2026 23:38:47 RAM 5649/7607MB (lfb 56x4MB) SWAP 1440/16384MB (cached 129MB) CPU [19%@729,19%@729,15%@729,42%@729,16%@1344,80%@1344] GR3D_FREQ 98% cpu@61.906C soc2@60.937C soc0@61.5C gpu@63.187C tj@63.187C soc1@60.656C VDD_IN 17133mW/16508mW VDD_CPU_GPU_CV 8290mW/7487mW VDD_SOC 3883mW/3957mW
08-11-2026 23:38:48 RAM 5648/7607MB (lfb 56x4MB) SWAP 1440/16384MB (cached 129MB) CPU [20%@729,56%@729,17%@729,19%@729,18%@1344,63%@1344] GR3D_FREQ 97% cpu@62.062C soc2@60.875C soc0@61.593C gpu@62.843C tj@62.843C soc1@60.687C VDD_IN 16531mW/16508mW VDD_CPU_GPU_CV 7598mW/7487mW VDD_SOC 3890mW/3957mW
08-11-2026 23:38:49 RAM 6308/7607MB (lfb 27x1MB) SWAP 1440/16384MB (cached 129MB) CPU [3%@1344,1%@1344,39%@1344,3%@1344,0%@729,74%@729] GR3D_FREQ 17% cpu@62.281C soc2@60.781C soc0@61.625C gpu@61.812C tj@62.093C soc1@60.75C VDD_IN 15375mW/16506mW VDD_CPU_GPU_CV 6041mW/7485mW VDD_SOC 4054mW/3957mW
08-11-2026 23:38:50 RAM 5646/7607MB (lfb 55x4MB) SWAP 1440/16384MB (cached 129MB) CPU [19%@729,24%@729,29%@729,20%@729,17%@1190,80%@1190] GR3D_FREQ 99% cpu@62.156C soc2@60.937C soc0@61.656C gpu@63C tj@63C soc1@60.906C VDD_IN 17368mW/16507mW VDD_CPU_GPU_CV 8055mW/7486mW VDD_SOC 4158mW/3957mW
08-11-2026 23:38:51 RAM 5643/7607MB (lfb 53x4MB) SWAP 1440/16384MB (cached 129MB) CPU [58%@1344,12%@1344,16%@1344,14%@1344,45%@729,32%@729] GR3D_FREQ 97% cpu@61.718C soc2@61.031C soc0@61.625C gpu@62.968C tj@62.968C soc1@60.625C VDD_IN 17093mW/16508mW VDD_CPU_GPU_CV 8290mW/7487mW VDD_SOC 3883mW/3957mW
08-11-2026 23:38:52 RAM 5648/7607MB (lfb 54x4MB) SWAP 1440/16384MB (cached 129MB) CPU [56%@729,36%@729,28%@729,21%@729,48%@1344,17%@1344] GR3D_FREQ 98% cpu@61.906C soc2@60.812C soc0@61.75C gpu@62.906C tj@62.906C soc1@60.781C VDD_IN 16609mW/16508mW VDD_CPU_GPU_CV 7716mW/7487mW VDD_SOC 3890mW/3957mW
08-11-2026 23:38:53 RAM 6372/7607MB (lfb 24x1MB) SWAP 1440/16384MB (cached 129MB) CPU [27%@1344,3%@1344,2%@1344,4%@1344,66%@729,0%@729] GR3D_FREQ 6% cpu@61.937C soc2@60.812C soc0@61.625C gpu@61.593C tj@61.937C soc1@60.718C VDD_IN 14413mW/16505mW VDD_CPU_GPU_CV 5471mW/7484mW VDD_SOC 3902mW/3957mW
08-11-2026 23:38:54 RAM 5645/7607MB (lfb 56x4MB) SWAP 1440/16384MB (cached 129MB) CPU [23%@729,16%@729,15%@729,19%@729,20%@1344,84%@1344] GR3D_FREQ 99% cpu@62.343C soc2@60.906C soc0@61.625C gpu@63.187C tj@63.187C soc1@60.75C VDD_IN 17250mW/16506mW VDD_CPU_GPU_CV 7977mW/7485mW VDD_SOC 4119mW/3957mW
08-11-2026 23:38:55 RAM 5643/7607MB (lfb 56x4MB) SWAP 1440/16384MB (cached 129MB) CPU [17%@1344,21%@1344,17%@1344,66%@1344,43%@729,27%@729] GR3D_FREQ 98% cpu@62.187C soc2@60.781C soc0@61.656C gpu@63.281C tj@63.281C soc1@60.781C VDD_IN 17290mW/16508mW VDD_CPU_GPU_CV 8446mW/7486mW VDD_SOC 3883mW/3957mW
08-11-2026 23:38:56 RAM 5637/7607MB (lfb 58x4MB) SWAP 1440/16384MB (cached 129MB) CPU [19%@729,20%@729,55%@729,26%@729,54%@1344,22%@1344] GR3D_FREQ 97% cpu@61.718C soc2@61C soc0@61.593C gpu@63.281C tj@63.281C soc1@60.718C VDD_IN 16897mW/16508mW VDD_CPU_GPU_CV 8029mW/7487mW VDD_SOC 3890mW/3957mW
08-11-2026 23:38:57 RAM 6423/7607MB (lfb 27x1MB) SWAP 1440/16384MB (cached 129MB) CPU [17%@1344,17%@1344,9%@1344,14%@1344,66%@1344,35%@1344] GR3D_FREQ 76% cpu@61.968C soc2@60.75C soc0@61.718C gpu@62.5C tj@62.5C soc1@60.718C VDD_IN 14571mW/16505mW VDD_CPU_GPU_CV 5815mW/7485mW VDD_SOC 3863mW/3957mW
08-11-2026 23:38:58 RAM 5646/7607MB (lfb 57x4MB) SWAP 1440/16384MB (cached 129MB) CPU [25%@729,11%@729,14%@729,12%@729,15%@1344,86%@1344] GR3D_FREQ 99% cpu@62.406C soc2@60.968C soc0@61.562C gpu@62.5C tj@62.5C soc1@60.781C VDD_IN 17329mW/16507mW VDD_CPU_GPU_CV 7586mW/7485mW VDD_SOC 4315mW/3958mW
08-11-2026 23:38:59 RAM 5645/7607MB (lfb 59x4MB) SWAP 1440/16384MB (cached 129MB) CPU [22%@729,19%@729,18%@729,16%@729,40%@1344,83%@1344] GR3D_FREQ 97% cpu@62.187C soc2@60.968C soc0@61.625C gpu@63.156C tj@63.156C soc1@60.75C VDD_IN 17290mW/16508mW VDD_CPU_GPU_CV 8485mW/7486mW VDD_SOC 3844mW/3957mW
08-11-2026 23:39:00 RAM 5641/7607MB (lfb 58x4MB) SWAP 1440/16384MB (cached 129MB) CPU [21%@729,48%@729,22%@729,17%@729,13%@1344,68%@1344] GR3D_FREQ 98% cpu@61.843C soc2@60.937C soc0@61.687C gpu@63.062C tj@63.062C soc1@60.843C VDD_IN 16936mW/16508mW VDD_CPU_GPU_CV 8068mW/7487mW VDD_SOC 3883mW/3957mW
08-11-2026 23:39:01 RAM 6440/7607MB (lfb 29x1MB) SWAP 1440/16384MB (cached 129MB) CPU [11%@1344,39%@1344,9%@1344,9%@1344,7%@1344,73%@1344] GR3D_FREQ 98% cpu@62.218C soc2@60.812C soc0@61.5C gpu@62.562C tj@62.562C soc1@60.75C VDD_IN 14902mW/16506mW VDD_CPU_GPU_CV 6169mW/7485mW VDD_SOC 3824mW/3957mW
08-11-2026 23:39:02 RAM 5645/7607MB (lfb 56x4MB) SWAP 1440/16384MB (cached 129MB) CPU [21%@883,19%@883,12%@883,17%@883,4%@1344,86%@1344] GR3D_FREQ 99% cpu@62.406C soc2@61C soc0@61.593C gpu@62.687C tj@63.062C soc1@60.812C VDD_IN 17565mW/16508mW VDD_CPU_GPU_CV 7586mW/7485mW VDD_SOC 4354mW/3958mW
08-11-2026 23:39:03 RAM 5644/7607MB (lfb 57x4MB) SWAP 1440/16384MB (cached 129MB) CPU [28%@729,23%@729,15%@729,19%@729,30%@1344,80%@1344] GR3D_FREQ 98% cpu@62C soc2@60.875C soc0@61.593C gpu@63.406C tj@63.406C soc1@60.718C VDD_IN 17368mW/16509mW VDD_CPU_GPU_CV 8563mW/7487mW VDD_SOC 3844mW/3958mW
08-11-2026 23:39:04 RAM 5641/7607MB (lfb 56x4MB) SWAP 1440/16384MB (cached 129MB) CPU [43%@729,22%@729,16%@729,40%@729,13%@1344,66%@1344] GR3D_FREQ 97% cpu@62.187C soc2@60.906C soc0@61.531C gpu@63.312C tj@63.312C soc1@60.812C VDD_IN 17054mW/16510mW VDD_CPU_GPU_CV 8094mW/7488mW VDD_SOC 3883mW/3957mW
08-11-2026 23:39:05 RAM 6438/7607MB (lfb 27x1MB) SWAP 1440/16384MB (cached 129MB) CPU [41%@1344,10%@1344,12%@1344,11%@1344,10%@1344,72%@1344] GR3D_FREQ 98% cpu@62.187C soc2@60.875C soc0@61.656C gpu@62.437C tj@62.437C soc1@60.625C VDD_IN 14689mW/16507mW VDD_CPU_GPU_CV 6130mW/7486mW VDD_SOC 3745mW/3957mW
08-11-2026 23:39:06 RAM 5694/7607MB (lfb 57x4MB) SWAP 1440/16384MB (cached 129MB) CPU [31%@1344,12%@1344,13%@1344,13%@1344,85%@729,13%@729] GR3D_FREQ 99% cpu@62.093C soc2@60.937C soc0@61.718C gpu@62.687C tj@62.687C soc1@60.781C VDD_IN 17565mW/16508mW VDD_CPU_GPU_CV 7547mW/7486mW VDD_SOC 4354mW/3958mW
08-11-2026 23:39:07 RAM 5641/7607MB (lfb 57x4MB) SWAP 1440/16384MB (cached 129MB) CPU [42%@729,17%@729,16%@729,19%@729,90%@1344,14%@1344] GR3D_FREQ 97% cpu@62C soc2@60.906C soc0@61.593C gpu@63.125C tj@63.125C soc1@60.687C VDD_IN 17329mW/16510mW VDD_CPU_GPU_CV 8563mW/7487mW VDD_SOC 3844mW/3958mW
08-11-2026 23:39:08 RAM 5642/7607MB (lfb 57x4MB) SWAP 1440/16384MB (cached 129MB) CPU [27%@729,32%@729,23%@729,51%@729,67%@1344,21%@1344] GR3D_FREQ 97% cpu@61.781C soc2@60.875C soc0@61.5C gpu@63.125C tj@63.125C soc1@60.781C VDD_IN 17093mW/16510mW VDD_CPU_GPU_CV 8211mW/7488mW VDD_SOC 3883mW/3957mW
08-11-2026 23:39:09 RAM 6442/7607MB (lfb 29x1MB) SWAP 1440/16384MB (cached 129MB) CPU [16%@1344,14%@1344,19%@1344,46%@1344,42%@1344,35%@1344] GR3D_FREQ 97% cpu@62.375C soc2@60.843C soc0@61.75C gpu@62.781C tj@62.781C soc1@60.812C VDD_IN 15651mW/16509mW VDD_CPU_GPU_CV 6865mW/7488mW VDD_SOC 3896mW/3957mW
08-11-2026 23:39:10 RAM 5841/7607MB (lfb 39x4MB) SWAP 1440/16384MB (cached 129MB) CPU [33%@1344,14%@1344,15%@1344,14%@1344,11%@729,81%@729] GR3D_FREQ 32% cpu@62.093C soc2@61.031C soc0@61.687C gpu@62.531C tj@62.531C soc1@60.625C VDD_IN 17329mW/16510mW VDD_CPU_GPU_CV 7390mW/7487mW VDD_SOC 4315mW/3958mW
08-11-2026 23:39:11 RAM 5642/7607MB (lfb 55x4MB) SWAP 1440/16384MB (cached 129MB) CPU [39%@729,14%@729,15%@729,17%@729,11%@1267,93%@1267] GR3D_FREQ 97% cpu@61.781C soc2@60.875C soc0@61.75C gpu@63.187C tj@63.187C soc1@60.687C VDD_IN 17250mW/16511mW VDD_CPU_GPU_CV 8446mW/7489mW VDD_SOC 3844mW/3958mW
08-11-2026 23:39:12 RAM 5643/7607MB (lfb 55x4MB) SWAP 1440/16384MB (cached 129MB) CPU [22%@1344,17%@1344,50%@1344,35%@1344,41%@729,16%@729] GR3D_FREQ 99% cpu@62.375C soc2@60.875C soc0@61.531C gpu@63.187C tj@63.187C soc1@60.625C VDD_IN 17015mW/16512mW VDD_CPU_GPU_CV 8133mW/7490mW VDD_SOC 3883mW/3958mW
08-11-2026 23:39:13 RAM 6453/7607MB (lfb 26x1MB) SWAP 1440/16384MB (cached 129MB) CPU [16%@1344,18%@1344,72%@1344,25%@1344,12%@1344,41%@1344] GR3D_FREQ 98% cpu@62.468C soc2@60.875C soc0@61.562C gpu@62.812C tj@62.531C soc1@60.781C VDD_IN 14981mW/16510mW VDD_CPU_GPU_CV 6405mW/7488mW VDD_SOC 3778mW/3957mW
08-11-2026 23:39:14 RAM 5740/7607MB (lfb 56x4MB) SWAP 1441/16384MB (cached 128MB) CPU [6%@729,7%@729,84%@729,7%@729,24%@1344,10%@1344] GR3D_FREQ 98% cpu@62.406C soc2@60.968C soc0@61.718C gpu@62.875C tj@62.875C soc1@60.781C VDD_IN 17526mW/16511mW VDD_CPU_GPU_CV 7547mW/7488mW VDD_SOC 4354mW/3958mW
08-11-2026 23:39:15 RAM 5644/7607MB (lfb 55x4MB) SWAP 1441/16384MB (cached 128MB) CPU [14%@1344,15%@1344,95%@1344,13%@1344,39%@729,14%@729] GR3D_FREQ 97% cpu@61.937C soc2@60.968C soc0@61.625C gpu@63.125C tj@63.125C soc1@60.687C VDD_IN 17329mW/16513mW VDD_CPU_GPU_CV 8524mW/7490mW VDD_SOC 3844mW/3958mW
08-11-2026 23:39:16 RAM 5641/7607MB (lfb 54x4MB) SWAP 1441/16384MB (cached 128MB) CPU [44%@729,15%@729,30%@729,12%@729,28%@1344,43%@1344] GR3D_FREQ 97% cpu@61.906C soc2@60.875C soc0@61.625C gpu@62.937C tj@62.937C soc1@60.656C VDD_IN 16897mW/16513mW VDD_CPU_GPU_CV 8068mW/7491mW VDD_SOC 3890mW/3958mW
08-11-2026 23:39:17 RAM 6465/7607MB (lfb 28x1MB) SWAP 1441/16384MB (cached 128MB) CPU [18%@1344,52%@1344,14%@1344,15%@1344,15%@1344,68%@1344] GR3D_FREQ 97% cpu@62.531C soc2@60.968C soc0@61.593C gpu@62.687C tj@62.687C soc1@60.781C VDD_IN 15901mW/16512mW VDD_CPU_GPU_CV 7022mW/7490mW VDD_SOC 3929mW/3958mW
08-11-2026 23:39:18 RAM 5905/7607MB (lfb 28x4MB) SWAP 1441/16384MB (cached 128MB) CPU [5%@1344,28%@1344,4%@1344,6%@1344,8%@729,79%@729] GR3D_FREQ 17% cpu@62.093C soc2@60.968C soc0@61.625C gpu@62.281C tj@62.281C soc1@60.812C VDD_IN 16975mW/16513mW VDD_CPU_GPU_CV 7206mW/7489mW VDD_SOC 4276mW/3958mW
08-11-2026 23:39:19 RAM 5648/7607MB (lfb 53x4MB) SWAP 1441/16384MB (cached 128MB) CPU [22%@729,42%@729,26%@729,25%@729,74%@883,43%@883] GR3D_FREQ 99% cpu@62.031C soc2@60.875C soc0@61.687C gpu@63.343C tj@63.343C soc1@60.718C VDD_IN 17408mW/16514mW VDD_CPU_GPU_CV 8563mW/7491mW VDD_SOC 3844mW/3958mW
08-11-2026 23:39:20 RAM 5638/7607MB (lfb 60x4MB) SWAP 1441/16384MB (cached 128MB) CPU [20%@729,45%@729,14%@729,23%@729,25%@1344,73%@1344] GR3D_FREQ 97% cpu@61.906C soc2@60.875C soc0@61.593C gpu@63.312C tj@63.312C soc1@60.656C VDD_IN 17172mW/16515mW VDD_CPU_GPU_CV 8290mW/7492mW VDD_SOC 3923mW/3958mW
08-11-2026 23:39:21 RAM 6469/7607MB (lfb 32x1MB) SWAP 1441/16384MB (cached 128MB) CPU [47%@1344,17%@1344,20%@1344,21%@1344,19%@1344,63%@1344] GR3D_FREQ 98% cpu@62.093C soc2@60.906C soc0@61.562C gpu@63.062C tj@63.062C soc1@60.781C VDD_IN 16413mW/16515mW VDD_CPU_GPU_CV 7454mW/7492mW VDD_SOC 3929mW/3958mW
08-11-2026 23:39:22 RAM 6103/7607MB (lfb 9x4MB) SWAP 1441/16384MB (cached 128MB) CPU [8%@1344,18%@1344,3%@1344,5%@1344,2%@1344,79%@1344] GR3D_FREQ 17% cpu@62.062C soc2@60.875C soc0@61.718C gpu@62.187C tj@62.187C soc1@60.718C VDD_IN 15901mW/16514mW VDD_CPU_GPU_CV 6434mW/7491mW VDD_SOC 4132mW/3958mW
08-11-2026 23:39:23 RAM 5640/7607MB (lfb 60x4MB) SWAP 1441/16384MB (cached 128MB) CPU [20%@729,33%@729,15%@729,20%@729,17%@729,87%@729] GR3D_FREQ 99% cpu@61.718C soc2@61.062C soc0@61.656C gpu@63.25C tj@63.25C soc1@60.812C VDD_IN 17526mW/16515mW VDD_CPU_GPU_CV 8172mW/7491mW VDD_SOC 4119mW/3958mW
08-11-2026 23:39:24 RAM 5639/7607MB (lfb 59x4MB) SWAP 1441/16384MB (cached 128MB) CPU [23%@1344,60%@1344,63%@1344,19%@1344,23%@729,34%@729] GR3D_FREQ 97% cpu@62.093C soc2@61.031C soc0@61.625C gpu@63.156C tj@63.156C soc1@60.687C VDD_IN 17486mW/16517mW VDD_CPU_GPU_CV 8563mW/7493mW VDD_SOC 3883mW/3958mW
08-11-2026 23:39:25 RAM 5637/7607MB (lfb 60x4MB) SWAP 1441/16384MB (cached 128MB) CPU [18%@729,19%@729,34%@729,32%@729,40%@1344,27%@1344] GR3D_FREQ 97% cpu@61.875C soc2@60.843C soc0@61.718C gpu@62.968C tj@62.968C soc1@60.718C VDD_IN 16570mW/16517mW VDD_CPU_GPU_CV 7676mW/7493mW VDD_SOC 3929mW/3958mW
08-11-2026 23:39:26 RAM 6358/7607MB (lfb 41x1MB) SWAP 1441/16384MB (cached 128MB) CPU [8%@729,4%@729,2%@729,1%@729,21%@1344,66%@1344] GR3D_FREQ 12% cpu@61.75C soc2@60.75C soc0@61.531C gpu@61.781C tj@61.781C soc1@60.812C VDD_IN 14808mW/16514mW VDD_CPU_GPU_CV 5619mW/7491mW VDD_SOC 3981mW/3958mW
08-11-2026 23:39:27 RAM 5638/7607MB (lfb 60x4MB) SWAP 1441/16384MB (cached 128MB) CPU [16%@1344,12%@1344,20%@1344,73%@1344,15%@883,19%@883] GR3D_FREQ 99% cpu@62.187C soc2@61C soc0@61.656C gpu@63.093C tj@63.093C soc1@60.718C VDD_IN 17250mW/16515mW VDD_CPU_GPU_CV 7977mW/7491mW VDD_SOC 4119mW/3958mW
08-11-2026 23:39:28 RAM 5636/7607MB (lfb 59x4MB) SWAP 1441/16384MB (cached 128MB) CPU [21%@1344,19%@1344,92%@1344,17%@1344,18%@729,53%@729] GR3D_FREQ 98% cpu@62.156C soc2@60.937C soc0@61.531C gpu@63.218C tj@63.218C soc1@60.812C VDD_IN 17408mW/16517mW VDD_CPU_GPU_CV 8563mW/7493mW VDD_SOC 3883mW/3958mW
08-11-2026 23:39:29 RAM 5636/7607MB (lfb 59x4MB) SWAP 1441/16384MB (cached 128MB) CPU [26%@1344,18%@1344,80%@1344,21%@1344,22%@1113,56%@1113] GR3D_FREQ 98% cpu@62.093C soc2@60.968C soc0@61.625C gpu@63.062C tj@63.062C soc1@60.593C VDD_IN 16818mW/16517mW VDD_CPU_GPU_CV 7990mW/7493mW VDD_SOC 3890mW/3958mW
08-11-2026 23:39:30 RAM 6427/7607MB (lfb 38x1MB) SWAP 1441/16384MB (cached 128MB) CPU [11%@1344,38%@1344,10%@1344,23%@1344,44%@1344,43%@1344] GR3D_FREQ 98% cpu@62.125C soc2@60.843C soc0@61.781C gpu@62.593C tj@62.593C soc1@60.656C VDD_IN 15217mW/16515mW VDD_CPU_GPU_CV 6287mW/7492mW VDD_SOC 3936mW/3958mW
08-11-2026 23:39:31 RAM 5638/7607MB (lfb 59x4MB) SWAP 1441/16384MB (cached 128MB) CPU [15%@1344,86%@1344,15%@1344,15%@1344,15%@729,13%@729] GR3D_FREQ 99% cpu@62.031C soc2@61.093C soc0@61.593C gpu@62.375C tj@62.375C soc1@60.75C VDD_IN 17408mW/16517mW VDD_CPU_GPU_CV 7586mW/7492mW VDD_SOC 4354mW/3959mW
08-11-2026 23:39:32 RAM 5642/7607MB (lfb 60x4MB) SWAP 1441/16384MB (cached 128MB) CPU [16%@1344,29%@1344,88%@1344,17%@1344,31%@729,14%@729] GR3D_FREQ 98% cpu@62.343C soc2@61.031C soc0@61.625C gpu@63.062C tj@63.062C soc1@60.75C VDD_IN 17447mW/16518mW VDD_CPU_GPU_CV 8641mW/7494mW VDD_SOC 3844mW/3959mW
08-11-2026 23:39:33 RAM 5642/7607MB (lfb 59x4MB) SWAP 1441/16384MB (cached 128MB) CPU [19%@1344,15%@1344,66%@1344,26%@1344,21%@729,57%@729] GR3D_FREQ 97% cpu@62.343C soc2@60.968C soc0@61.625C gpu@62.937C tj@62.937C soc1@60.843C VDD_IN 17093mW/16519mW VDD_CPU_GPU_CV 8211mW/7494mW VDD_SOC 3923mW/3958mW
08-11-2026 23:39:34 RAM 6472/7607MB (lfb 1x2MB) SWAP 1441/16384MB (cached 128MB) CPU [31%@1344,13%@1344,70%@1344,14%@1344,43%@729,10%@729] GR3D_FREQ 99% cpu@62.125C soc2@60.968C soc0@61.687C gpu@62.718C tj@62.718C soc1@60.625C VDD_IN 16137mW/16518mW VDD_CPU_GPU_CV 7140mW/7494mW VDD_SOC 3929mW/3958mW
08-11-2026 23:39:35 RAM 5964/7607MB (lfb 34x4MB) SWAP 1441/16384MB (cached 128MB) CPU [16%@1344,5%@1344,80%@1344,5%@1344,35%@1344,1%@1344] GR3D_FREQ 17% cpu@61.875C soc2@61C soc0@61.781C gpu@62.093C tj@62.093C soc1@60.718C VDD_IN 16806mW/16518mW VDD_CPU_GPU_CV 7089mW/7493mW VDD_SOC 4283mW/3959mW
08-11-2026 23:39:36 RAM 5644/7607MB (lfb 57x4MB) SWAP 1441/16384MB (cached 128MB) CPU [20%@729,18%@729,37%@729,19%@729,90%@729,14%@729] GR3D_FREQ 99% cpu@62C soc2@60.968C soc0@61.562C gpu@62.906C tj@62.906C soc1@60.812C VDD_IN 17526mW/16520mW VDD_CPU_GPU_CV 8485mW/7495mW VDD_SOC 4040mW/3959mW
08-11-2026 23:39:37 RAM 5643/7607MB (lfb 58x4MB) SWAP 1441/16384MB (cached 128MB) CPU [18%@729,21%@729,17%@729,53%@729,23%@1344,75%@1344] GR3D_FREQ 97% cpu@62.156C soc2@60.906C soc0@61.625C gpu@63.062C tj@63.062C soc1@60.781C VDD_IN 17250mW/16521mW VDD_CPU_GPU_CV 8368mW/7496mW VDD_SOC 3883mW/3959mW
08-11-2026 23:39:38 RAM 6170/7607MB (lfb 36x1MB) SWAP 1441/16384MB (cached 128MB) CPU [23%@1344,60%@1344,19%@1344,21%@1344,44%@1344,35%@1344] GR3D_FREQ 98% cpu@62.125C soc2@61C soc0@61.625C gpu@62.843C tj@62.843C soc1@60.75C VDD_IN 16767mW/16521mW VDD_CPU_GPU_CV 7794mW/7496mW VDD_SOC 3929mW/3959mW
08-11-2026 23:39:39 RAM 6264/7607MB (lfb 1x2MB) SWAP 1441/16384MB (cached 128MB) CPU [58%@1344,28%@1344,5%@1344,7%@1344,14%@729,0%@729] GR3D_FREQ 17% cpu@62.312C soc2@60.906C soc0@61.718C gpu@62.062C tj@62.312C soc1@60.843C VDD_IN 15454mW/16520mW VDD_CPU_GPU_CV 6080mW/7494mW VDD_SOC 4093mW/3959mW
08-11-2026 23:39:40 RAM 5649/7607MB (lfb 58x4MB) SWAP 1441/16384MB (cached 128MB) CPU [31%@1344,80%@1344,20%@1344,32%@1344,12%@729,14%@729] GR3D_FREQ 99% cpu@61.906C soc2@61.093C soc0@61.718C gpu@63.218C tj@63.218C soc1@60.75C VDD_IN 17604mW/16521mW VDD_CPU_GPU_CV 8211mW/7495mW VDD_SOC 4158mW/3959mW
08-11-2026 23:39:41 RAM 5647/7607MB (lfb 57x4MB) SWAP 1441/16384MB (cached 128MB) CPU [20%@729,23%@729,16%@729,42%@729,77%@1344,21%@1344] GR3D_FREQ 99% cpu@61.937C soc2@60.875C soc0@61.593C gpu@63.343C tj@63.343C soc1@60.687C VDD_IN 17368mW/16522mW VDD_CPU_GPU_CV 8446mW/7497mW VDD_SOC 3883mW/3959mW
08-11-2026 23:39:42 RAM 5640/7607MB (lfb 59x4MB) SWAP 1441/16384MB (cached 128MB) CPU [43%@729,21%@729,20%@729,17%@729,64%@1344,15%@1344] GR3D_FREQ 97% cpu@62.062C soc2@60.937C soc0@61.593C gpu@63.218C tj@63.218C soc1@60.812C VDD_IN 16728mW/16523mW VDD_CPU_GPU_CV 7794mW/7497mW VDD_SOC 3890mW/3959mW
08-11-2026 23:39:43 RAM 6389/7607MB (lfb 33x1MB) SWAP 1441/16384MB (cached 128MB) CPU [3%@1344,2%@1344,26%@1344,11%@1344,41%@1344,36%@1344] GR3D_FREQ 4% cpu@62.125C soc2@60.781C soc0@61.656C gpu@61.875C tj@61.937C soc1@60.875C VDD_IN 14255mW/16520mW VDD_CPU_GPU_CV 5392mW/7494mW VDD_SOC 3863mW/3959mW
08-11-2026 23:39:44 RAM 5642/7607MB (lfb 60x4MB) SWAP 1441/16384MB (cached 128MB) CPU [18%@1344,17%@1344,25%@1344,22%@1344,21%@1344,76%@1344] GR3D_FREQ 99% cpu@62.25C soc2@61C soc0@61.656C gpu@63.25C tj@63.25C soc1@60.843C VDD_IN 17329mW/16521mW VDD_CPU_GPU_CV 7977mW/7495mW VDD_SOC 4158mW/3959mW
08-11-2026 23:39:45 RAM 5642/7607MB (lfb 60x4MB) SWAP 1441/16384MB (cached 128MB) CPU [20%@729,20%@729,53%@729,20%@729,84%@1344,21%@1344] GR3D_FREQ 98% cpu@61.75C soc2@60.937C soc0@61.656C gpu@63.437C tj@63.437C soc1@60.781C VDD_IN 17526mW/16522mW VDD_CPU_GPU_CV 8602mW/7496mW VDD_SOC 3883mW/3959mW
08-11-2026 23:39:46 RAM 5643/7607MB (lfb 59x4MB) SWAP 1441/16384MB (cached 128MB) CPU [31%@729,24%@729,27%@729,20%@729,66%@1344,55%@1344] GR3D_FREQ 97% cpu@61.937C soc2@60.937C soc0@61.625C gpu@63.062C tj@63.062C soc1@60.718C VDD_IN 17133mW/16523mW VDD_CPU_GPU_CV 8172mW/7497mW VDD_SOC 3923mW/3959mW
08-11-2026 23:39:47 RAM 6438/7607MB (lfb 38x1MB) SWAP 1441/16384MB (cached 128MB) CPU [25%@1344,11%@1344,8%@1344,9%@1344,62%@1344,33%@1344] GR3D_FREQ 98% cpu@62.468C soc2@60.875C soc0@61.625C gpu@62.531C tj@62.531C soc1@60.812C VDD_IN 14705mW/16520mW VDD_CPU_GPU_CV 6051mW/7495mW VDD_SOC 3824mW/3959mW
08-11-2026 23:39:48 RAM 5647/7607MB (lfb 61x4MB) SWAP 1441/16384MB (cached 128MB) CPU [86%@1344,19%@1344,20%@1344,17%@1344,16%@729,14%@729] GR3D_FREQ 99% cpu@61.968C soc2@61.125C soc0@61.687C gpu@62.562C tj@62.562C soc1@60.75C VDD_IN 17368mW/16522mW VDD_CPU_GPU_CV 7468mW/7495mW VDD_SOC 4354mW/3959mW
08-11-2026 23:39:49 RAM 5645/7607MB (lfb 58x4MB) SWAP 1441/16384MB (cached 128MB) CPU [36%@729,29%@729,24%@729,22%@729,72%@1344,21%@1344] GR3D_FREQ 97% cpu@62.031C soc2@60.906C soc0@61.718C gpu@63.218C tj@63.218C soc1@60.656C VDD_IN 17486mW/16523mW VDD_CPU_GPU_CV 8641mW/7497mW VDD_SOC 3883mW/3959mW
08-11-2026 23:39:50 RAM 5644/7607MB (lfb 59x4MB) SWAP 1441/16384MB (cached 128MB) CPU [25%@729,26%@729,13%@729,17%@729,59%@1344,35%@1344] GR3D_FREQ 97% cpu@61.843C soc2@60.906C soc0@61.687C gpu@63.437C tj@63.437C soc1@60.625C VDD_IN 16936mW/16523mW VDD_CPU_GPU_CV 8055mW/7498mW VDD_SOC 3890mW/3959mW
08-11-2026 23:39:51 RAM 6463/7607MB (lfb 37x1MB) SWAP 1441/16384MB (cached 128MB) CPU [34%@1344,33%@1344,44%@1344,36%@1344,79%@1344,38%@1344] GR3D_FREQ 97% cpu@62.562C soc2@61.031C soc0@61.562C gpu@63.031C tj@63.031C soc1@60.781C VDD_IN 16373mW/16523mW VDD_CPU_GPU_CV 7363mW/7497mW VDD_SOC 3968mW/3959mW
08-11-2026 23:39:52 RAM 5898/7607MB (lfb 33x4MB) SWAP 1441/16384MB (cached 128MB) CPU [13%@1344,6%@1344,30%@1344,10%@1344,6%@729,80%@729] GR3D_FREQ 40% cpu@62.593C soc2@61C soc0@61.687C gpu@62.781C tj@62.781C soc1@60.843C VDD_IN 17054mW/16524mW VDD_CPU_GPU_CV 7246mW/7497mW VDD_SOC 4315mW/3960mW
08-11-2026 23:39:53 RAM 5641/7607MB (lfb 59x4MB) SWAP 1441/16384MB (cached 128MB) CPU [22%@729,23%@729,39%@729,22%@729,17%@729,79%@729] GR3D_FREQ 99% cpu@62.062C soc2@61.062C soc0@61.718C gpu@62.843C tj@62.843C soc1@60.812C VDD_IN 17761mW/16525mW VDD_CPU_GPU_CV 8368mW/7498mW VDD_SOC 4158mW/3960mW
08-11-2026 23:39:54 RAM 5640/7607MB (lfb 59x4MB) SWAP 1441/16384MB (cached 128MB) CPU [20%@729,38%@729,14%@729,61%@729,46%@1344,21%@1344] GR3D_FREQ 98% cpu@61.781C soc2@61C soc0@61.687C gpu@63.062C tj@63.218C soc1@60.75C VDD_IN 17250mW/16526mW VDD_CPU_GPU_CV 8368mW/7499mW VDD_SOC 3883mW/3960mW
08-11-2026 23:39:55 RAM 5643/7607MB (lfb 59x4MB) SWAP 1441/16384MB (cached 128MB) CPU [29%@1344,15%@1344,18%@1344,17%@1344,72%@729,42%@729] GR3D_FREQ 97% cpu@61.968C soc2@61.031C soc0@61.812C gpu@63.031C tj@63.031C soc1@60.781C VDD_IN 16570mW/16527mW VDD_CPU_GPU_CV 7676mW/7500mW VDD_SOC 3929mW/3960mW
08-11-2026 23:39:56 RAM 6287/7607MB (lfb 1x4MB) SWAP 1441/16384MB (cached 128MB) CPU [31%@1344,3%@1344,1%@1344,4%@1344,42%@1344,23%@1344] GR3D_FREQ 19% cpu@62.062C soc2@60.875C soc0@61.687C gpu@61.937C tj@62.093C soc1@60.781C VDD_IN 15296mW/16525mW VDD_CPU_GPU_CV 6012mW/7498mW VDD_SOC 4054mW/3960mW
08-11-2026 23:39:57 RAM 5644/7607MB (lfb 58x4MB) SWAP 1441/16384MB (cached 128MB) CPU [41%@729,24%@729,22%@729,22%@729,80%@1190,10%@1190] GR3D_FREQ 99% cpu@62.093C soc2@61C soc0@61.656C gpu@63.218C tj@63.218C soc1@60.812C VDD_IN 17447mW/16526mW VDD_CPU_GPU_CV 8055mW/7498mW VDD_SOC 4158mW/3960mW
08-11-2026 23:39:58 RAM 5641/7607MB (lfb 57x4MB) SWAP 1441/16384MB (cached 128MB) CPU [27%@729,18%@729,16%@729,16%@729,39%@1344,70%@1344] GR3D_FREQ 98% cpu@61.937C soc2@61.031C soc0@61.656C gpu@63.25C tj@63.25C soc1@60.812C VDD_IN 17329mW/16527mW VDD_CPU_GPU_CV 8407mW/7500mW VDD_SOC 3883mW/3960mW
08-11-2026 23:39:59 RAM 5640/7607MB (lfb 59x4MB) SWAP 1441/16384MB (cached 128MB) CPU [20%@729,17%@729,16%@729,53%@729,12%@1344,64%@1344] GR3D_FREQ 97% cpu@61.968C soc2@60.937C soc0@61.75C gpu@63.125C tj@63.125C soc1@60.812C VDD_IN 16767mW/16527mW VDD_CPU_GPU_CV 7794mW/7500mW VDD_SOC 3929mW/3960mW
08-11-2026 23:40:00 RAM 6416/7607MB (lfb 38x1MB) SWAP 1441/16384MB (cached 128MB) CPU [42%@1344,5%@1344,4%@1344,9%@1344,3%@1344,71%@1344] GR3D_FREQ 57% cpu@62.062C soc2@60.812C soc0@61.625C gpu@62.312C tj@62.312C soc1@60.781C VDD_IN 14902mW/16525mW VDD_CPU_GPU_CV 5933mW/7498mW VDD_SOC 3936mW/3960mW
08-11-2026 23:40:01 RAM 5640/7607MB (lfb 61x4MB) SWAP 1441/16384MB (cached 128MB) CPU [24%@729,19%@729,13%@729,21%@729,13%@1344,86%@1344] GR3D_FREQ 99% cpu@62.593C soc2@61.031C soc0@61.75C gpu@62.562C tj@62.593C soc1@60.843C VDD_IN 17447mW/16527mW VDD_CPU_GPU_CV 7703mW/7498mW VDD_SOC 4276mW/3960mW
08-11-2026 23:40:02 RAM 5643/7607MB (lfb 60x4MB) SWAP 1441/16384MB (cached 128MB) CPU [43%@729,33%@729,17%@729,20%@729,15%@1344,78%@1344] GR3D_FREQ 97% cpu@62.093C soc2@61C soc0@61.625C gpu@63.156C tj@63.156C soc1@60.843C VDD_IN 17643mW/16528mW VDD_CPU_GPU_CV 8759mW/7500mW VDD_SOC 3883mW/3960mW
08-11-2026 23:40:03 RAM 5644/7607MB (lfb 61x4MB) SWAP 1440/16384MB (cached 129MB) CPU [20%@729,52%@729,20%@729,24%@729,13%@1344,63%@1344] GR3D_FREQ 97% cpu@61.906C soc2@61.062C soc0@61.625C gpu@63.062C tj@63.062C soc1@60.875C VDD_IN 17172mW/16529mW VDD_CPU_GPU_CV 8250mW/7501mW VDD_SOC 3923mW/3960mW
08-11-2026 23:40:04 RAM 6455/7607MB (lfb 38x1MB) SWAP 1440/16384MB (cached 129MB) CPU [18%@1344,41%@1344,16%@1344,12%@1344,10%@1344,78%@1344] GR3D_FREQ 98% cpu@62.343C soc2@61.093C soc0@61.718C gpu@62.687C tj@62.687C soc1@60.718C VDD_IN 15296mW/16527mW VDD_CPU_GPU_CV 6562mW/7500mW VDD_SOC 3857mW/3960mW
08-11-2026 23:40:05 RAM 5766/7607MB (lfb 58x4MB) SWAP 1440/16384MB (cached 129MB) CPU [5%@1344,7%@1344,27%@1344,9%@1344,10%@729,83%@729] GR3D_FREQ 98% cpu@62.593C soc2@60.968C soc0@61.593C gpu@63C tj@63C soc1@60.687C VDD_IN 17565mW/16529mW VDD_CPU_GPU_CV 7586mW/7500mW VDD_SOC 4354mW/3961mW
08-11-2026 23:40:06 RAM 5640/7607MB (lfb 57x4MB) SWAP 1440/16384MB (cached 129MB) CPU [20%@729,14%@729,40%@729,18%@729,19%@729,72%@729] GR3D_FREQ 99% cpu@62.343C soc2@61.093C soc0@61.718C gpu@63.25C tj@63.25C soc1@60.75C VDD_IN 17643mW/16530mW VDD_CPU_GPU_CV 8563mW/7501mW VDD_SOC 4040mW/3961mW
08-11-2026 23:40:07 RAM 5643/7607MB (lfb 56x4MB) SWAP 1440/16384MB (cached 129MB) CPU [23%@729,49%@729,16%@729,20%@729,81%@1344,16%@1344] GR3D_FREQ 97% cpu@61.968C soc2@61.031C soc0@61.625C gpu@63.343C tj@63.343C soc1@60.843C VDD_IN 17211mW/16531mW VDD_CPU_GPU_CV 8329mW/7502mW VDD_SOC 3883mW/3961mW
08-11-2026 23:40:08 RAM 5640/7607MB (lfb 66x4MB) SWAP 1440/16384MB (cached 129MB) CPU [47%@729,20%@729,32%@729,22%@729,74%@1344,16%@1344] GR3D_FREQ 97% cpu@61.937C soc2@60.968C soc0@61.687C gpu@63.093C tj@63.093C soc1@60.875C VDD_IN 15980mW/16530mW VDD_CPU_GPU_CV 7140mW/7502mW VDD_SOC 3890mW/3961mW
08-11-2026 23:40:09 RAM 6037/7607MB (lfb 29x4MB) SWAP 1440/16384MB (cached 129MB) CPU [21%@1344,15%@1344,9%@1344,2%@1344,60%@729,4%@729] GR3D_FREQ 17% cpu@62.062C soc2@60.875C soc0@61.75C gpu@62.218C tj@62.218C soc1@60.812C VDD_IN 16137mW/16530mW VDD_CPU_GPU_CV 6619mW/7501mW VDD_SOC 4204mW/3961mW
08-11-2026 23:40:10 RAM 5648/7607MB (lfb 65x4MB) SWAP 1440/16384MB (cached 129MB) CPU [17%@1036,25%@1036,18%@1036,76%@1036,25%@729,15%@729] GR3D_FREQ 99% cpu@62C soc2@60.906C soc0@61.531C gpu@63.031C tj@63.031C soc1@60.75C VDD_IN 17408mW/16531mW VDD_CPU_GPU_CV 8094mW/7501mW VDD_SOC 4158mW/3961mW
08-11-2026 23:40:11 RAM 5644/7607MB (lfb 67x4MB) SWAP 1440/16384MB (cached 129MB) CPU [19%@729,18%@729,28%@729,51%@729,31%@1344,65%@1344] GR3D_FREQ 98% cpu@62.343C soc2@60.968C soc0@61.625C gpu@63.187C tj@63.187C soc1@60.75C VDD_IN 17250mW/16532mW VDD_CPU_GPU_CV 8407mW/7503mW VDD_SOC 3883mW/3961mW
08-11-2026 23:40:12 RAM 5638/7607MB (lfb 68x4MB) SWAP 1440/16384MB (cached 129MB) CPU [18%@1113,22%@1113,20%@1113,22%@1113,50%@1344,51%@1344] GR3D_FREQ 97% cpu@61.875C soc2@60.937C soc0@61.593C gpu@62.937C tj@62.937C soc1@60.875C VDD_IN 16728mW/16532mW VDD_CPU_GPU_CV 7755mW/7503mW VDD_SOC 3929mW/3961mW
08-11-2026 23:40:13 RAM 6361/7607MB (lfb 46x1MB) SWAP 1440/16384MB (cached 129MB) CPU [12%@1344,8%@1344,29%@1344,13%@1344,79%@1344,0%@1344] GR3D_FREQ 7% cpu@62.093C soc2@60.781C soc0@61.687C gpu@61.875C tj@62.093C soc1@60.687C VDD_IN 15020mW/16530mW VDD_CPU_GPU_CV 5855mW/7501mW VDD_SOC 4014mW/3961mW
08-11-2026 23:40:14 RAM 5639/7607MB (lfb 67x4MB) SWAP 1440/16384MB (cached 129MB) CPU [17%@883,19%@883,27%@883,25%@883,76%@1344,23%@1344] GR3D_FREQ 99% cpu@62.25C soc2@60.968C soc0@61.656C gpu@63.375C tj@63.375C soc1@60.718C VDD_IN 17368mW/16531mW VDD_CPU_GPU_CV 8055mW/7501mW VDD_SOC 4119mW/3961mW
08-11-2026 23:40:15 RAM 5637/7607MB (lfb 68x4MB) SWAP 1440/16384MB (cached 129MB) CPU [17%@1344,15%@1344,43%@1344,67%@1344,13%@729,39%@729] GR3D_FREQ 97% cpu@62.093C soc2@61C soc0@61.625C gpu@63.562C tj@63.562C soc1@60.781C VDD_IN 17368mW/16532mW VDD_CPU_GPU_CV 8485mW/7503mW VDD_SOC 3883mW/3961mW
08-11-2026 23:40:16 RAM 5640/7607MB (lfb 67x4MB) SWAP 1440/16384MB (cached 129MB) CPU [20%@1113,28%@1113,19%@1113,49%@1113,53%@1344,19%@1344] GR3D_FREQ 97% cpu@62.156C soc2@61C soc0@61.625C gpu@63.437C tj@63.156C soc1@60.875C VDD_IN 17015mW/16533mW VDD_CPU_GPU_CV 8094mW/7503mW VDD_SOC 3923mW/3961mW
08-11-2026 23:40:17 RAM 6449/7607MB (lfb 46x1MB) SWAP 1440/16384MB (cached 129MB) CPU [13%@1344,11%@1344,13%@1344,47%@1344,68%@1344,12%@1344] GR3D_FREQ 98% cpu@62.312C soc2@61.062C soc0@61.781C gpu@62.843C tj@62.843C soc1@60.75C VDD_IN 15901mW/16532mW VDD_CPU_GPU_CV 6904mW/7503mW VDD_SOC 3975mW/3961mW
08-11-2026 23:40:18 RAM 5723/7607MB (lfb 67x4MB) SWAP 1440/16384MB (cached 129MB) CPU [13%@1344,15%@1344,10%@1344,15%@1344,83%@729,5%@729] GR3D_FREQ 98% cpu@62.437C soc2@61.031C soc0@61.625C gpu@62.906C tj@62.906C soc1@60.781C VDD_IN 17565mW/16533mW VDD_CPU_GPU_CV 7625mW/7503mW VDD_SOC 4354mW/3962mW
08-11-2026 23:40:19 RAM 5646/7607MB (lfb 66x4MB) SWAP 1440/16384MB (cached 129MB) CPU [36%@729,16%@729,26%@729,32%@729,28%@729,74%@729] GR3D_FREQ 99% cpu@62.125C soc2@60.968C soc0@61.781C gpu@63.531C tj@63.531C soc1@60.843C VDD_IN 17447mW/16535mW VDD_CPU_GPU_CV 8602mW/7504mW VDD_SOC 3883mW/3962mW
08-11-2026 23:40:20 RAM 5646/7607MB (lfb 66x4MB) SWAP 1440/16384MB (cached 129MB) CPU [20%@1344,21%@1344,19%@1344,23%@1344,41%@1344,69%@1344] GR3D_FREQ 97% cpu@61.812C soc2@60.937C soc0@61.656C gpu@62.843C tj@62.843C soc1@60.875C VDD_IN 17093mW/16535mW VDD_CPU_GPU_CV 8172mW/7505mW VDD_SOC 3883mW/3961mW
08-11-2026 23:40:21 RAM 6169/7607MB (lfb 4x4MB) SWAP 1440/16384MB (cached 129MB) CPU [24%@1344,24%@1344,16%@1344,18%@1344,36%@729,62%@729] GR3D_FREQ 97% cpu@62.187C soc2@60.968C soc0@61.687C gpu@62.656C tj@62.656C soc1@60.718C VDD_IN 16373mW/16535mW VDD_CPU_GPU_CV 7414mW/7505mW VDD_SOC 3929mW/3961mW
08-11-2026 23:40:22 RAM 6146/7607MB (lfb 2x4MB) SWAP 1440/16384MB (cached 129MB) CPU [5%@1344,7%@1344,17%@1344,3%@1344,73%@960,6%@960] GR3D_FREQ 42% cpu@62.468C soc2@60.906C soc0@61.875C gpu@61.906C tj@62.625C soc1@60.812C VDD_IN 15887mW/16534mW VDD_CPU_GPU_CV 6394mW/7504mW VDD_SOC 4132mW/3962mW
08-11-2026 23:40:23 RAM 5637/7607MB (lfb 65x4MB) SWAP 1440/16384MB (cached 129MB) CPU [23%@729,23%@729,30%@729,20%@729,22%@1344,78%@1344] GR3D_FREQ 99% cpu@62.093C soc2@61.031C soc0@61.625C gpu@62.812C tj@62.812C soc1@60.781C VDD_IN 17290mW/16535mW VDD_CPU_GPU_CV 8016mW/7504mW VDD_SOC 4119mW/3962mW
08-11-2026 23:40:24 RAM 5642/7607MB (lfb 65x4MB) SWAP 1440/16384MB (cached 129MB) CPU [22%@729,29%@729,50%@729,18%@729,17%@1344,93%@1344] GR3D_FREQ 97% cpu@62.093C soc2@60.937C soc0@61.687C gpu@63C tj@63C soc1@60.875C VDD_IN 17172mW/16536mW VDD_CPU_GPU_CV 8368mW/7505mW VDD_SOC 3844mW/3962mW
08-11-2026 23:40:25 RAM 5642/7607MB (lfb 64x4MB) SWAP 1440/16384MB (cached 129MB) CPU [26%@729,27%@729,62%@729,31%@729,21%@1344,71%@1344] GR3D_FREQ 98% cpu@61.937C soc2@61.062C soc0@61.687C gpu@63.093C tj@63.093C soc1@60.843C VDD_IN 17054mW/16537mW VDD_CPU_GPU_CV 8146mW/7506mW VDD_SOC 3923mW/3962mW
08-11-2026 23:40:27 RAM 6413/7607MB (lfb 46x1MB) SWAP 1440/16384MB (cached 129MB) CPU [6%@1267,3%@1267,28%@1267,4%@1267,37%@1344,43%@1344] GR3D_FREQ 9% cpu@62.031C soc2@60.843C soc0@61.75C gpu@62.062C tj@62.062C soc1@60.718C VDD_IN 14452mW/16534mW VDD_CPU_GPU_CV 5549mW/7504mW VDD_SOC 3902mW/3962mW
08-11-2026 23:40:28 RAM 5643/7607MB (lfb 64x4MB) SWAP 1440/16384MB (cached 129MB) CPU [20%@729,18%@729,20%@729,19%@729,86%@1344,14%@1344] GR3D_FREQ 99% cpu@62.25C soc2@61C soc0@61.625C gpu@62.75C tj@62.75C soc1@60.812C VDD_IN 17250mW/16535mW VDD_CPU_GPU_CV 7742mW/7504mW VDD_SOC 4197mW/3962mW
08-11-2026 23:40:29 RAM 5641/7607MB (lfb 65x4MB) SWAP 1440/16384MB (cached 129MB) CPU [43%@729,16%@729,17%@729,13%@729,80%@1344,17%@1344] GR3D_FREQ 98% cpu@62.125C soc2@60.937C soc0@61.656C gpu@63.281C tj@63.281C soc1@60.875C VDD_IN 17290mW/16536mW VDD_CPU_GPU_CV 8485mW/7505mW VDD_SOC 3883mW/3962mW
08-11-2026 23:40:30 RAM 5648/7607MB (lfb 65x4MB) SWAP 1440/16384MB (cached 129MB) CPU [34%@1344,22%@1344,21%@1344,30%@1344,56%@1344,40%@1344] GR3D_FREQ 98% cpu@62.156C soc2@61.031C soc0@61.562C gpu@63.218C tj@63.218C soc1@60.906C VDD_IN 17133mW/16537mW VDD_CPU_GPU_CV 8172mW/7506mW VDD_SOC 3883mW/3962mW
08-11-2026 23:40:31 RAM 6472/7607MB (lfb 46x1MB) SWAP 1440/16384MB (cached 129MB) CPU [14%@1344,15%@1344,33%@1344,19%@1344,65%@1344,13%@1344] GR3D_FREQ 97% cpu@62.343C soc2@60.906C soc0@61.625C gpu@62.687C tj@62.687C soc1@60.75C VDD_IN 15822mW/16536mW VDD_CPU_GPU_CV 6904mW/7505mW VDD_SOC 3936mW/3962mW
08-11-2026 23:40:32 RAM 5808/7607MB (lfb 57x4MB) SWAP 1440/16384MB (cached 129MB) CPU [4%@729,3%@729,3%@729,6%@729,15%@729,81%@729] GR3D_FREQ 28% cpu@61.968C soc2@61.062C soc0@61.781C gpu@62.406C tj@62.406C soc1@60.812C VDD_IN 17015mW/16536mW VDD_CPU_GPU_CV 7206mW/7505mW VDD_SOC 4276mW/3962mW
08-11-2026 23:40:33 RAM 5643/7607MB (lfb 65x4MB) SWAP 1440/16384MB (cached 129MB) CPU [25%@729,16%@729,22%@729,14%@729,25%@729,75%@729] GR3D_FREQ 99% cpu@62.187C soc2@61.062C soc0@61.625C gpu@63.031C tj@63.031C soc1@60.812C VDD_IN 17447mW/16537mW VDD_CPU_GPU_CV 8368mW/7506mW VDD_SOC 4040mW/3962mW
08-11-2026 23:40:34 RAM 5644/7607MB (lfb 65x4MB) SWAP 1440/16384MB (cached 129MB) CPU [21%@729,59%@729,21%@729,17%@729,15%@1344,89%@1344] GR3D_FREQ 98% cpu@62.25C soc2@60.968C soc0@61.656C gpu@63.187C tj@63.187C soc1@60.843C VDD_IN 17133mW/16538mW VDD_CPU_GPU_CV 8250mW/7507mW VDD_SOC 3883mW/3962mW
08-11-2026 23:40:35 RAM 5642/7607MB (lfb 65x4MB) SWAP 1440/16384MB (cached 129MB) CPU [17%@729,20%@729,59%@729,20%@729,14%@1344,72%@1344] GR3D_FREQ 98% cpu@62.187C soc2@60.968C soc0@61.718C gpu@63.312C tj@63.312C soc1@60.937C VDD_IN 16688mW/16538mW VDD_CPU_GPU_CV 7716mW/7507mW VDD_SOC 3929mW/3962mW
08-11-2026 23:40:36 RAM 6357/7607MB (lfb 46x1MB) SWAP 1440/16384MB (cached 129MB) CPU [12%@1344,42%@1344,15%@1344,7%@1344,0%@729,74%@729] GR3D_FREQ 17% cpu@62C soc2@61C soc0@61.812C gpu@62.156C tj@62.156C soc1@60.75C VDD_IN 15493mW/16537mW VDD_CPU_GPU_CV 6120mW/7505mW VDD_SOC 4093mW/3962mW
08-11-2026 23:40:37 RAM 5636/7607MB (lfb 66x4MB) SWAP 1440/16384MB (cached 129MB) CPU [22%@960,20%@960,19%@960,15%@960,10%@1344,83%@1344] GR3D_FREQ 99% cpu@61.968C soc2@61.093C soc0@61.843C gpu@63.312C tj@63.312C soc1@60.843C VDD_IN 17290mW/16538mW VDD_CPU_GPU_CV 7977mW/7506mW VDD_SOC 4119mW/3962mW
08-11-2026 23:40:38 RAM 5640/7607MB (lfb 67x4MB) SWAP 1440/16384MB (cached 129MB) CPU [51%@729,21%@729,17%@729,18%@729,20%@1344,88%@1344] GR3D_FREQ 98% cpu@62.062C soc2@61.031C soc0@61.687C gpu@63.437C tj@63.437C soc1@60.843C VDD_IN 17368mW/16539mW VDD_CPU_GPU_CV 8524mW/7507mW VDD_SOC 3883mW/3962mW
08-11-2026 23:40:39 RAM 5643/7607MB (lfb 66x4MB) SWAP 1440/16384MB (cached 129MB) CPU [59%@729,21%@729,25%@729,25%@729,16%@1344,70%@1344] GR3D_FREQ 97% cpu@62.281C soc2@61.031C soc0@61.75C gpu@63.375C tj@63.375C soc1@60.875C VDD_IN 17133mW/16540mW VDD_CPU_GPU_CV 8225mW/7508mW VDD_SOC 3923mW/3962mW
08-11-2026 23:40:40 RAM 6462/7607MB (lfb 46x1MB) SWAP 1440/16384MB (cached 129MB) CPU [16%@1344,15%@1344,13%@1344,38%@1344,11%@1344,67%@1344] GR3D_FREQ 97% cpu@62.468C soc2@61C soc0@61.75C gpu@62.906C tj@62.906C soc1@60.875C VDD_IN 15822mW/16539mW VDD_CPU_GPU_CV 6904mW/7507mW VDD_SOC 3936mW/3962mW
08-11-2026 23:40:41 RAM 5776/7607MB (lfb 65x4MB) SWAP 1440/16384MB (cached 129MB) CPU [17%@729,21%@729,11%@729,11%@729,26%@729,62%@729] GR3D_FREQ 98% cpu@62.031C soc2@61.125C soc0@61.75C gpu@62.718C tj@62.718C soc1@60.75C VDD_IN 17408mW/16540mW VDD_CPU_GPU_CV 7547mW/7508mW VDD_SOC 4315mW/3963mW
08-11-2026 23:40:42 RAM 5639/7607MB (lfb 65x4MB) SWAP 1440/16384MB (cached 129MB) CPU [36%@729,15%@729,15%@729,18%@729,75%@729,16%@729] GR3D_FREQ 99% cpu@61.875C soc2@61.031C soc0@61.656C gpu@63.093C tj@63.093C soc1@60.812C VDD_IN 17447mW/16541mW VDD_CPU_GPU_CV 8446mW/7509mW VDD_SOC 3962mW/3963mW
08-11-2026 23:40:43 RAM 5641/7607MB (lfb 64x4MB) SWAP 1440/16384MB (cached 129MB) CPU [16%@729,14%@729,17%@729,48%@729,15%@1344,77%@1344] GR3D_FREQ 97% cpu@62C soc2@61.031C soc0@61.687C gpu@63.25C tj@63.25C soc1@60.875C VDD_IN 17133mW/16542mW VDD_CPU_GPU_CV 8250mW/7510mW VDD_SOC 3883mW/3963mW
08-11-2026 23:40:44 RAM 5645/7607MB (lfb 66x4MB) SWAP 1440/16384MB (cached 129MB) CPU [20%@729,43%@729,19%@729,20%@729,25%@1344,61%@1344] GR3D_FREQ 97% cpu@62.187C soc2@60.937C soc0@61.718C gpu@63.062C tj@63.062C soc1@60.906C VDD_IN 16688mW/16542mW VDD_CPU_GPU_CV 7676mW/7510mW VDD_SOC 3929mW/3962mW
08-11-2026 23:40:45 RAM 6370/7607MB (lfb 45x1MB) SWAP 1440/16384MB (cached 129MB) CPU [20%@1344,3%@1344,7%@1344,9%@1344,68%@729,1%@729] GR3D_FREQ 17% cpu@61.968C soc2@60.968C soc0@61.812C gpu@61.75C tj@61.968C soc1@60.718C VDD_IN 15138mW/16540mW VDD_CPU_GPU_CV 5894mW/7508mW VDD_SOC 4054mW/3963mW
08-11-2026 23:40:46 RAM 5646/7607MB (lfb 67x4MB) SWAP 1440/16384MB (cached 129MB) CPU [20%@1344,17%@1344,13%@1344,83%@1344,16%@729,11%@729] GR3D_FREQ 99% cpu@61.875C soc2@61.062C soc0@61.812C gpu@63C tj@63C soc1@60.718C VDD_IN 17211mW/16541mW VDD_CPU_GPU_CV 7938mW/7508mW VDD_SOC 4119mW/3963mW
08-11-2026 23:40:47 RAM 5643/7607MB (lfb 66x4MB) SWAP 1440/16384MB (cached 129MB) CPU [25%@1344,28%@1344,24%@1344,86%@1344,23%@729,37%@729] GR3D_FREQ 97% cpu@62.062C soc2@61C soc0@61.656C gpu@63.093C tj@63.093C soc1@60.75C VDD_IN 17368mW/16542mW VDD_CPU_GPU_CV 8485mW/7510mW VDD_SOC 3883mW/3963mW
08-11-2026 23:40:48 RAM 5638/7607MB (lfb 66x4MB) SWAP 1440/16384MB (cached 129MB) CPU [54%@1344,12%@1344,19%@1344,17%@1344,35%@729,32%@729] GR3D_FREQ 97% cpu@62C soc2@61.062C soc0@61.687C gpu@63C tj@63C soc1@60.843C VDD_IN 16818mW/16543mW VDD_CPU_GPU_CV 7951mW/7510mW VDD_SOC 3890mW/3963mW
08-11-2026 23:40:49 RAM 6447/7607MB (lfb 45x1MB) SWAP 1440/16384MB (cached 129MB) CPU [67%@1344,10%@1344,13%@1344,11%@1344,29%@1344,10%@1344] GR3D_FREQ 98% cpu@62.375C soc2@60.968C soc0@61.687C gpu@62.718C tj@62.718C soc1@60.875C VDD_IN 15572mW/16541mW VDD_CPU_GPU_CV 6630mW/7509mW VDD_SOC 3936mW/3963mW
08-11-2026 23:40:50 RAM 5728/7607MB (lfb 68x4MB) SWAP 1440/16384MB (cached 129MB) CPU [16%@729,65%@729,28%@729,11%@729,17%@1267,11%@1267] GR3D_FREQ 99% cpu@62.031C soc2@61.187C soc0@61.781C gpu@62.937C tj@62.937C soc1@61C VDD_IN 17526mW/16543mW VDD_CPU_GPU_CV 7586mW/7509mW VDD_SOC 4354mW/3963mW
08-11-2026 23:40:51 RAM 5639/7607MB (lfb 66x4MB) SWAP 1440/16384MB (cached 129MB) CPU [15%@729,14%@729,90%@729,17%@729,36%@729,18%@729] GR3D_FREQ 99% cpu@61.937C soc2@61.125C soc0@61.781C gpu@63.406C tj@63.406C soc1@60.781C VDD_IN 17368mW/16544mW VDD_CPU_GPU_CV 8563mW/7510mW VDD_SOC 3883mW/3963mW
08-11-2026 23:40:52 RAM 5635/7607MB (lfb 68x4MB) SWAP 1440/16384MB (cached 129MB) CPU [20%@1344,24%@1344,79%@1344,15%@1344,44%@729,15%@729] GR3D_FREQ 98% cpu@62.125C soc2@61C soc0@61.625C gpu@63.312C tj@63.312C soc1@60.875C VDD_IN 17054mW/16544mW VDD_CPU_GPU_CV 8172mW/7511mW VDD_SOC 3883mW/3963mW
08-11-2026 23:40:53 RAM 5642/7607MB (lfb 66x4MB) SWAP 1440/16384MB (cached 129MB) CPU [14%@1344,44%@1344,40%@1344,20%@1344,56%@729,14%@729] GR3D_FREQ 97% cpu@62.218C soc2@60.937C soc0@61.656C gpu@63.093C tj@63.093C soc1@60.875C VDD_IN 16334mW/16544mW VDD_CPU_GPU_CV 7324mW/7511mW VDD_SOC 3929mW/3963mW
08-11-2026 23:40:54 RAM 6050/7607MB (lfb 27x4MB) SWAP 1440/16384MB (cached 129MB) CPU [4%@1344,3%@1344,2%@1344,79%@1344,9%@1190,13%@1190] GR3D_FREQ 16% cpu@62.281C soc2@60.937C soc0@61.718C gpu@62.187C tj@62.281C soc1@60.843C VDD_IN 16019mW/16543mW VDD_CPU_GPU_CV 6551mW/7510mW VDD_SOC 4165mW/3963mW
08-11-2026 23:40:55 RAM 5637/7607MB (lfb 67x4MB) SWAP 1440/16384MB (cached 129MB) CPU [19%@729,15%@729,16%@729,87%@729,19%@729,30%@729] GR3D_FREQ 99% cpu@61.781C soc2@61.125C soc0@61.718C gpu@63.156C tj@63.156C soc1@60.968C VDD_IN 17408mW/16544mW VDD_CPU_GPU_CV 8094mW/7511mW VDD_SOC 4119mW/3963mW
08-11-2026 23:40:56 RAM 5635/7607MB (lfb 67x4MB) SWAP 1440/16384MB (cached 129MB) CPU [67%@1344,13%@1344,13%@1344,35%@1344,14%@729,37%@729] GR3D_FREQ 97% cpu@61.968C soc2@61.156C soc0@61.843C gpu@63.406C tj@63.406C soc1@60.812C VDD_IN 17172mW/16545mW VDD_CPU_GPU_CV 8329mW/7512mW VDD_SOC 3883mW/3963mW
08-11-2026 23:40:57 RAM 5639/7607MB (lfb 67x4MB) SWAP 1440/16384MB (cached 129MB) CPU [75%@1344,17%@1344,18%@1344,20%@1344,58%@729,18%@729] GR3D_FREQ 98% cpu@62.125C soc2@61.062C soc0@61.625C gpu@63.218C tj@63.218C soc1@60.812C VDD_IN 16897mW/16546mW VDD_CPU_GPU_CV 7911mW/7512mW VDD_SOC 3968mW/3963mW
08-11-2026 23:40:58 RAM 6418/7607MB (lfb 44x1MB) SWAP 1440/16384MB (cached 129MB) CPU [19%@1344,6%@1344,5%@1344,7%@1344,60%@1344,32%@1344] GR3D_FREQ 6% cpu@62.062C soc2@60.812C soc0@61.687C gpu@62.343C tj@62.125C soc1@60.843C VDD_IN 14784mW/16543mW VDD_CPU_GPU_CV 5776mW/7510mW VDD_SOC 3942mW/3963mW
08-11-2026 23:40:59 RAM 5641/7607MB (lfb 68x4MB) SWAP 1440/16384MB (cached 129MB) CPU [15%@729,14%@729,18%@729,17%@729,15%@1344,85%@1344] GR3D_FREQ 99% cpu@62.562C soc2@61.125C soc0@61.75C gpu@62.781C tj@62.781C soc1@60.875C VDD_IN 17290mW/16544mW VDD_CPU_GPU_CV 7703mW/7510mW VDD_SOC 4237mW/3963mW
08-11-2026 23:41:00 RAM 5641/7607MB (lfb 68x4MB) SWAP 1440/16384MB (cached 129MB) CPU [72%@1344,15%@1344,18%@1344,15%@1344,39%@729,20%@729] GR3D_FREQ 98% cpu@62C soc2@61.125C soc0@61.843C gpu@63.281C tj@63.281C soc1@60.906C VDD_IN 17408mW/16545mW VDD_CPU_GPU_CV 8524mW/7511mW VDD_SOC 3883mW/3963mW
08-11-2026 23:41:01 RAM 5638/7607MB (lfb 69x4MB) SWAP 1440/16384MB (cached 129MB) CPU [21%@729,24%@729,23%@729,55%@729,17%@1344,68%@1344] GR3D_FREQ 97% cpu@62.031C soc2@61.031C soc0@61.75C gpu@63.187C tj@63.187C soc1@60.718C VDD_IN 17133mW/16546mW VDD_CPU_GPU_CV 8250mW/7512mW VDD_SOC 3883mW/3963mW
08-11-2026 23:41:02 RAM 6473/7607MB (lfb 45x1MB) SWAP 1440/16384MB (cached 129MB) CPU [20%@1344,18%@1344,12%@1344,48%@1344,20%@1344,68%@1344] GR3D_FREQ 98% cpu@62.343C soc2@60.968C soc0@61.625C gpu@62.875C tj@62.875C soc1@60.843C VDD_IN 16452mW/16546mW VDD_CPU_GPU_CV 7336mW/7512mW VDD_SOC 3968mW/3963mW
08-11-2026 23:41:03 RAM 5955/7607MB (lfb 34x4MB) SWAP 1440/16384MB (cached 129MB) CPU [15%@729,9%@729,10%@729,10%@729,78%@1267,11%@1267] GR3D_FREQ 21% cpu@62.093C soc2@61C soc0@61.687C gpu@62.156C tj@62.156C soc1@60.875C VDD_IN 16570mW/16546mW VDD_CPU_GPU_CV 6893mW/7511mW VDD_SOC 4243mW/3964mW
08-11-2026 23:41:04 RAM 5640/7607MB (lfb 70x4MB) SWAP 1440/16384MB (cached 129MB) CPU [18%@729,14%@729,16%@729,15%@729,73%@729,31%@729] GR3D_FREQ 99% cpu@62.25C soc2@61.125C soc0@61.718C gpu@63.093C tj@63.093C soc1@60.906C VDD_IN 17447mW/16547mW VDD_CPU_GPU_CV 8094mW/7512mW VDD_SOC 4119mW/3964mW
08-11-2026 23:41:05 RAM 5644/7607MB (lfb 69x4MB) SWAP 1440/16384MB (cached 129MB) CPU [22%@729,21%@729,42%@729,24%@729,84%@1344,18%@1344] GR3D_FREQ 98% cpu@61.843C soc2@61.093C soc0@61.75C gpu@63.625C tj@63.625C soc1@60.937C VDD_IN 17211mW/16548mW VDD_CPU_GPU_CV 8368mW/7513mW VDD_SOC 3883mW/3964mW
08-11-2026 23:41:06 RAM 5634/7607MB (lfb 68x4MB) SWAP 1440/16384MB (cached 129MB) CPU [20%@729,19%@729,25%@729,42%@729,32%@1344,55%@1344] GR3D_FREQ 97% cpu@62.093C soc2@61.125C soc0@61.843C gpu@63.406C tj@63.406C soc1@60.75C VDD_IN 16688mW/16548mW VDD_CPU_GPU_CV 7755mW/7513mW VDD_SOC 3929mW/3964mW
08-11-2026 23:41:07 RAM 6387/7607MB (lfb 45x1MB) SWAP 1440/16384MB (cached 129MB) CPU [32%@1344,0%@1344,5%@1344,2%@1344,4%@729,73%@729] GR3D_FREQ 18% cpu@61.968C soc2@61.031C soc0@61.687C gpu@62.187C tj@62.187C soc1@60.875C VDD_IN 14902mW/16546mW VDD_CPU_GPU_CV 5776mW/7511mW VDD_SOC 4021mW/3964mW
08-11-2026 23:41:08 RAM 5644/7607MB (lfb 66x4MB) SWAP 1440/16384MB (cached 129MB) CPU [33%@1344,20%@1344,23%@1344,27%@1344,17%@1344,85%@1344] GR3D_FREQ 99% cpu@62.5C soc2@61.125C soc0@61.718C gpu@63.093C tj@63.093C soc1@60.812C VDD_IN 17526mW/16547mW VDD_CPU_GPU_CV 8133mW/7512mW VDD_SOC 4158mW/3964mW
08-11-2026 23:41:09 RAM 5636/7607MB (lfb 68x4MB) SWAP 1440/16384MB (cached 129MB) CPU [17%@729,16%@729,13%@729,45%@729,15%@1344,80%@1344] GR3D_FREQ 97% cpu@62.218C soc2@61.125C soc0@61.781C gpu@63.156C tj@63.156C soc1@60.906C VDD_IN 17408mW/16548mW VDD_CPU_GPU_CV 8524mW/7513mW VDD_SOC 3883mW/3964mW
08-11-2026 23:41:10 RAM 5638/7607MB (lfb 68x4MB) SWAP 1440/16384MB (cached 129MB) CPU [14%@729,16%@729,17%@729,52%@729,11%@1344,68%@1344] GR3D_FREQ 97% cpu@61.968C soc2@61.125C soc0@61.75C gpu@63.156C tj@63.156C soc1@61.031C VDD_IN 16975mW/16549mW VDD_CPU_GPU_CV 8133mW/7514mW VDD_SOC 3890mW/3964mW
08-11-2026 23:41:11 RAM 6468/7607MB (lfb 45x1MB) SWAP 1440/16384MB (cached 129MB) CPU [15%@1344,17%@1344,24%@1344,50%@1344,11%@1344,69%@1344] GR3D_FREQ 99% cpu@62.375C soc2@61.125C soc0@61.875C gpu@63.093C tj@63.093C soc1@60.875C VDD_IN 16373mW/16549mW VDD_CPU_GPU_CV 7324mW/7514mW VDD_SOC 4008mW/3964mW
08-11-2026 23:41:12 RAM 5998/7607MB (lfb 33x4MB) SWAP 1440/16384MB (cached 129MB) CPU [5%@1344,3%@1344,5%@1344,26%@1344,0%@729,78%@729] GR3D_FREQ 18% cpu@62.093C soc2@61.031C soc0@61.718C gpu@62.343C tj@62.343C soc1@60.843C VDD_IN 16570mW/16549mW VDD_CPU_GPU_CV 6854mW/7513mW VDD_SOC 4243mW/3964mW
08-11-2026 23:41:13 RAM 5640/7607MB (lfb 67x4MB) SWAP 1440/16384MB (cached 129MB) CPU [14%@1267,12%@1267,20%@1267,25%@1267,9%@1344,76%@1344] GR3D_FREQ 99% cpu@62.031C soc2@61.125C soc0@61.906C gpu@63.093C tj@63.093C soc1@60.906C VDD_IN 17329mW/16550mW VDD_CPU_GPU_CV 8016mW/7514mW VDD_SOC 4158mW/3964mW
08-11-2026 23:41:14 RAM 5634/7607MB (lfb 68x4MB) SWAP 1440/16384MB (cached 129MB) CPU [20%@729,36%@729,39%@729,41%@729,49%@1344,52%@1344] GR3D_FREQ 97% cpu@62.156C soc2@61.093C soc0@61.687C gpu@63.312C tj@63.312C soc1@60.906C VDD_IN 17329mW/16550mW VDD_CPU_GPU_CV 8485mW/7515mW VDD_SOC 3883mW/3964mW
08-11-2026 23:41:15 RAM 5638/7607MB (lfb 67x4MB) SWAP 1440/16384MB (cached 129MB) CPU [21%@729,14%@729,20%@729,41%@729,70%@1344,16%@1344] GR3D_FREQ 98% cpu@61.968C soc2@61.156C soc0@61.75C gpu@63.25C tj@63.25C soc1@61C VDD_IN 16806mW/16551mW VDD_CPU_GPU_CV 7794mW/7515mW VDD_SOC 3929mW/3964mW
08-11-2026 23:41:16 RAM 6418/7607MB (lfb 45x1MB) SWAP 1440/16384MB (cached 129MB) CPU [5%@1344,4%@1344,6%@1344,28%@1344,69%@1344,1%@1344] GR3D_FREQ 23% cpu@62.187C soc2@60.937C soc0@61.906C gpu@62.031C tj@62.187C soc1@60.843C VDD_IN 14650mW/16549mW VDD_CPU_GPU_CV 5658mW/7513mW VDD_SOC 3942mW/3964mW
08-11-2026 23:41:17 RAM 5639/7607MB (lfb 67x4MB) SWAP 1440/16384MB (cached 129MB) CPU [19%@1344,17%@1344,19%@1344,29%@1344,86%@1344,13%@1344] GR3D_FREQ 99% cpu@62.343C soc2@61.156C soc0@61.687C gpu@62.75C tj@62.75C soc1@60.875C VDD_IN 17329mW/16549mW VDD_CPU_GPU_CV 7781mW/7513mW VDD_SOC 4237mW/3965mW
08-11-2026 23:41:18 RAM 5638/7607MB (lfb 67x4MB) SWAP 1440/16384MB (cached 129MB) CPU [16%@729,19%@729,22%@729,44%@729,85%@1344,13%@1344] GR3D_FREQ 98% cpu@61.906C soc2@61.031C soc0@61.718C gpu@63.25C tj@63.25C soc1@60.906C VDD_IN 17486mW/16551mW VDD_CPU_GPU_CV 8563mW/7514mW VDD_SOC 3883mW/3964mW
08-11-2026 23:41:19 RAM 5640/7607MB (lfb 68x4MB) SWAP 1440/16384MB (cached 129MB) CPU [27%@729,16%@729,17%@729,43%@729,69%@1344,26%@1344] GR3D_FREQ 97% cpu@62.125C soc2@61.125C soc0@61.843C gpu@63.156C tj@63.156C soc1@60.937C VDD_IN 17093mW/16551mW VDD_CPU_GPU_CV 8250mW/7515mW VDD_SOC 3883mW/3964mW
08-11-2026 23:41:20 RAM 6467/7607MB (lfb 45x1MB) SWAP 1440/16384MB (cached 129MB) CPU [36%@1344,16%@1344,14%@1344,40%@1344,47%@1344,11%@1344] GR3D_FREQ 97% cpu@62.093C soc2@61.156C soc0@61.843C gpu@63.031C tj@63.031C soc1@60.875C VDD_IN 16334mW/16551mW VDD_CPU_GPU_CV 7285mW/7515mW VDD_SOC 4008mW/3964mW
08-11-2026 23:41:21 RAM 5953/7607MB (lfb 33x4MB) SWAP 1440/16384MB (cached 129MB) CPU [14%@1344,3%@1344,6%@1344,2%@1344,76%@729,5%@729] GR3D_FREQ 15% cpu@62.093C soc2@61.093C soc0@61.718C gpu@62.375C tj@62.375C soc1@60.843C VDD_IN 16373mW/16551mW VDD_CPU_GPU_CV 6736mW/7514mW VDD_SOC 4204mW/3965mW
08-11-2026 23:41:22 RAM 5633/7607MB (lfb 69x4MB) SWAP 1440/16384MB (cached 129MB) CPU [28%@729,18%@729,21%@729,18%@729,80%@729,16%@729] GR3D_FREQ 99% cpu@62.187C soc2@61.093C soc0@61.687C gpu@63.343C tj@63.343C soc1@60.875C VDD_IN 17526mW/16552mW VDD_CPU_GPU_CV 8172mW/7515mW VDD_SOC 4158mW/3965mW
08-11-2026 23:41:23 RAM 5637/7607MB (lfb 67x4MB) SWAP 1440/16384MB (cached 129MB) CPU [17%@729,20%@729,19%@729,15%@729,50%@1344,67%@1344] GR3D_FREQ 97% cpu@61.875C soc2@61.031C soc0@61.75C gpu@63.406C tj@63.406C soc1@60.937C VDD_IN 17172mW/16553mW VDD_CPU_GPU_CV 8329mW/7516mW VDD_SOC 3883mW/3965mW
08-11-2026 23:41:24 RAM 5632/7607MB (lfb 68x4MB) SWAP 1440/16384MB (cached 129MB) CPU [32%@729,16%@729,15%@729,17%@729,50%@1344,29%@1344] GR3D_FREQ 97% cpu@62.062C soc2@61.031C soc0@61.75C gpu@63.312C tj@63.312C soc1@60.968C VDD_IN 16570mW/16553mW VDD_CPU_GPU_CV 7637mW/7516mW VDD_SOC 3929mW/3965mW
08-11-2026 23:41:25 RAM 6377/7607MB (lfb 46x1MB) SWAP 1440/16384MB (cached 129MB) CPU [40%@1344,8%@1344,6%@1344,5%@1344,47%@1344,29%@1344] GR3D_FREQ 11% cpu@61.906C soc2@61.031C soc0@61.906C gpu@62.062C tj@61.906C soc1@60.812C VDD_IN 14808mW/16551mW VDD_CPU_GPU_CV 5658mW/7514mW VDD_SOC 3981mW/3965mW
08-11-2026 23:41:26 RAM 5644/7607MB (lfb 67x4MB) SWAP 1440/16384MB (cached 129MB) CPU [24%@1036,19%@1036,17%@1036,18%@1036,16%@1344,84%@1344] GR3D_FREQ 99% cpu@62.062C soc2@61.125C soc0@61.656C gpu@63.125C tj@63.125C soc1@60.843C VDD_IN 17250mW/16551mW VDD_CPU_GPU_CV 7938mW/7514mW VDD_SOC 4119mW/3965mW
08-11-2026 23:41:27 RAM 5643/7607MB (lfb 67x4MB) SWAP 1440/16384MB (cached 129MB) CPU [37%@729,21%@729,15%@729,23%@729,17%@1344,81%@1344] GR3D_FREQ 98% cpu@62.156C soc2@61C soc0@61.75C gpu@63.218C tj@63.218C soc1@60.875C VDD_IN 17408mW/16552mW VDD_CPU_GPU_CV 8524mW/7515mW VDD_SOC 3883mW/3965mW
08-11-2026 23:41:28 RAM 5644/7607MB (lfb 66x4MB) SWAP 1440/16384MB (cached 129MB) CPU [19%@729,18%@729,17%@729,55%@729,19%@1344,71%@1344] GR3D_FREQ 98% cpu@62C soc2@61.031C soc0@61.781C gpu@63.218C tj@63.218C soc1@60.937C VDD_IN 17015mW/16553mW VDD_CPU_GPU_CV 8094mW/7516mW VDD_SOC 3929mW/3965mW
08-11-2026 23:41:29 RAM 6467/7607MB (lfb 38x1MB) SWAP 1440/16384MB (cached 129MB) CPU [36%@1344,15%@1344,11%@1344,13%@1344,14%@1344,66%@1344] GR3D_FREQ 98% cpu@62.437C soc2@61.156C soc0@61.875C gpu@62.843C tj@62.843C soc1@60.906C VDD_IN 15730mW/16552mW VDD_CPU_GPU_CV 6787mW/7515mW VDD_SOC 3936mW/3965mW
08-11-2026 23:41:30 RAM 5749/7607MB (lfb 65x4MB) SWAP 1440/16384MB (cached 129MB) CPU [14%@729,9%@729,10%@729,18%@729,25%@729,64%@729] GR3D_FREQ 98% cpu@62.25C soc2@61.156C soc0@61.843C gpu@63.343C tj@63.343C soc1@60.843C VDD_IN 17526mW/16553mW VDD_CPU_GPU_CV 7547mW/7515mW VDD_SOC 4354mW/3965mW
08-11-2026 23:41:31 RAM 5647/7607MB (lfb 66x4MB) SWAP 1440/16384MB (cached 129MB) CPU [42%@729,19%@729,19%@729,21%@729,74%@729,19%@729] GR3D_FREQ 99% cpu@61.843C soc2@61.062C soc0@61.75C gpu@63.656C tj@63.656C soc1@60.875C VDD_IN 17447mW/16554mW VDD_CPU_GPU_CV 8602mW/7517mW VDD_SOC 3883mW/3965mW
08-11-2026 23:41:32 RAM 5647/7607MB (lfb 67x4MB) SWAP 1440/16384MB (cached 129MB) CPU [41%@1344,74%@1344,19%@1344,24%@1344,20%@729,23%@729] GR3D_FREQ 97% cpu@62.156C soc2@61.125C soc0@61.75C gpu@63.687C tj@63.687C soc1@60.875C VDD_IN 17250mW/16555mW VDD_CPU_GPU_CV 8368mW/7518mW VDD_SOC 3883mW/3965mW
08-11-2026 23:41:33 RAM 5645/7607MB (lfb 67x4MB) SWAP 1440/16384MB (cached 129MB) CPU [15%@729,56%@729,14%@729,40%@729,26%@1344,11%@1344] GR3D_FREQ 97% cpu@62.343C soc2@61.125C soc0@61.812C gpu@63.031C tj@63.031C soc1@60.968C VDD_IN 16609mW/16555mW VDD_CPU_GPU_CV 7598mW/7518mW VDD_SOC 3968mW/3965mW
08-11-2026 23:41:34 RAM 6274/7607MB (lfb 1x4MB) SWAP 1440/16384MB (cached 129MB) CPU [20%@1344,1%@1344,2%@1344,4%@1344,71%@1344,6%@1344] GR3D_FREQ 18% cpu@62.125C soc2@61C soc0@61.875C gpu@61.875C tj@62.125C soc1@60.781C VDD_IN 15296mW/16554mW VDD_CPU_GPU_CV 5972mW/7516mW VDD_SOC 4054mW/3965mW
08-11-2026 23:41:35 RAM 5645/7607MB (lfb 66x4MB) SWAP 1440/16384MB (cached 129MB) CPU [24%@729,27%@729,20%@729,27%@729,79%@1190,15%@1190] GR3D_FREQ 99% cpu@62.093C soc2@61.093C soc0@61.656C gpu@63.25C tj@63.25C soc1@60.843C VDD_IN 17447mW/16555mW VDD_CPU_GPU_CV 8094mW/7517mW VDD_SOC 4158mW/3965mW
08-11-2026 23:41:36 RAM 5641/7607MB (lfb 66x4MB) SWAP 1440/16384MB (cached 129MB) CPU [21%@729,26%@729,40%@729,15%@729,84%@1344,15%@1344] GR3D_FREQ 98% cpu@62.156C soc2@61.031C soc0@61.781C gpu@63.343C tj@63.343C soc1@60.875C VDD_IN 17290mW/16556mW VDD_CPU_GPU_CV 8446mW/7518mW VDD_SOC 3883mW/3965mW
08-11-2026 23:41:37 RAM 5643/7607MB (lfb 66x4MB) SWAP 1440/16384MB (cached 129MB) CPU [37%@729,18%@729,15%@729,21%@729,64%@1344,22%@1344] GR3D_FREQ 97% cpu@62.093C soc2@61.031C soc0@61.718C gpu@63.312C tj@63.312C soc1@60.968C VDD_IN 16924mW/16556mW VDD_CPU_GPU_CV 7911mW/7518mW VDD_SOC 3929mW/3965mW
08-11-2026 23:41:38 RAM 6435/7607MB (lfb 35x1MB) SWAP 1440/16384MB (cached 129MB) CPU [25%@1344,30%@1344,7%@1344,11%@1344,49%@1344,11%@1344] GR3D_FREQ 98% cpu@62.468C soc2@61.093C soc0@61.718C gpu@62.812C tj@62.812C soc1@61.031C VDD_IN 15178mW/16554mW VDD_CPU_GPU_CV 6208mW/7517mW VDD_SOC 3936mW/3965mW
08-11-2026 23:41:39 RAM 5641/7607MB (lfb 67x4MB) SWAP 1440/16384MB (cached 129MB) CPU [11%@1344,85%@1344,11%@1344,10%@1344,11%@729,10%@729] GR3D_FREQ 99% cpu@62.093C soc2@61.218C soc0@61.875C gpu@62.781C tj@62.781C soc1@60.812C VDD_IN 17368mW/16555mW VDD_CPU_GPU_CV 7468mW/7517mW VDD_SOC 4354mW/3966mW
08-11-2026 23:41:40 RAM 5641/7607MB (lfb 67x4MB) SWAP 1440/16384MB (cached 129MB) CPU [15%@1344,92%@1344,17%@1344,14%@1344,17%@729,44%@729] GR3D_FREQ 97% cpu@62C soc2@61.062C soc0@61.718C gpu@63.437C tj@63.437C soc1@60.875C VDD_IN 17368mW/16556mW VDD_CPU_GPU_CV 8563mW/7518mW VDD_SOC 3844mW/3966mW
08-11-2026 23:41:41 RAM 5646/7607MB (lfb 66x4MB) SWAP 1440/16384MB (cached 129MB) CPU [31%@729,27%@729,37%@729,25%@729,61%@1344,39%@1344] GR3D_FREQ 97% cpu@62.25C soc2@61.093C soc0@61.687C gpu@63.093C tj@63.093C soc1@60.875C VDD_IN 17093mW/16557mW VDD_CPU_GPU_CV 8211mW/7519mW VDD_SOC 3883mW/3965mW
08-11-2026 23:41:42 RAM 6468/7607MB (lfb 32x1MB) SWAP 1440/16384MB (cached 129MB) CPU [19%@1344,45%@1344,15%@1344,15%@1344,43%@1344,37%@1344] GR3D_FREQ 98% cpu@62.562C soc2@61.156C soc0@61.812C gpu@62.843C tj@62.843C soc1@60.875C VDD_IN 16137mW/16556mW VDD_CPU_GPU_CV 7140mW/7518mW VDD_SOC 3968mW/3965mW
08-11-2026 23:41:43 RAM 5944/7607MB (lfb 33x4MB) SWAP 1440/16384MB (cached 129MB) CPU [2%@1344,1%@1344,3%@1344,30%@1344,3%@729,79%@729] GR3D_FREQ 18% cpu@62.281C soc2@60.937C soc0@61.781C gpu@62.25C tj@62.281C soc1@60.968C VDD_IN 16767mW/16557mW VDD_CPU_GPU_CV 7011mW/7518mW VDD_SOC 4283mW/3966mW
08-11-2026 23:41:44 RAM 5635/7607MB (lfb 67x4MB) SWAP 1440/16384MB (cached 129MB) CPU [15%@729,21%@729,18%@729,28%@729,13%@729,73%@729] GR3D_FREQ 99% cpu@61.937C soc2@61.187C soc0@61.812C gpu@63.156C tj@63.156C soc1@60.875C VDD_IN 17526mW/16558mW VDD_CPU_GPU_CV 8133mW/7518mW VDD_SOC 4158mW/3966mW
08-11-2026 23:41:45 RAM 5638/7607MB (lfb 66x4MB) SWAP 1440/16384MB (cached 129MB) CPU [18%@729,19%@729,21%@729,39%@729,81%@1344,14%@1344] GR3D_FREQ 97% cpu@62C soc2@61.031C soc0@61.937C gpu@63.25C tj@63.25C soc1@60.812C VDD_IN 17250mW/16559mW VDD_CPU_GPU_CV 8407mW/7519mW VDD_SOC 3883mW/3966mW
08-11-2026 23:41:46 RAM 5638/7607MB (lfb 68x4MB) SWAP 1440/16384MB (cached 129MB) CPU [25%@1344,18%@1344,44%@1344,17%@1344,75%@1344,30%@1344] GR3D_FREQ 97% cpu@62.437C soc2@61.125C soc0@61.625C gpu@63.312C tj@63.312C soc1@60.843C VDD_IN 16885mW/16559mW VDD_CPU_GPU_CV 7911mW/7520mW VDD_SOC 3890mW/3966mW
08-11-2026 23:41:47 RAM 6369/7607MB (lfb 32x1MB) SWAP 1440/16384MB (cached 129MB) CPU [25%@1344,26%@1344,2%@1344,5%@1344,46%@729,6%@729] GR3D_FREQ 14% cpu@62.093C soc2@61C soc0@61.781C gpu@62.093C tj@62.093C soc1@60.906C VDD_IN 14862mW/16557mW VDD_CPU_GPU_CV 5697mW/7518mW VDD_SOC 4021mW/3966mW
08-11-2026 23:41:48 RAM 5641/7607MB (lfb 69x4MB) SWAP 1440/16384MB (cached 129MB) CPU [15%@729,15%@729,15%@729,25%@729,83%@1344,12%@1344] GR3D_FREQ 99% cpu@62.375C soc2@61.125C soc0@61.781C gpu@63.375C tj@63.375C soc1@60.937C VDD_IN 17211mW/16558mW VDD_CPU_GPU_CV 7938mW/7518mW VDD_SOC 4119mW/3966mW
08-11-2026 23:41:49 RAM 5641/7607MB (lfb 67x4MB) SWAP 1440/16384MB (cached 129MB) CPU [35%@729,15%@729,14%@729,15%@729,78%@1344,9%@1344] GR3D_FREQ 98% cpu@61.906C soc2@61.093C soc0@61.875C gpu@63.531C tj@63.531C soc1@60.781C VDD_IN 17290mW/16559mW VDD_CPU_GPU_CV 8446mW/7519mW VDD_SOC 3883mW/3966mW
08-11-2026 23:41:50 RAM 5637/7607MB (lfb 68x4MB) SWAP 1440/16384MB (cached 129MB) CPU [19%@729,21%@729,41%@729,22%@729,18%@1344,65%@1344] GR3D_FREQ 97% cpu@62.062C soc2@61.093C soc0@61.687C gpu@63.531C tj@63.531C soc1@60.843C VDD_IN 16975mW/16559mW VDD_CPU_GPU_CV 8094mW/7520mW VDD_SOC 3929mW/3966mW
08-11-2026 23:41:51 RAM 6452/7607MB (lfb 33x1MB) SWAP 1440/16384MB (cached 129MB) CPU [35%@1344,31%@1344,12%@1344,11%@1344,14%@1344,47%@1344] GR3D_FREQ 98% cpu@62.687C soc2@61.093C soc0@61.687C gpu@62.843C tj@62.843C soc1@60.906C VDD_IN 15611mW/16558mW VDD_CPU_GPU_CV 6669mW/7519mW VDD_SOC 3936mW/3966mW
08-11-2026 23:41:52 RAM 5713/7607MB (lfb 66x4MB) SWAP 1440/16384MB (cached 129MB) CPU [15%@729,32%@729,10%@729,24%@729,50%@729,25%@729] GR3D_FREQ 99% cpu@62.218C soc2@61.093C soc0@61.812C gpu@63.093C tj@63.093C soc1@60.968C VDD_IN 17565mW/16559mW VDD_CPU_GPU_CV 7586mW/7519mW VDD_SOC 4393mW/3966mW
08-11-2026 23:41:53 RAM 5640/7607MB (lfb 66x4MB) SWAP 1440/16384MB (cached 129MB) CPU [37%@729,16%@729,16%@729,14%@729,13%@729,75%@729] GR3D_FREQ 99% cpu@61.875C soc2@61.125C soc0@61.718C gpu@63.343C tj@63.343C soc1@60.843C VDD_IN 17408mW/16560mW VDD_CPU_GPU_CV 8563mW/7520mW VDD_SOC 3883mW/3966mW
08-11-2026 23:41:54 RAM 5645/7607MB (lfb 66x4MB) SWAP 1440/16384MB (cached 129MB) CPU [61%@1344,24%@1344,22%@1344,17%@1344,39%@729,42%@729] GR3D_FREQ 97% cpu@62C soc2@61.218C soc0@61.843C gpu@63.343C tj@63.343C soc1@60.843C VDD_IN 17172mW/16561mW VDD_CPU_GPU_CV 8290mW/7521mW VDD_SOC 3883mW/3966mW
08-11-2026 23:41:55 RAM 6413/7607MB (lfb 1x2MB) SWAP 1440/16384MB (cached 129MB) CPU [44%@1344,24%@1344,48%@1344,46%@1344,18%@729,17%@729] GR3D_FREQ 97% cpu@62.437C soc2@61.093C soc0@61.687C gpu@63.125C tj@63.125C soc1@60.843C VDD_IN 16728mW/16561mW VDD_CPU_GPU_CV 7716mW/7521mW VDD_SOC 3968mW/3966mW
08-11-2026 23:41:56 RAM 6188/7607MB (lfb 1x2MB) SWAP 1440/16384MB (cached 129MB) CPU [5%@1344,28%@1344,1%@1344,55%@1344,0%@1344,27%@1344] GR3D_FREQ 17% cpu@62.281C soc2@61.062C soc0@61.75C gpu@62.156C tj@62.281C soc1@60.875C VDD_IN 15862mW/16560mW VDD_CPU_GPU_CV 6394mW/7520mW VDD_SOC 4172mW/3966mW
08-11-2026 23:41:57 RAM 5641/7607MB (lfb 66x4MB) SWAP 1440/16384MB (cached 129MB) CPU [18%@729,66%@729,34%@729,23%@729,25%@1036,24%@1036] GR3D_FREQ 99% cpu@62.093C soc2@61.156C soc0@61.75C gpu@63.156C tj@63.156C soc1@61C VDD_IN 17604mW/16561mW VDD_CPU_GPU_CV 8172mW/7521mW VDD_SOC 4158mW/3967mW
08-11-2026 23:41:58 RAM 5639/7607MB (lfb 67x4MB) SWAP 1440/16384MB (cached 129MB) CPU [24%@729,26%@729,21%@729,17%@729,84%@1344,43%@1344] GR3D_FREQ 99% cpu@62.031C soc2@61.156C soc0@61.812C gpu@63.156C tj@63.156C soc1@60.875C VDD_IN 17368mW/16562mW VDD_CPU_GPU_CV 8524mW/7522mW VDD_SOC 3883mW/3967mW
08-11-2026 23:41:59 RAM 5640/7607MB (lfb 69x4MB) SWAP 1440/16384MB (cached 129MB) CPU [26%@729,21%@729,19%@729,18%@729,66%@1344,33%@1344] GR3D_FREQ 97% cpu@62.218C soc2@61.062C soc0@61.937C gpu@63.031C tj@63.031C soc1@60.875C VDD_IN 16975mW/16563mW VDD_CPU_GPU_CV 7990mW/7522mW VDD_SOC 3923mW/3967mW
08-11-2026 23:42:00 RAM 6417/7607MB (lfb 28x1MB) SWAP 1440/16384MB (cached 129MB) CPU [4%@1344,43%@1344,7%@1344,9%@1344,2%@1344,76%@1344] GR3D_FREQ 88% cpu@62.218C soc2@60.968C soc0@61.718C gpu@62.375C tj@62.375C soc1@60.937C VDD_IN 14729mW/16561mW VDD_CPU_GPU_CV 5855mW/7520mW VDD_SOC 3902mW/3966mW
08-11-2026 23:42:01 RAM 5642/7607MB (lfb 69x4MB) SWAP 1440/16384MB (cached 129MB) CPU [38%@1344,21%@1344,19%@1344,22%@1344,19%@729,73%@729] GR3D_FREQ 99% cpu@62.312C soc2@61.25C soc0@61.843C gpu@62.75C tj@62.75C soc1@60.875C VDD_IN 17329mW/16562mW VDD_CPU_GPU_CV 7703mW/7521mW VDD_SOC 4276mW/3967mW
08-11-2026 23:42:02 RAM 5637/7607MB (lfb 70x4MB) SWAP 1440/16384MB (cached 129MB) CPU [28%@729,16%@729,41%@729,15%@729,72%@1344,12%@1344] GR3D_FREQ 98% cpu@61.906C soc2@61.093C soc0@61.781C gpu@63.468C tj@63.468C soc1@60.937C VDD_IN 17447mW/16563mW VDD_CPU_GPU_CV 8602mW/7522mW VDD_SOC 3883mW/3967mW
08-11-2026 23:42:03 RAM 5646/7607MB (lfb 69x4MB) SWAP 1440/16384MB (cached 129MB) CPU [49%@1344,25%@1344,29%@1344,23%@1344,65%@1344,19%@1344] GR3D_FREQ 97% cpu@61.937C soc2@61.125C soc0@61.781C gpu@63.281C tj@63.281C soc1@60.875C VDD_IN 17054mW/16563mW VDD_CPU_GPU_CV 8172mW/7523mW VDD_SOC 3883mW/3967mW
08-11-2026 23:42:04 RAM 6207/7607MB (lfb 8x4MB) SWAP 1440/16384MB (cached 129MB) CPU [51%@1344,17%@1344,19%@1344,17%@1344,66%@1344,17%@1344] GR3D_FREQ 99% cpu@62.437C soc2@61.093C soc0@61.875C gpu@63.062C tj@63.062C soc1@60.843C VDD_IN 16216mW/16563mW VDD_CPU_GPU_CV 7218mW/7522mW VDD_SOC 3968mW/3967mW
08-11-2026 23:42:05 RAM 5930/7607MB (lfb 36x4MB) SWAP 1440/16384MB (cached 129MB) CPU [4%@1190,3%@1190,16%@1190,3%@1190,79%@1344,0%@1344] GR3D_FREQ 14% cpu@62.531C soc2@61.062C soc0@61.75C gpu@62.406C tj@62.531C soc1@60.843C VDD_IN 16531mW/16563mW VDD_CPU_GPU_CV 6854mW/7522mW VDD_SOC 4243mW/3967mW
08-11-2026 23:42:06 RAM 5640/7607MB (lfb 71x4MB) SWAP 1440/16384MB (cached 129MB) CPU [16%@729,21%@729,29%@729,20%@729,78%@729,12%@729] GR3D_FREQ 99% cpu@62.25C soc2@61.187C soc0@61.812C gpu@63.218C tj@63.218C soc1@60.937C VDD_IN 17565mW/16564mW VDD_CPU_GPU_CV 8211mW/7522mW VDD_SOC 4158mW/3967mW
08-11-2026 23:42:07 RAM 5638/7607MB (lfb 68x4MB) SWAP 1440/16384MB (cached 129MB) CPU [34%@1344,20%@1344,45%@1344,61%@1344,34%@729,18%@729] GR3D_FREQ 97% cpu@62.125C soc2@61.125C soc0@61.718C gpu@63.531C tj@63.531C soc1@61C VDD_IN 17368mW/16565mW VDD_CPU_GPU_CV 8446mW/7523mW VDD_SOC 3883mW/3967mW
08-11-2026 23:42:08 RAM 5634/7607MB (lfb 68x4MB) SWAP 1440/16384MB (cached 129MB) CPU [39%@729,38%@729,24%@729,50%@729,35%@1344,34%@1344] GR3D_FREQ 97% cpu@62.125C soc2@61.156C soc0@61.843C gpu@63.062C tj@63.062C soc1@60.843C VDD_IN 16857mW/16565mW VDD_CPU_GPU_CV 7911mW/7524mW VDD_SOC 3929mW/3967mW
08-11-2026 23:42:09 RAM 6381/7607MB (lfb 33x1MB) SWAP 1440/16384MB (cached 129MB) CPU [3%@729,0%@729,1%@729,3%@729,23%@1344,68%@1344] GR3D_FREQ 12% cpu@62.093C soc2@60.875C soc0@61.937C gpu@61.875C tj@62.093C soc1@60.875C VDD_IN 14808mW/16563mW VDD_CPU_GPU_CV 5619mW/7522mW VDD_SOC 3981mW/3967mW
08-11-2026 23:42:10 RAM 5633/7607MB (lfb 68x4MB) SWAP 1440/16384MB (cached 129MB) CPU [17%@1344,18%@1344,28%@1344,15%@1344,85%@1344,16%@1344] GR3D_FREQ 99% cpu@62.312C soc2@61.125C soc0@61.75C gpu@63.218C tj@63.218C soc1@60.906C VDD_IN 17329mW/16564mW VDD_CPU_GPU_CV 7977mW/7522mW VDD_SOC 4158mW/3967mW
08-11-2026 23:42:11 RAM 5632/7607MB (lfb 67x4MB) SWAP 1440/16384MB (cached 129MB) CPU [15%@729,14%@729,39%@729,18%@729,37%@1344,68%@1344] GR3D_FREQ 98% cpu@62.25C soc2@61.125C soc0@61.812C gpu@63.281C tj@63.281C soc1@60.906C VDD_IN 17329mW/16565mW VDD_CPU_GPU_CV 8485mW/7523mW VDD_SOC 3883mW/3967mW
08-11-2026 23:42:12 RAM 5632/7607MB (lfb 67x4MB) SWAP 1440/16384MB (cached 129MB) CPU [16%@729,21%@729,53%@729,22%@729,12%@1344,71%@1344] GR3D_FREQ 97% cpu@62.062C soc2@61.156C soc0@61.718C gpu@63.218C tj@63.218C soc1@61.031C VDD_IN 17133mW/16565mW VDD_CPU_GPU_CV 8172mW/7524mW VDD_SOC 3923mW/3967mW
08-11-2026 23:42:13 RAM 6457/7607MB (lfb 37x1MB) SWAP 1440/16384MB (cached 129MB) CPU [19%@1344,15%@1344,40%@1344,13%@1344,11%@1344,68%@1344] GR3D_FREQ 98% cpu@62.593C soc2@61.125C soc0@61.906C gpu@62.906C tj@62.906C soc1@60.781C VDD_IN 15783mW/16565mW VDD_CPU_GPU_CV 6904mW/7523mW VDD_SOC 3936mW/3967mW
08-11-2026 23:42:14 RAM 5810/7607MB (lfb 56x4MB) SWAP 1440/16384MB (cached 129MB) CPU [9%@960,27%@960,64%@960,10%@960,3%@729,12%@729] GR3D_FREQ 61% cpu@62.281C soc2@61.187C soc0@61.656C gpu@62.968C tj@62.968C soc1@60.875C VDD_IN 17329mW/16565mW VDD_CPU_GPU_CV 7390mW/7523mW VDD_SOC 4354mW/3968mW
08-11-2026 23:42:15 RAM 5639/7607MB (lfb 66x4MB) SWAP 1440/16384MB (cached 129MB) CPU [19%@729,85%@729,16%@729,12%@729,31%@729,17%@729] GR3D_FREQ 99% cpu@62.375C soc2@61.125C soc0@61.781C gpu@63.625C tj@63.625C soc1@60.875C VDD_IN 17526mW/16566mW VDD_CPU_GPU_CV 8563mW/7524mW VDD_SOC 3962mW/3967mW
08-11-2026 23:42:16 RAM 5642/7607MB (lfb 64x4MB) SWAP 1440/16384MB (cached 129MB) CPU [17%@1344,78%@1344,22%@1344,13%@1344,49%@729,16%@729] GR3D_FREQ 97% cpu@62.187C soc2@61.187C soc0@61.937C gpu@63.656C tj@63.656C soc1@60.906C VDD_IN 17329mW/16567mW VDD_CPU_GPU_CV 8407mW/7525mW VDD_SOC 3923mW/3967mW
08-11-2026 23:42:17 RAM 5636/7607MB (lfb 66x4MB) SWAP 1440/16384MB (cached 129MB) CPU [23%@1344,78%@1344,22%@1344,17%@1344,17%@729,46%@729] GR3D_FREQ 97% cpu@62.093C soc2@61.187C soc0@61.781C gpu@63.343C tj@63.343C soc1@61C VDD_IN 16373mW/16567mW VDD_CPU_GPU_CV 7481mW/7525mW VDD_SOC 3890mW/3967mW
08-11-2026 23:42:18 RAM 6201/7607MB (lfb 1x2MB) SWAP 1440/16384MB (cached 129MB) CPU [3%@1190,55%@1190,7%@1190,3%@1190,22%@1344,21%@1344] GR3D_FREQ 17% cpu@62.093C soc2@61.031C soc0@61.812C gpu@62.406C tj@62.406C soc1@60.875C VDD_IN 15809mW/16566mW VDD_CPU_GPU_CV 6316mW/7524mW VDD_SOC 4132mW/3968mW
08-11-2026 23:42:19 RAM 5645/7607MB (lfb 64x4MB) SWAP 1440/16384MB (cached 129MB) CPU [38%@1344,24%@1344,29%@1344,19%@1344,57%@1113,29%@1113] GR3D_FREQ 99% cpu@62.25C soc2@61.125C soc0@61.781C gpu@63.281C tj@63.281C soc1@60.875C VDD_IN 17486mW/16567mW VDD_CPU_GPU_CV 8094mW/7524mW VDD_SOC 4158mW/3968mW
08-11-2026 23:42:20 RAM 5639/7607MB (lfb 66x4MB) SWAP 1440/16384MB (cached 129MB) CPU [23%@729,23%@729,16%@729,41%@729,16%@1344,80%@1344] GR3D_FREQ 97% cpu@62.375C soc2@61C soc0@61.781C gpu@63.375C tj@63.375C soc1@60.906C VDD_IN 17408mW/16568mW VDD_CPU_GPU_CV 8485mW/7526mW VDD_SOC 3883mW/3968mW
08-11-2026 23:42:21 RAM 5641/7607MB (lfb 67x4MB) SWAP 1440/16384MB (cached 129MB) CPU [22%@729,55%@729,14%@729,23%@729,19%@1344,65%@1344] GR3D_FREQ 97% cpu@62.312C soc2@61.125C soc0@61.812C gpu@63.312C tj@63.312C soc1@60.968C VDD_IN 17054mW/16569mW VDD_CPU_GPU_CV 8146mW/7526mW VDD_SOC 3923mW/3968mW
08-11-2026 23:42:22 RAM 6433/7607MB (lfb 34x1MB) SWAP 1440/16384MB (cached 129MB) CPU [13%@1344,9%@1344,11%@1344,7%@1344,28%@1344,69%@1344] GR3D_FREQ 98% cpu@62.281C soc2@61.031C soc0@61.875C gpu@62.843C tj@62.843C soc1@60.843C VDD_IN 15296mW/16567mW VDD_CPU_GPU_CV 6365mW/7525mW VDD_SOC 3936mW/3968mW
08-11-2026 23:42:23 RAM 5641/7607MB (lfb 67x4MB) SWAP 1440/16384MB (cached 129MB) CPU [12%@729,10%@729,15%@729,16%@729,9%@1344,87%@1344] GR3D_FREQ 99% cpu@62.5C soc2@61.125C soc0@62.031C gpu@62.875C tj@62.875C soc1@60.812C VDD_IN 17408mW/16568mW VDD_CPU_GPU_CV 7429mW/7525mW VDD_SOC 4393mW/3968mW
08-11-2026 23:42:24 RAM 5640/7607MB (lfb 66x4MB) SWAP 1440/16384MB (cached 129MB) CPU [44%@729,18%@729,24%@729,30%@729,16%@1344,74%@1344] GR3D_FREQ 97% cpu@62.093C soc2@61.125C soc0@61.781C gpu@63.25C tj@63.25C soc1@60.875C VDD_IN 17604mW/16569mW VDD_CPU_GPU_CV 8720mW/7526mW VDD_SOC 3883mW/3968mW
08-11-2026 23:42:25 RAM 5638/7607MB (lfb 65x4MB) SWAP 1440/16384MB (cached 129MB) CPU [21%@729,16%@729,53%@729,23%@729,17%@1344,74%@1344] GR3D_FREQ 98% cpu@62.468C soc2@61.125C soc0@61.781C gpu@63.187C tj@63.187C soc1@60.875C VDD_IN 17250mW/16570mW VDD_CPU_GPU_CV 8329mW/7527mW VDD_SOC 3923mW/3968mW
08-11-2026 23:42:26 RAM 5637/7607MB (lfb 65x4MB) SWAP 1440/16384MB (cached 129MB) CPU [17%@729,19%@729,52%@729,13%@729,13%@1344,70%@1344] GR3D_FREQ 97% cpu@62.25C soc2@61.125C soc0@61.843C gpu@63.031C tj@63.031C soc1@61C VDD_IN 16531mW/16570mW VDD_CPU_GPU_CV 7520mW/7527mW VDD_SOC 3968mW/3968mW
08-11-2026 23:42:27 RAM 6178/7607MB (lfb 1x2MB) SWAP 1440/16384MB (cached 129MB) CPU [4%@1344,3%@1344,29%@1344,1%@1344,0%@1344,79%@1344] GR3D_FREQ 17% cpu@62.375C soc2@61.125C soc0@61.968C gpu@62.125C tj@62.375C soc1@60.875C VDD_IN 15980mW/16569mW VDD_CPU_GPU_CV 6473mW/7526mW VDD_SOC 4165mW/3968mW
08-11-2026 23:42:28 RAM 5641/7607MB (lfb 64x4MB) SWAP 1440/16384MB (cached 129MB) CPU [22%@883,19%@883,23%@883,20%@883,16%@729,78%@729] GR3D_FREQ 99% cpu@62.156C soc2@61.125C soc0@61.968C gpu@63.281C tj@63.281C soc1@60.875C VDD_IN 17408mW/16570mW VDD_CPU_GPU_CV 8055mW/7526mW VDD_SOC 4158mW/3968mW
08-11-2026 23:42:29 RAM 5641/7607MB (lfb 63x4MB) SWAP 1440/16384MB (cached 129MB) CPU [35%@729,19%@729,37%@729,19%@729,66%@1344,13%@1344] GR3D_FREQ 98% cpu@62.125C soc2@61.156C soc0@61.843C gpu@63.437C tj@63.437C soc1@60.875C VDD_IN 17368mW/16571mW VDD_CPU_GPU_CV 8485mW/7528mW VDD_SOC 3923mW/3968mW
08-11-2026 23:42:30 RAM 5643/7607MB (lfb 63x4MB) SWAP 1440/16384MB (cached 129MB) CPU [31%@1344,24%@1344,45%@1344,28%@1344,68%@729,27%@729] GR3D_FREQ 97% cpu@62.25C soc2@61.125C soc0@61.687C gpu@63.406C tj@63.406C soc1@60.937C VDD_IN 16975mW/16572mW VDD_CPU_GPU_CV 8068mW/7528mW VDD_SOC 3923mW/3968mW
08-11-2026 23:42:31 RAM 6443/7607MB (lfb 31x1MB) SWAP 1440/16384MB (cached 129MB) CPU [19%@1344,7%@1344,71%@1344,7%@1344,28%@1344,9%@1344] GR3D_FREQ 98% cpu@62.437C soc2@61.062C soc0@62C gpu@62.906C tj@62.906C soc1@61C VDD_IN 15335mW/16570mW VDD_CPU_GPU_CV 6316mW/7527mW VDD_SOC 3975mW/3968mW
08-11-2026 23:42:32 RAM 5644/7607MB (lfb 63x4MB) SWAP 1440/16384MB (cached 129MB) CPU [8%@1344,9%@1344,67%@1344,28%@1344,12%@729,11%@729] GR3D_FREQ 99% cpu@62.312C soc2@61.25C soc0@62.031C gpu@62.968C tj@62.968C soc1@60.875C VDD_IN 17447mW/16571mW VDD_CPU_GPU_CV 7468mW/7527mW VDD_SOC 4393mW/3969mW
08-11-2026 23:42:33 RAM 5644/7607MB (lfb 63x4MB) SWAP 1440/16384MB (cached 129MB) CPU [22%@729,21%@729,16%@729,28%@729,96%@1344,26%@1344] GR3D_FREQ 97% cpu@62.187C soc2@61.156C soc0@61.781C gpu@63.25C tj@63.25C soc1@60.875C VDD_IN 17486mW/16572mW VDD_CPU_GPU_CV 8641mW/7528mW VDD_SOC 3883mW/3969mW
08-11-2026 23:42:34 RAM 5643/7607MB (lfb 62x4MB) SWAP 1440/16384MB (cached 129MB) CPU [39%@729,14%@729,19%@729,11%@729,69%@1344,11%@1344] GR3D_FREQ 98% cpu@62.093C soc2@61.125C soc0@61.781C gpu@63.156C tj@63.156C soc1@60.875C VDD_IN 16975mW/16573mW VDD_CPU_GPU_CV 8094mW/7529mW VDD_SOC 3929mW/3969mW
08-11-2026 23:42:35 RAM 6478/7607MB (lfb 1x2MB) SWAP 1440/16384MB (cached 129MB) CPU [25%@1344,34%@1344,32%@1344,21%@1344,63%@1344,41%@1344] GR3D_FREQ 97% cpu@62.625C soc2@61.187C soc0@61.812C gpu@63.062C tj@63.062C soc1@61C VDD_IN 16531mW/16573mW VDD_CPU_GPU_CV 7559mW/7529mW VDD_SOC 3968mW/3969mW
08-11-2026 23:42:36 RAM 6098/7607MB (lfb 15x4MB) SWAP 1440/16384MB (cached 129MB) CPU [20%@1344,3%@1344,3%@1344,3%@1344,14%@1344,80%@1344] GR3D_FREQ 17% cpu@62.25C soc2@61.156C soc0@61.875C gpu@62.187C tj@62.25C soc1@60.875C VDD_IN 16295mW/16572mW VDD_CPU_GPU_CV 6697mW/7528mW VDD_SOC 4204mW/3969mW
08-11-2026 23:42:37 RAM 5639/7607MB (lfb 65x4MB) SWAP 1440/16384MB (cached 129MB) CPU [35%@729,21%@729,18%@729,18%@729,20%@1344,78%@1344] GR3D_FREQ 92% cpu@62.218C soc2@61.125C soc0@61.968C gpu@63.5C tj@63.5C soc1@60.875C VDD_IN 17486mW/16573mW VDD_CPU_GPU_CV 8133mW/7528mW VDD_SOC 4158mW/3969mW
08-11-2026 23:42:38 RAM 5640/7607MB (lfb 64x4MB) SWAP 1440/16384MB (cached 129MB) CPU [14%@729,52%@729,20%@729,19%@729,14%@1344,92%@1344] GR3D_FREQ 97% cpu@62.375C soc2@61.125C soc0@61.875C gpu@63.593C tj@63.593C soc1@60.937C VDD_IN 17290mW/16574mW VDD_CPU_GPU_CV 8407mW/7529mW VDD_SOC 3883mW/3969mW
08-11-2026 23:42:39 RAM 5642/7607MB (lfb 63x4MB) SWAP 1440/16384MB (cached 129MB) CPU [18%@729,56%@729,22%@729,20%@729,21%@1344,78%@1344] GR3D_FREQ 98% cpu@62.156C soc2@61.125C soc0@61.781C gpu@63.468C tj@63.468C soc1@60.906C VDD_IN 16806mW/16574mW VDD_CPU_GPU_CV 7833mW/7530mW VDD_SOC 3929mW/3969mW
08-11-2026 23:42:40 RAM 6416/7607MB (lfb 28x1MB) SWAP 1440/16384MB (cached 129MB) CPU [8%@1344,42%@1344,4%@1344,6%@1344,1%@1344,73%@1344] GR3D_FREQ 6% cpu@62.25C soc2@61.062C soc0@61.906C gpu@62.468C tj@62.468C soc1@61C VDD_IN 14862mW/16573mW VDD_CPU_GPU_CV 5815mW/7528mW VDD_SOC 3975mW/3969mW
08-11-2026 23:42:41 RAM 5646/7607MB (lfb 63x4MB) SWAP 1440/16384MB (cached 129MB) CPU [27%@1344,21%@1344,29%@1344,23%@1344,16%@1344,86%@1344] GR3D_FREQ 99% cpu@62.218C soc2@61.25C soc0@62.062C gpu@63.156C tj@63.156C soc1@60.937C VDD_IN 17447mW/16574mW VDD_CPU_GPU_CV 7859mW/7528mW VDD_SOC 4237mW/3969mW
08-11-2026 23:42:42 RAM 5646/7607MB (lfb 61x4MB) SWAP 1440/16384MB (cached 129MB) CPU [16%@729,17%@729,39%@729,18%@729,12%@1344,91%@1344] GR3D_FREQ 97% cpu@62.187C soc2@61.156C soc0@61.968C gpu@63.656C tj@63.437C soc1@60.875C VDD_IN 17486mW/16575mW VDD_CPU_GPU_CV 8641mW/7529mW VDD_SOC 3883mW/3969mW
08-11-2026 23:42:43 RAM 5647/7607MB (lfb 63x4MB) SWAP 1440/16384MB (cached 129MB) CPU [19%@1344,46%@1344,50%@1344,18%@1344,15%@729,36%@729] GR3D_FREQ 97% cpu@62.593C soc2@61.125C soc0@61.75C gpu@63.25C tj@63.25C soc1@60.968C VDD_IN 17015mW/16575mW VDD_CPU_GPU_CV 8094mW/7530mW VDD_SOC 3929mW/3969mW
08-11-2026 23:42:44 RAM 6472/7607MB (lfb 27x1MB) SWAP 1440/16384MB (cached 129MB) CPU [17%@1344,13%@1344,76%@1344,13%@1344,38%@1267,13%@1267] GR3D_FREQ 97% cpu@62.593C soc2@61.125C soc0@61.718C gpu@62.968C tj@62.968C soc1@61C VDD_IN 15611mW/16574mW VDD_CPU_GPU_CV 6826mW/7529mW VDD_SOC 3857mW/3969mW
08-11-2026 23:42:45 RAM 5830/7607MB (lfb 53x4MB) SWAP 1440/16384MB (cached 129MB) CPU [5%@806,3%@806,67%@806,13%@806,2%@729,22%@729] GR3D_FREQ 23% cpu@62.406C soc2@61.125C soc0@61.875C gpu@62.656C tj@62.656C soc1@61C VDD_IN 17054mW/16574mW VDD_CPU_GPU_CV 7246mW/7529mW VDD_SOC 4276mW/3969mW
08-11-2026 23:42:46 RAM 5655/7607MB (lfb 61x4MB) SWAP 1440/16384MB (cached 129MB) CPU [20%@729,32%@729,20%@729,33%@729,14%@729,80%@729] GR3D_FREQ 99% cpu@62.125C soc2@61.218C soc0@61.937C gpu@63.25C tj@63.25C soc1@60.906C VDD_IN 17643mW/16576mW VDD_CPU_GPU_CV 8588mW/7530mW VDD_SOC 4001mW/3969mW
08-11-2026 23:42:47 RAM 5649/7607MB (lfb 62x4MB) SWAP 1440/16384MB (cached 129MB) CPU [20%@729,18%@729,19%@729,46%@729,17%@1344,74%@1344] GR3D_FREQ 98% cpu@62.187C soc2@61.093C soc0@61.75C gpu@63.25C tj@63.25C soc1@60.875C VDD_IN 17211mW/16576mW VDD_CPU_GPU_CV 8329mW/7531mW VDD_SOC 3883mW/3969mW
08-11-2026 23:42:48 RAM 5651/7607MB (lfb 61x4MB) SWAP 1440/16384MB (cached 129MB) CPU [16%@729,12%@729,15%@729,55%@729,13%@1344,67%@1344] GR3D_FREQ 97% cpu@62.375C soc2@61.156C soc0@61.718C gpu@63.156C tj@63.156C soc1@60.968C VDD_IN 16609mW/16576mW VDD_CPU_GPU_CV 7637mW/7531mW VDD_SOC 3968mW/3969mW
08-11-2026 23:42:49 RAM 6353/7607MB (lfb 33x1MB) SWAP 1440/16384MB (cached 129MB) CPU [3%@1344,37%@1344,9%@1344,1%@1344,0%@1344,78%@1344] GR3D_FREQ 17% cpu@61.968C soc2@61.093C soc0@61.937C gpu@61.968C tj@61.968C soc1@61.093C VDD_IN 15335mW/16575mW VDD_CPU_GPU_CV 6041mW/7529mW VDD_SOC 4054mW/3969mW
08-11-2026 23:42:50 RAM 5648/7607MB (lfb 60x4MB) SWAP 1440/16384MB (cached 129MB) CPU [16%@729,20%@729,19%@729,16%@729,11%@1344,86%@1344] GR3D_FREQ 99% cpu@62.187C soc2@61.156C soc0@61.906C gpu@63.25C tj@63.25C soc1@60.875C VDD_IN 17368mW/16576mW VDD_CPU_GPU_CV 8055mW/7530mW VDD_SOC 4119mW/3969mW
08-11-2026 23:42:51 RAM 5650/7607MB (lfb 61x4MB) SWAP 1440/16384MB (cached 129MB) CPU [23%@729,26%@729,24%@729,41%@729,75%@1344,33%@1344] GR3D_FREQ 97% cpu@62.156C soc2@61.156C soc0@61.875C gpu@63.343C tj@63.343C soc1@60.906C VDD_IN 17565mW/16577mW VDD_CPU_GPU_CV 8681mW/7531mW VDD_SOC 3883mW/3969mW
08-11-2026 23:42:52 RAM 5650/7607MB (lfb 63x4MB) SWAP 1440/16384MB (cached 129MB) CPU [20%@1344,81%@1344,24%@1344,25%@1344,64%@729,17%@729] GR3D_FREQ 98% cpu@62.093C soc2@61.125C soc0@61.812C gpu@63.437C tj@63.437C soc1@61.031C VDD_IN 16936mW/16577mW VDD_CPU_GPU_CV 8068mW/7532mW VDD_SOC 3883mW/3969mW
08-11-2026 23:42:53 RAM 6452/7607MB (lfb 32x1MB) SWAP 1440/16384MB (cached 129MB) CPU [7%@1344,30%@1344,9%@1344,9%@1344,43%@1344,26%@1344] GR3D_FREQ 98% cpu@62.562C soc2@61.031C soc0@61.812C gpu@62.875C tj@62.875C soc1@60.968C VDD_IN 15099mW/16576mW VDD_CPU_GPU_CV 6130mW/7530mW VDD_SOC 3936mW/3969mW
08-11-2026 23:42:54 RAM 5652/7607MB (lfb 61x4MB) SWAP 1440/16384MB (cached 129MB) CPU [10%@1344,15%@1344,86%@1344,12%@1344,9%@729,14%@729] GR3D_FREQ 99% cpu@62.187C soc2@61.218C soc0@61.812C gpu@62.843C tj@62.843C soc1@61.125C VDD_IN 17368mW/16577mW VDD_CPU_GPU_CV 7468mW/7530mW VDD_SOC 4354mW/3970mW
08-11-2026 23:42:55 RAM 5648/7607MB (lfb 62x4MB) SWAP 1440/16384MB (cached 129MB) CPU [16%@1344,16%@1344,84%@1344,17%@1344,42%@729,16%@729] GR3D_FREQ 98% cpu@62.125C soc2@61.218C soc0@61.906C gpu@63.593C tj@63.593C soc1@60.875C VDD_IN 17408mW/16577mW VDD_CPU_GPU_CV 8602mW/7531mW VDD_SOC 3883mW/3970mW
08-11-2026 23:42:56 RAM 5654/7607MB (lfb 62x4MB) SWAP 1440/16384MB (cached 129MB) CPU [19%@1344,17%@1344,72%@1344,17%@1344,53%@729,19%@729] GR3D_FREQ 99% cpu@62.218C soc2@61.125C soc0@61.906C gpu@63.406C tj@63.406C soc1@60.906C VDD_IN 17172mW/16578mW VDD_CPU_GPU_CV 8250mW/7532mW VDD_SOC 3923mW/3970mW
08-11-2026 23:42:57 RAM 6482/7607MB (lfb 1x2MB) SWAP 1440/16384MB (cached 129MB) CPU [32%@729,25%@729,47%@729,31%@729,28%@1344,46%@1344] GR3D_FREQ 97% cpu@62.343C soc2@61.218C soc0@61.812C gpu@63.25C tj@63.25C soc1@60.968C VDD_IN 16531mW/16578mW VDD_CPU_GPU_CV 7481mW/7532mW VDD_SOC 3968mW/3970mW
08-11-2026 23:42:58 RAM 6017/7607MB (lfb 33x4MB) SWAP 1440/16384MB (cached 129MB) CPU [6%@1344,2%@1344,1%@1344,14%@1344,76%@729,3%@729] GR3D_FREQ 17% cpu@62.437C soc2@61.093C soc0@61.843C gpu@62.437C tj@62.437C soc1@60.968C VDD_IN 16255mW/16578mW VDD_CPU_GPU_CV 6658mW/7531mW VDD_SOC 4204mW/3970mW
08-11-2026 23:42:59 RAM 5654/7607MB (lfb 60x4MB) SWAP 1440/16384MB (cached 129MB) CPU [17%@729,16%@729,19%@729,32%@729,74%@729,17%@729] GR3D_FREQ 99% cpu@62.031C soc2@61.125C soc0@61.906C gpu@63.375C tj@63.375C soc1@61C VDD_IN 17486mW/16579mW VDD_CPU_GPU_CV 8133mW/7532mW VDD_SOC 4158mW/3970mW
08-11-2026 23:43:00 RAM 5651/7607MB (lfb 61x4MB) SWAP 1440/16384MB (cached 129MB) CPU [15%@729,14%@729,15%@729,40%@729,82%@1344,11%@1344] GR3D_FREQ 97% cpu@62.187C soc2@61.156C soc0@61.906C gpu@63.343C tj@63.343C soc1@60.906C VDD_IN 17172mW/16579mW VDD_CPU_GPU_CV 8329mW/7533mW VDD_SOC 3883mW/3970mW
08-11-2026 23:43:01 RAM 5645/7607MB (lfb 62x4MB) SWAP 1440/16384MB (cached 129MB) CPU [24%@729,24%@729,24%@729,22%@729,61%@1344,38%@1344] GR3D_FREQ 97% cpu@62.062C soc2@61.187C soc0@61.968C gpu@63.156C tj@63.156C soc1@60.968C VDD_IN 16740mW/16579mW VDD_CPU_GPU_CV 7794mW/7533mW VDD_SOC 3929mW/3970mW
08-11-2026 23:43:02 RAM 6371/7607MB (lfb 32x1MB) SWAP 1440/16384MB (cached 129MB) CPU [15%@1344,30%@1344,4%@1344,4%@1344,58%@729,26%@729] GR3D_FREQ 11% cpu@62.093C soc2@61.093C soc0@61.75C gpu@61.968C tj@62.093C soc1@60.937C VDD_IN 15217mW/16578mW VDD_CPU_GPU_CV 5972mW/7531mW VDD_SOC 4014mW/3970mW
08-11-2026 23:43:03 RAM 5653/7607MB (lfb 61x4MB) SWAP 1440/16384MB (cached 129MB) CPU [19%@1190,25%@1190,16%@1190,21%@1190,17%@1344,83%@1344] GR3D_FREQ 99% cpu@62.343C soc2@61.25C soc0@61.875C gpu@63.281C tj@63.281C soc1@60.937C VDD_IN 17368mW/16579mW VDD_CPU_GPU_CV 8094mW/7532mW VDD_SOC 4119mW/3970mW
08-11-2026 23:43:04 RAM 5652/7607MB (lfb 62x4MB) SWAP 1440/16384MB (cached 129MB) CPU [13%@729,43%@729,15%@729,16%@729,14%@1344,80%@1344] GR3D_FREQ 97% cpu@62.093C soc2@61.187C soc0@61.937C gpu@63.343C tj@63.343C soc1@60.968C VDD_IN 17447mW/16580mW VDD_CPU_GPU_CV 8563mW/7533mW VDD_SOC 3883mW/3970mW
08-11-2026 23:43:05 RAM 5656/7607MB (lfb 63x4MB) SWAP 1440/16384MB (cached 129MB) CPU [18%@729,56%@729,17%@729,20%@729,15%@1344,79%@1344] GR3D_FREQ 97% cpu@62.093C soc2@61.125C soc0@61.906C gpu@63.531C tj@63.531C soc1@61.093C VDD_IN 16897mW/16580mW VDD_CPU_GPU_CV 8029mW/7533mW VDD_SOC 3890mW/3970mW
08-11-2026 23:43:06 RAM 6461/7607MB (lfb 24x1MB) SWAP 1440/16384MB (cached 129MB) CPU [33%@1344,33%@1344,11%@1344,14%@1344,8%@1344,51%@1344] GR3D_FREQ 97% cpu@62.375C soc2@61.093C soc0@62.031C gpu@63.218C tj@63.218C soc1@60.937C VDD_IN 15572mW/16579mW VDD_CPU_GPU_CV 6590mW/7532mW VDD_SOC 3936mW/3970mW
08-11-2026 23:43:07 RAM 5701/7607MB (lfb 60x4MB) SWAP 1440/16384MB (cached 129MB) CPU [13%@729,12%@729,9%@729,9%@729,83%@729,9%@729] GR3D_FREQ 99% cpu@62.343C soc2@61.125C soc0@61.875C gpu@63.437C tj@63.437C soc1@60.937C VDD_IN 17526mW/16580mW VDD_CPU_GPU_CV 7507mW/7532mW VDD_SOC 4393mW/3970mW
08-11-2026 23:43:08 RAM 5648/7607MB (lfb 62x4MB) SWAP 1440/16384MB (cached 129MB) CPU [92%@1344,24%@1344,18%@1344,24%@1344,26%@729,22%@729] GR3D_FREQ 98% cpu@62.093C soc2@61.187C soc0@61.843C gpu@63.468C tj@63.468C soc1@60.968C VDD_IN 17486mW/16581mW VDD_CPU_GPU_CV 8641mW/7534mW VDD_SOC 3883mW/3970mW
08-11-2026 23:43:09 RAM 5648/7607MB (lfb 62x4MB) SWAP 1440/16384MB (cached 129MB) CPU [36%@1344,50%@1344,14%@1344,22%@1344,27%@729,42%@729] GR3D_FREQ 98% cpu@61.843C soc2@61.218C soc0@61.781C gpu@63.343C tj@63.343C soc1@60.906C VDD_IN 17093mW/16582mW VDD_CPU_GPU_CV 8250mW/7534mW VDD_SOC 3923mW/3970mW
08-11-2026 23:43:10 RAM 6107/7607MB (lfb 37x2MB) SWAP 1440/16384MB (cached 129MB) CPU [59%@1190,33%@1190,16%@1190,18%@1190,21%@1344,49%@1344] GR3D_FREQ 97% cpu@62.375C soc2@61.343C soc0@61.875C gpu@63.156C tj@63.156C soc1@61C VDD_IN 16570mW/16582mW VDD_CPU_GPU_CV 7559mW/7534mW VDD_SOC 3968mW/3970mW
08-11-2026 23:43:11 RAM 6167/7607MB (lfb 1x4MB) SWAP 1439/16384MB (cached 129MB) CPU [14%@960,2%@960,53%@960,12%@960,2%@1344,60%@1344] GR3D_FREQ 16% cpu@62.156C soc2@61.062C soc0@61.812C gpu@62.343C tj@62.343C soc1@60.968C VDD_IN 16216mW/16581mW VDD_CPU_GPU_CV 6658mW/7533mW VDD_SOC 4204mW/3970mW
08-11-2026 23:43:12 RAM 5658/7607MB (lfb 64x4MB) SWAP 1439/16384MB (cached 129MB) CPU [15%@1036,17%@1036,17%@1036,81%@1036,25%@729,13%@729] GR3D_FREQ 99% cpu@62.343C soc2@61.25C soc0@61.843C gpu@63.343C tj@63.343C soc1@60.937C VDD_IN 17447mW/16582mW VDD_CPU_GPU_CV 8094mW/7534mW VDD_SOC 4158mW/3971mW
08-11-2026 23:43:13 RAM 5665/7607MB (lfb 62x4MB) SWAP 1439/16384MB (cached 129MB) CPU [25%@729,22%@729,25%@729,60%@729,78%@1344,18%@1344] GR3D_FREQ 97% cpu@62.187C soc2@61.187C soc0@61.781C gpu@63.406C tj@63.406C soc1@60.906C VDD_IN 17408mW/16583mW VDD_CPU_GPU_CV 8524mW/7535mW VDD_SOC 3883mW/3970mW
08-11-2026 23:43:14 RAM 5661/7607MB (lfb 63x4MB) SWAP 1439/16384MB (cached 129MB) CPU [32%@1344,16%@1344,31%@1344,21%@1344,39%@729,43%@729] GR3D_FREQ 99% cpu@62.156C soc2@61.187C soc0@61.906C gpu@63.25C tj@63.25C soc1@61.187C VDD_IN 16806mW/16583mW VDD_CPU_GPU_CV 7755mW/7535mW VDD_SOC 3929mW/3970mW
08-11-2026 23:43:15 RAM 6399/7607MB (lfb 25x1MB) SWAP 1439/16384MB (cached 129MB) CPU [16%@1344,4%@1344,16%@1344,0%@1344,54%@1344,22%@1344] GR3D_FREQ 4% cpu@61.937C soc2@61.125C soc0@61.937C gpu@61.937C tj@62C soc1@60.906C VDD_IN 14571mW/16581mW VDD_CPU_GPU_CV 5540mW/7533mW VDD_SOC 3902mW/3970mW
08-11-2026 23:43:16 RAM 5660/7607MB (lfb 62x4MB) SWAP 1439/16384MB (cached 129MB) CPU [21%@806,23%@806,15%@806,18%@806,73%@1344,30%@1344] GR3D_FREQ 99% cpu@62.218C soc2@61.125C soc0@61.75C gpu@63.25C tj@63.25C soc1@60.906C VDD_IN 17290mW/16582mW VDD_CPU_GPU_CV 8016mW/7534mW VDD_SOC 4119mW/3971mW
08-11-2026 23:43:17 RAM 5658/7607MB (lfb 61x4MB) SWAP 1439/16384MB (cached 129MB) CPU [16%@729,39%@729,21%@729,17%@729,14%@1344,93%@1344] GR3D_FREQ 97% cpu@62.406C soc2@61.125C soc0@61.843C gpu@63.218C tj@63.218C soc1@60.968C VDD_IN 17250mW/16582mW VDD_CPU_GPU_CV 8407mW/7535mW VDD_SOC 3883mW/3970mW
08-11-2026 23:43:18 RAM 5659/7607MB (lfb 61x4MB) SWAP 1439/16384MB (cached 129MB) CPU [16%@729,22%@729,16%@729,56%@729,22%@1344,66%@1344] GR3D_FREQ 97% cpu@62.281C soc2@61.125C soc0@61.906C gpu@63.125C tj@63.125C soc1@60.968C VDD_IN 17015mW/16583mW VDD_CPU_GPU_CV 8068mW/7535mW VDD_SOC 3923mW/3970mW
08-11-2026 23:43:19 RAM 6464/7607MB (lfb 27x1MB) SWAP 1439/16384MB (cached 129MB) CPU [17%@1344,21%@1344,14%@1344,14%@1344,31%@1344,64%@1344] GR3D_FREQ 98% cpu@62.312C soc2@61.125C soc0@61.875C gpu@62.781C tj@62.781C soc1@61.062C VDD_IN 15217mW/16582mW VDD_CPU_GPU_CV 6208mW/7534mW VDD_SOC 3936mW/3970mW
08-11-2026 23:43:21 RAM 5665/7607MB (lfb 62x4MB) SWAP 1439/16384MB (cached 129MB) CPU [65%@1344,7%@1344,25%@1344,8%@1344,16%@1344,29%@1344] GR3D_FREQ 99% cpu@62.375C soc2@61.343C soc0@62C gpu@62.687C tj@62.687C soc1@60.906C VDD_IN 17447mW/16582mW VDD_CPU_GPU_CV 7507mW/7534mW VDD_SOC 4393mW/3971mW
08-11-2026 23:43:22 RAM 5666/7607MB (lfb 61x4MB) SWAP 1439/16384MB (cached 129MB) CPU [12%@960,13%@960,74%@960,15%@960,14%@729,37%@729] GR3D_FREQ 99% cpu@62.125C soc2@61.125C soc0@61.812C gpu@63.343C tj@63.343C soc1@60.875C VDD_IN 17486mW/16583mW VDD_CPU_GPU_CV 8602mW/7535mW VDD_SOC 3883mW/3971mW
08-11-2026 23:43:23 RAM 5666/7607MB (lfb 63x4MB) SWAP 1439/16384MB (cached 129MB) CPU [16%@1344,14%@1344,77%@1344,14%@1344,21%@729,52%@729] GR3D_FREQ 98% cpu@62.406C soc2@61.218C soc0@61.812C gpu@63.593C tj@63.593C soc1@60.906C VDD_IN 17211mW/16584mW VDD_CPU_GPU_CV 8290mW/7536mW VDD_SOC 3923mW/3971mW
08-11-2026 23:43:24 RAM 6205/7607MB (lfb 1x4MB) SWAP 1439/16384MB (cached 129MB) CPU [18%@1344,22%@1344,71%@1344,19%@1344,59%@1344,17%@1344] GR3D_FREQ 97% cpu@62.687C soc2@61.218C soc0@61.812C gpu@63.343C tj@63.343C soc1@60.968C VDD_IN 16767mW/16584mW VDD_CPU_GPU_CV 7716mW/7536mW VDD_SOC 3968mW/3971mW
08-11-2026 23:43:25 RAM 6224/7607MB (lfb 1x4MB) SWAP 1439/16384MB (cached 129MB) CPU [12%@1344,4%@1344,54%@1344,34%@1344,33%@1344,2%@1344] GR3D_FREQ 17% cpu@62.156C soc2@61.093C soc0@62.093C gpu@62.062C tj@62.156C soc1@60.906C VDD_IN 16019mW/16584mW VDD_CPU_GPU_CV 6512mW/7535mW VDD_SOC 4126mW/3971mW
08-11-2026 23:43:26 RAM 5664/7607MB (lfb 62x4MB) SWAP 1439/16384MB (cached 129MB) CPU [18%@729,20%@729,18%@1113,24%@1113,82%@960,25%@960] GR3D_FREQ 99% cpu@62.281C soc2@61.156C soc0@61.75C gpu@63.25C tj@63.437C soc1@60.968C VDD_IN 17486mW/16585mW VDD_CPU_GPU_CV 8055mW/7535mW VDD_SOC 4158mW/3971mW
08-11-2026 23:43:27 RAM 5669/7607MB (lfb 61x4MB) SWAP 1439/16384MB (cached 129MB) CPU [15%@1344,13%@1344,20%@1344,11%@1344,33%@1344,78%@1344] GR3D_FREQ 97% cpu@62.062C soc2@61.156C soc0@61.812C gpu@63.531C tj@63.531C soc1@61C VDD_IN 17290mW/16585mW VDD_CPU_GPU_CV 8368mW/7536mW VDD_SOC 3883mW/3971mW
08-11-2026 23:43:28 RAM 5665/7607MB (lfb 60x4MB) SWAP 1439/16384MB (cached 129MB) CPU [41%@729,18%@729,19%@729,21%@729,12%@1344,70%@1344] GR3D_FREQ 97% cpu@62.093C soc2@61.125C soc0@61.875C gpu@63.312C tj@63.312C soc1@60.906C VDD_IN 16649mW/16585mW VDD_CPU_GPU_CV 7716mW/7536mW VDD_SOC 3890mW/3971mW
08-11-2026 23:43:29 RAM 6435/7607MB (lfb 26x1MB) SWAP 1439/16384MB (cached 129MB) CPU [4%@1344,27%@1344,5%@1344,3%@1344,0%@1344,77%@1344] GR3D_FREQ 30% cpu@62C soc2@60.968C soc0@62C gpu@62.062C tj@62.062C soc1@60.937C VDD_IN 14294mW/16583mW VDD_CPU_GPU_CV 5431mW/7534mW VDD_SOC 3863mW/3971mW
08-11-2026 23:43:30 RAM 5662/7607MB (lfb 61x4MB) SWAP 1439/16384MB (cached 129MB) CPU [29%@1344,27%@1344,27%@1344,21%@1344,23%@1344,86%@1344] GR3D_FREQ 99% cpu@62.375C soc2@61.281C soc0@61.812C gpu@63.062C tj@63.062C soc1@60.875C VDD_IN 17447mW/16584mW VDD_CPU_GPU_CV 7977mW/7535mW VDD_SOC 4197mW/3971mW
08-11-2026 23:43:31 RAM 5659/7607MB (lfb 61x4MB) SWAP 1439/16384MB (cached 129MB) CPU [15%@729,13%@729,13%@729,22%@729,93%@1344,25%@1344] GR3D_FREQ 97% cpu@62.343C soc2@61.156C soc0@61.843C gpu@63.187C tj@63.187C soc1@61C VDD_IN 17250mW/16585mW VDD_CPU_GPU_CV 8485mW/7536mW VDD_SOC 3883mW/3971mW
08-11-2026 23:43:32 RAM 5657/7607MB (lfb 61x4MB) SWAP 1439/16384MB (cached 129MB) CPU [27%@1344,16%@1344,24%@1344,21%@1344,65%@1344,42%@1344] GR3D_FREQ 98% cpu@61.968C soc2@61.125C soc0@61.875C gpu@63.093C tj@63.093C soc1@61C VDD_IN 16975mW/16585mW VDD_CPU_GPU_CV 8107mW/7536mW VDD_SOC 3890mW/3971mW
08-11-2026 23:43:33 RAM 6461/7607MB (lfb 30x1MB) SWAP 1439/16384MB (cached 129MB) CPU [10%@1344,35%@1344,13%@1344,12%@1344,78%@1344,11%@1344] GR3D_FREQ 98% cpu@62.437C soc2@61.156C soc0@61.937C gpu@62.843C tj@62.843C soc1@60.875C VDD_IN 15375mW/16584mW VDD_CPU_GPU_CV 6562mW/7535mW VDD_SOC 3857mW/3971mW
08-11-2026 23:43:34 RAM 5704/7607MB (lfb 62x4MB) SWAP 1439/16384MB (cached 129MB) CPU [17%@729,21%@729,11%@729,11%@729,10%@729,85%@729] GR3D_FREQ 99% cpu@62.375C soc2@61.187C soc0@62.031C gpu@63.062C tj@63.062C soc1@60.937C VDD_IN 17368mW/16585mW VDD_CPU_GPU_CV 7507mW/7535mW VDD_SOC 4354mW/3971mW
08-11-2026 23:43:35 RAM 5655/7607MB (lfb 62x4MB) SWAP 1439/16384MB (cached 129MB) CPU [17%@729,40%@729,13%@729,14%@729,13%@1190,90%@1190] GR3D_FREQ 97% cpu@62C soc2@61.125C soc0@61.75C gpu@63.218C tj@63.218C soc1@60.968C VDD_IN 17172mW/16585mW VDD_CPU_GPU_CV 8407mW/7536mW VDD_SOC 3844mW/3971mW
08-11-2026 23:43:36 RAM 5652/7607MB (lfb 61x4MB) SWAP 1439/16384MB (cached 129MB) CPU [33%@729,34%@729,49%@729,30%@729,18%@1344,82%@1344] GR3D_FREQ 97% cpu@62.281C soc2@61.218C soc0@61.812C gpu@63.531C tj@63.531C soc1@61.031C VDD_IN 16975mW/16586mW VDD_CPU_GPU_CV 8186mW/7537mW VDD_SOC 3851mW/3971mW
08-11-2026 23:43:37 RAM 6487/7607MB (lfb 31x1MB) SWAP 1439/16384MB (cached 129MB) CPU [18%@1344,16%@1344,17%@1344,13%@1344,22%@1344,85%@1344] GR3D_FREQ 98% cpu@62.156C soc2@61.125C soc0@61.906C gpu@62.781C tj@62.781C soc1@61.093C VDD_IN 16058mW/16585mW VDD_CPU_GPU_CV 7100mW/7536mW VDD_SOC 3929mW/3971mW
08-11-2026 23:43:38 RAM 6016/7607MB (lfb 33x4MB) SWAP 1439/16384MB (cached 129MB) CPU [80%@1344,1%@1344,4%@1344,8%@1344,22%@1344,0%@1344] GR3D_FREQ 17% cpu@62.156C soc2@61.187C soc0@61.906C gpu@62.187C tj@62.187C soc1@61.125C VDD_IN 16767mW/16585mW VDD_CPU_GPU_CV 7011mW/7536mW VDD_SOC 4243mW/3971mW
08-11-2026 23:43:39 RAM 5653/7607MB (lfb 60x4MB) SWAP 1439/16384MB (cached 129MB) CPU [78%@729,18%@729,18%@729,14%@729,27%@729,16%@729] GR3D_FREQ 99% cpu@62.093C soc2@61.281C soc0@61.937C gpu@63.062C tj@63.062C soc1@60.906C VDD_IN 17368mW/16586mW VDD_CPU_GPU_CV 8055mW/7536mW VDD_SOC 4119mW/3971mW
08-11-2026 23:43:40 RAM 5656/7607MB (lfb 59x4MB) SWAP 1439/16384MB (cached 129MB) CPU [77%@1344,13%@1344,25%@1344,19%@1344,41%@729,16%@729] GR3D_FREQ 98% cpu@62.093C soc2@61.218C soc0@61.843C gpu@63.218C tj@63.218C soc1@61C VDD_IN 17133mW/16587mW VDD_CPU_GPU_CV 8290mW/7537mW VDD_SOC 3883mW/3971mW
08-11-2026 23:43:41 RAM 5655/7607MB (lfb 61x4MB) SWAP 1439/16384MB (cached 129MB) CPU [44%@729,29%@729,24%@729,31%@729,48%@1344,45%@1344] GR3D_FREQ 97% cpu@62.281C soc2@61.156C soc0@61.781C gpu@63.093C tj@63.093C soc1@60.937C VDD_IN 16818mW/16587mW VDD_CPU_GPU_CV 7951mW/7538mW VDD_SOC 3929mW/3971mW
08-11-2026 23:43:42 RAM 6381/7607MB (lfb 28x1MB) SWAP 1439/16384MB (cached 129MB) CPU [6%@1344,3%@1344,5%@1344,22%@1344,66%@729,0%@729] GR3D_FREQ 11% cpu@62.093C soc2@61.093C soc0@61.906C gpu@61.906C tj@62.093C soc1@61.031C VDD_IN 14862mW/16585mW VDD_CPU_GPU_CV 5737mW/7536mW VDD_SOC 4021mW/3971mW
08-11-2026 23:43:43 RAM 5651/7607MB (lfb 61x4MB) SWAP 1439/16384MB (cached 129MB) CPU [18%@729,16%@729,19%@729,19%@729,84%@1344,15%@1344] GR3D_FREQ 99% cpu@62.25C soc2@61.218C soc0@61.906C gpu@63.343C tj@63.343C soc1@61.125C VDD_IN 17211mW/16586mW VDD_CPU_GPU_CV 7938mW/7536mW VDD_SOC 4119mW/3971mW
08-11-2026 23:43:44 RAM 5648/7607MB (lfb 62x4MB) SWAP 1439/16384MB (cached 129MB) CPU [20%@729,16%@729,16%@729,39%@729,81%@1344,11%@1344] GR3D_FREQ 98% cpu@62.125C soc2@61.125C soc0@61.937C gpu@63.437C tj@63.437C soc1@60.906C VDD_IN 17329mW/16586mW VDD_CPU_GPU_CV 8446mW/7537mW VDD_SOC 3883mW/3971mW
08-11-2026 23:43:45 RAM 5654/7607MB (lfb 62x4MB) SWAP 1439/16384MB (cached 129MB) CPU [48%@1344,19%@1344,22%@1344,22%@1344,56%@729,17%@729] GR3D_FREQ 97% cpu@62.062C soc2@61.218C soc0@61.875C gpu@63.375C tj@63.375C soc1@60.937C VDD_IN 16897mW/16587mW VDD_CPU_GPU_CV 7990mW/7537mW VDD_SOC 3890mW/3971mW
08-11-2026 23:43:46 RAM 6470/7607MB (lfb 30x1MB) SWAP 1439/16384MB (cached 129MB) CPU [48%@1344,20%@1344,13%@1344,38%@1344,26%@1344,9%@1344] GR3D_FREQ 98% cpu@62.812C soc2@61.25C soc0@61.812C gpu@63.031C tj@63.031C soc1@60.937C VDD_IN 15730mW/16586mW VDD_CPU_GPU_CV 6708mW/7537mW VDD_SOC 3975mW/3971mW
08-11-2026 23:43:47 RAM 5721/7607MB (lfb 59x4MB) SWAP 1439/16384MB (cached 129MB) CPU [15%@1036,16%@1036,7%@1036,24%@1036,65%@729,29%@729] GR3D_FREQ 99% cpu@62.25C soc2@61.25C soc0@61.906C gpu@63.312C tj@63.312C soc1@61.093C VDD_IN 17486mW/16587mW VDD_CPU_GPU_CV 7586mW/7537mW VDD_SOC 4354mW/3971mW
08-11-2026 23:43:48 RAM 5649/7607MB (lfb 61x4MB) SWAP 1439/16384MB (cached 129MB) CPU [21%@729,38%@729,16%@729,20%@729,19%@729,74%@729] GR3D_FREQ 99% cpu@61.906C soc2@61.187C soc0@61.906C gpu@63.625C tj@63.625C soc1@61.156C VDD_IN 17447mW/16588mW VDD_CPU_GPU_CV 8602mW/7538mW VDD_SOC 3883mW/3971mW
08-11-2026 23:43:49 RAM 5661/7607MB (lfb 61x4MB) SWAP 1439/16384MB (cached 129MB) CPU [16%@729,40%@729,20%@729,20%@729,17%@1344,85%@1344] GR3D_FREQ 98% cpu@62.187C soc2@61.125C soc0@62.031C gpu@63.218C tj@63.218C soc1@60.968C VDD_IN 16857mW/16588mW VDD_CPU_GPU_CV 8029mW/7538mW VDD_SOC 3851mW/3971mW
08-11-2026 23:43:50 RAM 6486/7607MB (lfb 29x1MB) SWAP 1439/16384MB (cached 129MB) CPU [21%@1344,17%@1344,21%@1344,51%@1344,14%@1344,66%@1344] GR3D_FREQ 98% cpu@62.406C soc2@61.062C soc0@61.843C gpu@63C tj@63C soc1@60.906C VDD_IN 16216mW/16588mW VDD_CPU_GPU_CV 7257mW/7538mW VDD_SOC 3929mW/3971mW
08-11-2026 23:43:51 RAM 6049/7607MB (lfb 29x4MB) SWAP 1439/16384MB (cached 129MB) CPU [3%@1344,3%@1344,7%@1344,22%@1344,0%@729,76%@729] GR3D_FREQ 17% cpu@62.531C soc2@61.125C soc0@61.812C gpu@62.187C tj@62.531C soc1@60.937C VDD_IN 16295mW/16587mW VDD_CPU_GPU_CV 6658mW/7537mW VDD_SOC 4204mW/3971mW
08-11-2026 23:43:52 RAM 5660/7607MB (lfb 62x4MB) SWAP 1439/16384MB (cached 129MB) CPU [18%@806,15%@806,27%@806,31%@806,12%@1344,74%@1344] GR3D_FREQ 92% cpu@62.031C soc2@61.156C soc0@61.968C gpu@63.062C tj@63.062C soc1@61.031C VDD_IN 17408mW/16588mW VDD_CPU_GPU_CV 8094mW/7538mW VDD_SOC 4119mW/3972mW
08-11-2026 23:43:53 RAM 5653/7607MB (lfb 62x4MB) SWAP 1439/16384MB (cached 129MB) CPU [19%@729,27%@729,19%@729,48%@729,70%@1344,23%@1344] GR3D_FREQ 98% cpu@62.031C soc2@61.187C soc0@62.062C gpu@63.375C tj@63.375C soc1@61.125C VDD_IN 17250mW/16589mW VDD_CPU_GPU_CV 8407mW/7539mW VDD_SOC 3883mW/3971mW
08-11-2026 23:43:54 RAM 5651/7607MB (lfb 61x4MB) SWAP 1439/16384MB (cached 129MB) CPU [41%@729,16%@729,15%@729,17%@729,66%@1344,16%@1344] GR3D_FREQ 97% cpu@62.093C soc2@61.125C soc0@61.968C gpu@63.25C tj@63.25C soc1@60.906C VDD_IN 16491mW/16589mW VDD_CPU_GPU_CV 7598mW/7539mW VDD_SOC 3890mW/3971mW
08-11-2026 23:43:55 RAM 6381/7607MB (lfb 29x1MB) SWAP 1439/16384MB (cached 129MB) CPU [22%@1344,2%@1344,2%@1344,5%@1344,66%@729,3%@729] GR3D_FREQ 8% cpu@62.093C soc2@61.031C soc0@61.781C gpu@62.187C tj@62.187C soc1@60.937C VDD_IN 14744mW/16587mW VDD_CPU_GPU_CV 5619mW/7537mW VDD_SOC 3981mW/3971mW
08-11-2026 23:43:56 RAM 5650/7607MB (lfb 61x4MB) SWAP 1439/16384MB (cached 129MB) CPU [31%@960,22%@960,18%@960,19%@960,74%@1344,25%@1344] GR3D_FREQ 99% cpu@62.343C soc2@61.218C soc0@61.843C gpu@63.625C tj@63.625C soc1@60.937C VDD_IN 17211mW/16587mW VDD_CPU_GPU_CV 7938mW/7537mW VDD_SOC 4119mW/3972mW
08-11-2026 23:43:57 RAM 5655/7607MB (lfb 63x4MB) SWAP 1439/16384MB (cached 129MB) CPU [38%@806,17%@806,20%@806,24%@806,73%@1344,37%@1344] GR3D_FREQ 98% cpu@62.187C soc2@61.156C soc0@61.875C gpu@63.687C tj@63.687C soc1@61C VDD_IN 17447mW/16588mW VDD_CPU_GPU_CV 8563mW/7538mW VDD_SOC 3883mW/3971mW
08-11-2026 23:43:58 RAM 5659/7607MB (lfb 62x4MB) SWAP 1439/16384MB (cached 129MB) CPU [57%@729,17%@729,26%@729,23%@729,18%@1344,60%@1344] GR3D_FREQ 97% cpu@62.093C soc2@61.187C soc0@61.937C gpu@63.656C tj@63.656C soc1@60.968C VDD_IN 16936mW/16589mW VDD_CPU_GPU_CV 8029mW/7539mW VDD_SOC 3883mW/3971mW
08-11-2026 23:43:59 RAM 6463/7607MB (lfb 29x1MB) SWAP 1439/16384MB (cached 129MB) CPU [14%@1344,11%@1344,12%@1344,15%@1344,19%@1344,86%@1344] GR3D_FREQ 97% cpu@62.437C soc2@61.125C soc0@61.843C gpu@63.343C tj@63.343C soc1@60.906C VDD_IN 15783mW/16588mW VDD_CPU_GPU_CV 6826mW/7538mW VDD_SOC 3936mW/3971mW
08-11-2026 23:44:00 RAM 5770/7607MB (lfb 61x4MB) SWAP 1439/16384MB (cached 129MB) CPU [6%@729,27%@729,11%@729,9%@729,67%@1344,30%@1344] GR3D_FREQ 98% cpu@62.625C soc2@61.218C soc0@61.812C gpu@63.031C tj@63.031C soc1@61C VDD_IN 17565mW/16589mW VDD_CPU_GPU_CV 7625mW/7538mW VDD_SOC 4354mW/3972mW
08-11-2026 23:44:01 RAM 5654/7607MB (lfb 60x4MB) SWAP 1439/16384MB (cached 129MB) CPU [17%@1344,91%@1344,13%@1344,16%@1344,14%@729,36%@729] GR3D_FREQ 99% cpu@62.281C soc2@61.187C soc0@61.906C gpu@63.468C tj@63.468C soc1@61.062C VDD_IN 17329mW/16590mW VDD_CPU_GPU_CV 8524mW/7539mW VDD_SOC 3844mW/3972mW
08-11-2026 23:44:02 RAM 5655/7607MB (lfb 62x4MB) SWAP 1439/16384MB (cached 129MB) CPU [21%@1344,75%@1344,19%@1344,22%@1344,54%@729,27%@729] GR3D_FREQ 97% cpu@62.031C soc2@61.218C soc0@61.843C gpu@63.406C tj@63.406C soc1@61C VDD_IN 17172mW/16590mW VDD_CPU_GPU_CV 8290mW/7540mW VDD_SOC 3883mW/3972mW
08-11-2026 23:44:03 RAM 6220/7607MB (lfb 3x4MB) SWAP 1439/16384MB (cached 129MB) CPU [56%@1344,52%@1344,21%@1344,23%@1344,58%@1267,21%@1267] GR3D_FREQ 97% cpu@62.25C soc2@61.375C soc0@61.812C gpu@63.218C tj@63.218C soc1@60.906C VDD_IN 16570mW/16590mW VDD_CPU_GPU_CV 7598mW/7540mW VDD_SOC 3929mW/3971mW
08-11-2026 23:44:04 RAM 6114/7607MB (lfb 10x4MB) SWAP 1439/16384MB (cached 129MB) CPU [55%@1344,10%@1344,2%@1344,16%@1344,21%@806,1%@806] GR3D_FREQ 17% cpu@62.281C soc2@61.062C soc0@61.843C gpu@62.281C tj@62.562C soc1@60.937C VDD_IN 15901mW/16589mW VDD_CPU_GPU_CV 6473mW/7539mW VDD_SOC 4132mW/3972mW
08-11-2026 23:44:05 RAM 5655/7607MB (lfb 58x4MB) SWAP 1439/16384MB (cached 129MB) CPU [20%@1344,16%@1344,15%@1344,33%@1344,74%@729,18%@729] GR3D_FREQ 92% cpu@62.187C soc2@61.125C soc0@61.875C gpu@63.343C tj@63.343C soc1@60.906C VDD_IN 17329mW/16590mW VDD_CPU_GPU_CV 8055mW/7539mW VDD_SOC 4119mW/3972mW
08-11-2026 23:44:06 RAM 5651/7607MB (lfb 60x4MB) SWAP 1439/16384MB (cached 129MB) CPU [23%@1344,13%@1344,17%@1344,94%@1344,49%@729,15%@729] GR3D_FREQ 97% cpu@62.343C soc2@61.187C soc0@61.906C gpu@63.5C tj@63.5C soc1@60.937C VDD_IN 17172mW/16591mW VDD_CPU_GPU_CV 8329mW/7540mW VDD_SOC 3844mW/3972mW
08-11-2026 23:44:07 RAM 5652/7607MB (lfb 60x4MB) SWAP 1439/16384MB (cached 129MB) CPU [15%@1344,16%@1344,56%@1344,32%@1344,20%@729,55%@729] GR3D_FREQ 97% cpu@62.218C soc2@61.218C soc0@61.906C gpu@63.312C tj@63.312C soc1@61C VDD_IN 16649mW/16591mW VDD_CPU_GPU_CV 7755mW/7540mW VDD_SOC 3890mW/3972mW
08-11-2026 23:44:08 RAM 6374/7607MB (lfb 33x1MB) SWAP 1439/16384MB (cached 129MB) CPU [17%@1344,9%@1344,57%@1344,22%@1344,25%@1344,9%@1344] GR3D_FREQ 4% cpu@62.187C soc2@61.156C soc0@61.875C gpu@61.906C tj@62.187C soc1@60.906C VDD_IN 14902mW/16589mW VDD_CPU_GPU_CV 5815mW/7538mW VDD_SOC 3981mW/3972mW
08-11-2026 23:44:09 RAM 5654/7607MB (lfb 60x4MB) SWAP 1439/16384MB (cached 129MB) CPU [24%@729,14%@729,16%@729,18%@729,84%@1344,18%@1344] GR3D_FREQ 99% cpu@62.062C soc2@61.125C soc0@61.937C gpu@63.25C tj@63.25C soc1@60.937C VDD_IN 17211mW/16590mW VDD_CPU_GPU_CV 8016mW/7539mW VDD_SOC 4080mW/3972mW
08-11-2026 23:44:10 RAM 5657/7607MB (lfb 59x4MB) SWAP 1439/16384MB (cached 129MB) CPU [24%@729,42%@729,19%@729,16%@729,26%@1344,65%@1344] GR3D_FREQ 97% cpu@62.125C soc2@61.187C soc0@61.843C gpu@63.25C tj@63.25C soc1@60.937C VDD_IN 17290mW/16590mW VDD_CPU_GPU_CV 8407mW/7540mW VDD_SOC 3883mW/3972mW
08-11-2026 23:44:11 RAM 5653/7607MB (lfb 60x4MB) SWAP 1439/16384MB (cached 129MB) CPU [22%@729,15%@729,40%@729,16%@729,65%@1344,26%@1344] GR3D_FREQ 99% cpu@62.25C soc2@61.125C soc0@61.843C gpu@63.156C tj@63.156C soc1@61.062C VDD_IN 16413mW/16590mW VDD_CPU_GPU_CV 7637mW/7540mW VDD_SOC 3851mW/3971mW
08-11-2026 23:44:12 RAM 6434/7607MB (lfb 32x1MB) SWAP 1439/16384MB (cached 129MB) CPU [31%@1344,6%@1344,4%@1344,4%@1344,70%@1344,4%@1344] GR3D_FREQ 83% cpu@62.312C soc2@61.125C soc0@61.875C gpu@62.531C tj@62.531C soc1@61.062C VDD_IN 14784mW/16588mW VDD_CPU_GPU_CV 5855mW/7538mW VDD_SOC 3942mW/3971mW
08-11-2026 23:44:13 RAM 5656/7607MB (lfb 59x4MB) SWAP 1439/16384MB (cached 129MB) CPU [16%@729,10%@729,13%@729,12%@729,85%@1344,15%@1344] GR3D_FREQ 99% cpu@62.343C soc2@61.281C soc0@61.937C gpu@62.75C tj@62.75C soc1@60.875C VDD_IN 17250mW/16589mW VDD_CPU_GPU_CV 7586mW/7538mW VDD_SOC 4276mW/3972mW
08-11-2026 23:44:14 RAM 5654/7607MB (lfb 61x4MB) SWAP 1439/16384MB (cached 129MB) CPU [25%@1344,24%@1344,36%@1344,77%@1344,29%@729,44%@729] GR3D_FREQ 98% cpu@62.25C soc2@61.187C soc0@61.843C gpu@63.625C tj@63.625C soc1@60.875C VDD_IN 17447mW/16590mW VDD_CPU_GPU_CV 8641mW/7539mW VDD_SOC 3883mW/3972mW
08-11-2026 23:44:15 RAM 5652/7607MB (lfb 60x4MB) SWAP 1439/16384MB (cached 129MB) CPU [17%@1344,15%@1344,18%@1344,69%@1344,16%@729,45%@729] GR3D_FREQ 98% cpu@62.187C soc2@61.218C soc0@61.937C gpu@63.468C tj@63.468C soc1@60.937C VDD_IN 16897mW/16590mW VDD_CPU_GPU_CV 8107mW/7540mW VDD_SOC 3890mW/3972mW
08-11-2026 23:44:16 RAM 6479/7607MB (lfb 28x1MB) SWAP 1439/16384MB (cached 129MB) CPU [19%@1344,15%@1344,16%@1344,86%@1344,20%@1344,15%@1344] GR3D_FREQ 97% cpu@62.875C soc2@61.187C soc0@61.875C gpu@63.218C tj@63.218C soc1@60.968C VDD_IN 16019mW/16590mW VDD_CPU_GPU_CV 7022mW/7539mW VDD_SOC 3968mW/3972mW
08-11-2026 23:44:17 RAM 5891/7607MB (lfb 38x4MB) SWAP 1439/16384MB (cached 129MB) CPU [4%@1036,14%@1036,16%@1036,5%@1036,11%@729,65%@729] GR3D_FREQ 16% cpu@62.468C soc2@61.281C soc0@61.937C gpu@62.843C tj@62.843C soc1@61.125C VDD_IN 16857mW/16590mW VDD_CPU_GPU_CV 7128mW/7539mW VDD_SOC 4283mW/3972mW
08-11-2026 23:44:18 RAM 5657/7607MB (lfb 59x4MB) SWAP 1439/16384MB (cached 129MB) CPU [22%@729,18%@729,36%@729,16%@729,92%@729,15%@729] GR3D_FREQ 99% cpu@62.062C soc2@61.25C soc0@61.906C gpu@63.656C tj@63.656C soc1@60.875C VDD_IN 17408mW/16591mW VDD_CPU_GPU_CV 8524mW/7540mW VDD_SOC 3923mW/3972mW
08-11-2026 23:44:19 RAM 5665/7607MB (lfb 55x4MB) SWAP 1439/16384MB (cached 129MB) CPU [86%@1344,18%@1344,50%@1344,17%@1344,19%@729,20%@729] GR3D_FREQ 97% cpu@62.125C soc2@61.25C soc0@61.75C gpu@63.625C tj@63.343C soc1@60.875C VDD_IN 17133mW/16591mW VDD_CPU_GPU_CV 8250mW/7541mW VDD_SOC 3883mW/3972mW
08-11-2026 23:44:20 RAM 5649/7607MB (lfb 59x4MB) SWAP 1439/16384MB (cached 129MB) CPU [54%@729,14%@729,19%@729,21%@729,40%@1344,20%@1344] GR3D_FREQ 97% cpu@62.468C soc2@61.156C soc0@61.75C gpu@63.187C tj@63.187C soc1@60.906C VDD_IN 16295mW/16591mW VDD_CPU_GPU_CV 7402mW/7541mW VDD_SOC 3929mW/3972mW
08-11-2026 23:44:21 RAM 6163/7607MB (lfb 33x1MB) SWAP 1439/16384MB (cached 129MB) CPU [5%@729,4%@729,1%@729,3%@729,26%@1344,65%@1344] GR3D_FREQ 17% cpu@62.312C soc2@61.093C soc0@61.906C gpu@62.125C tj@62.187C soc1@60.937C VDD_IN 15783mW/16590mW VDD_CPU_GPU_CV 6355mW/7539mW VDD_SOC 4132mW/3972mW
08-11-2026 23:44:22 RAM 5651/7607MB (lfb 60x4MB) SWAP 1439/16384MB (cached 129MB) CPU [23%@729,16%@729,20%@729,21%@729,77%@1036,25%@1036] GR3D_FREQ 99% cpu@62.437C soc2@61.218C soc0@61.875C gpu@63.312C tj@63.312C soc1@61.062C VDD_IN 17329mW/16591mW VDD_CPU_GPU_CV 8055mW/7540mW VDD_SOC 4119mW/3972mW
08-11-2026 23:44:23 RAM 5655/7607MB (lfb 60x4MB) SWAP 1439/16384MB (cached 129MB) CPU [21%@1344,45%@1344,57%@1344,22%@1344,54%@729,14%@729] GR3D_FREQ 98% cpu@62.25C soc2@61.156C soc0@62C gpu@63.375C tj@63.375C soc1@60.906C VDD_IN 17133mW/16591mW VDD_CPU_GPU_CV 8329mW/7541mW VDD_SOC 3844mW/3972mW
08-11-2026 23:44:24 RAM 5656/7607MB (lfb 57x4MB) SWAP 1439/16384MB (cached 129MB) CPU [19%@1344,13%@1344,30%@1344,56%@1344,56%@1344,17%@1344] GR3D_FREQ 97% cpu@62.312C soc2@61.187C soc0@61.968C gpu@63.25C tj@63.25C soc1@60.875C VDD_IN 16728mW/16592mW VDD_CPU_GPU_CV 7794mW/7541mW VDD_SOC 3929mW/3972mW
08-11-2026 23:44:25 RAM 6389/7607MB (lfb 27x1MB) SWAP 1439/16384MB (cached 129MB) CPU [6%@729,15%@729,8%@729,7%@729,72%@1344,22%@1344] GR3D_FREQ 7% cpu@62.218C soc2@60.906C soc0@61.843C gpu@61.843C tj@62.218C soc1@60.937C VDD_IN 14705mW/16590mW VDD_CPU_GPU_CV 5658mW/7539mW VDD_SOC 3981mW/3972mW
08-11-2026 23:44:26 RAM 5652/7607MB (lfb 58x4MB) SWAP 1439/16384MB (cached 129MB) CPU [74%@729,18%@729,24%@729,16%@729,24%@1344,18%@1344] GR3D_FREQ 99% cpu@62.218C soc2@61.187C soc0@61.906C gpu@63.187C tj@63.187C soc1@61.031C VDD_IN 17250mW/16590mW VDD_CPU_GPU_CV 7977mW/7540mW VDD_SOC 4119mW/3972mW
08-11-2026 23:44:27 RAM 5650/7607MB (lfb 58x4MB) SWAP 1439/16384MB (cached 129MB) CPU [37%@729,17%@729,20%@729,22%@729,31%@1344,78%@1344] GR3D_FREQ 98% cpu@62.5C soc2@61.125C soc0@61.937C gpu@63.312C tj@63.312C soc1@61.125C VDD_IN 17290mW/16591mW VDD_CPU_GPU_CV 8446mW/7540mW VDD_SOC 3883mW/3972mW
08-11-2026 23:44:28 RAM 5649/7607MB (lfb 59x4MB) SWAP 1439/16384MB (cached 129MB) CPU [53%@729,15%@729,16%@729,14%@729,12%@1344,75%@1344] GR3D_FREQ 98% cpu@62.125C soc2@61.218C soc0@61.875C gpu@63.093C tj@63.093C soc1@60.906C VDD_IN 16700mW/16591mW VDD_CPU_GPU_CV 7911mW/7541mW VDD_SOC 3890mW/3972mW
08-11-2026 23:44:29 RAM 6455/7607MB (lfb 37x1MB) SWAP 1439/16384MB (cached 129MB) CPU [34%@1344,10%@1344,12%@1344,12%@1344,6%@1344,67%@1344] GR3D_FREQ 98% cpu@62.562C soc2@61.062C soc0@61.843C gpu@62.75C tj@62.875C soc1@60.906C VDD_IN 15138mW/16590mW VDD_CPU_GPU_CV 6248mW/7540mW VDD_SOC 3896mW/3972mW
08-11-2026 23:44:30 RAM 5663/7607MB (lfb 56x4MB) SWAP 1439/16384MB (cached 129MB) CPU [13%@729,19%@729,13%@729,24%@729,4%@1344,85%@1344] GR3D_FREQ 99% cpu@62.781C soc2@61.187C soc0@61.875C gpu@62.781C tj@62.781C soc1@61.031C VDD_IN 17408mW/16591mW VDD_CPU_GPU_CV 7429mW/7539mW VDD_SOC 4354mW/3972mW
08-11-2026 23:44:31 RAM 5655/7607MB (lfb 56x4MB) SWAP 1439/16384MB (cached 129MB) CPU [42%@729,19%@729,21%@729,14%@729,16%@1344,75%@1344] GR3D_FREQ 97% cpu@61.968C soc2@61.187C soc0@61.843C gpu@63.468C tj@63.468C soc1@61.062C VDD_IN 17329mW/16591mW VDD_CPU_GPU_CV 8524mW/7540mW VDD_SOC 3844mW/3972mW
08-11-2026 23:44:32 RAM 5657/7607MB (lfb 57x4MB) SWAP 1439/16384MB (cached 129MB) CPU [21%@729,44%@729,19%@729,17%@729,14%@1344,81%@1344] GR3D_FREQ 97% cpu@62.187C soc2@61.187C soc0@61.906C gpu@63.468C tj@63.468C soc1@60.843C VDD_IN 16857mW/16592mW VDD_CPU_GPU_CV 8029mW/7541mW VDD_SOC 3851mW/3972mW
08-11-2026 23:44:33 RAM 6475/7607MB (lfb 33x1MB) SWAP 1439/16384MB (cached 129MB) CPU [18%@1344,13%@1344,37%@1344,17%@1344,10%@1344,79%@1344] GR3D_FREQ 97% cpu@62.531C soc2@61.062C soc0@62C gpu@63.062C tj@63.062C soc1@60.937C VDD_IN 15533mW/16591mW VDD_CPU_GPU_CV 6747mW/7540mW VDD_SOC 3857mW/3972mW
08-11-2026 23:44:34 RAM 5793/7607MB (lfb 57x4MB) SWAP 1439/16384MB (cached 129MB) CPU [5%@806,8%@806,4%@806,10%@806,4%@729,81%@729] GR3D_FREQ 98% cpu@62.281C soc2@61.218C soc0@61.875C gpu@62.75C tj@62.75C soc1@60.968C VDD_IN 17250mW/16591mW VDD_CPU_GPU_CV 7312mW/7540mW VDD_SOC 4315mW/3972mW
08-11-2026 23:44:35 RAM 5658/7607MB (lfb 58x4MB) SWAP 1439/16384MB (cached 129MB) CPU [27%@729,25%@729,17%@729,37%@729,19%@729,78%@729] GR3D_FREQ 99% cpu@62.468C soc2@61.312C soc0@61.906C gpu@63.187C tj@63.187C soc1@61.093C VDD_IN 17761mW/16592mW VDD_CPU_GPU_CV 8666mW/7541mW VDD_SOC 4001mW/3972mW
08-11-2026 23:44:36 RAM 5651/7607MB (lfb 58x4MB) SWAP 1439/16384MB (cached 129MB) CPU [20%@729,22%@729,46%@729,18%@729,87%@1344,22%@1344] GR3D_FREQ 97% cpu@62.125C soc2@61.156C soc0@61.906C gpu@63.312C tj@63.312C soc1@61.125C VDD_IN 17054mW/16593mW VDD_CPU_GPU_CV 8172mW/7542mW VDD_SOC 3883mW/3972mW
08-11-2026 23:44:37 RAM 6483/7607MB (lfb 1x2MB) SWAP 1439/16384MB (cached 129MB) CPU [56%@1344,14%@1344,20%@1344,18%@1344,81%@729,11%@729] GR3D_FREQ 98% cpu@62.281C soc2@61.312C soc0@61.937C gpu@63.093C tj@63.093C soc1@61C VDD_IN 16137mW/16592mW VDD_CPU_GPU_CV 7257mW/7541mW VDD_SOC 3890mW/3972mW
08-11-2026 23:44:38 RAM 6023/7607MB (lfb 32x4MB) SWAP 1439/16384MB (cached 129MB) CPU [33%@1344,2%@1344,17%@1344,1%@1344,49%@729,3%@729] GR3D_FREQ 17% cpu@62.593C soc2@61.156C soc0@62C gpu@62.218C tj@62.875C soc1@60.968C VDD_IN 16216mW/16592mW VDD_CPU_GPU_CV 6658mW/7540mW VDD_SOC 4165mW/3972mW
08-11-2026 23:44:39 RAM 5654/7607MB (lfb 61x4MB) SWAP 1439/16384MB (cached 129MB) CPU [21%@729,75%@729,30%@729,17%@729,13%@729,14%@729] GR3D_FREQ 99% cpu@62.125C soc2@61.218C soc0@61.843C gpu@63.406C tj@63.406C soc1@60.968C VDD_IN 17408mW/16593mW VDD_CPU_GPU_CV 8055mW/7541mW VDD_SOC 4119mW/3972mW
08-11-2026 23:44:40 RAM 5651/7607MB (lfb 59x4MB) SWAP 1439/16384MB (cached 129MB) CPU [29%@729,20%@729,21%@729,50%@729,73%@1344,23%@1344] GR3D_FREQ 98% cpu@62.187C soc2@61.187C soc0@61.875C gpu@63.625C tj@63.625C soc1@61C VDD_IN 17290mW/16593mW VDD_CPU_GPU_CV 8446mW/7542mW VDD_SOC 3883mW/3972mW
08-11-2026 23:44:41 RAM 5650/7607MB (lfb 59x4MB) SWAP 1439/16384MB (cached 129MB) CPU [25%@729,58%@729,25%@729,31%@729,65%@1344,19%@1344] GR3D_FREQ 97% cpu@62.062C soc2@61.125C soc0@61.843C gpu@63.562C tj@63.562C soc1@61.093C VDD_IN 16857mW/16594mW VDD_CPU_GPU_CV 7911mW/7542mW VDD_SOC 3929mW/3972mW
08-11-2026 23:44:42 RAM 6377/7607MB (lfb 39x1MB) SWAP 1439/16384MB (cached 129MB) CPU [8%@1344,2%@1344,3%@1344,23%@1344,74%@883,1%@883] GR3D_FREQ 11% cpu@62.125C soc2@61.093C soc0@61.968C gpu@62.156C tj@62.156C soc1@60.937C VDD_IN 14823mW/16592mW VDD_CPU_GPU_CV 5737mW/7540mW VDD_SOC 3981mW/3972mW
08-11-2026 23:44:43 RAM 5650/7607MB (lfb 58x4MB) SWAP 1439/16384MB (cached 129MB) CPU [21%@1344,14%@1344,17%@1344,29%@1344,13%@729,79%@729] GR3D_FREQ 99% cpu@62.187C soc2@61.218C soc0@61.781C gpu@63.625C tj@63.625C soc1@60.937C VDD_IN 17290mW/16593mW VDD_CPU_GPU_CV 8016mW/7541mW VDD_SOC 4119mW/3972mW
08-11-2026 23:44:44 RAM 5649/7607MB (lfb 56x4MB) SWAP 1439/16384MB (cached 129MB) CPU [16%@1344,15%@1344,14%@1344,93%@1344,18%@729,42%@729] GR3D_FREQ 98% cpu@62.25C soc2@61.156C soc0@61.843C gpu@63.687C tj@63.687C soc1@61C VDD_IN 17250mW/16593mW VDD_CPU_GPU_CV 8407mW/7542mW VDD_SOC 3883mW/3972mW
08-11-2026 23:44:45 RAM 5651/7607MB (lfb 56x4MB) SWAP 1439/16384MB (cached 129MB) CPU [27%@729,24%@729,21%@729,72%@729,47%@1344,23%@1344] GR3D_FREQ 97% cpu@62.312C soc2@61.125C soc0@61.843C gpu@63.656C tj@63.656C soc1@61.031C VDD_IN 17133mW/16594mW VDD_CPU_GPU_CV 8211mW/7542mW VDD_SOC 3923mW/3972mW
08-11-2026 23:44:46 RAM 6456/7607MB (lfb 36x1MB) SWAP 1439/16384MB (cached 129MB) CPU [16%@1344,9%@1344,25%@1344,34%@1344,70%@1344,7%@1344] GR3D_FREQ 98% cpu@62.468C soc2@61.156C soc0@61.968C gpu@62.781C tj@62.781C soc1@61.093C VDD_IN 15375mW/16593mW VDD_CPU_GPU_CV 6394mW/7541mW VDD_SOC 3936mW/3972mW
08-11-2026 23:44:47 RAM 5659/7607MB (lfb 56x4MB) SWAP 1439/16384MB (cached 129MB) CPU [13%@729,11%@729,7%@729,10%@729,86%@1344,9%@1344] GR3D_FREQ 99% cpu@62.437C soc2@61.25C soc0@61.968C gpu@62.812C tj@62.812C soc1@60.968C VDD_IN 17368mW/16593mW VDD_CPU_GPU_CV 7429mW/7541mW VDD_SOC 4354mW/3973mW
08-11-2026 23:44:48 RAM 5654/7607MB (lfb 56x4MB) SWAP 1439/16384MB (cached 129MB) CPU [14%@729,12%@729,19%@729,12%@729,80%@1344,39%@1344] GR3D_FREQ 97% cpu@62.156C soc2@61.156C soc0@61.812C gpu@63.375C tj@63.375C soc1@60.906C VDD_IN 17329mW/16594mW VDD_CPU_GPU_CV 8485mW/7542mW VDD_SOC 3883mW/3972mW
08-11-2026 23:44:49 RAM 5648/7607MB (lfb 59x4MB) SWAP 1439/16384MB (cached 129MB) CPU [50%@1344,20%@1344,19%@1344,20%@1344,47%@729,43%@729] GR3D_FREQ 98% cpu@62.312C soc2@61.218C soc0@61.843C gpu@63.343C tj@63.343C soc1@61C VDD_IN 17054mW/16594mW VDD_CPU_GPU_CV 8172mW/7543mW VDD_SOC 3883mW/3972mW
08-11-2026 23:44:50 RAM 6205/7607MB (lfb 1x2MB) SWAP 1439/16384MB (cached 129MB) CPU [46%@1344,15%@1344,11%@1344,15%@1344,37%@1036,35%@1036] GR3D_FREQ 99% cpu@62.437C soc2@61.156C soc0@61.937C gpu@63.093C tj@63.093C soc1@61C VDD_IN 15940mW/16594mW VDD_CPU_GPU_CV 7061mW/7542mW VDD_SOC 3936mW/3972mW
08-11-2026 23:44:51 RAM 5935/7607MB (lfb 33x4MB) SWAP 1439/16384MB (cached 129MB) CPU [59%@729,4%@729,2%@729,2%@729,21%@1190,9%@1190] GR3D_FREQ 15% cpu@62.062C soc2@61.125C soc0@61.875C gpu@62.218C tj@62.218C soc1@60.937C VDD_IN 16531mW/16594mW VDD_CPU_GPU_CV 6854mW/7542mW VDD_SOC 4243mW/3973mW
08-11-2026 23:44:52 RAM 5646/7607MB (lfb 59x4MB) SWAP 1439/16384MB (cached 129MB) CPU [22%@729,27%@729,21%@729,26%@729,79%@729,35%@729] GR3D_FREQ 99% cpu@62.218C soc2@61.281C soc0@62.093C gpu@63.156C tj@63.156C soc1@60.875C VDD_IN 17604mW/16595mW VDD_CPU_GPU_CV 8250mW/7542mW VDD_SOC 4158mW/3973mW
08-11-2026 23:44:53 RAM 5649/7607MB (lfb 58x4MB) SWAP 1439/16384MB (cached 129MB) CPU [18%@729,20%@729,58%@729,32%@729,71%@1344,19%@1344] GR3D_FREQ 97% cpu@62.218C soc2@61.125C soc0@61.781C gpu@63.343C tj@63.343C soc1@61C VDD_IN 17290mW/16595mW VDD_CPU_GPU_CV 8446mW/7543mW VDD_SOC 3883mW/3973mW
08-11-2026 23:44:54 RAM 5647/7607MB (lfb 59x4MB) SWAP 1439/16384MB (cached 129MB) CPU [16%@729,17%@729,18%@729,15%@729,70%@1344,38%@1344] GR3D_FREQ 97% cpu@62.468C soc2@61.187C soc0@61.875C gpu@63.187C tj@63.187C soc1@60.937C VDD_IN 16649mW/16595mW VDD_CPU_GPU_CV 7716mW/7543mW VDD_SOC 3929mW/3973mW
08-11-2026 23:44:55 RAM 6371/7607MB (lfb 37x1MB) SWAP 1439/16384MB (cached 129MB) CPU [7%@729,2%@729,3%@729,2%@729,68%@1344,22%@1344] GR3D_FREQ 8% cpu@62.062C soc2@61C soc0@61.937C gpu@61.875C tj@62.062C soc1@61.062C VDD_IN 14862mW/16594mW VDD_CPU_GPU_CV 5697mW/7541mW VDD_SOC 3981mW/3973mW
08-11-2026 23:44:56 RAM 6010/7607MB (lfb 33x4MB) SWAP 1439/16384MB (cached 129MB) CPU [50%@729,18%@729,13%@729,12%@729,42%@1267,29%@1267] GR3D_FREQ 15% cpu@62.031C soc2@61.125C soc0@62.031C gpu@62.343C tj@62.343C soc1@60.937C VDD_IN 15611mW/16593mW VDD_CPU_GPU_CV 6787mW/7541mW VDD_SOC 3857mW/3973mW
08-11-2026 23:44:57 RAM 4996/7607MB (lfb 84x4MB) SWAP 1439/16384MB (cached 129MB) CPU [42%@1344,15%@1344,37%@1344,14%@1344,34%@729,12%@729] GR3D_FREQ 0% cpu@61.062C soc2@60.312C soc0@61.593C gpu@60.937C tj@61.593C soc1@60.781C VDD_IN 7097mW/16584mW VDD_CPU_GPU_CV 1671mW/7535mW VDD_SOC 1990mW/3971mW
