timestamp,ram_used_mb,ram_total_mb,swap_used_mb,swap_total_mb,cpu_mean_pct,gr3d_pct,power_total_mW,power_total_source,power_sum_rails_mW,VDD_CPU_GPU_CV_avg_mW,VDD_CPU_GPU_CV_mW,VDD_IN_avg_mW,VDD_IN_mW,VDD_SOC_avg_mW,VDD_SOC_mW,cpu0_pct,cpu1_pct,cpu2_pct,cpu3_pct,cpu4_pct,cpu5_pct,temp_cpu_C,temp_gpu_C,temp_soc0_C,temp_soc1_C,temp_soc2_C,temp_tj_C
08-11-2026 17:56:21,2059,7607,1411,16384,1.5,0.0,5184,VDD_IN,7269,601,601,5184,5184,1484,1484,4.0,1.0,2.0,2.0,0.0,0.0,60.375,60.031,61.156,60.656,59.687,61.156
08-11-2026 17:56:22,2182,7607,1411,16384,18.666666666666668,0.0,5910,VDD_IN,8623,899,1196,5547,5910,1501,1517,34.0,21.0,12.0,30.0,8.0,7.0,60.843,59.937,61.093,60.5,59.687,61.093
08-11-2026 17:56:23,2415,7607,1411,16384,17.833333333333332,0.0,5870,VDD_IN,8461,944,1036,5655,5870,1519,1555,18.0,34.0,12.0,35.0,6.0,2.0,60.468,60.093,60.843,60.375,59.343,60.843
08-11-2026 17:56:24,3085,7607,1411,16384,40.666666666666664,0.0,6698,VDD_IN,10003,1136,1711,5916,6698,1538,1594,38.0,37.0,47.0,43.0,39.0,40.0,60.468,59.968,60.812,60.25,59.437,60.75
08-11-2026 17:56:25,3753,7607,1411,16384,47.166666666666664,0.0,6499,VDD_IN,9605,1211,1512,6032,6499,1549,1594,44.0,40.0,46.0,58.0,48.0,47.0,60.156,59.906,60.718,60.187,59.187,60.718
08-11-2026 17:56:26,5535,7607,1410,16384,15.666666666666666,12.0,7097,VDD_IN,10440,1268,1552,6210,7097,1589,1791,4.0,2.0,5.0,83.0,0.0,0.0,60.125,59.906,60.5,59.968,59.093,60.5
08-11-2026 17:56:27,6080,7607,1410,16384,18.0,54.0,14413,VDD_IN,24286,2058,6798,7382,14413,1801,3075,4.0,2.0,2.0,99.0,1.0,0.0,60.875,61.625,60.656,60.093,59.687,61.625
08-11-2026 17:56:28,6085,7607,1410,16384,19.833333333333332,97.0,17408,VDD_IN,29815,2876,8602,8635,17408,2052,3805,10.0,89.0,10.0,7.0,0.0,3.0,61.125,62.312,60.937,60.312,60.125,62.312
08-11-2026 17:56:29,6599,7607,1410,16384,18.666666666666668,98.0,17565,VDD_IN,29998,3502,8510,9627,17565,2260,3923,8.0,97.0,2.0,2.0,3.0,0.0,61.062,62.5,61.093,60.093,60.406,62.5
08-11-2026 17:56:30,6600,7607,1410,16384,16.5,98.0,17722,VDD_IN,30311,4011,8588,10437,17722,2434,4001,3.0,92.0,2.0,1.0,0.0,1.0,61.218,62.625,61.156,60.25,60.437,62.625
08-11-2026 17:56:31,6600,7607,1410,16384,16.166666666666668,97.0,17722,VDD_IN,30272,4423,8549,11099,17722,2576,4001,2.0,92.0,2.0,1.0,0.0,0.0,61.406,62.781,61.093,60.375,60.531,62.781
08-11-2026 17:56:32,6600,7607,1410,16384,16.5,99.0,17693,VDD_IN,30126,4754,8393,11648,17693,2698,4040,3.0,92.0,2.0,2.0,0.0,0.0,61.562,62.781,61.187,60.375,60.468,62.781
08-11-2026 17:56:33,6602,7607,1410,16384,20.333333333333332,97.0,17850,VDD_IN,30433,5043,8510,12125,17850,2804,4073,16.0,49.0,5.0,7.0,44.0,1.0,61.687,62.875,61.343,60.531,60.531,62.875
08-11-2026 17:56:34,6602,7607,1410,16384,16.333333333333332,97.0,17693,VDD_IN,30042,5271,8237,12523,17693,2898,4112,2.0,0.0,3.0,1.0,92.0,0.0,61.437,62.718,61.343,60.468,60.687,62.718
08-11-2026 17:56:35,6602,7607,1410,16384,16.833333333333332,97.0,17654,VDD_IN,29932,5461,8120,12865,17654,2982,4158,3.0,1.0,2.0,3.0,92.0,0.0,61.562,62.843,61.5,60.437,60.593,62.843
08-11-2026 17:56:36,6602,7607,1410,16384,16.5,97.0,17615,VDD_IN,29777,5615,7925,13162,17615,3060,4237,3.0,1.0,3.0,0.0,92.0,0.0,61.875,62.687,61.25,60.562,60.687,62.687
08-11-2026 17:56:37,6602,7607,1410,16384,16.833333333333332,99.0,17565,VDD_IN,29649,5746,7847,13421,17565,3129,4237,1.0,1.0,5.0,2.0,92.0,0.0,61.875,62.531,61.5,60.656,60.843,62.531
08-11-2026 17:56:38,6604,7607,1410,16384,21.166666666666668,99.0,17693,VDD_IN,30282,5902,8549,13658,17693,3180,4040,8.0,5.0,6.0,16.0,92.0,0.0,61.718,63.062,61.375,60.531,60.968,63.062
08-11-2026 17:56:39,6604,7607,1410,16384,16.666666666666668,99.0,17643,VDD_IN,30193,6041,8549,13868,17643,3223,4001,3.0,1.0,1.0,3.0,92.0,0.0,61.562,63.218,61.687,60.531,60.781,63.218
08-11-2026 17:56:40,6604,7607,1410,16384,16.666666666666668,99.0,18046,VDD_IN,30942,6180,8823,14077,18046,3266,4073,3.0,1.0,2.0,2.0,92.0,0.0,61.843,63.406,61.468,60.625,60.906,63.406
08-11-2026 17:56:41,6604,7607,1410,16384,17.333333333333332,97.0,17772,VDD_IN,30511,6306,8823,14253,17772,3297,3916,72.0,2.0,2.0,2.0,26.0,0.0,62.062,63.406,61.625,60.718,60.968,63.406
08-11-2026 17:56:42,6604,7607,1410,16384,16.333333333333332,97.0,17811,VDD_IN,30511,6419,8784,14415,17811,3325,3916,94.0,2.0,1.0,1.0,0.0,0.0,61.875,63.562,61.687,60.843,61.093,63.562
08-11-2026 17:56:43,6604,7607,1410,16384,16.5,97.0,17732,VDD_IN,30392,6518,8705,14559,17732,3352,3955,92.0,2.0,2.0,2.0,1.0,0.0,62.093,63.593,61.781,60.75,61.125,63.593
08-11-2026 17:56:44,6602,7607,1410,16384,20.666666666666668,97.0,17850,VDD_IN,30549,6611,8744,14696,17850,3377,3955,18.0,6.0,8.0,3.0,89.0,0.0,61.812,63.312,61.875,60.812,61.0,63.312
08-11-2026 17:56:45,6602,7607,1410,16384,16.666666666666668,97.0,17732,VDD_IN,30321,6690,8588,14817,17732,3402,4001,3.0,2.0,2.0,1.0,92.0,0.0,61.937,63.343,61.718,60.875,61.031,63.343
08-11-2026 17:56:46,6602,7607,1410,16384,16.666666666666668,97.0,17772,VDD_IN,30355,6763,8588,14931,17772,3425,3995,2.0,2.0,3.0,1.0,92.0,0.0,62.093,63.343,61.781,61.0,61.093,63.343
08-11-2026 17:56:47,6602,7607,1410,16384,16.833333333333332,99.0,17732,VDD_IN,30237,6826,8471,15035,17732,3448,4034,1.0,1.0,3.0,3.0,93.0,0.0,61.968,63.406,61.843,61.062,61.218,63.406
08-11-2026 17:56:48,6602,7607,1410,16384,17.166666666666668,97.0,17772,VDD_IN,30277,6884,8432,15133,17772,3470,4073,6.0,2.0,2.0,1.0,92.0,0.0,62.031,63.812,62.0,61.0,61.218,63.812
08-11-2026 17:56:49,6601,7607,1410,16384,21.5,97.0,17772,VDD_IN,30199,6933,8315,15224,17772,3492,4112,15.0,4.0,5.0,11.0,94.0,0.0,62.156,63.718,61.843,61.0,61.187,63.718
08-11-2026 17:56:50,6601,7607,1410,16384,16.833333333333332,97.0,17693,VDD_IN,30010,6974,8159,15306,17693,3514,4158,2.0,3.0,2.0,2.0,92.0,0.0,62.156,63.843,62.0,61.031,61.281,63.843
08-11-2026 17:56:51,6602,7607,1410,16384,16.833333333333332,97.0,17654,VDD_IN,29855,7006,7964,15382,17654,3538,4237,18.0,1.0,3.0,3.0,76.0,0.0,62.343,63.875,62.0,61.062,61.406,63.875
08-11-2026 17:56:52,6602,7607,1410,16384,16.666666666666668,99.0,17565,VDD_IN,29609,7030,7768,15450,17565,3561,4276,17.0,1.0,3.0,0.0,78.0,1.0,62.437,62.906,62.125,61.156,61.375,62.906
08-11-2026 17:56:53,6603,7607,1410,16384,16.5,99.0,17565,VDD_IN,29959,7070,8354,15514,17565,3575,4040,1.0,1.0,3.0,2.0,92.0,0.0,62.406,63.375,62.187,61.156,61.375,63.562
08-11-2026 17:56:54,6605,7607,1410,16384,21.666666666666668,99.0,17732,VDD_IN,30353,7117,8666,15579,17732,3586,3955,5.0,9.0,10.0,13.0,92.0,1.0,62.375,63.718,62.312,61.187,61.375,63.718
08-11-2026 17:56:55,6605,7607,1410,16384,16.5,99.0,18046,VDD_IN,30942,7165,8823,15650,18046,3600,4073,1.0,2.0,2.0,2.0,92.0,0.0,62.406,63.906,62.187,61.187,61.593,63.906
08-11-2026 17:56:56,6605,7607,1410,16384,17.666666666666668,97.0,17772,VDD_IN,30518,7212,8823,15709,17772,3609,3923,4.0,1.0,1.0,2.0,98.0,0.0,62.406,63.812,62.125,61.343,61.5,63.812
08-11-2026 17:56:57,6606,7607,1410,16384,16.833333333333332,97.0,17811,VDD_IN,30589,7255,8823,15765,17811,3619,3955,45.0,2.0,3.0,2.0,49.0,0.0,62.375,64.0,62.343,61.343,61.625,64.0
08-11-2026 17:56:58,6606,7607,1410,16384,16.333333333333332,97.0,17732,VDD_IN,30392,7293,8705,15817,17732,3627,3955,93.0,2.0,0.0,3.0,0.0,0.0,62.562,63.968,62.281,61.406,61.718,63.968
08-11-2026 17:56:59,6606,7607,1410,16384,18.666666666666668,97.0,18007,VDD_IN,30903,7334,8901,15873,18007,3637,3995,92.0,6.0,3.0,7.0,0.0,4.0,62.656,64.031,62.375,61.343,61.718,64.031
08-11-2026 17:57:00,6606,7607,1410,16384,18.166666666666668,98.0,17811,VDD_IN,30433,7367,8627,15922,17811,3646,3995,92.0,7.0,2.0,4.0,3.0,1.0,62.562,63.906,62.343,61.375,61.687,63.906
08-11-2026 17:57:01,6606,7607,1410,16384,16.166666666666668,97.0,17772,VDD_IN,30394,7397,8588,15967,17772,3655,4034,92.0,1.0,2.0,2.0,0.0,0.0,62.625,64.156,62.25,61.406,61.687,64.156
08-11-2026 17:57:02,6607,7607,1410,16384,16.333333333333332,99.0,17732,VDD_IN,30276,7422,8471,16009,17732,3665,4073,92.0,2.0,1.0,1.0,1.0,1.0,62.468,63.875,62.312,61.468,61.75,63.875
08-11-2026 17:57:03,6607,7607,1410,16384,16.166666666666668,97.0,17772,VDD_IN,30277,7446,8432,16050,17772,3675,4073,93.0,1.0,2.0,1.0,0.0,0.0,62.843,63.937,62.468,61.625,61.843,63.937
08-11-2026 17:57:04,6607,7607,1410,16384,16.166666666666668,97.0,17693,VDD_IN,30049,7464,8237,16087,17693,3685,4119,92.0,1.0,3.0,1.0,0.0,0.0,62.593,63.875,62.593,61.437,61.875,63.875
08-11-2026 17:57:05,6609,7607,1410,16384,20.0,97.0,17772,VDD_IN,30160,7480,8198,16125,17772,3696,4190,77.0,3.0,17.0,6.0,17.0,0.0,62.687,64.031,62.406,61.5,61.781,64.031
08-11-2026 17:57:06,6609,7607,1410,16384,16.166666666666668,97.0,17693,VDD_IN,29887,7490,7964,16159,17693,3708,4230,92.0,2.0,2.0,1.0,0.0,0.0,62.843,63.906,62.5,61.562,61.843,63.906
08-11-2026 17:57:07,6609,7607,1410,16384,16.333333333333332,99.0,17536,VDD_IN,29659,7499,7886,16188,17536,3719,4237,92.0,2.0,2.0,2.0,0.0,0.0,62.75,63.437,62.562,61.531,62.031,63.437
08-11-2026 17:57:08,6609,7607,1410,16384,16.333333333333332,99.0,17536,VDD_IN,29969,7518,8432,16216,17536,3725,4001,92.0,2.0,2.0,2.0,0.0,0.0,63.031,64.0,62.593,61.687,61.968,64.0
08-11-2026 17:57:09,6609,7607,1410,16384,16.666666666666668,99.0,17615,VDD_IN,30126,7539,8510,16245,17615,3730,4001,6.0,2.0,3.0,1.0,88.0,0.0,62.593,64.062,62.687,61.406,61.843,64.062
08-11-2026 17:57:10,6612,7607,1410,16384,22.5,99.0,18203,VDD_IN,31255,7567,8979,16284,18203,3737,4073,10.0,9.0,10.0,13.0,93.0,0.0,62.843,64.531,62.375,61.531,61.906,64.531
08-11-2026 17:57:11,6612,7607,1410,16384,17.666666666666668,97.0,17889,VDD_IN,30706,7594,8901,16315,17889,3741,3916,4.0,0.0,3.0,1.0,98.0,0.0,62.843,64.5,62.562,61.656,61.875,64.5
08-11-2026 17:57:12,6612,7607,1410,16384,16.5,97.0,17811,VDD_IN,30589,7617,8823,16344,17811,3745,3955,2.0,2.0,2.0,1.0,92.0,0.0,62.593,64.625,62.562,61.718,61.968,64.625
08-11-2026 17:57:13,6612,7607,1410,16384,17.0,97.0,17772,VDD_IN,30471,7638,8744,16371,17772,3749,3955,2.0,2.0,3.0,3.0,92.0,0.0,62.75,64.531,62.75,61.812,62.031,64.531
08-11-2026 17:57:14,6612,7607,1410,16384,16.666666666666668,97.0,17811,VDD_IN,30550,7659,8744,16398,17811,3753,3995,3.0,2.0,1.0,2.0,92.0,0.0,62.875,64.593,62.75,61.625,61.781,64.281
08-11-2026 17:57:15,6614,7607,1410,16384,21.0,97.0,18007,VDD_IN,30864,7680,8823,16427,18007,3758,4034,4.0,2.0,9.0,19.0,92.0,0.0,63.125,64.25,62.687,61.687,61.875,64.25
08-11-2026 17:57:16,6614,7607,1410,16384,16.5,98.0,17850,VDD_IN,30511,7697,8627,16452,17850,3763,4034,3.0,1.0,1.0,1.0,93.0,0.0,62.875,64.687,62.75,61.781,62.031,64.687
08-11-2026 17:57:17,6615,7607,1410,16384,16.833333333333332,97.0,17772,VDD_IN,30355,7711,8510,16476,17772,3769,4073,2.0,2.0,2.0,2.0,92.0,1.0,62.875,64.187,62.781,61.687,61.968,64.187
08-11-2026 17:57:18,6615,7607,1410,16384,16.833333333333332,97.0,17772,VDD_IN,30277,7724,8432,16498,17772,3774,4073,2.0,3.0,2.0,2.0,92.0,0.0,62.843,64.218,62.687,61.781,61.968,64.218
08-11-2026 17:57:19,6616,7607,1410,16384,17.166666666666668,97.0,17732,VDD_IN,30088,7732,8237,16519,17732,3780,4119,2.0,3.0,4.0,2.0,92.0,0.0,63.062,64.25,62.656,61.843,62.062,64.25
08-11-2026 17:57:20,6616,7607,1410,16384,17.5,97.0,17654,VDD_IN,29971,7739,8159,16538,17654,3786,4158,2.0,1.0,6.0,3.0,93.0,0.0,63.281,64.25,62.843,61.875,62.031,64.25
08-11-2026 17:57:21,6618,7607,1410,16384,21.333333333333332,97.0,17615,VDD_IN,29816,7743,7964,16555,17615,3794,4237,10.0,3.0,16.0,7.0,92.0,0.0,62.968,64.062,62.843,61.75,62.125,64.062
08-11-2026 17:57:22,6618,7607,1410,16384,16.333333333333332,99.0,17447,VDD_IN,29465,7744,7781,16570,17447,3801,4237,3.0,1.0,1.0,1.0,92.0,0.0,63.187,63.656,62.812,61.781,62.093,63.656
08-11-2026 17:57:23,6619,7607,1410,16384,17.0,99.0,17329,VDD_IN,29567,7752,8276,16582,17329,3803,3962,3.0,1.0,3.0,2.0,93.0,0.0,63.218,64.0,62.812,61.906,62.156,64.0
08-11-2026 17:57:24,6619,7607,1410,16384,16.666666666666668,99.0,17526,VDD_IN,29959,7763,8432,16597,17526,3806,4001,3.0,0.0,4.0,1.0,92.0,0.0,62.906,64.25,62.843,61.937,62.187,64.25
08-11-2026 17:57:25,6620,7607,1410,16384,16.333333333333332,99.0,17850,VDD_IN,30628,7778,8744,16616,17850,3810,4034,3.0,2.0,0.0,2.0,91.0,0.0,63.343,64.343,62.937,62.0,62.281,64.343
08-11-2026 17:57:26,6618,7607,1410,16384,23.333333333333332,98.0,17772,VDD_IN,30511,7794,8823,16633,17772,3812,3916,6.0,15.0,6.0,14.0,99.0,0.0,62.937,64.531,63.0,61.906,62.156,64.531
08-11-2026 17:57:27,6618,7607,1410,16384,17.0,97.0,17654,VDD_IN,30275,7807,8705,16649,17654,3813,3916,4.0,1.0,3.0,1.0,93.0,0.0,63.0,64.687,62.812,61.937,62.281,64.687
08-11-2026 17:57:28,6618,7607,1410,16384,16.666666666666668,97.0,17654,VDD_IN,30243,7820,8666,16663,17654,3815,3923,3.0,2.0,1.0,1.0,93.0,0.0,63.25,64.625,62.937,61.906,62.281,64.625
08-11-2026 17:57:29,6619,7607,1410,16384,16.666666666666668,97.0,17654,VDD_IN,30282,7832,8666,16678,17654,3817,3962,2.0,3.0,1.0,2.0,92.0,0.0,63.0,64.625,63.031,62.093,62.187,64.625
08-11-2026 17:57:30,6619,7607,1410,16384,17.5,97.0,17615,VDD_IN,30165,7842,8549,16691,17615,3819,4001,2.0,4.0,1.0,6.0,92.0,0.0,63.312,64.687,62.968,62.156,62.281,64.687
08-11-2026 17:57:31,6597,7607,1410,16384,21.666666666666668,98.0,17811,VDD_IN,30472,7854,8666,16707,17811,3822,3995,5.0,19.0,4.0,10.0,92.0,0.0,63.156,64.781,63.062,61.968,62.218,64.781
08-11-2026 17:57:32,6598,7607,1410,16384,16.666666666666668,99.0,17615,VDD_IN,30048,7862,8393,16720,17615,3825,4040,2.0,2.0,1.0,2.0,93.0,0.0,63.093,64.5,62.968,62.0,62.218,64.5
08-11-2026 17:57:33,6599,7607,1410,16384,16.5,97.0,17654,VDD_IN,30088,7868,8354,16732,17654,3828,4080,2.0,1.0,2.0,2.0,92.0,0.0,63.156,64.562,63.031,61.968,62.343,64.562
08-11-2026 17:57:34,6599,7607,1410,16384,17.0,97.0,17615,VDD_IN,29932,7873,8198,16744,17615,3832,4119,3.0,4.0,1.0,2.0,92.0,0.0,63.062,64.593,63.093,62.031,62.281,64.593
08-11-2026 17:57:35,6605,7607,1410,16384,16.833333333333332,97.0,17575,VDD_IN,29814,7876,8081,16755,17575,3837,4158,3.0,2.0,1.0,2.0,92.0,1.0,63.125,64.531,63.062,62.187,62.281,64.531
08-11-2026 17:57:36,6605,7607,1410,16384,18.0,97.0,17654,VDD_IN,29894,7877,8003,16767,17654,3842,4237,2.0,2.0,5.0,7.0,92.0,0.0,63.375,64.5,63.125,62.0,62.25,64.5
08-11-2026 17:57:37,6609,7607,1410,16384,20.0,99.0,17526,VDD_IN,29583,7876,7781,16777,17526,3848,4276,6.0,4.0,15.0,3.0,92.0,0.0,63.5,64.312,63.031,62.031,62.343,64.312
08-11-2026 17:57:38,6610,7607,1410,16384,16.333333333333332,99.0,17447,VDD_IN,29763,7881,8276,16786,17447,3850,4040,2.0,0.0,2.0,2.0,92.0,0.0,63.531,64.843,63.031,62.093,62.375,64.843
08-11-2026 17:57:39,6610,7607,1410,16384,16.833333333333332,99.0,17486,VDD_IN,29841,7887,8354,16795,17486,3852,4001,3.0,1.0,3.0,2.0,92.0,0.0,63.093,64.968,63.125,62.156,62.437,64.968
08-11-2026 17:57:40,6610,7607,1410,16384,17.5,99.0,17968,VDD_IN,30785,7898,8744,16809,17968,3855,4073,3.0,2.0,5.0,3.0,91.0,1.0,63.312,65.25,63.093,62.062,62.437,65.25
08-11-2026 17:57:41,6614,7607,1410,16384,17.666666666666668,97.0,17732,VDD_IN,30439,7909,8784,16821,17732,3856,3923,2.0,2.0,1.0,2.0,0.0,99.0,63.281,64.593,63.031,62.062,62.312,64.593
08-11-2026 17:57:42,6613,7607,1410,16384,21.833333333333332,97.0,17772,VDD_IN,30511,7920,8823,16832,17772,3856,3916,8.0,4.0,6.0,20.0,0.0,93.0,63.562,64.75,63.062,62.093,62.406,64.75
08-11-2026 17:57:43,6613,7607,1410,16384,16.0,97.0,17693,VDD_IN,30321,7929,8666,16843,17693,3858,3962,1.0,1.0,2.0,0.0,0.0,92.0,63.437,64.843,63.031,62.25,62.375,64.843
08-11-2026 17:57:44,6613,7607,1410,16384,16.833333333333332,97.0,17693,VDD_IN,30321,7938,8666,16853,17693,3859,3962,3.0,2.0,1.0,3.0,0.0,92.0,63.218,64.843,63.093,62.25,62.406,64.843
08-11-2026 17:57:45,6613,7607,1410,16384,16.5,97.0,17654,VDD_IN,30198,7945,8549,16862,17654,3860,3995,1.0,0.0,3.0,2.0,0.0,93.0,63.312,64.781,63.281,62.187,62.531,64.781
08-11-2026 17:57:46,6613,7607,1410,16384,16.666666666666668,97.0,17693,VDD_IN,30243,7952,8549,16872,17693,3862,4001,2.0,2.0,2.0,2.0,0.0,92.0,63.406,64.906,63.093,62.093,62.437,64.906
08-11-2026 17:57:47,6620,7607,1408,16384,22.5,99.0,17772,VDD_IN,30355,7958,8510,16882,17772,3865,4073,7.0,6.0,21.0,9.0,0.0,92.0,63.625,64.843,63.218,62.281,62.562,64.843
08-11-2026 17:57:48,6567,7607,1408,16384,17.666666666666668,97.0,17693,VDD_IN,30159,7963,8393,16891,17693,3867,4073,4.0,4.0,3.0,2.0,0.0,93.0,63.531,64.781,63.25,62.218,62.468,64.781
08-11-2026 17:57:49,6573,7607,1408,16384,17.833333333333332,97.0,17654,VDD_IN,29971,7966,8198,16900,17654,3870,4119,1.0,9.0,1.0,4.0,0.0,92.0,63.312,64.718,63.125,62.281,62.531,64.718
08-11-2026 17:57:50,6573,7607,1408,16384,17.666666666666668,97.0,17693,VDD_IN,29964,7968,8120,16909,17693,3873,4151,3.0,5.0,2.0,4.0,0.0,92.0,63.343,64.718,63.218,62.218,62.562,64.718
08-11-2026 17:57:51,6578,7607,1408,16384,16.666666666666668,97.0,17615,VDD_IN,29770,7967,7925,16916,17615,3877,4230,2.0,2.0,2.0,2.0,0.0,92.0,63.593,64.625,63.156,62.218,62.406,64.625
08-11-2026 17:57:52,6584,7607,1408,16384,20.5,99.0,17654,VDD_IN,29894,7968,8003,16924,17654,3881,4237,4.0,4.0,17.0,6.0,0.0,92.0,64.156,64.25,63.281,62.25,62.562,64.25
08-11-2026 17:57:53,6584,7607,1408,16384,17.5,99.0,17486,VDD_IN,29880,7972,8393,16931,17486,3882,4001,7.0,2.0,3.0,2.0,0.0,91.0,63.5,64.906,63.218,62.312,62.5,64.906
08-11-2026 17:57:54,6584,7607,1408,16384,16.166666666666668,99.0,17565,VDD_IN,30037,7977,8471,16937,17565,3883,4001,1.0,2.0,1.0,1.0,0.0,92.0,63.25,64.968,63.375,62.375,62.625,64.968
08-11-2026 17:57:55,6585,7607,1408,16384,16.833333333333332,99.0,17968,VDD_IN,30864,7987,8862,16948,17968,3885,4034,2.0,4.0,2.0,1.0,0.0,92.0,63.375,65.218,63.281,62.25,62.562,65.218
08-11-2026 17:57:56,6585,7607,1408,16384,17.833333333333332,97.0,17811,VDD_IN,30550,7995,8823,16957,17811,3885,3916,1.0,2.0,3.0,2.0,0.0,99.0,63.468,65.156,63.187,62.25,62.531,65.156
08-11-2026 17:57:57,6585,7607,1408,16384,17.0,97.0,17772,VDD_IN,30471,8003,8744,16966,17772,3886,3955,2.0,1.0,1.0,5.0,0.0,93.0,63.718,65.218,63.218,62.281,62.593,64.968
08-11-2026 17:57:58,6585,7607,1408,16384,21.333333333333332,97.0,17811,VDD_IN,30510,8011,8744,16974,17811,3887,3955,7.0,18.0,3.0,8.0,0.0,92.0,63.343,64.937,63.312,62.468,62.593,64.937
08-11-2026 17:57:59,6585,7607,1408,16384,16.833333333333332,97.0,17772,VDD_IN,30393,8017,8666,16982,17772,3887,3955,2.0,1.0,2.0,3.0,1.0,92.0,63.5,65.0,63.468,62.25,62.656,65.0
08-11-2026 17:58:00,6586,7607,1408,16384,17.666666666666668,98.0,17732,VDD_IN,30276,8023,8549,16990,17732,3888,3995,6.0,3.0,2.0,3.0,0.0,92.0,63.687,64.968,63.218,62.25,62.593,64.968
08-11-2026 17:58:01,6590,7607,1408,16384,17.166666666666668,97.0,17732,VDD_IN,30276,8028,8549,16997,17732,3889,3995,5.0,2.0,1.0,2.0,0.0,93.0,63.5,65.062,63.343,62.312,62.593,65.062
08-11-2026 17:58:02,6591,7607,1408,16384,16.166666666666668,98.0,17732,VDD_IN,30159,8031,8393,17004,17732,3891,4034,0.0,1.0,2.0,2.0,0.0,92.0,63.812,65.125,63.375,62.437,62.656,65.125
08-11-2026 17:58:04,6592,7607,1408,16384,21.5,97.0,17772,VDD_IN,30316,8036,8471,17012,17772,3893,4073,10.0,19.0,3.0,5.0,0.0,92.0,63.468,65.281,63.406,62.437,62.718,65.281
08-11-2026 17:58:05,6593,7607,1408,16384,16.333333333333332,97.0,17615,VDD_IN,29971,8038,8237,17018,17615,3895,4119,2.0,0.0,1.0,2.0,0.0,93.0,63.562,65.218,63.468,62.312,62.687,65.218
08-11-2026 17:58:06,6594,7607,1408,16384,16.666666666666668,97.0,17615,VDD_IN,29893,8038,8120,17023,17615,3897,4158,2.0,1.0,2.0,3.0,0.0,92.0,63.656,65.25,63.156,62.312,62.593,65.25
08-11-2026 17:58:07,6594,7607,1408,16384,16.5,97.0,17575,VDD_IN,29776,8038,7964,17028,17575,3900,4237,3.0,0.0,2.0,2.0,0.0,92.0,63.718,64.781,63.312,62.343,62.656,64.781
08-11-2026 17:58:08,6595,7607,1408,16384,16.666666666666668,99.0,17486,VDD_IN,29543,8036,7820,17033,17486,3904,4237,3.0,2.0,1.0,3.0,0.0,91.0,64.062,64.375,63.312,62.437,62.812,64.375
08-11-2026 17:58:09,6594,7607,1408,16384,21.0,99.0,17683,VDD_IN,30188,8040,8471,17039,17683,3905,4034,9.0,4.0,4.0,17.0,0.0,92.0,63.562,64.906,63.406,62.437,62.812,64.906
08-11-2026 17:58:10,6595,7607,1408,16384,17.0,99.0,17536,VDD_IN,30047,8044,8510,17043,17536,3906,4001,2.0,0.0,4.0,3.0,0.0,93.0,63.562,65.0,63.406,62.343,62.593,65.0
08-11-2026 17:58:11,6595,7607,1408,16384,16.5,99.0,18046,VDD_IN,30903,8051,8784,17052,18046,3907,4073,2.0,2.0,1.0,2.0,0.0,92.0,63.687,65.281,63.5,62.375,62.656,65.281
08-11-2026 17:58:12,6598,7607,1408,16384,18.0,98.0,17772,VDD_IN,30511,8058,8823,17059,17772,3907,3916,2.0,2.0,2.0,2.0,2.0,98.0,63.562,65.218,63.343,62.437,62.656,65.218
08-11-2026 17:58:13,6596,7607,1408,16384,16.833333333333332,97.0,17811,VDD_IN,30510,8064,8744,17066,17811,3908,3955,2.0,1.0,2.0,2.0,0.0,94.0,63.812,65.218,63.375,62.468,62.656,65.218
08-11-2026 17:58:14,6597,7607,1408,16384,16.833333333333332,97.0,17693,VDD_IN,30321,8069,8666,17071,17693,3908,3962,3.0,1.0,1.0,4.0,0.0,92.0,63.593,64.937,63.468,62.375,62.781,64.937
08-11-2026 17:58:15,6596,7607,1408,16384,21.333333333333332,98.0,17850,VDD_IN,30510,8075,8705,17078,17850,3909,3955,7.0,4.0,7.0,17.0,0.0,93.0,63.593,65.0,63.437,62.375,62.656,65.0
08-11-2026 17:58:16,6597,7607,1408,16384,16.666666666666668,99.0,17772,VDD_IN,30316,8079,8549,17084,17772,3909,3995,3.0,1.0,2.0,2.0,0.0,92.0,63.718,64.968,63.437,62.343,62.687,64.968
08-11-2026 17:58:17,6597,7607,1408,16384,17.333333333333332,97.0,17772,VDD_IN,30355,8083,8549,17090,17772,3910,4034,3.0,1.0,3.0,5.0,0.0,92.0,63.468,65.062,63.406,62.406,62.718,65.062
08-11-2026 17:58:18,6598,7607,1408,16384,16.333333333333332,97.0,17732,VDD_IN,30198,8086,8432,17095,17732,3912,4034,1.0,2.0,1.0,2.0,0.0,92.0,63.687,65.187,63.562,62.562,62.75,65.187
08-11-2026 17:58:19,6599,7607,1408,16384,16.666666666666668,97.0,17693,VDD_IN,30159,8088,8393,17100,17693,3913,4073,4.0,1.0,1.0,2.0,0.0,92.0,63.718,65.25,63.5,62.375,62.718,65.25
08-11-2026 17:58:20,6597,7607,1408,16384,21.5,97.0,17732,VDD_IN,30120,8090,8276,17106,17732,3915,4112,5.0,17.0,11.0,4.0,0.0,92.0,63.906,65.25,63.406,62.437,62.75,65.25
08-11-2026 17:58:21,6597,7607,1408,16384,16.333333333333332,97.0,17654,VDD_IN,29925,8090,8120,17110,17654,3917,4151,1.0,1.0,2.0,2.0,0.0,92.0,63.843,65.093,63.468,62.468,62.75,65.093
08-11-2026 17:58:22,6598,7607,1408,16384,16.166666666666668,98.0,17615,VDD_IN,29816,8089,7964,17115,17615,3919,4237,2.0,2.0,0.0,2.0,0.0,91.0,63.625,64.937,63.468,62.625,62.625,64.937
08-11-2026 17:58:23,6598,7607,1408,16384,17.166666666666668,99.0,17536,VDD_IN,29541,8086,7729,17118,17536,3922,4276,2.0,4.0,2.0,2.0,0.0,93.0,63.968,64.468,63.5,62.468,62.843,64.468
08-11-2026 17:58:24,6599,7607,1408,16384,16.5,99.0,17497,VDD_IN,29892,8088,8315,17121,17497,3923,4080,2.0,2.0,2.0,1.0,0.0,92.0,63.875,65.0,63.437,62.437,62.718,65.0
08-11-2026 17:58:25,6599,7607,1408,16384,21.666666666666668,99.0,17693,VDD_IN,30321,8093,8666,17126,17693,3924,3962,9.0,17.0,5.0,7.0,0.0,92.0,63.937,65.093,63.437,62.5,62.781,65.093
08-11-2026 17:58:26,6599,7607,1408,16384,17.0,99.0,18046,VDD_IN,30863,8098,8744,17133,18046,3925,4073,3.0,2.0,3.0,2.0,0.0,92.0,63.875,65.437,63.531,62.5,62.875,65.437
08-11-2026 17:58:27,6599,7607,1408,16384,17.666666666666668,97.0,17772,VDD_IN,30472,8103,8784,17138,17772,3925,3916,3.0,1.0,1.0,3.0,0.0,98.0,63.5,65.343,63.562,62.562,62.812,65.343
08-11-2026 17:58:28,6600,7607,1408,16384,17.333333333333332,97.0,17772,VDD_IN,30511,8109,8784,17143,17772,3925,3955,3.0,3.0,1.0,2.0,0.0,95.0,63.593,65.562,63.531,62.468,62.781,65.562
08-11-2026 17:58:29,6599,7607,1408,16384,16.666666666666668,97.0,17732,VDD_IN,30392,8114,8705,17148,17732,3925,3955,3.0,1.0,2.0,1.0,1.0,92.0,63.781,65.093,63.531,62.531,62.718,65.093
08-11-2026 17:58:30,6601,7607,1408,16384,19.166666666666668,97.0,17929,VDD_IN,30707,8119,8823,17154,17929,3926,3955,3.0,7.0,9.0,4.0,0.0,92.0,64.25,65.187,63.562,62.531,62.781,65.187
08-11-2026 17:58:31,6602,7607,1408,16384,19.0,99.0,17772,VDD_IN,30439,8123,8666,17159,17772,3926,4001,2.0,5.0,10.0,4.0,0.0,93.0,63.656,65.25,63.562,62.625,62.875,65.25
08-11-2026 17:58:32,6602,7607,1408,16384,17.5,97.0,17811,VDD_IN,30472,8127,8627,17163,17811,3927,4034,3.0,2.0,3.0,5.0,0.0,92.0,63.718,65.281,63.718,62.468,62.937,65.281
08-11-2026 17:58:33,6602,7607,1408,16384,16.833333333333332,97.0,17732,VDD_IN,30276,8130,8510,17168,17732,3928,4034,1.0,5.0,1.0,2.0,0.0,92.0,63.937,65.25,63.468,62.593,62.75,65.25
08-11-2026 17:58:34,6603,7607,1408,16384,17.0,97.0,17732,VDD_IN,30198,8132,8393,17172,17732,3929,4073,3.0,3.0,1.0,2.0,0.0,93.0,63.781,65.125,63.531,62.5,62.781,65.125
08-11-2026 17:58:35,6603,7607,1408,16384,16.5,97.0,17732,VDD_IN,30120,8133,8276,17176,17732,3930,4112,3.0,1.0,1.0,2.0,0.0,92.0,64.031,65.156,63.562,62.718,62.843,65.156
08-11-2026 17:58:36,6603,7607,1408,16384,21.333333333333332,97.0,17693,VDD_IN,30042,8133,8198,17180,17693,3932,4151,8.0,9.0,4.0,16.0,0.0,91.0,63.656,65.031,63.718,62.687,62.937,65.031
08-11-2026 17:58:37,6603,7607,1408,16384,17.0,97.0,17693,VDD_IN,29965,8133,8042,17184,17693,3934,4230,3.0,2.0,2.0,2.0,0.0,93.0,63.875,65.093,63.625,62.531,62.843,65.093
08-11-2026 17:58:38,6604,7607,1408,16384,16.5,99.0,17575,VDD_IN,29619,8130,7768,17187,17575,3937,4276,1.0,2.0,2.0,2.0,0.0,92.0,64.125,64.968,63.406,62.593,62.906,64.968
08-11-2026 17:58:39,6605,7607,1408,16384,16.833333333333332,99.0,17526,VDD_IN,29804,8131,8198,17189,17526,3938,4080,3.0,1.0,3.0,2.0,0.0,92.0,63.843,64.906,63.593,62.593,62.812,64.906
08-11-2026 17:58:40,6605,7607,1408,16384,16.666666666666668,99.0,17604,VDD_IN,30076,8133,8510,17192,17604,3938,3962,2.0,3.0,1.0,2.0,0.0,92.0,63.937,65.406,63.562,62.656,62.843,65.406
08-11-2026 17:58:41,6609,7607,1408,16384,21.666666666666668,99.0,18085,VDD_IN,30981,8138,8823,17198,18085,3939,4073,7.0,7.0,6.0,18.0,0.0,92.0,63.75,65.562,63.656,62.625,63.0,65.562
08-11-2026 17:58:42,6609,7607,1408,16384,17.333333333333332,97.0,17693,VDD_IN,30353,8142,8705,17202,17693,3939,3955,0.0,2.0,4.0,2.0,0.0,96.0,63.687,65.406,63.531,62.593,62.906,65.406
08-11-2026 17:58:43,6610,7607,1408,16384,17.333333333333332,97.0,17850,VDD_IN,30628,8147,8823,17207,17850,3939,3955,3.0,3.0,1.0,2.0,0.0,95.0,63.968,65.25,63.625,62.593,62.875,65.25
08-11-2026 17:58:44,6610,7607,1408,16384,17.333333333333332,98.0,17850,VDD_IN,30549,8151,8744,17211,17850,3939,3955,2.0,3.0,4.0,3.0,0.0,92.0,63.75,65.187,63.593,62.625,62.843,65.187
08-11-2026 17:58:45,6611,7607,1408,16384,16.833333333333332,97.0,17811,VDD_IN,30471,8155,8705,17215,17811,3939,3955,2.0,0.0,4.0,3.0,0.0,92.0,63.937,65.25,63.656,62.718,62.906,65.25
08-11-2026 17:58:46,6611,7607,1408,16384,21.5,98.0,17968,VDD_IN,30786,8160,8823,17220,17968,3940,3995,5.0,18.0,7.0,6.0,0.0,93.0,63.843,65.281,63.781,62.593,62.968,65.281
08-11-2026 17:58:47,6611,7607,1408,16384,17.5,97.0,17850,VDD_IN,30472,8163,8627,17225,17850,3940,3995,2.0,3.0,2.0,6.0,0.0,92.0,63.906,65.281,63.593,62.593,62.937,65.281
08-11-2026 17:58:48,6612,7607,1408,16384,16.5,97.0,17732,VDD_IN,30237,8165,8471,17228,17732,3941,4034,2.0,1.0,2.0,2.0,0.0,92.0,64.0,65.25,63.593,62.656,62.875,65.25
08-11-2026 17:58:49,6612,7607,1408,16384,16.666666666666668,97.0,17772,VDD_IN,30316,8167,8471,17232,17772,3941,4073,2.0,1.0,2.0,1.0,1.0,93.0,63.781,65.562,63.593,62.718,62.906,65.562
08-11-2026 17:58:50,6613,7607,1408,16384,16.666666666666668,97.0,17732,VDD_IN,30159,8168,8315,17235,17732,3943,4112,2.0,1.0,2.0,4.0,0.0,91.0,64.0,65.562,63.656,62.781,62.968,65.562
08-11-2026 17:58:51,6613,7607,1408,16384,16.5,97.0,17693,VDD_IN,30003,8168,8159,17238,17693,3944,4151,2.0,2.0,2.0,1.0,0.0,92.0,63.906,65.406,63.718,62.625,62.906,65.406
08-11-2026 17:58:52,6614,7607,1408,16384,21.5,97.0,17772,VDD_IN,30044,8167,8042,17242,17772,3946,4230,10.0,6.0,6.0,15.0,0.0,92.0,64.156,65.281,63.656,62.718,62.937,65.281
08-11-2026 17:58:53,6615,7607,1408,16384,16.833333333333332,99.0,17536,VDD_IN,29554,8164,7742,17244,17536,3948,4276,3.0,2.0,1.0,2.0,0.0,93.0,64.312,64.687,63.718,62.718,62.937,64.687
08-11-2026 17:58:54,6615,7607,1408,16384,16.666666666666668,99.0,17526,VDD_IN,29843,8165,8237,17246,17526,3949,4080,1.0,3.0,2.0,2.0,0.0,92.0,64.093,65.25,63.718,62.593,63.031,65.25
08-11-2026 17:58:55,6616,7607,1408,16384,17.0,99.0,17536,VDD_IN,30047,8167,8549,17247,17536,3949,3962,6.0,1.0,1.0,2.0,0.0,92.0,63.718,65.625,63.593,62.625,62.906,65.625
08-11-2026 17:58:56,6616,7607,1408,16384,16.5,99.0,18007,VDD_IN,30824,8171,8744,17252,18007,3950,4073,2.0,1.0,2.0,2.0,0.0,92.0,64.031,65.812,63.625,62.718,62.968,65.812
08-11-2026 17:58:57,6614,7607,1408,16384,22.666666666666668,97.0,17889,VDD_IN,30706,8176,8862,17256,17889,3950,3955,8.0,10.0,8.0,13.0,0.0,97.0,64.031,65.718,63.687,62.781,63.0,65.343
08-11-2026 17:58:58,6614,7607,1408,16384,16.833333333333332,97.0,17850,VDD_IN,30667,8180,8862,17260,17850,3950,3955,1.0,2.0,1.0,2.0,0.0,95.0,63.812,65.406,63.718,62.812,63.031,65.406
08-11-2026 17:58:59,6615,7607,1408,16384,17.0,99.0,17811,VDD_IN,30510,8183,8744,17264,17811,3950,3955,3.0,2.0,2.0,3.0,0.0,92.0,63.937,65.406,63.781,62.687,62.937,65.406
08-11-2026 17:59:00,6615,7607,1408,16384,16.333333333333332,97.0,17850,VDD_IN,30549,8187,8744,17267,17850,3950,3955,1.0,2.0,1.0,2.0,0.0,92.0,64.0,65.468,63.718,62.625,62.968,65.468
08-11-2026 17:59:01,6612,7607,1408,16384,17.0,97.0,17811,VDD_IN,30511,8190,8705,17271,17811,3950,3995,3.0,2.0,2.0,2.0,0.0,93.0,64.0,65.437,63.718,62.718,63.0,65.437
08-11-2026 17:59:02,6616,7607,1408,16384,21.5,97.0,18046,VDD_IN,30903,8194,8823,17276,18046,3951,4034,6.0,18.0,9.0,4.0,0.0,92.0,64.156,65.281,63.75,62.812,63.031,65.281
08-11-2026 17:59:03,6616,7607,1408,16384,16.666666666666668,97.0,17811,VDD_IN,30355,8196,8510,17279,17811,3951,4034,3.0,1.0,2.0,2.0,0.0,92.0,63.812,65.281,63.812,62.812,62.968,65.281
08-11-2026 17:59:04,6616,7607,1408,16384,16.5,97.0,17772,VDD_IN,30277,8198,8432,17282,17772,3952,4073,2.0,2.0,2.0,2.0,0.0,91.0,63.843,65.281,63.781,62.593,62.968,65.281
08-11-2026 17:59:05,6617,7607,1408,16384,17.0,97.0,17732,VDD_IN,30159,8198,8315,17285,17732,3953,4112,3.0,2.0,2.0,2.0,0.0,93.0,64.031,65.375,63.625,62.812,63.031,65.375
08-11-2026 17:59:06,6617,7607,1408,16384,17.0,97.0,17693,VDD_IN,30010,8198,8159,17287,17693,3954,4158,5.0,2.0,2.0,1.0,0.0,92.0,63.906,65.343,63.812,62.812,63.0,65.343
08-11-2026 17:59:07,6602,7607,1408,16384,17.666666666666668,97.0,17772,VDD_IN,30083,8197,8081,17290,17772,3956,4230,5.0,2.0,4.0,3.0,0.0,92.0,64.218,65.437,63.812,62.843,63.062,65.437
08-11-2026 17:59:08,6609,7607,1408,16384,21.166666666666668,99.0,17575,VDD_IN,29619,8195,7768,17292,17575,3958,4276,7.0,4.0,19.0,5.0,0.0,92.0,64.218,65.062,63.812,62.656,62.937,65.062
08-11-2026 17:59:09,6610,7607,1408,16384,16.666666666666668,99.0,17536,VDD_IN,29892,8195,8237,17293,17536,3959,4119,2.0,2.0,1.0,3.0,0.0,92.0,64.125,65.218,63.718,62.718,63.031,65.218
08-11-2026 17:59:10,6610,7607,1408,16384,16.333333333333332,99.0,17536,VDD_IN,30047,8197,8549,17295,17536,3959,3962,0.0,2.0,0.0,3.0,0.0,93.0,63.968,65.375,63.75,62.75,63.031,65.375
08-11-2026 17:59:11,6611,7607,1408,16384,16.666666666666668,99.0,17889,VDD_IN,30589,8200,8666,17298,17889,3959,4034,3.0,2.0,1.0,2.0,0.0,92.0,63.75,65.5,63.718,62.781,63.062,65.5
08-11-2026 17:59:12,6612,7607,1408,16384,19.333333333333332,98.0,17850,VDD_IN,30589,8203,8784,17301,17850,3959,3955,4.0,7.0,3.0,5.0,1.0,96.0,63.906,65.312,63.843,62.843,63.093,65.312
08-11-2026 17:59:13,6613,7607,1408,16384,21.166666666666668,97.0,17929,VDD_IN,30785,8207,8901,17305,17929,3959,3955,3.0,14.0,5.0,9.0,0.0,96.0,64.031,65.437,63.718,62.718,63.031,65.437
08-11-2026 17:59:14,6614,7607,1408,16384,16.666666666666668,98.0,17811,VDD_IN,30510,8210,8744,17308,17811,3959,3955,2.0,2.0,1.0,2.0,1.0,92.0,64.156,65.656,63.718,62.718,63.0,65.656
08-11-2026 17:59:15,6614,7607,1408,16384,16.833333333333332,97.0,17811,VDD_IN,30510,8214,8744,17311,17811,3959,3955,2.0,3.0,1.0,2.0,0.0,93.0,63.937,65.656,63.75,62.812,63.0,65.656
08-11-2026 17:59:16,6615,7607,1408,16384,16.5,97.0,17811,VDD_IN,30472,8216,8666,17314,17811,3959,3995,1.0,2.0,2.0,2.0,0.0,92.0,63.843,65.687,63.781,62.812,63.031,65.687
08-11-2026 17:59:17,6615,7607,1408,16384,17.0,97.0,17850,VDD_IN,30550,8219,8705,17317,17850,3960,3995,2.0,1.0,1.0,6.0,0.0,92.0,63.906,65.468,63.718,62.781,63.062,65.468
08-11-2026 17:59:18,6619,7607,1408,16384,21.5,97.0,17929,VDD_IN,30668,8221,8666,17320,17929,3960,4073,9.0,4.0,17.0,7.0,0.0,92.0,64.093,65.468,63.625,62.75,63.062,65.468
08-11-2026 17:59:19,6613,7607,1408,16384,16.833333333333332,97.0,17732,VDD_IN,30276,8223,8471,17323,17732,3961,4073,4.0,1.0,3.0,1.0,0.0,92.0,64.218,65.375,63.75,62.843,63.062,65.375
08-11-2026 17:59:20,6614,7607,1408,16384,16.5,97.0,16622,VDD_IN,28448,8222,8133,17319,16622,3959,3693,2.0,2.0,2.0,1.0,0.0,92.0,63.656,65.437,63.906,62.75,63.062,65.437
08-11-2026 17:59:21,6569,7607,1408,16384,17.0,0.0,8862,VDD_IN,14063,8193,2896,17272,8862,3950,2305,15.0,7.0,4.0,19.0,19.0,38.0,63.093,63.343,63.656,62.593,62.375,63.437
08-11-2026 17:59:22,6883,7607,1413,16384,81.5,0.0,7974,VDD_IN,12308,8161,2543,17220,7974,3938,1791,81.0,79.0,80.0,78.0,89.0,82.0,63.531,62.75,63.125,62.468,62.062,63.531
08-11-2026 17:59:23,6889,7607,1413,16384,23.0,97.0,16609,VDD_IN,28278,8162,8172,17217,16609,3936,3497,16.0,84.0,6.0,11.0,19.0,2.0,63.343,64.718,63.281,62.437,62.468,64.718
08-11-2026 17:59:24,6891,7607,1413,16384,18.833333333333332,97.0,17693,VDD_IN,30282,8164,8666,17220,17693,3936,3923,6.0,3.0,2.0,9.0,93.0,0.0,63.406,64.968,63.343,62.312,62.625,64.968
08-11-2026 17:59:25,6891,7607,1413,16384,16.666666666666668,98.0,17811,VDD_IN,30511,8167,8705,17223,17811,3936,3995,2.0,1.0,2.0,3.0,92.0,0.0,63.437,65.062,63.531,62.5,62.593,65.062
08-11-2026 17:59:26,6891,7607,1413,16384,16.5,99.0,17772,VDD_IN,30394,8170,8627,17226,17772,3936,3995,3.0,1.0,2.0,1.0,92.0,0.0,63.531,65.031,63.406,62.468,62.593,65.031
08-11-2026 17:59:27,6891,7607,1413,16384,16.666666666666668,97.0,17772,VDD_IN,30394,8172,8588,17229,17772,3937,4034,3.0,2.0,1.0,2.0,92.0,0.0,63.656,65.187,63.437,62.5,62.656,65.187
08-11-2026 17:59:28,6891,7607,1413,16384,17.0,98.0,17772,VDD_IN,30316,8174,8471,17232,17772,3938,4073,3.0,5.0,1.0,1.0,92.0,0.0,63.406,65.031,63.468,62.593,62.781,65.031
08-11-2026 17:59:29,6893,7607,1413,16384,21.333333333333332,97.0,17889,VDD_IN,30472,8175,8510,17235,17889,3938,4073,11.0,7.0,8.0,10.0,92.0,0.0,63.531,65.031,63.562,62.437,62.718,65.031
08-11-2026 17:59:30,6894,7607,1413,16384,16.666666666666668,97.0,17732,VDD_IN,30159,8176,8315,17238,17732,3939,4112,2.0,3.0,1.0,2.0,92.0,0.0,63.531,65.062,63.687,62.468,62.656,65.062
08-11-2026 17:59:31,6894,7607,1413,16384,16.833333333333332,97.0,17732,VDD_IN,30088,8176,8198,17240,17732,3940,4158,60.0,2.0,2.0,2.0,35.0,0.0,63.718,65.093,63.406,62.437,62.906,65.093
08-11-2026 17:59:32,6893,7607,1413,16384,16.166666666666668,97.0,17654,VDD_IN,29855,8175,7964,17242,17654,3942,4237,92.0,1.0,1.0,2.0,0.0,1.0,63.906,64.906,63.531,62.593,62.937,64.906
08-11-2026 17:59:33,6894,7607,1413,16384,16.166666666666668,99.0,17565,VDD_IN,29649,8173,7847,17244,17565,3943,4237,74.0,2.0,1.0,2.0,18.0,0.0,63.75,64.437,63.5,62.625,62.843,64.437
08-11-2026 17:59:34,6894,7607,1413,16384,21.166666666666668,99.0,17654,VDD_IN,30159,8175,8471,17246,17654,3944,4034,5.0,5.0,17.0,8.0,92.0,0.0,63.562,65.062,63.531,62.437,62.781,65.062
08-11-2026 17:59:35,6894,7607,1413,16384,16.5,99.0,17693,VDD_IN,30282,8177,8549,17249,17693,3944,4040,2.0,2.0,2.0,1.0,92.0,0.0,63.625,65.218,63.593,62.468,62.718,65.218
08-11-2026 17:59:36,6894,7607,1413,16384,17.0,99.0,18085,VDD_IN,30981,8180,8823,17253,18085,3945,4073,2.0,2.0,2.0,3.0,93.0,0.0,63.75,65.406,63.437,62.468,62.843,65.406
08-11-2026 17:59:37,6894,7607,1412,16384,17.666666666666668,97.0,17850,VDD_IN,30628,8184,8862,17256,17850,3945,3916,2.0,2.0,2.0,2.0,98.0,0.0,63.75,65.281,63.468,62.562,62.718,65.281
08-11-2026 17:59:38,6894,7607,1412,16384,17.166666666666668,97.0,17850,VDD_IN,30628,8187,8823,17259,17850,3945,3955,4.0,2.0,2.0,1.0,94.0,0.0,63.468,65.312,63.531,62.593,62.843,65.312
08-11-2026 17:59:39,6897,7607,1412,16384,22.0,97.0,18046,VDD_IN,30981,8191,8940,17263,18046,3945,3995,19.0,4.0,9.0,8.0,92.0,0.0,63.812,65.093,63.468,62.5,62.843,65.093
08-11-2026 17:59:40,6897,7607,1412,16384,17.333333333333332,97.0,17850,VDD_IN,30589,8193,8744,17266,17850,3945,3995,4.0,3.0,2.0,2.0,93.0,0.0,63.593,65.156,63.437,62.437,62.781,65.156
08-11-2026 17:59:41,6897,7607,1412,16384,16.666666666666668,98.0,17811,VDD_IN,30511,8196,8666,17269,17811,3946,4034,1.0,3.0,1.0,4.0,91.0,0.0,63.625,65.187,63.531,62.531,62.812,65.187
08-11-2026 17:59:42,6897,7607,1412,16384,16.5,97.0,17811,VDD_IN,30472,8198,8627,17271,17811,3946,4034,2.0,2.0,2.0,1.0,92.0,0.0,63.656,65.187,63.531,62.531,62.812,65.187
08-11-2026 17:59:43,6897,7607,1412,16384,16.333333333333332,97.0,17772,VDD_IN,30316,8199,8471,17274,17772,3947,4073,2.0,2.0,0.0,2.0,92.0,0.0,63.593,65.156,63.562,62.468,62.843,65.156
08-11-2026 17:59:44,6897,7607,1412,16384,16.666666666666668,97.0,17811,VDD_IN,30355,8201,8471,17276,17811,3948,4073,4.0,1.0,1.0,1.0,93.0,0.0,63.656,65.125,63.593,62.437,62.843,65.125
08-11-2026 17:59:45,6900,7607,1412,16384,21.333333333333332,98.0,17850,VDD_IN,30316,8201,8354,17279,17850,3948,4112,18.0,5.0,4.0,9.0,92.0,0.0,63.718,65.375,63.531,62.531,62.718,65.375
08-11-2026 17:59:46,6901,7607,1412,16384,16.333333333333332,97.0,17732,VDD_IN,30088,8201,8198,17281,17732,3949,4158,1.0,2.0,1.0,2.0,92.0,0.0,63.875,65.406,63.562,62.531,62.812,65.406
08-11-2026 17:59:47,6901,7607,1412,16384,16.5,97.0,17693,VDD_IN,29933,8200,8003,17283,17693,3951,4237,2.0,1.0,2.0,2.0,92.0,0.0,63.843,65.406,63.562,62.562,62.906,65.406
08-11-2026 17:59:48,6901,7607,1412,16384,16.833333333333332,99.0,17615,VDD_IN,29738,8199,7808,17285,17615,3953,4315,2.0,2.0,3.0,2.0,92.0,0.0,63.968,64.968,63.593,62.687,62.937,64.968
08-11-2026 17:59:49,6902,7607,1412,16384,16.666666666666668,99.0,17536,VDD_IN,29931,8199,8315,17286,17536,3953,4080,2.0,2.0,2.0,2.0,92.0,0.0,63.75,65.25,63.656,62.531,62.937,64.937
08-11-2026 17:59:50,6888,7607,1412,16384,22.666666666666668,99.0,17732,VDD_IN,30353,8201,8666,17288,17732,3953,3955,14.0,11.0,7.0,10.0,92.0,2.0,63.718,65.218,63.531,62.562,62.812,65.218
08-11-2026 17:59:51,6892,7607,1412,16384,17.0,99.0,17968,VDD_IN,30785,8204,8744,17292,17968,3954,4073,4.0,2.0,2.0,1.0,93.0,0.0,63.906,65.343,63.562,62.562,62.968,65.343
08-11-2026 17:59:52,6892,7607,1412,16384,17.666666666666668,96.0,17732,VDD_IN,30431,8207,8744,17294,17732,3954,3955,2.0,1.0,4.0,3.0,96.0,0.0,63.781,65.25,63.625,62.656,62.968,65.25
08-11-2026 17:59:53,6893,7607,1412,16384,17.666666666666668,97.0,17889,VDD_IN,30706,8210,8862,17296,17889,3954,3955,1.0,3.0,3.0,3.0,96.0,0.0,63.562,65.281,63.656,62.781,62.875,65.281
08-11-2026 17:59:54,6894,7607,1412,16384,16.5,98.0,17850,VDD_IN,30549,8212,8744,17299,17850,3954,3955,4.0,1.0,1.0,1.0,92.0,0.0,63.562,65.281,63.687,62.531,62.906,65.281
08-11-2026 17:59:55,6899,7607,1412,16384,21.333333333333332,97.0,18085,VDD_IN,31020,8216,8940,17303,18085,3954,3995,7.0,5.0,4.0,21.0,91.0,0.0,63.781,65.187,63.562,62.562,62.968,65.187
08-11-2026 17:59:56,6899,7607,1412,16384,16.833333333333332,99.0,17850,VDD_IN,30511,8218,8666,17305,17850,3954,3995,3.0,2.0,1.0,3.0,92.0,0.0,63.968,65.156,63.562,62.625,62.875,65.156
08-11-2026 17:59:57,6900,7607,1412,16384,16.5,97.0,17811,VDD_IN,30472,8219,8627,17308,17811,3955,4034,2.0,1.0,1.0,3.0,92.0,0.0,63.906,65.187,63.625,62.718,63.0,65.187
08-11-2026 17:59:58,6900,7607,1412,16384,16.833333333333332,97.0,17772,VDD_IN,30355,8221,8510,17310,17772,3955,4073,2.0,2.0,2.0,3.0,92.0,0.0,63.562,65.218,63.718,62.781,62.937,65.218
08-11-2026 17:59:59,6901,7607,1412,16384,16.833333333333332,97.0,17850,VDD_IN,30394,8222,8471,17312,17850,3956,4073,1.0,1.0,2.0,5.0,92.0,0.0,63.656,65.218,63.718,62.531,62.843,65.218
08-11-2026 18:00:00,6902,7607,1412,16384,17.5,97.0,17772,VDD_IN,30199,8222,8315,17314,17772,3956,4112,5.0,2.0,4.0,3.0,91.0,0.0,63.875,65.187,63.625,62.593,62.968,65.187
08-11-2026 18:00:01,6903,7607,1412,16384,21.833333333333332,97.0,17772,VDD_IN,30160,8222,8237,17316,17772,3957,4151,7.0,15.0,12.0,5.0,92.0,0.0,63.968,65.468,63.625,62.812,62.875,65.468
08-11-2026 18:00:02,6903,7607,1412,16384,16.666666666666668,97.0,17693,VDD_IN,29926,8221,8003,17318,17693,3958,4230,3.0,1.0,1.0,2.0,93.0,0.0,63.781,65.375,63.656,62.656,63.0,65.375
08-11-2026 18:00:03,6903,7607,1412,16384,17.0,99.0,17575,VDD_IN,29698,8220,7847,17319,17575,3960,4276,2.0,1.0,3.0,4.0,92.0,0.0,64.0,64.906,63.812,62.812,62.968,64.906
08-11-2026 18:00:04,6893,7607,1412,16384,16.666666666666668,99.0,17536,VDD_IN,29930,8220,8354,17320,17536,3960,4040,3.0,1.0,2.0,1.0,92.0,1.0,63.75,65.312,63.781,62.562,62.906,65.312
08-11-2026 18:00:05,6896,7607,1412,16384,17.333333333333332,99.0,17654,VDD_IN,30243,8222,8588,17322,17654,3960,4001,2.0,3.0,2.0,4.0,92.0,1.0,63.875,65.531,63.656,62.687,62.937,65.531
08-11-2026 18:00:06,6902,7607,1412,16384,20.833333333333332,99.0,18164,VDD_IN,31162,8225,8886,17325,18164,3961,4112,6.0,6.0,3.0,18.0,92.0,0.0,64.093,65.656,63.656,62.718,63.0,65.656
08-11-2026 18:00:07,6902,7607,1412,16384,17.5,96.0,17811,VDD_IN,30550,8228,8823,17328,17811,3961,3916,3.0,1.0,1.0,2.0,98.0,0.0,63.687,65.312,63.718,62.75,62.906,65.312
08-11-2026 18:00:08,6903,7607,1412,16384,17.0,97.0,17850,VDD_IN,30628,8230,8823,17330,17850,3961,3955,2.0,2.0,2.0,2.0,94.0,0.0,63.781,65.343,63.75,62.656,63.0,65.343
08-11-2026 18:00:09,6904,7607,1412,16384,16.5,97.0,17772,VDD_IN,30511,8233,8744,17332,17772,3961,3995,2.0,2.0,1.0,3.0,91.0,0.0,63.718,65.312,63.687,62.687,62.906,65.312
08-11-2026 18:00:10,6904,7607,1412,16384,17.0,98.0,17850,VDD_IN,30589,8235,8744,17334,17850,3961,3995,3.0,2.0,2.0,2.0,93.0,0.0,63.843,65.468,63.687,62.718,63.031,65.468
08-11-2026 18:00:11,6904,7607,1412,16384,21.666666666666668,98.0,18007,VDD_IN,30825,8237,8784,17337,18007,3962,4034,11.0,18.0,5.0,4.0,92.0,0.0,64.062,65.656,63.781,62.843,62.968,65.656
08-11-2026 18:00:12,6907,7607,1412,16384,17.5,98.0,17889,VDD_IN,30550,8239,8627,17339,17889,3962,4034,3.0,3.0,1.0,2.0,92.0,4.0,63.781,65.718,63.812,62.843,62.937,65.718
08-11-2026 18:00:13,6906,7607,1412,16384,16.5,98.0,17772,VDD_IN,30316,8240,8471,17341,17772,3962,4073,2.0,0.0,3.0,2.0,35.0,57.0,63.875,65.625,63.843,62.687,62.968,65.625
08-11-2026 18:00:14,6906,7607,1412,16384,16.333333333333332,97.0,17811,VDD_IN,30355,8241,8432,17343,17811,3963,4112,2.0,1.0,2.0,1.0,0.0,92.0,64.093,65.281,63.687,62.625,63.0,65.281
08-11-2026 18:00:15,6906,7607,1412,16384,16.666666666666668,97.0,17772,VDD_IN,30199,8241,8276,17345,17772,3964,4151,2.0,0.0,2.0,3.0,0.0,93.0,63.875,65.5,63.718,62.781,63.0,65.5
08-11-2026 18:00:16,6908,7607,1412,16384,19.5,97.0,17850,VDD_IN,30355,8241,8315,17347,17850,3965,4190,4.0,7.0,10.0,4.0,0.0,92.0,64.437,65.343,63.75,62.875,63.031,65.343
08-11-2026 18:00:17,6909,7607,1412,16384,19.0,97.0,17693,VDD_IN,29926,8240,8003,17349,17693,3966,4230,6.0,2.0,4.0,10.0,0.0,92.0,63.937,65.343,63.843,62.656,63.093,65.343
08-11-2026 18:00:18,6909,7607,1412,16384,16.666666666666668,99.0,17575,VDD_IN,29737,8239,7886,17350,17575,3967,4276,3.0,0.0,2.0,2.0,0.0,93.0,64.25,64.781,63.656,62.687,63.062,64.781
08-11-2026 18:00:19,6909,7607,1412,16384,17.166666666666668,99.0,17575,VDD_IN,30047,8239,8432,17351,17575,3967,4040,4.0,1.0,2.0,4.0,0.0,92.0,64.156,65.156,63.718,62.75,63.062,65.156
08-11-2026 18:00:20,6909,7607,1412,16384,16.333333333333332,99.0,17693,VDD_IN,30237,8241,8549,17352,17693,3968,3995,3.0,1.0,1.0,1.0,0.0,92.0,63.812,65.437,63.781,62.875,63.062,65.437
08-11-2026 18:00:21,6909,7607,1412,16384,16.833333333333332,99.0,18085,VDD_IN,31044,8243,8847,17355,18085,3968,4112,3.0,1.0,3.0,2.0,0.0,92.0,63.906,65.562,63.781,62.656,63.031,65.562
08-11-2026 18:00:22,6901,7607,1412,16384,23.166666666666668,97.0,18007,VDD_IN,30941,8246,8979,17358,18007,3968,3955,20.0,7.0,9.0,4.0,0.0,99.0,64.031,65.531,63.718,62.781,63.062,65.531
08-11-2026 18:00:23,6905,7607,1412,16384,17.166666666666668,98.0,17850,VDD_IN,30628,8249,8823,17360,17850,3968,3955,2.0,1.0,1.0,4.0,2.0,93.0,64.187,65.343,63.687,62.875,63.062,65.343
08-11-2026 18:00:24,6905,7607,1412,16384,16.5,97.0,17772,VDD_IN,30432,8251,8705,17362,17772,3968,3955,2.0,1.0,1.0,3.0,0.0,92.0,63.843,65.125,63.75,62.687,63.062,65.125
08-11-2026 18:00:25,6906,7607,1412,16384,16.5,98.0,17732,VDD_IN,30393,8252,8666,17363,17732,3968,3995,2.0,2.0,1.0,2.0,0.0,92.0,63.906,65.187,63.812,62.75,63.062,65.187
08-11-2026 18:00:26,6906,7607,1412,16384,16.5,97.0,17654,VDD_IN,30120,8253,8471,17364,17654,3968,3995,3.0,0.0,2.0,3.0,0.0,91.0,64.093,65.093,63.625,62.75,63.0,65.093
08-11-2026 18:00:27,6913,7607,1412,16384,22.0,98.0,17811,VDD_IN,30433,8255,8588,17366,17811,3969,4034,7.0,20.0,8.0,4.0,0.0,93.0,63.968,65.375,63.687,62.687,63.062,65.375
08-11-2026 18:00:28,6916,7607,1412,16384,17.0,99.0,17615,VDD_IN,30048,8255,8393,17367,17615,3969,4040,3.0,3.0,3.0,1.0,0.0,92.0,64.156,65.343,63.781,62.812,63.0,65.343
08-11-2026 18:00:29,6916,7607,1412,16384,17.0,97.0,17643,VDD_IN,29992,8255,8276,17368,17643,3969,4073,2.0,3.0,3.0,2.0,0.0,92.0,63.906,65.375,63.75,62.656,63.031,65.375
08-11-2026 18:00:30,6917,7607,1412,16384,16.833333333333332,98.0,17604,VDD_IN,29882,8255,8159,17369,17604,3970,4119,2.0,2.0,4.0,1.0,0.0,92.0,64.0,65.468,63.812,62.687,63.062,65.468
08-11-2026 18:00:31,6917,7607,1412,16384,17.166666666666668,98.0,17575,VDD_IN,29814,8254,8081,17370,17575,3971,4158,1.0,3.0,2.0,4.0,0.0,93.0,64.093,65.375,63.75,62.75,63.062,65.375
08-11-2026 18:00:32,6909,7607,1412,16384,20.666666666666668,98.0,17732,VDD_IN,30004,8253,8042,17371,17732,3972,4230,13.0,6.0,7.0,5.0,1.0,92.0,64.312,65.156,63.718,62.75,63.093,65.156
08-11-2026 18:00:33,6913,7607,1412,16384,17.666666666666668,99.0,17526,VDD_IN,29571,8251,7808,17372,17526,3973,4237,4.0,3.0,4.0,2.0,1.0,92.0,64.406,64.75,63.75,62.812,63.125,64.75
08-11-2026 18:00:34,6914,7607,1412,16384,17.333333333333332,99.0,17486,VDD_IN,29841,8252,8315,17373,17486,3973,4040,6.0,2.0,2.0,1.0,1.0,92.0,64.031,65.156,63.75,62.75,63.125,65.156
08-11-2026 18:00:35,6915,7607,1412,16384,16.333333333333332,99.0,17565,VDD_IN,29998,8253,8471,17373,17565,3973,3962,2.0,1.0,1.0,2.0,0.0,92.0,63.875,65.343,63.75,62.718,63.062,65.343
08-11-2026 18:00:36,6915,7607,1412,16384,16.166666666666668,99.0,17929,VDD_IN,30746,8255,8744,17375,17929,3973,4073,2.0,2.0,1.0,1.0,0.0,91.0,64.125,65.437,63.875,62.812,63.218,65.437
08-11-2026 18:00:37,6915,7607,1412,16384,17.833333333333332,96.0,17732,VDD_IN,30392,8256,8744,17377,17732,3973,3916,3.0,1.0,2.0,3.0,0.0,98.0,63.937,65.437,63.718,62.718,63.093,65.437
08-11-2026 18:00:38,6921,7607,1412,16384,22.0,97.0,17811,VDD_IN,30550,8258,8784,17379,17811,3973,3955,9.0,5.0,19.0,5.0,0.0,94.0,64.156,65.656,63.781,62.687,63.156,65.656
08-11-2026 18:00:39,6922,7607,1412,16384,16.5,97.0,17654,VDD_IN,30243,8260,8627,17380,17654,3973,3962,1.0,1.0,3.0,2.0,0.0,92.0,63.906,65.75,63.843,62.75,63.093,65.75
08-11-2026 18:00:40,6922,7607,1412,16384,16.666666666666668,97.0,17772,VDD_IN,30393,8261,8666,17381,17772,3973,3955,3.0,2.0,2.0,1.0,1.0,91.0,64.031,65.75,63.75,62.812,63.031,65.75
08-11-2026 18:00:41,6923,7607,1412,16384,16.666666666666668,99.0,17693,VDD_IN,30282,8263,8588,17382,17693,3973,4001,2.0,2.0,1.0,2.0,0.0,93.0,64.187,65.281,63.687,62.843,63.062,65.281
08-11-2026 18:00:42,6918,7607,1412,16384,16.333333333333332,97.0,17732,VDD_IN,30354,8264,8588,17384,17732,3973,4034,2.0,2.0,1.0,0.0,1.0,92.0,63.937,65.343,63.812,62.812,63.125,65.343
08-11-2026 18:00:43,6925,7607,1412,16384,21.166666666666668,98.0,17772,VDD_IN,30355,8265,8510,17385,17772,3974,4073,10.0,19.0,2.0,4.0,0.0,92.0,64.156,65.468,63.812,62.906,63.093,65.468
08-11-2026 18:00:44,6925,7607,1412,16384,16.333333333333332,97.0,17693,VDD_IN,30159,8265,8393,17386,17693,3974,4073,1.0,2.0,2.0,1.0,0.0,92.0,63.937,65.468,63.937,62.75,63.187,65.468
08-11-2026 18:00:45,6926,7607,1412,16384,17.166666666666668,97.0,17654,VDD_IN,29971,8265,8198,17387,17654,3975,4119,2.0,5.0,3.0,1.0,0.0,92.0,64.0,65.468,63.875,62.812,63.031,65.468
08-11-2026 18:00:46,6926,7607,1412,16384,16.833333333333332,97.0,17722,VDD_IN,29954,8264,8081,17389,17722,3975,4151,2.0,3.0,2.0,2.0,0.0,92.0,64.125,65.531,63.812,62.812,63.062,65.531
08-11-2026 18:00:47,6927,7607,1412,16384,16.666666666666668,97.0,17575,VDD_IN,29698,8263,7886,17389,17575,3976,4237,1.0,3.0,2.0,2.0,0.0,92.0,64.031,65.437,63.875,62.937,63.125,65.437
08-11-2026 18:00:48,6915,7607,1412,16384,21.833333333333332,99.0,17693,VDD_IN,29926,8262,8003,17390,17693,3977,4230,10.0,8.0,4.0,17.0,0.0,92.0,64.281,64.937,63.937,62.937,63.218,64.812
08-11-2026 18:00:49,6918,7607,1412,16384,17.0,99.0,17486,VDD_IN,29802,8262,8315,17391,17486,3977,4001,2.0,3.0,3.0,2.0,0.0,92.0,64.125,65.281,63.937,62.812,63.062,65.281
08-11-2026 18:00:50,6919,7607,1412,16384,16.666666666666668,99.0,17497,VDD_IN,29969,8263,8471,17391,17497,3977,4001,2.0,3.0,1.0,3.0,0.0,91.0,64.062,65.312,63.75,62.812,63.062,65.312
08-11-2026 18:00:52,6919,7607,1412,16384,16.5,99.0,17968,VDD_IN,30825,8265,8784,17393,17968,3978,4073,1.0,2.0,2.0,2.0,0.0,92.0,64.187,65.437,63.906,62.906,63.156,65.437
08-11-2026 18:00:53,6919,7607,1412,16384,18.0,97.0,17732,VDD_IN,30432,8267,8784,17395,17732,3977,3916,2.0,2.0,2.0,3.0,0.0,99.0,63.843,65.406,63.843,62.875,63.218,65.406
08-11-2026 18:00:54,6920,7607,1412,16384,16.833333333333332,97.0,17772,VDD_IN,30471,8269,8744,17396,17772,3977,3955,2.0,2.0,1.0,3.0,0.0,93.0,64.031,65.75,63.937,62.812,63.187,65.75
08-11-2026 18:00:55,6925,7607,1412,16384,21.333333333333332,97.0,17732,VDD_IN,30392,8270,8705,17397,17732,3977,3955,5.0,14.0,7.0,10.0,0.0,92.0,64.062,65.656,63.875,62.812,63.187,65.656
08-11-2026 18:00:56,6925,7607,1412,16384,16.666666666666668,97.0,17772,VDD_IN,30394,8272,8627,17399,17772,3977,3995,2.0,4.0,1.0,1.0,0.0,92.0,64.281,65.75,63.843,62.812,63.125,65.75
08-11-2026 18:00:57,6926,7607,1412,16384,17.166666666666668,97.0,17693,VDD_IN,30237,8273,8549,17400,17693,3977,3995,3.0,5.0,2.0,1.0,0.0,92.0,64.125,65.718,63.843,62.875,63.125,65.718
08-11-2026 18:00:58,6926,7607,1412,16384,16.833333333333332,97.0,17732,VDD_IN,30276,8274,8549,17401,17732,3977,3995,2.0,2.0,2.0,3.0,0.0,92.0,64.0,65.75,63.812,62.937,63.156,65.75
08-11-2026 18:00:59,6927,7607,1412,16384,16.5,99.0,17693,VDD_IN,30198,8274,8432,17402,17693,3978,4073,3.0,1.0,1.0,1.0,0.0,93.0,64.031,65.75,63.937,62.812,63.25,65.75
08-11-2026 18:01:00,6925,7607,1412,16384,22.166666666666668,97.0,17772,VDD_IN,30277,8275,8432,17403,17772,3978,4073,7.0,6.0,7.0,21.0,0.0,92.0,64.093,65.5,63.781,62.812,63.125,65.5
08-11-2026 18:01:01,6925,7607,1412,16384,16.166666666666668,98.0,17654,VDD_IN,30003,8275,8237,17404,17654,3979,4112,1.0,2.0,0.0,2.0,0.0,92.0,64.312,65.468,63.875,62.875,63.093,65.468
08-11-2026 18:01:02,6926,7607,1412,16384,16.833333333333332,97.0,17654,VDD_IN,29932,8274,8120,17405,17654,3979,4158,3.0,4.0,2.0,0.0,0.0,92.0,64.218,65.437,63.812,62.906,63.125,65.437
08-11-2026 18:01:03,6926,7607,1412,16384,16.333333333333332,97.0,17575,VDD_IN,29737,8273,7925,17406,17575,3980,4237,2.0,1.0,1.0,2.0,0.0,92.0,64.062,65.437,63.875,63.031,63.125,65.437
08-11-2026 18:01:04,6927,7607,1412,16384,16.5,99.0,17497,VDD_IN,29541,8271,7768,17406,17497,3981,4276,2.0,2.0,1.0,2.0,0.0,92.0,64.343,65.281,63.906,62.812,63.187,65.281
08-11-2026 18:01:05,6929,7607,1412,16384,21.166666666666668,99.0,17654,VDD_IN,30120,8272,8432,17407,17654,3981,4034,10.0,16.0,3.0,7.0,0.0,91.0,64.125,65.687,63.843,62.875,63.25,65.687
08-11-2026 18:01:06,6930,7607,1412,16384,16.833333333333332,99.0,17683,VDD_IN,30188,8272,8510,17408,17683,3981,3995,2.0,2.0,2.0,2.0,0.0,93.0,64.281,65.906,63.906,62.937,63.125,65.906
08-11-2026 18:01:07,6931,7607,1412,16384,17.333333333333332,99.0,18046,VDD_IN,30903,8274,8784,17410,18046,3982,4073,3.0,2.0,6.0,1.0,0.0,92.0,64.25,65.468,63.875,62.968,63.281,65.468
08-11-2026 18:01:08,6931,7607,1412,16384,17.5,96.0,17732,VDD_IN,30392,8276,8744,17411,17732,3982,3916,2.0,2.0,1.0,3.0,0.0,97.0,64.031,65.468,63.906,62.781,63.218,65.468
08-11-2026 18:01:09,6931,7607,1412,16384,17.166666666666668,97.0,17772,VDD_IN,30471,8277,8744,17412,17772,3981,3955,3.0,1.0,2.0,3.0,0.0,94.0,64.031,65.718,63.937,62.843,63.125,65.718
08-11-2026 18:01:10,6932,7607,1412,16384,18.166666666666668,98.0,17811,VDD_IN,30550,8279,8784,17414,17811,3981,3955,4.0,3.0,4.0,6.0,0.0,92.0,64.281,65.562,63.875,62.906,63.218,65.562
08-11-2026 18:01:11,6929,7607,1412,16384,20.5,98.0,17772,VDD_IN,30471,8281,8744,17415,17772,3981,3955,6.0,7.0,10.0,7.0,1.0,92.0,64.281,65.75,63.937,62.875,63.156,65.75
08-11-2026 18:01:12,6931,7607,1412,16384,16.666666666666668,98.0,17772,VDD_IN,30394,8282,8627,17416,17772,3981,3995,3.0,2.0,0.0,2.0,0.0,93.0,64.0,65.687,63.906,62.968,63.156,65.687
08-11-2026 18:01:13,6931,7607,1412,16384,16.666666666666668,97.0,17732,VDD_IN,30315,8283,8588,17417,17732,3981,3995,3.0,2.0,1.0,2.0,0.0,92.0,64.062,65.687,63.968,62.812,63.312,65.687
08-11-2026 18:01:14,6932,7607,1412,16384,16.166666666666668,97.0,17693,VDD_IN,30243,8284,8510,17418,17693,3982,4040,1.0,1.0,2.0,1.0,0.0,92.0,64.062,65.562,63.937,62.812,63.187,65.562
08-11-2026 18:01:15,6932,7607,1412,16384,16.666666666666668,97.0,17732,VDD_IN,30237,8284,8432,17419,17732,3982,4073,2.0,3.0,2.0,1.0,0.0,92.0,64.125,65.531,63.906,62.906,63.187,65.531
08-11-2026 18:01:16,6935,7607,1412,16384,21.833333333333332,97.0,17732,VDD_IN,30198,8285,8354,17420,17732,3982,4112,4.0,11.0,4.0,20.0,0.0,92.0,64.375,65.531,63.843,62.968,63.25,65.531
08-11-2026 18:01:17,6936,7607,1412,16384,17.5,97.0,17615,VDD_IN,29886,8284,8120,17421,17615,3983,4151,8.0,1.0,2.0,2.0,0.0,92.0,64.062,65.468,63.937,63.0,63.281,65.468
08-11-2026 18:01:18,6937,7607,1412,16384,16.833333333333332,97.0,17615,VDD_IN,29769,8283,7964,17422,17615,3984,4190,2.0,3.0,1.0,3.0,0.0,92.0,64.125,65.406,64.062,62.875,63.218,65.406
08-11-2026 18:01:19,6937,7607,1412,16384,16.666666666666668,99.0,17575,VDD_IN,29580,8281,7729,17422,17575,3985,4276,3.0,1.0,2.0,3.0,0.0,91.0,64.406,65.093,63.781,62.875,63.125,65.375
08-11-2026 18:01:20,6938,7607,1412,16384,17.0,99.0,17526,VDD_IN,29765,8281,8120,17423,17526,3985,4119,4.0,3.0,1.0,2.0,0.0,92.0,64.281,65.281,63.875,62.906,63.187,65.281
08-11-2026 18:01:21,6934,7607,1412,16384,22.0,99.0,17654,VDD_IN,30314,8282,8705,17423,17654,3985,3955,6.0,9.0,9.0,16.0,0.0,92.0,64.281,65.812,63.875,62.968,63.218,65.812
08-11-2026 18:01:22,6936,7607,1412,16384,16.833333333333332,99.0,17850,VDD_IN,30589,8283,8705,17425,17850,3985,4034,2.0,0.0,3.0,4.0,0.0,92.0,64.031,66.0,64.0,63.031,63.343,66.0
08-11-2026 18:01:23,6936,7607,1412,16384,17.5,98.0,17732,VDD_IN,30353,8285,8666,17426,17732,3985,3955,2.0,1.0,4.0,2.0,0.0,96.0,64.062,65.843,64.0,62.843,63.218,65.843
08-11-2026 18:01:24,6939,7607,1412,16384,17.333333333333332,97.0,17811,VDD_IN,30550,8286,8784,17427,17811,3985,3955,2.0,1.0,3.0,2.0,0.0,96.0,64.25,65.625,63.937,62.812,63.156,65.625
08-11-2026 18:01:25,6939,7607,1412,16384,16.666666666666668,98.0,17732,VDD_IN,30392,8288,8705,17428,17732,3985,3955,2.0,2.0,1.0,2.0,0.0,93.0,64.031,65.625,63.843,62.875,63.125,65.625
08-11-2026 18:01:26,6943,7607,1412,16384,20.333333333333332,97.0,17968,VDD_IN,30825,8290,8862,17430,17968,3985,3995,4.0,16.0,3.0,7.0,0.0,92.0,64.5,65.625,63.843,62.968,63.25,65.625
08-11-2026 18:01:27,6944,7607,1412,16384,18.0,97.0,17811,VDD_IN,30472,8291,8666,17431,17811,3985,3995,6.0,2.0,3.0,5.0,0.0,92.0,64.031,65.656,63.906,62.875,63.312,65.656
08-11-2026 18:01:28,6944,7607,1412,16384,16.833333333333332,97.0,17811,VDD_IN,30394,8292,8588,17432,17811,3985,3995,3.0,2.0,2.0,2.0,0.0,92.0,64.031,65.968,63.875,62.812,63.187,65.968
08-11-2026 18:01:29,6945,7607,1412,16384,17.0,98.0,17772,VDD_IN,30316,8292,8510,17433,17772,3985,4034,2.0,3.0,2.0,2.0,0.0,93.0,64.156,65.875,63.843,62.843,63.156,65.875
08-11-2026 18:01:30,6946,7607,1412,16384,16.333333333333332,98.0,17772,VDD_IN,30277,8293,8432,17435,17772,3985,4073,1.0,2.0,2.0,1.0,0.0,92.0,64.0,65.968,63.906,62.937,63.187,65.968
08-11-2026 18:01:31,6946,7607,1412,16384,16.5,97.0,17732,VDD_IN,30120,8293,8276,17436,17732,3986,4112,1.0,2.0,2.0,2.0,0.0,92.0,64.031,65.343,63.937,62.812,63.125,65.593
08-11-2026 18:01:32,6950,7607,1412,16384,21.5,97.0,17654,VDD_IN,29964,8292,8159,17436,17654,3986,4151,20.0,3.0,10.0,4.0,0.0,92.0,64.187,65.562,63.968,62.843,63.125,65.562
08-11-2026 18:01:33,6951,7607,1412,16384,16.333333333333332,97.0,17575,VDD_IN,29769,8291,7964,17437,17575,3987,4230,2.0,2.0,1.0,2.0,0.0,91.0,64.437,65.5,63.781,62.906,63.187,65.5
08-11-2026 18:01:34,6951,7607,1412,16384,16.666666666666668,99.0,17536,VDD_IN,29541,8290,7729,17437,17536,3988,4276,1.0,2.0,2.0,2.0,1.0,92.0,64.468,65.031,63.937,62.968,63.281,65.031
08-11-2026 18:01:35,6952,7607,1412,16384,16.666666666666668,99.0,17497,VDD_IN,29853,8290,8276,17437,17497,3988,4080,2.0,2.0,3.0,1.0,0.0,92.0,64.062,65.343,63.937,63.031,63.25,65.343
08-11-2026 18:01:36,6952,7607,1412,16384,17.666666666666668,99.0,17615,VDD_IN,30165,8290,8588,17438,17615,3988,3962,5.0,3.0,1.0,5.0,0.0,92.0,64.0,65.375,64.062,62.812,63.312,65.375
08-11-2026 18:01:37,6950,7607,1412,16384,21.666666666666668,99.0,18125,VDD_IN,31099,8292,8901,17440,18125,3988,4073,8.0,10.0,3.0,17.0,0.0,92.0,64.156,65.625,63.906,62.843,63.25,65.625
08-11-2026 18:01:38,6949,7607,1412,16384,17.333333333333332,96.0,17693,VDD_IN,30392,8294,8744,17441,17693,3988,3955,2.0,0.0,3.0,2.0,0.0,97.0,64.218,65.468,63.937,62.812,63.187,65.468
08-11-2026 18:01:39,6949,7607,1412,16384,17.666666666666668,97.0,17850,VDD_IN,30628,8296,8823,17442,17850,3988,3955,3.0,3.0,1.0,3.0,0.0,96.0,64.281,65.593,63.968,62.968,63.25,65.593
08-11-2026 18:01:40,6950,7607,1412,16384,16.833333333333332,98.0,17772,VDD_IN,30432,8297,8705,17443,17772,3988,3955,3.0,3.0,1.0,2.0,0.0,92.0,63.968,65.75,64.031,63.0,63.312,65.75
08-11-2026 18:01:41,6950,7607,1412,16384,17.166666666666668,97.0,17811,VDD_IN,30510,8298,8744,17444,17811,3988,3955,2.0,4.0,3.0,2.0,0.0,92.0,64.031,65.75,63.968,62.812,63.25,65.75
08-11-2026 18:01:42,6952,7607,1412,16384,21.0,98.0,18007,VDD_IN,30927,8300,8886,17446,18007,3988,4034,4.0,2.0,21.0,7.0,0.0,92.0,64.375,65.75,63.875,62.812,63.281,65.75
08-11-2026 18:01:43,6953,7607,1412,16384,16.666666666666668,97.0,17811,VDD_IN,30472,8301,8666,17447,17811,3988,3995,3.0,1.0,2.0,2.0,0.0,92.0,64.312,65.781,64.031,62.937,63.218,65.781
08-11-2026 18:01:44,6953,7607,1412,16384,16.333333333333332,98.0,17732,VDD_IN,30276,8302,8510,17448,17732,3988,4034,0.0,2.0,2.0,2.0,0.0,92.0,64.031,65.812,63.937,62.875,63.25,65.812
08-11-2026 18:01:45,6954,7607,1412,16384,16.5,97.0,17693,VDD_IN,30198,8302,8432,17449,17693,3989,4073,2.0,2.0,2.0,1.0,0.0,92.0,64.062,65.437,64.062,62.812,63.25,65.437
08-11-2026 18:01:46,6954,7607,1412,16384,17.333333333333332,97.0,17732,VDD_IN,30159,8302,8315,17450,17732,3989,4112,2.0,3.0,1.0,6.0,0.0,92.0,64.062,65.468,63.875,62.843,63.156,65.468
08-11-2026 18:01:47,6955,7607,1412,16384,16.833333333333332,97.0,17654,VDD_IN,29964,8302,8159,17450,17654,3989,4151,3.0,2.0,2.0,2.0,0.0,92.0,64.187,65.468,63.843,62.906,63.187,65.468
08-11-2026 18:01:48,6953,7607,1412,16384,22.666666666666668,97.0,17732,VDD_IN,30042,8301,8120,17451,17732,3990,4190,10.0,8.0,19.0,7.0,0.0,92.0,64.343,65.375,63.843,62.937,63.125,65.375
08-11-2026 18:01:49,6953,7607,1412,16384,17.166666666666668,99.0,17575,VDD_IN,29698,8300,7847,17452,17575,3991,4276,3.0,3.0,2.0,3.0,0.0,92.0,64.156,65.531,63.937,62.937,63.25,65.531
08-11-2026 18:01:50,6954,7607,1412,16384,16.333333333333332,99.0,17536,VDD_IN,29775,8299,8081,17452,17536,3991,4158,3.0,0.0,1.0,2.0,0.0,92.0,64.343,65.25,64.0,62.812,63.218,65.25
08-11-2026 18:01:51,6954,7607,1412,16384,17.166666666666668,99.0,17536,VDD_IN,30047,8300,8510,17452,17536,3992,4001,3.0,2.0,3.0,2.0,0.0,93.0,64.218,65.843,63.875,62.812,63.156,65.843
08-11-2026 18:01:52,6955,7607,1412,16384,16.166666666666668,99.0,17693,VDD_IN,30315,8301,8627,17453,17693,3992,3995,0.0,1.0,1.0,2.0,1.0,92.0,64.031,65.781,63.968,62.906,63.25,65.781
08-11-2026 18:01:53,6957,7607,1412,16384,22.0,99.0,18007,VDD_IN,30981,8303,8979,17454,18007,3992,3995,6.0,5.0,7.0,16.0,4.0,94.0,64.218,66.093,63.843,62.937,63.281,66.093
08-11-2026 18:01:54,6958,7607,1412,16384,18.0,97.0,17850,VDD_IN,30667,8305,8862,17456,17850,3991,3955,3.0,2.0,2.0,2.0,0.0,99.0,64.0,65.593,63.937,62.812,63.281,65.593
08-11-2026 18:01:55,6957,7607,1412,16384,17.0,97.0,17811,VDD_IN,30550,8306,8784,17457,17811,3991,3955,3.0,3.0,2.0,2.0,0.0,92.0,64.093,65.562,63.875,62.781,63.187,65.562
08-11-2026 18:01:56,6961,7607,1412,16384,17.833333333333332,97.0,17850,VDD_IN,30628,8308,8823,17458,17850,3991,3955,2.0,7.0,4.0,2.0,0.0,92.0,64.187,65.593,63.906,62.906,63.187,65.593
08-11-2026 18:01:57,6948,7607,1412,16384,16.666666666666668,98.0,17850,VDD_IN,30511,8309,8666,17459,17850,3991,3995,1.0,3.0,3.0,1.0,0.0,92.0,63.968,65.75,63.906,62.937,63.156,65.75
08-11-2026 18:01:58,6955,7607,1412,16384,34.666666666666664,97.0,18604,VDD_IN,32102,8312,9432,17462,18604,3991,4066,23.0,30.0,25.0,20.0,17.0,93.0,65.156,65.5,63.906,62.968,63.406,65.5
08-11-2026 18:01:59,6957,7607,1412,16384,20.833333333333332,97.0,17850,VDD_IN,30511,8313,8588,17464,17850,3992,4073,6.0,8.0,9.0,7.0,3.0,92.0,64.031,65.562,63.968,62.812,63.218,65.562
08-11-2026 18:02:00,6958,7607,1412,16384,16.833333333333332,97.0,17693,VDD_IN,30198,8313,8432,17464,17693,3992,4073,3.0,1.0,3.0,2.0,0.0,92.0,64.093,65.406,63.875,62.843,63.093,65.406
08-11-2026 18:02:01,6959,7607,1412,16384,16.5,97.0,17693,VDD_IN,30120,8313,8315,17465,17693,3992,4112,3.0,2.0,2.0,1.0,0.0,91.0,64.187,65.468,63.937,62.937,63.218,65.468
08-11-2026 18:02:02,6959,7607,1412,16384,16.666666666666668,97.0,17654,VDD_IN,29886,8312,8081,17466,17654,3993,4151,3.0,2.0,2.0,1.0,0.0,92.0,64.062,65.406,63.906,62.937,63.156,65.406
08-11-2026 18:02:03,6960,7607,1412,16384,16.166666666666668,97.0,17654,VDD_IN,29887,8312,8003,17466,17654,3993,4230,2.0,0.0,2.0,1.0,0.0,92.0,64.093,65.625,63.937,62.843,63.156,65.625
08-11-2026 18:02:04,6956,7607,1412,16384,22.166666666666668,99.0,17693,VDD_IN,29809,8310,7847,17467,17693,3994,4269,8.0,9.0,5.0,19.0,0.0,92.0,64.312,65.343,63.812,62.812,63.218,65.343
08-11-2026 18:02:05,6957,7607,1412,16384,16.333333333333332,99.0,17536,VDD_IN,29775,8310,8081,17467,17536,3995,4158,1.0,2.0,1.0,2.0,0.0,92.0,64.531,65.125,63.875,62.906,63.187,65.125
08-11-2026 18:02:06,6957,7607,1412,16384,16.5,99.0,17575,VDD_IN,30086,8310,8549,17467,17575,3995,3962,2.0,2.0,1.0,2.0,0.0,92.0,64.156,65.687,63.875,62.843,63.218,65.687
08-11-2026 18:02:07,6958,7607,1412,16384,17.0,99.0,17811,VDD_IN,30472,8311,8627,17468,17811,3995,4034,2.0,5.0,2.0,0.0,0.0,93.0,63.875,65.531,63.875,63.0,63.218,65.531
08-11-2026 18:02:08,6958,7607,1412,16384,17.333333333333332,99.0,17772,VDD_IN,30471,8312,8744,17469,17772,3995,3955,1.0,1.0,4.0,2.0,1.0,95.0,63.937,65.5,63.968,62.75,63.25,65.5
08-11-2026 18:02:09,6964,7607,1412,16384,22.0,97.0,18007,VDD_IN,30902,8314,8940,17471,18007,3995,3955,3.0,18.0,10.0,3.0,1.0,97.0,64.062,65.531,63.812,62.875,63.187,65.531
08-11-2026 18:02:10,6964,7607,1412,16384,16.666666666666668,97.0,17811,VDD_IN,30510,8315,8744,17472,17811,3994,3955,4.0,1.0,2.0,1.0,0.0,92.0,64.25,65.562,63.812,62.843,63.187,65.562
08-11-2026 18:02:11,6965,7607,1412,16384,16.833333333333332,98.0,17889,VDD_IN,30668,8317,8784,17473,17889,3994,3995,3.0,2.0,2.0,2.0,0.0,92.0,64.093,65.531,63.875,62.906,63.281,65.812
08-11-2026 18:02:12,6965,7607,1412,16384,16.333333333333332,97.0,17811,VDD_IN,30472,8318,8666,17474,17811,3994,3995,2.0,1.0,1.0,1.0,0.0,93.0,64.0,65.75,63.875,62.968,63.218,65.75
08-11-2026 18:02:13,6966,7607,1412,16384,16.166666666666668,97.0,17811,VDD_IN,30472,8319,8666,17475,17811,3994,3995,2.0,1.0,2.0,0.0,0.0,92.0,64.031,65.781,64.031,62.812,63.156,65.781
08-11-2026 18:02:14,6961,7607,1412,16384,22.5,98.0,18046,VDD_IN,30903,8320,8784,17476,18046,3995,4073,6.0,19.0,11.0,5.0,1.0,93.0,64.281,65.843,63.843,62.843,63.187,65.843
08-11-2026 18:02:15,6964,7607,1412,16384,16.5,97.0,17732,VDD_IN,30237,8320,8432,17477,17732,3995,4073,1.0,2.0,3.0,2.0,0.0,91.0,64.375,65.687,63.843,62.875,63.125,65.687
08-11-2026 18:02:16,6965,7607,1412,16384,16.5,97.0,17772,VDD_IN,30277,8321,8393,17478,17772,3995,4112,1.0,2.0,3.0,1.0,0.0,92.0,64.031,65.531,64.031,63.0,63.187,65.531
08-11-2026 18:02:17,6965,7607,1412,16384,16.333333333333332,97.0,17732,VDD_IN,30081,8320,8198,17479,17732,3996,4151,2.0,0.0,2.0,2.0,0.0,92.0,64.125,65.5,64.031,62.812,63.125,65.5
08-11-2026 18:02:18,6966,7607,1412,16384,17.166666666666668,98.0,17732,VDD_IN,30081,8320,8159,17479,17732,3996,4190,6.0,2.0,2.0,1.0,0.0,92.0,64.218,65.812,63.781,62.843,63.187,65.812
08-11-2026 18:02:19,6967,7607,1412,16384,17.0,97.0,17693,VDD_IN,29848,8319,7886,17480,17693,3997,4269,2.0,3.0,2.0,3.0,0.0,92.0,64.062,65.75,63.875,62.906,63.187,65.75
08-11-2026 18:02:20,6969,7607,1412,16384,21.5,99.0,17654,VDD_IN,29809,8318,7925,17480,17654,3998,4230,8.0,4.0,18.0,6.0,1.0,92.0,64.375,65.25,63.843,62.781,63.343,65.25
08-11-2026 18:02:21,6970,7607,1412,16384,17.0,99.0,17575,VDD_IN,30008,8318,8393,17481,17575,3998,4040,2.0,3.0,3.0,2.0,0.0,92.0,64.25,65.437,64.031,62.812,63.187,65.437
08-11-2026 18:02:22,6970,7607,1412,16384,17.0,99.0,17693,VDD_IN,30237,8318,8549,17481,17693,3998,3995,2.0,3.0,3.0,1.0,0.0,93.0,64.093,65.562,63.906,62.906,63.156,65.562
08-11-2026 18:02:23,6972,7607,1412,16384,16.333333333333332,99.0,18085,VDD_IN,31005,8320,8847,17483,18085,3998,4073,2.0,1.0,1.0,2.0,0.0,92.0,64.312,65.75,64.0,62.906,63.156,65.75
08-11-2026 18:02:24,6972,7607,1412,16384,17.333333333333332,97.0,17811,VDD_IN,30589,8321,8862,17484,17811,3998,3916,1.0,2.0,0.0,2.0,1.0,98.0,64.031,65.625,64.0,62.875,63.218,65.625
08-11-2026 18:02:25,6961,7607,1416,16384,24.166666666666668,0.0,12043,VDD_IN,19985,8312,4778,17469,12043,3995,3164,10.0,11.0,11.0,36.0,16.0,61.0,63.625,63.625,63.875,62.812,62.812,63.875
08-11-2026 18:02:26,7085,7607,1427,16384,73.5,0.0,8319,VDD_IN,12971,8296,2782,17444,8319,3990,1870,68.0,67.0,69.0,83.0,84.0,70.0,63.812,62.75,63.406,62.593,62.25,63.812
08-11-2026 18:02:27,7088,7607,1427,16384,22.5,97.0,16491,VDD_IN,28017,8296,8029,17441,16491,3988,3497,84.0,6.0,13.0,7.0,20.0,5.0,63.843,64.812,63.375,62.625,62.687,64.812
08-11-2026 18:02:28,7088,7607,1427,16384,16.666666666666668,97.0,17693,VDD_IN,30282,8297,8666,17442,17693,3988,3923,2.0,2.0,2.0,2.0,92.0,0.0,63.781,65.0,63.531,62.718,62.75,65.0
08-11-2026 18:02:29,7089,7607,1427,16384,17.833333333333332,97.0,17811,VDD_IN,30511,8298,8705,17443,17811,3988,3995,3.0,3.0,3.0,6.0,92.0,0.0,63.656,65.281,63.625,62.562,62.906,65.281
08-11-2026 18:02:30,7094,7607,1427,16384,21.666666666666668,97.0,18046,VDD_IN,30864,8299,8823,17444,18046,3988,3995,7.0,6.0,4.0,21.0,92.0,0.0,63.75,65.312,63.781,62.593,62.937,65.312
08-11-2026 18:02:31,7095,7607,1427,16384,16.5,98.0,17850,VDD_IN,30472,8300,8588,17446,17850,3988,4034,2.0,1.0,2.0,2.0,92.0,0.0,63.812,65.343,63.593,62.687,62.875,65.343
08-11-2026 18:02:32,7095,7607,1427,16384,16.833333333333332,96.0,17772,VDD_IN,30277,8300,8432,17446,17772,3988,4073,4.0,2.0,1.0,2.0,92.0,0.0,64.0,65.281,63.687,62.718,62.875,65.281
08-11-2026 18:02:33,7095,7607,1427,16384,16.5,97.0,17772,VDD_IN,30277,8301,8393,17447,17772,3989,4112,3.0,2.0,2.0,0.0,92.0,0.0,63.843,65.406,63.687,62.718,62.875,65.406
08-11-2026 18:02:34,7095,7607,1427,16384,16.166666666666668,99.0,17732,VDD_IN,30081,8300,8198,17448,17732,3989,4151,1.0,1.0,3.0,0.0,92.0,0.0,63.687,65.125,63.718,62.812,62.906,65.125
08-11-2026 18:02:35,7095,7607,1427,16384,17.166666666666668,97.0,17732,VDD_IN,30042,8300,8120,17449,17732,3990,4190,4.0,3.0,1.0,2.0,93.0,0.0,63.718,65.156,63.562,62.656,62.875,65.156
08-11-2026 18:02:36,7098,7607,1427,16384,21.166666666666668,98.0,17693,VDD_IN,29887,8299,7925,17450,17693,3990,4269,17.0,5.0,6.0,7.0,92.0,0.0,63.906,65.093,63.687,62.718,62.968,65.093
08-11-2026 18:02:37,7098,7607,1427,16384,16.833333333333332,99.0,17615,VDD_IN,29815,8298,8003,17450,17615,3991,4197,4.0,3.0,1.0,1.0,92.0,0.0,64.218,64.75,63.593,62.75,62.906,64.75
08-11-2026 18:02:38,7098,7607,1427,16384,16.666666666666668,99.0,17654,VDD_IN,30159,8299,8510,17451,17654,3991,3995,2.0,3.0,1.0,2.0,92.0,0.0,63.718,65.187,63.656,62.718,62.968,65.187
08-11-2026 18:02:39,7098,7607,1427,16384,17.0,99.0,17693,VDD_IN,30276,8299,8588,17451,17693,3991,3995,4.0,2.0,1.0,3.0,92.0,0.0,63.75,65.531,63.75,62.593,63.031,65.531
08-11-2026 18:02:40,7098,7607,1427,16384,17.0,99.0,18046,VDD_IN,31020,8301,8979,17453,18046,3991,3995,2.0,1.0,4.0,2.0,93.0,0.0,63.687,65.781,63.562,62.593,62.968,65.781
08-11-2026 18:02:41,7100,7607,1427,16384,22.833333333333332,97.0,17968,VDD_IN,30863,8303,8940,17454,17968,3991,3955,19.0,8.0,6.0,5.0,99.0,0.0,63.812,65.531,63.656,62.625,63.031,65.531
08-11-2026 18:02:42,7100,7607,1427,16384,16.666666666666668,97.0,17850,VDD_IN,30628,8304,8823,17455,17850,3991,3955,2.0,1.0,2.0,2.0,93.0,0.0,64.031,65.562,63.656,62.718,62.906,65.562
08-11-2026 18:02:43,7100,7607,1427,16384,16.833333333333332,97.0,17850,VDD_IN,30628,8306,8823,17456,17850,3991,3955,3.0,2.0,1.0,3.0,92.0,0.0,63.656,65.625,63.687,62.812,62.968,65.625
08-11-2026 18:02:44,7100,7607,1427,16384,16.5,97.0,17850,VDD_IN,30589,8307,8744,17457,17850,3991,3995,2.0,2.0,1.0,2.0,92.0,0.0,63.781,65.312,63.687,62.562,62.968,65.312
08-11-2026 18:02:45,7100,7607,1427,16384,16.166666666666668,97.0,17772,VDD_IN,30394,8308,8627,17458,17772,3991,3995,1.0,1.0,2.0,2.0,91.0,0.0,63.906,65.187,63.531,62.656,62.937,65.187
08-11-2026 18:02:46,7101,7607,1427,16384,21.5,97.0,18007,VDD_IN,30825,8309,8784,17459,18007,3991,4034,5.0,6.0,19.0,6.0,93.0,0.0,63.843,65.375,63.656,62.718,62.906,65.375
08-11-2026 18:02:47,7102,7607,1427,16384,17.0,99.0,17811,VDD_IN,30394,8309,8510,17460,17811,3991,4073,3.0,1.0,4.0,1.0,92.0,1.0,63.968,65.281,63.625,62.781,62.937,65.281
08-11-2026 18:02:48,7102,7607,1427,16384,16.333333333333332,97.0,17811,VDD_IN,30316,8310,8393,17461,17811,3991,4112,2.0,1.0,1.0,2.0,92.0,0.0,63.625,65.281,63.718,62.781,62.937,65.281
08-11-2026 18:02:49,7102,7607,1427,16384,16.833333333333332,98.0,17732,VDD_IN,30120,8309,8237,17462,17732,3992,4151,4.0,2.0,2.0,1.0,92.0,0.0,63.781,65.593,63.718,62.531,63.0,65.593
08-11-2026 18:02:50,7102,7607,1427,16384,16.666666666666668,97.0,17772,VDD_IN,30121,8309,8159,17463,17772,3992,4190,1.0,3.0,2.0,1.0,92.0,1.0,64.031,65.187,63.562,62.656,62.937,65.187
08-11-2026 18:02:51,7102,7607,1427,16384,20.166666666666668,97.0,17811,VDD_IN,30161,8308,8081,17464,17811,3993,4269,9.0,6.0,5.0,9.0,92.0,0.0,64.0,65.156,63.656,62.656,63.031,65.156
08-11-2026 18:02:52,7103,7607,1427,16384,18.666666666666668,99.0,17615,VDD_IN,29770,8307,7925,17464,17615,3994,4230,1.0,3.0,6.0,10.0,92.0,0.0,64.343,64.562,63.75,62.781,63.062,64.562
08-11-2026 18:02:53,7103,7607,1427,16384,17.166666666666668,99.0,17536,VDD_IN,30008,8308,8432,17464,17536,3994,4040,5.0,1.0,3.0,1.0,93.0,0.0,63.781,65.281,63.718,62.593,63.062,65.281
08-11-2026 18:02:54,7103,7607,1427,16384,16.666666666666668,99.0,17615,VDD_IN,30159,8308,8549,17465,17615,3994,3995,2.0,2.0,2.0,2.0,92.0,0.0,63.812,65.343,63.593,62.593,62.968,65.343
08-11-2026 18:02:55,7092,7607,1427,16384,24.333333333333332,99.0,18203,VDD_IN,31240,8310,9003,17466,18203,3994,4034,8.0,24.0,2.0,18.0,93.0,1.0,64.0,65.625,63.656,62.687,62.937,65.625
08-11-2026 18:02:56,7091,7607,1427,16384,19.0,97.0,17968,VDD_IN,30863,8312,8940,17468,17968,3994,3955,3.0,4.0,4.0,4.0,99.0,0.0,63.812,65.593,63.625,62.781,62.968,65.593
08-11-2026 18:02:57,7093,7607,1427,16384,22.666666666666668,97.0,18007,VDD_IN,30863,8313,8901,17469,18007,3994,3955,8.0,21.0,5.0,9.0,93.0,0.0,64.031,65.531,63.812,62.812,62.968,65.531
08-11-2026 18:02:58,7091,7607,1427,16384,17.166666666666668,97.0,17889,VDD_IN,30667,8314,8823,17470,17889,3994,3955,3.0,2.0,3.0,3.0,92.0,0.0,63.687,65.25,63.781,62.625,62.937,65.25
08-11-2026 18:02:59,7089,7607,1427,16384,16.833333333333332,97.0,17889,VDD_IN,30628,8316,8744,17471,17889,3994,3995,5.0,1.0,2.0,2.0,91.0,0.0,63.812,65.281,63.656,62.812,63.0,65.281
08-11-2026 18:03:00,7089,7607,1427,16384,17.0,97.0,17772,VDD_IN,30394,8316,8588,17472,17772,3994,4034,5.0,0.0,3.0,2.0,92.0,0.0,64.031,65.218,63.562,62.75,62.937,65.218
08-11-2026 18:03:01,7091,7607,1427,16384,16.666666666666668,97.0,17850,VDD_IN,30472,8317,8588,17473,17850,3994,4034,2.0,2.0,2.0,2.0,92.0,0.0,63.656,65.343,63.687,62.718,63.062,65.343
08-11-2026 18:03:02,7097,7607,1427,16384,22.166666666666668,99.0,17929,VDD_IN,30590,8318,8588,17474,17929,3994,4073,9.0,19.0,4.0,9.0,92.0,0.0,63.75,65.531,63.718,62.656,63.062,65.531
08-11-2026 18:03:03,7097,7607,1427,16384,16.166666666666668,97.0,17772,VDD_IN,30316,8318,8432,17475,17772,3994,4112,2.0,1.0,1.0,1.0,92.0,0.0,63.875,65.531,63.625,62.718,62.968,65.531
08-11-2026 18:03:04,7097,7607,1427,16384,16.833333333333332,98.0,17732,VDD_IN,30120,8318,8237,17475,17732,3995,4151,4.0,1.0,2.0,2.0,50.0,42.0,64.125,65.5,63.843,62.718,63.0,65.5
08-11-2026 18:03:05,7097,7607,1427,16384,16.333333333333332,97.0,17732,VDD_IN,30081,8317,8159,17476,17732,3995,4190,2.0,0.0,1.0,3.0,0.0,92.0,64.0,65.5,63.75,62.812,62.968,65.5
08-11-2026 18:03:06,7097,7607,1427,16384,16.666666666666668,97.0,17693,VDD_IN,29848,8316,7925,17477,17693,3996,4230,2.0,2.0,2.0,1.0,0.0,93.0,63.937,65.218,63.718,62.843,63.062,65.218
08-11-2026 18:03:07,7098,7607,1427,16384,21.0,99.0,17772,VDD_IN,30122,8316,8120,17477,17772,3996,4230,5.0,5.0,17.0,7.0,0.0,92.0,64.187,64.812,63.875,62.687,63.062,64.812
08-11-2026 18:03:08,7098,7607,1427,16384,17.166666666666668,99.0,17615,VDD_IN,30120,8316,8471,17478,17615,3996,4034,5.0,2.0,1.0,3.0,0.0,92.0,64.0,65.281,63.625,62.75,63.062,65.281
08-11-2026 18:03:09,7098,7607,1427,16384,16.666666666666668,99.0,17693,VDD_IN,30276,8317,8549,17478,17693,3997,4034,2.0,1.0,3.0,2.0,0.0,92.0,64.218,65.312,63.656,62.812,63.0,65.312
08-11-2026 18:03:10,7098,7607,1427,16384,16.833333333333332,99.0,18085,VDD_IN,31005,8318,8847,17480,18085,3997,4073,3.0,2.0,1.0,2.0,0.0,93.0,63.875,65.687,63.656,62.812,63.062,65.687
08-11-2026 18:03:11,7098,7607,1427,16384,17.666666666666668,97.0,17889,VDD_IN,30745,8320,8901,17481,17889,3997,3955,3.0,2.0,0.0,2.0,0.0,99.0,63.875,65.781,63.781,62.625,63.031,65.781
08-11-2026 18:03:12,7098,7607,1427,16384,16.833333333333332,97.0,17850,VDD_IN,30589,8321,8784,17482,17850,3997,3955,2.0,1.0,3.0,2.0,0.0,93.0,63.843,65.75,63.687,62.718,62.968,65.75
08-11-2026 18:03:13,7102,7607,1427,16384,21.833333333333332,97.0,17889,VDD_IN,30667,8322,8823,17483,17889,3996,3955,8.0,7.0,17.0,7.0,0.0,92.0,63.968,65.75,63.656,62.781,63.031,65.75
08-11-2026 18:03:14,7102,7607,1427,16384,16.333333333333332,97.0,17850,VDD_IN,30589,8323,8744,17484,17850,3996,3995,1.0,1.0,1.0,2.0,0.0,93.0,64.156,65.312,63.718,62.75,63.062,65.312
08-11-2026 18:03:15,7102,7607,1427,16384,16.833333333333332,97.0,17772,VDD_IN,30394,8324,8588,17484,17772,3996,4034,2.0,2.0,2.0,3.0,0.0,92.0,63.875,65.437,63.75,62.625,63.031,65.437
08-11-2026 18:03:16,7102,7607,1427,16384,16.5,97.0,17850,VDD_IN,30472,8324,8588,17485,17850,3997,4034,1.0,3.0,3.0,0.0,0.0,92.0,63.968,65.437,63.843,62.656,62.968,65.437
08-11-2026 18:03:17,7102,7607,1427,16384,16.333333333333332,98.0,17772,VDD_IN,30355,8325,8510,17486,17772,3997,4073,3.0,0.0,1.0,2.0,0.0,92.0,64.093,65.406,63.75,62.718,63.0,65.406
08-11-2026 18:03:18,7100,7607,1427,16384,21.5,97.0,17929,VDD_IN,30551,8325,8510,17487,17929,3997,4112,7.0,6.0,21.0,3.0,0.0,92.0,63.875,65.281,63.781,62.781,63.031,65.281
08-11-2026 18:03:19,7101,7607,1427,16384,17.5,97.0,17732,VDD_IN,30120,8325,8237,17487,17732,3997,4151,5.0,4.0,1.0,3.0,0.0,92.0,64.093,65.312,63.718,62.781,63.093,65.312
08-11-2026 18:03:20,7103,7607,1427,16384,17.166666666666668,97.0,17772,VDD_IN,30121,8324,8159,17488,17772,3998,4190,2.0,1.0,4.0,4.0,0.0,92.0,63.937,65.281,63.812,62.656,63.062,65.281
08-11-2026 18:03:21,7103,7607,1427,16384,16.666666666666668,97.0,17693,VDD_IN,29926,8324,7964,17489,17693,3999,4269,3.0,3.0,1.0,1.0,0.0,92.0,64.093,65.218,63.75,62.687,63.0,65.218
08-11-2026 18:03:22,7103,7607,1427,16384,16.833333333333332,99.0,17575,VDD_IN,29776,8323,7964,17489,17575,3999,4237,2.0,2.0,2.0,2.0,0.0,93.0,64.406,64.843,63.812,62.781,63.125,64.843
08-11-2026 18:03:23,7100,7607,1427,16384,21.833333333333332,99.0,17811,VDD_IN,30472,8323,8627,17490,17811,3999,4034,6.0,21.0,8.0,4.0,0.0,92.0,64.031,65.187,63.781,62.687,63.093,65.187
08-11-2026 18:03:24,7101,7607,1427,16384,17.333333333333332,99.0,17732,VDD_IN,30399,8324,8627,17490,17732,3999,4040,1.0,5.0,4.0,2.0,0.0,92.0,63.937,65.312,63.718,62.687,63.062,65.312
08-11-2026 18:03:25,7100,7607,1427,16384,17.0,99.0,18164,VDD_IN,31138,8326,8901,17492,18164,3999,4073,3.0,1.0,3.0,3.0,0.0,92.0,64.093,65.468,63.75,62.75,63.156,65.468
08-11-2026 18:03:26,7100,7607,1427,16384,18.0,98.0,17929,VDD_IN,30707,8327,8862,17493,17929,3999,3916,3.0,1.0,4.0,1.0,0.0,99.0,64.218,65.468,63.781,62.843,63.062,65.468
08-11-2026 18:03:27,7100,7607,1427,16384,17.0,97.0,17811,VDD_IN,30550,8328,8784,17494,17811,3999,3955,4.0,1.0,1.0,3.0,0.0,93.0,63.968,65.406,63.812,62.75,63.093,65.406
08-11-2026 18:03:28,7101,7607,1427,16384,17.166666666666668,97.0,17772,VDD_IN,30471,8329,8744,17494,17772,3999,3955,2.0,2.0,4.0,3.0,0.0,92.0,64.093,65.343,63.812,62.718,62.968,65.343
08-11-2026 18:03:29,7104,7607,1427,16384,21.0,97.0,17772,VDD_IN,30393,8330,8666,17495,17772,3999,3955,3.0,2.0,11.0,17.0,1.0,92.0,64.062,65.25,63.718,62.812,62.968,65.25
08-11-2026 18:03:30,7104,7607,1427,16384,16.666666666666668,99.0,17654,VDD_IN,30159,8330,8510,17495,17654,3999,3995,3.0,2.0,2.0,1.0,0.0,92.0,64.125,65.156,63.718,62.812,63.093,65.156
08-11-2026 18:03:31,7104,7607,1427,16384,16.666666666666668,98.0,17654,VDD_IN,30165,8331,8510,17496,17654,3999,4001,2.0,3.0,2.0,0.0,0.0,93.0,64.218,65.218,63.781,62.875,63.125,65.218
08-11-2026 18:03:32,7104,7607,1427,16384,17.166666666666668,98.0,17575,VDD_IN,30008,8331,8393,17496,17575,3999,4040,3.0,3.0,2.0,3.0,0.0,92.0,64.031,65.281,63.875,62.75,63.093,65.281
08-11-2026 18:03:33,7105,7607,1427,16384,16.666666666666668,97.0,17654,VDD_IN,30088,8331,8354,17496,17654,3999,4080,2.0,1.0,3.0,2.0,0.0,92.0,63.968,65.281,63.875,62.75,63.031,65.281
08-11-2026 18:03:34,7106,7607,1427,16384,21.666666666666668,97.0,17693,VDD_IN,30003,8330,8198,17497,17693,3999,4112,7.0,5.0,6.0,19.0,1.0,92.0,64.187,65.281,63.843,62.75,63.093,65.281
08-11-2026 18:03:35,7106,7607,1427,16384,17.0,98.0,17615,VDD_IN,29854,8330,8081,17497,17615,4000,4158,2.0,5.0,2.0,1.0,0.0,92.0,63.968,65.562,63.75,62.843,63.093,65.562
08-11-2026 18:03:36,7106,7607,1427,16384,16.666666666666668,97.0,17526,VDD_IN,29610,8329,7847,17497,17526,4000,4237,2.0,2.0,3.0,1.0,0.0,92.0,64.375,65.468,63.75,62.843,63.125,65.468
08-11-2026 18:03:37,7106,7607,1427,16384,16.5,99.0,17526,VDD_IN,29648,8328,7925,17497,17526,4001,4197,2.0,2.0,2.0,1.0,0.0,92.0,64.218,65.187,63.812,62.781,63.125,65.187
08-11-2026 18:03:38,7106,7607,1427,16384,16.833333333333332,99.0,17447,VDD_IN,29802,8328,8354,17497,17447,4001,4001,2.0,1.0,3.0,2.0,0.0,93.0,64.093,65.656,63.718,62.718,63.062,65.656
08-11-2026 18:03:40,7107,7607,1427,16384,21.5,99.0,17732,VDD_IN,30315,8328,8588,17497,17732,4001,3995,5.0,7.0,7.0,19.0,0.0,91.0,64.156,65.718,63.75,62.781,63.156,65.718
08-11-2026 18:03:41,7107,7607,1427,16384,16.666666666666668,99.0,17968,VDD_IN,30786,8329,8784,17498,17968,4001,4034,3.0,2.0,2.0,1.0,0.0,92.0,63.906,65.625,63.75,62.812,63.062,65.625
08-11-2026 18:03:42,7107,7607,1427,16384,17.833333333333332,97.0,17772,VDD_IN,30472,8331,8784,17499,17772,4001,3916,2.0,3.0,2.0,1.0,0.0,99.0,64.0,65.5,63.781,62.75,63.062,65.5
08-11-2026 18:03:43,7107,7607,1427,16384,16.166666666666668,97.0,17772,VDD_IN,30471,8331,8744,17500,17772,4001,3955,1.0,1.0,1.0,2.0,0.0,92.0,63.906,65.468,63.875,62.687,63.093,65.468
08-11-2026 18:03:44,7107,7607,1427,16384,16.666666666666668,97.0,17732,VDD_IN,30392,8332,8705,17500,17732,4000,3955,1.0,1.0,3.0,3.0,0.0,92.0,63.968,65.531,63.843,62.812,63.093,65.531
08-11-2026 18:03:45,7107,7607,1427,16384,19.0,97.0,17811,VDD_IN,30511,8333,8705,17501,17811,4000,3995,7.0,3.0,3.0,9.0,0.0,92.0,64.343,65.531,63.843,62.812,63.093,65.531
08-11-2026 18:03:46,7108,7607,1427,16384,19.166666666666668,97.0,17693,VDD_IN,30237,8334,8549,17501,17693,4000,3995,3.0,4.0,5.0,10.0,0.0,93.0,63.875,65.5,63.875,62.843,63.093,65.5
08-11-2026 18:03:47,7108,7607,1427,16384,17.333333333333332,98.0,17693,VDD_IN,30237,8334,8510,17502,17693,4001,4034,3.0,2.0,3.0,4.0,0.0,92.0,64.062,65.312,63.906,62.718,63.093,65.312
08-11-2026 18:03:48,7108,7607,1427,16384,16.833333333333332,97.0,17643,VDD_IN,30037,8334,8354,17502,17643,4001,4040,3.0,2.0,2.0,2.0,0.0,92.0,64.0,65.281,63.968,62.812,63.062,65.281
08-11-2026 18:03:49,7108,7607,1427,16384,16.5,97.0,17693,VDD_IN,30081,8334,8315,17503,17693,4001,4073,2.0,2.0,1.0,2.0,0.0,92.0,64.093,65.343,63.75,62.812,63.125,65.343
08-11-2026 18:03:50,7107,7607,1427,16384,16.666666666666668,99.0,17615,VDD_IN,29893,8334,8120,17503,17615,4001,4158,1.0,3.0,2.0,2.0,0.0,92.0,64.25,65.281,63.781,62.875,63.125,65.281
08-11-2026 18:03:51,7107,7607,1427,16384,21.333333333333332,97.0,17693,VDD_IN,30003,8333,8120,17503,17693,4002,4190,10.0,2.0,18.0,6.0,0.0,92.0,64.031,65.343,63.781,62.875,63.156,65.343
08-11-2026 18:03:52,7107,7607,1427,16384,16.666666666666668,98.0,17575,VDD_IN,29620,8332,7808,17503,17575,4002,4237,2.0,1.0,2.0,3.0,0.0,92.0,64.156,65.187,63.906,62.812,63.093,65.187
08-11-2026 18:03:53,7107,7607,1427,16384,16.5,99.0,17486,VDD_IN,29647,8331,8003,17503,17486,4002,4158,2.0,1.0,2.0,1.0,0.0,93.0,64.187,65.125,64.0,62.812,63.062,65.125
08-11-2026 18:03:54,7107,7607,1427,16384,16.833333333333332,99.0,17447,VDD_IN,29841,8331,8432,17503,17447,4002,3962,3.0,3.0,2.0,2.0,0.0,91.0,64.031,65.687,63.781,62.812,63.125,65.687
08-11-2026 18:03:55,7107,7607,1427,16384,16.5,99.0,17575,VDD_IN,30125,8332,8549,17503,17575,4002,4001,3.0,1.0,1.0,2.0,0.0,92.0,64.062,65.625,63.843,62.812,63.187,65.625
08-11-2026 18:03:56,7106,7607,1427,16384,21.666666666666668,99.0,18007,VDD_IN,30863,8333,8901,17505,18007,4002,3955,11.0,4.0,3.0,18.0,0.0,94.0,63.812,65.875,63.812,62.906,63.218,65.875
08-11-2026 18:03:57,7106,7607,1427,16384,17.333333333333332,97.0,17811,VDD_IN,30550,8334,8823,17505,17811,4002,3916,1.0,2.0,1.0,2.0,0.0,98.0,63.968,65.75,63.906,62.812,63.187,65.75
08-11-2026 18:03:58,7107,7607,1427,16384,17.333333333333332,97.0,17772,VDD_IN,30471,8335,8744,17506,17772,4002,3955,4.0,2.0,1.0,5.0,0.0,92.0,64.062,65.531,63.937,62.875,63.156,65.531
08-11-2026 18:03:59,7104,7607,1427,16384,16.5,97.0,17811,VDD_IN,30510,8336,8744,17506,17811,4002,3955,4.0,1.0,1.0,1.0,0.0,92.0,64.031,65.5,63.687,62.812,63.062,65.5
08-11-2026 18:04:00,7104,7607,1427,16384,16.666666666666668,97.0,17732,VDD_IN,30315,8337,8588,17507,17732,4002,3995,2.0,2.0,2.0,1.0,1.0,92.0,64.187,65.562,63.75,62.906,63.156,65.562
08-11-2026 18:04:01,7106,7607,1427,16384,20.0,97.0,17968,VDD_IN,30786,8338,8823,17508,17968,4002,3995,5.0,6.0,13.0,4.0,1.0,91.0,64.062,65.5,63.812,62.906,63.25,65.5
08-11-2026 18:04:02,7106,7607,1427,16384,17.666666666666668,98.0,17772,VDD_IN,30355,8338,8549,17509,17772,4002,4034,4.0,2.0,2.0,5.0,0.0,93.0,64.062,65.593,63.875,63.031,63.218,65.593
08-11-2026 18:04:03,7106,7607,1427,16384,16.5,97.0,17654,VDD_IN,30127,8338,8393,17509,17654,4002,4080,1.0,2.0,1.0,3.0,0.0,92.0,64.187,65.562,63.906,62.812,63.156,65.562
08-11-2026 18:04:04,7106,7607,1427,16384,16.166666666666668,97.0,17693,VDD_IN,30120,8338,8315,17509,17693,4002,4112,2.0,2.0,0.0,1.0,0.0,92.0,64.406,65.812,63.875,62.906,63.125,65.812
08-11-2026 18:04:05,7106,7607,1427,16384,16.5,99.0,17654,VDD_IN,29925,8338,8120,17510,17654,4003,4151,3.0,1.0,2.0,1.0,0.0,92.0,64.25,65.812,63.937,62.875,63.156,65.812
08-11-2026 18:04:06,7106,7607,1427,16384,16.5,98.0,17693,VDD_IN,29964,8337,8081,17510,17693,4003,4190,3.0,1.0,2.0,0.0,0.0,93.0,64.0,65.875,63.937,62.812,63.187,65.875
08-11-2026 18:04:07,7102,7607,1427,16384,21.833333333333332,97.0,17693,VDD_IN,29848,8336,7886,17510,17693,4004,4269,6.0,4.0,20.0,8.0,1.0,92.0,64.156,65.25,64.062,62.843,63.25,65.25
08-11-2026 18:04:08,7102,7607,1427,16384,17.0,99.0,17526,VDD_IN,29687,8335,8003,17510,17526,4004,4158,3.0,6.0,1.0,1.0,0.0,91.0,64.406,65.031,63.75,62.843,63.156,65.031
08-11-2026 18:04:09,7102,7607,1427,16384,16.833333333333332,99.0,17565,VDD_IN,30037,8336,8471,17510,17565,4004,4001,2.0,3.0,1.0,3.0,0.0,92.0,64.343,65.593,63.875,62.812,63.218,65.593
08-11-2026 18:04:10,7102,7607,1427,16384,16.833333333333332,99.0,17643,VDD_IN,30148,8336,8510,17511,17643,4004,3995,3.0,3.0,2.0,1.0,0.0,92.0,64.093,65.562,63.875,62.906,63.187,65.562
08-11-2026 18:04:11,7102,7607,1427,16384,16.666666666666668,99.0,17811,VDD_IN,30589,8337,8823,17511,17811,4004,3955,3.0,1.0,2.0,1.0,0.0,93.0,63.875,65.687,63.937,62.812,63.281,65.687
08-11-2026 18:04:12,7099,7607,1427,16384,22.833333333333332,97.0,17929,VDD_IN,30824,8338,8940,17512,17929,4004,3955,7.0,9.0,3.0,19.0,0.0,99.0,63.968,65.718,63.968,62.875,63.093,65.718
08-11-2026 18:04:13,7102,7607,1427,16384,16.833333333333332,97.0,17772,VDD_IN,30471,8339,8744,17513,17772,4004,3955,3.0,2.0,1.0,3.0,0.0,92.0,64.125,65.437,63.906,62.812,63.062,65.437
08-11-2026 18:04:14,7102,7607,1427,16384,16.166666666666668,98.0,17811,VDD_IN,30471,8340,8705,17513,17811,4003,3955,2.0,0.0,0.0,3.0,0.0,92.0,64.312,65.5,63.812,62.875,63.093,65.5
08-11-2026 18:04:15,7102,7607,1427,16384,16.666666666666668,97.0,17772,VDD_IN,30433,8341,8666,17514,17772,4003,3995,2.0,1.0,2.0,2.0,0.0,93.0,64.125,65.437,63.875,62.937,63.156,65.437
08-11-2026 18:04:16,7102,7607,1427,16384,16.333333333333332,97.0,17732,VDD_IN,30315,8341,8588,17515,17732,4003,3995,1.0,2.0,1.0,2.0,0.0,92.0,64.093,65.406,63.937,62.812,63.156,65.406
08-11-2026 18:04:17,7104,7607,1427,16384,22.5,97.0,18046,VDD_IN,30864,8342,8784,17516,18046,4004,4034,12.0,9.0,8.0,11.0,3.0,92.0,64.062,65.531,64.0,62.843,63.156,65.531
08-11-2026 18:04:18,7101,7607,1427,16384,17.166666666666668,97.0,17732,VDD_IN,30237,8342,8432,17516,17732,4004,4073,3.0,3.0,3.0,1.0,0.0,93.0,64.187,65.406,63.875,62.906,63.125,65.687
08-11-2026 18:04:19,7101,7607,1427,16384,17.333333333333332,97.0,17772,VDD_IN,30238,8343,8393,17517,17772,4004,4073,2.0,3.0,6.0,1.0,0.0,92.0,64.281,65.718,63.875,62.906,63.187,65.718
08-11-2026 18:04:20,7102,7607,1427,16384,17.166666666666668,99.0,17654,VDD_IN,30010,8342,8198,17517,17654,4004,4158,4.0,2.0,3.0,2.0,0.0,92.0,64.0,65.656,63.781,62.906,63.125,65.656
08-11-2026 18:04:21,7102,7607,1427,16384,16.833333333333332,97.0,17654,VDD_IN,29971,8342,8120,17517,17654,4005,4197,4.0,2.0,1.0,2.0,0.0,92.0,64.125,65.687,63.906,62.812,63.125,65.687
08-11-2026 18:04:22,7102,7607,1427,16384,16.5,97.0,17575,VDD_IN,29737,8341,7925,17517,17575,4005,4237,1.0,2.0,2.0,2.0,1.0,91.0,64.093,65.625,63.75,62.781,63.156,65.625
08-11-2026 18:04:23,7104,7607,1427,16384,21.333333333333332,99.0,17575,VDD_IN,29775,8340,8003,17517,17575,4005,4197,7.0,4.0,18.0,7.0,0.0,92.0,64.375,65.25,63.843,62.843,63.218,65.25
08-11-2026 18:04:24,7104,7607,1427,16384,16.5,99.0,17526,VDD_IN,29920,8340,8393,17517,17526,4005,4001,2.0,2.0,2.0,1.0,0.0,92.0,64.375,65.406,63.906,62.875,63.093,65.406
08-11-2026 18:04:25,7104,7607,1427,16384,16.833333333333332,99.0,17615,VDD_IN,30126,8341,8510,17518,17615,4005,4001,3.0,2.0,1.0,3.0,0.0,92.0,63.968,65.468,63.875,62.968,63.281,65.468
08-11-2026 18:04:26,7104,7607,1427,16384,16.5,99.0,17968,VDD_IN,30864,8342,8862,17519,17968,4005,4034,1.0,2.0,1.0,2.0,0.0,93.0,64.031,65.656,64.0,62.781,63.187,65.656
08-11-2026 18:04:27,7104,7607,1427,16384,18.0,97.0,17811,VDD_IN,30589,8343,8823,17519,17811,4005,3955,1.0,2.0,2.0,4.0,0.0,99.0,64.062,65.625,63.781,62.812,63.156,65.625
08-11-2026 18:04:28,7104,7607,1427,16384,21.5,97.0,17850,VDD_IN,30628,8344,8823,17520,17850,4005,3955,4.0,7.0,6.0,19.0,0.0,93.0,64.093,65.562,63.875,62.812,63.218,65.562
08-11-2026 18:04:29,7104,7607,1427,16384,16.833333333333332,97.0,17772,VDD_IN,30471,8345,8744,17520,17772,4005,3955,2.0,2.0,2.0,3.0,0.0,92.0,64.218,65.875,63.843,62.875,63.156,65.875
08-11-2026 18:04:30,7105,7607,1427,16384,17.666666666666668,97.0,17811,VDD_IN,30511,8345,8705,17521,17811,4005,3995,4.0,2.0,6.0,2.0,0.0,92.0,63.937,65.937,63.906,63.031,63.25,65.937
08-11-2026 18:04:31,7105,7607,1427,16384,16.666666666666668,97.0,17732,VDD_IN,30276,8346,8549,17521,17732,4005,3995,1.0,2.0,1.0,3.0,0.0,93.0,64.062,65.375,63.968,62.843,63.062,65.375
08-11-2026 18:04:32,7105,7607,1427,16384,16.5,98.0,17811,VDD_IN,30355,8346,8510,17522,17811,4005,4034,3.0,2.0,1.0,1.0,0.0,92.0,64.156,65.406,63.843,62.843,63.156,65.406
08-11-2026 18:04:33,7105,7607,1427,16384,21.0,99.0,17850,VDD_IN,30511,8347,8588,17523,17850,4005,4073,9.0,12.0,10.0,3.0,0.0,92.0,64.0,65.593,63.906,62.906,63.156,65.593
08-11-2026 18:04:34,7105,7607,1427,16384,16.666666666666668,97.0,17732,VDD_IN,30198,8347,8393,17523,17732,4005,4073,2.0,2.0,2.0,2.0,0.0,92.0,64.156,65.656,63.906,63.0,63.187,65.656
08-11-2026 18:04:35,7106,7607,1427,16384,16.833333333333332,97.0,17654,VDD_IN,30003,8346,8237,17523,17654,4006,4112,1.0,2.0,4.0,2.0,0.0,92.0,64.031,65.531,64.0,62.812,63.25,65.531
08-11-2026 18:04:36,7106,7607,1427,16384,16.333333333333332,97.0,17693,VDD_IN,29964,8346,8120,17524,17693,4006,4151,2.0,1.0,1.0,3.0,0.0,91.0,64.125,65.562,63.906,62.812,63.062,65.562
08-11-2026 18:04:37,7106,7607,1427,16384,16.833333333333332,97.0,17615,VDD_IN,29770,8345,7925,17524,17615,4006,4230,3.0,1.0,2.0,3.0,0.0,92.0,64.312,65.312,63.906,62.875,63.25,65.312
08-11-2026 18:04:38,7107,7607,1427,16384,18.5,99.0,17575,VDD_IN,29814,8344,8042,17524,17575,4007,4197,4.0,5.0,2.0,8.0,0.0,92.0,64.218,64.812,63.781,62.875,63.218,64.812
08-11-2026 18:04:39,7111,7607,1427,16384,18.833333333333332,99.0,17575,VDD_IN,30086,8345,8471,17524,17575,4007,4040,1.0,2.0,5.0,12.0,1.0,92.0,64.031,65.343,63.968,63.0,63.25,65.343
08-11-2026 18:04:40,7110,7607,1427,16384,16.833333333333332,99.0,17615,VDD_IN,30165,8345,8549,17524,17615,4007,4001,3.0,1.0,2.0,2.0,1.0,92.0,64.062,65.531,63.968,62.843,63.156,65.531
08-11-2026 18:04:41,7110,7607,1427,16384,17.0,99.0,18007,VDD_IN,30903,8346,8901,17525,18007,4007,3995,2.0,1.0,1.0,5.0,0.0,93.0,64.031,65.906,63.875,62.875,63.218,65.906
08-11-2026 18:04:42,7111,7607,1427,16384,18.0,97.0,17811,VDD_IN,30628,8347,8862,17526,17811,4007,3955,2.0,1.0,3.0,2.0,0.0,100.0,64.156,65.812,63.812,62.906,63.218,65.812
08-11-2026 18:04:43,7111,7607,1427,16384,16.333333333333332,97.0,17811,VDD_IN,30550,8348,8784,17526,17811,4007,3955,3.0,1.0,1.0,1.0,0.0,92.0,64.0,65.718,63.937,62.968,63.125,65.718
08-11-2026 18:04:44,7113,7607,1427,16384,21.5,97.0,17889,VDD_IN,30667,8349,8823,17527,17889,4007,3955,9.0,3.0,4.0,21.0,0.0,92.0,64.031,65.781,63.937,62.812,63.218,65.781
08-11-2026 18:04:45,7113,7607,1427,16384,16.333333333333332,98.0,17811,VDD_IN,30511,8350,8705,17528,17811,4006,3995,2.0,1.0,1.0,2.0,0.0,92.0,64.156,65.75,63.843,62.781,63.25,65.75
08-11-2026 18:04:46,7114,7607,1427,16384,16.833333333333332,97.0,17732,VDD_IN,30315,8350,8588,17528,17732,4006,3995,3.0,2.0,1.0,2.0,0.0,93.0,64.406,65.531,63.781,62.906,63.25,65.531
08-11-2026 18:04:47,7114,7607,1427,16384,16.5,97.0,17811,VDD_IN,30394,8351,8549,17529,17811,4007,4034,1.0,1.0,2.0,3.0,0.0,92.0,64.125,65.625,63.937,62.937,63.125,65.625
08-11-2026 18:04:48,7115,7607,1427,16384,16.666666666666668,99.0,17772,VDD_IN,30277,8351,8432,17529,17772,4007,4073,2.0,4.0,0.0,2.0,0.0,92.0,64.031,65.562,63.937,63.062,63.187,65.562
08-11-2026 18:04:49,7117,7607,1427,16384,21.333333333333332,97.0,17889,VDD_IN,30511,8351,8510,17530,17889,4007,4112,11.0,4.0,7.0,6.0,8.0,92.0,64.062,65.625,63.968,62.843,63.187,65.625
08-11-2026 18:04:50,7117,7607,1427,16384,16.0,98.0,17654,VDD_IN,30003,8351,8198,17530,17654,4007,4151,2.0,0.0,1.0,2.0,0.0,91.0,64.187,65.562,63.781,62.875,63.187,65.562
08-11-2026 18:04:51,7118,7607,1427,16384,16.666666666666668,97.0,17693,VDD_IN,29964,8350,8081,17530,17693,4008,4190,3.0,2.0,2.0,1.0,0.0,92.0,64.437,65.812,63.875,62.906,63.093,65.812
08-11-2026 18:04:52,7118,7607,1427,16384,17.333333333333332,97.0,17654,VDD_IN,29848,8349,7925,17531,17654,4008,4269,2.0,6.0,1.0,3.0,0.0,92.0,64.156,65.781,63.906,63.031,63.312,65.781
08-11-2026 18:04:53,7120,7607,1427,16384,16.166666666666668,99.0,17536,VDD_IN,29698,8349,7925,17531,17536,4008,4237,2.0,0.0,1.0,2.0,0.0,92.0,64.343,65.343,64.062,63.062,63.312,65.343
08-11-2026 18:04:54,7118,7607,1427,16384,21.333333333333332,99.0,17772,VDD_IN,30394,8349,8588,17531,17772,4009,4034,19.0,7.0,4.0,4.0,1.0,93.0,64.218,65.843,64.0,62.906,63.343,65.843
08-11-2026 18:04:55,7119,7607,1427,16384,16.833333333333332,99.0,17693,VDD_IN,30237,8349,8510,17531,17693,4009,4034,4.0,2.0,1.0,2.0,0.0,92.0,64.187,65.843,63.875,62.906,63.281,65.843
08-11-2026 18:04:56,7118,7607,1427,16384,16.833333333333332,99.0,18085,VDD_IN,31005,8350,8847,17533,18085,4009,4073,2.0,2.0,2.0,3.0,0.0,92.0,64.406,65.75,63.968,63.0,63.25,65.75
08-11-2026 18:04:57,7118,7607,1427,16384,18.0,97.0,17850,VDD_IN,30667,8351,8862,17533,17850,4009,3955,4.0,1.0,1.0,2.0,0.0,100.0,64.031,65.687,63.937,63.0,63.312,65.687
08-11-2026 18:04:58,7118,7607,1427,16384,16.833333333333332,97.0,17811,VDD_IN,30550,8352,8784,17534,17811,4008,3955,2.0,2.0,3.0,2.0,0.0,92.0,64.062,65.718,63.968,62.843,63.25,65.718
08-11-2026 18:04:59,7119,7607,1427,16384,16.666666666666668,98.0,17811,VDD_IN,30550,8353,8784,17534,17811,4008,3955,3.0,2.0,1.0,2.0,0.0,92.0,64.062,65.718,63.781,62.875,63.25,65.718
08-11-2026 18:05:00,7119,7607,1427,16384,21.833333333333332,98.0,17850,VDD_IN,30550,8354,8705,17535,17850,4008,3995,7.0,18.0,6.0,6.0,2.0,92.0,64.125,65.5,63.968,62.937,63.218,65.5
08-11-2026 18:05:01,7120,7607,1427,16384,16.666666666666668,97.0,17772,VDD_IN,30355,8354,8588,17535,17772,4008,3995,1.0,4.0,0.0,2.0,0.0,93.0,64.281,65.468,64.0,62.937,63.25,65.468
08-11-2026 18:05:02,7120,7607,1427,16384,17.333333333333332,97.0,17811,VDD_IN,30433,8355,8588,17536,17811,4008,4034,2.0,1.0,2.0,7.0,0.0,92.0,64.031,65.625,64.0,63.031,63.156,65.625
08-11-2026 18:05:03,7121,7607,1427,16384,16.666666666666668,99.0,17732,VDD_IN,30237,8355,8432,17536,17732,4009,4073,1.0,3.0,3.0,1.0,0.0,92.0,64.187,65.437,64.062,62.875,63.187,65.437
08-11-2026 18:05:04,7121,7607,1427,16384,16.166666666666668,97.0,17732,VDD_IN,30198,8355,8354,17537,17732,4009,4112,1.0,1.0,2.0,2.0,0.0,91.0,64.25,65.468,63.875,62.875,63.218,65.468
08-11-2026 18:05:05,7121,7607,1427,16384,21.333333333333332,98.0,17811,VDD_IN,30238,8355,8276,17537,17811,4009,4151,12.0,9.0,10.0,3.0,1.0,93.0,64.281,65.656,63.812,62.968,63.281,65.656
08-11-2026 18:05:06,7118,7607,1427,16384,16.666666666666668,97.0,17732,VDD_IN,30081,8354,8159,17537,17732,4009,4190,2.0,1.0,2.0,3.0,0.0,92.0,64.437,65.718,64.0,62.968,63.25,65.718
08-11-2026 18:05:07,7118,7607,1427,16384,17.166666666666668,97.0,17654,VDD_IN,29848,8353,7925,17538,17654,4010,4269,3.0,4.0,2.0,2.0,0.0,92.0,64.125,65.625,64.0,63.062,63.312,65.625
08-11-2026 18:05:08,7114,7607,1427,16384,16.833333333333332,99.0,17536,VDD_IN,29698,8353,7925,17538,17536,4010,4237,3.0,3.0,2.0,1.0,0.0,92.0,64.468,65.25,64.062,62.875,63.343,65.25
08-11-2026 18:05:09,7114,7607,1427,16384,17.0,99.0,17575,VDD_IN,30086,8353,8471,17538,17575,4010,4040,3.0,3.0,1.0,1.0,1.0,93.0,64.312,65.625,63.875,62.906,63.25,65.625
08-11-2026 18:05:10,7116,7607,1427,16384,21.666666666666668,99.0,17889,VDD_IN,30667,8354,8744,17538,17889,4010,4034,5.0,7.0,8.0,8.0,10.0,92.0,64.125,65.843,63.906,62.937,63.312,65.843
08-11-2026 18:05:11,7115,7607,1427,16384,17.5,99.0,18085,VDD_IN,31005,8355,8886,17539,18085,4010,4034,5.0,2.0,2.0,3.0,0.0,93.0,64.281,65.687,64.0,63.0,63.312,65.687
08-11-2026 18:05:12,7116,7607,1427,16384,18.666666666666668,97.0,17929,VDD_IN,30746,8356,8862,17540,17929,4010,3955,4.0,6.0,1.0,2.0,0.0,99.0,64.031,65.718,64.031,62.906,63.281,65.718
08-11-2026 18:05:13,7116,7607,1427,16384,16.833333333333332,97.0,17850,VDD_IN,30589,8356,8784,17541,17850,4010,3955,1.0,2.0,2.0,3.0,0.0,93.0,64.031,65.687,63.875,62.875,63.187,65.687
08-11-2026 18:05:14,7117,7607,1427,16384,16.333333333333332,97.0,17811,VDD_IN,30510,8357,8744,17541,17811,4010,3955,2.0,2.0,0.0,2.0,0.0,92.0,64.218,65.875,63.968,62.937,63.218,65.875
08-11-2026 18:05:15,7118,7607,1427,16384,17.5,98.0,17889,VDD_IN,30668,8358,8784,17542,17889,4010,3995,3.0,4.0,3.0,3.0,0.0,92.0,64.0,65.968,63.937,63.0,63.187,65.968
08-11-2026 18:05:16,7119,7607,1427,16384,20.333333333333332,97.0,17811,VDD_IN,30511,8358,8666,17542,17811,4010,4034,6.0,4.0,11.0,9.0,0.0,92.0,64.218,65.875,63.968,63.062,63.281,65.875
08-11-2026 18:05:17,7120,7607,1427,16384,17.0,98.0,17172,VDD_IN,29423,8359,8446,17542,17172,4010,3805,3.0,2.0,2.0,2.0,0.0,93.0,64.0,65.843,64.062,62.906,63.187,65.843
08-11-2026 18:05:18,7088,7607,1427,16384,18.0,0.0,9180,VDD_IN,14616,8349,2976,17526,9180,4007,2460,13.0,25.0,5.0,22.0,17.0,26.0,63.437,63.625,63.687,62.812,62.593,63.625
08-11-2026 18:05:19,7154,7607,1427,16384,76.16666666666667,97.0,10515,VDD_IN,16572,8340,3796,17513,10515,4004,2261,71.0,71.0,72.0,99.0,72.0,72.0,63.562,63.968,63.343,62.687,62.437,63.968
08-11-2026 18:05:20,7155,7607,1427,16384,17.5,99.0,17054,VDD_IN,28875,8339,7820,17512,17054,4004,4001,5.0,3.0,2.0,92.0,3.0,0.0,63.687,64.531,63.437,62.656,62.781,64.531
08-11-2026 18:05:21,7159,7607,1427,16384,20.833333333333332,99.0,17615,VDD_IN,30165,8340,8588,17512,17615,4003,3962,7.0,10.0,4.0,93.0,10.0,1.0,64.125,65.218,63.625,62.75,62.968,65.218
08-11-2026 18:05:22,7159,7607,1427,16384,16.666666666666668,99.0,17811,VDD_IN,30472,8340,8666,17513,17811,4003,3995,5.0,1.0,2.0,92.0,0.0,0.0,63.718,65.343,63.812,62.593,63.031,65.343
08-11-2026 18:05:23,7159,7607,1427,16384,16.5,99.0,17772,VDD_IN,30471,8341,8744,17513,17772,4003,3955,2.0,2.0,0.0,95.0,0.0,0.0,63.781,65.375,63.562,62.687,62.968,65.375
08-11-2026 18:05:24,7159,7607,1427,16384,17.0,97.0,17889,VDD_IN,30706,8342,8862,17514,17889,4003,3955,1.0,2.0,2.0,97.0,0.0,0.0,64.156,65.468,63.656,62.718,63.062,65.468
08-11-2026 18:05:25,7159,7607,1427,16384,16.333333333333332,97.0,17811,VDD_IN,30550,8343,8784,17515,17811,4003,3955,2.0,2.0,2.0,92.0,0.0,0.0,63.937,65.468,63.656,62.75,62.968,65.468
08-11-2026 18:05:26,7161,7607,1427,16384,20.5,97.0,18007,VDD_IN,30903,8344,8901,17516,18007,4003,3995,6.0,6.0,15.0,92.0,2.0,2.0,64.218,65.5,63.687,62.812,63.062,65.5
08-11-2026 18:05:27,7161,7607,1427,16384,16.333333333333332,97.0,17811,VDD_IN,30511,8344,8705,17516,17811,4003,3995,2.0,2.0,1.0,92.0,1.0,0.0,63.781,65.5,63.75,62.656,63.031,65.5
08-11-2026 18:05:28,7161,7607,1427,16384,16.333333333333332,97.0,17850,VDD_IN,30511,8345,8666,17517,17850,4003,3995,0.0,2.0,1.0,93.0,1.0,1.0,64.031,65.5,63.593,62.687,62.937,65.5
08-11-2026 18:05:29,7162,7607,1427,16384,16.166666666666668,97.0,17772,VDD_IN,30355,8345,8549,17517,17772,4003,4034,2.0,2.0,1.0,91.0,1.0,0.0,64.125,65.437,63.562,62.687,63.031,65.343
08-11-2026 18:05:30,7162,7607,1427,16384,16.333333333333332,97.0,17732,VDD_IN,30237,8346,8432,17518,17732,4003,4073,4.0,0.0,2.0,92.0,0.0,0.0,64.031,65.25,63.625,62.687,63.0,65.25
08-11-2026 18:05:31,7165,7607,1427,16384,19.666666666666668,97.0,18007,VDD_IN,30668,8346,8549,17518,18007,4004,4112,5.0,4.0,6.0,92.0,8.0,3.0,64.375,65.343,63.781,62.812,63.0,65.343
08-11-2026 18:05:32,7165,7607,1427,16384,17.333333333333332,97.0,17732,VDD_IN,30081,8346,8198,17519,17732,4004,4151,5.0,4.0,2.0,92.0,0.0,1.0,63.906,65.25,63.656,62.781,63.062,65.25
08-11-2026 18:05:33,7165,7607,1427,16384,16.5,97.0,17732,VDD_IN,30003,8345,8081,17519,17732,4004,4190,2.0,2.0,2.0,92.0,1.0,0.0,64.031,65.281,63.687,62.75,63.062,65.281
08-11-2026 18:05:34,7165,7607,1427,16384,15.833333333333334,98.0,17654,VDD_IN,29809,8344,7886,17520,17654,4005,4269,41.0,0.0,1.0,53.0,0.0,0.0,64.031,65.156,63.781,62.718,63.062,65.156
08-11-2026 18:05:35,7166,7607,1427,16384,16.333333333333332,99.0,17604,VDD_IN,29843,8344,8081,17520,17604,4005,4158,93.0,2.0,2.0,1.0,0.0,0.0,63.968,64.875,63.718,62.718,63.125,64.875
08-11-2026 18:05:36,7166,7607,1427,16384,16.166666666666668,99.0,17604,VDD_IN,30108,8344,8549,17520,17604,4005,3955,92.0,2.0,1.0,1.0,1.0,0.0,64.156,65.468,63.718,62.75,63.187,65.468
08-11-2026 18:05:37,7170,7607,1427,16384,20.666666666666668,99.0,17850,VDD_IN,30589,8345,8705,17520,17850,4005,4034,92.0,6.0,5.0,6.0,11.0,4.0,63.718,65.406,63.843,62.875,63.062,65.406
08-11-2026 18:05:38,7170,7607,1427,16384,16.666666666666668,99.0,17772,VDD_IN,30471,8346,8744,17521,17772,4005,3955,95.0,2.0,1.0,1.0,0.0,1.0,63.812,65.406,63.843,62.75,63.125,65.406
08-11-2026 18:05:39,7170,7607,1427,16384,16.833333333333332,97.0,17889,VDD_IN,30706,8347,8862,17522,17889,4005,3955,97.0,2.0,1.0,1.0,0.0,0.0,63.906,65.5,63.843,62.75,63.125,65.781
08-11-2026 18:05:40,7170,7607,1427,16384,16.5,97.0,17850,VDD_IN,30589,8347,8784,17522,17850,4005,3955,20.0,1.0,2.0,2.0,73.0,1.0,63.843,65.656,63.718,62.781,62.968,65.656
08-11-2026 18:05:41,7171,7607,1427,16384,16.666666666666668,97.0,17889,VDD_IN,30668,8348,8784,17523,17889,4005,3995,1.0,3.0,2.0,1.0,92.0,1.0,64.031,65.687,63.687,62.75,63.062,65.687
08-11-2026 18:05:42,7173,7607,1427,16384,21.833333333333332,98.0,17929,VDD_IN,30708,8349,8784,17523,17929,4005,3995,19.0,6.0,3.0,7.0,92.0,4.0,63.75,65.75,63.843,62.781,63.062,65.75
08-11-2026 18:05:43,7173,7607,1427,16384,16.333333333333332,97.0,17889,VDD_IN,30628,8350,8705,17524,17889,4005,4034,4.0,1.0,1.0,1.0,91.0,0.0,63.843,65.343,63.781,62.75,63.062,65.343
08-11-2026 18:05:44,7174,7607,1427,16384,16.666666666666668,97.0,17850,VDD_IN,30433,8350,8549,17525,17850,4005,4034,2.0,2.0,1.0,3.0,92.0,0.0,63.968,65.312,63.906,62.781,63.0,65.312
08-11-2026 18:05:45,7174,7607,1427,16384,16.5,97.0,17732,VDD_IN,30237,8350,8432,17525,17732,4005,4073,2.0,2.0,1.0,2.0,92.0,0.0,63.906,65.281,63.656,62.75,63.031,65.281
08-11-2026 18:05:46,7175,7607,1427,16384,16.666666666666668,97.0,17772,VDD_IN,30238,8350,8354,17526,17772,4005,4112,2.0,3.0,2.0,1.0,92.0,0.0,64.062,65.375,63.875,62.906,63.031,65.375
08-11-2026 18:05:47,7175,7607,1427,16384,21.0,97.0,17889,VDD_IN,30433,8350,8354,17526,17889,4005,4190,5.0,14.0,5.0,9.0,93.0,0.0,63.843,65.375,63.781,62.875,63.093,65.375
08-11-2026 18:05:48,7176,7607,1427,16384,16.833333333333332,97.0,17693,VDD_IN,29925,8349,8042,17526,17693,4006,4190,2.0,3.0,2.0,2.0,92.0,0.0,63.906,65.437,63.843,62.812,63.031,65.437
08-11-2026 18:05:49,7176,7607,1427,16384,17.166666666666668,99.0,17654,VDD_IN,29731,8349,7808,17527,17654,4006,4269,2.0,2.0,3.0,4.0,92.0,0.0,64.125,65.281,63.75,62.75,63.031,65.281
08-11-2026 18:05:50,7177,7607,1427,16384,16.666666666666668,99.0,17575,VDD_IN,29892,8348,8198,17527,17575,4006,4119,3.0,1.0,3.0,1.0,92.0,0.0,64.375,64.875,63.75,62.75,63.125,64.875
08-11-2026 18:05:51,7177,7607,1427,16384,17.166666666666668,99.0,17575,VDD_IN,30086,8349,8549,17527,17575,4006,3962,2.0,4.0,2.0,2.0,93.0,0.0,64.062,65.375,63.812,62.906,63.156,65.375
08-11-2026 18:05:52,7178,7607,1427,16384,17.333333333333332,99.0,17889,VDD_IN,30628,8349,8705,17528,17889,4006,4034,2.0,1.0,4.0,5.0,92.0,0.0,64.187,65.468,63.75,62.718,63.281,65.468
08-11-2026 18:05:53,7181,7607,1427,16384,21.666666666666668,99.0,17772,VDD_IN,30471,8350,8744,17528,17772,4006,3955,18.0,9.0,3.0,4.0,96.0,0.0,63.875,65.375,63.937,62.781,63.062,65.375
08-11-2026 18:05:54,7182,7607,1427,16384,17.0,97.0,17850,VDD_IN,30667,8351,8862,17529,17850,4006,3955,2.0,1.0,1.0,2.0,96.0,0.0,64.0,65.5,63.812,62.75,63.062,65.5
08-11-2026 18:05:55,7182,7607,1427,16384,16.666666666666668,98.0,17850,VDD_IN,30589,8352,8784,17529,17850,4006,3955,2.0,1.0,2.0,3.0,92.0,0.0,64.187,65.687,63.656,62.812,63.125,65.687
08-11-2026 18:05:56,7183,7607,1427,16384,16.666666666666668,97.0,17889,VDD_IN,30707,8352,8823,17530,17889,4006,3995,2.0,2.0,2.0,2.0,92.0,0.0,64.031,65.718,63.75,62.875,63.062,65.718
08-11-2026 18:05:57,7183,7607,1427,16384,16.5,98.0,17850,VDD_IN,30550,8353,8705,17530,17850,4006,3995,4.0,1.0,1.0,2.0,91.0,0.0,63.781,65.718,63.906,62.812,63.156,65.718
08-11-2026 18:05:58,7180,7607,1427,16384,21.333333333333332,97.0,17929,VDD_IN,30707,8354,8744,17531,17929,4006,4034,17.0,11.0,6.0,2.0,92.0,0.0,63.906,65.75,63.937,62.812,63.093,65.75
08-11-2026 18:05:59,7181,7607,1427,16384,16.5,97.0,17850,VDD_IN,30472,8354,8549,17531,17850,4006,4073,3.0,1.0,1.0,1.0,93.0,0.0,64.0,65.656,63.781,62.812,63.062,65.656
08-11-2026 18:06:00,7181,7607,1427,16384,17.0,97.0,17772,VDD_IN,30316,8354,8471,17532,17772,4006,4073,2.0,3.0,2.0,2.0,92.0,1.0,64.156,65.687,63.75,62.812,63.062,65.687
08-11-2026 18:06:01,7182,7607,1427,16384,16.833333333333332,97.0,17811,VDD_IN,30277,8354,8354,17532,17811,4006,4112,5.0,1.0,1.0,1.0,92.0,1.0,64.031,65.406,63.718,62.937,63.062,65.406
08-11-2026 18:06:02,7182,7607,1427,16384,16.166666666666668,97.0,17693,VDD_IN,30003,8354,8159,17533,17693,4007,4151,2.0,1.0,1.0,1.0,92.0,0.0,63.968,65.281,63.906,62.781,63.093,65.281
08-11-2026 18:06:03,7185,7607,1427,16384,21.166666666666668,97.0,17889,VDD_IN,30317,8354,8198,17533,17889,4007,4230,4.0,12.0,7.0,11.0,92.0,1.0,64.031,65.468,63.781,62.812,63.125,65.468
08-11-2026 18:06:04,7186,7607,1427,16384,17.0,99.0,17693,VDD_IN,29809,8353,7847,17534,17693,4008,4269,2.0,1.0,2.0,5.0,92.0,0.0,64.218,65.406,63.843,62.812,63.125,65.406
08-11-2026 18:06:05,7186,7607,1427,16384,16.166666666666668,99.0,17615,VDD_IN,29971,8352,8198,17534,17615,4008,4158,1.0,2.0,2.0,0.0,92.0,0.0,64.343,65.406,63.906,62.843,63.187,65.406
08-11-2026 18:06:06,7186,7607,1427,16384,17.333333333333332,99.0,17575,VDD_IN,30086,8353,8549,17534,17575,4008,3962,3.0,3.0,3.0,1.0,93.0,1.0,63.875,65.437,63.937,62.718,63.031,65.437
08-11-2026 18:06:07,7187,7607,1427,16384,16.666666666666668,99.0,17772,VDD_IN,30472,8353,8666,17534,17772,4008,4034,2.0,2.0,1.0,2.0,92.0,1.0,63.937,65.656,63.625,62.781,63.187,65.656
08-11-2026 18:06:08,7187,7607,1427,16384,19.666666666666668,98.0,18007,VDD_IN,30942,8354,8940,17535,18007,4008,3995,7.0,1.0,5.0,9.0,95.0,1.0,64.437,65.531,63.781,62.812,63.218,65.531
08-11-2026 18:06:09,7188,7607,1427,16384,19.166666666666668,97.0,17929,VDD_IN,30785,8355,8901,17536,17929,4008,3955,4.0,4.0,2.0,8.0,97.0,0.0,63.875,65.562,63.812,62.843,63.062,65.562
08-11-2026 18:06:10,7189,7607,1427,16384,16.666666666666668,98.0,17850,VDD_IN,30589,8356,8784,17536,17850,4008,3955,2.0,2.0,2.0,1.0,93.0,0.0,63.875,65.625,63.843,62.687,63.156,65.625
08-11-2026 18:06:11,7189,7607,1427,16384,15.833333333333334,98.0,17889,VDD_IN,30667,8357,8823,17537,17889,4007,3955,2.0,0.0,1.0,2.0,90.0,0.0,63.843,65.656,63.906,62.812,63.093,65.656
08-11-2026 18:06:12,7190,7607,1427,16384,17.0,97.0,17889,VDD_IN,30589,8357,8705,17537,17889,4007,3995,3.0,3.0,1.0,2.0,92.0,1.0,63.937,65.343,63.75,62.812,63.062,65.343
08-11-2026 18:06:13,7190,7607,1427,16384,16.0,97.0,17850,VDD_IN,30511,8358,8666,17538,17850,4007,3995,1.0,1.0,1.0,1.0,92.0,0.0,64.125,65.375,63.875,62.875,63.062,65.375
08-11-2026 18:06:14,7192,7607,1427,16384,21.0,97.0,17889,VDD_IN,30550,8358,8627,17539,17889,4007,4034,7.0,6.0,2.0,17.0,93.0,1.0,63.843,65.437,63.781,62.906,63.093,65.437
08-11-2026 18:06:15,7193,7607,1427,16384,16.833333333333332,97.0,17772,VDD_IN,30277,8359,8432,17539,17772,4008,4073,1.0,5.0,2.0,1.0,92.0,0.0,63.843,65.375,63.875,62.75,63.125,65.375
08-11-2026 18:06:16,7193,7607,1427,16384,16.666666666666668,98.0,17772,VDD_IN,30277,8359,8393,17539,17772,4008,4112,2.0,3.0,1.0,1.0,92.0,1.0,64.0,65.531,63.875,62.812,63.062,65.531
08-11-2026 18:06:17,7194,7607,1427,16384,16.5,98.0,17732,VDD_IN,30081,8358,8198,17540,17732,4008,4151,3.0,1.0,2.0,0.0,92.0,1.0,64.343,65.593,63.843,62.875,63.062,65.593
08-11-2026 18:06:18,7194,7607,1427,16384,16.833333333333332,97.0,17772,VDD_IN,30082,8358,8120,17540,17772,4008,4190,2.0,2.0,1.0,1.0,93.0,2.0,64.062,65.562,63.781,62.812,63.062,65.562
08-11-2026 18:06:19,7194,7607,1427,16384,22.0,98.0,17811,VDD_IN,30083,8357,8003,17540,17811,4009,4269,5.0,9.0,18.0,7.0,92.0,1.0,64.062,65.531,63.937,62.718,63.218,65.531
08-11-2026 18:06:20,7194,7607,1427,16384,16.833333333333332,99.0,17615,VDD_IN,29847,8357,8081,17541,17615,4009,4151,2.0,3.0,1.0,2.0,92.0,1.0,64.125,64.937,63.937,62.781,63.093,64.937
08-11-2026 18:06:21,7195,7607,1427,16384,16.166666666666668,99.0,17615,VDD_IN,30120,8357,8510,17541,17615,4009,3995,2.0,0.0,1.0,1.0,92.0,1.0,64.031,65.375,63.718,62.812,63.125,65.375
08-11-2026 18:06:22,7171,7607,1427,16384,17.166666666666668,99.0,17772,VDD_IN,30433,8358,8627,17541,17772,4009,4034,4.0,2.0,0.0,4.0,92.0,1.0,64.156,65.531,63.812,62.812,63.187,65.531
08-11-2026 18:06:23,7177,7607,1427,16384,16.833333333333332,99.0,17968,VDD_IN,30864,8358,8901,17542,17968,4009,3995,2.0,1.0,2.0,2.0,94.0,0.0,64.125,65.531,63.843,62.875,63.156,65.531
08-11-2026 18:06:24,7184,7607,1427,16384,22.0,97.0,18125,VDD_IN,31161,8360,9081,17543,18125,4009,3955,4.0,17.0,5.0,6.0,98.0,2.0,63.843,65.593,63.812,62.75,63.156,65.593
08-11-2026 18:06:25,7184,7607,1427,16384,16.5,97.0,17889,VDD_IN,30628,8360,8784,17543,17889,4009,3955,2.0,3.0,1.0,1.0,91.0,1.0,63.937,65.843,63.906,62.812,63.062,65.843
08-11-2026 18:06:26,7185,7607,1427,16384,17.333333333333332,98.0,17889,VDD_IN,30707,8361,8823,17544,17889,4009,3995,4.0,1.0,2.0,1.0,93.0,3.0,64.093,65.812,63.718,62.843,63.125,65.812
08-11-2026 18:06:27,7186,7607,1427,16384,16.833333333333332,98.0,17850,VDD_IN,30550,8362,8705,17544,17850,4009,3995,3.0,3.0,2.0,1.0,92.0,0.0,64.25,65.843,63.781,62.906,63.156,65.843
08-11-2026 18:06:28,7186,7607,1427,16384,16.833333333333332,97.0,17889,VDD_IN,30589,8362,8705,17545,17889,4009,3995,3.0,2.0,2.0,2.0,92.0,0.0,63.843,65.812,63.906,63.093,63.156,65.812
08-11-2026 18:06:29,7187,7607,1427,16384,16.833333333333332,97.0,17850,VDD_IN,30472,8363,8588,17546,17850,4009,4034,2.0,2.0,2.0,3.0,92.0,0.0,64.031,65.562,63.968,62.781,63.031,65.562
08-11-2026 18:06:30,7192,7607,1427,16384,21.833333333333332,97.0,17811,VDD_IN,30355,8363,8471,17546,17811,4009,4073,18.0,8.0,5.0,7.0,93.0,0.0,64.25,65.75,63.812,62.812,63.218,65.75
08-11-2026 18:06:31,7192,7607,1427,16384,16.833333333333332,97.0,17811,VDD_IN,30316,8363,8393,17546,17811,4009,4112,3.0,2.0,2.0,2.0,92.0,0.0,63.968,65.75,63.906,62.937,63.062,65.75
08-11-2026 18:06:33,7193,7607,1426,16384,17.0,99.0,17732,VDD_IN,30081,8363,8198,17547,17732,4009,4151,2.0,2.0,2.0,4.0,92.0,0.0,64.031,65.718,63.906,62.75,63.187,65.312
08-11-2026 18:06:34,7193,7607,1426,16384,16.333333333333332,97.0,17732,VDD_IN,30042,8362,8120,17547,17732,4010,4190,1.0,1.0,1.0,2.0,92.0,1.0,64.156,65.312,63.812,62.781,63.093,65.312
08-11-2026 18:06:35,7193,7607,1426,16384,16.833333333333332,98.0,17575,VDD_IN,29652,8361,7847,17547,17575,4010,4230,2.0,3.0,2.0,1.0,93.0,0.0,64.125,65.218,63.843,62.843,63.062,65.218
08-11-2026 18:06:36,7189,7607,1426,16384,21.833333333333332,99.0,17536,VDD_IN,29814,8361,8159,17547,17536,4010,4119,1.0,8.0,10.0,19.0,92.0,1.0,64.312,65.0,63.875,62.968,63.25,65.0
08-11-2026 18:06:37,7188,7607,1426,16384,16.666666666666668,99.0,17419,VDD_IN,29852,8361,8471,17547,17419,4010,3962,1.0,1.0,4.0,2.0,92.0,0.0,63.906,65.75,63.781,62.781,63.187,65.75
08-11-2026 18:06:38,7189,7607,1426,16384,17.166666666666668,99.0,17693,VDD_IN,30315,8362,8588,17547,17693,4010,4034,1.0,2.0,5.0,3.0,92.0,0.0,64.0,65.312,63.75,62.812,63.156,65.312
08-11-2026 18:06:39,7189,7607,1426,16384,17.333333333333332,98.0,17575,VDD_IN,30164,8362,8627,17547,17575,4010,3962,3.0,2.0,0.0,4.0,95.0,0.0,64.062,65.187,63.812,62.843,63.093,65.187
08-11-2026 18:06:40,7190,7607,1426,16384,17.5,97.0,17693,VDD_IN,30353,8363,8744,17547,17693,4010,3916,2.0,1.0,1.0,4.0,97.0,0.0,63.875,65.312,63.781,62.843,63.031,65.312
08-11-2026 18:06:41,7194,7607,1426,16384,20.833333333333332,99.0,17889,VDD_IN,30667,8363,8823,17548,17889,4010,3955,13.0,15.0,2.0,3.0,92.0,0.0,64.281,65.343,63.875,62.906,63.218,65.343
08-11-2026 18:06:42,7195,7607,1426,16384,16.333333333333332,97.0,17772,VDD_IN,30393,8364,8666,17548,17772,4010,3955,1.0,3.0,1.0,2.0,91.0,0.0,63.812,65.343,63.937,62.812,63.25,65.343
08-11-2026 18:06:43,7195,7607,1426,16384,16.666666666666668,98.0,17693,VDD_IN,30276,8364,8588,17548,17693,4010,3995,3.0,0.0,3.0,2.0,92.0,0.0,63.843,65.5,63.75,62.812,63.218,65.5
08-11-2026 18:06:44,7195,7607,1426,16384,16.5,97.0,17732,VDD_IN,30276,8365,8549,17549,17732,4010,3995,1.0,1.0,1.0,3.0,92.0,1.0,64.125,65.656,63.843,62.812,63.093,65.656
08-11-2026 18:06:45,7196,7607,1426,16384,16.5,97.0,17654,VDD_IN,30126,8365,8432,17549,17654,4010,4040,2.0,1.0,2.0,1.0,93.0,0.0,63.781,65.562,63.812,62.875,63.125,65.562
08-11-2026 18:06:46,7197,7607,1426,16384,18.333333333333332,97.0,17772,VDD_IN,30316,8365,8471,17549,17772,4010,4073,3.0,5.0,4.0,6.0,92.0,0.0,64.062,65.531,63.875,62.875,63.187,65.531
08-11-2026 18:06:47,7196,7607,1426,16384,19.833333333333332,97.0,17693,VDD_IN,30127,8365,8315,17550,17693,4010,4119,3.0,5.0,7.0,12.0,92.0,0.0,64.0,65.593,63.875,62.812,63.125,65.437
08-11-2026 18:06:48,7196,7607,1426,16384,17.333333333333332,97.0,17536,VDD_IN,29775,8364,8081,17550,17536,4010,4158,5.0,1.0,3.0,2.0,92.0,1.0,64.031,65.343,63.75,62.812,63.093,65.343
08-11-2026 18:06:49,7197,7607,1426,16384,16.833333333333332,98.0,17575,VDD_IN,29768,8364,8003,17550,17575,4010,4190,1.0,2.0,2.0,0.0,92.0,4.0,64.125,65.375,63.843,62.843,63.093,65.375
08-11-2026 18:06:50,7197,7607,1426,16384,16.5,99.0,17604,VDD_IN,29648,8363,7768,17550,17604,4011,4276,1.0,0.0,3.0,3.0,92.0,0.0,64.468,65.187,63.843,62.875,63.187,65.187
08-11-2026 18:06:51,7198,7607,1426,16384,16.333333333333332,99.0,17447,VDD_IN,29686,8362,8159,17549,17447,4011,4080,2.0,1.0,2.0,1.0,92.0,0.0,64.187,65.062,63.843,62.968,63.156,65.062
08-11-2026 18:06:52,7202,7607,1426,16384,22.0,99.0,17526,VDD_IN,29998,8363,8510,17549,17526,4011,3962,9.0,6.0,22.0,3.0,92.0,0.0,64.0,65.437,63.906,62.812,63.125,65.437
08-11-2026 18:06:53,7203,7607,1426,16384,16.333333333333332,99.0,17772,VDD_IN,30394,8363,8588,17550,17772,4011,4034,2.0,1.0,3.0,1.0,91.0,0.0,63.875,65.562,63.812,62.843,63.125,65.562
08-11-2026 18:06:54,7203,7607,1426,16384,17.0,99.0,17615,VDD_IN,30165,8363,8588,17550,17615,4011,3962,2.0,1.0,2.0,2.0,95.0,0.0,64.187,65.718,63.812,62.812,63.125,65.718
08-11-2026 18:06:55,7204,7607,1426,16384,17.666666666666668,97.0,17732,VDD_IN,30471,8364,8784,17550,17732,4011,3955,2.0,3.0,2.0,2.0,97.0,0.0,64.25,65.875,63.875,62.875,63.093,65.875
08-11-2026 18:06:56,7204,7607,1426,16384,16.666666666666668,98.0,17693,VDD_IN,30353,8365,8705,17550,17693,4011,3955,2.0,2.0,3.0,1.0,92.0,0.0,63.843,65.75,63.75,62.75,63.156,65.75
08-11-2026 18:06:57,7198,7607,1426,16384,21.666666666666668,97.0,17929,VDD_IN,30707,8365,8823,17551,17929,4011,3955,9.0,5.0,20.0,4.0,92.0,0.0,63.968,65.812,63.718,62.812,63.093,65.812
08-11-2026 18:06:58,7197,7607,1426,16384,16.833333333333332,97.0,17732,VDD_IN,30354,8366,8627,17551,17732,4011,3995,2.0,1.0,2.0,3.0,92.0,1.0,64.218,65.781,63.781,62.906,63.062,65.781
08-11-2026 18:06:59,7198,7607,1426,16384,17.166666666666668,97.0,17732,VDD_IN,30315,8366,8588,17552,17732,4011,3995,11.0,2.0,2.0,1.0,86.0,1.0,64.125,65.625,63.781,62.875,63.218,65.625
08-11-2026 18:07:00,7196,7607,1426,16384,17.333333333333332,97.0,17693,VDD_IN,30198,8366,8471,17552,17693,4011,4034,6.0,3.0,1.0,3.0,89.0,2.0,64.312,65.531,63.843,63.0,63.125,65.531
08-11-2026 18:07:01,7196,7607,1426,16384,16.666666666666668,97.0,17654,VDD_IN,30127,8366,8393,17552,17654,4011,4080,3.0,1.0,1.0,2.0,93.0,0.0,63.968,65.562,63.843,62.812,63.187,65.562
08-11-2026 18:07:02,7202,7607,1426,16384,20.166666666666668,97.0,17850,VDD_IN,30394,8366,8432,17552,17850,4011,4112,8.0,1.0,5.0,15.0,92.0,0.0,64.218,65.531,64.031,62.781,63.187,65.531
08-11-2026 18:07:03,7204,7607,1426,16384,17.833333333333332,97.0,17654,VDD_IN,29925,8366,8120,17553,17654,4011,4151,5.0,2.0,3.0,5.0,92.0,0.0,64.156,65.468,63.906,62.906,63.062,65.468
08-11-2026 18:07:04,7205,7607,1426,16384,16.666666666666668,97.0,17575,VDD_IN,29736,8365,7964,17553,17575,4011,4197,2.0,1.0,2.0,3.0,92.0,0.0,64.125,65.312,63.812,62.875,63.125,65.312
08-11-2026 18:07:05,7205,7607,1426,16384,16.666666666666668,99.0,17536,VDD_IN,29541,8364,7729,17553,17536,4012,4276,3.0,2.0,2.0,1.0,92.0,0.0,64.593,64.812,63.906,63.0,63.218,64.812
08-11-2026 18:07:06,7206,7607,1426,16384,16.166666666666668,99.0,17447,VDD_IN,29724,8364,8237,17552,17447,4012,4040,2.0,2.0,1.0,1.0,91.0,0.0,64.0,65.312,63.875,62.812,63.25,65.312
08-11-2026 18:07:07,7206,7607,1426,16384,16.833333333333332,99.0,17497,VDD_IN,29969,8364,8510,17552,17497,4012,3962,3.0,2.0,2.0,2.0,92.0,0.0,63.968,65.406,64.062,62.843,63.125,65.406
08-11-2026 18:07:08,7202,7607,1426,16384,22.166666666666668,99.0,18125,VDD_IN,31021,8365,8823,17553,18125,4012,4073,10.0,4.0,8.0,19.0,92.0,0.0,64.312,65.5,63.906,62.843,63.281,65.5
08-11-2026 18:07:09,7204,7607,1426,16384,17.5,97.0,17732,VDD_IN,30471,8366,8823,17554,17732,4012,3916,3.0,2.0,2.0,0.0,98.0,0.0,64.031,65.437,63.875,62.937,63.187,65.437
08-11-2026 18:07:10,7204,7607,1426,16384,17.833333333333332,97.0,17811,VDD_IN,30589,8367,8823,17554,17811,4012,3955,3.0,1.0,5.0,4.0,94.0,0.0,64.218,65.75,63.937,62.906,63.218,65.75
08-11-2026 18:07:11,7205,7607,1426,16384,16.666666666666668,97.0,17772,VDD_IN,30432,8367,8705,17554,17772,4012,3955,2.0,1.0,3.0,1.0,93.0,0.0,63.968,65.75,63.937,62.812,63.187,65.75
08-11-2026 18:07:12,7205,7607,1426,16384,16.5,97.0,17772,VDD_IN,30393,8368,8666,17555,17772,4011,3955,3.0,1.0,1.0,2.0,92.0,0.0,64.031,65.75,64.062,62.812,63.031,65.75
08-11-2026 18:07:13,7210,7607,1426,16384,22.0,99.0,17889,VDD_IN,30628,8368,8744,17555,17889,4011,3995,7.0,21.0,7.0,4.0,92.0,1.0,64.218,65.718,63.875,62.875,63.187,65.718
08-11-2026 18:07:14,7211,7607,1426,16384,16.666666666666668,97.0,17772,VDD_IN,30394,8368,8627,17555,17772,4011,3995,3.0,2.0,2.0,1.0,92.0,0.0,63.968,65.75,63.937,62.937,63.187,65.75
08-11-2026 18:07:15,7211,7607,1426,16384,16.5,98.0,17732,VDD_IN,30276,8369,8510,17556,17732,4011,4034,2.0,1.0,2.0,2.0,92.0,0.0,64.25,65.468,63.968,63.0,63.218,65.468
08-11-2026 18:07:16,7212,7607,1426,16384,17.166666666666668,97.0,17693,VDD_IN,30198,8369,8432,17556,17693,4012,4073,3.0,3.0,3.0,2.0,92.0,0.0,63.968,65.437,64.031,62.812,63.187,65.437
08-11-2026 18:07:17,7213,7607,1426,16384,16.833333333333332,97.0,17693,VDD_IN,30081,8369,8276,17556,17693,4012,4112,3.0,1.0,2.0,2.0,93.0,0.0,64.031,65.375,63.812,62.812,63.062,65.375
08-11-2026 18:07:18,7217,7607,1426,16384,21.666666666666668,97.0,17850,VDD_IN,30355,8369,8354,17557,17850,4012,4151,15.0,7.0,7.0,9.0,92.0,0.0,64.281,65.468,63.875,62.843,63.25,65.468
08-11-2026 18:07:19,7218,7607,1426,16384,16.5,97.0,17654,VDD_IN,29894,8368,8003,17557,17654,4012,4237,3.0,2.0,2.0,0.0,92.0,0.0,64.0,65.375,63.906,62.968,63.187,65.375
08-11-2026 18:07:20,7218,7607,1426,16384,17.0,99.0,17497,VDD_IN,29463,8367,7690,17557,17497,4013,4276,3.0,3.0,2.0,2.0,92.0,0.0,64.625,64.906,63.875,62.812,63.25,64.906
08-11-2026 18:07:21,7219,7607,1426,16384,17.166666666666668,99.0,17536,VDD_IN,29892,8367,8237,17557,17536,4013,4119,2.0,3.0,2.0,5.0,91.0,0.0,64.031,65.375,64.0,62.812,63.218,65.375
08-11-2026 18:07:22,7219,7607,1426,16384,16.833333333333332,99.0,17575,VDD_IN,30086,8367,8549,17557,17575,4013,3962,2.0,4.0,1.0,1.0,93.0,0.0,64.0,65.906,63.875,62.812,63.218,65.906
08-11-2026 18:07:23,7220,7607,1426,16384,16.666666666666668,99.0,17889,VDD_IN,30628,8368,8705,17557,17889,4013,4034,1.0,3.0,2.0,2.0,92.0,0.0,64.187,65.968,63.843,62.812,63.093,65.968
08-11-2026 18:07:24,7220,7607,1426,16384,21.833333333333332,98.0,17732,VDD_IN,30392,8368,8705,17557,17732,4013,3955,9.0,18.0,4.0,4.0,96.0,0.0,63.968,65.812,64.0,62.906,63.156,65.812
08-11-2026 18:07:25,7221,7607,1426,16384,17.166666666666668,97.0,17850,VDD_IN,30628,8369,8823,17558,17850,4013,3955,2.0,3.0,1.0,1.0,96.0,0.0,63.968,65.406,63.968,62.75,63.281,65.406
08-11-2026 18:07:26,7221,7607,1426,16384,16.666666666666668,98.0,17772,VDD_IN,30432,8369,8705,17558,17772,4012,3955,2.0,2.0,3.0,1.0,92.0,0.0,63.937,65.656,64.062,62.812,63.125,65.656
08-11-2026 18:07:27,7222,7607,1426,16384,16.333333333333332,97.0,17811,VDD_IN,30510,8370,8744,17559,17811,4012,3955,2.0,1.0,1.0,2.0,92.0,0.0,64.031,65.656,63.812,62.875,63.125,65.656
08-11-2026 18:07:28,7222,7607,1426,16384,17.5,97.0,17772,VDD_IN,30394,8370,8627,17559,17772,4012,3995,3.0,4.0,2.0,3.0,93.0,0.0,64.187,65.625,63.875,62.937,63.125,65.625
08-11-2026 18:07:29,7201,7607,1426,16384,22.0,97.0,17889,VDD_IN,30628,8371,8744,17559,17889,4012,3995,5.0,23.0,9.0,3.0,92.0,0.0,63.937,65.781,63.875,62.968,63.156,65.781
08-11-2026 18:07:30,7207,7607,1426,16384,17.0,97.0,17811,VDD_IN,30355,8371,8510,17560,17811,4012,4034,3.0,2.0,3.0,1.0,92.0,1.0,63.968,65.468,63.937,62.812,63.125,65.468
08-11-2026 18:07:31,7207,7607,1426,16384,16.166666666666668,97.0,17654,VDD_IN,30166,8371,8432,17560,17654,4012,4080,24.0,3.0,1.0,1.0,68.0,0.0,64.156,65.406,63.718,62.812,63.25,65.406
08-11-2026 18:07:32,7207,7607,1426,16384,16.666666666666668,97.0,17732,VDD_IN,30198,8371,8354,17560,17732,4013,4112,65.0,3.0,12.0,3.0,17.0,0.0,64.25,65.468,63.843,62.937,63.125,65.468
08-11-2026 18:07:33,7208,7607,1426,16384,16.833333333333332,99.0,17654,VDD_IN,29971,8371,8159,17560,17654,4013,4158,3.0,3.0,1.0,2.0,92.0,0.0,64.093,65.343,63.968,62.875,63.25,65.343
08-11-2026 18:07:34,7216,7607,1426,16384,20.833333333333332,97.0,17811,VDD_IN,30199,8371,8198,17561,17811,4013,4190,5.0,4.0,5.0,18.0,93.0,0.0,63.937,65.406,63.906,62.843,63.218,65.406
08-11-2026 18:07:35,7217,7607,1426,16384,16.5,97.0,17615,VDD_IN,29731,8370,7847,17561,17615,4013,4269,3.0,1.0,1.0,3.0,91.0,0.0,64.093,65.5,64.031,62.812,63.187,65.5
08-11-2026 18:07:36,7217,7607,1426,16384,16.833333333333332,99.0,17536,VDD_IN,29736,8369,8042,17561,17536,4014,4158,3.0,1.0,4.0,1.0,92.0,0.0,64.25,65.187,63.781,62.843,63.218,65.187
08-11-2026 18:07:37,7218,7607,1426,16384,16.666666666666668,99.0,17565,VDD_IN,30076,8369,8510,17561,17565,4014,4001,2.0,1.0,2.0,3.0,92.0,0.0,64.281,65.718,63.812,62.843,63.093,65.718
08-11-2026 18:07:38,7218,7607,1426,16384,16.666666666666668,99.0,17654,VDD_IN,30198,8370,8549,17561,17654,4014,3995,2.0,1.0,1.0,3.0,93.0,0.0,64.062,65.656,63.781,62.937,63.125,65.656
08-11-2026 18:07:39,7218,7607,1426,16384,18.666666666666668,99.0,17929,VDD_IN,30825,8371,8901,17561,17929,4014,3995,4.0,7.0,3.0,4.0,94.0,0.0,64.062,65.625,63.906,62.75,63.218,65.625
08-11-2026 18:07:40,7221,7607,1426,16384,20.5,97.0,17850,VDD_IN,30667,8371,8862,17562,17850,4014,3955,4.0,2.0,3.0,16.0,98.0,0.0,63.937,65.531,64.0,62.812,63.093,65.531
08-11-2026 18:07:41,7222,7607,1426,16384,16.666666666666668,97.0,17811,VDD_IN,30510,8372,8744,17562,17811,4013,3955,1.0,1.0,1.0,2.0,93.0,2.0,64.125,65.562,63.843,62.937,63.156,65.562
08-11-2026 18:07:42,7222,7607,1426,16384,16.166666666666668,98.0,17850,VDD_IN,30549,8372,8744,17563,17850,4013,3955,1.0,2.0,2.0,0.0,92.0,0.0,64.312,65.593,63.875,62.937,63.093,65.593
08-11-2026 18:07:43,7223,7607,1426,16384,17.333333333333332,98.0,17811,VDD_IN,30472,8373,8666,17563,17811,4013,3995,2.0,2.0,5.0,3.0,92.0,0.0,63.968,65.687,64.0,63.031,63.125,65.687
08-11-2026 18:07:44,7223,7607,1426,16384,16.333333333333332,97.0,17772,VDD_IN,30394,8373,8627,17563,17772,4013,3995,2.0,1.0,1.0,2.0,92.0,0.0,63.968,65.625,63.937,62.843,63.281,65.781
08-11-2026 18:07:45,7227,7607,1426,16384,21.5,97.0,17811,VDD_IN,30472,8374,8627,17564,17811,4013,4034,6.0,5.0,6.0,18.0,93.0,1.0,64.0,65.843,63.812,62.906,63.281,65.843
08-11-2026 18:07:46,7227,7607,1426,16384,16.333333333333332,97.0,17732,VDD_IN,30237,8374,8432,17564,17732,4013,4073,1.0,2.0,2.0,57.0,35.0,1.0,64.375,65.843,63.906,62.937,63.218,65.843
08-11-2026 18:07:47,7228,7607,1426,16384,16.333333333333332,97.0,17732,VDD_IN,30198,8374,8354,17564,17732,4014,4112,3.0,2.0,1.0,92.0,0.0,0.0,64.156,65.937,63.937,62.968,63.281,65.937
08-11-2026 18:07:48,7228,7607,1426,16384,16.166666666666668,99.0,17693,VDD_IN,30003,8373,8159,17564,17693,4014,4151,43.0,1.0,1.0,52.0,0.0,0.0,64.062,65.937,63.937,62.843,63.312,65.937
08-11-2026 18:07:49,7228,7607,1426,16384,16.5,97.0,17693,VDD_IN,30003,8373,8120,17565,17693,4014,4190,92.0,2.0,2.0,1.0,1.0,1.0,64.125,65.906,64.062,62.875,63.281,65.906
08-11-2026 18:07:50,7231,7607,1426,16384,19.833333333333332,98.0,17732,VDD_IN,29965,8372,7964,17565,17732,4014,4269,92.0,8.0,15.0,4.0,0.0,0.0,64.125,65.5,63.968,62.906,63.375,65.5
08-11-2026 18:07:51,7229,7607,1426,16384,16.666666666666668,99.0,17575,VDD_IN,29814,8372,8042,17565,17575,4015,4197,92.0,2.0,2.0,3.0,0.0,1.0,64.281,65.187,63.937,62.812,63.343,65.187
08-11-2026 18:07:52,7231,7607,1426,16384,16.0,99.0,17615,VDD_IN,30126,8372,8510,17565,17615,4015,4001,93.0,1.0,1.0,1.0,0.0,0.0,64.343,65.781,63.968,63.031,63.375,65.781
08-11-2026 18:07:53,7211,7607,1426,16384,17.166666666666668,99.0,17772,VDD_IN,30394,8372,8588,17565,17772,4015,4034,57.0,6.0,2.0,2.0,0.0,36.0,64.062,65.625,64.0,62.875,63.25,65.625
08-11-2026 18:07:54,7213,7607,1426,16384,18.166666666666668,99.0,17968,VDD_IN,30864,8373,8901,17566,17968,4015,3995,4.0,4.0,7.0,1.0,0.0,93.0,63.937,65.906,64.062,62.875,63.25,65.906
08-11-2026 18:07:55,7223,7607,1426,16384,22.666666666666668,97.0,18125,VDD_IN,31122,8374,9042,17567,18125,4015,3955,8.0,4.0,11.0,14.0,0.0,99.0,64.375,65.781,63.968,62.875,63.25,65.781
08-11-2026 18:07:56,7225,7607,1424,16384,17.666666666666668,97.0,17850,VDD_IN,30589,8375,8784,17567,17850,4014,3955,2.0,3.0,4.0,5.0,0.0,92.0,64.125,65.75,63.875,62.875,63.093,65.75
08-11-2026 18:07:57,7226,7607,1424,16384,16.5,97.0,17811,VDD_IN,30510,8375,8744,17567,17811,4014,3955,2.0,2.0,2.0,1.0,0.0,92.0,64.375,65.531,63.875,62.906,63.281,65.531
08-11-2026 18:07:58,7227,7607,1424,16384,16.666666666666668,97.0,17811,VDD_IN,30472,8376,8666,17568,17811,4014,3995,3.0,1.0,1.0,2.0,0.0,93.0,64.093,65.593,63.968,62.812,63.25,65.593
08-11-2026 18:07:59,7227,7607,1424,16384,16.333333333333332,97.0,17732,VDD_IN,30354,8376,8627,17568,17732,4014,3995,1.0,3.0,1.0,1.0,0.0,92.0,64.125,65.5,64.093,62.812,63.187,65.5
08-11-2026 18:08:00,7228,7607,1424,16384,16.666666666666668,97.0,17772,VDD_IN,30394,8376,8588,17568,17772,4014,4034,4.0,1.0,1.0,2.0,0.0,92.0,64.281,65.593,63.906,62.937,63.218,65.593
08-11-2026 18:08:01,7233,7607,1424,16384,21.333333333333332,99.0,17772,VDD_IN,30316,8376,8471,17568,17772,4014,4073,18.0,6.0,6.0,6.0,0.0,92.0,64.25,65.75,63.937,63.0,63.156,65.75
08-11-2026 18:08:02,7233,7607,1424,16384,16.666666666666668,97.0,17732,VDD_IN,30159,8376,8354,17569,17732,4015,4073,2.0,2.0,2.0,1.0,0.0,93.0,64.406,65.687,63.968,63.0,63.312,65.687
08-11-2026 18:08:03,7234,7607,1424,16384,16.333333333333332,98.0,17654,VDD_IN,29964,8376,8159,17569,17654,4015,4151,2.0,2.0,2.0,1.0,0.0,91.0,64.062,65.75,64.031,62.812,63.187,65.75
08-11-2026 18:08:04,7234,7607,1424,16384,16.333333333333332,97.0,17693,VDD_IN,29964,8376,8081,17569,17693,4015,4190,2.0,0.0,2.0,2.0,0.0,92.0,64.156,65.812,64.062,63.0,63.25,65.812
08-11-2026 18:08:05,7235,7607,1424,16384,17.333333333333332,97.0,17654,VDD_IN,29809,8375,7886,17569,17654,4015,4269,2.0,4.0,5.0,1.0,0.0,92.0,64.437,65.718,63.968,62.906,63.187,65.718
08-11-2026 18:08:06,7240,7607,1424,16384,21.166666666666668,99.0,17654,VDD_IN,29925,8375,8081,17569,17654,4016,4190,15.0,3.0,7.0,3.0,7.0,92.0,64.343,65.062,63.843,62.875,63.343,65.062
08-11-2026 18:08:07,7241,7607,1424,16384,16.666666666666668,99.0,17575,VDD_IN,30008,8375,8432,17569,17575,4016,4001,2.0,3.0,2.0,1.0,0.0,92.0,64.468,65.562,63.968,63.031,63.187,65.562
08-11-2026 18:08:08,7241,7607,1424,16384,16.833333333333332,99.0,17693,VDD_IN,30237,8375,8549,17569,17693,4016,3995,3.0,2.0,2.0,2.0,0.0,92.0,64.093,65.625,64.031,62.843,63.312,65.625
08-11-2026 18:08:09,7241,7607,1424,16384,16.833333333333332,99.0,18007,VDD_IN,30942,8376,8940,17570,18007,4016,3995,1.0,3.0,2.0,2.0,0.0,93.0,64.062,65.906,63.937,62.875,63.343,65.906
08-11-2026 18:08:10,7241,7607,1424,16384,17.666666666666668,97.0,17850,VDD_IN,30667,8376,8862,17570,17850,4015,3955,2.0,4.0,0.0,1.0,0.0,99.0,64.25,65.968,63.968,62.906,63.25,65.968
08-11-2026 18:08:11,7239,7607,1424,16384,22.0,97.0,18046,VDD_IN,30941,8377,8940,17571,18046,4015,3955,5.0,19.0,5.0,11.0,0.0,92.0,64.031,66.093,63.968,62.968,63.375,66.093
08-11-2026 18:08:12,7239,7607,1424,16384,16.666666666666668,97.0,17811,VDD_IN,30550,8378,8784,17571,17811,4015,3955,3.0,2.0,2.0,1.0,0.0,92.0,64.031,65.968,64.0,62.843,63.281,65.968
08-11-2026 18:08:13,7240,7607,1424,16384,16.666666666666668,97.0,17772,VDD_IN,30472,8378,8705,17572,17772,4015,3995,1.0,3.0,2.0,2.0,0.0,92.0,64.218,65.968,63.937,62.812,63.25,65.968
08-11-2026 18:08:14,7240,7607,1424,16384,16.666666666666668,97.0,16295,VDD_IN,28017,8378,8186,17570,16295,4015,3536,3.0,2.0,2.0,1.0,0.0,92.0,63.937,65.343,63.843,62.937,63.031,65.343
08-11-2026 18:08:15,7221,7607,1425,16384,42.0,0.0,8757,VDD_IN,13878,8370,3055,17558,8757,4012,2066,44.0,37.0,40.0,46.0,53.0,32.0,64.031,63.093,63.562,62.812,62.625,64.031
08-11-2026 18:08:16,7274,7607,1425,16384,48.666666666666664,97.0,10634,VDD_IN,16886,8364,4034,17548,10634,4009,2218,45.0,46.0,67.0,55.0,39.0,40.0,63.468,64.468,63.437,62.5,62.281,64.218
08-11-2026 18:08:17,7274,7607,1429,16384,23.833333333333332,99.0,16975,VDD_IN,28562,8363,7507,17547,16975,4009,4080,6.0,15.0,25.0,76.0,17.0,4.0,64.031,64.406,63.562,62.562,62.718,64.406
08-11-2026 18:08:18,7270,7607,1429,16384,16.5,99.0,17604,VDD_IN,29998,8363,8354,17547,17604,4009,4040,2.0,2.0,1.0,92.0,1.0,1.0,63.906,65.125,63.531,62.718,62.843,65.125
08-11-2026 18:08:19,7269,7607,1429,16384,16.833333333333332,99.0,17615,VDD_IN,30165,8363,8549,17547,17615,4009,4001,2.0,4.0,2.0,50.0,42.0,1.0,63.875,65.281,63.625,62.75,62.875,65.281
08-11-2026 18:08:20,7269,7607,1429,16384,16.833333333333332,99.0,18085,VDD_IN,30966,8364,8769,17548,18085,4010,4112,3.0,2.0,2.0,1.0,93.0,0.0,63.75,65.5,63.625,62.625,63.125,65.5
08-11-2026 18:08:21,7270,7607,1429,16384,16.833333333333332,97.0,17772,VDD_IN,30511,8365,8823,17548,17772,4009,3916,1.0,1.0,2.0,0.0,97.0,0.0,63.75,65.375,63.812,62.687,62.968,65.375
08-11-2026 18:08:22,7277,7607,1429,16384,22.0,97.0,17929,VDD_IN,30785,8365,8901,17549,17929,4009,3955,7.0,7.0,12.0,9.0,95.0,2.0,64.031,65.531,63.625,62.625,62.968,65.531
08-11-2026 18:08:23,7278,7607,1429,16384,16.333333333333332,97.0,17772,VDD_IN,30432,8366,8705,17549,17772,4009,3955,0.0,3.0,0.0,2.0,92.0,1.0,63.906,65.343,63.75,62.687,63.0,65.187
08-11-2026 18:08:24,7278,7607,1429,16384,16.833333333333332,98.0,17811,VDD_IN,30550,8366,8744,17549,17811,4009,3995,2.0,2.0,1.0,2.0,93.0,1.0,64.031,65.281,63.656,62.718,63.0,65.281
08-11-2026 18:08:25,7278,7607,1429,16384,16.166666666666668,98.0,17772,VDD_IN,30394,8367,8627,17550,17772,4009,3995,1.0,2.0,0.0,1.0,92.0,1.0,63.718,65.25,63.75,62.656,63.062,65.25
08-11-2026 18:08:26,7268,7607,1429,16384,16.333333333333332,97.0,17811,VDD_IN,30433,8367,8588,17550,17811,4009,4034,2.0,2.0,1.0,1.0,92.0,0.0,63.812,65.281,63.593,62.656,62.968,65.281
08-11-2026 18:08:27,7274,7607,1429,16384,21.5,99.0,17929,VDD_IN,30629,8367,8627,17551,17929,4009,4073,15.0,10.0,6.0,6.0,91.0,1.0,64.031,65.281,63.687,62.718,62.968,65.281
08-11-2026 18:08:28,7274,7607,1429,16384,16.666666666666668,97.0,17772,VDD_IN,30277,8367,8432,17551,17772,4009,4073,2.0,2.0,2.0,1.0,93.0,0.0,63.687,65.5,63.656,62.75,63.0,65.5
08-11-2026 18:08:29,7274,7607,1429,16384,17.0,97.0,17732,VDD_IN,30159,8367,8276,17551,17732,4010,4151,4.0,2.0,2.0,1.0,92.0,1.0,63.781,65.5,63.656,62.656,63.031,65.5
08-11-2026 18:08:30,7274,7607,1429,16384,16.5,97.0,17732,VDD_IN,30081,8367,8159,17551,17732,4010,4190,2.0,1.0,2.0,1.0,92.0,1.0,63.687,65.593,63.843,62.656,63.031,65.593
08-11-2026 18:08:31,7274,7607,1429,16384,16.333333333333332,97.0,17693,VDD_IN,29887,8367,7964,17552,17693,4010,4230,1.0,2.0,2.0,1.0,92.0,0.0,63.906,65.437,63.718,62.687,62.968,65.437
08-11-2026 18:08:32,7274,7607,1429,16384,19.0,99.0,17693,VDD_IN,29926,8366,7964,17552,17693,4011,4269,9.0,7.0,0.0,4.0,93.0,1.0,64.312,65.0,63.687,62.718,63.125,65.0
08-11-2026 18:08:33,7276,7607,1429,16384,18.666666666666668,99.0,17615,VDD_IN,30126,8366,8471,17552,17615,4011,4040,5.0,2.0,13.0,0.0,92.0,0.0,63.781,65.281,63.718,62.812,63.062,65.281
08-11-2026 18:08:34,7276,7607,1429,16384,16.5,99.0,17615,VDD_IN,30159,8366,8549,17552,17615,4011,3995,3.0,1.0,2.0,2.0,91.0,0.0,63.843,65.281,63.781,62.718,63.093,65.281
08-11-2026 18:08:35,7276,7607,1429,16384,16.666666666666668,99.0,18085,VDD_IN,30981,8367,8823,17553,18085,4011,4073,2.0,3.0,0.0,2.0,92.0,1.0,63.968,65.531,63.781,62.687,63.062,65.531
08-11-2026 18:08:36,7276,7607,1429,16384,17.833333333333332,96.0,17850,VDD_IN,30589,8368,8823,17553,17850,4011,3916,2.0,2.0,2.0,1.0,99.0,1.0,63.843,65.375,63.656,62.656,63.062,65.375
08-11-2026 18:08:37,7275,7607,1429,16384,17.166666666666668,97.0,17889,VDD_IN,30667,8368,8823,17554,17889,4010,3955,1.0,3.0,2.0,3.0,94.0,0.0,64.031,65.531,63.812,62.781,63.031,65.531
08-11-2026 18:08:38,7281,7607,1429,16384,22.333333333333332,97.0,17889,VDD_IN,30668,8369,8784,17554,17889,4010,3995,10.0,6.0,13.0,6.0,92.0,7.0,63.843,65.75,63.718,62.687,63.125,65.75
08-11-2026 18:08:39,7281,7607,1429,16384,16.833333333333332,97.0,17850,VDD_IN,30589,8369,8744,17554,17850,4010,3995,3.0,1.0,2.0,3.0,92.0,0.0,63.781,65.812,64.0,62.75,63.062,65.812
08-11-2026 18:08:40,7281,7607,1429,16384,16.833333333333332,99.0,17811,VDD_IN,30472,8370,8666,17555,17811,4010,3995,2.0,2.0,3.0,2.0,92.0,0.0,63.937,65.75,63.781,62.656,63.062,65.75
08-11-2026 18:08:41,7281,7607,1429,16384,16.166666666666668,97.0,17850,VDD_IN,30511,8370,8627,17555,17850,4010,4034,2.0,1.0,0.0,1.0,92.0,1.0,64.187,65.5,63.75,62.812,63.093,65.5
08-11-2026 18:08:42,7281,7607,1429,16384,17.0,98.0,17772,VDD_IN,30355,8370,8510,17556,17772,4011,4073,3.0,3.0,2.0,2.0,92.0,0.0,64.0,65.437,63.812,62.812,63.062,65.437
08-11-2026 18:08:43,7282,7607,1429,16384,21.166666666666668,97.0,17889,VDD_IN,30511,8370,8549,17556,17889,4011,4073,4.0,19.0,9.0,2.0,93.0,0.0,63.812,65.437,64.0,62.781,63.125,65.437
08-11-2026 18:08:44,7282,7607,1429,16384,16.666666666666668,97.0,17732,VDD_IN,30159,8370,8276,17556,17732,4011,4151,3.0,1.0,2.0,2.0,92.0,0.0,63.875,65.437,63.937,62.781,63.031,65.437
08-11-2026 18:08:45,7279,7607,1429,16384,17.0,97.0,17693,VDD_IN,29964,8370,8120,17556,17693,4011,4151,3.0,2.0,2.0,3.0,92.0,0.0,64.031,65.375,63.718,62.75,63.062,65.375
08-11-2026 18:08:46,7279,7607,1429,16384,16.5,97.0,17693,VDD_IN,29887,8369,7964,17557,17693,4011,4230,2.0,2.0,2.0,2.0,91.0,0.0,64.281,65.281,63.812,62.937,63.187,65.281
08-11-2026 18:08:47,7279,7607,1429,16384,17.333333333333332,99.0,17575,VDD_IN,29691,8369,7847,17557,17575,4012,4269,4.0,2.0,3.0,2.0,93.0,0.0,64.125,64.843,63.906,62.875,63.156,64.843
08-11-2026 18:08:48,7274,7607,1429,16384,21.166666666666668,99.0,17811,VDD_IN,30433,8369,8549,17557,17811,4012,4073,6.0,18.0,7.0,4.0,92.0,0.0,64.093,65.281,63.968,62.781,63.343,65.281
08-11-2026 18:08:49,7275,7607,1429,16384,18.166666666666668,99.0,17693,VDD_IN,30276,8369,8549,17557,17693,4012,4034,3.0,2.0,6.0,5.0,92.0,1.0,64.031,65.375,63.843,62.781,63.156,65.375
08-11-2026 18:08:50,7275,7607,1429,16384,16.333333333333332,99.0,18125,VDD_IN,31006,8370,8769,17558,18125,4012,4112,1.0,2.0,1.0,2.0,92.0,0.0,64.062,65.531,63.812,62.906,63.187,65.531
08-11-2026 18:08:51,7275,7607,1429,16384,17.666666666666668,96.0,17772,VDD_IN,30511,8370,8823,17558,17772,4012,3916,2.0,1.0,3.0,3.0,97.0,0.0,64.156,65.687,63.875,62.937,63.156,65.687
08-11-2026 18:08:52,7275,7607,1429,16384,16.833333333333332,97.0,17850,VDD_IN,30628,8371,8823,17559,17850,4012,3955,3.0,0.0,1.0,2.0,95.0,0.0,63.906,65.75,63.937,62.875,63.156,65.75
08-11-2026 18:08:53,7275,7607,1429,16384,16.5,98.0,17811,VDD_IN,30550,8371,8744,17559,17811,4012,3995,2.0,3.0,2.0,0.0,92.0,0.0,64.031,65.75,63.968,62.812,63.125,65.75
08-11-2026 18:08:54,7280,7607,1429,16384,20.833333333333332,97.0,17889,VDD_IN,30668,8372,8784,17559,17889,4012,3995,7.0,6.0,12.0,6.0,92.0,2.0,64.187,65.812,63.75,62.812,63.062,65.812
08-11-2026 18:08:55,7280,7607,1429,16384,16.166666666666668,99.0,17811,VDD_IN,30472,8372,8627,17560,17811,4012,4034,1.0,1.0,1.0,2.0,91.0,1.0,64.031,65.75,63.875,62.843,63.093,65.75
08-11-2026 18:08:56,7280,7607,1429,16384,16.666666666666668,98.0,17889,VDD_IN,30550,8373,8627,17560,17889,4012,4034,2.0,2.0,3.0,1.0,92.0,0.0,64.25,65.593,63.781,62.937,63.25,65.593
08-11-2026 18:08:57,7280,7607,1429,16384,16.333333333333332,97.0,17772,VDD_IN,30355,8373,8510,17560,17772,4012,4073,1.0,2.0,1.0,2.0,34.0,58.0,64.062,65.562,64.031,62.812,63.218,65.562
08-11-2026 18:08:58,7280,7607,1429,16384,16.666666666666668,97.0,17811,VDD_IN,30316,8373,8432,17561,17811,4012,4073,3.0,2.0,0.0,3.0,0.0,92.0,64.125,65.562,64.062,62.875,63.156,65.562
08-11-2026 18:08:59,7283,7607,1429,16384,21.833333333333332,97.0,17850,VDD_IN,30355,8373,8354,17561,17850,4012,4151,9.0,5.0,17.0,8.0,0.0,92.0,64.25,65.625,63.968,62.937,63.187,65.625
08-11-2026 18:09:00,7280,7607,1429,16384,18.166666666666668,97.0,17772,VDD_IN,30160,8373,8198,17561,17772,4012,4190,3.0,3.0,8.0,2.0,0.0,93.0,64.031,65.812,63.906,62.937,63.187,65.812
08-11-2026 18:09:01,7281,7607,1429,16384,17.0,97.0,17732,VDD_IN,29965,8372,8003,17562,17732,4013,4230,3.0,1.0,3.0,3.0,0.0,92.0,64.156,65.781,64.0,62.875,63.281,65.781
08-11-2026 18:09:02,7280,7607,1429,16384,16.166666666666668,99.0,17615,VDD_IN,29731,8372,7847,17562,17615,4013,4269,1.0,2.0,2.0,0.0,0.0,92.0,64.406,65.281,64.031,62.812,63.187,65.281
08-11-2026 18:09:03,7281,7607,1429,16384,16.5,99.0,17575,VDD_IN,30048,8372,8393,17562,17575,4013,4080,3.0,1.0,2.0,1.0,0.0,92.0,64.281,65.75,63.906,62.843,63.187,65.75
08-11-2026 18:09:04,7283,7607,1429,16384,22.166666666666668,99.0,17889,VDD_IN,30628,8372,8744,17562,17889,4013,3995,11.0,19.0,5.0,5.0,0.0,93.0,64.312,65.875,63.906,62.968,63.343,65.875
08-11-2026 18:09:05,7283,7607,1429,16384,16.666666666666668,99.0,18125,VDD_IN,31045,8373,8808,17563,18125,4013,4112,3.0,2.0,1.0,2.0,0.0,92.0,64.125,65.781,63.968,63.0,63.281,65.781
08-11-2026 18:09:06,7283,7607,1429,16384,17.666666666666668,96.0,17811,VDD_IN,30550,8373,8823,17563,17811,4013,3916,4.0,2.0,1.0,2.0,0.0,97.0,64.031,65.75,64.031,62.843,63.281,65.75
08-11-2026 18:09:07,7283,7607,1429,16384,17.166666666666668,98.0,17850,VDD_IN,30628,8374,8823,17564,17850,4013,3955,3.0,2.0,1.0,2.0,0.0,95.0,64.031,65.718,64.062,62.906,63.218,65.718
08-11-2026 18:09:08,7283,7607,1429,16384,16.666666666666668,97.0,17811,VDD_IN,30550,8374,8744,17564,17811,4013,3995,2.0,3.0,1.0,2.0,0.0,92.0,64.093,65.718,63.937,62.875,63.218,65.718
08-11-2026 18:09:09,7284,7607,1429,16384,17.0,97.0,17889,VDD_IN,30668,8375,8784,17564,17889,4013,3995,4.0,3.0,1.0,3.0,0.0,91.0,64.343,65.75,63.906,62.906,63.156,65.75
08-11-2026 18:09:10,7276,7607,1429,16384,21.666666666666668,99.0,17850,VDD_IN,30550,8375,8705,17565,17850,4013,3995,8.0,15.0,11.0,4.0,0.0,92.0,64.031,65.5,63.875,63.0,63.156,65.5
08-11-2026 18:09:11,7277,7607,1429,16384,17.166666666666668,97.0,17850,VDD_IN,30511,8376,8627,17565,17850,4013,4034,2.0,2.0,1.0,6.0,0.0,92.0,64.093,65.625,64.031,62.906,63.187,65.625
08-11-2026 18:09:12,7276,7607,1429,16384,17.0,98.0,17811,VDD_IN,30394,8376,8510,17565,17811,4013,4073,3.0,3.0,1.0,3.0,0.0,92.0,64.281,65.531,64.062,62.843,63.187,65.531
08-11-2026 18:09:13,7276,7607,1429,16384,16.666666666666668,97.0,17811,VDD_IN,30355,8376,8471,17566,17811,4013,4073,1.0,2.0,3.0,2.0,0.0,92.0,64.468,65.562,63.937,62.937,63.218,65.562
08-11-2026 18:09:14,7276,7607,1429,16384,16.666666666666668,97.0,17772,VDD_IN,30199,8376,8315,17566,17772,4013,4112,3.0,2.0,1.0,2.0,0.0,92.0,64.218,65.75,63.968,62.968,63.281,65.75
08-11-2026 18:09:15,7282,7607,1429,16384,21.333333333333332,97.0,17811,VDD_IN,30199,8376,8237,17566,17811,4013,4151,6.0,20.0,2.0,7.0,1.0,92.0,64.031,65.687,64.0,62.843,63.25,65.687
08-11-2026 18:09:16,7282,7607,1429,16384,16.833333333333332,97.0,17732,VDD_IN,30004,8375,8042,17567,17732,4014,4230,1.0,3.0,2.0,2.0,0.0,93.0,64.25,65.687,64.0,62.875,63.281,65.687
08-11-2026 18:09:17,7281,7607,1429,16384,16.666666666666668,99.0,17575,VDD_IN,29658,8374,7768,17567,17575,4014,4315,2.0,2.0,2.0,2.0,0.0,92.0,64.531,65.281,63.843,62.843,63.312,65.281
08-11-2026 18:09:18,7281,7607,1429,16384,16.666666666666668,99.0,17575,VDD_IN,29970,8374,8315,17567,17575,4014,4080,3.0,1.0,2.0,2.0,0.0,92.0,64.625,65.5,63.968,62.906,63.281,65.25
08-11-2026 18:09:19,7281,7607,1429,16384,16.666666666666668,99.0,17575,VDD_IN,30118,8375,8588,17567,17575,4014,3955,2.0,2.0,2.0,2.0,0.0,92.0,64.156,65.625,64.0,62.937,63.281,65.625
08-11-2026 18:09:20,7286,7607,1429,16384,20.833333333333332,99.0,18125,VDD_IN,31060,8375,8862,17567,18125,4014,4073,6.0,19.0,2.0,6.0,0.0,92.0,64.031,65.75,64.062,62.843,63.437,65.75
08-11-2026 18:09:21,7286,7607,1429,16384,17.833333333333332,97.0,17811,VDD_IN,30510,8376,8744,17568,17811,4014,3955,2.0,5.0,2.0,2.0,0.0,96.0,64.0,65.593,64.0,62.812,63.312,65.593
08-11-2026 18:09:22,7286,7607,1429,16384,17.333333333333332,97.0,17889,VDD_IN,30706,8376,8862,17568,17889,4014,3955,3.0,3.0,0.0,2.0,0.0,96.0,64.187,65.687,63.906,62.937,63.187,65.687
08-11-2026 18:09:24,7286,7607,1429,16384,16.333333333333332,99.0,17850,VDD_IN,30629,8377,8784,17568,17850,4014,3995,2.0,2.0,2.0,1.0,0.0,91.0,64.437,65.562,63.906,62.937,63.281,65.562
08-11-2026 18:09:25,7286,7607,1429,16384,16.666666666666668,98.0,17850,VDD_IN,30629,8377,8784,17569,17850,4014,3995,3.0,2.0,1.0,2.0,0.0,92.0,64.187,66.062,64.031,62.968,63.25,66.062
08-11-2026 18:09:26,7275,7607,1429,16384,19.333333333333332,98.0,17968,VDD_IN,30786,8378,8784,17569,17968,4014,4034,13.0,3.0,3.0,4.0,0.0,93.0,64.156,65.968,64.0,62.875,63.406,65.968
08-11-2026 18:09:27,7278,7607,1429,16384,21.333333333333332,97.0,17929,VDD_IN,30668,8378,8705,17570,17929,4014,4034,13.0,7.0,5.0,8.0,3.0,92.0,64.093,65.968,63.906,62.875,63.25,65.968
08-11-2026 18:09:28,7270,7607,1429,16384,17.0,97.0,17850,VDD_IN,30472,8379,8549,17570,17850,4014,4073,4.0,3.0,2.0,1.0,0.0,92.0,64.218,65.75,64.0,63.0,63.25,65.75
08-11-2026 18:09:29,7271,7607,1429,16384,16.833333333333332,97.0,17811,VDD_IN,30355,8379,8471,17570,17811,4014,4073,4.0,1.0,2.0,2.0,0.0,92.0,64.531,65.718,64.031,63.031,63.281,65.718
08-11-2026 18:09:30,7272,7607,1429,16384,17.333333333333332,97.0,17772,VDD_IN,30199,8379,8315,17571,17772,4014,4112,3.0,4.0,2.0,3.0,0.0,92.0,64.156,65.656,64.0,62.906,63.312,65.656
08-11-2026 18:09:31,7272,7607,1429,16384,16.5,97.0,17693,VDD_IN,30003,8378,8159,17571,17693,4014,4151,2.0,2.0,1.0,2.0,0.0,92.0,64.25,65.687,64.062,62.937,63.156,65.687
08-11-2026 18:09:32,7279,7607,1429,16384,22.166666666666668,97.0,17772,VDD_IN,30083,8378,8081,17571,17772,4015,4230,6.0,7.0,8.0,20.0,0.0,92.0,64.406,65.625,63.937,62.968,63.218,65.625
08-11-2026 18:09:33,7279,7607,1429,16384,16.666666666666668,99.0,17654,VDD_IN,29731,8377,7808,17571,17654,4015,4269,3.0,2.0,1.0,1.0,0.0,93.0,64.5,65.25,64.0,63.0,63.343,65.25
08-11-2026 18:09:34,7279,7607,1429,16384,16.333333333333332,99.0,17575,VDD_IN,29970,8377,8276,17571,17575,4015,4119,1.0,2.0,1.0,2.0,0.0,92.0,64.593,65.156,63.968,63.0,63.312,65.156
08-11-2026 18:09:35,7279,7607,1429,16384,16.5,99.0,17615,VDD_IN,30197,8377,8627,17571,17615,4015,3955,2.0,1.0,2.0,2.0,0.0,92.0,64.031,65.5,64.093,62.812,63.25,65.75
08-11-2026 18:09:36,7275,7607,1429,16384,16.666666666666668,99.0,17929,VDD_IN,30746,8378,8744,17572,17929,4015,4073,3.0,2.0,2.0,1.0,0.0,92.0,64.468,65.75,63.968,63.0,63.281,65.75
08-11-2026 18:09:37,7277,7607,1429,16384,22.666666666666668,97.0,17929,VDD_IN,30786,8378,8862,17572,17929,4015,3995,18.0,7.0,8.0,7.0,0.0,96.0,64.406,65.5,64.031,63.093,63.343,65.5
08-11-2026 18:09:38,7271,7607,1429,16384,18.0,98.0,17889,VDD_IN,30706,8379,8862,17573,17889,4015,3955,3.0,3.0,3.0,3.0,0.0,96.0,64.156,65.437,64.0,62.875,63.343,65.437
08-11-2026 18:09:39,7271,7607,1429,16384,16.333333333333332,99.0,17772,VDD_IN,30432,8379,8705,17573,17772,4015,3955,2.0,2.0,1.0,1.0,0.0,92.0,64.156,65.375,63.843,62.875,63.156,65.375
08-11-2026 18:09:40,7271,7607,1429,16384,16.833333333333332,98.0,17811,VDD_IN,30511,8380,8705,17573,17811,4015,3995,3.0,2.0,2.0,2.0,0.0,92.0,64.218,65.625,63.937,62.968,63.312,65.625
08-11-2026 18:09:41,7271,7607,1429,16384,16.0,98.0,17693,VDD_IN,30237,8380,8549,17573,17693,4015,3995,1.0,0.0,1.0,2.0,0.0,92.0,64.375,65.5,63.937,62.937,63.156,65.5
08-11-2026 18:09:42,7278,7607,1429,16384,21.833333333333332,97.0,17929,VDD_IN,30668,8381,8744,17574,17929,4015,3995,8.0,17.0,8.0,4.0,1.0,93.0,64.406,65.593,63.968,63.031,63.343,65.593
08-11-2026 18:09:43,7278,7607,1429,16384,16.833333333333332,98.0,17654,VDD_IN,30081,8381,8393,17574,17654,4015,4034,3.0,2.0,2.0,2.0,0.0,92.0,64.156,65.593,64.0,62.875,63.25,65.593
08-11-2026 18:09:44,7278,7607,1429,16384,16.5,98.0,17615,VDD_IN,30049,8381,8354,17574,17615,4015,4080,2.0,1.0,2.0,2.0,0.0,92.0,64.031,65.593,63.875,62.875,63.218,65.593
08-11-2026 18:09:45,7278,7607,1429,16384,16.5,98.0,17654,VDD_IN,29964,8380,8198,17574,17654,4015,4112,2.0,1.0,3.0,0.0,1.0,92.0,64.25,65.656,63.906,62.875,63.187,65.656
08-11-2026 18:09:46,7278,7607,1429,16384,16.666666666666668,97.0,17654,VDD_IN,29886,8380,8081,17574,17654,4015,4151,3.0,2.0,0.0,2.0,0.0,93.0,64.406,65.343,63.968,62.906,63.218,65.343
08-11-2026 18:09:47,7278,7607,1429,16384,16.5,97.0,17604,VDD_IN,29641,8379,7847,17574,17604,4015,4190,1.0,1.0,1.0,3.0,1.0,92.0,64.156,65.375,63.968,62.906,63.281,65.375
08-11-2026 18:09:48,7271,7607,1429,16384,22.166666666666668,99.0,17575,VDD_IN,29652,8379,7808,17574,17575,4016,4269,10.0,15.0,10.0,6.0,0.0,92.0,64.531,64.968,63.968,62.906,63.093,64.968
08-11-2026 18:09:49,7272,7607,1429,16384,16.833333333333332,99.0,17419,VDD_IN,29774,8378,8315,17574,17419,4016,4040,2.0,1.0,2.0,3.0,1.0,92.0,64.375,65.343,63.875,62.875,63.125,65.343
08-11-2026 18:09:50,7272,7607,1429,16384,17.166666666666668,99.0,17497,VDD_IN,29930,8379,8471,17574,17497,4016,3962,5.0,1.0,2.0,2.0,0.0,93.0,64.156,65.437,63.875,62.937,63.218,65.437
08-11-2026 18:09:51,7272,7607,1429,16384,16.833333333333332,99.0,17929,VDD_IN,30786,8379,8784,17574,17929,4016,4073,1.0,3.0,4.0,2.0,0.0,91.0,64.406,65.812,63.937,62.968,63.281,65.812
08-11-2026 18:09:52,7272,7607,1429,16384,18.0,96.0,17772,VDD_IN,30393,8380,8705,17574,17772,4016,3916,3.0,0.0,4.0,3.0,0.0,98.0,64.0,65.812,64.062,62.812,63.281,65.812
08-11-2026 18:09:53,7276,7607,1429,16384,38.166666666666664,97.0,18321,VDD_IN,31553,8381,9237,17575,18321,4016,3995,26.0,34.0,29.0,25.0,21.0,94.0,64.187,65.906,64.062,62.843,63.281,65.906
08-11-2026 18:09:54,7277,7607,1429,16384,16.666666666666668,97.0,17732,VDD_IN,30392,8381,8705,17576,17732,4016,3955,2.0,1.0,2.0,2.0,1.0,92.0,64.343,65.906,63.843,62.968,63.187,65.906
08-11-2026 18:09:55,7277,7607,1429,16384,16.333333333333332,97.0,17732,VDD_IN,30393,8381,8666,17576,17732,4016,3995,2.0,2.0,1.0,1.0,0.0,92.0,64.156,65.906,63.937,62.968,63.218,65.906
08-11-2026 18:09:56,7277,7607,1429,16384,16.166666666666668,98.0,17654,VDD_IN,30237,8382,8588,17576,17654,4016,3995,1.0,1.0,1.0,2.0,0.0,92.0,64.5,65.937,64.0,63.062,63.187,65.937
08-11-2026 18:09:57,7277,7607,1429,16384,16.833333333333332,97.0,17772,VDD_IN,30316,8382,8549,17576,17772,4015,3995,3.0,3.0,1.0,2.0,0.0,92.0,64.062,65.625,64.0,62.906,63.25,65.625
08-11-2026 18:09:58,7274,7607,1429,16384,19.0,98.0,17811,VDD_IN,30433,8382,8549,17576,17811,4016,4073,2.0,12.0,5.0,3.0,0.0,92.0,64.25,65.593,64.062,62.937,63.281,65.593
08-11-2026 18:09:59,7269,7607,1429,16384,19.666666666666668,97.0,17732,VDD_IN,30237,8382,8432,17577,17732,4016,4073,6.0,12.0,4.0,4.0,0.0,92.0,64.375,65.718,63.937,62.937,63.25,65.718
08-11-2026 18:10:00,7269,7607,1430,16384,16.833333333333332,97.0,17654,VDD_IN,29964,8382,8198,17577,17654,4016,4112,4.0,1.0,2.0,2.0,0.0,92.0,64.25,65.687,64.031,63.0,63.312,65.687
08-11-2026 18:10:01,7269,7607,1430,16384,17.166666666666668,97.0,17654,VDD_IN,29925,8382,8120,17577,17654,4016,4151,2.0,2.0,2.0,5.0,0.0,92.0,64.468,65.687,63.937,63.0,63.25,65.687
08-11-2026 18:10:02,7269,7607,1430,16384,16.833333333333332,98.0,17615,VDD_IN,29770,8381,7925,17577,17615,4016,4230,2.0,1.0,3.0,3.0,0.0,92.0,64.187,65.562,64.031,62.875,63.312,65.562
08-11-2026 18:10:03,7269,7607,1430,16384,16.666666666666668,99.0,17497,VDD_IN,29581,8380,7847,17577,17497,4016,4237,3.0,1.0,2.0,2.0,0.0,92.0,64.437,65.031,63.875,62.906,63.312,65.031
08-11-2026 18:10:04,7270,7607,1431,16384,21.833333333333332,99.0,17536,VDD_IN,29969,8380,8432,17577,17536,4016,4001,5.0,7.0,19.0,7.0,1.0,92.0,64.437,65.437,63.906,62.968,63.281,65.437
08-11-2026 18:10:05,7269,7607,1431,16384,17.166666666666668,99.0,17615,VDD_IN,30120,8381,8510,17577,17615,4016,3995,3.0,3.0,4.0,2.0,0.0,91.0,64.093,65.531,64.031,63.031,63.281,65.718
08-11-2026 18:10:06,7270,7607,1431,16384,16.5,99.0,18007,VDD_IN,30903,8381,8823,17577,18007,4016,4073,3.0,1.0,0.0,2.0,0.0,93.0,64.156,65.812,64.0,62.843,63.406,65.812
08-11-2026 18:10:07,7270,7607,1431,16384,18.0,97.0,17811,VDD_IN,30550,8382,8823,17578,17811,4016,3916,1.0,4.0,3.0,2.0,0.0,98.0,64.062,65.843,64.062,62.937,63.25,65.843
08-11-2026 18:10:08,7270,7607,1431,16384,17.166666666666668,97.0,17772,VDD_IN,30471,8382,8744,17578,17772,4016,3955,3.0,2.0,2.0,2.0,0.0,94.0,64.156,65.75,63.937,62.906,63.281,65.75
08-11-2026 18:10:09,7278,7607,1431,16384,22.166666666666668,97.0,17929,VDD_IN,30707,8383,8823,17578,17929,4016,3955,4.0,9.0,20.0,7.0,1.0,92.0,64.312,65.843,63.937,63.0,63.218,65.843
08-11-2026 18:10:10,7278,7607,1431,16384,16.5,98.0,17850,VDD_IN,30511,8383,8666,17579,17850,4016,3995,2.0,2.0,1.0,2.0,0.0,92.0,64.093,65.812,63.968,63.031,63.25,65.812
08-11-2026 18:10:11,7275,7607,1431,16384,17.166666666666668,97.0,17772,VDD_IN,30394,8383,8627,17579,17772,4016,3995,4.0,3.0,1.0,2.0,0.0,93.0,64.187,65.531,64.031,62.906,63.375,65.531
08-11-2026 18:10:12,7275,7607,1431,16384,18.0,97.0,17811,VDD_IN,30433,8383,8588,17579,17811,4016,4034,4.0,7.0,2.0,3.0,0.0,92.0,64.25,65.593,64.062,62.937,63.25,65.593
08-11-2026 18:10:13,7275,7607,1431,16384,16.333333333333332,98.0,17693,VDD_IN,30198,8384,8432,17579,17693,4016,4073,2.0,1.0,1.0,2.0,0.0,92.0,64.156,65.593,63.906,62.968,63.218,65.593
08-11-2026 18:10:14,7277,7607,1431,16384,21.0,97.0,17889,VDD_IN,30550,8384,8588,17580,17889,4016,4073,8.0,17.0,4.0,3.0,1.0,93.0,64.562,65.625,63.968,63.0,63.25,65.625
08-11-2026 18:10:15,7276,7607,1431,16384,18.0,98.0,17693,VDD_IN,30042,8384,8237,17580,17693,4016,4112,5.0,3.0,3.0,5.0,0.0,92.0,64.031,65.625,64.0,63.093,63.187,65.625
08-11-2026 18:10:16,7277,7607,1431,16384,16.5,97.0,17654,VDD_IN,29925,8383,8120,17580,17654,4017,4151,3.0,2.0,1.0,1.0,0.0,92.0,64.156,65.781,64.062,62.906,63.187,65.781
08-11-2026 18:10:17,7277,7607,1431,16384,16.5,98.0,17575,VDD_IN,29691,8383,7886,17580,17575,4017,4230,3.0,2.0,1.0,1.0,0.0,92.0,64.25,65.687,63.937,62.906,63.25,65.687
08-11-2026 18:10:18,7277,7607,1431,16384,17.0,99.0,17486,VDD_IN,29491,8382,7808,17580,17486,4017,4197,3.0,2.0,2.0,2.0,0.0,93.0,64.687,65.25,63.875,63.031,63.25,65.25
08-11-2026 18:10:19,7277,7607,1431,16384,16.666666666666668,99.0,17486,VDD_IN,29880,8382,8354,17580,17486,4017,4040,3.0,2.0,2.0,2.0,0.0,91.0,64.187,65.75,63.968,63.0,63.312,65.75
08-11-2026 18:10:20,7281,7607,1431,16384,21.666666666666668,99.0,17615,VDD_IN,30120,8382,8510,17580,17615,4017,3995,9.0,21.0,3.0,5.0,0.0,92.0,64.031,65.875,64.0,62.937,63.156,65.875
08-11-2026 18:10:21,7281,7607,1431,16384,16.5,99.0,17968,VDD_IN,30864,8383,8823,17580,17968,4017,4073,2.0,2.0,2.0,1.0,0.0,92.0,64.031,65.718,64.093,62.906,63.25,65.718
08-11-2026 18:10:22,7281,7607,1431,16384,17.5,97.0,17772,VDD_IN,30511,8383,8823,17580,17772,4017,3916,3.0,1.0,2.0,1.0,0.0,98.0,64.093,65.593,63.906,62.906,63.25,65.593
08-11-2026 18:10:23,7281,7607,1431,16384,17.333333333333332,97.0,17811,VDD_IN,30550,8384,8784,17581,17811,4017,3955,6.0,2.0,2.0,1.0,0.0,93.0,64.437,65.656,63.875,63.0,63.281,65.656
08-11-2026 18:10:24,7281,7607,1431,16384,17.333333333333332,97.0,17732,VDD_IN,30392,8384,8705,17581,17732,4017,3955,4.0,2.0,4.0,1.0,0.0,93.0,64.187,65.593,64.0,63.0,63.343,65.593
08-11-2026 18:10:25,7275,7607,1431,16384,22.166666666666668,97.0,17929,VDD_IN,30708,8384,8784,17581,17929,4017,3995,2.0,22.0,6.0,10.0,1.0,92.0,64.062,65.781,64.0,62.843,63.281,65.781
08-11-2026 18:10:26,7276,7607,1430,16384,17.333333333333332,97.0,17732,VDD_IN,30315,8385,8588,17581,17732,4017,3995,5.0,3.0,2.0,2.0,0.0,92.0,64.156,65.468,64.062,62.843,63.281,65.468
08-11-2026 18:10:27,7271,7607,1430,16384,17.833333333333332,97.0,17772,VDD_IN,30433,8385,8627,17582,17772,4017,4034,3.0,2.0,5.0,4.0,0.0,93.0,64.218,65.468,63.843,62.875,63.281,65.468
08-11-2026 18:10:28,7268,7607,1431,16384,17.333333333333332,99.0,17732,VDD_IN,30198,8385,8393,17582,17732,4017,4073,3.0,4.0,3.0,2.0,0.0,92.0,64.468,65.593,63.968,62.937,63.218,65.593
08-11-2026 18:10:29,7270,7607,1431,16384,17.0,97.0,17732,VDD_IN,30198,8385,8393,17582,17732,4017,4073,3.0,3.0,2.0,2.0,0.0,92.0,64.218,65.531,63.968,63.125,63.25,65.531
08-11-2026 18:10:30,7275,7607,1431,16384,21.333333333333332,97.0,17850,VDD_IN,30433,8385,8432,17582,17850,4017,4151,10.0,5.0,15.0,6.0,0.0,92.0,64.125,65.625,64.0,62.937,63.25,65.625
08-11-2026 18:10:31,7275,7607,1431,16384,16.666666666666668,97.0,17693,VDD_IN,30003,8385,8120,17582,17693,4017,4190,3.0,1.0,2.0,2.0,0.0,92.0,64.125,65.468,64.031,62.968,63.218,65.468
08-11-2026 18:10:32,7276,7607,1431,16384,16.5,97.0,17575,VDD_IN,29737,8384,7925,17582,17575,4018,4237,2.0,1.0,3.0,1.0,0.0,92.0,64.343,65.718,63.906,62.937,63.187,65.718
08-11-2026 18:10:33,7276,7607,1431,16384,16.0,99.0,17486,VDD_IN,29491,8384,7768,17582,17486,4018,4237,2.0,1.0,0.0,2.0,0.0,91.0,64.75,65.218,64.0,62.937,63.281,65.218
08-11-2026 18:10:34,7276,7607,1431,16384,17.0,99.0,17497,VDD_IN,29891,8384,8393,17582,17497,4018,4001,3.0,2.0,1.0,4.0,0.0,92.0,64.156,65.625,64.031,62.968,63.343,65.625
08-11-2026 18:10:35,7276,7607,1431,16384,16.833333333333332,99.0,17615,VDD_IN,30081,8384,8471,17582,17615,4018,3995,1.0,2.0,3.0,2.0,0.0,93.0,64.031,65.75,63.968,62.906,63.375,65.75
08-11-2026 18:10:36,7281,7607,1431,16384,21.5,99.0,18085,VDD_IN,30966,8384,8808,17583,18085,4018,4073,7.0,7.0,19.0,4.0,0.0,92.0,64.218,65.937,64.0,62.843,63.343,65.937
08-11-2026 18:10:37,7281,7607,1431,16384,17.833333333333332,97.0,17850,VDD_IN,30628,8385,8862,17583,17850,4018,3916,1.0,2.0,2.0,3.0,0.0,99.0,64.187,65.875,63.968,62.937,63.218,65.875
08-11-2026 18:10:38,7270,7607,1431,16384,17.166666666666668,97.0,17772,VDD_IN,30471,8385,8744,17583,17772,4018,3955,2.0,3.0,3.0,2.0,0.0,93.0,64.437,65.593,63.906,62.906,63.218,65.593
08-11-2026 18:10:39,7268,7607,1431,16384,16.5,97.0,17693,VDD_IN,30314,8385,8666,17583,17693,4018,3955,2.0,2.0,2.0,1.0,0.0,92.0,64.031,65.531,63.968,62.968,63.187,65.531
08-11-2026 18:10:40,7271,7607,1431,16384,17.0,97.0,17772,VDD_IN,30433,8386,8666,17584,17772,4018,3995,3.0,1.0,3.0,2.0,0.0,93.0,64.062,65.593,64.0,62.906,63.343,65.593
08-11-2026 18:10:41,7277,7607,1431,16384,20.833333333333332,98.0,17850,VDD_IN,30472,8386,8627,17584,17850,4018,3995,3.0,5.0,6.0,18.0,1.0,92.0,64.156,65.531,63.906,62.875,63.218,65.531
08-11-2026 18:10:42,7277,7607,1431,16384,16.5,97.0,17732,VDD_IN,30315,8386,8549,17584,17732,4018,4034,2.0,2.0,2.0,1.0,0.0,92.0,64.156,65.593,63.875,62.843,63.25,65.593
08-11-2026 18:10:43,7277,7607,1431,16384,16.666666666666668,98.0,17732,VDD_IN,30237,8386,8432,17584,17732,4018,4073,2.0,2.0,3.0,1.0,0.0,92.0,64.375,65.843,63.937,62.875,63.187,65.843
08-11-2026 18:10:44,7277,7607,1431,16384,16.833333333333332,97.0,17693,VDD_IN,30120,8386,8354,17584,17693,4018,4073,3.0,2.0,2.0,2.0,0.0,92.0,64.062,65.906,63.906,62.843,63.125,65.906
08-11-2026 18:10:45,7277,7607,1431,16384,17.333333333333332,97.0,17693,VDD_IN,30042,8386,8237,17585,17693,4018,4112,7.0,1.0,2.0,1.0,0.0,93.0,64.062,65.875,64.062,62.875,63.343,65.875
08-11-2026 18:10:46,7281,7607,1431,16384,21.166666666666668,97.0,17811,VDD_IN,30238,8386,8237,17585,17811,4018,4190,13.0,4.0,2.0,7.0,9.0,92.0,64.156,65.875,63.875,62.843,63.25,65.875
08-11-2026 18:10:47,7283,7607,1431,16384,16.5,97.0,17575,VDD_IN,29698,8385,7886,17585,17575,4018,4237,3.0,2.0,1.0,2.0,0.0,91.0,64.218,65.75,63.843,62.937,63.125,65.75
08-11-2026 18:10:48,7282,7607,1431,16384,16.833333333333332,99.0,17526,VDD_IN,29571,8385,7808,17585,17526,4018,4237,2.0,2.0,2.0,3.0,0.0,92.0,64.781,64.968,63.875,62.937,63.312,64.968
08-11-2026 18:10:49,7282,7607,1431,16384,16.833333333333332,99.0,17486,VDD_IN,29880,8385,8354,17585,17486,4019,4040,2.0,1.0,2.0,4.0,0.0,92.0,64.093,65.531,64.0,62.875,63.281,65.531
08-11-2026 18:10:50,7263,7607,1439,16384,17.833333333333332,99.0,17575,VDD_IN,30086,8385,8510,17585,17575,4019,4001,4.0,5.0,2.0,4.0,0.0,92.0,64.093,65.562,64.0,62.843,63.187,65.562
08-11-2026 18:10:51,7272,7607,1439,16384,19.0,99.0,18164,VDD_IN,31162,8385,8925,17585,18164,4019,4073,10.0,8.0,2.0,1.0,0.0,93.0,64.312,65.843,63.937,63.0,63.281,65.843
08-11-2026 18:10:52,7276,7607,1439,16384,20.166666666666668,97.0,17811,VDD_IN,30589,8386,8862,17586,17811,4018,3916,13.0,2.0,5.0,2.0,1.0,98.0,64.093,65.75,63.937,62.906,63.218,65.75
08-11-2026 18:10:53,7099,7607,1437,16384,16.166666666666668,0.0,9021,VDD_IN,14372,8380,2931,17576,9021,4017,2420,9.0,8.0,4.0,7.0,20.0,49.0,63.343,63.437,63.75,62.906,62.593,63.75
08-11-2026 18:10:54,4370,7607,1425,16384,14.0,0.0,6140,VDD_IN,9008,8371,1234,17563,6140,4014,1634,3.0,3.0,26.0,2.0,4.0,46.0,62.75,62.468,63.343,62.656,61.937,63.343
