08-11-2026 17:56:21 RAM 2059/7607MB (lfb 179x4MB) SWAP 1411/16384MB (cached 135MB) CPU [4%@729,1%@729,2%@729,2%@729,0%@729,0%@729] GR3D_FREQ 0% cpu@60.375C soc2@59.687C soc0@61.156C gpu@60.031C tj@61.156C soc1@60.656C VDD_IN 5184mW/5184mW VDD_CPU_GPU_CV 601mW/601mW VDD_SOC 1484mW/1484mW
08-11-2026 17:56:22 RAM 2182/7607MB (lfb 179x4MB) SWAP 1411/16384MB (cached 135MB) CPU [34%@1344,21%@1344,12%@1344,30%@1344,8%@729,7%@729] GR3D_FREQ 0% cpu@60.843C soc2@59.687C soc0@61.093C gpu@59.937C tj@61.093C soc1@60.5C VDD_IN 5910mW/5547mW VDD_CPU_GPU_CV 1196mW/899mW VDD_SOC 1517mW/1501mW
08-11-2026 17:56:23 RAM 2415/7607MB (lfb 179x4MB) SWAP 1411/16384MB (cached 135MB) CPU [18%@1113,34%@1113,12%@1113,35%@1113,6%@729,2%@729] GR3D_FREQ 0% cpu@60.468C soc2@59.343C soc0@60.843C gpu@60.093C tj@60.843C soc1@60.375C VDD_IN 5870mW/5655mW VDD_CPU_GPU_CV 1036mW/944mW VDD_SOC 1555mW/1519mW
08-11-2026 17:56:24 RAM 3085/7607MB (lfb 179x4MB) SWAP 1411/16384MB (cached 135MB) CPU [38%@1344,37%@1344,47%@1344,43%@1344,39%@1267,40%@1267] GR3D_FREQ 0% cpu@60.468C soc2@59.437C soc0@60.812C gpu@59.968C tj@60.75C soc1@60.25C VDD_IN 6698mW/5916mW VDD_CPU_GPU_CV 1711mW/1136mW VDD_SOC 1594mW/1538mW
08-11-2026 17:56:25 RAM 3753/7607MB (lfb 168x4MB) SWAP 1411/16384MB (cached 135MB) CPU [44%@1344,40%@1344,46%@1344,58%@1344,48%@729,47%@729] GR3D_FREQ 0% cpu@60.156C soc2@59.187C soc0@60.718C gpu@59.906C tj@60.718C soc1@60.187C VDD_IN 6499mW/6032mW VDD_CPU_GPU_CV 1512mW/1211mW VDD_SOC 1594mW/1549mW
08-11-2026 17:56:26 RAM 5535/7607MB (lfb 58x4MB) SWAP 1410/16384MB (cached 135MB) CPU [4%@1267,2%@1267,5%@1267,83%@1267,0%@729,0%@729] GR3D_FREQ 12% cpu@60.125C soc2@59.093C soc0@60.5C gpu@59.906C tj@60.5C soc1@59.968C VDD_IN 7097mW/6210mW VDD_CPU_GPU_CV 1552mW/1268mW VDD_SOC 1791mW/1589mW
08-11-2026 17:56:27 RAM 6080/7607MB (lfb 9x4MB) SWAP 1410/16384MB (cached 135MB) CPU [4%@1344,2%@1344,2%@1344,99%@1344,1%@729,0%@729] GR3D_FREQ 54% cpu@60.875C soc2@59.687C soc0@60.656C gpu@61.625C tj@61.625C soc1@60.093C VDD_IN 14413mW/7382mW VDD_CPU_GPU_CV 6798mW/2058mW VDD_SOC 3075mW/1801mW
08-11-2026 17:56:28 RAM 6085/7607MB (lfb 9x4MB) SWAP 1410/16384MB (cached 135MB) CPU [10%@1344,89%@1344,10%@1344,7%@1344,0%@729,3%@729] GR3D_FREQ 97% cpu@61.125C soc2@60.125C soc0@60.937C gpu@62.312C tj@62.312C soc1@60.312C VDD_IN 17408mW/8635mW VDD_CPU_GPU_CV 8602mW/2876mW VDD_SOC 3805mW/2052mW
08-11-2026 17:56:29 RAM 6599/7607MB (lfb 8x2MB) SWAP 1410/16384MB (cached 135MB) CPU [8%@1344,97%@1344,2%@1344,2%@1344,3%@729,0%@729] GR3D_FREQ 98% cpu@61.062C soc2@60.406C soc0@61.093C gpu@62.5C tj@62.5C soc1@60.093C VDD_IN 17565mW/9627mW VDD_CPU_GPU_CV 8510mW/3502mW VDD_SOC 3923mW/2260mW
08-11-2026 17:56:30 RAM 6600/7607MB (lfb 8x2MB) SWAP 1410/16384MB (cached 135MB) CPU [3%@1344,92%@1344,2%@1344,1%@1344,0%@729,1%@729] GR3D_FREQ 98% cpu@61.218C soc2@60.437C soc0@61.156C gpu@62.625C tj@62.625C soc1@60.25C VDD_IN 17722mW/10437mW VDD_CPU_GPU_CV 8588mW/4011mW VDD_SOC 4001mW/2434mW
08-11-2026 17:56:31 RAM 6600/7607MB (lfb 8x2MB) SWAP 1410/16384MB (cached 135MB) CPU [2%@1344,92%@1344,2%@1344,1%@1344,0%@729,0%@729] GR3D_FREQ 97% cpu@61.406C soc2@60.531C soc0@61.093C gpu@62.781C tj@62.781C soc1@60.375C VDD_IN 17722mW/11099mW VDD_CPU_GPU_CV 8549mW/4423mW VDD_SOC 4001mW/2576mW
08-11-2026 17:56:32 RAM 6600/7607MB (lfb 8x2MB) SWAP 1410/16384MB (cached 135MB) CPU [3%@1344,92%@1344,2%@1344,2%@1344,0%@729,0%@729] GR3D_FREQ 99% cpu@61.562C soc2@60.468C soc0@61.187C gpu@62.781C tj@62.781C soc1@60.375C VDD_IN 17693mW/11648mW VDD_CPU_GPU_CV 8393mW/4754mW VDD_SOC 4040mW/2698mW
08-11-2026 17:56:33 RAM 6602/7607MB (lfb 8x2MB) SWAP 1410/16384MB (cached 135MB) CPU [16%@729,49%@729,5%@729,7%@729,44%@1344,1%@1344] GR3D_FREQ 97% cpu@61.687C soc2@60.531C soc0@61.343C gpu@62.875C tj@62.875C soc1@60.531C VDD_IN 17850mW/12125mW VDD_CPU_GPU_CV 8510mW/5043mW VDD_SOC 4073mW/2804mW
08-11-2026 17:56:34 RAM 6602/7607MB (lfb 8x2MB) SWAP 1410/16384MB (cached 135MB) CPU [2%@729,0%@729,3%@729,1%@729,92%@1344,0%@1344] GR3D_FREQ 97% cpu@61.437C soc2@60.687C soc0@61.343C gpu@62.718C tj@62.718C soc1@60.468C VDD_IN 17693mW/12523mW VDD_CPU_GPU_CV 8237mW/5271mW VDD_SOC 4112mW/2898mW
08-11-2026 17:56:35 RAM 6602/7607MB (lfb 8x2MB) SWAP 1410/16384MB (cached 135MB) CPU [3%@729,1%@729,2%@729,3%@729,92%@1344,0%@1344] GR3D_FREQ 97% cpu@61.562C soc2@60.593C soc0@61.5C gpu@62.843C tj@62.843C soc1@60.437C VDD_IN 17654mW/12865mW VDD_CPU_GPU_CV 8120mW/5461mW VDD_SOC 4158mW/2982mW
08-11-2026 17:56:36 RAM 6602/7607MB (lfb 8x2MB) SWAP 1410/16384MB (cached 135MB) CPU [3%@729,1%@729,3%@729,0%@729,92%@1344,0%@1344] GR3D_FREQ 97% cpu@61.875C soc2@60.687C soc0@61.25C gpu@62.687C tj@62.687C soc1@60.562C VDD_IN 17615mW/13162mW VDD_CPU_GPU_CV 7925mW/5615mW VDD_SOC 4237mW/3060mW
08-11-2026 17:56:37 RAM 6602/7607MB (lfb 8x2MB) SWAP 1410/16384MB (cached 135MB) CPU [1%@729,1%@729,5%@729,2%@729,92%@1344,0%@1344] GR3D_FREQ 99% cpu@61.875C soc2@60.843C soc0@61.5C gpu@62.531C tj@62.531C soc1@60.656C VDD_IN 17565mW/13421mW VDD_CPU_GPU_CV 7847mW/5746mW VDD_SOC 4237mW/3129mW
08-11-2026 17:56:38 RAM 6604/7607MB (lfb 7x2MB) SWAP 1410/16384MB (cached 135MB) CPU [8%@729,5%@729,6%@729,16%@729,92%@1344,0%@1344] GR3D_FREQ 99% cpu@61.718C soc2@60.968C soc0@61.375C gpu@63.062C tj@63.062C soc1@60.531C VDD_IN 17693mW/13658mW VDD_CPU_GPU_CV 8549mW/5902mW VDD_SOC 4040mW/3180mW
08-11-2026 17:56:39 RAM 6604/7607MB (lfb 7x2MB) SWAP 1410/16384MB (cached 135MB) CPU [3%@729,1%@729,1%@729,3%@729,92%@1344,0%@1344] GR3D_FREQ 99% cpu@61.562C soc2@60.781C soc0@61.687C gpu@63.218C tj@63.218C soc1@60.531C VDD_IN 17643mW/13868mW VDD_CPU_GPU_CV 8549mW/6041mW VDD_SOC 4001mW/3223mW
08-11-2026 17:56:40 RAM 6604/7607MB (lfb 7x2MB) SWAP 1410/16384MB (cached 135MB) CPU [3%@729,1%@729,2%@729,2%@729,92%@1344,0%@1344] GR3D_FREQ 99% cpu@61.843C soc2@60.906C soc0@61.468C gpu@63.406C tj@63.406C soc1@60.625C VDD_IN 18046mW/14077mW VDD_CPU_GPU_CV 8823mW/6180mW VDD_SOC 4073mW/3266mW
08-11-2026 17:56:41 RAM 6604/7607MB (lfb 7x2MB) SWAP 1410/16384MB (cached 135MB) CPU [72%@1344,2%@1344,2%@1344,2%@1344,26%@729,0%@729] GR3D_FREQ 97% cpu@62.062C soc2@60.968C soc0@61.625C gpu@63.406C tj@63.406C soc1@60.718C VDD_IN 17772mW/14253mW VDD_CPU_GPU_CV 8823mW/6306mW VDD_SOC 3916mW/3297mW
08-11-2026 17:56:42 RAM 6604/7607MB (lfb 7x2MB) SWAP 1410/16384MB (cached 135MB) CPU [94%@1344,2%@1344,1%@1344,1%@1344,0%@729,0%@729] GR3D_FREQ 97% cpu@61.875C soc2@61.093C soc0@61.687C gpu@63.562C tj@63.562C soc1@60.843C VDD_IN 17811mW/14415mW VDD_CPU_GPU_CV 8784mW/6419mW VDD_SOC 3916mW/3325mW
08-11-2026 17:56:43 RAM 6604/7607MB (lfb 7x2MB) SWAP 1410/16384MB (cached 135MB) CPU [92%@1344,2%@1344,2%@1344,2%@1344,1%@729,0%@729] GR3D_FREQ 97% cpu@62.093C soc2@61.125C soc0@61.781C gpu@63.593C tj@63.593C soc1@60.75C VDD_IN 17732mW/14559mW VDD_CPU_GPU_CV 8705mW/6518mW VDD_SOC 3955mW/3352mW
08-11-2026 17:56:44 RAM 6602/7607MB (lfb 8x2MB) SWAP 1410/16384MB (cached 135MB) CPU [18%@729,6%@729,8%@729,3%@729,89%@1344,0%@1344] GR3D_FREQ 97% cpu@61.812C soc2@61C soc0@61.875C gpu@63.312C tj@63.312C soc1@60.812C VDD_IN 17850mW/14696mW VDD_CPU_GPU_CV 8744mW/6611mW VDD_SOC 3955mW/3377mW
08-11-2026 17:56:45 RAM 6602/7607MB (lfb 8x2MB) SWAP 1410/16384MB (cached 135MB) CPU [3%@729,2%@729,2%@729,1%@729,92%@1344,0%@1344] GR3D_FREQ 97% cpu@61.937C soc2@61.031C soc0@61.718C gpu@63.343C tj@63.343C soc1@60.875C VDD_IN 17732mW/14817mW VDD_CPU_GPU_CV 8588mW/6690mW VDD_SOC 4001mW/3402mW
08-11-2026 17:56:46 RAM 6602/7607MB (lfb 8x2MB) SWAP 1410/16384MB (cached 135MB) CPU [2%@729,2%@729,3%@729,1%@729,92%@1344,0%@1344] GR3D_FREQ 97% cpu@62.093C soc2@61.093C soc0@61.781C gpu@63.343C tj@63.343C soc1@61C VDD_IN 17772mW/14931mW VDD_CPU_GPU_CV 8588mW/6763mW VDD_SOC 3995mW/3425mW
08-11-2026 17:56:47 RAM 6602/7607MB (lfb 8x2MB) SWAP 1410/16384MB (cached 135MB) CPU [1%@729,1%@729,3%@729,3%@729,93%@1344,0%@1344] GR3D_FREQ 99% cpu@61.968C soc2@61.218C soc0@61.843C gpu@63.406C tj@63.406C soc1@61.062C VDD_IN 17732mW/15035mW VDD_CPU_GPU_CV 8471mW/6826mW VDD_SOC 4034mW/3448mW
08-11-2026 17:56:48 RAM 6602/7607MB (lfb 8x2MB) SWAP 1410/16384MB (cached 135MB) CPU [6%@729,2%@729,2%@729,1%@729,92%@1344,0%@1344] GR3D_FREQ 97% cpu@62.031C soc2@61.218C soc0@62C gpu@63.812C tj@63.812C soc1@61C VDD_IN 17772mW/15133mW VDD_CPU_GPU_CV 8432mW/6884mW VDD_SOC 4073mW/3470mW
08-11-2026 17:56:49 RAM 6601/7607MB (lfb 10x2MB) SWAP 1410/16384MB (cached 135MB) CPU [15%@729,4%@729,5%@729,11%@729,94%@1344,0%@1344] GR3D_FREQ 97% cpu@62.156C soc2@61.187C soc0@61.843C gpu@63.718C tj@63.718C soc1@61C VDD_IN 17772mW/15224mW VDD_CPU_GPU_CV 8315mW/6933mW VDD_SOC 4112mW/3492mW
08-11-2026 17:56:50 RAM 6601/7607MB (lfb 10x2MB) SWAP 1410/16384MB (cached 135MB) CPU [2%@729,3%@729,2%@729,2%@729,92%@1344,0%@1344] GR3D_FREQ 97% cpu@62.156C soc2@61.281C soc0@62C gpu@63.843C tj@63.843C soc1@61.031C VDD_IN 17693mW/15306mW VDD_CPU_GPU_CV 8159mW/6974mW VDD_SOC 4158mW/3514mW
08-11-2026 17:56:51 RAM 6602/7607MB (lfb 10x2MB) SWAP 1410/16384MB (cached 135MB) CPU [18%@1344,1%@1344,3%@1344,3%@1344,76%@729,0%@729] GR3D_FREQ 97% cpu@62.343C soc2@61.406C soc0@62C gpu@63.875C tj@63.875C soc1@61.062C VDD_IN 17654mW/15382mW VDD_CPU_GPU_CV 7964mW/7006mW VDD_SOC 4237mW/3538mW
08-11-2026 17:56:52 RAM 6602/7607MB (lfb 10x2MB) SWAP 1410/16384MB (cached 135MB) CPU [17%@729,1%@729,3%@729,0%@729,78%@1344,1%@1344] GR3D_FREQ 99% cpu@62.437C soc2@61.375C soc0@62.125C gpu@62.906C tj@62.906C soc1@61.156C VDD_IN 17565mW/15450mW VDD_CPU_GPU_CV 7768mW/7030mW VDD_SOC 4276mW/3561mW
08-11-2026 17:56:53 RAM 6603/7607MB (lfb 9x2MB) SWAP 1410/16384MB (cached 135MB) CPU [1%@729,1%@729,3%@729,2%@729,92%@1344,0%@1344] GR3D_FREQ 99% cpu@62.406C soc2@61.375C soc0@62.187C gpu@63.375C tj@63.562C soc1@61.156C VDD_IN 17565mW/15514mW VDD_CPU_GPU_CV 8354mW/7070mW VDD_SOC 4040mW/3575mW
08-11-2026 17:56:54 RAM 6605/7607MB (lfb 9x2MB) SWAP 1410/16384MB (cached 135MB) CPU [5%@729,9%@729,10%@729,13%@729,92%@1344,1%@1344] GR3D_FREQ 99% cpu@62.375C soc2@61.375C soc0@62.312C gpu@63.718C tj@63.718C soc1@61.187C VDD_IN 17732mW/15579mW VDD_CPU_GPU_CV 8666mW/7117mW VDD_SOC 3955mW/3586mW
08-11-2026 17:56:55 RAM 6605/7607MB (lfb 8x2MB) SWAP 1410/16384MB (cached 135MB) CPU [1%@729,2%@729,2%@729,2%@729,92%@1344,0%@1344] GR3D_FREQ 99% cpu@62.406C soc2@61.593C soc0@62.187C gpu@63.906C tj@63.906C soc1@61.187C VDD_IN 18046mW/15650mW VDD_CPU_GPU_CV 8823mW/7165mW VDD_SOC 4073mW/3600mW
08-11-2026 17:56:56 RAM 6605/7607MB (lfb 8x2MB) SWAP 1410/16384MB (cached 135MB) CPU [4%@729,1%@729,1%@729,2%@729,98%@1344,0%@1344] GR3D_FREQ 97% cpu@62.406C soc2@61.5C soc0@62.125C gpu@63.812C tj@63.812C soc1@61.343C VDD_IN 17772mW/15709mW VDD_CPU_GPU_CV 8823mW/7212mW VDD_SOC 3923mW/3609mW
08-11-2026 17:56:57 RAM 6606/7607MB (lfb 8x2MB) SWAP 1410/16384MB (cached 135MB) CPU [45%@1344,2%@1344,3%@1344,2%@1344,49%@729,0%@729] GR3D_FREQ 97% cpu@62.375C soc2@61.625C soc0@62.343C gpu@64C tj@64C soc1@61.343C VDD_IN 17811mW/15765mW VDD_CPU_GPU_CV 8823mW/7255mW VDD_SOC 3955mW/3619mW
08-11-2026 17:56:58 RAM 6606/7607MB (lfb 8x2MB) SWAP 1410/16384MB (cached 135MB) CPU [93%@1344,2%@1344,0%@1344,3%@1344,0%@729,0%@729] GR3D_FREQ 97% cpu@62.562C soc2@61.718C soc0@62.281C gpu@63.968C tj@63.968C soc1@61.406C VDD_IN 17732mW/15817mW VDD_CPU_GPU_CV 8705mW/7293mW VDD_SOC 3955mW/3627mW
08-11-2026 17:56:59 RAM 6606/7607MB (lfb 7x2MB) SWAP 1410/16384MB (cached 135MB) CPU [92%@1344,6%@1344,3%@1344,7%@1344,0%@729,4%@729] GR3D_FREQ 97% cpu@62.656C soc2@61.718C soc0@62.375C gpu@64.031C tj@64.031C soc1@61.343C VDD_IN 18007mW/15873mW VDD_CPU_GPU_CV 8901mW/7334mW VDD_SOC 3995mW/3637mW
08-11-2026 17:57:00 RAM 6606/7607MB (lfb 7x2MB) SWAP 1410/16384MB (cached 135MB) CPU [92%@1344,7%@1344,2%@1344,4%@1344,3%@729,1%@729] GR3D_FREQ 98% cpu@62.562C soc2@61.687C soc0@62.343C gpu@63.906C tj@63.906C soc1@61.375C VDD_IN 17811mW/15922mW VDD_CPU_GPU_CV 8627mW/7367mW VDD_SOC 3995mW/3646mW
08-11-2026 17:57:01 RAM 6606/7607MB (lfb 7x2MB) SWAP 1410/16384MB (cached 135MB) CPU [92%@1344,1%@1344,2%@1344,2%@1344,0%@729,0%@729] GR3D_FREQ 97% cpu@62.625C soc2@61.687C soc0@62.25C gpu@64.156C tj@64.156C soc1@61.406C VDD_IN 17772mW/15967mW VDD_CPU_GPU_CV 8588mW/7397mW VDD_SOC 4034mW/3655mW
08-11-2026 17:57:02 RAM 6607/7607MB (lfb 7x2MB) SWAP 1410/16384MB (cached 135MB) CPU [92%@1344,2%@1344,1%@1344,1%@1344,1%@729,1%@729] GR3D_FREQ 99% cpu@62.468C soc2@61.75C soc0@62.312C gpu@63.875C tj@63.875C soc1@61.468C VDD_IN 17732mW/16009mW VDD_CPU_GPU_CV 8471mW/7422mW VDD_SOC 4073mW/3665mW
08-11-2026 17:57:03 RAM 6607/7607MB (lfb 7x2MB) SWAP 1410/16384MB (cached 135MB) CPU [93%@1344,1%@1344,2%@1344,1%@1344,0%@729,0%@729] GR3D_FREQ 97% cpu@62.843C soc2@61.843C soc0@62.468C gpu@63.937C tj@63.937C soc1@61.625C VDD_IN 17772mW/16050mW VDD_CPU_GPU_CV 8432mW/7446mW VDD_SOC 4073mW/3675mW
08-11-2026 17:57:04 RAM 6607/7607MB (lfb 7x2MB) SWAP 1410/16384MB (cached 135MB) CPU [92%@1344,1%@1344,3%@1344,1%@1344,0%@729,0%@729] GR3D_FREQ 97% cpu@62.593C soc2@61.875C soc0@62.593C gpu@63.875C tj@63.875C soc1@61.437C VDD_IN 17693mW/16087mW VDD_CPU_GPU_CV 8237mW/7464mW VDD_SOC 4119mW/3685mW
08-11-2026 17:57:05 RAM 6609/7607MB (lfb 7x2MB) SWAP 1410/16384MB (cached 135MB) CPU [77%@1344,3%@1344,17%@1344,6%@1344,17%@729,0%@729] GR3D_FREQ 97% cpu@62.687C soc2@61.781C soc0@62.406C gpu@64.031C tj@64.031C soc1@61.5C VDD_IN 17772mW/16125mW VDD_CPU_GPU_CV 8198mW/7480mW VDD_SOC 4190mW/3696mW
08-11-2026 17:57:06 RAM 6609/7607MB (lfb 7x2MB) SWAP 1410/16384MB (cached 135MB) CPU [92%@1344,2%@1344,2%@1344,1%@1344,0%@729,0%@729] GR3D_FREQ 97% cpu@62.843C soc2@61.843C soc0@62.5C gpu@63.906C tj@63.906C soc1@61.562C VDD_IN 17693mW/16159mW VDD_CPU_GPU_CV 7964mW/7490mW VDD_SOC 4230mW/3708mW
08-11-2026 17:57:07 RAM 6609/7607MB (lfb 7x2MB) SWAP 1410/16384MB (cached 135MB) CPU [92%@1344,2%@1344,2%@1344,2%@1344,0%@729,0%@729] GR3D_FREQ 99% cpu@62.75C soc2@62.031C soc0@62.562C gpu@63.437C tj@63.437C soc1@61.531C VDD_IN 17536mW/16188mW VDD_CPU_GPU_CV 7886mW/7499mW VDD_SOC 4237mW/3719mW
08-11-2026 17:57:08 RAM 6609/7607MB (lfb 6x2MB) SWAP 1410/16384MB (cached 135MB) CPU [92%@1344,2%@1344,2%@1344,2%@1344,0%@729,0%@729] GR3D_FREQ 99% cpu@63.031C soc2@61.968C soc0@62.593C gpu@64C tj@64C soc1@61.687C VDD_IN 17536mW/16216mW VDD_CPU_GPU_CV 8432mW/7518mW VDD_SOC 4001mW/3725mW
08-11-2026 17:57:09 RAM 6609/7607MB (lfb 6x2MB) SWAP 1410/16384MB (cached 135MB) CPU [6%@729,2%@729,3%@729,1%@729,88%@1344,0%@1344] GR3D_FREQ 99% cpu@62.593C soc2@61.843C soc0@62.687C gpu@64.062C tj@64.062C soc1@61.406C VDD_IN 17615mW/16245mW VDD_CPU_GPU_CV 8510mW/7539mW VDD_SOC 4001mW/3730mW
08-11-2026 17:57:10 RAM 6612/7607MB (lfb 5x2MB) SWAP 1410/16384MB (cached 135MB) CPU [10%@729,9%@729,10%@729,13%@729,93%@729,0%@729] GR3D_FREQ 99% cpu@62.843C soc2@61.906C soc0@62.375C gpu@64.531C tj@64.531C soc1@61.531C VDD_IN 18203mW/16284mW VDD_CPU_GPU_CV 8979mW/7567mW VDD_SOC 4073mW/3737mW
08-11-2026 17:57:11 RAM 6612/7607MB (lfb 5x2MB) SWAP 1410/16384MB (cached 135MB) CPU [4%@729,0%@729,3%@729,1%@729,98%@1344,0%@1344] GR3D_FREQ 97% cpu@62.843C soc2@61.875C soc0@62.562C gpu@64.5C tj@64.5C soc1@61.656C VDD_IN 17889mW/16315mW VDD_CPU_GPU_CV 8901mW/7594mW VDD_SOC 3916mW/3741mW
08-11-2026 17:57:12 RAM 6612/7607MB (lfb 5x2MB) SWAP 1410/16384MB (cached 135MB) CPU [2%@729,2%@729,2%@729,1%@729,92%@1344,0%@1344] GR3D_FREQ 97% cpu@62.593C soc2@61.968C soc0@62.562C gpu@64.625C tj@64.625C soc1@61.718C VDD_IN 17811mW/16344mW VDD_CPU_GPU_CV 8823mW/7617mW VDD_SOC 3955mW/3745mW
08-11-2026 17:57:13 RAM 6612/7607MB (lfb 5x2MB) SWAP 1410/16384MB (cached 135MB) CPU [2%@729,2%@729,3%@729,3%@729,92%@1344,0%@1344] GR3D_FREQ 97% cpu@62.75C soc2@62.031C soc0@62.75C gpu@64.531C tj@64.531C soc1@61.812C VDD_IN 17772mW/16371mW VDD_CPU_GPU_CV 8744mW/7638mW VDD_SOC 3955mW/3749mW
08-11-2026 17:57:14 RAM 6612/7607MB (lfb 5x2MB) SWAP 1410/16384MB (cached 135MB) CPU [3%@1113,2%@1113,1%@1113,2%@1113,92%@1344,0%@1344] GR3D_FREQ 97% cpu@62.875C soc2@61.781C soc0@62.75C gpu@64.593C tj@64.281C soc1@61.625C VDD_IN 17811mW/16398mW VDD_CPU_GPU_CV 8744mW/7659mW VDD_SOC 3995mW/3753mW
08-11-2026 17:57:15 RAM 6614/7607MB (lfb 4x2MB) SWAP 1410/16384MB (cached 135MB) CPU [4%@1036,2%@1036,9%@1036,19%@1036,92%@1344,0%@1344] GR3D_FREQ 97% cpu@63.125C soc2@61.875C soc0@62.687C gpu@64.25C tj@64.25C soc1@61.687C VDD_IN 18007mW/16427mW VDD_CPU_GPU_CV 8823mW/7680mW VDD_SOC 4034mW/3758mW
08-11-2026 17:57:16 RAM 6614/7607MB (lfb 4x2MB) SWAP 1410/16384MB (cached 135MB) CPU [3%@729,1%@729,1%@729,1%@729,93%@1344,0%@1344] GR3D_FREQ 98% cpu@62.875C soc2@62.031C soc0@62.75C gpu@64.687C tj@64.687C soc1@61.781C VDD_IN 17850mW/16452mW VDD_CPU_GPU_CV 8627mW/7697mW VDD_SOC 4034mW/3763mW
08-11-2026 17:57:17 RAM 6615/7607MB (lfb 4x2MB) SWAP 1410/16384MB (cached 135MB) CPU [2%@729,2%@729,2%@729,2%@729,92%@1344,1%@1344] GR3D_FREQ 97% cpu@62.875C soc2@61.968C soc0@62.781C gpu@64.187C tj@64.187C soc1@61.687C VDD_IN 17772mW/16476mW VDD_CPU_GPU_CV 8510mW/7711mW VDD_SOC 4073mW/3769mW
08-11-2026 17:57:18 RAM 6615/7607MB (lfb 4x2MB) SWAP 1410/16384MB (cached 135MB) CPU [2%@1113,3%@1113,2%@1113,2%@1113,92%@1344,0%@1344] GR3D_FREQ 97% cpu@62.843C soc2@61.968C soc0@62.687C gpu@64.218C tj@64.218C soc1@61.781C VDD_IN 17772mW/16498mW VDD_CPU_GPU_CV 8432mW/7724mW VDD_SOC 4073mW/3774mW
08-11-2026 17:57:19 RAM 6616/7607MB (lfb 3x2MB) SWAP 1410/16384MB (cached 135MB) CPU [2%@729,3%@729,4%@729,2%@729,92%@1344,0%@1344] GR3D_FREQ 97% cpu@63.062C soc2@62.062C soc0@62.656C gpu@64.25C tj@64.25C soc1@61.843C VDD_IN 17732mW/16519mW VDD_CPU_GPU_CV 8237mW/7732mW VDD_SOC 4119mW/3780mW
08-11-2026 17:57:20 RAM 6616/7607MB (lfb 3x2MB) SWAP 1410/16384MB (cached 135MB) CPU [2%@1344,1%@1344,6%@1344,3%@1344,93%@1344,0%@1344] GR3D_FREQ 97% cpu@63.281C soc2@62.031C soc0@62.843C gpu@64.25C tj@64.25C soc1@61.875C VDD_IN 17654mW/16538mW VDD_CPU_GPU_CV 8159mW/7739mW VDD_SOC 4158mW/3786mW
08-11-2026 17:57:21 RAM 6618/7607MB (lfb 2x2MB) SWAP 1410/16384MB (cached 135MB) CPU [10%@729,3%@729,16%@729,7%@729,92%@1344,0%@1344] GR3D_FREQ 97% cpu@62.968C soc2@62.125C soc0@62.843C gpu@64.062C tj@64.062C soc1@61.75C VDD_IN 17615mW/16555mW VDD_CPU_GPU_CV 7964mW/7743mW VDD_SOC 4237mW/3794mW
08-11-2026 17:57:22 RAM 6618/7607MB (lfb 2x2MB) SWAP 1410/16384MB (cached 135MB) CPU [3%@1344,1%@1344,1%@1344,1%@1344,92%@1344,0%@1344] GR3D_FREQ 99% cpu@63.187C soc2@62.093C soc0@62.812C gpu@63.656C tj@63.656C soc1@61.781C VDD_IN 17447mW/16570mW VDD_CPU_GPU_CV 7781mW/7744mW VDD_SOC 4237mW/3801mW
08-11-2026 17:57:23 RAM 6619/7607MB (lfb 2x2MB) SWAP 1410/16384MB (cached 135MB) CPU [3%@729,1%@729,3%@729,2%@729,93%@1344,0%@1344] GR3D_FREQ 99% cpu@63.218C soc2@62.156C soc0@62.812C gpu@64C tj@64C soc1@61.906C VDD_IN 17329mW/16582mW VDD_CPU_GPU_CV 8276mW/7752mW VDD_SOC 3962mW/3803mW
08-11-2026 17:57:24 RAM 6619/7607MB (lfb 2x2MB) SWAP 1410/16384MB (cached 135MB) CPU [3%@729,0%@729,4%@729,1%@729,92%@1344,0%@1344] GR3D_FREQ 99% cpu@62.906C soc2@62.187C soc0@62.843C gpu@64.25C tj@64.25C soc1@61.937C VDD_IN 17526mW/16597mW VDD_CPU_GPU_CV 8432mW/7763mW VDD_SOC 4001mW/3806mW
08-11-2026 17:57:25 RAM 6620/7607MB (lfb 2x2MB) SWAP 1410/16384MB (cached 135MB) CPU [3%@1344,2%@1344,0%@1344,2%@1344,91%@729,0%@729] GR3D_FREQ 99% cpu@63.343C soc2@62.281C soc0@62.937C gpu@64.343C tj@64.343C soc1@62C VDD_IN 17850mW/16616mW VDD_CPU_GPU_CV 8744mW/7778mW VDD_SOC 4034mW/3810mW
08-11-2026 17:57:26 RAM 6618/7607MB (lfb 2x2MB) SWAP 1410/16384MB (cached 135MB) CPU [6%@729,15%@729,6%@729,14%@729,99%@1344,0%@1344] GR3D_FREQ 98% cpu@62.937C soc2@62.156C soc0@63C gpu@64.531C tj@64.531C soc1@61.906C VDD_IN 17772mW/16633mW VDD_CPU_GPU_CV 8823mW/7794mW VDD_SOC 3916mW/3812mW
08-11-2026 17:57:27 RAM 6618/7607MB (lfb 2x2MB) SWAP 1410/16384MB (cached 135MB) CPU [4%@729,1%@729,3%@729,1%@729,93%@1344,0%@1344] GR3D_FREQ 97% cpu@63C soc2@62.281C soc0@62.812C gpu@64.687C tj@64.687C soc1@61.937C VDD_IN 17654mW/16649mW VDD_CPU_GPU_CV 8705mW/7807mW VDD_SOC 3916mW/3813mW
08-11-2026 17:57:28 RAM 6618/7607MB (lfb 2x2MB) SWAP 1410/16384MB (cached 135MB) CPU [3%@729,2%@729,1%@729,1%@729,93%@1344,0%@1344] GR3D_FREQ 97% cpu@63.25C soc2@62.281C soc0@62.937C gpu@64.625C tj@64.625C soc1@61.906C VDD_IN 17654mW/16663mW VDD_CPU_GPU_CV 8666mW/7820mW VDD_SOC 3923mW/3815mW
08-11-2026 17:57:29 RAM 6619/7607MB (lfb 2x2MB) SWAP 1410/16384MB (cached 135MB) CPU [2%@729,3%@729,1%@729,2%@729,92%@1344,0%@1344] GR3D_FREQ 97% cpu@63C soc2@62.187C soc0@63.031C gpu@64.625C tj@64.625C soc1@62.093C VDD_IN 17654mW/16678mW VDD_CPU_GPU_CV 8666mW/7832mW VDD_SOC 3962mW/3817mW
08-11-2026 17:57:30 RAM 6619/7607MB (lfb 2x2MB) SWAP 1410/16384MB (cached 135MB) CPU [2%@729,4%@729,1%@729,6%@729,92%@1344,0%@1344] GR3D_FREQ 97% cpu@63.312C soc2@62.281C soc0@62.968C gpu@64.687C tj@64.687C soc1@62.156C VDD_IN 17615mW/16691mW VDD_CPU_GPU_CV 8549mW/7842mW VDD_SOC 4001mW/3819mW
08-11-2026 17:57:31 RAM 6597/7607MB (lfb 1x2MB) SWAP 1410/16384MB (cached 135MB) CPU [5%@729,19%@729,4%@729,10%@729,92%@1344,0%@1344] GR3D_FREQ 98% cpu@63.156C soc2@62.218C soc0@63.062C gpu@64.781C tj@64.781C soc1@61.968C VDD_IN 17811mW/16707mW VDD_CPU_GPU_CV 8666mW/7854mW VDD_SOC 3995mW/3822mW
08-11-2026 17:57:32 RAM 6598/7607MB (lfb 1x2MB) SWAP 1410/16384MB (cached 135MB) CPU [2%@729,2%@729,1%@729,2%@729,93%@1344,0%@1344] GR3D_FREQ 99% cpu@63.093C soc2@62.218C soc0@62.968C gpu@64.5C tj@64.5C soc1@62C VDD_IN 17615mW/16720mW VDD_CPU_GPU_CV 8393mW/7862mW VDD_SOC 4040mW/3825mW
08-11-2026 17:57:33 RAM 6599/7607MB (lfb 1x2MB) SWAP 1410/16384MB (cached 135MB) CPU [2%@729,1%@729,2%@729,2%@729,92%@1344,0%@1344] GR3D_FREQ 97% cpu@63.156C soc2@62.343C soc0@63.031C gpu@64.562C tj@64.562C soc1@61.968C VDD_IN 17654mW/16732mW VDD_CPU_GPU_CV 8354mW/7868mW VDD_SOC 4080mW/3828mW
08-11-2026 17:57:34 RAM 6599/7607MB (lfb 1x2MB) SWAP 1410/16384MB (cached 135MB) CPU [3%@729,4%@729,1%@729,2%@729,92%@1344,0%@1344] GR3D_FREQ 97% cpu@63.062C soc2@62.281C soc0@63.093C gpu@64.593C tj@64.593C soc1@62.031C VDD_IN 17615mW/16744mW VDD_CPU_GPU_CV 8198mW/7873mW VDD_SOC 4119mW/3832mW
08-11-2026 17:57:35 RAM 6605/7607MB (lfb 1x2MB) SWAP 1410/16384MB (cached 135MB) CPU [3%@729,2%@729,1%@729,2%@729,92%@1344,1%@1344] GR3D_FREQ 97% cpu@63.125C soc2@62.281C soc0@63.062C gpu@64.531C tj@64.531C soc1@62.187C VDD_IN 17575mW/16755mW VDD_CPU_GPU_CV 8081mW/7876mW VDD_SOC 4158mW/3837mW
08-11-2026 17:57:36 RAM 6605/7607MB (lfb 2x2MB) SWAP 1410/16384MB (cached 135MB) CPU [2%@729,2%@729,5%@729,7%@729,92%@1344,0%@1344] GR3D_FREQ 97% cpu@63.375C soc2@62.25C soc0@63.125C gpu@64.5C tj@64.5C soc1@62C VDD_IN 17654mW/16767mW VDD_CPU_GPU_CV 8003mW/7877mW VDD_SOC 4237mW/3842mW
08-11-2026 17:57:37 RAM 6609/7607MB (lfb 2x2MB) SWAP 1410/16384MB (cached 135MB) CPU [6%@729,4%@729,15%@729,3%@729,92%@1344,0%@1344] GR3D_FREQ 99% cpu@63.5C soc2@62.343C soc0@63.031C gpu@64.312C tj@64.312C soc1@62.031C VDD_IN 17526mW/16777mW VDD_CPU_GPU_CV 7781mW/7876mW VDD_SOC 4276mW/3848mW
08-11-2026 17:57:38 RAM 6610/7607MB (lfb 2x2MB) SWAP 1410/16384MB (cached 135MB) CPU [2%@729,0%@729,2%@729,2%@729,92%@1344,0%@1344] GR3D_FREQ 99% cpu@63.531C soc2@62.375C soc0@63.031C gpu@64.843C tj@64.843C soc1@62.093C VDD_IN 17447mW/16786mW VDD_CPU_GPU_CV 8276mW/7881mW VDD_SOC 4040mW/3850mW
08-11-2026 17:57:39 RAM 6610/7607MB (lfb 2x2MB) SWAP 1410/16384MB (cached 135MB) CPU [3%@729,1%@729,3%@729,2%@729,92%@1344,0%@1344] GR3D_FREQ 99% cpu@63.093C soc2@62.437C soc0@63.125C gpu@64.968C tj@64.968C soc1@62.156C VDD_IN 17486mW/16795mW VDD_CPU_GPU_CV 8354mW/7887mW VDD_SOC 4001mW/3852mW
08-11-2026 17:57:40 RAM 6610/7607MB (lfb 2x2MB) SWAP 1410/16384MB (cached 135MB) CPU [3%@729,2%@729,5%@729,3%@729,91%@1344,1%@1344] GR3D_FREQ 99% cpu@63.312C soc2@62.437C soc0@63.093C gpu@65.25C tj@65.25C soc1@62.062C VDD_IN 17968mW/16809mW VDD_CPU_GPU_CV 8744mW/7898mW VDD_SOC 4073mW/3855mW
08-11-2026 17:57:41 RAM 6614/7607MB (lfb 2x1MB) SWAP 1410/16384MB (cached 135MB) CPU [2%@729,2%@729,1%@729,2%@729,0%@1344,99%@1344] GR3D_FREQ 97% cpu@63.281C soc2@62.312C soc0@63.031C gpu@64.593C tj@64.593C soc1@62.062C VDD_IN 17732mW/16821mW VDD_CPU_GPU_CV 8784mW/7909mW VDD_SOC 3923mW/3856mW
08-11-2026 17:57:42 RAM 6613/7607MB (lfb 1x2MB) SWAP 1410/16384MB (cached 135MB) CPU [8%@729,4%@729,6%@729,20%@729,0%@1344,93%@1344] GR3D_FREQ 97% cpu@63.562C soc2@62.406C soc0@63.062C gpu@64.75C tj@64.75C soc1@62.093C VDD_IN 17772mW/16832mW VDD_CPU_GPU_CV 8823mW/7920mW VDD_SOC 3916mW/3856mW
08-11-2026 17:57:43 RAM 6613/7607MB (lfb 1x2MB) SWAP 1410/16384MB (cached 135MB) CPU [1%@729,1%@729,2%@729,0%@729,0%@1344,92%@1344] GR3D_FREQ 97% cpu@63.437C soc2@62.375C soc0@63.031C gpu@64.843C tj@64.843C soc1@62.25C VDD_IN 17693mW/16843mW VDD_CPU_GPU_CV 8666mW/7929mW VDD_SOC 3962mW/3858mW
08-11-2026 17:57:44 RAM 6613/7607MB (lfb 1x2MB) SWAP 1410/16384MB (cached 135MB) CPU [3%@729,2%@729,1%@729,3%@729,0%@1344,92%@1344] GR3D_FREQ 97% cpu@63.218C soc2@62.406C soc0@63.093C gpu@64.843C tj@64.843C soc1@62.25C VDD_IN 17693mW/16853mW VDD_CPU_GPU_CV 8666mW/7938mW VDD_SOC 3962mW/3859mW
08-11-2026 17:57:45 RAM 6613/7607MB (lfb 1x2MB) SWAP 1410/16384MB (cached 135MB) CPU [1%@729,0%@1344,3%@1344,2%@1344,0%@1344,93%@1344] GR3D_FREQ 97% cpu@63.312C soc2@62.531C soc0@63.281C gpu@64.781C tj@64.781C soc1@62.187C VDD_IN 17654mW/16862mW VDD_CPU_GPU_CV 8549mW/7945mW VDD_SOC 3995mW/3860mW
08-11-2026 17:57:46 RAM 6613/7607MB (lfb 1x2MB) SWAP 1410/16384MB (cached 135MB) CPU [2%@729,2%@729,2%@729,2%@729,0%@1344,92%@1344] GR3D_FREQ 97% cpu@63.406C soc2@62.437C soc0@63.093C gpu@64.906C tj@64.906C soc1@62.093C VDD_IN 17693mW/16872mW VDD_CPU_GPU_CV 8549mW/7952mW VDD_SOC 4001mW/3862mW
08-11-2026 17:57:47 RAM 6620/7607MB (lfb 2x1MB) SWAP 1408/16384MB (cached 136MB) CPU [7%@729,6%@729,21%@729,9%@729,0%@1344,92%@1344] GR3D_FREQ 99% cpu@63.625C soc2@62.562C soc0@63.218C gpu@64.843C tj@64.843C soc1@62.281C VDD_IN 17772mW/16882mW VDD_CPU_GPU_CV 8510mW/7958mW VDD_SOC 4073mW/3865mW
08-11-2026 17:57:48 RAM 6567/7607MB (lfb 2x2MB) SWAP 1408/16384MB (cached 136MB) CPU [4%@729,4%@729,3%@729,2%@729,0%@1344,93%@1344] GR3D_FREQ 97% cpu@63.531C soc2@62.468C soc0@63.25C gpu@64.781C tj@64.781C soc1@62.218C VDD_IN 17693mW/16891mW VDD_CPU_GPU_CV 8393mW/7963mW VDD_SOC 4073mW/3867mW
08-11-2026 17:57:49 RAM 6573/7607MB (lfb 2x4MB) SWAP 1408/16384MB (cached 136MB) CPU [1%@729,9%@729,1%@729,4%@729,0%@1344,92%@1344] GR3D_FREQ 97% cpu@63.312C soc2@62.531C soc0@63.125C gpu@64.718C tj@64.718C soc1@62.281C VDD_IN 17654mW/16900mW VDD_CPU_GPU_CV 8198mW/7966mW VDD_SOC 4119mW/3870mW
08-11-2026 17:57:50 RAM 6573/7607MB (lfb 2x4MB) SWAP 1408/16384MB (cached 136MB) CPU [3%@729,5%@729,2%@729,4%@729,0%@1344,92%@1344] GR3D_FREQ 97% cpu@63.343C soc2@62.562C soc0@63.218C gpu@64.718C tj@64.718C soc1@62.218C VDD_IN 17693mW/16909mW VDD_CPU_GPU_CV 8120mW/7968mW VDD_SOC 4151mW/3873mW
08-11-2026 17:57:51 RAM 6578/7607MB (lfb 2x4MB) SWAP 1408/16384MB (cached 136MB) CPU [2%@729,2%@729,2%@729,2%@729,0%@1344,92%@1344] GR3D_FREQ 97% cpu@63.593C soc2@62.406C soc0@63.156C gpu@64.625C tj@64.625C soc1@62.218C VDD_IN 17615mW/16916mW VDD_CPU_GPU_CV 7925mW/7967mW VDD_SOC 4230mW/3877mW
08-11-2026 17:57:52 RAM 6584/7607MB (lfb 1x4MB) SWAP 1408/16384MB (cached 136MB) CPU [4%@1190,4%@1190,17%@1190,6%@1190,0%@1344,92%@1344] GR3D_FREQ 99% cpu@64.156C soc2@62.562C soc0@63.281C gpu@64.25C tj@64.25C soc1@62.25C VDD_IN 17654mW/16924mW VDD_CPU_GPU_CV 8003mW/7968mW VDD_SOC 4237mW/3881mW
08-11-2026 17:57:53 RAM 6584/7607MB (lfb 1x4MB) SWAP 1408/16384MB (cached 136MB) CPU [7%@729,2%@729,3%@729,2%@729,0%@1344,91%@1344] GR3D_FREQ 99% cpu@63.5C soc2@62.5C soc0@63.218C gpu@64.906C tj@64.906C soc1@62.312C VDD_IN 17486mW/16931mW VDD_CPU_GPU_CV 8393mW/7972mW VDD_SOC 4001mW/3882mW
08-11-2026 17:57:54 RAM 6584/7607MB (lfb 1x4MB) SWAP 1408/16384MB (cached 136MB) CPU [1%@729,2%@729,1%@729,1%@729,0%@1344,92%@1344] GR3D_FREQ 99% cpu@63.25C soc2@62.625C soc0@63.375C gpu@64.968C tj@64.968C soc1@62.375C VDD_IN 17565mW/16937mW VDD_CPU_GPU_CV 8471mW/7977mW VDD_SOC 4001mW/3883mW
08-11-2026 17:57:55 RAM 6585/7607MB (lfb 1x4MB) SWAP 1408/16384MB (cached 136MB) CPU [2%@729,4%@729,2%@729,1%@729,0%@729,92%@729] GR3D_FREQ 99% cpu@63.375C soc2@62.562C soc0@63.281C gpu@65.218C tj@65.218C soc1@62.25C VDD_IN 17968mW/16948mW VDD_CPU_GPU_CV 8862mW/7987mW VDD_SOC 4034mW/3885mW
08-11-2026 17:57:56 RAM 6585/7607MB (lfb 1x4MB) SWAP 1408/16384MB (cached 136MB) CPU [1%@729,2%@729,3%@729,2%@729,0%@1344,99%@1344] GR3D_FREQ 97% cpu@63.468C soc2@62.531C soc0@63.187C gpu@65.156C tj@65.156C soc1@62.25C VDD_IN 17811mW/16957mW VDD_CPU_GPU_CV 8823mW/7995mW VDD_SOC 3916mW/3885mW
08-11-2026 17:57:57 RAM 6585/7607MB (lfb 1x4MB) SWAP 1408/16384MB (cached 136MB) CPU [2%@729,1%@729,1%@729,5%@729,0%@1344,93%@1344] GR3D_FREQ 97% cpu@63.718C soc2@62.593C soc0@63.218C gpu@65.218C tj@64.968C soc1@62.281C VDD_IN 17772mW/16966mW VDD_CPU_GPU_CV 8744mW/8003mW VDD_SOC 3955mW/3886mW
08-11-2026 17:57:58 RAM 6585/7607MB (lfb 1x4MB) SWAP 1408/16384MB (cached 136MB) CPU [7%@960,18%@960,3%@960,8%@960,0%@1344,92%@1344] GR3D_FREQ 97% cpu@63.343C soc2@62.593C soc0@63.312C gpu@64.937C tj@64.937C soc1@62.468C VDD_IN 17811mW/16974mW VDD_CPU_GPU_CV 8744mW/8011mW VDD_SOC 3955mW/3887mW
08-11-2026 17:57:59 RAM 6585/7607MB (lfb 1x4MB) SWAP 1408/16384MB (cached 136MB) CPU [2%@729,1%@729,2%@729,3%@729,1%@1344,92%@1344] GR3D_FREQ 97% cpu@63.5C soc2@62.656C soc0@63.468C gpu@65C tj@65C soc1@62.25C VDD_IN 17772mW/16982mW VDD_CPU_GPU_CV 8666mW/8017mW VDD_SOC 3955mW/3887mW
08-11-2026 17:58:00 RAM 6586/7607MB (lfb 1x4MB) SWAP 1408/16384MB (cached 136MB) CPU [6%@729,3%@729,2%@729,3%@729,0%@1344,92%@1344] GR3D_FREQ 98% cpu@63.687C soc2@62.593C soc0@63.218C gpu@64.968C tj@64.968C soc1@62.25C VDD_IN 17732mW/16990mW VDD_CPU_GPU_CV 8549mW/8023mW VDD_SOC 3995mW/3888mW
08-11-2026 17:58:01 RAM 6590/7607MB (lfb 1x4MB) SWAP 1408/16384MB (cached 136MB) CPU [5%@729,2%@729,1%@729,2%@729,0%@1344,93%@1344] GR3D_FREQ 97% cpu@63.5C soc2@62.593C soc0@63.343C gpu@65.062C tj@65.062C soc1@62.312C VDD_IN 17732mW/16997mW VDD_CPU_GPU_CV 8549mW/8028mW VDD_SOC 3995mW/3889mW
08-11-2026 17:58:02 RAM 6591/7607MB (lfb 1x4MB) SWAP 1408/16384MB (cached 136MB) CPU [0%@729,1%@729,2%@729,2%@729,0%@1344,92%@1344] GR3D_FREQ 98% cpu@63.812C soc2@62.656C soc0@63.375C gpu@65.125C tj@65.125C soc1@62.437C VDD_IN 17732mW/17004mW VDD_CPU_GPU_CV 8393mW/8031mW VDD_SOC 4034mW/3891mW
08-11-2026 17:58:04 RAM 6592/7607MB (lfb 1x4MB) SWAP 1408/16384MB (cached 136MB) CPU [10%@729,19%@729,3%@729,5%@729,0%@1344,92%@1344] GR3D_FREQ 97% cpu@63.468C soc2@62.718C soc0@63.406C gpu@65.281C tj@65.281C soc1@62.437C VDD_IN 17772mW/17012mW VDD_CPU_GPU_CV 8471mW/8036mW VDD_SOC 4073mW/3893mW
08-11-2026 17:58:05 RAM 6593/7607MB (lfb 1x4MB) SWAP 1408/16384MB (cached 136MB) CPU [2%@729,0%@729,1%@729,2%@729,0%@1344,93%@1344] GR3D_FREQ 97% cpu@63.562C soc2@62.687C soc0@63.468C gpu@65.218C tj@65.218C soc1@62.312C VDD_IN 17615mW/17018mW VDD_CPU_GPU_CV 8237mW/8038mW VDD_SOC 4119mW/3895mW
08-11-2026 17:58:06 RAM 6594/7607MB (lfb 1x4MB) SWAP 1408/16384MB (cached 136MB) CPU [2%@729,1%@729,2%@729,3%@729,0%@1344,92%@1344] GR3D_FREQ 97% cpu@63.656C soc2@62.593C soc0@63.156C gpu@65.25C tj@65.25C soc1@62.312C VDD_IN 17615mW/17023mW VDD_CPU_GPU_CV 8120mW/8038mW VDD_SOC 4158mW/3897mW
08-11-2026 17:58:07 RAM 6594/7607MB (lfb 1x4MB) SWAP 1408/16384MB (cached 136MB) CPU [3%@729,0%@729,2%@729,2%@729,0%@1344,92%@1344] GR3D_FREQ 97% cpu@63.718C soc2@62.656C soc0@63.312C gpu@64.781C tj@64.781C soc1@62.343C VDD_IN 17575mW/17028mW VDD_CPU_GPU_CV 7964mW/8038mW VDD_SOC 4237mW/3900mW
08-11-2026 17:58:08 RAM 6595/7607MB (lfb 1x4MB) SWAP 1408/16384MB (cached 136MB) CPU [3%@729,2%@729,1%@729,3%@729,0%@1344,91%@1344] GR3D_FREQ 99% cpu@64.062C soc2@62.812C soc0@63.312C gpu@64.375C tj@64.375C soc1@62.437C VDD_IN 17486mW/17033mW VDD_CPU_GPU_CV 7820mW/8036mW VDD_SOC 4237mW/3904mW
08-11-2026 17:58:09 RAM 6594/7607MB (lfb 1x4MB) SWAP 1408/16384MB (cached 136MB) CPU [9%@729,4%@729,4%@729,17%@729,0%@1344,92%@1344] GR3D_FREQ 99% cpu@63.562C soc2@62.812C soc0@63.406C gpu@64.906C tj@64.906C soc1@62.437C VDD_IN 17683mW/17039mW VDD_CPU_GPU_CV 8471mW/8040mW VDD_SOC 4034mW/3905mW
08-11-2026 17:58:10 RAM 6595/7607MB (lfb 1x4MB) SWAP 1408/16384MB (cached 136MB) CPU [2%@729,0%@729,4%@729,3%@729,0%@1344,93%@1344] GR3D_FREQ 99% cpu@63.562C soc2@62.593C soc0@63.406C gpu@65C tj@65C soc1@62.343C VDD_IN 17536mW/17043mW VDD_CPU_GPU_CV 8510mW/8044mW VDD_SOC 4001mW/3906mW
08-11-2026 17:58:11 RAM 6595/7607MB (lfb 1x4MB) SWAP 1408/16384MB (cached 136MB) CPU [2%@729,2%@729,1%@729,2%@729,0%@1344,92%@1344] GR3D_FREQ 99% cpu@63.687C soc2@62.656C soc0@63.5C gpu@65.281C tj@65.281C soc1@62.375C VDD_IN 18046mW/17052mW VDD_CPU_GPU_CV 8784mW/8051mW VDD_SOC 4073mW/3907mW
08-11-2026 17:58:12 RAM 6598/7607MB (lfb 1x4MB) SWAP 1408/16384MB (cached 136MB) CPU [2%@729,2%@729,2%@729,2%@729,2%@1344,98%@1344] GR3D_FREQ 98% cpu@63.562C soc2@62.656C soc0@63.343C gpu@65.218C tj@65.218C soc1@62.437C VDD_IN 17772mW/17059mW VDD_CPU_GPU_CV 8823mW/8058mW VDD_SOC 3916mW/3907mW
08-11-2026 17:58:13 RAM 6596/7607MB (lfb 1x4MB) SWAP 1408/16384MB (cached 136MB) CPU [2%@729,1%@729,2%@729,2%@729,0%@1344,94%@1344] GR3D_FREQ 97% cpu@63.812C soc2@62.656C soc0@63.375C gpu@65.218C tj@65.218C soc1@62.468C VDD_IN 17811mW/17066mW VDD_CPU_GPU_CV 8744mW/8064mW VDD_SOC 3955mW/3908mW
08-11-2026 17:58:14 RAM 6597/7607MB (lfb 1x4MB) SWAP 1408/16384MB (cached 136MB) CPU [3%@729,1%@729,1%@729,4%@729,0%@1344,92%@1344] GR3D_FREQ 97% cpu@63.593C soc2@62.781C soc0@63.468C gpu@64.937C tj@64.937C soc1@62.375C VDD_IN 17693mW/17071mW VDD_CPU_GPU_CV 8666mW/8069mW VDD_SOC 3962mW/3908mW
08-11-2026 17:58:15 RAM 6596/7607MB (lfb 1x4MB) SWAP 1408/16384MB (cached 136MB) CPU [7%@729,4%@729,7%@729,17%@729,0%@1344,93%@1344] GR3D_FREQ 98% cpu@63.593C soc2@62.656C soc0@63.437C gpu@65C tj@65C soc1@62.375C VDD_IN 17850mW/17078mW VDD_CPU_GPU_CV 8705mW/8075mW VDD_SOC 3955mW/3909mW
08-11-2026 17:58:16 RAM 6597/7607MB (lfb 1x4MB) SWAP 1408/16384MB (cached 136MB) CPU [3%@729,1%@729,2%@729,2%@729,0%@1344,92%@1344] GR3D_FREQ 99% cpu@63.718C soc2@62.687C soc0@63.437C gpu@64.968C tj@64.968C soc1@62.343C VDD_IN 17772mW/17084mW VDD_CPU_GPU_CV 8549mW/8079mW VDD_SOC 3995mW/3909mW
08-11-2026 17:58:17 RAM 6597/7607MB (lfb 1x4MB) SWAP 1408/16384MB (cached 136MB) CPU [3%@729,1%@729,3%@729,5%@729,0%@1344,92%@1344] GR3D_FREQ 97% cpu@63.468C soc2@62.718C soc0@63.406C gpu@65.062C tj@65.062C soc1@62.406C VDD_IN 17772mW/17090mW VDD_CPU_GPU_CV 8549mW/8083mW VDD_SOC 4034mW/3910mW
08-11-2026 17:58:18 RAM 6598/7607MB (lfb 1x4MB) SWAP 1408/16384MB (cached 136MB) CPU [1%@729,2%@729,1%@729,2%@729,0%@1344,92%@1344] GR3D_FREQ 97% cpu@63.687C soc2@62.75C soc0@63.562C gpu@65.187C tj@65.187C soc1@62.562C VDD_IN 17732mW/17095mW VDD_CPU_GPU_CV 8432mW/8086mW VDD_SOC 4034mW/3912mW
08-11-2026 17:58:19 RAM 6599/7607MB (lfb 1x4MB) SWAP 1408/16384MB (cached 136MB) CPU [4%@729,1%@729,1%@729,2%@729,0%@1344,92%@1344] GR3D_FREQ 97% cpu@63.718C soc2@62.718C soc0@63.5C gpu@65.25C tj@65.25C soc1@62.375C VDD_IN 17693mW/17100mW VDD_CPU_GPU_CV 8393mW/8088mW VDD_SOC 4073mW/3913mW
08-11-2026 17:58:20 RAM 6597/7607MB (lfb 1x4MB) SWAP 1408/16384MB (cached 136MB) CPU [5%@729,17%@729,11%@729,4%@729,0%@1344,92%@1344] GR3D_FREQ 97% cpu@63.906C soc2@62.75C soc0@63.406C gpu@65.25C tj@65.25C soc1@62.437C VDD_IN 17732mW/17106mW VDD_CPU_GPU_CV 8276mW/8090mW VDD_SOC 4112mW/3915mW
08-11-2026 17:58:21 RAM 6597/7607MB (lfb 1x4MB) SWAP 1408/16384MB (cached 136MB) CPU [1%@729,1%@729,2%@729,2%@729,0%@1344,92%@1344] GR3D_FREQ 97% cpu@63.843C soc2@62.75C soc0@63.468C gpu@65.093C tj@65.093C soc1@62.468C VDD_IN 17654mW/17110mW VDD_CPU_GPU_CV 8120mW/8090mW VDD_SOC 4151mW/3917mW
08-11-2026 17:58:22 RAM 6598/7607MB (lfb 1x4MB) SWAP 1408/16384MB (cached 136MB) CPU [2%@729,2%@729,0%@729,2%@729,0%@1344,91%@1344] GR3D_FREQ 98% cpu@63.625C soc2@62.625C soc0@63.468C gpu@64.937C tj@64.937C soc1@62.625C VDD_IN 17615mW/17115mW VDD_CPU_GPU_CV 7964mW/8089mW VDD_SOC 4237mW/3919mW
08-11-2026 17:58:23 RAM 6598/7607MB (lfb 1x4MB) SWAP 1408/16384MB (cached 136MB) CPU [2%@729,4%@729,2%@729,2%@729,0%@1344,93%@1344] GR3D_FREQ 99% cpu@63.968C soc2@62.843C soc0@63.5C gpu@64.468C tj@64.468C soc1@62.468C VDD_IN 17536mW/17118mW VDD_CPU_GPU_CV 7729mW/8086mW VDD_SOC 4276mW/3922mW
08-11-2026 17:58:24 RAM 6599/7607MB (lfb 1x4MB) SWAP 1408/16384MB (cached 136MB) CPU [2%@729,2%@729,2%@729,1%@729,0%@1344,92%@1344] GR3D_FREQ 99% cpu@63.875C soc2@62.718C soc0@63.437C gpu@65C tj@65C soc1@62.437C VDD_IN 17497mW/17121mW VDD_CPU_GPU_CV 8315mW/8088mW VDD_SOC 4080mW/3923mW
08-11-2026 17:58:25 RAM 6599/7607MB (lfb 2x2MB) SWAP 1408/16384MB (cached 136MB) CPU [9%@729,17%@729,5%@729,7%@729,0%@1344,92%@1344] GR3D_FREQ 99% cpu@63.937C soc2@62.781C soc0@63.437C gpu@65.093C tj@65.093C soc1@62.5C VDD_IN 17693mW/17126mW VDD_CPU_GPU_CV 8666mW/8093mW VDD_SOC 3962mW/3924mW
08-11-2026 17:58:26 RAM 6599/7607MB (lfb 2x2MB) SWAP 1408/16384MB (cached 136MB) CPU [3%@729,2%@729,3%@729,2%@729,0%@1344,92%@1344] GR3D_FREQ 99% cpu@63.875C soc2@62.875C soc0@63.531C gpu@65.437C tj@65.437C soc1@62.5C VDD_IN 18046mW/17133mW VDD_CPU_GPU_CV 8744mW/8098mW VDD_SOC 4073mW/3925mW
08-11-2026 17:58:27 RAM 6599/7607MB (lfb 2x2MB) SWAP 1408/16384MB (cached 136MB) CPU [3%@729,1%@729,1%@729,3%@729,0%@1344,98%@1344] GR3D_FREQ 97% cpu@63.5C soc2@62.812C soc0@63.562C gpu@65.343C tj@65.343C soc1@62.562C VDD_IN 17772mW/17138mW VDD_CPU_GPU_CV 8784mW/8103mW VDD_SOC 3916mW/3925mW
08-11-2026 17:58:28 RAM 6600/7607MB (lfb 1x2MB) SWAP 1408/16384MB (cached 136MB) CPU [3%@729,3%@729,1%@729,2%@729,0%@1344,95%@1344] GR3D_FREQ 97% cpu@63.593C soc2@62.781C soc0@63.531C gpu@65.562C tj@65.562C soc1@62.468C VDD_IN 17772mW/17143mW VDD_CPU_GPU_CV 8784mW/8109mW VDD_SOC 3955mW/3925mW
08-11-2026 17:58:29 RAM 6599/7607MB (lfb 1x2MB) SWAP 1408/16384MB (cached 136MB) CPU [3%@729,1%@729,2%@729,1%@729,1%@1344,92%@1344] GR3D_FREQ 97% cpu@63.781C soc2@62.718C soc0@63.531C gpu@65.093C tj@65.093C soc1@62.531C VDD_IN 17732mW/17148mW VDD_CPU_GPU_CV 8705mW/8114mW VDD_SOC 3955mW/3925mW
08-11-2026 17:58:30 RAM 6601/7607MB (lfb 1x2MB) SWAP 1408/16384MB (cached 136MB) CPU [3%@729,7%@729,9%@729,4%@729,0%@1344,92%@1344] GR3D_FREQ 97% cpu@64.25C soc2@62.781C soc0@63.562C gpu@65.187C tj@65.187C soc1@62.531C VDD_IN 17929mW/17154mW VDD_CPU_GPU_CV 8823mW/8119mW VDD_SOC 3955mW/3926mW
08-11-2026 17:58:31 RAM 6602/7607MB (lfb 1x2MB) SWAP 1408/16384MB (cached 136MB) CPU [2%@729,5%@729,10%@729,4%@729,0%@1344,93%@1344] GR3D_FREQ 99% cpu@63.656C soc2@62.875C soc0@63.562C gpu@65.25C tj@65.25C soc1@62.625C VDD_IN 17772mW/17159mW VDD_CPU_GPU_CV 8666mW/8123mW VDD_SOC 4001mW/3926mW
08-11-2026 17:58:32 RAM 6602/7607MB (lfb 3x1MB) SWAP 1408/16384MB (cached 136MB) CPU [3%@729,2%@729,3%@729,5%@729,0%@1344,92%@1344] GR3D_FREQ 97% cpu@63.718C soc2@62.937C soc0@63.718C gpu@65.281C tj@65.281C soc1@62.468C VDD_IN 17811mW/17163mW VDD_CPU_GPU_CV 8627mW/8127mW VDD_SOC 4034mW/3927mW
08-11-2026 17:58:33 RAM 6602/7607MB (lfb 3x1MB) SWAP 1408/16384MB (cached 136MB) CPU [1%@729,5%@729,1%@729,2%@729,0%@1344,92%@1344] GR3D_FREQ 97% cpu@63.937C soc2@62.75C soc0@63.468C gpu@65.25C tj@65.25C soc1@62.593C VDD_IN 17732mW/17168mW VDD_CPU_GPU_CV 8510mW/8130mW VDD_SOC 4034mW/3928mW
08-11-2026 17:58:34 RAM 6603/7607MB (lfb 3x1MB) SWAP 1408/16384MB (cached 136MB) CPU [3%@729,3%@729,1%@729,2%@729,0%@1344,93%@1344] GR3D_FREQ 97% cpu@63.781C soc2@62.781C soc0@63.531C gpu@65.125C tj@65.125C soc1@62.5C VDD_IN 17732mW/17172mW VDD_CPU_GPU_CV 8393mW/8132mW VDD_SOC 4073mW/3929mW
08-11-2026 17:58:35 RAM 6603/7607MB (lfb 3x1MB) SWAP 1408/16384MB (cached 136MB) CPU [3%@729,1%@729,1%@729,2%@729,0%@1344,92%@1344] GR3D_FREQ 97% cpu@64.031C soc2@62.843C soc0@63.562C gpu@65.156C tj@65.156C soc1@62.718C VDD_IN 17732mW/17176mW VDD_CPU_GPU_CV 8276mW/8133mW VDD_SOC 4112mW/3930mW
08-11-2026 17:58:36 RAM 6603/7607MB (lfb 3x1MB) SWAP 1408/16384MB (cached 136MB) CPU [8%@729,9%@729,4%@729,16%@729,0%@1344,91%@1344] GR3D_FREQ 97% cpu@63.656C soc2@62.937C soc0@63.718C gpu@65.031C tj@65.031C soc1@62.687C VDD_IN 17693mW/17180mW VDD_CPU_GPU_CV 8198mW/8133mW VDD_SOC 4151mW/3932mW
08-11-2026 17:58:37 RAM 6603/7607MB (lfb 3x1MB) SWAP 1408/16384MB (cached 136MB) CPU [3%@729,2%@729,2%@729,2%@729,0%@1344,93%@1344] GR3D_FREQ 97% cpu@63.875C soc2@62.843C soc0@63.625C gpu@65.093C tj@65.093C soc1@62.531C VDD_IN 17693mW/17184mW VDD_CPU_GPU_CV 8042mW/8133mW VDD_SOC 4230mW/3934mW
08-11-2026 17:58:38 RAM 6604/7607MB (lfb 3x1MB) SWAP 1408/16384MB (cached 136MB) CPU [1%@729,2%@729,2%@729,2%@729,0%@1344,92%@1344] GR3D_FREQ 99% cpu@64.125C soc2@62.906C soc0@63.406C gpu@64.968C tj@64.968C soc1@62.593C VDD_IN 17575mW/17187mW VDD_CPU_GPU_CV 7768mW/8130mW VDD_SOC 4276mW/3937mW
08-11-2026 17:58:39 RAM 6605/7607MB (lfb 3x1MB) SWAP 1408/16384MB (cached 136MB) CPU [3%@729,1%@729,3%@729,2%@729,0%@1344,92%@1344] GR3D_FREQ 99% cpu@63.843C soc2@62.812C soc0@63.593C gpu@64.906C tj@64.906C soc1@62.593C VDD_IN 17526mW/17189mW VDD_CPU_GPU_CV 8198mW/8131mW VDD_SOC 4080mW/3938mW
08-11-2026 17:58:40 RAM 6605/7607MB (lfb 3x1MB) SWAP 1408/16384MB (cached 136MB) CPU [2%@729,3%@729,1%@729,2%@729,0%@1344,92%@1344] GR3D_FREQ 99% cpu@63.937C soc2@62.843C soc0@63.562C gpu@65.406C tj@65.406C soc1@62.656C VDD_IN 17604mW/17192mW VDD_CPU_GPU_CV 8510mW/8133mW VDD_SOC 3962mW/3938mW
08-11-2026 17:58:41 RAM 6609/7607MB (lfb 3x1MB) SWAP 1408/16384MB (cached 136MB) CPU [7%@729,7%@729,6%@729,18%@729,0%@1344,92%@1344] GR3D_FREQ 99% cpu@63.75C soc2@63C soc0@63.656C gpu@65.562C tj@65.562C soc1@62.625C VDD_IN 18085mW/17198mW VDD_CPU_GPU_CV 8823mW/8138mW VDD_SOC 4073mW/3939mW
08-11-2026 17:58:42 RAM 6609/7607MB (lfb 3x1MB) SWAP 1408/16384MB (cached 136MB) CPU [0%@729,2%@729,4%@729,2%@729,0%@1267,96%@1267] GR3D_FREQ 97% cpu@63.687C soc2@62.906C soc0@63.531C gpu@65.406C tj@65.406C soc1@62.593C VDD_IN 17693mW/17202mW VDD_CPU_GPU_CV 8705mW/8142mW VDD_SOC 3955mW/3939mW
08-11-2026 17:58:43 RAM 6610/7607MB (lfb 3x1MB) SWAP 1408/16384MB (cached 136MB) CPU [3%@729,3%@729,1%@729,2%@729,0%@1344,95%@1344] GR3D_FREQ 97% cpu@63.968C soc2@62.875C soc0@63.625C gpu@65.25C tj@65.25C soc1@62.593C VDD_IN 17850mW/17207mW VDD_CPU_GPU_CV 8823mW/8147mW VDD_SOC 3955mW/3939mW
08-11-2026 17:58:44 RAM 6610/7607MB (lfb 3x1MB) SWAP 1408/16384MB (cached 136MB) CPU [2%@729,3%@729,4%@729,3%@729,0%@1344,92%@1344] GR3D_FREQ 98% cpu@63.75C soc2@62.843C soc0@63.593C gpu@65.187C tj@65.187C soc1@62.625C VDD_IN 17850mW/17211mW VDD_CPU_GPU_CV 8744mW/8151mW VDD_SOC 3955mW/3939mW
08-11-2026 17:58:45 RAM 6611/7607MB (lfb 3x1MB) SWAP 1408/16384MB (cached 136MB) CPU [2%@729,0%@729,4%@729,3%@729,0%@1344,92%@1344] GR3D_FREQ 97% cpu@63.937C soc2@62.906C soc0@63.656C gpu@65.25C tj@65.25C soc1@62.718C VDD_IN 17811mW/17215mW VDD_CPU_GPU_CV 8705mW/8155mW VDD_SOC 3955mW/3939mW
08-11-2026 17:58:46 RAM 6611/7607MB (lfb 3x1MB) SWAP 1408/16384MB (cached 136MB) CPU [5%@1190,18%@1190,7%@1190,6%@1190,0%@1344,93%@1344] GR3D_FREQ 98% cpu@63.843C soc2@62.968C soc0@63.781C gpu@65.281C tj@65.281C soc1@62.593C VDD_IN 17968mW/17220mW VDD_CPU_GPU_CV 8823mW/8160mW VDD_SOC 3995mW/3940mW
08-11-2026 17:58:47 RAM 6611/7607MB (lfb 3x1MB) SWAP 1408/16384MB (cached 136MB) CPU [2%@729,3%@729,2%@729,6%@729,0%@1344,92%@1344] GR3D_FREQ 97% cpu@63.906C soc2@62.937C soc0@63.593C gpu@65.281C tj@65.281C soc1@62.593C VDD_IN 17850mW/17225mW VDD_CPU_GPU_CV 8627mW/8163mW VDD_SOC 3995mW/3940mW
08-11-2026 17:58:48 RAM 6612/7607MB (lfb 3x1MB) SWAP 1408/16384MB (cached 136MB) CPU [2%@729,1%@729,2%@729,2%@729,0%@1344,92%@1344] GR3D_FREQ 97% cpu@64C soc2@62.875C soc0@63.593C gpu@65.25C tj@65.25C soc1@62.656C VDD_IN 17732mW/17228mW VDD_CPU_GPU_CV 8471mW/8165mW VDD_SOC 4034mW/3941mW
08-11-2026 17:58:49 RAM 6612/7607MB (lfb 3x1MB) SWAP 1408/16384MB (cached 136MB) CPU [2%@729,1%@729,2%@729,1%@729,1%@1344,93%@1344] GR3D_FREQ 97% cpu@63.781C soc2@62.906C soc0@63.593C gpu@65.562C tj@65.562C soc1@62.718C VDD_IN 17772mW/17232mW VDD_CPU_GPU_CV 8471mW/8167mW VDD_SOC 4073mW/3941mW
08-11-2026 17:58:50 RAM 6613/7607MB (lfb 3x1MB) SWAP 1408/16384MB (cached 136MB) CPU [2%@729,1%@729,2%@729,4%@729,0%@1344,91%@1344] GR3D_FREQ 97% cpu@64C soc2@62.968C soc0@63.656C gpu@65.562C tj@65.562C soc1@62.781C VDD_IN 17732mW/17235mW VDD_CPU_GPU_CV 8315mW/8168mW VDD_SOC 4112mW/3943mW
08-11-2026 17:58:51 RAM 6613/7607MB (lfb 3x1MB) SWAP 1408/16384MB (cached 136MB) CPU [2%@729,2%@729,2%@729,1%@729,0%@1344,92%@1344] GR3D_FREQ 97% cpu@63.906C soc2@62.906C soc0@63.718C gpu@65.406C tj@65.406C soc1@62.625C VDD_IN 17693mW/17238mW VDD_CPU_GPU_CV 8159mW/8168mW VDD_SOC 4151mW/3944mW
08-11-2026 17:58:52 RAM 6614/7607MB (lfb 3x1MB) SWAP 1408/16384MB (cached 136MB) CPU [10%@729,6%@729,6%@729,15%@729,0%@1344,92%@1344] GR3D_FREQ 97% cpu@64.156C soc2@62.937C soc0@63.656C gpu@65.281C tj@65.281C soc1@62.718C VDD_IN 17772mW/17242mW VDD_CPU_GPU_CV 8042mW/8167mW VDD_SOC 4230mW/3946mW
08-11-2026 17:58:53 RAM 6615/7607MB (lfb 3x1MB) SWAP 1408/16384MB (cached 136MB) CPU [3%@729,2%@729,1%@729,2%@729,0%@1344,93%@1344] GR3D_FREQ 99% cpu@64.312C soc2@62.937C soc0@63.718C gpu@64.687C tj@64.687C soc1@62.718C VDD_IN 17536mW/17244mW VDD_CPU_GPU_CV 7742mW/8164mW VDD_SOC 4276mW/3948mW
08-11-2026 17:58:54 RAM 6615/7607MB (lfb 3x1MB) SWAP 1408/16384MB (cached 136MB) CPU [1%@729,3%@729,2%@729,2%@729,0%@1344,92%@1344] GR3D_FREQ 99% cpu@64.093C soc2@63.031C soc0@63.718C gpu@65.25C tj@65.25C soc1@62.593C VDD_IN 17526mW/17246mW VDD_CPU_GPU_CV 8237mW/8165mW VDD_SOC 4080mW/3949mW
08-11-2026 17:58:55 RAM 6616/7607MB (lfb 3x1MB) SWAP 1408/16384MB (cached 136MB) CPU [6%@729,1%@729,1%@729,2%@729,0%@1344,92%@1344] GR3D_FREQ 99% cpu@63.718C soc2@62.906C soc0@63.593C gpu@65.625C tj@65.625C soc1@62.625C VDD_IN 17536mW/17247mW VDD_CPU_GPU_CV 8549mW/8167mW VDD_SOC 3962mW/3949mW
08-11-2026 17:58:56 RAM 6616/7607MB (lfb 3x1MB) SWAP 1408/16384MB (cached 136MB) CPU [2%@1344,1%@1344,2%@1344,2%@1344,0%@1344,92%@1344] GR3D_FREQ 99% cpu@64.031C soc2@62.968C soc0@63.625C gpu@65.812C tj@65.812C soc1@62.718C VDD_IN 18007mW/17252mW VDD_CPU_GPU_CV 8744mW/8171mW VDD_SOC 4073mW/3950mW
08-11-2026 17:58:57 RAM 6614/7607MB (lfb 3x1MB) SWAP 1408/16384MB (cached 136MB) CPU [8%@729,10%@729,8%@729,13%@729,0%@1267,97%@1267] GR3D_FREQ 97% cpu@64.031C soc2@63C soc0@63.687C gpu@65.718C tj@65.343C soc1@62.781C VDD_IN 17889mW/17256mW VDD_CPU_GPU_CV 8862mW/8176mW VDD_SOC 3955mW/3950mW
08-11-2026 17:58:58 RAM 6614/7607MB (lfb 3x1MB) SWAP 1408/16384MB (cached 136MB) CPU [1%@729,2%@729,1%@729,2%@729,0%@1344,95%@1344] GR3D_FREQ 97% cpu@63.812C soc2@63.031C soc0@63.718C gpu@65.406C tj@65.406C soc1@62.812C VDD_IN 17850mW/17260mW VDD_CPU_GPU_CV 8862mW/8180mW VDD_SOC 3955mW/3950mW
08-11-2026 17:58:59 RAM 6615/7607MB (lfb 3x1MB) SWAP 1408/16384MB (cached 136MB) CPU [3%@729,2%@729,2%@729,3%@729,0%@1344,92%@1344] GR3D_FREQ 99% cpu@63.937C soc2@62.937C soc0@63.781C gpu@65.406C tj@65.406C soc1@62.687C VDD_IN 17811mW/17264mW VDD_CPU_GPU_CV 8744mW/8183mW VDD_SOC 3955mW/3950mW
08-11-2026 17:59:00 RAM 6615/7607MB (lfb 3x1MB) SWAP 1408/16384MB (cached 136MB) CPU [1%@729,2%@729,1%@729,2%@729,0%@1344,92%@1344] GR3D_FREQ 97% cpu@64C soc2@62.968C soc0@63.718C gpu@65.468C tj@65.468C soc1@62.625C VDD_IN 17850mW/17267mW VDD_CPU_GPU_CV 8744mW/8187mW VDD_SOC 3955mW/3950mW
08-11-2026 17:59:01 RAM 6612/7607MB (lfb 3x1MB) SWAP 1408/16384MB (cached 136MB) CPU [3%@729,2%@729,2%@729,2%@729,0%@1344,93%@1344] GR3D_FREQ 97% cpu@64C soc2@63C soc0@63.718C gpu@65.437C tj@65.437C soc1@62.718C VDD_IN 17811mW/17271mW VDD_CPU_GPU_CV 8705mW/8190mW VDD_SOC 3995mW/3950mW
08-11-2026 17:59:02 RAM 6616/7607MB (lfb 3x1MB) SWAP 1408/16384MB (cached 136MB) CPU [6%@729,18%@729,9%@729,4%@729,0%@1344,92%@1344] GR3D_FREQ 97% cpu@64.156C soc2@63.031C soc0@63.75C gpu@65.281C tj@65.281C soc1@62.812C VDD_IN 18046mW/17276mW VDD_CPU_GPU_CV 8823mW/8194mW VDD_SOC 4034mW/3951mW
08-11-2026 17:59:03 RAM 6616/7607MB (lfb 3x1MB) SWAP 1408/16384MB (cached 136MB) CPU [3%@729,1%@729,2%@729,2%@729,0%@1344,92%@1344] GR3D_FREQ 97% cpu@63.812C soc2@62.968C soc0@63.812C gpu@65.281C tj@65.281C soc1@62.812C VDD_IN 17811mW/17279mW VDD_CPU_GPU_CV 8510mW/8196mW VDD_SOC 4034mW/3951mW
08-11-2026 17:59:04 RAM 6616/7607MB (lfb 2x1MB) SWAP 1408/16384MB (cached 136MB) CPU [2%@729,2%@729,2%@729,2%@729,0%@1344,91%@1344] GR3D_FREQ 97% cpu@63.843C soc2@62.968C soc0@63.781C gpu@65.281C tj@65.281C soc1@62.593C VDD_IN 17772mW/17282mW VDD_CPU_GPU_CV 8432mW/8198mW VDD_SOC 4073mW/3952mW
08-11-2026 17:59:05 RAM 6617/7607MB (lfb 2x1MB) SWAP 1408/16384MB (cached 136MB) CPU [3%@729,2%@729,2%@729,2%@729,0%@1344,93%@1344] GR3D_FREQ 97% cpu@64.031C soc2@63.031C soc0@63.625C gpu@65.375C tj@65.375C soc1@62.812C VDD_IN 17732mW/17285mW VDD_CPU_GPU_CV 8315mW/8198mW VDD_SOC 4112mW/3953mW
08-11-2026 17:59:06 RAM 6617/7607MB (lfb 2x1MB) SWAP 1408/16384MB (cached 136MB) CPU [5%@729,2%@729,2%@729,1%@729,0%@1344,92%@1344] GR3D_FREQ 97% cpu@63.906C soc2@63C soc0@63.812C gpu@65.343C tj@65.343C soc1@62.812C VDD_IN 17693mW/17287mW VDD_CPU_GPU_CV 8159mW/8198mW VDD_SOC 4158mW/3954mW
08-11-2026 17:59:07 RAM 6602/7607MB (lfb 3x1MB) SWAP 1408/16384MB (cached 136MB) CPU [5%@1344,2%@1344,4%@1344,3%@1344,0%@1344,92%@1344] GR3D_FREQ 97% cpu@64.218C soc2@63.062C soc0@63.812C gpu@65.437C tj@65.437C soc1@62.843C VDD_IN 17772mW/17290mW VDD_CPU_GPU_CV 8081mW/8197mW VDD_SOC 4230mW/3956mW
08-11-2026 17:59:08 RAM 6609/7607MB (lfb 3x1MB) SWAP 1408/16384MB (cached 136MB) CPU [7%@1344,4%@1344,19%@1344,5%@1344,0%@1344,92%@1344] GR3D_FREQ 99% cpu@64.218C soc2@62.937C soc0@63.812C gpu@65.062C tj@65.062C soc1@62.656C VDD_IN 17575mW/17292mW VDD_CPU_GPU_CV 7768mW/8195mW VDD_SOC 4276mW/3958mW
08-11-2026 17:59:09 RAM 6610/7607MB (lfb 3x1MB) SWAP 1408/16384MB (cached 136MB) CPU [2%@729,2%@729,1%@729,3%@729,0%@1344,92%@1344] GR3D_FREQ 99% cpu@64.125C soc2@63.031C soc0@63.718C gpu@65.218C tj@65.218C soc1@62.718C VDD_IN 17536mW/17293mW VDD_CPU_GPU_CV 8237mW/8195mW VDD_SOC 4119mW/3959mW
08-11-2026 17:59:10 RAM 6610/7607MB (lfb 3x1MB) SWAP 1408/16384MB (cached 136MB) CPU [0%@729,2%@729,0%@729,3%@729,0%@1344,93%@1344] GR3D_FREQ 99% cpu@63.968C soc2@63.031C soc0@63.75C gpu@65.375C tj@65.375C soc1@62.75C VDD_IN 17536mW/17295mW VDD_CPU_GPU_CV 8549mW/8197mW VDD_SOC 3962mW/3959mW
08-11-2026 17:59:11 RAM 6611/7607MB (lfb 3x1MB) SWAP 1408/16384MB (cached 136MB) CPU [3%@729,2%@729,1%@729,2%@729,0%@1344,92%@1344] GR3D_FREQ 99% cpu@63.75C soc2@63.062C soc0@63.718C gpu@65.5C tj@65.5C soc1@62.781C VDD_IN 17889mW/17298mW VDD_CPU_GPU_CV 8666mW/8200mW VDD_SOC 4034mW/3959mW
08-11-2026 17:59:12 RAM 6612/7607MB (lfb 3x1MB) SWAP 1408/16384MB (cached 136MB) CPU [4%@729,7%@729,3%@729,5%@729,1%@1190,96%@1190] GR3D_FREQ 98% cpu@63.906C soc2@63.093C soc0@63.843C gpu@65.312C tj@65.312C soc1@62.843C VDD_IN 17850mW/17301mW VDD_CPU_GPU_CV 8784mW/8203mW VDD_SOC 3955mW/3959mW
08-11-2026 17:59:13 RAM 6613/7607MB (lfb 3x1MB) SWAP 1408/16384MB (cached 136MB) CPU [3%@729,14%@729,5%@729,9%@729,0%@1344,96%@1344] GR3D_FREQ 97% cpu@64.031C soc2@63.031C soc0@63.718C gpu@65.437C tj@65.437C soc1@62.718C VDD_IN 17929mW/17305mW VDD_CPU_GPU_CV 8901mW/8207mW VDD_SOC 3955mW/3959mW
08-11-2026 17:59:14 RAM 6614/7607MB (lfb 3x1MB) SWAP 1408/16384MB (cached 136MB) CPU [2%@729,2%@729,1%@729,2%@729,1%@1344,92%@1344] GR3D_FREQ 98% cpu@64.156C soc2@63C soc0@63.718C gpu@65.656C tj@65.656C soc1@62.718C VDD_IN 17811mW/17308mW VDD_CPU_GPU_CV 8744mW/8210mW VDD_SOC 3955mW/3959mW
08-11-2026 17:59:15 RAM 6614/7607MB (lfb 3x1MB) SWAP 1408/16384MB (cached 136MB) CPU [2%@729,3%@729,1%@729,2%@729,0%@1344,93%@1344] GR3D_FREQ 97% cpu@63.937C soc2@63C soc0@63.75C gpu@65.656C tj@65.656C soc1@62.812C VDD_IN 17811mW/17311mW VDD_CPU_GPU_CV 8744mW/8214mW VDD_SOC 3955mW/3959mW
08-11-2026 17:59:16 RAM 6615/7607MB (lfb 3x1MB) SWAP 1408/16384MB (cached 136MB) CPU [1%@729,2%@729,2%@729,2%@729,0%@1344,92%@1344] GR3D_FREQ 97% cpu@63.843C soc2@63.031C soc0@63.781C gpu@65.687C tj@65.687C soc1@62.812C VDD_IN 17811mW/17314mW VDD_CPU_GPU_CV 8666mW/8216mW VDD_SOC 3995mW/3959mW
08-11-2026 17:59:17 RAM 6615/7607MB (lfb 3x1MB) SWAP 1408/16384MB (cached 136MB) CPU [2%@729,1%@729,1%@729,6%@729,0%@1344,92%@1344] GR3D_FREQ 97% cpu@63.906C soc2@63.062C soc0@63.718C gpu@65.468C tj@65.468C soc1@62.781C VDD_IN 17850mW/17317mW VDD_CPU_GPU_CV 8705mW/8219mW VDD_SOC 3995mW/3960mW
08-11-2026 17:59:18 RAM 6619/7607MB (lfb 2x1MB) SWAP 1408/16384MB (cached 136MB) CPU [9%@729,4%@729,17%@729,7%@729,0%@1344,92%@1344] GR3D_FREQ 97% cpu@64.093C soc2@63.062C soc0@63.625C gpu@65.468C tj@65.468C soc1@62.75C VDD_IN 17929mW/17320mW VDD_CPU_GPU_CV 8666mW/8221mW VDD_SOC 4073mW/3960mW
08-11-2026 17:59:19 RAM 6613/7607MB (lfb 2x1MB) SWAP 1408/16384MB (cached 136MB) CPU [4%@729,1%@729,3%@729,1%@729,0%@1344,92%@1344] GR3D_FREQ 97% cpu@64.218C soc2@63.062C soc0@63.75C gpu@65.375C tj@65.375C soc1@62.843C VDD_IN 17732mW/17323mW VDD_CPU_GPU_CV 8471mW/8223mW VDD_SOC 4073mW/3961mW
08-11-2026 17:59:20 RAM 6614/7607MB (lfb 2x1MB) SWAP 1408/16384MB (cached 136MB) CPU [2%@729,2%@729,2%@729,1%@729,0%@1344,92%@1344] GR3D_FREQ 97% cpu@63.656C soc2@63.062C soc0@63.906C gpu@65.437C tj@65.437C soc1@62.75C VDD_IN 16622mW/17319mW VDD_CPU_GPU_CV 8133mW/8222mW VDD_SOC 3693mW/3959mW
08-11-2026 17:59:21 RAM 6569/7607MB (lfb 1x1MB) SWAP 1408/16384MB (cached 136MB) CPU [15%@729,7%@729,4%@729,19%@729,19%@1344,38%@1344] GR3D_FREQ 0% cpu@63.093C soc2@62.375C soc0@63.656C gpu@63.343C tj@63.437C soc1@62.593C VDD_IN 8862mW/17272mW VDD_CPU_GPU_CV 2896mW/8193mW VDD_SOC 2305mW/3950mW
08-11-2026 17:59:22 RAM 6883/7607MB (lfb 1x1MB) SWAP 1413/16384MB (cached 136MB) CPU [81%@1344,79%@1344,80%@1344,78%@1344,89%@1344,82%@1344] GR3D_FREQ 0% cpu@63.531C soc2@62.062C soc0@63.125C gpu@62.75C tj@63.531C soc1@62.468C VDD_IN 7974mW/17220mW VDD_CPU_GPU_CV 2543mW/8161mW VDD_SOC 1791mW/3938mW
08-11-2026 17:59:23 RAM 6889/7607MB (lfb 2x2MB) SWAP 1413/16384MB (cached 135MB) CPU [16%@883,84%@883,6%@883,11%@883,19%@1344,2%@1344] GR3D_FREQ 97% cpu@63.343C soc2@62.468C soc0@63.281C gpu@64.718C tj@64.718C soc1@62.437C VDD_IN 16609mW/17217mW VDD_CPU_GPU_CV 8172mW/8162mW VDD_SOC 3497mW/3936mW
08-11-2026 17:59:24 RAM 6891/7607MB (lfb 2x2MB) SWAP 1413/16384MB (cached 135MB) CPU [6%@729,3%@729,2%@729,9%@729,93%@1344,0%@1344] GR3D_FREQ 97% cpu@63.406C soc2@62.625C soc0@63.343C gpu@64.968C tj@64.968C soc1@62.312C VDD_IN 17693mW/17220mW VDD_CPU_GPU_CV 8666mW/8164mW VDD_SOC 3923mW/3936mW
08-11-2026 17:59:25 RAM 6891/7607MB (lfb 2x2MB) SWAP 1413/16384MB (cached 135MB) CPU [2%@729,1%@729,2%@729,3%@729,92%@1344,0%@1344] GR3D_FREQ 98% cpu@63.437C soc2@62.593C soc0@63.531C gpu@65.062C tj@65.062C soc1@62.5C VDD_IN 17811mW/17223mW VDD_CPU_GPU_CV 8705mW/8167mW VDD_SOC 3995mW/3936mW
08-11-2026 17:59:26 RAM 6891/7607MB (lfb 2x2MB) SWAP 1413/16384MB (cached 135MB) CPU [3%@729,1%@729,2%@729,1%@729,92%@1344,0%@1344] GR3D_FREQ 99% cpu@63.531C soc2@62.593C soc0@63.406C gpu@65.031C tj@65.031C soc1@62.468C VDD_IN 17772mW/17226mW VDD_CPU_GPU_CV 8627mW/8170mW VDD_SOC 3995mW/3936mW
08-11-2026 17:59:27 RAM 6891/7607MB (lfb 2x2MB) SWAP 1413/16384MB (cached 135MB) CPU [3%@729,2%@729,1%@729,2%@729,92%@1344,0%@1344] GR3D_FREQ 97% cpu@63.656C soc2@62.656C soc0@63.437C gpu@65.187C tj@65.187C soc1@62.5C VDD_IN 17772mW/17229mW VDD_CPU_GPU_CV 8588mW/8172mW VDD_SOC 4034mW/3937mW
08-11-2026 17:59:28 RAM 6891/7607MB (lfb 2x2MB) SWAP 1413/16384MB (cached 135MB) CPU [3%@729,5%@729,1%@729,1%@729,92%@1344,0%@1344] GR3D_FREQ 98% cpu@63.406C soc2@62.781C soc0@63.468C gpu@65.031C tj@65.031C soc1@62.593C VDD_IN 17772mW/17232mW VDD_CPU_GPU_CV 8471mW/8174mW VDD_SOC 4073mW/3938mW
08-11-2026 17:59:29 RAM 6893/7607MB (lfb 2x2MB) SWAP 1413/16384MB (cached 135MB) CPU [11%@729,7%@729,8%@729,10%@729,92%@1344,0%@1344] GR3D_FREQ 97% cpu@63.531C soc2@62.718C soc0@63.562C gpu@65.031C tj@65.031C soc1@62.437C VDD_IN 17889mW/17235mW VDD_CPU_GPU_CV 8510mW/8175mW VDD_SOC 4073mW/3938mW
08-11-2026 17:59:30 RAM 6894/7607MB (lfb 2x2MB) SWAP 1413/16384MB (cached 135MB) CPU [2%@729,3%@729,1%@729,2%@729,92%@1344,0%@1344] GR3D_FREQ 97% cpu@63.531C soc2@62.656C soc0@63.687C gpu@65.062C tj@65.062C soc1@62.468C VDD_IN 17732mW/17238mW VDD_CPU_GPU_CV 8315mW/8176mW VDD_SOC 4112mW/3939mW
08-11-2026 17:59:31 RAM 6894/7607MB (lfb 2x2MB) SWAP 1413/16384MB (cached 135MB) CPU [60%@1344,2%@1344,2%@1344,2%@1344,35%@729,0%@729] GR3D_FREQ 97% cpu@63.718C soc2@62.906C soc0@63.406C gpu@65.093C tj@65.093C soc1@62.437C VDD_IN 17732mW/17240mW VDD_CPU_GPU_CV 8198mW/8176mW VDD_SOC 4158mW/3940mW
08-11-2026 17:59:32 RAM 6893/7607MB (lfb 2x2MB) SWAP 1413/16384MB (cached 135MB) CPU [92%@1344,1%@1344,1%@1344,2%@1344,0%@729,1%@729] GR3D_FREQ 97% cpu@63.906C soc2@62.937C soc0@63.531C gpu@64.906C tj@64.906C soc1@62.593C VDD_IN 17654mW/17242mW VDD_CPU_GPU_CV 7964mW/8175mW VDD_SOC 4237mW/3942mW
08-11-2026 17:59:33 RAM 6894/7607MB (lfb 2x2MB) SWAP 1413/16384MB (cached 135MB) CPU [74%@729,2%@729,1%@729,2%@729,18%@1344,0%@1344] GR3D_FREQ 99% cpu@63.75C soc2@62.843C soc0@63.5C gpu@64.437C tj@64.437C soc1@62.625C VDD_IN 17565mW/17244mW VDD_CPU_GPU_CV 7847mW/8173mW VDD_SOC 4237mW/3943mW
08-11-2026 17:59:34 RAM 6894/7607MB (lfb 2x2MB) SWAP 1413/16384MB (cached 135MB) CPU [5%@729,5%@729,17%@729,8%@729,92%@1344,0%@1344] GR3D_FREQ 99% cpu@63.562C soc2@62.781C soc0@63.531C gpu@65.062C tj@65.062C soc1@62.437C VDD_IN 17654mW/17246mW VDD_CPU_GPU_CV 8471mW/8175mW VDD_SOC 4034mW/3944mW
08-11-2026 17:59:35 RAM 6894/7607MB (lfb 2x2MB) SWAP 1413/16384MB (cached 135MB) CPU [2%@729,2%@729,2%@729,1%@729,92%@1344,0%@1344] GR3D_FREQ 99% cpu@63.625C soc2@62.718C soc0@63.593C gpu@65.218C tj@65.218C soc1@62.468C VDD_IN 17693mW/17249mW VDD_CPU_GPU_CV 8549mW/8177mW VDD_SOC 4040mW/3944mW
08-11-2026 17:59:36 RAM 6894/7607MB (lfb 2x2MB) SWAP 1413/16384MB (cached 135MB) CPU [2%@729,2%@729,2%@729,3%@729,93%@1344,0%@1344] GR3D_FREQ 99% cpu@63.75C soc2@62.843C soc0@63.437C gpu@65.406C tj@65.406C soc1@62.468C VDD_IN 18085mW/17253mW VDD_CPU_GPU_CV 8823mW/8180mW VDD_SOC 4073mW/3945mW
08-11-2026 17:59:37 RAM 6894/7607MB (lfb 2x2MB) SWAP 1412/16384MB (cached 135MB) CPU [2%@729,2%@729,2%@729,2%@729,98%@1344,0%@1344] GR3D_FREQ 97% cpu@63.75C soc2@62.718C soc0@63.468C gpu@65.281C tj@65.281C soc1@62.562C VDD_IN 17850mW/17256mW VDD_CPU_GPU_CV 8862mW/8184mW VDD_SOC 3916mW/3945mW
08-11-2026 17:59:38 RAM 6894/7607MB (lfb 2x2MB) SWAP 1412/16384MB (cached 135MB) CPU [4%@729,2%@729,2%@729,1%@729,94%@1344,0%@1344] GR3D_FREQ 97% cpu@63.468C soc2@62.843C soc0@63.531C gpu@65.312C tj@65.312C soc1@62.593C VDD_IN 17850mW/17259mW VDD_CPU_GPU_CV 8823mW/8187mW VDD_SOC 3955mW/3945mW
08-11-2026 17:59:39 RAM 6897/7607MB (lfb 2x2MB) SWAP 1412/16384MB (cached 135MB) CPU [19%@1344,4%@1344,9%@1344,8%@1344,92%@1344,0%@1344] GR3D_FREQ 97% cpu@63.812C soc2@62.843C soc0@63.468C gpu@65.093C tj@65.093C soc1@62.5C VDD_IN 18046mW/17263mW VDD_CPU_GPU_CV 8940mW/8191mW VDD_SOC 3995mW/3945mW
08-11-2026 17:59:40 RAM 6897/7607MB (lfb 2x2MB) SWAP 1412/16384MB (cached 135MB) CPU [4%@729,3%@729,2%@729,2%@729,93%@1344,0%@1344] GR3D_FREQ 97% cpu@63.593C soc2@62.781C soc0@63.437C gpu@65.156C tj@65.156C soc1@62.437C VDD_IN 17850mW/17266mW VDD_CPU_GPU_CV 8744mW/8193mW VDD_SOC 3995mW/3945mW
08-11-2026 17:59:41 RAM 6897/7607MB (lfb 2x2MB) SWAP 1412/16384MB (cached 135MB) CPU [1%@729,3%@729,1%@729,4%@729,91%@1344,0%@1344] GR3D_FREQ 98% cpu@63.625C soc2@62.812C soc0@63.531C gpu@65.187C tj@65.187C soc1@62.531C VDD_IN 17811mW/17269mW VDD_CPU_GPU_CV 8666mW/8196mW VDD_SOC 4034mW/3946mW
08-11-2026 17:59:42 RAM 6897/7607MB (lfb 2x2MB) SWAP 1412/16384MB (cached 135MB) CPU [2%@1344,2%@1344,2%@1344,1%@1344,92%@1344,0%@1344] GR3D_FREQ 97% cpu@63.656C soc2@62.812C soc0@63.531C gpu@65.187C tj@65.187C soc1@62.531C VDD_IN 17811mW/17271mW VDD_CPU_GPU_CV 8627mW/8198mW VDD_SOC 4034mW/3946mW
08-11-2026 17:59:43 RAM 6897/7607MB (lfb 2x2MB) SWAP 1412/16384MB (cached 135MB) CPU [2%@729,2%@729,0%@729,2%@729,92%@1344,0%@1344] GR3D_FREQ 97% cpu@63.593C soc2@62.843C soc0@63.562C gpu@65.156C tj@65.156C soc1@62.468C VDD_IN 17772mW/17274mW VDD_CPU_GPU_CV 8471mW/8199mW VDD_SOC 4073mW/3947mW
08-11-2026 17:59:44 RAM 6897/7607MB (lfb 2x2MB) SWAP 1412/16384MB (cached 135MB) CPU [4%@729,1%@729,1%@729,1%@729,93%@1344,0%@1344] GR3D_FREQ 97% cpu@63.656C soc2@62.843C soc0@63.593C gpu@65.125C tj@65.125C soc1@62.437C VDD_IN 17811mW/17276mW VDD_CPU_GPU_CV 8471mW/8201mW VDD_SOC 4073mW/3948mW
08-11-2026 17:59:45 RAM 6900/7607MB (lfb 1x2MB) SWAP 1412/16384MB (cached 135MB) CPU [18%@729,5%@729,4%@729,9%@729,92%@1344,0%@1344] GR3D_FREQ 98% cpu@63.718C soc2@62.718C soc0@63.531C gpu@65.375C tj@65.375C soc1@62.531C VDD_IN 17850mW/17279mW VDD_CPU_GPU_CV 8354mW/8201mW VDD_SOC 4112mW/3948mW
08-11-2026 17:59:46 RAM 6901/7607MB (lfb 1x2MB) SWAP 1412/16384MB (cached 135MB) CPU [1%@729,2%@729,1%@729,2%@729,92%@1344,0%@1344] GR3D_FREQ 97% cpu@63.875C soc2@62.812C soc0@63.562C gpu@65.406C tj@65.406C soc1@62.531C VDD_IN 17732mW/17281mW VDD_CPU_GPU_CV 8198mW/8201mW VDD_SOC 4158mW/3949mW
08-11-2026 17:59:47 RAM 6901/7607MB (lfb 2x1MB) SWAP 1412/16384MB (cached 135MB) CPU [2%@729,1%@729,2%@729,2%@729,92%@1344,0%@1344] GR3D_FREQ 97% cpu@63.843C soc2@62.906C soc0@63.562C gpu@65.406C tj@65.406C soc1@62.562C VDD_IN 17693mW/17283mW VDD_CPU_GPU_CV 8003mW/8200mW VDD_SOC 4237mW/3951mW
08-11-2026 17:59:48 RAM 6901/7607MB (lfb 2x1MB) SWAP 1412/16384MB (cached 135MB) CPU [2%@729,2%@729,3%@729,2%@729,92%@1344,0%@1344] GR3D_FREQ 99% cpu@63.968C soc2@62.937C soc0@63.593C gpu@64.968C tj@64.968C soc1@62.687C VDD_IN 17615mW/17285mW VDD_CPU_GPU_CV 7808mW/8199mW VDD_SOC 4315mW/3953mW
08-11-2026 17:59:49 RAM 6902/7607MB (lfb 2x1MB) SWAP 1412/16384MB (cached 135MB) CPU [2%@729,2%@729,2%@729,2%@729,92%@1344,0%@1344] GR3D_FREQ 99% cpu@63.75C soc2@62.937C soc0@63.656C gpu@65.25C tj@64.937C soc1@62.531C VDD_IN 17536mW/17286mW VDD_CPU_GPU_CV 8315mW/8199mW VDD_SOC 4080mW/3953mW
08-11-2026 17:59:50 RAM 6888/7607MB (lfb 3x1MB) SWAP 1412/16384MB (cached 135MB) CPU [14%@729,11%@729,7%@729,10%@729,92%@1344,2%@1344] GR3D_FREQ 99% cpu@63.718C soc2@62.812C soc0@63.531C gpu@65.218C tj@65.218C soc1@62.562C VDD_IN 17732mW/17288mW VDD_CPU_GPU_CV 8666mW/8201mW VDD_SOC 3955mW/3953mW
08-11-2026 17:59:51 RAM 6892/7607MB (lfb 2x1MB) SWAP 1412/16384MB (cached 135MB) CPU [4%@729,2%@729,2%@729,1%@729,93%@1344,0%@1344] GR3D_FREQ 99% cpu@63.906C soc2@62.968C soc0@63.562C gpu@65.343C tj@65.343C soc1@62.562C VDD_IN 17968mW/17292mW VDD_CPU_GPU_CV 8744mW/8204mW VDD_SOC 4073mW/3954mW
08-11-2026 17:59:52 RAM 6892/7607MB (lfb 2x1MB) SWAP 1412/16384MB (cached 135MB) CPU [2%@729,1%@729,4%@729,3%@729,96%@1190,0%@1190] GR3D_FREQ 96% cpu@63.781C soc2@62.968C soc0@63.625C gpu@65.25C tj@65.25C soc1@62.656C VDD_IN 17732mW/17294mW VDD_CPU_GPU_CV 8744mW/8207mW VDD_SOC 3955mW/3954mW
08-11-2026 17:59:53 RAM 6893/7607MB (lfb 2x1MB) SWAP 1412/16384MB (cached 135MB) CPU [1%@729,3%@729,3%@729,3%@729,96%@1344,0%@1344] GR3D_FREQ 97% cpu@63.562C soc2@62.875C soc0@63.656C gpu@65.281C tj@65.281C soc1@62.781C VDD_IN 17889mW/17296mW VDD_CPU_GPU_CV 8862mW/8210mW VDD_SOC 3955mW/3954mW
08-11-2026 17:59:54 RAM 6894/7607MB (lfb 2x1MB) SWAP 1412/16384MB (cached 135MB) CPU [4%@729,1%@729,1%@729,1%@729,92%@1344,0%@1344] GR3D_FREQ 98% cpu@63.562C soc2@62.906C soc0@63.687C gpu@65.281C tj@65.281C soc1@62.531C VDD_IN 17850mW/17299mW VDD_CPU_GPU_CV 8744mW/8212mW VDD_SOC 3955mW/3954mW
08-11-2026 17:59:55 RAM 6899/7607MB (lfb 2x1MB) SWAP 1412/16384MB (cached 135MB) CPU [7%@729,5%@729,4%@729,21%@729,91%@1344,0%@1344] GR3D_FREQ 97% cpu@63.781C soc2@62.968C soc0@63.562C gpu@65.187C tj@65.187C soc1@62.562C VDD_IN 18085mW/17303mW VDD_CPU_GPU_CV 8940mW/8216mW VDD_SOC 3995mW/3954mW
08-11-2026 17:59:56 RAM 6899/7607MB (lfb 2x1MB) SWAP 1412/16384MB (cached 135MB) CPU [3%@729,2%@729,1%@729,3%@729,92%@1344,0%@1344] GR3D_FREQ 99% cpu@63.968C soc2@62.875C soc0@63.562C gpu@65.156C tj@65.156C soc1@62.625C VDD_IN 17850mW/17305mW VDD_CPU_GPU_CV 8666mW/8218mW VDD_SOC 3995mW/3954mW
08-11-2026 17:59:57 RAM 6900/7607MB (lfb 2x1MB) SWAP 1412/16384MB (cached 135MB) CPU [2%@729,1%@729,1%@729,3%@729,92%@1344,0%@1344] GR3D_FREQ 97% cpu@63.906C soc2@63C soc0@63.625C gpu@65.187C tj@65.187C soc1@62.718C VDD_IN 17811mW/17308mW VDD_CPU_GPU_CV 8627mW/8219mW VDD_SOC 4034mW/3955mW
08-11-2026 17:59:58 RAM 6900/7607MB (lfb 1x1MB) SWAP 1412/16384MB (cached 135MB) CPU [2%@729,2%@729,2%@729,3%@729,92%@1344,0%@1344] GR3D_FREQ 97% cpu@63.562C soc2@62.937C soc0@63.718C gpu@65.218C tj@65.218C soc1@62.781C VDD_IN 17772mW/17310mW VDD_CPU_GPU_CV 8510mW/8221mW VDD_SOC 4073mW/3955mW
08-11-2026 17:59:59 RAM 6901/7607MB (lfb 1x1MB) SWAP 1412/16384MB (cached 135MB) CPU [1%@729,1%@729,2%@729,5%@729,92%@1344,0%@1344] GR3D_FREQ 97% cpu@63.656C soc2@62.843C soc0@63.718C gpu@65.218C tj@65.218C soc1@62.531C VDD_IN 17850mW/17312mW VDD_CPU_GPU_CV 8471mW/8222mW VDD_SOC 4073mW/3956mW
08-11-2026 18:00:00 RAM 6902/7607MB (lfb 1x1MB) SWAP 1412/16384MB (cached 135MB) CPU [5%@1267,2%@1267,4%@1267,3%@1267,91%@1344,0%@1344] GR3D_FREQ 97% cpu@63.875C soc2@62.968C soc0@63.625C gpu@65.187C tj@65.187C soc1@62.593C VDD_IN 17772mW/17314mW VDD_CPU_GPU_CV 8315mW/8222mW VDD_SOC 4112mW/3956mW
08-11-2026 18:00:01 RAM 6903/7607MB (lfb 1x1MB) SWAP 1412/16384MB (cached 135MB) CPU [7%@729,15%@729,12%@729,5%@729,92%@1344,0%@1344] GR3D_FREQ 97% cpu@63.968C soc2@62.875C soc0@63.625C gpu@65.468C tj@65.468C soc1@62.812C VDD_IN 17772mW/17316mW VDD_CPU_GPU_CV 8237mW/8222mW VDD_SOC 4151mW/3957mW
08-11-2026 18:00:02 RAM 6903/7607MB (lfb 1x1MB) SWAP 1412/16384MB (cached 135MB) CPU [3%@729,1%@729,1%@729,2%@729,93%@1344,0%@1344] GR3D_FREQ 97% cpu@63.781C soc2@63C soc0@63.656C gpu@65.375C tj@65.375C soc1@62.656C VDD_IN 17693mW/17318mW VDD_CPU_GPU_CV 8003mW/8221mW VDD_SOC 4230mW/3958mW
08-11-2026 18:00:03 RAM 6903/7607MB (lfb 1x1MB) SWAP 1412/16384MB (cached 135MB) CPU [2%@729,1%@729,3%@729,4%@729,92%@1344,0%@1344] GR3D_FREQ 99% cpu@64C soc2@62.968C soc0@63.812C gpu@64.906C tj@64.906C soc1@62.812C VDD_IN 17575mW/17319mW VDD_CPU_GPU_CV 7847mW/8220mW VDD_SOC 4276mW/3960mW
08-11-2026 18:00:04 RAM 6893/7607MB (lfb 1x1MB) SWAP 1412/16384MB (cached 135MB) CPU [3%@729,1%@729,2%@729,1%@729,92%@1344,1%@1344] GR3D_FREQ 99% cpu@63.75C soc2@62.906C soc0@63.781C gpu@65.312C tj@65.312C soc1@62.562C VDD_IN 17536mW/17320mW VDD_CPU_GPU_CV 8354mW/8220mW VDD_SOC 4040mW/3960mW
08-11-2026 18:00:05 RAM 6896/7607MB (lfb 1x1MB) SWAP 1412/16384MB (cached 135MB) CPU [2%@729,3%@729,2%@729,4%@729,92%@1344,1%@1344] GR3D_FREQ 99% cpu@63.875C soc2@62.937C soc0@63.656C gpu@65.531C tj@65.531C soc1@62.687C VDD_IN 17654mW/17322mW VDD_CPU_GPU_CV 8588mW/8222mW VDD_SOC 4001mW/3960mW
08-11-2026 18:00:06 RAM 6902/7607MB (lfb 1x1MB) SWAP 1412/16384MB (cached 135MB) CPU [6%@729,6%@729,3%@729,18%@729,92%@1344,0%@1344] GR3D_FREQ 99% cpu@64.093C soc2@63C soc0@63.656C gpu@65.656C tj@65.656C soc1@62.718C VDD_IN 18164mW/17325mW VDD_CPU_GPU_CV 8886mW/8225mW VDD_SOC 4112mW/3961mW
08-11-2026 18:00:07 RAM 6902/7607MB (lfb 1x1MB) SWAP 1412/16384MB (cached 135MB) CPU [3%@729,1%@729,1%@729,2%@729,98%@1344,0%@1344] GR3D_FREQ 96% cpu@63.687C soc2@62.906C soc0@63.718C gpu@65.312C tj@65.312C soc1@62.75C VDD_IN 17811mW/17328mW VDD_CPU_GPU_CV 8823mW/8228mW VDD_SOC 3916mW/3961mW
08-11-2026 18:00:08 RAM 6903/7607MB (lfb 1x1MB) SWAP 1412/16384MB (cached 135MB) CPU [2%@729,2%@729,2%@729,2%@729,94%@1344,0%@1344] GR3D_FREQ 97% cpu@63.781C soc2@63C soc0@63.75C gpu@65.343C tj@65.343C soc1@62.656C VDD_IN 17850mW/17330mW VDD_CPU_GPU_CV 8823mW/8230mW VDD_SOC 3955mW/3961mW
08-11-2026 18:00:09 RAM 6904/7607MB (lfb 1x1MB) SWAP 1412/16384MB (cached 135MB) CPU [2%@729,2%@729,1%@729,3%@729,91%@1344,0%@1344] GR3D_FREQ 97% cpu@63.718C soc2@62.906C soc0@63.687C gpu@65.312C tj@65.312C soc1@62.687C VDD_IN 17772mW/17332mW VDD_CPU_GPU_CV 8744mW/8233mW VDD_SOC 3995mW/3961mW
08-11-2026 18:00:10 RAM 6904/7607MB (lfb 1x1MB) SWAP 1412/16384MB (cached 135MB) CPU [3%@729,2%@729,2%@729,2%@729,93%@1344,0%@1344] GR3D_FREQ 98% cpu@63.843C soc2@63.031C soc0@63.687C gpu@65.468C tj@65.468C soc1@62.718C VDD_IN 17850mW/17334mW VDD_CPU_GPU_CV 8744mW/8235mW VDD_SOC 3995mW/3961mW
08-11-2026 18:00:11 RAM 6904/7607MB (lfb 1x1MB) SWAP 1412/16384MB (cached 135MB) CPU [11%@729,18%@729,5%@729,4%@729,92%@1344,0%@1344] GR3D_FREQ 98% cpu@64.062C soc2@62.968C soc0@63.781C gpu@65.656C tj@65.656C soc1@62.843C VDD_IN 18007mW/17337mW VDD_CPU_GPU_CV 8784mW/8237mW VDD_SOC 4034mW/3962mW
08-11-2026 18:00:12 RAM 6907/7607MB (lfb 1x1MB) SWAP 1412/16384MB (cached 135MB) CPU [3%@729,3%@729,1%@729,2%@729,92%@1344,4%@1344] GR3D_FREQ 98% cpu@63.781C soc2@62.937C soc0@63.812C gpu@65.718C tj@65.718C soc1@62.843C VDD_IN 17889mW/17339mW VDD_CPU_GPU_CV 8627mW/8239mW VDD_SOC 4034mW/3962mW
08-11-2026 18:00:13 RAM 6906/7607MB (lfb 1x1MB) SWAP 1412/16384MB (cached 135MB) CPU [2%@729,0%@729,3%@729,2%@729,35%@1344,57%@1344] GR3D_FREQ 98% cpu@63.875C soc2@62.968C soc0@63.843C gpu@65.625C tj@65.625C soc1@62.687C VDD_IN 17772mW/17341mW VDD_CPU_GPU_CV 8471mW/8240mW VDD_SOC 4073mW/3962mW
08-11-2026 18:00:14 RAM 6906/7607MB (lfb 1x1MB) SWAP 1412/16384MB (cached 135MB) CPU [2%@729,1%@729,2%@729,1%@729,0%@1344,92%@1344] GR3D_FREQ 97% cpu@64.093C soc2@63C soc0@63.687C gpu@65.281C tj@65.281C soc1@62.625C VDD_IN 17811mW/17343mW VDD_CPU_GPU_CV 8432mW/8241mW VDD_SOC 4112mW/3963mW
08-11-2026 18:00:15 RAM 6906/7607MB (lfb 1x1MB) SWAP 1412/16384MB (cached 135MB) CPU [2%@729,0%@729,2%@729,3%@729,0%@1344,93%@1344] GR3D_FREQ 97% cpu@63.875C soc2@63C soc0@63.718C gpu@65.5C tj@65.5C soc1@62.781C VDD_IN 17772mW/17345mW VDD_CPU_GPU_CV 8276mW/8241mW VDD_SOC 4151mW/3964mW
08-11-2026 18:00:16 RAM 6908/7607MB (lfb 1x1MB) SWAP 1412/16384MB (cached 135MB) CPU [4%@806,7%@806,10%@806,4%@806,0%@1344,92%@1344] GR3D_FREQ 97% cpu@64.437C soc2@63.031C soc0@63.75C gpu@65.343C tj@65.343C soc1@62.875C VDD_IN 17850mW/17347mW VDD_CPU_GPU_CV 8315mW/8241mW VDD_SOC 4190mW/3965mW
08-11-2026 18:00:17 RAM 6909/7607MB (lfb 1x1MB) SWAP 1412/16384MB (cached 135MB) CPU [6%@729,2%@729,4%@729,10%@729,0%@1344,92%@1344] GR3D_FREQ 97% cpu@63.937C soc2@63.093C soc0@63.843C gpu@65.343C tj@65.343C soc1@62.656C VDD_IN 17693mW/17349mW VDD_CPU_GPU_CV 8003mW/8240mW VDD_SOC 4230mW/3966mW
08-11-2026 18:00:18 RAM 6909/7607MB (lfb 1x1MB) SWAP 1412/16384MB (cached 135MB) CPU [3%@1113,0%@1113,2%@1113,2%@1113,0%@1344,93%@1344] GR3D_FREQ 99% cpu@64.25C soc2@63.062C soc0@63.656C gpu@64.781C tj@64.781C soc1@62.687C VDD_IN 17575mW/17350mW VDD_CPU_GPU_CV 7886mW/8239mW VDD_SOC 4276mW/3967mW
08-11-2026 18:00:19 RAM 6909/7607MB (lfb 1x1MB) SWAP 1412/16384MB (cached 135MB) CPU [4%@1344,1%@1344,2%@1344,4%@1344,0%@1344,92%@1344] GR3D_FREQ 99% cpu@64.156C soc2@63.062C soc0@63.718C gpu@65.156C tj@65.156C soc1@62.75C VDD_IN 17575mW/17351mW VDD_CPU_GPU_CV 8432mW/8239mW VDD_SOC 4040mW/3967mW
08-11-2026 18:00:20 RAM 6909/7607MB (lfb 1x1MB) SWAP 1412/16384MB (cached 135MB) CPU [3%@729,1%@729,1%@729,1%@729,0%@1344,92%@1344] GR3D_FREQ 99% cpu@63.812C soc2@63.062C soc0@63.781C gpu@65.437C tj@65.437C soc1@62.875C VDD_IN 17693mW/17352mW VDD_CPU_GPU_CV 8549mW/8241mW VDD_SOC 3995mW/3968mW
08-11-2026 18:00:21 RAM 6909/7607MB (lfb 1x1MB) SWAP 1412/16384MB (cached 135MB) CPU [3%@1344,1%@1344,3%@1344,2%@1344,0%@1344,92%@1344] GR3D_FREQ 99% cpu@63.906C soc2@63.031C soc0@63.781C gpu@65.562C tj@65.562C soc1@62.656C VDD_IN 18085mW/17355mW VDD_CPU_GPU_CV 8847mW/8243mW VDD_SOC 4112mW/3968mW
08-11-2026 18:00:22 RAM 6901/7607MB (lfb 1x1MB) SWAP 1412/16384MB (cached 135MB) CPU [20%@1113,7%@1113,9%@1113,4%@1113,0%@1344,99%@1344] GR3D_FREQ 97% cpu@64.031C soc2@63.062C soc0@63.718C gpu@65.531C tj@65.531C soc1@62.781C VDD_IN 18007mW/17358mW VDD_CPU_GPU_CV 8979mW/8246mW VDD_SOC 3955mW/3968mW
08-11-2026 18:00:23 RAM 6905/7607MB (lfb 1x1MB) SWAP 1412/16384MB (cached 135MB) CPU [2%@729,1%@729,1%@729,4%@729,2%@1344,93%@1344] GR3D_FREQ 98% cpu@64.187C soc2@63.062C soc0@63.687C gpu@65.343C tj@65.343C soc1@62.875C VDD_IN 17850mW/17360mW VDD_CPU_GPU_CV 8823mW/8249mW VDD_SOC 3955mW/3968mW
08-11-2026 18:00:24 RAM 6905/7607MB (lfb 1x1MB) SWAP 1412/16384MB (cached 135MB) CPU [2%@729,1%@729,1%@729,3%@729,0%@1344,92%@1344] GR3D_FREQ 97% cpu@63.843C soc2@63.062C soc0@63.75C gpu@65.125C tj@65.125C soc1@62.687C VDD_IN 17772mW/17362mW VDD_CPU_GPU_CV 8705mW/8251mW VDD_SOC 3955mW/3968mW
08-11-2026 18:00:25 RAM 6906/7607MB (lfb 1x1MB) SWAP 1412/16384MB (cached 135MB) CPU [2%@729,2%@729,1%@729,2%@729,0%@1344,92%@1344] GR3D_FREQ 98% cpu@63.906C soc2@63.062C soc0@63.812C gpu@65.187C tj@65.187C soc1@62.75C VDD_IN 17732mW/17363mW VDD_CPU_GPU_CV 8666mW/8252mW VDD_SOC 3995mW/3968mW
08-11-2026 18:00:26 RAM 6906/7607MB (lfb 1x1MB) SWAP 1412/16384MB (cached 135MB) CPU [3%@729,0%@729,2%@729,3%@729,0%@1344,91%@1344] GR3D_FREQ 97% cpu@64.093C soc2@63C soc0@63.625C gpu@65.093C tj@65.093C soc1@62.75C VDD_IN 17654mW/17364mW VDD_CPU_GPU_CV 8471mW/8253mW VDD_SOC 3995mW/3968mW
08-11-2026 18:00:27 RAM 6913/7607MB (lfb 1x1MB) SWAP 1412/16384MB (cached 135MB) CPU [7%@729,20%@729,8%@729,4%@729,0%@1344,93%@1344] GR3D_FREQ 98% cpu@63.968C soc2@63.062C soc0@63.687C gpu@65.375C tj@65.375C soc1@62.687C VDD_IN 17811mW/17366mW VDD_CPU_GPU_CV 8588mW/8255mW VDD_SOC 4034mW/3969mW
08-11-2026 18:00:28 RAM 6916/7607MB (lfb 1x1MB) SWAP 1412/16384MB (cached 135MB) CPU [3%@729,3%@729,3%@729,1%@729,0%@1344,92%@1344] GR3D_FREQ 99% cpu@64.156C soc2@63C soc0@63.781C gpu@65.343C tj@65.343C soc1@62.812C VDD_IN 17615mW/17367mW VDD_CPU_GPU_CV 8393mW/8255mW VDD_SOC 4040mW/3969mW
08-11-2026 18:00:29 RAM 6916/7607MB (lfb 1x1MB) SWAP 1412/16384MB (cached 135MB) CPU [2%@729,3%@729,3%@729,2%@729,0%@1344,92%@1344] GR3D_FREQ 97% cpu@63.906C soc2@63.031C soc0@63.75C gpu@65.375C tj@65.375C soc1@62.656C VDD_IN 17643mW/17368mW VDD_CPU_GPU_CV 8276mW/8255mW VDD_SOC 4073mW/3969mW
08-11-2026 18:00:30 RAM 6917/7607MB (lfb 1x1MB) SWAP 1412/16384MB (cached 135MB) CPU [2%@729,2%@729,4%@729,1%@729,0%@1344,92%@1344] GR3D_FREQ 98% cpu@64C soc2@63.062C soc0@63.812C gpu@65.468C tj@65.468C soc1@62.687C VDD_IN 17604mW/17369mW VDD_CPU_GPU_CV 8159mW/8255mW VDD_SOC 4119mW/3970mW
08-11-2026 18:00:31 RAM 6917/7607MB (lfb 1x1MB) SWAP 1412/16384MB (cached 135MB) CPU [1%@729,3%@729,2%@729,4%@729,0%@1344,93%@1344] GR3D_FREQ 98% cpu@64.093C soc2@63.062C soc0@63.75C gpu@65.375C tj@65.375C soc1@62.75C VDD_IN 17575mW/17370mW VDD_CPU_GPU_CV 8081mW/8254mW VDD_SOC 4158mW/3971mW
08-11-2026 18:00:32 RAM 6909/7607MB (lfb 1x1MB) SWAP 1412/16384MB (cached 135MB) CPU [13%@1344,6%@1344,7%@1344,5%@1344,1%@1344,92%@1344] GR3D_FREQ 98% cpu@64.312C soc2@63.093C soc0@63.718C gpu@65.156C tj@65.156C soc1@62.75C VDD_IN 17732mW/17371mW VDD_CPU_GPU_CV 8042mW/8253mW VDD_SOC 4230mW/3972mW
08-11-2026 18:00:33 RAM 6913/7607MB (lfb 1x1MB) SWAP 1412/16384MB (cached 135MB) CPU [4%@729,3%@729,4%@729,2%@729,1%@1344,92%@1344] GR3D_FREQ 99% cpu@64.406C soc2@63.125C soc0@63.75C gpu@64.75C tj@64.75C soc1@62.812C VDD_IN 17526mW/17372mW VDD_CPU_GPU_CV 7808mW/8251mW VDD_SOC 4237mW/3973mW
08-11-2026 18:00:34 RAM 6914/7607MB (lfb 1x1MB) SWAP 1412/16384MB (cached 135MB) CPU [6%@729,2%@729,2%@729,1%@729,1%@1344,92%@1344] GR3D_FREQ 99% cpu@64.031C soc2@63.125C soc0@63.75C gpu@65.156C tj@65.156C soc1@62.75C VDD_IN 17486mW/17373mW VDD_CPU_GPU_CV 8315mW/8252mW VDD_SOC 4040mW/3973mW
08-11-2026 18:00:35 RAM 6915/7607MB (lfb 1x1MB) SWAP 1412/16384MB (cached 135MB) CPU [2%@729,1%@729,1%@729,2%@729,0%@1344,92%@1344] GR3D_FREQ 99% cpu@63.875C soc2@63.062C soc0@63.75C gpu@65.343C tj@65.343C soc1@62.718C VDD_IN 17565mW/17373mW VDD_CPU_GPU_CV 8471mW/8253mW VDD_SOC 3962mW/3973mW
08-11-2026 18:00:36 RAM 6915/7607MB (lfb 1x1MB) SWAP 1412/16384MB (cached 135MB) CPU [2%@729,2%@729,1%@729,1%@729,0%@729,91%@729] GR3D_FREQ 99% cpu@64.125C soc2@63.218C soc0@63.875C gpu@65.437C tj@65.437C soc1@62.812C VDD_IN 17929mW/17375mW VDD_CPU_GPU_CV 8744mW/8255mW VDD_SOC 4073mW/3973mW
08-11-2026 18:00:37 RAM 6915/7607MB (lfb 1x1MB) SWAP 1412/16384MB (cached 135MB) CPU [3%@729,1%@729,2%@729,3%@729,0%@1344,98%@1344] GR3D_FREQ 96% cpu@63.937C soc2@63.093C soc0@63.718C gpu@65.437C tj@65.437C soc1@62.718C VDD_IN 17732mW/17377mW VDD_CPU_GPU_CV 8744mW/8256mW VDD_SOC 3916mW/3973mW
08-11-2026 18:00:38 RAM 6921/7607MB (lfb 1x1MB) SWAP 1412/16384MB (cached 135MB) CPU [9%@729,5%@729,19%@729,5%@729,0%@1344,94%@1344] GR3D_FREQ 97% cpu@64.156C soc2@63.156C soc0@63.781C gpu@65.656C tj@65.656C soc1@62.687C VDD_IN 17811mW/17379mW VDD_CPU_GPU_CV 8784mW/8258mW VDD_SOC 3955mW/3973mW
08-11-2026 18:00:39 RAM 6922/7607MB (lfb 1x1MB) SWAP 1412/16384MB (cached 135MB) CPU [1%@729,1%@729,3%@729,2%@729,0%@1344,92%@1344] GR3D_FREQ 97% cpu@63.906C soc2@63.093C soc0@63.843C gpu@65.75C tj@65.75C soc1@62.75C VDD_IN 17654mW/17380mW VDD_CPU_GPU_CV 8627mW/8260mW VDD_SOC 3962mW/3973mW
08-11-2026 18:00:40 RAM 6922/7607MB (lfb 1x1MB) SWAP 1412/16384MB (cached 135MB) CPU [3%@729,2%@729,2%@729,1%@729,1%@1344,91%@1344] GR3D_FREQ 97% cpu@64.031C soc2@63.031C soc0@63.75C gpu@65.75C tj@65.75C soc1@62.812C VDD_IN 17772mW/17381mW VDD_CPU_GPU_CV 8666mW/8261mW VDD_SOC 3955mW/3973mW
08-11-2026 18:00:41 RAM 6923/7607MB (lfb 1x1MB) SWAP 1412/16384MB (cached 135MB) CPU [2%@729,2%@729,1%@729,2%@729,0%@1344,93%@1344] GR3D_FREQ 99% cpu@64.187C soc2@63.062C soc0@63.687C gpu@65.281C tj@65.281C soc1@62.843C VDD_IN 17693mW/17382mW VDD_CPU_GPU_CV 8588mW/8263mW VDD_SOC 4001mW/3973mW
08-11-2026 18:00:42 RAM 6918/7607MB (lfb 1x1MB) SWAP 1412/16384MB (cached 135MB) CPU [2%@729,2%@729,1%@729,0%@729,1%@1344,92%@1344] GR3D_FREQ 97% cpu@63.937C soc2@63.125C soc0@63.812C gpu@65.343C tj@65.343C soc1@62.812C VDD_IN 17732mW/17384mW VDD_CPU_GPU_CV 8588mW/8264mW VDD_SOC 4034mW/3973mW
08-11-2026 18:00:43 RAM 6925/7607MB (lfb 1x1MB) SWAP 1412/16384MB (cached 135MB) CPU [10%@729,19%@729,2%@729,4%@729,0%@1344,92%@1344] GR3D_FREQ 98% cpu@64.156C soc2@63.093C soc0@63.812C gpu@65.468C tj@65.468C soc1@62.906C VDD_IN 17772mW/17385mW VDD_CPU_GPU_CV 8510mW/8265mW VDD_SOC 4073mW/3974mW
08-11-2026 18:00:44 RAM 6925/7607MB (lfb 1x1MB) SWAP 1412/16384MB (cached 135MB) CPU [1%@729,2%@729,2%@729,1%@729,0%@1344,92%@1344] GR3D_FREQ 97% cpu@63.937C soc2@63.187C soc0@63.937C gpu@65.468C tj@65.468C soc1@62.75C VDD_IN 17693mW/17386mW VDD_CPU_GPU_CV 8393mW/8265mW VDD_SOC 4073mW/3974mW
08-11-2026 18:00:45 RAM 6926/7607MB (lfb 1x1MB) SWAP 1412/16384MB (cached 135MB) CPU [2%@729,5%@729,3%@729,1%@729,0%@1344,92%@1344] GR3D_FREQ 97% cpu@64C soc2@63.031C soc0@63.875C gpu@65.468C tj@65.468C soc1@62.812C VDD_IN 17654mW/17387mW VDD_CPU_GPU_CV 8198mW/8265mW VDD_SOC 4119mW/3975mW
08-11-2026 18:00:46 RAM 6926/7607MB (lfb 1x1MB) SWAP 1412/16384MB (cached 135MB) CPU [2%@729,3%@729,2%@729,2%@729,0%@1344,92%@1344] GR3D_FREQ 97% cpu@64.125C soc2@63.062C soc0@63.812C gpu@65.531C tj@65.531C soc1@62.812C VDD_IN 17722mW/17389mW VDD_CPU_GPU_CV 8081mW/8264mW VDD_SOC 4151mW/3975mW
08-11-2026 18:00:47 RAM 6927/7607MB (lfb 1x1MB) SWAP 1412/16384MB (cached 135MB) CPU [1%@729,3%@729,2%@729,2%@729,0%@1344,92%@1344] GR3D_FREQ 97% cpu@64.031C soc2@63.125C soc0@63.875C gpu@65.437C tj@65.437C soc1@62.937C VDD_IN 17575mW/17389mW VDD_CPU_GPU_CV 7886mW/8263mW VDD_SOC 4237mW/3976mW
08-11-2026 18:00:48 RAM 6915/7607MB (lfb 1x1MB) SWAP 1412/16384MB (cached 135MB) CPU [10%@729,8%@729,4%@729,17%@729,0%@1344,92%@1344] GR3D_FREQ 99% cpu@64.281C soc2@63.218C soc0@63.937C gpu@64.937C tj@64.812C soc1@62.937C VDD_IN 17693mW/17390mW VDD_CPU_GPU_CV 8003mW/8262mW VDD_SOC 4230mW/3977mW
08-11-2026 18:00:49 RAM 6918/7607MB (lfb 1x1MB) SWAP 1412/16384MB (cached 135MB) CPU [2%@729,3%@729,3%@729,2%@729,0%@1344,92%@1344] GR3D_FREQ 99% cpu@64.125C soc2@63.062C soc0@63.937C gpu@65.281C tj@65.281C soc1@62.812C VDD_IN 17486mW/17391mW VDD_CPU_GPU_CV 8315mW/8262mW VDD_SOC 4001mW/3977mW
08-11-2026 18:00:50 RAM 6919/7607MB (lfb 1x1MB) SWAP 1412/16384MB (cached 135MB) CPU [2%@729,3%@729,1%@729,3%@729,0%@1344,91%@1344] GR3D_FREQ 99% cpu@64.062C soc2@63.062C soc0@63.75C gpu@65.312C tj@65.312C soc1@62.812C VDD_IN 17497mW/17391mW VDD_CPU_GPU_CV 8471mW/8263mW VDD_SOC 4001mW/3977mW
08-11-2026 18:00:52 RAM 6919/7607MB (lfb 1x1MB) SWAP 1412/16384MB (cached 135MB) CPU [1%@729,2%@729,2%@729,2%@729,0%@1344,92%@1344] GR3D_FREQ 99% cpu@64.187C soc2@63.156C soc0@63.906C gpu@65.437C tj@65.437C soc1@62.906C VDD_IN 17968mW/17393mW VDD_CPU_GPU_CV 8784mW/8265mW VDD_SOC 4073mW/3978mW
08-11-2026 18:00:53 RAM 6919/7607MB (lfb 1x1MB) SWAP 1412/16384MB (cached 135MB) CPU [2%@729,2%@729,2%@729,3%@729,0%@1344,99%@1344] GR3D_FREQ 97% cpu@63.843C soc2@63.218C soc0@63.843C gpu@65.406C tj@65.406C soc1@62.875C VDD_IN 17732mW/17395mW VDD_CPU_GPU_CV 8784mW/8267mW VDD_SOC 3916mW/3977mW
08-11-2026 18:00:54 RAM 6920/7607MB (lfb 1x1MB) SWAP 1412/16384MB (cached 135MB) CPU [2%@729,2%@729,1%@729,3%@729,0%@1344,93%@1344] GR3D_FREQ 97% cpu@64.031C soc2@63.187C soc0@63.937C gpu@65.75C tj@65.75C soc1@62.812C VDD_IN 17772mW/17396mW VDD_CPU_GPU_CV 8744mW/8269mW VDD_SOC 3955mW/3977mW
08-11-2026 18:00:55 RAM 6925/7607MB (lfb 1x1MB) SWAP 1412/16384MB (cached 135MB) CPU [5%@729,14%@729,7%@729,10%@729,0%@1344,92%@1344] GR3D_FREQ 97% cpu@64.062C soc2@63.187C soc0@63.875C gpu@65.656C tj@65.656C soc1@62.812C VDD_IN 17732mW/17397mW VDD_CPU_GPU_CV 8705mW/8270mW VDD_SOC 3955mW/3977mW
08-11-2026 18:00:56 RAM 6925/7607MB (lfb 1x1MB) SWAP 1412/16384MB (cached 135MB) CPU [2%@729,4%@729,1%@729,1%@729,0%@1344,92%@1344] GR3D_FREQ 97% cpu@64.281C soc2@63.125C soc0@63.843C gpu@65.75C tj@65.75C soc1@62.812C VDD_IN 17772mW/17399mW VDD_CPU_GPU_CV 8627mW/8272mW VDD_SOC 3995mW/3977mW
08-11-2026 18:00:57 RAM 6926/7607MB (lfb 1x1MB) SWAP 1412/16384MB (cached 135MB) CPU [3%@729,5%@729,2%@729,1%@729,0%@1344,92%@1344] GR3D_FREQ 97% cpu@64.125C soc2@63.125C soc0@63.843C gpu@65.718C tj@65.718C soc1@62.875C VDD_IN 17693mW/17400mW VDD_CPU_GPU_CV 8549mW/8273mW VDD_SOC 3995mW/3977mW
08-11-2026 18:00:58 RAM 6926/7607MB (lfb 1x1MB) SWAP 1412/16384MB (cached 135MB) CPU [2%@729,2%@729,2%@729,3%@729,0%@1344,92%@1344] GR3D_FREQ 97% cpu@64C soc2@63.156C soc0@63.812C gpu@65.75C tj@65.75C soc1@62.937C VDD_IN 17732mW/17401mW VDD_CPU_GPU_CV 8549mW/8274mW VDD_SOC 3995mW/3977mW
08-11-2026 18:00:59 RAM 6927/7607MB (lfb 1x1MB) SWAP 1412/16384MB (cached 135MB) CPU [3%@729,1%@729,1%@729,1%@729,0%@1344,93%@1344] GR3D_FREQ 99% cpu@64.031C soc2@63.25C soc0@63.937C gpu@65.75C tj@65.75C soc1@62.812C VDD_IN 17693mW/17402mW VDD_CPU_GPU_CV 8432mW/8274mW VDD_SOC 4073mW/3978mW
08-11-2026 18:01:00 RAM 6925/7607MB (lfb 1x1MB) SWAP 1412/16384MB (cached 135MB) CPU [7%@729,6%@729,7%@729,21%@729,0%@1344,92%@1344] GR3D_FREQ 97% cpu@64.093C soc2@63.125C soc0@63.781C gpu@65.5C tj@65.5C soc1@62.812C VDD_IN 17772mW/17403mW VDD_CPU_GPU_CV 8432mW/8275mW VDD_SOC 4073mW/3978mW
08-11-2026 18:01:01 RAM 6925/7607MB (lfb 1x1MB) SWAP 1412/16384MB (cached 135MB) CPU [1%@729,2%@729,0%@729,2%@729,0%@1344,92%@1344] GR3D_FREQ 98% cpu@64.312C soc2@63.093C soc0@63.875C gpu@65.468C tj@65.468C soc1@62.875C VDD_IN 17654mW/17404mW VDD_CPU_GPU_CV 8237mW/8275mW VDD_SOC 4112mW/3979mW
08-11-2026 18:01:02 RAM 6926/7607MB (lfb 1x1MB) SWAP 1412/16384MB (cached 135MB) CPU [3%@729,4%@729,2%@729,0%@729,0%@1344,92%@1344] GR3D_FREQ 97% cpu@64.218C soc2@63.125C soc0@63.812C gpu@65.437C tj@65.437C soc1@62.906C VDD_IN 17654mW/17405mW VDD_CPU_GPU_CV 8120mW/8274mW VDD_SOC 4158mW/3979mW
08-11-2026 18:01:03 RAM 6926/7607MB (lfb 1x1MB) SWAP 1412/16384MB (cached 135MB) CPU [2%@729,1%@729,1%@729,2%@729,0%@1344,92%@1344] GR3D_FREQ 97% cpu@64.062C soc2@63.125C soc0@63.875C gpu@65.437C tj@65.437C soc1@63.031C VDD_IN 17575mW/17406mW VDD_CPU_GPU_CV 7925mW/8273mW VDD_SOC 4237mW/3980mW
08-11-2026 18:01:04 RAM 6927/7607MB (lfb 1x1MB) SWAP 1412/16384MB (cached 135MB) CPU [2%@729,2%@729,1%@729,2%@729,0%@1344,92%@1344] GR3D_FREQ 99% cpu@64.343C soc2@63.187C soc0@63.906C gpu@65.281C tj@65.281C soc1@62.812C VDD_IN 17497mW/17406mW VDD_CPU_GPU_CV 7768mW/8271mW VDD_SOC 4276mW/3981mW
08-11-2026 18:01:05 RAM 6929/7607MB (lfb 1x1MB) SWAP 1412/16384MB (cached 135MB) CPU [10%@729,16%@729,3%@729,7%@729,0%@1344,91%@1344] GR3D_FREQ 99% cpu@64.125C soc2@63.25C soc0@63.843C gpu@65.687C tj@65.687C soc1@62.875C VDD_IN 17654mW/17407mW VDD_CPU_GPU_CV 8432mW/8272mW VDD_SOC 4034mW/3981mW
08-11-2026 18:01:06 RAM 6930/7607MB (lfb 1x1MB) SWAP 1412/16384MB (cached 135MB) CPU [2%@729,2%@729,2%@729,2%@729,0%@1344,93%@1344] GR3D_FREQ 99% cpu@64.281C soc2@63.125C soc0@63.906C gpu@65.906C tj@65.906C soc1@62.937C VDD_IN 17683mW/17408mW VDD_CPU_GPU_CV 8510mW/8272mW VDD_SOC 3995mW/3981mW
08-11-2026 18:01:07 RAM 6931/7607MB (lfb 1x1MB) SWAP 1412/16384MB (cached 135MB) CPU [3%@729,2%@729,6%@729,1%@729,0%@1344,92%@1344] GR3D_FREQ 99% cpu@64.25C soc2@63.281C soc0@63.875C gpu@65.468C tj@65.468C soc1@62.968C VDD_IN 18046mW/17410mW VDD_CPU_GPU_CV 8784mW/8274mW VDD_SOC 4073mW/3982mW
08-11-2026 18:01:08 RAM 6931/7607MB (lfb 1x1MB) SWAP 1412/16384MB (cached 135MB) CPU [2%@729,2%@729,1%@729,3%@729,0%@1344,97%@1344] GR3D_FREQ 96% cpu@64.031C soc2@63.218C soc0@63.906C gpu@65.468C tj@65.468C soc1@62.781C VDD_IN 17732mW/17411mW VDD_CPU_GPU_CV 8744mW/8276mW VDD_SOC 3916mW/3982mW
08-11-2026 18:01:09 RAM 6931/7607MB (lfb 1x1MB) SWAP 1412/16384MB (cached 135MB) CPU [3%@729,1%@729,2%@729,3%@729,0%@1344,94%@1344] GR3D_FREQ 97% cpu@64.031C soc2@63.125C soc0@63.937C gpu@65.718C tj@65.718C soc1@62.843C VDD_IN 17772mW/17412mW VDD_CPU_GPU_CV 8744mW/8277mW VDD_SOC 3955mW/3981mW
08-11-2026 18:01:10 RAM 6932/7607MB (lfb 1x1MB) SWAP 1412/16384MB (cached 135MB) CPU [4%@729,3%@729,4%@729,6%@729,0%@1344,92%@1344] GR3D_FREQ 98% cpu@64.281C soc2@63.218C soc0@63.875C gpu@65.562C tj@65.562C soc1@62.906C VDD_IN 17811mW/17414mW VDD_CPU_GPU_CV 8784mW/8279mW VDD_SOC 3955mW/3981mW
08-11-2026 18:01:11 RAM 6929/7607MB (lfb 1x1MB) SWAP 1412/16384MB (cached 135MB) CPU [6%@729,7%@729,10%@729,7%@729,1%@1344,92%@1344] GR3D_FREQ 98% cpu@64.281C soc2@63.156C soc0@63.937C gpu@65.75C tj@65.75C soc1@62.875C VDD_IN 17772mW/17415mW VDD_CPU_GPU_CV 8744mW/8281mW VDD_SOC 3955mW/3981mW
08-11-2026 18:01:12 RAM 6931/7607MB (lfb 1x1MB) SWAP 1412/16384MB (cached 135MB) CPU [3%@729,2%@729,0%@729,2%@729,0%@1344,93%@1344] GR3D_FREQ 98% cpu@64C soc2@63.156C soc0@63.906C gpu@65.687C tj@65.687C soc1@62.968C VDD_IN 17772mW/17416mW VDD_CPU_GPU_CV 8627mW/8282mW VDD_SOC 3995mW/3981mW
08-11-2026 18:01:13 RAM 6931/7607MB (lfb 1x1MB) SWAP 1412/16384MB (cached 135MB) CPU [3%@729,2%@729,1%@729,2%@729,0%@1344,92%@1344] GR3D_FREQ 97% cpu@64.062C soc2@63.312C soc0@63.968C gpu@65.687C tj@65.687C soc1@62.812C VDD_IN 17732mW/17417mW VDD_CPU_GPU_CV 8588mW/8283mW VDD_SOC 3995mW/3981mW
08-11-2026 18:01:14 RAM 6932/7607MB (lfb 1x1MB) SWAP 1412/16384MB (cached 135MB) CPU [1%@729,1%@729,2%@729,1%@729,0%@1344,92%@1344] GR3D_FREQ 97% cpu@64.062C soc2@63.187C soc0@63.937C gpu@65.562C tj@65.562C soc1@62.812C VDD_IN 17693mW/17418mW VDD_CPU_GPU_CV 8510mW/8284mW VDD_SOC 4040mW/3982mW
08-11-2026 18:01:15 RAM 6932/7607MB (lfb 1x1MB) SWAP 1412/16384MB (cached 135MB) CPU [2%@729,3%@729,2%@729,1%@729,0%@1344,92%@1344] GR3D_FREQ 97% cpu@64.125C soc2@63.187C soc0@63.906C gpu@65.531C tj@65.531C soc1@62.906C VDD_IN 17732mW/17419mW VDD_CPU_GPU_CV 8432mW/8284mW VDD_SOC 4073mW/3982mW
08-11-2026 18:01:16 RAM 6935/7607MB (lfb 1x1MB) SWAP 1412/16384MB (cached 135MB) CPU [4%@729,11%@729,4%@729,20%@729,0%@1344,92%@1344] GR3D_FREQ 97% cpu@64.375C soc2@63.25C soc0@63.843C gpu@65.531C tj@65.531C soc1@62.968C VDD_IN 17732mW/17420mW VDD_CPU_GPU_CV 8354mW/8285mW VDD_SOC 4112mW/3982mW
08-11-2026 18:01:17 RAM 6936/7607MB (lfb 1x1MB) SWAP 1412/16384MB (cached 135MB) CPU [8%@729,1%@729,2%@729,2%@729,0%@1344,92%@1344] GR3D_FREQ 97% cpu@64.062C soc2@63.281C soc0@63.937C gpu@65.468C tj@65.468C soc1@63C VDD_IN 17615mW/17421mW VDD_CPU_GPU_CV 8120mW/8284mW VDD_SOC 4151mW/3983mW
08-11-2026 18:01:18 RAM 6937/7607MB (lfb 1x1MB) SWAP 1412/16384MB (cached 135MB) CPU [2%@729,3%@729,1%@729,3%@729,0%@1344,92%@1344] GR3D_FREQ 97% cpu@64.125C soc2@63.218C soc0@64.062C gpu@65.406C tj@65.406C soc1@62.875C VDD_IN 17615mW/17422mW VDD_CPU_GPU_CV 7964mW/8283mW VDD_SOC 4190mW/3984mW
08-11-2026 18:01:19 RAM 6937/7607MB (lfb 1x1MB) SWAP 1412/16384MB (cached 135MB) CPU [3%@729,1%@729,2%@729,3%@729,0%@1344,91%@1344] GR3D_FREQ 99% cpu@64.406C soc2@63.125C soc0@63.781C gpu@65.093C tj@65.375C soc1@62.875C VDD_IN 17575mW/17422mW VDD_CPU_GPU_CV 7729mW/8281mW VDD_SOC 4276mW/3985mW
08-11-2026 18:01:20 RAM 6938/7607MB (lfb 1x1MB) SWAP 1412/16384MB (cached 135MB) CPU [4%@729,3%@729,1%@729,2%@729,0%@1344,92%@1344] GR3D_FREQ 99% cpu@64.281C soc2@63.187C soc0@63.875C gpu@65.281C tj@65.281C soc1@62.906C VDD_IN 17526mW/17423mW VDD_CPU_GPU_CV 8120mW/8281mW VDD_SOC 4119mW/3985mW
08-11-2026 18:01:21 RAM 6934/7607MB (lfb 1x1MB) SWAP 1412/16384MB (cached 135MB) CPU [6%@729,9%@729,9%@729,16%@729,0%@1344,92%@1344] GR3D_FREQ 99% cpu@64.281C soc2@63.218C soc0@63.875C gpu@65.812C tj@65.812C soc1@62.968C VDD_IN 17654mW/17423mW VDD_CPU_GPU_CV 8705mW/8282mW VDD_SOC 3955mW/3985mW
08-11-2026 18:01:22 RAM 6936/7607MB (lfb 1x1MB) SWAP 1412/16384MB (cached 135MB) CPU [2%@729,0%@729,3%@729,4%@729,0%@1344,92%@1344] GR3D_FREQ 99% cpu@64.031C soc2@63.343C soc0@64C gpu@66C tj@66C soc1@63.031C VDD_IN 17850mW/17425mW VDD_CPU_GPU_CV 8705mW/8283mW VDD_SOC 4034mW/3985mW
08-11-2026 18:01:23 RAM 6936/7607MB (lfb 1x1MB) SWAP 1412/16384MB (cached 135MB) CPU [2%@729,1%@729,4%@729,2%@729,0%@1190,96%@1190] GR3D_FREQ 98% cpu@64.062C soc2@63.218C soc0@64C gpu@65.843C tj@65.843C soc1@62.843C VDD_IN 17732mW/17426mW VDD_CPU_GPU_CV 8666mW/8285mW VDD_SOC 3955mW/3985mW
08-11-2026 18:01:24 RAM 6939/7607MB (lfb 2x1MB) SWAP 1412/16384MB (cached 135MB) CPU [2%@729,1%@729,3%@729,2%@729,0%@1344,96%@1344] GR3D_FREQ 97% cpu@64.25C soc2@63.156C soc0@63.937C gpu@65.625C tj@65.625C soc1@62.812C VDD_IN 17811mW/17427mW VDD_CPU_GPU_CV 8784mW/8286mW VDD_SOC 3955mW/3985mW
08-11-2026 18:01:25 RAM 6939/7607MB (lfb 2x1MB) SWAP 1412/16384MB (cached 135MB) CPU [2%@729,2%@729,1%@729,2%@729,0%@1344,93%@1344] GR3D_FREQ 98% cpu@64.031C soc2@63.125C soc0@63.843C gpu@65.625C tj@65.625C soc1@62.875C VDD_IN 17732mW/17428mW VDD_CPU_GPU_CV 8705mW/8288mW VDD_SOC 3955mW/3985mW
08-11-2026 18:01:26 RAM 6943/7607MB (lfb 2x1MB) SWAP 1412/16384MB (cached 135MB) CPU [4%@883,16%@883,3%@883,7%@883,0%@1344,92%@1344] GR3D_FREQ 97% cpu@64.5C soc2@63.25C soc0@63.843C gpu@65.625C tj@65.625C soc1@62.968C VDD_IN 17968mW/17430mW VDD_CPU_GPU_CV 8862mW/8290mW VDD_SOC 3995mW/3985mW
08-11-2026 18:01:27 RAM 6944/7607MB (lfb 2x1MB) SWAP 1412/16384MB (cached 135MB) CPU [6%@729,2%@729,3%@729,5%@729,0%@1344,92%@1344] GR3D_FREQ 97% cpu@64.031C soc2@63.312C soc0@63.906C gpu@65.656C tj@65.656C soc1@62.875C VDD_IN 17811mW/17431mW VDD_CPU_GPU_CV 8666mW/8291mW VDD_SOC 3995mW/3985mW
08-11-2026 18:01:28 RAM 6944/7607MB (lfb 2x1MB) SWAP 1412/16384MB (cached 135MB) CPU [3%@729,2%@729,2%@729,2%@729,0%@1344,92%@1344] GR3D_FREQ 97% cpu@64.031C soc2@63.187C soc0@63.875C gpu@65.968C tj@65.968C soc1@62.812C VDD_IN 17811mW/17432mW VDD_CPU_GPU_CV 8588mW/8292mW VDD_SOC 3995mW/3985mW
08-11-2026 18:01:29 RAM 6945/7607MB (lfb 2x1MB) SWAP 1412/16384MB (cached 135MB) CPU [2%@729,3%@729,2%@729,2%@729,0%@1344,93%@1344] GR3D_FREQ 98% cpu@64.156C soc2@63.156C soc0@63.843C gpu@65.875C tj@65.875C soc1@62.843C VDD_IN 17772mW/17433mW VDD_CPU_GPU_CV 8510mW/8292mW VDD_SOC 4034mW/3985mW
08-11-2026 18:01:30 RAM 6946/7607MB (lfb 2x1MB) SWAP 1412/16384MB (cached 135MB) CPU [1%@729,2%@729,2%@729,1%@729,0%@1344,92%@1344] GR3D_FREQ 98% cpu@64C soc2@63.187C soc0@63.906C gpu@65.968C tj@65.968C soc1@62.937C VDD_IN 17772mW/17435mW VDD_CPU_GPU_CV 8432mW/8293mW VDD_SOC 4073mW/3985mW
08-11-2026 18:01:31 RAM 6946/7607MB (lfb 2x1MB) SWAP 1412/16384MB (cached 135MB) CPU [1%@729,2%@729,2%@729,2%@729,0%@1344,92%@1344] GR3D_FREQ 97% cpu@64.031C soc2@63.125C soc0@63.937C gpu@65.343C tj@65.593C soc1@62.812C VDD_IN 17732mW/17436mW VDD_CPU_GPU_CV 8276mW/8293mW VDD_SOC 4112mW/3986mW
08-11-2026 18:01:32 RAM 6950/7607MB (lfb 1x1MB) SWAP 1412/16384MB (cached 135MB) CPU [20%@729,3%@729,10%@729,4%@729,0%@1344,92%@1344] GR3D_FREQ 97% cpu@64.187C soc2@63.125C soc0@63.968C gpu@65.562C tj@65.562C soc1@62.843C VDD_IN 17654mW/17436mW VDD_CPU_GPU_CV 8159mW/8292mW VDD_SOC 4151mW/3986mW
08-11-2026 18:01:33 RAM 6951/7607MB (lfb 1x1MB) SWAP 1412/16384MB (cached 135MB) CPU [2%@729,2%@729,1%@729,2%@729,0%@1344,91%@1344] GR3D_FREQ 97% cpu@64.437C soc2@63.187C soc0@63.781C gpu@65.5C tj@65.5C soc1@62.906C VDD_IN 17575mW/17437mW VDD_CPU_GPU_CV 7964mW/8291mW VDD_SOC 4230mW/3987mW
08-11-2026 18:01:34 RAM 6951/7607MB (lfb 1x1MB) SWAP 1412/16384MB (cached 135MB) CPU [1%@729,2%@729,2%@729,2%@729,1%@1344,92%@1344] GR3D_FREQ 99% cpu@64.468C soc2@63.281C soc0@63.937C gpu@65.031C tj@65.031C soc1@62.968C VDD_IN 17536mW/17437mW VDD_CPU_GPU_CV 7729mW/8290mW VDD_SOC 4276mW/3988mW
08-11-2026 18:01:35 RAM 6952/7607MB (lfb 1x1MB) SWAP 1412/16384MB (cached 135MB) CPU [2%@729,2%@729,3%@729,1%@729,0%@1344,92%@1344] GR3D_FREQ 99% cpu@64.062C soc2@63.25C soc0@63.937C gpu@65.343C tj@65.343C soc1@63.031C VDD_IN 17497mW/17437mW VDD_CPU_GPU_CV 8276mW/8290mW VDD_SOC 4080mW/3988mW
08-11-2026 18:01:36 RAM 6952/7607MB (lfb 1x1MB) SWAP 1412/16384MB (cached 135MB) CPU [5%@729,3%@729,1%@729,5%@729,0%@1344,92%@1344] GR3D_FREQ 99% cpu@64C soc2@63.312C soc0@64.062C gpu@65.375C tj@65.375C soc1@62.812C VDD_IN 17615mW/17438mW VDD_CPU_GPU_CV 8588mW/8290mW VDD_SOC 3962mW/3988mW
08-11-2026 18:01:37 RAM 6950/7607MB (lfb 1x1MB) SWAP 1412/16384MB (cached 135MB) CPU [8%@729,10%@729,3%@729,17%@729,0%@1344,92%@1344] GR3D_FREQ 99% cpu@64.156C soc2@63.25C soc0@63.906C gpu@65.625C tj@65.625C soc1@62.843C VDD_IN 18125mW/17440mW VDD_CPU_GPU_CV 8901mW/8292mW VDD_SOC 4073mW/3988mW
08-11-2026 18:01:38 RAM 6949/7607MB (lfb 1x1MB) SWAP 1412/16384MB (cached 135MB) CPU [2%@729,0%@729,3%@729,2%@729,0%@1267,97%@1267] GR3D_FREQ 96% cpu@64.218C soc2@63.187C soc0@63.937C gpu@65.468C tj@65.468C soc1@62.812C VDD_IN 17693mW/17441mW VDD_CPU_GPU_CV 8744mW/8294mW VDD_SOC 3955mW/3988mW
08-11-2026 18:01:39 RAM 6949/7607MB (lfb 1x1MB) SWAP 1412/16384MB (cached 135MB) CPU [3%@729,3%@729,1%@729,3%@729,0%@1344,96%@1344] GR3D_FREQ 97% cpu@64.281C soc2@63.25C soc0@63.968C gpu@65.593C tj@65.593C soc1@62.968C VDD_IN 17850mW/17442mW VDD_CPU_GPU_CV 8823mW/8296mW VDD_SOC 3955mW/3988mW
08-11-2026 18:01:40 RAM 6950/7607MB (lfb 1x1MB) SWAP 1412/16384MB (cached 135MB) CPU [3%@729,3%@729,1%@729,2%@729,0%@1344,92%@1344] GR3D_FREQ 98% cpu@63.968C soc2@63.312C soc0@64.031C gpu@65.75C tj@65.75C soc1@63C VDD_IN 17772mW/17443mW VDD_CPU_GPU_CV 8705mW/8297mW VDD_SOC 3955mW/3988mW
08-11-2026 18:01:41 RAM 6950/7607MB (lfb 1x1MB) SWAP 1412/16384MB (cached 135MB) CPU [2%@729,4%@729,3%@729,2%@729,0%@1344,92%@1344] GR3D_FREQ 97% cpu@64.031C soc2@63.25C soc0@63.968C gpu@65.75C tj@65.75C soc1@62.812C VDD_IN 17811mW/17444mW VDD_CPU_GPU_CV 8744mW/8298mW VDD_SOC 3955mW/3988mW
08-11-2026 18:01:42 RAM 6952/7607MB (lfb 1x1MB) SWAP 1412/16384MB (cached 135MB) CPU [4%@1344,2%@1344,21%@1344,7%@1344,0%@1344,92%@1344] GR3D_FREQ 98% cpu@64.375C soc2@63.281C soc0@63.875C gpu@65.75C tj@65.75C soc1@62.812C VDD_IN 18007mW/17446mW VDD_CPU_GPU_CV 8886mW/8300mW VDD_SOC 4034mW/3988mW
08-11-2026 18:01:43 RAM 6953/7607MB (lfb 1x1MB) SWAP 1412/16384MB (cached 135MB) CPU [3%@729,1%@729,2%@729,2%@729,0%@1344,92%@1344] GR3D_FREQ 97% cpu@64.312C soc2@63.218C soc0@64.031C gpu@65.781C tj@65.781C soc1@62.937C VDD_IN 17811mW/17447mW VDD_CPU_GPU_CV 8666mW/8301mW VDD_SOC 3995mW/3988mW
08-11-2026 18:01:44 RAM 6953/7607MB (lfb 1x1MB) SWAP 1412/16384MB (cached 135MB) CPU [0%@729,2%@729,2%@729,2%@729,0%@1344,92%@1344] GR3D_FREQ 98% cpu@64.031C soc2@63.25C soc0@63.937C gpu@65.812C tj@65.812C soc1@62.875C VDD_IN 17732mW/17448mW VDD_CPU_GPU_CV 8510mW/8302mW VDD_SOC 4034mW/3988mW
08-11-2026 18:01:45 RAM 6954/7607MB (lfb 1x1MB) SWAP 1412/16384MB (cached 135MB) CPU [2%@729,2%@729,2%@729,1%@729,0%@1344,92%@1344] GR3D_FREQ 97% cpu@64.062C soc2@63.25C soc0@64.062C gpu@65.437C tj@65.437C soc1@62.812C VDD_IN 17693mW/17449mW VDD_CPU_GPU_CV 8432mW/8302mW VDD_SOC 4073mW/3989mW
08-11-2026 18:01:46 RAM 6954/7607MB (lfb 1x1MB) SWAP 1412/16384MB (cached 135MB) CPU [2%@729,3%@729,1%@729,6%@729,0%@1344,92%@1344] GR3D_FREQ 97% cpu@64.062C soc2@63.156C soc0@63.875C gpu@65.468C tj@65.468C soc1@62.843C VDD_IN 17732mW/17450mW VDD_CPU_GPU_CV 8315mW/8302mW VDD_SOC 4112mW/3989mW
08-11-2026 18:01:47 RAM 6955/7607MB (lfb 1x1MB) SWAP 1412/16384MB (cached 135MB) CPU [3%@729,2%@729,2%@729,2%@1344,0%@1344,92%@1344] GR3D_FREQ 97% cpu@64.187C soc2@63.187C soc0@63.843C gpu@65.468C tj@65.468C soc1@62.906C VDD_IN 17654mW/17450mW VDD_CPU_GPU_CV 8159mW/8302mW VDD_SOC 4151mW/3989mW
08-11-2026 18:01:48 RAM 6953/7607MB (lfb 1x1MB) SWAP 1412/16384MB (cached 135MB) CPU [10%@729,8%@729,19%@729,7%@729,0%@1344,92%@1344] GR3D_FREQ 97% cpu@64.343C soc2@63.125C soc0@63.843C gpu@65.375C tj@65.375C soc1@62.937C VDD_IN 17732mW/17451mW VDD_CPU_GPU_CV 8120mW/8301mW VDD_SOC 4190mW/3990mW
08-11-2026 18:01:49 RAM 6953/7607MB (lfb 1x1MB) SWAP 1412/16384MB (cached 135MB) CPU [3%@729,3%@729,2%@729,3%@729,0%@1344,92%@1344] GR3D_FREQ 99% cpu@64.156C soc2@63.25C soc0@63.937C gpu@65.531C tj@65.531C soc1@62.937C VDD_IN 17575mW/17452mW VDD_CPU_GPU_CV 7847mW/8300mW VDD_SOC 4276mW/3991mW
08-11-2026 18:01:50 RAM 6954/7607MB (lfb 1x1MB) SWAP 1412/16384MB (cached 135MB) CPU [3%@729,0%@729,1%@729,2%@729,0%@1344,92%@1344] GR3D_FREQ 99% cpu@64.343C soc2@63.218C soc0@64C gpu@65.25C tj@65.25C soc1@62.812C VDD_IN 17536mW/17452mW VDD_CPU_GPU_CV 8081mW/8299mW VDD_SOC 4158mW/3991mW
08-11-2026 18:01:51 RAM 6954/7607MB (lfb 1x1MB) SWAP 1412/16384MB (cached 135MB) CPU [3%@729,2%@729,3%@729,2%@729,0%@1344,93%@1344] GR3D_FREQ 99% cpu@64.218C soc2@63.156C soc0@63.875C gpu@65.843C tj@65.843C soc1@62.812C VDD_IN 17536mW/17452mW VDD_CPU_GPU_CV 8510mW/8300mW VDD_SOC 4001mW/3992mW
08-11-2026 18:01:52 RAM 6955/7607MB (lfb 1x1MB) SWAP 1412/16384MB (cached 135MB) CPU [0%@729,1%@729,1%@729,2%@729,1%@1344,92%@1344] GR3D_FREQ 99% cpu@64.031C soc2@63.25C soc0@63.968C gpu@65.781C tj@65.781C soc1@62.906C VDD_IN 17693mW/17453mW VDD_CPU_GPU_CV 8627mW/8301mW VDD_SOC 3995mW/3992mW
08-11-2026 18:01:53 RAM 6957/7607MB (lfb 1x1MB) SWAP 1412/16384MB (cached 135MB) CPU [6%@729,5%@729,7%@729,16%@729,4%@806,94%@806] GR3D_FREQ 99% cpu@64.218C soc2@63.281C soc0@63.843C gpu@66.093C tj@66.093C soc1@62.937C VDD_IN 18007mW/17454mW VDD_CPU_GPU_CV 8979mW/8303mW VDD_SOC 3995mW/3992mW
08-11-2026 18:01:54 RAM 6958/7607MB (lfb 1x1MB) SWAP 1412/16384MB (cached 135MB) CPU [3%@729,2%@729,2%@729,2%@729,0%@1344,99%@1344] GR3D_FREQ 97% cpu@64C soc2@63.281C soc0@63.937C gpu@65.593C tj@65.593C soc1@62.812C VDD_IN 17850mW/17456mW VDD_CPU_GPU_CV 8862mW/8305mW VDD_SOC 3955mW/3991mW
08-11-2026 18:01:55 RAM 6957/7607MB (lfb 1x1MB) SWAP 1412/16384MB (cached 135MB) CPU [3%@729,3%@729,2%@729,2%@729,0%@1344,92%@1344] GR3D_FREQ 97% cpu@64.093C soc2@63.187C soc0@63.875C gpu@65.562C tj@65.562C soc1@62.781C VDD_IN 17811mW/17457mW VDD_CPU_GPU_CV 8784mW/8306mW VDD_SOC 3955mW/3991mW
08-11-2026 18:01:56 RAM 6961/7607MB (lfb 1x1MB) SWAP 1412/16384MB (cached 135MB) CPU [2%@729,7%@729,4%@729,2%@729,0%@1344,92%@1344] GR3D_FREQ 97% cpu@64.187C soc2@63.187C soc0@63.906C gpu@65.593C tj@65.593C soc1@62.906C VDD_IN 17850mW/17458mW VDD_CPU_GPU_CV 8823mW/8308mW VDD_SOC 3955mW/3991mW
08-11-2026 18:01:57 RAM 6948/7607MB (lfb 2x2MB) SWAP 1412/16384MB (cached 135MB) CPU [1%@729,3%@729,3%@729,1%@729,0%@1344,92%@1344] GR3D_FREQ 98% cpu@63.968C soc2@63.156C soc0@63.906C gpu@65.75C tj@65.75C soc1@62.937C VDD_IN 17850mW/17459mW VDD_CPU_GPU_CV 8666mW/8309mW VDD_SOC 3995mW/3991mW
08-11-2026 18:01:58 RAM 6955/7607MB (lfb 2x2MB) SWAP 1412/16384MB (cached 135MB) CPU [23%@1344,30%@1344,25%@1344,20%@1344,17%@1344,93%@1344] GR3D_FREQ 97% cpu@65.156C soc2@63.406C soc0@63.906C gpu@65.5C tj@65.5C soc1@62.968C VDD_IN 18604mW/17462mW VDD_CPU_GPU_CV 9432mW/8312mW VDD_SOC 4066mW/3991mW
08-11-2026 18:01:59 RAM 6957/7607MB (lfb 2x2MB) SWAP 1412/16384MB (cached 135MB) CPU [6%@729,8%@729,9%@729,7%@729,3%@1344,92%@1344] GR3D_FREQ 97% cpu@64.031C soc2@63.218C soc0@63.968C gpu@65.562C tj@65.562C soc1@62.812C VDD_IN 17850mW/17464mW VDD_CPU_GPU_CV 8588mW/8313mW VDD_SOC 4073mW/3992mW
08-11-2026 18:02:00 RAM 6958/7607MB (lfb 2x2MB) SWAP 1412/16384MB (cached 135MB) CPU [3%@729,1%@729,3%@729,2%@729,0%@1344,92%@1344] GR3D_FREQ 97% cpu@64.093C soc2@63.093C soc0@63.875C gpu@65.406C tj@65.406C soc1@62.843C VDD_IN 17693mW/17464mW VDD_CPU_GPU_CV 8432mW/8313mW VDD_SOC 4073mW/3992mW
08-11-2026 18:02:01 RAM 6959/7607MB (lfb 2x2MB) SWAP 1412/16384MB (cached 135MB) CPU [3%@729,2%@729,2%@729,1%@729,0%@1344,91%@1344] GR3D_FREQ 97% cpu@64.187C soc2@63.218C soc0@63.937C gpu@65.468C tj@65.468C soc1@62.937C VDD_IN 17693mW/17465mW VDD_CPU_GPU_CV 8315mW/8313mW VDD_SOC 4112mW/3992mW
08-11-2026 18:02:02 RAM 6959/7607MB (lfb 2x2MB) SWAP 1412/16384MB (cached 135MB) CPU [3%@729,2%@729,2%@729,1%@729,0%@1344,92%@1344] GR3D_FREQ 97% cpu@64.062C soc2@63.156C soc0@63.906C gpu@65.406C tj@65.406C soc1@62.937C VDD_IN 17654mW/17466mW VDD_CPU_GPU_CV 8081mW/8312mW VDD_SOC 4151mW/3993mW
08-11-2026 18:02:03 RAM 6960/7607MB (lfb 2x2MB) SWAP 1412/16384MB (cached 135MB) CPU [2%@729,0%@729,2%@729,1%@729,0%@1344,92%@1344] GR3D_FREQ 97% cpu@64.093C soc2@63.156C soc0@63.937C gpu@65.625C tj@65.625C soc1@62.843C VDD_IN 17654mW/17466mW VDD_CPU_GPU_CV 8003mW/8312mW VDD_SOC 4230mW/3993mW
08-11-2026 18:02:04 RAM 6956/7607MB (lfb 2x1MB) SWAP 1412/16384MB (cached 135MB) CPU [8%@729,9%@729,5%@729,19%@729,0%@1344,92%@1344] GR3D_FREQ 99% cpu@64.312C soc2@63.218C soc0@63.812C gpu@65.343C tj@65.343C soc1@62.812C VDD_IN 17693mW/17467mW VDD_CPU_GPU_CV 7847mW/8310mW VDD_SOC 4269mW/3994mW
08-11-2026 18:02:05 RAM 6957/7607MB (lfb 2x1MB) SWAP 1412/16384MB (cached 135MB) CPU [1%@729,2%@729,1%@729,2%@729,0%@1344,92%@1344] GR3D_FREQ 99% cpu@64.531C soc2@63.187C soc0@63.875C gpu@65.125C tj@65.125C soc1@62.906C VDD_IN 17536mW/17467mW VDD_CPU_GPU_CV 8081mW/8310mW VDD_SOC 4158mW/3995mW
08-11-2026 18:02:06 RAM 6957/7607MB (lfb 2x1MB) SWAP 1412/16384MB (cached 135MB) CPU [2%@729,2%@729,1%@729,2%@729,0%@1344,92%@1344] GR3D_FREQ 99% cpu@64.156C soc2@63.218C soc0@63.875C gpu@65.687C tj@65.687C soc1@62.843C VDD_IN 17575mW/17467mW VDD_CPU_GPU_CV 8549mW/8310mW VDD_SOC 3962mW/3995mW
08-11-2026 18:02:07 RAM 6958/7607MB (lfb 2x1MB) SWAP 1412/16384MB (cached 135MB) CPU [2%@729,5%@729,2%@729,0%@729,0%@1344,93%@1344] GR3D_FREQ 99% cpu@63.875C soc2@63.218C soc0@63.875C gpu@65.531C tj@65.531C soc1@63C VDD_IN 17811mW/17468mW VDD_CPU_GPU_CV 8627mW/8311mW VDD_SOC 4034mW/3995mW
08-11-2026 18:02:08 RAM 6958/7607MB (lfb 2x1MB) SWAP 1412/16384MB (cached 135MB) CPU [1%@729,1%@729,4%@729,2%@729,1%@883,95%@883] GR3D_FREQ 99% cpu@63.937C soc2@63.25C soc0@63.968C gpu@65.5C tj@65.5C soc1@62.75C VDD_IN 17772mW/17469mW VDD_CPU_GPU_CV 8744mW/8312mW VDD_SOC 3955mW/3995mW
08-11-2026 18:02:09 RAM 6964/7607MB (lfb 2x1MB) SWAP 1412/16384MB (cached 135MB) CPU [3%@729,18%@729,10%@729,3%@729,1%@1344,97%@1344] GR3D_FREQ 97% cpu@64.062C soc2@63.187C soc0@63.812C gpu@65.531C tj@65.531C soc1@62.875C VDD_IN 18007mW/17471mW VDD_CPU_GPU_CV 8940mW/8314mW VDD_SOC 3955mW/3995mW
08-11-2026 18:02:10 RAM 6964/7607MB (lfb 2x1MB) SWAP 1412/16384MB (cached 135MB) CPU [4%@729,1%@729,2%@1344,1%@1344,0%@1344,92%@1344] GR3D_FREQ 97% cpu@64.25C soc2@63.187C soc0@63.812C gpu@65.562C tj@65.562C soc1@62.843C VDD_IN 17811mW/17472mW VDD_CPU_GPU_CV 8744mW/8315mW VDD_SOC 3955mW/3994mW
08-11-2026 18:02:11 RAM 6965/7607MB (lfb 1x1MB) SWAP 1412/16384MB (cached 135MB) CPU [3%@729,2%@729,2%@729,2%@729,0%@1344,92%@1344] GR3D_FREQ 98% cpu@64.093C soc2@63.281C soc0@63.875C gpu@65.531C tj@65.812C soc1@62.906C VDD_IN 17889mW/17473mW VDD_CPU_GPU_CV 8784mW/8317mW VDD_SOC 3995mW/3994mW
08-11-2026 18:02:12 RAM 6965/7607MB (lfb 1x1MB) SWAP 1412/16384MB (cached 135MB) CPU [2%@729,1%@729,1%@729,1%@729,0%@1344,93%@1344] GR3D_FREQ 97% cpu@64C soc2@63.218C soc0@63.875C gpu@65.75C tj@65.75C soc1@62.968C VDD_IN 17811mW/17474mW VDD_CPU_GPU_CV 8666mW/8318mW VDD_SOC 3995mW/3994mW
08-11-2026 18:02:13 RAM 6966/7607MB (lfb 1x1MB) SWAP 1412/16384MB (cached 135MB) CPU [2%@729,1%@729,2%@729,0%@729,0%@1344,92%@1344] GR3D_FREQ 97% cpu@64.031C soc2@63.156C soc0@64.031C gpu@65.781C tj@65.781C soc1@62.812C VDD_IN 17811mW/17475mW VDD_CPU_GPU_CV 8666mW/8319mW VDD_SOC 3995mW/3994mW
08-11-2026 18:02:14 RAM 6961/7607MB (lfb 1x1MB) SWAP 1412/16384MB (cached 135MB) CPU [6%@1344,19%@1344,11%@1344,5%@1344,1%@1344,93%@1344] GR3D_FREQ 98% cpu@64.281C soc2@63.187C soc0@63.843C gpu@65.843C tj@65.843C soc1@62.843C VDD_IN 18046mW/17476mW VDD_CPU_GPU_CV 8784mW/8320mW VDD_SOC 4073mW/3995mW
08-11-2026 18:02:15 RAM 6964/7607MB (lfb 1x1MB) SWAP 1412/16384MB (cached 135MB) CPU [1%@729,2%@729,3%@729,2%@729,0%@1344,91%@1344] GR3D_FREQ 97% cpu@64.375C soc2@63.125C soc0@63.843C gpu@65.687C tj@65.687C soc1@62.875C VDD_IN 17732mW/17477mW VDD_CPU_GPU_CV 8432mW/8320mW VDD_SOC 4073mW/3995mW
08-11-2026 18:02:16 RAM 6965/7607MB (lfb 1x1MB) SWAP 1412/16384MB (cached 135MB) CPU [1%@729,2%@729,3%@729,1%@729,0%@1344,92%@1344] GR3D_FREQ 97% cpu@64.031C soc2@63.187C soc0@64.031C gpu@65.531C tj@65.531C soc1@63C VDD_IN 17772mW/17478mW VDD_CPU_GPU_CV 8393mW/8321mW VDD_SOC 4112mW/3995mW
08-11-2026 18:02:17 RAM 6965/7607MB (lfb 1x1MB) SWAP 1412/16384MB (cached 135MB) CPU [2%@729,0%@729,2%@729,2%@729,0%@1344,92%@1344] GR3D_FREQ 97% cpu@64.125C soc2@63.125C soc0@64.031C gpu@65.5C tj@65.5C soc1@62.812C VDD_IN 17732mW/17479mW VDD_CPU_GPU_CV 8198mW/8320mW VDD_SOC 4151mW/3996mW
08-11-2026 18:02:18 RAM 6966/7607MB (lfb 1x1MB) SWAP 1412/16384MB (cached 135MB) CPU [6%@729,2%@729,2%@729,1%@729,0%@1344,92%@1344] GR3D_FREQ 98% cpu@64.218C soc2@63.187C soc0@63.781C gpu@65.812C tj@65.812C soc1@62.843C VDD_IN 17732mW/17479mW VDD_CPU_GPU_CV 8159mW/8320mW VDD_SOC 4190mW/3996mW
08-11-2026 18:02:19 RAM 6967/7607MB (lfb 1x1MB) SWAP 1412/16384MB (cached 135MB) CPU [2%@729,3%@729,2%@729,3%@729,0%@1344,92%@1344] GR3D_FREQ 97% cpu@64.062C soc2@63.187C soc0@63.875C gpu@65.75C tj@65.75C soc1@62.906C VDD_IN 17693mW/17480mW VDD_CPU_GPU_CV 7886mW/8319mW VDD_SOC 4269mW/3997mW
08-11-2026 18:02:20 RAM 6969/7607MB (lfb 1x1MB) SWAP 1412/16384MB (cached 135MB) CPU [8%@729,4%@729,18%@729,6%@729,1%@1344,92%@1344] GR3D_FREQ 99% cpu@64.375C soc2@63.343C soc0@63.843C gpu@65.25C tj@65.25C soc1@62.781C VDD_IN 17654mW/17480mW VDD_CPU_GPU_CV 7925mW/8318mW VDD_SOC 4230mW/3998mW
08-11-2026 18:02:21 RAM 6970/7607MB (lfb 1x1MB) SWAP 1412/16384MB (cached 135MB) CPU [2%@729,3%@729,3%@729,2%@729,0%@1344,92%@1344] GR3D_FREQ 99% cpu@64.25C soc2@63.187C soc0@64.031C gpu@65.437C tj@65.437C soc1@62.812C VDD_IN 17575mW/17481mW VDD_CPU_GPU_CV 8393mW/8318mW VDD_SOC 4040mW/3998mW
08-11-2026 18:02:22 RAM 6970/7607MB (lfb 1x1MB) SWAP 1412/16384MB (cached 135MB) CPU [2%@729,3%@729,3%@729,1%@729,0%@1344,93%@1344] GR3D_FREQ 99% cpu@64.093C soc2@63.156C soc0@63.906C gpu@65.562C tj@65.562C soc1@62.906C VDD_IN 17693mW/17481mW VDD_CPU_GPU_CV 8549mW/8318mW VDD_SOC 3995mW/3998mW
08-11-2026 18:02:23 RAM 6972/7607MB (lfb 1x1MB) SWAP 1412/16384MB (cached 135MB) CPU [2%@729,1%@729,1%@729,2%@729,0%@1344,92%@1344] GR3D_FREQ 99% cpu@64.312C soc2@63.156C soc0@64C gpu@65.75C tj@65.75C soc1@62.906C VDD_IN 18085mW/17483mW VDD_CPU_GPU_CV 8847mW/8320mW VDD_SOC 4073mW/3998mW
08-11-2026 18:02:24 RAM 6972/7607MB (lfb 1x1MB) SWAP 1412/16384MB (cached 135MB) CPU [1%@729,2%@729,0%@729,2%@729,1%@1344,98%@1344] GR3D_FREQ 97% cpu@64.031C soc2@63.218C soc0@64C gpu@65.625C tj@65.625C soc1@62.875C VDD_IN 17811mW/17484mW VDD_CPU_GPU_CV 8862mW/8321mW VDD_SOC 3916mW/3998mW
08-11-2026 18:02:25 RAM 6961/7607MB (lfb 1x1MB) SWAP 1416/16384MB (cached 134MB) CPU [10%@729,11%@729,11%@729,36%@729,16%@1344,61%@1344] GR3D_FREQ 0% cpu@63.625C soc2@62.812C soc0@63.875C gpu@63.625C tj@63.875C soc1@62.812C VDD_IN 12043mW/17469mW VDD_CPU_GPU_CV 4778mW/8312mW VDD_SOC 3164mW/3995mW
08-11-2026 18:02:26 RAM 7085/7607MB (lfb 1x1MB) SWAP 1427/16384MB (cached 131MB) CPU [68%@1344,67%@1344,69%@1344,83%@1344,84%@1344,70%@1344] GR3D_FREQ 0% cpu@63.812C soc2@62.25C soc0@63.406C gpu@62.75C tj@63.812C soc1@62.593C VDD_IN 8319mW/17444mW VDD_CPU_GPU_CV 2782mW/8296mW VDD_SOC 1870mW/3990mW
08-11-2026 18:02:27 RAM 7088/7607MB (lfb 1x4MB) SWAP 1427/16384MB (cached 131MB) CPU [84%@729,6%@729,13%@729,7%@729,20%@1344,5%@1344] GR3D_FREQ 97% cpu@63.843C soc2@62.687C soc0@63.375C gpu@64.812C tj@64.812C soc1@62.625C VDD_IN 16491mW/17441mW VDD_CPU_GPU_CV 8029mW/8296mW VDD_SOC 3497mW/3988mW
08-11-2026 18:02:28 RAM 7088/7607MB (lfb 1x4MB) SWAP 1427/16384MB (cached 131MB) CPU [2%@729,2%@729,2%@729,2%@729,92%@1344,0%@1344] GR3D_FREQ 97% cpu@63.781C soc2@62.75C soc0@63.531C gpu@65C tj@65C soc1@62.718C VDD_IN 17693mW/17442mW VDD_CPU_GPU_CV 8666mW/8297mW VDD_SOC 3923mW/3988mW
08-11-2026 18:02:29 RAM 7089/7607MB (lfb 1x4MB) SWAP 1427/16384MB (cached 131MB) CPU [3%@729,3%@729,3%@729,6%@729,92%@1344,0%@1344] GR3D_FREQ 97% cpu@63.656C soc2@62.906C soc0@63.625C gpu@65.281C tj@65.281C soc1@62.562C VDD_IN 17811mW/17443mW VDD_CPU_GPU_CV 8705mW/8298mW VDD_SOC 3995mW/3988mW
08-11-2026 18:02:30 RAM 7094/7607MB (lfb 6x2MB) SWAP 1427/16384MB (cached 131MB) CPU [7%@729,6%@729,4%@729,21%@729,92%@1344,0%@1344] GR3D_FREQ 97% cpu@63.75C soc2@62.937C soc0@63.781C gpu@65.312C tj@65.312C soc1@62.593C VDD_IN 18046mW/17444mW VDD_CPU_GPU_CV 8823mW/8299mW VDD_SOC 3995mW/3988mW
08-11-2026 18:02:31 RAM 7095/7607MB (lfb 6x2MB) SWAP 1427/16384MB (cached 131MB) CPU [2%@729,1%@729,2%@729,2%@729,92%@1344,0%@1344] GR3D_FREQ 98% cpu@63.812C soc2@62.875C soc0@63.593C gpu@65.343C tj@65.343C soc1@62.687C VDD_IN 17850mW/17446mW VDD_CPU_GPU_CV 8588mW/8300mW VDD_SOC 4034mW/3988mW
08-11-2026 18:02:32 RAM 7095/7607MB (lfb 6x2MB) SWAP 1427/16384MB (cached 131MB) CPU [4%@729,2%@729,1%@729,2%@729,92%@1344,0%@1344] GR3D_FREQ 96% cpu@64C soc2@62.875C soc0@63.687C gpu@65.281C tj@65.281C soc1@62.718C VDD_IN 17772mW/17446mW VDD_CPU_GPU_CV 8432mW/8300mW VDD_SOC 4073mW/3988mW
08-11-2026 18:02:33 RAM 7095/7607MB (lfb 6x2MB) SWAP 1427/16384MB (cached 131MB) CPU [3%@729,2%@729,2%@729,0%@729,92%@1344,0%@1344] GR3D_FREQ 97% cpu@63.843C soc2@62.875C soc0@63.687C gpu@65.406C tj@65.406C soc1@62.718C VDD_IN 17772mW/17447mW VDD_CPU_GPU_CV 8393mW/8301mW VDD_SOC 4112mW/3989mW
08-11-2026 18:02:34 RAM 7095/7607MB (lfb 6x2MB) SWAP 1427/16384MB (cached 131MB) CPU [1%@729,1%@729,3%@729,0%@729,92%@1344,0%@1344] GR3D_FREQ 99% cpu@63.687C soc2@62.906C soc0@63.718C gpu@65.125C tj@65.125C soc1@62.812C VDD_IN 17732mW/17448mW VDD_CPU_GPU_CV 8198mW/8300mW VDD_SOC 4151mW/3989mW
08-11-2026 18:02:35 RAM 7095/7607MB (lfb 6x2MB) SWAP 1427/16384MB (cached 131MB) CPU [4%@729,3%@729,1%@729,2%@729,93%@1344,0%@1344] GR3D_FREQ 97% cpu@63.718C soc2@62.875C soc0@63.562C gpu@65.156C tj@65.156C soc1@62.656C VDD_IN 17732mW/17449mW VDD_CPU_GPU_CV 8120mW/8300mW VDD_SOC 4190mW/3990mW
08-11-2026 18:02:36 RAM 7098/7607MB (lfb 6x2MB) SWAP 1427/16384MB (cached 131MB) CPU [17%@729,5%@729,6%@729,7%@729,92%@1344,0%@1344] GR3D_FREQ 98% cpu@63.906C soc2@62.968C soc0@63.687C gpu@65.093C tj@65.093C soc1@62.718C VDD_IN 17693mW/17450mW VDD_CPU_GPU_CV 7925mW/8299mW VDD_SOC 4269mW/3990mW
08-11-2026 18:02:37 RAM 7098/7607MB (lfb 6x2MB) SWAP 1427/16384MB (cached 131MB) CPU [4%@729,3%@729,1%@729,1%@729,92%@1344,0%@1344] GR3D_FREQ 99% cpu@64.218C soc2@62.906C soc0@63.593C gpu@64.75C tj@64.75C soc1@62.75C VDD_IN 17615mW/17450mW VDD_CPU_GPU_CV 8003mW/8298mW VDD_SOC 4197mW/3991mW
08-11-2026 18:02:38 RAM 7098/7607MB (lfb 6x2MB) SWAP 1427/16384MB (cached 131MB) CPU [2%@729,3%@729,1%@729,2%@729,92%@1344,0%@1344] GR3D_FREQ 99% cpu@63.718C soc2@62.968C soc0@63.656C gpu@65.187C tj@65.187C soc1@62.718C VDD_IN 17654mW/17451mW VDD_CPU_GPU_CV 8510mW/8299mW VDD_SOC 3995mW/3991mW
08-11-2026 18:02:39 RAM 7098/7607MB (lfb 6x2MB) SWAP 1427/16384MB (cached 131MB) CPU [4%@729,2%@729,1%@729,3%@729,92%@1344,0%@1344] GR3D_FREQ 99% cpu@63.75C soc2@63.031C soc0@63.75C gpu@65.531C tj@65.531C soc1@62.593C VDD_IN 17693mW/17451mW VDD_CPU_GPU_CV 8588mW/8299mW VDD_SOC 3995mW/3991mW
08-11-2026 18:02:40 RAM 7098/7607MB (lfb 6x2MB) SWAP 1427/16384MB (cached 131MB) CPU [2%@729,1%@729,4%@729,2%@729,93%@729,0%@729] GR3D_FREQ 99% cpu@63.687C soc2@62.968C soc0@63.562C gpu@65.781C tj@65.781C soc1@62.593C VDD_IN 18046mW/17453mW VDD_CPU_GPU_CV 8979mW/8301mW VDD_SOC 3995mW/3991mW
08-11-2026 18:02:41 RAM 7100/7607MB (lfb 6x2MB) SWAP 1427/16384MB (cached 131MB) CPU [19%@729,8%@729,6%@729,5%@729,99%@1344,0%@1344] GR3D_FREQ 97% cpu@63.812C soc2@63.031C soc0@63.656C gpu@65.531C tj@65.531C soc1@62.625C VDD_IN 17968mW/17454mW VDD_CPU_GPU_CV 8940mW/8303mW VDD_SOC 3955mW/3991mW
08-11-2026 18:02:42 RAM 7100/7607MB (lfb 6x2MB) SWAP 1427/16384MB (cached 131MB) CPU [2%@729,1%@729,2%@729,2%@729,93%@1344,0%@1344] GR3D_FREQ 97% cpu@64.031C soc2@62.906C soc0@63.656C gpu@65.562C tj@65.562C soc1@62.718C VDD_IN 17850mW/17455mW VDD_CPU_GPU_CV 8823mW/8304mW VDD_SOC 3955mW/3991mW
08-11-2026 18:02:43 RAM 7100/7607MB (lfb 6x2MB) SWAP 1427/16384MB (cached 131MB) CPU [3%@729,2%@729,1%@729,3%@729,92%@1344,0%@1344] GR3D_FREQ 97% cpu@63.656C soc2@62.968C soc0@63.687C gpu@65.625C tj@65.625C soc1@62.812C VDD_IN 17850mW/17456mW VDD_CPU_GPU_CV 8823mW/8306mW VDD_SOC 3955mW/3991mW
08-11-2026 18:02:44 RAM 7100/7607MB (lfb 6x2MB) SWAP 1427/16384MB (cached 131MB) CPU [2%@729,2%@729,1%@729,2%@729,92%@1344,0%@1344] GR3D_FREQ 97% cpu@63.781C soc2@62.968C soc0@63.687C gpu@65.312C tj@65.312C soc1@62.562C VDD_IN 17850mW/17457mW VDD_CPU_GPU_CV 8744mW/8307mW VDD_SOC 3995mW/3991mW
08-11-2026 18:02:45 RAM 7100/7607MB (lfb 6x2MB) SWAP 1427/16384MB (cached 131MB) CPU [1%@729,1%@729,2%@729,2%@729,91%@1344,0%@1344] GR3D_FREQ 97% cpu@63.906C soc2@62.937C soc0@63.531C gpu@65.187C tj@65.187C soc1@62.656C VDD_IN 17772mW/17458mW VDD_CPU_GPU_CV 8627mW/8308mW VDD_SOC 3995mW/3991mW
08-11-2026 18:02:46 RAM 7101/7607MB (lfb 6x2MB) SWAP 1427/16384MB (cached 131MB) CPU [5%@729,6%@729,19%@729,6%@729,93%@1344,0%@1344] GR3D_FREQ 97% cpu@63.843C soc2@62.906C soc0@63.656C gpu@65.375C tj@65.375C soc1@62.718C VDD_IN 18007mW/17459mW VDD_CPU_GPU_CV 8784mW/8309mW VDD_SOC 4034mW/3991mW
08-11-2026 18:02:47 RAM 7102/7607MB (lfb 6x2MB) SWAP 1427/16384MB (cached 131MB) CPU [3%@729,1%@729,4%@729,1%@729,92%@1344,1%@1344] GR3D_FREQ 99% cpu@63.968C soc2@62.937C soc0@63.625C gpu@65.281C tj@65.281C soc1@62.781C VDD_IN 17811mW/17460mW VDD_CPU_GPU_CV 8510mW/8309mW VDD_SOC 4073mW/3991mW
08-11-2026 18:02:48 RAM 7102/7607MB (lfb 6x2MB) SWAP 1427/16384MB (cached 131MB) CPU [2%@729,1%@729,1%@729,2%@729,92%@1344,0%@1344] GR3D_FREQ 97% cpu@63.625C soc2@62.937C soc0@63.718C gpu@65.281C tj@65.281C soc1@62.781C VDD_IN 17811mW/17461mW VDD_CPU_GPU_CV 8393mW/8310mW VDD_SOC 4112mW/3991mW
08-11-2026 18:02:49 RAM 7102/7607MB (lfb 6x2MB) SWAP 1427/16384MB (cached 131MB) CPU [4%@729,2%@729,2%@729,1%@729,92%@1344,0%@1344] GR3D_FREQ 98% cpu@63.781C soc2@63C soc0@63.718C gpu@65.593C tj@65.593C soc1@62.531C VDD_IN 17732mW/17462mW VDD_CPU_GPU_CV 8237mW/8309mW VDD_SOC 4151mW/3992mW
08-11-2026 18:02:50 RAM 7102/7607MB (lfb 6x2MB) SWAP 1427/16384MB (cached 131MB) CPU [1%@1344,3%@1344,2%@1344,1%@1344,92%@1344,1%@1344] GR3D_FREQ 97% cpu@64.031C soc2@62.937C soc0@63.562C gpu@65.187C tj@65.187C soc1@62.656C VDD_IN 17772mW/17463mW VDD_CPU_GPU_CV 8159mW/8309mW VDD_SOC 4190mW/3992mW
08-11-2026 18:02:51 RAM 7102/7607MB (lfb 6x2MB) SWAP 1427/16384MB (cached 131MB) CPU [9%@729,6%@729,5%@729,9%@729,92%@1344,0%@1344] GR3D_FREQ 97% cpu@64C soc2@63.031C soc0@63.656C gpu@65.156C tj@65.156C soc1@62.656C VDD_IN 17811mW/17464mW VDD_CPU_GPU_CV 8081mW/8308mW VDD_SOC 4269mW/3993mW
08-11-2026 18:02:52 RAM 7103/7607MB (lfb 6x2MB) SWAP 1427/16384MB (cached 131MB) CPU [1%@729,3%@729,6%@729,10%@729,92%@1344,0%@1344] GR3D_FREQ 99% cpu@64.343C soc2@63.062C soc0@63.75C gpu@64.562C tj@64.562C soc1@62.781C VDD_IN 17615mW/17464mW VDD_CPU_GPU_CV 7925mW/8307mW VDD_SOC 4230mW/3994mW
08-11-2026 18:02:53 RAM 7103/7607MB (lfb 6x2MB) SWAP 1427/16384MB (cached 131MB) CPU [5%@729,1%@729,3%@729,1%@729,93%@1344,0%@1344] GR3D_FREQ 99% cpu@63.781C soc2@63.062C soc0@63.718C gpu@65.281C tj@65.281C soc1@62.593C VDD_IN 17536mW/17464mW VDD_CPU_GPU_CV 8432mW/8308mW VDD_SOC 4040mW/3994mW
08-11-2026 18:02:54 RAM 7103/7607MB (lfb 6x2MB) SWAP 1427/16384MB (cached 131MB) CPU [2%@729,2%@729,2%@729,2%@729,92%@1344,0%@1344] GR3D_FREQ 99% cpu@63.812C soc2@62.968C soc0@63.593C gpu@65.343C tj@65.343C soc1@62.593C VDD_IN 17615mW/17465mW VDD_CPU_GPU_CV 8549mW/8308mW VDD_SOC 3995mW/3994mW
08-11-2026 18:02:55 RAM 7092/7607MB (lfb 1x1MB) SWAP 1427/16384MB (cached 131MB) CPU [8%@729,24%@729,2%@729,18%@729,93%@729,1%@729] GR3D_FREQ 99% cpu@64C soc2@62.937C soc0@63.656C gpu@65.625C tj@65.625C soc1@62.687C VDD_IN 18203mW/17466mW VDD_CPU_GPU_CV 9003mW/8310mW VDD_SOC 4034mW/3994mW
08-11-2026 18:02:56 RAM 7091/7607MB (lfb 1x1MB) SWAP 1427/16384MB (cached 131MB) CPU [3%@729,4%@729,4%@729,4%@729,99%@1344,0%@1344] GR3D_FREQ 97% cpu@63.812C soc2@62.968C soc0@63.625C gpu@65.593C tj@65.593C soc1@62.781C VDD_IN 17968mW/17468mW VDD_CPU_GPU_CV 8940mW/8312mW VDD_SOC 3955mW/3994mW
08-11-2026 18:02:57 RAM 7093/7607MB (lfb 1x1MB) SWAP 1427/16384MB (cached 131MB) CPU [8%@729,21%@729,5%@729,9%@729,93%@1344,0%@1344] GR3D_FREQ 97% cpu@64.031C soc2@62.968C soc0@63.812C gpu@65.531C tj@65.531C soc1@62.812C VDD_IN 18007mW/17469mW VDD_CPU_GPU_CV 8901mW/8313mW VDD_SOC 3955mW/3994mW
08-11-2026 18:02:58 RAM 7091/7607MB (lfb 1x1MB) SWAP 1427/16384MB (cached 131MB) CPU [3%@729,2%@729,3%@729,3%@729,92%@1344,0%@1344] GR3D_FREQ 97% cpu@63.687C soc2@62.937C soc0@63.781C gpu@65.25C tj@65.25C soc1@62.625C VDD_IN 17889mW/17470mW VDD_CPU_GPU_CV 8823mW/8314mW VDD_SOC 3955mW/3994mW
08-11-2026 18:02:59 RAM 7089/7607MB (lfb 1x1MB) SWAP 1427/16384MB (cached 131MB) CPU [5%@729,1%@729,2%@729,2%@729,91%@1344,0%@1344] GR3D_FREQ 97% cpu@63.812C soc2@63C soc0@63.656C gpu@65.281C tj@65.281C soc1@62.812C VDD_IN 17889mW/17471mW VDD_CPU_GPU_CV 8744mW/8316mW VDD_SOC 3995mW/3994mW
08-11-2026 18:03:00 RAM 7089/7607MB (lfb 1x1MB) SWAP 1427/16384MB (cached 131MB) CPU [5%@729,0%@729,3%@729,2%@729,92%@1344,0%@1344] GR3D_FREQ 97% cpu@64.031C soc2@62.937C soc0@63.562C gpu@65.218C tj@65.218C soc1@62.75C VDD_IN 17772mW/17472mW VDD_CPU_GPU_CV 8588mW/8316mW VDD_SOC 4034mW/3994mW
08-11-2026 18:03:01 RAM 7091/7607MB (lfb 1x1MB) SWAP 1427/16384MB (cached 131MB) CPU [2%@729,2%@729,2%@729,2%@729,92%@1344,0%@1344] GR3D_FREQ 97% cpu@63.656C soc2@63.062C soc0@63.687C gpu@65.343C tj@65.343C soc1@62.718C VDD_IN 17850mW/17473mW VDD_CPU_GPU_CV 8588mW/8317mW VDD_SOC 4034mW/3994mW
08-11-2026 18:03:02 RAM 7097/7607MB (lfb 1x1MB) SWAP 1427/16384MB (cached 131MB) CPU [9%@729,19%@729,4%@729,9%@729,92%@1344,0%@1344] GR3D_FREQ 99% cpu@63.75C soc2@63.062C soc0@63.718C gpu@65.531C tj@65.531C soc1@62.656C VDD_IN 17929mW/17474mW VDD_CPU_GPU_CV 8588mW/8318mW VDD_SOC 4073mW/3994mW
08-11-2026 18:03:03 RAM 7097/7607MB (lfb 1x1MB) SWAP 1427/16384MB (cached 131MB) CPU [2%@729,1%@729,1%@729,1%@729,92%@1344,0%@1344] GR3D_FREQ 97% cpu@63.875C soc2@62.968C soc0@63.625C gpu@65.531C tj@65.531C soc1@62.718C VDD_IN 17772mW/17475mW VDD_CPU_GPU_CV 8432mW/8318mW VDD_SOC 4112mW/3994mW
08-11-2026 18:03:04 RAM 7097/7607MB (lfb 1x1MB) SWAP 1427/16384MB (cached 131MB) CPU [4%@729,1%@729,2%@729,2%@729,50%@1344,42%@1344] GR3D_FREQ 98% cpu@64.125C soc2@63C soc0@63.843C gpu@65.5C tj@65.5C soc1@62.718C VDD_IN 17732mW/17475mW VDD_CPU_GPU_CV 8237mW/8318mW VDD_SOC 4151mW/3995mW
08-11-2026 18:03:05 RAM 7097/7607MB (lfb 1x1MB) SWAP 1427/16384MB (cached 131MB) CPU [2%@729,0%@729,1%@729,3%@729,0%@1344,92%@1344] GR3D_FREQ 97% cpu@64C soc2@62.968C soc0@63.75C gpu@65.5C tj@65.5C soc1@62.812C VDD_IN 17732mW/17476mW VDD_CPU_GPU_CV 8159mW/8317mW VDD_SOC 4190mW/3995mW
08-11-2026 18:03:06 RAM 7097/7607MB (lfb 1x1MB) SWAP 1427/16384MB (cached 131MB) CPU [2%@729,2%@729,2%@729,1%@729,0%@1344,93%@1344] GR3D_FREQ 97% cpu@63.937C soc2@63.062C soc0@63.718C gpu@65.218C tj@65.218C soc1@62.843C VDD_IN 17693mW/17477mW VDD_CPU_GPU_CV 7925mW/8316mW VDD_SOC 4230mW/3996mW
08-11-2026 18:03:07 RAM 7098/7607MB (lfb 1x1MB) SWAP 1427/16384MB (cached 131MB) CPU [5%@1190,5%@1190,17%@1190,7%@1190,0%@1344,92%@1344] GR3D_FREQ 99% cpu@64.187C soc2@63.062C soc0@63.875C gpu@64.812C tj@64.812C soc1@62.687C VDD_IN 17772mW/17477mW VDD_CPU_GPU_CV 8120mW/8316mW VDD_SOC 4230mW/3996mW
08-11-2026 18:03:08 RAM 7098/7607MB (lfb 1x1MB) SWAP 1427/16384MB (cached 131MB) CPU [5%@729,2%@729,1%@729,3%@729,0%@1344,92%@1344] GR3D_FREQ 99% cpu@64C soc2@63.062C soc0@63.625C gpu@65.281C tj@65.281C soc1@62.75C VDD_IN 17615mW/17478mW VDD_CPU_GPU_CV 8471mW/8316mW VDD_SOC 4034mW/3996mW
08-11-2026 18:03:09 RAM 7098/7607MB (lfb 1x1MB) SWAP 1427/16384MB (cached 131MB) CPU [2%@729,1%@729,3%@729,2%@729,0%@1344,92%@1344] GR3D_FREQ 99% cpu@64.218C soc2@63C soc0@63.656C gpu@65.312C tj@65.312C soc1@62.812C VDD_IN 17693mW/17478mW VDD_CPU_GPU_CV 8549mW/8317mW VDD_SOC 4034mW/3997mW
08-11-2026 18:03:10 RAM 7098/7607MB (lfb 1x1MB) SWAP 1427/16384MB (cached 131MB) CPU [3%@729,2%@729,1%@729,2%@729,0%@729,93%@729] GR3D_FREQ 99% cpu@63.875C soc2@63.062C soc0@63.656C gpu@65.687C tj@65.687C soc1@62.812C VDD_IN 18085mW/17480mW VDD_CPU_GPU_CV 8847mW/8318mW VDD_SOC 4073mW/3997mW
08-11-2026 18:03:11 RAM 7098/7607MB (lfb 1x1MB) SWAP 1427/16384MB (cached 131MB) CPU [3%@729,2%@729,0%@729,2%@729,0%@1344,99%@1344] GR3D_FREQ 97% cpu@63.875C soc2@63.031C soc0@63.781C gpu@65.781C tj@65.781C soc1@62.625C VDD_IN 17889mW/17481mW VDD_CPU_GPU_CV 8901mW/8320mW VDD_SOC 3955mW/3997mW
08-11-2026 18:03:12 RAM 7098/7607MB (lfb 1x1MB) SWAP 1427/16384MB (cached 131MB) CPU [2%@729,1%@729,3%@729,2%@729,0%@1344,93%@1344] GR3D_FREQ 97% cpu@63.843C soc2@62.968C soc0@63.687C gpu@65.75C tj@65.75C soc1@62.718C VDD_IN 17850mW/17482mW VDD_CPU_GPU_CV 8784mW/8321mW VDD_SOC 3955mW/3997mW
08-11-2026 18:03:13 RAM 7102/7607MB (lfb 1x1MB) SWAP 1427/16384MB (cached 131MB) CPU [8%@729,7%@729,17%@729,7%@729,0%@1344,92%@1344] GR3D_FREQ 97% cpu@63.968C soc2@63.031C soc0@63.656C gpu@65.75C tj@65.75C soc1@62.781C VDD_IN 17889mW/17483mW VDD_CPU_GPU_CV 8823mW/8322mW VDD_SOC 3955mW/3996mW
08-11-2026 18:03:14 RAM 7102/7607MB (lfb 1x1MB) SWAP 1427/16384MB (cached 131MB) CPU [1%@729,1%@729,1%@729,2%@729,0%@1344,93%@1344] GR3D_FREQ 97% cpu@64.156C soc2@63.062C soc0@63.718C gpu@65.312C tj@65.312C soc1@62.75C VDD_IN 17850mW/17484mW VDD_CPU_GPU_CV 8744mW/8323mW VDD_SOC 3995mW/3996mW
08-11-2026 18:03:15 RAM 7102/7607MB (lfb 1x1MB) SWAP 1427/16384MB (cached 131MB) CPU [2%@729,2%@729,2%@729,3%@729,0%@1344,92%@1344] GR3D_FREQ 97% cpu@63.875C soc2@63.031C soc0@63.75C gpu@65.437C tj@65.437C soc1@62.625C VDD_IN 17772mW/17484mW VDD_CPU_GPU_CV 8588mW/8324mW VDD_SOC 4034mW/3996mW
08-11-2026 18:03:16 RAM 7102/7607MB (lfb 1x1MB) SWAP 1427/16384MB (cached 131MB) CPU [1%@729,3%@729,3%@729,0%@729,0%@1344,92%@1344] GR3D_FREQ 97% cpu@63.968C soc2@62.968C soc0@63.843C gpu@65.437C tj@65.437C soc1@62.656C VDD_IN 17850mW/17485mW VDD_CPU_GPU_CV 8588mW/8324mW VDD_SOC 4034mW/3997mW
08-11-2026 18:03:17 RAM 7102/7607MB (lfb 1x1MB) SWAP 1427/16384MB (cached 131MB) CPU [3%@729,0%@729,1%@729,2%@729,0%@1344,92%@1344] GR3D_FREQ 98% cpu@64.093C soc2@63C soc0@63.75C gpu@65.406C tj@65.406C soc1@62.718C VDD_IN 17772mW/17486mW VDD_CPU_GPU_CV 8510mW/8325mW VDD_SOC 4073mW/3997mW
08-11-2026 18:03:18 RAM 7100/7607MB (lfb 1x1MB) SWAP 1427/16384MB (cached 131MB) CPU [7%@1344,6%@1344,21%@1344,3%@1344,0%@1344,92%@1344] GR3D_FREQ 97% cpu@63.875C soc2@63.031C soc0@63.781C gpu@65.281C tj@65.281C soc1@62.781C VDD_IN 17929mW/17487mW VDD_CPU_GPU_CV 8510mW/8325mW VDD_SOC 4112mW/3997mW
08-11-2026 18:03:19 RAM 7101/7607MB (lfb 1x1MB) SWAP 1427/16384MB (cached 131MB) CPU [5%@729,4%@729,1%@729,3%@729,0%@1344,92%@1344] GR3D_FREQ 97% cpu@64.093C soc2@63.093C soc0@63.718C gpu@65.312C tj@65.312C soc1@62.781C VDD_IN 17732mW/17487mW VDD_CPU_GPU_CV 8237mW/8325mW VDD_SOC 4151mW/3997mW
08-11-2026 18:03:20 RAM 7103/7607MB (lfb 1x1MB) SWAP 1427/16384MB (cached 131MB) CPU [2%@729,1%@729,4%@729,4%@729,0%@1344,92%@1344] GR3D_FREQ 97% cpu@63.937C soc2@63.062C soc0@63.812C gpu@65.281C tj@65.281C soc1@62.656C VDD_IN 17772mW/17488mW VDD_CPU_GPU_CV 8159mW/8324mW VDD_SOC 4190mW/3998mW
08-11-2026 18:03:21 RAM 7103/7607MB (lfb 1x1MB) SWAP 1427/16384MB (cached 131MB) CPU [3%@1113,3%@1113,1%@1113,1%@1113,0%@1344,92%@1344] GR3D_FREQ 97% cpu@64.093C soc2@63C soc0@63.75C gpu@65.218C tj@65.218C soc1@62.687C VDD_IN 17693mW/17489mW VDD_CPU_GPU_CV 7964mW/8324mW VDD_SOC 4269mW/3999mW
08-11-2026 18:03:22 RAM 7103/7607MB (lfb 1x1MB) SWAP 1427/16384MB (cached 131MB) CPU [2%@1036,2%@1036,2%@1036,2%@1036,0%@1344,93%@1344] GR3D_FREQ 99% cpu@64.406C soc2@63.125C soc0@63.812C gpu@64.843C tj@64.843C soc1@62.781C VDD_IN 17575mW/17489mW VDD_CPU_GPU_CV 7964mW/8323mW VDD_SOC 4237mW/3999mW
08-11-2026 18:03:23 RAM 7100/7607MB (lfb 1x1MB) SWAP 1427/16384MB (cached 131MB) CPU [6%@729,21%@729,8%@729,4%@729,0%@1344,92%@1344] GR3D_FREQ 99% cpu@64.031C soc2@63.093C soc0@63.781C gpu@65.187C tj@65.187C soc1@62.687C VDD_IN 17811mW/17490mW VDD_CPU_GPU_CV 8627mW/8323mW VDD_SOC 4034mW/3999mW
08-11-2026 18:03:24 RAM 7101/7607MB (lfb 1x1MB) SWAP 1427/16384MB (cached 131MB) CPU [1%@729,5%@729,4%@729,2%@729,0%@1344,92%@1344] GR3D_FREQ 99% cpu@63.937C soc2@63.062C soc0@63.718C gpu@65.312C tj@65.312C soc1@62.687C VDD_IN 17732mW/17490mW VDD_CPU_GPU_CV 8627mW/8324mW VDD_SOC 4040mW/3999mW
08-11-2026 18:03:25 RAM 7100/7607MB (lfb 1x1MB) SWAP 1427/16384MB (cached 131MB) CPU [3%@1113,1%@1113,3%@1113,3%@1113,0%@729,92%@729] GR3D_FREQ 99% cpu@64.093C soc2@63.156C soc0@63.75C gpu@65.468C tj@65.468C soc1@62.75C VDD_IN 18164mW/17492mW VDD_CPU_GPU_CV 8901mW/8326mW VDD_SOC 4073mW/3999mW
08-11-2026 18:03:26 RAM 7100/7607MB (lfb 1x1MB) SWAP 1427/16384MB (cached 131MB) CPU [3%@1344,1%@1344,4%@1344,1%@1344,0%@1344,99%@1344] GR3D_FREQ 98% cpu@64.218C soc2@63.062C soc0@63.781C gpu@65.468C tj@65.468C soc1@62.843C VDD_IN 17929mW/17493mW VDD_CPU_GPU_CV 8862mW/8327mW VDD_SOC 3916mW/3999mW
08-11-2026 18:03:27 RAM 7100/7607MB (lfb 1x1MB) SWAP 1427/16384MB (cached 131MB) CPU [4%@729,1%@729,1%@729,3%@729,0%@1344,93%@1344] GR3D_FREQ 97% cpu@63.968C soc2@63.093C soc0@63.812C gpu@65.406C tj@65.406C soc1@62.75C VDD_IN 17811mW/17494mW VDD_CPU_GPU_CV 8784mW/8328mW VDD_SOC 3955mW/3999mW
08-11-2026 18:03:28 RAM 7101/7607MB (lfb 1x1MB) SWAP 1427/16384MB (cached 131MB) CPU [2%@1267,2%@1267,4%@1267,3%@1267,0%@1344,92%@1344] GR3D_FREQ 97% cpu@64.093C soc2@62.968C soc0@63.812C gpu@65.343C tj@65.343C soc1@62.718C VDD_IN 17772mW/17494mW VDD_CPU_GPU_CV 8744mW/8329mW VDD_SOC 3955mW/3999mW
08-11-2026 18:03:29 RAM 7104/7607MB (lfb 1x1MB) SWAP 1427/16384MB (cached 131MB) CPU [3%@1344,2%@1344,11%@729,17%@729,1%@1344,92%@1344] GR3D_FREQ 97% cpu@64.062C soc2@62.968C soc0@63.718C gpu@65.25C tj@65.25C soc1@62.812C VDD_IN 17772mW/17495mW VDD_CPU_GPU_CV 8666mW/8330mW VDD_SOC 3955mW/3999mW
08-11-2026 18:03:30 RAM 7104/7607MB (lfb 1x1MB) SWAP 1427/16384MB (cached 131MB) CPU [3%@1344,2%@1344,2%@1344,1%@1344,0%@1344,92%@1344] GR3D_FREQ 99% cpu@64.125C soc2@63.093C soc0@63.718C gpu@65.156C tj@65.156C soc1@62.812C VDD_IN 17654mW/17495mW VDD_CPU_GPU_CV 8510mW/8330mW VDD_SOC 3995mW/3999mW
08-11-2026 18:03:31 RAM 7104/7607MB (lfb 1x1MB) SWAP 1427/16384MB (cached 131MB) CPU [2%@729,3%@729,2%@729,0%@729,0%@1344,93%@1344] GR3D_FREQ 98% cpu@64.218C soc2@63.125C soc0@63.781C gpu@65.218C tj@65.218C soc1@62.875C VDD_IN 17654mW/17496mW VDD_CPU_GPU_CV 8510mW/8331mW VDD_SOC 4001mW/3999mW
08-11-2026 18:03:32 RAM 7104/7607MB (lfb 1x1MB) SWAP 1427/16384MB (cached 131MB) CPU [3%@729,3%@729,2%@729,3%@729,0%@1344,92%@1344] GR3D_FREQ 98% cpu@64.031C soc2@63.093C soc0@63.875C gpu@65.281C tj@65.281C soc1@62.75C VDD_IN 17575mW/17496mW VDD_CPU_GPU_CV 8393mW/8331mW VDD_SOC 4040mW/3999mW
08-11-2026 18:03:33 RAM 7105/7607MB (lfb 1x1MB) SWAP 1427/16384MB (cached 131MB) CPU [2%@729,1%@729,3%@729,2%@729,0%@1344,92%@1344] GR3D_FREQ 97% cpu@63.968C soc2@63.031C soc0@63.875C gpu@65.281C tj@65.281C soc1@62.75C VDD_IN 17654mW/17496mW VDD_CPU_GPU_CV 8354mW/8331mW VDD_SOC 4080mW/3999mW
08-11-2026 18:03:34 RAM 7106/7607MB (lfb 1x1MB) SWAP 1427/16384MB (cached 131MB) CPU [7%@729,5%@729,6%@729,19%@729,1%@1344,92%@1344] GR3D_FREQ 97% cpu@64.187C soc2@63.093C soc0@63.843C gpu@65.281C tj@65.281C soc1@62.75C VDD_IN 17693mW/17497mW VDD_CPU_GPU_CV 8198mW/8330mW VDD_SOC 4112mW/3999mW
08-11-2026 18:03:35 RAM 7106/7607MB (lfb 1x1MB) SWAP 1427/16384MB (cached 131MB) CPU [2%@729,5%@729,2%@729,1%@729,0%@1344,92%@1344] GR3D_FREQ 98% cpu@63.968C soc2@63.093C soc0@63.75C gpu@65.562C tj@65.562C soc1@62.843C VDD_IN 17615mW/17497mW VDD_CPU_GPU_CV 8081mW/8330mW VDD_SOC 4158mW/4000mW
08-11-2026 18:03:36 RAM 7106/7607MB (lfb 1x1MB) SWAP 1427/16384MB (cached 131MB) CPU [2%@729,2%@729,3%@729,1%@729,0%@1344,92%@1344] GR3D_FREQ 97% cpu@64.375C soc2@63.125C soc0@63.75C gpu@65.468C tj@65.468C soc1@62.843C VDD_IN 17526mW/17497mW VDD_CPU_GPU_CV 7847mW/8329mW VDD_SOC 4237mW/4000mW
08-11-2026 18:03:37 RAM 7106/7607MB (lfb 1x1MB) SWAP 1427/16384MB (cached 131MB) CPU [2%@729,2%@729,2%@729,1%@729,0%@1344,92%@1344] GR3D_FREQ 99% cpu@64.218C soc2@63.125C soc0@63.812C gpu@65.187C tj@65.187C soc1@62.781C VDD_IN 17526mW/17497mW VDD_CPU_GPU_CV 7925mW/8328mW VDD_SOC 4197mW/4001mW
08-11-2026 18:03:38 RAM 7106/7607MB (lfb 1x1MB) SWAP 1427/16384MB (cached 131MB) CPU [2%@729,1%@729,3%@729,2%@729,0%@1344,93%@1344] GR3D_FREQ 99% cpu@64.093C soc2@63.062C soc0@63.718C gpu@65.656C tj@65.656C soc1@62.718C VDD_IN 17447mW/17497mW VDD_CPU_GPU_CV 8354mW/8328mW VDD_SOC 4001mW/4001mW
08-11-2026 18:03:40 RAM 7107/7607MB (lfb 1x1MB) SWAP 1427/16384MB (cached 131MB) CPU [5%@729,7%@729,7%@729,19%@729,0%@1344,91%@1344] GR3D_FREQ 99% cpu@64.156C soc2@63.156C soc0@63.75C gpu@65.718C tj@65.718C soc1@62.781C VDD_IN 17732mW/17497mW VDD_CPU_GPU_CV 8588mW/8328mW VDD_SOC 3995mW/4001mW
08-11-2026 18:03:41 RAM 7107/7607MB (lfb 1x1MB) SWAP 1427/16384MB (cached 131MB) CPU [3%@729,2%@729,2%@729,1%@729,0%@729,92%@729] GR3D_FREQ 99% cpu@63.906C soc2@63.062C soc0@63.75C gpu@65.625C tj@65.625C soc1@62.812C VDD_IN 17968mW/17498mW VDD_CPU_GPU_CV 8784mW/8329mW VDD_SOC 4034mW/4001mW
08-11-2026 18:03:42 RAM 7107/7607MB (lfb 1x1MB) SWAP 1427/16384MB (cached 131MB) CPU [2%@729,3%@729,2%@729,1%@729,0%@1344,99%@1344] GR3D_FREQ 97% cpu@64C soc2@63.062C soc0@63.781C gpu@65.5C tj@65.5C soc1@62.75C VDD_IN 17772mW/17499mW VDD_CPU_GPU_CV 8784mW/8331mW VDD_SOC 3916mW/4001mW
08-11-2026 18:03:43 RAM 7107/7607MB (lfb 1x1MB) SWAP 1427/16384MB (cached 131MB) CPU [1%@729,1%@729,1%@729,2%@729,0%@1344,92%@1344] GR3D_FREQ 97% cpu@63.906C soc2@63.093C soc0@63.875C gpu@65.468C tj@65.468C soc1@62.687C VDD_IN 17772mW/17500mW VDD_CPU_GPU_CV 8744mW/8331mW VDD_SOC 3955mW/4001mW
08-11-2026 18:03:44 RAM 7107/7607MB (lfb 1x1MB) SWAP 1427/16384MB (cached 131MB) CPU [1%@729,1%@729,3%@729,3%@729,0%@1344,92%@1344] GR3D_FREQ 97% cpu@63.968C soc2@63.093C soc0@63.843C gpu@65.531C tj@65.531C soc1@62.812C VDD_IN 17732mW/17500mW VDD_CPU_GPU_CV 8705mW/8332mW VDD_SOC 3955mW/4000mW
08-11-2026 18:03:45 RAM 7107/7607MB (lfb 1x1MB) SWAP 1427/16384MB (cached 131MB) CPU [7%@729,3%@729,3%@729,9%@729,0%@1344,92%@1344] GR3D_FREQ 97% cpu@64.343C soc2@63.093C soc0@63.843C gpu@65.531C tj@65.531C soc1@62.812C VDD_IN 17811mW/17501mW VDD_CPU_GPU_CV 8705mW/8333mW VDD_SOC 3995mW/4000mW
08-11-2026 18:03:46 RAM 7108/7607MB (lfb 1x1MB) SWAP 1427/16384MB (cached 131MB) CPU [3%@729,4%@729,5%@729,10%@729,0%@1344,93%@1344] GR3D_FREQ 97% cpu@63.875C soc2@63.093C soc0@63.875C gpu@65.5C tj@65.5C soc1@62.843C VDD_IN 17693mW/17501mW VDD_CPU_GPU_CV 8549mW/8334mW VDD_SOC 3995mW/4000mW
08-11-2026 18:03:47 RAM 7108/7607MB (lfb 1x1MB) SWAP 1427/16384MB (cached 131MB) CPU [3%@729,2%@729,3%@729,4%@729,0%@1344,92%@1344] GR3D_FREQ 98% cpu@64.062C soc2@63.093C soc0@63.906C gpu@65.312C tj@65.312C soc1@62.718C VDD_IN 17693mW/17502mW VDD_CPU_GPU_CV 8510mW/8334mW VDD_SOC 4034mW/4001mW
08-11-2026 18:03:48 RAM 7108/7607MB (lfb 1x1MB) SWAP 1427/16384MB (cached 131MB) CPU [3%@729,2%@729,2%@729,2%@1344,0%@1344,92%@1344] GR3D_FREQ 97% cpu@64C soc2@63.062C soc0@63.968C gpu@65.281C tj@65.281C soc1@62.812C VDD_IN 17643mW/17502mW VDD_CPU_GPU_CV 8354mW/8334mW VDD_SOC 4040mW/4001mW
08-11-2026 18:03:49 RAM 7108/7607MB (lfb 1x1MB) SWAP 1427/16384MB (cached 131MB) CPU [2%@1113,2%@1113,1%@1113,2%@1113,0%@1344,92%@1344] GR3D_FREQ 97% cpu@64.093C soc2@63.125C soc0@63.75C gpu@65.343C tj@65.343C soc1@62.812C VDD_IN 17693mW/17503mW VDD_CPU_GPU_CV 8315mW/8334mW VDD_SOC 4073mW/4001mW
08-11-2026 18:03:50 RAM 7107/7607MB (lfb 1x1MB) SWAP 1427/16384MB (cached 131MB) CPU [1%@729,3%@729,2%@729,2%@729,0%@1344,92%@1344] GR3D_FREQ 99% cpu@64.25C soc2@63.125C soc0@63.781C gpu@65.281C tj@65.281C soc1@62.875C VDD_IN 17615mW/17503mW VDD_CPU_GPU_CV 8120mW/8334mW VDD_SOC 4158mW/4001mW
08-11-2026 18:03:51 RAM 7107/7607MB (lfb 1x1MB) SWAP 1427/16384MB (cached 131MB) CPU [10%@729,2%@729,18%@729,6%@729,0%@1344,92%@1344] GR3D_FREQ 97% cpu@64.031C soc2@63.156C soc0@63.781C gpu@65.343C tj@65.343C soc1@62.875C VDD_IN 17693mW/17503mW VDD_CPU_GPU_CV 8120mW/8333mW VDD_SOC 4190mW/4002mW
08-11-2026 18:03:52 RAM 7107/7607MB (lfb 1x1MB) SWAP 1427/16384MB (cached 131MB) CPU [2%@729,1%@729,2%@729,3%@729,0%@1344,92%@1344] GR3D_FREQ 98% cpu@64.156C soc2@63.093C soc0@63.906C gpu@65.187C tj@65.187C soc1@62.812C VDD_IN 17575mW/17503mW VDD_CPU_GPU_CV 7808mW/8332mW VDD_SOC 4237mW/4002mW
08-11-2026 18:03:53 RAM 7107/7607MB (lfb 1x1MB) SWAP 1427/16384MB (cached 131MB) CPU [2%@729,1%@729,2%@729,1%@729,0%@1344,93%@1344] GR3D_FREQ 99% cpu@64.187C soc2@63.062C soc0@64C gpu@65.125C tj@65.125C soc1@62.812C VDD_IN 17486mW/17503mW VDD_CPU_GPU_CV 8003mW/8331mW VDD_SOC 4158mW/4002mW
08-11-2026 18:03:54 RAM 7107/7607MB (lfb 1x1MB) SWAP 1427/16384MB (cached 131MB) CPU [3%@729,3%@729,2%@729,2%@729,0%@1344,91%@1344] GR3D_FREQ 99% cpu@64.031C soc2@63.125C soc0@63.781C gpu@65.687C tj@65.687C soc1@62.812C VDD_IN 17447mW/17503mW VDD_CPU_GPU_CV 8432mW/8331mW VDD_SOC 3962mW/4002mW
08-11-2026 18:03:55 RAM 7107/7607MB (lfb 1x1MB) SWAP 1427/16384MB (cached 131MB) CPU [3%@729,1%@729,1%@729,2%@729,0%@1344,92%@1344] GR3D_FREQ 99% cpu@64.062C soc2@63.187C soc0@63.843C gpu@65.625C tj@65.625C soc1@62.812C VDD_IN 17575mW/17503mW VDD_CPU_GPU_CV 8549mW/8332mW VDD_SOC 4001mW/4002mW
08-11-2026 18:03:56 RAM 7106/7607MB (lfb 1x1MB) SWAP 1427/16384MB (cached 131MB) CPU [11%@729,4%@729,3%@729,18%@729,0%@729,94%@729] GR3D_FREQ 99% cpu@63.812C soc2@63.218C soc0@63.812C gpu@65.875C tj@65.875C soc1@62.906C VDD_IN 18007mW/17505mW VDD_CPU_GPU_CV 8901mW/8333mW VDD_SOC 3955mW/4002mW
08-11-2026 18:03:57 RAM 7106/7607MB (lfb 1x1MB) SWAP 1427/16384MB (cached 131MB) CPU [1%@729,2%@729,1%@729,2%@729,0%@1344,98%@1344] GR3D_FREQ 97% cpu@63.968C soc2@63.187C soc0@63.906C gpu@65.75C tj@65.75C soc1@62.812C VDD_IN 17811mW/17505mW VDD_CPU_GPU_CV 8823mW/8334mW VDD_SOC 3916mW/4002mW
08-11-2026 18:03:58 RAM 7107/7607MB (lfb 1x1MB) SWAP 1427/16384MB (cached 131MB) CPU [4%@729,2%@729,1%@729,5%@729,0%@1344,92%@1344] GR3D_FREQ 97% cpu@64.062C soc2@63.156C soc0@63.937C gpu@65.531C tj@65.531C soc1@62.875C VDD_IN 17772mW/17506mW VDD_CPU_GPU_CV 8744mW/8335mW VDD_SOC 3955mW/4002mW
08-11-2026 18:03:59 RAM 7104/7607MB (lfb 1x1MB) SWAP 1427/16384MB (cached 131MB) CPU [4%@729,1%@729,1%@729,1%@729,0%@1344,92%@1344] GR3D_FREQ 97% cpu@64.031C soc2@63.062C soc0@63.687C gpu@65.5C tj@65.5C soc1@62.812C VDD_IN 17811mW/17506mW VDD_CPU_GPU_CV 8744mW/8336mW VDD_SOC 3955mW/4002mW
08-11-2026 18:04:00 RAM 7104/7607MB (lfb 1x1MB) SWAP 1427/16384MB (cached 131MB) CPU [2%@729,2%@729,2%@729,1%@729,1%@1344,92%@1344] GR3D_FREQ 97% cpu@64.187C soc2@63.156C soc0@63.75C gpu@65.562C tj@65.562C soc1@62.906C VDD_IN 17732mW/17507mW VDD_CPU_GPU_CV 8588mW/8337mW VDD_SOC 3995mW/4002mW
08-11-2026 18:04:01 RAM 7106/7607MB (lfb 1x1MB) SWAP 1427/16384MB (cached 131MB) CPU [5%@1190,6%@1190,13%@1190,4%@1190,1%@1344,91%@1344] GR3D_FREQ 97% cpu@64.062C soc2@63.25C soc0@63.812C gpu@65.5C tj@65.5C soc1@62.906C VDD_IN 17968mW/17508mW VDD_CPU_GPU_CV 8823mW/8338mW VDD_SOC 3995mW/4002mW
08-11-2026 18:04:02 RAM 7106/7607MB (lfb 1x1MB) SWAP 1427/16384MB (cached 131MB) CPU [4%@729,2%@729,2%@729,5%@729,0%@1344,93%@1344] GR3D_FREQ 98% cpu@64.062C soc2@63.218C soc0@63.875C gpu@65.593C tj@65.593C soc1@63.031C VDD_IN 17772mW/17509mW VDD_CPU_GPU_CV 8549mW/8338mW VDD_SOC 4034mW/4002mW
08-11-2026 18:04:03 RAM 7106/7607MB (lfb 1x1MB) SWAP 1427/16384MB (cached 131MB) CPU [1%@729,2%@729,1%@729,3%@729,0%@1344,92%@1344] GR3D_FREQ 97% cpu@64.187C soc2@63.156C soc0@63.906C gpu@65.562C tj@65.562C soc1@62.812C VDD_IN 17654mW/17509mW VDD_CPU_GPU_CV 8393mW/8338mW VDD_SOC 4080mW/4002mW
08-11-2026 18:04:04 RAM 7106/7607MB (lfb 1x1MB) SWAP 1427/16384MB (cached 131MB) CPU [2%@729,2%@729,0%@729,1%@729,0%@1344,92%@1344] GR3D_FREQ 97% cpu@64.406C soc2@63.125C soc0@63.875C gpu@65.812C tj@65.812C soc1@62.906C VDD_IN 17693mW/17509mW VDD_CPU_GPU_CV 8315mW/8338mW VDD_SOC 4112mW/4002mW
08-11-2026 18:04:05 RAM 7106/7607MB (lfb 1x1MB) SWAP 1427/16384MB (cached 131MB) CPU [3%@729,1%@729,2%@729,1%@729,0%@1344,92%@1344] GR3D_FREQ 99% cpu@64.25C soc2@63.156C soc0@63.937C gpu@65.812C tj@65.812C soc1@62.875C VDD_IN 17654mW/17510mW VDD_CPU_GPU_CV 8120mW/8338mW VDD_SOC 4151mW/4003mW
08-11-2026 18:04:06 RAM 7106/7607MB (lfb 1x1MB) SWAP 1427/16384MB (cached 131MB) CPU [3%@729,1%@729,2%@729,0%@729,0%@1344,93%@1344] GR3D_FREQ 98% cpu@64C soc2@63.187C soc0@63.937C gpu@65.875C tj@65.875C soc1@62.812C VDD_IN 17693mW/17510mW VDD_CPU_GPU_CV 8081mW/8337mW VDD_SOC 4190mW/4003mW
08-11-2026 18:04:07 RAM 7102/7607MB (lfb 1x1MB) SWAP 1427/16384MB (cached 131MB) CPU [6%@729,4%@729,20%@729,8%@729,1%@1344,92%@1344] GR3D_FREQ 97% cpu@64.156C soc2@63.25C soc0@64.062C gpu@65.25C tj@65.25C soc1@62.843C VDD_IN 17693mW/17510mW VDD_CPU_GPU_CV 7886mW/8336mW VDD_SOC 4269mW/4004mW
08-11-2026 18:04:08 RAM 7102/7607MB (lfb 1x1MB) SWAP 1427/16384MB (cached 131MB) CPU [3%@729,6%@729,1%@729,1%@729,0%@1344,91%@1344] GR3D_FREQ 99% cpu@64.406C soc2@63.156C soc0@63.75C gpu@65.031C tj@65.031C soc1@62.843C VDD_IN 17526mW/17510mW VDD_CPU_GPU_CV 8003mW/8335mW VDD_SOC 4158mW/4004mW
08-11-2026 18:04:09 RAM 7102/7607MB (lfb 1x1MB) SWAP 1427/16384MB (cached 131MB) CPU [2%@729,3%@729,1%@729,3%@729,0%@1344,92%@1344] GR3D_FREQ 99% cpu@64.343C soc2@63.218C soc0@63.875C gpu@65.593C tj@65.593C soc1@62.812C VDD_IN 17565mW/17510mW VDD_CPU_GPU_CV 8471mW/8336mW VDD_SOC 4001mW/4004mW
08-11-2026 18:04:10 RAM 7102/7607MB (lfb 1x1MB) SWAP 1427/16384MB (cached 131MB) CPU [3%@729,3%@729,2%@729,1%@729,0%@1344,92%@1344] GR3D_FREQ 99% cpu@64.093C soc2@63.187C soc0@63.875C gpu@65.562C tj@65.562C soc1@62.906C VDD_IN 17643mW/17511mW VDD_CPU_GPU_CV 8510mW/8336mW VDD_SOC 3995mW/4004mW
08-11-2026 18:04:11 RAM 7102/7607MB (lfb 1x1MB) SWAP 1427/16384MB (cached 131MB) CPU [3%@729,1%@729,2%@729,1%@729,0%@729,93%@729] GR3D_FREQ 99% cpu@63.875C soc2@63.281C soc0@63.937C gpu@65.687C tj@65.687C soc1@62.812C VDD_IN 17811mW/17511mW VDD_CPU_GPU_CV 8823mW/8337mW VDD_SOC 3955mW/4004mW
08-11-2026 18:04:12 RAM 7099/7607MB (lfb 1x1MB) SWAP 1427/16384MB (cached 131MB) CPU [7%@729,9%@729,3%@729,19%@729,0%@1344,99%@1344] GR3D_FREQ 97% cpu@63.968C soc2@63.093C soc0@63.968C gpu@65.718C tj@65.718C soc1@62.875C VDD_IN 17929mW/17512mW VDD_CPU_GPU_CV 8940mW/8338mW VDD_SOC 3955mW/4004mW
08-11-2026 18:04:13 RAM 7102/7607MB (lfb 1x1MB) SWAP 1427/16384MB (cached 131MB) CPU [3%@729,2%@729,1%@729,3%@729,0%@1344,92%@1344] GR3D_FREQ 97% cpu@64.125C soc2@63.062C soc0@63.906C gpu@65.437C tj@65.437C soc1@62.812C VDD_IN 17772mW/17513mW VDD_CPU_GPU_CV 8744mW/8339mW VDD_SOC 3955mW/4004mW
08-11-2026 18:04:14 RAM 7102/7607MB (lfb 1x1MB) SWAP 1427/16384MB (cached 131MB) CPU [2%@729,0%@729,0%@729,3%@729,0%@1344,92%@1344] GR3D_FREQ 98% cpu@64.312C soc2@63.093C soc0@63.812C gpu@65.5C tj@65.5C soc1@62.875C VDD_IN 17811mW/17513mW VDD_CPU_GPU_CV 8705mW/8340mW VDD_SOC 3955mW/4003mW
08-11-2026 18:04:15 RAM 7102/7607MB (lfb 1x1MB) SWAP 1427/16384MB (cached 131MB) CPU [2%@729,1%@729,2%@729,2%@729,0%@1344,93%@1344] GR3D_FREQ 97% cpu@64.125C soc2@63.156C soc0@63.875C gpu@65.437C tj@65.437C soc1@62.937C VDD_IN 17772mW/17514mW VDD_CPU_GPU_CV 8666mW/8341mW VDD_SOC 3995mW/4003mW
08-11-2026 18:04:16 RAM 7102/7607MB (lfb 1x1MB) SWAP 1427/16384MB (cached 131MB) CPU [1%@729,2%@729,1%@729,2%@729,0%@1344,92%@1344] GR3D_FREQ 97% cpu@64.093C soc2@63.156C soc0@63.937C gpu@65.406C tj@65.406C soc1@62.812C VDD_IN 17732mW/17515mW VDD_CPU_GPU_CV 8588mW/8341mW VDD_SOC 3995mW/4003mW
08-11-2026 18:04:17 RAM 7104/7607MB (lfb 1x1MB) SWAP 1427/16384MB (cached 131MB) CPU [12%@729,9%@729,8%@729,11%@729,3%@1344,92%@1344] GR3D_FREQ 97% cpu@64.062C soc2@63.156C soc0@64C gpu@65.531C tj@65.531C soc1@62.843C VDD_IN 18046mW/17516mW VDD_CPU_GPU_CV 8784mW/8342mW VDD_SOC 4034mW/4004mW
08-11-2026 18:04:18 RAM 7101/7607MB (lfb 1x1MB) SWAP 1427/16384MB (cached 131MB) CPU [3%@729,3%@729,3%@729,1%@729,0%@1344,93%@1344] GR3D_FREQ 97% cpu@64.187C soc2@63.125C soc0@63.875C gpu@65.406C tj@65.687C soc1@62.906C VDD_IN 17732mW/17516mW VDD_CPU_GPU_CV 8432mW/8342mW VDD_SOC 4073mW/4004mW
08-11-2026 18:04:19 RAM 7101/7607MB (lfb 1x1MB) SWAP 1427/16384MB (cached 131MB) CPU [2%@729,3%@729,6%@729,1%@729,0%@1344,92%@1344] GR3D_FREQ 97% cpu@64.281C soc2@63.187C soc0@63.875C gpu@65.718C tj@65.718C soc1@62.906C VDD_IN 17772mW/17517mW VDD_CPU_GPU_CV 8393mW/8343mW VDD_SOC 4073mW/4004mW
08-11-2026 18:04:20 RAM 7102/7607MB (lfb 1x1MB) SWAP 1427/16384MB (cached 131MB) CPU [4%@729,2%@729,3%@729,2%@729,0%@1344,92%@1344] GR3D_FREQ 99% cpu@64C soc2@63.125C soc0@63.781C gpu@65.656C tj@65.656C soc1@62.906C VDD_IN 17654mW/17517mW VDD_CPU_GPU_CV 8198mW/8342mW VDD_SOC 4158mW/4004mW
08-11-2026 18:04:21 RAM 7102/7607MB (lfb 1x1MB) SWAP 1427/16384MB (cached 131MB) CPU [4%@729,2%@729,1%@729,2%@729,0%@1344,92%@1344] GR3D_FREQ 97% cpu@64.125C soc2@63.125C soc0@63.906C gpu@65.687C tj@65.687C soc1@62.812C VDD_IN 17654mW/17517mW VDD_CPU_GPU_CV 8120mW/8342mW VDD_SOC 4197mW/4005mW
08-11-2026 18:04:22 RAM 7102/7607MB (lfb 1x1MB) SWAP 1427/16384MB (cached 131MB) CPU [1%@729,2%@729,2%@729,2%@729,1%@1344,91%@1344] GR3D_FREQ 97% cpu@64.093C soc2@63.156C soc0@63.75C gpu@65.625C tj@65.625C soc1@62.781C VDD_IN 17575mW/17517mW VDD_CPU_GPU_CV 7925mW/8341mW VDD_SOC 4237mW/4005mW
08-11-2026 18:04:23 RAM 7104/7607MB (lfb 1x1MB) SWAP 1427/16384MB (cached 131MB) CPU [7%@729,4%@729,18%@729,7%@729,0%@1344,92%@1344] GR3D_FREQ 99% cpu@64.375C soc2@63.218C soc0@63.843C gpu@65.25C tj@65.25C soc1@62.843C VDD_IN 17575mW/17517mW VDD_CPU_GPU_CV 8003mW/8340mW VDD_SOC 4197mW/4005mW
08-11-2026 18:04:24 RAM 7104/7607MB (lfb 1x1MB) SWAP 1427/16384MB (cached 131MB) CPU [2%@729,2%@729,2%@729,1%@729,0%@1344,92%@1344] GR3D_FREQ 99% cpu@64.375C soc2@63.093C soc0@63.906C gpu@65.406C tj@65.406C soc1@62.875C VDD_IN 17526mW/17517mW VDD_CPU_GPU_CV 8393mW/8340mW VDD_SOC 4001mW/4005mW
08-11-2026 18:04:25 RAM 7104/7607MB (lfb 1x1MB) SWAP 1427/16384MB (cached 131MB) CPU [3%@729,2%@729,1%@729,3%@729,0%@1344,92%@1344] GR3D_FREQ 99% cpu@63.968C soc2@63.281C soc0@63.875C gpu@65.468C tj@65.468C soc1@62.968C VDD_IN 17615mW/17518mW VDD_CPU_GPU_CV 8510mW/8341mW VDD_SOC 4001mW/4005mW
08-11-2026 18:04:26 RAM 7104/7607MB (lfb 1x1MB) SWAP 1427/16384MB (cached 131MB) CPU [1%@729,2%@729,1%@729,2%@729,0%@729,93%@729] GR3D_FREQ 99% cpu@64.031C soc2@63.187C soc0@64C gpu@65.656C tj@65.656C soc1@62.781C VDD_IN 17968mW/17519mW VDD_CPU_GPU_CV 8862mW/8342mW VDD_SOC 4034mW/4005mW
08-11-2026 18:04:27 RAM 7104/7607MB (lfb 1x1MB) SWAP 1427/16384MB (cached 131MB) CPU [1%@729,2%@729,2%@729,4%@729,0%@1344,99%@1344] GR3D_FREQ 97% cpu@64.062C soc2@63.156C soc0@63.781C gpu@65.625C tj@65.625C soc1@62.812C VDD_IN 17811mW/17519mW VDD_CPU_GPU_CV 8823mW/8343mW VDD_SOC 3955mW/4005mW
08-11-2026 18:04:28 RAM 7104/7607MB (lfb 1x1MB) SWAP 1427/16384MB (cached 131MB) CPU [4%@729,7%@729,6%@729,19%@729,0%@1344,93%@1344] GR3D_FREQ 97% cpu@64.093C soc2@63.218C soc0@63.875C gpu@65.562C tj@65.562C soc1@62.812C VDD_IN 17850mW/17520mW VDD_CPU_GPU_CV 8823mW/8344mW VDD_SOC 3955mW/4005mW
08-11-2026 18:04:29 RAM 7104/7607MB (lfb 1x1MB) SWAP 1427/16384MB (cached 131MB) CPU [2%@729,2%@729,2%@729,3%@729,0%@1344,92%@1344] GR3D_FREQ 97% cpu@64.218C soc2@63.156C soc0@63.843C gpu@65.875C tj@65.875C soc1@62.875C VDD_IN 17772mW/17520mW VDD_CPU_GPU_CV 8744mW/8345mW VDD_SOC 3955mW/4005mW
08-11-2026 18:04:30 RAM 7105/7607MB (lfb 1x1MB) SWAP 1427/16384MB (cached 131MB) CPU [4%@729,2%@729,6%@729,2%@729,0%@1344,92%@1344] GR3D_FREQ 97% cpu@63.937C soc2@63.25C soc0@63.906C gpu@65.937C tj@65.937C soc1@63.031C VDD_IN 17811mW/17521mW VDD_CPU_GPU_CV 8705mW/8345mW VDD_SOC 3995mW/4005mW
08-11-2026 18:04:31 RAM 7105/7607MB (lfb 1x1MB) SWAP 1427/16384MB (cached 131MB) CPU [1%@729,2%@729,1%@729,3%@729,0%@1344,93%@1344] GR3D_FREQ 97% cpu@64.062C soc2@63.062C soc0@63.968C gpu@65.375C tj@65.375C soc1@62.843C VDD_IN 17732mW/17521mW VDD_CPU_GPU_CV 8549mW/8346mW VDD_SOC 3995mW/4005mW
08-11-2026 18:04:32 RAM 7105/7607MB (lfb 1x1MB) SWAP 1427/16384MB (cached 131MB) CPU [3%@729,2%@729,1%@729,1%@729,0%@1344,92%@1344] GR3D_FREQ 98% cpu@64.156C soc2@63.156C soc0@63.843C gpu@65.406C tj@65.406C soc1@62.843C VDD_IN 17811mW/17522mW VDD_CPU_GPU_CV 8510mW/8346mW VDD_SOC 4034mW/4005mW
08-11-2026 18:04:33 RAM 7105/7607MB (lfb 1x1MB) SWAP 1427/16384MB (cached 131MB) CPU [9%@729,12%@729,10%@729,3%@729,0%@1344,92%@1344] GR3D_FREQ 99% cpu@64C soc2@63.156C soc0@63.906C gpu@65.593C tj@65.593C soc1@62.906C VDD_IN 17850mW/17523mW VDD_CPU_GPU_CV 8588mW/8347mW VDD_SOC 4073mW/4005mW
08-11-2026 18:04:34 RAM 7105/7607MB (lfb 1x1MB) SWAP 1427/16384MB (cached 131MB) CPU [2%@729,2%@729,2%@729,2%@729,0%@1344,92%@1344] GR3D_FREQ 97% cpu@64.156C soc2@63.187C soc0@63.906C gpu@65.656C tj@65.656C soc1@63C VDD_IN 17732mW/17523mW VDD_CPU_GPU_CV 8393mW/8347mW VDD_SOC 4073mW/4005mW
08-11-2026 18:04:35 RAM 7106/7607MB (lfb 1x1MB) SWAP 1427/16384MB (cached 131MB) CPU [1%@729,2%@729,4%@729,2%@729,0%@1344,92%@1344] GR3D_FREQ 97% cpu@64.031C soc2@63.25C soc0@64C gpu@65.531C tj@65.531C soc1@62.812C VDD_IN 17654mW/17523mW VDD_CPU_GPU_CV 8237mW/8346mW VDD_SOC 4112mW/4006mW
08-11-2026 18:04:36 RAM 7106/7607MB (lfb 1x1MB) SWAP 1427/16384MB (cached 131MB) CPU [2%@729,1%@729,1%@729,3%@729,0%@1344,91%@1344] GR3D_FREQ 97% cpu@64.125C soc2@63.062C soc0@63.906C gpu@65.562C tj@65.562C soc1@62.812C VDD_IN 17693mW/17524mW VDD_CPU_GPU_CV 8120mW/8346mW VDD_SOC 4151mW/4006mW
08-11-2026 18:04:37 RAM 7106/7607MB (lfb 1x1MB) SWAP 1427/16384MB (cached 131MB) CPU [3%@729,1%@729,2%@729,3%@729,0%@1344,92%@1344] GR3D_FREQ 97% cpu@64.312C soc2@63.25C soc0@63.906C gpu@65.312C tj@65.312C soc1@62.875C VDD_IN 17615mW/17524mW VDD_CPU_GPU_CV 7925mW/8345mW VDD_SOC 4230mW/4006mW
08-11-2026 18:04:38 RAM 7107/7607MB (lfb 1x1MB) SWAP 1427/16384MB (cached 131MB) CPU [4%@729,5%@729,2%@729,8%@729,0%@1344,92%@1344] GR3D_FREQ 99% cpu@64.218C soc2@63.218C soc0@63.781C gpu@64.812C tj@64.812C soc1@62.875C VDD_IN 17575mW/17524mW VDD_CPU_GPU_CV 8042mW/8344mW VDD_SOC 4197mW/4007mW
08-11-2026 18:04:39 RAM 7111/7607MB (lfb 1x1MB) SWAP 1427/16384MB (cached 131MB) CPU [1%@729,2%@729,5%@729,12%@729,1%@1344,92%@1344] GR3D_FREQ 99% cpu@64.031C soc2@63.25C soc0@63.968C gpu@65.343C tj@65.343C soc1@63C VDD_IN 17575mW/17524mW VDD_CPU_GPU_CV 8471mW/8345mW VDD_SOC 4040mW/4007mW
08-11-2026 18:04:40 RAM 7110/7607MB (lfb 1x1MB) SWAP 1427/16384MB (cached 131MB) CPU [3%@729,1%@729,2%@729,2%@729,1%@1344,92%@1344] GR3D_FREQ 99% cpu@64.062C soc2@63.156C soc0@63.968C gpu@65.531C tj@65.531C soc1@62.843C VDD_IN 17615mW/17524mW VDD_CPU_GPU_CV 8549mW/8345mW VDD_SOC 4001mW/4007mW
08-11-2026 18:04:41 RAM 7110/7607MB (lfb 1x1MB) SWAP 1427/16384MB (cached 131MB) CPU [2%@729,1%@729,1%@729,5%@729,0%@729,93%@729] GR3D_FREQ 99% cpu@64.031C soc2@63.218C soc0@63.875C gpu@65.906C tj@65.906C soc1@62.875C VDD_IN 18007mW/17525mW VDD_CPU_GPU_CV 8901mW/8346mW VDD_SOC 3995mW/4007mW
08-11-2026 18:04:42 RAM 7111/7607MB (lfb 1x1MB) SWAP 1427/16384MB (cached 131MB) CPU [2%@729,1%@729,3%@729,2%@729,0%@1344,100%@1344] GR3D_FREQ 97% cpu@64.156C soc2@63.218C soc0@63.812C gpu@65.812C tj@65.812C soc1@62.906C VDD_IN 17811mW/17526mW VDD_CPU_GPU_CV 8862mW/8347mW VDD_SOC 3955mW/4007mW
08-11-2026 18:04:43 RAM 7111/7607MB (lfb 1x1MB) SWAP 1427/16384MB (cached 131MB) CPU [3%@729,1%@729,1%@729,1%@729,0%@1344,92%@1344] GR3D_FREQ 97% cpu@64C soc2@63.125C soc0@63.937C gpu@65.718C tj@65.718C soc1@62.968C VDD_IN 17811mW/17526mW VDD_CPU_GPU_CV 8784mW/8348mW VDD_SOC 3955mW/4007mW
08-11-2026 18:04:44 RAM 7113/7607MB (lfb 1x1MB) SWAP 1427/16384MB (cached 131MB) CPU [9%@729,3%@729,4%@729,21%@729,0%@1344,92%@1344] GR3D_FREQ 97% cpu@64.031C soc2@63.218C soc0@63.937C gpu@65.781C tj@65.781C soc1@62.812C VDD_IN 17889mW/17527mW VDD_CPU_GPU_CV 8823mW/8349mW VDD_SOC 3955mW/4007mW
08-11-2026 18:04:45 RAM 7113/7607MB (lfb 1x1MB) SWAP 1427/16384MB (cached 131MB) CPU [2%@729,1%@729,1%@729,2%@729,0%@1344,92%@1344] GR3D_FREQ 98% cpu@64.156C soc2@63.25C soc0@63.843C gpu@65.75C tj@65.75C soc1@62.781C VDD_IN 17811mW/17528mW VDD_CPU_GPU_CV 8705mW/8350mW VDD_SOC 3995mW/4006mW
08-11-2026 18:04:46 RAM 7114/7607MB (lfb 1x1MB) SWAP 1427/16384MB (cached 131MB) CPU [3%@729,2%@729,1%@729,2%@729,0%@1344,93%@1344] GR3D_FREQ 97% cpu@64.406C soc2@63.25C soc0@63.781C gpu@65.531C tj@65.531C soc1@62.906C VDD_IN 17732mW/17528mW VDD_CPU_GPU_CV 8588mW/8350mW VDD_SOC 3995mW/4006mW
08-11-2026 18:04:47 RAM 7114/7607MB (lfb 1x1MB) SWAP 1427/16384MB (cached 131MB) CPU [1%@729,1%@729,2%@729,3%@729,0%@1344,92%@1344] GR3D_FREQ 97% cpu@64.125C soc2@63.125C soc0@63.937C gpu@65.625C tj@65.625C soc1@62.937C VDD_IN 17811mW/17529mW VDD_CPU_GPU_CV 8549mW/8351mW VDD_SOC 4034mW/4007mW
08-11-2026 18:04:48 RAM 7115/7607MB (lfb 1x1MB) SWAP 1427/16384MB (cached 131MB) CPU [2%@729,4%@729,0%@729,2%@729,0%@1344,92%@1344] GR3D_FREQ 99% cpu@64.031C soc2@63.187C soc0@63.937C gpu@65.562C tj@65.562C soc1@63.062C VDD_IN 17772mW/17529mW VDD_CPU_GPU_CV 8432mW/8351mW VDD_SOC 4073mW/4007mW
08-11-2026 18:04:49 RAM 7117/7607MB (lfb 1x1MB) SWAP 1427/16384MB (cached 131MB) CPU [11%@729,4%@729,7%@729,6%@729,8%@1344,92%@1344] GR3D_FREQ 97% cpu@64.062C soc2@63.187C soc0@63.968C gpu@65.625C tj@65.625C soc1@62.843C VDD_IN 17889mW/17530mW VDD_CPU_GPU_CV 8510mW/8351mW VDD_SOC 4112mW/4007mW
08-11-2026 18:04:50 RAM 7117/7607MB (lfb 1x1MB) SWAP 1427/16384MB (cached 131MB) CPU [2%@729,0%@729,1%@729,2%@729,0%@1344,91%@1344] GR3D_FREQ 98% cpu@64.187C soc2@63.187C soc0@63.781C gpu@65.562C tj@65.562C soc1@62.875C VDD_IN 17654mW/17530mW VDD_CPU_GPU_CV 8198mW/8351mW VDD_SOC 4151mW/4007mW
08-11-2026 18:04:51 RAM 7118/7607MB (lfb 1x1MB) SWAP 1427/16384MB (cached 131MB) CPU [3%@729,2%@729,2%@729,1%@729,0%@1344,92%@1344] GR3D_FREQ 97% cpu@64.437C soc2@63.093C soc0@63.875C gpu@65.812C tj@65.812C soc1@62.906C VDD_IN 17693mW/17530mW VDD_CPU_GPU_CV 8081mW/8350mW VDD_SOC 4190mW/4008mW
08-11-2026 18:04:52 RAM 7118/7607MB (lfb 1x1MB) SWAP 1427/16384MB (cached 131MB) CPU [2%@729,6%@729,1%@729,3%@729,0%@1344,92%@1344] GR3D_FREQ 97% cpu@64.156C soc2@63.312C soc0@63.906C gpu@65.781C tj@65.781C soc1@63.031C VDD_IN 17654mW/17531mW VDD_CPU_GPU_CV 7925mW/8349mW VDD_SOC 4269mW/4008mW
08-11-2026 18:04:53 RAM 7120/7607MB (lfb 1x1MB) SWAP 1427/16384MB (cached 131MB) CPU [2%@729,0%@729,1%@729,2%@729,0%@1344,92%@1344] GR3D_FREQ 99% cpu@64.343C soc2@63.312C soc0@64.062C gpu@65.343C tj@65.343C soc1@63.062C VDD_IN 17536mW/17531mW VDD_CPU_GPU_CV 7925mW/8349mW VDD_SOC 4237mW/4008mW
08-11-2026 18:04:54 RAM 7118/7607MB (lfb 1x1MB) SWAP 1427/16384MB (cached 131MB) CPU [19%@1344,7%@1344,4%@1344,4%@1344,1%@1344,93%@1344] GR3D_FREQ 99% cpu@64.218C soc2@63.343C soc0@64C gpu@65.843C tj@65.843C soc1@62.906C VDD_IN 17772mW/17531mW VDD_CPU_GPU_CV 8588mW/8349mW VDD_SOC 4034mW/4009mW
08-11-2026 18:04:55 RAM 7119/7607MB (lfb 1x1MB) SWAP 1427/16384MB (cached 131MB) CPU [4%@729,2%@729,1%@729,2%@729,0%@1344,92%@1344] GR3D_FREQ 99% cpu@64.187C soc2@63.281C soc0@63.875C gpu@65.843C tj@65.843C soc1@62.906C VDD_IN 17693mW/17531mW VDD_CPU_GPU_CV 8510mW/8349mW VDD_SOC 4034mW/4009mW
08-11-2026 18:04:56 RAM 7118/7607MB (lfb 1x1MB) SWAP 1427/16384MB (cached 131MB) CPU [2%@729,2%@729,2%@729,3%@729,0%@729,92%@729] GR3D_FREQ 99% cpu@64.406C soc2@63.25C soc0@63.968C gpu@65.75C tj@65.75C soc1@63C VDD_IN 18085mW/17533mW VDD_CPU_GPU_CV 8847mW/8350mW VDD_SOC 4073mW/4009mW
08-11-2026 18:04:57 RAM 7118/7607MB (lfb 1x1MB) SWAP 1427/16384MB (cached 131MB) CPU [4%@729,1%@729,1%@729,2%@729,0%@1344,100%@1344] GR3D_FREQ 97% cpu@64.031C soc2@63.312C soc0@63.937C gpu@65.687C tj@65.687C soc1@63C VDD_IN 17850mW/17533mW VDD_CPU_GPU_CV 8862mW/8351mW VDD_SOC 3955mW/4009mW
08-11-2026 18:04:58 RAM 7118/7607MB (lfb 1x1MB) SWAP 1427/16384MB (cached 131MB) CPU [2%@729,2%@729,3%@729,2%@729,0%@1344,92%@1344] GR3D_FREQ 97% cpu@64.062C soc2@63.25C soc0@63.968C gpu@65.718C tj@65.718C soc1@62.843C VDD_IN 17811mW/17534mW VDD_CPU_GPU_CV 8784mW/8352mW VDD_SOC 3955mW/4008mW
08-11-2026 18:04:59 RAM 7119/7607MB (lfb 1x1MB) SWAP 1427/16384MB (cached 131MB) CPU [3%@1344,2%@1344,1%@1344,2%@1344,0%@1344,92%@1344] GR3D_FREQ 98% cpu@64.062C soc2@63.25C soc0@63.781C gpu@65.718C tj@65.718C soc1@62.875C VDD_IN 17811mW/17534mW VDD_CPU_GPU_CV 8784mW/8353mW VDD_SOC 3955mW/4008mW
08-11-2026 18:05:00 RAM 7119/7607MB (lfb 1x1MB) SWAP 1427/16384MB (cached 131MB) CPU [7%@729,18%@729,6%@729,6%@729,2%@1344,92%@1344] GR3D_FREQ 98% cpu@64.125C soc2@63.218C soc0@63.968C gpu@65.5C tj@65.5C soc1@62.937C VDD_IN 17850mW/17535mW VDD_CPU_GPU_CV 8705mW/8354mW VDD_SOC 3995mW/4008mW
08-11-2026 18:05:01 RAM 7120/7607MB (lfb 1x1MB) SWAP 1427/16384MB (cached 131MB) CPU [1%@729,4%@729,0%@729,2%@729,0%@1344,93%@1344] GR3D_FREQ 97% cpu@64.281C soc2@63.25C soc0@64C gpu@65.468C tj@65.468C soc1@62.937C VDD_IN 17772mW/17535mW VDD_CPU_GPU_CV 8588mW/8354mW VDD_SOC 3995mW/4008mW
08-11-2026 18:05:02 RAM 7120/7607MB (lfb 1x1MB) SWAP 1427/16384MB (cached 131MB) CPU [2%@729,1%@729,2%@729,7%@729,0%@1344,92%@1344] GR3D_FREQ 97% cpu@64.031C soc2@63.156C soc0@64C gpu@65.625C tj@65.625C soc1@63.031C VDD_IN 17811mW/17536mW VDD_CPU_GPU_CV 8588mW/8355mW VDD_SOC 4034mW/4008mW
08-11-2026 18:05:03 RAM 7121/7607MB (lfb 1x1MB) SWAP 1427/16384MB (cached 131MB) CPU [1%@729,3%@729,3%@729,1%@729,0%@1344,92%@1344] GR3D_FREQ 99% cpu@64.187C soc2@63.187C soc0@64.062C gpu@65.437C tj@65.437C soc1@62.875C VDD_IN 17732mW/17536mW VDD_CPU_GPU_CV 8432mW/8355mW VDD_SOC 4073mW/4009mW
08-11-2026 18:05:04 RAM 7121/7607MB (lfb 1x1MB) SWAP 1427/16384MB (cached 131MB) CPU [1%@729,1%@729,2%@729,2%@729,0%@1344,91%@1344] GR3D_FREQ 97% cpu@64.25C soc2@63.218C soc0@63.875C gpu@65.468C tj@65.468C soc1@62.875C VDD_IN 17732mW/17537mW VDD_CPU_GPU_CV 8354mW/8355mW VDD_SOC 4112mW/4009mW
08-11-2026 18:05:05 RAM 7121/7607MB (lfb 1x1MB) SWAP 1427/16384MB (cached 131MB) CPU [12%@729,9%@729,10%@729,3%@729,1%@1344,93%@1344] GR3D_FREQ 98% cpu@64.281C soc2@63.281C soc0@63.812C gpu@65.656C tj@65.656C soc1@62.968C VDD_IN 17811mW/17537mW VDD_CPU_GPU_CV 8276mW/8355mW VDD_SOC 4151mW/4009mW
08-11-2026 18:05:06 RAM 7118/7607MB (lfb 1x1MB) SWAP 1427/16384MB (cached 131MB) CPU [2%@729,1%@729,2%@729,3%@729,0%@1344,92%@1344] GR3D_FREQ 97% cpu@64.437C soc2@63.25C soc0@64C gpu@65.718C tj@65.718C soc1@62.968C VDD_IN 17732mW/17537mW VDD_CPU_GPU_CV 8159mW/8354mW VDD_SOC 4190mW/4009mW
08-11-2026 18:05:07 RAM 7118/7607MB (lfb 1x1MB) SWAP 1427/16384MB (cached 131MB) CPU [3%@729,4%@729,2%@729,2%@729,0%@1344,92%@1344] GR3D_FREQ 97% cpu@64.125C soc2@63.312C soc0@64C gpu@65.625C tj@65.625C soc1@63.062C VDD_IN 17654mW/17538mW VDD_CPU_GPU_CV 7925mW/8353mW VDD_SOC 4269mW/4010mW
08-11-2026 18:05:08 RAM 7114/7607MB (lfb 1x1MB) SWAP 1427/16384MB (cached 131MB) CPU [3%@729,3%@729,2%@729,1%@729,0%@1344,92%@1344] GR3D_FREQ 99% cpu@64.468C soc2@63.343C soc0@64.062C gpu@65.25C tj@65.25C soc1@62.875C VDD_IN 17536mW/17538mW VDD_CPU_GPU_CV 7925mW/8353mW VDD_SOC 4237mW/4010mW
08-11-2026 18:05:09 RAM 7114/7607MB (lfb 1x1MB) SWAP 1427/16384MB (cached 131MB) CPU [3%@729,3%@729,1%@729,1%@729,1%@1344,93%@1344] GR3D_FREQ 99% cpu@64.312C soc2@63.25C soc0@63.875C gpu@65.625C tj@65.625C soc1@62.906C VDD_IN 17575mW/17538mW VDD_CPU_GPU_CV 8471mW/8353mW VDD_SOC 4040mW/4010mW
08-11-2026 18:05:10 RAM 7116/7607MB (lfb 1x1MB) SWAP 1427/16384MB (cached 131MB) CPU [5%@729,7%@729,8%@729,8%@729,10%@1344,92%@1344] GR3D_FREQ 99% cpu@64.125C soc2@63.312C soc0@63.906C gpu@65.843C tj@65.843C soc1@62.937C VDD_IN 17889mW/17538mW VDD_CPU_GPU_CV 8744mW/8354mW VDD_SOC 4034mW/4010mW
08-11-2026 18:05:11 RAM 7115/7607MB (lfb 1x1MB) SWAP 1427/16384MB (cached 131MB) CPU [5%@729,2%@729,2%@729,3%@729,0%@729,93%@729] GR3D_FREQ 99% cpu@64.281C soc2@63.312C soc0@64C gpu@65.687C tj@65.687C soc1@63C VDD_IN 18085mW/17539mW VDD_CPU_GPU_CV 8886mW/8355mW VDD_SOC 4034mW/4010mW
08-11-2026 18:05:12 RAM 7116/7607MB (lfb 1x1MB) SWAP 1427/16384MB (cached 131MB) CPU [4%@729,6%@729,1%@729,2%@729,0%@1344,99%@1344] GR3D_FREQ 97% cpu@64.031C soc2@63.281C soc0@64.031C gpu@65.718C tj@65.718C soc1@62.906C VDD_IN 17929mW/17540mW VDD_CPU_GPU_CV 8862mW/8356mW VDD_SOC 3955mW/4010mW
08-11-2026 18:05:13 RAM 7116/7607MB (lfb 1x1MB) SWAP 1427/16384MB (cached 131MB) CPU [1%@729,2%@729,2%@729,3%@729,0%@1344,93%@1344] GR3D_FREQ 97% cpu@64.031C soc2@63.187C soc0@63.875C gpu@65.687C tj@65.687C soc1@62.875C VDD_IN 17850mW/17541mW VDD_CPU_GPU_CV 8784mW/8356mW VDD_SOC 3955mW/4010mW
08-11-2026 18:05:14 RAM 7117/7607MB (lfb 1x1MB) SWAP 1427/16384MB (cached 131MB) CPU [2%@729,2%@729,0%@729,2%@729,0%@1344,92%@1344] GR3D_FREQ 97% cpu@64.218C soc2@63.218C soc0@63.968C gpu@65.875C tj@65.875C soc1@62.937C VDD_IN 17811mW/17541mW VDD_CPU_GPU_CV 8744mW/8357mW VDD_SOC 3955mW/4010mW
08-11-2026 18:05:15 RAM 7118/7607MB (lfb 1x1MB) SWAP 1427/16384MB (cached 131MB) CPU [3%@1344,4%@1344,3%@1344,3%@1344,0%@1344,92%@1344] GR3D_FREQ 98% cpu@64C soc2@63.187C soc0@63.937C gpu@65.968C tj@65.968C soc1@63C VDD_IN 17889mW/17542mW VDD_CPU_GPU_CV 8784mW/8358mW VDD_SOC 3995mW/4010mW
08-11-2026 18:05:16 RAM 7119/7607MB (lfb 1x1MB) SWAP 1427/16384MB (cached 131MB) CPU [6%@729,4%@729,11%@729,9%@729,0%@1344,92%@1344] GR3D_FREQ 97% cpu@64.218C soc2@63.281C soc0@63.968C gpu@65.875C tj@65.875C soc1@63.062C VDD_IN 17811mW/17542mW VDD_CPU_GPU_CV 8666mW/8358mW VDD_SOC 4034mW/4010mW
08-11-2026 18:05:17 RAM 7120/7607MB (lfb 1x1MB) SWAP 1427/16384MB (cached 131MB) CPU [3%@729,2%@729,2%@729,2%@729,0%@1344,93%@1344] GR3D_FREQ 98% cpu@64C soc2@63.187C soc0@64.062C gpu@65.843C tj@65.843C soc1@62.906C VDD_IN 17172mW/17542mW VDD_CPU_GPU_CV 8446mW/8359mW VDD_SOC 3805mW/4010mW
08-11-2026 18:05:18 RAM 7088/7607MB (lfb 1x1MB) SWAP 1427/16384MB (cached 131MB) CPU [13%@1344,25%@1344,5%@1344,22%@1344,17%@1344,26%@1344] GR3D_FREQ 0% cpu@63.437C soc2@62.593C soc0@63.687C gpu@63.625C tj@63.625C soc1@62.812C VDD_IN 9180mW/17526mW VDD_CPU_GPU_CV 2976mW/8349mW VDD_SOC 2460mW/4007mW
08-11-2026 18:05:19 RAM 7154/7607MB (lfb 1x1MB) SWAP 1427/16384MB (cached 131MB) CPU [71%@1344,71%@1344,72%@1344,99%@1344,72%@729,72%@729] GR3D_FREQ 97% cpu@63.562C soc2@62.437C soc0@63.343C gpu@63.968C tj@63.968C soc1@62.687C VDD_IN 10515mW/17513mW VDD_CPU_GPU_CV 3796mW/8340mW VDD_SOC 2261mW/4004mW
08-11-2026 18:05:20 RAM 7155/7607MB (lfb 3x4MB) SWAP 1427/16384MB (cached 131MB) CPU [5%@1344,3%@1344,2%@1344,92%@1344,3%@729,0%@729] GR3D_FREQ 99% cpu@63.687C soc2@62.781C soc0@63.437C gpu@64.531C tj@64.531C soc1@62.656C VDD_IN 17054mW/17512mW VDD_CPU_GPU_CV 7820mW/8339mW VDD_SOC 4001mW/4004mW
08-11-2026 18:05:21 RAM 7159/7607MB (lfb 2x4MB) SWAP 1427/16384MB (cached 131MB) CPU [7%@1344,10%@1344,4%@1344,93%@1344,10%@729,1%@729] GR3D_FREQ 99% cpu@64.125C soc2@62.968C soc0@63.625C gpu@65.218C tj@65.218C soc1@62.75C VDD_IN 17615mW/17512mW VDD_CPU_GPU_CV 8588mW/8340mW VDD_SOC 3962mW/4003mW
08-11-2026 18:05:22 RAM 7159/7607MB (lfb 2x4MB) SWAP 1427/16384MB (cached 131MB) CPU [5%@1344,1%@1344,2%@1344,92%@1344,0%@729,0%@729] GR3D_FREQ 99% cpu@63.718C soc2@63.031C soc0@63.812C gpu@65.343C tj@65.343C soc1@62.593C VDD_IN 17811mW/17513mW VDD_CPU_GPU_CV 8666mW/8340mW VDD_SOC 3995mW/4003mW
08-11-2026 18:05:23 RAM 7159/7607MB (lfb 2x4MB) SWAP 1427/16384MB (cached 131MB) CPU [2%@1036,2%@1036,0%@1036,95%@1036,0%@729,0%@729] GR3D_FREQ 99% cpu@63.781C soc2@62.968C soc0@63.562C gpu@65.375C tj@65.375C soc1@62.687C VDD_IN 17772mW/17513mW VDD_CPU_GPU_CV 8744mW/8341mW VDD_SOC 3955mW/4003mW
08-11-2026 18:05:24 RAM 7159/7607MB (lfb 2x4MB) SWAP 1427/16384MB (cached 131MB) CPU [1%@1344,2%@1344,2%@1344,97%@1344,0%@729,0%@729] GR3D_FREQ 97% cpu@64.156C soc2@63.062C soc0@63.656C gpu@65.468C tj@65.468C soc1@62.718C VDD_IN 17889mW/17514mW VDD_CPU_GPU_CV 8862mW/8342mW VDD_SOC 3955mW/4003mW
08-11-2026 18:05:25 RAM 7159/7607MB (lfb 2x4MB) SWAP 1427/16384MB (cached 131MB) CPU [2%@1344,2%@1344,2%@1344,92%@1344,0%@729,0%@729] GR3D_FREQ 97% cpu@63.937C soc2@62.968C soc0@63.656C gpu@65.468C tj@65.468C soc1@62.75C VDD_IN 17811mW/17515mW VDD_CPU_GPU_CV 8784mW/8343mW VDD_SOC 3955mW/4003mW
08-11-2026 18:05:26 RAM 7161/7607MB (lfb 2x4MB) SWAP 1427/16384MB (cached 131MB) CPU [6%@1344,6%@1344,15%@1344,92%@1344,2%@729,2%@729] GR3D_FREQ 97% cpu@64.218C soc2@63.062C soc0@63.687C gpu@65.5C tj@65.5C soc1@62.812C VDD_IN 18007mW/17516mW VDD_CPU_GPU_CV 8901mW/8344mW VDD_SOC 3995mW/4003mW
08-11-2026 18:05:27 RAM 7161/7607MB (lfb 2x4MB) SWAP 1427/16384MB (cached 131MB) CPU [2%@1344,2%@1344,1%@1344,92%@1344,1%@729,0%@729] GR3D_FREQ 97% cpu@63.781C soc2@63.031C soc0@63.75C gpu@65.5C tj@65.5C soc1@62.656C VDD_IN 17811mW/17516mW VDD_CPU_GPU_CV 8705mW/8344mW VDD_SOC 3995mW/4003mW
08-11-2026 18:05:28 RAM 7161/7607MB (lfb 2x4MB) SWAP 1427/16384MB (cached 131MB) CPU [0%@1344,2%@1344,1%@1344,93%@1344,1%@729,1%@729] GR3D_FREQ 97% cpu@64.031C soc2@62.937C soc0@63.593C gpu@65.5C tj@65.5C soc1@62.687C VDD_IN 17850mW/17517mW VDD_CPU_GPU_CV 8666mW/8345mW VDD_SOC 3995mW/4003mW
08-11-2026 18:05:29 RAM 7162/7607MB (lfb 2x4MB) SWAP 1427/16384MB (cached 131MB) CPU [2%@1344,2%@1344,1%@1344,91%@1344,1%@729,0%@729] GR3D_FREQ 97% cpu@64.125C soc2@63.031C soc0@63.562C gpu@65.437C tj@65.343C soc1@62.687C VDD_IN 17772mW/17517mW VDD_CPU_GPU_CV 8549mW/8345mW VDD_SOC 4034mW/4003mW
08-11-2026 18:05:30 RAM 7162/7607MB (lfb 2x4MB) SWAP 1427/16384MB (cached 131MB) CPU [4%@1344,0%@1344,2%@1344,92%@1344,0%@729,0%@729] GR3D_FREQ 97% cpu@64.031C soc2@63C soc0@63.625C gpu@65.25C tj@65.25C soc1@62.687C VDD_IN 17732mW/17518mW VDD_CPU_GPU_CV 8432mW/8346mW VDD_SOC 4073mW/4003mW
08-11-2026 18:05:31 RAM 7165/7607MB (lfb 2x4MB) SWAP 1427/16384MB (cached 131MB) CPU [5%@1344,4%@1344,6%@1344,92%@1344,8%@1344,3%@1344] GR3D_FREQ 97% cpu@64.375C soc2@63C soc0@63.781C gpu@65.343C tj@65.343C soc1@62.812C VDD_IN 18007mW/17518mW VDD_CPU_GPU_CV 8549mW/8346mW VDD_SOC 4112mW/4004mW
08-11-2026 18:05:32 RAM 7165/7607MB (lfb 2x4MB) SWAP 1427/16384MB (cached 131MB) CPU [5%@1344,4%@1344,2%@1344,92%@1344,0%@729,1%@729] GR3D_FREQ 97% cpu@63.906C soc2@63.062C soc0@63.656C gpu@65.25C tj@65.25C soc1@62.781C VDD_IN 17732mW/17519mW VDD_CPU_GPU_CV 8198mW/8346mW VDD_SOC 4151mW/4004mW
08-11-2026 18:05:33 RAM 7165/7607MB (lfb 2x4MB) SWAP 1427/16384MB (cached 131MB) CPU [2%@1344,2%@1344,2%@1344,92%@1344,1%@729,0%@729] GR3D_FREQ 97% cpu@64.031C soc2@63.062C soc0@63.687C gpu@65.281C tj@65.281C soc1@62.75C VDD_IN 17732mW/17519mW VDD_CPU_GPU_CV 8081mW/8345mW VDD_SOC 4190mW/4004mW
08-11-2026 18:05:34 RAM 7165/7607MB (lfb 2x4MB) SWAP 1427/16384MB (cached 131MB) CPU [41%@1344,0%@1344,1%@1344,53%@1344,0%@729,0%@729] GR3D_FREQ 98% cpu@64.031C soc2@63.062C soc0@63.781C gpu@65.156C tj@65.156C soc1@62.718C VDD_IN 17654mW/17520mW VDD_CPU_GPU_CV 7886mW/8344mW VDD_SOC 4269mW/4005mW
08-11-2026 18:05:35 RAM 7166/7607MB (lfb 2x4MB) SWAP 1427/16384MB (cached 131MB) CPU [93%@1344,2%@1344,2%@1344,1%@1344,0%@729,0%@729] GR3D_FREQ 99% cpu@63.968C soc2@63.125C soc0@63.718C gpu@64.875C tj@64.875C soc1@62.718C VDD_IN 17604mW/17520mW VDD_CPU_GPU_CV 8081mW/8344mW VDD_SOC 4158mW/4005mW
08-11-2026 18:05:36 RAM 7166/7607MB (lfb 2x4MB) SWAP 1427/16384MB (cached 131MB) CPU [92%@1344,2%@1344,1%@1344,1%@1344,1%@729,0%@729] GR3D_FREQ 99% cpu@64.156C soc2@63.187C soc0@63.718C gpu@65.468C tj@65.468C soc1@62.75C VDD_IN 17604mW/17520mW VDD_CPU_GPU_CV 8549mW/8344mW VDD_SOC 3955mW/4005mW
08-11-2026 18:05:37 RAM 7170/7607MB (lfb 2x4MB) SWAP 1427/16384MB (cached 131MB) CPU [92%@1344,6%@1344,5%@1344,6%@1344,11%@729,4%@729] GR3D_FREQ 99% cpu@63.718C soc2@63.062C soc0@63.843C gpu@65.406C tj@65.406C soc1@62.875C VDD_IN 17850mW/17520mW VDD_CPU_GPU_CV 8705mW/8345mW VDD_SOC 4034mW/4005mW
08-11-2026 18:05:38 RAM 7170/7607MB (lfb 2x4MB) SWAP 1427/16384MB (cached 131MB) CPU [95%@960,2%@960,1%@960,1%@960,0%@729,1%@729] GR3D_FREQ 99% cpu@63.812C soc2@63.125C soc0@63.843C gpu@65.406C tj@65.406C soc1@62.75C VDD_IN 17772mW/17521mW VDD_CPU_GPU_CV 8744mW/8346mW VDD_SOC 3955mW/4005mW
08-11-2026 18:05:39 RAM 7170/7607MB (lfb 2x4MB) SWAP 1427/16384MB (cached 131MB) CPU [97%@1344,2%@1344,1%@1344,1%@1344,0%@729,0%@729] GR3D_FREQ 97% cpu@63.906C soc2@63.125C soc0@63.843C gpu@65.5C tj@65.781C soc1@62.75C VDD_IN 17889mW/17522mW VDD_CPU_GPU_CV 8862mW/8347mW VDD_SOC 3955mW/4005mW
08-11-2026 18:05:40 RAM 7170/7607MB (lfb 2x4MB) SWAP 1427/16384MB (cached 131MB) CPU [20%@729,1%@729,2%@729,2%@729,73%@1344,1%@1344] GR3D_FREQ 97% cpu@63.843C soc2@62.968C soc0@63.718C gpu@65.656C tj@65.656C soc1@62.781C VDD_IN 17850mW/17522mW VDD_CPU_GPU_CV 8784mW/8347mW VDD_SOC 3955mW/4005mW
08-11-2026 18:05:41 RAM 7171/7607MB (lfb 2x4MB) SWAP 1427/16384MB (cached 131MB) CPU [1%@729,3%@729,2%@729,1%@729,92%@1344,1%@1344] GR3D_FREQ 97% cpu@64.031C soc2@63.062C soc0@63.687C gpu@65.687C tj@65.687C soc1@62.75C VDD_IN 17889mW/17523mW VDD_CPU_GPU_CV 8784mW/8348mW VDD_SOC 3995mW/4005mW
08-11-2026 18:05:42 RAM 7173/7607MB (lfb 2x4MB) SWAP 1427/16384MB (cached 131MB) CPU [19%@729,6%@729,3%@729,7%@729,92%@1344,4%@1344] GR3D_FREQ 98% cpu@63.75C soc2@63.062C soc0@63.843C gpu@65.75C tj@65.75C soc1@62.781C VDD_IN 17929mW/17523mW VDD_CPU_GPU_CV 8784mW/8349mW VDD_SOC 3995mW/4005mW
08-11-2026 18:05:43 RAM 7173/7607MB (lfb 2x4MB) SWAP 1427/16384MB (cached 131MB) CPU [4%@729,1%@729,1%@729,1%@729,91%@1344,0%@1344] GR3D_FREQ 97% cpu@63.843C soc2@63.062C soc0@63.781C gpu@65.343C tj@65.343C soc1@62.75C VDD_IN 17889mW/17524mW VDD_CPU_GPU_CV 8705mW/8350mW VDD_SOC 4034mW/4005mW
08-11-2026 18:05:44 RAM 7174/7607MB (lfb 2x4MB) SWAP 1427/16384MB (cached 131MB) CPU [2%@729,2%@729,1%@729,3%@729,92%@1344,0%@1344] GR3D_FREQ 97% cpu@63.968C soc2@63C soc0@63.906C gpu@65.312C tj@65.312C soc1@62.781C VDD_IN 17850mW/17525mW VDD_CPU_GPU_CV 8549mW/8350mW VDD_SOC 4034mW/4005mW
08-11-2026 18:05:45 RAM 7174/7607MB (lfb 2x4MB) SWAP 1427/16384MB (cached 131MB) CPU [2%@729,2%@729,1%@729,2%@729,92%@1344,0%@1344] GR3D_FREQ 97% cpu@63.906C soc2@63.031C soc0@63.656C gpu@65.281C tj@65.281C soc1@62.75C VDD_IN 17732mW/17525mW VDD_CPU_GPU_CV 8432mW/8350mW VDD_SOC 4073mW/4005mW
08-11-2026 18:05:46 RAM 7175/7607MB (lfb 2x4MB) SWAP 1427/16384MB (cached 131MB) CPU [2%@729,3%@729,2%@729,1%@729,92%@1344,0%@1344] GR3D_FREQ 97% cpu@64.062C soc2@63.031C soc0@63.875C gpu@65.375C tj@65.375C soc1@62.906C VDD_IN 17772mW/17526mW VDD_CPU_GPU_CV 8354mW/8350mW VDD_SOC 4112mW/4005mW
08-11-2026 18:05:47 RAM 7175/7607MB (lfb 2x4MB) SWAP 1427/16384MB (cached 131MB) CPU [5%@729,14%@729,5%@729,9%@729,93%@1344,0%@1344] GR3D_FREQ 97% cpu@63.843C soc2@63.093C soc0@63.781C gpu@65.375C tj@65.375C soc1@62.875C VDD_IN 17889mW/17526mW VDD_CPU_GPU_CV 8354mW/8350mW VDD_SOC 4190mW/4005mW
08-11-2026 18:05:48 RAM 7176/7607MB (lfb 2x4MB) SWAP 1427/16384MB (cached 131MB) CPU [2%@729,3%@729,2%@729,2%@729,92%@1344,0%@1344] GR3D_FREQ 97% cpu@63.906C soc2@63.031C soc0@63.843C gpu@65.437C tj@65.437C soc1@62.812C VDD_IN 17693mW/17526mW VDD_CPU_GPU_CV 8042mW/8349mW VDD_SOC 4190mW/4006mW
08-11-2026 18:05:49 RAM 7176/7607MB (lfb 2x4MB) SWAP 1427/16384MB (cached 131MB) CPU [2%@729,2%@729,3%@729,4%@729,92%@1344,0%@1344] GR3D_FREQ 99% cpu@64.125C soc2@63.031C soc0@63.75C gpu@65.281C tj@65.281C soc1@62.75C VDD_IN 17654mW/17527mW VDD_CPU_GPU_CV 7808mW/8349mW VDD_SOC 4269mW/4006mW
08-11-2026 18:05:50 RAM 7177/7607MB (lfb 2x4MB) SWAP 1427/16384MB (cached 131MB) CPU [3%@729,1%@729,3%@729,1%@729,92%@1344,0%@1344] GR3D_FREQ 99% cpu@64.375C soc2@63.125C soc0@63.75C gpu@64.875C tj@64.875C soc1@62.75C VDD_IN 17575mW/17527mW VDD_CPU_GPU_CV 8198mW/8348mW VDD_SOC 4119mW/4006mW
08-11-2026 18:05:51 RAM 7177/7607MB (lfb 2x4MB) SWAP 1427/16384MB (cached 131MB) CPU [2%@1344,4%@1344,2%@1344,2%@1344,93%@1344,0%@1344] GR3D_FREQ 99% cpu@64.062C soc2@63.156C soc0@63.812C gpu@65.375C tj@65.375C soc1@62.906C VDD_IN 17575mW/17527mW VDD_CPU_GPU_CV 8549mW/8349mW VDD_SOC 3962mW/4006mW
08-11-2026 18:05:52 RAM 7178/7607MB (lfb 2x4MB) SWAP 1427/16384MB (cached 131MB) CPU [2%@1344,1%@1344,4%@1344,5%@1344,92%@1344,0%@1344] GR3D_FREQ 99% cpu@64.187C soc2@63.281C soc0@63.75C gpu@65.468C tj@65.468C soc1@62.718C VDD_IN 17889mW/17528mW VDD_CPU_GPU_CV 8705mW/8349mW VDD_SOC 4034mW/4006mW
08-11-2026 18:05:53 RAM 7181/7607MB (lfb 2x4MB) SWAP 1427/16384MB (cached 131MB) CPU [18%@729,9%@729,3%@729,4%@729,96%@1113,0%@1113] GR3D_FREQ 99% cpu@63.875C soc2@63.062C soc0@63.937C gpu@65.375C tj@65.375C soc1@62.781C VDD_IN 17772mW/17528mW VDD_CPU_GPU_CV 8744mW/8350mW VDD_SOC 3955mW/4006mW
08-11-2026 18:05:54 RAM 7182/7607MB (lfb 2x4MB) SWAP 1427/16384MB (cached 131MB) CPU [2%@729,1%@729,1%@729,2%@729,96%@1344,0%@1344] GR3D_FREQ 97% cpu@64C soc2@63.062C soc0@63.812C gpu@65.5C tj@65.5C soc1@62.75C VDD_IN 17850mW/17529mW VDD_CPU_GPU_CV 8862mW/8351mW VDD_SOC 3955mW/4006mW
08-11-2026 18:05:55 RAM 7182/7607MB (lfb 2x4MB) SWAP 1427/16384MB (cached 131MB) CPU [2%@729,1%@729,2%@729,3%@729,92%@1344,0%@1344] GR3D_FREQ 98% cpu@64.187C soc2@63.125C soc0@63.656C gpu@65.687C tj@65.687C soc1@62.812C VDD_IN 17850mW/17529mW VDD_CPU_GPU_CV 8784mW/8352mW VDD_SOC 3955mW/4006mW
08-11-2026 18:05:56 RAM 7183/7607MB (lfb 2x4MB) SWAP 1427/16384MB (cached 131MB) CPU [2%@729,2%@729,2%@729,2%@729,92%@1344,0%@1344] GR3D_FREQ 97% cpu@64.031C soc2@63.062C soc0@63.75C gpu@65.718C tj@65.718C soc1@62.875C VDD_IN 17889mW/17530mW VDD_CPU_GPU_CV 8823mW/8352mW VDD_SOC 3995mW/4006mW
08-11-2026 18:05:57 RAM 7183/7607MB (lfb 2x4MB) SWAP 1427/16384MB (cached 131MB) CPU [4%@729,1%@729,1%@729,2%@729,91%@1344,0%@1344] GR3D_FREQ 98% cpu@63.781C soc2@63.156C soc0@63.906C gpu@65.718C tj@65.718C soc1@62.812C VDD_IN 17850mW/17530mW VDD_CPU_GPU_CV 8705mW/8353mW VDD_SOC 3995mW/4006mW
08-11-2026 18:05:58 RAM 7180/7607MB (lfb 2x4MB) SWAP 1427/16384MB (cached 131MB) CPU [17%@729,11%@729,6%@729,2%@729,92%@1344,0%@1344] GR3D_FREQ 97% cpu@63.906C soc2@63.093C soc0@63.937C gpu@65.75C tj@65.75C soc1@62.812C VDD_IN 17929mW/17531mW VDD_CPU_GPU_CV 8744mW/8354mW VDD_SOC 4034mW/4006mW
08-11-2026 18:05:59 RAM 7181/7607MB (lfb 2x4MB) SWAP 1427/16384MB (cached 131MB) CPU [3%@729,1%@729,1%@729,1%@729,93%@1344,0%@1344] GR3D_FREQ 97% cpu@64C soc2@63.062C soc0@63.781C gpu@65.656C tj@65.656C soc1@62.812C VDD_IN 17850mW/17531mW VDD_CPU_GPU_CV 8549mW/8354mW VDD_SOC 4073mW/4006mW
08-11-2026 18:06:00 RAM 7181/7607MB (lfb 2x4MB) SWAP 1427/16384MB (cached 131MB) CPU [2%@729,3%@729,2%@729,2%@729,92%@1344,1%@1344] GR3D_FREQ 97% cpu@64.156C soc2@63.062C soc0@63.75C gpu@65.687C tj@65.687C soc1@62.812C VDD_IN 17772mW/17532mW VDD_CPU_GPU_CV 8471mW/8354mW VDD_SOC 4073mW/4006mW
08-11-2026 18:06:01 RAM 7182/7607MB (lfb 2x4MB) SWAP 1427/16384MB (cached 131MB) CPU [5%@729,1%@729,1%@729,1%@729,92%@1344,1%@1344] GR3D_FREQ 97% cpu@64.031C soc2@63.062C soc0@63.718C gpu@65.406C tj@65.406C soc1@62.937C VDD_IN 17811mW/17532mW VDD_CPU_GPU_CV 8354mW/8354mW VDD_SOC 4112mW/4006mW
08-11-2026 18:06:02 RAM 7182/7607MB (lfb 2x4MB) SWAP 1427/16384MB (cached 131MB) CPU [2%@729,1%@729,1%@729,1%@729,92%@1344,0%@1344] GR3D_FREQ 97% cpu@63.968C soc2@63.093C soc0@63.906C gpu@65.281C tj@65.281C soc1@62.781C VDD_IN 17693mW/17533mW VDD_CPU_GPU_CV 8159mW/8354mW VDD_SOC 4151mW/4007mW
08-11-2026 18:06:03 RAM 7185/7607MB (lfb 2x4MB) SWAP 1427/16384MB (cached 131MB) CPU [4%@729,12%@729,7%@729,11%@729,92%@1344,1%@1344] GR3D_FREQ 97% cpu@64.031C soc2@63.125C soc0@63.781C gpu@65.468C tj@65.468C soc1@62.812C VDD_IN 17889mW/17533mW VDD_CPU_GPU_CV 8198mW/8354mW VDD_SOC 4230mW/4007mW
08-11-2026 18:06:04 RAM 7186/7607MB (lfb 1x4MB) SWAP 1427/16384MB (cached 131MB) CPU [2%@729,1%@729,2%@729,5%@729,92%@1344,0%@1344] GR3D_FREQ 99% cpu@64.218C soc2@63.125C soc0@63.843C gpu@65.406C tj@65.406C soc1@62.812C VDD_IN 17693mW/17534mW VDD_CPU_GPU_CV 7847mW/8353mW VDD_SOC 4269mW/4008mW
08-11-2026 18:06:05 RAM 7186/7607MB (lfb 1x4MB) SWAP 1427/16384MB (cached 131MB) CPU [1%@729,2%@729,2%@729,0%@729,92%@1344,0%@1344] GR3D_FREQ 99% cpu@64.343C soc2@63.187C soc0@63.906C gpu@65.406C tj@65.406C soc1@62.843C VDD_IN 17615mW/17534mW VDD_CPU_GPU_CV 8198mW/8352mW VDD_SOC 4158mW/4008mW
08-11-2026 18:06:06 RAM 7186/7607MB (lfb 1x4MB) SWAP 1427/16384MB (cached 131MB) CPU [3%@729,3%@729,3%@729,1%@729,93%@1344,1%@1344] GR3D_FREQ 99% cpu@63.875C soc2@63.031C soc0@63.937C gpu@65.437C tj@65.437C soc1@62.718C VDD_IN 17575mW/17534mW VDD_CPU_GPU_CV 8549mW/8353mW VDD_SOC 3962mW/4008mW
08-11-2026 18:06:07 RAM 7187/7607MB (lfb 1x4MB) SWAP 1427/16384MB (cached 131MB) CPU [2%@729,2%@729,1%@729,2%@729,92%@1344,1%@1344] GR3D_FREQ 99% cpu@63.937C soc2@63.187C soc0@63.625C gpu@65.656C tj@65.656C soc1@62.781C VDD_IN 17772mW/17534mW VDD_CPU_GPU_CV 8666mW/8353mW VDD_SOC 4034mW/4008mW
08-11-2026 18:06:08 RAM 7187/7607MB (lfb 1x4MB) SWAP 1427/16384MB (cached 131MB) CPU [7%@960,1%@960,5%@960,9%@960,95%@883,1%@883] GR3D_FREQ 98% cpu@64.437C soc2@63.218C soc0@63.781C gpu@65.531C tj@65.531C soc1@62.812C VDD_IN 18007mW/17535mW VDD_CPU_GPU_CV 8940mW/8354mW VDD_SOC 3995mW/4008mW
08-11-2026 18:06:09 RAM 7188/7607MB (lfb 1x4MB) SWAP 1427/16384MB (cached 131MB) CPU [4%@729,4%@729,2%@729,8%@729,97%@1344,0%@1344] GR3D_FREQ 97% cpu@63.875C soc2@63.062C soc0@63.812C gpu@65.562C tj@65.562C soc1@62.843C VDD_IN 17929mW/17536mW VDD_CPU_GPU_CV 8901mW/8355mW VDD_SOC 3955mW/4008mW
08-11-2026 18:06:10 RAM 7189/7607MB (lfb 1x4MB) SWAP 1427/16384MB (cached 131MB) CPU [2%@729,2%@729,2%@729,1%@729,93%@1344,0%@1344] GR3D_FREQ 98% cpu@63.875C soc2@63.156C soc0@63.843C gpu@65.625C tj@65.625C soc1@62.687C VDD_IN 17850mW/17536mW VDD_CPU_GPU_CV 8784mW/8356mW VDD_SOC 3955mW/4008mW
08-11-2026 18:06:11 RAM 7189/7607MB (lfb 1x4MB) SWAP 1427/16384MB (cached 131MB) CPU [2%@729,0%@729,1%@729,2%@729,90%@1344,0%@1344] GR3D_FREQ 98% cpu@63.843C soc2@63.093C soc0@63.906C gpu@65.656C tj@65.656C soc1@62.812C VDD_IN 17889mW/17537mW VDD_CPU_GPU_CV 8823mW/8357mW VDD_SOC 3955mW/4007mW
08-11-2026 18:06:12 RAM 7190/7607MB (lfb 1x4MB) SWAP 1427/16384MB (cached 131MB) CPU [3%@729,3%@729,1%@729,2%@729,92%@1344,1%@1344] GR3D_FREQ 97% cpu@63.937C soc2@63.062C soc0@63.75C gpu@65.343C tj@65.343C soc1@62.812C VDD_IN 17889mW/17537mW VDD_CPU_GPU_CV 8705mW/8357mW VDD_SOC 3995mW/4007mW
08-11-2026 18:06:13 RAM 7190/7607MB (lfb 1x4MB) SWAP 1427/16384MB (cached 131MB) CPU [1%@729,1%@729,1%@729,1%@729,92%@1344,0%@1344] GR3D_FREQ 97% cpu@64.125C soc2@63.062C soc0@63.875C gpu@65.375C tj@65.375C soc1@62.875C VDD_IN 17850mW/17538mW VDD_CPU_GPU_CV 8666mW/8358mW VDD_SOC 3995mW/4007mW
08-11-2026 18:06:14 RAM 7192/7607MB (lfb 3x1MB) SWAP 1427/16384MB (cached 131MB) CPU [7%@729,6%@729,2%@729,17%@729,93%@1344,1%@1344] GR3D_FREQ 97% cpu@63.843C soc2@63.093C soc0@63.781C gpu@65.437C tj@65.437C soc1@62.906C VDD_IN 17889mW/17539mW VDD_CPU_GPU_CV 8627mW/8358mW VDD_SOC 4034mW/4007mW
08-11-2026 18:06:15 RAM 7193/7607MB (lfb 3x1MB) SWAP 1427/16384MB (cached 131MB) CPU [1%@729,5%@729,2%@729,1%@729,92%@1344,0%@1344] GR3D_FREQ 97% cpu@63.843C soc2@63.125C soc0@63.875C gpu@65.375C tj@65.375C soc1@62.75C VDD_IN 17772mW/17539mW VDD_CPU_GPU_CV 8432mW/8359mW VDD_SOC 4073mW/4008mW
08-11-2026 18:06:16 RAM 7193/7607MB (lfb 2x1MB) SWAP 1427/16384MB (cached 131MB) CPU [2%@729,3%@729,1%@729,1%@729,92%@1344,1%@1344] GR3D_FREQ 98% cpu@64C soc2@63.062C soc0@63.875C gpu@65.531C tj@65.531C soc1@62.812C VDD_IN 17772mW/17539mW VDD_CPU_GPU_CV 8393mW/8359mW VDD_SOC 4112mW/4008mW
08-11-2026 18:06:17 RAM 7194/7607MB (lfb 2x1MB) SWAP 1427/16384MB (cached 131MB) CPU [3%@729,1%@729,2%@729,0%@729,92%@1344,1%@1344] GR3D_FREQ 98% cpu@64.343C soc2@63.062C soc0@63.843C gpu@65.593C tj@65.593C soc1@62.875C VDD_IN 17732mW/17540mW VDD_CPU_GPU_CV 8198mW/8358mW VDD_SOC 4151mW/4008mW
08-11-2026 18:06:18 RAM 7194/7607MB (lfb 2x1MB) SWAP 1427/16384MB (cached 131MB) CPU [2%@1344,2%@1344,1%@1344,1%@1344,93%@1344,2%@1344] GR3D_FREQ 97% cpu@64.062C soc2@63.062C soc0@63.781C gpu@65.562C tj@65.562C soc1@62.812C VDD_IN 17772mW/17540mW VDD_CPU_GPU_CV 8120mW/8358mW VDD_SOC 4190mW/4008mW
08-11-2026 18:06:19 RAM 7194/7607MB (lfb 2x1MB) SWAP 1427/16384MB (cached 131MB) CPU [5%@729,9%@729,18%@729,7%@729,92%@1344,1%@1344] GR3D_FREQ 98% cpu@64.062C soc2@63.218C soc0@63.937C gpu@65.531C tj@65.531C soc1@62.718C VDD_IN 17811mW/17540mW VDD_CPU_GPU_CV 8003mW/8357mW VDD_SOC 4269mW/4009mW
08-11-2026 18:06:20 RAM 7194/7607MB (lfb 2x1MB) SWAP 1427/16384MB (cached 131MB) CPU [2%@729,3%@729,1%@729,2%@729,92%@1344,1%@1344] GR3D_FREQ 99% cpu@64.125C soc2@63.093C soc0@63.937C gpu@64.937C tj@64.937C soc1@62.781C VDD_IN 17615mW/17541mW VDD_CPU_GPU_CV 8081mW/8357mW VDD_SOC 4151mW/4009mW
08-11-2026 18:06:21 RAM 7195/7607MB (lfb 2x1MB) SWAP 1427/16384MB (cached 131MB) CPU [2%@729,0%@729,1%@729,1%@729,92%@1344,1%@1344] GR3D_FREQ 99% cpu@64.031C soc2@63.125C soc0@63.718C gpu@65.375C tj@65.375C soc1@62.812C VDD_IN 17615mW/17541mW VDD_CPU_GPU_CV 8510mW/8357mW VDD_SOC 3995mW/4009mW
08-11-2026 18:06:22 RAM 7171/7607MB (lfb 2x1MB) SWAP 1427/16384MB (cached 131MB) CPU [4%@729,2%@729,0%@729,4%@729,92%@1344,1%@1344] GR3D_FREQ 99% cpu@64.156C soc2@63.187C soc0@63.812C gpu@65.531C tj@65.531C soc1@62.812C VDD_IN 17772mW/17541mW VDD_CPU_GPU_CV 8627mW/8358mW VDD_SOC 4034mW/4009mW
08-11-2026 18:06:23 RAM 7177/7607MB (lfb 2x1MB) SWAP 1427/16384MB (cached 131MB) CPU [2%@729,1%@729,2%@729,2%@729,94%@806,0%@806] GR3D_FREQ 99% cpu@64.125C soc2@63.156C soc0@63.843C gpu@65.531C tj@65.531C soc1@62.875C VDD_IN 17968mW/17542mW VDD_CPU_GPU_CV 8901mW/8358mW VDD_SOC 3995mW/4009mW
08-11-2026 18:06:24 RAM 7184/7607MB (lfb 2x1MB) SWAP 1427/16384MB (cached 131MB) CPU [4%@729,17%@729,5%@729,6%@729,98%@1344,2%@1344] GR3D_FREQ 97% cpu@63.843C soc2@63.156C soc0@63.812C gpu@65.593C tj@65.593C soc1@62.75C VDD_IN 18125mW/17543mW VDD_CPU_GPU_CV 9081mW/8360mW VDD_SOC 3955mW/4009mW
08-11-2026 18:06:25 RAM 7184/7607MB (lfb 2x1MB) SWAP 1427/16384MB (cached 131MB) CPU [2%@729,3%@729,1%@729,1%@729,91%@1344,1%@1344] GR3D_FREQ 97% cpu@63.937C soc2@63.062C soc0@63.906C gpu@65.843C tj@65.843C soc1@62.812C VDD_IN 17889mW/17543mW VDD_CPU_GPU_CV 8784mW/8360mW VDD_SOC 3955mW/4009mW
08-11-2026 18:06:26 RAM 7185/7607MB (lfb 2x1MB) SWAP 1427/16384MB (cached 131MB) CPU [4%@729,1%@729,2%@729,1%@729,93%@1344,3%@1344] GR3D_FREQ 98% cpu@64.093C soc2@63.125C soc0@63.718C gpu@65.812C tj@65.812C soc1@62.843C VDD_IN 17889mW/17544mW VDD_CPU_GPU_CV 8823mW/8361mW VDD_SOC 3995mW/4009mW
08-11-2026 18:06:27 RAM 7186/7607MB (lfb 2x1MB) SWAP 1427/16384MB (cached 131MB) CPU [3%@1113,3%@1113,2%@1113,1%@1113,92%@1344,0%@1344] GR3D_FREQ 98% cpu@64.25C soc2@63.156C soc0@63.781C gpu@65.843C tj@65.843C soc1@62.906C VDD_IN 17850mW/17544mW VDD_CPU_GPU_CV 8705mW/8362mW VDD_SOC 3995mW/4009mW
08-11-2026 18:06:28 RAM 7186/7607MB (lfb 2x1MB) SWAP 1427/16384MB (cached 131MB) CPU [3%@1190,2%@1190,2%@1190,2%@1190,92%@1344,0%@1344] GR3D_FREQ 97% cpu@63.843C soc2@63.156C soc0@63.906C gpu@65.812C tj@65.812C soc1@63.093C VDD_IN 17889mW/17545mW VDD_CPU_GPU_CV 8705mW/8362mW VDD_SOC 3995mW/4009mW
08-11-2026 18:06:29 RAM 7187/7607MB (lfb 2x1MB) SWAP 1427/16384MB (cached 131MB) CPU [2%@1344,2%@1344,2%@1344,3%@1344,92%@1344,0%@1344] GR3D_FREQ 97% cpu@64.031C soc2@63.031C soc0@63.968C gpu@65.562C tj@65.562C soc1@62.781C VDD_IN 17850mW/17546mW VDD_CPU_GPU_CV 8588mW/8363mW VDD_SOC 4034mW/4009mW
08-11-2026 18:06:30 RAM 7192/7607MB (lfb 2x1MB) SWAP 1427/16384MB (cached 131MB) CPU [18%@729,8%@729,5%@729,7%@729,93%@1344,0%@1344] GR3D_FREQ 97% cpu@64.25C soc2@63.218C soc0@63.812C gpu@65.75C tj@65.75C soc1@62.812C VDD_IN 17811mW/17546mW VDD_CPU_GPU_CV 8471mW/8363mW VDD_SOC 4073mW/4009mW
08-11-2026 18:06:31 RAM 7192/7607MB (lfb 2x1MB) SWAP 1427/16384MB (cached 131MB) CPU [3%@1113,2%@1113,2%@1113,2%@1113,92%@1344,0%@1344] GR3D_FREQ 97% cpu@63.968C soc2@63.062C soc0@63.906C gpu@65.75C tj@65.75C soc1@62.937C VDD_IN 17811mW/17546mW VDD_CPU_GPU_CV 8393mW/8363mW VDD_SOC 4112mW/4009mW
08-11-2026 18:06:33 RAM 7193/7607MB (lfb 2x1MB) SWAP 1426/16384MB (cached 131MB) CPU [2%@1344,2%@1344,2%@1344,4%@1344,92%@1344,0%@1344] GR3D_FREQ 99% cpu@64.031C soc2@63.187C soc0@63.906C gpu@65.718C tj@65.312C soc1@62.75C VDD_IN 17732mW/17547mW VDD_CPU_GPU_CV 8198mW/8363mW VDD_SOC 4151mW/4009mW
08-11-2026 18:06:34 RAM 7193/7607MB (lfb 2x1MB) SWAP 1426/16384MB (cached 131MB) CPU [1%@729,1%@729,1%@729,2%@729,92%@1344,1%@1344] GR3D_FREQ 97% cpu@64.156C soc2@63.093C soc0@63.812C gpu@65.312C tj@65.312C soc1@62.781C VDD_IN 17732mW/17547mW VDD_CPU_GPU_CV 8120mW/8362mW VDD_SOC 4190mW/4010mW
08-11-2026 18:06:35 RAM 7193/7607MB (lfb 2x1MB) SWAP 1426/16384MB (cached 131MB) CPU [2%@1344,3%@1344,2%@1344,1%@1344,93%@1344,0%@1344] GR3D_FREQ 98% cpu@64.125C soc2@63.062C soc0@63.843C gpu@65.218C tj@65.218C soc1@62.843C VDD_IN 17575mW/17547mW VDD_CPU_GPU_CV 7847mW/8361mW VDD_SOC 4230mW/4010mW
08-11-2026 18:06:36 RAM 7189/7607MB (lfb 1x1MB) SWAP 1426/16384MB (cached 131MB) CPU [1%@1344,8%@1344,10%@1344,19%@1344,92%@1344,1%@1344] GR3D_FREQ 99% cpu@64.312C soc2@63.25C soc0@63.875C gpu@65C tj@65C soc1@62.968C VDD_IN 17536mW/17547mW VDD_CPU_GPU_CV 8159mW/8361mW VDD_SOC 4119mW/4010mW
08-11-2026 18:06:37 RAM 7188/7607MB (lfb 1x1MB) SWAP 1426/16384MB (cached 131MB) CPU [1%@729,1%@729,4%@729,2%@729,92%@1344,0%@1344] GR3D_FREQ 99% cpu@63.906C soc2@63.187C soc0@63.781C gpu@65.75C tj@65.75C soc1@62.781C VDD_IN 17419mW/17547mW VDD_CPU_GPU_CV 8471mW/8361mW VDD_SOC 3962mW/4010mW
08-11-2026 18:06:38 RAM 7189/7607MB (lfb 1x1MB) SWAP 1426/16384MB (cached 131MB) CPU [1%@1344,2%@1344,5%@1344,3%@1344,92%@1344,0%@1344] GR3D_FREQ 99% cpu@64C soc2@63.156C soc0@63.75C gpu@65.312C tj@65.312C soc1@62.812C VDD_IN 17693mW/17547mW VDD_CPU_GPU_CV 8588mW/8362mW VDD_SOC 4034mW/4010mW
08-11-2026 18:06:39 RAM 7189/7607MB (lfb 1x1MB) SWAP 1426/16384MB (cached 131MB) CPU [3%@729,2%@729,0%@729,4%@729,95%@883,0%@883] GR3D_FREQ 98% cpu@64.062C soc2@63.093C soc0@63.812C gpu@65.187C tj@65.187C soc1@62.843C VDD_IN 17575mW/17547mW VDD_CPU_GPU_CV 8627mW/8362mW VDD_SOC 3962mW/4010mW
08-11-2026 18:06:40 RAM 7190/7607MB (lfb 1x1MB) SWAP 1426/16384MB (cached 131MB) CPU [2%@729,1%@729,1%@729,4%@729,97%@1344,0%@1344] GR3D_FREQ 97% cpu@63.875C soc2@63.031C soc0@63.781C gpu@65.312C tj@65.312C soc1@62.843C VDD_IN 17693mW/17547mW VDD_CPU_GPU_CV 8744mW/8363mW VDD_SOC 3916mW/4010mW
08-11-2026 18:06:41 RAM 7194/7607MB (lfb 1x1MB) SWAP 1426/16384MB (cached 131MB) CPU [13%@729,15%@729,2%@729,3%@729,92%@1344,0%@1344] GR3D_FREQ 99% cpu@64.281C soc2@63.218C soc0@63.875C gpu@65.343C tj@65.343C soc1@62.906C VDD_IN 17889mW/17548mW VDD_CPU_GPU_CV 8823mW/8363mW VDD_SOC 3955mW/4010mW
08-11-2026 18:06:42 RAM 7195/7607MB (lfb 1x1MB) SWAP 1426/16384MB (cached 131MB) CPU [1%@729,3%@729,1%@729,2%@729,91%@1344,0%@1344] GR3D_FREQ 97% cpu@63.812C soc2@63.25C soc0@63.937C gpu@65.343C tj@65.343C soc1@62.812C VDD_IN 17772mW/17548mW VDD_CPU_GPU_CV 8666mW/8364mW VDD_SOC 3955mW/4010mW
08-11-2026 18:06:43 RAM 7195/7607MB (lfb 1x1MB) SWAP 1426/16384MB (cached 131MB) CPU [3%@729,0%@729,3%@729,2%@729,92%@1344,0%@1344] GR3D_FREQ 98% cpu@63.843C soc2@63.218C soc0@63.75C gpu@65.5C tj@65.5C soc1@62.812C VDD_IN 17693mW/17548mW VDD_CPU_GPU_CV 8588mW/8364mW VDD_SOC 3995mW/4010mW
08-11-2026 18:06:44 RAM 7195/7607MB (lfb 1x1MB) SWAP 1426/16384MB (cached 131MB) CPU [1%@729,1%@729,1%@729,3%@729,92%@1344,1%@1344] GR3D_FREQ 97% cpu@64.125C soc2@63.093C soc0@63.843C gpu@65.656C tj@65.656C soc1@62.812C VDD_IN 17732mW/17549mW VDD_CPU_GPU_CV 8549mW/8365mW VDD_SOC 3995mW/4010mW
08-11-2026 18:06:45 RAM 7196/7607MB (lfb 1x1MB) SWAP 1426/16384MB (cached 131MB) CPU [2%@729,1%@729,2%@729,1%@729,93%@1344,0%@1344] GR3D_FREQ 97% cpu@63.781C soc2@63.125C soc0@63.812C gpu@65.562C tj@65.562C soc1@62.875C VDD_IN 17654mW/17549mW VDD_CPU_GPU_CV 8432mW/8365mW VDD_SOC 4040mW/4010mW
08-11-2026 18:06:46 RAM 7197/7607MB (lfb 1x1MB) SWAP 1426/16384MB (cached 131MB) CPU [3%@729,5%@1344,4%@1344,6%@1344,92%@1344,0%@1344] GR3D_FREQ 97% cpu@64.062C soc2@63.187C soc0@63.875C gpu@65.531C tj@65.531C soc1@62.875C VDD_IN 17772mW/17549mW VDD_CPU_GPU_CV 8471mW/8365mW VDD_SOC 4073mW/4010mW
08-11-2026 18:06:47 RAM 7196/7607MB (lfb 1x1MB) SWAP 1426/16384MB (cached 131MB) CPU [3%@729,5%@729,7%@729,12%@729,92%@1344,0%@1344] GR3D_FREQ 97% cpu@64C soc2@63.125C soc0@63.875C gpu@65.593C tj@65.437C soc1@62.812C VDD_IN 17693mW/17550mW VDD_CPU_GPU_CV 8315mW/8365mW VDD_SOC 4119mW/4010mW
08-11-2026 18:06:48 RAM 7196/7607MB (lfb 1x1MB) SWAP 1426/16384MB (cached 131MB) CPU [5%@729,1%@729,3%@729,2%@729,92%@1344,1%@1344] GR3D_FREQ 97% cpu@64.031C soc2@63.093C soc0@63.75C gpu@65.343C tj@65.343C soc1@62.812C VDD_IN 17536mW/17550mW VDD_CPU_GPU_CV 8081mW/8364mW VDD_SOC 4158mW/4010mW
08-11-2026 18:06:49 RAM 7197/7607MB (lfb 1x1MB) SWAP 1426/16384MB (cached 131MB) CPU [1%@1113,2%@1113,2%@1113,0%@1113,92%@1344,4%@1344] GR3D_FREQ 98% cpu@64.125C soc2@63.093C soc0@63.843C gpu@65.375C tj@65.375C soc1@62.843C VDD_IN 17575mW/17550mW VDD_CPU_GPU_CV 8003mW/8364mW VDD_SOC 4190mW/4010mW
08-11-2026 18:06:50 RAM 7197/7607MB (lfb 1x1MB) SWAP 1426/16384MB (cached 131MB) CPU [1%@729,0%@729,3%@729,3%@729,92%@1344,0%@1344] GR3D_FREQ 99% cpu@64.468C soc2@63.187C soc0@63.843C gpu@65.187C tj@65.187C soc1@62.875C VDD_IN 17604mW/17550mW VDD_CPU_GPU_CV 7768mW/8363mW VDD_SOC 4276mW/4011mW
08-11-2026 18:06:51 RAM 7198/7607MB (lfb 1x1MB) SWAP 1426/16384MB (cached 131MB) CPU [2%@729,1%@729,2%@729,1%@729,92%@1344,0%@1344] GR3D_FREQ 99% cpu@64.187C soc2@63.156C soc0@63.843C gpu@65.062C tj@65.062C soc1@62.968C VDD_IN 17447mW/17549mW VDD_CPU_GPU_CV 8159mW/8362mW VDD_SOC 4080mW/4011mW
08-11-2026 18:06:52 RAM 7202/7607MB (lfb 1x1MB) SWAP 1426/16384MB (cached 131MB) CPU [9%@729,6%@729,22%@729,3%@729,92%@1344,0%@1344] GR3D_FREQ 99% cpu@64C soc2@63.125C soc0@63.906C gpu@65.437C tj@65.437C soc1@62.812C VDD_IN 17526mW/17549mW VDD_CPU_GPU_CV 8510mW/8363mW VDD_SOC 3962mW/4011mW
08-11-2026 18:06:53 RAM 7203/7607MB (lfb 1x1MB) SWAP 1426/16384MB (cached 131MB) CPU [2%@729,1%@729,3%@729,1%@729,91%@1344,0%@1344] GR3D_FREQ 99% cpu@63.875C soc2@63.125C soc0@63.812C gpu@65.562C tj@65.562C soc1@62.843C VDD_IN 17772mW/17550mW VDD_CPU_GPU_CV 8588mW/8363mW VDD_SOC 4034mW/4011mW
08-11-2026 18:06:54 RAM 7203/7607MB (lfb 1x1MB) SWAP 1426/16384MB (cached 131MB) CPU [2%@729,1%@729,2%@729,2%@729,95%@1036,0%@1036] GR3D_FREQ 99% cpu@64.187C soc2@63.125C soc0@63.812C gpu@65.718C tj@65.718C soc1@62.812C VDD_IN 17615mW/17550mW VDD_CPU_GPU_CV 8588mW/8363mW VDD_SOC 3962mW/4011mW
08-11-2026 18:06:55 RAM 7204/7607MB (lfb 1x1MB) SWAP 1426/16384MB (cached 131MB) CPU [2%@729,3%@729,2%@729,2%@729,97%@1344,0%@1344] GR3D_FREQ 97% cpu@64.25C soc2@63.093C soc0@63.875C gpu@65.875C tj@65.875C soc1@62.875C VDD_IN 17732mW/17550mW VDD_CPU_GPU_CV 8784mW/8364mW VDD_SOC 3955mW/4011mW
08-11-2026 18:06:56 RAM 7204/7607MB (lfb 1x1MB) SWAP 1426/16384MB (cached 131MB) CPU [2%@729,2%@729,3%@729,1%@729,92%@1344,0%@1344] GR3D_FREQ 98% cpu@63.843C soc2@63.156C soc0@63.75C gpu@65.75C tj@65.75C soc1@62.75C VDD_IN 17693mW/17550mW VDD_CPU_GPU_CV 8705mW/8365mW VDD_SOC 3955mW/4011mW
08-11-2026 18:06:57 RAM 7198/7607MB (lfb 1x1MB) SWAP 1426/16384MB (cached 131MB) CPU [9%@729,5%@729,20%@729,4%@729,92%@1344,0%@1344] GR3D_FREQ 97% cpu@63.968C soc2@63.093C soc0@63.718C gpu@65.812C tj@65.812C soc1@62.812C VDD_IN 17929mW/17551mW VDD_CPU_GPU_CV 8823mW/8365mW VDD_SOC 3955mW/4011mW
08-11-2026 18:06:58 RAM 7197/7607MB (lfb 1x1MB) SWAP 1426/16384MB (cached 131MB) CPU [2%@729,1%@729,2%@729,3%@729,92%@1344,1%@1344] GR3D_FREQ 97% cpu@64.218C soc2@63.062C soc0@63.781C gpu@65.781C tj@65.781C soc1@62.906C VDD_IN 17732mW/17551mW VDD_CPU_GPU_CV 8627mW/8366mW VDD_SOC 3995mW/4011mW
08-11-2026 18:06:59 RAM 7198/7607MB (lfb 1x1MB) SWAP 1426/16384MB (cached 131MB) CPU [11%@1344,2%@1344,2%@1344,1%@1344,86%@729,1%@729] GR3D_FREQ 97% cpu@64.125C soc2@63.218C soc0@63.781C gpu@65.625C tj@65.625C soc1@62.875C VDD_IN 17732mW/17552mW VDD_CPU_GPU_CV 8588mW/8366mW VDD_SOC 3995mW/4011mW
08-11-2026 18:07:00 RAM 7196/7607MB (lfb 1x1MB) SWAP 1426/16384MB (cached 131MB) CPU [6%@729,3%@729,1%@729,3%@729,89%@1344,2%@1344] GR3D_FREQ 97% cpu@64.312C soc2@63.125C soc0@63.843C gpu@65.531C tj@65.531C soc1@63C VDD_IN 17693mW/17552mW VDD_CPU_GPU_CV 8471mW/8366mW VDD_SOC 4034mW/4011mW
08-11-2026 18:07:01 RAM 7196/7607MB (lfb 1x1MB) SWAP 1426/16384MB (cached 131MB) CPU [3%@729,1%@729,1%@729,2%@729,93%@1344,0%@1344] GR3D_FREQ 97% cpu@63.968C soc2@63.187C soc0@63.843C gpu@65.562C tj@65.562C soc1@62.812C VDD_IN 17654mW/17552mW VDD_CPU_GPU_CV 8393mW/8366mW VDD_SOC 4080mW/4011mW
08-11-2026 18:07:02 RAM 7202/7607MB (lfb 1x1MB) SWAP 1426/16384MB (cached 131MB) CPU [8%@960,1%@960,5%@960,15%@960,92%@1344,0%@1344] GR3D_FREQ 97% cpu@64.218C soc2@63.187C soc0@64.031C gpu@65.531C tj@65.531C soc1@62.781C VDD_IN 17850mW/17552mW VDD_CPU_GPU_CV 8432mW/8366mW VDD_SOC 4112mW/4011mW
08-11-2026 18:07:03 RAM 7204/7607MB (lfb 1x1MB) SWAP 1426/16384MB (cached 131MB) CPU [5%@729,2%@729,3%@729,5%@729,92%@1344,0%@1344] GR3D_FREQ 97% cpu@64.156C soc2@63.062C soc0@63.906C gpu@65.468C tj@65.468C soc1@62.906C VDD_IN 17654mW/17553mW VDD_CPU_GPU_CV 8120mW/8366mW VDD_SOC 4151mW/4011mW
08-11-2026 18:07:04 RAM 7205/7607MB (lfb 1x1MB) SWAP 1426/16384MB (cached 131MB) CPU [2%@729,1%@729,2%@729,3%@729,92%@1344,0%@1344] GR3D_FREQ 97% cpu@64.125C soc2@63.125C soc0@63.812C gpu@65.312C tj@65.312C soc1@62.875C VDD_IN 17575mW/17553mW VDD_CPU_GPU_CV 7964mW/8365mW VDD_SOC 4197mW/4011mW
08-11-2026 18:07:05 RAM 7205/7607MB (lfb 1x1MB) SWAP 1426/16384MB (cached 131MB) CPU [3%@729,2%@729,2%@729,1%@729,92%@1344,0%@1344] GR3D_FREQ 99% cpu@64.593C soc2@63.218C soc0@63.906C gpu@64.812C tj@64.812C soc1@63C VDD_IN 17536mW/17553mW VDD_CPU_GPU_CV 7729mW/8364mW VDD_SOC 4276mW/4012mW
08-11-2026 18:07:06 RAM 7206/7607MB (lfb 1x1MB) SWAP 1426/16384MB (cached 131MB) CPU [2%@729,2%@729,1%@729,1%@729,91%@1344,0%@1344] GR3D_FREQ 99% cpu@64C soc2@63.25C soc0@63.875C gpu@65.312C tj@65.312C soc1@62.812C VDD_IN 17447mW/17552mW VDD_CPU_GPU_CV 8237mW/8364mW VDD_SOC 4040mW/4012mW
08-11-2026 18:07:07 RAM 7206/7607MB (lfb 1x1MB) SWAP 1426/16384MB (cached 131MB) CPU [3%@729,2%@729,2%@729,2%@729,92%@1344,0%@1344] GR3D_FREQ 99% cpu@63.968C soc2@63.125C soc0@64.062C gpu@65.406C tj@65.406C soc1@62.843C VDD_IN 17497mW/17552mW VDD_CPU_GPU_CV 8510mW/8364mW VDD_SOC 3962mW/4012mW
08-11-2026 18:07:08 RAM 7202/7607MB (lfb 1x1MB) SWAP 1426/16384MB (cached 131MB) CPU [10%@729,4%@729,8%@729,19%@729,92%@1344,0%@1344] GR3D_FREQ 99% cpu@64.312C soc2@63.281C soc0@63.906C gpu@65.5C tj@65.5C soc1@62.843C VDD_IN 18125mW/17553mW VDD_CPU_GPU_CV 8823mW/8365mW VDD_SOC 4073mW/4012mW
08-11-2026 18:07:09 RAM 7204/7607MB (lfb 1x1MB) SWAP 1426/16384MB (cached 131MB) CPU [3%@729,2%@729,2%@729,0%@729,98%@1344,0%@1344] GR3D_FREQ 97% cpu@64.031C soc2@63.187C soc0@63.875C gpu@65.437C tj@65.437C soc1@62.937C VDD_IN 17732mW/17554mW VDD_CPU_GPU_CV 8823mW/8366mW VDD_SOC 3916mW/4012mW
08-11-2026 18:07:10 RAM 7204/7607MB (lfb 1x1MB) SWAP 1426/16384MB (cached 131MB) CPU [3%@729,1%@729,5%@729,4%@729,94%@1344,0%@1344] GR3D_FREQ 97% cpu@64.218C soc2@63.218C soc0@63.937C gpu@65.75C tj@65.75C soc1@62.906C VDD_IN 17811mW/17554mW VDD_CPU_GPU_CV 8823mW/8367mW VDD_SOC 3955mW/4012mW
08-11-2026 18:07:11 RAM 7205/7607MB (lfb 1x1MB) SWAP 1426/16384MB (cached 131MB) CPU [2%@729,1%@729,3%@729,1%@729,93%@1344,0%@1344] GR3D_FREQ 97% cpu@63.968C soc2@63.187C soc0@63.937C gpu@65.75C tj@65.75C soc1@62.812C VDD_IN 17772mW/17554mW VDD_CPU_GPU_CV 8705mW/8367mW VDD_SOC 3955mW/4012mW
08-11-2026 18:07:12 RAM 7205/7607MB (lfb 1x1MB) SWAP 1426/16384MB (cached 131MB) CPU [3%@729,1%@729,1%@729,2%@729,92%@1344,0%@1344] GR3D_FREQ 97% cpu@64.031C soc2@63.031C soc0@64.062C gpu@65.75C tj@65.75C soc1@62.812C VDD_IN 17772mW/17555mW VDD_CPU_GPU_CV 8666mW/8368mW VDD_SOC 3955mW/4011mW
08-11-2026 18:07:13 RAM 7210/7607MB (lfb 1x1MB) SWAP 1426/16384MB (cached 131MB) CPU [7%@729,21%@729,7%@729,4%@729,92%@1344,1%@1344] GR3D_FREQ 99% cpu@64.218C soc2@63.187C soc0@63.875C gpu@65.718C tj@65.718C soc1@62.875C VDD_IN 17889mW/17555mW VDD_CPU_GPU_CV 8744mW/8368mW VDD_SOC 3995mW/4011mW
08-11-2026 18:07:14 RAM 7211/7607MB (lfb 1x1MB) SWAP 1426/16384MB (cached 131MB) CPU [3%@729,2%@729,2%@729,1%@729,92%@1344,0%@1344] GR3D_FREQ 97% cpu@63.968C soc2@63.187C soc0@63.937C gpu@65.75C tj@65.75C soc1@62.937C VDD_IN 17772mW/17555mW VDD_CPU_GPU_CV 8627mW/8368mW VDD_SOC 3995mW/4011mW
08-11-2026 18:07:15 RAM 7211/7607MB (lfb 1x1MB) SWAP 1426/16384MB (cached 131MB) CPU [2%@729,1%@729,2%@729,2%@729,92%@1344,0%@1344] GR3D_FREQ 98% cpu@64.25C soc2@63.218C soc0@63.968C gpu@65.468C tj@65.468C soc1@63C VDD_IN 17732mW/17556mW VDD_CPU_GPU_CV 8510mW/8369mW VDD_SOC 4034mW/4011mW
08-11-2026 18:07:16 RAM 7212/7607MB (lfb 1x1MB) SWAP 1426/16384MB (cached 131MB) CPU [3%@1344,3%@1344,3%@1344,2%@1344,92%@1344,0%@1344] GR3D_FREQ 97% cpu@63.968C soc2@63.187C soc0@64.031C gpu@65.437C tj@65.437C soc1@62.812C VDD_IN 17693mW/17556mW VDD_CPU_GPU_CV 8432mW/8369mW VDD_SOC 4073mW/4012mW
08-11-2026 18:07:17 RAM 7213/7607MB (lfb 1x1MB) SWAP 1426/16384MB (cached 131MB) CPU [3%@729,1%@729,2%@729,2%@729,93%@1344,0%@1344] GR3D_FREQ 97% cpu@64.031C soc2@63.062C soc0@63.812C gpu@65.375C tj@65.375C soc1@62.812C VDD_IN 17693mW/17556mW VDD_CPU_GPU_CV 8276mW/8369mW VDD_SOC 4112mW/4012mW
08-11-2026 18:07:18 RAM 7217/7607MB (lfb 1x1MB) SWAP 1426/16384MB (cached 131MB) CPU [15%@729,7%@729,7%@729,9%@729,92%@1344,0%@1344] GR3D_FREQ 97% cpu@64.281C soc2@63.25C soc0@63.875C gpu@65.468C tj@65.468C soc1@62.843C VDD_IN 17850mW/17557mW VDD_CPU_GPU_CV 8354mW/8369mW VDD_SOC 4151mW/4012mW
08-11-2026 18:07:19 RAM 7218/7607MB (lfb 1x1MB) SWAP 1426/16384MB (cached 131MB) CPU [3%@729,2%@729,2%@729,0%@729,92%@1344,0%@1344] GR3D_FREQ 97% cpu@64C soc2@63.187C soc0@63.906C gpu@65.375C tj@65.375C soc1@62.968C VDD_IN 17654mW/17557mW VDD_CPU_GPU_CV 8003mW/8368mW VDD_SOC 4237mW/4012mW
08-11-2026 18:07:20 RAM 7218/7607MB (lfb 1x1MB) SWAP 1426/16384MB (cached 131MB) CPU [3%@729,3%@729,2%@729,2%@729,92%@1344,0%@1344] GR3D_FREQ 99% cpu@64.625C soc2@63.25C soc0@63.875C gpu@64.906C tj@64.906C soc1@62.812C VDD_IN 17497mW/17557mW VDD_CPU_GPU_CV 7690mW/8367mW VDD_SOC 4276mW/4013mW
08-11-2026 18:07:21 RAM 7219/7607MB (lfb 1x1MB) SWAP 1426/16384MB (cached 131MB) CPU [2%@729,3%@729,2%@729,5%@729,91%@1344,0%@1344] GR3D_FREQ 99% cpu@64.031C soc2@63.218C soc0@64C gpu@65.375C tj@65.375C soc1@62.812C VDD_IN 17536mW/17557mW VDD_CPU_GPU_CV 8237mW/8367mW VDD_SOC 4119mW/4013mW
08-11-2026 18:07:22 RAM 7219/7607MB (lfb 1x1MB) SWAP 1426/16384MB (cached 131MB) CPU [2%@729,4%@729,1%@729,1%@729,93%@1344,0%@1344] GR3D_FREQ 99% cpu@64C soc2@63.218C soc0@63.875C gpu@65.906C tj@65.906C soc1@62.812C VDD_IN 17575mW/17557mW VDD_CPU_GPU_CV 8549mW/8367mW VDD_SOC 3962mW/4013mW
08-11-2026 18:07:23 RAM 7220/7607MB (lfb 1x1MB) SWAP 1426/16384MB (cached 131MB) CPU [1%@729,3%@729,2%@729,2%@729,92%@1344,0%@1344] GR3D_FREQ 99% cpu@64.187C soc2@63.093C soc0@63.843C gpu@65.968C tj@65.968C soc1@62.812C VDD_IN 17889mW/17557mW VDD_CPU_GPU_CV 8705mW/8368mW VDD_SOC 4034mW/4013mW
08-11-2026 18:07:24 RAM 7220/7607MB (lfb 1x1MB) SWAP 1426/16384MB (cached 131MB) CPU [9%@729,18%@729,4%@729,4%@729,96%@1344,0%@1344] GR3D_FREQ 98% cpu@63.968C soc2@63.156C soc0@64C gpu@65.812C tj@65.812C soc1@62.906C VDD_IN 17732mW/17557mW VDD_CPU_GPU_CV 8705mW/8368mW VDD_SOC 3955mW/4013mW
08-11-2026 18:07:25 RAM 7221/7607MB (lfb 1x1MB) SWAP 1426/16384MB (cached 131MB) CPU [2%@729,3%@729,1%@729,1%@729,96%@1344,0%@1344] GR3D_FREQ 97% cpu@63.968C soc2@63.281C soc0@63.968C gpu@65.406C tj@65.406C soc1@62.75C VDD_IN 17850mW/17558mW VDD_CPU_GPU_CV 8823mW/8369mW VDD_SOC 3955mW/4013mW
08-11-2026 18:07:26 RAM 7221/7607MB (lfb 1x1MB) SWAP 1426/16384MB (cached 131MB) CPU [2%@729,2%@729,3%@729,1%@729,92%@1344,0%@1344] GR3D_FREQ 98% cpu@63.937C soc2@63.125C soc0@64.062C gpu@65.656C tj@65.656C soc1@62.812C VDD_IN 17772mW/17558mW VDD_CPU_GPU_CV 8705mW/8369mW VDD_SOC 3955mW/4012mW
08-11-2026 18:07:27 RAM 7222/7607MB (lfb 1x1MB) SWAP 1426/16384MB (cached 131MB) CPU [2%@729,1%@729,1%@729,2%@729,92%@1344,0%@1344] GR3D_FREQ 97% cpu@64.031C soc2@63.125C soc0@63.812C gpu@65.656C tj@65.656C soc1@62.875C VDD_IN 17811mW/17559mW VDD_CPU_GPU_CV 8744mW/8370mW VDD_SOC 3955mW/4012mW
08-11-2026 18:07:28 RAM 7222/7607MB (lfb 1x1MB) SWAP 1426/16384MB (cached 131MB) CPU [3%@729,4%@729,2%@729,3%@729,93%@1344,0%@1344] GR3D_FREQ 97% cpu@64.187C soc2@63.125C soc0@63.875C gpu@65.625C tj@65.625C soc1@62.937C VDD_IN 17772mW/17559mW VDD_CPU_GPU_CV 8627mW/8370mW VDD_SOC 3995mW/4012mW
08-11-2026 18:07:29 RAM 7201/7607MB (lfb 1x1MB) SWAP 1426/16384MB (cached 131MB) CPU [5%@729,23%@729,9%@729,3%@729,92%@1344,0%@1344] GR3D_FREQ 97% cpu@63.937C soc2@63.156C soc0@63.875C gpu@65.781C tj@65.781C soc1@62.968C VDD_IN 17889mW/17559mW VDD_CPU_GPU_CV 8744mW/8371mW VDD_SOC 3995mW/4012mW
08-11-2026 18:07:30 RAM 7207/7607MB (lfb 1x1MB) SWAP 1426/16384MB (cached 131MB) CPU [3%@729,2%@729,3%@729,1%@729,92%@1344,1%@1344] GR3D_FREQ 97% cpu@63.968C soc2@63.125C soc0@63.937C gpu@65.468C tj@65.468C soc1@62.812C VDD_IN 17811mW/17560mW VDD_CPU_GPU_CV 8510mW/8371mW VDD_SOC 4034mW/4012mW
08-11-2026 18:07:31 RAM 7207/7607MB (lfb 1x1MB) SWAP 1426/16384MB (cached 131MB) CPU [24%@1344,3%@1344,1%@1344,1%@1344,68%@729,0%@729] GR3D_FREQ 97% cpu@64.156C soc2@63.25C soc0@63.718C gpu@65.406C tj@65.406C soc1@62.812C VDD_IN 17654mW/17560mW VDD_CPU_GPU_CV 8432mW/8371mW VDD_SOC 4080mW/4012mW
08-11-2026 18:07:32 RAM 7207/7607MB (lfb 1x1MB) SWAP 1426/16384MB (cached 131MB) CPU [65%@729,3%@729,12%@729,3%@729,17%@1344,0%@1344] GR3D_FREQ 97% cpu@64.25C soc2@63.125C soc0@63.843C gpu@65.468C tj@65.468C soc1@62.937C VDD_IN 17732mW/17560mW VDD_CPU_GPU_CV 8354mW/8371mW VDD_SOC 4112mW/4013mW
08-11-2026 18:07:33 RAM 7208/7607MB (lfb 1x1MB) SWAP 1426/16384MB (cached 131MB) CPU [3%@729,3%@729,1%@729,2%@729,92%@1344,0%@1344] GR3D_FREQ 99% cpu@64.093C soc2@63.25C soc0@63.968C gpu@65.343C tj@65.343C soc1@62.875C VDD_IN 17654mW/17560mW VDD_CPU_GPU_CV 8159mW/8371mW VDD_SOC 4158mW/4013mW
08-11-2026 18:07:34 RAM 7216/7607MB (lfb 1x1MB) SWAP 1426/16384MB (cached 131MB) CPU [5%@729,4%@729,5%@729,18%@729,93%@1344,0%@1344] GR3D_FREQ 97% cpu@63.937C soc2@63.218C soc0@63.906C gpu@65.406C tj@65.406C soc1@62.843C VDD_IN 17811mW/17561mW VDD_CPU_GPU_CV 8198mW/8371mW VDD_SOC 4190mW/4013mW
08-11-2026 18:07:35 RAM 7217/7607MB (lfb 1x1MB) SWAP 1426/16384MB (cached 131MB) CPU [3%@729,1%@729,1%@729,3%@729,91%@1344,0%@1344] GR3D_FREQ 97% cpu@64.093C soc2@63.187C soc0@64.031C gpu@65.5C tj@65.5C soc1@62.812C VDD_IN 17615mW/17561mW VDD_CPU_GPU_CV 7847mW/8370mW VDD_SOC 4269mW/4013mW
08-11-2026 18:07:36 RAM 7217/7607MB (lfb 1x1MB) SWAP 1426/16384MB (cached 131MB) CPU [3%@729,1%@729,4%@729,1%@729,92%@1344,0%@1344] GR3D_FREQ 99% cpu@64.25C soc2@63.218C soc0@63.781C gpu@65.187C tj@65.187C soc1@62.843C VDD_IN 17536mW/17561mW VDD_CPU_GPU_CV 8042mW/8369mW VDD_SOC 4158mW/4014mW
08-11-2026 18:07:37 RAM 7218/7607MB (lfb 1x1MB) SWAP 1426/16384MB (cached 131MB) CPU [2%@729,1%@729,2%@729,3%@729,92%@1344,0%@1344] GR3D_FREQ 99% cpu@64.281C soc2@63.093C soc0@63.812C gpu@65.718C tj@65.718C soc1@62.843C VDD_IN 17565mW/17561mW VDD_CPU_GPU_CV 8510mW/8369mW VDD_SOC 4001mW/4014mW
08-11-2026 18:07:38 RAM 7218/7607MB (lfb 1x1MB) SWAP 1426/16384MB (cached 131MB) CPU [2%@729,1%@729,1%@729,3%@729,93%@1344,0%@1344] GR3D_FREQ 99% cpu@64.062C soc2@63.125C soc0@63.781C gpu@65.656C tj@65.656C soc1@62.937C VDD_IN 17654mW/17561mW VDD_CPU_GPU_CV 8549mW/8370mW VDD_SOC 3995mW/4014mW
08-11-2026 18:07:39 RAM 7218/7607MB (lfb 1x1MB) SWAP 1426/16384MB (cached 131MB) CPU [4%@729,7%@729,3%@729,4%@729,94%@806,0%@806] GR3D_FREQ 99% cpu@64.062C soc2@63.218C soc0@63.906C gpu@65.625C tj@65.625C soc1@62.75C VDD_IN 17929mW/17561mW VDD_CPU_GPU_CV 8901mW/8371mW VDD_SOC 3995mW/4014mW
08-11-2026 18:07:40 RAM 7221/7607MB (lfb 1x1MB) SWAP 1426/16384MB (cached 131MB) CPU [4%@729,2%@729,3%@729,16%@729,98%@1344,0%@1344] GR3D_FREQ 97% cpu@63.937C soc2@63.093C soc0@64C gpu@65.531C tj@65.531C soc1@62.812C VDD_IN 17850mW/17562mW VDD_CPU_GPU_CV 8862mW/8371mW VDD_SOC 3955mW/4014mW
08-11-2026 18:07:41 RAM 7222/7607MB (lfb 1x1MB) SWAP 1426/16384MB (cached 131MB) CPU [1%@729,1%@729,1%@729,2%@729,93%@1344,2%@1344] GR3D_FREQ 97% cpu@64.125C soc2@63.156C soc0@63.843C gpu@65.562C tj@65.562C soc1@62.937C VDD_IN 17811mW/17562mW VDD_CPU_GPU_CV 8744mW/8372mW VDD_SOC 3955mW/4013mW
08-11-2026 18:07:42 RAM 7222/7607MB (lfb 1x1MB) SWAP 1426/16384MB (cached 131MB) CPU [1%@729,2%@729,2%@729,0%@729,92%@1344,0%@1344] GR3D_FREQ 98% cpu@64.312C soc2@63.093C soc0@63.875C gpu@65.593C tj@65.593C soc1@62.937C VDD_IN 17850mW/17563mW VDD_CPU_GPU_CV 8744mW/8372mW VDD_SOC 3955mW/4013mW
08-11-2026 18:07:43 RAM 7223/7607MB (lfb 1x1MB) SWAP 1426/16384MB (cached 131MB) CPU [2%@729,2%@729,5%@729,3%@729,92%@1344,0%@1344] GR3D_FREQ 98% cpu@63.968C soc2@63.125C soc0@64C gpu@65.687C tj@65.687C soc1@63.031C VDD_IN 17811mW/17563mW VDD_CPU_GPU_CV 8666mW/8373mW VDD_SOC 3995mW/4013mW
08-11-2026 18:07:44 RAM 7223/7607MB (lfb 1x1MB) SWAP 1426/16384MB (cached 131MB) CPU [2%@729,1%@729,1%@729,2%@729,92%@1344,0%@1344] GR3D_FREQ 97% cpu@63.968C soc2@63.281C soc0@63.937C gpu@65.625C tj@65.781C soc1@62.843C VDD_IN 17772mW/17563mW VDD_CPU_GPU_CV 8627mW/8373mW VDD_SOC 3995mW/4013mW
08-11-2026 18:07:45 RAM 7227/7607MB (lfb 1x1MB) SWAP 1426/16384MB (cached 131MB) CPU [6%@729,5%@729,6%@729,18%@729,93%@1344,1%@1344] GR3D_FREQ 97% cpu@64C soc2@63.281C soc0@63.812C gpu@65.843C tj@65.843C soc1@62.906C VDD_IN 17811mW/17564mW VDD_CPU_GPU_CV 8627mW/8374mW VDD_SOC 4034mW/4013mW
08-11-2026 18:07:46 RAM 7227/7607MB (lfb 1x1MB) SWAP 1426/16384MB (cached 131MB) CPU [1%@1344,2%@1344,2%@1344,57%@1344,35%@729,1%@729] GR3D_FREQ 97% cpu@64.375C soc2@63.218C soc0@63.906C gpu@65.843C tj@65.843C soc1@62.937C VDD_IN 17732mW/17564mW VDD_CPU_GPU_CV 8432mW/8374mW VDD_SOC 4073mW/4013mW
08-11-2026 18:07:47 RAM 7228/7607MB (lfb 1x1MB) SWAP 1426/16384MB (cached 131MB) CPU [3%@1344,2%@1344,1%@1344,92%@1344,0%@729,0%@729] GR3D_FREQ 97% cpu@64.156C soc2@63.281C soc0@63.937C gpu@65.937C tj@65.937C soc1@62.968C VDD_IN 17732mW/17564mW VDD_CPU_GPU_CV 8354mW/8374mW VDD_SOC 4112mW/4014mW
08-11-2026 18:07:48 RAM 7228/7607MB (lfb 1x1MB) SWAP 1426/16384MB (cached 131MB) CPU [43%@1344,1%@1344,1%@1344,52%@1344,0%@729,0%@729] GR3D_FREQ 99% cpu@64.062C soc2@63.312C soc0@63.937C gpu@65.937C tj@65.937C soc1@62.843C VDD_IN 17693mW/17564mW VDD_CPU_GPU_CV 8159mW/8373mW VDD_SOC 4151mW/4014mW
08-11-2026 18:07:49 RAM 7228/7607MB (lfb 1x1MB) SWAP 1426/16384MB (cached 131MB) CPU [92%@1344,2%@1344,2%@1344,1%@1344,1%@729,1%@729] GR3D_FREQ 97% cpu@64.125C soc2@63.281C soc0@64.062C gpu@65.906C tj@65.906C soc1@62.875C VDD_IN 17693mW/17565mW VDD_CPU_GPU_CV 8120mW/8373mW VDD_SOC 4190mW/4014mW
08-11-2026 18:07:50 RAM 7231/7607MB (lfb 1x1MB) SWAP 1426/16384MB (cached 131MB) CPU [92%@1344,8%@1344,15%@1344,4%@1344,0%@729,0%@729] GR3D_FREQ 98% cpu@64.125C soc2@63.375C soc0@63.968C gpu@65.5C tj@65.5C soc1@62.906C VDD_IN 17732mW/17565mW VDD_CPU_GPU_CV 7964mW/8372mW VDD_SOC 4269mW/4014mW
08-11-2026 18:07:51 RAM 7229/7607MB (lfb 1x1MB) SWAP 1426/16384MB (cached 131MB) CPU [92%@1344,2%@1344,2%@1344,3%@1344,0%@729,1%@729] GR3D_FREQ 99% cpu@64.281C soc2@63.343C soc0@63.937C gpu@65.187C tj@65.187C soc1@62.812C VDD_IN 17575mW/17565mW VDD_CPU_GPU_CV 8042mW/8372mW VDD_SOC 4197mW/4015mW
08-11-2026 18:07:52 RAM 7231/7607MB (lfb 1x1MB) SWAP 1426/16384MB (cached 131MB) CPU [93%@1344,1%@1344,1%@1344,1%@1344,0%@729,0%@729] GR3D_FREQ 99% cpu@64.343C soc2@63.375C soc0@63.968C gpu@65.781C tj@65.781C soc1@63.031C VDD_IN 17615mW/17565mW VDD_CPU_GPU_CV 8510mW/8372mW VDD_SOC 4001mW/4015mW
08-11-2026 18:07:53 RAM 7211/7607MB (lfb 1x1MB) SWAP 1426/16384MB (cached 131MB) CPU [57%@806,6%@806,2%@806,2%@806,0%@1344,36%@1344] GR3D_FREQ 99% cpu@64.062C soc2@63.25C soc0@64C gpu@65.625C tj@65.625C soc1@62.875C VDD_IN 17772mW/17565mW VDD_CPU_GPU_CV 8588mW/8372mW VDD_SOC 4034mW/4015mW
08-11-2026 18:07:54 RAM 7213/7607MB (lfb 1x1MB) SWAP 1426/16384MB (cached 131MB) CPU [4%@729,4%@729,7%@729,1%@729,0%@729,93%@729] GR3D_FREQ 99% cpu@63.937C soc2@63.25C soc0@64.062C gpu@65.906C tj@65.906C soc1@62.875C VDD_IN 17968mW/17566mW VDD_CPU_GPU_CV 8901mW/8373mW VDD_SOC 3995mW/4015mW
08-11-2026 18:07:55 RAM 7223/7607MB (lfb 4x1MB) SWAP 1426/16384MB (cached 131MB) CPU [8%@1267,4%@1267,11%@1267,14%@1267,0%@1344,99%@1344] GR3D_FREQ 97% cpu@64.375C soc2@63.25C soc0@63.968C gpu@65.781C tj@65.781C soc1@62.875C VDD_IN 18125mW/17567mW VDD_CPU_GPU_CV 9042mW/8374mW VDD_SOC 3955mW/4015mW
08-11-2026 18:07:56 RAM 7225/7607MB (lfb 4x1MB) SWAP 1424/16384MB (cached 132MB) CPU [2%@729,3%@729,4%@729,5%@729,0%@1344,92%@1344] GR3D_FREQ 97% cpu@64.125C soc2@63.093C soc0@63.875C gpu@65.75C tj@65.75C soc1@62.875C VDD_IN 17850mW/17567mW VDD_CPU_GPU_CV 8784mW/8375mW VDD_SOC 3955mW/4014mW
08-11-2026 18:07:57 RAM 7226/7607MB (lfb 4x1MB) SWAP 1424/16384MB (cached 132MB) CPU [2%@729,2%@729,2%@729,1%@729,0%@1344,92%@1344] GR3D_FREQ 97% cpu@64.375C soc2@63.281C soc0@63.875C gpu@65.531C tj@65.531C soc1@62.906C VDD_IN 17811mW/17567mW VDD_CPU_GPU_CV 8744mW/8375mW VDD_SOC 3955mW/4014mW
08-11-2026 18:07:58 RAM 7227/7607MB (lfb 4x1MB) SWAP 1424/16384MB (cached 132MB) CPU [3%@729,1%@729,1%@729,2%@729,0%@1344,93%@1344] GR3D_FREQ 97% cpu@64.093C soc2@63.25C soc0@63.968C gpu@65.593C tj@65.593C soc1@62.812C VDD_IN 17811mW/17568mW VDD_CPU_GPU_CV 8666mW/8376mW VDD_SOC 3995mW/4014mW
08-11-2026 18:07:59 RAM 7227/7607MB (lfb 4x1MB) SWAP 1424/16384MB (cached 132MB) CPU [1%@729,3%@729,1%@729,1%@729,0%@1344,92%@1344] GR3D_FREQ 97% cpu@64.125C soc2@63.187C soc0@64.093C gpu@65.5C tj@65.5C soc1@62.812C VDD_IN 17732mW/17568mW VDD_CPU_GPU_CV 8627mW/8376mW VDD_SOC 3995mW/4014mW
08-11-2026 18:08:00 RAM 7228/7607MB (lfb 4x1MB) SWAP 1424/16384MB (cached 132MB) CPU [4%@729,1%@729,1%@729,2%@729,0%@1344,92%@1344] GR3D_FREQ 97% cpu@64.281C soc2@63.218C soc0@63.906C gpu@65.593C tj@65.593C soc1@62.937C VDD_IN 17772mW/17568mW VDD_CPU_GPU_CV 8588mW/8376mW VDD_SOC 4034mW/4014mW
08-11-2026 18:08:01 RAM 7233/7607MB (lfb 4x1MB) SWAP 1424/16384MB (cached 132MB) CPU [18%@729,6%@729,6%@729,6%@729,0%@1344,92%@1344] GR3D_FREQ 99% cpu@64.25C soc2@63.156C soc0@63.937C gpu@65.75C tj@65.75C soc1@63C VDD_IN 17772mW/17568mW VDD_CPU_GPU_CV 8471mW/8376mW VDD_SOC 4073mW/4014mW
08-11-2026 18:08:02 RAM 7233/7607MB (lfb 4x1MB) SWAP 1424/16384MB (cached 132MB) CPU [2%@729,2%@729,2%@729,1%@729,0%@1344,93%@1344] GR3D_FREQ 97% cpu@64.406C soc2@63.312C soc0@63.968C gpu@65.687C tj@65.687C soc1@63C VDD_IN 17732mW/17569mW VDD_CPU_GPU_CV 8354mW/8376mW VDD_SOC 4073mW/4015mW
08-11-2026 18:08:03 RAM 7234/7607MB (lfb 4x1MB) SWAP 1424/16384MB (cached 132MB) CPU [2%@729,2%@729,2%@729,1%@729,0%@1344,91%@1344] GR3D_FREQ 98% cpu@64.062C soc2@63.187C soc0@64.031C gpu@65.75C tj@65.75C soc1@62.812C VDD_IN 17654mW/17569mW VDD_CPU_GPU_CV 8159mW/8376mW VDD_SOC 4151mW/4015mW
08-11-2026 18:08:04 RAM 7234/7607MB (lfb 4x1MB) SWAP 1424/16384MB (cached 132MB) CPU [2%@729,0%@729,2%@729,2%@729,0%@1344,92%@1344] GR3D_FREQ 97% cpu@64.156C soc2@63.25C soc0@64.062C gpu@65.812C tj@65.812C soc1@63C VDD_IN 17693mW/17569mW VDD_CPU_GPU_CV 8081mW/8376mW VDD_SOC 4190mW/4015mW
08-11-2026 18:08:05 RAM 7235/7607MB (lfb 4x1MB) SWAP 1424/16384MB (cached 132MB) CPU [2%@729,4%@729,5%@729,1%@729,0%@1344,92%@1344] GR3D_FREQ 97% cpu@64.437C soc2@63.187C soc0@63.968C gpu@65.718C tj@65.718C soc1@62.906C VDD_IN 17654mW/17569mW VDD_CPU_GPU_CV 7886mW/8375mW VDD_SOC 4269mW/4015mW
08-11-2026 18:08:06 RAM 7240/7607MB (lfb 4x1MB) SWAP 1424/16384MB (cached 132MB) CPU [15%@729,3%@729,7%@729,3%@729,7%@1344,92%@1344] GR3D_FREQ 99% cpu@64.343C soc2@63.343C soc0@63.843C gpu@65.062C tj@65.062C soc1@62.875C VDD_IN 17654mW/17569mW VDD_CPU_GPU_CV 8081mW/8375mW VDD_SOC 4190mW/4016mW
08-11-2026 18:08:07 RAM 7241/7607MB (lfb 4x1MB) SWAP 1424/16384MB (cached 132MB) CPU [2%@729,3%@729,2%@729,1%@729,0%@1344,92%@1344] GR3D_FREQ 99% cpu@64.468C soc2@63.187C soc0@63.968C gpu@65.562C tj@65.562C soc1@63.031C VDD_IN 17575mW/17569mW VDD_CPU_GPU_CV 8432mW/8375mW VDD_SOC 4001mW/4016mW
08-11-2026 18:08:08 RAM 7241/7607MB (lfb 3x1MB) SWAP 1424/16384MB (cached 132MB) CPU [3%@729,2%@729,2%@729,2%@729,0%@1344,92%@1344] GR3D_FREQ 99% cpu@64.093C soc2@63.312C soc0@64.031C gpu@65.625C tj@65.625C soc1@62.843C VDD_IN 17693mW/17569mW VDD_CPU_GPU_CV 8549mW/8375mW VDD_SOC 3995mW/4016mW
08-11-2026 18:08:09 RAM 7241/7607MB (lfb 3x1MB) SWAP 1424/16384MB (cached 132MB) CPU [1%@729,3%@729,2%@729,2%@729,0%@729,93%@729] GR3D_FREQ 99% cpu@64.062C soc2@63.343C soc0@63.937C gpu@65.906C tj@65.906C soc1@62.875C VDD_IN 18007mW/17570mW VDD_CPU_GPU_CV 8940mW/8376mW VDD_SOC 3995mW/4016mW
08-11-2026 18:08:10 RAM 7241/7607MB (lfb 3x1MB) SWAP 1424/16384MB (cached 132MB) CPU [2%@729,4%@729,0%@729,1%@729,0%@1344,99%@1344] GR3D_FREQ 97% cpu@64.25C soc2@63.25C soc0@63.968C gpu@65.968C tj@65.968C soc1@62.906C VDD_IN 17850mW/17570mW VDD_CPU_GPU_CV 8862mW/8376mW VDD_SOC 3955mW/4015mW
08-11-2026 18:08:11 RAM 7239/7607MB (lfb 2x1MB) SWAP 1424/16384MB (cached 132MB) CPU [5%@729,19%@729,5%@729,11%@729,0%@1344,92%@1344] GR3D_FREQ 97% cpu@64.031C soc2@63.375C soc0@63.968C gpu@66.093C tj@66.093C soc1@62.968C VDD_IN 18046mW/17571mW VDD_CPU_GPU_CV 8940mW/8377mW VDD_SOC 3955mW/4015mW
08-11-2026 18:08:12 RAM 7239/7607MB (lfb 2x1MB) SWAP 1424/16384MB (cached 132MB) CPU [3%@729,2%@729,2%@729,1%@729,0%@1344,92%@1344] GR3D_FREQ 97% cpu@64.031C soc2@63.281C soc0@64C gpu@65.968C tj@65.968C soc1@62.843C VDD_IN 17811mW/17571mW VDD_CPU_GPU_CV 8784mW/8378mW VDD_SOC 3955mW/4015mW
08-11-2026 18:08:13 RAM 7240/7607MB (lfb 2x1MB) SWAP 1424/16384MB (cached 132MB) CPU [1%@729,3%@729,2%@729,2%@729,0%@1344,92%@1344] GR3D_FREQ 97% cpu@64.218C soc2@63.25C soc0@63.937C gpu@65.968C tj@65.968C soc1@62.812C VDD_IN 17772mW/17572mW VDD_CPU_GPU_CV 8705mW/8378mW VDD_SOC 3995mW/4015mW
08-11-2026 18:08:14 RAM 7240/7607MB (lfb 1x1MB) SWAP 1424/16384MB (cached 132MB) CPU [3%@729,2%@729,2%@729,1%@729,0%@1344,92%@1344] GR3D_FREQ 97% cpu@63.937C soc2@63.031C soc0@63.843C gpu@65.343C tj@65.343C soc1@62.937C VDD_IN 16295mW/17570mW VDD_CPU_GPU_CV 8186mW/8378mW VDD_SOC 3536mW/4015mW
08-11-2026 18:08:15 RAM 7221/7607MB (lfb 2x1MB) SWAP 1425/16384MB (cached 131MB) CPU [44%@1344,37%@1344,40%@1344,46%@1344,53%@1344,32%@1344] GR3D_FREQ 0% cpu@64.031C soc2@62.625C soc0@63.562C gpu@63.093C tj@64.031C soc1@62.812C VDD_IN 8757mW/17558mW VDD_CPU_GPU_CV 3055mW/8370mW VDD_SOC 2066mW/4012mW
08-11-2026 18:08:16 RAM 7274/7607MB (lfb 1x1MB) SWAP 1425/16384MB (cached 131MB) CPU [45%@1344,46%@1344,67%@1344,55%@1344,39%@1113,40%@1113] GR3D_FREQ 97% cpu@63.468C soc2@62.281C soc0@63.437C gpu@64.468C tj@64.218C soc1@62.5C VDD_IN 10634mW/17548mW VDD_CPU_GPU_CV 4034mW/8364mW VDD_SOC 2218mW/4009mW
08-11-2026 18:08:17 RAM 7274/7607MB (lfb 1x1MB) SWAP 1429/16384MB (cached 131MB) CPU [6%@1344,15%@1344,25%@1344,76%@1344,17%@729,4%@729] GR3D_FREQ 99% cpu@64.031C soc2@62.718C soc0@63.562C gpu@64.406C tj@64.406C soc1@62.562C VDD_IN 16975mW/17547mW VDD_CPU_GPU_CV 7507mW/8363mW VDD_SOC 4080mW/4009mW
08-11-2026 18:08:18 RAM 7270/7607MB (lfb 2x1MB) SWAP 1429/16384MB (cached 131MB) CPU [2%@1344,2%@1344,1%@1344,92%@1344,1%@729,1%@729] GR3D_FREQ 99% cpu@63.906C soc2@62.843C soc0@63.531C gpu@65.125C tj@65.125C soc1@62.718C VDD_IN 17604mW/17547mW VDD_CPU_GPU_CV 8354mW/8363mW VDD_SOC 4040mW/4009mW
08-11-2026 18:08:19 RAM 7269/7607MB (lfb 2x1MB) SWAP 1429/16384MB (cached 131MB) CPU [2%@729,4%@729,2%@729,50%@729,42%@1344,1%@1344] GR3D_FREQ 99% cpu@63.875C soc2@62.875C soc0@63.625C gpu@65.281C tj@65.281C soc1@62.75C VDD_IN 17615mW/17547mW VDD_CPU_GPU_CV 8549mW/8363mW VDD_SOC 4001mW/4009mW
08-11-2026 18:08:20 RAM 7269/7607MB (lfb 2x1MB) SWAP 1429/16384MB (cached 131MB) CPU [3%@729,2%@729,2%@729,1%@729,93%@1344,0%@1344] GR3D_FREQ 99% cpu@63.75C soc2@63.125C soc0@63.625C gpu@65.5C tj@65.5C soc1@62.625C VDD_IN 18085mW/17548mW VDD_CPU_GPU_CV 8769mW/8364mW VDD_SOC 4112mW/4010mW
08-11-2026 18:08:21 RAM 7270/7607MB (lfb 2x1MB) SWAP 1429/16384MB (cached 131MB) CPU [1%@729,1%@729,2%@729,0%@729,97%@1344,0%@1344] GR3D_FREQ 97% cpu@63.75C soc2@62.968C soc0@63.812C gpu@65.375C tj@65.375C soc1@62.687C VDD_IN 17772mW/17548mW VDD_CPU_GPU_CV 8823mW/8365mW VDD_SOC 3916mW/4009mW
08-11-2026 18:08:22 RAM 7277/7607MB (lfb 1x1MB) SWAP 1429/16384MB (cached 131MB) CPU [7%@729,7%@729,12%@729,9%@729,95%@1344,2%@1344] GR3D_FREQ 97% cpu@64.031C soc2@62.968C soc0@63.625C gpu@65.531C tj@65.531C soc1@62.625C VDD_IN 17929mW/17549mW VDD_CPU_GPU_CV 8901mW/8365mW VDD_SOC 3955mW/4009mW
08-11-2026 18:08:23 RAM 7278/7607MB (lfb 1x1MB) SWAP 1429/16384MB (cached 131MB) CPU [0%@729,3%@729,0%@729,2%@729,92%@1344,1%@1344] GR3D_FREQ 97% cpu@63.906C soc2@63C soc0@63.75C gpu@65.343C tj@65.187C soc1@62.687C VDD_IN 17772mW/17549mW VDD_CPU_GPU_CV 8705mW/8366mW VDD_SOC 3955mW/4009mW
08-11-2026 18:08:24 RAM 7278/7607MB (lfb 1x1MB) SWAP 1429/16384MB (cached 131MB) CPU [2%@729,2%@729,1%@729,2%@729,93%@1344,1%@1344] GR3D_FREQ 98% cpu@64.031C soc2@63C soc0@63.656C gpu@65.281C tj@65.281C soc1@62.718C VDD_IN 17811mW/17549mW VDD_CPU_GPU_CV 8744mW/8366mW VDD_SOC 3995mW/4009mW
08-11-2026 18:08:25 RAM 7278/7607MB (lfb 1x1MB) SWAP 1429/16384MB (cached 131MB) CPU [1%@729,2%@729,0%@729,1%@729,92%@1344,1%@1344] GR3D_FREQ 98% cpu@63.718C soc2@63.062C soc0@63.75C gpu@65.25C tj@65.25C soc1@62.656C VDD_IN 17772mW/17550mW VDD_CPU_GPU_CV 8627mW/8367mW VDD_SOC 3995mW/4009mW
08-11-2026 18:08:26 RAM 7268/7607MB (lfb 1x1MB) SWAP 1429/16384MB (cached 131MB) CPU [2%@729,2%@729,1%@729,1%@729,92%@1344,0%@1344] GR3D_FREQ 97% cpu@63.812C soc2@62.968C soc0@63.593C gpu@65.281C tj@65.281C soc1@62.656C VDD_IN 17811mW/17550mW VDD_CPU_GPU_CV 8588mW/8367mW VDD_SOC 4034mW/4009mW
08-11-2026 18:08:27 RAM 7274/7607MB (lfb 1x1MB) SWAP 1429/16384MB (cached 131MB) CPU [15%@729,10%@729,6%@729,6%@729,91%@1344,1%@1344] GR3D_FREQ 99% cpu@64.031C soc2@62.968C soc0@63.687C gpu@65.281C tj@65.281C soc1@62.718C VDD_IN 17929mW/17551mW VDD_CPU_GPU_CV 8627mW/8367mW VDD_SOC 4073mW/4009mW
08-11-2026 18:08:28 RAM 7274/7607MB (lfb 1x1MB) SWAP 1429/16384MB (cached 131MB) CPU [2%@729,2%@729,2%@729,1%@729,93%@1344,0%@1344] GR3D_FREQ 97% cpu@63.687C soc2@63C soc0@63.656C gpu@65.5C tj@65.5C soc1@62.75C VDD_IN 17772mW/17551mW VDD_CPU_GPU_CV 8432mW/8367mW VDD_SOC 4073mW/4009mW
08-11-2026 18:08:29 RAM 7274/7607MB (lfb 1x1MB) SWAP 1429/16384MB (cached 131MB) CPU [4%@729,2%@729,2%@729,1%@729,92%@1344,1%@1344] GR3D_FREQ 97% cpu@63.781C soc2@63.031C soc0@63.656C gpu@65.5C tj@65.5C soc1@62.656C VDD_IN 17732mW/17551mW VDD_CPU_GPU_CV 8276mW/8367mW VDD_SOC 4151mW/4010mW
08-11-2026 18:08:30 RAM 7274/7607MB (lfb 1x1MB) SWAP 1429/16384MB (cached 131MB) CPU [2%@729,1%@729,2%@729,1%@729,92%@1344,1%@1344] GR3D_FREQ 97% cpu@63.687C soc2@63.031C soc0@63.843C gpu@65.593C tj@65.593C soc1@62.656C VDD_IN 17732mW/17551mW VDD_CPU_GPU_CV 8159mW/8367mW VDD_SOC 4190mW/4010mW
08-11-2026 18:08:31 RAM 7274/7607MB (lfb 1x1MB) SWAP 1429/16384MB (cached 131MB) CPU [1%@729,2%@729,2%@729,1%@729,92%@1344,0%@1344] GR3D_FREQ 97% cpu@63.906C soc2@62.968C soc0@63.718C gpu@65.437C tj@65.437C soc1@62.687C VDD_IN 17693mW/17552mW VDD_CPU_GPU_CV 7964mW/8367mW VDD_SOC 4230mW/4010mW
08-11-2026 18:08:32 RAM 7274/7607MB (lfb 1x1MB) SWAP 1429/16384MB (cached 131MB) CPU [9%@729,7%@729,0%@729,4%@729,93%@1344,1%@1344] GR3D_FREQ 99% cpu@64.312C soc2@63.125C soc0@63.687C gpu@65C tj@65C soc1@62.718C VDD_IN 17693mW/17552mW VDD_CPU_GPU_CV 7964mW/8366mW VDD_SOC 4269mW/4011mW
08-11-2026 18:08:33 RAM 7276/7607MB (lfb 1x1MB) SWAP 1429/16384MB (cached 131MB) CPU [5%@729,2%@729,13%@729,0%@729,92%@1344,0%@1344] GR3D_FREQ 99% cpu@63.781C soc2@63.062C soc0@63.718C gpu@65.281C tj@65.281C soc1@62.812C VDD_IN 17615mW/17552mW VDD_CPU_GPU_CV 8471mW/8366mW VDD_SOC 4040mW/4011mW
08-11-2026 18:08:34 RAM 7276/7607MB (lfb 1x1MB) SWAP 1429/16384MB (cached 131MB) CPU [3%@729,1%@729,2%@729,2%@729,91%@1344,0%@1344] GR3D_FREQ 99% cpu@63.843C soc2@63.093C soc0@63.781C gpu@65.281C tj@65.281C soc1@62.718C VDD_IN 17615mW/17552mW VDD_CPU_GPU_CV 8549mW/8366mW VDD_SOC 3995mW/4011mW
08-11-2026 18:08:35 RAM 7276/7607MB (lfb 1x1MB) SWAP 1429/16384MB (cached 131MB) CPU [2%@729,3%@729,0%@729,2%@729,92%@1344,1%@1344] GR3D_FREQ 99% cpu@63.968C soc2@63.062C soc0@63.781C gpu@65.531C tj@65.531C soc1@62.687C VDD_IN 18085mW/17553mW VDD_CPU_GPU_CV 8823mW/8367mW VDD_SOC 4073mW/4011mW
08-11-2026 18:08:36 RAM 7276/7607MB (lfb 1x1MB) SWAP 1429/16384MB (cached 131MB) CPU [2%@729,2%@729,2%@729,1%@729,99%@1344,1%@1344] GR3D_FREQ 96% cpu@63.843C soc2@63.062C soc0@63.656C gpu@65.375C tj@65.375C soc1@62.656C VDD_IN 17850mW/17553mW VDD_CPU_GPU_CV 8823mW/8368mW VDD_SOC 3916mW/4011mW
08-11-2026 18:08:37 RAM 7275/7607MB (lfb 1x1MB) SWAP 1429/16384MB (cached 131MB) CPU [1%@729,3%@729,2%@729,3%@729,94%@1344,0%@1344] GR3D_FREQ 97% cpu@64.031C soc2@63.031C soc0@63.812C gpu@65.531C tj@65.531C soc1@62.781C VDD_IN 17889mW/17554mW VDD_CPU_GPU_CV 8823mW/8368mW VDD_SOC 3955mW/4010mW
08-11-2026 18:08:38 RAM 7281/7607MB (lfb 1x1MB) SWAP 1429/16384MB (cached 131MB) CPU [10%@729,6%@729,13%@729,6%@729,92%@1344,7%@1344] GR3D_FREQ 97% cpu@63.843C soc2@63.125C soc0@63.718C gpu@65.75C tj@65.75C soc1@62.687C VDD_IN 17889mW/17554mW VDD_CPU_GPU_CV 8784mW/8369mW VDD_SOC 3995mW/4010mW
08-11-2026 18:08:39 RAM 7281/7607MB (lfb 1x1MB) SWAP 1429/16384MB (cached 131MB) CPU [3%@729,1%@729,2%@729,3%@729,92%@1344,0%@1344] GR3D_FREQ 97% cpu@63.781C soc2@63.062C soc0@64C gpu@65.812C tj@65.812C soc1@62.75C VDD_IN 17850mW/17554mW VDD_CPU_GPU_CV 8744mW/8369mW VDD_SOC 3995mW/4010mW
08-11-2026 18:08:40 RAM 7281/7607MB (lfb 1x1MB) SWAP 1429/16384MB (cached 131MB) CPU [2%@729,2%@729,3%@729,2%@729,92%@1344,0%@1344] GR3D_FREQ 99% cpu@63.937C soc2@63.062C soc0@63.781C gpu@65.75C tj@65.75C soc1@62.656C VDD_IN 17811mW/17555mW VDD_CPU_GPU_CV 8666mW/8370mW VDD_SOC 3995mW/4010mW
08-11-2026 18:08:41 RAM 7281/7607MB (lfb 1x1MB) SWAP 1429/16384MB (cached 131MB) CPU [2%@729,1%@729,0%@729,1%@729,92%@1344,1%@1344] GR3D_FREQ 97% cpu@64.187C soc2@63.093C soc0@63.75C gpu@65.5C tj@65.5C soc1@62.812C VDD_IN 17850mW/17555mW VDD_CPU_GPU_CV 8627mW/8370mW VDD_SOC 4034mW/4010mW
08-11-2026 18:08:42 RAM 7281/7607MB (lfb 1x1MB) SWAP 1429/16384MB (cached 131MB) CPU [3%@729,3%@729,2%@729,2%@729,92%@1344,0%@1344] GR3D_FREQ 98% cpu@64C soc2@63.062C soc0@63.812C gpu@65.437C tj@65.437C soc1@62.812C VDD_IN 17772mW/17556mW VDD_CPU_GPU_CV 8510mW/8370mW VDD_SOC 4073mW/4011mW
08-11-2026 18:08:43 RAM 7282/7607MB (lfb 1x1MB) SWAP 1429/16384MB (cached 131MB) CPU [4%@729,19%@729,9%@729,2%@729,93%@1344,0%@1344] GR3D_FREQ 97% cpu@63.812C soc2@63.125C soc0@64C gpu@65.437C tj@65.437C soc1@62.781C VDD_IN 17889mW/17556mW VDD_CPU_GPU_CV 8549mW/8370mW VDD_SOC 4073mW/4011mW
08-11-2026 18:08:44 RAM 7282/7607MB (lfb 1x1MB) SWAP 1429/16384MB (cached 131MB) CPU [3%@729,1%@729,2%@729,2%@729,92%@1344,0%@1344] GR3D_FREQ 97% cpu@63.875C soc2@63.031C soc0@63.937C gpu@65.437C tj@65.437C soc1@62.781C VDD_IN 17732mW/17556mW VDD_CPU_GPU_CV 8276mW/8370mW VDD_SOC 4151mW/4011mW
08-11-2026 18:08:45 RAM 7279/7607MB (lfb 1x1MB) SWAP 1429/16384MB (cached 131MB) CPU [3%@729,2%@729,2%@729,3%@729,92%@1344,0%@1344] GR3D_FREQ 97% cpu@64.031C soc2@63.062C soc0@63.718C gpu@65.375C tj@65.375C soc1@62.75C VDD_IN 17693mW/17556mW VDD_CPU_GPU_CV 8120mW/8370mW VDD_SOC 4151mW/4011mW
08-11-2026 18:08:46 RAM 7279/7607MB (lfb 1x1MB) SWAP 1429/16384MB (cached 131MB) CPU [2%@729,2%@729,2%@729,2%@729,91%@1344,0%@1344] GR3D_FREQ 97% cpu@64.281C soc2@63.187C soc0@63.812C gpu@65.281C tj@65.281C soc1@62.937C VDD_IN 17693mW/17557mW VDD_CPU_GPU_CV 7964mW/8369mW VDD_SOC 4230mW/4011mW
08-11-2026 18:08:47 RAM 7279/7607MB (lfb 1x1MB) SWAP 1429/16384MB (cached 131MB) CPU [4%@729,2%@729,3%@729,2%@729,93%@1344,0%@1344] GR3D_FREQ 99% cpu@64.125C soc2@63.156C soc0@63.906C gpu@64.843C tj@64.843C soc1@62.875C VDD_IN 17575mW/17557mW VDD_CPU_GPU_CV 7847mW/8369mW VDD_SOC 4269mW/4012mW
08-11-2026 18:08:48 RAM 7274/7607MB (lfb 1x1MB) SWAP 1429/16384MB (cached 131MB) CPU [6%@1267,18%@1267,7%@1267,4%@1267,92%@1344,0%@1344] GR3D_FREQ 99% cpu@64.093C soc2@63.343C soc0@63.968C gpu@65.281C tj@65.281C soc1@62.781C VDD_IN 17811mW/17557mW VDD_CPU_GPU_CV 8549mW/8369mW VDD_SOC 4073mW/4012mW
08-11-2026 18:08:49 RAM 7275/7607MB (lfb 1x1MB) SWAP 1429/16384MB (cached 131MB) CPU [3%@729,2%@729,6%@729,5%@729,92%@1344,1%@1344] GR3D_FREQ 99% cpu@64.031C soc2@63.156C soc0@63.843C gpu@65.375C tj@65.375C soc1@62.781C VDD_IN 17693mW/17557mW VDD_CPU_GPU_CV 8549mW/8369mW VDD_SOC 4034mW/4012mW
08-11-2026 18:08:50 RAM 7275/7607MB (lfb 1x1MB) SWAP 1429/16384MB (cached 131MB) CPU [1%@729,2%@729,1%@729,2%@729,92%@1344,0%@1344] GR3D_FREQ 99% cpu@64.062C soc2@63.187C soc0@63.812C gpu@65.531C tj@65.531C soc1@62.906C VDD_IN 18125mW/17558mW VDD_CPU_GPU_CV 8769mW/8370mW VDD_SOC 4112mW/4012mW
08-11-2026 18:08:51 RAM 7275/7607MB (lfb 1x1MB) SWAP 1429/16384MB (cached 131MB) CPU [2%@729,1%@729,3%@729,3%@729,97%@1344,0%@1344] GR3D_FREQ 96% cpu@64.156C soc2@63.156C soc0@63.875C gpu@65.687C tj@65.687C soc1@62.937C VDD_IN 17772mW/17558mW VDD_CPU_GPU_CV 8823mW/8370mW VDD_SOC 3916mW/4012mW
08-11-2026 18:08:52 RAM 7275/7607MB (lfb 1x1MB) SWAP 1429/16384MB (cached 131MB) CPU [3%@729,0%@729,1%@729,2%@729,95%@1344,0%@1344] GR3D_FREQ 97% cpu@63.906C soc2@63.156C soc0@63.937C gpu@65.75C tj@65.75C soc1@62.875C VDD_IN 17850mW/17559mW VDD_CPU_GPU_CV 8823mW/8371mW VDD_SOC 3955mW/4012mW
08-11-2026 18:08:53 RAM 7275/7607MB (lfb 1x1MB) SWAP 1429/16384MB (cached 131MB) CPU [2%@729,3%@729,2%@729,0%@729,92%@1344,0%@1344] GR3D_FREQ 98% cpu@64.031C soc2@63.125C soc0@63.968C gpu@65.75C tj@65.75C soc1@62.812C VDD_IN 17811mW/17559mW VDD_CPU_GPU_CV 8744mW/8371mW VDD_SOC 3995mW/4012mW
08-11-2026 18:08:54 RAM 7280/7607MB (lfb 1x1MB) SWAP 1429/16384MB (cached 131MB) CPU [7%@729,6%@729,12%@729,6%@729,92%@1344,2%@1344] GR3D_FREQ 97% cpu@64.187C soc2@63.062C soc0@63.75C gpu@65.812C tj@65.812C soc1@62.812C VDD_IN 17889mW/17559mW VDD_CPU_GPU_CV 8784mW/8372mW VDD_SOC 3995mW/4012mW
08-11-2026 18:08:55 RAM 7280/7607MB (lfb 1x1MB) SWAP 1429/16384MB (cached 131MB) CPU [1%@729,1%@729,1%@729,2%@729,91%@1344,1%@1344] GR3D_FREQ 99% cpu@64.031C soc2@63.093C soc0@63.875C gpu@65.75C tj@65.75C soc1@62.843C VDD_IN 17811mW/17560mW VDD_CPU_GPU_CV 8627mW/8372mW VDD_SOC 4034mW/4012mW
08-11-2026 18:08:56 RAM 7280/7607MB (lfb 1x1MB) SWAP 1429/16384MB (cached 131MB) CPU [2%@729,2%@729,3%@729,1%@729,92%@1344,0%@1344] GR3D_FREQ 98% cpu@64.25C soc2@63.25C soc0@63.781C gpu@65.593C tj@65.593C soc1@62.937C VDD_IN 17889mW/17560mW VDD_CPU_GPU_CV 8627mW/8373mW VDD_SOC 4034mW/4012mW
08-11-2026 18:08:57 RAM 7280/7607MB (lfb 1x1MB) SWAP 1429/16384MB (cached 131MB) CPU [1%@729,2%@729,1%@729,2%@729,34%@1344,58%@1344] GR3D_FREQ 97% cpu@64.062C soc2@63.218C soc0@64.031C gpu@65.562C tj@65.562C soc1@62.812C VDD_IN 17772mW/17560mW VDD_CPU_GPU_CV 8510mW/8373mW VDD_SOC 4073mW/4012mW
08-11-2026 18:08:58 RAM 7280/7607MB (lfb 1x1MB) SWAP 1429/16384MB (cached 131MB) CPU [3%@729,2%@729,0%@729,3%@729,0%@1344,92%@1344] GR3D_FREQ 97% cpu@64.125C soc2@63.156C soc0@64.062C gpu@65.562C tj@65.562C soc1@62.875C VDD_IN 17811mW/17561mW VDD_CPU_GPU_CV 8432mW/8373mW VDD_SOC 4073mW/4012mW
08-11-2026 18:08:59 RAM 7283/7607MB (lfb 1x1MB) SWAP 1429/16384MB (cached 131MB) CPU [9%@729,5%@729,17%@729,8%@729,0%@1344,92%@1344] GR3D_FREQ 97% cpu@64.25C soc2@63.187C soc0@63.968C gpu@65.625C tj@65.625C soc1@62.937C VDD_IN 17850mW/17561mW VDD_CPU_GPU_CV 8354mW/8373mW VDD_SOC 4151mW/4012mW
08-11-2026 18:09:00 RAM 7280/7607MB (lfb 1x1MB) SWAP 1429/16384MB (cached 131MB) CPU [3%@729,3%@729,8%@729,2%@729,0%@1344,93%@1344] GR3D_FREQ 97% cpu@64.031C soc2@63.187C soc0@63.906C gpu@65.812C tj@65.812C soc1@62.937C VDD_IN 17772mW/17561mW VDD_CPU_GPU_CV 8198mW/8373mW VDD_SOC 4190mW/4012mW
08-11-2026 18:09:01 RAM 7281/7607MB (lfb 1x1MB) SWAP 1429/16384MB (cached 131MB) CPU [3%@729,1%@729,3%@729,3%@729,0%@1344,92%@1344] GR3D_FREQ 97% cpu@64.156C soc2@63.281C soc0@64C gpu@65.781C tj@65.781C soc1@62.875C VDD_IN 17732mW/17562mW VDD_CPU_GPU_CV 8003mW/8372mW VDD_SOC 4230mW/4013mW
08-11-2026 18:09:02 RAM 7280/7607MB (lfb 1x1MB) SWAP 1429/16384MB (cached 131MB) CPU [1%@729,2%@729,2%@729,0%@729,0%@1344,92%@1344] GR3D_FREQ 99% cpu@64.406C soc2@63.187C soc0@64.031C gpu@65.281C tj@65.281C soc1@62.812C VDD_IN 17615mW/17562mW VDD_CPU_GPU_CV 7847mW/8372mW VDD_SOC 4269mW/4013mW
08-11-2026 18:09:03 RAM 7281/7607MB (lfb 1x1MB) SWAP 1429/16384MB (cached 131MB) CPU [3%@729,1%@729,2%@729,1%@729,0%@1344,92%@1344] GR3D_FREQ 99% cpu@64.281C soc2@63.187C soc0@63.906C gpu@65.75C tj@65.75C soc1@62.843C VDD_IN 17575mW/17562mW VDD_CPU_GPU_CV 8393mW/8372mW VDD_SOC 4080mW/4013mW
08-11-2026 18:09:04 RAM 7283/7607MB (lfb 1x1MB) SWAP 1429/16384MB (cached 131MB) CPU [11%@729,19%@729,5%@729,5%@729,0%@1344,93%@1344] GR3D_FREQ 99% cpu@64.312C soc2@63.343C soc0@63.906C gpu@65.875C tj@65.875C soc1@62.968C VDD_IN 17889mW/17562mW VDD_CPU_GPU_CV 8744mW/8372mW VDD_SOC 3995mW/4013mW
08-11-2026 18:09:05 RAM 7283/7607MB (lfb 1x1MB) SWAP 1429/16384MB (cached 131MB) CPU [3%@729,2%@729,1%@729,2%@729,0%@1344,92%@1344] GR3D_FREQ 99% cpu@64.125C soc2@63.281C soc0@63.968C gpu@65.781C tj@65.781C soc1@63C VDD_IN 18125mW/17563mW VDD_CPU_GPU_CV 8808mW/8373mW VDD_SOC 4112mW/4013mW
08-11-2026 18:09:06 RAM 7283/7607MB (lfb 1x1MB) SWAP 1429/16384MB (cached 131MB) CPU [4%@729,2%@729,1%@729,2%@729,0%@1344,97%@1344] GR3D_FREQ 96% cpu@64.031C soc2@63.281C soc0@64.031C gpu@65.75C tj@65.75C soc1@62.843C VDD_IN 17811mW/17563mW VDD_CPU_GPU_CV 8823mW/8373mW VDD_SOC 3916mW/4013mW
08-11-2026 18:09:07 RAM 7283/7607MB (lfb 1x1MB) SWAP 1429/16384MB (cached 131MB) CPU [3%@729,2%@729,1%@729,2%@729,0%@1344,95%@1344] GR3D_FREQ 98% cpu@64.031C soc2@63.218C soc0@64.062C gpu@65.718C tj@65.718C soc1@62.906C VDD_IN 17850mW/17564mW VDD_CPU_GPU_CV 8823mW/8374mW VDD_SOC 3955mW/4013mW
08-11-2026 18:09:08 RAM 7283/7607MB (lfb 1x1MB) SWAP 1429/16384MB (cached 131MB) CPU [2%@729,3%@729,1%@729,2%@729,0%@1344,92%@1344] GR3D_FREQ 97% cpu@64.093C soc2@63.218C soc0@63.937C gpu@65.718C tj@65.718C soc1@62.875C VDD_IN 17811mW/17564mW VDD_CPU_GPU_CV 8744mW/8374mW VDD_SOC 3995mW/4013mW
08-11-2026 18:09:09 RAM 7284/7607MB (lfb 1x1MB) SWAP 1429/16384MB (cached 131MB) CPU [4%@1190,3%@1190,1%@1190,3%@1190,0%@1344,91%@1344] GR3D_FREQ 97% cpu@64.343C soc2@63.156C soc0@63.906C gpu@65.75C tj@65.75C soc1@62.906C VDD_IN 17889mW/17564mW VDD_CPU_GPU_CV 8784mW/8375mW VDD_SOC 3995mW/4013mW
08-11-2026 18:09:10 RAM 7276/7607MB (lfb 1x1MB) SWAP 1429/16384MB (cached 131MB) CPU [8%@729,15%@729,11%@729,4%@729,0%@1344,92%@1344] GR3D_FREQ 99% cpu@64.031C soc2@63.156C soc0@63.875C gpu@65.5C tj@65.5C soc1@63C VDD_IN 17850mW/17565mW VDD_CPU_GPU_CV 8705mW/8375mW VDD_SOC 3995mW/4013mW
08-11-2026 18:09:11 RAM 7277/7607MB (lfb 1x1MB) SWAP 1429/16384MB (cached 131MB) CPU [2%@729,2%@729,1%@729,6%@729,0%@1344,92%@1344] GR3D_FREQ 97% cpu@64.093C soc2@63.187C soc0@64.031C gpu@65.625C tj@65.625C soc1@62.906C VDD_IN 17850mW/17565mW VDD_CPU_GPU_CV 8627mW/8376mW VDD_SOC 4034mW/4013mW
08-11-2026 18:09:12 RAM 7276/7607MB (lfb 1x1MB) SWAP 1429/16384MB (cached 131MB) CPU [3%@729,3%@729,1%@729,3%@729,0%@1344,92%@1344] GR3D_FREQ 98% cpu@64.281C soc2@63.187C soc0@64.062C gpu@65.531C tj@65.531C soc1@62.843C VDD_IN 17811mW/17565mW VDD_CPU_GPU_CV 8510mW/8376mW VDD_SOC 4073mW/4013mW
08-11-2026 18:09:13 RAM 7276/7607MB (lfb 1x1MB) SWAP 1429/16384MB (cached 131MB) CPU [1%@729,2%@729,3%@729,2%@729,0%@1344,92%@1344] GR3D_FREQ 97% cpu@64.468C soc2@63.218C soc0@63.937C gpu@65.562C tj@65.562C soc1@62.937C VDD_IN 17811mW/17566mW VDD_CPU_GPU_CV 8471mW/8376mW VDD_SOC 4073mW/4013mW
08-11-2026 18:09:14 RAM 7276/7607MB (lfb 1x1MB) SWAP 1429/16384MB (cached 131MB) CPU [3%@729,2%@729,1%@729,2%@729,0%@1344,92%@1344] GR3D_FREQ 97% cpu@64.218C soc2@63.281C soc0@63.968C gpu@65.75C tj@65.75C soc1@62.968C VDD_IN 17772mW/17566mW VDD_CPU_GPU_CV 8315mW/8376mW VDD_SOC 4112mW/4013mW
08-11-2026 18:09:15 RAM 7282/7607MB (lfb 1x1MB) SWAP 1429/16384MB (cached 131MB) CPU [6%@729,20%@729,2%@729,7%@729,1%@1344,92%@1344] GR3D_FREQ 97% cpu@64.031C soc2@63.25C soc0@64C gpu@65.687C tj@65.687C soc1@62.843C VDD_IN 17811mW/17566mW VDD_CPU_GPU_CV 8237mW/8376mW VDD_SOC 4151mW/4013mW
08-11-2026 18:09:16 RAM 7282/7607MB (lfb 1x1MB) SWAP 1429/16384MB (cached 131MB) CPU [1%@729,3%@729,2%@729,2%@729,0%@1344,93%@1344] GR3D_FREQ 97% cpu@64.25C soc2@63.281C soc0@64C gpu@65.687C tj@65.687C soc1@62.875C VDD_IN 17732mW/17567mW VDD_CPU_GPU_CV 8042mW/8375mW VDD_SOC 4230mW/4014mW
08-11-2026 18:09:17 RAM 7281/7607MB (lfb 1x1MB) SWAP 1429/16384MB (cached 131MB) CPU [2%@729,2%@729,2%@729,2%@729,0%@1344,92%@1344] GR3D_FREQ 99% cpu@64.531C soc2@63.312C soc0@63.843C gpu@65.281C tj@65.281C soc1@62.843C VDD_IN 17575mW/17567mW VDD_CPU_GPU_CV 7768mW/8374mW VDD_SOC 4315mW/4014mW
08-11-2026 18:09:18 RAM 7281/7607MB (lfb 1x1MB) SWAP 1429/16384MB (cached 131MB) CPU [3%@729,1%@729,2%@729,2%@729,0%@1344,92%@1344] GR3D_FREQ 99% cpu@64.625C soc2@63.281C soc0@63.968C gpu@65.5C tj@65.25C soc1@62.906C VDD_IN 17575mW/17567mW VDD_CPU_GPU_CV 8315mW/8374mW VDD_SOC 4080mW/4014mW
08-11-2026 18:09:19 RAM 7281/7607MB (lfb 1x1MB) SWAP 1429/16384MB (cached 131MB) CPU [2%@729,2%@729,2%@729,2%@729,0%@1344,92%@1344] GR3D_FREQ 99% cpu@64.156C soc2@63.281C soc0@64C gpu@65.625C tj@65.625C soc1@62.937C VDD_IN 17575mW/17567mW VDD_CPU_GPU_CV 8588mW/8375mW VDD_SOC 3955mW/4014mW
08-11-2026 18:09:20 RAM 7286/7607MB (lfb 1x1MB) SWAP 1429/16384MB (cached 131MB) CPU [6%@729,19%@729,2%@729,6%@729,0%@1344,92%@1344] GR3D_FREQ 99% cpu@64.031C soc2@63.437C soc0@64.062C gpu@65.75C tj@65.75C soc1@62.843C VDD_IN 18125mW/17567mW VDD_CPU_GPU_CV 8862mW/8375mW VDD_SOC 4073mW/4014mW
08-11-2026 18:09:21 RAM 7286/7607MB (lfb 1x1MB) SWAP 1429/16384MB (cached 131MB) CPU [2%@729,5%@729,2%@729,2%@729,0%@1113,96%@1113] GR3D_FREQ 97% cpu@64C soc2@63.312C soc0@64C gpu@65.593C tj@65.593C soc1@62.812C VDD_IN 17811mW/17568mW VDD_CPU_GPU_CV 8744mW/8376mW VDD_SOC 3955mW/4014mW
08-11-2026 18:09:22 RAM 7286/7607MB (lfb 1x1MB) SWAP 1429/16384MB (cached 131MB) CPU [3%@729,3%@729,0%@729,2%@729,0%@1344,96%@1344] GR3D_FREQ 97% cpu@64.187C soc2@63.187C soc0@63.906C gpu@65.687C tj@65.687C soc1@62.937C VDD_IN 17889mW/17568mW VDD_CPU_GPU_CV 8862mW/8376mW VDD_SOC 3955mW/4014mW
08-11-2026 18:09:24 RAM 7286/7607MB (lfb 1x1MB) SWAP 1429/16384MB (cached 131MB) CPU [2%@729,2%@729,2%@729,1%@729,0%@1344,91%@1344] GR3D_FREQ 99% cpu@64.437C soc2@63.281C soc0@63.906C gpu@65.562C tj@65.562C soc1@62.937C VDD_IN 17850mW/17568mW VDD_CPU_GPU_CV 8784mW/8377mW VDD_SOC 3995mW/4014mW
08-11-2026 18:09:25 RAM 7286/7607MB (lfb 1x1MB) SWAP 1429/16384MB (cached 131MB) CPU [3%@729,2%@729,1%@729,2%@729,0%@1344,92%@1344] GR3D_FREQ 98% cpu@64.187C soc2@63.25C soc0@64.031C gpu@66.062C tj@66.062C soc1@62.968C VDD_IN 17850mW/17569mW VDD_CPU_GPU_CV 8784mW/8377mW VDD_SOC 3995mW/4014mW
08-11-2026 18:09:26 RAM 7275/7607MB (lfb 1x1MB) SWAP 1429/16384MB (cached 131MB) CPU [13%@729,3%@729,3%@729,4%@729,0%@1344,93%@1344] GR3D_FREQ 98% cpu@64.156C soc2@63.406C soc0@64C gpu@65.968C tj@65.968C soc1@62.875C VDD_IN 17968mW/17569mW VDD_CPU_GPU_CV 8784mW/8378mW VDD_SOC 4034mW/4014mW
08-11-2026 18:09:27 RAM 7278/7607MB (lfb 1x1MB) SWAP 1429/16384MB (cached 131MB) CPU [13%@729,7%@729,5%@729,8%@729,3%@1344,92%@1344] GR3D_FREQ 97% cpu@64.093C soc2@63.25C soc0@63.906C gpu@65.968C tj@65.968C soc1@62.875C VDD_IN 17929mW/17570mW VDD_CPU_GPU_CV 8705mW/8378mW VDD_SOC 4034mW/4014mW
08-11-2026 18:09:28 RAM 7270/7607MB (lfb 1x1MB) SWAP 1429/16384MB (cached 131MB) CPU [4%@729,3%@729,2%@729,1%@729,0%@1344,92%@1344] GR3D_FREQ 97% cpu@64.218C soc2@63.25C soc0@64C gpu@65.75C tj@65.75C soc1@63C VDD_IN 17850mW/17570mW VDD_CPU_GPU_CV 8549mW/8379mW VDD_SOC 4073mW/4014mW
08-11-2026 18:09:29 RAM 7271/7607MB (lfb 1x1MB) SWAP 1429/16384MB (cached 131MB) CPU [4%@729,1%@729,2%@729,2%@729,0%@1344,92%@1344] GR3D_FREQ 97% cpu@64.531C soc2@63.281C soc0@64.031C gpu@65.718C tj@65.718C soc1@63.031C VDD_IN 17811mW/17570mW VDD_CPU_GPU_CV 8471mW/8379mW VDD_SOC 4073mW/4014mW
08-11-2026 18:09:30 RAM 7272/7607MB (lfb 1x1MB) SWAP 1429/16384MB (cached 131MB) CPU [3%@729,4%@729,2%@729,3%@729,0%@1344,92%@1344] GR3D_FREQ 97% cpu@64.156C soc2@63.312C soc0@64C gpu@65.656C tj@65.656C soc1@62.906C VDD_IN 17772mW/17571mW VDD_CPU_GPU_CV 8315mW/8379mW VDD_SOC 4112mW/4014mW
08-11-2026 18:09:31 RAM 7272/7607MB (lfb 1x1MB) SWAP 1429/16384MB (cached 131MB) CPU [2%@729,2%@729,1%@729,2%@729,0%@1344,92%@1344] GR3D_FREQ 97% cpu@64.25C soc2@63.156C soc0@64.062C gpu@65.687C tj@65.687C soc1@62.937C VDD_IN 17693mW/17571mW VDD_CPU_GPU_CV 8159mW/8378mW VDD_SOC 4151mW/4014mW
08-11-2026 18:09:32 RAM 7279/7607MB (lfb 1x1MB) SWAP 1429/16384MB (cached 131MB) CPU [6%@729,7%@729,8%@729,20%@729,0%@1344,92%@1344] GR3D_FREQ 97% cpu@64.406C soc2@63.218C soc0@63.937C gpu@65.625C tj@65.625C soc1@62.968C VDD_IN 17772mW/17571mW VDD_CPU_GPU_CV 8081mW/8378mW VDD_SOC 4230mW/4015mW
08-11-2026 18:09:33 RAM 7279/7607MB (lfb 1x1MB) SWAP 1429/16384MB (cached 131MB) CPU [3%@729,2%@729,1%@729,1%@729,0%@1344,93%@1344] GR3D_FREQ 99% cpu@64.5C soc2@63.343C soc0@64C gpu@65.25C tj@65.25C soc1@63C VDD_IN 17654mW/17571mW VDD_CPU_GPU_CV 7808mW/8377mW VDD_SOC 4269mW/4015mW
08-11-2026 18:09:34 RAM 7279/7607MB (lfb 1x1MB) SWAP 1429/16384MB (cached 131MB) CPU [1%@1113,2%@1113,1%@1113,2%@1190,0%@1344,92%@1344] GR3D_FREQ 99% cpu@64.593C soc2@63.312C soc0@63.968C gpu@65.156C tj@65.156C soc1@63C VDD_IN 17575mW/17571mW VDD_CPU_GPU_CV 8276mW/8377mW VDD_SOC 4119mW/4015mW
08-11-2026 18:09:35 RAM 7279/7607MB (lfb 1x1MB) SWAP 1429/16384MB (cached 131MB) CPU [2%@729,1%@729,2%@729,2%@729,0%@1344,92%@1344] GR3D_FREQ 99% cpu@64.031C soc2@63.25C soc0@64.093C gpu@65.5C tj@65.75C soc1@62.812C VDD_IN 17615mW/17571mW VDD_CPU_GPU_CV 8627mW/8377mW VDD_SOC 3955mW/4015mW
08-11-2026 18:09:36 RAM 7275/7607MB (lfb 1x1MB) SWAP 1429/16384MB (cached 131MB) CPU [3%@729,2%@729,2%@729,1%@729,0%@1344,92%@1344] GR3D_FREQ 99% cpu@64.468C soc2@63.281C soc0@63.968C gpu@65.75C tj@65.75C soc1@63C VDD_IN 17929mW/17572mW VDD_CPU_GPU_CV 8744mW/8378mW VDD_SOC 4073mW/4015mW
08-11-2026 18:09:37 RAM 7277/7607MB (lfb 1x2MB) SWAP 1429/16384MB (cached 131MB) CPU [18%@1113,7%@1113,8%@1113,7%@1113,0%@1113,96%@1113] GR3D_FREQ 97% cpu@64.406C soc2@63.343C soc0@64.031C gpu@65.5C tj@65.5C soc1@63.093C VDD_IN 17929mW/17572mW VDD_CPU_GPU_CV 8862mW/8378mW VDD_SOC 3995mW/4015mW
08-11-2026 18:09:38 RAM 7271/7607MB (lfb 1x1MB) SWAP 1429/16384MB (cached 131MB) CPU [3%@1344,3%@1344,3%@1344,3%@1344,0%@1344,96%@1344] GR3D_FREQ 98% cpu@64.156C soc2@63.343C soc0@64C gpu@65.437C tj@65.437C soc1@62.875C VDD_IN 17889mW/17573mW VDD_CPU_GPU_CV 8862mW/8379mW VDD_SOC 3955mW/4015mW
08-11-2026 18:09:39 RAM 7271/7607MB (lfb 1x1MB) SWAP 1429/16384MB (cached 131MB) CPU [2%@729,2%@729,1%@729,1%@729,0%@1344,92%@1344] GR3D_FREQ 99% cpu@64.156C soc2@63.156C soc0@63.843C gpu@65.375C tj@65.375C soc1@62.875C VDD_IN 17772mW/17573mW VDD_CPU_GPU_CV 8705mW/8379mW VDD_SOC 3955mW/4015mW
08-11-2026 18:09:40 RAM 7271/7607MB (lfb 1x1MB) SWAP 1429/16384MB (cached 131MB) CPU [3%@729,2%@729,2%@729,2%@729,0%@1344,92%@1344] GR3D_FREQ 98% cpu@64.218C soc2@63.312C soc0@63.937C gpu@65.625C tj@65.625C soc1@62.968C VDD_IN 17811mW/17573mW VDD_CPU_GPU_CV 8705mW/8380mW VDD_SOC 3995mW/4015mW
08-11-2026 18:09:41 RAM 7271/7607MB (lfb 1x1MB) SWAP 1429/16384MB (cached 131MB) CPU [1%@1344,0%@1344,1%@1344,2%@1344,0%@1344,92%@1344] GR3D_FREQ 98% cpu@64.375C soc2@63.156C soc0@63.937C gpu@65.5C tj@65.5C soc1@62.937C VDD_IN 17693mW/17573mW VDD_CPU_GPU_CV 8549mW/8380mW VDD_SOC 3995mW/4015mW
08-11-2026 18:09:42 RAM 7278/7607MB (lfb 1x1MB) SWAP 1429/16384MB (cached 131MB) CPU [8%@1267,17%@1267,8%@1267,4%@1267,1%@1344,93%@1344] GR3D_FREQ 97% cpu@64.406C soc2@63.343C soc0@63.968C gpu@65.593C tj@65.593C soc1@63.031C VDD_IN 17929mW/17574mW VDD_CPU_GPU_CV 8744mW/8381mW VDD_SOC 3995mW/4015mW
08-11-2026 18:09:43 RAM 7278/7607MB (lfb 1x1MB) SWAP 1429/16384MB (cached 131MB) CPU [3%@729,2%@729,2%@729,2%@729,0%@1344,92%@1344] GR3D_FREQ 98% cpu@64.156C soc2@63.25C soc0@64C gpu@65.593C tj@65.593C soc1@62.875C VDD_IN 17654mW/17574mW VDD_CPU_GPU_CV 8393mW/8381mW VDD_SOC 4034mW/4015mW
08-11-2026 18:09:44 RAM 7278/7607MB (lfb 1x1MB) SWAP 1429/16384MB (cached 131MB) CPU [2%@729,1%@729,2%@729,2%@729,0%@1344,92%@1344] GR3D_FREQ 98% cpu@64.031C soc2@63.218C soc0@63.875C gpu@65.593C tj@65.593C soc1@62.875C VDD_IN 17615mW/17574mW VDD_CPU_GPU_CV 8354mW/8381mW VDD_SOC 4080mW/4015mW
08-11-2026 18:09:45 RAM 7278/7607MB (lfb 1x1MB) SWAP 1429/16384MB (cached 131MB) CPU [2%@729,1%@729,3%@729,0%@729,1%@1344,92%@1344] GR3D_FREQ 98% cpu@64.25C soc2@63.187C soc0@63.906C gpu@65.656C tj@65.656C soc1@62.875C VDD_IN 17654mW/17574mW VDD_CPU_GPU_CV 8198mW/8380mW VDD_SOC 4112mW/4015mW
08-11-2026 18:09:46 RAM 7278/7607MB (lfb 1x1MB) SWAP 1429/16384MB (cached 131MB) CPU [3%@729,2%@729,0%@729,2%@729,0%@1344,93%@1344] GR3D_FREQ 97% cpu@64.406C soc2@63.218C soc0@63.968C gpu@65.343C tj@65.343C soc1@62.906C VDD_IN 17654mW/17574mW VDD_CPU_GPU_CV 8081mW/8380mW VDD_SOC 4151mW/4015mW
08-11-2026 18:09:47 RAM 7278/7607MB (lfb 1x1MB) SWAP 1429/16384MB (cached 131MB) CPU [1%@729,1%@729,1%@729,3%@729,1%@1344,92%@1344] GR3D_FREQ 97% cpu@64.156C soc2@63.281C soc0@63.968C gpu@65.375C tj@65.375C soc1@62.906C VDD_IN 17604mW/17574mW VDD_CPU_GPU_CV 7847mW/8379mW VDD_SOC 4190mW/4015mW
08-11-2026 18:09:48 RAM 7271/7607MB (lfb 1x1MB) SWAP 1429/16384MB (cached 131MB) CPU [10%@729,15%@729,10%@729,6%@729,0%@1344,92%@1344] GR3D_FREQ 99% cpu@64.531C soc2@63.093C soc0@63.968C gpu@64.968C tj@64.968C soc1@62.906C VDD_IN 17575mW/17574mW VDD_CPU_GPU_CV 7808mW/8379mW VDD_SOC 4269mW/4016mW
08-11-2026 18:09:49 RAM 7272/7607MB (lfb 1x1MB) SWAP 1429/16384MB (cached 131MB) CPU [2%@1036,1%@1036,2%@1036,3%@1036,1%@1344,92%@1344] GR3D_FREQ 99% cpu@64.375C soc2@63.125C soc0@63.875C gpu@65.343C tj@65.343C soc1@62.875C VDD_IN 17419mW/17574mW VDD_CPU_GPU_CV 8315mW/8378mW VDD_SOC 4040mW/4016mW
08-11-2026 18:09:50 RAM 7272/7607MB (lfb 1x1MB) SWAP 1429/16384MB (cached 131MB) CPU [5%@729,1%@729,2%@729,2%@729,0%@1344,93%@1344] GR3D_FREQ 99% cpu@64.156C soc2@63.218C soc0@63.875C gpu@65.437C tj@65.437C soc1@62.937C VDD_IN 17497mW/17574mW VDD_CPU_GPU_CV 8471mW/8379mW VDD_SOC 3962mW/4016mW
08-11-2026 18:09:51 RAM 7272/7607MB (lfb 1x1MB) SWAP 1429/16384MB (cached 131MB) CPU [1%@729,3%@729,4%@729,2%@729,0%@1344,91%@1344] GR3D_FREQ 99% cpu@64.406C soc2@63.281C soc0@63.937C gpu@65.812C tj@65.812C soc1@62.968C VDD_IN 17929mW/17574mW VDD_CPU_GPU_CV 8784mW/8379mW VDD_SOC 4073mW/4016mW
08-11-2026 18:09:52 RAM 7272/7607MB (lfb 1x1MB) SWAP 1429/16384MB (cached 131MB) CPU [3%@729,0%@729,4%@729,3%@729,0%@1344,98%@1344] GR3D_FREQ 96% cpu@64C soc2@63.281C soc0@64.062C gpu@65.812C tj@65.812C soc1@62.812C VDD_IN 17772mW/17574mW VDD_CPU_GPU_CV 8705mW/8380mW VDD_SOC 3916mW/4016mW
08-11-2026 18:09:53 RAM 7276/7607MB (lfb 1x1MB) SWAP 1429/16384MB (cached 131MB) CPU [26%@729,34%@729,29%@729,25%@729,21%@1344,94%@1344] GR3D_FREQ 97% cpu@64.187C soc2@63.281C soc0@64.062C gpu@65.906C tj@65.906C soc1@62.843C VDD_IN 18321mW/17575mW VDD_CPU_GPU_CV 9237mW/8381mW VDD_SOC 3995mW/4016mW
08-11-2026 18:09:54 RAM 7277/7607MB (lfb 1x1MB) SWAP 1429/16384MB (cached 131MB) CPU [2%@729,1%@729,2%@729,2%@729,1%@1344,92%@1344] GR3D_FREQ 97% cpu@64.343C soc2@63.187C soc0@63.843C gpu@65.906C tj@65.906C soc1@62.968C VDD_IN 17732mW/17576mW VDD_CPU_GPU_CV 8705mW/8381mW VDD_SOC 3955mW/4016mW
08-11-2026 18:09:55 RAM 7277/7607MB (lfb 1x1MB) SWAP 1429/16384MB (cached 131MB) CPU [2%@729,2%@729,1%@729,1%@729,0%@1344,92%@1344] GR3D_FREQ 97% cpu@64.156C soc2@63.218C soc0@63.937C gpu@65.906C tj@65.906C soc1@62.968C VDD_IN 17732mW/17576mW VDD_CPU_GPU_CV 8666mW/8381mW VDD_SOC 3995mW/4016mW
08-11-2026 18:09:56 RAM 7277/7607MB (lfb 1x1MB) SWAP 1429/16384MB (cached 131MB) CPU [1%@729,1%@729,1%@729,2%@729,0%@1344,92%@1344] GR3D_FREQ 98% cpu@64.5C soc2@63.187C soc0@64C gpu@65.937C tj@65.937C soc1@63.062C VDD_IN 17654mW/17576mW VDD_CPU_GPU_CV 8588mW/8382mW VDD_SOC 3995mW/4016mW
08-11-2026 18:09:57 RAM 7277/7607MB (lfb 1x1MB) SWAP 1429/16384MB (cached 131MB) CPU [3%@729,3%@729,1%@729,2%@729,0%@1344,92%@1344] GR3D_FREQ 97% cpu@64.062C soc2@63.25C soc0@64C gpu@65.625C tj@65.625C soc1@62.906C VDD_IN 17772mW/17576mW VDD_CPU_GPU_CV 8549mW/8382mW VDD_SOC 3995mW/4015mW
08-11-2026 18:09:58 RAM 7274/7607MB (lfb 1x1MB) SWAP 1429/16384MB (cached 131MB) CPU [2%@806,12%@806,5%@806,3%@806,0%@1344,92%@1344] GR3D_FREQ 98% cpu@64.25C soc2@63.281C soc0@64.062C gpu@65.593C tj@65.593C soc1@62.937C VDD_IN 17811mW/17576mW VDD_CPU_GPU_CV 8549mW/8382mW VDD_SOC 4073mW/4016mW
08-11-2026 18:09:59 RAM 7269/7607MB (lfb 1x1MB) SWAP 1429/16384MB (cached 131MB) CPU [6%@729,12%@729,4%@729,4%@729,0%@1344,92%@1344] GR3D_FREQ 97% cpu@64.375C soc2@63.25C soc0@63.937C gpu@65.718C tj@65.718C soc1@62.937C VDD_IN 17732mW/17577mW VDD_CPU_GPU_CV 8432mW/8382mW VDD_SOC 4073mW/4016mW
08-11-2026 18:10:00 RAM 7269/7607MB (lfb 1x1MB) SWAP 1430/16384MB (cached 131MB) CPU [4%@729,1%@729,2%@729,2%@729,0%@1344,92%@1344] GR3D_FREQ 97% cpu@64.25C soc2@63.312C soc0@64.031C gpu@65.687C tj@65.687C soc1@63C VDD_IN 17654mW/17577mW VDD_CPU_GPU_CV 8198mW/8382mW VDD_SOC 4112mW/4016mW
08-11-2026 18:10:01 RAM 7269/7607MB (lfb 1x1MB) SWAP 1430/16384MB (cached 131MB) CPU [2%@729,2%@729,2%@729,5%@729,0%@1344,92%@1344] GR3D_FREQ 97% cpu@64.468C soc2@63.25C soc0@63.937C gpu@65.687C tj@65.687C soc1@63C VDD_IN 17654mW/17577mW VDD_CPU_GPU_CV 8120mW/8382mW VDD_SOC 4151mW/4016mW
08-11-2026 18:10:02 RAM 7269/7607MB (lfb 1x1MB) SWAP 1430/16384MB (cached 131MB) CPU [2%@729,1%@729,3%@729,3%@729,0%@1344,92%@1344] GR3D_FREQ 98% cpu@64.187C soc2@63.312C soc0@64.031C gpu@65.562C tj@65.562C soc1@62.875C VDD_IN 17615mW/17577mW VDD_CPU_GPU_CV 7925mW/8381mW VDD_SOC 4230mW/4016mW
08-11-2026 18:10:03 RAM 7269/7607MB (lfb 1x1MB) SWAP 1430/16384MB (cached 131MB) CPU [3%@729,1%@729,2%@729,2%@729,0%@1344,92%@1344] GR3D_FREQ 99% cpu@64.437C soc2@63.312C soc0@63.875C gpu@65.031C tj@65.031C soc1@62.906C VDD_IN 17497mW/17577mW VDD_CPU_GPU_CV 7847mW/8380mW VDD_SOC 4237mW/4016mW
08-11-2026 18:10:04 RAM 7270/7607MB (lfb 2x1MB) SWAP 1431/16384MB (cached 131MB) CPU [5%@729,7%@729,19%@729,7%@729,1%@1344,92%@1344] GR3D_FREQ 99% cpu@64.437C soc2@63.281C soc0@63.906C gpu@65.437C tj@65.437C soc1@62.968C VDD_IN 17536mW/17577mW VDD_CPU_GPU_CV 8432mW/8380mW VDD_SOC 4001mW/4016mW
08-11-2026 18:10:05 RAM 7269/7607MB (lfb 1x1MB) SWAP 1431/16384MB (cached 131MB) CPU [3%@729,3%@729,4%@729,2%@729,0%@1344,91%@1344] GR3D_FREQ 99% cpu@64.093C soc2@63.281C soc0@64.031C gpu@65.531C tj@65.718C soc1@63.031C VDD_IN 17615mW/17577mW VDD_CPU_GPU_CV 8510mW/8381mW VDD_SOC 3995mW/4016mW
08-11-2026 18:10:06 RAM 7270/7607MB (lfb 1x1MB) SWAP 1431/16384MB (cached 131MB) CPU [3%@729,1%@729,0%@729,2%@729,0%@729,93%@729] GR3D_FREQ 99% cpu@64.156C soc2@63.406C soc0@64C gpu@65.812C tj@65.812C soc1@62.843C VDD_IN 18007mW/17577mW VDD_CPU_GPU_CV 8823mW/8381mW VDD_SOC 4073mW/4016mW
08-11-2026 18:10:07 RAM 7270/7607MB (lfb 1x1MB) SWAP 1431/16384MB (cached 131MB) CPU [1%@729,4%@729,3%@729,2%@729,0%@1344,98%@1344] GR3D_FREQ 97% cpu@64.062C soc2@63.25C soc0@64.062C gpu@65.843C tj@65.843C soc1@62.937C VDD_IN 17811mW/17578mW VDD_CPU_GPU_CV 8823mW/8382mW VDD_SOC 3916mW/4016mW
08-11-2026 18:10:08 RAM 7270/7607MB (lfb 1x1MB) SWAP 1431/16384MB (cached 131MB) CPU [3%@729,2%@729,2%@729,2%@729,0%@1344,94%@1344] GR3D_FREQ 97% cpu@64.156C soc2@63.281C soc0@63.937C gpu@65.75C tj@65.75C soc1@62.906C VDD_IN 17772mW/17578mW VDD_CPU_GPU_CV 8744mW/8382mW VDD_SOC 3955mW/4016mW
08-11-2026 18:10:09 RAM 7278/7607MB (lfb 1x1MB) SWAP 1431/16384MB (cached 131MB) CPU [4%@729,9%@729,20%@729,7%@729,1%@1344,92%@1344] GR3D_FREQ 97% cpu@64.312C soc2@63.218C soc0@63.937C gpu@65.843C tj@65.843C soc1@63C VDD_IN 17929mW/17578mW VDD_CPU_GPU_CV 8823mW/8383mW VDD_SOC 3955mW/4016mW
08-11-2026 18:10:10 RAM 7278/7607MB (lfb 1x1MB) SWAP 1431/16384MB (cached 131MB) CPU [2%@729,2%@729,1%@729,2%@729,0%@1344,92%@1344] GR3D_FREQ 98% cpu@64.093C soc2@63.25C soc0@63.968C gpu@65.812C tj@65.812C soc1@63.031C VDD_IN 17850mW/17579mW VDD_CPU_GPU_CV 8666mW/8383mW VDD_SOC 3995mW/4016mW
08-11-2026 18:10:11 RAM 7275/7607MB (lfb 1x1MB) SWAP 1431/16384MB (cached 131MB) CPU [4%@1344,3%@1344,1%@1344,2%@1344,0%@1344,93%@1344] GR3D_FREQ 97% cpu@64.187C soc2@63.375C soc0@64.031C gpu@65.531C tj@65.531C soc1@62.906C VDD_IN 17772mW/17579mW VDD_CPU_GPU_CV 8627mW/8383mW VDD_SOC 3995mW/4016mW
08-11-2026 18:10:12 RAM 7275/7607MB (lfb 1x1MB) SWAP 1431/16384MB (cached 131MB) CPU [4%@729,7%@729,2%@729,3%@729,0%@1344,92%@1344] GR3D_FREQ 97% cpu@64.25C soc2@63.25C soc0@64.062C gpu@65.593C tj@65.593C soc1@62.937C VDD_IN 17811mW/17579mW VDD_CPU_GPU_CV 8588mW/8383mW VDD_SOC 4034mW/4016mW
08-11-2026 18:10:13 RAM 7275/7607MB (lfb 1x1MB) SWAP 1431/16384MB (cached 131MB) CPU [2%@729,1%@729,1%@729,2%@729,0%@1344,92%@1344] GR3D_FREQ 98% cpu@64.156C soc2@63.218C soc0@63.906C gpu@65.593C tj@65.593C soc1@62.968C VDD_IN 17693mW/17579mW VDD_CPU_GPU_CV 8432mW/8384mW VDD_SOC 4073mW/4016mW
08-11-2026 18:10:14 RAM 7277/7607MB (lfb 1x1MB) SWAP 1431/16384MB (cached 131MB) CPU [8%@1190,17%@1190,4%@1190,3%@1190,1%@1344,93%@1344] GR3D_FREQ 97% cpu@64.562C soc2@63.25C soc0@63.968C gpu@65.625C tj@65.625C soc1@63C VDD_IN 17889mW/17580mW VDD_CPU_GPU_CV 8588mW/8384mW VDD_SOC 4073mW/4016mW
08-11-2026 18:10:15 RAM 7276/7607MB (lfb 1x1MB) SWAP 1431/16384MB (cached 131MB) CPU [5%@729,3%@729,3%@729,5%@729,0%@1344,92%@1344] GR3D_FREQ 98% cpu@64.031C soc2@63.187C soc0@64C gpu@65.625C tj@65.625C soc1@63.093C VDD_IN 17693mW/17580mW VDD_CPU_GPU_CV 8237mW/8384mW VDD_SOC 4112mW/4016mW
08-11-2026 18:10:16 RAM 7277/7607MB (lfb 1x1MB) SWAP 1431/16384MB (cached 131MB) CPU [3%@729,2%@729,1%@729,1%@729,0%@1344,92%@1344] GR3D_FREQ 97% cpu@64.156C soc2@63.187C soc0@64.062C gpu@65.781C tj@65.781C soc1@62.906C VDD_IN 17654mW/17580mW VDD_CPU_GPU_CV 8120mW/8383mW VDD_SOC 4151mW/4017mW
08-11-2026 18:10:17 RAM 7277/7607MB (lfb 1x1MB) SWAP 1431/16384MB (cached 131MB) CPU [3%@729,2%@729,1%@729,1%@729,0%@1344,92%@1344] GR3D_FREQ 98% cpu@64.25C soc2@63.25C soc0@63.937C gpu@65.687C tj@65.687C soc1@62.906C VDD_IN 17575mW/17580mW VDD_CPU_GPU_CV 7886mW/8383mW VDD_SOC 4230mW/4017mW
08-11-2026 18:10:18 RAM 7277/7607MB (lfb 1x1MB) SWAP 1431/16384MB (cached 131MB) CPU [3%@729,2%@729,2%@729,2%@729,0%@1344,93%@1344] GR3D_FREQ 99% cpu@64.687C soc2@63.25C soc0@63.875C gpu@65.25C tj@65.25C soc1@63.031C VDD_IN 17486mW/17580mW VDD_CPU_GPU_CV 7808mW/8382mW VDD_SOC 4197mW/4017mW
08-11-2026 18:10:19 RAM 7277/7607MB (lfb 1x1MB) SWAP 1431/16384MB (cached 131MB) CPU [3%@729,2%@729,2%@729,2%@729,0%@1344,91%@1344] GR3D_FREQ 99% cpu@64.187C soc2@63.312C soc0@63.968C gpu@65.75C tj@65.75C soc1@63C VDD_IN 17486mW/17580mW VDD_CPU_GPU_CV 8354mW/8382mW VDD_SOC 4040mW/4017mW
08-11-2026 18:10:20 RAM 7281/7607MB (lfb 1x1MB) SWAP 1431/16384MB (cached 131MB) CPU [9%@729,21%@729,3%@729,5%@729,0%@1344,92%@1344] GR3D_FREQ 99% cpu@64.031C soc2@63.156C soc0@64C gpu@65.875C tj@65.875C soc1@62.937C VDD_IN 17615mW/17580mW VDD_CPU_GPU_CV 8510mW/8382mW VDD_SOC 3995mW/4017mW
08-11-2026 18:10:21 RAM 7281/7607MB (lfb 1x1MB) SWAP 1431/16384MB (cached 131MB) CPU [2%@1344,2%@1344,2%@1344,1%@1344,0%@729,92%@729] GR3D_FREQ 99% cpu@64.031C soc2@63.25C soc0@64.093C gpu@65.718C tj@65.718C soc1@62.906C VDD_IN 17968mW/17580mW VDD_CPU_GPU_CV 8823mW/8383mW VDD_SOC 4073mW/4017mW
08-11-2026 18:10:22 RAM 7281/7607MB (lfb 1x1MB) SWAP 1431/16384MB (cached 131MB) CPU [3%@729,1%@729,2%@729,1%@729,0%@1344,98%@1344] GR3D_FREQ 97% cpu@64.093C soc2@63.25C soc0@63.906C gpu@65.593C tj@65.593C soc1@62.906C VDD_IN 17772mW/17580mW VDD_CPU_GPU_CV 8823mW/8383mW VDD_SOC 3916mW/4017mW
08-11-2026 18:10:23 RAM 7281/7607MB (lfb 1x1MB) SWAP 1431/16384MB (cached 131MB) CPU [6%@729,2%@729,2%@729,1%@729,0%@1344,93%@1344] GR3D_FREQ 97% cpu@64.437C soc2@63.281C soc0@63.875C gpu@65.656C tj@65.656C soc1@63C VDD_IN 17811mW/17581mW VDD_CPU_GPU_CV 8784mW/8384mW VDD_SOC 3955mW/4017mW
08-11-2026 18:10:24 RAM 7281/7607MB (lfb 1x1MB) SWAP 1431/16384MB (cached 131MB) CPU [4%@729,2%@729,4%@729,1%@729,0%@1344,93%@1344] GR3D_FREQ 97% cpu@64.187C soc2@63.343C soc0@64C gpu@65.593C tj@65.593C soc1@63C VDD_IN 17732mW/17581mW VDD_CPU_GPU_CV 8705mW/8384mW VDD_SOC 3955mW/4017mW
08-11-2026 18:10:25 RAM 7275/7607MB (lfb 1x1MB) SWAP 1431/16384MB (cached 131MB) CPU [2%@729,22%@729,6%@729,10%@729,1%@1344,92%@1344] GR3D_FREQ 97% cpu@64.062C soc2@63.281C soc0@64C gpu@65.781C tj@65.781C soc1@62.843C VDD_IN 17929mW/17581mW VDD_CPU_GPU_CV 8784mW/8384mW VDD_SOC 3995mW/4017mW
08-11-2026 18:10:26 RAM 7276/7607MB (lfb 1x1MB) SWAP 1430/16384MB (cached 131MB) CPU [5%@729,3%@729,2%@729,2%@729,0%@1344,92%@1344] GR3D_FREQ 97% cpu@64.156C soc2@63.281C soc0@64.062C gpu@65.468C tj@65.468C soc1@62.843C VDD_IN 17732mW/17581mW VDD_CPU_GPU_CV 8588mW/8385mW VDD_SOC 3995mW/4017mW
08-11-2026 18:10:27 RAM 7271/7607MB (lfb 1x1MB) SWAP 1430/16384MB (cached 131MB) CPU [3%@729,2%@729,5%@729,4%@729,0%@1344,93%@1344] GR3D_FREQ 97% cpu@64.218C soc2@63.281C soc0@63.843C gpu@65.468C tj@65.468C soc1@62.875C VDD_IN 17772mW/17582mW VDD_CPU_GPU_CV 8627mW/8385mW VDD_SOC 4034mW/4017mW
08-11-2026 18:10:28 RAM 7268/7607MB (lfb 1x1MB) SWAP 1431/16384MB (cached 131MB) CPU [3%@729,4%@729,3%@729,2%@729,0%@1344,92%@1344] GR3D_FREQ 99% cpu@64.468C soc2@63.218C soc0@63.968C gpu@65.593C tj@65.593C soc1@62.937C VDD_IN 17732mW/17582mW VDD_CPU_GPU_CV 8393mW/8385mW VDD_SOC 4073mW/4017mW
08-11-2026 18:10:29 RAM 7270/7607MB (lfb 1x1MB) SWAP 1431/16384MB (cached 131MB) CPU [3%@729,3%@729,2%@729,2%@729,0%@1344,92%@1344] GR3D_FREQ 97% cpu@64.218C soc2@63.25C soc0@63.968C gpu@65.531C tj@65.531C soc1@63.125C VDD_IN 17732mW/17582mW VDD_CPU_GPU_CV 8393mW/8385mW VDD_SOC 4073mW/4017mW
08-11-2026 18:10:30 RAM 7275/7607MB (lfb 1x1MB) SWAP 1431/16384MB (cached 131MB) CPU [10%@729,5%@729,15%@729,6%@729,0%@1344,92%@1344] GR3D_FREQ 97% cpu@64.125C soc2@63.25C soc0@64C gpu@65.625C tj@65.625C soc1@62.937C VDD_IN 17850mW/17582mW VDD_CPU_GPU_CV 8432mW/8385mW VDD_SOC 4151mW/4017mW
08-11-2026 18:10:31 RAM 7275/7607MB (lfb 1x1MB) SWAP 1431/16384MB (cached 131MB) CPU [3%@729,1%@729,2%@729,2%@729,0%@1344,92%@1344] GR3D_FREQ 97% cpu@64.125C soc2@63.218C soc0@64.031C gpu@65.468C tj@65.468C soc1@62.968C VDD_IN 17693mW/17582mW VDD_CPU_GPU_CV 8120mW/8385mW VDD_SOC 4190mW/4017mW
08-11-2026 18:10:32 RAM 7276/7607MB (lfb 1x1MB) SWAP 1431/16384MB (cached 131MB) CPU [2%@729,1%@729,3%@729,1%@729,0%@1344,92%@1344] GR3D_FREQ 97% cpu@64.343C soc2@63.187C soc0@63.906C gpu@65.718C tj@65.718C soc1@62.937C VDD_IN 17575mW/17582mW VDD_CPU_GPU_CV 7925mW/8384mW VDD_SOC 4237mW/4018mW
08-11-2026 18:10:33 RAM 7276/7607MB (lfb 1x1MB) SWAP 1431/16384MB (cached 131MB) CPU [2%@729,1%@729,0%@729,2%@729,0%@1344,91%@1344] GR3D_FREQ 99% cpu@64.75C soc2@63.281C soc0@64C gpu@65.218C tj@65.218C soc1@62.937C VDD_IN 17486mW/17582mW VDD_CPU_GPU_CV 7768mW/8384mW VDD_SOC 4237mW/4018mW
08-11-2026 18:10:34 RAM 7276/7607MB (lfb 1x1MB) SWAP 1431/16384MB (cached 131MB) CPU [3%@729,2%@729,1%@729,4%@729,0%@1344,92%@1344] GR3D_FREQ 99% cpu@64.156C soc2@63.343C soc0@64.031C gpu@65.625C tj@65.625C soc1@62.968C VDD_IN 17497mW/17582mW VDD_CPU_GPU_CV 8393mW/8384mW VDD_SOC 4001mW/4018mW
08-11-2026 18:10:35 RAM 7276/7607MB (lfb 1x1MB) SWAP 1431/16384MB (cached 131MB) CPU [1%@729,2%@729,3%@729,2%@729,0%@1344,93%@1344] GR3D_FREQ 99% cpu@64.031C soc2@63.375C soc0@63.968C gpu@65.75C tj@65.75C soc1@62.906C VDD_IN 17615mW/17582mW VDD_CPU_GPU_CV 8471mW/8384mW VDD_SOC 3995mW/4018mW
08-11-2026 18:10:36 RAM 7281/7607MB (lfb 1x1MB) SWAP 1431/16384MB (cached 131MB) CPU [7%@729,7%@729,19%@729,4%@729,0%@729,92%@729] GR3D_FREQ 99% cpu@64.218C soc2@63.343C soc0@64C gpu@65.937C tj@65.937C soc1@62.843C VDD_IN 18085mW/17583mW VDD_CPU_GPU_CV 8808mW/8384mW VDD_SOC 4073mW/4018mW
08-11-2026 18:10:37 RAM 7281/7607MB (lfb 1x1MB) SWAP 1431/16384MB (cached 131MB) CPU [1%@729,2%@729,2%@729,3%@729,0%@1344,99%@1344] GR3D_FREQ 97% cpu@64.187C soc2@63.218C soc0@63.968C gpu@65.875C tj@65.875C soc1@62.937C VDD_IN 17850mW/17583mW VDD_CPU_GPU_CV 8862mW/8385mW VDD_SOC 3916mW/4018mW
08-11-2026 18:10:38 RAM 7270/7607MB (lfb 1x1MB) SWAP 1431/16384MB (cached 131MB) CPU [2%@729,3%@729,3%@729,2%@729,0%@1344,93%@1344] GR3D_FREQ 97% cpu@64.437C soc2@63.218C soc0@63.906C gpu@65.593C tj@65.593C soc1@62.906C VDD_IN 17772mW/17583mW VDD_CPU_GPU_CV 8744mW/8385mW VDD_SOC 3955mW/4018mW
08-11-2026 18:10:39 RAM 7268/7607MB (lfb 1x1MB) SWAP 1431/16384MB (cached 131MB) CPU [2%@729,2%@729,2%@729,1%@729,0%@1344,92%@1344] GR3D_FREQ 97% cpu@64.031C soc2@63.187C soc0@63.968C gpu@65.531C tj@65.531C soc1@62.968C VDD_IN 17693mW/17583mW VDD_CPU_GPU_CV 8666mW/8385mW VDD_SOC 3955mW/4018mW
08-11-2026 18:10:40 RAM 7271/7607MB (lfb 1x1MB) SWAP 1431/16384MB (cached 131MB) CPU [3%@729,1%@729,3%@729,2%@729,0%@1344,93%@1344] GR3D_FREQ 97% cpu@64.062C soc2@63.343C soc0@64C gpu@65.593C tj@65.593C soc1@62.906C VDD_IN 17772mW/17584mW VDD_CPU_GPU_CV 8666mW/8386mW VDD_SOC 3995mW/4018mW
08-11-2026 18:10:41 RAM 7277/7607MB (lfb 1x1MB) SWAP 1431/16384MB (cached 131MB) CPU [3%@729,5%@729,6%@729,18%@1344,1%@1344,92%@1344] GR3D_FREQ 98% cpu@64.156C soc2@63.218C soc0@63.906C gpu@65.531C tj@65.531C soc1@62.875C VDD_IN 17850mW/17584mW VDD_CPU_GPU_CV 8627mW/8386mW VDD_SOC 3995mW/4018mW
08-11-2026 18:10:42 RAM 7277/7607MB (lfb 1x1MB) SWAP 1431/16384MB (cached 131MB) CPU [2%@729,2%@729,2%@729,1%@729,0%@1344,92%@1344] GR3D_FREQ 97% cpu@64.156C soc2@63.25C soc0@63.875C gpu@65.593C tj@65.593C soc1@62.843C VDD_IN 17732mW/17584mW VDD_CPU_GPU_CV 8549mW/8386mW VDD_SOC 4034mW/4018mW
08-11-2026 18:10:43 RAM 7277/7607MB (lfb 1x1MB) SWAP 1431/16384MB (cached 131MB) CPU [2%@729,2%@729,3%@729,1%@729,0%@1344,92%@1344] GR3D_FREQ 98% cpu@64.375C soc2@63.187C soc0@63.937C gpu@65.843C tj@65.843C soc1@62.875C VDD_IN 17732mW/17584mW VDD_CPU_GPU_CV 8432mW/8386mW VDD_SOC 4073mW/4018mW
08-11-2026 18:10:44 RAM 7277/7607MB (lfb 1x1MB) SWAP 1431/16384MB (cached 131MB) CPU [3%@729,2%@729,2%@729,2%@729,0%@1344,92%@1344] GR3D_FREQ 97% cpu@64.062C soc2@63.125C soc0@63.906C gpu@65.906C tj@65.906C soc1@62.843C VDD_IN 17693mW/17584mW VDD_CPU_GPU_CV 8354mW/8386mW VDD_SOC 4073mW/4018mW
08-11-2026 18:10:45 RAM 7277/7607MB (lfb 1x1MB) SWAP 1431/16384MB (cached 131MB) CPU [7%@729,1%@729,2%@729,1%@729,0%@1344,93%@1344] GR3D_FREQ 97% cpu@64.062C soc2@63.343C soc0@64.062C gpu@65.875C tj@65.875C soc1@62.875C VDD_IN 17693mW/17585mW VDD_CPU_GPU_CV 8237mW/8386mW VDD_SOC 4112mW/4018mW
08-11-2026 18:10:46 RAM 7281/7607MB (lfb 1x1MB) SWAP 1431/16384MB (cached 131MB) CPU [13%@729,4%@729,2%@729,7%@729,9%@1344,92%@1344] GR3D_FREQ 97% cpu@64.156C soc2@63.25C soc0@63.875C gpu@65.875C tj@65.875C soc1@62.843C VDD_IN 17811mW/17585mW VDD_CPU_GPU_CV 8237mW/8386mW VDD_SOC 4190mW/4018mW
08-11-2026 18:10:47 RAM 7283/7607MB (lfb 1x1MB) SWAP 1431/16384MB (cached 131MB) CPU [3%@729,2%@729,1%@729,2%@729,0%@1344,91%@1344] GR3D_FREQ 97% cpu@64.218C soc2@63.125C soc0@63.843C gpu@65.75C tj@65.75C soc1@62.937C VDD_IN 17575mW/17585mW VDD_CPU_GPU_CV 7886mW/8385mW VDD_SOC 4237mW/4018mW
08-11-2026 18:10:48 RAM 7282/7607MB (lfb 1x1MB) SWAP 1431/16384MB (cached 131MB) CPU [2%@729,2%@729,2%@729,3%@729,0%@1344,92%@1344] GR3D_FREQ 99% cpu@64.781C soc2@63.312C soc0@63.875C gpu@64.968C tj@64.968C soc1@62.937C VDD_IN 17526mW/17585mW VDD_CPU_GPU_CV 7808mW/8385mW VDD_SOC 4237mW/4018mW
08-11-2026 18:10:49 RAM 7282/7607MB (lfb 1x1MB) SWAP 1431/16384MB (cached 131MB) CPU [2%@729,1%@729,2%@729,4%@729,0%@1344,92%@1344] GR3D_FREQ 99% cpu@64.093C soc2@63.281C soc0@64C gpu@65.531C tj@65.531C soc1@62.875C VDD_IN 17486mW/17585mW VDD_CPU_GPU_CV 8354mW/8385mW VDD_SOC 4040mW/4019mW
08-11-2026 18:10:50 RAM 7263/7607MB (lfb 1x1MB) SWAP 1439/16384MB (cached 131MB) CPU [4%@729,5%@729,2%@729,4%@729,0%@1344,92%@1344] GR3D_FREQ 99% cpu@64.093C soc2@63.187C soc0@64C gpu@65.562C tj@65.562C soc1@62.843C VDD_IN 17575mW/17585mW VDD_CPU_GPU_CV 8510mW/8385mW VDD_SOC 4001mW/4019mW
08-11-2026 18:10:51 RAM 7272/7607MB (lfb 1x1MB) SWAP 1439/16384MB (cached 131MB) CPU [10%@729,8%@729,2%@729,1%@729,0%@1344,93%@1344] GR3D_FREQ 99% cpu@64.312C soc2@63.281C soc0@63.937C gpu@65.843C tj@65.843C soc1@63C VDD_IN 18164mW/17585mW VDD_CPU_GPU_CV 8925mW/8385mW VDD_SOC 4073mW/4019mW
08-11-2026 18:10:52 RAM 7276/7607MB (lfb 1x1MB) SWAP 1439/16384MB (cached 131MB) CPU [13%@729,2%@729,5%@729,2%@729,1%@1344,98%@1344] GR3D_FREQ 97% cpu@64.093C soc2@63.218C soc0@63.937C gpu@65.75C tj@65.75C soc1@62.906C VDD_IN 17811mW/17586mW VDD_CPU_GPU_CV 8862mW/8386mW VDD_SOC 3916mW/4018mW
08-11-2026 18:10:53 RAM 7099/7607MB (lfb 7x4MB) SWAP 1437/16384MB (cached 131MB) CPU [9%@729,8%@729,4%@729,7%@729,20%@1113,49%@1113] GR3D_FREQ 0% cpu@63.343C soc2@62.593C soc0@63.75C gpu@63.437C tj@63.75C soc1@62.906C VDD_IN 9021mW/17576mW VDD_CPU_GPU_CV 2931mW/8380mW VDD_SOC 2420mW/4017mW
08-11-2026 18:10:54 RAM 4370/7607MB (lfb 38x4MB) SWAP 1425/16384MB (cached 131MB) CPU [3%@729,3%@729,26%@729,2%@729,4%@1344,46%@1344] GR3D_FREQ 0% cpu@62.75C soc2@61.937C soc0@63.343C gpu@62.468C tj@63.343C soc1@62.656C VDD_IN 6140mW/17563mW VDD_CPU_GPU_CV 1234mW/8371mW VDD_SOC 1634mW/4014mW
