read_id	mean_q	model
9d811bd0-3397-4c31-aade-0d3f50683ab4	28.958	fast
eebd1ae1-32d1-46e0-9637-593669eb15b1	24.699	fast
de6f45ab-f1d3-48ac-b060-13fb779cdf58	26.226	fast
467cd9b5-1931-487f-b3da-72cc3b01cf01	21.377	fast
98fffe63-3944-44bf-ad46-28dc8a2dae38	22.643	fast
f5f10df3-ae9f-4ec0-bcb8-4cc16d25d298	13.290	fast
ca0cd238-de51-4405-ba11-dc5b88e09662	6.392	hac
90651ea2-ef6d-4f28-8432-d50de77efae8	16.192	fast
50bc9436-9eee-4cf0-801b-1bde03f4d2aa	9.719	hac
d491c8f8-cc5b-4dd7-9d42-b7ad20e49c69	24.121	fast
a90f71a8-5e0f-4d8b-bd98-3bc496a17f6b	22.919	fast
96f8e43b-d0d8-4e94-b28d-a2e557e9a6a4	16.434	fast
d13cea08-171e-48f2-95fa-3d72d3de9307	11.014	fast
1d817fb5-d14f-468f-8e17-f2686676125a	21.592	fast
b93e6f7f-9ea0-4045-8b6d-ab68eea64fa8	18.506	fast
39f81d24-3a67-4e22-9508-70f0c9249dcc	8.931	hac
ef90200e-49ce-4fcd-9598-e4b1e753a143	19.569	fast
db13ed17-bb68-4f9e-99a4-9f1f4b913897	10.484	fast
4725b3ab-1157-4a9b-98aa-5c1b76a12af1	10.959	fast
6464f495-6a27-4bc5-a9b1-b87433e501a3	14.942	fast
2ef0c3f7-f07d-4a7a-b9a3-894b119d6ea3	10.840	fast
a53f2ea7-520e-49eb-9662-999770755ba7	8.794	hac
8766bca9-51f6-4242-885f-23a4b73599f5	26.554	fast
2ac1c865-f330-4878-888e-db8c21316e46	25.235	fast
5193565c-3d23-4ac1-ba40-7d5d7e68101f	22.121	fast
6c4047fb-6c71-4f36-b108-13f110f78979	9.228	hac
f9a3f88e-dcab-4e1c-9b4a-1585e1d5b7f5	27.851	fast
6b95edb1-d613-40d5-81af-bfb18d4f96c5	19.369	fast
c05eb34d-e461-4db6-bd52-5e78a69b4f58	16.772	fast
7b9fb37b-b107-48c4-bf7a-d2f54a51e7eb	21.073	fast
774d1d65-6714-4419-9d01-f783cde9f4be	19.231	fast
bc77b3ac-3e28-4129-a98c-2f25b8258c50	23.505	fast
11284123-adf0-42c3-89e3-da80b08bc936	20.261	fast
adc22852-86dd-4b8a-b08c-8cc3457b133c	24.594	fast
a2397018-c95b-4c3a-996e-e7f3f8827d14	8.604	hac
a8fadb7d-313b-46f1-a439-9f40c6bee422	13.334	fast
efd8f036-a9d5-458c-95bd-fd869c109b9d	10.050	fast
1a2b09da-081c-40c6-9d35-7b02e57cc23c	21.339	fast
b369dd79-95cc-4820-8dc0-22c367ccf923	24.377	fast
0ef7d313-62d1-457a-9392-9320967a1aeb	24.505	fast
e2bf62fd-1e5d-48f4-926a-c7086b096de0	25.311	fast
2c4c0847-4fde-43e3-b8dd-9c1f1466e661	20.821	fast
6e05b368-2793-4cc0-a2a0-c8fa1398d752	23.421	fast
1a9ef587-000d-4469-bec2-fb3d2a44c4d6	21.276	fast
d8d7b3f4-2c8a-45b4-bccb-24a65c69df8c	24.857	fast
bbdb265a-3fb7-4b6e-b5b5-d8c26389450d	12.368	fast
43ee2e6c-1078-4d7e-8a73-3c5643fca78d	11.162	fast
29dbe493-fba3-42b5-9e7f-94ef5591b540	23.778	fast
a8a4bc9c-c249-4ca9-8acc-05896963c996	21.836	fast
2365fb74-4f47-463b-81c9-8b60780319de	21.488	fast
6bb33ea3-da60-46e0-9807-3fc788c9219a	25.356	fast
da10ec97-d4f9-415e-a9e6-fbd6d86bb5bc	21.057	fast
2f0f589f-278b-424a-a4f1-f83c3607015f	20.971	fast
d3df4fbd-17d3-4823-9bb4-623af7eadf8c	9.089	hac
910ff3a0-16cf-45ae-98a2-c66f409ab104	24.237	fast
82f8da28-00d2-4734-85ab-d0e5358c8d91	7.855	hac
2286c236-d2f2-433a-8bcd-9a0bc9d3aff5	17.668	fast
4ce50c53-8113-4968-8af9-90542e3f3059	15.625	fast
8ea5d910-4325-4a59-bbf6-51bca33ba273	20.779	fast
6cd6531a-282a-4625-ad46-2a1546f6e60f	17.680	fast
bf447b96-6b12-45e9-bc20-c4a9acbd35d1	20.022	fast
4752031f-2c74-4dc0-beb1-738480760963	7.130	hac
6f31d49f-de82-4377-9928-73723d91bd98	8.558	hac
094af89c-79cd-4c03-89d5-d095f8ff9460	23.424	fast
dfa79462-446e-4777-a640-563fffa09a82	22.517	fast
b949e288-3b20-47fa-9b31-3bcaeae61044	22.252	fast
52db5fdf-54c2-4743-9c6b-e239309e918b	8.466	hac
a1cc9baf-a639-4873-9d57-ec642781e2e9	18.850	fast
8f628a79-b758-45d8-a521-9a01a4f7c64d	23.784	fast
5030a3f8-e9b6-4c9b-9c19-a1a28dd7c0c1	19.040	fast
cd9111c0-362c-4d6d-b1e8-0dd454607e8b	23.207	fast
8d7f5b7f-fd11-476d-b522-4af8915567da	19.382	fast
2584ac16-6a6c-4e26-bf2e-a2cb7d8ac4e5	18.087	fast
6551ea1c-ec4a-422c-ab12-11541fb90c37	22.865	fast
b68dcf3f-b1f3-4943-ad41-2846d511bd0d	20.998	fast
26aaf95d-f9b2-46ad-82dc-818098dc979a	20.920	fast
66b7d472-a1e5-47e4-9500-5842449c3dfd	17.692	fast
1d55d688-e0fc-4088-96a8-116641a21964	22.550	fast
65073b23-c70a-4455-9ee2-5fcaf88e25ae	19.838	fast
1b90bf2c-f351-4238-9940-040ee18f8e12	25.555	fast
443ef4c5-7c5d-4e28-9aca-13ab73626259	25.682	fast
7bb9806b-66bd-47af-a550-92b82f786853	24.010	fast
831f697c-b7d9-484c-83cf-dbb3262cbd4a	23.431	fast
eca58389-dc02-4db8-8dea-9642294875d9	8.720	hac
421e119b-b98b-4a62-a7e6-638e968579b6	23.503	fast
265e330f-d863-4b7c-8549-8c29d41077e1	20.529	fast
3e7173f7-c68a-4dcf-9d4f-6e93eff21cd3	26.759	fast
4f6cc06c-fe11-4c2f-b289-de48a39072e1	7.865	hac
2777052d-0346-451c-a7ae-3c099ff6a3cf	19.396	fast
d27069e1-7f27-4a02-828c-962ef4c05e21	8.102	hac
bca620b2-916a-458d-9c68-154a866fbd56	16.817	fast
446f05f6-b8d0-4036-afbd-b7b762089df5	25.912	fast
5f6b9b2b-e610-4874-be88-74489681534b	19.245	fast
2df0bcad-b58d-49b9-ac71-eb2c7dd6c91c	21.659	fast
5ba208e2-fc1d-40b4-907f-160d3e1c623f	7.101	hac
dccda846-ab99-48eb-9c0b-f953d9a03aef	21.416	fast
d5bf475b-64bb-48ed-b32c-5a9edc683a4a	22.399	fast
44eeb15b-e6bf-451b-8adf-abdce2e1e7b4	19.055	fast
4d0189ed-9ecd-46f8-8357-e2d426f03874	8.611	hac
eaaf7dc3-4cb1-48ed-ac7e-157bd256b816	25.977	fast
62557988-70a5-427e-b93c-a2f6328f6d33	16.658	fast
d64edb19-4c9b-4fda-8e1e-98c4e6aa903d	24.050	fast
e3c885a9-c791-4393-93fc-0e296f8d5b7b	25.588	fast
ea8db053-1304-46da-8d73-ae0202e8ad96	25.900	fast
b8a6c550-5ba7-4ff0-9450-db909ebe6faa	26.092	fast
f15672d2-d886-4642-8f82-560d7eacdf52	23.298	fast
b0994975-5fa7-4a8a-bea8-e53e33d316f9	22.610	fast
2c599e88-dad7-4cb8-9bff-3986b4252847	15.391	fast
0b4394ae-93ee-43c9-a5eb-338f3bfaf048	22.025	fast
3a7d80bd-d1bc-4d5b-9b08-d7e119c980eb	24.746	fast
b11f4bb5-93bd-4f7b-aa48-2ac0c5136791	5.747	hac
4d3bf693-c2df-4f98-8751-a71c2f680860	24.438	fast
b06aa798-852f-499f-9017-5233fcefbf1c	8.059	hac
0e354561-bfb4-4485-8852-8fe9141d2151	18.808	fast
97c58899-18e4-4929-af5c-bc3b918452b8	16.594	fast
fca00c22-48dd-483c-8cf4-0393f6de9a6d	26.398	fast
52488853-bd56-4794-aa07-e5493bdca3d5	20.874	fast
e6246adc-6c41-45e7-80d3-4c5863e049c0	22.271	fast
ec9ef5d7-30e8-4bbd-b431-11aa4259537b	22.578	fast
3fb73b06-7755-4886-bb3a-ce42dd598a98	19.615	fast
d2686723-08b2-440f-9338-4a7274ae6f28	24.254	fast
ed7f9060-6f0b-4b5d-8c21-16d432396fd0	22.983	fast
0785cc7c-fe68-4192-b4b8-cfa28b0711e4	9.142	hac
01d0d109-beaf-49a7-8b03-a7902cf06838	20.145	fast
72b27170-d1a9-416a-abce-ce5ddc985c3d	21.676	fast
666038a8-da42-4d2a-81ea-f7548a701eb3	20.832	fast
671a1016-40e1-4858-8b2f-aaeeba97284a	19.588	fast
3a8437de-97a1-4ebe-9163-d13a98067262	19.499	fast
6485aca0-e57c-445c-9021-7243b9f4d5d7	6.303	hac
df5e19b7-29e8-4aa1-84e2-b6e7684eecdd	27.029	fast
e82fac40-c071-4c8b-8dff-64fc26fc7f67	23.069	fast
e7aa1b2b-3b64-4ef1-ab90-314a2cf33a63	22.941	fast
ae8a30a1-e156-4212-b006-0bb05145c816	13.597	fast
d45a32d9-9ae0-40e7-b0ee-5447a227af45	23.396	fast
5bd72135-2b51-432e-8bb2-52af2c2bcc23	8.940	hac
15bcfdd9-410b-4e66-8ca2-7532e83fcc45	5.657	hac
4542a923-0dab-428e-97ca-0b23acf62327	9.488	hac
54eb350f-b040-44a8-973b-ede21862814e	23.453	fast
89c6663d-2f8f-4406-8e39-b55f3f8fb89d	29.354	fast
bfa19a68-41a6-4c14-a48d-26faef4c0967	7.728	hac
9f9b9c6b-4431-480c-bd93-93b23222c270	14.823	fast
2851cf9a-5fce-4aa9-8e23-2d2f4aceb9f5	10.938	fast
6ade6ecb-1889-4376-97d3-7669b9139d90	25.788	fast
71f5ac58-873d-4d03-9e90-1b4057bc037e	26.036	fast
e2f2c132-3982-4014-9c94-568ee4267797	13.604	fast
5cf24e38-d56e-48ce-9fcd-726a2901876e	26.535	fast
f77dae07-a1a9-4cdc-ad8b-581d8aed2374	25.489	fast
57310615-f867-4703-8367-7421d07185a6	7.672	hac
384ef248-2719-4c63-8885-c7525c730ccf	23.478	fast
d2a396e0-12df-4f16-9eb4-ed15ddb1e4dd	31.369	fast
c7adbe2e-b9e3-4b84-bad7-03929aa346c0	27.200	fast
2367e3c3-5c9f-476c-be79-7e452d678241	8.726	hac
8e63d280-3d32-49d7-82dd-d8e8f7386dc7	24.618	fast
fde8fea5-d16e-4db0-85a2-b4368d224dd1	24.627	fast
a8739616-d836-4bc2-b23f-a342e14fc0a3	17.507	fast
d9a7997a-d099-4547-9b61-9597e3c5d19d	11.665	fast
e962bbf6-d505-4f25-8102-67e469a3ac28	25.649	fast
3d2fd36e-19ba-4f23-b424-8a6351d2e60a	21.123	fast
a3a64d80-74ea-4b49-9bec-53c40c80aa11	25.178	fast
060ccee5-8d0c-4634-8837-58f68f99f842	9.154	hac
cab92519-07cf-420c-ab85-910035a67ad0	9.951	hac
9057969a-4080-49ae-9220-a68f175d4363	25.562	fast
86fa5dff-de67-44b3-bcff-10bd44b462f4	26.310	fast
da323acf-feae-4c52-9e4a-5577ae4f5794	8.632	hac
60fc51ab-46eb-484d-b3d3-a87f5969bd42	9.462	hac
d63e2c27-8fc1-4bdd-a31f-290c5cb2e7cc	19.731	fast
91ee987f-21b2-44ad-bb3c-379216d4ced5	9.672	hac
5602c6a5-7718-4f87-bf83-e1698972696e	15.050	fast
b77e67f2-0283-485e-87d7-8ec08361fb9b	22.317	fast
389e78cf-cbac-46f2-bfb0-b0299219f314	10.281	fast
962b67ac-2ea2-4de4-86a2-d7e1ae0cc3c0	7.758	hac
b9e8a04b-aa5b-40f0-b4b1-736fb4684c10	24.332	fast
7706a2e8-6964-4191-ae12-a361ac7c5029	21.714	fast
d61a6a21-80b3-4fb5-ae8c-c9ecf23d2104	27.413	fast
2b81f288-2c47-4285-b76c-a4e2fa602fd2	22.012	fast
957d5c7e-4b70-4103-b437-830e6dafda0a	23.405	fast
af659e7c-2fc1-43b1-89d2-4f70c0b6e94f	25.000	fast
9a9001c2-59eb-4803-9de2-f25099f62af9	22.443	fast
90d7aa70-02ed-438a-bffe-68fe22239029	19.991	fast
06ea4ec2-cc9d-4136-b7ce-e926df4f1e58	23.654	fast
87cfd9fc-ba61-4f87-8f15-acd745c2aab6	21.441	fast
2fadba63-9903-4f12-8471-6412693b29bb	15.685	fast
4631729b-870f-445e-b0ef-f6f4926ee221	18.992	fast
ce1b250f-6ca7-476b-87a1-50e07dbbfc9e	5.726	hac
69318fc1-1f54-4aea-9048-518f68305946	25.309	fast
223c57ab-5519-4457-94e6-0d5eec261978	22.632	fast
aaf42cec-3a4e-4a91-9bee-3e03c0ea31d5	23.903	fast
d288f3ec-e8ca-42db-8549-7e433a4d6286	5.255	hac
291ff4f9-3555-4849-bac2-97e6310162f6	9.369	hac
ecbe0487-7609-44d1-a6b6-cabb886257ec	10.710	fast
cbb0b250-9a0d-490c-84ee-112f2242b3f2	22.945	fast
c38a20b9-7f96-49eb-9452-4945a6a2833e	8.781	hac
2646b486-489e-4d99-b67c-b897501a0680	17.870	fast
c7b2bb82-3902-4678-8664-d93693ee1341	16.300	fast
7c866ad7-7f30-4845-88ef-f40abfbd0901	9.950	hac
112f2a94-b945-4dcc-a6e6-4073fde544c2	20.190	fast
32bb7e5e-12ce-4061-9dad-48114639b5e2	18.722	fast
1f45820b-2d1a-4744-b8b6-a62c4bb56e14	22.923	fast
3a1302f3-ad32-49e4-a396-6dd47732609f	26.486	fast
ab9edea2-913c-41d0-bfa1-3c71cd478167	25.679	fast
c7700e41-0992-4b83-a6cf-1022fa4a2153	8.297	hac
6621d6f5-e2c2-4b67-b37b-958bb84d784b	27.660	fast
0cfe9248-8bfe-465b-bce0-44b7b5835374	23.250	fast
09987f59-10eb-4046-95be-93af2e30a878	9.551	hac
46637468-b7b1-4e7c-83ac-6c97a554ea74	24.032	fast
eb41ab66-2d8a-4888-8617-99f1e6dc0386	26.875	fast
ec068562-ade0-4de1-bd05-a7852cc06f7f	22.845	fast
4f8f970b-9ca9-4820-8ae3-9898b3b27e5c	24.253	fast
04cd815c-0c59-4130-b2f0-b01b23bed178	24.985	fast
f449e0b2-9b66-4e39-8c1e-35e657b4382e	25.687	fast
e8bc4334-0a90-42f0-a6fc-1830d0f4cd59	24.321	fast
1883ee64-1f24-437c-b251-9d141730f991	21.049	fast
658fe1d2-4dcf-42da-a571-5cea4655dbd1	15.813	fast
44c34bb0-8365-42e6-90c8-52b28a1dee5a	23.394	fast
caf4259b-bc9e-43d6-8676-22b7cb31948a	8.355	hac
f5efc3c1-b8b0-4036-9ab7-fc40ced30e03	26.443	fast
eb6f1973-09a9-4cd2-9551-2f729c797645	8.600	hac
9f25f9a4-b9a6-404c-b590-9a875a88ecba	20.430	fast
7b990a79-d854-4bcf-916f-a92738856fce	10.099	fast
293d90e0-9398-4727-b531-550fd1c978ad	23.862	fast
d1f46e9f-d802-4cc9-b093-cdd62a3080bd	25.913	fast
db658bc0-8af1-4b86-870c-87e9fc0e31dc	24.006	fast
c9d748d6-05e5-4576-8a5d-7b9c91bac70a	25.899	fast
1b036fb7-6798-49ec-8a00-786eccce9320	23.400	fast
216e17cc-5922-43e8-94f5-1d596e29f033	9.867	hac
4f510871-c18f-41c1-9ccf-cf55e2a99381	24.033	fast
fa37807d-cec0-48ff-8811-777a69a30ec9	24.398	fast
441cc36b-ac3a-41e5-b20c-a8e226a76cc2	8.025	hac
0154ea21-7f41-4b27-9583-24e5fb577bc4	20.187	fast
5c4ecd98-5e46-4359-9740-e6f4676702d2	6.894	hac
820d4156-909b-433e-9e94-a9d84bab1b52	18.183	fast
bd972b19-67f8-402d-903c-7273ecfbcdb6	22.268	fast
5f0a2dfa-1c32-4365-9ef6-124d9d3996b4	23.196	fast
e6e773ce-7a07-4bdf-bc5e-1944aed60b7e	13.631	fast
6c92455e-1c25-49e5-8039-ab149a097992	9.167	hac
74d84cd2-6396-4b2c-8cd3-d1c1fd21c7dc	25.218	fast
9b6e17fd-1456-46e3-ab43-c8e6ddf4d263	25.047	fast
c5861f40-d144-4323-80ce-7523af4eff4c	25.402	fast
25015ea2-7dd6-4475-bdd5-5775b9966ea9	5.172	hac
9a2c7d90-391f-4b8a-9bb5-c45a70623b53	26.566	fast
18885ac1-7527-4625-8acf-00c19ebe536a	18.225	fast
a8233fd7-f14b-4c2c-9795-79be315385d2	23.179	fast
5bc9f955-234f-4b36-9fec-b2c1a8a95925	8.906	hac
8b6454cd-7851-488a-bb3a-16a53df94886	20.100	fast
640fe633-5c37-4192-80cb-7a0655a3d933	26.297	fast
0e8c083a-8aa9-41a3-8e3b-72e724b4ec82	27.870	fast
9aa1e04d-ca6c-4582-9926-5934967c197e	22.750	fast
d87226e4-5046-4597-8cda-3e0693b33066	28.627	fast
051e4f59-b4b6-4c83-98f3-47938ad94c17	22.463	fast
86fb9318-13cb-4a93-9d30-6e788f97312d	24.707	fast
42fc19fa-ab8c-43f7-8423-352730da18bc	24.014	fast
180b4185-245e-4601-afed-8c3bb6367a3f	26.257	fast
841f7ed3-9a19-4716-bf03-1421271815ac	17.328	fast
30a498c4-fcce-4196-9bed-e76ea1a8158d	25.648	fast
fd8b3f53-31cd-4a2b-be70-f1187549b1d1	22.253	fast
b956d82f-7d74-4704-9b87-1c06b1f428b3	9.342	hac
513ee6d8-4468-4098-9a2a-8f0d41a0e7ab	24.107	fast
0879b5df-7931-4a9c-90bd-d6541ff4c250	6.237	hac
5b99626d-fe16-4cee-b8e7-ff965443b61a	23.040	fast
10fddc64-2569-44af-82ce-4e8213e7029b	7.181	hac
cd725a44-ebdf-47f6-90ae-aa127ac0e9aa	22.922	fast
857c8e21-50c3-4662-92e4-f3ec4ed0c487	24.859	fast
942fdd53-fa4a-47b7-bc59-d6bf3441a9ed	24.992	fast
c7ba0083-788d-437c-a533-d278223f47da	21.478	fast
347e9cf1-0ec4-466c-87f5-7b1a15462e20	24.539	fast
77010f13-f486-4f2e-89b3-e069ac57ee12	23.656	fast
128cd468-caac-47e8-9058-c5df8851b9cb	23.383	fast
7cf4d1a5-abec-49b6-9d43-7c36cbbee8c7	26.001	fast
820890ce-93c0-444b-b476-fa6b67469734	12.303	fast
ad4083b6-8789-4cdc-8753-aebf6d86a39a	7.127	hac
2579700e-805e-407a-9c2d-6ada7456cc14	17.181	fast
9bf42d68-36a1-4625-97ec-798480d12bd8	16.192	fast
400fa89b-fb87-4ffd-8307-c7432b3e3335	6.709	hac
b45f27e8-67f3-410c-8a89-ae3d0c64b3dd	19.435	fast
27743612-f1e3-43c6-9cdf-5d4b46edab2b	23.992	fast
e1d5a4b3-b556-41b7-88e0-d2a1590b71bc	19.796	fast
10d73562-db24-4028-86b1-63d6f36188ca	24.968	fast
89b5fee1-17b8-49a5-a07c-31f87bd00420	19.532	fast
392c6493-b70c-40cf-9528-ffd1b259a4db	8.593	hac
b0541107-e958-48a4-b621-bbde03bdded8	25.677	fast
9560a65a-ec81-43df-a223-65a39b258e8a	23.931	fast
5d6fb152-d51c-4684-88cf-0325def408ff	24.339	fast
90919aa9-1afb-4fd8-8a82-99016adc6403	21.149	fast
5dff0be4-4ad8-4d5f-ba7b-c15811c5fd13	13.575	fast
496c4ffc-40e7-4f81-91c4-f2c57008ceae	21.499	fast
03a031ce-12b2-434f-ac08-c90ae1410e89	20.444	fast
ca812a47-4bde-4afc-a870-df70214d6b67	21.956	fast
a325bed3-e36d-4984-8bbe-77b58ae19048	25.954	fast
b89ef293-5e87-46f7-86f9-46eb560d7586	21.931	fast
28d97773-5d06-420e-b955-aec5f9748602	14.787	fast
4c41e96b-7bc4-4c28-aa69-ed205a01a7e3	25.330	fast
c82e6f42-5505-40de-aa4b-b1f39a53a522	9.103	hac
dcb3ad09-2812-4873-9f00-4ef3adfaf200	24.236	fast
2b0ae5ec-479b-41f3-9cd6-eabb0f733d46	8.126	hac
6b89fce2-e01d-4dea-8043-77aa82ca4de8	24.802	fast
b5ee0e86-511b-4372-8d39-059eb3a50650	22.220	fast
0bd60fd3-aa20-4ee7-b7c2-64a079948f04	22.688	fast
5f5b4a29-c3e7-4f87-94e6-b1b3c3ab6581	8.028	hac
60b4aad1-9c62-4a1d-bfea-a0ec39c19841	5.951	hac
291d5527-f54b-4385-80ca-1c34d60e8d22	25.518	fast
f740ab20-ec12-457c-9ac4-65e800266002	7.428	hac
5beac3cf-64a5-4aec-877f-a24c0e71ace4	7.326	hac
714d2aab-fdd1-4628-b538-2f5f4bf5b883	4.921	hac
f7274545-44b8-466d-b181-fd82fef2e8a6	23.756	fast
e89e97e4-6a3b-4d4a-a2a0-7f43c962d8a3	16.021	fast
e87b30b6-9795-4c44-a1a4-bb2c04b73bc9	24.588	fast
b9021754-4173-4652-86be-6dc9d14b644e	19.105	fast
71a95728-75f5-4984-9b58-62cffe33cb36	7.123	hac
9b595c9f-ee92-4b40-8b81-55100d7557ae	17.122	fast
a67ca670-5215-42bb-8ba2-eb962e2e68ca	23.289	fast
305b0816-1879-450f-bbe8-f10684c7f764	22.791	fast
c0100185-17b7-40eb-80e4-7a78c80db59d	25.089	fast
22a27643-25ca-4e0e-a30d-4f8f35ea7b72	11.087	fast
0208f5a4-114a-4bbf-8fc0-007dca36ae0d	23.057	fast
ce33ee7a-f52d-4445-817c-5b67027ed1b2	21.905	fast
10b71499-6b22-4869-aa19-b413f3ce33ed	18.910	fast
2082d0dd-d218-4aa9-a638-3058027720ef	10.109	fast
a824e48b-dd0e-4221-8bb0-4ddab5a35542	24.407	fast
bf74e052-078b-4965-b5ca-7192fb67c676	7.743	hac
d523ed60-3972-4340-b691-7cc020b81277	16.902	fast
93d3ab30-5fe1-4a8a-a724-334bb8e1c720	20.271	fast
57daaf54-13e2-4cd4-810a-9e3934865e64	20.456	fast
c7e8534c-d49a-4399-a69a-cf4b592c7a54	23.934	fast
49f96608-d814-4e81-aae6-63abaae9de28	23.757	fast
3774f060-9000-48dc-8f72-aed03c60a74e	9.818	hac
9a552fd7-d32c-4ba7-85c1-71de4bab0f4b	25.893	fast
93f3c27d-574d-48c2-bce5-df399abb58f5	21.695	fast
3df89dbd-5732-4d80-8848-8fe74f24629b	22.225	fast
e9692163-4c92-4519-a57e-22d4cd074ce9	22.005	fast
28690e53-42f5-4f1c-8063-b1dca659ca7f	5.775	hac
c92cc6ac-303e-4952-9ed8-9ed41a6cbc19	14.992	fast
846631be-861c-4a53-a0d4-ccf661e4af84	26.255	fast
b5296fef-a86d-41eb-8d02-96550e3a997a	21.811	fast
51ff4cb3-85ba-4c68-897a-38a197894bfc	26.226	fast
8f26d8b7-3df0-4f28-a73e-0e0386aeadb2	21.759	fast
d4e12e1e-2815-4ca9-bd3c-505615a02acf	8.779	hac
e181cccb-48a2-46ea-a6d4-ad37d2a7c3d4	21.359	fast
80be33e3-be67-4261-afff-496f72929674	20.626	fast
601e1dc2-132c-413c-89ab-417cdeefb301	18.223	fast
04f9ef9f-a258-4193-89b0-16b65d090304	17.922	fast
2fb53af5-60f5-4a43-bba3-989c30011852	10.665	fast
32575567-d784-4bdf-8ce3-a348f91c4fbe	23.375	fast
998c3964-f991-49f5-a3f8-4f22d675d5d0	21.571	fast
1fa49e0a-dd0b-41e1-aefb-da3105f62b5f	23.604	fast
352643e1-7f23-4f42-b78f-20cad944e293	18.124	fast
0ab86890-0cf9-417b-b3f4-19047032c8ae	10.397	fast
392fcfe2-883c-4c6e-bdcc-f16c1100b61f	25.244	fast
21b944fd-48b5-4d4d-b76a-f39cbe086645	24.155	fast
740ee7ed-2f36-4d9d-9cee-70f395c6e903	19.324	fast
44d29421-9fcc-4389-bffb-924d89d0028a	24.397	fast
e9a64733-ef18-4453-b56c-407eb6b1ae53	10.027	fast
19d2a322-47a4-4815-8141-3a3ae326b243	8.683	hac
6da08e5e-0978-4d89-8142-4ed4bcbfa362	19.190	fast
1e81ee7f-3a29-4d7f-8c88-6dbefae61538	17.853	fast
66fb37ef-d05f-435b-8d8a-03b90e2df9b7	24.823	fast
fc6d3ee6-6c2d-44bc-87db-60d7c0a4653d	8.395	hac
dd36c777-4ebb-4953-acba-de7001ba6230	24.701	fast
300b3a4b-dbca-4ce6-8b95-3fd09f021e7b	22.542	fast
7e12879e-930c-4dfd-a918-1ebe63ea5ee2	5.819	hac
d707166f-2eef-4577-acc6-c6fff2402582	28.538	fast
1a7a867d-6bb1-49ea-b10a-71b009884e9b	8.331	hac
8f663d6e-652e-4625-ab73-04c750b05415	25.433	fast
c0505726-642f-43b4-b960-5846f6b71f0b	25.666	fast
9a347eed-bec2-4edd-8832-4f1ad99f0be2	18.385	fast
144288c6-e1b9-415f-88a5-ba769bdb2712	6.785	hac
5148a4de-62f4-45aa-9fe4-c3873fe1b53c	8.407	hac
e3f7ba2a-cb78-4d7a-9024-abba7e4642dd	15.673	fast
338b04a6-358a-4162-9b71-322a4ffd7201	25.803	fast
1e45a4f0-b304-4072-8643-cd54de455902	24.096	fast
e974a02d-5308-4351-9ae8-bd77e14e1858	24.103	fast
506eae42-a138-4ec7-9ada-3d4edf36eeb2	18.238	fast
63c7e509-90d1-4b16-a38c-c5b5592889cb	23.489	fast
bf32fc33-9b38-4eed-8d2a-313253c23f70	25.863	fast
3ea7f4a5-a9d6-4e78-8ade-a12db3745299	20.267	fast
8d3f7902-3132-4d7c-98ab-89c3793892bb	22.593	fast
cb1dd745-adf2-48fb-99b3-9571db1109d5	21.762	fast
77dfd2c5-0802-4963-9679-1b05b07711b6	16.945	fast
43099e87-805c-40e4-bf90-7342ef42d2c6	23.539	fast
cdc25f6f-c601-4002-b46c-b0fb26b38805	24.767	fast
98e09cea-9bf2-4835-a3b7-8b1a96bb4a93	22.652	fast
05655f8b-ca26-4b33-be7e-17c2a6bacf44	22.643	fast
932013b2-f18c-45d9-ad68-e4b46a23d7b7	14.949	fast
867aa7af-3d92-478b-8a94-c7ed6a48ac56	6.936	hac
f0867e36-9b8f-421b-b315-855ace823603	17.756	fast
3dac34c0-b84d-412b-95a7-3e2eee11895a	21.754	fast
e337985e-1c67-4bfe-92c7-ebb14fa07658	24.326	fast
bbcc193f-8d66-446f-8046-f9fbeec2a09f	8.834	hac
6495bbc5-aa65-4e95-aaa8-7b0e98b338c7	19.670	fast
bc7164b9-a17e-4c58-a075-9d0ab903789f	21.525	fast
baa5e8fa-897f-4e18-bac7-5812cc757cbd	25.665	fast
e592c571-d4e1-4452-ac27-03f28f64ea2a	20.718	fast
b2625dfe-917d-4133-9ed9-72e598ae9a07	23.197	fast
9ac325c1-b7e0-4a48-a43b-e61153f5be28	25.305	fast
4bdea0b7-fdf7-4bb4-832e-a01e0fc56a54	9.763	hac
4a8921b8-4c9e-4532-9533-c61365e020cf	27.112	fast
65cb807f-92da-4a0b-8ba9-affd14e634d5	19.589	fast
f7d7d9e1-a4af-400e-9087-8c6ae1f2d491	21.832	fast
0c71bbe7-3d78-4f64-887b-32c7ff3ce4a9	21.881	fast
53818960-35a0-444c-a0ef-2a9fefbc7bd7	19.529	fast
bd34c508-262d-4d8a-84f9-f1d8a78595d7	20.362	fast
a23bc3fe-95e7-4a58-91ad-06e61121d8e5	22.529	fast
f1fec1cb-9d44-442e-8fe5-98b44c85d096	16.336	fast
5bfc32fc-ce99-4208-a43a-97947b1062b1	25.328	fast
a6fb5eb5-23e9-430c-90a0-c003abca9f54	21.845	fast
1e5f99ef-f8a1-4834-b6f2-92b8ad59098b	11.977	fast
bb454525-3393-4ba9-860c-2d8f37c5bb18	10.686	fast
8cc07d85-59ca-4291-9622-19ee93dfbd5c	8.788	hac
990e401c-fc27-454d-abff-399047c5c6fe	22.712	fast
87dfcd06-5d65-4f2f-bd8b-c05addd36fae	27.459	fast
58a650a9-92de-4e4b-85a3-68569a1bb7fb	20.531	fast
4a20ed70-74e3-4d58-88dd-b3e565429b2b	17.279	fast
85c4a3ce-ee85-4660-849a-1a7377782218	21.318	fast
3a9f7eb8-5dc7-4f16-9040-ab16f019745e	25.345	fast
bd0885f0-6b37-4d8c-97ef-0231c26731ac	24.311	fast
ddf28d58-fc6d-48bf-b0b4-a679b51f225c	10.626	fast
f446a74c-7b22-4809-9ce9-57d545355d24	24.151	fast
03393b55-1e84-453e-adfd-14d3e296a948	21.693	fast
b9a443f3-2330-4dca-9266-59f7b93f7e51	7.461	hac
cf61c1b3-4978-44a5-95e1-229e7867220a	22.695	fast
410ff2c5-a32c-451f-8042-47552a4cb7f5	24.466	fast
91fe320c-4c49-40c9-b075-ecafc3045f19	23.278	fast
1dddb7d8-c34a-457a-a663-df64ef776ce4	17.391	fast
8ba85dde-83dd-4f63-8a4c-9fdf649adae2	24.355	fast
e4a0acf0-3073-4835-9a50-0c3b08cbc4db	7.855	hac
23273a6f-c4a1-4c8f-acde-fcc071b9070a	27.257	fast
467183fd-c3e8-4091-9389-8cb611b05ab5	15.147	fast
7088d62a-f5c7-4bed-8421-dd532c24a4f7	7.440	hac
de635f25-e534-4745-a598-c00d09522bf3	8.509	hac
c70373c7-9cf4-46e8-a0c4-a4f675a0280c	27.917	fast
2b6500f8-54ea-4148-aaa5-ef87cb7d3bf7	10.093	fast
c2e6c6ee-3e96-45bf-8261-fabeb1b5ad63	19.934	fast
30ea2eae-3943-4572-907e-2e5c61cd90f6	22.659	fast
7466ae3b-b61a-4c5f-bc00-96fe41b88327	26.328	fast
68a9bb09-5866-4ecc-9a95-e853b2b58ca8	20.876	fast
d6840916-c166-47a2-8c8d-dec67660d408	27.087	fast
69cd8c35-d672-47bf-b067-b21f3ce286cb	8.357	hac
c155324f-3e93-4dce-98ff-2e26dc89b9ba	25.280	fast
2bd3bd48-438b-41fe-8674-924b6bc09b22	29.417	fast
ce802634-f0d1-47b2-b43d-b7ae0f4285aa	7.872	hac
48b9133d-7a1c-47f5-85d9-bf4ba3b502c8	19.826	fast
a961c897-99de-4498-a84f-390ed9226dd6	23.562	fast
a69d0e1f-c157-4086-b314-1fb5f1d296ea	7.868	hac
79912888-e44f-49a8-b45d-60c16c562d9f	8.367	hac
3d7dcdd5-657a-4277-ae24-8f5730cd0b26	16.226	fast
39983595-a1e0-493c-8f37-350ac42d1ac7	24.888	fast
0ea04117-2097-42be-9280-a7d5990962b7	19.637	fast
593bcf20-b132-4f4b-b327-8ad9689fc7ff	23.331	fast
c71acf31-62e8-40ee-9c91-c684e100d11f	21.679	fast
52b4a93c-2da9-4c37-b5b6-6031ad7c8ed8	22.677	fast
808087f8-9ef7-479b-8fb9-3daddba017d1	22.023	fast
cd41590a-49bf-43b9-8925-c4469ba323cc	23.048	fast
75426630-9f8b-418a-94f5-c97f38106f0c	11.725	fast
77939ce5-7f11-4721-ab89-774be3a3a3ad	16.290	fast
286390a3-ee89-4c75-a8b6-e7e44732fb54	24.329	fast
51d76f7f-dadd-46ee-a3f4-c73a29099854	22.695	fast
636454ad-248d-48dd-94fb-a7bf106167a0	24.891	fast
33e2efbd-aca1-4b4e-a79d-a2af08867464	23.447	fast
0668b69c-85b7-460d-89d6-54b80e3b3590	22.833	fast
c0debeb3-a696-4096-b08b-d14dff2d4529	10.411	fast
cc0a736f-61d7-45f9-9350-25af24346b3c	10.137	fast
ee020c7a-ed94-4e53-af4c-4e37421eb58b	24.275	fast
b9afce81-0e83-422a-86d3-0e6e6aab9f00	24.395	fast
263d988e-7f10-4a6e-96d9-8e2ca30f3e9a	25.437	fast
04611a3e-4d27-454f-913a-717ef080d004	19.505	fast
47d8ef7e-6341-464a-b218-a3988252ce47	25.326	fast
d68e08bc-6bf3-4b6e-a281-d86504648464	15.541	fast
8750804d-c77f-4854-af21-ae5398ac9f16	12.629	fast
2b370f20-b835-4855-89e2-564409ed57e2	10.733	fast
9f5dcb50-0c60-46ff-aecc-cf97383f44ca	20.586	fast
79998ef6-6b53-4c35-9c31-5157354d77af	23.868	fast
53f28362-29e4-4187-92b8-b2807bc45a9a	21.676	fast
32b4f651-66e9-4c10-9e37-6e1fe4f3e291	22.790	fast
a5c624f0-2b1f-4f9a-8b7e-227b512eea52	23.225	fast
48f254d9-65c0-4396-bcd2-c47026ef1136	24.267	fast
be945a97-c58d-4c10-b8f8-43ac492dea9a	25.703	fast
b92495ae-03e7-4ba2-8bca-ae30125af275	20.169	fast
a330b24d-b9ff-4450-a56e-600fc8b34dba	21.959	fast
83886907-08a5-4f23-84b9-f0614f579b8a	6.330	hac
d05ff66f-84be-4169-a3c2-4c88ba59e896	17.423	fast
7fba2996-2e1d-4b6e-9e2a-6df1887d2c9e	23.012	fast
6fd06f7e-6540-49d6-8b5c-b7ebad2ff687	22.803	fast
cc9fd3f0-f3c5-4f41-8333-fe6e0bfbbd44	24.085	fast
850d10ed-499c-4c9c-8df5-19f32b6cbd00	27.256	fast
2f0a8d1d-4222-4f6b-8f47-d02282f082cd	21.290	fast
c9e7110c-01d9-4fdb-bd9a-1a8165a173e4	11.306	fast
477a3c6c-b5c4-42d3-adf1-9bf5dd257612	14.098	fast
569ca141-cfbe-4465-acd4-75fdf43cfa77	19.996	fast
216911f5-cafc-494d-a554-d92639e15c36	23.511	fast
95cb3ef0-8000-4688-b1d5-02021a90bab1	22.099	fast
77b165e0-23d6-42af-a5f3-41eb97499634	24.065	fast
9a11d2f9-3713-4975-9f4c-b59063d1f52a	20.296	fast
3d528716-902b-4bc7-abe8-8efba57116c6	22.424	fast
aef1bf6a-abb9-43c1-9924-9a005e78fd03	8.244	hac
0d3a204f-a922-4691-ad36-10cc1b187785	5.466	hac
6431ffff-949a-43da-b179-ff5a9fa88fb5	19.143	fast
69792804-cf26-45a5-9a7c-2db1e23ab855	20.904	fast
3966794d-af12-47e8-83a8-da21d548fc10	28.408	fast
eb209e50-708d-4e14-8bd9-dfb770febcb6	22.301	fast
932e06ae-8a13-4469-8f6e-bd6fa603fcd1	24.384	fast
933936e6-bad9-4ea1-aaba-60b262e5c9e9	23.271	fast
aa891986-56b7-4194-b917-bcfd7ac3d817	26.335	fast
17d6089d-e012-436d-9661-ca9adb85eef8	19.194	fast
7998da98-5784-4e19-8d8f-d5452a8b9b28	24.320	fast
be5e8ffe-6fcd-4d3b-abc0-77aa4512e650	20.774	fast
fc634be6-aedd-4c1f-8350-bd3350f5ce60	20.432	fast
f9f71d00-9681-4bc0-a4e1-dc681ee9abd2	16.974	fast
1c7d4bb4-56dc-43d3-bdd3-bc1fba979b8c	24.699	fast
d5abbf64-2e16-46a9-86a6-c1b64dae059a	29.235	fast
2c19e235-dfe2-4471-8d50-434c102878ff	23.913	fast
c6b7461e-12f6-4741-a823-4a04a517fab6	20.198	fast
0e793220-1c49-42cb-90b9-1d5326fb2874	22.482	fast
1d1b324f-e206-4e60-a757-2e2f23ecd41d	10.118	fast
b0f9d638-42b9-44fb-8b9e-3fcef35aa672	28.214	fast
fc47b8a6-f0f6-4258-ab9c-cfc0c0a547e6	18.276	fast
9c1edb83-806e-4bf3-afac-f6cadec9f3f3	7.664	hac
83dbf58c-afa1-4958-947e-ee4a9dcdf052	8.973	hac
bf24cc06-0802-44fd-89e8-8bc8b8675460	14.801	fast
eed81f1f-edd3-4190-aa45-4ee1fdc80aea	25.985	fast
675f5657-f1bf-4a9d-9b8d-3f81f1c4bff2	27.217	fast
a2d168ae-b4e4-4efb-9527-b0ccfe0194a6	21.969	fast
2f5fe470-3c23-454a-89cf-48fbe6d0e905	24.041	fast
a0492b17-2a84-4974-8704-a5ea866be771	24.547	fast
9ce23da0-1684-4a33-a9b1-3443f37d3d89	21.134	fast
a4c82df3-1552-4e42-9d0f-0eb308cf6f46	16.815	fast
87b324d0-0a89-411c-9144-4074f1c5d452	7.100	hac
e44143bc-4e44-4973-848c-8e7388d72f9c	8.717	hac
8addf8a7-4067-4bf6-8e64-1085c194140d	8.059	hac
b5692e0a-7a37-4906-90ce-0e7f85100e22	28.805	fast
4fa53289-49a5-4172-a166-07d07cb14f3f	21.744	fast
e0ca6b4a-77fb-4201-9bff-28b9c1417cdb	7.624	hac
e63d11cc-4ac9-45a8-8b7b-287cea153e90	17.547	fast
9b7e4bfb-39f8-42eb-b8de-b5710e5eb1bd	26.920	fast
a23457c7-09ed-40ad-843f-4ee4d52c487b	24.206	fast
45c317d8-bbf7-42a2-bd70-c6c8a5c2bbb4	8.211	hac
1e4c9a47-5929-4e80-a7ab-b7ac8980fb1b	28.195	fast
d2e08429-6328-4197-9842-f0e4e7c6c79b	26.210	fast
8e47cea2-57bb-4bf8-956b-eb92850cd8be	9.149	hac
0efc18a1-3df0-4bbe-9dfc-4238efc3f78c	23.911	fast
268027e3-166d-4cbe-bf9f-a160ed7ce017	16.736	fast
42e810fc-ec5f-4c21-9a4a-e168d5e31b63	23.393	fast
6ae68a6e-1b32-4957-9ac7-cca8ccc0a33b	24.137	fast
06670c0b-2cbe-4bb9-b815-117f400c80b2	6.911	hac
bc2fc36e-044a-4317-a831-1c94c733734e	23.320	fast
e7f3cd69-f2e7-4d72-9271-9f7c0e406bc0	8.909	hac
01afa933-ad16-4184-be4d-9a71b3dcc7fc	22.705	fast
a900188a-7a99-48ee-a2a7-05e2942fa8f3	19.996	fast
fd2488c0-261e-4913-ac28-67aa08d742ee	15.985	fast
3e1989a2-6783-4aa2-b8d9-5a73de2cf85c	24.241	fast
1ec332f6-38d1-476f-9b4b-9723d4d2b6ab	25.530	fast
121e9f3e-2317-4d2b-9784-190ee910ca6a	9.693	hac
f035a383-5d72-4b99-b73c-98ea2c745295	24.978	fast
b32b882b-c9d1-4de2-9cf7-2ec0a8e391d9	24.792	fast
0009132e-15b8-4d72-8a81-64323fe3a46e	24.954	fast
83a73516-21fa-4704-b92a-2daeefdc4a0f	23.842	fast
25afcce0-e051-454a-aada-8924076e28c3	14.863	fast
ca33fa10-9382-4250-b268-8dd19a17f61f	10.080	fast
e1f80f5b-e841-42e0-98d0-ef57d456c3a0	8.387	hac
03455b43-6be5-488d-8583-2096790a2439	26.050	fast
85d153ac-5bb5-4add-9cd2-58c582de2db7	7.451	hac
32b17ea9-6f58-4c5e-96cf-2b04f2d5ce32	6.075	hac
9b976933-f766-442a-9fa1-ccb05be11d67	15.853	fast
ef47d793-229a-434f-be4f-938b1eaac72d	24.496	fast
9799bd74-13a2-4e48-a93f-3bf895c368da	7.115	hac
03a36c92-d5ab-4b40-9ea2-59fd95294b9d	23.605	fast
9ddaacbc-673b-4e6c-ae7c-5e26a2073da0	9.470	hac
790a52b9-2f66-4183-af1f-e9f3e5aacba4	27.500	fast
1f92a49c-9403-45db-8d4b-e616d75f93b4	24.117	fast
61c77892-32f6-4dd2-86df-dc3944ad5516	5.778	hac
2517b38c-918c-45e5-8380-06dca6af35b3	25.633	fast
972f6f09-17fd-4dc3-9226-f6f712a87828	27.673	fast
b979997d-b2fb-40b6-bc6c-eaed659f6ecc	5.879	hac
8ff1d9f4-355d-44d1-aed2-cdb7fe3422a4	26.573	fast
3da780db-f00d-4397-9910-f7a884f84be0	9.448	hac
57c03184-579f-4440-95d5-e2f6df6674dd	24.460	fast
423354f9-4507-442a-a2e8-6a45b9b7fc5e	24.424	fast
790064f6-96d6-40f3-bae7-9323f4c2806b	25.733	fast
69010f0d-a049-483e-9158-127ed7ba344b	18.091	fast
9aeb3a8e-d3a1-42a0-b163-f8fb5b19ef84	26.174	fast
86f1e821-39b3-4afb-98e2-bb3bf82a074e	8.870	hac
c5b2d883-c7a5-4250-a3f4-42a962c86806	10.123	fast
d3e9b3b9-2b0c-40be-b7e4-a174d0460c5e	9.794	hac
3a8d61b3-3ef4-4ea0-9199-97d004d9f5fd	23.897	fast
6eac1b1a-c011-40f0-bca6-b83c0da01c00	24.258	fast
3e99d1a2-1798-4e60-b89b-5781fb46737b	24.570	fast
c6af66df-36bb-40a0-b11d-5e71bec96ab3	9.441	hac
278b046b-5813-404b-9fba-3c4333d30140	25.387	fast
4a0ab050-18ff-4ce4-9333-e8a2637d512c	21.334	fast
28828b7e-28ae-4f55-920a-fabf3b9f87f7	21.179	fast
fbf2d3e5-9862-4298-a704-1bea9a7096fa	23.991	fast
00978473-2486-4c7b-aa0e-9ba29af835bd	24.842	fast
606f5ac6-3237-438d-9bff-4917d3a59dd8	22.462	fast
422c5f41-7f53-4698-8391-e31489b27993	26.461	fast
7240fded-aa8c-4af1-8b46-20ee0499c4b8	9.501	hac
cc5d3146-3086-46fc-8ee4-d29949fb97af	26.110	fast
051c90aa-f862-4cbc-a676-9e672fa73341	21.142	fast
7a2b2c08-932a-469a-bea2-69fb9809e8d7	25.149	fast
61379c02-a2d2-40d6-80e8-cf013998644c	12.590	fast
ebb4ca76-2621-4524-8d53-f619677546ea	14.696	fast
51e1961e-1f3f-42a1-becd-34ffa8aefd2a	13.221	fast
98a603f6-45b3-4089-b489-a77f97302e7c	22.023	fast
74e71e94-e4c7-4a38-b064-e7b9393a3df5	28.342	fast
4104c83f-b80b-47e4-8a93-74306a4d516c	27.151	fast
58d8c974-5316-4be7-8d8b-d752e2645c9e	9.358	hac
7e0ad401-d539-4c64-a09a-da7cdd83d478	27.076	fast
00a6e22b-273a-4a87-9f0b-e7e699c40dde	23.240	fast
5a82feb6-54b7-49a5-a702-ccf2717bc660	21.836	fast
e7d27ebe-ba33-4f9a-8ee0-7653975f5609	25.986	fast
7bf83c54-606f-43a6-8700-b21723e29449	17.424	fast
db8b05a3-c182-4404-a360-33fee1447855	25.477	fast
f0a8b7e2-9c20-41fc-9248-06ac1ed7cc59	25.998	fast
8fa74d50-a516-4b2b-a0da-01be324a09e0	24.593	fast
7fdf698e-3d25-4902-a8cd-6aef87b87ff8	21.224	fast
6e63141d-43fe-495e-b5fd-0203520036b8	8.973	hac
598a8c7c-b9ca-4e7b-ae75-96530be8bf26	15.192	fast
d038f9bc-0e62-4eca-885c-673265ea04d4	24.789	fast
d9598407-d7bb-45b1-b524-48bc516f6585	24.773	fast
d68924ff-b70e-4925-b362-8ed2d9fb66e0	8.508	hac
514f3c52-c728-4972-b19d-b8f819a0fb4d	20.632	fast
c441c4b5-d23f-4041-8dc8-06e9fa4715f2	19.692	fast
784392b5-eff8-4f93-87c6-7a99e32e38c0	12.089	fast
8f0f1452-3407-4417-a15c-8bfb28f881d9	14.773	fast
00b13113-15fb-4989-a1b8-7aa9d2753cbb	25.776	fast
f0548e5b-13bf-48b6-b9ba-2e7557bc9f28	25.155	fast
a1c1577b-b862-48e0-95b2-cc7bdc681171	25.256	fast
3f0cbec0-6a7e-4222-9307-9e59dc480437	20.632	fast
cfc6701e-6322-44ca-8145-2af04dd823f8	17.613	fast
5267569d-deaf-451b-93c1-b8003b4d2165	5.410	hac
500f6a02-39c6-4fa4-b171-95029d5f958e	21.725	fast
1f0ffa42-bfcd-4b8f-be8e-eca8411582bf	21.263	fast
4ebb9abb-082e-4c36-be28-0e5481134d21	11.042	fast
2f9efcfa-0e3f-459f-b12c-fb7d897d7a2e	22.507	fast
6b7a2b2b-c730-48cf-bb09-18af800286d6	20.319	fast
80b6316c-9731-4890-b699-7ce6103c5eb5	19.361	fast
ee6c0cf2-11d0-41b0-ad1c-901ef5a9c15c	9.761	hac
db434f7d-85af-4e42-bfa9-3f4c0e3934dc	15.538	fast
ef3ad333-3436-46ac-a87d-fbeea21ea1fe	6.117	hac
a4e4c071-28e9-4d43-b9c5-7134846f4987	10.504	fast
a5340ea2-6ffa-4c84-a7cb-1278367528b7	24.798	fast
b5cf2caa-087b-4a7e-8ab7-39fa887363c0	14.198	fast
1c864e91-5e27-41bb-830d-0a331fc7f0d2	26.784	fast
680ccd22-cdcf-4b9c-a1d6-eff2921b3e3d	22.780	fast
d3e7b009-0c81-4270-af61-52cb4a8e531a	25.074	fast
f4cc18e2-151a-4ad6-ae24-ba065c71d2ce	21.571	fast
812970c0-a567-4174-af02-fbad1ce4ab58	17.841	fast
6a1c46ea-f17c-4595-9fc3-f6fedeca5f56	23.927	fast
0e102a48-7f56-4716-ae04-0ce46f7e3358	20.284	fast
b0c9979d-d2e1-4ded-b2ef-4afd34407a17	23.744	fast
7d4c36b7-ca22-4e4a-958a-af69da3070e2	8.221	hac
449d4646-d900-418f-be6b-00c7e8397cfd	16.107	fast
97d4d20c-72ca-4e39-8e47-7fb51a9afb48	24.717	fast
b90ab5fe-1989-448d-90d0-5af6692bdf03	23.519	fast
c7a044fa-c745-45b8-8343-11827a56979e	23.570	fast
29876a9d-0a50-4681-b98a-df35f3b68b2f	17.054	fast
53d41adf-818e-488d-8de6-6fe32f6cdda0	19.371	fast
fd7e5a2c-5c1c-4edf-8917-b5c68792d853	24.298	fast
761c052b-7994-43d0-b406-3b479495fc50	21.483	fast
6cfe3012-fe70-486a-b91d-d64750e2a345	22.098	fast
2db060ab-5931-484c-ac45-4f14a139d7d3	25.310	fast
b0ea8db9-c94e-485c-a908-5e51692924b5	23.990	fast
22d57bd9-9d85-434b-ac8e-f09bb2cd95f0	20.993	fast
4db778dd-1bdf-4ab1-835a-7b4539447f5a	5.513	hac
fb766dab-f69b-4066-b122-a5b95759813e	19.448	fast
c16cf2aa-68d9-4088-add5-9c9958501c0d	25.089	fast
a8c4c3dc-8f4f-4f2d-a168-bda584357ac5	27.660	fast
e2ab4244-1145-4f1e-82a7-866f9be07d64	26.547	fast
494c0f49-af65-4494-b3a1-dbb0d12d67ea	18.882	fast
5d92f8ab-d632-4059-93c4-68e94ec66290	26.844	fast
90d425a9-c71e-4448-af46-b2c378c92bbb	7.257	hac
ffa47efe-6251-4b0e-abeb-2d4196ad25f7	25.510	fast
bdd18ee8-0afc-4ffe-802b-ee6f1668922f	10.781	fast
24eaee91-d9f1-4fa0-8340-7810a64ae527	26.420	fast
3e9e23eb-6360-43d7-bbd6-aaef0d733cfe	27.483	fast
5d7e4bd6-cad8-45e6-a311-fc3c0ff614b1	25.989	fast
7cce3fa0-7e83-4f1f-bfb2-9bddc0d89eae	20.920	fast
54d67504-6273-4a05-90ac-2fbfc6a42b81	21.523	fast
08dd95ad-919b-4587-b820-8a5d4aac2f14	23.024	fast
914dad78-327d-4674-80af-eef03bea8113	24.123	fast
cf7722c3-a57f-4a62-913a-55705036c36c	20.657	fast
28f0d0ef-1326-445b-a949-8b5f1ab83320	9.874	hac
e6523118-4aac-4681-8c26-1ba8d4179eea	30.761	fast
19867e97-a25d-4326-bd09-a22f693f7004	7.944	hac
fc84e2dd-c207-48b8-88b0-c5d81297e3fe	10.096	fast
1726e72e-8ee1-4e66-8cdc-4695bc645c7b	23.076	fast
d33d9b58-bba4-451d-a226-e22f1e3b4729	25.993	fast
6cbf0960-50f3-4714-91f6-48698fd824e7	23.901	fast
61fda3be-9514-48ae-900a-ee611a39ddeb	8.579	hac
7a7e3d46-91a7-4687-a85a-df395e426641	22.919	fast
8a0effd5-5d6b-4a99-b4b0-c927f252f063	21.853	fast
ad77d85c-0b92-486d-907d-290bebcf36fa	11.229	fast
178224c0-ef01-4cf5-a25c-78e501e4797b	30.294	fast
2d0f29d3-e9ec-4803-bef3-0075e854fa0f	12.474	fast
670373c0-edff-4a0d-a32f-9e1a7ef69874	8.565	hac
77e15c5e-87ef-4f2e-bd88-53caee7cd0b8	23.947	fast
13f5d1ae-24d7-44fd-96cc-0c46166e4ea0	16.858	fast
3ffc3da5-5310-4af1-82bc-05085bff73ec	27.252	fast
8ecade1c-5bc5-4d60-86a1-d312779d6c11	10.043	fast
31f379d5-255f-4719-956e-647a8c745783	9.828	hac
b5ec8af0-45fe-4067-8978-c132b32e9be3	32.077	fast
286f4d7d-8e4f-4c8d-93fb-8d4235e7c9bc	23.521	fast
77e76336-4a8d-4d53-afcc-edfb16e40c29	6.214	hac
bfbb1441-0c6e-4642-934a-d6c2aa12e0c8	28.482	fast
d6afc440-dbc2-441a-a0e0-29038e5748ed	18.742	fast
c40dfc5e-5985-456a-afb6-d26123bc620f	27.878	fast
b2d27a73-226e-43b5-ab81-8614e4336f15	21.763	fast
76e189d0-55a7-4961-a7a1-319073694ff6	19.887	fast
7430a2ef-cf69-47f8-82d4-6a1f5d5a7dd5	26.110	fast
388f629d-a66e-45c8-a837-22364eb53cb0	26.539	fast
dcf79d2d-10f0-4219-8c6b-ffd7ec250d69	23.128	fast
351f64a0-e921-4c1d-8a40-e4a32c51e380	23.119	fast
aef32dbf-d852-402f-9486-de1218baefbb	10.569	fast
cab50749-1e91-4a43-82a6-ebb20cae343c	21.262	fast
772f158e-ee9f-4dc7-a636-c639bc191652	25.303	fast
3c2cf653-3cce-484a-9203-7a665b322449	23.407	fast
b1569b9e-1a4c-4077-b69f-1f0982cc69c0	22.657	fast
aacc4117-9434-4b0c-a6bc-1a36fc9b789b	25.624	fast
9ada8ded-898f-48af-94fa-a60a15bf8cac	12.093	fast
9f1f373e-e667-44f5-9a85-488f037c1829	19.939	fast
eb2d0ba3-5da6-4ef9-a0b5-d7b39403b00d	23.160	fast
265836eb-886d-4a03-b777-8d599881d9e2	20.678	fast
cf0c8673-85dd-4d58-bf3b-5bf440e27317	20.604	fast
808f6435-263b-4785-baa5-5ad01f01fea8	9.700	hac
b1d5ecc8-3c82-4ee3-a102-715e2780b006	25.768	fast
b89d5cc6-a94e-4e66-8887-18e64cc0413d	6.042	hac
d44e80d2-e48d-4805-99d7-2762da9393ed	21.153	fast
30f38f61-8117-4679-901a-4c267cfa90ff	20.039	fast
65c435dc-677c-414d-8fa5-52aa688dce1f	25.654	fast
c0b4e28f-1d8f-40e9-a271-cd6a5e57992c	20.237	fast
94c803c1-16a8-4db1-94b0-13094f904121	11.520	fast
57cc9716-671d-4022-851b-891d71fbd0e5	10.922	fast
a14b9a5d-ca76-42a2-8def-092a7982c2f2	11.228	fast
408e3ea5-3849-4bea-9b04-465ba0655675	15.446	fast
16146b7e-42ba-46c1-adfd-5c959bf77c18	25.049	fast
218e63af-2c95-4853-8049-94c72cf1d15e	20.140	fast
7c7dc389-5e85-4ffd-9ddd-f3d18d603337	24.813	fast
a08d77d2-0a70-45bb-adf2-26a1618b68e1	19.528	fast
16ad17ad-8c45-485f-bbec-853f6a5fcc3e	25.432	fast
9998bf31-3ca5-40b9-bab5-25a49f4bdad0	28.192	fast
9dde9cf9-a978-437d-9ff3-fa100fd93316	14.153	fast
d9d1c2be-4bf3-4fb7-829f-74f8dc1e2da0	23.906	fast
70a8074e-7cb9-4361-a563-a8595edc34e2	23.972	fast
dd0d41ac-473c-411c-8b4c-122ff0a688a9	6.212	hac
18501882-b1fa-4a7f-9e9c-79d986c5fb40	26.728	fast
866fafc1-9a36-4510-ba7b-36e14d4f2bdb	5.650	hac
8989acd8-8e48-49bd-b390-e0936f500bd9	7.557	hac
ef84afe4-c38c-4007-8b1d-8faa2510f90b	24.968	fast
4c3dcd32-3909-4915-bedb-7ec3b5fc2f90	19.827	fast
80a4b033-e28f-4ffc-977b-241734a9c6a9	15.995	fast
4837915a-3d18-4977-a1e6-3ec86c06ea7f	23.495	fast
3f92ae1c-d1eb-4ece-8020-a9cfa0da5206	19.853	fast
3b55f49a-4712-4276-9ab1-fc937bc773fd	21.930	fast
32e09c0b-9fd0-4a9d-913f-f33cb755c057	23.586	fast
427aa8ae-59d9-47eb-bf8b-ec86c8d2d74c	5.781	hac
74e01984-5a6f-488f-ad63-a10206778b9f	5.603	hac
40be5b9b-fc2c-40dc-b2ab-dc0cf23b16fa	7.572	hac
df113841-ecbc-4f24-a668-f47b25fed5e8	9.592	hac
0f985fc8-6dbd-47a8-9336-dc7c46bb6122	14.293	fast
9652daec-a491-4781-be29-4e7469bba3b0	20.559	fast
7da96db8-d802-4db3-a5f0-55ec8b512f38	25.298	fast
413a856c-5822-415a-bcee-ac77ad33fa12	24.422	fast
9057ef71-e1d4-46f2-bc79-e140ccf98d5b	9.344	hac
31aa3470-43ca-49bd-82a9-9d287e3c0571	20.895	fast
7d88451b-7a0b-4abb-b63f-e03fc51339ce	27.646	fast
99a0bb73-3974-4ffa-b05a-5a4169508d52	25.534	fast
5a7bedb2-002a-403c-b13b-2214aee7f0c7	20.009	fast
9883018f-eb28-48a9-9758-a775ea3c873d	7.645	hac
12e9d3f1-5c56-4761-a3f2-d706431d9a96	17.291	fast
e6f91c14-58b1-44ef-a9e9-bfbfa547a6d2	24.654	fast
7d68155a-1a61-4a6c-9862-2c94eb15e1e6	9.643	hac
8ef33f78-1497-48c4-a71f-fcdcac1d3680	26.008	fast
2bf27f76-e6dd-4ca1-bcf2-b8a055485ccb	26.457	fast
c0937c48-2880-45a0-81d9-4c6d09d12839	24.623	fast
93b94773-d997-49a1-9c5b-b0423afde8f4	20.138	fast
fd0f7c2a-a3d2-4f39-8c91-129295e09d33	19.145	fast
567516a8-cf85-42c7-b9c0-96699da692ce	14.771	fast
bab79817-79f7-4e29-aed6-5313a369e47e	24.857	fast
58c04ef7-c77a-4f54-859f-640b2eef0d09	21.508	fast
b973c517-7fcb-4008-b04a-24ab23b6ebc7	7.219	hac
88d404da-4673-49ea-8bd5-e4eb355d5a88	25.270	fast
d0dfe5ce-f7be-4fd8-a95c-4592527b9b8b	21.610	fast
4065525d-ce42-4f4a-9232-5d432e224b5f	25.839	fast
cebab7fe-c23d-448b-a569-72f2787ab957	24.942	fast
f8ca8fd1-eb09-4610-9f79-e1593ab9c260	9.490	hac
09eb16da-5cec-44df-ae16-ec345915633f	7.476	hac
20c4e556-51fa-4a23-8b2b-ff1fa1c2d062	17.675	fast
1c39f40c-d38a-4668-a1f8-75a5c3755d4c	15.951	fast
5458cc32-a4ba-4d48-be18-c3076654c276	20.877	fast
b08f62aa-d605-449b-b00f-17b8fb5c031f	24.387	fast
c6196b89-528d-417b-85a3-a196697ad399	10.525	fast
ab2b6f7e-fa36-4cbe-9f68-5ee1d70a3e0d	16.831	fast
d67791de-5ba8-447e-a470-cbfb67fd1c84	23.429	fast
1f685ca9-9d4c-4173-a47d-fd5fc8ea1dcf	19.064	fast
a30d18fb-20a8-44d7-973d-b4f6a1b7dc6e	7.490	hac
edfdf25e-7b6b-4402-a47f-58046747c601	21.581	fast
f5a989b6-31ed-4a45-981f-aed39f4fa7c3	20.950	fast
ea8105ab-32f4-405a-87bb-7e9d4172149d	22.837	fast
338aefff-e0ac-4d12-ab49-8cc0288fa6bf	23.367	fast
be93ea61-b243-45f0-849e-c8d73fafea85	27.838	fast
9b682136-e552-43c4-a108-47a3d0228b64	23.998	fast
d3b4bf6f-e874-494b-8c98-27b40686c5fb	22.280	fast
01f41753-f0bc-4f9f-bb34-8ad186180b17	7.949	hac
58511486-463d-4159-9f28-16e47c0459b1	26.532	fast
22801205-8d3d-4b10-b3f6-df0a78494bc8	25.088	fast
f2bdaa54-cb12-4f81-930c-32b9341f348d	22.748	fast
014933d1-bd88-4671-bd2e-b8c064241fb9	25.127	fast
6877645c-8de0-4912-800c-0d445ca000d7	21.712	fast
e10e3135-f078-4426-ba14-6b4bb30196c2	14.118	fast
74308ace-3510-438a-b762-8836484512be	7.951	hac
a6d91714-98df-4c2b-9d4f-8b9c03b5085f	10.015	fast
e8093c1a-6146-465a-9d76-21a7eed49c32	23.038	fast
bcfc0990-25e9-41b5-a764-f904bf3fcbbc	25.650	fast
d94db11d-14e9-448c-8d11-111d6cc0736d	27.766	fast
a2539d3a-7b08-4fae-bd08-d91341201cfc	10.253	fast
1560eff1-099f-47f2-bc16-ddcbee58574e	24.061	fast
18889dac-16ba-4526-8f45-952c7597cfe3	23.491	fast
a04c2af3-497d-4a2c-ab32-779f67302c81	16.218	fast
f3414671-e9db-41f9-b0ae-02c68232732a	23.377	fast
c871485f-1157-4113-a8d9-c61af99285bf	26.570	fast
b0d5ce5b-c997-41f3-ba75-dd8ddfb399e5	22.754	fast
81a9f63d-403a-46e4-90b5-0bb23eafc8bf	22.725	fast
e5441ca6-b738-4157-804f-db64fff24b38	19.957	fast
1fcbe574-b59a-49eb-b741-1ba25d191053	24.868	fast
78750d91-efc7-428f-a50e-3db0a738b561	24.264	fast
e31a75af-9b8b-465c-8ddc-97dc146463c7	27.933	fast
689cfa80-7ea4-4de7-8d99-d70f3ec90e24	28.170	fast
895562f9-37ae-4f82-bd51-ad66fe70e2d8	23.144	fast
914832cd-b3ca-4f52-85ac-82aea1f8ec82	23.136	fast
28d49054-cee0-4fa9-bbe2-595e6e1a7fe0	7.096	hac
916ab5ee-2b2e-44cc-bbdb-9bca6ce1240e	25.087	fast
64d59e3e-4229-486b-8687-f32a067eeb2b	25.505	fast
75ff15b8-432a-4a34-8208-726e8f40f07f	25.750	fast
989227a7-04e2-4161-adcc-0ad6d6feec47	19.564	fast
9f6bab3a-dbd4-4723-af33-8ccd3d8ad8d4	23.906	fast
63bfdd87-20d8-446c-90dd-69d0105a10d6	26.678	fast
19cf06f2-812a-4761-8bf2-7367449728ab	16.877	fast
b0e6b894-9b4c-4237-86c2-8ade36b2e2b0	23.453	fast
4bd12ffa-a1c3-4f1e-bbd2-fd810058e6a5	24.858	fast
afdd0b1a-067d-487c-a51e-5acf59310f3a	25.239	fast
fa235e87-a20c-49ed-963c-91ce58a7f4f0	18.922	fast
efc7a5b4-a1e6-4ae8-9820-a44ede6922d3	7.939	hac
d7393e2a-9c81-4226-88bd-02e9e292500d	19.884	fast
c932d73d-eae1-48e8-a834-a80da62e51e0	23.487	fast
8143be32-a1ae-4051-ad66-76bdf7987b0b	24.488	fast
21ffdd61-8c3c-42bd-bb07-9c7466d198fe	28.780	fast
ea780e54-acf8-426f-8e16-a953a9697c88	24.445	fast
370dca17-0e7b-43da-a1c2-e5db454809f8	25.513	fast
d9511fee-6d2d-481a-a714-777672db8765	22.985	fast
b497f09d-f845-4eff-a95d-4a6c69b8e5fb	19.215	fast
13315f9e-774b-4d65-8f8e-60e3ee7268fb	8.498	hac
45af2b4a-0f8a-4b84-b752-b76cc7b30d30	25.236	fast
0d6825c4-9008-4d1a-a474-cdaac92b392f	11.666	fast
6f944d35-fffd-4795-9f55-88cb4cdd5693	21.956	fast
ec208650-0a07-4e87-bc57-fe8490e87462	23.532	fast
344c10e6-13ad-4a57-8d08-fd613d50d9ce	25.580	fast
7de50ac3-bbdf-4471-b072-d0b1d40650dc	24.975	fast
08555c8d-2c0c-4b32-ac25-49c4555017fb	10.434	fast
ffa062ba-2cbb-4357-8647-8b8483de0e98	24.767	fast
b05f8659-1808-430b-a245-c75c29ba6cef	8.768	hac
49ef88ae-1cda-4e38-9725-f85761f2adc6	24.531	fast
ff9ce315-7973-4ded-a69b-d64fcabcf09e	18.796	fast
4b7394bd-35e5-427a-93ea-b73249a828fa	18.226	fast
cfd8c05d-54cc-4348-b51d-52b14171a305	24.919	fast
30c465de-c87b-4eb7-a8a7-c04ad685b89a	22.441	fast
b535e44a-e541-49de-9dd4-2ef1fbb98f8d	20.473	fast
e9cdfc4f-2bf4-46c1-b2ed-5939acdc4b05	22.917	fast
3ad859b2-ba18-4611-a6c5-3d91677ef3c2	25.013	fast
090f8dcd-1c5e-4958-acd5-77bdc6c18010	9.297	hac
e9edfcd6-0106-47be-8342-7b830b56f1ba	24.332	fast
a4a61933-3dc5-4b68-a341-95cc2eb30f86	21.786	fast
3c1d11cb-0c69-4260-848a-5ab55897ddd2	13.164	fast
b3836b6a-ea86-4a5a-b6ac-bac84d66e34b	19.553	fast
123deec2-d1f3-47eb-ac69-a9abe4ceff44	25.661	fast
209dc6c4-6e27-4430-a2f1-c92ba8d049f9	20.171	fast
12de5f59-89b2-41d2-ba54-8b0dc2073535	24.255	fast
8b77d388-b3b6-4f3d-9717-7a10e4057a6c	7.892	hac
d4ddd979-24da-4202-8cc1-3192f9278d3e	19.306	fast
873c2807-eac6-4037-a466-2c276943628c	28.293	fast
4588f726-9a70-4034-b4e7-5f817dae0491	5.934	hac
d51493dc-8781-4106-9283-1136bef0c0ef	21.613	fast
7d895f7a-2234-4bf1-8b2a-6c5ffc1b766e	24.945	fast
90c739b7-9d68-4062-b59d-ca27b6a5bf2e	17.738	fast
02d9c65b-b92d-4bd6-b002-1af41be85346	23.138	fast
962ed395-a643-4e39-9069-4a74eeae4beb	12.855	fast
681d31bc-e30b-4e47-86f5-ca481c48320c	19.942	fast
d67711ba-ce59-40e5-9d64-2cf426b07996	9.549	hac
76c6f7c3-0271-4286-a87b-007d46d93862	14.626	fast
66274dfb-be25-460f-9336-12314ee88a50	9.076	hac
6b8c2fce-acce-4202-a86c-bff0905e8e73	25.202	fast
c10ef8f0-8cf1-4bab-a1cd-f3021e2f118b	21.317	fast
ec1855cf-a599-42f0-b494-b5f7b99bd195	24.246	fast
562e2701-f266-426f-9561-527338aa4f3a	32.762	fast
a2093994-ecb5-491c-bfdb-5776c80d768d	22.058	fast
36a20d65-6682-43f7-883d-b5ad214ccf89	22.736	fast
8aee0d23-4ed7-471e-8b75-af73a685f370	18.208	fast
1a1b455c-2113-45c8-abf7-de19ba8e3a78	20.936	fast
124e6ada-51c3-4cee-bc00-c430773d1c60	15.863	fast
2265f7ba-603c-4759-ab11-f804e8baf58a	19.351	fast
2fedebfd-f8b7-496c-8d41-8467ae80f8cc	24.581	fast
00357d71-5f89-43fe-aff5-69b844db1b19	20.537	fast
f4e30212-e9d0-4b7a-801d-1317638f9e79	21.358	fast
f3379624-5d6c-4202-8ddc-d9ccb60ec681	23.202	fast
a4153ba6-882f-44a5-89e4-7a0d159dae70	19.518	fast
e057b1f0-29bc-480e-bbd6-1411912df770	6.939	hac
0ab606bc-a06e-443a-ba75-28b532d0f644	10.500	fast
5a85cb76-d729-4001-b953-95cba3882526	23.495	fast
d5037736-2154-446a-93c4-fb82deae65fd	10.893	fast
c41a37ca-2e23-4118-ae83-6eb26e30e210	8.502	hac
a39ab4a5-597b-4a06-b98e-25df1c9424d8	23.712	fast
d5d256ba-499f-47be-b071-393e0f34b255	10.246	fast
f6279ec3-5f7c-4834-8f76-43767fad7271	26.211	fast
826cc018-fbec-4096-9df3-781c73371440	18.882	fast
43f7c57b-6b5d-4454-8c58-2316141776d7	12.126	fast
7266c5f7-933c-4bb9-90be-3ece9e3e1ad0	5.594	hac
5f90b675-a373-4cf9-866a-c22f2071a0b2	23.767	fast
de36d6f3-f997-4522-a8eb-833fc884b89d	19.215	fast
c8379717-f6ac-414e-86f2-fb4371b8c9fd	24.259	fast
c9c29383-b4fb-46e2-9283-8da642f95019	18.224	fast
6d430811-2dcf-4389-b753-e8a02061169b	20.198	fast
e42841dc-e00d-48bc-ac07-b601f6a05a50	27.264	fast
13d34623-2898-479a-b82b-53c0d67e3267	26.796	fast
7709396f-ae51-454c-8108-f4adea8d581d	17.908	fast
26f9364c-5238-426b-b3a7-90cf90f5cee2	21.237	fast
d3b6d065-ceda-4a8d-87ae-6894b3675e00	27.163	fast
a56363ad-7095-4efd-ab61-0f483d0ad674	24.542	fast
7c55ce4d-cf5c-4676-9a75-b7503b142475	22.799	fast
27146e05-aa35-49a9-9127-1863b906ba97	18.400	fast
cfd18fca-efe1-4f7f-a336-c67b7bd4f6df	20.158	fast
4bdcd7f5-beb1-4073-8a64-37003cb5abb6	27.371	fast
87838b1e-c56e-4647-babf-137ee735d59d	18.718	fast
f4b3cca4-1e8e-4c45-aced-7f8b9200ec32	7.638	hac
06334b77-f52d-4b95-b658-72621c6e8c39	16.285	fast
0697aea6-971e-4ded-9ed1-09c2e6fb2c42	24.871	fast
34357757-0304-48b3-9738-fe8de9ab56bd	24.075	fast
5bced103-ad1c-4f14-b740-52464c775480	22.996	fast
18ee8cca-e4ce-43df-87f6-09d23e82e4e5	24.733	fast
7d34dc39-bd56-4022-9aa2-193d3a2c5de2	23.203	fast
052d7c18-7424-4151-80e9-86fbe33793fa	19.587	fast
19212eee-2693-49dd-a7b4-ce25805a1d70	25.627	fast
e62a0c5b-8a88-4f3d-8215-8264f17d9f89	26.192	fast
aee85282-ef05-4302-9e91-47e594e08745	26.149	fast
974271ec-5ee3-48b3-b55a-86b7e131d21c	19.851	fast
7af21d46-49f7-47ce-89fc-76fa8747a066	27.052	fast
4df8a9e6-6900-4bf0-875c-ae7371f14823	14.944	fast
6ec6864c-9cab-4806-91aa-5602e976e9c3	21.956	fast
67604414-cfb8-400a-a1b2-80d79d8a51bd	24.885	fast
6223e4b8-068f-43de-86a1-c04136fae830	11.385	fast
cee6d9f3-f028-47a3-9ccb-a975344504bc	22.269	fast
9ec14f3f-852e-4fd5-bf37-d7a7b05dcc78	19.870	fast
2a35e9b5-ecfe-4ade-b89d-8de3c67102b4	18.824	fast
4ca74554-5fe1-4ddb-a577-6a1b69139a53	17.740	fast
f8f165c8-562c-4131-8aea-113673433212	19.333	fast
5592eff9-8528-4d3e-a824-3f02b1866480	24.146	fast
d8e20174-2e00-4b13-b6a3-2d0952878ece	23.903	fast
2b349247-b609-43ef-b034-ad75beda2ce1	6.028	hac
7b1be571-69f5-478c-84f2-c82d773aa825	20.184	fast
737a5df2-5a29-4815-9959-9413358b00fe	8.576	hac
17a58d58-bc00-47dc-8c24-b04e2e6407f1	20.646	fast
50e6403c-717c-4dc6-97af-abb712b0e232	25.889	fast
202c6184-6bba-44f7-b84e-cdb480bc71eb	26.809	fast
56dcddb4-3ee7-4be9-88f4-ff19d4c9991d	23.564	fast
d0793b7b-5402-4739-a865-a4f622e05f5b	25.643	fast
405ac760-f1b0-49aa-a4c6-e190c35ad7f9	25.076	fast
74380ecf-406a-4380-8470-9262a48a32a5	21.205	fast
6b2da346-4365-4ac2-9eee-04b5c881a7fd	18.669	fast
18f0df0a-219a-4ec6-9dd7-69d444633ced	5.891	hac
0eb862a7-aca0-4b27-82ce-a7c4f76fba33	9.269	hac
7267d465-5092-482c-bd63-d79742deae57	26.128	fast
eb0e67a1-7525-4bec-850b-cbb663ede004	28.007	fast
ebbd3d1d-97c7-49a9-8b2a-baca8d474beb	23.313	fast
12d81a34-18ee-429b-a5a9-d8478af94b2b	18.463	fast
ca2222e2-3930-4418-8b3e-f69b33edf26d	24.170	fast
89e96ce7-9343-4470-ae08-7c48678bdcd4	26.739	fast
2e6c6575-556c-427f-916f-6dbf8b39086e	24.835	fast
a6374dee-b561-47dc-949d-aa45983e9b86	13.555	fast
1e2b4136-db8a-4585-8ef5-dac58bd4c109	25.974	fast
9217cfce-32f0-4aba-a342-b53256f25e1a	10.846	fast
b09bc776-6511-432f-aa77-a0d840e13329	16.170	fast
5d8e4f40-b5a5-4d64-b8c5-f2362416b21c	26.316	fast
3ed2d4c7-0926-4a6a-b250-a624200e6296	26.347	fast
1429af92-222a-40a1-aec4-11fd005aa76d	18.247	fast
9e89a383-696e-45bc-8ff3-dcc18a4a4ca2	25.307	fast
8cc7df0e-f325-47de-bd1e-36fbc1a48c25	24.374	fast
190d8adb-5f5f-40b6-8d80-f09be77d027d	25.360	fast
60a691cf-0ab0-4932-9992-f8a41db6d726	21.311	fast
42d1a10b-8e31-457f-88d0-7945602c8d80	17.598	fast
8a782fb5-30b8-4ab6-9e5b-e910b5b29b74	24.200	fast
3b2ea7b4-7b3b-410e-b1b0-383632f56576	17.070	fast
b3319ba0-5e16-4893-b776-212c04997999	26.350	fast
df6f69f0-1067-4bb7-9859-95ba2bbce5d9	22.106	fast
e6f065b2-95bc-4901-97e0-d8e224bff562	25.987	fast
d27c525c-cac7-4f21-947a-abec42ce818c	8.735	hac
49f5de37-e9a3-4cbb-beb3-2b1868dd3fa3	27.603	fast
887b5422-b4cf-4645-abd8-33586f2751c8	5.086	hac
dcf69777-a248-4395-8d75-a087ae4d3309	24.543	fast
60ea7ca7-90e2-402f-9ff7-c776da0e96b5	23.266	fast
7eea06fe-bf8b-4ab1-bda6-8132d87cd23e	20.630	fast
4598f39a-ea5f-4b92-b632-006d68951f02	25.462	fast
8c37c84a-ed74-4c2b-ab93-cdbd43815378	25.348	fast
9cb7a6e4-bd29-4fe7-a314-c532129c0706	28.425	fast
6ff067da-4694-43df-9d90-968f35117d7a	12.172	fast
3e0f0ce5-830f-44ce-aa26-66fc89bf71a6	21.351	fast
0d31130f-9b79-4f54-b7a9-3f73ef89468b	24.921	fast
62010495-40b7-425d-a61e-ea0f4ea4720c	25.822	fast
e8ac369f-6373-412e-89b0-a655ef4ad47c	5.110	hac
b66405ce-4ad2-46b6-886d-04ff0a1ae7cb	24.342	fast
82041a44-fe55-49f1-b75e-5e0d1f6b3649	7.959	hac
b238d225-d8fb-4d5e-b038-065be98b8aa8	22.160	fast
3d2b87a3-65d3-4526-ad49-adb9e2b6ded2	15.961	fast
72914f6a-ca97-4cc3-975f-48acb664dcf4	25.005	fast
1b97393d-9662-4868-9cea-087f3c5db56c	23.608	fast
c6c5fcbc-57d4-4350-89a8-63c4c83aa465	7.995	hac
ee75a648-3ac5-4c0a-9199-71046a6f67c4	29.862	fast
402e75a8-4645-4a40-8627-4b44b22e6ec3	21.247	fast
6835c8ef-2684-497f-803e-38e4e259dd9a	25.903	fast
194aae04-161b-4fe7-903b-101e994ed0e1	24.639	fast
ca1b3242-ef45-475c-9904-19543f7a3a17	8.791	hac
58033713-63a8-44da-a30e-69fc0c8d34d9	24.737	fast
7997cc6c-1b45-4f80-99cf-d9e95109704e	9.422	hac
8f23bda3-e58b-4024-b4d9-e8edb8cd02c9	23.299	fast
2a4974bf-4b2d-405f-8bb8-e474b14b1ac2	24.734	fast
98f37339-32d4-473b-ae84-df13061d0af9	13.209	fast
9a405c2e-b49f-45dc-a4e5-625ac40094b7	23.984	fast
f95618f1-998f-4a32-910f-f332202e8d52	16.665	fast
35ef3cf9-2079-427f-bc9f-291db4feb858	26.281	fast
20ec5869-15a2-42f6-ab2b-bd3efb7127f8	6.525	hac
a8f98283-bafb-4105-b7ea-7706604c1bd3	22.468	fast
1dbb08e5-7b32-4c49-b7bc-93aee8d635d1	20.511	fast
5317d93c-4d75-403c-ad0e-5b30a65a63a4	20.481	fast
44623ff4-1c7e-45dc-ab05-feccdd8fe2cc	30.793	fast
8d00a033-c0c5-4ddc-9766-1765cff56645	23.720	fast
92d389aa-f756-479a-85ce-2fe8dbaa48ca	24.415	fast
41ce34b8-1ea9-4226-90ad-385a97b32874	25.162	fast
e1719615-2e88-406f-b9a8-be1f2077ab78	23.893	fast
556fca10-061a-4cb7-8a56-1648fc2fb253	23.034	fast
9a599eb4-e77c-429d-bbea-546a31a4391a	22.261	fast
8ed65c6b-2758-4301-a80b-9b14cc92200a	23.142	fast
abd39b49-2271-42d8-bbae-77d094057b1f	25.043	fast
00716381-6f3f-4fb6-b039-aa20a2e0a25f	26.294	fast
9b023fe0-ee90-440c-87d7-62d8bd7dcff0	22.452	fast
e581b2b7-b439-4e0c-9fee-15d6d8954952	8.464	hac
d2df2a8d-5333-4bcd-b773-eb2abec40135	25.435	fast
0d044942-3b23-4783-870d-9b89133e30c8	22.047	fast
e6ccb2c9-e05c-4913-9eb4-25b4e48d8f8b	20.124	fast
81c82543-1f83-47cd-ac5d-990d6709d164	26.484	fast
79ee489a-5c82-4f6a-91d2-52bf40ae5e1b	22.438	fast
0aebc10a-8726-45dc-9ef4-c31388f134c0	27.695	fast
ff07d000-9be3-4f37-a9dd-11c2f0038a18	22.696	fast
a0b21169-a313-4c98-bd6a-fc99a2876a63	11.286	fast
c8ee215e-1573-4465-b381-8d15e0882be0	17.497	fast
81056afd-1740-4936-a574-ad9f21ecd5df	26.631	fast
163561ec-ab76-44a1-a679-e5bcf9002d64	19.032	fast
a333fee0-6c0d-4b85-87e7-2f23353cfae1	22.419	fast
07352bab-6ec7-4694-a7b0-859f19083f21	8.747	hac
196f6fb9-77cb-481a-8b46-eb620fd62a46	23.480	fast
22d572e5-3b87-4216-a4dd-8c76b73bd7c8	26.603	fast
6d2d6827-f1c1-4772-ab21-c3204b6836e7	22.921	fast
7c7602dc-c45e-4233-a28b-24d031860713	25.402	fast
31a0b947-5c39-4cfd-8694-235e64bdefa3	23.974	fast
ec4afa59-1ff1-4342-909f-f1bbf3d95433	21.528	fast
7c32f4bc-9294-4117-b211-0144acd58bbb	8.561	hac
ff483edd-98c5-46cf-8560-01bf71f63816	10.322	fast
ea1e56d8-e6ec-46f6-aa33-43758983d4e1	26.103	fast
be174579-6860-44b8-827a-a134334b6a1e	24.902	fast
d4d929aa-3204-405c-a440-b664c96f5907	24.493	fast
ad52f407-f5a4-44dc-89f9-8a5db39a50b7	7.495	hac
6375da07-f76f-4401-a1d4-6ed3f4780c14	24.295	fast
e0892ae3-da43-4f2c-ad0c-1cdd096fe914	19.537	fast
aac87b76-2ae0-410b-9209-c8fc90a2e660	14.131	fast
7cb8d204-7be4-456d-9fa4-962e2b948f92	21.225	fast
c2d84999-9e7b-4d04-ac98-afbdd85fbcea	25.633	fast
e0ac4c5d-3843-41d4-aef7-900fdea0bfd0	18.298	fast
2efd264c-5231-4bec-aae3-73b5d650938d	23.540	fast
4bde6436-d371-45a3-ae5d-e9da53dfbaee	25.863	fast
c86f8886-81f9-4f5a-99f4-2ea4d22353b4	22.302	fast
88631632-69f1-47d1-8846-f2d1a6a97251	11.034	fast
e2775984-b4b0-4bbc-a386-cf3263b2a46d	22.123	fast
1ff77160-ccfe-4b22-9261-0232b405aaae	6.690	hac
57f570ce-fe31-4ea4-b463-e6e248543009	18.625	fast
1d7fb997-e33e-4a71-8fed-1e260699b797	23.787	fast
0037cb08-6007-4cb7-86c8-cc6db3795ca5	23.776	fast
470cc27c-be4f-45e9-9c71-8f9385a248e2	23.663	fast
09b147bf-fba3-4ae6-9385-33f6fe7f9523	24.127	fast
b657a9a3-53f9-4f4e-b834-7db08b69e49d	24.769	fast
10454940-92ac-4fba-9f77-8f18db3368c4	26.385	fast
b4090d31-0a48-4301-b76e-6a6d2e24a09c	25.592	fast
640c071a-b906-4549-a616-0ecd47b45722	18.602	fast
e810db7d-0773-4509-a206-f53fa0c57ab7	17.569	fast
e380b1ea-2fe6-4d9b-b853-1ee3a5787da9	22.560	fast
71a6cf47-0528-4f7a-a176-002afc2c03a4	26.156	fast
5a6a65de-517a-418e-b014-a739325b8e01	23.910	fast
15979beb-9881-4db0-a98d-76022a1b6020	21.129	fast
176ed57e-bce2-4916-95a9-785c3f23c6a3	17.070	fast
9c5931b0-052d-4669-b43f-6b361fd217a5	22.796	fast
34c59d73-4606-4b32-8099-13a98e10cc36	7.106	hac
a6052f87-89aa-4212-a588-d90d244be5de	28.160	fast
22a96206-3157-46de-855a-3dedfdc71a2d	18.436	fast
6bff14b3-694c-4457-add1-c7a482f1a832	22.135	fast
364b7a86-7827-4af2-8fa3-0aff99135652	25.287	fast
3087af1d-2a54-4996-a298-ccaacaff7315	24.960	fast
6c174b1e-d55c-4ea6-a8f5-cfd46f322813	25.890	fast
9193534e-05c3-4d6d-bce3-8699cc2801d0	14.908	fast
66d01ba2-5584-4001-9c90-1053728d4cc6	16.843	fast
c91bb7da-d085-4a57-8890-17e430c886b4	14.626	fast
7bf663a6-4b5c-467b-bb30-7177505493b6	21.948	fast
17faa4d1-6c0b-4b1c-b8c2-2b6631178de9	9.396	hac
ce82e6ac-6cd5-4d80-b4e8-086898c24c09	25.382	fast
0b33a66b-5d24-4cad-85fa-6a734021445a	25.850	fast
ef3d77f7-8056-4ccf-b51e-4478910862ca	29.380	fast
944b5bb2-6cee-46e3-9ec7-3b01293735a7	16.930	fast
0c2c4878-b56e-4e7a-81a7-b56acb0c6cc1	17.319	fast
c08444fa-1833-4ce8-a61c-9a8ccaeed9b6	23.048	fast
88add646-355c-4262-8816-da2a194f1c82	9.520	hac
0906f14b-7981-4981-808e-ad514d5f566c	23.839	fast
afbefce0-85df-4b8c-9d00-e06aa5dff318	24.234	fast
cfd8322c-1ed5-424f-b455-1bb20123267b	21.793	fast
64f4cf6f-c20c-4dac-8cb2-93c5b325b925	8.708	hac
e6f014aa-87d9-4f50-8047-3c3a51492439	21.162	fast
57a428ac-3cd7-48d1-92c0-7d7fe69afae0	24.483	fast
8d271ea6-8538-43fb-b97b-99227d52d8a1	23.283	fast
a7d94fd5-9647-43a3-bbeb-4e890a595832	15.858	fast
ff982417-6afb-43d8-bcd7-0203d370ccb1	20.956	fast
9164d51d-6b58-4d6f-b1d1-fce449940176	24.061	fast
94d88dd6-9a6b-4907-88c8-0fb073bd7309	23.649	fast
b7d0af2b-f089-426c-8fe2-8e3ec8e5b821	6.097	hac
dfbd423c-6389-4c4a-a026-b05358d7c7c6	7.726	hac
16b7d885-a19d-4e64-8d5d-dd23280069d9	25.914	fast
175a83b3-5321-4dc4-9b0f-8a9bc2f65676	26.956	fast
1b16e0a0-d5f2-4d3a-8637-a3c7b1f1a35d	9.500	hac
9a71324b-d9a0-4819-bde9-7d5fc42a47da	24.678	fast
3e8459c3-5043-4727-89a2-c9bf3ca6a983	9.131	hac
82aa1672-e225-4143-beb0-95fd9af4ec18	27.567	fast
71f70512-08cd-48fa-8144-d69829aa9667	24.675	fast
fb218de1-537b-4574-841d-7ac522097205	26.622	fast
1132e525-b0a5-406f-b9d1-02a7f9ae4abb	8.926	hac
e37b930c-1fd3-4985-8799-5d7919511acd	9.310	hac
f501a922-7fe6-4a84-805e-89b0efb22be4	16.495	fast
3cb24498-9206-4058-8add-f7855637d4fc	12.453	fast
6f2ebb50-eb8a-4387-9354-209430bdc13b	22.043	fast
33e97dec-85cb-41a4-8d98-9560ce20c047	12.552	fast
1b6a5bf2-e341-4d94-8fde-869b1fe94321	19.394	fast
51b3981f-f0d0-4811-9cd2-b6f37fc15f02	16.368	fast
788bf577-9345-469f-a48f-b897f2a25000	19.515	fast
a30ee4df-e534-436a-a07e-2229956dab4b	23.808	fast
3cc0ead4-a576-477c-aafb-b56df2090ec7	26.801	fast
874afa9a-581e-4001-ab93-137f6b0482c5	24.095	fast
dde9ddd2-2b63-4759-8771-687d3256b552	22.204	fast
2a024464-7121-462b-ad30-1d32d8e1e7b5	14.602	fast
c90acac9-a5a6-400f-97ea-a89e5897369e	8.726	hac
b5608f57-7468-42a2-aea4-f2b06d3ddc2d	24.313	fast
e756b150-1604-4c3a-b737-3b872302c779	26.895	fast
24a59c25-5544-4a36-940f-d9b225788664	21.667	fast
b8758112-0fe6-4a1c-8a7c-dd38cb8445f0	17.442	fast
eef67b3f-ef9f-428f-9015-97be0a052f30	9.427	hac
8ce9199a-f448-4ae5-a1c1-32fd34f23929	14.177	fast
a0042956-a855-4b43-854b-99288f076352	26.392	fast
f5d062b2-89dd-4a9a-8a34-ec5d2e16635d	10.914	fast
48a1f3ed-6e6b-443c-bc5c-0ecbe2939e7b	11.388	fast
8eee6678-7377-4253-8125-3e9eb89815f5	24.287	fast
ff4c7dfe-fdda-4c1e-b85a-bde48a9715a3	25.289	fast
4d07f7d3-3004-49f9-adb3-6ab259491e9c	23.465	fast
a354ba4c-0dc7-4caa-9421-11e52f25338d	9.686	hac
b5e7d8c1-30cf-44db-ac11-9198f5ff648b	13.282	fast
c74227da-24c8-4a7b-9958-33282668a342	23.197	fast
1a4c574e-b39a-40ae-b75e-9641fb39a06f	10.105	fast
84430741-feef-4808-b108-2255b6bc6ccd	17.918	fast
14a00a36-da6b-4d68-8324-fbc489e707a5	17.316	fast
ef4c32f6-9893-4396-bdec-9000330ef01d	29.688	fast
6d2cc9d1-e6bf-46ea-98fc-bb11d87bc015	20.404	fast
1c8c822d-61a9-45b1-9dde-fed3e40188c9	25.373	fast
b7719c9d-cb70-4262-abce-150fa83288f0	19.625	fast
453edc68-5dff-443f-89cd-fdb04a1ea087	9.180	hac
f8af9e56-461f-4e12-a7e9-2a678c4841c7	20.883	fast
d1e3bb76-c257-417a-a97a-15abcb94bbdc	23.855	fast
330fcfc7-7c5d-4a5c-8092-d70962c80008	24.625	fast
e048012f-0a91-450b-b747-fb958dd8fb8d	18.995	fast
12cd7c8f-843a-4772-b335-6a1914458594	23.779	fast
54630e23-c311-4160-8879-cdaa4a00c660	22.438	fast
bd032827-0b16-4416-9843-664d24e457e2	22.124	fast
045c34a0-119f-4282-bcad-c7c1057be9f4	24.357	fast
a80b164f-c889-4e1d-bc7b-5da5d3a083ff	22.922	fast
0c9c784a-11eb-4d0e-a31b-a888c503433d	21.443	fast
84ad7a2b-70f9-4324-93fa-fa27c44f0e13	23.660	fast
10f0d9c7-d942-46ab-b20c-a8a08facdddc	8.270	hac
734d1360-ed3a-4e51-9fa6-a54f6c86573c	8.692	hac
bea0e4cc-eb61-4623-833f-ce264a92e486	21.698	fast
429b52e1-f244-4474-880b-74234ae5b535	26.104	fast
b39b5ee4-b9be-4d67-8c4f-362aac982aa7	21.746	fast
ecd4889c-08ea-4198-bda5-5f6aad87a26a	25.235	fast
fb7be667-8efb-43f8-a48f-fd59e545b5ca	23.110	fast
3588ac62-3cef-41dd-b8f9-02ca479904f9	23.355	fast
ce991e72-77f7-4038-94b1-b4984f9d5213	24.433	fast
1acd1901-cefb-4a85-9181-5fe09db2fd2f	25.713	fast
60540200-3973-4b51-9f2d-95b8f2a8a1d2	9.132	hac
7bcf1928-80d5-4eb2-b6d5-d4524b4db86d	27.347	fast
205fae19-4522-45ca-9095-650189413349	26.908	fast
43f2ff0c-a655-4a11-93c7-9718a9cb7ce6	21.776	fast
07276bad-11db-481e-9817-b3c464643039	23.777	fast
32421822-4c66-4a04-ba31-ae32f9cdce19	20.288	fast
d128bf43-3304-4624-9d97-8e53db590416	24.897	fast
f08d4aca-f0c7-45d5-8cb5-111d3a293175	9.191	hac
3a4d412c-0865-4eae-8a89-b397384f7f73	25.042	fast
e3a07062-c273-4731-9152-f8938e504b9f	6.849	hac
abe76fc6-776b-4048-934a-3645ba7edbbf	23.178	fast
26722b23-46aa-4eb9-8902-388d43a0f803	25.863	fast
c64efa90-e805-44cd-a806-7a71e1309a11	16.466	fast
312d39c8-65a0-487b-98f6-4820130a50da	7.875	hac
9cfd84e2-8e59-4767-972c-283893c89c33	23.987	fast
68bde8eb-9800-4f22-b2f9-5e3760168da1	7.329	hac
eb59682c-0be8-423e-9876-4df156bc7aad	22.384	fast
108e7731-9b0a-4601-bef5-7ce97a1f7290	11.389	fast
fbcc1838-7642-47c7-9e1d-c0c6a9a51a27	20.719	fast
50e866ed-3f4b-4275-93f4-0893a72b7eb8	22.339	fast
b234cbef-c759-4429-87fb-a39eed843ba4	24.155	fast
f8206316-f583-42bc-a8da-da70c7a6a62c	13.073	fast
d2ed6fdb-0ecb-4ca7-b906-b769ac89c89e	19.623	fast
3bd04341-63c8-4be1-9346-3ca4f035d42b	25.288	fast
9996ac71-bc87-48ea-a542-0dc41e7e8c6b	9.039	hac
710e355b-b6d2-44ad-b66e-c3bfef6f0fe6	26.309	fast
db49798b-9cd2-4e4d-a8e0-dae2aed9c4ad	22.561	fast
465455fd-f6c4-488c-9db5-d214212b7d7b	27.340	fast
8e9cfbe5-7fa5-465f-9c6f-b28ac5a9b938	26.305	fast
aaededbf-8f3d-4dbc-93bd-8bb79eca8734	25.063	fast
743bc832-2aaa-4814-a657-6610f6671b90	24.714	fast
5c0307b7-03c3-487c-b73d-d2e7052db0a1	24.342	fast
5a8af7f0-5482-403c-b069-342e76922976	18.737	fast
87978078-cde2-49c2-ae9a-32451e8b22ba	25.710	fast
f7da10fa-711a-4d34-b784-bd1fc33c5e93	15.259	fast
ccec0ce0-76f0-43d2-873c-443e2aa1143a	25.968	fast
986de4c1-eea3-4b71-8b32-dcc5a4e76298	25.850	fast
46facb87-d3dd-4205-b94c-df98ea580185	11.190	fast
e8334c5d-efbe-4c48-abea-4f3bbf67b3e6	24.024	fast
a5f61594-f2dc-4aac-b32c-199fd52f3a10	17.903	fast
8970658f-b462-4cc2-aac7-ab67908bb136	24.587	fast
2e968987-c4d6-4e65-b75d-32c149691e39	27.276	fast
f0908472-4a9f-47a6-a754-50b6ecab5cbd	23.607	fast
557529c6-e59b-4054-838e-5a1df11c42fc	24.507	fast
b3f6668f-1170-4941-a3ea-942b38af4d37	25.935	fast
04730d20-bb1a-464f-9d32-f79e3a656f74	26.116	fast
a2efeb58-aec8-4be2-91c4-66faed862ed3	24.515	fast
71f10274-4530-486a-8768-08220ab2dba5	25.730	fast
6affee19-e726-4f97-836d-ba2c6ea7ebbb	17.560	fast
6e73d0a4-2fe7-4b9b-ab03-b1f976df6817	10.823	fast
6583305f-5103-42e9-9a81-d1e2cadcdccd	17.402	fast
40719e23-f123-4293-b432-3529068c5cc0	25.499	fast
78d49f85-7ab3-4949-a9dc-3d63b4ad0dc6	5.966	hac
ac0511e5-a4a1-4f37-8ad9-ab74fd7497da	28.481	fast
79d66824-7384-46d1-8fd2-9b8d081ebec7	25.255	fast
7ed1d2d5-6da8-486a-a917-80cd5929d71d	22.793	fast
0461b3df-3dcc-4265-8324-677c76cce7ca	23.124	fast
35e82b9b-144d-425b-95c4-537dfe16e97e	24.382	fast
9d33727d-4f3f-4233-9f33-ab95328f0d3a	9.405	hac
68ac89ac-cac9-418a-94e7-7b38056639aa	9.163	hac
4e5143b9-be0b-4ad4-a6ed-3b6406ed1b7a	10.526	fast
41aeef4a-31be-4ca6-83df-519f25f806d0	22.217	fast
071a14a0-ea4b-4fbc-b22d-bcad8f0155a0	4.493	hac
d8cfe6fe-84ee-49ca-a941-c09bb307043e	24.830	fast
12d0ddf8-8f33-4138-8a1f-ef7470f2e8c8	22.244	fast
135ad754-ea4a-4629-9d4a-bb9be6662d90	25.863	fast
a3861aa8-f497-4fcd-95cd-0e8f3ec0813c	21.169	fast
45ec14be-f4dd-4145-9de2-8ce20348d824	10.851	fast
5fd69be6-46f0-4992-ad9f-aa56a4c8e93f	23.702	fast
5554ac69-b08e-47a4-9e04-97012ce6bee3	22.553	fast
62bd124a-e6a4-4454-80ab-56c3b8eced3a	24.723	fast
045e4d32-1fd0-4640-bca8-a17ff9e7e500	22.627	fast
2cb7fd00-08d5-405b-b119-1991b2209094	26.331	fast
c7be44f2-99ba-4ab0-90b9-dcb3524fbe8b	9.741	hac
c52921cc-50ef-4191-a8eb-e36c0a16dd24	6.918	hac
7a22ab2e-2967-4187-a2ac-4629e00a23fb	20.748	fast
49d65518-137a-4620-85bb-1a90e05401cd	23.312	fast
20d59d7a-daf2-49fa-ab30-d5b2cfb85bd1	21.354	fast
42d5e5be-e42e-4296-9143-de4e83de7baf	21.920	fast
b974722a-639d-4bb9-820a-22e98279eaca	22.358	fast
9d21fc47-14e0-488b-afe0-610204990079	14.493	fast
7db95539-cfac-4b39-819f-d99ae375e223	18.470	fast
a437b718-c754-4a91-bed5-85bce0d56aa0	20.751	fast
ae810c9f-53b4-4d60-ab70-750e8895bc26	20.744	fast
bb611537-562a-4b2f-b3e7-a9c1f4f6a0c0	14.941	fast
29e763f6-85a5-47c3-859c-e84c4166154b	22.790	fast
1376edf1-e539-4466-9b6f-2fa354680de7	24.553	fast
d6424ee1-9c63-4fcd-9d33-b93b046e62f7	8.696	hac
2f9552a5-08de-48e1-bf8e-0723d45fcda4	19.989	fast
679bc4ae-5b37-4fc4-97d3-1949c8d34b07	6.415	hac
e5191086-36f8-45ee-b98b-e99c383cb9c3	9.480	hac
2a7ff586-d374-45e7-8c6e-2dd0960a6ff4	26.835	fast
4ad970eb-511c-48c8-8a6d-9f2c0d16da40	23.236	fast
dddb0c04-84c6-42a8-a41b-0536db87851e	23.962	fast
b6a9f13b-1b5f-49dc-af9f-2cc8c112843b	22.687	fast
3d60e317-b712-4a3b-a62c-fc4a723eb3ec	9.488	hac
a8799a51-8487-4233-92e4-d6382df0c421	19.724	fast
bcfc4cca-1d94-4acb-b5b0-615b9409c7b2	8.977	hac
3e835f43-4c2f-4118-b71b-7ef9590c54b7	24.974	fast
8a4d78ea-9483-4797-8057-59f82a483f2b	14.694	fast
5fc12c5d-c62c-481e-b39c-d715916aa7c7	14.310	fast
5a3296b1-82fd-4357-ac28-39c4a7ab4d59	25.604	fast
1bf85777-a943-486c-9b62-d1bdfb538231	26.624	fast
0c4eefa1-77b6-4833-a9b1-b68d77c984bf	7.019	hac
37af4b89-64c1-476d-a7bf-69085ccc6f5f	20.385	fast
11cbc790-f217-4497-ac3e-055c72b5eef7	7.703	hac
a3a6ccbb-d282-45c6-8409-aff0426a7040	9.799	hac
6dec1504-1a9c-4ed5-acc0-491db6f0c69b	25.569	fast
013a7e06-396c-4089-8544-5f052051a8fd	23.345	fast
519a4149-885d-41fd-9d4b-66d42a5393f3	23.621	fast
5cfc8d1a-8284-4b71-b248-40702e5a71e0	22.321	fast
8869ae9c-fb90-4f2e-a3d6-9b32a87994e6	27.098	fast
a67a4eb7-4555-4b79-8d5a-741a3581ee07	24.373	fast
c121003e-18b7-41d2-acf5-426a8381f5ae	20.594	fast
6219d018-3324-43d4-ab00-f61ff21842be	10.778	fast
99020c3e-3d95-4641-b860-9c0e47524888	7.314	hac
3e8cb065-1ade-4a53-83bd-faadffbb12be	29.960	fast
80deb179-9a80-49ac-9b1c-827f18199f67	20.961	fast
bba65c77-3091-40ca-bb30-d8e704951c1a	21.544	fast
707113de-5747-48b4-99cd-e2a21fbf939e	13.392	fast
14ea72a9-a71b-4cc2-bda1-4bd593bfbdb0	23.934	fast
f9cf48e0-0ae7-4dfe-8b81-dea104ddccb0	18.864	fast
17c66586-386c-46e9-84d5-92e9ade4ddf3	24.010	fast
b0b2c2ea-d5fe-4327-a731-0a6ffcac09ae	24.251	fast
b0dd1190-8ae7-49f0-b488-8e0d534af1d3	7.712	hac
4bc7ea63-6045-46df-9b8c-2cb272aeca62	8.747	hac
81f14835-a4b4-474e-8245-51fc9ca1858e	19.602	fast
7aa1f452-3d09-43f5-b0ec-bed72070e061	23.986	fast
4ca1ffc5-f154-4a80-a815-0f0a95e10372	25.886	fast
94a476c9-7d38-4bdf-a541-b41f50c090f6	12.577	fast
43392ecf-b3c8-4b40-90aa-b0b6d0d82e93	24.798	fast
80587244-01e8-4c1b-8546-5a493cb8e91b	20.700	fast
fcc4ae20-8806-4ebc-bc34-60ef0cb19466	23.854	fast
d1bce7f4-0b9a-486b-8ae3-ae0d1e0bd124	23.914	fast
1e1f7fa0-b78b-43a2-8ece-bf3628996dd5	12.474	fast
56f12e81-8b4a-4dfb-a36b-95aeec144c5d	9.515	hac
eb843d1a-ed82-48e1-96ac-d603b56bafaf	20.226	fast
02ca8b54-114e-497c-a4aa-711ff6575baa	11.259	fast
dfa6a082-0ad7-4d52-8d88-7d0f80fd2f93	10.952	fast
ae139732-90fa-400f-8c11-a3c63e54a6e3	23.375	fast
09aa87e4-de51-4f6b-97b2-53dda34d17b5	24.956	fast
666f4c52-42e8-4233-92e7-4bc29960aea0	26.335	fast
08b1fe0f-255d-4f01-9a2f-0faad350ebcb	8.377	hac
94d590bb-7175-428a-8e29-581102ebd259	9.767	hac
3c031006-4d8c-4db5-8fce-b670fda2d88d	8.699	hac
af97db7f-005d-4233-acc9-8b2c32297efd	21.995	fast
a154d68a-5ca7-4d31-94a0-dc7c65894605	20.165	fast
fdbbe1c2-55f9-4bb2-8dd7-8ad6cd0c9797	16.555	fast
dd2bb946-2e39-4aa0-bef5-ccb7c7a22c7e	20.322	fast
3c66f0f6-1613-4394-8350-9b42517b534c	12.658	fast
45e78abd-d436-4e1d-879b-77779d5c7095	5.542	hac
e7a2ebed-8556-4cb6-80f2-37f3b284467b	16.456	fast
b0f8971c-c2b7-43d8-b00f-4af5e3827458	22.023	fast
f2f51199-167f-4f13-9b94-ad5c02f53da7	24.065	fast
6b6b5c99-f4cb-4284-b747-8fe90b78b3b7	18.955	fast
75433e60-daf3-4e44-81f9-abef1d9af728	23.871	fast
41f27bae-3aa5-4a07-9721-fded753c2fdc	10.477	fast
acb9986e-8141-4fdc-89b3-801e3d8375db	7.643	hac
ab7f00bd-13fd-461b-86b9-9897768782ab	24.932	fast
a172a6b6-33c6-4ce0-97b0-5d3d8e5625eb	7.575	hac
b7819db7-fa04-44c6-a890-0d2e4ec1f30a	24.074	fast
1490e2b8-8574-451d-9711-ff95b527613d	24.269	fast
9cc168b6-531d-4009-b1ee-284f5d51136a	9.289	hac
ebdd94d7-e06f-4646-9375-7d331dd188bd	24.869	fast
4b71dd90-3c76-46ea-91a9-d6b3e48414a4	23.253	fast
df984b20-4b5f-4d66-b414-755208c77b25	30.150	fast
a8776951-fcbc-445a-b36f-39579c366029	10.415	fast
a0371a0d-c24e-4b47-8dee-33b62d091bd2	23.490	fast
50661c87-dc86-4c99-bbcd-68164df0d7f9	24.568	fast
84c1323c-d71a-483b-b96f-4ee0027a2576	8.946	hac
e3e3e0a6-6fa6-49eb-9875-e4a5e8a91440	22.743	fast
665b0563-a6dc-4f27-a268-71ddcf1b6be1	27.381	fast
5c9b527c-1936-4161-ab72-199a2c2eb6cb	21.200	fast
71b7136f-db47-4755-aa49-86dd220de2c7	20.771	fast
ca104487-309d-4cf8-a916-858fc85934b3	22.833	fast
0033a79f-75b3-452a-9ed5-8ed83f96464d	13.061	fast
5a213d7b-af9a-46d5-bb46-7dfc6f7cb45a	14.675	fast
ce1a99ba-babc-49a0-82ab-95b62875aea0	22.300	fast
9305a873-893c-47b8-ac63-74e5f1025853	25.279	fast
03328044-5e87-4b30-87d7-4689347ff1f3	11.800	fast
30f2a24b-f6e5-4243-bbe5-80198a40353a	20.200	fast
dc8316c0-2b82-438d-a0cf-19b19895bb56	22.172	fast
f8395aec-518a-49f8-bb5c-cc2da3ced7a0	22.000	fast
2488eb6c-54b5-4682-8301-c29d73cb61c1	17.761	fast
5dd80ca2-c806-4b00-8825-2e6c11ec158c	7.144	hac
9fe6555f-6500-4b07-a165-e99a44c8df4a	23.551	fast
0b14385e-f47c-453b-8b7f-a9afa3802b86	18.033	fast
04f5dc2a-5a64-4e53-89d4-bf5653608a3b	28.413	fast
2f37e1fb-7e1a-4b87-89d4-7bf9e1fd7b94	24.344	fast
9a42d9b6-dc09-4f54-b48f-e67ef7dd46aa	24.914	fast
2158254e-ba27-4e9b-ac0a-8dfec40cc29d	18.275	fast
eccd6789-cb8c-4e08-901c-e65068bb9a76	24.811	fast
02b9d863-a2b1-4a76-9e96-7576cdbd001c	22.065	fast
e7089ee1-8a6f-4eef-979f-2926d50aed97	30.108	fast
b42a2ccb-19fa-4aa3-9e6c-ac346c465bf2	29.294	fast
08fdd343-f1e3-46ea-8a9b-2fbc99599f5e	7.357	hac
4cf247c8-97ff-481e-a760-0449bc869182	24.501	fast
fbfb85f8-a33e-4af2-9398-9d7a0342f75a	22.612	fast
c07d72c4-e6e1-4c3e-8a40-e989c1cd2da8	23.823	fast
922e6f17-452b-4370-a5c4-27e65a5f6be1	15.594	fast
9b75a2da-6bd7-450a-a5d8-edd5f3ecf83a	14.942	fast
ce4ed7e0-61d3-404e-8c6e-ae0f8d53052b	11.341	fast
088d7eff-d8a5-43d0-bb7f-b523104b77c7	26.544	fast
02194ba4-b42e-4644-b572-21e304ea1e39	18.899	fast
be570892-13c1-41c4-b3d6-69b46f759e81	24.856	fast
e38416e6-7af9-4db3-9299-b2622cf74bf4	22.634	fast
8ee1f17b-c5cc-4e2e-b850-d42ba5e7cdb9	8.591	hac
623c9282-71db-4078-82c3-c0aaba3967ed	8.513	hac
30fe6f7a-2cd2-46d4-9d15-47c2a2624877	25.224	fast
fcfd97a0-1a93-4cbf-bd4a-bb0673eacad6	7.985	hac
64e3f238-19da-4504-8144-67749cdd0ca1	23.444	fast
eaa5d172-073e-4eec-997d-8a6840f6d06d	21.234	fast
788e288a-d407-4a66-bb1e-ba0e67094b34	5.874	hac
8f47b375-ded0-478b-8cf6-435e9b362dcb	9.009	hac
8adfb944-b323-406a-8735-dcf0eb701593	24.957	fast
5c465062-55ae-44d3-accd-3995dae62410	22.544	fast
6c96a785-fd90-4fac-8899-4e70ae28ddb9	19.037	fast
231db61a-b4fa-4c4f-8c44-f5918f98b23b	18.326	fast
aad04d73-6d52-41dd-a663-d1d0ec8374eb	25.911	fast
c88ec288-b047-44cf-9cae-5c18de5e2662	7.633	hac
e4d3ab94-36b9-4376-8c2d-cbce17641d3d	13.000	fast
ecdf02f3-8965-49ac-9b90-9e19d713475d	6.725	hac
deedcd48-c7e1-4c79-958e-dfa58b41444a	24.001	fast
7225990c-1159-4773-9cfd-bc7c24d35022	8.641	hac
c8d2f0c1-f38f-48b6-9d25-6a14202e00df	25.103	fast
1da2557a-546c-47c6-9f8f-67102c85f49d	8.663	hac
c210e37d-5edf-419c-9daf-dc2863273f4b	17.612	fast
988be786-78e3-409e-ae46-17bc1e188dad	26.873	fast
c5f46284-6813-4446-aaa3-b6831494fd63	25.756	fast
acc0376f-2672-4c46-aa6d-90cf5843aaa2	22.476	fast
4259e7f7-ecbe-4919-81db-c2c4a685b835	23.471	fast
85c689b7-c45e-4f3d-a04d-3ca76707ff31	19.639	fast
510b4364-00a1-4a32-ba6e-67725cd6ab2b	24.642	fast
2ab719be-f2aa-4b35-af4b-fd9c00c6f1f2	22.634	fast
90c6c902-20e4-4d49-8915-fc624f0cd5d7	21.184	fast
082c8d8a-94ca-45de-b637-bb83ca0d2c6a	24.582	fast
f8af2105-0c88-4f3c-be64-ab002683d3f7	24.565	fast
097c25e6-db81-4435-a4ef-ed4512be0652	22.058	fast
1e8dedcf-f9a6-4485-aa14-b6e6bfbce650	18.287	fast
2656356c-0acd-48d5-9636-7bef3bd73a89	25.884	fast
ff5657e1-b38b-4711-9f42-387c8cfbbf10	5.193	hac
a9c0daa0-fd73-4926-9463-2cbfabc3f012	21.071	fast
f29e47b7-f9a1-4025-950b-0dbe166595cd	26.504	fast
a72efdfb-6af0-4c1d-a423-8e7fb0bec36d	22.440	fast
4ca57946-4aa4-4eb7-8bd7-f0c8e5647372	19.254	fast
53ba77a3-6eb0-4216-81fa-9e3d9968a8b8	8.001	hac
4c608737-f129-46f2-a4c2-4f6b9ed26906	18.924	fast
43213895-3590-4840-be64-2b03126e17f8	23.608	fast
5f066d07-01e7-4e73-a204-4895401c2157	22.689	fast
e9cd0a2f-fefa-4d6d-94e5-438cdcb97d3b	28.495	fast
79f930af-11d4-4e5a-b984-639d8b461352	9.593	hac
1c37e5b6-e800-4628-9dd7-0f580b690337	17.340	fast
fa269c79-6be4-4e5b-93d6-0acc8ff480f8	4.741	hac
49036521-e54b-4253-ad38-eef24d0d82d5	23.305	fast
b5453fab-30d1-405b-af16-eb89132f1f9b	22.538	fast
739cd770-36dd-48c2-b3ef-979540dda278	19.490	fast
4bcd0a13-885e-4852-a98f-24fd0fd3788d	29.518	fast
5fa9e6e5-524f-4f54-bb3c-68a4a31afd8a	19.786	fast
71ea0816-99af-4a63-9fcd-55967eda8228	24.307	fast
dd8165cc-12a6-4b46-b401-11f848141411	7.877	hac
aa238bf9-c0cc-4d26-847f-f24adfe16e57	11.664	fast
f9c0a848-9ac8-465a-b71f-5412e6360355	21.157	fast
4faff28d-0369-4ad8-af6b-4ba298861233	16.414	fast
bd8554e3-fcd2-452b-9589-fc1da4f9ac87	21.852	fast
3a4dc1a0-ea18-42f1-a557-b4c5c92d93aa	22.853	fast
5694ba1a-7b5b-42a4-bcfb-e3437ed1b092	25.502	fast
8d3225b9-1bbf-4660-b2e3-1e6e952400db	25.451	fast
c9eeb31f-b80b-4a87-91ee-53f9f2a00e5a	24.263	fast
3c9b0bd6-b399-4e80-a531-3212d9826b3f	25.184	fast
2bda85ab-2024-49f5-b968-16646cbaf58b	21.934	fast
69ab1f7a-d686-4653-9086-073fe712f2e5	5.509	hac
30169abf-4e1a-45d2-96a7-fe53bd6ed3e6	24.450	fast
4063fef8-5cfc-4ccb-a8db-4c66b45f0739	25.313	fast
f4d4a981-f81a-4ac5-9c32-03a6fbc64120	26.195	fast
6b9c344c-499e-4f22-8d97-0d5197cfeae4	25.767	fast
a0775e4b-a058-4e1b-bd4f-996ee21cc1ce	25.267	fast
cc14d2a9-d7b9-4a1f-a6e2-cbe515994e85	12.595	fast
93f9e3cc-5e67-4320-b75f-4388cc6b3d05	19.810	fast
f28b1568-063e-41c9-aed1-c24044ba22d6	9.177	hac
497d94b5-f9c3-4219-998c-0c768cffa4bb	24.536	fast
b4f350cb-568a-4ba8-9d0b-7ef41d053dcf	22.990	fast
1343bd61-e160-43f8-b4b1-c216f378e6f1	25.852	fast
ac91ee5f-bd53-474c-aef0-251d1673dd92	28.115	fast
01582e7d-3676-4255-8efe-67cc1e7e9f6f	20.977	fast
525699f1-bbdb-436b-8656-29434b60d96e	26.657	fast
c070eb6c-4d83-4c7c-9ea6-269fc992d81c	23.409	fast
db2c0fe4-8f3c-4684-a591-2500457f8e87	24.664	fast
9c3ffbec-4062-4a54-86ce-ce76fd15c5fa	10.232	fast
d882d843-619e-46a2-b17e-0a9af0b07944	20.626	fast
7c2c87c9-fef4-43cc-b214-23a402de8b7e	24.275	fast
cac0d2e9-7756-46ab-850a-a7d57030c1e2	26.136	fast
632cc846-87a4-48ef-a11f-a4846985e09f	7.421	hac
963acb25-d54b-46ca-86f7-f3ede961555d	26.080	fast
3a229485-ab46-481a-a803-e9ef86ee07cb	26.171	fast
e4cf74de-7c4a-4e13-8481-7b2d493fd228	22.429	fast
334402f4-a042-4ff0-b0c7-65aac3310a6d	21.709	fast
63dec673-99ef-4b2e-b435-060ca5396596	24.170	fast
e7a157a8-ebc2-43d7-96a2-e924db48b4ba	10.050	fast
51d10c08-4ec5-46b3-93ba-394f7bf653a0	17.263	fast
b91125e5-4dee-4aa1-8aa2-3143a68d5804	10.359	fast
344502bd-bab2-48c0-9cb1-ee6e8e277785	23.747	fast
6a481aed-e256-43a7-bccc-cf28e3be11de	25.068	fast
3b58c733-b04e-4fa0-b904-2c1c0e41dbec	21.202	fast
1bfe6815-ad98-46d0-b10d-a70136785efc	9.161	hac
97d163b6-52de-4eff-b183-e753c87ddf24	25.530	fast
abc1db45-910f-4295-80f6-2ceb2c0a34b8	23.555	fast
24441fbf-cdfb-4e0d-a0e3-95cdccdddfb6	21.650	fast
e3977185-0a8c-445e-beda-ce5a5707ee04	19.757	fast
58aded46-9d54-4df0-a214-a1acb47f74af	26.530	fast
d8e4073c-589c-4f95-a2ea-628168246e13	19.395	fast
34fc8a40-8bc5-450e-88f2-56145a1db9e1	20.943	fast
65293172-36a3-43fe-b71a-ef50214e1ff9	6.063	hac
57a1b042-8731-4842-992e-126201e33e62	24.145	fast
24386b81-0f7e-4efd-8b73-27d0d0278cee	20.310	fast
2898af36-5a02-427f-86b8-6c2519e80391	21.563	fast
b6605dad-1d52-4fff-b103-8c51932ce223	27.310	fast
554b121e-21d1-4efd-8352-aa73fcaf7f40	26.925	fast
cbbd379a-bd16-4862-b20f-c42ee0aa3fcc	26.069	fast
cba2b7fb-9324-486c-9c4f-20b84e1da7d8	9.184	hac
d982cd02-47f7-4394-9d89-f7991f585d5f	23.175	fast
3af3e533-2223-41c1-950f-7af16426bd20	17.512	fast
cca31db5-725f-4bd2-a9d7-addda6e34a5a	15.208	fast
f6ee9626-8302-4a82-b340-93887ee3b65d	8.611	hac
9c11d2af-0aa1-4bc8-a108-66987cfa6559	21.155	fast
5d755848-533f-4a3f-9a2c-93f6b00b8fe7	22.946	fast
0708bf09-ca98-400a-a5e2-19dabb3a22d4	9.909	hac
2ae3b6f1-c2ac-48d3-88e9-98869d0bd719	25.880	fast
a94fd010-e6f8-4f76-8556-b45e27638958	24.413	fast
48703e19-2117-40f8-bf55-94626fb78b01	20.170	fast
8853243d-d03a-4f36-a427-b6006ed62e3e	25.786	fast
ab2eb370-9a38-40c2-9302-55d65cfe0947	25.257	fast
d7fc34fd-da7b-46be-b3c7-1a4e8442da4e	7.451	hac
6c3dd90c-1986-4dcf-8bac-4fb080ef81d9	22.410	fast
d1eb6fff-29af-4103-a091-d291c54eb534	9.511	hac
cef0b3b5-692a-48e4-bb97-6bde72ff96f2	16.627	fast
40252b0b-9e77-4779-989f-acb599b22b69	21.172	fast
defab7df-d9fa-420a-91d2-3a0bc59fcb91	9.220	hac
684cba37-7a94-4bb0-bd87-031dd97774ef	21.204	fast
b24b1899-d06d-478f-bc28-0bf6aed3bd92	22.913	fast
701cb2bf-76b3-425d-9796-e3e708c8d816	25.266	fast
05e075a0-ed38-4bf6-b54a-3bb6a711b3ba	22.310	fast
51dca485-4faf-4635-9948-1ff3d36be71f	21.721	fast
e39a6db7-7401-4591-aec0-c87a4e51d069	12.506	fast
3d289ceb-c73b-4200-8157-801ef9bc9b6d	25.814	fast
83bde6a6-b897-40a1-b0c6-ec287ce43aef	23.074	fast
9d6cd750-8a85-4abd-986b-5b378013d3cc	23.004	fast
4a017dc6-9be7-408c-a0d2-8a8c51fa7bda	11.403	fast
2dbcb743-32ab-4456-a5d1-7b971cac7144	8.968	hac
e444ba29-7a56-4c06-a35d-721935a2b2a5	24.325	fast
a615bd28-4519-4412-9cb3-b58b76d6a2bd	24.807	fast
0944f8f8-8046-4fc8-acef-16c8cce4cdbc	29.074	fast
5b17bf4c-115c-4f68-978b-26f348df1e4c	9.497	hac
e9b53baf-8b9a-4e6c-a028-ad4e36bacb0e	7.969	hac
25b60bad-4f83-4658-a763-f4d8381b32cc	18.832	fast
366064bb-6662-4530-b8e8-2fe9bababc65	6.757	hac
bd64c770-b5da-409d-b7b4-3d7345b70595	7.251	hac
2558cbb4-eafb-4914-af54-b89060385af6	10.190	fast
b95db2e9-0c1e-4b5e-a57c-dd2f0d5cbf27	7.729	hac
33baaec4-c3fa-4bc1-ab9d-583d26925f1d	25.120	fast
5e6e8eae-436b-454c-b31a-bb85838d1fa2	25.648	fast
0be458bf-4d0c-413f-b030-dcf08c8f1166	27.171	fast
009d60dc-9871-46e7-b4ac-29157862a841	8.949	hac
9c497879-4f0e-4869-8410-ea6af68f419d	17.832	fast
da0d3160-150c-4fae-bf9f-a12636b8b9e9	22.716	fast
2ccb7af6-dcf5-438c-9ab0-6e0472ce599d	9.282	hac
7d4d6b10-b5e6-444a-9aaa-2ddb7fcbdd55	24.987	fast
842d63d4-af41-4896-a0dd-73a135ed1af3	16.463	fast
30a5727f-89d6-440b-83fa-2ee710a2d48e	26.316	fast
f86deac9-75fe-4a00-b3dd-395e5fac04cf	22.500	fast
785594bf-594d-4e83-a477-0c160d07e46a	22.636	fast
70bf9b3f-60be-4e63-ba00-cd2637e592ea	25.061	fast
34d3b8cd-eaa0-421e-a924-272574124471	20.244	fast
2b588c78-fbd2-4824-a0bb-96f1de49b1a7	23.693	fast
fd34df3a-3e52-4c9a-bc27-007496ac6b2e	18.651	fast
8c962ab0-8e59-41fc-bf92-549dd0839a8b	23.880	fast
97a188af-37d4-4621-b2d7-9b5352f1a8bf	22.556	fast
5fdc0e60-d5e8-414b-9196-cd7c1aed9ee1	26.549	fast
a74e712e-2fc8-412b-b421-b7b878fb5b6d	20.392	fast
38a809c0-6431-4fa7-b1b1-0baa653b5f24	25.533	fast
a9c80278-8e64-43e9-8ced-23cf39b74273	18.328	fast
7f4a446b-c424-4881-969d-f0f8fe533ff1	14.866	fast
6dd8df8c-a9b8-4095-a4cb-1e49a22205ba	22.447	fast
20233431-5100-4995-970b-03ff78d91182	25.943	fast
1480cca0-fe54-4a54-9fad-921c37fc50ee	13.411	fast
93d70d81-df41-414e-92a3-25da519dac81	24.152	fast
b82af0cc-7473-4de5-8cc8-1940e5b4a8dd	21.602	fast
f33fe948-16b3-4846-998f-5be3fe8f5584	24.219	fast
29584b64-c52f-4f95-8366-3dbbda3d711c	9.104	hac
5f425f66-8727-4bdb-b892-9cf6e61faa37	22.623	fast
de10d731-9853-4131-bc60-31473b6a1faa	25.953	fast
23280176-736b-4704-8c57-0d331121ff80	22.145	fast
7edac022-00f8-429e-851a-812c49e1ff35	21.409	fast
53e5a940-cdf4-4268-9eb2-20a324b42245	26.584	fast
ed8ae26c-a7f8-4343-9598-f67920d7f5cd	21.311	fast
374b2b37-977b-4c2e-be68-732ac22d75e7	7.760	hac
9bc693c2-f8c2-4c44-9776-370661dbfd22	18.056	fast
f0706fb5-041b-43c4-b41e-493797efd269	8.367	hac
b0375c77-7250-4d48-be23-543f20512d3f	8.733	hac
fadba547-642e-42bf-b0c1-46b4b9a03974	23.752	fast
5610cef4-29e1-4b23-ba7d-12767634a695	28.719	fast
959cdfe8-4cb1-47df-8f60-2fdd3dab46ec	32.570	fast
2d5d3e94-5de8-4d24-a0dd-c1493997f7a0	22.919	fast
e686582c-8727-43d7-b110-5a803ae5e9aa	17.224	fast
9b08897b-7754-40a1-8387-82159ec19615	26.313	fast
4dc2137e-8b35-4ae0-9d83-f18970e0184d	22.477	fast
1dd6b8b9-a535-4841-bde4-22d562ebbe32	6.146	hac
066c1b3a-35f6-4a60-9758-ac0584f469e9	20.737	fast
4b1eed6c-0e84-40ac-bb5f-42320f2d9042	25.875	fast
3a266b56-1c41-4121-999b-c6237b200c14	15.470	fast
20cdab4a-70c3-4088-b352-ca964b0a34df	9.970	hac
ef709fdd-52bb-4d40-8df4-ec95d7d78214	16.585	fast
cfbbdc9a-e972-4086-8a2f-22d07f653cd4	7.862	hac
ca544976-5c81-4e07-b4af-8270f740a762	24.870	fast
ee74cd7e-965f-4be2-aa39-5cded2f7a8ac	25.190	fast
9255cb59-22b4-4c46-a539-e8bbd64bc2db	20.127	fast
faf77ab9-19d8-4330-871a-01785719b6fc	7.571	hac
cd7ea98c-a368-4433-8b1a-49becb6e486d	6.642	hac
7afd58f6-fd6a-48c4-a5af-11896ffb4d85	21.539	fast
0b678e80-9b2d-4dd7-9596-011f39191746	21.356	fast
212e7d25-7d12-484d-b2e9-67951df46505	26.056	fast
533fe7f9-82d5-4bac-8338-15d08e52083e	20.790	fast
6f424d17-b503-41d2-b9bf-c038d31010f4	26.524	fast
cc368e6d-69ce-4601-ad39-665af11d8fcb	17.048	fast
04c01fd8-44c7-4efd-96f6-1b7ec123fda8	9.860	hac
f04d9a37-071e-40f8-8fb1-f763e4707e37	27.169	fast
296fc524-3ddf-4333-80df-ddb80cec7645	21.793	fast
5182b6f8-88c8-4170-9c83-a1988e0b8d9b	7.556	hac
0a02cbec-8133-4ad1-93cf-62a44b5cafb7	17.029	fast
4fa0315e-14fd-40d9-b921-fb10f2ed2794	14.052	fast
5fcc17e9-aca7-47b7-b3c0-55972ab68dc2	23.454	fast
70fe5c5b-2952-4b7b-b069-dac26adada68	24.262	fast
31e1cde8-f632-4de6-bfdc-5ecd7aa78274	16.610	fast
e214f4b7-eff6-4413-ae75-29821e8c0c04	24.617	fast
5a06d2bb-b0cb-4c67-ba1f-0e1c4915e83f	23.359	fast
d1e864e7-df3b-4399-b965-502fd69dfe8b	20.987	fast
9dae769b-d611-4f4f-bf66-eb426cf4d3e7	9.948	hac
9ff5e145-35af-4264-9d3f-64c282fb3cc0	26.848	fast
21c824c1-aa6c-4935-be55-bca94e70b86d	23.316	fast
be54f8d2-56e4-4b48-8177-a616255fa88d	8.599	hac
95d4535b-31ec-4dff-ad33-d5e3b4a078fe	12.820	fast
7c542127-1a95-4adb-8ccd-1a07b914eab7	21.547	fast
6cce1967-2b6c-4657-a61b-dc44dd69edbc	7.828	hac
c3b9eb5c-70b6-4178-9c54-76f3a059a2c1	24.270	fast
824f52bd-d157-4595-8307-86e1a6b2eb65	19.653	fast
4bae5334-bb36-4656-86b4-d1be65532983	21.882	fast
59d86769-14ad-4e76-8670-4ea35b18c920	21.007	fast
10a7b216-0c92-4b94-a3b8-b74bb4c3683b	27.621	fast
4740c027-aaf9-4699-a0ff-70619ae0a1a5	21.716	fast
6d10e0c0-4d6f-414c-acd0-ee9b6fac93f4	25.912	fast
3ff2a6ea-e69f-4974-adc7-ce808c0a84ec	23.918	fast
cac6764f-90fe-4963-8823-99570f4d4ed3	24.990	fast
50cf7fd8-3ed4-4480-8f28-a174a2912d78	9.557	hac
90a99325-45b9-4b01-8f96-6b2c9e69eb48	21.744	fast
0aff9a86-5da5-4906-83a6-97441bcb9b12	8.248	hac
9d8440c0-d52b-42a3-babc-cac02b9f847f	30.307	fast
ec97f905-b2c7-407c-8a7c-cf23350e0ef4	17.774	fast
b96f61e9-97bc-4eda-aa8c-d689deb17da0	16.216	fast
ba06d3ed-ad34-4d34-b2d9-adae3ad53800	21.480	fast
128e5080-ffb3-40e3-8887-259aeeed32c4	21.045	fast
ebaf77b8-abc0-4641-9210-b31fa572ebf6	24.090	fast
360dcd93-609b-4a25-a588-5564b16992a8	13.712	fast
86024966-34ba-48ce-9155-7e33754314cb	4.869	hac
a1c93b54-09b4-4de5-9b85-bb7c897d17f4	5.346	hac
0cfc8129-f7eb-4a39-a0e7-891c11d0a996	21.273	fast
306d6082-a2bc-4cde-9f62-b3784b90b729	22.841	fast
34810df1-147d-42e1-a0d5-b8ea8b1f497f	24.336	fast
24b25a1e-9b1b-48c9-bd52-aacb7e7110f4	21.058	fast
4edfc18c-09c4-45dd-900b-2343e75c42b9	21.291	fast
752bc019-cc6c-4dbf-b00d-9804cbf690dc	20.692	fast
dbc44fd7-5d54-477b-b494-ba09c751d382	22.649	fast
e36f3f02-caf0-4112-811e-0275ab9d42f9	9.674	hac
37c811cb-9906-417c-9147-c0f44dd7c305	26.794	fast
9e9c540c-9b9e-45e4-a49f-b022443524f3	9.218	hac
cd36939c-9a32-4d36-bd50-4fdda7aca7c2	21.287	fast
63663c86-423d-4813-a6c1-6d570ceb5019	24.533	fast
2504a144-89dd-43cb-ba42-37207880f9e3	14.368	fast
444aae55-60ef-4d03-8005-a7fa015981d2	21.982	fast
bab0ee48-fb3d-40ee-9335-b5b429850d9c	19.720	fast
f87ceb63-1ad2-4703-bd1a-143c0d35c865	22.132	fast
78b0adfb-a5d8-4708-87c0-67493c8b1200	5.339	hac
02bcd285-e9d6-4b91-9e5b-215543c95f7f	24.693	fast
2c639633-e7e6-493c-a8f9-91bc5da4d62e	18.269	fast
f24fbefd-e14a-43ab-8f2b-d16e7e725636	6.004	hac
cb888739-2afc-486a-aa5e-64e1ea2631a9	9.523	hac
861349f1-0bc5-4ef7-8959-09f0a22009e6	27.753	fast
33725ce4-81fc-4e76-9d04-71f1f77c384d	19.688	fast
693e232d-6155-4128-8962-9c1e0a3550a6	25.748	fast
56d28cf2-c47e-4b9a-9e2a-7d4a00b13aab	21.951	fast
31cc88b5-40a5-4531-88ce-277cd9435b96	8.053	hac
9c1a0a72-12d5-4ac7-a56a-b9a11eebb7e1	23.050	fast
b88b703d-36f1-4124-9c8b-dab3b9236b67	10.087	fast
6d6048c7-e61c-493b-8f92-175c8430cc7a	15.375	fast
37ec4620-e905-47d5-af23-bc59824efe00	18.894	fast
d96066c5-dd7b-4019-b4a4-3b3640db3b86	13.360	fast
c6ef8c00-bc31-4daf-9cc7-3c85bf633de7	12.085	fast
fd20d82b-ba11-4cb7-bdcd-d4801c32fe3f	23.571	fast
4a861ee2-be2f-4b30-aebd-4e7b090b9d88	23.156	fast
c74ddd9e-83ef-4bce-be8e-94a837a835ee	15.225	fast
96c344dd-005a-4551-b7f6-92f7869f27b2	25.086	fast
60d9e6c9-8b22-4f07-952a-05acbf10447e	31.593	fast
427c97c5-7270-4f36-8bf9-5bf1f25b0f25	7.934	hac
455dd5b1-866d-46f4-b785-cc357cd90ecf	15.724	fast
6e03402f-8d83-42ac-9a17-6d0e22d69a36	25.103	fast
3e47a9d8-da45-42c9-b28a-71f0059d31c5	12.950	fast
759d2d47-5035-4921-8d3e-ffe29c6d106e	23.093	fast
e88b3e8c-fb2f-443a-8d1c-7b964fb10cfa	27.722	fast
b321108f-92e5-4656-a689-2b9a29f9ba24	7.825	hac
bd249ed7-6a3b-4947-bc28-9d118afd0b02	10.072	fast
d8854b8c-2625-4c6d-8d9f-da1805dd1294	25.409	fast
71af5e1d-ea7f-4723-a31d-130e506d9852	20.209	fast
113028dd-ef5c-4d03-a16f-0d186494135e	29.503	fast
e829daf8-13ec-48f0-a730-584699743bb6	25.103	fast
77185a3f-a62f-4dff-9a9e-87e84bfd891e	10.689	fast
999db3f7-852a-4d01-a8f9-b03dc2d6f630	18.073	fast
2e4f900c-2a96-4acc-a290-5ec442fee50d	23.832	fast
1266f9a6-c927-4178-b853-9955353d6362	23.969	fast
87aef73c-77b7-4b78-b9b4-488129dc36ee	25.963	fast
eb18d1e7-bbc5-4f1b-b8e2-92b1fb8cf41c	13.100	fast
4518fc4d-30b3-4d98-b025-7c01b2ce5e40	24.576	fast
de6e8a22-4445-414f-974e-347e8e5a8386	10.171	fast
90d90505-f856-4038-a066-30d7befcd842	23.527	fast
b5910e2b-b7b2-4e76-920b-f047272434c8	25.714	fast
394bd937-f960-4173-b464-31c0c08c6f3c	22.508	fast
15c9507d-7576-46e7-9150-8893a1b74cac	21.839	fast
cf88a8b7-78b9-499f-b5ff-6e0d1f547581	18.927	fast
81ce3d3f-41ca-4af5-adf4-dbf9d7fd61c5	7.615	hac
5e81e57c-fc52-4371-9819-4449b7711df6	24.553	fast
1f6b8a37-5ba5-44ee-b792-4f4b3e05b11e	21.313	fast
0cd2c3b0-752f-40ad-935f-7cd7b6071057	26.393	fast
b4e7926a-af38-4b54-a031-8947c0aa6fd5	11.091	fast
f790aad0-dcff-4198-9506-b9f651e0aa3b	25.796	fast
a2ea8f70-828f-4768-bc54-a8dec314faad	20.001	fast
a7510696-9975-4bec-aca8-6d19320b0189	24.573	fast
728ad21c-21e4-49bf-8a6b-5e5dfcf347ba	11.581	fast
ead8d688-0f05-41d7-bef9-ba1f806c01b7	24.686	fast
6cc63a52-1fea-4c41-a5ed-e51027ac4d89	17.308	fast
a67e6eab-111d-490f-8439-9152f170ca96	23.241	fast
d1726c43-e925-494b-891c-8fe3f00e25c9	11.536	fast
832dfcc6-773f-474e-a2c4-55eee7755110	20.762	fast
ee02d7ea-9478-4b20-a2d2-144222a91007	23.849	fast
1aac7a7d-9b11-4ed7-b103-d921b1c9178c	12.530	fast
87f41298-908d-45b4-a4fc-98254b4e2c76	25.769	fast
7fe5011e-73ea-4045-b53b-1eb32f349687	19.157	fast
4071a630-4bc0-48c2-ae48-97dd632c3a03	18.599	fast
6f4a6539-d423-4ede-8724-6486ba650709	16.763	fast
1950589c-a1b2-4ed5-9d51-03de619cff33	23.335	fast
b7bb7a37-bf0a-4d17-b904-14606d012878	19.508	fast
a24139ab-c1ad-49a0-bf7b-5936b67dcc0f	12.146	fast
886c8d89-a9e4-4981-83c4-ee857277ca85	20.703	fast
cea79ff5-99bb-4226-9065-f30ea5a90350	16.397	fast
b64ca6eb-5960-4f41-a712-6cefdc79cbe1	24.540	fast
14e9f137-e7ee-4cf4-a935-edcaa5f25345	23.722	fast
1036892b-4607-49d6-99c5-66b45b212070	8.457	hac
f5a35ad2-9b5e-4044-8c53-53103f138e03	25.191	fast
e4587cf7-268c-4dc6-ac3e-71790c52bb28	21.995	fast
f1575d28-1eef-4dbd-a91e-a35857c245c1	24.627	fast
e03e0322-2df1-4e8c-afa0-87575f1675aa	23.190	fast
5adbcbcc-53a7-4c56-bc71-a44727b8362b	4.337	hac
5bc7c029-f66d-4f93-91d3-c18411532d2f	18.058	fast
7d56d994-a733-4e02-9a10-e02f5764f3de	26.751	fast
3dde35d8-c813-4a3e-a9f9-ff66a13eb320	23.649	fast
5d725fbb-ef5e-4b5c-a455-eec81dea2418	12.962	fast
26c1925a-911b-430b-bd23-ff9afedc9bd1	6.281	hac
ff8f4d1b-1c0e-4564-9c41-a2df02e8621f	21.115	fast
57a4f4c7-7090-4427-aa61-1a980750c56e	25.078	fast
03967d2c-b3ab-40e3-9979-23d105aa9ff7	26.160	fast
949ea2ba-f2e1-418d-a49f-9338b424eca1	24.523	fast
334b08a8-decd-4345-b4ab-9ebb9bb525fc	20.435	fast
deb41126-4ff0-45ee-81bb-fd64c112d536	22.733	fast
67b94a72-2f7b-48db-924f-16c0c70c4661	25.951	fast
a64c770f-5342-433d-966b-bfa081c38bf8	9.896	hac
9a8d6f91-462a-49e4-b62c-04edcdf55fba	12.224	fast
16d5aa9c-f4a8-4b01-81a8-8b899c6c43c4	25.560	fast
3e8979bc-52b0-43dd-b664-72f9a9dfa2d9	16.184	fast
f2413c96-5296-469c-9046-0ef7b36fbeaf	22.201	fast
ceee2ba0-31af-46b7-834a-d47171af0fea	8.849	hac
7107eae1-b14a-4268-a861-34610a353e8f	21.856	fast
61900f10-4b42-4a43-a167-597e4864cac0	27.344	fast
7c1528f5-3788-4cf7-a548-dca5c39a9420	25.272	fast
f5aeedaf-48b7-49db-94b0-3ae39066b1b1	10.261	fast
60fdac4c-2da9-4603-aa63-e86af625691b	16.884	fast
53b90bbc-9b3a-4399-b425-a6ab037acf67	25.455	fast
01568685-fcc4-4d7d-9f55-4e50dcabb15f	4.271	hac
41f171e3-1e23-440f-a06e-a48a8ba3ce76	19.189	fast
1f48c733-e277-4e31-baf6-56c12d10e8c6	28.169	fast
6ec4786a-2838-4c5e-9a55-e6409af003c9	23.815	fast
43c769c8-a943-40d3-acc2-41a0e6e0d9ab	25.040	fast
8867739b-a82a-4b0e-b559-5989fe5560ff	10.586	fast
47c72f3e-6928-4e41-8c56-2998dc711fc0	26.316	fast
f238b2bb-09fb-4b2c-966f-7fd412e8dcf7	22.922	fast
b30c831d-b74e-42d4-a8a4-4d1b1dfde743	20.890	fast
80312d6d-3d62-49ef-8e02-86d5e021a3f8	9.403	hac
a8d53c2e-5212-4ae9-8997-a39fd452ff9d	19.691	fast
ff9d56a2-4e18-49a1-8935-bdd26eb0f6bb	9.317	hac
e6874d37-5cbf-424d-8e78-e9941603605e	23.617	fast
76eda019-1862-40fe-9dc9-5ab58b1a058a	23.235	fast
1b2a1114-db18-48db-85ec-9ba50f829310	24.725	fast
ff287477-c854-4f67-a552-550215df9b4a	9.078	hac
b9bfbd6a-eafe-424c-acdd-432466b6188b	26.154	fast
4adc4703-e788-41c6-84c1-c9a861b3d682	5.955	hac
53b4c20a-ef2e-4814-873b-8c7137c00f96	12.166	fast
edf13430-dd53-4aef-8870-73d0ca0a86f1	26.245	fast
22043459-0cd9-4fa6-8039-093535f34623	9.707	hac
926ab528-a623-4506-98a5-b002c06fda60	18.716	fast
595cf9b6-59a9-4fd4-92c2-204b228814d7	17.525	fast
3b10dbff-9753-41c3-a7e8-6f59701f78c7	18.938	fast
bef2eded-5e02-4cf4-8af4-e4eff1633dc3	12.453	fast
e9d4f5f3-ab0c-4fd4-a63a-5335af98f0b7	17.745	fast
d1ef056f-29c3-4e1f-ba06-4d20aeb2be8d	26.286	fast
4dcf9fe4-f191-41b1-b937-cf7b38e55527	16.193	fast
95eb7171-19b8-46c6-b220-c3ad131269e3	24.909	fast
e86001d3-73d3-46da-aa99-de787ad52ab4	23.999	fast
89ca4d32-04a4-497c-a496-4a9bcc29ebf6	22.656	fast
9a8272ca-4afe-4c0b-bd99-c519f48cb839	20.779	fast
04a9dac2-1ee6-4b22-b872-b132de55dce2	19.384	fast
5388969f-0b0a-425b-afb8-8f83d00d2d7d	23.877	fast
f862b5b5-edb3-4434-8af0-f3c6f8c82613	25.308	fast
974421af-c7c0-4fff-a324-549d73e02257	13.433	fast
6301ddd8-5861-4d48-8062-59a226210e8c	8.594	hac
e0e9609d-1d81-40f3-83ab-d0b821cb9ebf	21.802	fast
bd05897b-2012-4755-85fc-c1b21e587358	8.174	hac
388a74ee-4bfb-4a0c-8252-376a6952b9a5	21.887	fast
073fbddc-5e5f-453e-ad39-7e99cdee8dd3	23.399	fast
1c443666-3981-49d3-80b4-ffad492fef53	21.986	fast
a12c7b03-e2fd-4ec0-b724-e851fe3ea7e9	25.746	fast
eccf5a5d-3459-4c16-87e0-65e50c797462	7.905	hac
7a9d0c36-f20c-49c0-a30f-344c18763435	13.120	fast
05fe595c-d086-476f-885e-86f0b508d0c4	24.136	fast
bc3c71d3-bcd0-486f-a921-34ad2967f61d	7.343	hac
743484ec-0bc7-4ab3-bdd6-3daeebfb2677	7.467	hac
889a5daa-6e68-4461-bf48-9bf99d0bd9cc	9.008	hac
89e849e9-cc40-409c-b2d8-36e37ff37308	23.105	fast
c7d55874-a920-4962-a125-8c4a98b7de75	21.011	fast
6aa92750-872e-4cee-980e-0b05d3234f89	21.389	fast
1f6e7f75-0910-46d9-bc92-9cce651331d7	24.580	fast
d5b9425f-f727-45e4-8ff0-319e1f7f4c44	17.044	fast
8c8b683d-0d52-4320-ac7b-2cb9fe07ca41	14.873	fast
bb772334-aed6-4e0c-afa1-988a84c1ca4a	23.838	fast
8529a360-c324-4350-ae0f-9c6df7a55e8e	22.911	fast
ae9ddb9f-4baf-4326-ac01-3f7389b48e79	22.851	fast
af3c90c1-17c1-4530-8289-7cfa55a59267	9.313	hac
e25d966d-26bb-4a45-a128-a790ff07c4ec	27.510	fast
7aa137b8-73a1-4e70-9691-c8680ac2266b	18.510	fast
0b904a7c-3d90-41be-9424-3973bde7b32e	18.387	fast
d3dd0c2e-bece-4f1e-bdc9-52c060793be7	27.016	fast
d48056df-db0a-4e3c-8583-71a7937e1f36	18.112	fast
1aaa4efa-533c-4748-a083-b5455e8319eb	22.209	fast
aeafe8ea-b539-43b4-9ce2-d337f6ed7415	27.533	fast
97d8d974-f712-4530-bf9a-c835ee1805b6	23.591	fast
c6a0a5a4-46ad-4b3d-a80f-3e2b763e70aa	8.034	hac
a1491085-efe3-4bfc-b819-b68a1e69c11e	28.873	fast
de3eccad-01f2-45c7-9616-3aa49e690390	26.128	fast
2e1eac88-2584-427f-805f-a0f8ddc594b3	23.335	fast
dd7268b1-e818-40b3-9261-012651e1e216	8.073	hac
8ca2ee1f-5997-411b-848c-cf342a5777bd	19.710	fast
a3716721-3b46-49ef-bdcd-977fa89034a8	25.527	fast
4e730abd-3084-4c5a-84de-36583b7fdc2e	24.272	fast
48fceb15-c799-4bb5-b26e-c53aa3faa289	24.214	fast
e25e95f1-d963-4b41-ad34-c454ae3f49e9	19.450	fast
ba8851ce-3060-4a3a-96b4-18dd1039c3e7	6.752	hac
0bbd3806-6040-4001-b5c3-16fe8abe958c	25.232	fast
6d52c4c2-ab19-45d5-a3a9-e3cdd1637f19	24.952	fast
7e01e6e1-fe5c-4829-9945-e12d413cb165	23.470	fast
ebfe658c-68cc-4f78-84c6-13c89684c396	26.178	fast
37e005ef-cdda-4655-8529-6cdc37312aa6	21.401	fast
e9247ccf-1f79-4825-814e-b27e3953a1bf	19.138	fast
53663407-69c7-47d3-afae-3f6cff1ef439	24.223	fast
18edb664-ca68-4302-a96b-579ffba47561	19.696	fast
94384df9-85d4-46b1-a6d4-2a9cb4cdb720	23.385	fast
f81cf108-368c-48d5-8075-2c2df494dfc0	22.399	fast
b66cd40a-c564-4528-aeb2-1628e6536087	25.902	fast
da9c6e59-d771-4ceb-ba53-607f42473827	23.098	fast
31078fd5-fad9-47b5-ae40-2383e5ec7c58	20.258	fast
fc458159-8c3d-4c93-845c-3a79d69b5b98	21.534	fast
d70de61c-9369-4c47-9e3d-4a275b6cb635	17.264	fast
317ce128-a2b1-4fab-a492-f3eae8b73cce	21.081	fast
b4efdbfc-5c17-49d9-8e4b-c3502246e590	22.431	fast
897d758d-86b5-4007-94b6-c20f18c4a035	20.440	fast
487d6b05-d452-4fee-9a37-fd12c87121e9	25.182	fast
8ceb3718-11e2-49d7-8b9e-e5386e61e10d	21.348	fast
e35212df-5d57-4221-bdee-199acda70fd3	21.366	fast
0a5efc71-e788-4c38-bf8f-0dedff5e9f34	24.515	fast
d5e9942b-4f98-4655-9ccb-0eaea86e7961	23.800	fast
f4a4d8c7-32bd-4c86-8dca-55dbb25ad39e	16.226	fast
baaa11d0-096f-4926-b98a-63020ff923ec	24.587	fast
59518d87-a264-40d1-a83b-86830b504bf6	26.272	fast
400b5e39-a31d-4120-a8a8-26f16bb48811	8.089	hac
c3ed15a2-96fb-4673-8c62-8d9575fa8ab9	24.617	fast
e75bdb89-56fb-4689-b05d-122baccc0fb0	9.888	hac
355d9e90-5ab1-4251-88d2-ee05f57a282d	26.171	fast
a9c55d23-5d4a-4d43-b124-bfc387cfcef9	25.067	fast
f1e3401d-b78f-4062-be4e-a643c478cd05	27.527	fast
c1bd9c20-9a6d-4137-89a8-7e81d2c1ef0f	9.390	hac
23cce681-4428-40a5-8f6d-6ce8172770b1	19.813	fast
9fd3c692-d24b-463c-94bc-0f297772537e	9.677	hac
62cee478-b515-407c-a109-6380578d3edd	20.130	fast
f51338bd-c033-40b7-a178-4771c675af38	10.451	fast
df1b6de9-9d02-4809-b787-dc812ec79769	24.703	fast
951d3289-1283-4d4d-9fa5-48f93cf142f8	9.183	hac
a4c136ab-f598-497d-91df-b6c63315124d	18.659	fast
79d3f145-c345-41f6-aca0-219680ed58e9	6.541	hac
53b817db-aa53-4d7d-b277-e6e6267d6b93	24.430	fast
216a4706-fc49-421d-b7cc-6e94a179219d	24.396	fast
96b5d891-602e-4b7f-bbb2-bcd3b3c64217	9.514	hac
318d0195-19b8-4ef7-88b4-12433bfc5ece	28.964	fast
7aab138d-14d6-4d9f-b79b-9c2d671d4f5c	22.571	fast
531c3afb-47c2-45f3-bd54-9a21c272e911	22.910	fast
9ad369bb-cf91-4c7f-810d-b94baad9d6f5	24.899	fast
e52cb877-99ed-4b17-8e3c-6a1415662530	23.986	fast
2da81bec-2b49-44f4-a3bf-70a579fbfea5	25.141	fast
914b0e79-e36e-4a4d-a89f-aa571ccf9c08	19.321	fast
629b97b2-f322-439e-9292-2a2141099264	12.808	fast
bf92c9e3-1219-484a-91f7-94966b0e4a8d	20.986	fast
73cd3c5a-feae-44ae-9996-08833ce806b3	23.322	fast
673c1d25-2470-4c1d-a51a-9c5077080cc6	15.682	fast
97f07c9e-4a21-4b0e-ae33-832e7557427a	26.038	fast
61809830-5be3-447a-b707-03884cb47416	23.879	fast
9239d0f5-9e55-408e-823d-8c3b75aea09b	25.793	fast
3f4f155d-d32b-412e-a0b9-b0ae2b5ed72c	25.180	fast
0d6c5be3-b9c6-4f7d-8870-b0235759b44b	16.148	fast
c7a5ec2a-0517-4d47-8d3e-66b6b6b4d01b	8.347	hac
d3de38b6-bae3-4594-aece-f2ec723f14a4	6.496	hac
8c0c59b0-01f9-4796-9022-cba1bdefeb22	27.708	fast
8eea7841-99f5-44f8-ba51-ae4200cbae30	9.953	hac
48a2168e-2b4f-4857-abca-d7a488cd5f55	10.794	fast
eefb9e44-d04a-4b0a-abfa-139b933e2d38	19.689	fast
bed8a694-1695-488b-96bb-e659f2730375	18.776	fast
15a69085-5b70-41fe-b551-9d3004bb3fbb	20.209	fast
4132ceb2-2b11-45b6-a1a9-89232f537e41	26.997	fast
9808a30c-2890-4e97-adf5-32c183793846	26.223	fast
7583218c-225f-4837-8694-c439e6f59cb7	26.198	fast
c4702da6-41fe-4ebf-9661-e95d4ae63b5e	7.270	hac
c8535a98-34b3-4487-afbf-7d66aac6fabd	22.465	fast
33163ad0-8d2d-4328-9cec-87e78049da13	21.323	fast
293dc03b-851e-45bb-b45f-bf13026598b4	20.553	fast
bb5fcdd4-9874-46d7-8361-73273ccefb61	25.492	fast
c33c47f1-3165-4943-bdc9-c2e8a917ff42	12.945	fast
9de73339-4161-42a0-9d86-d33032db1e22	26.407	fast
3a308d4d-f3c7-4b98-bda5-c39735fdc4b9	5.942	hac
fd9b1b05-1924-442c-adca-a95b622c8aae	23.443	fast
a4cb7fec-8118-4928-a242-505194219d7b	13.574	fast
9f5e9ac8-f360-4f0e-a0d8-638819f6fdad	24.987	fast
ffce9956-cbce-4133-98c4-5f4f18e45cb3	18.042	fast
6719dda5-f992-4727-99b9-6e23fef19014	14.180	fast
f4ad9ce4-4530-40eb-857c-405be2b149ab	22.980	fast
816947b3-b220-44ce-8405-f29a13379f0f	18.212	fast
5fc9e319-62b2-4bdf-a959-db76cc77aaf9	24.929	fast
7562a205-3c1b-42cd-8ff1-c0e630527466	16.867	fast
0042a3f2-117e-41c9-986b-83dd166e1aa2	22.568	fast
ff72441a-f17b-4c1b-b021-f4a935c79987	23.934	fast
43f763c1-c28c-44e4-b311-82d9a4dd5f45	19.596	fast
9052331d-396a-4d13-a778-f6a8a57debc9	11.065	fast
8fd3d19e-0c5d-4a12-bc40-fba834c01533	25.930	fast
062283dc-fea6-440d-9582-4d262803c3ea	25.373	fast
bd922751-51fe-4e08-b574-19fa71fdce69	7.591	hac
7294ed2b-4ae6-47e3-a8de-bf6dce03c56f	17.260	fast
d409b7ae-fe86-49b0-8a91-5262b6250d9d	22.384	fast
939bcf49-5e91-4ae3-b6b9-6bedb09a98d3	24.265	fast
0559bd21-8be4-4478-b604-fc19b3da9c64	26.752	fast
8dda6ff3-ec94-4cd0-bb0e-011b038a7444	8.196	hac
6eb830b2-c1eb-4c72-99d6-0f03bcf6ddb2	26.465	fast
9b8414c3-81db-4a41-92de-b016db801fc9	24.615	fast
31fdc97a-feae-4050-ac06-6da81f45da16	6.333	hac
680fa06f-0b48-48e3-b0ca-408ec5672b8b	22.654	fast
2b4a5616-ae5c-4d68-b055-ae2dc8d138d3	26.075	fast
07f9b895-b429-4124-8a5c-7464fe66d20a	26.983	fast
151db276-fa97-434c-a0db-531dd2b8a72e	10.011	fast
dc5732b1-0b14-46b0-95f1-dd4177bcefa1	24.692	fast
6dfe0aa2-9558-4a25-936c-9b014cd92118	29.120	fast
fcf8fbc2-2c6a-4326-96d9-1c2397997085	22.932	fast
b5a72b01-49f3-4592-905d-2188baf391e6	24.567	fast
eb5d1366-5b05-49d3-b7a1-9c52d09c7f6b	4.694	hac
6f1f6e90-c159-4b1a-962f-69ceb660e8ac	9.112	hac
26492b3f-5215-4723-8c6f-8d3568d66e33	25.618	fast
c6f39253-f633-49ea-8c69-0e4ab75db8a3	22.898	fast
24cc4322-733f-4802-9e63-2eb5e32c1682	21.057	fast
d6470f4a-94ed-40a8-99a0-13924e26a203	26.954	fast
5269ffa3-42e1-467c-88e9-c2fe43212bce	24.493	fast
0a4d1b89-d2bd-4cdd-9326-c84adeda669f	23.780	fast
87247d8d-6a8d-48ca-ae40-6b376d183a16	25.107	fast
c9512dda-22fc-4d09-9e16-fe01c1c62359	26.728	fast
4b2e8427-c7ff-4542-a013-481903059430	23.953	fast
5308aee4-ee66-43c3-aa5b-9a76afac0abb	8.527	hac
c5ded2b6-4def-48a9-a826-8a735e8c6269	25.505	fast
4d4d6cca-4eb8-4b59-abb6-d4cff2298496	27.723	fast
36cab208-6920-426e-85d7-954c89a63243	22.423	fast
50a8653e-cfa0-4ca2-af9b-9867d3b01994	23.663	fast
8d1782ff-4c0c-4f9c-a8f2-d6416a4ac3ab	25.015	fast
3420a12c-b89c-48f8-8c5a-eb3c7e6f35fd	21.704	fast
2500e8e5-0f80-445a-8677-befdf240d40d	6.884	hac
99ed2047-272c-4dae-b7be-23f60eb0de86	25.972	fast
39edfad4-ce51-4970-867a-d92868624c5f	24.367	fast
2ed55c28-eea9-4567-8398-6a14add24a60	28.031	fast
e501bb93-6e65-4ce5-83a1-4e7ad59f9285	9.386	hac
df22ea1b-2f0f-44ed-baf7-1794ea2fcb6f	10.186	fast
755350d4-9b61-4ef0-b98a-5179b45e8272	9.980	hac
b786f0c8-53d1-48b1-b635-ff2d1ba6e3d1	24.906	fast
0655833f-4429-4031-a176-4fb45a464917	25.279	fast
1f2cbca4-42b1-4eb6-86d5-0ea47cb78690	18.625	fast
f6feb824-dc69-4f08-a980-75de412ec4ad	6.448	hac
8600ec05-7041-46e9-b587-221a1938f5aa	24.954	fast
b78f0f1f-d2c0-4240-b09d-b90b041edfd2	19.846	fast
3cf28629-13c0-4d8e-b7a3-e1be3c442111	15.472	fast
de64ce12-64f2-40ae-9343-15153c021c58	27.285	fast
642e33d8-8217-4c73-a4c7-bba915589e9a	24.445	fast
310f4c19-44a3-4efc-9571-bb14d9ed3e5c	18.635	fast
3d638c03-5779-42f8-aba2-bb1ea07427f3	19.404	fast
29c50ba7-607c-4711-a9d6-e2f460407a71	22.811	fast
96d32057-3dfa-48d4-b4ca-de637b01a59b	24.875	fast
29866d08-078e-4e71-983b-ebcc035a6b65	29.047	fast
b571c57f-1fd0-416b-b7e0-e042fe5e6bd4	16.164	fast
9adf7f1e-b7ed-486c-a092-ccbaa5f2e0bd	27.412	fast
b13dd808-5f70-4eef-8f2d-f40327f9ed13	19.873	fast
f7c9fc2f-e941-460f-beef-32127a6c6f43	8.156	hac
457b1862-89c3-41df-9465-d54259c6037b	25.040	fast
8c74c389-d581-4771-aae6-9fb1791f8229	19.516	fast
dd18c532-ad95-4791-8d33-432ad8b1207e	20.084	fast
4624933b-8e67-445a-bac7-d5d9d6523543	17.677	fast
6aea06e7-ec79-4c41-b165-19442c45fb28	7.976	hac
1b52524d-6693-4de4-a80f-6e775761895b	7.716	hac
c105c265-acf7-48f7-aa1e-544d37d31881	23.480	fast
b7a19a44-019d-4949-84bd-ea9cbdb4e799	25.110	fast
db9988a1-7cff-4e6b-8429-49170c23b470	27.957	fast
c52804a9-113d-4dd7-b66c-b048c66f3915	25.034	fast
d923c5a2-eaf3-437e-9228-a95174c84db3	22.324	fast
7771428a-76ad-42a4-bbfa-950242dff3fc	19.828	fast
1ae47837-6094-45e7-91a6-c1e71692538a	25.344	fast
20ecafe7-ea58-4bab-9b9c-b5127737b254	8.565	hac
5c76c282-c4a9-4a39-afc8-4a4446ee12f1	25.149	fast
67e15bad-8658-486c-a4c4-96dac733188d	23.868	fast
acdf0f4d-2b6f-4bf0-84c2-82ac47806601	14.198	fast
b760994d-211a-4c21-8b64-70832ae05151	7.146	hac
4073b510-72b8-40ec-b010-af0f23d5a5d3	23.400	fast
8a94abb9-5725-424e-8bf8-366a9fdd1cda	25.093	fast
b5313ad2-c13b-4b0e-a88d-2222e075b700	16.798	fast
6855f22b-c194-440b-adbb-681cdffa5113	28.094	fast
e7203c13-686c-42f9-b4b7-b3e3e661cb05	22.746	fast
ee5c9706-d7cc-47bb-9234-3bdb4371fa67	22.112	fast
e5923a10-05dd-4912-bb52-95f062d0aa93	28.821	fast
34514c75-a330-46bd-ba26-69dd16fab59d	23.538	fast
340e00c5-c7de-4bc5-a4a4-c4f555d9c8f7	18.924	fast
027e2860-0c4a-4a39-b475-2470d68c10a1	7.989	hac
4df2d070-2207-4690-bc40-8416c746648c	18.019	fast
b82ec035-48a1-4c6f-85e2-b87d0939b001	27.370	fast
69464ed5-933d-4b76-88e3-74686eb85521	6.638	hac
8d92703b-c9a5-426c-98d0-1e12abe381fd	25.599	fast
40b5da25-135f-4c50-a5a4-54135ef626a6	14.335	fast
d8cf1c1f-56d9-4732-a00d-24e9b89d9aad	24.341	fast
5d5cc0d9-1ed3-4721-ab01-d9a5a921eb83	8.807	hac
b629fc92-8de0-42f4-8aeb-4cffb8dec6ba	24.008	fast
4a49d5de-2987-4aa1-9f3b-5424f3d04bf9	18.588	fast
0644b2f2-3588-480f-a9ab-0be4375fb7d3	27.713	fast
9c8d9322-738c-4e20-a35d-61b0c3db6ec5	8.883	hac
9a357d5d-2f50-4d51-8e4c-185c2365bfde	17.682	fast
2742ddbe-2bfc-422e-a34d-5e29fa4f205c	25.646	fast
132acdf6-2570-4eea-8c35-a5f024e74954	6.243	hac
4b81bc0f-45da-4b09-b85e-d68174646b1c	11.207	fast
7197dd47-80ba-4607-8776-459d239b4505	27.342	fast
d213fdfd-b5ba-433f-a52a-212e1ab21257	24.048	fast
36f93a89-9901-4e8c-98fe-0442bfc40824	25.737	fast
a96b7de5-d319-4be8-81e7-537056791a56	12.563	fast
51491b78-0830-406a-937a-b8d28bb1f4cf	23.877	fast
901fc252-7b1d-4eee-a2cc-7e3767e02cd0	25.473	fast
d0c7e34d-cc6a-45c8-80e6-26f84ee389e1	17.107	fast
12be347d-d2ca-4eb7-8e6d-b1bd79eceb3d	22.102	fast
a276dd21-9cd1-4964-a1d4-e685fe5dd405	22.444	fast
da692cee-a050-425d-b123-2d33061d6d2b	9.852	hac
382a81dc-705a-4dd7-98f1-cab1875b8566	15.195	fast
7022ec0b-2260-46f6-ae02-d2f967f1bbcc	25.182	fast
2c56088d-d389-4c0b-aa5c-85464c6d47ee	21.136	fast
bdcca7b9-501f-4092-bb26-19cba9df48fa	8.210	hac
5f1f0084-e94f-4040-a656-d134202cd24d	25.605	fast
4ce56a8a-01aa-42ba-b7cf-88d2f645cc94	16.000	fast
f5bcff84-de77-4e8d-a10d-8062214f6f62	26.511	fast
1c9f6684-d4c7-4e3c-b725-a3dcebeaa2d9	23.223	fast
b92d8f5c-5f79-4d4a-9015-974db361f011	8.125	hac
b4af5bd5-3cea-47ee-a160-06aa08af1c15	27.675	fast
31b36607-ea6d-4098-a79b-ab3500bd7f7c	25.928	fast
ea181e45-15c6-4ae9-834d-6e2cfa0cd0ea	8.639	hac
3209bf7b-c041-4c35-9e60-a8699d84a130	24.368	fast
2a7b27cf-34ec-49a1-90b3-a170ac598f4b	20.557	fast
bdb4d91a-b85e-4e9a-bf8c-4fedb4ff5a97	24.671	fast
b76b7706-b1d3-48e8-ae4b-39dd750092b9	4.938	hac
3e027283-a0e4-4c48-b4b1-65af1d37766b	22.405	fast
751fcc90-ec24-4233-a510-ef1e50abd787	20.095	fast
f0c47136-323a-4b84-a708-6e3666ad738c	21.640	fast
4b1f8fd1-732c-46bb-a04b-cf705530d874	19.474	fast
9fd24e90-bdd9-474f-ad48-ce38a46864d3	26.837	fast
473e3ee2-e2f2-4554-910a-1b8c51ff819f	9.551	hac
b1e70ed8-6468-46bc-b2d8-ec8e830b5b27	23.316	fast
1ed0b897-6d0b-405a-8a39-b0da4d76dca4	30.007	fast
ca8678a4-a33a-49c6-a41e-dd80a25af067	25.599	fast
7743c45a-db77-48a7-be48-060071159010	21.054	fast
9e8c78dc-85d2-4cad-ae4e-853ae11b380f	22.513	fast
500b2cbe-7d16-40b6-9e85-ea3df34fb4c9	19.898	fast
e7191b03-6bbe-476a-ac6e-99e4e90422b7	23.567	fast
79bd49e5-d0f0-4de2-9c0a-6a0d445b8c63	7.889	hac
6b5eeab8-387e-473a-8a1d-e0058d0d2e74	21.442	fast
35f9c62a-e4c8-4404-8d3a-329d229e9d44	9.979	hac
cbb646ae-4725-4eec-8307-6c721277552f	25.233	fast
eac7881e-6ae7-4455-9269-8084a4227126	16.145	fast
88c96885-5b80-46bb-930d-5284043f3b3d	11.074	fast
21106b9f-5f31-4618-90a2-76c48287fc08	9.612	hac
c672b3c7-437e-4f41-9c56-f69f94512793	25.294	fast
c68992a1-f40c-449c-8b88-46a09f60e512	9.578	hac
d4dc8e72-f99a-4b20-9c35-63d485c38d66	24.339	fast
c45c3248-c8c6-4b48-8f16-decf31c14028	14.776	fast
f244c7fa-3d38-44fc-8d1f-848c379b33be	25.978	fast
64d02b85-011e-4086-97d7-c3ff64e37039	6.476	hac
7631fdad-b787-4ae0-b08a-061e5b75d92a	15.906	fast
f61f6242-9e40-4c7f-8d8d-a5c308491a62	21.872	fast
d0bac1d3-3cdf-40a9-9aa1-051cac8bff38	10.035	fast
1e4249a5-19c6-41a9-a277-b69c5c370ac4	18.192	fast
1febf77f-a7c1-49b4-ac96-4cb35d7faae5	23.677	fast
f207b6b4-6a20-4f00-bdb5-9bd1885453d6	24.979	fast
e67639a7-be1b-45b2-81b2-a264de8488db	27.893	fast
1e933e84-aa86-491f-a964-a96fd0bfad3d	9.725	hac
bc7ba324-a0d6-46cb-80c5-d5f420150165	24.666	fast
3d065299-626c-4510-8f03-6e46e78d3b47	10.922	fast
bec65783-154c-42ff-bf5c-9041b39cbc9e	8.796	hac
d9755ea6-d0ed-4442-a036-9079d07b1dba	8.758	hac
ae594eb8-cda8-4e5b-819a-e3066f51e80c	23.210	fast
3a128f91-634b-4e8a-9fef-c2dda40cde3d	21.051	fast
722d2398-523a-4eff-8132-66db64d34dfb	19.089	fast
830480e2-8a36-4e29-a0c4-eef54694999e	4.276	hac
3e74df6b-eaf2-44a2-b3bb-132a34bf51bd	23.020	fast
8879cba1-8df1-4133-91d9-2aa4c229bf44	32.359	fast
8040f4b0-4828-41c5-b914-129dbff8f08f	8.565	hac
f8ed34e1-3314-44d1-8481-845fb6265572	18.415	fast
4e95007e-cb46-4832-ba1b-64cf942c4e45	20.067	fast
d1761118-f472-4718-b939-14950514cf50	12.069	fast
e4759cce-a06a-4758-b353-5d0a3502ac7d	26.446	fast
d37384d7-91dc-44e1-bf3d-b227929876a9	22.960	fast
0ad9c7e1-4f95-4008-ab8d-6bb60b93b222	25.120	fast
37aa0a69-bb03-4af3-a117-7f7ae7626b26	7.231	hac
a9159acd-73ff-44fb-9d3c-2ddab9cf41ae	24.563	fast
d5d81bf5-0352-44e6-9f64-2ba783331469	21.663	fast
6e7c9ab6-b9ae-4af8-81dd-6a5ca14ce735	27.906	fast
536952c1-7362-4295-bda5-ea22ebb94560	10.880	fast
8e93602c-f008-4ed0-a402-bf0e3c78ab98	9.690	hac
973e2587-057d-45c3-a0c7-45aa87bc2658	24.963	fast
1493f8bd-bd32-4b98-932d-28b076d25181	16.917	fast
a904863e-790d-4220-b2ce-c8b7e0b61fcb	25.072	fast
ab637437-2615-4a4c-a6f0-0ba50aa002d0	22.326	fast
2cf2fbcb-df51-46a0-b09d-76a39aab2581	25.139	fast
26bf0b00-d16f-400b-a1ce-30ef3209a62f	5.040	hac
bfa969cc-b2e3-4acb-a266-279c52dd1dfb	17.619	fast
85964a76-9669-41aa-b7e8-ff46a1db50d3	26.970	fast
2088d2ee-43ba-40a8-8173-7e4c0adbe193	25.040	fast
b14eb624-d725-44e5-9a41-fac3a88e8b21	23.049	fast
b9d3693c-dfb7-488a-aa65-00c0cafe6ba0	26.930	fast
0929e794-0dcf-48ba-8f6a-cd1fead4fc7e	14.003	fast
86ff187a-3613-4586-ad7f-e99eb795e00e	17.143	fast
10248050-e3d7-45fa-9519-f9bc786ced20	7.173	hac
a364f783-b412-48a9-9e24-dc50531f2b23	13.676	fast
ec0d8e19-b9d4-478c-81b5-e3e39a63c16e	24.094	fast
ffc9cdfd-87e6-47e0-af8c-c43088f00b2f	21.837	fast
767c7907-18d7-4fc5-9c28-a0a543addb8b	22.988	fast
3927e714-3b8a-4403-98ae-7504d388afec	22.636	fast
cafa12c1-80f5-47c6-a496-d986fa9c9665	24.614	fast
f3fd444f-084c-4936-a728-29da8d88300d	23.585	fast
2a73f96c-d722-48e0-bf94-974001c09c5c	26.540	fast
c5d42d5b-3f52-4df0-a927-8e37620bab6d	10.967	fast
85858829-4b7a-46ba-b787-9012d8cfcdb7	23.596	fast
ffc6b956-5f2e-47c7-911f-29bfa3df72f8	13.463	fast
bc767031-e773-4b67-aaa9-d915abb11297	19.104	fast
5bc236f3-340a-4297-8727-9a459facbb4b	24.472	fast
626c3b51-916d-4f5f-8cf3-c4c813aa22cf	14.410	fast
c0c77809-621d-4a98-a50a-ff3012fc6783	24.629	fast
9ac86f29-31ad-45e4-bf58-26991e259ed6	9.023	hac
c4b31bf0-0f93-4e25-9c3c-c93dddf01c1e	23.123	fast
8a84a937-f47f-4531-bd84-dae0b02bf13b	18.050	fast
6821bf9f-1a08-4913-9d39-e9c84548a9fd	20.033	fast
f8b93ad6-7417-49e4-b341-5f885442b0d9	24.495	fast
1e0e04f8-5c17-4914-a7c0-8176d6e7ecb9	25.762	fast
23349aae-a1fc-438f-8bc2-79f5072af87c	23.817	fast
4267d3a4-834c-43f5-8678-864abe97e12a	11.309	fast
4beaa83a-4d1c-4e86-85e8-c18a47d81cc5	24.641	fast
ed913248-373f-4fbd-b668-4c61b54aa87a	7.554	hac
d78ba67e-9498-4c51-b4a9-bf9c6c8fbaf4	24.510	fast
e7e488a6-7ea5-41c2-844c-a8650d7cedd1	19.162	fast
92d0437f-6581-4c25-ba72-551358303f06	21.448	fast
8a58af39-5714-4fb6-8372-75fc01c0558b	8.064	hac
95841b0c-035b-4f6f-90aa-b5ce89906952	28.686	fast
0ac8b7f2-eaa0-4784-ab51-e67c63b0c14b	23.257	fast
d8fa79a6-aaef-4058-9239-821e11d5a580	26.417	fast
f3c8a312-17a3-40c6-af3a-809df1b12274	25.257	fast
ba919f88-6c24-4570-b8a7-127f135bc1cc	9.211	hac
4b4e12e0-1892-47e1-aa7a-65a71134637f	22.550	fast
44c91b7d-8ecc-4e89-b531-9f8009e5f468	23.130	fast
2e3f1a77-d368-41fb-85df-1f8f822337ce	7.457	hac
10c0d92f-f9c9-409b-9e57-da1e7b8a270d	25.532	fast
801e6a4b-177b-479f-b223-3192422deb0e	24.363	fast
b2311879-6b3d-4490-ab51-f462a68a5a68	20.685	fast
72ef42b2-6b40-4576-9b27-0d9c15ca01d7	22.219	fast
008a2a1f-967b-4cb9-a05c-b17989d46e32	24.924	fast
1b224c57-b1e6-4d16-abad-26c18d485625	22.880	fast
e77e543b-c520-4a20-89d3-5d886481af57	24.321	fast
a95961e2-91a4-4685-8c36-f29a6b5d691f	20.064	fast
4e098cd6-611f-42d0-9107-26d4e74d67b1	9.677	hac
8d246bf3-da41-47c6-9ce4-a0be72889528	13.226	fast
01727f01-e44a-42ab-a35e-17a87f17854e	11.125	fast
ed3dbef9-e0c7-4377-9c7d-0a805b4ba803	18.611	fast
e23830df-59e4-4719-b4cd-1243e20aaa0c	19.346	fast
0062b76d-c89b-4ce2-aef4-fe8a52cf3bf0	23.514	fast
e3bb52d6-79d2-41d5-bc77-f9519b52d08d	12.037	fast
25f7fea3-ae3b-46c2-9ab7-f764837ff38e	18.347	fast
13386190-1a0a-4e56-9eba-840f1c980dff	24.314	fast
35b7ae88-677b-4ef7-9fd3-66d5da476af7	25.336	fast
673d6bef-fd08-4462-b903-7f798dafd1a7	17.414	fast
146ad93b-8f80-4807-b26d-3677faa65e10	4.751	hac
aacf07ef-08e8-4b0c-9d2e-d0267d031234	21.475	fast
35e0b193-d697-4b65-941d-377141fe9ea3	5.306	hac
f2a8ec44-33ac-47b5-b42a-3be77743b375	9.596	hac
d6cdb596-ed57-43dd-a97b-0b38df211d0b	24.529	fast
c8720a57-3c70-40a1-bf3f-42cddca783f1	23.960	fast
7a46c824-3fd0-4404-8069-2868f5d0712e	8.737	hac
92a81d60-e57b-4233-aea2-c631333cfe73	23.716	fast
e40cdeeb-c6a6-4c8f-866f-da75b2c87c35	24.199	fast
918d351f-0d81-426d-8dd5-4182226fa3c9	7.921	hac
d9753b15-e021-4faa-a8a2-89d52a3103e9	15.348	fast
88094bcb-89ff-470d-bc2d-896a702a3da5	9.179	hac
7a0366a4-24e5-47f7-9207-d2d61f5b987b	19.055	fast
c62bd0ed-2634-4859-b4b9-86decfeb8b93	9.249	hac
99caef39-b26c-4395-9d9d-a09f17d0fadb	25.816	fast
66b93046-e2b0-478e-a594-32dd66eb65cc	14.221	fast
092b5d48-2a01-48f2-bae1-d943b851df7c	25.180	fast
3a54db1b-83b2-42ac-a754-2372900f71a4	7.608	hac
49cdd565-1345-48c0-b4aa-4c962300cc14	9.672	hac
2609cf45-e78a-40c4-9321-b477b1275cf1	9.950	hac
6d12d04b-3780-41ec-bc99-e4b3463d104a	21.893	fast
c971ced6-5cf5-4042-8016-14a7e19659a9	25.133	fast
9cb453ee-ca86-4b8f-9482-51812db16081	12.242	fast
15a67068-2298-4aef-b04b-28047c5fcf6c	27.913	fast
a8b69d28-7cb9-4225-bea6-a1f106b4343c	15.511	fast
0ede1425-9079-484c-b6ad-828f333afcea	23.696	fast
ea877e8d-30b3-4ae6-bb74-43f19e797d58	23.030	fast
6abb650d-0a99-494f-a6b7-988143044875	20.301	fast
6becdda2-566f-4b43-98b3-cfbf58822a7e	18.817	fast
69d9fa1e-2d83-40da-ac7c-0f324daa3c99	23.482	fast
f78db5f5-5247-4868-91a1-92bda87844ee	15.457	fast
5e7ebc1c-dde7-4942-986c-e69e95f2cbc8	22.386	fast
7c8f1687-ea1b-474b-b910-dd05f947bd09	16.735	fast
12f096db-38fc-4d8d-a193-9cb2db78f1b8	16.400	fast
eeb9ac72-c360-41f4-b041-b4ae65af35c3	5.602	hac
a431f694-b500-4d41-abab-1fd9b12d3ded	25.740	fast
c251cb93-0bba-4dc5-92d2-c3727b8aae99	20.503	fast
ab92d2a3-2b0d-4ad5-8c24-49fbcd30c833	23.313	fast
3364f758-5a90-40bc-b44d-925bc00bba33	4.685	hac
03076b28-882d-49bf-a489-8d05ca403415	16.866	fast
cbf1223d-a6f2-4670-b2ce-c568b0ec5758	24.546	fast
b9cf3927-a1cd-485c-a862-838318703367	22.827	fast
9f4abea3-d370-466e-bdde-42268cdbfacb	23.335	fast
c0683a55-1e9a-4998-91ab-cbeef0e2cfbc	26.361	fast
6f453b24-33a3-4b59-9ca3-ac0b6cb7f222	23.593	fast
348cd58f-944d-4b2d-994b-793b8691a84e	19.972	fast
2c959a8e-e749-4f1f-a40d-90b7c08b4226	23.668	fast
c0084ea2-f9d3-4a4b-b501-266dde30476c	25.400	fast
de6abe33-452d-49b1-8fca-52da93990414	24.459	fast
ae33e757-ee4f-41c3-982b-a81156199f1a	25.335	fast
368e8179-513f-48cc-bc61-23b46ff6073c	22.363	fast
b4848aba-8e9b-4782-baf3-a289b56b486a	27.100	fast
4c8c08a1-54fc-4150-a364-88833f0a14f6	25.445	fast
b92f61e4-3c06-4092-bbff-624f5a85df9c	16.449	fast
afc7de9b-1c41-47ca-870a-aacf0439b1d3	18.248	fast
d897c63a-1d7f-4a5d-b490-744607d7682d	9.995	hac
101312d0-d6c4-4262-8967-e7708b78f88a	26.767	fast
72240e60-ee50-4bbe-a53a-bb088ce39cab	8.111	hac
b5e9bc9e-ec00-4794-b06e-4aee3e4bed83	18.494	fast
e6abaa85-0db6-4c26-90c7-f9faf1a30ebd	24.131	fast
2b90b01e-4eff-4ebb-9aa0-df7221ff4c09	12.023	fast
a2d67321-c3da-444f-b1b1-7584a9f2a0ba	20.971	fast
9651cb2f-8af8-4121-886c-ae685581322a	24.718	fast
8cb4fe56-4218-44aa-930c-2c8838585306	25.876	fast
fad6ecea-f1b5-4bf5-9491-a84530761426	24.999	fast
0ec5f9f6-f1f3-4265-a34f-4e24a5d35452	21.873	fast
c5258d6d-cd1f-4ad1-86a2-fdafef2aacf5	21.526	fast
02a32238-8ba1-48f1-a0f3-0bb4d602456d	25.648	fast
4d095768-a853-4b30-9cd1-09c15d4f06d7	15.975	fast
1c5e5ee6-b4c3-44bb-9fca-3a8995240636	25.507	fast
0521922a-fb8b-4bdf-b675-dc051c3ee0e0	20.078	fast
5fa2aa2f-827f-49df-b31b-f8c4991653c3	22.642	fast
8b7535b5-820f-4240-90d9-1db51cde3a76	26.049	fast
51d94cb2-1f67-4ce9-8813-0094f1cf4a37	7.082	hac
76f052d8-e5a7-4b09-bbbc-721b40ebe8ca	25.776	fast
4412fe85-75e5-403e-8fcd-5cbc0985c93c	6.525	hac
c6d7b19c-03f4-4486-83b9-3e43df3adee0	17.669	fast
5504840d-2e85-4db8-aeb4-0612803b4cae	23.717	fast
b9e1bd9c-451d-48b8-ba6a-63c2b4a3520b	25.287	fast
bd1445b3-b66e-43f3-ae98-9aad00060908	24.718	fast
beb155bd-68ce-4ecc-9f71-d2f85db1f6d2	22.905	fast
412712d0-6a08-41da-84cf-8d9ec36399e2	27.563	fast
51a5986e-3fed-4ccf-8ac5-ac09dc59aadc	17.930	fast
e8303b25-bbaa-4dd6-a332-2350dc39cfb7	10.216	fast
972f2732-aea0-4bd7-8a6d-a2bbb79ef326	17.390	fast
5f6a1784-6ab1-4275-9ccb-9a3011ce10fe	20.768	fast
f9fda72c-96cd-4973-ab71-f314780f5cd1	12.419	fast
9e95697b-9587-4f2e-9494-004084315519	23.415	fast
fdf40464-c759-465a-b728-4047601c0c8c	9.714	hac
96556a98-6c48-45fa-9a3a-ec4dfa6bc45a	23.434	fast
4311281e-b684-4a76-8fd6-72875488b703	9.101	hac
11028cc8-81ca-4c3d-940c-6d5dbcb0344a	24.897	fast
e8746b45-692f-4638-85f9-af785955ae5b	10.341	fast
fd28d229-1164-4a37-a5c9-a9a8dce692bb	23.014	fast
03ec3ab8-f43b-4cce-85bf-d9781cc8e78e	25.060	fast
d663686e-be19-4c70-9c6b-1408f77a3e54	22.167	fast
af3c237d-9eaf-4408-9a5d-9eb1b1e27757	6.386	hac
6f2ae973-511a-4c37-8a59-ac65affac044	23.220	fast
8c770645-b10a-4921-8907-36d9be7fd0b7	20.266	fast
be5ad72f-2610-4d85-860e-0529760a7636	7.880	hac
23f7f83f-b899-4ce0-a9c8-5528ea1f63f9	6.776	hac
8fad9a2c-6bba-4151-acc8-cb6094499c62	25.008	fast
5486b904-50b9-4249-98dd-0ccf4d1a2591	24.315	fast
43dee221-9a8e-4df3-8616-ace880f9a693	9.565	hac
360549cb-6e23-471a-86aa-4ac5260c8139	24.065	fast
a0bdd5aa-067d-452d-afc3-b6b5dfc52181	21.027	fast
5ffdeadf-196d-400f-be18-73a5aa78001b	24.645	fast
f7b3a898-fd55-40a2-94cb-aee94a92076b	19.952	fast
698cee2e-dd13-465c-9827-279d64dcd56d	9.284	hac
b1e1a3da-ee89-44a0-88eb-a24a9cebeebd	17.694	fast
d0bb7cf3-189c-41b3-b79b-14541267694d	9.519	hac
abf72a58-0b49-4c9b-ad67-1478cadee467	24.493	fast
3f68dffd-c894-4bfc-bfe6-a5440f77efd0	11.796	fast
fecbb8f0-774c-4b83-914f-957bc9c18ca3	18.156	fast
40be55a0-9c31-478e-9439-1614f3c419ff	6.407	hac
c9a661c9-b43e-4574-83b4-0ac235a09373	12.994	fast
b96efd20-f3fe-43d1-a969-10daaf2d2f6d	13.361	fast
ab843d3a-d9b6-40ac-ad32-bc536c6bca16	25.344	fast
e0a08d4e-c777-4bcb-92ca-e32bb3f02e30	8.460	hac
0245bb95-5114-466f-b612-387d4006a125	26.804	fast
e9f56101-4e91-4e5b-b4ee-7ea2c9673a7e	23.594	fast
787a9378-0c6e-4f97-8053-d264eb2243e1	26.977	fast
3e123a94-6879-4cc7-b338-2870226e5712	17.275	fast
6dd8db2d-368f-4943-b0ea-4e84c42f0cad	26.954	fast
ce81df6e-3254-4015-9c95-fad106720140	24.063	fast
a3bcbcc6-33e0-434c-828d-f892f60ef723	7.250	hac
7be9c833-4957-4dbc-8b9c-7360940752b1	9.955	hac
32e7c1f9-6bf5-4039-82d4-81ccc7928935	26.881	fast
ed136125-7728-41b5-be25-12976ccd8dee	25.286	fast
cb2a67c3-d70a-4ba4-94a6-9daf99e4b772	25.644	fast
8db30f9d-4a96-42d5-b30e-bf4496f2da5f	23.983	fast
ac9d0169-0177-4b95-a0c4-4945677c70e1	20.570	fast
bffd223b-c995-4829-b76b-6be1959d1dc1	24.155	fast
cb009705-d343-410c-b615-9a35261ff0cf	26.360	fast
ce68897f-9af7-4751-9b70-9e53073b3493	23.665	fast
e609b000-1df5-4152-9da8-1f463fd10137	24.156	fast
c7cd2b46-6fb2-4967-b4cf-ea7f22507496	26.652	fast
ecefc32e-f151-418a-aebe-29a94f469db3	15.019	fast
bbb3e024-c943-47cb-9db7-1275c2ae410b	25.272	fast
ffc2b399-6fef-454c-a351-d2d9849fccb5	20.469	fast
35d7d918-6bf9-453b-b51c-f1aebeccd690	25.811	fast
5cdbc38a-6b6b-49a8-a6ab-c6c37d7d4a8d	9.461	hac
09c02287-0f6d-4165-aacf-cab4461ab048	12.803	fast
c98a8c0b-afd9-4421-b3a4-7deb8d6da297	23.923	fast
3b26ce0b-dd55-4e8d-a95a-8602a5823e5c	24.385	fast
f85344c2-8ddc-4d5c-a8bd-065bdfcddfa6	7.592	hac
30645df5-0c77-4b1e-ba4d-d74bfdeff836	15.530	fast
27b067b2-50c2-42e7-b5c5-68bce101ce35	24.448	fast
538d568d-dbdc-400d-8784-27f2426f3f40	26.660	fast
19c668ab-351a-4779-ae25-25d440bacfc1	23.154	fast
f4dea282-c661-41cc-95a4-ef929f0a55db	22.528	fast
c43e7b42-37a6-42f2-a94e-0f21b2083e49	8.130	hac
b93ffc25-5caf-41e4-b2cc-c55599fd130a	25.362	fast
3052b3c7-2476-43fa-8101-8268c8e6a43c	24.744	fast
08666e55-2a95-4c48-bb4a-e14e992fed7d	26.871	fast
6ca04405-c32c-404f-b701-fee1e31de80a	24.696	fast
9b372496-ba17-499e-a966-7d53d78f2363	23.174	fast
61be1bea-5b67-4efa-87a9-0cdc125426a7	21.750	fast
42184aa8-dce0-4ccf-8466-8f6e7b8b5e14	24.330	fast
4b8d153a-1e22-475b-b51d-7676275db6ed	26.289	fast
eb1e47b3-e5a6-45fb-ae53-e08e8c6377e4	5.113	hac
cc8bd643-dc8a-4862-8f63-17514b59c5de	23.834	fast
7e1b689c-42c1-4e53-91f8-7a49f99418a2	19.937	fast
86536617-7cbb-4f0f-a0a5-bf0c4af26e2d	19.672	fast
908d932a-ae92-47d2-82e4-b8634c9beece	23.920	fast
50a84cbb-4df4-4d19-b1ed-e695e1606a67	6.180	hac
31ad0c71-e749-4348-bef3-e9ebe54f0461	13.338	fast
81510eb1-46d2-4326-b31e-173f9fee781e	9.717	hac
368b68ec-4f36-4535-aeee-ab7843fdac77	25.302	fast
99737194-9c65-4da4-80f0-933fdf6e0b5d	23.049	fast
fb0bc0e6-6fa9-4f40-b00c-3b64c1d02bbd	26.725	fast
86cc6d30-5f25-48a4-802d-d8885b3d4214	25.411	fast
7544293e-3eb2-4fbf-bd2f-9e825421079c	20.556	fast
d14c41bb-2c9c-44b1-b9b8-4ebe2499df47	19.511	fast
afb382bf-0992-4867-af56-c010a865cba4	24.013	fast
9e73d72b-de11-45e8-93d1-a7f30fc77d13	23.140	fast
814e2acb-9663-4a1a-8d9b-342f6becb356	23.636	fast
09a6cbf7-7b93-4520-b309-1ff2e58d96bd	16.391	fast
12d0a127-38e5-465f-a42a-d578a117b686	9.430	hac
bc5a12f5-1361-48dc-a832-19c47d8e7e2f	24.143	fast
05edcfe7-784d-4500-b25c-3b96db6a5269	20.366	fast
c5f0e978-42dc-43e2-88f6-eaff25ec3124	26.923	fast
9021322e-65f8-4754-a8c4-608c38cfae15	21.393	fast
92b1a9bf-3113-414d-bddd-a83fd717195b	8.279	hac
dfba8094-4fd3-4f40-9eb8-3868df300967	23.988	fast
87e3b935-1ae8-4af2-afe8-732ace278a05	20.811	fast
7afed75e-b5bd-49f6-acb2-04855eb42da1	9.525	hac
25ccfef8-df59-49c9-9712-35b18959f2c0	19.307	fast
a66269b3-a285-4670-8379-11c0e4950580	25.941	fast
ec095990-337c-47d9-986c-0ac9a4c58804	7.442	hac
47146173-5159-4b71-9045-0a60ac7f5959	22.771	fast
7c20aac1-e8e5-4a04-9678-cba62027e868	22.405	fast
057f9e30-cd64-4427-a273-7614b6a9f9ef	24.993	fast
2bc7f7af-7c8e-4fc3-a253-b8c9862906c6	22.086	fast
dd599bd3-4645-4233-b977-d0113ec06c49	19.794	fast
19f67676-655d-43c8-8d9c-8868bd996cba	23.010	fast
3da74041-1fdd-4f48-82c6-8fa4b0d55b34	22.550	fast
3e7ff73b-fe54-4922-b2ea-49f77c1e7593	19.741	fast
7d196c3a-2efd-474c-9389-6c402a5e289a	25.689	fast
3041bd83-c601-4d05-9a75-e909335738a2	8.991	hac
90462951-aa51-4bd2-92ce-1f7b097d980e	23.003	fast
b48cb27b-90f7-4b52-9d50-cf215f1cbf0e	22.608	fast
4abd1a43-6350-4788-aa93-dc063258445d	17.052	fast
91808491-59b3-453b-9137-494454e03729	25.126	fast
ee970043-44df-48b7-9f1e-a2d904fdcf30	23.744	fast
5bcb0391-315f-41d8-9c77-d8395ae8fefe	7.151	hac
56fe8452-398c-4463-b369-3c09302aef50	25.798	fast
6dbe2682-e9f5-4a5d-8769-d9759f7e23d0	24.060	fast
fa48fa27-b08b-4e81-9172-2408bf33709c	10.127	fast
c0294174-a753-4a71-99bb-4337630b1780	25.291	fast
b4850d57-0597-4a04-bd28-f4122faac797	23.905	fast
0fe21146-1e06-45e2-b6bf-97b0a9502e77	8.135	hac
b3abd401-a7c0-4b9b-a6a4-7707509ab8c7	23.938	fast
7d3153fa-e640-45d2-a0ea-5462919e91a1	23.525	fast
23ea34d4-66c0-406c-8d0b-377211de9d2a	6.484	hac
2bbe3e54-7229-4483-bcb3-a0661c441a1f	23.761	fast
5dd46db2-2f63-40e7-97a9-cbbdccf838b0	8.513	hac
465b5b3b-2672-408a-8b14-1c03a32415c7	22.308	fast
8ac1b8d2-cd88-4ec7-832f-3f640f6139fa	21.031	fast
93fe58ef-770b-4a11-bf92-3bfb9016ce4a	10.164	fast
fb558e77-c444-4448-b537-f41ca9786c05	23.426	fast
98833431-47c8-4cb7-b8ee-82f611cbac9b	14.193	fast
ee1249fe-75fb-4f58-9760-ae29ff0f36f2	18.790	fast
f6e1200f-0808-46ae-ab77-32b8d7f2513f	17.766	fast
48f5b241-3de0-4d33-8b1b-2b887ba8cc98	24.749	fast
391e295a-9265-40b5-b412-7ccb78d948c4	23.155	fast
7831c55a-fc99-40c0-900b-14ec8a7032e1	28.866	fast
ebbe9cbf-daca-4730-b894-fc53aa1f5a82	19.953	fast
63a26771-3213-4000-93b8-5355eb2882e4	20.833	fast
b7d4b8c6-566a-4531-bd0b-7e8695c596ce	25.401	fast
ab889f32-07e6-4303-82ee-f811ca668397	26.755	fast
ec76968c-b171-49ef-b826-ac277e0d08a9	21.839	fast
10bbc325-ce35-4eed-a3d3-2dc6e9b80186	18.650	fast
22ddfcef-2446-4fcd-be32-4f6e7ddcc53e	22.344	fast
109d60b4-3f97-4a43-ad98-3b88d4d5284e	9.197	hac
19d5754d-a8de-4939-8d25-260db3a09a40	23.591	fast
8eda327f-2602-480a-91e8-e8fe11567dc2	8.368	hac
d3811735-2832-4793-b1fa-c66748ac76eb	22.429	fast
af593a9e-e9c0-4691-a6f8-84f9c954b516	9.464	hac
bfbf19a2-ed18-4870-9820-4b4c09581a1c	23.883	fast
3e821549-9de3-49d5-81db-ff4e7c51d40a	22.137	fast
8e10fc22-63dd-4cdb-b6dc-776e81ca2666	25.819	fast
6f34003f-10bf-4c9f-b9e6-f01b32e006d0	21.341	fast
c6b7a814-94c6-457b-8e64-d7c8b6c9291a	8.878	hac
4a69e4c9-265e-442b-8ec6-031be21087d7	9.057	hac
d0b5fa1d-581c-40d1-9046-e1847530e9b0	6.969	hac
b5503b1e-3f4c-4167-97df-76373b16e91e	18.642	fast
fd3f0a64-8022-4688-9cb7-f25f99d5a3d3	19.917	fast
e05e8e15-4161-4b2c-8a91-1253246d2459	6.564	hac
ba45bfe6-9514-40a1-bb50-755bc6891551	25.435	fast
2624fc4c-c506-4695-bfb4-18f69857929e	21.064	fast
02b023d6-bac2-400f-a265-dd56f5f454db	22.979	fast
e8a3ff30-df73-419c-899a-eb38d404ecd9	24.447	fast
0ca021d5-1cc0-41c6-a9da-50d31ecbbffc	8.263	hac
28bc1fe2-9cb6-4543-93e7-2d48c8c82501	13.178	fast
d0caa0d2-e88a-4336-a3c3-82096c964d0b	20.145	fast
44662510-86d0-4037-9d66-13efedc0beaf	6.883	hac
63d5d256-eb90-4aed-b4ec-3b1e7f40ec56	20.276	fast
e6adef90-2229-41fb-b01e-2e8fd30c5968	21.323	fast
f299d9d8-3616-42e2-8011-419c4c66934e	26.381	fast
88977093-c214-4bf9-a859-3de2bbb81f3c	26.029	fast
5533aebc-139a-40c6-b674-c6faa5b7f90e	24.094	fast
93347df1-bd64-4ef4-b970-cda938ea4977	24.058	fast
a7806249-9359-4003-baf5-cc8bcfe0580e	27.084	fast
eb8f92cc-2c27-4702-9499-56889e0c5c52	17.797	fast
4f41ecbf-1fb9-4b36-ada4-a80cce7db06e	22.820	fast
9112bd86-5a6f-4a5f-9447-7099a454b080	27.528	fast
b95a1837-2677-4fa1-8d44-5b63f0a47070	23.521	fast
96fe80ab-3b01-407b-9f72-11fb415bf448	8.626	hac
024c3040-80ed-43ec-8906-d46d0acc5b80	9.616	hac
4e02d9ad-2e96-457b-8cfa-2bb0b33e655e	24.722	fast
f32b4fb7-20e2-4a31-bd31-5d0f88a55dc9	8.642	hac
d2d25067-a849-4e91-b114-66bb0e5b3a62	21.021	fast
e480a933-1a3d-440e-83be-204bb1585031	24.858	fast
06c39474-16ee-4e87-a813-395129caea91	25.269	fast
37a135fd-54ef-47b5-9a9a-8722bfb2d2a9	18.549	fast
cb8cf7e5-3541-41d8-bf5d-ffb4fbca3ce1	22.983	fast
13889751-7320-4184-a1cd-3e100f6914ef	20.685	fast
c35b754f-15c8-4f02-b29c-a338c3c91f64	18.860	fast
67b7187c-e63c-4e1b-b649-3b341dbc7193	8.860	hac
f565854d-1cb1-4576-94e9-53d3fe0757f2	15.803	fast
55c75a0f-1f14-4b36-a179-11c7e3a01234	23.699	fast
5108afa9-4594-47ff-88d9-df278348fd64	8.758	hac
4513060c-64ae-46af-81aa-0d02ab40426a	18.059	fast
b429e105-2b34-476b-924d-3e1c7a1f460e	9.798	hac
c85047b6-726c-444a-8c2a-b1b3c287d429	9.720	hac
31fad000-669b-4186-b8ef-aa15a64d982f	22.825	fast
b87d163b-b933-4fc2-a4db-1bee6f919e22	24.371	fast
664787e9-4169-499c-a909-1ffe922ff1ce	9.547	hac
8d1042c4-bbc8-4fe3-b803-95fd7de8e126	25.877	fast
3cee69a7-c4c6-4dae-aed6-844e3f66cc78	23.167	fast
1699ab75-7b57-4ac1-af7a-bd07c1633c7f	24.198	fast
d6a2b98c-e476-49f5-a17c-d195b35a282c	22.637	fast
828ae861-374e-45f6-b29b-9984091de34e	9.528	hac
80c42b4b-4b97-4d59-8c26-80af81aa68f6	8.195	hac
ccf0798f-8027-48d6-aad2-6be14fa84c95	25.687	fast
fcf59dc7-176b-44b4-89b9-86efc4d2c510	25.172	fast
cb73e0ba-f99f-4d04-91fb-ec858cf5d333	21.770	fast
26b922d4-b6d5-4e23-91e2-1bed8ef30ecd	23.987	fast
876dd5fa-8154-46a8-aec1-05386bb4c4a5	19.463	fast
5ecf6e0c-127f-41cd-9ba0-547547b3e1d1	24.056	fast
94a53050-378f-4e20-ab12-c086d1a168c6	22.660	fast
719df6f6-069a-40ee-9bc5-0064bb775bc7	18.557	fast
6502c9e8-0904-46fc-80df-d343cc26b9e2	4.190	hac
532db22c-477d-4708-b31a-cd166c30ff19	8.796	hac
b27195d1-655e-4fc9-b931-f0ffeeae8cf2	25.351	fast
c9d8bf03-0cf0-43cb-b5e3-61656e7bff38	18.951	fast
1c0d2bd9-348c-4720-9355-aaa20a7fd9fc	18.510	fast
101310b4-29ae-425f-b4a3-af7636e30e68	15.503	fast
e10387d8-1b91-4d28-bac6-3beb36fc5ac1	22.608	fast
823f9538-01aa-4798-82f5-70cd5f7afccd	23.112	fast
32df7424-c7b1-4867-8ad5-1ca55e3083eb	22.153	fast
a1a064fb-2080-4021-84e5-8f62d4e189ac	19.898	fast
da9b7521-e452-4979-bf18-f28b54bb387d	13.977	fast
265aaf90-f449-464a-bd3b-4ba66adcc3d0	27.097	fast
63d091bf-f2a3-4406-99eb-a1b55d5d3288	17.383	fast
610cfc26-f1ed-44bd-abcb-8c9eec112061	14.931	fast
2e964f03-5501-4c06-8061-a1445d20a518	24.228	fast
4ec2e1bf-4cc1-4aff-9dd6-bfe28a84cd14	24.117	fast
c61f913f-971a-4a86-91e7-a2660721b30f	4.905	hac
0f1ae2fc-696b-4646-87f7-932bea136dec	23.115	fast
cd2f4711-3fb1-4a86-b736-93945a8aa712	25.951	fast
2c70825e-0b78-45a9-a122-8b86c85f0ec6	9.330	hac
3920c289-fe0b-4bd5-ac2e-df240518fe01	20.248	fast
ae4781a8-fa4a-4a07-9e2c-50917edb7d77	26.103	fast
ed8f9f82-33cb-4c1c-9c2b-20b7d4d96faa	18.973	fast
41622123-9999-4092-aa21-7b1512c9fbd7	22.888	fast
20e820ae-62a3-43cd-b207-c5876df82dce	18.035	fast
8dd0f0b7-f089-49d7-a6a3-c51ed1df3d39	20.754	fast
fb8a048f-2aaa-4569-a71a-4db7ab69d60f	7.157	hac
ee00bfe8-7014-490f-aa8f-f12240c5f2f4	10.355	fast
f1cfc453-8543-4c07-97a9-a046cd2d0244	24.450	fast
1bb8fa9a-6a44-4514-813c-9cea76a8e87d	13.064	fast
6c46281c-7dee-454b-aa09-a90cd0578df9	24.635	fast
637182e6-78dc-4455-9ade-6cac9a5997ca	26.946	fast
2beb0d42-bf20-4fcf-8d1e-7533a9675b69	25.201	fast
e0c387a7-fda8-455b-8a4d-f42bab305c86	9.087	hac
93e429f6-d9b8-4d07-85ca-2bd3ae842751	17.994	fast
f6ad9df0-81c2-43b5-8918-c2576421184e	26.220	fast
5dc99a8b-4b82-4323-965f-4bcf7764f7e4	20.044	fast
f2f11ee6-5063-4632-8bdf-f45fb83f120c	22.145	fast
b1537e4e-0ef7-4328-aa35-c73662e2a630	20.556	fast
24d87675-0e2b-4011-8207-cbfb620ac27b	25.967	fast
6782d8b4-0dbc-49d8-b6d6-35980a8e68a0	19.275	fast
1d041b64-a854-423f-a929-e5590ebcfcb7	21.847	fast
0f79abcb-e531-47f1-a35b-d7d68b96b335	10.551	fast
c991e89b-40f7-4543-a9b1-d76752a53181	19.985	fast
c0e8b773-a02b-4b66-aa54-262752fd1e07	5.635	hac
6b9cd31a-8bd1-4df2-b7ea-db6fb4b78956	23.562	fast
5a7809a9-a663-4f18-a671-30209da7683a	10.463	fast
4ef17c6c-ea0e-4af5-8666-6575d8d70db4	22.641	fast
0e736463-48f5-4717-a295-aae1f038d72b	23.742	fast
97cd5e50-fa39-418a-8522-89bf49f408a9	18.775	fast
96dd4e90-618b-404b-bd0f-db326dcf5aeb	21.295	fast
1af1e507-6608-4be4-8739-9e3112eacc77	19.819	fast
ca777de3-639c-4c02-a40e-003fbce27a05	23.388	fast
cf7718c0-9eb5-4d84-bdf7-2372df11bbda	24.501	fast
d15e4ad9-ebb6-4f5f-a5dd-1a0f2bc950bf	10.902	fast
06313745-6231-4464-852c-6ded4cb3dea0	23.614	fast
816aef0f-2a4e-41f6-910e-434766ec3370	26.307	fast
d09f9187-2c4c-46f7-b099-55b91544036b	9.257	hac
0fc97f50-6b51-4b9e-a8b3-1d8be338947f	30.858	fast
d2cbdd3f-054c-4e48-b352-f8879c3aea0a	23.086	fast
84c5cab0-c8bd-4443-a298-5f61c1883e9a	25.497	fast
c3e236e7-1e06-4d05-a089-84297c1498f3	20.885	fast
d5766aff-a1b0-4160-9c0e-a88513cbf961	19.713	fast
d022b1ae-dbc7-4f48-a938-2cfa80899be8	24.268	fast
edcf56c3-8e27-45b0-990e-321ce6ae4463	24.735	fast
4d5fff5a-d5c7-4e42-8678-f9bbad87c349	24.396	fast
3b2ae6e0-9016-4cfb-8ccb-d86cdd0cf237	15.565	fast
d016f002-1aca-4e0f-8c57-c9e73abf79f4	22.236	fast
216aa74b-3121-4765-8550-3eff6921bb51	23.743	fast
b8c2804a-0259-4876-b6dc-886c08be0960	25.740	fast
931a601c-4b11-4036-881f-27743e45d2da	20.984	fast
fb66160e-5ec3-4080-a10f-625ad1cf538e	25.915	fast
7284f0b6-7e1c-407a-9cab-f06553762bcf	7.848	hac
260d8b8d-39ef-41bc-be96-ef0b3ab7c98f	4.670	hac
0561e018-a96f-45cb-bd60-646c4e1e84ef	24.152	fast
1a477414-835b-44d4-9ea4-751283b66091	14.083	fast
2fd818ca-a520-4bd1-a218-55e0b9144526	8.956	hac
eb8b791b-efb6-42d3-9ecc-01f0b816d053	25.668	fast
ae1e6a38-5074-4aff-8ee9-efdc653eaa6a	17.389	fast
3e6c1711-a2c1-41ac-afdc-0b7127a10ada	20.945	fast
58b39fd9-1a3d-471b-9ce4-fce596f0e9fc	18.576	fast
3f476b26-25d3-4c7a-a25a-c7341d26e285	22.670	fast
7302ef8d-5905-45f2-b129-2cee4b4a68b5	24.314	fast
e36983a7-d709-4314-88fc-6c8bfdbbba80	18.743	fast
a4e7ee97-95b8-47fb-90d9-8ce74405b58f	15.418	fast
cb14d7ba-303d-442b-8ee8-33abbb701ab8	26.631	fast
f3abe522-8f0e-488c-91ec-de772a7f162c	17.936	fast
8cfde2b8-47ac-4c54-8351-8acff9c70bb9	9.188	hac
1fb6e210-f991-451f-b4e0-06de0b7cc097	21.391	fast
66ec922b-740a-4ff2-9f19-30fde2b79d08	26.607	fast
b578bec2-9e15-4d01-a757-6ad181ecdf28	20.147	fast
1e472da6-c16e-49ec-bffe-eb8ff54a429d	25.193	fast
7dcb214d-42e1-4b34-be85-30cb7a1e5246	17.450	fast
7e5ead1f-99d6-4efb-8909-cb4a40b3d2bc	19.681	fast
a24e213a-493a-4e66-b82a-8dfeaa7696d6	23.593	fast
b66f577c-cdb2-4c9d-b3d0-ca8065c435e8	22.527	fast
d6eaa138-e32d-403f-a356-1fc4277f4de4	22.884	fast
7ec6211e-595b-4ea2-92a3-72b0c11cd69d	7.612	hac
7ef97a64-7b13-4f65-bf2f-d3d268183759	24.581	fast
f8a11e43-86b9-42f3-8207-5480823bb6a7	5.195	hac
cd38c289-238f-4eff-83e0-0787d57e432e	22.756	fast
d4bbafcf-3ff2-47b2-86cf-098bdcb88a18	28.910	fast
065621cf-3d2d-4aae-8159-e23571343e44	9.264	hac
e92e8782-ffd0-49b7-998b-453996223723	26.040	fast
5aee5120-5fbc-4fb3-b924-b52ed2a7731e	7.929	hac
5be39791-6df6-4968-90ee-b95bd842c7fa	8.793	hac
74c9552c-3c80-43a3-a8c9-af94948182d0	23.787	fast
c7fa218b-3939-40fb-b678-1b81fb23f0fc	12.060	fast
33d381d3-6d3f-4831-9468-010296bd6178	22.499	fast
b3d09bfa-acf0-4064-986c-e93a512f7a76	18.767	fast
6dc659a5-e814-4e05-9daa-bfe24f44a7d2	28.793	fast
dca41d23-fd8c-485f-bcb1-4982b6640a29	27.595	fast
464d9296-46d1-4598-9467-0b966949aeab	8.114	hac
ae0fbf0e-f9ed-438e-9c8b-2aa85baf5c39	20.790	fast
abd00f9c-c830-46aa-926a-724e824e38d0	9.316	hac
d0c19ded-d1c8-49ab-b95c-564b9aad3f2f	24.778	fast
2f58ecfc-efbc-411b-929d-7173440e44da	23.228	fast
e5de8d42-a339-4eec-a89b-3831c7cbb263	7.118	hac
23040eef-6875-41c0-b1b6-a9af7657b07f	25.431	fast
d896d59e-fbbb-44eb-a91d-5c09872cafd6	24.652	fast
2538365f-4aa0-4de6-be52-575cc3f7237e	24.288	fast
41fcb68e-d863-4554-b4ff-080121714229	11.537	fast
025d2c84-04d2-41a7-a16b-bd924a587f5e	15.736	fast
14b40f4e-ff51-4184-9b92-b0ce8c834cdb	27.534	fast
9248ece3-4c1b-4666-83e2-b7283ced3ec1	16.913	fast
1970fd18-52a5-4951-a0b6-4d0184d29183	10.474	fast
4dd46899-bf93-4433-a96c-f7f7615a80ec	21.291	fast
1f39c002-0956-4861-9616-57088eab87dd	9.870	hac
1a22a0b3-3e75-45eb-8b1e-61d5065ac3c7	24.956	fast
d88f5782-e652-46d4-bf1d-fdbaf1df0e5b	24.333	fast
84bf106e-0a94-49df-b0a6-2bd8f8f5b558	20.575	fast
6606b3f2-cea1-4f90-97bd-bf8cda86efa0	25.835	fast
efb400de-5b15-47a8-9efc-7f765a3c3a43	20.374	fast
f33fba10-2bec-45ef-9e9d-708f9fe4ba52	24.802	fast
58b0a86d-4321-4dda-bed7-6e6d6b652738	25.591	fast
927dbddf-534f-4a44-8101-4403a155c011	17.945	fast
52d122fb-f1ee-47bf-9cfe-8e83dd1725c3	8.234	hac
73aee072-1521-4834-bd03-90cafbab0399	8.395	hac
73a87b27-7059-4913-9f7e-ad2565dc804b	22.741	fast
f22c688e-27d8-49d6-9ff6-81b5863b1114	17.343	fast
6f9872d5-157b-49c5-a0b5-ef09bb0d187e	24.747	fast
efc214aa-392a-45f3-aec4-6d5a0db88bb1	5.340	hac
1fe3dad8-249c-48ab-88ab-7c76d50d54bb	8.464	hac
75519893-99d0-452f-ae12-e83b8260ba7e	27.265	fast
50b1ba1b-d2ec-4164-8569-678b1c977a3b	24.435	fast
f41f2f12-7f55-489f-8655-edb5c159cd87	24.955	fast
27b35f5a-0408-4900-a91a-cfbe326bcc6b	8.605	hac
ee19bdfc-29f5-49c1-86da-5694b33638d9	23.137	fast
5918467c-8a26-4a51-b870-b27f50972073	25.098	fast
de8af777-2c63-4f38-ab94-3201e9ac3d44	19.697	fast
25e7028c-4ae3-4e52-b600-e36b47c50317	24.018	fast
2914d265-f278-4e73-9a29-a743489df3dd	12.638	fast
7ef65e65-b6df-4350-8ede-66c7c742ddec	7.158	hac
4250f6c8-efae-453f-97f2-921f3028fe08	17.372	fast
905f1ccf-0638-4dcc-b10b-6cbec0e37e91	28.112	fast
ec5bae5f-be91-4904-9c28-4c8738fa1433	23.349	fast
99a8d1fb-02f8-4b84-88e6-75b1884e3130	21.490	fast
5cc34bf1-df5c-4f97-9411-d9e67e7bba32	19.744	fast
72f3cdb6-e4aa-46f4-a4c1-57821d045cc3	19.272	fast
164e65f2-21b6-4a7a-a8eb-f31a12bcf4eb	20.649	fast
19d0fd45-4db9-4d27-95d1-56a3f00558ae	9.345	hac
88aa1035-7576-4443-a369-88cee0b57170	25.694	fast
3a3403e8-c847-471d-8a9d-67b83d406456	16.451	fast
0ee88937-b23e-46a1-9d73-3a779d33a43c	13.587	fast
8e942aec-8987-4b8a-abbd-7d8c8cef52f3	23.443	fast
3c18aca1-504d-446a-adf8-da580ee66dd1	16.932	fast
73c06178-5cf8-4136-b645-6e9ab656d7dc	25.295	fast
5926e912-d4f6-4666-a679-b16493f4d506	21.691	fast
b1fabe1c-437f-4bfd-a6d3-49fff7991342	11.370	fast
2487a14a-00aa-4ac6-828f-4c450f91ae5b	22.523	fast
524f717b-853d-4d64-aab8-32a45f601b7f	19.864	fast
0a21cf8c-aba9-47f3-b837-0e2f0525c865	21.225	fast
f786ca97-04eb-46fc-b5d1-7783dc5ad357	24.073	fast
cd23ed2d-0703-418f-81d3-8648ec34c7c0	8.934	hac
06dcc58a-a2d8-4e47-9833-41ce021f86f5	22.700	fast
cd97acdb-3260-421c-8b8e-c556e900aac1	22.728	fast
0f86ad0a-2765-4002-bb44-377d8a511d67	16.851	fast
1b147c3d-daf7-4698-a671-94155b1b3eb1	19.757	fast
34d27e3b-77be-4599-95ff-ca14a542bc0f	7.784	hac
e8f8932f-82e6-4153-b5f1-b52393f3ce87	24.977	fast
fff48a4b-03c7-459e-ad1c-e7e81c261569	23.731	fast
9d3d8496-7ea9-483b-a9bd-982935455967	9.706	hac
190003da-723b-451e-81a0-8b69442463a5	27.255	fast
9fec42a4-523c-4725-8bce-20278699a30d	23.346	fast
b747169c-3214-44f3-8c18-5e4ff4631c25	8.273	hac
9ab8a4fe-8cc7-4f5d-9ce9-d980443f45fe	24.079	fast
80242b3a-8f2f-45d9-88a4-9c8f698da9a7	22.145	fast
5c09143c-2566-4ffe-99e9-04d58f3acda8	18.636	fast
8febce29-2e9d-4329-90a6-1fc71cc3fe1c	7.953	hac
c774f45e-b731-43c1-b362-0cb03e6e5362	23.392	fast
c7922fc0-cb67-4178-9218-d451c66810ca	22.131	fast
809e1c65-99e8-4201-8998-3f58683acabc	22.077	fast
8e386d0c-afbd-42e5-b151-a22f3f018933	25.652	fast
3799abff-ad0d-42a9-85cd-a9892fe3428f	14.784	fast
7f3fe6b4-91e1-4b1e-b972-e0a34a4dec00	26.719	fast
d5a8a174-fb63-46c5-837a-d650539aaffa	17.768	fast
9c4f3e5a-b68a-4cc2-948d-5b28dcec3c15	25.735	fast
7c9c6035-65f3-4e3c-9b89-29d7d3ea01dd	26.259	fast
4d1c6e60-5ade-452e-bd40-bcf4b3483df2	8.939	hac
56fd5f2d-bebd-402e-8cf8-e5d78419b986	10.081	fast
23c79796-6889-46f0-bdff-d49926509271	23.594	fast
d1e7e2b8-136f-48e4-ba6a-92c0d99fa1b7	18.300	fast
a2a0731a-1e76-4576-be27-d9a9194dd34b	23.501	fast
54f4c0b4-7208-469f-b339-907ef62af61a	24.575	fast
c6aafbf0-3abf-40ec-a49c-968850645041	20.149	fast
81dd3615-c353-4e7b-a87a-134dfdd7278c	25.994	fast
0a3d0cee-bdca-4872-ac1e-86f6080610f5	27.474	fast
f661a319-81c1-4e8f-9411-15ba4bfb31f3	22.401	fast
4873535c-c6f5-4dc4-b47d-92ef2410bec6	16.093	fast
c35fd3b7-f1a5-4578-b43c-7b921b04f01d	7.443	hac
3a869dc7-529e-4214-a0d9-18b5d06236a4	14.232	fast
9acc73ff-5f44-4caa-a108-b09786a475ea	22.412	fast
ef2db58d-bc45-46a5-893a-ed219295b5a1	27.249	fast
ad7bcc5d-3377-4cfe-8ac0-761c5f3e82b3	4.176	hac
9e90fe26-735d-492b-9478-ae6c8e1cb163	17.452	fast
ca4339ed-d965-46b3-84e4-d2d09b67fbd2	23.478	fast
7fc9456a-1cb6-4863-ad7f-74fe8b868ace	20.967	fast
dde4da90-b336-4a8d-9298-f2927a32a863	23.745	fast
2e6bfc01-7239-44aa-a505-4949fd0d9a50	23.740	fast
66c2669b-441e-44d3-86dd-1b99c5571737	25.898	fast
63d27168-8d96-4b29-a378-56ec1a64d501	16.414	fast
e7b3385b-eabf-40df-98a1-9a735594be22	17.379	fast
147c0f05-d2af-4d76-9a9b-116550061e06	20.704	fast
057e0f3f-7bc9-44ca-b734-2de3c16d8fea	10.046	fast
161fc88c-f886-4b5f-8a65-6bbfce05f9e4	8.309	hac
8b18eef0-3963-4b8c-ac95-1c7ddf63f10e	26.011	fast
e8894c23-5efb-4306-bd27-166c0f48d88d	9.455	hac
a4e08d32-0931-420a-9142-97e1a403b838	25.867	fast
9aad6e30-6b22-470c-b06c-a4be0ba9dcc5	20.736	fast
40c232f5-ad0c-4798-a201-8d4d3c43667c	25.269	fast
311660c6-c8f4-4a20-9219-f7d9c4d22209	11.899	fast
d5af4c39-1474-480e-81ef-76243c0e13c1	17.576	fast
0d3fd8c9-4dcc-4419-987b-736ebb9c6b32	24.576	fast
0dc98f18-8228-45b8-ae8c-46a01b401284	18.806	fast
e0734c34-b28d-4633-b2bc-7f26ace7feae	24.177	fast
e80d95df-f02a-417a-a03d-64e4c1debe28	12.380	fast
c0b48826-4574-4b0a-98e6-28d050d30283	22.821	fast
9c89c249-e3ac-4f37-9443-bd6c197a2dfd	20.007	fast
bc60e712-34cb-48be-a467-dd86fe345cef	8.703	hac
d99f774c-54a6-4350-b1ea-de723935c624	15.164	fast
aac5351f-4472-48df-a6ed-771d1386f53d	10.766	fast
72167f86-78bc-43e0-b5ae-27fab8606205	10.202	fast
b0ad0945-56fe-460d-92b0-c1b8958ae006	6.808	hac
b8f89809-b668-4d6c-901c-3d0ba11ff68d	20.616	fast
df04a470-4db9-4add-9b1b-30593b9eedd9	17.714	fast
7e37fe9c-4a37-4da5-8b2c-9a4d05383e63	21.336	fast
05156261-0346-4545-92f4-10fabd1ff6d9	9.298	hac
73cb0f99-63f0-498b-8318-6dc7d0d85cd4	20.838	fast
8457b545-04c2-43a9-aad1-ff3f048044d4	14.843	fast
c850e13a-9937-4ed1-9d1a-c08489fbb0f7	6.921	hac
57844d56-4a70-4eb9-b5b9-ed5f92220b64	11.471	fast
56b51b3e-0d68-4590-bfa3-01423aa30f9a	22.678	fast
8bbacf32-b7db-4087-a05e-39861d9c6ab5	16.417	fast
8f335902-2db6-4131-924f-1b1f0cb712ab	23.248	fast
3002a98e-7696-4be2-a16c-387a81328291	19.946	fast
e4b0fd4e-4590-4163-9dbe-6a7f7b03bb38	26.097	fast
bececd9e-7fa0-41fd-abc1-ef4ddf4e76f1	8.405	hac
839bee20-e083-4a89-ba96-9cd7625acca3	25.006	fast
c3b78af9-ea91-4ee6-a281-e8300dac1901	21.065	fast
e8e20802-92ed-46f5-9b07-9b2f62da9661	23.519	fast
b4d79759-eb14-401f-a543-8e94bec004b9	26.537	fast
0b997e3d-810a-4ebe-978b-8db601c10e88	24.691	fast
04a1d4bb-23bd-4a85-a2e5-02e560624653	16.219	fast
8f418618-9810-4f3a-a6dd-7b81bbc8dd2b	22.934	fast
b6715ea1-13c9-4492-a75c-b429c6946734	21.270	fast
5a12e35c-0da9-4171-a510-f0cdcee8d6b5	19.106	fast
c0ce240b-b249-4221-b0d1-816ee49ec7ba	23.236	fast
9a749fa6-96c5-4ac8-b841-83af7219f701	28.361	fast
1e2d3af7-712e-4e61-b613-3122cefcfadd	8.931	hac
42b4440b-561b-4a80-9925-eb3527f0ddaf	18.867	fast
d14c33a4-b3b3-4f88-884c-35335ac12f7e	10.188	fast
ccacb5d2-d2a9-4050-85ed-7bd2eb4dd25c	27.936	fast
0ff80095-667e-4ef0-b825-22db549a9bc9	24.706	fast
9b05688a-9649-430f-8798-cf9dc633473c	23.531	fast
017ea418-36b1-4100-87f7-ac3370dbec96	21.114	fast
d3be40fd-3919-4bdd-bf70-432fa0b4a64c	16.925	fast
54631e0f-a203-44cb-b28d-58930e1867e6	9.664	hac
1ffe6fb6-78d1-4ca0-b642-9842ca4e63ee	7.446	hac
9e708db1-0376-45fa-ba09-460335f493d8	24.124	fast
9ce69336-faa8-4ac6-9392-8c7fd41f0d5d	23.290	fast
00806f1e-ba16-4258-bf2b-604d11084dfd	23.969	fast
cc1d2b21-10be-422c-9bde-4dd2b2ca602c	14.090	fast
cd0aa8e6-fb5b-42e6-9dbc-ee2f1a9b4f3d	21.631	fast
3207c56a-4fdd-4de0-9abb-fd44f718b396	25.855	fast
1e84979e-a5dc-4198-ae6a-e4758c96dca2	13.892	fast
944a90f6-d791-47f6-a3d9-b448ecc7087b	22.487	fast
b08d0b86-8531-465d-b558-d93a573abb7e	9.386	hac
ec57764b-7d0f-4369-9e59-1ed3ee003fc4	13.881	fast
caf5bc38-8f61-4c4c-b61e-3e544db53f23	24.320	fast
80fafb47-6ad6-4b8b-87b0-50e807299c2b	23.343	fast
93fcd201-a465-4470-a519-3f3d8027d4c4	25.463	fast
160a28e2-c1e8-43c6-8c07-c9db10897cf1	6.182	hac
14dd2c04-df37-41f5-850d-d0c218fa7346	22.286	fast
a7d59a5a-a6e2-4ab0-a303-ce8923ad8feb	14.613	fast
994dde36-5202-4166-b386-bdeb90557e73	25.736	fast
a9bee6b3-dfca-4231-8c12-9bac16049cff	22.612	fast
d8d2d26b-502b-4310-b5d0-139222a3a342	25.043	fast
2200e988-db5a-46f2-a8c0-107f369bca0e	6.698	hac
710612c3-c61f-4088-9357-d19a068df965	14.954	fast
b93afc00-aa53-4312-a50f-7f2a6da2cff3	25.456	fast
84126797-2c00-4ce3-af95-106ac0dfb98a	24.205	fast
0ecbfa9f-63e3-4eba-97b9-0e2d2a7aea40	23.176	fast
d8cb1707-0996-47bb-bfbd-67d8c8da796d	29.516	fast
270e3273-0677-455a-aeba-f707ef3489c4	26.359	fast
647d0a00-b3b7-4b9f-b469-5d36a567d4e5	6.963	hac
243cf990-e6a9-4aa5-b600-427eb02ccd32	27.120	fast
bbf03de3-921a-4906-9e62-e70b1ac2a1db	22.794	fast
af39d70d-8a8b-41b2-a23f-b4749b304c74	14.854	fast
1b6bd3b4-5514-475e-9bdb-2def960981ed	23.175	fast
d1001123-93a2-405f-ad83-7997f33050cd	5.024	hac
8f705cf2-91cd-46e3-bf4e-5afeeb3927ec	24.095	fast
c4128011-96da-4cf1-979a-58606e99b10d	25.042	fast
8d4009ff-5940-4cea-bc86-62ec4629a429	14.988	fast
ac8ee28e-0b06-4278-a8b9-a5287cfe6119	23.010	fast
1708f902-5465-4998-b9f4-fdb7857eebaf	27.862	fast
7e114aa1-34e4-4026-9162-4711a59a017c	9.596	hac
2b68c8dc-ff3b-4e9e-ad76-aa6b33629729	23.538	fast
9f1d40e5-3620-411f-973e-3a166598c2a6	21.938	fast
2e7c3ce0-09c2-41a4-b6be-80a8c817781d	24.501	fast
66380a62-758e-4659-b7c4-bc817468c388	23.137	fast
328ddf31-d129-40b7-8b3d-0f1e33413d5e	9.105	hac
acb94c59-9a33-436e-9aa5-3a493130cb3a	8.098	hac
df03eca8-b7cd-44eb-94b2-8a9f71a2a0a9	18.810	fast
8dffcad6-473f-48d6-aa3d-93520539b1bb	25.403	fast
2c82b57f-cea5-424c-93c8-547459007fc5	28.636	fast
7931158b-15e5-4b6c-b611-adc2a6d3983a	9.798	hac
f21d4d38-8e4d-49af-9336-e96539521441	8.588	hac
9add99ac-2730-464c-af61-fbda2c51ac6b	22.243	fast
572ab6f5-93fe-4866-ba37-14f47f4e8812	11.266	fast
1cbb2cfb-a183-4bb3-9558-e9f6c64ad46b	24.426	fast
7a674b9e-83b2-4abc-989d-6412c1689d88	12.958	fast
a94b4100-b809-4afe-b20e-cba9af8340cd	23.341	fast
b240f14c-28fe-4934-9f5a-c3c0f092a3e4	21.658	fast
f097f4bd-b971-416c-8c35-04854c37f2c8	27.067	fast
13ebac82-5032-4872-8042-d2e2f6742810	29.499	fast
aa305a2c-b18e-42d3-acff-41735be73fef	5.691	hac
f4cba745-f715-40db-be2a-4513a8e2308d	25.217	fast
5ff90c4a-74b3-49a7-9a5f-349d1df236cc	20.998	fast
e3407a66-118c-4a13-b1e9-e7cc8a656969	24.433	fast
5769dbf1-5eb2-4005-b995-a7faa320a88f	24.086	fast
9e86d957-bef5-4a86-bd41-f2a5864fb937	10.255	fast
f4dd4916-188d-4bfa-815d-55de5e8b0804	25.956	fast
1c9bb0fb-c9d6-43c0-9a53-0c6f08834cc0	24.574	fast
b6910dbe-8d84-4b89-9f34-bb79c87f1b43	25.622	fast
2411005f-7070-4962-ad11-5b0355c05e95	23.962	fast
03c24a18-ffc1-4bcd-a0e7-3d61cdf89bf5	15.539	fast
ebca5ec8-ea66-4a37-b54a-0e622963b1eb	26.113	fast
c4689e1a-4e66-4b68-af64-6d41029d8d88	4.653	hac
98b013ed-648c-4252-8c74-061cfed10c8d	26.778	fast
c2b9f225-5d37-4b7d-b063-ed99d7e6225e	18.532	fast
5685fd87-d58d-49ec-8f5e-32997a1e698b	14.349	fast
8b3b6ab4-28fa-48ca-8643-12764133ba26	18.492	fast
0206aa27-8b70-420b-96ec-d98f416ee480	21.907	fast
92131487-cfd6-452a-8951-bf34bf39b844	8.960	hac
5df42c94-2c00-4ce0-9af6-2b0639716975	19.050	fast
3bb9a07c-fb4d-406f-af9c-a77a262e67f3	23.886	fast
e5e63023-5877-4f56-acd9-e9eb8fe63e7f	15.754	fast
ed3e1449-c465-46ab-ad66-2e4c734a4392	22.900	fast
ff88036b-fc3f-4a5d-8eeb-b72909fd9af8	4.622	hac
cae7a019-3cd9-4bd5-b7ae-a2a278374ae8	23.340	fast
0eedb6b6-ca9d-460b-b551-83ec7b09149b	19.721	fast
0dc57b35-40dd-4e26-866f-1935940843bb	9.352	hac
409ba30b-434c-4b35-9dea-8509a63d25e6	21.013	fast
8c726d03-fa86-4a9b-a36c-780cb5e7a046	20.491	fast
536ec1b8-3282-401c-96a2-f8a9b8feb2b1	17.548	fast
afb0a1ad-22f8-443a-b06a-b1474358cdaf	23.399	fast
4e349d49-a1cf-4fef-a88e-7160d2d303e5	19.886	fast
48d7481e-c0d7-43b4-91f9-f199ef7c9250	23.920	fast
225bc7c8-80df-4011-a8d5-06f284becd42	25.139	fast
a48db138-b7db-4562-bcd7-cc9ffe222325	23.047	fast
fd316137-851b-459f-a67e-daefca2c4399	20.422	fast
70bb79ab-3edb-47b2-944d-07d543cfb787	25.290	fast
4223a1a1-a067-4e71-8f02-9b9962964000	11.804	fast
9400dbcc-5626-439c-8aa5-c965cba18134	16.938	fast
776509ca-e44d-4a41-bc5f-539464ebd9af	20.982	fast
fd6a8be8-35f5-4c1c-bb2c-a71eecac9c08	27.802	fast
ceb90234-a8a3-4565-90ec-b2b0e2020359	23.402	fast
845fc0b9-509c-4003-ae93-b19813e0edd2	12.569	fast
91166da1-3115-408c-bdae-ec5d8def975f	17.312	fast
5561c0de-2ab5-4d6e-a112-e59a33ebe986	24.079	fast
3c6cabdb-d94e-4b84-b3af-f46e7b2436c9	26.373	fast
bdd495c2-83d7-47b5-8cc3-d36a2621d5fa	18.870	fast
3ba0332f-172e-480f-b014-0d34804e03e9	24.190	fast
dd408aa1-f5da-40bd-81d4-3d85bbcf0e13	20.371	fast
882ffec8-2297-4ea4-96b7-5974b9f47893	23.815	fast
da4ab5cf-db48-4e4a-8588-bcfe8f253f1e	16.371	fast
aa586ed4-8796-4ac9-b967-d0a77861b3ba	8.695	hac
b67f9156-7832-4b7e-9700-085403e0fd4b	18.910	fast
19a035b6-ce2c-46d1-b68a-0cda23d10f80	22.932	fast
04c780dd-710b-4058-9310-9fb6497813c7	22.904	fast
d3de6747-d928-43e6-b323-43d9732034a5	8.423	hac
4b5d0d9a-3a2f-4695-867d-0a9246872140	22.237	fast
e4e402e6-2bb5-4f47-bf2c-290fa449f905	25.285	fast
92f678ad-32e1-406e-8045-6926705d206e	22.882	fast
7f362658-0488-407e-9faa-316cc5949f4f	22.958	fast
67711479-6894-4cd2-8bde-aa28ae745b78	25.238	fast
a32f1570-6c9c-4e5b-9921-319019b0e87d	22.000	fast
3e02edb3-8c2e-4c72-96d7-600278014b84	8.628	hac
2b3e933e-357b-4077-a175-ca509e034ec2	26.651	fast
279ee871-caad-431f-a3e3-a101647914ec	24.605	fast
557e7766-2b49-4799-89b0-127f138f337b	16.770	fast
249deb97-9386-4d27-ab62-433b658b275e	16.848	fast
9c765140-cbfd-4198-8e85-991fd03378ce	24.141	fast
150a5cec-8385-4f0f-bbb3-c3011dcc969b	26.118	fast
ba144c5d-2cbf-44df-b291-978a53f01cd8	24.723	fast
15d3333a-67f6-4c61-9a40-a53ff4b655ae	19.811	fast
0a71829e-bf91-41c3-89df-ead5fe67068e	21.684	fast
491c7d82-5e58-4098-a9eb-c24e6f1d7901	24.280	fast
3fe69e17-0985-449a-b09a-df1a2061c2f7	19.018	fast
180afb0b-075f-4034-b338-224d77706b08	23.407	fast
abe1df70-da32-4ca7-9e75-ddc0894cbabb	9.266	hac
3dacc12d-f041-47fb-a36f-d0db0df51f2f	21.847	fast
33646dbd-4566-405b-b427-34cce4e12965	24.733	fast
be48f0f6-8f98-4c5f-8f6c-d3eb0b09e4f6	25.919	fast
5d76eb2d-16a6-4f22-a647-17982cf54a93	8.054	hac
10c79dff-801c-476a-8de0-e567ce85a721	24.405	fast
6fad172f-63a6-4f66-b6a5-155986a3c309	7.784	hac
1504796e-665f-4afb-a3ec-6c8891362d55	24.294	fast
db1ac5a2-610f-4bca-9f2c-9f0af3f98f90	24.625	fast
fd1bdd30-e90a-4c81-85b8-e3a09ed92270	24.834	fast
f50f855a-996b-4005-823d-72ec97003be9	24.011	fast
ea36c99e-810d-4860-a3ba-5e6acd7d8e74	22.996	fast
e21270d7-7ea6-4d07-9fdb-375dafe1592d	23.487	fast
247f5188-797c-4f46-97fe-847e6cbc362c	25.013	fast
32469a6f-edcf-4559-a4cc-c3c151bef07e	24.783	fast
0f89ff6a-5e33-47c7-a700-2de0a34a02d3	18.526	fast
1bf78260-8c8b-46a6-8f71-d538523cb78f	8.206	hac
acacfd63-67bc-4233-ae6f-6ca8d7e808fa	27.303	fast
36640132-638c-4002-a5d5-8ba5378195d4	9.314	hac
b0c89eab-cff6-486e-bd88-6f1147a44dcc	26.471	fast
cd8b53d4-5717-458d-9169-63dfa9857295	20.311	fast
b3c77c6c-0bad-41e4-abcc-b3e24b7c404c	26.722	fast
653d6737-9b44-40f9-8948-e6e40faab5c5	23.355	fast
0fa688e3-c05c-486f-8b84-b9ce3f8956b4	23.118	fast
a6b531e9-4e40-4799-b712-655c0840e0d7	16.352	fast
6e2eca6b-2a98-4845-ad59-b43178d11204	26.618	fast
bba46ab5-7c65-4dc8-8020-9dc564b9ac64	14.713	fast
888bd8c6-ec9d-49b3-a11a-9519d934c1aa	22.550	fast
f8850c65-58b5-42d2-a6ae-2368ee442a3c	22.482	fast
6e0cdcf7-f947-4f48-ad3b-95daa6f79ee1	17.537	fast
eb1a09c7-3268-441f-bbad-12561a1f9bc3	24.255	fast
7bf69c8c-b07d-49b9-ba6b-540ff13e05bb	21.098	fast
98f5241d-92f7-4e0b-af08-97b41e921f70	21.410	fast
e34324b6-2652-4e9a-93f3-0bca8ce46931	9.930	hac
66195abd-e088-40c8-8736-febdc0cd708b	27.899	fast
cd7d877d-c865-4f01-b5e2-e46bdea74bae	7.494	hac
5988cd40-bb8a-4dd2-ac0c-66bb37dc410c	25.138	fast
671b6d3d-021d-4377-b670-a8f5eb8eae50	23.689	fast
d945c04a-646a-4884-b754-e90c92523433	9.506	hac
25a7afcb-ff24-4967-b547-1c6a842150a9	21.629	fast
1af1f55a-0944-4c63-b452-76695e88f35a	13.447	fast
34acc4d3-56b2-45de-b892-1844147c4317	24.119	fast
4579e0a7-2530-48bd-9892-246b5108539a	24.706	fast
30d279a5-e0c7-46da-9c82-1a7f8bc2dceb	22.715	fast
9f2eb3c7-709b-43d7-b5db-c0d49e3384fa	21.546	fast
4db1f2b6-8fdd-49b3-9489-84de7a02af3d	22.899	fast
77a24817-c7be-45be-90dc-040824f9163b	19.064	fast
d1dc4a56-03f2-47db-b8f8-ac787a52756e	20.353	fast
3aa3542f-6100-435e-a350-7e78bf048824	20.823	fast
a60e661b-f3f0-4433-8190-47a33ce74448	7.727	hac
ebbef458-563a-4daa-b0a7-619b12b26c29	23.117	fast
e7537f03-78ea-429d-a3d3-1eeea3fd2cd8	24.462	fast
4788c65f-9767-4d8c-9d1a-84bbb5d032ce	22.111	fast
a9e136c1-0191-49cb-89a4-1cd6ea0c6767	14.528	fast
5c33a279-4343-4c83-9950-991efb13da25	19.990	fast
588f6c9a-50b5-4352-85aa-76fb1ca8a2a4	24.276	fast
08ad403e-8a0b-4b07-b284-4ac3eb58897c	19.112	fast
db524b2e-bff2-4bd4-b7df-92dcd2bfbe88	23.675	fast
b9d37f68-2964-4680-8cac-a401ec62b574	25.715	fast
b1cea84e-b8ef-4c73-a386-53d0f3c377c1	21.547	fast
0ed9ee55-4359-4201-95f9-7347268f4d89	8.982	hac
0cb4871d-6d6e-4066-9547-523ea27294d3	19.384	fast
9ce0c453-8c1d-4387-ace1-aa61ec20a090	13.595	fast
df6caa96-a02d-49aa-b495-9642581c88a5	23.652	fast
1ab0e0a8-f4f2-4af6-9cab-118954154014	20.912	fast
36f9de2f-ea8e-4c7d-bc53-e7f706fa9fb1	21.157	fast
f503b70c-22b9-4ed1-a94d-d8fc7ed6fe57	18.912	fast
2b179de7-4edf-4456-982c-2d4890ac475c	24.581	fast
c3c038fc-4d41-4ac6-af8d-24c0e01c55bf	10.713	fast
759c7f43-cbd5-4f1e-8ddd-ec9ba49ce13d	28.503	fast
e3d13ac5-4716-4421-9deb-f397c33f00a5	24.686	fast
a404effe-2a65-438e-ba80-a8a1ccce4449	6.044	hac
be5ea99b-4e77-47b8-938a-1de60b5abfe3	27.098	fast
c48acf62-ed0f-464c-9e91-5112ca899b5c	24.541	fast
47e2fade-9df7-42c7-a58b-b148e9db42df	26.982	fast
d792de79-2a3b-4b95-aa06-0ffe3f094df0	26.491	fast
384549ad-5f38-41f7-8314-bb3b2e6c0d66	23.935	fast
ed4e8f0d-3b89-46c6-88c3-b947832a2e69	17.333	fast
2542c570-bf14-4999-895a-c2d24462a5cb	26.709	fast
644befef-aaae-46d3-a51f-ca44e894589d	20.868	fast
be4a42f4-2dcc-4007-be0f-dae585830727	24.862	fast
b571a637-18a9-4531-9663-b10baec16236	22.733	fast
441290c6-0ce2-489e-8d0c-4f7a41162907	19.577	fast
5fe175f4-8c8e-47a9-b050-ee2424ce098a	24.369	fast
16a82589-670f-4ee3-bcef-478c973d52c7	21.252	fast
cc4a3a0b-6be6-40d1-9822-b035badef160	21.974	fast
687098ce-9c02-4dca-a78b-489adef661de	10.093	fast
f684db2e-7d2e-4786-bb48-dc8a87dbe9b7	20.618	fast
5b435619-6136-4be0-adfc-6f87655572d4	25.048	fast
7d1be1ce-181b-402a-8eb8-06768c4f31cf	25.666	fast
a6ebe174-a12d-4f3b-be37-1101ea4474bf	27.466	fast
fc0deb42-2d69-42b6-8df6-6f2eeaa9fb5d	26.656	fast
2e16cc99-47c5-4cc3-a0b4-d8e01262f6cc	24.802	fast
6e3410bd-4210-4095-9208-456178fc8de9	8.785	hac
4dfa9221-dfff-457f-ad9e-18799cee80ad	22.001	fast
38e460d3-c86b-46b1-882c-b08b8f670e47	10.076	fast
0b501e2a-e843-4d5d-90d7-d28a94a227d7	23.445	fast
2ab7ee22-a956-419f-a39e-2701d87a423a	6.741	hac
1c69aeee-4a6f-422e-acd1-9c0430822161	25.094	fast
246ffdf2-e1e8-418a-a550-c0c6416cf57a	7.449	hac
c0806592-df8a-416e-8940-2d264b0b3db6	20.786	fast
0a34bace-e612-45ae-a1da-72d2025a4558	21.040	fast
a80e2f38-7c4a-481c-9061-cb611d0a4113	20.402	fast
a3cc460d-16eb-45df-8125-21b714df72ba	24.174	fast
6bfdfd01-ce37-4cad-8327-8902939c4482	23.249	fast
894a75dd-96b0-4d2d-9280-26991ae6bc8e	8.203	hac
08e97583-8313-4480-9944-9ea9543c3efe	26.458	fast
559d4b74-7f7b-4b60-a4ef-5e6998ec95ef	23.824	fast
ca4130d2-8d29-4c35-a3fa-019e103b4d46	6.399	hac
4ec045d6-da21-4a07-8bd1-4eb25e84cc71	22.879	fast
9b87c50f-f259-4497-a4bb-b3b1020eaee7	27.779	fast
827b72b3-6d4d-473f-96d7-2f456e6d9417	14.173	fast
a11ab7dd-2bb1-4d66-a9b6-9e2f3879a915	8.866	hac
e8cddd26-0b33-4d79-8331-28f1dcf62914	24.158	fast
33ea229b-13d8-47f9-b0db-daec769c62c2	23.283	fast
abb923c5-92a2-45c6-af49-45fe5158c328	22.865	fast
aea560f2-c566-4158-a2b5-4b1aac871047	21.496	fast
3bfff935-6012-4c25-8767-3c0e4e02c4fd	25.418	fast
49b6801d-c153-485f-b78e-2a68f8850f6f	26.055	fast
68f490b4-0884-4485-ba25-66d6b1f3da1d	10.590	fast
5097252e-49d1-4102-8ef6-cb874dcc109f	25.408	fast
c340d975-bf70-4119-b8c5-8cc4f035fa23	22.158	fast
1a6d7a72-8c36-4bfb-a2fc-761aaae932d7	20.387	fast
3bc1be0e-6db3-4fc8-9824-e6eeb49d95fc	19.690	fast
d5f1c9a4-2cf3-44aa-9228-f5f5cf82b485	25.543	fast
a03357de-17dc-4c05-b295-1e824fe9766d	26.452	fast
52d57ab9-a356-415b-995a-4ead513f5f72	25.567	fast
2b33f93a-cebe-4b6f-8d9e-3be3a1abea6e	11.137	fast
e3817c42-431e-491c-a2dd-c1a10d31d6ba	21.591	fast
5493a74c-89dc-407a-97a4-d2fbde823a48	18.047	fast
b45acb25-f674-4f28-823b-14d1834b5997	19.069	fast
44bdd8be-57d8-417c-a86b-f116e76b9b88	27.122	fast
c353e0f2-7b4b-46fc-9679-889112212595	12.100	fast
52d17579-59da-4789-8b03-bd4e0f933122	23.492	fast
d0f9fc4d-027d-4345-bef9-848a7760e499	9.048	hac
1f89848d-6fad-4807-8607-92a95371e822	6.524	hac
9de05376-b94e-4bca-af27-839fbfe27fa6	26.693	fast
d1ae3375-6d31-40c2-bf65-288c699ea76d	4.805	hac
72077241-db3b-4041-abb1-4a6b0e37fe99	22.197	fast
77a1f659-d549-4e33-8840-c1702061acdc	19.946	fast
48de078b-3eab-4e08-a2a1-18e9660913a5	20.897	fast
576b9a16-cd37-4cf8-9629-fb0dedb2ad63	27.521	fast
d6b1f869-2d6f-40c6-bf40-f0d7b52e1e3c	23.553	fast
3097c244-af96-486b-a779-63405b47d059	24.077	fast
6c2a192c-83d6-4772-ae9f-65d86e7be058	18.958	fast
67230622-b742-4ff0-ac45-8ad54c714451	26.310	fast
c890d45b-362f-4723-ab71-626838f98a36	23.725	fast
9e9f7342-0fb3-4d18-97f4-7cf68eb58dd4	23.822	fast
41371939-275c-4c16-84d7-1b63567df06b	19.932	fast
025fbbe4-33cd-445b-89eb-59dd678f863b	17.881	fast
649f9c2f-4c45-4e53-96e6-c91f9206c22e	23.547	fast
05efa8ae-b2b3-4df6-ad47-9d5314768f14	21.440	fast
c220a214-3bfb-49cf-9666-67cc147543c0	26.326	fast
1d10b86d-9715-4527-9e86-29932012c81b	10.235	fast
aac745c8-0a4b-45d7-9813-a79918cc9796	21.608	fast
3c2e59ed-224e-4d28-9b42-be7154e0427c	20.215	fast
f33cd18b-6f62-47dd-84b3-0837b84820cc	12.372	fast
44331238-c310-4b3e-9abe-826c9b5705c5	23.909	fast
21c2f4d6-1e8a-4a91-99e4-1f58ea718e02	22.460	fast
5e324d60-2ceb-4581-9bb4-dd4601458830	21.910	fast
c2d0db31-92fd-45e6-a1ae-f83e97a97488	7.557	hac
9f121d7a-fb08-4a23-a54c-553db8ed9bd6	23.772	fast
04c32b6f-ac94-4199-a68b-3802f0d69242	23.286	fast
6c2f0067-e50b-4add-9fb6-7dbf2eca7d27	22.428	fast
36af0410-cec9-4a43-9ed3-014cf2a292a5	8.873	hac
1ca4d5bd-f73c-4c64-b5c3-e03322164bd3	28.169	fast
9f1c8372-ce57-4d24-ad14-d7e6ac8e6fce	9.503	hac
51eeed2e-cad6-4c7d-8d97-07a6f31c3491	21.706	fast
06ffdd64-e2ad-4d8b-abc4-7e0bb4e0c9cd	21.367	fast
b4a3dcd6-cb51-413e-b2c1-e945357a5068	7.621	hac
f5462407-ac74-4688-b44d-866562095806	24.895	fast
e8338119-3858-4603-9fb5-9c5132940c34	21.069	fast
c8c41183-ec79-4bb6-80da-662b10a1858d	8.124	hac
eadf9010-66ab-4e04-ae69-a7753e65c2fe	20.365	fast
f8798de6-bdb7-4c22-b0e8-355f1971fb4a	23.987	fast
551e5350-157e-4c8e-bdcf-17add30f9323	22.949	fast
d2df09ae-6842-468e-aab4-c99ad4318487	23.909	fast
1c3d34d5-ddf3-49ad-bbfc-549b3a52eeb2	23.750	fast
75516d57-d256-4f8b-aec2-dd93c5e37cd2	23.245	fast
6162e542-0775-492c-b2a4-3bc33b3d300d	22.677	fast
3068ae15-6f04-41e5-aaad-84ce512a9011	22.256	fast
a20b2904-7f1a-4e6d-8d3b-49440e40f500	10.151	fast
d8832442-0919-4f2a-94f4-05a480c361e8	17.557	fast
bac71648-202d-4576-8455-b6dee65ecc33	23.486	fast
9579c7eb-2160-407f-967c-d82e1b06b7df	26.538	fast
24e7167e-eccc-4680-994e-dab81f3b2f9d	24.176	fast
44907da7-4301-436f-bd90-540291fac392	27.544	fast
b3db3a1d-fcda-4319-8520-5c23d2a1dab4	7.513	hac
3f94f47a-4195-492d-9e9e-eebac97d84b7	19.917	fast
95fa8f56-9dcb-40e1-9844-16838b74e5ac	25.200	fast
ae4253b6-333f-40cc-89da-a27ee40e49d4	24.132	fast
09a61ef5-b29d-4b01-9d9d-9867530f82a3	21.585	fast
00b64137-0802-433f-b4bb-7c6875c54141	19.755	fast
8dc2f18b-a03c-4984-8523-aa43ef566c81	9.543	hac
a6ae0b3c-aebb-4eee-a785-b467d1baae9d	24.027	fast
3ecc2118-e3c4-440c-b47f-41c9315a1262	9.939	hac
57c811c8-994e-4bce-9013-d2a4b72ad689	15.184	fast
f6f37b74-379a-4154-9256-23c5cb26c61c	19.940	fast
3cdf6f79-3b43-4cb3-8694-421fc06218ff	16.522	fast
2df4a68a-d710-45ca-9e63-a47618507f17	21.796	fast
ae7494a8-9e29-42c1-91b5-8c30329721c4	25.358	fast
39b8b747-412b-439d-b59c-9fb11f676a23	21.081	fast
da70a664-3709-47b8-9dbc-a2d6b6efb00b	22.042	fast
04cdba68-1148-4737-9926-ab98e46bd6cb	25.323	fast
9477bba0-961f-4c6c-9aa4-763b62afb619	27.200	fast
6d4b3cc8-c6ba-4246-be14-2f781b22b4a6	22.523	fast
77bc917a-4fae-41ae-a610-1906a16e7cd0	23.074	fast
abd80a1d-236a-4791-8815-5ec7629a5989	23.623	fast
28755675-e78c-4da4-964d-399453b821c7	24.976	fast
5322b754-7be6-4e18-98a5-523eeed98547	8.279	hac
511bfb9c-edc3-40f2-9a07-6cf541c8d91a	11.306	fast
4b773b87-877c-4af7-ac3f-683517d41cbb	18.666	fast
a649a8b9-f6ef-44e3-accd-2d804189d44b	9.576	hac
27729a7e-cd64-4bc8-b99b-1e2ecaf99cc5	14.290	fast
6e025828-3915-4f73-b9b7-300dc8addab7	26.071	fast
2367c072-7a28-4b57-abbc-5e2335839142	26.011	fast
8dbeb952-2f82-4acd-83a4-4e585141101d	25.988	fast
411caf5a-a689-49e3-91af-824338cbd1b5	20.680	fast
fe7d2cb1-bb1b-42d3-9fcd-417356f7611c	24.820	fast
29382b66-e58c-4284-bc1a-492ba6a7c42f	26.503	fast
e58032b7-1636-4cbc-bf4e-7566a3ce9a39	18.490	fast
d5a9b201-c7fb-46ea-bec9-48276796a7b3	9.088	hac
7dcc3efd-e411-4e65-aab9-cb382a09d5c5	24.702	fast
657d7d49-3896-4700-b771-e793a21e0d48	25.692	fast
8015283b-1f40-4199-a139-64f0a66b8b96	26.800	fast
0f330acd-f65c-40f2-8aa8-368dddb42a76	21.699	fast
0571ef89-42d6-4070-aabd-9aa67f6b79cf	6.808	hac
e44b0964-3644-4e66-8fa9-979c70358932	26.518	fast
d1c78f9b-77e6-4251-9038-f48e3fda74d9	8.597	hac
1f261eca-c56d-42d3-b961-b89f458d4f99	25.952	fast
d90d116d-5a66-4628-ac38-9ecba231b709	21.236	fast
77c4c69b-9962-4d77-ad23-2a1e7dbd79bf	24.327	fast
fbf6e9c7-a604-4cd6-9dfb-72fa7c0bc334	24.028	fast
43fbb506-18be-45b5-a06f-9c1e85bf9b03	21.288	fast
d9bf32f8-219a-4d31-9fc7-b8136e681e71	23.024	fast
0d52067f-52e7-4b01-9ca0-a23a74ca918a	23.907	fast
c39d2c42-5db2-4aef-b4f7-b463876fe5c4	21.665	fast
04629aee-73d0-46f2-9898-db64a28dbd74	23.735	fast
b8c70250-bf5c-4865-b0ee-22243295a2f6	8.556	hac
3003103a-570a-4b0b-81cf-9407bf21a405	27.247	fast
ccb31e58-26e2-4d70-a410-0c70c126dbf9	22.413	fast
10cf59af-141f-4e31-be59-bcaab03ce61f	11.015	fast
92fb92ae-3c19-4503-9f92-e8ce73689611	8.229	hac
af3829ff-44d9-432e-bc3b-29172f1d04fd	7.249	hac
b175b9ae-ebb1-4871-8539-422814ded590	13.128	fast
94e1cc15-8178-4f86-9532-245c8c60f53d	18.529	fast
4e817b06-efdc-42bd-99b8-1c80560c8dc5	23.233	fast
3a7d394e-fedc-4c29-9a07-03481546f43b	17.885	fast
a7e8eae2-5e3c-4657-acfc-e2c7bf721d61	19.813	fast
a8029f12-12df-4b37-a153-4c983c8288ab	5.268	hac
cacdbd68-aa96-428b-82c1-3d34d84fb763	15.391	fast
7d1a0ca3-3de7-4c30-921a-cde8e204d295	10.916	fast
50021466-1ac9-4768-ba14-9f6be44c43fc	5.131	hac
d37e5fa7-1917-40f8-ad0f-8b2cc221d134	8.285	hac
a72a1c5a-8023-4a27-a19a-d60208852fb4	22.834	fast
60f6c93d-9850-4fa5-b645-cee7144b1238	12.049	fast
4402407b-af48-46f3-bec4-e31289337c85	19.309	fast
597871f1-3a05-4532-9fb1-40bcd68bc22f	21.383	fast
6121f03c-a778-4db1-9868-39600b16fed5	25.284	fast
65db2aac-0960-462b-b49c-8268659883cb	22.554	fast
6af11fb4-a095-4e02-925c-9a26b358e5a5	26.442	fast
b7f17383-581c-4c5f-9776-1dac04eee408	17.501	fast
8aa4a715-70ba-48ca-bbc5-e60cbbd5b3e6	21.620	fast
6acb07fa-9fbc-40d1-8dc5-3c4090aa8d7f	25.578	fast
a239d0b6-edd0-4211-ad1a-a961e5dd9981	27.945	fast
7a9b786f-6f6b-420e-8df3-174461ba0ce1	22.005	fast
5029e011-3f1e-476f-a72f-59a10d9283a7	13.270	fast
574036ba-f837-4aca-9500-970da8535617	23.728	fast
c927c057-e79c-4d21-8afb-b7e9f250887d	12.780	fast
9cf0dfa7-e02e-4f2b-9989-52d2217cbec6	20.232	fast
c327b37f-e80f-4ca9-ab7e-d79406db196e	23.327	fast
f2b06cc6-e3d0-478a-acad-b2189ee442a4	23.380	fast
f67892df-6a6c-402b-bd30-e745b94636d7	27.233	fast
a0be089d-034e-4c1a-97d9-fc421de4dc96	25.157	fast
c5de1687-71f7-4c62-86f0-39361a6229b3	9.469	hac
234e78a2-a710-4766-9e24-40dfb1cdcaaa	17.391	fast
5b6adaaf-bf9a-41e0-9823-83e0d8875db7	18.523	fast
a254ed31-a49b-42de-9eec-e2537793e307	23.704	fast
0d485355-1f35-4718-9afa-363eaaf4253d	20.560	fast
4eeea644-3d97-4486-924d-18826555a7d6	22.959	fast
4c481298-d1dc-4411-9c17-5b3952f58f48	7.028	hac
385d9df5-be4f-4a6c-bcb6-9049291737ec	22.999	fast
edca23a8-fd5a-4f89-aa9b-28d73b634e8c	23.010	fast
23108116-a174-460f-887f-d602d8147a37	8.982	hac
948a1c96-1b78-4caf-82be-48623773b99e	12.385	fast
8db04913-952d-429f-8792-f1935fd8c7a0	23.636	fast
2660eaf8-abf9-4851-8ad3-1b6f370aa198	25.107	fast
7266757b-66f3-4119-8a94-03d7a9eccf61	21.049	fast
1c3465bb-71b4-4b50-a33d-1443295c34ab	25.292	fast
c052c66d-9f3a-45f6-ba42-6daae0b23504	23.499	fast
0e74ce17-8813-47d5-8bb7-fc987c5320e5	8.426	hac
feb8cd4a-d006-473c-86d7-27dcd1a30aa5	25.183	fast
5057c33a-de3b-4c0b-9d38-e21cfdd503c1	17.174	fast
49ed9c44-9874-4f5e-9791-525e4dde2f64	18.621	fast
044c76dd-1955-4177-a059-e7b467f23d2f	23.798	fast
398283bb-b41a-4bee-8274-0d48ec07a806	12.121	fast
a2f00302-a4a2-4624-b860-6f65220ec4ee	25.831	fast
36f50c3f-d932-46aa-b406-41c849ee74e3	9.065	hac
03ada44d-90e3-4beb-b178-7a64bd74e89a	21.957	fast
9b4428a2-876f-4537-9a70-e5604de27684	24.417	fast
6dc0f85a-c41d-49f5-a240-ed17373bfe9f	24.943	fast
f39b14e1-1632-48e5-816c-064491a5e56b	15.399	fast
fcd5bbb4-3bd7-4627-9830-1d730527d5e9	19.162	fast
5a363108-3c4b-400c-b14e-82ff36a15eec	26.030	fast
06a3a59e-5db2-4419-bea9-84aa9b5f730e	24.980	fast
a22ff26b-cf63-4e70-b84e-90881abab4a0	23.231	fast
235fd4de-dd94-4ca7-a86a-52fd62616a0f	25.746	fast
3d95e591-6be0-4ea5-9828-dac848b98e89	18.878	fast
a1f9a957-1334-46ac-ad7f-38d78676fead	26.589	fast
d51a4ae8-f8db-4170-b1dd-2e3baba6c36c	13.301	fast
e69d2377-0f76-4615-9a5f-6011575ccb19	6.839	hac
26b4add6-0aa2-40c5-b268-08475c42b4dd	11.679	fast
9a9d918e-8b91-468f-8931-0e95b450cc06	22.387	fast
838f052b-57ab-420f-b2c6-33ff3cd36bee	25.611	fast
b6b2f9cf-0e62-4419-9c0c-a8c34fd6b111	26.471	fast
3d7d1bfd-4d21-4435-bb7c-042531258517	9.727	hac
d7ca5b32-bf5b-4014-8ef0-87582912c24c	9.489	hac
cd9146f7-0be6-474c-9aa3-2061eaa51fcb	24.311	fast
ba5b4341-8cbd-4ca3-87cc-5ac6794a8b78	13.777	fast
72bebda3-4a62-4b3d-b0f1-bde9d248ac18	8.287	hac
a11ea91b-b92d-455d-a902-3b8a42eed54e	19.515	fast
0ff49a99-d7c2-409e-a5d7-a91988fb339b	19.861	fast
2aa36500-840b-4f95-a557-9f76c0ca0212	24.492	fast
810076ab-cb0e-443c-998f-3efb1425d003	8.854	hac
b60f6d95-66ac-4047-aac1-117cf926642e	11.236	fast
b6858a83-171d-4b8d-93e8-7315eacddc1d	25.046	fast
6a61eff4-e5f2-47d0-956e-94dfc8edaab1	21.195	fast
a95e166c-bbee-4475-924d-9f580cdd9e30	26.551	fast
5429efa5-bd07-400a-bb9e-385638c82c75	21.257	fast
2f2c33c4-4ce3-4c57-9b15-989c6bbddef2	25.637	fast
11603dd4-2a9e-403d-a94b-8b8f52a785ab	26.339	fast
3f397aba-e6f4-4ff1-a48d-ecb2c3fe3e38	20.128	fast
b8559a73-4569-4d6b-bbaa-b47cd65daa37	20.426	fast
38cb1720-33ea-4e6d-8787-6af78bf8dc0e	23.879	fast
5cb08791-3190-477c-b112-10a54cc3a770	26.327	fast
d6f212e1-4f45-4f10-95a1-1e6aa94e2737	20.896	fast
4aa66f3d-edc2-4300-bcca-5ec1d5aad08e	24.046	fast
cb77be36-65f6-4c45-bbec-e6d018b89356	25.626	fast
4947cc6e-bfd7-4cca-afee-f6593ac22dbe	23.466	fast
f51948df-5845-4559-a245-1516482a836a	23.317	fast
a8a2073b-bfbc-4405-b0c3-f817017b21f8	23.603	fast
b54f0080-988d-4396-ab4d-f26dd9af6ecf	19.989	fast
87970655-d112-4ae3-b3ba-a7303e42cd3f	24.664	fast
923ce19a-e867-4af3-9d2e-67b68a0e08c2	23.518	fast
4c3af659-69d3-4443-9fd5-6f06f6c8e219	9.266	hac
761dcb76-687b-461f-bdf7-8065515da15c	21.819	fast
d2956b78-96ea-4a03-a5cc-c4b84599840c	26.930	fast
952e6271-e7b9-4403-be8a-77693dcc149f	26.633	fast
0121048b-ba4b-40bd-a030-1464469ae359	27.270	fast
fa4d670f-91df-45e7-86f3-4f3e8a2071af	19.809	fast
089e1ed7-80b4-41f4-885f-7460849e53dc	9.698	hac
76842302-0d54-4998-bf24-f83399dde1f2	6.586	hac
6b7cbe58-3847-43c4-9c21-60625e2423d6	10.446	fast
897afd0e-7e4a-4ace-80e2-f14c4aa88ccf	23.325	fast
3ecbdd33-0758-4095-8455-bd4f445e8632	28.397	fast
b8e8f7cd-9508-40ff-bd26-eeb69997f4fc	27.136	fast
5d534889-71c4-46d3-bcbe-60318126d400	20.808	fast
9fdad702-8563-49e9-8454-a34b8ad99080	25.451	fast
84a05a0a-d32f-46b1-ba23-48266b0c0b43	25.103	fast
e6281f53-f4a7-4525-a63c-c998b849a609	21.832	fast
03060251-1420-4873-b3b1-e1bf42256cb4	12.741	fast
ae3dea0d-a915-4a0a-813e-156216fc8a9b	20.736	fast
75978b37-ccf0-44f1-bec4-1109e942179d	6.615	hac
1da220c9-a259-4bcc-b2df-fd81e1b1cf12	25.739	fast
d8932ab6-7213-4785-b60e-b2960efa601a	25.104	fast
657f6e74-7f6e-46e5-aca8-40fe3b27160c	25.703	fast
054994de-b597-4491-a93c-8792b0893bdd	23.947	fast
385b9803-9d4b-4553-b1af-e5974d77848b	23.426	fast
439e1ec0-2310-4ba1-ab72-6dd151f97b8a	29.561	fast
f6aecb73-e1b5-4cb5-a294-7eb57a774139	8.351	hac
90f5efb6-5d7a-4054-b972-d6947c56db04	21.268	fast
dd190e30-e4e4-4ee1-9dd6-ff040c1a8106	21.911	fast
5adf98a0-7a50-44bc-9194-19e89d4b87fe	18.991	fast
57a120ed-a522-41b3-a369-f9005274a421	21.015	fast
11dc2a5e-fb0e-401f-aeea-5ae415193be1	24.460	fast
fe621c0f-bee5-43ae-80c5-2ca87ea88b70	25.955	fast
fc5d14f0-6373-43f9-9b81-8309c0cbef68	19.258	fast
3611a357-2580-450a-916d-893992f989ba	9.517	hac
e0f44911-b0cc-45d1-ad30-f57a13045c1a	10.299	fast
bb792f5b-df19-4201-8dbd-8061904828db	20.696	fast
8834f164-a317-410e-9ca8-528cc4525482	11.631	fast
0ce01f00-5b78-49ce-813b-a2855957bf4b	22.083	fast
6c845c23-bd30-4b84-bfcf-7246cf74b30c	24.226	fast
01d14d95-8e00-47d0-9025-f502e1418274	19.889	fast
707ae127-f835-473b-8df9-c5c2d5cf16c8	24.859	fast
f31168e6-80d0-4cc4-b1d3-5eeb011e7e6c	8.040	hac
0b622d82-dafc-4443-852f-de303de5bbb9	25.552	fast
0ef79a98-6e81-4f06-ad4c-f61578c055b7	24.331	fast
a5ed2397-4835-4ec2-8e80-de6accfc6567	12.395	fast
6cb58c43-89c4-4470-a273-2a506702160e	20.108	fast
3cea0826-7bea-46a9-a9a7-65d9d896189f	24.133	fast
7f3f5d7c-200c-4a9a-a345-a56894b7998d	19.950	fast
b06b79d9-2859-4053-9423-45b1493b9570	25.911	fast
264e1509-28d8-4252-8bf9-2a373ef57f25	6.767	hac
e40c74ce-2679-47f1-aef4-1c7a0a543473	25.827	fast
4bcaeca5-a22b-469d-8843-d29b0852bf07	7.942	hac
fe21faf7-8814-4521-8eba-fc95483e6010	11.701	fast
0c220633-1174-4f19-b728-cb89cd3eae22	7.564	hac
265452e7-1c4f-4a83-9b0c-e644ffbfef3e	17.855	fast
12564892-8054-4468-a82f-5577c8b61191	26.360	fast
753e9537-e3f3-49c2-a8d7-2d47aa635a74	24.482	fast
9bcccc5b-897e-4420-8a31-629713799227	24.893	fast
51872fea-3953-4790-81b0-602cdd7de3cb	26.572	fast
61e0d5b5-2fdc-4182-8aec-52fe7f5b786b	22.028	fast
69cca262-58f2-4dd7-9379-c2e33793a573	25.118	fast
2cf5d83e-1f33-45b9-965c-268ce611eccf	19.398	fast
9a6864a4-2609-4894-b952-dafb2ea7645d	22.908	fast
4020b7f2-720e-43b6-bfb3-35cf7757f241	23.688	fast
bd98615e-b7d9-4d48-94d9-585c80037ebb	24.676	fast
a539d4ec-678d-4023-a081-0da5a62b8750	22.144	fast
5db55f5e-e403-4dd0-9db9-a0c30430ad2f	26.810	fast
dba606c7-6a6a-4ad0-a0e1-58a2492f8dae	26.893	fast
a9c3abd9-5e76-48f4-92cb-098f3b397bad	25.997	fast
bbaeb03b-2726-46e4-b9d0-f31a1e4f1dbd	15.033	fast
3613c045-52fa-4354-8675-4110e692f64e	26.061	fast
d485dc3d-ea02-4698-be06-f4ad16f9fdac	10.008	fast
ae6845fb-cdb2-48ee-a4b0-e71fc143ab6e	8.036	hac
a6fb016d-bae3-47a6-9b8e-d10cb5ddcaf4	28.719	fast
d4da681c-3b66-4b8b-b270-0b35f2c56843	25.518	fast
03675d65-f65e-450c-8dd9-1fe66efc41a1	10.228	fast
b503de15-187c-47b2-b815-c508a22589f5	20.677	fast
85e4ee59-7de4-434d-bc16-182a4c164c5a	25.154	fast
0bc81257-9321-45da-957c-5744d8a99684	7.970	hac
7732e4f7-11f6-4f15-b792-60408f6f5331	10.267	fast
52fbb54b-6939-4b3a-937d-8b3726262057	25.639	fast
d5ed9e70-a2dd-4f50-8577-f17e93608249	9.929	hac
5b718a2b-b7b6-4ed2-af77-2093ec6cdd1b	16.455	fast
396a333e-7356-4b8e-9553-d511eb4d7a02	9.840	hac
1ff26b0b-3fc2-4179-9d07-e380234cb96e	21.195	fast
046c5eff-5c0c-4278-b6ae-d41eafe3fd76	8.451	hac
f3110c29-5d77-4cbe-bc83-6101349711ab	14.563	fast
6dc8bb91-483f-4bf4-99c2-33dd74e626fc	23.135	fast
38bdb1a3-9506-4233-bf85-5670bcd67672	27.404	fast
deb8b095-8e1c-4091-ad0c-82e62e8ad9ec	22.174	fast
229c273f-978b-4d57-9190-fb9f88f25493	23.955	fast
be340e3b-aa4e-412c-bcba-8bfde0c67c75	26.674	fast
cf033213-a05d-4ea2-833f-2be7b9d9f78d	11.521	fast
98b74838-77fb-4887-9c43-e904afdaac6d	8.716	hac
7e4ed096-e856-4ff1-be28-046089681427	23.651	fast
cd2ee978-385f-4573-af08-1b9eeb774306	23.521	fast
1c48c982-76fb-40e3-8913-86f023544ad5	25.421	fast
2d0d7eed-6887-42e2-aef0-999918aa2b62	24.628	fast
8c3b59a2-37e7-4a33-a484-0bdd18408725	26.106	fast
4de0d397-b0d0-4fac-adc2-d66bb39216bb	9.013	hac
d7d4657a-fb94-4504-be0c-c54bc055f444	14.800	fast
849a5f4a-d87b-43bd-b7b3-2e8885ed282f	11.779	fast
d6196498-4471-42a3-b3ce-cd71af5ff158	21.761	fast
2c0b3f18-70fa-4ff5-b978-15cd29a84ab3	27.749	fast
37f7c982-35c5-4c56-ab33-276722e00240	22.806	fast
7791f5a8-1e32-4a27-b623-0ba1f02a4139	25.160	fast
316d648e-aaff-4589-bbcd-c466915538b4	24.035	fast
cdc5892c-c836-4836-a404-c450464a21b3	23.063	fast
3ae370ee-0bf4-447b-81a1-4a2f4fb3ca5c	20.981	fast
871ff7a5-7906-4a37-897c-df1f8dd258e4	8.221	hac
df797da2-6672-4d2b-8bd0-401cfed5d13c	7.833	hac
3df9575e-2a42-401d-b458-268d3584d4ae	23.107	fast
a2adaacf-0a34-4ed9-ade4-e22ad2003327	6.667	hac
f4a87165-90b2-4bc7-8faf-337bd7c627eb	20.366	fast
07869ac3-f410-468d-807d-62c67ea76df0	26.332	fast
e9ddac93-f33e-49d3-97b3-f31df82f071c	10.839	fast
9aebb15f-67ca-400a-a9b0-41837d3ef854	23.365	fast
c820dad1-379b-49ca-ab7f-5e6cc1dd9a55	24.774	fast
087befb8-8af1-4fb0-8085-e834c68cd00f	8.211	hac
8678bfce-8d70-4067-ad1d-61594cdf6f3d	17.655	fast
47239424-9b8c-4fe0-939f-5d22ea9a0625	21.631	fast
d3d225c6-65ff-4a01-91bb-d775a63a7a81	25.567	fast
e4a1ebc2-d8de-4e98-8df2-c9740f6696ec	8.228	hac
e38a787b-29ca-4a1b-9516-11c230d15102	24.267	fast
c3cb4ece-f390-4f3e-91ff-09431f615e4d	21.121	fast
355b3a5b-ed07-4683-b895-0e724615529c	20.839	fast
34aff14f-802f-40e1-a046-89d2b04e9704	16.028	fast
f73e9065-2b76-40db-bb1a-8fbf12baa65c	20.598	fast
61f50482-6613-44a8-82a9-59e31626ce49	25.587	fast
738f7d5d-7760-47d7-9599-da6db165c29b	25.560	fast
0860b981-0e95-4247-803f-fb89c2e76cec	25.947	fast
f246ec5c-f4f1-4d49-8a30-bcf4c65df3e7	21.504	fast
5e725686-b639-4063-8aa8-338b36a518e2	23.720	fast
e1cfd9c0-7459-4083-94d1-00d5724cf681	13.337	fast
761a37e1-f6bb-48b7-8a57-847134c22b3d	24.666	fast
f7634c8b-2413-45ed-a27b-e34a8fac8941	7.911	hac
dc412b6f-dcee-4289-b6cf-293c8c1b14eb	21.917	fast
2a56b995-ed1a-48c9-84b6-a5206dedb7d2	20.660	fast
b24d7cd0-4be8-4fa7-850e-8fc79a862d39	21.483	fast
3f82e8bc-2207-4875-8ee1-cbc6785f7590	22.953	fast
70cbee15-a33a-4082-ad4a-07a051adae54	28.183	fast
4081f663-3382-4286-850e-a93735a59c4e	20.364	fast
87e64712-09f6-426f-919f-e29d9f98f186	21.758	fast
2ddd3b43-c18d-43d8-96bc-68f60f96b419	9.082	hac
5fade1b0-caf6-416e-925e-35f2a1a6009e	17.962	fast
de0fda15-f8c3-45c1-b462-0894e70d2047	8.863	hac
463c8983-2070-4a4a-9dd2-0f6ceb28043a	8.781	hac
b2644474-0e3e-4142-9a37-db7f0f33f6e5	10.520	fast
c05573d3-da60-41cc-b13a-abf6a805616b	21.571	fast
db916cd2-dd32-49d2-9014-53921a6b67e9	19.585	fast
1f8058bf-13f2-4272-ad60-bfd19b81b7d7	25.962	fast
d2e8222f-00cf-416d-8880-07a91b224924	27.324	fast
7c63071c-5ccd-43a0-992e-c2745eff2888	17.479	fast
44ee513f-0ba7-4580-aa82-29b64e29e9b6	9.298	hac
90245ab0-3b11-4830-8740-a1a47db05660	11.156	fast
09d0472e-368f-4da6-9751-fa05c58e7f8d	18.001	fast
2a857887-c965-45a1-b711-f5041b7fc336	23.333	fast
d2229d4f-d259-4565-bf57-0d6f63f2fa97	20.026	fast
2e5fa572-b94f-426c-90c3-103192b62c6b	20.867	fast
30578aae-6b9f-47a0-8b65-1aede43a8c91	23.895	fast
cc2107b1-65b3-48ee-84cd-5ae1853ec582	13.369	fast
db96d8c6-9fcb-4f38-aa3a-108e28ac6d3e	6.229	hac
e55d3af9-4d87-483d-abf1-0e15dadb7b4b	15.368	fast
4a793c0e-485a-4354-9c10-91d597b7725a	24.425	fast
8e72a0c2-5142-403a-8f93-44354ffcc7e5	21.259	fast
55e23bff-9b1f-4641-8f52-eb6328135bdb	25.914	fast
d3b41b9e-b029-429b-9765-a98ce7054ae9	17.235	fast
11f29a03-a933-4094-a0c9-5a0a1a67d599	22.293	fast
b16b69cd-2d69-442e-bfde-3a366ca73b81	24.190	fast
d3403794-0e05-4d95-a9ce-55c37577209b	13.075	fast
920a401c-1647-4cba-a6af-f0f0c7cf8ba9	23.907	fast
1249eaf0-c5ea-41fb-8e19-3a9c757f21d1	22.309	fast
0207e7bc-177c-450c-9f91-41f6cfe16235	3.776	hac
643237e3-1674-4061-815d-11cc332f52fa	10.472	fast
08f8b3a6-a5d0-4115-be05-5bdfe98ae27b	7.620	hac
bd9c766c-f3f0-4f7d-870c-63a4d0dfb45e	9.932	hac
7df669f8-530f-4b43-9ceb-fa30b3348747	14.961	fast
ce53891a-2282-4cda-b028-8b215c71d257	23.316	fast
1f493579-87d5-45ab-ad9b-01595a1e7f20	21.990	fast
3d610384-6563-42e3-aad9-ea80ec0d7a6b	17.128	fast
786d8a8a-631b-485b-afce-64b079be2155	19.054	fast
fb7b2611-00e1-4d7e-bba8-c520848adf5b	17.019	fast
edd7293c-f59b-4c66-9cfb-5b9cb8f5eb5a	8.957	hac
3fcd2a09-6837-4ee1-9d0c-57d7caef964f	7.036	hac
638bb6c9-ee29-4b53-8feb-2bc0b703ad76	24.131	fast
77912cc0-d7bd-41c6-851f-e86c3f8ac737	7.223	hac
a577913f-6426-46b7-9e82-6052820eb895	20.575	fast
45fc49cb-4b38-49ce-9a91-8b5dd4f251eb	27.888	fast
54950956-9c5b-41f7-bb5d-55355c2eb1b8	22.101	fast
bbd8127d-f61b-4265-921d-b6f4d906120a	23.508	fast
9f345792-4ca2-42e1-965d-5cf034743c2d	8.814	hac
7781e5c3-6092-4d9a-b2bb-03b7f7018c8f	23.022	fast
c2aa76d7-4cf1-4b35-a61c-39b1cee6b112	23.194	fast
66453e04-0710-47e4-b35a-186470796e45	22.442	fast
360919b8-9089-4ddc-a706-c71325df5efa	22.157	fast
eace1233-f7f5-483b-baea-87f3190f0df8	8.467	hac
a44b8dc3-a39a-44f8-91a2-add51a14b382	21.313	fast
ec75ce1c-6aa9-459c-9a78-0d9934dbf059	24.739	fast
4813f2c0-f1d5-4ce9-ae9f-284fc2e18b22	23.154	fast
a97e7379-3708-43ff-baef-375579d9cfe5	19.672	fast
fdcbe4c2-368a-43d8-9074-496af7c645d8	9.559	hac
1f2135c1-76ce-4c39-bd1a-54100c7f084e	19.422	fast
f54387f1-ee04-4714-82af-f3a1f328974a	27.275	fast
779491dc-919d-47eb-b325-351471cc7b50	26.460	fast
641264b0-0927-4624-b94d-4a36f3660184	27.481	fast
4e52614e-485f-46a6-9f62-cae070f040c2	11.564	fast
1a47bc72-61be-4e5b-a82d-5368556f3300	21.083	fast
d7a32316-c7c8-4c54-bebd-58849f4b7ee2	8.248	hac
5b240783-9ad0-4675-bcaf-756970d829bf	22.640	fast
be72eb52-2251-4578-b522-515506ca8cfa	21.836	fast
98864be2-95d9-45a8-ab56-fa6460c6655d	25.835	fast
2719e782-9552-43d8-8ca1-955799ef1cdf	8.949	hac
d06da231-166d-41bc-aea2-df7b25dbdd64	24.268	fast
a0655c47-cef4-448a-accb-a2c564f67c5f	19.772	fast
24caad86-ed54-4bca-be56-a07924b23a05	23.571	fast
b4e31537-2c74-44c4-abae-f35618b2b99b	19.024	fast
f13ea804-9d8f-4bc6-bca6-f9858a2940d2	8.407	hac
ca617cdd-865a-4e50-a373-ba34b8a95fce	21.172	fast
083bb556-e817-42c2-bfbd-4cd7fd704d58	8.580	hac
d1c58d01-3ee9-426a-af5e-ffbd953fbb14	25.998	fast
cb075f89-3528-432b-bea0-b25fdb8c4975	15.788	fast
c4c07c48-a8d3-4eef-b152-c864135a1333	7.351	hac
2149be89-b935-49e8-8771-698ded0c4e4b	26.725	fast
f5bfe931-c292-4532-8c39-65d096f34abb	20.778	fast
14716812-df20-4d1d-b3be-985ef8e765cd	23.437	fast
3d75e914-28f9-4eef-a82c-1813625b32bb	11.396	fast
a1edafd0-7a9e-41c8-b49d-8e1030b88f79	27.223	fast
392f11b8-b66a-45e4-81e8-83e8bece3524	7.082	hac
8aeb419c-3f38-4801-9c30-090af6aef003	17.790	fast
ac8db397-dc5a-4509-bd0c-1c3ad86d9ef5	20.192	fast
e3d61040-9373-4ae7-aa2c-ad198624b87c	5.958	hac
b019c817-562c-4af3-97ec-e9d03bb64a30	27.058	fast
139b4745-de3a-44c0-9e37-847df4623723	22.992	fast
4ad27c7d-9a8d-4b01-ab1e-8f2859889f91	18.865	fast
eb5cf0df-b8ab-4ca7-a42d-833fef2699c1	25.577	fast
64232b3e-ac17-4e64-8415-987e7b8acd51	7.898	hac
21cb9f5f-6956-4697-84eb-701ce2154550	9.051	hac
4e9c0f51-f62e-47b9-b872-b33d67e09a35	25.332	fast
b6d52072-4b54-4845-8e8f-1768ed89ab3e	16.333	fast
a9488927-5cb0-4891-9463-0264f2e40594	22.820	fast
c468746c-e289-49b2-810d-a87a41cb7189	19.261	fast
5c4bd6cd-7d65-4ac1-86a7-2c0fe3ba4cd5	24.092	fast
25b8ceec-94d0-48dd-939a-df1d351392bd	21.281	fast
d7e6c2e1-8ca6-4b16-bc20-2e07fb3ca84a	23.062	fast
c53eeb2f-8c2c-43b9-a6de-9426db2094da	23.017	fast
df580793-4aab-42cf-affa-35753a90e419	8.067	hac
7e6de7e1-3e2e-4c99-bb01-51a4555da592	25.703	fast
ca185777-4df4-4083-81e1-9895f9bb6ab9	26.969	fast
884ec22e-fa27-4b41-a05b-9dcfe27468c8	25.672	fast
817389ad-b381-4203-be73-9ad2a9317593	19.189	fast
8ae7a24c-36f9-440a-bf0f-7c7801555f8e	15.825	fast
8b306269-4679-498f-a9dd-e671e1197613	26.391	fast
a5872c03-4db4-4ae6-a3dc-78bdda8ca038	5.125	hac
600a97ac-a38e-4542-8fcc-47b5e50507c5	23.305	fast
169de352-4fe5-4ba3-8781-dab8f9cb1693	17.381	fast
24d280d7-207d-4d5f-8abd-7e4127794668	8.695	hac
27f7cc3b-70af-4486-888e-8247275628da	19.390	fast
4d4036f4-2527-4996-b5b4-eef47c8cdb9a	8.130	hac
16654f37-0341-4408-b664-44d8d41ab140	26.507	fast
4b3baa5d-f224-45ed-9313-8becc30d3ff0	23.785	fast
7082e852-69f6-4c4c-943e-89085adab4f4	23.726	fast
f09dbfdd-04b4-4397-9bfe-05c02fb50200	17.286	fast
87a03c2e-fc02-46d0-91c1-1db993395c0e	23.807	fast
2fe3afc9-92f4-4552-8e6a-67ae2b1828c9	27.098	fast
38a46f6a-6ac5-4b80-9aee-78ef8a6c476c	25.984	fast
4e53af2e-3bd0-4ae0-90d5-8713f04758f6	21.712	fast
2e136639-a5f9-4625-a280-d9f5705e0915	19.819	fast
ec68ba6a-fe99-42d3-95b9-87a47b769135	23.347	fast
155c0ed3-8674-4019-8410-b6c8c0851b0e	28.861	fast
913971aa-18d6-4858-9505-d682940924bb	21.486	fast
39154f7f-6ac7-4b39-bc3c-795fda60d62f	9.064	hac
bcee494b-8a63-42ed-ab32-e1cf6f3e6fd0	28.151	fast
d8c00732-3ac6-4dba-ba64-b7e4a28c3019	25.345	fast
7e8fc0e6-4e1d-429e-aa20-d5abd274e83c	24.534	fast
c37fad9c-3f56-49be-9fa0-87195300a79f	22.474	fast
0776a652-071a-4202-86b7-032a2558965e	24.018	fast
f0519d68-c9bf-431a-8a51-c425dd3227f6	8.870	hac
8e2db6fe-1c6d-4099-9716-eaa2f5a25913	25.974	fast
c91b686a-485c-4cf9-9446-2bc12b1f186c	23.760	fast
2fb23e38-052e-4198-8664-12fa27c27910	20.622	fast
fdf5fc6d-1330-465e-ba2c-d18f7e160768	21.837	fast
6446f0a2-215c-4d30-8606-6ba428e5e707	13.627	fast
8f7de391-40e3-4a56-9e7d-d9e4aa99bfc4	8.987	hac
8b22e201-8a73-4a79-967d-4bfd8e26806b	24.248	fast
bd059ced-067c-434e-874f-379bf2b5a437	22.188	fast
4ae1c73e-4067-4e80-b768-6b42788bd2e4	23.431	fast
2db307ae-3ad0-4aa4-9b0a-650dcf852bbe	25.304	fast
f36aad8b-a4d9-4f43-acef-b2c26a62e8ca	24.614	fast
a604d148-30ff-4739-b66c-76ae55ed7e2d	16.485	fast
8e950eb7-0aeb-4c71-beed-1dc9a62e7149	23.696	fast
76aa4ac3-f336-44c1-a240-ebe9fed57e97	21.316	fast
2864216c-043c-4aaa-bdf9-76cc70c2e6b0	24.512	fast
bc7e7263-e6d3-4deb-a2ad-38ed55e7aa29	26.524	fast
d12ab16c-60aa-4cd7-892d-b1728d8ea7c3	24.201	fast
0346ef80-479c-4120-8d21-7c5df968c25f	21.738	fast
43c2437f-658c-4777-9a86-1f8e8004a23d	23.878	fast
dcfcc539-1672-4c9e-ad52-d27b4acb325e	25.004	fast
48b73ee8-3788-4062-acfd-7783d7804f26	24.267	fast
07f088fd-0bbb-4c3d-9906-fe79dc921b0d	9.914	hac
31eee0e6-1365-4bdb-9e91-328a27bc06ba	4.434	hac
febb7774-9dc4-436d-8371-398d7c6832d7	25.141	fast
ed4733cd-53a4-4c33-b030-8dca72200caa	4.192	hac
d9627fa4-c3d8-4635-ad58-eb09e2ce5800	7.984	hac
27e41e3d-97c4-4863-9339-131167d6ae33	22.210	fast
9fbe212f-5398-41e1-9deb-f5ad3c530a6f	19.622	fast
932830d4-527b-4523-9aa5-1abb51d63679	23.979	fast
36915f96-d843-46ee-a50f-765da4e52212	18.300	fast
782457c8-5c27-40f8-9eeb-4f9751a0bc05	25.260	fast
9d15b54a-8931-4599-80e3-66b6f923ed95	27.309	fast
22f10eec-0075-46b2-95fd-c42b597b145e	8.944	hac
dcd95660-bd06-45b0-946d-805bf835d0a2	20.485	fast
ebc846fa-e5aa-46c4-bf87-52ce7f00a331	25.422	fast
2979a86a-009b-41dd-bb40-6d22f9fc103f	27.420	fast
f61f5b7d-6f72-4d8f-a2fb-23f23969a2e8	24.637	fast
83d7502f-d435-40aa-998d-e261f647a61c	25.517	fast
23bfd0db-24c4-4e31-a9e7-12b5d791d564	25.000	fast
46e9ebcb-7971-49d7-ac86-fee255f4ae7a	23.959	fast
3ce0f41d-367b-479b-a466-43fa0e40e532	22.321	fast
333e2cb8-9d9d-4634-8cf9-ce1b02288b1c	10.573	fast
50505a33-85db-44cc-bc30-e3ed12abaf86	21.051	fast
06be4b72-e21c-4db9-b040-c5905b1f4349	8.233	hac
d7018627-12eb-43fc-a0c0-98135a80f7ee	23.501	fast
5d6b6dae-4a1a-4183-be57-0c1745c55923	22.304	fast
0e750354-d604-4be0-8416-c223480ebdf7	23.437	fast
dca4ccd7-7caa-4d9d-be02-f51e0c44be30	24.928	fast
8e4c0762-c68e-4dee-8486-9599ba9f9456	25.956	fast
da591e11-940e-4175-94ec-7e326ecf8d31	8.847	hac
cc973992-c1b0-445b-b73d-969b50222e4e	13.783	fast
36570eb4-3d62-4f85-ad7c-9dfcce3472c7	9.088	hac
6f850149-a0df-43f0-9795-9f8311d0748c	24.725	fast
26fceb8d-918f-4efc-93af-687cd12b6cfb	23.592	fast
b1c56567-3a3a-4795-a3bc-7f469ba840f7	26.165	fast
4df14690-8fb5-4b83-8f92-2189411484cc	9.886	hac
ff2ba4f9-944b-485a-8f90-50967ce3c95a	27.009	fast
6110f3ea-a30d-4ab3-828d-abc297c3e0b0	17.185	fast
93ef543d-71be-4536-8b86-01c253c4df67	11.495	fast
29ac7275-8a5a-44ba-9d52-2803699137d7	20.987	fast
5c08be93-b63f-4ee0-ae99-8ffaf71cbf6f	9.193	hac
9ffbe07b-a780-4d9e-a727-b339576d95d1	23.149	fast
1cc1c29e-bc0e-40dc-a94a-d19800562de5	22.645	fast
07a48403-ab9b-4c4f-8670-e49dccdd167f	15.453	fast
1045cdbc-3652-4f19-b81a-abfe75d95b0c	24.294	fast
fcea3958-6008-4ae3-8318-a3917c3da5ba	23.153	fast
8c66e946-31bd-4fa8-9c4d-a8fd86070c8b	22.080	fast
f1c5f169-41e8-4048-b065-9638ec3327d8	27.716	fast
fc338d47-6d9b-4088-a0fe-9f1dcb044ec0	18.589	fast
bb0be9b6-a893-4133-bd6d-ef85e9ddd5c6	6.961	hac
bc46090f-cded-4028-a789-61301c6238a3	23.783	fast
5d96b18b-d084-4974-a520-cb0dcfc48d42	26.453	fast
8ada8874-7aef-4bbe-95ad-758c0b5e90d0	20.139	fast
4429ae07-ee3b-4f6c-a5d6-512321b537a2	22.859	fast
6020b0f9-c53b-4baa-aff9-a207e844d388	15.792	fast
ddc8d8b6-69ed-4e78-ae0f-6f42347f7a45	8.393	hac
2d3ff213-b8b5-48be-8ba2-d9b23c44d6a3	9.351	hac
8afb64f3-d05c-4e77-acff-eb660ce8a55e	8.413	hac
71286a8a-fa7f-4be5-9cab-45f0327cf726	15.417	fast
92af483e-8e52-4fc2-a7fa-fae143d1d0d9	20.243	fast
6fa87f70-d56f-42f8-a5cc-d97780f476ce	16.152	fast
a7bcf023-e1b1-4251-a8c9-af72e3908a39	21.661	fast
d34c69e1-1df0-422a-9ba8-e7ce97d42fbb	24.997	fast
afb35a44-96f0-4e41-a327-2bbcc4f2f036	25.083	fast
f6f51732-8937-462c-a913-19bc51b74085	27.282	fast
b6b55b13-2850-4387-88d0-1cfbaabe8eed	23.004	fast
9b114456-fed6-4f57-8e27-32fb73abba5d	17.014	fast
46da5efa-e6d8-4c57-af58-5ba9dbbebc74	24.143	fast
4a32e611-afa9-4999-8e4d-0870773f1aaa	24.668	fast
f47f3039-5499-41a5-a101-602a3536ee80	8.678	hac
e8786346-d4c2-4012-b7a1-a01b2b68fa25	22.853	fast
e7b64098-7f45-49bd-a29c-34ff48f2420f	9.428	hac
ebd3b9ee-ca3d-4e00-9671-0b227caf8344	25.647	fast
3e737e5a-57e7-4593-aac9-65b54b334764	8.796	hac
03d846f0-5486-4f8e-92c9-89aaf90eb6b9	25.654	fast
9556dedc-bc2c-4d37-9204-49acb2e22f0a	26.955	fast
223ad30e-e10c-41b5-af98-462ac5ed749e	8.808	hac
7e3fd413-c8de-42d8-b1cc-005b9f6dacad	26.303	fast
9485c26e-d766-408e-87d8-e3bbb2af0c0c	25.474	fast
f64761b6-8dee-4bc6-bccb-8b54e37aecad	21.893	fast
920e5e67-776c-49e1-95d7-06c65bf56b6d	24.000	fast
b3d9212b-1a96-4239-a6c4-afd41a2e85fb	24.962	fast
70bc1bc3-261b-4058-acee-522d49ac31bc	27.224	fast
a03bd275-970a-4e5b-8a1d-f5f533d45f0b	24.811	fast
e34b8b28-c3ea-41a9-864c-fa2373bc963b	24.480	fast
fdd563aa-3ed8-4b99-ab24-13bb2cbe7188	23.615	fast
b550fc5d-32e5-4e9d-83b7-4e17f706085a	22.676	fast
ca923148-f1ae-4ea5-af86-235950491bb9	25.178	fast
9e6a0f4c-3f1f-45d6-97cc-5fd6b091786f	23.364	fast
68f1a621-9743-48dd-a2a6-afd971898735	8.576	hac
4ff2991c-be85-4659-a27c-846f4aaccb03	22.243	fast
31e42236-2355-46aa-8e49-5342ebdfddb5	25.223	fast
a18da9eb-866b-416c-a4ac-1aa9ffa1f883	9.860	hac
b4694dc3-6486-4fd0-b408-cc45fe5c77e7	9.495	hac
a1bb2243-445a-4cdc-82e8-3db879441f77	24.332	fast
13f1760b-d2a2-4f90-a241-3ad69bab942d	22.603	fast
f595ffc7-3469-4135-ba6e-7f0756c973fb	26.361	fast
69e70ff3-b285-45d5-9f34-866009c3e3a4	15.469	fast
c228cb4f-bdce-47d7-8f50-5e632b797d31	26.321	fast
5036e8a7-c503-4cdd-8df7-7ff276569e65	8.816	hac
985dac64-1fae-40a9-87b5-556c7dc8cbac	18.659	fast
e95c0d68-3371-4d84-9979-90375020799d	7.561	hac
fcb193d3-0cfb-4414-b635-e399f4938557	20.510	fast
3b4c6098-9c81-4b34-a7b2-375d993550da	21.855	fast
1aa89979-1ea2-45c3-8e7f-7f3d8d270c71	7.418	hac
cff7a3c7-db1a-4414-8d2f-720be7fd6a6a	8.544	hac
a16ad038-85f8-4215-b68b-a2c1403a51a8	15.378	fast
9017120a-9fdf-401e-94a4-1acc16ae7fe7	18.154	fast
e63bc55b-6252-4adf-94f9-e79cfa97a6e4	5.507	hac
81b213d1-b9de-4240-a440-ad97173d7d66	26.179	fast
73059a58-c86f-4f53-bbe6-5e9ca9a71b48	27.403	fast
e331f827-f3dd-4342-b7cc-5354da232354	22.872	fast
acf7a4e9-eadf-4dd5-ba51-ca0bc1cb3ac9	20.659	fast
bfa68c08-88f3-4e6d-92f9-6fedf5546c49	13.884	fast
dbe2767d-257a-4aa5-8227-1efa6d8fa740	7.602	hac
e21e7ee2-7475-482a-8213-535002e55571	10.340	fast
0c58eff0-b892-4360-90b6-f274fd1e9702	13.991	fast
d61b92be-b47b-49d2-b6be-9a538952d1ee	18.006	fast
35b8c66c-dd74-4600-83d0-5aba53a8a465	26.514	fast
ab5ef836-8b3d-4842-92f9-40218db7e311	23.765	fast
f431fdc6-7227-48d4-a7af-7559626fa762	8.638	hac
71f7c3db-ab4c-457e-ac75-b4471cec66ea	25.984	fast
5cace8c8-d2d1-4452-b9fc-2d1852fc3a1b	21.946	fast
4b986130-deaf-4f56-89e9-5de282332bd7	23.973	fast
b2cd1d6b-74a5-469e-9adf-d7a503004a6a	11.488	fast
dcc3d0e0-4f2b-407b-a5ec-b6c6e5bc7e03	26.367	fast
b507e089-ef29-4cb5-8fd1-b7a5b7c60230	18.827	fast
6ebc8fa6-b2cb-4bd9-af2b-c5d8dcf7b1f9	6.236	hac
5530e462-0948-405b-abdc-dbfefe7fc273	23.446	fast
3881b0ec-3d1d-43c0-a224-f33ea9d4a807	12.207	fast
04389038-7a4e-444a-ab35-6065992703b1	23.378	fast
4b6fb50f-d777-4ba0-8afd-5ceb71a67638	23.171	fast
fce55242-879c-48a5-9e63-e188911ef618	20.454	fast
916fea3e-6543-4759-976f-69c936c5b714	26.230	fast
d7b7f744-50cd-4f58-a3ce-8abf096b39c2	7.346	hac
7b13910c-7e4e-4148-839e-cbb386f79990	21.270	fast
42485966-cb7c-49db-bd49-48a1e7df4193	26.996	fast
2e5070a1-5e75-4d37-bd3e-b07c6108db41	20.791	fast
853b3207-a5a2-4a5b-bf14-845eba5917ba	9.338	hac
87be16c5-203a-41fd-9837-ff71991ea9bd	15.748	fast
2795d061-3e0a-483b-ad2e-dcf9af11094b	24.586	fast
da6cc5d1-b41f-4e38-8e14-4876b6a24a07	26.269	fast
9e11c4ce-de21-4ce0-bf86-16b1d8274902	22.197	fast
be186366-65ce-4b77-a101-7c4a570c3c09	8.274	hac
d091a0fc-5c43-43aa-849d-fdbd002d982d	21.008	fast
0fed9de3-db5b-44ee-b5cc-2294062cec39	17.870	fast
c880ab52-b589-4919-a80d-d439b6110484	18.407	fast
b23cc907-201c-4fc9-99e4-01a9d8f16355	23.742	fast
57a7609d-f3ac-48cc-98d5-9b7c51bbac5b	22.139	fast
a9dd9cd5-fb95-4024-b027-cfcfc2d6b8ed	17.643	fast
9c0825e9-b3cd-499a-86f7-12eebfee4949	20.751	fast
b8b5aaad-300e-43ff-ac52-07aea10f3bc4	7.499	hac
afa6df88-0ec6-47fc-b399-d5c5e6853fed	31.128	fast
07faa0cc-3a7a-4ee6-9b41-10395134bf5d	22.202	fast
2317ff93-ae3d-4b80-94e5-126a848aef7b	10.211	fast
93c2c8ea-c514-4c57-8f61-72ae3c6c189b	15.854	fast
54e8ccf3-fa5a-4423-8acf-0311fdc3d551	22.192	fast
0e67283b-773e-4ffc-82dd-7561cca3e74c	19.833	fast
5c139b7c-15b6-4a70-b87c-f17b205881d6	25.765	fast
56a4904a-2dc2-4ca5-9837-46c4896365db	10.313	fast
f10a8e63-deec-4765-8813-bc4dc2b1c2a4	25.291	fast
d502d847-10df-48b4-85af-b55d3a738c90	21.081	fast
b602a4c5-e3b0-45bb-b187-80fc84c13b09	23.280	fast
77e9aae0-3faf-457e-a55e-0351aab0dcb6	16.539	fast
dca8a2b3-0aae-4507-b3e2-3d5b77bd2a85	17.972	fast
0cfed5ce-59e1-4ead-8150-bbc39b8dc41b	16.804	fast
b71e5e21-26d4-4999-857b-e6963fb45d51	27.013	fast
47bc951e-aa0c-43b4-8f79-e74c6ddc94bf	21.362	fast
dd08831f-2824-4074-b24b-a6c8f40073ea	21.436	fast
5e851e17-1f90-4fc0-a971-e84b0eccf4af	27.889	fast
355055c4-811c-4d83-910a-268eff9d2b23	21.881	fast
2b03269f-6873-464b-ab46-388b2c0abb9f	18.217	fast
54d59d9e-bdbc-408c-9846-76be146e7215	11.449	fast
121245e9-a064-40ef-b914-e9550b1711e7	16.725	fast
aeeec4b5-a990-46ca-85bb-4af60ee3f649	10.181	fast
f751780b-821c-4677-a220-4fd99613b2f2	24.303	fast
5be20c72-e002-4624-9fd6-2158f1872ed8	15.833	fast
5b0c253d-1af8-4c32-83db-b8d185298cff	24.417	fast
366afee0-262d-4d91-8c5e-d8ddcaad3791	24.240	fast
6ac49168-100a-4d9a-b7ff-24c6bd9e2970	23.289	fast
6f8d354a-c85d-47c2-8294-5dfc9e9add7a	20.410	fast
56df7ffd-ead3-4c45-b522-7171524c9383	24.527	fast
44348eaa-3aaf-40d0-b6a1-61aab18c9137	8.078	hac
8dc2a423-a09d-4f4b-ba0a-9f70b7df5eaf	8.331	hac
8cb13bde-c711-4ff6-af35-14ca297d515e	19.954	fast
e74ae547-3e4d-46a3-b211-5efa2d37bbe7	25.166	fast
b04551fe-979a-4f0c-b58d-8d4478536509	11.564	fast
988c738b-8d52-4fdd-a922-f831f0f11f1b	23.968	fast
2fb77f5e-6b31-4705-8835-2487da6c1e80	22.039	fast
ccb6da92-2702-4fa4-9c12-eeece50132b5	10.113	fast
7da5dcbf-53e4-43d8-b412-3e1b0e92393a	18.692	fast
85fcdded-d3b4-4456-a7c1-acb7e8e5b294	25.125	fast
5eef2786-959a-4de1-ae9f-049fa50b972d	25.218	fast
35386d23-6c3a-411a-b3c8-e85c46c874ff	22.229	fast
d27965ae-4f53-4212-ac7e-2e1fc32c918b	18.523	fast
6b2d77be-57b5-4acb-be34-0e9e0688957a	24.854	fast
6d8f7c6e-08b7-4c8e-b6a9-e61776186113	25.613	fast
cccaade9-c6e1-4f26-93d8-a08981f9af72	25.148	fast
0f35f468-ac47-4dc7-ba99-ce5b73f04483	5.408	hac
a57605d4-5a37-4817-b0e9-8cd41871e06a	26.850	fast
dccd7de3-a44d-400e-85f9-01be95ccf658	8.074	hac
cae999bb-e8e2-4c83-aa12-f5a7681d1c5a	20.883	fast
00567f97-bd1f-47df-a0a8-3ea3b522e5de	23.663	fast
af8f9630-cbdb-4501-8615-2c43d5484dd5	19.911	fast
db807a2b-cee4-4dfd-b3a1-dc76f8acb6ed	21.674	fast
a3306b84-39d9-4ec7-8a86-4ebcee03ce82	21.731	fast
6a9f5af1-1b36-437c-8113-5474ac0b94c9	14.186	fast
240b9846-d28a-431c-aaad-cace8c15fcea	24.723	fast
514ab6e7-91dd-4326-9838-ab5bba83ff5a	27.124	fast
42a192e3-0ab6-4231-b736-57fa5c43b4c5	14.631	fast
c6e6957f-5e7f-4ddb-8c44-a63b15d164fd	20.562	fast
67cf6689-7ea4-4fef-a3d1-342309e915d1	6.514	hac
0fc3d6c6-566f-42a6-a545-6e92c47a23c6	5.824	hac
dab9bc0f-1a92-46c9-b66a-4dbcfcd22a6a	25.428	fast
27261510-b7f2-426d-b734-3d6e072d1389	23.797	fast
d48d2433-1401-47df-b2e9-476ed6975aab	27.697	fast
f9ee3dd8-6027-4f26-83ed-535a0df761e5	25.624	fast
901dba98-4cba-4154-ae50-ad5da30aada7	23.188	fast
857d3a18-7ad9-481f-9ef2-f0dd69cff9a2	24.315	fast
7c42a84c-00a6-4785-8953-bae8fb2f3e68	16.849	fast
db5d2d96-158f-4ac5-9e13-e386143361a7	26.345	fast
076b1294-a9f5-4f63-9abc-ab688bc1320c	8.076	hac
fdfe7514-d7b7-4c8a-973b-4cc2a2ee7483	17.715	fast
f9be7678-fd3c-4c16-aa67-f61beaf62dc3	23.562	fast
20eff447-de10-4654-a550-2c17139baa5e	21.170	fast
66cba0e3-866e-40d4-9237-f30c21c23a4a	19.445	fast
0b89304d-0c85-42d0-878a-1588d24962ff	7.458	hac
294a27dd-9a62-4ece-b19e-49ba8dce0ecb	19.143	fast
92f18558-d033-451d-a9b1-111c7313e244	18.894	fast
9d29b8bf-b274-48a3-a5e6-e7f7a98a8a92	4.379	hac
e8b481b1-119c-47cf-a075-2f71bcc9f7b0	21.151	fast
4b8c806e-d407-44dd-9c0f-dd7d70f0075e	12.009	fast
b5c71f55-82ad-4583-8da1-873b188d8026	28.430	fast
d2547be1-8188-447c-88b7-42dd70077a0e	22.458	fast
73dc9969-c276-4381-9706-d1af7c6a60f0	24.451	fast
9c2206a7-83e3-4e8d-996c-38bfb2fa369e	20.240	fast
a9f57645-9f35-4e65-8493-ce59384fc05e	22.179	fast
1713676f-f98e-4fee-ad81-4b35ca54cb7b	26.260	fast
16c2be10-f585-49bc-b6ef-84c2c697faca	21.279	fast
fad4fd3e-53ed-43a7-831a-93a8a96cf950	21.713	fast
a0f21e7a-bb99-475b-8a19-78ab9d71ba62	26.935	fast
a093e1f8-eccf-4be2-aafc-a63eb521a1b6	24.243	fast
7c193a9d-7d83-43b7-a1e8-16365559132c	24.882	fast
cec41f75-856c-4db6-afed-34f663f09b47	26.432	fast
eb520e17-a0f9-4961-98a1-a224e35cb1c5	27.627	fast
8c13a89c-986a-46fa-b823-fa0840ad4fa6	18.749	fast
f2683620-1995-4058-ac90-a5e65b924a7c	14.184	fast
da10d3f1-8348-4fad-8520-a83c59efb53c	21.941	fast
5f379608-85e7-4024-83f9-7215ca72816b	23.750	fast
44604d70-76ca-4ce7-a58f-ec8f3f2d0f5a	16.404	fast
d22804a0-c148-4db2-8cf6-9ca7313d3a3b	19.622	fast
23735fb8-1fdb-452b-a403-9a77b19f0fbf	23.139	fast
b4acdc0f-61a4-4750-ac85-67690298eec8	19.677	fast
30e44fdc-ee67-4f32-8920-316c199013e7	24.251	fast
05ea6945-37de-4d7a-b88c-f2ff5ec35ead	25.026	fast
60e449bd-2a0d-4ae5-8879-bbded998627a	9.996	hac
94837a7a-5915-42b9-a3c9-55bca710a83f	17.998	fast
29d75104-0888-452e-8dca-25e07fbb37fd	22.362	fast
e17abeba-680e-4e1f-b3c0-8e45ea3de082	25.762	fast
b92dd023-93e2-4686-9d14-5c47f02b39ee	7.786	hac
fa2f6516-6d70-46ce-99db-a5926bfae19c	20.189	fast
c966900f-b8d1-4152-a9cb-3081fa6e4216	7.637	hac
c7d23de5-15df-4a25-8222-df282e642ae3	24.513	fast
23db1b72-8a45-46b0-be48-0347e917782d	18.344	fast
5c6cc5c7-1af6-4535-ab46-3eb161604aa4	21.743	fast
30b246a7-5739-49cf-86d8-b083f2181e25	25.221	fast
a6478a2b-5bea-4284-8bb7-592e8452b8f2	24.941	fast
ecaf9d21-cc91-4474-9da6-61eadf04d5b7	19.458	fast
ed3253e4-f98b-4e65-9108-5cda329a4813	17.939	fast
41c873ef-94e0-4781-8526-ed43ee754997	9.414	hac
dd425e4a-a7f8-43c9-9127-b744c09880b4	6.730	hac
b2e42fee-1e89-48c2-98e1-3d7906890bb1	16.346	fast
a679a706-3420-47bc-a43a-17ddf9cec1dc	13.433	fast
310634b5-84c6-406e-86bc-14eef2343606	24.375	fast
ddd16708-a224-448b-8ddc-bac352112928	26.547	fast
d328d540-4a22-4cb1-8db7-1be780372476	26.804	fast
a6247a7b-c7ab-41fa-aecb-d6f7bd1fdbc1	23.767	fast
afc1bbbf-e2be-48e6-ad0b-5dabde9bee8a	10.079	fast
d0200a31-fd64-4d00-9f1c-08fa8894a913	17.722	fast
e51bb533-7e9a-4805-ae84-93595bcf9d86	8.849	hac
3622a5f2-c5ea-4188-ae3f-e636ec5c3f2c	20.153	fast
d9a36c79-27f8-4050-a8e1-a4f4dfa518a0	22.211	fast
0f631c7a-90bc-474b-aa5d-8ba76d1ed2ee	24.515	fast
08646c24-e578-4fa8-8989-81c4001ff530	16.092	fast
de1e6141-a436-4184-acc4-365d9814f53a	22.466	fast
56f01ced-7971-45ce-9866-bf40a0301fdd	16.239	fast
f462f96c-3e88-47e8-b6e2-248559155819	25.576	fast
db8bf158-4e11-4298-beec-a520528a875d	19.199	fast
894b8084-af3f-48b9-9950-624fb94c21b8	7.735	hac
82e8be12-6062-462e-9029-6dc8ffef3483	21.856	fast
1de44749-2438-4c43-b2c0-d04e360ef628	9.891	hac
f32b05ee-a64e-4f34-a5e5-9d8a5f927f57	25.841	fast
6bcd9ee9-e7f9-4f4e-8ce2-37e70485ba84	21.596	fast
d3aa147a-809b-4d7f-917b-48123ff75e67	19.330	fast
dd1c0ac8-d8a3-4a40-8d79-e77a6c727ab7	6.250	hac
90a60269-471c-4853-914e-06116b0c0150	27.731	fast
64bae50a-6f1f-4f0f-9a8a-fcefb125bc5f	15.540	fast
35ce0c62-349b-4809-a69a-562384c2ddfd	24.093	fast
a931ceec-26fc-46aa-91d1-592ec2ee640e	5.615	hac
5a758a17-699a-4fbc-b8d5-c400d2f36b75	20.816	fast
683cf9f6-daa1-4d33-abae-834a80574a8d	27.044	fast
bd159028-5c90-46bd-98fd-a89a8f54f86b	23.006	fast
63791bad-8a1e-477c-b414-5a7c18ea5214	23.698	fast
dc136572-016d-4536-b89f-1dd02468d7ec	18.465	fast
ce1fc02e-f68b-40fc-88e3-649ee8beaa60	17.485	fast
d1c4caa5-8f66-404c-8475-71b83c0f7380	7.410	hac
ee33e61c-050a-44b0-8622-4630008b04d5	26.086	fast
7cfb2cbf-d5f6-4f03-875e-ec3c1f106574	26.413	fast
6e6e5580-99f5-453f-a610-8ff84acc4e57	20.843	fast
5207bc68-64a2-4e10-a2f7-05c0f1a6c6b3	8.726	hac
4ab21bb9-f95e-49e1-8711-1e8f6d8df646	8.340	hac
ade8ec8a-3af9-4029-9644-4fae2b2f6e22	22.436	fast
f2497a19-f07f-41b0-968e-bdedf6dfd6ed	17.003	fast
f0735812-2e1d-46b7-a256-5d53103b262b	17.581	fast
124c78b0-d71f-4e63-83a5-872fc04f504a	24.423	fast
5e965e30-1a2f-4137-a7f8-f04e08dec3b4	25.988	fast
d20e7cf5-9037-4f61-9679-30c67fd0f528	20.091	fast
5f0b6e5e-1eaa-4c0e-ad07-c8eaa9af711f	15.243	fast
7c386760-2570-455c-bca4-af6ef9ada571	24.484	fast
c3d98910-2dbd-4258-9a31-7b86e3bec23f	26.339	fast
47803d3f-d0c2-479d-ace9-f10a3bbab253	25.597	fast
b1583834-c5ac-4e00-afd2-26a51ef8501d	8.011	hac
536902ab-9321-4471-a415-0582237bd1f5	22.922	fast
da624032-b3aa-40dc-8421-6c9cd5961fd5	15.537	fast
90a632ee-70d5-48ee-ad66-c5e5802c07c1	24.698	fast
8e32eac3-948d-4692-8136-54d1385cbab0	20.908	fast
795a49e9-9d97-46de-a20d-7f5be65154cd	24.324	fast
9200266a-f6da-4883-9ec3-33fd6fc59add	8.772	hac
887aea7a-9db9-45d0-a3de-9a8d1c6581a1	27.388	fast
d1c7fcd1-ef92-4dce-b138-5202ef24d6e8	8.414	hac
6d3695e9-8c42-41e1-add4-a77330a52484	24.363	fast
88d3c3b1-dac1-4bbd-9094-ba849fb0b108	20.125	fast
5429e44f-ce62-4bae-9bb1-4fb41386d2c5	25.890	fast
6d3ffc22-2942-4576-8022-97ad2869b942	19.065	fast
334b6aed-be0d-4649-94e5-5e7f60267e05	10.373	fast
8b681629-1771-4f55-9c44-a8907df873c1	22.100	fast
faf7e39c-8eab-433c-a72f-cc83cb585894	24.935	fast
b40cf573-61e5-44e6-bc7e-6d1e926ae9ed	25.543	fast
62f88886-db39-4046-a611-cc6a77355cbc	8.459	hac
92d950e4-8b31-4a4b-934a-726d60ac44f6	21.319	fast
8f542247-87af-4a5b-b564-18f100815afc	24.278	fast
055b1e05-1530-477b-a1aa-b26b347d962c	11.504	fast
4595ff0a-6038-4970-8b91-a9ca7f5b22ec	7.929	hac
1bcf5e77-0533-48d6-9cfb-1b082f7b3d2e	10.065	fast
57174db2-a07c-4588-b219-64f80546c613	22.565	fast
81688d84-c8fc-489c-a994-83f6b2d0b26e	7.677	hac
675e5e7a-f348-4266-9e9c-9962e1ac33f3	4.609	hac
f18d5ef8-8e78-4235-9593-4095efdcb8a0	23.175	fast
b0c1bd98-2674-4db5-90ad-9481a461331c	8.187	hac
27fa2abb-c22e-490c-804b-7751e854f660	7.481	hac
ae59d8f7-15d6-493f-aefc-913d499af829	22.924	fast
7e4d171a-7e21-41ec-903d-e09525df54d1	23.877	fast
dc216909-7e18-44b6-9b5d-6408a40449a9	24.006	fast
17dfd343-da42-43de-9e0e-17be3ecd631e	26.677	fast
2f443801-9845-4a15-b20a-0c107ccb757c	5.500	hac
bd6b62d7-36d8-4256-a539-58d537dff7ba	8.237	hac
dd020242-fb9c-42ea-ad60-f0223c4150d9	7.865	hac
53fee21b-5135-436e-92d2-ded0d0f32320	17.926	fast
752e1b54-6d5c-4e3d-ad97-c1e5b2f28076	21.588	fast
bf5e13c4-55dd-4f2c-b513-671bfd2f61b4	19.847	fast
72c2b573-6096-437f-a5e0-3050ad17abac	17.430	fast
3aeee969-2930-4316-a817-ed2d38693221	24.452	fast
b8aba276-4b23-411e-9eb3-598286cd01c5	11.181	fast
d1c28e37-8378-4035-bf06-23625f9867f1	16.024	fast
9cb327e8-ff59-4a1c-85c7-1d8332c2c549	22.725	fast
1e3e10fe-a96d-4e57-982f-9680121fd940	4.664	hac
2f8e7d5f-22c9-459e-8c21-f4735ada125e	21.433	fast
9ecd246a-ab9c-451b-b39a-9b97c047de6d	25.399	fast
7dfea5b4-00ac-4802-98b0-d68d2d08062c	22.438	fast
d64ef9c0-209b-4dee-9ef7-433f94cf968e	24.670	fast
a726ceea-cae7-48d6-977d-f4257f8bfa85	25.304	fast
75194fd3-624c-412a-98ee-1e3cfd8f1ee8	9.614	hac
71853ded-fa47-49a5-b8e6-bb7a18efe4c2	20.323	fast
92a88777-81a1-4638-8d65-4f90bcfce70e	17.237	fast
ad5bcf06-d8e4-4fdf-9c8a-52834cd4142b	21.052	fast
71bb86de-ffea-4651-9c39-1f65dc8b1f99	24.375	fast
3a9a8bd4-8b12-44bc-8ef3-cb24d19180fd	23.013	fast
697b66a0-970c-4ad5-adf3-7bbbd42d0ef8	9.488	hac
c34f49cf-13c2-4e72-90e3-2bb6b47c6901	23.540	fast
eb0099b3-621e-40ba-8d42-e221af09f6b2	24.314	fast
51c3cd48-e5ab-4c27-beb7-b77a6b66aebd	25.271	fast
23beb7c3-0511-49c7-968a-ad10bd5d76fe	8.059	hac
12737389-8c48-4969-bbf6-4e6d1fd6d2b0	27.298	fast
07009d1e-9163-4dad-b97f-b3ff3f221602	24.172	fast
fa9767e1-94e1-4a08-9b2e-8aadec47ba34	9.416	hac
ca6aad28-ede6-46ef-bbeb-1f5d6dffd6af	20.754	fast
c317e7a6-e328-49df-8324-60d762facde5	9.511	hac
9f2d3ab4-fec5-46b8-8062-53bb15301d10	24.605	fast
0a6a4ed7-db37-4e9b-a4d1-05b13658b13b	18.059	fast
57a07a36-41d0-46bb-b81f-27fea8622f32	23.200	fast
fee16831-6fcc-4e9f-8cdd-8211ffd11840	14.369	fast
86f88242-532c-4425-961f-84a4b9f9019a	23.571	fast
27ef363e-13a3-467b-a445-115ae46bac78	26.229	fast
84d31d6a-7b08-49d2-bb71-35c5e133fa6b	8.774	hac
d7e7dc61-6765-4037-915a-897d43c690ca	25.849	fast
410961f4-1a37-4681-b28a-c348d3629fa9	6.027	hac
8e0e00cc-01a0-4700-8509-862ef3cde57c	9.288	hac
16118d4a-eb7e-45c1-9f87-f92a1b7b6592	10.034	fast
f3d0b963-350c-4425-9659-a665183c1d56	22.065	fast
a05ac88d-de37-4a6b-95c4-18fe3c187309	21.450	fast
9cbf3036-65ea-4e44-b62f-7f5e95d7a655	7.262	hac
a246ec6b-cddc-4c99-b213-f8055c864b2e	8.882	hac
c63a079f-4535-45ed-a95d-f8fbb7d28924	7.960	hac
cb7a51cf-0de3-4119-99ce-97be994ce7d9	17.020	fast
0c354ef0-1ef3-4732-b916-20e5ff1e02ab	21.799	fast
01bc0741-9947-4b90-8f92-8dc9ae502c78	24.795	fast
631e149d-e54d-4ca5-806c-f3e60eb638b9	11.919	fast
af55e697-816f-46d1-a7dd-82200604b051	26.692	fast
cc3e56a5-078a-4896-a93e-88692ef5e1b1	21.754	fast
2740e337-2338-4bf6-8462-6c09c869dbda	10.581	fast
ed4af297-bc0b-4e42-97f3-0ee24dda2008	21.558	fast
8caa8a39-f5e3-4d15-9205-a02a01445b2f	9.477	hac
2eaf3ab5-5830-4e61-9717-c5c69a309cff	25.891	fast
ffd17279-877f-4cae-8e97-7724a187fe03	23.428	fast
dc6520d1-4850-4871-9f32-5ef54cd57751	20.301	fast
3b42d22a-6fb6-483b-a421-9d1a9eca357a	20.557	fast
cbdf2d1d-ff5f-4fe4-9e7f-3c3d90595fd9	6.830	hac
0ee2f79d-f928-4e5d-b6c2-2b7526424b93	8.838	hac
626a7ff4-a39f-41e8-9aca-77d81697d884	22.176	fast
00433352-6c8f-46a0-b2ec-b13f56b8caa9	20.838	fast
4c11db5c-2aae-434a-8d8e-9fffd12adc87	21.766	fast
5f81081c-280b-4588-82ac-30d53122e573	21.762	fast
4f97123b-7c95-4544-bb2e-10a295b801eb	11.718	fast
69b48b3e-b375-43e4-b8ed-a76e370d1d80	26.078	fast
9eb1f8fb-cd31-465d-9725-005b0b26ee84	15.000	fast
2a1d351e-c9f8-4ba6-bd1b-79d4477b2a51	8.434	hac
04c45e9e-1469-4112-a556-375f6fd50046	22.481	fast
bea462f1-c79b-4871-82af-fdd72fb44636	14.656	fast
81cbc9f6-9084-418d-ae2d-ca20c1957fef	15.353	fast
096b077b-3740-468c-9264-eea16877b3c7	22.300	fast
362a2be0-5718-4f6b-a123-48ff6bccff9d	19.067	fast
0a816eee-c48c-4429-876b-db581344c516	7.083	hac
da5ee871-2f21-457e-a587-1ea62d8d73ca	25.626	fast
91f54e50-2b1c-47ce-93ef-9bdbce249399	23.911	fast
03835415-b77d-490a-930b-b14b0b518cf1	24.841	fast
e694a3f5-ad82-4ab6-beaf-82f66c7904e1	20.068	fast
fae5ce07-b80c-46f5-8291-0ca2b416535b	21.404	fast
f2071cb5-cf4b-4ccd-a149-e90ead56125a	12.719	fast
b7984187-76fc-4873-b5ce-84299d919cbd	9.983	hac
75ccdcee-123e-4ae5-bdea-0f55734f5b3f	21.422	fast
23af8729-f5dc-4847-a395-cd9c9391759a	26.368	fast
180c2135-65ed-48c9-8e84-cb403193bd1d	23.253	fast
7009f6b4-7d3f-47d1-8637-518baf4c1e54	22.360	fast
3dc4b1bc-d218-45f3-b3c6-bc57746e9781	24.212	fast
9f82f14e-1b3d-44ae-b148-4add2d4fb927	4.499	hac
1078db5c-c1c7-4b36-85d3-45977f217503	23.523	fast
b3f1be96-0e7d-46eb-8cca-4c54831d560f	21.161	fast
381bdacd-d384-4240-94dc-b70f907d763b	28.886	fast
f6da8bca-9076-4819-9aaf-8211233943b6	7.132	hac
d2132569-c9d2-443c-938f-2f50bf6ed953	6.833	hac
32e9ca68-f940-4b12-b704-a8a5401da232	25.331	fast
89162516-5a8c-4e4c-b862-5e65de27c125	9.391	hac
f724a7cb-017f-4947-bc5a-c14dd2e8646c	3.154	hac
94cf3c6b-1fe2-490a-9097-c395cfb7f66f	8.614	hac
c1475cef-3dc8-4651-8e68-e1764aa4e447	23.397	fast
154c2e76-7ff3-44cd-8068-ee92a36e906c	7.291	hac
307a82e7-dbee-4b5a-836e-fdbb379211a2	8.861	hac
c95c5dc6-2fb7-4662-a27a-a43bf1a39448	29.884	fast
c1ccdcdc-1e9f-4544-9623-b96b978a6576	22.958	fast
c740ebb0-8a9a-49d4-89a1-910deb714e24	10.115	fast
493e18e4-e464-44ef-9f0b-c62bce11a516	25.724	fast
ee11c93f-f919-4af8-8ef7-bdd3c45ad04d	23.301	fast
649d1c1e-92dc-459e-9158-5c1f921b51af	24.698	fast
fa5cc3eb-bf3c-4d9a-b1fb-9191a2f19de3	25.684	fast
b8b26a9c-e2af-48b9-96d1-660b05420c54	7.398	hac
91724d6f-15af-4555-a22e-705030177a8a	26.579	fast
68d73f2f-fc18-4e5d-ab7d-c0ec46408198	25.761	fast
22a487f1-0224-4fb6-b2e4-dc64382d05d4	6.957	hac
1479be9a-0675-4358-8ac2-5273f8ad449b	9.088	hac
19d15a3f-29db-46c5-9480-da6863d96a9b	22.488	fast
b381f6a2-12d9-4e6f-81e6-a1b28ece422a	23.730	fast
a224e786-f820-4d39-b9d8-662e90b8395c	24.598	fast
ceaf9d89-a90c-464e-9c2d-4a139c2a8325	17.178	fast
0d02432c-9f2e-46ee-b385-9182f01570e7	23.446	fast
1ba411d9-aa3c-45d1-838e-317082633372	23.024	fast
e88e3225-aa49-40cc-9609-7028f3a03049	21.714	fast
84ec870d-ff17-48ad-9690-a737ba9c0817	24.706	fast
1746b693-1275-40c7-ab62-f2fdab724c8f	23.493	fast
b140082e-3172-4b03-b3eb-644d3e343651	22.270	fast
21d4085c-b317-48e9-9ee3-2273a2fa78a2	23.641	fast
2ee91a8e-c83e-4b79-9a18-f66e646f1d23	23.658	fast
f743bc63-a41a-4a9c-a1d9-a1ae52e033cd	14.785	fast
8b7c7280-2c52-43a6-a351-0803a0dd140c	20.058	fast
8eb0e447-196a-4378-b1f1-a35749b965d0	20.077	fast
63e9e824-8547-40b4-8c93-cc246f96ee90	23.292	fast
dd8efd02-02b5-49ae-be96-9415dabc9709	7.985	hac
6c7fda04-6530-45d3-a667-be15cb87bdc6	9.100	hac
7267d2dc-38ef-41ae-802a-10eda8d49c83	24.967	fast
f7fa673f-03fc-413c-862a-c74b35a60c8e	17.929	fast
e63fed26-a8c0-41ff-821f-d48e51f28a04	28.003	fast
ca701c9a-5f08-49a2-beda-bd6f4d90e24e	8.195	hac
68201826-381a-4a3e-bc8d-b4d3515e9b06	21.613	fast
83c133a7-b534-4150-bbda-770b2fce2da5	8.946	hac
0d50da0b-448d-422a-9c00-c6f5f3aa0f94	25.749	fast
d476bd78-c354-4aa8-a69c-fbff6ffa89a3	8.845	hac
cc3e868c-654d-4452-8f43-f8cb6e42ccfa	20.982	fast
a8c7b238-53bc-42d9-8324-7656c500e622	5.106	hac
6a7a3131-2e39-45a6-96b5-36e41a6658d8	22.430	fast
d4fdde3d-f67f-42be-8828-04059cb029c9	27.482	fast
43a408c7-7393-45cb-b317-e45c9f1a7619	11.061	fast
40930a1c-7dc9-4a93-96fc-513dd745eda9	24.765	fast
e6d943bb-154a-4ac4-9002-1b98484298dd	9.638	hac
c8d5a0e0-3add-4c34-90f7-36bdebf1310f	24.725	fast
467abf72-1984-4d03-8e1e-9c5fcef49769	23.313	fast
78356c24-b032-4883-a1f5-bc709a96afa0	24.432	fast
e9118de6-bc4f-4464-aa8f-95c6da9732df	18.408	fast
e6a185ee-e114-4cbf-920f-bcdf822758a1	10.187	fast
b93c77b6-8667-43be-b35e-1a7dfa0c0de1	25.854	fast
67169348-2c5e-4fa7-81a0-7db48ef1775b	22.815	fast
426672a4-b01b-4ad5-96d1-3d1b7134bb6d	21.158	fast
e1750265-bb82-41ae-9200-1d10abf95b0e	19.932	fast
e6ecd4ad-77ef-447b-844b-802a7ff54834	24.488	fast
86b33804-329d-47af-866c-d26ed95c0c4f	24.065	fast
20dfc214-61cc-4d0d-bf01-b9e7745a22f1	20.980	fast
2a9dd64d-f26b-49d5-84c5-e3512efa3f13	7.176	hac
d33fd2fd-16d4-4f8d-92a1-f679d3d04238	23.031	fast
9ae0bae4-02cd-4954-80d9-c656bfed92bf	25.760	fast
e27e13a9-f10f-4658-8c11-6fd7f25b9560	19.003	fast
970c5a63-7370-4c28-a4cf-7d3786448df5	12.556	fast
eff06962-f3d8-4b9e-9f88-33cebee89b2d	21.901	fast
6879ff56-5d33-433c-b468-93fdb9cf176e	9.247	hac
2f59b9d0-a3e3-4122-a3ae-f2cac828191f	8.431	hac
c3098fd9-54a9-4634-a290-e93650ad6deb	34.509	fast
eb6f18d3-e253-4ffd-ab8e-da23bc54ff04	25.620	fast
fc6b40fe-981f-452e-aa01-5c2900ac0166	25.282	fast
6a39a234-9a7f-41da-84f1-34d17d6de65e	19.759	fast
60a7b4a7-f013-4390-ba56-aec9a9e25aca	28.389	fast
ddd49657-41f2-465a-9b82-b2576bff2d9d	22.838	fast
27d8e2d4-e339-4f08-8ca7-f8b5546b1a11	17.885	fast
95c79cfe-8847-4834-93ef-899f9e3e6d7f	9.176	hac
79039c58-7550-4abb-9e1e-072b022cba14	17.329	fast
0278ca9e-73c1-42b7-8786-187fc2f24120	23.677	fast
f9a69eca-a4a2-4a27-9a77-1d6254f64fca	26.700	fast
83bee009-cf1c-42a0-9172-ea415a3f93ea	4.838	hac
b9583647-a02b-4c4e-9487-5af6d1ea6b6a	23.373	fast
a84dc946-2d94-48f8-bb39-3e2f90a67896	7.950	hac
0b6d1c16-9f63-4502-90b7-78da301f7fa9	23.861	fast
913b5dad-fe6a-489d-811e-e7d736bb8966	23.847	fast
2832da68-d428-4ac3-aaa1-6c08df1fdb32	8.700	hac
a5cf4ad7-fb58-4b3d-87a0-5d27e69308fc	23.502	fast
8bb2f69a-d8e0-4288-92a1-e7e4765d3816	10.066	fast
40fe50fd-207f-4ec7-b43e-3483c7a96b53	8.022	hac
9a08d948-dadf-4438-98cc-4a001186a650	14.738	fast
a660fb58-0165-4730-8348-d02f16663043	22.690	fast
e7d12676-d31c-4ce8-bc33-66a8b6e459cd	9.198	hac
fb4ff443-1301-4792-b7d7-6e7ccbd5e93f	25.720	fast
664b29f7-f3ec-420c-85cb-3fbef129c904	24.113	fast
1a634893-d8a0-43ad-a10c-e1ec6480ddb0	23.955	fast
60060a2d-23ec-42e6-8921-fb684e68cb12	18.583	fast
0a959da5-7f95-4410-82fb-ae9296cf86c7	23.664	fast
e3a95bad-6b39-461c-9c2c-afd3475e41f2	21.500	fast
05bbf87c-9623-487d-843b-f4396cb739c8	20.453	fast
6271119b-5037-470d-bc03-4767df360622	23.805	fast
1a6b17d7-7c7a-4dd6-a067-c74ff714f3d6	25.170	fast
db304299-7f84-42b1-b993-31ace95f38b1	26.301	fast
c18c83d3-8e3f-492d-b09b-9b9966c2df9b	13.500	fast
83e19718-719c-4515-8ff0-51c73c0fd8b3	21.830	fast
836f6c96-6ae0-4115-9e3b-b0375eef85a2	8.551	hac
31bbe651-5e50-4cac-a82f-b6008bf30540	18.812	fast
b28bbb2f-9c79-4af8-b1e8-3b0285ff64ea	8.613	hac
ebfc7252-839e-4d30-b9cb-7ecd54b983ac	23.248	fast
a900965f-6a42-404a-99e8-e51afd928da4	17.642	fast
65a017c5-a55e-4f0d-9c61-23646b08fd48	23.848	fast
eb7c0f5c-991e-4f90-9cf1-0e46631515af	26.149	fast
4cfe3f04-cc45-406e-a25b-c1b185746e36	5.103	hac
23170bbb-61cd-4daa-982a-f60770f6ee16	5.420	hac
9d0ca78c-e509-4730-9f46-4b13b5559ab8	26.297	fast
e92926f6-4731-443f-bd1f-f0cc65026050	24.810	fast
ddb4eb14-b090-4ecb-bea0-fb560330a692	22.349	fast
d9cc8ca9-7627-4558-b4f1-2bf0e8abf575	22.440	fast
9546ecfc-71c5-4360-aa2e-7db5971025b7	23.141	fast
1c6f7e33-3326-4f4a-9a79-ce8580b8ca82	18.843	fast
b7d4d1c6-bfc8-4d6d-869b-80c56f356638	6.398	hac
98b10e8b-3f97-4efe-b521-861b8d7132b8	23.787	fast
36788714-999d-4e08-9691-add8f256f07e	7.181	hac
18b35aa4-ffa0-4852-beca-9f08d62ef59d	14.243	fast
25d9bf8e-4d2d-4b04-bfb1-b271b07fede4	19.477	fast
7b27759d-7a99-4d82-bb22-34d152927121	22.773	fast
4638969f-1f0a-4df3-addb-7eef80382781	5.832	hac
df9a1766-8b0b-4893-99dd-828e92f50665	7.297	hac
37fd0091-d320-4a06-9c17-b39dd9e15d8a	24.478	fast
991535bd-4229-49ec-8b75-11a302664b9f	7.686	hac
683dd654-c8ae-4e61-a4fc-56b4623f31e9	24.380	fast
99614e70-d7d7-4af3-bf13-abc1fe180a38	23.314	fast
62df5948-ce61-4f87-842b-fb213de272b5	13.603	fast
ccb3f104-bd5d-4990-8f98-76f5f5befcce	19.807	fast
c43b5128-901b-4f29-8853-731d86a87aa2	13.653	fast
d2f12d7f-fb43-4861-a406-3a3c4121bbb7	8.206	hac
9fb896c2-fad7-4dc2-a62e-33549619a77f	16.565	fast
ae9b43b8-25d4-415c-a6a8-de00e88d865d	24.210	fast
6c0ae513-2c37-4ff4-9dfe-8fdf17351b73	24.896	fast
90f11b2c-7d5d-4860-aa2f-3af0ceae3866	22.659	fast
78e62f89-3e90-42fa-b43d-7c702a5cd817	6.604	hac
ca951294-2e17-4814-a9b1-ab7e4845b7b5	7.872	hac
12030488-0a6a-455d-ab76-c24591d6b808	15.156	fast
87bff52f-5345-411b-adb7-85d865047b3f	19.004	fast
a896f6a5-1eaf-440a-9986-9fbf01570241	11.055	fast
3a8f1a72-9fbd-47b7-8417-52bf44a2fcc3	30.720	fast
bc5bb7ff-f4b4-41c7-a10d-632367ba2ce9	22.062	fast
61abb49f-22fb-47ee-aa5a-22ea55474315	22.836	fast
0b00a5af-0f17-4e52-85ec-2b7260139c1a	23.663	fast
74299a6e-28d7-418f-93ce-2ef3d1580c17	26.134	fast
23baff60-ef3b-4ee4-9104-53402dc00a05	24.982	fast
15ecaa43-30f1-494e-9c34-61b4b7d6c664	25.733	fast
22b94257-6a42-49f6-8f8c-defe82bd2163	27.750	fast
85492a55-b1ba-4a06-9e35-4dc5c73cec6f	22.333	fast
2365dbb1-13cc-4e5d-b56a-4ea785c5f07e	24.206	fast
f71081af-e620-401a-a502-dcb2b2d0fdcb	9.710	hac
116287ee-7478-4ee4-a30a-97798df87ef5	9.858	hac
7e22dcd9-1816-473c-a713-3eec95d30b07	24.579	fast
2d65e070-a296-4489-aec3-d19e27dbfcbf	24.534	fast
d77743cf-b5de-48f7-b1ab-2edc63dbcf3b	22.194	fast
ea7bd9d6-b5ca-4bc7-80a0-6759638603f9	9.298	hac
4fbdca03-c308-4e14-8874-fafa664ed67f	24.665	fast
eb03125e-0cce-4ee4-afac-06e0a564bdfb	15.720	fast
b37d831e-acad-43e6-a79c-33ce990f5215	9.687	hac
c89ae1ea-d313-4f0a-9182-08e0b159d2ae	26.412	fast
9bdb07e7-c1b6-45bc-9c27-e6a148cfc571	21.755	fast
45009162-f450-4be3-988e-a8b6ae9f4f04	22.534	fast
bf435f7c-82c1-4b56-900b-eda541b36a02	23.445	fast
e0f2c80d-eace-4591-bf41-50fda15911a2	23.069	fast
c6ffe5de-41e2-47b1-a494-a9547fd1eef7	23.493	fast
17b4305f-b5a6-4d32-9194-a8003a2c0fcc	8.460	hac
4a212d2b-a6c4-4b0a-b074-459c81987836	17.072	fast
2545d077-ba09-49f5-a3a5-4f26eae21e3c	28.275	fast
000e0fbb-ccd4-422e-b3d8-751e635d6605	15.657	fast
eb5b8f4d-11de-4782-968b-65140d02097b	21.251	fast
eef99278-9069-424c-b00c-b4216bfc94e5	24.736	fast
17ff77fe-66a3-49d2-8bbf-ae3d92c9c3b2	22.661	fast
674d4843-2b55-4884-ab9e-737e13618f2d	10.393	fast
50a36ab1-9836-4f02-a29b-fee03dac196a	11.718	fast
3812a83f-2d30-426b-b3bb-5572b4fb81d8	10.459	fast
085e4b90-c754-4db7-8f62-a0ed72c8be00	15.066	fast
ae16cb25-4d77-4f59-b3aa-f59f9bab5195	22.668	fast
bafcd8c6-0946-4da7-a4ac-6eba82dd26b8	7.837	hac
58bf65de-3723-401f-9b70-c72b6f9c07e7	23.702	fast
a8bb3869-76ea-4270-9255-bea3603b67cd	12.788	fast
79161ef5-a405-4c92-a3d7-59f0bab9c562	23.139	fast
1ded4b18-46c3-43ac-81af-ef09a68370af	23.025	fast
df920e57-16cd-418b-8525-9763e61ef10f	5.911	hac
60dae10b-9e34-41b1-ac15-348f0c85c9fc	27.961	fast
11a19177-d99f-4e97-9d10-c11d269facaa	20.848	fast
fccc4d27-2e5b-4c21-a956-1a6451a775f9	24.243	fast
c66dd765-c0fd-4a46-bea1-7f1b93e7af3b	18.136	fast
2991ac72-5ba6-411e-8dda-8dec959680b4	22.773	fast
e6ae3c97-a60d-4807-8103-97554b7d5593	11.973	fast
f2bd2053-6ecf-4666-8533-e072acb2d7f4	17.574	fast
8eae006c-df86-47dd-8c51-dc16a2b9f535	21.558	fast
cdfda1f3-2a7b-41a6-b9b1-757dce4ace45	21.285	fast
5f752027-ae2d-486e-9a75-f30cca386d6d	23.364	fast
7e35711d-e12b-4772-b2a0-6d51b956b03f	18.038	fast
d32d9359-b622-4764-aa65-c6ce57f1f7bd	9.948	hac
f92cd827-e558-454f-a662-f11f9aca2441	23.330	fast
48c4315f-1e5c-4fd2-ac31-1f0099c03a5e	24.347	fast
cf4fce53-6d1b-4ece-b68b-f4450a3898c1	26.984	fast
7694a346-bcb4-4be2-97cf-1382d7476151	21.961	fast
46e07970-ac04-45c0-95c6-2f8208f335f7	26.657	fast
d1c8bf0c-c805-4973-8132-0b08c036c2e5	22.148	fast
5affa2f1-e6af-4939-857a-0a577c102dd8	23.454	fast
47b16eee-a67c-4a28-889a-09f9722e1e39	22.881	fast
52bdc5a9-f7f5-44c8-9d05-3c8981293de5	24.168	fast
be036f93-282c-4957-aaa1-cad76ea146d0	9.518	hac
05d7c03f-0574-44c8-b03d-f206fd0c43ac	14.456	fast
38e99d64-20b6-45f0-bf53-2daff723aff2	14.679	fast
f6bf94b6-90b7-45e3-9c63-6b28b2a1f8b9	24.328	fast
90d0f594-ae14-465b-8c46-e8454229b10c	18.641	fast
4af77f0b-2044-4f32-a6b1-e24291ea51f1	17.617	fast
9bc3b0da-3d76-4e6e-9e6b-9d3e00dd0132	24.024	fast
d5bdf96e-ba0d-46b3-9da7-7f77bbdff158	24.646	fast
91a9d7d6-8826-490e-bdd3-ca49ce047c3e	18.997	fast
37c3d6c9-5ac9-441f-b6ad-8db8b6f62d96	26.778	fast
87eeccd5-b2db-4ce6-b63b-4fdc1b8bea65	25.119	fast
c425b0db-d403-4757-aff5-729680cd6cdb	25.517	fast
89b6ae59-5d5d-4789-9bf6-760802c09271	17.061	fast
0d14a8e2-aa31-4d60-8d34-235279681752	25.237	fast
087c6960-8942-4f7f-b3ba-0b75db0b9359	24.909	fast
7c81e589-8ba8-4004-9551-6df70b9ffcda	19.351	fast
9355f1bb-e87b-4ded-a241-16e67eaa73ab	11.654	fast
38e9cc4e-5b1d-496e-b52e-9f4c3ed54a81	26.512	fast
2bc04f28-eae7-415c-90d2-932e71ab97c7	26.011	fast
c34ce7d2-5f80-499e-b31a-8077ee09e5e1	12.280	fast
543e736f-218b-42a3-9463-9ac40d2b5628	26.602	fast
12cac764-8157-4868-8852-e2e72462688a	26.501	fast
00f6a0bb-a4e5-40e9-9698-53d0ebb2f8ab	7.310	hac
bcf7d057-9fce-4ee9-97ef-6d68acbfe10d	25.007	fast
b1be6a99-eae9-438e-812f-082eb7f2652d	19.119	fast
db51d3a2-cc19-4259-8f90-d62f7392cc86	24.080	fast
1d706e2b-b2be-4a37-82c7-3db993024e9a	9.004	hac
f1b13b09-e6fb-4613-b135-e3685db5979f	21.844	fast
411bcbff-800a-4f70-b7d4-847c36621028	24.201	fast
5c47d9dc-1d4e-4ca4-ac13-6beb2ecc843a	25.212	fast
b50a8ae2-6cf5-463d-b7dc-66ef9e1b6e52	15.342	fast
b4b2f4dd-6b49-458e-9ff0-495ec2cd9ef7	22.216	fast
50520824-fd05-4450-82fa-ad5e4d41522f	26.397	fast
ad600cd9-4a22-4bb6-b3bf-d2bde3c5c148	23.574	fast
21388037-e9cb-4208-841b-4d8a507a87d0	22.964	fast
aae0f90f-22e6-4e2b-922f-097b0701a2a9	8.474	hac
4873ab95-7a08-4cc7-9d3c-6024b750b1db	26.148	fast
f614d4f4-7649-4a8a-83d7-44deed9e2a2b	21.111	fast
16ded831-328a-4187-8825-ce989ff7b720	25.435	fast
55cc8d9c-9dfe-4ca9-8814-a3795d3dadfc	9.365	hac
685ce0c8-b71b-4659-a415-f84edcb7b27d	24.954	fast
55503fda-54b3-4290-8de9-1b5e7ad09f6d	9.782	hac
697f5560-4d0e-4520-9676-7e0402716829	23.539	fast
6ffd8534-23a6-4524-b7fa-bfd96272f87f	25.827	fast
e4fac19e-243d-449f-8a9d-474cb4f7fd13	4.816	hac
72260464-c448-447c-9844-92ee1f45db6e	11.929	fast
81b6769b-6341-4292-b5c0-de2cfea6a0c9	28.824	fast
ae3f0dbb-f737-4588-ba1f-c3e0a88e0ed0	8.395	hac
ea282c72-7b16-4a61-a696-ad8250584d07	23.392	fast
babb97d8-0608-4a86-8307-b2d2fafe8720	9.336	hac
5d5abcd2-e3e7-4001-8d8d-1decbf1a1126	8.962	hac
0921d721-727b-452d-a3a7-6d90dba81e56	23.076	fast
565b0d24-68f1-465e-91e6-c0fb337c310a	18.154	fast
fa1136b4-37ea-4597-a73e-e657ae1a8a42	8.492	hac
3de0e1b8-5fdd-4348-b38b-dae87a7cf4a4	24.479	fast
22bb2f9a-d543-4330-bbf0-228472e7fe33	10.111	fast
35cea991-59fa-444e-8229-6fef5cb2a4d3	9.580	hac
957ffc04-ad36-40e3-8013-9d85fafc94c6	10.150	fast
0e1e888f-13c0-4280-a929-8d0644d04402	25.672	fast
1a4cd6f3-e525-4180-b675-eea244bc3f2b	21.265	fast
32409ec3-9e16-4119-a1dd-372915314394	19.316	fast
c97ca07d-cb4d-4f11-8061-ed4f562a76d4	22.389	fast
d7c7d5e1-cff3-4501-85b2-e211792e3d59	18.817	fast
bf663f1e-e828-4be6-ad38-249f56c56056	25.536	fast
62b273f4-b26c-4ab5-82da-e393103d8473	7.650	hac
af47e268-f44c-49f4-9d94-1ea06c12957c	32.352	fast
8726e7ed-ebce-4b07-a5d5-264a161dae0e	25.024	fast
4ffd1662-55a9-48f7-8366-11bcd41cd742	25.219	fast
03539f27-9800-414c-babe-549cf8607929	26.749	fast
8ff21bb8-60ba-4b75-bf83-da62cf44abf9	11.788	fast
d98a40da-2d6e-4992-b55b-02d4285ba4e8	11.773	fast
f3038db4-3076-4d82-a563-392d7ddaeda3	12.314	fast
2588490e-34b3-4420-9617-820a69d79e7f	24.673	fast
71584492-0ac7-4cd8-987c-4cfd45cbe4bd	25.334	fast
e37232e9-1462-465d-87f7-202e4ed340dc	24.811	fast
04f25836-bcec-4591-b682-fa4b312e769a	21.520	fast
a26dd1fb-ab10-4be8-a6e2-b76d7ae31044	8.657	hac
6f2b7b50-5402-426d-9fd4-199078f1e0e0	21.787	fast
aea8d9b8-4570-4b7a-b054-fa853908920b	24.917	fast
df11637e-a3aa-4a84-ab69-3cfcf94e3293	13.301	fast
b12ff35e-16fb-4811-ba62-ceaeb000b33d	22.602	fast
768115bd-004c-471b-ac43-af8f45fbbaf7	25.324	fast
6d7f8aaf-6b2d-4e4b-835a-3e1d68745f34	9.111	hac
889eb1e1-f4cb-43d8-b5a1-1c43dcd1eb4f	11.321	fast
c5dda957-0fa0-4023-a727-148bf9895c1b	24.993	fast
e315b53e-747f-4740-bbe9-1e74269761c3	20.825	fast
8f6832a2-1f73-40aa-bc92-b3b5a0dd6d37	8.658	hac
4a46fe2e-2e87-4b4f-95ba-524ec01522a5	24.897	fast
3e04e3e3-2601-4806-8aab-c075c2a1b9f8	23.922	fast
fe5a6305-77a9-4737-8599-ce6a1ac2e230	22.357	fast
727192eb-9cf4-46ab-86a4-05840f67779a	8.002	hac
3522f666-d3eb-4af3-8f71-717a9a8f6fbc	25.600	fast
c9108481-c107-48ff-96a9-2f2a94e4e83f	6.361	hac
301e0ba1-c722-41f9-81cf-58a518bd4db0	23.763	fast
691be146-145e-4991-96a2-34993bf6a4f8	24.623	fast
b3531b4c-885c-44ec-bda7-19c15e0d3176	28.034	fast
a1ab4c4b-2ed3-4c7e-93d6-8d634e4fcf12	9.354	hac
d031f593-101a-4019-98cf-e9d98dc58dc1	22.513	fast
f3972381-f880-41f0-a289-48856f202584	24.951	fast
fe57bd46-77e9-4ce9-b48e-bc97cb9f1dc6	22.859	fast
6b5e78cc-6e21-400d-ac78-fac4e3e7649d	19.695	fast
5ad01f42-7bd6-4763-a20d-b04e9bf6b469	26.325	fast
8cd1b2d2-8496-4d2f-ae45-acc7e4b37a99	8.418	hac
ebf20efa-566a-439c-9497-de972f354b0c	11.109	fast
4314c91d-410a-4a7e-b0b7-709756afe276	22.577	fast
b1e0b4dc-e982-4777-bf78-15c2afe66a95	24.843	fast
0fca3252-5066-4396-913f-d10bad92ec9f	25.268	fast
76268cc1-a243-4a9d-8bf3-d82443a5c31c	4.093	hac
91cb9377-0be5-42c7-ab97-0ab0e4a2f9b5	7.952	hac
00ae0097-9df0-44fe-944b-5ad8a94fe80c	22.790	fast
7f0a155f-7945-4001-8b6f-b8adbc098c06	25.033	fast
6608b808-63f1-48d4-93be-3e9fa93bbc34	30.450	fast
7f68950f-a4d3-499d-8d39-397ef4f9a76e	10.480	fast
64b2389a-ae83-4fd1-838d-386b05eb6d97	24.878	fast
5b9fbcad-122a-4898-9c05-449f3e3a02bb	19.427	fast
714a2a7c-8432-4f6e-8f27-66c49dcff463	29.010	fast
75bd2cb0-e4c9-47f3-a2c1-832ffa555f29	23.991	fast
606708ee-9187-424e-ac48-eb0e086bcd7b	19.435	fast
af07642a-c511-4e15-afd3-3341a847be75	20.143	fast
c6376e7a-79b5-486b-823f-53c95d1f51b9	9.295	hac
6ba6d018-6afc-483e-8961-e94a252d5d2f	23.708	fast
404e0718-1be4-4887-aa48-7d903ba11994	21.355	fast
76137bc6-886c-437d-9526-fa3fff9ed335	8.649	hac
507b8be8-fbbe-4ddf-9f18-f1fdbc516b92	22.164	fast
eaec4952-1b94-48ce-8d83-e71b0fa3feb6	26.656	fast
78dd561a-7cc0-4321-a9bf-336f9b33820a	20.606	fast
09717447-25ad-4f69-9851-bab611855a55	17.584	fast
c624ab9b-8282-47d1-b381-b656aec37fb6	25.274	fast
e8743e5b-08ad-4d99-86ae-f8495f39c587	26.256	fast
766b3f6d-ba9a-43f6-b24f-3cb0af6b4814	5.813	hac
63ffda84-8776-4f99-903a-60fc248c9a38	25.664	fast
58816bd5-4d51-4f90-bb45-ff12e9d57a65	17.853	fast
46a807ff-7a28-434a-a80f-71b3142d6c97	23.619	fast
1bd446ab-7d17-47df-8398-39340f3a6aef	19.074	fast
6006b772-7969-4241-a003-f5e1eb250837	22.852	fast
1d8d76b1-7149-426e-80fc-8f3f673c95fd	21.087	fast
9b53919b-31e1-4a4b-85b4-44e83cbe1fb2	19.393	fast
fec9fbbf-4f98-4259-ba20-710b50beaaca	25.706	fast
5cee9e90-e37b-4a14-a7c1-321b83d1f88f	25.400	fast
5957887d-3377-4d14-9373-ea3859152681	20.637	fast
bc573fc8-4f95-4dde-9793-2dd367c58ba6	19.238	fast
65b69401-dff0-4e42-abe3-e792ecf2c364	8.417	hac
056b8933-033f-41c1-aada-2c0455221d48	23.709	fast
e52933ef-c4a3-4834-a8ef-6c887b648a76	7.253	hac
291dfab7-c28d-49f2-aabf-707152d51e70	8.489	hac
474cafb5-08e7-468a-9ecf-b4dd332c59b3	28.181	fast
7e112c96-4a66-4462-b004-5e64524b97b9	22.283	fast
7fcd595b-2017-491f-a159-d4a4693d3ac5	24.580	fast
4392e5d2-f48a-40aa-aed7-d91407ab3baf	21.198	fast
f63d7920-33ac-452b-94a4-79500111f6f4	20.783	fast
d3e146d6-0f3e-4f88-a69e-e4a8602254bf	19.972	fast
9b6f02bd-248c-4b54-8f7c-ddb5a739c579	23.811	fast
029502a7-5061-4f19-aa9d-76d78abe0993	21.906	fast
385b902d-be9e-4111-8e83-333b479759bf	22.349	fast
ea9ca973-d46c-40eb-918f-a2445284da0b	23.616	fast
68ba3218-1eb0-4fd4-bd70-3aec61688c54	24.725	fast
9e04a89f-9e64-4cd5-b70a-f25817b5e65f	23.409	fast
7d9d2c86-9a9a-40d0-9c02-0da83affcd3a	27.322	fast
e30d2a65-8129-4f9f-82b5-7fac4f579694	27.311	fast
6fe4d52b-33aa-4c17-b29a-34e3999dd225	20.479	fast
71f54621-037d-4e85-a3fb-afe4ae5d2d44	8.739	hac
d405e63d-e33e-451b-9952-b527a1931e34	27.417	fast
54257325-4fc3-4556-8ea4-10619bbef7e6	5.873	hac
1bb81387-aa9d-4fbd-86c6-5dce0d97cc61	10.254	fast
b0e4afd0-a19a-4314-bfa1-cd5cf4eaaefb	22.762	fast
18d1ad9e-496a-4e4c-99b9-67e28d635af7	29.325	fast
ac7bdad1-0fe7-4492-bb0d-69f781676e39	19.692	fast
8b28e661-4e70-4423-a6f4-ff50f062b6ea	4.482	hac
a2daa84b-5c22-4166-a488-5c22ea8c4b06	9.748	hac
864cf2de-3169-4917-8d29-0f300a7984fb	21.344	fast
d0c64b52-9b7b-4568-b958-ea78b0c87421	22.610	fast
53d04fe7-f5d8-4836-b89e-6b22bb7cb519	6.828	hac
5375dc3c-2190-432d-bee9-be7cfc956c4c	26.110	fast
52a70dd6-c7d4-4e1b-9c23-7c497bdb8a84	24.413	fast
3cda2577-8b2c-49ce-97c3-d95ff6d4c315	9.332	hac
dcff9427-d307-486f-93ee-48bf8258f2c4	22.820	fast
bed17fa9-96d6-44dd-a5cc-359ad59d752e	24.911	fast
66b89fe5-86af-4a54-98e1-795ae7859cea	20.951	fast
9cb731c3-11ce-4c5c-b32b-70e874df3eb3	23.755	fast
128a0673-f63b-40f3-b65a-9361b4dc602a	19.338	fast
d0102d78-68cc-4046-8b16-9af85c436016	7.271	hac
3954ba81-5a21-4c84-a4ea-84f5af617a23	23.900	fast
77fceb57-29b0-4a91-be72-4ecc4f2f1237	24.508	fast
e5272c5b-cba4-4dc3-bd46-5451cf69cd4f	16.232	fast
961f9bfa-b03f-41eb-8f06-169325e310d3	21.208	fast
7999310e-f6af-4bc4-9a37-d7d81d98760e	14.498	fast
347a10ac-a230-454b-9f53-bb89db114396	26.369	fast
20654751-db74-4e4d-8dc9-ac00d6cf46aa	9.033	hac
da8282e4-9c87-42d9-9088-7b78d11a4a8a	26.478	fast
72f8869a-180d-4c91-953d-a9d84b9a699d	9.974	hac
98e90177-5380-4598-8d4a-b610f3f4358d	21.696	fast
04a66c39-1446-44c4-b3cd-c78f5bd98324	23.069	fast
c451c2a9-ddf4-4c21-bdcb-bc3dd7691d09	7.094	hac
3ea4b869-0967-4b87-a598-1247b0652c1b	21.740	fast
bc3c651b-f13f-4003-bc23-cd86bf1926e0	27.336	fast
04270aec-4559-4191-be18-e737caaf859d	21.317	fast
3ecbacca-4a05-4d53-a836-bec1d2a61577	5.399	hac
e34c4ddc-7a89-44ee-96f1-a6b7575a7811	9.543	hac
806f442f-ff28-47ba-8c91-7491339dddfc	6.533	hac
db6586db-ece3-45bb-87c7-a71b3527febd	22.264	fast
221d80eb-cf0a-4fa8-9f6b-d7b52fc2150a	25.452	fast
f4d0ef28-73ba-4dee-b8b4-f87adba454d5	17.718	fast
213696d7-7eb2-4f60-8979-95b7e1420b5e	24.674	fast
af4ef4e8-4ea2-47cc-b0e7-852d1b98bee4	27.410	fast
09b4ec67-120f-41d7-8a9b-efabb4ea94e1	25.629	fast
a36814f1-7331-4241-b9a2-a9014e20a85d	24.940	fast
1c1a489a-266c-4c2e-8a3b-357ac571fcb9	17.039	fast
d4e51e97-de02-4a4f-adc8-b7fec0d47a4f	32.783	fast
b5d0507e-970b-4ecb-88b7-91e4b4ee726a	20.398	fast
1e3c031a-bf01-4bea-bf46-2c1112bdf475	25.522	fast
db7c5321-f350-4ff7-802f-7c010a5396ef	12.625	fast
6107d7f5-3182-4b71-b46a-0c7b4dd51b94	20.505	fast
402d728e-f479-40e9-95b5-afeaff2dafae	24.053	fast
50af4748-c7e6-4303-85d2-41bf8665028e	23.379	fast
835dbe82-cfa0-4eca-bafc-adac175ac182	21.158	fast
a7fbf378-ac18-4917-918b-cce5861111aa	23.966	fast
b3686d4b-62c4-4c25-a933-8af8e69caa91	8.112	hac
feef07de-7bc6-424e-be56-1b59643d45cf	25.177	fast
1f1a92dd-3c4f-4cf1-b240-6b02e469d7ca	19.334	fast
deab3ba1-d98e-4c4c-8b42-63f5803500a3	26.378	fast
e88ce7db-1b72-4a44-94e3-98eecd8c8de0	8.634	hac
86c84a8c-18f5-49d6-9949-5b292ba1f225	5.803	hac
d68fbfe2-83f7-4049-8f44-e73c4905aafc	26.185	fast
62af8409-2ef0-4ea0-bd41-abb7f425ed9a	24.820	fast
5d968ebb-3a24-4d81-8889-53b5645d499a	17.105	fast
cf65c737-ef42-44ec-8f6f-16f1fdb2f16c	26.222	fast
de2c3654-a31f-4329-88ac-9765f54328df	22.035	fast
eec74c3f-7ed7-49ae-bd6f-53a91b17aa2b	18.008	fast
c6def4d7-ecd3-46ab-aad9-b56d9317a524	16.753	fast
90704102-c490-4f6f-98f3-de3dfffab210	26.346	fast
1bd13d2a-54e5-4066-b4bc-032ebc68ffc9	25.363	fast
3500b1a6-bd14-4f87-bc6a-2b3702f5eb7d	6.692	hac
3fbad048-713b-468b-b595-471ce02ea8a7	26.423	fast
a274bcab-a111-49bc-a21e-e5c04d8a4a31	22.713	fast
009b33b6-02b9-4ad7-b4e5-81584532c08c	21.380	fast
9dde7bac-67f7-4f23-89be-1a995d8314e7	9.031	hac
8e88704b-4233-44bc-aa39-b7fef16a3220	25.059	fast
a6130845-228a-4e54-b280-8b5a975441db	24.359	fast
8e07171e-d04d-4286-96a7-5b463bb2e813	20.450	fast
008c2d6f-67e8-456e-95d7-0cddd8d2779c	23.987	fast
75d55cce-4854-4da2-bb85-b4cae1319383	5.315	hac
bef83961-62fe-4273-ad07-e4ccf1d2ed2b	16.863	fast
217db171-6b95-4419-a8cf-2f61ff41c087	7.984	hac
4dd0979e-63aa-4141-a772-52f875e55a16	25.973	fast
cebc6d17-de40-4cb0-9cfa-3b7e12ca741c	25.100	fast
69ca7406-91f7-4c2d-b623-dbbef2d7237b	17.587	fast
971c32a4-000a-485e-aae4-67371c6c3ca0	27.094	fast
bcead949-b475-4b1c-bc3b-118737e39507	25.522	fast
6afdea0b-92f2-47b0-8d1d-c85e0ca0b27c	20.387	fast
5e64222d-3ac1-4794-9795-dfd666695ed1	22.710	fast
c6a4619f-3799-40aa-add0-b84220519535	26.827	fast
9f4535f5-4054-47ba-8067-be2d94348c3d	22.362	fast
fdbdb5ad-7418-4a72-81c9-0a95ba1db4fb	9.028	hac
55ba7506-34a5-4033-abf7-4c13f880bd8c	22.766	fast
29a03619-109a-49a6-8f01-918b67184b3f	21.427	fast
f139e78c-0d90-4520-8501-785aab3ccb43	23.586	fast
082c8e3c-b7c7-4758-ab28-05a7eecd65fa	23.485	fast
0e8de722-569b-4954-a36c-507063d8b4ab	26.539	fast
088b0e68-cef8-42c5-90d0-a72963d901cd	22.486	fast
6a543dae-b52d-499c-8c11-1180be00f723	10.734	fast
9aa0fad2-7377-43a9-b6d4-5d49fb1d4bbc	9.992	hac
14684b6c-0cc0-4024-b5d6-445ccd03c20e	18.994	fast
2195b08e-ed9c-45d8-96a2-ecab06513ad9	9.283	hac
9e0cea9c-ef8b-4483-bb24-7fbfea999bec	24.356	fast
ffd4ee52-0790-4eab-9159-8079647927a5	22.183	fast
ee7c64bd-bac7-4baa-bf14-cc81d638abe9	7.816	hac
075c193d-8fe6-4c65-ba62-75a1aac8ef3d	24.041	fast
2644831b-4ae5-4627-819b-cfa41d549cc9	24.797	fast
9b2f24d5-9be7-4864-8265-8b5503bd5638	8.890	hac
7a596bd5-daed-4961-b6d1-1fc8c17e328a	12.795	fast
dbf1d619-bc65-415a-9f06-5920a9f76dd1	20.496	fast
84480b10-71ab-4d47-ad1a-9876618d024f	23.252	fast
f3b78b3c-e980-4fc4-a0f0-dbb846470879	24.671	fast
5fb8113e-b411-4d32-9c26-998a244c7ae3	24.949	fast
d1ce6714-8d3e-458c-bc82-d9b5e2f8b0d8	23.370	fast
734707cd-254b-45d2-86d9-3a6bd803aa83	22.990	fast
e0d7456d-0e9d-4169-87fb-125bbfe54ff4	23.968	fast
ec3399ff-00e1-4ffb-8c44-3694a995e0dc	13.615	fast
4b970fd5-309f-4788-bcf7-25897545d73d	23.590	fast
04f8f790-9ebd-458e-ba62-197d6e3ed182	15.821	fast
7b0e02bc-4fcb-4176-bf4b-91bc15e547b0	12.158	fast
0acfe0f1-6b09-46b5-8e27-e99754dfe53c	22.536	fast
8160c12d-c42d-45f9-997a-e9b14ec41ca7	18.709	fast
8ff6ed7d-06ae-4d00-8f35-b801db7ba605	23.164	fast
86eae0e1-046d-40e9-97c9-100335bd2eca	21.778	fast
fcc34561-d948-4def-97b3-fd3006e493cb	22.955	fast
2f973979-e43c-49aa-955f-3c865bad42b1	25.772	fast
ce8095e2-fd0c-4b90-bbdd-73d0a4d80596	25.789	fast
d2945480-79bb-4181-81c8-97c8db23ae84	9.400	hac
a82a645c-36bc-47af-aeb9-c76beec48d77	19.584	fast
e92f717e-237d-420c-9eeb-482f83c1ad40	5.942	hac
f5ec4c43-4a70-4c3f-b535-f6c4c3b03407	26.459	fast
d285d6f8-f09a-493f-96ef-7728f1543f3a	24.725	fast
1b4c584a-849b-43a1-8658-bdbf8cc4a852	21.265	fast
12770fe5-20c6-4d6e-b57b-d1a54e82ce78	25.112	fast
8a630bb2-e413-43de-a16f-8fe0595a66b6	24.457	fast
c1bc4b49-381a-48e8-860b-fd6abf3a5b8e	24.833	fast
94f7a9e1-a06f-4084-a518-eebcbb5a2171	20.590	fast
e1dbce8c-4c99-4bbf-9cc7-a647c63770aa	24.669	fast
1d304f61-b6cb-4f51-be59-bc92e2a05a4f	24.117	fast
3c3cfbfb-74fb-4d7c-8a7d-44c6d00a541d	23.785	fast
4384da18-6dee-4c40-9ad0-5ea2634d9c63	21.234	fast
d7d633f8-8d1b-4dc7-ac9e-a04472e1808e	22.959	fast
ca6116d3-5bf7-49b1-a36c-c613281cff82	20.957	fast
95b208bf-e94a-41cd-9ecf-1b68ceada443	19.886	fast
402d8a0d-c284-4498-94ae-4dff7b0a7232	26.662	fast
c2fd9ca9-a541-4ac9-9520-2acd580bc5b1	7.651	hac
82a71984-1863-4afd-90f0-20a470120e31	12.028	fast
c422c394-cf9f-4717-bbe4-33d9e578432f	27.925	fast
0678e77d-9866-4b18-80f1-373457c9c1c4	21.993	fast
0cf26a3c-abd1-4c1e-aef4-d8e5c10b5c52	24.103	fast
bbd2d009-6b29-494e-a34e-2ba2e8641e07	26.577	fast
806715d9-97c3-44a2-b7c9-63f19add6b17	25.508	fast
946148f2-1d26-4a5b-aa9e-251768941d74	22.742	fast
bc02ceb6-7aa9-492f-86e2-4cfdc3987342	7.289	hac
c422bb7c-cd8f-46f4-8f43-f5a00b1d9359	24.675	fast
125cb7f7-e974-479d-b62c-fc65c21b0ad0	20.612	fast
6e6348e4-c10c-4427-a9da-8d9c2e4ee0be	17.927	fast
379b7eb8-bc3f-4e11-85da-e709ba6e9ec1	26.403	fast
9b1b522d-4549-498e-b15c-b785263a19de	6.129	hac
7308b2b2-83ed-47b6-a6fa-f97892387510	7.922	hac
e8ab3532-2b3f-4c61-bfd0-4fa14735a018	6.935	hac
d0a3c971-3716-4640-9c59-0f9d235040f0	13.071	fast
6db16c45-908d-45ff-8704-fe9e0d1f885e	17.145	fast
bb10f448-7762-4168-91b6-9e0f7ce9a737	23.615	fast
97424e74-282c-4e89-98b4-c57149b9f7b8	27.877	fast
3c749ed0-f1a6-47c7-888a-38f8f42bc933	24.349	fast
e8542956-a852-47d7-b96d-3da18dd9add6	8.841	hac
4cc9006d-522a-4e0e-b66b-f57886df7656	8.211	hac
bd7c1657-3307-4f32-99e0-753f240c8ca2	19.541	fast
d02136a4-09ce-4353-85e8-9646a7d7e725	22.937	fast
f00a6a2d-4675-4821-ac8a-cd52ab51753b	24.974	fast
fc3d36bf-862e-4efc-9525-37fdff2f3541	25.121	fast
653b5ebd-3fb9-4481-91f2-0a336f26f446	19.886	fast
837873ba-e110-41f9-8b6d-c674a240c435	25.430	fast
41d2c240-7afb-49fe-973b-7476893cd15c	26.312	fast
fe2cb3b1-88e5-49ab-abe1-94365012ab8a	26.768	fast
56a242d9-af5a-4576-a575-8da4d9514105	7.962	hac
87cbccd3-ccd9-4bc8-be45-c5e76450ae3c	23.577	fast
76528544-a414-4a8e-b317-784b3ecf24c4	19.162	fast
08e325b8-2653-40a9-a93c-46d2c79476c5	10.638	fast
c1bab9ef-0d55-4e1d-b08b-7a41d77f0d01	24.513	fast
70dbc268-9671-40bf-99f4-b656db30a09b	27.430	fast
dd88ee84-34bf-4eef-b944-e8afdefe7805	22.748	fast
db2384f3-83b7-47d8-97b6-3523dee3c9fe	19.414	fast
52698584-82dd-4404-a941-47fe9f1578bb	19.914	fast
2e36e080-3343-4f22-9f5d-de6e02824c1a	18.358	fast
80933e5b-a49a-4d6a-94e6-4f37f1bf1a52	15.069	fast
f8782c72-efef-461f-a900-ff9741de7bdf	18.986	fast
49fd368f-a495-4f96-8786-533fd6b59269	25.360	fast
14af3809-ffb6-4d89-bc90-3b20a4d1f6bd	19.630	fast
412598f1-ed17-4a54-a7a8-3490c2e47806	25.530	fast
081107f6-4cf8-4d18-9865-332b1c98a6db	25.574	fast
c183209e-6f9a-490f-a3ff-965db423836b	20.910	fast
3d25d052-5657-4cf8-b507-52c109aa66ac	23.052	fast
084daeb9-a8c7-41b7-a122-052757ccc507	22.772	fast
372af56e-bf4c-4fb6-8db0-4c4165d1c41c	19.370	fast
3bc1ec75-a63c-4473-a403-2d2b770b9b55	9.815	hac
8690b214-dfc7-45e2-8e2a-f261606b4377	22.655	fast
bf9356a1-0fae-4c39-897c-8e6cb94288ff	24.862	fast
acef1951-9f49-4669-811d-ee9a312fc760	24.500	fast
805ecc87-4d18-4434-8126-b9eec3ee3ccf	23.077	fast
b0f5a6b6-0df8-4e6e-9c4d-f52e8ba8b12d	21.896	fast
3d027709-547d-4fd4-b861-ea54a67b1029	23.757	fast
5c143b1a-e4ca-417a-9abf-879a72af789c	20.849	fast
e80b7f52-2de3-4093-a9bd-d8542fedd82f	20.083	fast
5bd37735-4a9a-4824-9ce7-65525fafd3e0	23.226	fast
d50ccafd-eec5-4a82-9e5e-e835c06f133a	23.303	fast
4a1b11b6-f692-48ef-8b56-e1009ecdde5d	22.234	fast
2ec23f03-2265-4333-9678-0ae76e981830	26.350	fast
5361b2b9-a9a5-432f-84ad-db9aa99ee0b6	12.119	fast
f922fa9c-e382-4574-a5ca-a1585a27adf1	19.146	fast
f4448fb0-f0e0-48c8-84e1-523d516679e6	11.906	fast
7df857fb-7e14-410d-91f0-e1d4690a8183	20.556	fast
e78cb60b-e502-4599-b735-3248d77dc622	9.420	hac
c74692a2-bd40-4756-a5d9-f22fe9ed559e	15.761	fast
1c008efe-091c-4897-8c6c-9313377330bf	20.712	fast
2b3a79b3-8cc1-4ac8-aaaa-a9e00cbcc410	10.991	fast
fbda4685-8f23-4c00-b0b3-803a2914baf5	26.143	fast
2bcbe2e2-a1d6-40f0-b3bf-709915704e6c	21.610	fast
cc7079d4-81cb-49ed-93ea-bf4f1ac40d72	14.255	fast
b4b74a15-721c-40dc-8327-cd9ded2aac4f	26.074	fast
97a19280-c1e6-4a41-9a1e-65e359f434d6	26.405	fast
406f9832-b507-4b42-affc-962a6efbd5df	6.390	hac
c002f7b5-4947-45d9-a1d2-2897f0d8c1db	5.246	hac
2c0b215c-58df-49ee-97cf-e473e9e460b9	24.611	fast
c274d50e-2bdd-42a8-80eb-559dbfdea744	9.146	hac
3083e9e6-1962-48a8-808f-9ab58406dc60	3.408	hac
055af270-852b-4b69-85eb-7fe5fe1e8293	25.583	fast
0ca0539b-4add-479d-8e99-c44ac76b43da	9.184	hac
aec0489b-5b34-4280-9029-7fd576f8b076	25.400	fast
60b1ae95-3892-40ad-b827-e9abbae10ecd	7.663	hac
7ed545d1-f7bf-4ab4-96f4-675205def5fd	5.531	hac
cd25abc4-9173-4d8b-bfc0-780d4764ce4f	19.135	fast
5b763258-b88e-40c6-924e-2c4ceb2cf3a8	25.088	fast
3ad5b168-e8fa-4499-af43-697485ff0d8d	10.133	fast
1d7303fc-77b9-466f-bc26-c95ed43b829e	18.318	fast
93acf8c7-ccea-48ae-afd8-1eae4323699f	24.705	fast
206e76d2-e9c2-46a2-8e24-1f2c0a806db2	24.698	fast
0ebe6849-a98d-4670-97b5-3fa81721e5ff	24.123	fast
fd3babe4-f8bd-4140-88fa-fe9b131e96bd	24.977	fast
963771db-9a64-47a4-9cac-99333adaba4f	14.886	fast
4dddefe5-6cf5-4d78-9aa4-66427de67fc2	7.011	hac
b6499367-5ec8-4303-8f0c-a583e5be9174	22.128	fast
9cb2fcca-aa86-4ce6-ae97-44ecf824b5e5	26.224	fast
4e903d57-5bf5-4995-9705-f79f7b814864	24.102	fast
c870035a-f5ec-4489-bac0-3372df36e827	31.835	fast
89a836c3-02c3-4969-9e5b-f610ceb870ef	24.885	fast
86255eaf-1837-4b02-be35-3252edbea4e5	25.726	fast
c17a0abb-2476-482f-9421-c8588d3ea41a	6.171	hac
7d4428a9-7920-4dc3-995a-f35bd68cf429	12.206	fast
4e428a7b-8361-4df0-8af6-7ff7e0fe7af2	24.642	fast
d20e4a2a-c9e9-418d-b1d3-78a4c1fb95be	22.821	fast
317bea02-b962-4347-9888-6dca53a40a73	9.595	hac
8429aa86-31bd-4841-872d-d063e824f7bc	17.598	fast
2d07aa19-ba0a-415d-a77a-fcbb7c20dd0e	20.856	fast
8a420dab-5655-45d3-912a-d1d28b59d607	26.042	fast
68a72719-a3cd-4fd8-a3e5-f4d6143d272f	9.428	hac
34aeff68-f26c-4d91-afd1-26944e54f985	14.004	fast
c13672df-13cd-447a-b94e-5d98a8db907a	22.805	fast
59d051e3-95df-4776-aa92-a5a6bf128afc	25.763	fast
c0d43275-5112-4063-acc6-3e5d23c17d0e	22.973	fast
a4d23067-c711-41bc-a17c-022bea71d4c3	19.924	fast
645c414d-615f-4074-b202-18e05f382e48	19.164	fast
23ce6ebe-bd2f-417c-9cdc-b7277cdc7e69	5.046	hac
25dedd97-3953-4185-9f9b-15ca5b59696f	26.243	fast
2342422f-2fb9-423e-8295-cb00c525204a	26.639	fast
ac5fefe4-5d7f-4865-ae4f-6aea17c52909	23.327	fast
6481f788-5aa2-44d9-a1f7-d594897473e8	8.438	hac
38eeede2-7d11-4f57-8f4b-a700203adfcd	20.011	fast
504395f1-3517-48be-a180-a5ca6efb5db8	26.694	fast
16fe55e5-0c04-4c51-b553-b2b7841abdc7	27.162	fast
d8a40f02-f930-4f87-87a0-82941639e049	22.580	fast
e84154f8-aaff-4900-a3be-6739ab77523a	15.314	fast
e1ff722c-aaa4-4c0f-9069-4a2326758c9c	25.638	fast
e2558ada-c84a-4e0b-a9d9-3a6d07eac8fc	27.969	fast
0087cc2a-5914-4c5a-97bd-387a794d1c31	17.589	fast
608e798e-7082-427c-bb54-787014a2e83d	24.373	fast
5aee6ad3-c663-4087-b0b0-65c8e4df93c7	20.794	fast
f3297d3f-a520-47b0-9ca4-2e2e6377ae64	23.936	fast
5ae7d1ff-c1b4-48f4-b7be-c903ff230195	25.585	fast
4b0ef398-ccd9-4b57-b2eb-573a5fa99153	23.440	fast
a2ea287c-d263-4644-97bf-bb64e6f065d0	8.800	hac
f1cd577e-376a-4932-9fc8-b5aaee362978	11.396	fast
5e6b1084-c921-4ca1-a17e-66bb12581117	9.504	hac
49590305-a54a-4894-8999-30f8df660cc1	24.578	fast
9b197278-73ee-4212-928f-e77ef6bd695a	23.503	fast
f4f3a2bf-8115-4694-9ac7-bbd07ea0a58d	7.413	hac
be2bc2b2-96f7-4e49-8787-721e7bde27f5	19.261	fast
95cf370c-6828-4fc0-8260-206987b06841	5.754	hac
5d9ecbc7-fcaf-40fc-ab01-1b4451533a59	9.332	hac
043ca4fd-8924-4f9e-92e9-889f45bfca17	17.011	fast
4188c8f0-d297-47b5-9bdf-987ba43a1df5	24.270	fast
eca43fdd-3400-4a2a-8cb4-50b55fe264d7	8.967	hac
eed90f88-0aa4-438a-a6f9-9d1b7f3ea86f	9.227	hac
39abe37b-2bd4-4f08-9748-6b9e2172d721	27.458	fast
7d2b5ee6-e0de-496e-9a67-5ee6197afafb	7.342	hac
47fde5ea-7e0d-4c78-a852-e67872613686	23.837	fast
d7bfd95d-3857-4019-a67f-f0059b2c6d4e	18.809	fast
3593dcbf-31ad-434c-90ff-a9843e00974e	13.604	fast
0dffdf8f-e082-403a-9e0b-d05a10ad972e	5.731	hac
73c0eae7-a3f0-4162-98c6-7811482ba351	25.427	fast
ee5f0d63-a7a9-4b24-81a5-11b8df8dfb96	23.873	fast
07c43d1b-09f3-4b99-88d4-fac4f9f3d775	22.642	fast
02d3d42a-5856-4c37-8dd9-b72ea7cf3d6f	23.675	fast
2f0469f8-3429-4512-8923-c9a83929a8a4	8.390	hac
ac2d9339-a60a-4436-8253-2ffd5e8f60c8	27.673	fast
1a70e898-8272-452e-ae1d-8373bcb23348	21.597	fast
6cd389dd-2a4f-4baf-be1f-1a1e9057d6bb	20.092	fast
bf585899-5040-41da-aff1-bb32ab47ac9b	23.360	fast
8a6e81a5-53f9-4d93-b353-cb363ad30423	23.002	fast
dda355d5-6c3c-49ad-9a48-d815e90a4cd8	22.384	fast
0b1ceacd-ca4c-4aff-bcd7-3ce4c45a6e31	23.572	fast
0be8b95d-e848-492d-9972-f0599b924925	8.149	hac
e63903e2-499b-4f51-9a0e-1925956cef78	21.355	fast
2ab47c51-553d-407a-b1f5-4f36c0fb8b3e	20.835	fast
07d1d7d8-fbcb-4345-836a-4c79e77fd4dd	23.385	fast
25fa3864-f6d5-475c-88b9-104f06ae93d1	23.286	fast
bfdcfaac-b301-4d4e-ad2d-2ca9e2d582ff	22.468	fast
b092f627-f7af-425b-8895-082ffee54ed5	26.145	fast
0585e1fe-2d96-4d12-a50d-6423e7c131b9	23.843	fast
7b52733a-dc7f-49a3-8171-d762ac0107cc	20.293	fast
bf8c79eb-f61e-441a-8cd1-4426b30d8a95	4.175	hac
4c4f78cc-0d65-4216-b947-02e75f85c82f	23.471	fast
b36c0e91-c16c-49f9-abbc-0581543e524e	25.865	fast
2ab57303-493e-4fd5-935b-1c769a36c262	23.968	fast
412d8cf1-acf7-4144-af80-3c2465961bb7	23.257	fast
c1210178-dbc0-4bdd-a827-bbe854f4903f	8.942	hac
afc31c18-663f-4833-8150-70ac0c1fff4f	9.767	hac
cf00fc3c-a24d-4c48-b961-adec6fa43430	13.621	fast
45d5cb5e-af4c-487a-9c26-8318c0ad3775	20.779	fast
def93d0a-4825-4692-bbba-d25dee479bff	27.592	fast
4fc64a94-e8dc-440b-b3c2-a686b6e26215	21.767	fast
d412ba77-1e68-460e-aa58-15a3d954ed8b	16.987	fast
534497fc-ea7a-4d79-899a-c46a4e4030c7	30.455	fast
b24070bd-752f-4644-84c8-7df00271b0a0	9.233	hac
71e05fa2-7f77-4bb9-9f4d-286ac48aecc7	22.146	fast
89525848-b1f9-4cc2-ad13-fa2009667621	22.313	fast
1eb2804e-564c-4d53-9ad7-8783593c4a92	23.441	fast
041403a2-5b56-4e7c-ab79-3eee8f374c73	21.066	fast
b5e9ac1e-22b6-40dc-a7ab-ec72553739d8	24.038	fast
d7066614-9cbd-49a4-81d3-060d83aafd80	25.721	fast
dd448561-2919-4b6b-a049-ceb59626f936	25.724	fast
07ee798c-5c4e-4b7a-9890-cdf214b747e0	22.269	fast
4eaf939e-0567-4281-970a-4d14a9921a24	26.015	fast
d1c1d688-810c-4e35-95a5-e4e32b72891e	26.288	fast
83be11fd-6a3a-44e2-b653-7163d2e71a38	20.503	fast
bb231de0-cbd1-42ae-8598-601d96eaf560	8.075	hac
2774aa22-372e-412a-94ac-b4aeadf4a9c5	16.374	fast
a3a3ffa1-9269-4834-92f3-6222d090ff10	23.751	fast
c77b2940-e61d-433d-8f6a-640d2c8d7d9f	26.321	fast
0ac00b3a-767a-49c7-b5bb-7157b6162352	25.374	fast
a4ffaf61-4c76-47c6-89d4-4a8c66176974	22.212	fast
619df4a3-22d0-4fbf-a998-4f8f0a6434cb	17.635	fast
9fef7ca2-2d17-4018-9649-d38919ae48f0	16.925	fast
be24066c-5f0e-4a23-95f0-6651a1e03ea2	12.425	fast
081a67f7-c3a7-4057-a36a-248b83ffe567	24.466	fast
82f76348-cc78-46bd-9acf-ec53a6555260	27.081	fast
73faa61b-dbda-435b-bbd1-6098d7f62565	23.856	fast
b140a2d3-8118-4443-9fe9-9e1518631d1d	8.402	hac
726841dd-6315-4ca1-8e54-384175851705	5.661	hac
61f58c03-bb9d-4748-a85a-25dc9daa43aa	16.418	fast
dcbe2b23-0b39-4a91-aea8-a47ee708bd38	18.961	fast
e5054bd8-6c00-496f-9c69-96687a2e14b1	16.380	fast
0896aa0d-d6a1-432b-861e-1fac66b7f216	8.429	hac
a5cda531-a430-42f2-ae5a-f4ec4de2e14b	21.528	fast
17df7ef9-f7d7-4989-a8e1-bc98a8e0fb03	25.703	fast
d8f7a3b2-c46e-4a6f-a073-b9eb147c71aa	8.530	hac
2e36cc01-2d68-49ce-af5b-b63a2e88b68d	25.358	fast
7f09e541-5e57-4500-b9b0-4d4074c7349d	24.908	fast
9de8fd01-27ed-4afa-9296-c2fee7f060ef	27.320	fast
4f9ff894-b602-4221-8ac6-2326706ca537	8.835	hac
a08d745b-c759-4ab6-9f1c-4f032c011399	22.724	fast
d06eb01a-986b-4a83-8d57-736d6b0203a7	24.434	fast
6c9463d9-c8e6-45b1-b308-022124728ea6	24.881	fast
fdc112ae-e387-4e44-9fa7-4737523da8f5	23.964	fast
835a6c46-7870-48b3-8ed5-0b0b552d263f	23.919	fast
34ce1d0c-d124-435c-9cdf-76532cc7a6e2	8.842	hac
c0a7ef1c-ed96-468a-bfad-4de00664e507	21.494	fast
629db031-5797-41d6-b646-dab219608ccf	23.693	fast
eb7dcf47-5773-4a95-be5c-92d93e7784f5	10.829	fast
b4a526aa-59ff-401c-b1df-65ccf9e31d40	23.147	fast
85ebf667-4855-4b23-99a9-a2708f9f3708	7.948	hac
819e2fed-95a1-4442-9536-a661f7fb2a5d	24.495	fast
6897f42d-2e69-44e3-84ff-7609e2f81f12	25.880	fast
21bad7ae-dfc9-4cca-9357-fc9c00466c10	9.398	hac
56c09808-cdb2-47d0-b6a4-0d2ae1211406	24.306	fast
cd975f99-1ee7-4cbb-8f08-1a197001343c	19.679	fast
61ef9bed-281b-4c83-bc0c-0d25e56efb72	10.073	fast
e9fa0631-755b-4aa6-98d2-6ca06377248d	25.643	fast
d8e345a1-8e0e-49c9-84af-4644cf146d3b	17.667	fast
23484f9d-f6ef-442f-ae62-d3093a1f7f1d	25.649	fast
d2a6a697-4edc-4e3f-a032-19c7d9298490	22.702	fast
aeb52c9a-d06b-4664-bb90-784ef4e99f79	12.985	fast
43f36bd0-80f3-4f5c-8fa8-025abb907443	21.001	fast
47e14038-cbf1-47d9-a719-57c261f1dc9f	20.046	fast
6e00efeb-9dda-448b-9bb7-07d5dc2213f1	22.536	fast
9070eb0c-8f24-4f24-9b21-366d528fb2e6	25.333	fast
152c3f46-ec25-4237-98f4-99182b6edd5a	21.252	fast
592c888b-b54b-45d5-9290-62c7af4b65ff	22.044	fast
dee8ec2f-b633-40b0-b163-4cbbb6f676c5	9.611	hac
33b349c2-518e-4bfa-95da-a09cb1778390	25.901	fast
596bfe48-6c69-432b-ac82-386d2adcad60	25.585	fast
c00ecd92-94b2-41a3-a756-da6c33955bce	9.451	hac
842e694f-af51-404e-8850-27313a473706	24.365	fast
2e6d1a34-ceaf-42ae-9b97-49ec4af69605	25.398	fast
fbe6dca1-fb6c-4a68-88aa-98b1093af426	10.125	fast
9aef84b3-c395-4a31-8027-dea518e33bd8	23.479	fast
b63ebd81-c5a0-4321-897f-0bd2d7ca1ad3	23.548	fast
666d3d88-af8f-4caa-84d5-57b3092a3d80	6.293	hac
f60a1ca7-845d-487a-8ed3-720e3275b9d1	26.591	fast
b0e72731-54c8-4642-bfdf-538697eac099	20.779	fast
bd6ef37e-a88a-4cdc-aa52-af9ae6bcf0ce	8.746	hac
30778bfb-1684-422f-b684-0391c25babde	20.458	fast
e011acec-7bb6-479a-ab61-91f4ab51f038	24.227	fast
ead9bd73-58c3-42a5-880f-35108065bf75	25.825	fast
1ada9e17-e613-4928-a6ee-a645706c3629	23.325	fast
d061989e-2707-4e28-b4b4-94f4172794c7	22.905	fast
a879b29a-e552-4098-94f4-ba861fca5ef3	21.561	fast
fe0c5052-2f3e-4f6f-a99d-f3b64a9e4e6a	14.706	fast
971987a1-6634-4899-9b88-0b657d555e5f	25.539	fast
3b358901-ee45-427f-883d-d6f04644f815	19.298	fast
b20e226a-1189-4fe0-ba5b-a7a57a23ae5a	19.477	fast
6b1d713a-0378-4d74-9e3d-d631c3729ed1	14.973	fast
f6f3434e-359f-4d2c-9536-f78a1a90093e	23.151	fast
56f98c94-8af9-4db1-9037-20fdc1fba6df	25.435	fast
944453d5-6843-464c-9b21-113c0b120ffe	10.442	fast
3945eec3-96b0-4e4a-b834-740646fb9ab4	18.957	fast
bf48d404-9767-4df0-8849-8dbec79b421c	23.746	fast
2712e173-3b1b-4bc2-95bc-d0dd6697bdfe	23.417	fast
6a8befdc-ed0e-49ec-9e66-4576c8e152db	5.482	hac
5e957c39-6207-4657-9361-4684ce83ccd6	27.774	fast
1b0033f7-4a13-4503-bc2e-d4892239392a	22.202	fast
81dd6878-1600-4fb1-b82b-cc165c8106af	16.155	fast
e18df9ae-b849-42dd-9089-9eb1e3d85b28	23.447	fast
8a71b9ae-2999-4cc3-bed5-19205892d772	5.795	hac
a6ec14ec-bc77-46e4-8566-f89148831fe2	23.323	fast
abb21ca9-9878-4982-b447-479636d8d838	23.929	fast
46abfc47-4d49-46d4-829d-a2a3fccc70b3	25.846	fast
c919f951-a6d8-45db-b9c4-71498dfbb80f	13.566	fast
fb707045-c508-4de3-9c26-cebeca8db20d	24.826	fast
ab774a1f-0bf1-41e0-b3ca-4836dcd12118	18.438	fast
b31fe233-e71e-49ac-b54a-7102a0fc8c8c	26.834	fast
9c260626-abe1-4d4f-9c25-e83ac7447fac	8.839	hac
93ddaecc-b56d-4385-8922-61fa14105578	7.587	hac
ea798d46-ba6b-417e-ab1f-daed044d456e	14.356	fast
c07dc76b-5e24-4b9d-87f9-4fe0de5358b8	27.209	fast
caaec3a7-d8af-4b53-97f3-44b457dbe592	9.350	hac
6f839cf7-3f77-432c-88ce-dc6daef66783	21.237	fast
f322c1b2-73d8-40ee-8adc-2f5be45094cb	23.140	fast
497c859b-9075-476d-9642-137456dc2a4a	8.471	hac
0b353324-c7e8-4c5e-8f83-b2b77fa4430e	22.205	fast
fd237c2c-da5f-42b2-9a26-ff20d63d2bf7	7.453	hac
218df1e8-4bb2-40f8-a47a-8cfc55e9c9ae	8.798	hac
c9ebfef8-b67c-4533-98b5-7306686936ae	25.624	fast
e5361f75-24da-45c8-a408-30dcf11d691c	22.556	fast
92a132ec-8914-4e36-a9f0-f2dcef9b0832	21.197	fast
53be196c-450b-478c-aa34-faeae8d1ec23	20.984	fast
5b39fa43-4cdd-4dbd-afac-20f4db0957b7	12.306	fast
a2665cd2-06e1-4527-a819-05b4772e26ea	25.665	fast
c8f3b318-69d1-4317-a3bc-01952a53d302	8.640	hac
5db19e90-f0b2-4cc3-933a-60ed3feb6062	27.337	fast
d1542bd2-d7b5-4140-b2c8-6891a496e769	9.413	hac
d815cad9-c366-4671-a5ab-36a9949fc01a	21.553	fast
9a2e462a-370a-4b85-bae4-43d176ca3d75	24.161	fast
f628b747-acf7-497d-a217-a3b714636f33	25.704	fast
eb9e9a62-3030-4974-98d7-66d7a4cc7f7d	10.155	fast
eb87ff3c-b9b0-4bc8-a99b-aa708027be68	15.983	fast
e4b6623d-c8c6-4b67-abae-b4a08fc632ca	23.465	fast
a7af147b-00d4-490f-8ecd-f616a5d4fcb0	15.846	fast
802a3fdc-64dc-499c-ae45-f0028bfaf023	21.574	fast
fda093ee-186f-42cb-8fec-0d395271185a	5.000	hac
e78f672f-d6ef-4a6b-bbb0-23e1e3991fe8	17.009	fast
63dc4977-ecb4-4e4e-a1bf-02a57de60f90	9.471	hac
ccf398b0-f47e-4a64-81b7-d78faf2788e4	23.182	fast
12bed139-e556-49cd-b90f-f6c7ffa08708	23.934	fast
06e59399-1986-401f-9973-235d7904ad3a	21.728	fast
38637140-11b2-4047-b70e-aaac62723633	24.297	fast
04416029-fec4-4f4a-a78d-931d0527f3cc	19.878	fast
88511819-b0bd-4a79-b815-929c442106a3	14.285	fast
41a6bdde-0a7b-426a-873c-98bf226af9b7	25.203	fast
126ccb20-05cf-42c8-96dd-2d3b16a9155a	26.808	fast
10e4ed3a-4e0b-4014-b227-6c9fa8632f6d	24.286	fast
4b1160e7-f870-4143-9ccb-47b9cb98387c	17.505	fast
50555b31-160f-4c85-808b-ec527b722d49	23.834	fast
988a2975-c7cf-4638-af86-faa4ba140384	32.275	fast
ec11ce51-72f1-4d8f-9729-03aac63ce5d1	9.804	hac
9051014e-452d-44dc-ae80-984ea3208144	17.155	fast
52186419-893f-4707-a368-9e9f5f63479b	26.249	fast
be42a780-75f3-4d83-919c-5fcffc931542	20.023	fast
af8a879f-cafa-4e21-b45c-73e631e926f4	22.086	fast
a4659de5-024a-4fb9-b303-3b68f63ba374	19.309	fast
3a255e1e-6013-468f-8c3f-4eb7e11317c0	18.405	fast
e7ae5feb-e958-4543-a098-d3c1bb905cc6	19.717	fast
5261e7ea-dfa9-493d-925a-9b6535a5e07a	25.765	fast
9092f1f4-b516-4b26-bf20-d3fd8ca6e7f7	24.859	fast
a6ffd231-c818-4676-8000-ce27eecec40c	24.134	fast
66ee1974-2f41-46cd-aead-061be16f65bf	7.229	hac
83593f10-04c0-48e8-bd97-dfdc343853da	8.492	hac
38826551-7716-457a-807d-02d10860453c	26.922	fast
e9f277db-77cc-4c62-88e9-0f528814699c	24.585	fast
c810d05d-700b-45b4-8c26-23f9c52eb32c	8.895	hac
adc5a7a4-69b1-4740-9fcc-0f8eda55675a	16.994	fast
b7335bf8-9ba9-4d80-9370-1efd6b9367de	9.981	hac
23afb060-484a-471a-941c-e299035a9811	26.589	fast
372628ac-7a5f-4a0c-92aa-13fe617c2681	8.502	hac
7ad0d154-3c07-40c7-b7c8-ff4c9135088a	23.035	fast
6d62c2c3-a4a7-49cb-bff7-b3e00584b3ab	23.905	fast
80c6ff90-701d-4779-af70-c36c348d9a9b	27.338	fast
d6849442-f5d9-4fda-9f28-b93d2e896d66	10.049	fast
8ce8683a-cc47-4b2c-bba0-337f31e5bae4	24.272	fast
22617420-e8cb-495d-a39e-869c2a10905b	14.042	fast
0f352984-1243-4fef-8785-857c4cffa3dc	25.095	fast
0252433f-c8ce-4a33-9ac7-bb8c56c1d0dc	7.152	hac
dde31fed-b172-4c37-9e57-1deb62a2d846	10.238	fast
4cc98fb4-f654-4296-9f7d-af67bdcd08b1	17.392	fast
267f069d-4925-44d8-a592-ae707426cab1	25.592	fast
dec284e4-4b7a-44f5-b0e0-e294cbe95291	18.124	fast
aa872b55-3144-489d-8f1e-d03308ebf825	9.159	hac
410ebb7a-0715-4e65-97c0-cf2b93568600	4.827	hac
473c679f-fbd0-471d-9377-9fe209af1023	22.470	fast
a336ae4c-50e5-4129-97de-b5288136440b	11.350	fast
08c3e7f1-09b5-48ae-b655-6baeea08329d	23.456	fast
49545c69-f618-4346-b8a6-d375df16ef64	24.136	fast
67700e5b-4448-43b4-baf9-3d4c1042247f	22.341	fast
0a702814-6ed7-432f-a1f4-4f2b7b1b8d3e	6.442	hac
3a82443b-4e40-4df1-8c42-f75ed8d0cb53	24.766	fast
c74979cc-12e9-4ec8-a3f2-71a17cf17678	23.464	fast
41e04bcf-2404-4ae4-a866-71f0c8fc99e5	26.420	fast
fa609a8b-c197-45dc-89e3-0abb397d61bf	12.966	fast
6921d139-26c7-4ab7-83c7-a9658b12b83e	24.688	fast
57aea0b8-7a57-4c6f-9f08-7589bbac44d2	7.743	hac
b12c933b-942d-4aef-8e34-27fca559b7e5	23.422	fast
37a0f84c-8177-40ee-8b49-cb69eb6b184c	23.565	fast
0c735398-d864-4b46-ac43-7a6ef08aeee7	20.026	fast
338763c8-b579-426d-99ee-5432632f81de	25.180	fast
a69c77da-bed2-427b-8669-86d5da2a2264	19.570	fast
f60a90cb-5907-4a01-b66b-4156aeb8c76b	23.502	fast
1a3fbe9e-645b-47ea-83eb-b863e987dac5	17.376	fast
367ab7b8-904e-4044-9da8-d21ff16ccb92	20.093	fast
0dc9e5f4-174f-43e0-97cb-88b74152ea51	22.231	fast
7d06985f-6388-4349-b84c-f06f0cbfbdf4	21.394	fast
9e5d7ffc-9f79-4946-9ae5-f82886bdc6a9	19.878	fast
ff6ef053-0fd7-4b4f-9589-152d16f08a5c	25.708	fast
ce143cf4-35d5-4226-8b2e-520b5d43f7c6	21.564	fast
ef377f38-5b23-4f9e-8351-64abf92dbead	14.929	fast
aa251cef-db8d-46f6-bdbb-95db9c07fef5	22.273	fast
9d7d4525-63dc-470c-a10c-d75c2a4e9b50	13.933	fast
a1b3ac29-90ba-4a91-baff-456724956e4f	6.200	hac
53566560-efc2-4c79-a8b8-53b40197f709	19.620	fast
c0074dfd-4727-44f5-a88a-3ce373e736d9	23.369	fast
3866cb2e-9e4b-41f5-9f7c-560b18ea961e	14.270	fast
e4c229c0-350c-4e4b-9ee0-ff559a28ab5b	24.139	fast
dc86a45f-fd67-4cdb-881a-7a68a5f65a07	6.863	hac
9a14a35c-e9ec-4c7f-a93b-bf0c2c10e63e	26.552	fast
1bf25959-8a9d-42e5-b811-c262de188f84	25.499	fast
4b1a121e-7260-43f5-98ae-311ea11e49e7	29.219	fast
01f8604f-4d8a-4624-b9b2-64a813518794	24.630	fast
1898e4c4-86c2-4870-98b5-a0064bbd45bd	21.285	fast
22f486fd-c397-42db-bdeb-34fff697c688	21.668	fast
e4fe25e4-b234-487e-8f34-643b32108095	17.602	fast
92fec13e-f235-424a-a673-e23239f5a7dd	23.041	fast
f1de1a6c-f3f6-4c69-93b2-d4dc535e1123	22.611	fast
7b27cd8d-e1a3-4929-98d1-eb0f5973ab00	23.543	fast
5a1e4f64-bdf5-44c4-8094-9001b44bf81d	21.811	fast
5055f274-33ec-4fa4-bd74-e1c57c08e414	10.809	fast
911de0f8-e26a-4f4f-9e60-5d8cd2b44f86	20.219	fast
ddb25638-7e05-466e-8796-14c4cc0365cb	4.736	hac
a8857f21-a004-4ea8-b079-0bb57b2fb4b8	21.376	fast
44df7d1c-59fe-45f7-8d47-b5c26d2e546d	17.079	fast
fa466ab6-f814-4de6-b398-de29946b2bd6	10.994	fast
a9fa5e84-e2e3-47a4-bd5d-d24540d1d761	29.633	fast
dd212019-6789-43b6-8f75-4b5f534038d2	19.640	fast
c97a83d7-4270-4dc2-8c1d-1c9fb0343eea	19.523	fast
7abac93c-798a-4791-a83b-84da3a992669	9.076	hac
89fd8982-55f7-4424-8402-21edb9e652ef	18.181	fast
59a9d5a0-a8a3-4f9d-8e7d-06db4db6d568	25.441	fast
5028a760-c9ef-4279-a1f9-2da25c15a286	23.933	fast
0aa56702-e303-4e68-b309-a1c7da1b229e	4.477	hac
7bfa2fc3-e3e2-430d-a28f-6389c4028f9e	25.330	fast
efe8c349-29d7-4fb3-a30c-13533293a528	20.656	fast
76432e77-ea06-4f73-a516-9f65bcc636ff	8.568	hac
99011a1f-e585-4dee-9e6e-3b5176653d4d	8.646	hac
96a96310-f300-40d5-8acb-3fb5c5900bfe	23.192	fast
bcc6cb46-6d0a-4696-9b65-b54a8801ba88	20.272	fast
720efc3a-b6d5-4f2a-8341-5f4610965bd0	20.120	fast
74d1601c-eb06-4c44-9abe-8d531de76441	7.889	hac
e0717e56-0834-4980-b8dd-c28007eb1a76	23.038	fast
46c694fe-344a-4c7e-92bd-f9284ec12b9e	26.537	fast
e2a3e079-e25e-49d8-a5fb-0b967fc2b5d7	7.700	hac
5d0e6a35-4ec9-443f-b29b-741d39d3bbca	27.355	fast
a4a18cb4-f63b-49e9-91be-ffe160ab7218	24.278	fast
5bc3bba1-a4a0-4fac-8dfe-8875f3f4211e	18.605	fast
c18ff3e4-e7c6-42e4-a14e-800998559a76	25.211	fast
6cf0e6a8-1d25-4e37-989e-3cfa30f3dc9c	24.607	fast
bc7fc36b-9f0e-408f-8782-76283951e7fe	18.622	fast
499151f3-bfbb-4045-b7a2-37d233844b6f	26.277	fast
98bd8918-da86-4921-bfef-a9c8db50ca35	19.483	fast
f5d57d5c-e933-412e-b937-0aab64cdd180	8.386	hac
e8a17f44-5364-451c-88b4-11c048492bd3	8.573	hac
66e25c10-8a8e-4f60-8480-5f5abe0e2b54	16.138	fast
60964193-aba0-4f93-9df2-817451c864a4	13.057	fast
b9441b40-e64b-44da-8a39-f8611e8b5d46	23.711	fast
30d0979e-5053-45b8-870a-51f6a2fe2b35	26.685	fast
61c94f7b-b2b6-49ef-8004-bca831201e28	21.351	fast
160abe8b-48fb-4c4d-83d6-325a0cd3858d	29.254	fast
109f05ac-3b85-441a-9bd7-eba5ab555637	24.290	fast
f8e9dbef-3f46-421e-909f-70f434dac45e	22.490	fast
94385b4f-2044-4dbb-bb17-eb723b675e8a	18.272	fast
82e59cae-1389-4c9a-8851-388bb5542828	7.855	hac
26dfb191-8c9b-4eaf-adb7-c7c0ae8f7200	24.638	fast
ef0b975d-900f-43aa-a226-523a13108224	17.301	fast
31c5c075-4369-48af-a7ca-bf46426be4b0	21.443	fast
cc1d473f-b178-470e-9967-4d7bdde8aaf0	22.528	fast
903d6fbf-a810-4d35-a900-413459c00e41	24.767	fast
fc8bea5e-e8ce-4f65-ac34-ebf566f0e607	9.154	hac
159686e8-7267-46b8-abd2-4e4266a44eb6	23.737	fast
d7a7bc7b-42c8-448a-a15d-73efe8100dda	9.012	hac
652c62b7-d674-4a22-8a3a-312ae684d043	17.716	fast
44aaffe0-e1f1-48ef-9b1c-1f81a93b9d69	25.272	fast
3aafe657-ebf1-4e99-a4ee-9dc5103d2eaa	22.730	fast
dc1700fb-4685-4dae-ab73-8d2b03b786a0	25.578	fast
f7b07d7b-5d9a-4fa6-b17e-f4402c1dee05	21.323	fast
8276bec0-c42b-4267-ac17-bff88ef8f8a7	24.810	fast
5db0ec68-7730-481e-bfb3-f88bc84e028a	25.487	fast
84d7a801-680d-4e51-bf4f-faef8b5155ae	26.830	fast
96659b74-08db-413e-b9a6-89272b05bd81	21.578	fast
cb01865d-bf2f-4d66-94b1-e9fa77ad7270	24.041	fast
aa184db3-c9f7-4813-91cd-04b42228af35	8.274	hac
9998ad9d-0468-493d-990f-1f1f19042b0d	24.582	fast
e4734b8c-966b-47ba-8b28-c18bf93636d4	23.472	fast
8561101b-f3eb-42dd-907c-a9463187c5d3	15.262	fast
3e942354-e851-419f-8c84-43db8ef09885	24.273	fast
da196635-0830-429d-becf-dbaac5d596cb	26.051	fast
ea063d1a-649d-4fdd-8595-0c0a012eaca5	17.475	fast
25a17372-8939-4fdf-9077-7ba18f8c3785	8.710	hac
fb4d6dec-72e5-4a9f-8a2e-5f17af34c504	19.985	fast
6f70f6a8-caf7-4e59-86f0-7665c59fe2f4	13.485	fast
21abc4d1-2ef0-48bc-a383-b3d3acb263b6	9.246	hac
67b2d8f3-d6cd-4a64-902a-3450c335c239	24.981	fast
a82139a2-0da8-426e-829c-c006a2ca56e2	24.584	fast
dea4d931-f6dc-4eee-b499-264aae06080f	20.748	fast
43d9626a-8ebb-42f0-8f4c-42abd3444eee	23.061	fast
4a3337c3-0de0-4677-8585-27e7d88a8dc7	24.248	fast
4308086e-13b2-4793-a879-ba516c4d5bb1	20.074	fast
79a24635-21f7-48d2-943a-e33b4bb70f1a	19.009	fast
915751c3-ac46-45d7-8039-1b14f5b08ee3	24.260	fast
fd432ffc-c81b-48d8-9688-71f61a82e66e	26.130	fast
12d9f3f3-d1fa-4ca1-ae75-932b5e405311	9.312	hac
41eaa6a3-0ae0-419e-92bd-72fa79305a4d	12.785	fast
94e870a3-32d1-420c-8ca1-9a01092beae1	7.620	hac
4494bbe9-ddbf-4c77-b562-fbc727df77b1	25.876	fast
3431cc85-af52-43aa-93eb-09f6401dd2df	28.256	fast
7407cad5-49f1-43d7-b5df-bd0b7a3bafa4	7.091	hac
f01e5c17-bd63-46fa-9bd6-f6899872279b	24.543	fast
861b3881-681b-485b-8990-d3cecc4deb87	27.909	fast
24c774a8-7c45-4196-a686-ca94c8dddf70	10.421	fast
dea5687e-25de-44ff-9292-93ad8c965f32	22.423	fast
e70cc6e8-38bf-48bd-b563-d730a005fab5	6.442	hac
a29c096f-ba9c-4c3f-b3c8-affa904a546e	24.620	fast
682f5f90-cd2d-42c8-8b9c-f451efb345bb	14.573	fast
f9ce5b2e-9d57-48b4-96d6-5a9b0ce03669	23.306	fast
75a5bc39-f29a-43a2-a168-d9344ded901d	25.383	fast
f45f5d6a-2e32-4169-b391-92dec67b1960	25.099	fast
a75dd8a9-1cd9-464e-876c-1359aea1e546	23.045	fast
a26d21c2-7b71-46b2-a4e5-67cbd6bcfc86	25.506	fast
47e02034-e49e-4f86-b527-4653c38a4459	6.875	hac
68f2847d-15d9-4c77-9f11-af116af90d84	5.499	hac
7fd7b08d-ccfe-4b04-bcfe-b3c61a87a989	25.582	fast
20861356-711f-4dab-95b3-808b76b0cb59	18.568	fast
5c305585-fda9-463e-ad82-ea1b9fdda9d5	24.772	fast
87aa6d02-60e8-4c18-a936-bec576194c6d	17.701	fast
fb3d2400-f3c6-4bf6-b1fb-9be32bab9634	25.609	fast
a11e53c3-0e04-4650-94cd-cbc7d7f3d470	25.683	fast
43babf96-aedb-4d52-8a20-41f71e75a92b	25.197	fast
ba69a1e7-9ed4-49c3-8f5c-c2b71479d5a9	20.696	fast
abd28c35-ce2d-4fb1-852f-6d135b0130e6	25.011	fast
16ddf253-57fe-461e-9ee0-d6405a748add	21.495	fast
e7e364ea-f86d-49bf-b4ea-623be7f2760f	19.705	fast
b3ddae94-62d7-4800-8462-a282f5e534f6	22.969	fast
bfa5ea68-6b56-4b89-98be-6afb066ebc9e	26.591	fast
66976eed-13d8-41f9-a3b2-c2f7836e434d	21.723	fast
c6398679-3fd4-4c4d-9434-a1911a17737d	7.736	hac
b2b5dd3e-0f56-466f-a084-e9f623a99ccc	23.308	fast
79af520a-41a1-430f-888e-f8025c7b1897	16.747	fast
5989dd5f-f5df-4695-9930-198a1825aa5d	20.295	fast
6d669ec5-4227-435c-911d-3d0867de34ee	20.798	fast
43aa3d50-ad13-4f5f-9e0f-432ba962e64c	15.384	fast
c542b5e0-9bbb-48a7-82a0-712f22313c55	23.370	fast
58005cdf-8bd6-4a81-991d-62ffa93c4c3f	29.375	fast
a19d4021-643f-40eb-8976-245e5ecd2f34	20.797	fast
16433acf-8cf6-49b5-9f8a-577e716a4b33	18.955	fast
86e4aab0-f62b-4de8-b5d6-48968df6fdff	20.409	fast
15e1b711-39ca-4ea0-b01e-127fa5aaff26	22.005	fast
5629d42d-d83d-4e9a-94fe-476226c3bbff	27.603	fast
f1467a17-5956-4173-a57a-1e12080f5235	17.407	fast
ab00e93b-b76c-4d87-871b-87252d48bbeb	25.201	fast
bc858759-a145-4c75-a26f-0c07130251a7	8.787	hac
39443f92-3a33-4868-9c73-09ee13a572a8	21.111	fast
63632c74-8390-4e89-80cd-f40c919e0e22	26.249	fast
3c3fa10b-c0e0-4880-811c-4acfc78fea90	5.518	hac
7c5dc608-ac3e-4805-a4cc-79a472b86889	12.249	fast
ddc4c9af-ba8b-48ee-8a61-7a75ad09d1e0	21.278	fast
f2f801b4-56ba-4105-ac24-a82dc430e7a5	25.678	fast
a0ad693c-7783-432f-8d50-fc7d69522e41	29.276	fast
911e8da4-cba3-4669-86e0-878a4a5c0a98	17.872	fast
0e3ca33f-1fc7-41c1-b276-d78fcf335a98	19.514	fast
edc1752a-4e85-4e7c-a0b8-f288d10fd119	9.188	hac
3400eeca-171d-4e58-965b-dc9c1b2fb5ba	18.512	fast
2530b35d-7845-4a50-adae-aaf9aca58521	27.909	fast
a8e46c9a-dec1-40dd-891d-1e24dbac9df3	8.068	hac
73535e20-8793-4da7-be70-588d78a9f172	10.631	fast
3f9400a8-9f3b-4c14-b778-eb2e8bc5d2ea	27.357	fast
366c713b-697c-4535-88ad-783d8dcac0ac	19.431	fast
dd0377c6-36db-4ad7-9e20-89563a9d6fd1	24.949	fast
e1a3f54b-f3a5-473b-a2b4-84b875acea21	10.455	fast
e9e06bd0-8c66-41d6-b6d5-165be55d781c	13.263	fast
95b3f9a3-5d9e-4733-8a77-fb1c170ae8e3	28.014	fast
75180e9a-bc9c-4b10-87e8-3281863ebbd1	9.065	hac
3048f59f-3a4d-4bcb-aab1-6ed13dd0c2d2	27.009	fast
fef22c90-6b30-4c24-b1d3-63931771d5c1	22.490	fast
16e7ddd2-313a-4486-8cc6-d2778eb29876	9.553	hac
a9718e54-e429-4639-86c2-5fbe94ddc933	27.934	fast
981eed76-6fa7-4686-88ce-2c1845b81912	19.970	fast
e8cdad2b-b5aa-4a81-8c00-ba0ac71a5d36	9.951	hac
7f8bbd10-dd2e-4b1b-b0d5-f2d03517c65f	7.142	hac
57b84b5d-9663-43a0-ad28-911fcdf6b7da	23.421	fast
c4dbbe3a-5eba-4174-81b2-b44191f3c5be	24.291	fast
dba9c260-cedc-4f26-9721-13ce8444e138	24.624	fast
e6e5142b-aa07-4ef9-8b4b-dce064c8af85	22.146	fast
4b9f4f16-f09c-4616-801d-3772e1cda21f	25.190	fast
8ad95b50-aa0d-4fb5-9f6d-21359ca40a56	21.131	fast
51d1fece-c742-4fce-9031-6f91d7273b44	11.332	fast
fc54d286-e4b0-44c2-8ac5-7ccea9cfafb0	25.757	fast
36f64929-0fc6-4cf3-9d68-07b7cc46dd5a	23.361	fast
c0786147-11ac-463c-9538-637dc329416c	21.477	fast
293c4562-c691-48ca-b349-f49cb5665fe9	22.681	fast
53aa5135-cda7-4987-a2e8-97d21217ba66	8.623	hac
dbd56051-6f9e-46a2-848d-6ecfae574678	27.109	fast
39762fd0-5088-4ec2-9fd7-3a50ede020ed	21.667	fast
065b789e-ce27-4db2-a405-4cf0b5d9e40a	18.413	fast
baf93602-7914-45fb-aab6-66773a7c243c	23.885	fast
d2267ee8-6d66-42e6-8882-9cbd31039e48	17.614	fast
6328eecc-a778-47db-80cf-45f0ffdaa353	20.112	fast
239f08be-db09-4ddc-90dc-730cc8ab25ce	25.257	fast
6d484046-8f96-4536-b3d9-9215109a28ed	24.166	fast
1fbff64e-358f-48e9-b4f9-71f72ebc127c	25.967	fast
06548dc8-fbf9-4597-b8cf-56c65c8145e6	19.962	fast
69a32010-1016-42dd-b875-fe6c83e01af5	25.641	fast
36254979-3fb6-4dc9-8c89-52016b982e31	23.031	fast
0070d799-0649-4eb6-895a-28be3595a87b	22.616	fast
3c5571f9-d412-4329-9909-b2f088381f40	25.780	fast
77c284d1-7145-4f98-833c-cfc5f41d3f58	18.604	fast
a6ac35da-c4c2-4b46-80ea-319b3ae1a536	23.598	fast
d0c8bb79-b2e2-482c-9d83-d108e243afa4	32.196	fast
3630ab1d-92ea-4434-9add-e9fcaab2ac87	24.750	fast
7ff1ef39-6253-4c0b-bf4c-607238f44f1e	8.863	hac
2398baa3-9cdf-41ac-ac1d-a5988942b7e0	9.179	hac
40cc0a18-c890-4550-87fa-a800af9f7132	6.758	hac
a1481ea9-65bf-4879-b41e-43db2c7e3166	24.985	fast
10d2d94d-be4f-4dc9-b79f-a931765ab91a	20.162	fast
f4db9974-c8f7-4fbc-aea6-5c4c52beacee	8.565	hac
32a6fe37-a640-47cb-bc4e-877a3e3f1c61	23.471	fast
1f5a494a-ec7b-40c8-b610-5f6139872582	24.622	fast
05eddfb2-5fde-4692-9c01-b8c4b3074978	8.371	hac
4dca91f9-109c-4f9e-95ff-fe8df23ee055	7.996	hac
a9645ea2-2e74-4756-bb2e-913f86689e29	23.295	fast
365b2d1a-2abb-44a5-90b8-a3a9b89213b1	7.928	hac
0d86bfe2-00d9-4638-a495-a1b34c7fdef6	24.193	fast
93c9dd82-5cec-4980-aadc-96d422b98a4e	12.067	fast
82595af1-7a9b-4a1f-b5c3-323b7ee12a49	22.564	fast
2674fe80-32ff-46ad-8882-dc0af7be5022	24.974	fast
c83abdc1-ec9e-42fb-b041-d3a126e1696b	19.137	fast
001ba6fe-1c30-4294-a557-5f91b7036375	15.643	fast
d23d841d-d4ea-4bd6-b572-175cab7fb535	18.703	fast
22711982-5c83-48cc-9450-a0db20dcb930	12.825	fast
585ff598-c7d5-4197-aa99-1d6ae0da311c	7.702	hac
c0dce55c-2522-4442-9979-77bc92dabecc	24.215	fast
d6a2770b-8b28-4260-87ca-48109d0660ec	9.439	hac
8cec54f4-aec0-4920-aeea-8e9845e25632	8.707	hac
d666f0e0-f888-4179-be15-a919fdc4b7d2	8.447	hac
7b0543a5-b5ce-48bd-b276-aca9a31c0892	26.690	fast
c921df47-51eb-4254-a47b-daebd20889bb	21.946	fast
03cb0394-3c0e-4434-9820-a9d38ff6ecc8	25.688	fast
cd30099a-57dc-462f-a413-92afd124fb35	27.229	fast
c284c8fa-24ae-4cf8-a463-bf2ba68dd8b8	20.443	fast
c4a86996-8507-427e-aa61-4b675aa8939c	15.117	fast
a6e8dcd3-2ca1-4789-ab5c-94961a44ff3b	18.958	fast
89e1714a-ae1e-4f77-a710-7cf87575831f	22.729	fast
5f816e96-282b-4814-9fb9-9ab6b85a36fa	14.701	fast
8625ba9b-971c-448a-821e-4fd880eb95d7	24.098	fast
af0fdaf2-f5fa-4016-9d4b-a2cd72b55c2f	13.649	fast
a72b6c8f-bbc2-43d6-aac6-51760c211d2a	25.863	fast
2d32b21b-0a51-4724-bf78-f33d816ce8a7	9.201	hac
81affa1c-0bfa-4c35-a9de-cc6aaf684997	21.981	fast
86cd6e5d-8182-46cd-8d9c-866e23b8fd30	26.108	fast
2e24a005-c2a5-4ea2-9bb5-ad7bd9e9d2a9	21.886	fast
35b488d9-e013-4d44-90e4-26fcf413af53	20.309	fast
8d167111-e589-449f-a2cc-57b955bc41af	8.548	hac
894db907-991f-4239-97f5-5a7016f66aea	27.686	fast
7efbde70-3d78-4c07-b37b-006b1a3b1efa	25.809	fast
a0b2c7a1-26d3-4b30-94e5-db0391e1007d	8.674	hac
9110a562-db71-4cec-bb47-5ae3d5acb6c1	22.453	fast
6a2eadae-d45f-4507-9dd9-71f8ba1ec5fb	26.169	fast
668af0bf-9e38-4ad9-8629-adfe3004faaa	23.483	fast
8244cd62-d242-40d4-a5e9-080ab9f6c588	26.805	fast
8e681c96-608e-45d1-a378-a9586dde8e39	24.267	fast
7fe3315c-3ced-4402-8f46-09931bd87d3a	26.554	fast
b34c557d-eb23-4318-83be-df9bfe8343ec	26.761	fast
4c37147f-3d70-42f4-968f-d91166901647	22.296	fast
4aeaa74b-5ede-46cb-8ed0-a3e26ff4d28d	24.354	fast
c940caa4-f657-460b-a9e5-67b7df849366	20.859	fast
45f47146-2b7c-4aa4-82bd-dd3654156f41	19.637	fast
7340b948-15f5-446d-ae57-759293e6eb93	30.984	fast
cf48d798-e6da-414f-9790-6fe6de72673b	21.758	fast
2f75f310-8e7e-4ed5-8a7b-18f424329915	6.908	hac
cdefd51b-9a8b-4dab-8092-f4a1511bc111	23.031	fast
5785be43-c41c-430d-ac42-c1bdb4aa1034	20.085	fast
ce77e1c5-649a-42d7-9a6e-5e9e3338e6cb	8.004	hac
5997113c-6eb5-49ef-a0c5-95c36a48f4e9	10.459	fast
0c478a8e-322c-478e-b240-14b71035c402	24.505	fast
4c2185f5-4187-4a70-9a8d-7f7e69c5f2b7	16.214	fast
6606c5ff-6196-487c-bab6-a72b3b4ef66e	26.325	fast
8e7038dc-db5c-4d8f-8b23-1223c76f5de9	7.225	hac
0f6f6a50-7d7a-44aa-bac3-4aca369cb975	5.200	hac
e4b9e72f-81e6-40fc-b39d-08c4a53c2e4f	6.801	hac
63e14e50-71ed-40ad-a354-a7db9ed57c01	9.793	hac
61cd49fa-ab6c-4abf-8209-757574515c69	16.270	fast
c1674dfd-39da-4b11-92b3-7e48574a6b8d	21.416	fast
115e5d94-2918-40b8-b6d7-686329760eba	22.775	fast
ecc007f2-79cb-451f-b751-fbba3b769f45	11.493	fast
940d77b0-a543-4311-bcb1-a40bfcc0323b	22.913	fast
e1381a5f-877d-46b0-8d2e-93d0b9e40726	18.797	fast
7d542fb4-91f8-4baa-ba6a-7df453d4301d	23.912	fast
46889af5-2023-403f-b1ce-aec2d6ba2ea5	8.797	hac
b26e43fd-8879-4c73-9267-e280b9dde4a5	8.807	hac
ce618871-836f-4453-919f-3a355a86975e	18.311	fast
e2aec362-8e6f-49e5-b3d1-cf8d1549ae3a	26.100	fast
ec52b22f-fc79-4e6a-872a-17c93af005f2	24.618	fast
c52dba8d-e3ff-4736-b70a-75b72f4e7822	31.699	fast
e04060fe-c243-4083-bb63-4d8a32d67dee	21.234	fast
283a8b98-6049-4986-97c4-f747089c5c1c	23.486	fast
e51d1680-cbac-4900-9407-1eadb6154155	22.713	fast
6feebcca-54d5-4a71-8e17-b87fb1e0e037	23.104	fast
4f8e71f4-38e0-4708-a521-926f801eaaf6	21.621	fast
2d5b5e25-49e1-4214-ae7c-ca73bef3bd85	25.589	fast
351ce342-2c8a-4680-b99e-d6462d2df5d9	25.066	fast
0703ab14-db9c-49ba-b347-bff4f2eef533	24.980	fast
2e92f75a-3204-45f7-a053-a73e604afa84	23.940	fast
a039feb6-c64f-40d4-b6a0-9abeff664e54	25.709	fast
587acfa9-73cd-464f-8fab-26d8222bac41	8.675	hac
b7bff5ea-bf7f-460a-94fb-0676aea3927d	25.154	fast
1e24e961-ab30-40aa-bd2e-68cc94e3e585	19.012	fast
9657e572-0e6c-49b1-91e9-6cf8ca14ed55	22.160	fast
438e3ce6-05a4-4afa-b612-8d34205a1375	12.391	fast
2f18a40b-11f3-46e2-8710-d6ec379f1afc	25.906	fast
54951384-df0d-4d45-8346-d2b1d822209b	23.951	fast
c43062b4-f43a-44b1-9a17-607374ef8b35	26.300	fast
1449093e-4634-4e0b-969a-1720d0725617	20.179	fast
a1014c19-c787-4d8c-bb4c-246887fc8e92	28.961	fast
621d0d72-0ea3-4ea6-a17f-2b09efedfd38	23.668	fast
f1fe3a1e-ae17-42aa-9f76-984ac5037ac9	22.905	fast
ab0349f9-ce9b-4c5c-86e7-77f0b005b8e1	20.229	fast
3684cca2-0bb0-4fc9-9e99-4d936f9df59d	24.568	fast
508733be-6512-4db6-bb27-df148e0fc411	8.630	hac
70659f40-8f6a-4165-8ae4-38a8d55d75ab	23.916	fast
7130b29a-533e-4a14-828e-76b29f1895bb	6.969	hac
1ae42c68-c290-455d-aa05-041c3c7ea638	8.348	hac
0f8fcb3c-8861-4672-b4ba-1a980856d684	21.530	fast
31f9d5cb-be67-4a69-b3d5-d96015d4c8ac	26.957	fast
f17751dd-81ad-4f09-8d2e-f618bbed4e3b	14.689	fast
fe543042-961f-4c39-802d-f6525603449d	24.109	fast
90b991fc-33f4-42e9-a122-db0c6b673691	17.643	fast
748ed4da-233f-400c-8e20-13f1851a5ada	25.782	fast
a74574c0-e538-4451-a938-57cddc98d26c	10.341	fast
99361067-5927-402a-863d-b7e3a656fe34	7.403	hac
c55c7659-271d-4841-b769-f7081992a1ff	23.241	fast
1c2be734-b0ac-464d-af4b-7757f12342b9	12.287	fast
5bfdafda-51e2-439e-9cc2-4ec006b4e8fb	6.456	hac
d80f3ecf-ba7e-4198-8b6e-79c4c24b28c1	24.176	fast
cd0ce32f-00ac-45a7-b4d0-d857468caee7	24.948	fast
82fe7581-34cd-45e9-8e8c-f15a2afa35da	7.994	hac
e9ee3808-4bf0-4851-b018-0a094de3d7bf	27.108	fast
22295cb1-edc5-4f74-9834-83fe39c289c8	20.900	fast
f991b357-c28d-47aa-925e-c721a4628afb	25.566	fast
d4b5031e-9a7e-44a1-b1ed-a7bdafba5e17	13.581	fast
a3384ae9-ea4f-428a-96fc-83c8de1de265	22.476	fast
5908b004-dc9a-4600-9f74-ac6a96701aa8	24.845	fast
50ecfea0-0ad1-49c7-a2d7-4065da4cac37	24.717	fast
abd09ece-1835-41f9-b7de-1f3acafea038	26.671	fast
1a086680-c306-4df4-a8d0-103d0c72ebff	22.668	fast
abf5661f-134b-4079-97d1-8d49db1860fe	21.658	fast
42bd4700-5477-4602-966b-a73473be14fa	26.007	fast
8d3632ce-fd6f-4bbc-8520-ba2cdc32da23	23.076	fast
0d11531f-12ed-40de-a449-e64008d8067a	25.714	fast
7c9200a4-825a-49f5-ae15-2030a3eb90d1	24.138	fast
059bd9dc-5d60-447f-bb83-0e15c95a82e7	22.862	fast
b2ee47ba-6695-40ac-9d6a-b6fb27472483	23.902	fast
e4d72115-0934-4174-a47c-bbec17938b0a	22.140	fast
6f050dea-d9f7-4d53-a70a-f7b0cc9f349a	21.636	fast
0483668c-15c0-4c2d-bd1c-dcb000365962	24.203	fast
b077c9de-3b73-499c-9efc-a4cb302d8d88	19.140	fast
c5bc426e-da23-493f-9c12-49c344a35ad7	20.788	fast
04d09f97-94ca-4d44-8ce7-6cc81abf5baf	8.761	hac
4c199b31-f5b8-4e8a-83b3-fdf42475d2ca	26.193	fast
dfa5b696-2bf2-475d-9001-fb200b1ef669	9.412	hac
2d0be6e4-7c35-471b-b667-df067c048c0d	22.318	fast
51c85202-c75e-48fa-bddb-2a8180b017be	15.504	fast
4725357e-44e1-45b0-8142-cf78fc46e2fe	13.913	fast
aa00a4a8-87dd-4e3e-8773-8c39ec1545fe	20.758	fast
4a36d2b2-3975-4091-b12d-7d85c861c2fe	23.498	fast
ddad0c7f-c07e-4fb8-840f-d756c9bc130c	10.818	fast
5585f713-6b72-4cb6-ac4f-4d238ec12932	17.459	fast
d2e97903-d5a9-4d58-8827-82193bd05242	8.148	hac
9cd5ee14-a969-48ef-9bcc-4197b6d743a3	9.593	hac
710f4883-71b5-45b3-8275-377cbfaf98e0	23.742	fast
6fc8db1c-0ff0-4e0a-b47b-b5843ff66cfe	21.282	fast
5558fea2-faca-47c1-919f-559a59daf039	19.418	fast
bdd6f626-2a54-4426-befb-85991e974bc9	25.373	fast
d2f5bc72-2f72-453b-9d5f-c2e4c87f46de	22.761	fast
0d04ad54-fa0c-449f-9b8a-6a15ad41138b	22.145	fast
0042ed75-c08d-47c7-b8a7-64759a79f8d9	12.156	fast
8ac4b6ee-2a95-46d9-989c-090004920c6c	8.470	hac
15d1abbe-3e10-42f2-b747-aeae1ff41f81	9.037	hac
151feea3-a124-444b-b085-ea51f2a542a7	19.575	fast
da5538cd-3c80-415b-8d74-8277e31e59f9	23.297	fast
7b7356ca-24ea-4766-8b6d-26786a8a5f40	25.755	fast
720b70d9-3cce-4ff3-a1ed-8f78ec9383e5	19.917	fast
833cdc6b-6f25-4641-ab65-c7e46cb2f1a4	28.327	fast
856dc247-782a-4be5-a7ef-3fd3770768ea	8.985	hac
62964e34-e3c8-447e-997a-609b03bdb898	6.259	hac
2b69bf83-6af8-4ece-8de7-d804fb31ca4b	25.881	fast
efd32e4a-bfe7-4649-bc23-68525b5d01fb	21.911	fast
92c1bc72-2535-45d5-8db5-f14309c0bf6e	25.467	fast
182f36db-0dea-4131-8470-89e5a15c8db4	21.989	fast
909e25c4-4acf-433f-a394-857c0b23dd7d	21.818	fast
556e7745-0e21-4c1e-a697-2cab1e5c43eb	18.243	fast
9a92beca-d981-4676-8940-4f032467a23f	27.510	fast
8302718a-32cb-4375-8048-aed3a2485b7f	20.715	fast
edfd66f2-5076-4202-81a8-13cd40f5da87	7.802	hac
707a6cc7-7a2a-48ad-8156-ceb0516b587d	26.086	fast
c2314890-4618-4cbb-8716-e5e02ba20369	7.137	hac
6dc8c035-ea96-4dd5-8592-c42c1062cc5f	12.086	fast
11705fbb-286b-4932-a930-5032e5acd055	27.121	fast
45c03a50-b7ea-4bd1-8402-9049f22499d8	9.571	hac
40da2f10-b990-4438-9b63-b16356b17414	26.766	fast
ffe382f5-44ef-4ba6-9c3a-7962618f2bf4	25.797	fast
67d929d5-f691-42e3-a6f1-7809b05d8b0d	24.903	fast
fda0c728-32c9-42bc-b981-ccb3331ff17b	26.112	fast
765d6fb9-157d-41a0-a409-d4035c99f867	22.452	fast
69bac27e-5e3e-42b5-b887-a94ed2d0da20	22.312	fast
7c426e03-1e52-464e-a72a-3360da6728e1	24.546	fast
f9553026-6d08-442c-8c6a-90727e38f2c9	20.848	fast
b9745403-0c9b-4c1d-9e3c-e4b886daf8cb	8.041	hac
6dd9baa6-fd4a-41fd-8231-5de4458549ef	23.800	fast
b30f3f59-2bf2-4433-a2d9-87b70bd38154	19.718	fast
98887f1c-c967-48db-be1b-9266f17fbded	28.731	fast
d752d985-8e52-4c63-b35d-61a6b6fd3461	13.643	fast
402d5238-dcd8-4079-8022-3cd29224783a	26.210	fast
6fcddfe8-ed05-4861-99d9-44c93e7b4835	7.670	hac
70aef8db-c303-4d82-ba0d-d9019442c91b	22.837	fast
5c5d582b-f070-442f-8f80-1c312d148f96	19.978	fast
39ab6417-3f6a-4d61-a49b-93a3ee1e39df	26.878	fast
c6cf448e-66d2-4393-935b-0a93b717ccff	17.254	fast
f3f4031f-e436-464c-8495-4f77e7f50cc5	26.867	fast
21ec3bd0-aee4-4416-93b9-2bb79a2f2e69	15.961	fast
9802241a-9569-4293-90e3-953343aadbfb	14.439	fast
56065bc1-612b-44fc-adfa-f6715cd590b0	23.032	fast
3005bcf0-8781-4e26-95f9-6fa74fe05cad	19.665	fast
b2658c6d-eabe-4ca1-8857-cae9883631a1	7.074	hac
42d07257-4847-4ac6-b6f5-aff0874603cf	24.776	fast
ff56a3da-4e62-4562-aedb-c231a3409f45	21.815	fast
6b6bcee6-6a1e-407b-8899-ee6e251502ab	7.490	hac
1dc61145-5c94-4b4a-85b6-35c4f9322e66	8.621	hac
976a3f66-5af1-4750-99cf-798ae8de51e1	16.481	fast
9174668f-26c3-4935-bfd5-a8ddb9260c94	22.821	fast
7d8b90d8-4c83-475b-a2e2-298469719b5b	21.656	fast
ad171597-94e6-423d-be0a-c37b1a305e66	9.104	hac
10fadfa1-a936-4b6c-89c3-13c849136ce9	22.056	fast
72c42c36-0d0a-4acc-9273-8c0fb13b5ab3	6.801	hac
b9541298-6872-4e7e-8998-2aaacecb220d	17.910	fast
5b1a9dbc-c84b-4327-90c9-1d6ea50af174	10.937	fast
2f3fc1cd-c845-47b8-a15f-2a311607a349	22.866	fast
d29a9be0-6cca-4707-8dfc-a0e400f2451e	17.361	fast
8af693a7-9872-44a2-ac92-51e4836f44b3	24.487	fast
c6fb8950-38ad-43a4-890c-c34eb12ebaa5	6.220	hac
18f64951-8b35-47b9-84cd-d5dc92b839d9	8.830	hac
83556bf8-2707-4c27-b828-ab0bba49cee0	25.371	fast
25849881-9074-4667-a6b1-48cc074d11d6	8.384	hac
b3cf1eea-d03f-4431-b9da-75934832e897	24.354	fast
0a1575c0-b547-47cf-b87a-b0c938ebb531	25.020	fast
b0a5779a-77b4-4d0b-9f79-b1cd3c0de73f	15.903	fast
c6b057d6-8e42-4404-95a0-88491b1ed808	16.934	fast
483963c2-5cf9-4f19-89ac-046e214b8711	25.003	fast
0b7827f7-681f-4582-ab05-9bdfcaea2060	23.358	fast
b8c7bf73-5bb4-4d0d-9d52-ddba7d21ec11	22.652	fast
9a1380de-ce2f-4709-83e7-9a946adf32f3	26.249	fast
cdc762f4-7d9f-4c00-a1f5-8aa7330f8572	9.105	hac
78c48453-5957-471d-81b0-3508bce5148c	25.576	fast
0ab9239c-f515-46bf-858a-ea08ba5c9d99	24.074	fast
c547d8d2-1f34-43bd-af07-d80fc057a66f	30.312	fast
1e91bc64-55bf-4e44-b873-e35168c70c00	8.422	hac
07c1afc7-5c94-436c-b595-1f8edb386138	22.259	fast
0b55a963-61d8-449c-9f34-47b34b858431	15.731	fast
4faf1a2b-8e56-4b31-92a5-412575570d2a	11.498	fast
8b607693-744d-4da0-bcd6-a774c48b207d	26.614	fast
84dbdbec-a417-42c0-93a3-ffd3983d38c5	10.068	fast
8b05dbf7-4029-43d4-8b7b-f957356ddf77	17.592	fast
1d5b66ad-f9c3-4308-a8b0-f2e1c4bd25d5	21.815	fast
5883f03a-50fe-4011-a380-41c2fa9b07d0	24.790	fast
3ee863d5-b0db-4d5e-a01d-13157962a9a9	23.717	fast
440b121e-1c0b-429d-b9ac-0c8cd7556ce5	25.576	fast
296acc5d-cc4d-431e-82c1-85a98402a8de	16.754	fast
4e777aa7-a485-453e-b22d-684364d6d44d	9.361	hac
dd6e24c4-e15f-40e0-be62-3a366389ac8b	9.160	hac
83b6be75-83a0-4b67-972f-521f38be78d7	7.740	hac
55475f69-367c-473d-8aa4-97cb267f14ec	24.767	fast
9b2e4ce4-3c6c-4404-9d93-85d05f3fe383	20.772	fast
fa80216a-3fad-4795-904d-f50cf5b48b8e	26.939	fast
63f0eb49-d912-488d-875e-73cca264931a	24.496	fast
cbbaba9e-3e63-415c-9831-177c8127dd07	23.298	fast
e28689b2-26f3-44c9-a35b-a2d2b1c23baf	26.754	fast
69e7902a-5a35-4870-a4b1-c10079408027	25.780	fast
a75b7222-f550-428f-97c4-7af25409dd7a	23.304	fast
61191ec4-f1d3-42a2-8170-bfa63131ab13	8.635	hac
152a3d34-4fb4-49b8-995c-c8188b6f20bc	17.779	fast
44983dea-5a3e-4bca-82c5-7e98fea933f1	26.840	fast
89e72564-ef18-4bd5-9e82-df87bc791295	25.295	fast
5029d641-9e03-408a-946b-5919499cac8b	14.865	fast
55958d5f-0dab-4832-a590-0f00edd90ffa	11.779	fast
79de934f-2c4e-4a12-9909-44efc55307f7	22.273	fast
a7dec32a-1fff-419d-94d5-e1cef8b6b234	8.074	hac
b52aadb5-2c9d-42dd-95d1-cfad90948938	24.389	fast
4e3d8dba-ab36-4ec4-b402-fe45acefcc76	25.554	fast
31b09803-d88c-4bec-882a-941e081bc9ee	8.077	hac
b76047b1-9504-47bc-9088-fbdd26634bc1	19.663	fast
5085e15e-9b88-4b0d-98a7-00118dbb30c6	23.918	fast
8a1cee13-1366-4e4f-b066-6f59142de838	22.374	fast
4b10f41a-4fb5-42d8-ab6c-a125e025a080	22.028	fast
54051ccb-d3e2-4453-8c04-53ecd79c5ec1	13.060	fast
7e5e38d0-541d-43ba-ad64-0dea70754141	18.828	fast
4a30035a-2348-4ae4-93ff-26c58c591d13	24.792	fast
f8e34f53-3ea1-4759-97b4-90e9aadff328	13.163	fast
b1b87ce3-6826-428c-bcd8-f1a97e13cc97	25.838	fast
e1753b32-9b9a-42b0-adf1-48cda1be8e89	25.368	fast
4b53f4bd-9a51-4ece-9d82-265fe1c7a678	5.713	hac
e8515e63-e0f7-47e2-a33a-fd2852e5eb2b	17.018	fast
cd289a91-5b4a-4869-91ad-a9676c7a84ac	21.385	fast
7481b5df-5b11-4a71-8056-0b0206e90edf	24.042	fast
2c52acb6-92cd-41f6-a04e-366a56ee0bdd	17.816	fast
24b13e52-facf-46e1-a298-a01c10a95b89	22.428	fast
13232720-cc00-42d3-959d-b6b537fc8b20	15.535	fast
e64c9a22-4cda-4999-a14d-33c79c4e490a	21.073	fast
88aa759d-ce10-42cc-812c-2e8b0b3a4cf2	24.582	fast
37afca8a-8298-4eaf-9790-4bfff14f993b	25.161	fast
8615a76b-6c90-4cfc-adb3-7ce42a263fd3	15.573	fast
17a8a262-3ece-4281-984b-2b3432788619	24.697	fast
c297a43b-7c5b-49ab-a0cb-df807ef8940a	18.270	fast
ce1322a0-34c0-40a2-927d-d4f9847ce312	27.554	fast
1aa4796a-da98-45d2-b862-3008b60268ca	7.362	hac
59eaa662-88e3-44cd-94e7-2c3c833156f1	21.845	fast
7dac61fa-0eac-4560-83af-c37e3a63c6b0	24.042	fast
8cf72bfc-734e-4700-984e-490bb940b264	25.260	fast
010d2120-6775-466a-9a72-86a0ce2828b3	7.994	hac
0665bbad-4512-41a3-b8bb-d77c88d0514c	20.923	fast
27979d09-b91c-48f5-a319-849ac9d8e08c	9.110	hac
423b8212-a3b4-4027-b077-3c932d5951ef	23.124	fast
4454b3a0-2d3a-49c5-8ead-0e81e9c31255	24.864	fast
1bbef8f5-6a13-44ef-afdb-579f7736d839	27.725	fast
9a4ba473-98cb-47a4-be70-16c1a445e82e	19.119	fast
366a2263-627b-40d7-8263-48e1cc893a17	8.173	hac
fde6c970-ed75-4bf4-9443-ec64ec0019a9	18.770	fast
c35d160a-f019-434c-afeb-b1145a2df0a7	16.771	fast
d0d20f09-e742-4bc2-9fad-b2a3033b5d35	24.893	fast
24cc164f-45cd-44a1-be94-928f83ac04e5	14.192	fast
e22e11f7-1447-4fd2-a17c-83f618b2599a	8.908	hac
74f6af3a-371c-4843-b790-06b79394cda1	25.257	fast
150c2dcf-807a-401d-b060-5a93748c4dac	21.781	fast
3b5078d4-fe69-4bda-addb-9b460ff35363	19.776	fast
850ff1a5-06f7-4a8d-bd79-c5653c83dc3d	26.644	fast
b8788cce-297c-4ff2-88cc-0dcd9a221f5e	25.837	fast
3a536687-44cd-41c6-b404-bd9d053ecddc	27.195	fast
94914cc0-7f89-429c-8bdd-920e87dea3d3	26.192	fast
6f732606-090e-497b-b51e-07ef51768e43	22.716	fast
1c4904ab-746a-4237-823c-89b805821c05	19.082	fast
b460186b-5866-4c9e-97c1-2eca59e277b6	21.453	fast
7997fc97-f5d3-4e20-8d58-a306e9d15d60	9.192	hac
834807a2-5f2c-4202-bf69-5b9010b9bc10	23.429	fast
a626c43d-d8ac-4890-8a83-5b167ef9a455	8.930	hac
43b1eb78-14d6-4949-8372-84c69c115f76	21.174	fast
87fbaf02-707d-4718-809e-fa32151dfa5e	23.688	fast
37d910a6-6f1c-446e-80b4-cdaded0bf2f6	25.253	fast
2bdefadd-93d6-4160-8225-9c62d91372d0	24.553	fast
c5a030d0-4671-44ca-b75b-6ec6857a0575	24.847	fast
f3ed3cd2-996d-42ed-be87-15e597e3619f	25.225	fast
f11721ab-b92b-4075-8264-404af13a7e9f	14.175	fast
0198ac08-dd62-46d1-85ee-77cc814bc205	17.375	fast
5d2e9072-d375-4db0-bc71-69d3efe3714d	15.202	fast
c3e1704b-d6e4-426e-bdec-3e6b77971ac1	15.294	fast
fb554d1c-2c1c-49fe-8d53-571bede27b37	17.653	fast
d6403832-0f48-4495-a9aa-3160a865d483	9.084	hac
418467f8-bf4c-446d-87ea-fecc524bd90e	20.712	fast
0243cd8f-12d2-4d1e-993c-60a73ec6a585	23.583	fast
2bebc629-ae9c-4ba9-9797-6804ffe4418d	25.690	fast
35f69bf3-b8e1-463c-8c3d-da73678472a0	25.080	fast
52f341f3-d7f6-45a3-8509-c03ca072ce0d	21.487	fast
d0c279be-565b-44e6-a406-bc044428b78e	24.141	fast
8dbd3713-2109-4472-9b95-c718a34f3571	17.683	fast
256783e6-9fc7-4da8-961e-823ec647c4b7	27.891	fast
0333dcc1-011d-410a-afaa-0161ae976144	23.751	fast
ba27ff8b-87c5-4566-82e2-edc0d73b141a	9.265	hac
fe01a62c-ff82-4f45-9afd-f564c73627ad	6.053	hac
b61a9c0a-db7a-42f2-bbea-4ef83c8041aa	25.935	fast
204950ab-6fbc-4222-b875-68ac81129f48	14.731	fast
5bf2f41a-64c0-46b8-b3c9-612c491e35da	20.582	fast
4ad5bb7d-1e9e-4c67-b64d-b687af2496c3	21.662	fast
6d93abb7-5d9a-477d-8050-8c97f138f83a	29.455	fast
d4d31a5a-9e66-4b19-a9b9-9955ecfb842e	7.986	hac
0d5e953a-e634-4d75-8ca9-75fc526f8294	6.912	hac
ba2ff09c-fb9a-4509-974a-84164757e3e7	27.009	fast
56b4b8be-810b-4b1e-85f0-ff213921c638	24.184	fast
4a7f0e08-6b56-4525-987c-8e460d8b7211	25.733	fast
995f2ed5-6aae-42b9-91c4-6cc3213ffa5b	8.386	hac
97ded009-b8a9-4f03-9dd1-0a059edbe6d6	8.458	hac
e1fb80af-fc7d-4a9a-993f-5bd95cd81279	21.559	fast
f54cf5c6-eb23-495a-aa60-f56825625eaa	8.294	hac
67b9de3b-25c7-47ce-9b16-2678a21ef814	21.891	fast
e5514e03-f211-4995-9e9d-a4d37ba4dd7e	29.153	fast
4dfe5ab9-b430-4249-a891-4e5a02ad1d96	15.409	fast
43b057e3-0b5b-4813-a5b4-ef23d64485b2	9.530	hac
403ac671-748b-4397-b8b5-3a19fd17f80a	25.557	fast
80acd659-51a0-4530-97be-cc5bfbf46dac	9.867	hac
5b9791f7-f095-42ad-8742-b543c662c3d5	19.687	fast
53721c17-5ffb-4594-aef1-9f40b9280208	23.918	fast
ac52ced8-cc49-49f9-ad57-4f7abdb8f9e1	22.584	fast
fddbec01-2b0c-4e76-a296-d7104038f125	24.192	fast
4727ef16-88e1-40a4-8207-6e172c1096f1	23.537	fast
1a3dc472-dab5-430a-9255-0309f7752db4	21.643	fast
829a152c-ba60-43ee-b97a-303e4e070652	9.929	hac
6ae5819a-1b73-4f99-83b4-fb460cea02fc	19.972	fast
ccce8abe-9d6c-4a07-bd3b-df5ad3b357f0	23.559	fast
6f53dca3-a88b-477d-83cb-52348574e792	24.304	fast
9708cb74-9aa9-47c9-b6bd-60021088c998	17.754	fast
8a8acad0-9370-44ef-81d3-98e716d443bb	23.361	fast
4eabe4ee-a153-4467-abf5-53c3b0e93690	8.620	hac
c1b35b60-1432-470a-af19-e8ac409f6cff	18.286	fast
f6c252d7-a1a6-43e4-8521-8e115358a7df	20.077	fast
2c877590-ce97-4666-8857-23d045045552	25.422	fast
bccec5aa-3053-44e6-bae9-a9022f8f6f87	25.139	fast
67c88961-96ff-4a22-9c4a-5e8e0fff7ac7	8.367	hac
7c69043a-23c2-4d78-9e9f-1f82171c0639	25.054	fast
871dccf8-1114-44aa-9c49-ea027e1b8157	24.005	fast
beb29cdd-48ff-44dc-a939-db2f721c5cb9	23.931	fast
8e768ab1-5e61-467f-818f-c9b1122e80a6	21.829	fast
b91393d0-4b2a-4006-92cd-e7ea6524129d	23.773	fast
c91b3417-8cb4-4b43-884f-cdf2b44c3ac3	4.905	hac
eb6550a4-f17b-4358-99e2-7225d16a5543	24.739	fast
82aac23a-6e4c-4e8c-982a-ff38f6363706	19.548	fast
7853d93c-eb90-4154-83c4-aa93a8d5f1b7	25.859	fast
804abb1d-1267-476b-8af4-90cb6a53eae9	7.064	hac
b4e23cb2-556e-4cc0-aa5e-02ad36f967c4	21.280	fast
7c4478f8-933f-4729-9928-c959d988e778	16.951	fast
fa81bb8c-2ce0-4044-9e57-9c291b2f57b7	25.286	fast
cb27a327-ff1d-4572-985b-466c45312073	24.799	fast
109f45e4-e82a-4e7a-8632-c2ccf3c9d795	15.352	fast
c5473064-6304-4cfc-81cd-da362b8e5adb	23.234	fast
5a48497c-ad4d-4cc9-80e4-251e126bf3a2	8.847	hac
d602b825-2657-49da-b591-3341f8692d7f	27.877	fast
6deca8af-f76b-4cae-be0b-92d642e8ba86	22.722	fast
0672452d-0613-4370-9134-205a8c94fc0f	22.496	fast
f8d4158f-783d-46af-9342-04d33265ab31	24.738	fast
4baef0fd-382a-476e-8be9-2757c89c82e2	21.281	fast
dbbeb06a-8ba8-4fad-b185-10ad0f1d0f1e	18.300	fast
92600ecb-10d3-4d7e-8993-04094474f9ec	26.817	fast
bbfab223-fa69-4805-a209-e86e3012191b	8.360	hac
a486f599-209c-4ba9-8ed8-8539fd11041d	18.997	fast
d3adcb8e-0323-44de-b343-25dcf5421b1f	19.060	fast
8582c03b-8151-43c3-b3cc-c1810b5ee5a7	23.151	fast
f4f38901-8b47-42e7-b76c-e13656fc2e92	23.075	fast
8ed471c0-ce24-4581-93d9-1d4ed15cc6d4	20.679	fast
7fd9492c-648c-4085-a276-bdd613eabe61	24.987	fast
4f72f2fa-2381-4ecb-97dd-fcfbe05e6968	8.875	hac
0a09405e-72a3-4cbc-9191-ac4d98358261	22.287	fast
d2a54db1-2bb5-40f9-bb16-5ee0032569b7	24.944	fast
7a154e15-fbe6-4685-b1cc-60834e6cec01	21.648	fast
1d9abbd6-d8e0-4f21-a38c-b5514b4e9a88	24.969	fast
97a14e6a-1ef6-46c2-8208-3f9b0f4f7dc8	24.997	fast
a5b13e90-3108-4ed8-b31e-74d63aea8966	22.306	fast
55aa2ecb-7975-4cae-b8cf-321dc83a976c	6.209	hac
01ea9083-ea48-40e4-83d4-3b64e195cfcf	26.196	fast
a1d94775-9efd-4089-80d8-9c0161f769d8	12.221	fast
4c40afe4-09bb-404f-8b2e-6480b5fb6090	23.518	fast
9b9c1560-e5e9-4a90-94ac-16645d1d88dc	8.039	hac
edaf6e09-9dad-4f3c-a469-daf87f3be276	23.596	fast
910245ec-d5e1-4b5b-ac14-9f99c340ca34	8.439	hac
3f84a1d9-f3e8-4646-9e95-287851f3b92c	7.561	hac
7e6ea07f-32fa-4107-b9e1-26ad58007e40	25.153	fast
1871747a-8b36-47a3-af6d-413cedd71ca1	21.594	fast
1c2795f1-1576-4dd0-a1b9-d10348924d3d	24.116	fast
6e3facb7-6927-4db2-8693-098efe37f5e0	18.850	fast
c6709888-0747-4ec1-a92e-fd9bb0cdf532	19.505	fast
fa74554c-6f8e-420e-9a18-985c67f0e204	31.134	fast
26adb9bd-8f1e-4acf-8419-909546ec7f9a	20.571	fast
83143e56-7a58-4dd4-bea3-044f9ce2d374	26.769	fast
5b93fee9-b5dc-4ece-9d0a-925748a21d57	24.832	fast
88802f30-9338-461a-a200-a72d03040952	22.678	fast
94e0ad4b-686b-4554-a89c-3da310592565	24.494	fast
d0deaf6a-ff4e-4ba4-ae06-6568eb51f99f	25.316	fast
bddfd12f-55a3-4b34-8d0c-4ba6a057517c	25.954	fast
e6e08292-f5bd-4ac9-b828-f31384713f08	25.773	fast
da8462f1-3d64-44c8-a7e4-b001ca8f506f	9.240	hac
3805c759-eda0-4d6f-8396-16ec9d3acb27	24.565	fast
34199040-a14a-4072-86e9-1ea0fe7b5af2	24.252	fast
fe6a3104-cdbb-45e8-a62a-38696c75e0d4	22.873	fast
51132767-6d85-4d8f-adba-0da8856498b3	25.945	fast
662b2c4a-d8eb-4e89-b2d1-2cde4fe39f22	22.264	fast
b3366a8c-229f-4f14-a901-1ac8c4c955c3	7.481	hac
01889032-c396-4737-880b-22657000fb86	22.698	fast
7ca5dad5-70d1-4d74-bfd7-3cfd8298ea2f	27.238	fast
191ec018-63d8-4b88-9f8a-f8829f6ecc85	11.957	fast
56080923-26d7-4d8c-bc67-266365e8782d	9.626	hac
70adfb74-fe68-4e65-9a07-142e36d99bf0	17.109	fast
6664098b-9e01-472b-9df4-596ced315c73	9.661	hac
2aa2757f-5ad1-4ba8-973f-f8f00a791597	19.427	fast
b89e40ea-eda2-43d3-b044-f93fdd6a37ad	13.294	fast
ce54c980-e217-43b4-a78f-905eecb1c58e	26.898	fast
4769276a-6580-4203-863e-172cfeeadc0e	6.382	hac
7b0ba199-b4eb-4fc0-94a1-72905633132e	15.014	fast
7c5ca2be-4b0c-4d3c-83c0-d50e288447cf	24.892	fast
c5ef377e-85a8-4e0a-91f9-d19114c3d7ce	11.424	fast
f24728b3-c4c4-444e-94e5-2ebbf62ec3d4	7.539	hac
003631c9-ed86-4d62-ae5e-1c19db64a05b	18.705	fast
fffbd503-7b75-415f-9ef4-1723681558f5	25.400	fast
e4e2a90f-e6ca-4c91-9163-f09d1880f5de	8.394	hac
4f3af4e6-1adf-4574-bb89-de4ce133b1fd	21.848	fast
50ed3330-4601-489c-8cd0-9f13e995e385	26.411	fast
ebee2f27-ba86-4f53-8b7d-39eac93b552a	27.759	fast
457907ae-bde4-4bc7-bde9-ab9853d10792	21.437	fast
8c6463b5-b142-41cb-b7b0-429370e17f10	15.142	fast
452a44c5-9e3c-490a-8fb8-7ee5f8decfa8	21.588	fast
91b73af1-4190-410f-be51-0d912b518af4	19.026	fast
7937f33c-ce47-4ea0-ab1c-a96217b86747	25.028	fast
1c5f7227-ec04-4c70-9026-56b2ea22ff6c	13.319	fast
8fd35255-6a30-442c-8319-5d075933a32b	27.860	fast
3af30708-89f7-4109-b490-e3864d523424	22.083	fast
2033b366-b927-4f2a-b49f-6d994bd60379	24.301	fast
9ea59d75-3a47-479f-95ba-6ff4aee11b0c	22.323	fast
c6e98678-f973-4f9a-b8b6-8ccb57f6b694	23.873	fast
d2894a86-0b25-479f-9dd4-686a6f968e60	24.080	fast
6fc4ee10-2509-4173-839c-f8a5f7487ee8	21.546	fast
4bda9a46-ad63-412d-8cb3-e09728b9ddda	9.349	hac
42da4801-3183-4dac-88ba-27fdf044974d	26.559	fast
7f5893fd-dc25-44d4-ba75-7c567fc39516	25.337	fast
e493fa8b-d776-4cec-bb9d-24b636492ccb	9.470	hac
41d65ce7-0e27-4f3c-9ff5-332f03b109a5	20.470	fast
8eeae49d-4984-42e5-9414-452351afa781	16.984	fast
41461e7d-2aa7-4e2c-a0a0-feb943e481b3	9.179	hac
8d70e12d-e4fb-49e2-ad3f-6c56acffaef5	18.163	fast
abee77f3-4dd0-4ff0-a05b-17e4b348c6d4	31.275	fast
7b86ebb5-a2a9-4de5-9feb-8e385c16bc78	11.994	fast
e5912443-9b87-4371-adc5-022ab56d9e13	23.491	fast
ac601c43-40bc-472e-bd51-f98f8851a934	9.022	hac
5472f87d-4e5a-492c-bffe-24ebc7e5f4ac	18.410	fast
09014d7a-9273-4185-8a2f-3513e4d8f08d	25.207	fast
2080285c-eb4f-4978-b779-24d750fadb88	7.653	hac
43d92123-08e4-4cc1-97af-88a9068120a8	20.064	fast
b813489e-b1b5-4e2f-9d20-d17f2a84473b	21.846	fast
b6ca1040-7e6d-4cb3-9646-abd0512eba08	25.494	fast
b22efe0c-ff8d-401c-a22a-fb468778fd6a	25.030	fast
609262e5-de73-4829-9332-a43ff32dee45	22.143	fast
f5b4177e-d5da-46e4-b92d-c72ee80be7a0	25.207	fast
4b8eadee-f4bd-47e9-9f9c-0611e8887b8a	8.785	hac
9bd38426-e453-441f-b5ce-a7dd8b5d6783	16.979	fast
7dc4f6d1-1f32-4c4b-865f-1deeb26d844d	20.265	fast
8bff07d6-e343-40d4-8b41-f00a05f8fc9f	23.671	fast
cc501d41-60e6-4091-9ee4-97f108fad81f	24.832	fast
c153485d-d8c7-4c96-b4c0-9fe28830f309	20.581	fast
24a1a90a-b345-4a19-a6db-5e464d15ca2c	25.499	fast
233ca166-133f-4260-af49-2b837537bc4c	21.669	fast
81e17864-cb96-4265-8350-1d1913945a61	8.672	hac
a285bbce-9dbf-4bbc-836a-e2d2b75c3dfc	8.116	hac
5d0c6a44-e5a0-4629-9093-d0ac46957791	23.755	fast
ff3846e1-152a-40bd-ad25-02ac83afb16a	24.959	fast
99192c7a-3b1f-4451-b9b6-ff65f087067f	8.519	hac
98a4381b-2d65-4f36-9626-66413991e69b	8.164	hac
c1398a7f-beff-4917-bb50-d10a63aa3fdf	33.131	fast
125a2305-b2ae-411f-a69b-3e32d8290a85	19.639	fast
5b57e469-79cf-4c2d-abf0-ad0030090798	30.283	fast
48fa50fb-a457-468d-9b3b-5ef8158ddb96	19.775	fast
b2f01f01-8d4f-4075-9d1f-0c1f05c44500	18.614	fast
12cc014d-14cb-4169-bdc0-36c79e6cb34f	16.898	fast
39020b3a-fec6-4797-8408-e2061043f3ac	23.698	fast
ee0fb2fe-ce31-4403-941f-d93d1f12de47	28.118	fast
ed206dad-3850-4966-b8a1-208265450c35	22.084	fast
d7d0d33b-6530-4d29-a1e8-34292b0c6d5b	25.684	fast
df10dc8c-eab8-4067-9f59-c56a80060560	17.344	fast
dda4c629-2e4f-4c00-ab1c-493293a41cce	7.291	hac
758bc738-4f35-457e-babc-eaa8d0b83909	21.940	fast
f560e2a3-956d-469c-ba2e-b013994d954f	22.440	fast
d7806b15-39fe-4623-b153-2f60e0b4d65f	21.939	fast
e90a4b07-558e-45f0-8f20-bf88fc501f90	21.841	fast
ffa1b47a-57f7-4c1a-9399-ab8ba87f3478	20.763	fast
0aa889f1-d2c1-48a7-b858-48826536545b	24.723	fast
a997b2c1-7730-4152-a7ca-a1e28125a1cc	20.494	fast
6f69c7e7-7c10-454c-8c2a-aedab12b7bb6	17.382	fast
32855cb4-260d-48d2-9610-5d65d43f34cc	17.997	fast
1509fca4-5439-45ee-89b4-b22576199f7b	14.603	fast
619830db-4690-400c-9f9b-d6713a792a7f	22.358	fast
ae69fbf8-a59f-4db1-bbe0-556cc8ccd81a	26.480	fast
397b5333-4032-4a75-89b1-0ce1b58e68eb	25.417	fast
c1276724-6244-4a9b-9262-9177bead268e	24.263	fast
2c94d75d-cc3a-423a-9a08-9d29f18ce599	18.728	fast
d5b17f79-cb50-40eb-9e40-3c29758542fc	15.339	fast
29195898-2418-4bbb-b08e-c166de03ace7	21.279	fast
c5c94af0-202b-4a99-8b1f-12efeaeaceb9	26.804	fast
c831f82d-a722-4f36-b6b0-acbb77cc38da	7.955	hac
aebd6824-d883-4904-9bfa-595a0b754ccf	23.608	fast
95c73854-fd34-4d6c-8fd0-d59572a9e97b	24.463	fast
f81d3524-08a6-4983-8529-642f45abcd81	12.282	fast
f1fee534-98f2-4da6-bde0-82615a20665e	21.827	fast
c4d62afb-08d0-4e6f-a6bb-25d0856438ac	26.274	fast
de0cdd81-0c88-4249-937d-d855b0c4372a	7.667	hac
edd117ae-03f6-4dd7-aa15-6f7c52a9cc2c	9.619	hac
b5586dd1-f16f-4111-b87b-68d036213e7e	9.421	hac
2ceb512c-bcc8-4fbb-b5a1-813362da45c7	20.661	fast
dced298f-41e4-409f-863f-5f2b1be9ee48	23.278	fast
c9e4de44-32ba-4b79-9925-1562015830c6	18.680	fast
e24a3344-9d70-48b5-9e56-4971be766257	25.033	fast
e3b3b27f-3454-45e1-bfc9-26c3fe0d8b3d	17.280	fast
fdfafcb8-f5ac-4287-9aef-84fd7ed03a5c	22.612	fast
73926cbc-bcb8-4a2e-9ea7-67682b61d881	20.998	fast
834b55a4-6a76-4adb-afd3-1b3d7d3a443e	24.000	fast
21052391-dfc8-4ef3-b7cf-6163fba23897	21.822	fast
3bd1a5d7-446b-45b2-9e55-57c4e57df089	12.859	fast
feb20a57-a000-4726-96c0-46fee7af3fbd	7.350	hac
4d470649-31d2-42b3-b590-ae7cd6a0fe7d	7.930	hac
0db6fd98-257a-47d9-ab05-834bbbed29b8	26.331	fast
90fa2e17-1cb1-4022-8772-42b20bf66ecd	16.255	fast
47bf821a-0224-48fd-9f9b-0d7b3aae2f74	23.910	fast
f5bdcd3a-1298-4ced-b10b-0564ed250a01	9.035	hac
4ef16e06-a250-4a40-b777-b25ef3673ee1	23.063	fast
be332401-80e1-4d46-af1e-4f23d02fabf3	25.185	fast
16059f7f-c725-4831-9be8-05f60b0941f4	19.252	fast
2368b689-905e-43c1-9ba8-2be49bcc7837	20.642	fast
0b1b7999-d8ea-44d4-a1c0-5a9b4199ea94	24.201	fast
61aa0ba4-7179-41ba-9c63-b98fab336bf1	21.393	fast
8ec46ce8-b22f-490d-9198-ac0fe4edc2c3	21.082	fast
95d1534b-f689-4010-92ca-c655dfe8ea79	18.626	fast
27ce3289-40e9-43cc-af04-1f77fcb40dee	4.464	hac
fdef0f0c-3957-4674-8745-c67afb4a3707	22.919	fast
0b250d18-0a74-4ed6-8d11-b2b0f9cba613	18.240	fast
a86970bb-4431-4949-b951-a95671e7117b	22.080	fast
d97a8fce-9c58-4299-b3f1-308d88a0db55	9.329	hac
dbd7a66d-9fd3-4894-ab40-dc267e678b58	23.687	fast
de5d64e4-aa40-4c46-aea8-e514989b4aa9	15.418	fast
5d8032eb-5eee-4c65-a2ed-ecf9a54e9832	22.342	fast
d3e108fc-c895-429a-b9f4-f4970c0c414d	6.314	hac
8d465ba0-b7fc-4531-a042-94293e28ff1d	23.592	fast
5d59f801-3455-44e2-941a-bcea9f2d0aac	20.755	fast
cf09c57e-fbde-4274-a281-c7396586b82a	18.493	fast
de92df85-8b1a-4013-b686-38292deb1b08	24.550	fast
d5ebcf18-f788-483f-a953-624a953defc1	24.374	fast
0845da69-3930-4b2f-b843-4c96289c1f19	16.192	fast
b3e141c7-183e-47db-b5b8-8084ca7ec653	26.167	fast
d3af45cf-504e-435c-906a-308fe83ad1e4	25.222	fast
4d52ada7-7a06-44d3-8e28-ebac1febad8f	25.677	fast
03d42963-7191-42e3-984f-60d2a8df31be	7.404	hac
4f5b9b11-25fe-428f-a198-3682f1b2d983	23.060	fast
4d9c97fb-9d9c-41c6-b016-15a138e132ce	15.185	fast
611e57a5-eaab-4182-a1f5-43c87e8ac628	23.628	fast
c95bf550-d978-47b4-9b95-12abcc4a8e40	24.347	fast
dfa15220-0b80-4507-be9c-e523472ee5a4	24.458	fast
5ad6073d-c5d6-4370-8acc-ab3386289587	19.651	fast
e8b15b15-aadc-468a-a9d3-e520eeec563b	22.417	fast
a74a5c0b-e40e-42d9-ac43-36867d6052ac	15.403	fast
397485a4-201c-4225-a04f-c96eb36b4514	16.746	fast
a1b0bfc4-5f01-4fd3-9b4e-30d41cc798b2	25.666	fast
1efd1f77-5253-4112-88d0-3ed26722cffb	7.638	hac
962c7f64-1e23-4c18-adbb-81da69b24235	25.471	fast
1b89b60c-93fa-4a27-b955-67da2e35dbd3	18.693	fast
653ba24b-e7e8-40e8-bbf2-6a67cb07e05d	24.191	fast
37a2ae4d-71c6-463e-9640-8451fe926ca9	23.102	fast
56681cd7-0e57-4197-80ff-deaed96c29c2	7.075	hac
b32932b9-cdd3-4cf0-af2c-9c4601f56755	23.800	fast
015f7dcb-3391-4748-9e81-27bb0755245d	22.770	fast
5ea4c3f3-1cd9-4e72-86f0-108fceefade8	22.859	fast
822a1ce2-044f-4de9-8876-57dfbbe67a4c	23.789	fast
7e954dc1-14c0-49ad-b7b9-58a116d5b45d	20.123	fast
8f57d7a3-eaa6-44d4-9b11-936dc391a0e6	25.498	fast
6454740b-cb6b-4436-9b5b-318f18ab5be8	9.018	hac
43a5f99e-0f7c-4526-baec-e3f470ab49ed	23.582	fast
0877ba96-3c63-40fc-ba1c-784eae2e8373	15.000	fast
65fbc8a9-77af-4278-91dd-0f5175038083	8.690	hac
678631bd-1528-4395-9794-69aefcad2efc	21.561	fast
a7ab25ae-7a0a-4287-950b-c72dc5ce4c06	17.181	fast
b279777d-5942-4389-809b-0731d8763c20	24.075	fast
42c799d2-e3dc-477c-a306-9568c8adf1a6	9.002	hac
fccb4919-56f7-4c55-b7c5-2da33fe127dc	6.990	hac
3fe3a183-4420-48c0-ae59-fb458a03b7c0	23.148	fast
5ba16ef4-c460-4235-8664-080a493f9dc7	25.553	fast
92963d76-4b71-4555-9467-25b0674649d8	10.179	fast
4787e0e5-19c0-49d8-aa3b-5db5c76fd8e9	6.688	hac
dbca6b54-7184-4464-b1c1-ddb34c185a04	5.151	hac
109d5cd6-6a45-4fc0-ab5a-0e619f79bf77	5.530	hac
99284ffd-e50b-4a54-ab7c-04a36e9547b3	24.368	fast
d8642855-63f8-49a8-9415-75c6f049ce27	23.104	fast
3a54bff1-e8b3-4417-89cb-6119983986bc	23.769	fast
c2120481-7bed-42c1-b126-69efe8ca8e9a	17.781	fast
f72ef73f-08cd-45dc-811b-e14565070a2f	26.474	fast
9190d79f-7000-4462-8115-538eafe98e1c	20.327	fast
99ecb3cd-1e6a-494d-a4e8-8cf1799dae54	8.987	hac
6dd23105-d513-4d56-837b-13dda58a46ab	24.457	fast
71b218ae-bbd7-4e65-962d-3cd16517f574	25.288	fast
557b42d6-9dc5-4cd3-8fff-4d9558bf697f	20.702	fast
6abc77b4-2867-4538-b6b7-38dc231333da	25.682	fast
ca0d5050-7af1-468c-a28a-c5594e093b4a	18.451	fast
02ec7772-3528-4a22-8fe1-b47b41a0e94b	19.537	fast
65a42380-df77-43c9-839d-4d5194a17a3c	9.340	hac
2398871e-06e5-4be4-ba39-99dedce7a248	8.812	hac
4e07e658-7e57-4997-860b-459cfd02937e	25.701	fast
48474ea6-a091-4711-ad7b-a7d422257017	21.126	fast
08644c81-77a4-4b02-ad4f-2d3fdd51b618	21.254	fast
fc1e2a3b-5898-44a9-b081-14235b2241d5	25.839	fast
5012a3b8-03c4-40f2-b808-8a08172fdcca	25.827	fast
d8573b32-7088-4295-9ef8-8e49129a7573	28.624	fast
e356ace8-814a-4030-867a-ad9fa31db036	22.028	fast
a524556e-6f58-46e8-8a67-5f441d5b1afa	17.567	fast
2871d7b9-e293-41d1-9c90-9876a082676b	21.745	fast
c1b31a77-2041-4ed9-a56e-d37872a75c84	21.502	fast
4202ac33-5ed3-40cc-88a7-76a2da8258e8	20.738	fast
2802c2d7-de2e-48ac-be30-5c7ee2b387ea	21.582	fast
9cdea8c1-d58b-441b-a2d6-0582ca7c9c83	24.773	fast
26d269bd-dec6-4502-ab31-3a52c380c311	5.937	hac
fa7e1f13-ca9a-4e8b-855c-e5744c7b58c1	11.538	fast
84eea8b9-d68a-4da5-b08a-cd255161604d	8.819	hac
870bed1d-b40e-4b2e-949d-e862c35dad2c	22.386	fast
542073d6-48d5-4e6e-a362-a4b4bd28882b	21.859	fast
d96314ad-1de2-4486-94cb-303d5827aab5	28.252	fast
e8c9f0ed-8d26-4b36-a9e9-e72fd584e8b2	6.135	hac
f2df1b5d-d148-4527-a56d-3dce53d02e14	8.068	hac
f6121d36-2a79-4614-91ef-59b20e837226	15.359	fast
78334b7c-babe-49d2-bc22-c3255a6599f5	9.497	hac
5f4242f9-57fa-4c36-82fe-bfa08359f7c2	25.150	fast
88ab5156-7fe1-4028-9904-34d5e555366b	9.303	hac
b73f7487-9037-4cc2-ba30-efb8f754fd69	9.923	hac
feac70e1-f03c-47cd-8e50-4d0b66fde1b1	5.180	hac
0ec790e0-ad96-450d-a7ad-a2873fadcc06	20.169	fast
2f6ce95f-19fb-4c7a-b42c-30968880af93	16.952	fast
7f925e32-6a5f-4a2b-8600-26e4093e448f	21.560	fast
9f208204-63d0-470c-ad47-9c45ccb5d014	21.050	fast
d87dc5d3-614f-4ee8-88df-6987b98e2355	26.032	fast
ee921245-1cde-49fc-a2b1-238bcee324e2	28.942	fast
32b2ac8e-db47-4558-9044-86b4f3e87059	25.699	fast
8fe7dd24-1d8d-484d-a861-be3a8966c0dc	23.126	fast
17d82c85-10fd-412f-96a5-a285eb404892	8.042	hac
09a43c95-1e83-463e-8917-e029076b4211	24.952	fast
b0557909-0ee3-4d15-b61f-b9d1954abc65	11.697	fast
c326c471-2248-4e72-ac0c-05b699d711f2	8.917	hac
0089933f-c326-478c-815e-3856b733070d	22.225	fast
c4419eec-1ba1-4daf-a011-095df17b6825	17.210	fast
acfd9b0f-08e8-4587-b1af-9ffcce729858	24.125	fast
eca5cce3-0091-4ecb-9af5-039280577411	19.409	fast
4de34b72-ca6f-46df-86b1-1f239ba1c38d	8.694	hac
65da35d1-a771-4a53-aac9-7d5dee23dd79	24.075	fast
d665787a-a57a-472e-9871-66d480dd0723	28.926	fast
033d5f63-e3a0-4310-896e-9f9e36d52d80	9.354	hac
a654dd75-3290-48ac-9899-050cbb656830	22.081	fast
b9c5fcf3-f2cc-43ba-ad41-575f4df1dd50	8.906	hac
7c4ec2e9-668a-4b1d-abba-a2ab91051aa5	26.129	fast
722a316b-06c6-4592-a429-194566b01657	8.301	hac
160ea126-6dc1-44b3-8091-3edb1baa8e6f	22.052	fast
1bd43e3d-be21-4978-a9e7-3a41eadb53f4	20.687	fast
aac0fe24-6519-4e69-af65-4c8a9530ee32	24.726	fast
9ad7be46-a5a0-458c-9182-b784c3d3c86c	24.421	fast
f0562c26-074a-46cb-955d-51f586629d17	9.795	hac
21a09e48-9355-4c2e-960b-7c4417c49c6c	20.024	fast
7d7b6973-da69-494d-bad5-49105bcefdf8	20.191	fast
47c8fbc4-7c4a-4051-8c69-d2497eaeffa9	25.365	fast
4d75d770-15fa-455c-9819-5f95a56d0ea1	27.281	fast
0ce720d1-d82a-4083-b616-36560381058a	11.285	fast
6a45409e-e052-44e5-b483-5e8382a2927c	25.812	fast
06bf56e4-6ab1-46c7-859b-80fb221c1790	11.634	fast
7c1be8a9-de7f-48dc-a5ec-e723bf4759f0	24.795	fast
a9aa313c-9102-4c5e-bec9-e6d28137cefa	22.518	fast
de1aa60d-f512-4c13-a797-9eef1b441c8c	21.878	fast
66b47382-e833-428d-9a84-1bfa31743019	27.151	fast
f157e50b-ac7c-4dcc-9b07-8cf0f69f777b	9.287	hac
821014c8-d6f0-4705-8455-81a3e1ce1708	24.890	fast
ec3c0ab2-183a-4707-a89c-1c7a8f2b5286	17.025	fast
3c625e9d-e0ed-4488-95f6-9173496febd4	25.371	fast
894ec906-0704-4c23-95d7-6c68f0c7ff68	26.852	fast
b0de4123-43ab-4253-a859-aa3a7c3ee26a	23.426	fast
22eb8d04-de7a-42e9-a386-112f799a7e49	7.122	hac
50783774-46d4-449d-a9db-e1ca772c8af2	23.408	fast
04f5c014-9ed7-4cc7-8295-d2aa254da7b7	23.872	fast
230875c3-2cb0-403b-8789-4558e24016dd	25.122	fast
da19afeb-2cd1-48b3-aebc-063e3b3ba5ff	15.821	fast
a7c5939d-7ed1-4bdd-84f3-65e032a94365	20.668	fast
04144b74-74ba-462a-a273-3936592c9d75	21.629	fast
17a44699-5bfe-4829-9e52-e1a176c0e6c7	11.131	fast
b67e03d6-a11e-48df-9447-cd831f3f074b	8.252	hac
caf3cf20-d2da-4b50-b53b-54390b19ae70	17.461	fast
f24cda50-3f9a-4551-a0ec-c5f1dd24b477	22.128	fast
82b2e78e-364d-4165-ad08-bf8b681a6efa	22.669	fast
0931b752-1697-491e-a035-f6ea0fdb497d	19.621	fast
ab70baad-1cb1-4f94-8109-79b4cd5e5321	8.640	hac
8a3e4ddf-c5ca-4769-831e-b9f7ba8d5180	7.516	hac
42653de0-9a7d-4079-9ff2-4751d0d7535e	20.335	fast
84720df7-da82-42d6-bdcf-73c3bdcb308c	22.618	fast
9b24ece7-1c9f-4878-b863-1164c649d32b	24.198	fast
2eff5a89-1d0a-4f2f-86c0-2b7dd7a2d1ff	25.608	fast
a12f4e5b-d5de-4227-bf95-180d2135902d	25.359	fast
78d666d7-3818-49dc-80d6-a948a1c017f8	9.241	hac
f5c7043e-de08-4e20-9854-1b1004b8e35e	25.675	fast
950d5676-4bb1-4d94-a0a4-ef084cd398f7	24.720	fast
92aaa694-9355-46e6-9fd9-4b19e7a505d3	13.158	fast
a718a509-d9c9-4067-8278-9f051cbeeaa1	26.573	fast
89af46bd-8a73-4a31-b93b-7ecb5c31925c	25.957	fast
e50af75b-7866-462b-80c9-2a2676cdb2d5	24.220	fast
89f30987-9c04-47cb-a4d1-481950fdd411	23.979	fast
e1989004-91f6-448e-8b09-44e93a377876	23.885	fast
2a14048f-54a4-4bfa-bf61-a64f1d2eb88e	4.541	hac
0fe827ad-df1b-474a-9276-e921ae18ad16	18.289	fast
19f5a099-bcc8-4a89-b9b8-5036b8659fd0	23.518	fast
d5a6c197-640c-4e9b-ab37-972ee95ee111	23.808	fast
7494d8a8-8590-4b5d-a00b-f34a7118524e	24.732	fast
9ce8eea2-1919-4070-8db1-e22f5b28a176	27.233	fast
0a0cb28f-4803-46ad-835e-c06d56324b59	24.602	fast
79b26770-1652-480d-8251-5a8f1cd4a4dd	21.309	fast
c616a422-a8bb-42ed-ba41-89c12bf74b47	23.787	fast
1953f5f0-0249-40b4-aa88-5a50076dbcee	27.768	fast
fc62ae49-5522-4f73-88ff-f81c8769e2cf	22.168	fast
14529827-57d7-4699-b6a3-4d995679cce9	23.964	fast
6d08e568-fd1f-47bd-910a-11f2b06aeb12	6.064	hac
8e9fd3fc-8df3-4d08-a232-555b34f4c705	27.525	fast
263aba66-ab97-472f-b965-890936445c5d	9.728	hac
bb616ee7-46f1-40fb-82df-8fb27f316299	7.696	hac
0edc2907-7d50-4efb-840d-a9f2fe0ac903	22.271	fast
093e3c38-c66b-4a3e-bf06-6e9e977beac3	18.417	fast
b4894e35-544d-4749-a26b-7e83d29d2bab	24.723	fast
55ccabb7-a8d1-4f3c-bd28-ef1f4511407a	10.681	fast
850606aa-87ae-4dbb-bed6-d294e0db5292	24.754	fast
b6a48c04-33cc-4355-9331-7302d6e21a27	9.174	hac
9f26e7ba-5799-4ad2-8bb9-ec8978947a46	10.180	fast
913208e0-5efb-4fdb-846b-8fc365c8496d	7.475	hac
7608c8ef-699a-4a51-aa57-a5d3996a12be	27.053	fast
bc817f25-4747-4650-ad88-e82f8373536f	27.031	fast
9f459089-6849-4c3a-872f-ad931b2827ec	23.435	fast
42ec4500-47c8-46ea-bdd7-5cca1a351389	18.533	fast
954b55c2-32f5-44d3-8228-03b5bb464da7	15.623	fast
9b7e1907-664c-4ba8-a4c4-9a62ee88c3bc	22.168	fast
f5bed551-0a76-44cd-b7af-df20848fc757	25.592	fast
627cc80e-021a-43b3-b53b-8b57da72d7b0	24.904	fast
c1eacd38-a434-4036-b585-ce5d54ab2a82	6.214	hac
b72900d2-a129-4b93-9d54-146925b5e097	22.920	fast
61d25d35-43b9-49ca-abf2-146abb58cd9b	22.434	fast
41cdc28e-8c12-429b-91c4-c4f9fa601717	8.241	hac
5308dd7a-768e-4cd2-ab83-aa9cfa2cdbf8	20.899	fast
86108510-0702-40f3-9348-5f7dee82087d	7.730	hac
d1e20683-c3ca-498c-aea5-1c5efadca9c0	25.025	fast
890bb966-843c-4c9f-b87e-dbc8d93d4220	24.811	fast
11ad5c64-82d4-49b7-9794-61a08652cd90	27.455	fast
55f7dc48-81c1-4ef3-a4f8-49e0784dde1e	9.790	hac
198d9fd6-1082-485a-8b6f-267922377958	26.635	fast
72aac984-d971-4603-862c-a8f9efa015b8	23.208	fast
f715f72c-34c3-4d83-8d0d-5445b8bfb4e8	9.954	hac
c1499cf6-dcfe-4c0e-aa43-7af5e38b942c	22.801	fast
1b403f47-c185-43af-9779-b74e23225bb9	6.291	hac
5facf7a6-e124-4fd0-99bb-5b20441ab023	24.559	fast
a3cf8392-90e0-4d46-b73d-ea132e13d758	18.617	fast
47eb835b-415c-45a4-bcb3-87e66ca4484d	9.046	hac
b42b136c-02f2-4209-a257-f226390b7ac8	28.190	fast
3b3c2dc7-88e5-45d9-9da9-ce0b872e0cf6	24.418	fast
deb789da-6500-4a1d-96ab-70b264ebfef3	23.060	fast
9cebb74d-9ddb-49d7-aa9e-718d051d06ee	22.161	fast
d869afc5-97a8-4e44-826d-2db11c68b1c6	7.925	hac
2531d846-d5e3-4479-811d-1576119737b3	23.737	fast
fecc1aa0-0bc5-4e83-b989-2adec23aefae	24.513	fast
d8778ae3-41e8-4000-8007-37c25745bd72	9.436	hac
e057f0d1-6c01-48cf-a593-313aaeb7e075	23.109	fast
2ad55c6c-c0fa-48be-94d0-c4148b5495fc	26.861	fast
11b11e9a-4db2-4bae-a244-5ef3401b6a40	21.956	fast
1e3075b1-104a-4ff1-b708-27156d00a537	25.538	fast
e6eab364-8119-4503-aedc-1b292c4bd8fb	25.120	fast
bc943d5d-a01b-49d1-baee-cd1c3c3a6142	25.175	fast
3ad9540f-41ba-438b-bde4-39dddb88edab	18.493	fast
44844e8b-3acc-4d01-8a82-0b03ead64e57	24.487	fast
7ad5c458-ac44-4659-a92e-44d6582e32a8	25.082	fast
ab9fc607-d1ef-4d06-b049-260595f2936a	18.016	fast
2e1f6c9a-8199-43da-81a5-e34810fe5622	19.526	fast
afe294c0-dbfa-4d05-97fb-03458e61378c	7.209	hac
29f556f1-9fbd-44d6-a7a8-75efdffe84ef	12.537	fast
829805df-bb90-4aaa-87b9-305e3f4bff09	10.823	fast
a72e96c0-3b03-452c-8391-949a2131edfb	26.728	fast
10468c91-04f5-4a27-b2f4-162912e6fd59	5.979	hac
74248e9a-0873-44b7-9ce7-87f623ce55d7	9.036	hac
1639883e-cb5c-4a81-8e09-22d5ed7ab307	18.640	fast
0137a939-7a82-4fe0-84d7-94d9d76f4292	26.213	fast
c2678fc2-71f8-4b19-bf1a-9dff0bf7c633	24.640	fast
80e8ef91-542b-4d48-8d2b-b8fbee4e6421	21.369	fast
6012b309-1af0-4c54-8983-e05d411d6b75	23.094	fast
1e59b30a-2e46-49c9-999a-9b39294951cc	24.927	fast
68add47d-adae-42d9-be3f-da7f211017f4	13.938	fast
aa34861b-0a12-4b1f-8a2a-7c6eef2d12b3	22.148	fast
ad03b5b9-0e16-4558-a670-6d3669cb9540	19.805	fast
7121db13-2712-4449-8b7d-dcb41ad39e9e	24.721	fast
10d12b41-c6d7-4bf3-b9ba-d5a8ac568473	25.266	fast
263601a9-2b27-45a9-b74b-dd70f4dfc183	17.690	fast
178a8a37-009e-4ee9-a6ef-9d13162007a0	23.060	fast
7648bb94-5b8d-4c86-8140-11ee42a31331	8.354	hac
53fcfeff-f75e-4ab1-adfb-8fa5da22c333	27.117	fast
4aaf82f7-f816-4afc-9dfe-306a1567103f	23.444	fast
74973d92-722e-4cdf-af79-8a204eb8c30a	21.721	fast
565ee0f7-4245-4af4-a1bb-d382149d4130	24.829	fast
4018be56-941b-4aae-a9ff-ec39edb96e0a	23.279	fast
02617e50-2bb0-4351-becf-380f26bd61bd	22.970	fast
24c38b89-bc4f-4121-83b7-b32d94955f6f	24.217	fast
e1f21570-4763-4a49-b81c-cac2dbfab979	10.476	fast
efa3fe76-d809-41d1-b35b-81f11b3368f4	25.308	fast
72a68a23-8ac9-4665-8901-b4ced1d6a7d6	7.733	hac
273408d3-4c7b-47b1-b71d-c5953a7b30af	28.169	fast
c27ddce6-ae04-4a9a-b6f6-0f3319926145	26.143	fast
7a65a747-0720-46c2-9e98-31720d8a9ae4	24.104	fast
4b2afad3-786d-4e58-abe8-8c22d9f8d89f	20.999	fast
98317274-0b03-40a9-9377-9513c12de900	22.721	fast
b18edc55-b824-4c63-bd6e-828833db0c3e	22.706	fast
84ef41e3-669c-470a-994b-0732a413ba53	18.821	fast
ad2863f5-cbf9-4f38-aeb5-eb46f8f078b5	22.949	fast
4e33b023-cc75-45b8-b981-37c033f68bef	9.891	hac
eea91067-1983-49ab-b505-1a2df044f553	17.988	fast
4e564165-83d4-4088-8034-4dc14000785f	19.394	fast
1166859c-b64f-4d68-b73e-5e138c9739b0	8.280	hac
61aa27fb-5246-4d1a-8397-b170210776ed	24.566	fast
f2a0fe73-1c53-4ce7-a3a6-53afff3ed255	7.988	hac
4b2b60aa-a21a-43ef-a8b7-7ce458725c47	20.114	fast
17dea754-9376-4ba4-8147-d0c0f5ba812f	8.353	hac
a90da20a-3c58-466b-807f-e24a4ca488da	24.402	fast
81188e6d-4a63-47b8-b174-f865839999da	22.616	fast
eb8a59ca-0885-4a76-b873-81e9af60412f	22.643	fast
2d8146e0-8a86-4f83-aeee-28be0c5c6536	10.058	fast
54b977b7-2caa-4f31-8250-a39a32600766	23.115	fast
edc462c6-625e-4128-8838-31ae8fb50287	23.928	fast
24889c1e-bd66-4587-8b3d-2938d426fe5e	26.270	fast
24e39516-7996-4266-a471-18cacdc066d1	25.939	fast
0f60a52c-7082-4c57-b229-5219e631672b	9.531	hac
b04a190d-02ac-41e9-85d0-e0891c9aee02	23.996	fast
cc508a26-7b12-4520-b920-04453e0cf335	27.625	fast
1ad8f97d-384e-4bd4-9794-f36f9e664f25	22.447	fast
684c0886-33bf-49c3-b5fb-29d0bf27cfa1	24.773	fast
414bea3e-3c12-4f31-938b-49d996b79503	6.112	hac
c42ccac3-4f0d-4503-8dc4-ff97f681b4f6	27.385	fast
cef8d3fe-9d86-4438-8538-74b0753a50e4	21.604	fast
b76a34c0-b6cb-435a-a550-7e043b97ad4c	24.885	fast
c38746da-efc3-469d-97f5-58629fd1ee75	16.530	fast
c2e29f6a-2c89-44eb-8fb9-2e7cf2504152	21.803	fast
0ca7ed10-a419-4f6b-985d-67e9267d5eba	7.469	hac
d122bdb8-41a3-443a-8501-6a3404536f18	23.765	fast
466cd878-5bda-4060-bebb-bb19512c7fa3	25.156	fast
fbd6cb86-0e7e-44d5-8131-759a28f07761	23.839	fast
b2d4145c-7e99-4e14-8073-237c39d69a86	6.052	hac
407899a9-44c0-4677-a2a0-5aef61809f08	21.393	fast
e648f8f3-cd8e-4b53-a804-9af8df1be8c4	20.647	fast
db390642-f317-498d-96eb-9fd2c1f7ff9c	9.027	hac
339ee617-7364-489e-b04b-8c5210728ec7	11.688	fast
619c4978-4241-458a-804d-080f50f3ecef	5.308	hac
d6f9538d-8ed8-4b46-8ba9-476f1e5726fa	27.109	fast
f6811958-5e24-4b87-95d5-9752f456b876	24.986	fast
385b5463-7706-4dae-b9fa-efb8ef121026	21.235	fast
23749adb-609b-4619-a4db-c212b544a8e7	23.938	fast
6d6b1843-ec76-4f56-8175-738fe76c5724	21.756	fast
56129c4e-1b58-4eea-ba6b-ce800e7f0827	23.275	fast
3a66d5e3-7eca-4f2c-b572-3f3e390586f1	23.459	fast
ca876552-611b-4c17-89a2-f850dedaa0ec	25.182	fast
303aab92-60be-4927-982a-34f05bad2dac	11.738	fast
757464ea-96ed-49c1-9a6c-20121d745fba	25.528	fast
7647c7a3-bf24-489b-b7a0-fb8051d57cb9	17.033	fast
24f73453-8906-458f-b7b9-d08708044eb4	21.929	fast
d3bc074e-fbed-45fd-918d-eb62d3c521c2	23.524	fast
cf13c3d7-a16b-48ea-9754-d30937df3275	21.538	fast
7be355e6-b9b9-4998-8dfd-b2a203c84ca5	26.756	fast
195df5a5-1a54-4c6a-9389-cbaa0b7f1349	21.306	fast
0a14ef43-1b25-43b7-9338-f21947b2a92d	25.534	fast
7a174f7d-92b0-4817-81e7-e781ead7efe2	25.412	fast
b6f17dff-1398-4fe0-b382-e423c9475698	24.319	fast
a30ad128-1531-4f9e-aec9-40b502ce7d08	23.265	fast
82492229-3932-443f-99dd-c37a97860e7f	21.180	fast
345047ce-8d12-450c-ba18-65b61f339949	21.095	fast
c025247f-512e-4607-9d60-032d4961e32a	24.674	fast
422859fc-a0a4-4b13-b65d-ea58059d68a8	11.947	fast
2a97a6cd-4866-4b1a-8948-001b431c41ba	19.623	fast
e54bffda-f91e-438f-bd35-b7bb3321eefa	11.605	fast
aaa5aa5e-122b-4be3-8a30-974e7b408726	25.556	fast
7b6c305b-a81c-4e9a-bc39-7450564d74da	22.370	fast
731a2c75-f294-4b6b-ade1-98031040d22c	22.182	fast
889b955e-7a2a-4b32-8344-762b65600a82	9.787	hac
cf7df3fb-b425-4750-8035-907a4ed68205	21.508	fast
4653f60c-8101-4dce-8be1-c9ce3159ea7a	25.137	fast
2673d413-7b5f-4826-96bb-dc79cc1d966e	22.474	fast
ed2fbfbe-e56b-4356-b8a2-bce79ea31c59	24.552	fast
bf1cb780-b7bc-414d-a9e0-aada962d1ded	9.447	hac
d2728953-e647-4e97-927d-ee62b9ff887a	23.609	fast
a8ec9896-3cb9-417e-a0cd-06bc37f19f81	10.981	fast
643795be-26d7-424d-85e4-78efa9eb7146	6.899	hac
4113cc4e-3293-4ab7-8b11-60bc76853fa9	26.019	fast
4948b761-a581-45b3-af8e-05c2f45ac121	23.475	fast
1c1aa65f-0249-42e8-b5b0-b9d40828704f	21.988	fast
d6447239-1a8d-4b42-9ce6-1be6a17e0015	9.532	hac
22f56433-9648-487a-9d82-dce63288113d	13.667	fast
e024156e-4648-41f1-a17c-c7bd492cca08	7.672	hac
9d446c98-a3d2-47be-a9bc-4c51b4a7d1fa	26.292	fast
145024c0-4358-44d7-a190-d91b09842d3b	23.889	fast
52febcb3-28d0-4785-a4e5-79785836c806	21.043	fast
9ec085f1-b950-468f-ae74-4432518d3521	20.650	fast
124697db-941d-4665-ab98-731b03ef4cb9	24.156	fast
b17a3387-4b11-47b2-a36e-d2a8f6191af1	7.698	hac
6f917679-7833-477b-b3a4-d465676d0620	24.552	fast
c20d6e0b-10d8-44fe-974e-c6dc4c3857be	5.432	hac
3216eca6-679f-4745-9c88-2f400f559a1d	7.769	hac
16157e4b-807f-4807-8c41-965253df727d	24.180	fast
477d0e97-bd4a-4726-80ea-18929ebb5bca	26.111	fast
b4324f66-0c3c-43d0-9c3c-bb5632e5df12	19.967	fast
5ad48d7c-903f-4df5-9fe9-49a1d03dcb51	9.266	hac
339ed5f1-4c23-4ef8-956e-5d63870b58b8	26.014	fast
0e00179d-9cc7-4252-afba-53b38b3cc407	20.090	fast
17dda00b-7788-4fb7-9e1f-7daccbd3a587	8.304	hac
e03a8d8f-cbd2-43e6-ac93-040274555db1	8.148	hac
d4d39747-8fdc-4b80-9805-c220454b076e	27.665	fast
f8280079-f0c4-4719-a78f-ea7cc8cd3765	16.744	fast
db84c02a-88c8-436e-8f63-581fdc7c3957	22.718	fast
ade49cdd-db42-4585-8005-aa31ae37b210	23.511	fast
3bc66a14-7f24-46a8-b4aa-7b13af9861cf	15.937	fast
f89f8feb-845a-4a27-872d-0c3d3e72f6bb	22.220	fast
7475b80f-028b-4058-b014-9145d95f4151	27.847	fast
2e0ade50-71b9-4142-bdd3-3910d7e8b08b	25.256	fast
f1fd0382-56d9-46fa-aa42-a7044c77cea5	26.367	fast
4d112a90-9e0b-4007-98f3-d70324d92116	11.083	fast
bde5d8db-1732-4354-998b-d144d6ea675d	13.701	fast
13bfb2a7-a2d1-44ab-abd6-229f481ce14c	23.571	fast
7cb4f92e-1bb1-4b37-ab23-e4b1e583d8f1	7.289	hac
75d3cc98-bcdb-4423-ab0f-c8c1b7258a6f	20.094	fast
39b5b1cc-4af2-4835-abcc-ec8c403ff239	19.794	fast
f814b299-077b-4e37-8385-d1123864e7d4	27.183	fast
074b00de-7e9d-4961-9dfe-1dda491ccbcf	3.347	hac
7cd48535-122c-4592-a9fa-8dcd6e2708fc	8.549	hac
0086525d-15e7-424c-aa5b-eb4d2dd39bc1	24.742	fast
09790aad-20b2-4330-86d6-bc79065076a8	23.806	fast
40d0795a-69ff-4c14-8b3e-93ce6dbe7775	14.314	fast
4b97e3ce-2434-4216-9681-f13c38875a09	7.584	hac
c1296aaa-16ad-4d35-9c97-1f16c9509e4c	23.778	fast
77454652-5381-49f4-bca7-f472ae571eef	17.787	fast
78ffd811-2fba-444a-b491-cee6753ce7e2	9.766	hac
5c2b694f-723d-49da-ac7e-37366afcd7db	22.975	fast
5a924930-8c1a-4dfb-9f03-bde7cbe21512	24.024	fast
a0836807-b964-4bf3-96b6-e7d63ad8c2c3	25.936	fast
77b077df-3579-4dfa-a318-5c7e763248a1	23.491	fast
36e14df9-c0d3-4f33-bd44-42ef14be9e2c	24.952	fast
ec4778fc-b896-4769-9903-a5f376b71a2e	18.793	fast
fa9ad1c8-2374-4302-b4a9-8fba035c5944	7.057	hac
9ac05f9c-8c08-437d-9e46-df78c46df862	26.996	fast
b8f2654a-e2f8-46fe-9cc5-ee000a266c9e	23.866	fast
b532ab30-db72-4c9a-a1b4-57055b084122	8.227	hac
accb3e55-305c-48f7-9a98-166f52cdc342	18.691	fast
fba34a76-6259-4446-95a6-d8996c5eb918	22.097	fast
2c2fa8cf-e203-479a-9e4a-a1158774465b	20.858	fast
77c98df9-2009-4e0a-b505-1e9ab96da5b7	27.251	fast
694ebb53-29d9-4890-850f-251f5b87f837	19.102	fast
b70388df-ffe2-433b-b431-3ec8d471f6c6	23.810	fast
a0e924bd-277e-4bed-80a4-974ccf912e8b	21.677	fast
6bd29ee2-eef6-4ae4-8113-6a5acc9b8fd1	21.860	fast
3cba22df-a778-4ad4-834e-64fb59267313	19.787	fast
259a3673-f4fa-4dad-bc0f-08de917f7194	23.721	fast
1c160689-76a5-4e55-a2e4-e78b50ae550c	8.092	hac
dfde19a6-4bfe-4cd4-afa7-c9910344adb8	7.539	hac
3bfd454a-1844-4e76-83f4-974f57d45048	19.449	fast
6bdf167d-3c82-4eb1-b637-85a49b30be5f	26.394	fast
913fa547-a0bc-4432-a3a8-c2f10fdc50a3	20.566	fast
37467193-521b-4390-8c5d-b7ac1b24b6fc	9.510	hac
bbd8f966-98b0-48a1-9d96-1479267e9857	22.653	fast
8663fd94-a5b4-412f-be6e-4b2e6abbf3fa	21.789	fast
2efdcc1c-e945-477d-a207-8279c7d46aaa	25.718	fast
96fd929f-8664-4c40-9c0a-f5525fc7a9d4	16.797	fast
1e345bcc-c910-4154-9442-54620b3c0646	22.151	fast
234d4e2f-7582-46bb-bb2e-1de228632251	13.016	fast
8947128d-7e5e-4cd6-8bf0-ceae06fde8a3	23.755	fast
3db47acd-9f3d-43f1-b109-81ea9be05b45	26.297	fast
a33da015-451c-477c-90b1-c9bfb752a176	20.594	fast
7a7ded36-607a-451d-9b8c-440992cf0a47	20.196	fast
5684788b-c047-4f68-84d0-21ec2832bec5	21.003	fast
e8c2825d-9e48-4468-856e-1fbf9e84571f	17.690	fast
c18b9e65-366d-4813-835f-de0642aaf965	26.014	fast
4dbda51b-c866-4f8d-9c1a-ddc8abcb2440	23.498	fast
223096ef-ee2b-4c32-8297-39a91775aa5a	23.905	fast
b4700797-fe23-444a-8b74-363a46f693ac	24.072	fast
9c407bd5-9411-434e-8b83-319394cf91ed	20.096	fast
1f46ea53-dfb7-4a7e-8a92-53ae68bdbda8	9.848	hac
4d936fb7-1d2e-486e-b286-260b7f0897e1	26.880	fast
85ae506d-b90e-42d3-9924-9c6f9187247f	13.427	fast
575d9e20-c1c3-4d9c-aa3e-cff550b45138	11.418	fast
b9d38ee2-1110-4763-be15-339576ea5ce2	21.154	fast
7769ac09-c179-4c62-a9ab-51bfa42fb28a	18.708	fast
f3a93be2-8be5-43a5-892c-454f8321be73	24.451	fast
a6fbb1d9-4833-4255-af5e-6985c0b0f1f1	8.173	hac
4487a6d8-af41-4aea-9b50-719aaef7a7e7	20.789	fast
513a7b95-0c10-413f-b827-67220cc7d81a	12.539	fast
9edd8ca6-40ca-4c6b-86a9-80ab5612a75c	22.877	fast
f8b8d9b2-7b5e-4106-ba81-ef78d5ff11a5	25.043	fast
db73edb8-7485-4a77-970d-27a5e14e570a	10.807	fast
81758eb4-8e78-44ca-9186-0c0e7f04296b	18.553	fast
eecfe787-4c05-499a-b5a1-cb268fa0b887	24.337	fast
f5ad91be-9a70-4457-a754-be9f1314c465	23.295	fast
b321bd3f-f192-49f8-90e2-ad8abefce5be	23.914	fast
1f134384-f4bc-4ed2-87e7-881907844f71	24.425	fast
a93bc3e9-d591-41e1-8da5-ce9129699139	11.047	fast
fa508b49-63d7-4869-8377-353a1ee2df93	9.174	hac
c4175a22-7489-4f77-9983-5d3fdaaeb114	21.199	fast
f264afb0-b7cc-4c28-8d4f-96732a593d1a	10.087	fast
e2aa8a71-3e04-4cc1-92c5-946e14d904c0	18.852	fast
bafc72a9-3893-4809-a163-292a02f184df	9.691	hac
74c1eb05-bd66-4dde-9cea-282e047fd9df	9.362	hac
77d22a32-98e9-44c3-8e3b-72e9b42068cd	23.510	fast
f447e973-7126-4e1e-9fc0-9d9c604d2dc0	17.784	fast
4e0fe2cb-a936-4322-b22f-21f379eeccbb	27.585	fast
6ab92bd8-3f9a-4c69-ab96-a6dd65c9c956	16.412	fast
84c5285b-9a23-43cd-992e-502444ccba9b	25.666	fast
7c8c9076-f575-4b10-8e06-7be77c73e604	24.003	fast
a65fd46f-c9dd-4ba7-9535-eaa6faae515a	14.094	fast
e1d854ca-d900-4f8f-9af4-2bd7409db26a	8.744	hac
67dfda3d-8401-459c-bdc4-fab2046eb705	24.676	fast
25ef1f49-e055-472b-be69-bf3e8da184ef	24.984	fast
b0b25a9d-cee8-42c7-bf9e-334735cb6b5c	20.510	fast
f9f99b94-2dc2-4be5-8412-cd32ee2a25f5	10.696	fast
8b151801-15fa-42f4-b769-d96fd6ee953b	22.951	fast
e46ab597-7b0e-4ab5-ab3d-4ddf64d8ad50	26.068	fast
efeeee18-a816-4880-9971-e5b236c9c444	24.972	fast
845f9783-9eef-41e0-9fcc-a5615aa4e75f	10.060	fast
4c779fd6-5d72-4e16-8f78-d4673a0914e1	25.252	fast
cc8dcdcc-3d14-41d9-a96d-7b784153360b	20.705	fast
70ecbeb3-e291-4f58-adbb-c2b476c7421d	8.811	hac
c7a36861-3502-4cdb-a5b4-3a92b1de16f9	19.181	fast
715fe72e-e084-4f57-9335-c2857cb27e22	8.427	hac
d8d9173b-cb95-4400-bfb8-2f03ceca41ce	23.447	fast
b56d9835-b12b-4483-8d15-173d089925ae	22.878	fast
b5a4f710-1d59-4ae5-a753-8db8dcf079ae	29.005	fast
9c2f78ad-f5ae-4519-a3fa-fb4c0a14a6ee	25.535	fast
08cead0a-1176-43cd-afb8-6cf273496a57	25.074	fast
78dc5c7c-0829-4564-a130-95c13a9a7951	24.239	fast
8318ca0d-0feb-4c7c-b1ec-489e1d6792d4	27.644	fast
69aa61dc-c89a-45e2-abef-f1cad6dd9a48	7.216	hac
a1aaf650-11f7-4563-8edb-ba43388a7037	23.232	fast
0faeb749-ab66-42a4-8927-abd9aba1aa0c	25.931	fast
97a0521d-eacf-41d9-a089-a688b1e55f2d	23.553	fast
e54192cc-bb56-462a-b0d3-b2fce4230bb1	24.600	fast
f9ed3ac8-7704-4896-b6ba-bd6540bfc5e7	16.405	fast
0169b2d9-27a1-4a6b-8cef-af3b715cdc86	22.265	fast
b081986b-b6e4-4238-9284-d26aee6a57b8	7.620	hac
196f1eb7-800f-40bb-a2da-2197f50ca87e	9.729	hac
ba493dcd-4f64-46e7-8e15-2fdc93ef252a	6.612	hac
4791a113-835a-4bac-9c31-a4f09252d3a9	19.327	fast
c5a9888a-55a0-4009-ae11-d9922e13e77f	22.557	fast
12a13f54-8afb-4ce7-9bcc-f24eae8f7163	25.647	fast
90a5389c-06dd-4b8e-ab2b-9ea988bc4121	25.973	fast
3d702cc6-4803-47e1-8bda-f03c91b8b0f8	24.957	fast
f0d8d1b0-5769-40ee-9460-e8f9e693a3d1	15.664	fast
0e0d0b64-3239-4e2d-a31a-35ccf4d0b2bd	21.938	fast
2c748938-e8b7-44da-b500-cba19c0c56cf	24.039	fast
44693581-5e07-4e76-ad08-d6d62991ad06	24.341	fast
31498c36-9fb1-407d-a1e7-2d4cfa8cd621	8.054	hac
1242b26a-ae11-4846-b59f-808c91cea5ae	23.893	fast
5bdf5fe7-380d-42c3-97ab-b5dc92771bc1	21.077	fast
cb7afc4a-d01f-4d89-8b59-9d06381635eb	5.583	hac
70dfa2bf-6879-4ea6-928e-5dd726c60f66	9.285	hac
4a6f1b7f-3f4a-48e1-8084-df38bcbd4ca4	23.586	fast
9ef4626d-ac3a-4a2f-8257-294226668fcb	21.387	fast
254bf2ef-0467-4c2e-a3dd-d64881530a25	29.413	fast
a2f2df69-987d-4587-a074-d57ec45c2609	22.429	fast
201aaced-92af-48f6-bbee-8082f30ad50e	9.225	hac
14e13fd8-35f2-4281-a167-ea7b83c8e10c	25.432	fast
a2da922f-9cb5-49fd-94c3-c270f51344b0	11.702	fast
c8724f13-4cf5-4ac4-ad12-137f7edd1945	8.152	hac
f616a43d-4542-4882-89a4-7327f8e41739	20.882	fast
cc85dc6b-9eef-4a67-b01a-9323dd568cdf	13.633	fast
af67e58d-e1af-4113-b1c8-86e39f8e8bbc	19.473	fast
92732f6a-e93e-4090-897c-2cfaa4366666	25.238	fast
60b34750-701c-4468-9ab1-0837698b74ec	22.450	fast
89f10655-5464-48cf-be10-d50da64a7e42	25.460	fast
933ba2e2-a77b-47c7-86cd-4a0475e3af6c	19.292	fast
6c5c7541-fd58-4dfd-9b36-5f2d9ebaa8a7	24.770	fast
683fbaa8-218f-476a-a054-9b1841921756	12.415	fast
ed692c56-9928-478c-9ae6-17058abdd8e6	27.022	fast
7d1f765b-2bbe-44e0-9534-f354453e7ca1	23.592	fast
151ebfe7-15ee-4202-8e67-7b20ae95b47e	20.971	fast
97f97b56-da90-4901-a274-f4b1b9fb63ab	22.842	fast
2f254d56-d24f-42af-824e-24cf76001c40	18.329	fast
a0698136-e5c2-4333-8e2d-8144c0be8035	25.693	fast
c27f2f31-7d93-4aa4-930c-9c85e8a7c4aa	22.118	fast
2566b9c4-1168-47af-93fa-db1feb7d9073	24.135	fast
ff771c89-feb0-4871-bc4b-f74ad692ec19	24.566	fast
813d3a0a-ff02-4c3a-a179-b0c7bd1a1c18	20.883	fast
a0f39ade-0092-4028-a2ad-4f688ba5b5fc	8.846	hac
9fb71b77-284c-4cb6-9edf-887aaa607dc5	24.554	fast
e5a0c7fd-251d-42c6-b22e-ef97fd59af59	23.438	fast
4f3ac834-f185-4dda-b0b8-4ac6919467d4	9.110	hac
237333e2-fac3-497a-82f6-46f5d6a3c539	23.827	fast
4a1c58db-0b14-4c8e-a898-3582cac09420	19.376	fast
2f977eba-8288-4a95-be32-d2d06715b74f	18.861	fast
3ac2e265-f1d9-4dda-a625-11345030aab1	23.101	fast
2757715e-f3aa-4579-a341-5a5457c751a4	23.680	fast
bef1bb89-fe38-4c72-a2be-6de9f2337628	33.791	fast
bc9552b9-14aa-4f47-9b1f-ad83cbf2b408	26.631	fast
9e21c2c6-1783-47a5-818f-3d7143a72fde	18.286	fast
418b219a-ef68-49d8-bd90-0cd90b3d1cf4	26.978	fast
81ecb12e-65d1-482d-80aa-100b8148adc4	21.532	fast
1c7a2e7b-c9bf-4fbe-a617-47ec8c6e1d85	11.964	fast
5b157df3-aa01-46d6-a977-2fe37fa52299	24.194	fast
aaa3aef8-c2ec-48fe-aa26-cbb3fc18dfeb	15.630	fast
e6ba04c8-a321-4d3a-92d0-0a86b257f403	14.447	fast
5268cc07-9c13-47e0-83e4-41e50e065c80	23.808	fast
534e5cee-63ea-44d6-aec8-f6733fa1b9ee	24.465	fast
24b814a4-bb96-4b73-85f1-a0bef2382413	22.630	fast
4dc80c94-f4d9-4b8a-9ca5-a21950b3b64b	9.783	hac
71343694-1527-4e25-a1d3-36be49758959	20.350	fast
b372d610-49bc-489a-8668-236cc627ba87	22.076	fast
8d735fb9-24f5-4f17-b32f-03dd21cd8687	6.685	hac
60b872ed-c911-49e7-9404-9639cbf46cf1	24.861	fast
d4ca8bcb-111e-4718-ac52-dd7abfc4f18c	19.807	fast
f8df2f54-1aa3-41a1-9c6a-6dc0c842f62f	24.856	fast
2998d620-4966-42b1-9047-f508a60560ad	19.556	fast
d9186480-ce0f-4f22-b6f3-aceec8b92956	18.788	fast
2e6fca02-ba9f-4c4b-ba9f-709360620716	12.983	fast
fc3842fe-0333-42f3-8b41-32c8d5d19e59	22.387	fast
ccd2b85c-7525-4cb5-9090-44e34c413a5a	24.268	fast
874666bf-2885-48fa-bf92-31b515fe0e1d	26.169	fast
3a094818-c7af-44f7-be48-425718e1a18d	10.114	fast
d28e97a7-bd46-47ce-b097-df2678c9f889	24.034	fast
376d8f6b-0c9f-47b8-b352-aeb8b04afa26	20.886	fast
d3f67b28-5c5d-4a35-8596-4a16c230a601	16.313	fast
8c855be2-9851-4c48-b232-4b3fcb9c5019	10.970	fast
caa28536-5c19-4976-8896-92e1d4c1a082	24.646	fast
e4020932-2d6d-4d32-9d0c-863c43d54ffc	25.268	fast
9775a1c9-dbd4-4244-86d2-d15706a71212	17.949	fast
0facbc55-8502-4c26-8f22-1c29f629cefb	23.005	fast
4fcfa807-4b08-4e99-b3f6-f3695071918b	24.871	fast
d22670d3-a3bb-4810-a299-40be1e69d404	19.880	fast
05e5c954-d9c6-4b9b-9598-a2930cbe0415	24.323	fast
05449133-9259-4373-b80f-99a7e38bf2e5	21.674	fast
e3f42e0a-5887-445a-8a3b-fff9ccab54af	21.929	fast
58f68a33-de09-41db-b3b4-65ac8e3b4467	24.164	fast
33267d95-f0f9-46e8-85f6-aebdffbfb32e	12.181	fast
9e629613-dbaa-4ec2-b396-0bbf543b2f36	22.842	fast
164a82ae-cb48-41b4-bf3d-26c2746709df	21.870	fast
c6041a7b-ac86-42f6-9c4f-3a3312d998e7	24.596	fast
aaf6e09e-7df4-4145-96c1-245724b5ee7c	24.821	fast
85dee045-8078-47f4-aa0d-649ca95cc022	25.185	fast
f69a7b6d-d677-483d-a39f-f48aa62ff70f	12.885	fast
1e874301-a54c-4941-b8eb-24e52e4c289f	10.111	fast
78ee502b-f1ef-433b-87c3-f008d55c95f9	8.625	hac
acd4e03f-b792-4c74-908b-58dff20449a7	26.899	fast
caf512e0-c3da-482c-b818-90df70217838	10.078	fast
53c71f6f-2fbd-4b8a-810a-7a9fac2558df	17.615	fast
f52c04fd-e820-40cb-bf3b-818c44415ae7	23.773	fast
fe14a0b7-f5e1-4fe6-b9b4-1cfae70bf612	20.639	fast
4ce9c4cb-da67-4043-abbc-ad36b1c18829	24.294	fast
1cc57f1a-9fc8-4310-9b37-1bde53c8411a	22.592	fast
5f5967d0-db4c-487e-af35-1080246a7f40	23.488	fast
025f5c60-cddf-4d9d-81ab-e09dd17d47b4	21.549	fast
ccd3b461-9e5a-4a8c-b2da-9f60d11d1837	20.087	fast
c1d58a3d-fcb2-4eac-8c79-19e49c058371	20.466	fast
336e34da-7461-4a62-bf38-ec22207ebd6d	22.742	fast
39bec6f1-97ba-4c05-aeb0-52992229a397	22.937	fast
8dbeaf72-7a80-4b88-b7e4-48cecfae92d3	26.229	fast
c53e2c91-749f-4789-825b-22ba517c3b12	25.309	fast
bec14735-188c-4120-aed2-44c336717264	9.544	hac
7923ae77-5849-47b1-a6c0-acd0b1399908	22.558	fast
e87ac132-7d01-4265-9fdd-5279c0eb60b4	17.078	fast
7ed10f64-0d8f-48d1-8771-842481bedb22	20.948	fast
4faa4d0b-87e4-47e7-89f6-301d5637fdf4	24.361	fast
fdcecbb1-72bb-4524-b786-1cd22c71b013	23.436	fast
90add709-d6a5-4c04-8564-7759db86af13	23.752	fast
dde49fe7-2206-47b3-9e4f-b170b4941cf1	7.620	hac
09df29e2-137b-443d-9ae9-f935fda6ff72	25.373	fast
8d0e3a55-6749-4452-9a94-d88652ad1837	17.538	fast
287ed1b5-9111-46e2-ad8a-114e91040626	22.079	fast
b8168077-b67f-4d78-8e52-e86dc7927b76	23.245	fast
2ddef57f-ee1e-496c-ae94-10074906950a	25.774	fast
b575ca75-a735-4d53-beed-c38ec24caece	5.074	hac
ebe1dad7-72ec-4d3d-abd0-91a855a9c8a0	25.925	fast
629a2346-0ff9-47be-9ff3-153ce79dec9e	25.426	fast
adfb2da0-32f0-4dfd-9d27-14d974ae58f2	10.852	fast
ec9b8cdb-2da6-43be-a895-6e41fe074c62	21.847	fast
7f2af576-f7fd-4f16-92c3-8d281f07908a	22.810	fast
78b259c2-0960-4ec1-abbb-e38720e7ff60	26.294	fast
970d3e58-edf2-459d-a11b-95680855061a	23.346	fast
4aa992af-6c67-476f-b388-f4fcd852a978	26.378	fast
d61d90c6-7e72-4d66-a37f-b3b5607388a9	8.393	hac
941e8cbc-63f5-41a9-b427-f4492d853b1f	26.485	fast
32ffaff8-3d61-4310-a328-4998c8999ce0	21.292	fast
98d9e364-ea26-41cf-b647-a3b2f2469b1e	8.136	hac
0e6f1297-e725-4918-8ec5-c0897341b3b3	19.802	fast
a95de82e-43f0-4fe7-aff2-373efb962e96	24.776	fast
0ae3ec50-8ec2-498f-b5f4-8e110d0c655f	24.800	fast
8c3bf116-2763-48e4-8504-4027cacb876b	19.010	fast
cd31b4a7-b250-4cc6-a6fb-f2810ed43c4e	20.728	fast
69bbfad1-619b-4e6b-945d-34483e038d5c	15.123	fast
4fea5e42-3de8-432b-a29b-745e666f948c	24.273	fast
77d716d5-1df0-485f-8121-01e377e4aa4f	21.343	fast
751c6c0d-7c36-4163-80d8-30721dccf395	19.992	fast
69850a92-cd94-46da-a6db-a24475978436	21.612	fast
92ee8429-e151-49a0-b9e7-87675bfa78ca	22.316	fast
462dbd60-6704-4bcd-a0f8-d236849652c3	13.371	fast
79bfcafa-2470-4993-af99-6455fdcaf4c3	8.669	hac
2e355841-1c56-42d8-875e-12bf31a80388	25.613	fast
070ad397-6669-4595-9d6c-fb64724a8150	27.167	fast
4502a377-7fb5-4983-956f-41b79c8e26c2	6.090	hac
a93960f4-479a-4135-b897-5056b0db9042	20.854	fast
a2f118f2-8856-409e-91a0-0b6d7afe4a30	19.668	fast
49b0b1f9-f964-4634-91cd-b39fd7610f62	24.466	fast
84423c3f-8884-4243-bdb3-0313d3cc6c6f	14.003	fast
165a55e5-82c3-45ec-946b-f2c8e00c9d35	7.641	hac
adc10d71-28eb-4173-9df5-02562af21d85	23.492	fast
814d2e51-14f2-4c08-ac2e-ca9f24032680	23.986	fast
0054dc7e-a3ba-43bd-ad03-e269e197fffb	24.540	fast
4bbeb8d2-edee-488d-883f-d4923589ee84	23.054	fast
8fa05080-c7cf-4de8-8f3b-810ca1578aab	17.187	fast
01bb9f4c-cffc-4155-a955-8472afd80fb0	22.978	fast
a24bb14e-77dd-4bf4-aa39-95f8fc027d7e	25.130	fast
dd021fee-84f9-4098-a4ce-98dddadaae5b	18.837	fast
0a33a505-5136-4fb1-bb79-46f952cbe517	27.981	fast
60636e7e-85d8-492b-8ee5-85f8a5cfb493	25.295	fast
1ecd14e5-88b0-482e-b158-ea1a2c8540dc	13.738	fast
43ff8cec-905b-4832-836f-60b9c4684e93	25.853	fast
d6a8e55e-883c-473a-839a-d5639a66f49a	15.757	fast
83f74957-2b1e-463b-bc60-7f0617cf173b	19.935	fast
8436d495-f26d-491e-a034-c4d4ec064f98	13.364	fast
dd03ff10-773d-4670-9be2-b833dd35246d	26.671	fast
d1beb662-7914-4362-a8a8-47f59e4f9260	24.826	fast
5ba6b3da-ef7d-46bd-bfb9-6ba47c34f978	21.162	fast
c240302f-f5c2-402e-a285-1a46859ebcdb	20.821	fast
35838ef0-eda9-40c1-b8ae-6999a1f17729	20.598	fast
79c7e456-f24a-42b7-91ee-0dfa38245e51	19.149	fast
8b0325aa-f77c-4429-852f-7406444d8be1	26.095	fast
4cbaffd7-d275-4024-aed3-0b70a99ccb31	8.275	hac
a702e0d5-1a99-42d0-bea1-904db5466ed3	24.621	fast
ab4d77a4-4b64-4ecd-bd00-d27af87de25b	22.847	fast
ee0a578d-719a-4875-af4e-9b4d8fbd0fd8	6.192	hac
cb4af1a7-f1cb-4a06-bf5f-9cd245e7fc5f	15.583	fast
7fa9684a-628e-457b-8324-5a72e0d09f60	24.758	fast
2d37db9e-658d-4419-ba96-596fa5c8815a	21.556	fast
ee4af1b7-7604-4590-85cf-b7f46111958d	23.789	fast
ecc89fba-c581-4cbf-9c8d-0420606eee51	22.633	fast
a6edda91-d4a1-420e-b6b4-1965b46846a4	19.488	fast
7f0abfc4-17ba-4e85-9c1d-3f773148d253	24.514	fast
504aa0c7-8b0c-403c-b59d-7d32353b1e97	26.900	fast
f0e71f8c-6256-402d-92ab-07ee1eb8fb86	24.040	fast
b9623a47-5711-4a44-9391-72e3e67deeca	27.525	fast
67c1a75e-ce74-415a-bcdf-b08e39a5392d	26.715	fast
09bf8400-c187-4d9d-a921-f7d2483401d1	22.947	fast
5b1b3660-99a2-4e2f-9b04-c8efce266a6d	22.446	fast
fb232080-b048-4af5-9e1c-140eb9e3eace	24.364	fast
e21eed3a-9c2e-4dc3-8d3b-ec1c486f04fa	11.482	fast
1c566a22-582a-419e-91bb-f3c55a7bdae8	18.680	fast
ff79ca39-f2f7-442b-a3e8-986be3ffeb2b	8.177	hac
9e164b23-b054-4941-85e1-37a9230c944d	12.864	fast
2376d07c-175f-4d5e-83f8-c6c565a8d216	24.627	fast
c2078180-ee22-4062-b614-fd7a9ee5b836	13.348	fast
7c28d183-5996-4fa3-b51a-df8700fb6421	26.332	fast
a0906b44-51ef-40fd-a9e5-338e636768d7	21.991	fast
9137ae71-5bab-4edd-92eb-0bf88b560caa	21.813	fast
ede78182-4f62-432f-8e83-d8662dd876d0	25.142	fast
2020159e-d019-43d0-b53e-0550657c0829	32.057	fast
8f4fd640-d802-47a2-b251-d797a8adf7eb	27.221	fast
39ec6d28-bfc8-4884-b4c7-294a7978b95c	24.080	fast
5cd2b469-6da2-4ef4-94a3-2951a4c104b8	26.209	fast
0c4acbb2-a735-46ad-8ee8-1c3ac6987315	10.041	fast
2a41850e-d2f4-4fb2-b431-b369f0da8dee	25.893	fast
3b94f526-88ea-423a-8d36-46da7058a0fa	9.187	hac
0864932b-d73c-4025-9912-d4bb02caad39	25.560	fast
ca6469c1-dcf3-4bee-966e-b9914def2a35	22.044	fast
a2a8978f-5c16-4819-a186-9804831feeb6	26.217	fast
976ae8ea-4deb-46d9-a2e9-287cb159ec8c	26.513	fast
23f0b31d-ad73-4225-aef8-d0b3dccf3fe1	24.830	fast
f4a89a6c-b885-4b73-8b9c-f8f0178ed678	25.860	fast
8e7f873b-07cd-4c0e-8f43-688bf06cad35	22.700	fast
f7904225-b5bf-4c49-afc0-163789a9ec95	27.648	fast
69331bce-fce2-40f8-baa5-b6597f0daa8d	9.651	hac
b9e192b7-9564-4033-9b67-b0fe05acaea1	18.793	fast
317d9afc-1b05-4b32-b54c-df7ff7f79825	9.900	hac
8b30f630-63f9-46d1-9ec5-7c12a1b8870e	6.797	hac
9d8b563d-f958-4356-9dec-fdff3f541b83	22.528	fast
c0a33815-72a5-401e-9285-2533404c0e29	22.562	fast
15d0af56-e7d1-4dd5-8fd6-cda6c5ec9958	26.660	fast
9ec6b402-5ba1-499b-8597-c30a93b79c2d	20.319	fast
9d948655-44f8-4026-ba52-e9b05669a14d	23.176	fast
63a693c3-b5ef-4bee-a515-6a31507018c2	22.590	fast
0a215cb9-61ca-46b9-907e-b8ba80ecc645	24.285	fast
f27bdede-711a-4ab5-ab61-6969de55e211	7.389	hac
ba8e42eb-15e1-47e1-92a6-66a49c284e22	21.615	fast
d52a0bc5-1db1-4df5-8756-dd5b65c997e7	25.008	fast
109361a9-af47-4b2a-a43f-c08add9986db	26.597	fast
6dc12ab5-1731-485a-8de9-7a49fb47c927	13.807	fast
be8b1b5f-cbe4-47bf-8422-0b444bc58fdd	25.715	fast
75658197-2bae-415e-a693-fde99c2f4dfc	20.568	fast
160c7057-e2ce-4fc4-a5f0-ff77f4e4c5f8	26.561	fast
4960c585-0e8e-4e6f-bbb6-1b78cd566255	24.116	fast
e4b121e6-bd10-45dc-a67a-d592cb1a809c	17.301	fast
a62057c6-f1c6-48ee-b9e4-cc3a87ef6851	20.421	fast
880505d8-92c0-4fc8-9c5a-875503c447de	22.940	fast
6b21692b-b1bd-425d-9d16-d780ded3bd09	17.540	fast
e3df83e6-9189-4a93-84b0-4f234a0f2ed7	20.910	fast
bd332454-004e-43c6-8d61-97aeb69b54e5	11.538	fast
84db5920-1b4f-4acf-9ca0-254a605a451b	26.037	fast
ab1f89f3-66f2-4260-acca-ebb865aa3869	24.093	fast
c9eadd63-e335-4a2d-99f7-b0aea6262284	20.949	fast
d0032977-2d81-4808-bf57-70fbda31a0ef	25.067	fast
f7e1f18d-246e-4af9-bc1d-c1acb60e9bec	25.889	fast
252115a2-fbd5-42b6-a569-0bd1731cbb71	24.514	fast
84b53906-cb52-420f-9afe-05a1fcd3072c	25.647	fast
be8f95db-f8ca-40df-9414-578236f8c0dc	21.498	fast
6254d0a0-d9e5-48f3-8fd7-4d284376a66c	12.432	fast
6f61d6de-0476-4f55-85e8-f2818c0b699c	20.808	fast
fee8b091-5cff-45d3-8640-b12d8a501223	22.049	fast
0945a093-f219-4f44-949c-857b35044d09	26.641	fast
f7ba0309-c19f-4eb2-abef-84873def58e4	7.744	hac
d7fc8568-3e32-4de1-a954-f767471f6e06	23.605	fast
aa978768-3cee-4815-9269-80ce66caed6d	26.214	fast
349f7e9c-6e7d-4fb4-b6fd-0bc1019cca62	23.199	fast
00382980-dd47-407b-83fa-8687569aae38	9.393	hac
16bf0d79-70ae-4243-8915-ad65008ff287	26.405	fast
479eafaf-ba07-44ba-8f4e-1e52d535cfff	10.069	fast
1231fd3e-359a-4951-8209-4c8cb3ab21ea	26.205	fast
44dfbb9c-8b10-470a-b2ee-bbf1f1dc6a8d	22.234	fast
f6ed0cba-e234-49cf-885b-e21f2a4572e9	7.739	hac
ababca4e-6808-4240-a4ea-8f60971a5337	8.399	hac
bbed9e6c-77f1-49e5-977b-ab30af7c38a1	9.605	hac
1c82d882-4d99-4bbb-b3f6-3dc75d0607d7	20.243	fast
0a23ccad-d0cf-48ad-a085-948d4390dfc5	25.776	fast
6bab46ee-8fb1-47a1-b349-8b66b799045d	17.466	fast
24fd2da8-ff99-4392-aafe-a7aedb746bed	13.810	fast
d7c1b96b-e4ce-45d2-a7ad-06ce06473f07	25.144	fast
fd7ddc8e-f3be-4f2d-8c4f-04fedb2e0fc8	24.499	fast
581d37d8-3b79-4311-a045-c3b29651e96c	23.944	fast
f359d502-bfe6-4404-a925-061b04b7b208	24.732	fast
b7f4f87c-6dc5-4a6e-93e5-7b35dfa4ac59	24.695	fast
3471e84e-5e2e-4807-b082-e4fa328253b3	22.532	fast
b10f4aca-1a80-45ba-b077-1dfb3925caa2	19.233	fast
a770e2bf-d5c5-4c12-92fa-99a5ce844f86	28.011	fast
75c505df-937d-4930-9c28-8f89c474e117	24.128	fast
628951ea-bf71-43ec-873c-ad6aedf9a2e3	25.099	fast
6ada66ab-6ba2-4ed1-a968-aeb81b50448e	12.136	fast
a6d57e51-92ef-45b3-a537-c71bcbe40937	5.273	hac
e9f0c9b3-94ad-4719-96f5-05cb5f11e686	24.115	fast
f90d06c2-661b-47c8-92b5-81f13e2fd833	25.152	fast
d2ec0cfc-d905-4741-8ccc-7eb6b35f1e7b	22.405	fast
c1d0362e-fbc5-4895-95d1-a6b2fe0d0931	22.937	fast
6a644e2c-e6f6-47d7-922d-7596cf3e36dd	24.656	fast
b955ea6c-f676-428c-867a-37a77bdfc80c	16.072	fast
086a60be-6d22-4ad3-bad4-eec59fe49ec0	22.986	fast
0f95bd27-76f4-485d-817f-0d249cfb5799	8.271	hac
c9e6964d-5eed-40a2-b3e4-41e5834cad42	20.190	fast
d41ec89f-4275-4b25-8470-7fb067cad917	27.172	fast
9ed7edd1-2712-4cb9-bcb4-5d0fd099e89d	23.698	fast
a2293169-f5d6-4452-b3a4-01be98bd0bf1	22.116	fast
af13065f-9add-4516-a76f-7d3b2fd1654d	7.435	hac
ba4ee478-b693-42eb-8223-bcfd7933a6c6	8.013	hac
1e7bc5c0-0093-455e-a766-c48557fa53bc	20.403	fast
dc9c7754-f455-4474-a16a-8f08d071b087	21.994	fast
4ca800a6-a9b0-4264-9ebd-8705b5890323	19.911	fast
ce1117ed-14d0-4c56-841e-f4947bc00567	22.456	fast
eeb4edf8-6976-4a49-a9ff-34d561accdef	23.664	fast
638db12d-ce7c-4125-99d1-33c53ef289ee	24.511	fast
372bb846-baa0-4613-a596-4b3286901f22	10.370	fast
c2bff2d0-8916-4279-acdf-976a5626e27b	21.918	fast
217147c7-2f9a-47ac-810f-dd83241e3931	19.751	fast
b571e9cc-9736-44c4-a6e5-cbe1c3971360	24.779	fast
aaac3224-8722-48af-a66f-3d2f3a4b0e6f	27.052	fast
3ce8fdbb-cf92-404a-b8b9-f9765179816e	24.000	fast
ef603fa2-6477-4b15-b45f-eab858e881d7	26.846	fast
da8a7951-df96-4edd-8e88-6c9ddfc7f3dd	13.308	fast
e140adc3-da8c-42fd-9eb5-6bbdcd621995	18.641	fast
2d56b7fe-ffc0-4113-b587-f6984716206d	22.222	fast
62d7690e-e497-4d9f-882e-8d942edf7037	23.173	fast
b80735cf-10a2-4619-8a4a-9282c0d71fa3	23.182	fast
0e12f253-a662-490e-af50-59beec558e68	24.713	fast
05faf50f-c9d9-485f-9075-d64a3257a65b	22.186	fast
ee4e8031-cbad-4ab5-bcb5-bd09bffe98ec	20.404	fast
82c1ac76-fe55-4eb7-af41-be5e650511d6	19.779	fast
f0c0261c-ac08-47a1-bb89-bd0b222c7c4f	10.023	fast
f80d0169-6070-44af-9386-26a72e599ea4	17.320	fast
66fd06f7-6500-4301-a0ef-cd946c5399c8	21.820	fast
cdabbd28-b596-4557-a7e0-d208614b1d0d	24.322	fast
2689b8bd-bde3-4295-8102-9b95f340b9f8	27.701	fast
4b2c03d6-e8a5-4676-b6e3-eae75c3d560e	9.294	hac
be8b4841-92c6-4c2e-8b8a-793e67dd1928	23.159	fast
600171ef-adc0-40c6-bf84-a8e47f9e05d7	19.014	fast
e7be8b34-f818-40f0-941a-a0397bf00346	24.860	fast
169e4e01-598d-46e6-a093-6ab526bbd5ca	28.139	fast
60066a79-7dbd-4baa-a3b3-aadd152bd1da	22.269	fast
1ca76798-aad3-495b-ac99-89b5dc60cb24	4.867	hac
ec1f8210-f164-4eb6-8534-5a0a9b3704de	20.494	fast
8191f96e-05c7-4e4e-8964-bd55e69c405d	21.292	fast
dedf584f-8d2f-4b4e-b949-6c6371478600	8.683	hac
7e8442ae-4459-4fd8-9479-2bd4cd49b258	20.021	fast
51f62d49-0cc2-4065-84a3-063c1e3f984e	24.580	fast
78ec3141-f865-4167-a4e2-2b881eeb138b	21.330	fast
f59785fe-7bf2-41fc-bd70-59dacd60adf4	24.176	fast
97f5e01a-ab57-4eed-9633-370310f94096	16.598	fast
57a23a71-3aa1-48d2-be68-f7cd0deec71e	8.831	hac
3f7aaed3-1a55-4c70-95b0-36ece776eff0	21.118	fast
0c43372e-b347-4528-b5ab-aa7b29824639	8.942	hac
4f0eb93f-aef5-4194-ab51-19f61997bfc3	21.973	fast
f6dfd8d6-d123-4542-a07f-6af2e48ebc13	13.353	fast
ff0ff2ef-27f3-4088-a208-9776e07183f1	25.443	fast
ba6df703-cf4b-4097-83cf-91c6d005df47	16.615	fast
70607322-80c7-49d1-b059-c4b252e884bb	26.930	fast
8b4cf7d4-6dd2-4d63-9af1-968658fb6376	17.447	fast
81f8213e-6a3c-44cc-85c2-82e78e877079	25.188	fast
d260aed1-bb16-448a-be91-ba89d7c0af9d	26.294	fast
b2dd4d16-3e79-4fe7-a45a-c58a173d5f90	21.698	fast
2627e8c0-8fd2-4c0e-9e97-4fa02eaf4ebf	21.870	fast
24569ede-6242-4542-8c48-a304d682ac9f	22.591	fast
60ca2237-5241-4d08-bd74-c24c25708b1e	21.490	fast
a244540f-72ed-42ca-bb6b-f9d83f616ad5	22.575	fast
2d93542d-9bd1-4d93-9ba7-b3ca02b3420b	21.372	fast
090836e2-89a9-4063-ac6e-e1618a4a24c4	16.451	fast
48349765-653c-4541-a120-d957306574ff	24.834	fast
c5133544-052a-40bc-8989-4698d37fbd5a	10.158	fast
cd08e4c4-cf8f-4f5b-ba3c-7cb4872538c7	15.623	fast
504d6eb7-439a-4c2f-9e12-200324063934	23.005	fast
384eee43-672f-46cd-a4cb-bbce4011c7d3	24.894	fast
6b41b32a-2c86-4592-b0f3-f99a216e259d	21.915	fast
da8717ac-dc0c-4522-ac6b-d46cd0e4d1a5	22.327	fast
efc58cb2-586e-4906-8f37-c2d88527f1d6	23.608	fast
bcc51d48-e3d0-4205-ba0b-ad14ff88cf60	20.064	fast
83f53bc4-c891-4da2-bc59-ee53cc6512fe	25.594	fast
17961bfe-fe92-4c98-8565-d98257427b45	19.487	fast
e2fc0d04-2d0c-4eec-bba8-b93dd29967b6	28.115	fast
f8098fc1-df0c-4173-9f20-4d545f031b81	24.366	fast
a5d26bd6-3774-4bd3-ba9e-ccfcba22127d	20.821	fast
d3bc79a8-8d56-45f4-b632-6ec7604d9655	26.969	fast
33796731-a76b-4bd7-817d-d37a6dfcb7f1	24.660	fast
542d9216-76a9-45c6-a2c3-c29615636b80	24.477	fast
87a22f36-ad70-4cc8-ab68-5ea9420eec97	24.261	fast
a4911b71-7aec-40b7-bc6b-6511c006cdee	8.766	hac
de009465-7f4e-4826-bfce-49de3ab66285	25.407	fast
ec6c888e-6ae1-4214-b1e7-4fbde18b9970	20.234	fast
0044f3b4-ffc8-45db-890f-bc9479bca256	25.263	fast
10d1940b-b120-4d39-9625-12c23405e125	25.307	fast
52d80fdf-adf8-4dd3-8810-5f902d4537bb	18.961	fast
db22feb9-9470-4d79-8b2e-e2d70e7fc3c1	23.003	fast
4b8b0d99-f4d0-4435-a810-33712a389c43	21.254	fast
6b38e826-0965-4a7b-959a-fc1e0b70ddb8	23.748	fast
ba0df6af-e5dc-4536-af32-088cd1e7d07e	21.667	fast
a04be8f9-2be5-4624-9288-98caebd989a2	6.807	hac
f289bfe8-1f8a-4f40-ae24-302aa6dc7bec	24.633	fast
a5b91808-62f5-4a55-8ca4-ffcb00f491c9	17.874	fast
28a9f6a5-7aad-46f8-abd1-c0ca2503936a	19.940	fast
da86b2ad-1085-4039-8eff-1f35f485a4aa	8.753	hac
5ef4139b-387d-41f8-b159-cd1e8fcdb570	23.870	fast
91c0df0e-4dc8-44e9-bf41-753e3213eb99	22.501	fast
a3eea2e8-248c-4ee2-865c-bc8fa9ef5a4d	19.481	fast
74dbabb5-bc08-4371-b663-5ce6e0cb53a9	26.493	fast
76d603d7-a331-4dcf-ab4e-076ca305dc7b	22.035	fast
d104b58e-2423-4cc9-ab4a-5bf70416bf12	18.224	fast
5282204c-4aad-445f-88d2-2ca451b65c42	26.281	fast
91fe2c37-d47e-4428-95c9-14d6d60bd3f6	8.100	hac
7b3e87f4-11ad-4375-ba0f-e05caec8586a	25.650	fast
80f91d66-4ca2-4477-ae05-eb9f2632ce34	11.075	fast
b12d8650-ac9c-4433-9fb7-e40e45e847b2	23.329	fast
97e2d551-5a0c-4b58-9a80-70d2c3dd3420	21.011	fast
b1e61019-f9ac-41dc-a31f-2db86b7bd658	24.736	fast
96bfaecb-b609-48eb-b02f-fdae2a346374	22.413	fast
31126e85-f27a-491e-8d4b-ef8f58f33ea9	22.537	fast
9b2ceb15-237a-47c6-9a75-9792a0b6da9b	21.126	fast
ae08310e-9c27-4e5e-a4e6-398926ad2bc8	21.815	fast
70b6363a-92e8-4704-b313-6f12f50da62a	22.424	fast
296c4686-ba10-49d4-bcb6-7263054d89ef	25.607	fast
f7624288-0cab-4028-8551-a92e016d73b4	20.791	fast
07d0c1d5-8c1b-44cc-b9dd-210fc42716ca	18.434	fast
a06e70f5-ce67-452d-a24e-bdb279171bf1	7.685	hac
c650b1b3-3ccf-46c7-abfd-f586a2bb1fee	16.667	fast
287c9dce-41b5-484b-8134-04e0aa614007	24.839	fast
fd8fa4d5-812d-4c30-aab2-ee5a6c1074ac	22.571	fast
69ea39ea-4669-412e-8f20-bb61344112f8	24.647	fast
5510c3c6-5029-4689-823e-c4fb901e1690	21.370	fast
96660b4b-40d3-4e07-9ad1-ea7ef18d2583	25.689	fast
c873ce9c-3f45-440f-835f-5e6e730c8dbc	23.744	fast
f02c8163-f83f-470d-a5d3-f1ba09e8047c	8.678	hac
754a1893-fb25-4787-b0ca-dc672cc2da67	21.366	fast
65cb7268-a97a-4681-9b2c-025b50004ff8	22.073	fast
22949569-494a-4009-925d-2ff35bab79a4	23.931	fast
74eb76a5-5173-439e-a60b-6bc63b02d1c3	8.894	hac
cfa042f6-18a9-4690-b06d-e0de4f6434d9	27.289	fast
8db18f50-80ce-41fb-8789-da54d56ba2c2	22.932	fast
15bce33b-2c84-4df6-a49d-a697d24f8ed3	5.238	hac
b1e60476-0cf1-42e0-aafb-d39ce1f1acd1	11.375	fast
ba035c64-7dfe-4dc6-a863-ec41977aa596	30.047	fast
bf8b458e-9841-4c8f-a68f-30bfa9bc332f	19.506	fast
0cb8cd6d-e975-4963-8baa-5e728a903704	21.900	fast
98bdc388-e888-4eac-81b2-2b0085bbc35a	19.932	fast
feecb008-2028-4d6f-a54f-e9e8f85772fa	23.687	fast
bec42ed5-27aa-4b10-8579-172aacce5a43	6.247	hac
aa77b50d-43de-4d7c-87a8-7842fe621414	24.484	fast
425b43ec-cfd6-4296-8ebb-0da265e5f2c4	8.804	hac
7a0eb431-98b6-46d5-953c-c02659c5906d	24.504	fast
b52b6ab7-1bc8-4873-bb77-05c70c6340b8	26.671	fast
f1103d77-c288-4999-9ff1-e9163d5a6fa6	25.529	fast
bbcbf7a2-18eb-4cc0-9566-e7c7cb223bc2	26.272	fast
291b00f4-f2e4-4342-8f24-21f04574c677	24.689	fast
53983273-020f-47ba-9f69-10cdd00bea02	23.513	fast
d6d88778-9596-4fe6-9cd1-64db7ba31955	22.583	fast
a5cceae9-abf6-427a-812c-9c67a6bff16c	11.203	fast
1e70fe1b-da91-48cc-b5f2-bb1d9ae13759	24.692	fast
76ebd37f-ceb9-47bb-a8da-f3a12fc5001b	23.734	fast
d5bfe6c9-98ec-4583-8b9f-280e096346f7	13.682	fast
27073619-3518-4ea8-819c-371ada6748ce	8.241	hac
0467b07b-1f8e-4b41-b3f4-9c1c1c7d56ea	11.360	fast
9baa862f-a445-4117-aa89-a319754589a2	26.577	fast
bde5f1c0-9a5b-4af6-bc8b-654cd03642a9	20.939	fast
49c2b339-ebae-41cd-b6f1-27ed00a532c6	19.414	fast
848c2713-0504-4ba8-a95a-434c8f13c5f4	20.903	fast
4c061a6a-377d-427e-9c33-a63ea34e6358	21.569	fast
8f55afff-bbcd-4e6e-b01d-549f53585f17	27.225	fast
8ef4393d-8c43-49b9-8739-ed354d9fdcaf	14.938	fast
cefc1bcb-a2e2-4703-b9d0-cd65dbf4574f	7.490	hac
7f6210cb-9f2b-456b-9e1e-a63f4d4e99c0	14.156	fast
013cd6b4-2a1c-4276-b5fd-77ee515f6c13	24.390	fast
bb8e0d71-d277-4cfc-aa8a-8e407b9b3559	24.672	fast
20c35a2e-c729-4b83-9caa-cc2eff939c0e	24.360	fast
ff7177e0-98e1-42a0-b92d-0caafebb1764	17.800	fast
9357ebeb-d2a9-4cba-b0d9-6f079f4fe1f4	26.629	fast
cb6cd5f3-f606-4a55-bb3e-b53c04df489a	25.645	fast
38ffa1eb-19ed-46c9-825d-6f44a4337160	25.491	fast
63fe970b-c9d2-4652-bdf3-e9bd9dc267f3	23.671	fast
aed11897-9a06-47b2-8354-72663689f4f1	21.604	fast
70478dfc-83ad-4a56-945a-a83a1a731c60	19.716	fast
f288aee6-2ca0-40cc-ba4a-2deeaa715d3e	21.622	fast
7de1df04-8673-485a-b3a1-a38e56f4c616	22.317	fast
8c4dce5d-d21f-4928-88ad-979b55e9fb49	9.365	hac
cc636972-78e3-4307-9901-cc531e369b1d	22.998	fast
0ba4776d-032f-4796-872f-490e9c1e5168	12.727	fast
422af6b1-0221-43d0-9468-6c4a64c53d17	8.845	hac
c91d26ce-a6a6-4912-b630-4789d7c300a7	22.272	fast
95909939-5156-4b34-b57d-836faec30649	10.670	fast
a0cf0306-cde2-443c-8252-7fd8e4b8f885	19.009	fast
07c3d062-e5c5-47b7-a2a9-914fbdb1b4e8	20.502	fast
73defb86-6568-407e-9381-051b27653db0	9.531	hac
1191d44c-cf98-486c-8112-76cf805ae9e6	15.657	fast
94e23ec5-d240-4b8a-835e-cd5c10649cd0	25.688	fast
86c2e4c0-f14b-4d41-afc6-ac54d21e72e7	9.989	hac
dd2b0f48-a453-47c7-978a-9e4b7ac06f00	7.860	hac
d820f2e9-6ae8-486a-82f3-c053376b050b	22.923	fast
d6506bc3-7f49-43b8-98fb-31faeee99376	25.107	fast
9cc6c529-1ca0-4a5d-978b-972158ec16ba	23.949	fast
c970eaaa-f7eb-4df5-ac5a-3efcf5c41f34	21.602	fast
6146dbbf-626b-43c1-a062-fcece5bc88ed	22.942	fast
347c34ed-8563-4746-8987-0195635b1488	22.121	fast
d2e4ead3-3286-4c34-9962-7b88096fc9b5	18.543	fast
fe7924cf-f755-4d9e-a82a-d61dac0db5dc	20.227	fast
34ea5399-fac4-4418-a33a-e78129c92546	8.745	hac
32af17ae-cbac-4930-944a-3c994cf0a3e9	11.788	fast
df812308-1c71-4000-a37d-4f1123bc7d8b	25.706	fast
55c460e8-b7c3-418c-a28d-fdf78cb97b58	24.751	fast
78b7eee8-afb1-4df3-8ba2-449e7e934973	24.445	fast
66521b1c-7145-4f1c-b8e8-a37636f5550b	20.954	fast
3136c8be-9af4-4e36-9497-ecd5789319e4	18.308	fast
260913fc-8d48-4d80-a527-d586ed85bbd0	23.755	fast
dd8f754f-5181-4c10-bd38-ba1ab339324a	11.623	fast
165c9068-38ab-4117-89c6-ef1d880096b6	24.758	fast
b09a9383-5b01-4049-ab21-f436a08bed81	17.638	fast
44a57da5-8443-4483-a4f7-83f8dfc50f2d	26.077	fast
6a9bec12-1bc5-4046-8b69-5255f2e5ca57	24.038	fast
75c4f68d-da78-4b13-bd53-ef61b27fa9a1	25.755	fast
9af30f30-3368-4f3d-8509-a21792766c47	21.678	fast
ad100733-625f-4688-831c-056d6ffed145	3.762	hac
94601636-f15f-42df-9bdd-a551f9f92f93	21.117	fast
f132f23b-43e8-4219-8f62-8efe9265fb37	7.560	hac
27b082f6-7fbf-4eb5-9f48-88e3c1ceb8b4	23.239	fast
664efc80-b6fc-4653-94db-50047f42cd12	25.485	fast
89b1209d-987a-4889-8608-271e9fecae29	23.409	fast
bf7dfdfd-10a3-4639-b762-7a306e429788	27.803	fast
c723e776-6c90-476f-8385-dc93f984a627	23.467	fast
ed6c2a3e-0220-4327-9436-cf06cf239c60	20.998	fast
53b9f7a2-2f06-45f5-815f-247dc5c3751d	28.210	fast
36c3f7d4-d3f5-4092-800c-ee5d9f79d30f	26.598	fast
2052c87a-dd25-4a0e-a731-2f3bd0366b1e	23.684	fast
304ec3af-4c4e-455f-bb94-5f8c46bc6e9c	21.327	fast
5ac7b7f7-3ca3-4fbb-afc4-5a5b50fd5ad7	15.955	fast
c7b67ae7-690e-4ef1-97c5-c27f0a41a51a	23.538	fast
8b2ba948-8b80-454b-999d-06a1a3899694	14.248	fast
013b18ce-3172-44ea-941b-acba55811b47	15.559	fast
e307f2f0-95f8-4264-b8a0-400a41fedd57	24.809	fast
afa000dc-3203-4ba2-87d2-a60be329664e	13.929	fast
719ddb3c-2264-4ffe-bd9a-fae878c96baf	9.956	hac
a432b433-7a03-42a3-925b-79078a79c30d	22.376	fast
71bf8b43-174c-4e68-9e82-4e563419fcd2	14.873	fast
711fd32a-ece6-4a81-8970-4e5e5cdc8a0b	25.393	fast
dfe11b7b-d0a6-4295-8386-e30bb67e482f	21.966	fast
a40fe344-5254-4090-a7bf-e64f6f2b648b	10.354	fast
e29e2323-63e4-4ccf-981f-fb3b8f47b2f9	23.581	fast
9f65c230-6d17-4458-ab66-83580aba8caf	6.579	hac
b35f3b86-de65-4ed9-b9cd-3b5e1554d2f2	23.638	fast
533d2df8-801a-4f71-bdab-b0274f76efb3	13.363	fast
6741db55-54dc-47da-aeaa-276ab550ace7	7.677	hac
66aa4592-1183-4a40-844f-dc2b24d4b034	8.899	hac
8cad2707-021a-43ee-8dcc-de036eca7d7e	31.659	fast
12c00990-a70d-4c83-ac77-262bebe8917a	23.025	fast
f502d25b-65d6-47d5-a4c0-4167ee32bfea	9.066	hac
b5c80bb8-476f-4b1b-bc5c-6dcbe7e4c90a	21.503	fast
3753d45a-5eaa-43b4-990e-ec9ebe2c3d9b	25.453	fast
445de8d4-08ba-411a-988e-ba020f4e3cfc	25.584	fast
6b516739-ede9-4d27-9cc6-4b0c04eaabad	21.279	fast
85971b2b-d18c-4d4b-a3a2-bfd158144496	22.108	fast
f8cd5ea1-6e67-44b6-b039-1449c2e085bc	16.755	fast
d46bef1a-a3aa-4631-9cf6-d4c1f2e76c82	24.187	fast
2062c85b-0f11-4024-9ec5-96dee12b1140	24.311	fast
adc033a0-aed0-4fd3-af27-e90976e0ecba	18.366	fast
d4d376a7-58f4-4cc4-a17a-82d18b287cc2	23.873	fast
3433f43e-662d-4d86-8d89-4c8fc17296ad	23.149	fast
9ddda8c3-fa61-44dc-9e41-3ab14885fea6	22.078	fast
c52915ab-a1e9-4936-8b6e-148e4edb4c02	15.109	fast
cb1494cc-d0c0-409f-855f-4e345e115fbf	16.775	fast
9ea3cae3-2264-4338-a841-4f7ad1073ee4	23.051	fast
bc22a33e-d323-44ae-ad9f-0a0dbf130bde	26.904	fast
1425b4a3-a5a4-4e0e-adf6-5633b05de4df	21.114	fast
d09ad909-5d5f-4aee-b34c-054ef1a022f9	19.449	fast
e7d4aefb-249e-49f5-add9-9226d68b4393	9.797	hac
2ddb2177-ff3e-4d9c-bed3-ff8603bc84fb	27.763	fast
92de1cb9-04d6-4e27-b8fb-cdda7ba910c2	24.239	fast
37381096-711f-4ef3-9941-8e63529f7c68	20.737	fast
e1b8c992-361d-49d3-9778-957f43ffa6c9	20.384	fast
04d1b355-f4b8-4930-8b4e-893c6f62ac7f	24.450	fast
a0e43ab3-9e22-4251-899f-32c3378ea7e6	25.059	fast
debca535-f39b-4250-b564-3fd537990aff	23.828	fast
45e82327-e636-4abf-b034-d4b0e239b4e0	25.475	fast
347bf16b-305e-476e-979d-113754c3d353	22.156	fast
6bbcdc78-21cd-482d-883d-e9bb1e760ec0	21.202	fast
ceae9af6-2157-481c-aecb-bee6276efde0	11.772	fast
91ed9555-d9ed-400a-bd88-5e1529112cdc	23.565	fast
1ae5eb9c-0a69-4d11-85a9-3261125fc140	22.328	fast
408e4b6d-5702-4011-8217-12b5c319b4da	21.085	fast
05fa7eaa-d1b9-4b94-8669-865130e0ccd1	22.536	fast
92606183-04e1-4676-94e4-ecdfffab131a	14.097	fast
238b9dc5-0ee7-4ef3-9c34-17868a4f49c9	15.719	fast
f4eab250-d417-454d-a669-aed46bcdc817	7.976	hac
40219b1f-6c69-4e8c-b380-e3632a0d2fc5	20.277	fast
75c6f67a-e49d-47ce-a333-fe2c426fc7c6	23.479	fast
2189acdc-e73c-4c5c-b4b5-b0ac686fcc88	8.217	hac
b842b599-b964-4354-8c33-c56ea8fa9d2b	23.353	fast
7631bd25-5435-44c8-9a19-4019dc23718b	22.503	fast
aaa2f7bb-a7cd-4d28-9ed6-26283dfcdec4	14.550	fast
5a45d449-051d-4029-9698-381fda3c447e	25.605	fast
35ec64af-fcd8-4fa9-95f2-8b4d982e7fcc	22.536	fast
620661a0-14b4-409e-a115-f46e55778f2e	28.126	fast
0eb4e440-713e-4ef4-9951-ee72117401ce	8.878	hac
48145a38-4afb-4adf-9206-4232d8caa70a	19.006	fast
5e589e53-2bfa-436a-b28d-a7939453cf68	22.600	fast
db5ef270-20f7-4ab8-8194-f50fae4750ed	24.141	fast
76fba32a-e98e-44d2-b8c6-12fea7a3ccdf	24.688	fast
95b7f194-9dc2-4554-975a-065bb932b0f9	24.535	fast
8be42ee9-e250-417d-9f8b-c3a13b1690b9	19.617	fast
ee2cd432-757d-475b-ab20-c09c9d3d2377	21.544	fast
7dd645bc-a423-4633-8e5f-75f444126a7f	18.608	fast
b48284d9-bef4-4978-8ab2-23cd8e93c610	21.061	fast
3b759ccd-924d-4955-8a4a-9bf3ca50b1e6	16.200	fast
4ecd7568-235b-42b0-9500-71ffe4d87e82	28.256	fast
7f943039-838c-4875-92a5-0a5f14e5fc97	9.256	hac
2d91ba5f-20ed-4ed5-a9b8-3207dde77f69	7.374	hac
47e3a707-9a62-4ac4-95a4-89206d4e8626	24.086	fast
d5b2d809-3db7-455c-8da7-ca5dc127e5a5	22.290	fast
6ef001a8-b462-4031-9a74-ba964767f8e6	8.244	hac
e95dbe71-d676-4c8a-bd17-ec3abb811d7a	17.767	fast
e05b07a0-7422-48d3-b431-1a780910ce24	22.721	fast
3a6553c5-c4c0-4217-a41d-77ee26357f75	25.150	fast
a9500740-cb1b-413a-91e6-92462b2119db	23.606	fast
bf3ca13c-c290-40c7-98fb-7b7aa8ef943c	19.346	fast
df8ece77-092f-47a5-a6c8-c22a09301b71	11.973	fast
23882596-f705-4fff-81c1-641dd3d32fca	14.677	fast
57d65579-0af7-454e-a4d5-82eeb95ef1f9	17.559	fast
3db16769-739e-4c57-9db1-6027762f76dc	22.137	fast
1ec981e3-7405-4756-b036-a155cb3b0236	20.221	fast
b3d28b2e-6f36-448f-9a57-a8a243453d54	8.942	hac
66cf811c-1e2d-4bd0-aad9-9c6251a31ff9	8.754	hac
705dcad9-0d58-43f3-bbdc-8b2c5fd450c9	18.823	fast
a94d0883-1116-4d45-b16a-fe4ad3048ae9	9.645	hac
6fdd3069-22b9-435a-90b0-830a30fc900a	18.231	fast
9be68227-ce3d-4f9b-8c84-f5427b0c3191	9.368	hac
52596bbb-f26c-4914-92f6-ce0c6bb3c52b	8.123	hac
85596bb0-b7de-4b15-ad00-55898aa5440a	8.775	hac
655639d0-b557-40b0-9c78-f8d557259ff3	19.147	fast
8d2346d3-314e-431b-a6f7-316a3ad10360	25.028	fast
1c7c99b7-9fc2-4caf-b3a1-04d8ed9ae63c	15.894	fast
1ed13d61-e2ea-4f31-9ecc-fc8b14cf9fcf	25.651	fast
b826f44f-2655-4a18-839d-34f2dafadd59	22.447	fast
1b020d97-fc67-470e-aaa6-cc0f3ea270f0	22.396	fast
062aeba3-36ca-44ff-88c3-a9d259dec454	16.572	fast
f7cd8922-b086-4497-adcd-be3823dc716d	28.684	fast
419c6414-6d73-4e93-a6b0-bacf2859f78d	26.968	fast
c43632a8-9c86-438d-a765-58612129f526	18.441	fast
ba5f58c1-9f62-4cac-b345-d851ec74123a	23.876	fast
282897b9-b13c-4da8-9e34-67528ece8064	14.514	fast
7fb2bd22-7bf5-419a-a173-578d13c2c2d2	17.795	fast
c2623835-2edf-40a7-b4f1-fc7d146bfda0	21.909	fast
89689206-e279-42d5-882f-d9506f41ecf8	25.432	fast
c1ddfb10-0f85-422f-b571-f2d11699dd46	24.446	fast
18dd3e54-fef2-4a18-9eee-08b1ddd08819	22.459	fast
765becfa-1f5d-453a-bec8-1b721d7b1975	9.899	hac
992e7c4d-c2ba-4a11-9e5b-0a1032b47377	22.159	fast
7abb6429-1656-4375-add2-52283167aa6d	24.220	fast
d56dd6fd-b57a-467e-80a3-d32922241ea7	17.353	fast
ab153b2f-8e3b-4010-9f71-e6552fc80054	19.962	fast
012e0473-2bac-4b8d-b0b7-dbb91864c822	21.032	fast
9c8b94a6-bb71-4f66-b962-fdf98111a4ef	24.882	fast
627d7426-4a38-4183-98c0-9fddb3457012	22.751	fast
c1ffcc2e-ee78-4da9-ae39-bd03b853b150	11.395	fast
d88876c5-1e5a-4073-96c6-16023cc52cd7	22.414	fast
79ea2ae0-558a-4217-86a1-725e6d0720f3	20.330	fast
dd2c02b0-66dc-43a0-b1cc-ff25394ecc50	20.771	fast
835d9f57-0bee-4840-be18-1c8e878849f7	18.326	fast
aad51e63-f21b-4712-ae1f-9f4041ac1784	22.048	fast
d7a9e645-62b6-44d7-875e-2a3a65f151b8	14.681	fast
e1561804-0b89-4904-805a-cbc16cf76f22	20.530	fast
986ebf4a-cfd6-48ff-8b66-87378933dcba	24.005	fast
ae7b5077-3351-496f-ae18-e758a6bf8f54	27.023	fast
234aa004-82bb-4dea-933e-347fd23593fd	24.660	fast
035b3f61-219f-41fa-a8f1-c69403d690c4	24.282	fast
75620ae3-7ff5-45e4-963a-45ea1a235165	25.815	fast
cf4971d9-1e1e-43b1-b1df-dbe3a48d52be	20.946	fast
fe8b6e40-9e8c-4bac-b502-d3b6759dbe0e	28.301	fast
77449798-97ab-45fe-8de8-9ba430d20d3b	26.721	fast
c71f8b36-d420-4d85-b5fe-9f2b8c9b4919	23.855	fast
295ffaf7-5613-4152-bb57-36b7705f7dff	25.265	fast
82e95f94-c431-45f4-9d27-c38b66930f98	27.134	fast
641262c4-5cab-4f6d-b729-33bcc679386e	24.255	fast
826c6f4b-9c66-4f94-9c15-93cb13df8b7e	18.984	fast
a007341e-e9af-422f-a876-3c3544d32d1e	21.363	fast
987434ca-563e-43cf-bbaa-f82f58948784	23.779	fast
e11113c4-386e-4b11-b9ea-53527ac33c7c	8.206	hac
fb56b457-24af-4ca6-8ee4-24e7c45ffb1b	16.559	fast
98de1974-e2b3-4ec2-96ca-94dd99f9b49a	17.309	fast
de40ab69-e9a8-4e61-95a5-c2d9e40cb14e	22.792	fast
d092ea3a-b511-4eb0-9c46-5ab9808376c1	23.175	fast
0fde2f72-9fb7-47f1-b325-49229d67da76	22.989	fast
38d5c1d1-466e-4175-abe7-c6127f89fcc8	20.136	fast
652512f2-0b50-47e0-9826-7bf95dcc5d22	6.494	hac
88cc88bb-486c-4e7a-a860-5e3a7ee9ca7e	9.063	hac
6b5babad-f445-4597-aedb-0ab3ca86dd2a	25.189	fast
c6beadac-4a38-4f3b-ba68-a109f70e0a10	21.198	fast
802e1237-e438-4b0a-9183-80aea9265dda	19.098	fast
90139fca-61b2-47fd-b892-f1c0ec37fe63	26.558	fast
58165ae0-dbf1-4ecf-ba08-8d0e606a3cfd	24.038	fast
529a5e3c-9131-4ce4-9fc5-a463172e69be	17.932	fast
d45721a8-641b-44ae-9f57-5c97fe6e7b7f	26.312	fast
6869605a-b076-4c3a-b912-c4d507fe143e	23.003	fast
eea3b8ca-77be-4e4f-9103-49abc0907c20	9.686	hac
d21ca889-ae01-4850-aba0-f1d09503462b	19.748	fast
96c6a07a-3dce-483b-940b-edd72b63aba7	25.570	fast
2feb34c6-ebf5-4df5-a0e6-13e6ef00226d	21.226	fast
20509d4f-9c58-4419-828e-3f1a3137a3e0	21.273	fast
53c1929a-5358-45be-b0fa-98f71eb678a9	18.530	fast
447f8704-f844-44dd-ac6a-7327019514f7	25.169	fast
f31ff028-b06d-4c8d-ade2-14bbfc8c7218	23.421	fast
20b74e7e-21b2-45df-adff-94ba636645d4	27.454	fast
8f8c4a5b-b31f-487b-8431-d70b68e1ccfb	8.659	hac
6f17b192-2166-46d3-8159-a3a7c7c75dd1	27.077	fast
5f7982a4-d2d2-43a6-ada0-3c3217c3eda4	8.371	hac
74168e4c-d874-4b37-9ffb-d47eeb9cc720	17.997	fast
ac1a519b-6ba6-4275-b1d7-4d44acf83dae	9.317	hac
10f4271f-67f1-4445-8550-27b00dab2f40	5.072	hac
6aa9e7a8-12e9-47a3-8d70-8503a059c9d6	8.512	hac
a0f1c688-149c-45a0-8222-9862bbb49b6b	24.053	fast
7e552136-e011-409f-9a9c-cea1bfdd91f7	23.358	fast
f8976cda-3388-456f-a351-86e82b948c47	10.582	fast
c13cc058-ec41-4fb0-bc09-b79f3b3886ed	24.231	fast
1afcd8eb-755c-4b40-9d8f-b3962fe6bc76	13.372	fast
63e1ed3b-32f2-401f-84ea-b103362987d8	23.533	fast
3d852a55-e7bd-4688-94a7-20276df8451e	23.526	fast
af36d7a7-c59a-4604-8d89-a8c50c3d7761	23.140	fast
c26946ed-cc34-48d0-9246-ad7abe903192	22.928	fast
15dee306-ab9d-4582-bca0-fe4cca9a44fe	25.091	fast
02e1fe16-276e-4415-9bd4-dfa3aec80ab0	6.230	hac
df120442-8394-4735-ba18-65ff6e310f87	24.155	fast
f31cfad1-b734-4fb2-ac7f-aa43cc5feaf5	24.467	fast
a3594abd-342c-479e-9649-05be5946d73c	14.860	fast
4ce8868e-ad91-4626-ba41-b80042ba7c3f	23.951	fast
aef1bc1f-b913-4e4e-85ed-6757ab84a57d	18.289	fast
f63ba13f-4051-4b49-af96-3b6a7353fd48	20.821	fast
66e66582-b38f-47c9-8d19-b704abca5daf	7.423	hac
10cdf02b-9a95-43ca-b210-ca4c959a9d2d	21.554	fast
913226ae-dc98-4b47-acb7-ae76e576bce3	10.807	fast
19995b23-5f86-4409-96b1-563cbb543e03	14.242	fast
9126d7e8-69c0-42ce-9bc3-bf2023b74f00	24.724	fast
72019244-1c2e-4702-81c3-6d4dd282f288	9.580	hac
7589685f-78df-4dbc-bf4f-5a085b728dd3	25.053	fast
c8d7583f-615a-450e-b85a-9eafe9e46dd8	21.280	fast
ccaef1aa-2355-4972-8e50-ff4818624d62	19.405	fast
943ae058-9ea2-4e92-bbb3-75dcd391e638	7.132	hac
8eff70e0-8138-4f17-bcff-5e99ce9a248b	20.906	fast
62304e84-f085-4133-bdbd-f64a38e51790	19.771	fast
26027843-b08e-47ec-9d3a-6cc074f17818	14.915	fast
741c71ad-ab35-4e53-bc1d-df189f59fd58	7.329	hac
dccc8d10-37f7-40e2-afaf-b26e3b6fc81f	5.297	hac
41d1938d-cbc3-45bf-af73-65b4894d0b34	24.255	fast
e5837070-a5d2-4b4c-a8c0-c8816abf3418	25.035	fast
fc20d782-ecef-4bdf-a3c7-91d564f06f25	9.368	hac
f84283ce-0b5c-4b54-8357-4c30978733eb	21.240	fast
ed378225-e6ed-4c8a-a90a-5e76c0118d05	18.794	fast
ab7e698a-ddaf-49d8-ae8e-abc0821cf5e5	25.040	fast
f7cdc58a-5966-4dfa-962f-35a9b4f2fc54	25.419	fast
59fa50fe-6393-4156-99e1-a35fcdca1e26	9.888	hac
456e0863-8d9e-48c6-a5f7-a73470c61cfb	22.802	fast
e2cb648f-8dce-454e-9e34-151f46a989bf	22.890	fast
803a61d0-8254-4751-95b2-dc33cb4f9d24	26.149	fast
5c2f579a-37b2-49d2-8ee2-5d3dac1e60b1	14.360	fast
6c81be94-296f-4931-8fe7-43a77ae933c3	25.601	fast
122073c7-c0f5-42c6-a52b-0bd92f2a0f7c	26.339	fast
4c192fbb-270d-4fe7-adef-5c4aec423a37	24.355	fast
2b8ff7de-3d92-412d-a5b5-df2ceaa2bedd	21.011	fast
54d687b8-8b9a-47fb-8871-fdbc13ec25c3	20.060	fast
95b473da-429e-4fb1-a595-d9bbf2c54580	18.570	fast
320a7c78-cd6d-4779-9944-7b0550cee0cd	21.403	fast
9c3806a7-e6e3-4459-9455-cbef0a98070a	22.445	fast
90a4e5f4-2b6d-40c8-9ebe-07858565582d	10.309	fast
430e31c7-ef68-4389-8ae2-566fb2662637	12.669	fast
fbe9db5c-72a8-4885-8b8f-843373af2031	24.907	fast
ea0e4601-346f-4a42-b120-b809f061a9cd	23.368	fast
c48316bf-d9cf-4550-b26f-31101ccda59f	10.447	fast
dd4c5046-1941-4fa6-af27-929bae2d33fb	25.263	fast
8f0fe3d6-7a03-4117-8370-828f6abdcffd	23.076	fast
cbbd0354-bc43-4dfa-9c07-e7b90c9f7ea7	22.733	fast
6e8f44dc-4819-48cc-8e4d-76b0011ed8ed	25.552	fast
fd9de82d-ee57-4883-80cc-8417ab7decca	24.084	fast
528bd785-ef9c-4272-8b77-a156fd723c41	20.672	fast
d57d57db-21c0-4d58-9223-a538059f1cdd	25.084	fast
d772740a-5bda-46cb-b269-166b657d166f	20.590	fast
9a03f28f-e307-45af-bf17-6f377cefbff9	25.317	fast
a732ad2d-c7ce-4683-b68b-0d091e3dd580	23.787	fast
81969406-d25c-4b26-9464-6cc5d6600ded	19.202	fast
320fbd5f-d1cb-44bd-bdbe-902eaabbd1de	12.005	fast
82476dbb-aeca-4205-890f-9ef721485453	17.115	fast
bdd3765f-e358-4f1a-ac67-851e1244c2f1	9.720	hac
2dd5a9e0-ab4b-45c8-81bf-127a277792b0	20.402	fast
e3c2827d-885d-4f9c-9a06-6d137fc803a6	24.352	fast
8fc3d7ec-afc5-4eae-bcc1-c853ed76e75c	14.695	fast
ebcb8e43-ec2d-47ba-99d3-1998d42d6aef	9.377	hac
2041b17a-123c-4b54-bffc-6a8d09626da2	21.472	fast
e65afe9f-b6ef-430e-ac8d-8acaf9c1a8c0	24.702	fast
aac9e627-fe0c-4d13-9fd2-5ea235d28835	25.312	fast
4487c3db-79ac-49e6-babe-0580985c8646	22.846	fast
c6ebd6c7-38a5-44e4-a27f-58c06819042f	16.786	fast
454160f0-790a-4b7f-a8b4-7424c56b6e32	26.496	fast
3d1a7423-459b-477b-8581-89403789ff28	23.986	fast
5b98b21d-a102-4ef3-b91d-81eb4edb1c7d	19.696	fast
eeb5908c-1360-490c-b47c-bf57bfd74204	6.138	hac
91ae48f2-6cc7-4a6f-91e3-0f1d937d9ab8	21.333	fast
160f4015-f7f8-4c80-93cb-488733ac45d3	11.675	fast
82a699c7-e53e-4871-ab09-286211037c59	8.160	hac
52d821ee-3fe7-42f1-b25b-09764b6f2068	21.770	fast
8e7ee162-6e2a-4256-b4ec-0a82ee5ab348	15.533	fast
3e4f3006-811f-49fb-bf68-8e027375d451	28.287	fast
f3eaac26-cd1d-4420-87bf-6ea918252746	7.953	hac
00af391f-4767-4efb-86de-266743b495ec	26.669	fast
67f07f2a-90d2-4b9b-9ad7-0b94a22dbcbe	23.843	fast
f09d6ff6-53d2-4a86-ad34-d2b4f5c60998	9.137	hac
675cebd2-a01c-432d-94c7-4390c34e55a2	24.873	fast
8781f5e4-fe87-4f59-bf8c-de86d2b864cb	26.146	fast
38f17dde-78c5-4348-b51d-72911b0af954	7.976	hac
011862ff-df02-4b9c-9906-5933f1058658	23.981	fast
5529afc3-ef84-423c-8799-f4f8841b7579	4.169	hac
18e077b7-d9a2-4fc5-9834-b2dfee01abe4	9.680	hac
9e1f8b5a-63c0-4a66-bfd7-03f316c304be	24.710	fast
4ba3f299-e908-499b-a743-5be60b9f0b1a	22.138	fast
8d8f110d-8d9c-4ebd-a57e-b31ddd82bdc5	24.756	fast
140df871-99bd-4ff9-9b95-c72ac3e10fec	25.700	fast
686a0251-386e-49c6-8dc3-d7d3df5f1825	18.819	fast
db1c36f9-cb68-477e-a159-e51135306c4b	9.484	hac
497e6401-406e-41ec-a582-05d7be2aeaa7	24.657	fast
be4a512d-05be-431a-806e-351724526301	23.390	fast
b0784930-cd99-4b0a-8b2c-6a317e9e9cac	8.955	hac
9593753d-f830-4c36-a751-03e79e059b09	21.034	fast
b4732503-27de-4ebd-aea0-8fd51e06b16f	13.002	fast
dfedc49e-b6f4-4b0c-a60d-d36658e7882b	19.474	fast
4076d176-a90e-4738-8dda-9c4168134ba3	19.938	fast
f1f83dc4-f34d-464e-9d60-99e76c79ecb6	8.666	hac
2cf62509-cbfc-461d-aa05-da7a02f35b18	25.504	fast
f4b2061f-fd77-46d0-b981-9c26c0bc04a2	16.711	fast
f847e74e-c564-4b10-b760-837e37ac5567	25.243	fast
79e979bf-2217-43a9-b3d0-ae52612bed78	10.056	fast
f5bbfef4-61e6-47d7-b703-16486dc91aee	24.203	fast
fb318623-70e4-4f73-a2ab-ad68cf94e821	19.637	fast
878cfced-0806-4e8f-8cb0-f6a04312c202	25.127	fast
f1fc4a1b-dd34-4472-a43e-59bca4490ecf	21.643	fast
c8c09633-428f-4997-ba04-57f07acabe0b	15.597	fast
f00c9480-0422-4c85-8d3c-a526966c6022	22.647	fast
63879e52-1f85-4def-9fcc-bb783e582b04	18.479	fast
a0518e00-fb3d-4535-8df5-8721b55150b5	26.878	fast
bca3a96d-7735-4c37-92d7-0cae04c7c2f2	22.656	fast
dee7bb98-f477-42b3-b527-5456c3c41a7e	8.255	hac
780e8f14-7543-40d0-bd21-1ea334ee03df	6.314	hac
cdc3cbdf-daf3-4297-bdcf-fd79cebe0737	19.310	fast
0032c29d-288d-47d3-b6f2-0157e50000aa	25.608	fast
af6df8cc-3a43-4404-b2f5-2aab3427bd29	25.023	fast
b52a9b81-40b9-440b-a383-36e5b03aab34	23.982	fast
e2e0fed1-28d2-4f27-bd06-f28f85fb0a80	27.931	fast
2d446f09-0d8c-4895-afe2-ab89df33bbc0	17.774	fast
ef383449-935e-4b2f-966e-74302cb1ea58	26.559	fast
565e8818-805b-404d-986b-dd0b151ba43a	24.491	fast
3cbc822c-16cc-4a65-b842-b804cfd3c4a0	26.001	fast
3373eaf3-1c83-4536-a012-2c69c8f1d3a9	23.313	fast
507c3f44-1b13-49db-911d-b8da24b54a4e	24.883	fast
d25a8a0c-df2e-4e5b-8db6-366e9595e9bc	24.157	fast
5045f1bf-5249-4a65-abf9-b841e9d4d91c	21.613	fast
fc2fcb6f-42ea-4094-a78e-7c93627d26fc	22.973	fast
5ec9b773-a849-45f3-a88f-146579c7d862	19.072	fast
d6558516-939f-4b6b-b278-88031e830307	25.601	fast
93034741-07cb-4e79-9bf0-e649db345606	22.907	fast
60ca9ba9-44fc-482f-be3f-87b2ccb6f59c	22.815	fast
83eec079-2378-4cec-b92b-4ebcff105d73	25.557	fast
354c0e8c-b2a9-4411-99d0-451f41124dbb	14.964	fast
64a6981e-f541-40b2-b67c-c2f82f6cda15	10.739	fast
29939943-a615-49cf-a686-e93a971ea7ab	21.501	fast
e5a57bc2-f76d-4aef-a159-569c18ddb402	21.428	fast
60a9b06c-6375-458a-b20e-f62b0e1534d5	23.336	fast
10b1fd19-2b12-4a21-a9d0-3202cb45b0ea	21.052	fast
acc1b7d9-434c-44cc-9c46-2b5a7d9fa8e5	25.876	fast
ebd35b84-3a52-43ce-bc62-959fcc454baf	22.744	fast
6a5a48c3-1d54-4498-8e06-6a665782fb5f	24.140	fast
9264d14e-46d7-4a39-8027-b44bfe7a2799	8.398	hac
ad19c486-edd0-4952-90fd-6ad1ffa3682d	24.198	fast
3eb92bc6-bcde-4b2f-b58a-54b3f67f48b2	30.518	fast
7af9d116-593c-4d22-92cc-a0dbe94479f8	21.579	fast
3672108b-f29c-4f0a-9373-dbbf9d58476d	21.467	fast
e9cf8d1a-e716-409e-9a50-c878da8ac828	19.466	fast
eb567a20-c393-49ee-b3bb-b03241f9e598	21.575	fast
437310b8-7b86-4d87-ab2c-0c4c10b7686b	19.703	fast
1ea802ae-cb89-49d5-893c-58e8baf6c658	22.749	fast
33f31abf-1c28-4f71-ba00-1b1b8f42e498	12.363	fast
0eb39777-3ac4-44ec-a6a8-ce70a42f5c3e	6.067	hac
27c13a80-a7ae-402d-a314-28174e609ce7	15.837	fast
cb552e10-0560-43fb-93e5-d7fa9c6a8584	24.629	fast
48f4700c-6288-4a2f-a01b-fdf6637c5af2	23.254	fast
67b6a4d2-8e87-414d-ab47-439d8315a8eb	24.560	fast
43d7a2df-977d-47fa-9ba9-9d0c43f7b0d2	23.243	fast
3f0cffa9-7354-4257-8ff2-1e7eec7c3682	8.260	hac
1eb4bcab-8b1e-4b4f-98b0-1a4eafda1811	23.657	fast
d2a048e9-87ca-4267-a342-689fc9431026	9.046	hac
aba56c71-de7a-45f2-926a-2c301410a2ad	9.004	hac
b1dfde66-6625-44d5-a9b8-bfde5a4a9465	20.061	fast
0977a934-f2cd-4b1e-be43-5191eb3fa61b	24.969	fast
4bff02b7-b58b-45a3-a255-488213a73802	24.760	fast
bd604bdc-5c63-407d-90a1-17d409215fe3	21.384	fast
0977fe3c-155a-4d2e-b4c5-86472069eaa0	20.747	fast
ae0070de-0b18-4458-aa84-88d6a56a5596	24.784	fast
e5579fed-dea7-4321-b177-a255f0bbcf36	23.130	fast
ccada117-c342-4231-be88-b72938e49935	21.673	fast
5968ecff-f714-453c-ae4d-ffd5f715491e	22.289	fast
8183b410-ebd7-467b-8b3f-1bd01de6d402	22.211	fast
0cecf4bf-dda6-4b37-bf38-3c7b5171d5d8	9.693	hac
58787ca7-75fa-46da-94f8-075ff60c6dea	21.878	fast
ea5d799d-0964-498a-a268-aedf38797eae	7.927	hac
8223c3e3-6b18-485f-9025-7b4465a13bab	8.878	hac
a2bd1421-0bcc-4e62-96ea-4cdc22e9d7e5	21.828	fast
9d8e60f6-874a-428e-bba0-3a13760196dd	24.665	fast
d8e457f1-4c23-4a46-a656-8ad60e8c79be	20.194	fast
f8c16e41-2f4f-496a-ba80-6ff1a17f12d9	24.219	fast
a49875d5-053f-43c2-a832-4a1555d96e8b	19.277	fast
ac2b90b1-c273-4404-8476-31587dca4321	5.296	hac
6e2e077c-16c0-4b87-834a-18575e980604	7.643	hac
b83de1bf-a580-4c80-be86-1df456f2399e	21.315	fast
10f72a85-2a16-4bc5-a71a-c64d488a68b4	23.116	fast
2a0668e1-f323-4846-baff-cba222e9bd4b	19.940	fast
8cdac8c8-f1b5-4010-b8fb-267dd536043c	25.008	fast
62775860-ea01-4e50-ad50-dd7be7dedca4	21.944	fast
6d87d4b6-4795-4d8d-8feb-616e5cca0008	9.494	hac
5b85ceb0-f344-4490-90bc-ac0754d8dd8c	24.613	fast
05d710de-329f-45cf-a117-d8b0e8f569e3	22.735	fast
e240828a-2961-4df5-be02-fa87ae899574	25.624	fast
1450be78-5c0c-4b61-969e-1aa8b29d3349	25.361	fast
c16052a5-7459-4e4b-9315-7d8f7ed3a46a	17.627	fast
a50a18b5-08f9-446b-8289-d79e602cf797	25.857	fast
92734d5c-6004-4306-b430-02e2682786fe	22.919	fast
71d46c2a-febd-44bc-af6c-7e7e4768eae7	26.159	fast
0377afcf-b418-4cc3-bdbc-df0ca5506ace	22.996	fast
3105cbd6-39d4-45ed-b3cf-c48c16990d08	25.269	fast
5ca1886b-bdf8-462e-9445-1e810fcc37ef	28.292	fast
313525fb-60ce-449f-ba1a-5bfd88a1907d	14.595	fast
17a40d62-23a2-4589-9d04-d688f999c0ca	24.185	fast
bf8ac267-121f-4d93-b0ad-462a5d439a3e	25.729	fast
3b47c820-35f2-4a62-901f-45211b57aa73	18.400	fast
589a0f90-c5b9-4bf1-a4ee-4944094b597a	21.216	fast
912dab58-d787-4ba6-97f2-208bc93af55a	25.034	fast
53154f34-bbbc-4797-8f39-f7ab557cfa6b	5.735	hac
af3e0598-2ae1-422f-8c1b-fc8ef1a67df7	21.229	fast
895ba124-1709-4a3c-9d1e-d74ec358f9d3	19.605	fast
5f359d12-0b4a-47df-b664-5b1ea4ffd2f5	21.132	fast
aa99a462-cb79-4d2b-88a7-5827f13f1d0c	22.493	fast
0d8597c2-2cfc-4a92-a4e9-c6a9edcc97d5	23.399	fast
d9f5fbb3-d653-4ab3-964b-3767c3a02cce	23.874	fast
a14ca7b0-1f63-4f98-9943-ca39f429bfed	20.247	fast
be1adbb9-67a3-40ce-b597-09c07310d3a4	9.030	hac
43cfae9c-18e2-4165-93df-950f8d287a26	25.435	fast
a3bc23ba-8ccc-42e2-8651-e1cf503d0e5b	20.459	fast
3842d0eb-5638-4c10-b7ff-a73c2e3a4c91	25.795	fast
f2c7d81e-e25e-4533-9b5b-c403b0828994	26.808	fast
892efe46-3de3-400b-b942-14e17548a0f3	8.121	hac
4a3b1c26-9fb9-4b45-adac-a0b702ddd32c	22.692	fast
618bafc5-60f1-401a-9b89-e5ac5ad10e81	22.021	fast
862cc13f-2d60-46b3-9c22-728e176bcfea	20.860	fast
b31b72b0-a8f6-48c4-b775-0fca5f47e686	10.227	fast
a0aec94f-0abf-4cfd-ab86-fd8db3216404	25.738	fast
83d2aaf5-4c43-48d1-a8e0-0ee785e84e29	21.174	fast
2e8a2863-ed15-4554-b63e-a7bb1c9fe2ea	22.012	fast
fec5ce18-b215-44aa-93a4-59504adda534	19.646	fast
eea9bfd0-e3dc-429a-9116-d1c2359bc498	20.774	fast
9846c042-ee97-48a7-9452-625deb98388d	23.357	fast
8ca660af-f56a-4ee6-80b3-5c10379c1e81	23.704	fast
8e7cf118-0e6a-4c19-96dc-1ca61e0e722c	18.831	fast
f181ee15-9122-44a8-929e-1ec34faeac72	25.890	fast
abacb129-9f60-4054-8a61-bba1895a66c6	23.334	fast
d59b8b4f-522d-4c11-826a-e5b67447968c	17.160	fast
25e39b8e-d64b-4ed6-883f-2988696147cb	25.306	fast
a146b7d0-cd01-400e-b3c9-0c46da65f707	23.314	fast
d60c937a-2c6a-4fd0-8ed0-1d0aa0af32cc	25.578	fast
3e70ea55-28cf-4da6-b1c4-9ac403e5de10	20.054	fast
b6302f9d-a6eb-4525-80d6-60cc55ff8164	24.852	fast
bbca8454-acd5-4479-9002-c33892593296	17.603	fast
3b631972-47c5-4b3c-add4-c08a6b4b5899	26.019	fast
3d5866f7-d1f7-49da-bb74-583655f9aca2	19.759	fast
f9e06128-f4dd-4059-b1a7-5492cd1b802a	29.599	fast
1f18a8d2-e245-4495-8473-06e9a150b126	17.222	fast
0a12b71b-3825-4fe8-b898-86b8b1608697	22.718	fast
26e28c8e-9b48-42a1-8970-0a8f030fe253	28.479	fast
3e9853e0-7695-41c1-a235-64df06a66e47	19.779	fast
b2a214e2-d42b-44d3-b11b-9e890cfbfd68	18.467	fast
353af915-f9d5-4e33-bd91-865bbe3bfed9	25.631	fast
5064dd0a-ef59-411c-8e40-74a1d9730b33	24.417	fast
fd468ee2-74aa-46eb-9e1c-062c5429db6f	29.743	fast
c812488c-b006-492b-ae29-75f4ad142813	8.500	hac
cd8ab18b-1b41-42ad-b0a7-7d0cc4f2757b	9.559	hac
a5c3ebe0-b1a2-4166-bba8-99c651983211	8.055	hac
b868cfb9-e844-4c3a-8eaa-62b29b49079c	9.180	hac
b1d085e5-1365-4c99-babc-79ab122f9d21	14.856	fast
89fc9de4-a362-43ec-85f4-76f8ee4fd2e7	24.790	fast
ba14a670-f980-48b7-850b-f940699da213	12.561	fast
0aad049b-d389-48c9-b8f8-516eed6ce587	11.647	fast
1fede6b4-3e9b-422a-adf7-fa6fddf0ee11	21.596	fast
e5755ff4-d0e6-476e-92c8-77b6cb4a6703	26.647	fast
39f6aaa7-68a3-449e-bac5-2b99e28e9fd0	20.905	fast
ef1bdbfb-78e8-4477-ab6d-b9aee7838fe2	21.621	fast
d9eadaff-88a1-4f36-a378-ea66a8174e7f	5.920	hac
5a626ed3-a503-45c9-b0ae-e9d86b879595	16.682	fast
7928b917-3bba-44f2-afc0-84e04f164bc6	14.723	fast
1d1eff55-94a5-4697-a5f2-5e70cbf49fdb	24.051	fast
13172bdd-a498-4c13-ad0f-17d051d0d4ff	29.895	fast
0bdb6aad-8ba1-4b5f-857d-e59a518d5c23	19.706	fast
2563b8cc-03f5-4d24-8d23-1b94bf6629c5	26.204	fast
1495f5b3-e695-4d2b-abd3-d5645c9f4efd	23.558	fast
933320cf-471c-4949-91be-e61071ea704e	25.504	fast
ee5ad8e5-9846-411e-8c52-e24acb4d68dd	24.634	fast
c8776938-8928-4d56-843d-e5b86cf9ee18	23.145	fast
98995778-a0a2-44ad-ba7b-2feb46e0aa5e	23.916	fast
87c51682-8d60-4313-8664-b3987b6b9956	23.979	fast
ba2d9a72-8ef3-4926-ac1f-bbe50aeab358	26.696	fast
b3eb68d9-c6e0-46cc-8902-584365cc47fb	10.419	fast
4c3a738e-ed1c-4fa7-9b79-2ddabc62855d	19.000	fast
83adc66e-db53-4b14-bcd7-2a55f9e5787b	21.793	fast
eb41ecba-88db-4fc3-88e1-b14aae2f692f	18.652	fast
7d1b05b9-28b7-4029-99aa-4502b234b4b1	22.418	fast
f36b26b9-9c76-470e-8c6d-825342ec6f0c	16.014	fast
bd3b5bc3-f65c-4956-87c1-29debd948d23	23.125	fast
cfe9fa4c-d4a3-451c-b811-97d8f31219e3	22.074	fast
d7dd9e52-b4bd-491d-93fd-ab4b02dcb71f	27.109	fast
6746011d-2c92-4157-bc97-d8c761b5cb51	20.671	fast
8eb6d587-f634-4932-995c-5484590d802d	18.811	fast
6b10bd39-fc09-4bcd-b247-e94c0c4dd0fd	24.218	fast
b4c13267-d548-42bc-86ac-2bdeedc3a970	12.153	fast
3ec61d55-6dee-4ea6-b449-e3528f39b030	10.292	fast
f89becc0-c95d-4519-b6ab-d649b0fa60b5	10.415	fast
fc003e45-78f1-4eef-a2a6-4189511b264c	7.480	hac
efaf62f2-77ac-44b4-a4b9-78910360461f	20.938	fast
3cca8d10-bb6a-4072-aaae-585a5941e3be	27.770	fast
c81f9cee-4559-4f50-9b0b-710db2b62c77	25.723	fast
04633c1e-b3cc-40bd-8cea-ad43000a614c	25.692	fast
a3af39e8-7705-4238-a8eb-e81d878b644a	22.265	fast
f2babd0e-12f4-4df1-b481-a0eff39890cc	24.394	fast
6a7c4ea5-53ea-43a3-a8d3-08bd5173ccae	25.242	fast
bc5d4ae4-7d9e-4a93-8744-5a1d3f583c02	22.209	fast
bb7cd0d8-8365-4e5d-b7e8-68bf8ba9ff0b	17.587	fast
e493892d-8006-46ec-b6ca-a5af060df899	20.692	fast
a5850521-a506-4944-b2d5-bf4183a66887	25.303	fast
ab3eee6a-81f4-4e6d-ae74-35cb8896aae3	26.173	fast
fc17707f-8c47-4b7a-9faf-b807d194e1c9	14.654	fast
733bf6a3-3fe4-4814-a665-2ff42c2f8d29	20.020	fast
8b5baebc-27d6-4663-bd96-a3a7ecbf16d0	20.497	fast
04e0a66d-b68f-47ef-9080-ef2520a44ff3	16.138	fast
f189e0a9-cf3e-44fd-b69e-d61ed453dba7	29.167	fast
4c99a9af-e929-46b0-a826-6fdf29ff49e9	23.103	fast
d4727689-6f63-443f-95f6-e8b09d1b8bcd	20.175	fast
4f5ac8ce-754f-4f4b-8bed-d6e2804aa8ea	23.309	fast
c26a6b71-5564-45c6-b3df-66280462a184	7.093	hac
56894d86-dfe8-406a-9675-6f0561947509	24.051	fast
22b0e9cd-17c5-4821-b64d-98ba68140ad7	10.105	fast
44b04e87-c2ce-42a3-8079-56a1896336cd	23.275	fast
393debe7-c894-44f4-a6ba-54fbf978a61c	23.718	fast
4fdc313b-5d09-4715-8857-34a8ade134a7	20.887	fast
642847df-8b23-419a-bdb9-364c57878776	24.931	fast
d8718ffc-bdb6-489b-8a3a-4c7d4691b021	22.878	fast
119173fc-e819-4b33-bba7-5d030ecba640	22.400	fast
84346e36-aa53-49c8-9950-18b49bdc45af	25.040	fast
d0f3e2c6-f038-4ff9-a654-abd7e3c21c73	22.765	fast
45273e18-99ff-4a83-b44a-9ef788099847	25.889	fast
8070a65d-e32f-4365-a77a-e06cfca4a7a2	22.382	fast
45a23247-5c61-47aa-b684-7f5459e40dda	21.625	fast
93bb3cad-1904-4176-956e-ca9016ed0940	19.097	fast
d5222d7c-7646-42a2-9ab4-0f0d59682f68	25.283	fast
ad798693-7e92-4de7-a23c-c05cb77738b1	22.751	fast
1085b422-5807-4ae5-a09c-98ad59324bce	6.746	hac
81123d47-7225-45db-9856-e6d6f0f82fc3	21.662	fast
7cb0f6e1-856f-4529-9f32-be47b156af1d	24.524	fast
96c15847-be24-40b1-bd24-dc402d74fd44	24.899	fast
00271003-3ad7-4e48-b3d0-b60fd1b41bc9	18.906	fast
70365e86-ebfe-4299-9285-2a00994c54ba	23.274	fast
3fbfbec5-f505-4e13-9bab-738af122b80b	24.681	fast
be442d85-544e-44d1-a85f-3ad3790bade9	25.478	fast
edffa8f6-68bc-4412-8879-c74289aab8f0	24.730	fast
25841119-9625-4220-b567-54c522e07277	6.478	hac
b45a81c1-2dc9-45d9-9e64-10b44680d1b8	29.857	fast
ff7f3854-b97f-405a-baee-4b5232eb8bd9	20.004	fast
99a674a1-0d5c-483c-b6a3-8cb7849ab65d	21.811	fast
eea81d0b-e538-4cd2-9acb-b8c10839e3c0	26.501	fast
ae2e3ca1-b12c-47d8-846d-dbd5ff3ca4ec	23.213	fast
7bc8672f-dde1-4c23-a6bd-f80968b556f5	9.181	hac
1cc810e8-b9ba-4011-90dc-ecaf8c77482e	23.599	fast
d1826860-22ed-4dae-8d54-52b8d2756c57	21.548	fast
f10adbc3-ba29-421b-adea-95d8b74cd024	23.132	fast
09915aa3-bd66-49c8-a180-7d55d4f73ead	24.221	fast
3d9584d1-d66e-434d-a100-da06db5e3b53	25.998	fast
f2fb27d3-9329-447a-9012-235200bbdc0c	16.523	fast
1fa99373-1fcd-41be-a287-e127520812e6	10.001	fast
61992a8d-6886-4c69-95b7-b77b9bb0b1a5	20.246	fast
a0616ab8-6de3-4a8c-ab7c-1ca3a26233c5	24.975	fast
ab373012-066c-4778-85b8-6b858c8806f8	16.164	fast
46289e3a-9d90-4a05-a648-396a4cb78bf5	15.510	fast
35438384-0d45-4503-9992-bf1452464d9c	7.862	hac
60eafa17-e4ff-4ea0-8afa-1b1ea3399ba5	15.377	fast
4e4c2cc4-edf3-4296-87ed-ffd2ac02914b	20.529	fast
78d4dafa-9072-4019-9bea-56cab1375f91	25.818	fast
85e10c73-766e-419c-b955-121a0a19083d	17.191	fast
ca54f898-fd59-420f-b783-319c42214bb4	22.773	fast
474865f4-7034-40ee-a851-e21321008fe4	9.908	hac
984bf80d-4de5-4a66-8ab8-ddf9b03ceb05	22.253	fast
19b5e1f3-71d0-45d8-990f-c25227a58938	13.887	fast
9609fc26-ae06-4808-8436-5d76e5827ee1	14.222	fast
725a71a2-c900-477e-aaa6-eaeef6f0bfda	24.831	fast
f28ea5e2-550f-43c8-a984-57a0fc2cd359	20.642	fast
fe178e6c-882a-453a-b6e6-eb679d223eef	24.978	fast
ad0ccc64-b190-4b52-85a2-c699653e36dc	8.751	hac
c90860a7-2b75-4236-ba4f-288cf41a223e	9.981	hac
80c1b2c0-74c9-4370-9593-aec17d524dcb	20.748	fast
b73323d3-58a0-4d1d-9a98-8232d81623f3	4.475	hac
e34b227d-b9d5-46bb-8fb0-4db530692b22	27.066	fast
7013bac2-76e1-4b1d-9a11-ae574872833c	23.377	fast
b79050c9-0d77-49c5-a7e3-516f07bca42f	25.571	fast
61835229-44cb-4cc2-8073-21728f92c3ff	22.848	fast
2c02cd1b-e381-4205-882c-dd9a840593d1	23.880	fast
eee555c9-c1b4-4430-b91c-61ef91d2df93	18.784	fast
569442c9-8958-4cb5-a6df-9340385cdf06	20.444	fast
d37c1c35-1882-4aa3-9132-93fddbb5a46f	23.578	fast
387ab3a2-270e-45c6-a3e0-f7f0d6486241	23.483	fast
1fa78175-d51b-4efd-b683-e2cc9756b202	9.541	hac
98e1e3a2-b25a-4b0d-9210-2a3dfbc72e82	27.372	fast
34dd7df9-d251-49e6-9b0a-0050b91b836d	10.548	fast
9d530b15-894d-4344-9f43-e9106e3b2640	8.550	hac
85f65584-cbc0-4251-a9e4-16b9c1009f18	16.874	fast
38f1b305-9bed-45da-95b4-166b144acfc2	23.047	fast
35647d29-0fb4-4d9c-8556-96a27233f5d5	13.500	fast
357e70e3-6452-4f9f-9d13-9dd3fb3e267e	27.030	fast
1cd98189-c6d2-4002-b5e1-a4b6b246d31b	7.905	hac
f7791d0f-f351-47e4-b6d0-682c64ce3a08	22.821	fast
ba500a74-7050-4e26-8869-011cf3cf1caf	23.134	fast
5ff3c665-579e-4e2a-a919-ef1555302105	21.963	fast
df2c7b73-8a5e-47ac-ad61-d8d1107c0a78	16.342	fast
1b38235a-560a-4282-9468-196c2f62c140	18.391	fast
c96df304-6990-42e1-9ae3-cbd3ab8d42f4	24.631	fast
3c31e440-d824-425a-8e81-8e2fabf38149	26.732	fast
068c3e78-1aac-4467-a511-8130f6a3898f	24.437	fast
92dda1a8-5e3f-4bb1-b5b5-36c2255eb928	22.334	fast
00e6de1f-3e25-4c45-b7e6-eb9b8a6c17a4	8.576	hac
2713d2ed-4152-4c4d-8e0c-91e3836d7b9b	13.774	fast
5a95b1e0-4be9-4854-b74a-16a0f4f07129	29.476	fast
999f536b-fdfc-46b6-bd85-59d94be8fb64	17.529	fast
d30ca433-9574-4e9b-97bf-ee463e3bd3f8	27.342	fast
3458abe6-a656-4833-a827-7115cd8daea4	26.462	fast
31724f64-f91d-43c5-a37c-7ffe983b976c	22.771	fast
f26524ad-28d7-40a9-9bc7-fbd6599c0241	24.808	fast
f91e855d-db39-4956-94e7-60deea2380dc	24.621	fast
84526260-5069-461d-9fe9-1c1de58e4e16	20.476	fast
5d87ddf0-1f48-452a-8d39-547e53760d6f	7.485	hac
5fe8e230-687a-4ce9-b5dd-676882aa7bc5	24.999	fast
634da592-a35b-44de-84cf-343897778362	24.392	fast
1a8356e5-a412-4a6d-b9d7-e09190e0bab2	22.162	fast
ddb047ac-fe8c-4b85-83b0-27d398864593	26.471	fast
18696578-95cf-48c9-bd89-ec74d67b972a	9.948	hac
75d8e55d-69c3-46de-a8f1-bae7bcda0bb3	27.181	fast
f291ebdc-fc61-4e3d-bc6d-3e462a49bf03	23.818	fast
1b2956fb-b219-4747-a716-e3b7cf96d18e	26.915	fast
4dff8b98-7ca7-4346-930f-297354e8a4ef	10.233	fast
dbbb700e-7e14-491b-8c4f-de6642d59f4e	7.101	hac
4f04f664-611b-465f-b3af-fd2480d55d1b	26.441	fast
86a2a6a0-5080-4ad8-8823-99aced5e5cab	25.776	fast
7cb359cc-d328-41be-ab85-a60b9ab71851	25.280	fast
e38556e7-743f-4ce5-a5c8-9e3538a9674d	22.786	fast
ec3ab0e5-f0cc-4926-a6c5-1370b904a00e	26.735	fast
3ae1fda7-2c0b-4710-9b91-24e248c80006	24.774	fast
b9ca483c-6126-415a-9775-377ed1a7220a	25.706	fast
afaf57f6-b390-43d8-bab2-845414b6219b	18.911	fast
f24ddc7a-f084-4a7f-9f29-1b4e8f546976	25.111	fast
2b13b3ed-7319-48f8-9a1b-bd7d129be6c5	23.694	fast
b144a950-ef61-473c-9311-7ca3ae3eda26	23.778	fast
cfd26c03-61df-466c-a589-aba653368c41	25.297	fast
6285a3f6-be01-48c9-9900-28fc395e27c4	16.870	fast
416e4818-73c2-4405-bf99-0f039516979a	7.021	hac
757da230-b1f2-4d94-9279-ff6a0d6bad7c	25.858	fast
2f5a1c88-c355-4d2e-94c5-69f450327918	19.582	fast
58f38f6e-e87f-420d-a707-c3340586492b	19.569	fast
bce6631e-d20d-4a80-8559-d79fea4ee961	23.784	fast
508ffb4c-8aa8-46f6-9c2e-3b792a8cd5f0	20.777	fast
832409ba-fc25-414c-9e7d-a81df80b749c	22.858	fast
931580a4-d47a-4970-a90c-589c90ca1cea	7.707	hac
93f4617a-493a-4c81-acf0-5bcf65631ec2	24.766	fast
3218729c-6e8a-4928-8813-6a7a1f4801eb	19.978	fast
9a4fd89d-1288-4024-9e4e-b7795ad7ae7a	22.075	fast
3b7629d0-95aa-44c3-95e8-df82499cf387	21.813	fast
a95af548-1bb7-40ef-9ba3-f509645e05f7	22.174	fast
9068f6bf-cd09-406d-9422-4a7aa4fcc077	23.847	fast
ec03eeb8-25a1-40e7-8157-bec4331f93b5	17.114	fast
58078c30-ef60-4334-aad5-ad8f128d95c6	24.136	fast
62d9af03-430c-4988-9ffa-d9230e394d6c	19.985	fast
7228bb60-8c77-4519-ab57-47e2ada8d6d4	22.682	fast
c959cf96-df0a-4c54-b41b-0dac81486a2a	18.755	fast
409572f7-3050-4756-9120-75d724235164	17.859	fast
4ca2edde-40ae-4264-9f80-418598c6ce06	26.660	fast
2783f6b9-9718-4b33-86b6-6c3a56ba3e70	21.578	fast
3a581a79-4c48-44e3-b1ab-9421dd701bcc	12.999	fast
609ad9ef-b0d8-4733-8cbd-6fe17284dbd0	8.493	hac
90127267-2aa6-48d5-8844-c247cc8d2cde	20.507	fast
0a9c979f-6721-41f7-8fec-2c57df0ff57a	22.402	fast
3ca399ce-0c37-4896-aa27-ea6f06e875ac	26.216	fast
8282dd23-b825-469b-b7dd-493e52dd3fe3	10.692	fast
6e6d05be-d975-4114-be0e-a53b062f30b9	10.462	fast
4e1dfa80-345a-4d9d-8506-664635c14374	5.864	hac
12259aac-2ff6-493d-9560-8284bc75ebf6	22.896	fast
153a2854-e8c8-486a-a039-17a29fe7dd5f	22.118	fast
5b063ec0-1e7d-446e-9251-fcb1458b86ce	28.481	fast
f7e455c8-b301-42d7-b455-229248cf728b	25.165	fast
0f648236-b8e7-4e60-bf89-40d6915f8749	27.702	fast
67806458-25b7-440b-a28f-1b6cb68763cc	26.084	fast
07e13413-6489-44ac-b05e-eda0d502c629	23.880	fast
654fb82e-419b-4ee6-9212-ff729b941dbe	24.744	fast
d89abaec-3f1c-4a68-adfa-05fc8935d3c5	20.810	fast
799e08e7-00e9-4f70-802b-a802f99977a7	13.995	fast
4d37c12a-1ac7-471f-8867-38b7387c4e48	23.983	fast
251d0c98-92a1-4b24-a439-514c993386d6	23.324	fast
b3b00555-eb35-46b9-b5ef-2d588b20e9d6	26.112	fast
be9c0b53-229d-4c79-a769-fdecde3ae52d	9.159	hac
7c18dda6-0ce4-47b8-8510-5ab9e2668f37	7.913	hac
8ba9550a-340a-4c4d-8680-a00c301ad465	8.526	hac
68d1e0d4-4054-4cf1-bc4f-3a7d6ea5cf78	17.333	fast
9abca8cb-4484-470e-b95a-635cc91d5587	19.435	fast
3ffcbf67-2e02-44e5-a53c-09c2f815947b	5.621	hac
18e7e966-8854-4230-b1ee-4de6dc8233dc	21.766	fast
535b3c2c-c1a7-4824-992f-bf547845602d	23.830	fast
c5ba78b1-f4de-4b7e-9a95-1deb6b229d29	12.848	fast
cd9844c6-9457-49e0-8146-79d6a12ebe31	23.490	fast
47bbb149-f4aa-4bd5-a49f-540e59fa278e	23.132	fast
1bd62497-ea03-4860-b175-6b30687305e2	10.211	fast
5ef003c0-2200-4893-9532-10fdbe36784c	28.312	fast
1f488a18-348f-4f8d-868e-5f3b2d7453fd	23.332	fast
3ce5f5d8-adb4-4ed3-8b35-256315717a3a	22.104	fast
9153edf7-093c-4992-9441-caeda0e429e9	6.985	hac
de23dff1-67d4-46ed-a574-17e73170fad9	25.138	fast
5c1c6135-1620-42a4-8026-f839dce7af76	8.216	hac
f51c05f0-1efb-4eb4-8a24-25d20def4bb3	23.803	fast
a6327f1c-4f60-4da4-929a-6d7bf63a0a01	18.140	fast
27d0e871-d7b5-4902-acdb-45703d43003d	24.063	fast
6f79169a-04f5-48dc-bf18-26412a38f0af	17.244	fast
9204e946-2ee4-49c8-af08-6660229d66b2	9.122	hac
1665db62-bc6a-4159-9db6-6647dd4de5b1	21.586	fast
b59282eb-3666-4517-9d7a-97f049d050c6	7.813	hac
e3047c6c-a942-4830-a941-7ac346b007b0	23.410	fast
405b7836-f0ad-4b69-92d7-c30deacf08db	14.957	fast
14352349-a6e8-432b-81bf-9a586c08c284	25.341	fast
5e29929f-2c34-4ea6-ab72-74281235a028	5.209	hac
3fb6c9d2-0394-4e2c-a8bc-3f2697dc1625	16.332	fast
f558c5cd-453e-4ad5-ae7c-632bb48cd18f	8.451	hac
fb288daf-ba8d-431b-8f38-11453c63cb23	20.765	fast
9362d025-171a-4b7d-9d4b-f4e75d58865e	28.687	fast
66feda62-9385-4814-9609-c556f12d8740	20.677	fast
435dba37-b768-43cb-9f53-1b23cf70b6b1	14.024	fast
f3d4556c-383e-4e59-8465-8f3aa279c0a0	9.080	hac
dd02ddcb-26f8-4884-8bec-463c3fe41b56	25.388	fast
baed024f-c7ba-415a-92b3-913ab20dc654	26.072	fast
4203ffaa-9fcb-47ed-897b-c81da3766ebf	10.425	fast
b3228ce8-19b3-498a-be9d-f16c66cbbed7	8.488	hac
f61f9817-5e44-4e93-9eda-8cf8070da675	8.580	hac
afb97d74-9cbe-4e3e-aeb0-40cb0de37cc2	15.410	fast
a21fa027-b548-4b88-9d5a-ed8980af2c4f	17.481	fast
13505700-e0f3-45b2-b206-2348c9ee01ab	24.924	fast
15fd258d-644b-4757-b89e-12c0d85f21fc	24.878	fast
fc30c086-7e9b-42c4-a634-a90e05df0239	18.712	fast
11420a27-2455-4c6a-b949-c9896fbd814b	21.918	fast
c6df35d5-ccdd-4af7-a627-8af29f142afc	25.040	fast
919f7f7a-62af-4514-a5d6-0fef95c0a36c	7.022	hac
0472c095-4c69-474f-a82e-3c2d9b2eb24a	23.429	fast
3a5fb165-e939-4184-9d48-ae2ba068c413	24.007	fast
60b56522-efe3-491e-aeb3-a29558ef912b	20.921	fast
be9358cc-7b78-4eea-9269-d424a68398ce	17.347	fast
b08989f4-8e10-4d21-acd6-352f7a2a75ad	8.611	hac
cba800a0-65d8-4230-891e-40354a272606	21.102	fast
d4a83264-5ae6-4385-a93e-c1100e47bc46	18.316	fast
5a230524-60cf-4480-b708-60dc777737ad	22.731	fast
268685de-48fa-46c6-bace-a0bb216964ee	28.668	fast
2a5fccc3-dd7f-4578-b2d4-d52a0d0ce87e	19.453	fast
07277dcf-d695-4b30-a6c8-db0fcd9f5986	19.433	fast
561e3803-6dc6-4c30-a22f-a0a40d980acf	18.836	fast
417a951f-7106-4783-ada6-0326a1801a74	13.881	fast
7f334249-0ca8-42e3-8893-923b6ebeabcf	24.387	fast
401fe82a-b667-4412-ac76-fc06189148a1	12.572	fast
6485ad87-a40f-44f4-9e58-e26ce32177d7	23.991	fast
0f8895b9-3893-4d5c-b00e-1a52b4373184	13.040	fast
7dca80a8-112c-4695-b6f9-58eec7f8f2fc	10.412	fast
6836058d-8d32-442d-84ab-4674a4a7bbbf	20.244	fast
d5fc570a-6353-47a9-8dc9-035a4e2e2f31	8.038	hac
575b2c38-541a-4ab0-8794-b70102308b38	22.431	fast
275455b5-806c-4e32-8a11-1b4343aba1bb	28.461	fast
dd52a3fe-61e9-4f23-bc45-19f962208dd6	17.167	fast
d37cdba8-42d2-4d75-a931-f87ca36a1d7e	17.017	fast
596ae145-a4c2-40d7-95cc-084dc3a63ff1	9.328	hac
7796b885-7309-4160-932f-5841c84caad5	26.872	fast
fbbb670a-741f-4bf5-a00e-91d14039604e	23.944	fast
2d9b3e60-40fc-434f-8f8c-d6d837dc825b	25.012	fast
d443179d-25f7-4456-861d-e084c89f1a8c	6.983	hac
f2db4078-193e-4e5a-9979-921005881cb6	6.584	hac
2a922cfb-38bc-4637-bdaa-8fca440cf8bc	26.675	fast
7020cff7-0900-484a-b636-b435a1d6d685	19.759	fast
8b22d271-f027-439b-a909-21fff29c1e46	17.187	fast
ba6192fd-3d27-4729-8cdd-47a28d766dbb	27.590	fast
60805770-4928-4965-8703-564de641662d	8.906	hac
284e10c7-5c00-42d8-a7e2-f83d67a0a28c	22.134	fast
f4ae8cc6-97fb-4629-902c-a8a6d1ac4d87	23.063	fast
55044581-241b-4eb6-b446-0e52adca9862	20.497	fast
cd115f33-39ab-45c7-8f14-af7c4592e3d1	25.768	fast
5cc14b18-7615-494a-92cb-db1053fa294d	5.895	hac
0a1aa034-3f0b-4def-83ba-0307875e4a77	22.660	fast
34eb387b-af27-4db6-91a8-f056c02ed67a	7.909	hac
ac6d6e55-b35b-4481-9b99-e554da5a1c8f	18.540	fast
29be7a4a-8299-44d0-87e5-0a51bca390ff	14.808	fast
054e0bfd-3734-4e1f-a5c2-6a6a21ec1e23	23.976	fast
1fb5f0c1-25b3-4673-9d26-90b6df02789e	21.296	fast
a708d7ca-be21-4fca-bbea-2e2ecb360f24	9.025	hac
69790513-631b-44fd-b707-631764eb8ef3	24.283	fast
26c7cd3f-6c01-449e-a54f-31b98325e31c	23.575	fast
37fb1f78-4ec3-44af-b03a-fa2ed22b0261	5.690	hac
ffdc7253-4f83-494a-bc7f-1aebd42f3a42	21.854	fast
e554f077-db6e-4a70-9265-d72fd840a88b	23.789	fast
d8cd6b4e-a85c-43d6-87a9-d7abcf08be87	8.353	hac
003696a7-2758-4627-87f1-b78572344b16	7.282	hac
0e543b8f-ed63-4f1e-963f-dec5b667d8f1	23.888	fast
75748389-4b18-421e-b521-0216dd1706a1	25.143	fast
af590eff-d808-447b-b2e0-1186e9977432	23.154	fast
a6afde48-20fe-4409-9f5e-8779014ee562	21.991	fast
562d040d-1dc0-4d5a-893b-c71ab2f21661	27.483	fast
1782c4e0-fbc5-4f99-ab38-6f35c8f72a06	20.751	fast
864d92b9-5a8a-4773-adc5-af4b5a2373c5	22.472	fast
603f4a02-c292-4236-9866-b0ea758b6831	24.914	fast
a03f9359-1337-4036-9efc-6242cc1918b9	25.524	fast
365cc03c-1c62-4f09-8192-2b241fd4cdc0	21.624	fast
7460349a-39b4-44bc-9161-473ad9f67fca	24.229	fast
c0ebc7ee-1525-4146-8f2b-36d8eb3cb40c	25.962	fast
633e4e3c-8eb6-40eb-b6bf-af2694e58d54	23.090	fast
6dbe234f-c3ba-445b-a9cf-8df5d72a432a	22.743	fast
b4b7e075-d32a-4b5f-b1f4-5e44e585d33b	26.430	fast
59deb37d-37ab-4088-9a03-194ff53a056a	24.626	fast
a26a8aee-966c-478e-af16-bd91928b5065	5.556	hac
8f214c82-9692-457c-b18e-c91ff40dab40	24.168	fast
b3621140-12eb-47e4-8a6b-27579be9ecd3	20.721	fast
19e60be5-7e16-48a3-b3a6-eca5fa4ca871	24.640	fast
f79471e0-90a8-4cb9-8ecf-f18f17592e33	24.472	fast
02005621-d8e1-443b-bacb-2b4c36fbd69c	26.348	fast
a10f44ce-1bc5-432b-a0f2-ada8fb67f228	20.304	fast
b849bbf5-ddbf-4994-b9ba-f2139cceca58	17.857	fast
6844f960-248d-4bc3-8bfc-14aa69b9e3c2	23.363	fast
8ac926f0-29a6-483f-b0c6-ac2495c93f4c	8.100	hac
ffd63c7f-9851-4fa6-8423-20a299e47ad6	8.491	hac
3340b5c2-1ffc-4f31-90bf-19a6abfa2d70	25.669	fast
bc038290-7ca5-4fc5-a345-dfe1d456d48f	24.751	fast
085dc147-4820-465b-a2e3-e9acd472a0c0	10.429	fast
038bdcca-83b3-46be-be6b-0f391a5f547f	16.638	fast
fc44418d-86ab-4d8b-bbb9-980e6d7a4326	21.079	fast
b19f5aa2-5676-49cd-93a8-e68b087a6b41	24.208	fast
9352415e-ca03-4ac2-9130-f9ff676d2436	22.134	fast
bb4ed199-d351-4cae-8fb6-ce9a51b58916	18.346	fast
4066b7c5-7bfb-4658-ac34-ee40a70e00e3	18.837	fast
ed0f242c-ff45-4fc7-8698-f5752931598c	24.882	fast
357705ff-3e06-410a-a525-e65938f0c6af	21.590	fast
6217c13c-92b7-46e4-a658-043445638279	25.631	fast
f39b433d-d173-47e3-9740-4a5aed41b729	27.980	fast
78120036-0fd2-4611-a876-ab47a8495c3a	25.409	fast
5e2bcad7-c035-433a-ab76-029ad0c7a731	10.052	fast
db65f881-bc31-46d6-bac2-8e80c59fde9a	19.052	fast
c8a3e845-3661-424d-9d60-b31e4bc6e5f9	21.959	fast
b67d939a-56e5-4b8c-95cb-7c340b63607b	26.351	fast
be34361e-0ecb-4f5b-abf3-cc733fee7274	24.160	fast
d83c70e5-d347-4896-95d7-b01df20bd2fe	19.314	fast
da601d84-6bb2-4e9f-837c-b8f2ec343738	20.830	fast
5b322150-5265-4279-b998-6587d264a157	26.418	fast
178e7cbe-8e51-4ed3-bf46-447b4c6e7564	13.952	fast
e5f56e11-1e02-4e4c-b17d-5ea177054180	25.312	fast
110c7529-c596-4555-aba4-c8f5619b3bdd	21.723	fast
ac9557b9-38a4-4008-b924-d6046d5e1f16	25.719	fast
1f54c5bc-d6ef-4be7-9eab-298973054589	26.888	fast
5770bd21-fe3a-49fc-8602-2a523c019f1d	26.398	fast
0d9307bc-021d-47e4-8a52-6c54d240345d	6.114	hac
9064196b-0a60-49fa-b78f-fdd604beb0cb	26.304	fast
dfe0af3d-9ba5-4cfa-b09f-6ec6690681ea	19.663	fast
4099f69c-dd99-4986-8c6e-f30c84f4240a	24.377	fast
1de4d4ed-f59d-4149-b2a7-6b8be490b71d	23.752	fast
46b10bf5-4da0-4551-9688-d59e225ec7ca	21.714	fast
f93ee488-a702-4352-b584-24ef6fb2481e	16.464	fast
40ff474c-ffbf-4c9f-8e71-8c34337d3a83	13.094	fast
ed164fac-63db-492b-a6e8-511c58176ed9	22.002	fast
f94053c9-b4bb-4e95-83c3-186de2d1acdc	12.117	fast
fce60533-134a-40a4-892a-c07969b91e35	22.699	fast
fafd2275-d5a2-4090-bc88-ec6560357c07	22.825	fast
21d8a05d-d2d5-4394-aee7-ba8757e77bd1	8.359	hac
ef1b58a4-d7cb-48c7-b992-718a47f4b912	25.453	fast
31f035cb-d04b-433b-97ea-454b620cc2db	24.461	fast
3b3ff85a-dc99-408b-b5e4-c678bbffbf52	7.567	hac
071000de-7451-4fe3-b9cb-07c3f36f63e0	20.455	fast
198e9532-0555-4252-aadd-122811365f14	25.604	fast
45be91e5-68b6-486b-8b44-afbccf406f3a	11.039	fast
c5c9039d-9d1e-4b5a-b0c9-a9af52effbe7	18.140	fast
c5cff110-f243-4588-806c-039c1a911655	7.380	hac
4d76e373-508a-4480-bc28-f0ce4242df71	24.189	fast
7989719d-ff61-44c0-bb6f-d8860dc9d346	25.971	fast
aa0aa955-398b-4711-8b0b-407bf061a5a3	22.849	fast
710a383d-e891-4eec-a411-f6fef0114f07	22.693	fast
b56b120b-aa95-4669-8b77-4db1cbf2744c	25.525	fast
87b36ccd-636b-4c62-bf4b-4a97aed33d1a	8.695	hac
07ecb1fb-0112-4957-86d2-6afb72d6532d	5.806	hac
1ecc2a18-31d4-44a7-9b2a-f2ea09133d06	27.001	fast
d6125bf3-7a59-4b86-aced-40c32619a48b	18.544	fast
c914f1eb-89e3-410e-b8f3-10f941091d3d	23.325	fast
5aec3994-d5bb-4b86-acf3-62e214adf7b9	7.941	hac
7990be77-72e2-4f73-8d0b-dbc2ef330efd	8.935	hac
155b0b45-530f-4ec4-b408-68ec930bb885	21.328	fast
924faa74-2bb5-4baa-8c72-aec6865df9af	21.654	fast
bfd0854a-44a1-4ecc-bf99-0a2eadc03015	13.452	fast
3c30d140-741b-4dbd-84d9-c072abcbbb44	7.284	hac
bcd19521-653e-4b6f-8a82-fd57a0a475f1	26.113	fast
7e1a3f8c-3cab-491e-8418-9aa714c621a0	20.369	fast
81ce4be9-268c-4dda-bdab-9d1688b8fcc0	23.736	fast
1dbf24b6-dd18-4d01-a9e5-223c45136388	21.489	fast
3d6f93ad-a6e1-4080-86f5-62183c093105	7.967	hac
ee43f76d-18f4-4214-9ec7-286fd18edd08	16.204	fast
92d76164-b9a8-41a9-8ddf-2e6f3c9e0e6e	24.120	fast
068895f2-6bb0-420e-9089-b9e1e6deb912	24.885	fast
ab52d4cd-beec-45a1-b526-7c7d442989fd	8.368	hac
8c4d7413-2de2-4657-b5d6-3e7a0f9a56f9	18.949	fast
ad59eb94-c1f3-4a7b-ad0d-b70c3b1f3f0b	22.295	fast
7a5f6850-91cb-4f88-93b9-0140b86f2259	26.448	fast
6cb76921-0965-42f5-a52d-65ce8e4e2e6d	18.319	fast
ad217b6c-f5a3-4085-9e26-690f5d3690c8	24.851	fast
88b6a6ea-bc39-4e10-a70b-b8c38aa5612b	23.279	fast
d54ecc8f-ec8d-4e20-a4e3-04e5153ae6ae	16.605	fast
df3dd3b8-8077-4f57-8e63-d3f66b744400	20.106	fast
a551acda-5ba2-4270-b9d0-17af1a24cb1b	6.137	hac
4705c333-4f2d-444f-9d06-c751010c8f62	24.571	fast
beae8044-5586-4dca-86b3-7b61c2d06cad	22.785	fast
010d0f56-6192-4ce8-8640-e1525c29df9a	6.836	hac
d867ae70-ed70-4fbe-b11e-e4d0f289cd74	19.918	fast
1cbfa872-6638-436e-96e2-aca6d0cd4c6a	26.092	fast
5a2d5c0b-8054-488e-828e-66b2e215e13d	23.532	fast
dd7cabeb-14ee-493b-b3a7-915910b89e98	16.446	fast
65d062d5-8527-4332-bf92-d57da1de80b7	23.950	fast
ce435076-a261-4547-8afd-b742f547cbf1	25.897	fast
597b112a-7cc4-4504-a5cf-8adf0bb9f607	20.123	fast
377675dc-91b8-4657-b752-cf1bab58d17a	22.371	fast
c0872671-954b-4bbd-b1ae-60ecd4d8755c	24.757	fast
bdd7a1e3-9db6-4915-86a3-30ccdecf553d	23.322	fast
6cbeaca0-c87e-441b-99e3-360389cd50c4	13.169	fast
c3ced8dc-9b0d-48c0-bfd9-bd3b65e92f79	18.977	fast
9650ccd8-a35b-42e6-a3ec-d3613e4e3427	19.816	fast
4a3c9735-8f34-404d-b290-a2392bc216bb	27.374	fast
338e9be8-a39b-48fc-a481-bb5ba4a695fb	21.367	fast
c39cac61-38a0-406c-bc35-046fea495da4	8.906	hac
45e03055-95ae-4ec9-8dfb-8489227fb9bc	20.240	fast
d6298ff4-1e32-4b56-a6c2-4d1018378d9a	21.805	fast
47f8f907-252f-4587-bc04-ff1308933437	22.757	fast
a8482915-4188-408a-a7bf-b297cdc7707e	23.847	fast
01975f21-7e13-4dc4-9224-6842e9d13e68	22.428	fast
7cfcb3c2-3730-4c34-87f6-51e54cf17b7b	19.373	fast
bd10776f-2242-448f-b971-3a4de6b556a7	22.571	fast
ec0235e7-2346-4480-9621-17a458989bde	20.527	fast
1a9b7ab2-b323-4946-9cd2-dcdd81724595	12.165	fast
dbea25a2-aa4b-404e-a91e-0ce6ab6e83b5	9.207	hac
6f01cd24-3f1a-4733-a40f-e44a5dbd2553	21.436	fast
fbdc3a9e-bb7d-4696-aa5f-c6e0074d2f4b	15.248	fast
fd323399-3ddb-46b3-8f5c-87571e823eeb	23.378	fast
7b5a42e9-202f-400d-bff1-1f1a7dee1c30	25.488	fast
74d620ad-5706-45c9-9b00-b660874b75d5	21.756	fast
6d546729-e96e-46b8-aa04-b76fffd1c6e1	9.504	hac
53f11927-f858-40b4-b726-4ebbaa7c5a20	9.430	hac
39d3f61a-476e-4e57-b076-5775b26020a3	27.339	fast
9c3dbc60-b47a-4e9c-86ac-d464a901f716	24.079	fast
283297d0-af09-47cc-bf0d-71d75ff2ce47	23.514	fast
96a8a98a-65e4-4a8b-a6c6-82f70e3539aa	21.721	fast
25c66a52-c057-4d3c-b04c-3ea21601b639	24.843	fast
9a2d5c21-00ee-4256-b455-2b9a053e86ec	17.028	fast
1ecf7cb3-920e-4f5c-87ad-0dede5e83f12	20.689	fast
6648b067-3333-49f2-903d-453944ff1055	25.722	fast
c08cd0f6-1b32-4fef-b461-f2f5badaf80b	25.522	fast
0713b710-659f-4c17-b329-9d20049bb1fd	8.144	hac
bdfa44f5-fd64-47c2-a903-9264bc56a2f1	24.723	fast
8563d53b-1970-4fb5-8078-3922eccbb521	25.308	fast
c270585f-ef52-444a-9689-0a1dad9f65ae	25.919	fast
3eac5149-7334-44f8-ad5d-1cea628e2c99	21.120	fast
97f0e604-0348-4040-9c51-24121b7333bd	26.606	fast
884486f3-a808-4d53-a847-1547b5be2397	23.151	fast
c5d5abcd-b104-480a-8c61-c7908bab2b6a	17.703	fast
591d95fd-1b7e-4dd3-8e58-e15f14d91cba	21.333	fast
5e18a93e-1633-42ab-a56c-639a07fdec18	21.275	fast
bdf2d571-e2d2-4267-9f30-c63bc40227eb	23.234	fast
37728638-01a5-4306-b29b-b60d107f1f1f	27.017	fast
391f929c-6edd-49b7-a69e-067fc3b7889a	25.323	fast
4f3404ca-0222-49ed-be3b-d5493bddd156	24.081	fast
5db0de0b-16e1-4003-99d7-83840ade4ef0	20.584	fast
dfdab5f8-5808-487e-aea8-82e92bc2f17c	24.133	fast
0ff63e7e-c295-4f8a-b962-d244675b05c7	26.495	fast
dc7959fb-3163-4b62-af70-de915fda61f3	24.526	fast
6fe11990-2fe8-4b9e-9074-822bd935e126	8.845	hac
5db68686-a232-4765-ab9e-1f68b503cda4	26.724	fast
4ba31e15-26e4-497c-b901-7bfdc7dc3497	21.502	fast
3dc80600-fb45-4778-9226-35345d501c21	21.872	fast
6d2b8b19-5741-4aaa-8d65-c166bee1c5d5	23.801	fast
a1c198aa-6a16-4a47-84a9-52a6a603f622	22.867	fast
2d66ba8e-397d-4bbe-96e3-619117372461	6.852	hac
e1fa1ea0-9a1b-4632-ac08-3f1d9a27062e	5.789	hac
21718384-634d-44e7-a879-6c46b6a1c9ad	24.297	fast
f6fc8e05-9939-4178-bb23-ee7e269fb77f	25.555	fast
fb411d7d-7068-4529-8bce-92f5c12a1ea5	26.498	fast
7ce0444e-40e0-4754-8fc0-54c3d24cf9de	23.230	fast
a9fabfb8-680e-449a-8bfc-1768adde2dd9	23.275	fast
a967e04e-2171-4645-aeb8-9c2b2e2454ac	22.107	fast
898f2ea9-6fc1-4cc9-8cd0-f984ed2de917	24.621	fast
043fc8b3-1434-4a0e-a12f-d7f3cab4f9e2	6.897	hac
9b7582a3-f52c-4374-ac83-b37472523a38	25.289	fast
e5f7d71d-3a2e-4596-aa14-7d2d07406234	24.139	fast
28d067a4-ad9d-48ec-b9d4-0570493d210f	8.399	hac
c5564c06-3735-4de6-826d-a28b19a4ee23	22.427	fast
bf9b2924-43b2-4737-9314-268c3fabc79c	11.071	fast
bfd1b488-5942-498a-b606-bf383e47f212	19.963	fast
a3af7308-b7c2-464c-8f7e-d8dc5bf38c48	20.080	fast
9d8f0d63-933e-43e9-a309-0581667aea92	16.183	fast
bc9003f6-13d0-4700-973b-c49f13d686af	7.378	hac
4d9f4973-f57e-4824-9a8b-96f82a2177bd	12.675	fast
f0d09273-033d-4f26-9e68-719e9a7ef515	23.000	fast
74660af7-7197-43e8-a403-623fabf45a1a	17.506	fast
e430a9b1-54ff-4e2a-af73-fcb1e433e4ec	19.781	fast
3b087ca9-86eb-4e10-b384-ffe2c3efc14f	17.544	fast
c78fcaff-8189-45d5-838e-6d66d65d2e71	26.397	fast
25a683f1-c9b5-4849-ac4a-fe8695174a90	21.335	fast
fc8f5d5d-6779-4f3c-a9cd-3a6d6f701bfc	20.688	fast
4b05853a-7b6b-4235-8b1c-33ed10c0700a	26.401	fast
88118614-c75d-4211-8d57-9897dccc84a3	19.170	fast
52bb0718-d837-4851-a1e7-52d9c7cf7237	8.579	hac
f5945f97-c723-45cf-ae01-521edd81a314	18.226	fast
9a21b704-813c-4175-928b-32c773ecbe69	24.587	fast
57509353-f7fb-480d-a634-d9835d878e65	9.560	hac
5489cb27-2b73-465a-ab11-6044739be32d	26.352	fast
3e3ec9e0-1304-4261-a1e5-eea061e6ffcc	24.500	fast
f19fd20e-dd6d-4011-aa1a-4c6343c437aa	21.465	fast
1948d5b4-fa03-4818-ba35-249dbb029c75	9.020	hac
4f2b05d4-c1fa-43f7-9727-100b76850c10	11.388	fast
eddea3db-8ea0-491b-8dc0-e69d268ef44e	23.573	fast
307f7dbf-e62a-4951-832e-322160eabc53	23.118	fast
2908441b-a34c-4319-9b8f-b69ecf83852b	26.927	fast
b6605892-921d-483b-b65f-26916e0017a7	18.826	fast
8668ffd9-618c-4a0d-895e-3d9b6531dc49	22.003	fast
b85d1fe0-a8a8-47ac-9da0-7d0ea810512b	8.803	hac
fe24bbae-5470-4df3-9c29-911e53f3322a	22.684	fast
66c784a1-e07a-447d-97f0-e68a2721ed97	23.473	fast
8b1a9e8e-c1ea-40b7-99cd-f38462404a16	19.051	fast
41523c73-674b-4423-9962-6de4d5f114c9	7.599	hac
b7e90f50-2453-4615-957b-f415b024892d	22.247	fast
b33c977b-1577-4cd3-8bcc-9935834eb95d	6.947	hac
d26a084d-81e7-41c7-9111-2af2b6826920	8.933	hac
5e872df5-df1d-47a6-a9bb-421d2ebe7279	19.143	fast
bf009093-c404-4da0-9fe3-b7b80ab357fa	23.926	fast
f62d9446-1017-4357-8928-41d1920b8e6a	23.323	fast
d24fa953-ea0e-4406-a010-b2beb1b0f55a	11.795	fast
72898fcc-c299-496f-a345-59d279bc1800	25.440	fast
ce730d93-4e7c-41f0-a05c-023871294ea5	24.803	fast
3e513a79-4973-4733-948c-5e6bd1e68102	19.267	fast
19437404-3b2d-40b1-9569-9d80ed666c20	25.331	fast
1665aac2-12d1-4a60-a9ce-7fcf9cad9d33	17.660	fast
fa11bfc1-6298-4181-a9a7-784ade3a4d3f	25.335	fast
9196020a-4ade-4365-baf0-ef59eb5c7aba	21.423	fast
1ca34864-54af-4195-b0c0-704bc52139a9	27.694	fast
f34048d0-36d0-41d8-9148-22c591cfbf74	22.815	fast
618b7626-84fb-4291-9ae4-3df34ae41a0f	22.749	fast
f8dd200e-343f-4892-b600-c04e6d143d42	24.165	fast
8065423a-d97e-49a7-8fa3-c8336ca383f6	20.958	fast
0df51bb7-af12-47b2-a9c8-e618ec404a72	24.442	fast
9f5cd90a-dfd9-4f3c-9186-811e6224d1b0	25.690	fast
0da888fe-1046-4c3f-9425-016819eafdc4	19.618	fast
4ca4a930-ca0d-4679-a4dc-8b300e351b29	8.391	hac
211b1261-b818-46d8-8642-e2047829eda0	25.840	fast
774d4004-bd7b-413c-ab1c-3b0f42ad4b80	25.232	fast
91fce19e-35f8-40ec-bd15-6ce8f1792fc4	23.150	fast
76888220-3688-4fdb-9c8d-a33d4dbb5a63	26.227	fast
1bbc5464-5713-45c9-a7fc-63d5a822638c	28.289	fast
a5dcd8a8-804d-46fc-b595-48946f3f7080	20.312	fast
cf4e2583-c102-4dc7-9564-346bb8752fce	7.833	hac
0bd69440-bff5-4d9f-9e39-62c80796adc9	23.070	fast
60adacc2-1d8e-43d0-a046-38ba12d312f4	21.584	fast
d4439761-d7d1-49c7-84eb-990d664aef11	24.803	fast
d1a2b0d1-4990-4ffd-b3da-940df52ee33e	23.924	fast
2b8559f1-ed30-4016-8c14-409d58bf4598	24.129	fast
d6131ff2-3767-4211-85fb-5ced4dc0d522	17.002	fast
ef7ddda5-1629-4d3e-a627-fe2ab6aa0645	12.736	fast
519ebfcf-7ffe-45fb-a900-c854a04cefba	25.505	fast
72ef7918-5d47-41ec-b939-3160547d6260	22.973	fast
7afced12-7a24-4b9f-98bd-808aac5d418e	8.300	hac
a4c06fbe-bbba-4cb5-a2ed-28614ab4e173	21.120	fast
315abb39-75be-460e-bee2-3e61ee66a333	20.960	fast
b3eb51ca-ffc9-4028-b00b-df4f43ee5f43	22.936	fast
a484b647-961c-4abd-84c6-a8cb8b040732	21.674	fast
26f1201b-0fc6-43ef-a394-91c7544bfd22	8.408	hac
15ff3b67-715b-43ab-833b-72e769aacce0	19.290	fast
a1fb1426-1553-4ba0-9536-3cd6e372f495	24.552	fast
41bb6adb-b1f1-4fa9-bc74-9ee8abf652e2	25.774	fast
d2e70944-20e8-41fe-8f96-477092df9d6f	21.439	fast
5661cd5e-08dd-4166-b16d-33ead3046717	25.664	fast
d3b11b6f-06e0-4f7e-8d9d-e4c361b01320	23.736	fast
96ad6413-2295-4d3f-904e-19c85d01af85	19.292	fast
283f20fe-9714-4d60-8b37-6e33e7b2452c	11.500	fast
d7869d73-4005-48b8-9f4e-1da7f8b5c78b	25.106	fast
4862beb9-6cbd-4ea0-aea5-c5e8660c8e78	25.147	fast
5b82ff79-6e4f-47a8-8ea4-ed2542a7c4f6	27.290	fast
96f77ea3-242d-4b73-aa77-92bc1f684c6f	8.000	hac
ca8705a9-e99d-4467-98f7-078cb2d67ce8	21.660	fast
31f938b9-75a4-49e8-8393-a16b9d1de009	23.212	fast
f66050db-67c9-4a21-9de6-f82a4e26e7e2	21.629	fast
fdd383b6-1fda-4d9d-a4e3-245b2035232a	14.033	fast
3e3c62a6-6fe4-4ba7-80f9-545e6c19fc81	22.205	fast
1ca3eb72-5d7a-4bb3-8786-0b8e395e4fe8	22.503	fast
05bbd914-9a37-4cbc-996a-dbf8ae3691cc	16.251	fast
9f1bc7b5-2c79-4053-8501-6c80afdb66dc	20.654	fast
858cdd56-0b46-4e5e-b7a2-8a42b9e98097	25.678	fast
795a9352-e39a-4548-8cfd-d522c400463a	14.019	fast
a88afa4f-bde5-4314-9f88-1e45664b2522	21.892	fast
fe7a0e44-a1b0-4698-90de-346b649d56ae	25.034	fast
dfba5385-d4a7-4058-8859-0f76e1609926	25.962	fast
9d2aa41c-2087-4078-be04-c28694dea98f	9.746	hac
51337d78-6669-4e0b-bf3b-9ae196961b12	22.944	fast
689f87bd-342d-43ce-a495-d27a28f8b338	9.358	hac
a2f83f0b-7390-4bd6-b468-a83a7e6f4211	8.326	hac
ec688c15-0a0f-4add-a303-db149db2242c	24.617	fast
513d2f42-a176-4d58-b0ed-1e3d028bd975	11.278	fast
45021427-38a8-48c5-a8e5-434355818b2e	18.742	fast
3dfadbe9-9625-4616-b056-d3669b33597f	25.734	fast
91bb8e79-051a-4740-9e21-53f416eb0ea2	26.851	fast
47413907-c1e3-4ebb-8c05-ff5892f7f5e1	26.355	fast
a54050a9-9cff-408d-9f4d-822576aaf158	25.436	fast
427636eb-85ad-4138-a768-37b8c7aee08f	20.939	fast
656d460c-001c-4760-88a8-313e7836d51b	9.126	hac
342db1f8-434f-49d7-9459-6d002f7c24f2	5.810	hac
af5a24d9-e22e-4b90-b449-e02a0eba2490	21.555	fast
ec0219ea-0f0f-41cf-9622-677ae8871bbf	25.031	fast
70babe0c-04d7-4435-b8a5-dad7932bd8de	22.085	fast
72907615-4fc1-4cbe-984a-004b70de2625	19.945	fast
0268ae2a-57ea-4590-b906-104ac61c0b90	23.644	fast
90084abe-bede-40ce-a713-218ac87a51d0	17.271	fast
f7df7e69-3362-49f8-a998-4a0d1d98d828	24.344	fast
67cc2f8d-5d71-440d-8501-cf88460d2e60	7.792	hac
76d013a6-98b7-413e-b745-856d0d86706e	26.921	fast
03096786-446a-4e1d-a714-4b065cb6d962	26.706	fast
2712e373-bc30-4e78-91f2-106227c07845	5.477	hac
1c059eed-099c-427f-8754-b1360e9ec1e8	16.648	fast
9206cce0-d4d0-40be-8d00-26d9d1a34991	24.436	fast
242dba4a-d148-48ec-8e18-95414d99b397	15.177	fast
69f0c9fb-12b7-4532-a281-9ee6149a28c7	25.213	fast
ca43b584-baad-4da4-95f7-2ce4218a81fd	21.621	fast
3b4d09f0-7f32-40ae-8e37-4f33d165ae06	11.628	fast
bffac634-2eaf-4f6c-a547-617b4c4ff41d	19.644	fast
d0582cc6-0025-4d9c-9b3f-8df2ad8c6660	22.496	fast
3852a3ed-3c47-45c7-bad2-a41b998546e9	24.023	fast
a36aa144-7f94-4a4c-8091-f4b18cdc2385	24.575	fast
ef49e704-990c-4673-862b-624e4c802dab	18.373	fast
1f1d4dec-ec1f-4305-8537-772a6bec4022	24.385	fast
fde48612-90ed-41ac-98bb-b9dbf8e970e7	21.092	fast
df830b06-1634-48c7-a224-d2e80b416ed1	21.627	fast
64945093-976c-488e-b68e-9e23b9269df0	24.178	fast
a6bb542e-fa27-4696-918c-993554038913	20.475	fast
43fdcb6f-549b-4c46-9788-a0a58e92a264	12.053	fast
81d7cf5a-4e6e-4171-88a0-461abdaa4882	27.372	fast
04f57605-8813-4068-84e3-0a6aedd334e1	21.044	fast
9933953b-72d4-47a2-8f94-c19be274fddd	23.314	fast
89af5fcd-9359-4715-a897-eadd21922fa9	22.311	fast
22a822b4-4cf9-47a7-b27b-27db28617e2f	24.806	fast
592d5613-d455-4420-ae75-5d8ec96b6c6b	18.179	fast
f0a61c37-002d-4a3d-9a55-5abb8e063966	7.144	hac
549e548c-f206-4a89-8b2d-b3a8726ac0f2	21.333	fast
c1cbbd17-577b-4c4d-8bbf-9a4da8bd112f	21.507	fast
586a5f61-5365-4df6-b687-1efa78d09ccd	23.781	fast
48f009ee-8ab0-4c08-b8a8-ab23c8d81423	22.727	fast
621ae4b6-2c93-4867-8770-6208a837bbdb	25.167	fast
2e67769d-1758-4796-bb94-cd2e78b20cc5	21.661	fast
9ea373c5-72e1-41bc-82ab-4ac81041fd10	22.931	fast
6822e075-5a08-49a6-a17a-3b3da7eef086	25.970	fast
2d086ccc-3f10-4a4c-9339-3afd3ba163bf	24.319	fast
fff5d6e4-8815-487d-b933-2a3d481c6182	18.921	fast
1b0d1d48-1f5c-4af3-98c7-edc41ce37300	20.956	fast
2ba16e8b-2f21-48fc-9b1e-e6b999c0a657	26.738	fast
425c14f9-99ba-4f5d-8226-084c50233ca5	25.829	fast
954af2e5-5773-4f55-ab8a-714528c8e3bb	24.854	fast
b03656e6-8fab-401e-b73a-c9a577abb791	23.897	fast
9dd17fc9-ed3d-43f4-8227-bdb5933c212d	23.526	fast
45bbf55d-e08b-409c-bc78-06f19e64bc29	22.170	fast
7b6e8800-a45f-4d5c-b256-0ff5577fa6d1	6.145	hac
d40b5fb3-d2e8-48c1-91f5-7a5746e131f4	14.373	fast
5d028e54-660d-41df-b4b8-16abda45ff87	10.785	fast
decb20a9-1c56-4c4d-a7fb-672bb7b378b6	10.372	fast
c07838f2-6c03-4563-9de0-d78326c181cc	19.322	fast
d0592900-dcd3-4efc-8fce-a9dd99b5e9b7	22.364	fast
6397d5b7-f11b-4385-812c-4de536298d3a	17.727	fast
c8f43c8b-12de-41ee-8667-1cdec8172648	24.991	fast
54783563-799e-4716-8f2c-d2bae3c48355	8.939	hac
dfdedf4a-6ea9-488b-8315-04f5f7c78ab9	26.033	fast
35758a90-db8c-4e21-8877-38c4a8e7ff86	22.458	fast
31faca0a-be63-4eb5-ae42-8bff61e8f459	11.881	fast
568d6570-2de3-4835-a1fa-2b9f2d17254a	26.419	fast
bb6c6de5-2ac8-44af-ae6f-9dcd3a8ad0c7	21.427	fast
868d5c14-92fa-46b4-98a2-88a40148a37d	26.607	fast
67f22bc6-fdfb-4583-89cb-b5526e0a4dfa	21.120	fast
6719fe6a-0082-4e59-84ec-7b9a9092985b	24.523	fast
e2e93157-eb62-42b7-83b0-12f918913d89	24.466	fast
6208591e-6b91-453b-a71d-750975c30795	9.867	hac
0c1f222d-89d5-4394-bbf1-2e4cb244ba09	24.614	fast
870b52e2-9c5d-4761-bc7d-a44bbacc0788	29.448	fast
6ff11f5a-354c-4420-a1a0-d1a381771bbb	15.890	fast
a4aff70a-305d-4fa3-9733-4738b3b86852	23.432	fast
86fb3542-eb85-4a50-9b32-c5e1a4bd3d37	28.507	fast
9961c2d2-0cd8-4555-aad9-e40bc7721995	22.955	fast
86edc01b-0c4c-4ea1-9dfb-8961bb4c0a60	13.686	fast
a590a0f0-3291-414d-a3b8-a57956bbfe9b	26.429	fast
a08ffc8d-a073-4fd4-8e37-66ec96884168	23.849	fast
427a63d3-8a6e-4904-9995-7014d1baa02e	25.231	fast
14ed78a4-c8c8-4ff7-a64f-1873601eeb05	14.645	fast
9f82648b-485c-4317-ae20-e8be015cb6ac	26.514	fast
7b5e981b-9d4f-458f-86f1-c73e6c2ea613	21.863	fast
2e6d6d84-bbd8-40a7-9587-33563da13910	23.862	fast
7722f717-68b3-452f-a4a6-a7158142a8f2	17.922	fast
23bca6c9-7caa-4916-accd-2f9d1699e6be	25.686	fast
ada17faf-c118-401a-8c80-39cb0f256b3d	26.821	fast
0594268b-9cdc-4de3-82d6-660b62ddc7dc	24.099	fast
a64bf9c0-0257-4dde-8b1a-5bad30310018	21.353	fast
7a9d03ba-a95f-4234-a6fd-b90b8556745b	24.904	fast
325584b4-f244-4e2d-b22f-1ea52e94fd99	25.059	fast
db632903-2037-4018-83da-af44da2a2477	26.874	fast
7e852496-3e36-4d71-9106-57fa01cb69e9	22.785	fast
df20a402-b389-44f2-91a2-ea434e26e980	23.947	fast
48038078-ca5d-4daf-83d5-8178319e16f8	10.191	fast
d0715de0-c656-4129-b68b-96710250b7e6	21.163	fast
fdf9d4d2-2518-475a-a367-e27a9b33bbdc	8.439	hac
4e088642-1fab-4116-bd14-84dbcf02a515	25.195	fast
38654066-2d66-4617-9ec7-330ec72c6e2e	5.082	hac
17db7fab-530a-4dec-886f-8563417359cf	23.128	fast
d4feaa17-dff6-4d3b-87f2-b754366bb580	19.043	fast
a2750ac3-22f1-4acb-8448-06ee4f9e6ed9	22.072	fast
22907b70-fafa-4394-8008-1b86a3d4ffae	21.338	fast
9b3ed5df-82bd-4e17-bcee-0db5ff216fa5	24.889	fast
a5996f56-685a-4521-8ebd-517e01d1f52d	26.230	fast
d00e9e94-5904-4fa3-995e-41704dd037f5	26.663	fast
d2a3f548-2a36-487c-8a3d-576f7bba4906	24.717	fast
5b61288c-0ca4-4718-bc23-870fed0f6921	21.565	fast
582ed588-1c5c-4353-a516-b26026d5f8e4	30.019	fast
64735f9a-b27a-45fd-9a1e-96df10e69802	21.267	fast
602a0d13-8c43-4c8c-8e01-ab6a7e17d8f0	22.025	fast
2b3de41f-8344-4ac0-b6a9-84010ec73e25	23.264	fast
340804c4-6bb6-4e34-a881-a524a2d692cf	23.569	fast
788adb2a-389c-4886-a4df-9a07f4c82122	27.299	fast
1e4d3734-9c34-4b6c-bbda-393abdfa179b	19.289	fast
892ea91f-af6e-472b-89bb-52d29f43ba4a	24.807	fast
3103cbfa-5653-4393-814d-9345d7f4f736	24.513	fast
b0f86cca-10ab-4715-9599-e1e82407d2d9	17.686	fast
72365790-3a99-4eba-b12a-933a017d6c2d	24.242	fast
ffbc2a29-7a15-44cc-a0b3-1d15efa7e8b2	19.006	fast
6c50a98f-99f1-440b-8092-a9cc46de8719	26.273	fast
bc009235-9553-452e-af0a-c9e37d10a443	21.990	fast
2538ad3a-6271-49c0-83ce-b929eef42fc4	23.036	fast
a44d4ded-d34c-4c7f-b78d-deb149fbe9c2	24.745	fast
7668a5b5-e2fc-4868-9d5e-9ca2e9ed6dac	19.078	fast
2a8c86f2-f2bd-46f9-b1bb-e70aaa84d741	19.347	fast
aeac95b0-9fb3-4731-8d05-6db8c2481c08	6.249	hac
4664d643-a0ba-4bec-8616-02d78ccc8b80	28.360	fast
39c6a46e-eae1-43c2-a800-7a238962560d	22.750	fast
8c061c0b-82e2-43c2-bcf1-99e7ce225a83	19.769	fast
96f5088e-0972-450a-b42d-813dcc7ce752	24.755	fast
f5dceb65-4ce6-4b1c-877b-203f065ea48f	22.036	fast
fee4d112-f5eb-47cd-a70e-84fd9f73b78b	24.190	fast
b4e326a0-77a6-490f-b283-28678e74a4af	8.253	hac
432ab4b6-943d-4cd4-9234-bfe9167289c8	19.477	fast
6a46f031-106c-448e-885b-99475e996442	27.015	fast
2ba8b3a0-fd21-4be6-acf5-5f37b6e2ed44	27.179	fast
58381ac9-6dfc-42a2-be3c-6987ef778dc7	21.719	fast
d93e2ef1-695e-4b31-beba-6c8e46bc0755	9.179	hac
e85ff72f-da1f-4644-95cc-d0a57d44b04b	22.021	fast
f8d40df5-4274-43c8-9edd-d25d74164f20	26.046	fast
c7f220bf-0ec0-4746-9b9a-7657f95dda19	7.993	hac
e5af8e58-fd99-4062-8cf8-b0cf87a9581c	22.156	fast
d90a2650-0381-4736-82da-39da0ae16ed2	23.709	fast
b019c380-9762-497f-9993-ded5be17c628	24.490	fast
e0a5ed25-b5ea-460d-a7e7-1e04d617657e	9.582	hac
87e577e7-7d7d-47eb-8302-8700ddcb96ac	23.637	fast
fda1a82c-3c3a-4876-a3a7-15aab462f3b3	23.019	fast
f8d32237-d823-4bde-9cb5-471cd97e7f76	23.745	fast
c8f5b3bd-9422-469d-95af-42a0ab804dd9	22.272	fast
ed2be596-0888-4952-b532-03b98355c902	25.894	fast
651292d7-f15e-417d-ade2-b9bf41c0bbb2	25.924	fast
8b647f7c-9388-485c-bdeb-ef093d90d96a	21.474	fast
645f7af3-d8cb-468d-ac72-445aef83023f	19.060	fast
8bcca271-c110-4579-b6f5-ee2701277c53	25.629	fast
4add52c8-7719-479b-959a-921c100cdab8	24.169	fast
da70c29b-bef4-4ca8-af48-fbf2c22857f5	14.875	fast
5a682558-c188-412a-81a4-008a688bc1b1	26.396	fast
875bc1d2-79ac-47f3-9fbb-d48bb224cb76	9.016	hac
e2c124ac-a0c8-4f6a-a81f-0d458fe451a6	20.911	fast
034c1e33-b8f8-4a1d-931c-5425b1b1fea6	6.494	hac
d29a5603-8e45-4fb3-8552-1e0d34a8d2d8	16.835	fast
9da10201-5f68-440e-b95e-5ae0d2a00d53	31.242	fast
276fc002-65da-4c31-9c1a-6c9f843196fb	22.529	fast
3d3ac29e-d319-4990-9131-8fe7549b97bb	16.967	fast
1a297923-e088-4e8d-b8b5-1c2bcd12dae6	24.452	fast
bc010062-7815-4ad5-9d06-e06a0ee2e3a2	19.388	fast
bf0c41b5-69f2-4f9d-b00f-f1af2ce0dd0c	17.819	fast
a7b121aa-2eda-4893-b4a2-839025464e7e	25.135	fast
b02ebd77-654d-4981-9618-38db12e52da1	23.370	fast
396c2d37-d4b0-43bc-99ad-b1ec4e9af930	20.544	fast
9b7dfbba-39a4-4439-8383-d46c037dc8cb	25.828	fast
6c18fb3f-27a6-4cc8-92fb-b373c4cf48cd	23.967	fast
d1ca1f19-bb32-4b75-a528-f9bfa4fdca20	22.850	fast
8989f66b-2281-4a86-886a-e5d84d4f866c	24.826	fast
f8663610-9e03-44dc-8bdc-6a9485b55877	22.446	fast
48a29e7f-9c2a-4d72-892c-349df39f3f85	22.349	fast
2ca805c8-d081-441d-89e4-d8ecb9b6820a	21.363	fast
c50ee599-a20a-4930-b0f7-83fd32d8480f	21.891	fast
481b4f6a-e387-431b-87ea-7874b7d63636	27.413	fast
24935f9f-951b-422b-b09d-bc16fc8c8298	21.495	fast
d90ff175-7f21-496e-97a9-5b0f77490138	22.112	fast
c9e0910e-36f2-43d6-807b-8c0d6c2a56cc	24.508	fast
a2b55657-b406-4f3e-b769-3e8b2be8b305	14.432	fast
e896ad14-39e9-4091-8e94-e7d182b2948e	23.142	fast
92798d98-4a74-49b1-96f5-a9389a188801	14.434	fast
5bb4c67a-1f4d-4e4f-bdaf-18cecec752f5	9.297	hac
92f5f9ba-ba5c-48c2-b9a8-9935a147e7ca	25.890	fast
c264379e-d6b1-48d3-90ce-76502d1b1cd5	23.053	fast
7d9f9675-ae66-4ce9-b19d-6052d2912735	9.184	hac
f730d4d0-1d5a-4201-8c89-ba1a69f2172d	17.928	fast
1cff9ff1-b627-4365-b30a-26bd157f8cd1	27.956	fast
52053e60-26e2-49ca-a79f-a4bda128088b	21.073	fast
eb8deab6-601c-4eaf-a9b6-0f6f7dcc8adc	24.091	fast
97d10e7d-a1e8-469d-a1f7-ca1aa2d9257a	20.690	fast
c0f86640-65c7-40dd-9218-cdb2f840e77d	7.359	hac
21072b00-76e9-4663-8631-0104097ca077	23.539	fast
3fc201ea-140a-4dcd-938b-aae8588eefec	9.037	hac
baea731f-1521-4926-9ac6-8b3674000c22	14.403	fast
6d2ed95f-a4af-4e06-b442-7a50c69324b3	20.089	fast
5d6b34cf-600c-4e38-ab26-3a3ce0e41953	9.856	hac
7cf7cd9c-d2b4-4b57-a547-18df280aeeb4	11.907	fast
a46d1c64-e733-44e7-9a29-e920e984bf93	9.089	hac
81613c11-a238-4ace-820c-d136a8642721	23.643	fast
ba3c2147-17bc-48dc-a697-df35702ff6fb	18.449	fast
51fa2f3e-7918-4b9b-912f-33742ba14806	24.580	fast
c92f50cd-38c9-40c5-a25f-2536ba36a19f	24.481	fast
899b46ef-acac-423c-abff-2baae620c81e	23.436	fast
73f550fe-656d-4a46-a9db-ae25f3699081	27.024	fast
486fc571-6e5b-459d-93b9-e153dc349460	24.552	fast
a6ed710c-43ef-420e-a85e-850d7246227b	25.257	fast
4efb2345-00bc-4bd2-934b-4798a7ab6f10	17.727	fast
7ae6caad-1fb5-46ba-8699-1a984c01bb1d	23.492	fast
06ac0816-6ceb-4156-b59d-ff3bb111ef4a	24.445	fast
3dab14f3-f526-453a-8d46-836d540b4304	25.325	fast
f04ef716-dd6e-454c-8ead-72a1f00711d8	11.462	fast
0b5be7b1-8895-4153-847b-3ee36547ff47	25.166	fast
6ca7ce1c-b4f0-47e2-9ecb-36f222139e05	24.582	fast
ba423fbe-9fe2-4f73-b196-2bd8799bd065	14.131	fast
f2ab2d19-62f8-475f-b48a-367e705cee32	10.981	fast
0cc458d3-16a0-4b1b-b46d-dae328ec4cd7	24.690	fast
b45a09a0-6d61-4121-8de2-e262e84371a0	21.817	fast
f0b07a02-9ce6-407a-a855-4c78c499f199	10.557	fast
a4ac3503-701d-4c0e-b1bb-986b1153ea8c	18.863	fast
17d08d77-682e-4b14-b5e3-eb290ae2b88c	24.366	fast
ec889688-dd8c-495b-aad9-eb516b47c163	21.302	fast
b92e7e42-f81d-4a2d-9ac9-7d3421a62667	19.570	fast
7b1326b9-cb73-407f-a6e9-284adeaf3afa	20.964	fast
8ba0bcb4-61d7-4fdc-a02b-b895ef52660a	8.846	hac
58559cc5-e1ac-4f7e-9fcf-c92b78fd1eb0	24.063	fast
754910fd-20f9-4549-b427-4f9577a155d4	8.903	hac
eeba7200-4d68-44b5-bc64-6c481a78ac6b	23.120	fast
939444c7-ca6f-4d61-a29a-e4830e9fce1c	23.865	fast
4f838193-f3a5-4507-8ef7-f94f48d713fd	23.010	fast
a421799a-783e-4910-bad2-b0a1e491b79f	21.269	fast
a62476e3-cdb9-4bf2-8cbc-99d19582815a	8.957	hac
f3f5e7ee-4e44-4537-ba63-c779c9fbbebe	24.035	fast
812bcc51-adc4-4424-a01c-28cdc4be1450	22.652	fast
6d67cc7f-6f57-4f43-a9b6-9e359f48645b	25.365	fast
efcd3c80-07b2-4763-b18c-901b86330b0b	18.237	fast
331e0874-9c53-44c3-bf50-1b9b582b812c	28.828	fast
a1139dbb-efe3-4f2e-82b6-11599554b0c1	22.881	fast
b210304e-d423-4aab-b585-3e0a94a47d60	25.719	fast
289b3ca2-0914-4c9d-bcb3-d5f6606d8fab	10.770	fast
a925d7f0-89f5-464a-a05a-f0a660dc269d	23.825	fast
19f87f76-6c89-47fb-aa8e-94debe5a147f	17.211	fast
e2235834-1eba-4e8e-ae93-5d902f0c14e1	26.497	fast
3710ddf5-37bb-4199-83b1-3e90a0eb7b9a	23.565	fast
791972d2-1557-483e-9efe-1f8f49037974	26.662	fast
6183302d-cc44-421f-b2ab-737fae56d757	24.307	fast
a284b805-6949-45a4-bbd4-8dbbb103b383	8.059	hac
cdcd5ddb-fd4d-4216-80af-e119015af741	22.645	fast
bf66d99a-1b4a-4695-a303-a870fe9c4a40	24.536	fast
c1c56ff0-4375-46f6-975c-fd16df3f25f2	14.257	fast
bdf63ea6-7247-4b26-9c77-a9fd921db8bc	19.003	fast
9aff5a6f-08ab-478d-8103-3f11e88fcd17	23.112	fast
8b247947-a007-46ab-9ff8-95210c9331ab	5.590	hac
10eaa8ca-3a09-4bd4-8d84-df72ac5058df	13.816	fast
0e37a852-d5fe-4f82-a82a-8b5f49230cbc	30.347	fast
64028dc6-6431-4e37-88e6-4bd4a0e4a7e8	9.630	hac
0bd8f693-fef2-4dbc-87e6-791242c7f7c6	24.413	fast
43a7cc61-180d-454f-a9d0-3c059f52dc8e	14.359	fast
7ea8b3e0-9b7a-482c-87df-647cde3a4454	25.992	fast
3449d3c0-f580-491a-a90d-81c4dafc3991	21.203	fast
71ab8a5b-7565-4c28-8fc5-636d132dbfba	21.612	fast
55785325-64d7-4b77-bcf9-44cabd919e4c	26.514	fast
537a2948-fe6a-45d7-aefc-048a137f9316	7.854	hac
58c3792d-e687-46a0-987e-1b0f6cb430d6	22.666	fast
d97ae30b-5305-46aa-a318-623069a97553	24.483	fast
64dff9eb-58c0-4d2c-998e-99e95340cbd9	19.609	fast
b317737b-93f5-4776-9deb-a6ef176056ff	9.121	hac
0ddd3a8f-e7eb-4af7-87e7-9d87b30639ae	23.664	fast
fdd348d4-12ac-4448-85ea-f2c30b30fb58	13.733	fast
f42ca25d-9e71-43f0-905b-33d156a1928a	22.865	fast
61a3472e-fe4e-4d11-ad13-fb92cf4d664e	21.760	fast
4cf47b95-fdc5-4641-a9fc-9b9f1c18aa1c	21.879	fast
f2dcb9f4-64da-47c2-a3eb-79b49029d296	24.938	fast
79b88040-195c-45a6-babd-932fc46198c4	25.475	fast
b3bab354-2fcc-4633-916d-779d55376c39	25.051	fast
bbbe8a15-28c9-4704-be0f-e7fb331d5da7	17.286	fast
c6fe8641-e1f9-43a6-9722-202ff5725a37	27.591	fast
5c795a7a-a850-425c-b5ae-3c5049b7b315	21.458	fast
7a031840-42f9-4143-96a5-a78aa4df2bd0	24.116	fast
c591ca26-c831-4965-92cb-f4bf169b39dd	13.825	fast
078fd507-a2b8-41b8-ba6e-2d9e204958c9	24.116	fast
b1dfeb25-3dd7-4f5d-b98b-00784f5f8a67	20.803	fast
ef58a26d-3341-47cd-aab3-aeff5eeb06cb	28.195	fast
880f90c5-d6f0-44a7-a8a7-7208fbad72e0	23.409	fast
48d4a9c1-37a6-4834-bf5f-37693b16489c	10.003	fast
4392ea7b-3223-4f64-bfc7-fb8dca294e65	6.003	hac
ad187455-830f-44e3-92ca-6032d4624078	27.821	fast
e959e9fb-4405-408d-b6de-cd48f72bc86b	20.485	fast
211f0981-8450-416c-a5f3-85ca140f7d48	21.687	fast
96143f70-c3b1-4afc-8b75-33a8ca5572bf	24.984	fast
4f5f2baf-33f6-48c7-832e-3aba28d3c6e7	26.102	fast
434f7610-a896-4a3d-8de1-552b177cb823	24.113	fast
e5e4c8c6-4ce5-4296-8afe-aeea28f2bf84	22.399	fast
16285074-b5f8-46f1-b122-d683a793d3ec	9.609	hac
623d9703-640e-41d5-8b91-b1f41f563160	26.645	fast
a5377b22-8acb-40de-b996-d2d4fcb89e07	27.022	fast
302905c0-2f9e-4cd6-a89c-d77f2d409a44	26.143	fast
96380f6f-467d-4f4d-b8f9-f3dda9f13e15	24.435	fast
d5333db0-9d5f-4b0d-913c-2516055b2b77	29.085	fast
16b5386c-7db6-4481-ab28-310269ef4c83	28.828	fast
d686d3c3-3e2a-44ae-9015-1a9ffbae4a8c	24.570	fast
4f13ad45-bd68-4c60-bb8d-fbc4835451c5	8.961	hac
5120c38f-50ef-4f69-846d-ee4cbae6f1af	9.004	hac
eecf39cd-d6c9-449f-84a2-b70874fcc6ba	25.604	fast
fd6ac24b-cbda-4464-a56b-2c79a85f56f9	6.827	hac
fe1c3d82-f598-4f30-8c76-2844897c0240	22.309	fast
8f0b35ae-5425-4329-98cf-e72a759d2a98	24.749	fast
ab370d17-92a1-4880-b458-d62928e91d85	23.483	fast
48db3a0e-ef36-4411-bdb1-bc24cd9332dc	25.300	fast
02d3773d-ffd9-458f-a3d1-aaf513e24439	21.632	fast
850c5e54-ab47-4566-a2d3-8906cf68334f	27.716	fast
ce57ca2e-ed5e-4360-a30f-8cf7ff1654f8	25.321	fast
ca847b17-3642-4bbf-94b4-ac8f11456254	24.736	fast
95c34218-a289-41b5-b8ff-d5ebba0beaa9	30.473	fast
b9cdb533-8149-40c5-a4e7-21d4d921199b	26.927	fast
c64e6f56-96d7-4d5e-9c33-13c4c71b4e3f	24.799	fast
ba78c2d5-6be2-4ec5-af31-c7a645cd2c28	21.512	fast
b1c9b948-3276-4c04-b5f7-52c302da3515	6.691	hac
27934059-fdce-40f4-ac4a-96d0383cbb03	26.688	fast
5d39c5aa-b7bd-4648-a6de-890c969f9d48	24.350	fast
b0263b26-3fa0-4a27-bd07-44e81548e8cb	24.632	fast
a1b2201a-b884-4063-812d-f85242b428f0	24.818	fast
1d8ee7d9-580d-4c9f-bb59-5cb3bfae35d3	19.614	fast
5d2c8248-eb19-41b2-b2bf-9e1fd6177787	8.553	hac
c213f131-1e61-40ae-ab99-a9ad51bcdb4b	25.225	fast
767c8295-9944-45aa-afb1-2fece31d6833	25.797	fast
a9b52c6c-913f-485f-82c3-82237320c018	23.049	fast
2a113b5f-1123-49c8-a38a-9cc4e790189b	21.245	fast
63d9d9f1-29c6-4f11-91b4-7d64bb3b3f26	22.070	fast
c7570e66-4437-41ce-904e-59c6b1f80335	18.261	fast
4238b06e-8c3d-4b24-bc3f-099f75d8e9cd	21.023	fast
3edbbc40-9fb1-45c0-aae6-f05cd7ec0925	24.444	fast
14dd984e-aab8-4011-834c-8125b2f9a26f	6.734	hac
cd6b8d9a-8a69-45bc-8656-a903d01c00ab	20.453	fast
cd65da88-c1f8-43d4-82ae-78a5fd901702	18.887	fast
873c3050-4f03-4b0d-8d2b-382f65c7e54e	6.671	hac
a0f0d4cf-c84a-451b-8223-29705cb69ef2	20.965	fast
9f15318d-7f17-4378-8ef3-375fccb82a8c	15.076	fast
057d8eb9-103a-4fc8-8a44-15b69de0169a	6.582	hac
65360d0d-31a4-4cbc-b16c-3d3347a55505	20.937	fast
32820b87-748e-4081-be7f-122216c328e7	21.347	fast
c51cbfba-118e-4495-84a5-2b25a8a3443b	11.071	fast
0a85ac02-ede1-4d51-b065-52f6e17edf51	23.878	fast
8339f317-e513-4e27-9be3-c2dbdb5ff306	21.838	fast
805db53c-66b1-4f23-add3-d47d37e4dae9	20.817	fast
fdcb461a-b5e8-4ce1-bb4f-d7b7852a251c	27.964	fast
540d4448-81da-4f36-ba8f-050d83a72d52	15.682	fast
dcdea367-e513-468a-82b0-6c922006a5a9	7.616	hac
7f49ebc8-7e27-4fa1-8aba-80e5e0651385	20.275	fast
5e9c9480-9993-41ab-a6ab-9e262368e69e	23.067	fast
3e7c09e6-be71-4f39-82e1-11a7711aef37	26.918	fast
60559820-c6ea-434f-ac94-ca9a98fd549b	25.635	fast
93a5f345-93f6-40a5-a9c1-0ea2a4a51d5a	15.160	fast
46fe9d05-f5a0-4212-8293-5c9505b5545c	6.873	hac
42999172-91b8-4ffa-8959-797197d4a91a	15.781	fast
eaad9e74-192b-4552-b746-99cdf8e09ac1	21.029	fast
d8036957-a949-47ec-a422-5c651513c76d	24.403	fast
7c89a179-bf43-42e9-9f4d-a05861924c04	25.341	fast
8b66a0f6-7842-4ed1-acc1-3410206f6b84	26.435	fast
18b213f7-6b03-46f1-9d8e-f100634c80ae	26.505	fast
90d35196-e074-4238-9573-040e33650111	26.272	fast
6500e6a0-97a0-45aa-a698-eea7e3d6a8c7	15.357	fast
d12b024a-056c-49b9-9d8c-a059bbb417b1	15.433	fast
c2513036-8167-4b89-b48e-d24c67c29c9a	26.085	fast
c1b97eb6-983e-478b-8a5a-3d49c3563dfb	22.385	fast
5b5890ba-2f64-4b69-bc24-c641b0eace60	9.833	hac
3f16efd8-d729-4920-9af3-6313b9111eaa	26.036	fast
54f4b333-693a-4385-90ff-0b9e0ec32eb9	22.268	fast
4cf7cdb0-f2f3-41a6-9d58-c24b74e9cac9	18.259	fast
aef79d66-d80d-40f5-bad2-5dd2c8c0127b	9.374	hac
575547b1-90fa-438c-b880-15b565c548f5	21.753	fast
9fbc56de-9b8c-42c9-acdd-e5bc3ef10eca	21.561	fast
d87d9e8d-5408-4efc-a304-b6247d9bc7de	27.832	fast
2d73bf74-c817-4dc3-a9f8-b32cc6d1f487	23.455	fast
9a62c309-22ad-42b4-a2ae-75d44e794470	19.251	fast
e3b6654a-1f9a-4215-90b4-d9de7bca21a3	21.404	fast
5a40e3d5-755a-433c-b927-7d03014c5c43	6.470	hac
d091b7d5-675b-48c1-a1d7-4c4a1a89e820	20.955	fast
3a49483d-f43c-4d10-9ced-d1e3f9b6abb8	22.788	fast
838fe538-4a40-4af0-be95-959e9cd8f7a7	26.683	fast
215ed4c8-caae-491f-aab3-50cb4e338267	26.103	fast
81a2bd0f-95cf-4f6d-a7d3-bf1411c302f8	9.734	hac
a0c70f66-46dd-48f3-8328-c158172a60f0	16.216	fast
1ad75816-60b3-4998-9d52-ee73c69cde05	10.838	fast
cab77f25-55c1-492f-a04b-06883cc30ec7	7.318	hac
7d437f00-616e-43cf-bd1e-027e2b88fba0	22.476	fast
3edbe4dd-f504-4e05-9aa7-be5a8c60dbc6	24.280	fast
0365f279-26b7-4c03-b57a-b5dce6b1259d	24.517	fast
53468647-0013-4c33-8277-b445827b188a	8.708	hac
07fb9838-d270-4676-a60d-f94290fff49b	9.056	hac
e65a979d-9736-4f5e-a661-13032d151f13	29.407	fast
fc958547-e13f-4c8d-8752-3fd0f0fa8273	21.693	fast
53a06325-fbdb-4a00-a76b-e4029ec9fe52	5.780	hac
19af4fca-0ffe-48dc-a734-12ad9ab6948c	21.024	fast
0d62a08e-6ae6-4282-b8c4-5497bd6847f9	12.817	fast
7a836b17-a95d-49fd-9e4e-f95d18c7c974	24.561	fast
06a2e75f-d7a6-459b-9b8d-963bde209c8c	6.400	hac
a592e4f2-4d12-4f08-9ae2-283f9f523961	24.165	fast
5282f46f-4266-4688-ba33-59948cdb9e9a	20.650	fast
64a7a072-ccee-4c10-a4d3-41ab4bb519dd	9.096	hac
08db7c94-3617-4843-8c31-15d8e08e8fa8	8.928	hac
a0f1987e-8228-4970-ace4-4f55dd8bf7f3	18.360	fast
48fb289e-6d4b-4e29-86ab-822ed13318c2	13.035	fast
d2389f65-00e7-4900-a3bc-43b2d25a86f9	27.277	fast
273aab7a-5c87-470f-9cc4-0c6a3a564fbd	21.289	fast
bf41a8b9-8ae9-42a8-b525-67c178f70cf3	22.115	fast
3a37ef85-b7f9-4d5c-baff-981e1d73bc77	11.128	fast
03ce0e10-8414-4746-9ca5-551aab5a7282	17.995	fast
71c2d392-c605-403e-9e73-d936f6213c92	11.023	fast
5aefb074-4e85-4a20-8c35-ddb5dec071bf	25.081	fast
8c9ec48a-2d42-4b3d-a554-a181251dd943	26.293	fast
da017b23-e52d-438a-8e50-4c6b2a49d435	25.670	fast
0eeef3b2-f947-4c9e-88e1-133c0c5c8c00	18.742	fast
13cef50f-1eaa-482a-a5e1-3eede0360cc8	6.865	hac
3be653cd-e167-40e7-8584-bd208acd51d5	22.411	fast
3a7a91d5-432b-43d8-976d-ffd57b8d613e	22.421	fast
8287670a-c950-4058-bf66-1eea3f1e60fe	27.844	fast
0a8f9c78-97f5-405d-942b-090641cc18fc	9.865	hac
faa0c30e-9565-41de-94fd-f6e4231aed78	24.471	fast
582a202b-4884-4588-a60c-68580ec01357	21.210	fast
29ca35c7-47e8-493e-9014-dfd5423146b1	21.214	fast
89c4446a-de51-4275-ba09-d17961c5fc9c	9.190	hac
26e27431-85f2-4a64-a132-4e7b288fe561	21.358	fast
a438f56c-3493-480b-8971-9db267090b70	10.847	fast
c2c007ab-ca40-4548-ac51-3eb8a7459428	17.550	fast
ee65abb8-ae99-42e7-b01f-8396aa9de294	25.086	fast
07949d84-5b26-464b-89e2-bef373dedcf4	20.827	fast
aa8eb0e2-ff88-4927-8a7a-fb737257ed5a	26.418	fast
ef1336ab-c3c9-4225-bbbe-f5f7e2b0403d	24.015	fast
36dd455d-9615-42a6-9060-e6517575d041	21.847	fast
71a73399-070b-4dfd-a043-1b09edede259	25.422	fast
5c1d0b31-d8f2-4ed1-a6e8-47ce9462489d	24.780	fast
65e1ec50-a8c5-4144-9924-1b5832c04ed5	6.865	hac
c48e83cd-bb7a-4f92-9398-9e889da5ed79	9.603	hac
68010004-4f88-4775-a948-4cd8864bc157	20.417	fast
48428f01-92d7-49e1-8bcf-599f2129c733	8.503	hac
64c3b863-62d1-4cb8-bce9-7fcc61276992	23.418	fast
66c7752a-e2e5-44bd-9e8c-09d5ae260a65	23.889	fast
b98bc872-e821-4d3f-9687-ebffdca3f326	24.849	fast
e36aeab6-8206-4818-9d66-be245e2be8aa	21.062	fast
0dcf7ca0-8804-49cb-bc9d-c89ad02099bb	25.391	fast
6b545e1d-32f8-49c8-9ffb-3c421cb29041	21.435	fast
514e3710-6bfe-4cdd-843d-c13e23c41bba	24.982	fast
343df8c6-71e1-48cf-a525-ffdc12f94153	23.909	fast
6cade4cf-de7e-4288-919b-3b6b6075d8f0	25.473	fast
ebf80043-5874-4ee2-80b4-78fddb519c88	23.084	fast
8e396c44-5500-47cb-bc88-1a402c93ccad	24.316	fast
875d012d-4d61-4f93-b709-1ce5c5a98d8f	17.723	fast
3568c824-61f7-4a9e-875e-7d0f8b63b369	8.294	hac
748e2a04-f907-43e0-b6cd-dcd6004a18f7	23.240	fast
298b5f70-b4e4-43ac-9e76-fe2af9f82c8e	28.506	fast
fc983a02-bbc6-4e70-bd64-3ffd48cd881d	25.140	fast
f7f03635-379c-4f28-bc8e-25986b5b5f84	7.756	hac
f9e0dc66-1c14-4681-b3eb-00666c7138b3	24.335	fast
4a024eda-77f9-4beb-84f4-35ee972ea930	18.563	fast
abb17076-2e3d-4855-b462-9f23c932e925	22.732	fast
0e0aaecb-db50-4121-a6ba-b42cf4d1e606	16.608	fast
bbaee53d-e324-46ab-8be2-35902fca3258	27.055	fast
d7d9055d-c296-48fc-890f-821a1f9448d5	6.787	hac
0fee86f4-4fea-4b6a-b009-248277e538ce	10.480	fast
bca3fa19-1021-4984-b61e-4b284136a58a	19.850	fast
623121d7-b056-4ded-b9d3-24b9c513cfa5	23.359	fast
60fdd5c2-7a9a-4e7b-ae9d-a5877686e8b2	17.080	fast
dd433442-7644-4891-85a3-e235a75f4188	25.560	fast
06a0dcff-2650-4b59-8b30-2350e04277ed	26.255	fast
84baa342-6430-481e-abd8-28b2e853a0c0	19.288	fast
1d06473c-44d9-4a8d-a17d-f3fa8fe29ff6	22.088	fast
58460823-cc33-431e-898b-11c019b366c2	20.866	fast
caaee321-94ce-4e71-a1a4-f0b41d1c8313	9.822	hac
2ddd674d-7cd6-41fc-af04-95b9d1c80569	19.559	fast
cc8cb003-2d08-4fa4-8518-9da07a56348d	27.004	fast
e7412ce8-a818-466d-a2b5-e8e77d55d6e2	13.258	fast
7e8f8f20-3621-42c5-80f6-f9df3913b99a	25.182	fast
995eb46e-6d9b-4c7a-9e4a-b3c03bb76ff4	26.920	fast
4517e376-b723-4066-adb5-4611fc9322ed	29.885	fast
ae5b67ed-4e55-474c-8c67-ab53a8b506e6	24.043	fast
4c163699-17a8-48bb-9c78-59f0c9cbdfc6	21.517	fast
3211e35c-4808-4991-a13e-a24c5ac76b52	11.024	fast
305e8a3e-2035-48d9-bf89-ed1baa6f7dd6	26.936	fast
44a020a9-4065-4590-8e99-9d16762278a5	25.782	fast
6770fbee-a99f-418b-b760-04c29b8504ba	16.529	fast
50f2b845-b4d9-4003-8ac6-a978ba6c446d	9.083	hac
1ceaf30f-3e00-4c68-9647-7ac45c87e520	22.756	fast
7c19d610-1919-4b4a-8db5-952912e09dc2	7.831	hac
66fecaf2-781d-43b1-94d9-3d3c2ffbda2d	15.348	fast
dcabe668-6c6e-4875-9a55-6e4a965b79ce	24.196	fast
583fa672-19e9-4490-9459-2ddfacbf0003	21.002	fast
234edd21-58d8-4b32-8b92-a2d7136eb892	13.832	fast
b5324464-e140-4bce-b9d9-d4978b0495d3	23.205	fast
929c5aa7-4e88-479b-a3da-215d4a1c5cf2	8.592	hac
d5d511bc-1fb6-4b7a-a64c-2cebc17aefd4	8.265	hac
0ac63d5d-eb15-4b12-8c1e-71627242c637	22.200	fast
aa924a1e-da29-428e-9b7f-ab7884ebfdae	25.469	fast
b4e27e43-7fb7-47e1-8b41-8af7d7f73e06	27.342	fast
ef7e99bb-0376-4b60-924f-dcf861d55dc0	23.218	fast
affbd1a5-4f97-435b-9453-f193f4cb689a	9.257	hac
7740ad55-da5e-4ad7-8048-12bfc2e9a1e3	8.825	hac
ae6c10f2-3f6f-4295-9c7d-01aed0cb89ae	27.938	fast
c45a5be5-4cf3-4a02-9aaf-6e0e8e5e3dd1	8.242	hac
516ff268-39d6-4a63-97ac-36522ae268db	15.524	fast
35e9c58e-6c63-430a-b5ac-0d78f3ba09ac	8.790	hac
605a0507-8562-4404-8fea-818860f391fc	9.835	hac
f05225de-a6e5-403e-9cee-10150e62038b	8.871	hac
164152a9-ad60-44b2-840d-75bf062c7505	9.145	hac
94acf2c2-950e-4d4e-ba37-ccd14d48864c	8.641	hac
79b4ab4f-b8f1-45b8-863f-c76fa80d49bd	26.876	fast
b4431a2d-2856-4bc3-bef2-748301cb7b31	25.965	fast
02b583aa-4c32-4989-af75-025a74637f22	23.399	fast
ae007695-c1e7-4275-bbb8-e2ad1c57dfc5	26.430	fast
e21ad006-57d5-4981-9b9c-c93d85798096	17.054	fast
2487b12f-9ba9-499b-a1e2-f3d47df1a7e5	12.913	fast
919fe994-0a83-4bb7-994e-ee7b7471d045	13.330	fast
c467ae6b-ef77-48e5-a1d6-886087d11416	25.950	fast
ece2e72f-84a1-4cfa-81cb-a65b49193ef5	16.655	fast
ffc4ca03-6505-4aa7-b2ac-8bf840905310	25.660	fast
83ced970-7c7d-4230-b8ac-188ed0bcf794	25.302	fast
9af2e384-570d-4609-98c2-c52242207426	24.378	fast
7756e981-35bf-48e4-adfd-1815a135aa71	26.252	fast
50c3c188-3c6b-4491-95a6-a30e69b4fed2	27.855	fast
f4d1a4d5-99ed-44f1-8287-3acb11f14762	24.859	fast
83bfd70d-5471-458e-9e25-ee8af6f078f3	27.359	fast
02fe669c-2910-4b66-8274-1e49c1df4035	25.101	fast
ea7a17bd-2557-4605-a952-ca330c6428eb	25.097	fast
50b4ab37-ceac-4940-87d6-de004aeedce3	13.724	fast
550a1642-71ad-4c33-9c92-27c9c230163f	8.658	hac
d5e24258-869d-4f48-8529-0956fdf7d240	24.103	fast
aa181153-5854-4cac-8b16-7b5b94823607	25.939	fast
b9de1478-bacb-4e35-930a-c186adebb70b	15.808	fast
9eff0ee9-b344-4c74-bf48-09bdab35be7e	27.622	fast
76237a52-f514-4772-b5e7-7fa50b94151c	23.661	fast
fcadddcc-24d9-42d6-b2ca-21f0af22348f	24.053	fast
920be8da-7948-4a45-b6aa-7fc544f21a94	9.536	hac
e88a3d63-aaa6-4b27-b4fa-491aeeb4097d	22.271	fast
dbe0bad6-f673-4f35-bad1-e9b79d4e66d5	8.958	hac
90fc5bef-7401-4e85-add3-502160d23f29	28.249	fast
fce28110-bd0a-4ca3-9625-eaac2a92427a	26.676	fast
a1384fb0-c144-4ea1-ae29-65eafcaa7d68	25.572	fast
56d49e98-eb0d-4280-b7a8-3a74ac4b3f77	23.859	fast
f1ac9df4-8a84-466d-9a5d-b613b1aa98f3	26.848	fast
941166e5-5e44-4faf-8928-e57aed0d046f	21.222	fast
20a1ad46-d1b4-4d9f-a047-6e8f55898e2d	22.542	fast
ab47dbe4-b75f-4194-9109-4509d587cfb7	6.046	hac
c21bc2f1-c864-4e95-bf12-9896d58d92ce	24.608	fast
11ede922-d2bc-4368-9adf-0a58432f571f	21.499	fast
547ba128-488c-4ba1-82dd-2d0a089d495f	17.606	fast
d3332048-25c5-46d3-bab9-2e73a16e5874	30.200	fast
ca1cadd2-d180-475f-b549-c8c7045bc2e6	20.530	fast
531186bb-70a3-4614-b4b4-05bb21cbcd70	14.864	fast
a1142efd-410a-42ea-aff9-d2b97285529d	23.822	fast
50ffe5e0-1ff5-481d-9e69-e1b9dc59bd6b	6.525	hac
b3d2e6f7-cae2-481e-87a0-d3440c09f4e1	19.740	fast
62e86716-a1ff-4b45-bf1b-a84175b472e3	7.063	hac
8694e8e9-637e-4c08-bf60-94d79f270298	25.004	fast
57a738db-f896-45f6-a0b8-6676f8006d98	8.871	hac
bb80fe96-1090-4c45-8587-631d216e179d	15.539	fast
ebf9ce91-3e8c-4c6b-88b3-dd8fad5cee66	25.304	fast
a645ff7a-a47b-4c3f-9a55-23a2380705b8	21.384	fast
85971827-dcb2-4b8a-8665-65139435baa6	9.017	hac
db6fa712-47c6-4b0c-a410-7a3b6423664e	26.128	fast
f878935b-2937-44e3-8f62-e82d5ffad2b2	24.073	fast
55821c55-2a0d-49a9-b4d3-b664b7137723	23.957	fast
af868850-c4eb-465a-bf60-16cecf089e6d	21.786	fast
2e08ea35-b95a-47a0-b361-2ae1914968ce	8.713	hac
4452b9a7-2cd7-43dd-85c9-3de51e24f891	24.119	fast
17bc9bcc-7332-468e-8167-40ec1408e9ef	27.870	fast
cf945ec8-a6b5-4647-8c05-bebaef7fb6f4	22.272	fast
79b18791-2e3b-4780-8885-184a504baf6d	23.001	fast
caab531a-b722-43b1-ad57-f1af7cfb92a3	24.289	fast
5b6384b9-5298-4a26-877a-73927aa602a8	24.510	fast
242168c9-7cbc-4811-aaa1-a4dfe8239347	19.573	fast
ec5bf345-98c0-43f0-8c89-c2268b4e67cc	5.990	hac
3c9e8533-0185-4772-afd3-cc23c5502293	8.730	hac
bb0e9a67-79f9-43c2-9407-20ff10f9383b	28.210	fast
3aaf0e41-aabb-4230-971f-c397e49729d1	9.265	hac
890f5f54-721c-41bc-be58-98fe11f3eb72	26.091	fast
c7fc24bb-b74f-4cab-bcb7-758e2ac1d4b3	24.730	fast
999d45f3-bac5-4610-95ff-aec8b29c2f0d	22.295	fast
3924505e-5f8c-498e-9700-3058387caffc	26.534	fast
19b671e8-4cfa-494a-9add-219cab3afba5	8.526	hac
797bf2c0-f522-40cb-9db0-0408aa40a45a	25.717	fast
1c4572a1-7a36-420f-83ac-f6ba6120764c	22.141	fast
a4e15bc5-b0c8-41ce-a22f-520751f3f036	25.577	fast
00462ab2-d560-4833-91fb-b34a9283bb40	23.069	fast
f8f7c6b4-eed1-4158-8344-9db3d316a4fc	23.128	fast
dc9f99af-09ef-4a6a-a35c-61eefa54e57d	13.310	fast
3bbed432-20ff-4eb1-ae6b-15a149ec464f	19.839	fast
41ef328a-8c30-4e8a-9070-4049fb6f0738	19.252	fast
25ece244-7e41-4433-ba60-37c15cef9c08	9.081	hac
b3b7dcd3-18f0-470d-8b71-af9b4f98fc2c	7.314	hac
a984608a-46f5-46fe-be47-9ac690c7a50b	17.510	fast
1f7727a7-a8e6-4c4c-b25a-6c032fbcd1bb	8.383	hac
da039eca-fbdf-4e1a-adf6-b73dd9fd1b95	17.010	fast
eed8af75-2cdb-42b5-83af-c87a7c7889e7	7.878	hac
57daa9ba-5331-4b29-8faf-7aef4683fc07	23.281	fast
62ac3f6b-9662-46af-95a9-b2e4e829ceec	5.594	hac
547dc658-827b-40d8-b45d-db670db85636	17.509	fast
f5b49616-1729-416b-a965-1fc3e7ee5a4f	22.064	fast
27a8d07f-a52e-4d72-a922-4d7d142dc161	21.853	fast
93a70a79-99fb-4dff-9949-de83f642a9ba	27.375	fast
a3b39d7b-d533-46a8-a33c-745ea6acc196	23.445	fast
0b05a8a1-cfd9-44cf-ba0f-067cab422cb0	25.280	fast
54381ff2-a097-4055-97f3-9ef7d0525280	22.137	fast
1aa858a1-94f7-466e-b66f-825450e95a7b	25.455	fast
94250a3a-2292-436e-a6b0-86bb4973c33e	26.221	fast
996833bc-8f9e-4e51-9868-4880c02f3659	24.435	fast
aca90048-9d54-483d-bfec-b98b852dbcdf	9.499	hac
5cfcecbe-ca3a-4269-82a2-ef1e26aaad58	23.898	fast
a2124714-4d63-40a7-bb9d-2aa8452cb374	15.331	fast
bf77255d-ec9f-4ab1-9b66-e26f8458cdbb	4.682	hac
a05e0adc-9f70-4882-bcf3-1ebddd903223	25.320	fast
52dde755-09a9-4c41-8405-522e10ea9a5a	21.362	fast
d701c71a-7732-4cbb-8f67-d126f226cbb8	18.703	fast
ecd91e04-6a2c-4e52-a837-f1ae06837d29	17.163	fast
8113e736-a64c-493b-a1db-f4d75b18c76e	25.372	fast
6fde1fc5-4f0d-4da9-b4e3-0bfca1fb3381	21.589	fast
ff0bb664-4fd3-41f7-a538-5ddc4df58474	25.389	fast
4b3856e1-917c-42ea-9145-ce67c7c88606	24.080	fast
389bb7eb-748e-49ec-b646-b5145487812f	19.392	fast
0e2d4ba7-52d9-41f0-bfde-e9b5986e8cd7	21.166	fast
706a6021-e953-4ee1-964e-4fb6127d1fb0	23.399	fast
d2ac3b00-3614-4609-978f-7c5ee710a55a	9.869	hac
f937266e-214c-477d-a7a9-7b5e2cb87eac	11.169	fast
33a46742-d1f9-4f76-9cd4-63e7a73fb76c	8.162	hac
320d90a6-6869-4d74-a44c-6bd7521962cf	26.017	fast
adb2917d-e8d1-4b91-915d-6920bd2554d3	9.181	hac
fa4fa1d7-86db-42b4-8d7b-100c5cdd5a23	4.824	hac
5ab52ac0-7b99-47c6-8e77-8486136f777f	24.692	fast
5f01b7a0-ab85-42a6-a415-68df514cadff	27.315	fast
1761cf3b-04f8-440b-8247-316b9e3f7d2e	23.067	fast
466e687e-b1ce-499b-99ca-5cb96f5bff74	8.657	hac
f610b2ab-feca-474c-ba66-29abb03f9e68	8.358	hac
fde616c1-d076-44e5-b58c-765ae954c7a0	21.625	fast
01918378-818f-4262-b7fb-eb530ccfd2cd	11.826	fast
ea9546d5-53cd-4a5a-827a-25eb1787c56e	21.664	fast
a4d86f55-9793-44ec-ae79-ac1545ab1597	9.747	hac
3a2f7cf2-bef1-4d8e-96f2-792a99d509dc	24.510	fast
36b3e154-b105-4c04-beed-4601167bb56e	9.742	hac
5b175dd9-d067-4a43-a8d8-2c998b221003	20.364	fast
21ee01d4-7dae-4f63-b9b8-c41a565832ad	22.384	fast
da233b78-5882-4b6f-ada4-6925e505d056	7.007	hac
bd430b79-9c4a-4311-85d5-42d7cef6072f	22.032	fast
328b4c1c-54c1-41bd-ba84-1e3aee5b6e40	25.730	fast
95baa6f9-efd8-4a72-88a4-f56b40f4d55a	8.310	hac
e110638d-21df-4514-941b-f30053810746	25.178	fast
9039fe07-2bfe-4b25-84fd-e913b7d83335	27.799	fast
3cb7f07e-5df0-45f3-8c99-cdafdfa42357	26.245	fast
7551bdb7-70db-40fe-96b7-8097ba7f7004	8.149	hac
6a03fcfb-2a71-4029-a689-3890cbbee509	23.919	fast
4db436fc-53ed-429a-9477-d6d9df68fdb8	27.086	fast
bf6ddf93-abf6-44f6-9e31-aa73fac72611	21.793	fast
fd38a026-f5c4-4f88-83af-b97f2dd3c8af	21.496	fast
6adb8dee-cfc1-44c1-9c9a-b25e085e17f3	10.823	fast
38caf3fb-9f04-40e9-b159-9d17a07e9989	24.537	fast
41bd3704-d01a-46b5-a660-6096ffa3c039	23.765	fast
e234931a-86c1-4423-8718-aebd179d0639	23.759	fast
3c9e5788-2cee-48b8-88c7-16a3e0178562	23.037	fast
6ecc87bc-7b8e-488c-a13c-8624fd53fe3c	14.060	fast
10eb4639-6c59-411d-9204-b9d1f745a105	19.480	fast
db54da8f-5d48-4d16-825f-1b0103d476d1	20.986	fast
3f449459-1e1a-4abf-b293-d25fdd7c9207	20.195	fast
2fa8c9e8-3991-4300-8b6b-33a0ca5b2db9	23.503	fast
cb7ca007-b6f6-48b6-9cc7-28dffe4238c9	7.999	hac
3781d40f-b2f4-4134-a593-66e344757189	25.013	fast
fd767778-b10d-4677-acc2-da4325ddc9ec	11.649	fast
b1e85419-4722-4cba-a4cc-96ec62fda121	20.650	fast
ace740f2-bc47-45ab-a32e-f4efad8e6cb1	23.771	fast
fdbbdba7-822a-4648-954f-5ffd2dce6780	25.078	fast
bba666be-4817-445b-ad73-0f60744943d7	18.902	fast
cbdfeb28-7b30-4676-b450-9dba93663c44	16.757	fast
dd0d8124-b9e8-4580-af39-8de7a3b06b3b	27.423	fast
904260df-b31e-4ee3-a088-ed20e1595cc4	28.598	fast
a71021a6-3931-486a-a8c9-2a88a8a496b7	22.597	fast
b3d63f59-2410-42ab-90f2-cef119f6397b	15.090	fast
e9687483-4089-4390-b9f6-2c7d9403025f	17.181	fast
ace21b26-675b-47ea-8ea9-4b391dfe2b05	7.192	hac
f31f09f7-22d3-421d-b675-cacacd14b66d	25.174	fast
82116c69-03a9-4ece-a92a-9a8abb46de5a	25.105	fast
94e08076-c1c5-41ae-8b5e-3e19ee099067	23.057	fast
8b5ce909-282f-4d0c-921f-7578e21b1f49	22.112	fast
234abdf3-d00a-4fb6-8685-01d78812b91e	16.800	fast
d631ed28-96b4-4c54-b810-2272be4e00b7	25.536	fast
d069382c-7bb5-4d1d-b2f4-172c0ce57d43	23.352	fast
f0093a4b-a16b-420e-8b32-fb5be77bab8a	17.744	fast
2383db84-6df4-4b19-96e7-4d67ca6e2188	8.727	hac
a03ef706-dc5e-48dc-8e84-ab53e9cd427f	24.725	fast
c51f5ca5-ba19-49c8-b10d-54860d104e76	28.448	fast
436f2db8-f6d6-4922-be52-46ddf263bd7f	23.512	fast
999bdef9-69e2-4422-8efc-678988bbdf3d	7.604	hac
0375109b-529b-4534-8f03-433f5666f8b9	27.492	fast
0e67d969-a9dd-4ed8-9ca8-aa8f4b16bfe4	7.231	hac
86f8e5ff-f0c5-4c67-a95b-1aacb6ef5922	27.605	fast
9397068d-c3fc-4259-9366-39806ff8b5ed	20.552	fast
c61cd232-8220-434a-ae11-069f3fe8185f	11.028	fast
1585f772-4a84-4668-9908-d2cd336ec991	24.901	fast
bef6bd7c-cf35-41a7-8e69-66a7351b13bd	25.319	fast
dbce2bd6-41a9-4062-ad41-5817f839a7c8	6.762	hac
7c263a2f-2b74-428b-b57f-cf54aacfaee8	26.298	fast
a8de87ae-0838-4c77-a2bc-5519deab8e93	19.268	fast
605fb953-c13d-4373-ac4b-e9240bd98a6d	24.956	fast
27c41a86-8819-48c6-86bf-c0519cdbd9dc	20.274	fast
302f7804-843e-4d53-b994-746789ea5a8f	24.045	fast
37fc9cbe-b5b8-4063-bb0f-220aaefab3d6	8.805	hac
9bdd1374-f451-4ed6-b1ad-4a6c330ca9a6	12.750	fast
9e96cd10-1e6b-48ad-81e3-30c8d991b2e0	24.588	fast
794a0b6a-68ec-48de-971a-9be7191a80ac	20.582	fast
509ab01c-2c02-4c8f-94c1-7bce533a095f	22.949	fast
2db68104-e7e8-43fd-8292-e464c91ab61f	24.917	fast
f08b14bd-545d-4a23-b1eb-05c77f918bf8	23.898	fast
652c7a10-9447-4d22-a7a5-179f99f1326b	8.984	hac
6232f837-77bb-44fd-9a0a-49ecfc5b8e82	22.072	fast
5a159533-cb6e-4100-9f40-19783ecd06ac	27.074	fast
084e297a-b92e-4835-ac2d-e504bb209190	23.852	fast
a3f218a6-a91a-4b3d-b677-ad6729e3be00	18.910	fast
2c7b3fc3-554b-4524-8309-f1d5b6a2a5e7	23.813	fast
9935c1d0-88c5-477d-bee2-0fdfcae60c3a	15.367	fast
d37c1353-f746-4cd0-bd46-996cc6a52d34	25.133	fast
ff4c1122-85d3-4bf6-9ecc-d1dc731bc3a2	9.355	hac
ed9d6ca8-e5c3-49b6-81b7-13c5b857da94	8.454	hac
392f9155-0194-4e13-b6c1-6e725823d222	24.478	fast
42cbfdcd-520a-4955-8817-fb8e761ce6f4	7.901	hac
1150eea0-fdb9-4e5d-ae9e-c73d8a21f5cc	23.139	fast
a0c41185-a086-491c-bb14-a5f3941e023e	22.002	fast
e3c7fb5f-ab26-4e47-b901-0abc8449c9c9	23.706	fast
b5b9e00d-7f03-4017-b2ff-e5d3deef65e5	20.942	fast
81daebab-ac27-4b56-a4ef-b260fb92b4f3	25.734	fast
4e54f5ce-c8a4-4330-832d-aef211b979f2	24.327	fast
01762576-5bb7-4d33-8d0a-99178e7754aa	23.828	fast
cded92d4-75f4-4c63-80b7-ae35b0d74fb3	8.033	hac
a9ae1b71-25e0-4cc3-9309-0887e1efbafb	20.861	fast
ecc10607-3b06-4a95-8ed1-3a89937ebaf8	25.384	fast
cd3495d3-e5fc-4b30-bcc1-1c5dbfe14d46	18.428	fast
7e6e54c7-8592-4d84-b715-979a54bea617	21.949	fast
f62107e1-8de1-4ead-9239-9a6d8bb3f5f1	24.611	fast
a29bc271-3ea6-4b6e-aa56-39abdc695c56	7.717	hac
22c735b8-f3ea-4cf0-babf-b83bf16b2144	12.497	fast
a76be404-d27b-4ad5-a975-33e82c4baa33	27.713	fast
a8fcad86-c27d-48ae-8239-08aa98168c58	27.096	fast
3c0c659c-1a15-4291-a478-69262b5ce371	21.706	fast
cee1c4f3-4a50-4add-a7f7-655894574349	24.582	fast
ad4741a6-29c3-418a-bc02-6cd068cc65b5	23.486	fast
0260b6ce-1def-4105-b63a-d2e9547562a2	26.266	fast
0d27ce2c-ead2-4c66-aea1-577a24449922	9.149	hac
3eaf5100-44e8-4012-b719-517056f36148	21.252	fast
a9e20e49-5b41-4726-b887-24918b961065	25.081	fast
1ce8c249-9150-4066-950b-e0e97d651889	25.339	fast
c572ff92-94f6-4308-ad5f-0a40a066a3f7	23.500	fast
4ce2c9a1-b0c9-4fd3-b69a-bead7ff276c0	24.278	fast
a088661e-0762-4f2c-aa3c-9a7e335f9b05	25.031	fast
e165db71-d860-49f9-bd43-8a364609525f	25.183	fast
a8ad12e4-cc7d-4816-8009-1dccd37a3e8b	26.744	fast
c98565da-c2b8-471f-a278-c16e0ef708d4	8.485	hac
6f4bd33c-8006-49de-b1d1-fd7bca72a57a	18.931	fast
0bd1f5d3-ff55-4e83-93da-9771fcfef2ff	3.300	hac
7fb79541-8532-4215-8bac-c20ddb097d3f	21.888	fast
1456bd1a-d136-487c-9a31-18ff459fc327	8.795	hac
e5742297-a331-4771-97d1-42b134fd9ab8	5.073	hac
cd02ac15-fb01-41bf-923c-17afe471a9b3	23.587	fast
1458c78b-2e5d-47f1-9bdc-619122d9793e	25.860	fast
0750d0a5-4012-4b6d-869b-0d4e7f39c8e8	24.652	fast
4e234b23-cf66-451a-85bf-d8d009324a78	21.678	fast
62de8402-e83f-40ee-923b-51eaa8ca9432	25.491	fast
3292f923-bbd2-41ba-b2c6-58577f6036d8	17.146	fast
b7ca9dff-4c8d-47ea-a86a-dedf57854d8e	24.717	fast
8d1f2695-25f2-4d60-a5ba-cf201a2c189e	25.323	fast
59165b51-00bc-492f-963a-02c8f055ffb6	25.884	fast
f2103030-a9f8-4140-8855-6bc103adc1fd	7.267	hac
6ad083e9-9881-49a6-a8c5-1b69d30178b7	8.548	hac
1f42a0ac-bb24-4559-8363-a8f821e96897	20.074	fast
ffc20b71-ec0e-461f-b08d-98859883d8a9	14.397	fast
6c1f9e52-7b48-41c5-9533-6b3f243889fa	24.806	fast
6cd17539-3978-43c2-bdea-7aa6375b1c22	17.959	fast
f8dda0b4-4e37-43e7-ba44-bededd771025	20.721	fast
44b9a961-6a4e-4d98-81d0-a4f4fe005346	8.906	hac
7268dbd2-1706-4e8d-b0ba-686b6af25e71	9.221	hac
7730276e-568d-45d2-aefe-4754126c5e23	25.806	fast
a04806ac-0147-4bf9-a44d-27ef0219777f	12.732	fast
c22b677b-d3cd-4679-85a4-bbabbf08d935	7.434	hac
eca9c897-a6f8-4bed-b781-c8cf72ec576c	22.388	fast
2344c0b1-bd60-4e13-99d2-3691d084a06d	7.953	hac
514f2a02-24f0-4bf2-ad1f-54f89bff34c9	22.976	fast
20b55e80-17ea-46e5-84a0-ce30a5dca36a	9.473	hac
3340ba52-0e18-468a-84f8-027df322c0c5	20.450	fast
86126e4c-e15a-43b1-a84c-5a7b37f6c8ee	17.305	fast
d9a1ec7c-57d7-4d78-81e7-b49bd29a56ac	19.034	fast
d40a3350-8d75-4e7f-9e1a-c085b1002c5a	7.192	hac
14e620d7-2ce6-4666-ac13-95da2731323d	24.938	fast
64c0cead-1170-4935-82c3-d961af9ca0b6	26.957	fast
210c1b5c-89fd-4196-8c26-6c54c92d87c9	7.673	hac
e5c56b11-0e6f-43f8-9037-52dfecb3da3c	14.148	fast
0725817b-22f6-4d7c-86e7-ef6c719c1bd4	7.978	hac
0fbd648e-28cb-414d-a73f-3a50ea5b89e9	20.919	fast
80bda906-8640-4cca-be9a-5a87085a568e	22.869	fast
abb5fe52-980d-4ce7-a141-bb422210df5e	22.798	fast
666ca8b8-f56c-4787-8835-2b13f2ea79f2	24.499	fast
54c4931a-54b6-4474-a481-e1e221fd5079	22.482	fast
4701104c-0cd7-4660-861f-9048c8671fe0	23.176	fast
790926ee-a1bc-4335-83c9-f117226b8e56	9.240	hac
d72ed654-d3b6-4cb2-bd14-cbcfbaf4cd20	10.412	fast
7d0436ed-6bdf-4f81-b6d5-cce957c433b8	20.388	fast
05f78564-dfc9-4329-a5cb-32b7d94ef410	15.710	fast
4b3a1fb5-8eb7-4b8f-9a85-9307f9f571d7	30.017	fast
a1c3b703-8dac-4e74-add4-549d3de786b7	10.579	fast
ac7d44fb-aa1b-4876-930d-293b8e59cc41	22.582	fast
85a5167b-0892-4023-96f3-bdbe01abf021	22.466	fast
468471d6-3a2e-4dab-bdde-dfe2bb9b38af	24.084	fast
2bf3b30d-a0ce-4d9e-b6ca-85010987b272	37.923	fast
e71c91e2-64ed-47b4-9348-11374ebec9a4	9.393	hac
25610fd4-6bae-422f-ba2d-23e687981b9f	28.190	fast
f1355a06-d687-45b6-b3cb-05d97151cdcb	25.093	fast
1c983f95-9bd7-4c4c-a5d0-f262fea97eb3	20.571	fast
19b41122-8889-4241-b0c5-3127b2593e9e	23.198	fast
8e6c24d8-abfe-4eef-b574-f82e016f720d	19.328	fast
f10cd37a-c92c-420c-b211-817a082f21cd	8.491	hac
5d451b51-f981-4072-a3ea-69244f733f99	26.198	fast
5f197305-8990-419f-bb1f-52e2f8aab606	24.292	fast
2d0dd0f3-348d-48d3-8052-0e82f898734e	28.331	fast
045d1179-c5f9-441c-9353-82e026d2cdc5	24.227	fast
333446a4-d5b2-4ede-9227-1f3db676744b	19.070	fast
fe83a4a3-365e-4ae9-b673-24653bf06521	24.403	fast
42d5d83f-930d-4ba0-b444-8fcc5c8164b5	24.579	fast
410fd613-e91e-4cb6-9d0c-65433c30017f	19.078	fast
19b60a99-36b5-4bc6-bbe1-19d9e27a6664	26.013	fast
0da1b501-488b-4a4a-b7cf-42886d2b4fb5	12.484	fast
72e39d04-c400-4d4b-88de-0ced7f79af00	28.998	fast
bedb28f6-f8ac-42fd-ab6b-4f2797d9066e	23.716	fast
f3bbc7f0-962b-4b38-a77c-f9460ebe08a8	22.603	fast
6b5bd322-2bd2-4a05-8ae2-c0a3741ae9a1	26.134	fast
a96367c1-1d8f-417d-8ed1-8c9e5b106351	24.138	fast
2aa14c2c-8874-4a44-8748-62596e9e7ded	23.443	fast
8b0a7774-0fd1-4b62-8e5d-6df0b902cad8	8.451	hac
384c4173-1c93-425c-8350-de61e887bb42	23.381	fast
02fa1ecd-7bfc-489b-8fa3-ba24296c6811	24.567	fast
f9527a04-cc12-48fd-9ffe-35fd79c1fafe	11.094	fast
8224f823-142d-4242-8502-acf9ba70c3be	18.210	fast
01afc0fb-d379-4c81-98cd-a3a3e4c77f5b	13.953	fast
1474770b-6e9c-4609-8bec-a2e80d83c0fc	8.324	hac
e194c471-cf0d-4e68-ac5b-62bbe0c96aae	22.332	fast
0ba5b9e7-8c6b-4a9e-8db8-ebec57426b4c	19.973	fast
5ffee442-cead-4ffd-9e3f-4a5b1c5463d5	26.438	fast
10b51305-0280-4718-924f-f8c97b38bf4d	21.395	fast
047f73ba-c4ce-48c6-96d7-002a5af85513	11.863	fast
bf5cfd8c-6253-4ca3-90e4-cfe5b639fa5c	11.069	fast
73ac20a5-ba1c-453c-8a0f-27bc72849d7e	7.262	hac
3778906c-db45-4fe9-a44c-3a5da9c31729	14.160	fast
a2d6a30f-281a-4577-8dc5-9a6eff655350	25.457	fast
4c952626-0321-4bb0-adbf-6f8b1dd15436	19.974	fast
45b94bbd-3f05-40bc-98b2-e22bee204c10	20.141	fast
259c9d07-4a26-45c4-8632-d87d5b680556	29.544	fast
dfd74bdf-0126-4244-957c-c9062c939cfa	21.769	fast
94700f96-2910-4bf9-ade5-d8d1ae2df686	19.340	fast
e6c8d94e-6031-4442-b05e-75358161127f	15.960	fast
2220c010-e4d0-45cc-8280-320a780851d5	24.545	fast
d5494fb4-0826-41fc-9524-473ab6697148	21.485	fast
b95b2143-6c96-4b63-9353-5eebac14fe01	6.078	hac
f5548640-b478-451d-8833-580b78cd8d58	24.533	fast
97cbb4b8-8f68-4172-ae73-6bc59f065332	20.355	fast
b37880ae-6e3a-44e1-b96f-9f7348a308cc	23.416	fast
e0647f83-cf2f-4276-97c9-8bea2c596449	23.640	fast
59dd56ec-2cb5-4d92-9004-9d21942412fa	23.793	fast
220e9a5b-20db-4a57-89fe-9e34307e33e9	21.265	fast
a01e5c02-3d77-4b88-a058-c9f9731dcfa3	24.534	fast
4df4b409-d62b-40db-b728-ec6a0df444bc	9.415	hac
e2326c95-2bb2-4030-9e32-234c56f4e0f0	23.741	fast
ba3afaf0-e7f1-4fe7-85c5-4049cb02fc71	26.246	fast
ff8e47db-a3ba-4e83-aeb1-4f5d54d89e40	7.890	hac
907419ed-fa3f-49b9-b692-4229a7a30a8d	21.177	fast
0611316d-08d0-444f-8f4f-530fa534a483	25.878	fast
d9bc3d6e-5384-4eeb-8f08-46079135f645	13.962	fast
f1b31a52-23d7-4664-b189-b01632a56c72	20.828	fast
788fdc02-352e-4648-9376-f54923258137	24.449	fast
b21b3885-5ec2-4ad6-9ad8-b2e5506e3d17	7.928	hac
5eb9c3e1-590b-40f7-b82b-1328432703ad	22.672	fast
dd858036-3a48-479b-baec-cb6ca0fc6758	15.644	fast
d1ca32bf-3006-4671-bcf3-fc3a23b93c17	21.897	fast
131df87d-6c62-46c3-9ef7-8e79847f0907	20.963	fast
9ca36015-b22e-48a7-a4df-c29d71608880	19.064	fast
c6917388-71a5-499e-8263-79e80f864c92	23.517	fast
f8a80138-7514-4690-8a5e-a32a00ead998	18.018	fast
21905451-8f55-4278-a82c-035174927f14	6.870	hac
b3d06ee3-71fe-47db-8367-409643a3cf5a	22.409	fast
57d62f51-c757-4221-906a-b4a81dc9de0e	7.005	hac
0bc3c823-8da2-49fe-8aac-bc59160745a7	19.292	fast
628b3de4-3029-4e9f-a757-4b58d57292ef	25.245	fast
ecc3a1f1-50dd-4437-a585-31e4c07c279d	23.813	fast
64640f4b-419b-490b-be91-cf76b71c6cda	4.953	hac
ee68c193-27d0-4ef5-a54c-1fe49f0c2958	23.653	fast
38a5f5a3-eb2b-4b81-aab9-97f7aa3dcd23	25.287	fast
3ec904ab-3e0e-49a8-90a1-2af19a12404c	22.164	fast
a78885c1-4bb0-487d-91fd-548d1e547dbe	21.421	fast
bb17a6a8-1ec1-43e4-8077-753599d98a20	27.911	fast
158f2ffd-de20-4026-8efe-5254f80b1cdd	9.425	hac
f458560d-7577-497d-89ff-20f834da49d4	19.703	fast
f5069b43-5f0a-40ba-85e2-eb64479fb753	21.768	fast
0a932732-17c8-4ff3-b34c-6cf46da61151	26.406	fast
bd175cf1-98c5-45d5-8218-4337f5702041	17.641	fast
03ffe3e0-e7e2-4bc8-b4d0-1bf140dc7ddc	12.134	fast
d4356292-56fd-4844-b11e-807755e4e268	9.178	hac
dea99fbb-72f2-46ea-a532-1f2b51d37461	24.116	fast
4ac5b531-d5a6-43ad-97af-3e05935d157a	25.340	fast
38b212d7-975d-4a42-ac5f-4bb7af2ef98a	8.067	hac
685562e4-e8d2-4169-bce4-eda64de38d12	6.911	hac
d5b2771f-ea07-432b-be3a-7c8cb6e47384	13.254	fast
379ec9de-062d-4db9-ba17-a8dc278834b6	24.592	fast
7240bf86-e933-414c-9573-75e72571404b	26.845	fast
d8cf9e04-0eab-4281-9574-c8885890d35d	25.397	fast
d1fc3270-1742-41c1-8724-f68261072686	23.293	fast
d830649a-97be-4811-8e66-d402db8b5fa4	25.910	fast
d46b02fb-b406-45a2-8021-6bfe2d449abb	13.006	fast
715c3c2f-40ed-4543-894b-9e378a30cde1	9.743	hac
4cf76119-4445-4275-91c3-d7d49f8a096d	24.496	fast
194a002e-5d17-4e1e-a3ab-8bad23412536	19.759	fast
d43eea36-d272-4f82-b677-3a2a008f3946	30.830	fast
a098629a-cde2-4185-8e08-12fdae20e273	22.362	fast
2627b09c-c048-493b-9fc5-984336ebe5e1	13.032	fast
edafdf8e-587e-42ce-815f-ddf5c8528a9c	26.438	fast
fbe0e0a2-bf73-4082-bb99-09b5cab3bc03	22.049	fast
35b44a51-90f3-4e52-b8b1-ae947d49e018	19.412	fast
93542ce0-bce2-46c1-a4b9-46bd851b0b48	22.032	fast
2027b8dd-752a-4678-b712-eb7f01b2d6f6	24.447	fast
3f225762-31b0-4320-b898-67ad929d4091	15.208	fast
6181415d-6309-4158-b8bb-6a6f345a7ace	20.623	fast
eb14824f-3b8e-4c78-8c7d-d59866898e8c	25.938	fast
f146a6b9-e9cf-43f6-82bf-dca79048d4db	25.582	fast
827e279e-dcda-4516-a386-8aaa9117607f	28.383	fast
f1c27c25-7e33-4ebd-ab09-5ccf66fabbcd	26.426	fast
e0b7754a-c28e-46b8-ba8c-055e4ce86ef1	22.047	fast
2f34b712-f3f2-423f-888d-1e20dcec1c21	8.667	hac
69aebd75-ebbe-491c-a440-0fdf3f81a4fe	6.394	hac
cf0eebf9-863e-4c67-865c-41438493b5e0	26.894	fast
603908c1-a514-4aea-9c98-863a156fbd7b	20.036	fast
349bcc0c-95cd-4717-ac76-6b6b3f30214c	8.986	hac
f004d7e4-b8b1-4836-8159-2717b5645022	28.353	fast
5b56fefc-5c13-4126-abf7-965fe887b4a4	9.271	hac
bc56ff75-da17-49f8-a4c7-4ae54d7a950b	8.985	hac
c10ee0f1-22ce-4b57-8cd8-9e2d65c2e35d	24.395	fast
9610624d-0296-4097-a80a-45156a89e3c8	22.036	fast
69f7a874-e9ce-490e-bbfc-cc42ff510093	25.295	fast
cb98b235-a5fa-4364-a4a0-54bdcff6eac1	7.764	hac
fd59c323-e6f0-43f6-864f-4a3ebba01914	24.662	fast
f20f7095-5a8d-477b-928c-c0fa096c3bae	14.814	fast
c00c6225-1847-4073-a24e-d337ada91d5f	24.797	fast
d497a46d-35a6-4136-acd8-b5c73a2417a7	24.770	fast
e2019d82-c70d-4b10-81da-a44f0a257aa6	18.986	fast
05b0b9e2-8a86-44ce-891a-12d9c630003a	14.088	fast
9f8db6eb-f689-41d6-8db9-1389d7508a98	8.192	hac
af5c7a45-504b-4db4-a401-0eb940dc90a7	9.907	hac
f08c2b58-240f-4426-a5a1-f42b210fe23d	16.975	fast
5ebdc70e-d3a3-4181-88c7-5f0f82fcc4c6	23.002	fast
af0b4cbc-9bdf-4e61-a395-7b305e0c28d1	15.890	fast
39cfef47-8f65-4b98-bf1b-4bf7a9083219	25.749	fast
b9f19105-7e12-46b2-a728-dd76518ed0fa	25.437	fast
08856b4b-7960-41bc-8b96-95a3db552a2d	25.516	fast
017053b5-b885-48b0-b7e7-5e695388213f	8.861	hac
4135ce74-ade1-462c-a2bb-c600691cad91	7.786	hac
23afb878-37e2-48ad-915b-af1ce3863068	17.753	fast
b19a9cd4-224b-4119-9d30-14a731c6bb94	23.525	fast
5fbde78a-d6c8-4a58-866b-b466473d8c5c	20.351	fast
81285fb7-f4d3-4729-aa66-b9d2e3fda48f	16.535	fast
0350f1c8-add0-496a-87ce-81cfc57c1813	22.712	fast
1e59144e-d31a-48d0-84c3-1e4868a907d2	22.500	fast
aa071573-b4bc-4f63-95bd-e000e13fdd7b	6.707	hac
2559ae41-15fe-46dc-886c-cf844ba7985d	25.588	fast
8445be43-deb7-455a-b61c-30fccc4aaf42	25.440	fast
aeed1229-6e44-479b-be72-9439deea6bce	25.010	fast
d11b9331-079e-4ffc-ba83-e9bb3282ffbc	18.475	fast
8083bdad-e752-4b90-a453-fb4ad0ec1ba3	25.691	fast
a0da2800-38c2-447e-9776-20dcc6140f57	5.724	hac
871ee54e-46b8-473a-9b0a-06e82c8abbba	20.451	fast
3c63c4cc-6eda-4ffa-9a60-6bc1ce52613b	15.955	fast
e6024abf-f954-486a-bb69-ea8eb0f92281	14.238	fast
6e47d735-ae23-4079-9950-d9302077ddbb	11.236	fast
d2536688-b982-4c28-ab1a-ae767b2c2865	19.002	fast
a7789fa3-36ae-430f-bfa7-a6ffb28e5b8f	8.360	hac
5edfd1e6-302c-4e2c-8b94-b81f7bf5617b	23.498	fast
649b50a2-b74c-442a-b429-929aa5ac5872	19.527	fast
aabc1895-c832-43e0-95d5-4c8184e854f1	9.149	hac
c6116c5f-585c-4dc7-9571-b6c3893acc50	21.318	fast
83076d4c-d272-4bae-9740-f8942e339ed0	4.650	hac
53218bd0-8426-4296-8cf4-73ce032fe3e6	23.641	fast
a8095435-f54b-4433-8fbd-fa1626127607	26.899	fast
1b223d47-cc29-458d-a0b5-9731d2e7811c	24.829	fast
2a97c983-7c74-4520-859d-887bc51ce9bd	20.763	fast
895b7cf4-5714-4be3-bee7-87480bc727c8	23.303	fast
f1be48f7-d95f-492d-8f48-e02231f06855	5.740	hac
4d5c6722-8729-461b-806c-d17ae77d7e27	22.716	fast
60d24792-f047-4778-b38f-cc027124fa7e	25.399	fast
3fa97cae-e4ef-41e0-a15f-89b94caec8b7	21.583	fast
64163a0f-376d-4d2c-b201-bf912a717e81	21.176	fast
336bde0f-2c94-48ac-8fea-fe32337f079c	15.134	fast
bf54308e-8839-4825-82fd-f981a13a46ed	23.245	fast
ec30911e-531e-446d-8560-078cc869c08e	26.636	fast
a28fd2f4-ff33-496d-ba6e-e15ca1da4b55	20.128	fast
7184753b-ce36-441d-b24e-ba16a074bac5	24.803	fast
4c574e28-4833-4ced-b256-f717fbf81e24	25.914	fast
7ccaeeb6-7743-49ad-863b-87975e0776e4	23.570	fast
b4ec7206-a4df-4064-be8a-9458e8c44a3b	23.433	fast
772011a9-7bd3-4315-8aef-6b91b7da234f	16.946	fast
741aacfd-41f2-4ef5-90db-7936a34ed0f1	8.985	hac
e63292a0-b45d-406c-b993-20692af6483f	24.334	fast
afffd47c-51d0-442d-a39f-435b3fd048d6	20.551	fast
b8a208fb-5fc1-489d-9d99-516f04b87d49	23.695	fast
5a5c975e-41c9-4a54-b357-c4a0221687d2	23.075	fast
a77bd323-e864-4a52-a33b-7d67624dd0d3	24.361	fast
8038f129-1d4b-4080-9063-d5326c6048cd	25.632	fast
f74040f9-ec62-4130-b8dc-77712569e7af	9.314	hac
d0a8ba8d-b29b-467a-ad5c-1a749a173c73	23.458	fast
0550b865-a326-4f36-a1bc-60d2e8381fea	19.296	fast
a63f6815-5b23-4c2f-bde5-64d8c895c938	9.849	hac
bae6b583-66da-4935-8bea-1e9251abb910	23.668	fast
5c614eeb-31f1-4a37-bfd0-cee88a23da37	23.044	fast
4c6db01d-3b02-48a9-bb51-9b36b75d676d	21.923	fast
386eb8ba-8318-4266-a57a-4f489bcc33c9	24.426	fast
eb5cd0b1-1589-4081-aed1-f45fe47c97bf	27.099	fast
8f78761c-cd67-42bd-b0b4-97e1753f31d3	26.936	fast
b5a5c91c-b042-4a52-9d19-734e65562b9b	9.222	hac
2fe38484-cf1a-4f3c-8312-aef717799803	12.224	fast
db35f278-7a7f-438f-a05a-fa443ec0e973	24.149	fast
863b03f0-b06b-472a-9dbd-cf09dc167d7e	9.473	hac
71d22555-bd1b-4eef-bf7d-8eb09be51268	6.513	hac
c05307ef-aafc-4728-ab81-5342ef860211	21.603	fast
1521cc64-c319-42a1-8ec0-cce6f499ae32	12.135	fast
ee2d974d-5e86-4671-83ae-299417c02e50	21.450	fast
32a5af40-fe21-41b4-81a0-7ff7b908a761	11.272	fast
cefd8e41-df91-4666-8d52-1c8cbd48d3b2	12.962	fast
e2091f0b-3076-4fbe-bdfd-5a553737c225	26.369	fast
e4afbcbf-07ee-43a5-9c6d-3fa1058900c1	24.568	fast
20b49ee5-ae57-4c23-b4f0-2cc01bdd8034	26.568	fast
14cb698f-a824-4497-a3d6-c264a8199fd8	8.608	hac
dee865f1-0a1e-4d0a-9d53-bcf715e32396	23.221	fast
7c9b3830-a24d-47a7-983c-83dda827fb85	24.049	fast
b56817d1-4210-413e-a362-e3c65bc0b0cb	9.573	hac
43d8cc1c-17db-4cc1-83a5-d260a4102327	7.772	hac
842c7179-d8be-4f82-bf1f-b26ea0aa0806	24.382	fast
c8c609d4-0cb2-4eed-b311-21085151c0c3	21.664	fast
3e569e1c-3120-4989-9174-2e0355be088d	7.082	hac
50ff8989-1d01-434f-9c40-f0cc27c0a373	24.885	fast
ba57c163-e404-4f2a-823a-f7deda1f56c4	14.329	fast
a4a67e29-6a02-49b8-aad5-674074a34330	25.051	fast
321383d8-cd50-42ac-95b0-9ae5928ed592	11.015	fast
f44d3d38-8ef1-4b52-8216-fca28fad2e79	9.367	hac
3236b329-1bba-4320-971e-70077dc795f1	20.873	fast
ca395cd5-b812-4ba8-82ec-699cad942d0a	9.117	hac
bce7f75e-9a73-4434-8d5b-9dec8bb3dbdb	21.885	fast
cc3d074e-5eff-45d3-97bb-8996ef6eb920	23.703	fast
e45a10b8-6c56-419c-b30c-d94c2b34d5d8	20.757	fast
4918f761-1e28-48cd-86c9-435a92e13d81	22.150	fast
b194bdf7-7e0c-4382-99ce-a1b73de10855	21.758	fast
86ace2d1-52c7-418a-8afa-16a8d4a78515	8.808	hac
d1f5331c-2200-444d-bac9-ce6fcc9382bb	23.024	fast
7eab0c57-df66-45c3-879f-83fab256d36f	15.267	fast
ac9bc958-8d78-4222-8bcf-4d50920da28d	24.210	fast
58f89a5a-5b78-4006-a494-a1e488b258c2	9.031	hac
f3d988f7-d52a-4ddf-ad16-86d274cacd04	17.256	fast
55eeef7f-fb7a-47dc-814b-0a17e22d591d	20.834	fast
c0786fb0-c0f9-446f-ada2-25a72f202665	8.364	hac
31364858-322e-4251-9900-ebe14844671a	26.070	fast
969ca021-c194-4c57-919a-2838779f23c6	25.625	fast
d26d2d4b-8c3b-41dd-aa65-8c533e96f216	8.567	hac
cb99d47c-2b48-4dcb-9eb4-a9974e2e302b	18.036	fast
2169f007-1521-4c78-ad52-f2ba3658477c	25.579	fast
67dfe664-4c6c-4f3c-bb00-0c1f1d250cbc	21.533	fast
e24a4b6f-f122-416c-97b9-8326866800b6	29.004	fast
ecfa3356-e601-4485-a249-83806b17fc9a	20.067	fast
d7a68355-51d2-455f-8140-8631e9ccd865	3.940	hac
2696bd48-8a44-43a6-8b2d-318dbbf781ca	22.237	fast
7ee5e17a-c42a-4ddf-8407-1a2ff6fda5bc	25.060	fast
cd41e956-5c68-45ec-9c91-4b0e1d1d29d5	25.499	fast
ffc2cf22-b83a-47d9-bbdb-12b19ce7f750	23.298	fast
4cc542db-ed9c-48b6-a99f-417c4b2fd07a	8.951	hac
f8c05f03-db7f-45c4-8733-48997f790e34	20.477	fast
d6d1a6dd-669c-4b68-9be1-866a53739871	26.635	fast
520dc858-6e95-4b0c-b372-a2fae5a14d0d	16.353	fast
6f862d80-8a21-46f2-90b7-4ae347976d03	30.297	fast
e26e48da-2dbe-4c6f-addb-e4e1d740c075	23.663	fast
caf9c046-e1ee-48c0-b736-13f8c99caa1b	24.631	fast
eadbaa10-7ef3-4d9c-819b-0eb6dc1f28e0	20.225	fast
16818177-fb8d-4f90-b91e-4775e62fc61f	21.073	fast
9849f178-df6e-40db-83a0-80785df581a1	25.579	fast
f3dfa601-7feb-4fcb-9c0d-dbf503939d0a	7.979	hac
9053de22-3c2c-444b-a2f1-acf05c43d64a	19.420	fast
4f5a2da5-49f7-47bd-9087-9214d2e98cef	28.386	fast
bbefefb6-65b1-474c-946b-cb2c9dc43ba5	8.585	hac
3bbcdda5-0f79-4ef3-a56e-5de4136b84f0	19.022	fast
653f76c7-26b9-4b1f-badf-13bb9f7fc315	25.751	fast
29d0c685-38c5-4d44-9e48-1c2429204a68	26.195	fast
f4500d68-a670-49f7-bd8b-c03dad84a135	7.466	hac
90617c54-5716-4724-8c38-c1fb68185a5b	19.362	fast
c713b062-90e9-4650-80de-d6f9c5f25b29	13.750	fast
3ce76124-4fef-4f8c-9f00-095a52f614f3	22.551	fast
dd9e9292-2f71-4079-a323-b1ad53114c40	12.206	fast
a154c9e0-d155-4121-a91d-5d316540fc1f	21.540	fast
a80d0c7c-7827-4013-af58-b8f26472dadc	15.780	fast
1b57ae69-15b0-4aad-b2e8-76529a1e3521	25.192	fast
867527e8-f1bc-4f99-815c-3fb7a342a037	27.906	fast
3446973b-22e2-46c4-bc6a-d75e9acb2c2a	24.945	fast
d888d51d-dc58-419c-9b07-3189c17deb01	23.747	fast
754b4d72-e903-4e6d-a143-741cbb2901dd	22.745	fast
f7b82db6-bdfa-4d21-b096-41a491367dd1	18.736	fast
1fe76181-7004-4524-aaf2-11bd04c8c340	10.536	fast
6f9beffe-7f11-49f7-a498-2057c3912256	23.318	fast
348dcbc6-c733-4f4b-a195-a7122febe579	22.554	fast
6e7eb5b9-b7e1-4214-a3bb-52f8fcbe0852	22.056	fast
0fc037ed-f366-4c3a-a5cc-78aea2197899	25.195	fast
a4efd8c8-8bef-4722-b25d-b00ef7c48daa	30.606	fast
15f8f219-7e02-4073-b14f-015bf158cd4a	8.267	hac
0b558c1a-9fd1-4e9c-b363-59ba8562b5a1	21.068	fast
f7ab3278-f1f2-445f-8ec3-c4ddaa3bb891	16.125	fast
f4591439-cdc9-433d-9351-55a94856863b	22.490	fast
c320ea9b-cfca-4738-9b4a-c3735df2d494	24.894	fast
86c639ac-be73-49a5-a572-ceeb982ba838	24.792	fast
7ff53c36-818d-4f71-b330-5ecd9dc993c8	20.511	fast
fd068070-8666-4bab-8625-e06a2ae32125	22.728	fast
0d4c755d-f48d-4871-a93e-a1ad7ef8453f	23.968	fast
7d373127-a7cc-48df-9139-34030e62ac24	28.559	fast
132a69fd-be39-4c82-9293-825fde59ddfc	13.747	fast
8ad3ec10-d85e-46d3-b398-69baada0dd3e	15.670	fast
18b0782c-7e3b-446e-8721-de28305a2b5d	23.135	fast
7080859a-f8d4-4370-99ab-e4b7cac254a0	24.523	fast
0483383d-9cdb-441d-8ef7-d11d1c270e19	11.006	fast
e18c0fc5-6cc4-4161-85dc-e1c59643658a	24.415	fast
cb180850-ea28-4c1b-9c90-b072449ab37b	7.675	hac
3b4f2367-ff5f-4e73-85d1-ae8a25434d8e	22.261	fast
23ccc3ed-a523-4617-a629-26a3ec7ba771	26.869	fast
ab06b49e-f348-4069-85d5-d0ffea8add9e	14.565	fast
9ccc0a5f-4454-42b4-af97-c3743b3b1943	8.262	hac
e8ce3f86-5519-4b8d-9191-f172354c1244	15.080	fast
fc440472-380a-4f05-8835-3fbd43fd932c	21.692	fast
2fe9ed5a-2be0-48e8-959d-d23355b06e19	10.578	fast
d135685f-bde0-49b9-b1aa-59c38f2dd5e3	26.684	fast
3928c19e-0364-4db6-ae4c-ae7c803c5232	17.369	fast
c9983a7d-f411-4362-9f86-b1d7f46bfde6	21.401	fast
9a52a740-6278-4ae1-8c7e-cf37b864ee09	7.736	hac
f7d590eb-35b5-4fb5-af79-d3cf05152809	24.876	fast
8d47d258-4788-485a-8003-e448a98309f6	29.412	fast
5da86dab-45c5-49dd-b728-80439a26a9d7	24.319	fast
824a8b63-d17c-4ce7-808d-8228205896de	23.080	fast
04f062ab-9864-422d-9958-02fa4fef3352	27.544	fast
2d63a04c-75a3-4d76-b3f1-e03a40be9b53	6.954	hac
6cbf0744-cabd-4f65-b668-0feb66b3fd70	15.410	fast
3c544423-7799-4ee1-921d-af43f96041b9	20.406	fast
cf2f3296-5dce-468f-8e2d-cdb0af3ff647	10.475	fast
3949624a-749d-4ce3-9fa6-7854fddc0fd4	7.243	hac
a3016982-4fa2-43eb-8aad-845ec6bf4bd6	18.814	fast
491b05d0-bb05-4156-82f1-8185983e4e4c	24.211	fast
476dec30-8199-4c4e-a05b-10b849b6eb75	23.779	fast
1b4b0b1d-6011-4bb9-a572-ef8226324168	19.966	fast
6981eb3c-02a4-48bf-9bfa-03a2d22962d4	24.864	fast
2b34704d-6848-4475-b1b0-17ed3facc095	17.436	fast
8c8bd346-abe9-4080-b9ed-770421327f8d	19.361	fast
135d3506-9f68-43a3-a2d7-802ea53ce9d2	15.731	fast
f2b3ba9d-e8d2-4673-9263-0f67e703da3b	11.027	fast
5f96268c-4583-4490-bcaa-b138e1ca1ab6	13.231	fast
b9c0c8f0-1e89-4d8c-82f8-ad366e90ac41	15.661	fast
2b657244-069c-4f02-8f3e-528bfe45caca	22.697	fast
e096bbc5-67c5-4031-bc2b-d9df764438f3	28.807	fast
54f91984-1d5b-45ea-85ab-8443b77686e8	7.458	hac
231bd5de-2bba-4b61-93a3-baf26d00c319	22.131	fast
1ffba5cc-e2f9-4f54-a0d3-b10b2b328641	10.914	fast
fc1599a2-700b-4d6b-a8e4-f42b3400fe3c	26.470	fast
f6dd6547-6b00-4651-80cd-170b22c4dcdc	12.623	fast
f9592e5d-8d99-4321-8200-ac5a119f494e	19.429	fast
bd2b3a02-4659-45b2-b1b6-d5d22bc43914	25.859	fast
297a7467-0ca4-433d-97d0-41db216ffa60	24.029	fast
176062bb-b5aa-4f18-9bf2-689d49e88b83	20.344	fast
267d1e66-225e-407f-a5ee-1bffbd0d3ae7	5.929	hac
366c45c6-1f47-4092-9df3-498de6db038d	17.668	fast
36694b65-96b5-426f-a25d-5a0bb54c8710	23.724	fast
598cc191-94b7-4c03-a7bb-b87c76cc4757	20.585	fast
ad97d1ef-a04a-4d8d-9d90-ca04e55de8dd	24.393	fast
539f1c63-5915-48ca-afc5-a6433a490cff	13.892	fast
64c2e610-fe66-4a01-8a2e-884179338b43	25.808	fast
a7cf0cac-2cbf-4db0-a117-ec77e04fa4e2	22.907	fast
1ecb6cc9-def8-4844-a70e-a3c4330d4260	24.939	fast
054a50e1-66e4-42c5-9f0b-3347e1cf0e89	9.828	hac
7ab53eca-3789-447f-9253-9cfac9d64154	22.694	fast
ea2e1148-4df5-4d4f-986d-c2eaeaa13993	27.036	fast
b61637d4-8040-4223-80cf-7074e500096c	25.533	fast
30490b38-1195-441c-be0a-4967e9306f19	20.819	fast
5a6e1714-5bd0-420b-ae75-1e76da361a57	20.167	fast
dd124edb-a1ad-4fac-954d-6f461ad1d587	8.448	hac
725d2f6c-e69a-4105-86d6-cc4a00efff67	13.012	fast
ce1ef842-2439-486a-adda-f5cd33dc8936	6.944	hac
b56ea0cc-9d46-40c2-9ed4-84b238342d2c	24.928	fast
5f0f9085-3746-4531-874a-0c6c39929537	6.738	hac
4c8d84dd-b0fd-4279-9eed-95fe35d48b98	15.849	fast
1698fa59-7a39-47b3-9495-7ec6dafddcd3	23.788	fast
fd0cf977-dea2-4406-8587-2e02792e59d5	18.951	fast
522d5f48-cdc8-431f-9844-21e50201cf5a	25.485	fast
4974aa7f-c568-4af8-8c95-34e64539a7b7	9.180	hac
277ffd45-7b23-49a0-a753-8e256de77afc	24.105	fast
2dc83694-75a8-428d-a927-0822bc362488	17.926	fast
7d34c2a0-6eb1-467f-9213-62c8e358f9a2	19.965	fast
8e4c7722-1274-4c4e-8bca-a35ab0709591	24.399	fast
b3f8c332-d935-42ac-949b-0c264b7cfc72	22.105	fast
6ba4e47b-a1d5-4c3a-9a15-ca51ba57cf08	11.860	fast
c32dee9d-603a-4e49-a5cd-6765b334d8ee	23.774	fast
9f09ec79-2e61-4eda-960a-c17d32baeaf0	26.522	fast
5b09712b-e304-47b6-9363-60303f50bb21	8.463	hac
eade6a0f-ea58-4fbb-984f-bbf0601dbf33	8.191	hac
ea2c3f86-b57b-4152-b6d7-1d8895278e3d	18.510	fast
f45959ac-1224-40c5-a8e7-2788a24b6602	10.804	fast
efcd6254-f3be-48ce-adb7-c27520163c7e	24.095	fast
8df097b1-de23-49cc-b4c3-c28634306289	17.621	fast
083be454-2562-4968-a698-ac25601b20e6	20.543	fast
c63b9cbe-463a-4ee2-a75c-9bf764b26ffa	25.251	fast
2e41c757-cc15-4629-89ca-4e80800eaf01	25.740	fast
834430e4-a299-4f85-a8ef-314714a9b007	19.054	fast
c347ed90-8752-4de7-8782-baa8c697aeec	25.003	fast
60204b6f-401d-4a71-b396-89eac4b59dbd	25.320	fast
4a0aec8f-9c58-43fa-b518-9bfc3e1191e7	24.221	fast
adae54e7-10a0-4949-9725-9a09508cc992	12.326	fast
b836321a-bd59-49e3-823c-ae6ad39838e7	20.396	fast
f833acbc-4899-450b-b9a7-09834731bba6	21.806	fast
70b83ba2-b83f-400f-a036-ec4583221bff	27.067	fast
1e5c1675-d9d7-4ad0-80bf-b673ce550af2	5.906	hac
fc8c2a1d-89d0-4c98-a3a3-fc02f13ef5d4	23.539	fast
2fbd63fe-68f5-4946-ba93-2e6bbda0b9d4	23.847	fast
36d0bde5-95a6-49f3-bd7b-fd4fe363f260	23.020	fast
6e943f90-1044-44a1-aa97-20b1ee2402be	25.239	fast
c26b92cd-b68a-42cb-96c9-1c781d84065f	21.646	fast
fcdc33cb-cce6-4172-8976-2855e6cf3560	8.432	hac
d1212b8d-0c08-4837-a97a-d77839a34f55	23.882	fast
f4aec211-c3bf-4ed7-92fa-1b04093667bb	7.680	hac
334266c3-1b1e-4e4b-b1d8-55a447c45950	19.180	fast
c73243a6-b3cd-480e-845f-4f0e042ee409	23.217	fast
641ba471-3f19-40e0-afc4-0dc1c334fbde	26.123	fast
298f0731-94cb-4e16-94cd-a41c67754b78	8.735	hac
e8eba66f-f7dc-4fe4-8147-7100844de389	16.454	fast
a541b15c-997d-454d-8834-45ea63c95c23	4.754	hac
f6b6414f-036a-492d-9686-f426f876f769	9.200	hac
d0beec05-c70e-4764-999a-40e0df054e3a	23.434	fast
0a7517c2-ae5a-4d1a-a3c7-deec1a5ac507	21.633	fast
d4b0b17a-9686-48bb-8760-5e5cfd17fe64	22.740	fast
10fda47a-1207-483b-a205-cfc9dbea1916	22.304	fast
c45e4f1d-06c8-4ea7-9527-5e6ac2ee84f3	23.826	fast
769d8107-257c-4573-9fb7-e866e45a3b71	25.912	fast
a25c76b5-51cc-4b53-b095-724db0836981	4.638	hac
015c45ad-9ebe-43cd-a2ad-46558dd79fe1	8.968	hac
831e160e-28eb-4e58-819c-6962d7af7355	22.522	fast
994a1754-a1e9-4d02-980d-ef6d126f5654	24.002	fast
1b48e630-7f9a-49f5-85fb-b6805dfb6194	25.253	fast
ae892574-38a7-4423-a847-31d1d56de5df	24.550	fast
a5f2b50f-bf90-429b-8991-11350867dcf6	10.274	fast
60e754fb-f3ee-4a47-aa81-b02a3c8de893	26.207	fast
5176a444-3c27-4092-945d-f1553c3f8075	23.652	fast
476221b7-0193-4bea-ad1a-2e7e8465ab54	24.555	fast
34e2f5b4-a7e5-4f01-b185-91ab03dd0d66	9.137	hac
4f936465-8c8f-4bc8-b22d-bf3bf2aa0e4b	21.215	fast
a9563229-3786-4476-afa9-32e480ce7bdd	26.433	fast
b9d3fbb8-1415-4a14-9505-1d35227eda02	20.994	fast
de8d5288-040b-4a4c-8f70-00105e510dea	8.715	hac
d3b8d624-af3e-40e9-abc6-bbb6d1f0a2cd	25.201	fast
eeed1153-2a10-41ad-95d7-d6c15b33a181	26.112	fast
d3732577-6dba-4f2d-8a15-3c390cac027e	20.988	fast
bbfa50e8-1dbb-4c20-8975-b4d1ea92ab25	21.718	fast
1aa11ac8-6488-439b-bcee-f9648bcedd21	25.537	fast
b3615d1b-d450-40cd-8f94-b1f97b83749f	25.365	fast
bc803693-d891-4123-92d1-e733c3fcaa8f	20.754	fast
e67540b2-3fdc-412b-96bd-a3d0d24e0496	23.660	fast
f9c1f8f5-a582-4ee2-ba1e-493955067694	6.492	hac
5d3eaeb2-45f8-49a6-9aa7-ff5c0a7db308	11.011	fast
67cee47f-01a3-49e9-b7d9-c11582b478c7	21.101	fast
d34c2753-addd-437f-b91b-013ff349f293	21.042	fast
07ce7c7e-365b-4dac-bff8-c3e8a296f872	10.148	fast
533d4b40-51e1-4676-82de-b8c726393a65	9.023	hac
2a7fb35f-1cc7-4e7f-b46f-49c2f306c4d9	7.665	hac
1faf1d93-e34d-4439-acc3-f1ebd6b9491c	11.449	fast
5530a01b-e5cf-4be6-9bb6-0cb8646dc3dc	21.918	fast
e6abf91c-3660-41ca-a86f-58185e61f55f	19.837	fast
83001f3b-48d6-4a8a-b25e-367432631e57	24.782	fast
ad44c2f7-34a7-4d4d-98f3-eee99d935234	20.061	fast
0274366c-2717-4957-904b-5c0b78ea348c	21.359	fast
c27119e7-050f-4aa5-a49b-792bde8442a5	27.626	fast
f2c6b39f-20bc-426a-9cd5-14d9609752f7	18.087	fast
0840ba43-9fb3-4d51-8d9a-f36e3e7bf430	8.532	hac
a2a62653-d7de-4c3e-ba79-f5dc643fca7c	19.847	fast
08cc4133-0a3a-4f63-a1bb-85fcbe6397cc	17.945	fast
bf8ba889-3fad-490f-bf78-236f0054c31e	19.511	fast
1514fef5-6609-4bb0-a9f4-3a23bcbd227d	22.122	fast
8a16a2f1-b06f-4bf0-ba1b-7762d6ab7e14	27.231	fast
7dc88c9a-457e-486f-aab9-faaa454e0232	21.652	fast
fa3d7d0b-1a5f-4688-8f35-039b66325be4	25.868	fast
f03020b7-819d-4f53-8eb5-68bc466687e4	15.115	fast
60cc5a30-6577-4c17-bf38-2571ec71cbcb	20.401	fast
f0d93587-c894-4764-8835-792fbcb04f2a	21.610	fast
b9faba19-926f-41a8-8039-4a33f69e14d1	16.450	fast
14506f94-e908-4585-945b-5e87eed4d214	3.558	hac
47896344-4784-4ba6-8535-79d0a9d488c0	20.709	fast
7e0d2f4a-0fb7-4b00-b07f-0ee65dc54c6e	4.436	hac
f5b08558-3bc8-4f34-a354-f312fad8067c	25.501	fast
12f44580-63eb-42e6-aba7-9b08a0a85b1a	23.399	fast
a4b6e56d-8ef0-42cb-a4e9-b8cd4fa2a5a6	12.927	fast
2e548824-a2cd-4117-9a08-484be6ffa92d	27.221	fast
729f7ecf-8452-43c9-b2d4-ecbfb586a981	26.353	fast
915fb3d6-5985-45e7-b48b-213140bc359e	6.296	hac
e6dd7b16-3acc-4d58-a204-7345bff64161	23.752	fast
0ce22bec-40d3-46c6-8391-a6b1ba54e232	23.177	fast
12c1f197-587f-4dfa-830f-77bc381aea09	27.130	fast
5cd7b678-9139-4ef9-a4df-e5544004a7e3	14.253	fast
29bc5acc-e38a-40f3-a75c-159f9f604f91	22.157	fast
5a7162e7-e110-412e-9dd7-0464dbb732df	21.315	fast
9631171f-47f7-4fdb-b976-5086de847b0a	24.066	fast
1bf74de9-0389-4cb0-a492-2d5bcbeda5b0	21.245	fast
9434aea5-9291-4126-90f4-c8a0c819e756	21.348	fast
957175d7-f1c6-4367-8e85-60e9df61f5db	10.481	fast
92fc7765-ad5e-466b-a158-56a0b90bd1ab	22.410	fast
9ff855dd-e11b-4eb6-9306-92fe69763956	22.994	fast
78a4564e-2193-4e4e-b581-cc1f0e272230	22.061	fast
e364d674-a956-4585-801b-47af7deefc29	25.564	fast
20661568-5b3e-4f72-adb1-41fa37d37d34	24.579	fast
4bd0f7cc-eeec-41ca-9c9c-f5fa94bb0c9b	7.466	hac
fa7b96d6-cb18-4813-b4b3-3239a28c4b94	24.129	fast
db8710da-a877-4b34-ab75-7f22bb762acb	26.269	fast
6b76de90-bcfd-4399-b115-e8f7d04d6b54	19.576	fast
78ade100-45a7-420f-920b-4abbf25c05c1	9.340	hac
129f1459-6aa4-4423-bca7-107ded33cdf7	22.820	fast
edbe11b5-4d98-49d7-a557-efc48600d19d	23.835	fast
fa056d26-51a4-43d7-8bde-c85e14393548	25.173	fast
dd775912-2945-4713-b4e0-e1d29eb0d543	24.908	fast
8dfb02b4-3497-45ac-aa9c-01458989d3c3	26.870	fast
e506cf1a-55e7-4ffb-9a96-914f29717491	24.452	fast
6c31395f-d02c-4dd9-b631-df6f4d862107	22.782	fast
0e2c739b-b6fe-4ba6-8c31-13374c265af1	25.789	fast
728985e3-29de-4f0f-b51c-be2c12e73c1c	21.276	fast
465fd231-b5f1-4661-95c0-46dfeabf3922	20.128	fast
a57cfa91-204b-4b4e-9d8a-ddc00abe5b15	27.751	fast
98a7169f-04b5-4f25-a8d8-502ce4a29394	20.528	fast
1a33fffc-cd3b-4eee-8ef5-d61fa007c93b	24.222	fast
2bd357e8-1996-43a6-910b-9ee5c79798e7	23.657	fast
875a021f-f4d4-43b0-8b9f-a17b367a3edb	24.237	fast
fcc617bc-2897-4a8c-8edc-f37146663597	6.824	hac
5d494f10-d624-4af4-a437-34bc082574e3	25.018	fast
5df0d7d8-2156-4e2c-b7c7-af4f9546678b	24.058	fast
b6107431-040d-425a-8b77-4d3a04c8239f	25.918	fast
51f94f48-e401-47f2-8302-9caf16bfa1b4	11.144	fast
7d8df48e-fa69-4822-93b1-0d05f02e3002	24.260	fast
7890ab6b-fbc3-4d4c-9ccd-e1f0404d5c52	24.477	fast
26be4892-fdb7-4205-b491-dc137d508040	22.440	fast
e08dfbb3-acf1-46ad-ad9e-469c8d9891aa	24.485	fast
09585bb2-c90d-4002-9500-d842cb124b6e	6.286	hac
0ffeda98-2fd7-4b59-89b2-1d127066ea01	27.728	fast
eeb8fd61-699b-4fdf-8230-db7cc1ddf78c	23.596	fast
d9063a7e-096c-4386-8773-12e0e1303f73	6.611	hac
abfbad56-9f84-4d0b-b3a6-94b96f9fd119	25.132	fast
c12771ea-d1b8-45c9-96e0-28b280d549cb	25.887	fast
e72a8524-f800-455e-a40f-dddcd2e5baaf	8.919	hac
df677926-0475-4fcb-b343-731b0a1abb45	21.143	fast
3cb16a00-5ad5-4d21-8c0a-25feeb5bf0a6	24.390	fast
429c26dc-faa8-4269-be0c-2c2580e26163	22.401	fast
b7c2bbf2-fdfc-40fd-81ec-64046e85ce8e	22.103	fast
682f1d14-fd28-40cc-a048-aa8281494240	25.829	fast
ddd46018-ec2d-4b25-ad42-780cc75bbb80	23.581	fast
d3d56732-2364-4164-8993-c5c7a25f227f	25.207	fast
9a411d7b-0beb-4943-ab66-9fa858ec365f	22.266	fast
de1b7757-c009-4303-b865-04e9e1d94df0	23.346	fast
543b7aa9-a9c2-45ca-bf80-70185b1964bd	23.933	fast
3900b09e-29de-49ff-a141-fd4dde55467d	9.079	hac
60c36d26-edcf-44a5-8a27-8cb913ffd77d	23.035	fast
ba80645c-5901-460b-8a08-35ecb5d367ee	9.606	hac
402c454b-c156-4d4e-a046-beb1a98ab6cb	13.792	fast
d5374fc0-cfad-4028-b982-893bc2863bc6	19.240	fast
356ed508-ad7c-4113-8f9f-6761136d27d1	7.954	hac
8ecb664d-1da8-42e4-8aee-45ac4c15d19d	22.601	fast
2668c424-5c47-4abf-bf29-96c16b5511c8	18.353	fast
0ed9daf5-70c1-411d-b505-456a16cbc4bf	18.176	fast
95b77629-2b40-4fe1-9cda-afd6ae296da6	18.518	fast
4b20a6ef-26ac-4efc-91cf-c929814fb039	25.125	fast
0bc9807c-8e69-4371-aef2-25351facc5f0	8.856	hac
ff6d796c-1e49-4e39-aa54-42466d93043e	24.561	fast
9e6a2e0c-4eea-47c8-a1b8-daeb93ea7d06	25.264	fast
ba89a326-e652-477b-95eb-6989eeb114e1	7.252	hac
2d017e61-7132-44a6-b3a7-8c5c25c43589	25.539	fast
e3e77cca-2998-433b-8df0-e42744ace832	22.294	fast
90997709-406f-4f9d-95b8-0aaff7a12346	12.178	fast
7a0737e1-f2b9-4216-9dac-2cb91081ebc4	19.425	fast
b365b089-e0f1-4226-8ba5-ef700cc8962f	19.396	fast
b2b40ac4-d602-4c1b-a768-88d2d1340a50	21.789	fast
88ade088-2ad8-422d-bd6d-dd4d8dd644b3	24.277	fast
2d45b9f8-f2bb-43c0-a6c1-7219adc163fb	25.334	fast
9d817a84-c7e5-40a4-81de-3b09c8177ce1	25.298	fast
2d3a5a14-9180-4f95-8cbe-c27b0d04cae3	23.651	fast
f03dbfd9-7877-4f25-b0bb-0070a7c1026f	5.781	hac
e9843650-24e4-4871-bfc0-426775723893	7.914	hac
7c596a9a-f6a4-4782-8742-f112d8351069	4.074	hac
43a36f0f-08ab-4798-a209-511f885b1fde	24.124	fast
bb2e88e2-ba5f-4f51-9769-59e9071fd117	20.296	fast
fdd55762-5417-4333-8d6b-094d9a2af4ac	23.248	fast
54a7f19e-ea35-419d-bc93-ae02661629d8	25.028	fast
41c15793-983f-4a15-89cb-ead20646b291	21.735	fast
7b25466d-7445-4c06-bd30-63bc978a4f3a	22.214	fast
98a7f103-6834-48bb-b721-9bc15b150de5	24.718	fast
fafe4947-edf2-430d-ba75-23c78f213032	7.559	hac
3b9e0b2e-6646-49fa-8e76-e21c01c0a23b	23.178	fast
1e143d0a-4c2e-46f3-b4e5-5369834e8d98	7.016	hac
44c012ad-478d-4333-9cd9-31cd509510e8	23.101	fast
3786a0d5-e10f-4cc5-9ba7-5811b2f7ccea	24.926	fast
1f2569e8-bc0f-45ac-9684-ed0e126de06b	21.809	fast
e4135f91-0b09-4521-b133-a719e1b2f9ca	21.877	fast
87b83e5e-985d-4ae9-9aef-32a75b9658cc	10.345	fast
6bb2f8dd-2ad3-4396-a5b9-ed4b0d21ccdd	20.318	fast
ee6ce978-9826-4e77-88bf-a3a34e1a5409	24.768	fast
5eaf7445-ff6e-4b79-8a37-289841a3dbbf	8.100	hac
3a25a999-a598-4cf9-9076-751dcdb4d937	7.486	hac
001f30f9-d185-43ba-b2d1-b919fbcafa02	21.607	fast
b7f803fb-df31-43e9-b017-10828569ccef	3.416	hac
47698e1d-63c8-469c-b2f7-079a7e210c15	7.033	hac
9bc77017-95e7-4b77-81ce-817691c32ef5	6.621	hac
8a58947e-1511-4ea9-b8ed-f6fe1a06eba4	12.663	fast
bb238b7e-da04-4415-9e8a-d49c499e8819	6.699	hac
db289eab-a36f-43d7-8aa5-41eba78050ae	26.487	fast
bbf7ad06-d44b-4f92-a85e-41636f2bfd5a	8.200	hac
816f4b3a-a1d5-4dd8-aef3-fe35aa76b1c5	15.916	fast
4e688d81-c518-44a7-8de1-d58b5968f09e	23.176	fast
063fd2fd-55d1-49f8-b037-e1d89e6bc725	24.367	fast
0053fb9e-be81-4ca2-9dda-904e9d3e59fa	23.795	fast
8351b5af-36eb-4ee6-a6ce-6334f8f2ba21	17.794	fast
cc48bb5e-480b-4be6-a512-bf1dfe93b427	25.640	fast
0ce2930d-5da2-4833-9d82-58e9d1f58806	16.950	fast
0bee2bd7-f425-4987-8832-3a3ba431f344	28.340	fast
18ad0c97-178a-4ab2-a0f8-1506991a14ef	24.004	fast
9aa0f2c2-c977-447a-ad70-a78a499fc766	23.882	fast
1bb2bb59-6e7f-44de-a96f-0d11ba7cad52	25.002	fast
be7b7568-b59e-4afe-b18b-c45dddb22d66	24.987	fast
e868f857-0bd9-46aa-b4a9-d06a918cca00	24.790	fast
e4f894c4-a27f-47fe-adfa-bd2aa4e1a0dd	23.286	fast
52f1ba7c-dd16-4847-b446-252e4eb85da3	23.968	fast
fa05ec41-3bdc-4b05-91f6-cef1804410d0	8.223	hac
c481bc39-8e63-49a6-921d-82d82fdef9ee	17.385	fast
e56bdb26-8b46-4c6a-9cb8-a85013bd12e4	20.610	fast
39632492-e4e4-4853-bf74-decdbf9065a5	7.840	hac
dd6e3153-dfd3-474b-a2dc-9a3d53b4bbd7	17.795	fast
a944a792-85cd-4d97-b3de-f08b3c33a02b	8.712	hac
50c93dee-677b-4ca8-b301-6fd2dfd9c3c5	17.312	fast
26b8db89-a4ac-4a4c-abcd-a44bfa2b2f9b	22.044	fast
c536c902-e59a-4418-a198-a58f419b8198	8.651	hac
1084006f-d6ef-4379-9927-2cf100568d05	24.289	fast
e36d83f9-8578-462d-b048-97da1d79c11b	21.192	fast
581a788a-459b-4fb1-87d9-0d6cfb8990eb	23.654	fast
fc9c8e9c-1edc-4e54-8db0-53072b842928	20.714	fast
5254aa61-1c7b-4053-8877-c446418eb5f4	20.595	fast
aaaf5a19-3b16-4a08-be06-9d3829b5bdcd	11.178	fast
ea7cdb25-c47a-4ca4-8d49-64dc711f7e69	14.951	fast
1dba8f9b-0696-4d2b-bf2d-0bac4a1a9e0d	25.213	fast
6a40c59d-a9ca-4517-9461-8a366a25a947	22.567	fast
25c188c6-9322-485a-889c-7a74a937acb1	26.015	fast
dc4a759f-6359-457d-b812-534604615a42	23.599	fast
22293d63-24af-4802-8e55-2a51c1363a80	22.382	fast
837917f2-0433-4016-b2e1-7a7106970cea	24.509	fast
4caa356d-b113-453b-a468-031a6b4149a0	6.980	hac
9a7b7f74-c165-446e-98a0-05ce7a678f52	23.003	fast
8290deff-edf7-4521-805e-081352f96385	26.466	fast
e1dfd6dc-5a14-4e28-b12a-55ed16e39ec6	22.692	fast
6efb4217-5212-4728-9654-b4509dfae270	27.639	fast
097ca91b-b8c4-499f-8932-421df8bff29c	15.731	fast
7bd6ab12-6f87-49a6-be8f-981ac0aabeee	16.952	fast
e0990297-55a1-423f-a63f-e4a0d9485f8e	7.253	hac
6d157a1d-5b01-465d-b84f-802a8aee6b22	8.237	hac
95c91ac7-c261-4fe3-affe-d3150561f067	7.362	hac
ca5a4195-9014-454c-81d2-5da47ca58445	16.742	fast
9ff0716a-060d-4e17-8d89-2dd6c86bf6d6	26.010	fast
8506c392-172e-48d4-89a5-e3e2a4fdb241	21.406	fast
19b2f4ea-5a9d-4813-b0f0-d564c1ea76c5	26.882	fast
1c17d5ec-4f86-4f59-9022-4b6737855c35	10.498	fast
17779ba1-0ba2-4075-acf9-0de68fb48279	24.449	fast
70dd5bbd-0611-42e2-8a05-dbe732c4db1c	23.071	fast
90db39ae-6dd4-406b-b1c5-d6531a20c1ea	9.128	hac
84daf98a-64ee-433d-8329-3f9e9237d76a	22.398	fast
c453d5fe-6720-492b-8216-b9cab676aa8a	8.790	hac
7df26984-fb33-46d5-8a31-f160470ccbc0	8.331	hac
88111fd3-4279-4f44-9fcf-31a4786d6670	8.633	hac
26388591-952d-498a-8b41-9ff20082c961	8.973	hac
72521727-7810-4279-98b7-cf2f87693943	5.691	hac
aee1a721-d048-420d-9f2e-3606d05ac0c9	25.044	fast
2f488de7-baeb-4008-bd43-aaf1ce7f4ca4	25.592	fast
2e299cbc-e5c5-4b45-9025-04ddbd367093	25.390	fast
b20f3254-5966-494b-9c33-d19594533280	18.990	fast
0da309dc-b299-4947-aeef-e08dff0262a8	17.443	fast
b832791d-f36c-4804-8866-238414960661	18.321	fast
eec582a6-bc7e-4fc5-bef8-520a75f7ddfa	21.138	fast
83b869ba-6e11-43b7-81c4-2451eb330cde	19.543	fast
cf2a3bf1-1014-4b35-88bc-d521f2c7b461	24.289	fast
2f376fa9-39e7-4a7c-a458-e56554633acf	24.820	fast
0d2985ce-3584-465e-a3e8-5f440532b1d8	13.582	fast
b7a57398-29d6-47f1-aca3-039c1c4c308a	17.174	fast
2d76df79-3732-4c78-88cf-24907c3aef6f	25.373	fast
75e4c9d5-efd3-450d-ba6f-61c61d1f110d	21.760	fast
86bd36b7-7147-46f8-a0a8-f65770849f9f	15.727	fast
dcaca66e-136d-4640-af6c-12ae94656fad	6.753	hac
3df6c4ff-2bcc-4773-89a1-2e24d311e874	9.777	hac
66da7b39-f008-4d7c-acdc-b517872e73a2	25.298	fast
c1ea0666-3ab9-4b30-b224-c1624cc5a03b	7.953	hac
44f1f4d7-d8d8-4356-a83a-dcf3f3e91eef	16.753	fast
071414d4-d7a5-4f71-8940-e7c5defb9a27	9.176	hac
c42312b7-85cf-412b-a1a4-28db3ff4f350	24.509	fast
66e7a7b4-22e9-48c4-8ecc-05f2f6c996dd	21.571	fast
34c68c84-7568-456b-90aa-783d26bb6e2a	28.872	fast
4f388447-ac89-406f-abcd-18995be8a1a4	10.981	fast
6c339ad6-bb15-4b52-a1f5-6c638dbba2d2	25.084	fast
0424fab1-9c01-42c4-aef7-b8167528133e	7.163	hac
c3d409d9-e8b0-4008-b0e8-778afe6a7a03	14.972	fast
9fc9020e-711d-49e2-881e-d7529de0816a	22.593	fast
1a650189-1223-4ea8-bf2d-971d539531be	23.218	fast
e9528617-6b89-4e0f-8d79-107a75ef5101	21.881	fast
cb896d12-d14a-42f5-b23c-3491f1ec2fd6	10.086	fast
6b0e4a2c-1f55-43b9-918b-285d523e3748	9.438	hac
0071133b-0bb7-4745-bfce-a8a942a3b66a	22.190	fast
5c95330f-b8e7-4f9c-be58-4407af89f74d	21.213	fast
c81c0be1-9260-4ca6-82b1-97c65da22357	25.160	fast
fa34a60c-46be-43e2-883c-6e8fc4f90333	26.820	fast
38299594-2d63-47b0-b9b5-44f2af4b3a33	22.702	fast
29101035-d354-4974-8143-e8321a5fe07a	22.195	fast
cef61983-f9ad-4f61-92de-9d8c46df3f43	17.173	fast
d161fc3c-a518-46a9-91a7-f998c211cfd9	24.493	fast
8a9d190e-82e0-42b6-b7d8-6b75e4dad5b1	9.887	hac
56629029-06f5-4e92-a003-2f4330bd25b7	8.243	hac
800d0279-a0f0-4c52-8cae-f56536cda178	19.579	fast
0e79181d-6bcf-45d7-8393-0bb4aa03ca99	23.772	fast
87157cb7-5308-494c-84c2-823e6a818b0d	22.394	fast
eb5ee760-8ff8-4a4c-8c4d-38484078b387	18.462	fast
55159879-bab7-4015-8b15-cb114808502d	25.136	fast
24632db7-debd-466e-a8d6-935e6b5300bd	24.279	fast
bcc10951-90b4-4dfc-9ce0-72f032efa42c	9.904	hac
c66ad938-808e-4811-8cb1-01e1891870b6	22.617	fast
a0ca918a-9ca0-4474-ac1e-6c02a08b6b76	20.633	fast
57eb643d-7029-45cd-8ca2-1813189c1df9	21.098	fast
deb52f2f-a16e-4dde-86cc-38ac3e84655e	6.664	hac
01c22a1d-164e-42de-9c4b-4b69c3540285	21.774	fast
8bf6caa6-ce7b-4f08-ac92-092ff571b768	21.391	fast
2cc47651-1080-4398-9cc4-418105b10434	22.017	fast
4d32c550-9ed2-4841-9b23-7cbbd38005c3	23.064	fast
c9d644ae-6e3d-45ad-a2f5-25ff2d90d558	24.634	fast
1a0bcc1d-0378-4dd7-95d7-f6265f58fa4c	24.436	fast
7b483ab3-d8bd-41c3-afbd-718a2fa88c07	10.052	fast
23c38ccc-8c21-4974-bd31-31675bf9f5b9	24.414	fast
cf76b189-2ca0-4e53-8214-d8bd1c657945	22.219	fast
76690ad3-f075-4610-8551-91c6c0e87cd9	20.434	fast
a179b572-1d00-4f67-959a-6a0e268744aa	24.884	fast
105f3f91-886e-4b6a-90f0-a43af1a1d516	10.030	fast
b5e52dcf-a149-4aba-bcb2-1a6f37534358	23.786	fast
641b7493-fd68-4872-8b62-40fd09e2a7fe	25.597	fast
fec6a95e-c25f-48f0-917b-16d60b639acf	25.043	fast
34cd0a4c-82e7-4734-a418-e13e755698f2	17.963	fast
c9179a52-afeb-4246-8e8b-ffdf15980a06	20.527	fast
43b0c7e2-169b-4849-8eea-d978afee95c5	19.791	fast
b27571a8-00b1-40e6-83a7-5d2aadb49f85	20.145	fast
584696a2-e0cf-4013-aad7-0ad217c49a86	24.454	fast
ab2e3e20-7d3b-4390-8c28-09731e4394b5	20.988	fast
8748b919-6a45-4f38-a30d-6d40719ec9ae	7.381	hac
2ddd7071-8510-4b5e-ad7b-84b8918e3608	25.732	fast
6a3132b5-d4ab-4ee0-9ac8-9d285e2f4399	4.596	hac
722dac01-7347-4911-91bd-faa44a715f05	24.956	fast
e190c4d8-81a5-477c-bea5-bb9428fea89a	23.587	fast
441379fe-e398-45e5-97d1-5fe620aa9a8a	24.104	fast
6a1bbec6-538d-486f-b424-4af9d81ba8ed	22.334	fast
eed5cc41-7a22-4d82-bcba-4e4f34bbe126	9.806	hac
488e6bdc-e6fe-4f8c-9723-c24638c28780	17.201	fast
96ccbc45-5522-4238-a55b-4d988f1bcebc	22.132	fast
90421012-6bd3-4932-97cb-c946c76537ac	9.741	hac
201c3dfd-ac25-4079-9ba4-438897ac9b08	17.390	fast
c3a5d1ce-f7a1-4520-9e12-f1dab7e31adf	7.650	hac
08ad6772-9eb7-4a9d-ba7b-a4480cc5ae8b	22.811	fast
e166c841-1caa-4de5-ab3a-e4c11fa57816	23.334	fast
b250a797-29b7-44a3-a966-1843fc01b76e	10.397	fast
16180332-de15-410d-bd8b-52a1ca113e59	26.562	fast
78158cef-6a96-4c90-aff5-cacf7f2488b7	26.851	fast
add46b82-ad63-420a-b5c6-68238910d3a2	21.135	fast
3d9a8352-b5a9-4108-86cd-f923d3559462	22.584	fast
178af1aa-4c42-4da5-a858-e791d2e42f8f	13.634	fast
39495c67-9827-4c7e-b5bd-4208230ced18	10.499	fast
749dafb0-b31f-435f-b4d7-26cadfa2e4d6	12.437	fast
bdeeb98a-8369-4ca6-8135-45c677116149	25.321	fast
c36cce29-70a1-493a-9d9e-8cb3e7c1b771	22.818	fast
f9f48974-0de9-453b-9502-6dfb679f2f6c	25.813	fast
779275e7-3d26-4b18-ae3d-61300373598d	23.243	fast
a754039a-dd88-46af-8720-8510fff77d5a	25.560	fast
ff00ff78-d1c6-427c-acb7-735a83758ed9	26.584	fast
e171ed20-a1cd-457a-a297-04390e2fce96	8.548	hac
b098be71-e77b-4856-8f55-405a63470236	24.492	fast
ad25cbe3-6d69-4b83-ae4f-b31260c1f827	17.384	fast
b3a949fb-affd-4922-a7d0-a1e89d2a984e	10.242	fast
15790c9c-a9a1-4e16-a4c8-8bdc579cafeb	22.105	fast
ccc0d62f-a9e8-4051-998c-05d979028017	21.222	fast
e6885a34-73f4-4ebf-88a8-f1a65ff61550	19.930	fast
f5203f5e-e31e-4dd8-bcc3-3be82900e5d5	21.379	fast
5d966242-2548-4a7e-b5c6-f16bbc67b4f1	24.892	fast
f0ad1f75-7165-4071-a1cd-856003a84265	26.613	fast
cb5a0b15-eb35-44f0-a690-2502df1b6ee1	8.262	hac
5d05aa39-d6c0-40be-a3ed-2133b165626e	24.820	fast
8534f0c8-f5da-4e07-9115-3d88a749607c	13.404	fast
ba573862-a193-4d0d-bc48-4da3f202f611	26.844	fast
d7a1d44b-2bd4-422c-92ac-43b65e008df4	24.170	fast
a6eba2a3-1988-429f-92ca-08456f188601	8.606	hac
8df73838-b226-4518-aefd-9791cda9ee93	17.590	fast
05826df4-1240-4f87-87eb-6de03658039e	20.696	fast
ba8591d1-f5b7-48ec-9c1f-45aa7e3f20b9	16.678	fast
1ff863ac-7505-478a-93ba-95664bf1e2ab	24.426	fast
89a70a11-8c1f-4232-8483-69e23326ab9d	26.396	fast
dc57a99f-2cc7-483f-b729-d45447651597	22.717	fast
8e9c68de-ccd9-43c7-ad9e-2cbabc51a576	11.257	fast
dea5523e-3431-402e-a6b8-aeca57c105e9	21.895	fast
e69724f0-365f-4937-83f4-791f27d1354a	8.086	hac
142fa499-d6c4-4d57-aa97-18def14f3fcd	23.346	fast
8229d974-300f-496a-ab9e-1c0bf03c2211	24.701	fast
89c7a3e8-62c1-4de0-81b8-6ef799168f57	23.243	fast
c513f34b-db48-47ea-a1bf-096f85fe9b3f	23.589	fast
b7b3788c-a496-4e17-b5cd-555d6c69233e	18.919	fast
3a2fa4da-f698-484f-b7e0-aa0c111008c9	22.190	fast
d7bc8914-d0ff-47ce-9afd-62362d1be01d	24.965	fast
3eb33699-54fc-4ce3-8c10-886bb525d8b2	19.538	fast
bad445c4-05aa-49a8-bfad-e17fbf4dcc83	26.588	fast
f3683184-e6be-4795-a5fe-b9bf7c7ac790	18.302	fast
cf5d28d7-8d44-4087-b42d-576da9876804	26.182	fast
73b84ba0-7998-41e9-a950-55d6049a1459	26.357	fast
9f78085a-98ec-4340-be64-f8aae0cca925	19.098	fast
2bceea1f-7b53-4e66-a2b8-c43819e47d96	20.641	fast
24b9bac1-b7e0-40cb-8f2c-b83d1734ddbe	7.480	hac
6fb5e98c-15a7-4669-b242-864f1431dbe5	8.964	hac
38f23d81-3c6a-44f9-857b-7a2ec9821cb7	17.778	fast
0962cd2b-132d-4f23-b9fa-507b0e813822	22.799	fast
4dd99780-4282-4b13-ae28-d77b1e942398	23.116	fast
320c85f7-d940-4116-b9b5-701919b9c895	14.146	fast
ee84244e-4fbd-4dcd-86ec-007850f2c874	18.999	fast
fab410ae-9359-49ee-8a11-86820f41c5f1	26.061	fast
9e98ade3-40c3-4dd9-aead-ec2301f7d5c6	24.685	fast
48416b88-4f7c-4796-b243-427f873dcbc5	24.735	fast
e123a558-9777-47f0-bee5-90ff782649e0	22.781	fast
4ee1ce4a-2410-49db-8c53-7d1e01054f54	17.681	fast
23cf1263-5d08-4ed5-bfbd-89b9df81bf48	26.897	fast
94384235-1e29-438b-800e-b7d64bc8e011	17.056	fast
2eabda36-3b99-4ade-8efc-4047cd03238f	25.080	fast
32a6612d-0748-4d5a-b35d-5481019366dd	23.493	fast
250bc4b9-036a-4f06-9c4f-631cfa41cd9a	17.479	fast
0a1b1f2e-412c-4a8a-9d76-b302cc3b59f0	20.412	fast
d37fbd1f-a9f2-4803-9f92-460411644cde	25.782	fast
ca287ed3-b4b0-4851-86af-fec6a97fa5b9	17.002	fast
ca50763a-360d-494c-a90d-905c83aed593	7.787	hac
10083884-4ba2-4d2e-b85f-d2ea174faaed	27.220	fast
408cb31b-bb3c-4e40-b42e-efcaa05e6793	24.312	fast
728d782b-5c17-4974-8f56-73b9d3c79664	25.836	fast
cd445a2b-b185-493f-b189-359ee6544dc1	5.482	hac
3a6cbb8d-6e18-4fb3-a1e6-0593ce9902d9	26.719	fast
b39b7615-6f85-4934-94a7-f336fd54af68	4.937	hac
0c04683a-5339-431b-9383-86d6c5511a04	22.690	fast
e134f725-5e27-46b0-bb7f-87960698038e	25.261	fast
b156b787-dae8-4909-9b78-cfdc35753869	22.991	fast
9231d3c7-90c2-46e6-9391-93cbcae85645	24.784	fast
17dd9a6a-d886-471c-b44e-2518c084d429	23.165	fast
b4e0f252-d472-47e7-8028-c1bdc87d4c66	25.245	fast
9ba28199-c143-4c6d-8fe3-0d6907b84481	13.246	fast
e608102f-9e96-494a-9d93-ae1ff4672666	23.220	fast
a02804fc-3ad4-42cd-9e4d-ef77f82b8e0a	15.945	fast
d069caf4-e29d-45ce-b4e2-bc1333027bba	17.971	fast
dbdcef68-c4ad-4e61-89e3-4d89ba11601d	17.992	fast
4df34644-77d3-4487-8911-7afe8f5fb5e1	26.079	fast
c523a7d0-2d68-4667-986d-065006e7ced9	24.555	fast
c5b9fbe6-4a46-42b7-b876-e9deb2cb03fb	23.839	fast
36bd35fe-49b6-4799-85d4-8c9c4c9d3f94	18.724	fast
c0063b6f-cc67-437a-8166-d4a96b87b9ce	27.185	fast
d87c5cb3-49d1-401e-b5c0-b37fa9676eaa	24.100	fast
90a4f3df-53e1-4311-ad9a-b6a4fd8a5385	23.979	fast
f15521b0-3bb5-4450-9972-854c42e3e53c	23.951	fast
ef707521-ec7e-4c3f-954e-c1ec5c19a2c4	21.335	fast
bea6fdb3-5b79-41d1-ba58-7f8006261f75	19.734	fast
c22110cf-55bb-4832-9d71-eb48a04f5c7a	27.651	fast
91d977df-f433-4736-9bde-b257e510756d	19.804	fast
0a07b513-4fbf-4819-9592-e134c6e39d97	10.158	fast
6a79026c-7da0-4483-a4be-4eec644aa38b	17.887	fast
8c2abebd-15c9-4fc9-9543-0c603e4ee5e8	21.241	fast
35d90b44-a854-4f51-a003-5b4e5d8b8c0d	8.240	hac
0e8feb26-2146-42b9-9081-5d66c031e87b	5.758	hac
0f7aa2d5-0d21-4dba-9944-2f76fb55001a	7.253	hac
e0df916f-570b-4cae-a687-275fcf823e40	7.475	hac
9811acae-bd75-459e-9d81-9da4607fcd48	25.517	fast
7dd07219-c649-491e-a91c-5e92128b0c01	24.151	fast
7e8c4857-c3d1-46cc-8ef9-2081a7ec89a9	22.312	fast
25330e67-821d-4d5c-86f4-0150ff3fafe3	22.292	fast
e968bc2f-b721-4405-92ef-e0474d3328ab	4.447	hac
c7a39840-fb1f-4dc1-ac4e-a3b980ceabf7	4.041	hac
51afd74a-c4a8-4211-a1ce-1fefc193b146	20.589	fast
2ac244a7-b183-45c1-8a9b-fecaedaac1ef	24.847	fast
46ddde51-0281-47f7-b0a1-3f792e1a476c	23.245	fast
e2318ec9-e841-4265-ad71-0f5ad767402e	24.578	fast
b40d3c60-7cd3-4df4-bcbc-ed4f96b89804	22.853	fast
dd834d7b-3e2e-496a-8a2d-ad77dc499a7a	23.942	fast
9f018c4d-647e-4457-95ae-0520044f715b	10.055	fast
e3c5049d-7231-4aaf-9ab9-5ceee3a8d1fa	8.282	hac
879129a6-69f2-42f2-b14a-90d595212159	22.684	fast
74ca83b6-c3fc-41b9-b312-cac10e5b7f35	7.996	hac
bc3610f8-b9d1-440b-ba4a-8d215db28f83	23.436	fast
7f87280e-7d37-4818-b39d-c98e3c9ff7b4	30.764	fast
818145a2-f9d9-4d52-99a1-1aebef24e182	17.320	fast
60388d97-b7e6-49d1-a03a-bc841388dd6e	13.208	fast
50316a22-593b-492a-8964-717e3bd94c76	25.574	fast
ee75ca8a-c260-4a7e-be1b-c25df8ca88ce	7.218	hac
1cf82a0d-70c6-4da5-ba32-21df992496a7	21.908	fast
12ff7b5a-6b80-411b-b665-c61745074ae5	22.937	fast
4a3a4051-35b0-4b62-851d-e49b34b68085	16.265	fast
93677a5c-9f39-41cd-8b3a-3fdb9ef42018	27.480	fast
904ae698-447c-47e4-99f0-61217b11d8a9	7.434	hac
bfc88650-3ebf-4c5d-9fa5-38fb5a4a8c1b	22.958	fast
20251b95-0b5e-47e3-9741-c26818904d96	22.362	fast
994f961c-089d-40f5-be68-e9d1446747d2	20.143	fast
390354b5-37b5-4157-9210-bafc8653731c	26.327	fast
5ef54d15-5a0d-4f0f-b118-1860427de146	26.207	fast
fd328cc5-e60d-4e2d-8994-aab801e9ff69	20.726	fast
7c7261de-1c2c-4986-9da8-a4718dc5b513	20.863	fast
d06dd126-a3b8-4b10-bdb1-cfbef5e87017	25.598	fast
a3ccac6d-e10a-4b90-8e76-62aec57cb844	21.744	fast
7430d111-4fe3-4338-bcea-81f2db147ee2	8.626	hac
3d437e5c-45f2-4171-a1d9-67536f54611c	4.888	hac
c117d31a-093a-48c1-b9d8-3456c052105b	19.412	fast
07411305-f9cf-4d4e-8c19-3d62b561fec3	24.267	fast
e5009f90-c41a-4bba-804b-8f287b868d26	24.255	fast
6473ffd4-8e7b-4804-9ca7-e74c0533ebde	25.422	fast
128683b0-a40a-486a-987c-6e1164adc35f	23.190	fast
da5f5bca-12a5-4ece-87d6-3e04df2df976	12.129	fast
c0981a0c-deea-49bb-ad65-93c397602407	18.690	fast
fe46e721-76aa-4400-87e5-edf5b1b46bbd	26.158	fast
0744da2d-b378-45b6-92a5-4fbe3fcb5625	14.991	fast
8f82a81f-996c-49e1-970e-25201dc4bfdb	20.666	fast
4485e481-59a1-4ca5-8620-18d8e0d0a973	24.114	fast
2d98bc7e-6274-470b-8e55-68991042c0ff	8.860	hac
d19881ef-d7ff-45b3-99f1-68a5ccbed268	8.108	hac
3d9e50f2-896d-4f27-9301-a176942a688d	17.697	fast
71fae8bb-ea6a-41f3-bbc7-045fb45d2f93	21.547	fast
f3837507-b71f-4aab-acee-4e85f41b7c88	24.647	fast
d84d9b5f-feac-44a6-912a-9b535e3b6ab4	23.807	fast
beb5ccdc-cde5-495a-bc7a-e0c8835fe18e	26.919	fast
8e5a0e47-516f-4a0d-9f11-6bd97ee889db	12.407	fast
d9502103-6d9c-4677-b7c9-6470687c647f	24.405	fast
5cdfaa74-9e14-4e3c-9790-00d38bd7574d	23.701	fast
0bfb32f4-40b6-4118-8d96-f9f104463c82	23.181	fast
9fdf4b05-c004-45a2-b648-07fe565277df	18.605	fast
8b04114e-4eb0-417c-ab95-0650e8d89202	20.286	fast
a4d2132c-c338-4253-955e-e8fdb573fbdc	23.728	fast
7386fcc0-4d69-4822-838f-41ad1f1959bf	9.052	hac
de973277-3ab5-4e1f-bdd0-ae3e7ee4b731	14.145	fast
a83511fd-7dd9-46a0-b39f-03af1a4a86a4	25.492	fast
3fb1f048-f7ed-44d2-878e-3d0b7498d728	19.877	fast
0119dd26-8bb4-4ed3-93dc-18bd2c1b4528	5.323	hac
110f742d-96fd-4a6b-9952-80ece90b4a57	24.901	fast
2e68bdd6-bd0c-485b-808b-6dcff007f75a	20.801	fast
f708f3e6-1821-4dd7-8560-f63e092595a3	21.325	fast
761d53e6-e7e9-4ee5-bdbf-112cfbfe87f8	19.971	fast
56b88921-f1ff-407d-b814-5aa689061181	21.720	fast
8e61a829-1198-40d4-9102-3e273866611d	24.366	fast
64518798-23ff-4100-bb42-cd02d465012f	24.165	fast
6fe92860-af07-4899-96a4-c4ca10be8d89	25.496	fast
77088b85-1af3-4afc-9b1b-1c2f280823f5	23.420	fast
b961964d-cc68-4a84-87d1-a64903672de1	23.403	fast
55706231-6aba-4aab-84d2-36e05fa46891	24.122	fast
df962cdb-4922-4b1d-880d-fc57406a74bf	22.512	fast
e7bd0c83-9724-469e-98ee-da035448c400	8.814	hac
e94e2d96-b254-4843-b939-8e22bf78f028	13.045	fast
81cf531a-0d62-4d92-b929-21a280a5c697	24.414	fast
254016ce-3ff9-4741-aad5-5f3c12dc3f96	6.979	hac
3f08ba5a-be7f-49e2-9c66-1530249a7b13	10.227	fast
e66cb798-91bb-4b66-9a2d-71f878e5b29f	10.492	fast
88f960dc-2172-4c08-a183-ac0345752c45	20.853	fast
08d3ded3-8b23-48aa-a75f-789a1940e9c8	24.305	fast
03e041d5-fa7c-4f0e-ba41-ccd20f73dcc7	19.883	fast
f88a31c1-3988-4484-b188-0cf8da6b8e6e	15.814	fast
ebd1d1a1-ca05-4ee7-9a69-643cbdf326eb	22.030	fast
0e96b8d0-635b-4cd6-98e5-54b342586c5c	21.848	fast
69b4edb3-a0ac-4a05-8892-6108dbe9d525	26.119	fast
a461ed6d-5342-4811-aded-1214a01124b9	27.456	fast
ded7c630-faa1-4366-9d6d-21331a0b8d06	6.387	hac
e117f956-1a3d-4999-b02d-f99130aac5c0	23.534	fast
a46e7527-529d-4599-be67-e61676ee9227	24.558	fast
d072c89e-f723-49eb-a24f-f20f401dadcc	19.910	fast
db847df6-7999-4cbb-8ed7-ab81332513a2	24.989	fast
199449d2-88a3-4d6e-8899-87594fb3bdda	24.688	fast
1375f526-4d4f-4da6-ab04-28999e389f95	21.085	fast
7326148a-f889-4b5c-a452-02ff1a7c60ff	24.734	fast
a80869fb-dea0-4958-ab1a-eb21ed9d375c	24.495	fast
3d4e6b1e-16ed-4694-b3ae-d032924a8abc	25.607	fast
3c2c6ac2-455b-4548-ba7a-a338f8967c0e	25.805	fast
5d967e1e-b78b-46cd-9343-7da4fff6af52	23.535	fast
4549723a-a1f7-4c8c-bbcf-bf04dc32cb7f	23.928	fast
6656c211-ee48-43e7-98eb-27dc2e9c2fe1	24.419	fast
1b4293b7-edbd-4157-9f68-cdf10269be0c	24.274	fast
5ce1ac17-df59-4bfb-96bf-15d605739d01	8.460	hac
256b5f79-7dda-4a7e-a850-07e7e4d0c1f6	19.686	fast
5b641d01-709a-480a-aae8-3925081f3f4e	17.668	fast
d35937f5-f792-4f8b-8115-97fd6d98edcd	10.033	fast
41adc2ca-0a29-40e9-806f-43da92ed9763	25.542	fast
8646cf96-7fb3-4146-bcef-0434f88c5820	27.810	fast
0739495b-33c6-4485-8ccb-7e407d53e880	7.948	hac
841b0634-a598-4723-b148-9aaa75b622f1	24.526	fast
fcff36b4-9cd2-49d7-9b9b-2a6e9d701d17	23.877	fast
bd44c5b0-e85b-4585-89ad-fae88441fc30	27.559	fast
47571f7d-c822-4df5-9846-43e991a8ace1	20.255	fast
40a1de93-aff7-4e66-a915-b53cf9937ca3	9.121	hac
04f3f79b-d14d-4f59-a24b-fc62ee5598e0	25.168	fast
101237bc-719c-4d27-8bce-a587d6764f52	21.757	fast
f309e41b-146c-4bfa-9bc8-0013b79f5cb4	24.422	fast
71bc3e7f-a1e9-4bba-adaf-9fcbd270540f	24.883	fast
29593e17-c9c6-406e-8aa3-8c4422babeda	26.249	fast
209abbb0-5465-4f30-b9f8-7a53168368b8	24.323	fast
b08df2f2-78f6-45da-8fcc-e7861d4180cb	22.073	fast
c9462ee7-f341-4443-9924-10fbdbe5c437	9.485	hac
ee964074-8f1e-4f9b-8223-f87923b4e466	25.836	fast
4ba4d1dd-00ad-4e8c-ab4e-8e62605439cf	18.007	fast
da0ae4a3-993b-4a2c-b807-f5eddb3fe0d5	23.687	fast
713caef7-0d2d-4bf9-b009-a49d255dfdc4	21.986	fast
92eb11ce-5199-49a5-bf3e-56a593ea41a2	21.808	fast
125a4e1d-aa8b-4b12-b6b4-528cefdea6d2	18.699	fast
ed233699-f52b-4cc9-80e6-ba21257d2fbf	17.127	fast
5c5fb7ce-fc60-4dd3-a178-ba29ec27ff79	6.998	hac
19be6208-3d8b-4e88-a6c9-29a5eb29feea	23.696	fast
82595089-d41d-4651-9f2e-765018775f52	13.019	fast
565720a7-9cbc-4c51-a9df-30a21b0dce05	17.825	fast
b5786659-06d5-4182-92aa-d4006a55b99f	16.040	fast
6cf0c8a4-8472-4247-93ef-09c00e946991	24.487	fast
825ffcc4-28e7-4364-a0df-e7ffbdb17407	21.949	fast
1e242afe-be47-4be8-8d57-e852ab479d3e	22.459	fast
52e7776b-71e9-42d8-855c-ae2d3fb4fac3	9.183	hac
27a965ed-aea9-4250-a4e2-0b30a1c753a4	17.361	fast
17fbc154-a8a5-4550-bd90-b85248c78570	18.442	fast
f62440ce-9c63-49c5-aee5-601dd57526c4	23.679	fast
e56e2b98-4be4-4d82-9d2b-2a600da1332b	8.075	hac
b08753d6-c904-4fac-9fb8-6ce515a160ac	19.789	fast
53cdef54-3ccf-4a63-9762-dc4931d0cb8e	23.877	fast
66113834-126e-4d0b-bc1f-238d71bba461	12.861	fast
ec7d3ec7-01c7-45f1-80de-29a9a805d32d	8.373	hac
1450f7a0-68ac-4cb6-9620-161440ea109b	20.158	fast
87b72403-b3fa-4ec0-a413-233e736395b2	23.716	fast
76a0ed45-8356-4ed3-8594-01bd06449286	23.701	fast
02088d0b-56f6-4ce4-9a69-b57e1a7ba021	23.629	fast
e2e70c3a-006b-4328-b8f7-f571965f6064	6.311	hac
54811615-89ba-4116-9f71-300885ca1793	20.859	fast
a43d6feb-0fdf-4fa3-b75a-bb0e4336e52e	6.421	hac
6e3503ea-4409-4503-912c-ed29dd529a76	19.263	fast
0de721bd-06ff-434c-88f0-595a1987aab4	18.472	fast
6ca711db-7bad-45ef-9f35-de139c14f608	23.655	fast
6fe2c9ab-8673-4aee-b6cd-75b7b7926474	16.076	fast
0cfda281-cfbf-4afc-a83d-729034de09bf	21.656	fast
053c9e1a-0457-47e1-9520-b0e1565c6fd5	11.713	fast
286a4b3b-bdd2-412c-844b-2556025892b9	14.283	fast
60832313-1a68-433d-a5ae-7822fd16d5a9	23.153	fast
6c6ec11b-4c27-4be2-b75a-e84336333ebb	19.762	fast
1c346739-9e9f-4271-8ed6-ee9560dfbe86	7.805	hac
c3c1a914-8f8c-4ac7-8859-49c78014433a	23.301	fast
a6d4e851-81e9-487f-a0ad-6cf1bd7beb5c	17.680	fast
e6df3d96-7435-49be-8d26-cbeb63c44f01	7.331	hac
fc3e0913-b57a-48cd-96aa-d1e51408ebaf	24.128	fast
572de77e-1242-4160-81a2-b216b8ec1acf	29.306	fast
8596bd2e-b399-43f5-8ec6-30087f2023ea	22.892	fast
35160b45-0e18-4524-a602-7f915b0101f8	24.754	fast
8bcb5f43-7670-4e93-8ba4-a8b299f2f683	6.478	hac
f4e6de8b-e19d-4e84-b8a9-ae8abd6f8d70	21.226	fast
5b194ec0-bcb8-4643-b497-fe5c9ba7cf81	7.063	hac
1557e428-07e3-4f57-b058-34efd8d07b2f	25.075	fast
0664050a-0df9-4769-ba1a-2d9f28b826ed	19.557	fast
4a436851-4675-4c07-892e-34083a3e26c4	21.431	fast
5804ac83-f979-464d-a9c3-8f2dfa73b677	19.372	fast
244757b7-419a-4e75-9656-d35539809111	10.003	fast
2c7f614e-aa3f-4afe-a32f-534da7675010	21.638	fast
6481022c-9396-4098-a32f-2ba048280b47	21.370	fast
ed0eab6f-6a5c-4961-952f-670cc82c45d1	26.051	fast
c48a645f-9ddf-4743-b26f-3d5545fe034d	9.105	hac
4051ae50-375c-43f0-b003-2a64348a0873	24.822	fast
8d701c00-52a6-4fb2-b89c-c6ee998144e6	20.546	fast
7a55fe19-6a09-4251-931c-cb44991f87ba	23.086	fast
544373e4-90b1-47a9-9d45-a3e579035e01	23.935	fast
30e31f3f-4e57-4c61-8eef-e2cf31b2e77d	23.378	fast
75624196-a23e-4acd-8d99-237ed937b53c	17.983	fast
d9ff8b11-e90d-4c01-bf12-fff18515de63	26.011	fast
40f4642b-a653-4b67-bd7e-ffeb5e16b85f	19.941	fast
066f89c5-ce29-4a0e-b068-f6455b866f8d	25.562	fast
fa110324-9c1b-4a50-b92d-2c26dc2b0ea0	25.848	fast
fa6a5aa0-5f10-4fa1-a154-cabc1c88689f	9.426	hac
e4f58f06-4bfd-46b1-9067-a6686fc38bac	23.560	fast
08c7c5de-ddf3-4b88-bceb-0ce64feff3df	23.681	fast
92491714-4e6c-484f-aa6b-afcbb88eff67	19.902	fast
812e5ec7-568c-4114-bba3-b63aaddb9e70	18.559	fast
c3966212-a0c8-4914-97a3-02280269e84f	7.998	hac
37142392-5f2e-45d0-880a-2b675eaf0e6f	11.471	fast
61b00b40-feed-4e7a-afe4-61dba12c334a	24.603	fast
bf391fff-00b7-4ae1-a11c-d7dc63545e39	25.889	fast
e7ae0534-10fe-4c19-ac00-e7a2f42a79e3	24.519	fast
3887167b-ca6a-4796-8246-7bc70548640f	23.583	fast
567d5ae0-5374-4756-ab3b-a215c032ccc9	19.398	fast
03cbe35d-b109-4bbe-9669-215f47c07ff5	25.757	fast
1f232dd3-6aae-47c8-98e0-0b814607d5bc	19.198	fast
63b70539-2e41-4e47-bd91-888251e45ba8	8.863	hac
58e9d598-d221-4c3e-a3d4-8e57a6b09035	22.863	fast
f982c924-5366-4678-92b1-eee485aaedfb	26.245	fast
221245c3-5af4-404b-a86f-23900ca16849	20.890	fast
54f4bdb2-91be-4610-bec0-5b0b7ab9b47d	20.546	fast
92a2a7bb-b4dc-4558-a40f-4c8bbca955f5	24.428	fast
98c23636-5f8a-4fdb-bbaa-7ecf3bc38017	15.221	fast
bb116780-34d8-452c-854f-9b3201ef3c29	23.397	fast
148eb3be-2e9e-43c6-92a6-4686f5198bc1	25.463	fast
3874711f-3679-48c0-a0eb-6f5575858aed	20.592	fast
fe6082de-e365-49b6-ad71-d4d4c589996d	22.279	fast
ae11725b-e320-4132-a763-6f06d2020e63	22.885	fast
b80ab95a-985d-454e-a90d-6fac6694640d	22.294	fast
c85d7a92-5b13-490e-8a83-5196e5b3c004	23.709	fast
39876a03-e171-46b4-9b85-a06513edc1ba	25.510	fast
50ec2e74-07fe-421b-bf1d-64f306c92e38	24.991	fast
eca98561-7df5-4583-9b79-7fd948350608	7.600	hac
1ffdb288-291f-4ca5-9f77-72548a741429	9.272	hac
4f5a8166-7b15-40b4-88a4-2f25edf2204e	24.171	fast
6ecf51d5-9004-49a5-b4bf-31908d2b7d0a	21.967	fast
69cd8d9e-00ff-44cf-a4d5-a076feaf8038	8.558	hac
dc6ec2af-7f9e-48c5-a5f1-9e4315273c51	22.818	fast
006a76cb-f3f7-4df4-8267-1c7ddabea6c8	6.628	hac
468a894e-a1bd-4bb4-9ec3-bc5500b28246	25.953	fast
c216c717-191e-4929-9f93-cf7b01b2a8f1	9.321	hac
325f34d7-b8d8-4c35-8b7d-4c993fac414d	25.048	fast
4efc8e4d-8cd5-41db-8dd9-1c94341c7563	9.844	hac
a44efd9f-a1a9-4226-884e-560157532977	26.293	fast
c93c7ad3-e1cd-4abc-b54c-108581522705	25.988	fast
72d000a6-bcca-4969-87d2-d7a59cd99164	21.616	fast
b4402608-01ed-4ace-a039-9528db62849f	23.750	fast
057c1229-1d34-4edd-9669-0bc9732a9e2c	19.169	fast
978479fa-7107-4e10-8b2c-80356a9010cd	24.450	fast
18481bde-cc3d-4c7c-8c88-ca95e6a93be4	22.265	fast
db7ab549-a909-4839-bab7-40746695a6fe	9.007	hac
e6431586-b6fc-40e1-b7ac-fd1daa8e8a10	15.525	fast
32539ea2-d59a-423e-ba10-4ad7b2c7e327	22.537	fast
4ad00092-eded-4930-96cd-ca230e7a1922	20.684	fast
1eb377a3-2ad7-4907-9d9b-a7098f35321b	18.891	fast
4b9e0316-570d-4ffd-81b0-5131634dd619	24.749	fast
174dee1d-3d21-4a71-aab3-e03cdc78cca1	23.171	fast
e70eccb2-3f0b-485b-91f9-f3fe2f842e66	24.505	fast
d5c062e6-6ad1-4e38-a86f-f37a863e6683	21.061	fast
46548107-ac2b-484c-a063-a7cbbbe4629f	8.162	hac
e797e33b-586b-4660-b5bd-933d4da2e492	21.663	fast
d9619a7b-491c-4a53-a312-f52ca9fde7f1	25.721	fast
bec47584-f2bd-4818-be3c-f9474993c105	21.216	fast
d3e202e4-daac-44dc-a807-5232a48d165b	18.893	fast
b33af2f6-d31c-47d1-a203-3152c1d26a88	18.646	fast
ff259735-df67-46b3-9c74-b4d462550281	9.528	hac
00fc2a6e-ba6a-47c9-80c7-6c2dc9a4c973	22.198	fast
9a51e42e-3845-40c9-a022-4253107e0273	24.475	fast
683fedaf-d907-4557-b969-b2057d106a47	22.574	fast
79ffac29-d16f-4d9a-8aa6-37d60e1cd5b7	16.438	fast
24f739b5-e034-4d4a-9575-53e3ffa7bc96	25.988	fast
9a96ce0d-62a2-49e5-b951-8541ee253092	18.209	fast
68a64d40-21b7-4e85-a8ff-854195fe0fa2	24.698	fast
4708f445-6140-40f2-b603-2b50617043ae	27.745	fast
22abe677-f5e1-4bfe-b5d4-0b40573a05f3	12.517	fast
746b1cdd-7dc2-4920-9edc-976214ed074b	22.403	fast
f4f6f30f-3164-483e-b847-52976a6fe87b	8.421	hac
88a7dd20-b5c0-4da2-8392-f12e8318dd9c	8.995	hac
63588018-045d-43a8-9ac6-6eb574dbcc2d	19.269	fast
85c06685-b3ff-4187-892b-8b705febd059	19.310	fast
75d50f7f-5999-465b-ae4e-7c440a067baf	27.162	fast
70497e32-733a-405d-b871-0955c62c19a7	22.944	fast
049cd75d-35a1-4074-9e5c-8e425c69b8c2	18.081	fast
77322f23-abae-4608-8a9f-4427447f7275	29.129	fast
a4dbf4b9-45d8-40ca-ad47-9756e1ea70a4	25.338	fast
e3edbf95-e8fa-4b3b-9a1b-fddd7eb25f7b	22.530	fast
443051fe-e7e7-461e-8381-e180b3087db3	9.003	hac
9cf34a84-129f-44f6-84d2-1c0aae4eb0c9	29.170	fast
e4fe51e6-c3a4-4151-954f-72a3508c10fd	17.924	fast
349e9bb5-f748-4056-bb67-108891164e93	22.775	fast
d263cb49-fb49-4855-b0e3-988a66e2182b	25.654	fast
ac320c18-3f19-4d68-ae0b-634fc4a0d5cf	23.995	fast
5b4c8b2e-34a0-4387-9613-f26d21ecac63	8.530	hac
e73fb176-4946-4a72-b76a-2800319cd45c	9.424	hac
72ffe467-a652-4a62-9039-dc1a77c63d91	21.271	fast
71e58732-6531-412c-b65d-cb59ffd986f3	22.875	fast
1198496d-6bdb-4e6c-944a-d273765ba71f	23.859	fast
e90f7d6e-e165-40d1-962e-767264131d1f	21.915	fast
26fc54f8-1d83-4266-88d7-61e044fa12cb	24.776	fast
a31af9a1-a04c-414e-be05-5a8ce30f30ec	22.931	fast
3c92719b-5442-439b-8058-d85775d0ea77	17.140	fast
230e6316-f21d-4149-9923-99203b540cf0	25.324	fast
0729d6c1-816d-4dc3-972b-a5a074737fef	25.905	fast
3f7b794f-6345-46bc-8aa0-2f7ace853e17	24.053	fast
c60d2a52-fb9c-412a-8437-811e3a968432	14.972	fast
089b3e34-c82b-4a42-ba4e-a9c2f9de2b72	25.831	fast
61cb50ad-00d6-4394-8cbd-5328cec4c0da	25.710	fast
0342c993-ff6f-4b4d-9c9c-60cdebd1d490	24.081	fast
c6b40681-993a-4e1b-9963-3bf81f01bf6a	21.925	fast
31713451-4ae2-4d86-8d80-bec12e6a6513	23.722	fast
9f19048c-7871-4d4d-b407-7577e20d523b	25.021	fast
6a765fd4-9923-4746-acec-852e4706066f	17.199	fast
3a4b0cf9-f223-43fe-b660-7cfeb17a77bb	9.962	hac
db0e4ffd-bcf5-4156-bbd0-a6ffe72b7c9d	21.430	fast
64efbca3-508e-4ed3-8f34-420cb2ee7017	25.535	fast
6af4e133-85d3-46b6-b090-082ca9833c42	23.593	fast
b05bb205-92d0-4fc4-8636-6900062c11d8	24.159	fast
c8f0b2ea-6c2e-484b-ad27-d6f62f417f15	18.882	fast
6f363da7-a421-48b6-b97d-364bf1561327	25.112	fast
a450a272-aec5-43d0-a5dc-a9cd57340d5f	9.083	hac
692d67d1-7b47-4c3e-8814-38863c73b11d	8.308	hac
4044a066-0015-4dbe-bf7a-64d8f1e2ab82	8.900	hac
680e3709-82b0-4bac-bfd1-2d38381eee64	20.460	fast
484aa7b6-a4d5-484f-a960-9c9928bc56b1	24.765	fast
9bd669de-6cee-4444-878b-44ab49d4cb3f	24.133	fast
3f572a24-b4f6-4586-9930-b717b5152283	9.121	hac
c4ded0d3-c118-49ee-bbe3-14f958a680e2	22.035	fast
870ca17b-21fc-4d9e-858f-bef850f6a55c	9.796	hac
2b8a25a9-db8d-4c4a-8ac7-63a0782a85d2	20.198	fast
7795c65f-285c-4b40-9293-6c8e6eeaf4b1	24.430	fast
5326dcc8-b912-4f8c-a5ab-e1df5c55b074	13.437	fast
ff866687-1da5-4daa-8011-b4b3e0ac245b	19.179	fast
2226a4a3-3a03-46b3-b3e8-c437b4b46f0e	20.260	fast
8b362262-e841-42ce-b71a-bdb3e174bac4	25.277	fast
485a8fdd-9d3f-42d7-8f68-b90e6449649a	26.999	fast
9dd5081f-4377-46e6-acab-d2cb303e90af	19.789	fast
f0119ac8-2e2e-4327-9dbc-341d5280870c	7.329	hac
483fca4a-b935-482b-a40b-60c27064b1fe	24.163	fast
91037f47-85ae-4390-b0d9-f76cd11b178f	8.540	hac
365f5953-96ba-4698-97cd-94d91f5ca077	26.416	fast
245ed762-dc35-4bf5-a1d4-701ed298454a	20.607	fast
1f13b11d-1811-4488-ada2-c83ddd82fae2	8.990	hac
d05b9a5a-cea1-41f4-8aeb-889de990bebd	23.247	fast
822472a3-daeb-4591-b6fc-d5889fae165f	8.134	hac
2bc324c5-6ded-49bb-aae3-7ea276f1c6d8	12.427	fast
2c02ddad-3587-4013-b353-6d27769b860a	24.224	fast
75fc23e3-0e1a-4057-b7d7-18b0aca1e8cd	24.218	fast
3e929e29-bf5f-4f51-a2ef-f7ec45be92b0	11.895	fast
ffd3cb34-fff1-4fc4-bc48-58b3711b7dd9	26.183	fast
2851e09d-77c3-45dc-b60d-63f70aca5323	24.003	fast
e2494ca4-dc83-4633-b8f0-4ca483a09241	8.707	hac
77a04154-f82d-418a-9913-ad3769a13e2f	24.256	fast
455db4e3-04f6-4403-a282-1843c5fb1e4c	11.433	fast
e4d3a05d-fe5e-465b-bb34-2a0d286c137d	24.664	fast
e4305510-11ab-4b59-902c-5abc461c4f34	27.712	fast
fd3e5bb2-e4dd-4477-a3ed-5e3485ac7eb8	18.608	fast
aabdcabb-c8f5-4844-bd4c-b25d5c23a20d	23.219	fast
5ade67c8-68db-4b73-94be-69bc09c4f5a7	25.601	fast
994548cf-9bc5-458c-a4f2-51f247b7f228	23.275	fast
867ed209-8bee-44de-a0aa-f1d95836d637	21.972	fast
2fce9356-4895-4a2d-ae98-c7e5772c23ce	6.102	hac
271eccc2-4d3d-455e-a737-6562401670b0	19.256	fast
b36eb996-111a-4573-8aa4-beb39316a4c6	23.982	fast
5063f4d8-66ff-45e9-8c48-0e4217aa3ffb	9.562	hac
4d9a904c-91fe-4078-8d8b-94205384a73e	9.162	hac
d33a1467-3bf4-4d3e-a4d0-c961567e475b	8.606	hac
005f550b-e479-488b-a067-f441ce8ac772	18.353	fast
8541a91c-af1e-4279-b5f1-1bc6797b643f	21.586	fast
940c29a7-7fe5-4ba2-bbac-3f57af39bdc7	9.228	hac
da8f7b13-ded5-494c-a204-668e7c16062d	20.990	fast
3158bc3d-98b2-4580-8c0c-8f7f8ed6a462	17.969	fast
c17d9367-c4ff-4443-96b0-cdebee8c932d	21.838	fast
e3e606e4-8043-4203-9e36-0240a2ea63ee	6.955	hac
503dfb4f-f26f-44c8-a10a-4f1a5aa86f87	27.968	fast
e9644eb2-5341-4917-ba62-a4033382ad3b	22.727	fast
2609e45c-5a1e-497c-87bf-39ce18d0d209	22.456	fast
16bce927-9304-494c-af61-307ebf3ada52	26.888	fast
e98f4145-3f24-41ca-b0d9-b34fb1fdd111	8.115	hac
763f2941-f701-44fc-8341-ac91a6c038cd	24.273	fast
7325d908-2bc7-489c-9327-b051c63ebb8f	8.927	hac
a993022b-cca2-48dc-8005-38a61401580f	23.909	fast
70e8b0fc-d8fb-4d33-989d-e673b64036cc	24.471	fast
12dbdc8c-bf64-470c-bf05-d23b9b8b9ab8	13.943	fast
33a86216-8770-4a43-84e9-b659d1cbc0b6	23.799	fast
4acf7a41-b975-420f-8ce3-91ca6d116772	6.000	hac
1a73c41a-0570-4162-ac10-0904cac1a823	25.766	fast
392738dd-c5b5-47a9-a9a6-70b0ecca3593	24.901	fast
6fd25a28-bbb0-4937-bc0c-d78ee6a4b682	23.163	fast
68149f2d-7ee1-47ef-a49c-7d31c6eefe99	21.315	fast
ec46bffd-2a5d-4906-9b8f-2290d0034564	23.329	fast
0da730c9-4ee4-431e-91ee-64c00824bdb5	23.987	fast
e7fd89c8-bd08-4d73-9dc8-3ddeba0f7aa5	8.139	hac
b1e4cf97-b68d-4841-8b34-4ef0086225f8	19.872	fast
9c49b347-8ee9-42fd-b10d-edd239623def	3.678	hac
479a86a2-e418-4800-b1a0-fb763c585166	5.049	hac
2cd55da6-3598-48ad-a2ab-13f9b1beea33	18.851	fast
0a3c2ede-0cee-4d66-9e49-467f7946f85e	12.027	fast
35029921-2f53-4d8b-9ef2-07ef3961e019	21.709	fast
a49a178e-fdfe-4569-89da-4146648dd1c8	26.296	fast
717bea25-ab12-43be-bf5f-9ca5a589c09d	20.393	fast
df7c13e2-9af4-4eb1-af51-337c25b7fbd6	23.245	fast
814bd21b-5fdc-4c4c-b6a3-981613e94dd6	22.594	fast
ea397db5-5e61-417d-bb1f-76474fa85763	23.672	fast
e429ff2c-70d5-4cf8-b00d-b87d642f2a15	23.318	fast
505e73fb-0769-424e-bb57-2b3e270d8adf	8.101	hac
94ef9362-8925-4aa8-b35e-d3454bc72580	18.292	fast
0ed841e7-41b6-4b64-8f32-3f5a71593ba7	22.554	fast
39ed40c4-c8d4-4de5-a1fd-aed170f56d49	21.746	fast
85d32908-8b06-49d8-8aec-a661fe499eb3	8.255	hac
4488b9a5-87b1-45ad-9fa9-398c7b1bd296	18.244	fast
2309b4b6-b0cd-4b0a-a491-4df1f52c63d3	24.272	fast
374e404c-7917-44d0-9bf5-f21d50d1c4f3	24.352	fast
0f272ea8-8743-40d1-bf0e-4a8be3d511fc	25.519	fast
6225125b-4568-4144-a20d-07ce3ff5c7f6	21.905	fast
8aefaa47-b7ab-413c-9c19-100d183bfeca	19.379	fast
8d79a50a-7d7c-41f8-af18-d36e6dc0c1f0	20.480	fast
66457e98-1f5f-48d4-9868-0bdbc26f19a6	23.079	fast
3cb35979-8b35-4175-84d0-c14664efb248	20.532	fast
f730d77a-50de-4d7d-97ac-ab8dd8ea6548	15.298	fast
89106770-a2a7-4bad-881c-03adbf8f6c9e	18.010	fast
a2372b2c-867a-4da3-b749-83f0b8eb83ac	14.794	fast
8fe20ec2-d1da-4f51-bec0-4adb3a18e5d2	23.420	fast
9678158c-af8d-4f8f-a1fb-b713c417c18a	23.060	fast
252e0f01-f8f8-4916-bb13-c57c2d8a632e	9.794	hac
933dc594-acaa-491c-9d9c-97547e8fa6b7	27.025	fast
d1fdfa03-e24b-4563-b2b3-c30b1102dfd9	22.754	fast
db8f4c6b-921e-4457-816d-9b480f572832	20.672	fast
736ca768-97e2-4911-a145-c15fcdccc617	5.103	hac
8b970448-e6d3-4c66-a1bf-82b5c298f43d	23.756	fast
e2dc2bb4-0421-4b4c-9524-40e6e90f875f	9.190	hac
8274442b-00e4-4b0e-bb4c-24583aa896a9	8.485	hac
5965f6f2-a99f-42ab-a157-5ecaf36d199f	10.079	fast
12fdeb29-77d3-4d18-8447-eebe0592c252	20.617	fast
17910eea-e7ac-4be8-8585-c98cbbdcce38	23.430	fast
74538386-93e0-4865-9a43-dc77d506b046	22.259	fast
8ff7beda-a85f-49cc-a9cd-cb0ccc298045	21.641	fast
fd3040ff-7eab-4e61-8a46-0af4d4360c43	23.940	fast
c2552023-4685-4578-aebc-3621c2d0c395	7.263	hac
3c47ece7-a094-4da4-8634-059f8e707b02	29.562	fast
b09661d5-12d4-4f72-987f-f64a7f4c148e	20.289	fast
70a39131-5245-419a-a89f-df1d478c06af	8.824	hac
818381f3-9643-4afa-a0fc-0723a4f228a8	16.595	fast
3cd5720e-f6f7-411f-a528-481570f0d5f5	21.968	fast
2245fa6e-af85-4cca-93c9-96a95ec349a2	25.182	fast
41d7e062-4f2e-4d0f-8a9e-bd090ebae7bf	27.439	fast
f4ea6b6a-5775-497c-8371-e48d0b5ec7e0	25.325	fast
5b339efb-859f-4bb2-a77b-a80c715e13d6	24.855	fast
ac90457a-1773-42d5-bd90-bf4bf279c5eb	7.869	hac
24c1bf0f-bf38-42b1-bd04-197aff5c20a4	22.817	fast
88bfb021-84b8-4986-b66d-dbd475c92055	20.902	fast
19742a29-e496-44a7-b71f-58f641af5348	25.257	fast
d6412e79-990b-4106-9e1e-41480cb898f8	25.376	fast
92d648cb-3293-4497-9cf9-46054b65ed3c	11.247	fast
659ab65f-f315-4ac6-ad05-52f1a5b66342	20.733	fast
bc8a6916-32ec-468f-a102-cfe04af00e2f	9.153	hac
8d4cc3e6-1704-4dfb-afb5-746ec97f9e86	6.714	hac
c65666f2-f17e-45a4-91e5-ffbfbc69084c	9.330	hac
3de658a1-a5d5-4634-81f0-ce74841ee45a	8.661	hac
6ada586b-1f97-41d4-9230-81dd2165400e	23.426	fast
84c45f82-5b09-419b-93a1-f0c3203cbf60	20.163	fast
e306f1cd-372a-44ae-a658-66341e5edfb0	17.191	fast
4cd64ab1-821b-461f-8eaa-dd5bc3a4bd93	24.359	fast
51678c90-9fa8-4e0b-95d9-8341e696c9a6	27.781	fast
b794dfdd-286c-47c9-8320-16e7e5d02e56	9.504	hac
5c591dc5-ba1b-4caa-bae4-8a3142dc99a9	20.800	fast
6efc2459-1505-460c-9921-be71dcb53f17	22.948	fast
f0525de7-b58c-4d85-8a24-e840edef3668	25.801	fast
bd1cdd63-ecc1-4fcb-97e5-7555f6ece53a	8.051	hac
6e40ac59-cfb9-468b-a17b-d9d05d0bbfad	10.701	fast
ebc935c7-2e6b-4417-9f89-042966872b94	18.305	fast
c2d46adf-c026-4a7c-b7f1-ee304566d405	25.471	fast
a4df4cd2-9f3c-4c3b-967f-3ced5214218c	17.741	fast
36559639-c430-40e8-8a57-218c20b55000	9.089	hac
bc55b4fa-399c-4a57-91fc-2ca63d10c490	25.224	fast
cbae0bd3-b513-4e33-83cf-fc8a038915fe	19.265	fast
dad9db74-79ac-4129-b461-e0640c5e355e	19.585	fast
8024f249-a61f-414b-8532-8f843944add6	19.861	fast
3462974f-7581-4be3-b483-dcf6f18bb2e6	25.539	fast
5e942b48-dcfb-41f6-94db-3673ec424cbf	20.311	fast
95e52e82-b86d-4ddb-a6d4-a9eb3788e8a5	8.263	hac
bbf7756c-fb74-4ff9-8f3c-26e7f512912b	13.896	fast
63b75e55-b966-415a-a5e7-6c1712dbdb41	24.356	fast
45590ee9-f38b-4773-9b57-729bda9a1544	22.692	fast
d492d740-5578-4917-9d91-25324f81b09f	10.753	fast
8c313856-f772-41ad-8cef-508085605f28	8.371	hac
dd644684-43ba-4823-91bd-7cd80a7599ac	23.744	fast
0c292937-e018-4866-8065-5fa7053ba389	25.028	fast
a31de11e-5ea0-4683-b8c6-bbc3e7326010	25.867	fast
75f5f936-5bed-4f2c-9ffb-b37291bb36ad	27.350	fast
5066123c-e656-437f-a75a-736d6ebd88bc	11.267	fast
01868b2a-a1bd-4ea3-85b8-c95d30045534	22.719	fast
4fd25d17-90c1-4c61-b016-7754f6aa8a18	12.451	fast
b55dc933-19d5-4747-81ce-42e17015de0d	26.459	fast
ac66b8f4-cf7b-4a80-8bfc-91228b2744e0	26.919	fast
0c4eee67-ec56-46e0-bc6f-53f619d9e4d0	23.497	fast
4c95a357-4bc9-46ad-a225-01854bc1b4f5	24.905	fast
8581d82b-9867-469d-8c8e-77d423193308	22.860	fast
99e565ad-099e-4dab-aacd-24f741b4b91c	23.328	fast
f44efdfe-ca0d-404b-9d90-e68efc74db36	8.439	hac
0cc6b0ad-24dc-4e91-b606-caaf098610f5	27.045	fast
f462804a-c16c-4e65-9ecf-b54b7900e695	24.945	fast
c3ef55c8-95a6-402a-a270-7a336de40029	5.380	hac
f3775306-3666-4193-ad0e-6fbd039d5209	19.890	fast
031c487d-81cc-40bc-b99c-68d5423fbd2c	6.082	hac
65470ac7-2ff7-4c27-be23-2fcbe93f79ed	21.794	fast
086e390a-5255-4416-935f-32d8d959b3f2	22.279	fast
4920117d-6269-4e11-84cf-a979d3d69879	9.073	hac
ee13473a-534f-46d9-bdb3-c043272b7f22	8.662	hac
7b6949da-7702-4d9b-a60c-cefbfd74903b	21.640	fast
a6fda9f5-91c2-41b1-9287-e4d089517a45	26.306	fast
5761a70f-ee72-4eee-b34f-92911df1363b	11.165	fast
83e32540-e57a-4c11-9cfd-6e938834505a	22.227	fast
e61f5efe-2cac-4231-9f4f-c9a4cdfae21b	15.228	fast
43678cdc-0319-4dbd-912b-6714424e0b7e	20.781	fast
59c9e513-4931-438b-9dbc-4ffcb499228a	25.845	fast
1d24418a-b740-4d8f-9c3f-5d7f36d9f1c7	20.407	fast
cd8c9c79-4cbf-4627-8101-50fd2e848403	7.834	hac
c1e8bdf7-0c3a-498c-85a3-fabe113e8c25	25.283	fast
a813ad8e-1ab3-48f1-992c-610093830c2b	29.253	fast
6fa530f7-70ae-49aa-aaf1-9cbad25a6a11	25.193	fast
d928197d-ca74-44c9-8f90-fa5e9364da6a	24.193	fast
faf515f5-f421-4aac-8b8a-e2a6df8a165d	16.642	fast
24508268-7faa-4203-b16f-644e53c356ba	18.469	fast
76e423ed-62b7-4f02-989c-5b2ab354986e	20.260	fast
8515ab80-a6c4-4084-bc70-4d1abce96fb1	19.298	fast
8e289516-47ff-44c0-9844-c7035b00c493	20.436	fast
e025da01-d406-435c-b541-5218c2e9dc7f	20.013	fast
bb72480e-5944-4f05-9085-aa5951f2c1b5	10.711	fast
f04f9096-1e96-4ef5-a7d3-51d2ae955766	23.641	fast
0d1f8c38-afb6-470e-9191-c35e14456c87	8.316	hac
40260e2e-6c2c-4fee-92f1-626aa387ffaf	24.383	fast
d0d5ab12-0cb8-4d07-88e9-46d57a198621	22.633	fast
963bb3bc-766b-465e-b4d5-272469b81394	21.452	fast
1ddac4d0-4aef-4ec9-84d9-81a77c60e147	22.532	fast
5bedce48-5d08-413c-a1af-c97e8c70631f	26.139	fast
290f7ee5-47f3-4544-abee-2eac79a733e2	25.542	fast
f081b075-8a25-444f-a76b-b2ea011d255d	8.993	hac
2b64e9b6-885d-4600-bad8-83988599a0a3	8.186	hac
421f17bb-9546-49e6-aef7-fa4c61c4cdb5	19.292	fast
c1040e17-c88b-4cd7-b556-ca6b61df211a	24.548	fast
5b425dec-ca04-41fc-9634-0e7129b165e7	22.718	fast
dcfc7fe0-161d-43c6-9fd5-52fdaa02c256	17.522	fast
633faf0f-c124-490a-830e-080283932119	9.032	hac
8cf797b6-8cdf-450e-9c42-00ee9aa060f1	23.614	fast
adf08e87-3307-4743-b896-a13da58509e5	22.529	fast
7e3f5843-8535-4c26-b877-0d005769f3f0	23.492	fast
b76dc0b5-c4f7-4c53-b553-28a9206e6430	8.194	hac
18f54bb9-3d3a-4ee7-a0e6-b0cb9e201561	19.446	fast
5a3ab3b8-7c8f-46de-b357-38ef2d57a1b8	8.463	hac
89331e98-17dd-4fae-b390-e02ca6346b48	22.149	fast
7d78d0e3-abf9-4860-954c-b86d6975f6b6	10.534	fast
1ff44cfe-176e-4eec-ac9b-93c50982d411	22.494	fast
b407d637-f1f1-4a08-a50f-baee849bec60	26.391	fast
c2f40c00-cca5-4672-ab6b-e000765cc6b3	23.337	fast
ac1cd0fb-17de-4eb1-9897-dbdb7066b87c	22.758	fast
a23022e3-2f74-49f8-976e-b8041b0ad82e	19.134	fast
28808756-6c7b-43fc-8249-39cb2171ae5d	7.730	hac
da80cba2-fd94-4bd4-9090-7991807e1311	27.301	fast
08513aa3-ab48-48c0-bdf9-bf9e25119dde	21.784	fast
cafb0b49-a630-4470-89f5-69459b7faf50	9.733	hac
e1f9f73b-2344-43e8-852d-931767f73a84	26.580	fast
d34c78cb-d9c4-484a-a211-3e22dbb2f5a0	24.182	fast
c641794a-b1b5-4f32-a6f0-222e6e88154f	8.140	hac
cf08ef5e-3798-46ab-ae19-ae888d8cb6b2	14.549	fast
dbe6239e-44a2-4292-831c-b00f131dc9ef	4.340	hac
435d656a-a345-44f7-bb25-5d89a13b448e	22.145	fast
48c0b83f-3c94-421c-aa2d-7c9e2f0e1e8b	30.731	fast
e1238efe-d3b6-45ce-a21c-1649530b9e4c	8.497	hac
e8f4a2d8-9638-4733-b9c7-8e95e656816d	22.801	fast
6d691637-0935-48bc-8cd9-59c2be18f8e4	28.761	fast
5dad8480-7839-44d4-aefc-f848a465c15b	17.558	fast
c604891c-8c25-4537-946b-d6f7c6f8c478	23.984	fast
688976cd-650f-45ee-8c17-dea61ed7e086	24.122	fast
30515c14-b411-40be-8ec3-c09d055fa011	19.459	fast
6a27a61e-4ce4-4f39-960a-5a7e09c7cbbc	18.786	fast
addff391-f1ec-43a7-ae43-14ae69b884dc	25.812	fast
4018227d-0de2-41e5-8649-10bad88d4f1a	21.470	fast
1e5f2c14-82fa-412f-b463-40eb1636c63d	21.667	fast
32d14b2e-ce1e-4d73-a385-93f577f7d860	25.730	fast
978ca5ee-2996-4343-b367-daa2fde5f8e1	22.735	fast
a6715fad-1213-4044-bd3e-51ea24393997	22.301	fast
13d4e7d1-bbbf-4321-9ba9-0321a65479c6	18.167	fast
51a34164-ff20-448a-baf9-6a6193e53d16	22.623	fast
c569f2e0-829f-4804-9b33-4b361b72b233	17.966	fast
604b30dc-f12d-4103-a152-b51fb33e8966	8.047	hac
1f1c3701-634c-4a1e-b0c3-3f37ef829fb2	9.255	hac
c434c832-cc01-4718-8f22-043ab0d91979	20.877	fast
893d090b-99ce-4765-a36e-ee24f3097f3b	26.376	fast
f842e493-f126-4128-a641-5d81e124381d	23.666	fast
7801f161-8a23-4e04-80e4-ac022e8f47d0	21.478	fast
2a8d059b-3bd7-4183-a683-a2cad81a1463	24.317	fast
38e14177-47b6-4e2f-8c61-3205bd1dda9f	19.206	fast
661c3c15-574f-493d-a2dc-fdd03559136b	21.384	fast
8fe69421-12db-42c6-b7ea-79c0e50ea38e	20.208	fast
7309fadd-c8e7-4572-8173-a4ce30e86467	10.161	fast
7b629169-59cc-44b9-9d44-8db542512e7b	27.982	fast
c6cd0778-7645-4cae-a8a0-608a0580c5f5	19.748	fast
a1479eac-4919-48c3-9d82-4085c8ca1438	13.040	fast
d430082f-8c38-4d4a-bbbe-00b490b93d26	20.338	fast
aa7695a1-6d8d-4c45-a523-9a30f3e4cb50	22.988	fast
faa7b6d6-c33c-4e90-a473-91d75bfc9fc6	10.037	fast
34f8f87b-cdcf-4621-a9e6-6c88a44d33c0	24.013	fast
e349bd3e-d099-4204-81b4-173528e4b887	25.716	fast
5ff15d93-6a13-482b-8957-65145d6c1e47	5.068	hac
8d7477cf-6d45-4e8e-b321-d33cf901806c	8.560	hac
93b4bc95-f419-4c17-90ec-36018e338422	18.677	fast
92902f75-ec85-4f00-8e89-3e8306b82e66	12.620	fast
d8dd5761-374c-4aa6-a908-398aa540d2a4	22.499	fast
da4ac98d-b33e-4db4-9549-b426501a0e77	23.850	fast
e5d1f20c-47b2-4812-93a5-7fe632281d5c	8.581	hac
93ce3933-eda7-499e-aac8-4ad3b6dd154d	24.901	fast
b850c355-91bb-40ff-a80c-b656ff6eff8c	22.933	fast
986a0081-1a0b-4077-a9ac-3e0563d13435	24.103	fast
16292c44-5582-4c96-abcd-0d81afc02ca7	24.921	fast
96e765e7-8c2e-4f01-b76e-d767ef9ec37e	20.082	fast
dc154ac4-f493-44a3-863d-52f03ece1f5c	19.812	fast
ffacb1ac-9c3a-4b18-8edb-7976d80f1e76	5.567	hac
1d80aca8-52a5-481b-8960-058b14d26084	24.349	fast
76ab53c5-b286-406f-a817-a7af0b344a3b	26.514	fast
1a07cdeb-4aac-48fc-a68f-24b0dceff72f	9.990	hac
33a1369d-9ac1-4f64-886b-674d07effda4	21.188	fast
1cfeeb5b-f9df-4b4a-a2fe-4c4cc96e175b	23.182	fast
2b2e842a-b7cc-4c32-886e-6a685265bf8f	20.878	fast
6254af03-c28b-4ea1-9c29-f2682222801e	26.047	fast
97963aac-588c-47cf-9c63-7316efb7b6a2	21.181	fast
313b748d-d065-42e8-9902-42c996b1bc13	19.767	fast
4fbe6a53-cdb8-448e-9204-3ca2389a7891	25.058	fast
69de505f-15d2-4d49-bd15-d72728a0bc57	9.115	hac
aa28dfe0-19d0-49df-ac04-f51f0aa6bca9	20.732	fast
ea8ac126-1880-4d01-a0cc-cb09a957f023	6.498	hac
9ae8c76b-613a-43b8-89b2-9fb5f409a55b	9.039	hac
5a24edc9-a9c6-4270-a57f-dbc2c7ac7cc4	18.235	fast
6f0b2c33-498d-4149-a5e2-c835f64602c3	23.029	fast
2ea8da67-eb95-4b00-99a5-85db59ed5c7a	26.591	fast
dc118a15-e0ec-4f80-b286-0ed0d0556591	5.804	hac
ce8b1b81-713f-4a02-b7cb-c0e42c219fa0	19.385	fast
170bbfc8-06bf-456f-bcbb-e0741cd9ecd2	11.295	fast
77cb2af9-a8f2-41fd-bbb3-e6208898bf6f	24.051	fast
2e2bc526-9cfe-4ed4-884f-6e2520af1054	25.136	fast
fef002ab-51bd-46c2-8710-437c40fa332f	5.116	hac
8b3278a1-2f68-4465-96cf-d0d90565a62e	7.302	hac
d5109ba0-24de-4ac0-aab1-2d7db5575b05	26.245	fast
83048bb6-1c92-435d-8e70-fe45766189c5	29.862	fast
a86cc52c-93e7-4c70-8c48-8799ab3f6381	24.851	fast
f2879078-9fb5-4af8-b5ab-f25391d431ec	21.453	fast
fc910cb8-96f5-4620-9be9-869da7ddac6a	24.420	fast
d75ab668-b11e-43f7-a9a8-78915d23cb5c	7.132	hac
5281aa9a-7ca7-4568-906b-df8ad17e2c1b	23.566	fast
f8c63029-ab14-4203-857e-3e47dcddec1b	22.549	fast
61bfbfd8-be38-4957-a2b5-ab6767ea4ad4	8.023	hac
ac8cf045-9883-4766-9612-637952e0fd1e	23.299	fast
2ad61b42-cefa-430d-85c6-605ae49060e2	24.629	fast
88ba56b8-5743-4d48-8dd4-be5eb5fdab5e	26.316	fast
0e32ff53-6ff1-4106-9da4-2668182746ab	27.335	fast
fa116917-cd33-4a00-9960-936cd000af62	22.721	fast
615ec288-a1ae-42ef-b1cf-0eac46efc9d4	26.691	fast
cc3590f1-6bcc-41c1-a8c6-e408eb3491d9	9.041	hac
b09b7c0e-9090-4de8-98f3-62382ef118df	22.512	fast
401c8b75-01a1-43f5-8f0e-88a298f8fbee	20.510	fast
91487b5a-3bcc-44e5-8e4b-a1cb445bf3b7	21.077	fast
8c74429b-cc99-41f0-8a6b-94fd1fca9648	21.884	fast
3fc28399-c34e-4010-9503-d35d62eb16d7	21.187	fast
3c51b77c-f656-49fa-b9dc-f81b1d744a2f	21.635	fast
e8276068-4638-46e1-b742-ff908e4d013b	17.181	fast
d3cd2de2-d886-406c-ae99-0af55d3c2ca9	17.429	fast
ac76caa6-b232-4240-8ab6-c7515dd6987c	16.607	fast
c2e3da08-bd21-4388-90a9-503ea05281a4	13.544	fast
178278da-e26d-4b42-886a-69250f9c1343	9.548	hac
a9e7b11e-f274-4fe8-a853-04dae784bb20	17.690	fast
7c29942f-ca9d-463d-a053-7fa759f68a07	7.096	hac
323a1346-d7d1-4f4a-9bb7-604522a69284	22.373	fast
99e13c23-ba71-44e6-ba25-389c5595599f	25.821	fast
0caf27dc-2748-4b00-b375-546ec78fa363	23.904	fast
484030fa-015c-440d-84e4-64b571d79c0a	25.468	fast
f4bc7bea-3bba-4d4c-b16a-28ca6038ce0a	9.270	hac
a00ec04a-2ebc-4f40-bb43-a9294cf5cf26	22.881	fast
7517520b-47d1-47f4-95fe-c7e82cbda27b	23.227	fast
1827ce1d-f672-45d5-a00d-f4c1cadfc258	27.607	fast
865f3b0d-b714-474a-bc58-1ede966629ac	23.654	fast
b0f544be-3fa9-4eee-971d-0b639bb9dead	19.512	fast
ad7ed3f7-ece4-4805-854d-9495dd3aea2e	26.156	fast
05fec826-6016-4095-91c0-96777ff1c0f5	9.967	hac
82d70e01-0407-4dd4-a58e-6696a1eb519d	19.786	fast
d36a8b31-e19d-4ffb-bdb2-b5b8acca26ba	21.440	fast
3740db3f-cfd0-4658-a2f6-ec21ed76f2fe	22.245	fast
6ecb46b5-eafc-43e8-ac44-38492c45afdc	21.135	fast
fe8dff29-e4c4-4728-9d07-875606c31fca	25.415	fast
042a408d-b3c4-4c23-b01c-59feb5e93575	24.427	fast
005828ab-ef92-46f8-b08c-32132af55e21	22.521	fast
d61ff349-4225-483d-8b82-1e7e986bd309	9.186	hac
ea6a394b-a8dd-44ca-986e-349e7099b69a	14.589	fast
10c87267-79e3-4b74-881e-4553620594d5	27.656	fast
c4c6d546-58f6-4eb3-aae3-3cd1e9937049	17.804	fast
1a5db5ab-2e28-4f75-85c4-a8064688fe47	21.971	fast
574e8243-24fc-4e67-b2f7-79f861ef25c1	22.033	fast
9cb19a8c-e1f0-4886-8468-ec079dc5a5a2	11.618	fast
e2832bad-3d60-46cc-850c-f95f3e05b252	11.173	fast
b96bb6a5-4689-4458-89b7-9617ed49c0e4	9.458	hac
adba1155-b2a6-4f41-a899-7b550ba496aa	25.905	fast
df0b8941-960c-49f3-a72f-23be27638052	11.913	fast
1d5f6f16-45b8-43ec-b7de-e8e32d1d0f30	23.440	fast
1acfe54c-96b2-48cf-8f80-4bbd80a600cd	13.813	fast
6c9cb784-8ac2-4a49-9c35-3c1e9086a47c	5.621	hac
edc536e4-9c1c-4c61-acac-4a206e8615c7	25.754	fast
28c6b537-1132-4182-b3ea-0e317d27b460	21.103	fast
2a51e9e9-d7a0-4784-946d-c5da1c9884dc	23.908	fast
5ec33bd1-7483-40d4-ab30-f35e62963089	7.246	hac
a1bee92b-802e-4176-bbb7-593a8b48bea6	23.984	fast
7aea60b6-f036-4255-988a-5dde399d4d40	22.742	fast
072a99a5-4517-47f6-8531-bfc6023ed43a	19.528	fast
50bf0e2d-5b87-402c-b475-f63bc529998f	24.190	fast
cfffaedf-82c4-4396-a70a-354f0277ff9e	12.892	fast
a1911211-bb9b-420c-ad4a-867b97743753	20.221	fast
c5ce5875-abcf-44a0-9f34-a2f592036c99	25.735	fast
b4156e10-db07-4bf0-bee9-18bd923b4d4a	27.019	fast
48f87561-bf3f-4c5e-a3fe-e09d398fbb29	18.354	fast
fed83ac2-8c31-4a6c-9ca0-f64dcc6cff2c	14.791	fast
af1dce72-450f-4648-94c0-195f51aa94db	22.170	fast
a852d4f2-9d3f-4228-80fa-a30a41e03207	22.548	fast
c2fda5c5-6afa-4685-8d12-2695e2984291	22.476	fast
fd9d14f1-1e5b-4e4a-a105-affc5715deb7	19.958	fast
cbe02bd1-9409-4cdb-852a-69a4e7b86ae6	10.177	fast
fdba16b3-6ec5-498f-bca9-19032b813513	24.941	fast
7699e4c4-3253-4cd1-a458-6124bb360cc2	15.727	fast
1a248db6-ea92-49dc-aa08-c94a4748dcc3	14.852	fast
15f42cc9-a6b6-47ec-9c41-9444f20219db	24.098	fast
17a63301-c530-4346-a95c-085347114683	6.475	hac
b883f383-0e7c-4f2c-8038-04b7c5d9e930	14.398	fast
92616e7d-0aaa-4467-b283-da308e39f376	21.754	fast
05d837c6-2342-4033-8ea0-1d48ec8b3b67	8.464	hac
ea267f0a-6c61-4299-9934-255df735f07d	19.844	fast
09eb7fd2-e43a-48ef-a41b-120a6c71374d	8.508	hac
39d09c82-6b04-4124-bcb4-0c7f05570707	20.676	fast
67c8bb82-d01f-431f-b7bb-e79ad9cdf7c4	21.171	fast
b3f55efc-e848-4b86-b067-7a81a95ca433	18.203	fast
a6bbbc14-77f9-43f0-869c-923bd53e7ff5	21.216	fast
52e29843-05d6-4b06-96e7-8659f55e1cc9	24.728	fast
032950d7-eddb-4d36-af93-8c8f72f501c2	22.523	fast
b25cc163-52ac-4a28-839f-84581fff4e47	24.994	fast
257465a0-e3d2-44a0-9e10-aece198e9801	25.474	fast
17423279-cc12-48fe-aa7c-a2f142d22611	25.126	fast
5e9634aa-25ab-4a36-b7b1-8146b7ae5da5	7.572	hac
f3bf351b-9403-4874-b9cb-05c013cb325f	20.794	fast
981fc148-1b27-44cb-ac41-3a9eb5ce61ea	16.748	fast
21c8e4ae-32f4-48ce-9a9c-f717a02f0fc0	25.980	fast
9eee4f87-f133-4299-94f7-6278635af531	14.638	fast
374f7fa3-8181-4a3a-bdd3-4e0b5de7840e	23.564	fast
f8d32ee2-194b-40ef-a3b7-baeaf829fa16	26.906	fast
dbcddb6d-c40c-4c12-a7ac-bd33f624d038	17.061	fast
d6e152dd-0f92-44e1-8651-b872dd2609c8	23.224	fast
73d42b93-be96-48ae-9db2-aa87bd434c91	8.462	hac
6dac5746-54cc-4e71-b9e1-ff366a142165	23.819	fast
c6c2fae7-c55b-48c4-af31-7164d599857e	26.935	fast
5145a1c0-526e-4202-92d8-202c09036bf2	20.736	fast
4743c674-ece1-4554-9ee7-02714361aeb1	12.760	fast
71393d94-af76-44c6-ace7-dbb98887c765	25.658	fast
e8f62c43-25b4-429f-9557-4fc7f8b822b8	27.288	fast
ddc9fc46-ad58-48ab-8a5a-720a49e4331f	18.231	fast
1d70665f-5cbe-47dd-a52c-dc42aeae73b5	24.393	fast
bc7ac297-790d-4764-80f0-43a0a9cf9207	17.356	fast
4ff1974a-6535-4c03-9652-fb274207c2f7	23.604	fast
706c17eb-45ef-4b60-91d2-f925e9978b3f	23.512	fast
4b8b8d63-3960-4b19-a878-4c85b369f018	23.630	fast
45c2e3c5-bb39-4e0b-8eff-8380190135f7	8.027	hac
823139fe-8fc3-4f9c-917e-f94c581ffc58	22.207	fast
5bb86eee-5393-4ebb-a7b8-d0971ab21360	21.733	fast
f5fa3975-9d62-45ec-b4ec-75ed61aeaa06	8.707	hac
0e790ac6-bc97-4df2-aace-d486b3cc1456	21.067	fast
5169bc35-0924-4665-8599-c5504398450d	4.765	hac
eeeff7e0-4eb9-43cc-b82c-64d3993d8c5e	9.906	hac
f6c6304f-da85-49b2-9572-97fe749c8adf	21.719	fast
d871eea3-d10c-46c3-b0db-74255fc62df1	9.392	hac
1fcebf13-e345-48a1-9cd0-08c94faff3f3	25.603	fast
77aba4f5-ed5b-40fd-adc3-6fbd35d6b456	25.938	fast
e688832b-8dbb-4307-afa2-bc45119987b8	23.093	fast
352ca2bd-e7c3-44b0-906b-8abc8a07ecf5	8.951	hac
4109bb8c-ac63-4f0e-9222-1e778c4488b2	24.707	fast
9ee7b4da-3897-43ba-b4e9-c49f49547da6	24.358	fast
ac957675-eefb-4853-bb91-2d59918099ab	25.260	fast
a7b1ca13-a9b4-45cb-b71f-e9820426e12e	11.715	fast
a0ffebd4-ffb8-449d-8f50-4e62d7252ac6	25.470	fast
39d7fce0-7f77-4396-b5a3-f94423c0c48a	27.196	fast
7f75b587-c605-434c-af3f-ae49c8859ef4	13.023	fast
87b0a677-f239-4a33-b3ee-69489958bd24	22.570	fast
9f64db76-a204-4791-b247-4e355a917f91	25.264	fast
4132aec7-0e60-4ffc-aa3f-230a6ef2e822	7.851	hac
68112b49-aedd-4f23-95e8-3c5d9af7f68f	7.306	hac
b1446856-f36a-4ec1-b817-3d08b1fa1c85	19.385	fast
c261417a-48d0-4028-9c1c-7b33b0f81cc2	5.874	hac
085ccba2-00ee-4740-a876-59395de0cb48	22.374	fast
62a95c6b-3b99-4699-9d1e-92169b837fa1	24.565	fast
42f86eb1-9002-4d9e-b666-04945a2313d7	25.993	fast
07042805-6256-4ab1-ad7e-deb381b386bf	23.503	fast
e4ce60f4-b51b-4534-a9ab-d94165c97f8a	25.981	fast
98eca0b0-537b-43e4-a892-d79d899006e9	25.272	fast
e197ee26-2d17-4f4f-bfe1-915369611748	24.868	fast
4ad1dc40-b7e9-429e-bb7d-1c1dd34f4a63	7.919	hac
d6259752-c76b-4b76-aca3-2adb361dc263	25.488	fast
a460dbe3-85ed-4a6a-8724-a965b38fe5e9	17.554	fast
aa9332d8-3ed5-4c54-8456-928f22c0c75b	22.726	fast
a96788c2-2e57-487f-b725-9c9a903da998	22.375	fast
54415eae-933b-49c2-9f95-e538168fcb32	23.717	fast
f4af80a4-f6ae-4c31-abaa-139d2776a4f8	26.357	fast
c7023c1b-9c08-4afb-a6ab-65bfbf466250	8.922	hac
943fd220-bc8c-4e77-b039-01f7342b7889	13.451	fast
dbf38b87-aabf-4226-b694-b4ca753907ba	21.801	fast
448f9d4d-7d43-42e7-b30d-3908ef792aa3	8.404	hac
1d563259-f7d2-447c-a5c8-51d7a5264b10	19.798	fast
e1106eb1-f3e9-4eb1-a852-2c5660bf4be1	24.097	fast
c41de324-4a03-4741-9ba1-0b3cb427966b	6.488	hac
27d5e3d3-0224-4887-a8cc-70edc19cdffe	23.377	fast
b8e4302e-1ddc-4f49-bd7a-30c71f22d450	9.075	hac
72f4e899-8a2e-4cd3-bc8e-580b6bfcea6a	26.318	fast
0785111c-21ce-4e45-bcd6-34ab310bb8d3	22.896	fast
5260e714-b46c-437d-8d48-9d6c702501f7	22.106	fast
2cd30e77-dc6d-47dd-8395-5022b9a2163f	20.103	fast
553d179e-0acd-4ca3-b904-be43837f275c	25.525	fast
11d8bc9d-7b7c-47f7-988e-6a7ec851a7fe	8.342	hac
87c1e0e8-39aa-4f2d-ad1e-d17f0368a32a	18.631	fast
367cc3d3-2b6b-46f0-bad8-a8f91af6edff	25.404	fast
eb645f7f-0a71-4e93-82be-7c65616f7faf	27.539	fast
c049de13-44d8-4a52-bc47-941e4c0f1e05	9.275	hac
2b1e44d1-a901-4788-8dd8-34ef63276300	24.150	fast
c2f4db14-2b43-4522-bc95-d18c46ab0639	28.495	fast
1d2a4292-ca41-4ba5-9347-692600851dcc	26.894	fast
cf828913-a1a0-43e5-b85c-be84b15b5654	25.912	fast
14f0c2bd-7500-4a0d-a22c-c67edfe83c89	3.286	hac
7f80ed3f-0b3c-42c4-8b70-4966dfff9e3d	21.957	fast
3fe9f205-7690-4e53-8ac4-766627723e51	22.867	fast
3bbe63a3-ae15-49bb-a7ea-41d12ef121a2	23.992	fast
e363d121-0bf0-40e0-ab94-accce787657b	23.995	fast
9b3915a6-ed43-4bd0-bfbb-8ec013046b5a	25.601	fast
8eca3148-15b1-417f-bbed-e7bdb287828a	24.638	fast
f63ddf52-aa42-4aa4-ac53-e6c642f1bb5c	20.293	fast
9c924413-63c1-419d-927f-f427eb53f688	25.522	fast
37b13738-5ef8-4fe3-85dd-727b63966141	22.995	fast
8f1a05b9-c838-4ee0-8e8e-30f5b3b29702	7.161	hac
03aef83d-7b9e-4c0e-8394-bc56a4a47431	25.371	fast
597ec6d3-c9c4-4b68-bcaf-21cdc8a734fd	16.344	fast
5edb63f7-4764-464a-9f3a-a936b14c2067	24.910	fast
79ef5d28-1281-43a7-8943-997dd3d0cb4a	17.275	fast
5f9b3a3c-3d9f-4daf-b075-107f4931ee33	24.644	fast
e7c9da55-cac9-41f4-a2e9-ae4fe0e74102	25.117	fast
94d584cf-9b20-4407-87df-2e0b95910a57	21.369	fast
40142905-d977-4e50-9949-c7cae30ac377	17.498	fast
aa36e82a-8997-4b66-8ea1-317189511d1f	25.412	fast
bcd2b525-af0d-4d27-88b0-f9c065177573	30.175	fast
c34ef0e3-9d66-4f11-82cd-3cc95240ad44	13.219	fast
1a52e8d3-5674-4138-8065-e29359d2d574	6.733	hac
d0f7bdf6-39dc-4d64-a6b2-619d17c870cf	23.711	fast
789a77db-67df-4d35-854a-05efd464edb2	15.727	fast
ed9de095-5f54-4756-a0f3-6e25fd668497	19.771	fast
bc50df0e-2e18-40b8-a7b0-ae80dd12340a	22.166	fast
c3855e55-6bf5-4692-825b-ffaf664d3e15	18.238	fast
2f149741-3e15-450f-aa7d-051ced035cf5	9.112	hac
53435efd-0ff8-475a-9f24-f406f5ec0944	19.190	fast
3f4cf52a-781d-4a8e-9303-b030a91dbc8d	23.654	fast
31a2323f-174e-448e-b3e8-66a15eda67d9	8.349	hac
495a9f0a-8522-42af-869d-51cdbf7f49e3	23.618	fast
12dc52ba-3c57-4eb9-841d-f6bc6026869a	22.853	fast
d6dcbc39-a112-4aff-bda9-a27679a1a4f7	23.264	fast
8311446a-7c22-4737-af52-dca69de3ec81	8.087	hac
90a9611e-a864-4d30-9427-008338d33c5e	21.277	fast
15357669-8421-4100-9c01-5a59f10082bf	11.362	fast
0eb8ad66-fcca-40b7-b466-864fdb7b9a4a	10.640	fast
d1392f19-3f97-4cd3-9cac-128edeadcb73	27.403	fast
eea02017-2d38-49c5-8742-30a601a93332	24.647	fast
78efd584-bb6c-41bb-9809-a98195fc2fee	27.122	fast
9a135453-2795-4dc0-9537-060ceda59c0e	22.782	fast
e5d4c5f2-9061-45fb-81e9-3a627ed41b44	21.983	fast
753c436f-6a68-45fc-bc4a-8b42cfe4597f	19.132	fast
5cb88079-e187-439d-9a3b-0a59fc73069d	20.840	fast
1cbd3ac7-d3d0-4d4a-ba3c-60040f106271	8.509	hac
4df9b7b8-c7e4-4ccd-925a-326358de6bfa	9.488	hac
7410d148-5b3d-4f6a-9b12-e10b8482268c	23.475	fast
de107a0d-cc35-4149-b782-7610599e0ebd	22.166	fast
d65ba305-ca2e-4161-af56-47ed2d07aa04	20.833	fast
1e015e45-131e-499a-985c-f5766a9be88c	16.450	fast
38a1b300-1e43-4812-ad0d-a4e115086b34	25.211	fast
d8b1830e-f670-43ea-9c63-e775f9f15499	11.245	fast
e68cdcc9-8bea-4674-a982-7ff9c7e12cb0	24.586	fast
26b5b080-5052-491e-b45a-ce03934d48a3	25.029	fast
23d8bc8b-93b1-4e6c-8208-ede16cd85398	23.003	fast
2b2579e1-4b0e-4a47-b96b-f5904a79dd86	25.639	fast
d208c2b1-afc8-4f07-a67c-82f3d3f0981b	17.558	fast
79a4ba2e-2537-4363-a90c-3da8d3dad90c	10.346	fast
817d24d2-2276-47df-b71e-684739de638b	26.236	fast
7996e135-30e2-4f74-accc-35e442f94e56	23.574	fast
c510417d-c072-4e10-a413-26437c5872f5	12.009	fast
3291c75f-41f1-4bff-9297-934ad71d7262	18.228	fast
2dcbd00a-6b94-469b-98c5-bcead3206601	19.028	fast
dedbf6a0-3d75-4800-80a7-961ac3df9e89	18.968	fast
5e500d81-4bb7-43dc-ae5c-65b2ec889991	21.911	fast
46156366-2d7c-45ab-92f5-e9855dc0f9c8	6.643	hac
5c44e501-a726-4521-aafe-0e3acadbdf3f	23.301	fast
b9743e40-0155-454f-8f69-891bcdd637fe	27.186	fast
7af17a90-b792-41aa-97a3-b4a6f9e20f63	24.618	fast
29c2733f-cf5a-42fa-b415-a7cd6d5b9638	17.506	fast
972af52d-65f0-41b8-aeda-e0d5186a26e6	21.816	fast
7570b41d-3f47-4a8a-ab32-c7a73194a998	7.535	hac
a872906c-dcf6-415d-b63d-cea01e2c0467	23.380	fast
076fb95c-d579-4408-95df-83483a2ef862	9.087	hac
eb523359-37c9-4ead-b9e5-6a680db32723	9.709	hac
77a41623-7871-4ecb-9b26-303f169a85bd	25.259	fast
72327730-45bd-41c3-bbe1-ff7a8755d9c4	21.191	fast
fea9ebee-c822-4df4-b25a-abffa3f235c9	26.128	fast
58bab96f-25b6-4511-92d9-a0cad7d05d77	24.650	fast
ba847004-4629-4bb8-8f3c-cd9b16865c1a	17.855	fast
a0d38247-17f3-43b4-a3a0-15db63726754	23.348	fast
2279ef07-ce8f-4d78-9f72-6b01f4d2ec43	24.196	fast
b7ca7485-a8fb-436e-ba9c-6f91cd27345e	19.031	fast
147756c4-d126-48d3-90b0-8036167eb28f	20.488	fast
29d33f61-4115-4e9c-b349-0b0044a5b2a0	17.358	fast
46be4c3b-981e-49fc-abb0-c27053fe0d27	8.588	hac
76cd3b6c-dbf4-4077-a25b-dceeaa0aa8c2	14.715	fast
541faada-1178-4829-ad2a-d6d6669e427e	24.432	fast
441642f5-8ba7-422e-a1f6-e382dea180cf	23.831	fast
c1b218de-35ae-4632-b5c7-4a3fabf5e3cc	10.730	fast
5ce2b3d4-9c8c-4278-a942-bfff806f6b50	25.237	fast
52550f85-e662-457e-b003-b49adbd001e0	29.452	fast
488d0b4b-dfa0-407f-9873-23a5f317526c	22.809	fast
1258b680-e969-4679-9d23-0e72c4609221	23.529	fast
baa776d8-af1d-4690-b88e-239626917297	24.642	fast
80903f50-330e-4807-bb3b-147c1d9a7bc2	9.081	hac
1c659fac-5c2d-4d0e-93da-0310ba86656e	19.332	fast
406768a7-21b2-41ba-87f2-d13227843204	17.368	fast
b5a466cf-6bdc-48b9-963d-100cab872356	21.451	fast
86963dcd-5102-412c-b05b-2c4ed2dbe0d3	6.235	hac
3ead418d-ce70-42a8-a5d5-a7a6816481da	23.444	fast
b1ed6e13-cde6-46c9-befa-968e92a346ed	28.537	fast
3d5937d1-1c5b-423a-a579-c1f7ab5addb2	19.637	fast
029f3eb8-87d2-41b1-9dfc-ddbbbe903fac	22.392	fast
1d29916d-24cb-4fc1-9de7-5a12156fe902	19.580	fast
52470c4e-fcc2-4e09-b778-0b84eec7589f	5.200	hac
a5af1b82-ccc4-4da4-8428-49d76c2246d0	27.689	fast
eb8fed1f-10e0-4ec6-a9ff-c3bb4155ac64	24.684	fast
d6a8f237-8553-4cde-90c4-d1f52a13acfc	20.422	fast
4d22979b-135d-4e43-a1ad-eeab6dd3c6dc	25.633	fast
9872132d-50be-45ec-b8f3-2d050d92c173	22.896	fast
0a64390a-b5b9-428e-830a-f79596ea6d9d	8.423	hac
04a0602d-a556-4056-b824-f1926288d1e7	24.419	fast
e36fd208-212e-4166-b7c1-a047ebfccc67	16.542	fast
1c3cca4b-c2a3-47fd-a787-2b4fc4a0e677	20.529	fast
2ccc8c3b-a93a-4ea1-8d24-7ec20b7dc540	10.180	fast
017082ca-a857-45eb-a8b3-c7c4532521ca	22.008	fast
686b49d0-34c7-4479-989f-f4f33d70a79d	25.207	fast
32f515fe-c7f4-43ed-b641-241dd15d60ef	24.738	fast
90cce23f-72c4-4fd6-b9c9-6c1ee0ecfb51	7.384	hac
dfa537e7-f134-404c-9f70-5dd58d874040	25.722	fast
bba01b86-ff1d-470f-a618-c32f70f777d9	21.479	fast
d86da864-1aa1-415b-90e7-d6272c1a8d5a	10.309	fast
4a4afb88-f7be-435e-be52-be2ad469d50e	22.034	fast
3f703e33-027b-4c15-8688-61f1a660ffc3	17.813	fast
57f03d14-f89c-49a2-a9d1-7271389af843	24.495	fast
6543cef6-8bef-491d-9db2-c9f506fc40bb	11.743	fast
0192dff9-586c-45cc-abb8-7b3033d44dd8	26.700	fast
06ed0742-fbf8-4df2-acd3-1ba52bb1e7d4	23.251	fast
c29e111a-0529-4a44-aa7f-b14de7913cfc	21.456	fast
11d0b143-d251-45ae-ae53-cb4b93ba827c	21.141	fast
08c40ac6-78f7-4935-a775-e0bad33c1e22	11.544	fast
fefe64bc-7d4c-4dcc-883f-e37629e82397	21.917	fast
7cca60c8-c828-47a2-8657-861dd54985e3	17.857	fast
fb24165a-247e-4af6-ae70-c5fa94cce39b	27.720	fast
efebb8f6-ca68-45f8-aade-09ad160caeeb	25.220	fast
44b89aca-ea2e-471b-acd7-85b8b9823b40	19.471	fast
ce3b92cb-cb1b-4aca-9560-7674d59edddb	5.504	hac
6cf3b6b9-47a8-4d09-836a-8a9e4ef87a32	23.102	fast
45b7a057-13b4-4c65-b891-6de2bb76ebe5	18.847	fast
4ebf7f58-adc6-483b-9949-ae0c5d75a9ed	23.868	fast
ed855582-85e0-4df9-bd71-075e0356632c	25.258	fast
9ca712ce-10cb-4ca3-a45a-758cdcd5c8f5	19.083	fast
bc564f72-d048-47e1-954d-56768d7c9775	27.176	fast
91ff5ce2-a42e-41e6-b238-216632cd0ffa	15.918	fast
9d9d1f23-45a5-4d9d-ac63-9311d7983ad1	26.289	fast
4d8e2a73-4319-44d3-8f58-07e3ab573cb3	22.967	fast
5c732eab-39c3-41a4-bc1b-d75fd9310af7	20.018	fast
456a6d78-e87d-476c-81b5-53fb8873d94c	14.456	fast
01a0a124-4e93-48a5-8167-cd7f7e8847a4	22.441	fast
aabd1df5-f101-43d3-b1e7-3e4ec58b1908	26.542	fast
69df3ee5-949d-4b1e-af4e-133434209158	24.114	fast
4ef0dc6f-32d0-4871-acb6-b8de35190811	6.369	hac
a28bb97b-04a9-48d4-a345-8053685f6262	8.037	hac
fd18cc79-196e-4e79-bd0d-08641f823e49	20.437	fast
8e50f300-3d37-4045-8f81-c30e1a0278df	27.625	fast
cc4609f6-aee5-4974-9d75-2e8e41ca1367	23.777	fast
6ed6e76e-4f49-4dce-9337-0a68dff8fc75	19.149	fast
df340df2-85ed-4b01-a0bf-03f808ff47f9	7.045	hac
67321c2f-5519-4297-9d1b-33c8e12a2965	21.376	fast
f0e1e132-0a87-4104-b44a-473d2549558e	9.897	hac
2a7275f6-4965-45c6-a4da-8e5b31787b46	21.873	fast
7b516c97-c775-4607-b89a-52b25f3cd0ef	21.407	fast
1a18cd68-20e8-49eb-a221-893fbdff229d	27.263	fast
79660de4-ac7e-4436-b73d-2807dc28034f	11.911	fast
819c4ef0-efb9-454d-a540-77df86169e1a	11.290	fast
405c893b-e811-4d34-80db-6eecb33783a7	22.543	fast
e0ed9dd9-73e8-40e3-879c-4e172702a68d	21.854	fast
1612b944-3e9c-4f79-b332-d01e40fdace3	17.684	fast
09f114af-6ce2-4381-acc3-c7656babf18f	27.128	fast
4f2bcf13-73ad-44b6-ae5e-6d4fa8a14f8b	25.622	fast
503418b7-21c7-4c1c-8844-b427301e27d6	24.411	fast
f73194fa-3a13-4c6b-a8b3-72939f9884c8	7.444	hac
1787c328-c646-4f85-a9ee-412a6c32b48b	24.380	fast
ac324c4e-1810-4213-ba7f-d93455fb1015	6.674	hac
3b9c9813-d016-454d-9e82-639b3dc46b55	16.450	fast
d31d9e05-d504-451c-a7d9-6270b996f25f	14.940	fast
60b01792-9cda-4140-93b6-ec3b113ee850	25.072	fast
177b57f5-4a4a-4058-b4e6-f42771979408	23.863	fast
a0acda4d-0a25-4317-9efc-7a4277beb6bf	8.256	hac
36fa7e68-f674-425d-8baf-fdc9f71c8671	25.966	fast
5cce696a-51f8-4b98-bdaa-47b32c2971c5	11.494	fast
bf723ba5-c074-4d31-828d-aa010e00dac9	26.416	fast
deebbb1b-585a-491d-9a78-6c790fb5c4b7	10.844	fast
f6c6ff95-79f9-4567-a29f-9f543a790ce4	23.375	fast
c251e8be-1fb4-4c05-9d94-9c3914b32b31	27.215	fast
c108ab94-c9ba-4db6-92b5-5d17dda7d7e9	9.082	hac
81827841-66f6-4356-b593-a0a5bd5db91e	20.882	fast
ca48b405-bddc-4e3d-8f4a-930ba2ecc6af	24.000	fast
811704c2-ff9d-47b0-b7ac-bb0d7510ee37	5.434	hac
b25e4c1a-1872-4000-9a8e-7671ed759383	11.359	fast
633224c3-aa7e-4f7f-8fe3-8c4abcf60ce3	23.803	fast
1cc18a06-06a8-4b11-a062-4b867745c018	22.554	fast
83889334-9019-4c2c-afc4-f5628fa7a01e	23.721	fast
0d645e8e-8e42-4724-b9c2-62d3b3ebe9a8	23.395	fast
61bb3b1c-6373-4532-9ae6-9d1124f6bf59	23.885	fast
273295f6-cf73-4e9e-b525-acc46e1b7c79	25.516	fast
97246704-6517-402e-8426-9df72cb37281	9.548	hac
6c7491f3-a84e-4d75-8996-b49c224742cd	20.922	fast
52c131b4-aa73-4569-919c-66d1c7224828	18.122	fast
e4b056cf-2336-4aa7-a90f-4301a81b35a9	21.128	fast
f063cf0f-d87f-4a92-a4fc-eaaca5856275	21.540	fast
d50984dc-81a6-4242-bdf4-0630f6ec5232	24.735	fast
9539d14f-edbe-4bed-8865-4d41b2bc464a	23.923	fast
01c8942c-e712-4034-814d-b72e5e4bc908	20.418	fast
7e77033c-b583-4da4-b86f-5e7d2e61069c	23.539	fast
cc58075c-c87e-4b49-89f1-fd1decdaa2b9	25.291	fast
2bd86c05-340c-4c8b-b4b0-4fcf5d01fd8f	13.918	fast
e9a93533-64f0-4af6-91f3-604488bd75c2	14.990	fast
21e68044-5073-421c-a55f-d3503ac1e655	9.853	hac
4434f83e-5952-4843-acea-9c22ad150744	23.102	fast
9ec2ca51-9832-496c-ba65-16eb6c9467e5	16.281	fast
0e71293c-7c0a-4f09-9417-fe75899f76d8	13.356	fast
dbf1db55-4634-4c57-906c-3e78114543ed	9.268	hac
df15d432-daa9-47d6-a988-53ad4610d6db	20.800	fast
aef50612-c4a3-4edb-be9c-4de0307784a6	26.460	fast
f8eb54e8-8197-47b2-8d65-1ec57c180c56	26.336	fast
2ba0c63d-49ce-48af-9e79-954ab8451a83	23.491	fast
c6e1f795-ce56-4424-94b5-084d44021edd	24.602	fast
b5cdf448-a24c-450d-b2d1-fe2eda887d59	24.353	fast
a25e60f1-03b7-4e37-8386-4da81c4b6077	25.166	fast
c59656e1-4e36-4c2c-990e-b7f7eaf441a5	26.265	fast
b9ce4b24-c844-4833-826f-eab773100bf3	25.168	fast
f924bfb2-1eef-4648-a244-f861934780a8	18.943	fast
de56bf60-fe51-49c7-99e3-e2cb4fd17afd	5.951	hac
22ac6a70-1572-46a5-b118-d0a08e97511d	22.342	fast
f47f7a55-c89b-44fd-94e4-2031f0512bc1	28.529	fast
0060b9e4-85a2-46e0-8102-eb799f04860a	7.739	hac
96c4c845-48b9-416f-82c8-fd9675a7b054	23.430	fast
63623dc4-b59e-4f98-b600-c920b83108bf	25.813	fast
fa341e52-d9a6-420e-a2b4-23a1710ec441	26.068	fast
e8892a35-dd05-4d18-8e40-b071b2a9a648	17.436	fast
ecef06ff-bfa2-4a18-a210-429a6f8c5452	20.572	fast
2108804d-6d56-4172-a1db-c2a9e0c54e78	25.241	fast
c9542831-a2da-44e8-9f5c-2d3f15ea8dbf	22.038	fast
7a08ab03-8abd-430b-8763-d349066d8d16	18.575	fast
db6c1ac2-c945-4df3-b97b-b5aa822e3249	21.835	fast
a486357f-eebb-4813-a022-a9986f5bcd79	14.885	fast
963524d3-ade2-4f3d-ab9b-4271f1b4fd7c	23.994	fast
ad29f0da-c954-4f51-8d08-985eec757eb1	25.006	fast
dee1bc3c-3168-40ea-9418-e57d8a2bfd4b	25.142	fast
e3d55855-45af-45a3-927b-5534c5e83d8d	22.345	fast
bf45567b-3e18-42b5-9655-15864bf6b89c	17.470	fast
e841f42a-9864-4e75-816a-00422ab1f429	11.955	fast
37340a50-67b1-4f02-bf54-d0ef522adb4b	4.451	hac
fb601f0d-6324-4c0d-8a21-99bca4175019	18.201	fast
a9207293-b7b6-4e66-80e5-2421f901ecc4	20.018	fast
6fb245f6-fbbf-4377-86db-b185200f12fe	24.532	fast
902304f4-5c78-41dc-9b9d-dd571056c146	6.439	hac
4b2bd812-3be3-4638-b031-4f9571b6eb63	21.762	fast
b36280c8-9d83-425b-ae13-e614f7295df1	21.271	fast
a4300f28-2754-4d8e-9fec-4c2a8ff2f18e	23.458	fast
6d668b89-9ca1-4c1f-ac37-8c1ecf7b9f17	21.838	fast
2af66240-07db-432f-a051-555dc1ea65a5	21.640	fast
f58fe13e-c096-42ae-ae65-398d59e0e9ca	27.452	fast
54a2330c-6f9c-4dcd-a119-e7aa3615384e	21.869	fast
cd6175a2-3ac1-40f8-9cc0-74e2ed07a681	8.809	hac
18a6b6f0-cde4-4b9f-b91f-538cefe40581	25.239	fast
01a36d9d-0f2c-4bfe-b6d1-9a65394efb0b	25.755	fast
23ead877-5cdd-4dda-9b4e-f03380921c12	21.775	fast
84b989a5-712a-4ec0-8b3c-04d1124c0cca	9.319	hac
59849606-104c-4f39-b07e-6e30a5567192	8.925	hac
c05c602d-773d-4346-9bc8-c8494eaa25d3	8.901	hac
d0d81abd-6a39-433b-b683-0127c0cd6030	23.702	fast
e99fa300-55be-4e85-af9e-4c0b4bb562d8	26.638	fast
4e16effd-9bc4-417d-9386-53abb8db8de6	14.879	fast
aeb46661-41f9-4859-b4b1-477f7d57f0a8	6.141	hac
452da84d-e09f-4b8f-be88-2946cbe63351	23.240	fast
faad2fd3-b6e1-4c3a-9515-800665466db3	10.004	fast
4a9d5534-a464-4fc2-819e-a8261bb7975c	23.716	fast
f114d814-4da0-4039-98a7-e136c44fbe79	5.854	hac
79253e99-7491-4571-a4a0-b4b459f4546e	20.889	fast
753327cf-0e31-4ae1-a0de-50268bad70d4	18.340	fast
fecdc58d-d4c4-4d94-86ec-aab8f3098843	22.521	fast
6e2298c1-2825-4386-ae92-50488e6449b0	21.184	fast
1c9ef855-a7c6-45d2-8a70-1dbbe687c7f5	24.853	fast
c8f7f298-f64c-4c22-8f3e-2ac1d147a77c	25.345	fast
d811d7ff-65fb-4fd0-a505-6d3d3bff8444	20.938	fast
eddb5dc9-0bd0-466a-9e50-1911d189db1f	21.126	fast
7dc89fb7-42fa-4575-891b-e04d08fc9928	17.957	fast
c9f6c6eb-0945-4d53-ac34-785e03eec839	23.590	fast
96ec345c-d35b-41d4-b413-cd8775e901f5	25.122	fast
457ead4a-76b2-4f21-8ebf-455988611f9c	25.304	fast
85365943-7ec2-49a8-abf1-02873102d44d	22.022	fast
0ef2bf6a-0ac4-4c72-b570-df3741580e07	24.562	fast
7f2c19dc-a5c6-4135-ba94-330a0f98a403	8.281	hac
d7fbe14f-e8d3-430e-a061-bf0aa718f633	26.991	fast
63b6e715-f355-477f-ac36-6d746ebc7285	22.381	fast
7b6cfe6d-110f-40dd-bc9d-1dcf5a4e7fa0	22.071	fast
91937a1f-9045-48a0-8005-6261122e8bd2	10.019	fast
244cdac4-741b-49dd-a5cf-0679471ade60	24.805	fast
601b38d2-1a11-470f-9c01-99fea75dc3f5	18.005	fast
5ac0c4e0-d315-4799-9310-62a2d308f62a	8.372	hac
10ca05ec-59f6-4ae2-8780-f6c4e0cd8b38	23.019	fast
b416b99d-cf21-44d6-b36a-85931300961f	26.741	fast
55fe9c75-79bc-48c5-b873-b51f1854f2e8	27.166	fast
1f95c276-cff2-46ce-833a-83ebe00ade2e	23.783	fast
df07be35-f746-4118-9ac4-ec4551414586	22.001	fast
68e13196-7123-441c-ac4a-8b112691007c	20.076	fast
70451ac4-e39c-4ab0-a6cd-2e19e3a771e2	22.908	fast
fcd54b1b-f64d-4a3a-984b-cc08acffb3c9	9.233	hac
1707e91c-0594-48c3-be34-ac44f8f664b2	24.888	fast
dd484582-5095-4c66-92f5-53a2073a2501	22.907	fast
70ccea71-5966-49f8-b92a-4375a8cff5dd	24.162	fast
645a1947-6533-4022-b56d-f671e5f893c8	19.693	fast
e485369f-53d7-40dc-b50b-e9b59519ea0e	30.508	fast
b4ea3f97-131b-494b-af47-33171f2dee80	21.397	fast
9f155666-5cfc-48c9-a5fd-b75adab30435	24.669	fast
0e0cfb3a-e3d9-45ec-a0f7-32d4ab9e477c	5.208	hac
fcd3a346-53ff-4409-944d-2ae9220b40ea	24.314	fast
22341c27-17da-4c6b-b73e-a4248cd5741c	27.259	fast
80e90f14-9df6-480d-8010-ca997e5baa9b	7.711	hac
6d2d5357-0d7d-4184-80f1-1e7c6c79cba1	18.572	fast
920d2fc7-d661-4b2c-9790-50e146c4210b	25.115	fast
b4a1e4b7-9178-45e5-bc93-468210da593c	8.523	hac
3f813dcf-69d0-471a-b076-470df612aaba	24.606	fast
cacb9a4e-8cac-4725-aa29-dd1cdbca81fb	23.306	fast
0b4b1205-284f-46b7-ae9a-d8708ce3a60f	23.071	fast
6f39e721-04bc-4e09-9584-765b040716b9	25.045	fast
cf23cc8b-b954-4aac-b613-c5f9583a01f2	27.063	fast
3d30bafa-81e1-40f6-be3b-6d76d9d5fc16	7.793	hac
99718063-35f6-45d2-8e26-5efcb3181341	22.769	fast
f26e193b-0625-4a0d-91b3-d77e839e9452	10.741	fast
84872749-0208-4026-99fb-75fee0cb80d1	24.193	fast
7a5dc7b6-8017-4251-8840-ee11b5902124	23.664	fast
0d798676-bfb4-477a-92d4-eb2dcd552e9b	6.995	hac
db1d1f9a-ec1d-4565-b276-9abf87f2bfb2	24.380	fast
1142b426-5f77-4cfa-9eec-89037d1942cb	21.208	fast
9da8c85c-3fc6-4694-b752-689d2cb0fad5	26.558	fast
2e21ddcd-3213-4066-997e-76723bc90bb5	18.904	fast
d99ba78e-1853-47ac-bdee-9b2354c788f0	24.072	fast
e66831d6-f34f-47c6-b13c-640ccb90f8bc	27.513	fast
c63332d6-b2f5-4025-a109-25906ec26637	7.473	hac
a376fa66-bcec-4974-baf8-425d4d657b4c	18.395	fast
eb14242d-c079-40f9-874f-deaac7a45080	20.633	fast
a4d4571b-db82-49c1-85d1-bd6184917d15	24.424	fast
8931eac6-7bbd-464d-9336-3103921d7f7c	24.662	fast
7f9f89ff-4913-4bd6-af9c-c6891939a33c	8.646	hac
8e8c07c0-c0d4-4771-912c-d1321fc61b02	26.812	fast
24e12f35-235a-4fcf-b53d-7d6cc5da04ce	22.443	fast
4f9ea82b-259a-4f10-b991-b95acc00d5c4	8.180	hac
dfd7e8ff-4fc8-4ef8-bbf1-628149958438	29.690	fast
6d026cfa-62a6-41e2-b9e5-d68dbb578331	8.108	hac
3744eafe-8ce7-4b9f-9060-c072933c96f3	20.301	fast
20157909-ef3c-4c5b-80a3-a4d2c9555bfc	8.343	hac
9883485b-c26f-43ce-adbb-b6a6e6399962	26.913	fast
9a9252d3-b48f-41f2-9c3b-0a1e843c2870	24.325	fast
d69ad358-b16b-4169-bde5-603049afb551	6.682	hac
511dd875-968b-40e4-97d6-429580ea9567	26.439	fast
542ecba0-932b-4e12-a0dc-c1014867cc37	17.927	fast
32a99e48-8ec4-49b7-9e93-f9220370288a	22.881	fast
a3dea0cc-e571-4c71-8394-a92507336d55	23.069	fast
087286aa-5907-4940-a1c4-0021f64e5dba	25.498	fast
e10c8f28-13f6-41e7-82fb-9f98bf73a012	24.629	fast
506102d6-7274-4655-9429-e18ed0342a02	20.660	fast
6e2a70be-5dc6-4b98-a37f-24a89b7f40cd	23.902	fast
b5b9e624-eced-45b0-9462-e7392d9d9434	20.628	fast
a6a9ee2e-19b3-4c6f-924f-48a3b2faefcb	8.037	hac
5f15cc49-4d41-41ad-8ec2-3ebc38f4cb27	23.702	fast
b47dc8b3-cf5d-4fee-b225-bff8df4d4532	28.436	fast
e732c084-4977-4323-9161-fe30945e8a73	22.287	fast
f741fcb6-a43d-4d02-8bcd-42dc68dbf23b	24.634	fast
9786b0c1-8817-4bad-b949-25573df4def7	20.815	fast
4ffbaf0f-51a1-41ec-8b6d-e3a84c271260	23.777	fast
76932341-bbd1-41b6-96d9-d0b4340103f2	11.975	fast
f495de54-f811-4970-b766-80991c701cf2	24.716	fast
09fc7223-9eda-40a2-881f-b8287a7230e4	20.456	fast
042dfff9-a87e-473c-a84d-4447b5ab7547	9.055	hac
a7d4674e-c2a7-43b5-9b2f-15c934593b4d	23.708	fast
dda6bf30-d019-4706-848d-5166e647ee3f	11.627	fast
72f59916-0211-4e72-8f9d-dc293933194d	24.283	fast
1c2abd46-f0e4-4a3c-8ccc-d7f376b7867c	24.646	fast
1cfb3923-6a3e-4eb3-9b18-781eb3c94d1e	23.089	fast
89c1bcac-116d-4e07-b4ba-d935965a9223	22.742	fast
914e568b-8dac-4946-9fd0-3b3035daa0c8	25.306	fast
4be51ca3-45c7-4c4e-bf07-a02e60e96e46	21.401	fast
4f160851-d6d7-4be4-a717-b28e849da623	22.472	fast
589daad0-bad5-4cbd-9828-02dfb4589808	20.060	fast
ff5f0b37-da33-4fcf-a84d-c8d3f4fe2ed9	22.060	fast
0b9922b1-618a-425d-b92f-31130f748462	19.392	fast
f85ce8df-24dc-46ac-85b5-db807215a90b	24.272	fast
b52b3447-d9e0-4224-9fe3-a40f879d3171	17.655	fast
e0718e31-d14e-4fcb-9c20-678a9c1723c1	9.071	hac
1df7f2ad-aa06-4965-9966-d27d01b37a66	23.960	fast
3a8d8031-d5ec-4574-9301-38320ee83d89	21.487	fast
c4db0736-1977-4c26-84fe-3c8da8e6ce1c	20.710	fast
d4f97a67-86c1-4734-8ee2-d78fa0697b01	9.040	hac
78345ddb-8cea-46de-9c88-d0cd9cdfc3c8	24.649	fast
ee670160-c0cf-4777-affa-c50705eabac8	22.228	fast
05c2d07c-8da5-4911-9861-33105f39eba0	19.701	fast
317f56bb-0853-41d3-bd40-34c89cf543ad	25.381	fast
aeac373c-a978-443a-96df-6876afa2b2b4	23.573	fast
4d81cda8-505c-4761-86da-2b69f22b5cd7	26.019	fast
565eb238-5c85-4ab1-b7ec-40c120acb907	25.074	fast
49ace082-9f72-4921-92b5-d4cb8ddee4ab	27.686	fast
d25bcabc-e80a-46ab-b955-eff97aa59bac	26.724	fast
07ed260f-0a59-4f74-9e88-e359be6e0148	16.251	fast
726bc9b4-d84a-4870-9ca2-9de8ce68671e	19.169	fast
9712f954-6cf2-41f9-bbbd-c83c2ab0ad30	16.721	fast
5d3d9fd4-bb46-4cc4-9699-bf05cbf4cc9c	25.904	fast
b6787df8-c4f2-49d4-a7b9-c1200b1eb913	12.623	fast
570295bf-78e7-45c6-ad7f-cd621ef72126	23.884	fast
7cb75be8-efa1-4249-878b-a5ba50652006	22.849	fast
25655d32-a31d-4262-bd2e-5939268fa09d	8.552	hac
3ac6e80e-b54b-4b0c-a592-dd609380033b	17.120	fast
03d45a13-c0c4-4c41-8610-2fd8abee7603	27.483	fast
fa37806e-cb80-4699-b983-0e041f789cb3	8.894	hac
cbba2721-5705-43e8-b39c-400694ca2ce7	20.468	fast
9c9c8aaa-bc2b-4ea7-8ead-507df2c68e86	7.916	hac
428eabdc-cd4d-4116-b7d4-dff648bd40da	8.216	hac
bf1cb58c-2f1a-45f4-b644-9aa10de441f7	26.033	fast
a60132d4-c650-4820-86b9-f7613028ee45	27.504	fast
4d8e6934-672a-4c90-82f7-896c73e2e520	24.152	fast
066b71c7-1eff-434d-ba12-9428c3d7793c	19.883	fast
070d819d-c104-4c03-b88a-3f4ebf3f2a22	26.893	fast
04a5a582-821f-4502-b99b-d78c1bb76804	16.741	fast
43f38593-c34f-432f-bf2b-785f4ab593a3	20.799	fast
5a565561-c359-40af-965c-6dade05d8027	22.353	fast
529ddc81-8105-4338-9c5d-719b3bb2df57	25.037	fast
914d813d-16f6-4226-84ff-3d301d94d7f6	24.224	fast
fd4bca87-d80e-48c1-a3d2-c641fd41e56e	24.978	fast
8ecfc725-f0ef-4034-9621-7ac5dee7df97	24.124	fast
cbfe9885-99e3-4302-a9da-741c96914901	15.088	fast
b9bbb06b-ebe9-483a-b313-fa70e26d8e0c	26.777	fast
93be610d-0ed4-4ab8-8618-45488bbe8892	19.123	fast
7813416b-f26e-4768-a7e0-961a61f387d1	18.007	fast
67ca007f-ce79-4a07-9ef1-25340b5eb960	24.779	fast
87da96af-fe23-47f2-a7d4-3ef7bb340701	25.775	fast
73bb3f9a-b87e-4f25-af4e-c5c7ff769bae	22.308	fast
7439b6fd-41e3-436a-8552-63c75b3f9c19	5.580	hac
5d7be75a-c4e3-4e2c-8ca7-ee3215662acd	6.899	hac
50b9abdf-7225-4520-b594-225b07e8cfbf	20.974	fast
3e43ebf4-0926-4528-a55b-ed58dd1ff9ed	21.078	fast
5f4cd35d-a093-467f-b8f8-08de280191f1	18.393	fast
9da391ef-f31a-4e08-962f-8357a7bbb19a	15.693	fast
8a79506c-97e4-4fa3-a7f9-18ca0b14bc15	30.294	fast
7029c8b8-1587-481f-a246-ba5d613f11c2	24.903	fast
0804ce72-e4db-454a-9481-8861176ba381	23.433	fast
65d51f43-8d18-461b-8f75-2dd29b6f28fb	21.876	fast
de34749d-5f20-4813-822c-7f15fca8d8ce	25.264	fast
281e5c73-750c-424d-9e41-bf235f59ccbd	26.641	fast
f6cf1e9b-13a3-4ceb-b071-48bcfad15f74	12.262	fast
84807116-b44b-498b-a7f6-0ab6211695c7	22.993	fast
53b9ca76-2b12-450b-b382-d30a302ae9df	21.290	fast
5b85c262-e6e3-4090-9012-ddae104822f4	16.482	fast
98c243b5-20e6-4956-b2c8-03249d1cd431	23.096	fast
902573c3-ca8e-4297-9801-0cd14c33c53a	20.760	fast
09d11b04-4f7a-42ab-b388-bcbbc32d8d7b	25.572	fast
75493567-c36d-4ec8-b66a-65d37210cd10	19.498	fast
1b942d88-b788-42bb-85b5-e56708334384	17.963	fast
4d55c8dd-a84f-462c-bb86-a95ba4e54dee	24.303	fast
d98ddc6e-3bbd-46f0-929f-d6301b21494a	27.017	fast
0ed3830a-a674-48c2-93c4-a6f1b6739b8d	23.808	fast
4f4a259d-cb7a-4779-9a5b-b00f8535a7d9	20.465	fast
94ed71d0-1fd2-4398-9032-0866148c4a55	23.593	fast
ece20630-b22f-42b0-901f-3272a6bcb762	23.834	fast
8989291f-7270-4e90-b2e0-ffd3cd807576	22.772	fast
cc6a1b41-afa2-4a71-8f22-020abae4e2a0	7.889	hac
10fcaefc-c881-4873-ab7b-1064a44f1308	22.959	fast
1d3d03f8-edb9-414d-9a46-5c7fc36afe3e	22.694	fast
09ab3703-46e1-45ca-8f70-626ea5a2d44f	8.980	hac
866bfa45-a0fa-4fb9-bf52-dcec2b0c784c	22.459	fast
35016616-a021-48d4-9e4c-6e090a972a94	9.094	hac
1034272a-2705-4872-aee8-9e4d9e05f897	21.705	fast
7dde80f2-13fb-405a-a465-2610a710fde9	25.806	fast
7e6b81bd-afee-49bd-8a19-8dff56c324c4	25.244	fast
7b15cf09-543f-4f25-ad1a-7c3f81c00230	12.564	fast
0f92fa90-b3ac-4d43-962f-86adcf4e96dc	18.515	fast
6e672626-629b-4a9e-94cb-14a6c3fe50d6	18.794	fast
0b892fc1-911b-4f19-b747-1ae028284b41	12.446	fast
66b2d348-d514-4cc6-90a9-487bcd7846bb	27.765	fast
2d65beed-2600-40c9-9dbb-fbab5f20e817	10.282	fast
be8a17f4-4146-40e4-8bbb-5b25fa50795f	9.184	hac
dba7f4eb-eeb0-4011-9010-bbc3941ff3c4	14.101	fast
dce19ab8-f10e-4695-8785-46799f2d4881	15.820	fast
7e51692a-ebfe-4bda-9647-eff5ce52bbcb	24.269	fast
76c3b11a-cc1f-4d99-9144-75c9f9c2cdc2	8.598	hac
d721227d-09a1-4898-910c-43e4fa394999	28.632	fast
8f0297fa-f4b8-405d-a499-21bd63e1c00c	24.157	fast
7764f4c4-fab3-46cf-b607-923e69a81a57	24.151	fast
2222d027-efb6-494f-9676-9ee5cb52af3b	8.606	hac
84e33134-3510-4b92-9f0a-d19a3484b3c9	19.813	fast
53604cd3-0fd3-4a7a-8c96-b4fa451681f5	20.966	fast
c2dde2f8-9d51-4a5c-afed-36dbfeba64f2	7.599	hac
a51bf001-117e-43d5-ad56-3f5ad8013d8d	25.501	fast
39d46d96-9ab5-4e9a-b8af-0777fabf0b39	18.558	fast
8bccf65b-87d2-4b94-8ca1-72e21cc91d5d	20.135	fast
a55be40d-d957-40d5-b77b-018b51355b52	24.460	fast
7e65c402-a9b1-4503-a0bc-9108bb5bd832	26.102	fast
02f78f9f-a1a6-419b-bb8e-aa71e58f72cb	24.930	fast
54cbf6ea-3302-4448-af42-4e14fb54490d	17.652	fast
059ac0bd-66df-4847-8661-6e2bc1576f41	22.916	fast
9cc732ab-5b8d-437c-b3b4-74c66ae4b254	25.423	fast
83be6548-02cf-4fd4-b61d-df8f7c577631	25.113	fast
4ba88613-3695-4922-9b5f-461209f60469	20.890	fast
6b7da6e4-6855-4282-8952-953e5ea3e7ca	26.357	fast
9ed8f826-2ee8-4c4a-92e5-0c8f40038118	23.712	fast
b581512d-a690-44a9-bc6b-6d8bfa9e29c8	6.858	hac
3feb4bc0-cc2c-4594-82e6-6ddee6bb970b	20.691	fast
fcd5c1ec-f1e3-4f68-9408-87a3b25344ec	24.448	fast
614b9c46-e3af-44a7-a089-9a903828aed2	21.405	fast
0aed44b7-d702-4ff7-aa16-c69d96202a55	26.237	fast
add00186-3d3f-4bd6-8106-0e6c649f73fe	22.388	fast
0eb56e2f-2cf2-4411-b800-cdfce72c81bb	25.236	fast
72ace1a9-ec7d-4f2a-8c56-0dabe08780e9	11.857	fast
f63118ab-6bb1-4d65-8cbc-f2e24407438e	28.325	fast
9a5f307a-0f64-4c02-8a4b-ee0995bcf4d2	27.106	fast
0c1dd055-2628-4f9c-bb38-a38d8c50cd28	23.741	fast
2ecf9cc7-0797-4a24-a6d5-a060b3cb1185	8.684	hac
df13456c-a22b-49b2-8997-9d80e93f3ca3	23.575	fast
e414f6e7-a271-4961-b7d9-66a5dd3c867f	26.892	fast
ad4dd6e8-70a0-4959-a7e0-bbd30fa30e84	21.631	fast
84141958-984a-4dba-a877-94faecd9260d	12.642	fast
bd0721f1-950c-41a9-a1a6-c9e513cc52a5	15.784	fast
4122f127-162e-40b7-92db-7e3619790bb2	18.644	fast
c8b7f74b-a62a-4256-9e18-50e6e6f83123	12.227	fast
7a1837fd-ab05-48ec-b5c3-4a9bb65b976c	6.991	hac
2ffc6900-9a77-4317-86c0-d5edc09b5c8d	20.517	fast
cf2333ba-f24a-4ad1-bb46-79aa7bd9de2d	19.152	fast
a4405ec3-b200-4dfa-9455-7e039ff99680	26.685	fast
256aa4b0-1ffe-4021-9a8c-1aff4dc5fb89	8.631	hac
7929d53c-091f-4e4e-a820-7c6b082b9cc3	23.583	fast
894146f1-6fa1-4f25-aa90-b9895069140b	26.427	fast
a5f9fcbd-04e9-461c-a8a9-311b1c9190c5	21.886	fast
effe29f8-ad15-48a0-9745-13d7510e3a73	24.159	fast
3924c07c-3da1-4962-b81b-19f56f58be7e	25.763	fast
4f7e99e9-8f83-4dec-9197-1fc4a2d75adc	9.091	hac
c8ed5dab-049e-4b01-aa47-9e8e7d45a434	21.406	fast
c4138f8e-bf5f-4ab9-8a0f-427a1d7c0d95	8.871	hac
5624f562-d74c-46f2-ab6b-7315b447bc25	23.566	fast
c75bc756-7f8d-4232-8527-79acda9455c8	25.173	fast
5333c20d-c602-473a-adb3-170824ddcec8	19.266	fast
a58d05c4-7d74-4f32-94a1-bbc10c068a02	8.334	hac
677c37a3-0f06-4d16-85b3-ddc49b36b018	26.302	fast
a888e143-0f78-4813-8970-7e80adc52a12	8.885	hac
b4e082cd-5e89-4704-874a-c3d839cdac1b	22.622	fast
72508c66-15de-4e8e-8e70-51f76e6610de	24.535	fast
899bd460-4d54-4278-9a55-4b61cc4ee629	8.495	hac
2a3c7ffe-ceae-4ce6-85ef-75b992976cf3	23.087	fast
fe64cada-968e-4484-aeae-3c3e29534b42	24.889	fast
b3b7ba38-96cc-47ab-bb4e-39b71ae75ee2	7.233	hac
bfd534a0-404c-4239-9228-68b773f01fdd	8.409	hac
9a599847-3f96-417d-9e2c-3da75a5c7e8b	25.398	fast
23a0abbe-2f1a-49ab-ac17-51cada073bd1	25.790	fast
a2ed898f-9b9d-4748-bfbc-cc27560a3328	11.034	fast
78a0de8c-0268-49aa-9d18-99992a6f2b7f	25.118	fast
a89da5b3-1e58-4464-9874-3af9fe98bc15	25.758	fast
d0bc610a-9ba1-4953-b929-d573f71483d5	8.728	hac
c8110061-b8e6-462f-86da-fc276473ed5d	13.602	fast
cc405d31-3fcc-4ac6-b5ae-31400e24a674	22.800	fast
bb1695d5-6381-4ae1-9a44-cb8972d97ec0	18.193	fast
9030b2c4-e2f2-47f7-8ade-bbb2ae324fe7	21.365	fast
923f5caa-7145-4c95-ba58-3ee2b4c94dce	20.309	fast
3a629d20-af6e-44a4-87d2-fed9b72c1354	16.911	fast
42d48f3b-90f8-424a-bea1-1c00614c03f2	19.837	fast
9bae54a4-2698-49de-8ec0-3934a4518f0f	24.137	fast
6a31fddf-6701-4f7e-9b90-5a9998a22e42	20.100	fast
57780db8-cef1-42f9-8d8a-86bcbc74bdf6	25.513	fast
3e348a0b-8ff8-47a0-8e9e-81c49a4b48be	16.573	fast
94962564-a799-4d8f-b6d5-ceac20159100	9.417	hac
3c22d1fa-0837-4819-bed1-0c1db00ed4e7	17.370	fast
8a775b01-3ed6-4fdb-b7fd-7a8f428c87f6	8.782	hac
6c531f9e-d7e0-4fd5-a2f0-fce6140e011f	27.427	fast
4596826d-e35b-49f8-84d9-fec0bb0b9a95	19.035	fast
2dadc469-b68f-4e76-a9e2-e7df623fa405	20.091	fast
b2e381fe-bc96-45c1-a6c5-7b41abf50cac	20.275	fast
ffe02ba9-c49c-4324-b46e-21271a2d16ec	23.305	fast
657dbb82-44b5-46bd-9045-89b84d75fd83	24.309	fast
ef2ed1cb-2814-442d-87dd-21a260f23aab	22.090	fast
e022da57-a468-42d5-b63c-f1c9d813cf23	24.857	fast
1f35d49a-fd50-4236-b7ee-b196379ea70e	25.770	fast
b568caa5-b774-4d0e-975d-172b114467b1	8.152	hac
6405bee4-f8e9-4954-907e-22cbb4e241d9	20.318	fast
e13edb6f-33e7-4e72-89c7-ef7a0f11cb03	20.314	fast
197980d6-75bf-4383-aa6c-4a7b570e29d8	4.759	hac
7be3c0bf-3c36-4cb7-bcb8-4b69ec1ef471	25.207	fast
e0d87d56-da85-470c-81a6-567ecfde45fa	19.172	fast
93becdc0-bb91-4855-a4c0-0110352b5c6b	19.356	fast
8e1f558a-c281-48b8-b39a-8a84a984d56a	26.525	fast
615a8a90-9b8b-4d96-a11a-1822c8a758b0	16.260	fast
36420e42-2a58-46d1-925b-cba0b25f3a7b	7.280	hac
b3c5dadb-2250-4038-a468-f97c3116bcb8	23.341	fast
8f0ee429-b56f-447a-a934-137763b08734	23.301	fast
504157d6-faa9-4a61-a5a9-5dcaf748e0df	8.215	hac
fdd3e13c-c364-4255-b3ea-4b07290d4ba9	7.932	hac
a5300abe-e1df-451b-955a-1d7584b0f8f2	21.126	fast
0f9bf671-16b5-4cb1-b955-84aab1a9bed2	25.862	fast
c11ef0ef-e461-4b94-9b3d-93545e1735fb	21.331	fast
a899dd9f-88cd-4cf7-916a-0e1eb1b0d5f0	19.866	fast
be0b74f2-e4c9-470f-8329-28aa3d51627a	29.796	fast
3cc45031-d4f9-48c4-9b62-6c2fc065018a	25.200	fast
724eae97-f3f8-41a1-8437-b3c6e4bbb291	9.459	hac
7e1c1b64-6643-4cfa-a33c-a781a4a6f8d6	21.000	fast
23926fa4-2545-458a-bdc8-7a7f4e006ee1	27.798	fast
fb99a8b2-dc4b-4cfa-ade8-363d10f30e35	7.698	hac
926739af-d554-4ead-bd00-6feddfa6d62e	25.295	fast
c5295065-3555-4801-89db-c748165ac7ab	19.400	fast
df4c968d-6baa-41a4-a948-405a24a6c320	10.728	fast
bd7a5565-d2b7-432f-9ea7-cec99e535295	22.468	fast
83d42c3e-86a2-44c1-907d-ea0f4fc22959	22.130	fast
606e22d1-7918-41cd-9a99-538d7da64d82	17.577	fast
f56b0b43-bfa3-44f8-9c46-c99398e6937d	23.097	fast
35766426-9d15-4db1-9a95-e8ed396f6f11	24.663	fast
41ac337d-3f40-4dc1-aec0-9f0f0d21b787	10.703	fast
2c3a612e-de5f-4bff-a2d7-a953b32d7ab4	25.777	fast
aadad779-9e86-4a02-8505-f35fe26ffacf	23.341	fast
c245ae52-a814-4ca9-b0da-62a9f28d0149	22.670	fast
aeb88aca-aee5-4277-a719-ddf77cdfaf19	23.094	fast
a654b7a3-9a8f-484f-b097-c36dffd1186a	22.191	fast
d3afa77d-2889-42a7-a0c4-cce6fbfa41f5	15.810	fast
79ef4fe3-32b5-4a52-acdc-b70424f45d4b	25.078	fast
458bb713-ef06-4fcc-9171-63a6e69e7216	16.145	fast
40c629b9-e94d-4726-883a-5f3ab3906e60	20.273	fast
f2880dab-e89b-4a8a-b44b-352be83af558	20.295	fast
81c1b202-e4d6-490e-b8a7-6447fada352b	4.521	hac
46d674ef-b20e-48e8-80ed-e35d147e578c	20.820	fast
464df280-77c3-4e7c-89d4-077a9ba96a13	12.422	fast
2b2eb5ad-4687-4c9b-804e-1ab0cdf32227	10.957	fast
66e91db5-2552-4edc-9768-891602af0efb	21.211	fast
a650d729-50d0-444a-9400-ad3de1a18553	27.121	fast
7be7e556-2c06-4e5d-9073-e982240c7728	15.688	fast
0a5f7c69-6c2c-47c8-b9df-b27d1d5b58fa	20.765	fast
939ce098-9803-46dc-9dc4-94c400cd6945	22.496	fast
0af674f3-4c54-430c-9a9c-af131addd796	12.838	fast
53e7ecb3-35c0-44cd-b120-de40748dcb34	13.161	fast
6482b1d7-64d2-460c-ba92-e0f2fb649e1c	16.721	fast
dfaba01d-ef3b-460d-858c-cce619185862	24.723	fast
06bbd18d-edd5-49f0-9ed3-86a284126061	10.810	fast
46ce9e1f-e612-4c70-ad58-0f39bf5a98da	22.100	fast
e831629b-e629-4c10-92e9-c38502e00a0f	27.186	fast
2f83f65f-3053-4be9-9c8d-e2c2fdd0e53d	7.921	hac
daa0554b-4f27-4403-b6d5-8de1919300dc	24.128	fast
f619091b-a196-4074-9ada-c16f2c62c66a	4.787	hac
d6b6972e-2260-4f5a-83fd-51e3c76c9d57	22.287	fast
b152fd33-ef5f-414a-a495-bd5b1fedc649	20.380	fast
0f4c29f5-8b2b-43c7-b4a1-753d91303e9d	10.681	fast
6a39c581-b946-438e-8088-ccd3829be662	21.150	fast
26683ec0-fd7d-4eab-af67-42e55e3aaf0a	15.826	fast
e6a6a90b-c7e9-46b7-97e0-93fc20f8bb55	8.412	hac
92504233-4c2d-4e96-9f07-91e7bb310687	16.944	fast
93cd1e87-3fa2-4575-b210-bfccea748d3d	20.135	fast
adfdabf0-8f80-411a-a8ba-0bc1c7f6635c	23.670	fast
bf5d9fdb-4144-4c5c-ba93-a7ccd0810a7c	19.085	fast
4fe4a681-83f6-4680-9ff8-ba876ec35b3b	23.718	fast
c4fdbad5-d09e-4f9b-9227-164288390b18	20.664	fast
b86b8d8a-16b8-4568-88e6-881a7405c67b	26.377	fast
b04aff7b-92db-4c19-bf62-ba579cbae01e	25.948	fast
b2f81268-257f-4b5e-837a-e0955ca7dff1	24.231	fast
1ce5f4a6-1124-4149-a548-72a1ae85badb	17.509	fast
f443a360-8e46-45ff-b93c-8d36a982bac8	26.028	fast
641d4fb3-4ea4-45ab-b658-3da719f2938b	13.159	fast
8a2da039-9d60-4f74-947e-7c4f50de0e0d	30.668	fast
9e929c80-a5c8-4617-9545-4d69257fa972	28.148	fast
e51d059b-ddd8-484e-a4e4-a53a104b4bc0	23.937	fast
8f569c44-d9d7-4d59-ae43-2e1f6016184c	20.105	fast
732d0b26-4021-480c-9a19-af19c51757ca	21.724	fast
960ba5f6-6a9b-41e9-b2ca-ea0e7b9a7a9e	27.739	fast
494758cf-3967-4fd6-b28c-ef3a7e8fe36b	27.150	fast
85128140-e9f7-4fbc-a309-16b11400c802	19.439	fast
f8f91cc1-6cd0-4a50-8c96-aa9c3a1e5e59	25.585	fast
3df59c4e-7d56-4cf9-894a-203f3fe4b800	18.734	fast
bf01d385-cd6e-4285-a670-268ea2935d4d	8.900	hac
b372b7f6-878a-4527-baa9-02e7d3ba6471	9.593	hac
121b2c8d-176d-45a7-8705-90638f6cb021	28.819	fast
27af0b51-8074-4b5c-8155-35434161aaea	25.090	fast
cd7611e8-6bcc-4ba8-95a4-7f23e8053dc4	26.675	fast
59ce08a4-7551-40b3-a01f-fee9c464f0ef	23.391	fast
7a54a53b-0571-451d-bb90-ff84660917e0	12.109	fast
14c9aae4-db8e-402b-99f7-c397d390cad8	24.668	fast
38b1e2b6-a703-4f69-8c82-ab124792d848	26.671	fast
6bbb64e1-0f7e-40e7-8473-ae0ee9423472	11.630	fast
30b60c1f-76dd-4e3e-b8b4-7cb06bfeca39	22.002	fast
e092db40-9bca-4386-b8e2-6488bf6fe6ea	20.702	fast
099f151e-265f-4fa6-8110-0adac7997298	23.076	fast
023eefc9-c0bf-44dc-a010-5905350cb4f8	17.651	fast
95379bff-df06-49e8-9b35-dd48820a6d0f	24.058	fast
b57f486c-ceae-448d-b5cb-a99a141996ec	23.813	fast
82e20193-572e-4bdf-8bb4-3319302a8899	22.258	fast
4076c9c8-a6f7-4ebb-9ab1-2b87a643ac69	25.366	fast
f5e0bdde-8c6c-4d3b-80c5-fbd12f0c1985	25.079	fast
2a91c075-9ed0-4b51-8379-d19c3f7ddc72	27.849	fast
4344d206-25dd-4fd4-bb64-478547507bb4	19.316	fast
83e12f24-be39-4c47-9789-4819a7108e56	24.287	fast
4d26ab31-b805-4896-b309-c36251e1b3ec	27.694	fast
297a1237-2325-46fb-a48e-c60df4832d8c	9.119	hac
85d2831c-4b04-42bb-a40d-65942f719b4a	25.507	fast
b087ebeb-6717-4dde-bf0e-7f46bd7239bf	7.205	hac
6144dd72-9de4-46bc-8351-eef34cfd0f31	25.741	fast
158b4390-6141-47ad-a230-d5dcaf31bb98	13.952	fast
82e80452-70e2-4cbe-86c4-7095f674aef1	17.475	fast
7e527f15-98e3-4d47-a84d-c10d89b88f59	8.027	hac
2dfda9ee-2d1a-45de-9edd-ab0cd3dd6266	21.912	fast
1c18f71c-9639-4451-b1a1-c125be1971f8	21.932	fast
c18cbe88-7913-46f3-b5c9-dd195394909e	8.123	hac
b19c18c2-43f4-4186-813c-73f794ae00fd	8.246	hac
14a95f8c-e3c7-4599-9639-41866618b7a8	27.011	fast
eaf36f91-2da4-4698-90c4-0a4984a7274e	22.034	fast
e3ffafa7-8041-4639-971f-7a9fb307238a	22.584	fast
53d3561d-7ac1-48d9-a83e-10e1260b82e4	18.370	fast
ff3b4d50-14e5-4e53-820a-4bc48fa4322d	20.487	fast
563e1c72-04f8-413d-881c-9f7f28dc679b	20.200	fast
a927f2cb-501e-421a-a642-8720b633b166	8.995	hac
14c1d2a1-9bdb-450b-96a1-f3222c89e856	27.935	fast
0cc6cf67-534c-4741-97f3-cd7d9c790935	5.601	hac
d7f9ae2e-997f-4362-b2fe-4343b422413f	13.217	fast
417304a0-1cb9-43f0-a332-27e451b97546	21.276	fast
aafa6011-b27c-4bfc-bb05-827d1aa02a8c	22.992	fast
59350fcb-0780-462f-b1f2-0003a40ff4c7	19.774	fast
4eed2abc-3eb6-480a-8629-32bca17370a6	25.761	fast
c2592a1d-23fe-4710-b77a-ff465952c61e	19.538	fast
048b5b83-8d24-437e-86ad-0715fefd01f6	24.852	fast
d99a5b0a-0c3f-49ea-8abe-4227a50e7ee7	22.292	fast
b17a801b-2d5c-41a0-a430-5673cdfe6546	24.928	fast
26691800-dfa9-4740-9c1a-b56dc9f30169	29.568	fast
3d3b8598-64bb-490f-96a3-536794ea7ad0	21.074	fast
333f43a7-0341-4fb5-87fb-647610ae659a	8.241	hac
21345056-2641-42bb-9460-edbbd23dd5c9	22.535	fast
803ba1b7-4fa0-44e4-9a31-f473fc024092	22.672	fast
a1e0774f-8d19-470c-ae08-87360eed7e01	25.667	fast
6724a85c-42ca-4575-a791-1bc1df7f3e72	18.481	fast
f38bc443-202d-4cd4-965c-923d5cd3eff6	26.553	fast
7d248ec2-5edc-431c-ba08-72eb71ba6ec5	26.432	fast
e8e00b8d-0fd0-4b2e-8c0c-bf19ab82d123	25.715	fast
9725de51-fd3a-48c2-8309-6ddafb95f7be	8.575	hac
ada9fbcd-6489-4dbb-92ea-4d737ea8fb0b	21.233	fast
8dc6a65a-ff8a-4f6f-9e48-bd91e5a81812	8.691	hac
182bdfa3-3509-4c3b-8ce9-b526d7712451	20.390	fast
0a29b938-734e-439f-a6d3-7d8208afbdc1	13.497	fast
c88c8ba8-bb09-4664-a5b5-3200cb77adc0	10.735	fast
84e9093e-2585-47a9-82c6-7835b66ae74b	21.058	fast
34a7d73b-59ca-43f0-9d30-29a47afe0714	14.706	fast
25c9b41c-a6b5-4247-8e18-1e14084219c6	23.846	fast
9a7fc801-c50e-4bc5-b95b-58758204cce7	7.086	hac
9aa4d238-3422-43cb-b1ed-b39690d66495	27.453	fast
5008e6ad-04e7-4fa0-96a6-708d8749196b	6.665	hac
0ed0ff4d-5b8e-4f26-9353-d102384a8f9e	22.469	fast
8194ed8e-4915-46c7-90d8-909160c8fd93	21.015	fast
01548abc-5147-4c9c-9343-f26ebb0f8649	24.758	fast
2373d93f-a484-404b-b854-933e1bb22f93	23.816	fast
93558e6c-5997-44e4-a264-3865d3cce932	7.860	hac
cab79793-46eb-4653-a619-e877fca5da7d	20.517	fast
66794b18-e9eb-4d63-9bd7-f4cf3deb8f5e	20.821	fast
4832d669-5200-414f-af75-90f7870df366	26.586	fast
23578cac-4bbb-4237-8406-a32a40760c82	17.235	fast
21879c14-eb50-40f8-be19-9b72a40cdc3b	26.035	fast
4b882ab7-c5fb-4e38-b494-ece2bf08bc5e	6.900	hac
35ef18b7-eac7-4e11-983e-2e19ea0b5729	9.742	hac
b8c0605a-bc2c-46e8-8cd7-db4c4b37b51f	22.092	fast
bac540fb-b007-460a-814f-24e3605dd6ec	24.939	fast
3a909a57-1224-4099-9567-734515b1c7c8	21.132	fast
e04c6f29-957e-4d55-b4d7-7949f1e26fcd	13.649	fast
0c15c2a2-c81d-4d86-af09-4f89e7e33469	9.768	hac
0b42e07e-75c7-494c-9a2c-cc27fc1cc689	25.893	fast
fba15e59-0546-4717-8560-8c66128b2bb3	16.554	fast
fbc5f64e-65f6-49fb-b813-b77fac3d9650	23.850	fast
01e1708b-1867-439b-9dd6-652060ae85a1	7.900	hac
f1a666ac-0dfc-4023-b0e7-705eefea41aa	23.984	fast
57586667-6f29-41ef-a43c-f3f04b613e9e	24.254	fast
c69ea465-1efa-44b5-8271-5ac420225cdc	22.955	fast
62ae5d03-48f7-486a-ade3-7871217444e5	24.784	fast
8e8014c1-dbaa-454d-9c50-fb1547e7dfb9	8.574	hac
a0fcdbdc-6c28-4bfe-a70e-1da5a13e5502	30.114	fast
32b12101-8acc-4cfd-a3ad-fa3eae1a4fd2	23.675	fast
be9ad8de-c8d5-4277-a017-95212a13ef94	8.169	hac
8d5abff4-b248-4a3c-ab63-6f23a84f8ac7	10.783	fast
6b8a89cc-fa54-46f2-909e-e1a3556ac76a	24.504	fast
3732de8e-6a54-4165-bfd1-c430ac5dbd66	21.124	fast
33201f72-d2e2-4341-8837-9355f739dfb7	16.543	fast
4e0333c9-aa6b-4288-8158-431a538384ff	24.437	fast
7e58a358-93fd-44f4-bb94-501b4b65e212	20.977	fast
790d11a1-5b4a-4add-8fd5-338c43a82960	25.204	fast
a9a85f4a-f6b3-4601-a43b-259e38766f52	9.851	hac
26854ad1-c4b9-4ad7-8034-f7c1377b9370	20.897	fast
08414e0a-8db1-482b-81b7-baebd60d58cf	23.813	fast
24be0413-5837-443c-9918-8540f87b378b	20.047	fast
37458d4f-65ba-4450-a9c0-fb8ddbf45e63	25.358	fast
ab4334b3-db79-4655-8f53-f46d1ff32033	9.178	hac
35cdd1db-eda7-452a-8d24-3f2ca5a22771	18.985	fast
37b3d43c-2245-40ba-8a07-d2ce3aac99f9	21.120	fast
02c223f8-65dc-432b-9490-1370cdcb14c6	8.410	hac
b55832a7-c3ce-4094-ae7a-97dff30e4913	5.499	hac
12e2bbd0-7151-4d0c-ab71-bbeea00a3d8c	25.943	fast
8333c924-5088-4cf8-b7e3-f89e81941a34	9.878	hac
b0bcc253-dcde-407f-81f9-6eb7c93d427d	8.867	hac
6ead8a8f-56bc-41ed-91cb-2836ea496c8b	26.043	fast
b9ec3049-ea12-40fd-8e78-977ee82eb069	24.480	fast
35647a07-bfe4-4202-822d-9959b9cb0366	6.216	hac
12f12d1e-7928-4226-ac40-0827342879a5	20.801	fast
5a879e1e-9c45-43ca-ac19-16019903015e	14.605	fast
24288df7-62fc-41ab-ac4f-682c59da3dec	26.909	fast
72441c90-49f4-47cc-b080-5a83f0fcab3a	23.351	fast
7e3c6e8f-6378-4bfd-bab1-4d938ff807b1	23.735	fast
d227729b-9055-46cd-9a7c-e9fe64ea8a63	8.623	hac
8261cd03-c84b-4981-883c-a389b7573ed1	21.142	fast
176ef9c0-0c08-4566-8d9e-b4b8077169fe	25.597	fast
f86d4b3f-beb9-477b-8858-3d789778c662	22.585	fast
3d624d78-d45f-46f3-af16-831bebcb7016	17.430	fast
8e1b8a1d-818f-4bb2-af5d-3e3cc570ee55	14.070	fast
f6d2a088-2714-4482-9700-0c52e9781c9c	24.548	fast
8374d2f2-b2f1-4ae0-a845-0a83ec46deab	6.668	hac
830907bf-69ba-4636-9cf5-bf4dd8c266d0	27.254	fast
a4db2883-1a09-4175-b3f9-d94d16da6bd1	21.469	fast
dbfba6cb-e998-4ce2-aa19-b65346d40b33	21.508	fast
34e8ca9a-ed32-4fb5-9d34-aa857b0b87bb	15.649	fast
f692dc51-33c7-4e0d-af94-4fa596f38035	7.637	hac
331275d9-e143-4529-87f4-449a2b94ac1c	16.601	fast
557120be-2b07-4ff5-8770-34005d5f9aee	26.906	fast
6cd1fef2-5da1-4e31-b681-73936bd8b8be	5.957	hac
936dc49f-461f-42df-b00a-947d637c45e3	20.756	fast
62d4cb40-566a-4fc9-b4d9-42bdb53fab19	19.104	fast
1c0baa4c-82ac-41a2-b67e-4a7c2125e01d	7.221	hac
71a06f6e-c9cc-482d-b05c-f4a75cf8e8fa	8.672	hac
95691c01-01b1-485f-ab08-4019b45b22bd	21.031	fast
5a1abd43-9f17-4fff-8888-bc1b0cdb2db4	22.783	fast
3492b849-a3fa-4ad8-87fd-c73e4a7bcffa	9.159	hac
e464185a-7062-4a72-9002-55f4d3dd7a50	10.744	fast
6c538c4b-ef01-409f-8bd0-856e9458eb78	25.869	fast
7e4c9f59-2209-454b-96ca-413820fb6ddc	19.240	fast
1d977a38-084d-483c-964b-a2989a14dbc5	15.847	fast
344603eb-0a88-462a-936f-e6bb17d7cdd3	25.985	fast
d8585bbb-19cd-4b58-b9b7-c165757ac637	21.375	fast
5fdc2ecd-cd92-43b9-9abd-03c9e13a76ca	19.071	fast
32c18d7a-27bb-43e9-b894-ee2c83c17d5f	26.333	fast
d4f138f2-2d61-4e50-a4ca-1b9b55714285	10.544	fast
a124959a-85de-41ee-89f5-f883c88c90e7	20.708	fast
1db8c8f5-8d21-4ad5-a19b-91358b2c20a0	26.009	fast
c9de2909-f619-4af1-b462-f6a2c7ddb329	14.352	fast
dd6cdafa-af6b-4b4e-857e-d13a2f5afbd0	8.626	hac
a5180e93-710e-41d2-bef5-b66a5fee352e	25.660	fast
e6b2930f-f3ff-4de8-b86c-c5d84d1c2465	24.767	fast
495d196b-4fdf-475b-ba24-8d853721fd2f	19.856	fast
4442dc7b-077a-42dd-8a27-03623303c0bb	20.604	fast
fa659579-4b5e-4fe4-a64d-e68f9e322c71	24.500	fast
1952b8c3-e039-4bad-a279-82861a7bd357	26.093	fast
7a497b38-911b-45cb-86dc-8036a9850716	8.387	hac
04b25127-7ce5-4bee-b063-11291ccff678	14.840	fast
d832a8d5-15b3-415d-8857-6ccae4e92365	22.968	fast
89e6aa67-a897-448e-906e-044bb0734695	21.456	fast
1f445690-4db4-4697-a9c1-7c0200816dd4	19.206	fast
3c4a5a3a-f745-4905-8e29-0278ed017b7d	24.296	fast
7a4ad172-b5e6-4b0b-83aa-9e54c6ab6fac	22.099	fast
b79c851e-b8d0-41fc-a1c4-60eeb11aad40	22.883	fast
3af63ce2-fb6d-4fb1-a137-8d6de9720f6a	20.208	fast
5a15cd15-8905-4358-9cb5-a89cc6082f8a	19.168	fast
ce6c6dae-c4d7-43a8-8fa1-a83a80476df8	23.692	fast
387faf42-7a22-49b5-8b8b-c91ae80d8ff5	18.543	fast
12c0edf1-611c-4a89-b493-9f466e8df13f	25.820	fast
7a0f0506-c1e3-4a86-890b-44907ebe0d63	8.649	hac
0c0afa53-6ca4-4d5f-8f30-e68a31bccc78	22.046	fast
08802b0e-a13d-4fed-be61-6a85bc00472b	22.383	fast
9d392bf3-9e0b-4ea2-afca-20338b91fefd	23.494	fast
a13b0cbb-730f-40af-8765-f23369b41a24	23.344	fast
5f8e884f-1467-4d7c-8763-1ccd08e6d5ab	21.768	fast
332b6f2f-d733-4d91-91f4-364a2482db96	25.093	fast
67cf81c5-ffe0-4c54-8db7-45a6721c3f55	24.957	fast
45b40bf7-3b81-4b1e-9d05-8da6f7046c2d	7.196	hac
3986dd44-a47a-40f0-9005-76e6d9612821	24.458	fast
eb836b2b-c056-4f95-84e4-54a05382bf1c	26.926	fast
5ae69216-040d-4fa6-a216-0e687a32a218	25.373	fast
53be3cec-a099-41ae-b23a-300725bdb8cb	23.917	fast
ea0266cd-c9d5-42f2-8a4f-5368c94b9cc8	18.189	fast
6ef52612-c549-4240-96c9-16ce7b7b26be	20.236	fast
2e47a638-707d-428b-89bc-6c16a377f42a	27.765	fast
80e1a46c-ff4d-4bd2-a79c-1b7ac7c1592b	22.072	fast
850035cd-56bd-45cc-99ed-a9adc03ebaac	23.054	fast
beb958e4-0df4-49b2-b25c-ab4a2f39f7f6	19.234	fast
4e18db39-eef2-4364-bff7-59ba9bee0005	8.007	hac
02e0789e-6cc2-4cd4-9dee-9465228909d5	24.807	fast
b2e542de-1eb4-40bb-b7fd-87f806088801	10.695	fast
16b4fbf2-2c30-4d09-b896-7e341b69c85c	22.072	fast
0405fa1f-11b7-4803-86e2-dfe78c48e7cc	19.295	fast
ef52ece1-af51-44ed-91be-7990a1f0568b	23.960	fast
377d2df5-ef5e-4548-912e-e8233ad56783	9.607	hac
97db1585-ebb3-43d8-af6a-94e243d9a5fd	16.846	fast
656775dc-5ad6-4522-a313-dc7c7bb06b0e	16.324	fast
505f5bc7-29fd-42bc-8147-96373be8544b	21.789	fast
a537befa-ce64-44e6-b94a-c22c44ae8afa	24.426	fast
237a2cf3-67ba-413b-b6dc-dc4990a1cd4c	8.895	hac
90131480-ac91-41f2-92f2-083b2ef29ccb	20.643	fast
e9ee455e-c958-49d0-a702-7b1da8552e65	25.352	fast
c600cfc9-1e6e-459b-8fac-049dfd0fbfc1	18.642	fast
d11ac968-3c4d-448b-b106-32c719349b92	13.431	fast
c4084c03-ff99-449d-8999-e29e657004b5	23.430	fast
65bf1c46-f927-4a20-96b7-26a037b2d2c3	22.144	fast
a7560ba2-143c-425f-8193-359ab8ba6a05	21.013	fast
24247fa3-1278-4988-9d1a-bc3f8c19ac9b	22.673	fast
56e400fb-0c7a-4b5b-a255-c9e5760b3703	24.348	fast
96113a97-ad00-4dc8-a807-5a25277a1bb8	7.803	hac
8ce26f9a-a7de-49c2-b09d-273364db9bcd	17.600	fast
e1419149-6a4e-4b1f-a678-69f416ec8de7	24.047	fast
7d575887-c292-40ed-b92e-2631fc82a8a8	20.242	fast
5d8b24f8-57fd-4992-b931-051dd452a8f8	22.378	fast
12efe4a5-9797-4d08-b14d-9f7efead32c9	22.891	fast
e6cac407-2868-4d68-8f28-4de0e2a59b68	24.678	fast
f744b060-f082-4a95-8dc1-7914126275f2	9.092	hac
7e6eb7b1-bfef-4fce-a5fa-94c10d8ffbcc	21.517	fast
0dcecca6-cfbc-4d00-97a2-bc7cd1c87dfa	24.904	fast
4004803b-460c-4e5d-9c4d-8e22642fb1e5	25.540	fast
d322c2e3-1aea-4357-a391-f6605d124f28	9.355	hac
fe652300-8d40-43d5-99b3-b18dfa6a9d97	12.352	fast
99787243-2010-4b0b-a3fc-3f91112fa388	24.032	fast
8e24294c-fb3e-4fa3-b558-ed7838af3e04	24.342	fast
526b225d-29e2-4738-b243-7ac9f6353162	10.955	fast
4c0a2f3b-87de-49fe-bac2-e35dd7de425c	24.822	fast
933c00b9-bf2f-4ea7-ad85-c91865982c7f	13.417	fast
bd2f192c-8df9-4bc5-9f1d-5d735e40bda2	25.526	fast
dd91543c-5616-4361-988a-1430a2fad642	24.005	fast
70a25ad9-1274-43d7-9cd6-b13b9e8ab307	12.155	fast
93225290-227c-4338-8599-294b83c3db60	20.871	fast
2fe5dc5d-b0d5-4c85-b5a9-546493d42890	20.701	fast
4c068012-690f-49d7-9eef-1579ef970c5c	27.100	fast
1deca8b9-8bc7-4f05-a3a2-491f17d1acbc	24.587	fast
2109e7f6-4dc1-4c0d-b06b-043925a889cc	8.979	hac
0dceea5f-e8a5-4d45-b7ec-e43745ffa477	26.897	fast
007e726a-3e6c-48b1-9cfc-b80c4346c4a7	11.521	fast
0dc0fc5a-b53a-49f2-a588-3d56f43afa2e	5.737	hac
56134cbf-96ed-4f4b-9a13-e491f2252609	8.190	hac
552e7327-4164-4d2e-a203-89f4f20052f3	22.884	fast
5343d457-a99c-4d15-be7a-32144eb55ebf	25.666	fast
d3e3efc7-e873-47a7-813f-b2878a7f2df1	7.667	hac
7154c4e5-a1e3-4948-be87-feadda31f8e7	7.261	hac
8e50219c-2e4d-4f84-ba98-f3794e7f8b28	22.265	fast
2e079097-a226-4ebd-8531-c02ab14e4fe1	15.587	fast
0e3bf175-640a-4c5c-b804-7c84ff747f56	25.352	fast
1825d98b-7371-4911-b794-1e7d59af5ab2	20.284	fast
8eec05a6-0c73-43ae-bf75-a1de345437fb	4.548	hac
2afcad1b-3a07-4e33-a4f1-637fa5cb05b4	6.410	hac
555f40fc-bbd2-4a31-923b-da6f8794ab50	20.853	fast
a1eaf33b-5ebd-422a-911f-5af21987920b	23.291	fast
c572fa08-bc83-4319-9bba-5c3feabc9d6d	9.437	hac
d8600d45-e801-4a60-a16a-cd1e4a556bcc	27.299	fast
0e2e1ecf-7c11-4df2-ac55-67abf7e76612	27.356	fast
ed2d3e74-3dc5-4b68-91d3-ee0920b4aec7	24.319	fast
03f53df8-288b-441f-8547-ec224f443937	25.466	fast
3c6e45d1-1eaa-4e5c-a50e-9d1a2eb88965	23.651	fast
81976348-9002-4fe3-85c5-b5a4c014cfa7	24.404	fast
6fe7c2fe-2e2e-4681-a912-f242b4ea364d	26.654	fast
dae29d79-9c83-4c2e-b2ee-239164d91384	22.292	fast
c0c7bb65-fee4-4108-89db-decf113a3723	9.134	hac
75f89022-60c5-4213-a6a0-5db34902d321	19.613	fast
262aef28-564f-415a-ba4d-f3edc24a1af3	27.438	fast
d463707c-0a12-4a06-8848-8529381151b8	22.963	fast
99eeae03-4b4d-428f-b5b2-31b0d9a0343f	22.732	fast
d79ad263-dccd-46ed-a228-31c7e827ecff	16.219	fast
f0064698-e48a-4100-b25d-8be9afb7c8fa	27.162	fast
0935bb34-9b67-4668-b8aa-2132d8ed87f6	25.382	fast
2e03e00d-4c23-46c0-8fa8-69edf80281f9	25.845	fast
e0bd499b-3e9c-4768-b202-15aff02d9a01	23.952	fast
99a449eb-adbf-4b24-ae0f-48f710905347	25.573	fast
b0dbd8c3-22b8-4572-9e1e-767f2252bbf7	26.697	fast
6937fe9a-281e-4743-a3b9-7dad69cafdab	27.358	fast
05033f6b-52d1-448a-9687-7140fa60bb62	28.590	fast
b30b45cb-6fa4-4191-8a06-151a727b4161	11.263	fast
4f0c4d32-c1fe-40fa-8db7-d81ac12acc18	18.222	fast
1b5c4690-0d78-460e-b065-e3ee5c895598	9.018	hac
e3e4d425-a228-4280-9f18-500df8301483	15.900	fast
b61c9b9f-2829-440d-9924-e4a92d061147	23.723	fast
dadcdc4b-0fa5-4c3a-ae79-9b507669405f	10.166	fast
b3c4efbf-3eb8-4167-a904-0d7247157945	8.099	hac
02a69717-4416-4c47-be25-4cbee7537ad2	24.256	fast
d020792e-aa07-4bb5-ac72-50a41340cc78	12.331	fast
0ab8ad86-23ed-4798-a29d-4be0bf433ae1	14.419	fast
84f436f8-cc9f-43a8-9d78-6d43bf2520ea	12.290	fast
b908f1cf-af27-4c27-824c-14a89c0003e5	21.357	fast
50bca5ac-3d41-4422-b0a1-892d0e20c163	20.755	fast
500245ae-610f-4869-a511-9e1986d49d98	20.757	fast
79c6fa7a-82c1-40d3-9495-67b5053e1eb5	23.564	fast
e318985e-e901-459f-8bf9-d949b72dca9c	24.522	fast
18dfe537-0120-46cc-b6b3-a30924b01edd	25.506	fast
de6969d3-82ea-4437-9e6e-643e4ed22ce3	23.583	fast
1d7b21fe-ab7d-474e-ac79-039ec6c2f947	19.043	fast
841abd63-2e2d-41a9-aa19-452546f23e43	7.683	hac
0ad844c9-db9f-4065-85f6-feaa2a8c882c	21.021	fast
9297c29d-7cd9-4719-b530-edec88cb8b23	10.116	fast
4a4635a7-39ab-4d0c-8182-01909539f7b0	22.895	fast
fd818ea8-79cc-45ac-8f72-f474dcebdef5	22.753	fast
1527be34-f5e6-4438-aa3d-b7bc552555d4	7.569	hac
c4372297-ad0f-4ac3-9649-b44d273b95e0	26.318	fast
f7b64d03-ab43-4953-92f9-f683f1bb54e4	8.065	hac
e164f705-5799-4e98-921b-5e72966887fe	18.041	fast
699304fb-2c1b-44b9-9b33-51aab2a07f11	24.032	fast
369d8525-74c2-4c02-80ce-1f96ca774c1e	24.397	fast
06a3c1d3-5176-4887-a0ee-5034fba7ed84	7.436	hac
114aa4b4-bea5-4e22-a528-f3e59daf5f2d	9.827	hac
7481546a-68d7-4d7f-9d84-2158e417419c	23.899	fast
c863ab7c-f9fa-4f62-96ec-efa4fcf898df	25.066	fast
e5e800dc-ebd3-4dba-b93c-b443cb078393	23.561	fast
be8b190d-ddb8-477b-9423-5e55886a41f6	20.379	fast
a2c2de5f-dd64-4af7-a379-18c695482b2d	17.711	fast
a4bc005d-6eb7-433c-8c1a-ffc4896fb291	9.383	hac
e1b88600-68fe-45ad-a87a-b3a6805ed29a	20.698	fast
85b1426d-523f-436d-9e61-2f0abd13ea80	8.632	hac
9c458307-39b5-4d60-826a-9eaae6d51d81	24.768	fast
3a9f35a4-e260-462f-8e48-a1ce22bc72f7	21.282	fast
2493443a-51ed-41c2-98c9-6b49b669a45d	21.346	fast
098b7326-7aef-4f3d-807c-23c0a89655c2	12.221	fast
75c722fb-c032-434e-9663-19dde9c3d830	8.474	hac
4468ed35-2d4d-4b2a-9645-afc990c0f765	23.467	fast
840aab50-d7f2-4bd5-bc18-78ae7bc15e48	20.758	fast
33ec6d69-3faa-460f-bc02-bbbb43ef6b4a	13.444	fast
d0943639-e749-4651-b645-45c1b614c401	17.587	fast
1c037011-acda-48e5-93ca-85bf35bd1ea6	20.723	fast
535d1419-0c13-49b6-a0d7-687c2fdb50f0	25.423	fast
2b597d7e-0a0f-46d2-9b28-3c47753e3dbc	26.472	fast
4386b299-bda0-4000-a316-20d743f6bb60	16.679	fast
dbee6740-ac75-4544-92bf-8787fb64667b	26.477	fast
ba094513-abe3-4f6d-b3d5-154b2e7f595b	24.266	fast
3b252f8f-59d6-43b2-bf8a-3b443ca98f6d	25.994	fast
1db2de91-1c0a-4ddc-a60d-16a835d8afa6	9.357	hac
557abea5-e492-490f-add3-6a6684038bd0	23.481	fast
bdd80819-7712-4101-bbe9-0285cdf201de	19.789	fast
908f8c35-0fc0-4b9d-991a-2c6015e78a47	25.398	fast
368c2726-383f-4b17-9198-4bb9a885324a	25.186	fast
f519a1c6-a6fb-4ca6-88b7-a0904cb8ccb8	24.034	fast
a62c22c5-85c3-4423-b35a-9f0c57abeec2	23.270	fast
934e45c5-7daa-4280-ba0f-6091574fdd8e	5.275	hac
07027b8b-2a90-43b9-814e-46cb1f7efb8e	27.505	fast
11bd7753-f4ef-4254-ac88-ca5f8bc6de24	20.399	fast
1aa7acc7-10ec-4277-9419-a8bfbc34f88e	25.673	fast
96980b7d-30c8-4ee1-9b1a-67dde8d2b653	23.679	fast
2284ce20-c7b1-4f77-ad27-327ff5c28667	21.542	fast
0dba7213-2462-4c29-b751-73dbf53ab884	23.217	fast
82404ed8-cc0e-4f9b-a10e-ea1473fdc816	19.098	fast
f8f8ce94-52c5-4566-a2ab-92c5db432ef5	10.982	fast
59031545-5950-4ee6-8fe9-9013202d8fe2	25.752	fast
3ce64ef7-6526-4cba-8102-6484cabfd4fc	19.865	fast
dc913afe-5f4b-46cf-a040-83238238f394	22.505	fast
cbf72b43-55f1-498c-8b1d-a83b5797b081	25.034	fast
d020ed2d-affe-4670-ad17-911b3a6589e5	27.173	fast
c9bfeb9a-3511-4b58-9b35-edc7f52380b1	15.370	fast
3b5a1eda-ebbc-4386-8464-c1cc0562e31e	11.609	fast
14525043-01a8-49a8-a2c0-2d7da8688070	20.940	fast
840d1ced-9b63-4be2-8bcc-4aa4e35d95ae	9.410	hac
e6f04f6e-d5a6-4503-b2d6-4968bb3eac22	23.241	fast
b9189a57-1e36-4a5d-b09b-817d71591077	22.930	fast
98fcaffe-5f40-4f4e-a362-901041f490cc	16.785	fast
2a852253-8081-4b36-8947-24a029ce832d	14.136	fast
c0fec676-3731-483a-b72b-fd9480bcba02	26.608	fast
217e88f8-1258-40f8-a691-3a08a9b65bc6	24.925	fast
b202f63b-2c59-45f6-8c1e-e825e8203ebc	22.998	fast
7c456ac7-af36-4602-845c-789d6ad4c675	9.975	hac
d21a7682-8588-4185-b99b-a9dd4a98a9ea	19.625	fast
240aa7ba-fe2f-4fe0-9875-58f3336bc278	9.890	hac
717b6fbd-350d-4e83-83c0-9d1cc3ed1817	21.660	fast
8eb10de2-dbf2-4904-accc-887b9dc1554f	9.785	hac
f8361374-2697-478a-8c59-b29dc2a389c7	19.777	fast
5cbbd1d6-abe0-43ab-aaa7-145a7e3f534f	9.383	hac
c100c5ba-489a-4633-a7c2-2c82b065f659	27.757	fast
0102bb4e-bd6d-4e22-b548-9c225ec660d3	23.842	fast
ef27a589-7cc9-4fbd-bb2b-882c4ae81c75	22.047	fast
c7056d39-9554-4cc1-afde-da46986b1851	18.014	fast
e1fb00a5-2646-4cec-867d-b165f3e142d9	18.607	fast
17cf0515-515c-4249-a7c5-5da0b1b09e16	23.695	fast
a3dac39a-9dbb-4e8e-94fb-15b039c0dc75	25.070	fast
811a13f4-6d2a-470e-a5d6-025130104cbd	22.973	fast
098da9f8-1e44-4143-b4e9-d09da7707ed7	4.975	hac
5202d72c-780c-4d74-81c2-4f438cc27027	22.650	fast
a17fb50c-7910-414c-95f5-2e1f05c0e07f	17.723	fast
6a980e4f-4943-4e69-a7ef-400f20cfe820	15.515	fast
3c8c37f7-5f9d-4178-a50f-fc4ac4ff1639	23.293	fast
69ab675a-2fd3-4711-992e-19969c4972a8	18.457	fast
a2bf659e-0dc3-444b-8928-104d82d6b625	20.540	fast
0a0bf0f2-7e5e-45fe-bc5b-737b6e546d9b	14.232	fast
8668c45c-d2f9-4dd5-8794-3acde2824e02	14.851	fast
ac2618f1-ae50-42f0-b6f0-9aae831cbfb5	9.629	hac
7e6eeaea-8037-4301-a24b-7899da1832e8	8.500	hac
bc74e9bb-9c0a-4bd7-b61b-9c4951bf2be0	20.224	fast
329c8eef-7ef3-47db-8b21-ce13a9b4a0c9	20.637	fast
efdf794e-2c45-4042-9027-c45da21a3b28	23.011	fast
19063c55-bdbd-4773-bd39-40d22f36afa5	25.501	fast
85eb6e72-1724-4693-8cd9-239c5874fde6	12.067	fast
344e34c3-703f-4b84-9f3f-9f40f93c8698	20.141	fast
ac57f8ca-b6fa-4de3-ad88-efa418546629	24.478	fast
747febf2-30f3-4266-a6de-50164c03be0f	18.993	fast
596655b1-07c2-436e-bd77-45efc708f2bd	25.382	fast
5baa9530-964b-4952-b8c4-7597e062c8cc	18.405	fast
09262a16-aac1-4806-9d02-f6313097ca46	26.151	fast
bc730bd6-7c0b-4576-ac6f-f633c404b1f0	23.881	fast
40c88afb-e344-4c77-8d22-9037b030ec53	25.734	fast
f274c6e1-f928-4710-836a-267aa178cc7e	9.136	hac
e2e6e8fa-0f32-4bae-ac70-5a495f10d21c	18.725	fast
a4ed92e5-20dd-4df3-9774-cfe8d0e96c4f	16.082	fast
377c5bc1-8291-4263-8889-6dc5ea190f2a	8.856	hac
c0ab1b8a-3817-443f-a3d7-307ac96f6a06	24.369	fast
0cb0973f-3660-41ac-ad09-02a0f775544b	7.189	hac
9c9d7925-ddb5-4f28-8426-34556bf2ae38	11.133	fast
40546661-3ee2-4c28-b997-2b87be02658c	19.165	fast
616cf94a-2eda-4321-b7a3-e162688bc672	21.463	fast
9543f96e-35dc-4725-81b8-97f5cf7594aa	26.289	fast
bcc0216c-c572-4af9-b8c9-6b1c865dcb4c	7.835	hac
19ca0679-080a-4718-b5e4-63e14aa7e6f8	19.947	fast
47e94fd0-e440-43ae-9eb9-14c6e80842d9	24.940	fast
01221a1f-438a-4039-aee4-fc3beae1dd40	22.390	fast
a0ced791-ff1d-457c-bc25-de3acaabf452	17.770	fast
0e853ba2-259e-40de-919f-2e88bc6346b0	26.790	fast
6d8afe54-b2c7-4972-9a4d-aeb5d7f7b85f	23.463	fast
cc0ac274-c029-4f95-b0ee-84da1c6f954f	24.225	fast
1967baef-59a7-4212-87c0-d2faa6e90cc1	19.046	fast
c857054c-d6c7-4c3e-ad64-45dd92f4033b	26.466	fast
75b0a936-e471-4cae-8752-4da2cd2f74d6	21.772	fast
6ea6206d-880a-4056-ab95-26435d5db625	23.567	fast
42c0a53c-a52e-4889-b4da-e5456cc2986b	7.629	hac
79f908ba-c9d9-4bed-a9f5-beaac8a6b154	22.299	fast
d847c2e3-e7c2-45f8-b93e-d6ea30dea7e9	15.132	fast
2cdea1f1-30aa-4483-a477-b2f2b0c8f6ed	19.658	fast
199a9663-20bb-409f-bf85-e7df0de08f85	17.151	fast
9e84ad66-223c-43f1-ae2f-cddd03c67414	9.306	hac
0a86fd05-24f3-42f1-806b-443be3d743bd	8.487	hac
c785e1f2-4bdc-444e-9bfb-8b6ef75a40dd	8.740	hac
a0854cc5-60c2-4c50-80ff-bcfe2b6ed870	28.834	fast
c3ab0796-af05-4dd5-89e2-aa90299014f4	19.214	fast
dc70872d-db65-467c-8612-868e3d8defa5	4.827	hac
ed1e7a1a-d911-4bf3-b45f-2bebe42dedc6	22.568	fast
4ce448ac-c6c8-42b2-bb5a-98d4fb8e65f7	22.615	fast
d9870bbd-1001-4f65-9864-d6f4b8b6abdd	9.125	hac
83288500-7c64-406f-a5c8-8a90b91a21d9	26.574	fast
ed838d7d-2b28-41d7-a3bb-3cbc155abffb	24.799	fast
82851974-2658-4978-8e91-7a9b254cfc42	21.331	fast
b9bc6c09-7442-4d08-a0c4-52321b3f8a41	25.006	fast
3b6796ea-a40f-4b5e-9044-b5ae860649c0	20.550	fast
2af37a52-4d8b-460a-800f-19e39481a33f	24.373	fast
be255873-4ca3-4466-8a53-fe19097c5b05	15.921	fast
38819c49-e427-46c7-8b28-89fdcbed584b	25.201	fast
e2ba993b-a5e9-40df-8bbd-0e607d076175	27.696	fast
d05b583f-a736-4f4a-a978-1a8932bee49e	18.621	fast
61b54322-bed4-457b-a9b1-3b7a37a56992	9.949	hac
846fb401-6063-4c18-8562-5d6cfcb354d1	25.991	fast
8ffc4f95-b07b-4f70-bab9-8e1e3baf7a17	9.565	hac
9559a249-8758-44af-9655-db14402aa242	5.214	hac
e81511b0-5865-4ff0-9853-db5375ab82c2	22.210	fast
7ff18e90-b75e-473f-9ea1-8bcc4ba7332c	9.220	hac
6ed2caaa-900b-408f-8c49-b8faa0695ea8	8.753	hac
0e40cf2c-1710-449e-a492-822d84cb1cb3	25.287	fast
5347da1b-c078-4395-a3b9-1d54faee3c2c	18.599	fast
75a5483f-1a6e-4b61-ab34-bfb014f584ed	8.858	hac
37a3b700-c191-40cf-b247-93dee5b3c799	19.458	fast
cd546ded-296b-45b1-b0e6-519ee28ca80f	22.538	fast
94db0952-1b98-44a8-97a8-f16d70c3caa6	19.617	fast
6225869c-196b-44f8-9626-327275d1cc2a	25.481	fast
e5a25d8c-0d7f-4a02-962b-88025acb01b7	24.675	fast
aba188ee-0fc1-4639-942a-47ed89a46fc7	8.736	hac
9fd9f781-5682-470b-b672-bef20dc5d173	24.862	fast
c4159063-6439-429a-a6f4-0558c10613b9	23.427	fast
26a26442-be49-4640-bf6e-22de7b2fbd09	24.517	fast
42682afc-410d-4689-bf83-41161b3bf342	20.993	fast
ebe392b3-5c98-43ea-ba05-1d9b45902b61	21.295	fast
965e192c-c610-4d3d-88c6-275c6e9a0393	26.014	fast
3583015b-c013-47e6-8a0b-ddde2103bf61	25.313	fast
066e10b9-fc44-47a2-aa80-52abcc9afa2a	22.453	fast
b0fae7e2-17b5-4256-b015-715aa8bb3277	10.002	fast
c74e9e3e-74e3-4acb-ab5f-4351691ede91	19.277	fast
0c70a1f7-cd6c-4eb5-99c5-7b4d6d94cb69	9.586	hac
e05736fb-0fbd-4f39-938a-e425fbc0ad46	18.955	fast
6a55510e-3c84-4bbe-bc84-ebce281428b5	24.635	fast
dd2ee04f-9739-4fb3-8f13-cb7b9c91855e	25.328	fast
c43b889d-f72b-43a2-ae6b-325f28fc9ce4	21.342	fast
e844fdc5-1e05-437a-8d00-54c0eb34f347	22.566	fast
edb645d4-f448-48ac-9316-4bb9ef3bb0e4	11.952	fast
985fae0a-0fdc-4e97-a7d4-0c2ee308b792	22.533	fast
0e7db65b-03ad-4f97-948b-1a67c993597d	20.897	fast
aacaba51-7e7e-4dde-9db7-60725933ad76	17.318	fast
15948002-537a-4bfd-aa31-9f28009e596d	7.528	hac
4dd3baae-4611-439e-87b1-93562e8f6d0d	19.804	fast
abe21889-9744-4572-bc98-78b281a6c689	6.978	hac
46b20650-624f-4879-9566-b4be5c42c442	24.146	fast
48ea4977-0db8-4032-8e47-59a1ce27de75	26.072	fast
be6f4e80-e2cf-48ba-9f1e-bfcaa50028b8	22.652	fast
fe131bb0-ce08-4cb1-9b36-2adf1f10cfb9	26.767	fast
ee512ac8-4d78-4b23-8602-07b5b98c04bb	14.478	fast
1934c99b-1665-4d11-8443-22928e2c87c8	27.127	fast
4bf6a2bd-a5ad-4eea-bab7-60e76924ef9e	22.920	fast
7fa12bcb-7ae0-4f56-b7e9-71587ffba9ea	25.786	fast
7674cf16-2d78-48be-927c-a844217787b3	22.701	fast
d811e938-be78-4ca6-88bd-355d79c94043	24.526	fast
a1e8603f-37d9-4e7e-8589-57c245e4847e	22.166	fast
e6193d3c-9fd2-45fb-8294-3ac3122c5744	23.881	fast
7ad3fb83-0531-4fc1-903f-4e77269bb437	22.669	fast
4cc06192-4465-403d-b0a4-aa1fe10b5824	24.309	fast
129602e7-d6e3-480a-83cb-1a3fa32d0b3f	25.226	fast
6f76a789-083d-4dd2-99f0-296dcce5d5b1	5.214	hac
686f8ab5-7b17-4097-ac2f-a70836e430a6	23.011	fast
b08167d6-7b74-4643-9f6d-30ca27799c5f	8.543	hac
e5d02fde-0c12-4ec6-884e-cb4cc4dbcf3a	21.360	fast
de968400-6562-42aa-88a8-75c63d7a8969	23.005	fast
487d6596-7c64-460b-a14a-ea7fcf3db722	10.510	fast
77aadd69-717a-457a-8e0b-42dc70e6c19e	7.987	hac
18d1e47f-db0c-439f-9f6e-b0d10540e409	8.992	hac
f6a45300-4eed-49d2-a2d6-28abba23c619	15.204	fast
56b6540e-8c34-466e-aced-b824ba6f8cbf	23.446	fast
47fb73f9-a0ab-46ae-9c7d-15cac71dba7f	22.211	fast
bd2a48a6-5653-455b-8925-19afae4563b5	14.545	fast
dacee591-2117-4431-9e33-8f6d65a28325	26.708	fast
712979b7-89c3-4299-bbc4-e5c0666febf4	22.214	fast
7ad5b2a8-91dc-494f-b524-2de188387b7a	25.329	fast
b8e97ac2-f704-43ce-a28d-5e5c741ae8dc	25.470	fast
59daee91-302f-4e0e-a9ca-1301c362f22c	8.590	hac
dc9484ec-1403-42aa-9c07-d4f8fb87931f	23.581	fast
bb27d1d4-3c26-408d-9f19-555c7146b37d	22.943	fast
eee6620d-1423-4e4c-afa0-a50d4af6bf0c	15.979	fast
ce7d308f-592d-46c9-9a07-ac0d6ad96851	23.499	fast
843daaf8-cf0e-426a-a5fb-70d9e9441b95	20.647	fast
7dd1d7bc-7915-4a2d-ada3-5b7d9ff2e36e	15.666	fast
81bfd81d-abdc-46fd-b4be-c118d4e52cdf	7.859	hac
414f8c26-a845-4d1d-be70-c45033b49606	23.662	fast
efb9b897-5283-47f2-9db7-855875d33294	28.269	fast
eacefd5d-c753-463a-b04f-97e7e9b76a2a	5.998	hac
f3b3e189-6490-41f4-b262-f330a8ad6515	24.959	fast
703694ad-2330-47a8-a79f-0cc54bf3db7e	25.653	fast
9849e60c-ed80-469a-9c88-eb23acf97608	24.901	fast
67b8e8a2-8b3e-4b2f-8165-3b1d864dd346	22.644	fast
b004b4de-88a9-4f37-9668-ded6d54e4b5f	16.089	fast
2df5c365-3bd2-4cfc-9cd1-679c1f9f82b9	8.976	hac
aee8f6fb-a241-4b51-b936-b7b0447c66f0	9.160	hac
557d46be-8c37-40aa-80df-835e34e35dd1	8.855	hac
ff339209-f218-4060-a48a-1718c2ba8f24	26.945	fast
c8d00104-4a1b-4eeb-922d-296e0fa267b3	23.543	fast
0fb17ece-0e7a-4262-a18a-0a3815aae413	19.722	fast
6d332af3-9a3e-4204-899b-04a0ae035a07	23.623	fast
216e11b5-9b62-4694-8be5-dd78635c6b13	18.605	fast
13e664b1-dbfb-4a5b-82c9-bf66e853ed78	23.712	fast
6d16db91-3c00-41ff-a409-dcb113e3b4fc	23.663	fast
f0a22fdf-16e6-4893-926b-645c562b92d7	7.728	hac
234e6df0-4322-46bd-85bc-8bba583aa702	9.276	hac
6d586e97-c69c-46c4-96cf-f1b9ee40482a	22.380	fast
bb97daca-d367-4696-85c0-0012f195f432	26.622	fast
053b4a75-ad0d-457f-9ef7-144832d7b70b	20.108	fast
1ab6481b-9939-4b32-92ea-d55bbce9200a	18.048	fast
c84f2b46-3509-4742-bb3e-c417213a12f8	10.159	fast
0b275ee5-6ec5-4145-ac02-c589905eb4a6	9.468	hac
529dcd47-8fe8-4252-b46a-43c33ba0e3b4	9.787	hac
88715f99-4509-4835-b4d2-92bb01bb02cc	23.281	fast
68d5f012-72e6-477d-bbe5-08b54a6d7321	23.122	fast
777b37e9-81e1-4816-a861-a86d8bde89f2	28.486	fast
b7fbc3ca-347a-46b6-be57-9e3ea1f7b391	27.776	fast
776c0b1d-9310-4b44-8ee2-6b8c1bd7656f	10.130	fast
3220cd70-2e27-4667-b60b-53dee268da89	25.043	fast
b3711f0a-6bd0-47a9-ad08-4d6a77e3c980	20.206	fast
cdd30d0f-e70b-4c39-a7c0-1525639b4351	19.333	fast
46222d07-1ad0-4c4c-ba5b-748df9f624ef	23.209	fast
fb0367c3-d851-4f40-9789-f817489abf95	20.285	fast
1fcee9d5-249b-4e3b-b0eb-7156419eb42c	13.523	fast
806f343b-8e1d-4cc2-911b-660b62444bbe	22.953	fast
a98ce18d-7af0-409f-9e07-42e242f84a85	8.175	hac
97fcdd5a-7b97-4682-8a92-73a935b5dc5a	18.517	fast
7b05002c-25d3-491b-bfc0-bf60da4fc6bc	26.769	fast
31d8294d-0bb0-4f98-b6ca-ef0acdec71ee	25.905	fast
f99a3647-5b8a-47f1-b25d-118414889241	26.140	fast
9f1f2e94-9208-428e-a0e0-02b699d3e161	7.781	hac
ca29c9a7-4abf-4c59-bca3-799a9d2ec4a4	9.413	hac
ead9d927-c1c6-4ed7-943d-b8ce9cf74135	25.673	fast
47dd49a1-8096-4990-ab31-9048ee58e0b9	22.728	fast
0061e29c-22a4-4524-a6ba-92e3dcba4aa5	21.018	fast
7c646d81-6ba7-497b-ba37-b392c253fd9b	24.129	fast
cdd5be64-a4f7-46bf-8c03-2b2fe22f0079	7.810	hac
8445dbe8-8fe0-4ab3-bc63-80cc880ca36e	25.415	fast
ddd50618-1f51-43f4-9f4b-5b2295e2a2d1	21.699	fast
ccfaf9de-4ce7-4e3f-9839-9412eb4edb57	8.721	hac
69482941-4a87-43d4-968f-d910f00ae3d5	22.246	fast
a67d7503-0298-4233-8432-d73ffc9a077a	24.249	fast
055e6479-00af-4a3e-8c7a-c47238af917f	6.848	hac
5f11a0b8-0e05-4586-bfcd-7e7b961a992a	24.533	fast
ab137561-871e-44cc-805d-4082ccaec3bb	17.060	fast
7b805277-f1f4-4222-adea-160c9ed1c98a	18.107	fast
044f2a57-3cf1-4816-a6c6-945260054f9c	27.220	fast
50d2c69b-6b60-404a-95d1-358d625c632a	20.270	fast
9701eb2f-8cc5-4e9d-a0e6-4dad5e6b6031	26.261	fast
46e00c56-cc93-4251-8334-f44d1ec1fa15	27.048	fast
ace37ac6-28aa-4c53-b575-3ba91bf2cd6b	24.597	fast
47a4d2fc-67e2-469b-9b05-a7453de8eadd	17.163	fast
479620bd-5d55-4104-9dc9-30ef1e891caf	26.081	fast
691fb623-e01e-4e77-8ea7-42dd1160c175	25.248	fast
f484acc2-56a7-4869-b1cb-4d538dc190ab	24.161	fast
15392bfa-e1c8-48f0-89f0-766f955af545	25.739	fast
6937ecac-ba0b-4035-99b1-5576a5614790	13.605	fast
29e6aefe-0504-4149-8fee-88fe88cb152f	24.737	fast
fb2b7d79-4dea-4376-bda8-a162f93dc3bc	26.234	fast
9728fe0d-81cd-475b-bff8-59959470b4bb	8.742	hac
1df27e81-6b4d-4457-9d2e-7a673d143ecf	22.376	fast
e489a528-5544-4817-9a4a-6baf37ab951c	27.222	fast
e7f9815c-bec5-42f2-8a94-a8eec8359fd6	22.349	fast
f8cb5064-4cc1-4b9e-93da-45d6fff7b7e5	7.707	hac
0cf7957d-323d-46d5-9ecb-bf0c50d130d8	23.851	fast
0518d9c2-99ff-46bc-b0c2-d31527f058f9	21.981	fast
85e0e7b6-21cd-465d-9406-2c2b13438f7b	9.488	hac
c80b555b-1a66-46e4-b84c-2598ab10aad7	21.217	fast
cdcd303d-03cf-4298-883a-5df126f210b2	24.019	fast
63ee85b5-8829-47e8-ade4-eaec85fb4c64	23.097	fast
c3b154ff-71b4-4e30-b733-2414ef0cd828	6.887	hac
ffab0eae-15ce-4a49-a180-039d13164c39	22.238	fast
99e7c499-e6ac-48f6-8058-bce564336d84	27.272	fast
3f105f86-4c50-4be8-8794-efae5ff1255b	17.898	fast
69573596-70a6-417d-8243-fecdf1009b99	11.667	fast
1ba2a7fc-da00-4662-affd-1c06c0a41f6b	22.008	fast
10e6cd82-1a80-4088-802c-9af40877bb2a	22.944	fast
5b6058ac-98d7-4362-b750-4c0d2a2f3ca1	26.186	fast
a8255c42-0150-495e-a970-3fa33eea5724	14.001	fast
ce0ffc9c-11e7-48ee-bc75-cc996ddc902a	24.941	fast
997f16eb-13e8-413d-a135-38c195a76306	22.694	fast
fc70179d-63aa-4cb0-83f6-0fc04d0f45a0	20.103	fast
2d7df547-8570-4cc0-88e9-e34324ee0322	25.268	fast
e8502c52-8672-4e9f-bff0-21d7faa792ec	10.410	fast
ad5e76ff-74ae-4565-9b1e-2fc262490444	26.639	fast
eef9688c-9bfa-48ed-aabc-3919e083f74f	13.142	fast
807d3db3-fb3e-4284-9435-ae1efde60a21	8.393	hac
83b6a3ca-5481-45ab-aa79-22704025c9eb	19.195	fast
370c337a-6c6a-4dec-824f-36f08df5f8de	10.533	fast
5c028889-7d74-4d6c-9552-3b9b1cbc6b75	21.992	fast
a8afa39b-53d9-4966-88f3-1b8ab97f9d6b	26.394	fast
788c6e96-10e0-476a-bdc6-d83324c47abf	22.413	fast
1b9ff423-330a-4e51-b467-dc2c9b823c1a	19.696	fast
bc1fd753-b0af-4a64-be77-c83e373dc738	17.287	fast
54d82bfd-fe8a-425f-8015-681c33dd90c3	19.412	fast
051a34c8-b7ed-4e55-bda9-a3fea082acad	7.123	hac
25e3b1e8-7f32-466a-8bca-827d0a471ded	24.799	fast
3dcbad99-5012-43db-a670-7d0512e287dc	10.972	fast
cd0ec3b5-ef1c-453e-b809-251d0de5f214	17.487	fast
e2908c35-9d61-493e-b070-e12baf02893d	24.063	fast
cb2a20c9-2d2c-4a4c-8964-29470ace891a	23.337	fast
0771ef0d-9f8e-4701-91cf-05e5b6fada72	13.227	fast
d76a7510-bb0d-4225-88e2-d1dc736ec0a7	28.029	fast
9d59136c-e466-4e44-8a1e-2af75b5f9d8d	21.442	fast
29b467d8-d935-414f-afed-63cfcee40829	23.944	fast
c0d7e923-ac21-4c09-81f3-6d7e5c5c0987	18.372	fast
e67fc15b-5e9b-49c8-92da-02104895cb73	21.182	fast
26559015-ffbf-4eab-9d35-82cc740f7c9c	21.267	fast
997f7796-ae77-41b0-b56f-f194033962f8	9.259	hac
592a0106-0642-4542-a2e9-1df265ccad85	27.040	fast
2b8b91d0-5d68-4d37-b911-25a4f887d703	22.201	fast
1070caa1-71f9-42bb-82eb-cdbcf93b54df	22.792	fast
dbc674cf-9552-45f7-88d9-4c30fcf8746d	19.142	fast
69ba910a-8e35-49ce-a7e0-12ddaf1b31b2	26.277	fast
c1ec1a7f-1378-4d02-a286-206d37116b56	24.296	fast
e8b4439c-fd87-4c99-a32c-79a3170c8426	22.402	fast
c918e713-bac9-4f5f-a01b-677ece5aad99	12.432	fast
a6b0edb4-d68f-446c-a945-bff0bcbb002c	20.267	fast
63efe3fa-d78e-4a6c-9163-2f631430eb83	25.726	fast
fed46763-9751-4dc8-b603-53c5116903f7	21.516	fast
0971738b-97d4-4691-b86f-b1acf7742c41	11.361	fast
69751b5b-e387-4f72-9cbc-65f657b09eea	23.933	fast
0a5397fb-1515-4d05-b71f-75b8c699b5c2	23.578	fast
a3f1838e-4933-426d-9c5a-852ebe6b77a9	8.856	hac
153b1907-f37e-4e17-9667-76b94ae91036	5.606	hac
3bc89e59-1e36-45de-8ca9-cf71c48f9f49	19.137	fast
179bb4a2-dfb1-498c-aa47-2e6275b292e9	17.178	fast
812c2f56-6279-4a9e-b93f-2b7971aee8dc	23.663	fast
34385a9d-2e98-4bfd-b161-5834197f44e0	8.927	hac
c55817d9-9bf1-4dd2-93c9-2947be9a0485	7.600	hac
ba8d0a6b-2b6e-43f9-b62d-99e98a8d4d93	20.299	fast
ecad1c4c-62c2-4626-af4d-ea49e1d256f3	22.813	fast
f3bf3afe-932b-4de7-a825-b2c6c9a6cc30	24.139	fast
c3f75c69-e87a-494f-b4fa-736f0227f1c5	18.560	fast
46b48761-ab6a-408d-a660-80f673747ce8	25.315	fast
8e8f85ce-5053-44b2-b99c-86c21b45bba3	21.202	fast
8e287955-3eda-463c-aeaa-a97958b00338	26.451	fast
aacfd3ec-329a-4148-a2e2-1f5d12fc2d8c	27.656	fast
6c63f798-1a4f-414f-8adf-b5e6eb165edc	22.849	fast
6a7e5707-4103-42e2-8243-a2cde458ec35	26.944	fast
7b2922f1-fa2d-4a6d-8f6d-3f234b660c88	11.992	fast
74e65ef9-6b35-4856-9500-dd4ff02675fe	23.973	fast
11334707-7cf8-468a-822f-e9734b2abc84	19.873	fast
ef2aec80-d4da-4d10-aff5-d68d27482b01	22.278	fast
24755f6b-4a70-4eb0-b67a-46c8aa71a087	23.605	fast
f9f22f56-2952-4188-8278-d1d682594509	20.112	fast
e1f9645e-7d68-4fe3-9ace-0b392a68fb92	22.448	fast
8c3059e4-a63e-4d72-b614-81ac9365754c	24.833	fast
597b1dc3-c336-4f99-abe5-01944cb354d9	24.728	fast
330f4581-db84-43e4-a913-9e62d22a32fd	19.764	fast
69df64b6-3cc2-4670-acaf-39e8a77d9dc4	9.816	hac
056991e6-1095-4b6c-a82c-702226c1c649	27.647	fast
9187cbad-d447-45e7-9e0e-dfab5d94bcc7	22.286	fast
36f0415a-9b6b-411c-806d-2d0ca0344b3f	9.794	hac
ef86beac-d107-4655-804e-248460b29d9f	11.332	fast
b0a90d18-c3ac-46c6-a9dc-14ff3cfc7843	18.243	fast
acc17edf-10aa-4d6b-ae8e-a7be4274666a	21.005	fast
9c040b85-1e42-4206-86fd-b7f3a15d5ee9	5.020	hac
cc59639d-6d1e-4456-83b9-845e6b7b039d	25.872	fast
09eab881-ee89-4d33-9008-876d56fe8aaa	8.062	hac
eb1341f0-e67b-4306-85ce-19d8c9474a27	24.309	fast
edb1b357-c1fb-4d1a-abbc-3cabda0187f1	22.745	fast
6a11bb92-a993-4893-a2bc-48cc83f320d0	9.797	hac
042cbdc9-488f-4e88-bc18-2c90161e3fa2	8.982	hac
5dfef5c0-68ba-4e82-9d7e-26b67a7e5eef	22.181	fast
41f53581-960d-4201-8391-7d73154c1c6f	25.064	fast
b5d0f0ab-cf47-4dd7-88cb-e1052c1ff937	17.138	fast
69671902-b3c0-4772-b421-35a6eb894693	22.198	fast
4a7ed184-07e9-41c0-94d6-11d8081897f4	8.675	hac
dc8eb920-fb78-4df6-8004-b685a68a6795	23.421	fast
2e48ad28-da51-4d8d-a5bc-875300ec8d75	22.851	fast
e0dfd143-1f7d-487f-a042-166974a422be	27.089	fast
94c8d4d7-5488-4ee3-a053-88cff9cf3d39	10.398	fast
3a8d23ee-68bf-40d9-b724-4c2abd5f9b82	8.672	hac
0337e1ff-9462-47d8-ba7f-bd219acbaa77	13.809	fast
41284fac-e1cd-4f54-a2c2-11ec84139bc2	24.847	fast
31bdae83-8c87-4b6e-8efa-75510c8a5bea	10.239	fast
08e1dbf7-9663-485a-b188-f4b7f3dc14a4	22.235	fast
3c1cb985-e29e-45b3-967a-9b6be2244449	25.518	fast
b820147c-0db4-409a-9160-b0bc1c712a7f	17.348	fast
7efa6bc0-5ad6-4b8c-b27f-f888f2b488a9	15.501	fast
dda91a90-7a4b-4b85-a14a-eab913df15f9	25.498	fast
0527568f-ad06-4152-9164-6aef9f76f5a2	10.391	fast
f1b343aa-bdcb-485e-be01-4ce804198fb9	7.617	hac
0f22cf44-79db-4c94-892f-6be19be0052a	7.675	hac
db13eb36-4c66-41d3-8864-1c89b9cd0335	25.975	fast
c697f83d-6dd6-4d3c-9d89-89a8acc5e182	21.967	fast
006a0ab4-a29f-4271-99e6-0ac764790422	9.077	hac
ed5cd175-b511-406b-bb85-33a42552eed5	20.742	fast
60c007b5-8ca8-4953-afe0-fe7b4e0d6c97	25.304	fast
cec4b536-a504-4188-8b45-abbfe7418a0d	24.287	fast
4437e54f-b0df-4bec-add2-bbc213292a8b	19.490	fast
d653f9f8-abe3-4d88-bf80-2645df965b5c	22.124	fast
9d2d5d12-c839-420e-af0e-86a5aeb78c00	15.392	fast
96c693ca-3347-4aa9-813c-edca80353d2e	18.595	fast
93f180ab-6f13-4abd-bbc0-e70625472877	23.703	fast
c75e3fb1-7486-4122-8acf-efc121b52a84	25.390	fast
19b14afc-6209-45f5-b67c-de2c23222e59	24.837	fast
93171514-1fc1-4e9f-8911-a20bf9847075	23.163	fast
df111e7e-7b00-4e7f-bf12-0909b0b3ce37	18.659	fast
8812a5a0-6b87-481f-9834-207f430f5c6f	25.251	fast
61e7422c-37d8-428b-8ec3-1183a6260ddc	18.206	fast
813012ce-0616-48ac-ba33-8373087854ac	23.482	fast
16bdef4b-5f65-4361-b445-19fa14ed878f	20.235	fast
a72c1efe-0694-429e-a6c7-4e6442856e1a	23.792	fast
20f4bf16-09f8-4df0-a8c6-c2302cac9ca8	9.282	hac
5e549f92-5398-4be1-acd3-9a7535b13085	24.567	fast
62ed8392-3e67-4897-a0fa-407e78b33b35	21.693	fast
1f08952c-ac35-491c-b3d6-51e6504d3257	18.920	fast
f68391aa-aef4-4ed6-9e58-640eb681b916	22.854	fast
1c857f55-ae2d-4f41-b605-e3fb722ca963	22.527	fast
19e15ca1-3010-4f22-b06b-cbb1c8f0c9af	26.650	fast
426634af-b92f-4ac0-a8e6-8b7ad3e3073d	9.116	hac
5ad64ce2-508e-4141-aee5-f84b21c5b52b	24.785	fast
5950e61d-7fbe-4391-a885-544c7af8e06d	8.702	hac
46f6a871-9482-400e-907c-c90fcec00c0e	9.049	hac
757b3370-92f1-4897-8bf1-8a56f5db44e1	25.606	fast
c44c9b3e-d6bc-4d7e-8708-cebf5d5ddafe	23.187	fast
6422b0b5-f27c-429c-9ac7-b9fd5fc6622d	24.535	fast
1c3c6f05-1dbc-4984-898b-cfc3029ac713	17.966	fast
ba296cae-9c73-4745-b764-da26da091845	8.659	hac
b34e798a-b143-47ac-aed9-8512df9464a7	25.889	fast
f33787e9-30b3-4ad7-89c2-93c0dcab8ef5	20.502	fast
532343f9-3190-4a7c-9252-8a449e099963	22.152	fast
6cd45ee1-b300-4f16-bf40-d16e26fa86dd	5.829	hac
a8080501-2357-4409-96f1-0c3701927ea7	22.706	fast
63b129d0-42a8-4c7f-9730-de6ae6a8f9fc	9.608	hac
5a5f42c1-9ad7-479c-afcc-346722b7c209	5.823	hac
7fccdb95-5dce-4b7c-8bd9-1802a42c2dd4	22.063	fast
681bda90-f8e0-45f6-a4ac-70cae7d043a7	24.186	fast
afd08eb0-e961-4767-97a5-544a7826a029	28.357	fast
6a754cc2-4022-4609-8c44-db1330f9cea7	16.695	fast
b86ef3da-8903-4613-8ab4-40596351b398	25.190	fast
6c02d289-81c3-45cd-aa63-e9a32b9d8ad8	23.232	fast
e5aabef0-f1b9-4cbb-9215-e7a3cefb9966	23.723	fast
f73d7846-83ae-4b02-9417-42f6c7940225	22.847	fast
c089e540-1c38-4e72-bf36-e63c4ccfa9db	9.622	hac
f50f1488-a16e-4a4a-a80f-a4c1d6ac0d13	8.759	hac
6b06549d-e970-4758-8881-2adee0faa063	23.142	fast
9b07a5b9-71da-40f1-9d30-90c7b83ca51a	25.198	fast
aa765f05-6861-479b-96d5-757325e4c4b8	7.541	hac
b00a446f-1b73-4e41-91f3-33f1bc0b1ecc	14.933	fast
c42f018a-188a-4a44-b412-afe4c931aa38	19.765	fast
104ed749-5cab-4946-8bbc-5a2f047ab5a8	10.967	fast
64758ffe-2474-4931-addd-ee6e2307c8fa	7.371	hac
6dac1757-70bf-41f9-81a8-0dc97579ba1c	19.229	fast
0a4a7d9d-8ec6-4a4f-afb8-7099e691f4b9	8.309	hac
2be313c3-a9b5-4a6c-827f-6868f5254706	18.895	fast
f6356e16-c5a7-460f-a196-e9d1b93de336	21.199	fast
d0296b5f-aa15-43cb-b6f9-65c827d9d4fd	23.385	fast
21f12bc6-e9e4-4ae0-b39b-de713b0727b1	18.594	fast
73d2b43d-6d09-4704-b5fb-412912ffdb66	24.453	fast
04d98109-fc66-492e-9ecc-dba6aee42971	24.788	fast
8d3119ba-ed35-4339-9ed1-8ab267c0cbf1	26.051	fast
fc8ef0a3-13df-4fa6-bb0c-6ba085f32ca5	24.812	fast
8e8b5c26-14d7-499d-b52a-c900a26fecf1	22.452	fast
d1d3ad68-a32a-40b1-885b-688ac8fbd721	9.590	hac
ad170f57-2f91-4c71-a3bd-43570472e888	25.207	fast
bb4a0953-8830-4f3a-9993-6d8f1c4fb0ff	20.139	fast
fddaba54-c4d0-4ad6-8e09-89d0714bac09	21.379	fast
2c8e508f-31d2-46cf-97b7-3c22acd40906	8.911	hac
61401cd1-f079-4b9f-a91c-b3279715a83f	25.463	fast
6824c23f-9694-4c06-8900-412260007586	23.092	fast
1faac6d4-1e28-4c75-99f5-c2dd3a8fecae	5.980	hac
faf139c7-6d22-4f7e-8207-c53cf53a923a	9.132	hac
b602adf7-25e0-4627-be49-76c60d35b2c9	22.557	fast
beb55214-3edf-4074-94e7-0b4643e54c90	25.970	fast
1c467f52-ac71-4f4a-9a9a-064868c725a6	15.283	fast
edf7e2e5-1497-4358-bf7b-4fe8662c771a	23.973	fast
c09cbbe0-5f9d-48aa-8e36-405cefd39be2	25.665	fast
2ed21813-fec5-4a12-a236-e4f89cee7564	20.044	fast
3d360572-fe16-435c-aa4b-89bd33eaf0a2	11.098	fast
50db38bc-3f01-470c-8918-c904ccae1a9c	20.847	fast
f0bd5caf-0a0a-45ef-8424-e5163eb67ac7	23.925	fast
c7ee6ccb-8a92-449e-8597-af42c2afb787	23.932	fast
524efe79-73eb-454b-b0f0-6e0c808c1cd2	23.150	fast
f617ecc2-46ed-4342-8e86-8789813d80f6	9.318	hac
db7df6f9-1478-4b50-9a19-78a232fda9ba	22.439	fast
dd5954e4-32f6-44fd-bfa4-c9316b6b2163	26.166	fast
336377ae-9f29-4cec-b8fa-005444c201f8	22.404	fast
86e1ecad-1c86-4d04-bd05-9b777f955455	6.571	hac
aae5b639-9090-406d-9865-9cd7f10831db	26.655	fast
29dbd28a-9042-4194-984a-61bd96b71fc3	27.004	fast
fe65a256-3ff1-4227-9129-cf1dfa7fdc64	8.119	hac
186b4b5b-5f7d-4a4b-8082-082e3cc0232a	9.603	hac
5c2d102f-8d20-4d95-93e8-8b6d62798c66	23.432	fast
9c76d94f-b869-4cb7-ad6f-b4fe7734d1aa	26.408	fast
c1e65394-c6ea-43be-a7e4-2568012f36bb	23.311	fast
a5d9501f-c0ca-4f55-89e8-87795e1b1861	8.513	hac
3bd3f527-4120-4a9c-8cf7-7d4b326dda39	9.751	hac
f137b68f-84ed-4ab1-a302-72aadc008f13	26.302	fast
4b7c5dc1-e7b4-483a-bc95-5955cd918f45	19.224	fast
c758a94c-1b97-4fdc-9183-d61b19c54eed	22.727	fast
46d48f7a-c201-408a-a7ae-40b00d80cf26	19.062	fast
2d091615-8834-4b67-8a34-950081849a8d	22.141	fast
b7c76d06-b603-49cc-8bd9-143b448ff4e7	23.212	fast
2b615cf4-2523-4aa8-b026-fd5c06bc5a89	21.336	fast
eaf18539-c4f1-4f2d-b536-41601d1b6ec8	24.758	fast
02a5b5f4-8f8b-4f74-bdf6-916d8e8a3a2c	15.525	fast
8d4f0bc9-d257-4be2-8f79-70887483077f	21.758	fast
6c8cf0b2-97af-411e-99f8-ab85d64df976	8.971	hac
a8aa63fb-c9de-4c31-bc40-60d190f2fefb	21.800	fast
1edf5a6f-e4d4-44fb-8704-3f9bf01fcc6d	24.533	fast
bd86ab31-ea78-48fa-8ba6-45f5f4e498bb	23.194	fast
dfc1a919-295d-44c0-b081-4eb3cef7237a	5.686	hac
4a027e11-899e-46b8-9cf0-4e84f5e5979c	20.976	fast
c945c1ae-9ccc-4579-8cc6-b1831007e001	20.039	fast
9a6ff5d1-df2e-49b1-ac42-2f061a9b34ae	29.015	fast
8379af50-3170-454b-90a9-ba716612d432	23.959	fast
842dcb91-5133-4e71-b9ce-96a6abf3bbeb	27.083	fast
8c7e6423-55c6-4d22-a91e-7af3f1bc3dc1	21.275	fast
9a4cf17b-315c-45b0-b3fc-69a00ee7368f	8.135	hac
d788d5de-9eb5-4898-82ce-118023e3f5f1	10.301	fast
b340bb33-abc7-4959-9ca3-98d38667b98d	9.252	hac
4064cb79-33dc-48de-af79-30f6f11825f6	8.384	hac
111be4f3-2a5d-4cbb-9b78-b395e9261706	10.125	fast
c0eca1dd-6303-448a-a6a8-30134ed6a938	19.363	fast
69f62cab-cdc1-49d5-8ca4-6454aee74169	22.199	fast
f8228cc0-adc6-4e78-8b1e-caea6ac7f046	10.115	fast
921e8017-dfc8-432e-8cb8-70b425d2d37f	12.768	fast
eeb1cb16-cb85-474a-8351-1fbada970ffd	9.664	hac
fc5198be-89c4-448d-9d59-b6ebfc68bd0b	12.734	fast
e212aecb-af61-4e32-a9e9-02eec27bbdc4	25.476	fast
3c76828e-dca7-4b0b-bf0d-e7ea870dba9d	27.662	fast
5d041dc5-8a41-41dd-a4b0-c330763384e4	19.283	fast
b652d715-2e27-4e01-9b3b-9665a7c4904b	22.661	fast
1787874d-1f81-4270-b1fc-0a389d117aa8	25.864	fast
84f4710b-2c6d-4a79-abba-b539c0e6327c	26.917	fast
e7366c53-c404-4ff8-aa97-2e170376498c	9.160	hac
7f9ffef1-61ab-47d2-8ef5-810fd00006e5	21.689	fast
c411e64c-d329-403a-af96-f098b65d4e4e	23.603	fast
c6d195d9-8e4e-49ee-92e1-e9e39204405b	23.830	fast
1fc77a3b-783b-48e1-ac47-def2b8839020	20.839	fast
07cd17df-ce28-436a-874c-a5aec49ecc48	30.519	fast
18e85811-854e-473b-b45e-7403199e3100	25.869	fast
d9a327eb-0514-4d2c-acf3-9b8498ca5554	18.924	fast
149f33a0-77e3-4603-a0c3-3932db8a4304	26.002	fast
41d443f8-efaa-4467-83cf-418ef804f09d	10.136	fast
d015bf56-26e2-4da4-89c3-a5ad7883ab58	22.467	fast
fc343b89-2efb-4fdd-aabb-f7ac5f223500	21.984	fast
4c100b43-2820-46fc-b5bb-d22658255cdd	21.892	fast
4606bbf1-138a-474d-aef2-97c3bc98540e	21.757	fast
763f36ca-cb00-49cc-96bc-992f07fe1815	24.960	fast
a8dc09fb-90c0-4023-a89c-0bfb36caba82	23.212	fast
214369e4-9961-474d-ae8a-5e730896e30d	19.855	fast
c2f1700e-7adc-4c1e-b094-38c66396d592	25.869	fast
3c564ddb-068b-43f6-b75b-8f530df67b33	22.329	fast
091f9584-8bbf-487f-a26e-09c90b2270ac	7.128	hac
4cb85b7c-8f6b-4342-9e65-95085fb21780	23.114	fast
d12c2cf6-398c-4f7b-a8c9-84c2cc51546e	8.499	hac
2ba90aa2-a025-495d-a9dd-ae4f8f640c54	25.720	fast
d3219232-ab69-499b-ac94-eb5c0023659d	23.108	fast
24b41267-ebe6-41f6-8672-d438cddf50a3	20.274	fast
46cc4d64-5133-414f-b688-0bcea82d1222	24.624	fast
7d91db1a-2cfe-44fc-92db-4f8889be8027	9.469	hac
8097228d-b3c5-4f90-b3e7-2f29202e153e	24.771	fast
873bc0a4-9c53-4e86-8311-518dc5794d8f	24.613	fast
20c34e5f-4983-4f69-8a09-221dfb0aee52	7.263	hac
93f28cee-c441-4e78-8893-cafb5a7edafc	18.928	fast
da69e343-c792-48ba-96c0-67ade9b6b000	19.142	fast
bffb0215-b78f-43f7-ac50-75cfa67fec3c	19.166	fast
1f43e147-a315-4cdb-8cfc-9d8e4969f04c	4.885	hac
f4b17dda-9ed2-4e01-8734-729e47f3abc2	26.230	fast
9ad9a69e-49f0-4b62-ae07-831b0f791c47	8.750	hac
d761e167-5491-43be-9098-a2e9ddf1be8b	16.621	fast
d9f517b8-48a1-4675-9ad8-706823de1b92	30.821	fast
508433df-d903-44a1-8807-f64c39f55730	18.068	fast
1e725a1f-d35a-43e0-9bed-2c79a9df3acd	22.865	fast
9a3c0546-f5e9-4fba-b591-bb865d52fa78	22.679	fast
2671c64f-d689-4676-ab59-56b75d0167d3	9.025	hac
98060345-3e62-45f7-9b6a-e74b1a36be17	24.468	fast
f32c0f13-9b8e-41c0-a411-91a389671fc7	18.969	fast
79f005ea-36b4-496e-a192-80b4f6649738	9.515	hac
dd6e9ee6-b9b1-435d-81e7-6d580280a418	20.124	fast
da0cefff-7164-46ad-b1e2-0ee9257e915a	25.115	fast
6abe945f-9c96-4218-a66d-407179154e49	10.646	fast
cd393410-b98e-420b-9ff1-b89486d02fe3	21.142	fast
7eaf4578-2b4e-44ff-915a-3d96aebc52e1	5.374	hac
90e281ba-2724-4990-a901-a588effefdff	24.325	fast
e73d8ccb-24f5-4249-8724-86316798556a	20.630	fast
4184bc49-3ba4-483a-8fd8-14af88e7494d	6.739	hac
f3029ff3-0e83-4e39-a122-bc3614fd5c0e	20.198	fast
b2e85b93-ee04-4a6b-9406-633a7f70f5e1	18.984	fast
7d3c3de2-4536-4952-abcf-c1ddce2ab913	9.539	hac
fffc32ea-1dce-45a8-aa2c-cec73e53077e	16.048	fast
f0717965-0e8f-4784-941e-fd11069349f0	15.162	fast
1a83d91e-adaa-4696-b4dc-0e0bae5ab4ae	23.997	fast
cd98045a-5a91-4686-ba53-8ea0fe1cf4ed	32.271	fast
4591c52a-cb1d-472a-b796-5730192393cd	12.131	fast
c71e5732-8ef0-4b3c-addc-e8a0d9d255db	23.155	fast
64537c8d-34a3-473f-8d67-c43ddb847ccc	24.002	fast
f3023e51-c607-4373-bde5-4f6a3ed10e69	15.496	fast
527346f0-43da-48c4-b03c-f7cbd36e01dd	20.567	fast
d6dc8048-e151-4cd8-8aae-4fef7f299c65	27.321	fast
3e3ae126-a4a8-4c01-a4df-afa384c26c0f	26.040	fast
cda172b4-4dc7-47fd-9ebf-e358f86e820b	25.698	fast
a77e5140-fd60-48f9-afb3-81657c707d31	25.853	fast
b1e9cc61-884d-4e2a-8f07-b0037de7c021	24.915	fast
b91e3948-a0cf-485a-b941-1a3bdbb4ed52	24.570	fast
6d28b660-ec19-418d-a4d6-fc47afe46788	15.716	fast
a0f6e238-858d-4df2-8a97-2308a714c727	20.905	fast
5fee8c26-847c-48b5-a29c-28fa14d3a866	27.612	fast
f862043e-e0b1-4c20-9cd2-1336581d861f	7.689	hac
92778750-2b6b-4404-838b-4dcdc50eb966	26.267	fast
4b001a6d-be32-4225-ba10-96be892f1cf8	8.552	hac
43218298-a9a9-4a18-b43e-e47f4e2e538c	24.763	fast
e7caf3da-ef22-42cd-9e0f-16a7b7c3c5c7	18.321	fast
7b33921d-4be7-41ea-bc7c-d8e1973283c1	25.073	fast
ae4379d1-36cd-4d97-aee5-ca33bbfda744	10.080	fast
c0cc0756-7d91-4be6-8846-342bbfd47f52	26.245	fast
0a045ac0-ca93-4e9d-a598-5aabed827914	8.586	hac
a758afb4-ab95-49a2-ab3b-cae7641cd761	20.799	fast
083db5b8-8d5b-48de-8985-45ce7c48c53c	24.496	fast
ba375016-4d9c-4575-89c7-70f6025d74ac	25.061	fast
d3118ac7-4ed6-4799-a18e-0f8e35f6cb2e	16.910	fast
a5ba1030-19c4-4604-a757-28b73afefa8d	24.342	fast
359632e6-dcf5-4a82-af54-b2f32615e130	26.393	fast
558fa59d-e95b-40be-8c03-2097ab5a51a8	25.704	fast
af881b92-ee1e-4bf4-81f3-ee8affb6ec0f	8.485	hac
338c8ab6-0d7e-4896-aef6-f1a7df897fc3	23.361	fast
8e613fb3-ab9a-4ffb-bb98-dd534f86b792	25.012	fast
d897d4d6-e626-453d-9ca0-f56f2e67770a	20.522	fast
d1f3e369-6723-4c0c-ab36-2d8a11519757	24.284	fast
f7c169c6-6387-4216-9c4c-af8015e755e1	9.255	hac
19d2ac7b-2fb4-4dca-84e9-ad81fd87c4b3	19.783	fast
aa8bbcaa-a4a2-4d63-b3c4-36ef7a78f563	9.475	hac
0617af0f-3219-4a94-a861-b3bbfe9d5c31	20.486	fast
ad2242cd-295e-4864-b30f-8b1598e65509	9.157	hac
993d5a1c-dee4-4805-9083-889eff03567e	22.924	fast
f7a25ba5-c10c-4dbc-b4d5-b13d77bb5b56	26.929	fast
9dd2d8d4-5a8c-4aff-b476-e9610e8cd7d3	25.577	fast
605f5ddc-da10-49da-be42-a1186aa2de98	25.396	fast
646bd492-09e2-46af-94ab-81ab8d85e48e	7.787	hac
37a6a372-dfca-4b08-a7b6-e5f95c75de5c	11.505	fast
73097886-98d6-4980-97a6-2e5c73f4f284	20.755	fast
3e5215a8-79c4-46c4-8520-76bb3286ea9f	13.759	fast
df1a0240-0064-4be1-9521-1a42e5f7fd05	23.958	fast
2051ef26-0ee1-4e48-aba9-3015e0b0a52e	9.406	hac
b76cb952-6f47-474e-8fb3-c4f0f9898846	10.117	fast
ec122908-0e97-4643-a16c-5c2a22393696	21.467	fast
20a51a9e-4459-472f-8ee6-363b8372a717	13.306	fast
b64ebd7f-592d-44b9-a82e-6bbed8fc8ed1	7.894	hac
2fd2cd6f-9f3c-477c-9f82-1404e902bd50	26.448	fast
e10c9cc3-cfd6-42b0-ae48-1a9f9abbd3aa	9.744	hac
f6b9d1ff-435e-4a3c-8bbd-3ba0f36db450	23.993	fast
4209202a-3a2b-4029-9d8a-af7da0ee6fd1	23.525	fast
8af874a3-4629-4f04-a813-3e13d150ed19	20.985	fast
dfa1f101-6917-4f8f-8fe7-e4a152a56e4a	23.069	fast
4355e06c-9658-45bc-b919-8f8ccaa720f9	22.101	fast
753fa290-6140-4f87-ab46-3c0b24ef2547	15.935	fast
032d0360-bd20-4b5b-bbb6-60400a093774	13.562	fast
2ca4ca7c-f4e7-4600-b19d-9b7eaf500171	24.759	fast
c4034b77-d918-4641-9373-4f06d094a65b	17.026	fast
c91d07f3-f7df-47d2-a96a-d1223def2718	22.249	fast
8192f580-5b04-47a9-8d29-978b6bd4a71f	27.042	fast
aa52deb9-8068-4737-b62c-5e5d347ce56e	24.772	fast
fa0293b6-b13b-45cd-947c-2f0a05aa0e52	9.136	hac
be951490-d184-4b92-86bb-189c306cef25	22.487	fast
bcba2a06-c2f2-43b3-93a9-aa6610b824e6	25.235	fast
e68423f7-f0ca-4f28-83ad-90abb894e696	19.408	fast
c42e21a9-9a15-4714-8773-d9462defde45	22.679	fast
74d2a362-a640-4160-ad2f-e7d98ef7c27e	10.052	fast
bd7e97db-0f24-43f9-985c-b97b11597c71	8.199	hac
89c6b1f7-49dc-4918-8cf5-fc007b43fc9b	21.074	fast
c79935c1-3b54-4631-99b0-54f95bb19229	8.937	hac
8d4f322c-58de-49e8-904b-f2da3337eb44	20.329	fast
cf91406e-3e65-4e8c-9141-a0bbed681cf8	32.364	fast
5ec162b3-e3b6-46f3-a515-e0f219bd49e4	24.645	fast
8cb42a48-3ebf-4e81-a6dd-f58f79f7952e	33.112	fast
c0e5ca70-cd22-4366-a632-da2f015278e4	15.447	fast
77432883-e069-4ad5-b0ab-3b1efa51bb17	17.549	fast
7cb54b7c-7efd-444e-bcf4-a9c7dcc8c830	18.655	fast
ee55f029-3fd7-4cce-8706-184e30cfb6f4	20.921	fast
ef71487d-746f-4300-bd7f-41c200029ec3	23.341	fast
429dd5ac-a0bd-4dae-8156-299882643e50	7.213	hac
1b2da5f1-ca32-4b90-aa30-586bdbf350c8	20.738	fast
6d1931f3-831a-4355-a974-a2bfb0652f38	19.933	fast
39d287fa-ece2-4de1-9382-d828914a7d20	18.573	fast
4544c43c-f477-4d69-973c-526fe762f7e3	25.300	fast
68f2b754-10f4-4925-976c-ed22bbaed1b0	18.933	fast
1f913e4a-365f-42a5-84ab-8e339dd7b31c	21.119	fast
9c132b20-5968-4ca3-95e1-0468535bbdc8	26.737	fast
643ab2ec-b352-4197-8066-2aee906e8ce5	16.518	fast
d8664b89-6205-4087-8c47-57b5caad431c	17.494	fast
d13c1363-e96b-42ef-9c0f-b7c8e2a47923	25.657	fast
5095f8ad-47e5-4ac7-b3ff-29102b82d020	5.691	hac
fda6c96a-423e-4b60-ba7a-1d660c29588f	22.016	fast
251982d7-b779-4d3e-bb5e-b8c951c53a4e	11.261	fast
f0068ba5-1e45-441f-8fe3-6d1c9c92b4bd	27.160	fast
e1f41f5a-1ea9-4238-9b91-d240e7250071	24.912	fast
71502c4c-7d27-4056-a8f5-e11461087315	8.642	hac
37d5d6fd-4ece-4cd6-b7d5-771226393f67	19.868	fast
59884ec8-3cb1-432a-807c-7fae5086e797	22.382	fast
f2c964c9-2bdc-4029-a0f0-d069fdb20e5b	24.940	fast
e94add2c-2b01-4c37-87b5-e88918df9d7e	21.769	fast
8c4d2ce2-9c2e-4d35-a1c8-b654758b3190	23.635	fast
bd0c3cda-37c7-4ee6-9436-c96026591f09	20.188	fast
f0b26d84-400d-4c07-919d-7b5b9e00d383	24.502	fast
89f86a28-b5db-43b8-a312-ec1adc01a42e	12.407	fast
be58896b-fda4-4ab1-a25e-0fe7b3149a51	24.861	fast
dc454698-3e32-465b-baad-75ad068fb146	26.503	fast
74caad62-0807-4334-b219-f12b8db4ed89	25.391	fast
7b097f9d-ee9d-40fe-a15f-6c7212dfd828	18.460	fast
5a199c27-4b74-472b-a0b4-80ad1216bca4	23.866	fast
b5e6e8aa-7883-45f4-848d-b29a4956750b	24.576	fast
8477ad98-fd33-4b5d-9dc5-a3501a2d5eef	20.431	fast
b0bb8747-2851-4620-a5df-073701ca0315	20.785	fast
6530583b-fc3b-44f3-8e64-2b6a9b8e7adf	7.221	hac
872017ff-d4fa-4c11-98b5-2c31da094b5c	24.178	fast
8d968924-d3ce-48aa-8694-e919437c4eb0	10.255	fast
e5b08799-42e8-4263-b283-4cceeca23363	21.248	fast
34d123bb-8cb9-4475-9432-a9b7bcf5958f	19.706	fast
3c7f28a1-0cc1-4cd8-988a-d51ab9e8afaf	21.673	fast
ec5042f6-bea5-4ec9-8974-78691afa13c3	25.852	fast
2c15f389-7ad2-4993-b763-7edc3e68913a	5.823	hac
ce4d4b97-d923-4206-b5f0-c0a246747588	23.842	fast
bbf4f264-c266-4e44-9b9a-c58c88a54565	21.680	fast
acb86dbe-35df-4db3-a847-5be6b9c7dd0c	25.203	fast
4cc8ad6d-54c9-4f52-8e75-42abf0642aa6	22.877	fast
701e99ab-b5f2-4519-bfd7-68f55b6e7c06	21.463	fast
7a92aa8b-4452-411c-8f5f-8a394bfba865	9.526	hac
04a884c3-3c77-4f58-a4ca-f4ce94d04f3b	20.820	fast
7634d1ee-f4ec-49e5-92a4-9fa65572713a	7.990	hac
fd3502b9-eb93-4eee-bffa-43944ef0a939	23.404	fast
defc23d8-998e-47b1-8211-c451344c9f92	26.534	fast
fc7ea32b-436d-4b19-afe0-78d8a16488ef	18.452	fast
8f7e7217-6c43-4ebd-a334-4f48509a5f4e	25.432	fast
5fbac5d6-80f2-4b2b-852f-3e8fae0ad391	20.841	fast
6a559e16-852a-47e4-860b-d4d086d9e6c2	25.648	fast
31803ce2-c9ed-4312-b374-a19c978492e9	25.094	fast
8e2bab63-49d2-40ed-844b-1fb219b64aa9	23.108	fast
096432bf-202a-4179-afff-ed0b136a1953	22.208	fast
53c92be0-e190-4ab7-ad7b-fcb33fd14189	8.437	hac
dff34795-1ce2-402c-a2cf-48935873bb72	24.572	fast
1e3311d5-f74c-4644-90c9-d85be29878a5	16.863	fast
27cbeea0-a1ce-44ae-8d9b-9571f0821679	25.537	fast
b6ca3736-28b7-4424-8929-c17dc3ccd2ec	9.101	hac
63b1e9cc-1642-42b0-a144-560c6d011cc2	7.340	hac
b02eb711-d110-4c34-9bb3-e52169972c8f	26.918	fast
4a62088f-f463-4ed4-a477-510de18f6621	25.601	fast
5f8284c5-e44a-46ce-901f-7ab6f302f52a	8.271	hac
3bc40e69-dbc6-4334-93cf-a5ca570f967e	28.084	fast
0d325b66-f876-47d0-9297-c7f14db673a6	23.528	fast
cd633da4-ea7d-4054-905e-ddddb820eba5	30.435	fast
f7405276-82af-4d14-b5e7-0b8f141ffa73	22.644	fast
68f85be6-150a-4748-9358-9eeeed2fa6b6	24.440	fast
7db3594e-f5c9-4d6f-b578-c93f47bc432d	24.540	fast
0e0319c7-8df4-43e5-a1e3-aad965ce3afa	23.669	fast
efde123b-0b2b-4723-a536-1938ad960e11	15.187	fast
1ae7d001-a019-4ba6-8c74-f643d1635964	27.732	fast
68694693-5006-41a2-9c58-b6739a251e2c	19.507	fast
9baf9062-e432-4c62-b2db-4a522b7fb256	4.191	hac
af846ebc-4777-426f-b702-13da09ed45db	24.614	fast
5211b08e-4760-4416-aa82-a77946652bd6	7.452	hac
9675b000-c4fc-462e-b0f3-ce61268bcbf8	26.620	fast
4ec169cc-dafe-4472-bd66-7f65b44c2145	24.040	fast
bf5f07bc-1f89-4f28-870a-39105fbfef21	25.079	fast
e69628d7-2dea-40e7-b99e-e881ed3b5e65	23.130	fast
69d0fc76-c9a1-4c9c-a6a8-f7adcac110a8	25.051	fast
41edce8f-64b3-49d7-9b48-0f01b768ba48	21.267	fast
0e56d64f-7348-4ae8-afcc-3f6d5a92dd3a	24.529	fast
0aa153e2-137e-4c49-a6ed-4a9b8d0a9c85	6.791	hac
698868ea-7538-462a-b870-c5f0872677c0	14.746	fast
4bfd80f5-1664-48f8-b3bd-ad35d220b01a	9.807	hac
ca7a0007-d65b-4ab9-8240-7f7f9c47c1ce	21.992	fast
d3db5859-aed8-4a96-93d3-1c0d19bc0a3b	7.556	hac
d920a602-678f-403d-85b2-d13584550eca	15.405	fast
1a0afc74-7d79-40ee-85df-7829cef29b6c	24.543	fast
90630884-4bc7-4ad3-acc7-706b6ac19713	25.335	fast
82cbe97d-d95f-4f90-a249-662a7435800e	17.981	fast
f0e4e3ad-238a-41e1-9aa0-82a931edcaa3	21.377	fast
0683dc8d-056e-4b21-896f-f5886cf848bd	14.974	fast
29062c68-f7a2-4fe3-b077-357b7db135ff	24.361	fast
ea102471-cac3-4f99-b401-6287487aa823	24.486	fast
517049a1-8444-4309-874d-5355b294c6f8	24.253	fast
d8f6a3fd-6f8f-4079-b5dd-0ff2372e726d	26.359	fast
cb4661bd-0525-47fb-a711-a6c02c758207	22.446	fast
0d586f1c-c345-46b9-b305-74ce52b61bb3	20.742	fast
3bfef672-f31b-4596-8df7-57b6b3e049e1	15.216	fast
5c5a95f1-ed19-4b61-b26c-de91f3e26e6d	21.651	fast
50a17070-89ca-47e4-aa80-18bb987b8559	18.533	fast
4d423beb-eed6-499d-99c4-71eb5f57e00b	28.540	fast
9cbcb65b-9a73-43be-aa77-dc960e35e142	23.510	fast
0c48fb77-b4a2-4695-bf86-ad513ca6e003	16.021	fast
8b0d413d-6ff6-4887-a22d-d43253e98906	19.441	fast
182f2863-de6c-4924-b06a-1bd320ac1667	17.834	fast
f4730667-66d4-4eb2-84bf-b5aec25147a9	21.549	fast
1d830ffa-fd66-40b1-b01c-8e418e5ecf4b	26.768	fast
af0fb045-3f00-48e9-ad6b-79c1618a44a0	25.912	fast
e1a4eba2-2f16-4f45-8dcc-21025d1c17bc	23.809	fast
ec6b2281-fc8a-43af-a250-9f04a4fd21cd	5.852	hac
e6af5301-e38b-42ef-891a-bb530fdce005	23.916	fast
0096894b-24ad-4ab4-b7f3-f917d2b76152	14.059	fast
65bcf82c-ad67-4adc-931c-2c3875830e79	24.789	fast
d35e0050-faa8-4a1a-b6fd-b825e8c5c08b	9.479	hac
c6543c97-c09b-4f39-b1fe-48f419bc0361	14.170	fast
ea883acb-37c7-4b67-bb39-48da00d31813	21.997	fast
a561623a-4da4-45d8-b764-3f7ed9077c3c	25.388	fast
63d98712-b69e-4259-b811-f021f2d5d1cc	9.116	hac
7947833e-231b-46a4-8ca3-398740109f81	24.391	fast
cb10478f-ead4-47c1-9d00-008b28836368	19.755	fast
e5454d8f-8ab3-4fad-b5f2-2f016b3d257c	17.896	fast
9acaac70-4736-445f-8011-a0d613751bbb	20.032	fast
3a80e9c8-29a2-45ea-b030-9ac0b62ee2c0	21.540	fast
2635b515-5abd-4dc8-8ee2-4e4b95485341	24.157	fast
8059b8ba-eeca-4fbf-b1bc-83ac6717ceb0	22.412	fast
c24edd08-2bc1-43ee-8b68-fa2948d807a8	23.628	fast
c31d75bf-a0ac-4ed3-90d7-90d2916b3ff7	18.324	fast
68e7817d-1714-472a-99a0-5ca8f665e419	22.047	fast
5379af3d-1c75-4490-b0d4-182743794c5e	20.811	fast
9a324f85-cade-4fb0-b532-d7b06a1be79e	6.780	hac
ac0e86c2-adee-4dd8-bcae-68670470ce30	24.044	fast
6ba10d4b-2bb3-4856-89f1-c001dc06261a	22.278	fast
3e81ec0d-dde6-44cd-bef0-21faed0555f4	22.462	fast
c4d5cc3c-ef15-4fcf-a498-d51e4c04bcf5	25.096	fast
f7fd4ec8-8150-4116-ba2e-bb275531f0ac	8.419	hac
2a817bbe-3377-4cc4-bb5c-0bde1605520a	20.790	fast
347278c6-29ad-41fe-9384-e0f623da70a3	26.085	fast
63a7a3e4-24d3-406f-bcb6-020fadbda390	22.800	fast
d5de1cb4-7a29-495b-9e6b-418f90fb0c0f	9.664	hac
fa22c830-dc93-4cb6-b417-c5349c95b3c0	23.548	fast
118da332-dd04-4001-8085-caa7b5d588e2	10.016	fast
ce7be52b-e346-4ad3-bd97-cd37de841f00	24.293	fast
af6205f2-75f0-47b2-8fe2-e1f0609a7b09	19.685	fast
66db9739-be5f-4fc5-8c68-faaf46c34b27	15.139	fast
16b6683f-2129-49d2-9254-2fbf17af1535	7.901	hac
684fa390-507f-4d8b-b10b-629fb4b8f014	6.758	hac
a381ecf5-d890-4480-b02f-a58a9e4ca0f9	27.421	fast
cbdbdf91-92bf-4956-87c3-8667026c3d17	21.485	fast
63ceced2-cc4e-4b12-8314-142e0c3a69f3	26.630	fast
d38f9f09-bcc0-4173-a39b-3481a3cd882b	15.229	fast
753b4852-43f9-40ba-b668-5f783510e33b	24.063	fast
f57d944b-d330-4b99-8a11-32717bfe2686	10.575	fast
c251b270-37ab-42cb-91fc-eccfe32f074e	27.776	fast
33ef110c-0150-4f0b-b3b8-5ad5024bbd05	26.850	fast
d54856f7-d87d-4e0e-b544-78d8c40d016f	23.038	fast
86c35a89-5790-4c7c-ae53-99b624ac37b6	21.436	fast
933b4103-af20-4d79-82b9-ea29ccea009d	25.165	fast
2812e5ea-8520-4a9e-bd21-b54d7006d711	21.752	fast
c0195f3f-ff6c-42f4-bf0a-b3fff81ae266	26.017	fast
84600ebe-bebe-49b7-9e38-8d225de3ef13	22.872	fast
c897257e-2fa2-49a0-afdb-76ddff3f5a35	17.642	fast
cd415f0a-3c89-4189-9724-454714284af9	20.845	fast
b426f502-e285-4a0f-b43d-887c422c595d	10.053	fast
e73e813a-64c7-4981-81da-94f5d5096246	5.085	hac
f73f0896-0344-4c35-8914-61d7d4401d3d	21.592	fast
28fcf148-c578-48bd-bec8-767d350aef12	8.175	hac
b0eb28a6-78c4-4bce-93ee-2ae11bf5819c	24.839	fast
4197ad4f-b39e-49ce-9aa8-c9709ee90a24	24.437	fast
a61bf58c-c3d8-4ec7-b775-963808fedb28	21.086	fast
7edbe1bc-5f37-4ee3-8b5a-e6db48f413b3	27.562	fast
d8de608c-fbb1-4909-b156-24bdb795cf87	21.565	fast
16f5a86b-05f2-498c-988d-85780e747072	22.576	fast
6b20b75e-d46e-405d-9f70-19eaf13ec75c	25.713	fast
65f0f0db-b0e8-48e9-9a72-7a555e833244	25.393	fast
94e385a5-bad5-4e0b-a0cf-93b0233c315a	11.855	fast
98dc5e61-b30d-455a-9e23-4762baed0015	22.672	fast
978e78fd-5e21-4f54-a33f-c5f333f33b24	23.290	fast
c28b0886-79f4-4a3f-8cf4-e91dcf0ef4b5	20.558	fast
a5c2774e-8f36-4135-8082-457049216ce2	27.699	fast
7fed9b73-3602-46bd-845b-7a7ad6eff3c9	4.902	hac
427faf82-4ebb-42e9-8ea8-08b850023871	25.583	fast
92fbe5d0-cf68-401c-bfea-1b1d57a29551	25.310	fast
77026911-8d49-44f7-b3f5-7bf351b636bf	9.398	hac
4f5effea-13fc-4f5f-9bc2-b7cdf0a422e6	20.372	fast
e4cc705f-4a65-4f14-b0cf-c044e8127f30	7.105	hac
09c8bf11-0c96-46cb-919f-a1329849b9b0	22.656	fast
9349c8d2-fb7c-4ed9-848d-2a664f16a0c5	16.298	fast
6d413be7-ae8f-42fa-a7af-d09065fc262b	5.469	hac
bcda701d-1bf8-4543-b33e-627fb54c3aa2	8.826	hac
c6010d4a-baa1-4b54-b978-99740ce00d85	21.726	fast
e332a159-0da6-4646-b3a7-4f814f2dcd71	22.834	fast
21d96994-a27e-403f-a438-313eb8b65fa9	21.657	fast
dcf930f5-efd0-47b5-9df8-f63e5c2982a4	8.578	hac
7193f9ef-f1a5-4ed6-824c-66e741e76602	18.338	fast
643045b0-ad62-4ff2-b145-6091e1031c3e	24.581	fast
2e3cded7-c537-48e8-bde7-9d0c152babd8	25.648	fast
6949d806-3c30-4b54-bff5-3c25a7b4a63c	8.477	hac
42a90fae-1868-4540-b319-0ea4521a0f97	22.140	fast
628d61f2-7d70-48dc-bd4c-c6ed350ad9e0	24.695	fast
3d6bbf81-ab8d-4684-9219-76a4dd18298f	24.807	fast
5e4e417d-8922-4b71-a719-e768540f2063	25.706	fast
1601af26-1d9c-44d4-9875-33dfc2106a69	17.998	fast
9fda1a7e-c22a-48fc-8306-ba15a7d9db40	9.128	hac
8aa2c98b-a547-45fb-8c73-fa93f4b4202c	24.371	fast
4968ce92-b475-4830-bf05-8b927e761006	18.645	fast
ba068461-effe-4217-b12d-5f81a07bb22c	26.068	fast
6a8dae43-c89d-4d0a-8d7f-cd38ff50a278	23.133	fast
6ece0194-15e1-47ea-bbde-c5d12cc3642c	20.610	fast
8ccb1e3f-1f15-4246-a87f-86460f07b25d	9.300	hac
c6df16b0-42b9-43ec-97e0-b6dd02df4997	4.887	hac
9d24aed6-0558-40c8-bd64-94df52a559b5	21.219	fast
47edb6d0-ce53-43db-8e8b-b6738f4634f4	25.444	fast
f239f419-1819-40f2-87db-386f8a529c58	22.813	fast
4a76cddf-1719-428b-bc76-108f597ec209	21.824	fast
def0ef3f-baf5-4a9d-9ad8-87305c2f62d1	24.293	fast
2ffe2327-a623-4069-9617-ef4779c83d2c	24.210	fast
789b7db7-4cc8-4085-8718-f1783f3e14a4	10.366	fast
b52437b6-1997-4e28-ae16-c631b8d67abf	24.852	fast
c84abd7a-dec3-429a-9808-ab390b888601	15.654	fast
37fb154c-20d8-4466-bc37-a408d0596b05	25.001	fast
555d1c1c-7467-4ae0-a3a4-f30681dcde34	22.957	fast
619607a7-7653-4240-b957-22eb8e1c9b7d	3.448	hac
2bf77fb9-28c1-4a43-9c04-e3bc2698d1f2	9.491	hac
7b8afa46-0291-4746-b824-b33e24ef708d	6.992	hac
e678a8b5-88a5-4aee-bd6f-9220999ad73e	18.773	fast
60b3a20b-7848-4fc6-ba85-9478d647e94d	21.316	fast
c05318de-6df7-472c-8c16-18b5594087de	17.916	fast
650f8bc5-0f40-4b3c-abe1-2e00153e9007	21.636	fast
543a56ee-ae6e-44be-9af7-29496cd1b503	16.433	fast
6a29ad7a-fd4a-4816-9fd4-46f670fb602b	24.956	fast
6af6a53c-1aec-401b-963f-6e4e0ff5b2dd	11.676	fast
af7b44dc-7d88-4efc-a434-1fda10699706	23.053	fast
5889ecac-bba0-44d9-ba37-c158ad167327	9.729	hac
8aa17ebe-fcbd-45bf-8562-cdc1106084f3	24.099	fast
c23361fa-c5e9-4cae-a61a-b3e5e7df7e70	30.740	fast
fdabb771-9277-4038-b86e-688f29a51856	18.398	fast
33a9a065-40b6-4494-a186-403328b22c71	20.565	fast
740e3c76-5738-44ba-b725-36fc827bbbaf	22.508	fast
fcb74183-ba20-4b21-bf35-ca8a799ecae5	8.153	hac
e08bb3ce-dc74-4225-ac2c-f375da9b72dd	25.444	fast
61590926-56db-445f-81f9-9c62941c82d4	27.051	fast
562ffd52-141d-44ea-8aee-26d7d1edb3f7	9.417	hac
c0e0e49b-48d6-40c8-8c4a-d82343961201	24.235	fast
db7b1918-38dc-4d87-ab58-635b5ae2d005	24.568	fast
9268bb00-8e56-4dd3-b96d-12fdf90350d3	22.011	fast
111d1a36-abfb-41a6-a541-cb9757db4ad1	7.730	hac
64eb9852-af4c-4dae-9a08-eb926b911c30	22.944	fast
88823985-69ca-4b8d-891d-3ca06ef3b241	23.329	fast
22842410-32cc-4f4b-b191-5be9148ac81b	23.239	fast
7cb1fb23-6519-4b85-8d87-f6450dadb9e0	26.513	fast
44cb10c8-7724-4197-97ba-aaad2aa20e3a	9.953	hac
166b7149-787a-428f-81ec-0a202f78d4a0	23.479	fast
d8af2d5e-b59f-43d3-ab11-ca1332eeeec4	24.216	fast
e5b70552-aed0-4e5d-b9ef-48b45209e904	24.910	fast
734c31b6-b532-4825-b4b6-4de78cab1c2b	23.751	fast
ac3a99e7-13a4-4ec3-ae73-20784cc14c63	7.438	hac
1193265f-94a3-42e5-9393-f08cae7d3c56	22.518	fast
ac3f3cdf-3896-4b1b-bdd2-6d6ed90cd152	25.505	fast
53b928b0-8379-466a-ad39-37e61f9b6b07	17.038	fast
495d12f7-be5c-472c-92aa-580e93c427c0	27.531	fast
acb6cd9d-15fa-4e82-bf40-1c046d5c7e45	25.856	fast
c78330bd-bbaf-434c-bfc6-376d266f502d	12.449	fast
153b0027-14de-4820-a862-32e93ebeac29	20.525	fast
dcc728ea-4a93-4f87-a78c-f2ca2f505283	24.812	fast
c8d08cc0-d525-43e8-8eef-af5123786184	24.457	fast
c94e9244-9c57-4d8b-9602-e2459e4596f1	23.015	fast
859f9acc-7daf-4476-bb7e-a71f41eb63c4	5.751	hac
1cc2da98-3bc9-444b-8baf-83c2811d1eaa	9.007	hac
91ebef40-93c8-4353-ae7f-e3ccceb79ba0	26.824	fast
24473f7f-465f-4213-b09d-b30f50aab404	9.033	hac
621fbfd0-4f85-4954-9c28-93d98843490e	15.842	fast
9b62dff9-4c0f-4f5e-88b3-8048a3dbd07b	25.390	fast
cce98815-9104-4c94-a736-73c4b4afc9e8	21.858	fast
5462ce0c-4d1f-4bcc-83e9-c14483023581	24.188	fast
15e04560-a387-4cce-ac23-ca19e38b8818	8.311	hac
fca5e531-2298-48ae-8192-b6bd0ce64f71	24.225	fast
e502386e-698b-4525-85c1-2304f0e3ef02	24.033	fast
7f3086ba-dbce-409b-a755-30d873fa55ab	28.428	fast
4c9e110c-dc10-444a-bced-456110f00b2d	20.708	fast
55f3f414-2b93-4fa2-af75-3354b911b1f9	24.427	fast
806aec5f-6b83-4b13-8bb7-aebd51339832	26.751	fast
4d60c555-4e96-47c6-b99f-048afdfc4095	23.174	fast
22bbd8e3-28f6-48c0-a086-fa56baf0abf6	27.127	fast
969b45cd-c116-4f80-9d78-f9b2fb1fae89	7.717	hac
35d922bd-8a34-46c2-8487-a84277732038	24.846	fast
19991e55-e789-4c03-a826-8d50a2d44750	10.075	fast
8c5b19a0-4012-454d-b025-f0ea4b2e4f9c	16.877	fast
819905c7-a505-4953-b4fb-dbecdf4dc451	28.695	fast
a6564caa-667e-418f-8e39-dd495577e80d	17.636	fast
8c0bcc3c-951e-40f0-bbf8-6261f20c32c9	7.681	hac
1ca00485-d490-45d0-af4c-7c4917d0f6b6	17.684	fast
63b97272-0ae1-4861-b750-9fd0bf8a97a6	28.420	fast
87d55268-429a-4758-94fc-f54caadb63b2	25.048	fast
ec0d8367-6c9f-4bf7-8395-30ed5d1faf8c	22.556	fast
85ba81a0-689a-4db7-8b31-7f483400380e	12.158	fast
7e090eb2-43de-4493-8d40-a622979efe23	20.814	fast
3a3f003a-a467-4503-ba6b-ee330dab88c7	19.643	fast
8a598bae-f2f0-4436-8dbf-8045ea662c6e	32.183	fast
ad4c75f8-4120-4618-8d11-da16769692ed	25.056	fast
335d256c-8d2c-4f94-8a33-4c8746cb84d4	25.163	fast
9bcfaf6f-2db0-4c13-86b6-0b7af79a2775	24.577	fast
d2afd2df-ab24-4b23-96de-f273dcef7f5e	24.613	fast
906496b0-6147-4360-b9b1-9c8ed358dcb7	28.540	fast
ff614ccf-7be9-4945-99ff-9f7ddb8ada43	25.119	fast
b8b3ae1b-1581-4b16-9ac4-bcec482a769f	10.332	fast
78869b11-5331-4d5f-a77a-3dd3c6c76e28	7.616	hac
d02689b9-773b-4a86-b71c-e6baa51542cd	20.388	fast
779c203e-85e1-4c2c-866e-dbca00ca6900	25.278	fast
0baacf80-85aa-47cf-b2f8-71637d627ddc	26.968	fast
44a774a9-3dd4-4305-973e-a87e2c28b8bc	22.099	fast
cfe92eb2-bc42-428a-90de-6b18cc2cf429	19.545	fast
2d2f4953-cdca-4de8-9c44-61c8d5140a16	24.629	fast
39c065f0-f91e-4c32-ac8c-7ed7ecc7d627	17.482	fast
92c42d67-8306-4729-92fe-c066a225652c	5.540	hac
2bfd1544-1464-4915-9764-bde1d826d55c	10.307	fast
93097da4-800b-4b35-947a-4c3f918c83a6	7.741	hac
38c0e9a1-2cd8-4ee6-94e9-18bfd71c1067	15.101	fast
8f2d3a5f-6474-4833-bb60-5b7a943f1ec6	23.548	fast
d4938940-d416-418e-b886-b88a5989ed4b	23.847	fast
5b587c66-5cb9-4815-a9b8-abf961f38c79	26.405	fast
3ce34f5d-a577-4871-bc7b-023e54d65a53	8.512	hac
5ea2a7fa-ed1e-47b6-beb0-4c9e20ec863c	12.967	fast
24956bc9-b831-4afe-9c13-fe69ee742329	25.693	fast
f0191c9e-3202-4acd-9102-9c466c355bae	23.127	fast
0c749627-b32d-4da2-ac82-0781680a0b89	21.709	fast
09df1707-94ca-4b3c-9677-74f89bfbad1a	7.918	hac
31b097b5-595f-401d-b94e-9521a94f5886	9.283	hac
da76e873-75d2-47d0-97be-8b51ce6f3811	25.734	fast
8ab88a2b-6003-4569-83ad-d356accffebf	3.970	hac
b74b4a84-5742-4fb9-9234-ef4d8c9d58e3	22.307	fast
e6b9e4f8-ecfa-427c-8d26-3c1eb2cc5d16	20.362	fast
d5f02497-480a-4dcd-9f11-e7b1e4bf1621	21.062	fast
62366e67-e53f-4de6-94e3-80ddb78f6e48	21.831	fast
ea2f889d-2458-44bf-9bc4-804797567943	15.196	fast
2abcaeb7-4b8c-4869-904a-603420727689	25.771	fast
59c252fb-a127-46af-83b8-ac4bd175b4bd	27.460	fast
6de5eab0-1e9c-4964-b9bc-8134568b4b06	23.217	fast
584600c6-ef72-464d-be46-062e6b02685f	10.287	fast
5dea3eb6-e8ab-476b-890b-5c8414d537a4	26.788	fast
a0263eb5-a87f-47e9-b6d0-93ae5779da21	23.705	fast
ebe2914b-86c2-4ee8-ba5b-938f71e4f953	22.887	fast
cb60aeb2-6a58-4c61-8fee-af59bc1e663c	20.393	fast
77173015-b70d-45e8-9758-14a6cc6b1abe	27.112	fast
05c83fc7-9c71-4cb8-81be-81fa09150bd6	7.912	hac
5989658b-6eef-495e-81d3-abee44eb5961	25.263	fast
6cbe7b47-83df-4fe3-9ae2-45bd30a3f2d3	26.219	fast
2bbd5fab-5e47-4d12-bdd5-a5ab31e5e9f1	20.876	fast
ac7ae1f1-269f-41eb-82d6-3d03eccdf7cd	21.476	fast
b7911886-4856-41df-9a4e-36129b96d43b	25.181	fast
bde04f2d-7216-47df-9454-d83002120b42	21.276	fast
71053a80-f112-49d2-97f2-81078d58c9cf	24.818	fast
95321601-be98-42f9-874d-150f2a786ff2	9.784	hac
77af25ea-bf2f-4d7d-b655-f86acfb6cd97	19.146	fast
a4471449-2e87-47d8-b34b-676ec9f49830	25.579	fast
9695f973-fc84-43d3-87fd-f3043dacf25a	24.915	fast
8055e68d-c063-4eb3-b96d-70bd467ef3cb	25.978	fast
db568cc6-6a81-4814-b9ba-2311c53ccb0b	23.669	fast
c563491f-d508-4f8c-b7cf-4fa2b1ac52b5	20.190	fast
222be41b-368c-41eb-94e6-d4f7c6dda175	25.707	fast
2e075ced-9070-4d7d-b421-1bf0d9be802c	10.130	fast
b5d127f4-ab2a-4bd3-a5ef-06df376a4048	15.891	fast
3e5086e6-44cd-4b9d-b772-bea041479053	21.487	fast
662392f9-df92-47ce-b16d-3dc1a44dec14	12.317	fast
9ed0a9f0-903e-4f48-aa90-5137f4c4ef10	26.222	fast
3d71af97-91a7-4fd3-b47d-5057255fcf58	25.466	fast
0c93ea96-28ac-4fd3-9279-1261602c6a4e	25.528	fast
dfe06361-7184-4b56-b83b-a366fa55c1fb	20.189	fast
19951924-6ca7-404a-9292-bf5dbafe3233	19.573	fast
b39b2ded-c251-46d9-b2d3-dab4e5e47ae7	23.544	fast
94883219-d6c1-4ffb-b29f-ac4ee72d1b2a	18.974	fast
66b853c7-09ad-47e0-8532-61709cb076c8	19.891	fast
baf589a8-824b-419b-a6d0-bbd22284e4d1	26.564	fast
0920b701-54d6-4381-b7d4-a9772173c122	8.512	hac
6ec3371f-9f48-47f1-b8a3-249d54d9980a	23.059	fast
7097c197-12b4-490a-bfb5-d397f6a39cbd	21.922	fast
3b001d75-55ba-4e11-93f9-2153a20b9d18	25.110	fast
2ec76d24-6ed5-447d-8261-1526bdfe6df7	15.964	fast
8e2c61c0-68eb-46fe-950c-4361986937d9	9.093	hac
d9a006fb-bd24-4df8-9684-59d63567df3c	28.564	fast
2c04cb6d-43c8-427c-900c-eee40cc0feb9	11.133	fast
0e9a4357-a30c-4488-9855-4ce5940659d9	24.145	fast
ddbcafb2-6e1b-43ae-8887-4493be322608	20.261	fast
0a2d352a-d0cf-4297-9e53-23e0b31921d6	24.930	fast
a97e0675-7c3f-41c4-8d62-b1c5cdcc878b	20.637	fast
5e809540-0529-4593-87dc-e3bc96f8c927	24.164	fast
456aa46b-6cbf-4cfc-85aa-2cb884340d35	22.061	fast
1db75915-4f14-439f-91db-9d4050940efb	5.912	hac
5ebf072f-21c4-4bf3-8235-62ac87ac87b3	6.980	hac
ca02e45f-de08-4f5b-9a65-bc4f96ce7780	19.807	fast
0c4c097e-e518-48aa-9473-c11249c896c7	26.964	fast
7990c1ef-c64e-4920-8f6c-8a7cef9d35e9	28.343	fast
280bc44a-1302-4454-8c11-ca8167f14b16	20.811	fast
546affc0-3fe9-4e04-b94a-70756c37a176	22.064	fast
407d2eb2-ad1c-4508-bafb-b44bff4aa9da	20.070	fast
11a25877-d028-4661-a2ad-77632b2daf85	25.436	fast
d35b9280-cb00-46b3-8be8-8dd58c991755	6.778	hac
f9d0f7e7-cc24-42d1-a429-33f556cbf763	16.939	fast
709915ef-cc51-4721-ad7c-2196a36e7e31	9.221	hac
04dbd708-af5b-40e7-83a4-b783b8643900	25.328	fast
df03f8cb-ef5f-4aa8-a388-76111cc54c21	29.318	fast
c719314b-7777-4c11-adbe-a23b5a7291a0	21.437	fast
b3bc8a4a-9655-4705-8d14-03ad22951feb	24.409	fast
36678ea4-9be7-4924-8f2a-f5ae6cccfc1f	26.293	fast
781beb8e-8a2b-47af-be03-c7a7de6beeff	21.161	fast
f6bf6fc6-beb8-4144-976b-0eadc9b79fc9	25.187	fast
858eaa1c-c92b-4fe5-bbdd-4408b837becf	29.068	fast
10783838-969b-40e8-9899-8e32215f5e46	25.858	fast
69adacaa-1ddc-4431-96df-5c25fa19bd02	16.588	fast
9a40cb09-e997-4fc2-a5db-0ad0f858e913	17.878	fast
03b66779-f343-41d0-9c32-0a9ccd96a1e7	22.373	fast
e6b7a28a-5beb-4b46-8b10-c222e8b66fb3	21.755	fast
587188af-155a-4071-af50-c16ff0dc5aca	24.443	fast
f462ea16-a858-405d-9212-717242f599ed	9.209	hac
0df903f0-ab4f-4cef-88e5-eea126a38e8a	26.662	fast
6b8cc7ee-8d0c-4e65-b424-552412bf3f25	20.862	fast
6fee9ed5-e0c1-4537-85fc-8ee2fdb13293	21.599	fast
cdf43495-7faf-4cde-9480-af3f7e631bfa	18.118	fast
c9da96c1-a906-4ab2-aa4b-49aeb8f45458	8.527	hac
43dad5a3-210a-4276-ad8c-4a2809ca298c	23.110	fast
910ac863-6940-489c-ba53-242911970528	20.903	fast
be57d9a9-3b28-490e-a8c4-2a0ff7138ddb	29.432	fast
a332a727-fe42-40a4-965a-0f4866334d75	7.479	hac
b55525a8-f4cb-4459-bfd0-f6a22d069571	25.703	fast
c1df9bbd-7de8-4b9a-986d-92a16acf7ab4	22.956	fast
8a597def-5531-4402-833e-c80fabe84567	8.690	hac
b287b266-2d60-4645-8b37-e9bb22c42bbb	9.760	hac
f4b8a2c3-4d28-4d5f-8e35-72dbb36e4441	13.431	fast
14ce9ccb-2e60-40eb-83c3-6076d61e14e6	25.589	fast
c37382fa-b44a-417c-a93c-cdbfd2d75ae3	23.243	fast
bfbe0160-b639-4cf2-8156-d24c68d740b8	25.838	fast
3eae4551-e9af-4f57-947a-beeb918e2337	21.989	fast
aa8eacf1-d534-4905-a8f4-60a94a21e6d8	24.290	fast
ec728734-ea95-4221-ad7d-ae2b9fc2fc4f	26.848	fast
d4fe70a5-7bdf-444e-a6fd-73a7522c609c	22.716	fast
bf1326c3-46c2-402d-ac03-226cf70bb560	18.975	fast
bba1e551-afb9-4abf-9a4b-7b4ba68951af	23.360	fast
e33f73ad-844c-4adc-bb85-13a069570eb4	19.248	fast
4e5f05dd-236d-4531-aeb1-57b654aefe19	8.957	hac
98e08b9e-8cb7-4fe1-85ae-cfbefe37144e	18.029	fast
7424c775-6b3a-4a49-972e-6f43b6535d73	21.314	fast
c09c4a0f-b12a-4974-8065-7f206e52e779	17.908	fast
27633339-841a-48a9-8f15-1550ffa68f47	24.558	fast
0e05c432-4b86-4d81-a0a3-9bd3af0d6397	24.528	fast
3f468b8c-28ce-46f4-8e79-a9acd97898ac	24.981	fast
4608eb6c-01b2-4079-9d64-8a6c7e77e3de	8.312	hac
d09ee68a-5f55-433d-a577-b17809d27566	23.464	fast
7dcbc0e5-3130-4706-b58f-7827a4a8f644	9.419	hac
9b7b268d-fb04-4169-930d-5f30c661ceae	12.394	fast
848d9168-f4aa-4664-ba94-70bdaf5db974	12.716	fast
18ce3e58-36d6-4170-aee1-4612c0506f9c	23.941	fast
867631bc-d871-4c77-9e4c-4043ae797652	24.879	fast
46b4cb4c-964a-44f2-8585-c5acb6f98e95	22.725	fast
5d16b747-90d7-460e-9deb-2828b50d552f	9.773	hac
cdd36491-85ad-4774-95d0-b48fbeed2230	7.504	hac
a8ecebc0-c3cc-44c3-9ffb-e9372ed64239	12.455	fast
2c3f5c67-4ca9-431a-affb-0b9578874132	25.540	fast
d7202b0d-cf48-4b11-a48b-4c562bc4f080	22.362	fast
ccf08e72-60b3-427f-bb46-51a922ff5670	23.113	fast
69e2e5c0-2b96-4505-b691-1929ceb62113	8.545	hac
90f857b8-540c-41fb-ab4e-7966b3b1f625	21.438	fast
10105dd4-aa88-4c59-93dd-08de68c21a1a	25.246	fast
a8174b6b-e664-43d9-bb4f-41b0e5f937ce	8.513	hac
79667149-05a9-430b-836b-037501845957	13.718	fast
414e15c2-ba70-4939-b953-c35549bed39c	18.060	fast
09cd3d32-0294-4c6d-bfd9-68fd8a3798b6	16.429	fast
6019d001-a0bd-47c6-8f18-09719306728b	20.735	fast
be5ab43d-d4ee-4600-b162-23fb5d51ad70	18.516	fast
d03dbc2f-4d85-40a2-a1c0-adeab3b4ceb1	22.414	fast
6b8096ff-4840-45be-a258-0b99f34e1c99	17.360	fast
613de1fe-9d3d-457d-94e0-71f6b52fca45	21.220	fast
5eb2ec79-c769-4d3d-b184-a96dd6a7aaaa	6.242	hac
b3d0ab41-447e-4252-93b8-540fa9233f6e	28.181	fast
e48c657a-4650-4b2b-95f8-d09f0afa2ed7	22.442	fast
0f229edd-ab3b-456e-b9b1-7da50814902b	25.151	fast
c8b5491a-c6d1-40a5-8c4b-872692a914c9	27.289	fast
7dac54d6-d925-4098-9eb5-51c4a1345d47	24.249	fast
9b644d1d-0043-4a74-a87d-7f1fbaa5b232	24.030	fast
6af5ee5b-d1e2-420b-b62a-7cbcd8571324	21.246	fast
eec816cd-c9a6-424e-81d1-828a853aa8cf	8.268	hac
b80950bf-fb98-41f3-9285-d60cd4b5baf1	25.445	fast
b6927576-d8f7-4c7a-9b0c-e10c72257183	23.261	fast
6bca5173-d45a-4768-81a5-59b3830dd664	18.038	fast
ae2c2935-7682-4cfe-97d7-1f1a5dca56b6	21.841	fast
e44d9a75-da43-47f1-8a53-9b8de8869c70	9.751	hac
347935e7-f6b3-4843-b9c0-6d968203addd	25.966	fast
1db1dfb1-6a18-4199-9a20-74c6158f0f1e	26.763	fast
0605609a-633c-4977-ba3a-7fd8d8923662	6.567	hac
42181b74-c910-4035-b97f-231f05c9aa0a	17.893	fast
75612418-7c02-487f-ab96-b6c30da8d669	18.093	fast
c74983d4-6822-4103-8bcf-4995a3bd7b12	13.526	fast
564c49e1-b7ee-4436-a69e-596c38c8e5dc	17.183	fast
43efaef1-8d53-4b9e-bdcf-593dca8e9ef5	24.786	fast
b1f3c05d-8af4-4b56-b771-75be9bb25c7c	17.938	fast
c6a738c5-e29d-4bc1-a1ba-057196259d04	18.818	fast
3b8ea9b6-bbd2-4a08-a926-f804485f81fa	23.649	fast
ec9cf2a9-b718-4111-9764-31e9e0c06e57	26.032	fast
6188f4d3-9776-40f9-ae44-8903539c0b15	23.377	fast
76509e39-a2fa-4dd7-824e-be76f969aedc	21.953	fast
5ed0ea75-76fd-40ce-a878-7628f783965d	23.567	fast
4c925c6b-6961-48ec-835d-d0719407a336	20.332	fast
833eec18-1dd3-46ea-937e-0112ba9869cd	25.258	fast
1f0ef444-3d70-453c-aff1-7a4252193016	24.714	fast
af18dd04-796a-493d-b9ca-01378a8fb2ef	24.589	fast
2a963187-4a89-40f9-b9bf-fc305df4f77a	24.370	fast
15afb23b-ac97-47d3-b78b-a8b0b6c82006	24.716	fast
78571fa8-f699-4a83-a4e0-85998c2954ca	24.949	fast
b6beb8a3-c75d-4769-9edd-6dc013d438f5	7.786	hac
30e61192-5775-4bc6-89b5-d3bac4742428	22.849	fast
9f8d637a-6462-4fa7-bb07-9e39e8d7ce14	21.288	fast
1a7e83d4-0b71-487c-8a4d-698f187093ad	25.166	fast
67a0deaa-b234-4606-bfa3-fa1f86a55210	8.257	hac
de81ba76-2e11-4b14-a802-4eba57b5e5a5	24.652	fast
1c1509ed-1f93-432c-a457-7f0323b8c276	23.381	fast
fdfd7261-e040-40a7-8819-104e3f5155f6	8.194	hac
fa28c65a-508b-47e6-a845-3c06f261c551	9.823	hac
461b1602-9f20-4545-98a4-1c68ecc20aa1	10.101	fast
0012924e-e458-4055-8cd8-8b08bf3453f7	26.199	fast
56fc7f6d-8ca0-41d3-b300-e76972321e84	25.791	fast
ac4e56f9-83c8-48e2-bf37-886ed59087c9	5.725	hac
3bceb118-78e6-4b48-83cb-1df8e998d5ac	15.320	fast
ec7d8adc-030f-413d-8d16-63e3cb5f61b0	21.810	fast
2fc9e78e-fc81-40bf-80d6-33cd5ee7edf3	28.990	fast
a1d4989d-251a-43ee-9d91-834c8a06fdc7	5.822	hac
72ea617c-e209-46b9-8cb5-3a6916289d3f	7.765	hac
27c3f664-c19f-4c09-8ae0-a8798144ad04	26.440	fast
724b2416-3d99-4288-b1a8-96d7b7f7883a	25.711	fast
245b7bd1-b6c6-465c-b2db-695c3874b99b	15.309	fast
cfaddd5d-6f5a-4e0a-b67d-fa122edb516a	25.857	fast
5d89eaf0-eea6-4aad-a72c-cf642ce19889	21.850	fast
640ef3e4-3234-4995-8d23-f38650e6cd37	24.620	fast
e3cfdb4d-307c-402d-aacc-5a1ea824db3c	20.898	fast
75fd7210-4ff1-4ce4-8666-e7110badd9a0	25.006	fast
f713e8d8-d885-4a45-8c91-7c902aa32b3b	24.300	fast
73e21c32-b39e-4655-bb65-6ca5a67323f3	29.911	fast
8abe7e3d-30cc-4923-83ff-1588a4063855	21.027	fast
7dc2d6a7-a747-4031-95cb-49ff1c11893a	16.974	fast
98949a51-d12b-4ada-bd43-ca10e78355d3	26.002	fast
8112e135-22e1-4035-b746-93a120ac3ccb	8.189	hac
8d89ffc2-a709-404e-915b-5500b57b9805	26.365	fast
6723169a-0b46-4453-bd22-92dbc9f34c6a	16.734	fast
018b6330-d4c1-4ade-91e3-4d5918038d20	25.244	fast
c47a01da-b998-43ce-9f99-5c49e5001d43	25.763	fast
1abd16c3-1e7a-4f71-b8d1-55f76461affe	8.372	hac
79d04cc2-d8d1-4e10-b930-8739ed880cde	21.341	fast
6501349a-8bf0-4dd3-9df1-bca15ba56f4e	19.176	fast
e0eadc08-f268-48f7-a30f-81e302d04e8e	17.968	fast
35e8ea7b-b660-4deb-bddb-c3a0cf175d48	5.281	hac
3c8c7b43-34aa-4bcc-95c1-e7f849a0e342	23.948	fast
aad63331-520b-4cb3-a890-d60e8709888e	25.992	fast
b140b5b8-9fb9-4017-a070-0f97a44347f9	24.336	fast
3637f5dc-7af0-4d84-896b-650fb3b9e422	25.849	fast
3acca574-af76-4603-a76e-fcbfa54cfe90	21.678	fast
f4cac185-894a-4f2f-b29d-89b7972c6624	27.002	fast
f5630d51-bc68-44b9-8a0f-c21c03834860	25.287	fast
667735fb-02b2-446b-b9b7-12abd0a71aa9	18.535	fast
8141bf03-37d6-4581-a6ae-0e570c259ee9	26.504	fast
f9d8a453-2df1-4d12-8698-ee7d22f85bb4	24.266	fast
9794bbe7-3293-4e03-a833-8fe6c0761faa	24.769	fast
3b90b440-12ef-44e3-adff-c5a9b2430c4b	8.863	hac
1c58c914-1374-4397-9ac5-f582aa82f78a	19.940	fast
7359ebb6-2c56-44ae-aed2-dd9b62f59a0a	9.658	hac
2db7b8e9-2454-4775-8320-221a40031a55	10.820	fast
0f863df5-0e38-4957-9359-7cc78a646ad5	24.300	fast
5865343b-43ed-4284-8a5d-022e1344a76b	22.305	fast
8bf74b7e-164d-4daa-80a8-bd4b6b4b816c	24.635	fast
1e3486be-e826-4992-b9cd-2747e6c29b64	26.614	fast
7066ca35-8929-4e4d-8d65-0959b2f7b87d	7.913	hac
5fc77415-2374-42f6-b838-dd0931e9baf6	6.846	hac
d83f1fdf-e3db-4009-a028-e17816f26543	22.884	fast
aba25176-0582-4769-9dde-08beb696b54c	21.827	fast
2fa54eb7-a1a3-4282-b421-26eafefcac3d	21.534	fast
3a5cec46-e697-4dc4-bc18-0fa67e2733b9	24.236	fast
e27321d0-8665-4b26-b182-661c768c22b2	10.169	fast
74064e63-800d-4d35-9cb3-ee2663405c58	14.633	fast
1b3341a7-7944-483b-a045-9514938db35c	20.021	fast
1e3902f0-7a4f-414d-b779-8abf30cb1b27	23.193	fast
4aa68d51-bf17-46c2-8a8c-16f94e4184e2	20.841	fast
60e880cb-d1a3-469c-9950-e051b10fb9cb	21.554	fast
a370855b-3527-4f60-ae56-7cbb8d0a8fea	10.310	fast
739dff36-8518-45da-9586-9c50ba6eef85	20.429	fast
9c9fe76a-f36c-4ab2-97ee-985cc5b926b1	12.571	fast
99f7bd96-440b-43f2-ae50-b2368e77f287	22.121	fast
05e34de4-d496-4f16-9b02-57b49a9d4fa3	20.600	fast
62f8a36d-a681-4d1c-aef0-35cc256edfc6	24.440	fast
934ae388-bb51-40bc-bd8c-96d6544dbbe0	25.594	fast
6249c878-b5ff-42f3-8acc-e539dbaa4214	8.520	hac
bdacde7b-fa5f-4af0-8e2c-6596def59f83	27.309	fast
6ddf9bcd-f6b6-47fc-8d63-9270c5bc80ed	26.620	fast
5c943b7c-c77d-4f05-930f-0912506869de	26.740	fast
d0d65c69-fee1-4add-b3df-a9ce70b8b864	23.353	fast
17b3caa6-19ce-4442-b53b-dbb16d02c860	9.626	hac
8ddb0762-709e-4e0e-bdb2-f1c469519ef6	24.209	fast
f244a697-6178-4b81-8607-b74b049bbf54	21.272	fast
7814c949-008e-4862-a1ec-e4881d70edb0	24.895	fast
1b0c9885-9271-4faa-95b3-bace9fa09c24	26.145	fast
816f4edc-46a1-45a1-8051-fa0a36bcb9f4	20.293	fast
629885c9-a33b-47b8-be46-a2e5d93de38c	25.478	fast
57d81531-6fa2-45d0-9016-b1e7a59689cb	8.188	hac
73339603-0a06-461b-9b05-7d24cd4edbae	19.285	fast
a8e807cb-0299-4d7e-963a-a8be0bc1780c	26.012	fast
cc3cb14f-1260-4d3e-b0ca-c259c5b44b3d	9.408	hac
a3752032-5083-4c20-9b9c-f887fc432455	22.076	fast
fe05411d-4e50-44a6-ad7b-4343da90f836	25.626	fast
d51d8744-9508-4be4-adde-3343f5308062	24.882	fast
3ef22c98-af2f-437c-bd8e-d23cd0f2d87c	19.202	fast
fbe01be2-825b-4d09-a8cc-347ccfab0e7c	15.811	fast
0166010c-a635-4eb1-ac0a-97e8b274fc04	7.847	hac
e1dd5317-b0b6-4535-af4e-0da205a06cb9	26.110	fast
d6f705f8-c2eb-431b-8379-6625a181755e	11.981	fast
326dd252-7901-4495-9f7f-50458dfb8a23	15.902	fast
636e9be1-578c-4b6c-8aa3-7bb00d80f3fa	21.316	fast
9257269f-849f-4b93-9287-d0ebffafe203	25.386	fast
02008639-d0d1-4cce-b437-290b1940e77a	22.895	fast
2b2b01c2-7320-40a4-9522-0b4026f490ea	10.004	fast
0c9c6dde-1e07-447c-8082-e423c7f74dcb	25.736	fast
9e9cc9bb-82e2-4839-8e9f-a3f5bfe7b4e9	20.948	fast
87b4cded-4943-4a86-97c1-d9f8390f6b9e	21.525	fast
c4eb6836-2a90-40bd-b862-952e0ea94a5f	4.949	hac
4a5b69f7-c00f-48b3-a083-ef4e2ccf2513	26.477	fast
65101d7a-e6de-4ee4-a0ff-c4b9a7280fd6	18.750	fast
7cac1fea-8667-4a3a-b914-15d9b5e579dd	23.576	fast
7ac4990b-b1f2-41bf-85ef-a37917e8ecef	7.604	hac
987f453b-78c5-432e-b0de-7c8de1f85e8b	12.243	fast
b0b90581-702c-4c4d-868f-6b7eeda8a7b4	25.941	fast
75049160-781c-43cf-be02-b157b2f2677b	20.576	fast
9a6cc07b-7241-41e6-9d31-96eacb3f262c	8.833	hac
45f11901-3c91-430f-ac59-0a6ad95576b4	23.347	fast
4b1beda7-f3bc-4eb4-9e75-041df66ceab8	6.036	hac
9c9e7e44-2b1d-4fe1-bd88-69bb1372d57a	9.671	hac
daa42c9f-1ce0-4f7c-886b-a37cbf0b64c7	9.089	hac
79d97192-ba76-4bb9-9fbc-86f60672cbab	20.273	fast
5fa2a553-2b9f-43b4-a5fb-e682821bace7	23.689	fast
2776bb46-9131-4c8d-b85d-ead298b7a06e	22.832	fast
5d45e290-9218-4f20-a48c-c85d6617647a	6.205	hac
f9b5290b-70d4-4004-84dc-41737be98416	17.978	fast
65b1599d-8089-4216-81d8-3ae17602b26e	17.778	fast
21e7c003-3a91-45e4-9a23-19d288ec3f67	20.310	fast
a764a612-89a3-429d-8f4f-b5b126e8d41e	24.074	fast
f2b9e7a1-164d-4a76-a81d-0e7af68aeed4	11.769	fast
c47a96d0-0f7f-4865-9f27-d1c4fc5ac917	25.610	fast
65656a9b-1d31-4a8b-b5d3-c53e04f37bc2	23.623	fast
ec0d2e61-b923-4e2a-a786-1537461458b4	13.285	fast
e8972c95-d0bc-450d-94b4-f88d9e79c58b	25.769	fast
6b8899b0-2315-4586-976f-e305948f15df	26.013	fast
b4ad7cf9-34e7-45e8-a933-975a45c3898f	19.954	fast
f1eb0c15-d275-4135-ae78-8069ff516f4e	14.687	fast
b1d691d7-df68-467b-821b-6d9bfb42562b	26.411	fast
cb02df0d-9d5b-443d-b928-c3b5dc81001d	26.466	fast
4de239b5-8d15-4ed1-aadf-4deaf727209a	22.033	fast
20d66e15-75b6-46b6-b129-29fc9f8b99f1	19.347	fast
e948db0a-84df-47f9-a634-83a0e5438a1b	10.756	fast
d3f0558f-a27c-413a-bf37-cfd4dee3db02	11.148	fast
b84d626e-e059-4b5b-ad76-5eddabe1224a	24.027	fast
f21522db-3881-4c90-a1ae-d1fe3b95ca31	24.127	fast
a9ac8d00-3e66-44f6-9145-123b6da12a7a	15.598	fast
7633c536-ebc4-453b-8e39-e868472925c1	24.616	fast
b5302b8e-0fc5-414d-aa00-7e33f30e3d5c	25.086	fast
cee341e9-80a7-4c8f-a5c8-6353d52b4eec	20.332	fast
55dede5c-5ce7-4418-929f-ab3f44779e6f	26.618	fast
9adaa4e8-81c9-42b6-8212-ec38cb745634	24.101	fast
6c864845-db18-4de2-80a3-89de1fa1b84c	21.961	fast
ed5aa783-41ef-49a8-bd92-5abaf59c5c17	7.656	hac
f99218cd-27b8-4681-bd29-5e1c37a18f71	20.138	fast
2a2e0fb9-2bd3-4273-a084-8c7364ff9ecb	16.432	fast
e543867b-6393-4b89-9d26-ed929e11b30e	26.270	fast
2452f4a7-17db-4709-989a-6f1a6d4398c8	24.291	fast
d51e09db-f89f-419d-858f-a40d9ece6896	23.716	fast
39e943a6-b38c-4aa2-a5a1-596d4e093dd9	8.176	hac
30373766-ddc4-45a4-ab20-404cebcfef78	26.250	fast
32d2a3b2-c4aa-4b45-82ab-e505a55b26ef	19.995	fast
1e4a1ed5-fdd9-46a4-8f82-721b3de2391f	25.087	fast
8acdcca9-c8e1-415d-8857-e8ffe019e23d	25.584	fast
dac2091c-35ad-449b-bcb8-c878451394f0	23.336	fast
ae60e24f-4f75-4eb9-954a-394efdf227fe	9.359	hac
bdf0a1e6-33b6-4730-b567-c4b8e4e7f80f	24.924	fast
5bd471e3-f6ea-4c3a-bc45-5a264ff30fec	7.565	hac
a9543e6a-6253-4422-8525-248854296e63	19.008	fast
79d86817-c53d-49ea-b1d2-7c24339f57af	6.867	hac
7a5a08cd-1c27-4eb8-a72f-209770821a12	24.097	fast
de05ace6-8933-4b0a-aa34-234c23b88ddf	23.633	fast
ce94272f-6f10-4f31-b186-bac71846c36a	24.639	fast
409a86a2-6f35-4560-9cad-ac72df858413	4.561	hac
a53aff59-c417-4725-950a-9ee6dd17fc56	7.910	hac
dc6546c8-8d23-48dd-8631-2878c74fb8f1	5.897	hac
1d683239-5ad6-4b7f-8ad9-951fdde80dc9	23.579	fast
f9d6aec6-de1b-440b-a02a-950e91a5a8ca	9.204	hac
e7ff704b-fa70-43d8-9d5d-0ae70f976bc5	13.280	fast
0177dbae-9f10-4d48-b988-1b9177087a9c	18.375	fast
68f6d87d-506f-4375-9045-5430463d0c0f	25.367	fast
404064ca-7ca0-479c-8f2f-46a66a10e198	18.549	fast
c890e67d-0e64-412b-8f5d-4540cca5020d	22.613	fast
dbc059f4-7ceb-44b0-98fa-48aadcfb91c8	25.420	fast
8331d682-3777-4b28-aebf-b1d8e661e213	23.683	fast
c0d4e5b0-dfde-4b8f-963e-402eba9127e4	25.500	fast
d383791d-253c-4224-be35-d410dff1e875	27.375	fast
fa5e2f8c-113c-40ea-9fc7-aa945d6cf67d	23.483	fast
1e913ce3-30d5-4a35-8c4c-7db48f2f710d	25.977	fast
0bd34962-d542-44bc-bcfa-f6f07eec25ee	21.198	fast
7e4dd9a5-71d1-49b9-a6bb-360c80a5bd60	18.790	fast
0bbfa9a9-f9bf-4ec6-98ab-bee3bb1f64f6	26.944	fast
53e25b9b-9bfc-445c-a70a-0fb6ece55ee5	28.428	fast
1c759d25-622e-42cc-8490-55b8f18a12f6	28.118	fast
16cab497-30a7-4b0f-824f-f6af88a6c20f	9.017	hac
271d8566-2293-401d-83df-85a8e4c6c3bb	21.314	fast
38af6788-7d36-4a1b-833f-209071b6f013	18.307	fast
8d1998fe-ee69-4227-935e-6343cfc86d06	8.081	hac
76735d4c-d14e-4ca2-b371-1ee2ac523e3c	8.857	hac
423d39bd-ac5e-46ee-b853-dfb6a683a249	25.151	fast
6b830e26-9a2a-45ec-b871-75bae0314fc7	21.523	fast
f7748cdb-8cef-4680-b9e0-658aa52323a9	14.796	fast
bb906e1b-223f-4b1e-9c25-9613ec68b31d	8.914	hac
04154947-e0c4-4586-93f7-2a0aca4bed72	21.966	fast
02d8c630-e153-4d95-a78a-18f361875371	22.934	fast
674e427e-d588-482b-b11d-4fadadeca2c9	21.686	fast
67b5cf03-6767-497b-8f5c-2a3039379ff8	8.452	hac
532a8267-d381-42f1-a1cf-c405902f35dd	5.098	hac
f5776e74-2e0b-4b42-b044-232c97f6db39	19.346	fast
3332f106-1193-4be3-849e-f4b0d3f7e6d3	14.650	fast
ff9da0b1-39cf-4cc8-b6e1-9fb80d885c2d	9.200	hac
1591b6c0-6b40-44fd-b378-bdcfc4c65a09	24.646	fast
724a3084-d8f0-46aa-b0a4-e07584d04605	21.544	fast
80095789-ef3a-4478-9f1c-80221d214e3c	24.340	fast
a1f700c7-1a9b-4e4b-a827-fdeff55ff0a3	23.613	fast
c337ba65-ce75-4f84-a905-10384ee19905	24.856	fast
9fd711f6-9646-4a36-bbd9-58b8e27fe2a6	22.285	fast
7447330e-f77b-4022-bb14-a1b28027bd2f	10.888	fast
1a960384-623d-4be0-9706-f4c46780bd0f	25.341	fast
0037182b-a0c2-4c69-b4f1-add9e99e59d4	23.266	fast
7854660a-0989-45ea-8f3a-8abfd64d8d35	16.230	fast
3979c637-2602-4a20-8030-e3566979b25b	8.206	hac
e123ce6e-58a0-4efe-8074-484b6b6f5315	5.865	hac
b824da19-17ad-4a36-b15c-cdf4690bfae9	8.724	hac
ff8ec287-6a2f-49db-a8bd-c3e33ba24ae6	20.786	fast
e9fd3577-f589-43db-b984-e9bc9c3e964a	26.000	fast
ce60bc07-7a24-4921-80fe-95d76d5d2f45	8.049	hac
0785d03c-b30e-4044-815b-c0ec68c8a293	24.897	fast
878a75e4-daa5-4a32-8bc5-889f4ce9671b	7.702	hac
d0df752c-74af-4ca6-84f0-54c0b0cdf068	7.421	hac
2cd01d3a-f776-4127-9ed0-082ea7cc699b	26.347	fast
b9dd125d-2ec0-4e05-8389-159dee882926	26.859	fast
bdb724f3-7507-49e9-ac58-095e7039a735	10.213	fast
762c3176-b42f-40e1-a901-3fe99bda29a2	9.141	hac
d31e2bdf-31cf-4db3-a32c-a7cc4ed73d92	11.361	fast
9e6300a9-e0e7-4056-855f-ead2a3f5eae1	6.896	hac
f051778c-deed-468d-9bdf-f6751e4ee001	25.248	fast
803123a6-aa50-422d-98a3-d267247a5ba2	20.876	fast
5e10acc7-b2ec-4cbc-bd73-b352700dd055	20.744	fast
899334c8-b4c5-4fdb-a9c3-714988aa1cea	18.055	fast
0401e63f-719f-4630-a0da-fdacf2e73be1	21.367	fast
9db984bd-68d8-40c8-b73f-417ac33c6f8c	10.714	fast
4ffcf9b4-b7f9-4272-bea5-843b48151190	18.454	fast
6ab8d8bd-e5b5-45cd-909c-2c49ce0b809e	26.026	fast
7e6fab90-61aa-4581-b03a-9c471702f4e7	25.295	fast
b0f35dad-019a-4eb6-a845-82efc3632a42	22.797	fast
19865b85-5864-44e5-a0ad-385f93331930	23.560	fast
064d7f7d-b5d0-4295-a5c9-06bacc5931f5	22.647	fast
cc6befa7-37c9-414a-b2aa-c8ae702046c2	21.063	fast
5325a880-0057-4dc0-a322-485ea2b6ffda	21.214	fast
efc822a5-b6c2-49e5-a9bc-6edcce793eb2	21.555	fast
7e29d686-e642-4d58-9af6-2da7f3119c4a	22.501	fast
098cd843-9e7c-46be-9c4c-866b6a80b9d5	15.943	fast
e502440a-1d91-4831-b205-f1f5bbea1af8	17.105	fast
497d5049-d393-4174-a608-ccc75408c448	25.060	fast
b213d04c-5d31-4740-91f5-d8de642c8fdf	12.163	fast
e23fc033-58c0-4bf1-9926-1ef940158d28	21.136	fast
a81c9602-f7f8-4f24-8fa4-55cf04dec163	15.838	fast
10b55ba5-d384-4579-9242-a3edabe6b679	31.862	fast
41c96601-18a8-4203-833b-e3e56ec651f1	21.525	fast
9843fc48-b3ef-4f1d-95c6-8916aa8abd24	19.404	fast
a2f83031-a77d-4cbd-8c8e-95e3e892c48a	25.802	fast
f914e6df-6818-4c63-aa7e-5fa7152b254c	18.180	fast
f48bd846-ed1f-4bed-9951-48d87153e70e	26.124	fast
2f0c7e3a-dad5-4cc0-aab1-e471f032518f	21.419	fast
3fc2fda9-36b5-4229-9e79-a3bddba239c5	13.575	fast
e1475def-18b1-4724-bb7b-c2fdc87312fd	16.472	fast
17f373de-e849-407a-bb28-490dc772dc0f	20.651	fast
1567a164-a054-4a84-a410-5ae6d16092e6	23.494	fast
058ada69-430b-4ab8-840e-8a504e7f9874	20.478	fast
e241dc39-111a-4c12-ac2f-9437751b1c86	20.835	fast
b0c59285-4f8f-44c3-ab3f-37bbd92eddf1	25.207	fast
0e2b7750-bd2a-4122-bb54-06b6e65b8779	23.923	fast
60632fbf-a1a6-4da1-8bd4-61662fa01c10	18.017	fast
36ef51a2-851a-4527-bb29-03ef49a6e067	20.482	fast
e5f5f06e-b11c-4400-b4c0-2f27e33f3d7c	7.994	hac
6734505b-fd29-4c8c-82d5-768824fa47fc	26.860	fast
94714fa3-9760-4766-965c-499b71d39335	9.932	hac
8951fed9-6db9-45c9-8dc6-de17c5da2586	25.796	fast
a688f748-2494-4e1b-9373-220e3a75164a	13.052	fast
e4b633b5-6eff-45fe-88d8-eb6794b189ba	25.745	fast
a8ecdfe6-bcdc-4dce-9cea-9e4953f892d1	26.348	fast
04ba20a8-2687-4f87-8ef5-168e0c86b833	23.747	fast
b0d87a44-9332-482d-ac33-84a8f7f44177	8.472	hac
ba2f6539-fc2d-45b5-9cf4-fbac9078d5b9	18.810	fast
ff29566c-ed46-485c-9aa5-5b749693103d	24.806	fast
6a8f0558-a2cb-436f-b20c-9728455bf3ba	21.567	fast
9d3f013d-627d-4f53-ab8d-0078f0416d72	22.319	fast
e4440de9-a9fc-47d8-929f-30d28b67b03c	22.809	fast
f37fce5e-ed2b-48eb-a118-5bedef3f5869	22.444	fast
bd159b3d-3384-44bd-91d0-5cd620b1798f	21.602	fast
403fedcb-d178-4f26-8f47-32c6c6379f3c	21.846	fast
e39c8edb-7475-43ac-88ab-d57026d28d05	21.124	fast
2893c9b8-4517-411c-9b7f-728914cc4fa6	25.427	fast
9a132765-7227-4a6a-a16f-350ceacdae61	24.406	fast
2e9a087b-f0ae-4783-9d2e-a507b35b3fa5	22.487	fast
30554de7-bfea-4cb9-982c-3d5339d53f10	21.874	fast
624a6467-4a2e-4068-813b-056c2b6afede	24.970	fast
d0a37c49-e70a-4df5-9e62-3b3ed7787ad7	26.329	fast
e0257676-2800-4ceb-a641-80f9543c1020	26.031	fast
b23dc805-6dbb-4450-8440-c7b83650e63b	26.047	fast
3c735883-4e2f-43a2-a4cd-046704662ab4	25.741	fast
20ce9177-43c2-4e2d-8914-fc6dd7b2ca15	12.718	fast
b55ebb85-d1ab-40ff-947c-544980c10457	26.100	fast
0cfbb5cf-7edb-412f-8cb7-f7884429b7eb	26.275	fast
da79acaf-c012-44d5-9025-51057248ec15	17.075	fast
ed4cfca9-fdba-4aa0-9ded-094552069c3c	9.357	hac
fdb5bc6d-883c-46d4-9ca9-ede361e6bd0f	7.653	hac
d7d59630-2b3a-4ffd-999b-82fd3b579a09	26.731	fast
3b5111db-1740-4169-9cb5-16d18e4b6538	25.442	fast
b7563f5a-2903-43f6-aed2-1d3fa84be7cc	19.114	fast
e1418b91-b342-49d8-9dfb-ee287a1d30c8	19.257	fast
194402af-7f94-406a-b2df-06e432a6a1e3	13.030	fast
9099d403-10e5-4bc4-b830-baca04374f7f	7.503	hac
e83e447c-a05f-4e44-a6d7-c08c7a49383f	26.163	fast
433ca77e-84c1-4038-90d4-4294b8a23cbe	25.867	fast
969933c9-2511-4891-9534-fa3f1791695d	24.756	fast
a2f4a847-8e75-4328-b14e-6696dc33a4b5	26.435	fast
dc005489-950f-4a93-ae08-2f33c15d4ba3	22.103	fast
ccbc81bb-c5b4-4f1b-b954-8e347a1d555e	9.511	hac
683a7d30-55d2-4466-8d80-44762687eedd	26.294	fast
7793eb2d-d869-4d0f-b915-0d24017a5332	25.397	fast
8e11a073-7b8a-4420-8d8a-38052920f625	8.283	hac
23b72b99-fff6-4622-a1c9-216d0b04a446	26.048	fast
663cb0cd-9ce6-439b-aff5-89fc654f24ed	7.306	hac
03cbc1e8-111f-4dab-be47-f90b218abaa9	10.855	fast
f71f924a-aa14-4303-b9fd-d27b269da874	24.671	fast
2e004e50-41e4-4d79-b712-bf57a338cc6e	10.095	fast
d2099e0e-1b44-4675-a962-18ef434b15eb	24.268	fast
d2c32ed3-05f8-4548-9f63-3c1107f3920e	25.245	fast
53e46099-11dd-402a-9e95-a9d56ed4693e	22.174	fast
630858b2-ab01-47d2-8a90-292b621f87a3	22.387	fast
ec95e3de-aaab-4d2d-89f9-4f3f8c717d48	25.103	fast
c41ab8a2-692a-4074-953d-a05e423e7b62	27.225	fast
a83a14d1-9b96-417e-abe5-5c58e9ff4ef8	21.300	fast
89b3823c-60d8-4185-b1c1-8acfa5eec3c2	22.933	fast
6ca77d09-05c8-4c60-968d-374edc0e38dd	6.888	hac
653017ba-5725-4d79-9090-c6c01598d4d4	7.352	hac
04430ad9-494c-432d-b01b-16787a30491d	18.452	fast
cd339190-4c28-4010-aeac-93780b339f62	26.049	fast
3bb8411b-c476-453b-9b3b-ff2a726d0aeb	9.970	hac
9e688216-39f3-4de5-9382-d64bff7df01f	6.829	hac
32c9c01f-af51-4fb8-869f-2fca0a25e007	8.012	hac
243b570b-54a2-4993-ba9f-0bd40ce418b0	23.036	fast
9a76834f-379c-4048-b0ff-a4568464f83e	19.970	fast
c4eb0e7a-0893-4017-84d5-b2767dba838e	22.109	fast
83ec8ec1-3ec8-47f1-9761-f2c415b9569f	24.510	fast
37790839-c411-4488-b7eb-ab045be6e140	19.551	fast
cc3a4a79-394c-456c-b6f6-d6696e945ee8	26.018	fast
4c1d2d2f-6b13-4e3f-99e0-f5cf69c37c42	26.346	fast
0aeb6fe8-a259-436c-98d1-e7fd0273511f	21.992	fast
927e5024-4cec-4ee8-937d-eb2106623620	22.356	fast
bf10f64c-d065-44cc-a031-4a1cb6fcb130	6.637	hac
3ef2ee84-0a69-4d67-b619-a58d3ad162c0	21.163	fast
5018e488-f67e-4deb-8245-424ec4079917	24.426	fast
1e80edc7-74e3-46ef-b8a5-b01f86d01c08	23.009	fast
d6d9311d-ebf7-41a5-ab50-5b6c95a9618c	14.614	fast
737d61d8-df32-4c4b-8e8e-50dda21cff10	22.824	fast
80a64b1c-c985-4cd6-a851-b8390a212d4f	20.184	fast
46d4d256-5493-43d7-9176-b37adcdb9426	10.294	fast
e27803bc-35ab-42e6-899a-375f32de0cb5	22.272	fast
953f7c03-711e-4b0b-a31e-0a6604d2fd13	27.063	fast
11d595e4-8dc8-4c8a-9617-dd94472b6aaa	15.738	fast
e3a271ab-d8bf-4507-9004-663c70e6d706	7.532	hac
07050f7b-a22d-4bb5-9862-9a78a23d772a	21.857	fast
50c1906d-2343-4062-b0ac-3783b1aa002f	25.172	fast
deb3f27c-0778-4fd9-bcfe-0441e3e198d7	5.384	hac
62513533-7538-4d63-bb6c-43926a36233a	25.340	fast
16557de6-716b-4033-baeb-e02d51351936	25.523	fast
6a0cff2b-fa68-4890-9f64-ceff28cf5e8d	24.393	fast
32ad6869-0cfc-470d-997a-103fa46b6712	17.870	fast
53586aaf-41ce-41ff-abf4-45680183d9e2	15.187	fast
364d25c3-fa96-4f30-afe3-92881b384278	23.358	fast
33382155-2c6a-44d9-b643-ff88e85db3a8	18.204	fast
ae393359-7e51-411d-834a-aeef0d6a7cda	26.895	fast
4170ce35-3758-4360-a3d9-bfc8b950f278	6.539	hac
0f2e141b-6fb9-4dd0-b8ee-ad1ea3093ff8	7.083	hac
83717314-3616-4091-84a2-cb2d8f2cf824	23.967	fast
1f5aadf5-b09a-4727-871d-c9cfc9231ab2	22.347	fast
fd238657-0d5d-4ecf-9608-c3603b0be63e	22.912	fast
c4a3a305-80aa-4ac3-b1e3-05c2a41376e1	12.811	fast
6f3a5a6d-8264-4b10-9e5a-3a6f2990c1e3	21.827	fast
1f728aa7-765d-4304-8f57-1af3c1d301d8	21.098	fast
cf1f592e-c96f-4f15-b19b-a7f717fbfd12	7.334	hac
3d1f1656-f658-483e-8424-da1e04628358	28.668	fast
ccfd80b1-6e2f-4312-8476-594b93d93fa0	27.114	fast
11b58463-a473-4d34-a25a-e0ee3e5aed5b	9.415	hac
7af0aceb-aad8-4739-8b63-1b03aa3cf4bd	8.792	hac
ada981f6-08bb-41f9-afec-075ee7144817	9.233	hac
a1b78cda-68c2-4f4e-bbc2-0e987906129d	24.505	fast
36d5836e-3282-4084-8af9-3f836bdd1cec	10.075	fast
be99f699-6f32-45e3-8b66-262c9d3e1cd8	21.570	fast
07d3b235-b114-4d6d-a70b-74e844378f15	28.904	fast
55aeda44-92c4-437a-a5c1-170f072626eb	23.213	fast
c3a531b6-eb7d-4ab7-a690-4a8ce6b451a2	4.440	hac
4536ea7f-a29b-418d-b7c5-a571a9237817	20.539	fast
dcc8e0b5-fd2e-4505-bee6-a95636f4b2a5	25.545	fast
cfc83352-a0b1-4a92-bdc0-fa89c97623ef	20.121	fast
6d2697b3-f09d-4267-9abc-dfaab1c25856	19.140	fast
03dc218e-84ad-4fb6-8cbf-c2c035f8d91a	27.076	fast
7739337f-714f-4e05-acba-23633201eb70	26.606	fast
d76a6623-ef7d-4ee9-887b-3574902fc58e	24.867	fast
44410f56-6559-4b6b-8870-7a136eed2fe6	21.053	fast
aa59c371-f2d4-4c4e-912e-b6a7da7851da	25.557	fast
d99b10a1-c27a-4716-ac28-3625f700809b	24.839	fast
bfdac29a-ebed-423b-ba9d-4c3955f5c00f	21.199	fast
b6e4d6e5-5e05-4117-a41d-282b731b4f54	23.916	fast
6f60700a-209b-4499-814c-35da97022b15	22.837	fast
83756bfd-81c2-4c2f-8d02-12a8f00c6190	25.001	fast
a5b155ed-cfe0-4be8-9f0b-fb55f873fe25	26.786	fast
ad5dd4af-0a31-472b-81b8-4dd1f069a6e9	25.962	fast
915be210-38f1-4c13-8d44-11434dad54bd	25.313	fast
edfb639d-a74c-4d62-bb4a-25fa96c3e742	24.534	fast
3505180c-26a4-4817-8d99-f3fb3f28f1fb	13.292	fast
9fe28da8-5da8-4a3b-92fd-e2119bccfb11	9.622	hac
91559c38-b01e-4a71-9aeb-232fa4463d14	7.853	hac
44f50f36-26bc-43ef-ae94-7ca3b634a362	20.468	fast
91c7b01c-1a02-4733-a8c2-4e270a568208	15.796	fast
759e70d3-a733-4c9b-928d-0b87da8abfad	8.957	hac
16812510-c5e0-40a9-93cd-9dcca2de2e29	16.733	fast
ac648ae6-456e-46d4-9aa6-b679b7d4acba	22.166	fast
5e56e466-ae08-4af1-af4b-d2e125686eb6	25.464	fast
fdf44d82-0f90-41c9-99bc-e196cfa3c70c	20.538	fast
4bbd861f-9eac-4030-8710-0525e7f8b3e0	24.942	fast
1ff7fc55-ea96-43af-9bce-dffacece7a5e	11.307	fast
5578dfe1-ce36-4c90-8f6a-c6d8861ba489	14.427	fast
733a54ad-6271-4195-a102-4b36760ce37d	24.710	fast
0f6639c6-4337-484f-b505-94371c16792b	26.766	fast
3e9fe9f0-b19b-448b-904f-2ba4d61dc88d	27.379	fast
f9073089-b007-421c-8355-da416def9d02	8.651	hac
0b4db330-0f36-40d9-bce0-1e6c81a0124f	20.938	fast
495d9dab-f1c0-46e2-90c6-1c32b6bcff7c	25.493	fast
983f650e-450f-4ce2-b6d3-1707b3fbd62e	15.446	fast
a2b602e3-9b6b-459c-a093-716e3d196584	26.320	fast
f0d4c644-09dc-4b49-a2d1-4e1804ca4dc7	24.632	fast
8e9c31dc-a12d-4601-96b5-3186d0681fee	27.451	fast
89b6c531-a061-47b9-97d0-0ab3da42db91	8.438	hac
d3c94196-66bf-4c41-8bec-a44c8763f128	17.836	fast
49ffe9a8-7a8d-49ee-9495-15196dddc5ed	20.226	fast
b3ff3a73-91bb-4040-9084-f291b9d9c836	9.720	hac
e141c9b0-f5c2-4f53-8cae-8fd7cf01ad92	22.858	fast
4920b907-265c-47e0-82f7-0aadf575288b	25.519	fast
67fa1cfd-167e-414f-b59f-4b38c7d52db2	23.233	fast
6ad4fd0c-e7bd-40b3-8bd0-4748643af04b	23.979	fast
f174484d-dd07-4428-b835-00666351c060	9.615	hac
87d3c8db-ca38-4c9d-b3f4-452c7f01c277	21.857	fast
783731fa-fd87-4c93-839e-f5be73934fe3	27.360	fast
d74044f0-b0e3-4465-aa6e-a34c71aa5e25	18.903	fast
295ca9ff-ad49-4029-aa29-f4b4f3457e49	20.273	fast
e3a82363-91d1-4a84-99b8-949378e2ab33	23.627	fast
072a4054-f367-414f-b30b-14cf1a07345d	28.231	fast
487f7daa-0bb2-480f-9077-5fa7ba2d360c	11.155	fast
7e22e159-356b-4ac9-b200-8c234986f004	24.553	fast
fee03deb-a8d1-42d3-840e-a779369500a3	22.888	fast
8712a3bf-b1e2-4c61-a4af-120d3341e45d	14.044	fast
c6ee4b52-9231-4232-bb13-d9ae29505dff	14.967	fast
2037df46-6b5b-41e0-aa59-98d01f8dd0b7	27.123	fast
bcc9e807-0f62-4953-8fd4-99a33adb4367	10.925	fast
e093e371-1c49-4af3-b0aa-6926013020fe	9.368	hac
f942c8ec-c7d2-4e7e-a56e-7c45e64f8ef9	9.027	hac
de4ac2f1-452d-4a32-bb7a-1a375285155c	24.269	fast
6d2be1e8-98fc-4e23-b61d-6db352570f88	23.547	fast
5f952433-2e5f-47d1-917c-54da879ce5e9	10.644	fast
93d75ceb-f297-4d72-878b-a226d67a59fa	18.805	fast
96dca136-b836-4daa-9b9a-f9d7ad70bfd5	15.199	fast
29e16328-f069-4550-bb5e-e89f338aa995	7.267	hac
c30ecd49-02c9-4b0e-8816-bc72b186195c	16.621	fast
c6469639-596d-4208-8cc1-0d2fcff5e102	24.910	fast
241dffeb-3d5a-4822-a758-e8cf66684d20	18.230	fast
49acc238-545c-48c5-b9c4-d79eff943d7d	21.442	fast
a4332460-623b-45d7-9ec9-3e0a79bbf58e	23.191	fast
7326b636-4aea-45a2-a73c-e0c0034e261d	23.155	fast
637381ed-d086-4a12-8eaf-386339cccaae	24.666	fast
512f2e5f-6a94-4daa-8332-ff4898a8677b	19.844	fast
8ccf636e-369a-41b0-8708-2c7b5319bf07	24.959	fast
0ea58991-e05f-4f29-b57f-ae87e41edec5	12.775	fast
7b0de8ec-7cfa-45c6-9173-103f152bf7c4	25.464	fast
95396e2a-c444-4395-9f4e-dfdf50295a08	19.472	fast
ebd94bb8-436a-4d5f-b83c-d203aab6c382	21.155	fast
06165f27-b95f-4507-8cd7-22bda4efb767	27.436	fast
93f65867-b025-4aaf-bc54-532094cc555d	19.709	fast
2294cfc1-78cc-4e0c-b8cd-96480a6e5734	26.162	fast
add69c86-1b73-4aa5-acad-a053696519ec	21.384	fast
9b7ab54b-82ce-444d-9516-c5c46708a9ee	24.701	fast
ec87b6e9-9ccd-4ed7-a962-9a9230122677	19.070	fast
048b43fd-8b80-4365-acab-f02578af8d70	25.193	fast
0b3235a4-0e23-47d6-bcdc-b299636ed6dd	22.585	fast
d3ac259a-3661-44be-ad8a-b5f91e336c74	22.438	fast
e6c6021e-9810-4874-81f2-7f9c33bd7d23	12.159	fast
9400322f-cfc1-4ac7-961e-1392fa65664f	14.036	fast
769289c1-b1c6-4474-971c-39f080b4d89a	21.188	fast
0d670ca7-8d2e-49b1-9437-bf705a253f03	18.712	fast
fb5637b8-a62d-44c5-bff0-8f107477be73	21.875	fast
40134a56-75a9-4cd7-95bb-f26212ab96c5	24.007	fast
bf8827f7-5fbb-45f2-818f-e1474854190f	21.291	fast
e71a1d8f-3cea-45ec-8e80-4733fa6fff19	6.245	hac
105d8bf1-8c0b-4756-a59a-79080c2baf25	8.165	hac
13b98df0-8df8-4fdc-a690-827b804b6a08	10.246	fast
c99ef8ac-6ec6-4dfa-98a5-abd3ce9c5061	26.421	fast
68b74efd-81e9-4117-81e8-9b092e39af65	18.144	fast
71592cd4-8218-4816-bc74-c11858a537a9	14.667	fast
6b84deca-03f4-448d-bbbb-cee4363246c0	23.526	fast
36754a8a-dda5-4066-82c7-d6689a5104cb	22.998	fast
80d7dd1d-86ac-4353-9530-15a60038c57d	25.670	fast
80cdd034-a069-4b82-8f26-0862849bc69f	20.321	fast
0616db3d-4efb-4f21-bdf5-aeab2e4ac133	21.160	fast
47d95717-616c-46bf-9679-d61bfbc3b431	8.298	hac
dbd851ef-af7b-41a6-99a0-40b08cd2bfe6	23.150	fast
67ea3e8a-d4af-4456-808e-25fed03b5b95	24.521	fast
da4ec86a-448c-4f9f-aba1-c2673f355ffd	23.995	fast
2ff04e82-a5f8-42e3-a23c-39da42f8031c	25.407	fast
11db096b-cae9-45cc-8844-9db3df91e0d3	9.626	hac
e55ed8c1-03bf-45c4-9a6d-324f48a89020	23.336	fast
3ac010be-9467-439e-a83a-311e4c0440c5	26.561	fast
3a870510-796a-419b-bcbd-3ba34342c779	21.333	fast
6ccbad23-374d-47a8-aaec-7ba219f192d5	8.031	hac
e05e4609-80fb-4d20-8bad-9a4f4b5735dc	17.123	fast
65588b80-0f73-4333-93ff-7a947748e939	18.264	fast
d35762e1-c89f-4dc0-a675-2302bfffdc01	23.323	fast
46643159-4117-406b-b6e0-bfd2d95d7223	19.803	fast
5b79dbc5-be6f-422a-8205-08899c4caa55	21.511	fast
4bed0ae8-2118-4489-a3fb-081c71fd005b	23.890	fast
96ecef44-d713-42fa-820e-4f7a9a201e2b	15.159	fast
0a5cf485-cfbf-4ade-ae96-182d7631b192	9.253	hac
ba23be03-edc6-4a45-add7-89ea2ab52aa4	23.971	fast
c00d8175-3a71-4a77-adc3-5441d6bdfabe	16.987	fast
2b8a5c55-7804-4477-b326-4b36a62d6847	23.748	fast
b2f9e516-43a4-4e76-9494-3c9be0754827	18.553	fast
284ad602-6e80-4fb8-a2ed-b9cc2794f71d	25.305	fast
b1a1158e-ab9d-4aa4-b0ac-7c3a9c7aadb6	9.152	hac
c93e40bf-1dba-43c7-bce2-0de5c35e5741	22.564	fast
9e4b8a5f-3f34-4b66-b2ce-8689b94a5c81	24.762	fast
36e8e092-8a79-4d78-9042-4211e277fd4e	10.482	fast
087aa521-1316-4866-a942-a8f1acda0a73	9.634	hac
097668f6-4f36-4f8e-a1f3-331979fa7249	21.579	fast
161a7e84-7f84-43ee-8a75-ba708b4a1978	13.432	fast
2db153d1-3d67-4373-abec-a92cab796568	25.483	fast
5de2a866-e942-46b4-9a12-6724c681b32d	24.421	fast
730eb414-c22c-41dc-afb7-09a3577f3c74	25.138	fast
c4b1db9b-36dc-4140-b952-3d2981a62aaf	4.852	hac
2d42fc2e-d8e8-4f17-862d-75780e068cc7	9.836	hac
6a3eb1e3-ab60-4fed-9a88-2b67a524df14	27.069	fast
425999a7-d3fc-4d84-bdd0-99204442c65b	25.736	fast
feb76d74-4e4f-4701-9aef-5ebe4cdf9c1b	24.041	fast
4b825aa0-505f-4cc7-a5ff-f265c9a376f6	25.264	fast
8cc85aa9-f36f-4ef0-b6dc-1c397fdc2482	25.675	fast
ac334528-88d0-42ea-90cc-bd4f484ba44c	26.498	fast
40d35e40-ba22-41fa-a225-8ebc0cb94788	8.781	hac
9d105343-425d-42cd-970f-082651cd4b23	23.649	fast
1b60ba74-2984-4115-a0ca-d83c93db4b88	21.439	fast
154342d4-756e-4a8f-a521-5f151e1fab41	24.820	fast
acabdf68-1a56-432b-8288-51a48fdb0fa6	9.322	hac
49ee02ef-0836-4076-a454-8efa9dae182b	24.321	fast
cba6f9d2-5c3a-4471-90a8-350c4be633df	24.794	fast
806045d6-56c2-48a7-920e-2866bcb2e954	19.466	fast
b1e8268d-6a19-43be-81cd-07da3125782e	29.053	fast
8e15c3e8-5906-4ffb-b42e-27471cdf57e7	10.895	fast
48eeb775-3960-4cbb-91c7-5bdd3a04190a	9.532	hac
ddcb61c8-74db-4597-a082-ddd9aaecc152	21.134	fast
8adc0608-a4eb-4632-9f2d-eaee5a56a255	20.118	fast
284ab97e-143c-4614-a67a-05bbfbf2fd30	25.742	fast
5a7eafd6-a693-4227-908f-e36aa6ba6870	22.544	fast
1d9dffc9-ba18-4238-aaa1-dc28a1edc520	21.159	fast
b4c08a75-cf89-4776-83e6-7223dd613e78	25.112	fast
e501ebf5-2511-49de-828f-e83a4c277855	26.123	fast
eb48bce8-e73a-42e0-af7d-aaf39de5d332	22.410	fast
8b5c2ee7-6d57-4c42-a5bc-5b516a315f0c	23.932	fast
06117c8a-e1c3-48b8-aae3-fac75f5037aa	22.953	fast
358f154e-51db-4613-8c70-e0c28eb552a0	3.684	hac
79f2fc04-e055-4c77-9da4-49f8f092f04f	21.769	fast
043bd67b-e126-43e6-ba11-8183cf35ac38	11.724	fast
32aec9f9-e840-4a69-8a9d-29bfa6ac32f3	4.367	hac
b0b64963-b104-456e-b79c-f0d9c2f4b222	26.296	fast
18036e23-d3cc-4660-aa30-cfaadbd11818	26.602	fast
30a8db57-6726-4302-a788-7a879a671528	26.877	fast
689866df-1c8a-40c7-ac01-40deb59febb2	23.117	fast
d8114f64-5025-41c5-be2e-c4920c93d963	23.502	fast
380d2373-4912-4370-aaf0-b553f4daf958	21.379	fast
60c0df05-9c80-4a0d-83bc-889d780ece14	21.578	fast
bc43f0db-f2c2-4284-af9e-a4b5e1e13a6a	19.201	fast
e8d5dfd1-afc7-45f0-ada5-ef8398ccf202	24.188	fast
f57bb75c-02a1-4dc7-84aa-5e88fd915ecd	18.822	fast
c3a40d5d-f105-4641-9a71-c0826e629fff	23.083	fast
8e8a2efc-e745-4821-a4da-04900cfe8541	9.594	hac
8c95af53-4f47-436b-8dd0-c1c608ba4aae	25.705	fast
dfe23d5e-19e2-41ab-8324-e88ebd6344a5	22.024	fast
b40d204c-1c04-42f4-b25b-05552bd2b152	24.120	fast
477d32a7-3345-4c3f-ba5a-28351ee887cb	18.073	fast
7475e26a-2f6d-49cb-86c0-ee878c856601	22.088	fast
e1bf31ba-1876-480f-8c68-c24b6dcc1e68	25.025	fast
599b49a2-fa7e-4f52-b6e9-3170665dfa64	22.610	fast
95f945cf-d55c-4475-8671-1fcb95c112bd	21.471	fast
a358fc77-4152-40bb-891b-403846256814	21.020	fast
231acf9a-9e77-4a8a-9b07-a503344a1cc2	10.523	fast
54968e18-4089-46c8-a38f-3412b343eeb3	8.825	hac
29e7147d-7035-4ee7-9736-897c331a44dd	6.919	hac
59cb827a-2a64-4d39-a03e-3c6a0c811e83	26.556	fast
e93d2c2a-1e6d-48c9-8ec9-27be9cd4eab5	8.902	hac
26f546f8-62a8-4d1c-8e81-5bc9433f7991	21.227	fast
5776b2a8-f365-4350-a4ad-09552cbb4e93	24.197	fast
dbc9ff3f-b16a-4225-bf72-ec2ab4dae3b1	26.543	fast
9cbef307-f4f1-4977-9b29-cbbe2e885194	22.467	fast
581b3c5d-fd60-410f-8e30-9fe68b305164	21.732	fast
23c58b15-783d-4e23-b957-d6ae89a34d3f	23.532	fast
e1eacc61-0cb6-4db8-9aff-5fcb1f473f3a	23.885	fast
0d450e60-94a6-4002-9b96-e1227675630b	10.212	fast
db01a463-a37e-4ac1-b27f-6fa1f415c0b4	23.976	fast
77efad28-41bb-4359-bd11-b1fac2ffd3a9	4.200	hac
8f2c0c0e-fcf5-4386-962a-ba27b50ab5b7	25.188	fast
9aef93a8-3610-4453-b925-3b41bdf02a6a	14.015	fast
b63b9273-f84c-4b84-a8bd-7af5d3753264	8.303	hac
d175962d-5429-4213-ad05-9ff6bd509061	24.704	fast
6cc708c5-b009-48ea-80aa-dc234231257c	22.744	fast
a2f58eab-db38-4c9d-9761-d70376576151	23.080	fast
825ef266-b5b3-4a9f-bd16-4ae1a535cd18	19.700	fast
33e92e25-f3f7-45e1-ab9d-c815e9853adf	21.347	fast
594cedca-5f84-4e23-8627-ecbf8e770b85	22.624	fast
ba3959be-506b-45f6-adf2-09bff1e980f9	22.933	fast
807d52cd-47b0-42f0-8da0-f1f1c7fa673b	25.885	fast
4d0cbfac-aa90-4bb8-9111-765093f74ec0	24.103	fast
7151a265-17d7-4b1f-8903-d6828b114335	23.786	fast
3f70ff1d-b598-43fa-8ec6-93930dbe22d6	26.292	fast
54458615-4731-4a2b-b22f-1438f9968670	18.400	fast
c39b435c-84b0-4b34-8dee-c5dd22740cfd	6.607	hac
3b205e4b-6290-4e3a-bde0-cc2d285defe7	19.633	fast
04f44bf6-9777-4137-b66f-988217d1d467	22.713	fast
337dc1d3-6724-449d-8789-0dd9ac5d4ad8	24.642	fast
a6ffd390-04b3-4e7c-9bea-74555b2d9430	25.633	fast
927f69a8-5ca6-460b-8054-e76265e8d461	24.069	fast
5abb9cfb-0fa9-42b3-acb2-332d63d9ae7f	23.038	fast
886c0e29-f54f-48f3-8863-2841f9202197	22.610	fast
2ca3e7c0-c0f1-4809-a8b6-f94bf87262fc	20.583	fast
98248316-e01e-4c62-94e6-f027f6be68c8	21.132	fast
42cdf22e-ebf8-4b4e-ba47-458483e49964	8.874	hac
440e2aca-da50-4083-94ee-3e3d48fc46cd	22.150	fast
4e25e1df-1933-4e3e-aa7c-7687cade6838	10.539	fast
03af7316-8327-469b-b754-bd7a03fdafca	9.197	hac
9532bad7-45ef-41fb-99b7-1b7bcfd2fe1e	9.732	hac
53d0ffd8-b533-4326-bdde-4a69084afc74	7.966	hac
294b5178-b7f1-4b61-a7ad-ba977c863f4b	25.675	fast
41df8915-6661-4729-8490-3b8e45ee6b2c	20.338	fast
adbbe0bb-356f-431e-930c-b0b5d682cd3d	7.429	hac
0b895aa5-f013-4cc0-95f7-27e218b7ed1a	23.675	fast
d62427fb-8465-4074-8f1a-8a892fc5426b	27.433	fast
c4cf0882-71d6-49e0-b696-ee3ab55de2e9	26.372	fast
a0aabd9d-9d34-4bb7-b663-9b46147b2f54	8.056	hac
ceb09352-0292-4556-b209-96c16829b5c0	21.790	fast
0d2db2c9-1f8a-4b55-bf75-4b0da2447100	25.089	fast
57f4e1ac-48f1-4d29-b012-efb4a0090f4f	25.939	fast
2c3290b9-8d59-4694-9186-0beb5b290792	7.462	hac
014beb30-2801-4054-b985-480de7487d7b	21.048	fast
71325fc0-6144-49bb-a02f-dee3d3d53733	22.325	fast
034b85e4-91b6-4275-b230-ee4759608310	24.011	fast
64b12eb5-a20b-4a5a-a8e3-7c31e56f9c9a	25.118	fast
28b82507-7515-4ef7-9dae-e5fafa893d32	21.810	fast
6298d89c-d13c-44e5-83a2-ebb1c04c117c	14.909	fast
a393b9fe-101c-4d4b-87ba-a81ee73afde6	29.596	fast
f9d1b8f4-8ccd-4b99-a787-0b83dad40444	24.640	fast
f497834a-8e48-465b-aad0-9fef45b82f99	20.860	fast
863cd394-9c32-48f0-ae65-2feecb769fa3	21.810	fast
6e799190-cf44-49f2-9e8a-d83e114ec41a	16.327	fast
e176c57c-1d90-4ace-8376-1a7dbbe32dad	25.443	fast
d846ed58-47ec-4100-b105-d901a7a72162	25.334	fast
b195654e-a15d-46e0-a304-e03deb1d3700	25.221	fast
65c6403e-17f3-4f36-98ac-a3d53f124447	22.415	fast
ee1bd40e-5f7f-4dc8-8f1a-31d68c924505	21.675	fast
4dc24753-9365-422e-81c2-b86e6991dc39	15.132	fast
19b4dbbd-19c7-4006-9f98-ed6889039063	25.193	fast
3d454d2a-3e51-4cb6-9690-f6c9c95dda38	24.973	fast
0769617e-225b-4ccd-8e74-4ea571364352	25.768	fast
025abe43-e50c-4cc0-8f22-bd1c267c9868	18.348	fast
4efd00a5-897b-494c-a801-c98824735c96	21.704	fast
d8a70b14-0a98-428b-9002-4b3161911beb	26.172	fast
6647bca9-fa1e-448d-9541-35a76fa0709d	24.733	fast
98e57406-4d46-4423-b8fb-93353e05475d	10.040	fast
4891175c-b37c-4934-9b07-c61da2804a14	18.825	fast
9b84ee5f-aede-457c-90fa-d40dfd0d3da8	24.030	fast
10e9ed23-3747-4ca6-a883-737a2933e57c	9.142	hac
c10edcea-e7ee-419c-965f-601ed675c3f8	17.403	fast
182d4e92-7412-4dc7-af56-9cd90fbb9bca	26.798	fast
e416a0ba-08e2-4c52-acab-67e04b8d995d	6.320	hac
bcc188ac-9376-4b49-bea6-20d29846a913	24.005	fast
ff3cbf32-8e0d-415f-b2de-62637723a60d	27.930	fast
4b7e3922-a374-4291-ad9d-6d2363462189	24.665	fast
3f8d9028-2d1d-42bb-9ee2-5e4639aced00	22.912	fast
048b3f58-7672-453e-89fc-2852a07dd711	5.050	hac
2a0635d6-b41c-40dc-b7d9-ec47c23a3957	22.891	fast
cbce4f2d-6675-4029-b958-b4f735959eaf	17.943	fast
f8a3d909-dfbb-4ae3-abbe-07cbdd2a2831	27.709	fast
cccf4d4e-b690-4404-a4ab-7eda61cf46f9	8.551	hac
b7606da9-f150-4dbd-8e7b-6b9c528e5399	6.992	hac
97f649d9-03eb-4cdd-a935-6e81e3246aea	12.308	fast
ed8ebda5-1843-4cb0-bd0d-ba5a7d92cd4b	24.083	fast
6318dbdc-f6b4-4b1b-abd4-850a02da0593	26.701	fast
ee9046dc-7911-49a3-ab96-9128fb0caef3	20.902	fast
19b8ea79-2008-4855-b8f0-5a92881dd629	23.605	fast
899a934a-1c0d-4595-8bbf-90737ecaf850	21.551	fast
b23344f7-7498-48ab-b8df-2770abf34cfa	19.178	fast
b1e9955a-7e9e-46b4-a9c6-9bce3c5db60a	13.592	fast
4f205621-921b-4abb-b507-d3958a5ad46e	8.747	hac
e45d6be6-2d13-48bd-8ac9-2bf4609a4acb	26.792	fast
33f210b5-f190-42ce-8fd9-503b20195bce	12.733	fast
5bca556b-809b-4288-ac5d-60ba13957153	26.708	fast
bf6934d9-a346-44f0-ab87-771e3d86f5e9	24.764	fast
ece6c3db-559c-4705-a7b4-c63e6ae8b4f5	13.408	fast
aff5489f-e8c0-461d-b9df-243389fd494c	30.099	fast
7b9cf6a4-e1ff-4246-9a6c-64530c048057	14.290	fast
1bb6ccfa-c9c9-4d38-a4bf-d3665e0d0e4d	8.130	hac
7c0cc062-ff27-4f9e-ad85-114d2527271d	9.364	hac
8da3bfd2-d8c6-4605-bcb7-a59f2a32467c	23.766	fast
8368f74e-52d2-423c-90fe-b4c03c781e42	7.937	hac
9df7327c-b010-4952-9205-83f9c7496f20	25.453	fast
794d0a0b-8fb9-4f16-bf2a-3b7d1ee5552a	7.758	hac
f3cea1d3-5fba-4050-aa9c-9f8379c04bc3	19.142	fast
3fac024a-35f8-45aa-8b1b-ac1fb6b42a2e	16.326	fast
0baecc07-cb85-4564-9ad4-14cffee50a1c	16.941	fast
89586b90-f752-42d3-87eb-8c54f0546b78	22.321	fast
253c8d80-e4bd-4a1d-a528-4b606d72d87e	22.992	fast
09e517ae-d48c-4448-ad3d-d6c89f93e0a2	21.479	fast
9c3c8c05-19ce-4407-8e24-33b2556d7077	25.695	fast
24df0290-be74-4e73-838f-6a3fdeffd8e6	8.474	hac
8e420276-51e5-408f-a278-ae3ec877227f	22.375	fast
75d428f5-3e23-498f-a398-034f61583a27	21.525	fast
9533d79e-5957-4aac-a47d-2521a9d58aaa	27.378	fast
d739d4c6-1e8b-48db-afa1-54302327bd32	25.648	fast
a31a1946-4896-4d0b-bf01-979264616544	26.158	fast
b3f9e091-0742-4288-9449-7a335257b7f7	21.553	fast
0dd84164-df54-4659-8704-092fd5e39c54	20.042	fast
5178c62e-1457-4cfc-bf3d-451f2fa410ba	25.466	fast
aded994a-ceeb-4fa6-a1f5-f91e2e314c2a	18.193	fast
78810bd3-fca7-484a-a7b6-6ad4b1710aba	24.982	fast
73d43a64-41f7-4191-87ed-573869753f6d	20.956	fast
7fe11b1a-d380-4121-9c50-d70289553bf8	14.491	fast
47ab48a0-e2ba-46f9-ae56-137193a8cb94	7.331	hac
2cece36d-5c94-4e42-a1ad-dd26c0a56cc6	9.537	hac
ca7c9fba-049a-4cc2-9a4b-810db73e1ad1	21.771	fast
2e26d534-4409-4ce9-a9d2-93844d23da2d	8.826	hac
9473afe0-b151-4448-a545-93a95fbb79f1	13.717	fast
f457fe4f-8ba6-40ae-8fe9-7a7fbd6e8fc1	22.019	fast
40bb8816-cf6b-4683-920b-70369f389925	24.776	fast
4519cc31-65db-4923-a96f-773dc356e256	21.712	fast
d86cf507-2a3f-4163-8aab-ac07a051e3c6	25.118	fast
26c84179-2399-4a34-9d17-4fcc9dd56499	29.148	fast
12c85519-ad2a-4e59-b3d9-0e8f63c3f23d	25.144	fast
81f2488a-57ec-4908-9a07-8974c6b83b2b	21.505	fast
0068dcde-8ee2-4ffb-941f-0bd2ac5016ed	23.387	fast
35cd1072-f323-4fe4-950d-51ad67a3a3ac	16.967	fast
b7c1b594-e3fb-4bf8-8a64-f23ead5a907a	24.384	fast
440e50b4-8be7-413a-b470-d28a83cbff5d	19.163	fast
0ebd14aa-337d-45f1-8aa3-8fb3cfe736f2	24.941	fast
31105872-65de-48fc-b285-d65d013c8240	11.608	fast
8608ef04-1686-433f-986e-3390f96b5f96	26.935	fast
83ed34fa-de74-4838-9518-1df97d0c05fb	10.042	fast
c3551a71-1946-4aff-9ace-b241f577835f	22.930	fast
e1dde9a2-abe1-4af2-990e-e7cd8cfa4a40	22.519	fast
faa2b205-2694-48a3-bfbc-a09bf8a876ed	9.441	hac
42833920-5e79-4494-92fa-aa5fecb58703	22.540	fast
bd6e3b92-5afc-4a92-b0d7-4169e428799a	7.907	hac
35ef2531-1b78-4f9d-95b4-91360381e539	23.704	fast
68f37865-0117-4640-9e01-5adf3f261e98	18.101	fast
84426997-a4b9-45d7-a6f1-b314f8ae62f9	19.814	fast
64ae355f-8932-40c3-ba42-b1ba79035939	23.124	fast
4ed171c6-9b3d-4414-9650-96c4ad9cbd0e	27.265	fast
d4ca8fcc-495f-458a-8a56-b315481f742c	24.346	fast
dd943c0c-5d0f-43d8-8601-f012c807a431	18.594	fast
c32ae8ac-0c78-4426-a9ac-8aae10d44e0f	21.271	fast
3b2fec18-61ab-4fbc-8623-92a0042443a0	22.994	fast
369577e2-a01a-4da3-9d48-b197560c1558	23.946	fast
44aa8356-2b7c-4056-99f2-63fb25a633e0	22.730	fast
071ac60c-300a-470c-8556-49baea883981	9.052	hac
c24e04e1-a06f-44fb-b8f6-493afeadcee4	7.993	hac
f227a6b3-1dff-4216-bec1-951b1b5003b5	21.569	fast
60e24071-552c-4082-8e31-b27bcf8e5ede	24.974	fast
4f9bcad9-38cb-4d27-a0c7-436b7be55a6f	25.865	fast
cfcda676-4e39-4eb4-aede-2083cc7bd517	12.043	fast
5e9b2b09-86ea-4dae-94bc-e9a532e02ed0	24.260	fast
7e485f00-c954-4975-aa9b-64c3736d42ec	9.695	hac
d2fb833c-368d-4ab1-b9e7-752f8b5633ea	24.002	fast
f6aa3b79-e5e5-440a-a7b0-fba3021b4967	25.545	fast
98580965-a7b9-4ac4-b545-8c0020d00e32	26.011	fast
b8661869-3ad2-4d3d-b29b-326e6b286b71	22.016	fast
5c5c84ce-b640-43df-8891-a1a9ac43098e	21.414	fast
c1b31214-e8af-4d46-9537-bda89b7fa50c	24.559	fast
3b64c7e9-e1bb-42c9-8702-f760625ba2c6	24.075	fast
5ad50e37-1299-439c-ac5a-745b455a005c	9.255	hac
b3a47ef8-7794-448e-aa20-a61f25994bb0	21.806	fast
a90e085f-f48f-445a-9c59-f9388d9c55f7	25.472	fast
1f292cb5-70c9-4026-afc4-390e20d98dee	12.189	fast
1050ab13-43ea-4d0f-a3fa-9caecfc09b90	25.624	fast
efe4e86b-0d7f-43a2-ae95-01cafdb977f0	20.715	fast
83a3a924-3be9-497a-8678-7f5ff55ff658	17.207	fast
3d143013-dc9b-49b6-87d4-f9c566c9fe06	20.911	fast
533e34ba-a46e-4958-98fa-cba0ed5de138	25.919	fast
3e164690-45b7-4416-b362-9e68a6ca6a95	6.182	hac
ed211a35-cd16-4027-abf0-050f0d4613d0	10.382	fast
3b74a4fd-52b4-4066-a898-e3bbf68391b8	27.672	fast
47e573ad-a1fc-4b1d-a831-4d88e0cb4bc5	12.277	fast
1476d79c-8745-4a3d-8109-eecdf85e3e76	21.471	fast
6fc29201-1f80-42b3-a02f-27f83d0d061e	28.378	fast
da97f435-fc12-42ca-8f49-48bc9eb50e78	20.278	fast
c284f45f-ee5e-4d4e-b3b0-c5676f43fb73	20.656	fast
7a1652c5-b04a-4b73-a720-9b19563d7d20	12.161	fast
0b53d2f3-0180-4f39-b8ec-2dd5b3391d6f	22.957	fast
eddba21f-5c11-4f32-8496-d14d23202138	24.351	fast
a9c2fa3b-756c-4585-8dce-c8bb4d77a734	22.518	fast
800df3af-779c-4442-b13c-e87b2c6a4f5f	26.062	fast
63542ab1-4200-4185-8b36-0760c1dea0d6	23.545	fast
0fd24f66-aebd-4c06-91ea-5737f06e4fd9	18.746	fast
eb1b154a-5cfa-421f-a31b-0784f055ab7e	23.936	fast
f1a4fccc-a5dd-4619-a505-9e7f1b560e61	26.525	fast
abb25ae9-b7cd-437f-8882-56ac3c228ce9	23.196	fast
dcc18a63-5704-4d48-b864-c7704263981c	5.767	hac
fa601432-ca95-45da-9636-f718469432ee	7.992	hac
8852ec25-9a7f-4c54-8997-9da59d69e5d3	22.138	fast
16b75185-30b7-45e8-9870-da5a17d18e33	22.556	fast
618fb07e-b924-4836-ac59-a4c3a57574be	26.449	fast
326ac7c7-7e68-4b1f-af0d-8738761d98b7	19.838	fast
5dc430d2-b0ee-4c08-bc0a-0390841d0dda	21.642	fast
2734acb5-1eed-4c6a-be91-a7bb09d9b377	15.479	fast
c9ecd1b2-d2c5-419b-aa32-77dee100ee82	27.913	fast
29967b2c-ef4d-4072-bf4b-3f0dc2c0d88a	25.830	fast
316c513e-e5c5-4ab7-9334-6050f2fdcacd	12.146	fast
c4d773db-93f8-4250-94f7-56ec914026bb	24.571	fast
d99d8dc5-e579-4bfe-b063-086870b1f9ba	23.012	fast
af45cc72-e0ee-4630-a2cf-386bc34e03c5	26.440	fast
1dab0da2-82e2-4a44-863f-f933e42fbabd	23.558	fast
406f73f0-68a2-4857-800c-862c5e7584e5	24.922	fast
bf203f7c-8eb2-4d9d-91c2-4fd2bbb1a18d	5.766	hac
bc16bec7-1c3e-4672-92e5-8b1919796e32	25.681	fast
4d37fb2a-35fa-41c0-b905-3482d5b90df2	15.982	fast
276f8344-8e5f-4d5c-aee1-da8e7402fc5f	23.549	fast
c819ea10-cded-4611-88f4-4d3a72476e3d	23.899	fast
c7f964b4-7c0b-408c-8fb4-e8136493f84a	27.536	fast
910b4ddc-4741-433c-ba37-7135f906f725	9.058	hac
724f0f11-f738-4f11-9fa6-5966bbe1c047	20.129	fast
516b1f69-bab8-4c4f-be6b-8ba4ed7c500a	27.014	fast
f557db00-8d16-4257-9115-00016be0726f	23.478	fast
1fbc21ba-2f68-4707-a515-18c2b6ce6ffe	7.563	hac
b524e94f-7465-4827-8683-a42c4ebf5d22	21.505	fast
6f025dbf-d7f2-4ef1-9840-67d24b5eecaa	8.191	hac
1ece30d7-ca74-4d86-bb4a-85b07e5a6b89	21.204	fast
002225a0-0e46-422e-8466-095a31492e62	21.892	fast
55d26089-47cf-48c8-a876-5d5dd68db0f0	20.933	fast
13cb0064-9710-45e6-b005-bb2fb3ff688f	29.001	fast
cb490e97-b79c-43f2-aa4b-0c8c4cc06f2e	12.872	fast
554806c9-bbe7-40a5-9f3e-a63ca46fae3f	9.776	hac
677b6507-d5e5-4943-8833-d49f2e049ced	23.651	fast
453baeb3-ff3d-43b7-98bb-2c2455fe58da	24.137	fast
7a83be81-6bfd-460b-b8b8-e2ab939495db	26.973	fast
fd4d1289-4f45-422c-82f4-0bc64f0a4b9c	21.605	fast
9750a549-8791-4f1d-96e3-c337e3cc7712	27.766	fast
b010a72c-6a77-4701-9355-77eb4bf2c14d	8.238	hac
42a310ed-338c-4245-b9a4-4a273692ee0e	7.909	hac
2b5eeb7e-5970-4234-9af2-6fa80df1b150	9.627	hac
c0478b05-0407-41d9-8350-5e53b21f2f39	25.879	fast
9ca859de-fd70-4ebb-a349-49e533db6598	9.663	hac
16205587-178d-4990-bb7d-b63f666fef0d	27.475	fast
d34a6d8f-d68a-4bfe-9335-99d2dc1ee86b	25.420	fast
da59fbc9-d71e-4a35-ab7e-bba5cc556e4d	17.709	fast
07776927-5c36-4eb9-b335-034222b9f58b	24.101	fast
fb625f49-c377-4fe0-9b6c-7696e46e9a0b	25.848	fast
d9e1e001-e7e1-4599-a2f5-3387381f3f4e	23.678	fast
07deba01-dc40-4cbd-ae4a-41aea7ea6531	24.948	fast
56e76023-37f6-4f28-90ea-41eaa9e1e79a	24.715	fast
f81c0985-0d33-47e3-adab-92a28755a876	23.089	fast
6b591a57-e7d2-41f3-85ff-9bf98d08df57	20.722	fast
2b0a7b66-f8eb-4088-ba47-775550f87f51	23.540	fast
174162f2-2d7e-405d-b051-44d81541636b	23.567	fast
1e58bf2e-f9ba-43af-9c32-cb4efbdda205	23.951	fast
7349dfb3-3d8b-44d8-8140-1934d22dfdf6	24.942	fast
e5f666ad-91b0-4b6d-8e98-ca4549163351	22.217	fast
5b6dec93-e264-4ba8-9a4a-808184e27596	23.490	fast
df891261-7b52-40bc-9652-813210e4d8d2	7.620	hac
80ecf1de-3cff-4b22-a397-1af359ea8765	23.997	fast
ba04c0b7-0acc-48c3-afaf-12e85aaf0d71	26.133	fast
74217d62-0017-45b8-aa63-576c405ce29d	24.633	fast
9829f5bb-a4fb-4dba-9b55-44ec25f01e61	25.148	fast
4bb4594b-a01c-41c0-a139-a67f4386f859	8.392	hac
bb9f1a8b-7f63-4cc3-b877-2f68bd68bade	8.506	hac
508d1e6d-fe5f-4857-8f74-edf38a4736b5	18.724	fast
8160876d-153c-408f-8056-f6fa7ac73430	19.944	fast
077f07b1-7197-462f-8d09-b8995f26e5a1	10.072	fast
dbc324da-d8ee-4e29-a5f2-282753ab69df	15.261	fast
ec97f1fa-84c7-4734-87fc-f13feb482b2f	23.996	fast
4fadbcda-4990-450c-aa78-700f7be575cd	21.879	fast
00854b47-00b9-4260-9d59-9051afa061e7	8.845	hac
22d4e9f2-64b0-4591-9529-f7afd5c93b2f	26.969	fast
8bbbba32-45eb-4506-9c6e-0556db3f56c8	23.630	fast
ae79422b-1f09-4bcc-83be-447eb6f278f5	23.538	fast
899a3649-332c-405a-bbcf-7f4d0194b2a3	26.022	fast
bf58fed1-d039-4e26-9205-0d3e830b31d9	20.162	fast
7b734b06-962f-46db-a5be-deeb414f4bf8	23.290	fast
e383d03b-e4a4-4c68-a74f-f940e2fe7d77	24.346	fast
4b0e269e-9ae1-48db-9008-fe0e79f48483	25.303	fast
079e2824-63bf-461a-89c2-8a1b34d85554	8.534	hac
d15d7016-e5ad-4054-a15e-7c2abe35453e	11.901	fast
1b04311c-f201-4a0b-8cb7-ab1f64d491a7	9.113	hac
dfe8de87-d6e9-451c-b954-224f28ace912	21.579	fast
e623ea8b-3f8b-47ec-a732-6e0d5e7d842a	22.443	fast
ef5632c9-ef62-46cf-b036-714e3a0b6035	23.013	fast
de3b91f4-a626-416c-babf-ecb47039b314	24.607	fast
dbf33f16-00cb-462a-8887-bd4011af93e2	24.197	fast
2b4245c1-5f75-46f6-a791-a098c4e9875a	28.800	fast
a79c3b3a-1c2d-4eca-980c-9b8c6edebfff	24.360	fast
3b1ce755-f43c-4ef1-91da-397232a0179f	16.043	fast
42468f8d-7c13-457e-933f-b43cf014a54d	18.195	fast
20f256d2-2bab-4fe5-9c12-fbba80779526	21.402	fast
9e2508e9-c2fc-411c-beea-227eca03549b	6.403	hac
8f68d97e-f86f-48fb-b052-ea44819c2e46	25.235	fast
20709044-ad86-4073-9297-912dc62630d3	10.948	fast
f80e3a41-f86e-41dd-85e6-9a743a6d3958	19.793	fast
c61df115-87bf-4062-af3a-c8308715ce4f	19.038	fast
91ce5dd1-f0ef-45fb-a7ed-51293c60f2bf	24.315	fast
7fc29db3-48f3-45e0-92a7-4c817d73aac9	25.187	fast
4b482633-09d5-4e29-86ee-3eb409e996a7	28.150	fast
ce2889aa-dd91-4516-b095-a5a11917cc4f	24.451	fast
7f5ff900-df30-4b31-bff8-87df396001e2	23.417	fast
474b06cb-7e2d-4b3e-b7c4-1c96ac3d3bd8	25.144	fast
49937795-57f5-4774-b4ef-5cdb00228613	19.025	fast
d0be11a4-f8ec-4d30-89a7-e20e567ca0bb	22.945	fast
8386a51e-86c2-4810-ad6b-87fd5568fe47	18.926	fast
86a6aa48-f791-49a1-9838-4232771e64e2	14.884	fast
74841b20-4c92-4156-a4a2-e6dbc0ee7a94	24.655	fast
39577072-af7f-4902-80fe-5d4e57bc6ec8	19.152	fast
03d03a83-1cc3-41ed-9618-dd73f046362d	20.839	fast
d8f74a07-de4d-4bfd-9671-fd9a620ccce4	27.825	fast
15ea64dd-cbca-408f-bfc5-300d0373c780	20.868	fast
673106d8-76df-468b-a372-b39a88f4c50c	27.620	fast
268e2e2b-26e1-472c-a8a1-17721f1be6c6	26.339	fast
6ee773b5-1d37-42fd-acff-f8a18941ac7f	25.647	fast
3983bb0e-577f-46c2-aee5-64fd1b642b07	25.317	fast
286d6ca3-ec67-44f2-9b88-bea5bfbe0452	23.098	fast
b3614250-5350-4cf4-b612-d9436f4333d6	22.811	fast
7f57c97d-3278-4d6d-9bd4-ae7c9c573a05	20.396	fast
4f1dcaf3-3504-4e94-a4a8-8d327d7107d3	8.217	hac
edc60b18-76ea-4fa5-b243-9a61caccd5dd	27.136	fast
0146273c-bd58-4eb9-9613-08d9f2d61901	6.092	hac
5fc05cf3-8a30-49d7-ab42-9d75080495a0	22.399	fast
3c05e1a1-06a2-4ba0-8316-1dacf9d9da1b	21.053	fast
0f61fec7-fb79-498e-90f7-ba957487bafa	8.334	hac
56193ac7-ce45-44c7-b2fa-85be26cc10ab	20.719	fast
7f544bd2-5967-4bd6-b544-656da36b4d35	20.875	fast
fd8bc5ff-67b0-4555-b1d0-84cd43c6f258	24.187	fast
b4c4d8cc-80a5-4703-b7c5-acfbb586bb1b	24.363	fast
aff124c3-94a1-4522-8ccf-a940c6bca6dd	20.825	fast
395192c0-6202-476a-b3dc-a9fa69c52e48	23.680	fast
941b6e91-a873-4c4f-8dfb-934253c771b2	21.036	fast
defdb9d7-d6c5-4b40-8007-9ec6299628d2	9.203	hac
86fc1ace-7061-46b9-a1ad-e804605ecdfa	26.360	fast
88d6c31d-47f0-4647-a25e-ce42f7a3a59a	26.252	fast
017f58da-8892-4e24-a205-110e3214ddb4	22.585	fast
f08778c0-b15e-41a7-aeb3-df3b1ed97171	27.503	fast
402cc3aa-1ea0-4f66-a58e-b80a633dad8e	16.845	fast
8c8423b2-7066-4216-83cc-ffaedfbb2f5f	18.285	fast
fb0d245f-044b-4dde-a07e-30d2072a8718	18.459	fast
22084817-ce8e-4277-9ecc-3de36974adac	9.385	hac
a0290f17-bca1-4285-8372-196422d926b3	22.616	fast
ad4babb2-b204-4bb2-b0b8-dc5c5e2fec46	20.963	fast
c6b0584c-2ae7-428c-9ce6-8430f87b9459	25.078	fast
b17e90dd-b6b6-4442-b110-0f08f2ac44b2	20.165	fast
faca59db-6ad8-40ad-aae5-4a7fc1f72320	23.519	fast
096d06c0-4b80-4b7b-9443-1c4d5ce21873	21.354	fast
c0ffe4bc-8865-4948-995e-66b56abdd9ed	23.638	fast
ea1c1a0c-1da9-47ec-98d2-8acce8e1b610	27.380	fast
b007af5d-ec9c-44f6-b654-1fdc2d2844d7	22.763	fast
f502c1b6-dd94-4082-be7c-1794c5f7457c	9.056	hac
c503a9d4-cd1a-454d-9800-eaff978e712c	21.407	fast
8759c3a1-9c89-47b2-8a3f-47c7434fed25	23.439	fast
7d3cf922-6734-4327-b423-81e17faa86fe	18.914	fast
13b6e39f-c1ee-4520-898a-f1b78827e6d0	26.893	fast
4e597b6d-43fe-4e20-8d6b-87f72e89b633	19.235	fast
d36750fb-9ce8-4cff-bc92-55dd54ed6219	26.723	fast
e5054df6-60d5-4230-a30b-1c0a271ab94e	18.275	fast
a1633778-ac07-4058-b3d8-8e862e874162	22.206	fast
2f0f062b-c6b4-499a-8280-ea9096ebcb09	19.363	fast
0b8a714b-1f95-4c85-9ce7-546daeee1b57	27.507	fast
84b556a4-8919-40ea-b2a6-a804856170e2	25.191	fast
ad600fec-7f3e-411a-96d5-0ca46a8e2088	9.751	hac
7f56bccb-6f9f-4644-a789-dd846d9750b3	19.224	fast
e68eac12-d09a-4025-bbdf-64faddc1ed17	9.530	hac
cf64a2b9-ed18-44b8-aca7-c15054293483	9.434	hac
326851e1-1be2-405a-85bb-96329a3366e9	22.682	fast
e2a53831-d978-4030-8b1b-236a53d8e278	24.063	fast
9f269cb3-7f78-422e-8afe-33fa5f6d2eb6	9.366	hac
6cf1bff4-8fea-4138-ada6-5f4a2d2d11fb	18.375	fast
80e32aa5-592d-4011-9400-b6150d5cfa3f	27.690	fast
0ad7deba-d753-463e-96eb-2108d45d7092	9.596	hac
bf4950bc-d9a9-4fd8-8bae-08f7526b870f	17.028	fast
e0f280c4-4ec1-454f-98bd-56995fff5c58	17.708	fast
0ec657a4-76ac-468d-9fda-0f987be0b46c	24.581	fast
51e1535c-7285-4305-bc18-f55bca5bf002	7.758	hac
1bfa8c85-6080-4aa9-8346-5cae0db040ce	10.061	fast
f60052fe-43e5-4c60-8c5d-6abae959e714	25.617	fast
a5d46c9e-1a0c-440e-8df7-d30579963701	15.105	fast
1d1df6f8-c4bc-4804-8226-cb69f08c0878	21.475	fast
4f82d7c4-926f-40ec-97c9-fef508d489af	13.031	fast
4fd9259a-7213-4800-9329-f71fb77b0d69	24.817	fast
2abe785b-7fac-4512-8c5a-6de1eddf5041	9.014	hac
42dee72a-4125-4c67-a31d-21cb967e26c6	25.749	fast
2c648337-687e-4b65-bf0c-f9e79d7eaea0	24.046	fast
e7b1254c-4b3e-4c14-adec-d6464f0bb2ff	7.861	hac
09430c61-0b40-4421-8f52-8ef8a4d0a6c5	12.108	fast
dbd03366-5a9c-449f-8549-4494a57cb48f	25.802	fast
f4089c9c-7d2b-4e1c-bdae-3fd3c5ad84a9	17.716	fast
59ade693-7598-4de6-abb5-a9f7cdc05862	11.925	fast
c28b3133-376d-4e70-9b73-6eeda2fc54b8	20.603	fast
7d48003c-2ac3-4ab2-8d5a-02cc5e042976	20.923	fast
e08b8e1f-281d-4e54-8a58-cef852fa5097	19.272	fast
a33e9089-5416-4fb2-b2d5-4bbfbffbe146	23.250	fast
6a113e03-dd8a-4b21-ab6f-0ebc9aba9d91	23.380	fast
b61f923f-1820-4e09-a00f-69bb206fa6af	23.715	fast
6323e6a1-c673-49ac-a5e8-82bee2fd017b	24.079	fast
04f7fa6e-179a-4b0c-992c-1a2291422c5f	21.699	fast
37086625-7d84-44a5-8117-4d1a480d840e	23.673	fast
fca36d8b-9ea4-42aa-9da1-edf851ebaa18	23.501	fast
0ac24b2a-f215-4af1-8681-70e96da09fe9	21.846	fast
565e2f33-0a4e-43fb-abd0-73aed324bfd2	7.881	hac
4076658f-4148-47cf-b5cd-bb17322bba78	12.796	fast
8c4f3acd-632a-40ec-821f-4ccd38b66f6b	21.678	fast
9605be51-5d92-4c3d-800c-c7d490b3871e	25.173	fast
43d16590-4157-4444-97c5-d42c59e44385	20.967	fast
7e290e33-8b1d-4376-bf02-636815da384e	8.519	hac
7a9b2127-b67c-4cc1-873c-8fb8cb207498	16.975	fast
654fc4a2-4fc8-46db-baa8-9e6143bc04ec	9.704	hac
e6eb60a8-7212-4efb-9fcc-cdfa48fedb40	27.701	fast
930bd2d4-9188-42f3-80c5-f8e798517221	20.777	fast
3374716c-d8a9-46df-a99f-0092ee311f51	22.854	fast
c3e224c4-c256-47b1-a1a3-0757d6c9a58c	8.976	hac
129009c3-0d95-452f-92b4-2912299db132	24.074	fast
9c03cccc-6244-4cb7-aa82-a502a1f8819c	24.262	fast
24a60d1a-b0c1-430b-b2c2-a9cdd13cd7b1	10.078	fast
7fe9bad7-0f25-453f-a583-c0f5b83fddbe	21.595	fast
71f34a00-0819-4bc2-84c5-307bef1dd6b3	23.666	fast
0f8f6b24-9ac7-4f74-8af5-3613de7b2a92	26.143	fast
671094ab-c61d-499e-961a-caffac27db74	31.750	fast
d22cbe9a-6626-427c-8ddd-2c4ed55db2d9	23.846	fast
9d16ed34-e59d-4f7a-ba78-8d217240e88e	27.056	fast
25f3feb6-b22c-455a-8a65-3e8cef8b2bdf	25.191	fast
cf31f063-3ef1-43be-b731-4251d07ff65d	23.692	fast
700310e6-0268-4937-819a-981b764959fe	6.812	hac
1202692f-9c0c-4d6e-a23f-420a73d46574	25.024	fast
84a964c2-ce0b-4613-a9fb-59575f530eb2	19.146	fast
08b8256f-05f3-425f-a1eb-cfd6137c8412	20.613	fast
d1989b0c-67fb-4283-b15d-d316462363b3	24.248	fast
c5edf07c-e584-46f8-a434-9622b7d66f17	8.318	hac
a08e160c-f453-4205-826f-14efc440ea70	18.139	fast
71e544a2-6e2d-4b58-843a-b426bab1aee5	9.148	hac
b6688a2e-bcbf-440c-9eec-f12a566f30ef	26.145	fast
edefbf71-885f-4f18-a76a-9769ce896d25	23.221	fast
963bc05f-a6b5-4cc5-9b30-a3624e552be6	8.982	hac
7df7f076-31ea-4e65-b81f-be07620fe12b	20.695	fast
9cf3e30f-c536-495d-97c2-4c4f24ee1b50	11.336	fast
4c84861c-400e-4431-b17f-7fd3321ef31d	25.620	fast
0563820c-9bbb-47ff-bc55-a2bf8f873938	24.372	fast
692d24a9-b89f-4945-bd04-be71cc8e94ce	18.213	fast
08ecb65c-caec-4f82-b069-0c374e3ba826	22.412	fast
0dcefc88-5d2b-4786-bdc6-4f1c61d50c76	7.092	hac
93716b57-2cd2-4aad-982a-81aeb15e7cf7	23.709	fast
af2806d9-6d4d-4510-888c-27d62b8ef19e	21.953	fast
5d0e048f-3e75-43b5-82ff-162429bc0e0d	23.877	fast
a711eb70-81e0-4cae-8a56-091c8215f0b6	17.500	fast
ca681cfb-db12-43a5-a9a7-19cf30ffdf6a	28.901	fast
358c64fb-cf45-4888-b191-f275a5ae9b2c	25.996	fast
31fe6bd2-eb74-42b0-bfcf-d1c79eb5a01f	18.276	fast
0d22f83a-5be5-41df-94ed-778db92399ec	19.275	fast
798b515f-0856-4b29-b4cc-bc2cb19f6ccc	11.700	fast
776772e4-f509-4f92-ac56-1ed963298bf4	8.703	hac
d8b168a8-b01b-47c1-b2d7-cecb7dc3ee58	21.399	fast
f143e7fa-ed45-4efd-ba5f-0de5d98b91f6	26.562	fast
92354530-f700-4a95-9c28-f03f35cf24fa	21.330	fast
aa15be1d-3694-4053-ba3c-609653f1f6d7	19.681	fast
4c028bb6-7436-4a5d-958b-165a982f8993	24.173	fast
f0e4ed5d-30ee-40d0-935b-0a9543dadcb0	8.071	hac
494b7ba2-de63-44c4-b004-66f8fe10219d	12.196	fast
74ed6721-4110-49b5-8e80-ca43d3ffec1a	11.901	fast
2641e6f1-abe8-491b-a061-21ee210908ba	8.943	hac
44a5fad9-b1e7-48ed-8ad1-2643a8a0c122	24.426	fast
5cb0dc4b-6b82-49dc-8619-f66beea10653	22.213	fast
20177ea2-02e8-4059-9461-4fb8090d5d24	21.270	fast
b440b490-dd17-4ab7-9a66-78fefcfa300e	24.482	fast
7b363c4a-1898-46a9-bdf0-c0989be25e40	8.924	hac
8759a6c7-9907-49bc-95e3-ae099ec68d3c	24.137	fast
590a7d5a-7534-45ec-a37b-bbab07512193	23.825	fast
4f870648-20d5-42cf-96c9-23ec3269428c	15.959	fast
3504f36b-3d23-4ee0-b54e-fdbe729ceb94	27.804	fast
1a3c311c-dba7-462e-9b75-b03a118d9c6f	28.207	fast
01cafcae-77e8-418f-b866-df187926f8aa	25.283	fast
ce1fe5a4-4a78-42b2-9fd5-358f39764dd1	5.736	hac
58fae750-f515-4918-9b66-8fe7cffcd2a1	9.500	hac
9989e8d9-250b-4eaf-8a3e-c275c901eadf	20.123	fast
a8a940f5-f4d6-4f61-b57b-08698674bffc	24.152	fast
704e74b3-cf0d-4b50-b0a6-5b86c0cfb5fd	8.807	hac
29199992-80a4-4ada-aaa7-5b859878c14f	22.669	fast
6991dfad-537b-43ad-96b6-e9fbb930b0af	21.188	fast
5fcb256f-3603-4928-9a88-f4b183428850	21.051	fast
b675381a-1adb-4f90-98ac-1efb69177f2d	17.639	fast
7b95d5f2-c466-4371-87aa-2e8d5a31664c	8.006	hac
9c902399-d3d1-490c-bd2d-01583a74bd86	23.960	fast
dad67095-90f1-40c2-a61f-cd20779781af	23.158	fast
2eb352b3-d317-4eb9-bcf3-4f8e34876502	22.203	fast
88c77a22-cec4-4cf7-9236-0b3403cbeba1	22.190	fast
6713b8fe-0306-4cb0-b0a7-492d5af5459e	6.361	hac
37080773-85cb-4ede-b09e-c498e950b87c	21.888	fast
c13661f5-0991-4a3b-9ff4-98081d3c5be1	21.872	fast
e7ab9fa3-f1a2-429b-a30b-dc58ba01a882	13.466	fast
f07cd86d-3910-437d-b534-5f62df1e4116	25.026	fast
e412e725-ef35-4d55-9f62-2d0dfc2e46cc	20.711	fast
338b8388-0788-42ce-bb05-48c21297e0e6	5.169	hac
cf127c1f-fde7-4d43-a9a1-2c373cc5c6c1	23.323	fast
67707421-5b22-4271-b4af-aeafb63cd2ee	11.533	fast
bb3f38ab-d036-4229-9557-db818c8a0858	24.935	fast
1e496e6b-ed78-4257-a7a9-0f35f79b4a32	8.134	hac
f40c900e-c845-48b7-ad9f-8a42dc34355f	24.050	fast
46947fc1-b99d-482a-8a95-0003072a45e2	25.361	fast
4690d593-0b55-4462-a8a5-f9fdbcf259fc	26.415	fast
26489461-291d-4230-a854-1aaefd363d08	22.661	fast
60e86ebb-b37e-4ac1-b9b7-ff661f663430	23.125	fast
f603f9b1-14de-4979-99cc-746705f4a11b	21.356	fast
2b5d1422-1f39-4010-8a30-375cfcfc5ad9	27.059	fast
62d6e6b3-379b-4e4c-9ef5-89ef6b102e3d	16.514	fast
d7ccaf78-3b4d-49f8-b095-af68573fdf39	19.387	fast
468fb19e-922e-424b-83ad-1bb44c6d1fba	26.836	fast
90df5b21-dea6-45a4-965b-4edaa6caf4a1	7.472	hac
cdff0c26-1f35-49cd-832a-0d3e078b865d	25.065	fast
692477a1-aaba-4118-999f-6df42bf1ced3	8.457	hac
9710298c-59e4-46a2-9c43-ecd69e3f280e	8.476	hac
7ea487ca-7315-426b-99bb-b23a46ea08a8	25.590	fast
520a0696-96f8-4cd6-a706-68177d33f260	22.411	fast
9ff81d4c-8490-4543-a83c-b9fd4ba15197	29.900	fast
0f60c3a5-dd06-43ea-af79-70bd741f44dc	5.927	hac
10c54d1c-bb15-4fe8-8480-231f605be07e	21.864	fast
8b276e7a-9099-43a6-8c79-ecc4f5b52f70	21.687	fast
435f3670-e651-4c10-9a35-bf43c5cbb483	8.760	hac
707852f3-e52e-4eae-aae2-cf935216a47b	6.953	hac
b13a54d2-a182-4c92-b559-7999637a27b3	21.857	fast
6dfc9cc5-92e9-4287-bda7-c3fd805705ab	24.457	fast
cb9309da-6bb6-41d1-99e1-91309cfa41c4	23.300	fast
10995175-2475-485a-a8a1-e33c86acb841	8.453	hac
af9bb638-d223-4fc4-82f9-3ee833368584	19.606	fast
c17f19d7-f4fa-4769-ad4f-29ec84b0ed60	16.906	fast
95f99cef-e3e5-449b-9de0-6ecab2870625	22.340	fast
0b60f105-f3b6-4626-8a94-c7ee45ebe28d	24.329	fast
6852bc56-974a-458b-b29c-f57236c4e075	21.623	fast
b8d5c32d-a525-4828-ba9c-b0a391aa9f0a	22.935	fast
44fc06ab-94a0-49a3-b6f5-d78854bd493c	5.423	hac
a5003997-a8c0-4513-b4ee-22984d126fa6	27.340	fast
8042eba1-b8e7-40cf-8ce0-fcfad660933b	9.541	hac
c8108d35-88bb-4848-98c7-21cdfccc032a	26.060	fast
ca640487-1e5e-4024-a385-b4bcf8e85474	9.627	hac
a8ccc2a1-2a7f-4cb8-8a00-c7817492cbbb	26.659	fast
c520df5b-545a-4304-b6fc-5d62597bf528	25.982	fast
8f1f6aeb-6032-43ea-bb46-6ba8b2a484ae	8.525	hac
a42007b4-e429-497c-bffe-43cb7cde612d	22.589	fast
d582334f-cf4d-4923-a6d2-3f4af7c9af98	23.340	fast
8f67db6b-9dfa-447a-a400-c247396e8d36	21.172	fast
756818a1-f7ba-44df-a0e7-7aa5aa8602b4	27.423	fast
4636e1ee-4811-4782-a6f0-7a42b18302c6	25.465	fast
37153c80-995f-445a-b59a-bf18b705fb0b	7.042	hac
aba75bb7-7049-4cdc-9f81-84a156105354	18.303	fast
aa9286a1-11b5-400b-965c-e69897afc5dd	22.483	fast
f4480cb2-23e0-4ffe-8473-c106bbc2a465	21.371	fast
8421f5b8-db3c-4da9-ae27-d620ac454a39	8.945	hac
6c982f4e-a2f8-4138-8d48-2ffb6bc10e13	14.899	fast
1cad52d3-4f40-41de-959c-bfd7247cafc6	23.825	fast
014b7edb-3a74-47d1-ae8b-b168ac89d277	22.158	fast
8e1c0e3c-2740-4e3e-a915-9880e278ef98	26.533	fast
f3db2dab-5f74-4761-8691-93972c8b2be9	23.078	fast
bbfe4fab-4221-4a25-9eb9-09ebe109ba27	26.022	fast
8f973020-3cbe-41a8-bfce-803ce78ccd39	26.565	fast
dc3f83ee-ae6a-4508-b46c-ab243fa6d54c	19.803	fast
ff56c5f7-acb6-4cc9-9c46-9ba9db297ab7	23.968	fast
535661eb-8740-48be-be49-4015eff7fb41	24.700	fast
fe77e1d9-0a06-4918-bbc3-d66d601f4649	5.503	hac
e324c482-0c36-467a-b68f-6e41fda284c8	19.811	fast
ac3cce15-6693-4edc-a171-3943fb87ef4f	21.827	fast
fd7ad46e-2a2c-48f2-be8e-924bfa9c2ad1	21.675	fast
12c7fae9-72a1-40b5-b14d-e94489e38878	9.883	hac
9d185acd-5685-404a-acb3-131d9a0ee97f	8.918	hac
67766eb2-8824-4f6e-9172-83f2dad2440c	8.550	hac
43c9cd4a-f58c-496a-a5d1-9bd7251e3503	25.416	fast
55d314b8-a93f-4b0e-a949-a0da977d8fc9	9.817	hac
0f620580-e095-443c-b7f1-e904e0220b5a	8.658	hac
5d544c7d-adc4-4254-a5ea-f7c0c3875402	11.657	fast
5bb836bc-d569-46dd-b213-f0a41ed4f5d9	8.631	hac
c12c78f8-9f59-4707-bad7-842fc269ff4f	27.957	fast
d750a024-22bd-46f8-94a8-03e56526d7cf	26.309	fast
40004d86-e4e6-4808-92b5-b259767f27a7	25.228	fast
e3559094-c8f6-4855-9515-5ff60266d158	25.197	fast
5ffbbcb0-2669-416d-8ea3-02ba945d1d23	22.782	fast
b078c7e6-3f4d-4a6b-a099-a24fb9efe97b	26.412	fast
54f440e3-44b6-4e1f-b677-804f616d6e93	25.499	fast
935657cb-6309-4b2c-a956-7ca08eebaa80	6.438	hac
eb6f7e68-7a5e-4ffc-aaaf-253b9c713a3a	22.378	fast
b49e2942-8985-481b-9144-0c66de59fe48	25.636	fast
1d0e8c36-86a7-42e1-88a2-9c48376665cb	24.165	fast
94ad7b78-ac76-4c4a-8ad1-b0b81e77fd1e	22.031	fast
b3dc5557-1db7-4269-bbbe-11753df2b21c	19.363	fast
f3908a8a-1026-4428-afc2-b743daaf4912	22.598	fast
3b9dbc27-acb6-4f9e-bbc7-c79311540759	19.448	fast
2e3b8b33-6b44-4bcd-8e6e-7292dac45933	26.237	fast
5c24bfd5-cf6f-4362-95bb-47152feb4fa3	28.111	fast
d0ac1413-a24f-4609-a1b5-319ff2b57eeb	19.718	fast
f6c6b51e-d994-433d-9e13-2d3ddb505966	24.261	fast
cfa1cd0b-4f04-4eca-8fb5-34457da487a4	24.325	fast
841a3e54-0b1b-44b7-835b-d2e5721654bc	11.672	fast
66f4ebe3-1bf7-42ec-a62d-b58a23e93c22	27.264	fast
ba404214-18ca-4ca7-8514-efaf6c4a7e47	25.695	fast
f4f05311-9daa-45e4-a0f0-fb414dc2f7d0	10.127	fast
16e7cadd-4d17-4e70-8484-922db21e6c46	27.105	fast
e2d239d9-ee6d-4fb8-a89b-ac56f75140a9	28.000	fast
77d40bf7-eb96-4e35-a2c0-46e940bc4bc0	26.513	fast
00906547-ecf0-43c8-9eca-d23984187d02	19.267	fast
a9889e0b-d6cb-4d54-8e71-3b0e133e1b9c	9.795	hac
56ff7793-7053-4ce5-8fd5-7819fc41ae37	21.126	fast
d3a30beb-b8f9-4272-b131-afb48f6e9a81	19.865	fast
2113d3dc-1e22-496e-a6c3-a76b6eec91ef	9.827	hac
a69c3c17-b34d-4de4-bdf8-2b583fc5a942	8.341	hac
e7943861-be9c-4804-9184-1f49fc553d0b	17.114	fast
199ca264-d7e6-49a4-9997-c5b46500d736	9.251	hac
0ff6a9ab-d647-4e48-8106-d9773069fe90	22.899	fast
987131f5-d56d-4a3b-989e-55269aea0186	25.176	fast
a5c9fa8f-c489-4393-97ab-2026e71d8754	9.165	hac
653a10f6-9da1-44ef-925b-3531aa62bda4	20.237	fast
64a52a9b-92c4-4b05-959b-3d050b32d3fc	21.858	fast
5e76f480-81c3-4ab9-ab39-38787d55c21d	21.854	fast
eb4b9bea-45fe-4965-bb52-2d3e6ad5f9bb	22.735	fast
f23db614-e2ad-4a4a-b97f-848353730840	6.427	hac
46912354-09fd-4d2d-aa81-cd562ea8ff62	8.948	hac
5e7f36bc-9620-4f95-a306-e88128a75e7c	23.462	fast
8fe91790-1e9d-46c6-891b-b56320cd8dff	24.397	fast
ecb7916b-f814-4779-8ad6-0435d8c39948	23.288	fast
3a0483ab-57b3-46cf-a44b-cadd47b54dca	17.685	fast
641d6bed-fe1c-40d7-8e4b-69257dae9c06	23.573	fast
5d8ec9ad-6466-4fef-9d02-e0248266af6e	22.402	fast
0ae71430-9bfa-43e8-a3db-c1ba73ca8ff0	20.674	fast
d6a3278c-260e-4fe4-8a19-2e8fdaae5d15	18.714	fast
e0b9cec1-4f3b-4cf3-b304-67b7a887cc9a	24.522	fast
21adbe9c-68ca-4e5d-9fd5-f4a335b5d25d	12.269	fast
ebfbe4ed-03ed-4f4f-abe2-bae07551d486	9.789	hac
d2b9dd7e-df1f-46b5-98d6-03b1347e44f0	27.665	fast
c5d92756-7c26-4a7e-8896-086823b22600	24.993	fast
c0a91df6-85db-46b9-86b2-8a68a5cf30c6	6.659	hac
09b2d4f0-4bef-4e6d-82b6-1523e815ba64	8.175	hac
3d1c69db-0717-45fa-b8db-e117f54f941d	5.364	hac
78f1da81-e308-42aa-bc7a-d21205d8255c	24.984	fast
22117995-6707-4102-8a3a-492a3e2169a4	25.060	fast
b8611bd9-168f-43c4-a2a8-5d0122ae57b5	21.069	fast
1579a040-1b50-4892-8bbe-50f81e8308db	19.329	fast
e1f68836-fe81-4e41-b236-eeb9b8e1c700	24.719	fast
e8c871cd-1ac7-4959-9a56-8c27194c3792	23.254	fast
b838a5f8-87dd-4017-af42-e031b31e42ea	17.453	fast
eb36d8eb-2594-4e75-a766-fb67e13b69e5	18.620	fast
7784d17e-5c4b-4c41-9c17-b72f14f4c694	21.896	fast
6789079e-5440-4f73-ac3d-fa9d58f66fa2	27.836	fast
cd9b2d54-0ec1-4c7d-8c63-87ef6de760fa	9.375	hac
f8820361-cf17-4fad-ba0a-6e43808a00f3	8.221	hac
98a73c5e-6663-4da7-9e4d-265760d109d6	16.446	fast
050f13d9-d5e2-4c7e-9bbe-5703be7e10df	9.693	hac
d4f11415-9840-4f84-b0b2-ca578c16e156	19.476	fast
b9664b69-5b9c-40bc-a1c8-8b29270d620b	22.913	fast
dd11d8de-ab9c-4273-ba48-cd251ba46394	22.319	fast
12bece92-0ac7-47a6-9c0f-bf2d7a28307b	22.271	fast
deb18715-be93-44a8-8d2e-a52410f37e65	23.121	fast
a4f43441-4cfe-4118-8502-dfada17debcf	22.693	fast
8762ecca-a32e-47ac-aea0-2429c69f911d	21.887	fast
25042970-6625-4e21-b1e5-37ed340cc5f0	23.640	fast
6d33cf40-aa58-4c5d-9dfe-6770473a8c6c	20.480	fast
9cb9afd4-6fe5-4cfa-88f9-a848c93b7c3c	23.149	fast
89bf5f81-70a5-4e81-a787-17025b44e7b6	26.373	fast
ea38de6f-84a5-4595-8618-2aae70c33809	9.412	hac
47f9a9ef-77f0-4cd7-a96b-b5ef6fccc46e	27.905	fast
b1306813-b0da-4021-b134-94316e1d1807	20.513	fast
eb96b97c-1f77-45f0-9f59-bf4198aadf65	25.009	fast
55a9be0f-afc6-4269-bc47-92646206b01e	18.221	fast
13a05d42-da0e-407e-ac6b-b981dd1be9ee	24.576	fast
4c26f973-204d-47b6-a113-2de9fac3f850	21.293	fast
87762497-ebdd-4b31-8f48-81be8493d4bf	23.238	fast
93e379ff-c572-422b-8544-a7b8e2620b66	7.705	hac
908f231c-7eb5-4845-b07a-f4a99835a81b	18.168	fast
32547087-d450-44a2-86ca-88b0b30edae3	24.594	fast
61e1bcd3-4e13-4593-ae0a-b07fbba38156	23.881	fast
3c7f6675-3217-42ca-8c54-9f7855b54f40	15.702	fast
105539e0-5a65-4ec1-a989-96636a6be2d6	24.559	fast
40d22294-acc9-42b9-b9a4-40d36eb3ab1a	11.665	fast
8e496594-525a-4035-9480-52aad28b7095	9.147	hac
b0da51f9-8848-403f-9901-0045971aa119	23.751	fast
93d5eecd-e37a-435a-abeb-a740ee4b7f2e	26.800	fast
f6f8f6c4-7bca-41f0-860d-4cfc2d6e08e2	23.114	fast
f01fe8ad-3c9f-4564-a105-ed03ee0411f0	25.097	fast
53713f22-79ce-4856-8ada-0b566cd57b24	26.645	fast
7999db45-4c13-4390-b5e9-04308515b229	24.690	fast
66156bfc-f5cb-4050-8097-0e96f291d7c5	20.024	fast
ef231555-8e57-445a-93ec-14e8c4a83677	21.451	fast
5cc305dc-8a9c-41c0-8053-e51b5a78cdeb	21.278	fast
6eada870-be8b-4caa-8820-0ab34a097fb7	21.696	fast
4c7c9844-0343-4104-8bea-c524a2410117	22.943	fast
e55a2a17-850d-48c0-bc4c-06a5b0a86a32	16.035	fast
e67e9866-c152-4151-8524-4c7298fb31db	26.403	fast
fe6d6b27-ecfb-443e-94af-a55b85472c90	19.674	fast
98bff295-e933-4b50-9981-9bb011cc1e42	24.058	fast
6ab3c9b4-6b99-4542-bd0c-67315a90e2fc	24.347	fast
e9620af6-3b38-403e-b455-0b4ade2e7220	22.486	fast
d5217f26-809d-4d13-be1e-b2772b05f6a8	26.759	fast
1534bf69-b537-47ac-91aa-2f691f0261da	25.704	fast
a88a5eab-6df5-4c50-86c9-ff3f2230f0ca	23.496	fast
872911a5-08de-4cee-8ddc-767202691b01	20.364	fast
a515c9cc-178a-407c-813a-ab2715007bf4	24.304	fast
78b95ae9-94b0-4bec-8966-df341eb76899	22.864	fast
5d3f5586-2a51-488a-9639-75325c6a6f9f	26.419	fast
db762d00-db71-49c7-906b-a10462f0d8be	14.215	fast
72f9b35f-68d5-491b-a691-6910d3cc83df	18.934	fast
2dea433b-39d1-4137-8810-a60255171ee4	15.609	fast
23d47840-3d60-44e8-b78e-a92e82dcefba	25.128	fast
84295bbf-bf01-4641-bc75-c11b019a90b9	10.123	fast
d9ff279a-ae2c-4a49-ad37-7b796f22faeb	22.485	fast
13430dd2-5968-4cd6-9014-1cd4bafa19f7	20.693	fast
2892ebb3-0c52-40f5-b27f-450cb34649fe	27.232	fast
00facd7e-aa01-42a7-8858-ddd9d5ab21ba	24.556	fast
1fd9962c-1ca9-4453-a5f2-67f9a96ba7c3	26.082	fast
b840245e-466e-4877-bdcf-77c30e740de3	25.743	fast
a3dd9ea1-8c30-47fe-8da7-99a5072052f2	17.495	fast
087e4728-c7c2-4802-9dd6-fd7889738a17	8.217	hac
a3714ae1-8dc1-44f8-93e4-1e316318073c	25.157	fast
42b8942b-00dd-46e9-83ed-f108fd4902e1	22.548	fast
cb846475-a9a8-4f7f-82f1-6ab3a72b7f34	17.573	fast
675b01e5-e702-4524-af31-b05565f4d637	5.443	hac
794e9b3c-e46d-4307-ac6e-7ef162e9f089	21.943	fast
85d7dec0-03b2-4dcf-9d4f-d0d5be8a137c	25.147	fast
748013ff-b0f9-48a1-ad1b-f408d782e06b	8.880	hac
dd0cd5df-d22c-484f-93b4-d08be4dfafdf	20.775	fast
2626567b-e05f-40e4-af7a-655ef36ce817	20.307	fast
c7787aec-31a8-4b00-abc4-19736bf72faf	19.698	fast
56b04cac-19f1-4e3e-a011-fd66001d994e	25.936	fast
a711c87e-f92f-4e4d-b6ea-cc5b29061de6	24.954	fast
016b5473-aada-42a1-83e4-3bb169e3d166	20.675	fast
77cfd747-e82e-4bbe-96a8-3148d77853f6	24.713	fast
90382139-50e7-442b-b5de-5fa0361c6261	8.455	hac
81f84156-667d-48c9-bdd7-d648189dcbca	24.332	fast
e4268cef-33d0-49a4-9e2a-d81a0911289d	15.029	fast
6c57361a-c509-4148-8da1-f7d522fde5e9	23.188	fast
9ffa32d1-c406-4029-aa2d-36fd2c84918c	13.325	fast
bea82b40-4de4-4655-b945-4d373c6237ac	23.889	fast
da4c1377-2915-41fc-a4bd-6387edfc3624	25.968	fast
6195fbbc-c325-4fd4-a58e-d6782eed5bac	7.761	hac
9a7787d8-c823-4ae1-aa5a-fde7c4e8a66c	21.459	fast
57af1bcf-141a-4443-9a5c-9b751b1427c6	24.267	fast
af6b205c-1168-4072-ac3f-6147bb7ed7a2	10.542	fast
35518782-7d54-4dd4-b8d5-792d0431d8b8	20.682	fast
995b5ffc-3552-48c2-8db9-f3d813ad35a7	31.416	fast
afddf90f-01ce-4d4b-a038-05034101c00d	20.491	fast
4867a8b4-ffc2-4761-8171-d5d89ea6b421	24.128	fast
b20cbef7-c917-493b-b411-20bd06833a89	17.573	fast
808a1fdf-8c3d-42c4-8995-007b74138fdb	24.305	fast
2f9fdb16-6aaf-40b5-a2e2-a7ce610a6f1e	8.708	hac
66f57b71-5a91-4b2b-972b-bc34bb6e3771	20.857	fast
31d41d44-bab6-452e-aaa3-6d6c05132760	16.248	fast
f0b124e8-99bd-4f52-b446-2898e1096b7f	20.553	fast
f7b39598-4da9-4940-83ff-a7506010d92f	17.483	fast
c1d7d410-df7d-421d-a795-5b3d3d734d8a	20.626	fast
593c2f36-b3b2-48e0-a9a9-0db4d6427e75	23.667	fast
b3875b5d-b62b-439a-92b9-af7efc946749	10.865	fast
310fe15e-27d1-4ae4-8bed-bb87047d380e	26.983	fast
6b502a70-3e85-4cf0-aaad-dd8d87f6d6ed	25.192	fast
109da523-7259-42b8-8a53-812f9e89b1d3	10.548	fast
4cdcbb56-2db5-4979-95b1-d09b4edcbfce	19.939	fast
0ae2ecf3-718d-48b3-aa58-a2b2c6721187	22.746	fast
d8d83cba-641b-470f-acaa-4e889cf037ff	24.644	fast
a4faee20-511e-453d-9527-3f3b503d452a	21.382	fast
e80e9ea6-6361-4f76-8662-35d600a889a4	22.207	fast
2d6ab59c-ee3c-41a7-9a7d-8d77d37f2090	17.481	fast
57a52cec-bc5d-4e7b-974e-023539493a80	19.953	fast
a1a10369-dca6-4c97-901f-1d4930a4b994	23.600	fast
4f89bfe0-b18a-4cf6-9437-1b94150f3829	20.987	fast
a4baf19f-9969-4a7c-99c5-bfef4d573996	4.000	hac
a70768f9-278d-44c5-8dbf-7e14c81f82c7	6.899	hac
208f4087-e4c5-4ed8-9115-adf64049b817	21.931	fast
2f1f63d7-17ca-478e-80f4-a095ea2eb767	24.182	fast
dc06ca50-9f28-44db-8226-2c5ac6bbe67e	6.401	hac
d8ee3786-b484-4750-b74b-e613544d7b1e	24.713	fast
14ac553c-09f2-4e8a-8e98-77bea31f2c1f	26.005	fast
e955b2a8-b1e6-40b1-abb5-84869c0354a3	9.086	hac
09c8dfe6-2699-4b0c-8831-eeb982a3a026	9.646	hac
cf88dff2-8cce-49fe-a81a-9ea464529017	8.145	hac
171d8151-64c1-4042-b370-6db4cd855ea9	25.632	fast
dbcdd567-825d-463f-8332-3c3e47ec784c	25.213	fast
7e3cf85d-86df-4715-99a7-5f2cea41f179	21.212	fast
9bc8b5ef-39f4-4f30-80b8-94072d95d113	22.900	fast
cab160f1-8868-4af1-9634-8ff155d4df90	22.202	fast
6abdce08-710d-44f2-ae37-d63cb5ec3dc2	6.862	hac
361f3d76-8230-4897-966e-7a6b74059e28	10.826	fast
089a760b-5cfa-4782-b3ad-b8262bf65fec	24.114	fast
0a1f551c-b81c-4fb0-b2b9-bccad4f66e64	9.477	hac
ab5aeed9-f9d0-4c2e-841b-f1ad51e7b417	8.877	hac
c1f938a0-42c7-42cd-a962-002572d3aeae	22.531	fast
07b91b6d-e3ff-4003-8e25-d32d20dabb4c	10.310	fast
5a1444d8-06e2-4c08-9296-56a22ae85b0b	8.157	hac
8a44e2f0-0095-44d4-9a66-8ae8551a8edf	26.217	fast
924c4e29-3f47-4580-9c2e-a0572e7740fb	26.093	fast
d53ff8f3-a776-40b7-90f6-b46fd25e8f07	23.647	fast
66c00e7c-dc45-40f0-b3c7-fdaf37e8955f	22.408	fast
09eccf39-91a3-487f-b029-0f274e3100d8	19.143	fast
a325261d-9747-49cd-9288-4f2731cae65c	9.295	hac
28adeb0b-65d5-4601-bbd3-14a33483d0b7	19.210	fast
4cd6d98e-9e23-4dbf-ab0e-3c4d5fdc9d22	8.085	hac
0ccad0cd-636a-48fb-8184-d00a5636ac6e	23.134	fast
ff33ac8f-a6aa-4073-bf21-fe8fa8aeebc5	8.707	hac
999e85e9-7a1b-48d5-8ab3-4757835ad9a8	15.625	fast
bd2f3475-417d-4f54-91d3-dcdefcdd3efe	17.540	fast
310e7e4e-8157-493e-ad69-0b843e3c4991	9.186	hac
6d449b42-7965-4e5c-9dfa-ede9ffeb7528	18.301	fast
730fff0a-fce0-4a98-8b59-8ddd107fb1b5	24.167	fast
b622f090-4a63-4d12-a256-9169f754f31e	9.031	hac
557c230e-20ce-42ce-a3ea-39124b63913b	11.501	fast
01426034-23a9-4f23-b2ee-f4da40d68001	20.772	fast
e716ab65-e995-4a00-a0f7-fb759ae93b4f	27.179	fast
0172712f-dbac-4a3a-85c5-0ef72c3fc415	26.387	fast
a1426041-df3d-48f9-a7d8-2c0857e786f1	18.088	fast
a82cba73-38c2-4398-8a79-bde3210c5168	20.551	fast
a77c7290-6fab-4361-b7e9-183cccdd8377	20.251	fast
f8939308-0c15-46c4-ad15-ec341b6bc848	18.272	fast
ad6a7302-64c4-48cc-8e61-89df1a03e8d6	14.799	fast
df34b2cb-41d6-4587-9ea5-1d1c7effdccf	26.079	fast
b075d42f-befe-4b28-aa03-071033872909	23.934	fast
e06474d4-4a52-42db-b2f1-682336dda8f8	9.535	hac
ffc751b4-ae2b-46a6-aa0e-32cdcba092da	24.780	fast
72cd995d-55e3-4abb-815c-41caaeb1f86c	8.818	hac
334cd4cd-7362-4082-ab24-f69ec9ea79e3	11.717	fast
c492f36a-39fd-40a0-9927-171303bea1f6	24.229	fast
302046b1-252e-4441-8bba-bd60f488b14b	25.065	fast
606ae18d-5a53-4b28-a546-b09aa3c0abda	15.704	fast
a3bc31f9-40ad-44e2-a65f-fc03d639df6b	13.342	fast
1551789d-754b-427a-9666-90206fc9b371	5.399	hac
e4cd04c9-f5bd-4819-ae53-b4ba4d0f2339	25.015	fast
362c288d-f1cb-487e-b358-81b733c07641	24.859	fast
07d1589f-31ca-49b5-a60f-941fb7863088	24.686	fast
40590373-6c07-4095-8a54-e89c5e5b45e1	11.546	fast
239da870-3039-4dcc-adcb-ea6821735aba	19.533	fast
373c9b7e-6b20-4af8-885f-f9135415c796	9.710	hac
c73bc29f-ee2b-4b90-823c-f0660f2e8a95	21.522	fast
35718049-8013-4f11-bbd2-318223c2deda	26.362	fast
06afca5e-4253-45cc-9e1a-8d6b454a62d7	24.639	fast
400e2876-2955-466b-b19f-f9dd50c89664	6.530	hac
cc2ebab1-c6e6-4bd8-865c-957dfb0ab0d3	24.903	fast
1c095c4b-d811-48cb-8bd0-a3657bbbedfc	4.769	hac
4101d80b-c9a6-4fb5-85ba-b9992d0f61b1	9.313	hac
4dcc12a4-23d0-481c-aae8-fe6abd86e84e	21.378	fast
b94becdb-65e0-4431-a5c9-9d5767ba6ca4	24.929	fast
02877c85-3b43-4486-9d28-37a4e119e14d	18.657	fast
a06b726b-3b71-4ef6-81a9-a87d96f36ff2	23.473	fast
0da742b0-2a95-4774-9511-a17248b7756a	25.876	fast
72b6fce0-b5b1-4ec3-8016-e9c8b5ac5b3c	23.070	fast
f501a727-3d00-4337-a405-2797fede892e	23.844	fast
a6ad3a2d-e345-4c7e-b5b5-6075c2f40722	22.619	fast
6626b3d6-686b-424a-83cf-0c9e5f343f9b	11.510	fast
1b36dc9d-cfc6-451a-8626-3e90ff46cd64	10.393	fast
f83a4113-7d83-4c6b-bb48-4b3dff6be3c1	20.221	fast
282b826f-d264-4e02-8b75-3f66073c5534	5.455	hac
50c7597f-243a-4ae8-bc96-fbbe19a49242	23.109	fast
c2642f0f-cbc9-45e1-a481-bdb0e8798d1c	11.975	fast
dff8e10a-d767-49fe-829f-024d8cfa7a5d	22.931	fast
c1175793-a025-473d-82ad-3da728550045	9.895	hac
5197450d-7ccc-4d4a-b121-82dbf8c56954	18.916	fast
4447766e-7461-48c1-9006-df0bc0201e56	22.638	fast
eb556908-5a4d-47e5-a485-3f6c006ffc08	15.829	fast
fd741a38-359b-404d-bb4f-0b36c6f36e69	14.756	fast
498f004b-1763-4a7b-a690-dc1a4926bcf6	24.763	fast
44274506-560a-402c-8ce8-61abf9ff3cfe	7.668	hac
2bdffbd9-ad2b-446b-9636-5af14d8e6f96	24.318	fast
4207afe1-8c81-4997-9512-f936049e48b3	23.019	fast
3fd0bf54-a868-4735-ab69-784e3e93886f	16.160	fast
94f7dcb6-5c18-4c6d-9534-549584df5f46	21.561	fast
41897285-1bc8-43ff-a412-27dc47c8e819	9.024	hac
58714cd5-b31c-485e-af0e-596205de0cbb	27.612	fast
b07c3133-80e7-4b8a-89d6-5b8c71fc260b	17.803	fast
3e00a185-36c9-4a35-898f-8aa0b4c8ae9a	20.936	fast
71c9474e-6c6e-441f-a36c-930220801a5b	25.905	fast
54e1408f-2809-418c-b279-1c6df1eac04e	25.964	fast
15b9c383-a6b5-4e74-99ba-1891db50810e	19.987	fast
0dd847b7-535a-4fb5-9a7f-27a5a806b01e	24.233	fast
ce4cd819-b0dc-49c2-92b8-3d842c292597	23.312	fast
1a8dab01-4087-4ba0-b91e-802e6cf949f3	7.851	hac
f7ffc095-c94d-467a-b0ed-3d3f9cfcdc90	21.149	fast
12a96515-7a41-4bc3-a7bd-793cf964e70d	13.104	fast
35fa3f8d-f21c-4cad-b21f-206db611e055	21.082	fast
cae395ec-da35-4751-b87f-ba044cd89e88	26.585	fast
57459676-9cce-4c68-a14e-2761b1c925dd	26.028	fast
368bd776-7779-47df-a997-3b55bb5466c3	24.138	fast
e4318f66-58bf-46d7-abc1-18203b03729f	7.674	hac
aee193ff-59f3-4224-9ce8-12939f9a1253	21.131	fast
11287f83-acaf-4ec2-8fff-20e951496c66	26.742	fast
52a6e8c6-9312-4ba3-8663-845afc03264f	21.106	fast
61ee20fe-b5e9-4ba8-a359-653ed6b6e880	13.274	fast
0a92be6e-e3a6-4cfe-ba9e-2bc3fd83fb9f	25.242	fast
cff80baf-187a-4dff-96f7-5052f4ccc110	16.270	fast
7919daf7-0588-43fd-893f-ced626974fe5	7.026	hac
3610696c-5a5a-41b9-8d1c-0450937a69fa	27.018	fast
72647af6-cee9-4bd3-84da-9c41ed0589e9	24.663	fast
12d0febe-937f-4b78-ae2d-ead73e47b163	26.072	fast
4d8a5dff-a235-4ac7-a925-5858b6602609	18.732	fast
77ab277d-d9cf-4bdc-aa06-bf44527cdd94	25.409	fast
b78d7901-0310-44b6-80a4-fc7063ccafe8	18.548	fast
b1efae19-8cb9-4ee4-ac52-71cc62900d34	22.444	fast
39ce48df-5fe3-4f8a-8393-416db9e94545	27.678	fast
aaa54c41-59d6-4b75-aa34-948429aff8f5	9.931	hac
7185d020-7839-4926-96ca-070d9041626e	27.033	fast
30168029-dfff-4ff8-92ad-dbca33eba758	26.859	fast
cd77a24c-bcf3-4a07-8cac-410cd1addeed	25.100	fast
249b8087-dcaa-471d-a8c2-c9cbbac560fe	20.939	fast
41f16e9e-f195-4ca9-98ce-6a5bb0520671	26.463	fast
06865a23-5c0d-43fd-b614-5e1deb7329df	25.586	fast
15854fe3-68dc-4f4b-a35b-f45bf1159452	22.548	fast
868dfbca-6756-46a6-907c-93c667283ac1	26.975	fast
941b7a8e-c8b0-4247-bd85-6e5d98e917f6	22.915	fast
b67c2816-cd53-4611-89b3-57650619d658	8.745	hac
65dc308f-c08e-480a-9393-3ea2ff5e4676	20.746	fast
28b72a16-0b4b-49e3-9263-fb4b38eb6a08	8.709	hac
d29a6b94-7895-45b7-be98-686fc9b7ecf6	5.954	hac
5cf6f0a8-dc77-4f6a-8b1c-deebe7120227	22.501	fast
305c56eb-8769-4841-8c5f-51ddb89b4def	23.142	fast
fa0bf105-a404-468a-bf07-b188d1342031	28.552	fast
276bbf0e-d694-43ad-906a-7501288c7477	26.235	fast
0a3ed0ae-4b01-4e16-b37b-3e53cd3e8df1	18.417	fast
5ad0a33b-652d-4997-b687-0b228e29dc3f	23.785	fast
1a045269-c5c2-4d3b-894f-7c7477e5511d	20.336	fast
f7afb4bf-6b3d-4f0b-b322-8bfb0192f75a	24.353	fast
7d9a6cb2-a84c-45de-966f-80f8e8b215b5	12.884	fast
d0595063-47db-4fde-a8b3-1a34b0d06cd8	23.936	fast
4076c5df-da58-4b3a-af5f-85f6914f1d56	7.488	hac
6ee1f75c-0025-46af-9f5c-26c6791ae36e	14.252	fast
9e7b02cb-4ee2-42ee-b79a-48a47df484da	25.317	fast
b77dd82a-6646-408b-af75-5ac77cfb961f	23.537	fast
ae6604ed-23c3-4718-bb1e-254fd9dcfedc	19.082	fast
7fcf2276-77a5-40ca-88e5-53d2ec3bd387	14.100	fast
74595cb1-be31-40a8-92a4-d4683a19df66	6.864	hac
270b68f7-b731-4e07-87d1-0ce8be869592	9.089	hac
75584ada-9ed7-4b8b-b46d-0e8fbe950689	25.052	fast
d501d94a-9813-48d9-9d15-8579a04cdce4	21.483	fast
48876e94-f019-40d7-86f1-8576c7823ad9	27.632	fast
434cb76f-139b-42d2-b07d-64500fef483a	12.715	fast
71763031-e3dc-403d-98bb-0f1247d250f1	12.110	fast
cf2c77bb-bb9e-420e-9cae-648bf270e9a3	25.260	fast
ee014112-6f1d-44a3-9da6-670d5d7071cc	20.408	fast
9a1997a7-0cef-4f8a-b400-fa6f0acd163b	19.546	fast
c6fbd096-8ff3-4ccf-a333-bc24e5da563d	10.466	fast
1bae95db-4816-4b26-b4df-255682f1373b	26.167	fast
921af251-b033-43b9-830c-8ce5c598401b	24.225	fast
55caf242-26f3-4192-aa73-87da98a590c6	8.165	hac
fa393214-1440-47ad-8230-5117087a0197	26.559	fast
2bf3433d-901f-426d-a46a-a59d5708c5da	26.489	fast
c78425b8-1e48-474b-b2a1-9c7f300f8f81	22.912	fast
1e71cddb-8f35-4a18-8c00-909c4c3337ab	26.429	fast
d08f5196-d5b0-4d7f-9451-0ba346dec694	22.982	fast
e21f0f4e-dcdb-469e-b494-365bc30ffb90	18.655	fast
641706e8-785c-4b4c-90a2-5da0c0da84cc	21.848	fast
81413bb5-26b0-49f3-b849-83bd74d1177f	17.925	fast
7347905e-585b-4657-98cb-32be6ae63536	28.755	fast
072094b3-db4a-4d12-b46f-35a54bb622b3	23.755	fast
ddb51a81-9887-4648-b827-03d4d2b34a39	22.668	fast
239146ac-5fdf-4a13-a98b-9bc44db35698	19.844	fast
d4e823c4-f545-4434-a2c4-3bd0bec323ab	19.286	fast
c4f0e346-b840-410d-bc93-4b1254c14524	25.067	fast
c8a538cd-8cee-4df5-9abc-7bf13c49d0a3	26.477	fast
6c826985-a495-42b9-b328-612279b81d7a	25.799	fast
51d1ff4b-f236-43a3-be46-b35e8d8260a8	25.094	fast
7f583bc5-87d6-4532-9c82-bf287e723c9e	18.002	fast
b0db3797-13fd-4080-851d-e91dbfece46f	8.656	hac
a2781a8f-b76a-4ebb-944c-4614b8d5ca8f	26.966	fast
7fa0c061-700a-482f-b0bc-70170f66bf8a	27.440	fast
77ec973a-1b28-4ab7-b2bb-48cab769e282	26.419	fast
58ee79bb-4c92-464d-91d2-73da238d1e10	18.789	fast
7a0a9319-12c8-4eef-b420-a999f7970441	9.358	hac
7af3befc-6594-425f-9b69-be978f450267	23.487	fast
23544348-4ebb-4ca4-b771-44d6d05e22a4	4.833	hac
616ed2d7-459b-48ab-951b-a124817f1563	16.735	fast
697b6807-9842-4c9b-940f-1e0520864895	21.144	fast
bf8fba4c-17e2-409a-9c26-652b7d806a5b	27.162	fast
4768bd9f-7c1f-4ebd-93d1-1176b4e757b1	20.874	fast
3862e3c8-7d35-47cc-ab24-0f03e4e14f78	25.842	fast
f6428615-4d43-4511-a1aa-fca1e2041644	8.468	hac
4b1809cb-1317-4128-9dbe-87771a58e1e0	25.622	fast
2855dcba-15bd-4a37-b4d0-7042296f60af	7.897	hac
89d773a9-e4dc-4bdb-a75c-a3182852e0b6	23.005	fast
ff6542d2-3466-4e17-a674-40d0151b9f76	25.094	fast
2775e921-9fc0-4729-8193-8b23d877fbb2	25.060	fast
543916b9-6209-4729-97ab-d11f39d84c4e	12.980	fast
dad4ac8d-1045-40c6-b2d7-22f1b3877549	23.167	fast
ab0bf6f3-1fa4-41b6-af2b-fefb4df7f4de	8.278	hac
a2760f76-bc3f-43b4-bc0b-013479cbf570	21.269	fast
f4c526a9-37fb-402c-9c9b-8d1cbb2e5acf	19.176	fast
76c21f77-30fd-424d-8fc4-08c96b848b84	25.030	fast
612a512b-f808-4f43-8097-59a4e937d41c	27.663	fast
a12ec744-81cb-46e0-81b1-1d8f4896edac	17.604	fast
4449e978-dcc5-4f8d-8a5f-6a03505d44a4	18.610	fast
647b609e-1fc1-4c32-ad74-6ffd5022a96b	5.654	hac
27634a0b-d438-421e-beb2-ab2f3ad1068b	19.679	fast
18da5459-342d-455d-ac2f-59b29fcc5007	25.080	fast
ae062edb-9549-4582-b298-b70dc91533b3	8.513	hac
6a374e4a-a315-4e90-af98-a6ffa510d566	15.826	fast
f8e4e69a-407f-434b-97e8-645beb13e49c	18.378	fast
59190798-1370-4d28-9b36-39514c0f4fc2	9.935	hac
bfca6dbe-fdc3-4951-b5e6-cca3753d1ecb	26.308	fast
e6522444-4906-4170-bd36-396c636f444a	15.608	fast
f624fb0d-bf40-453d-9ba5-cb88b48fcba7	14.556	fast
6deca69b-2db9-495f-bfee-bdd546e0c7a0	21.994	fast
faaeeaa7-4fd5-4beb-a10e-8a6d601cb481	26.425	fast
8c12ad01-0e52-4218-9359-0afcfbcfffe4	22.599	fast
682c89ca-2b16-457b-8029-c8ae1697fed6	27.064	fast
83212fd6-e1d0-4538-84c8-23facd7b1253	8.453	hac
92c5a56b-dbff-4dc4-b403-19230c0bc00d	15.329	fast
f7d250f5-a32e-4da8-a491-6b6f6fcdf924	21.384	fast
97dc64a9-a574-4ca8-88d8-145f03156793	24.935	fast
1b2f0b98-988d-46d4-b86c-8c9471205540	8.219	hac
0610eb01-c780-4ec8-93bc-0104d8cfd0c4	25.036	fast
203609dd-aa65-4905-8b15-ac93807ea9dc	14.671	fast
81807540-7307-48eb-8f87-5a1eb6d099c3	23.597	fast
fa2eb82e-6a3b-4f6e-96b9-6110ee01a31d	18.998	fast
00e27157-4626-462b-a2b6-db3fdcf72b1a	22.176	fast
c395cfce-b4cf-49bf-a055-5f6ba80c9b7f	25.390	fast
722d8382-2bd4-441c-b212-e5715fdb19b2	10.433	fast
03c7ef1b-52c7-4eff-ac41-200003189ba4	16.612	fast
c9964e9d-8155-4dd7-8e2d-7374f355e1bb	19.751	fast
4283f7a5-bbf6-450a-a9fc-cba0859557e8	17.676	fast
1f7e245c-31ba-45e2-8525-ba63469538d9	17.369	fast
1f9fdb63-4a31-4fbf-85db-b980bc4f934a	9.094	hac
56c38bae-e4ac-43ad-bcd9-121ce07db277	9.734	hac
f0bfb536-bd25-4636-9c92-972298f7fbc6	28.827	fast
3cf1b48b-874f-42f9-9051-8687a8e4ca09	10.179	fast
09237f73-1f7d-48d1-8050-21fd4e0a719c	25.263	fast
e7410fbc-08b4-46ce-95f6-9e668c11bdc7	20.532	fast
973d5fc7-8c9d-4688-a314-3cad3b17c63f	16.402	fast
f45b29ea-76d6-48a0-9daf-79b0af634ed4	25.269	fast
bdde3cde-8617-423d-9277-5640ed684739	24.039	fast
3f95ba47-6812-44eb-8ffe-30498874a176	25.585	fast
efac1e97-b19a-4619-940f-5a0299db3d49	21.723	fast
3d30fca2-9b0e-4101-bd73-09f8068f794c	23.643	fast
80532962-5487-460e-8065-7ab8c6ef6956	25.303	fast
8216d68f-7002-4da2-9257-a17f5f871ef5	17.736	fast
4f886454-8135-499b-bb40-d433010a6fca	21.703	fast
a91d8710-e77f-4f30-8567-4e009359a408	33.397	fast
ea425267-c8ca-44b0-acf9-3c88fcb1d60e	24.111	fast
247d2a45-e34c-4327-a6c7-a1464b94a6e6	20.258	fast
a5c9ae1c-01a3-423a-b397-bcad6426157d	22.934	fast
64851921-d4f5-4ee5-858a-92d04abb8506	9.718	hac
1f6cfd3d-651c-45dd-ac9a-f937f93a7589	20.187	fast
03cb48c4-03cc-4d85-b7a5-55a22495795d	12.785	fast
e21171dc-cec8-4892-821f-4277e2e2d6bb	8.461	hac
41a11d66-574d-4b03-bbd7-b9c6e786df4d	28.356	fast
9d3854e6-2076-4109-9041-c7b6240d12cc	6.597	hac
401a3ba9-d50e-4910-9bc2-443459f77798	24.920	fast
386c4828-dd61-40ef-abf2-34d3d710520c	20.741	fast
379a8e4d-81a7-4428-b02b-05ecc5325a84	7.186	hac
3114d12b-7f6f-4005-aad3-ce0c0ba4b99f	22.757	fast
383faa33-b673-4d7f-a259-a0be4ee71c1d	23.762	fast
0d721703-0d81-4b38-ac15-16c48b24db9f	23.045	fast
b033b30c-5087-4d6a-be1d-59b16aadd6c0	21.947	fast
7afa3a99-0610-46ec-882f-6a303a456a95	25.139	fast
9bab8e35-d27b-496b-802a-9ca2bc1c89e2	9.571	hac
22317aad-5040-4bf5-b0b7-cfd96cd49ca9	21.689	fast
be8d74e3-d6ef-4aa3-a4bc-cd4661329ddf	19.536	fast
a9975b39-a0da-4be5-8a95-16f92bed7f35	24.777	fast
8fa396ed-1324-4c75-9558-c3e93b79efa7	25.211	fast
76be4401-16ff-4d9b-a0b4-8619d6085a39	19.337	fast
328b57cb-5006-46fe-800e-2f52d4f6d8bf	24.579	fast
802ed0b7-1d40-4c4d-875b-347d6e0ad624	27.482	fast
32644034-b34d-4385-811e-c7b6786f3b85	19.005	fast
c1a107fe-af44-4367-9ad9-51fd1b390dcc	24.160	fast
8e26a32d-ca39-4076-8a6e-b1fcaa6a4036	23.950	fast
d6340385-1d4f-42c3-8908-4faa380d5106	10.471	fast
33974a7a-e1c4-4578-aa5f-80f356e3a815	17.917	fast
c1632186-2fa9-4d85-8eb7-6f4e78cbc06f	24.917	fast
e46ffc8a-4ec0-4848-8ab6-a17e88dcc0a5	18.848	fast
2379a3df-c81f-4fd2-92cd-2d5a813424ad	25.508	fast
3aa7e21e-dc82-4b50-9ba7-dc4c60d7beba	26.162	fast
8f495a53-e59a-4541-9d35-8c7416746ef0	8.814	hac
e86340e7-d3e8-423e-a3ad-b810e646b481	7.744	hac
8c695f06-1bf8-449d-952d-9642bc4ff067	25.141	fast
95bbf3ef-e1e0-4274-a145-9552522ef087	23.418	fast
e52e2306-91e9-4e10-8e59-ad52908c243a	26.676	fast
063bfaec-4967-4d47-b563-a26133f14006	18.143	fast
06648201-c76f-485b-a496-9164e015decf	8.981	hac
c462770a-c394-44cb-8755-3012de9f51b7	11.848	fast
7d6dad19-abdf-409e-8075-b24a5385fdb8	6.204	hac
f7dade12-0dab-4446-9aa9-6c35ef4be0be	23.455	fast
19276f08-8a3f-4691-b38e-014aca598be1	8.171	hac
1269c72f-6c17-4e00-a411-4b0d4eb52a81	15.912	fast
6e7bd726-d36f-410a-9d92-29072604816e	25.562	fast
50ef4290-e224-4c1c-baf1-1548a7b86ab2	25.239	fast
1b5d8769-4202-47a1-a34f-5b388bf32aef	23.234	fast
801a2b94-d778-4c7d-87f9-57aa6b3dab5d	11.285	fast
5da3be4c-6ea5-476c-b824-ec97e9dbc4a8	20.019	fast
26ff5e9b-e6fc-47cc-a662-5d9d34bd248d	24.373	fast
66dd5084-ff71-4298-8704-0552c59ec4ed	19.801	fast
f66b131a-7c3b-474f-b506-601b0b811955	11.188	fast
8398f7bc-a38e-403e-9ca3-e914400b980f	24.896	fast
db0a48e1-61b4-4cbc-8b1a-d2daaa40f95a	25.316	fast
86d5fa10-b9fe-4ff5-8ab3-885ad1028098	23.808	fast
6ce7abce-7af2-49d2-aa9f-f2d6229ae18e	18.433	fast
116777f0-24f2-47ff-9288-dd738bb4c402	19.578	fast
756c1d1b-dfe9-4acb-a39b-2ad4257729b1	13.535	fast
08cb426c-b9dd-465e-8ae8-9eed5d585227	18.004	fast
9af3b12f-7c6c-4132-aef8-cead2429cbe1	11.773	fast
894905ee-96ee-49ae-954d-a69729d1ffbc	6.993	hac
4fd87f61-fc92-41e1-b413-f58cdfbdd690	21.113	fast
569b50de-7d82-46e8-b7bc-52ecbbaba4a5	18.719	fast
e2f68b5b-9b84-4842-9dfd-d68dbbd40616	26.049	fast
3ca478de-1deb-4352-8006-0cbf99a274e1	23.166	fast
285a7f54-1904-4b2a-a8b7-97fe88d62b0d	25.501	fast
419b7eb2-4417-4eeb-a0fe-dec3987fd954	9.536	hac
8c05520a-d4d6-4757-84ae-828ba405c413	7.765	hac
4c03a042-4ae1-4962-9b2a-c96e03a010bc	8.505	hac
1305b5e6-356c-4001-9fcf-15d6e99fddee	24.852	fast
1e08b85d-a504-4770-862f-4a571b64c055	13.385	fast
a887cf1f-0f8f-4be4-b19d-ae017c9c2ae4	25.336	fast
03965305-9229-4859-8399-01a7f09b7d8d	17.775	fast
b515813e-c217-49c6-a359-9e4a43122ea7	21.099	fast
885004f5-9078-4d49-bf74-b9947fe440c7	26.549	fast
4aa0a00e-22a0-4138-be97-9793c351ec44	22.696	fast
b8cd0ef0-6e1f-4f3b-9ad3-9ee6fdcc63ad	27.491	fast
d9c1dbdc-1138-414e-9c0a-53927b861ea1	7.687	hac
b302ba59-a79a-4a3e-8cfa-875f2766d873	15.658	fast
27e6d75b-d269-4ba4-9c1e-0c44badc9809	25.682	fast
11115b77-fb5b-4305-b111-2cfd89dbf677	24.903	fast
1e11a6c5-e541-47b6-96f2-352f5d299a7a	22.036	fast
074a2ea0-7abb-4b45-b57a-91022f2b29d7	25.222	fast
37cdbb22-ecf8-46e9-b305-0d5e74bb11d9	22.123	fast
8b0e983d-ee0a-4956-bb78-a7bac6dfeba7	7.744	hac
086bb2ed-0c92-42a1-bce6-bba43a41375d	23.495	fast
602c5407-213e-478d-97ab-247106a301cf	21.097	fast
c82a1c0b-3007-46d5-b6be-8099ccd4dcde	18.745	fast
d4d5c5bb-ff12-467c-a760-4fb59de841ae	25.265	fast
5eeac748-1eb1-4e87-a855-62f4ce65460f	24.073	fast
fa1f30b1-55d2-4396-bf30-75e4e3a3645d	21.346	fast
deaae31f-d62e-4106-bad8-7333e20ea34e	8.208	hac
ce3d2726-3a65-4d64-91c4-af4a9123c310	21.977	fast
4cd1f590-b3a9-4f24-87cf-5807d5370a53	24.321	fast
2bfb0400-6e5f-48ef-b707-99c09212313b	22.482	fast
3f0dc417-9516-47e3-b125-ccf541134f92	6.530	hac
9d0e0822-74e3-4271-b3ce-0151859437fe	25.342	fast
beb2ceeb-8c49-4ed0-818c-f62c8e228fda	21.643	fast
cf631784-b22b-4822-a3e8-4e9083752736	24.909	fast
7ae45e22-ca8e-4cd8-8015-d040c3af4231	13.656	fast
4b092f9d-57c4-434a-99ba-a63d286a0fe0	23.433	fast
965be03b-692a-4cb6-8136-97e93f9667a8	23.220	fast
221519de-a4b2-40e6-95c6-f0e3a5d22e38	5.434	hac
b37cde91-4fe1-45a4-b3d2-56810b570f37	23.444	fast
0821a5a9-291e-49c1-96d4-568cba6c0df3	20.738	fast
ad6e306f-f919-4976-b404-c7aefe127d11	21.337	fast
1c83e6ba-ae48-4e26-98b2-1bbaa48691a0	8.109	hac
97b8d448-7243-4442-a250-66f1a51fbd42	27.578	fast
fe3b6604-ab11-47f4-9638-650d57618999	21.294	fast
ff3dd6b4-f33d-4efb-a964-eaa169aef321	14.415	fast
48af3d71-1d2d-48b4-9086-87ee5eca40f5	22.756	fast
1a6a5c6e-b65e-4f04-abc2-9cb05338483e	26.318	fast
43e659a0-b8cd-4b5a-a470-8ebfcb0b19e4	23.299	fast
bfb60bc6-3c5b-4200-b74e-bd72037248ca	16.821	fast
adb06576-d247-4bda-91a4-b121dbe259d5	15.401	fast
2dd0af54-b6de-4701-82ce-a6e2ee4a5174	18.417	fast
66b67ef5-e1fe-490c-8831-ce343852d9b1	21.113	fast
c9843e17-3ef7-42d4-b289-887d50138920	24.458	fast
480733ac-e758-4bdf-981e-a2cbb77c202e	22.119	fast
fe1ab089-96c1-4759-a21d-4b71c9ae497f	5.381	hac
60278172-506e-4666-8fcc-4222db5fc2f1	18.642	fast
743cfe70-c471-4ace-adac-4d6b8700d6ca	24.221	fast
a4bdd258-c73f-404c-83b9-ac6ac8515dca	26.490	fast
9a270ad6-db3b-49ab-86c2-bf21bba91f9a	7.308	hac
aab4a854-9c34-466e-837a-9e1a3a79d8ee	19.510	fast
4c929b9e-54b8-42a2-b520-8b052f59e0ea	19.025	fast
40935e69-42d1-4395-8ff5-efb0d08cf658	8.231	hac
f40a6044-e5ee-406e-873d-ca5c54640705	8.292	hac
4607cfe7-13f1-4e6c-a0a8-8b335cbef4c7	20.855	fast
c6f3586e-8a62-48a3-b335-5f2d1b0dce92	24.549	fast
ff71514a-ec8b-4ec0-a316-226d4b133f40	7.139	hac
aedfa5fa-1d0f-4369-b99b-16ad77e382df	25.864	fast
069c7846-fe65-4e0a-a8b1-8ef267bd1e30	8.899	hac
9b76a177-e99d-4463-af44-82ef51781510	23.697	fast
819f47ac-8773-43e8-b162-b279c3e0266c	16.856	fast
7d4912f1-98d1-4b61-b19b-5b44e07c383f	8.582	hac
e3a72219-c7a5-458a-9b1a-8fee34e0d599	25.171	fast
15b59a9a-e1bc-4954-8a07-718f2294d99f	10.127	fast
bcabc3dc-ec22-43dc-8ced-08bacaea9aa7	26.134	fast
7b34f6af-a363-45ee-9424-76ce242b5465	22.593	fast
e5af4222-04d6-44fd-ab4a-51f9db74ee43	23.747	fast
9b0ea880-e5d2-4a13-b294-0a6b0a2ed4c7	23.403	fast
a10253fb-8d8d-41ce-ba66-d8afd5384fe2	9.183	hac
9f1813b6-3f79-4128-8b53-0cd74980926f	20.438	fast
4d2301d4-cf2a-400f-98ef-2cfe13e39345	22.937	fast
3de27e7f-bc4c-460c-aa05-39d30f0172d4	7.925	hac
98ee1e9c-1619-470c-a05b-b2e2e0542e1b	8.866	hac
d2fd3305-06cf-4771-917d-bfab6cca9919	20.469	fast
45c87a90-e51e-4759-91a7-677a8c2b2e37	18.048	fast
b8c8c600-7824-4898-8cb3-58d482c41478	26.070	fast
ffcbb555-8b4e-42a1-b0e6-71e9b659997c	22.822	fast
04b84f77-9a32-4f55-834a-43c8b27f3b70	21.020	fast
32f1be86-444a-4280-9736-d03429f8a13f	24.627	fast
061f6a4b-dd79-49e6-9e77-e9e7b40a7363	26.634	fast
2836eafd-6006-4790-96d3-489bed5ddc8f	23.442	fast
5465075a-7026-4bed-9d17-aba23ac596dc	12.461	fast
7d8e83c8-afd3-4849-a40c-f56b598f4c43	5.996	hac
75f25407-971e-4ce9-b5d7-24f447ebdb5e	26.690	fast
6b7a8ba3-1503-446b-ad86-1fcd2963a878	20.184	fast
940fc33c-9b10-410c-9fef-683589b84840	26.284	fast
c6bd657b-fc7f-4913-993a-63d035a65695	23.395	fast
f40f7e26-ed46-4913-9dce-2a12c90b03e7	24.214	fast
8f6def3d-2627-4eaf-a244-f6d6bacceea1	26.231	fast
cd493249-46a4-4f24-8a22-9a80cf49d6cc	21.386	fast
fdaa5ae6-bdb1-429f-ae99-0fda05c5d52e	9.012	hac
090a9c09-b304-42e5-8408-859a148a6554	13.214	fast
05e74328-e3fd-4eb9-8ece-55b627b5650e	23.483	fast
1e84b986-f312-4b16-9cbe-ee0f926951f1	14.257	fast
cfa46f41-3c14-46f4-a9c0-514e61afc46c	25.214	fast
cdf2d3d0-7c82-41cc-9525-42a73ae9ddec	19.728	fast
834d8dbc-75d0-45a0-b315-ee350a458e3c	9.748	hac
16c3187f-495c-4d88-8d60-59eccedc7c86	23.604	fast
28bcde36-72e1-47d3-bc11-8a71e9318415	6.985	hac
8e153720-9c97-49c3-9640-28664d6334e8	25.627	fast
4b2e810a-ee2b-4517-9870-d3c35470bdcc	8.127	hac
ae9ab247-2d6b-410e-a04f-36047859b1be	25.874	fast
28b13ae8-681e-43b8-b549-8c8298f2bcbc	22.918	fast
d32ab111-94a9-496a-a9b7-21afdf9d7bab	25.305	fast
19d08928-7a39-477c-98c3-136d8c1b80f9	24.831	fast
2b27e838-4db5-42c3-9369-0e6a4d88b2f7	22.362	fast
5a4ad69d-743c-4501-b12e-ad4e609c5b73	21.896	fast
dbba7a16-c759-4fa5-b6e4-1f2bbce57a05	22.241	fast
61f0e2d4-a4bf-4a93-aaaa-9021d2eeae71	26.363	fast
91d6d983-9104-4357-80bc-53b30adf9dd0	12.930	fast
a269797d-924b-4160-954d-059ec380e1ef	24.033	fast
77208495-3e19-4797-9bea-62cc69ae6047	7.405	hac
6017679e-e1d0-46e2-8bda-a4ae4724c4ef	9.859	hac
5f6b5be9-9200-4a86-9a29-09e205091e5b	28.364	fast
f084aaba-6fa7-491f-a54f-9dd76348d625	8.268	hac
2fab0adb-91e4-42f9-997b-b879e3517de6	8.541	hac
1363fcfb-f37b-482a-b73f-1931a420ce8a	26.363	fast
4c2d7877-7821-413e-b000-29071f5f3f64	4.820	hac
d4944428-033b-4363-b6ed-1bf1b123b39c	21.402	fast
183982b5-8dbe-434b-9112-4654071c1e3c	24.212	fast
e3d31acc-660a-4e80-8b33-27671183b68f	25.743	fast
9e4c09cc-fe05-4ce2-969e-48e594319fb2	26.511	fast
d0bc501d-07bf-402e-b321-3628a5980f66	26.795	fast
ae2d20e1-3c32-4243-bc7c-de1157f73c9e	24.784	fast
8e7e9866-220d-47b7-ae90-4984eda694a6	23.639	fast
b3e37703-b76c-4de9-91a8-9fedc66a2059	24.234	fast
b43fcea6-21f8-45be-b225-1545baf10916	8.268	hac
e3c99019-365a-486b-9702-173585c3a8cc	25.403	fast
b18ce054-29ea-46e1-979c-7d8cec1bd364	23.872	fast
f2840cfb-2c8c-4dd0-8f09-8caa537ff445	25.516	fast
63b5bd71-977d-4015-83dc-e744df0fef58	10.662	fast
e2218c1e-2588-434a-b59e-847236095ee4	14.811	fast
9007fc41-2762-4802-aab5-1932e22ee123	5.367	hac
d1b36589-e4fe-4cd0-bc0e-ab73d24ce547	26.747	fast
e140a9b3-ab7c-40fe-9171-2b8b2c196ffa	19.487	fast
34bbf192-8f97-451b-9f2d-3c00dd99290b	26.046	fast
c5a2dca8-d456-4000-a1e1-cc88570ab4a4	26.794	fast
5faa5091-69d5-469c-bb0e-29fd70317f95	8.863	hac
9d3ffade-f4d1-49a1-a8ec-d831b28410b4	26.210	fast
7428a253-4873-4254-92de-0b189525f77e	10.423	fast
bd9b8ed6-3fd7-4c7d-b41b-2a3c0049021f	21.087	fast
e0cb3a7d-3587-4317-a195-749dc45a8a89	25.031	fast
2520890b-19c8-4209-a94a-6beb4188ad75	19.550	fast
55c315c1-514f-4259-a416-40457c64c227	15.186	fast
20cd9bce-bf51-4c69-b826-e2bd66bd74a1	26.454	fast
c830606c-7fc7-4f27-8b13-3cf6351a30f7	8.659	hac
2c6d99ba-5c2d-4f8c-98be-6597e62b8555	23.533	fast
b98d10af-40f8-46db-b72b-d1c706e81b15	8.351	hac
b080bed3-b8c9-44ce-9126-4d8315c463c7	25.753	fast
f7400e3b-60ea-4772-9759-9abee868854f	24.133	fast
86adb156-e8d7-4381-bf6e-235e0da7eac4	14.628	fast
55496bf1-7a67-449b-a18b-69f049dddffe	18.008	fast
e2860fbf-7b9d-4da1-a8c1-feb34cb979db	12.694	fast
7fdf88da-5cfd-4a6f-91bd-8027bacdf0d0	25.294	fast
c1572908-db89-4d86-ad29-a7892c3aa096	22.039	fast
0d8efd27-66c5-4359-8ab2-79d0e239ba2f	25.535	fast
b858a22e-57c3-450c-b4fe-21bcab6e50b2	25.707	fast
d69abf9f-ef9c-40b5-a22b-e093e77ac3e7	9.768	hac
e475eabb-5eca-4c27-b3c7-67edf160b9c9	24.274	fast
6701dc42-850a-4c96-8cd2-8301041e8c99	15.697	fast
3b710069-378a-47e3-b20d-1dac1f6deb85	7.885	hac
3361693f-b73a-4945-bcb6-eeb53e708791	20.826	fast
b8d20442-4ce9-4efe-9dee-14a4c1024381	19.150	fast
71dcb19b-0ccd-4b6a-9841-f9efb9f7106c	7.770	hac
1ede1187-12f0-4b0f-b359-a5030f116a97	24.371	fast
71d45f74-4e42-4184-8249-85927088f42b	25.534	fast
79377b75-83e8-4736-b027-f00d595958a8	22.386	fast
b7605107-cda5-4707-8301-1432cb993899	9.057	hac
15957664-aaac-4c69-9465-c5ef297127bc	24.466	fast
10f25192-20cb-4efa-b650-b9d5914aa84c	9.120	hac
2a4a6508-0406-47b9-a75c-89b22f6671e0	16.669	fast
6aed5e8d-8e66-40bd-ab57-0090f8a22cbc	10.734	fast
d22f9101-9401-4b1c-b21a-37efee14cc14	22.665	fast
87264897-d37a-4530-b5d9-4f1c1aa5bfec	17.724	fast
10dbace2-c5a9-45a8-956c-cf9eda096ac6	24.648	fast
18715063-8dc4-49c0-a095-5c33f179fed0	23.856	fast
5a64304e-6bf4-41f9-aa8c-1021c318f2ca	17.790	fast
e799ed48-78bb-4211-babf-148429e4b08c	19.541	fast
825a3f19-3d0c-4e95-b442-8e65c839ffc8	21.255	fast
6f3f2cec-0c21-491b-be95-447a96edfca0	18.602	fast
1f84084e-be5a-4eed-a65d-f7f5c21a0fc5	26.221	fast
05c67112-9561-4548-aaff-1d81e629517a	9.243	hac
192793e8-1cd0-482a-927d-85e00399a361	8.591	hac
a5c2c655-1a9d-4033-95c2-986d616b17c2	25.281	fast
bd25fb7c-91be-4864-9bc7-7714dfd7785f	9.028	hac
41e52e00-63a7-45db-8f57-e6359310632a	26.354	fast
b6e0832c-7e1c-4ee5-8401-ddb8eb0b6034	22.390	fast
680a6728-0dee-4949-a8bd-0dbf969d8bcb	24.996	fast
6b0d1e33-fc74-4409-b5e1-f543f15ce200	23.686	fast
5357105d-ebfc-402c-8722-c5f0158177a8	9.535	hac
3795bd30-8914-4b27-a991-1206cdd80dcd	23.125	fast
924a0de7-b92d-43c8-8be6-0e04691d16da	19.660	fast
3936999d-2668-4726-9258-52010cdf42fd	23.303	fast
fa17b27e-5b96-4392-8251-4934cb030223	13.472	fast
1242af13-2cf6-4bc9-9d0a-91d631d3f28d	21.504	fast
5948dab2-f377-4768-b119-57526f503f60	18.533	fast
e2b479ab-5023-42e6-ab7e-707f2dd58ea3	12.825	fast
60bf8393-bde8-4c03-aa05-fed3c9b4bcdf	16.858	fast
3f6448eb-6c4e-4d4d-8f2b-a94d7425d174	23.432	fast
7f36f049-4f61-48f8-a1d3-dee71cc47feb	8.736	hac
d060a122-db2a-4236-b8ef-6a7fbb55ad9f	24.807	fast
82b400ce-d427-490e-b699-97b54cdd4b7a	26.761	fast
7f41a116-4243-4773-8b8a-fa0b8950f333	10.504	fast
1a7c8c14-c2e7-4e81-b2b5-7e829418bf11	23.966	fast
74a49acb-18b2-4063-8ee1-92cdb08c6c94	23.231	fast
1dd77fed-5891-414b-82a4-76bd3f145d23	25.265	fast
50078979-d483-4c46-a982-5f014a45dc47	23.252	fast
4bd7c32c-2ac8-41ef-8aff-3eedec9273ed	9.936	hac
360ee823-a186-46ee-b8cc-70ed346f3583	26.353	fast
1c408ab0-5c3e-424a-a514-db327edb8a02	24.462	fast
8c44181b-1be2-45bb-b40a-1c5643702dee	9.817	hac
2f9a4b00-de7a-4f2b-ab87-5d780e5b6015	25.339	fast
176a15cd-5a63-437a-9663-b7f327d72349	24.069	fast
af9aba05-44c0-40f4-b264-0f9703ab165f	23.231	fast
3840fb96-0d63-40d4-b490-541cf7278d8e	24.246	fast
1a4aed92-99d9-4b4a-9481-dc7f23c42b84	22.411	fast
4790371a-4acd-4560-ab91-1d46b06f038a	22.067	fast
8d70ebe0-aab3-4469-b91a-d9196a3a8be2	17.901	fast
383eb77e-6aca-48d6-b407-18e29432f597	10.679	fast
03d6df4e-e035-4797-8673-281f8957945b	20.835	fast
6accd895-45b0-408d-a696-6133211605ca	7.695	hac
13ab5d68-2066-4d7e-8ac8-2d77f22db469	22.674	fast
06a8045b-1139-4796-8ffe-4d1787dd2d66	23.643	fast
725a38d0-2c02-4c55-816c-d419a0628a47	22.929	fast
f9b3cd20-3680-4a03-8ba4-0708d3c7adee	20.487	fast
72f98c9c-0fbc-43bc-a2ed-f43d491ce210	3.893	hac
744c773d-469a-4299-aceb-deb0c9c60456	27.050	fast
a1e08fd2-5c2a-43d2-9c9a-e771ee5300e7	24.963	fast
fb38a365-0227-42ec-aeec-040e98d3197f	25.165	fast
3889c9da-15da-47fe-a62d-7622578e506a	24.433	fast
79bd8ba7-d237-4b76-adac-4311cf2942ac	24.519	fast
95a1d0bd-40ea-47d1-9d9c-1bd74261717d	8.772	hac
7c320071-8b0a-4e90-8fc9-deaa9886ca7b	22.352	fast
e510803b-357a-48ef-b384-96965faa6471	22.127	fast
911c861a-bc5a-4f81-ac2b-8b8e4828b6f9	24.259	fast
d906e433-2726-49ba-9846-cb393ddb0f0e	24.056	fast
24ea4039-29a3-408b-9637-584fe0b4a526	26.353	fast
19d426c7-be67-4947-bd26-31e15281334d	6.312	hac
a0b98808-7c99-4ee6-b04d-47f2af72031c	22.749	fast
c66a34b1-8e47-460c-8c66-6f6a9568a4ba	25.731	fast
1a269b00-c450-4339-a289-c13f0eda8a69	25.865	fast
5d423f0a-3367-46c2-9898-0ec71c5aed66	27.679	fast
c9ab20d2-8224-4ed2-9117-dd88dfe6499a	8.197	hac
68fb3b89-ff64-4359-ac28-582b6844e115	24.738	fast
b65ea2b0-058c-4e37-b607-be26d24d207d	25.419	fast
31ae1e7c-a687-4f18-9689-4b72df8a80a4	22.700	fast
ece791e8-bdca-4e9a-9783-d986e3b141fa	21.904	fast
31433de0-3375-4d00-b9d4-250d8fb6f5a7	25.333	fast
e9a17254-f0bf-40de-9bc6-c8ff22133886	20.802	fast
4e18b71a-7354-4a79-ad0c-29ffb37bb5c7	7.817	hac
9d0eae32-d67c-4898-b5c7-65f204eedf70	10.688	fast
b8c4a0e0-f73d-4fe8-88a0-00fd5031f6b1	17.568	fast
9cfc548f-36fe-4d80-8e2d-ddbe63b2c461	15.276	fast
68ebbd6b-4c6b-453e-a545-24c0faa4b6bd	20.690	fast
523ba57a-33a3-4d3e-839d-e60aedf38b5f	25.406	fast
59ad6e45-8c61-440a-8b2a-7e7225f9c824	26.340	fast
829954f0-707f-4c26-850f-0e8485968e6b	21.597	fast
890c05bd-3638-4ccd-ab67-d68de6820b20	29.027	fast
55025cd5-f7ce-43ac-a45c-3c3e0e602302	9.064	hac
04b86bd6-79c7-4d84-879d-67aeb26f8eb6	19.159	fast
041acf21-e8e0-4bb4-9ca9-ef3a0f1d11b3	21.190	fast
e6acd7a3-fb04-489e-87b8-d9b8782d2282	22.800	fast
48c95806-c2cd-4dd0-843b-8517c0ba4e6c	22.192	fast
2726d22a-ac77-4f02-8c07-6b1fd5924a4a	23.502	fast
126bb598-26cf-4423-b1c6-ad69a0024ab8	24.369	fast
1aae63dd-30de-4514-a86f-a740f963a102	17.920	fast
5f57fc83-f7c2-41b2-b5d7-87d94d244ba4	10.801	fast
bc08bb03-9901-4471-8f95-6d6aef1493c6	27.465	fast
cab8b7f3-77f1-43b0-838c-5e99afe2c1dd	24.460	fast
a007d674-5455-4f36-a03a-4d60557ab9f9	5.099	hac
8d397d5a-a218-4d46-883c-44acf8256496	21.160	fast
dce6254e-6d56-40ef-af16-db3b3e685cda	6.911	hac
22fc3062-534a-43c2-9515-f89263550e75	22.631	fast
c2037f13-22c6-4b03-82e3-47d6e89c9663	20.375	fast
a330037c-7404-4b52-8939-6ca17b52fc68	27.138	fast
2c272adf-6ef3-4390-847f-174e74304465	23.313	fast
b529678e-0a0d-460d-abbc-05781a0ddd79	25.655	fast
3a9f4afb-e3b9-4d7b-a567-74cc135ebe00	24.447	fast
4aff34c3-41e4-4139-9ac8-7c822b6061af	21.327	fast
f3eeadae-dcae-4479-a7ad-f6730c595935	23.286	fast
6a6a8a6a-931c-414b-bdba-2a27f712d72f	8.956	hac
551c329f-b621-438e-b344-0ed7e8f6fb17	23.070	fast
df836e6e-20a9-4c5f-8e63-b6b7fa3888c6	22.262	fast
15ac4b4b-43d6-49a9-8429-981c3b41f515	27.001	fast
6ec7346a-1fd3-4db6-9f6e-d948385f3d8e	21.312	fast
b403d0fa-7375-4a88-a8c6-fc202507422c	17.805	fast
80f521d4-8fae-4235-a299-378795ffdb0c	8.457	hac
2d73affb-3367-406f-bd2c-a6f2e2570111	19.894	fast
6a14f5be-fdd9-4ebf-bbbe-cdb22c100ca8	22.967	fast
5d6b35f7-9d75-40bd-8f2a-cbc94fee6ebf	23.215	fast
8c82edb0-1721-48d9-a926-5ffeef9087ac	25.351	fast
6f2d881c-5c15-432a-afb5-9df0d915ef49	19.926	fast
c2ebd597-1e43-4691-b45d-434145dd41e8	21.597	fast
c3aaba67-3bae-4c2e-9069-24a2c135a097	3.103	hac
8f65d9f9-bc49-49bf-a27b-a6f077c35ed2	29.237	fast
d76c9a72-b751-4858-a196-857877976bd6	24.209	fast
7e347e8a-df3c-47b5-9e9e-1dbbcd496b91	26.381	fast
f963f0eb-f617-469e-a8ed-80595a294bd8	25.409	fast
600f3a2e-5f53-4afa-98a7-48ee0813ec52	31.241	fast
5793e37a-76a5-4345-812d-31a287ef59e1	11.490	fast
236a7335-3e18-4cb7-b657-8250e2c5089b	19.086	fast
0b9c24db-99f2-41a6-abed-787360c3597f	22.179	fast
9946b586-7c97-4fb9-bf00-95d2c09c58cd	17.750	fast
37b4411f-effd-46ba-b2b5-eaf6dc6c7886	24.282	fast
d1b3d732-2ad1-4fff-8ef8-95fe1a3af4ee	26.096	fast
3f782f19-35e4-4616-bf82-3dcf432a0eb1	23.569	fast
bf5c9277-2d8f-4ec1-9342-fa142c5a5968	16.498	fast
1d45cec0-2dc7-4fb4-a948-85307011465d	25.976	fast
260c395d-47cf-4a60-8aba-9d474f242627	27.000	fast
34bf7e09-a354-4d96-9b28-0a5d3fc23731	17.786	fast
3ca9e38c-caf8-49f0-a714-c0ff65b3a290	19.700	fast
d1eafeb2-a9cc-4bc3-a9a6-e6f2a981d3b8	19.617	fast
7769a848-2e5f-4585-b11c-526597b1f053	13.605	fast
750fc853-b688-40d8-b393-77771e1e83ad	29.300	fast
6f797e4c-ac39-4ceb-b0af-ec91336ca68f	16.933	fast
5b172e40-56cc-413b-898d-b637ef3dc662	25.793	fast
28bd5b6c-6b12-4ad7-a4e7-0ee548d7077d	25.097	fast
ba049379-7afb-454c-9ca6-62c1d2f6aaff	24.196	fast
fdb9b7b2-174e-445f-9b6e-187b81cc9ed9	10.418	fast
c738f4bb-a6a2-48f9-aedf-88851f6f23ce	23.546	fast
67145d5f-933c-4a8c-b403-c7337db680e9	22.098	fast
58fbc9e3-fee7-45f9-92d1-393a2c7d0e28	13.256	fast
43811a1f-70dd-4fc9-b6c4-ed9a5d0fc389	9.714	hac
a8a9c2f9-8abf-4de7-994b-4630cf904738	26.626	fast
d9728f7a-3218-4ec1-a1e8-2537ae14183e	24.483	fast
a2deff0c-b7f6-4f15-9bbd-0a9f7ed2fd8e	14.979	fast
064ecfec-95df-406d-9a8f-1cae6e24c5e5	18.852	fast
ef892717-d7f1-4964-9254-f8827d003d3f	24.893	fast
10f07c73-38a8-4f61-a94c-675daebd9a2d	24.510	fast
c1b0e32e-3965-4a24-a032-e365ecf969fe	22.938	fast
fbfcfbcd-80ae-4147-aff4-5334b0d3dcdd	19.533	fast
4491c47c-4e2c-4ec4-a752-c9a5912f24f2	17.958	fast
60b21254-325c-4228-a373-d384c6e32bee	26.288	fast
72e724aa-db0b-4889-a3fd-9f7fbc968c64	26.019	fast
d96c3daa-fc7e-4b7e-b76d-9419a87fcc16	7.662	hac
99f9e0ba-2668-46e6-b18e-5ce20895da86	19.115	fast
16afd828-d8ec-4f24-a3b7-d7755fcd667a	21.054	fast
480942dd-77a0-4d52-ab3d-a8602005bd42	26.084	fast
28c4340f-e282-48b7-9706-e25941c1d5af	19.034	fast
0e277ae1-03d2-4ec4-a6b4-3b97dc89f9d1	10.321	fast
67311d75-7566-4716-aea0-967bfcf638d6	17.449	fast
67d833a1-409f-467c-8a42-1fac1507d746	19.652	fast
ef71e89d-6522-4846-87be-7c88fd0cec28	22.292	fast
caefb0ca-91e8-4b0a-837d-cc87a9129cb1	21.306	fast
c3f0f1c3-95f3-49b5-a16c-070d00492238	19.576	fast
fca6bf89-cc72-472d-a3c5-cdc80e35fc8a	24.395	fast
b71e82f0-1d09-4d6d-8281-b5c6b2a33528	15.213	fast
85f26a7e-586e-44ac-974b-0f59b607a7e3	27.465	fast
751a7c64-d9f1-4854-bb89-1150ec576dc1	25.257	fast
848233ac-cd98-4b25-b1f7-abc32cb0bc95	19.739	fast
686cd8d2-780f-443d-8b36-9be98d1d7e5f	18.698	fast
81be0d2a-040e-481a-bca8-f7809915351d	27.143	fast
a7c6f3db-fad9-4763-a87b-a9f2acb520a3	6.765	hac
62328594-4cb2-43df-86d7-a41c0c60a731	20.774	fast
9bcb52bf-87bc-432d-80d0-fbeb96f18c07	25.900	fast
ddfe0b56-ce2d-48be-8c72-139c62602486	9.517	hac
1660e18c-0712-4c78-8b74-992bd12d2339	11.227	fast
585f2094-1e9e-4205-b85b-089d5369a7cb	28.094	fast
df45db0e-0a55-4c74-be05-6140b6a98a6c	21.880	fast
2689c7a2-3ad8-47b4-bfad-407d526c11e8	15.362	fast
68df90a4-10be-40ef-aa32-57884b1757c6	25.318	fast
2cec392a-0455-4613-a025-18ccf73d1575	22.378	fast
c3bd9962-a9ce-478a-9538-90c8bb40325f	24.381	fast
d2739bc7-c540-42d0-9e8d-331bd13f02b7	16.750	fast
f73d2a4b-a7d4-46a6-996d-fe1603ea5fe6	25.096	fast
68897b7a-93a0-4f2b-b5cd-3780ba799a7a	20.062	fast
29f15585-826e-48d5-9c4f-36f239b8552b	17.930	fast
484b70f6-a690-4f7a-a357-f5f85b707f4c	30.496	fast
a54415c5-9670-4adb-b358-33b935a78bc5	25.594	fast
387b3fd1-7298-41d7-9ee3-ade7466ae0ae	10.171	fast
d9989594-436d-4284-85bb-452cf248bb36	10.947	fast
80b257c6-0dd8-4de2-b28f-ec6b572dae28	21.791	fast
caae35e6-c725-4ae7-9007-16177f4b0ad0	9.262	hac
7b2d14a3-46b0-4bd5-bea6-bef4839c1b99	21.577	fast
01c6d618-c013-4f25-af71-65393f0dfd28	25.335	fast
50d42f14-b348-46e8-a141-1c778492e99c	25.478	fast
69113f50-4f29-4f0d-a377-6daeadbb7876	7.590	hac
98b675c5-0ec3-4dcc-9bea-7828a9092775	20.990	fast
4ebc6b1a-4e24-4d4a-ae46-b7c7cf1c8e53	25.952	fast
beb18bf6-ffab-48b5-afb1-e48628ad1f7b	21.305	fast
d00e4fbd-55e5-40cc-ba0c-eaed2a4ff1db	24.833	fast
9510e208-5fa6-45eb-858f-a83c42a4f083	23.533	fast
af6249c1-1222-47b3-8006-bdbe180242b0	24.359	fast
02acad58-bee5-4376-b8d0-7910b4b8bf0e	20.074	fast
18d1c666-374d-48f1-873d-98b6bfd48310	25.352	fast
eac69b9b-2f2c-45a2-8ce7-6520582bc8c2	24.157	fast
087fbebd-28cc-46d0-81c0-62dda0d3a227	7.635	hac
761844eb-9576-4749-9cd5-6e5156c241ff	24.087	fast
0e55a2f1-18b4-470e-9039-f7b190fbb354	8.923	hac
0bbd1a82-f959-4298-84ce-333ba52350e1	20.335	fast
8041eb8d-62fd-4357-824c-c8f4e495824c	22.277	fast
6f30fdec-02d5-45f6-847a-b234978cdb3f	8.718	hac
c8083791-7ede-4f8c-b88a-bcb02d110909	23.576	fast
d5c7b927-7f1d-42c0-8581-07b3abd4ca36	13.800	fast
6ce8d9cd-e933-4b56-b623-923b12dbbbf4	27.381	fast
b7585c55-aeba-4a7a-96b5-573c0b46bfc4	24.916	fast
6949ff53-2801-4e71-9e19-561975f9b086	18.384	fast
a56d0fb4-a10f-455b-be0d-406a956a0a3b	25.463	fast
a0766472-2c5a-40e1-a04f-0654a74b6b8f	9.671	hac
55a34d0b-31f7-4302-9c0b-45554e566c3b	9.856	hac
179c16d8-b848-4c6b-91f8-34cd83a7f2d0	24.532	fast
816716d8-cc5c-47e8-b2de-62fac2b10b00	24.288	fast
765a9422-f3b0-4ab1-ad25-fb7b812ee2dc	24.690	fast
3c2dbaf4-c2a3-45f4-a1f0-09f8f9003022	22.801	fast
f5a64579-1f87-4587-90dd-6b6d16f1ca8c	26.419	fast
887989b9-d48e-4535-8a8b-4d9ed372c539	18.308	fast
9f47f1a5-80bf-4d46-b10a-30c81591bcee	21.081	fast
0f9f02ef-d304-438e-9445-aadb9aa40db5	31.133	fast
fc8f7a0c-a393-4025-b295-6fed165e06a8	9.179	hac
453d024c-c336-45ab-963a-b6fd6cef5938	11.868	fast
bec7dae5-aeb6-4b96-852a-8972055e0a5a	6.276	hac
31478923-f69c-4865-b130-8ca5d4f84375	19.936	fast
4c1d176a-0863-4112-ab5d-dfa6d37c9c42	20.588	fast
d3049073-8f18-42c1-ab1c-b19034c738fb	21.500	fast
f2c7f6e1-9835-465a-bd2d-41d174ad9943	25.056	fast
9cb6f739-f761-4996-b0d9-28a077ba4ea1	25.868	fast
7b378ba0-57ef-4351-a6e6-73cc6727500d	24.686	fast
1cf68f7e-2d1f-4719-a0be-2313764706da	26.130	fast
f717dbbb-3f37-407c-8e0b-098ac26a81e8	22.401	fast
5178db4c-769e-48e1-932e-b154dc9fc58d	25.297	fast
ad77f93c-9795-4464-9190-5f785500e9db	24.169	fast
585bb0ec-aef9-47aa-b55f-4ff886b55df2	13.308	fast
ea3b1063-0df7-4a14-a22a-8118f240b1b5	8.171	hac
fb870b26-46c8-41dc-a80e-81d0d8f470b7	24.416	fast
62e30e41-512b-461b-b6eb-8917be33028f	24.549	fast
a1f98074-a428-4b54-8757-ad2ca74765e1	23.115	fast
38c38d4c-5ac8-48ec-b607-4203abc6f952	21.348	fast
02362a8b-5d09-4e20-8456-38aa694dd395	9.345	hac
7a19917a-a006-4f37-8089-5b36e3e5fe69	27.863	fast
28ec0635-c1a8-4907-8377-4e40846454d0	18.125	fast
c80dbf10-bd93-4fa6-821a-df9d358ac955	26.603	fast
9f26bb33-4b24-4c7d-b358-68169944f3f2	10.541	fast
3300d4c2-2124-4642-909f-568b351322a0	20.137	fast
a4fd3d05-c19b-4a09-8d96-16f0365b126c	23.287	fast
1159defb-a01d-4d4f-abf8-ade82a162cde	25.891	fast
16f93ec3-d0e9-4678-86ff-385a7bcedfc5	15.464	fast
6ce6ceb9-ff27-4df0-98cc-2e15f48731cb	25.043	fast
ee2681e3-e600-4072-89c4-8c88bf0269d0	6.031	hac
2b733e96-7b93-412c-8263-c84dd944163e	21.356	fast
3083a3cc-1d51-4c2f-9e81-d059cb522db1	7.362	hac
57fae097-da35-4d86-b82c-f81c27eb3994	25.336	fast
4056fcda-b152-4c1c-a671-a849318adfd7	5.233	hac
f11ea1e1-d4a6-4641-9b30-16d64411e1ca	9.054	hac
b102b423-e3fb-44be-86f8-97ed61d6624e	26.910	fast
5b211535-67d9-46cf-9692-6b8189fdcf9a	17.970	fast
1c9fa387-dae2-4c22-87d2-f1432c1be7fc	20.590	fast
a5173823-bb9d-456b-89d8-6cfe9f05fc2f	21.994	fast
9042b12c-1060-4082-b9d0-38c8af1a886e	25.403	fast
c8e8f007-5d94-4f18-aaf2-78acf6970488	17.075	fast
9ffe06ab-763e-466d-9cc4-ddd54c668a92	6.568	hac
6aa26205-7d2e-4f54-8027-3116c3ae3a08	22.455	fast
0a99833a-fad3-4c38-8382-ec8c88f21ec1	21.590	fast
ec9b6ed4-fab6-4dc9-82c1-f33fcdf3e234	24.824	fast
9f5977f2-fd92-4485-b04b-3c3b9157390d	21.422	fast
59775d61-8190-4101-a43c-b936f7f60e1e	23.308	fast
dec94439-91eb-4c63-a54e-d73e7934d67e	26.886	fast
27475021-feda-45d4-9272-d0a82a5bc006	13.172	fast
839800e8-32f9-4582-9632-fec843954692	7.763	hac
ff53556d-021c-4a05-b689-cbf7472ec2c8	7.510	hac
1476317b-73e0-482a-8f13-1c833b0b12a8	24.010	fast
f9f84ad2-aa9b-4b58-8300-0b39a1024736	12.699	fast
c2ac75ec-db42-4be8-9d10-e25155a02cca	8.401	hac
608048be-bdac-4365-b64b-438f386fa0f8	22.808	fast
f7109ce3-25d6-4099-a19b-a66c7299831a	23.545	fast
284602a2-11fd-470c-8547-f26277a96374	22.337	fast
3c0518d4-f8ef-4f24-8d5b-bd9be6c6b544	18.449	fast
30fa14f3-c614-4a80-b5a5-f9a3d9a61324	8.086	hac
1e03d4a0-2fc6-4d0a-a240-a0ff74d902bc	24.135	fast
5136a0f5-c691-458c-8f1e-33fc41494dc6	25.490	fast
c1bfe59c-d7ed-4c3d-b225-4916b75722ef	30.819	fast
29d812a7-f4c7-4ce9-80b3-aeb26f8089c9	25.328	fast
6db37579-0df0-4281-bd93-0a9a05ef84bc	24.907	fast
685771b7-9f1f-494b-9720-0d421ca0aed7	20.437	fast
9c699bf9-8cc9-4bfb-a248-3c4433226ecd	16.622	fast
d4ffe895-a84e-490e-a315-c5f9c77b7691	26.086	fast
ec8236ac-ad3f-4f1d-b182-66234909e2b9	7.776	hac
00601158-10a6-41c3-8351-3e597007d24e	21.760	fast
a4bcbd68-a7a9-4303-8fb3-1222caafd75f	19.003	fast
8addfb18-1c73-4d39-8044-bcbf6a64c65d	8.172	hac
da1b8cb5-0685-4c9e-b991-e34f743deb91	26.694	fast
8c23e8c0-61a0-427d-be42-5f392ff9df01	23.206	fast
bbb42d77-1a6a-4e17-9a7d-ffc1391d1956	9.404	hac
b0b40e05-b809-4ab7-8f9f-521aea780407	18.355	fast
d8e902ed-8367-4801-9dd8-e317cdc5b54e	9.491	hac
d750b880-cc53-4193-933a-0dcc8a8ce103	16.775	fast
31004015-9e3d-4768-bee8-854412b4a1ae	24.900	fast
3a2e6ff9-749c-42ed-ae28-07f100ee5fac	5.792	hac
72cf9b10-618f-4db1-9cae-45d05f2d21dc	24.618	fast
3c0c01cf-34e2-4f74-851d-fc40a17b9df9	22.586	fast
9a602047-01b4-49f7-93c3-272da08cea11	19.933	fast
bbf84366-eee8-4d32-9a37-72d7d7972f17	22.424	fast
6e378900-12a1-4217-bc84-f9cd78a677e5	25.397	fast
14016357-c1b6-43d1-b73f-6ce33ee49798	24.971	fast
00a9ebba-4717-419e-b682-b4fa21a5ff19	9.435	hac
6ffd912a-73fa-45e4-a1e7-b976d5fd6a53	8.511	hac
b7a3a339-96d1-465b-b6be-05f998510f55	5.319	hac
d8f40949-6f8e-40c1-99d7-bfe188dd29c1	23.353	fast
ba5e725a-23a5-4ed4-9f98-4d10518e07e1	19.550	fast
ae598725-227b-4f67-8cba-27fdb32b8884	15.273	fast
96150edf-a16c-485c-b013-ddf8f96b0a7e	17.236	fast
bf7cc230-ffbe-4dcf-b4b5-c401837d6b35	18.832	fast
1ce12081-d729-4b6b-ac24-2cf11683bcc4	26.708	fast
e1dee5f3-931c-4804-8129-a43264164317	26.674	fast
1294cf4c-14ad-4dda-95ee-1704367f426a	11.339	fast
cb3911c0-a185-4368-a3de-2b3aec594565	18.890	fast
b8d5da4e-cfc1-4636-b456-26812fbf6244	8.424	hac
e6852903-b588-4e8f-9dcf-630d7326847f	9.332	hac
f6bc994f-eb13-4db0-886e-2caa403bf4cd	8.522	hac
ea973b4a-5bcd-4381-b1aa-18c31c4dbf6c	24.852	fast
35bf7746-d54c-4354-b2bf-7615daaaf14b	19.366	fast
5e55f470-ca11-4e4a-bcd1-a9be6cac6a9f	25.714	fast
39c50fb7-c02f-4dd0-89b2-6c2edd9756c8	6.956	hac
fb0f5f44-d444-47d4-b5b3-8be3c0128a50	23.543	fast
25c42498-1c78-40ab-a2fd-d31c9bbf54d0	8.176	hac
14781413-62c3-4d2b-92b4-b188fc22dcbb	23.428	fast
a9fc6ce0-efbe-4e0a-8ab1-7f4895850e4a	21.703	fast
49126c13-0cfc-46ec-9bc4-626762509a60	20.461	fast
f8afc5ac-b2f2-49b6-baea-e021d3b4686c	11.044	fast
bd249dfc-f4ae-4487-b774-a0f6eca5f3a3	9.240	hac
28054cff-737e-4f35-98d6-0ba9f1ce606b	25.654	fast
c5d4cf3c-57d9-4c23-9195-ded52278b2f6	11.891	fast
011fdc0c-692d-4c09-95d8-e671429e865d	10.419	fast
a24a5205-70bf-4c35-8e68-dae3137bb5ca	6.317	hac
0828fdd2-22b2-4137-a0b8-d3201420b5f5	12.668	fast
c4310fe7-edf0-470a-898e-833bff12ecbe	25.605	fast
35fc3087-67b4-4112-a205-e88324d04b6d	6.670	hac
c2ba209b-4249-4d06-a2c5-d678561b3701	9.322	hac
c3c629d8-4b61-48cf-9820-0260f7cc8b99	23.201	fast
67ebd605-5b1f-43ef-8b6b-fb4ac4d73a22	25.288	fast
cc6cf54c-d523-4eab-831f-05d48b56c152	8.322	hac
1aaac4a6-3327-4e2f-960c-4d2bc0a57d87	22.463	fast
d59ec507-a04f-432b-b38d-612ffc38d64e	25.077	fast
ecf28501-1692-43b0-9824-257136948a96	25.102	fast
dd2c5cf2-2ed9-4d23-bf13-5988dea91d25	24.050	fast
607aefd1-e085-47c5-8104-bee0da6b46bc	26.356	fast
50d4b1c7-772b-475a-a048-49f71350e61d	22.523	fast
4cad37e9-f3be-4e1c-bf93-ec306c96930a	26.149	fast
526bdd05-a19a-4943-b1ce-8f05adca0060	25.788	fast
b858156a-2c79-406a-be0d-16e2ff3d5e35	24.731	fast
7c256f34-bd5e-4cd1-9730-10634ae3bc65	17.276	fast
e28743ff-60cc-4a13-94d2-8851303ddd07	23.043	fast
5cc414df-fd29-469c-a519-f445474e4dc8	7.000	hac
711ee7ba-0030-4423-b5de-86605219a7f5	16.553	fast
217450e5-1a35-4fab-b69b-922d80ec5316	26.675	fast
d586a9f3-e57e-4e96-bddf-6e93b848f1b6	26.676	fast
e7edc29f-35f7-443a-819e-a4d69fbed871	9.608	hac
ce09ee7a-240d-441c-9143-b3a8bb35c312	16.726	fast
bb511f88-cd34-4a5d-bbe6-cce960d1bb06	22.401	fast
5dd5d6f2-9939-440b-9d0a-d2b1f79e625a	16.886	fast
852a23eb-8f50-47c3-87a8-d3cacaf72dc9	22.456	fast
1ead64be-eab2-42d8-b649-5a6298a48337	12.998	fast
7cb51dc3-5315-4fd9-aa0a-900e97ace535	22.402	fast
4fcdd8a8-02b8-4895-bed2-43eec7720fd7	25.276	fast
1dda2989-f588-4e1d-abe2-05e7d8d93a3d	21.811	fast
0fa78769-10e3-4fca-8fd0-3fa92021f04b	25.270	fast
528c9f40-21b2-43da-9f0a-3996053f620d	24.186	fast
0897df32-0b28-4f49-a391-0de6ec198438	27.141	fast
308b4b7e-7d7f-408d-be7c-ecf9d442fe78	22.260	fast
fd3f2a1f-f9dc-474f-824c-42d41b8d24f4	19.948	fast
40f37276-ef35-47e9-a176-6adeea405474	26.571	fast
11a586ff-0e37-4a82-9f25-d7d1f7479961	24.194	fast
81e5c081-0076-455e-a792-6760da741ed7	22.729	fast
dd0d32a8-b9c1-4165-b3f5-3fd19d5eb6ef	9.603	hac
cc0c6e51-b496-413d-9bf0-3f77ec56a07d	29.818	fast
b9ec51dd-3b7b-43d4-ac13-0a6b0d6521fc	10.062	fast
8f43cb6c-dc6a-4df1-a30b-cf366f1824f2	20.364	fast
ce97c524-a606-4f4d-8144-aac5f33a9204	6.196	hac
99987f0a-9d49-4117-a920-ce5e2a29bc4f	16.972	fast
d02c56c4-475e-46ad-89c0-b6ca21cf3c32	22.569	fast
18ba2d3c-79ce-4393-ae8a-c76d3a09f2fb	8.459	hac
51a88312-1281-48e1-bc57-a6114058253d	16.072	fast
c5db5ba8-d12e-40b6-9c37-309b7e8fc1cf	17.944	fast
bbe6b9ca-b7b1-4c16-a4c6-a2a8db642ddc	17.455	fast
823e0032-5c26-4f0d-a50a-6d3962144910	15.557	fast
3b476eda-8f55-4cbd-b66f-2782439f2137	22.351	fast
4807c3d2-82e6-4acb-aa97-8eceaabfeb96	21.170	fast
c08304df-419b-44af-a4d2-41a8d5671182	24.456	fast
83e3c3e3-e99b-4ffa-8018-de9c171b52e8	8.948	hac
3d3fc6e7-058b-4a27-a3c0-d2489b390bcd	20.168	fast
b10154b1-9574-47e5-a0cf-52734dbbacc3	23.820	fast
1bea25db-dd1c-4feb-8e2e-5900ca575442	23.291	fast
b56612d3-310f-4d1b-a12f-48adb0869b04	23.086	fast
dab3a514-e3ed-4e56-9c16-85ddcd3f8857	26.851	fast
7ba58115-6da3-41e8-9ead-d5dbf9406975	5.672	hac
5feb576e-f7a4-4e02-bdab-6782c9594f8c	19.626	fast
16fb6584-1258-4d78-8921-9ea113f97c71	22.048	fast
8202b16d-a3f9-4661-bb72-42ac12c5b3b8	26.580	fast
3f2d12d5-f9ce-495b-9096-5d6ca508da2e	23.060	fast
cb5bff35-e2a0-4cef-a5b3-0719a067f705	25.477	fast
f593afb4-d03a-4c17-b0e8-68e66b1b073e	20.738	fast
52978123-d5ec-4442-bd83-8bce5cabacf6	24.835	fast
3169412a-a0bd-4af4-b9e0-37667b209112	21.922	fast
ee32c62d-774a-4df4-96ab-9ac188f7627b	8.599	hac
d69e7f64-bd5e-4fa2-96d7-6e9227bc50d1	23.666	fast
a0ac7df6-71a0-404d-bdf7-d27196d07a02	9.867	hac
725c703b-f217-4d6d-814a-0bd29f3b22ea	9.703	hac
8412cc2a-52bf-4ec9-817a-115cd274029a	26.286	fast
dddcaa52-e901-4451-9984-6456278ef5da	21.742	fast
25eaebf2-76da-4dc0-b79e-7cf6d590892d	21.450	fast
61e3cd21-dae3-4ba7-b059-da4fc38aa231	24.199	fast
8ae08c97-ce87-4041-88e5-9acec4693f3d	15.187	fast
da1569a8-edb2-4d6b-ba18-f847d36f4348	26.327	fast
fa99657e-3223-4b6e-aff7-cf77c3000beb	23.459	fast
c70ff60f-01b3-400a-86f8-f7664cc931be	22.645	fast
ff49870c-e970-4ba1-a167-878136540fbd	23.649	fast
20da11ed-c954-4470-8df9-fc6e6798f27c	22.968	fast
5a52c42f-9062-4f65-8ba1-da69d5e98f11	17.521	fast
561b39cd-81b9-4e36-83f2-d68b4368274a	28.039	fast
9e12c5a3-489e-49bf-a0e7-ddf433e7474e	9.209	hac
7d242e0b-677a-4fa2-840a-c1a4e11df7e8	21.953	fast
2b90033e-a370-40f5-8eb7-55c0db5ea292	23.855	fast
a274e5fc-6167-4993-9d8d-677b2b6d59a9	15.419	fast
ab11736a-1cf5-4bed-a89f-40b103ad07d7	22.364	fast
0fba5ef4-07e5-4c44-94f7-5e73f5d95ebe	23.774	fast
6b83651f-6af3-49bb-ae54-71642e3ca134	9.064	hac
95d87572-1899-4694-8d84-e1ca3cb95575	25.310	fast
5448257b-9d44-48fb-9738-f62f9473750e	25.364	fast
39b18288-31c2-4786-8483-3078a68dc32d	16.175	fast
687db3ae-2a0e-46c2-9677-07905d662e07	23.225	fast
daefc3c2-9512-4ac8-ac47-8903eef6b0c9	11.173	fast
5940dbed-e868-44c7-96b3-a1b89c8c37d3	21.654	fast
c11a9270-34b6-4c84-b183-1520b5489c71	24.472	fast
b66fb1ab-8171-4179-be9e-ae8d6e4d2b9b	24.925	fast
de7f5208-a61e-4a1a-8844-8f0cb9f4bb9a	17.739	fast
bd645688-66fe-4941-91b1-0ba05f6ed453	22.332	fast
069e5e80-e86f-4b38-9343-f09c9a8e1b12	9.373	hac
998dd3ee-e5dc-4f36-af48-dce16c05e2e9	19.990	fast
0df5bf10-324b-422d-a209-6ede53f8208d	7.624	hac
41e741df-22f8-4699-97e9-e8fec320c520	25.794	fast
2ff9c1cb-85b1-4c10-874f-f83e8c325577	25.341	fast
df534387-3191-4747-b2a5-773d07a8b314	9.048	hac
93f5b148-3386-43dd-ab6f-05633229e55c	20.883	fast
4fb657ca-09ea-49b5-b1e2-ba209cec7eed	24.647	fast
0b1c4e99-0d4a-4be4-aecc-33b25bdbe8ad	24.044	fast
812e21bb-e619-44d3-833f-626243610d80	23.878	fast
d8df79f7-3a1e-4477-bb07-34468db28766	7.085	hac
184b19ac-fcc0-4dfc-a713-a93b4d49231b	22.464	fast
78c90735-82a0-4daf-93b9-8b8ce47136f9	26.358	fast
b851f0d8-705b-41b8-a50f-b7ead107cd0b	26.096	fast
e8bd372a-4c31-4602-94b1-ea8791aa3a39	20.450	fast
df9ce5aa-f577-4b5f-a25d-aabca28465e8	22.761	fast
d1341349-e4ce-4be3-96bd-2487cfc58f04	22.214	fast
c3bf14ac-58a8-4e50-875f-094b37e749fe	9.837	hac
7edbc713-963a-4bcd-824f-d127d1daf893	21.044	fast
2d39db23-4f42-428b-a673-2ba0e2607fd4	26.729	fast
a7b16ba6-ddbd-4a05-af42-1e0c1cf93017	21.087	fast
56e3198d-8764-4137-8e96-804a40cd8660	21.941	fast
6ac8a962-01b2-497a-8fb4-d1cacb6bb969	21.215	fast
8323050b-8811-4fad-9224-b30025e09249	25.699	fast
ff425041-fdac-4f63-a815-2e1429b4d0cd	13.133	fast
c9cc3c44-decb-4815-b5fe-b0c2ed78e412	21.989	fast
7a20841b-e255-49e7-906a-6f055922da88	25.649	fast
cc5cdcb7-db73-4f35-93a8-6232074f0e3c	21.468	fast
24824a74-5d17-496e-9f76-3c3aed89b0ee	13.622	fast
da9bd697-b3ab-46b5-b08b-39294832d7bf	21.354	fast
dd0b5a73-e1ec-4422-a882-ad4c73f2ba11	24.779	fast
0f110902-043f-4ebd-bdce-2abe97ff9ce5	18.910	fast
225388ee-8e84-40e4-a1ee-ca4f7177c4e4	27.048	fast
ef7c5512-a773-46e8-a775-51cdc9932b97	24.812	fast
c8f42c13-5689-4563-8231-3b7b34a14190	19.160	fast
e61b0306-e7a1-44bd-a30d-54b815e1a015	25.250	fast
369e54e9-822c-4856-a2fa-39f504ef723f	19.205	fast
49ff504c-b7b7-4a8d-ad8d-51937a3f1f5e	7.414	hac
32163b75-0ffd-43e3-9498-44c890a48f19	10.354	fast
e0306186-f122-4cd9-b4a7-bc79beeb927b	23.327	fast
2dbabf5d-2fd7-430b-9516-7ba4531cb0fe	25.407	fast
de033cd2-63e9-4924-bd81-2daa45e1d594	24.092	fast
b2860747-ccb2-433d-bd24-e73d8dd0ba23	25.956	fast
ee202a8b-badc-43e2-aeec-4a12bacd1991	9.863	hac
04f31822-d142-4328-b4ea-d36aecca0098	23.100	fast
83e6314b-c03a-4494-870b-1ada3165c757	26.094	fast
74f952ff-dfb9-4ce1-a460-b94bf13e07fc	18.326	fast
f377d813-480f-4d52-895e-a761b1ce05da	23.517	fast
cb955156-7029-4f14-a995-bee07b5106fc	27.113	fast
cd11b530-4b48-41a8-9862-31c48c2e18dc	8.079	hac
b3160674-0f3a-4ecd-b488-935ea23f6e86	19.762	fast
38943589-222e-4f89-ae15-1fa1ca7c294a	22.797	fast
3a31f655-c4b6-4191-a9b9-d33ed3d58030	23.946	fast
455eaeb9-321c-4c3c-b10c-a2955d47eb42	12.966	fast
8c454c53-8060-4079-b0c6-3a0b5d24c857	17.315	fast
5e5e6aa9-8ff0-4d29-8a82-5ccf2eb8eca8	29.365	fast
1f096709-b165-416c-a64e-e30da7ee5576	25.727	fast
8144d9ab-479c-41ca-ae37-9a8e779f34c3	19.434	fast
c90063aa-18a5-4c6c-90ff-c07051772415	15.497	fast
762e9374-7b11-4914-8de9-9d4dd7ec4ca8	25.463	fast
88680f6e-8c06-43b4-8cf1-7da594ca99ae	9.815	hac
c7f28d3a-4672-42bb-bce5-e1baa8bddf21	19.021	fast
f72ae97f-7dcf-423c-b4c1-8c8ee1a9afca	5.646	hac
b91eca27-fd2e-4424-8701-f3c9407b0802	25.728	fast
64484d02-c4af-4008-894d-f7d738b7897e	25.742	fast
8514a929-9ef4-4ee3-8a2b-4057e0dfd3fc	29.573	fast
5de20974-207d-49d4-b8ac-4c5d20b2500a	22.676	fast
2cb041b9-1897-4c2f-bf56-1281383f903f	26.265	fast
fd789c9e-60de-4fb8-bcac-b97c717d8221	24.003	fast
431e6330-905b-466a-9023-057068670609	26.822	fast
4b0f807a-d2ab-4fdd-86cb-ff2b2c1e1e0a	25.355	fast
e7c11fec-b36c-4c60-94bc-2ca9d2eb6988	22.844	fast
df892cff-0ddb-4232-8636-b148bbcd8f5c	23.198	fast
35f243cd-7f20-4c2a-a474-6646d1501a07	26.649	fast
1acaa95a-b8c0-46e7-92d3-a8dc85b78ebb	5.688	hac
1f087365-1ceb-4c45-a629-7f12a4983e47	9.473	hac
d1bbffc8-17b8-4b3c-93b2-0fa564ee4b60	26.328	fast
6cea2770-96fb-4b24-bfd3-640b165047e5	19.724	fast
d2c3fd50-50d9-4c3a-9833-372ac9bd44f9	18.839	fast
85788421-1b18-4978-a4c2-5c779ffffef8	23.439	fast
0de9f790-be49-487c-abf3-3685008671e1	26.256	fast
cbbb6faf-a769-44ef-8770-a8ee354255d7	9.169	hac
7defe9b3-a380-4d3d-8ffb-2d1d0115d565	24.305	fast
8c481974-0f98-49a7-baaf-76014bd23b63	29.709	fast
a2963bf4-c803-45fc-b687-6bed928715f0	25.161	fast
1d8719e8-237e-4460-9019-75775431e7e0	4.166	hac
9b9aa06e-7d1c-4cf1-9090-9340cc97c084	23.459	fast
a2b4958a-3a45-4b73-93e6-c91833c5d0f0	9.669	hac
7ba8a741-f388-40d1-898d-0e25316a8174	26.630	fast
1a4f9549-1778-4e8c-96ec-32e2e4a7262b	20.180	fast
a46cab9a-adf9-4c3c-9e9d-101980d13b14	10.467	fast
c665a38a-c7d2-4ee4-95f5-cccf3053467d	9.685	hac
ef36cf24-4d1c-4863-b643-1581904552d1	19.635	fast
6cb1d480-39a5-4b76-a67c-e4bf5d57a0ee	6.922	hac
4d3467c6-b74b-4874-895e-a5a2f5ce3df5	19.523	fast
7f813da2-0b74-411d-96c0-8a7a58d77112	8.033	hac
1b9c82cd-7590-4f92-9883-15bbbb91e5fa	17.801	fast
6038a6cd-0499-4a40-be50-ab4a5be1fb54	5.296	hac
4ff0bb6a-5eca-43d5-bbc6-1b72589807cb	21.204	fast
927bb00d-6109-4794-bb03-96c28b023ad8	26.359	fast
c1623225-99f9-403b-bb13-008628782add	15.018	fast
87cada16-d53d-4280-bab2-af1e1db02323	21.522	fast
80f16885-538b-4637-b6f8-80ec3c0aa826	22.319	fast
a1500ab0-4990-436a-9a06-4d92e9c296ed	8.655	hac
bb403400-4908-452d-9bd2-993ff1e331eb	23.167	fast
7ac8249c-d39e-44d7-ac0d-b014394657a7	8.591	hac
99f72eeb-c5c4-484c-9d29-4fc800a04602	22.651	fast
2bad91cc-da18-4efb-a9fb-983e13eb6785	22.565	fast
800f952b-e6d0-4271-bd5c-847d6716b008	23.236	fast
611ce505-1bd7-4db0-b8eb-ab9cc5846519	23.053	fast
8538581b-34eb-44d8-ba71-b123a94daed4	25.065	fast
9d86c542-2804-4d26-b52f-7db3183bb578	22.721	fast
b55072d9-257f-4485-aa32-ca926ae57e30	23.473	fast
7f963924-3c5b-4410-bc49-b5e7b5a0c8f8	24.080	fast
6672e447-b3b3-4997-8fb8-f7b8c4f6ac27	20.260	fast
227ed739-993d-43ed-85ba-470b7175fe1b	23.810	fast
3802a87e-2e4c-4d74-8c3f-344d5c8fd00b	13.189	fast
291d3c7d-6817-427d-9ca5-2c12f20f98cd	24.872	fast
da753212-a314-4df8-ac36-80a99bff281e	24.413	fast
271599e6-af61-43c0-95ae-255501249048	7.498	hac
0ae0e174-e978-4a92-ba55-f48b0fd59d44	25.867	fast
8068ad8c-2f93-4aab-b9cd-ad1b7d32a6b9	10.978	fast
426e5169-363a-4195-a3fb-1e743a618e9f	24.618	fast
7b91c10d-57d6-499e-82dc-ace0ecc28147	22.146	fast
e65e8b7f-92e6-481e-a660-d862ee52685e	15.513	fast
1f455e7e-30d9-40e2-b752-513b105750d7	17.811	fast
f95bda1e-01b3-4341-8bba-b6bfbdcf3ca6	8.616	hac
fff9ce2b-e395-4d1c-ba6e-1681d68618c0	23.031	fast
ea7b14f6-3c80-4aba-b9cd-b0d3393ad322	22.286	fast
ff955377-5bb4-4ad7-ae1e-8d2d5b837d3b	24.456	fast
718d1980-e3ca-4fec-9575-7f4f1ad89cea	23.839	fast
be416a23-e2e5-4a21-8908-68bf5c035f67	9.202	hac
48b0d795-69ed-4791-a453-89a388644d28	8.863	hac
f279afb1-c5de-492f-adef-8f962012c7b9	25.257	fast
265cc979-b4e7-40d5-9daa-08da1ec78c1d	11.823	fast
c17aff76-9054-4720-b7ce-47141789b4a0	24.841	fast
6608cadc-8ea8-4ace-9d7c-278e83883fd2	21.886	fast
30f1dce7-b007-4979-accd-0c5ffcf7e46a	26.494	fast
b2c23b5e-78f9-4110-a6c6-4c83df8a241a	20.900	fast
70d0ab91-386b-44e5-bc7b-8a4ae5b3d2d4	16.461	fast
0b635754-a969-4cc2-9b81-7928c0d339f5	21.414	fast
a41d9a51-5bac-46d6-b735-d4ac15e8af7a	21.976	fast
70a5f9b6-3758-4b35-a7c2-7087f615f76b	7.453	hac
a2f1120c-08da-4088-9c32-713004fede9b	19.558	fast
60c99326-b13c-4942-93a5-d3e0fc7d5f56	24.675	fast
c37e11fa-952d-47aa-89f0-05b0d8dade67	25.108	fast
188952d8-940d-40ec-b731-fab91cb798c5	25.996	fast
758d5efa-a5c2-48e3-8fda-fdd946c6a5c8	16.975	fast
f1a3024f-4c0b-4fc3-bc3e-45eb98ae295b	25.145	fast
156bab57-7513-4c2c-af93-3ed44c5089ce	9.129	hac
1ad6c8d3-4fe3-4dcf-b532-ee4b1814ac3d	26.005	fast
b4c0421e-49f1-4fec-b54f-1b9f99002f0e	23.243	fast
2b1ed7b6-02e4-4412-8e63-646b925a542a	9.516	hac
c442b41f-3862-4847-8f7d-8e90fee1d8bb	8.999	hac
3fb77da1-77a2-4c54-8ede-76066f70789f	23.110	fast
bc01ab69-b543-40cd-816f-732c85e09cc9	7.727	hac
26e7243c-a37c-4537-a39a-44734b207b88	23.932	fast
bf9bc6e5-2872-42fa-b0f1-6d8be349c0ba	16.653	fast
110950a3-81a4-4b6c-b8e6-82d2ec702fdc	8.760	hac
83ad0e4c-2ced-4c5f-8e68-f7885dfee8a3	21.116	fast
d7e5efe5-6902-48f1-9bef-23ac0edfbcae	16.991	fast
2c249f03-f8af-4d47-9503-f8dd6461d7ff	24.912	fast
aa6fee29-4580-4e24-9cfc-a130ef311934	9.493	hac
a84cd5ea-6daf-424c-a925-6c6ff6de87a3	16.985	fast
739acb22-4a44-4af8-a652-ef483b8ddbb3	9.167	hac
304bd530-d4d2-4f7e-a48c-18f247a82275	22.913	fast
ff1003c4-9d77-419a-a00c-71376b1cc7f0	25.891	fast
9c302a39-7a02-44d0-888b-0e3cc2b34fdd	28.229	fast
42c1855c-9e91-46a2-bf8f-37b3f613834a	22.969	fast
1c295889-caa9-427a-b386-d87cd0da1bca	24.994	fast
4fe34350-e873-4d84-8756-d1f530bbc11a	26.411	fast
374464b0-f846-4c81-8064-f68eb0d3648c	25.321	fast
baeb66b8-e076-4f6c-85de-6eea34d7a469	23.172	fast
09af6b91-11a2-40b4-9734-691b39f469f1	24.858	fast
c5123a24-863a-4806-bb56-bd6a07d4da6e	4.941	hac
c9a63b17-8a99-478f-8672-988f1124a038	8.822	hac
6022c590-d48c-40de-97db-ce298b42b46a	18.822	fast
5bf8235d-7916-4cd8-aff9-0495ab3b4c6b	16.294	fast
80e6ffcd-5f21-4aa6-bd8a-2c02a9ded793	23.338	fast
4b786b0c-d41b-49a3-be50-a72d3bec2c6a	24.318	fast
301bc4fc-c475-478f-8f99-63649ad9c71f	24.093	fast
af4305c4-1f29-47dc-9cff-80f19e671b96	8.361	hac
2774178c-d7a9-4c17-a535-f47659264593	7.922	hac
3e642620-0c6a-4728-8c18-66cf2e2f63ea	27.854	fast
f82e47e8-e56a-4282-860d-b59bc27808b0	25.027	fast
41bc578a-6cfd-45fc-9a0b-07cc3b92bf30	8.979	hac
fe9fbe2e-f44a-4028-866c-7bde8c42c5b9	25.064	fast
b88e9d4e-4ed4-4841-a183-2e03acc67899	25.942	fast
2550a51c-837b-4cad-bf73-c3f5563c3bd3	25.639	fast
657f3090-767e-4ac4-a195-6ec0d98bac60	24.471	fast
ef29e5f0-807d-4f51-8317-9970d33042ac	25.818	fast
df06adf9-fefc-4093-9b9e-1552deb901c8	22.296	fast
e7b4400f-96f8-4930-b3ba-78ed4fcec77a	23.118	fast
8c42e26a-9134-4cfb-a037-0fb1adc64ff2	25.996	fast
e07332c9-89db-48f6-8951-4ab621714417	26.611	fast
cd232840-5445-46ec-bdac-3a84c133fb30	8.297	hac
8608b8a3-b7f6-49b5-a7fa-5bb2f4553a85	19.470	fast
255ebd0e-3c9a-4aed-a738-b0818048e8e2	14.632	fast
17555fc5-af36-4ad3-b8dd-025f733a8d14	24.324	fast
b8196a9f-b0f1-48eb-b80f-c46a616760e6	5.776	hac
5e7d3dc3-6b2d-4273-9024-27b098574b41	7.993	hac
61a9d9ba-32f2-4be3-a4ac-1a55958184ae	8.334	hac
5acc0d64-e9d3-4368-92a2-075f38e8d8f9	22.673	fast
5fc7fb1e-8caa-4d3c-876d-4c39a1f7ae51	20.308	fast
b8924a63-c7fd-46c4-8a48-0aded593c8aa	17.650	fast
190bb87f-f5f6-488b-9dc6-453c0f810d7a	24.352	fast
a107dd67-6b0f-4b76-8d38-6bd75846ac99	25.151	fast
fbbb5936-1c8a-4365-969c-6f7af66a5434	24.466	fast
ef32c953-f9a0-469f-ba15-05bef5f2874f	21.668	fast
733398ed-f883-4d87-8c2c-a9a81a0e22c1	20.486	fast
8dd1abbb-cb1d-44da-b94c-01a16ee7df46	21.275	fast
020df89e-073f-4693-b035-955c265a2c47	6.131	hac
c2f191bf-c238-4f86-aa6f-7436222a1cfe	20.099	fast
46eda7c5-ed05-4bab-be31-6a501713ffb3	9.882	hac
e7ab52cd-75c0-430a-989a-4027fb674dab	23.993	fast
94f3bdf1-c87a-48d3-a4e3-e64c46a09e60	9.389	hac
c4ee7f8d-951e-45bc-8672-d264de27f766	23.224	fast
3e0eca4c-30e6-42ef-b85e-ff975bcf6375	7.735	hac
78275b8d-6f3c-4d32-a326-227b6002487f	23.830	fast
831a1d31-3f2f-4c82-bbcf-7c47dee1cbde	24.806	fast
ed2c10a9-4e5b-4948-9152-6f658cfa98ad	7.407	hac
89517810-c4e0-4ebf-8444-c3db2bc7e2ac	20.343	fast
d94dcf18-1fa8-4db4-bbdd-114faf0ea292	22.502	fast
17f4feb2-64f0-436e-a215-143e4b085734	25.152	fast
017397e8-0328-4d6b-af1b-e149f7bc16dc	24.844	fast
5d5201e9-f818-4e0b-9997-2ffea1989487	24.493	fast
1c260312-c35b-435e-9211-bff8739ef2c9	24.609	fast
0f98610a-2741-4bf8-addb-120d1d22069f	22.134	fast
728efba5-ff1c-4f0f-ae72-20902e6f6db7	23.209	fast
0ab6f302-a779-4655-9b12-c7796a2f1684	24.029	fast
fe652564-e819-440b-8449-af7c7122e1fb	22.508	fast
c169c9f0-b346-4f9c-bd3d-14845a0ea239	27.056	fast
c3663ec6-dd4f-475d-b20b-2b83d4eac081	20.660	fast
fa4adbab-258d-4f33-8d17-948472405047	8.046	hac
1e173ea2-87a5-4a57-a40f-2ac45c6f953d	22.196	fast
9cb5c1a6-2996-42e1-8b5a-5846061e20c4	21.075	fast
53a33d11-d9da-4602-a0bf-f683872cbf92	24.107	fast
7f2c35c8-66f5-4430-9ac8-4a0e7a9fa899	25.098	fast
cc5b7b0b-a398-4ac3-8883-3a9de023de66	7.445	hac
22357886-de81-4731-ac0f-87a43fb17d61	25.758	fast
91c95437-d3c9-4e0e-9539-19ba35b179c6	24.966	fast
0d037b5d-0e3f-451c-96b3-c2550e31051e	26.141	fast
decfeb99-46c3-4830-af59-e7f62d97e173	22.227	fast
0cc05eab-e5e7-46a5-b697-fe23692fb7ed	23.973	fast
68735fc8-c4ac-4db2-8450-4e4f38a59a86	18.339	fast
6e1f1cb6-4310-4de5-8a51-c15b4f114074	20.462	fast
5bee5ae8-62ec-452c-a910-a277dafcfd8b	19.530	fast
fe6dee9a-8a36-478c-a358-bf2903e86e62	23.993	fast
cccecc4e-e961-43d9-b380-2fa44fbe110a	24.715	fast
38d39b70-4448-46c1-ab24-a43124b9115c	8.820	hac
c4e977af-4ad8-4f92-be31-b640cd9e61e8	27.444	fast
ccd3729b-bfec-4f7a-a9d2-ba2057912d6c	7.168	hac
50e6324f-b4ec-4873-99b1-14f5a114cf26	22.904	fast
51f8e317-e8fc-427b-b3f2-85fff003f71e	8.278	hac
364a11b4-a06b-4991-acc6-d0ca62b6a041	25.566	fast
2537937d-0e9f-48ac-9b72-0fecfc4e027e	3.975	hac
5f982acf-15e8-4d1f-9827-d2d4345a7cd2	20.969	fast
1c7afa22-438c-472b-ad08-227d250ee09a	22.370	fast
463c7562-6c30-479b-b4ff-183b8a8cb616	23.549	fast
919b14b1-af6b-4e1b-93b3-6cea17e5d0c5	25.580	fast
701cb1b7-0c5f-4b42-b0eb-ac0d542b4837	9.432	hac
578b9293-d94c-4282-83e1-697ac0a74d63	27.550	fast
a26dd7c5-68c5-4d45-a12b-6340adbdfbbd	21.867	fast
274c86ec-ab64-4f8e-9a1f-6bbb8db12ef9	17.429	fast
3b9343bc-32f1-4f9d-abca-bf192c51682f	24.891	fast
35ef2255-41d4-4c44-a624-ffec44e70417	25.399	fast
efcab818-0874-4cd8-bc76-cbdf019ed968	22.553	fast
a2da2807-4b6c-4008-9892-9294d34c3375	24.050	fast
3316df7e-43a1-4ce2-864d-6cbef18091dc	15.884	fast
987db397-b6fd-40ab-a30b-a6ecd367cc8a	6.283	hac
5f6d7286-02ff-4a0e-aac4-3f51b2c926aa	23.335	fast
f2664b39-d55e-42be-ae01-32b3ca611583	24.390	fast
8e666242-f128-4ce9-87fb-b85be1e8813b	24.543	fast
387ba836-0f0d-4561-b9ba-644949e626f9	8.188	hac
40ef5fc6-2b25-4a20-88fa-7f9bef808413	23.199	fast
33c36916-9ef0-41be-8467-9e362ec6426b	27.132	fast
4202ba46-7cc2-41f2-b063-c8228bfe1e59	19.251	fast
b6253ac2-e6c9-4a57-a7c0-74c53b2b31de	20.388	fast
d97ab2c5-f65d-463d-ad20-09538beccdfa	22.054	fast
dc65fe08-4b45-4851-92e5-8cdec939c517	24.685	fast
e20c70d5-d96f-4f43-9256-2556cec18fc4	27.214	fast
6a2ead70-fbba-4f58-b7d2-18fc86365ba6	22.628	fast
5c2b9f0d-d717-4065-bb34-cfdce5cc6219	25.465	fast
cafbdfe8-1648-4eaa-b251-85c2c7acfae2	27.010	fast
307f9747-e948-4a3e-bd57-e333d99e57d9	7.919	hac
9e697af0-9c13-4387-bf16-e2f06a13a5d4	22.614	fast
c2938f89-730d-4823-be32-584ea5944feb	8.314	hac
2b34c2dd-7620-43bd-8733-27cbda0ef6a7	23.775	fast
9db4101d-d04e-42a5-8601-f2ef6a4c2cb4	7.869	hac
e6b3dce2-04b3-4f0d-9f46-af56d52ce32e	20.318	fast
ed50004a-f02b-4b0b-943d-1481b626267f	24.411	fast
bcbdeff3-1aae-416e-9476-b874c5b43fb0	8.735	hac
9387a93e-4252-4483-9a61-bae69876acd4	21.996	fast
db094090-d23e-491d-9394-7f95a817fd7b	8.121	hac
50f3dddf-bb99-4076-8d95-a22193ee49fb	18.255	fast
49e245a2-1877-4f15-84a4-100fb9cbe619	23.238	fast
5ad98ef2-dda5-487a-acda-5cdae05304c0	27.697	fast
7a92c198-44ea-415f-af7f-3703c729e2bd	26.373	fast
c4d6d7d2-2231-4ff5-bae2-dd0b11cdbf33	24.098	fast
168d2122-3407-4af6-bb2b-d9e232d7a09c	19.140	fast
1cd96c41-0993-435e-aab9-903825ea371a	23.475	fast
3a29bd7f-501e-4850-ad2b-7bd8c373be5a	24.853	fast
c623413d-0ceb-4101-9e8f-d22f9bba93e9	9.098	hac
dfc22778-e507-4368-9d4e-f2edae0485b5	8.048	hac
39f5324c-89a0-4a16-b0dd-daf965a66a41	16.018	fast
a4b4584b-d586-4a7f-a127-d39c38f2d48e	28.706	fast
42acbdc5-50ed-4556-9a91-b5bd096689ba	28.921	fast
a71a3ab7-c50b-4cfa-9bb9-4d8e44350f89	22.002	fast
09668b9b-2521-4669-a8ea-374208e8ab38	19.607	fast
867d123e-e4cd-4647-b84e-6312677411af	27.934	fast
72686b95-d214-4ee5-895d-6a9b0dad2956	25.747	fast
254247ef-4bd5-4a75-b49e-cf04f4547835	24.285	fast
39c56938-1436-4fad-87c2-a9d9f7b96731	26.149	fast
4dbe0d67-7ee0-4ac3-bd44-d092f26da4a3	9.325	hac
05ae512f-f871-47b3-a5e2-48244beadfe6	24.813	fast
e143e723-a2c1-4eb5-a391-ba8714a91d80	14.743	fast
a5b28339-bf63-4432-8ab8-31a40997fbb4	26.814	fast
df44c894-3de0-474c-a72a-e877ecaff544	25.785	fast
e9b5f3d2-d49f-437c-971f-575229b7beb9	25.982	fast
c892a939-fae9-4bbf-b21b-4cfdadedea22	22.094	fast
29fa9eab-cf06-4ff3-8efd-67bd0a300f10	8.080	hac
90d582d9-3f4c-4326-a86d-e05bb26d5f50	26.354	fast
067cf02a-1f83-41b0-abc2-4710ed6ce072	24.983	fast
e46e2064-50a8-46ab-b4d3-7ca86fd41897	26.041	fast
06613680-94b9-41c2-ae10-1c44bb188615	22.037	fast
f10d7edd-b2d9-4d0e-bf5e-5934c236deaa	23.966	fast
68cfedef-4859-472a-a567-5961cdb955a6	9.227	hac
256976f3-2ddc-4056-ac21-cc1918f84daf	5.389	hac
c1e1c1f6-2b88-499c-a2e3-d1aae63f658f	26.677	fast
2bd3d7db-e590-4433-b411-b71c58c6468b	26.595	fast
8003020e-d059-4015-872c-d22a26b78377	25.600	fast
f17959bd-dbd2-4bbc-84ad-e20421f17899	8.732	hac
488d1e72-b356-4c4d-b754-c10d2269fffa	24.068	fast
4178fb01-85ce-400b-8b56-6091216c182e	17.547	fast
307066ea-0fbe-4cd3-9bb6-3990308939f3	20.794	fast
4ebc4c00-384d-4edc-80c7-e6b7c4688d38	20.214	fast
14936676-be3d-4c54-a4a9-e963fb1675d5	15.434	fast
888cd3d5-8c79-4589-9585-a65a0ba4b58d	23.865	fast
c52d240b-b610-4f33-af44-501bc70df9b2	24.547	fast
e88bc605-2ba7-4c45-94a0-5df1ee5eb47c	25.301	fast
40fb94d1-93b1-4cef-844b-0fdb74bb2dd3	24.308	fast
979647f3-14bc-4a9e-a7c4-f5c7e2ae35d3	10.072	fast
e75d3858-c0e4-4b11-92c1-9c17bd30972f	21.390	fast
ad53ca26-4cc5-4f2d-ba5f-95d94e961195	15.840	fast
3ae939ed-97a8-43b2-8baa-c0cf51dfe371	26.733	fast
424355d3-0fac-45b1-84ee-39d7b853b83a	22.905	fast
205d92f1-ef58-4632-903f-239f544c2bec	17.027	fast
99d74066-d011-4f77-9179-830f55fc112b	26.683	fast
d2197fee-7feb-4d6b-b83b-4fd012346e83	12.021	fast
a9b67ef7-154a-43ae-972d-99594b33014d	15.903	fast
053bd4ef-f2f0-4aa3-991a-2ec01a6ddf20	20.702	fast
113a36fa-c659-4169-a827-e114ea551f49	20.452	fast
5a188aaa-697b-4ae0-a553-700a6b7a0f2c	8.337	hac
8462158b-ce48-413a-a21d-a77e20f2746e	9.195	hac
eb4f3583-30fb-4f44-bb5f-ecc409c199cc	24.628	fast
75b5dabf-ec9d-44ac-9270-c3fd906e6f03	9.402	hac
3d824ef9-3d09-40ee-96a1-1eec794c72c3	30.948	fast
2d9cad8f-9ea3-42fd-bcc0-9a3e27d5ce95	6.513	hac
9007684e-8000-49b9-a103-36d3b603e1d6	22.473	fast
b4850e5b-d2be-430b-beb9-18a9afc56318	24.201	fast
bd363b61-b990-478e-8cb2-42245b65a3be	25.456	fast
cb18dfda-a91f-446e-9e00-53571eaaa174	7.968	hac
d704d44b-7176-411f-aed7-3ff0ea364c42	8.858	hac
83aab05b-d7f8-4587-93ca-e6d40479b633	25.948	fast
43450b48-4c15-40de-8387-4db819139b24	25.620	fast
1d4ed328-252f-474a-8016-cd5be7ae521e	19.720	fast
7094c561-47fc-4d3d-ab35-49badfb5fc44	25.116	fast
35c3701c-a767-4e41-988a-9e3cab5179ee	25.261	fast
4a61cce0-baa5-4b33-9795-3c1384158b98	26.756	fast
456a3bec-656e-4ca0-8181-cacfe57d4c1b	7.414	hac
670e8e5f-05bb-4b8a-9a8a-1167ead00fa6	19.108	fast
93484d02-fc38-4311-a945-85f5f9bc19c1	25.171	fast
b147af6f-8bb2-4096-ae3e-03652dfc3cfd	24.506	fast
bbdbe421-3fe7-4650-93ff-8b995a29c3be	27.809	fast
1e196c72-cc21-4b70-81b1-9d76d7645695	19.513	fast
19b58ea3-89a4-4208-b8eb-83f3f527268f	22.954	fast
badf8e12-fdb2-4d48-8707-5f4d6a5d9f68	5.300	hac
a4636f93-75f8-4b1f-8561-5c788e233388	13.736	fast
3975cae4-6eaf-4f4d-8e72-9d60ea5fc6e6	10.311	fast
5e9baadc-367d-4cfc-b97a-25d05b124ce9	8.813	hac
1d9f4763-ec6e-45f9-a6ab-266af1af526f	19.272	fast
e60d1a29-a1dc-46dd-ba5d-ea431fea53a8	25.572	fast
9733aa9d-21cb-4be2-a55f-ea52db094985	4.576	hac
3c7d953f-606d-46de-bdf9-96b8b05b7de3	22.850	fast
ffff66ea-cfec-43bd-b330-a1c71f82a86f	21.606	fast
4159e446-05c6-4672-8077-ac1caf9192c7	25.488	fast
3b727dbc-09bb-4b9f-a81f-4f74ebc9033a	24.796	fast
443e9050-2c0d-408c-91db-f211bf623f55	22.170	fast
0f90c9ef-d9f7-4250-954d-7234b538d138	15.207	fast
3db80766-0bcf-4b8b-b105-ffd4fe4f30d8	20.445	fast
94228a08-4439-437d-ac9a-09f36202acad	20.227	fast
820a78c3-333d-4bd8-b2ee-613a5b28a4ab	26.285	fast
38bfc6a3-079b-4867-ae09-c4c25efe6f5a	18.995	fast
5923d272-8b00-4afa-b83f-ff6bc6b81e43	24.002	fast
dff23c94-989f-4120-9b41-61c8c79196fd	19.025	fast
e87e73e1-56e7-4ee5-b964-59639d64ee90	21.805	fast
d9eb472d-b06f-4a3f-8c46-273e626f3b26	23.992	fast
0cef90d0-4964-4ff2-a4c0-d759bdf4c626	26.636	fast
7bbd7421-c044-4102-a99b-da061d7b496e	9.199	hac
b470f691-0235-44b4-8402-32d555f571e2	23.721	fast
fb0fc0b0-4b57-40c0-b316-cb19b354dd63	27.085	fast
ba4c14d7-5a40-4781-83ea-3c49c5383d1b	23.276	fast
84405bb2-5fb3-4102-a540-79644b0425b0	15.544	fast
3479502d-0495-4aee-8822-2f4f4f16cc94	25.446	fast
40f9e52c-384d-4729-9a81-8dbff7634752	16.330	fast
1e3a871d-b7e8-4dc5-9417-a5b3d638ca8c	21.736	fast
12773c4e-2c57-4923-a2c3-070d94611f39	24.870	fast
0dabec2f-e6f9-4caa-bc98-4a5a3fc22a88	25.430	fast
545d5801-6ace-4754-bff2-9d170bdb6aeb	9.597	hac
f8eb78c8-5ff8-4155-b369-f3acffd7f273	8.666	hac
609bd617-8781-425c-a70e-aaeb4270b044	23.708	fast
18463ea6-6c8c-408d-9b6b-b115ba69a91c	26.176	fast
28cc05b9-6dba-458b-925b-f617a99cf39f	21.390	fast
9f2d627e-9941-48e4-9a52-d6de2b59e324	11.193	fast
5f51ea21-2929-4461-8ce8-59d631481cf2	23.987	fast
c7afed3f-a7e3-42e2-92a1-7da955f4c6a7	10.061	fast
3707c9d4-be4f-44aa-854f-e344bcd78828	24.190	fast
182e1246-2fb1-42e2-8f53-c83c16410213	9.603	hac
6d9fb351-646b-41c7-b794-7730dc58510c	23.647	fast
283c8f0f-4dda-421f-8e0e-3b769e00aed0	21.395	fast
a374a014-57f1-4597-8083-a65cef729bd0	8.552	hac
0dbfbacd-06e9-4eaa-bbf4-7e81aaa4389c	26.637	fast
174df61e-7222-4ff4-87d4-ec4280f524fb	25.462	fast
b7a10b3f-8124-4551-baf4-46601d029a26	13.893	fast
749e17a2-cf01-40cb-8a09-ff3dfbeef573	21.455	fast
0ae4111f-a610-4a93-a060-a93cd2b4540d	10.388	fast
93f966ae-fe09-470d-b76b-c16eb6287b4f	21.627	fast
94bf991c-36db-4fa2-9574-22295d965cb3	9.651	hac
1f480d52-6722-4943-af9b-78e32bb1116b	24.461	fast
5e1dc81e-5cd2-4c00-9788-afc30e42cd88	24.542	fast
bbe081b9-be42-43b8-846c-f8556e32ceed	20.984	fast
54d3bc6a-f63d-49c8-a0c7-2d68a7a2bae4	7.961	hac
bb077092-53de-4648-8d37-0c2c5df61a3b	23.199	fast
faebff95-2478-4dd4-bca7-369663952e21	23.990	fast
d37a498c-275f-4162-8cd9-3929398983c5	26.424	fast
5377e2f2-0b2c-4c94-9325-bdbaf254ba2a	13.802	fast
bbdced42-5f16-4aca-8d9e-f72216d88cae	19.242	fast
d40fb61b-df11-43b5-a679-0f0d5abc1cb6	25.616	fast
af808911-cfd9-403c-9be7-fa7356b83a46	24.327	fast
328913df-8144-4953-8aaa-e5d016df24a9	22.669	fast
71f4ed1b-d921-4a8d-847e-dab3083abec0	8.620	hac
b20f2b95-d0be-4b23-8a6f-47c742beb1c4	23.041	fast
5f436be1-295f-4fa0-9118-151993525f12	26.099	fast
433c006c-1067-40c1-89c0-269aa02236d9	9.814	hac
47f17ec9-a6a7-4689-806b-09d69fdcd4fa	24.333	fast
38de1e89-2aeb-41d5-907c-8de7ba54ddd2	20.058	fast
55aa1cad-911d-4b70-ac92-4f87b64fd89d	19.906	fast
ffdfcf79-8ad5-4a07-9813-f4ff77d87260	26.404	fast
94c3ef03-30b6-403f-9e03-0d207d64bf95	8.358	hac
b60960af-5cb9-4b4a-a314-2be7cf301338	20.860	fast
79ccb1b7-ec89-4e74-a7da-999deb4b5005	27.818	fast
2bad440c-3c9c-4b5d-83bd-dc919d7cd6c1	23.064	fast
acaf799d-6fe2-401f-a7b7-b50d0cf5563d	25.347	fast
e161b09c-c148-47bd-8e57-e659825dc335	19.934	fast
b9728b30-05ec-4196-a649-66ed1fa11081	26.960	fast
368629c6-ba83-471e-9e3c-1b229bb14a87	23.659	fast
66f44865-233a-4a51-9a0a-ca09d810bc9d	22.676	fast
b1d9b2db-94ee-48ea-bebd-67630547fb3f	5.925	hac
1a789a8d-24bf-49c6-89de-825d777c9c87	26.770	fast
ef54b46c-0b3d-4392-a158-28fa644c136a	20.714	fast
29ae2615-e767-4253-8681-bfa22adbc6be	7.726	hac
5f5222af-c611-4b4a-807e-e16f111d84e7	26.372	fast
d4e0df67-b947-4d68-8ec8-307a2878a817	22.603	fast
4a0dd143-83bc-47dd-90d5-c05fb25d9b73	9.458	hac
47faa83d-9b7e-4e78-beb6-d4263549a107	19.798	fast
01467a48-cf9f-4c67-a607-77b4b383cd0f	18.253	fast
96d13258-1911-4879-9bc1-8aaf880535ab	12.081	fast
ab237008-977a-497c-9865-90874d005234	20.785	fast
87a57c88-d602-4fbc-8b97-35f5eacb5e82	25.300	fast
60450aec-7f4a-4a47-a591-98afd2934dc5	26.203	fast
110c8e92-6208-4e00-8fbf-ee91bc7af003	20.015	fast
d1962d15-58e2-4d42-b9f6-1f57af5b153b	23.411	fast
d69689cc-a5a9-4528-bef0-ce357370b987	23.589	fast
39ab3a68-227b-4e84-a085-b2d61f677aae	24.455	fast
9750851d-12fa-4c86-bcbb-1bb9880a74ac	22.173	fast
a3d6a63b-100a-4081-ac22-98db59fd95d1	18.006	fast
583f1230-ec6c-40de-bad7-dd8e77c3b940	21.476	fast
dea341ed-c999-4ebc-93dc-aba10feea364	24.929	fast
846343eb-175a-4e7e-a9c8-e580ce783618	6.645	hac
6e6fd5f5-5dc1-4f1c-a924-cc6ebb7eed6c	20.353	fast
588195e1-8add-43b0-900e-87bc83efc05e	21.274	fast
f7745664-d6af-4504-bdc9-b0b168869be9	6.943	hac
fe286f88-76bf-4107-8d2b-1cbe26855c49	26.206	fast
8720d4bc-e1ff-4e28-92b4-736762d80279	22.285	fast
8a85a842-67a1-48a2-bb6c-ef03e912eedd	17.200	fast
59ce826f-cf0a-4c9f-be88-35ac3fdba9e9	22.303	fast
3d555245-a1c9-44d9-8542-6c7c73121b1b	23.145	fast
4b0a602b-93c2-4e58-9a0d-b1387a3b86bb	15.167	fast
9bda73e0-9ecf-4f71-bb7c-3f1a84da153e	6.406	hac
41b0e93d-8181-40b0-9dd6-b1c36cbb8723	9.070	hac
28ce26af-ef72-43f7-91c0-730f273abedc	24.543	fast
ddfc59cc-c19c-48a8-ba95-69bf9e93d147	10.659	fast
772ac37e-1425-4d20-93b7-4e80377c9181	23.021	fast
decc9e86-7066-4be8-891d-c51eb3190d7a	24.447	fast
f1f05772-d913-4380-9c0b-b26b4869f05f	20.592	fast
c086540e-67ca-4f8c-a3c3-bb2416372a4e	25.157	fast
3acc43eb-d681-477e-b95c-52ce9780b186	23.489	fast
d34c575c-45b8-48d3-be7e-d7e62d71f556	22.116	fast
476cea5e-24cd-4a39-886b-52ce5540907d	19.687	fast
8fe5b540-8433-468d-8fe0-8af3930ac7d0	22.946	fast
fd1ccf52-c19b-4ecc-842a-1c497b9484cb	9.843	hac
6bc06481-4cc3-4a68-b1d3-99f83a130221	24.228	fast
99fa4bcc-7f7a-4e02-bac9-f7619a49cd68	9.527	hac
c3097349-de52-4289-bcbe-d0ae09518c0b	7.669	hac
f130b658-3cf7-45e2-83e1-0ecb0ba36da8	9.724	hac
6e437701-66ab-4519-84bd-e7c3d7c56ef3	22.131	fast
b58d7b26-b87a-4de9-a674-51a7def6d26f	8.890	hac
dfdf0cd1-4028-4311-baa2-f36671563655	13.809	fast
116ce483-f584-4709-a94c-13ee53e9dc5a	25.850	fast
73086295-e11b-415b-b098-9bc25984a21f	22.857	fast
786e3c1b-fb8f-4ded-aeb1-47d3b14897f3	24.262	fast
869fa4a8-dd38-44c5-a524-f9ccf2c0cd2e	10.909	fast
ce4030e1-7d9c-442e-9de0-be4e2175a2b1	27.559	fast
4c2ff21a-3f7b-408e-a35d-16c52206d9f0	17.984	fast
57294656-28aa-428d-96d6-ecc51454ec69	23.988	fast
3707d8b3-e55a-4d81-8aab-b2b0647932b9	8.802	hac
46bcbc54-7bd3-48f6-a037-e2ded44fac48	21.769	fast
13389b9b-22a4-4ff0-ae04-95b05caee282	26.689	fast
1682c03e-fc7e-4d03-b0cc-752087dcb88d	9.969	hac
006de0bf-8f86-4e04-80bd-54230fb42344	10.689	fast
c1ea47b9-978d-4132-b3ee-e67e6e2190e6	24.460	fast
1c0eaf08-51b5-476e-8fe0-073f5ffa965a	8.250	hac
67b89afd-7d14-4dbc-8661-45a12433305b	26.531	fast
a657614d-590b-45eb-bc6b-923b9b8293d0	25.993	fast
00e89cad-b5b7-4a64-ae38-47fc0a9ddb45	10.318	fast
d390f5cf-591a-40ea-9e2d-5a3941891127	15.635	fast
abf3da4b-420e-4049-bc1a-f7fb799821d8	28.393	fast
0e9af7c1-3c57-428d-9e02-35b9d6eadd80	12.545	fast
e72e2b82-7434-4a42-81d6-76fd70abc374	4.458	hac
54056ee0-17e7-43f1-86a9-9267fae09dc0	26.552	fast
94e25316-a406-41b3-b886-85b1d3b7c966	21.442	fast
60aba09b-2bb4-4f97-93c6-0540a580f61b	23.375	fast
96ddfb09-502f-41f0-a1dd-b5d2b6dec832	27.955	fast
3fd0c6d9-4ff2-44ce-8234-054a695efe98	9.311	hac
21e0a3a0-9537-4811-84a3-f0f8298d644c	16.727	fast
ba793664-408d-4717-8ffe-ff0549b21777	18.737	fast
904c3bea-1297-42da-9921-66770d564387	23.462	fast
33cca278-6497-4853-bd5a-b293b6f354bf	8.430	hac
8275531a-ed77-4dd5-b736-dc2223d29cb5	19.405	fast
da6bc966-1241-4195-babc-6746b2229c9b	6.398	hac
c8379a83-7d59-4fa7-a001-8a72c9333212	19.863	fast
051db83a-e974-4830-9331-f9c5d81ee0b9	18.917	fast
b19d4b58-bb70-4f28-9aa0-491564f5f4b0	18.725	fast
aec23c7e-b26d-43d5-8143-d39b0f4f2521	23.411	fast
4140e0d5-3944-4612-a339-a56e86ac39b4	8.925	hac
46377ced-ae9a-4a6b-a93b-692dfaec05b8	24.636	fast
c3916080-09fd-4b5f-9b14-68044fe51a18	24.514	fast
df3ea971-8a4c-42c2-885a-3f220a6999e2	25.247	fast
75eda30b-ebec-4690-9245-f53b40216fcc	27.121	fast
591a9004-1f53-46a7-8ded-86d8c09811d1	22.370	fast
52191342-dd72-4847-b2eb-9a5c3953c8ca	23.609	fast
d862dea7-00b5-4d1f-a3a4-32b44e8490a7	12.613	fast
1b8b2313-d388-4eb9-b7d3-af85719fdf68	18.888	fast
a0695da0-233c-48d8-9a1f-b7aa4f5219f0	17.560	fast
51aab9d1-eac8-4a99-be75-47b1e8fda33d	25.261	fast
1e3721a1-addb-48fa-9544-a6d956f46865	11.105	fast
0cf66d0d-208b-48e0-a70f-90a652709db7	5.185	hac
69f2fbf6-94bb-4655-a4f1-dde9fb5fe166	22.670	fast
0d72d8df-78bb-4fd6-b255-09938e1a2ab5	25.254	fast
6caa973c-d8b5-4b0e-a227-3a61c58ef2a9	26.598	fast
2f12b62a-707f-4918-8207-6a14603a72d1	8.678	hac
f1586f63-36f2-4573-b4ba-6ac051fdc5ab	6.571	hac
146d3f73-8e90-4aa0-a30f-510cac0f448c	27.227	fast
85f7901b-16a3-45ce-a0b7-82c5a06e259f	16.580	fast
febf9aa3-2db6-4820-8616-d72c123c2599	22.589	fast
a038704a-3400-43e8-9643-79fbdd644056	26.494	fast
d35659bd-3569-4d31-be81-05480338832b	9.351	hac
7a7c0ca1-a16e-43b9-8671-1c3f3bef09c7	20.119	fast
ab8be24d-f8b6-491c-9f3f-f3eb76c02c97	5.279	hac
672ce72b-65ed-4bd6-a578-660ac5e0e0e7	14.667	fast
3a0378e9-b199-40a8-a688-e64d565341f3	27.794	fast
e17d1f57-0e74-460b-a271-fe284db1347f	25.339	fast
22767e6f-b619-46b5-80b0-206a63686f7b	23.629	fast
a53686c6-2fb5-4d20-9171-93c0ad1b173b	24.010	fast
7ca06e93-5802-4a0e-98af-a1c15aa7fae5	13.763	fast
3e6eab5c-6071-412d-9197-de467a70e5d5	25.599	fast
ef022c5d-34fe-4f4a-ad01-d12b2387403b	26.297	fast
68dcd628-acbd-4e08-a1fb-ac03867014bc	8.422	hac
24ebbe36-a378-412f-bf2e-2f153d7c5a5b	24.850	fast
27c5cbc4-7f6d-4134-87cd-146857961eb4	25.236	fast
03ff025d-16e4-4d93-bd2f-0073a521cda7	8.224	hac
0c2d99ea-8eb2-4fe8-be94-8519a9a6494b	15.493	fast
bfea0c99-d13e-4841-9941-fa4fbb3c3396	25.074	fast
01f28956-483d-44dc-8044-67d3d463a6b1	25.324	fast
4145c040-3e04-4964-8e95-2bf20fdc9d13	29.004	fast
78c3155f-59e5-4b9e-b482-c6c8f382d565	8.694	hac
00c06c34-c471-4747-9bd3-90db3a1ce267	22.438	fast
870ef077-c3e3-47e8-89c3-9783f8fc0923	20.393	fast
3e8a679f-471d-46ac-b8b8-9b109ee74127	14.108	fast
d0e1523d-f388-4257-93f2-d320fb9f0c4d	6.983	hac
477a77ea-95bf-42d1-a976-9ea9bfc204e9	11.128	fast
152273fa-e745-4b0a-a06d-a35743e8c382	23.497	fast
9f6eb02b-8c77-466e-9596-7e2a36c2e678	25.650	fast
64550ec8-6b7d-4516-af7b-85fed074e044	27.199	fast
eab51d9b-d541-48db-aec8-3716467c9fc6	24.235	fast
c9f68c2e-a13b-4d50-8d87-7b7b6aa124f0	22.500	fast
432d097f-7833-48be-8f32-e99da794d3d7	23.037	fast
37f628e7-472a-4414-9bd2-9acc14ba0c84	23.653	fast
63772ead-5b63-4c46-b97e-765ece4bc343	22.863	fast
01a5a15c-e020-48f1-8cfc-539d3a458eca	25.907	fast
07c60e16-8e37-4b9f-ba7e-88e755f54daa	20.489	fast
c1b3701a-b90b-4c50-9a6a-d20047e48544	8.149	hac
bfe61082-c6e4-4ccc-924a-f747cda3a5c8	26.410	fast
e9b2d342-bb95-46fe-b89b-8a4a7e28c802	14.338	fast
403b6d81-56bf-4236-b591-cc6e6fd91b42	20.128	fast
d8e6de94-f534-4cf5-9524-c7521e527ad4	17.096	fast
07f4e372-cbf6-4508-9812-13462649c62b	19.647	fast
5cf5ffd5-94ab-4ce7-b0e3-27aebb26a3a2	23.374	fast
07316c42-d5bf-4a20-8497-ed1101666f79	24.595	fast
c9441295-14e5-4e95-8695-f30872477a29	15.121	fast
40ccbd48-37de-4cd4-83a8-a93add613c5a	22.451	fast
5e2f7d5d-5145-4e4b-8597-d99a14b36661	23.252	fast
79179abe-0e30-4a05-8e38-dcf8cc8afe53	28.325	fast
2b584c3a-0960-47a7-9169-95a39d890d3a	10.515	fast
18cfd181-43ba-4b03-876f-dc8ec9de1d6a	13.212	fast
4d35ab44-7837-48d6-b1f6-d483b62e2a07	8.775	hac
2214cf25-cb9e-4f9f-a788-85f4377fd611	20.733	fast
6515ce57-d94d-4e24-b81b-77c9844ca896	19.001	fast
a56875a4-1c73-4a2f-8c18-48205f905b9f	23.683	fast
4128e788-aae9-4fa2-a21f-f005c55d51bb	14.289	fast
ed326f66-7924-4342-ac93-7286d20d3325	8.899	hac
7c8e75ec-58a1-4eb9-b41f-bc7e1f6c64de	11.492	fast
8df11337-4d67-4db9-9d86-06c3f91da60e	27.860	fast
2e947f3c-c879-42f5-a1d3-582d6e13185b	28.478	fast
4962f00e-3470-4207-adea-1e38e1860082	21.128	fast
9d7c508a-ec0c-405a-a3e0-2ef7c474d685	22.868	fast
23257da6-17e4-420f-bdc8-6af1558e2265	8.613	hac
5682e2e1-2a0a-42f9-9358-0f50c48f9006	8.687	hac
50e7c0f6-c670-4100-a903-f71e1ef94d35	26.783	fast
f88a56d3-fdd5-4771-a2cd-43e701eed5bb	9.053	hac
bde89419-a5aa-4f0c-981d-a77eb5edc55c	23.526	fast
d6e32470-8119-4c80-9377-58d8f45e9120	25.458	fast
2b7bca19-d4c7-43d6-8da2-fe3e46092e42	21.812	fast
2dd1c394-7c25-4473-9b9c-f14578ef1943	13.326	fast
e7a44569-f5bb-4111-986d-566a5b0c7f30	24.897	fast
edeb9eca-a8e5-4f49-b6df-42773a0b1be4	21.182	fast
53579c2d-3a6f-4c55-961f-ec8fe09d9455	15.069	fast
bda214a8-0534-4067-8730-92b86bdc5911	17.992	fast
870da416-f0f3-4460-ab78-7e461b6f4190	24.839	fast
96276c88-d1c6-463f-af88-edb333ee51c9	7.578	hac
35185733-9273-4227-84e2-6671a61b87e2	26.152	fast
f35b9360-fbbc-4f18-a6db-b758203bea5f	9.578	hac
55cb2a55-8a1f-4d0f-898e-32fbbe015982	16.417	fast
0b9ffb3d-7139-4956-b00c-4b4ad531b7dd	21.914	fast
55e1b6ae-edd1-477e-a13b-208e80e606fd	25.093	fast
1073743a-ec00-4834-92e3-0947601a0893	17.662	fast
9e5e3f79-4058-432f-a64a-cf7c83811a7c	24.262	fast
a4c4f141-c161-42f3-9cc8-01639febf408	18.969	fast
bcf79549-7f18-40cb-9188-123ad781004b	24.108	fast
afea4050-ccde-4a4a-a1aa-df4b0faa28f5	21.044	fast
a2116aa9-219c-455f-a614-beff2e2dcbcd	21.862	fast
7a8dcf57-9ec5-48d5-ae90-ea362b70c542	18.857	fast
52019106-b5ed-4c41-8c69-a4dea0fbae40	21.161	fast
da2611f6-9e64-4068-a72e-082ec92bf1be	21.786	fast
52cedd4d-066e-4e35-8746-33100ac0a5a7	19.582	fast
2bc7a7e9-cbd1-43ee-8f05-e6cf2a9cfa22	25.093	fast
ca477032-a15f-41aa-bdb2-e4daea57e2d1	6.638	hac
f4771e01-0f8a-4b29-9325-8c165ab2451a	15.038	fast
f85ddaba-9fab-4644-8ec8-7aff7d3f8d69	8.021	hac
b03aab7e-0007-40f8-9d58-be98e065f9a4	17.689	fast
363c076c-f842-4483-80c8-57505d7cbe63	12.327	fast
89a43147-ed7e-4457-a28c-1b283330a5d4	21.966	fast
34d4074d-a936-4f6d-abf1-d9634ed533d7	8.153	hac
6b355bb5-86d5-452c-8f30-b8f933a03356	20.159	fast
f20e9573-aad5-4340-a224-4ffc38e1a21a	9.710	hac
adaceffa-981c-4d67-9a75-3f0b500abe5c	7.305	hac
5f22e5b8-9e6d-4cc9-91c1-13445ce0dad6	7.242	hac
8d0a26e6-dbc3-4022-8e91-04052526d0b2	25.899	fast
5529bf23-2ca1-493f-aca2-71bb7119554a	24.878	fast
bf5cc717-8ab9-4a6e-8da4-d5d87ce6cf07	25.731	fast
e6c87ac4-1905-4c31-bfad-8eb919bcfe0a	7.053	hac
e3831453-238a-46e2-b0b1-824e36e84b6c	23.643	fast
bb783aec-53ba-47b2-8d23-39d42d0427e1	8.572	hac
9769ece7-d83b-42bb-a15c-5384e017ccc5	19.415	fast
bc9f3ace-c0c7-4f66-b3ad-d79e749da142	8.026	hac
81d45b82-34cf-4cef-9fbd-41dd0fdda524	23.471	fast
ad7984e0-e625-430a-b21f-2dba449e3bae	18.751	fast
1a03cadd-9b1f-4868-8ab7-a13d682eb8f9	11.074	fast
0a606df1-8476-48a4-b9c0-75ed139cb934	26.914	fast
c6b69165-2c00-4c92-9878-330dd32398db	20.677	fast
339d143c-e2ff-4a9b-a3f8-9eddb88f82d6	12.180	fast
678a352f-2f6e-43ef-a6f2-f4cd0b87bdfb	26.839	fast
dd5b5965-1e9b-4e23-990c-c6be353f5476	19.425	fast
e4805dea-5db4-46bc-952f-6d81f7e8eb27	17.867	fast
fc10d870-c2c5-4d0d-9ee3-870c1afe3f12	24.304	fast
5bfaae0c-41e2-44bd-b41b-0445387c1a13	19.146	fast
1e97da0e-bd64-4d63-b014-3a67d839c323	20.126	fast
7a7a50f1-4cfe-45e6-b956-b4e55c12f76a	6.433	hac
b7caf8e9-47ea-4588-a0d1-ec721a954be2	22.878	fast
d6cafa28-85ac-4e7f-b105-f61e79772e27	9.614	hac
c919e81f-75ce-414f-a3ed-ca01beb9036b	25.565	fast
e3cbb789-1cc6-422e-808b-bf7a862fffd0	11.201	fast
e64b0317-580a-4674-ac18-5724de1c3d05	25.321	fast
383f2875-50db-4535-b7dc-0fa8359786ed	7.772	hac
edd1eac4-37f5-4c4b-a99b-b07af29656a9	12.219	fast
c7bc4f28-6bfd-4971-9749-c1b9adf08297	18.836	fast
b772589c-3273-4d33-81a7-122684d43de3	26.132	fast
2f47c689-60f4-4028-95a4-444b83c8ff11	23.780	fast
cba05a96-b006-4a70-b480-845f7f818241	17.257	fast
ae74d273-06be-41e4-a774-e313930c0d75	7.618	hac
934c71f1-ec38-4f48-aeee-115891f32ccd	28.194	fast
51a3afab-14c9-4730-8f58-9270aab78a3b	10.861	fast
a69d84b8-d779-49cb-9551-56d65c0c7045	25.805	fast
1d7c2324-654c-415d-a675-c8e2ee636fd3	16.558	fast
bb29ce94-156f-482b-a6e6-d46c9c74ae2b	15.885	fast
38ffd182-3029-4be5-b44d-360e45c44ee4	22.269	fast
8dd7f8ef-7928-4f6a-a3d7-a7247eac836a	27.026	fast
ed882dac-5c5e-4080-b828-39041d3ab3b2	9.840	hac
3421d6e9-2043-4ac3-984d-c4c989e332a5	8.728	hac
6ac4721b-f560-422d-8edc-d3b1c17d04e5	26.579	fast
7bf47ceb-e7ae-4356-acf4-1f27ca978a7f	25.647	fast
c0a44ad1-3816-4259-8544-671afa2fb887	9.087	hac
3e6d7647-08f4-4258-aa5a-8262325dcd76	20.351	fast
3da216b2-43e3-4f7e-b82e-e3791b0a985a	24.732	fast
b200ca65-5704-42d4-aa91-41abb5f2b6de	9.127	hac
cfd89e25-f18c-4217-87a4-3deae17f2507	7.895	hac
f0c048b3-b2d3-4bcb-9b43-5fda0a2ef1b7	10.518	fast
76a16df6-9c99-4f56-88b7-22bfeb3fbbdf	23.075	fast
986344ce-b8eb-4868-a189-2e153458f275	19.500	fast
845b2d89-b675-487e-ace8-4b73176f5c36	25.071	fast
f374de1c-3f78-4f21-b4fc-e29b46978ea6	23.928	fast
d9c1d94b-dd2e-4ffb-93b1-1b471589b7b1	23.757	fast
51f3820a-9935-4229-9760-96cb1d012ed0	24.000	fast
10a66414-e3e6-4635-be51-c7ba5d538b1b	22.874	fast
b764dacc-14e3-4ade-ad99-0e4dd5725e55	22.772	fast
a411b95b-186c-443e-a7ad-dce7819d0929	10.827	fast
f542ce46-305b-4a23-bb71-4e28ad9ef6d7	22.118	fast
3dfd1781-385c-41f4-bd75-5e811da6619b	8.903	hac
c6e02958-374d-41e7-8cb6-0e1705bf24f0	25.114	fast
2842f9c3-2715-42b4-bb36-71a46f1d821c	25.016	fast
6121c817-e067-4690-a5d3-dd45e11c1333	8.129	hac
7ea64a32-9324-4835-aeb2-fc58b36695d4	24.812	fast
01dcfb91-6429-4c1f-b26e-b287bfefb10b	8.743	hac
38734d78-db79-4350-b683-2e98c4c283b9	23.192	fast
a7508b1a-0942-4ce4-bb7a-5b77a6152b6a	19.097	fast
591e0182-f238-4226-b82b-38928fce8c2e	19.780	fast
8a107878-974b-416c-b151-afaa6c0ca259	18.001	fast
68cbc1ad-e23d-41e5-88a0-681cb08bb825	22.441	fast
79b8b862-2c78-4d53-924a-acbd884edb34	19.576	fast
37547e7b-b352-489d-b98f-e3c75ac96d78	28.581	fast
90278de0-d9b8-49be-8582-88b394d2a90e	26.822	fast
1b331ec2-4cfe-4aa6-ae8f-e76fce81b92c	19.846	fast
6da2e47c-5877-42a4-813a-8653e63f2820	23.015	fast
10199841-cf00-4417-acfc-1119f59655d3	23.430	fast
b03014b4-f496-412c-a215-6b8d4e1026b3	8.237	hac
79b06a25-a2fa-4bdb-b9ff-9747fadb2b30	24.722	fast
2615a98f-09a0-49e0-9ccb-3f79a2155a51	25.262	fast
7fca074e-ff37-4886-b53f-87e594978a71	20.726	fast
69d61a22-989d-4860-aa11-932f70530687	27.044	fast
a04fa503-0ece-4786-8980-da56737e9b0c	22.218	fast
02aab63f-6b4a-4e2c-b841-f73f8e5da62e	10.994	fast
29e3b324-d256-4632-8fca-f8ab683b40d5	20.497	fast
dee4afcb-9a66-47fa-b821-0723f3f57988	7.680	hac
708d93af-8e54-4a22-a6c4-b271cb80798d	9.362	hac
3fe607a7-c9d8-42ba-a3c1-5c4f90312725	24.360	fast
d94f6733-421b-4a58-a381-0c2e2340d685	26.724	fast
c38b1c96-9d82-4505-bbfa-a76252b41fa2	8.433	hac
5d86228a-72b1-429b-8c5f-d144df38437b	5.182	hac
eb538b82-12f2-4876-bfaa-4d78cb62a7a0	22.700	fast
e492c4de-3269-42fe-bd30-78344c9fdb78	8.463	hac
cdc33a8e-6cff-445d-9361-fde659fcb76b	25.877	fast
7b49909e-2dd4-4199-a3dd-840e48eaeefb	10.055	fast
5458eba6-6802-492b-8ed5-8df4e4abb16c	26.558	fast
860d24ca-e2b4-4de2-b574-65f8aba73e07	26.760	fast
66bf5ce8-1370-4f82-9f6a-eb8d4e9b56ea	26.912	fast
eca85107-21f3-497f-a391-f905c398201d	25.399	fast
8cf08a3b-d99e-4966-9bff-d7805aea9ef1	22.907	fast
a8643e3c-6270-497e-b065-2434ea82d195	21.559	fast
1e326994-bb21-4a53-bcbc-3770b3b27d5c	19.971	fast
3f2164f3-14d7-42e7-a70d-16cac25d44ad	23.321	fast
d6241caf-ee81-4e5e-8642-d2b4ecf2ce52	24.571	fast
9c6f7b52-c7e2-4eec-9bf2-77449571d5b2	21.231	fast
7c444f74-959b-4f95-96d1-9bbf9b14e41e	10.785	fast
3ff4b703-5604-4faa-a6e9-0cace9d33b30	7.216	hac
bb25ab9f-90e5-4050-9bb3-58c14410e75e	24.365	fast
2c2f3586-f3a3-49f4-b35e-83fd28ec9d75	26.502	fast
7b9a621a-6a21-4934-88cb-43b69def5009	26.250	fast
edc1cb0d-bcf2-4056-b322-8c5f23f28114	23.251	fast
c52166a6-6e31-49dd-8840-9614a29c26f1	23.915	fast
a9de442a-8b2b-4c78-8d32-fa4e70626105	25.322	fast
02512948-4a35-406b-8bf7-e6f817cbe69e	22.592	fast
9ba6f1b1-f044-474e-95f5-ab0ebcbd4b48	25.823	fast
5c2705dc-c950-4ef7-9096-1aea598053c8	24.328	fast
a5314bbc-72e0-4d6b-91df-609c1be0918b	11.102	fast
49229ecc-ec66-4b18-b5d3-567402c13cc5	9.562	hac
1a244b6c-e27f-41fc-83f4-b40402235400	25.992	fast
238d1379-c51c-4567-afd6-594c9500f0ef	21.866	fast
68776804-56cb-438a-b8c4-c50d8830bb39	23.533	fast
aaf74533-b1b7-490d-8faf-524befeb20ee	7.264	hac
0c4abf29-6c3b-4475-9512-08149f321f66	23.325	fast
04cb3ac1-dce0-4a89-8ebe-3f0d6316ea6a	20.851	fast
9a98b4cd-f1a7-4439-8413-efd64e18e9b7	20.184	fast
7c1f660c-669c-43dc-b956-c557cc234bcc	25.246	fast
ccc3bb62-1be4-451c-b771-899bfbeeeb4f	19.422	fast
b6601a41-0ab8-4057-b21f-b67985a59f25	16.176	fast
f5a18c3b-0ab1-4153-8dc7-33d98ec30bfe	26.723	fast
9af41e2d-3ee9-4dbb-81e1-24a4f2c37ef7	7.869	hac
297eac61-efdd-40fa-8f5c-2baf70ca6768	24.208	fast
c7ca7640-791f-42ea-bf2e-14608b47b39b	9.801	hac
d5d6174b-6bf2-43aa-ad97-f8717b672600	7.742	hac
7b9b420c-26dd-4fab-a13c-a7d3bf595087	21.234	fast
7bf2b4e7-a806-437d-9400-47b6f1f5bd04	18.832	fast
40c7e680-b129-4c48-b00d-4dac9b59be82	20.321	fast
30f44d66-56c1-4f47-9412-2198fbdb9d97	23.848	fast
e6e8fb14-e690-48b4-97c9-d05d3f0ef8f8	22.196	fast
387ba890-2b41-4026-ac25-a54828cb03ed	25.449	fast
608aa747-8ed5-47c5-9cfa-77959c7e0e6e	20.126	fast
d38745da-4168-461e-872c-442c275c1a9c	22.976	fast
da7f6576-2fb1-4071-9cd6-d887712e7c80	25.496	fast
5cd3dc76-3c17-49a5-9398-9bc033ce9a62	20.602	fast
fcef25d0-7688-43c4-a81e-c6c9f3ca49ac	24.600	fast
6142ea04-07cb-4a31-875f-babe9c710898	19.432	fast
0a310436-387e-4bba-ae30-f2782b967405	28.556	fast
09c40b4f-7b2c-4112-b970-7be9befe7c69	21.182	fast
4a1b5ff4-454d-48cf-b77d-3d8d82d5ef4f	21.794	fast
14f3e4a5-72a5-430e-a045-36b70cd68c04	23.959	fast
2d4a13ba-b795-4f72-ae50-8ba3e6d30002	27.064	fast
dce4b600-80c7-40e6-9384-15588f5a4e3d	15.676	fast
9df07e51-0983-46d6-aba8-b1c53185b703	30.496	fast
b42f6b5e-8f13-429b-a160-a00e3df34931	26.096	fast
33d4af62-2452-4db1-8a3d-f2a542223386	19.969	fast
07e614f1-eb05-41ab-96c5-ff0525b05bcf	22.028	fast
55b6e1bf-34c4-4a49-b385-0d9e53bd753c	21.246	fast
62835395-f2fe-4fe4-ba79-38daf356a1c8	16.641	fast
5639c366-bf9c-42a8-8cd4-f892d33c74d8	21.742	fast
289fd186-5d65-4b9d-886e-16181e290961	25.197	fast
cfeeda85-6e0e-41cf-89c4-df27c338927d	23.925	fast
c6956ede-1059-4faf-839d-2a23846ee55c	19.719	fast
b0e9de7f-d872-4e92-a78b-7c1aa419fce5	23.289	fast
b675cf81-3536-4b60-8c22-efc7dc1a8a07	23.765	fast
5e0c0d70-85b7-4b65-b5ce-6faecd2be1fb	25.254	fast
a921b377-91be-4b30-ab10-005b7b295990	13.826	fast
9875b275-69b3-49fb-85b9-9c1dfafa7390	26.442	fast
5d18c305-04eb-4d1f-a9f2-33be9f5bcbf8	23.853	fast
bb64debc-f05a-455c-b39f-31268111d652	25.855	fast
4485fe3e-76da-4af9-a0c3-9b3b54492799	23.947	fast
84de6431-70b7-46dd-a995-7f691cc7d2fa	27.555	fast
0a3b09d7-7d0d-4c56-8c47-07f9671d29e0	24.409	fast
2ca3912c-ada5-44b2-a6f5-61bd300ba216	25.462	fast
777f8959-01da-4027-8b91-bb4bac5c3e60	12.050	fast
a48b2d5c-e7fc-4993-9528-ffdbbea03a9c	25.038	fast
92676b57-07b9-4421-889e-2b4ccaeb71f2	25.126	fast
d0b6908c-e867-44f5-96b8-f1e36f8b5b79	25.036	fast
f58ce040-36b3-4b59-82f4-73f54307785a	9.987	hac
cf0905e1-5a70-4248-bfa5-95de345a36f8	20.319	fast
8f10b984-15f5-495f-815f-3cf5378540d2	17.300	fast
97dc9a04-5806-4dbf-9530-fcca14689f29	24.196	fast
5f062d88-4adf-4aef-81f0-d993ac2fdf1c	7.574	hac
353a6ba0-7654-4ea5-8c94-b2d5bad3ae7c	9.215	hac
1a58ca18-6bbf-4c64-b1e2-f32df99eb0a1	20.310	fast
777dbd72-7aed-485b-acc7-24166d3daca8	23.270	fast
7ef1d3f5-d3c0-419e-8179-8869f98ea644	16.915	fast
1e62a6c8-b109-41b8-9a23-dc7ace00f854	22.525	fast
29c22bb7-fab7-4eea-96a3-680438e604f3	25.706	fast
9e2ad03c-4237-4a77-a792-7865b96ddf4c	22.745	fast
619f3ccf-a168-46ce-84af-d6f9ae24b615	15.643	fast
55352d18-358a-490b-8fa4-27d5d4ac72fa	23.122	fast
d154942d-e335-4ff8-84c4-e5859ac59247	23.818	fast
899e9bc5-5b03-461d-b1aa-05f9d80bbccf	20.913	fast
b0c12944-6acc-4d39-9433-9680b5c7ecfd	24.921	fast
9b79c3d9-3615-44b1-b237-662db2821591	24.270	fast
f3a0196a-3267-483d-a3ef-0e554a6f8689	24.982	fast
930b0fb6-c65d-4947-918c-1445c1553c09	27.395	fast
4fac5610-b13c-4752-8036-612cf1acaf68	10.577	fast
5d87c41f-9bd3-4c92-a255-b319e8e546d3	24.666	fast
2ca795e7-9c8b-455b-8b02-c04bc6fa5a84	11.851	fast
7111d11d-7bbb-4491-bd35-218820e32cc5	8.508	hac
64183514-23ee-4840-871e-92b5aaba2547	25.756	fast
b513b53e-bcea-42cf-ae4e-c2b50fdcce98	21.301	fast
ab9ae866-96cb-404e-a684-7f2031a9083a	25.531	fast
c27fc4ec-ebcd-4395-a5fe-49a5db0048ae	24.170	fast
f7cb8aee-29af-454f-8201-382da3422462	21.613	fast
e8cc0ae9-4090-49ea-bf46-137fca7587fd	20.589	fast
5315d8ce-64b1-456e-87ed-dbda4c749578	16.797	fast
222339bc-1b81-4111-95dc-1f0fd599ef66	22.509	fast
a420939d-9164-43f4-89e8-a9f901824b89	26.734	fast
995d338d-3f7c-4477-965d-bbe941f9ff7d	25.291	fast
531cbfe7-969a-4260-87ef-86de7f305e20	9.633	hac
a2898785-29a0-4880-9616-9d5f4542d324	10.574	fast
8bd3a4ae-125c-4489-b499-e2e4ca068301	5.471	hac
8a07692b-85fa-410b-9344-250c57d1594e	20.898	fast
2d434207-6b21-463c-9ac0-b9143efab6be	20.790	fast
6fc5818f-9663-45ef-97a6-41068ba019ec	25.282	fast
bd3e4c70-a42a-43b8-a497-a9a2aa7b2af1	25.828	fast
87feaa8a-bc63-4ea2-bc27-1852039151f0	14.914	fast
3f6293e1-38fd-4e92-a35c-bc6504e041ab	7.815	hac
6dc29980-3f9b-437f-bf11-7bc844b9a2bb	25.188	fast
92af1016-0054-4a16-aa8b-8893d9938908	26.883	fast
f8cf2195-dfe0-4229-87b8-d76b39eb0684	23.157	fast
eb8872ca-fd7b-4055-a860-1043b7cee8cb	21.789	fast
bacb193b-02eb-42d3-97d7-f59a9b40970a	7.452	hac
5af4304c-02e5-4037-abd0-4dae446d9080	24.794	fast
104156ed-9e20-44bb-bea2-3ac6a334c9c9	21.289	fast
3296f7ca-68e1-4cf0-a549-c0bfd9822679	25.541	fast
e1567894-e65d-41b7-a32b-5355120ba4e0	25.423	fast
d9a5ffdd-edb4-4dea-8bd1-7201eac28c5c	5.817	hac
eda4fb1f-6e93-4d3c-8110-2713ba9ab3d2	25.159	fast
089fdee1-25af-467a-8649-947705517ead	21.980	fast
f06d6fcf-0787-4c94-a6f2-e738e6621c8c	23.068	fast
1ec219f2-5f4b-4bf5-b154-5966d03a1418	21.161	fast
a08777c5-6f6c-4693-9ea8-8b14ce0862de	27.436	fast
c8b548c8-937c-4a98-acd2-a961257e2cc6	22.677	fast
2221d395-6f51-4df5-8895-76f34d4948b6	14.093	fast
18ea7927-094d-43d2-a0f3-aacb8a250f15	9.851	hac
cc7db628-612b-4628-823f-aaf331216daa	20.352	fast
be9a5250-8f76-4fc2-ab66-c974356db690	22.183	fast
ead8d3ef-a3ca-42c0-a8fa-b6393c435ce9	8.621	hac
c8b66fe9-9312-4dec-b4c6-9c6ec3a1f658	16.775	fast
915b3429-76ce-4f7a-b3ea-bda9a58e6e08	28.480	fast
de2ed2ae-bceb-4573-89a8-fc286f011189	8.948	hac
20d04eb4-c2a8-4908-9da1-0cb0d88c4bc9	23.150	fast
bda5a1d7-adec-49f4-9741-c8503e3475d5	22.760	fast
d95414e0-fad1-4fb2-9abe-0229c3ec36c4	26.353	fast
771b7cca-26a6-4fa5-8ff8-b4c14767003e	23.120	fast
313644aa-9fb1-4534-a658-0b7bed047ebc	9.347	hac
33fcdcbc-70d4-4b88-97d1-34e24328d7f1	24.625	fast
59962513-0b05-45ba-924b-0c15782982f6	24.349	fast
96f26c55-79cc-43f8-bc3d-9d187c5a42c8	25.675	fast
ef548cd9-1cff-4542-a915-21678ed64f8a	23.482	fast
504de271-b12d-427f-98d8-1eca9dd4900b	8.724	hac
f8014834-2148-4dcf-b40c-7b255259e628	19.100	fast
80e5e2f3-af7b-4bef-b7b2-5a85a2523c2f	10.028	fast
054ff7ab-431f-46e4-b4d5-c805a1aa05e1	23.301	fast
85cdc833-fcd2-4361-b413-4a940ff5fc09	25.741	fast
1fe699cd-a741-42ea-ba05-59db49bb4fa6	27.147	fast
20c446d2-d0e0-4497-9378-59106aaaf88a	26.888	fast
514ccbc1-b7d6-4bfd-ac9d-7ba8618353cb	9.221	hac
c5dd6157-32de-4fb0-a43a-2560118476d1	29.214	fast
55517f4a-63ba-4493-aef5-d4a8cc18068d	19.398	fast
5f891a17-5511-474b-96d2-f89647e2da63	13.425	fast
abc42c61-746b-4f1a-9959-d002bc8e5a45	22.324	fast
a18e4b59-8ecf-476e-a590-8c389b1785f7	5.777	hac
d238375a-178c-4086-8d97-00e00028f13a	21.256	fast
140f6c53-7a87-456a-8d25-da0cd6dc409d	24.671	fast
90ed72c1-a84d-4f56-a52a-d20f9d65e699	23.408	fast
c77f5383-6516-4029-89f2-a096c77c2878	29.117	fast
6d1bcd98-1173-4314-85d8-acb967d7df35	21.813	fast
66796054-5f53-44f4-b26f-8e85a7efc559	23.695	fast
d421113d-bd1b-444b-90a6-876e1289f7cc	24.628	fast
2426aa96-aec7-493c-a054-248add9c73c2	7.878	hac
bb2d07b7-da6d-4a22-99c6-cb78a1aff625	20.331	fast
21fb87fa-b0e3-41bc-89fc-c091182a66cc	19.680	fast
2ce8952c-987e-428e-9345-b9ed5589a7b5	23.642	fast
b0c29d6f-5896-4d45-9f8e-6859c1e7da80	7.595	hac
68dba093-f81a-498d-95b2-fdf618444c73	8.390	hac
17e6d98a-75a1-404e-ba60-f1697a50aae5	18.122	fast
c4a78b65-358d-4350-98c5-6a7185c61fe6	7.080	hac
3ea92e0e-bb51-407e-b093-d06265cebd13	18.051	fast
a5a4b085-f83f-410a-b326-55890c5ef1a2	25.763	fast
96eb64f9-ac1f-4d1c-8c6a-371d53bc434e	19.394	fast
57e4782c-ef15-48a9-9c4b-0fbd4ca33a2d	19.470	fast
8877ab8f-ddef-4d8d-8f76-f815bc9b8c6b	6.780	hac
e2e5bf63-a1c7-4e9d-a2d3-11402d8d7f0f	24.357	fast
da6f975a-6ba9-455d-814d-9600531fa004	23.083	fast
304c39ed-104f-4eb8-b4de-862762d48dfe	9.198	hac
b002631a-ccdd-4f21-b6fe-7ec8ac7e8dfe	20.393	fast
d55a07cc-91e7-4615-ad84-f6453d9bb640	19.717	fast
79c3ecbc-5158-498c-8407-524c83933720	22.896	fast
e8fcaee1-0770-4142-9d85-8e8edce48852	12.710	fast
ac8e9d30-2995-4e80-b748-acac7af6920f	18.531	fast
910a98ed-e4e4-4517-9fe6-58be65d57f67	25.203	fast
794098e4-d80c-4044-8064-2eb9709c9eb0	8.267	hac
ea665519-19d6-411a-b231-e09c3aa72044	15.353	fast
f9faed77-bca5-47bb-b46f-e59c43e01eaa	21.646	fast
fdd9aeb4-b6d6-4e45-8248-c99aa8c07e3c	25.878	fast
1544fa71-1906-4c24-8f8c-5ff3274033e5	8.677	hac
12e164c6-29e1-4468-ba22-183577675e8d	26.578	fast
32198cfd-4306-4adb-9626-8b76eb80192d	7.784	hac
f37054cc-3be6-4559-90e5-dfc70c862bfe	27.138	fast
c2086ad3-3386-487d-9378-0ce241a74459	23.324	fast
08384ead-71b0-4fe9-ad59-2acbf6a19e34	21.103	fast
87729cf8-98d4-4dd8-9ab1-96a876d501cb	7.278	hac
fe641591-1dad-4a08-a366-1cbe8729d8c9	21.756	fast
31d0d2f5-1c3e-405b-829d-7bf154b93596	24.693	fast
d66b5a88-d18b-4683-82b1-7d0a67bc106b	28.533	fast
252e19e9-47f4-47c7-8888-b82d08b7cabb	20.715	fast
77f743ed-3ca7-4430-8d85-2bf6ebfc9a2f	9.181	hac
dcce703e-d972-4852-be9b-a3a1150cb2d9	11.304	fast
403ed6a4-a85d-4fac-ae32-a8b7ee10c7fe	13.365	fast
c12b0e5a-9a4f-4f3f-a3da-e5145efcc237	24.970	fast
33df173e-2dd0-4f70-a43a-aefa813b2414	6.630	hac
bbe44823-13c8-450e-a247-a45b314418cb	21.928	fast
d4ff48f8-fe9a-49a5-a526-118dcc8d7bf9	21.948	fast
972d1895-660f-41ed-8494-9e344a92bd75	9.727	hac
b831215a-1afd-4253-85c4-a4126c0d2237	18.540	fast
6018e1c2-f890-4ce5-9708-abad8b4dc838	25.500	fast
8654e64d-9de5-4fa8-9ed6-ab8c9bf1cd44	22.832	fast
3a0029c7-e7a6-496f-87f5-a5df35e88347	24.939	fast
c68b62c0-bdf1-43ab-9699-c052bef383fe	26.612	fast
edf17a1c-51dc-4a33-9596-806b9469383c	17.975	fast
279519af-3644-4892-a468-69ad6d112db8	28.556	fast
672bd313-2075-4359-ad0f-21230198196d	13.903	fast
cac1ddeb-6a21-45fa-97f6-77c8f6fc576b	22.907	fast
a8262d69-b4ee-4d24-aa79-e7117354da8d	3.612	hac
099eb367-0c3a-41e6-aee3-832dd2f747fb	10.093	fast
0fb8b2a4-19ea-4669-9581-1e9b45a9c9bb	21.531	fast
e2cbc61a-8857-41a4-8cf9-5ecdae116ece	19.343	fast
24bf152d-9d09-4d36-a329-844d219b30c6	24.195	fast
1df92741-7f93-4c42-b31b-e16d265c7cde	20.951	fast
492aec49-2749-4a5c-b04f-93386b7f3b47	11.016	fast
574b7e23-83de-41d9-a560-2df7f10d7284	27.411	fast
88316ace-7a3f-43fa-b2a4-d379408d1d0f	19.614	fast
e552ddd3-2482-463c-8f9b-6ef5a06a0519	22.357	fast
2a4558d3-5347-478f-9d6b-5e1d07f6f7c4	24.025	fast
372c671e-115c-4a88-8238-3e29a465dac5	21.043	fast
a1b81a6c-1513-4269-83de-2c42a7a977a1	26.349	fast
0f1c6395-bcfe-4a6f-a5b1-118aed205215	10.584	fast
f78c47f2-ae1a-4d03-aba9-a11d5811b1d7	23.035	fast
77298656-7b19-4964-b3d3-ddf3cd3b9969	27.018	fast
444233f8-2cbf-4016-aea4-f5e3a4360e01	25.242	fast
2306c6ca-f30a-4f8d-9824-6970ab22f95b	12.939	fast
3a2555a6-c177-4af4-bd78-2a7d3cbebe4a	22.634	fast
e6da4a92-162a-4110-8782-5c5cd5982c89	22.047	fast
c4a9b457-a908-40a8-bae6-333769f9d7b9	30.370	fast
de86d7df-8f30-45db-a80e-c9591a12c79e	15.559	fast
647ad19c-ae73-4206-a6d6-c177f20b86c2	18.798	fast
1ed59a1b-172d-430d-bd1d-0fb58abc55ed	13.187	fast
c7702640-0787-4b7a-8817-cad153c04f89	19.215	fast
c6488a3f-c8b1-4b37-b4e8-5a38b6b814e5	24.789	fast
f8a6d091-ccfb-4e2d-a5ea-cfd4c4ff8372	25.544	fast
9787b850-5f34-47b8-9669-081035aaf885	14.678	fast
30b3b8b6-d915-4342-a748-62990b8298f7	25.892	fast
4f97dbaf-1918-4f48-97b7-c1b88dd232e3	22.677	fast
61693dcd-9256-480d-93d1-ad91c9588a14	17.373	fast
ab630778-d2af-4375-ae75-67c3ffe10ac1	8.332	hac
e36014f1-c02d-4e1f-9ae0-ebacace8e5ac	23.505	fast
a2ecd970-0a8f-430f-953d-8ea110f31f41	22.959	fast
a06da63c-10ee-4577-9322-5cbdf8cd33fa	25.347	fast
20b5775c-3985-44a4-aa9d-5f520ceb66e5	23.073	fast
16ecea34-7458-4c65-8b5f-9508acaa8c21	24.660	fast
4e889d8d-d77d-4c70-9157-b8a6fa41d81e	21.503	fast
c8f4d637-9b8f-4572-8d65-4a0937ba8160	19.651	fast
b42edeb4-4004-48e9-ae88-5cb0fa054848	21.971	fast
fc1f2cf0-351a-40ee-b592-93a89af3be7a	23.864	fast
084e4bd1-7788-4d23-b974-b93aeff7f89f	19.185	fast
38227427-a50d-47d6-9707-e0e54c593567	22.974	fast
03ba0457-4bc3-4c14-9f04-5b6cfca4d3e5	24.563	fast
5c59a343-d93e-413c-b480-7f69915fab9f	21.432	fast
6d769dd9-30a1-4d28-99dc-b9b68d14eaa2	9.654	hac
b64d3b47-8a84-45ee-87ac-0f2dc795a395	22.226	fast
4a7c9285-4510-4eb9-ab2f-9dbd488ebd00	28.636	fast
97b4318e-5949-437d-9891-131f1759dd6f	23.415	fast
dd2005a7-6b43-4d6d-bd6a-f03a90104c6c	25.657	fast
d24876f2-09c6-4bf9-b5f1-983564ce101b	23.048	fast
8b964f44-0142-4deb-a9af-1f28be57ba68	4.139	hac
05786d0e-6fe9-4d37-9727-b15055f4ab1c	22.566	fast
53a0728c-faa0-4af9-9ecb-ec824996ec58	8.375	hac
b6da473b-6385-48a9-a207-16c76da33cf3	23.735	fast
9e76f427-3b45-4ccd-899c-f0258a36d138	25.462	fast
09c1fe6a-e41d-43c8-bf26-ed33d36fc18e	24.343	fast
ac46f752-a680-43b3-9322-3a9274508161	6.289	hac
f1507f73-595d-4d1c-8b5f-334d7fa2a26c	23.120	fast
ef209873-0722-4930-a639-6f5141310531	9.260	hac
f37b09f6-1d07-47cc-bb84-e3ee686c526a	24.151	fast
e0614fea-25f2-43bd-933a-f60ebdabe11f	24.999	fast
c2d25c33-c864-4097-915c-cb780592b715	23.820	fast
40a8a808-e248-4eae-abb4-faceb89f96b9	21.909	fast
42bb39c2-416e-4da4-b7a0-09ed4b2006b3	9.036	hac
e955ad08-e387-479e-b6ab-73fbba280f49	9.764	hac
17154522-a449-41a3-aa18-dbf84f3a0f01	26.099	fast
90c5f94d-3cfb-4dc7-bbe7-71d2dc92a098	26.361	fast
31aab3fe-c31e-4255-82fe-44b5ff55dcbc	24.940	fast
3961c524-2ae6-4393-bd7a-0d349c866e82	16.302	fast
d9951caa-12d5-45bc-90bd-6afa367c02fd	19.452	fast
b44f58a1-4d5f-48b7-8d83-cbbacf72a7ef	22.330	fast
9cf59072-d871-428c-b431-ea72e0cdc766	19.157	fast
e4fde893-90a8-40aa-b5ce-e68a71fa7fda	25.485	fast
959f6314-ee34-410c-98f9-df8cb6be2906	26.205	fast
5f501ef4-1883-4085-a97f-e56ad9eeee95	20.039	fast
27e9f792-6497-424b-aa80-3dda1868cd7d	24.403	fast
94de20c5-c06c-41d4-b570-fce31c29116a	26.661	fast
3b81523e-238f-4c40-b645-0e7a23d0f5ee	18.925	fast
266cbfa2-09b5-465e-9eb5-24ed22a6295a	16.742	fast
f8114b09-011a-4d55-a50c-c273b3d767d0	24.328	fast
3bc5aee3-23ac-4501-bd4c-87d587ce8bd0	22.672	fast
f50c01cc-2aee-46e8-bac0-b0cbab03f8bd	12.707	fast
3045e667-ddd7-4d84-a763-ecee13354f5e	11.791	fast
daacad24-b88e-460c-8eed-6f893c7c9fef	22.060	fast
9280b8ac-305d-4abc-bd48-c72d2f65b96a	21.460	fast
721eb9d7-ecf2-440d-a686-539071bfcc1e	25.912	fast
9cdc3922-c421-40ec-a8dd-a6cbf343f8bf	16.538	fast
496b8504-729d-4a57-9ab6-47a183e654ef	23.044	fast
132ed923-1759-47a1-a204-350fa252553b	7.069	hac
27b5adaf-1b37-41fb-839b-b01068084d71	25.459	fast
31ac89de-8fb0-4e45-9bf8-fd9d05ab0d56	21.868	fast
00c62a3d-b19d-4c3f-a0ec-a047ec7e79f3	25.957	fast
f5cf83e7-a80f-4b79-a8db-a1a9f3bb7b1b	19.879	fast
3da974e0-69e7-4aca-8eef-64a121b368a8	31.456	fast
bc0332e0-e548-4f63-bcbd-385a73b001a5	7.983	hac
842d5e9e-684c-4439-bc22-e06af7a4476e	24.420	fast
e14beb49-7107-4d3e-b12f-fd8cea1fac12	11.262	fast
d2bf2965-bd0c-4ce6-962c-30594b6182a4	20.085	fast
f9e3da66-4633-462f-8763-5c9176440a44	24.278	fast
43ccaba1-d86b-4631-a0bd-4b9dafeafc1d	8.237	hac
04bb53f8-1f9e-47c0-95ef-b0fb9eba394d	23.985	fast
e2daf661-e9f6-40ee-b8b4-c40c47cdb45f	26.587	fast
d86e624a-3239-46ff-870a-d9835ee4b3fb	24.873	fast
e08464cd-089b-4846-99f4-818ea141e923	19.319	fast
3a9fc611-156c-456d-b4e8-7ce2d1136446	14.845	fast
fadb40e1-2d28-4ef8-b74f-853786e2e9bf	21.298	fast
3b650878-4b6a-45e7-8f95-b8d0c9c1b58f	24.040	fast
0dfad6cd-907d-4ce5-bc48-8bdc86f2e560	21.885	fast
e4b6e80f-38b0-47ff-b0c7-948a586d2916	9.896	hac
c7c1a18c-d7d0-46e8-b2a8-9c81e52041ea	18.205	fast
0463c940-01d3-49b4-8492-bc4228249e45	13.511	fast
b5fa0c87-25b6-46a9-aab3-40ac605b6ed5	10.144	fast
4d016cbc-e5e5-47f3-a397-3ed9ddf42107	15.286	fast
84b84b29-3292-4968-a32d-5e0dc427fb32	23.139	fast
9ccb49f2-8f18-436b-99e1-2a375b2c0941	23.977	fast
7b12c861-2aaa-40c9-b211-ce49f5bd096f	24.054	fast
ba3a36f2-4d93-43f6-baf8-208c52d7b0f8	9.193	hac
4a932a7b-03ec-4515-afea-4005afd03608	18.384	fast
70087424-791d-4df8-9537-8b6e8ee65dbc	25.113	fast
f59a55a0-809c-407e-ba79-8cfa24d6494b	24.475	fast
0c881687-62f0-43b7-ba76-880a271fdb90	30.845	fast
2e92d526-c774-46d1-9f0e-7206b98fccfe	5.752	hac
06575c2b-af88-4eea-a06d-1bb131daa3ff	9.726	hac
3f581899-f174-472e-b1f4-72fa1eb69aa6	27.334	fast
b7c9c35a-e9d8-4dd6-9bcf-689e599a69ad	24.881	fast
4a9b330a-3373-4d8b-bbca-9bd4fd4aff4b	23.253	fast
7f97194a-94bc-4af6-b2fd-6a27cb930ca3	22.287	fast
300a99ab-d95d-4b4b-9931-3c90d5a33437	19.014	fast
e46d2080-6c77-4097-a9ba-12444df54445	22.047	fast
133d769a-b272-4f97-8c8c-b7e020c2a5ec	5.378	hac
efda1ba9-d731-44ed-a46d-8429bdaba5d3	25.029	fast
079f58d5-f1cf-467a-a16b-7ad332e339be	9.864	hac
f06a69d3-594f-4ac9-8170-8f66af1914f5	26.825	fast
ef813cf7-2e2b-4b41-ba0d-d26562ce1f83	8.615	hac
f06dfcc9-9b07-47e2-a01f-a357a8541be1	8.669	hac
82ba9664-c14a-49a3-aa31-f56b67877bab	8.387	hac
3e6ff794-a811-43a2-b927-17b4fae8d51d	7.914	hac
3c544692-318e-4457-b2f2-46fe2156a291	24.131	fast
5a442ef7-05f2-414a-b0c3-7f160c9fc214	24.360	fast
1e486612-6b6a-4313-b377-3dfacdf1074a	24.747	fast
4340c375-6b5b-4406-89e1-28df80ae0d25	24.205	fast
78a87921-086a-445a-93ea-c193852f02f2	24.583	fast
a21eb2c4-1e1d-4cab-a20a-246f7fe438f9	22.751	fast
789f5a5e-f702-4c69-ab0f-9a7c03754ffc	22.517	fast
3f9e5221-880c-4070-a557-1c55544dcd38	22.772	fast
e9d03e87-346e-47e8-90c5-21016253171e	23.938	fast
efc1c7e7-f0d1-40df-8fa6-25bcb2dce0eb	25.185	fast
267bcdc6-e879-4af6-9b25-6bbc2399cdda	23.817	fast
dc237160-60c3-49d5-bd1c-2c451a146085	9.628	hac
54bd9a50-9938-4212-b097-abe115402cce	22.700	fast
d9a587a7-12a4-49d6-82ea-6c8b28a2f722	8.758	hac
1af56835-ae04-483e-a0b9-c2b8a1fedd5a	9.690	hac
0f0eebc2-4730-44fd-9107-c1f90630fc2f	15.229	fast
c479e8ae-160c-4248-b597-cb992673cb98	28.035	fast
e47ed980-9878-4403-bbb3-f43facefb5a4	19.177	fast
77031ab0-6ad8-4d5e-9697-1f98b0797cc2	29.453	fast
a9439e50-f78f-4726-b1a3-97eaacb8493b	23.099	fast
ac991e98-ce09-4a65-8660-68cf2c323a3e	23.722	fast
01e96965-5505-4e45-a041-3ba66da0db4e	19.456	fast
6a6dbfe6-4c4e-44e5-be2e-a86000e29336	23.698	fast
02cf02c5-b4c0-4c85-936a-46c72abce194	9.409	hac
06e5f8ff-6071-4b1a-a996-58dce44c6ffb	23.681	fast
a689f724-f2b8-4208-94ec-2828f52b4c85	20.188	fast
2f173a2a-4633-471d-8e62-f4b5772d49c5	10.008	fast
86a6256e-95f7-4c8c-ab8d-97eace69447b	6.697	hac
ae4c10b5-a98e-4417-b106-5165cef3e32a	7.393	hac
53c04b3d-a9bd-41df-8483-a2f5ae8f13fd	26.191	fast
aa9b0d3e-393e-47f7-91e9-d23ba9767fa3	29.161	fast
6ae88aba-6c86-4f84-bb66-ccd056df78ae	20.817	fast
2dc5738d-c7af-4112-b76b-20ab142dedbe	8.618	hac
1ee0c4b1-5b78-401c-bd92-5776ca0bbaef	21.084	fast
2ffe2b1f-71e1-48d2-ad60-1e9e67550277	17.448	fast
2d939ce3-ebcd-4ddc-acd3-1d330f115721	27.419	fast
6f72dbf5-6536-44dd-bc38-07911630f706	23.656	fast
35a520ec-c3fb-4cc7-b856-04b5b5f6a884	10.473	fast
da4eb0f2-cec0-4bf6-85ed-96a44c03e054	24.982	fast
2ddb94ed-3708-417a-a290-65ebaf2e66ee	13.399	fast
df49b6f3-f5d1-4028-b667-ad4489a23fdc	22.740	fast
0974d2e5-9cb9-4262-8e53-26473af79e19	23.011	fast
2fe43a38-2134-44c6-b1f4-399dac11ff84	10.042	fast
e3034857-f87d-4e04-a74b-7384b05a3b30	20.918	fast
e369f0e5-469d-4e23-9003-9ed96a53fa54	11.585	fast
a98670e9-a15f-472d-9cb0-3de119ab61f3	22.436	fast
9160165c-45b7-4d2b-9a4c-c3efa9f853e7	19.547	fast
7349eff7-ed75-403f-8ed0-c90fa6cc5d70	13.945	fast
63d733f4-b806-45d5-980d-c95cbaf54618	21.378	fast
08326370-4b2c-428e-a28a-de7a3edb7bbf	26.455	fast
975e464b-127a-4e4b-ba0b-be25f81285ff	6.401	hac
e3359ddd-4808-4029-9214-3086d82bb85c	11.743	fast
fb0bf545-1729-4df5-a309-9dde85080a3e	8.879	hac
04b6d0c6-9d28-49e1-acf0-9e5463b577a0	5.070	hac
f3bc7a3f-05e3-459b-ae8b-3497b20feb37	23.452	fast
c38602e2-1d33-4a6d-a38b-3e58e2287ada	10.280	fast
8ced9a98-5f5a-4b22-bf89-6317256a60e9	26.226	fast
bd8a1502-d0dd-4b98-a94e-a9d6ec203012	20.282	fast
45bc2941-0a59-4500-ad69-2bf5fd58ece2	5.166	hac
ac5605fb-6475-41cd-855c-a23aeb65d179	19.221	fast
26dcae69-0fbd-41df-ad3f-0ec9efcdd306	7.738	hac
4c1b1e15-3ec5-463e-b815-6f559e10bf7f	21.351	fast
0469faa6-bba8-44b1-abf1-2bb68d471ab9	23.034	fast
ce03ded9-374f-4a34-8472-cf9f4e1a4c18	12.891	fast
c3f6fd2e-14c7-4fe3-a048-cacb52d00f7f	9.336	hac
f274341d-ec52-40d4-8fa5-d04dcd23e748	24.398	fast
216c5ea9-10f8-45b9-8db2-ad35ef69246c	11.842	fast
3bce424f-b551-410f-b692-59b3e73d060f	13.247	fast
6d9ac7ef-d1e0-4c69-85f3-dc31952a4f26	24.307	fast
0c86164c-1937-417a-b491-a56f11981ab4	23.418	fast
7946715e-a360-41cc-af64-f857f22e4d3f	24.148	fast
85069220-69a3-4604-a929-333a4c0efee6	25.198	fast
fe121ef4-2551-4487-92cc-7af3dfc8f5e3	25.963	fast
db69b6cf-ffa5-458e-9312-b015418fb777	22.330	fast
d0f52a66-2315-4447-ad2b-8ae7fc98943d	15.498	fast
6cc2f2a3-9738-459b-9f2b-3ec240532ae9	23.463	fast
ba51adae-8102-4943-8982-f23b7a206582	20.979	fast
47452339-22e8-4032-8135-6b802414fe54	24.932	fast
403e5222-e398-445c-8b83-253b06996f7a	16.665	fast
24e03a6a-6e4a-43a9-9248-649198142c65	25.971	fast
0c10b479-d93c-48f4-9375-e038c1131698	14.729	fast
91eee7b1-84b8-4494-b55b-98b9416dc2df	24.176	fast
c94ca2a7-7cfc-40f8-b5fa-faceab14fdd0	16.453	fast
feec5d86-dd08-4452-b06d-da338a7554db	9.532	hac
3d1c1901-3bfe-4c4d-8b08-84141df6ee3f	21.295	fast
03d7241d-93e6-4041-9439-681b177d9590	20.121	fast
eeb3ae8b-4856-4bb9-bc77-29f20bd885de	18.866	fast
155fce38-c9d8-4bf4-afd1-3f0461117d70	19.713	fast
2fa815de-b50b-4721-82ae-3ae7654bf559	23.170	fast
7e76fd13-3b79-46b7-80fe-422b3c50535a	20.888	fast
87579dea-6b95-4f93-b570-3b812906fc02	19.977	fast
2656ce02-f5c5-4490-9346-a2a75e898383	15.461	fast
612101fc-49d2-4f97-80ab-589cc3d1ca74	21.005	fast
71ed201c-708b-4798-847d-ccc2fff6dae5	25.747	fast
2c6efe39-aed6-46ab-beb3-4257a3371bdd	25.791	fast
db5c69f4-53f4-4b53-9c95-2c85cd3ef74d	8.828	hac
10cd2002-7b70-4a0a-a9f1-3719fa4d56e2	8.994	hac
41f9d688-5d6e-4b84-a700-53a8477d935f	24.077	fast
523b69f0-ff91-4eab-9e05-806f6076f8c6	6.677	hac
cd815526-320f-4b39-a891-db12317dbaf8	21.825	fast
4f719c6d-112a-4043-ac3d-306cf34c560c	25.947	fast
b4949ff5-901e-47a6-965a-ae78b1449757	23.132	fast
2dd4c0a7-ff8d-438f-899c-f241cf154df4	20.908	fast
7c7686b3-0520-4ab1-86a1-9125a9685f8e	25.416	fast
75929edd-9623-4970-9677-ac8c538a0964	8.969	hac
355f7919-b62a-435d-8651-2f56a4c58345	8.306	hac
14622550-9b47-49a2-90cf-90e18fa5bb9f	26.565	fast
5fc6cc01-c728-41de-af22-dfd11ba487ff	24.135	fast
a83faff8-aa7f-4738-b99c-36fdecc8c078	25.574	fast
a0e9fb49-4313-4618-a8fb-72da6f87331d	25.266	fast
4364b98d-715c-44fd-b59e-c7f229d444de	8.561	hac
657f884c-9916-4aed-ab28-85d25f6e69a8	21.415	fast
ade1d6cc-ff0f-47c1-8b3f-fa97777bfa98	25.296	fast
50ff5c75-244f-4c75-954b-cb8e1a19bedf	23.366	fast
7b5b06a6-d43f-4b06-ab4b-7d7a3e3e9c02	18.982	fast
9158708d-4a42-41e6-a033-ef085ef8dd08	22.696	fast
bfa0edef-7389-4081-8b4e-7c0de67a3194	8.422	hac
02c97ad0-9bd9-4a3f-950f-977e768bc7c7	24.582	fast
75a3eae3-7f6d-426f-9a2a-bc232d7b0ec1	26.685	fast
d4415312-8e87-415a-a8eb-ed660c209a48	24.864	fast
076a4e41-83b8-40a9-8259-792bb5a346f2	7.958	hac
d00314e5-7f6d-42f0-a5b6-c99bbb95bf68	22.200	fast
f43d1e63-dc01-4f73-be67-f4f768309d47	21.549	fast
bfbd896a-4db0-4a6c-91df-a2ad2e24b43b	9.447	hac
c384c150-7028-4128-a3d9-93ebb7d2dcf0	20.927	fast
f9ff6359-0b1b-46a3-87db-5290a0b20cfe	22.712	fast
5457d27d-fbad-480e-9ee1-dfffa48d1910	21.117	fast
1f955fb7-6c7e-4af9-a82a-8639c3506ec4	24.858	fast
f260858f-03ba-4356-b644-743751f72abd	14.060	fast
80dbbfb8-249b-4820-b8b2-0a9ef4a08a49	13.371	fast
fbda430e-74d5-4f04-a07c-a2ecad84d367	8.923	hac
f3cb6560-0b77-4f97-8c7d-f616226a0d5e	16.297	fast
45e06307-0e1a-4e5c-9b00-405d36c61712	27.280	fast
f8c31444-e824-4805-b52c-ad059cf51f51	25.426	fast
62fecd1b-17b0-44c5-8f1f-588dd5dd7397	21.977	fast
f52fd37f-0a6c-469b-b220-f52eb6e8eae0	20.234	fast
701496f6-ed8a-45c3-928a-73f8655b8c8d	19.792	fast
12d1d4fe-09ab-458f-aa19-c82cc9575c49	23.276	fast
66d931fa-f7be-4583-af7f-8e6646d6713f	27.138	fast
e69a461f-58d6-4415-b8e1-a255e3f62c77	21.069	fast
ce5f3168-ac86-44be-ba38-ecaf1f767903	12.660	fast
496a1ea5-d196-42e9-8b37-9fbd2ef1a4a9	25.662	fast
d6d2c523-5e5f-439d-89d1-31a1ded2446d	23.617	fast
3d6889fd-37aa-424c-9697-220a3848950f	21.121	fast
af6ba176-563d-4204-a65e-3598a8fddbb5	11.214	fast
49758d4d-77ca-40bb-9fdc-072709a9c506	16.273	fast
d9eca0ed-1360-4a8f-be2c-01f13c121744	24.008	fast
e6a63bc5-58b0-488c-ad93-80c95f647020	26.510	fast
2b6121ff-f0ac-47b9-97dc-f80d17431e83	8.631	hac
2ce29a9f-18f1-4975-95aa-989e775167f7	20.256	fast
2b59ca82-fd87-49dd-8332-8f1fce1daad1	20.183	fast
abd430f3-6b94-4422-a405-396c92da4987	23.620	fast
1739c646-abc7-4773-85c1-0b2d6ac50bee	23.463	fast
dcfae5ac-ead0-48bf-a8e9-21627336529d	25.500	fast
3994c986-ce33-458b-8358-133d2e56f275	8.470	hac
ee8f67ac-1151-430f-8e9c-286f9738d75e	21.894	fast
cb9d6b2e-fe6d-4fe7-a0b3-c2b11f48249d	20.955	fast
e4c5abb3-663d-4650-ba86-5ac71a8923fd	13.238	fast
36870e42-ff4b-4349-b0b4-e5d2a4fe0f4f	16.401	fast
f1ecb2a3-eba4-42d2-9aa9-966ec9b2f7b1	21.179	fast
9a5d5e7d-0bb0-402c-bf18-f43254d0cb08	8.643	hac
82c6b15f-e1b8-4845-b733-cdc35c01f4c7	20.622	fast
6fae5eb6-c1b0-4130-819b-a3b734331079	8.768	hac
64177a62-9a0a-4081-ba1b-cca49a8feeb9	19.271	fast
b102b7a6-6f7a-43d2-aec2-d019b3d06e0a	23.644	fast
53e02f02-767c-45cb-9896-b9b77811cf34	24.550	fast
7a9618e6-c0ed-4eef-8a58-759fc3f5740d	17.635	fast
283afd29-719c-4441-9a44-516871077d07	19.871	fast
7e163a7a-bcf8-411e-bb93-47a7af939acb	21.167	fast
409b615f-1eae-4c2c-84e1-00f43f332ab8	6.730	hac
a5e0394a-28a0-472f-836f-5d86f1107ac5	9.889	hac
59a21119-ffb4-4292-995a-37a6149b185a	23.142	fast
19f7037d-b784-42e1-8829-9d8df3f256f5	12.956	fast
bfa5ca29-dd98-4c8e-9825-f4626a551d5c	24.187	fast
a4445b08-bc43-42cc-acfa-9b4dcc3fb1d5	25.989	fast
1c60433c-f030-4fe9-acd0-3ddfb3ac20f4	9.244	hac
14644c09-2b89-44ad-9904-0cb632151f01	26.083	fast
3dfef791-466e-4962-9c97-b84df9c19204	7.270	hac
224a1617-d2aa-4477-a409-2e1426742626	16.054	fast
f9b583ef-52f7-4c2f-840c-908418d5ef45	22.565	fast
bbf8f729-504f-440c-9330-a8a770648953	17.146	fast
a6ebaff5-5dc1-473b-a10c-3f14d400d23f	9.285	hac
da229844-b644-4edd-9970-7f37172458c8	7.502	hac
3251fd1d-64a7-42a6-a724-0c0d802df0ac	24.604	fast
8b3deb16-c1cd-425c-b304-e3c7e155da8f	21.641	fast
86d3c19e-be3b-4d7f-8abb-07aae98b0437	22.201	fast
4c76d4b3-a139-49ca-b036-63a5684a40d0	29.560	fast
7cd53ce9-43a7-4a47-96c6-6fa2bf36ba31	23.829	fast
5ae97aff-670c-4985-9d36-14ed694215dd	25.777	fast
8b4b9875-727c-45be-8545-3084c10398e6	23.005	fast
1dfccce1-b667-43ae-8f42-12af3f75807b	23.529	fast
67e6c783-196e-4500-8d5b-55f441c6f14e	9.150	hac
740b5d28-a8f3-4f7c-8dc1-8b36db28e562	25.557	fast
455124f2-c21c-4409-8f43-ad92f1a176d2	9.398	hac
9bc37570-1947-4515-9c71-0b802e98d7e8	20.198	fast
3a4179be-3417-41b7-aaba-5a98404aed6b	20.627	fast
a698dcfb-83be-49a5-94c8-651ce3ba497e	7.843	hac
8233d4e2-8f6b-486b-aad2-8a2390e0af36	20.402	fast
76a60382-e97c-48f5-90e2-40ebe25143ff	7.935	hac
d54da8dd-dae7-4559-8ef8-1acae6e15271	10.479	fast
6b57bfdd-3dd4-4023-9833-8e6597fd44ec	28.374	fast
9efe59f2-041f-4942-ab7c-a101dd0e8665	19.368	fast
20ebf450-4b79-4135-a8e5-9507dc27029b	23.319	fast
e8b94ead-cb65-4dec-9d9f-67cd07b08f57	26.426	fast
26fdf815-2e29-4a7c-b293-b1caa578bb24	24.192	fast
b461d173-121f-441c-8855-583cc38b1c15	29.899	fast
c20b999d-6fd5-46f2-ba83-510f0709e396	24.678	fast
77df5a54-501b-429f-a477-3ce90d8b12a4	21.642	fast
72a63c93-f93e-494c-b254-53503dcddab7	21.934	fast
85812998-d636-4183-bee0-52798b138873	28.047	fast
e6af9cee-4714-4b33-9929-86cec20cdd23	23.795	fast
1a2bbc16-8cf9-4c91-bb29-01f9e467af0b	24.612	fast
7e4fbad0-923a-4b30-a881-26a0f295b942	19.519	fast
bcadd6fa-541f-4c78-934d-fded8c3ee881	14.215	fast
d0bd837e-062c-4281-a9cf-d535b29494b7	21.461	fast
0a020a5c-77a7-422c-8024-67db90fd5b1d	10.937	fast
47c9d582-76f4-4089-b9dd-861c61f7feb2	20.825	fast
1e2af422-c7e4-4b8b-9719-bdfa42e900a7	26.474	fast
7731e40f-3bdf-49c3-b606-74a1582489a7	24.646	fast
e84e09e4-1610-469b-b44c-b3db068623f0	22.537	fast
06fb57ac-1159-40c9-a3ab-d575a9e70aa9	17.836	fast
d2ff4c3f-78f9-40e4-8358-9b91fb67e901	23.397	fast
be2d8c09-af99-4574-b877-3ded77450b2a	10.632	fast
3d194b6d-f2c9-4f50-b4d1-9c3150818775	21.716	fast
7c7712e3-45da-475c-a5a8-314407616e6d	27.389	fast
19a4d7e8-d943-42a2-aabd-bac52569a57b	21.133	fast
977d64be-6d49-44fe-9ff5-789f1b6d5654	16.702	fast
d6f8f365-71fa-4a4d-bdd9-708cc835435c	19.450	fast
90519c7e-becd-495c-adef-a3305146994f	14.777	fast
8fcf8519-4990-447d-87a8-1e9b3a458114	23.568	fast
7d71c025-b6ea-4dac-a06f-853ad3cdf560	22.850	fast
0f7b5e42-3a74-4986-bf84-6604f238bf4d	16.785	fast
fc0d86f6-0a9c-40cd-bfb2-3415888a58f1	22.482	fast
541d6edf-605f-4826-bce8-ffda102b2abd	6.169	hac
f5af2cbd-4fad-485c-8e7c-b221245033b4	7.813	hac
f83e20dd-a887-4bae-ac9d-02d59ff404c8	8.901	hac
436fcf73-36c3-4139-89c3-30179422414f	22.060	fast
6ed4aa21-708f-4cb6-8832-0b563394097c	23.684	fast
f386277e-4e04-4fbd-9d6d-ed1f5a857215	24.143	fast
c0995e6a-85b6-477a-8fd7-9806b48a610a	21.862	fast
68683233-3f51-44ae-b13b-6a1481db4bf4	9.278	hac
abba0548-c6bd-470c-9100-73461849eacc	9.122	hac
a4b230b9-b93d-4293-af17-95b530938c6a	22.428	fast
9d5d2051-036e-4c2b-8f78-d51be40a8eba	22.415	fast
2a764eca-9acf-4cbb-a32b-90362ebce4e9	9.477	hac
e236bb03-e60f-4c12-92f9-50f96ec162bd	24.032	fast
327f0ded-bc18-479a-9db2-d3a1313f6f5c	9.173	hac
bb4c7e36-44c5-41bf-abc9-66dc8238fd95	7.066	hac
272214db-e5ee-4a6b-bc35-cd7bf950940e	9.834	hac
f514d82a-734d-4709-af88-9a225a5289ec	10.956	fast
4163a8d1-77a1-4d2f-9a34-66f5f0071608	23.600	fast
be25ad04-b1f3-48ba-a1ad-f87a37487a7f	25.374	fast
f6e05dcd-fecb-4137-a71f-61f29117bcf7	22.997	fast
180d34fe-e4f1-4618-bad8-0184487347b4	21.579	fast
d210200e-3e6f-458f-97d0-6b7c74790a3c	23.107	fast
5e864ca9-d294-48f4-acaa-0e4d28f20494	20.736	fast
704c84e5-c75e-4b87-b723-3d49396ec00c	6.511	hac
0986e995-ac23-4136-80e4-2eeffa2d9efa	9.451	hac
916659b3-58d1-48ba-8cd0-dfcb7b2bc528	20.533	fast
5cc50355-f67c-44aa-a377-d3adf87513f7	9.731	hac
0bf5d1a3-aa9a-49e0-ac55-25acb3469f7e	26.364	fast
a800ba19-eaba-42f6-a7f0-3db3705d40a9	23.992	fast
f68887b3-7f6b-45cb-b448-0e96d44e2748	27.341	fast
30c9008d-b147-44b0-9fd4-b2adcf2fb189	23.082	fast
936a4dc7-ce63-4267-9ac8-bddb9ad2caf1	22.659	fast
8e4c5618-75b4-4962-b514-e653a82930b4	27.541	fast
a9de86fb-7f62-448b-8650-d36604675e42	9.145	hac
f1eb9f11-7181-4a82-a8a7-828e88aadd18	21.667	fast
fbdf51ba-88c1-4e7f-b0a5-e35622bb5303	26.753	fast
b8af9f71-2119-41d5-97b2-6c9135f761ac	21.640	fast
8c43f306-fcbf-4bad-9a97-68d0c379263e	24.700	fast
4f861e76-be21-4408-a64f-5c8020704dec	18.495	fast
1b6e62f0-db35-437a-bbec-1d0a16b99ca2	23.904	fast
5c0f9165-5979-4371-8dcc-47973d4fa092	17.847	fast
34e32f72-6f77-4556-aaf6-04fd2b59de63	21.797	fast
8fd746f3-4089-4006-9c3a-7ac89f0ddc7b	22.965	fast
5363defd-3ae3-423d-82c1-75213ea3c071	24.774	fast
0769bf4b-132e-4ed5-b4da-af4853de3461	20.805	fast
a64c3514-542a-4211-92c7-5c83302ddda3	13.072	fast
22e43d96-9bec-4a2d-9f5c-f552b1422c5a	8.741	hac
17942d5d-5d5d-4bf4-9041-e4e90a310397	24.139	fast
a2cf8f37-bd9b-4344-ad88-e9df14ee527b	26.500	fast
8fa6434d-e8a6-49e0-958e-3eaf59a52223	27.915	fast
ee390bd6-43c5-444d-8b67-1b8bc62f4b39	25.558	fast
6e5344e2-6adb-4cc9-a269-a0b47d79f12b	23.063	fast
80f287e0-4ebc-4a3b-835f-8f63e3b9607c	22.016	fast
9429ee90-5b3a-44b3-9c8b-ed3f0a87c008	22.281	fast
252c2ab5-050d-4b1b-a71d-59e012ef63d2	24.828	fast
7af5a541-fb9f-4464-8cf0-a418caa55b6e	20.269	fast
28abc1d3-b230-4bdc-97c2-8284017eaca7	24.777	fast
6cc977ff-c6e9-4e31-a41e-e12f56ce07b5	27.367	fast
e0db5085-812a-4ab8-980f-bc0051b34a06	25.433	fast
c33d1d88-3ae1-4f0e-a5c8-3c3f637c9f9b	17.852	fast
94b4f40d-87a7-467c-b3df-25c7c0bf5b8a	4.789	hac
3bf42d8f-a64a-4aa9-bae8-fd2e85ebd446	8.861	hac
90fb0b62-4a92-40d9-9bbf-7de032a434c9	23.643	fast
de58936b-91c0-4b83-bf54-520956a240dd	9.782	hac
5c855641-a88d-4b0d-885a-a27000276359	20.584	fast
ef24e62e-28ce-44d1-8c68-b6089b29b3f2	21.990	fast
655d1d9f-a1f4-49b8-85a6-e5a196421257	26.345	fast
fb4aef7b-e0c3-475e-ba08-143d25104f1d	22.128	fast
a2ae9f5a-2e41-43ca-ae5c-5c9cf6bedbf7	23.335	fast
2a7f2223-8dee-442c-8e0e-837e66dc85c4	9.894	hac
2b29761a-4576-4b23-b40d-a792e55ed1cc	4.094	hac
6c206be1-b7ad-4457-88d2-27857be5b200	25.774	fast
8514e59b-eaa7-4bab-90fb-763a68583c74	24.937	fast
9cee6325-aabb-4180-bef8-7b3da92823d9	25.980	fast
7bad8293-8c8f-4b65-9b45-bd139490e421	6.835	hac
93e75655-257f-42f2-8812-3281e4d6cbf5	23.736	fast
72ac515a-5794-4af1-bad3-9d4dffa30879	20.287	fast
c53328e8-8041-4530-a6d9-72fea4495835	25.281	fast
b6dc37ff-a809-41c7-b0e9-5fcc2e3fb2c4	21.349	fast
961f3dcb-7248-4739-9ed4-766822fe9543	25.639	fast
11324826-0252-4059-9d14-e85167ac6d5f	26.086	fast
b500e90b-4050-4d90-b5b7-acd4cef9ca8e	22.953	fast
6e9e57b0-72ee-4e73-bddc-8f67884ff50d	27.570	fast
85772bec-e3bb-43e4-a5ae-be58242cb3dd	9.945	hac
dde43d1e-3e66-48a0-a0b2-869cc80d7d49	5.934	hac
5fbe5859-a786-4b1a-9c03-25daf400b177	21.565	fast
36e8c010-e199-4764-b1b6-ba04fc204dec	9.577	hac
8b9045e1-0983-47f9-91bd-386229112046	23.530	fast
23d16892-12b1-4892-ba27-c5be9ff5dea1	25.828	fast
7be0effd-8bda-40a5-add0-fcb83cf607a0	24.406	fast
6d9d9662-50b3-4af1-9ac0-95a47d27c7ec	20.371	fast
adafbaf6-d311-47e5-89cc-66541f0d72d5	27.390	fast
42b64a71-b071-4b1d-a6ee-168fa1b92b9b	23.015	fast
db05c346-6f76-47af-a140-3b18da4b0bb1	24.430	fast
f2612e24-b47f-4e5e-955e-65233d346f7e	21.722	fast
358d9c6d-48f9-400d-a8e4-4d8615e3ad82	8.632	hac
266831c1-924f-40b2-bbb9-c1db222f7dcf	17.803	fast
79071e59-acbf-4be8-bd36-0babf0cd970c	25.282	fast
23fd8960-a132-40cd-9e3f-fc1ec3fa22c3	25.917	fast
f4dadf15-1c17-4140-a03f-c1ab02c0746e	21.778	fast
3dc9d52e-e0ed-4930-ae4b-964139434476	9.221	hac
ff0e1805-5a99-465a-afcc-7d6c2ad3a386	24.598	fast
deecf43b-09a1-463a-adcf-6111ddec4d04	7.247	hac
70ed3d12-5553-48be-b65e-f31f1c095360	22.707	fast
81c1eb11-ccc9-404b-ac73-2c044cf59a20	27.358	fast
37dcda6c-5266-4eaa-bde7-e1a86a69ad24	20.577	fast
af892e73-8876-4103-8d2a-69e6268d0335	15.447	fast
66041b01-e073-48e6-b1b4-93e9b9f23301	12.195	fast
28faa257-9d56-4261-a7cb-cf3679d4a8e1	9.404	hac
6b10c8f2-b58f-425c-adea-a2de4f3cf0bc	24.316	fast
e825ee46-19ac-4a80-8bc6-30263ba71d07	24.547	fast
4b49f5ad-358e-4d6b-a62a-13db1c88fa7b	24.593	fast
ad05090b-1923-4f6f-8af5-34abde1d1b55	23.377	fast
19c2a5b1-223a-4920-985e-6b8787986c67	11.330	fast
b1c53f2c-29e6-44ff-9c5d-6ba21a1fda18	13.653	fast
854cd852-042e-47c1-9152-ba9b08012485	20.196	fast
c7eaddeb-3f9d-4b25-be36-3d7ec10d2049	26.826	fast
0af853ab-e1b2-4e80-8f47-461fe9c6c072	23.528	fast
b2a5f96a-1fa5-406c-8004-c6ea32c0031f	25.603	fast
0b88c284-d634-4deb-ad8b-ffadf223b199	9.456	hac
0b2421a4-7ef2-49e6-a6c5-5025c62af306	10.606	fast
50a1c37a-9836-41df-865c-d8a441f8235d	27.441	fast
586edb15-cf76-4841-8c8a-cef1fef6acf3	26.428	fast
6b9484ea-a21a-44cd-8b3a-93df8961f08a	22.499	fast
5b21d8e3-f281-41bf-a44d-e5b837f8e07b	8.390	hac
a74d331f-22c4-4eae-869c-8f58f59b2a38	11.123	fast
b3a6197e-4fb7-41a2-9d0f-8673ed94b668	25.358	fast
86556354-9780-4e00-9154-7ef896f021d1	8.309	hac
a3189ba1-103a-4391-8d3b-c5579f4f36f0	22.445	fast
ae568d69-227d-4932-878d-b414fa12543b	19.344	fast
87fc7fe1-44f0-4226-b0bf-7826b3c0e490	5.484	hac
ffeddf81-9cb4-4cd2-9440-664fdb400591	22.643	fast
a4e8409b-b383-4b19-bb05-118a4313ce8f	18.611	fast
a00c0e69-6439-4e03-8cb7-74d846e4c993	25.129	fast
7ee53bda-441d-47ff-b851-36baf29b9e38	20.760	fast
68b2eee3-1174-449f-a5ce-2f5b1eb8cde9	15.002	fast
b8241c5b-72f1-4aa9-8bb3-36e684273d5e	23.014	fast
c4405eb1-7cd8-4c75-9dac-519752b4d00a	24.242	fast
31a05c79-8993-4471-831f-56ac91a4a536	26.646	fast
7808cf31-c56c-45ee-816a-d8aed8437eba	18.444	fast
7af71802-32be-43b4-a94e-ee6e6becbedb	17.948	fast
e3661f55-7176-44b4-8db7-b2f46b8eae62	24.851	fast
1bf21308-f23e-4ebd-b8fe-29062e6c2e30	26.439	fast
16f04eb2-0f26-43db-9a73-dd45d914b085	8.362	hac
4676df82-bf83-4ecf-b85a-27205b90ba45	27.787	fast
fc060e17-e5ce-402b-9f7b-9147e33604f1	24.684	fast
a40202d3-f3e8-4303-9c6d-ede8b8a867b5	10.623	fast
5199ede1-8ffa-4967-9dd2-284aaca6a66a	21.168	fast
9b6dffed-6c3f-4ca2-9474-5bcb505f982d	25.132	fast
79ce0fa4-1b4a-4c5e-a52c-686c051ae9a7	25.334	fast
b5098ef4-0ff1-42bb-9d79-c830d3eea20e	28.422	fast
a2e1e8ca-738f-42a1-96d8-e08a2250a3a0	19.900	fast
7fc2a9e8-671a-41d9-89d9-2ed65b4aeb2d	22.616	fast
7f762213-477b-4d50-a388-3f24c74df67e	26.530	fast
462791fd-62a5-4d45-8982-965b1e0b5742	25.044	fast
4b4d83e2-53bd-455a-97f8-9db35bf59ebe	26.120	fast
03f59cb3-c513-4806-a0ee-e836b4e9a589	24.615	fast
74331141-91bb-4851-983c-3383de40b55e	25.351	fast
e64ba725-31dd-448b-96b9-3fbf673a91c3	8.434	hac
e08d96a4-de5c-4f77-9d45-c5f5c56201d3	24.254	fast
947c5620-5d12-44b3-92da-02910b57d6b2	10.394	fast
1bcc1010-f806-49ae-9e06-5a4661eba0e1	17.092	fast
9dda90be-beef-4311-9f03-ff1efc5eee6a	22.571	fast
1695c4fd-17dc-46ee-bf4e-9b20c124bdde	23.572	fast
21bb1c1d-aafc-4094-acd7-49b367a3986d	29.463	fast
78122fab-f316-4166-b78c-c00737ab1c86	9.749	hac
8b72bdb9-d466-427b-96c6-9d4d91ddd943	21.575	fast
dba448fd-e38b-4668-94e2-573461cbf119	16.111	fast
87002a9d-6569-4895-8a00-e4ab155f640f	20.081	fast
7018f708-718e-405a-9aa1-3be414bdaa48	26.045	fast
958438f1-b2f6-4f26-9bbc-bb82922a28f8	21.529	fast
5c684c2b-523d-4803-9a35-e0eb73eecdeb	20.448	fast
f09ced9d-d36b-4e6a-af54-065d31922e4c	17.798	fast
90dd7b64-9696-42aa-9886-d8ffec898453	25.247	fast
0f1c0ad0-ba37-448f-b50f-40b6dfacc091	7.154	hac
bf9c86ca-b369-400b-b4a7-928f6a179927	8.141	hac
ce178836-6563-4c16-a48a-c648a83202e4	6.555	hac
3164564e-3d59-49e9-ba2e-1b8b041bb09d	8.632	hac
335d6c35-aea4-4b16-9346-e5d3705cb314	15.712	fast
cfc9c14c-43ae-4d75-8cc1-1b9f97441df4	24.714	fast
f8ac9c32-5da9-4649-b0f7-65a49925cf4b	26.550	fast
ca1d91cf-5e62-4105-aa3a-606625d619a4	22.987	fast
6f16c6ad-6369-4dfa-82e6-9ead5cc405c7	27.631	fast
249953a6-a888-46f1-a2b8-3eea71eebe7b	26.911	fast
1af0fcbd-dac9-446c-8edd-d83dcef88ba5	7.858	hac
05a11805-a748-4400-9387-15d87adcd028	18.889	fast
8d412171-327c-4aa8-b979-862acdfbe269	21.828	fast
a57288f6-e803-45c9-9c37-d50b3c55f552	20.803	fast
5cb86bee-72e7-4b05-a6fa-efbeb55adc8e	24.075	fast
83057cc3-81f8-43e9-b312-e2e13a77b09a	8.549	hac
e30167d7-623e-4b14-8f2f-af4d3475b7b0	19.268	fast
c8f7e96b-e986-43c4-a520-a9cdfbf4a239	24.604	fast
6e6b78da-6ba6-4325-8762-692218f979a3	23.776	fast
42d8a650-d38a-472c-89c6-7ae6426433db	23.368	fast
1b1e9205-7518-4fea-83ab-4af421b1e8e0	7.865	hac
0788702e-f663-4f0e-b67a-8843083d2d21	8.715	hac
64af3182-9f9c-4bd8-855f-c8e50b0dcbe8	24.350	fast
fcb0cb95-ff44-41e0-b255-90733c84ff57	18.523	fast
683f448d-00f5-41a1-a876-affb7ab3a221	25.760	fast
ca4deda1-43df-46d8-9f99-3c95b67cad7b	25.672	fast
a4dd4559-8d87-44e1-97f2-4b67471cc2d5	9.625	hac
7cf38217-67a3-4b13-b05e-77d6e7b45cb4	26.427	fast
d54d02fc-4d92-4230-8d31-59d5243757c6	25.559	fast
cb825a74-bef3-44e3-aa52-ca320534cccb	22.438	fast
e6d8b3ce-ec96-49c8-80c0-076c9bcd5ca4	8.203	hac
d399b2cf-7b67-40e7-9b70-ef10866c48cb	19.091	fast
141f9337-cbf0-46be-a92e-0772a53459ef	27.011	fast
414251f8-9268-4cd5-af8d-9635311ddbcf	19.931	fast
0ebc169d-e326-4286-b948-0cb7fbed3f0d	22.025	fast
db78b298-e45a-4efb-846e-29b0afd524ed	16.303	fast
9be31a56-fa08-4a43-a21f-6b03e1b4a3d5	25.412	fast
d81e0231-9db9-4277-8c86-6c8f092e70fa	19.234	fast
14b1d864-bb75-48bc-bf48-d2042a20d2eb	19.827	fast
9bcf4fa1-a313-4d26-b37b-59143a164bba	7.580	hac
17477b9d-adfa-4a50-a987-201213bca77b	26.920	fast
8608567f-3b20-4388-8dc5-82205cc727a9	18.578	fast
abc81564-814b-4d64-b91a-4248bc442b11	9.911	hac
9e2f0873-3be9-40d7-8eab-783d18aa665f	8.796	hac
02d671d1-9749-488e-92a4-089b1d3295ab	8.970	hac
816eed63-1a53-4f1c-8ce2-3f55a3e310cd	9.182	hac
41e2513a-9864-4063-83a6-1abf5639a316	25.965	fast
d5a80147-730b-4ff1-ad95-5754ed8562bc	22.879	fast
8af4ff20-b494-4b4c-a09f-c2c0cdd3f129	25.068	fast
b8344429-5bf7-41b1-b73f-f253e36137d0	23.255	fast
c51b8540-d433-4414-9125-e4d9ae525b89	23.548	fast
75a829f5-543f-4b81-878c-e4ca25768694	24.907	fast
eec9c7dd-09b2-48f6-a7ba-4446dd49fca5	9.169	hac
796c2287-fe30-4fc1-917a-02761cc74f57	21.911	fast
a1813138-8225-4d5d-a22d-cd4d3ec329d4	26.556	fast
37812746-713e-4631-84ba-18dc05faddff	7.930	hac
573b7706-e317-4ef9-a302-eb0f2b7ac2de	25.039	fast
afa5d50d-c83f-4065-8545-0d88e0b4971a	8.473	hac
10a434bd-b744-41bb-a9d0-bbc22a1df912	25.474	fast
3330ac42-96fd-4a95-a584-c6bf389fe580	26.036	fast
d3b168a2-6703-47a6-a678-7871a835fcfd	17.669	fast
2a94b140-cf02-48c5-8ce5-5d10f97c50bf	8.303	hac
0fca2e1a-f3b8-46b2-84eb-a661086617a2	25.156	fast
60df6f6d-8d80-4e72-8041-91aa0075db8a	20.147	fast
e9c66611-e2b9-4d63-bde8-948e0a99bb1c	15.958	fast
92af982e-9242-41ef-9aa9-dec322786474	25.221	fast
eca99660-becc-4d7a-b128-eaac29bc466d	19.401	fast
5e8dbdbc-a391-4ee5-b170-cdf207ad2209	20.423	fast
04f1aa29-464e-4f3c-b942-022287d0e64c	8.220	hac
ea32de98-ac53-42b3-af92-85fc769639af	16.422	fast
db6f01b8-763a-4956-8c7e-38692b1f8cbf	25.189	fast
3b8a6930-defe-45c2-8181-d6177a457f5d	24.256	fast
78779ecd-8045-4540-91cd-7b75b51d9064	25.006	fast
1b4b91e7-05a4-4c77-b30c-4c159d76e8f4	26.903	fast
82cf17e6-ca2b-433c-bd6d-db61a149e633	17.800	fast
7cf9fb22-2d4d-4425-afa0-2a4daf0d5a0f	9.825	hac
35dba4b9-9658-46fc-b4af-b151563589db	18.891	fast
f5d89e25-77eb-4d59-a0d5-7e6af90cdc1f	22.000	fast
082d58e0-ee97-4706-b4ee-6df5df530910	23.934	fast
4a738641-40c9-4762-97c1-13466b88cac0	16.877	fast
044a0f7c-0561-4593-97ed-19883a6a498b	25.785	fast
46e47829-dbc4-428c-9f1c-80e9f566644b	24.250	fast
039be4dc-5a5a-44e1-b876-868c423eaa1c	24.825	fast
d7c5ceab-0018-4db2-b876-fe847c5c13c8	20.356	fast
be462049-c9d5-4062-bde2-5a1520a55da7	19.720	fast
91e31536-86e0-4bac-9ad7-af4451fd58e6	5.209	hac
e4876768-c293-4c1b-b245-5b4cb1cafeb7	13.528	fast
5913e172-0a0f-4a28-a5b3-7543f142165b	8.412	hac
a6f68a42-e4df-4bef-9861-aa73b40acc9b	8.588	hac
4154ded1-655c-422e-bdfb-fed2ae1ecb67	25.640	fast
f149417c-02ea-4730-b019-a6b7b3c4d7d4	4.684	hac
b71499a5-7de3-4e95-997a-a5ea71752320	21.557	fast
335d42d0-9453-4702-aae2-3b65dabccf22	7.131	hac
4105b27e-df57-4b62-926d-3f9401db2207	22.685	fast
c94f0b8b-f0f1-4c1b-9bf3-d44cf29c74d5	26.185	fast
3fa5ed0b-4089-46dc-bf38-594e94585f93	8.774	hac
0aca85e6-9356-4c12-a00c-8ebd41059608	13.917	fast
c58248ed-1c8f-4253-a65a-f6ad182a1632	24.148	fast
d34edddf-122c-42c9-a4c0-a4501bc202f8	24.386	fast
ba0f6c3d-4f2c-48f4-b844-abf0072b1d58	26.102	fast
08492d4b-a88d-4591-8b7f-5d75617e2f8d	22.803	fast
231fbe2b-824e-41db-82a4-d5e643357382	21.224	fast
3eca694e-6676-4ef7-af46-d913b678dd48	21.694	fast
6b661039-70d0-47b7-b41a-3855713842ae	23.679	fast
54f55349-e347-44a4-9e92-436241241469	17.980	fast
0a99a6b4-be72-4781-85f2-d9fe1e1619e9	19.655	fast
7ca7b6bf-0f20-4fed-8071-102c7e14bed8	8.070	hac
ce75b4c2-9107-43d9-8c2e-788a901ca87e	20.197	fast
2262b424-2745-47bf-b92a-0649508dc88a	21.724	fast
997ab035-74bc-4501-bcde-52e28e471ddb	21.429	fast
583641b6-e5c9-406a-acb5-7faa17f75b46	8.250	hac
3e096cd6-2e93-4cf0-9487-7451eeb865bb	24.199	fast
66ccb623-d6c8-4dc8-933d-1d208e9330bb	18.058	fast
d642663b-5266-4b59-8c5e-6b8da8e26012	11.794	fast
53423b57-581e-48f0-979a-e3f6662d98ae	22.815	fast
67f3513d-9dab-428f-be57-c4efe329dbfb	26.966	fast
0f0d3c8a-d8ee-4cce-8f14-ce392bd76520	20.927	fast
f1c84c2c-7011-4442-8b7c-b62bf8f895b2	12.108	fast
fc561575-6b83-4fb5-a6b5-a422d67f2b79	9.122	hac
aaf3f925-9195-4a79-83a6-9ad0b46545fd	10.847	fast
83bc8411-019e-4f41-b9e6-47989a4c3360	9.821	hac
2b3bf0a7-e4fd-4848-a9e6-d3a3896852a9	21.679	fast
0f867929-cff0-4dae-81d2-8be3b2e34da2	18.760	fast
55e4b318-6bd9-40fa-a829-a6f464df93d2	9.205	hac
7930a38c-7e2d-4c43-9a78-cc6f78066970	25.189	fast
deb55955-bcfe-4697-80ff-c883944d6fd8	22.145	fast
bd060f61-d855-45de-ba5e-00afe82e2951	20.918	fast
81b6c2d0-9c7b-4033-8be1-0c7a0ef42420	11.254	fast
1ccc24db-d5a4-4375-8c7d-a3c6d8ad2d60	26.402	fast
80433104-0094-4680-bf48-3b47a8fdac89	25.050	fast
a5644c81-3fd9-4fdd-8f5e-9343e6c60f85	23.622	fast
3c346cfa-8c25-4455-afeb-f061df6fffcb	22.942	fast
e3bf6014-5fd1-4186-b88b-145a01f47842	16.793	fast
30f59e74-4921-4f2d-a9a0-bc9ddd9b001a	23.413	fast
3b0ab403-4cd4-4f47-8dac-7c9df3eeaeb2	21.787	fast
450ecdc1-8e08-4c74-8e75-e501040c8fa4	27.992	fast
8d1ccabb-d205-41a5-82a7-d5ecdf9f3cec	21.521	fast
7365895d-7a9c-4f2e-a5a1-4ebbfebd56c8	8.707	hac
7c9cdea4-76ef-4081-b427-c0c2b9ae48cd	20.034	fast
1262750f-37c1-44b1-bf75-ef0e775e5cb1	22.269	fast
466e6404-ed29-46d7-8238-6ad11d70dd78	4.418	hac
6dc465a8-398b-42bc-9077-9e8a37c4d84e	19.128	fast
05f102ca-8d92-4bec-af59-58a12bc85000	9.853	hac
c55ad59a-4a44-4b5d-9db1-5335f3e93766	25.398	fast
4c309486-1095-4d9f-a057-941afdbe0cd9	9.255	hac
41bc8b7f-95ff-4caf-8f09-8ee0f55855ed	20.533	fast
7b26b2c4-de76-40ca-b746-52e071b6236c	21.515	fast
4034e28c-2122-4d45-8a6b-e6af0dbae757	20.625	fast
c1e212f3-6a89-441d-aced-f31d926d3f74	22.617	fast
9d857b76-d416-4525-a527-d3ba13c2b2c6	19.259	fast
925a3ef9-0bb2-457e-a405-a41c8dd36e54	10.819	fast
44ae5141-530c-4942-a608-a057ba1876fb	23.711	fast
40274c79-0304-44a9-a86a-dba922e80156	27.451	fast
2a19bc95-f19d-43a3-8b0b-0d95ef0fa329	32.730	fast
870d3fea-d522-4f35-b684-720e737a0516	25.676	fast
82edfb88-ccf8-40d7-897f-e004dc9511b5	8.089	hac
f05fc2de-9304-4cc6-829e-6e652d060a66	24.571	fast
7fc4bb2d-3481-43a3-bbb3-600000479568	7.890	hac
e39ded52-9d1c-4747-a968-8be044ee2c7a	14.258	fast
74ccbf6c-816c-4d7e-bf2f-4f69fcdad323	12.797	fast
a532fcac-03b5-4a21-9f3c-f13cadd7cf65	27.062	fast
46574169-2237-4f54-80d8-87edd3d79553	15.043	fast
2dd599cf-784f-4646-af85-505fcecfaa8a	23.779	fast
eaafd682-5b68-4bcd-9ba4-b05b150c7ff6	29.652	fast
08851daf-58dd-4569-8c6c-68ba0faf3efc	21.011	fast
e7cbf42e-a37b-4c67-8dde-51a4c09d5df9	23.152	fast
4812b272-9e60-42fd-9f4f-c4f30d943f80	19.237	fast
f5c15ba8-a870-4349-b24f-ecc8a188ee9f	19.837	fast
ad5953d2-b73f-44b3-866a-d7dae6ce34a7	20.095	fast
8166e06e-7781-43ee-bede-99d3f356c6d7	21.386	fast
4aa85225-795a-43d9-9a4c-dcd418993636	9.619	hac
72958a7f-b198-4acf-8d51-d8c0edcf6b4b	10.108	fast
3c353f9f-c7c1-40ef-aeb0-263bfa6c7149	6.446	hac
9d1345fa-ed44-487f-a69f-548ad1ae3bdb	24.822	fast
6a45acd0-8632-49b7-a34f-5e36509a7bd4	24.020	fast
d8a22bff-fab8-4836-b24a-9187e69d7581	26.269	fast
b2236a7f-7ce7-4f43-a4d8-7febba8bd4df	20.164	fast
1cb90fc9-f78f-4f61-a1ff-1e73dbe4ea16	25.247	fast
d97b0535-e1c7-474b-9df6-6e6029e5923e	24.813	fast
a902d5eb-23b3-4084-ba87-26b0c6178ffa	23.609	fast
68cf1316-ecb1-4d1b-993f-2014e5dc744f	24.234	fast
047dc1d9-9dcb-4d47-98d6-63777a661097	18.070	fast
ce2a4651-acf0-4904-af84-0c041983f4c3	25.754	fast
cde13d23-cad4-4649-8d68-f4b95069f320	26.293	fast
a0c1dd65-b1a5-4e0f-b668-80940380dce4	14.463	fast
72042331-0552-451e-810b-fba2193fe319	21.768	fast
f3185adf-6983-4b8c-8b85-70d03df8fb5f	9.494	hac
d1e662c4-302d-4f4e-8cc2-5297e33bf688	5.316	hac
7d00f91a-ba64-42d4-986d-d02cbbcdbfa7	19.723	fast
0dadd15b-9188-4b8f-b758-290ec53f96a0	22.332	fast
bbeeab6f-b47c-4f83-9f86-6bd7ba9312c5	23.769	fast
c297d9eb-1920-4e70-b2c2-8281dc59527e	27.394	fast
39fadf24-346b-47d1-abed-3dbc1821ce98	20.702	fast
02ae9020-2373-4360-8f96-45cf6d22a960	26.642	fast
12e74e13-19a9-4466-b57a-989d99fab8e4	7.531	hac
31897f30-747b-45f0-8fa9-d1bb2110417c	27.879	fast
9622716b-b073-42c1-adec-8e3e9b5d0e0d	9.439	hac
5629f505-71a4-4948-9e68-88c7571faea3	23.840	fast
e2672af1-455b-444f-8e1e-0b47ce74cb90	12.307	fast
1e140f20-4de3-47c7-9616-2eb3a866429b	17.881	fast
d080b956-58b2-4815-b6b4-edff715c77b3	10.826	fast
75cdbba7-3503-4d19-89b2-9e0aa93229b3	12.998	fast
489fe626-2808-4073-a786-760f099e2cbc	15.685	fast
4d13fd02-2e08-4043-acbc-5a2129ea6cfe	21.372	fast
f4d6ba17-76a1-4a1b-a662-10ed15a808c2	15.628	fast
7461e757-f7e8-4441-b5a2-5409d566a565	5.985	hac
0d6bab29-ffc4-43ea-a515-392aa748a9a2	10.333	fast
a16c7bc2-386e-4a25-9371-f54709a2d829	26.974	fast
049920f9-e462-4a1e-aa92-25eb72bf2693	9.334	hac
98d3992e-956c-44c0-b61d-9b8f9e1edfa9	9.454	hac
3623306b-bbba-49c3-b98c-24318063a408	20.257	fast
212df943-0c8b-4ba6-8c80-3f5e87d27aa5	22.377	fast
8417ba73-d70a-46c7-b86b-e84bda82fed6	8.741	hac
ae2d5085-f545-4a4d-8530-bac1561bbfbd	19.461	fast
5853cf63-e753-4c5a-b0d1-6ad2a84be38c	21.574	fast
9361901f-fa42-4073-98d9-6a68ad380200	10.408	fast
97f9e022-d9be-49cc-a959-49effbcae4e5	24.490	fast
2015ca48-f587-45d1-9565-a69a33db8cc7	29.232	fast
290e95ec-dddb-4fd0-92a9-429ed5da6ea4	10.958	fast
436c7c76-7d2d-481a-81b7-2cde3d5d757a	26.777	fast
0f462465-cd0e-4638-868c-a4743e216ae9	19.450	fast
74d9387b-f7a0-4c49-9ea6-e611ac864dd8	21.499	fast
717b9b37-7a1e-4b42-b110-bea2699ed54f	27.078	fast
e363e6ff-4eb4-4d62-a00a-3da130ff9cd4	22.888	fast
77e46fb3-9e37-4f85-b9b2-967c52e93ecb	29.303	fast
c49ab9ba-5768-4a33-95fc-db028328bc26	25.949	fast
ba44ea77-d36f-4654-8f05-19998ed3c96d	26.042	fast
3035bf1d-4049-4ae8-9aff-8193b9483726	25.346	fast
32fe8e75-fdec-40d0-b8ce-c790946a53c0	24.960	fast
57c30652-6a9f-4cad-ace5-8f99bd1c7e20	8.409	hac
9807dfbb-af5a-46fa-968c-d59faa5de507	20.382	fast
aed85c19-9055-4dc1-bd1b-5974d0940245	24.752	fast
f6baf8a1-b0af-46a9-8e5b-4485050ac7c4	16.320	fast
ddeb5011-4bab-463c-82e3-08b7dbfb3652	24.641	fast
37e3f183-27aa-457e-88a3-e40dd9bc5e84	22.042	fast
861be79b-d69e-4e0d-add1-8013e24e490a	20.996	fast
450b6c61-cfea-4092-aef2-19109430dbc0	19.555	fast
e11a4b55-865b-47a5-afd4-0838b0706c54	21.294	fast
eda63304-2a57-401e-a4c8-5a07c0183fa5	6.796	hac
41eba0f2-f746-4d5c-a0d3-adce5efd0662	24.919	fast
2bb7c4b0-d434-412d-b92e-58e27f712e5d	23.413	fast
460d1b1f-dac9-4306-be68-9ce1cd71f33b	21.619	fast
b5d1ae2c-a2ca-472b-ba4c-7e9295a85d6f	23.502	fast
ad96af0a-33b4-4300-9202-df6fa4fac267	24.744	fast
a6a9f2d9-d4b7-4125-b871-b8c1d2ef1277	20.501	fast
192a846c-d7df-4fd8-9266-9cd71e418ebf	23.333	fast
167c22a1-4ca7-44a4-9c7c-294734acf6fb	23.429	fast
8b9ff476-e882-4215-ada6-875aa08862fa	20.895	fast
84c34760-c6be-48bd-940b-5acb5f82159f	18.372	fast
8f94d29a-387f-4941-9bca-22bf67d45df7	24.708	fast
80daecf1-4b77-4124-ab52-09e9245fbf11	28.326	fast
10df0ec4-64d9-486d-84bc-52d1f60ba832	23.194	fast
7121411a-4e46-412a-a982-5063565e8c71	16.115	fast
9cd8f398-543b-4a02-8dc6-7fa22af8e42c	22.759	fast
e408b235-5074-4eb1-b11e-428bff647705	23.790	fast
e780d8e0-1a34-4ef3-8ba4-0b865010fc5b	21.796	fast
12c46e82-c2f7-4af5-9b6e-0a3059892ae9	23.665	fast
8ac1dc2a-6e40-4edd-8de8-fe3871a00826	17.351	fast
0fbdd0ac-0275-4018-bab2-c0c2ec00e0a1	24.640	fast
ec0ba5da-baf8-4d9b-89f0-68a0c1f2d3ee	12.991	fast
e6d10cdb-456c-4c52-b4b7-f28f8d36ae5f	24.278	fast
e20d32d9-f232-43bc-8f9e-99357c04be0b	25.788	fast
102487f4-31cf-4b17-a288-619209a8fcf5	28.117	fast
50f2f78c-19bc-4720-a245-c2be5afe06ff	21.906	fast
4883cabf-df98-4ee6-a1ba-169950f88c86	26.498	fast
f72cecc3-7d61-4da8-a9a4-02f62e6231f4	24.888	fast
a569f879-a875-4467-864a-33b5e22d81a9	6.493	hac
366ca92d-81a9-44ac-9f0e-be713b04dbaa	25.417	fast
94949716-4390-4a4c-af98-f651d2304493	26.361	fast
51bbe026-f03e-4a68-a77e-93be65f7b02d	24.832	fast
aa272514-c216-4125-b228-1bc0ed934659	18.723	fast
7dbac4dd-636e-42b3-89f3-f500d5e42fbc	8.784	hac
9c3ed3e4-80ae-4279-a019-f131714655a4	20.991	fast
791621e8-dd1d-4a91-b1e0-f12dc3890f8e	24.802	fast
0f1ad56d-b9a2-4e0e-aa09-40fd440b9da6	20.542	fast
b4fd1e56-e22b-4c4e-afc9-47d975fef827	7.537	hac
4413ec5d-026b-467a-9538-ed364ddb39f0	21.730	fast
7c0b96bb-70ae-43b5-87be-816244837e0d	20.470	fast
0a4d95b3-f238-4bd5-9230-54ab6130a343	25.896	fast
8f5bd364-7420-4629-8cc5-47903f8e2c50	26.468	fast
225b5dda-e82f-4c1d-9490-0ecccbbe58ae	19.536	fast
adde4f83-10fa-478b-bbe9-05d628fc780e	5.927	hac
cee20c1b-a231-4cbf-8d85-875af040d64a	22.900	fast
00853038-795b-4972-9f07-d596fb73313a	10.374	fast
e881deea-8c44-4739-9e68-0b387e4311c6	21.963	fast
271753f1-377a-4995-bbaa-eaf35e101075	26.229	fast
e70b0270-dead-4211-b8d8-e4fc2d69a813	24.004	fast
4dd55d64-4d13-460f-8104-9542021582b9	12.017	fast
34d4972d-e2b5-4812-b886-18733eae1324	25.470	fast
5bad72d6-7871-4676-b6d7-197be1eb763d	12.610	fast
f6c54bce-eef0-4d70-be6d-99f7365f184d	13.270	fast
82826a85-30ab-4190-9a02-c0dea9516623	26.159	fast
05508054-6a27-4b8e-9a0b-567869e0703b	10.600	fast
6beb2f79-e42c-4e29-a969-915ad325d12f	18.889	fast
bad8750c-6103-4084-aa9f-0cf17609c58e	22.381	fast
d217d399-566a-43f5-9b4e-8a5809ee16b1	22.224	fast
1e10f2b5-84a4-4882-a3e3-73949e2167bc	5.509	hac
0dd6cd50-75ab-49d6-80bf-74e2a8ac6258	17.895	fast
2b37d6b2-6dcf-426c-a4d8-8f5cc7d03b28	8.093	hac
6fe39a3e-c113-41fd-ab16-4e30efbfeb5c	20.711	fast
18c114b6-7c92-45a3-91a4-7119daafcd0b	4.950	hac
07668f8c-689a-4336-a025-5516cb7da330	24.422	fast
8f60595c-a05d-4009-8381-e4f3ecd8394c	7.777	hac
c5a1547e-c16d-4ae5-bb03-5dddac453602	22.847	fast
811646ec-3556-44b3-b8b0-5958416e7179	10.972	fast
35d89b78-ebca-4898-b111-e3458741b497	22.505	fast
c6bf8b23-319c-4172-a79c-8b8c845b80ae	24.145	fast
abdf1cc9-ed29-43e6-b9e2-1942bd057da1	23.963	fast
00005a5b-dceb-4f8d-9263-e9afb7fcac84	20.624	fast
7f0e6b94-4ab6-49a0-86ac-6a82a0c743f8	23.013	fast
e2abccb8-8917-4bac-9615-cc80172b67b5	23.063	fast
28b743f7-17d1-45d8-9238-39b62cccf5b3	24.321	fast
83547b0f-b144-4d0c-a43e-6a3164d0a002	24.152	fast
bb2844e1-90c4-455b-9335-be76d04c959d	7.151	hac
24b0e787-2505-4869-83a0-f0c652079ad3	22.740	fast
4aa1238b-d3e0-4e3b-9653-1a49f56db163	9.042	hac
eeb940ed-8b90-47ce-9dc6-2694c32a9430	6.135	hac
68ad9b4c-f649-45df-b014-fddd1b114fa5	14.840	fast
2db17dfd-0145-4919-abd8-d6321172b359	23.475	fast
0cf9b000-b7ba-47ff-b42d-6032cb3da64a	5.912	hac
58c7297f-4a0e-4d9e-a63b-e6b34c120da8	11.517	fast
79321e66-6cc3-40fe-a54e-1c4b1e9803d5	22.340	fast
67549e8f-3f21-4947-83e2-38590ae9d22c	17.265	fast
c82f2ef0-80d8-4639-9286-0368fa0186ff	24.592	fast
d0478f8f-48a3-4c54-a8cd-568110bf5f5f	23.113	fast
d6cdb13b-3bfe-42dd-9858-461a7e777cea	19.700	fast
464f7b13-f2eb-4adc-8202-5965316c3520	19.904	fast
774f12d3-dbe7-48d4-90b1-a725f8a14bc2	13.460	fast
b91a934c-ff19-41cf-b017-8c2b32bb9d07	24.126	fast
d6f5240c-1e09-471e-a009-51a889318cee	21.496	fast
f826f328-112f-45ef-8f1d-f34f5faa035f	8.534	hac
55d3a4e7-6677-4e59-aa0d-93fbda0940b9	18.738	fast
ad59cc03-c0f3-4658-991b-580bd3bff789	23.241	fast
44ffc953-adf7-40a4-97db-2087b73b889d	25.390	fast
6b14436a-39cf-45c9-9220-63b5d385f965	23.396	fast
7e1677b6-8486-4ac7-99c6-03349c48be6b	25.024	fast
926ae828-0db7-4098-974e-ba2d6a925938	8.638	hac
bf478753-c978-476b-b9f3-1aa4d04b52cc	8.874	hac
2fe7d4eb-748d-4e44-ad2e-ce92827ca04f	22.204	fast
28bc3dce-3c7c-4e51-920a-4e076e0e4bc1	21.620	fast
805cafd1-88ae-4cbd-bcf1-b2d1b655ff96	19.413	fast
2c671590-9409-4e11-bd1c-558674e7124b	23.900	fast
5d602562-ea7f-4c76-b41c-052a3d56cc67	20.476	fast
52dd72e5-f09a-4d3a-bd6f-c6ee13750c35	24.571	fast
2a12c3e4-e845-4cd8-971d-f815e89707b5	27.701	fast
572336c6-b0e0-4304-a743-10fc9dd87404	5.213	hac
e5ce80f9-f61d-49d4-a4f6-529b3fc7fc09	9.949	hac
00dc390d-7f13-476f-bfc0-2c558f07f8ef	22.532	fast
1c53bfc9-e145-4f2e-9ccd-fc11d8d3512f	23.878	fast
4790d5aa-44ed-4e3a-b358-7a1e532fde2c	27.694	fast
44a29667-735e-4f57-bbd0-cd757fcbae03	20.269	fast
3f2b0b70-102d-4a8e-88c7-281f0c359c91	17.625	fast
1e57c51c-c487-456e-b4b6-07f1b769c8a2	14.335	fast
99d329ab-ce33-4ba6-8ec4-d0c062b9eba2	17.708	fast
d868b707-7aa3-4b34-ae85-c9e347c86454	24.025	fast
f0f07f0a-415a-4304-a122-4041f867efac	8.743	hac
68fb1a99-130b-48ad-ab0f-375390f0bd14	25.254	fast
f35b7e5a-5e01-4aff-bcdf-d9ac408fb74d	21.025	fast
ceece889-e4c0-4e9a-9eb0-ccbc022f27ee	19.099	fast
cebeba5f-3926-412c-a637-2aa74fad9679	6.111	hac
43484220-7d2d-432a-b173-1062a0076155	21.977	fast
5b134ba7-9648-461b-8758-2dc03467234f	21.661	fast
2ac86419-8fc0-4baf-9c1c-1fa94151f29f	19.611	fast
2d2c023f-1108-47fa-bc0c-67d04acd3ccc	25.688	fast
ca19c564-9c99-4b39-a688-abefc6ebe4db	10.609	fast
0c2723a7-4023-46b2-a8b7-6391b7f2c8f5	24.375	fast
67d174ad-866b-421d-a9c0-d6e898e8e1f0	7.731	hac
6beaa043-2504-45a9-9ae8-7d7bf40b554c	8.775	hac
a0484d1d-d782-4a5a-8540-3dcdc8224074	24.937	fast
d2effa0c-c87e-4812-b267-e0731e9b8526	18.784	fast
e067dacd-d0eb-4f55-8558-133a3b61f0fc	22.462	fast
817c9e6d-cd51-4fb8-ab4e-5de0030c09fb	26.096	fast
c952f334-813e-4305-83d4-ee1c986bf375	7.440	hac
fdbcfc15-6b11-4d1e-8496-a01a92001774	22.351	fast
deee5370-ad39-46f0-a6fd-df3be4caf7ad	20.275	fast
0133d4d6-588e-4763-908e-41359f321064	6.115	hac
3a97defe-fbd6-4f30-9569-1f85128bae08	25.913	fast
55e02cab-a8c3-4e13-a4e2-6615aaa74238	24.588	fast
845b58b0-138c-42eb-95aa-8f85686d8cea	23.265	fast
5c249836-3d06-4a04-8c36-be13e3628e58	25.660	fast
8d301279-ee98-4e4a-9b91-38cf0fbb1a51	6.090	hac
3d14290c-aa52-49e4-ab25-f4f9c85dc2e8	9.420	hac
b5ac5183-8a5b-4aee-bcf9-d594e9cc31de	20.771	fast
705d346a-eb5b-40fa-8f7b-00c978f81dcd	20.170	fast
2315c989-4175-4f2e-8c77-d479801c93cc	24.152	fast
0827172b-6868-4470-924b-df305ca9a6d7	20.271	fast
c6dadd60-f968-46b4-8f92-6a5e3474ebcd	25.464	fast
b3f65765-3f1b-463e-b1ab-c0f70210b46a	7.784	hac
5ff6b052-0ec3-4c38-8953-c250b546ade4	23.153	fast
4c4b9776-34da-4d3a-bf24-d2eedc6296b5	21.674	fast
9c9f402a-cf26-43a7-85b7-2f7310e8b060	19.567	fast
9cba068d-2f19-49c8-8a38-d917be6a74cc	17.985	fast
1940e197-ba51-438d-8b39-a22756c7b131	21.688	fast
1775e037-978c-4377-88f3-dce1288345f4	25.505	fast
20c981a9-036e-4017-83aa-e5db229e6f94	23.859	fast
8512f394-dc52-49c3-906a-01b253f004ff	17.448	fast
7ebe42b9-1b1f-4f47-a821-961235fd9a93	23.900	fast
93247186-e26f-444e-83a9-53d9bc64426d	26.226	fast
0f255c43-a9da-4820-86f5-4ceb4643202a	24.815	fast
4438a7f3-1a05-4f49-9cdf-9dc34b348aec	17.108	fast
6aefe541-8dbc-4c80-ae50-716d13e702db	22.183	fast
b8d08ebd-398d-4340-9f5b-005fe5c096d6	22.088	fast
37c837cb-8c52-4a11-8217-22a3ea250d4f	24.605	fast
ea38d1da-e580-4989-9b42-270d63516524	7.512	hac
803e8d30-8896-478b-871d-810d27eef46c	26.196	fast
ecae5752-a725-4392-8658-0ced155ff96f	23.783	fast
30df58d9-1334-4271-b941-c58d4c01c3fd	18.295	fast
7520e094-b9ef-47d1-a58a-7a4e2bd4409f	26.071	fast
b289cfe9-ef39-49a8-9153-4c3a6e0531b0	17.154	fast
320a5d09-e716-409e-8712-4aabd0806be1	24.744	fast
ceff9ce1-b679-4d4b-945c-3e1de22b6730	25.888	fast
0e9f9cf7-8f79-491b-8268-f7bc7fa9a4bc	22.312	fast
0c25f24a-fd38-47bc-9128-a7013a8c9833	21.323	fast
ec081b10-634f-4121-a5f6-fda7b736af58	13.619	fast
2859d47f-2f42-4df0-b34f-a2bccd079e2c	7.493	hac
f646acbc-24de-4a63-9fdf-fbed468c13f4	9.173	hac
30d9ab17-94bd-43dd-a821-45ce2b9ea4d5	14.038	fast
d532622a-9464-463a-9265-07cafebfab42	20.876	fast
e1bb7405-c757-456f-a82e-2050c17716be	26.214	fast
119ab954-d8f1-4ee0-b0ee-c840e43300c6	10.030	fast
caa61e7f-0060-4459-95d1-5ebe433bb6c1	9.206	hac
4b41fed5-24d9-4630-a4bb-fc6e31b34b9a	26.397	fast
16fafb98-8389-4197-9cbe-34b47b32b6cb	24.411	fast
554e0ece-ee98-4c2e-bb65-59be35d83a39	16.979	fast
a9ff03cb-cae8-4ba6-b61f-feb003f8fdcd	8.343	hac
ab5495b9-820a-4cec-8ef3-cd04c7446289	20.602	fast
26d87e9b-78ee-496e-ab7d-1454d4208673	26.122	fast
b1eefc67-3ea9-4f20-9429-147354981fe2	7.677	hac
0c8868b0-461e-4763-95c8-491d024feaec	9.427	hac
78da3de7-304a-42d1-82fc-288cf4d5241f	23.282	fast
9183f17b-3625-4efe-8e4a-2bb2e9d86191	24.172	fast
eb83b87b-ae92-4f5f-832a-941f8b1670aa	23.169	fast
6d53105f-0efe-4126-9ef3-72e8406713ef	15.723	fast
5b79afb0-3b5d-4669-815a-89cf8ed42375	29.899	fast
22564202-f938-4dbe-9929-790be35b08c9	21.907	fast
2496c1d0-bcb2-4068-9304-4746964700c6	22.520	fast
0759ffdb-932b-4727-a753-7470c3a4173a	23.954	fast
e3c022f4-8051-4fc8-83fb-7be2da3b8936	27.047	fast
054c0c5b-0023-44ed-8828-13342266da5b	6.995	hac
eeffd674-68f2-4ddd-a30e-3c165f7ed725	23.760	fast
3d08adc8-186e-4e9e-a7a4-f7f2ca0be87d	9.520	hac
175d770a-fa36-4699-8a05-249ef6df1482	25.480	fast
2b3861c3-b76a-46f7-9530-a85b1b0afe56	15.881	fast
cfb32bad-b571-475e-abf4-de183bd0edf8	8.149	hac
2465fbac-dbde-454a-af6b-35c84286a5be	27.765	fast
e3e1818a-6be8-467a-9e65-5d1b09288d4c	25.654	fast
a1ec2b97-acf2-4c22-87a0-2e89220d3028	6.711	hac
d2c0e8a3-3684-46d5-8b59-1c22979bb72f	24.257	fast
d4b541be-11af-4669-ad69-6b150091a8f8	21.241	fast
8d4c8bbe-cdc0-48e6-a682-c86657e84aee	26.302	fast
0bd2cd74-0d83-4fef-823f-527a9fe037e5	18.524	fast
c2546140-b22b-4674-a7c8-63ab50b6050f	25.464	fast
aab02905-d9dd-4114-a536-44f36e479ec7	23.080	fast
20395894-f29a-44b1-a593-567dcf47809f	13.384	fast
a155862e-e803-46bd-8430-02ec8ed9f6f0	23.359	fast
6d35b394-1a13-4b71-8f59-1d2e04fa22be	24.650	fast
b73d9416-fff5-492a-b099-dcf8d399893c	24.204	fast
db6afa51-fda3-4a5f-8c02-ed09dbcdea74	25.479	fast
3de42ef5-fa3d-4117-b4ce-ec10a016ecf2	20.953	fast
de5aa169-365a-42b7-bb46-e62f268f6978	14.881	fast
e2894e69-5dcb-461c-abb5-bf66cf57256e	8.945	hac
e5deeb0d-cf75-4dda-9c0e-b4e5f8cca717	27.522	fast
8606741e-30f1-4d41-b569-cabbb959c268	17.549	fast
a21a353f-c402-420b-8934-efdebd2e3b29	22.176	fast
bf105520-0623-4b57-918a-fc498c96158c	11.458	fast
36dbc604-e791-43b2-babe-beccad74f189	24.619	fast
1facece3-f07c-458d-bc55-a7ce3e620f80	9.631	hac
ef069bdc-a436-4859-a1c4-019755fa770f	23.683	fast
44d7b881-0159-4e5c-b283-a502d599dcbd	16.888	fast
dc99ee70-9c9e-4efc-b4e6-fed9c662b637	26.534	fast
2d8e7fc2-7c49-46b7-bd8e-eacdffc9b5a8	21.174	fast
c2a72471-a771-4fad-8544-bee795bad7c2	7.366	hac
8013c55c-c41b-4c1b-af55-a59b58743b20	23.793	fast
9d115ac2-e000-450c-9722-b5d6bc59719a	15.469	fast
21f6f2cb-7990-4102-a155-170bd3b5ff4e	23.613	fast
834902cb-7123-4768-8efd-2b4397db803a	25.554	fast
5168951a-b9fa-437c-b710-f9caa1e4f664	24.733	fast
b00d3bd8-1670-4aba-91df-f1e5f524c14c	22.012	fast
3acee6f0-1482-46d4-9d4a-1c5ccb958aa1	25.341	fast
25e0c78e-f3bc-4d54-8ef2-f332ac3074e9	24.593	fast
f9530cb7-3534-4399-9216-5ea4e746517f	24.368	fast
b517721a-aa53-4efd-9452-e1fafc3602d2	24.009	fast
2ac169b5-2fd4-4fe6-b260-bcdc2e0cbd3d	9.242	hac
a262f47d-36b7-4c6c-b5f7-02b69cae21e1	17.089	fast
2308dc49-9c32-4da8-8bb1-a0d272865cda	26.304	fast
7e85ac8e-18c0-4213-9c46-ecc16d7150b0	20.368	fast
e5e1f60e-ff8c-4150-94af-9acaf75a86e7	22.962	fast
ca4c7a0a-1f77-45d3-92d4-9a9ee6a5318f	27.028	fast
1c999211-873d-4c00-bb45-8b1d591ec2c3	20.818	fast
d9373a57-cbdc-44f0-95b6-08001356fea9	23.387	fast
a9030766-5c3e-439c-aaf7-63dd6d390df8	22.104	fast
d2867fa4-c532-41c6-aa7f-cbcd72d72aac	25.821	fast
a77f8ea6-6a03-4fce-9f4b-19c69a3e7ef9	23.021	fast
f72c909d-1555-497b-a83d-19c395b4b5a6	10.061	fast
9447828d-daf1-4090-b5f3-b9878a48b567	26.970	fast
1de6b673-6ca5-44a9-842f-b96bd0340417	11.563	fast
dd545f04-34af-4f2f-9852-32920a88a883	27.369	fast
ee3ee5ad-f945-4b8f-a712-49bd3f690758	8.759	hac
9f856c84-4715-41b7-b1a7-33e0419df3b8	31.878	fast
59dd0489-a834-40cb-90e4-a3fed46a825f	10.226	fast
8e0b623e-fa6f-4a4a-a5da-b15f5ad1ca5d	15.754	fast
0b93fe26-8f33-4e84-a6ee-03dd96820da4	8.620	hac
92cd58aa-6c72-41ab-9829-fd857800984f	11.651	fast
d1d25cc4-d059-4c88-8a2d-ab92e0ec1759	4.537	hac
931c1f4e-9506-49c9-938c-b9b28e19a997	18.976	fast
86701a0b-dd93-45de-91f6-52c0c86b9096	19.647	fast
7824931a-7cf1-404d-b4cd-cf351bfe42d6	22.682	fast
df631c7b-b418-4d31-a366-38748961d270	23.890	fast
d2d0000a-1b3e-4c7a-92bb-aa3e7843f334	6.903	hac
e6ed97ec-926f-4cc0-aaa4-b8681ecedc03	21.236	fast
69959e40-504f-495e-bd19-cdf4cc103de6	25.034	fast
69d6f152-b76d-484a-b34e-3558a5c41827	18.108	fast
598aeda5-4af6-4db2-9ad6-d92bfcc48946	25.409	fast
2cae2208-12c8-4e6c-9bdd-fd7260220e4e	8.752	hac
889f6c38-6cc8-4083-b50c-dab98c257d7e	25.804	fast
4d9dec3a-0fbe-4130-aa95-66451ef89cd4	7.456	hac
9988e1f6-c960-4cea-9b03-96b338549c76	8.227	hac
99ff8298-4661-4a8b-afe7-1dce45e17c9c	7.095	hac
540bbfe4-beab-4678-9d87-b94688b13006	10.172	fast
2e1e96ff-ea87-45d2-95ef-ecb34bf129ff	18.846	fast
19167308-14b2-4315-897b-e7095e4a85e6	20.970	fast
3a5b6fe1-9842-4ad4-8bb7-2aaef22054d3	28.056	fast
314c4152-4367-4db8-8f98-5c1dd0940880	18.203	fast
4576f868-c1bf-4f0e-9c93-a9b8609fedaa	25.271	fast
35c486e8-039d-47dd-9d59-01cc72c351ec	23.417	fast
79d93ba4-c564-4244-b8ce-1d9e75ea989c	22.951	fast
11c9fef0-7a21-4ff5-a4b5-f81104e62233	21.717	fast
9a8a3a33-4440-4c32-a1bf-8f5ed2619f65	25.237	fast
fcbe409f-b134-43e0-8efb-55eddbd03f81	19.558	fast
ce135280-cde2-48be-b1f0-c635c953af60	25.079	fast
7adf2174-ed9d-4748-b216-fdae932315c9	15.452	fast
d3860203-ef6b-4fde-80bb-34eb6beadf59	18.487	fast
e4971d14-920d-4ba7-8e4c-a8e2f7e3fd5e	18.430	fast
d1e9b0ec-b6b0-4a95-abeb-4d89e3152f40	9.674	hac
5bef0622-7ab4-4af6-b2ad-dc29edc2af51	22.469	fast
dff1fb6f-5df4-45e1-9446-8e001e77673c	25.848	fast
fc7f2eae-06d1-4e73-bdb0-b676364e2125	20.287	fast
7824eb2c-0846-496b-b4a4-a37c5d72a7df	5.415	hac
cbab5124-0a61-483d-b2f1-d30eb29c0e97	25.287	fast
614b0423-3b6b-44b6-8213-058f3913e23a	28.000	fast
909249c0-303e-4515-ada6-9bc8a0d7f4c0	5.639	hac
f779c222-97e0-49ec-9df2-c5ed726bbd72	9.818	hac
8b8e026e-d33e-4c22-aa3d-289c0b4b0734	26.123	fast
4aa0f4b8-0d85-42fe-921f-1fb4a57aac8e	24.783	fast
a9858855-027a-41dd-af3f-44afabb9b4f8	16.545	fast
b1258090-c107-40c6-ac2f-9952a44a43c5	22.914	fast
3a3b4deb-b31d-454c-81d7-7c4bfae7360e	16.968	fast
7dc48ffb-9565-4a2b-a1e5-d763f5aec1f6	10.891	fast
9662dc79-d072-4dd0-9cb2-014ec836b4ee	19.200	fast
d38e3274-b081-4a0e-a759-506673694da0	6.964	hac
f014ae31-e4ee-4738-8d16-defa1b753972	8.673	hac
63be8ceb-085d-49f2-9702-4cf4ca3581d3	11.298	fast
caa8584f-278e-443c-9b3f-0a86f15accb8	22.441	fast
0b188c4b-5c4a-4e44-9d0f-af8b87a3120b	22.974	fast
a47a15ba-cb52-4bf0-bd5f-35f84ae348cb	22.562	fast
96298d9a-d1ab-4527-be5f-a97d7f26c815	27.350	fast
e5433c3e-3c51-4f73-af2d-1bd89d8982e5	24.646	fast
4797c894-47ea-416d-afcf-605f3f6b3dbb	19.772	fast
47dd9c12-4016-4420-9c40-c6c2a5c5a1bb	10.599	fast
eae73d6c-2ce6-4b3f-984a-c49861bfee60	20.539	fast
6555be0e-870a-4f65-86de-e87329b95da4	21.962	fast
4d45df8a-dea3-4c5d-8e47-eebb4d6c9d12	8.597	hac
ad1dc73c-7a6c-4219-824f-4e74f05c9863	22.834	fast
8c15ca09-1461-4674-9639-edcdc5dd85a0	23.399	fast
53855804-172e-4d44-b2b2-d55f9f134c78	8.071	hac
abda6f13-bd3e-4c41-b94b-384c48634f01	26.415	fast
a3ca1a53-0739-44f4-8eae-5cc451650107	9.177	hac
a3364bd3-61f1-49fa-b61c-e19f36775b52	22.324	fast
073ce8c4-7607-43f8-9710-ef06bb4ca14a	25.643	fast
77980312-4a8a-4037-9551-5664ebd5115b	19.952	fast
a77faace-e26b-4dc1-a6bf-5c28a5288cb4	23.091	fast
c6e1b1c7-d322-45fb-8614-09623bfa6541	8.476	hac
ac338254-aa46-409f-ac5a-aae4a26ad7d1	7.595	hac
4e91fff6-f079-4c0f-bc1f-0309b8d9bcee	11.978	fast
32f92091-211c-4dce-9a72-8572906b99ce	10.424	fast
83fc1ae5-156b-491c-b383-79e12c1bc406	25.749	fast
a9d38d25-d5d1-4769-8218-554b472a87ed	24.644	fast
88e4cf12-2fe2-431d-90ac-c2543f9b9d86	7.309	hac
6894936b-29af-4fd5-b3bc-8fbe6ba00a7e	6.226	hac
2fd99cbd-8195-43a7-ae38-7d5ac293d7c2	9.084	hac
35bd8d04-393c-4ceb-8762-05981c299f30	9.487	hac
3b8093af-e59d-4314-ac99-dfd03f9ac17a	13.941	fast
00bba710-698a-43e4-bb4f-5b865ef6df22	8.302	hac
8ac39068-5380-412f-a7cc-695d87ce8a53	26.698	fast
6424f69b-9b5a-427d-809c-247040376acd	24.929	fast
04899488-0d61-4755-b4ce-da8fbfcab587	23.438	fast
5984ef1c-5f52-4968-a2b7-955599205686	10.660	fast
e111474e-f662-4c96-8d92-c618cfb4db0e	20.418	fast
3e55795d-2334-44c3-ad71-31dc4e9b48d2	13.886	fast
3ac157b7-e910-4d31-abfe-eb5c6a551b59	23.976	fast
9c41f1b4-31e9-437a-9320-ad602783e3f5	9.866	hac
a97f7f6c-6fbe-46bc-8888-0b55f8aa74f2	10.361	fast
9426fc00-0655-4dbf-b4f1-c3e62cff7a10	24.112	fast
9bc0c286-1c8e-4bf9-9375-d00440a10794	15.041	fast
3de0defc-fd07-4b1b-b6de-4f52e4cc3350	25.454	fast
6df72bc6-528f-4342-9c4b-bfd15820948f	10.833	fast
fb7112bb-a43b-4849-a630-f64d6d72a627	23.298	fast
0bb77159-3a3e-4c1e-b7ed-aa3dba523902	8.043	hac
65a3696a-7165-411c-8973-70da2f76dacb	23.935	fast
69963089-5163-4ee0-abbc-0c9e1424167c	16.074	fast
11ddf6b2-32ba-41c3-a367-9178461ff339	8.188	hac
afb69b56-7678-4701-9b2e-080c6725d186	27.520	fast
d5362198-e974-42f8-b9be-58cc93dbbc1d	14.685	fast
6bd85afe-c052-49e0-bb90-e92c622934f2	8.114	hac
7b016a06-0a27-427d-acda-d22412efb6ba	22.072	fast
b074e90c-f055-4046-9a06-9efb7014cf33	9.643	hac
88ddf3fa-245d-4b3e-8a86-0a5423e40f0e	6.108	hac
e3aeef90-739d-4803-ae58-d01fbb38ac91	5.152	hac
a9501cc2-5768-41a2-979f-5a7c9999b0f8	25.534	fast
718ad8a6-830c-40f6-a179-e6be1766b7d0	14.834	fast
91d232af-4779-4a0c-afe8-09c881d47917	24.224	fast
197ed0e6-b999-409e-b7f3-e3b5c7f80227	8.052	hac
21bdc245-d01b-46e3-a2f7-f53433fb950b	16.968	fast
ebdbd72b-f68e-4f7c-b22a-5bd22d7474a7	23.270	fast
f85c6d4b-2d9a-4ecb-acdb-80ebf26dcea7	9.034	hac
16ac1e80-5fe4-442c-b99c-b6ab05b11108	8.284	hac
27663413-e70d-4576-88a8-b27ff841c881	26.401	fast
5db077f2-0cde-4eb2-b95f-f764b23e1619	27.715	fast
8ed13810-6d56-4921-ad55-4f5aa359b367	20.600	fast
6655e8fa-1edf-4a9a-a69f-6a23157c1a84	25.846	fast
4841c622-dbd6-44a7-9eb3-74fd3ad52452	24.659	fast
0ab04a42-b6d6-4e25-aa79-38afe322373d	20.298	fast
af0cd70e-ef79-4c29-a476-12c987aff92b	19.254	fast
0467283f-97fa-4e73-92f8-0b2c45653474	23.822	fast
da74a2b8-a676-4b8a-a840-0d940ad147a9	17.494	fast
339b400b-20be-409c-ad10-a051d6b953d9	24.950	fast
511dbe51-272b-4e2f-b7b3-9d951d2c552f	24.106	fast
a8bf6ccb-d642-441a-831c-354e3cde54e8	10.727	fast
ffe2b3d0-f782-49a3-91d7-4ac7ed319609	8.753	hac
9478b922-86aa-408e-b0c9-eaac0c2ec18a	7.720	hac
13813958-b8a0-422d-8f1d-dbcb1566399d	15.328	fast
51315b2d-8b74-4e65-a742-6708d2064cf1	8.658	hac
dc245773-c17f-4248-9a9f-d483a9aa4a64	7.894	hac
04129ea8-f946-4917-9f3b-b08e164ab57f	13.199	fast
e5ea19bc-db62-417e-843b-b8ed093951b1	25.063	fast
f217e293-0598-436a-b011-dcbba258bf65	23.758	fast
0bfc23dd-d536-4768-930f-b4a80ce465a8	23.817	fast
a8916701-9f4c-44ff-b59e-466c4625d3ab	15.941	fast
991d1b44-7e4c-42ca-86a3-174aee9f913a	23.639	fast
d4cfa332-4851-4bd0-91b2-d49230d7889b	9.666	hac
cd932cea-2b92-44b8-a20e-fb467fc0110b	30.020	fast
d44abd84-e4be-4987-b8e3-8d26ab46bbe2	6.657	hac
04065f0a-a718-4943-b02c-94905d794d79	7.127	hac
776d1b5d-8a0d-4d3d-a847-1f2093bf7f85	12.363	fast
f7782d3c-497a-4069-b65a-2c43d931b759	24.670	fast
d074ad93-9361-490d-8c2b-32e1903b78fe	21.099	fast
f834eaa8-baf9-41d4-9dee-b8a9f619dd60	21.203	fast
bc0bb80e-284c-4602-b338-a836392519f7	8.206	hac
3edebd74-94e0-40ea-bbbc-6e0198b938ca	19.122	fast
71fec72a-b44b-4d25-8637-08fe3b06e3d0	14.669	fast
43c81bff-0f91-48d8-973e-da8472d1478d	25.700	fast
5c76a8ef-3794-4e8a-a9c4-9fc8af139405	21.246	fast
7e9dae64-14b4-410a-8d7e-02d10ef6eb04	23.237	fast
0a618fa9-1b8c-4698-b061-35c26095fe9c	27.301	fast
7a92c135-f1d8-4832-92dd-17badb509f72	19.064	fast
deed15c0-05e3-4534-b301-a2776b80b1cb	22.461	fast
54ff7ea2-83fb-4f59-975c-1c2c4f315063	19.453	fast
b3a7ebd8-c99c-4ea8-a7e0-149bfe2d863d	23.356	fast
6cabb6d4-ade0-44b2-ad4f-77dcbafd14a3	6.064	hac
0c86cd5c-5513-4ede-b20e-d43591a80c22	26.123	fast
9b07be59-aca5-4b71-abe8-d1a080a96239	21.466	fast
bcca4158-e123-4a52-aa7d-6e4a02b58bfa	20.576	fast
02c5e4e8-9206-4f25-9a5c-7614da7242d5	25.347	fast
a2431708-fd61-405f-ab0e-8f878854f82f	25.023	fast
6c4154ea-dd1a-4ff6-b48a-7d659e421391	13.412	fast
b0c7484b-bf2a-4506-8209-22b665e157f8	21.701	fast
e3db8ac1-4ce4-487f-9467-5cda54865811	17.878	fast
e74de0c1-8182-4b1d-a2ad-d6d156b4b3d0	25.171	fast
5bc726f9-7826-45e5-8d3e-70b7c29fa715	20.851	fast
423118fa-59f9-4a6a-a137-1566c385efb4	21.288	fast
da9c1665-4846-4750-bdcc-c9d7302fe0b8	21.086	fast
cf2c9480-2d3b-465a-b2a3-f5b5e0d4f530	25.825	fast
b4875be0-cd76-4224-ac28-32786d8e8a99	24.920	fast
fdf89f66-6867-4423-acbe-374074473acb	24.138	fast
41926709-9d58-4eb7-9821-80601319a51f	25.704	fast
4dc01776-d81b-441b-bbb5-5a5a09c93832	23.367	fast
7946cec8-57d5-4614-a954-d5d239a968b8	18.960	fast
6fb10497-b296-4616-8c4b-5e127698eeac	23.600	fast
fff7eea2-365a-4eda-863c-241f31ca0fe0	17.097	fast
09bc74f8-5187-4c9e-80c3-eb8ed724b218	19.557	fast
13a8e484-fe5b-4b44-b382-d4bdaf079daa	20.164	fast
553d7492-e1fc-4389-bf91-88327abaaadf	9.892	hac
6c106982-f74b-4e97-937f-e1aed1d4e84a	8.121	hac
0b9c6283-0367-4659-8838-8ef3dd147b8c	8.837	hac
f58c50e5-2044-4c9e-bff9-56bb31baf655	9.237	hac
e3deae26-239d-4827-9fb7-b66ff88c6a40	18.879	fast
a6858420-2e21-43fc-8cd6-2abc9ebcfa27	13.548	fast
0452a3b7-70a9-4953-a3c5-6e9f55fa32b7	16.559	fast
806397fd-c0e9-4ade-8503-5829654fe891	9.554	hac
3999405e-ecdc-4fe4-adce-8ad2aecfc46d	7.471	hac
05273cea-8c54-49b6-82f7-4c5d7e5757c4	9.936	hac
652dac63-94a1-4c73-b655-12a368a68645	6.014	hac
e21aaf2e-6fc0-46dc-bae6-b0d155c54b16	20.098	fast
fe907ad4-0d5c-4eec-9a7e-3c42817375e3	9.490	hac
3f4f2448-fbcc-4f95-9e2d-0d0d10f59172	29.135	fast
9fa98bd9-1480-49b3-a10d-d0a6c160ef25	24.417	fast
a208b30f-7ad3-48e1-98e5-8b875af69b7c	30.584	fast
d4af6b23-c673-4262-b965-a8be5964313b	7.881	hac
39390bbc-2b6b-4833-8886-10c76f7beb91	23.580	fast
b7704dca-2b69-4bb3-bba3-cae0d602f2b3	16.014	fast
074f6851-01f9-4b68-be72-c6697bd59dc2	24.171	fast
5bd7ff60-8b54-42c7-9a97-5bf81208df1f	14.564	fast
1664ba33-6f8e-4e7c-a553-decf3bf4970b	24.674	fast
a9032021-cbed-49eb-9741-1d42efa5c4ea	21.760	fast
f875515c-f424-41eb-b030-7e27d1a4dc22	5.895	hac
af4103ef-d367-4c34-8690-69d2e1fdf422	6.488	hac
89c4ab2e-b378-4822-82be-8b78c6b82416	22.235	fast
2b3508ff-d267-4a0d-87ff-ee7c7422fd97	27.144	fast
ff281610-fa4a-460f-aed0-e9416ce901cf	23.211	fast
49324b02-80fc-4326-9a74-4db80a21f421	19.110	fast
9a81d9ee-0066-4f3a-aabc-b500ba12a44f	24.787	fast
fc820b99-809f-4899-a585-398bf5b24624	25.102	fast
2d5aa2c7-3c07-4106-99c8-3fde399aa048	25.702	fast
47cbf636-3f32-487c-bfe8-41b627c6294b	10.965	fast
e7a8c0fa-56a5-412a-8314-17598a027454	23.438	fast
b7a0eafa-ab11-404c-b141-5f94bd6553bc	25.665	fast
b1dff607-0e25-41b3-a7b5-4ee53816a6b3	23.105	fast
f3dcb804-c498-4bca-9bce-7fbbdec55fed	23.606	fast
044cd16e-eed9-451a-9798-73288e83a794	20.659	fast
2b27f314-2124-4604-9134-cc1b5e37cbf8	26.304	fast
8524f295-586a-4541-af8f-295855ab31c1	23.237	fast
8ee0ecb2-e21d-48da-9b89-2d69660d706c	24.670	fast
c0d48f8a-9609-4e4b-8291-f801e5a91d8a	23.194	fast
832d7905-343e-4711-b3d5-34bafeec91d9	22.423	fast
a8660c03-4e96-48ee-b152-a6d79c246b00	22.888	fast
a6354bbf-51c3-4cd0-9637-ee7cb96da29c	26.685	fast
c2268585-e15c-443b-b50c-abbff86116d0	25.175	fast
5f2a3318-9263-451e-a22b-d55ee52058ab	23.651	fast
613ad49f-014d-4560-bc02-aa7c9fad6ce1	22.879	fast
8e7acd3f-8ba6-40ef-92da-7f1f514e1876	22.471	fast
ca842802-94e8-4c62-8fc5-ed539c6e964b	11.516	fast
e3b124f5-4105-4d96-9858-ca1529371049	21.700	fast
8f6f2b9f-9736-4bdd-b8f8-a80e758d8bbc	8.096	hac
7fa74d8f-d5fb-4061-ba08-79f16d5f9722	27.893	fast
37863c07-210f-4d0b-a3fe-39a39057ebdf	26.470	fast
31f977c6-bdfb-4752-b94b-67e7c8eeb816	15.721	fast
28830255-5c98-481e-bf89-7093ccb5a870	23.709	fast
a9d1b6d7-7a0a-47f9-b2eb-47e611faf2c5	9.047	hac
33cc5b59-be55-498f-9d73-fb349cf33369	23.277	fast
3c6b0130-a593-4829-834a-22b91142b19a	9.125	hac
8d9088e9-a844-4d86-b6b1-df17cb83abdf	6.653	hac
eedb1e20-5eea-4a9d-9026-ae5ca88f2ab2	7.840	hac
9215def2-4486-42d0-a9e2-11cba2fb17ba	27.622	fast
a44150ec-a221-4ffc-9b44-4ea2c65028c3	25.612	fast
8fc67943-f326-48d0-bbee-b0cc90e6c9b3	26.440	fast
6f07bcdd-d21a-412b-b372-c171353b8a1f	22.656	fast
a4287006-191e-4284-af06-771f292ec5d0	25.663	fast
e972bdfc-8db8-4713-8b56-10c2b2b732e9	12.228	fast
a7f76349-4f87-4c73-9794-46b80ec4c2d5	24.438	fast
c9bded93-89dc-43bd-8062-41e6679329b0	29.474	fast
5fb4e9d8-fd62-40dd-86a8-30ba0f8f2a94	23.866	fast
4a6a7ddb-cc64-48c5-8f19-6bef09116267	23.479	fast
62ee3901-ca82-4b9a-a3af-1e85ee153a17	25.283	fast
6410c9b6-0641-42d6-ac2c-39525f936f79	11.200	fast
1c045cfd-be42-407a-8f6f-f7ba4a4cff51	19.935	fast
5bb1d3e2-ed29-45c7-bb66-f9aca02f552c	21.993	fast
922890d7-a4a2-4b6e-b503-a80914525c62	25.857	fast
e45e7a19-bde5-4c18-ae6c-dbde6e48451b	21.437	fast
4f0046ce-4156-4145-ae80-d2e80a3220ea	12.402	fast
534a0a3d-017f-4673-9a5c-20fa0411d646	23.803	fast
945814d5-4be1-4f39-8732-c6130b729cee	5.913	hac
69d43ca9-f0a9-4048-9626-735fa52d77fd	14.927	fast
3fd280d2-85f5-4155-9fdf-2684dd724d4e	9.362	hac
1fe073eb-80b0-42fc-b097-679e789b52c1	6.985	hac
82b69afd-221c-423e-b0cf-c536e5f058f2	18.129	fast
0d4d9eef-cd5b-4bec-ad50-15348f44e156	23.045	fast
8af0b6bf-8476-490d-a75b-100115ee0b20	10.099	fast
92dc2e14-18f7-4683-a6ad-50ec49f08791	25.417	fast
a17fd610-3835-4d25-92de-691a25b15c30	19.892	fast
203a127e-9b00-44d0-aa3c-18870583ac1d	21.992	fast
aff5857c-6bef-4238-aefb-fa7f41d804c6	25.588	fast
7406b4db-ddd4-46eb-818f-7dfc6addbc12	18.663	fast
13ab3a09-0dbd-4e77-95ce-e428f0af3a01	14.026	fast
955537a9-dd4c-409f-a5d6-6d32fed3e646	14.538	fast
fe79c138-3975-4127-9873-e01cf7571ec5	7.191	hac
660ce148-39ab-49aa-aeeb-64164526608e	23.524	fast
89fa52f2-ef9a-4d64-a714-e09284486127	8.136	hac
654e1e90-36f4-43d5-91e5-47f3da6699a4	23.967	fast
953c4bb6-d59f-4f25-af87-369dd53db9c2	23.227	fast
e301ac00-519e-44e3-b558-e0a4c74e0b9a	27.042	fast
4167bec3-ad9c-4161-afd7-e5250bfd6200	25.212	fast
833f894b-0ab0-4a04-b4aa-b47737ae1c3e	25.024	fast
a3356539-77e8-438b-bcb6-ce0cd5c58e94	17.291	fast
9022aa54-5fe4-4f1a-b875-d131ae0ad977	26.635	fast
cab0fa7b-11a0-4080-973c-ac5a6cddb659	26.223	fast
bc00dc2f-6d8e-4b4b-b2b1-f0f9b2ecbd90	8.804	hac
fe38d82f-b945-4094-9b07-7543673390f5	22.209	fast
51cad52d-4d63-4358-9c2d-7c7e43fd3816	16.695	fast
03c97775-2aaa-4b72-8e9e-8dcc23ff650f	22.583	fast
611ddb77-396b-48a7-ab84-f3d3e2909222	25.431	fast
7631f6d4-9ebe-48b9-bb8a-a5a8b29628b3	17.980	fast
e5d45726-dc3a-425f-9790-45cab247d808	23.833	fast
181f605a-ea4a-49b4-9029-6fbfccd4f548	16.427	fast
b72596b5-ca5a-43eb-a79e-8ecc1bf55f56	26.071	fast
cc3656f5-7070-4285-a169-6b4dde1a89b3	9.680	hac
be4a0f5c-8761-4d87-9236-7a7ee0432139	22.239	fast
7a54cc9e-58e4-4c29-8411-118de0dd58a1	9.323	hac
b4743a2c-bcf9-4c7e-a2b8-6969e3276dc2	25.750	fast
cc29f266-7517-41a8-9b6f-4ee966022766	24.927	fast
664a84bb-7ca1-4bc6-89a5-3ea85422253a	24.214	fast
2cdfa169-5981-4e65-a7cf-51413e4705c8	22.085	fast
951d1b53-baf4-4491-a2eb-121a95409785	13.073	fast
9db66bdd-2e58-4274-91b6-9eff6c8bb6a0	23.607	fast
25cf9d80-ee4d-4e78-8c09-912ef04a3683	19.828	fast
6500f965-8df6-410b-aee8-fbfc1863aedf	26.765	fast
d5638617-3e37-426f-8abd-db50a5df91a6	26.938	fast
1dce690c-5c56-4297-b4b8-4b165d886654	24.252	fast
ce8f8ea5-896d-4bf4-9e4a-69a37dacae5c	22.659	fast
ae9e2530-5298-4d34-993a-818c9cad8701	19.955	fast
8be0e9f9-7826-4fd0-96b7-0f2cc277c7cc	21.276	fast
699bd096-a3c7-477f-a63c-7c5ab65071c7	19.150	fast
84719685-45af-4b91-a67a-12895b05bfb0	19.421	fast
8e5cb950-5e77-4db1-85dc-417a45c20912	20.657	fast
3cdb398f-bfda-4df9-acd4-574e8059936b	21.413	fast
0f246a16-9c8e-44d1-bfe3-cd492965aaa0	6.158	hac
122836be-2378-4903-aca9-8acdc7c300ab	31.511	fast
b8f8a37b-c128-436f-acbe-51b33694a7b9	25.734	fast
a07fd2ac-44d2-461e-adae-37b5b8c6904d	24.021	fast
2777882c-13f2-4031-938e-c254b12fc574	23.948	fast
ef6755f0-0eef-4ee2-bac2-e087c513e3ae	25.096	fast
ef00b233-249d-4c38-842d-5b7390ccc90a	20.080	fast
f52797db-9dbf-45d6-843e-57ab97310551	20.880	fast
53654b8e-3858-4243-967e-e79509d9e32f	24.202	fast
c595884f-a222-49c0-89bc-1faff2ba4cd2	9.027	hac
9467c8d9-dedd-4174-841d-d7f198cb0637	8.954	hac
1e0cec2c-480e-4233-a136-ee2777e0bbeb	24.505	fast
50e9d7e4-baf6-46dd-8567-0540efdab862	25.471	fast
40fd198f-19db-4dc3-81c6-105507f3b0b8	22.819	fast
28d6fd33-ced1-4293-9c1b-3e7678f095d4	21.368	fast
19b9cb20-acc7-4ebc-8bb6-ce8e3a77410d	21.518	fast
51fdf81b-ed51-49a7-b2b7-1b74598f562a	9.167	hac
2cedcdf0-f343-44ec-a27c-e2402c10c94c	23.567	fast
2810eda3-eea2-43c9-b606-c13c7375cceb	25.916	fast
4f870133-ab95-4293-a411-bf9dbc246ddc	23.368	fast
4e510555-7930-4eb9-bab9-63670a85c4e9	23.583	fast
bf24f32a-25ac-4515-8627-15b6d665de1d	20.271	fast
c8078cea-62c4-4f79-9d89-8c75c5486ec0	24.361	fast
198bd3e5-50cf-4ec8-959c-74e9bfb6c8d8	14.021	fast
d0b0094d-e3f9-465a-835e-3ef28968b7e3	24.002	fast
07b92266-adbb-4732-aaad-dca7d647eb6e	8.435	hac
cb10d8d4-489a-4307-a8f8-95b61cc04651	18.798	fast
e52800b1-3d76-487b-8f3e-34bde528c0b7	27.308	fast
ef1de02c-9fcb-43d3-bc66-6ff0ad058285	17.974	fast
312d44f4-eb89-4ead-b649-c38b8e47da51	6.068	hac
d248a94d-66b2-42fd-8175-86dba8f2a202	23.811	fast
34a752f0-ebea-4c3a-af04-ff806241849f	26.492	fast
0ce75dde-c0e1-4dbf-b9ee-0434260c27fd	21.028	fast
77a4d664-6c2a-4562-9f90-ccba66f16555	24.571	fast
da3517b9-0c3a-4e89-952f-2d1da1ffa6b3	23.967	fast
ee2b3b18-1563-4401-bde8-355158a0c0c7	25.003	fast
b5e63cad-2db0-433b-88c9-5f3645aa3e3e	9.621	hac
06d463b7-b914-4d49-98c0-3decc3f712dc	7.187	hac
c81ed437-bfb6-4fa4-8d2f-3c0e6802c706	9.330	hac
2b153ade-e6de-43d2-b8bd-6ca721165885	24.447	fast
aae0b0c1-3224-4811-b621-e1e3b70195f8	10.668	fast
2a180c95-baa4-4b37-a0d9-1b67b33b301b	15.263	fast
cc7e975a-e45d-46a0-a6b9-853e012d0140	23.042	fast
9420afd3-3e05-43df-a9bb-2853fd7b33ca	22.552	fast
474c9bb9-a51b-43a8-b32e-5bc8571be31a	19.348	fast
bbc68e20-9ba2-48cc-98f4-7db263faad4c	23.343	fast
d0bdfee0-ebd1-4c02-8317-8068a341c7b6	24.987	fast
31cfc61d-1e51-4b79-ac11-534287cb7490	21.344	fast
b6669b93-a249-4a0d-b811-4c944dad2c57	8.608	hac
db20d1c9-ca3f-4a76-ac43-42d26b851484	25.464	fast
eeb8cfde-0dba-453b-a977-7dbf40d7f5d1	8.491	hac
9e7bfed9-d23c-4379-820a-4dda68577e5d	20.398	fast
aca49abe-e87c-48ee-bc7b-4b1986441607	27.779	fast
5c3b2a8e-796f-4c6f-9aa6-ab949e1538dd	9.074	hac
fbd5f86f-481d-433b-b11b-f042a85c83ec	14.780	fast
52c01858-fba4-45b7-bcdf-856faf356854	19.185	fast
15061bcd-7406-4082-84e8-739fbad1b0ed	9.538	hac
01a8f795-1f33-4ef1-b69c-7a3db5f316ec	23.735	fast
fd99f4a9-8d18-4ce4-87a2-376d0852f321	15.966	fast
b7e90f28-9ef9-41d6-9e74-6ee8bdb990c4	25.881	fast
596c9a13-941c-4024-9a9c-fa684da28484	25.181	fast
cd1c63da-412e-4831-8de5-8a7df6eb7631	15.623	fast
f1757e3a-ac53-49dc-a8fb-5b429a9a31b8	22.301	fast
ccb9c775-5fb7-4d0f-81f2-b842d8a49adb	7.389	hac
a31ec218-2245-40e0-91b2-1141ce06769a	26.481	fast
31bc2897-1275-4cf1-bcd5-4d6b0b1cf50c	26.343	fast
6fd95d84-9d34-4bac-ac7b-6cbfdf5bd3cd	7.597	hac
24a05208-f2da-42e1-9819-e07701fae38c	29.267	fast
62c4f219-36fa-430c-9746-ece0605b3794	26.892	fast
6e959876-769f-4e18-bd6b-a1b322eca197	5.754	hac
be44c2c4-692a-4c72-aa8e-4da5a05b4c95	13.382	fast
404ddc58-5850-4b47-bdb6-bb36ac4ee874	22.990	fast
316edf45-f6de-4a96-81a8-3ba5bb343d04	18.064	fast
f73d32f7-b876-4648-a3d9-5d12775d6607	22.085	fast
cb428368-15e9-4668-8a15-13ec971baa82	7.903	hac
4fa62441-7c99-4b06-8d7c-b3865af0036b	10.138	fast
767b18d7-7f39-4582-add3-8fac33713ae6	21.360	fast
d115b939-2c74-4d21-8f26-cf1dbf6b7a5b	20.353	fast
aa6e97d5-adf2-43d8-be12-d176e0733c7f	24.854	fast
f1f26baf-1f60-4bc6-a077-642590a4b32b	8.527	hac
2f3cc491-5572-47e2-9962-fc04556a6064	9.080	hac
5be2afac-fb1e-4f81-b704-c3f5c2dbd5eb	20.617	fast
00d8803a-a8fe-4564-9420-77ff40e40533	18.359	fast
815984f6-4dfb-4632-9611-945594051740	22.427	fast
353aafeb-877a-4774-9144-7bc5a02887c6	20.538	fast
fab78663-2d03-4754-9873-c2e62079182c	7.815	hac
16cf15f4-f090-4ba6-8c09-0cbd3cef5a8a	22.155	fast
85206715-0757-4ced-9569-79c4a7b8dea2	19.759	fast
871d8054-1fb9-45d1-9d2e-e3e4b7381140	10.715	fast
72e7b88d-5e85-4634-a40d-462de55dca5d	24.656	fast
19798586-74d3-43a4-be07-8a1bf17eea5d	5.605	hac
062ea48d-52d8-4995-8413-061f184ccf24	22.893	fast
a07ed23a-ad6b-4ffd-ad1d-673fc6f16565	7.326	hac
f8b37c31-9d5e-4be1-bcd1-8709306a291e	16.638	fast
62cb276e-775e-4569-97fb-1022b7ecb566	11.491	fast
672ae6ff-e1f8-4a95-a1e0-1c586d82c5c1	7.147	hac
3151ef60-474f-47d9-b261-36b39ea0895f	30.734	fast
908a63bc-20bb-41cc-9ef0-18e21866f8f4	10.677	fast
5682b57a-740c-493f-90c9-dd4c17e19411	25.812	fast
b9cc55a3-cb1a-4368-a3c5-bb6af578e100	23.003	fast
700ce9c6-670c-4d44-9302-b7e0c63d2bbd	16.218	fast
0d754d11-e7c2-4576-964f-fbef0821eca4	21.838	fast
bece5086-8e8e-4047-b00f-ca05e096d9ed	25.824	fast
a7acf8f9-a200-4dac-8b55-1987223bc0ed	21.030	fast
0a200ac9-2689-4d4a-ba9e-fed108816063	27.255	fast
5867b16a-bfe7-4bda-8288-950009763b1b	9.125	hac
450fcba1-f185-4616-b7ba-09caa3693a48	30.845	fast
be4d83df-c17a-4d92-98a3-71a9068c9410	26.800	fast
67a23d68-321d-4bba-a826-2ab8a28717b1	7.314	hac
03ac1e29-04f9-4159-bb7f-c272e93b74a6	20.356	fast
a798b2b8-9b96-430d-a804-cd0b686032c5	8.538	hac
dbde13d4-f676-41f4-993d-bd618dcaff03	22.393	fast
3b907e94-4aa6-42f3-b774-eb504ba023e6	26.304	fast
10eca5cc-5f49-4387-961d-9711e7da6ec8	29.470	fast
d5e90601-8a1e-4cf5-ab96-9bb3b4e26f25	19.680	fast
f12c9c1b-755b-4418-88e2-176284b83623	9.573	hac
506d3e94-cb4d-43fb-a670-f8011612d6e8	22.465	fast
7f5e4d90-6425-47a2-8b11-2234a0834578	25.118	fast
68335bac-bfb5-4ce0-b8cc-24bff263e56a	24.048	fast
9fec02b9-17be-4662-b646-f5dd0bd6d949	29.448	fast
96424546-34fd-46f0-9c95-49e7b151b0fb	18.618	fast
be6cc400-07c1-4f76-abf0-8c0aee1402ed	26.823	fast
03be89c2-4f0d-4a17-a6a0-ab0e1a6cf841	23.562	fast
d83e41d1-9f7c-4982-9edc-46635177dd7d	23.783	fast
c67e8079-7f6b-49a5-a027-c172d4166509	21.280	fast
209af51d-f93a-407e-b27c-7facbfb7d5b7	12.599	fast
19e875b2-1d7d-4359-998f-c2e06eedd8d9	21.668	fast
d78c536c-0e27-446e-9181-de1e8afba72f	17.447	fast
4dc4816d-45e4-46f0-bc13-f0009279238d	14.760	fast
b33a3931-abe9-4cfc-b02e-86f5aaf5d8fb	20.221	fast
90fe0fc4-d653-4cac-b3d5-7da4d904bd15	21.000	fast
fe4ad62c-6c65-4300-8317-7790d1a9d2b8	21.927	fast
99be6a58-b4e2-4835-ae80-4a958721bef2	10.224	fast
721634b2-0ab4-4653-b510-bccbea60f73b	16.666	fast
a040d4a1-669b-4b87-891d-87f5bade4558	22.867	fast
6d96f2b8-69bc-465a-bc4f-ff60f76f5f13	9.791	hac
0ff42022-a350-4093-a19e-1e6272715099	22.057	fast
bc216b05-11d3-4850-8150-fdf65643145d	8.335	hac
c1c7a66a-1b69-4f2b-9f20-c0c3bd9be293	24.489	fast
f7c1bfca-fda3-41b4-9ff8-7832379fa183	20.901	fast
04cb7bfc-4f80-4df7-863c-dd80232a9108	23.796	fast
259e2693-9299-4e07-86b5-1ed7b2643c09	7.372	hac
01041732-53d5-4824-9519-104bfd5b6631	7.963	hac
67492bf7-85a7-41ea-85cf-3f1397838b80	23.611	fast
249378e5-f0d4-4772-94a7-5632622a3294	25.871	fast
e41f7986-c0cd-44ae-bc19-75d569b961b1	21.613	fast
511a86d1-d193-4911-86e0-f8f652817dcb	18.685	fast
06396368-ef1c-45c8-947a-eb434630c72a	23.611	fast
3076b40c-866b-489a-9032-872de1395952	14.025	fast
ad7ffda7-7caa-49b3-83f8-a4b38de540d0	27.167	fast
9dd066af-bc8e-479e-b7f2-135bbd6336e7	25.454	fast
615cb5ff-2654-41f3-a571-933401baa257	20.025	fast
e5b2288b-d2c0-464e-a391-b5cf97670013	21.719	fast
ccc11b0d-4f98-4213-857b-54260532d295	26.857	fast
0047fc8c-90d2-4240-845b-720b3a71dc67	10.286	fast
52b5bfc9-84e6-4abf-b930-4328baa30e11	9.626	hac
07de139e-5a79-4c77-983c-eccfaccfa00b	19.468	fast
0b0b7212-2bae-4797-af3d-bf60f088de91	19.862	fast
8ef0a3e1-62aa-47c5-8efb-4c801ced2f2c	17.294	fast
6dc176df-8d33-4a19-944a-a59928192c8d	25.123	fast
b5421ef5-76d5-48a1-a2c2-eb1a4bbb59f3	23.868	fast
83036041-e89a-4755-979d-327cb215ec66	26.893	fast
e9143693-003b-4bf4-a6b7-ed4e9e48cb4f	8.678	hac
5619190d-652a-44d0-8259-93b3a9a79cb4	23.464	fast
e801220b-d1cc-4ec7-aae6-7067e5542c72	24.103	fast
41c4f82f-d3b8-4ec8-b59e-343316e25a44	24.879	fast
aa15cbfb-fa13-4bdb-8e76-9b27aff6d2bb	10.099	fast
34f6a713-b577-4634-960e-4077488b8d66	6.960	hac
dc15d52f-aaf7-4712-a853-ca615362a911	4.657	hac
153f998e-bf40-4ecb-87f5-e26ff0292534	12.790	fast
398996ea-193e-4487-9172-b515a4f98ab8	22.269	fast
823c337a-95bd-4b2d-abdf-3ac8c2d39f80	19.481	fast
8813dcf0-f832-4ea7-90b2-91931ac445c5	20.549	fast
ef2c01fc-2bfd-4cfe-ab2d-d4f3e906c38e	10.062	fast
3abde10c-5104-49fe-b531-a520cd39e52e	22.913	fast
bcc23917-48cd-497f-a0dc-5b151c101327	23.785	fast
e726b3e7-0eef-45b1-8b97-614e9552b31b	9.767	hac
e3a99ca2-d176-4cf6-8b00-f688649e338e	27.332	fast
dc9a00a1-986b-4dc9-83dc-61186f9a896a	21.083	fast
78865554-5ab5-40f0-b5a5-ab8f880bc582	25.610	fast
b7e3504e-c197-4b51-90f4-f3ca821942bd	24.884	fast
72bb4f04-962b-4062-8d3b-3bc7a89829b4	22.574	fast
0b0cb032-23c8-4a4e-8c69-0b0e16fe7206	24.446	fast
433ef518-b7a5-4b40-a1df-5472081cc081	24.452	fast
5d570629-a766-485e-8063-a3feb6ab4b95	16.351	fast
77dcb60c-9808-41e6-88fa-05e8c253f0c3	19.612	fast
a7f841a7-d8db-4199-9dca-2a767f35763e	23.940	fast
e58eb530-6347-4f6e-8886-945fdcb15e66	21.661	fast
0b5ba002-de93-4595-b106-48421cae90f9	24.267	fast
293e0078-f6fa-45dc-846f-cbe29eacfa20	17.081	fast
9412d96b-56a7-4e34-85b5-91c45d3f1f27	9.125	hac
db079e5e-7ed5-4a29-bdaa-0a97ea5edf00	20.176	fast
36587b5d-ed07-4644-aa8f-cafc9b67ee82	26.472	fast
5277e558-cb13-4118-b134-e019ea8bba55	8.978	hac
26251c73-4500-42e4-b227-7e6664f9c89a	9.872	hac
cab0a9a1-1695-4c47-b5c9-b64e6ab1c9b9	31.884	fast
ab29729a-b457-46ae-9591-932f1dbb37d3	23.559	fast
1be7cd81-b3bf-46a4-bc35-d5137fb5ab4a	19.778	fast
6c97fb8d-01ce-431b-9484-78d3344a47ce	6.161	hac
0250df2a-81a1-4c07-9e3c-e382139c3ce0	26.870	fast
e5aa7f9c-fa9b-4f51-baf8-166dc863c8d0	21.853	fast
636c9630-31cf-421b-92e9-40f8dbb16af4	9.591	hac
dcc31ffd-bae9-42a8-ba9e-ca173362ce0e	6.760	hac
2ed61840-f0bc-48b8-985d-c6c4692284c0	22.522	fast
26576366-a6fe-49f8-9b8f-0ac76b750a3d	24.253	fast
6592e44e-242b-45c9-b337-221022aa748f	7.898	hac
2f5fc47e-595f-4b89-9ba3-d18c2a3a7821	29.016	fast
3e13e058-1859-4d22-b0eb-24ef124fda04	24.879	fast
6e025bf3-55d6-49e1-a9b3-55a46477ad3a	24.839	fast
b8a44286-934d-44f9-a869-7210c9ecabe2	26.426	fast
9ae55ee0-fb07-45de-aebf-554aef4d56cd	8.562	hac
2edd7bed-dc80-4af2-8f91-4e5aa7a35e2d	7.498	hac
08b6e4fc-0d5f-4682-b8c9-6d112bdd2d66	23.786	fast
d082c28a-6326-4602-b31d-4dd9b821f7e3	20.927	fast
0bd57114-282f-4eeb-92d4-50ed0ceb2baf	22.364	fast
6aa91a35-624c-4c22-8570-2a6ba5d2c483	23.220	fast
e873d485-3931-422b-a953-dccec66da6d0	21.253	fast
c6417d45-50e5-445f-b15a-3dc441cdaf61	21.537	fast
b570f20f-662f-4b9a-b67e-c63f63e2bf7a	24.345	fast
48291fa4-f7a7-4ed5-92b4-de80a204b5ff	21.134	fast
04601cb3-9cdc-4dde-b49b-0616aa73e98b	23.426	fast
5d88bca5-4ceb-4285-9709-7411d220d170	18.688	fast
cd0d93e2-facf-4e95-8c74-36df67f5ae41	20.177	fast
108300d6-e54d-4b22-8938-1acaf4bf6b3a	24.990	fast
91eff1e5-d65e-4a3c-9b0d-0ca575c5e1a2	23.381	fast
3b3e9d12-291a-46da-8b5c-658e49129e16	20.500	fast
a25afe7b-722e-4738-b6ec-0cbc6f1a1577	18.746	fast
e4e2f79a-6bc1-4a7c-bfac-0f3d84f0a045	20.536	fast
2e5e51ab-f9af-401a-aad5-a26de902e19d	26.607	fast
8e50ea6c-7872-48d6-a6ab-2af6ce57aee8	8.433	hac
eecc2b41-d411-450f-ae22-65d90f24d951	22.050	fast
ccde09cf-0f31-4bc3-a105-b33fd2c6bc07	20.856	fast
82e0c03b-f63a-4116-9e88-15a701bdd29e	20.118	fast
2d10ae40-2a46-42c5-96cb-9d21f2d65040	19.443	fast
f566dc40-a278-4eb2-bfdc-ea689acf76c0	21.299	fast
dc5127e5-9033-4f25-b569-02bf6bdc4c64	21.677	fast
c933b728-077b-4534-850c-1631ce386cf5	23.386	fast
bd89cdc4-7a28-4cf2-bca4-aca73a03ef39	23.394	fast
33fec81c-f739-4e16-a1f7-36c1d530e04a	20.409	fast
e0994c62-91a6-426e-868f-c78f0a048e22	19.331	fast
16b22306-0e8c-40c4-a66c-9a3f5004f468	24.810	fast
c7af6901-cb21-489f-81bf-4342bfaa142e	21.306	fast
808bb96b-0797-460d-9e1f-ae091353d362	24.041	fast
6ceb1afa-9182-46a0-b739-ad8dc8982d74	21.151	fast
349ef829-66bc-4c00-b7fb-f8ac60e4627d	20.417	fast
b55fe72a-7ec1-4e87-8816-d463632a878d	14.913	fast
5fb56f43-194d-4b62-ba2b-87b34d646a2c	15.610	fast
f7e2172a-e30a-42d0-9fbd-ed3721f3f28b	16.909	fast
83543dc9-deed-4e11-a227-e25c7e808805	21.492	fast
532f58be-3a56-4b53-b64a-a694ddef3bc2	22.657	fast
a3db6547-e370-4653-9bd9-cd38108fea98	24.240	fast
9c58d1c6-d5be-4903-bb0a-7b436257efa8	17.168	fast
5c0cfe1e-2217-4faa-a195-00a5447c74ea	9.644	hac
c8dfeaac-4865-472b-ab58-5ef5006b23eb	11.124	fast
7f992ba2-283c-4244-936e-3863619b7638	25.265	fast
74f23f6d-c22b-4944-a350-443ce0e06c3b	6.202	hac
1a4f0354-e219-4707-a262-61070cf18c76	25.216	fast
d1a46a6a-9ae9-4d73-9cf0-74302ca9a3c6	11.297	fast
e940759b-57c8-4861-861b-45473b49ee4b	25.497	fast
331abd99-c75d-4695-bc07-4707eb3bb22c	10.003	fast
490a52c6-d739-40af-851d-a82dbdb474e1	25.589	fast
342de3e8-8e2b-4902-ba7c-47dbec1d35b3	23.155	fast
2396bb08-8b4a-4a89-a490-8b1712a76c6b	16.029	fast
30c94972-ea35-486a-b7d5-df6d09b44e82	23.060	fast
7b6a0eb4-1293-410b-86a8-722a2f83b935	28.084	fast
797871be-9baf-4b48-996a-6959d4c86c39	7.019	hac
04290aec-f7d4-4ae4-beaf-85db9b30ffd2	8.290	hac
f4043616-c025-4835-a66f-67519e9388b9	19.502	fast
4e22e148-afab-4465-b4ff-8a89b551c1ee	18.969	fast
fc4e2eed-05a8-42e9-996e-e301d25bdeeb	15.193	fast
ad3fe5e9-5b9e-40f2-85b4-a6f0960b433a	22.949	fast
dcc75812-6d52-4824-9476-ff1d08654c17	22.630	fast
36f96a63-f3e3-44cd-81a5-5f325664af0d	25.790	fast
5c04105e-6e38-402a-8c4e-c4f0aea6980d	22.136	fast
06928610-3846-47f6-948d-120cd56bcafd	25.811	fast
50a66e20-647f-43fd-907b-17f3ef47f4ab	20.128	fast
75bee356-a355-44c5-a005-3363044f581e	17.038	fast
85ff5f43-4a68-4387-a898-a478caed7284	11.136	fast
a61d10c3-8550-4ffb-90ec-65a1c156f256	17.715	fast
33974445-b97d-460e-b4f5-7f90c984c1de	17.914	fast
e2d69f0a-c59a-4fbe-ac72-eb6b43c2755c	21.757	fast
1e908e13-408f-478c-a00c-58e22950e564	25.371	fast
39075713-2e84-4d2e-a855-c6b6fc484606	28.507	fast
96cf1714-bee6-4135-b695-2338b9d30956	26.467	fast
55119f80-e7af-4a2f-a3d9-9e636e7b9829	22.530	fast
f98da426-9020-48e6-8251-a3b6b0387863	8.681	hac
cd9ad15a-105e-4451-abc6-9eb0aa8b6723	23.761	fast
befa7967-2cb8-466d-b613-b6bb0d7be072	22.525	fast
346a2830-4df0-4965-adb3-20c16b0fe602	15.680	fast
0c6899bf-2aaf-4a98-b91b-27011819c05a	19.846	fast
29081a3e-04de-4593-b46a-899bee13c90e	23.154	fast
8dbe11c1-b993-47bb-8b06-2f86a4f749b5	27.198	fast
faaa9e45-8839-4599-822a-a932ccba845a	8.060	hac
c81239fa-3970-48fe-9875-82d25260d0a1	24.713	fast
9d592e91-2677-473b-8e05-210414ca4262	27.302	fast
b3982eb7-f6d1-49b6-8dc5-b25611b03b70	22.190	fast
97e6fee6-d237-45b0-a21a-3bcba5c86fbb	19.837	fast
98597d84-03ce-4c1d-9fc6-8c73e8669f34	22.960	fast
4a3104a9-c5b3-4a29-bcd7-8da46b4157e5	22.908	fast
ca77ba2f-a067-4fd8-8e8f-f440ee0e7ba9	24.466	fast
f98500b9-c99d-4694-b067-9a39712ddf29	23.125	fast
040d8678-26de-485f-9d37-d8a5136c33e5	29.023	fast
607773e7-ee59-4099-8321-49d2523aa89a	11.655	fast
e558ccc8-298a-4fdc-a9bd-580dd140f0b5	26.297	fast
a200b39a-5c33-4064-b8b4-820f5039488d	18.889	fast
746a7516-474c-483e-9c19-8f6d2b61c17c	11.478	fast
fa4344d6-dcc6-45ad-bebb-d0454daf20bf	22.958	fast
da48faeb-d546-438e-9fc5-789f5cd18f6c	20.029	fast
f135fe84-2c73-434d-aff6-ad73eb5d8c2a	27.656	fast
ea05a699-ca4d-44b6-a0c9-80a53c8e9441	21.298	fast
e874e59c-ed61-4aad-8f01-aa083a4afdf1	20.106	fast
1534dd51-5b6a-45dd-ab5f-e570e31436e6	26.222	fast
4f4852f5-779c-4614-ad2b-d81e61e44474	9.982	hac
f997bdc8-ebe3-45ef-84b9-7e097c23ef2e	25.207	fast
8e336892-a2e2-4bbe-8ffd-4b9b5c6e1554	18.975	fast
7a5e2a2a-ebc8-4f69-bc6a-91d0cc2e4583	26.252	fast
37d40805-75d0-4e71-94ba-c4e91ed30d6a	24.488	fast
a95cc8eb-3df9-4bea-8b8b-1763aa82cd65	23.886	fast
b87b2b8e-d303-4f38-8806-8b4abfd65c7d	21.535	fast
b22626cc-6173-438f-a456-b735e207ca5f	9.701	hac
ed113965-8bea-4c7f-bbeb-c7207eed1f95	19.320	fast
e4312abf-74b3-431f-9c7e-f1ff08fbbbd5	26.495	fast
718a0f57-8fde-4721-b4d9-cee961f685a0	24.347	fast
ff923b87-8be6-40b5-bb7b-a3623fb30b69	12.129	fast
519f2177-1e29-46dc-a8b3-ea7c37130acb	23.462	fast
4a38f4af-1b80-4fa0-b205-abc7bf406d2b	26.105	fast
66f34193-4c2c-4e34-8066-f9438f976080	22.748	fast
104b8c6f-427e-425e-8b28-5783aa3eea62	7.432	hac
ecbce284-0563-45ff-a2df-70abb2954b2f	25.776	fast
5dda6dcd-bb84-4090-ae24-ad4acc5f8bf4	16.767	fast
5aa9c3f5-ef74-4f29-ad3b-deaf3e126cb4	26.635	fast
b4979b15-eef6-41e1-87b5-671aed437e47	18.715	fast
e4d51eea-3498-4317-bfa7-686a375ddb9f	19.666	fast
7e445bf9-1d3b-4cc1-a322-2edce18d6cf3	25.928	fast
a05c7776-2e7a-4098-9f49-4f81f89278b5	10.160	fast
e2c53fd3-3d2e-4598-9b2c-1b3d0659064b	16.134	fast
758e9457-c16d-4a57-bfc1-c2830496cc3b	23.973	fast
89f4ee2a-e0de-4841-b71a-ce824d00514e	23.293	fast
6b3f9070-c5f7-4c97-bd27-2422e17a8c82	23.664	fast
edeb5fc8-a69a-4e77-a659-fa87dd108a05	26.138	fast
d8d2f0c2-218c-4cca-bafb-02fd640cbb00	24.352	fast
f7252c0a-9913-4a34-a2be-b491a160a364	25.126	fast
65743a9a-a39f-46c5-8f2b-450c529fb864	21.298	fast
e71b28a4-d8e4-4cbc-97fb-ae78136c08a5	22.029	fast
71bace24-2410-4dd9-a631-d20c8c207e00	25.175	fast
2f1ab393-a5a1-4a36-8b4b-dec918de36c2	24.409	fast
95428d2e-788b-41b8-9a7c-1af8860745f5	25.716	fast
a0525833-4367-46e5-a3e0-0d4d0501f4c3	20.056	fast
c95bf061-5d94-445b-b3c1-c989e045914f	24.554	fast
7cd9fb1d-41ee-4984-ab71-028f8928f6c2	24.050	fast
1117cd62-50a3-42d7-8bf5-56965e41121a	10.969	fast
83c4398f-a75d-4af5-8162-45bda3aa8551	17.260	fast
890d3886-399d-47a5-a25f-11b3c15d22bc	25.315	fast
f1898991-b571-4632-b8d3-1a8d0c43ad31	19.211	fast
12f165ac-911f-46db-b984-17ca3aa3366f	21.208	fast
fd6f882a-9cf0-4c72-a329-578010bdf5ec	19.691	fast
232e2e99-a42d-4e87-9b57-6e193842c16f	24.203	fast
75014a46-e134-4d21-82ee-0d53d6380277	26.247	fast
0b432075-6d2f-4225-9985-fa2403a50be1	24.810	fast
e6605c0c-dc8f-44bc-a045-64ec8f88ee06	21.550	fast
96e58ada-d974-4deb-b4a8-1b48f8c92b62	26.730	fast
adc7f761-068c-4813-9b8b-8facfed03feb	26.822	fast
3094eabc-8c82-4f37-b9ec-3a60b08b4965	11.565	fast
60160eda-3900-4aec-8d0d-8b3a0449e6f3	19.303	fast
1027e2dc-8e80-4ac6-8c00-513b0cf3bcb0	23.347	fast
b259d5b1-91f2-4050-9e22-6644f547e764	20.844	fast
ae8e0f25-cb94-4aed-b978-b285eec74976	22.921	fast
dafde337-e41f-4b74-9b5a-0dafdb608033	10.366	fast
5db7cb7d-1004-4c73-9779-17ad058e6b49	22.796	fast
9b0585d9-dbe1-41f6-9543-840565f6cddf	24.075	fast
6ffba813-a350-4803-9c1b-1211107efe51	10.729	fast
cce6e95f-d65d-46bb-96c8-ebf5bbca87dd	24.650	fast
36305989-c438-4a3c-9053-a0a2f7f37bd5	24.522	fast
33f8b76f-aee8-4550-88be-fd268073fdbc	17.971	fast
679b29e3-20d7-4b75-9c46-f980be3bf5b6	6.873	hac
77581f20-d082-4239-a041-db5b1816021b	28.376	fast
91b6a3a6-4617-4dca-a9f0-d19bd2ee86fc	22.655	fast
0caf89b0-f587-4acc-a0bc-21504a68771a	22.995	fast
067ceaef-b719-470e-a2e7-1f89992eb08f	17.679	fast
3ec1fe4f-f0d0-4203-8cab-dd8ca2d75c6d	22.860	fast
01aa2ae0-41fd-451e-bca0-f5e1a8815e69	25.804	fast
a3fe19db-5aa8-4a5a-b42f-4647f77829cc	9.498	hac
20d5cbca-1149-42d8-bf57-b17bfc970974	9.715	hac
b5c8989b-3f8c-4bb2-bbb5-5d4e21125090	10.276	fast
5bc6f802-c4b4-4d47-b8bb-cfd3afb29daf	10.739	fast
7af56774-7752-4ae9-bb47-b5d0d7488bd3	26.933	fast
4b0182d3-2381-492d-af25-a18400805133	16.055	fast
9528059d-53d4-4cd2-921e-aa8f82e33ea4	7.128	hac
bfc33772-e812-42f7-b5ba-3d7ad0a6dc85	10.481	fast
4da9ff8d-2541-461b-8cde-37291657a92a	11.307	fast
5d6f8645-e0c4-4967-9ec3-a068ccc3ae4f	22.421	fast
29baf040-6a8b-4e1f-80c6-29bd85a269c4	23.840	fast
0b586414-c564-4b90-8a86-d92294d389bb	8.250	hac
00efb5e9-a25b-4608-95e9-7c72f01b4f5c	25.377	fast
2f71ce8f-9608-4f54-b658-be9ca70c741b	7.848	hac
f77134ef-5642-43e6-8b98-c47da2aaa192	13.186	fast
4a317e4b-31d2-49b4-9ecd-80370adcd6bc	10.312	fast
ecee3655-3f04-4491-895a-2de22874357c	9.492	hac
b125a5cf-56a9-448f-a84f-5f346c3b0a26	8.494	hac
93b8d441-6e69-4140-9426-2c18f959a40c	23.886	fast
5ee74391-141e-4bb5-8079-4becd79ba066	8.986	hac
c40af6d5-896b-418b-b68c-1cef9e18a1dc	24.641	fast
0aa5d0af-fc87-4277-be3e-89f3872634ab	25.638	fast
b501ba05-88cc-4ad6-9bbb-204942c6e15a	21.017	fast
81a8bdce-25e7-4d25-9e40-c80b6b110aa7	24.083	fast
10ce0a67-4690-4344-a1ec-2f23740f6cc6	6.447	hac
000c55d0-79e8-49e0-9300-aa037dc9e399	22.348	fast
287cb48e-c87d-4858-a63b-91bd70b645df	25.494	fast
9ee95d23-3934-47e2-84c7-a8be48da2bd5	25.870	fast
5bfa5ade-8665-44a3-95f1-b1f31a85c179	9.379	hac
ac8da14b-1a83-4333-becd-d971e41c5b33	17.834	fast
7e802870-db79-4eda-81ba-d26d1deabbd0	14.789	fast
b39fbf86-ca69-4cd4-9756-5096cd731262	22.252	fast
f2c6d18f-689c-4b96-8f91-4528990ff939	8.691	hac
f11a1b4a-3f23-48d4-9c53-d2fa3f5b5ea1	25.160	fast
b86282ae-9738-4fdb-a116-cf4f966c0180	21.225	fast
196aa4c0-c0cd-49c0-8fa0-f35c2c49a68e	27.199	fast
742ac20e-4ddb-4c48-9bff-3ae1de4f688c	8.251	hac
01f27e57-5ca7-46b6-8176-04a36a295634	21.393	fast
12e5156f-a83e-4728-978d-e258708198bf	15.346	fast
df4367db-467a-4efc-8785-ffcb4cb011eb	7.973	hac
a5c47cba-ccda-4e00-a400-8b3df3da6f12	27.266	fast
2db102eb-b934-4f88-ad62-914c1ed03c2c	14.020	fast
a98dfb3a-0ed1-4a57-ba7b-eb13b785dd75	7.602	hac
ad19fa0d-af27-4996-9426-c627e9aea901	24.062	fast
cc567a6b-abef-454f-9d83-f1aa4e08bf5d	27.558	fast
90582181-d344-4e5a-9c13-e69d66427b6f	6.775	hac
ba17b019-0903-4906-8e41-fe42f6a1038b	10.651	fast
1dcb32e1-ba93-491d-9348-9cb2db618828	19.786	fast
8b81db91-1c6d-4d3a-a12d-9bf0303d7252	23.191	fast
45486f1e-e1af-4bb6-8a88-0a0c4656565f	24.790	fast
0fc7c4f0-e1a8-4dde-a54a-35a307f2f4c9	10.855	fast
5c94c1e7-545a-4420-bda2-ab4b6f2a5f79	23.238	fast
0f865167-ddba-4dfa-af98-959aadb7b3fd	9.838	hac
ca6b2986-24a8-4ce4-9b5b-34bdd4cead6c	9.570	hac
75a6fb5b-cef5-48b4-b600-56c3ded0b666	15.629	fast
4e89fea5-b30e-43ae-a0c9-a07006c2985c	24.844	fast
987e21f7-4d9c-4b94-b62a-2330acf82725	23.262	fast
1a0dbb56-6cf8-42b0-859e-2a549ed59a25	8.797	hac
3749fb4d-e710-4fa6-ab49-dee3b8cb4286	21.227	fast
b3affed6-0c26-4713-89e9-9c1679dbc126	13.272	fast
bb869f55-9335-45ce-a1ab-9c215d431c96	25.265	fast
a734511a-3255-4fbe-819a-a3128a0ccbca	13.448	fast
2a99902d-5634-4271-b48c-2e65bb476d67	8.132	hac
4bd4d5b0-e2a7-49ce-9a7d-bb8b7da83f35	9.380	hac
9ad7edf6-e8f7-4747-8cc4-38abb4ede58f	18.491	fast
0815965c-4f7f-4dce-a8cd-5b5018cc4919	12.483	fast
2e561d80-a825-4b82-9b8f-cb588fb829aa	9.337	hac
8de72f31-3dba-48c4-874f-2969dcd4139c	25.171	fast
62c3717b-e290-4086-b4b3-aefe2ae1a463	25.020	fast
30a01da5-55d9-44ea-8472-498ff47112ee	14.503	fast
c59493f8-9b31-4ff2-b328-be446a0e4d03	23.239	fast
9a9953c1-a59e-43a9-8450-d25d7b2d39a8	24.205	fast
c5b4cf95-4ee6-4e92-aa05-82979e94af6e	21.670	fast
b4c994e7-8251-4ae6-b001-cccf4e792075	17.184	fast
50d3e647-d238-48b8-a192-25fc5d74255e	10.060	fast
e26d6dd6-b9c0-4d7e-8550-175012fe2a39	23.824	fast
a5f52247-bb86-41dc-b8a5-07558c340243	14.747	fast
b4e2562a-1835-4eec-8ca9-7bd217e51303	25.291	fast
f08d4e26-a7bf-4fe8-aaf7-9de7d6a52474	19.375	fast
0a4afa57-7be2-4ee7-91f5-41026f7d79cc	22.910	fast
df736cd8-3bd6-4902-a8c9-85a4d7bbdc84	18.063	fast
aa5cf9e9-abf1-4919-b397-dca80a086034	28.543	fast
dd2372f2-943e-42e7-991c-eb94d37b427a	25.753	fast
e22396ed-91e8-4142-8b1f-7903de6e076a	23.776	fast
d0b6b0b0-2677-4c28-a8cd-869b4abb6735	21.443	fast
b84a8527-9509-4503-ba28-86a184a8b376	22.750	fast
0788d4b0-ae07-4551-a429-dfe4eda2d5e3	8.983	hac
e46c9a26-eeea-4f05-952f-e0f02f106477	25.199	fast
2d9aee6d-cb75-45e1-ad56-105089545ce3	23.294	fast
ac753fde-da99-44e8-8525-fd261766bd66	20.000	fast
ceb880ca-9d5f-4fa1-af0f-b13262539ec4	9.245	hac
34313500-1ce3-4668-b198-bd2780a2d0f5	20.382	fast
21bc2811-6d9f-44dc-a6bf-f7d3b7b666fc	9.045	hac
72e2e1d5-cd47-45af-97d1-b0b9cd68c346	24.404	fast
5947a797-a9ba-41aa-b26e-b77184a52da2	5.860	hac
5dc4d910-b2ac-454b-9bd5-bed975ea19bf	12.026	fast
00c4d5a2-32ba-45c9-b691-b7e877d68a08	8.403	hac
a000247e-c223-4f23-bee3-af45d4218e1d	21.187	fast
a5a90f7f-fba6-4d80-b876-19659f2fd6af	20.435	fast
ece5ee5e-edb7-4815-b8c8-12c10c372ac6	23.373	fast
55e464a8-ff59-4fae-94b4-4249600daf56	22.333	fast
70a31e2e-cae5-4c42-81d5-b0db966ca452	25.768	fast
4b2d3171-d5d1-4201-b035-0cbc24652b1a	24.439	fast
b00bcf11-2749-4d0d-af94-5f934b683b52	23.162	fast
78f3fadf-1e47-4d9f-bd06-35268a5d3cfc	23.926	fast
16c28b55-d808-4392-8d45-5be4c0d436ea	10.196	fast
436d854d-a5f7-49e6-a169-75f7722a51da	7.850	hac
b617e714-affb-4e33-8c69-cfadfae89317	17.408	fast
167a3255-8f8d-4cd0-aac0-c09fd7bc3145	23.151	fast
e93e2dfa-d93e-491b-9e77-fec654b420df	8.101	hac
5bd8e5cd-c069-40f1-8003-72a13cf9485f	25.785	fast
2f3babda-9715-46dd-904d-0c5271f3be00	8.512	hac
a7a486b6-3d1c-4808-83e9-efecd0ec7423	23.961	fast
182877b1-f0c4-48be-939e-4fd22c78e987	10.192	fast
ea74f4a4-0283-40c9-b3ae-401bf6fa8581	24.608	fast
42f719ea-414f-48e8-854d-6821ddff769e	20.319	fast
986e8433-3215-4c24-ba47-71e7c0b0ec5f	10.561	fast
91e0a322-4a9e-4bbe-a9d5-970e6dae524a	22.001	fast
3f10e7dd-9d7e-4897-87bf-f8b0f3aec2d1	8.193	hac
de132baa-580a-490c-9b00-595c758aa312	25.772	fast
6c5b9a98-2678-44a5-b300-80d53d7c693f	23.164	fast
dc88f593-8d16-4057-b697-a908e3f0091b	24.261	fast
1494d09b-0ad0-4d76-a063-0869f3993e64	22.416	fast
dc2ecec8-758c-40a2-a6c5-162e8a93e270	13.111	fast
05a7f461-cc64-4d4f-92ee-e37a96f5d91c	20.947	fast
548c0601-9190-475b-9780-ac4f829d4e9c	14.024	fast
40f0407b-f062-4797-89f0-456ca88f6640	8.343	hac
9e471db1-3c66-453f-a195-826863306fdf	6.970	hac
696b2327-37d5-43d5-b490-cfe5884525d1	24.667	fast
f9e64aac-1539-4f9e-b52d-2b2240429572	19.526	fast
ed7924de-3e11-4b6c-8fe2-25735e609af6	25.922	fast
45000a2b-7781-4273-90c5-9f219bb45bc2	13.329	fast
52bdf342-ba20-41c0-9aed-7b6d14d3127a	6.110	hac
6877234c-d1e4-43db-b7a8-4c48c3a0d9cd	17.458	fast
1940c32b-d5e6-4803-976e-fb9e464e141d	18.146	fast
f7751612-c6ba-4247-a038-cf8fc7f48eae	23.982	fast
055152ec-55ba-4d35-b0ee-e4c10d3ace22	21.702	fast
26c83763-4349-44b4-bfb8-e3dbd01f69ce	8.063	hac
978410db-67d9-4797-9704-b38e474852cb	8.828	hac
0582a336-d849-4fc4-8e1e-b6b5b15cd222	19.537	fast
52bd6279-a447-452a-80b4-e7d2a29d2783	25.119	fast
a8bd1f20-8bbc-49e6-9d43-19cf58fa6686	21.397	fast
4ed02563-88ac-45ee-baae-4c088265c60f	18.994	fast
4c207eb2-fd27-4bc0-8200-02487932d435	8.771	hac
eec09930-6bfd-4732-91c3-a1bb38a31cc5	21.311	fast
d3b2cfb3-3840-4b6c-86fe-b4c20e503328	24.393	fast
5025d687-a102-4916-9190-3fb171f3813a	5.156	hac
2fc220ba-977c-464d-8f28-b7a2665bc9a6	23.246	fast
5d9e28e3-ca06-4df8-99cd-7c61b9d791b9	13.742	fast
cb00e2c4-b185-4a0d-8b80-bf2c67e2d58e	4.557	hac
3589238f-dead-47d1-8612-0c640c61fa08	22.623	fast
a6fe41e5-d32c-4a4e-982d-b6362a536f52	25.648	fast
3ba2bdf3-9f1e-4d74-8f9d-ab0adf5d465d	26.552	fast
41887aff-b441-4a33-8742-c9d6a5098dbe	20.057	fast
937ee48d-1bba-4182-b466-6829be49b9ae	22.227	fast
36d98b6d-eb47-41f7-a9bd-9b261a062743	23.862	fast
c992dc24-a28d-43af-91df-4e506ff690e0	16.106	fast
974593de-f090-4a6e-8616-3cfbcc2ecc76	23.811	fast
e4f40f17-3141-4b80-bac9-9a54c64baa48	22.646	fast
d3ca2d13-fa41-477a-bb46-5ce5e4852124	28.968	fast
af0f4119-23cf-40c5-819f-33bbd9a5b041	27.049	fast
f5127eee-6b4b-4ad8-aea6-3569831bb254	22.217	fast
a6584b85-e5c4-4bba-a2f1-0d3bd44b3e4b	11.994	fast
9492b0c0-726b-48dc-8dcb-7e6a23ec325a	26.431	fast
879a9459-2d4c-4862-9570-730acc317041	7.304	hac
0ce3c20a-fc49-4058-8850-758afdd66cce	21.760	fast
75f09f36-7052-460b-baf1-c628598742fc	7.110	hac
4efb4aed-3a85-41e7-8223-8aee27a72c6f	9.835	hac
838272ff-5b52-4e86-ac83-0eecadfe97f6	15.321	fast
a03cafc3-083b-49b5-a937-09aad4dc7b92	24.529	fast
fe952cdb-0cae-448b-a48c-87b0847d9918	26.344	fast
8a51d40a-fe65-4807-bfe5-f67197350bfb	24.311	fast
607e9404-889d-426e-96b5-422ea0dc6ce2	16.527	fast
348e486a-b9da-429b-9b9d-9d806c4ecd89	22.198	fast
1228d424-aced-4e29-be13-d8070d655589	22.424	fast
cf59b6c1-88a5-41a9-bc8b-a33cb4cf9969	6.309	hac
d93d9346-a191-4bf5-b364-65f828101007	22.531	fast
cc4269b9-8d94-484d-9983-6aaa235acf47	5.174	hac
afa38aed-6eef-4a85-99cc-b46003951def	17.781	fast
c7480862-a4a4-42d4-9319-ee92e3d9abd8	19.310	fast
f56af271-0582-47e0-9e55-1278ca4056cf	26.750	fast
5d71544c-e81c-4b71-857b-bc36e3ac0617	28.984	fast
893b56c3-e40e-429c-aea3-4d7cf974a3e2	26.605	fast
830114a4-d172-459c-82be-dd2842f2818e	23.328	fast
5ceb6f89-0b60-4a37-8fac-dfed085b0f7f	27.421	fast
474f559a-7149-4427-82d1-bcbdc565ec91	24.629	fast
060135b8-9a39-4fbb-87c0-eac34f45d44b	4.911	hac
3df48d5f-d0ac-4af3-aca4-63356c300c93	24.019	fast
2cbe1506-92ee-4c87-ba97-6db6820e2999	6.273	hac
9c82e514-7ced-48af-b378-61d594024a7e	20.245	fast
92544ca4-4011-4735-b10f-82c98ba1c45e	22.198	fast
fb30a46d-6ddf-4221-9dc2-4f5ccefc176e	20.919	fast
742b8115-2950-4a6e-96eb-f8f56d99c810	10.229	fast
ae6a68f7-7a48-4be8-b309-62de3729cb03	9.256	hac
3d59198f-bebc-44dc-b72c-fc1757ac6644	7.477	hac
92ef5489-940a-4e3a-93ce-475eed404db4	23.611	fast
df62dc7e-cd22-4ca6-971c-1128677c3098	23.477	fast
4a336d43-e12f-4f73-962e-5053c9aed561	15.508	fast
6c5bad1f-3245-41d5-a4db-e27056e69cc2	26.767	fast
82aa3721-c1ec-4f8d-8cb1-2d30d3118c9f	24.563	fast
e7df9bc3-88b1-4aab-83df-44a2665c94eb	26.290	fast
6ea76e17-378c-4cb9-8353-9f11da678a3e	22.454	fast
b0160a17-3028-4954-bacf-f98794d4685f	26.309	fast
33887829-5b0f-4935-b0d4-3845334447f3	24.694	fast
8e9db043-d224-42fc-9b1a-b0e125f45402	20.653	fast
16e94f4f-868f-44aa-94ba-6a01171a801e	18.166	fast
6c4b8e46-7d95-457a-af49-d39999066e62	19.860	fast
b66a570a-dd1f-48a0-b06f-7cddcd9a9b28	26.466	fast
6c306869-4a4f-46da-ad1d-9740c0e7e65b	7.283	hac
ada0550d-c30a-44e3-8399-83d7e5d416ad	22.763	fast
ab7ee18f-ac01-4cb3-abcc-0cebe0cf2a76	7.836	hac
145d4b08-e74c-4073-b289-c5ddcfdcabd2	8.069	hac
7fe4d27b-f48e-4641-bb21-9cfe7402d9b7	15.174	fast
aa418c0a-f684-4351-b5a1-61bf67ad18c0	20.827	fast
aaabf856-6ae1-418b-8bf9-fe76a543f496	23.819	fast
fec048d4-dbe6-4b54-a35a-6d85d0282f11	22.750	fast
66d5c508-44aa-4831-a8af-e16d5188c112	22.885	fast
74f9ccef-b29d-4b6a-9442-15f53d4bfa0a	9.953	hac
606e92c1-b408-47e8-8937-4dc0a70c84cc	22.652	fast
17aed707-7e1c-4e53-959c-191065343ca8	26.920	fast
e959b25a-f151-4220-93e9-480f2719a00e	18.658	fast
c703c36a-f4e2-4372-9ab4-6f4d50a2a34d	23.034	fast
9c48d89e-b9de-4b07-b620-d3f68cf3d9b9	11.634	fast
33a8d90d-fe29-44b9-8ca3-dc3d158d265b	24.152	fast
96ab8f6d-1e22-41f7-858b-befd327d4b8d	9.746	hac
35a8f62b-96f5-444b-8f91-51b85a764b20	27.464	fast
15714010-0b50-4af2-be2d-055912991e93	24.520	fast
3e8931cc-fe94-4bcd-a27b-f66b2d6ff0b8	27.766	fast
98d9bc2a-23ed-4c9c-86f9-a7bc3b9c8754	7.946	hac
a6ee9499-a185-4e7a-930c-6ebf52a99a1e	10.883	fast
ce7bf54e-dd2e-4ad0-aa5e-179b17150014	8.576	hac
c89fcd27-3063-471b-9b9a-c8491f00d05d	21.324	fast
c8af2741-f0df-4880-b0e0-91ed4dec7451	19.914	fast
4f20c78e-3eba-44ae-a674-4188d8b18a54	22.047	fast
fffa1d8f-8db1-4f17-a3da-e1f9c42f1de5	18.376	fast
cfa159f0-8cc3-4ee7-ab00-9ff0e281ecba	21.973	fast
46a4b647-d006-49c1-96c4-0d6b800a4aef	15.669	fast
9c663101-33d7-4ca4-bb8d-2c2778ed37a0	23.126	fast
3a15f514-db64-4730-8e3d-a08f05071248	26.064	fast
b02434cf-1156-4328-8eec-75709e2a437b	26.465	fast
e0fded2a-2e9b-4923-b079-859320efba20	21.874	fast
832391c7-ad55-4f3b-b4e0-f43316d152f4	20.745	fast
2f393e62-75bb-4252-8b1b-38556247ad65	7.773	hac
2fbf8c01-e30b-48bb-b24e-d2410dd9cb49	9.028	hac
bf923400-f249-49a1-aafd-d17f2ab8dcdc	8.552	hac
54b383cf-3b4c-4f46-b086-6e8c28018e63	21.878	fast
0f402666-61b2-4937-9b66-f04acf4a4d2c	24.745	fast
a50b3804-4fd8-4e82-a2b4-8b015bbab102	27.860	fast
1b3faa10-4a3c-4016-a37f-c03a39bee478	25.302	fast
62732a8b-850c-4a2b-a932-ae486e59b065	24.095	fast
fdb7805a-eaab-4053-82bd-468e8a9be127	12.691	fast
15918875-3392-4008-b8a4-7a32f7d9b290	16.684	fast
69ad3a80-cc0b-40f9-b61a-4b6f834610bd	8.525	hac
4aa75b29-bd2c-4dc4-a060-8d0abfe133fb	7.887	hac
378d99c4-ae87-40e4-9370-23772051ce4c	21.612	fast
52b3e64e-6a6c-486c-91c1-48ce1c6b8541	21.670	fast
7e84234a-9e57-4cd2-a78a-75a5a6e91140	27.107	fast
090816e6-8956-4dfe-b279-ac1c791772a0	19.956	fast
b61b10bc-61db-4922-bbd8-3bb707a71d62	15.334	fast
048d3685-5bee-4c2f-8df7-23189ecb6935	24.713	fast
a91864d3-d5f4-42d9-a09b-286d64a73585	19.289	fast
1f7d8dcb-1901-4523-981a-bb83b1759b1d	26.804	fast
0efb5c22-cc13-4081-ac71-38246d4b06b7	25.298	fast
74f43ba8-c919-4757-839b-8cf7c56f1300	24.331	fast
0bf4fd80-f627-4ef9-8067-7a2096588cda	23.568	fast
02958f4b-26ef-4702-8f73-ee2f9a0abe70	23.794	fast
9aa57c75-4d17-4b72-9fa9-9573c137c1d5	25.466	fast
b153871a-27f0-47cd-b70a-fe0bfb1e6c19	23.789	fast
e9ff0304-1942-4bbe-8557-8e21634704f8	13.738	fast
12dbc01b-b2cb-46f1-8e20-8592d0b3ba12	23.880	fast
bed84dc5-34f3-4559-a0fb-3efb7c4b8a5b	24.419	fast
e9412261-3b80-4576-9ccc-2a80f120b623	24.984	fast
0b53d074-6153-4ab9-ac02-1c0cba51464c	21.653	fast
ebebc9bc-7b7b-4769-a4ad-ef58355fbd2e	24.917	fast
6073b7f0-48f0-4192-96bd-ac9bf6d55151	24.358	fast
3019b7ba-adf6-4920-b0e3-05cebc20dfcf	24.316	fast
77b86823-4522-4c6e-bdd0-caee88ad2b3a	27.259	fast
817535b4-db1a-4798-8f82-b3be72a85413	21.120	fast
c2bc94f8-b887-493e-b821-823cdc48edc0	24.045	fast
2ab8c4d2-1747-4614-990d-1e120849710b	26.105	fast
6842bfb2-0f0e-43aa-b869-c70af33d5240	24.968	fast
fbc657e2-f43b-44ff-99be-ddecb5c79fe2	13.436	fast
40db8832-1b2c-4759-906b-01c886a55a6b	23.205	fast
77811c71-5b6e-47c2-991c-9525b039349c	11.142	fast
159bba6a-263a-4d4a-96da-f1328d6bc99f	20.342	fast
4740b63d-5e55-4e7c-86d2-dab037a90aeb	25.287	fast
f17fa604-2266-41ca-a56c-afeab7485ebc	25.496	fast
5f00132c-0942-4f4d-90de-f2c2ef387055	17.540	fast
2725bd63-dbf6-4326-aa46-8ed4c5cd0684	23.641	fast
3ecd3edf-8716-459f-b055-27147db76632	8.501	hac
2ebe6a1f-20b0-4bce-a2e2-61d23e543c44	26.541	fast
7ecd95e2-138c-4e26-9f3d-35b32a2933a7	10.899	fast
37b7d638-bc6b-4ac7-9708-f5f820dfbf3f	15.893	fast
81856719-ba15-4153-8eae-4867b898ea90	25.188	fast
08479a7d-3e10-4bb7-affc-9b9f59f11c10	17.600	fast
9172bf8c-2954-42b6-a5f2-88510c820500	25.289	fast
9e00a458-832e-40a3-ad54-08a0a04e118b	7.756	hac
9213c5eb-e097-458a-9ad3-5e53ec3413b3	22.809	fast
0387c44e-c937-4010-ab9f-0206e7f68423	7.640	hac
525cf82c-818e-44f7-a321-f3a66da76674	20.349	fast
7d661e49-8380-4b16-b06a-15f80acd0868	4.758	hac
f61ba253-db5c-4e32-a350-65c17d3705aa	25.821	fast
c8a06a89-7340-46e1-be0e-921e4e0d794e	22.889	fast
a14c636c-d829-4696-9782-de8423db4b5e	23.777	fast
4f57770f-2db6-44d6-bc6b-9cf6e681c4ed	5.128	hac
0d2a8765-a280-48e8-97a5-f52485643eee	24.375	fast
b64c9294-2f71-465b-85d5-32e75b6b211c	8.058	hac
c5443448-a540-431e-bf49-126366cba623	19.747	fast
85be04f4-f710-4db3-a4ea-75a5479042e4	23.978	fast
7a8c4f27-0e26-4155-910e-b128533a469c	24.961	fast
36ede7eb-ea62-4329-abfc-9015e8bb37c6	25.242	fast
3f7e6c73-10e5-4ea5-bcbb-c2892f242a98	25.125	fast
5da9bb5d-fd9f-4ac3-abd9-ca1966a5c134	9.465	hac
af3226e3-f4d3-4c0b-9b0b-e9defbd9b688	10.321	fast
db294056-3ba1-450e-a1da-1fb2a91ed445	25.836	fast
4bdc71cb-22a4-4fd3-a28a-49fee22fe146	23.030	fast
0c472a92-d690-4c09-b0fc-ae61ecae955b	25.226	fast
42ecff2c-5c77-4537-b52b-175c18b6d611	25.274	fast
057d9613-f1ba-4b99-b747-64739991d652	25.385	fast
7ac9af5b-7653-4eda-9780-a9241dc02877	8.052	hac
c8d609fd-9d0f-4182-8f4b-8397fd0a33c9	20.685	fast
364affc8-a187-4600-a9a4-5e07c5c15f45	26.924	fast
72e4eccd-dcb4-4bf9-ae6a-aed7810894e1	28.090	fast
17eb694b-dc81-496e-87d7-00c9cd25d150	18.027	fast
efcbf6fc-6a00-41a2-b404-49b82d810f66	23.074	fast
cb2a2063-60ee-43c6-aab0-d15b8a9ca011	8.701	hac
6b0d3212-950d-44f8-b658-225069e4fa8a	21.714	fast
a565fa45-ba36-48f8-8499-254186a82b94	24.229	fast
44f8eeaf-7679-45ac-8bf5-8e17fbe37e81	8.990	hac
c5aaaa79-6203-44b8-9fca-1430a3e6a8eb	24.710	fast
934eb592-0418-4858-90c0-42c049810c9f	22.019	fast
ce89d57e-28ff-412d-89c7-c6cebf58b227	6.148	hac
42f445e7-086b-40dc-a4f2-512e44efb09d	21.608	fast
f0c976e2-7496-4448-89ec-aeab5d14fd79	22.783	fast
d92cc88b-a415-4387-91c2-49a9c36cfe99	23.494	fast
39189fa3-3352-4599-9bb8-65f0235ca904	25.150	fast
432d685b-57ce-43b1-a0c7-f77c81f487fc	7.833	hac
54deaa29-f6d8-41cf-b054-d511b81cb0a8	23.095	fast
54c72ebc-dc77-4695-b267-74fe1eb4515e	19.922	fast
33697d28-62f8-4bba-b8c7-ba6026a0d7bb	26.397	fast
d41b9721-10dd-4f38-9618-7aab144fc635	22.772	fast
528ac769-fba8-402b-a149-2b84b4dc29d6	27.287	fast
0954c00f-d143-4e99-ba0c-3685bc1f06ed	26.361	fast
a0043a41-3d6b-49c9-8212-9fec7439aea1	18.468	fast
7d041080-5311-4a65-92e9-8f9a0fc3cbb4	18.993	fast
3194d339-ea32-45be-b5e0-24c12348d002	24.074	fast
b13e7524-be2d-499a-ba8d-703c67d86ec6	25.546	fast
d9b70dfa-264b-40d1-9e53-d6c19dc600df	25.443	fast
a8a29ced-2a2c-4a7a-9e0d-769874bb7d81	12.352	fast
790a96d4-fa8b-46d3-bfbf-9e4967a205c6	27.098	fast
2019d268-a244-4334-b59e-60622b68343f	8.457	hac
025fc517-d556-497e-8b46-0ed936381503	25.336	fast
e2c7e618-9c84-46db-b241-2066104fe4a4	14.104	fast
5ba7b4b4-6009-4c0f-bf84-3490320c1835	23.722	fast
9398e313-85d3-4235-a6d4-715bcfe429cd	16.418	fast
9cc8ca00-89aa-47cc-aa82-3b422cea1f82	7.418	hac
480655bc-bae3-4034-9265-64e2f5a598db	12.276	fast
e52e8785-99ce-44b7-b772-f329166ddea1	21.595	fast
0e7021cb-c741-4418-ae5f-ee65aa246fb7	25.263	fast
7b46c3f0-0673-4986-92a4-576281c3621d	19.014	fast
f49033ed-6e6a-4983-86f2-6d4e6eadb997	20.124	fast
30bacf7c-c546-4ff6-a75c-1d63a83afe64	22.310	fast
e9bd5d0a-57b7-4ac7-b448-1843b74297e0	23.283	fast
7eab0b7e-c31d-4dee-ac55-cb350dea36a3	8.810	hac
979a90bb-0bdd-4ccd-803a-0f4e8b3e7356	26.429	fast
a21c6457-42bc-4104-9720-450671328c87	5.960	hac
393d43d9-358e-4fa7-b40e-482aba385f07	6.716	hac
af80e6d5-a4c2-49aa-b90b-261a965e4348	19.115	fast
f07b51dd-a252-426a-9241-48dd13f52758	20.745	fast
bf36fd0e-7faf-44ff-9953-d4497e45df00	23.177	fast
dc852bcc-9559-4f8a-a274-5af9d9b91435	25.861	fast
ce57ad9e-24e2-4887-b6fc-27401257634e	25.145	fast
76cac944-2154-459e-b6e1-2821c067407a	22.043	fast
dc764e77-4a7c-46ac-bbc6-b05ee9d81f30	23.389	fast
1683de2d-8a3c-413e-9b7e-2c7dfb9d2636	23.698	fast
e9433f50-a303-4e56-a8b6-9a999f710b31	21.149	fast
cdc441d6-e50a-4151-ba67-1fb4d9843930	20.646	fast
8f2178c0-bfbe-4ae8-8f1a-5064d5aed75f	22.240	fast
e8878609-9e5e-421a-ac2f-20ed266c800a	11.546	fast
1c03f210-0696-4cfb-b82f-213fe5658287	21.494	fast
6c72e6ea-5066-4ba7-8303-79e729c660d3	9.202	hac
bffc078b-4188-4abc-b850-eac85ba50749	16.934	fast
42526c9c-fe96-4e92-a4cc-c89731b47ab6	18.019	fast
930ea67f-3956-43e6-8490-6748bffdbdf8	10.650	fast
7047fa25-59b2-4468-8d3d-d7d39dd36fbf	12.851	fast
b8adb17a-6c74-4c49-83df-c7ce69f2cd2a	27.019	fast
d71e3fbf-b2b5-4b26-bc05-bc1aea685a03	22.397	fast
dbb611e2-940e-45db-bca5-215f7dd42f26	22.268	fast
3835d6e4-6939-430a-bb32-a95f1b593ac5	22.861	fast
ffecc9c6-b7fa-40f2-99ac-4534ebfe983b	23.729	fast
86182e0b-87e8-4409-9862-a9d98adf12ad	26.962	fast
9991e1b5-2eb9-4f23-92b6-ccafd65034ef	7.397	hac
5996edc7-2aed-458f-b78a-2d9a69ab4cd0	21.016	fast
2658cf5b-83c6-4a5e-9620-6c20c3c31f2b	18.066	fast
0aafcd86-d0b9-432f-9574-fce2a03ad636	21.675	fast
1d95500e-78e0-4085-af92-4ffd6d25a1f8	23.709	fast
d6ac549d-3a1b-4c0c-af5c-d27bd90b4028	21.961	fast
bcbc6653-7e7b-48b1-96d5-56e9eb0af25b	22.478	fast
a78537cd-d22c-4276-bf49-710042d1c7dc	23.486	fast
be03e46b-6d15-4e07-b0a0-e0706c79bb1e	11.846	fast
b1b99445-c30d-4060-b818-3fbdc24b1476	27.757	fast
108fbd7a-dda4-40ea-8a03-319be25d0873	19.725	fast
86f545a9-7f5f-45a8-a79d-a91ebe58b757	24.797	fast
39a0dfc0-283f-4bc3-b61b-0937e1f2d004	23.458	fast
4afc0e6e-c8a3-4717-8a8e-ea473e219e68	22.644	fast
849dc16e-3c1f-4c3d-982a-553b47bf423e	21.598	fast
3a22a5fc-93c1-4391-8899-8fc580e7aa3e	24.046	fast
b4476a81-d03b-4956-a95f-8137b5554a46	25.528	fast
32b2642e-acee-400b-9033-39161c362b7f	14.583	fast
3bf45394-d22e-46f0-9246-2d9d6adcc0d2	23.067	fast
49333c70-f955-46f4-b2d2-c7c99324841f	26.611	fast
0bf06bdf-3c22-4a85-94d2-c3a964088730	20.825	fast
201a7105-3628-44c4-bb20-feb335cff3c4	10.400	fast
d9291f0d-578d-48d3-a727-84528a91d74d	8.190	hac
b275e929-c8c3-4060-a4b4-c1ce834f2e7e	24.110	fast
e1f8efef-d34c-466e-9a33-fe3be1b50d2c	17.591	fast
157ffdc1-fc84-42b4-8cc9-cf4449947453	26.307	fast
b2102271-6d5f-4fac-a31a-8311b3d01dbe	19.329	fast
80546f2a-5d18-4504-a461-8eaa5c53fbf2	6.486	hac
6072c512-b01e-49ea-b68b-0692801f6f9c	25.211	fast
553c2b4a-7100-442a-aa1b-cad48e7cda80	19.550	fast
5ef08aba-d645-4297-bae0-5c99f8f6c475	26.348	fast
6ff7fc19-6cb2-4f19-a039-476a04461add	25.754	fast
5e47f137-5c70-48da-8181-de73e8d8ac34	20.706	fast
cd6f3be7-2fa6-4018-b49b-97a4cdec7b2f	24.186	fast
13999e7b-a144-4f15-828f-4d5ab5bb926f	23.415	fast
bb5fdb59-1c1e-4256-9260-332384fdafb1	26.028	fast
d8245da0-3278-48a6-83dc-818223138e3c	26.675	fast
12c28b9a-85cf-42b8-a2de-7a4b0f0be261	23.939	fast
c0e566e3-0538-4d5b-8745-6b3351b5104a	23.816	fast
783cd7ab-f450-4fbd-b6ff-42ede4a9892d	29.782	fast
8d3a6e4d-3c2e-4627-8f9c-c87ca58f6b55	24.930	fast
7f8c80c0-147c-4b3e-9fba-176fc67b6b65	24.111	fast
a9bfeb52-62aa-4fb2-b0a1-775eb8e28900	7.991	hac
c1aff014-144b-4199-bb8c-415268ef5f3e	27.703	fast
bbb3a8b2-8a99-4761-ac96-a0f789bf4cd0	8.777	hac
e74a678a-0f09-49a5-958c-f21a092d56cd	6.852	hac
2a07318c-29ea-4eae-9e74-3629863cc0cc	18.221	fast
71c816e2-3aed-4c9c-8c70-7e2849479f99	24.139	fast
f7b1ddb7-9c70-4b05-9a2c-b5f96efeb505	22.245	fast
01390b60-32de-4096-9770-6e7e8e4fbed9	8.380	hac
f50c0064-d6a7-4527-b4fd-3927d787b9e9	22.968	fast
f3c63604-e33d-4708-9214-0e2b87f032ec	8.723	hac
db205868-f661-4278-b670-7d18250d08cd	9.036	hac
3a988c62-dbc8-4890-91c7-539d881ba47a	6.487	hac
9536b90f-4a6c-439e-b4e0-d2e6122bebcb	21.311	fast
d1fc1203-eb18-4dae-a333-90a8b457a113	7.053	hac
de524066-708e-4e2c-8969-6496c910706d	9.729	hac
ca17ded8-7b0f-4242-a877-2fcf038cd69b	8.083	hac
af3eafd4-2048-47e1-af00-c5cc5c96d182	25.491	fast
72d7e541-7131-4a6b-90c6-f1af84e6dee4	26.799	fast
0524a8e7-37e3-472b-9494-35ebe7c7365c	19.611	fast
43a08800-1b19-40cd-9018-a0e0756d823d	8.115	hac
0584ee32-98f8-47a1-a30b-eb98ed23f1ed	26.739	fast
66655af7-c9e9-4aa3-939b-8e1fe8b2cfb6	8.407	hac
6ac1c759-0e2a-41d0-af09-2dcfed1f25f6	13.748	fast
a1130fa6-9789-410a-9341-7ec4c9766ae4	24.071	fast
b0962c3f-b2ce-4034-99d3-16a3055cf6a2	25.419	fast
1acb73ab-8196-4193-8b79-b33ab0e674d4	27.458	fast
e9a0dfe4-2d4a-4491-b32a-2b6fa3311cc8	19.913	fast
0b9ada90-ff98-47ba-9b28-37258f0203fb	8.996	hac
0316c980-6a83-4a60-ad1f-8187195f101f	8.562	hac
f6fd18a2-b281-46f6-9f1d-35eca40a67b6	16.865	fast
05e3a405-283d-4543-b8d2-df107ba103f2	25.903	fast
99acb4cd-c7cb-4b61-9e78-75d34a12bad3	7.371	hac
c6f0468a-816a-47be-b0c8-fc86b05d3335	15.400	fast
9255b498-d5fb-4307-bd93-cad739f4a4d0	22.792	fast
1adf359c-c720-4ff2-8959-7945736e42d7	25.046	fast
921f0291-c748-40a1-843a-b01d17b3d9c2	19.840	fast
d93f82ad-5c41-4a37-a55a-3870d77c1126	29.193	fast
a95b3296-d684-435d-9a85-2351e7c48660	24.442	fast
69c2d922-1b14-4472-bfe3-3dff8a42d66b	8.190	hac
2fc9b68c-22b4-4180-bf49-73f45ee4208d	22.505	fast
a192095d-c12b-4399-94dc-b486764c8514	24.662	fast
9fc19c6d-6b99-4f5c-ad16-302210e528bf	24.894	fast
0dd3d12b-4813-4ca1-8a25-3e89444ec66e	10.767	fast
fec15fe4-7493-49e3-b658-47d2c930a749	26.644	fast
ffdcc18f-c25d-400a-9db8-2ef1fb16cf39	23.478	fast
6ee202e7-97a3-4bdf-b96d-9674d779328e	24.037	fast
d864a1fb-6fa9-44e7-82ce-1509551f7428	25.280	fast
09de18aa-3c1a-4596-a296-326dbc93d8eb	22.153	fast
aa190b95-18cc-4da3-85da-ab1294f312d4	23.617	fast
e5afefd9-e2d6-43b5-8c5a-4561087ab09b	10.737	fast
80757c22-c186-4acc-b5b3-b20342e1f99e	17.857	fast
2cf04f58-f76d-440b-8bf0-c3993835e507	24.116	fast
25f1d2d1-ebbf-4d2e-a6cb-c7b39eb5416f	19.532	fast
8699ba87-58b4-49eb-b12b-bf15281f6d88	18.247	fast
b8a676b8-4621-44e3-b5bc-f0c1cccffe48	25.505	fast
4161bf56-7a19-4cbc-904a-800deeec451d	22.364	fast
9a593310-d957-4413-b880-4543583fca55	20.140	fast
7146d892-dce0-4e28-9c65-4b994a72b97d	23.515	fast
12263687-c51c-4b8f-8cda-0207fb256850	11.191	fast
3758d27c-9ec4-4196-9213-e93b3142e7bb	25.296	fast
49c8e27d-858a-49b8-8b06-20ea2f517a5d	22.121	fast
c331e1cb-1543-4f93-b170-4406f04d7565	26.875	fast
5c929f2c-a30f-43f0-a322-5ee9b18a5f36	24.484	fast
a3fde1e6-7967-47e3-b702-80386f7f55ad	20.050	fast
01929499-da72-4d39-94b0-6e6afcc37243	21.915	fast
0487edf1-3419-4c99-be8e-457ba95b3048	12.896	fast
abdc8ae0-db78-4ebb-a50f-3933cd2c9e8c	14.890	fast
0cc4be4a-9e52-4bc6-bc6d-6121c09e06d0	17.544	fast
d569ba58-f226-445c-8ebc-e1494fc94e4f	8.638	hac
8784609f-fdb3-442c-8942-dc2332e5bac1	8.436	hac
0595cd9a-47f7-4dd8-8b41-419c73f3d557	24.593	fast
ddfdc4ad-8594-4845-9313-fa867b665377	20.471	fast
e176eb5a-21f1-4da7-8965-da8ddf862762	8.249	hac
9e0cb2ea-359a-40dd-900e-6030db2b91ca	19.465	fast
adc54527-661e-43a4-acdb-01b5765c2cd4	22.999	fast
9ee7be26-1b97-4c53-9704-40824bdd3243	28.143	fast
73ac7904-1d51-40d2-b7af-dd2f1ea3cc57	24.485	fast
5273ce6b-a528-44e1-af4c-b68b46f82011	23.131	fast
017cb01f-b81a-442e-942c-7f1d178fa816	18.067	fast
900dc655-b773-47ae-b838-87f749e2299e	22.540	fast
9c7d93b0-b5a5-411b-a8d1-a3d78ad7e2d8	24.904	fast
880f37a5-782d-4497-9e92-8a1c46cd2a8f	16.736	fast
57bff649-5f64-4b52-ab4d-af0010ec5c65	26.071	fast
fc47710a-5143-4ee8-9f72-ce450600fb68	23.691	fast
66d384ab-d676-495c-a4eb-db076b6a0d7f	26.012	fast
0401f3b1-f2e1-427c-98c1-d59e7cd7e963	23.396	fast
ba371164-1e15-4115-8d80-079c6d4ed36b	21.646	fast
5f53fafb-a803-4e2b-9dca-cb81bd3a2e27	24.722	fast
216b9a11-01bb-4d7c-b9a4-1fbdfdbe0b91	25.319	fast
cf66a622-dcff-436e-8a66-9ee7643f3c5b	12.770	fast
4633ac5a-3983-4437-a248-436f458a6c5a	8.980	hac
e1a10ec9-94ba-47b7-81dc-8113249ebe6f	19.370	fast
5e6e241e-8cb9-435e-8ec9-7040b64de787	20.497	fast
cbb831f0-c739-4720-affb-bed54eb5076a	24.984	fast
e3d7a891-1d4f-4a90-8cdd-b6ed362cd4c8	26.293	fast
15035fb9-675a-4486-8db4-9e5668ded80d	26.495	fast
09a6fbda-80e9-431d-88b2-383660c3a33d	26.882	fast
2a7acb58-df98-476f-ae0e-25f5d19d6378	25.874	fast
01eb6713-7086-4531-999d-d100cec88ede	26.609	fast
7816bf12-f68f-4d17-b22b-b599872a7bb5	8.392	hac
0ea130e7-d222-4e5f-b4cc-fcf657777e17	21.037	fast
3f970048-8160-46a1-8bfa-a7ef30cd59fa	7.878	hac
ed85d977-704a-4d89-ad7e-8f0bbaba6528	21.350	fast
7bdc46c9-47f9-4541-8c18-8b5145c7696f	26.972	fast
30916932-425e-4cb1-9e37-2adfca5b57e9	16.905	fast
1c91b7ad-aaa8-4ba0-9ee0-faccba951f3f	25.923	fast
ec0352c2-2796-4c41-afc8-9848abadc163	20.759	fast
cf1ba7f2-d773-42b9-bcf1-dc4785516e8b	8.469	hac
eff6b13d-2aa3-4de9-b8b3-afa043d2a3c1	23.183	fast
f0cefaa4-913e-41eb-8dc1-3408c1c2fa5b	9.974	hac
df985c0a-65d8-413e-97be-edeb38153073	9.636	hac
e62bf19f-a560-4839-ba77-39e2c4c4f872	23.280	fast
45ecc95d-fde7-4a3d-91c2-310195b3af7c	18.454	fast
a2b0d005-b979-44c7-8f41-050547f5f92f	22.964	fast
4810da7b-d1df-4caf-9d03-d288d305f0d4	19.396	fast
d487f95f-4428-4b69-9221-6af02f78f485	22.370	fast
cec63f7f-efb1-4464-846f-e2e539b50252	10.298	fast
2514c22e-96a5-4705-869c-ef96ba4ff386	26.835	fast
d4780d67-5fd3-41e6-9e80-9d0acce2771d	9.773	hac
07f1165d-fefd-444c-8e71-bd0687a5efa2	7.859	hac
cdc2629c-1b1c-4ff8-9bca-118fbb40c6c9	12.705	fast
f6c9b3dc-fd48-4a3d-896f-f6166a5a8564	20.948	fast
033bdcce-b803-430b-8388-5f44719540e5	26.605	fast
92403e22-db63-488d-ba71-6c8628a9b823	12.011	fast
32a0927a-4fdc-4774-a4cf-d128b29e003d	15.683	fast
10f92ca2-82c0-4e9a-a602-3b8d2f5896b3	10.580	fast
864fe307-6aea-4156-a3e5-516379379f81	25.417	fast
4d2b56d3-9776-4274-99e1-66a0c891d7e7	23.982	fast
ba86958b-eccc-49f5-a534-ad2dd6fa6042	25.822	fast
25bd9e21-ed90-46f6-bf98-fffe8d59e125	26.067	fast
4bf37596-bbbf-44ed-ab66-a0e41758ace8	16.374	fast
64b09dfc-5e05-463a-adfd-9aabf6fa7bd8	26.917	fast
d5a30717-1234-4006-b88a-397ef75c0696	22.232	fast
29e5b1bf-b3a3-4740-b2ca-b90263ee8510	33.015	fast
5c37afa8-5877-43ef-ab50-c15894325063	27.342	fast
cf9b45fe-2304-4ca6-aca0-3b9ce3cfe62e	26.336	fast
9ff82d30-3c9a-4e62-ad09-4c63aa52eee1	21.898	fast
8f569772-9453-47e7-b43f-d9f51458a3aa	23.138	fast
15ed565e-7664-4a6e-8f58-4fb5b32ddab7	19.176	fast
1868d22e-7d0f-47ac-8b37-4c0b660b3e46	4.862	hac
79344bef-7815-4d93-ac3d-3be5457d188f	11.535	fast
24716d6e-635b-4781-83fd-ac8aee2a486e	20.861	fast
fda82fa0-98a2-414e-b93d-161c77976498	21.837	fast
e9e80bb8-1948-4d8e-8aa8-53114ea86d58	8.610	hac
7cfe5ea3-87b1-49e6-bf96-e887ed2d9a01	25.022	fast
bc8eff78-57fa-4e18-9af8-8d9a164a869b	8.013	hac
88cc0219-7628-4e67-b0a6-5c2912a370ec	23.208	fast
095abbca-da02-4e33-9468-223f179e7916	29.255	fast
132b5fee-2efa-4dfa-acc4-e7071cdf6103	23.647	fast
40b76abf-18d9-43c3-9482-3df64d1cf593	21.492	fast
ebe91ff8-18c9-44e4-9220-54825ce50af9	22.419	fast
6c6912f2-b258-4a7c-a8ac-3c2b4e9f91fa	26.845	fast
4a1a0a80-d18e-4d83-ae1f-aad296b57a0e	24.142	fast
ac3bf48d-a5ac-4b9d-bb1f-afa529e24f3c	20.563	fast
794cca93-fa23-4133-aaf4-5cfb0ae96de9	6.463	hac
cdeb586c-ffdb-43ab-a2e1-fe643c16bb4c	9.754	hac
bd86765e-db7a-462e-a2af-35c2871d7147	18.998	fast
1ee33a7a-11cc-4fea-b1eb-1e629094ffbd	27.088	fast
a05266d9-c7f4-444f-b8c0-1f2c318831ad	6.433	hac
1cfbef6f-e405-425b-a958-816c42403e9a	27.520	fast
c95a46ba-fe91-4f06-983b-87734cfa2ae1	23.789	fast
728052eb-d6bd-48bb-85de-2058e0c70e97	25.149	fast
e88e27e2-50d5-4863-9a52-2e6e5641b6a7	20.710	fast
6fc9ca79-227d-44fd-91ff-c3061e864c3a	21.239	fast
3c56ea36-d1c0-4b02-94ba-e831d1fce76d	17.927	fast
f6468621-0cbf-4a13-8303-bfebbdc1e65a	25.456	fast
590bcc63-53fe-4e5b-82a1-f393359e6e7c	7.949	hac
992178a5-39ef-40e7-ba2c-1465cb2aef9f	18.954	fast
8fa69681-62f2-4b2d-9efb-8338037b50a7	18.393	fast
6de08fb1-8d46-47d0-b582-9183b423fc9a	28.379	fast
db85f431-d1c3-492b-823a-647e24ce3fe6	12.976	fast
ca9a42d2-f357-49b1-8305-a4eb359c4d26	12.800	fast
d99e28dd-4061-495a-952b-7ed1555a0623	19.438	fast
5e73a93f-62bf-474f-bdb2-4915b1967dfb	28.425	fast
db757df6-b184-4ca0-aefb-618dec43e08f	11.150	fast
aad22793-addd-446a-a3e5-13ddab64cad6	25.184	fast
1ce3b899-5529-48c9-a13c-2eaef88fd585	9.238	hac
37107171-bfdc-4f0c-ab90-79c0f62299bb	7.075	hac
8e9800fe-de18-467f-b521-a2b80a0f9d91	8.811	hac
4b2d1689-b54a-41fd-9482-a2538af4c25d	21.366	fast
dff861aa-1544-45cb-912d-342e26455cfb	27.333	fast
d2019b3e-25a4-4174-b6c2-2d422c886e4b	7.218	hac
50ce1f5e-4830-4cf4-8460-ed927e811040	20.559	fast
385266a4-047b-4250-ac81-ae9c43cfeea3	22.597	fast
f8eecca4-08aa-4de4-8691-f14688dbf407	25.577	fast
3f2220aa-6f1d-4e76-91f2-0fefcbc7eb88	23.199	fast
9f26b112-944e-416e-80e3-f97696231b67	15.556	fast
c056bc8d-8f14-4c55-bd66-096a1e1569da	20.943	fast
f3ca7dfb-df2f-4824-9934-b1da78bda429	25.270	fast
e9461172-4b8c-4927-a123-d8600b7da2cb	15.810	fast
48f9780c-b5ac-4cf8-9c4b-49bbf14e9c4e	17.007	fast
210542da-94a6-4339-b38b-d3b49f2b83fd	23.371	fast
13d24b82-de05-4a2e-b355-f334aee0b827	20.780	fast
2118955f-3515-4767-9e7b-aec25ad1e3fd	28.707	fast
b900016c-f4a6-421f-be75-cce4314a7033	15.393	fast
19024538-424c-4486-8f90-6ecad0129514	25.484	fast
96907331-e50c-4569-aa81-ac10b091e02e	23.016	fast
40a6222b-29f7-405b-b12c-44501d3235b1	9.015	hac
c317de49-81d4-42c4-b2c7-a7c919b6aff8	5.518	hac
42355e3b-a5e5-4993-8c94-fa95a9fe65ce	7.177	hac
96e547a9-5374-416a-828b-eed2284efea7	21.257	fast
00897c50-09ce-4ada-bed1-b9232d827bf8	8.383	hac
18138252-cbc1-4d77-9b9a-a7cf2e4d2c03	16.748	fast
ebcff8a4-3593-48d9-90cb-55e3a8acd8f4	25.038	fast
dc1b8cb5-0188-4012-9b40-71accc3236af	15.424	fast
e5582942-e5a7-4639-8b7e-6409411ab5aa	23.269	fast
ca158fe0-3ab9-47c4-9e21-84c2c79b7699	22.582	fast
252ab61a-088a-4a34-b556-f30a56accc38	27.105	fast
00afd4f7-b8fc-442b-ada1-1b182aaa6af4	21.224	fast
069a8c98-78ef-48d4-8605-112d1f50f0ea	26.229	fast
3894cfc7-3b2d-4381-8359-694d605bf712	7.068	hac
1f5e5817-6080-4e87-a3f8-58006fbcd8fa	24.418	fast
5d969f7d-4890-49ac-8c63-802b80f0f371	6.041	hac
d721e7ef-6fcc-4d94-aa33-be11fc7ba681	23.862	fast
b1d9dac1-1938-4413-a474-918dd66eb6c5	7.313	hac
562da7ec-9e9e-4d36-bd35-32f70124810b	9.272	hac
255be554-1e28-4618-bd74-e39690bdb99d	19.347	fast
3d0cacd1-5698-44e6-a259-b79316309874	18.598	fast
a7d5ac0c-cfa6-4a0a-8c34-f01b33ef69e9	25.230	fast
da025f8b-99c7-4a80-84fc-dc05541e68e3	17.780	fast
e99eedc1-9502-47cc-bbc4-372481ae10d7	12.422	fast
f4108151-ab3d-4c75-89a5-879f6f890cbd	27.500	fast
2cd697d2-9dd8-4eeb-9ee8-4ce1147248c6	8.454	hac
0dd70f6b-08d6-4c4e-bd0d-d2dcf0ed0d8f	23.890	fast
b36f3ab8-4297-45dd-972a-9f391c7f317f	27.681	fast
7354e423-d5e2-493b-a538-0386a6936964	23.526	fast
7b0510e8-a723-4627-af30-33a011b1fa78	19.788	fast
d1685f9f-a8d9-4da9-8db2-ae698d0a6639	24.691	fast
64980739-98d2-4384-b972-d95776132565	18.686	fast
61a2aa0b-e7c7-4887-a8e6-95175eee6c80	24.641	fast
56de4d2f-db5e-4b2e-9e25-9deaea9835fc	24.394	fast
a15c0cfd-d1d9-4bbb-be99-1dc3399ab35a	9.189	hac
56a78ed4-0a3f-4d36-aff2-8255a92013c4	22.392	fast
b9603c42-a710-4d2f-8300-edaf9af4ed01	22.318	fast
691a8750-5dcc-4402-a010-21ff2fdfeaad	24.311	fast
c4d5043a-a60d-460e-80c9-19f4302cafc6	24.328	fast
c9ca46ce-f6fd-4c95-9f3a-9636c0f71c6c	23.359	fast
e734d8c3-7264-49d0-bcde-8e97127511de	3.869	hac
26add8ba-ab48-48fc-ad4e-4e9c7ca0e681	24.518	fast
2dc427e5-1766-4f0c-953d-df28069f8c2d	19.045	fast
3f2bbcc4-414b-4f52-9e1b-765e8e4e0c6a	24.835	fast
d73c425f-e232-46d7-a8d7-82f27fae6571	21.997	fast
97651159-5bd3-490f-8496-20188483a019	26.070	fast
a4af223b-4e93-4fcb-b4cb-e69a8ecce440	20.449	fast
430e7fbe-66d6-4a2f-9582-44d77ce137f3	23.650	fast
39fbee77-a176-40ca-933d-3f5f50b482d3	12.440	fast
ebda86fe-77d5-46e9-8817-00505aaadc30	24.335	fast
59c5a5dd-a4a5-4f9f-8fa9-4aa0b691f3a1	22.714	fast
a10977fa-e1b7-4778-8fe0-7de2a0e6c792	25.985	fast
ee457bd8-5e6d-4523-a669-062a38e54274	22.565	fast
ca90f844-e442-4b70-9529-93f5094c51e8	6.562	hac
0c8a20ca-075d-4dcc-bc90-9be22c79ec80	24.790	fast
50cceeff-d208-43ec-88d0-000b265f57e7	27.546	fast
3d6f67cc-2c6f-4ec7-a023-1ca85901f48f	8.215	hac
109082ce-cb3f-4946-872a-7f2181f30f04	6.694	hac
ab4ad0fc-76a4-4d97-94b0-d620356499b5	10.032	fast
e0734e37-fc0b-40b5-af06-51f6071d7fcc	19.481	fast
7bf38f4b-6da1-4106-a2cb-1da17c652de9	10.609	fast
39429b37-ec3f-4951-b7f4-0cb6b9489a08	25.736	fast
295192d4-8e53-4b48-a630-b2f6b85bccad	25.061	fast
921fde8a-321b-4e36-adb8-31b614c755d6	17.480	fast
0611c79a-0d85-43a0-b340-32f458606898	8.586	hac
adeb7881-bc23-4411-a13d-b612326b5536	16.730	fast
1305df5a-f3fb-436b-9981-8dce10e6f683	9.153	hac
de899fb4-9734-401c-af27-47a95c7b2a39	26.488	fast
0d790bbf-68e6-498e-adca-104cf8121bf8	24.803	fast
97deb0b2-440f-4c9f-a9d0-c8b84d66ddde	24.290	fast
f5db4dfc-bfee-4f4a-8c1c-2fb758d19f14	22.970	fast
63d2adc5-ac12-4e40-b5fc-71b007c70240	24.818	fast
ad404205-9809-4111-8bbe-8ab37792e359	7.544	hac
42a5f3e0-48a0-494d-a0d1-9b858545ed5c	25.391	fast
5133f246-01f8-4bd4-bab8-d366ca7afe9f	15.482	fast
14461f7a-753f-432a-9f77-02cff870f811	23.410	fast
ac27f46e-efbc-4078-8313-72b1abe7a465	30.050	fast
c3900e62-e735-42ce-9f8f-5b0511d7febb	21.572	fast
fe5411ff-2b50-46a9-9c2d-66c9c99a6f5e	22.983	fast
877275cd-83db-4c7e-834e-40deed0ba45d	16.001	fast
d957c302-22dd-4a2e-a8ec-350f056a3d09	25.976	fast
e8be31d4-0537-460f-8052-d55456f54435	21.652	fast
942a7543-af13-426a-aa98-c96942d293be	10.171	fast
5268a050-5b0d-4b2a-bf0f-0d02e60dd8fe	19.717	fast
ab146c74-48b2-4952-997b-9320de6cc595	23.166	fast
3607efa8-a00c-4310-90b9-39f83d4f2325	22.422	fast
91504166-e199-4129-8976-f880fb501f51	20.965	fast
c6160cfb-d8c5-4282-b5fd-9f045fd6f38d	8.048	hac
7c0f8998-c3fc-4924-a628-bdab4cd816ec	22.800	fast
11aaf28b-0b98-4a08-bdc1-7702342435fe	22.343	fast
2bcc453f-7889-417e-b96c-e6d20e74ecaf	14.876	fast
2d2e2206-c788-4ed8-b854-5086520e1113	15.457	fast
f9048aec-3451-4fef-ac66-e4f54008d7ee	7.565	hac
9c181b44-a66e-4342-9a90-62ef109b6c44	24.036	fast
22819169-6282-4a50-abaa-3f5764f12687	24.101	fast
bfd2c209-d316-43b2-a7e2-23aa10edc1ed	28.859	fast
86839d07-6493-4ba3-aa52-81600815804d	16.266	fast
e206d123-52bd-43f0-bc64-83f7b8956d0a	25.699	fast
d30c8b1c-efd7-43e5-8e56-07921ac48249	9.759	hac
d19768bf-92df-4dbc-adba-4fdf9260e9f5	23.658	fast
e2b66891-23ec-423a-bc46-1ea91f86f1bc	8.981	hac
cd1bbb9c-5658-40fe-a3bc-a34d464ed04d	19.723	fast
3315a9c5-b413-4bf1-90a1-9f2801e2b18a	25.324	fast
8bfaefce-1dbd-478b-a2cc-477cc6227d8a	17.007	fast
633e3365-af82-4ed0-8ecc-6226a1c5b94e	26.356	fast
fd9908c0-45b0-486d-9bf0-c037e5f001b8	21.892	fast
03710692-5444-40e2-9a7f-3e2767c79602	16.296	fast
4ae1df56-03d9-4608-b122-d914c208726b	8.060	hac
9ffe40fe-210d-46d9-858c-b055b66eb7cb	23.346	fast
a5ebed6f-4a6b-4927-9425-e52456aa5831	28.044	fast
ce3d84db-b14f-40d1-b0ba-73d4eda3c5d3	24.749	fast
f0fc3cb1-ad23-4af9-bf1b-148b2e9dfaf4	23.302	fast
1de97faa-465b-4111-90ff-af376c7c3fce	27.808	fast
1b178ac7-8fc2-45b6-98ea-5d22c40e4c44	7.543	hac
3e2b843d-c851-4db0-af7a-1f9c5c103b35	23.145	fast
4c79d12c-d528-4a4b-bcfe-f95f42e1be3f	24.475	fast
1ed314ed-2f02-40c1-9abb-c8aeefe56640	8.610	hac
7635746f-06fb-413e-bd45-5badc36d4fa0	18.244	fast
368800fe-adc3-4ae6-8d03-546018785370	21.180	fast
74b8bcb9-2b98-48ff-83e7-e9f198125286	9.456	hac
f5286828-767d-4942-990e-7f9ddf8a4c49	15.902	fast
22836374-2b2f-45e0-a9c8-11ac3eb3deb6	17.301	fast
f2654d24-1740-45dc-83d9-01eb30cc9e3a	26.036	fast
aca3246e-7902-4678-90e4-7d68049955cd	7.582	hac
5e84f2f7-f2b3-4407-bd9b-bfae5eeccbbb	26.861	fast
025deb22-ff41-40c5-98b5-03e2430de1a7	8.498	hac
da44a075-90b8-4453-afbb-8630a8935c72	24.959	fast
7f7455f4-135c-4a5c-a8c2-41aaa5b6f770	22.817	fast
27c344ad-aac6-4673-94b6-a2fa90721b48	11.625	fast
48173af4-b86a-4a4c-a7ce-d46a60b7bd6b	26.802	fast
32ca870c-3392-43ef-a3bf-4fe8ccaf7bbb	22.093	fast
ff2bf6c6-f2fa-446e-acee-7b1894413dfe	18.494	fast
e02fa312-91fa-497e-a25f-675d997b1124	19.927	fast
5bb7e75d-a903-450d-ba78-76f3a10bd5d6	24.897	fast
ef4a93cf-2212-42ed-aa2a-64145f1b0093	23.703	fast
78abe161-7d93-42f2-bf78-f154a71f4051	8.482	hac
0deeb82e-7377-4aa3-99ea-d4afe481ce78	9.665	hac
dbc48ed8-f0f5-4a5f-ae1f-7125e4d516fe	23.093	fast
b4e38533-757f-40ca-aa1c-92763b4e7e40	10.240	fast
40d1649c-2b85-411a-80a6-cefd7ffacbd1	16.376	fast
0458dc97-55c6-409d-a223-660902fb8146	17.520	fast
93ace225-96e0-4dcf-9a4c-32869266e58e	7.934	hac
cb46de8c-3235-459b-8fde-43927a29667e	5.552	hac
3a34fd04-05e5-458e-b863-68b3ab7d9f88	17.229	fast
0da57791-9562-49e6-b999-eaff096f5889	18.380	fast
e6c92d7e-4511-4a06-a6b1-5db4e62edde4	20.837	fast
367e6546-7080-4ad8-82af-a2869cd214ed	18.916	fast
5bbf1538-7035-4a30-8b60-d74a18f11845	24.644	fast
2a659e04-7e72-459c-b317-70f3c3013a7d	19.269	fast
61d86570-3223-467c-96cd-1c2d70143837	23.710	fast
7bfbd7f8-fec5-4e69-b47b-4775442bee7b	24.115	fast
9b973773-13fc-4e00-88d7-4e9e0289cac6	27.165	fast
29f6eeef-42b9-44dd-a28c-3a178b1de114	25.354	fast
b324056c-3404-4ea2-943d-9505fd17652b	24.993	fast
c4596161-cd27-4699-9e8f-74889a416ddf	22.161	fast
b2096c6c-1811-4ed9-a939-cc4d9a5efbfc	25.983	fast
d76428ae-85bd-4c6c-b6cd-1bf69d3f2eb2	5.796	hac
4e84bd71-a21b-4b1d-94bd-9c32893dcd1a	20.011	fast
4dcd85d5-10e8-4eb3-9111-6d7e93319d32	20.498	fast
b0d1b81e-5b19-4a22-9b83-93b3a67bec5c	24.722	fast
01511ac6-bdf2-4217-86d7-8cbbda9d5251	25.114	fast
ed608554-de1b-46c3-9ced-c593be73d43d	21.674	fast
9554d60c-f36b-4a4e-8cfe-a6bd9e65117b	24.514	fast
95a2b2e5-0dee-4e43-9069-8a3b42b998b0	8.140	hac
108ca6ef-6f07-4c07-93da-541217bf12e9	24.892	fast
fc56b773-34c4-45da-8d3a-dad4b32cc92c	25.132	fast
4d4eb70a-cb10-44a3-89ae-c87ffb6ab188	21.979	fast
656763a8-3b2c-4cdc-b02a-79009c883664	8.629	hac
22275ab5-3969-4124-84b5-b20935758e54	25.351	fast
a98a4a47-075d-4f43-ac83-d5b2c9d76555	21.645	fast
2df2491b-28d5-4053-8e86-22fe944abc8f	26.205	fast
47468699-9100-400f-bcae-4c5c99beed66	8.282	hac
4708d917-d582-43d1-b40c-9f23841ed598	24.924	fast
27ab26cc-343e-4429-a029-37ad1108844b	23.527	fast
b1da3b0d-7439-4670-8993-288f24882e8f	23.090	fast
e3652fc1-8227-4dcf-aa04-125b2b701359	16.328	fast
d72fb24f-9cd0-4fb4-98f3-7e2b3912ce13	18.595	fast
f0c4e89c-d1be-49f6-9bd0-57106575a0a9	28.319	fast
053cf997-2e99-4612-bc84-c550f8e4e386	23.729	fast
45388134-9ce4-4576-9e02-1bf8e79f17ed	6.547	hac
ef89f6a1-7ec6-447b-8e01-0d3998fbb51d	7.984	hac
bf62f83a-8fea-44d4-9701-a60a7b9137ca	8.754	hac
ac490a72-eea7-406d-b53a-efe95e3afe9b	24.885	fast
5e89cc1c-0027-41b4-b2a6-1d90c1abf2ee	6.154	hac
2c3c77d5-d1fd-4b47-8c1a-233bb4767337	27.791	fast
2664f614-fe18-43df-a3cc-4f7d95ef97a4	20.590	fast
8bc6ad2f-d74b-46a3-a203-b20f2e4e19ac	27.573	fast
5c46e4d7-185c-4237-a1ad-2a6022a85a37	24.771	fast
78fdda00-51f2-451b-b2af-e3b5ab65006c	20.792	fast
62f9fb63-e4bb-466c-94e8-64b9a7d207b1	21.638	fast
2752c8d0-c940-4759-9773-b31fcd5cb781	23.136	fast
c3e52f75-31f8-4175-ac49-c9cfe2efb415	24.871	fast
cd424760-103f-49a7-b51c-cc608bf58a44	23.361	fast
ebe190e1-1241-446a-ab51-aebd1851a391	18.781	fast
1ea85a95-c3eb-4e44-b204-f0e95f650381	21.997	fast
d52916e6-cf70-43f6-9c59-b5f455076008	25.720	fast
5970b34f-dccd-4c34-8d8d-2e5cd2bc736e	19.855	fast
b6aa66f6-35c2-4eff-8714-74f8122c4a73	18.161	fast
f9f7f5b1-fcfa-445b-b879-1c1bd18428eb	12.807	fast
a8cc0174-87aa-4443-8dcc-de797e898168	8.157	hac
c0120668-5211-4d9a-87e4-3005ceacdd83	25.587	fast
90c7afd3-6edb-49e3-877b-2c417a5cb277	21.111	fast
e4ad787f-93d6-4255-9a62-aeddd4f4e2f5	9.065	hac
ed0073b5-b54b-4102-9dd4-39482b8d563f	20.305	fast
26cfc475-2e62-4908-8d3b-fc0a4a799b96	27.045	fast
07b31e96-b11d-4b9b-b72e-5cc7bbf61fcf	7.573	hac
83d20790-81f2-48c3-aecf-72ebb375d137	12.477	fast
ba6c788a-1bfd-4447-9c52-4181ac725533	7.633	hac
d39895c9-76bb-48f3-ac7a-5a603c64fc83	10.903	fast
7384bac2-bb21-4043-896e-1c786ce05c5f	25.038	fast
e08da977-4e75-42ee-89a8-984d253cb2d8	24.425	fast
866a0576-58af-4793-8c56-8781b82e5808	21.460	fast
bf34450f-5300-4ae6-ab34-b738483f7b22	24.193	fast
04b40316-fdf9-4c81-9e55-a57c8db56a1f	28.470	fast
d328a1d4-0744-4e93-93de-0e7fd1bab1aa	8.710	hac
a12ed35c-b96e-49f8-9bcc-a08a18ec90be	8.294	hac
f6efc5ba-db48-42f5-bf3f-bf4562e1e410	25.699	fast
6e301993-a65a-4289-ab48-17b610338629	25.023	fast
53f6f103-11b0-41dc-b571-43cbc560eadc	21.227	fast
b0037e55-e988-4fd6-83bb-1e449132a45b	24.267	fast
7c50c397-accf-4009-afb3-810326e8d0d8	27.135	fast
dc2e3b6e-b075-4b7e-ad75-92cc25e70a5c	21.149	fast
4824e561-efcf-4303-84ba-0f1f8bfb38e2	24.066	fast
9de58780-3a16-4676-a97f-11d4267c9927	25.594	fast
b2c95213-21ed-4ff3-ab61-3774bc18b2d2	22.466	fast
8e148a9a-02bb-404a-a4de-e9089074207f	22.296	fast
333f1122-8f7d-4eb1-be70-ad4b3d8578e3	10.257	fast
d8a27fd5-61e2-4d8f-9230-e37f0a888b8f	24.984	fast
079b5cd7-09bd-4482-adf0-70ed16c8bf37	8.299	hac
e74a076d-7c10-4ee8-aa71-1587416c78de	21.813	fast
f070030c-8028-408c-97ea-460963f7f11f	6.384	hac
ee02488e-336a-40e4-b50e-ef1de088e418	26.007	fast
50ea6d62-13cb-4c7e-95bd-ce7e4825a739	8.769	hac
a9a514e4-3f0b-46f6-8bfb-55cfb1281845	20.446	fast
f99f039f-5144-468b-98ff-9cfc59096874	19.967	fast
48cf57b2-64c3-46bb-a9fc-dc3e1f77825b	12.552	fast
e81f9bfd-6474-4b91-ae77-428228ca9e5a	7.966	hac
e43f0963-f27e-4d4a-ac40-890f36bd9e41	20.623	fast
c7abba79-9b5b-4c70-9268-e40f56a55caf	24.279	fast
1b1168f0-088b-4ba4-85c7-b7721bde33ea	26.275	fast
86c0487a-ba8b-4b27-8d6b-217d2f9997c9	18.772	fast
4131c45a-3758-4bc6-b4ed-7aee62e27c70	24.149	fast
51eb4b3a-4a21-4de6-ba55-47b6ae73181e	24.021	fast
779fdc3b-04bb-4738-97b1-ce9f0079a27b	15.832	fast
ab55d51b-be33-47b2-a89c-b64a52e3dbf7	18.458	fast
27ef1534-e2e9-4980-8167-70a62f53c307	28.830	fast
193fa3f6-8c69-4996-9344-a05632d0fc92	6.095	hac
649f088e-0e6d-4687-ab0c-6896632dcf81	8.470	hac
b3ac6a1c-0a3d-424f-8342-477257752ee7	25.909	fast
7265cfe4-bdcd-4e09-87c1-e4968aef5458	25.574	fast
1fd1c372-9a2d-4129-8e8d-843f4ebc4ad0	23.029	fast
7848a608-e55e-4e0d-a612-e63475777c90	8.756	hac
d3f34226-6687-40a5-bba7-d812cca537c0	21.929	fast
e109cb34-c80f-4788-98c8-d0c585f96794	26.113	fast
fcf78fad-a947-41da-ae9a-1c4705f543fa	20.279	fast
0212af23-98ec-4c19-b0f7-fd4a6613dd28	24.066	fast
123bd995-d501-4743-ba24-fafb3910eb3e	6.347	hac
cd9844df-bfa1-4de7-824b-be273c3aaf96	23.705	fast
8558263e-e7e0-46d6-b568-544b7b171e25	5.838	hac
ba7303fe-3ded-4b75-a0cc-7e6e74bb5043	9.455	hac
8caa2d20-571f-425f-bd10-46e0ec94d36c	22.405	fast
de35eb14-88b1-48d7-981e-6c8c7f2d0a7c	26.059	fast
9b44137e-d8de-4dfe-b265-9766cc68eb2a	23.940	fast
9861e515-4381-46ee-a7c9-52a54800d90b	8.804	hac
2936be50-406b-4097-b61c-fde97075223f	24.737	fast
4e324894-89f4-4a2c-b83e-5afc10c60c11	27.194	fast
e4cd15c0-752e-46f5-816f-268dcaa91c17	20.431	fast
91deb6f7-47b9-4adf-abe8-aa7e99abb4f0	21.181	fast
77037d5e-9e95-4302-bcba-253935e4fbd9	22.266	fast
53f3c955-e8d1-4798-9ff5-4d39a04f40fe	24.406	fast
8a295f6f-0c08-44e5-a3af-a6744867f014	7.522	hac
69a7b0ed-b6c4-4bd3-843c-2958c6c26e75	20.946	fast
e8688637-7e1a-4482-a4ea-5b9c459b7d36	28.861	fast
8bf2a3d9-ad98-4ab3-aa12-fe87c9547526	27.614	fast
a33f9cbc-57b7-4e74-96ce-476cb7b76486	16.987	fast
bdc6f73d-498a-436e-8bcf-1480ef05b5c3	23.164	fast
96762f76-a1ed-4b85-82d3-ca5e58d2c0d8	24.564	fast
19e2b64e-16ca-4b7b-91fd-6b4b4d67e9f4	25.517	fast
0496f20e-298a-42ac-a80a-b2a6741a0e56	9.184	hac
3407ad4b-92aa-4111-bdf3-acef2e1f3393	23.089	fast
7013734a-39b1-439b-aeb3-ac74d47fae2c	5.319	hac
ed1303be-837e-4b2b-a6d2-c933cde68b55	13.352	fast
93176ad5-506c-4cab-9180-de64cde2c40c	7.311	hac
d23966b6-ec96-4ec5-8181-d8299acb3e43	11.874	fast
ffa89624-6bcf-4082-90d6-ec9d094df524	24.628	fast
a9b69182-0152-4509-814e-341f0f80f7ca	23.177	fast
f8a4cb93-cf60-43b1-b365-fbfbd08f76a0	22.744	fast
a9600632-d1e5-46a2-bc16-ebf7e516502b	21.640	fast
8860f260-0b96-46ad-91d9-08c76a3faebc	22.613	fast
6180392c-6159-44e0-a538-a61858b41a94	23.325	fast
eec5ddfa-3adb-4588-81d6-767aa210e429	25.060	fast
7688c598-4a32-4d58-875c-33baf91277d6	22.349	fast
c3ce659a-5983-4f69-918b-e21072c61226	27.563	fast
046063c3-1f21-42e6-9e09-f2f913bfe88f	22.269	fast
fd61fd49-eaf6-489d-a403-a0a3aa118cca	20.461	fast
278613f9-bbff-4ad7-a47c-e7d861b0adfc	26.290	fast
7c9a9080-e151-42ec-ba16-6e4922adb15b	27.392	fast
d977eca6-5118-4631-aab8-973a6061d293	24.479	fast
bd26eafe-0091-408d-b472-67ae2967aa06	23.550	fast
f45384ed-56ae-4b91-91e7-419597c7bff5	23.575	fast
e1091cb1-8772-4eed-a62c-1ec5d8e9b865	20.861	fast
1ece4fed-e97c-4fa8-8ad8-d3c0432134e3	8.590	hac
b590bd7d-8750-49d8-a010-556ed5b9867e	9.081	hac
8898362c-3c01-47b1-be36-56653b5b32bf	16.352	fast
b77f9c8c-1e24-4617-8b0a-e4bd418e4300	25.932	fast
b71e69b6-e8ff-4e0c-be4d-411f64461432	23.545	fast
1df32c67-934a-48a5-93df-404a40853dd3	22.175	fast
56d29a40-29e4-4a5e-a0a7-ae0c68d8917c	15.012	fast
dcb01df3-bdd5-4cc8-9c8b-77d7f0d3e919	8.667	hac
f59add0c-0d59-4372-806c-de66bb7de28f	20.295	fast
2cd27cf6-326b-4760-884d-ff2732b423bf	22.326	fast
b1f1eb56-7f08-4de3-91ea-e315d6985941	9.653	hac
0d33a371-b4ea-4225-8754-01e40fee818c	22.619	fast
f6483623-8b33-48ab-9c18-c1a128e36ad1	18.489	fast
085f2b8b-ae91-4acf-a574-f461e2abe9f7	19.754	fast
df7043bc-043a-41fa-a879-2fd5a01b12e5	28.387	fast
f1da2ca0-fa64-4cb6-8e0d-1fe778a397db	23.139	fast
5fe3fb22-414c-4c62-a897-5ff9beeb01a4	13.293	fast
2cdd6e61-ef77-4e18-848e-52bb06fcf5a2	18.900	fast
393a9b1b-8f33-4330-a13a-cc1fd14bfa77	26.680	fast
cab3042a-42b6-487e-b4b4-c6b91d6f783d	26.453	fast
ac4d54b8-b242-41ba-88b1-7fb272874194	23.302	fast
973bbf54-4035-4089-b94c-d27163b29022	24.317	fast
bd84296b-d1ce-4819-8053-52aefcc716ee	9.984	hac
812f6d31-0b9d-4ef6-8104-9a9409cdc216	25.211	fast
d4d8759a-2fbd-4191-b658-3908973084f4	18.341	fast
41315001-5a9a-480e-a9eb-d8a6541dde5f	21.811	fast
302deee7-5a63-4c7b-94e3-3e7051d5dc10	8.462	hac
a085faa2-22b8-4536-9dc8-459504d6a270	23.125	fast
a2b1365a-ceeb-4040-9f11-9ae7b1c98317	18.398	fast
37168893-04e1-483c-b9f9-ae275e043dca	21.458	fast
ee0104f7-341d-40a1-a340-9def8978e794	5.554	hac
8599c593-47ee-436c-a719-e8a3870bf953	25.404	fast
94a1fcdc-bfb4-4d00-afdd-8a3670da00ac	23.288	fast
aaed0cc4-7151-4ee8-9cfb-4dd93a7979a4	15.388	fast
8b02895a-85bf-42c6-ae91-8e4dc14d3b39	26.661	fast
ef96d93e-df6d-4c96-8492-b91148f3c9f9	18.737	fast
1dd77ae0-4df3-4b06-bdcb-825400432e3e	22.808	fast
5a5bafb2-55cf-42a6-b369-b215aba700ac	26.496	fast
4a2f26a9-237c-4f28-b939-efddf32bf117	24.765	fast
e11a3a16-1c9d-4e4b-b03f-339ef7a49b99	25.666	fast
98c7764b-aa66-43e4-9d69-304bd8fde07c	12.166	fast
d8e9de19-d688-4115-8edc-9f2ef4a92b2a	22.970	fast
2f42925e-96e0-4643-b198-d4840bb7113b	19.210	fast
66f19e82-a77b-48b0-8736-d1a96e3680e9	20.887	fast
e86c20fb-c2ba-4a5a-b97a-aef5cfeb5717	25.702	fast
925caa8b-f618-4aa3-8d25-052b8886e78f	12.605	fast
57be1d0a-f90f-4c81-be64-930cc74402bb	17.329	fast
2010df64-2477-424a-8f83-dd3afe25f42b	18.894	fast
f8bef8dc-4482-43cf-b951-451be6320e6e	21.667	fast
c970bf7e-103f-42c6-a8c3-fe3d22e38976	17.214	fast
04eeba57-e121-4914-8b14-d3764ce89271	9.542	hac
56bcedce-4217-428d-a90c-416558a86924	12.710	fast
07d9797d-e755-4996-bf60-a989b5baeec3	25.220	fast
07ed9dbb-3ce9-4e3b-8695-0b29eedce3d0	6.989	hac
3cbe7348-7397-41fd-8b0a-9bef05af59ba	23.632	fast
3aed8f22-48ee-44a4-b8d4-cff353be96ae	8.102	hac
ca610f37-0361-4a09-b55b-85d29cbacfc6	17.820	fast
a8b87f48-a295-4fcd-afac-ab38aaf3a588	18.817	fast
d0c9156c-216a-42d5-9e3a-5a933779ff01	28.478	fast
1070ca40-bfa4-4505-b663-5138c4b07729	25.085	fast
3f86ce89-12f8-47b6-814f-15fa67bcca6f	19.951	fast
5e09d016-b257-42f2-8b90-fe4302f95f62	20.516	fast
57dc3a1c-444a-4f25-97da-64ad8926971c	21.729	fast
fccdb7ee-2d56-49a8-a67b-07f0c008debf	21.645	fast
1629c0c4-1f8b-4895-b2fe-a9e8ef593d77	19.283	fast
abfeae9a-26fa-429e-a591-11661e66f279	29.868	fast
700dc54e-7d23-47dd-9b93-09d359af81c4	25.391	fast
61077240-32b3-40fe-a04b-e6b4dbd4df07	23.498	fast
e0f5d53a-d29f-40c7-8c83-93b508149e90	17.607	fast
326e53fd-efa6-4378-baf6-311bef55fb4b	21.766	fast
bede6390-fa2a-411a-8ca8-951d47166763	24.793	fast
c3a3b7cd-d71c-4698-b446-c427ce66ad21	25.277	fast
cac8253c-338b-476a-895e-74eca9e0ce71	16.565	fast
fd78a527-c926-466c-8cb6-f62be02492f3	8.734	hac
05fa6304-c45c-46c5-ae50-18e0ad57101a	19.692	fast
9cda75fe-66fd-46b1-96f9-9cdc73e89d8e	24.398	fast
127e9032-be19-47bb-9159-374a8cff6d8e	9.305	hac
aff07a85-bfd9-4645-8195-0f7a1ff0f670	13.428	fast
465848ab-38cf-40b3-8a8f-ad2effd5e4c6	25.842	fast
ede6f492-a680-4987-bd43-4edaacfc4af0	20.609	fast
aaab3f7e-7a10-4889-adf1-e8ca870e48a9	10.421	fast
b57c7be2-7450-4031-a0ed-2ca1033be788	23.962	fast
7a3e254a-d72d-4d1e-9922-69ec165feb9d	8.808	hac
b838f11c-4ea2-487c-b770-c570cf28bdf6	25.801	fast
7eb16cdd-938f-44dc-99bf-986923947335	24.264	fast
e74570f9-2f27-44f1-a947-54ba3c40d0b9	7.103	hac
eb76fa71-4647-43c6-b425-48f51c799824	11.846	fast
ace86a15-22e8-498d-b971-d94d5a9943b2	23.498	fast
c9cd0bff-2eb6-4476-ace4-f326e44e697a	23.954	fast
faf6ddff-cd96-487a-b284-db733d3664a6	22.952	fast
a428fb00-4221-425d-9ca1-8258abf2cbfa	10.720	fast
7b18f41d-4e6e-45a9-a074-40c7301acf05	25.580	fast
22571430-c28a-412d-a14b-46a0c949d5fd	23.032	fast
245da86a-469e-4e19-be2b-fb1c85ac3042	17.210	fast
43c707c7-3364-495c-b2d9-8bada02ad165	6.895	hac
c49116fb-c183-4f21-9fc0-bb2548e7484d	22.436	fast
e4ccbaca-c4cb-4020-9dd3-6bec5e25229c	23.893	fast
ed37d002-0e36-421d-87a9-4eb2b191e186	22.335	fast
3f5468fb-cbab-455b-ab02-843c6e6fa3c3	22.466	fast
a10b6eca-c6d7-45b8-a275-4b008f16f3cb	21.767	fast
de8c18e8-1418-4a02-896c-6bd524e9ea8a	24.274	fast
a6e204c2-0104-4d9c-a1eb-c09fdb2bd453	8.766	hac
8e11dcf4-0da0-4bfc-8e0c-0deef3d8f04e	27.373	fast
ccdaff95-ac6e-4b67-8bf2-dd030a1e6967	23.984	fast
6cebf259-ee7a-4e78-993f-fdd6cf0bcfae	21.902	fast
a44ac826-eeff-4edd-9975-6a3499ea7542	26.870	fast
6a4dd587-28cc-4515-b699-711b45d4a5d9	21.750	fast
6325baa7-540d-4574-9258-f937f7d2051f	25.655	fast
1cbec3bd-4afc-4130-b5db-8ca2dc546259	4.161	hac
e72f30eb-19bc-4586-976b-b0cc2661e360	19.436	fast
26f9d07b-2711-4e6d-8abe-39849a217dc7	22.534	fast
95967476-b491-4906-9ddf-c3f2074087fb	22.275	fast
7a1993ca-240d-489b-9433-cee7361b1e00	22.293	fast
16993d64-2444-4b13-aa26-9788ad5f5d4e	9.270	hac
e61d3ccd-9564-4df0-a308-39b0974db097	23.087	fast
44d1866d-461d-4439-851b-bae2ca906521	22.545	fast
07418efd-3f82-4b52-abee-35962b6670dc	7.135	hac
40eb8495-bc01-459c-93a5-8006920a5dfe	24.324	fast
0656f46b-de5b-43de-92ac-b9cccd97baab	24.604	fast
be5a1205-865a-4ec2-b3c7-fb88fd03c919	8.015	hac
16ba75c6-6031-4725-a569-a9d0b3293846	18.039	fast
1cf5b129-704b-4877-a57f-ad662f7c8ccc	20.286	fast
0cb90be8-6e2a-4863-854b-4cf1db4e0e30	22.751	fast
fb053fda-2128-4c00-a3c9-6973080026c3	25.344	fast
390b4667-40a9-4e16-802f-3ef656cc5609	6.000	hac
3a9efb7e-edbd-436e-8801-0f5ce3e549b8	26.253	fast
502ec8fc-ae06-4532-8ab3-0ac68c1542f2	21.395	fast
7dfb3030-923f-4402-afe6-cb3884819726	23.397	fast
6095e913-7cc7-4d99-9b3f-51f076b99743	27.053	fast
c8fed273-9556-453c-999c-19d5df44911e	25.600	fast
72713ec4-c5be-41a3-b977-cc7923a7cec1	23.429	fast
2afb843c-fcc8-4bc1-a10b-444cd831ed93	25.598	fast
daba4446-4e9a-4c26-80df-f22495e0cad3	25.015	fast
2a1a77f7-4ed8-4401-81b9-899450bd0843	24.038	fast
ad1e90e0-ed53-4479-aaad-6a3700ec4147	21.997	fast
d61f1f44-dad7-49b9-af46-ba0fb5195782	29.027	fast
e4c46017-fd2e-4cad-adef-245e40bbde49	18.264	fast
f25f6485-eecf-4efc-9813-e770dab65ae7	24.870	fast
c91cbf7f-7f0d-4c19-9a34-16619a7fe5cf	22.021	fast
4e497bf4-8639-4045-af0d-6854bd1ff500	24.006	fast
a97be8a6-d7a4-4f37-b96f-dd605a7f90c5	8.937	hac
91eb09d1-1151-491b-bcd8-9da8233e597b	19.220	fast
981f0ed0-842a-4432-8100-40bf02cb3935	17.298	fast
b9e78e7d-1a73-4b0b-9d65-10a162bc148a	8.521	hac
cc4bc5fe-1df7-4ca1-81c4-935af22ca475	8.771	hac
57add7d7-3e69-4512-844f-deef06e22006	7.937	hac
c27d84de-7fd9-4d94-86d8-e2c76b58994a	21.546	fast
0626e206-e116-40fb-b811-6d347bee85f3	17.831	fast
d571f602-062a-4669-80e9-a499339729f0	26.085	fast
cbcc1b4c-260f-43d5-8f97-8d2262d61e08	20.201	fast
025c6491-7e4d-4334-a23e-ee64d34e1e95	10.032	fast
4ef03bc9-72ca-456f-9a3b-39b2509f0b42	19.777	fast
630f0e98-ba6b-4f22-9d05-29a965468ef5	24.670	fast
9c83af23-348b-4c30-b4e3-1d7f66654dc2	22.929	fast
1d4d7694-0a97-4c18-b880-05e19beca6c9	17.807	fast
f472431a-d0f7-41b4-a33d-ccd5428ea940	10.286	fast
37178a50-5979-428f-9d61-267c1703d1c8	27.729	fast
b7b7cecc-858c-48d0-9206-62b95dbcb440	15.605	fast
16e85c11-206c-40f8-bee0-0dc0f9c53994	17.204	fast
69e8c285-1a5f-4d2a-b73d-303aa08062f0	7.946	hac
9618a01e-9102-4443-9857-96fa2193226d	11.840	fast
5611958c-e651-4f90-96f6-10b9e2ccb071	27.940	fast
2ab18f36-7988-44ca-bd54-fedca6ca4175	22.348	fast
e37d828b-3b1b-48f6-88b9-2c5e5b379865	8.743	hac
0f83ff0b-512a-4c02-abe7-c9bd8e8cfbfe	9.603	hac
2039729e-4313-429d-9602-2f20462b30de	23.586	fast
66c3d26d-d2ff-423c-a5d9-3c83fc1b17ee	11.012	fast
4d7f3152-08a8-4f8e-9b7a-75f3a8e453a7	25.271	fast
d51c85cd-bbdf-447f-8e63-ccadb92a423c	27.194	fast
2250b505-225b-49e2-afbb-a696c2cdcb5a	20.544	fast
192d15f2-551f-45b7-a950-95b6718b3a4c	25.195	fast
d68749b5-23b6-4447-b757-321ca7e9950c	16.252	fast
bc5726a9-f8b0-4253-a228-a5da13895b38	27.552	fast
d3e45a0d-b329-4ef4-aaf7-64716d204dc9	17.655	fast
da4b6c49-1a12-4bd9-8db6-0bd8bbdc1a4a	20.578	fast
f4efcf2f-4fe5-4706-abd3-f3256cefb30e	23.539	fast
dc2b991e-b5cc-410b-b31c-78fa24995bd7	14.147	fast
7ef484ec-8aee-43a2-9328-b982e8a54482	21.669	fast
5d6a5d3f-ddde-48ff-9877-7615704d113f	25.271	fast
d8c70a86-3bf6-4d79-8aaa-3ce8c10e517a	23.124	fast
69c915a3-2b7d-48da-8ffc-803b8bf26e6e	23.849	fast
efb40922-0413-4646-9ef7-72be7f4c656a	23.324	fast
7a6ae6ce-59dc-4df3-8856-2f65dfd36b5b	13.563	fast
7afd52a2-0061-4b12-bf59-a65615d5fe2b	27.808	fast
ad5b9203-3f52-470d-8239-ef1d3ab40444	26.085	fast
9d7e77c6-c0c9-4c9b-9198-b745c3a909bb	22.337	fast
847a4ba9-2159-47cc-9a22-7fad324f296f	8.733	hac
0f65a195-0f21-4f97-9e70-e383795d9421	8.871	hac
6003d067-dbc8-438d-b95f-3f8aff373aab	24.444	fast
2a09199c-3f19-4d6c-9774-fa87236091c9	24.037	fast
6691f1b9-979c-488c-a05f-2bd9a6054513	25.377	fast
0b329a2c-f839-483c-924c-925a411a7393	25.643	fast
fc0f697d-88f0-41a7-aada-2c3f824c8e76	25.889	fast
41dcfc07-107e-400b-8041-2cffa0bc7675	22.801	fast
5e8f660e-07be-47d6-8a18-421710ed7d2a	26.447	fast
ad792165-7719-4711-9305-5f081c7d7435	26.173	fast
ec728083-7059-442a-83df-3da9d1b80c82	20.546	fast
425b9c22-4c24-42ab-9de4-81c2da30d648	11.155	fast
c4748f1f-5a93-454b-9196-2ada95b96f2d	12.162	fast
f13007b4-50a4-4dd4-b13b-619ed5d2dd35	23.177	fast
89644f21-61b7-4573-a158-d7e168eecfec	8.080	hac
5366868d-d3fb-4903-8d6b-b1243f2789ce	7.247	hac
91f1351f-947b-4bc2-9016-966856c7f629	24.350	fast
1e6dfcf2-8e21-4612-9f17-856597dd1f28	20.503	fast
ac271cf7-01cc-4364-a85e-f4fd3a81c023	19.718	fast
ca89975b-87e3-4440-8110-22ff5b10a413	18.718	fast
ca36a38e-9490-4f1d-bd58-1465b0e5d09c	21.217	fast
a794f008-5d71-4c23-97b6-00822fc01ab4	20.860	fast
44d24eac-a290-428f-9987-adbeea697257	26.838	fast
3c7a81df-cb79-4715-b4be-b520a904f27e	25.066	fast
b766705a-0c43-487b-bf14-79193d90d7af	15.701	fast
1c518ee5-ba1a-4593-9a09-627016501275	8.222	hac
799e806d-5682-48e9-bb6b-9c71d944a403	19.705	fast
63cad43b-89bc-4344-b480-ce170a437c36	24.384	fast
c56b8827-06b3-420f-a362-992c9fd11976	17.495	fast
39fb9c09-6cd8-45df-943c-13363be3de76	26.605	fast
89b470c6-f9fe-4518-b759-c3944758733a	7.652	hac
961dd78c-ec99-442b-8c37-15e0016454b2	24.207	fast
e761394c-1235-434a-977c-ec3ea1d57b40	25.494	fast
336d6127-1173-41e7-859b-a30801b9e8e8	22.007	fast
eb770f08-97fe-4423-893a-088ea5d047cc	22.190	fast
184a6231-5f72-4870-886f-ed8915e92cfb	10.793	fast
d775f8ca-e990-424f-92b1-73f8fd4b4fab	25.337	fast
80a57fea-6da6-4216-9a25-d98b5c6d71ef	24.145	fast
17d5aca6-7d44-4280-9295-97aea89d70d2	21.438	fast
09fd545f-8547-495f-9c74-c0a66ae173cf	26.687	fast
a1e2bfa4-573d-4dc7-b6b6-fd8d80a6d78b	25.098	fast
355b6e2c-5568-4ed4-a37e-8909e9da99e6	25.090	fast
61607e5f-98dc-4f8d-bb4c-5c8721a11440	8.862	hac
2b831687-078c-4553-8f9d-49f3b56b840a	29.722	fast
be8e19e9-60ca-4336-8e80-82cdb94bdfef	13.997	fast
7b7cf35e-c67a-472c-b878-fff0e3efe40d	10.378	fast
39cb335f-9bed-4eee-b36b-8dd921e27251	24.869	fast
99050715-9922-4834-a567-8c0c48e2aab2	18.890	fast
dde09d51-1617-40c9-bcaf-3c44585a06f7	21.443	fast
af2fdc2e-efc7-4218-8049-67592f9d12b1	20.583	fast
098ad2fd-92ab-4652-bd2c-c33b029ac700	12.163	fast
d0b6fbc4-9ec4-4c32-818a-9b00165b0c8f	21.492	fast
e834bacb-1cc0-4143-b829-0fc929afca09	25.021	fast
c1eec5d8-63bb-4b12-8d4e-188c6fa45b81	9.730	hac
e64564d3-d428-47b2-bb77-3b9d802bcdaa	17.020	fast
91a0e8a8-8629-4cec-b544-8be8b6205cb5	22.648	fast
73ee3926-cceb-4a9e-b9ef-e612e31d48c3	21.289	fast
960d9269-2029-4822-9b6b-b14b9d75c3e6	15.394	fast
46c9a3b6-cc9e-4412-9938-8cc369a95fd9	21.534	fast
140e031a-28a6-49c2-ba2d-0d0512e9c019	22.518	fast
59373ad0-cd3a-47b6-b75f-6da2796c79b3	26.862	fast
f316569f-1e1d-4d7e-86ca-e5284334bbae	7.375	hac
d8c4f9df-7515-4422-86cd-a314756f4168	9.395	hac
24ea79b9-b7ac-4572-b7df-5707bba940a2	14.957	fast
37861ac6-d3f0-44a9-b1e5-e78dd599d478	10.065	fast
a3e35d62-2ceb-4434-9feb-13ebf64eb541	8.617	hac
904be557-7cca-4769-a82a-cd6f68fa6ffd	12.454	fast
c757efb4-58d2-418c-9081-ba7202e39e51	8.565	hac
6aa4051c-392f-46ea-a2a6-c7a1cdf2a32e	24.321	fast
fcf51526-d12e-4c86-ac71-4500f0beb43f	16.472	fast
5a027f7b-3614-4700-860e-71137b0d19a9	8.756	hac
6c26da5c-dae9-4f14-8bf4-bcd7a3e957fe	26.584	fast
41b3f79e-6810-4ef2-b82f-98cb0fb34b13	23.914	fast
75510a6b-5284-4508-87fb-43b327259540	24.025	fast
8fe51bee-b67a-4119-8a29-9337a505ce8c	25.555	fast
a95338ba-f436-4adf-98f1-967ec34c662b	24.097	fast
a406f4a3-bfdf-48d1-a94c-15c7f7468d1f	11.706	fast
60c2a3ca-d1e8-4deb-80af-e94cef4c9cde	24.234	fast
53f19e30-9062-464e-93cc-f5086157cd48	23.933	fast
242ffa5b-4d92-40f6-bcab-ce47996d726a	25.018	fast
662c3449-be8a-4dcd-b207-873737c86973	25.504	fast
6c761b01-950a-491d-911f-896ea5d40fb9	29.446	fast
8ee5452d-3159-4b69-a5ac-5918e1d5b92b	25.094	fast
97e74798-fe78-44a6-8912-69e61c52801f	26.792	fast
0ebf0414-1dd9-4011-9179-80ee855e3a53	21.336	fast
88efa530-0877-4b5f-85ee-d19ccb2c7dbd	9.227	hac
8670f384-5ba4-4f61-9387-46b6faab0713	24.498	fast
c9920754-ecd6-416c-927d-8608aae3864d	20.302	fast
5ea77d92-09e1-40a5-b854-38dca6c23d18	6.993	hac
ad250f95-1572-456d-b454-3a9ada30da1d	27.121	fast
934ba177-36d9-4a51-a5aa-29dff4336c00	14.809	fast
3fe84b83-42ae-4e6d-b1b3-916bfac93442	25.329	fast
7d4a072c-7ccb-4341-a729-5b0d4a2fbaba	24.949	fast
70980b24-5511-46e5-97eb-25d5207f6c5a	24.661	fast
830a6f38-b1d8-4fc7-ac07-3debf77f58ce	9.462	hac
00003f51-827f-4a72-b7e5-75de3a7909f7	23.038	fast
96f5141e-f5e7-4d21-b350-6114d03dd7ce	18.109	fast
b5391b2b-248a-4639-9d56-d3e8317c465c	18.609	fast
d213d4d5-4602-4ac5-9de4-5c40d5e6e6c1	8.768	hac
0783c4ae-8321-4bac-94d9-b96451400217	24.461	fast
8bc0f0af-f6de-47a6-8807-e67ca2da2923	20.655	fast
22cea002-20d6-42ff-b2c0-648e4525332a	6.314	hac
967d1073-f5b7-4505-8fc6-de7af481199c	19.634	fast
608d6587-8ccd-4a6a-ad82-5b0b2ea2be38	7.563	hac
7c5b55ab-5f70-429d-a4b1-6c4ed0b7e142	22.614	fast
8b345a53-b3e7-477d-8dfb-bee25b3bea16	5.715	hac
e435c886-75f3-4037-98c4-b94f38f33aa8	25.322	fast
f89faeee-d59b-4d65-ad8c-b3e5a671051b	7.633	hac
7aa1bb47-3eb3-4227-8bc1-91ddcdc5e270	9.848	hac
29a934a6-d538-49f1-9f8d-d77fe53045f6	19.452	fast
44a1464c-77aa-42df-ab05-4fc31822449d	26.110	fast
61ac3d51-2671-4e24-b52f-153ae6d8b5d1	9.526	hac
938d3a30-b372-44d4-98e8-fd1fbf05d4c8	7.825	hac
740b77dc-6db0-4ebc-a7ec-d44d6c20ed0c	27.361	fast
fe0933ed-270c-46f9-99c8-061cc06b2757	8.689	hac
9f980c85-06cd-4c8c-8537-3c247e047d8d	18.270	fast
151b1454-0898-4e00-a281-56e27484dff9	24.892	fast
50b4fa44-1903-4c49-9494-f14419913bf4	7.685	hac
bdc0aaa9-a02f-495d-beea-c873cd807f52	27.079	fast
5e6ef103-b077-40b9-8430-ba69aecfb36b	21.069	fast
5c5cedee-96f9-4543-8c93-40191e18ecd3	16.354	fast
984ed9a2-b084-4288-939a-92f0fd659ec3	21.652	fast
fe606dc5-b6e1-4c51-887c-1b95b92086f3	22.691	fast
0f1d485e-a9f9-48dc-a7a2-fec3e5b65a2a	19.585	fast
d2c900c2-a954-4bed-868b-38f8e4ca60b1	22.357	fast
d54fe7d7-679e-4c19-a86e-1b90f4345a08	25.175	fast
b2c99ead-4fe4-4732-8cf4-1318dda42883	8.422	hac
e085be32-340d-491d-ab46-70cb3ae5627c	21.272	fast
06bf17b3-14f1-4aa3-9fd2-48b044025f0c	17.091	fast
a08315cc-1e4f-4644-8f0a-ce9f8c46699a	24.714	fast
de763ee5-b441-416e-a644-b798f6f17ec3	17.944	fast
2854e365-00bc-47ab-98af-87df20909de6	17.728	fast
f4a1669a-df83-4cca-8f0d-040ab4e2ebdf	18.111	fast
aeddcbb7-5a9e-459c-ac2e-c2c7e29509e3	25.443	fast
2b7a8808-a9e8-4688-aae7-070f20564ba7	26.940	fast
ddb35557-a215-4bc9-ba90-e84810acac7e	8.039	hac
b61d2493-a343-424f-be17-6aa917f570d0	26.049	fast
793d30c8-9b86-4bb7-a857-4f9e7b008201	24.450	fast
2a8dd223-46e9-4872-8c73-2f4a517e09eb	24.028	fast
c39cd894-c2cd-40b5-8197-f96a2b6647ab	24.858	fast
9b06bf97-d6a3-47e9-b58a-0a828fd13cae	24.185	fast
b4897e6a-8a46-40e5-ad0f-7b3a7968d852	24.653	fast
82baac9a-76ee-4d5a-9182-cf882de68392	17.686	fast
85bda37f-6e18-4d3c-87e2-ffea38df8bb9	12.521	fast
1725926c-c8c0-40c8-9a67-64c063b38c5e	17.571	fast
07548ca4-fd47-41ba-8b29-3706f3ea625a	28.134	fast
73b80b0c-41db-4d18-ae6d-d267600f675f	21.696	fast
fcbbc69f-aa87-45d6-9c14-a231d1cc8139	26.116	fast
81bc05fb-6c14-4ed6-9d85-ebcc4d4aa35f	22.300	fast
92e56d3f-1353-4f21-a935-d37a9f2b30ca	24.784	fast
a183cc42-b203-4c0c-9f25-a6e0c11fda2e	19.778	fast
31501bec-f675-41f4-ae5b-d2a924e50e9d	27.101	fast
f33a8bb6-3d44-46f2-b61b-566e7598a1a2	25.129	fast
72e89569-4830-4191-9e17-8f2457fbf94c	8.456	hac
06dfabc5-20e1-4925-9586-008cdd2e9e2c	22.492	fast
5f2aad18-a34d-4c66-8ffd-a6f25a59ef52	24.737	fast
840a1936-84b8-4598-8412-a357f2937c3f	27.488	fast
389ce9bb-4f1a-437b-8d94-492b67904096	13.768	fast
6804d07c-9d2e-4038-891d-477ccaff9434	22.123	fast
5e4425ef-7967-412f-a538-9e028fd1bb17	22.723	fast
319273a7-49e2-4629-b0b7-cc60af4ef7bf	27.491	fast
579ffdcf-13dc-401f-abd0-bc9ba0136d87	16.256	fast
75397246-71aa-45ef-9249-7d1e7708fffc	23.897	fast
ec496536-83bd-4017-9582-166040775600	7.471	hac
f2e42a4d-dc58-4f58-ba70-903dd5ad084c	25.954	fast
6d8edc28-ce92-4ab6-9a1d-64318c3e8e27	28.166	fast
6e44833a-1d21-41c5-8ffa-5fecbc8c1389	17.009	fast
266a859e-2b93-46b3-8fe8-9f5d2bbfa2d2	19.721	fast
96bed64c-1317-4ffe-ae91-99ef8476f21c	18.354	fast
34064ecb-2473-49ff-a440-3bee0a266257	21.677	fast
508782e4-4410-4f12-97da-4641375889f1	8.789	hac
a7149191-e647-4cd9-b510-2636a7cb67a1	25.399	fast
2c05aa1a-562b-4a15-b5cf-7a1bc0947f4e	15.795	fast
110cb634-a41a-43f6-a3b3-6800287fe460	6.934	hac
24a3ee7a-8bc9-4483-a645-b3afc9f171f2	16.589	fast
3fcd946f-d170-465d-80d7-f6a3dd33c319	23.595	fast
63dccb7c-83f7-4655-999f-cde7f5334b28	9.194	hac
16698cf3-bf86-41d9-8d0f-63f108822062	21.363	fast
2c7efa68-7f68-4e00-a98b-9202e3aa33c0	23.307	fast
28fc77e2-63a2-4cd2-aaad-0bf92a65e672	23.078	fast
bb44757f-edb1-48e2-9c27-6e4f0bbe22b9	9.677	hac
6552eced-0b5b-426e-8bc0-a812f0e491da	23.601	fast
e706fb19-1606-4382-9d0d-b52929a523ca	25.530	fast
3d01d214-12a4-45aa-83ef-e1f81893ed45	22.540	fast
30625b28-830f-44fd-92f6-f58881bd75ae	19.749	fast
186c6f66-d1a4-4a99-a95e-5fe0b39c157f	8.160	hac
76b8f2f5-d34e-4112-a8e6-1479341dadfc	26.711	fast
57c7106b-c132-4eea-b549-d8deedf4b62e	8.339	hac
80fcf2c4-1de3-4b36-bf35-d6b985baa571	22.231	fast
3d95c38c-a6ce-4c12-8f29-64a9b9015196	9.014	hac
40a60397-8e69-4b5d-b460-7f1c9a70ae8f	24.517	fast
722f73dd-d60d-43ec-97b7-929b28832de5	23.696	fast
ff290626-ec10-4d84-8b82-7617c7042d7d	24.183	fast
13b3d449-687d-4999-9db4-e9dc50bdb906	25.602	fast
f140a2d6-8966-40ab-bbf9-ee2b1ef370a1	19.308	fast
d83bbde7-85bd-4b28-a384-a36f9228252d	22.039	fast
90cd135c-f129-4279-8010-969d5d63335a	22.580	fast
6baaf381-3a17-4c4b-8bee-6371498e2c02	23.547	fast
7a213146-8b2e-4b59-b340-2c378df96596	22.791	fast
c5cdf5df-21f2-488c-958e-87a3a78ab93c	9.551	hac
b5cfd22d-3d84-4235-8053-4d226c33c5d7	24.206	fast
0f832cf1-0a26-4504-aa1b-3a2b2f2139d2	28.163	fast
ab4c9132-9815-472e-b825-ce530ea8017c	24.904	fast
e9a98cca-2bdc-42b3-8542-a4bd54318063	7.236	hac
49f862ac-c89a-4174-833b-c95400cd72db	21.311	fast
7bf1fef2-a0c9-4227-8f70-0bfafe292432	25.249	fast
c21ca4ec-e994-4ab4-9e13-f5d4cfd6e73c	10.973	fast
f70d9990-6dea-478d-a447-f54cb4678c6c	26.422	fast
2fff417e-2392-48a5-af52-cc0e0a6163c0	22.736	fast
2df1357c-9b12-4e71-b92f-17862367f4c3	25.762	fast
84c809d4-396b-4d9e-8d89-840f9fb56c1a	26.177	fast
40fbb901-3365-4362-9cb7-16533d842629	24.462	fast
5c4b7a6a-874f-4c2c-ad4f-3ff535ede08b	15.944	fast
e5501111-598e-4177-80a1-4f88aa873133	9.517	hac
aed61888-f43e-4da7-8938-4fa6aae708a0	21.338	fast
27cc3613-6ba9-44f6-8767-728c8a45938f	25.536	fast
80108bc2-4279-476e-b97c-dda1c429f6d8	24.548	fast
80ad4eff-a5de-4937-98f7-27417066369d	25.824	fast
584b35d3-a421-494a-bcaa-ea306ad0827a	17.917	fast
1eb75676-b49c-4d96-97ad-e81b954a8375	20.539	fast
92b49d4e-8a97-4e85-bad4-7846c2843ae1	23.474	fast
0b52ade5-4929-4c77-8d5c-216c5d502ffd	17.778	fast
2bff9a6d-eb33-49d4-b210-2e6627c16f2d	24.432	fast
5e5b0afc-ad93-4c10-ad10-07e517eb036c	14.390	fast
484f159a-bb94-4327-b4c1-a87b0cc8dc7c	26.814	fast
9764e212-fc09-4290-97e3-5fac000c889a	26.202	fast
d774887d-fc94-4c50-8fa4-78a4b7817448	9.503	hac
31eb9a13-64e8-4a0e-b51e-5ef4763414c7	22.162	fast
e01524ce-1abe-40b9-916e-5db5af660980	25.423	fast
08af85db-fa5f-4471-aabd-ae1b7f050d7b	24.397	fast
b8f8c824-b75e-437c-b20c-74908a654aae	22.291	fast
d993c5e4-c55f-4b67-adca-174c900bc611	22.511	fast
6525dedd-f49e-4589-92a7-875d5b58f140	9.803	hac
9a522a29-6c91-4b20-8256-7d4c09def550	25.428	fast
13828773-d907-4ee8-ac54-78d1e2a9ac5f	10.165	fast
7023a4cb-8b26-4be2-92ec-4ef2ece72b02	20.366	fast
30adaba2-0025-499c-88af-c6c31a4f6a08	20.143	fast
c7632d93-ff03-44cc-844c-1c18eec7ec49	22.799	fast
c42e6cf3-ac0b-49eb-a10a-176d6f14d773	25.154	fast
09829edb-a7d2-464f-8c3b-3fa36eb9b352	5.915	hac
cee150bd-9a4f-4db2-8bee-70a7e3b4349e	17.996	fast
43511dcb-2a94-4496-82af-be75c5ebed57	26.504	fast
c78e4838-df1b-4f5e-9019-2b828dcbd59f	23.632	fast
4b284a18-794a-495e-a338-853c6678a3a3	24.118	fast
4ef7fb5e-d31c-48ec-a703-93a55721cf51	8.821	hac
02392bea-dfe7-4479-95c6-9cb4e23379cb	26.395	fast
ae10b45f-ba86-4e94-b391-ec2c67ead110	11.563	fast
fe290864-61b2-4b29-9f6f-54bce71ac009	10.396	fast
d16c68d2-b801-44d0-8dc7-d6c576129e37	27.964	fast
3c0f3939-fbb1-47c6-910c-56f33d806b9b	8.594	hac
1b17dac4-95d0-443c-9335-e7e049e711a6	16.261	fast
1cbed887-ad19-4ae5-82c8-d81bd352a1cb	24.749	fast
b75df595-60f9-40fb-8b37-1d766e546e0e	22.720	fast
0fde674b-5db8-41bd-b001-386040f4b464	7.699	hac
f7b77d5b-f356-4a57-9fb3-34b358715553	8.049	hac
41aeada1-2e22-4624-bc6d-cd8b62a7ff06	22.117	fast
43a676e9-10d1-4e46-af0b-b6d3fea9f418	26.402	fast
1ba1e05f-7fc4-4099-83b3-cc8bae820217	8.923	hac
c5f7f3f3-fa5e-4603-aa54-b02b35890ef2	18.978	fast
356be89a-6997-4652-9f6c-eb0b4df76f6d	27.539	fast
5753d665-e7ac-44c5-af7a-06cf14d8b7bb	22.966	fast
5f31d599-20b8-4b11-8c83-a2c39eff0f1c	9.018	hac
ab44e7b5-24ad-46a4-8e9d-c59ee0d1021c	25.017	fast
b6bf23e8-073e-4653-8a6e-8f67b8c8699f	24.662	fast
167bbd89-59c1-4bed-b023-6082e243628d	21.692	fast
ac13a49e-45c8-4324-a035-4aeabcd2ead7	24.765	fast
d28f0f61-0bd9-4c84-8975-f2812e19bb5f	14.585	fast
ba5aba92-2eb2-4d0f-a314-c7c4d3d5cd7a	26.722	fast
d0065a32-a8cb-4794-9568-0dac07b90026	9.013	hac
79f1d826-86c3-4d47-aeb5-ff9fc04fcc32	9.250	hac
ad653757-6da5-49e5-a636-0607d8534473	24.530	fast
35e13360-610b-40bf-9f8b-8575194cad7c	23.990	fast
b1786bdf-8784-4102-bbf7-4132c82fcc54	21.877	fast
c93fd407-cfec-4f64-ab79-1ff371ce67e4	25.250	fast
840afda2-dcf3-4482-969f-d350198cc8ce	25.382	fast
739827ae-2ecd-432b-aeb3-2d2cc6a56e5a	24.618	fast
48fa7a37-2345-42b3-90e1-133d30be136c	22.630	fast
5fe5d015-39d7-49e3-9b4d-c0582b382ab6	10.996	fast
20fcb867-d084-4c58-a5d4-7afe37203e01	8.473	hac
cef76354-39ef-44b5-a3ee-484ba073e5b0	25.438	fast
409d53a3-9b4e-4018-9deb-c4a9e0945cf9	12.278	fast
e7204095-becd-4deb-b2fb-7eb2b0a5e57e	22.258	fast
1a90322f-7497-4004-8245-cad5f64103b0	20.711	fast
1d838e98-dd8e-4832-9c6d-67c9504a9a7d	8.043	hac
9c91b365-1b47-4372-80fc-6d684b1b1102	8.183	hac
33fb52da-91c6-43ed-a097-43ad6927407b	14.883	fast
72bf9704-32ab-48f3-8d66-028b827ade94	26.080	fast
c2b952a6-f192-4537-963f-53a81e253cb0	25.663	fast
3d06aa94-1245-4999-849d-46e7db5f6c50	30.785	fast
df72f989-a21e-4f42-8dd9-b54270afe93f	5.204	hac
5f09e783-8e9d-439b-9e55-81f91f13de26	8.288	hac
d8c2eaa1-91db-44f0-a5f5-49651df70d60	6.289	hac
6d3c0ed7-4c48-472f-a516-dbd74a632b1e	23.749	fast
0bc2c1c0-8ad2-485e-b048-6f1e47fff9b6	12.351	fast
75b656e0-fceb-4865-82ff-12a8e2d579e7	8.522	hac
506ac28c-b498-4f16-b847-72eba061f15c	25.427	fast
9975def1-c198-4136-a093-8f49ed060eb0	19.684	fast
a48d418f-0066-462e-b89b-b09b8540b645	22.430	fast
087dfa37-73b0-414a-9699-bbf2531ae99f	25.175	fast
a0c66e17-b57a-4fb9-801c-eb8af893a666	8.399	hac
593e19f9-9e24-43f4-979c-5330f64ceb9d	13.825	fast
104080f8-c9e8-49dc-938a-dcdd68a5b190	28.164	fast
60a5a413-3406-47d5-a04f-7aef5d39a361	24.049	fast
67138644-ede5-448e-96e6-8b2baefed2b8	24.315	fast
5923c5b0-cd5b-4dfe-a279-e1627302ac97	23.550	fast
2fd6ea54-5a75-41f9-8eed-8ad98a59d94f	23.272	fast
a1c419b8-21ee-471b-a33d-b3f2def6de0b	15.886	fast
b107effd-3525-41b1-9c73-0619ea26d42a	25.803	fast
122ecc41-5b72-44c6-89a2-681e8b42f2f9	22.996	fast
7b1fdfb9-8d2a-41ce-b6a8-c5cf0c554617	23.632	fast
51a6c2be-de04-4591-9b05-c752a893fd41	20.230	fast
9c4fd20b-9128-4718-9603-b711eecc8579	24.495	fast
3c8b1272-2b39-48f7-bfc9-75449e0bfb0e	27.500	fast
a92028b8-5447-4fcf-a24a-6b309694c2a5	20.520	fast
3d049878-b871-4515-a147-c7739b823999	24.850	fast
93182586-c485-4cb8-bda8-fb8e62f7db53	12.365	fast
20e553b5-7465-4e75-9584-f3b281485590	19.080	fast
76513f4b-b72f-47f2-9541-434a5b2d4f19	15.784	fast
6714cb29-69d9-4fcd-b67e-bcf627d3c4ef	21.646	fast
2b802b26-aa2b-4432-b4dc-4d4b15a5fa23	7.884	hac
3ab7a254-5394-48df-b547-824a21502de3	15.037	fast
0f6c1896-49a4-43a2-b907-bc22b12a3bca	22.861	fast
01c4e06e-6364-4cc2-8fe6-11f10116dfa3	24.836	fast
26e6f867-521b-4e96-98ae-9f3d4300330f	26.429	fast
e91afe95-767c-4e95-aa4f-0a1b5a20f8f5	13.762	fast
c7cea9bd-3428-40cc-9c13-6eba5a75ed5f	24.550	fast
b9cef625-dfd1-49fd-b93d-e8746296f4e3	25.583	fast
51b2ae0a-4b29-4318-bd65-1d866c1df743	11.182	fast
79db7a46-9c39-43f8-977f-09fc8d18f8f1	22.733	fast
6953fdf3-9ef6-4434-acfc-21daef4ea690	8.767	hac
6813ebb8-385f-4556-bc4b-099f6f163fab	19.716	fast
acac53ba-1520-4b7b-859b-4a671d29c395	20.376	fast
dc7abac7-2bd8-4f2c-91de-2324664f3a85	7.711	hac
989406a1-7574-44bd-b549-9d29c0ec9586	24.768	fast
3a01f1a6-70ea-4ad9-9ceb-a4d17579f709	24.748	fast
29234b65-cf41-4114-9fc6-3775a47e36eb	20.485	fast
e6e4ec12-81a1-48a1-a80c-a42a911006d6	22.168	fast
3e45ac80-e969-49bd-87ee-a66ec099c2ab	23.450	fast
6e65164d-d78a-49b7-ae22-a7225b65297a	22.598	fast
97630e82-fbe2-4e64-a6c8-c591fdcafc99	7.846	hac
bfc9ec79-74c6-4bda-b7ce-35c4f08b09b9	16.326	fast
680fa466-a1ba-434f-a516-8bd8d1fe85a0	6.150	hac
708f6c76-296e-4c2d-9c6e-c7c8fa9d2c03	21.875	fast
b9f3f9a9-c588-4a35-b771-000085725a9c	22.445	fast
3457ad1e-4565-4057-9d4d-91e7ddf7f402	23.890	fast
6812d3f5-d729-4963-8633-408d4723e46a	25.375	fast
5c504f43-54f6-4877-bb1e-eab53db621e3	20.725	fast
fd5d5737-bda1-45ad-a661-c1e378bd1101	28.671	fast
d11d35fb-3184-464a-abdf-91181d320418	23.746	fast
078a8006-033b-4795-bab3-fd498147b248	18.406	fast
3ade1c84-516f-4032-a070-618b9b1f4d37	22.899	fast
d0f35237-9b59-4f13-ab5d-8f7819de8d09	17.124	fast
8a8019d5-88b7-4570-a4d3-45ff3ebcac3f	25.229	fast
feb10b10-52d9-44f3-ba22-523298265c7c	14.315	fast
ba80593f-0f00-42c3-b266-082f175d6a8d	22.861	fast
16e61d2a-9d3c-45b1-b3bf-147fbad98e9e	18.635	fast
f0472787-285c-4033-91d0-a9bec7e1cb87	27.106	fast
e6444cfd-f8b6-4996-b1e8-eec021b4879d	21.348	fast
c1a2ea00-4f64-44aa-97e4-154cb25316ad	24.180	fast
d37f5785-698c-4d93-bf1d-a094c3cfa31d	19.023	fast
c3b260df-0d99-4d3e-a820-cef70ff66366	26.016	fast
d8f89134-d692-4806-8a57-d9d9cbd82b7c	20.134	fast
c9a2b11b-ad4c-4405-9f1c-3fdf47dc5e10	24.075	fast
dfd75c87-79ab-4baf-986c-dbf10432b468	23.716	fast
d10d06e4-b047-40a8-95db-0657cef0bdd6	19.719	fast
d0e40465-6dd2-4ac9-b9a3-63a0173a1385	24.768	fast
6eda10a4-49b8-4b66-801e-f04a274c5bb3	19.575	fast
3da780e6-991a-4224-9133-48b2f066249f	24.410	fast
df1c65eb-1646-4e2a-b793-8233a20f67b4	7.374	hac
f2b2b0c9-7ae0-4c52-8b8f-2207f0a5dbbc	22.506	fast
65dfc23b-2263-4e26-b7f9-16989560245f	24.469	fast
357ca084-31ec-4e2a-ba54-21c0906ac947	25.177	fast
4e7384b4-7357-4572-a9e8-97c003a41fff	23.515	fast
dd9fca2f-bb39-40d4-b6b2-e0a97136c8ae	25.908	fast
85a0e9b4-026a-4149-a120-bf7637005028	20.685	fast
8a237328-a8fc-4328-b9d9-0d88000c622c	25.103	fast
e65ce38c-2c10-47c3-9afe-a02ebfda5f16	14.370	fast
ef00038f-b9e4-4477-8631-757adf5d595d	24.745	fast
5a273047-aa41-48e2-8b7c-3d4c08ffac4f	25.807	fast
5a6f62ae-3a61-4173-9fb7-9ff6a596db95	9.008	hac
f69a14ae-a47b-4e6e-ae67-5140452a6834	24.814	fast
663bafc6-8f78-4a68-a607-c41a1aa51e8e	26.996	fast
28e6aed8-110c-483d-8b1a-c1e9a5e1b404	7.743	hac
94903813-712c-4f97-bc58-d5e3eeab1cdb	7.628	hac
8acf5d3f-d25c-4589-b178-ec72c6264b65	11.397	fast
30eb29d4-b0cd-438e-bc8d-fc0e9e64f3a1	23.248	fast
f8b7132c-f4c7-470d-bdcf-1ffd92d06be2	20.881	fast
3e4a85af-c9a4-4109-85ea-377e2b1ba3f0	8.813	hac
c06359af-f646-42f6-a97d-c90679e4ed05	8.882	hac
8d23e661-b10a-45aa-ae57-05050d6ebfb5	23.118	fast
351b3b90-cc0c-4c51-b5a8-82c2ccc36091	26.191	fast
45546270-c7ef-476f-8511-248b55f952c7	23.577	fast
06b2ecb8-a261-45e3-9acd-899748a1bb48	7.754	hac
99430df9-5373-4675-aa37-b110b4a42b17	11.879	fast
7717b234-d431-4a38-8699-206676b48a16	21.378	fast
dd105bd6-578c-4b13-a257-b36e7a9fa899	26.008	fast
f07634ab-8d55-4906-bd64-46a4f1443a20	24.774	fast
0c2fcfbb-a537-4369-90db-d2afb3f6bdc4	23.038	fast
505e4376-56db-4235-8727-3a2ed9850b01	18.093	fast
b08c473a-e95d-42a2-9570-538e145b42e9	24.830	fast
327267f7-fa91-4c26-945f-af99da4a4e0c	23.754	fast
5e629f83-0270-46ff-a3b0-3522bfb6479a	22.818	fast
7b6c45ce-934c-4bac-b4e4-4126dc032dc5	24.901	fast
5f663279-4142-4f74-84ce-39cabf246fe8	8.397	hac
f3ad5f4c-1ece-4f5f-818d-786ab0cc77fe	17.565	fast
50e79dcc-f909-46cd-a1f9-d8bb48f65d88	17.228	fast
ae8a8f4a-897f-4c71-b3c7-29f6bf8facd1	17.869	fast
74d92a34-64b9-40e7-b082-5550fe1910ef	27.358	fast
8b03d637-a218-4f06-8c1a-cc05d3d0ea7b	14.220	fast
e4a724bf-6f35-4aa5-95f2-4527e6833000	24.900	fast
f0fc7f46-5724-42a2-b366-eb190e375c98	19.132	fast
c737d746-423b-43e8-bb2e-f43e003b1163	19.032	fast
1bbd3d60-e7e9-4b62-a9b8-608e6d193b59	22.616	fast
1410e05f-0e96-4743-99d2-6365d6d364ed	10.440	fast
1dcc2597-663d-4cd5-b766-fb536164e956	10.257	fast
b9b3f1d7-e5e3-43e9-8233-5ea38282a6d6	27.937	fast
57fc44cb-5c32-4002-a887-09346444f6d8	27.975	fast
69d7f6c0-9b44-4ab6-9f7c-c70bb469e896	24.376	fast
8a6b7768-42d0-409e-bbf8-0ff913b5ffdd	10.382	fast
663030d0-05b5-4ce1-a825-f0c6eb2fb9db	22.195	fast
c57a56f4-4e7f-44aa-be0f-fef26b472798	20.374	fast
b706d92a-5455-4d75-9cd6-b552c63021c1	26.781	fast
57a0acc6-a73e-4afe-bddb-a5238cdf4a61	20.356	fast
dfeb09a7-c9a8-4351-8180-7e4392b27d53	10.129	fast
81e9078a-9a5c-4ca3-a959-518dbc1d3747	18.204	fast
e0dd0298-4ab9-465e-a47a-3587154942cd	11.546	fast
1efd6f99-5e16-45b0-bb2f-40a9674f6992	22.529	fast
f4971146-07ee-4a8c-bfc7-e7c42fd8296d	9.262	hac
5f659e90-792c-4104-8c46-be0d3d84d8ea	8.669	hac
dffa643b-4e76-4807-8f0f-3fc2cdc4a00d	24.066	fast
a0a9864f-0f19-4fec-974e-97086a49a0d0	25.602	fast
b4b291d2-007e-45f7-948a-539fc2bc1d44	7.472	hac
f6ae8b42-8eb4-4047-868b-c1bfbe9b5696	25.918	fast
0a692ecb-cfbb-4683-82d1-a4360064d0f6	22.817	fast
76bf40af-0035-41c7-86de-89dcce2f13f8	5.723	hac
e5ba06e4-70fb-4464-81ca-c57b6ff1bb9b	21.207	fast
3943932e-351d-4d78-8491-ca9b7553f594	9.320	hac
99f078bb-d9f6-4fc8-985d-111ed8d83126	23.186	fast
8e062a3b-630d-4d99-835c-b66d74423e81	7.407	hac
4a11e020-1b8f-46d1-9529-5ccc1833aad1	21.125	fast
6209fac6-4905-4266-9429-dacc869ac706	24.012	fast
705fc9c7-61d4-40d1-8a9a-fd05522317f1	8.925	hac
08fafe41-4bed-4937-8580-8afee77f8570	23.094	fast
47f7e3c9-2b99-430a-b643-2ea18954a3e7	9.204	hac
3e57b9cf-4464-45a5-a5ec-5bcdd1827374	24.599	fast
e7054f9f-9cf0-4755-bd12-e3f0203a13d3	9.519	hac
2741e8b9-c163-4d6b-bb73-5901a866bec1	17.888	fast
303a7358-ca23-49ce-a84c-49460cbae1be	5.965	hac
064fab85-082f-4923-9e59-2fe563ea277c	23.967	fast
fc8f1b34-3a1c-4d88-8d9a-23c882bc9101	22.925	fast
a1385ce4-d3d2-4c56-b95d-18bb388ebe26	24.935	fast
8303259f-03a2-41f8-88ce-7910354ecf7f	16.360	fast
a059b6e5-d032-4fa4-b52c-46401eecf072	25.406	fast
fac7ff8a-f853-47b1-b63c-d26ed119db72	25.355	fast
40278f2f-8447-4644-81b2-a001480c12ab	26.207	fast
6c35c0ba-fcdc-49b7-863e-11a4542a489c	24.035	fast
d45aa591-2a38-4366-a66b-4d7d630b452b	28.825	fast
41644fe5-c172-4e1c-939c-7b7c91b27562	20.414	fast
86d8d0ea-58b7-47ab-8a5c-8b907b812757	23.627	fast
22057c1d-0ecf-42b6-92ca-55af4e306a0f	23.224	fast
c9edff72-1169-4770-8b9b-f0956b19c1a2	19.328	fast
c69a4f9a-e8d5-4d08-beaa-a1bc79bc280e	24.567	fast
a8d2e094-f515-46fe-b108-fb83dac54f22	7.779	hac
53e63676-1ee1-4ee0-9292-b52b62ad82f7	24.301	fast
d51013dd-492f-4fae-b2e8-069d9fa70d70	18.445	fast
03a8fea0-4302-430b-bce0-75317fb1de11	23.985	fast
9cde9b12-58aa-4606-a841-337838e30952	24.972	fast
bab9e07f-a99a-4930-995b-a3e174f44eb2	20.564	fast
1e051efc-29e8-4c71-a29b-b57a83f74d00	22.166	fast
2323dc5d-1307-4056-9c46-e0f78533a1ae	11.223	fast
3333f817-f11e-4c8b-be87-93c8beea7220	4.781	hac
7fe8e7df-f41b-4626-b164-5c75c1feedf5	26.669	fast
9de80ce8-4cc5-4d8a-8a4b-e6da2d6e0fad	28.379	fast
d9a17dcc-9b2a-4bc7-b94d-9373175ec3dc	24.093	fast
88c0d7c7-a92a-42b1-a739-f58a87cfe1d8	25.058	fast
0539ca42-3678-46a4-9adf-5f747a31c555	21.416	fast
f08a5294-8664-4ee7-827e-82c485826c03	13.558	fast
21a16022-e155-4d13-9d0c-b16b2f64e1d5	8.370	hac
05811df4-5387-437e-af0b-052cd00f1d2b	25.189	fast
9f423be0-4d4f-405b-95db-7a37cec5895f	24.395	fast
e44a82e6-66ab-4881-b8ca-e990ea4a7c9c	20.298	fast
f35c06a8-6225-4e1d-8801-bfb24c050b12	24.470	fast
8860c113-5fb4-4ebe-a004-a6b65a045f8f	21.770	fast
7f02b1dd-e462-4c93-8a98-9fa62b9904cb	22.369	fast
cb62da6e-f006-4aed-9211-305f157ca498	27.410	fast
063ecc1a-4624-4a44-88f5-a1c2936341b2	26.177	fast
df253df5-27bb-4cec-a3b3-c263e7554c68	8.964	hac
4ddbbd4b-3b4e-43e2-9866-cc0632f05b5a	19.054	fast
e9921bd1-df41-4200-9d1f-8d9441dedda9	25.006	fast
9eb1112b-d917-4df9-bd13-906598a370b0	24.588	fast
e436f2d4-c3b8-4b9c-8d7f-8c238690bdaf	20.597	fast
e15486a2-654d-4fb2-a59e-37082db70251	17.220	fast
b53c14a7-ed4e-452e-ad55-7e869750daec	20.242	fast
7834de32-9f1d-47bc-8b16-3785db508b6c	23.833	fast
e45c3c07-2405-4a3e-aee2-9da9e29aae94	24.180	fast
dd343bea-ee2a-4518-96dc-396ed03f3781	23.948	fast
a053f19a-82bd-495a-a785-55a1061d0bc5	19.086	fast
f418f8e8-2374-4fea-add8-15a7adab785b	8.400	hac
c5d8dfc4-b5d9-49d0-bc92-9fda3092ec60	21.063	fast
4c5e5fc8-7502-432f-bfb2-56269dcf534d	20.865	fast
b86566c2-ac1e-44a9-9fc6-dc3fd7c0771d	8.848	hac
304a0c8c-784b-4aa9-ac0c-d6c002c7bb64	5.848	hac
ce7e8050-8f1f-4e95-8156-973924cded0c	26.230	fast
bfc844b6-f26a-49d0-91d7-23220912edd7	9.025	hac
33410b60-6400-4183-ac1e-df3e777d2bed	27.697	fast
b84c9065-4918-4925-9263-e1eedcd49c3c	8.599	hac
1a85ffca-f312-421c-a38b-f8810782e558	10.800	fast
441cc1e6-5e7a-48ec-a9a2-bd19b692263c	9.360	hac
30e70754-cd82-4077-b01c-85865eb45a44	25.326	fast
9a87eb1a-b455-44ae-a8c6-bf0e5b976250	5.302	hac
b5b0de30-35cf-438c-90ae-5a49472ce654	21.720	fast
031f3dd3-f03d-4bf5-b9a1-58fcfdfddc8b	24.667	fast
52323cea-b85f-450c-b795-12509772059e	24.900	fast
dadd87a4-a53f-4260-9b6a-ff8368ef599d	24.985	fast
b5a2099d-cee5-49d9-9f41-a561598d401e	4.826	hac
960c3210-77f0-40ed-a701-ef590bc65216	8.458	hac
5cbc8000-3c77-401e-ab85-ea2c358f4dce	25.051	fast
685ad6db-d78f-4ad8-9fd1-15e3155e164a	8.240	hac
810f5cb6-9dfd-4e98-bc37-600d90bf8244	24.649	fast
0425aa9c-1517-46a1-9f8d-187d99c5b413	25.245	fast
999d33e1-95d3-4511-b870-6ac63bf70ad4	22.246	fast
a688f7b4-a29e-4f54-9b7a-3a97990522c7	20.272	fast
e1941c86-3d5d-4540-a5fa-e6a3f8e0efde	13.093	fast
50bc6185-2114-48a2-9c3a-38cb9fa3b4d0	27.953	fast
bc6afd7b-e1c6-4619-8351-20d09765944b	25.544	fast
9d221387-5edb-46db-956f-ccf050fe7830	20.255	fast
78650499-3660-4e1f-95f7-8725b6dc695a	21.536	fast
9271ed14-b014-4bce-978b-212ab76be540	25.727	fast
bcaf2d09-1205-43c3-ab5c-e67c64fc5fe7	11.847	fast
0c79758e-a748-4cb8-aa00-c4d12fae6aa6	23.193	fast
dc07cd9d-1d28-4650-8ece-1e576e7b6f4a	26.131	fast
e951cd59-e081-47ec-a8a6-d78ccd48242d	20.354	fast
05dbfba2-aa38-4c71-82df-34aee946e9cb	9.017	hac
673531b9-6600-4ff9-91bb-e68c9cb951e2	7.800	hac
55d510fa-17fa-4880-8d8c-29109a5eb4a1	11.271	fast
ac9dfd96-bf23-452a-9374-d35e311caa1b	21.396	fast
9b34ae12-1334-4ca7-92df-556766f005f4	22.673	fast
9afe6104-5e67-4bc4-85ef-37ac4acaaf4b	9.578	hac
338c9a70-52f6-48a0-b2e0-d411226a588b	32.097	fast
5b4b332c-8c8a-4143-94cc-7edf8a47e294	18.778	fast
3a314fa3-de46-4841-98c0-8b15e4d22320	22.027	fast
c49edd37-e82e-4833-bbd8-7d1454bbfcfc	20.834	fast
5a02f7a7-e768-4f9f-a062-e55e328affb7	23.651	fast
e9fd952b-d559-4188-83f8-6b93a05c71c7	24.594	fast
47b576ee-a7e6-4b22-b641-3f3961e67a12	24.009	fast
68e42899-d2e3-46e5-b761-592402b52176	18.693	fast
85384212-b4ae-458f-a64b-f83f199586c4	9.437	hac
fb1bd40c-de8d-481e-b001-489bba6d2673	25.364	fast
fb265291-dc84-4a6a-9061-7ef6e38b5965	19.960	fast
d9c84e2f-66aa-4b4d-9b66-444ecc9cc887	15.164	fast
0792c279-ff3d-4ab0-8858-c4e6380754e5	27.161	fast
5f8bfcd8-d397-4922-ac04-d5e95fa49825	21.868	fast
baeb7f4e-75e2-4c7c-ab26-bf6299768bb8	18.157	fast
016c4a8e-02e2-4006-a493-586af4c32376	24.271	fast
659e4d01-655e-447a-a283-624235426410	27.221	fast
c64c2971-c111-4041-9ce8-3966f54d6b3f	27.184	fast
c10da8d7-38a3-4b30-8ab0-7906bccb242b	27.164	fast
df857b29-0874-4417-98e6-61680dcdf31a	8.526	hac
84785e24-50d2-4fc8-8f90-8c8718289231	24.947	fast
6b5b8158-4b04-4539-bfdc-8aa9c17dd2dc	25.017	fast
0ea0ea0e-d3b4-4221-913d-93c394fced2f	24.844	fast
7468199a-10eb-429c-af87-38623e9b214f	15.374	fast
6189e174-394d-4446-b5ab-4bd9f82f4799	24.152	fast
46b06c4c-03af-4ed0-b311-ff4a22d64a4c	8.830	hac
5bb810bc-1426-4383-be95-2919901541d5	22.856	fast
f45bdb36-c096-4175-bf54-a2dbb4fb8e87	24.848	fast
46241401-702d-4d7d-9e86-3e486f633701	23.889	fast
dee46fa5-f084-4984-86ea-2a6bc8a1cea4	18.695	fast
1d5d55da-a41b-45af-9615-925fee6682da	8.112	hac
09e6bd65-a762-4e36-ae50-6541798eec72	20.717	fast
d2ffdde7-7dbd-447b-bdc6-61cdbf54ab46	24.208	fast
73dd013b-bb24-42bb-acb7-612715f411ac	26.259	fast
11e67328-eff8-46a4-a6ae-f1255a4aa60a	24.934	fast
6e586c62-54e8-4aa4-8cf7-85f624a45493	21.078	fast
53f7d243-00a1-498b-b021-ac3aaf8dd8f6	25.688	fast
f9a139d3-b7e0-4bfb-868d-3dfb10a598fe	24.358	fast
8662287b-ea61-44b3-a487-111f9a5c08c7	30.518	fast
2b5ba26f-59d2-4082-985d-48bb43e172ad	23.969	fast
00697d97-830f-4127-a253-450bc3545cef	9.468	hac
f7697f48-be76-4ff9-839b-51aaf878b905	25.039	fast
b12cd684-c540-4a0c-92ff-f68cc25379fb	7.033	hac
8fabad6b-37e6-4967-aec6-6b6b75baf67f	23.863	fast
d60430db-79f1-4b22-ae7f-f1c755cdae6f	25.622	fast
1523e8c8-9e9e-468b-b140-fd09e7bd80fd	23.211	fast
dc1d36fe-552e-4d32-a7a9-2e79b06a6d6a	7.132	hac
3c67cc18-db3f-412a-b763-2c9eb6eb83b1	5.003	hac
60365e2c-a97a-4ccc-aecb-caaa571ed597	21.460	fast
9a361b79-de7f-40d4-b9f5-e70fb817f566	22.014	fast
c3c0853b-661c-4308-8cb0-5d7dbc21fba4	23.855	fast
bc540d03-818c-4a9b-95d0-8b17eb772aa6	20.003	fast
8e376f19-13b6-4a89-8af6-593b1bb5c346	21.560	fast
cad0a409-3aa8-4afb-87fa-852384f32fbb	8.921	hac
c7e7deda-66ef-48ff-ad11-430372f79fd0	21.879	fast
918ccffa-ce99-4e6c-8f26-9549777d54d1	8.823	hac
90257dbc-335f-42b5-91f1-c72f7b9bbab5	25.769	fast
58e04842-c7e5-4ab6-b081-84c05aed0c32	19.961	fast
bd319545-8b66-48ce-8cab-0c4c4f1ffa5b	18.595	fast
2f1d7049-1be8-4c9f-a30b-9b17160dd27d	26.381	fast
18b95073-3097-45ed-9158-3264d9844972	8.677	hac
bbb85168-5512-45e3-ba79-58c598b75000	25.614	fast
4e78c52e-d850-41ce-917a-ecb634183a2d	16.761	fast
e50c2994-ab69-4889-b42b-89df654a6ec4	21.540	fast
3186da65-8f09-40b3-97f5-2bf033d43ba5	24.034	fast
b7cb34e9-75e5-4ea1-a42e-f2bbdc1e9662	25.388	fast
62bdc75e-edf3-4089-b3e0-98199f1d9b5c	25.844	fast
196facc1-da52-4ba3-a519-950268c851f6	22.266	fast
463fa996-2d1b-4425-8374-fa4b34aa1bab	17.729	fast
4c1b19c2-e5f8-42de-a83c-a5da1c7c46ff	23.602	fast
ffda5f07-76b5-46d8-9023-ac1d3415b8e0	22.517	fast
a172ad23-ac91-40a6-8188-46de077d7dc9	9.148	hac
e2ea5c98-44c0-4632-a8ae-5babc602524d	9.951	hac
08e6671c-5c27-4868-9d58-e444f5269f8e	6.870	hac
82367655-4a40-4c89-b90f-f86c814d152c	25.407	fast
bf8ae5b9-942d-4626-b46b-e248f22a9e2e	26.360	fast
c12d43a1-b39e-4168-b167-860aeafa4b04	21.748	fast
ee15bdc4-426c-41e0-bbec-ebb8eee3e8aa	25.533	fast
ba0fadeb-cf6e-439a-9e39-f800f20b1bdb	20.720	fast
b2421ee6-8189-448d-b0f5-287eb977ea82	26.894	fast
e99e9a97-4689-410d-9701-57fd4fa0e3ce	20.379	fast
3768322e-21be-4aa5-9fe5-9f5815470bf9	16.143	fast
7d6703f7-c9ff-424f-805e-40d3fac32821	27.199	fast
e4d256f0-e88e-4e3f-a1c6-c884acebf099	25.170	fast
65c3fea0-ccac-4ddd-b3fb-d439d18e2319	24.628	fast
396c17ec-72ca-4a49-bf2b-f0a3e2069d27	23.506	fast
9d75dffb-ec0b-49e4-8ddf-6e8b3f4ea118	8.448	hac
718526c8-e2fb-40f7-ad1c-855042f5e83a	19.384	fast
d290f974-8ac8-4fda-9d13-85179113c88b	25.692	fast
fd1f5f36-feba-426a-a3fb-b7144b5cca1b	21.943	fast
df1b1e8b-0510-4372-8254-a7e1e316183f	24.047	fast
08d2d3b2-2562-4e2e-bb8d-4179e44b29c0	21.925	fast
d06e7635-28b8-4e47-a138-bbf74a5296b4	26.464	fast
a20ab378-dfab-450d-93e3-0c27fdafb68d	25.733	fast
34493ec7-294b-402a-92f3-66e4f6be3aba	21.116	fast
616024f0-f21e-4701-8d97-486cdcc599df	23.015	fast
42bfdf0a-66e8-48a5-ae11-be929be20b7b	24.702	fast
877dc275-9cb8-4e97-9f22-157f7ff94fb9	24.766	fast
1ee695ba-bcc1-4f03-b099-22246b9396dd	24.067	fast
5750d100-f65d-4d16-968e-05dfc2d5e49e	5.243	hac
39e39c6e-c647-49c8-ac57-41c8908948fb	11.202	fast
dada6dd0-df37-4574-a09e-5e1b16ef1e33	11.223	fast
3ae8b46d-9652-4d99-963a-4a6929fd1fef	19.766	fast
e6ce0617-62c5-4ad2-88ae-901cc9fc2f7e	8.961	hac
edcbc276-a210-4e77-955f-333d37f72e4a	24.505	fast
e48dcdb8-e286-45da-8d86-f200a7c65608	22.149	fast
1cfacc32-9b72-4457-96a4-2d5dd05a8106	24.482	fast
6bde3d22-425e-4a00-964c-3b4b83237cdc	20.938	fast
67eb60bb-f108-4d7d-9c3d-fbe572feb61c	24.083	fast
d3562eb2-731e-4b11-86a7-1bf7a5ba2471	22.252	fast
950f5b54-d4bf-4390-a9c5-400cf93c6ff3	26.606	fast
e4c4bad7-6749-48f2-906e-785d8d2046a4	21.323	fast
28af22a8-a32d-45a4-953c-591a4fdb02cc	22.972	fast
5659bedb-f4eb-4615-9de0-325315675fee	9.641	hac
3d3bf500-8fb9-4af1-a549-5a1574ff26f6	15.913	fast
a8dd55ed-c4ba-404d-b531-aed51414f12b	13.255	fast
7edfcaa7-5e74-46d0-a10a-7c15a708ceb4	25.074	fast
80665ef4-d0d5-423f-a79c-186e1829e7d5	26.458	fast
b09e6c4b-292e-411d-b7de-8d68c335e9e1	10.954	fast
42717bc0-f981-4a38-91b1-32b4446c364d	19.387	fast
6d2f7c9f-beb7-4791-8ae8-7840aaa4b3c2	9.306	hac
4da596ac-b488-45f7-b707-2c8b85f8904a	6.418	hac
446ffd68-daae-4354-aa97-1afe33f20531	22.947	fast
5f33bbbc-bc49-4b2a-9ad8-1de850465e18	25.145	fast
02ecfe94-2b86-408b-bef4-9e079d325f79	6.935	hac
8c9e7f1a-b81c-4348-9c83-92d6c9de441c	9.599	hac
59709fc4-c325-46cb-a214-df74b4571653	6.173	hac
70afa8f9-cd66-4abb-aa68-598270de88bb	7.926	hac
3e4f2369-8728-443c-b5fa-290d77b9ad77	28.156	fast
28c3f98f-bd83-4b66-b2fd-3f61462b6b0a	16.646	fast
fee7a275-cd18-4254-aad5-a15d390161e9	5.546	hac
c7e8048f-ba94-491d-9443-f596b7bb525f	17.212	fast
33dd721b-cfdb-4d14-8a7f-3897118098f6	17.581	fast
4033de04-d6e9-4766-aabe-d6253e9716f9	26.234	fast
c304138a-006d-47de-b775-929fed9607f0	26.948	fast
f1e2aff5-34f9-44fa-80e0-c6856a66bfb8	13.901	fast
c356d5e5-9c76-42b7-a377-e01e64087f14	21.999	fast
2c542a7f-eca1-490a-ba1b-e7013a1bc357	9.020	hac
10821776-5742-48d8-8352-1d542d32aa30	20.625	fast
c6b2cc49-bbbe-4ba2-82b6-9ba885eae27a	22.529	fast
aaa03628-b88a-4193-8c24-a0ab44473cbe	25.192	fast
a99423ec-3c5a-4270-b256-b356fa93f2b0	21.101	fast
5e42da52-5e39-47c8-a638-99f67442ed34	24.739	fast
02ed6ed6-d1cb-4465-a83a-a82282a15c5c	21.615	fast
beb2a147-be6b-4b6f-b6ad-5569aba263f9	6.428	hac
f06f670e-e433-4912-bd2b-bb8092af6909	6.400	hac
df7c983a-1550-48d2-9bec-5e8a40a43903	26.053	fast
aeb8680d-a2e6-4944-8042-68e608468973	25.176	fast
a384012d-cb72-45e9-a385-504f628e70d5	11.261	fast
2203f917-ab9f-4bbf-b5a5-3c3cb59d301a	22.741	fast
8ee808e5-9b95-4074-a56e-d1eecdc18cd3	21.905	fast
3eb97911-653b-4d60-a8c2-e4eb7ba7748d	16.019	fast
314c3012-7df2-4f13-9f45-e957b9f4e095	26.774	fast
d4e48372-1cca-4b86-bdc3-235bb861021b	23.919	fast
45c04fbe-cbd6-45ae-97aa-a83f089e0bcc	25.954	fast
75ef955b-6458-4f21-93a5-69e26173152c	7.404	hac
76fe899a-265b-443d-82d8-ec420da23490	17.028	fast
2d57b69d-7ada-4421-b6e3-10978e8cd951	16.664	fast
29a4e1b7-3fdc-4ac0-8257-97c82c121173	16.740	fast
c143e364-6f22-4bac-864e-0bd91cbe5c9e	24.014	fast
085d8498-f695-41a6-bcf4-7940f0b5697a	27.176	fast
754afd14-61b9-4efb-b86f-296d74dfe267	22.459	fast
74ff9d33-9f96-4fa2-83e0-d0aae0907863	25.628	fast
b46e06fc-4ff6-4c45-b40a-6cab651dabe7	10.865	fast
4828dd47-f851-4e98-b8aa-7fb9aa661227	25.307	fast
c8f14fd3-6973-43c0-bdf7-0ebc27225a89	9.098	hac
ba0312e9-ca49-415f-a869-8a8970d91c31	25.954	fast
5e2b69c3-a46d-4b72-8301-cc60fbb43c29	27.606	fast
1e9088a2-1907-4861-b015-9b78d1ee7e94	24.191	fast
f62ac43f-ab2f-4d55-b37d-6db156722bd3	8.179	hac
8c0b8016-1356-4b10-b028-aa4130a0276a	21.563	fast
59098e8f-4fd2-4b2e-b499-28a4bd3df2f0	8.341	hac
d9113210-a5df-41af-ad36-932f56d4c7cf	7.652	hac
74f42de1-b781-47a4-a3ee-1519953dd7af	18.287	fast
564b4036-6aa8-4dc2-895d-75b81b0bfeed	19.156	fast
1bfd10ff-ebaa-4ecb-9bff-8813d2b9f0a2	26.541	fast
838b9474-142c-49eb-9dfe-2166f9a1a79f	7.664	hac
66b47e85-0769-43db-9aee-f92424691f7d	21.455	fast
15a0aecf-4fc1-48cc-9c17-e1251cba6704	21.704	fast
f5c1fc99-0f24-4298-9696-e99a432f70c8	25.721	fast
1c999022-3fb2-4b34-908c-bd2cccbc3fdb	29.142	fast
14eee5b9-206e-46ab-8500-3d8cf1c711dc	20.567	fast
e8659605-44be-4295-a989-1ced6e31fe71	27.615	fast
f910d85a-aaf4-4162-9eff-d8f6110b401f	21.979	fast
50343bea-a486-4150-b6be-809b4374be36	23.666	fast
c80b70ef-a36f-462e-840c-0ac3c90e3a33	24.908	fast
c6e14a02-749b-440f-aa22-4fdef9b7846d	24.857	fast
4cb7e483-bcd3-4284-a182-cb29ca1b88ce	18.195	fast
5a8d2f3a-bff1-4a1b-acdd-6647e0e21b12	18.731	fast
a6c9e196-9802-4393-91e6-2cc094f37f52	22.508	fast
6505fc46-4374-4170-b953-eee83de5d472	13.205	fast
a80b2ead-4629-4595-a228-e190f006b2f6	21.015	fast
01717145-4e87-4460-9972-1ab393d982d2	27.266	fast
1f4c666f-e50c-4783-b314-f7620efc967c	8.821	hac
21b36d6c-b72b-4a4e-8724-d18a2bde3108	21.871	fast
2f8ec5e4-f06a-4c7f-bfbf-857f63c1aa16	8.072	hac
618121d2-3e0c-4368-8333-ad0f102e7f00	10.437	fast
fea7a743-5489-42f7-b7fc-7437ac075245	26.127	fast
471de9c5-2e0b-4bb3-bef1-30f0cc4cbd4b	19.445	fast
4f424024-a7f5-4dfe-9653-c170e607a70c	24.013	fast
20993829-1ec6-41e7-b71c-b91c4c40e2bb	5.474	hac
c11436d3-ab0f-4d27-abd4-7dc9823ff8b8	23.276	fast
6ecef07f-8109-4bc8-ab63-276ebe29a2ab	7.152	hac
944721b0-790c-4a03-b78b-46f51b587f41	21.978	fast
82378991-65d2-48ba-b52e-ec8273884acf	23.095	fast
c353488b-98f4-4018-9fd6-3f2802a59887	5.416	hac
89d9f19d-5924-4dbb-bb47-d044771007b4	21.960	fast
50074f3d-8b05-48e0-959c-e28fc3d44fcc	5.170	hac
63985ab8-5885-44cb-b479-96f154fc4260	23.320	fast
87a0195c-22aa-4561-b7ff-01754f539a6e	14.008	fast
210e15fc-9af9-4674-8a81-181938e0f6cf	24.119	fast
6740b8e7-b756-4400-a190-fabc28322775	17.259	fast
15802087-70d3-458b-8cb6-f204f2b73352	24.931	fast
19888549-89cc-4c83-a3cb-430731f1f21e	24.376	fast
df1195b0-0f33-4571-8e55-56461065e5a3	9.411	hac
1d194051-cf7c-42a5-a211-8cd05c434341	8.775	hac
763fc79a-b8d7-46f4-a059-d924cc7c3d5e	22.193	fast
27eea26a-3a0a-4297-9378-a5fc51916594	9.053	hac
86e93b51-f8a9-41ab-b715-86a0a1061e52	10.564	fast
ec80afcf-78d9-4675-8bc4-b936d11b2690	26.173	fast
0ea7c94c-15e4-4733-babf-a525bcdc3ac3	23.712	fast
adb1ca64-f29f-4c1f-95d4-12f98c24a7e7	21.836	fast
8dfd6f17-8769-4f65-998c-f1d1562849b7	18.477	fast
020994cf-2731-405c-8d1f-6e19bf0cd0c2	8.411	hac
924c309a-6b80-48d0-804c-fb1a123f62b3	8.759	hac
323a128a-9e1b-41a1-ae1d-5342a3f3b051	23.467	fast
2d11a267-8e18-4d0c-900e-981e3bf671a3	28.009	fast
adc1d64b-aa5c-4f67-a85d-008e3890c4d8	22.938	fast
db8dc8a8-76bd-445c-b1b7-4c33421cf97b	18.228	fast
3874d3f9-e49c-406f-8527-fb194127c3bf	26.806	fast
7cbaaa52-756b-4a29-8b45-df9b14e3466a	24.946	fast
fc21dff7-4f9a-4556-a4fa-dc23b9147426	26.663	fast
7840e482-9405-4643-9c22-cd9939aa2abd	8.096	hac
16738f93-a4f8-4c8f-9031-40de5b24f4ec	25.137	fast
660d9b37-7e4f-4fa1-879e-91ef1ef5c36c	25.290	fast
d1078182-b148-4fc6-b616-4066fcd5a94c	23.780	fast
73e42df2-0071-4324-aa8e-ca9e4e5ac9f1	22.188	fast
f2b0816e-c295-4653-9b1e-47e84c95279f	25.970	fast
15e95ffc-42a0-464a-a9df-21c3d8cddf0e	24.645	fast
0594146c-5905-4c9f-a4cf-3fab8939817e	25.351	fast
9688ed11-9920-4a89-843e-20123b380e4f	25.524	fast
fb492a63-3228-4789-b365-5bee677fc3e7	18.746	fast
f64f4e3c-b39b-4757-9416-b0455622cbbc	8.710	hac
b783355c-56dc-4f0e-b5f5-b23e2262e67a	25.108	fast
ce522e89-581f-49f5-b169-3fceda2fb3cd	17.962	fast
8d78f39d-a146-48fe-b131-163c57641082	19.325	fast
22c9c768-6d48-46df-b9b2-baa879ddba0a	9.547	hac
f1674f92-2a27-4db2-8401-5d08148067ea	25.061	fast
c4816485-7632-4f0d-9536-97c30ea79436	15.825	fast
6f3e2ffa-c6a2-49a4-980c-d5780cf14aff	26.243	fast
925446e4-a078-494a-95a6-e4a2d5137c85	19.327	fast
d340f50d-4807-4112-82c2-c8e222886250	28.275	fast
9779d768-07a4-4f13-ad7f-1803f41cf116	19.216	fast
3f699fb5-e287-4329-a343-18823865f340	21.857	fast
726e997d-f232-4a50-91dd-2d258bdf0582	24.400	fast
dd85d813-b9a6-41d1-95b8-dcba01246b08	16.406	fast
8b77b05a-849b-4ac4-9afb-7ee5127cf2f2	8.911	hac
4f0c47c8-94dc-4efa-ae99-3662d86aaae3	11.152	fast
18df78a7-f1e9-4f34-981a-73b195a4a287	22.355	fast
a3cd0d5c-0e58-49d5-9c6f-399a34a01c23	8.777	hac
2da5745e-aad0-4ef3-9b8e-fcf6a2ecf745	10.027	fast
f1961673-4512-4988-b89b-4e9e50c6973a	20.918	fast
c15387aa-8ac7-46a3-a063-a7bc9e9faf0b	8.699	hac
460b6fa9-4f82-4870-9701-9eb49516de32	16.714	fast
3334154f-a3b5-498f-9c4b-468bba636dae	10.787	fast
e11b5464-9e92-4261-aaf0-2b4b7cecbb53	17.174	fast
11d55d49-bfe2-45fe-8f9d-f40044a6c9f6	24.913	fast
65d6c3ad-333a-409a-afbf-166014037e30	19.648	fast
ab8dcb59-e4ba-42bd-b471-ffeb1fbef139	24.068	fast
de94810d-1eb8-4b1d-a9bb-b1998f46600b	20.143	fast
f348d3cd-e97d-4096-8c12-07a3a609c948	24.586	fast
ea19f3c9-eef8-4d6b-ac49-7bf01d184087	5.235	hac
54e00ab8-db19-4346-a196-f084c69ccd90	25.106	fast
7e80bd2d-baa3-442c-9bd7-61b8184817eb	8.621	hac
5328968c-4816-428e-8632-dc9f8c31e3f6	23.471	fast
01ae7375-36a6-405b-96ef-9f0848f9bde3	27.298	fast
9f4f9bb9-d620-42e7-beff-ec2c21b94ac1	20.286	fast
4fa5f698-7b0a-4dfb-ab47-650f82316a3f	19.841	fast
89ff2fb2-e740-4eba-a8c8-14f520581055	24.406	fast
89e3a88b-cd1e-4229-8602-b4faaf1ee86f	21.338	fast
5754f3e8-24d9-4a0c-b977-e33e19add829	21.595	fast
dee8b5ff-abe7-45c6-a559-bfdbf04c214c	26.360	fast
e6609c3d-1b70-41ea-9301-fecca9e5571f	7.887	hac
57d92aed-3782-40c1-9e8f-eb2b936def4e	23.319	fast
6e80ebc5-4096-43a3-973d-a067a5f575df	21.361	fast
4c54a187-f869-4d68-8750-b657081258b5	24.988	fast
3e676474-d5b6-4c9b-b98d-d2df6572b575	24.008	fast
b62f55dd-8746-4486-aea1-c2b3f1b1bb83	19.397	fast
5b1c5540-3d15-426c-83c6-d601fa56fcea	16.902	fast
8e4f38a0-f4bb-48b5-bed4-9b40072da7c2	6.627	hac
3cb59914-b5a2-4319-a232-0145b71a6aed	23.707	fast
7e0818ed-2f6e-4b17-b0ca-d6f8389d6c8c	17.569	fast
fc2ea5c7-6229-49a9-87aa-b0857565bea0	26.006	fast
987b5df3-5407-4025-8b64-e89e75114fc1	21.183	fast
1c3ddc86-9344-4984-884e-15e3cee29c31	9.256	hac
43784861-ad98-4778-8ff0-bef12b32e8f2	16.680	fast
735c2f72-95cd-4940-a9db-ef76f77940f6	27.027	fast
54cf4826-5374-4803-ba52-bd4fcaaf3659	8.634	hac
2d05c84c-cb9e-4190-8987-1a0beb8b578e	19.037	fast
d50aeb20-175d-476d-a0ba-a8b68cfad0ca	23.860	fast
763b7395-3750-4d64-b531-5ea991a71af7	23.566	fast
3523b7b7-8baa-4bf8-8181-8583306b8c73	25.054	fast
5a0c89d0-be46-490e-b6c1-aa5bb40d3fb4	21.144	fast
4f1e8616-0f6e-40a1-b264-34ef1c0f5ff1	6.562	hac
438a0cb5-ad52-46a3-b1fd-9bf94c85d437	24.434	fast
5c94d59d-982b-4b88-bba1-7d5a6f52f70c	22.455	fast
29bb46fc-4d57-4609-b18c-3995c39f5cdc	19.987	fast
5d478818-2f51-40a7-a7a9-0ba907f05648	22.614	fast
5f093287-983e-41c7-a8c9-0d86bb1ea034	7.635	hac
d133bbc0-8010-414c-a90a-c6297259b250	12.619	fast
1eba488a-40d5-40ea-8b97-ccbb6f1d39e7	24.461	fast
3210bb80-109c-4fa8-8994-b4b2ce4c0a9e	11.729	fast
8ad33896-4a9c-4295-a0bf-54cc9338a716	23.910	fast
bc7b739c-7bf4-4317-a6a9-48a058b2bd11	26.502	fast
9817aeaf-cbbd-4f81-b297-8e1c45e23ae3	8.008	hac
e97304be-c841-4eb5-93a0-3bc09870c17f	23.406	fast
3a912bba-cf7f-4da7-b90a-d079ecccd520	18.154	fast
a21fade2-9934-4c16-aee7-bf2b3589ea1f	30.254	fast
1b123599-2520-4371-89c0-7a05b0b7612c	25.585	fast
2d9c8fa1-17bf-47e3-8c7a-0b7f64167ebd	21.184	fast
964d552a-cb61-491f-b9a3-e0d6e86638b3	19.385	fast
df614817-d45c-416e-90bd-6c83e91e0e2d	27.813	fast
79be852b-829c-4973-a5b7-7c081d8f3773	16.695	fast
343fbbd1-6943-47a1-9fa0-6497a9fe7032	26.567	fast
79ba30ef-a86d-446b-8ef8-f3e9a572e2fb	8.963	hac
d00f216a-43c3-4e03-b08f-6135e84f2b1f	13.050	fast
6786348d-78f0-47ca-b89d-dccc07c299a7	15.247	fast
1f136adf-8835-4fe3-b6f5-2c6d5d6690bc	22.890	fast
93997c15-842e-440b-9b56-0a0e864ce630	9.314	hac
4ac2150d-86f0-4ea5-b913-db5d6c06005e	23.193	fast
867e8a33-e339-40c4-afbd-d88ae0cb3b2f	26.142	fast
38d249c7-1908-45b0-9096-fe092db5e02d	19.978	fast
a52a3564-babf-4c7b-974c-e8d5265b4c32	26.461	fast
1c1899fa-28e7-478f-a2c0-b11a78433364	20.140	fast
51901335-dd4e-4f7c-92a7-c6c2fb7e9ba7	15.752	fast
979feac4-398b-484b-9621-b1c867b25bfb	22.499	fast
5ed55de2-40b2-4781-99f5-61995bbdd633	12.981	fast
cf852e32-d691-496a-8696-5b463d9d6fe0	5.328	hac
11b78b1f-b7f5-4a7d-a733-9a1872de9a4b	24.861	fast
55c97af1-cbef-4257-a013-93a46569c9c5	21.662	fast
7f396481-0fd7-4b40-92dc-09ff470e2334	21.547	fast
624a5723-e14c-48e8-ac1f-9976b009eabc	24.821	fast
7ebf63cc-16d8-4374-b41e-f52546a9d864	18.601	fast
f31e7a49-099c-4919-aeae-f11c5af8b716	8.212	hac
e4b6967f-e7d6-4a9b-af54-ab4e2adff313	17.966	fast
861002b6-a20a-4242-ba6d-8c4ea9efb1c2	25.382	fast
9d8ebed1-79f9-42d0-9174-415de070df46	16.023	fast
88901893-1c17-4efe-a717-00253967fdfe	23.154	fast
861c6f7d-cd9f-405a-a265-838517121386	25.500	fast
8aa7a9a4-79ce-46a3-a944-c598100ac1da	8.134	hac
560182ed-8f1e-4fcc-8c8a-d3dfa6c03739	26.136	fast
69a95f5f-967a-40a5-8f4e-13c33426aa3f	21.056	fast
fc493637-7212-43d3-9b5b-81e870708848	21.433	fast
16acd3dc-b03f-4ff2-adae-5871f53bf883	25.083	fast
6432b997-d44e-441b-b63e-ac3d63090ffb	24.204	fast
49e79a1a-72f6-4f02-856c-fbc2ef58cf61	28.558	fast
ff3b0a86-f7b5-48d3-8b5d-495f2ff0d0b4	22.159	fast
66f12bd4-ce9c-4c5c-beca-d157c8e2372a	25.425	fast
a389beb9-1991-497e-b9d9-91a8f26329a9	7.727	hac
1b0e77b0-5ef8-4c4b-8561-fa9da92d1436	17.349	fast
855ad1a2-e6ec-4a74-8fa3-fc402e0f0de3	5.727	hac
3b605e44-975d-4423-8b43-d0845071d6d1	9.611	hac
413836ca-ec4e-42ac-9826-a9981d35a9a8	13.255	fast
1e4f5612-2e38-4c0b-9331-827b9abff711	25.904	fast
362d2420-f0e6-42bc-929e-f9daa43ca0e6	22.042	fast
73967c0a-4797-40dd-b8c6-c06d522c005e	5.392	hac
c9044434-5c8b-4a12-abc0-383a156c38dd	21.216	fast
e324a517-5a09-4b6d-9000-de696d6bbef0	5.701	hac
ec895e5b-0d2d-44d4-a968-030cdf11001f	23.580	fast
84e09bd0-bc35-4fd6-8a79-ff2a5f0685f1	23.572	fast
ac8f03e5-1752-4e26-9a26-2c3e9bcff43d	25.685	fast
6f821f69-2f6e-4186-b131-18a0f1607b73	9.405	hac
ee8a0753-8e56-4fcf-9757-41660cf40218	25.867	fast
7e5426ee-c588-4e72-8ef1-9024ca664ea1	3.804	hac
c7bb9f88-bd53-43b3-96b4-c358d6ec865e	24.534	fast
ff072afb-5c97-4d51-9328-4c9daac11df4	19.560	fast
f4ff100a-fcb8-49c7-af22-8bf1a7ba5eba	29.365	fast
e8c64255-e1d3-49d0-bdbf-deb1794091b2	24.434	fast
897ff4e4-1028-41df-b51b-681fd5bbd52e	21.020	fast
46c693e1-82da-46b8-9c6e-0dd802d4e9b3	23.562	fast
ef246875-50e5-419c-8d83-907f9fb2a870	25.511	fast
eeb7810c-d47a-4865-a584-0229f515cb59	20.924	fast
745e3f87-e797-4a2c-b73e-81abe3375767	26.233	fast
07d7a143-6769-4a9b-952c-455fde65b9c1	25.294	fast
14c630b4-35c6-422c-9815-bfb44d97f7a6	19.183	fast
1960e171-f73e-499b-b758-4a2b69432e3f	19.543	fast
aab095cf-a98f-4b17-9b69-b507f87e09e0	17.313	fast
8da12ab6-212a-4100-8670-8206cb614740	21.771	fast
158e6782-a1e1-4fb9-b5de-c6fb497ed4f4	21.378	fast
cc512f4d-e682-4aaf-a72c-72b606ad6fbd	15.813	fast
802f4065-c986-4907-9501-0baf455d29e6	6.639	hac
ef5cba8a-a642-431d-9c57-359a30f909b9	25.644	fast
2baf12b5-1cd1-4a3a-b2a3-081d5726fc90	23.266	fast
ae6baa7e-5478-40d3-a1fd-bbffd60a326a	24.478	fast
ca08f91f-95c2-4fe6-83e5-33fc802b55a6	25.035	fast
65587c47-0c74-4f29-92a4-98a902a9cd9a	24.893	fast
b9c2bf32-9f97-432c-8548-dbd959985d47	26.504	fast
227d4929-9b4a-4070-bb55-b64675f6b1d4	23.666	fast
58a0b6b9-b0db-4541-933f-b5f68c323aa8	21.519	fast
3b880719-e4ab-4892-b5cb-e0439dba1a34	22.698	fast
78d42936-3210-44ce-88df-f03ba27c065f	25.810	fast
e02b6edf-f6bb-447d-8924-adfcc59c1e8d	11.674	fast
6195bc6d-e718-4d79-8245-29dcf2c19783	23.543	fast
9fddc790-f640-45cf-b972-170509cabbba	24.467	fast
213875e3-a36d-4d9c-92d5-5a574a827a3d	9.826	hac
c45fdc69-1812-40e8-85a3-2ec4f72a8d52	17.788	fast
7b99c0d5-1f96-4a70-a187-0c948f5a9f3c	25.331	fast
e94903a4-4dc7-4733-8812-9c2ee9852594	20.887	fast
5fb12240-f7f9-4781-9b74-ec8ca75d3d9c	19.324	fast
65b81710-09b3-41f6-b50e-05417495dc28	18.018	fast
d3d17209-2149-40c6-ac0c-7f88a8dd2f6e	17.452	fast
edb24763-dc2a-429b-b252-28261fb1db87	19.867	fast
52ec3392-1e30-48b3-b878-082e2b66d6ec	20.672	fast
ce854318-df5a-4b97-b67d-9eef09a4a337	25.517	fast
404de59b-feb6-4ea4-a36d-e0523911e484	25.758	fast
28583e63-0d0a-4343-bad8-2f84d360d077	25.773	fast
a89b3c1c-7057-4954-a331-046f353b0b17	24.254	fast
77cb4dea-5119-475c-bcb2-81145c5d2dd4	8.877	hac
6c6a14b6-5345-4dfe-950d-0230fbe1846c	19.249	fast
21d9309a-86d1-44c3-b926-1ccadcbd2dfb	22.149	fast
c119a6a0-2c81-4dd0-a3ca-af2be032bb33	25.112	fast
c23548e7-6662-4d3b-8b86-24615819e639	25.232	fast
ebe40bac-e1cf-4dfe-9fdc-2064b693a618	25.882	fast
46201734-d59f-4c62-b043-c994fcf625f1	10.020	fast
bd36c58d-3e97-4626-9b30-4e81132f036d	28.131	fast
5a7c5744-ef0c-42a7-99f9-16d02bc78a32	16.245	fast
ac43aec8-c291-40f8-ab09-f70c27f40217	25.894	fast
a4e4630d-a7e4-4e48-8382-ff42f8464a60	28.574	fast
97334891-4207-4336-a592-799ca8ab2903	26.299	fast
27ddac3e-5d01-4783-8224-89d84c719ab7	26.567	fast
1419973a-00ed-4e92-85f8-a8518e670fe0	24.693	fast
a1d38ab6-3b82-4830-a461-20159110af26	32.531	fast
389d596a-eea3-4961-9fb2-ac22c6938ef6	21.087	fast
b1f57e73-9b10-473b-9155-e702972122a4	19.640	fast
0f65b71f-edd6-4967-9e7d-8bc6f2cd1cba	20.951	fast
bd647be9-a49d-4097-9290-3c507b185549	27.047	fast
3f1a77d6-dcac-4986-ba73-2fe17c3ea51f	27.555	fast
6da02b2a-e58d-42a8-b76f-dcb1b05204ba	17.690	fast
ae12c3d7-8f4a-411e-a659-37a3fea91f04	25.277	fast
6d70725d-8754-4468-be7f-c22879674f4d	23.963	fast
eadc6640-9e6a-4f32-9d8e-ecbcc89dc87d	24.914	fast
cdee9d0d-76b4-40e1-948e-0a00e260ec48	15.910	fast
698d6ec8-16e6-4cc1-949a-6ab2c6ed2dab	25.908	fast
a5d4301b-1f00-490f-ae6a-7ccc933e1a65	15.588	fast
bd33d017-a370-4ba1-9796-03c5bd192d54	9.530	hac
13ced0f0-475b-4309-bcda-7632af694668	23.407	fast
34fadc94-14d3-4beb-a03f-fa174501f311	23.854	fast
4f5644d0-159a-4bee-a474-326e2e1a4eed	23.260	fast
503b9dd9-401b-4407-ba05-d24e8f8ac55e	7.887	hac
f93543f1-e70e-4f21-b2a0-cac55d4d3241	23.304	fast
91128a81-a77c-423f-9d7c-38883e2995f5	21.448	fast
bc52b07e-72b1-4f20-82dc-bdc9cc7b2632	20.635	fast
51c450b6-afa0-406b-b062-47fbe36deeed	13.174	fast
20aa30c2-b411-4393-85db-55e4f231b11c	7.091	hac
cbd0e85c-52ac-4ae8-8913-289f0743cc7b	6.820	hac
5c6c8abe-15ce-4084-8a1d-b285ec405051	6.758	hac
3c359307-1e19-4e74-ab23-03569c0f1c08	18.389	fast
9b1925c9-f24e-498f-8fd6-fee0907cd1e8	18.470	fast
870be578-7e0f-4b4b-a16d-e992b10a0b2e	20.571	fast
0db27683-f95b-4707-aab9-f6001c522791	5.080	hac
83d3e14b-bce0-42c2-a01f-39a8d9d64783	7.027	hac
27ebda1d-f438-405c-a466-c1f69b3b04cb	8.935	hac
fc6ea355-a33b-4cd7-8c0e-f229825d9cd3	25.992	fast
a64b9e08-c354-4b32-9601-c85bc6bfbb9d	22.782	fast
a0ea6338-6789-4df3-9f93-51d8902cea1b	8.493	hac
9a470ff4-1fbd-4ba1-a0fd-0ea789a64c2e	23.260	fast
84d2f2fe-a792-440e-996e-c1979ec9d593	26.087	fast
27b0d222-ad9b-4785-a18a-551ada92d815	7.140	hac
a77710e7-cca2-4303-9872-988d73cbeb1a	20.164	fast
d22d45a9-0ab4-4206-b138-2ec52c67277a	5.357	hac
f9aeff56-218c-4bfc-9421-6276d06b3074	17.894	fast
7479aa72-095f-4d2d-91e1-4d08cb489117	6.543	hac
dfccc6fe-9d3c-4450-a829-64eef90b761c	22.509	fast
c378f459-a92e-43cc-af66-2929c7211586	20.014	fast
73eb1fee-c239-46ea-8c1d-734459307209	26.523	fast
a560c9f1-8ee2-49ce-b776-5781a23ea106	19.293	fast
c7679534-c08f-4cd8-9774-2e6340dc3cfd	19.193	fast
c652281f-73ba-4aea-a2b4-c17990b9e6d7	24.758	fast
4a83e0f9-4d5f-40e9-9ee3-a77280745d01	9.026	hac
4c380d0c-f414-423f-a10d-ffeed3590fcb	24.001	fast
a035e97f-1e24-415e-ae77-7e86d4ff7803	21.919	fast
fab2e1a3-60a5-478d-9d08-c8e91108d71d	11.237	fast
bc35b54c-4643-46fd-86c6-5ea4fb228886	28.086	fast
452085ec-4340-4bf9-a216-cc2f457411bd	5.001	hac
a0d77db7-deae-4048-a4c4-00e8d753404b	23.817	fast
eac9dc31-1c6f-4129-94f3-52d198727129	25.247	fast
53ed07e3-0bec-4970-b785-0ae24e3d7b01	11.771	fast
c0837f81-b535-428f-a071-65cbabc8d630	21.031	fast
8cbe16a1-4339-4edd-b4ea-42f53a67cec3	7.844	hac
45bfb5f7-1702-467b-b33c-dd5e38dd71d1	24.409	fast
f3339599-c0ef-4229-8014-fe5bf65b0327	11.891	fast
f2fff3dd-235c-4a9b-ad25-23c007beab7c	8.722	hac
843bf6ca-580b-4cca-aae1-ec314f2c1bf5	25.190	fast
21086e24-5a19-491c-acb0-bf271d75ce6d	24.783	fast
45582a01-55e4-4bf8-828d-ff9aa9db6a63	26.083	fast
4a238254-3a24-4516-85cb-dc0fbc9ef4bd	17.191	fast
cdf589cb-e362-46a8-90b2-97ff1fb96b81	9.998	hac
c24e7d72-0396-4831-b700-bc0db24f3909	21.286	fast
fa82e510-7a23-445f-915c-76cf00caccab	24.197	fast
0e594ca5-f308-4513-b5ed-9946269a6f34	7.261	hac
afd2752d-c040-429f-b890-991329dad3ae	27.593	fast
8b915ead-839f-4c53-8a6d-0c87e63818fc	24.104	fast
5dfef6e8-cc61-48f9-8c96-815443ebcbbb	27.360	fast
a114e951-f616-4d14-a8e1-723cbbc420f2	21.530	fast
e99cefe3-fcd3-432c-941b-aa2121219d76	22.643	fast
377b24ce-a738-4fc4-8625-df1e0af57f17	8.685	hac
c6df2a1e-0b01-4992-a2a7-7d56d611c041	25.405	fast
1a084bba-03b9-470a-bc63-e24709572437	15.049	fast
2d65e7e1-46fa-4f1f-9e7f-d574ecb36227	27.903	fast
57861e3d-f573-4dc5-85d4-c48215f11363	17.647	fast
952ef149-9b0f-478d-b5f2-7603ffdd4457	24.646	fast
9f42a1f2-beb3-4a76-bc7d-a12cb31d887e	19.534	fast
cf4f358c-b2ec-4c52-b449-ff2a4ced60ab	26.395	fast
9ab80fef-60ab-4ee8-84ad-babbaf114f37	12.092	fast
d05e6ce3-63d1-4c88-a036-aa07c5993232	24.614	fast
8b53da44-6de0-4b4a-8bda-5c85f2fd21cb	24.124	fast
b1fedf89-e537-4cc9-b359-ff8b9af1de26	26.163	fast
e1fdcdcc-a8b4-4eaa-9390-669e0e6060ef	6.289	hac
e868f5e7-60b2-4f5f-ad26-ee9cc4946153	26.800	fast
78b4d036-d068-466f-a43c-5d708ef451b9	10.191	fast
b21198ea-0879-42e0-a40f-a6330e35dedd	7.484	hac
566888b7-e565-4deb-a277-ab5ec013180b	21.931	fast
3caabc96-d237-4e2a-8f2e-f6179ab52e9d	6.913	hac
74c64e13-e393-4595-9135-970f0dc67381	9.450	hac
e316748b-d867-41ea-9ac6-b632794d07e8	12.338	fast
44632e64-efa0-481e-9176-cc071c60571c	24.282	fast
8096d753-5523-4416-95f5-aecc5d22607e	24.262	fast
a1ee61a8-1cf9-4a11-8f57-e1be6ae63a02	13.456	fast
d4d4d41e-6646-41a8-9c0d-6b00c22867e8	7.656	hac
ce57e426-16e2-442a-8aac-dac7eb3d166e	16.379	fast
7d1f2c70-1faf-4e88-8f7d-b91b7dcecf24	25.141	fast
7bff1dbd-bb6f-4adc-8ef7-7749ce06fe7d	24.126	fast
b6fe618d-e223-4370-9b5a-04712518edb9	20.047	fast
3b990fd9-7de2-47ee-89fc-d0e7aa2b302a	8.830	hac
63fc197f-a0a9-4880-9ffe-eddff666d582	25.609	fast
66992c15-849b-4989-9897-1b9606dcfefb	10.279	fast
3ff33002-8967-47f7-a0ac-702a5fee8004	8.216	hac
6e4d2016-892e-4717-9ca6-9b37a091b96a	20.649	fast
ce1a8f28-549b-4ac5-9c6a-99ba32160149	22.635	fast
52d54e14-2a12-4109-b233-c41f82c2ff85	19.253	fast
97647170-bdcb-4fbb-9236-37903127878a	9.244	hac
df95e7d7-6fc0-44a2-b95e-510b9e11c18d	24.358	fast
59d622f7-1163-45ba-a982-10683f9c70fe	12.858	fast
2ff5ac9f-e1dd-48c2-97b9-81ce421423be	22.198	fast
ceada7ee-530b-4411-bd42-373bc6746da5	23.178	fast
263b140d-3926-4755-970b-1e037a4f77a5	22.109	fast
2e2080db-986a-422c-b5e7-50789e704fdf	23.727	fast
b5b24d14-2b41-470a-8257-76a5112e0ae1	25.652	fast
602c951e-2a93-4d77-a38d-c467b23d7412	17.296	fast
72e5e623-c068-4298-81ae-7066d00a17c9	20.769	fast
4cca89de-9365-4596-9315-8c0dc7143028	24.517	fast
39433b91-a290-4d31-95c0-de2701a6c27c	5.232	hac
62bd31ba-901c-4c5b-8b88-a823de68a2eb	7.636	hac
c1b489e0-e1e9-4de0-92d1-4385769036b5	7.879	hac
8d0fb9e7-e452-458e-8ed5-3d337fd74782	24.957	fast
8f06fd9c-b699-49fb-8a3e-d7f6c24fe1fb	9.636	hac
f23df071-4afb-48ac-84e2-f0d571c1c65f	10.905	fast
a1f00cb4-1b10-41e4-8e2e-8e8b021e27d7	25.572	fast
ed2566c5-fb47-4018-a38c-3b19bf6fc95f	4.310	hac
5073850e-0de3-4f00-a53d-8288e1923650	21.757	fast
d75b3d0f-b17c-49ae-99af-6ced6f759acb	23.142	fast
645de075-0acd-4ec3-ba30-217ba69664c4	18.456	fast
4c6685b4-d9ae-437b-99cc-fe221b2724c2	26.040	fast
94d62989-a78b-4da7-a5e0-8e804ed168fb	25.550	fast
432cd61b-feae-4387-8ff4-5be35cc18790	19.115	fast
ab4fd14d-3196-410d-8fab-0e57e545328f	10.988	fast
80155eb9-b920-4033-91f0-567268c893ca	26.757	fast
f0959a7c-2f3d-4366-8d46-81147c4ea115	19.223	fast
7b5e9413-8e72-4f29-b22c-ca10f957fae7	10.757	fast
ab4c0e75-0708-40e4-9c07-336ed6ee89b1	10.070	fast
14a046c7-b1dd-4f4c-bdce-6c7cf595480c	23.667	fast
e1c8a821-5d4b-4311-888a-335e4e804643	20.743	fast
e28819a0-d25b-4e0e-ac39-df0869f78aa2	26.508	fast
97a62b00-eb56-4367-bead-94630704a373	23.748	fast
6c979560-912e-4b47-ad66-5e4191ac8ebb	26.295	fast
1ca72829-bb8a-41e7-a45b-b0031a1440b4	25.683	fast
066fbb5f-0811-4304-b896-f3e33d23022a	23.076	fast
976d4d9d-9265-444a-8d0d-7c015155029e	24.104	fast
0523a53d-b1c7-4765-b2b9-8d0f332b097b	26.928	fast
1e899cd8-43d6-4585-a8b2-15a552811641	26.546	fast
ebec067f-4dfc-4de2-b0fa-18f528f39822	14.111	fast
bc08157e-9514-4455-b0b3-a63b824be321	17.858	fast
0002b8be-cb5f-4458-b5b8-948d836bc8d8	20.582	fast
640949db-06bb-43dc-92f7-67940b770118	20.627	fast
7496d7ef-b4fb-4528-8189-c6b0a8fc50e2	24.289	fast
802b6f3b-0eaa-4a95-958f-f8963b47d500	22.195	fast
11a6a53a-512a-4b53-9e32-2e34743507c8	23.242	fast
f2471769-8833-498f-a1ad-d8ee790046b8	10.186	fast
de229b4a-fcef-4746-9a93-776a2523edf9	22.116	fast
4ce0bebd-632e-4781-a7a8-a6cd9af621fb	6.061	hac
e6d4a1cf-be93-4f07-98e9-9504f17dc876	9.219	hac
c0cbcd1c-eb3e-41e8-bd52-b241ccd5e4a4	22.620	fast
ee93b2e7-ae3e-4348-82ee-08dd4f37fdbf	8.343	hac
331a181e-3c8f-4243-aed0-a24800e61b63	10.653	fast
a5d868ed-f584-4758-b623-e2299e503fda	24.436	fast
10208a33-43ac-48b7-9b20-d8cda82371ec	9.752	hac
ff8ab3d7-abaf-4a59-9d5c-814656d93915	8.753	hac
594e0161-43e5-4437-a626-80b858bc18e0	11.911	fast
212c25c7-8e3d-414a-abce-6fec489bdf19	20.087	fast
a04ae3b9-e2d6-4e80-a81a-dfc971657c49	26.812	fast
33a43115-96c1-4609-874f-a36d26893d93	7.422	hac
f391d18f-0c5c-4427-9b30-cb353ecd9baa	24.365	fast
91a328d1-8911-4c89-971e-e50fc692fecc	25.400	fast
16aea664-15be-4e69-b4f4-8fc701b7b372	23.765	fast
363ba5cb-933b-4671-bd52-2d44f2ba89de	22.812	fast
53242014-5ebc-4353-949d-e9a8a16fbe69	21.418	fast
dd1e9616-5d45-4aea-97a7-96c495144f04	19.161	fast
afdc3364-1d2b-403b-9275-ff6a7310c492	8.971	hac
bc69215e-f4c8-4160-b3e5-8baef0b2abbe	23.517	fast
5c22f3c3-9258-49dd-a276-d6a2083b0ff2	21.971	fast
a8f1b9f4-b3c4-41ce-aa69-400b63f0cf35	20.138	fast
68b896cc-a2bc-43f5-b53b-01082210c7b7	18.880	fast
2742af16-9dac-41e8-9d95-803146cfc461	25.010	fast
4c8caf70-a475-4eae-a38f-8be01a63a002	23.578	fast
92d8fb46-3c15-4f96-b6f6-b622e71fdecf	25.274	fast
3095b519-5b99-430b-80ef-4cb87963b823	24.993	fast
17b09c39-40ab-4373-a76d-fd101c485787	25.457	fast
7440310f-dd7a-4d0f-a12e-4f863a4a3bbe	24.853	fast
49ba5800-51c2-4f2c-bc83-76aae59fa6ca	26.449	fast
4e9d778b-5950-4485-9385-1d06b903cf8a	8.834	hac
de1db490-b04d-40a1-bf83-2bbf48c53f24	15.848	fast
6ee57946-f5f2-485b-ada2-f877a33372e4	28.365	fast
74dba575-8907-4803-a73c-ae99003fa226	27.853	fast
9d728542-2947-43d8-ba06-e798649aac32	15.741	fast
a8c4096c-03e7-4803-9f4a-f26369585c4f	23.959	fast
259459f2-f3d4-40a0-8cbb-7a952da78c4b	21.491	fast
b7874bfb-6ed4-4417-9538-0948b754ffe0	21.381	fast
7774634e-2c1e-41c5-a5c7-e2a0011a36d8	24.524	fast
d845eb6f-198c-49cf-b874-df00c15073ff	21.670	fast
6b380d19-9e29-4a01-987c-93699c3bf9f4	8.275	hac
b23535e2-6df4-40a2-a146-5978b82d8c70	20.269	fast
829af92c-8a72-4e93-8f10-793d3eeaeb8e	8.748	hac
be80d25b-b522-42ff-ae62-c1e4d79a6f33	8.880	hac
c742c4b8-ce64-4202-bc80-f5ee039ccc3f	24.575	fast
9b649686-af5c-4b9b-88b4-75fcb8b4f52f	18.728	fast
9d7cb6f0-f858-4b53-9653-42f4366b28b2	25.855	fast
fef71669-e123-4bec-8d5d-0250c54e8156	16.998	fast
20cb69e9-9dfb-4235-88e9-cd7f638eac59	26.368	fast
1bff25f6-4ba8-46fc-8bec-c3525a58c167	23.824	fast
28e07c5c-2aeb-4f7f-a473-1d70f61cef5e	9.808	hac
5b36d141-f6ac-49b5-83ed-b94819effc06	9.562	hac
8da44e7e-9f1c-4e12-a62a-3d2098966249	26.256	fast
27eff348-0fbb-4629-8bba-d2e30a946e6e	22.623	fast
76c7e596-8e43-40ff-b194-e131b0baad91	5.756	hac
cd7d899c-9318-4070-9d9d-caf333ce09b8	10.681	fast
3665b018-067f-4b38-9563-14a1fafce29f	24.878	fast
03276bf6-6ab0-4209-89bd-134b41f4ae21	16.386	fast
4e54bba3-9b81-476e-8c22-a0845b09f9cb	15.370	fast
c49c5955-aa08-4d23-b368-15b26e4efe66	23.588	fast
89796db2-3b37-4131-9e68-fd594f87f825	18.250	fast
1fd1d3e0-a28c-45b0-8b74-c95a4abba8c2	21.211	fast
fa1cfaab-e74b-4ac9-9fc0-cfbe26759fcb	23.970	fast
3f4d25a9-f6d5-440d-8d2c-2118651b045f	30.249	fast
3ccf405e-3222-4b91-854e-8e772922e76c	24.389	fast
a433544a-dd57-4693-be22-c989f53e9de8	20.919	fast
f1c78ab7-527e-494b-b788-c336c5f04420	6.364	hac
cb7cbdc4-a2b1-42b8-8647-0479edac2cfb	20.746	fast
9e15595a-6b73-490f-a9c4-f09398bcdccd	9.354	hac
58cbcbb5-93fa-4e06-b877-30bec557de42	22.301	fast
3e1da820-b034-495e-a07c-94f8c56ee677	22.106	fast
f4c95e4f-ff97-42bc-b3fa-b1c3fdf278af	22.590	fast
a5c31b96-0340-4822-b23e-f64a46b8c1ef	26.903	fast
667b7f8d-f9e0-440b-a95d-3128b8e7bfb1	10.260	fast
3548f310-d5b4-4802-8f42-08ed28ae3edd	14.095	fast
d80b9562-d683-4ee4-885e-f93987fb6012	23.024	fast
e2173575-dd67-44d6-abf2-075d2d44377b	10.239	fast
1d8a065e-3faf-4b7a-8e3e-38ca5598db50	8.817	hac
3a9fa186-de00-4975-99ae-22d57beb6c06	6.824	hac
0647f2c0-6e0a-4ee8-8972-75668f0466cb	26.664	fast
f76b2721-5826-4968-99c7-26c81d857a7d	22.816	fast
64e8fe6a-10a7-42f7-aaa8-68b313cb14c0	8.738	hac
7a8f1639-bd8b-4bcf-8a08-a0c3f62a03da	18.056	fast
87814a31-c316-4ac7-bfc0-cd851e6fb981	21.928	fast
3e0f5dae-4e7f-4bcd-aa24-057054d0ee96	17.639	fast
b6c59292-da72-4a31-8f73-a5ca4aa5aa08	25.271	fast
c0a73d08-6cec-434c-9bdf-eb72c13ecb34	26.915	fast
75a6a520-c5f9-4516-8e2e-2fcf7de246b4	13.991	fast
fb6b92d6-3d1b-4ce8-a420-d6081ae066ff	22.517	fast
dd0a0d9a-6bcb-42e7-a6dd-0448ed37da8c	24.600	fast
ac5cfad0-ae6e-43c6-b261-2a59bb96c730	22.953	fast
254c7715-7052-403e-ba09-c62054a95e29	15.681	fast
141c5450-c5ce-46af-9b6a-83fc04716e6f	26.052	fast
f2c425ca-8a79-4513-9e95-ffa6a1656ed3	23.042	fast
04d640d6-5e2b-4ef9-bd06-1a626fd43cd9	25.642	fast
b16fb9b8-9caa-4721-b288-104a70eb266a	25.026	fast
f98d0428-78cb-497a-af42-13080303273e	23.011	fast
2fd2baa5-662d-4fd6-aa2c-611fa438e7e0	23.769	fast
f506c7fb-e6d4-4ddd-a3c0-1aac12f30e75	23.642	fast
bbbaa17f-7e9d-40fc-89f7-de4613a5ba3f	17.711	fast
bc6e814e-742d-4eec-81f3-2084d22e76f4	23.223	fast
222ef03c-a469-4d31-b9d4-8949b5368fa3	21.027	fast
68d824cf-6140-4e00-b7ca-e56136ed48ab	25.307	fast
40b3708f-29d4-437c-9479-ed922bdfba78	22.379	fast
027d4318-bc50-4a30-97d4-12c17d4955ca	26.150	fast
3787867e-b9fb-4311-ba2b-20546d7bc9a6	8.611	hac
17d5fb14-7616-40c7-a33d-e0c358d9fab5	9.059	hac
cceda10a-bd38-47a5-958f-199b167f4da0	22.967	fast
26cf35fa-c557-4c32-baec-f76dcc5517d0	9.783	hac
47af27dd-4a32-4ce5-a2de-c5e2a2852505	8.468	hac
c31564c4-5e13-4ceb-8c0e-3230dc00443d	21.741	fast
970d0839-6f5c-427f-a533-52df5d513cf6	12.160	fast
748f027e-1b46-4b8f-8d97-4fc911254753	20.160	fast
f5a5bdb7-9bc6-4b2e-b0db-3345337b654d	22.968	fast
e887e0de-c92f-4d05-9c24-c242b5ceb6c6	12.129	fast
82b4718a-777e-44ba-bc4c-34e245b86af2	22.819	fast
d66df42c-9f6a-4885-a7f5-7ece59995ba9	17.383	fast
4d92be9b-5466-469e-937a-61480c8bdf30	19.756	fast
67133d5d-10ee-4c1b-bc4d-ee776b0781fc	24.105	fast
6e173dbf-9ab9-48f1-b4ac-6d635abdc5c7	7.112	hac
67e409ff-0878-46fd-93c5-64bede2a33ae	22.102	fast
a962e072-11fa-4d3e-aac0-5ea3d5a24b63	24.792	fast
c818de3f-5b1a-4e65-b6ec-3a77f79e5fc9	10.585	fast
