timestamp,ram_used_mb,ram_total_mb,swap_used_mb,swap_total_mb,cpu_mean_pct,gr3d_pct,power_total_mW,power_total_source,power_sum_rails_mW,VDD_CPU_GPU_CV_avg_mW,VDD_CPU_GPU_CV_mW,VDD_IN_avg_mW,VDD_IN_mW,VDD_SOC_avg_mW,VDD_SOC_mW,cpu0_pct,cpu1_pct,cpu2_pct,cpu3_pct,cpu4_pct,cpu5_pct,temp_cpu_C,temp_gpu_C,temp_soc0_C,temp_soc1_C,temp_soc2_C,temp_tj_C
08-11-2026 21:00:18,2032,7607,1375,16384,2.0,0.0,5176,VDD_IN,7301,641,641,5176,5176,1484,1484,4.0,3.0,2.0,3.0,0.0,0.0,57.031,56.906,57.968,57.562,56.312,57.968
08-11-2026 21:00:19,2230,7607,1375,16384,19.833333333333332,0.0,5880,VDD_IN,8555,900,1158,5528,5880,1501,1517,9.0,11.0,61.0,9.0,19.0,10.0,57.187,56.875,57.843,57.343,56.343,57.843
08-11-2026 21:00:20,2670,7607,1375,16384,26.5,0.0,6309,VDD_IN,9301,1078,1435,5788,6309,1519,1557,22.0,17.0,18.0,21.0,59.0,22.0,57.437,56.812,57.562,57.281,56.125,57.562
08-11-2026 21:00:21,3489,7607,1375,16384,58.166666666666664,0.0,6749,VDD_IN,10100,1257,1794,6029,6749,1529,1557,60.0,56.0,58.0,51.0,64.0,60.0,57.562,56.562,57.468,57.187,56.093,57.562
08-11-2026 21:00:22,4816,7607,1375,16384,24.333333333333332,0.0,8054,VDD_IN,12034,1404,1990,6434,8054,1621,1990,14.0,15.0,76.0,15.0,13.0,13.0,57.468,56.781,57.437,57.25,56.093,57.468
08-11-2026 21:00:23,5191,7607,1375,16384,19.666666666666668,98.0,15335,VDD_IN,26021,2405,7414,7917,15335,1896,3272,9.0,16.0,27.0,6.0,60.0,0.0,57.531,58.812,57.718,57.281,56.75,58.812
08-11-2026 21:00:24,5733,7607,1375,16384,12.5,98.0,15927,VDD_IN,26923,3132,7493,9061,15927,2126,3503,3.0,2.0,4.0,1.0,65.0,0.0,57.781,58.937,57.75,57.156,56.812,58.937
08-11-2026 21:00:25,5734,7607,1375,16384,12.5,98.0,17042,VDD_IN,28922,3735,7951,10059,17042,2351,3929,4.0,3.0,4.0,1.0,63.0,0.0,58.125,59.5,57.875,57.375,57.093,59.5
08-11-2026 21:00:26,5734,7607,1375,16384,12.333333333333334,97.0,16767,VDD_IN,28373,4164,7598,10804,16767,2535,4008,2.0,4.0,4.0,4.0,60.0,0.0,58.5,59.593,58.062,57.468,57.343,59.593
08-11-2026 21:00:27,5735,7607,1375,16384,11.833333333333334,98.0,16728,VDD_IN,28138,4480,7324,11397,16728,2690,4086,4.0,0.0,5.0,0.0,62.0,0.0,58.375,59.625,58.25,57.468,57.468,59.625
08-11-2026 21:00:28,5735,7607,1375,16384,11.666666666666666,96.0,16334,VDD_IN,27665,4745,7402,11846,16334,2803,3929,1.0,6.0,1.0,2.0,58.0,2.0,58.625,59.5,58.375,57.468,57.562,59.5
08-11-2026 21:00:29,5750,7607,1374,16384,22.166666666666668,99.0,17082,VDD_IN,29118,5029,8146,12282,17082,2894,3890,16.0,20.0,23.0,6.0,68.0,0.0,58.656,59.281,58.281,57.562,57.687,59.281
08-11-2026 21:00:30,5751,7607,1374,16384,13.666666666666666,98.0,17643,VDD_IN,30207,5304,8602,12694,17643,2976,3962,6.0,6.0,0.0,1.0,0.0,69.0,58.718,60.0,58.437,57.718,57.75,60.0
08-11-2026 21:00:31,5751,7607,1374,16384,12.666666666666666,98.0,17368,VDD_IN,29736,5534,8524,13028,17368,3038,3844,2.0,1.0,4.0,0.0,1.0,68.0,59.031,59.968,58.687,57.75,57.906,59.968
08-11-2026 21:00:32,5752,7607,1374,16384,11.5,98.0,17290,VDD_IN,29587,5728,8446,13312,17290,3092,3851,5.0,1.0,1.0,2.0,0.0,60.0,58.687,60.343,58.656,57.781,57.906,60.343
08-11-2026 21:00:33,5753,7607,1374,16384,11.833333333333334,98.0,17211,VDD_IN,29391,5888,8290,13556,17211,3142,3890,4.0,3.0,2.0,1.0,0.0,61.0,58.875,60.437,58.625,57.781,57.937,60.437
08-11-2026 21:00:34,5753,7607,1374,16384,12.833333333333334,98.0,17200,VDD_IN,29301,6022,8172,13770,17200,3188,3929,2.0,1.0,3.0,7.0,0.0,64.0,59.187,60.437,58.718,57.968,57.937,60.437
08-11-2026 21:00:35,5758,7607,1374,16384,16.666666666666668,98.0,17160,VDD_IN,29183,6135,8055,13959,17160,3231,3968,8.0,4.0,9.0,18.0,0.0,61.0,58.937,60.437,58.812,58.031,58.062,60.437
08-11-2026 21:00:36,5758,7607,1374,16384,12.0,97.0,16885,VDD_IN,28609,6218,7716,14113,16885,3272,4008,2.0,5.0,1.0,2.0,0.0,62.0,59.031,60.187,58.906,57.968,58.125,60.187
08-11-2026 21:00:37,5758,7607,1374,16384,12.5,98.0,16846,VDD_IN,28452,6284,7520,14249,16846,3313,4086,4.0,3.0,2.0,3.0,0.0,63.0,59.281,60.25,59.0,58.062,58.125,60.25
08-11-2026 21:00:38,5758,7607,1374,16384,12.833333333333334,99.0,16531,VDD_IN,27863,6331,7285,14358,16531,3348,4047,7.0,3.0,2.0,3.0,3.0,59.0,59.468,59.812,58.937,58.156,58.281,59.812
08-11-2026 21:00:39,5758,7607,1374,16384,12.833333333333334,65.0,16373,VDD_IN,27782,6389,7598,14450,16373,3369,3811,4.0,3.0,3.0,2.0,0.0,65.0,59.531,60.093,59.125,58.25,58.218,60.093
08-11-2026 21:00:40,5758,7607,1374,16384,13.0,98.0,17565,VDD_IN,30012,6478,8446,14585,17565,3396,4001,4.0,1.0,3.0,2.0,0.0,68.0,59.25,60.437,59.062,58.156,58.468,60.437
08-11-2026 21:00:41,5757,7607,1374,16384,17.5,98.0,17526,VDD_IN,29972,6567,8602,14708,17526,3415,3844,20.0,7.0,3.0,5.0,0.0,70.0,59.406,60.531,59.281,58.218,58.531,60.531
08-11-2026 21:00:42,5758,7607,1374,16384,12.0,97.0,17250,VDD_IN,29469,6637,8329,14809,17250,3434,3890,2.0,5.0,2.0,3.0,0.0,60.0,59.531,60.468,59.25,58.312,58.437,60.468
08-11-2026 21:00:43,5758,7607,1374,16384,12.0,97.0,17250,VDD_IN,29430,6701,8290,14903,17250,3452,3890,2.0,2.0,4.0,2.0,0.0,62.0,59.75,60.687,59.25,58.375,58.562,60.687
08-11-2026 21:00:44,5759,7607,1374,16384,12.833333333333334,98.0,17211,VDD_IN,29351,6757,8211,14989,17211,3469,3929,3.0,3.0,3.0,4.0,1.0,63.0,59.625,60.625,59.312,58.5,58.593,60.625
08-11-2026 21:00:46,5759,7607,1374,16384,11.666666666666666,97.0,17082,VDD_IN,29027,6802,8016,15063,17082,3486,3929,1.0,2.0,2.0,1.0,4.0,60.0,59.5,60.812,59.5,58.437,58.656,60.812
08-11-2026 21:00:47,5760,7607,1374,16384,12.166666666666666,97.0,16924,VDD_IN,28608,6832,7676,15128,16924,3504,4008,3.0,5.0,2.0,2.0,0.0,61.0,59.656,60.843,59.562,58.531,58.562,60.843
08-11-2026 21:00:48,5759,7607,1374,16384,16.333333333333332,98.0,16964,VDD_IN,28648,6857,7598,15189,16964,3523,4086,5.0,17.0,9.0,5.0,0.0,62.0,59.875,60.937,59.406,58.468,58.687,60.937
08-11-2026 21:00:49,5759,7607,1374,16384,12.166666666666666,99.0,16491,VDD_IN,27744,6869,7206,15231,16491,3540,4047,4.0,3.0,4.0,2.0,1.0,59.0,60.187,60.437,59.5,58.656,58.812,60.437
08-11-2026 21:00:50,5759,7607,1374,16384,12.333333333333334,73.0,16452,VDD_IN,27940,6893,7637,15269,16452,3550,3851,1.0,1.0,3.0,1.0,2.0,66.0,59.625,60.625,59.593,58.75,58.812,60.625
08-11-2026 21:00:51,5760,7607,1374,16384,13.5,98.0,17565,VDD_IN,30051,6941,8485,15338,17565,3563,4001,3.0,1.0,4.0,2.0,2.0,69.0,59.687,61.093,59.687,58.656,58.968,61.093
08-11-2026 21:00:52,5760,7607,1374,16384,13.666666666666666,97.0,17408,VDD_IN,29815,6989,8563,15399,17408,3572,3844,6.0,3.0,1.0,2.0,0.0,70.0,59.906,61.062,59.687,58.687,58.968,61.062
08-11-2026 21:00:53,5761,7607,1374,16384,11.333333333333334,97.0,17211,VDD_IN,29430,7027,8329,15451,17211,3581,3890,4.0,2.0,1.0,3.0,0.0,58.0,59.843,61.0,59.687,58.75,58.968,61.0
08-11-2026 21:00:54,5766,7607,1374,16384,17.166666666666668,98.0,17408,VDD_IN,29738,7065,8407,15505,17408,3590,3923,11.0,17.0,6.0,5.0,1.0,63.0,60.25,61.093,59.687,58.843,59.062,61.093
08-11-2026 21:00:55,5763,7607,1372,16384,13.0,98.0,17290,VDD_IN,29503,7098,8290,15554,17290,3599,3923,5.0,1.0,2.0,3.0,2.0,65.0,60.0,61.343,59.781,58.812,59.0,61.343
08-11-2026 21:00:56,5764,7607,1371,16384,13.166666666666666,97.0,17160,VDD_IN,29144,7122,8016,15596,17160,3609,3968,11.0,3.0,1.0,3.0,1.0,60.0,59.937,61.375,59.781,58.906,59.125,61.375
08-11-2026 21:00:57,5765,7607,1371,16384,12.0,97.0,16924,VDD_IN,28687,7139,7755,15630,16924,3619,4008,4.0,3.0,2.0,1.0,0.0,62.0,60.093,61.406,59.781,58.906,59.062,61.406
08-11-2026 21:00:58,5765,7607,1371,16384,12.666666666666666,97.0,16885,VDD_IN,28491,7148,7520,15661,16885,3631,4086,2.0,2.0,6.0,3.0,0.0,63.0,60.281,61.437,59.843,59.0,59.0,61.437
08-11-2026 21:00:59,5765,7607,1371,16384,11.833333333333334,99.0,16452,VDD_IN,27745,7151,7246,15681,16452,3641,4047,3.0,5.0,2.0,1.0,1.0,59.0,60.593,61.031,59.843,59.062,59.187,61.031
08-11-2026 21:01:00,5769,7607,1371,16384,16.666666666666668,53.0,16531,VDD_IN,28137,7165,7755,15701,16531,3646,3851,6.0,7.0,7.0,8.0,14.0,58.0,60.125,61.25,59.968,59.093,59.25,61.25
08-11-2026 21:01:01,5770,7607,1371,16384,13.0,99.0,17604,VDD_IN,30129,7197,8524,15745,17604,3654,4001,3.0,3.0,1.0,1.0,70.0,0.0,60.187,61.75,60.187,59.093,59.406,61.75
08-11-2026 21:01:02,5770,7607,1371,16384,13.166666666666666,98.0,17408,VDD_IN,29776,7227,8524,15783,17408,3659,3844,2.0,4.0,2.0,2.0,69.0,0.0,60.156,61.531,60.031,59.187,59.281,61.531
08-11-2026 21:01:03,5771,7607,1371,16384,11.666666666666666,96.0,17329,VDD_IN,29619,7253,8407,15817,17329,3664,3883,1.0,3.0,4.0,2.0,60.0,0.0,60.343,61.531,60.062,59.187,59.25,61.531
08-11-2026 21:01:04,5771,7607,1371,16384,12.166666666666666,97.0,17250,VDD_IN,29423,7276,8290,15848,17250,3668,3883,26.0,1.0,4.0,3.0,39.0,0.0,60.468,61.593,60.125,59.218,59.468,61.593
08-11-2026 21:01:05,5771,7607,1371,16384,12.333333333333334,97.0,17250,VDD_IN,29384,7295,8211,15878,17250,3674,3923,31.0,1.0,4.0,2.0,36.0,0.0,60.156,61.593,60.156,59.218,59.406,61.593
08-11-2026 21:01:06,5774,7607,1371,16384,16.166666666666668,97.0,17250,VDD_IN,29345,7313,8133,15907,17250,3680,3962,4.0,4.0,21.0,9.0,27.0,32.0,60.25,61.625,60.25,59.125,59.437,61.625
08-11-2026 21:01:07,5775,7607,1371,16384,12.333333333333334,98.0,17003,VDD_IN,28766,7322,7755,15929,17003,3686,4008,2.0,1.0,5.0,4.0,0.0,62.0,60.562,61.625,60.125,59.218,59.406,61.625
08-11-2026 21:01:08,5775,7607,1371,16384,12.166666666666666,97.0,16885,VDD_IN,28530,7327,7559,15948,16885,3694,4086,1.0,3.0,4.0,2.0,0.0,63.0,60.625,61.468,60.156,59.281,59.406,61.468
08-11-2026 21:01:09,5775,7607,1371,16384,12.0,99.0,16649,VDD_IN,27981,7324,7206,15962,16649,3703,4126,2.0,1.0,6.0,2.0,0.0,61.0,60.875,61.031,60.218,59.437,59.531,61.031
08-11-2026 21:01:10,5775,7607,1371,16384,11.833333333333334,98.0,16452,VDD_IN,28019,7332,7716,15972,16452,3706,3851,2.0,3.0,1.0,2.0,0.0,63.0,60.312,61.468,60.343,59.5,59.625,61.468
08-11-2026 21:01:11,5776,7607,1371,16384,13.333333333333334,99.0,17329,VDD_IN,29581,7351,8329,15997,17329,3710,3923,4.0,2.0,2.0,3.0,0.0,69.0,60.437,61.687,60.375,59.375,59.562,61.687
08-11-2026 21:01:12,5776,7607,1371,16384,17.5,98.0,17604,VDD_IN,30246,7377,8759,16027,17604,3713,3883,7.0,4.0,17.0,7.0,0.0,70.0,60.75,61.812,60.218,59.437,59.625,61.812
08-11-2026 21:01:13,5777,7607,1371,16384,12.0,93.0,17329,VDD_IN,29658,7396,8446,16051,17329,3716,3883,2.0,3.0,5.0,2.0,0.0,60.0,60.593,61.937,60.375,59.437,59.625,61.937
08-11-2026 21:01:14,5777,7607,1371,16384,12.0,98.0,17329,VDD_IN,29619,7414,8407,16073,17329,3719,3883,5.0,2.0,0.0,3.0,0.0,62.0,60.843,62.0,60.406,59.5,59.656,62.0
08-11-2026 21:01:15,5778,7607,1371,16384,12.166666666666666,98.0,17329,VDD_IN,29542,7430,8290,16095,17329,3723,3923,5.0,1.0,3.0,2.0,0.0,62.0,60.562,62.0,60.531,59.625,59.687,62.0
08-11-2026 21:01:16,5779,7607,1371,16384,12.666666666666666,97.0,17172,VDD_IN,29234,7441,8094,16114,17172,3727,3968,7.0,4.0,1.0,3.0,1.0,60.0,60.656,62.031,60.468,59.468,59.625,62.031
08-11-2026 21:01:17,5779,7607,1370,16384,11.833333333333334,98.0,17042,VDD_IN,28922,7448,7872,16130,17042,3732,4008,2.0,4.0,1.0,2.0,0.0,62.0,60.781,61.968,60.406,59.468,59.656,61.968
08-11-2026 21:01:18,5780,7607,1370,16384,16.666666666666668,98.0,17054,VDD_IN,28934,7454,7794,16145,17054,3738,4086,9.0,18.0,4.0,7.0,0.0,62.0,60.718,61.812,60.5,59.625,59.687,61.812
08-11-2026 21:01:19,5780,7607,1370,16384,11.666666666666666,99.0,16649,VDD_IN,27981,7450,7206,16153,16649,3744,4126,4.0,2.0,3.0,1.0,0.0,60.0,61.156,61.625,60.656,59.625,59.812,61.625
08-11-2026 21:01:20,5780,7607,1370,16384,11.666666666666666,99.0,16413,VDD_IN,27940,7454,7676,16158,16413,3746,3851,5.0,1.0,1.0,2.0,0.0,61.0,60.531,61.812,60.593,59.531,59.781,61.812
08-11-2026 21:01:21,5781,7607,1370,16384,13.166666666666666,99.0,16964,VDD_IN,28961,7464,8107,16170,16964,3748,3890,5.0,3.0,1.0,2.0,0.0,68.0,60.687,61.468,60.625,59.593,59.843,61.468
08-11-2026 21:01:22,5782,7607,1370,16384,13.833333333333334,97.0,17368,VDD_IN,29736,7480,8485,16189,17368,3750,3883,3.0,3.0,4.0,2.0,0.0,71.0,60.875,62.062,60.656,59.687,59.937,62.062
08-11-2026 21:01:23,5782,7607,1370,16384,11.833333333333334,98.0,17368,VDD_IN,29736,7495,8485,16207,17368,3752,3883,2.0,1.0,4.0,1.0,0.0,63.0,60.656,62.312,60.625,59.687,59.906,62.312
08-11-2026 21:01:24,5782,7607,1370,16384,16.666666666666668,98.0,17565,VDD_IN,30051,7512,8563,16228,17565,3755,3923,13.0,6.0,6.0,6.0,6.0,63.0,61.125,62.375,60.625,59.875,59.968,62.375
08-11-2026 21:01:25,5782,7607,1370,16384,12.5,97.0,17368,VDD_IN,29620,7524,8329,16245,17368,3757,3923,9.0,1.0,2.0,2.0,0.0,61.0,60.718,62.437,60.781,59.656,59.906,62.437
08-11-2026 21:01:26,5783,7607,1370,16384,11.166666666666666,98.0,17133,VDD_IN,29195,7532,8094,16258,17133,3760,3968,4.0,1.0,0.0,2.0,0.0,60.0,60.843,62.406,60.656,59.718,59.906,62.406
08-11-2026 21:01:27,5784,7607,1370,16384,12.166666666666666,97.0,17054,VDD_IN,28921,7537,7859,16269,17054,3764,4008,3.0,1.0,2.0,4.0,0.0,63.0,61.062,62.437,60.656,59.812,60.0,62.437
08-11-2026 21:01:28,5784,7607,1370,16384,12.0,98.0,17003,VDD_IN,28726,7539,7676,16280,17003,3768,4047,0.0,3.0,2.0,4.0,0.0,63.0,60.843,62.062,60.781,59.843,59.906,62.187
08-11-2026 21:01:29,5785,7607,1370,16384,12.166666666666666,99.0,16649,VDD_IN,27942,7534,7167,16285,16649,3773,4126,3.0,5.0,2.0,4.0,0.0,59.0,61.093,61.906,60.781,59.906,60.062,61.906
08-11-2026 21:01:30,5785,7607,1370,16384,16.166666666666668,99.0,16649,VDD_IN,28333,7538,7833,16290,16649,3774,3851,9.0,6.0,14.0,7.0,0.0,61.0,60.718,62.125,60.937,59.812,60.0,62.125
08-11-2026 21:01:31,5785,7607,1370,16384,13.166666666666666,99.0,16924,VDD_IN,28869,7545,8055,16299,16924,3776,3890,3.0,2.0,4.0,1.0,0.0,69.0,60.875,61.875,60.687,59.843,60.125,61.875
08-11-2026 21:01:32,5786,7607,1370,16384,13.5,97.0,17368,VDD_IN,29736,7558,8485,16313,17368,3777,3883,1.0,2.0,3.0,5.0,0.0,70.0,61.125,62.343,60.718,59.906,60.093,62.343
08-11-2026 21:01:33,5786,7607,1370,16384,12.333333333333334,97.0,17408,VDD_IN,29776,7570,8485,16328,17408,3779,3883,3.0,0.0,3.0,4.0,0.0,64.0,60.968,62.406,60.875,60.031,60.187,62.406
08-11-2026 21:01:34,5786,7607,1370,16384,12.5,98.0,17408,VDD_IN,29777,7582,8446,16342,17408,3780,3923,3.0,2.0,2.0,4.0,0.0,64.0,61.093,62.312,60.968,60.031,60.25,62.312
08-11-2026 21:01:35,5787,7607,1370,16384,12.333333333333334,98.0,17290,VDD_IN,29503,7591,8290,16354,17290,3782,3923,2.0,1.0,3.0,8.0,0.0,60.0,61.125,62.187,60.968,59.875,60.125,62.187
08-11-2026 21:01:36,5788,7607,1370,16384,16.5,98.0,17408,VDD_IN,29660,7600,8290,16368,17408,3785,3962,11.0,2.0,7.0,17.0,0.0,62.0,61.156,62.343,60.812,59.937,60.156,62.343
08-11-2026 21:01:37,5789,7607,1370,16384,12.333333333333334,97.0,17133,VDD_IN,29118,7604,7977,16378,17133,3787,4008,3.0,2.0,4.0,2.0,0.0,63.0,61.343,62.343,60.843,60.0,60.156,62.343
08-11-2026 21:01:38,5789,7607,1370,16384,12.0,98.0,16964,VDD_IN,28687,7605,7676,16385,16964,3791,4047,4.0,1.0,2.0,3.0,1.0,61.0,60.937,62.312,61.0,60.093,60.281,62.312
08-11-2026 21:01:39,5790,7607,1370,16384,12.5,98.0,16767,VDD_IN,28178,7601,7285,16390,16767,3795,4126,3.0,4.0,4.0,2.0,0.0,62.0,61.312,62.375,61.031,59.937,60.25,62.375
08-11-2026 21:01:40,5790,7607,1370,16384,11.5,99.0,16452,VDD_IN,27940,7601,7598,16390,16452,3796,3890,2.0,2.0,5.0,1.0,0.0,59.0,61.156,62.406,61.0,60.0,60.156,62.406
08-11-2026 21:01:41,5790,7607,1370,16384,13.166666666666666,99.0,16924,VDD_IN,28882,7607,8068,16397,16924,3797,3890,3.0,2.0,4.0,1.0,0.0,69.0,61.25,62.437,60.968,60.093,60.281,62.437
08-11-2026 21:01:42,5791,7607,1370,16384,18.0,98.0,17604,VDD_IN,30247,7620,8720,16411,17604,3799,3923,7.0,19.0,7.0,4.0,0.0,71.0,61.343,62.843,61.062,60.218,60.406,62.843
08-11-2026 21:01:43,5791,7607,1370,16384,12.5,98.0,17447,VDD_IN,29893,7631,8563,16423,17447,3800,3883,2.0,1.0,3.0,5.0,0.0,64.0,61.187,62.843,61.062,60.312,60.312,62.843
08-11-2026 21:01:44,5791,7607,1370,16384,12.666666666666666,98.0,17447,VDD_IN,29855,7641,8485,16435,17447,3801,3923,4.0,1.0,2.0,6.0,0.0,63.0,61.218,62.562,61.281,60.093,60.437,62.562
08-11-2026 21:01:45,5791,7607,1370,16384,11.833333333333334,97.0,17250,VDD_IN,29463,7649,8290,16445,17250,3802,3923,4.0,4.0,2.0,2.0,0.0,59.0,61.343,62.406,61.156,60.156,60.375,62.406
08-11-2026 21:01:46,5792,7607,1370,16384,12.166666666666666,98.0,17211,VDD_IN,29306,7654,8133,16453,17211,3804,3962,3.0,4.0,3.0,1.0,1.0,61.0,61.562,62.625,61.156,60.187,60.343,62.625
08-11-2026 21:01:47,5793,7607,1370,16384,12.333333333333334,97.0,17133,VDD_IN,29079,7657,7938,16461,17133,3807,4008,2.0,4.0,2.0,3.0,0.0,63.0,61.281,62.531,61.187,60.25,60.375,62.531
08-11-2026 21:01:48,5794,7607,1370,16384,16.833333333333332,97.0,17093,VDD_IN,28960,7659,7820,16468,17093,3809,4047,10.0,6.0,19.0,4.0,1.0,61.0,61.125,62.531,61.25,60.281,60.468,62.531
08-11-2026 21:01:49,5795,7607,1370,16384,12.333333333333334,98.0,16885,VDD_IN,28374,7656,7363,16473,16885,3813,4126,2.0,6.0,2.0,0.0,0.0,64.0,61.406,62.718,61.281,60.156,60.375,62.718
08-11-2026 21:01:50,5795,7607,1370,16384,11.333333333333334,98.0,16491,VDD_IN,28018,7655,7598,16473,16491,3814,3929,2.0,3.0,1.0,3.0,0.0,59.0,61.343,62.5,61.156,60.218,60.437,62.5
08-11-2026 21:01:51,5795,7607,1370,16384,13.333333333333334,99.0,16885,VDD_IN,28765,7659,7990,16477,16885,3815,3890,3.0,1.0,2.0,6.0,0.0,68.0,61.5,62.781,61.156,60.25,60.437,62.781
08-11-2026 21:01:52,5796,7607,1370,16384,13.333333333333334,99.0,17565,VDD_IN,30129,7669,8641,16489,17565,3816,3923,2.0,3.0,2.0,3.0,0.0,70.0,61.562,63.218,61.187,60.343,60.5,63.218
08-11-2026 21:01:53,5796,7607,1370,16384,12.833333333333334,98.0,17447,VDD_IN,29893,7679,8563,16499,17447,3817,3883,3.0,2.0,1.0,6.0,0.0,65.0,61.25,62.687,61.218,60.406,60.625,62.687
08-11-2026 21:01:54,5796,7607,1370,16384,16.333333333333332,98.0,17604,VDD_IN,30168,7689,8641,16510,17604,3818,3923,3.0,8.0,16.0,8.0,0.0,63.0,61.375,62.718,61.312,60.218,60.5,62.718
08-11-2026 21:01:55,5797,7607,1370,16384,12.5,97.0,17368,VDD_IN,29620,7695,8329,16519,17368,3819,3923,2.0,0.0,4.0,8.0,1.0,60.0,61.406,62.75,61.156,60.281,60.5,62.75
08-11-2026 21:01:56,5798,7607,1370,16384,11.833333333333334,98.0,17250,VDD_IN,29384,7700,8172,16527,17250,3820,3962,3.0,4.0,1.0,1.0,0.0,62.0,61.687,62.812,61.156,60.375,60.437,62.812
08-11-2026 21:01:57,5799,7607,1370,16384,12.166666666666666,98.0,17172,VDD_IN,29150,7703,7977,16533,17172,3822,4001,2.0,3.0,1.0,4.0,0.0,63.0,61.406,62.875,61.343,60.406,60.562,62.875
08-11-2026 21:01:58,5798,7607,1370,16384,11.5,97.0,16964,VDD_IN,28597,7702,7586,16538,16964,3824,4047,2.0,4.0,2.0,2.0,0.0,59.0,61.343,62.75,61.343,60.218,60.562,62.75
08-11-2026 21:01:59,5799,7607,1370,16384,12.833333333333334,98.0,16806,VDD_IN,28295,7699,7363,16540,16806,3827,4126,2.0,6.0,3.0,2.0,0.0,64.0,61.625,62.5,61.218,60.312,60.531,62.5
08-11-2026 21:02:00,5800,7607,1370,16384,16.0,96.0,16728,VDD_IN,28372,7698,7676,16542,16728,3829,3968,4.0,6.0,18.0,9.0,0.0,59.0,61.531,62.187,61.218,60.375,60.625,62.187
08-11-2026 21:02:01,5800,7607,1370,16384,12.833333333333334,99.0,16846,VDD_IN,28687,7701,7951,16545,16846,3829,3890,3.0,3.0,2.0,1.0,0.0,68.0,61.656,62.375,61.312,60.375,60.531,62.375
08-11-2026 21:02:02,5801,7607,1370,16384,13.0,99.0,17683,VDD_IN,30326,7711,8720,16556,17683,3830,3923,2.0,2.0,4.0,1.0,0.0,69.0,61.375,62.937,61.406,60.531,60.593,62.937
08-11-2026 21:02:03,5801,7607,1370,16384,12.166666666666666,98.0,17486,VDD_IN,29932,7719,8563,16565,17486,3831,3883,1.0,1.0,1.0,1.0,66.0,3.0,61.375,62.968,61.406,60.375,60.531,62.968
08-11-2026 21:02:04,5801,7607,1370,16384,12.0,98.0,17447,VDD_IN,29815,7726,8485,16573,17447,3831,3883,3.0,1.0,4.0,1.0,61.0,2.0,61.593,62.968,61.375,60.375,60.625,62.968
08-11-2026 21:02:05,5801,7607,1370,16384,12.166666666666666,92.0,17329,VDD_IN,29542,7731,8290,16580,17329,3832,3923,1.0,3.0,0.0,2.0,61.0,6.0,61.343,63.031,61.25,60.437,60.531,63.031
08-11-2026 21:02:06,5803,7607,1370,16384,16.5,98.0,17447,VDD_IN,29738,7737,8329,16588,17447,3833,3962,6.0,2.0,8.0,42.0,26.0,15.0,61.968,63.031,61.406,60.468,60.625,63.031
08-11-2026 21:02:07,5803,7607,1370,16384,12.166666666666666,98.0,17211,VDD_IN,29267,7740,8055,16594,17211,3835,4001,3.0,3.0,4.0,63.0,0.0,0.0,61.562,63.093,61.5,60.468,60.656,63.093
08-11-2026 21:02:08,5803,7607,1370,16384,11.333333333333334,97.0,17042,VDD_IN,28792,7739,7703,16598,17042,3837,4047,2.0,2.0,3.0,61.0,0.0,0.0,61.468,62.968,61.5,60.375,60.625,62.968
08-11-2026 21:02:09,5802,7607,1370,16384,11.666666666666666,98.0,16846,VDD_IN,28374,7736,7402,16600,16846,3839,4126,2.0,4.0,1.0,63.0,0.0,0.0,61.531,62.875,61.375,60.468,60.656,62.875
08-11-2026 21:02:10,5803,7607,1370,16384,11.5,97.0,16570,VDD_IN,28019,7734,7481,16600,16570,3841,3968,4.0,2.0,4.0,59.0,0.0,0.0,61.625,62.281,61.437,60.468,60.718,62.281
08-11-2026 21:02:11,5803,7607,1370,16384,12.833333333333334,99.0,16767,VDD_IN,28568,7736,7911,16601,16767,3841,3890,4.0,2.0,3.0,67.0,0.0,1.0,61.812,62.468,61.406,60.5,60.718,62.468
08-11-2026 21:02:12,5802,7607,1370,16384,17.5,99.0,17840,VDD_IN,30625,7745,8823,16612,17840,3842,3962,6.0,9.0,5.0,71.0,12.0,2.0,61.375,63.093,61.468,60.468,60.718,63.093
08-11-2026 21:02:13,5803,7607,1370,16384,12.5,98.0,17565,VDD_IN,30050,7753,8602,16621,17565,3842,3883,2.0,2.0,2.0,67.0,0.0,2.0,61.812,63.031,61.562,60.375,60.718,63.031
08-11-2026 21:02:14,5803,7607,1370,16384,11.833333333333334,98.0,17486,VDD_IN,29893,7759,8524,16628,17486,3843,3883,3.0,2.0,1.0,61.0,2.0,2.0,61.75,63.0,61.406,60.531,60.656,63.0
08-11-2026 21:02:15,5803,7607,1370,16384,12.166666666666666,92.0,17408,VDD_IN,29660,7764,8329,16635,17408,3843,3923,11.0,3.0,1.0,13.0,17.0,28.0,61.562,63.343,61.5,60.468,60.687,63.343
08-11-2026 21:02:16,5804,7607,1370,16384,12.333333333333334,98.0,17368,VDD_IN,29580,7768,8250,16641,17368,3844,3962,3.0,2.0,2.0,0.0,3.0,64.0,61.781,63.343,61.5,60.562,60.75,63.343
08-11-2026 21:02:17,5805,7607,1370,16384,12.5,98.0,17329,VDD_IN,29463,7771,8133,16647,17329,3846,4001,2.0,5.0,1.0,3.0,2.0,62.0,61.531,63.312,61.562,60.437,60.75,63.312
08-11-2026 21:02:18,5806,7607,1370,16384,16.833333333333332,92.0,17133,VDD_IN,29032,7772,7859,16651,17133,3847,4040,4.0,12.0,18.0,5.0,0.0,62.0,61.625,62.781,61.468,60.437,60.75,62.781
08-11-2026 21:02:19,5806,7607,1370,16384,12.166666666666666,98.0,16936,VDD_IN,28542,7770,7520,16653,16936,3849,4086,5.0,1.0,3.0,1.0,0.0,63.0,61.812,62.843,61.437,60.5,60.625,62.843
08-11-2026 21:02:20,5807,7607,1370,16384,11.5,99.0,16688,VDD_IN,28098,7766,7324,16653,16688,3851,4086,6.0,2.0,1.0,2.0,0.0,58.0,61.687,62.218,61.531,60.593,60.812,62.218
08-11-2026 21:02:21,5807,7607,1370,16384,12.333333333333334,46.0,16609,VDD_IN,28254,7766,7755,16653,16609,3852,3890,5.0,1.0,1.0,1.0,1.0,65.0,61.687,62.718,61.5,60.656,60.687,62.718
08-11-2026 21:02:22,5807,7607,1370,16384,13.5,99.0,17683,VDD_IN,30233,7772,8549,16661,17683,3853,4001,3.0,3.0,1.0,2.0,2.0,70.0,61.562,63.187,61.625,60.468,60.781,63.187
08-11-2026 21:02:23,5808,7607,1370,16384,13.166666666666666,98.0,17565,VDD_IN,30089,7779,8641,16669,17565,3853,3883,1.0,2.0,2.0,3.0,1.0,70.0,61.625,63.125,61.437,60.562,60.812,63.125
08-11-2026 21:02:24,5810,7607,1370,16384,35.666666666666664,97.0,18115,VDD_IN,31017,7789,8979,16680,18115,3854,3923,14.0,34.0,74.0,22.0,46.0,24.0,62.031,63.156,61.5,60.562,60.906,63.156
08-11-2026 21:02:25,5811,7607,1370,16384,28.833333333333332,98.0,18036,VDD_IN,30938,7798,8940,16691,18036,3854,3962,11.0,72.0,19.0,4.0,63.0,4.0,61.968,63.312,61.625,60.656,60.875,63.312
08-11-2026 21:02:26,5812,7607,1370,16384,24.0,98.0,17643,VDD_IN,30129,7804,8524,16698,17643,3855,3962,5.0,21.0,50.0,4.0,63.0,1.0,61.937,63.281,61.625,60.781,60.906,63.281
08-11-2026 21:02:27,5813,7607,1370,16384,12.0,98.0,17250,VDD_IN,29306,7806,8094,16702,17250,3856,3962,2.0,4.0,2.0,3.0,61.0,0.0,61.5,62.968,61.625,60.593,60.906,62.968
08-11-2026 21:02:28,5813,7607,1370,16384,12.0,95.0,17042,VDD_IN,28824,7805,7742,16705,17042,3858,4040,1.0,5.0,2.0,2.0,61.0,1.0,61.625,62.968,61.718,60.593,60.687,62.968
08-11-2026 21:02:29,5815,7607,1370,16384,17.5,98.0,17133,VDD_IN,28955,7805,7703,16708,17133,3860,4119,10.0,5.0,4.0,24.0,61.0,1.0,62.0,63.0,61.625,60.687,60.875,63.0
08-11-2026 21:02:30,5815,7607,1370,16384,27.0,99.0,16885,VDD_IN,28609,7804,7716,16710,16885,3861,4008,27.0,7.0,17.0,51.0,59.0,1.0,62.25,62.5,61.625,60.718,60.937,62.5
08-11-2026 21:02:31,5814,7607,1370,16384,18.166666666666668,99.0,16964,VDD_IN,28870,7806,8055,16712,16964,3861,3851,5.0,8.0,17.0,4.0,74.0,1.0,61.875,62.593,61.625,60.843,60.968,62.593
08-11-2026 21:02:32,5813,7607,1370,16384,13.5,99.0,17840,VDD_IN,30585,7813,8705,16720,17840,3862,4040,6.0,1.0,4.0,1.0,0.0,69.0,61.781,63.218,61.718,60.656,60.968,63.437
08-11-2026 21:02:33,5817,7607,1369,16384,17.166666666666668,98.0,17643,VDD_IN,30246,7819,8720,16727,17643,3862,3883,10.0,9.0,5.0,10.0,1.0,68.0,61.812,63.406,61.687,60.718,60.875,63.406
08-11-2026 21:02:34,5818,7607,1369,16384,14.666666666666666,97.0,17486,VDD_IN,29972,7825,8563,16732,17486,3863,3923,9.0,8.0,5.0,5.0,2.0,59.0,61.875,63.375,61.656,60.656,60.937,63.375
08-11-2026 21:02:35,5822,7607,1369,16384,18.166666666666668,92.0,17722,VDD_IN,30286,7831,8641,16740,17722,3863,3923,5.0,34.0,6.0,3.0,48.0,13.0,62.062,63.531,61.625,60.781,60.968,63.531
08-11-2026 21:02:36,5825,7607,1369,16384,26.333333333333332,98.0,17526,VDD_IN,29934,7835,8446,16745,17526,3864,3962,33.0,34.0,10.0,11.0,26.0,44.0,62.031,63.593,61.625,60.843,61.093,63.593
08-11-2026 21:02:37,5825,7607,1369,16384,11.5,98.0,17250,VDD_IN,29345,7837,8094,16749,17250,3865,4001,1.0,0.0,3.0,1.0,2.0,62.0,61.781,63.5,61.75,60.656,61.031,63.5
08-11-2026 21:02:38,5826,7607,1369,16384,12.0,93.0,17015,VDD_IN,28804,7836,7742,16751,17015,3866,4047,5.0,1.0,3.0,2.0,1.0,60.0,61.781,63.125,61.843,60.718,60.906,63.125
08-11-2026 21:02:39,5826,7607,1369,16384,12.333333333333334,98.0,16964,VDD_IN,28571,7834,7481,16752,16964,3868,4126,4.0,4.0,3.0,1.0,0.0,62.0,62.0,63.062,61.656,60.781,60.906,63.062
08-11-2026 21:02:40,5827,7607,1369,16384,11.333333333333334,99.0,16649,VDD_IN,28098,7831,7441,16752,16649,3869,4008,1.0,4.0,3.0,1.0,0.0,59.0,62.312,62.656,61.718,60.843,61.0,62.656
08-11-2026 21:02:41,5827,7607,1369,16384,21.666666666666668,99.0,17042,VDD_IN,29026,7833,8133,16754,17042,3869,3851,49.0,5.0,2.0,5.0,1.0,68.0,61.875,62.687,61.75,60.687,61.156,62.687
08-11-2026 21:02:42,5828,7607,1368,16384,25.166666666666668,99.0,17918,VDD_IN,30742,7840,8862,16762,17918,3869,3962,42.0,8.0,19.0,10.0,2.0,70.0,61.937,63.593,61.812,60.781,61.0,63.593
08-11-2026 21:02:43,5828,7607,1368,16384,13.0,98.0,17565,VDD_IN,30129,7846,8641,16767,17565,3870,3923,2.0,5.0,3.0,1.0,1.0,66.0,61.875,63.187,61.625,60.812,61.0,63.187
08-11-2026 21:02:44,5829,7607,1368,16384,12.0,98.0,17486,VDD_IN,29972,7851,8563,16772,17486,3870,3923,1.0,5.0,4.0,2.0,0.0,60.0,61.937,63.281,61.812,60.812,61.125,63.281
08-11-2026 21:02:45,5829,7607,1368,16384,11.833333333333334,93.0,17368,VDD_IN,29698,7854,8368,16776,17368,3871,3962,1.0,4.0,1.0,2.0,1.0,62.0,62.25,63.218,61.687,60.906,61.031,63.218
08-11-2026 21:02:46,5830,7607,1368,16384,12.5,98.0,17368,VDD_IN,29620,7857,8290,16780,17368,3871,3962,3.0,2.0,1.0,5.0,0.0,64.0,61.875,63.25,61.937,60.75,61.093,63.25
08-11-2026 21:02:47,5830,7607,1368,16384,23.0,98.0,17801,VDD_IN,30351,7862,8549,16787,17801,3872,4001,38.0,4.0,2.0,9.0,24.0,61.0,62.218,63.281,61.875,60.812,61.125,63.281
08-11-2026 21:02:48,5826,7607,1368,16384,21.0,91.0,17250,VDD_IN,29149,7862,7859,16790,17250,3873,4040,13.0,18.0,23.0,9.0,2.0,61.0,62.156,63.156,61.843,60.906,61.062,63.343
08-11-2026 21:02:49,5826,7607,1368,16384,12.5,98.0,16964,VDD_IN,28531,7859,7441,16791,16964,3875,4126,4.0,1.0,2.0,4.0,1.0,63.0,62.187,63.281,61.812,60.906,61.031,63.281
08-11-2026 21:02:50,5827,7607,1368,16384,11.166666666666666,99.0,16609,VDD_IN,28058,7856,7402,16790,16609,3876,4047,2.0,1.0,0.0,5.0,0.0,59.0,62.437,62.843,61.843,60.968,61.125,62.843
08-11-2026 21:02:51,5827,7607,1368,16384,12.666666666666666,99.0,16570,VDD_IN,28176,7855,7755,16789,16570,3876,3851,2.0,1.0,2.0,4.0,0.0,67.0,61.75,62.875,61.968,60.906,61.156,62.875
08-11-2026 21:02:52,5827,7607,1368,16384,13.666666666666666,99.0,17801,VDD_IN,30482,7861,8641,16795,17801,3877,4040,3.0,1.0,4.0,5.0,0.0,69.0,62.093,63.375,61.75,60.812,61.25,63.375
08-11-2026 21:02:53,5828,7607,1368,16384,28.5,98.0,18164,VDD_IN,31215,7869,9174,16804,18164,3877,3877,11.0,14.0,8.0,68.0,2.0,68.0,62.781,63.5,61.906,60.968,61.25,63.5
08-11-2026 21:02:54,5829,7607,1368,16384,17.166666666666668,98.0,17643,VDD_IN,30247,7874,8681,16809,17643,3877,3923,20.0,7.0,5.0,12.0,0.0,59.0,61.968,63.625,61.906,61.062,61.25,63.625
08-11-2026 21:02:55,5829,7607,1368,16384,11.833333333333334,97.0,17368,VDD_IN,29698,7877,8368,16813,17368,3878,3962,2.0,2.0,1.0,3.0,1.0,62.0,62.031,63.593,61.781,60.875,61.125,63.593
08-11-2026 21:02:56,5830,7607,1368,16384,14.333333333333334,98.0,17447,VDD_IN,29777,7880,8368,16817,17447,3878,3962,4.0,6.0,2.0,5.0,3.0,66.0,62.125,63.343,61.875,60.937,61.125,63.343
08-11-2026 21:02:57,5831,7607,1368,16384,12.166666666666666,97.0,17329,VDD_IN,29463,7882,8133,16820,17329,3879,4001,3.0,2.0,5.0,2.0,0.0,61.0,62.031,63.343,61.937,61.031,61.156,63.343
08-11-2026 21:02:58,5831,7607,1368,16384,12.666666666666666,89.0,17133,VDD_IN,28993,7882,7820,16822,17133,3880,4040,3.0,8.0,2.0,2.0,0.0,61.0,62.093,63.531,62.0,60.937,61.156,63.531
08-11-2026 21:02:59,5830,7607,1368,16384,30.666666666666668,97.0,17643,VDD_IN,29973,7884,8211,16827,17643,3882,4119,24.0,11.0,72.0,9.0,4.0,64.0,62.375,63.437,61.875,60.968,61.312,63.437
08-11-2026 21:03:00,5831,7607,1368,16384,12.333333333333334,99.0,16688,VDD_IN,28059,7880,7285,16826,16688,3883,4086,3.0,2.0,1.0,8.0,0.0,60.0,62.468,62.968,61.937,61.0,61.187,62.968
08-11-2026 21:03:01,5831,7607,1368,16384,12.666666666666666,97.0,16491,VDD_IN,28018,7879,7676,16824,16491,3883,3851,3.0,2.0,4.0,2.0,0.0,65.0,62.187,63.281,61.937,61.0,61.312,63.281
08-11-2026 21:03:02,5831,7607,1368,16384,13.5,99.0,17526,VDD_IN,29973,7882,8446,16829,17526,3883,4001,3.0,2.0,2.0,5.0,0.0,69.0,62.375,63.687,62.0,61.031,61.25,63.687
08-11-2026 21:03:03,5831,7607,1368,16384,13.166666666666666,98.0,17486,VDD_IN,29971,7887,8602,16833,17486,3883,3883,2.0,1.0,2.0,4.0,0.0,70.0,62.125,63.75,62.093,60.937,61.406,63.75
08-11-2026 21:03:04,5832,7607,1368,16384,12.0,90.0,17290,VDD_IN,29541,7889,8368,16835,17290,3883,3883,4.0,2.0,4.0,3.0,0.0,59.0,62.218,63.406,61.937,60.937,61.156,63.406
08-11-2026 21:03:05,5833,7607,1368,16384,31.666666666666668,98.0,17840,VDD_IN,30639,7895,8876,16841,17840,3884,3923,11.0,72.0,15.0,27.0,1.0,64.0,62.5,63.5,61.968,61.062,61.343,63.5
08-11-2026 21:03:06,5834,7607,1368,16384,12.0,97.0,17290,VDD_IN,29542,7898,8329,16844,17290,3884,3923,2.0,1.0,3.0,2.0,0.0,64.0,62.187,63.468,61.968,61.125,61.187,63.468
08-11-2026 21:03:07,5834,7607,1368,16384,11.833333333333334,93.0,17093,VDD_IN,29071,7899,8016,16846,17093,3884,3962,4.0,5.0,1.0,2.0,0.0,59.0,62.437,63.375,62.062,61.156,61.281,63.375
08-11-2026 21:03:08,5835,7607,1368,16384,11.333333333333334,97.0,17054,VDD_IN,28914,7898,7859,16847,17054,3885,4001,1.0,3.0,1.0,0.0,0.0,63.0,62.093,63.343,62.062,61.0,61.187,63.343
08-11-2026 21:03:09,5835,7607,1368,16384,13.166666666666666,98.0,16857,VDD_IN,28502,7897,7598,16847,16857,3886,4047,3.0,8.0,3.0,2.0,0.0,63.0,62.187,63.343,62.0,60.968,61.218,63.343
08-11-2026 21:03:10,5836,7607,1368,16384,11.333333333333334,99.0,16609,VDD_IN,27863,7892,7128,16845,16609,3887,4126,4.0,1.0,3.0,1.0,0.0,59.0,62.593,62.843,61.968,61.093,61.25,62.843
08-11-2026 21:03:11,5837,7607,1368,16384,31.333333333333332,99.0,17093,VDD_IN,29227,7894,8290,16847,17093,3887,3844,12.0,12.0,68.0,32.0,2.0,62.0,62.5,63.25,62.062,61.125,61.218,63.25
08-11-2026 21:03:12,5837,7607,1368,16384,14.5,99.0,17054,VDD_IN,29116,7896,8172,16848,17054,3887,3890,8.0,1.0,5.0,5.0,0.0,68.0,62.187,63.0,62.062,61.25,61.343,63.0
08-11-2026 21:03:13,5837,7607,1368,16384,13.333333333333334,97.0,17368,VDD_IN,29775,7900,8524,16851,17368,3887,3883,2.0,2.0,3.0,3.0,0.0,70.0,62.093,63.343,62.062,61.062,61.281,63.343
08-11-2026 21:03:14,5837,7607,1368,16384,12.5,97.0,17368,VDD_IN,29697,7903,8446,16854,17368,3887,3883,3.0,3.0,4.0,3.0,0.0,62.0,62.218,63.562,61.906,61.0,61.312,63.562
08-11-2026 21:03:15,5837,7607,1368,16384,13.0,97.0,17368,VDD_IN,29697,7906,8446,16857,17368,3887,3883,6.0,2.0,2.0,4.0,1.0,63.0,62.406,63.593,62.0,61.093,61.218,63.593
08-11-2026 21:03:16,5838,7607,1368,16384,11.666666666666666,97.0,17211,VDD_IN,29345,7908,8211,16859,17211,3887,3923,5.0,2.0,0.0,3.0,0.0,60.0,62.062,63.5,62.031,61.156,61.281,63.5
08-11-2026 21:03:17,5842,7607,1368,16384,31.166666666666668,98.0,17761,VDD_IN,30311,7911,8588,16864,17761,3888,3962,34.0,68.0,9.0,7.0,39.0,30.0,62.093,63.656,62.062,61.0,61.437,63.656
08-11-2026 21:03:18,5842,7607,1368,16384,12.666666666666666,98.0,17172,VDD_IN,29189,7912,8016,16866,17172,3888,4001,13.0,14.0,2.0,6.0,40.0,1.0,62.125,63.75,61.968,61.031,61.375,63.75
08-11-2026 21:03:19,5842,7607,1368,16384,10.666666666666666,96.0,17054,VDD_IN,28797,7911,7703,16867,17054,3889,4040,60.0,1.0,2.0,1.0,0.0,0.0,62.25,63.562,62.0,61.125,61.375,63.562
08-11-2026 21:03:20,5843,7607,1368,16384,12.5,97.0,16846,VDD_IN,28374,7908,7402,16867,16846,3890,4126,56.0,2.0,2.0,5.0,10.0,0.0,62.343,63.562,61.968,61.062,61.25,63.343
08-11-2026 21:03:21,5843,7607,1368,16384,11.5,97.0,16491,VDD_IN,27862,7905,7363,16865,16491,3891,4008,3.0,2.0,0.0,2.0,59.0,3.0,62.125,62.875,62.031,61.156,61.218,62.875
08-11-2026 21:03:22,5843,7607,1368,16384,14.833333333333334,67.0,16688,VDD_IN,28411,7905,7872,16864,16688,3891,3851,3.0,5.0,11.0,3.0,66.0,1.0,62.25,63.031,62.062,61.062,61.375,63.031
08-11-2026 21:03:23,5844,7607,1368,16384,30.666666666666668,99.0,18085,VDD_IN,30981,7910,8901,16870,18085,3891,3995,31.0,7.0,61.0,13.0,70.0,2.0,62.25,63.625,62.062,61.0,61.531,63.625
08-11-2026 21:03:24,6018,7607,1368,16384,30.333333333333332,1.0,8399,VDD_IN,13170,7882,2662,16825,8399,3882,2109,26.0,43.0,34.0,23.0,27.0,29.0,61.937,61.0,61.625,61.0,60.625,61.937
08-11-2026 21:03:25,6330,7607,1370,16384,66.33333333333333,99.0,9975,VDD_IN,15487,7858,3327,16788,9975,3873,2185,65.0,68.0,67.0,66.0,70.0,62.0,61.5,61.843,61.531,60.687,60.343,61.843
08-11-2026 21:03:26,6331,7607,1370,16384,12.333333333333334,99.0,15611,VDD_IN,26410,7854,7218,16782,15611,3871,3581,12.0,9.0,2.0,1.0,50.0,0.0,61.406,62.937,61.562,60.875,60.812,62.937
08-11-2026 21:03:27,6331,7607,1370,16384,12.666666666666666,99.0,17093,VDD_IN,29194,7856,8211,16783,17093,3871,3890,14.0,2.0,3.0,57.0,0.0,0.0,61.625,63.187,61.718,60.718,60.875,63.187
08-11-2026 21:03:28,6333,7607,1370,16384,14.5,97.0,17565,VDD_IN,30050,7860,8602,16788,17565,3871,3883,17.0,62.0,3.0,3.0,2.0,0.0,61.937,63.5,61.875,60.718,61.0,63.5
08-11-2026 21:03:29,6335,7607,1370,16384,15.666666666666666,98.0,17447,VDD_IN,29815,7863,8485,16791,17447,3871,3883,65.0,9.0,4.0,3.0,13.0,0.0,61.875,63.656,61.718,60.843,61.062,63.656
08-11-2026 21:03:30,6334,7607,1370,16384,12.666666666666666,98.0,17329,VDD_IN,29659,7866,8407,16794,17329,3872,3923,4.0,3.0,2.0,3.0,64.0,0.0,62.031,63.687,61.812,60.906,61.0,63.687
08-11-2026 21:03:31,6334,7607,1370,16384,12.0,98.0,17250,VDD_IN,29463,7868,8290,16796,17250,3872,3923,5.0,3.0,1.0,4.0,59.0,0.0,61.75,63.312,61.812,60.906,61.031,63.312
08-11-2026 21:03:32,6335,7607,1370,16384,12.333333333333334,98.0,17211,VDD_IN,29306,7870,8133,16798,17211,3872,3962,16.0,18.0,3.0,3.0,33.0,1.0,62.0,63.343,61.875,60.843,61.156,63.343
08-11-2026 21:03:33,6335,7607,1370,16384,12.0,98.0,17093,VDD_IN,29032,7870,7938,16800,17093,3873,4001,3.0,63.0,1.0,5.0,0.0,0.0,61.875,63.375,61.906,60.875,61.031,63.375
08-11-2026 21:03:34,6339,7607,1370,16384,15.833333333333334,98.0,17133,VDD_IN,28954,7870,7781,16801,17133,3874,4040,6.0,47.0,22.0,3.0,2.0,15.0,62.093,63.343,61.781,60.906,61.062,63.343
08-11-2026 21:03:35,6340,7607,1370,16384,12.666666666666666,99.0,16767,VDD_IN,28139,7866,7246,16801,16767,3875,4126,5.0,4.0,61.0,5.0,0.0,1.0,62.343,63.093,61.75,61.0,61.062,63.093
08-11-2026 21:03:36,6340,7607,1370,16384,11.5,99.0,16334,VDD_IN,27743,7865,7598,16799,16334,3875,3811,2.0,4.0,59.0,2.0,0.0,2.0,61.75,63.25,61.937,61.031,61.125,63.25
08-11-2026 21:03:38,6340,7607,1370,16384,12.666666666666666,99.0,16975,VDD_IN,28959,7866,8094,16800,16975,3875,3890,2.0,70.0,1.0,1.0,0.0,2.0,61.843,63.187,61.968,60.875,61.156,63.187
08-11-2026 21:03:39,6340,7607,1370,16384,13.5,97.0,17408,VDD_IN,29776,7869,8485,16803,17408,3875,3883,2.0,70.0,1.0,1.0,2.0,5.0,61.906,63.281,61.968,60.875,61.125,63.281
08-11-2026 21:03:40,6340,7607,1370,16384,12.0,98.0,17368,VDD_IN,29697,7872,8446,16806,17368,3875,3883,1.0,64.0,1.0,3.0,0.0,3.0,61.937,63.375,61.843,60.906,61.125,63.375
08-11-2026 21:03:41,6343,7607,1370,16384,15.666666666666666,98.0,17565,VDD_IN,30051,7876,8563,16809,17565,3875,3923,15.0,62.0,4.0,7.0,2.0,4.0,62.312,63.375,61.843,60.875,61.281,63.375
08-11-2026 21:03:42,6343,7607,1370,16384,11.333333333333334,98.0,17329,VDD_IN,29581,7878,8329,16812,17329,3876,3923,2.0,61.0,1.0,1.0,3.0,0.0,61.875,63.312,61.875,61.062,61.218,63.312
08-11-2026 21:03:43,6343,7607,1370,16384,13.0,98.0,17172,VDD_IN,29189,7879,8055,16814,17172,3876,3962,3.0,61.0,1.0,2.0,9.0,2.0,61.843,63.281,61.937,60.906,61.25,63.281
08-11-2026 21:03:44,6343,7607,1370,16384,11.833333333333334,98.0,17054,VDD_IN,28954,7879,7899,16815,17054,3877,4001,30.0,35.0,0.0,1.0,1.0,4.0,62.031,63.281,62.0,60.906,61.25,63.281
08-11-2026 21:03:45,6343,7607,1370,16384,12.166666666666666,98.0,17015,VDD_IN,28759,7878,7664,16816,17015,3878,4080,62.0,2.0,1.0,2.0,1.0,5.0,62.125,63.312,61.812,60.968,61.187,63.312
08-11-2026 21:03:46,6343,7607,1370,16384,11.666666666666666,98.0,16806,VDD_IN,28217,7875,7285,16816,16806,3879,4126,62.0,1.0,0.0,1.0,5.0,1.0,62.156,63.187,61.875,61.031,61.187,63.187
08-11-2026 21:03:47,6345,7607,1370,16384,15.5,99.0,16570,VDD_IN,28136,7874,7676,16815,16570,3879,3890,61.0,4.0,3.0,5.0,16.0,4.0,61.875,63.156,61.875,61.0,61.187,63.156
08-11-2026 21:03:48,6345,7607,1370,16384,12.666666666666666,99.0,16846,VDD_IN,28687,7874,7951,16815,16846,3879,3890,70.0,1.0,2.0,0.0,3.0,0.0,61.968,63.031,61.812,60.875,61.093,63.343
08-11-2026 21:03:49,6345,7607,1370,16384,13.166666666666666,97.0,17486,VDD_IN,29933,7877,8524,16818,17486,3879,3923,71.0,2.0,0.0,1.0,1.0,4.0,61.968,63.781,62.062,60.906,61.281,63.781
08-11-2026 21:03:50,6345,7607,1370,16384,11.833333333333334,98.0,17486,VDD_IN,29932,7881,8563,16821,17486,3879,3883,66.0,0.0,1.0,2.0,2.0,0.0,62.093,63.781,61.937,60.906,61.25,63.781
08-11-2026 21:03:51,6345,7607,1370,16384,12.0,98.0,17447,VDD_IN,29855,7884,8485,16824,17447,3879,3923,62.0,1.0,3.0,1.0,4.0,1.0,62.343,63.75,61.937,60.968,61.375,63.75
08-11-2026 21:03:52,6345,7607,1370,16384,12.0,98.0,17290,VDD_IN,29503,7885,8290,16826,17290,3880,3923,23.0,4.0,1.0,2.0,41.0,1.0,61.937,63.781,61.968,61.093,61.218,63.781
08-11-2026 21:03:53,6347,7607,1370,16384,16.5,98.0,17368,VDD_IN,29659,7888,8329,16829,17368,3880,3962,4.0,17.0,6.0,6.0,62.0,4.0,62.031,63.781,62.062,60.875,61.218,63.781
08-11-2026 21:03:54,6347,7607,1370,16384,12.833333333333334,98.0,17172,VDD_IN,29189,7888,8055,16830,17172,3880,3962,3.0,2.0,3.0,2.0,63.0,4.0,61.968,63.5,62.062,60.968,61.156,63.5
08-11-2026 21:03:55,6347,7607,1370,16384,11.166666666666666,98.0,17015,VDD_IN,28804,7888,7742,16831,17015,3881,4047,2.0,0.0,2.0,2.0,59.0,2.0,62.062,63.343,61.843,61.0,61.125,63.343
08-11-2026 21:03:56,6348,7607,1370,16384,12.0,98.0,16924,VDD_IN,28517,7886,7507,16832,16924,3882,4086,2.0,1.0,2.0,3.0,64.0,0.0,62.281,63.343,61.937,61.093,61.187,63.343
08-11-2026 21:03:57,6348,7607,1370,16384,11.166666666666666,99.0,16491,VDD_IN,27784,7883,7246,16830,16491,3883,4047,2.0,2.0,1.0,4.0,58.0,0.0,62.218,62.843,61.937,61.125,61.187,62.843
08-11-2026 21:03:58,6348,7607,1370,16384,12.333333333333334,45.0,16452,VDD_IN,27979,7882,7676,16828,16452,3883,3851,2.0,2.0,2.0,2.0,66.0,0.0,61.906,63.031,62.093,60.906,61.312,63.031
08-11-2026 21:03:59,6347,7607,1370,16384,18.333333333333332,99.0,17722,VDD_IN,30286,7885,8563,16833,17722,3883,4001,10.0,3.0,8.0,18.0,69.0,2.0,62.093,63.5,61.968,60.968,61.25,63.5
08-11-2026 21:04:00,6347,7607,1370,16384,13.5,98.0,17486,VDD_IN,29971,7888,8602,16835,17486,3883,3883,2.0,3.0,4.0,1.0,70.0,1.0,62.375,63.468,61.906,61.093,61.187,63.468
08-11-2026 21:04:01,6347,7607,1370,16384,11.5,93.0,17408,VDD_IN,29777,7891,8446,16838,17408,3883,3923,2.0,2.0,3.0,2.0,59.0,1.0,62.218,63.375,62.125,61.093,61.25,63.375
08-11-2026 21:04:02,6347,7607,1370,16384,12.166666666666666,98.0,17368,VDD_IN,29698,7893,8407,16840,17368,3883,3923,3.0,2.0,1.0,3.0,64.0,0.0,62.062,63.5,62.0,60.968,61.312,63.5
08-11-2026 21:04:03,6347,7607,1370,16384,12.166666666666666,98.0,17368,VDD_IN,29620,7895,8329,16843,17368,3884,3923,5.0,1.0,1.0,2.0,63.0,1.0,62.031,63.625,62.0,60.968,61.25,63.625
08-11-2026 21:04:04,6350,7607,1370,16384,11.833333333333334,92.0,17172,VDD_IN,29189,7896,8055,16844,17172,3884,3962,19.0,3.0,1.0,1.0,46.0,1.0,62.125,63.593,61.812,61.0,61.281,63.593
08-11-2026 21:04:05,6354,7607,1370,16384,16.666666666666668,98.0,17172,VDD_IN,29111,7896,7899,16846,17172,3885,4040,23.0,8.0,3.0,10.0,55.0,1.0,62.343,63.656,61.968,61.062,61.281,63.656
08-11-2026 21:04:06,6354,7607,1370,16384,11.666666666666666,98.0,16975,VDD_IN,28686,7895,7625,16846,16975,3886,4086,1.0,1.0,2.0,4.0,61.0,1.0,62.187,63.656,61.906,61.187,61.187,63.656
08-11-2026 21:04:07,6354,7607,1370,16384,11.833333333333334,99.0,16728,VDD_IN,28060,7891,7167,16846,16728,3887,4165,6.0,2.0,1.0,2.0,59.0,1.0,62.312,63.0,62.062,60.937,61.406,63.0
08-11-2026 21:04:08,6354,7607,1370,16384,12.5,98.0,16413,VDD_IN,27940,7891,7716,16844,16413,3886,3811,6.0,2.0,2.0,2.0,24.0,39.0,61.875,63.218,62.125,61.0,61.25,63.218
08-11-2026 21:04:09,6354,7607,1370,16384,13.0,99.0,17211,VDD_IN,29424,7892,8290,16845,17211,3887,3923,1.0,2.0,1.0,5.0,0.0,69.0,62.093,63.343,62.031,61.062,61.312,63.343
08-11-2026 21:04:10,6353,7607,1370,16384,16.333333333333332,97.0,17604,VDD_IN,30207,7896,8720,16849,17604,3887,3883,3.0,8.0,3.0,12.0,1.0,71.0,62.375,63.531,62.031,61.187,61.343,63.531
08-11-2026 21:04:11,6354,7607,1370,16384,13.5,98.0,17408,VDD_IN,29815,7899,8524,16851,17408,3887,3883,3.0,1.0,6.0,9.0,17.0,45.0,62.125,63.562,62.125,61.125,61.437,63.562
08-11-2026 21:04:12,6354,7607,1370,16384,12.166666666666666,98.0,17447,VDD_IN,29855,7901,8485,16854,17447,3887,3923,2.0,2.0,1.0,3.0,64.0,1.0,62.156,63.625,62.093,61.031,61.343,63.812
08-11-2026 21:04:13,6355,7607,1370,16384,12.166666666666666,97.0,17329,VDD_IN,29581,7903,8329,16856,17329,3887,3923,2.0,3.0,3.0,4.0,61.0,0.0,62.093,63.812,62.031,60.968,61.281,63.812
08-11-2026 21:04:14,6355,7607,1370,16384,12.166666666666666,98.0,17250,VDD_IN,29384,7904,8172,16857,17250,3887,3962,3.0,1.0,2.0,3.0,63.0,1.0,62.218,63.812,62.0,61.125,61.343,63.812
08-11-2026 21:04:15,6353,7607,1370,16384,13.166666666666666,98.0,17172,VDD_IN,29150,7904,7977,16859,17172,3888,4001,3.0,4.0,2.0,8.0,62.0,0.0,62.437,63.843,62.093,61.156,61.281,63.843
08-11-2026 21:04:16,6353,7607,1370,16384,16.5,98.0,17211,VDD_IN,29190,7904,7899,16860,17211,3889,4080,7.0,18.0,7.0,5.0,61.0,1.0,62.093,63.843,62.062,61.031,61.375,63.843
08-11-2026 21:04:17,6354,7607,1370,16384,11.5,98.0,16806,VDD_IN,28217,7902,7285,16860,16806,3890,4126,4.0,1.0,0.0,1.0,62.0,1.0,62.281,63.312,62.125,60.968,61.375,63.312
08-11-2026 21:04:18,6354,7607,1370,16384,11.0,99.0,16570,VDD_IN,28175,7901,7676,16859,16570,3890,3929,2.0,3.0,2.0,0.0,59.0,0.0,62.343,63.343,61.968,61.156,61.281,63.343
08-11-2026 21:04:19,6354,7607,1370,16384,13.666666666666666,99.0,16885,VDD_IN,28752,7901,7977,16859,16885,3890,3890,2.0,2.0,5.0,3.0,70.0,0.0,62.156,63.156,62.125,61.187,61.25,63.156
08-11-2026 21:04:20,6355,7607,1370,16384,13.166666666666666,96.0,17447,VDD_IN,29855,7904,8485,16861,17447,3890,3923,1.0,2.0,3.0,2.0,70.0,1.0,62.375,63.593,62.125,61.281,61.406,63.593
08-11-2026 21:04:21,6355,7607,1370,16384,12.333333333333334,97.0,17447,VDD_IN,29854,7906,8524,16864,17447,3890,3883,2.0,1.0,5.0,1.0,65.0,0.0,62.093,63.656,62.125,61.312,61.312,63.656
08-11-2026 21:04:22,6359,7607,1370,16384,16.833333333333332,98.0,17526,VDD_IN,30012,7909,8563,16866,17526,3890,3923,17.0,10.0,6.0,5.0,63.0,0.0,62.187,63.5,62.281,61.156,61.343,63.5
08-11-2026 21:04:23,6360,7607,1370,16384,12.0,97.0,17211,VDD_IN,29423,7910,8250,16868,17211,3890,3962,3.0,5.0,1.0,2.0,60.0,1.0,62.343,63.375,62.125,61.156,61.312,63.375
08-11-2026 21:04:24,6361,7607,1370,16384,12.0,98.0,17211,VDD_IN,29267,7911,8094,16869,17211,3891,3962,2.0,5.0,0.0,2.0,63.0,0.0,62.187,63.5,62.156,61.218,61.437,63.5
08-11-2026 21:04:25,6361,7607,1370,16384,12.5,97.0,17172,VDD_IN,29150,7911,7977,16871,17172,3891,4001,3.0,3.0,4.0,2.0,62.0,1.0,62.5,63.468,62.125,61.281,61.281,63.468
08-11-2026 21:04:26,6361,7607,1370,16384,12.333333333333334,97.0,17015,VDD_IN,28726,7910,7664,16871,17015,3892,4047,3.0,2.0,8.0,1.0,59.0,1.0,62.031,63.437,62.125,61.093,61.375,63.437
08-11-2026 21:04:27,6362,7607,1370,16384,11.5,97.0,16779,VDD_IN,28268,7908,7363,16871,16779,3893,4126,1.0,2.0,3.0,1.0,62.0,0.0,62.312,63.531,62.093,61.156,61.312,63.531
08-11-2026 21:04:28,6360,7607,1370,16384,16.166666666666668,99.0,16491,VDD_IN,28018,7907,7637,16869,16491,3893,3890,19.0,9.0,3.0,6.0,59.0,1.0,62.375,63.5,62.031,61.156,61.281,63.5
08-11-2026 21:04:29,6337,7607,1370,16384,12.666666666666666,98.0,16885,VDD_IN,28752,7907,7977,16869,16885,3893,3890,2.0,0.0,4.0,2.0,1.0,67.0,62.093,63.406,62.125,61.218,61.406,63.406
08-11-2026 21:04:30,6338,7607,1370,16384,13.666666666666666,97.0,17526,VDD_IN,29998,7910,8549,16872,17526,3893,3923,2.0,2.0,5.0,2.0,1.0,70.0,62.593,63.968,62.281,61.031,61.406,63.968
08-11-2026 21:04:31,6339,7607,1370,16384,12.5,98.0,17447,VDD_IN,29815,7912,8485,16874,17447,3893,3883,2.0,4.0,1.0,2.0,0.0,66.0,62.218,63.625,62.187,61.156,61.375,63.625
08-11-2026 21:04:32,6339,7607,1370,16384,12.666666666666666,98.0,17447,VDD_IN,29855,7914,8485,16876,17447,3893,3923,4.0,4.0,2.0,1.0,1.0,64.0,62.406,63.687,62.093,61.187,61.406,63.687
08-11-2026 21:04:33,6340,7607,1370,16384,11.5,97.0,17290,VDD_IN,29503,7916,8290,16878,17290,3893,3923,3.0,2.0,4.0,0.0,0.0,60.0,62.375,63.562,62.187,61.281,61.375,63.562
08-11-2026 21:04:34,6353,7607,1370,16384,17.0,98.0,17329,VDD_IN,29502,7917,8211,16880,17329,3893,3962,18.0,5.0,8.0,7.0,1.0,63.0,62.218,63.625,62.125,61.25,61.468,63.625
08-11-2026 21:04:35,6353,7607,1370,16384,11.666666666666666,98.0,17172,VDD_IN,29150,7917,7977,16881,17172,3894,4001,3.0,1.0,2.0,2.0,31.0,31.0,62.187,63.656,62.187,61.343,61.406,63.656
08-11-2026 21:04:36,6354,7607,1370,16384,12.0,98.0,16975,VDD_IN,28686,7916,7664,16881,16975,3894,4047,1.0,3.0,2.0,4.0,60.0,2.0,62.25,63.781,62.187,61.187,61.375,63.781
08-11-2026 21:04:37,6353,7607,1370,16384,13.166666666666666,98.0,16897,VDD_IN,28464,7914,7441,16881,16897,3895,4126,22.0,3.0,7.0,2.0,44.0,1.0,62.281,63.812,62.125,61.25,61.5,63.812
08-11-2026 21:04:38,6353,7607,1370,16384,11.5,95.0,16649,VDD_IN,28177,7913,7520,16881,16649,3895,4008,61.0,1.0,1.0,0.0,4.0,2.0,62.406,63.406,62.156,61.343,61.593,63.406
08-11-2026 21:04:39,6354,7607,1370,16384,14.166666666666666,99.0,16897,VDD_IN,28725,7913,7938,16881,16897,3895,3890,41.0,4.0,8.0,3.0,29.0,0.0,62.5,63.531,62.25,61.343,61.468,63.531
08-11-2026 21:04:40,6361,7607,1370,16384,16.833333333333332,99.0,17801,VDD_IN,30507,7916,8705,16884,17801,3896,4001,58.0,15.0,6.0,6.0,16.0,0.0,62.343,64.156,62.25,61.156,61.625,64.156
08-11-2026 21:04:41,6361,7607,1370,16384,12.166666666666666,98.0,17526,VDD_IN,30011,7919,8602,16887,17526,3896,3883,67.0,1.0,1.0,4.0,0.0,0.0,62.437,63.812,62.125,61.218,61.625,63.812
08-11-2026 21:04:42,6361,7607,1370,16384,11.666666666666666,98.0,17447,VDD_IN,29815,7921,8485,16889,17447,3896,3883,62.0,2.0,2.0,3.0,0.0,1.0,62.343,63.781,62.187,61.281,61.625,63.781
08-11-2026 21:04:43,6362,7607,1370,16384,11.833333333333334,98.0,17368,VDD_IN,29620,7922,8329,16890,17368,3896,3923,62.0,2.0,2.0,5.0,0.0,0.0,62.562,63.75,62.125,61.312,61.625,63.75
08-11-2026 21:04:44,6362,7607,1370,16384,12.0,98.0,17368,VDD_IN,29580,7924,8250,16892,17368,3896,3962,63.0,2.0,2.0,4.0,0.0,1.0,62.218,63.781,62.25,61.312,61.593,63.781
08-11-2026 21:04:45,6364,7607,1370,16384,23.5,98.0,17801,VDD_IN,30443,7926,8602,16896,17801,3897,4040,63.0,19.0,20.0,17.0,11.0,11.0,63.062,63.812,62.218,61.25,61.593,63.812
08-11-2026 21:04:46,6362,7607,1365,16384,18.5,97.0,17093,VDD_IN,28875,7925,7742,16896,17093,3897,4040,35.0,11.0,14.0,10.0,8.0,33.0,62.406,63.75,62.281,61.281,61.468,63.75
08-11-2026 21:04:47,6363,7607,1365,16384,12.333333333333334,98.0,16936,VDD_IN,28543,7924,7481,16897,16936,3898,4126,2.0,1.0,1.0,8.0,0.0,62.0,62.406,63.687,62.218,61.312,61.406,63.687
08-11-2026 21:04:48,6363,7607,1365,16384,12.166666666666666,97.0,16531,VDD_IN,27941,7922,7402,16895,16531,3898,4008,3.0,2.0,2.0,6.0,0.0,60.0,62.593,63.062,62.187,61.281,61.625,63.062
08-11-2026 21:04:49,6363,7607,1365,16384,13.5,99.0,16688,VDD_IN,28411,7922,7833,16894,16688,3898,3890,4.0,4.0,2.0,3.0,1.0,67.0,62.062,63.093,62.25,61.406,61.5,63.093
08-11-2026 21:04:50,6364,7607,1365,16384,13.5,99.0,17761,VDD_IN,30428,7924,8666,16898,17761,3899,4001,2.0,5.0,2.0,1.0,1.0,70.0,62.343,63.812,62.375,61.281,61.562,63.812
08-11-2026 21:04:51,6371,7607,1365,16384,18.333333333333332,98.0,17722,VDD_IN,30429,7927,8784,16901,17722,3899,3923,5.0,18.0,12.0,8.0,0.0,67.0,62.468,63.718,62.125,61.25,61.5,63.718
08-11-2026 21:04:52,6372,7607,1365,16384,12.333333333333334,98.0,17486,VDD_IN,29933,7930,8524,16903,17486,3899,3923,3.0,3.0,1.0,4.0,1.0,62.0,62.562,63.906,62.187,61.281,61.468,63.906
08-11-2026 21:04:53,6373,7607,1365,16384,11.5,98.0,17368,VDD_IN,29659,7931,8368,16905,17368,3899,3923,2.0,2.0,1.0,4.0,0.0,60.0,62.406,63.875,62.218,61.343,61.437,63.875
08-11-2026 21:04:54,6373,7607,1365,16384,12.166666666666666,98.0,17329,VDD_IN,29541,7932,8250,16906,17329,3899,3962,3.0,6.0,1.0,0.0,0.0,63.0,62.25,63.843,62.343,61.437,61.5,63.843
08-11-2026 21:04:55,6374,7607,1365,16384,11.666666666666666,98.0,17250,VDD_IN,29345,7933,8094,16907,17250,3900,4001,4.0,2.0,1.0,3.0,0.0,60.0,62.312,63.875,62.312,61.281,61.468,63.875
08-11-2026 21:04:56,6375,7607,1365,16384,11.666666666666666,90.0,17054,VDD_IN,28836,7932,7742,16908,17054,3900,4040,4.0,1.0,3.0,1.0,0.0,61.0,62.437,63.843,62.25,61.281,61.437,63.843
08-11-2026 21:04:57,6376,7607,1365,16384,17.0,98.0,17093,VDD_IN,28837,7931,7625,16909,17093,3901,4119,12.0,3.0,11.0,11.0,2.0,63.0,62.718,63.812,62.187,61.25,61.5,63.625
08-11-2026 21:04:58,6349,7607,1365,16384,12.166666666666666,99.0,16728,VDD_IN,28177,7929,7363,16908,16728,3902,4086,3.0,3.0,2.0,5.0,0.0,60.0,62.5,63.062,62.25,61.375,61.531,63.062
08-11-2026 21:04:59,6351,7607,1365,16384,12.333333333333334,46.0,16570,VDD_IN,28176,7928,7716,16907,16570,3902,3890,2.0,4.0,1.0,2.0,0.0,65.0,62.156,63.375,62.375,61.25,61.562,63.375
08-11-2026 21:05:00,6352,7607,1365,16384,13.166666666666666,98.0,17722,VDD_IN,30311,7931,8549,16910,17722,3902,4040,1.0,1.0,5.0,3.0,0.0,69.0,62.406,63.718,62.218,61.25,61.531,63.718
08-11-2026 21:05:01,6352,7607,1365,16384,13.833333333333334,98.0,17565,VDD_IN,30075,7933,8627,16912,17565,3902,3883,1.0,2.0,7.0,3.0,0.0,70.0,62.406,64.062,62.187,61.312,61.5,64.062
08-11-2026 21:05:02,6353,7607,1365,16384,11.5,97.0,17368,VDD_IN,29737,7935,8446,16914,17368,3902,3923,2.0,2.0,2.0,4.0,0.0,59.0,62.593,63.968,62.218,61.343,61.5,63.968
08-11-2026 21:05:03,6362,7607,1365,16384,16.333333333333332,98.0,17486,VDD_IN,29894,7937,8485,16916,17486,3902,3923,7.0,5.0,19.0,4.0,1.0,62.0,62.343,64.062,62.25,61.375,61.593,64.062
08-11-2026 21:05:04,6374,7607,1365,16384,13.0,98.0,17408,VDD_IN,29699,7938,8329,16917,17408,3902,3962,3.0,3.0,2.0,8.0,0.0,62.0,62.406,64.125,62.343,61.25,61.593,64.125
08-11-2026 21:05:05,6374,7607,1365,16384,11.833333333333334,97.0,17250,VDD_IN,29306,7939,8055,16918,17250,3903,4001,5.0,4.0,1.0,1.0,0.0,60.0,62.437,63.968,62.281,61.343,61.593,63.968
08-11-2026 21:05:06,6375,7607,1365,16384,12.0,98.0,17133,VDD_IN,29032,7938,7859,16919,17133,3903,4040,5.0,2.0,2.0,1.0,0.0,62.0,62.468,63.812,62.25,61.375,61.468,63.812
08-11-2026 21:05:07,6375,7607,1365,16384,12.833333333333334,98.0,16936,VDD_IN,28602,7937,7547,16919,16936,3904,4119,3.0,2.0,1.0,8.0,0.0,63.0,62.718,63.781,62.406,61.343,61.5,63.781
08-11-2026 21:05:08,6376,7607,1365,16384,11.666666666666666,99.0,16609,VDD_IN,27941,7935,7246,16918,16609,3905,4086,2.0,5.0,2.0,2.0,0.0,59.0,62.593,63.25,62.312,61.468,61.625,63.25
08-11-2026 21:05:09,6378,7607,1365,16384,17.0,58.0,16531,VDD_IN,28137,7934,7716,16917,16531,3905,3890,9.0,12.0,12.0,4.0,0.0,65.0,62.343,63.437,62.25,61.218,61.531,63.437
08-11-2026 21:05:10,6379,7607,1365,16384,13.166666666666666,98.0,17643,VDD_IN,30154,7936,8510,16919,17643,3905,4001,3.0,2.0,1.0,4.0,0.0,69.0,62.5,64.312,62.25,61.375,61.625,64.312
08-11-2026 21:05:11,6380,7607,1365,16384,13.5,98.0,17565,VDD_IN,30075,7938,8627,16922,17565,3905,3883,2.0,2.0,2.0,4.0,0.0,71.0,62.406,63.875,62.343,61.343,61.656,63.875
08-11-2026 21:05:12,6381,7607,1365,16384,12.0,98.0,17486,VDD_IN,29933,7940,8524,16923,17486,3905,3923,2.0,3.0,2.0,5.0,0.0,60.0,62.593,63.781,62.343,61.437,61.625,63.781
08-11-2026 21:05:13,6381,7607,1365,16384,12.333333333333334,98.0,17486,VDD_IN,29855,7942,8446,16925,17486,3905,3923,2.0,2.0,2.0,5.0,0.0,63.0,62.375,63.843,62.437,61.312,61.593,63.843
08-11-2026 21:05:14,6383,7607,1365,16384,13.166666666666666,98.0,17526,VDD_IN,29934,7944,8446,16927,17526,3905,3962,8.0,3.0,3.0,3.0,0.0,62.0,62.75,63.812,62.218,61.281,61.625,63.812
08-11-2026 21:05:15,6382,7607,1365,16384,15.5,93.0,17290,VDD_IN,29463,7944,8172,16929,17290,3905,4001,3.0,5.0,7.0,17.0,0.0,61.0,62.562,63.687,62.312,61.375,61.593,63.937
08-11-2026 21:05:16,6383,7607,1365,16384,12.333333333333334,98.0,17172,VDD_IN,29150,7944,7938,16929,17172,3906,4040,4.0,1.0,4.0,3.0,0.0,62.0,62.437,63.968,62.343,61.375,61.5,63.968
08-11-2026 21:05:17,6384,7607,1365,16384,13.166666666666666,98.0,17093,VDD_IN,28876,7944,7703,16930,17093,3906,4080,2.0,4.0,2.0,8.0,0.0,63.0,62.531,63.843,62.312,61.437,61.531,63.843
08-11-2026 21:05:18,6384,7607,1365,16384,11.5,99.0,16857,VDD_IN,28346,7941,7324,16930,16857,3907,4165,2.0,0.0,1.0,5.0,0.0,61.0,62.687,63.687,62.437,61.343,61.625,63.687
08-11-2026 21:05:19,6384,7607,1365,16384,12.166666666666666,99.0,16531,VDD_IN,28137,7941,7716,16928,16531,3907,3890,3.0,3.0,2.0,5.0,0.0,60.0,62.281,63.812,62.281,61.343,61.625,63.812
08-11-2026 21:05:20,6379,7607,1365,16384,18.333333333333332,99.0,17211,VDD_IN,29384,7942,8290,16929,17211,3907,3883,8.0,11.0,8.0,7.0,6.0,70.0,62.687,63.25,62.312,61.437,61.625,63.25
08-11-2026 21:05:21,6381,7607,1365,16384,13.833333333333334,96.0,17486,VDD_IN,29972,7944,8563,16931,17486,3907,3923,3.0,2.0,3.0,5.0,0.0,70.0,62.312,63.812,62.343,61.5,61.656,63.812
08-11-2026 21:05:22,6384,7607,1365,16384,12.666666666666666,98.0,17526,VDD_IN,30012,7946,8563,16933,17526,3907,3923,2.0,1.0,3.0,6.0,0.0,64.0,62.437,63.812,62.437,61.343,61.562,63.812
08-11-2026 21:05:23,6382,7607,1365,16384,12.166666666666666,98.0,17526,VDD_IN,29973,7948,8524,16935,17526,3907,3923,5.0,1.0,1.0,3.0,0.0,63.0,62.562,63.906,62.406,61.281,61.625,63.906
08-11-2026 21:05:24,6383,7607,1365,16384,11.666666666666666,97.0,17290,VDD_IN,29542,7949,8290,16936,17290,3908,3962,6.0,3.0,1.0,1.0,0.0,59.0,62.406,63.781,62.281,61.375,61.625,63.781
08-11-2026 21:05:25,6383,7607,1365,16384,12.333333333333334,98.0,17329,VDD_IN,29502,7950,8211,16938,17329,3908,3962,5.0,1.0,2.0,3.0,0.0,63.0,62.593,64.031,62.406,61.406,61.593,64.031
08-11-2026 21:05:26,6385,7607,1365,16384,17.0,97.0,17408,VDD_IN,29620,7951,8172,16939,17408,3908,4040,8.0,5.0,8.0,5.0,13.0,63.0,62.437,64.093,62.468,61.468,61.656,64.093
08-11-2026 21:05:27,6385,7607,1365,16384,12.166666666666666,97.0,17093,VDD_IN,28876,7950,7703,16940,17093,3909,4080,1.0,4.0,7.0,2.0,0.0,59.0,62.406,64.0,62.375,61.375,61.656,64.0
08-11-2026 21:05:28,6385,7607,1365,16384,12.166666666666666,98.0,16818,VDD_IN,28307,7948,7363,16939,16818,3909,4126,3.0,3.0,3.0,2.0,0.0,62.0,62.625,63.906,62.218,61.406,61.625,63.906
08-11-2026 21:05:29,6386,7607,1365,16384,11.833333333333334,96.0,16570,VDD_IN,28097,7947,7559,16938,16570,3910,3968,3.0,3.0,4.0,2.0,0.0,59.0,62.75,63.687,62.375,61.437,61.625,63.687
08-11-2026 21:05:30,6386,7607,1365,16384,12.833333333333334,99.0,16897,VDD_IN,28803,7947,8016,16938,16897,3910,3890,2.0,2.0,1.0,5.0,0.0,67.0,62.531,63.718,62.406,61.437,61.687,63.718
08-11-2026 21:05:31,6386,7607,1365,16384,14.0,99.0,17683,VDD_IN,30311,7949,8705,16940,17683,3910,3923,3.0,3.0,2.0,5.0,0.0,71.0,62.375,64.187,62.5,61.406,61.687,64.187
08-11-2026 21:05:32,6388,7607,1365,16384,17.0,98.0,17643,VDD_IN,30232,7952,8666,16943,17643,3910,3923,9.0,12.0,9.0,6.0,0.0,66.0,62.468,63.968,62.437,61.406,61.625,63.968
08-11-2026 21:05:33,6389,7607,1365,16384,11.833333333333334,98.0,17486,VDD_IN,29972,7954,8563,16944,17486,3910,3923,3.0,2.0,2.0,3.0,0.0,61.0,62.531,64.281,62.406,61.437,61.687,64.281
08-11-2026 21:05:34,6390,7607,1365,16384,12.333333333333334,93.0,17408,VDD_IN,29699,7955,8329,16946,17408,3910,3962,5.0,2.0,6.0,1.0,0.0,60.0,62.718,64.187,62.343,61.437,61.625,64.187
08-11-2026 21:05:35,6390,7607,1365,16384,11.666666666666666,98.0,17329,VDD_IN,29541,7956,8250,16947,17329,3910,3962,0.0,2.0,4.0,1.0,0.0,63.0,62.437,64.343,62.468,61.562,61.656,64.343
08-11-2026 21:05:36,6391,7607,1365,16384,12.5,98.0,17290,VDD_IN,29385,7956,8094,16948,17290,3910,4001,3.0,3.0,2.0,4.0,0.0,63.0,62.593,63.812,62.531,61.343,61.656,63.812
08-11-2026 21:05:37,6391,7607,1365,16384,12.0,92.0,17093,VDD_IN,28954,7956,7781,16948,17093,3911,4080,2.0,2.0,5.0,4.0,0.0,59.0,62.437,63.781,62.312,61.343,61.593,63.781
08-11-2026 21:05:38,6392,7607,1365,16384,16.333333333333332,98.0,17015,VDD_IN,28681,7954,7547,16949,17015,3911,4119,7.0,16.0,7.0,5.0,0.0,63.0,62.656,63.75,62.343,61.406,61.593,63.75
08-11-2026 21:05:39,6393,7607,1365,16384,11.5,97.0,16531,VDD_IN,27980,7953,7441,16947,16531,3912,4008,3.0,2.0,2.0,4.0,0.0,58.0,62.843,63.437,62.406,61.5,61.625,63.437
08-11-2026 21:05:40,6393,7607,1365,16384,13.166666666666666,99.0,16806,VDD_IN,28595,7952,7899,16947,16806,3912,3890,3.0,2.0,1.0,5.0,0.0,68.0,62.375,63.5,62.406,61.5,61.718,63.5
08-11-2026 21:05:41,6393,7607,1365,16384,13.5,99.0,17801,VDD_IN,30507,7955,8705,16950,17801,3912,4001,2.0,2.0,3.0,4.0,0.0,70.0,62.562,64.187,62.5,61.375,61.781,64.187
08-11-2026 21:05:42,6392,7607,1365,16384,12.666666666666666,98.0,17565,VDD_IN,30129,7957,8641,16951,17565,3912,3923,1.0,2.0,2.0,4.0,0.0,67.0,62.687,64.062,62.375,61.375,61.718,64.062
08-11-2026 21:05:43,6393,7607,1365,16384,12.833333333333334,98.0,17565,VDD_IN,30090,7959,8602,16953,17565,3912,3923,4.0,6.0,5.0,2.0,0.0,60.0,62.75,64.125,62.312,61.468,61.687,64.125
08-11-2026 21:05:44,6393,7607,1365,16384,15.666666666666666,98.0,17447,VDD_IN,29816,7960,8407,16955,17447,3912,3962,12.0,6.0,5.0,10.0,0.0,61.0,62.781,64.093,62.406,61.468,61.687,64.093
08-11-2026 21:05:45,6394,7607,1365,16384,12.0,98.0,17368,VDD_IN,29620,7961,8290,16956,17368,3912,3962,2.0,1.0,3.0,3.0,0.0,63.0,62.5,64.0,62.531,61.5,61.656,64.0
08-11-2026 21:05:46,6394,7607,1365,16384,12.166666666666666,98.0,17290,VDD_IN,29424,7962,8133,16957,17290,3913,4001,2.0,2.0,2.0,5.0,0.0,62.0,62.531,63.937,62.593,61.375,61.687,63.937
08-11-2026 21:05:47,6395,7607,1365,16384,13.166666666666666,93.0,17133,VDD_IN,29033,7961,7820,16958,17133,3913,4080,3.0,1.0,8.0,6.0,0.0,61.0,62.75,63.875,62.375,61.5,61.593,63.875
08-11-2026 21:05:48,6396,7607,1365,16384,12.166666666666666,98.0,17015,VDD_IN,28681,7960,7547,16958,17015,3914,4119,3.0,2.0,1.0,4.0,0.0,63.0,62.593,64.031,62.437,61.531,61.656,64.031
08-11-2026 21:05:49,6395,7607,1365,16384,16.333333333333332,99.0,16897,VDD_IN,28530,7959,7547,16958,16897,3914,4086,10.0,6.0,4.0,17.0,0.0,61.0,63.031,63.531,62.5,61.593,61.781,63.531
08-11-2026 21:05:50,6395,7607,1365,16384,13.0,51.0,16609,VDD_IN,28254,7958,7755,16957,16609,3914,3890,2.0,5.0,3.0,2.0,0.0,66.0,62.343,63.812,62.562,61.437,61.843,63.812
08-11-2026 21:05:51,6395,7607,1365,16384,13.333333333333334,98.0,17840,VDD_IN,30468,7960,8588,16959,17840,3915,4040,2.0,2.0,2.0,4.0,0.0,70.0,62.593,64.312,62.468,61.406,61.75,64.312
08-11-2026 21:05:52,6396,7607,1365,16384,13.166666666666666,98.0,17604,VDD_IN,30153,7962,8666,16961,17604,3914,3883,3.0,1.0,2.0,4.0,0.0,69.0,62.812,64.312,62.406,61.5,61.75,64.031
08-11-2026 21:05:53,6396,7607,1365,16384,12.5,93.0,17526,VDD_IN,29934,7964,8485,16963,17526,3915,3923,2.0,5.0,5.0,4.0,0.0,59.0,62.5,63.968,62.437,61.531,61.718,63.968
08-11-2026 21:05:54,6397,7607,1365,16384,12.5,98.0,17486,VDD_IN,29894,7965,8485,16965,17486,3915,3923,2.0,1.0,3.0,5.0,0.0,64.0,62.812,64.062,62.531,61.687,61.843,64.062
08-11-2026 21:05:55,6398,7607,1365,16384,16.833333333333332,98.0,17526,VDD_IN,29973,7967,8485,16966,17526,3915,3962,7.0,5.0,18.0,8.0,1.0,62.0,62.718,64.031,62.625,61.437,61.875,64.031
08-11-2026 21:05:56,6398,7607,1365,16384,11.5,92.0,17211,VDD_IN,29267,7967,8055,16967,17211,3915,4001,3.0,2.0,2.0,3.0,0.0,59.0,62.5,63.875,62.437,61.5,61.687,63.875
08-11-2026 21:05:57,6398,7607,1365,16384,13.0,98.0,17172,VDD_IN,29111,7967,7899,16968,17172,3915,4040,2.0,3.0,2.0,8.0,0.0,63.0,62.812,64.312,62.531,61.562,61.687,64.312
08-11-2026 21:05:58,6398,7607,1365,16384,12.166666666666666,98.0,17054,VDD_IN,28759,7966,7625,16968,17054,3916,4080,2.0,1.0,2.0,5.0,18.0,45.0,62.562,64.281,62.562,61.531,61.781,64.281
08-11-2026 21:05:59,6399,7607,1365,16384,11.833333333333334,99.0,16728,VDD_IN,28060,7964,7167,16967,16728,3917,4165,5.0,4.0,2.0,2.0,58.0,0.0,62.843,63.656,62.531,61.5,61.843,63.656
08-11-2026 21:06:00,6399,7607,1365,16384,12.833333333333334,99.0,16649,VDD_IN,28333,7963,7833,16966,16649,3916,3851,3.0,1.0,5.0,4.0,64.0,0.0,62.625,63.843,62.437,61.468,61.75,63.843
08-11-2026 21:06:01,6401,7607,1365,16384,17.333333333333332,99.0,17447,VDD_IN,29802,7965,8393,16968,17447,3916,3962,6.0,9.0,15.0,6.0,68.0,0.0,62.593,64.25,62.531,61.593,61.718,64.25
08-11-2026 21:06:02,6402,7607,1365,16384,13.5,97.0,17604,VDD_IN,30153,7967,8666,16969,17604,3916,3883,63.0,3.0,2.0,5.0,8.0,0.0,62.781,64.468,62.593,61.656,61.875,64.468
08-11-2026 21:06:03,6402,7607,1365,16384,11.666666666666666,98.0,17447,VDD_IN,29816,7968,8446,16971,17447,3916,3923,62.0,2.0,3.0,3.0,0.0,0.0,62.937,63.875,62.5,61.5,61.843,63.875
08-11-2026 21:06:04,6402,7607,1365,16384,12.166666666666666,98.0,17408,VDD_IN,29738,7969,8407,16972,17408,3916,3923,64.0,2.0,2.0,5.0,0.0,0.0,63.187,63.906,62.437,61.593,61.812,63.906
08-11-2026 21:06:05,6402,7607,1365,16384,12.0,98.0,17329,VDD_IN,29620,7970,8329,16973,17329,3917,3962,63.0,4.0,3.0,2.0,0.0,0.0,62.937,63.937,62.531,61.687,61.812,63.937
08-11-2026 21:06:06,6407,7607,1365,16384,11.333333333333334,91.0,17172,VDD_IN,29189,7970,8016,16974,17172,3917,4001,60.0,1.0,2.0,5.0,0.0,0.0,62.875,63.968,62.5,61.656,61.875,63.968
08-11-2026 21:06:07,6407,7607,1365,16384,16.833333333333332,98.0,17054,VDD_IN,28914,7970,7859,16974,17054,3917,4001,19.0,7.0,13.0,15.0,46.0,1.0,62.562,63.937,62.593,61.5,61.718,63.937
08-11-2026 21:06:08,6407,7607,1365,16384,13.0,98.0,16897,VDD_IN,28569,7969,7586,16974,16897,3918,4086,5.0,5.0,2.0,2.0,64.0,0.0,62.656,63.843,62.468,61.468,61.75,63.843
08-11-2026 21:06:09,6407,7607,1365,16384,11.333333333333334,99.0,16609,VDD_IN,27863,7967,7128,16973,16609,3918,4126,2.0,1.0,1.0,5.0,59.0,0.0,62.906,63.343,62.562,61.562,61.781,63.343
08-11-2026 21:06:10,6407,7607,1365,16384,12.0,98.0,16491,VDD_IN,28058,7966,7716,16971,16491,3918,3851,2.0,4.0,2.0,1.0,63.0,0.0,62.687,63.906,62.531,61.562,61.718,63.906
08-11-2026 21:06:11,6407,7607,1365,16384,12.666666666666666,99.0,17329,VDD_IN,29581,7967,8329,16972,17329,3918,3923,2.0,2.0,1.0,3.0,68.0,0.0,63.062,63.937,62.312,61.593,61.968,63.937
08-11-2026 21:06:12,6408,7607,1365,16384,17.166666666666668,98.0,17683,VDD_IN,30310,7969,8744,16974,17683,3918,3883,7.0,12.0,7.0,7.0,70.0,0.0,62.906,63.968,62.593,61.531,61.843,63.968
08-11-2026 21:06:13,6408,7607,1365,16384,12.833333333333334,98.0,17408,VDD_IN,29816,7971,8485,16976,17408,3918,3923,9.0,1.0,2.0,3.0,61.0,1.0,62.625,63.968,62.531,61.468,61.843,63.968
08-11-2026 21:06:14,6408,7607,1365,16384,12.333333333333334,97.0,17408,VDD_IN,29738,7972,8407,16977,17408,3918,3923,1.0,4.0,1.0,3.0,65.0,0.0,62.812,63.968,62.531,61.593,61.687,63.968
08-11-2026 21:06:15,6408,7607,1365,16384,12.166666666666666,97.0,17290,VDD_IN,29503,7973,8290,16978,17290,3918,3923,2.0,5.0,3.0,1.0,62.0,0.0,62.5,64.0,62.625,61.593,61.812,64.0
08-11-2026 21:06:16,6408,7607,1365,16384,11.5,89.0,17133,VDD_IN,29111,7973,8016,16978,17133,3918,3962,2.0,2.0,2.0,2.0,60.0,1.0,62.906,64.187,62.5,61.656,61.718,64.187
08-11-2026 21:06:17,6408,7607,1365,16384,13.333333333333334,97.0,17172,VDD_IN,29111,7973,7938,16979,17172,3918,4001,6.0,5.0,2.0,3.0,64.0,0.0,62.5,64.281,62.656,61.531,61.843,64.281
08-11-2026 21:06:18,6406,7607,1364,16384,17.0,98.0,17211,VDD_IN,29150,7972,7859,16979,17211,3919,4080,9.0,7.0,3.0,18.0,63.0,2.0,62.625,64.218,62.593,61.625,61.843,64.218
08-11-2026 21:06:19,6406,7607,1364,16384,11.833333333333334,98.0,16806,VDD_IN,28178,7970,7246,16979,16806,3919,4126,3.0,1.0,1.0,5.0,61.0,0.0,62.875,64.062,62.531,61.531,61.843,64.062
08-11-2026 21:06:20,6406,7607,1364,16384,11.333333333333334,99.0,16413,VDD_IN,27901,7969,7598,16977,16413,3919,3890,2.0,3.0,2.0,2.0,59.0,0.0,62.468,64.125,62.531,61.718,61.906,64.125
08-11-2026 21:06:21,6381,7607,1364,16384,13.5,99.0,16936,VDD_IN,28881,7970,8055,16977,16936,3919,3890,2.0,2.0,6.0,1.0,32.0,38.0,62.843,64.062,62.531,61.687,61.812,64.062
08-11-2026 21:06:22,6382,7607,1364,16384,13.666666666666666,97.0,17368,VDD_IN,29776,7971,8485,16978,17368,3919,3923,3.0,2.0,4.0,2.0,0.0,71.0,62.593,64.093,62.593,61.562,61.875,64.093
08-11-2026 21:06:23,6383,7607,1364,16384,12.666666666666666,98.0,17447,VDD_IN,29854,7973,8524,16979,17447,3919,3883,4.0,2.0,3.0,2.0,0.0,65.0,62.781,64.093,62.5,61.531,61.781,64.093
08-11-2026 21:06:24,6384,7607,1365,16384,18.0,98.0,17526,VDD_IN,29998,7974,8549,16981,17526,3919,3923,8.0,18.0,6.0,8.0,5.0,63.0,62.968,64.156,62.562,61.593,61.812,64.156
08-11-2026 21:06:25,6386,7607,1365,16384,12.833333333333334,98.0,17368,VDD_IN,29620,7975,8329,16982,17368,3919,3923,2.0,5.0,2.0,7.0,48.0,13.0,62.562,64.125,62.593,61.75,61.812,64.125
08-11-2026 21:06:26,6386,7607,1365,16384,12.0,98.0,17290,VDD_IN,29502,7976,8250,16983,17290,3919,3962,2.0,4.0,2.0,1.0,63.0,0.0,62.593,64.093,62.593,61.75,61.906,64.093
08-11-2026 21:06:27,6387,7607,1365,16384,12.333333333333334,98.0,17172,VDD_IN,29228,7976,8055,16983,17172,3919,4001,1.0,8.0,1.0,2.0,29.0,33.0,62.781,63.968,62.531,61.625,61.781,63.968
08-11-2026 21:06:29,6387,7607,1365,16384,12.666666666666666,93.0,16975,VDD_IN,28757,7975,7742,16983,16975,3920,4040,4.0,6.0,3.0,2.0,0.0,61.0,62.687,63.968,62.562,61.562,61.75,63.968
08-11-2026 21:06:30,6388,7607,1365,16384,12.0,98.0,16857,VDD_IN,28411,7974,7468,16983,16857,3920,4086,1.0,4.0,2.0,2.0,0.0,63.0,62.968,63.875,62.562,61.656,61.75,63.875
08-11-2026 21:06:31,6394,7607,1365,16384,15.833333333333334,99.0,16609,VDD_IN,28019,7972,7363,16982,16609,3920,4047,6.0,13.0,14.0,3.0,0.0,59.0,62.812,63.437,62.593,61.625,61.843,63.437
08-11-2026 21:06:32,6394,7607,1365,16384,13.166666666666666,48.0,16491,VDD_IN,28018,7972,7676,16981,16491,3920,3851,3.0,4.0,5.0,2.0,0.0,65.0,62.593,63.562,62.656,61.562,61.781,63.562
08-11-2026 21:06:33,6395,7607,1365,16384,13.0,99.0,17722,VDD_IN,30311,7973,8549,16983,17722,3921,4040,1.0,4.0,1.0,2.0,0.0,70.0,62.843,64.218,62.593,61.531,61.812,64.218
08-11-2026 21:06:34,6395,7607,1365,16384,13.166666666666666,98.0,17447,VDD_IN,29879,7975,8549,16984,17447,3921,3883,2.0,5.0,2.0,1.0,0.0,69.0,63.062,64.25,62.593,61.718,61.843,64.25
08-11-2026 21:06:35,6396,7607,1365,16384,11.666666666666666,97.0,17368,VDD_IN,29698,7976,8407,16985,17368,3921,3923,4.0,0.0,3.0,2.0,2.0,59.0,62.937,64.093,62.593,61.625,61.875,64.093
08-11-2026 21:06:36,6422,7607,1369,16384,28.333333333333332,0.0,9275,VDD_IN,14754,7963,3095,16964,9275,3916,2384,28.0,27.0,26.0,32.0,28.0,29.0,62.531,61.781,62.406,61.468,61.281,62.625
08-11-2026 21:06:37,6550,7607,1371,16384,68.0,98.0,10253,VDD_IN,16000,7951,3525,16947,10253,3912,2222,71.0,68.0,67.0,62.0,74.0,66.0,62.0,62.5,62.0,61.25,60.937,62.5
08-11-2026 21:06:38,6550,7607,1371,16384,11.5,99.0,15862,VDD_IN,26897,7949,7336,16944,15862,3911,3699,2.0,1.0,2.0,5.0,59.0,0.0,62.156,63.343,62.156,61.343,61.468,63.343
08-11-2026 21:06:39,6550,7607,1371,16384,14.0,99.0,16857,VDD_IN,28763,7950,8055,16943,16857,3911,3851,4.0,1.0,1.0,9.0,69.0,0.0,62.375,63.5,62.375,61.468,61.562,63.5
08-11-2026 21:06:40,6550,7607,1371,16384,13.666666666666666,97.0,17408,VDD_IN,29776,7951,8485,16945,17408,3911,3883,3.0,2.0,1.0,6.0,70.0,0.0,62.281,63.875,62.375,61.562,61.625,63.875
08-11-2026 21:06:41,6550,7607,1371,16384,12.0,98.0,17408,VDD_IN,29776,7953,8485,16946,17408,3911,3883,3.0,5.0,1.0,0.0,63.0,0.0,62.468,64.0,62.375,61.375,61.593,64.0
08-11-2026 21:06:42,6550,7607,1371,16384,12.5,98.0,17447,VDD_IN,29816,7954,8446,16947,17447,3911,3923,2.0,2.0,3.0,4.0,64.0,0.0,62.625,64.125,62.375,61.375,61.5,64.125
08-11-2026 21:06:43,6555,7607,1371,16384,16.333333333333332,97.0,17368,VDD_IN,29620,7955,8329,16948,17368,3911,3923,8.0,10.0,6.0,13.0,61.0,0.0,62.5,64.093,62.218,61.5,61.593,64.093
08-11-2026 21:06:44,6555,7607,1371,16384,12.5,98.0,17211,VDD_IN,29267,7955,8094,16949,17211,3911,3962,2.0,7.0,4.0,0.0,62.0,0.0,62.656,63.875,62.437,61.562,61.656,63.875
08-11-2026 21:06:45,6555,7607,1371,16384,12.333333333333334,98.0,17093,VDD_IN,28993,7955,7899,16949,17093,3911,4001,2.0,2.0,2.0,5.0,63.0,0.0,62.375,63.812,62.468,61.343,61.687,63.812
08-11-2026 21:06:46,6555,7607,1371,16384,11.666666666666666,98.0,16936,VDD_IN,28647,7954,7625,16949,16936,3912,4086,3.0,3.0,2.0,2.0,60.0,0.0,62.468,63.781,62.343,61.406,61.562,63.781
08-11-2026 21:06:47,6555,7607,1371,16384,11.333333333333334,99.0,16688,VDD_IN,28059,7952,7206,16949,16688,3913,4165,1.0,1.0,5.0,1.0,60.0,0.0,62.718,63.593,62.281,61.406,61.656,63.593
08-11-2026 21:06:48,6555,7607,1371,16384,15.833333333333334,99.0,16570,VDD_IN,28215,7952,7794,16948,16570,3912,3851,18.0,7.0,7.0,3.0,60.0,0.0,62.687,63.781,62.343,61.437,61.687,63.781
08-11-2026 21:06:49,6555,7607,1371,16384,14.166666666666666,99.0,17015,VDD_IN,29031,7952,8133,16948,17015,3912,3883,5.0,2.0,4.0,5.0,68.0,1.0,62.687,63.593,62.406,61.5,61.718,63.593
08-11-2026 21:06:50,6555,7607,1371,16384,13.833333333333334,98.0,17447,VDD_IN,29854,7954,8524,16949,17447,3912,3883,53.0,2.0,5.0,4.0,19.0,0.0,62.406,64.218,62.468,61.406,61.687,64.218
08-11-2026 21:06:51,6555,7607,1371,16384,12.5,98.0,17368,VDD_IN,29697,7955,8446,16950,17368,3912,3883,1.0,4.0,3.0,4.0,0.0,63.0,62.562,64.281,62.406,61.343,61.687,64.281
08-11-2026 21:06:52,6555,7607,1371,16384,12.333333333333334,98.0,17368,VDD_IN,29698,7956,8407,16951,17368,3912,3923,2.0,4.0,1.0,5.0,0.0,62.0,62.718,64.218,62.406,61.5,61.625,64.218
08-11-2026 21:06:53,6555,7607,1371,16384,12.333333333333334,97.0,17329,VDD_IN,29581,7957,8329,16952,17329,3912,3923,3.0,5.0,3.0,1.0,0.0,62.0,62.531,63.875,62.468,61.5,61.656,63.875
08-11-2026 21:06:54,6556,7607,1371,16384,15.666666666666666,89.0,17329,VDD_IN,29502,7958,8172,16953,17329,3912,4001,13.0,12.0,3.0,5.0,0.0,61.0,62.812,63.812,62.406,61.593,61.718,63.812
08-11-2026 21:06:55,6557,7607,1371,16384,12.5,98.0,17093,VDD_IN,29032,7958,7899,16954,17093,3913,4040,4.0,6.0,0.0,2.0,0.0,63.0,62.531,64.0,62.531,61.437,61.687,64.0
08-11-2026 21:06:56,6557,7607,1371,16384,12.166666666666666,98.0,17054,VDD_IN,28798,7957,7664,16954,17054,3913,4080,4.0,4.0,1.0,1.0,0.0,63.0,62.625,63.937,62.406,61.437,61.75,63.937
08-11-2026 21:06:57,6557,7607,1371,16384,12.333333333333334,99.0,16688,VDD_IN,27981,7955,7128,16953,16688,3914,4165,4.0,4.0,4.0,2.0,0.0,60.0,62.875,63.687,62.343,61.468,61.625,63.687
08-11-2026 21:06:58,6557,7607,1371,16384,11.333333333333334,99.0,16413,VDD_IN,27940,7954,7676,16952,16413,3914,3851,2.0,1.0,4.0,1.0,0.0,60.0,62.375,63.843,62.468,61.468,61.625,63.843
08-11-2026 21:06:59,6557,7607,1371,16384,13.5,99.0,17133,VDD_IN,29267,7955,8211,16952,17133,3914,3923,4.0,3.0,0.0,4.0,1.0,69.0,62.781,63.781,62.437,61.656,61.718,63.781
08-11-2026 21:07:00,6557,7607,1371,16384,18.666666666666668,97.0,17565,VDD_IN,30075,7956,8627,16954,17565,3914,3883,7.0,13.0,6.0,16.0,0.0,70.0,62.531,63.875,62.593,61.437,61.812,63.875
08-11-2026 21:07:01,6557,7607,1371,16384,12.0,98.0,17447,VDD_IN,29894,7958,8524,16955,17447,3914,3923,1.0,5.0,1.0,2.0,0.0,63.0,62.593,63.906,62.437,61.531,61.687,63.906
08-11-2026 21:07:02,6557,7607,1371,16384,12.5,98.0,17408,VDD_IN,29777,7959,8446,16956,17408,3914,3923,3.0,4.0,2.0,3.0,0.0,63.0,62.781,63.968,62.281,61.531,61.687,63.968
08-11-2026 21:07:03,6556,7607,1371,16384,11.666666666666666,98.0,17290,VDD_IN,29503,7960,8290,16957,17290,3914,3923,2.0,4.0,1.0,2.0,1.0,60.0,62.375,63.906,62.437,61.531,61.718,63.906
08-11-2026 21:07:04,6556,7607,1371,16384,12.333333333333334,98.0,17250,VDD_IN,29345,7960,8133,16958,17250,3914,3962,2.0,5.0,2.0,2.0,0.0,63.0,62.718,63.937,62.593,61.625,61.718,63.937
08-11-2026 21:07:05,6556,7607,1371,16384,12.333333333333334,98.0,17133,VDD_IN,29072,7960,7938,16958,17133,3914,4001,3.0,3.0,2.0,3.0,0.0,63.0,62.656,63.968,62.5,61.468,61.656,63.968
08-11-2026 21:07:06,6557,7607,1371,16384,16.666666666666668,98.0,16975,VDD_IN,28764,7960,7703,16958,16975,3914,4086,6.0,18.0,9.0,4.0,1.0,62.0,62.593,64.125,62.468,61.5,61.625,64.125
08-11-2026 21:07:07,6557,7607,1371,16384,11.666666666666666,99.0,16728,VDD_IN,28139,7958,7246,16958,16728,3915,4165,3.0,1.0,4.0,2.0,1.0,59.0,62.875,63.843,62.406,61.531,61.75,63.843
08-11-2026 21:07:08,6558,7607,1371,16384,11.833333333333334,99.0,16452,VDD_IN,27979,7957,7637,16956,16452,3915,3890,4.0,1.0,4.0,2.0,0.0,60.0,62.375,63.968,62.468,61.625,61.75,63.968
08-11-2026 21:07:09,6558,7607,1371,16384,13.166666666666666,99.0,16897,VDD_IN,28842,7957,8055,16956,16897,3915,3890,4.0,1.0,4.0,1.0,0.0,69.0,62.406,63.687,62.5,61.437,61.687,63.687
08-11-2026 21:07:10,6558,7607,1371,16384,13.333333333333334,97.0,17447,VDD_IN,29815,7959,8485,16957,17447,3915,3883,2.0,1.0,5.0,2.0,0.0,70.0,62.562,64.218,62.593,61.468,61.75,64.218
08-11-2026 21:07:11,6555,7607,1371,16384,16.333333333333332,98.0,17643,VDD_IN,30232,7960,8666,16959,17643,3915,3923,8.0,3.0,11.0,8.0,4.0,64.0,62.906,63.937,62.406,61.437,61.875,63.937
08-11-2026 21:07:12,6556,7607,1371,16384,14.166666666666666,98.0,17486,VDD_IN,29933,7962,8524,16960,17486,3915,3923,6.0,3.0,7.0,4.0,2.0,63.0,62.75,64.0,62.5,61.562,61.718,64.0
08-11-2026 21:07:13,6557,7607,1371,16384,11.333333333333334,97.0,17329,VDD_IN,29541,7962,8250,16961,17329,3915,3962,1.0,3.0,2.0,3.0,0.0,59.0,62.5,63.937,62.531,61.625,61.75,63.937
08-11-2026 21:07:14,6556,7607,1371,16384,12.166666666666666,98.0,17172,VDD_IN,29228,7963,8094,16962,17172,3915,3962,3.0,3.0,4.0,1.0,0.0,62.0,62.593,64.0,62.5,61.375,61.781,64.0
08-11-2026 21:07:15,6556,7607,1371,16384,12.166666666666666,98.0,17133,VDD_IN,29072,7963,7938,16962,17133,3915,4001,2.0,5.0,2.0,1.0,0.0,63.0,62.718,64.031,62.343,61.5,61.656,64.031
08-11-2026 21:07:16,6556,7607,1371,16384,12.0,98.0,16975,VDD_IN,28725,7962,7664,16962,16975,3916,4086,2.0,3.0,4.0,2.0,0.0,61.0,62.843,64.343,62.406,61.5,61.75,64.343
08-11-2026 21:07:17,6558,7607,1371,16384,15.5,99.0,16806,VDD_IN,28256,7960,7285,16962,16806,3916,4165,3.0,5.0,8.0,16.0,1.0,60.0,63.031,63.937,62.531,61.531,61.687,63.937
08-11-2026 21:07:18,6558,7607,1371,16384,11.666666666666666,99.0,16452,VDD_IN,28019,7960,7716,16961,16452,3916,3851,3.0,1.0,1.0,2.0,2.0,61.0,62.312,63.687,62.406,61.593,61.812,63.687
08-11-2026 21:07:19,6558,7607,1371,16384,14.166666666666666,99.0,17093,VDD_IN,29227,7960,8211,16961,17093,3916,3923,3.0,6.0,2.0,2.0,2.0,70.0,62.437,63.625,62.593,61.468,61.781,63.625
08-11-2026 21:07:20,6558,7607,1371,16384,13.166666666666666,97.0,17526,VDD_IN,29998,7962,8549,16962,17526,3916,3923,2.0,11.0,4.0,2.0,60.0,0.0,62.593,63.968,62.437,61.5,61.75,63.968
08-11-2026 21:07:21,6558,7607,1371,16384,12.0,98.0,17526,VDD_IN,30012,7963,8563,16964,17526,3916,3923,2.0,2.0,0.0,4.0,64.0,0.0,62.843,64.125,62.468,61.5,61.781,64.125
08-11-2026 21:07:22,6558,7607,1371,16384,12.5,98.0,17486,VDD_IN,29933,7964,8524,16965,17486,3916,3923,2.0,1.0,1.0,8.0,63.0,0.0,62.531,64.125,62.562,61.625,61.75,64.125
08-11-2026 21:07:23,6558,7607,1371,16384,16.0,97.0,17447,VDD_IN,29777,7965,8368,16966,17447,3916,3962,7.0,5.0,6.0,18.0,59.0,1.0,62.812,64.156,62.593,61.593,61.75,64.156
08-11-2026 21:07:24,6558,7607,1371,16384,12.0,97.0,17329,VDD_IN,29541,7966,8211,16967,17329,3917,4001,2.0,3.0,2.0,2.0,63.0,0.0,62.437,64.156,62.625,61.437,61.656,64.156
08-11-2026 21:07:25,6558,7607,1371,16384,12.833333333333334,98.0,17250,VDD_IN,29267,7966,8016,16968,17250,3917,4001,4.0,3.0,2.0,5.0,63.0,0.0,62.593,64.062,62.5,61.562,61.718,64.062
08-11-2026 21:07:26,6559,7607,1371,16384,11.666666666666666,97.0,17015,VDD_IN,28758,7965,7703,16968,17015,3917,4040,7.0,1.0,2.0,1.0,59.0,0.0,62.875,63.875,62.468,61.562,61.718,63.875
08-11-2026 21:07:27,6559,7607,1371,16384,12.0,98.0,16897,VDD_IN,28452,7964,7390,16967,16897,3918,4165,7.0,3.0,1.0,2.0,59.0,0.0,62.656,63.843,62.406,61.625,61.781,63.843
08-11-2026 21:07:28,6559,7607,1371,16384,11.166666666666666,96.0,16609,VDD_IN,28136,7963,7559,16967,16609,3918,3968,61.0,1.0,4.0,1.0,0.0,0.0,62.906,63.562,62.593,61.656,61.843,63.562
08-11-2026 21:07:29,6559,7607,1371,16384,17.5,99.0,16857,VDD_IN,28724,7963,7977,16966,16857,3918,3890,17.0,20.0,8.0,7.0,53.0,0.0,62.437,63.718,62.687,61.531,61.718,63.718
08-11-2026 21:07:30,6560,7607,1371,16384,13.333333333333334,99.0,17761,VDD_IN,30467,7965,8744,16968,17761,3918,3962,3.0,1.0,1.0,5.0,70.0,0.0,62.656,64.25,62.531,61.562,61.843,64.25
08-11-2026 21:07:31,6560,7607,1371,16384,13.0,98.0,17565,VDD_IN,30075,7967,8627,16970,17565,3918,3883,1.0,2.0,4.0,3.0,68.0,0.0,62.906,64.093,62.531,61.625,61.843,64.093
08-11-2026 21:07:32,6560,7607,1371,16384,11.666666666666666,97.0,17526,VDD_IN,30012,7968,8563,16971,17526,3918,3923,3.0,2.0,3.0,2.0,60.0,0.0,62.468,64.218,62.625,61.625,61.75,64.218
08-11-2026 21:07:33,6560,7607,1371,16384,13.0,92.0,17408,VDD_IN,29738,7969,8368,16972,17408,3918,3962,3.0,8.0,1.0,4.0,62.0,0.0,62.562,64.218,62.593,61.531,61.781,64.218
08-11-2026 21:07:34,6559,7607,1371,16384,15.166666666666666,98.0,17526,VDD_IN,29856,7970,8368,16973,17526,3918,3962,10.0,4.0,7.0,7.0,63.0,0.0,62.656,64.281,62.5,61.562,61.812,64.281
08-11-2026 21:07:35,6560,7607,1371,16384,13.333333333333334,98.0,17329,VDD_IN,29424,7970,8094,16974,17329,3918,4001,7.0,7.0,3.0,3.0,60.0,0.0,62.625,64.343,62.562,61.562,61.781,64.343
08-11-2026 21:07:36,6560,7607,1371,16384,11.666666666666666,96.0,17093,VDD_IN,28914,7970,7781,16974,17093,3918,4040,3.0,1.0,0.0,5.0,61.0,0.0,62.843,64.281,62.593,61.687,61.718,64.281
08-11-2026 21:07:37,6560,7607,1371,16384,12.0,98.0,16975,VDD_IN,28601,7969,7507,16974,16975,3919,4119,5.0,0.0,2.0,1.0,64.0,0.0,62.562,64.031,62.593,61.687,61.781,64.031
08-11-2026 21:07:38,6560,7607,1371,16384,11.666666666666666,99.0,16649,VDD_IN,28059,7967,7324,16974,16649,3919,4086,3.0,1.0,2.0,5.0,59.0,0.0,62.843,63.468,62.687,61.562,61.875,63.468
08-11-2026 21:07:39,6559,7607,1371,16384,12.833333333333334,48.0,16570,VDD_IN,28176,7966,7716,16973,16570,3919,3890,3.0,1.0,4.0,3.0,66.0,0.0,62.625,63.812,62.468,61.562,61.843,63.812
08-11-2026 21:07:40,6562,7607,1371,16384,17.833333333333332,99.0,17811,VDD_IN,30517,7968,8666,16975,17811,3919,4040,4.0,9.0,20.0,5.0,69.0,0.0,62.625,64.187,62.593,61.625,61.843,64.187
08-11-2026 21:07:41,6561,7607,1371,16384,13.5,97.0,17604,VDD_IN,30153,7970,8666,16976,17604,3919,3883,3.0,4.0,2.0,2.0,70.0,0.0,62.812,64.312,62.531,61.656,61.875,64.312
08-11-2026 21:07:42,6561,7607,1371,16384,11.833333333333334,93.0,17447,VDD_IN,29880,7971,8510,16977,17447,3919,3923,2.0,5.0,2.0,2.0,60.0,0.0,62.531,64.531,62.625,61.718,61.781,64.531
08-11-2026 21:07:43,6561,7607,1371,16384,11.833333333333334,98.0,17447,VDD_IN,29816,7972,8446,16978,17447,3919,3923,2.0,3.0,2.0,2.0,11.0,51.0,62.75,64.0,62.656,61.531,61.843,64.0
08-11-2026 21:07:44,6561,7607,1371,16384,13.333333333333334,98.0,17486,VDD_IN,29816,7973,8368,16979,17486,3920,3962,4.0,10.0,3.0,1.0,0.0,62.0,62.812,64.031,62.531,61.593,61.843,64.031
08-11-2026 21:07:45,6561,7607,1371,16384,11.5,97.0,17172,VDD_IN,29189,7973,8016,16980,17172,3920,4001,2.0,5.0,2.0,2.0,0.0,58.0,62.687,63.875,62.593,61.687,61.781,63.875
08-11-2026 21:07:46,6562,7607,1371,16384,16.666666666666668,98.0,17250,VDD_IN,29267,7973,7977,16980,17250,3920,4040,34.0,7.0,3.0,12.0,3.0,41.0,62.906,64.0,62.531,61.718,62.0,64.0
08-11-2026 21:07:47,6562,7607,1371,16384,12.166666666666666,98.0,16975,VDD_IN,28602,7972,7547,16980,16975,3920,4080,10.0,4.0,3.0,56.0,0.0,0.0,62.656,63.968,62.593,61.687,61.906,63.968
08-11-2026 21:07:48,6562,7607,1371,16384,10.833333333333334,99.0,16728,VDD_IN,28099,7970,7206,16980,16728,3921,4165,1.0,1.0,3.0,60.0,0.0,0.0,62.875,63.625,62.718,61.593,61.843,63.625
08-11-2026 21:07:49,6562,7607,1371,16384,11.833333333333334,94.0,16531,VDD_IN,28137,7970,7755,16979,16531,3921,3851,2.0,1.0,2.0,63.0,2.0,1.0,62.562,64.031,62.593,61.625,61.781,64.031
08-11-2026 21:07:50,6562,7607,1371,16384,12.833333333333334,99.0,17408,VDD_IN,29777,7971,8407,16980,17408,3921,3962,2.0,1.0,1.0,69.0,4.0,0.0,62.718,64.218,62.593,61.562,61.875,64.218
08-11-2026 21:07:51,6562,7607,1371,16384,13.333333333333334,98.0,17565,VDD_IN,30075,7972,8627,16981,17565,3921,3883,2.0,3.0,2.0,70.0,0.0,3.0,63.093,64.343,62.593,61.687,61.968,64.343
08-11-2026 21:07:52,6563,7607,1371,16384,16.5,98.0,17526,VDD_IN,30012,7974,8563,16982,17526,3921,3923,11.0,7.0,13.0,64.0,3.0,1.0,62.718,64.375,62.593,61.656,61.906,64.375
08-11-2026 21:07:53,6563,7607,1371,16384,11.833333333333334,98.0,17486,VDD_IN,29894,7975,8485,16983,17486,3921,3923,3.0,2.0,2.0,63.0,1.0,0.0,62.906,64.437,62.718,61.562,62.062,64.437
08-11-2026 21:07:54,6563,7607,1371,16384,11.666666666666666,97.0,17447,VDD_IN,29777,7976,8368,16984,17447,3921,3962,3.0,2.0,3.0,61.0,0.0,1.0,62.75,64.468,62.75,61.656,61.875,64.468
08-11-2026 21:07:55,6563,7607,1371,16384,12.0,94.0,17290,VDD_IN,29424,7976,8133,16985,17290,3921,4001,7.0,2.0,2.0,61.0,0.0,0.0,62.968,64.156,62.593,61.75,61.906,64.156
08-11-2026 21:07:56,6564,7607,1371,16384,14.333333333333334,98.0,17250,VDD_IN,29306,7976,8016,16986,17250,3921,4040,4.0,3.0,4.0,63.0,10.0,2.0,63.062,64.093,62.593,61.718,61.968,64.093
08-11-2026 21:07:57,6565,7607,1371,16384,15.166666666666666,98.0,17329,VDD_IN,29347,7976,7938,16986,17329,3922,4080,13.0,6.0,6.0,53.0,13.0,0.0,63.031,64.062,62.625,61.75,61.968,64.062
08-11-2026 21:07:58,6565,7607,1371,16384,12.0,99.0,16767,VDD_IN,28138,7974,7206,16986,16767,3922,4165,6.0,5.0,1.0,0.0,60.0,0.0,62.937,63.656,62.781,61.625,61.906,63.656
08-11-2026 21:07:59,6565,7607,1371,16384,11.833333333333334,99.0,16570,VDD_IN,28215,7974,7755,16985,16570,3922,3890,4.0,1.0,2.0,2.0,61.0,1.0,62.687,64.0,62.593,61.593,61.812,64.0
08-11-2026 21:08:00,6566,7607,1371,16384,13.166666666666666,99.0,17133,VDD_IN,29227,7974,8211,16985,17133,3922,3883,2.0,1.0,3.0,0.0,69.0,4.0,62.656,63.937,62.593,61.625,61.843,63.937
08-11-2026 21:08:01,6565,7607,1371,16384,13.166666666666666,97.0,17486,VDD_IN,29933,7975,8524,16986,17486,3922,3923,2.0,2.0,2.0,2.0,69.0,2.0,62.875,64.5,62.593,61.75,61.937,64.5
08-11-2026 21:08:02,6566,7607,1371,16384,12.666666666666666,98.0,17486,VDD_IN,29972,7977,8563,16987,17486,3922,3923,5.0,2.0,4.0,0.0,65.0,0.0,62.593,64.593,62.75,61.625,61.875,64.593
08-11-2026 21:08:03,6564,7607,1371,16384,16.5,98.0,17604,VDD_IN,30168,7978,8641,16989,17604,3922,3923,11.0,10.0,5.0,18.0,55.0,0.0,62.656,64.531,62.75,61.718,61.843,64.531
08-11-2026 21:08:04,6566,7607,1371,16384,12.0,97.0,17368,VDD_IN,29659,7979,8329,16990,17368,3922,3962,36.0,3.0,4.0,3.0,26.0,0.0,62.937,64.593,62.562,61.687,61.968,64.593
08-11-2026 21:08:05,6567,7607,1371,16384,11.833333333333334,97.0,17329,VDD_IN,29541,7979,8211,16990,17329,3922,4001,63.0,2.0,3.0,3.0,0.0,0.0,62.875,64.25,62.656,61.718,62.062,64.25
08-11-2026 21:08:06,6567,7607,1371,16384,12.0,98.0,17250,VDD_IN,29306,7979,8016,16991,17250,3922,4040,33.0,31.0,2.0,2.0,4.0,0.0,63.0,64.218,62.656,61.687,61.906,64.218
08-11-2026 21:08:07,6567,7607,1371,16384,11.5,98.0,17054,VDD_IN,28876,7979,7742,16991,17054,3923,4080,1.0,60.0,1.0,1.0,3.0,3.0,62.625,64.125,62.593,61.687,61.906,64.125
08-11-2026 21:08:08,6567,7607,1371,16384,12.0,98.0,16857,VDD_IN,28417,7978,7402,16991,16857,3923,4158,3.0,63.0,3.0,1.0,2.0,0.0,62.781,64.218,62.843,61.687,61.906,64.218
08-11-2026 21:08:09,6569,7607,1371,16384,15.5,99.0,16609,VDD_IN,28214,7977,7676,16990,16609,3923,3929,19.0,46.0,13.0,11.0,2.0,2.0,62.906,63.937,62.593,61.687,61.906,63.937
08-11-2026 21:08:10,6569,7607,1371,16384,12.166666666666666,99.0,16897,VDD_IN,28881,7977,8055,16990,16897,3923,3929,69.0,0.0,1.0,3.0,0.0,0.0,62.843,64.031,62.593,61.718,61.937,64.031
08-11-2026 21:08:11,6570,7607,1371,16384,12.666666666666666,98.0,17683,VDD_IN,30350,7979,8705,16991,17683,3923,3962,70.0,2.0,3.0,0.0,0.0,1.0,62.906,64.531,62.625,61.75,62.093,64.531
08-11-2026 21:08:12,6571,7607,1371,16384,12.5,98.0,17604,VDD_IN,30154,7980,8627,16992,17604,3923,3923,67.0,1.0,4.0,3.0,0.0,0.0,62.718,64.281,62.687,61.687,62.093,64.281
08-11-2026 21:08:13,6571,7607,1371,16384,11.833333333333334,98.0,17565,VDD_IN,30051,7981,8563,16994,17565,3923,3923,9.0,3.0,2.0,2.0,55.0,0.0,62.75,64.218,62.843,61.687,61.906,64.218
08-11-2026 21:08:14,6572,7607,1371,16384,13.333333333333334,94.0,17526,VDD_IN,29934,7982,8446,16995,17526,3924,3962,3.0,6.0,4.0,6.0,60.0,1.0,63.062,64.062,62.593,61.718,61.937,64.062
08-11-2026 21:08:15,6575,7607,1371,16384,14.333333333333334,98.0,17447,VDD_IN,29699,7983,8290,16996,17447,3924,3962,2.0,2.0,7.0,12.0,62.0,1.0,62.937,64.187,62.656,61.718,61.906,64.187
08-11-2026 21:08:16,6575,7607,1371,16384,11.666666666666666,98.0,17290,VDD_IN,29385,7983,8094,16996,17290,3924,4001,3.0,2.0,1.0,1.0,62.0,1.0,62.875,64.125,62.625,61.812,61.968,64.125
08-11-2026 21:08:17,6576,7607,1371,16384,12.5,93.0,17093,VDD_IN,28914,7983,7781,16997,17093,3924,4040,3.0,8.0,1.0,2.0,61.0,0.0,62.562,64.062,62.781,61.625,61.906,64.062
08-11-2026 21:08:18,6576,7607,1371,16384,12.666666666666666,98.0,17054,VDD_IN,28759,7982,7586,16997,17054,3924,4119,5.0,1.0,3.0,1.0,64.0,2.0,62.843,64.25,62.843,61.718,61.843,64.25
08-11-2026 21:08:19,6577,7607,1371,16384,11.333333333333334,99.0,16779,VDD_IN,28190,7980,7246,16996,16779,3925,4165,1.0,4.0,2.0,0.0,61.0,0.0,63.062,63.781,62.625,61.75,61.968,63.781
08-11-2026 21:08:20,6577,7607,1371,16384,16.333333333333332,98.0,16728,VDD_IN,28478,7980,7899,16996,16728,3925,3851,7.0,14.0,5.0,8.0,63.0,1.0,62.875,64.218,62.625,61.75,61.968,64.218
08-11-2026 21:08:21,6577,7607,1371,16384,13.5,99.0,17447,VDD_IN,29816,7981,8407,16997,17447,3925,3962,7.0,1.0,2.0,2.0,69.0,0.0,62.906,64.406,62.687,61.843,61.968,64.406
08-11-2026 21:08:22,6578,7607,1371,16384,13.166666666666666,98.0,17604,VDD_IN,30153,7983,8666,16998,17604,3925,3883,3.0,1.0,2.0,3.0,70.0,0.0,62.593,64.562,62.812,61.656,62.062,64.562
08-11-2026 21:08:23,6578,7607,1371,16384,12.0,98.0,17486,VDD_IN,29933,7984,8524,16999,17486,3925,3923,2.0,0.0,3.0,5.0,34.0,28.0,62.687,64.531,62.75,61.656,61.843,64.531
08-11-2026 21:08:24,6579,7607,1371,16384,11.833333333333334,98.0,17526,VDD_IN,29934,7985,8485,17000,17526,3925,3923,2.0,4.0,2.0,0.0,0.0,63.0,62.937,64.25,62.593,61.687,61.937,64.25
08-11-2026 21:08:25,6579,7607,1371,16384,12.0,98.0,17447,VDD_IN,29816,7986,8407,17001,17447,3925,3962,4.0,3.0,2.0,2.0,45.0,16.0,63.0,64.281,62.625,61.812,61.906,64.281
08-11-2026 21:08:26,6579,7607,1371,16384,16.0,98.0,17447,VDD_IN,29738,7986,8290,17002,17447,3925,4001,8.0,14.0,7.0,4.0,63.0,0.0,62.875,64.25,62.625,61.843,62.0,64.25
08-11-2026 21:08:27,6579,7607,1371,16384,12.0,98.0,17172,VDD_IN,29189,7986,7977,17002,17172,3925,4040,3.0,2.0,1.0,4.0,62.0,0.0,62.656,64.25,62.843,61.843,61.968,64.25
08-11-2026 21:08:28,6580,7607,1371,16384,12.833333333333334,98.0,17133,VDD_IN,28994,7986,7781,17002,17133,3926,4080,2.0,3.0,2.0,8.0,62.0,0.0,62.75,64.187,62.687,61.718,61.906,64.187
08-11-2026 21:08:29,6581,7607,1371,16384,12.166666666666666,98.0,16806,VDD_IN,28256,7984,7285,17002,16806,3926,4165,2.0,2.0,2.0,5.0,26.0,36.0,63.062,64.375,62.656,61.781,61.906,64.375
08-11-2026 21:08:30,6580,7607,1371,16384,11.5,99.0,16649,VDD_IN,28294,7984,7716,17001,16649,3926,3929,4.0,0.0,1.0,4.0,0.0,60.0,63.031,63.968,62.687,61.718,61.937,63.968
08-11-2026 21:08:31,6581,7607,1371,16384,13.666666666666666,99.0,16936,VDD_IN,28881,7984,8055,17001,16936,3926,3890,2.0,2.0,6.0,3.0,0.0,69.0,62.656,63.625,62.625,61.812,62.093,63.625
08-11-2026 21:08:32,6581,7607,1371,16384,18.0,97.0,17565,VDD_IN,30037,7985,8549,17002,17565,3926,3923,10.0,15.0,7.0,5.0,0.0,71.0,62.812,64.156,62.812,61.687,62.093,64.156
08-11-2026 21:08:33,6581,7607,1371,16384,12.166666666666666,98.0,17526,VDD_IN,30051,7986,8602,17003,17526,3926,3923,0.0,4.0,2.0,3.0,0.0,64.0,63.062,64.312,62.718,61.718,61.968,64.312
08-11-2026 21:08:34,6582,7607,1371,16384,12.0,98.0,17526,VDD_IN,29973,7987,8524,17004,17526,3926,3923,2.0,2.0,1.0,5.0,55.0,7.0,62.875,64.375,62.687,61.718,61.937,64.375
08-11-2026 21:08:35,6582,7607,1371,16384,11.166666666666666,92.0,17408,VDD_IN,29699,7988,8329,17005,17408,3926,3962,1.0,1.0,1.0,6.0,58.0,0.0,62.968,64.25,62.75,61.812,61.968,64.25
08-11-2026 21:08:36,6582,7607,1371,16384,11.5,98.0,17368,VDD_IN,29619,7989,8250,17006,17368,3926,4001,61.0,1.0,1.0,4.0,2.0,0.0,62.781,64.5,62.781,61.718,62.093,64.5
08-11-2026 21:08:37,6584,7607,1371,16384,15.833333333333334,98.0,17486,VDD_IN,29737,7989,8211,17007,17486,3926,4040,56.0,18.0,4.0,6.0,11.0,0.0,62.875,64.437,62.812,61.687,62.093,64.437
08-11-2026 21:08:38,6584,7607,1371,16384,12.166666666666666,97.0,17054,VDD_IN,28837,7989,7703,17007,17054,3927,4080,2.0,7.0,2.0,2.0,60.0,0.0,62.906,64.281,62.625,61.687,61.875,64.281
08-11-2026 21:08:39,6585,7607,1371,16384,12.5,98.0,16897,VDD_IN,28484,7987,7429,17007,16897,3927,4158,2.0,5.0,3.0,2.0,63.0,0.0,62.781,64.062,62.656,61.718,62.0,64.062
08-11-2026 21:08:40,6585,7607,1371,16384,11.666666666666666,96.0,16570,VDD_IN,28097,7987,7559,17006,16570,3927,3968,0.0,4.0,1.0,5.0,60.0,0.0,63.062,63.718,62.687,61.812,62.0,63.718
08-11-2026 21:08:41,6586,7607,1371,16384,12.833333333333334,99.0,16936,VDD_IN,28881,7987,8016,17006,16936,3927,3929,5.0,1.0,2.0,1.0,68.0,0.0,62.687,63.937,62.781,61.718,62.0,63.937
08-11-2026 21:08:42,6586,7607,1371,16384,13.333333333333334,99.0,17761,VDD_IN,30467,7988,8744,17007,17761,3927,3962,2.0,5.0,1.0,1.0,71.0,0.0,62.875,64.406,62.812,61.812,62.0,64.406
08-11-2026 21:08:43,6587,7607,1371,16384,16.833333333333332,98.0,17643,VDD_IN,30232,7990,8666,17009,17643,3927,3923,8.0,7.0,11.0,10.0,65.0,0.0,63.062,64.312,62.593,61.656,61.906,64.312
08-11-2026 21:08:44,6587,7607,1371,16384,11.833333333333334,98.0,17565,VDD_IN,30037,7991,8549,17010,17565,3927,3923,45.0,1.0,2.0,2.0,21.0,0.0,62.968,64.312,62.656,61.718,62.093,64.593
08-11-2026 21:08:45,6587,7607,1371,16384,11.333333333333334,92.0,17368,VDD_IN,29659,7991,8329,17010,17368,3927,3962,16.0,48.0,3.0,1.0,0.0,0.0,62.937,64.437,62.75,61.843,62.0,64.437
08-11-2026 21:08:46,6587,7607,1371,16384,11.5,98.0,17368,VDD_IN,29580,7992,8211,17011,17368,3928,4001,2.0,63.0,1.0,3.0,0.0,0.0,62.843,64.437,62.718,61.843,62.031,64.437
08-11-2026 21:08:47,6587,7607,1371,16384,12.166666666666666,98.0,17290,VDD_IN,29385,7992,8055,17012,17290,3928,4040,4.0,63.0,4.0,2.0,0.0,0.0,62.937,64.562,62.843,61.781,62.031,64.562
08-11-2026 21:08:48,6587,7607,1371,16384,11.833333333333334,97.0,17015,VDD_IN,28759,7991,7664,17012,17015,3928,4080,4.0,60.0,2.0,1.0,0.0,4.0,62.812,64.468,62.656,61.75,61.968,64.468
08-11-2026 21:08:49,6586,7607,1371,16384,16.5,98.0,16897,VDD_IN,28452,7990,7390,17011,16897,3929,4165,6.0,63.0,11.0,10.0,6.0,3.0,62.906,64.312,62.75,61.75,61.906,64.312
08-11-2026 21:08:50,6587,7607,1371,16384,11.5,98.0,16570,VDD_IN,28175,7989,7676,17011,16570,3929,3929,3.0,8.0,1.0,52.0,3.0,2.0,63.031,64.343,62.812,61.843,62.031,64.343
08-11-2026 21:08:51,6587,7607,1371,16384,12.833333333333334,99.0,16936,VDD_IN,28913,7990,8094,17010,16936,3928,3883,2.0,0.0,1.0,68.0,2.0,4.0,62.656,64.218,62.812,61.812,62.0,63.968
08-11-2026 21:08:52,6587,7607,1371,16384,13.333333333333334,98.0,17565,VDD_IN,30076,7991,8588,17011,17565,3928,3923,3.0,2.0,70.0,5.0,0.0,0.0,62.843,64.375,62.906,61.656,62.093,64.375
08-11-2026 21:08:53,6588,7607,1371,16384,12.333333333333334,98.0,17526,VDD_IN,30037,7992,8588,17012,17526,3928,3923,3.0,1.0,65.0,1.0,3.0,1.0,63.375,64.343,62.781,61.718,62.062,64.343
08-11-2026 21:08:54,6592,7607,1371,16384,16.5,98.0,17761,VDD_IN,30389,7993,8705,17014,17761,3928,3923,5.0,8.0,64.0,9.0,13.0,0.0,63.406,64.375,62.718,61.781,62.093,64.375
08-11-2026 21:08:55,6592,7607,1371,16384,11.5,96.0,17368,VDD_IN,29659,7994,8329,17015,17368,3928,3962,4.0,2.0,60.0,3.0,0.0,0.0,63.187,64.343,62.781,61.812,62.093,64.343
08-11-2026 21:08:56,6591,7607,1371,16384,12.166666666666666,98.0,17329,VDD_IN,29502,7994,8172,17015,17329,3929,4001,5.0,2.0,62.0,3.0,0.0,1.0,63.187,64.406,62.843,61.718,62.062,64.406
08-11-2026 21:08:57,6592,7607,1371,16384,11.833333333333334,98.0,17250,VDD_IN,29306,7994,8016,17016,17250,3929,4040,2.0,2.0,63.0,4.0,0.0,0.0,63.218,64.343,62.812,61.781,62.0,64.343
08-11-2026 21:08:58,6592,7607,1371,16384,12.0,98.0,17133,VDD_IN,28994,7994,7781,17016,17133,3929,4080,3.0,2.0,21.0,46.0,0.0,0.0,63.093,64.218,62.687,61.718,61.937,64.218
08-11-2026 21:08:59,6593,7607,1371,16384,11.833333333333334,98.0,16818,VDD_IN,28268,7993,7285,17016,16818,3930,4165,3.0,2.0,5.0,17.0,44.0,0.0,62.875,63.968,62.812,61.843,61.968,63.968
08-11-2026 21:09:00,6594,7607,1371,16384,16.5,99.0,16688,VDD_IN,28411,7992,7794,17015,16688,3930,3929,8.0,17.0,3.0,11.0,60.0,0.0,63.093,64.0,62.75,61.906,62.031,64.0
08-11-2026 21:09:01,6595,7607,1371,16384,13.333333333333334,99.0,16975,VDD_IN,28991,7992,8133,17015,16975,3929,3883,3.0,2.0,5.0,0.0,70.0,0.0,62.75,63.906,62.812,61.937,62.093,63.906
08-11-2026 21:09:02,6596,7607,1371,16384,13.5,97.0,17526,VDD_IN,30012,7994,8563,17016,17526,3929,3923,3.0,1.0,5.0,1.0,70.0,1.0,62.906,64.156,62.875,61.781,62.093,64.156
08-11-2026 21:09:03,6596,7607,1371,16384,12.333333333333334,98.0,17565,VDD_IN,30076,7995,8588,17017,17565,3929,3923,2.0,2.0,1.0,5.0,64.0,0.0,63.031,64.312,62.718,61.843,62.0,64.312
08-11-2026 21:09:04,6597,7607,1371,16384,12.666666666666666,98.0,17526,VDD_IN,29998,7996,8549,17018,17526,3929,3923,8.0,2.0,2.0,2.0,62.0,0.0,62.843,64.593,62.687,61.781,62.0,64.593
08-11-2026 21:09:05,6595,7607,1371,16384,11.666666666666666,97.0,17368,VDD_IN,29620,7996,8290,17018,17368,3929,3962,5.0,2.0,2.0,2.0,59.0,0.0,63.093,64.437,62.75,61.937,62.093,64.437
08-11-2026 21:09:06,6597,7607,1371,16384,17.333333333333332,98.0,17408,VDD_IN,29659,7997,8250,17019,17408,3930,4001,9.0,6.0,16.0,10.0,63.0,0.0,62.875,64.593,62.812,61.781,62.093,64.593
08-11-2026 21:09:07,6598,7607,1371,16384,12.333333333333334,98.0,17329,VDD_IN,29424,7997,8055,17020,17329,3930,4040,24.0,4.0,2.0,1.0,42.0,1.0,63.062,64.343,62.843,61.843,62.093,64.343
08-11-2026 21:09:08,6598,7607,1371,16384,11.666666666666666,98.0,17093,VDD_IN,28915,7996,7742,17020,17093,3930,4080,60.0,1.0,3.0,6.0,0.0,0.0,63.156,64.312,62.781,61.843,62.093,64.312
08-11-2026 21:09:09,6598,7607,1371,16384,11.833333333333334,98.0,16936,VDD_IN,28484,7995,7390,17020,16936,3931,4158,51.0,1.0,13.0,2.0,4.0,0.0,63.0,64.187,62.875,61.906,62.093,64.187
08-11-2026 21:09:10,6599,7607,1371,16384,11.166666666666666,98.0,16609,VDD_IN,28175,7995,7637,17019,16609,3931,3929,4.0,0.0,60.0,2.0,0.0,1.0,63.093,64.187,63.031,61.875,62.062,64.187
08-11-2026 21:09:11,6599,7607,1371,16384,16.5,99.0,17054,VDD_IN,29109,7995,8172,17019,17054,3930,3883,10.0,15.0,70.0,4.0,0.0,0.0,63.406,64.25,62.812,61.812,62.062,64.25
08-11-2026 21:09:12,6598,7607,1371,16384,14.666666666666666,98.0,17565,VDD_IN,30076,7996,8588,17020,17565,3930,3923,8.0,3.0,4.0,71.0,0.0,2.0,63.062,64.562,62.781,61.875,62.093,64.562
08-11-2026 21:09:13,6597,7607,1371,16384,12.0,98.0,17408,VDD_IN,29776,7997,8485,17021,17408,3930,3883,3.0,2.0,2.0,65.0,0.0,0.0,63.062,64.25,62.843,61.875,62.093,64.25
08-11-2026 21:09:14,6598,7607,1371,16384,12.0,98.0,17408,VDD_IN,29777,7998,8446,17022,17408,3930,3923,6.0,1.0,2.0,63.0,0.0,0.0,63.093,64.25,62.937,61.781,62.125,64.25
08-11-2026 21:09:15,6598,7607,1371,16384,11.333333333333334,97.0,17211,VDD_IN,29345,7998,8211,17022,17211,3930,3923,2.0,3.0,3.0,59.0,1.0,0.0,63.031,64.281,62.968,61.781,62.093,64.281
08-11-2026 21:09:16,6598,7607,1371,16384,11.5,98.0,17211,VDD_IN,29267,7998,8094,17022,17211,3930,3962,1.0,4.0,1.0,62.0,0.0,1.0,63.187,64.281,62.812,61.812,62.156,64.281
08-11-2026 21:09:17,6600,7607,1371,16384,16.666666666666668,98.0,17172,VDD_IN,29189,7998,8016,17023,17172,3931,4001,18.0,6.0,2.0,42.0,30.0,2.0,63.187,64.25,62.812,61.875,62.093,64.25
08-11-2026 21:09:18,6601,7607,1371,16384,12.5,98.0,16975,VDD_IN,28679,7998,7664,17022,16975,3931,4040,5.0,2.0,1.0,0.0,62.0,5.0,63.0,64.281,62.906,61.937,62.062,64.281
08-11-2026 21:09:19,6601,7607,1371,16384,12.333333333333334,98.0,16779,VDD_IN,28229,7997,7324,17022,16779,3931,4126,1.0,7.0,3.0,1.0,62.0,0.0,62.906,64.062,62.968,61.875,62.031,64.062
08-11-2026 21:09:20,6601,7607,1371,16384,11.5,99.0,16452,VDD_IN,27940,7996,7598,17021,16452,3931,3890,4.0,2.0,4.0,1.0,58.0,0.0,62.906,64.0,62.968,61.843,62.093,64.0
08-11-2026 21:09:22,6602,7607,1371,16384,13.333333333333334,99.0,16779,VDD_IN,28646,7996,7977,17021,16779,3931,3890,10.0,2.0,2.0,3.0,63.0,0.0,62.968,63.875,62.843,61.843,62.093,63.875
08-11-2026 21:09:23,6601,7607,1371,16384,13.5,97.0,17368,VDD_IN,29737,7997,8446,17021,17368,3931,3923,2.0,2.0,3.0,3.0,71.0,0.0,63.281,64.312,62.875,61.906,62.125,64.312
08-11-2026 21:09:24,6604,7607,1371,16384,17.5,97.0,17486,VDD_IN,29972,7998,8563,17022,17486,3931,3923,5.0,10.0,18.0,8.0,64.0,0.0,62.937,64.343,62.906,61.906,62.156,64.343
08-11-2026 21:09:25,6603,7607,1371,16384,12.5,97.0,17408,VDD_IN,29777,7998,8446,17023,17408,3931,3923,1.0,1.0,4.0,6.0,63.0,0.0,62.937,64.406,62.937,61.812,62.093,64.406
08-11-2026 21:09:26,6604,7607,1371,16384,11.833333333333334,92.0,17290,VDD_IN,29463,7999,8211,17023,17290,3931,3962,2.0,2.0,2.0,5.0,60.0,0.0,62.875,64.218,62.843,61.906,62.093,64.218
08-11-2026 21:09:27,6604,7607,1371,16384,12.333333333333334,98.0,17250,VDD_IN,29345,7999,8133,17024,17250,3931,3962,2.0,2.0,2.0,4.0,63.0,1.0,63.0,64.562,62.75,61.875,62.218,64.562
08-11-2026 21:09:28,6604,7607,1371,16384,12.666666666666666,98.0,17211,VDD_IN,29228,7999,8016,17024,17211,3931,4001,3.0,1.0,5.0,3.0,64.0,0.0,63.25,64.562,62.875,61.875,62.093,64.562
08-11-2026 21:09:29,6607,7607,1371,16384,14.5,96.0,17054,VDD_IN,28876,7999,7742,17024,17054,3931,4080,13.0,3.0,3.0,8.0,56.0,4.0,62.937,64.312,62.937,61.968,62.187,64.312
08-11-2026 21:09:30,6609,7607,1371,16384,13.666666666666666,98.0,16818,VDD_IN,28334,7998,7390,17024,16818,3932,4126,64.0,3.0,4.0,4.0,7.0,0.0,63.093,64.468,62.968,61.812,62.281,64.468
08-11-2026 21:09:31,6609,7607,1371,16384,11.166666666666666,96.0,16570,VDD_IN,28019,7997,7441,17023,16570,3932,4008,58.0,1.0,2.0,3.0,1.0,2.0,63.187,63.812,62.875,61.875,62.156,63.812
08-11-2026 21:09:32,6609,7607,1371,16384,12.666666666666666,99.0,16728,VDD_IN,28438,7996,7820,17022,16728,3932,3890,2.0,1.0,1.0,67.0,1.0,4.0,63.031,64.062,62.937,61.968,62.187,64.062
08-11-2026 21:09:33,6608,7607,1371,16384,14.0,99.0,17683,VDD_IN,30311,7997,8666,17023,17683,3932,3962,11.0,3.0,2.0,6.0,62.0,0.0,63.187,64.687,62.906,62.0,62.25,64.687
08-11-2026 21:09:34,6608,7607,1371,16384,12.666666666666666,98.0,17486,VDD_IN,29932,7998,8563,17024,17486,3932,3883,1.0,3.0,1.0,1.0,66.0,4.0,63.0,64.468,62.968,62.062,62.125,64.468
08-11-2026 21:09:35,6613,7607,1371,16384,43.333333333333336,34.0,9315,VDD_IN,14834,7990,3214,17010,9315,3929,2305,38.0,44.0,52.0,51.0,43.0,32.0,62.968,62.093,62.781,61.718,61.625,62.968
08-11-2026 21:09:36,6652,7607,1371,16384,50.833333333333336,98.0,13368,VDD_IN,22124,7986,5834,17004,13368,3927,2922,46.0,45.0,79.0,45.0,45.0,45.0,62.843,63.812,62.437,61.656,61.468,63.812
08-11-2026 21:09:37,6652,7607,1371,16384,12.333333333333334,98.0,16688,VDD_IN,28137,7985,7481,17003,16688,3927,3968,5.0,4.0,62.0,3.0,0.0,0.0,62.875,64.218,62.593,61.687,61.781,64.218
08-11-2026 21:09:38,6653,7607,1371,16384,11.666666666666666,98.0,16767,VDD_IN,28139,7984,7246,17003,16767,3927,4126,3.0,2.0,61.0,4.0,0.0,0.0,63.25,64.125,62.593,61.843,61.875,64.125
08-11-2026 21:09:39,6653,7607,1371,16384,12.333333333333334,99.0,16413,VDD_IN,27901,7983,7637,17002,16413,3927,3851,5.0,3.0,9.0,6.0,51.0,0.0,62.593,64.281,62.718,61.843,61.875,64.281
08-11-2026 21:09:40,6653,7607,1371,16384,13.666666666666666,99.0,16975,VDD_IN,28959,7983,8094,17002,16975,3927,3890,4.0,2.0,1.0,6.0,69.0,0.0,62.687,64.125,62.75,61.656,62.0,64.125
08-11-2026 21:09:41,6657,7607,1371,16384,19.166666666666668,98.0,17565,VDD_IN,30075,7984,8627,17003,17565,3927,3883,11.0,19.0,7.0,7.0,71.0,0.0,62.906,64.687,62.718,61.718,62.062,64.687
08-11-2026 21:09:42,6657,7607,1371,16384,12.0,98.0,17447,VDD_IN,29841,7985,8471,17004,17447,3927,3923,4.0,2.0,2.0,1.0,63.0,0.0,62.843,64.656,62.593,61.75,61.968,64.656
08-11-2026 21:09:43,6657,7607,1371,16384,12.5,98.0,17447,VDD_IN,29802,7986,8432,17004,17447,3927,3923,3.0,2.0,4.0,3.0,63.0,0.0,63.0,64.281,62.687,61.781,61.937,64.281
08-11-2026 21:09:44,6657,7607,1371,16384,12.166666666666666,97.0,17368,VDD_IN,29659,7987,8329,17005,17368,3927,3962,4.0,2.0,2.0,5.0,60.0,0.0,62.625,64.25,62.656,61.687,62.0,64.25
08-11-2026 21:09:45,6657,7607,1371,16384,12.166666666666666,93.0,17172,VDD_IN,29228,7987,8094,17005,17172,3927,3962,2.0,2.0,5.0,2.0,62.0,0.0,62.75,64.25,62.593,61.718,61.906,64.25
08-11-2026 21:09:46,6657,7607,1371,16384,12.5,98.0,17093,VDD_IN,28993,7987,7899,17005,17093,3927,4001,5.0,2.0,3.0,2.0,63.0,0.0,62.937,64.312,62.687,61.656,61.906,64.312
08-11-2026 21:09:47,6657,7607,1371,16384,17.166666666666668,98.0,16975,VDD_IN,28719,7986,7664,17005,16975,3928,4080,6.0,18.0,6.0,8.0,63.0,2.0,62.781,64.312,62.687,61.75,61.906,64.312
08-11-2026 21:09:48,6658,7607,1371,16384,11.5,99.0,16688,VDD_IN,28059,7985,7206,17005,16688,3928,4165,3.0,4.0,0.0,2.0,60.0,0.0,63.156,63.781,62.75,61.812,61.968,63.781
08-11-2026 21:09:49,6658,7607,1371,16384,13.666666666666666,99.0,16452,VDD_IN,28058,7984,7755,17004,16452,3928,3851,6.0,5.0,7.0,3.0,61.0,0.0,62.593,63.968,62.781,61.687,62.0,63.968
08-11-2026 21:09:50,6658,7607,1371,16384,13.166666666666666,99.0,17172,VDD_IN,29345,7985,8250,17004,17172,3928,3923,3.0,2.0,3.0,2.0,69.0,0.0,62.687,63.906,62.75,61.75,61.906,63.906
08-11-2026 21:09:51,6658,7607,1371,16384,14.166666666666666,98.0,17447,VDD_IN,29918,7986,8588,17005,17447,3928,3883,4.0,2.0,3.0,5.0,71.0,0.0,62.906,64.156,62.718,61.75,61.937,64.156
08-11-2026 21:09:52,6659,7607,1371,16384,16.0,98.0,17643,VDD_IN,30232,7987,8666,17006,17643,3928,3923,17.0,7.0,3.0,7.0,62.0,0.0,63.062,64.312,62.75,61.812,62.062,64.312
08-11-2026 21:09:53,6658,7607,1371,16384,12.833333333333334,98.0,17447,VDD_IN,29816,7988,8446,17007,17447,3928,3923,4.0,4.0,5.0,1.0,63.0,0.0,63.062,64.312,62.75,61.781,61.968,64.312
08-11-2026 21:09:54,6658,7607,1371,16384,12.166666666666666,97.0,17408,VDD_IN,29699,7989,8368,17007,17408,3928,3923,2.0,2.0,4.0,3.0,62.0,0.0,62.687,64.281,62.781,61.781,62.031,64.375
08-11-2026 21:09:55,6659,7607,1371,16384,12.833333333333334,92.0,17250,VDD_IN,29345,7989,8094,17008,17250,3928,4001,6.0,5.0,2.0,3.0,61.0,0.0,62.75,64.375,62.75,61.718,61.906,64.375
08-11-2026 21:09:56,6659,7607,1371,16384,11.666666666666666,97.0,17093,VDD_IN,28993,7989,7899,17008,17093,3928,4001,47.0,3.0,2.0,2.0,16.0,0.0,63.031,64.437,62.75,61.812,62.093,64.437
08-11-2026 21:09:57,6658,7607,1370,16384,15.166666666666666,97.0,17172,VDD_IN,29033,7988,7781,17008,17172,3928,4080,59.0,12.0,7.0,8.0,5.0,0.0,62.937,64.437,62.812,61.843,62.062,64.437
08-11-2026 21:09:58,6660,7607,1370,16384,15.5,99.0,16779,VDD_IN,28229,7987,7285,17008,16779,3929,4165,59.0,19.0,8.0,3.0,1.0,3.0,63.187,64.156,62.781,61.875,62.125,64.156
08-11-2026 21:09:59,6661,7607,1370,16384,12.333333333333334,99.0,16413,VDD_IN,27980,7987,7716,17007,16413,3929,3851,3.0,5.0,3.0,3.0,60.0,0.0,62.593,64.406,62.781,61.718,62.031,64.406
08-11-2026 21:10:00,6661,7607,1370,16384,13.166666666666666,99.0,17250,VDD_IN,29463,7987,8290,17007,17250,3929,3923,30.0,3.0,3.0,2.0,41.0,0.0,62.75,64.5,62.843,61.781,62.031,64.5
08-11-2026 21:10:01,6661,7607,1370,16384,13.833333333333334,97.0,17526,VDD_IN,30011,7988,8602,17008,17526,3929,3883,2.0,5.0,2.0,2.0,46.0,26.0,62.968,64.312,62.656,61.781,62.062,64.312
08-11-2026 21:10:02,6661,7607,1370,16384,12.5,97.0,17447,VDD_IN,29816,7989,8446,17009,17447,3929,3923,2.0,5.0,3.0,3.0,0.0,62.0,63.281,64.343,62.75,61.781,62.031,64.343
08-11-2026 21:10:03,6661,7607,1370,16384,12.833333333333334,97.0,17408,VDD_IN,29738,7990,8407,17010,17408,3929,3923,5.0,4.0,5.0,2.0,0.0,61.0,63.125,64.343,62.75,61.906,62.062,64.343
08-11-2026 21:10:04,6662,7607,1370,16384,17.833333333333332,97.0,17447,VDD_IN,29855,7990,8446,17010,17447,3929,3962,20.0,4.0,9.0,9.0,2.0,63.0,62.812,64.406,62.75,61.718,62.093,64.406
08-11-2026 21:10:05,6662,7607,1370,16384,12.333333333333334,94.0,17211,VDD_IN,29306,7991,8094,17011,17211,3929,4001,2.0,6.0,3.0,2.0,0.0,61.0,62.875,64.312,62.906,61.75,62.031,64.312
08-11-2026 21:10:06,6662,7607,1370,16384,12.0,98.0,17172,VDD_IN,29150,7991,7938,17011,17172,3929,4040,2.0,2.0,1.0,4.0,0.0,63.0,63.062,64.625,62.687,61.812,61.937,64.625
08-11-2026 21:10:07,6662,7607,1370,16384,12.166666666666666,98.0,17015,VDD_IN,28798,7990,7703,17011,17015,3929,4080,1.0,2.0,3.0,4.0,0.0,63.0,63.312,64.656,62.656,61.843,62.062,64.656
08-11-2026 21:10:08,6662,7607,1370,16384,12.166666666666666,99.0,16806,VDD_IN,28217,7989,7246,17011,16806,3930,4165,2.0,1.0,2.0,8.0,0.0,60.0,63.062,63.843,62.75,61.843,61.968,63.843
08-11-2026 21:10:09,6661,7607,1370,16384,17.166666666666668,99.0,16688,VDD_IN,28450,7989,7872,17010,16688,3930,3890,11.0,6.0,18.0,7.0,0.0,61.0,62.937,64.031,62.875,61.812,62.093,64.031
08-11-2026 21:10:10,6661,7607,1370,16384,13.5,99.0,17093,VDD_IN,29187,7989,8211,17010,17093,3929,3883,6.0,2.0,2.0,2.0,0.0,69.0,62.687,63.843,62.718,61.812,62.0,63.843
08-11-2026 21:10:11,6661,7607,1370,16384,13.0,97.0,17447,VDD_IN,29840,7990,8510,17011,17447,3929,3883,5.0,0.0,1.0,2.0,0.0,70.0,62.937,64.375,62.718,61.875,62.0,64.375
08-11-2026 21:10:12,6661,7607,1370,16384,12.333333333333334,98.0,17447,VDD_IN,29855,7991,8485,17012,17447,3929,3923,3.0,2.0,4.0,1.0,0.0,64.0,63.281,64.437,62.843,61.843,62.031,64.437
08-11-2026 21:10:13,6661,7607,1370,16384,12.5,98.0,17408,VDD_IN,29777,7991,8446,17012,17408,3929,3923,2.0,3.0,2.0,1.0,4.0,63.0,62.906,64.468,62.812,61.781,62.062,64.468
08-11-2026 21:10:14,6661,7607,1370,16384,11.666666666666666,97.0,17368,VDD_IN,29698,7992,8368,17013,17368,3929,3962,2.0,2.0,1.0,2.0,3.0,60.0,62.937,64.437,62.937,61.718,62.093,64.437
08-11-2026 21:10:15,6661,7607,1370,16384,16.666666666666668,89.0,17329,VDD_IN,29541,7992,8211,17014,17329,3930,4001,18.0,7.0,8.0,5.0,0.0,62.0,63.125,64.312,62.781,61.843,62.031,64.312
08-11-2026 21:10:16,6661,7607,1370,16384,11.833333333333334,98.0,17172,VDD_IN,29150,7992,7938,17014,17172,3930,4040,3.0,1.0,1.0,4.0,0.0,62.0,63.062,64.312,62.687,61.843,62.062,64.312
08-11-2026 21:10:17,6661,7607,1370,16384,12.0,98.0,16975,VDD_IN,28719,7992,7664,17014,16975,3930,4080,2.0,2.0,3.0,3.0,0.0,62.0,63.25,64.218,62.718,61.843,62.031,64.218
08-11-2026 21:10:18,6661,7607,1370,16384,12.0,99.0,16740,VDD_IN,28111,7990,7206,17013,16740,3930,4165,10.0,1.0,2.0,0.0,0.0,59.0,63.093,63.937,62.875,61.718,62.156,63.937
08-11-2026 21:10:19,6661,7607,1370,16384,12.5,99.0,16531,VDD_IN,28098,7990,7716,17013,16531,3930,3851,3.0,5.0,5.0,1.0,0.0,61.0,62.906,64.156,63.0,61.718,62.0,64.156
08-11-2026 21:10:20,6661,7607,1369,16384,13.833333333333334,99.0,17133,VDD_IN,29227,7990,8211,17013,17133,3930,3883,4.0,8.0,2.0,0.0,0.0,69.0,63.093,64.218,62.843,61.812,62.031,64.218
08-11-2026 21:10:21,6662,7607,1369,16384,18.0,97.0,17526,VDD_IN,30051,7991,8602,17014,17526,3930,3923,4.0,8.0,20.0,6.0,0.0,70.0,63.0,64.531,62.75,61.875,62.093,64.531
08-11-2026 21:10:22,6662,7607,1369,16384,11.666666666666666,98.0,17486,VDD_IN,29933,7992,8524,17014,17486,3930,3923,3.0,2.0,1.0,1.0,6.0,57.0,63.156,64.656,62.937,61.843,62.093,64.656
08-11-2026 21:10:23,6663,7607,1369,16384,12.166666666666666,98.0,17447,VDD_IN,29816,7993,8446,17015,17447,3930,3923,4.0,1.0,1.0,5.0,62.0,0.0,62.875,64.656,62.875,61.718,62.125,64.656
08-11-2026 21:10:24,6663,7607,1369,16384,12.0,98.0,17408,VDD_IN,29738,7994,8368,17016,17408,3930,3962,6.0,1.0,2.0,1.0,62.0,0.0,62.937,64.718,62.718,61.812,62.093,64.718
08-11-2026 21:10:25,6664,7607,1369,16384,12.5,89.0,17290,VDD_IN,29424,7994,8133,17016,17290,3930,4001,6.0,2.0,2.0,3.0,62.0,0.0,63.187,64.312,62.812,61.843,62.031,64.312
08-11-2026 21:10:26,6664,7607,1369,16384,16.5,98.0,17368,VDD_IN,29541,7994,8133,17017,17368,3930,4040,18.0,4.0,8.0,6.0,63.0,0.0,62.843,64.312,62.812,61.875,62.187,64.312
08-11-2026 21:10:27,6665,7607,1369,16384,12.0,98.0,17015,VDD_IN,28759,7994,7664,17017,17015,3931,4080,3.0,4.0,2.0,1.0,62.0,0.0,62.875,64.343,62.937,61.718,62.093,64.343
08-11-2026 21:10:28,6665,7607,1369,16384,11.833333333333334,98.0,16857,VDD_IN,28300,7992,7285,17016,16857,3931,4158,2.0,4.0,3.0,1.0,61.0,0.0,63.0,64.093,62.937,61.812,61.968,64.093
08-11-2026 21:10:29,6665,7607,1368,16384,12.333333333333334,99.0,16491,VDD_IN,28018,7992,7676,17016,16491,3931,3851,2.0,5.0,2.0,6.0,59.0,0.0,62.875,64.187,62.781,61.843,62.093,64.187
08-11-2026 21:10:30,6664,7607,1368,16384,14.0,99.0,17054,VDD_IN,29109,7992,8172,17016,17054,3931,3883,3.0,5.0,5.0,1.0,70.0,0.0,63.062,64.125,62.75,61.875,62.0,64.125
08-11-2026 21:10:31,6664,7607,1368,16384,13.333333333333334,98.0,17447,VDD_IN,29879,7993,8549,17016,17447,3931,3883,3.0,70.0,2.0,4.0,0.0,1.0,62.875,64.812,62.906,61.875,62.125,64.812
08-11-2026 21:10:32,6668,7607,1368,16384,16.333333333333332,98.0,17526,VDD_IN,30051,7994,8602,17017,17526,3931,3923,15.0,63.0,7.0,7.0,4.0,2.0,63.062,64.312,62.875,61.843,62.218,64.312
08-11-2026 21:10:33,6668,7607,1368,16384,12.0,98.0,17447,VDD_IN,29855,7995,8485,17018,17447,3931,3923,3.0,62.0,1.0,1.0,3.0,2.0,62.906,64.312,62.906,61.812,62.187,64.312
08-11-2026 21:10:34,6668,7607,1368,16384,11.666666666666666,98.0,17368,VDD_IN,29659,7995,8329,17019,17368,3931,3962,2.0,62.0,0.0,1.0,2.0,3.0,63.031,64.312,62.843,61.75,62.156,64.312
08-11-2026 21:10:35,6669,7607,1368,16384,11.5,91.0,17211,VDD_IN,29306,7996,8094,17019,17211,3931,4001,2.0,46.0,1.0,16.0,1.0,3.0,63.312,64.281,62.812,61.906,62.156,64.281
08-11-2026 21:10:36,6669,7607,1368,16384,11.833333333333334,98.0,17133,VDD_IN,29072,7995,7899,17019,17133,3931,4040,0.0,1.0,2.0,62.0,4.0,2.0,63.187,64.312,62.937,61.843,62.093,64.312
08-11-2026 21:10:37,6669,7607,1368,16384,11.666666666666666,98.0,16975,VDD_IN,28680,7995,7625,17019,16975,3931,4080,2.0,0.0,1.0,62.0,1.0,4.0,63.156,64.187,62.843,62.0,62.093,64.187
08-11-2026 21:10:38,6671,7607,1368,16384,15.5,99.0,16740,VDD_IN,28111,7994,7206,17018,16740,3932,4165,9.0,27.0,2.0,39.0,14.0,2.0,63.031,63.718,62.843,61.812,62.125,63.718
08-11-2026 21:10:39,6671,7607,1368,16384,12.0,98.0,16491,VDD_IN,28097,7993,7755,17018,16491,3932,3851,1.0,2.0,3.0,62.0,3.0,1.0,62.968,64.375,62.781,61.843,62.0,64.375
08-11-2026 21:10:40,6671,7607,1368,16384,13.5,99.0,17368,VDD_IN,29698,7994,8368,17018,17368,3932,3962,3.0,2.0,3.0,70.0,3.0,0.0,63.125,64.437,62.906,61.875,62.093,64.437
08-11-2026 21:10:41,6672,7607,1368,16384,13.5,98.0,17565,VDD_IN,30075,7995,8627,17019,17565,3932,3883,3.0,6.0,2.0,70.0,0.0,0.0,63.062,64.625,62.875,61.968,62.218,64.625
08-11-2026 21:10:42,6671,7607,1368,16384,11.833333333333334,98.0,17486,VDD_IN,29972,7996,8563,17020,17486,3932,3923,1.0,63.0,3.0,4.0,0.0,0.0,63.062,64.593,62.812,61.906,62.125,64.593
08-11-2026 21:10:43,6672,7607,1368,16384,16.333333333333332,98.0,17722,VDD_IN,30272,7997,8627,17021,17722,3932,3923,14.0,64.0,7.0,4.0,6.0,3.0,62.937,64.718,62.937,61.781,62.187,64.718
08-11-2026 21:10:44,6673,7607,1368,16384,11.833333333333334,98.0,17447,VDD_IN,29816,7997,8407,17022,17447,3932,3962,2.0,61.0,6.0,1.0,1.0,0.0,63.031,64.625,62.906,61.875,62.156,64.625
08-11-2026 21:10:45,6673,7607,1368,16384,11.333333333333334,93.0,17250,VDD_IN,29384,7998,8133,17022,17250,3932,4001,4.0,61.0,2.0,1.0,0.0,0.0,62.968,64.625,62.75,61.843,62.093,64.625
08-11-2026 21:10:46,6673,7607,1368,16384,12.0,98.0,17250,VDD_IN,29267,7998,7977,17022,17250,3932,4040,4.0,36.0,30.0,2.0,0.0,0.0,63.312,64.625,62.875,61.843,62.125,64.625
08-11-2026 21:10:47,6674,7607,1368,16384,12.0,98.0,17093,VDD_IN,28876,7997,7703,17022,17093,3932,4080,4.0,5.0,62.0,1.0,0.0,0.0,63.062,64.562,62.843,61.875,62.187,64.562
08-11-2026 21:10:48,6674,7607,1368,16384,11.333333333333334,99.0,16779,VDD_IN,28150,7996,7206,17022,16779,3932,4165,2.0,3.0,61.0,1.0,0.0,1.0,63.062,64.062,62.937,62.031,62.25,64.062
08-11-2026 21:10:49,6677,7607,1368,16384,17.166666666666668,98.0,16491,VDD_IN,28057,7995,7755,17021,16491,3932,3811,11.0,40.0,38.0,7.0,2.0,5.0,62.968,64.218,63.062,61.843,62.062,64.218
08-11-2026 21:10:50,6675,7607,1368,16384,13.666666666666666,99.0,17408,VDD_IN,29738,7996,8368,17022,17408,3932,3962,5.0,70.0,1.0,5.0,1.0,0.0,62.843,64.343,62.843,61.843,62.125,64.343
08-11-2026 21:10:51,6676,7607,1368,16384,13.666666666666666,98.0,17604,VDD_IN,30153,7997,8666,17023,17604,3932,3883,7.0,1.0,71.0,2.0,0.0,1.0,63.156,64.531,62.781,61.906,62.25,64.531
08-11-2026 21:10:52,6677,7607,1368,16384,12.333333333333334,93.0,17526,VDD_IN,29959,7998,8510,17024,17526,3932,3923,3.0,6.0,62.0,2.0,0.0,1.0,63.562,64.468,62.906,61.937,62.218,64.468
08-11-2026 21:10:53,6678,7607,1368,16384,12.5,98.0,17447,VDD_IN,29816,7999,8446,17024,17447,3932,3923,2.0,2.0,64.0,6.0,1.0,0.0,63.187,64.531,62.968,62.031,62.312,64.531
08-11-2026 21:10:54,6681,7607,1368,16384,13.166666666666666,98.0,17565,VDD_IN,29959,7999,8432,17025,17565,3932,3962,2.0,9.0,19.0,45.0,3.0,1.0,63.218,64.843,63.0,61.812,62.218,64.843
08-11-2026 21:10:55,6685,7607,1368,16384,13.666666666666666,91.0,17290,VDD_IN,29385,7999,8094,17026,17290,3932,4001,4.0,5.0,5.0,60.0,8.0,0.0,63.062,64.312,62.875,61.843,62.125,64.312
08-11-2026 21:10:56,6686,7607,1368,16384,12.0,98.0,17093,VDD_IN,28992,7999,7859,17026,17093,3933,4040,4.0,2.0,1.0,62.0,3.0,0.0,63.156,64.281,62.875,61.906,62.156,64.281
08-11-2026 21:10:57,6686,7607,1368,16384,11.833333333333334,98.0,17015,VDD_IN,28681,7999,7586,17026,17015,3933,4080,2.0,2.0,2.0,63.0,0.0,2.0,63.406,64.281,62.906,61.906,62.093,64.281
08-11-2026 21:10:58,6687,7607,1368,16384,11.166666666666666,99.0,16622,VDD_IN,27994,7997,7246,17025,16622,3933,4126,5.0,2.0,1.0,59.0,0.0,0.0,63.031,63.625,62.812,61.968,62.156,63.625
08-11-2026 21:10:59,6688,7607,1367,16384,12.0,96.0,16609,VDD_IN,28254,7997,7755,17024,16609,3933,3890,4.0,1.0,1.0,65.0,0.0,1.0,62.906,64.062,63.062,61.843,62.218,64.062
08-11-2026 21:11:00,6691,7607,1367,16384,17.5,99.0,17801,VDD_IN,30390,7998,8588,17026,17801,3933,4001,6.0,5.0,20.0,8.0,65.0,1.0,63.0,64.437,62.968,61.875,62.218,64.437
08-11-2026 21:11:01,6692,7607,1367,16384,13.666666666666666,98.0,17643,VDD_IN,30192,7999,8666,17027,17643,3933,3883,3.0,2.0,1.0,2.0,71.0,3.0,63.0,64.375,62.843,61.843,62.093,64.531
08-11-2026 21:11:02,6691,7607,1367,16384,12.166666666666666,98.0,17526,VDD_IN,29973,8000,8524,17027,17526,3933,3923,5.0,2.0,4.0,2.0,60.0,0.0,63.187,64.531,62.968,61.906,62.156,64.531
08-11-2026 21:11:03,6692,7607,1367,16384,12.333333333333334,98.0,17486,VDD_IN,29855,8001,8446,17028,17486,3933,3923,2.0,3.0,4.0,2.0,63.0,0.0,62.875,64.625,63.0,61.937,62.156,64.625
08-11-2026 21:11:04,6692,7607,1367,16384,12.666666666666666,98.0,17447,VDD_IN,29777,8001,8368,17029,17447,3933,3962,2.0,2.0,3.0,6.0,63.0,0.0,63.0,64.656,62.875,61.843,62.156,64.656
08-11-2026 21:11:05,6693,7607,1367,16384,11.5,92.0,17250,VDD_IN,29345,8001,8094,17029,17250,3933,4001,28.0,2.0,4.0,3.0,32.0,0.0,63.25,64.531,62.843,61.875,62.218,64.531
08-11-2026 21:11:06,6696,7607,1367,16384,15.666666666666666,97.0,17172,VDD_IN,29111,8001,7899,17029,17172,3933,4040,63.0,17.0,5.0,5.0,0.0,4.0,62.968,64.312,62.906,61.906,62.156,64.312
08-11-2026 21:11:07,6696,7607,1367,16384,12.0,98.0,17015,VDD_IN,28681,8000,7586,17029,17015,3934,4080,64.0,0.0,2.0,4.0,1.0,1.0,63.406,64.281,62.843,61.968,62.156,64.281
08-11-2026 21:11:08,6697,7607,1367,16384,11.333333333333334,99.0,16688,VDD_IN,28020,7999,7206,17029,16688,3934,4126,59.0,1.0,2.0,2.0,3.0,1.0,63.0,63.75,62.875,61.968,62.093,63.75
08-11-2026 21:11:09,6696,7607,1367,16384,11.666666666666666,98.0,16609,VDD_IN,28254,7999,7755,17028,16609,3934,3890,65.0,1.0,1.0,1.0,0.0,2.0,62.937,64.125,63.0,61.843,62.031,64.125
08-11-2026 21:11:10,6696,7607,1367,16384,13.0,99.0,17604,VDD_IN,30037,8000,8432,17029,17604,3934,4001,70.0,2.0,2.0,3.0,1.0,0.0,63.156,64.468,62.781,61.843,62.093,64.468
08-11-2026 21:11:11,6696,7607,1367,16384,17.166666666666668,98.0,17850,VDD_IN,30596,8001,8823,17030,17850,3934,3923,70.0,15.0,7.0,6.0,4.0,1.0,63.156,64.5,62.843,61.875,62.187,64.5
08-11-2026 21:11:12,6702,7607,1367,16384,12.0,91.0,17565,VDD_IN,30051,8002,8563,17031,17565,3934,3923,19.0,4.0,3.0,2.0,43.0,1.0,63.375,64.343,62.843,61.875,62.062,64.656
08-11-2026 21:11:13,6702,7607,1367,16384,13.166666666666666,98.0,17486,VDD_IN,29919,8002,8471,17032,17486,3934,3962,1.0,3.0,8.0,4.0,63.0,0.0,63.062,64.781,62.843,61.75,62.125,64.781
08-11-2026 21:11:14,6703,7607,1367,16384,12.833333333333334,98.0,17408,VDD_IN,29738,8003,8368,17032,17408,3934,3962,3.0,2.0,6.0,3.0,63.0,0.0,63.062,64.75,62.75,61.843,62.062,64.75
08-11-2026 21:11:15,6703,7607,1367,16384,11.666666666666666,97.0,17211,VDD_IN,29267,8003,8055,17033,17211,3934,4001,1.0,2.0,6.0,2.0,26.0,33.0,63.187,64.562,62.906,61.812,62.093,64.562
08-11-2026 21:11:16,6703,7607,1367,16384,12.333333333333334,98.0,17172,VDD_IN,29111,8003,7899,17033,17172,3934,4040,5.0,0.0,1.0,4.0,0.0,64.0,63.0,64.312,62.812,61.937,62.093,64.312
08-11-2026 21:11:17,6703,7607,1367,16384,16.5,98.0,17054,VDD_IN,28798,8002,7664,17033,17054,3934,4080,19.0,10.0,4.0,4.0,16.0,46.0,62.968,64.312,62.875,61.968,62.125,64.312
08-11-2026 21:11:18,6703,7607,1367,16384,11.333333333333334,99.0,16688,VDD_IN,28099,8001,7246,17032,16688,3935,4165,3.0,1.0,2.0,3.0,59.0,0.0,63.156,63.75,62.906,61.812,62.062,63.75
08-11-2026 21:11:19,6703,7607,1367,16384,12.666666666666666,96.0,16570,VDD_IN,28176,8001,7755,17032,16570,3935,3851,3.0,2.0,4.0,3.0,64.0,0.0,63.062,64.093,62.718,61.812,62.031,64.093
08-11-2026 21:11:20,6703,7607,1367,16384,13.166666666666666,99.0,17565,VDD_IN,29998,8001,8432,17032,17565,3935,4001,1.0,3.0,3.0,3.0,69.0,0.0,63.062,64.281,62.843,61.875,62.156,64.281
08-11-2026 21:11:21,6703,7607,1367,16384,13.333333333333334,98.0,17604,VDD_IN,30193,8002,8666,17033,17604,3935,3923,3.0,1.0,2.0,4.0,70.0,0.0,62.875,64.281,62.812,61.906,62.093,64.281
08-11-2026 21:11:22,6704,7607,1367,16384,12.333333333333334,95.0,17565,VDD_IN,29998,8003,8510,17034,17565,3935,3923,4.0,3.0,2.0,4.0,59.0,2.0,63.0,64.125,62.906,61.812,62.125,64.125
08-11-2026 21:11:23,6707,7607,1367,16384,15.5,98.0,17486,VDD_IN,29894,8004,8446,17035,17486,3935,3962,16.0,4.0,6.0,3.0,2.0,62.0,63.218,64.218,62.75,61.75,62.062,64.218
08-11-2026 21:11:24,6707,7607,1367,16384,12.666666666666666,97.0,17408,VDD_IN,29699,8004,8329,17035,17408,3935,3962,4.0,6.0,2.0,2.0,0.0,62.0,63.25,64.25,62.781,61.843,62.093,64.437
08-11-2026 21:11:25,6707,7607,1367,16384,11.166666666666666,97.0,17250,VDD_IN,29306,8004,8055,17036,17250,3935,4001,1.0,2.0,3.0,2.0,0.0,59.0,63.031,64.343,62.781,61.843,61.937,64.343
08-11-2026 21:11:26,6707,7607,1367,16384,12.166666666666666,97.0,17133,VDD_IN,28993,8004,7820,17036,17133,3935,4040,2.0,1.0,5.0,3.0,0.0,62.0,62.875,64.312,62.781,61.937,62.093,64.312
08-11-2026 21:11:27,6708,7607,1367,16384,12.166666666666666,97.0,16936,VDD_IN,28602,8004,7547,17036,16936,3935,4119,1.0,1.0,4.0,3.0,0.0,64.0,63.0,64.312,62.843,61.75,61.968,64.312
08-11-2026 21:11:28,6709,7607,1367,16384,16.333333333333332,99.0,16779,VDD_IN,28294,8003,7429,17035,16779,3936,4086,10.0,5.0,3.0,19.0,2.0,59.0,63.187,63.781,62.812,61.781,62.062,63.781
08-11-2026 21:11:29,6710,7607,1367,16384,13.333333333333334,71.0,16688,VDD_IN,28372,8002,7794,17035,16688,3935,3890,6.0,1.0,5.0,3.0,0.0,65.0,63.187,63.937,62.843,61.843,61.968,63.937
08-11-2026 21:11:30,6710,7607,1367,16384,13.0,99.0,17683,VDD_IN,30194,8003,8510,17036,17683,3936,4001,2.0,2.0,3.0,2.0,0.0,69.0,62.812,64.343,62.843,61.843,62.093,64.343
08-11-2026 21:11:31,6710,7607,1367,16384,13.5,97.0,17565,VDD_IN,30154,8004,8666,17036,17565,3936,3923,3.0,4.0,1.0,3.0,0.0,70.0,62.906,64.218,62.812,61.781,62.062,64.218
08-11-2026 21:11:32,6710,7607,1367,16384,11.333333333333334,93.0,17447,VDD_IN,29855,8005,8485,17037,17447,3936,3923,2.0,2.0,3.0,2.0,0.0,59.0,62.718,64.281,62.718,61.718,61.968,64.281
08-11-2026 21:11:33,6710,7607,1367,16384,12.666666666666666,97.0,17447,VDD_IN,29841,8005,8432,17038,17447,3936,3962,3.0,2.0,4.0,3.0,1.0,63.0,62.937,64.218,62.718,61.781,62.0,64.218
08-11-2026 21:11:34,6716,7607,1367,16384,16.833333333333332,98.0,17447,VDD_IN,29763,8006,8354,17038,17447,3936,3962,9.0,11.0,10.0,7.0,2.0,62.0,63.156,64.375,62.781,61.812,62.031,64.375
08-11-2026 21:11:35,6716,7607,1367,16384,12.666666666666666,97.0,17211,VDD_IN,29228,8006,8016,17039,17211,3936,4001,4.0,5.0,5.0,2.0,1.0,59.0,62.75,64.281,62.718,61.906,61.968,64.281
08-11-2026 21:11:36,6715,7607,1367,16384,12.666666666666666,98.0,17172,VDD_IN,29111,8006,7899,17039,17172,3936,4040,3.0,3.0,5.0,2.0,0.0,63.0,62.906,64.531,62.781,61.687,62.062,64.531
08-11-2026 21:11:37,6716,7607,1367,16384,12.5,97.0,17054,VDD_IN,28759,8005,7625,17039,17054,3936,4080,3.0,2.0,6.0,1.0,19.0,44.0,62.906,64.437,62.656,61.75,61.968,64.437
08-11-2026 21:11:38,6717,7607,1367,16384,11.833333333333334,99.0,16688,VDD_IN,28020,8004,7206,17038,16688,3936,4126,3.0,3.0,5.0,1.0,13.0,46.0,63.093,63.875,62.656,61.812,62.062,63.625
08-11-2026 21:11:39,6715,7607,1367,16384,16.166666666666668,96.0,16767,VDD_IN,28556,8004,7899,17038,16767,3936,3890,15.0,3.0,11.0,4.0,1.0,63.0,63.25,64.062,62.781,61.875,62.031,64.062
08-11-2026 21:11:40,6715,7607,1367,16384,14.666666666666666,99.0,17565,VDD_IN,30037,8005,8471,17039,17565,3936,4001,5.0,2.0,9.0,4.0,44.0,24.0,62.812,64.25,62.781,61.875,62.093,64.25
08-11-2026 21:11:41,6711,7607,1367,16384,13.5,97.0,17604,VDD_IN,30153,8006,8666,17039,17604,3936,3883,3.0,2.0,5.0,0.0,0.0,71.0,62.843,64.312,62.843,61.718,62.062,64.312
08-11-2026 21:11:42,6711,7607,1367,16384,11.833333333333334,98.0,17486,VDD_IN,29919,8006,8510,17040,17486,3936,3923,3.0,2.0,4.0,2.0,0.0,60.0,63.062,64.281,62.687,61.781,62.0,64.281
08-11-2026 21:11:43,6710,7607,1367,16384,12.5,98.0,17447,VDD_IN,29816,8007,8446,17041,17447,3936,3923,2.0,2.0,6.0,2.0,0.0,63.0,62.937,64.343,62.812,61.781,62.0,64.343
08-11-2026 21:11:44,6711,7607,1367,16384,12.333333333333334,98.0,17447,VDD_IN,29816,8008,8407,17041,17447,3936,3962,2.0,2.0,5.0,3.0,0.0,62.0,63.062,64.156,62.75,61.875,62.062,64.156
08-11-2026 21:11:45,6714,7607,1367,16384,16.666666666666668,93.0,17368,VDD_IN,29580,8008,8211,17042,17368,3936,4001,6.0,6.0,20.0,7.0,0.0,61.0,62.781,64.156,62.75,61.593,62.062,64.156
08-11-2026 21:11:46,6714,7607,1367,16384,12.666666666666666,98.0,17133,VDD_IN,29072,8008,7899,17042,17133,3937,4040,2.0,2.0,3.0,6.0,0.0,63.0,62.875,64.062,62.687,61.75,61.875,64.062
08-11-2026 21:11:47,6714,7607,1367,16384,12.5,98.0,17015,VDD_IN,28759,8007,7664,17042,17015,3937,4080,4.0,1.0,4.0,3.0,0.0,63.0,62.968,64.093,62.625,61.718,61.968,64.093
08-11-2026 21:11:48,6714,7607,1367,16384,11.333333333333334,99.0,16740,VDD_IN,28111,8006,7206,17041,16740,3937,4165,2.0,2.0,3.0,2.0,0.0,59.0,62.906,63.656,62.781,61.781,62.093,63.875
08-11-2026 21:11:49,6714,7607,1367,16384,12.0,99.0,16531,VDD_IN,28137,8006,7755,17041,16531,3937,3851,5.0,0.0,2.0,3.0,0.0,62.0,62.968,64.156,62.718,61.843,62.0,64.156
08-11-2026 21:11:50,6714,7607,1367,16384,13.166666666666666,99.0,17093,VDD_IN,29148,8006,8172,17041,17093,3937,3883,3.0,2.0,3.0,2.0,0.0,69.0,62.562,64.0,62.812,61.718,61.906,64.0
08-11-2026 21:11:51,6716,7607,1367,16384,18.0,97.0,17526,VDD_IN,30051,8007,8602,17041,17526,3937,3923,15.0,5.0,11.0,7.0,0.0,70.0,62.875,64.312,62.656,61.687,62.031,64.312
08-11-2026 21:11:52,6716,7607,1367,16384,13.0,98.0,17526,VDD_IN,30037,8008,8588,17042,17526,3937,3923,4.0,3.0,6.0,2.0,0.0,63.0,63.0,64.468,62.718,61.687,61.843,64.468
08-11-2026 21:11:53,6717,7607,1367,16384,12.166666666666666,98.0,17526,VDD_IN,29998,8008,8549,17043,17526,3937,3923,2.0,1.0,4.0,3.0,0.0,63.0,62.75,64.375,62.75,61.718,62.031,64.375
08-11-2026 21:11:54,6717,7607,1367,16384,12.166666666666666,92.0,17368,VDD_IN,29659,8009,8329,17043,17368,3937,3962,4.0,4.0,3.0,2.0,0.0,60.0,63.062,64.156,62.656,61.843,62.0,64.156
08-11-2026 21:11:55,6717,7607,1367,16384,12.5,98.0,17329,VDD_IN,29580,8009,8250,17044,17329,3937,4001,2.0,2.0,5.0,2.0,1.0,63.0,62.843,64.25,62.875,61.687,62.0,64.25
08-11-2026 21:11:56,6704,7607,1367,16384,17.166666666666668,98.0,17447,VDD_IN,29659,8009,8172,17044,17447,3937,4040,8.0,6.0,20.0,5.0,1.0,63.0,62.875,64.281,62.625,61.656,61.937,64.281
08-11-2026 21:11:57,6707,7607,1367,16384,13.333333333333334,97.0,17015,VDD_IN,28759,8009,7664,17044,17015,3937,4080,3.0,7.0,6.0,3.0,1.0,60.0,62.906,63.968,62.687,61.718,61.906,63.968
08-11-2026 21:11:58,6712,7607,1367,16384,29.166666666666668,98.0,17565,VDD_IN,29700,8009,7977,17045,17565,3938,4158,7.0,16.0,67.0,22.0,0.0,63.0,63.218,64.156,62.75,61.843,62.031,64.156
08-11-2026 21:11:59,6713,7607,1367,16384,29.666666666666668,98.0,17133,VDD_IN,29189,8009,8055,17045,17133,3938,4001,70.0,6.0,29.0,12.0,53.0,8.0,63.437,63.812,62.875,61.843,62.125,64.0
08-11-2026 21:12:00,6711,7607,1367,16384,15.333333333333334,99.0,16857,VDD_IN,28763,8009,8016,17045,16857,3938,3890,8.0,7.0,7.0,3.0,67.0,0.0,62.781,64.218,62.812,61.656,62.031,64.218
08-11-2026 21:12:01,6712,7607,1367,16384,12.666666666666666,97.0,17565,VDD_IN,30076,8010,8588,17046,17565,3938,3923,0.0,1.0,1.0,2.0,70.0,2.0,62.812,64.656,62.718,61.75,61.968,64.656
08-11-2026 21:12:02,6720,7607,1363,16384,30.166666666666668,98.0,17850,VDD_IN,30674,8011,8862,17047,17850,3938,3962,22.0,27.0,21.0,21.0,54.0,36.0,63.0,64.656,62.718,61.812,62.093,64.656
08-11-2026 21:12:03,6721,7607,1363,16384,12.0,98.0,17565,VDD_IN,30037,8012,8549,17048,17565,3938,3923,2.0,2.0,3.0,1.0,62.0,2.0,63.125,64.562,62.781,61.875,62.062,64.562
08-11-2026 21:12:04,6721,7607,1363,16384,27.333333333333332,97.0,17801,VDD_IN,30468,8013,8705,17049,17801,3938,3962,6.0,67.0,3.0,22.0,60.0,6.0,62.843,64.593,62.812,61.812,62.093,64.593
08-11-2026 21:12:05,6721,7607,1363,16384,12.333333333333334,97.0,17447,VDD_IN,29738,8013,8290,17049,17447,3938,4001,11.0,1.0,5.0,1.0,56.0,0.0,62.812,64.312,62.781,61.75,61.968,64.312
08-11-2026 21:12:06,6722,7607,1363,16384,12.166666666666666,98.0,17290,VDD_IN,29346,8013,8055,17050,17290,3938,4001,3.0,2.0,2.0,2.0,63.0,1.0,62.718,64.312,62.656,61.75,62.0,64.312
08-11-2026 21:12:07,6722,7607,1363,16384,11.333333333333334,97.0,17093,VDD_IN,28954,8013,7781,17050,17093,3938,4080,3.0,1.0,2.0,0.0,60.0,2.0,62.937,64.25,62.781,61.812,61.968,64.25
08-11-2026 21:12:08,6722,7607,1363,16384,17.833333333333332,98.0,17015,VDD_IN,28681,8012,7547,17050,17015,3938,4119,8.0,10.0,16.0,7.0,64.0,2.0,63.25,64.156,62.75,61.843,62.0,64.156
08-11-2026 21:12:09,6725,7607,1363,16384,13.0,96.0,16661,VDD_IN,28255,8012,7586,17049,16661,3938,4008,7.0,2.0,5.0,7.0,57.0,0.0,62.968,63.875,62.718,61.687,62.062,63.875
08-11-2026 21:12:10,6726,7607,1363,16384,27.0,99.0,17093,VDD_IN,29148,8012,8172,17049,17093,3938,3883,8.0,20.0,2.0,62.0,69.0,1.0,62.718,63.875,62.843,61.656,62.0,63.875
08-11-2026 21:12:11,6726,7607,1363,16384,13.5,99.0,17850,VDD_IN,30595,8013,8705,17050,17850,3938,4040,69.0,3.0,2.0,0.0,4.0,3.0,62.843,64.343,62.781,61.75,62.093,64.343
08-11-2026 21:12:12,6726,7607,1363,16384,12.833333333333334,98.0,17604,VDD_IN,30193,8014,8666,17051,17604,3938,3923,69.0,2.0,2.0,3.0,0.0,1.0,63.062,64.312,62.625,61.75,62.156,64.312
08-11-2026 21:12:13,6728,7607,1363,16384,15.166666666666666,97.0,17683,VDD_IN,30233,8015,8627,17052,17683,3938,3923,45.0,14.0,8.0,2.0,19.0,3.0,63.062,64.218,62.75,61.906,62.031,64.218
08-11-2026 21:12:14,6727,7607,1363,16384,12.5,98.0,17447,VDD_IN,29802,8015,8393,17052,17447,3938,3962,3.0,1.0,3.0,3.0,63.0,2.0,62.656,64.187,62.812,61.75,62.031,64.187
08-11-2026 21:12:15,6727,7607,1363,16384,12.0,98.0,17408,VDD_IN,29699,8016,8329,17053,17408,3939,3962,3.0,3.0,2.0,1.0,63.0,0.0,62.781,64.187,62.781,61.687,62.031,64.187
08-11-2026 21:12:17,6728,7607,1363,16384,12.166666666666666,97.0,17329,VDD_IN,29424,8016,8094,17053,17329,3939,4001,3.0,2.0,5.0,2.0,61.0,0.0,62.968,64.218,62.718,61.718,61.968,64.218
08-11-2026 21:12:18,6728,7607,1363,16384,12.166666666666666,98.0,17211,VDD_IN,29150,8016,7899,17053,17211,3939,4040,2.0,2.0,3.0,3.0,63.0,0.0,62.718,64.343,62.718,61.812,61.968,64.343
08-11-2026 21:12:19,6729,7607,1363,16384,12.333333333333334,98.0,17054,VDD_IN,28798,8015,7664,17053,17054,3939,4080,2.0,1.0,6.0,2.0,63.0,0.0,62.843,64.218,62.781,61.75,62.0,64.218
08-11-2026 21:12:20,6727,7607,1363,16384,17.333333333333332,99.0,16767,VDD_IN,28139,8014,7246,17053,16767,3939,4126,8.0,19.0,6.0,12.0,59.0,0.0,63.031,63.562,62.656,61.687,61.906,63.562
08-11-2026 21:12:21,6728,7607,1363,16384,12.666666666666666,98.0,16649,VDD_IN,28333,8014,7833,17053,16649,3939,3851,8.0,1.0,2.0,2.0,63.0,0.0,62.843,63.937,62.75,61.781,61.968,63.937
08-11-2026 21:12:22,6728,7607,1363,16384,12.666666666666666,99.0,17408,VDD_IN,29738,8014,8368,17053,17408,3939,3962,0.0,3.0,4.0,1.0,68.0,0.0,63.125,64.281,62.656,61.843,62.031,64.281
08-11-2026 21:12:23,6729,7607,1363,16384,14.0,98.0,17526,VDD_IN,29997,8015,8588,17054,17526,3939,3883,6.0,4.0,2.0,2.0,45.0,25.0,62.843,64.218,62.718,61.843,62.0,64.218
08-11-2026 21:12:24,6729,7607,1363,16384,11.5,98.0,17408,VDD_IN,29816,8016,8485,17054,17408,3939,3923,3.0,1.0,2.0,2.0,0.0,61.0,62.906,64.312,62.875,61.75,61.968,64.312
08-11-2026 21:12:25,6729,7607,1363,16384,16.0,98.0,17565,VDD_IN,29998,8016,8510,17055,17565,3939,3923,9.0,6.0,7.0,10.0,0.0,64.0,63.093,64.281,62.781,61.687,62.0,64.281
08-11-2026 21:12:26,6731,7607,1363,16384,12.5,98.0,17408,VDD_IN,29699,8017,8329,17055,17408,3939,3962,3.0,5.0,2.0,4.0,0.0,61.0,62.843,64.437,62.75,61.687,61.937,64.437
08-11-2026 21:12:27,6731,7607,1363,16384,11.666666666666666,98.0,17172,VDD_IN,29150,8017,8016,17056,17172,3939,3962,2.0,2.0,3.0,2.0,0.0,61.0,62.968,64.312,62.625,61.718,61.906,64.312
08-11-2026 21:12:28,6732,7607,1363,16384,12.0,98.0,17054,VDD_IN,28914,8017,7859,17056,17054,3939,4001,2.0,4.0,1.0,2.0,0.0,63.0,62.718,64.25,62.75,61.781,61.968,64.25
08-11-2026 21:12:29,6732,7607,1363,16384,12.333333333333334,98.0,17015,VDD_IN,28719,8016,7664,17055,17015,3939,4040,1.0,3.0,6.0,1.0,21.0,42.0,62.781,64.375,62.781,61.562,61.875,64.375
08-11-2026 21:12:30,6732,7607,1363,16384,11.5,98.0,16740,VDD_IN,28151,8015,7285,17055,16740,3940,4126,2.0,2.0,4.0,2.0,48.0,11.0,63.093,63.906,62.812,61.593,61.875,63.906
08-11-2026 21:12:31,6732,7607,1363,16384,17.0,99.0,16491,VDD_IN,28058,8015,7716,17054,16491,3939,3851,18.0,10.0,9.0,5.0,0.0,60.0,62.781,63.937,62.625,61.75,62.0,63.937
08-11-2026 21:12:32,6733,7607,1363,16384,13.5,99.0,16897,VDD_IN,28796,8015,8016,17054,16897,3939,3883,2.0,5.0,3.0,3.0,0.0,68.0,62.875,63.875,62.656,61.75,61.906,63.875
08-11-2026 21:12:33,6734,7607,1363,16384,13.166666666666666,97.0,17447,VDD_IN,29841,8015,8471,17055,17447,3939,3923,0.0,4.0,2.0,3.0,0.0,70.0,62.75,64.218,62.656,61.781,61.968,64.218
08-11-2026 21:12:34,6734,7607,1363,16384,12.0,98.0,17486,VDD_IN,29893,8016,8524,17055,17486,3939,3883,3.0,2.0,3.0,0.0,0.0,64.0,62.75,64.281,62.781,61.625,62.0,64.281
08-11-2026 21:12:35,6734,7607,1363,16384,13.0,98.0,17408,VDD_IN,29763,8017,8432,17056,17408,3939,3923,3.0,4.0,4.0,3.0,0.0,64.0,62.875,64.281,62.656,61.687,61.968,64.093
08-11-2026 21:12:36,6729,7607,1363,16384,12.0,93.0,17290,VDD_IN,29503,8017,8290,17056,17290,3939,3923,3.0,1.0,4.0,4.0,0.0,60.0,62.75,64.062,62.625,61.687,61.968,64.062
08-11-2026 21:12:37,6731,7607,1363,16384,16.5,98.0,17250,VDD_IN,29423,8017,8211,17056,17250,3939,3962,8.0,6.0,17.0,5.0,0.0,63.0,62.968,64.062,62.687,61.718,61.906,64.062
08-11-2026 21:12:38,6723,7607,1363,16384,16.5,0.0,10991,VDD_IN,17917,8012,3876,17048,10991,3938,3050,14.0,15.0,22.0,9.0,6.0,33.0,62.531,62.093,62.625,61.625,61.531,62.625
08-11-2026 21:12:39,6750,7607,1363,16384,65.66666666666667,98.0,10951,VDD_IN,17401,8006,3915,17040,10951,3936,2535,64.0,78.0,65.0,65.0,61.0,61.0,62.156,62.843,62.468,61.406,61.156,62.843
08-11-2026 21:12:40,6753,7607,1363,16384,11.666666666666666,96.0,15901,VDD_IN,26879,8005,7206,17038,15901,3936,3772,8.0,59.0,1.0,2.0,0.0,0.0,62.531,63.187,62.375,61.468,61.562,63.187
08-11-2026 21:12:41,6754,7607,1363,16384,14.0,99.0,16728,VDD_IN,28517,8005,7899,17038,16728,3936,3890,8.0,8.0,3.0,2.0,63.0,0.0,62.656,63.656,62.5,61.468,61.625,63.656
08-11-2026 21:12:42,6754,7607,1363,16384,18.5,99.0,17683,VDD_IN,30311,8006,8705,17039,17683,3936,3923,5.0,8.0,19.0,8.0,71.0,0.0,62.718,64.187,62.437,61.531,61.687,64.187
08-11-2026 21:12:43,6755,7607,1363,16384,13.166666666666666,97.0,17447,VDD_IN,29879,8006,8549,17039,17447,3936,3883,4.0,4.0,4.0,2.0,65.0,0.0,62.437,64.125,62.468,61.375,61.625,64.125
08-11-2026 21:12:44,6757,7607,1363,16384,12.5,98.0,17447,VDD_IN,29894,8007,8524,17040,17447,3936,3923,5.0,3.0,3.0,1.0,63.0,0.0,62.531,64.187,62.593,61.437,61.625,64.187
08-11-2026 21:12:45,6757,7607,1363,16384,11.666666666666666,93.0,17250,VDD_IN,29463,8008,8290,17040,17250,3936,3923,3.0,3.0,2.0,2.0,60.0,0.0,62.593,64.0,62.406,61.5,61.718,64.0
08-11-2026 21:12:46,6757,7607,1363,16384,12.166666666666666,98.0,17250,VDD_IN,29423,8008,8211,17040,17250,3936,3962,3.0,4.0,2.0,1.0,63.0,0.0,62.75,63.875,62.406,61.531,61.625,63.875
08-11-2026 21:12:47,6757,7607,1363,16384,12.0,98.0,17172,VDD_IN,29189,8008,8016,17040,17172,3936,4001,3.0,3.0,3.0,1.0,30.0,32.0,62.625,63.875,62.437,61.531,61.718,63.875
08-11-2026 21:12:48,6759,7607,1363,16384,16.333333333333332,92.0,17133,VDD_IN,28954,8007,7781,17041,17133,3936,4040,18.0,13.0,3.0,4.0,0.0,60.0,62.593,63.875,62.562,61.375,61.781,63.875
08-11-2026 21:12:49,6761,7607,1363,16384,12.5,98.0,16936,VDD_IN,28523,8007,7468,17040,16936,3936,4119,5.0,2.0,1.0,4.0,0.0,63.0,62.593,63.843,62.562,61.437,61.656,63.843
08-11-2026 21:12:50,6764,7607,1363,16384,12.333333333333334,99.0,16570,VDD_IN,27980,8006,7402,17040,16570,3936,4008,4.0,2.0,6.0,3.0,0.0,59.0,62.75,63.531,62.468,61.5,61.781,63.531
08-11-2026 21:12:51,6764,7607,1363,16384,12.666666666666666,99.0,16570,VDD_IN,28176,8006,7755,17039,16570,3936,3851,3.0,2.0,2.0,3.0,0.0,66.0,62.625,63.625,62.468,61.562,61.718,63.625
08-11-2026 21:12:52,6764,7607,1363,16384,13.833333333333334,98.0,17732,VDD_IN,30399,8006,8627,17040,17732,3936,4040,6.0,2.0,4.0,2.0,0.0,69.0,62.625,64.312,62.562,61.375,61.843,64.312
08-11-2026 21:12:53,6764,7607,1363,16384,16.0,98.0,17683,VDD_IN,30350,8007,8744,17041,17683,3936,3923,3.0,3.0,7.0,14.0,0.0,69.0,62.968,64.093,62.593,61.437,61.718,64.093
08-11-2026 21:12:54,6763,7607,1363,16384,13.5,97.0,17408,VDD_IN,29777,8008,8446,17041,17408,3936,3923,4.0,4.0,6.0,8.0,0.0,59.0,62.718,63.906,62.437,61.531,61.687,63.906
08-11-2026 21:12:55,6761,7607,1363,16384,12.833333333333334,98.0,17368,VDD_IN,29659,8008,8368,17042,17368,3936,3923,5.0,2.0,2.0,5.0,0.0,63.0,62.625,64.0,62.531,61.625,61.781,64.0
08-11-2026 21:12:56,6763,7607,1363,16384,12.166666666666666,98.0,17290,VDD_IN,29502,8009,8250,17042,17290,3936,3962,3.0,3.0,1.0,2.0,0.0,64.0,62.968,64.093,62.593,61.562,61.781,64.093
08-11-2026 21:12:57,6763,7607,1363,16384,14.166666666666666,97.0,17172,VDD_IN,29189,8009,8016,17042,17172,3936,4001,6.0,5.0,9.0,3.0,2.0,60.0,62.5,63.937,62.656,61.468,61.75,63.937
08-11-2026 21:12:58,6763,7607,1363,16384,12.0,98.0,17015,VDD_IN,28875,8009,7820,17042,17015,3937,4040,1.0,1.0,4.0,2.0,0.0,64.0,62.687,63.937,62.593,61.468,61.718,63.937
08-11-2026 21:12:59,6764,7607,1363,16384,17.0,98.0,17054,VDD_IN,28759,8008,7625,17042,17054,3937,4080,9.0,12.0,12.0,6.0,0.0,63.0,62.906,64.25,62.531,61.5,61.75,64.25
08-11-2026 21:13:00,6764,7607,1363,16384,12.0,99.0,16728,VDD_IN,28099,8007,7206,17042,16728,3937,4165,3.0,2.0,7.0,1.0,0.0,59.0,62.875,63.25,62.562,61.718,61.781,63.25
08-11-2026 21:13:01,6764,7607,1363,16384,12.0,96.0,16452,VDD_IN,27979,8007,7676,17041,16452,3937,3851,2.0,1.0,5.0,2.0,0.0,62.0,62.406,63.75,62.593,61.5,61.781,63.75
08-11-2026 21:13:02,6764,7607,1363,16384,13.5,99.0,17408,VDD_IN,29777,8007,8407,17042,17408,3937,3962,2.0,3.0,3.0,3.0,0.0,70.0,62.437,63.968,62.593,61.468,61.875,63.968
08-11-2026 21:13:03,6764,7607,1363,16384,13.5,98.0,17526,VDD_IN,29997,8008,8588,17042,17526,3937,3883,3.0,2.0,3.0,3.0,0.0,70.0,62.687,64.218,62.531,61.562,61.781,64.218
08-11-2026 21:13:04,6764,7607,1363,16384,12.0,91.0,17408,VDD_IN,29777,8008,8446,17043,17408,3937,3923,3.0,2.0,5.0,1.0,0.0,61.0,62.812,64.125,62.5,61.562,61.812,64.125
08-11-2026 21:13:05,6765,7607,1363,16384,17.0,98.0,17447,VDD_IN,29816,8009,8446,17043,17447,3937,3923,7.0,8.0,17.0,6.0,0.0,64.0,62.625,64.218,62.531,61.625,61.812,64.218
08-11-2026 21:13:06,6765,7607,1363,16384,12.166666666666666,98.0,17368,VDD_IN,29659,8009,8329,17044,17368,3937,3962,1.0,2.0,4.0,3.0,0.0,63.0,62.593,63.906,62.593,61.5,61.781,63.906
08-11-2026 21:13:07,6765,7607,1363,16384,11.666666666666666,97.0,17133,VDD_IN,29072,8009,7977,17044,17133,3937,3962,2.0,2.0,5.0,1.0,0.0,60.0,62.656,63.937,62.5,61.468,61.687,63.937
08-11-2026 21:13:08,6765,7607,1363,16384,12.5,98.0,17054,VDD_IN,28914,8009,7820,17044,17054,3937,4040,3.0,2.0,4.0,3.0,0.0,63.0,62.687,64.0,62.562,61.562,61.718,64.0
08-11-2026 21:13:09,6765,7607,1363,16384,12.5,98.0,17015,VDD_IN,28720,8009,7625,17044,17015,3937,4080,4.0,1.0,3.0,4.0,0.0,63.0,62.812,64.062,62.593,61.718,61.75,64.062
08-11-2026 21:13:10,6768,7607,1363,16384,16.0,99.0,16857,VDD_IN,28327,8008,7312,17044,16857,3938,4158,13.0,6.0,10.0,9.0,0.0,58.0,62.718,63.468,62.593,61.468,61.937,63.468
08-11-2026 21:13:11,6768,7607,1363,16384,11.833333333333334,99.0,16531,VDD_IN,28137,8007,7755,17043,16531,3937,3851,64.0,1.0,1.0,5.0,0.0,0.0,62.562,63.968,62.656,61.562,61.843,63.968
08-11-2026 21:13:12,6768,7607,1363,16384,12.666666666666666,99.0,17447,VDD_IN,29777,8008,8368,17043,17447,3937,3962,69.0,1.0,2.0,4.0,0.0,0.0,62.781,64.25,62.562,61.625,61.843,64.25
08-11-2026 21:13:13,6768,7607,1363,16384,12.833333333333334,98.0,17565,VDD_IN,30089,8009,8641,17044,17565,3937,3883,71.0,2.0,1.0,2.0,1.0,0.0,62.687,64.343,62.5,61.562,61.906,64.343
08-11-2026 21:13:14,6768,7607,1363,16384,11.833333333333334,98.0,17447,VDD_IN,29841,8009,8471,17045,17447,3937,3923,63.0,4.0,1.0,2.0,1.0,0.0,62.937,64.312,62.656,61.656,61.937,64.312
08-11-2026 21:13:15,6768,7607,1363,16384,11.666666666666666,98.0,17447,VDD_IN,29816,8010,8446,17045,17447,3937,3923,41.0,1.0,1.0,23.0,0.0,4.0,62.687,64.093,62.656,61.5,61.968,64.093
08-11-2026 21:13:16,6770,7607,1363,16384,16.5,98.0,17408,VDD_IN,29816,8010,8446,17046,17408,3937,3962,50.0,4.0,18.0,22.0,0.0,5.0,62.687,64.156,62.718,61.531,61.875,64.156
08-11-2026 21:13:17,6770,7607,1363,16384,11.5,98.0,17211,VDD_IN,29306,8011,8094,17046,17211,3937,4001,37.0,2.0,1.0,4.0,25.0,0.0,62.656,64.031,62.562,61.625,61.687,64.031
08-11-2026 21:13:18,6770,7607,1363,16384,12.166666666666666,98.0,17133,VDD_IN,29072,8010,7938,17046,17133,3938,4001,3.0,2.0,2.0,3.0,63.0,0.0,62.968,64.0,62.562,61.593,61.781,64.0
08-11-2026 21:13:19,6770,7607,1363,16384,12.166666666666666,98.0,16975,VDD_IN,28680,8010,7625,17046,16975,3938,4080,4.0,4.0,1.0,3.0,61.0,0.0,62.562,63.937,62.593,61.687,61.781,63.937
08-11-2026 21:13:20,6770,7607,1363,16384,12.0,99.0,16740,VDD_IN,28111,8009,7206,17045,16740,3938,4165,7.0,1.0,1.0,4.0,59.0,0.0,62.812,63.656,62.656,61.593,61.937,63.906
08-11-2026 21:13:21,6768,7607,1363,16384,16.5,98.0,16531,VDD_IN,28175,8009,7833,17045,16531,3938,3811,59.0,9.0,3.0,17.0,11.0,0.0,62.75,64.0,62.562,61.468,61.781,64.0
08-11-2026 21:13:22,6768,7607,1363,16384,13.333333333333334,99.0,17329,VDD_IN,29659,8009,8368,17045,17329,3938,3962,5.0,1.0,1.0,3.0,70.0,0.0,62.718,64.343,62.468,61.625,61.812,64.343
08-11-2026 21:13:23,6768,7607,1363,16384,13.0,98.0,17486,VDD_IN,29996,8010,8627,17046,17486,3938,3883,3.0,4.0,1.0,1.0,69.0,0.0,62.968,64.437,62.593,61.656,61.812,64.437
08-11-2026 21:13:24,6768,7607,1363,16384,11.666666666666666,96.0,17447,VDD_IN,29855,8011,8485,17046,17447,3938,3923,4.0,2.0,1.0,2.0,61.0,0.0,62.562,63.937,62.625,61.562,61.781,63.937
08-11-2026 21:13:25,6768,7607,1363,16384,12.0,98.0,17408,VDD_IN,29699,8011,8368,17047,17408,3938,3923,23.0,5.0,0.0,1.0,43.0,0.0,62.687,63.968,62.593,61.531,61.843,63.968
08-11-2026 21:13:26,6768,7607,1363,16384,12.0,97.0,17368,VDD_IN,29698,8011,8368,17047,17368,3938,3962,63.0,2.0,2.0,3.0,1.0,1.0,62.687,64.187,62.593,61.531,61.968,64.187
08-11-2026 21:13:27,6770,7607,1363,16384,15.333333333333334,90.0,17290,VDD_IN,29463,8012,8172,17047,17290,3938,4001,62.0,8.0,16.0,6.0,0.0,0.0,62.906,64.125,62.531,61.625,61.906,64.125
08-11-2026 21:13:28,6770,7607,1363,16384,11.833333333333334,98.0,17133,VDD_IN,29033,8012,7899,17048,17133,3938,4001,37.0,29.0,2.0,3.0,0.0,0.0,62.812,64.093,62.562,61.625,61.875,64.093
08-11-2026 21:13:29,6772,7607,1363,16384,12.333333333333334,98.0,17015,VDD_IN,28759,8011,7664,17048,17015,3938,4080,58.0,6.0,3.0,2.0,5.0,0.0,62.656,64.093,62.625,61.687,61.875,64.093
08-11-2026 21:13:30,6771,7607,1363,16384,12.166666666666666,99.0,16767,VDD_IN,28178,8010,7246,17047,16767,3938,4165,61.0,2.0,1.0,8.0,0.0,1.0,62.718,63.843,62.656,61.5,62.0,63.843
08-11-2026 21:13:31,6771,7607,1363,16384,11.666666666666666,99.0,16491,VDD_IN,28018,8010,7676,17046,16491,3938,3851,13.0,2.0,1.0,4.0,50.0,0.0,62.593,64.0,62.593,61.562,61.781,64.0
08-11-2026 21:13:32,6771,7607,1363,16384,14.333333333333334,99.0,17093,VDD_IN,29148,8010,8172,17047,17093,3938,3883,3.0,7.0,4.0,3.0,69.0,0.0,62.968,63.812,62.468,61.625,61.906,63.812
08-11-2026 21:13:33,6772,7607,1363,16384,17.5,97.0,17486,VDD_IN,29893,8011,8524,17047,17486,3938,3883,7.0,4.0,14.0,9.0,1.0,70.0,62.968,64.187,62.593,61.593,61.812,63.968
08-11-2026 21:13:34,6771,7607,1363,16384,12.0,97.0,17408,VDD_IN,29855,8011,8524,17048,17408,3938,3923,2.0,4.0,2.0,2.0,0.0,62.0,62.593,64.062,62.562,61.687,61.906,64.062
08-11-2026 21:13:35,6771,7607,1363,16384,12.5,97.0,17447,VDD_IN,29855,8012,8485,17048,17447,3938,3923,4.0,5.0,1.0,2.0,0.0,63.0,62.718,64.031,62.687,61.437,61.812,64.031
08-11-2026 21:13:36,6771,7607,1363,16384,11.5,98.0,17329,VDD_IN,29581,8012,8329,17048,17329,3938,3923,1.0,4.0,3.0,0.0,0.0,61.0,62.593,64.031,62.593,61.531,61.75,64.031
08-11-2026 21:13:37,6771,7607,1363,16384,12.333333333333334,98.0,17290,VDD_IN,29424,8012,8133,17049,17290,3938,4001,4.0,3.0,2.0,2.0,0.0,63.0,62.75,64.031,62.531,61.593,61.812,64.031
08-11-2026 21:13:38,6772,7607,1363,16384,16.166666666666668,98.0,17250,VDD_IN,29345,8012,8055,17049,17250,3938,4040,6.0,11.0,13.0,4.0,29.0,34.0,62.875,64.062,62.593,61.625,61.812,64.062
08-11-2026 21:13:39,6772,7607,1363,16384,11.833333333333334,97.0,17015,VDD_IN,28798,8012,7703,17049,17015,3938,4080,3.0,4.0,1.0,1.0,41.0,21.0,62.625,64.281,62.562,61.531,61.781,64.281
08-11-2026 21:13:40,6772,7607,1363,16384,12.333333333333334,98.0,16700,VDD_IN,28111,8011,7246,17048,16700,3939,4165,2.0,2.0,3.0,5.0,12.0,50.0,62.781,64.062,62.718,61.531,61.843,64.062
08-11-2026 21:13:41,6771,7607,1363,16384,11.833333333333334,99.0,16452,VDD_IN,27940,8011,7637,17048,16452,3939,3851,2.0,1.0,6.0,2.0,60.0,0.0,62.687,64.125,62.531,61.562,61.812,64.125
08-11-2026 21:13:42,6771,7607,1363,16384,13.5,99.0,17015,VDD_IN,29031,8011,8133,17048,17015,3939,3883,3.0,1.0,5.0,2.0,70.0,0.0,62.687,63.968,62.625,61.625,61.875,63.968
08-11-2026 21:13:43,6771,7607,1363,16384,13.5,97.0,17447,VDD_IN,29893,8011,8563,17048,17447,3939,3883,2.0,2.0,5.0,2.0,70.0,0.0,62.781,64.312,62.687,61.75,61.906,64.312
08-11-2026 21:13:44,6772,7607,1363,16384,17.0,98.0,17526,VDD_IN,30012,8012,8563,17049,17526,3938,3923,5.0,14.0,17.0,3.0,63.0,0.0,62.593,64.187,62.625,61.5,61.968,64.187
08-11-2026 21:13:45,6772,7607,1363,16384,12.333333333333334,97.0,17447,VDD_IN,29855,8013,8485,17049,17447,3938,3923,1.0,5.0,2.0,3.0,63.0,0.0,62.625,64.125,62.687,61.625,61.75,64.125
08-11-2026 21:13:46,6772,7607,1363,16384,11.666666666666666,97.0,17329,VDD_IN,29620,8013,8329,17050,17329,3939,3962,2.0,3.0,2.0,2.0,61.0,0.0,62.812,64.062,62.593,61.593,61.781,64.062
08-11-2026 21:13:47,6772,7607,1363,16384,11.333333333333334,98.0,17250,VDD_IN,29306,8013,8094,17050,17250,3939,3962,1.0,62.0,4.0,1.0,0.0,0.0,62.781,64.093,62.593,61.593,61.843,64.093
08-11-2026 21:13:48,6772,7607,1363,16384,12.0,98.0,17133,VDD_IN,29072,8013,7938,17050,17133,3939,4001,4.0,63.0,3.0,2.0,0.0,0.0,62.812,64.125,62.5,61.75,61.937,64.125
08-11-2026 21:13:49,6772,7607,1363,16384,16.0,97.0,17172,VDD_IN,29072,8013,7820,17050,17172,3939,4080,11.0,44.0,8.0,14.0,18.0,1.0,62.593,64.062,62.687,61.531,61.968,64.062
08-11-2026 21:13:50,6772,7607,1362,16384,12.333333333333334,99.0,16857,VDD_IN,28288,8012,7273,17050,16857,3939,4158,1.0,8.0,1.0,2.0,62.0,0.0,62.75,63.875,62.656,61.656,61.75,63.75
08-11-2026 21:13:51,6772,7607,1362,16384,11.833333333333334,99.0,16413,VDD_IN,27901,8011,7637,17049,16413,3939,3851,3.0,4.0,2.0,2.0,60.0,0.0,62.656,63.812,62.562,61.625,61.781,63.812
08-11-2026 21:13:52,6772,7607,1362,16384,13.0,99.0,16897,VDD_IN,28803,8011,8016,17049,16897,3939,3890,1.0,5.0,2.0,1.0,69.0,0.0,62.656,63.312,62.593,61.625,61.781,63.312
08-11-2026 21:13:53,6771,7607,1362,16384,13.5,98.0,17447,VDD_IN,29815,8012,8485,17049,17447,3939,3883,33.0,1.0,2.0,4.0,41.0,0.0,62.812,63.968,62.593,61.718,62.031,63.968
08-11-2026 21:13:54,6771,7607,1362,16384,11.666666666666666,97.0,17447,VDD_IN,29854,8013,8524,17050,17447,3939,3883,63.0,3.0,2.0,2.0,0.0,0.0,62.625,64.062,62.687,61.593,62.062,64.062
08-11-2026 21:13:55,6771,7607,1362,16384,16.833333333333332,97.0,17486,VDD_IN,29972,8013,8563,17050,17486,3939,3923,16.0,15.0,12.0,6.0,52.0,0.0,62.687,64.125,62.687,61.5,61.812,64.125
08-11-2026 21:13:56,6771,7607,1362,16384,11.333333333333334,97.0,17290,VDD_IN,29503,8014,8290,17051,17290,3939,3923,36.0,4.0,2.0,1.0,25.0,0.0,62.656,64.093,62.593,61.656,62.0,64.187
08-11-2026 21:13:57,6771,7607,1362,16384,11.833333333333334,98.0,17250,VDD_IN,29384,8014,8133,17051,17250,3939,4001,47.0,3.0,3.0,2.0,16.0,0.0,62.75,64.218,62.625,61.562,61.812,64.218
08-11-2026 21:13:58,6772,7607,1362,16384,11.833333333333334,98.0,17133,VDD_IN,29111,8014,7938,17051,17133,3939,4040,2.0,5.0,1.0,0.0,63.0,0.0,62.875,64.281,62.562,61.687,61.906,64.281
08-11-2026 21:13:59,6771,7607,1362,16384,12.0,98.0,17054,VDD_IN,28798,8013,7664,17051,17054,3939,4080,2.0,3.0,2.0,4.0,61.0,0.0,62.562,64.187,62.625,61.781,61.968,64.187
08-11-2026 21:14:00,6774,7607,1362,16384,16.666666666666668,98.0,17015,VDD_IN,28641,8013,7468,17051,17015,3939,4158,14.0,16.0,16.0,5.0,48.0,1.0,63.062,64.031,62.718,61.5,61.843,64.031
08-11-2026 21:14:01,6773,7607,1362,16384,11.833333333333334,99.0,16491,VDD_IN,28057,8012,7676,17050,16491,3939,3890,27.0,2.0,34.0,7.0,0.0,1.0,62.875,64.125,62.593,61.656,61.875,64.125
08-11-2026 21:14:02,6774,7607,1362,16384,13.0,99.0,16936,VDD_IN,28913,8012,8094,17050,16936,3939,3883,70.0,4.0,2.0,2.0,0.0,0.0,62.625,63.656,62.593,61.687,61.843,63.656
08-11-2026 21:14:03,6774,7607,1362,16384,13.166666666666666,97.0,17447,VDD_IN,29816,8013,8446,17051,17447,3939,3923,71.0,2.0,3.0,2.0,0.0,1.0,62.781,64.093,62.75,61.75,61.968,64.093
08-11-2026 21:14:04,6774,7607,1362,16384,11.666666666666666,98.0,17486,VDD_IN,29919,8013,8510,17051,17486,3939,3923,22.0,3.0,0.0,44.0,0.0,1.0,62.812,64.25,62.718,61.531,61.968,64.25
08-11-2026 21:14:05,6774,7607,1362,16384,12.0,97.0,17447,VDD_IN,29816,8014,8446,17052,17447,3939,3923,5.0,1.0,3.0,19.0,34.0,10.0,62.781,64.218,62.593,61.593,61.843,64.218
08-11-2026 21:14:06,6771,7607,1362,16384,15.166666666666666,97.0,17447,VDD_IN,29777,8014,8407,17052,17447,3939,3923,12.0,8.0,7.0,3.0,1.0,60.0,62.906,64.093,62.593,61.625,61.812,64.093
08-11-2026 21:14:07,6771,7607,1362,16384,12.333333333333334,93.0,17250,VDD_IN,29345,8015,8133,17052,17250,3939,3962,7.0,2.0,2.0,2.0,0.0,61.0,62.687,64.093,62.593,61.687,61.843,64.093
08-11-2026 21:14:08,6771,7607,1362,16384,12.166666666666666,98.0,17133,VDD_IN,29033,8014,7899,17053,17133,3939,4001,3.0,4.0,2.0,2.0,0.0,62.0,63.031,64.5,62.656,61.718,61.812,64.5
08-11-2026 21:14:09,6771,7607,1362,16384,12.166666666666666,98.0,17054,VDD_IN,28798,8014,7664,17053,17054,3939,4080,3.0,3.0,2.0,2.0,0.0,63.0,62.718,64.343,62.718,61.656,61.875,64.343
08-11-2026 21:14:10,6771,7607,1362,16384,12.5,99.0,16818,VDD_IN,28249,8013,7273,17052,16818,3940,4158,3.0,9.0,1.0,2.0,0.0,60.0,62.968,64.25,62.625,61.531,61.75,64.25
08-11-2026 21:14:11,6770,7607,1362,16384,13.5,99.0,16570,VDD_IN,28215,8013,7755,17052,16570,3940,3890,5.0,2.0,7.0,6.0,0.0,61.0,63.093,64.25,62.656,61.562,61.843,64.25
08-11-2026 21:14:12,6770,7607,1362,16384,16.5,99.0,17093,VDD_IN,29187,8013,8211,17052,17093,3940,3883,4.0,8.0,5.0,13.0,0.0,69.0,62.5,63.718,62.593,61.625,61.843,63.718
08-11-2026 21:14:13,6770,7607,1362,16384,13.833333333333334,98.0,17526,VDD_IN,29997,8014,8588,17052,17526,3939,3883,5.0,4.0,1.0,2.0,0.0,71.0,63.031,64.0,62.593,61.75,61.875,64.25
08-11-2026 21:14:14,6771,7607,1362,16384,12.333333333333334,98.0,17486,VDD_IN,29919,8014,8510,17053,17486,3939,3923,3.0,6.0,1.0,1.0,0.0,63.0,62.687,64.312,62.812,61.562,61.937,64.312
08-11-2026 21:14:15,6771,7607,1362,16384,12.166666666666666,98.0,17486,VDD_IN,29841,8015,8432,17053,17486,3939,3923,6.0,2.0,1.0,2.0,0.0,62.0,62.75,64.281,62.5,61.531,61.812,64.281
08-11-2026 21:14:16,6771,7607,1362,16384,11.666666666666666,98.0,17408,VDD_IN,29738,8015,8368,17054,17408,3939,3962,3.0,2.0,3.0,1.0,0.0,61.0,62.843,64.25,62.625,61.687,61.812,64.25
08-11-2026 21:14:17,6770,7607,1362,16384,16.333333333333332,90.0,17368,VDD_IN,29580,8016,8211,17054,17368,3940,4001,7.0,4.0,17.0,9.0,0.0,61.0,62.593,64.218,62.625,61.718,61.937,64.218
08-11-2026 21:14:18,6771,7607,1362,16384,12.833333333333334,98.0,17211,VDD_IN,29228,8015,7977,17054,17211,3940,4040,3.0,3.0,2.0,5.0,0.0,64.0,63.031,64.281,62.687,61.781,61.843,64.093
08-11-2026 21:14:19,6770,7607,1362,16384,11.666666666666666,98.0,17054,VDD_IN,28837,8015,7703,17054,17054,3940,4080,3.0,1.0,0.0,5.0,0.0,61.0,62.843,63.968,62.75,61.593,61.968,63.968
08-11-2026 21:14:20,6771,7607,1362,16384,12.5,99.0,16779,VDD_IN,28190,8014,7246,17054,16779,3940,4165,3.0,5.0,2.0,5.0,0.0,60.0,62.906,63.812,62.625,61.562,61.843,63.812
08-11-2026 21:14:21,6770,7607,1362,16384,11.833333333333334,99.0,16531,VDD_IN,28098,8014,7716,17053,16531,3940,3851,2.0,5.0,1.0,1.0,1.0,61.0,62.781,63.937,62.593,61.656,61.906,63.937
08-11-2026 21:14:22,6770,7607,1362,16384,12.666666666666666,99.0,17015,VDD_IN,29031,8014,8133,17053,17015,3940,3883,2.0,3.0,1.0,1.0,0.0,69.0,62.5,63.625,62.656,61.687,61.875,63.625
08-11-2026 21:14:23,6773,7607,1362,16384,18.5,97.0,17486,VDD_IN,29958,8015,8549,17054,17486,3940,3923,7.0,8.0,5.0,4.0,16.0,71.0,62.593,64.062,62.625,61.562,61.875,64.062
08-11-2026 21:14:24,6773,7607,1362,16384,13.0,98.0,17526,VDD_IN,30051,8015,8602,17054,17526,3940,3923,4.0,2.0,2.0,6.0,0.0,64.0,62.781,64.343,62.593,61.593,61.843,64.343
08-11-2026 21:14:25,6774,7607,1362,16384,12.0,98.0,17486,VDD_IN,29933,8016,8524,17055,17486,3940,3923,1.0,5.0,1.0,2.0,0.0,63.0,62.687,64.343,62.531,61.562,61.781,64.343
08-11-2026 21:14:26,6774,7607,1362,16384,11.666666666666666,97.0,17368,VDD_IN,29581,8016,8290,17055,17368,3940,3923,6.0,1.0,3.0,1.0,0.0,59.0,62.75,64.312,62.562,61.625,61.812,64.312
08-11-2026 21:14:27,6774,7607,1362,16384,11.666666666666666,98.0,17250,VDD_IN,29384,8016,8133,17055,17250,3940,4001,2.0,2.0,1.0,3.0,0.0,62.0,62.593,64.312,62.562,61.687,61.843,64.312
08-11-2026 21:14:28,6769,7607,1362,16384,16.5,98.0,17290,VDD_IN,29424,8016,8094,17056,17290,3940,4040,6.0,4.0,7.0,20.0,0.0,62.0,62.718,64.312,62.625,61.562,61.843,64.312
08-11-2026 21:14:29,6769,7607,1362,16384,12.0,98.0,17054,VDD_IN,28837,8016,7703,17056,17054,3940,4080,3.0,1.0,2.0,4.0,0.0,62.0,62.75,64.062,62.5,61.625,61.75,64.062
08-11-2026 21:14:30,6769,7607,1362,16384,11.833333333333334,99.0,16779,VDD_IN,28229,8015,7285,17055,16779,3940,4165,3.0,1.0,3.0,4.0,0.0,60.0,63.125,63.875,62.562,61.562,61.781,63.875
08-11-2026 21:14:31,6769,7607,1362,16384,12.5,99.0,16452,VDD_IN,27979,8015,7676,17055,16452,3940,3851,3.0,2.0,2.0,8.0,0.0,60.0,62.687,63.937,62.593,61.656,61.781,63.937
08-11-2026 21:14:32,6769,7607,1362,16384,13.666666666666666,99.0,17093,VDD_IN,29109,8015,8133,17055,17093,3940,3883,7.0,2.0,3.0,1.0,0.0,69.0,62.406,63.687,62.593,61.687,61.906,63.687
08-11-2026 21:14:33,6769,7607,1362,16384,13.833333333333334,97.0,17486,VDD_IN,29958,8016,8549,17055,17486,3940,3923,6.0,2.0,2.0,2.0,0.0,71.0,62.593,64.125,62.718,61.531,61.937,64.125
08-11-2026 21:14:34,6771,7607,1362,16384,17.0,98.0,17526,VDD_IN,30037,8016,8588,17056,17526,3940,3923,8.0,11.0,13.0,7.0,62.0,1.0,62.625,64.281,62.437,61.531,61.812,64.281
08-11-2026 21:14:35,6772,7607,1362,16384,11.833333333333334,98.0,17447,VDD_IN,29855,8017,8485,17056,17447,3940,3923,3.0,1.0,1.0,4.0,62.0,0.0,62.875,64.437,62.531,61.593,61.781,64.437
08-11-2026 21:14:36,6771,7607,1362,16384,12.0,98.0,17368,VDD_IN,29684,8017,8354,17057,17368,3940,3962,2.0,2.0,2.0,6.0,60.0,0.0,62.656,64.031,62.593,61.625,61.812,64.031
08-11-2026 21:14:37,6772,7607,1362,16384,12.5,93.0,17290,VDD_IN,29424,8017,8133,17057,17290,3940,4001,3.0,2.0,3.0,5.0,62.0,0.0,62.468,64.0,62.531,61.687,61.781,64.0
08-11-2026 21:14:38,6772,7607,1362,16384,12.333333333333334,98.0,17172,VDD_IN,29189,8017,7977,17057,17172,3940,4040,2.0,2.0,3.0,4.0,63.0,0.0,62.593,63.968,62.593,61.531,61.906,63.968
08-11-2026 21:14:39,6771,7607,1362,16384,17.0,98.0,17211,VDD_IN,29150,8017,7859,17057,17211,3941,4080,9.0,17.0,10.0,4.0,62.0,0.0,62.781,64.0,62.593,61.562,61.812,64.0
08-11-2026 21:14:40,6771,7607,1362,16384,12.0,99.0,16740,VDD_IN,28151,8016,7246,17057,16740,3941,4165,5.0,1.0,2.0,4.0,60.0,0.0,63.062,63.875,62.437,61.593,61.781,63.875
08-11-2026 21:14:41,6771,7607,1362,16384,11.666666666666666,99.0,16609,VDD_IN,28293,8016,7794,17056,16609,3941,3890,2.0,1.0,2.0,4.0,61.0,0.0,62.625,64.031,62.593,61.656,61.812,64.031
08-11-2026 21:14:42,6771,7607,1362,16384,14.0,99.0,16975,VDD_IN,28952,8016,8094,17056,16975,3941,3883,3.0,8.0,2.0,2.0,69.0,0.0,62.718,63.593,62.625,61.781,61.843,63.593
08-11-2026 21:14:43,6770,7607,1362,16384,13.333333333333334,97.0,17447,VDD_IN,29894,8017,8524,17057,17447,3941,3923,5.0,1.0,0.0,1.0,71.0,2.0,62.562,64.156,62.656,61.5,61.843,64.156
08-11-2026 21:14:44,6770,7607,1362,16384,12.5,98.0,17526,VDD_IN,29998,8017,8549,17057,17526,3941,3923,2.0,2.0,1.0,3.0,64.0,3.0,62.656,64.093,62.593,61.625,61.781,64.093
08-11-2026 21:14:45,6771,7607,1362,16384,16.833333333333332,98.0,17526,VDD_IN,29998,8018,8549,17058,17526,3941,3923,5.0,10.0,18.0,6.0,62.0,0.0,62.843,64.093,62.593,61.656,61.812,64.093
08-11-2026 21:14:46,6772,7607,1362,16384,11.5,97.0,17368,VDD_IN,29620,8018,8329,17058,17368,3941,3923,29.0,2.0,2.0,1.0,35.0,0.0,62.593,63.968,62.625,61.687,61.843,63.968
08-11-2026 21:14:47,6772,7607,1362,16384,11.833333333333334,98.0,17290,VDD_IN,29463,8018,8172,17058,17290,3941,4001,52.0,2.0,2.0,4.0,11.0,0.0,62.562,64.031,62.656,61.468,61.843,64.031
08-11-2026 21:14:48,6772,7607,1362,16384,13.166666666666666,98.0,17250,VDD_IN,29345,8018,8055,17059,17250,3941,4040,8.0,3.0,2.0,2.0,64.0,0.0,62.75,64.156,62.5,61.625,61.718,64.218
08-11-2026 21:14:49,6771,7607,1362,16384,12.0,98.0,17093,VDD_IN,28915,8018,7742,17059,17093,3941,4080,3.0,4.0,1.0,5.0,59.0,0.0,62.625,64.093,62.593,61.656,61.812,64.093
08-11-2026 21:14:50,6773,7607,1362,16384,17.0,98.0,17093,VDD_IN,28798,8018,7547,17059,17093,3941,4158,6.0,5.0,20.0,8.0,63.0,0.0,63.156,64.093,62.531,61.718,61.75,64.093
08-11-2026 21:14:51,6773,7607,1362,16384,11.833333333333334,99.0,16491,VDD_IN,27979,8017,7598,17058,16491,3941,3890,5.0,1.0,2.0,4.0,59.0,0.0,62.437,64.062,62.656,61.625,61.781,64.062
08-11-2026 21:14:52,6773,7607,1362,16384,13.166666666666666,99.0,16897,VDD_IN,28796,8017,8016,17058,16897,3941,3883,5.0,1.0,2.0,2.0,69.0,0.0,62.625,63.968,62.593,61.562,61.812,63.968
08-11-2026 21:14:53,6773,7607,1362,16384,13.833333333333334,97.0,17526,VDD_IN,30012,8018,8563,17058,17526,3941,3923,0.0,4.0,6.0,2.0,71.0,0.0,62.687,64.312,62.531,61.562,61.843,64.312
08-11-2026 21:14:54,6774,7607,1362,16384,12.666666666666666,98.0,17526,VDD_IN,29998,8018,8549,17059,17526,3941,3923,5.0,2.0,1.0,3.0,64.0,1.0,62.718,64.093,62.562,61.531,61.812,64.093
08-11-2026 21:14:55,6774,7607,1362,16384,12.166666666666666,98.0,17486,VDD_IN,29919,8019,8510,17059,17486,3941,3923,2.0,2.0,1.0,5.0,63.0,0.0,62.906,64.156,62.5,61.687,61.75,64.156
08-11-2026 21:14:56,6776,7607,1362,16384,15.833333333333334,97.0,17368,VDD_IN,29659,8019,8329,17060,17368,3941,3962,6.0,8.0,19.0,4.0,58.0,0.0,62.593,63.875,62.593,61.531,61.875,63.875
08-11-2026 21:14:57,6776,7607,1362,16384,13.166666666666666,98.0,17290,VDD_IN,29463,8020,8211,17060,17290,3941,3962,19.0,7.0,3.0,1.0,49.0,0.0,62.593,64.093,62.593,61.468,61.75,64.093
08-11-2026 21:14:58,6776,7607,1362,16384,12.5,98.0,17211,VDD_IN,29228,8020,8016,17060,17211,3941,4001,3.0,4.0,2.0,3.0,63.0,0.0,62.75,64.062,62.5,61.531,61.781,64.062
08-11-2026 21:14:59,6776,7607,1362,16384,11.5,97.0,17054,VDD_IN,28837,8019,7703,17060,17054,3941,4080,3.0,1.0,1.0,4.0,60.0,0.0,62.531,64.312,62.5,61.625,61.718,64.312
08-11-2026 21:15:00,6776,7607,1362,16384,12.5,98.0,16818,VDD_IN,28288,8018,7312,17060,16818,3942,4158,16.0,4.0,1.0,5.0,49.0,0.0,63.0,64.25,62.562,61.625,61.875,64.25
08-11-2026 21:15:01,6775,7607,1362,16384,13.666666666666666,98.0,16700,VDD_IN,28410,8018,7742,17060,16700,3942,3968,24.0,6.0,9.0,43.0,0.0,0.0,62.906,63.562,62.562,61.5,62.0,63.562
08-11-2026 21:15:02,6777,7607,1362,16384,14.5,99.0,17015,VDD_IN,29032,8018,8094,17059,17015,3942,3923,69.0,8.0,8.0,2.0,0.0,0.0,62.562,63.75,62.562,61.531,61.875,63.75
08-11-2026 21:15:03,6777,7607,1362,16384,13.0,99.0,17643,VDD_IN,30232,8019,8666,17060,17643,3942,3923,71.0,1.0,1.0,2.0,3.0,0.0,62.781,64.187,62.562,61.531,61.937,64.187
08-11-2026 21:15:04,6777,7607,1362,16384,13.166666666666666,98.0,17565,VDD_IN,30115,8020,8627,17061,17565,3942,3923,5.0,66.0,5.0,3.0,0.0,0.0,62.718,64.031,62.562,61.656,61.875,64.218
08-11-2026 21:15:05,6777,7607,1362,16384,12.166666666666666,98.0,17526,VDD_IN,29998,8020,8549,17061,17526,3942,3923,59.0,8.0,3.0,3.0,0.0,0.0,62.968,64.218,62.593,61.687,61.937,64.218
08-11-2026 21:15:06,6781,7607,1362,16384,11.0,90.0,17368,VDD_IN,29659,8020,8329,17062,17368,3942,3962,60.0,3.0,1.0,1.0,0.0,1.0,62.562,64.156,62.593,61.5,61.937,64.156
08-11-2026 21:15:07,6779,7607,1362,16384,16.166666666666668,98.0,17447,VDD_IN,29777,8021,8329,17062,17447,3942,4001,63.0,9.0,15.0,4.0,2.0,4.0,62.75,64.25,62.5,61.562,61.843,64.25
08-11-2026 21:15:09,6780,7607,1362,16384,12.5,98.0,17290,VDD_IN,29385,8021,8094,17062,17290,3942,4001,9.0,2.0,3.0,5.0,56.0,0.0,62.718,64.156,62.593,61.562,61.812,64.156
08-11-2026 21:15:10,6780,7607,1362,16384,11.5,97.0,17054,VDD_IN,28837,8021,7703,17062,17054,3942,4080,2.0,0.0,2.0,2.0,60.0,3.0,62.437,64.062,62.531,61.656,61.781,63.843
08-11-2026 21:15:11,6780,7607,1362,16384,11.833333333333334,98.0,16897,VDD_IN,28445,8020,7429,17062,16897,3942,4119,2.0,4.0,1.0,2.0,62.0,0.0,62.625,63.937,62.656,61.718,61.906,63.937
08-11-2026 21:15:12,6780,7607,1362,16384,10.833333333333334,96.0,16609,VDD_IN,28098,8019,7481,17062,16609,3942,4008,1.0,3.0,1.0,1.0,59.0,0.0,62.843,63.531,62.531,61.593,61.812,63.531
08-11-2026 21:15:13,6780,7607,1362,16384,13.833333333333334,98.0,16897,VDD_IN,28718,8019,7938,17061,16897,3942,3883,3.0,5.0,4.0,3.0,68.0,0.0,62.593,63.75,62.531,61.593,61.843,63.75
08-11-2026 21:15:14,6781,7607,1362,16384,17.5,99.0,17732,VDD_IN,30438,8020,8744,17062,17732,3942,3962,73.0,4.0,5.0,8.0,5.0,10.0,62.718,64.312,62.593,61.656,61.906,64.312
08-11-2026 21:15:15,6781,7607,1362,16384,13.166666666666666,98.0,17565,VDD_IN,30076,8021,8588,17063,17565,3942,3923,11.0,3.0,3.0,5.0,57.0,0.0,62.593,64.312,62.593,61.656,61.843,64.312
08-11-2026 21:15:16,6781,7607,1362,16384,12.5,98.0,17486,VDD_IN,29919,8021,8510,17063,17486,3942,3923,5.0,1.0,2.0,2.0,7.0,58.0,62.625,64.406,62.656,61.562,61.781,64.406
08-11-2026 21:15:17,6781,7607,1362,16384,12.166666666666666,89.0,17408,VDD_IN,29738,8022,8368,17064,17408,3942,3962,3.0,1.0,2.0,4.0,2.0,61.0,62.75,64.25,62.531,61.562,61.781,64.25
08-11-2026 21:15:18,6781,7607,1362,16384,12.166666666666666,98.0,17368,VDD_IN,29580,8022,8250,17064,17368,3942,3962,2.0,2.0,2.0,4.0,0.0,63.0,62.968,64.375,62.5,61.562,61.875,64.375
08-11-2026 21:15:19,6779,7607,1362,16384,16.166666666666668,98.0,17408,VDD_IN,29620,8022,8211,17064,17408,3942,4001,14.0,4.0,13.0,4.0,0.0,62.0,62.75,64.062,62.593,61.593,61.843,64.062
08-11-2026 21:15:20,6779,7607,1362,16384,12.166666666666666,89.0,17133,VDD_IN,28994,8022,7781,17064,17133,3942,4080,2.0,2.0,3.0,5.0,0.0,61.0,63.031,64.031,62.593,61.687,61.875,64.031
08-11-2026 21:15:21,6779,7607,1362,16384,12.333333333333334,98.0,17093,VDD_IN,28876,8021,7625,17064,17093,3943,4158,7.0,1.0,1.0,1.0,0.0,64.0,62.781,64.031,62.625,61.562,61.875,64.031
08-11-2026 21:15:22,6552,7607,1362,16384,14.5,0.0,14531,VDD_IN,24405,8019,6326,17062,14531,3942,3548,7.0,5.0,14.0,4.0,2.0,55.0,63.031,62.718,62.531,61.531,61.687,63.031
08-11-2026 21:15:23,6265,7607,1362,16384,13.333333333333334,0.0,6618,VDD_IN,9882,8012,1433,17050,6618,3940,1831,7.0,19.0,6.0,7.0,40.0,1.0,62.062,61.656,62.093,61.437,60.843,62.156
