08-11-2026 21:00:18 RAM 2032/7607MB (lfb 165x4MB) SWAP 1375/16384MB (cached 128MB) CPU [4%@729,3%@729,2%@729,3%@729,0%@729,0%@729] GR3D_FREQ 0% cpu@57.031C soc2@56.312C soc0@57.968C gpu@56.906C tj@57.968C soc1@57.562C VDD_IN 5176mW/5176mW VDD_CPU_GPU_CV 641mW/641mW VDD_SOC 1484mW/1484mW
08-11-2026 21:00:19 RAM 2230/7607MB (lfb 165x4MB) SWAP 1375/16384MB (cached 128MB) CPU [9%@729,11%@729,61%@729,9%@729,19%@1344,10%@1344] GR3D_FREQ 0% cpu@57.187C soc2@56.343C soc0@57.843C gpu@56.875C tj@57.843C soc1@57.343C VDD_IN 5880mW/5528mW VDD_CPU_GPU_CV 1158mW/900mW VDD_SOC 1517mW/1501mW
08-11-2026 21:00:20 RAM 2670/7607MB (lfb 165x4MB) SWAP 1375/16384MB (cached 128MB) CPU [22%@1344,17%@1344,18%@1344,21%@1344,59%@806,22%@806] GR3D_FREQ 0% cpu@57.437C soc2@56.125C soc0@57.562C gpu@56.812C tj@57.562C soc1@57.281C VDD_IN 6309mW/5788mW VDD_CPU_GPU_CV 1435mW/1078mW VDD_SOC 1557mW/1519mW
08-11-2026 21:00:21 RAM 3489/7607MB (lfb 165x4MB) SWAP 1375/16384MB (cached 128MB) CPU [60%@1344,56%@1344,58%@1344,51%@1344,64%@806,60%@806] GR3D_FREQ 0% cpu@57.562C soc2@56.093C soc0@57.468C gpu@56.562C tj@57.562C soc1@57.187C VDD_IN 6749mW/6029mW VDD_CPU_GPU_CV 1794mW/1257mW VDD_SOC 1557mW/1529mW
08-11-2026 21:00:22 RAM 4816/7607MB (lfb 43x4MB) SWAP 1375/16384MB (cached 128MB) CPU [14%@1344,15%@1344,76%@1344,15%@1344,13%@729,13%@729] GR3D_FREQ 0% cpu@57.468C soc2@56.093C soc0@57.437C gpu@56.781C tj@57.468C soc1@57.25C VDD_IN 8054mW/6434mW VDD_CPU_GPU_CV 1990mW/1404mW VDD_SOC 1990mW/1621mW
08-11-2026 21:00:23 RAM 5191/7607MB (lfb 23x4MB) SWAP 1375/16384MB (cached 128MB) CPU [9%@729,16%@729,27%@729,6%@729,60%@1344,0%@1344] GR3D_FREQ 98% cpu@57.531C soc2@56.75C soc0@57.718C gpu@58.812C tj@58.812C soc1@57.281C VDD_IN 15335mW/7917mW VDD_CPU_GPU_CV 7414mW/2405mW VDD_SOC 3272mW/1896mW
08-11-2026 21:00:24 RAM 5733/7607MB (lfb 20x4MB) SWAP 1375/16384MB (cached 128MB) CPU [3%@729,2%@729,4%@729,1%@729,65%@1344,0%@1344] GR3D_FREQ 98% cpu@57.781C soc2@56.812C soc0@57.75C gpu@58.937C tj@58.937C soc1@57.156C VDD_IN 15927mW/9061mW VDD_CPU_GPU_CV 7493mW/3132mW VDD_SOC 3503mW/2126mW
08-11-2026 21:00:25 RAM 5734/7607MB (lfb 20x4MB) SWAP 1375/16384MB (cached 128MB) CPU [4%@729,3%@729,4%@729,1%@729,63%@1344,0%@1344] GR3D_FREQ 98% cpu@58.125C soc2@57.093C soc0@57.875C gpu@59.5C tj@59.5C soc1@57.375C VDD_IN 17042mW/10059mW VDD_CPU_GPU_CV 7951mW/3735mW VDD_SOC 3929mW/2351mW
08-11-2026 21:00:26 RAM 5734/7607MB (lfb 20x4MB) SWAP 1375/16384MB (cached 128MB) CPU [2%@729,4%@1344,4%@1344,4%@1344,60%@1344,0%@1344] GR3D_FREQ 97% cpu@58.5C soc2@57.343C soc0@58.062C gpu@59.593C tj@59.593C soc1@57.468C VDD_IN 16767mW/10804mW VDD_CPU_GPU_CV 7598mW/4164mW VDD_SOC 4008mW/2535mW
08-11-2026 21:00:27 RAM 5735/7607MB (lfb 20x4MB) SWAP 1375/16384MB (cached 128MB) CPU [4%@729,0%@729,5%@729,0%@729,62%@1344,0%@1344] GR3D_FREQ 98% cpu@58.375C soc2@57.468C soc0@58.25C gpu@59.625C tj@59.625C soc1@57.468C VDD_IN 16728mW/11397mW VDD_CPU_GPU_CV 7324mW/4480mW VDD_SOC 4086mW/2690mW
08-11-2026 21:00:28 RAM 5735/7607MB (lfb 20x4MB) SWAP 1375/16384MB (cached 128MB) CPU [1%@729,6%@729,1%@729,2%@729,58%@729,2%@729] GR3D_FREQ 96% cpu@58.625C soc2@57.562C soc0@58.375C gpu@59.5C tj@59.5C soc1@57.468C VDD_IN 16334mW/11846mW VDD_CPU_GPU_CV 7402mW/4745mW VDD_SOC 3929mW/2803mW
08-11-2026 21:00:29 RAM 5750/7607MB (lfb 20x4MB) SWAP 1374/16384MB (cached 128MB) CPU [16%@1344,20%@1344,23%@1344,6%@1344,68%@729,0%@729] GR3D_FREQ 99% cpu@58.656C soc2@57.687C soc0@58.281C gpu@59.281C tj@59.281C soc1@57.562C VDD_IN 17082mW/12282mW VDD_CPU_GPU_CV 8146mW/5029mW VDD_SOC 3890mW/2894mW
08-11-2026 21:00:30 RAM 5751/7607MB (lfb 20x4MB) SWAP 1374/16384MB (cached 128MB) CPU [6%@729,6%@729,0%@729,1%@729,0%@729,69%@729] GR3D_FREQ 98% cpu@58.718C soc2@57.75C soc0@58.437C gpu@60C tj@60C soc1@57.718C VDD_IN 17643mW/12694mW VDD_CPU_GPU_CV 8602mW/5304mW VDD_SOC 3962mW/2976mW
08-11-2026 21:00:31 RAM 5751/7607MB (lfb 20x4MB) SWAP 1374/16384MB (cached 128MB) CPU [2%@729,1%@729,4%@729,0%@729,1%@1344,68%@1344] GR3D_FREQ 98% cpu@59.031C soc2@57.906C soc0@58.687C gpu@59.968C tj@59.968C soc1@57.75C VDD_IN 17368mW/13028mW VDD_CPU_GPU_CV 8524mW/5534mW VDD_SOC 3844mW/3038mW
08-11-2026 21:00:32 RAM 5752/7607MB (lfb 20x4MB) SWAP 1374/16384MB (cached 128MB) CPU [5%@729,1%@729,1%@729,2%@729,0%@729,60%@729] GR3D_FREQ 98% cpu@58.687C soc2@57.906C soc0@58.656C gpu@60.343C tj@60.343C soc1@57.781C VDD_IN 17290mW/13312mW VDD_CPU_GPU_CV 8446mW/5728mW VDD_SOC 3851mW/3092mW
08-11-2026 21:00:33 RAM 5753/7607MB (lfb 20x4MB) SWAP 1374/16384MB (cached 128MB) CPU [4%@1344,3%@1344,2%@1344,1%@1344,0%@1344,61%@1344] GR3D_FREQ 98% cpu@58.875C soc2@57.937C soc0@58.625C gpu@60.437C tj@60.437C soc1@57.781C VDD_IN 17211mW/13556mW VDD_CPU_GPU_CV 8290mW/5888mW VDD_SOC 3890mW/3142mW
08-11-2026 21:00:34 RAM 5753/7607MB (lfb 20x4MB) SWAP 1374/16384MB (cached 128MB) CPU [2%@729,1%@729,3%@729,7%@729,0%@1344,64%@1344] GR3D_FREQ 98% cpu@59.187C soc2@57.937C soc0@58.718C gpu@60.437C tj@60.437C soc1@57.968C VDD_IN 17200mW/13770mW VDD_CPU_GPU_CV 8172mW/6022mW VDD_SOC 3929mW/3188mW
08-11-2026 21:00:35 RAM 5758/7607MB (lfb 20x4MB) SWAP 1374/16384MB (cached 128MB) CPU [8%@729,4%@729,9%@729,18%@729,0%@729,61%@729] GR3D_FREQ 98% cpu@58.937C soc2@58.062C soc0@58.812C gpu@60.437C tj@60.437C soc1@58.031C VDD_IN 17160mW/13959mW VDD_CPU_GPU_CV 8055mW/6135mW VDD_SOC 3968mW/3231mW
08-11-2026 21:00:36 RAM 5758/7607MB (lfb 20x4MB) SWAP 1374/16384MB (cached 128MB) CPU [2%@729,5%@729,1%@729,2%@729,0%@1344,62%@1344] GR3D_FREQ 97% cpu@59.031C soc2@58.125C soc0@58.906C gpu@60.187C tj@60.187C soc1@57.968C VDD_IN 16885mW/14113mW VDD_CPU_GPU_CV 7716mW/6218mW VDD_SOC 4008mW/3272mW
08-11-2026 21:00:37 RAM 5758/7607MB (lfb 20x4MB) SWAP 1374/16384MB (cached 128MB) CPU [4%@729,3%@729,2%@729,3%@729,0%@1344,63%@1344] GR3D_FREQ 98% cpu@59.281C soc2@58.125C soc0@59C gpu@60.25C tj@60.25C soc1@58.062C VDD_IN 16846mW/14249mW VDD_CPU_GPU_CV 7520mW/6284mW VDD_SOC 4086mW/3313mW
08-11-2026 21:00:38 RAM 5758/7607MB (lfb 20x4MB) SWAP 1374/16384MB (cached 128MB) CPU [7%@729,3%@729,2%@729,3%@729,3%@806,59%@806] GR3D_FREQ 99% cpu@59.468C soc2@58.281C soc0@58.937C gpu@59.812C tj@59.812C soc1@58.156C VDD_IN 16531mW/14358mW VDD_CPU_GPU_CV 7285mW/6331mW VDD_SOC 4047mW/3348mW
08-11-2026 21:00:39 RAM 5758/7607MB (lfb 20x4MB) SWAP 1374/16384MB (cached 128MB) CPU [4%@729,3%@729,3%@729,2%@729,0%@729,65%@729] GR3D_FREQ 65% cpu@59.531C soc2@58.218C soc0@59.125C gpu@60.093C tj@60.093C soc1@58.25C VDD_IN 16373mW/14450mW VDD_CPU_GPU_CV 7598mW/6389mW VDD_SOC 3811mW/3369mW
08-11-2026 21:00:40 RAM 5758/7607MB (lfb 20x4MB) SWAP 1374/16384MB (cached 128MB) CPU [4%@729,1%@729,3%@729,2%@729,0%@729,68%@729] GR3D_FREQ 98% cpu@59.25C soc2@58.468C soc0@59.062C gpu@60.437C tj@60.437C soc1@58.156C VDD_IN 17565mW/14585mW VDD_CPU_GPU_CV 8446mW/6478mW VDD_SOC 4001mW/3396mW
08-11-2026 21:00:41 RAM 5757/7607MB (lfb 20x4MB) SWAP 1374/16384MB (cached 128MB) CPU [20%@729,7%@729,3%@729,5%@729,0%@1344,70%@1344] GR3D_FREQ 98% cpu@59.406C soc2@58.531C soc0@59.281C gpu@60.531C tj@60.531C soc1@58.218C VDD_IN 17526mW/14708mW VDD_CPU_GPU_CV 8602mW/6567mW VDD_SOC 3844mW/3415mW
08-11-2026 21:00:42 RAM 5758/7607MB (lfb 20x4MB) SWAP 1374/16384MB (cached 128MB) CPU [2%@1344,5%@1344,2%@1344,3%@1344,0%@729,60%@729] GR3D_FREQ 97% cpu@59.531C soc2@58.437C soc0@59.25C gpu@60.468C tj@60.468C soc1@58.312C VDD_IN 17250mW/14809mW VDD_CPU_GPU_CV 8329mW/6637mW VDD_SOC 3890mW/3434mW
08-11-2026 21:00:43 RAM 5758/7607MB (lfb 20x4MB) SWAP 1374/16384MB (cached 128MB) CPU [2%@729,2%@729,4%@729,2%@729,0%@1344,62%@1344] GR3D_FREQ 97% cpu@59.75C soc2@58.562C soc0@59.25C gpu@60.687C tj@60.687C soc1@58.375C VDD_IN 17250mW/14903mW VDD_CPU_GPU_CV 8290mW/6701mW VDD_SOC 3890mW/3452mW
08-11-2026 21:00:44 RAM 5759/7607MB (lfb 20x4MB) SWAP 1374/16384MB (cached 128MB) CPU [3%@729,3%@729,3%@729,4%@729,1%@1344,63%@1344] GR3D_FREQ 98% cpu@59.625C soc2@58.593C soc0@59.312C gpu@60.625C tj@60.625C soc1@58.5C VDD_IN 17211mW/14989mW VDD_CPU_GPU_CV 8211mW/6757mW VDD_SOC 3929mW/3469mW
08-11-2026 21:00:46 RAM 5759/7607MB (lfb 20x4MB) SWAP 1374/16384MB (cached 128MB) CPU [1%@729,2%@729,2%@729,1%@729,4%@806,60%@806] GR3D_FREQ 97% cpu@59.5C soc2@58.656C soc0@59.5C gpu@60.812C tj@60.812C soc1@58.437C VDD_IN 17082mW/15063mW VDD_CPU_GPU_CV 8016mW/6802mW VDD_SOC 3929mW/3486mW
08-11-2026 21:00:47 RAM 5760/7607MB (lfb 20x4MB) SWAP 1374/16384MB (cached 128MB) CPU [3%@729,5%@729,2%@729,2%@729,0%@1344,61%@1344] GR3D_FREQ 97% cpu@59.656C soc2@58.562C soc0@59.562C gpu@60.843C tj@60.843C soc1@58.531C VDD_IN 16924mW/15128mW VDD_CPU_GPU_CV 7676mW/6832mW VDD_SOC 4008mW/3504mW
08-11-2026 21:00:48 RAM 5759/7607MB (lfb 20x4MB) SWAP 1374/16384MB (cached 128MB) CPU [5%@729,17%@729,9%@729,5%@729,0%@1344,62%@1344] GR3D_FREQ 98% cpu@59.875C soc2@58.687C soc0@59.406C gpu@60.937C tj@60.937C soc1@58.468C VDD_IN 16964mW/15189mW VDD_CPU_GPU_CV 7598mW/6857mW VDD_SOC 4086mW/3523mW
08-11-2026 21:00:49 RAM 5759/7607MB (lfb 20x4MB) SWAP 1374/16384MB (cached 128MB) CPU [4%@729,3%@729,4%@729,2%@729,1%@806,59%@806] GR3D_FREQ 99% cpu@60.187C soc2@58.812C soc0@59.5C gpu@60.437C tj@60.437C soc1@58.656C VDD_IN 16491mW/15231mW VDD_CPU_GPU_CV 7206mW/6869mW VDD_SOC 4047mW/3540mW
08-11-2026 21:00:50 RAM 5759/7607MB (lfb 20x4MB) SWAP 1374/16384MB (cached 128MB) CPU [1%@729,1%@729,3%@729,1%@729,2%@729,66%@729] GR3D_FREQ 73% cpu@59.625C soc2@58.812C soc0@59.593C gpu@60.625C tj@60.625C soc1@58.75C VDD_IN 16452mW/15269mW VDD_CPU_GPU_CV 7637mW/6893mW VDD_SOC 3851mW/3550mW
08-11-2026 21:00:51 RAM 5760/7607MB (lfb 20x4MB) SWAP 1374/16384MB (cached 128MB) CPU [3%@729,1%@729,4%@729,2%@729,2%@883,69%@883] GR3D_FREQ 98% cpu@59.687C soc2@58.968C soc0@59.687C gpu@61.093C tj@61.093C soc1@58.656C VDD_IN 17565mW/15338mW VDD_CPU_GPU_CV 8485mW/6941mW VDD_SOC 4001mW/3563mW
08-11-2026 21:00:52 RAM 5760/7607MB (lfb 20x4MB) SWAP 1374/16384MB (cached 128MB) CPU [6%@729,3%@729,1%@729,2%@729,0%@1344,70%@1344] GR3D_FREQ 97% cpu@59.906C soc2@58.968C soc0@59.687C gpu@61.062C tj@61.062C soc1@58.687C VDD_IN 17408mW/15399mW VDD_CPU_GPU_CV 8563mW/6989mW VDD_SOC 3844mW/3572mW
08-11-2026 21:00:53 RAM 5761/7607MB (lfb 20x4MB) SWAP 1374/16384MB (cached 128MB) CPU [4%@729,2%@729,1%@729,3%@729,0%@729,58%@729] GR3D_FREQ 97% cpu@59.843C soc2@58.968C soc0@59.687C gpu@61C tj@61C soc1@58.75C VDD_IN 17211mW/15451mW VDD_CPU_GPU_CV 8329mW/7027mW VDD_SOC 3890mW/3581mW
08-11-2026 21:00:54 RAM 5766/7607MB (lfb 20x4MB) SWAP 1374/16384MB (cached 128MB) CPU [11%@729,17%@729,6%@729,5%@729,1%@1344,63%@1344] GR3D_FREQ 98% cpu@60.25C soc2@59.062C soc0@59.687C gpu@61.093C tj@61.093C soc1@58.843C VDD_IN 17408mW/15505mW VDD_CPU_GPU_CV 8407mW/7065mW VDD_SOC 3923mW/3590mW
08-11-2026 21:00:55 RAM 5763/7607MB (lfb 20x4MB) SWAP 1372/16384MB (cached 130MB) CPU [5%@1344,1%@1344,2%@1344,3%@1344,2%@1344,65%@1344] GR3D_FREQ 98% cpu@60C soc2@59C soc0@59.781C gpu@61.343C tj@61.343C soc1@58.812C VDD_IN 17290mW/15554mW VDD_CPU_GPU_CV 8290mW/7098mW VDD_SOC 3923mW/3599mW
08-11-2026 21:00:56 RAM 5764/7607MB (lfb 20x4MB) SWAP 1371/16384MB (cached 130MB) CPU [11%@1344,3%@1344,1%@1344,3%@1344,1%@729,60%@729] GR3D_FREQ 97% cpu@59.937C soc2@59.125C soc0@59.781C gpu@61.375C tj@61.375C soc1@58.906C VDD_IN 17160mW/15596mW VDD_CPU_GPU_CV 8016mW/7122mW VDD_SOC 3968mW/3609mW
08-11-2026 21:00:57 RAM 5765/7607MB (lfb 20x4MB) SWAP 1371/16384MB (cached 130MB) CPU [4%@1344,3%@1344,2%@1344,1%@1344,0%@1344,62%@1344] GR3D_FREQ 97% cpu@60.093C soc2@59.062C soc0@59.781C gpu@61.406C tj@61.406C soc1@58.906C VDD_IN 16924mW/15630mW VDD_CPU_GPU_CV 7755mW/7139mW VDD_SOC 4008mW/3619mW
08-11-2026 21:00:58 RAM 5765/7607MB (lfb 20x4MB) SWAP 1371/16384MB (cached 130MB) CPU [2%@1344,2%@1344,6%@1344,3%@1344,0%@1344,63%@1344] GR3D_FREQ 97% cpu@60.281C soc2@59C soc0@59.843C gpu@61.437C tj@61.437C soc1@59C VDD_IN 16885mW/15661mW VDD_CPU_GPU_CV 7520mW/7148mW VDD_SOC 4086mW/3631mW
08-11-2026 21:00:59 RAM 5765/7607MB (lfb 20x4MB) SWAP 1371/16384MB (cached 130MB) CPU [3%@729,5%@729,2%@729,1%@729,1%@729,59%@729] GR3D_FREQ 99% cpu@60.593C soc2@59.187C soc0@59.843C gpu@61.031C tj@61.031C soc1@59.062C VDD_IN 16452mW/15681mW VDD_CPU_GPU_CV 7246mW/7151mW VDD_SOC 4047mW/3641mW
08-11-2026 21:01:00 RAM 5769/7607MB (lfb 20x4MB) SWAP 1371/16384MB (cached 130MB) CPU [6%@1344,7%@1344,7%@1344,8%@1344,14%@729,58%@729] GR3D_FREQ 53% cpu@60.125C soc2@59.25C soc0@59.968C gpu@61.25C tj@61.25C soc1@59.093C VDD_IN 16531mW/15701mW VDD_CPU_GPU_CV 7755mW/7165mW VDD_SOC 3851mW/3646mW
08-11-2026 21:01:01 RAM 5770/7607MB (lfb 20x4MB) SWAP 1371/16384MB (cached 130MB) CPU [3%@1344,3%@1344,1%@1344,1%@1344,70%@729,0%@729] GR3D_FREQ 99% cpu@60.187C soc2@59.406C soc0@60.187C gpu@61.75C tj@61.75C soc1@59.093C VDD_IN 17604mW/15745mW VDD_CPU_GPU_CV 8524mW/7197mW VDD_SOC 4001mW/3654mW
08-11-2026 21:01:02 RAM 5770/7607MB (lfb 20x4MB) SWAP 1371/16384MB (cached 130MB) CPU [2%@729,4%@729,2%@729,2%@729,69%@1344,0%@1344] GR3D_FREQ 98% cpu@60.156C soc2@59.281C soc0@60.031C gpu@61.531C tj@61.531C soc1@59.187C VDD_IN 17408mW/15783mW VDD_CPU_GPU_CV 8524mW/7227mW VDD_SOC 3844mW/3659mW
08-11-2026 21:01:03 RAM 5771/7607MB (lfb 20x4MB) SWAP 1371/16384MB (cached 130MB) CPU [1%@729,3%@729,4%@729,2%@729,60%@1344,0%@1344] GR3D_FREQ 96% cpu@60.343C soc2@59.25C soc0@60.062C gpu@61.531C tj@61.531C soc1@59.187C VDD_IN 17329mW/15817mW VDD_CPU_GPU_CV 8407mW/7253mW VDD_SOC 3883mW/3664mW
08-11-2026 21:01:04 RAM 5771/7607MB (lfb 20x4MB) SWAP 1371/16384MB (cached 130MB) CPU [26%@1344,1%@1344,4%@1344,3%@1344,39%@729,0%@729] GR3D_FREQ 97% cpu@60.468C soc2@59.468C soc0@60.125C gpu@61.593C tj@61.593C soc1@59.218C VDD_IN 17250mW/15848mW VDD_CPU_GPU_CV 8290mW/7276mW VDD_SOC 3883mW/3668mW
08-11-2026 21:01:05 RAM 5771/7607MB (lfb 20x4MB) SWAP 1371/16384MB (cached 130MB) CPU [31%@729,1%@729,4%@729,2%@729,36%@1344,0%@1344] GR3D_FREQ 97% cpu@60.156C soc2@59.406C soc0@60.156C gpu@61.593C tj@61.593C soc1@59.218C VDD_IN 17250mW/15878mW VDD_CPU_GPU_CV 8211mW/7295mW VDD_SOC 3923mW/3674mW
08-11-2026 21:01:06 RAM 5774/7607MB (lfb 20x4MB) SWAP 1371/16384MB (cached 130MB) CPU [4%@729,4%@729,21%@729,9%@729,27%@729,32%@729] GR3D_FREQ 97% cpu@60.25C soc2@59.437C soc0@60.25C gpu@61.625C tj@61.625C soc1@59.125C VDD_IN 17250mW/15907mW VDD_CPU_GPU_CV 8133mW/7313mW VDD_SOC 3962mW/3680mW
08-11-2026 21:01:07 RAM 5775/7607MB (lfb 20x4MB) SWAP 1371/16384MB (cached 130MB) CPU [2%@1344,1%@1344,5%@1344,4%@1344,0%@1344,62%@1344] GR3D_FREQ 98% cpu@60.562C soc2@59.406C soc0@60.125C gpu@61.625C tj@61.625C soc1@59.218C VDD_IN 17003mW/15929mW VDD_CPU_GPU_CV 7755mW/7322mW VDD_SOC 4008mW/3686mW
08-11-2026 21:01:08 RAM 5775/7607MB (lfb 20x4MB) SWAP 1371/16384MB (cached 130MB) CPU [1%@729,3%@729,4%@729,2%@729,0%@1344,63%@1344] GR3D_FREQ 97% cpu@60.625C soc2@59.406C soc0@60.156C gpu@61.468C tj@61.468C soc1@59.281C VDD_IN 16885mW/15948mW VDD_CPU_GPU_CV 7559mW/7327mW VDD_SOC 4086mW/3694mW
08-11-2026 21:01:09 RAM 5775/7607MB (lfb 20x4MB) SWAP 1371/16384MB (cached 130MB) CPU [2%@729,1%@729,6%@729,2%@729,0%@960,61%@960] GR3D_FREQ 99% cpu@60.875C soc2@59.531C soc0@60.218C gpu@61.031C tj@61.031C soc1@59.437C VDD_IN 16649mW/15962mW VDD_CPU_GPU_CV 7206mW/7324mW VDD_SOC 4126mW/3703mW
08-11-2026 21:01:10 RAM 5775/7607MB (lfb 20x4MB) SWAP 1371/16384MB (cached 130MB) CPU [2%@729,3%@729,1%@729,2%@729,0%@729,63%@729] GR3D_FREQ 98% cpu@60.312C soc2@59.625C soc0@60.343C gpu@61.468C tj@61.468C soc1@59.5C VDD_IN 16452mW/15972mW VDD_CPU_GPU_CV 7716mW/7332mW VDD_SOC 3851mW/3706mW
08-11-2026 21:01:11 RAM 5776/7607MB (lfb 20x4MB) SWAP 1371/16384MB (cached 130MB) CPU [4%@729,2%@729,2%@729,3%@729,0%@729,69%@729] GR3D_FREQ 99% cpu@60.437C soc2@59.562C soc0@60.375C gpu@61.687C tj@61.687C soc1@59.375C VDD_IN 17329mW/15997mW VDD_CPU_GPU_CV 8329mW/7351mW VDD_SOC 3923mW/3710mW
08-11-2026 21:01:12 RAM 5776/7607MB (lfb 20x4MB) SWAP 1371/16384MB (cached 130MB) CPU [7%@729,4%@729,17%@729,7%@729,0%@960,70%@960] GR3D_FREQ 98% cpu@60.75C soc2@59.625C soc0@60.218C gpu@61.812C tj@61.812C soc1@59.437C VDD_IN 17604mW/16027mW VDD_CPU_GPU_CV 8759mW/7377mW VDD_SOC 3883mW/3713mW
08-11-2026 21:01:13 RAM 5777/7607MB (lfb 20x4MB) SWAP 1371/16384MB (cached 130MB) CPU [2%@729,3%@729,5%@729,2%@729,0%@1344,60%@1344] GR3D_FREQ 93% cpu@60.593C soc2@59.625C soc0@60.375C gpu@61.937C tj@61.937C soc1@59.437C VDD_IN 17329mW/16051mW VDD_CPU_GPU_CV 8446mW/7396mW VDD_SOC 3883mW/3716mW
08-11-2026 21:01:14 RAM 5777/7607MB (lfb 20x4MB) SWAP 1371/16384MB (cached 130MB) CPU [5%@729,2%@729,0%@729,3%@729,0%@1344,62%@1344] GR3D_FREQ 98% cpu@60.843C soc2@59.656C soc0@60.406C gpu@62C tj@62C soc1@59.5C VDD_IN 17329mW/16073mW VDD_CPU_GPU_CV 8407mW/7414mW VDD_SOC 3883mW/3719mW
08-11-2026 21:01:15 RAM 5778/7607MB (lfb 20x4MB) SWAP 1371/16384MB (cached 130MB) CPU [5%@729,1%@729,3%@729,2%@729,0%@1113,62%@1113] GR3D_FREQ 98% cpu@60.562C soc2@59.687C soc0@60.531C gpu@62C tj@62C soc1@59.625C VDD_IN 17329mW/16095mW VDD_CPU_GPU_CV 8290mW/7430mW VDD_SOC 3923mW/3723mW
08-11-2026 21:01:16 RAM 5779/7607MB (lfb 20x4MB) SWAP 1371/16384MB (cached 130MB) CPU [7%@729,4%@729,1%@729,3%@729,1%@1344,60%@1344] GR3D_FREQ 97% cpu@60.656C soc2@59.625C soc0@60.468C gpu@62.031C tj@62.031C soc1@59.468C VDD_IN 17172mW/16114mW VDD_CPU_GPU_CV 8094mW/7441mW VDD_SOC 3968mW/3727mW
08-11-2026 21:01:17 RAM 5779/7607MB (lfb 20x4MB) SWAP 1370/16384MB (cached 130MB) CPU [2%@729,4%@729,1%@729,2%@729,0%@1344,62%@1344] GR3D_FREQ 98% cpu@60.781C soc2@59.656C soc0@60.406C gpu@61.968C tj@61.968C soc1@59.468C VDD_IN 17042mW/16130mW VDD_CPU_GPU_CV 7872mW/7448mW VDD_SOC 4008mW/3732mW
08-11-2026 21:01:18 RAM 5780/7607MB (lfb 20x4MB) SWAP 1370/16384MB (cached 130MB) CPU [9%@729,18%@729,4%@729,7%@729,0%@1344,62%@1344] GR3D_FREQ 98% cpu@60.718C soc2@59.687C soc0@60.5C gpu@61.812C tj@61.812C soc1@59.625C VDD_IN 17054mW/16145mW VDD_CPU_GPU_CV 7794mW/7454mW VDD_SOC 4086mW/3738mW
08-11-2026 21:01:19 RAM 5780/7607MB (lfb 20x4MB) SWAP 1370/16384MB (cached 130MB) CPU [4%@729,2%@729,3%@729,1%@729,0%@1344,60%@1344] GR3D_FREQ 99% cpu@61.156C soc2@59.812C soc0@60.656C gpu@61.625C tj@61.625C soc1@59.625C VDD_IN 16649mW/16153mW VDD_CPU_GPU_CV 7206mW/7450mW VDD_SOC 4126mW/3744mW
08-11-2026 21:01:20 RAM 5780/7607MB (lfb 20x4MB) SWAP 1370/16384MB (cached 130MB) CPU [5%@883,1%@883,1%@883,2%@883,0%@729,61%@729] GR3D_FREQ 99% cpu@60.531C soc2@59.781C soc0@60.593C gpu@61.812C tj@61.812C soc1@59.531C VDD_IN 16413mW/16158mW VDD_CPU_GPU_CV 7676mW/7454mW VDD_SOC 3851mW/3746mW
08-11-2026 21:01:21 RAM 5781/7607MB (lfb 20x4MB) SWAP 1370/16384MB (cached 130MB) CPU [5%@729,3%@729,1%@729,2%@729,0%@729,68%@729] GR3D_FREQ 99% cpu@60.687C soc2@59.843C soc0@60.625C gpu@61.468C tj@61.468C soc1@59.593C VDD_IN 16964mW/16170mW VDD_CPU_GPU_CV 8107mW/7464mW VDD_SOC 3890mW/3748mW
08-11-2026 21:01:22 RAM 5782/7607MB (lfb 20x4MB) SWAP 1370/16384MB (cached 130MB) CPU [3%@729,3%@729,4%@729,2%@729,0%@729,71%@729] GR3D_FREQ 97% cpu@60.875C soc2@59.937C soc0@60.656C gpu@62.062C tj@62.062C soc1@59.687C VDD_IN 17368mW/16189mW VDD_CPU_GPU_CV 8485mW/7480mW VDD_SOC 3883mW/3750mW
08-11-2026 21:01:23 RAM 5782/7607MB (lfb 20x4MB) SWAP 1370/16384MB (cached 130MB) CPU [2%@729,1%@729,4%@729,1%@729,0%@1344,63%@1344] GR3D_FREQ 98% cpu@60.656C soc2@59.906C soc0@60.625C gpu@62.312C tj@62.312C soc1@59.687C VDD_IN 17368mW/16207mW VDD_CPU_GPU_CV 8485mW/7495mW VDD_SOC 3883mW/3752mW
08-11-2026 21:01:24 RAM 5782/7607MB (lfb 20x4MB) SWAP 1370/16384MB (cached 130MB) CPU [13%@729,6%@729,6%@729,6%@729,6%@1344,63%@1344] GR3D_FREQ 98% cpu@61.125C soc2@59.968C soc0@60.625C gpu@62.375C tj@62.375C soc1@59.875C VDD_IN 17565mW/16228mW VDD_CPU_GPU_CV 8563mW/7512mW VDD_SOC 3923mW/3755mW
08-11-2026 21:01:25 RAM 5782/7607MB (lfb 20x4MB) SWAP 1370/16384MB (cached 130MB) CPU [9%@729,1%@729,2%@729,2%@729,0%@806,61%@806] GR3D_FREQ 97% cpu@60.718C soc2@59.906C soc0@60.781C gpu@62.437C tj@62.437C soc1@59.656C VDD_IN 17368mW/16245mW VDD_CPU_GPU_CV 8329mW/7524mW VDD_SOC 3923mW/3757mW
08-11-2026 21:01:26 RAM 5783/7607MB (lfb 20x4MB) SWAP 1370/16384MB (cached 130MB) CPU [4%@729,1%@729,0%@729,2%@729,0%@1344,60%@1344] GR3D_FREQ 98% cpu@60.843C soc2@59.906C soc0@60.656C gpu@62.406C tj@62.406C soc1@59.718C VDD_IN 17133mW/16258mW VDD_CPU_GPU_CV 8094mW/7532mW VDD_SOC 3968mW/3760mW
08-11-2026 21:01:27 RAM 5784/7607MB (lfb 20x4MB) SWAP 1370/16384MB (cached 130MB) CPU [3%@729,1%@729,2%@729,4%@729,0%@1344,63%@1344] GR3D_FREQ 97% cpu@61.062C soc2@60C soc0@60.656C gpu@62.437C tj@62.437C soc1@59.812C VDD_IN 17054mW/16269mW VDD_CPU_GPU_CV 7859mW/7537mW VDD_SOC 4008mW/3764mW
08-11-2026 21:01:28 RAM 5784/7607MB (lfb 20x4MB) SWAP 1370/16384MB (cached 130MB) CPU [0%@729,3%@729,2%@729,4%@729,0%@729,63%@729] GR3D_FREQ 98% cpu@60.843C soc2@59.906C soc0@60.781C gpu@62.062C tj@62.187C soc1@59.843C VDD_IN 17003mW/16280mW VDD_CPU_GPU_CV 7676mW/7539mW VDD_SOC 4047mW/3768mW
08-11-2026 21:01:29 RAM 5785/7607MB (lfb 20x4MB) SWAP 1370/16384MB (cached 130MB) CPU [3%@729,5%@729,2%@729,4%@729,0%@1344,59%@1344] GR3D_FREQ 99% cpu@61.093C soc2@60.062C soc0@60.781C gpu@61.906C tj@61.906C soc1@59.906C VDD_IN 16649mW/16285mW VDD_CPU_GPU_CV 7167mW/7534mW VDD_SOC 4126mW/3773mW
08-11-2026 21:01:30 RAM 5785/7607MB (lfb 20x4MB) SWAP 1370/16384MB (cached 130MB) CPU [9%@729,6%@729,14%@729,7%@729,0%@729,61%@729] GR3D_FREQ 99% cpu@60.718C soc2@60C soc0@60.937C gpu@62.125C tj@62.125C soc1@59.812C VDD_IN 16649mW/16290mW VDD_CPU_GPU_CV 7833mW/7538mW VDD_SOC 3851mW/3774mW
08-11-2026 21:01:31 RAM 5785/7607MB (lfb 20x4MB) SWAP 1370/16384MB (cached 130MB) CPU [3%@729,2%@729,4%@729,1%@729,0%@729,69%@729] GR3D_FREQ 99% cpu@60.875C soc2@60.125C soc0@60.687C gpu@61.875C tj@61.875C soc1@59.843C VDD_IN 16924mW/16299mW VDD_CPU_GPU_CV 8055mW/7545mW VDD_SOC 3890mW/3776mW
08-11-2026 21:01:32 RAM 5786/7607MB (lfb 20x4MB) SWAP 1370/16384MB (cached 130MB) CPU [1%@729,2%@729,3%@729,5%@729,0%@1344,70%@1344] GR3D_FREQ 97% cpu@61.125C soc2@60.093C soc0@60.718C gpu@62.343C tj@62.343C soc1@59.906C VDD_IN 17368mW/16313mW VDD_CPU_GPU_CV 8485mW/7558mW VDD_SOC 3883mW/3777mW
08-11-2026 21:01:33 RAM 5786/7607MB (lfb 20x4MB) SWAP 1370/16384MB (cached 130MB) CPU [3%@729,0%@729,3%@729,4%@729,0%@1344,64%@1344] GR3D_FREQ 97% cpu@60.968C soc2@60.187C soc0@60.875C gpu@62.406C tj@62.406C soc1@60.031C VDD_IN 17408mW/16328mW VDD_CPU_GPU_CV 8485mW/7570mW VDD_SOC 3883mW/3779mW
08-11-2026 21:01:34 RAM 5786/7607MB (lfb 20x4MB) SWAP 1370/16384MB (cached 130MB) CPU [3%@729,2%@729,2%@729,4%@729,0%@1344,64%@1344] GR3D_FREQ 98% cpu@61.093C soc2@60.25C soc0@60.968C gpu@62.312C tj@62.312C soc1@60.031C VDD_IN 17408mW/16342mW VDD_CPU_GPU_CV 8446mW/7582mW VDD_SOC 3923mW/3780mW
08-11-2026 21:01:35 RAM 5787/7607MB (lfb 20x4MB) SWAP 1370/16384MB (cached 130MB) CPU [2%@729,1%@729,3%@729,8%@729,0%@1344,60%@1344] GR3D_FREQ 98% cpu@61.125C soc2@60.125C soc0@60.968C gpu@62.187C tj@62.187C soc1@59.875C VDD_IN 17290mW/16354mW VDD_CPU_GPU_CV 8290mW/7591mW VDD_SOC 3923mW/3782mW
08-11-2026 21:01:36 RAM 5788/7607MB (lfb 20x4MB) SWAP 1370/16384MB (cached 130MB) CPU [11%@729,2%@729,7%@729,17%@729,0%@1344,62%@1344] GR3D_FREQ 98% cpu@61.156C soc2@60.156C soc0@60.812C gpu@62.343C tj@62.343C soc1@59.937C VDD_IN 17408mW/16368mW VDD_CPU_GPU_CV 8290mW/7600mW VDD_SOC 3962mW/3785mW
08-11-2026 21:01:37 RAM 5789/7607MB (lfb 20x4MB) SWAP 1370/16384MB (cached 130MB) CPU [3%@729,2%@729,4%@729,2%@729,0%@1344,63%@1344] GR3D_FREQ 97% cpu@61.343C soc2@60.156C soc0@60.843C gpu@62.343C tj@62.343C soc1@60C VDD_IN 17133mW/16378mW VDD_CPU_GPU_CV 7977mW/7604mW VDD_SOC 4008mW/3787mW
08-11-2026 21:01:38 RAM 5789/7607MB (lfb 20x4MB) SWAP 1370/16384MB (cached 130MB) CPU [4%@729,1%@729,2%@729,3%@729,1%@729,61%@729] GR3D_FREQ 98% cpu@60.937C soc2@60.281C soc0@61C gpu@62.312C tj@62.312C soc1@60.093C VDD_IN 16964mW/16385mW VDD_CPU_GPU_CV 7676mW/7605mW VDD_SOC 4047mW/3791mW
08-11-2026 21:01:39 RAM 5790/7607MB (lfb 20x4MB) SWAP 1370/16384MB (cached 130MB) CPU [3%@729,4%@729,4%@729,2%@729,0%@1344,62%@1344] GR3D_FREQ 98% cpu@61.312C soc2@60.25C soc0@61.031C gpu@62.375C tj@62.375C soc1@59.937C VDD_IN 16767mW/16390mW VDD_CPU_GPU_CV 7285mW/7601mW VDD_SOC 4126mW/3795mW
08-11-2026 21:01:40 RAM 5790/7607MB (lfb 20x4MB) SWAP 1370/16384MB (cached 130MB) CPU [2%@729,2%@729,5%@729,1%@729,0%@729,59%@729] GR3D_FREQ 99% cpu@61.156C soc2@60.156C soc0@61C gpu@62.406C tj@62.406C soc1@60C VDD_IN 16452mW/16390mW VDD_CPU_GPU_CV 7598mW/7601mW VDD_SOC 3890mW/3796mW
08-11-2026 21:01:41 RAM 5790/7607MB (lfb 20x4MB) SWAP 1370/16384MB (cached 130MB) CPU [3%@729,2%@729,4%@729,1%@729,0%@729,69%@729] GR3D_FREQ 99% cpu@61.25C soc2@60.281C soc0@60.968C gpu@62.437C tj@62.437C soc1@60.093C VDD_IN 16924mW/16397mW VDD_CPU_GPU_CV 8068mW/7607mW VDD_SOC 3890mW/3797mW
08-11-2026 21:01:42 RAM 5791/7607MB (lfb 20x4MB) SWAP 1370/16384MB (cached 130MB) CPU [7%@729,19%@729,7%@729,4%@729,0%@729,71%@729] GR3D_FREQ 98% cpu@61.343C soc2@60.406C soc0@61.062C gpu@62.843C tj@62.843C soc1@60.218C VDD_IN 17604mW/16411mW VDD_CPU_GPU_CV 8720mW/7620mW VDD_SOC 3923mW/3799mW
08-11-2026 21:01:43 RAM 5791/7607MB (lfb 20x4MB) SWAP 1370/16384MB (cached 130MB) CPU [2%@729,1%@729,3%@729,5%@729,0%@1344,64%@1344] GR3D_FREQ 98% cpu@61.187C soc2@60.312C soc0@61.062C gpu@62.843C tj@62.843C soc1@60.312C VDD_IN 17447mW/16423mW VDD_CPU_GPU_CV 8563mW/7631mW VDD_SOC 3883mW/3800mW
08-11-2026 21:01:44 RAM 5791/7607MB (lfb 20x4MB) SWAP 1370/16384MB (cached 130MB) CPU [4%@729,1%@729,2%@729,6%@729,0%@1344,63%@1344] GR3D_FREQ 98% cpu@61.218C soc2@60.437C soc0@61.281C gpu@62.562C tj@62.562C soc1@60.093C VDD_IN 17447mW/16435mW VDD_CPU_GPU_CV 8485mW/7641mW VDD_SOC 3923mW/3801mW
08-11-2026 21:01:45 RAM 5791/7607MB (lfb 20x4MB) SWAP 1370/16384MB (cached 130MB) CPU [4%@729,4%@729,2%@729,2%@729,0%@1344,59%@1344] GR3D_FREQ 97% cpu@61.343C soc2@60.375C soc0@61.156C gpu@62.406C tj@62.406C soc1@60.156C VDD_IN 17250mW/16445mW VDD_CPU_GPU_CV 8290mW/7649mW VDD_SOC 3923mW/3802mW
08-11-2026 21:01:46 RAM 5792/7607MB (lfb 20x4MB) SWAP 1370/16384MB (cached 130MB) CPU [3%@729,4%@729,3%@729,1%@729,1%@1344,61%@1344] GR3D_FREQ 98% cpu@61.562C soc2@60.343C soc0@61.156C gpu@62.625C tj@62.625C soc1@60.187C VDD_IN 17211mW/16453mW VDD_CPU_GPU_CV 8133mW/7654mW VDD_SOC 3962mW/3804mW
08-11-2026 21:01:47 RAM 5793/7607MB (lfb 20x4MB) SWAP 1370/16384MB (cached 130MB) CPU [2%@729,4%@729,2%@729,3%@729,0%@1344,63%@1344] GR3D_FREQ 97% cpu@61.281C soc2@60.375C soc0@61.187C gpu@62.531C tj@62.531C soc1@60.25C VDD_IN 17133mW/16461mW VDD_CPU_GPU_CV 7938mW/7657mW VDD_SOC 4008mW/3807mW
08-11-2026 21:01:48 RAM 5794/7607MB (lfb 20x4MB) SWAP 1370/16384MB (cached 130MB) CPU [10%@729,6%@729,19%@729,4%@729,1%@729,61%@729] GR3D_FREQ 97% cpu@61.125C soc2@60.468C soc0@61.25C gpu@62.531C tj@62.531C soc1@60.281C VDD_IN 17093mW/16468mW VDD_CPU_GPU_CV 7820mW/7659mW VDD_SOC 4047mW/3809mW
08-11-2026 21:01:49 RAM 5795/7607MB (lfb 20x4MB) SWAP 1370/16384MB (cached 130MB) CPU [2%@729,6%@729,2%@729,0%@729,0%@1344,64%@1344] GR3D_FREQ 98% cpu@61.406C soc2@60.375C soc0@61.281C gpu@62.718C tj@62.718C soc1@60.156C VDD_IN 16885mW/16473mW VDD_CPU_GPU_CV 7363mW/7656mW VDD_SOC 4126mW/3813mW
08-11-2026 21:01:50 RAM 5795/7607MB (lfb 20x4MB) SWAP 1370/16384MB (cached 130MB) CPU [2%@729,3%@729,1%@729,3%@729,0%@729,59%@729] GR3D_FREQ 98% cpu@61.343C soc2@60.437C soc0@61.156C gpu@62.5C tj@62.5C soc1@60.218C VDD_IN 16491mW/16473mW VDD_CPU_GPU_CV 7598mW/7655mW VDD_SOC 3929mW/3814mW
08-11-2026 21:01:51 RAM 5795/7607MB (lfb 20x4MB) SWAP 1370/16384MB (cached 130MB) CPU [3%@729,1%@729,2%@729,6%@729,0%@729,68%@729] GR3D_FREQ 99% cpu@61.5C soc2@60.437C soc0@61.156C gpu@62.781C tj@62.781C soc1@60.25C VDD_IN 16885mW/16477mW VDD_CPU_GPU_CV 7990mW/7659mW VDD_SOC 3890mW/3815mW
08-11-2026 21:01:52 RAM 5796/7607MB (lfb 20x4MB) SWAP 1370/16384MB (cached 130MB) CPU [2%@729,3%@729,2%@729,3%@729,0%@729,70%@729] GR3D_FREQ 99% cpu@61.562C soc2@60.5C soc0@61.187C gpu@63.218C tj@63.218C soc1@60.343C VDD_IN 17565mW/16489mW VDD_CPU_GPU_CV 8641mW/7669mW VDD_SOC 3923mW/3816mW
08-11-2026 21:01:53 RAM 5796/7607MB (lfb 20x4MB) SWAP 1370/16384MB (cached 130MB) CPU [3%@729,2%@729,1%@729,6%@729,0%@1344,65%@1344] GR3D_FREQ 98% cpu@61.25C soc2@60.625C soc0@61.218C gpu@62.687C tj@62.687C soc1@60.406C VDD_IN 17447mW/16499mW VDD_CPU_GPU_CV 8563mW/7679mW VDD_SOC 3883mW/3817mW
08-11-2026 21:01:54 RAM 5796/7607MB (lfb 20x4MB) SWAP 1370/16384MB (cached 130MB) CPU [3%@729,8%@729,16%@729,8%@729,0%@1344,63%@1344] GR3D_FREQ 98% cpu@61.375C soc2@60.5C soc0@61.312C gpu@62.718C tj@62.718C soc1@60.218C VDD_IN 17604mW/16510mW VDD_CPU_GPU_CV 8641mW/7689mW VDD_SOC 3923mW/3818mW
08-11-2026 21:01:55 RAM 5797/7607MB (lfb 20x4MB) SWAP 1370/16384MB (cached 130MB) CPU [2%@729,0%@729,4%@729,8%@729,1%@1344,60%@1344] GR3D_FREQ 97% cpu@61.406C soc2@60.5C soc0@61.156C gpu@62.75C tj@62.75C soc1@60.281C VDD_IN 17368mW/16519mW VDD_CPU_GPU_CV 8329mW/7695mW VDD_SOC 3923mW/3819mW
08-11-2026 21:01:56 RAM 5798/7607MB (lfb 20x4MB) SWAP 1370/16384MB (cached 130MB) CPU [3%@729,4%@729,1%@729,1%@729,0%@1344,62%@1344] GR3D_FREQ 98% cpu@61.687C soc2@60.437C soc0@61.156C gpu@62.812C tj@62.812C soc1@60.375C VDD_IN 17250mW/16527mW VDD_CPU_GPU_CV 8172mW/7700mW VDD_SOC 3962mW/3820mW
08-11-2026 21:01:57 RAM 5799/7607MB (lfb 20x4MB) SWAP 1370/16384MB (cached 130MB) CPU [2%@729,3%@729,1%@729,4%@729,0%@1344,63%@1344] GR3D_FREQ 98% cpu@61.406C soc2@60.562C soc0@61.343C gpu@62.875C tj@62.875C soc1@60.406C VDD_IN 17172mW/16533mW VDD_CPU_GPU_CV 7977mW/7703mW VDD_SOC 4001mW/3822mW
08-11-2026 21:01:58 RAM 5798/7607MB (lfb 20x4MB) SWAP 1370/16384MB (cached 130MB) CPU [2%@729,4%@729,2%@729,2%@729,0%@729,59%@729] GR3D_FREQ 97% cpu@61.343C soc2@60.562C soc0@61.343C gpu@62.75C tj@62.75C soc1@60.218C VDD_IN 16964mW/16538mW VDD_CPU_GPU_CV 7586mW/7702mW VDD_SOC 4047mW/3824mW
08-11-2026 21:01:59 RAM 5799/7607MB (lfb 20x4MB) SWAP 1370/16384MB (cached 130MB) CPU [2%@729,6%@729,3%@729,2%@729,0%@1344,64%@1344] GR3D_FREQ 98% cpu@61.625C soc2@60.531C soc0@61.218C gpu@62.5C tj@62.5C soc1@60.312C VDD_IN 16806mW/16540mW VDD_CPU_GPU_CV 7363mW/7699mW VDD_SOC 4126mW/3827mW
08-11-2026 21:02:00 RAM 5800/7607MB (lfb 20x4MB) SWAP 1370/16384MB (cached 130MB) CPU [4%@729,6%@729,18%@729,9%@729,0%@729,59%@729] GR3D_FREQ 96% cpu@61.531C soc2@60.625C soc0@61.218C gpu@62.187C tj@62.187C soc1@60.375C VDD_IN 16728mW/16542mW VDD_CPU_GPU_CV 7676mW/7698mW VDD_SOC 3968mW/3829mW
08-11-2026 21:02:01 RAM 5800/7607MB (lfb 20x4MB) SWAP 1370/16384MB (cached 130MB) CPU [3%@729,3%@729,2%@729,1%@729,0%@729,68%@729] GR3D_FREQ 99% cpu@61.656C soc2@60.531C soc0@61.312C gpu@62.375C tj@62.375C soc1@60.375C VDD_IN 16846mW/16545mW VDD_CPU_GPU_CV 7951mW/7701mW VDD_SOC 3890mW/3829mW
08-11-2026 21:02:02 RAM 5801/7607MB (lfb 20x4MB) SWAP 1370/16384MB (cached 130MB) CPU [2%@729,2%@729,4%@729,1%@729,0%@729,69%@729] GR3D_FREQ 99% cpu@61.375C soc2@60.593C soc0@61.406C gpu@62.937C tj@62.937C soc1@60.531C VDD_IN 17683mW/16556mW VDD_CPU_GPU_CV 8720mW/7711mW VDD_SOC 3923mW/3830mW
08-11-2026 21:02:03 RAM 5801/7607MB (lfb 20x4MB) SWAP 1370/16384MB (cached 130MB) CPU [1%@729,1%@729,1%@729,1%@729,66%@1344,3%@1344] GR3D_FREQ 98% cpu@61.375C soc2@60.531C soc0@61.406C gpu@62.968C tj@62.968C soc1@60.375C VDD_IN 17486mW/16565mW VDD_CPU_GPU_CV 8563mW/7719mW VDD_SOC 3883mW/3831mW
08-11-2026 21:02:04 RAM 5801/7607MB (lfb 20x4MB) SWAP 1370/16384MB (cached 130MB) CPU [3%@729,1%@729,4%@729,1%@729,61%@1344,2%@1344] GR3D_FREQ 98% cpu@61.593C soc2@60.625C soc0@61.375C gpu@62.968C tj@62.968C soc1@60.375C VDD_IN 17447mW/16573mW VDD_CPU_GPU_CV 8485mW/7726mW VDD_SOC 3883mW/3831mW
08-11-2026 21:02:05 RAM 5801/7607MB (lfb 20x4MB) SWAP 1370/16384MB (cached 130MB) CPU [1%@729,3%@729,0%@729,2%@729,61%@1344,6%@1344] GR3D_FREQ 92% cpu@61.343C soc2@60.531C soc0@61.25C gpu@63.031C tj@63.031C soc1@60.437C VDD_IN 17329mW/16580mW VDD_CPU_GPU_CV 8290mW/7731mW VDD_SOC 3923mW/3832mW
08-11-2026 21:02:06 RAM 5803/7607MB (lfb 20x4MB) SWAP 1370/16384MB (cached 130MB) CPU [6%@1344,2%@1344,8%@1344,42%@1344,26%@729,15%@729] GR3D_FREQ 98% cpu@61.968C soc2@60.625C soc0@61.406C gpu@63.031C tj@63.031C soc1@60.468C VDD_IN 17447mW/16588mW VDD_CPU_GPU_CV 8329mW/7737mW VDD_SOC 3962mW/3833mW
08-11-2026 21:02:07 RAM 5803/7607MB (lfb 20x4MB) SWAP 1370/16384MB (cached 130MB) CPU [3%@1344,3%@1344,4%@1344,63%@1344,0%@729,0%@729] GR3D_FREQ 98% cpu@61.562C soc2@60.656C soc0@61.5C gpu@63.093C tj@63.093C soc1@60.468C VDD_IN 17211mW/16594mW VDD_CPU_GPU_CV 8055mW/7740mW VDD_SOC 4001mW/3835mW
08-11-2026 21:02:08 RAM 5803/7607MB (lfb 20x4MB) SWAP 1370/16384MB (cached 130MB) CPU [2%@1344,2%@1344,3%@1344,61%@1344,0%@729,0%@729] GR3D_FREQ 97% cpu@61.468C soc2@60.625C soc0@61.5C gpu@62.968C tj@62.968C soc1@60.375C VDD_IN 17042mW/16598mW VDD_CPU_GPU_CV 7703mW/7739mW VDD_SOC 4047mW/3837mW
08-11-2026 21:02:09 RAM 5802/7607MB (lfb 20x4MB) SWAP 1370/16384MB (cached 130MB) CPU [2%@1344,4%@1344,1%@1344,63%@1344,0%@729,0%@729] GR3D_FREQ 98% cpu@61.531C soc2@60.656C soc0@61.375C gpu@62.875C tj@62.875C soc1@60.468C VDD_IN 16846mW/16600mW VDD_CPU_GPU_CV 7402mW/7736mW VDD_SOC 4126mW/3839mW
08-11-2026 21:02:10 RAM 5803/7607MB (lfb 20x4MB) SWAP 1370/16384MB (cached 130MB) CPU [4%@729,2%@729,4%@729,59%@729,0%@729,0%@729] GR3D_FREQ 97% cpu@61.625C soc2@60.718C soc0@61.437C gpu@62.281C tj@62.281C soc1@60.468C VDD_IN 16570mW/16600mW VDD_CPU_GPU_CV 7481mW/7734mW VDD_SOC 3968mW/3841mW
08-11-2026 21:02:11 RAM 5803/7607MB (lfb 20x4MB) SWAP 1370/16384MB (cached 130MB) CPU [4%@729,2%@729,3%@729,67%@729,0%@729,1%@729] GR3D_FREQ 99% cpu@61.812C soc2@60.718C soc0@61.406C gpu@62.468C tj@62.468C soc1@60.5C VDD_IN 16767mW/16601mW VDD_CPU_GPU_CV 7911mW/7736mW VDD_SOC 3890mW/3841mW
08-11-2026 21:02:12 RAM 5802/7607MB (lfb 20x4MB) SWAP 1370/16384MB (cached 130MB) CPU [6%@729,9%@729,5%@729,71%@729,12%@729,2%@729] GR3D_FREQ 99% cpu@61.375C soc2@60.718C soc0@61.468C gpu@63.093C tj@63.093C soc1@60.468C VDD_IN 17840mW/16612mW VDD_CPU_GPU_CV 8823mW/7745mW VDD_SOC 3962mW/3842mW
08-11-2026 21:02:13 RAM 5803/7607MB (lfb 20x4MB) SWAP 1370/16384MB (cached 130MB) CPU [2%@1344,2%@1344,2%@1344,67%@1344,0%@729,2%@729] GR3D_FREQ 98% cpu@61.812C soc2@60.718C soc0@61.562C gpu@63.031C tj@63.031C soc1@60.375C VDD_IN 17565mW/16621mW VDD_CPU_GPU_CV 8602mW/7753mW VDD_SOC 3883mW/3842mW
08-11-2026 21:02:14 RAM 5803/7607MB (lfb 20x4MB) SWAP 1370/16384MB (cached 130MB) CPU [3%@883,2%@883,1%@883,61%@883,2%@729,2%@729] GR3D_FREQ 98% cpu@61.75C soc2@60.656C soc0@61.406C gpu@63C tj@63C soc1@60.531C VDD_IN 17486mW/16628mW VDD_CPU_GPU_CV 8524mW/7759mW VDD_SOC 3883mW/3843mW
08-11-2026 21:02:15 RAM 5803/7607MB (lfb 20x4MB) SWAP 1370/16384MB (cached 130MB) CPU [11%@729,3%@729,1%@729,13%@729,17%@1344,28%@1344] GR3D_FREQ 92% cpu@61.562C soc2@60.687C soc0@61.5C gpu@63.343C tj@63.343C soc1@60.468C VDD_IN 17408mW/16635mW VDD_CPU_GPU_CV 8329mW/7764mW VDD_SOC 3923mW/3843mW
08-11-2026 21:02:16 RAM 5804/7607MB (lfb 20x4MB) SWAP 1370/16384MB (cached 130MB) CPU [3%@729,2%@729,2%@729,0%@729,3%@1344,64%@1344] GR3D_FREQ 98% cpu@61.781C soc2@60.75C soc0@61.5C gpu@63.343C tj@63.343C soc1@60.562C VDD_IN 17368mW/16641mW VDD_CPU_GPU_CV 8250mW/7768mW VDD_SOC 3962mW/3844mW
08-11-2026 21:02:17 RAM 5805/7607MB (lfb 20x4MB) SWAP 1370/16384MB (cached 130MB) CPU [2%@729,5%@729,1%@729,3%@729,2%@883,62%@883] GR3D_FREQ 98% cpu@61.531C soc2@60.75C soc0@61.562C gpu@63.312C tj@63.312C soc1@60.437C VDD_IN 17329mW/16647mW VDD_CPU_GPU_CV 8133mW/7771mW VDD_SOC 4001mW/3846mW
08-11-2026 21:02:18 RAM 5806/7607MB (lfb 20x4MB) SWAP 1370/16384MB (cached 130MB) CPU [4%@729,12%@729,18%@729,5%@729,0%@1344,62%@1344] GR3D_FREQ 92% cpu@61.625C soc2@60.75C soc0@61.468C gpu@62.781C tj@62.781C soc1@60.437C VDD_IN 17133mW/16651mW VDD_CPU_GPU_CV 7859mW/7772mW VDD_SOC 4040mW/3847mW
08-11-2026 21:02:19 RAM 5806/7607MB (lfb 20x4MB) SWAP 1370/16384MB (cached 130MB) CPU [5%@729,1%@729,3%@729,1%@729,0%@1344,63%@1344] GR3D_FREQ 98% cpu@61.812C soc2@60.625C soc0@61.437C gpu@62.843C tj@62.843C soc1@60.5C VDD_IN 16936mW/16653mW VDD_CPU_GPU_CV 7520mW/7770mW VDD_SOC 4086mW/3849mW
08-11-2026 21:02:20 RAM 5807/7607MB (lfb 20x4MB) SWAP 1370/16384MB (cached 130MB) CPU [6%@729,2%@729,1%@729,2%@729,0%@729,58%@729] GR3D_FREQ 99% cpu@61.687C soc2@60.812C soc0@61.531C gpu@62.218C tj@62.218C soc1@60.593C VDD_IN 16688mW/16653mW VDD_CPU_GPU_CV 7324mW/7766mW VDD_SOC 4086mW/3851mW
08-11-2026 21:02:21 RAM 5807/7607MB (lfb 20x4MB) SWAP 1370/16384MB (cached 130MB) CPU [5%@729,1%@729,1%@729,1%@729,1%@729,65%@729] GR3D_FREQ 46% cpu@61.687C soc2@60.687C soc0@61.5C gpu@62.718C tj@62.718C soc1@60.656C VDD_IN 16609mW/16653mW VDD_CPU_GPU_CV 7755mW/7766mW VDD_SOC 3890mW/3852mW
08-11-2026 21:02:22 RAM 5807/7607MB (lfb 20x4MB) SWAP 1370/16384MB (cached 130MB) CPU [3%@729,3%@729,1%@729,2%@729,2%@883,70%@883] GR3D_FREQ 99% cpu@61.562C soc2@60.781C soc0@61.625C gpu@63.187C tj@63.187C soc1@60.468C VDD_IN 17683mW/16661mW VDD_CPU_GPU_CV 8549mW/7772mW VDD_SOC 4001mW/3853mW
08-11-2026 21:02:23 RAM 5808/7607MB (lfb 20x4MB) SWAP 1370/16384MB (cached 130MB) CPU [1%@729,2%@729,2%@729,3%@729,1%@1344,70%@1344] GR3D_FREQ 98% cpu@61.625C soc2@60.812C soc0@61.437C gpu@63.125C tj@63.125C soc1@60.562C VDD_IN 17565mW/16669mW VDD_CPU_GPU_CV 8641mW/7779mW VDD_SOC 3883mW/3853mW
08-11-2026 21:02:24 RAM 5810/7607MB (lfb 20x4MB) SWAP 1370/16384MB (cached 130MB) CPU [14%@1344,34%@1344,74%@1344,22%@1344,46%@729,24%@729] GR3D_FREQ 97% cpu@62.031C soc2@60.906C soc0@61.5C gpu@63.156C tj@63.156C soc1@60.562C VDD_IN 18115mW/16680mW VDD_CPU_GPU_CV 8979mW/7789mW VDD_SOC 3923mW/3854mW
08-11-2026 21:02:25 RAM 5811/7607MB (lfb 20x4MB) SWAP 1370/16384MB (cached 130MB) CPU [11%@1344,72%@1344,19%@1344,4%@1344,63%@1344,4%@1344] GR3D_FREQ 98% cpu@61.968C soc2@60.875C soc0@61.625C gpu@63.312C tj@63.312C soc1@60.656C VDD_IN 18036mW/16691mW VDD_CPU_GPU_CV 8940mW/7798mW VDD_SOC 3962mW/3854mW
08-11-2026 21:02:26 RAM 5812/7607MB (lfb 20x4MB) SWAP 1370/16384MB (cached 130MB) CPU [5%@729,21%@729,50%@729,4%@729,63%@1344,1%@1344] GR3D_FREQ 98% cpu@61.937C soc2@60.906C soc0@61.625C gpu@63.281C tj@63.281C soc1@60.781C VDD_IN 17643mW/16698mW VDD_CPU_GPU_CV 8524mW/7804mW VDD_SOC 3962mW/3855mW
08-11-2026 21:02:27 RAM 5813/7607MB (lfb 20x4MB) SWAP 1370/16384MB (cached 130MB) CPU [2%@729,4%@729,2%@729,3%@729,61%@883,0%@883] GR3D_FREQ 98% cpu@61.5C soc2@60.906C soc0@61.625C gpu@62.968C tj@62.968C soc1@60.593C VDD_IN 17250mW/16702mW VDD_CPU_GPU_CV 8094mW/7806mW VDD_SOC 3962mW/3856mW
08-11-2026 21:02:28 RAM 5813/7607MB (lfb 20x4MB) SWAP 1370/16384MB (cached 130MB) CPU [1%@729,5%@729,2%@729,2%@729,61%@1344,1%@1344] GR3D_FREQ 95% cpu@61.625C soc2@60.687C soc0@61.718C gpu@62.968C tj@62.968C soc1@60.593C VDD_IN 17042mW/16705mW VDD_CPU_GPU_CV 7742mW/7805mW VDD_SOC 4040mW/3858mW
08-11-2026 21:02:29 RAM 5815/7607MB (lfb 20x4MB) SWAP 1370/16384MB (cached 130MB) CPU [10%@1344,5%@1344,4%@1344,24%@1344,61%@1344,1%@1344] GR3D_FREQ 98% cpu@62C soc2@60.875C soc0@61.625C gpu@63C tj@63C soc1@60.687C VDD_IN 17133mW/16708mW VDD_CPU_GPU_CV 7703mW/7805mW VDD_SOC 4119mW/3860mW
08-11-2026 21:02:30 RAM 5815/7607MB (lfb 20x4MB) SWAP 1370/16384MB (cached 130MB) CPU [27%@729,7%@729,17%@729,51%@729,59%@729,1%@729] GR3D_FREQ 99% cpu@62.25C soc2@60.937C soc0@61.625C gpu@62.5C tj@62.5C soc1@60.718C VDD_IN 16885mW/16710mW VDD_CPU_GPU_CV 7716mW/7804mW VDD_SOC 4008mW/3861mW
08-11-2026 21:02:31 RAM 5814/7607MB (lfb 20x4MB) SWAP 1370/16384MB (cached 130MB) CPU [5%@729,8%@729,17%@729,4%@729,74%@729,1%@729] GR3D_FREQ 99% cpu@61.875C soc2@60.968C soc0@61.625C gpu@62.593C tj@62.593C soc1@60.843C VDD_IN 16964mW/16712mW VDD_CPU_GPU_CV 8055mW/7806mW VDD_SOC 3851mW/3861mW
08-11-2026 21:02:32 RAM 5813/7607MB (lfb 20x4MB) SWAP 1370/16384MB (cached 130MB) CPU [6%@729,1%@729,4%@729,1%@729,0%@729,69%@729] GR3D_FREQ 99% cpu@61.781C soc2@60.968C soc0@61.718C gpu@63.218C tj@63.437C soc1@60.656C VDD_IN 17840mW/16720mW VDD_CPU_GPU_CV 8705mW/7813mW VDD_SOC 4040mW/3862mW
08-11-2026 21:02:33 RAM 5817/7607MB (lfb 20x4MB) SWAP 1369/16384MB (cached 130MB) CPU [10%@729,9%@729,5%@729,10%@729,1%@1344,68%@1344] GR3D_FREQ 98% cpu@61.812C soc2@60.875C soc0@61.687C gpu@63.406C tj@63.406C soc1@60.718C VDD_IN 17643mW/16727mW VDD_CPU_GPU_CV 8720mW/7819mW VDD_SOC 3883mW/3862mW
08-11-2026 21:02:34 RAM 5818/7607MB (lfb 20x4MB) SWAP 1369/16384MB (cached 130MB) CPU [9%@729,8%@729,5%@729,5%@729,2%@806,59%@806] GR3D_FREQ 97% cpu@61.875C soc2@60.937C soc0@61.656C gpu@63.375C tj@63.375C soc1@60.656C VDD_IN 17486mW/16732mW VDD_CPU_GPU_CV 8563mW/7825mW VDD_SOC 3923mW/3863mW
08-11-2026 21:02:35 RAM 5822/7607MB (lfb 20x4MB) SWAP 1369/16384MB (cached 130MB) CPU [5%@1344,34%@1344,6%@1344,3%@1344,48%@1344,13%@1344] GR3D_FREQ 92% cpu@62.062C soc2@60.968C soc0@61.625C gpu@63.531C tj@63.531C soc1@60.781C VDD_IN 17722mW/16740mW VDD_CPU_GPU_CV 8641mW/7831mW VDD_SOC 3923mW/3863mW
08-11-2026 21:02:36 RAM 5825/7607MB (lfb 20x4MB) SWAP 1369/16384MB (cached 130MB) CPU [33%@729,34%@729,10%@729,11%@729,26%@1344,44%@1344] GR3D_FREQ 98% cpu@62.031C soc2@61.093C soc0@61.625C gpu@63.593C tj@63.593C soc1@60.843C VDD_IN 17526mW/16745mW VDD_CPU_GPU_CV 8446mW/7835mW VDD_SOC 3962mW/3864mW
08-11-2026 21:02:37 RAM 5825/7607MB (lfb 20x4MB) SWAP 1369/16384MB (cached 130MB) CPU [1%@729,0%@729,3%@729,1%@729,2%@1113,62%@1113] GR3D_FREQ 98% cpu@61.781C soc2@61.031C soc0@61.75C gpu@63.5C tj@63.5C soc1@60.656C VDD_IN 17250mW/16749mW VDD_CPU_GPU_CV 8094mW/7837mW VDD_SOC 4001mW/3865mW
08-11-2026 21:02:38 RAM 5826/7607MB (lfb 20x4MB) SWAP 1369/16384MB (cached 130MB) CPU [5%@729,1%@729,3%@729,2%@729,1%@1344,60%@1344] GR3D_FREQ 93% cpu@61.781C soc2@60.906C soc0@61.843C gpu@63.125C tj@63.125C soc1@60.718C VDD_IN 17015mW/16751mW VDD_CPU_GPU_CV 7742mW/7836mW VDD_SOC 4047mW/3866mW
08-11-2026 21:02:39 RAM 5826/7607MB (lfb 20x4MB) SWAP 1369/16384MB (cached 130MB) CPU [4%@729,4%@729,3%@729,1%@729,0%@1344,62%@1344] GR3D_FREQ 98% cpu@62C soc2@60.906C soc0@61.656C gpu@63.062C tj@63.062C soc1@60.781C VDD_IN 16964mW/16752mW VDD_CPU_GPU_CV 7481mW/7834mW VDD_SOC 4126mW/3868mW
08-11-2026 21:02:40 RAM 5827/7607MB (lfb 20x4MB) SWAP 1369/16384MB (cached 130MB) CPU [1%@1344,4%@1344,3%@1344,1%@1344,0%@729,59%@729] GR3D_FREQ 99% cpu@62.312C soc2@61C soc0@61.718C gpu@62.656C tj@62.656C soc1@60.843C VDD_IN 16649mW/16752mW VDD_CPU_GPU_CV 7441mW/7831mW VDD_SOC 4008mW/3869mW
08-11-2026 21:02:41 RAM 5827/7607MB (lfb 20x4MB) SWAP 1369/16384MB (cached 130MB) CPU [49%@1344,5%@1344,2%@1344,5%@1344,1%@729,68%@729] GR3D_FREQ 99% cpu@61.875C soc2@61.156C soc0@61.75C gpu@62.687C tj@62.687C soc1@60.687C VDD_IN 17042mW/16754mW VDD_CPU_GPU_CV 8133mW/7833mW VDD_SOC 3851mW/3869mW
08-11-2026 21:02:42 RAM 5828/7607MB (lfb 20x4MB) SWAP 1368/16384MB (cached 130MB) CPU [42%@729,8%@729,19%@729,10%@729,2%@1344,70%@1344] GR3D_FREQ 99% cpu@61.937C soc2@61C soc0@61.812C gpu@63.593C tj@63.593C soc1@60.781C VDD_IN 17918mW/16762mW VDD_CPU_GPU_CV 8862mW/7840mW VDD_SOC 3962mW/3869mW
08-11-2026 21:02:43 RAM 5828/7607MB (lfb 20x4MB) SWAP 1368/16384MB (cached 130MB) CPU [2%@729,5%@729,3%@729,1%@729,1%@1344,66%@1344] GR3D_FREQ 98% cpu@61.875C soc2@61C soc0@61.625C gpu@63.187C tj@63.187C soc1@60.812C VDD_IN 17565mW/16767mW VDD_CPU_GPU_CV 8641mW/7846mW VDD_SOC 3923mW/3870mW
08-11-2026 21:02:44 RAM 5829/7607MB (lfb 20x4MB) SWAP 1368/16384MB (cached 130MB) CPU [1%@729,5%@729,4%@729,2%@729,0%@960,60%@960] GR3D_FREQ 98% cpu@61.937C soc2@61.125C soc0@61.812C gpu@63.281C tj@63.281C soc1@60.812C VDD_IN 17486mW/16772mW VDD_CPU_GPU_CV 8563mW/7851mW VDD_SOC 3923mW/3870mW
08-11-2026 21:02:45 RAM 5829/7607MB (lfb 20x4MB) SWAP 1368/16384MB (cached 130MB) CPU [1%@729,4%@729,1%@729,2%@729,1%@1344,62%@1344] GR3D_FREQ 93% cpu@62.25C soc2@61.031C soc0@61.687C gpu@63.218C tj@63.218C soc1@60.906C VDD_IN 17368mW/16776mW VDD_CPU_GPU_CV 8368mW/7854mW VDD_SOC 3962mW/3871mW
08-11-2026 21:02:46 RAM 5830/7607MB (lfb 20x4MB) SWAP 1368/16384MB (cached 130MB) CPU [3%@729,2%@729,1%@729,5%@729,0%@1344,64%@1344] GR3D_FREQ 98% cpu@61.875C soc2@61.093C soc0@61.937C gpu@63.25C tj@63.25C soc1@60.75C VDD_IN 17368mW/16780mW VDD_CPU_GPU_CV 8290mW/7857mW VDD_SOC 3962mW/3871mW
08-11-2026 21:02:47 RAM 5830/7607MB (lfb 20x4MB) SWAP 1368/16384MB (cached 130MB) CPU [38%@1344,4%@1344,2%@1344,9%@1344,24%@960,61%@960] GR3D_FREQ 98% cpu@62.218C soc2@61.125C soc0@61.875C gpu@63.281C tj@63.281C soc1@60.812C VDD_IN 17801mW/16787mW VDD_CPU_GPU_CV 8549mW/7862mW VDD_SOC 4001mW/3872mW
08-11-2026 21:02:48 RAM 5826/7607MB (lfb 20x4MB) SWAP 1368/16384MB (cached 130MB) CPU [13%@729,18%@729,23%@729,9%@729,2%@1344,61%@1344] GR3D_FREQ 91% cpu@62.156C soc2@61.062C soc0@61.843C gpu@63.156C tj@63.343C soc1@60.906C VDD_IN 17250mW/16790mW VDD_CPU_GPU_CV 7859mW/7862mW VDD_SOC 4040mW/3873mW
08-11-2026 21:02:49 RAM 5826/7607MB (lfb 20x4MB) SWAP 1368/16384MB (cached 130MB) CPU [4%@729,1%@729,2%@729,4%@729,1%@1344,63%@1344] GR3D_FREQ 98% cpu@62.187C soc2@61.031C soc0@61.812C gpu@63.281C tj@63.281C soc1@60.906C VDD_IN 16964mW/16791mW VDD_CPU_GPU_CV 7441mW/7859mW VDD_SOC 4126mW/3875mW
08-11-2026 21:02:50 RAM 5827/7607MB (lfb 20x4MB) SWAP 1368/16384MB (cached 130MB) CPU [2%@729,1%@729,0%@729,5%@729,0%@729,59%@729] GR3D_FREQ 99% cpu@62.437C soc2@61.125C soc0@61.843C gpu@62.843C tj@62.843C soc1@60.968C VDD_IN 16609mW/16790mW VDD_CPU_GPU_CV 7402mW/7856mW VDD_SOC 4047mW/3876mW
08-11-2026 21:02:51 RAM 5827/7607MB (lfb 20x4MB) SWAP 1368/16384MB (cached 130MB) CPU [2%@729,1%@729,2%@729,4%@729,0%@729,67%@729] GR3D_FREQ 99% cpu@61.75C soc2@61.156C soc0@61.968C gpu@62.875C tj@62.875C soc1@60.906C VDD_IN 16570mW/16789mW VDD_CPU_GPU_CV 7755mW/7855mW VDD_SOC 3851mW/3876mW
08-11-2026 21:02:52 RAM 5827/7607MB (lfb 20x4MB) SWAP 1368/16384MB (cached 130MB) CPU [3%@729,1%@729,4%@729,5%@729,0%@729,69%@729] GR3D_FREQ 99% cpu@62.093C soc2@61.25C soc0@61.75C gpu@63.375C tj@63.375C soc1@60.812C VDD_IN 17801mW/16795mW VDD_CPU_GPU_CV 8641mW/7861mW VDD_SOC 4040mW/3877mW
08-11-2026 21:02:53 RAM 5828/7607MB (lfb 20x4MB) SWAP 1368/16384MB (cached 130MB) CPU [11%@1344,14%@1344,8%@1344,68%@1344,2%@1344,68%@1344] GR3D_FREQ 98% cpu@62.781C soc2@61.25C soc0@61.906C gpu@63.5C tj@63.5C soc1@60.968C VDD_IN 18164mW/16804mW VDD_CPU_GPU_CV 9174mW/7869mW VDD_SOC 3877mW/3877mW
08-11-2026 21:02:54 RAM 5829/7607MB (lfb 20x4MB) SWAP 1368/16384MB (cached 130MB) CPU [20%@1344,7%@1344,5%@1344,12%@1344,0%@806,59%@806] GR3D_FREQ 98% cpu@61.968C soc2@61.25C soc0@61.906C gpu@63.625C tj@63.625C soc1@61.062C VDD_IN 17643mW/16809mW VDD_CPU_GPU_CV 8681mW/7874mW VDD_SOC 3923mW/3877mW
08-11-2026 21:02:55 RAM 5829/7607MB (lfb 20x4MB) SWAP 1368/16384MB (cached 130MB) CPU [2%@1344,2%@1344,1%@1344,3%@1344,1%@1344,62%@1344] GR3D_FREQ 97% cpu@62.031C soc2@61.125C soc0@61.781C gpu@63.593C tj@63.593C soc1@60.875C VDD_IN 17368mW/16813mW VDD_CPU_GPU_CV 8368mW/7877mW VDD_SOC 3962mW/3878mW
08-11-2026 21:02:56 RAM 5830/7607MB (lfb 20x4MB) SWAP 1368/16384MB (cached 130MB) CPU [4%@1344,6%@1344,2%@1344,5%@1344,3%@1344,66%@1344] GR3D_FREQ 98% cpu@62.125C soc2@61.125C soc0@61.875C gpu@63.343C tj@63.343C soc1@60.937C VDD_IN 17447mW/16817mW VDD_CPU_GPU_CV 8368mW/7880mW VDD_SOC 3962mW/3878mW
08-11-2026 21:02:57 RAM 5831/7607MB (lfb 20x4MB) SWAP 1368/16384MB (cached 130MB) CPU [3%@1190,2%@1190,5%@1190,2%@1190,0%@883,61%@883] GR3D_FREQ 97% cpu@62.031C soc2@61.156C soc0@61.937C gpu@63.343C tj@63.343C soc1@61.031C VDD_IN 17329mW/16820mW VDD_CPU_GPU_CV 8133mW/7882mW VDD_SOC 4001mW/3879mW
08-11-2026 21:02:58 RAM 5831/7607MB (lfb 20x4MB) SWAP 1368/16384MB (cached 130MB) CPU [3%@729,8%@729,2%@729,2%@729,0%@1344,61%@1344] GR3D_FREQ 89% cpu@62.093C soc2@61.156C soc0@62C gpu@63.531C tj@63.531C soc1@60.937C VDD_IN 17133mW/16822mW VDD_CPU_GPU_CV 7820mW/7882mW VDD_SOC 4040mW/3880mW
08-11-2026 21:02:59 RAM 5830/7607MB (lfb 20x4MB) SWAP 1368/16384MB (cached 130MB) CPU [24%@1344,11%@1344,72%@1344,9%@1344,4%@1344,64%@1344] GR3D_FREQ 97% cpu@62.375C soc2@61.312C soc0@61.875C gpu@63.437C tj@63.437C soc1@60.968C VDD_IN 17643mW/16827mW VDD_CPU_GPU_CV 8211mW/7884mW VDD_SOC 4119mW/3882mW
08-11-2026 21:03:00 RAM 5831/7607MB (lfb 20x4MB) SWAP 1368/16384MB (cached 130MB) CPU [3%@729,2%@729,1%@729,8%@729,0%@883,60%@883] GR3D_FREQ 99% cpu@62.468C soc2@61.187C soc0@61.937C gpu@62.968C tj@62.968C soc1@61C VDD_IN 16688mW/16826mW VDD_CPU_GPU_CV 7285mW/7880mW VDD_SOC 4086mW/3883mW
08-11-2026 21:03:01 RAM 5831/7607MB (lfb 20x4MB) SWAP 1368/16384MB (cached 130MB) CPU [3%@1344,2%@1344,4%@1344,2%@1344,0%@729,65%@729] GR3D_FREQ 97% cpu@62.187C soc2@61.312C soc0@61.937C gpu@63.281C tj@63.281C soc1@61C VDD_IN 16491mW/16824mW VDD_CPU_GPU_CV 7676mW/7879mW VDD_SOC 3851mW/3883mW
08-11-2026 21:03:02 RAM 5831/7607MB (lfb 20x4MB) SWAP 1368/16384MB (cached 130MB) CPU [3%@729,2%@729,2%@729,5%@729,0%@729,69%@729] GR3D_FREQ 99% cpu@62.375C soc2@61.25C soc0@62C gpu@63.687C tj@63.687C soc1@61.031C VDD_IN 17526mW/16829mW VDD_CPU_GPU_CV 8446mW/7882mW VDD_SOC 4001mW/3883mW
08-11-2026 21:03:03 RAM 5831/7607MB (lfb 20x4MB) SWAP 1368/16384MB (cached 130MB) CPU [2%@729,1%@729,2%@729,4%@729,0%@1113,70%@1113] GR3D_FREQ 98% cpu@62.125C soc2@61.406C soc0@62.093C gpu@63.75C tj@63.75C soc1@60.937C VDD_IN 17486mW/16833mW VDD_CPU_GPU_CV 8602mW/7887mW VDD_SOC 3883mW/3883mW
08-11-2026 21:03:04 RAM 5832/7607MB (lfb 20x4MB) SWAP 1368/16384MB (cached 130MB) CPU [4%@1344,2%@1344,4%@1344,3%@1344,0%@1344,59%@1344] GR3D_FREQ 90% cpu@62.218C soc2@61.156C soc0@61.937C gpu@63.406C tj@63.406C soc1@60.937C VDD_IN 17290mW/16835mW VDD_CPU_GPU_CV 8368mW/7889mW VDD_SOC 3883mW/3883mW
08-11-2026 21:03:05 RAM 5833/7607MB (lfb 20x4MB) SWAP 1368/16384MB (cached 130MB) CPU [11%@729,72%@729,15%@729,27%@729,1%@1344,64%@1344] GR3D_FREQ 98% cpu@62.5C soc2@61.343C soc0@61.968C gpu@63.5C tj@63.5C soc1@61.062C VDD_IN 17840mW/16841mW VDD_CPU_GPU_CV 8876mW/7895mW VDD_SOC 3923mW/3884mW
08-11-2026 21:03:06 RAM 5834/7607MB (lfb 20x4MB) SWAP 1368/16384MB (cached 130MB) CPU [2%@729,1%@729,3%@729,2%@729,0%@1344,64%@1344] GR3D_FREQ 97% cpu@62.187C soc2@61.187C soc0@61.968C gpu@63.468C tj@63.468C soc1@61.125C VDD_IN 17290mW/16844mW VDD_CPU_GPU_CV 8329mW/7898mW VDD_SOC 3923mW/3884mW
08-11-2026 21:03:07 RAM 5834/7607MB (lfb 20x4MB) SWAP 1368/16384MB (cached 130MB) CPU [4%@729,5%@729,1%@729,2%@729,0%@1344,59%@1344] GR3D_FREQ 93% cpu@62.437C soc2@61.281C soc0@62.062C gpu@63.375C tj@63.375C soc1@61.156C VDD_IN 17093mW/16846mW VDD_CPU_GPU_CV 8016mW/7899mW VDD_SOC 3962mW/3884mW
08-11-2026 21:03:08 RAM 5835/7607MB (lfb 20x4MB) SWAP 1368/16384MB (cached 130MB) CPU [1%@729,3%@729,1%@729,0%@729,0%@1344,63%@1344] GR3D_FREQ 97% cpu@62.093C soc2@61.187C soc0@62.062C gpu@63.343C tj@63.343C soc1@61C VDD_IN 17054mW/16847mW VDD_CPU_GPU_CV 7859mW/7898mW VDD_SOC 4001mW/3885mW
08-11-2026 21:03:09 RAM 5835/7607MB (lfb 20x4MB) SWAP 1368/16384MB (cached 130MB) CPU [3%@729,8%@729,3%@729,2%@729,0%@1344,63%@1344] GR3D_FREQ 98% cpu@62.187C soc2@61.218C soc0@62C gpu@63.343C tj@63.343C soc1@60.968C VDD_IN 16857mW/16847mW VDD_CPU_GPU_CV 7598mW/7897mW VDD_SOC 4047mW/3886mW
08-11-2026 21:03:10 RAM 5836/7607MB (lfb 20x4MB) SWAP 1368/16384MB (cached 130MB) CPU [4%@729,1%@1344,3%@1344,1%@1344,0%@1344,59%@1344] GR3D_FREQ 99% cpu@62.593C soc2@61.25C soc0@61.968C gpu@62.843C tj@62.843C soc1@61.093C VDD_IN 16609mW/16845mW VDD_CPU_GPU_CV 7128mW/7892mW VDD_SOC 4126mW/3887mW
08-11-2026 21:03:11 RAM 5837/7607MB (lfb 20x4MB) SWAP 1368/16384MB (cached 130MB) CPU [12%@1344,12%@1344,68%@1344,32%@1344,2%@729,62%@729] GR3D_FREQ 99% cpu@62.5C soc2@61.218C soc0@62.062C gpu@63.25C tj@63.25C soc1@61.125C VDD_IN 17093mW/16847mW VDD_CPU_GPU_CV 8290mW/7894mW VDD_SOC 3844mW/3887mW
08-11-2026 21:03:12 RAM 5837/7607MB (lfb 20x4MB) SWAP 1368/16384MB (cached 130MB) CPU [8%@729,1%@729,5%@729,5%@729,0%@729,68%@729] GR3D_FREQ 99% cpu@62.187C soc2@61.343C soc0@62.062C gpu@63C tj@63C soc1@61.25C VDD_IN 17054mW/16848mW VDD_CPU_GPU_CV 8172mW/7896mW VDD_SOC 3890mW/3887mW
08-11-2026 21:03:13 RAM 5837/7607MB (lfb 20x4MB) SWAP 1368/16384MB (cached 130MB) CPU [2%@729,2%@729,3%@729,3%@729,0%@729,70%@729] GR3D_FREQ 97% cpu@62.093C soc2@61.281C soc0@62.062C gpu@63.343C tj@63.343C soc1@61.062C VDD_IN 17368mW/16851mW VDD_CPU_GPU_CV 8524mW/7900mW VDD_SOC 3883mW/3887mW
08-11-2026 21:03:14 RAM 5837/7607MB (lfb 20x4MB) SWAP 1368/16384MB (cached 130MB) CPU [3%@729,3%@729,4%@729,3%@729,0%@1344,62%@1344] GR3D_FREQ 97% cpu@62.218C soc2@61.312C soc0@61.906C gpu@63.562C tj@63.562C soc1@61C VDD_IN 17368mW/16854mW VDD_CPU_GPU_CV 8446mW/7903mW VDD_SOC 3883mW/3887mW
08-11-2026 21:03:15 RAM 5837/7607MB (lfb 20x4MB) SWAP 1368/16384MB (cached 131MB) CPU [6%@729,2%@729,2%@729,4%@729,1%@1344,63%@1344] GR3D_FREQ 97% cpu@62.406C soc2@61.218C soc0@62C gpu@63.593C tj@63.593C soc1@61.093C VDD_IN 17368mW/16857mW VDD_CPU_GPU_CV 8446mW/7906mW VDD_SOC 3883mW/3887mW
08-11-2026 21:03:16 RAM 5838/7607MB (lfb 20x4MB) SWAP 1368/16384MB (cached 131MB) CPU [5%@729,2%@729,0%@729,3%@729,0%@729,60%@729] GR3D_FREQ 97% cpu@62.062C soc2@61.281C soc0@62.031C gpu@63.5C tj@63.5C soc1@61.156C VDD_IN 17211mW/16859mW VDD_CPU_GPU_CV 8211mW/7908mW VDD_SOC 3923mW/3887mW
08-11-2026 21:03:17 RAM 5842/7607MB (lfb 20x4MB) SWAP 1368/16384MB (cached 131MB) CPU [34%@729,68%@729,9%@729,7%@729,39%@1344,30%@1344] GR3D_FREQ 98% cpu@62.093C soc2@61.437C soc0@62.062C gpu@63.656C tj@63.656C soc1@61C VDD_IN 17761mW/16864mW VDD_CPU_GPU_CV 8588mW/7911mW VDD_SOC 3962mW/3888mW
08-11-2026 21:03:18 RAM 5842/7607MB (lfb 20x4MB) SWAP 1368/16384MB (cached 131MB) CPU [13%@1344,14%@1344,2%@1344,6%@1344,40%@729,1%@729] GR3D_FREQ 98% cpu@62.125C soc2@61.375C soc0@61.968C gpu@63.75C tj@63.75C soc1@61.031C VDD_IN 17172mW/16866mW VDD_CPU_GPU_CV 8016mW/7912mW VDD_SOC 4001mW/3888mW
08-11-2026 21:03:19 RAM 5842/7607MB (lfb 20x4MB) SWAP 1368/16384MB (cached 131MB) CPU [60%@1344,1%@1344,2%@1344,1%@1344,0%@729,0%@729] GR3D_FREQ 96% cpu@62.25C soc2@61.375C soc0@62C gpu@63.562C tj@63.562C soc1@61.125C VDD_IN 17054mW/16867mW VDD_CPU_GPU_CV 7703mW/7911mW VDD_SOC 4040mW/3889mW
08-11-2026 21:03:20 RAM 5843/7607MB (lfb 20x4MB) SWAP 1368/16384MB (cached 131MB) CPU [56%@729,2%@729,2%@729,5%@729,10%@1344,0%@1344] GR3D_FREQ 97% cpu@62.343C soc2@61.25C soc0@61.968C gpu@63.562C tj@63.343C soc1@61.062C VDD_IN 16846mW/16867mW VDD_CPU_GPU_CV 7402mW/7908mW VDD_SOC 4126mW/3890mW
08-11-2026 21:03:21 RAM 5843/7607MB (lfb 20x4MB) SWAP 1368/16384MB (cached 131MB) CPU [3%@729,2%@729,0%@729,2%@729,59%@729,3%@729] GR3D_FREQ 97% cpu@62.125C soc2@61.218C soc0@62.031C gpu@62.875C tj@62.875C soc1@61.156C VDD_IN 16491mW/16865mW VDD_CPU_GPU_CV 7363mW/7905mW VDD_SOC 4008mW/3891mW
08-11-2026 21:03:22 RAM 5843/7607MB (lfb 20x4MB) SWAP 1368/16384MB (cached 131MB) CPU [3%@1344,5%@1344,11%@1344,3%@1344,66%@729,1%@729] GR3D_FREQ 67% cpu@62.25C soc2@61.375C soc0@62.062C gpu@63.031C tj@63.031C soc1@61.062C VDD_IN 16688mW/16864mW VDD_CPU_GPU_CV 7872mW/7905mW VDD_SOC 3851mW/3891mW
08-11-2026 21:03:23 RAM 5844/7607MB (lfb 20x4MB) SWAP 1368/16384MB (cached 131MB) CPU [31%@729,7%@729,61%@729,13%@729,70%@729,2%@729] GR3D_FREQ 99% cpu@62.25C soc2@61.531C soc0@62.062C gpu@63.625C tj@63.625C soc1@61C VDD_IN 18085mW/16870mW VDD_CPU_GPU_CV 8901mW/7910mW VDD_SOC 3995mW/3891mW
08-11-2026 21:03:24 RAM 6018/7607MB (lfb 2x1MB) SWAP 1368/16384MB (cached 131MB) CPU [26%@1344,43%@1344,34%@1344,23%@1344,27%@1344,29%@1344] GR3D_FREQ 1% cpu@61.937C soc2@60.625C soc0@61.625C gpu@61C tj@61.937C soc1@61C VDD_IN 8399mW/16825mW VDD_CPU_GPU_CV 2662mW/7882mW VDD_SOC 2109mW/3882mW
08-11-2026 21:03:25 RAM 6330/7607MB (lfb 1x2MB) SWAP 1370/16384MB (cached 129MB) CPU [65%@729,68%@729,67%@729,66%@729,70%@1344,62%@1344] GR3D_FREQ 99% cpu@61.5C soc2@60.343C soc0@61.531C gpu@61.843C tj@61.843C soc1@60.687C VDD_IN 9975mW/16788mW VDD_CPU_GPU_CV 3327mW/7858mW VDD_SOC 2185mW/3873mW
08-11-2026 21:03:26 RAM 6331/7607MB (lfb 1x2MB) SWAP 1370/16384MB (cached 129MB) CPU [12%@729,9%@729,2%@729,1%@729,50%@729,0%@729] GR3D_FREQ 99% cpu@61.406C soc2@60.812C soc0@61.562C gpu@62.937C tj@62.937C soc1@60.875C VDD_IN 15611mW/16782mW VDD_CPU_GPU_CV 7218mW/7854mW VDD_SOC 3581mW/3871mW
08-11-2026 21:03:27 RAM 6331/7607MB (lfb 1x2MB) SWAP 1370/16384MB (cached 129MB) CPU [14%@729,2%@729,3%@729,57%@729,0%@729,0%@729] GR3D_FREQ 99% cpu@61.625C soc2@60.875C soc0@61.718C gpu@63.187C tj@63.187C soc1@60.718C VDD_IN 17093mW/16783mW VDD_CPU_GPU_CV 8211mW/7856mW VDD_SOC 3890mW/3871mW
08-11-2026 21:03:28 RAM 6333/7607MB (lfb 1x2MB) SWAP 1370/16384MB (cached 129MB) CPU [17%@1344,62%@1344,3%@1344,3%@1344,2%@729,0%@729] GR3D_FREQ 97% cpu@61.937C soc2@61C soc0@61.875C gpu@63.5C tj@63.5C soc1@60.718C VDD_IN 17565mW/16788mW VDD_CPU_GPU_CV 8602mW/7860mW VDD_SOC 3883mW/3871mW
08-11-2026 21:03:29 RAM 6335/7607MB (lfb 3x1MB) SWAP 1370/16384MB (cached 129MB) CPU [65%@729,9%@729,4%@729,3%@729,13%@1344,0%@1344] GR3D_FREQ 98% cpu@61.875C soc2@61.062C soc0@61.718C gpu@63.656C tj@63.656C soc1@60.843C VDD_IN 17447mW/16791mW VDD_CPU_GPU_CV 8485mW/7863mW VDD_SOC 3883mW/3871mW
08-11-2026 21:03:30 RAM 6334/7607MB (lfb 4x1MB) SWAP 1370/16384MB (cached 129MB) CPU [4%@729,3%@729,2%@729,3%@729,64%@1344,0%@1344] GR3D_FREQ 98% cpu@62.031C soc2@61C soc0@61.812C gpu@63.687C tj@63.687C soc1@60.906C VDD_IN 17329mW/16794mW VDD_CPU_GPU_CV 8407mW/7866mW VDD_SOC 3923mW/3872mW
08-11-2026 21:03:31 RAM 6334/7607MB (lfb 4x1MB) SWAP 1370/16384MB (cached 129MB) CPU [5%@729,3%@729,1%@729,4%@729,59%@729,0%@729] GR3D_FREQ 98% cpu@61.75C soc2@61.031C soc0@61.812C gpu@63.312C tj@63.312C soc1@60.906C VDD_IN 17250mW/16796mW VDD_CPU_GPU_CV 8290mW/7868mW VDD_SOC 3923mW/3872mW
08-11-2026 21:03:32 RAM 6335/7607MB (lfb 4x1MB) SWAP 1370/16384MB (cached 129MB) CPU [16%@1344,18%@1344,3%@1344,3%@1344,33%@729,1%@729] GR3D_FREQ 98% cpu@62C soc2@61.156C soc0@61.875C gpu@63.343C tj@63.343C soc1@60.843C VDD_IN 17211mW/16798mW VDD_CPU_GPU_CV 8133mW/7870mW VDD_SOC 3962mW/3872mW
08-11-2026 21:03:33 RAM 6335/7607MB (lfb 4x1MB) SWAP 1370/16384MB (cached 129MB) CPU [3%@1344,63%@1344,1%@1344,5%@1344,0%@729,0%@729] GR3D_FREQ 98% cpu@61.875C soc2@61.031C soc0@61.906C gpu@63.375C tj@63.375C soc1@60.875C VDD_IN 17093mW/16800mW VDD_CPU_GPU_CV 7938mW/7870mW VDD_SOC 4001mW/3873mW
08-11-2026 21:03:34 RAM 6339/7607MB (lfb 4x1MB) SWAP 1370/16384MB (cached 129MB) CPU [6%@729,47%@729,22%@729,3%@729,2%@1036,15%@1036] GR3D_FREQ 98% cpu@62.093C soc2@61.062C soc0@61.781C gpu@63.343C tj@63.343C soc1@60.906C VDD_IN 17133mW/16801mW VDD_CPU_GPU_CV 7781mW/7870mW VDD_SOC 4040mW/3874mW
08-11-2026 21:03:35 RAM 6340/7607MB (lfb 3x1MB) SWAP 1370/16384MB (cached 129MB) CPU [5%@1344,4%@1344,61%@1344,5%@1344,0%@729,1%@729] GR3D_FREQ 99% cpu@62.343C soc2@61.062C soc0@61.75C gpu@63.093C tj@63.093C soc1@61C VDD_IN 16767mW/16801mW VDD_CPU_GPU_CV 7246mW/7866mW VDD_SOC 4126mW/3875mW
08-11-2026 21:03:36 RAM 6340/7607MB (lfb 3x1MB) SWAP 1370/16384MB (cached 129MB) CPU [2%@729,4%@729,59%@729,2%@729,0%@729,2%@729] GR3D_FREQ 99% cpu@61.75C soc2@61.125C soc0@61.937C gpu@63.25C tj@63.25C soc1@61.031C VDD_IN 16334mW/16799mW VDD_CPU_GPU_CV 7598mW/7865mW VDD_SOC 3811mW/3875mW
08-11-2026 21:03:38 RAM 6340/7607MB (lfb 3x1MB) SWAP 1370/16384MB (cached 129MB) CPU [2%@729,70%@729,1%@729,1%@729,0%@729,2%@729] GR3D_FREQ 99% cpu@61.843C soc2@61.156C soc0@61.968C gpu@63.187C tj@63.187C soc1@60.875C VDD_IN 16975mW/16800mW VDD_CPU_GPU_CV 8094mW/7866mW VDD_SOC 3890mW/3875mW
08-11-2026 21:03:39 RAM 6340/7607MB (lfb 3x1MB) SWAP 1370/16384MB (cached 129MB) CPU [2%@1344,70%@1344,1%@1344,1%@1344,2%@729,5%@729] GR3D_FREQ 97% cpu@61.906C soc2@61.125C soc0@61.968C gpu@63.281C tj@63.281C soc1@60.875C VDD_IN 17408mW/16803mW VDD_CPU_GPU_CV 8485mW/7869mW VDD_SOC 3883mW/3875mW
08-11-2026 21:03:40 RAM 6340/7607MB (lfb 3x1MB) SWAP 1370/16384MB (cached 129MB) CPU [1%@1344,64%@1344,1%@1344,3%@1344,0%@729,3%@729] GR3D_FREQ 98% cpu@61.937C soc2@61.125C soc0@61.843C gpu@63.375C tj@63.375C soc1@60.906C VDD_IN 17368mW/16806mW VDD_CPU_GPU_CV 8446mW/7872mW VDD_SOC 3883mW/3875mW
08-11-2026 21:03:41 RAM 6343/7607MB (lfb 3x1MB) SWAP 1370/16384MB (cached 129MB) CPU [15%@1344,62%@1344,4%@1344,7%@1344,2%@729,4%@729] GR3D_FREQ 98% cpu@62.312C soc2@61.281C soc0@61.843C gpu@63.375C tj@63.375C soc1@60.875C VDD_IN 17565mW/16809mW VDD_CPU_GPU_CV 8563mW/7876mW VDD_SOC 3923mW/3875mW
08-11-2026 21:03:42 RAM 6343/7607MB (lfb 3x1MB) SWAP 1370/16384MB (cached 129MB) CPU [2%@1113,61%@1113,1%@1113,1%@1113,3%@729,0%@729] GR3D_FREQ 98% cpu@61.875C soc2@61.218C soc0@61.875C gpu@63.312C tj@63.312C soc1@61.062C VDD_IN 17329mW/16812mW VDD_CPU_GPU_CV 8329mW/7878mW VDD_SOC 3923mW/3876mW
08-11-2026 21:03:43 RAM 6343/7607MB (lfb 3x1MB) SWAP 1370/16384MB (cached 129MB) CPU [3%@1344,61%@1344,1%@1344,2%@1344,9%@729,2%@729] GR3D_FREQ 98% cpu@61.843C soc2@61.25C soc0@61.937C gpu@63.281C tj@63.281C soc1@60.906C VDD_IN 17172mW/16814mW VDD_CPU_GPU_CV 8055mW/7879mW VDD_SOC 3962mW/3876mW
08-11-2026 21:03:44 RAM 6343/7607MB (lfb 3x1MB) SWAP 1370/16384MB (cached 129MB) CPU [30%@1344,35%@1344,0%@1344,1%@1344,1%@729,4%@729] GR3D_FREQ 98% cpu@62.031C soc2@61.25C soc0@62C gpu@63.281C tj@63.281C soc1@60.906C VDD_IN 17054mW/16815mW VDD_CPU_GPU_CV 7899mW/7879mW VDD_SOC 4001mW/3877mW
08-11-2026 21:03:45 RAM 6343/7607MB (lfb 3x1MB) SWAP 1370/16384MB (cached 129MB) CPU [62%@729,2%@729,1%@729,2%@729,1%@729,5%@729] GR3D_FREQ 98% cpu@62.125C soc2@61.187C soc0@61.812C gpu@63.312C tj@63.312C soc1@60.968C VDD_IN 17015mW/16816mW VDD_CPU_GPU_CV 7664mW/7878mW VDD_SOC 4080mW/3878mW
08-11-2026 21:03:46 RAM 6343/7607MB (lfb 3x1MB) SWAP 1370/16384MB (cached 129MB) CPU [62%@1344,1%@1344,0%@1344,1%@1344,5%@729,1%@729] GR3D_FREQ 98% cpu@62.156C soc2@61.187C soc0@61.875C gpu@63.187C tj@63.187C soc1@61.031C VDD_IN 16806mW/16816mW VDD_CPU_GPU_CV 7285mW/7875mW VDD_SOC 4126mW/3879mW
08-11-2026 21:03:47 RAM 6345/7607MB (lfb 3x1MB) SWAP 1370/16384MB (cached 129MB) CPU [61%@729,4%@729,3%@729,5%@729,16%@729,4%@729] GR3D_FREQ 99% cpu@61.875C soc2@61.187C soc0@61.875C gpu@63.156C tj@63.156C soc1@61C VDD_IN 16570mW/16815mW VDD_CPU_GPU_CV 7676mW/7874mW VDD_SOC 3890mW/3879mW
08-11-2026 21:03:48 RAM 6345/7607MB (lfb 3x1MB) SWAP 1370/16384MB (cached 129MB) CPU [70%@729,1%@729,2%@729,0%@729,3%@729,0%@729] GR3D_FREQ 99% cpu@61.968C soc2@61.093C soc0@61.812C gpu@63.031C tj@63.343C soc1@60.875C VDD_IN 16846mW/16815mW VDD_CPU_GPU_CV 7951mW/7874mW VDD_SOC 3890mW/3879mW
08-11-2026 21:03:49 RAM 6345/7607MB (lfb 3x1MB) SWAP 1370/16384MB (cached 129MB) CPU [71%@729,2%@729,0%@729,1%@729,1%@729,4%@729] GR3D_FREQ 97% cpu@61.968C soc2@61.281C soc0@62.062C gpu@63.781C tj@63.781C soc1@60.906C VDD_IN 17486mW/16818mW VDD_CPU_GPU_CV 8524mW/7877mW VDD_SOC 3923mW/3879mW
08-11-2026 21:03:50 RAM 6345/7607MB (lfb 3x1MB) SWAP 1370/16384MB (cached 129MB) CPU [66%@1344,0%@1344,1%@1344,2%@1344,2%@729,0%@729] GR3D_FREQ 98% cpu@62.093C soc2@61.25C soc0@61.937C gpu@63.781C tj@63.781C soc1@60.906C VDD_IN 17486mW/16821mW VDD_CPU_GPU_CV 8563mW/7881mW VDD_SOC 3883mW/3879mW
08-11-2026 21:03:51 RAM 6345/7607MB (lfb 3x1MB) SWAP 1370/16384MB (cached 129MB) CPU [62%@883,1%@883,3%@883,1%@883,4%@729,1%@729] GR3D_FREQ 98% cpu@62.343C soc2@61.375C soc0@61.937C gpu@63.75C tj@63.75C soc1@60.968C VDD_IN 17447mW/16824mW VDD_CPU_GPU_CV 8485mW/7884mW VDD_SOC 3923mW/3879mW
08-11-2026 21:03:52 RAM 6345/7607MB (lfb 3x1MB) SWAP 1370/16384MB (cached 129MB) CPU [23%@729,4%@729,1%@729,2%@729,41%@1344,1%@1344] GR3D_FREQ 98% cpu@61.937C soc2@61.218C soc0@61.968C gpu@63.781C tj@63.781C soc1@61.093C VDD_IN 17290mW/16826mW VDD_CPU_GPU_CV 8290mW/7885mW VDD_SOC 3923mW/3880mW
08-11-2026 21:03:53 RAM 6347/7607MB (lfb 3x1MB) SWAP 1370/16384MB (cached 129MB) CPU [4%@729,17%@729,6%@729,6%@729,62%@1344,4%@1344] GR3D_FREQ 98% cpu@62.031C soc2@61.218C soc0@62.062C gpu@63.781C tj@63.781C soc1@60.875C VDD_IN 17368mW/16829mW VDD_CPU_GPU_CV 8329mW/7888mW VDD_SOC 3962mW/3880mW
08-11-2026 21:03:54 RAM 6347/7607MB (lfb 3x1MB) SWAP 1370/16384MB (cached 129MB) CPU [3%@729,2%@729,3%@729,2%@729,63%@1344,4%@1344] GR3D_FREQ 98% cpu@61.968C soc2@61.156C soc0@62.062C gpu@63.5C tj@63.5C soc1@60.968C VDD_IN 17172mW/16830mW VDD_CPU_GPU_CV 8055mW/7888mW VDD_SOC 3962mW/3880mW
08-11-2026 21:03:55 RAM 6347/7607MB (lfb 3x1MB) SWAP 1370/16384MB (cached 129MB) CPU [2%@729,0%@729,2%@729,2%@729,59%@1344,2%@1344] GR3D_FREQ 98% cpu@62.062C soc2@61.125C soc0@61.843C gpu@63.343C tj@63.343C soc1@61C VDD_IN 17015mW/16831mW VDD_CPU_GPU_CV 7742mW/7888mW VDD_SOC 4047mW/3881mW
08-11-2026 21:03:56 RAM 6348/7607MB (lfb 3x1MB) SWAP 1370/16384MB (cached 129MB) CPU [2%@729,1%@729,2%@729,3%@729,64%@1344,0%@1344] GR3D_FREQ 98% cpu@62.281C soc2@61.187C soc0@61.937C gpu@63.343C tj@63.343C soc1@61.093C VDD_IN 16924mW/16832mW VDD_CPU_GPU_CV 7507mW/7886mW VDD_SOC 4086mW/3882mW
08-11-2026 21:03:57 RAM 6348/7607MB (lfb 3x1MB) SWAP 1370/16384MB (cached 129MB) CPU [2%@729,2%@729,1%@729,4%@729,58%@729,0%@729] GR3D_FREQ 99% cpu@62.218C soc2@61.187C soc0@61.937C gpu@62.843C tj@62.843C soc1@61.125C VDD_IN 16491mW/16830mW VDD_CPU_GPU_CV 7246mW/7883mW VDD_SOC 4047mW/3883mW
08-11-2026 21:03:58 RAM 6348/7607MB (lfb 3x1MB) SWAP 1370/16384MB (cached 129MB) CPU [2%@729,2%@729,2%@729,2%@729,66%@729,0%@729] GR3D_FREQ 45% cpu@61.906C soc2@61.312C soc0@62.093C gpu@63.031C tj@63.031C soc1@60.906C VDD_IN 16452mW/16828mW VDD_CPU_GPU_CV 7676mW/7882mW VDD_SOC 3851mW/3883mW
08-11-2026 21:03:59 RAM 6347/7607MB (lfb 3x1MB) SWAP 1370/16384MB (cached 129MB) CPU [10%@729,3%@729,8%@729,18%@729,69%@883,2%@883] GR3D_FREQ 99% cpu@62.093C soc2@61.25C soc0@61.968C gpu@63.5C tj@63.5C soc1@60.968C VDD_IN 17722mW/16833mW VDD_CPU_GPU_CV 8563mW/7885mW VDD_SOC 4001mW/3883mW
08-11-2026 21:04:00 RAM 6347/7607MB (lfb 3x1MB) SWAP 1370/16384MB (cached 129MB) CPU [2%@729,3%@729,4%@729,1%@729,70%@1344,1%@1344] GR3D_FREQ 98% cpu@62.375C soc2@61.187C soc0@61.906C gpu@63.468C tj@63.468C soc1@61.093C VDD_IN 17486mW/16835mW VDD_CPU_GPU_CV 8602mW/7888mW VDD_SOC 3883mW/3883mW
08-11-2026 21:04:01 RAM 6347/7607MB (lfb 3x1MB) SWAP 1370/16384MB (cached 129MB) CPU [2%@729,2%@729,3%@729,2%@729,59%@1344,1%@1344] GR3D_FREQ 93% cpu@62.218C soc2@61.25C soc0@62.125C gpu@63.375C tj@63.375C soc1@61.093C VDD_IN 17408mW/16838mW VDD_CPU_GPU_CV 8446mW/7891mW VDD_SOC 3923mW/3883mW
08-11-2026 21:04:02 RAM 6347/7607MB (lfb 3x1MB) SWAP 1370/16384MB (cached 129MB) CPU [3%@729,2%@729,1%@729,3%@729,64%@1344,0%@1344] GR3D_FREQ 98% cpu@62.062C soc2@61.312C soc0@62C gpu@63.5C tj@63.5C soc1@60.968C VDD_IN 17368mW/16840mW VDD_CPU_GPU_CV 8407mW/7893mW VDD_SOC 3923mW/3883mW
08-11-2026 21:04:03 RAM 6347/7607MB (lfb 3x1MB) SWAP 1370/16384MB (cached 129MB) CPU [5%@729,1%@729,1%@729,2%@729,63%@1344,1%@1344] GR3D_FREQ 98% cpu@62.031C soc2@61.25C soc0@62C gpu@63.625C tj@63.625C soc1@60.968C VDD_IN 17368mW/16843mW VDD_CPU_GPU_CV 8329mW/7895mW VDD_SOC 3923mW/3884mW
08-11-2026 21:04:04 RAM 6350/7607MB (lfb 3x1MB) SWAP 1370/16384MB (cached 129MB) CPU [19%@1344,3%@1344,1%@1344,1%@1344,46%@729,1%@729] GR3D_FREQ 92% cpu@62.125C soc2@61.281C soc0@61.812C gpu@63.593C tj@63.593C soc1@61C VDD_IN 17172mW/16844mW VDD_CPU_GPU_CV 8055mW/7896mW VDD_SOC 3962mW/3884mW
08-11-2026 21:04:05 RAM 6354/7607MB (lfb 3x1MB) SWAP 1370/16384MB (cached 129MB) CPU [23%@729,8%@729,3%@729,10%@729,55%@1344,1%@1344] GR3D_FREQ 98% cpu@62.343C soc2@61.281C soc0@61.968C gpu@63.656C tj@63.656C soc1@61.062C VDD_IN 17172mW/16846mW VDD_CPU_GPU_CV 7899mW/7896mW VDD_SOC 4040mW/3885mW
08-11-2026 21:04:06 RAM 6354/7607MB (lfb 3x1MB) SWAP 1370/16384MB (cached 129MB) CPU [1%@729,1%@729,2%@729,4%@729,61%@1344,1%@1344] GR3D_FREQ 98% cpu@62.187C soc2@61.187C soc0@61.906C gpu@63.656C tj@63.656C soc1@61.187C VDD_IN 16975mW/16846mW VDD_CPU_GPU_CV 7625mW/7895mW VDD_SOC 4086mW/3886mW
08-11-2026 21:04:07 RAM 6354/7607MB (lfb 3x1MB) SWAP 1370/16384MB (cached 129MB) CPU [6%@729,2%@729,1%@729,2%@729,59%@1190,1%@1190] GR3D_FREQ 99% cpu@62.312C soc2@61.406C soc0@62.062C gpu@63C tj@63C soc1@60.937C VDD_IN 16728mW/16846mW VDD_CPU_GPU_CV 7167mW/7891mW VDD_SOC 4165mW/3887mW
08-11-2026 21:04:08 RAM 6354/7607MB (lfb 3x1MB) SWAP 1370/16384MB (cached 129MB) CPU [6%@729,2%@729,2%@729,2%@729,24%@729,39%@729] GR3D_FREQ 98% cpu@61.875C soc2@61.25C soc0@62.125C gpu@63.218C tj@63.218C soc1@61C VDD_IN 16413mW/16844mW VDD_CPU_GPU_CV 7716mW/7891mW VDD_SOC 3811mW/3886mW
08-11-2026 21:04:09 RAM 6354/7607MB (lfb 3x1MB) SWAP 1370/16384MB (cached 129MB) CPU [1%@729,2%@729,1%@729,5%@729,0%@729,69%@729] GR3D_FREQ 99% cpu@62.093C soc2@61.312C soc0@62.031C gpu@63.343C tj@63.343C soc1@61.062C VDD_IN 17211mW/16845mW VDD_CPU_GPU_CV 8290mW/7892mW VDD_SOC 3923mW/3887mW
08-11-2026 21:04:10 RAM 6353/7607MB (lfb 3x1MB) SWAP 1370/16384MB (cached 129MB) CPU [3%@960,8%@960,3%@960,12%@960,1%@806,71%@806] GR3D_FREQ 97% cpu@62.375C soc2@61.343C soc0@62.031C gpu@63.531C tj@63.531C soc1@61.187C VDD_IN 17604mW/16849mW VDD_CPU_GPU_CV 8720mW/7896mW VDD_SOC 3883mW/3887mW
08-11-2026 21:04:11 RAM 6354/7607MB (lfb 3x1MB) SWAP 1370/16384MB (cached 129MB) CPU [3%@729,1%@729,6%@729,9%@729,17%@1344,45%@1344] GR3D_FREQ 98% cpu@62.125C soc2@61.437C soc0@62.125C gpu@63.562C tj@63.562C soc1@61.125C VDD_IN 17408mW/16851mW VDD_CPU_GPU_CV 8524mW/7899mW VDD_SOC 3883mW/3887mW
08-11-2026 21:04:12 RAM 6354/7607MB (lfb 3x1MB) SWAP 1370/16384MB (cached 129MB) CPU [2%@729,2%@729,1%@729,3%@729,64%@1344,1%@1344] GR3D_FREQ 98% cpu@62.156C soc2@61.343C soc0@62.093C gpu@63.625C tj@63.812C soc1@61.031C VDD_IN 17447mW/16854mW VDD_CPU_GPU_CV 8485mW/7901mW VDD_SOC 3923mW/3887mW
08-11-2026 21:04:13 RAM 6355/7607MB (lfb 3x1MB) SWAP 1370/16384MB (cached 129MB) CPU [2%@729,3%@729,3%@729,4%@729,61%@960,0%@960] GR3D_FREQ 97% cpu@62.093C soc2@61.281C soc0@62.031C gpu@63.812C tj@63.812C soc1@60.968C VDD_IN 17329mW/16856mW VDD_CPU_GPU_CV 8329mW/7903mW VDD_SOC 3923mW/3887mW
08-11-2026 21:04:14 RAM 6355/7607MB (lfb 3x1MB) SWAP 1370/16384MB (cached 129MB) CPU [3%@729,1%@729,2%@729,3%@729,63%@1344,1%@1344] GR3D_FREQ 98% cpu@62.218C soc2@61.343C soc0@62C gpu@63.812C tj@63.812C soc1@61.125C VDD_IN 17250mW/16857mW VDD_CPU_GPU_CV 8172mW/7904mW VDD_SOC 3962mW/3887mW
08-11-2026 21:04:15 RAM 6353/7607MB (lfb 3x1MB) SWAP 1370/16384MB (cached 129MB) CPU [3%@729,4%@729,2%@729,8%@729,62%@1344,0%@1344] GR3D_FREQ 98% cpu@62.437C soc2@61.281C soc0@62.093C gpu@63.843C tj@63.843C soc1@61.156C VDD_IN 17172mW/16859mW VDD_CPU_GPU_CV 7977mW/7904mW VDD_SOC 4001mW/3888mW
08-11-2026 21:04:16 RAM 6353/7607MB (lfb 3x1MB) SWAP 1370/16384MB (cached 129MB) CPU [7%@729,18%@729,7%@729,5%@729,61%@729,1%@729] GR3D_FREQ 98% cpu@62.093C soc2@61.375C soc0@62.062C gpu@63.843C tj@63.843C soc1@61.031C VDD_IN 17211mW/16860mW VDD_CPU_GPU_CV 7899mW/7904mW VDD_SOC 4080mW/3889mW
08-11-2026 21:04:17 RAM 6354/7607MB (lfb 3x1MB) SWAP 1370/16384MB (cached 129MB) CPU [4%@729,1%@729,0%@729,1%@729,62%@1344,1%@1344] GR3D_FREQ 98% cpu@62.281C soc2@61.375C soc0@62.125C gpu@63.312C tj@63.312C soc1@60.968C VDD_IN 16806mW/16860mW VDD_CPU_GPU_CV 7285mW/7902mW VDD_SOC 4126mW/3890mW
08-11-2026 21:04:18 RAM 6354/7607MB (lfb 3x1MB) SWAP 1370/16384MB (cached 129MB) CPU [2%@1344,3%@1344,2%@1344,0%@1344,59%@729,0%@729] GR3D_FREQ 99% cpu@62.343C soc2@61.281C soc0@61.968C gpu@63.343C tj@63.343C soc1@61.156C VDD_IN 16570mW/16859mW VDD_CPU_GPU_CV 7676mW/7901mW VDD_SOC 3929mW/3890mW
08-11-2026 21:04:19 RAM 6354/7607MB (lfb 3x1MB) SWAP 1370/16384MB (cached 129MB) CPU [2%@729,2%@729,5%@729,3%@729,70%@729,0%@729] GR3D_FREQ 99% cpu@62.156C soc2@61.25C soc0@62.125C gpu@63.156C tj@63.156C soc1@61.187C VDD_IN 16885mW/16859mW VDD_CPU_GPU_CV 7977mW/7901mW VDD_SOC 3890mW/3890mW
08-11-2026 21:04:20 RAM 6355/7607MB (lfb 3x1MB) SWAP 1370/16384MB (cached 129MB) CPU [1%@729,2%@729,3%@729,2%@729,70%@729,1%@729] GR3D_FREQ 96% cpu@62.375C soc2@61.406C soc0@62.125C gpu@63.593C tj@63.593C soc1@61.281C VDD_IN 17447mW/16861mW VDD_CPU_GPU_CV 8485mW/7904mW VDD_SOC 3923mW/3890mW
08-11-2026 21:04:21 RAM 6355/7607MB (lfb 3x1MB) SWAP 1370/16384MB (cached 129MB) CPU [2%@729,1%@729,5%@729,1%@729,65%@1344,0%@1344] GR3D_FREQ 97% cpu@62.093C soc2@61.312C soc0@62.125C gpu@63.656C tj@63.656C soc1@61.312C VDD_IN 17447mW/16864mW VDD_CPU_GPU_CV 8524mW/7906mW VDD_SOC 3883mW/3890mW
08-11-2026 21:04:22 RAM 6359/7607MB (lfb 3x1MB) SWAP 1370/16384MB (cached 129MB) CPU [17%@729,10%@729,6%@729,5%@729,63%@1344,0%@1344] GR3D_FREQ 98% cpu@62.187C soc2@61.343C soc0@62.281C gpu@63.5C tj@63.5C soc1@61.156C VDD_IN 17526mW/16866mW VDD_CPU_GPU_CV 8563mW/7909mW VDD_SOC 3923mW/3890mW
08-11-2026 21:04:23 RAM 6360/7607MB (lfb 2x1MB) SWAP 1370/16384MB (cached 129MB) CPU [3%@729,5%@729,1%@729,2%@729,60%@729,1%@729] GR3D_FREQ 97% cpu@62.343C soc2@61.312C soc0@62.125C gpu@63.375C tj@63.375C soc1@61.156C VDD_IN 17211mW/16868mW VDD_CPU_GPU_CV 8250mW/7910mW VDD_SOC 3962mW/3890mW
08-11-2026 21:04:24 RAM 6361/7607MB (lfb 2x1MB) SWAP 1370/16384MB (cached 129MB) CPU [2%@729,5%@729,0%@729,2%@729,63%@1344,0%@1344] GR3D_FREQ 98% cpu@62.187C soc2@61.437C soc0@62.156C gpu@63.5C tj@63.5C soc1@61.218C VDD_IN 17211mW/16869mW VDD_CPU_GPU_CV 8094mW/7911mW VDD_SOC 3962mW/3891mW
08-11-2026 21:04:25 RAM 6361/7607MB (lfb 2x1MB) SWAP 1370/16384MB (cached 129MB) CPU [3%@729,3%@729,4%@729,2%@729,62%@1344,1%@1344] GR3D_FREQ 97% cpu@62.5C soc2@61.281C soc0@62.125C gpu@63.468C tj@63.468C soc1@61.281C VDD_IN 17172mW/16871mW VDD_CPU_GPU_CV 7977mW/7911mW VDD_SOC 4001mW/3891mW
08-11-2026 21:04:26 RAM 6361/7607MB (lfb 2x1MB) SWAP 1370/16384MB (cached 129MB) CPU [3%@729,2%@729,8%@729,1%@729,59%@729,1%@729] GR3D_FREQ 97% cpu@62.031C soc2@61.375C soc0@62.125C gpu@63.437C tj@63.437C soc1@61.093C VDD_IN 17015mW/16871mW VDD_CPU_GPU_CV 7664mW/7910mW VDD_SOC 4047mW/3892mW
08-11-2026 21:04:27 RAM 6362/7607MB (lfb 2x1MB) SWAP 1370/16384MB (cached 129MB) CPU [1%@729,2%@729,3%@729,1%@729,62%@1344,0%@1344] GR3D_FREQ 97% cpu@62.312C soc2@61.312C soc0@62.093C gpu@63.531C tj@63.531C soc1@61.156C VDD_IN 16779mW/16871mW VDD_CPU_GPU_CV 7363mW/7908mW VDD_SOC 4126mW/3893mW
08-11-2026 21:04:28 RAM 6360/7607MB (lfb 2x1MB) SWAP 1370/16384MB (cached 129MB) CPU [19%@729,9%@729,3%@729,6%@729,59%@729,1%@729] GR3D_FREQ 99% cpu@62.375C soc2@61.281C soc0@62.031C gpu@63.5C tj@63.5C soc1@61.156C VDD_IN 16491mW/16869mW VDD_CPU_GPU_CV 7637mW/7907mW VDD_SOC 3890mW/3893mW
08-11-2026 21:04:29 RAM 6337/7607MB (lfb 2x1MB) SWAP 1370/16384MB (cached 129MB) CPU [2%@729,0%@729,4%@729,2%@729,1%@729,67%@729] GR3D_FREQ 98% cpu@62.093C soc2@61.406C soc0@62.125C gpu@63.406C tj@63.406C soc1@61.218C VDD_IN 16885mW/16869mW VDD_CPU_GPU_CV 7977mW/7907mW VDD_SOC 3890mW/3893mW
08-11-2026 21:04:30 RAM 6338/7607MB (lfb 2x1MB) SWAP 1370/16384MB (cached 129MB) CPU [2%@729,2%@729,5%@729,2%@729,1%@729,70%@729] GR3D_FREQ 97% cpu@62.593C soc2@61.406C soc0@62.281C gpu@63.968C tj@63.968C soc1@61.031C VDD_IN 17526mW/16872mW VDD_CPU_GPU_CV 8549mW/7910mW VDD_SOC 3923mW/3893mW
08-11-2026 21:04:31 RAM 6339/7607MB (lfb 2x1MB) SWAP 1370/16384MB (cached 129MB) CPU [2%@729,4%@729,1%@729,2%@729,0%@1344,66%@1344] GR3D_FREQ 98% cpu@62.218C soc2@61.375C soc0@62.187C gpu@63.625C tj@63.625C soc1@61.156C VDD_IN 17447mW/16874mW VDD_CPU_GPU_CV 8485mW/7912mW VDD_SOC 3883mW/3893mW
08-11-2026 21:04:32 RAM 6339/7607MB (lfb 2x1MB) SWAP 1370/16384MB (cached 129MB) CPU [4%@729,4%@729,2%@729,1%@729,1%@1344,64%@1344] GR3D_FREQ 98% cpu@62.406C soc2@61.406C soc0@62.093C gpu@63.687C tj@63.687C soc1@61.187C VDD_IN 17447mW/16876mW VDD_CPU_GPU_CV 8485mW/7914mW VDD_SOC 3923mW/3893mW
08-11-2026 21:04:33 RAM 6340/7607MB (lfb 2x1MB) SWAP 1370/16384MB (cached 129MB) CPU [3%@729,2%@729,4%@729,0%@729,0%@1344,60%@1344] GR3D_FREQ 97% cpu@62.375C soc2@61.375C soc0@62.187C gpu@63.562C tj@63.562C soc1@61.281C VDD_IN 17290mW/16878mW VDD_CPU_GPU_CV 8290mW/7916mW VDD_SOC 3923mW/3893mW
08-11-2026 21:04:34 RAM 6353/7607MB (lfb 2x1MB) SWAP 1370/16384MB (cached 129MB) CPU [18%@729,5%@729,8%@729,7%@729,1%@1344,63%@1344] GR3D_FREQ 98% cpu@62.218C soc2@61.468C soc0@62.125C gpu@63.625C tj@63.625C soc1@61.25C VDD_IN 17329mW/16880mW VDD_CPU_GPU_CV 8211mW/7917mW VDD_SOC 3962mW/3893mW
08-11-2026 21:04:35 RAM 6353/7607MB (lfb 2x1MB) SWAP 1370/16384MB (cached 129MB) CPU [3%@729,1%@729,2%@729,2%@729,31%@1344,31%@1344] GR3D_FREQ 98% cpu@62.187C soc2@61.406C soc0@62.187C gpu@63.656C tj@63.656C soc1@61.343C VDD_IN 17172mW/16881mW VDD_CPU_GPU_CV 7977mW/7917mW VDD_SOC 4001mW/3894mW
08-11-2026 21:04:36 RAM 6354/7607MB (lfb 2x1MB) SWAP 1370/16384MB (cached 129MB) CPU [1%@729,3%@729,2%@729,4%@729,60%@729,2%@729] GR3D_FREQ 98% cpu@62.25C soc2@61.375C soc0@62.187C gpu@63.781C tj@63.781C soc1@61.187C VDD_IN 16975mW/16881mW VDD_CPU_GPU_CV 7664mW/7916mW VDD_SOC 4047mW/3894mW
08-11-2026 21:04:37 RAM 6353/7607MB (lfb 2x1MB) SWAP 1370/16384MB (cached 129MB) CPU [22%@1344,3%@1344,7%@1344,2%@1344,44%@729,1%@729] GR3D_FREQ 98% cpu@62.281C soc2@61.5C soc0@62.125C gpu@63.812C tj@63.812C soc1@61.25C VDD_IN 16897mW/16881mW VDD_CPU_GPU_CV 7441mW/7914mW VDD_SOC 4126mW/3895mW
08-11-2026 21:04:38 RAM 6353/7607MB (lfb 2x1MB) SWAP 1370/16384MB (cached 129MB) CPU [61%@729,1%@729,1%@729,0%@729,4%@729,2%@729] GR3D_FREQ 95% cpu@62.406C soc2@61.593C soc0@62.156C gpu@63.406C tj@63.406C soc1@61.343C VDD_IN 16649mW/16881mW VDD_CPU_GPU_CV 7520mW/7913mW VDD_SOC 4008mW/3895mW
08-11-2026 21:04:39 RAM 6354/7607MB (lfb 2x1MB) SWAP 1370/16384MB (cached 129MB) CPU [41%@1344,4%@1344,8%@1344,3%@1344,29%@729,0%@729] GR3D_FREQ 99% cpu@62.5C soc2@61.468C soc0@62.25C gpu@63.531C tj@63.531C soc1@61.343C VDD_IN 16897mW/16881mW VDD_CPU_GPU_CV 7938mW/7913mW VDD_SOC 3890mW/3895mW
08-11-2026 21:04:40 RAM 6361/7607MB (lfb 2x1MB) SWAP 1370/16384MB (cached 129MB) CPU [58%@729,15%@729,6%@729,6%@729,16%@729,0%@729] GR3D_FREQ 99% cpu@62.343C soc2@61.625C soc0@62.25C gpu@64.156C tj@64.156C soc1@61.156C VDD_IN 17801mW/16884mW VDD_CPU_GPU_CV 8705mW/7916mW VDD_SOC 4001mW/3896mW
08-11-2026 21:04:41 RAM 6361/7607MB (lfb 2x1MB) SWAP 1370/16384MB (cached 129MB) CPU [67%@1344,1%@1344,1%@1344,4%@1344,0%@729,0%@729] GR3D_FREQ 98% cpu@62.437C soc2@61.625C soc0@62.125C gpu@63.812C tj@63.812C soc1@61.218C VDD_IN 17526mW/16887mW VDD_CPU_GPU_CV 8602mW/7919mW VDD_SOC 3883mW/3896mW
08-11-2026 21:04:42 RAM 6361/7607MB (lfb 2x1MB) SWAP 1370/16384MB (cached 129MB) CPU [62%@806,2%@806,2%@806,3%@806,0%@729,1%@729] GR3D_FREQ 98% cpu@62.343C soc2@61.625C soc0@62.187C gpu@63.781C tj@63.781C soc1@61.281C VDD_IN 17447mW/16889mW VDD_CPU_GPU_CV 8485mW/7921mW VDD_SOC 3883mW/3896mW
08-11-2026 21:04:43 RAM 6362/7607MB (lfb 2x1MB) SWAP 1370/16384MB (cached 129MB) CPU [62%@1344,2%@1344,2%@1344,5%@1344,0%@729,0%@729] GR3D_FREQ 98% cpu@62.562C soc2@61.625C soc0@62.125C gpu@63.75C tj@63.75C soc1@61.312C VDD_IN 17368mW/16890mW VDD_CPU_GPU_CV 8329mW/7922mW VDD_SOC 3923mW/3896mW
08-11-2026 21:04:44 RAM 6362/7607MB (lfb 2x1MB) SWAP 1370/16384MB (cached 129MB) CPU [63%@1344,2%@1344,2%@1344,4%@1344,0%@729,1%@729] GR3D_FREQ 98% cpu@62.218C soc2@61.593C soc0@62.25C gpu@63.781C tj@63.781C soc1@61.312C VDD_IN 17368mW/16892mW VDD_CPU_GPU_CV 8250mW/7924mW VDD_SOC 3962mW/3896mW
08-11-2026 21:04:45 RAM 6364/7607MB (lfb 2x1MB) SWAP 1370/16384MB (cached 129MB) CPU [63%@1344,19%@1344,20%@1344,17%@1344,11%@1036,11%@1036] GR3D_FREQ 98% cpu@63.062C soc2@61.593C soc0@62.218C gpu@63.812C tj@63.812C soc1@61.25C VDD_IN 17801mW/16896mW VDD_CPU_GPU_CV 8602mW/7926mW VDD_SOC 4040mW/3897mW
08-11-2026 21:04:46 RAM 6362/7607MB (lfb 2x1MB) SWAP 1365/16384MB (cached 125MB) CPU [35%@729,11%@729,14%@729,10%@729,8%@1344,33%@1344] GR3D_FREQ 97% cpu@62.406C soc2@61.468C soc0@62.281C gpu@63.75C tj@63.75C soc1@61.281C VDD_IN 17093mW/16896mW VDD_CPU_GPU_CV 7742mW/7925mW VDD_SOC 4040mW/3897mW
08-11-2026 21:04:47 RAM 6363/7607MB (lfb 2x1MB) SWAP 1365/16384MB (cached 125MB) CPU [2%@729,1%@729,1%@729,8%@729,0%@1344,62%@1344] GR3D_FREQ 98% cpu@62.406C soc2@61.406C soc0@62.218C gpu@63.687C tj@63.687C soc1@61.312C VDD_IN 16936mW/16897mW VDD_CPU_GPU_CV 7481mW/7924mW VDD_SOC 4126mW/3898mW
08-11-2026 21:04:48 RAM 6363/7607MB (lfb 2x1MB) SWAP 1365/16384MB (cached 125MB) CPU [3%@729,2%@729,2%@729,6%@729,0%@729,60%@729] GR3D_FREQ 97% cpu@62.593C soc2@61.625C soc0@62.187C gpu@63.062C tj@63.062C soc1@61.281C VDD_IN 16531mW/16895mW VDD_CPU_GPU_CV 7402mW/7922mW VDD_SOC 4008mW/3898mW
08-11-2026 21:04:49 RAM 6363/7607MB (lfb 2x1MB) SWAP 1365/16384MB (cached 125MB) CPU [4%@729,4%@729,2%@729,3%@729,1%@729,67%@729] GR3D_FREQ 99% cpu@62.062C soc2@61.5C soc0@62.25C gpu@63.093C tj@63.093C soc1@61.406C VDD_IN 16688mW/16894mW VDD_CPU_GPU_CV 7833mW/7922mW VDD_SOC 3890mW/3898mW
08-11-2026 21:04:50 RAM 6364/7607MB (lfb 2x1MB) SWAP 1365/16384MB (cached 125MB) CPU [2%@729,5%@729,2%@729,1%@729,1%@729,70%@729] GR3D_FREQ 99% cpu@62.343C soc2@61.562C soc0@62.375C gpu@63.812C tj@63.812C soc1@61.281C VDD_IN 17761mW/16898mW VDD_CPU_GPU_CV 8666mW/7924mW VDD_SOC 4001mW/3899mW
08-11-2026 21:04:51 RAM 6371/7607MB (lfb 2x1MB) SWAP 1365/16384MB (cached 125MB) CPU [5%@729,18%@729,12%@729,8%@729,0%@1344,67%@1344] GR3D_FREQ 98% cpu@62.468C soc2@61.5C soc0@62.125C gpu@63.718C tj@63.718C soc1@61.25C VDD_IN 17722mW/16901mW VDD_CPU_GPU_CV 8784mW/7927mW VDD_SOC 3923mW/3899mW
08-11-2026 21:04:52 RAM 6372/7607MB (lfb 2x1MB) SWAP 1365/16384MB (cached 125MB) CPU [3%@729,3%@729,1%@729,4%@1344,1%@883,62%@883] GR3D_FREQ 98% cpu@62.562C soc2@61.468C soc0@62.187C gpu@63.906C tj@63.906C soc1@61.281C VDD_IN 17486mW/16903mW VDD_CPU_GPU_CV 8524mW/7930mW VDD_SOC 3923mW/3899mW
08-11-2026 21:04:53 RAM 6373/7607MB (lfb 2x1MB) SWAP 1365/16384MB (cached 125MB) CPU [2%@729,2%@729,1%@729,4%@729,0%@1344,60%@1344] GR3D_FREQ 98% cpu@62.406C soc2@61.437C soc0@62.218C gpu@63.875C tj@63.875C soc1@61.343C VDD_IN 17368mW/16905mW VDD_CPU_GPU_CV 8368mW/7931mW VDD_SOC 3923mW/3899mW
08-11-2026 21:04:54 RAM 6373/7607MB (lfb 2x1MB) SWAP 1365/16384MB (cached 125MB) CPU [3%@729,6%@729,1%@729,0%@729,0%@1344,63%@1344] GR3D_FREQ 98% cpu@62.25C soc2@61.5C soc0@62.343C gpu@63.843C tj@63.843C soc1@61.437C VDD_IN 17329mW/16906mW VDD_CPU_GPU_CV 8250mW/7932mW VDD_SOC 3962mW/3899mW
08-11-2026 21:04:55 RAM 6374/7607MB (lfb 2x1MB) SWAP 1365/16384MB (cached 125MB) CPU [4%@729,2%@729,1%@729,3%@729,0%@960,60%@960] GR3D_FREQ 98% cpu@62.312C soc2@61.468C soc0@62.312C gpu@63.875C tj@63.875C soc1@61.281C VDD_IN 17250mW/16907mW VDD_CPU_GPU_CV 8094mW/7933mW VDD_SOC 4001mW/3900mW
08-11-2026 21:04:56 RAM 6375/7607MB (lfb 2x1MB) SWAP 1365/16384MB (cached 125MB) CPU [4%@729,1%@729,3%@729,1%@729,0%@1344,61%@1344] GR3D_FREQ 90% cpu@62.437C soc2@61.437C soc0@62.25C gpu@63.843C tj@63.843C soc1@61.281C VDD_IN 17054mW/16908mW VDD_CPU_GPU_CV 7742mW/7932mW VDD_SOC 4040mW/3900mW
08-11-2026 21:04:57 RAM 6376/7607MB (lfb 2x1MB) SWAP 1365/16384MB (cached 125MB) CPU [12%@729,3%@729,11%@729,11%@729,2%@1344,63%@1344] GR3D_FREQ 98% cpu@62.718C soc2@61.5C soc0@62.187C gpu@63.812C tj@63.625C soc1@61.25C VDD_IN 17093mW/16909mW VDD_CPU_GPU_CV 7625mW/7931mW VDD_SOC 4119mW/3901mW
08-11-2026 21:04:58 RAM 6349/7607MB (lfb 2x1MB) SWAP 1365/16384MB (cached 125MB) CPU [3%@729,3%@729,2%@729,5%@729,0%@729,60%@729] GR3D_FREQ 99% cpu@62.5C soc2@61.531C soc0@62.25C gpu@63.062C tj@63.062C soc1@61.375C VDD_IN 16728mW/16908mW VDD_CPU_GPU_CV 7363mW/7929mW VDD_SOC 4086mW/3902mW
08-11-2026 21:04:59 RAM 6351/7607MB (lfb 2x1MB) SWAP 1365/16384MB (cached 125MB) CPU [2%@729,4%@729,1%@729,2%@729,0%@729,65%@729] GR3D_FREQ 46% cpu@62.156C soc2@61.562C soc0@62.375C gpu@63.375C tj@63.375C soc1@61.25C VDD_IN 16570mW/16907mW VDD_CPU_GPU_CV 7716mW/7928mW VDD_SOC 3890mW/3902mW
08-11-2026 21:05:00 RAM 6352/7607MB (lfb 2x1MB) SWAP 1365/16384MB (cached 125MB) CPU [1%@729,1%@729,5%@729,3%@729,0%@729,69%@729] GR3D_FREQ 98% cpu@62.406C soc2@61.531C soc0@62.218C gpu@63.718C tj@63.718C soc1@61.25C VDD_IN 17722mW/16910mW VDD_CPU_GPU_CV 8549mW/7931mW VDD_SOC 4040mW/3902mW
08-11-2026 21:05:01 RAM 6352/7607MB (lfb 2x1MB) SWAP 1365/16384MB (cached 125MB) CPU [1%@729,2%@729,7%@729,3%@729,0%@1344,70%@1344] GR3D_FREQ 98% cpu@62.406C soc2@61.5C soc0@62.187C gpu@64.062C tj@64.062C soc1@61.312C VDD_IN 17565mW/16912mW VDD_CPU_GPU_CV 8627mW/7933mW VDD_SOC 3883mW/3902mW
08-11-2026 21:05:02 RAM 6353/7607MB (lfb 2x1MB) SWAP 1365/16384MB (cached 125MB) CPU [2%@729,2%@729,2%@729,4%@729,0%@1344,59%@1344] GR3D_FREQ 97% cpu@62.593C soc2@61.5C soc0@62.218C gpu@63.968C tj@63.968C soc1@61.343C VDD_IN 17368mW/16914mW VDD_CPU_GPU_CV 8446mW/7935mW VDD_SOC 3923mW/3902mW
08-11-2026 21:05:03 RAM 6362/7607MB (lfb 2x1MB) SWAP 1365/16384MB (cached 125MB) CPU [7%@729,5%@729,19%@729,4%@729,1%@1344,62%@1344] GR3D_FREQ 98% cpu@62.343C soc2@61.593C soc0@62.25C gpu@64.062C tj@64.062C soc1@61.375C VDD_IN 17486mW/16916mW VDD_CPU_GPU_CV 8485mW/7937mW VDD_SOC 3923mW/3902mW
08-11-2026 21:05:04 RAM 6374/7607MB (lfb 2x1MB) SWAP 1365/16384MB (cached 125MB) CPU [3%@729,3%@729,2%@729,8%@729,0%@1344,62%@1344] GR3D_FREQ 98% cpu@62.406C soc2@61.593C soc0@62.343C gpu@64.125C tj@64.125C soc1@61.25C VDD_IN 17408mW/16917mW VDD_CPU_GPU_CV 8329mW/7938mW VDD_SOC 3962mW/3902mW
08-11-2026 21:05:05 RAM 6374/7607MB (lfb 2x1MB) SWAP 1365/16384MB (cached 125MB) CPU [5%@729,4%@729,1%@729,1%@729,0%@729,60%@729] GR3D_FREQ 97% cpu@62.437C soc2@61.593C soc0@62.281C gpu@63.968C tj@63.968C soc1@61.343C VDD_IN 17250mW/16918mW VDD_CPU_GPU_CV 8055mW/7939mW VDD_SOC 4001mW/3903mW
08-11-2026 21:05:06 RAM 6375/7607MB (lfb 2x1MB) SWAP 1365/16384MB (cached 125MB) CPU [5%@729,2%@729,2%@729,1%@729,0%@1344,62%@1344] GR3D_FREQ 98% cpu@62.468C soc2@61.468C soc0@62.25C gpu@63.812C tj@63.812C soc1@61.375C VDD_IN 17133mW/16919mW VDD_CPU_GPU_CV 7859mW/7938mW VDD_SOC 4040mW/3903mW
08-11-2026 21:05:07 RAM 6375/7607MB (lfb 2x1MB) SWAP 1365/16384MB (cached 125MB) CPU [3%@729,2%@729,1%@729,8%@729,0%@1344,63%@1344] GR3D_FREQ 98% cpu@62.718C soc2@61.5C soc0@62.406C gpu@63.781C tj@63.781C soc1@61.343C VDD_IN 16936mW/16919mW VDD_CPU_GPU_CV 7547mW/7937mW VDD_SOC 4119mW/3904mW
08-11-2026 21:05:08 RAM 6376/7607MB (lfb 2x1MB) SWAP 1365/16384MB (cached 125MB) CPU [2%@729,5%@729,2%@729,2%@729,0%@806,59%@806] GR3D_FREQ 99% cpu@62.593C soc2@61.625C soc0@62.312C gpu@63.25C tj@63.25C soc1@61.468C VDD_IN 16609mW/16918mW VDD_CPU_GPU_CV 7246mW/7935mW VDD_SOC 4086mW/3905mW
08-11-2026 21:05:09 RAM 6378/7607MB (lfb 1x1MB) SWAP 1365/16384MB (cached 125MB) CPU [9%@729,12%@729,12%@729,4%@729,0%@729,65%@729] GR3D_FREQ 58% cpu@62.343C soc2@61.531C soc0@62.25C gpu@63.437C tj@63.437C soc1@61.218C VDD_IN 16531mW/16917mW VDD_CPU_GPU_CV 7716mW/7934mW VDD_SOC 3890mW/3905mW
08-11-2026 21:05:10 RAM 6379/7607MB (lfb 1x1MB) SWAP 1365/16384MB (cached 125MB) CPU [3%@729,2%@729,1%@729,4%@729,0%@883,69%@883] GR3D_FREQ 98% cpu@62.5C soc2@61.625C soc0@62.25C gpu@64.312C tj@64.312C soc1@61.375C VDD_IN 17643mW/16919mW VDD_CPU_GPU_CV 8510mW/7936mW VDD_SOC 4001mW/3905mW
08-11-2026 21:05:11 RAM 6380/7607MB (lfb 1x1MB) SWAP 1365/16384MB (cached 125MB) CPU [2%@729,2%@729,2%@729,4%@729,0%@1344,71%@1344] GR3D_FREQ 98% cpu@62.406C soc2@61.656C soc0@62.343C gpu@63.875C tj@63.875C soc1@61.343C VDD_IN 17565mW/16922mW VDD_CPU_GPU_CV 8627mW/7938mW VDD_SOC 3883mW/3905mW
08-11-2026 21:05:12 RAM 6381/7607MB (lfb 1x1MB) SWAP 1365/16384MB (cached 125MB) CPU [2%@729,3%@729,2%@729,5%@729,0%@1344,60%@1344] GR3D_FREQ 98% cpu@62.593C soc2@61.625C soc0@62.343C gpu@63.781C tj@63.781C soc1@61.437C VDD_IN 17486mW/16923mW VDD_CPU_GPU_CV 8524mW/7940mW VDD_SOC 3923mW/3905mW
08-11-2026 21:05:13 RAM 6381/7607MB (lfb 1x1MB) SWAP 1365/16384MB (cached 125MB) CPU [2%@729,2%@729,2%@729,5%@729,0%@1344,63%@1344] GR3D_FREQ 98% cpu@62.375C soc2@61.593C soc0@62.437C gpu@63.843C tj@63.843C soc1@61.312C VDD_IN 17486mW/16925mW VDD_CPU_GPU_CV 8446mW/7942mW VDD_SOC 3923mW/3905mW
08-11-2026 21:05:14 RAM 6383/7607MB (lfb 1x1MB) SWAP 1365/16384MB (cached 125MB) CPU [8%@1344,3%@1344,3%@1344,3%@1344,0%@1036,62%@1036] GR3D_FREQ 98% cpu@62.75C soc2@61.625C soc0@62.218C gpu@63.812C tj@63.812C soc1@61.281C VDD_IN 17526mW/16927mW VDD_CPU_GPU_CV 8446mW/7944mW VDD_SOC 3962mW/3905mW
08-11-2026 21:05:15 RAM 6382/7607MB (lfb 1x1MB) SWAP 1365/16384MB (cached 125MB) CPU [3%@729,5%@729,7%@729,17%@729,0%@1344,61%@1344] GR3D_FREQ 93% cpu@62.562C soc2@61.593C soc0@62.312C gpu@63.687C tj@63.937C soc1@61.375C VDD_IN 17290mW/16929mW VDD_CPU_GPU_CV 8172mW/7944mW VDD_SOC 4001mW/3905mW
08-11-2026 21:05:16 RAM 6383/7607MB (lfb 1x1MB) SWAP 1365/16384MB (cached 125MB) CPU [4%@729,1%@729,4%@729,3%@729,0%@1344,62%@1344] GR3D_FREQ 98% cpu@62.437C soc2@61.5C soc0@62.343C gpu@63.968C tj@63.968C soc1@61.375C VDD_IN 17172mW/16929mW VDD_CPU_GPU_CV 7938mW/7944mW VDD_SOC 4040mW/3906mW
08-11-2026 21:05:17 RAM 6384/7607MB (lfb 1x1MB) SWAP 1365/16384MB (cached 125MB) CPU [2%@729,4%@729,2%@729,8%@729,0%@1344,63%@1344] GR3D_FREQ 98% cpu@62.531C soc2@61.531C soc0@62.312C gpu@63.843C tj@63.843C soc1@61.437C VDD_IN 17093mW/16930mW VDD_CPU_GPU_CV 7703mW/7944mW VDD_SOC 4080mW/3906mW
08-11-2026 21:05:18 RAM 6384/7607MB (lfb 1x1MB) SWAP 1365/16384MB (cached 125MB) CPU [2%@729,0%@729,1%@729,5%@729,0%@1344,61%@1344] GR3D_FREQ 99% cpu@62.687C soc2@61.625C soc0@62.437C gpu@63.687C tj@63.687C soc1@61.343C VDD_IN 16857mW/16930mW VDD_CPU_GPU_CV 7324mW/7941mW VDD_SOC 4165mW/3907mW
08-11-2026 21:05:19 RAM 6384/7607MB (lfb 1x1MB) SWAP 1365/16384MB (cached 125MB) CPU [3%@729,3%@729,2%@729,5%@729,0%@729,60%@729] GR3D_FREQ 99% cpu@62.281C soc2@61.625C soc0@62.281C gpu@63.812C tj@63.812C soc1@61.343C VDD_IN 16531mW/16928mW VDD_CPU_GPU_CV 7716mW/7941mW VDD_SOC 3890mW/3907mW
08-11-2026 21:05:20 RAM 6379/7607MB (lfb 1x1MB) SWAP 1365/16384MB (cached 125MB) CPU [8%@1344,11%@1344,8%@1344,7%@1344,6%@729,70%@729] GR3D_FREQ 99% cpu@62.687C soc2@61.625C soc0@62.312C gpu@63.25C tj@63.25C soc1@61.437C VDD_IN 17211mW/16929mW VDD_CPU_GPU_CV 8290mW/7942mW VDD_SOC 3883mW/3907mW
08-11-2026 21:05:21 RAM 6381/7607MB (lfb 1x1MB) SWAP 1365/16384MB (cached 125MB) CPU [3%@729,2%@729,3%@729,5%@729,0%@1344,70%@1344] GR3D_FREQ 96% cpu@62.312C soc2@61.656C soc0@62.343C gpu@63.812C tj@63.812C soc1@61.5C VDD_IN 17486mW/16931mW VDD_CPU_GPU_CV 8563mW/7944mW VDD_SOC 3923mW/3907mW
08-11-2026 21:05:22 RAM 6384/7607MB (lfb 1x1MB) SWAP 1365/16384MB (cached 125MB) CPU [2%@729,1%@729,3%@729,6%@729,0%@1344,64%@1344] GR3D_FREQ 98% cpu@62.437C soc2@61.562C soc0@62.437C gpu@63.812C tj@63.812C soc1@61.343C VDD_IN 17526mW/16933mW VDD_CPU_GPU_CV 8563mW/7946mW VDD_SOC 3923mW/3907mW
08-11-2026 21:05:23 RAM 6382/7607MB (lfb 1x1MB) SWAP 1365/16384MB (cached 125MB) CPU [5%@729,1%@729,1%@729,3%@729,0%@1344,63%@1344] GR3D_FREQ 98% cpu@62.562C soc2@61.625C soc0@62.406C gpu@63.906C tj@63.906C soc1@61.281C VDD_IN 17526mW/16935mW VDD_CPU_GPU_CV 8524mW/7948mW VDD_SOC 3923mW/3907mW
08-11-2026 21:05:24 RAM 6383/7607MB (lfb 1x1MB) SWAP 1365/16384MB (cached 125MB) CPU [6%@729,3%@729,1%@729,1%@729,0%@729,59%@729] GR3D_FREQ 97% cpu@62.406C soc2@61.625C soc0@62.281C gpu@63.781C tj@63.781C soc1@61.375C VDD_IN 17290mW/16936mW VDD_CPU_GPU_CV 8290mW/7949mW VDD_SOC 3962mW/3908mW
08-11-2026 21:05:25 RAM 6383/7607MB (lfb 1x1MB) SWAP 1365/16384MB (cached 125MB) CPU [5%@729,1%@729,2%@729,3%@729,0%@1344,63%@1344] GR3D_FREQ 98% cpu@62.593C soc2@61.593C soc0@62.406C gpu@64.031C tj@64.031C soc1@61.406C VDD_IN 17329mW/16938mW VDD_CPU_GPU_CV 8211mW/7950mW VDD_SOC 3962mW/3908mW
08-11-2026 21:05:26 RAM 6385/7607MB (lfb 1x1MB) SWAP 1365/16384MB (cached 125MB) CPU [8%@729,5%@729,8%@729,5%@729,13%@1344,63%@1344] GR3D_FREQ 97% cpu@62.437C soc2@61.656C soc0@62.468C gpu@64.093C tj@64.093C soc1@61.468C VDD_IN 17408mW/16939mW VDD_CPU_GPU_CV 8172mW/7951mW VDD_SOC 4040mW/3908mW
08-11-2026 21:05:27 RAM 6385/7607MB (lfb 1x1MB) SWAP 1365/16384MB (cached 125MB) CPU [1%@729,4%@729,7%@729,2%@729,0%@729,59%@729] GR3D_FREQ 97% cpu@62.406C soc2@61.656C soc0@62.375C gpu@64C tj@64C soc1@61.375C VDD_IN 17093mW/16940mW VDD_CPU_GPU_CV 7703mW/7950mW VDD_SOC 4080mW/3909mW
08-11-2026 21:05:28 RAM 6385/7607MB (lfb 1x1MB) SWAP 1365/16384MB (cached 125MB) CPU [3%@729,3%@729,3%@729,2%@729,0%@1344,62%@1344] GR3D_FREQ 98% cpu@62.625C soc2@61.625C soc0@62.218C gpu@63.906C tj@63.906C soc1@61.406C VDD_IN 16818mW/16939mW VDD_CPU_GPU_CV 7363mW/7948mW VDD_SOC 4126mW/3909mW
08-11-2026 21:05:29 RAM 6386/7607MB (lfb 1x1MB) SWAP 1365/16384MB (cached 125MB) CPU [3%@729,3%@729,4%@729,2%@729,0%@729,59%@729] GR3D_FREQ 96% cpu@62.75C soc2@61.625C soc0@62.375C gpu@63.687C tj@63.687C soc1@61.437C VDD_IN 16570mW/16938mW VDD_CPU_GPU_CV 7559mW/7947mW VDD_SOC 3968mW/3910mW
08-11-2026 21:05:30 RAM 6386/7607MB (lfb 1x1MB) SWAP 1365/16384MB (cached 125MB) CPU [2%@729,2%@729,1%@729,5%@729,0%@729,67%@729] GR3D_FREQ 99% cpu@62.531C soc2@61.687C soc0@62.406C gpu@63.718C tj@63.718C soc1@61.437C VDD_IN 16897mW/16938mW VDD_CPU_GPU_CV 8016mW/7947mW VDD_SOC 3890mW/3910mW
08-11-2026 21:05:31 RAM 6386/7607MB (lfb 1x1MB) SWAP 1365/16384MB (cached 125MB) CPU [3%@729,3%@729,2%@729,5%@729,0%@729,71%@729] GR3D_FREQ 99% cpu@62.375C soc2@61.687C soc0@62.5C gpu@64.187C tj@64.187C soc1@61.406C VDD_IN 17683mW/16940mW VDD_CPU_GPU_CV 8705mW/7949mW VDD_SOC 3923mW/3910mW
08-11-2026 21:05:32 RAM 6388/7607MB (lfb 1x1MB) SWAP 1365/16384MB (cached 125MB) CPU [9%@729,12%@729,9%@729,6%@729,0%@1344,66%@1344] GR3D_FREQ 98% cpu@62.468C soc2@61.625C soc0@62.437C gpu@63.968C tj@63.968C soc1@61.406C VDD_IN 17643mW/16943mW VDD_CPU_GPU_CV 8666mW/7952mW VDD_SOC 3923mW/3910mW
08-11-2026 21:05:33 RAM 6389/7607MB (lfb 1x1MB) SWAP 1365/16384MB (cached 125MB) CPU [3%@729,2%@729,2%@729,3%@729,0%@960,61%@960] GR3D_FREQ 98% cpu@62.531C soc2@61.687C soc0@62.406C gpu@64.281C tj@64.281C soc1@61.437C VDD_IN 17486mW/16944mW VDD_CPU_GPU_CV 8563mW/7954mW VDD_SOC 3923mW/3910mW
08-11-2026 21:05:34 RAM 6390/7607MB (lfb 1x1MB) SWAP 1365/16384MB (cached 125MB) CPU [5%@729,2%@729,6%@729,1%@729,0%@1344,60%@1344] GR3D_FREQ 93% cpu@62.718C soc2@61.625C soc0@62.343C gpu@64.187C tj@64.187C soc1@61.437C VDD_IN 17408mW/16946mW VDD_CPU_GPU_CV 8329mW/7955mW VDD_SOC 3962mW/3910mW
08-11-2026 21:05:35 RAM 6390/7607MB (lfb 1x1MB) SWAP 1365/16384MB (cached 125MB) CPU [0%@729,2%@729,4%@729,1%@729,0%@1344,63%@1344] GR3D_FREQ 98% cpu@62.437C soc2@61.656C soc0@62.468C gpu@64.343C tj@64.343C soc1@61.562C VDD_IN 17329mW/16947mW VDD_CPU_GPU_CV 8250mW/7956mW VDD_SOC 3962mW/3910mW
08-11-2026 21:05:36 RAM 6391/7607MB (lfb 1x1MB) SWAP 1365/16384MB (cached 125MB) CPU [3%@729,3%@729,2%@729,4%@729,0%@1344,63%@1344] GR3D_FREQ 98% cpu@62.593C soc2@61.656C soc0@62.531C gpu@63.812C tj@63.812C soc1@61.343C VDD_IN 17290mW/16948mW VDD_CPU_GPU_CV 8094mW/7956mW VDD_SOC 4001mW/3910mW
08-11-2026 21:05:37 RAM 6391/7607MB (lfb 1x1MB) SWAP 1365/16384MB (cached 125MB) CPU [2%@729,2%@729,5%@729,4%@729,0%@1344,59%@1344] GR3D_FREQ 92% cpu@62.437C soc2@61.593C soc0@62.312C gpu@63.781C tj@63.781C soc1@61.343C VDD_IN 17093mW/16948mW VDD_CPU_GPU_CV 7781mW/7956mW VDD_SOC 4080mW/3911mW
08-11-2026 21:05:38 RAM 6392/7607MB (lfb 1x1MB) SWAP 1365/16384MB (cached 125MB) CPU [7%@729,16%@729,7%@729,5%@729,0%@1344,63%@1344] GR3D_FREQ 98% cpu@62.656C soc2@61.593C soc0@62.343C gpu@63.75C tj@63.75C soc1@61.406C VDD_IN 17015mW/16949mW VDD_CPU_GPU_CV 7547mW/7954mW VDD_SOC 4119mW/3911mW
08-11-2026 21:05:39 RAM 6393/7607MB (lfb 1x1MB) SWAP 1365/16384MB (cached 125MB) CPU [3%@729,2%@729,2%@729,4%@729,0%@729,58%@729] GR3D_FREQ 97% cpu@62.843C soc2@61.625C soc0@62.406C gpu@63.437C tj@63.437C soc1@61.5C VDD_IN 16531mW/16947mW VDD_CPU_GPU_CV 7441mW/7953mW VDD_SOC 4008mW/3912mW
08-11-2026 21:05:40 RAM 6393/7607MB (lfb 1x1MB) SWAP 1365/16384MB (cached 125MB) CPU [3%@729,2%@729,1%@729,5%@729,0%@729,68%@729] GR3D_FREQ 99% cpu@62.375C soc2@61.718C soc0@62.406C gpu@63.5C tj@63.5C soc1@61.5C VDD_IN 16806mW/16947mW VDD_CPU_GPU_CV 7899mW/7952mW VDD_SOC 3890mW/3912mW
08-11-2026 21:05:41 RAM 6393/7607MB (lfb 1x1MB) SWAP 1365/16384MB (cached 125MB) CPU [2%@729,2%@729,3%@729,4%@729,0%@1344,70%@1344] GR3D_FREQ 99% cpu@62.562C soc2@61.781C soc0@62.5C gpu@64.187C tj@64.187C soc1@61.375C VDD_IN 17801mW/16950mW VDD_CPU_GPU_CV 8705mW/7955mW VDD_SOC 4001mW/3912mW
08-11-2026 21:05:42 RAM 6392/7607MB (lfb 1x1MB) SWAP 1365/16384MB (cached 125MB) CPU [1%@729,2%@729,2%@729,4%@729,0%@1344,67%@1344] GR3D_FREQ 98% cpu@62.687C soc2@61.718C soc0@62.375C gpu@64.062C tj@64.062C soc1@61.375C VDD_IN 17565mW/16951mW VDD_CPU_GPU_CV 8641mW/7957mW VDD_SOC 3923mW/3912mW
08-11-2026 21:05:43 RAM 6393/7607MB (lfb 1x1MB) SWAP 1365/16384MB (cached 125MB) CPU [4%@1344,6%@1344,5%@1344,2%@1344,0%@883,60%@883] GR3D_FREQ 98% cpu@62.75C soc2@61.687C soc0@62.312C gpu@64.125C tj@64.125C soc1@61.468C VDD_IN 17565mW/16953mW VDD_CPU_GPU_CV 8602mW/7959mW VDD_SOC 3923mW/3912mW
08-11-2026 21:05:44 RAM 6393/7607MB (lfb 1x1MB) SWAP 1365/16384MB (cached 125MB) CPU [12%@729,6%@729,5%@729,10%@729,0%@1344,61%@1344] GR3D_FREQ 98% cpu@62.781C soc2@61.687C soc0@62.406C gpu@64.093C tj@64.093C soc1@61.468C VDD_IN 17447mW/16955mW VDD_CPU_GPU_CV 8407mW/7960mW VDD_SOC 3962mW/3912mW
08-11-2026 21:05:45 RAM 6394/7607MB (lfb 1x1MB) SWAP 1365/16384MB (cached 125MB) CPU [2%@729,1%@729,3%@729,3%@729,0%@1344,63%@1344] GR3D_FREQ 98% cpu@62.5C soc2@61.656C soc0@62.531C gpu@64C tj@64C soc1@61.5C VDD_IN 17368mW/16956mW VDD_CPU_GPU_CV 8290mW/7961mW VDD_SOC 3962mW/3912mW
08-11-2026 21:05:46 RAM 6394/7607MB (lfb 1x1MB) SWAP 1365/16384MB (cached 125MB) CPU [2%@729,2%@729,2%@729,5%@729,0%@960,62%@960] GR3D_FREQ 98% cpu@62.531C soc2@61.687C soc0@62.593C gpu@63.937C tj@63.937C soc1@61.375C VDD_IN 17290mW/16957mW VDD_CPU_GPU_CV 8133mW/7962mW VDD_SOC 4001mW/3913mW
08-11-2026 21:05:47 RAM 6395/7607MB (lfb 1x1MB) SWAP 1365/16384MB (cached 125MB) CPU [3%@729,1%@729,8%@729,6%@729,0%@1344,61%@1344] GR3D_FREQ 93% cpu@62.75C soc2@61.593C soc0@62.375C gpu@63.875C tj@63.875C soc1@61.5C VDD_IN 17133mW/16958mW VDD_CPU_GPU_CV 7820mW/7961mW VDD_SOC 4080mW/3913mW
08-11-2026 21:05:48 RAM 6396/7607MB (lfb 1x1MB) SWAP 1365/16384MB (cached 125MB) CPU [3%@729,2%@729,1%@729,4%@729,0%@1344,63%@1344] GR3D_FREQ 98% cpu@62.593C soc2@61.656C soc0@62.437C gpu@64.031C tj@64.031C soc1@61.531C VDD_IN 17015mW/16958mW VDD_CPU_GPU_CV 7547mW/7960mW VDD_SOC 4119mW/3914mW
08-11-2026 21:05:49 RAM 6395/7607MB (lfb 1x1MB) SWAP 1365/16384MB (cached 125MB) CPU [10%@729,6%@729,4%@729,17%@729,0%@729,61%@729] GR3D_FREQ 99% cpu@63.031C soc2@61.781C soc0@62.5C gpu@63.531C tj@63.531C soc1@61.593C VDD_IN 16897mW/16958mW VDD_CPU_GPU_CV 7547mW/7959mW VDD_SOC 4086mW/3914mW
08-11-2026 21:05:50 RAM 6395/7607MB (lfb 1x1MB) SWAP 1365/16384MB (cached 125MB) CPU [2%@729,5%@729,3%@729,2%@729,0%@729,66%@729] GR3D_FREQ 51% cpu@62.343C soc2@61.843C soc0@62.562C gpu@63.812C tj@63.812C soc1@61.437C VDD_IN 16609mW/16957mW VDD_CPU_GPU_CV 7755mW/7958mW VDD_SOC 3890mW/3914mW
08-11-2026 21:05:51 RAM 6395/7607MB (lfb 1x1MB) SWAP 1365/16384MB (cached 125MB) CPU [2%@729,2%@729,2%@729,4%@729,0%@729,70%@729] GR3D_FREQ 98% cpu@62.593C soc2@61.75C soc0@62.468C gpu@64.312C tj@64.312C soc1@61.406C VDD_IN 17840mW/16959mW VDD_CPU_GPU_CV 8588mW/7960mW VDD_SOC 4040mW/3915mW
08-11-2026 21:05:52 RAM 6396/7607MB (lfb 1x1MB) SWAP 1365/16384MB (cached 125MB) CPU [3%@729,1%@729,2%@729,4%@729,0%@1344,69%@1344] GR3D_FREQ 98% cpu@62.812C soc2@61.75C soc0@62.406C gpu@64.312C tj@64.031C soc1@61.5C VDD_IN 17604mW/16961mW VDD_CPU_GPU_CV 8666mW/7962mW VDD_SOC 3883mW/3914mW
08-11-2026 21:05:53 RAM 6396/7607MB (lfb 1x1MB) SWAP 1365/16384MB (cached 125MB) CPU [2%@729,5%@729,5%@729,4%@729,0%@1344,59%@1344] GR3D_FREQ 93% cpu@62.5C soc2@61.718C soc0@62.437C gpu@63.968C tj@63.968C soc1@61.531C VDD_IN 17526mW/16963mW VDD_CPU_GPU_CV 8485mW/7964mW VDD_SOC 3923mW/3915mW
08-11-2026 21:05:54 RAM 6397/7607MB (lfb 1x1MB) SWAP 1365/16384MB (cached 125MB) CPU [2%@729,1%@729,3%@729,5%@729,0%@1344,64%@1344] GR3D_FREQ 98% cpu@62.812C soc2@61.843C soc0@62.531C gpu@64.062C tj@64.062C soc1@61.687C VDD_IN 17486mW/16965mW VDD_CPU_GPU_CV 8485mW/7965mW VDD_SOC 3923mW/3915mW
08-11-2026 21:05:55 RAM 6398/7607MB (lfb 1x1MB) SWAP 1365/16384MB (cached 125MB) CPU [7%@729,5%@729,18%@729,8%@729,1%@1344,62%@1344] GR3D_FREQ 98% cpu@62.718C soc2@61.875C soc0@62.625C gpu@64.031C tj@64.031C soc1@61.437C VDD_IN 17526mW/16966mW VDD_CPU_GPU_CV 8485mW/7967mW VDD_SOC 3962mW/3915mW
08-11-2026 21:05:56 RAM 6398/7607MB (lfb 1x1MB) SWAP 1365/16384MB (cached 125MB) CPU [3%@729,2%@729,2%@729,3%@729,0%@1344,59%@1344] GR3D_FREQ 92% cpu@62.5C soc2@61.687C soc0@62.437C gpu@63.875C tj@63.875C soc1@61.5C VDD_IN 17211mW/16967mW VDD_CPU_GPU_CV 8055mW/7967mW VDD_SOC 4001mW/3915mW
08-11-2026 21:05:57 RAM 6398/7607MB (lfb 1x1MB) SWAP 1365/16384MB (cached 125MB) CPU [2%@729,3%@729,2%@729,8%@729,0%@1344,63%@1344] GR3D_FREQ 98% cpu@62.812C soc2@61.687C soc0@62.531C gpu@64.312C tj@64.312C soc1@61.562C VDD_IN 17172mW/16968mW VDD_CPU_GPU_CV 7899mW/7967mW VDD_SOC 4040mW/3915mW
08-11-2026 21:05:58 RAM 6398/7607MB (lfb 1x1MB) SWAP 1365/16384MB (cached 125MB) CPU [2%@729,1%@729,2%@729,5%@729,18%@1344,45%@1344] GR3D_FREQ 98% cpu@62.562C soc2@61.781C soc0@62.562C gpu@64.281C tj@64.281C soc1@61.531C VDD_IN 17054mW/16968mW VDD_CPU_GPU_CV 7625mW/7966mW VDD_SOC 4080mW/3916mW
08-11-2026 21:05:59 RAM 6399/7607MB (lfb 1x1MB) SWAP 1365/16384MB (cached 125MB) CPU [5%@1113,4%@1113,2%@1113,2%@1113,58%@1036,0%@1036] GR3D_FREQ 99% cpu@62.843C soc2@61.843C soc0@62.531C gpu@63.656C tj@63.656C soc1@61.5C VDD_IN 16728mW/16967mW VDD_CPU_GPU_CV 7167mW/7964mW VDD_SOC 4165mW/3917mW
08-11-2026 21:06:00 RAM 6399/7607MB (lfb 1x1MB) SWAP 1365/16384MB (cached 125MB) CPU [3%@729,1%@729,5%@729,4%@729,64%@729,0%@729] GR3D_FREQ 99% cpu@62.625C soc2@61.75C soc0@62.437C gpu@63.843C tj@63.843C soc1@61.468C VDD_IN 16649mW/16966mW VDD_CPU_GPU_CV 7833mW/7963mW VDD_SOC 3851mW/3916mW
08-11-2026 21:06:01 RAM 6401/7607MB (lfb 1x1MB) SWAP 1365/16384MB (cached 125MB) CPU [6%@729,9%@729,15%@729,6%@729,68%@729,0%@729] GR3D_FREQ 99% cpu@62.593C soc2@61.718C soc0@62.531C gpu@64.25C tj@64.25C soc1@61.593C VDD_IN 17447mW/16968mW VDD_CPU_GPU_CV 8393mW/7965mW VDD_SOC 3962mW/3916mW
08-11-2026 21:06:02 RAM 6402/7607MB (lfb 1x1MB) SWAP 1365/16384MB (cached 125MB) CPU [63%@1113,3%@1113,2%@1113,5%@1113,8%@729,0%@729] GR3D_FREQ 97% cpu@62.781C soc2@61.875C soc0@62.593C gpu@64.468C tj@64.468C soc1@61.656C VDD_IN 17604mW/16969mW VDD_CPU_GPU_CV 8666mW/7967mW VDD_SOC 3883mW/3916mW
08-11-2026 21:06:03 RAM 6402/7607MB (lfb 1x1MB) SWAP 1365/16384MB (cached 125MB) CPU [62%@1344,2%@1344,3%@1344,3%@1344,0%@729,0%@729] GR3D_FREQ 98% cpu@62.937C soc2@61.843C soc0@62.5C gpu@63.875C tj@63.875C soc1@61.5C VDD_IN 17447mW/16971mW VDD_CPU_GPU_CV 8446mW/7968mW VDD_SOC 3923mW/3916mW
08-11-2026 21:06:04 RAM 6402/7607MB (lfb 1x1MB) SWAP 1365/16384MB (cached 125MB) CPU [64%@1344,2%@1344,2%@1344,5%@1344,0%@729,0%@729] GR3D_FREQ 98% cpu@63.187C soc2@61.812C soc0@62.437C gpu@63.906C tj@63.906C soc1@61.593C VDD_IN 17408mW/16972mW VDD_CPU_GPU_CV 8407mW/7969mW VDD_SOC 3923mW/3916mW
08-11-2026 21:06:05 RAM 6402/7607MB (lfb 1x1MB) SWAP 1365/16384MB (cached 125MB) CPU [63%@1344,4%@1344,3%@1344,2%@1344,0%@729,0%@729] GR3D_FREQ 98% cpu@62.937C soc2@61.812C soc0@62.531C gpu@63.937C tj@63.937C soc1@61.687C VDD_IN 17329mW/16973mW VDD_CPU_GPU_CV 8329mW/7970mW VDD_SOC 3962mW/3917mW
08-11-2026 21:06:06 RAM 6407/7607MB (lfb 1x1MB) SWAP 1365/16384MB (cached 125MB) CPU [60%@1344,1%@1344,2%@1344,5%@1344,0%@729,0%@729] GR3D_FREQ 91% cpu@62.875C soc2@61.875C soc0@62.5C gpu@63.968C tj@63.968C soc1@61.656C VDD_IN 17172mW/16974mW VDD_CPU_GPU_CV 8016mW/7970mW VDD_SOC 4001mW/3917mW
08-11-2026 21:06:07 RAM 6407/7607MB (lfb 1x1MB) SWAP 1365/16384MB (cached 125MB) CPU [19%@729,7%@729,13%@729,15%@729,46%@1344,1%@1344] GR3D_FREQ 98% cpu@62.562C soc2@61.718C soc0@62.593C gpu@63.937C tj@63.937C soc1@61.5C VDD_IN 17054mW/16974mW VDD_CPU_GPU_CV 7859mW/7970mW VDD_SOC 4001mW/3917mW
08-11-2026 21:06:08 RAM 6407/7607MB (lfb 1x1MB) SWAP 1365/16384MB (cached 125MB) CPU [5%@1344,5%@1344,2%@1344,2%@1344,64%@1344,0%@1344] GR3D_FREQ 98% cpu@62.656C soc2@61.75C soc0@62.468C gpu@63.843C tj@63.843C soc1@61.468C VDD_IN 16897mW/16974mW VDD_CPU_GPU_CV 7586mW/7969mW VDD_SOC 4086mW/3918mW
08-11-2026 21:06:09 RAM 6407/7607MB (lfb 1x1MB) SWAP 1365/16384MB (cached 125MB) CPU [2%@729,1%@729,1%@729,5%@729,59%@1113,0%@1113] GR3D_FREQ 99% cpu@62.906C soc2@61.781C soc0@62.562C gpu@63.343C tj@63.343C soc1@61.562C VDD_IN 16609mW/16973mW VDD_CPU_GPU_CV 7128mW/7967mW VDD_SOC 4126mW/3918mW
08-11-2026 21:06:10 RAM 6407/7607MB (lfb 1x1MB) SWAP 1365/16384MB (cached 125MB) CPU [2%@729,4%@729,2%@729,1%@729,63%@729,0%@729] GR3D_FREQ 98% cpu@62.687C soc2@61.718C soc0@62.531C gpu@63.906C tj@63.906C soc1@61.562C VDD_IN 16491mW/16971mW VDD_CPU_GPU_CV 7716mW/7966mW VDD_SOC 3851mW/3918mW
08-11-2026 21:06:11 RAM 6407/7607MB (lfb 1x1MB) SWAP 1365/16384MB (cached 125MB) CPU [2%@729,2%@729,1%@729,3%@729,68%@729,0%@729] GR3D_FREQ 99% cpu@63.062C soc2@61.968C soc0@62.312C gpu@63.937C tj@63.937C soc1@61.593C VDD_IN 17329mW/16972mW VDD_CPU_GPU_CV 8329mW/7967mW VDD_SOC 3923mW/3918mW
08-11-2026 21:06:12 RAM 6408/7607MB (lfb 1x1MB) SWAP 1365/16384MB (cached 125MB) CPU [7%@1344,12%@1344,7%@1344,7%@1344,70%@1036,0%@1036] GR3D_FREQ 98% cpu@62.906C soc2@61.843C soc0@62.593C gpu@63.968C tj@63.968C soc1@61.531C VDD_IN 17683mW/16974mW VDD_CPU_GPU_CV 8744mW/7969mW VDD_SOC 3883mW/3918mW
08-11-2026 21:06:13 RAM 6408/7607MB (lfb 1x1MB) SWAP 1365/16384MB (cached 125MB) CPU [9%@729,1%@729,2%@729,3%@729,61%@1344,1%@1344] GR3D_FREQ 98% cpu@62.625C soc2@61.843C soc0@62.531C gpu@63.968C tj@63.968C soc1@61.468C VDD_IN 17408mW/16976mW VDD_CPU_GPU_CV 8485mW/7971mW VDD_SOC 3923mW/3918mW
08-11-2026 21:06:14 RAM 6408/7607MB (lfb 1x1MB) SWAP 1365/16384MB (cached 125MB) CPU [1%@729,4%@729,1%@729,3%@729,65%@1344,0%@1344] GR3D_FREQ 97% cpu@62.812C soc2@61.687C soc0@62.531C gpu@63.968C tj@63.968C soc1@61.593C VDD_IN 17408mW/16977mW VDD_CPU_GPU_CV 8407mW/7972mW VDD_SOC 3923mW/3918mW
08-11-2026 21:06:15 RAM 6408/7607MB (lfb 1x1MB) SWAP 1365/16384MB (cached 125MB) CPU [2%@729,5%@729,3%@729,1%@729,62%@960,0%@960] GR3D_FREQ 97% cpu@62.5C soc2@61.812C soc0@62.625C gpu@64C tj@64C soc1@61.593C VDD_IN 17290mW/16978mW VDD_CPU_GPU_CV 8290mW/7973mW VDD_SOC 3923mW/3918mW
08-11-2026 21:06:16 RAM 6408/7607MB (lfb 1x1MB) SWAP 1365/16384MB (cached 125MB) CPU [2%@729,2%@729,2%@729,2%@729,60%@1344,1%@1344] GR3D_FREQ 89% cpu@62.906C soc2@61.718C soc0@62.5C gpu@64.187C tj@64.187C soc1@61.656C VDD_IN 17133mW/16978mW VDD_CPU_GPU_CV 8016mW/7973mW VDD_SOC 3962mW/3918mW
08-11-2026 21:06:17 RAM 6408/7607MB (lfb 1x1MB) SWAP 1365/16384MB (cached 125MB) CPU [6%@729,5%@729,2%@729,3%@729,64%@1344,0%@1344] GR3D_FREQ 97% cpu@62.5C soc2@61.843C soc0@62.656C gpu@64.281C tj@64.281C soc1@61.531C VDD_IN 17172mW/16979mW VDD_CPU_GPU_CV 7938mW/7973mW VDD_SOC 4001mW/3918mW
08-11-2026 21:06:18 RAM 6406/7607MB (lfb 1x1MB) SWAP 1364/16384MB (cached 125MB) CPU [9%@729,7%@729,3%@729,18%@729,63%@1344,2%@1344] GR3D_FREQ 98% cpu@62.625C soc2@61.843C soc0@62.593C gpu@64.218C tj@64.218C soc1@61.625C VDD_IN 17211mW/16979mW VDD_CPU_GPU_CV 7859mW/7972mW VDD_SOC 4080mW/3919mW
08-11-2026 21:06:19 RAM 6406/7607MB (lfb 1x1MB) SWAP 1364/16384MB (cached 125MB) CPU [3%@729,1%@729,1%@729,5%@729,61%@1344,0%@1344] GR3D_FREQ 98% cpu@62.875C soc2@61.843C soc0@62.531C gpu@64.062C tj@64.062C soc1@61.531C VDD_IN 16806mW/16979mW VDD_CPU_GPU_CV 7246mW/7970mW VDD_SOC 4126mW/3919mW
08-11-2026 21:06:20 RAM 6406/7607MB (lfb 1x1MB) SWAP 1364/16384MB (cached 125MB) CPU [2%@729,3%@729,2%@729,2%@729,59%@729,0%@729] GR3D_FREQ 99% cpu@62.468C soc2@61.906C soc0@62.531C gpu@64.125C tj@64.125C soc1@61.718C VDD_IN 16413mW/16977mW VDD_CPU_GPU_CV 7598mW/7969mW VDD_SOC 3890mW/3919mW
08-11-2026 21:06:21 RAM 6381/7607MB (lfb 2x1MB) SWAP 1364/16384MB (cached 125MB) CPU [2%@729,2%@729,6%@729,1%@729,32%@729,38%@729] GR3D_FREQ 99% cpu@62.843C soc2@61.812C soc0@62.531C gpu@64.062C tj@64.062C soc1@61.687C VDD_IN 16936mW/16977mW VDD_CPU_GPU_CV 8055mW/7970mW VDD_SOC 3890mW/3919mW
08-11-2026 21:06:22 RAM 6382/7607MB (lfb 2x1MB) SWAP 1364/16384MB (cached 125MB) CPU [3%@729,2%@729,4%@729,2%@729,0%@729,71%@729] GR3D_FREQ 97% cpu@62.593C soc2@61.875C soc0@62.593C gpu@64.093C tj@64.093C soc1@61.562C VDD_IN 17368mW/16978mW VDD_CPU_GPU_CV 8485mW/7971mW VDD_SOC 3923mW/3919mW
08-11-2026 21:06:23 RAM 6383/7607MB (lfb 2x1MB) SWAP 1364/16384MB (cached 125MB) CPU [4%@729,2%@729,3%@729,2%@729,0%@1344,65%@1344] GR3D_FREQ 98% cpu@62.781C soc2@61.781C soc0@62.5C gpu@64.093C tj@64.093C soc1@61.531C VDD_IN 17447mW/16979mW VDD_CPU_GPU_CV 8524mW/7973mW VDD_SOC 3883mW/3919mW
08-11-2026 21:06:24 RAM 6384/7607MB (lfb 2x1MB) SWAP 1365/16384MB (cached 124MB) CPU [8%@729,18%@729,6%@729,8%@729,5%@1344,63%@1344] GR3D_FREQ 98% cpu@62.968C soc2@61.812C soc0@62.562C gpu@64.156C tj@64.156C soc1@61.593C VDD_IN 17526mW/16981mW VDD_CPU_GPU_CV 8549mW/7974mW VDD_SOC 3923mW/3919mW
08-11-2026 21:06:25 RAM 6386/7607MB (lfb 1x4MB) SWAP 1365/16384MB (cached 124MB) CPU [2%@729,5%@729,2%@729,7%@729,48%@1344,13%@1344] GR3D_FREQ 98% cpu@62.562C soc2@61.812C soc0@62.593C gpu@64.125C tj@64.125C soc1@61.75C VDD_IN 17368mW/16982mW VDD_CPU_GPU_CV 8329mW/7975mW VDD_SOC 3923mW/3919mW
08-11-2026 21:06:26 RAM 6386/7607MB (lfb 1x4MB) SWAP 1365/16384MB (cached 124MB) CPU [2%@729,4%@729,2%@729,1%@729,63%@1344,0%@1344] GR3D_FREQ 98% cpu@62.593C soc2@61.906C soc0@62.593C gpu@64.093C tj@64.093C soc1@61.75C VDD_IN 17290mW/16983mW VDD_CPU_GPU_CV 8250mW/7976mW VDD_SOC 3962mW/3919mW
08-11-2026 21:06:27 RAM 6387/7607MB (lfb 1x4MB) SWAP 1365/16384MB (cached 124MB) CPU [1%@729,8%@729,1%@729,2%@729,29%@1344,33%@1344] GR3D_FREQ 98% cpu@62.781C soc2@61.781C soc0@62.531C gpu@63.968C tj@63.968C soc1@61.625C VDD_IN 17172mW/16983mW VDD_CPU_GPU_CV 8055mW/7976mW VDD_SOC 4001mW/3919mW
08-11-2026 21:06:29 RAM 6387/7607MB (lfb 1x4MB) SWAP 1365/16384MB (cached 124MB) CPU [4%@729,6%@729,3%@729,2%@729,0%@1344,61%@1344] GR3D_FREQ 93% cpu@62.687C soc2@61.75C soc0@62.562C gpu@63.968C tj@63.968C soc1@61.562C VDD_IN 16975mW/16983mW VDD_CPU_GPU_CV 7742mW/7975mW VDD_SOC 4040mW/3920mW
08-11-2026 21:06:30 RAM 6388/7607MB (lfb 1x4MB) SWAP 1365/16384MB (cached 124MB) CPU [1%@729,4%@729,2%@729,2%@729,0%@1344,63%@1344] GR3D_FREQ 98% cpu@62.968C soc2@61.75C soc0@62.562C gpu@63.875C tj@63.875C soc1@61.656C VDD_IN 16857mW/16983mW VDD_CPU_GPU_CV 7468mW/7974mW VDD_SOC 4086mW/3920mW
08-11-2026 21:06:31 RAM 6394/7607MB (lfb 1x2MB) SWAP 1365/16384MB (cached 124MB) CPU [6%@729,13%@729,14%@729,3%@729,0%@729,59%@729] GR3D_FREQ 99% cpu@62.812C soc2@61.843C soc0@62.593C gpu@63.437C tj@63.437C soc1@61.625C VDD_IN 16609mW/16982mW VDD_CPU_GPU_CV 7363mW/7972mW VDD_SOC 4047mW/3920mW
08-11-2026 21:06:32 RAM 6394/7607MB (lfb 1x2MB) SWAP 1365/16384MB (cached 124MB) CPU [3%@729,4%@729,5%@729,2%@729,0%@729,65%@729] GR3D_FREQ 48% cpu@62.593C soc2@61.781C soc0@62.656C gpu@63.562C tj@63.562C soc1@61.562C VDD_IN 16491mW/16981mW VDD_CPU_GPU_CV 7676mW/7972mW VDD_SOC 3851mW/3920mW
08-11-2026 21:06:33 RAM 6395/7607MB (lfb 1x2MB) SWAP 1365/16384MB (cached 124MB) CPU [1%@729,4%@729,1%@729,2%@729,0%@729,70%@729] GR3D_FREQ 99% cpu@62.843C soc2@61.812C soc0@62.593C gpu@64.218C tj@64.218C soc1@61.531C VDD_IN 17722mW/16983mW VDD_CPU_GPU_CV 8549mW/7973mW VDD_SOC 4040mW/3921mW
08-11-2026 21:06:34 RAM 6395/7607MB (lfb 1x2MB) SWAP 1365/16384MB (cached 124MB) CPU [2%@729,5%@729,2%@729,1%@729,0%@1344,69%@1344] GR3D_FREQ 98% cpu@63.062C soc2@61.843C soc0@62.593C gpu@64.25C tj@64.25C soc1@61.718C VDD_IN 17447mW/16984mW VDD_CPU_GPU_CV 8549mW/7975mW VDD_SOC 3883mW/3921mW
08-11-2026 21:06:35 RAM 6396/7607MB (lfb 1x2MB) SWAP 1365/16384MB (cached 124MB) CPU [4%@729,0%@729,3%@729,2%@729,2%@729,59%@729] GR3D_FREQ 97% cpu@62.937C soc2@61.875C soc0@62.593C gpu@64.093C tj@64.093C soc1@61.625C VDD_IN 17368mW/16985mW VDD_CPU_GPU_CV 8407mW/7976mW VDD_SOC 3923mW/3921mW
08-11-2026 21:06:36 RAM 6422/7607MB (lfb 1x1MB) SWAP 1369/16384MB (cached 123MB) CPU [28%@1344,27%@1344,26%@1344,32%@1344,28%@1344,29%@1344] GR3D_FREQ 0% cpu@62.531C soc2@61.281C soc0@62.406C gpu@61.781C tj@62.625C soc1@61.468C VDD_IN 9275mW/16964mW VDD_CPU_GPU_CV 3095mW/7963mW VDD_SOC 2384mW/3916mW
08-11-2026 21:06:37 RAM 6550/7607MB (lfb 3x4MB) SWAP 1371/16384MB (cached 123MB) CPU [71%@729,68%@729,67%@729,62%@729,74%@1344,66%@1344] GR3D_FREQ 98% cpu@62C soc2@60.937C soc0@62C gpu@62.5C tj@62.5C soc1@61.25C VDD_IN 10253mW/16947mW VDD_CPU_GPU_CV 3525mW/7951mW VDD_SOC 2222mW/3912mW
08-11-2026 21:06:38 RAM 6550/7607MB (lfb 3x4MB) SWAP 1371/16384MB (cached 123MB) CPU [2%@729,1%@729,2%@729,5%@729,59%@806,0%@806] GR3D_FREQ 99% cpu@62.156C soc2@61.468C soc0@62.156C gpu@63.343C tj@63.343C soc1@61.343C VDD_IN 15862mW/16944mW VDD_CPU_GPU_CV 7336mW/7949mW VDD_SOC 3699mW/3911mW
08-11-2026 21:06:39 RAM 6550/7607MB (lfb 3x4MB) SWAP 1371/16384MB (cached 123MB) CPU [4%@729,1%@729,1%@729,9%@729,69%@1113,0%@1113] GR3D_FREQ 99% cpu@62.375C soc2@61.562C soc0@62.375C gpu@63.5C tj@63.5C soc1@61.468C VDD_IN 16857mW/16943mW VDD_CPU_GPU_CV 8055mW/7950mW VDD_SOC 3851mW/3911mW
08-11-2026 21:06:40 RAM 6550/7607MB (lfb 3x4MB) SWAP 1371/16384MB (cached 123MB) CPU [3%@729,2%@729,1%@729,6%@729,70%@729,0%@729] GR3D_FREQ 97% cpu@62.281C soc2@61.625C soc0@62.375C gpu@63.875C tj@63.875C soc1@61.562C VDD_IN 17408mW/16945mW VDD_CPU_GPU_CV 8485mW/7951mW VDD_SOC 3883mW/3911mW
08-11-2026 21:06:41 RAM 6550/7607MB (lfb 3x4MB) SWAP 1371/16384MB (cached 123MB) CPU [3%@729,5%@729,1%@729,0%@729,63%@1344,0%@1344] GR3D_FREQ 98% cpu@62.468C soc2@61.593C soc0@62.375C gpu@64C tj@64C soc1@61.375C VDD_IN 17408mW/16946mW VDD_CPU_GPU_CV 8485mW/7953mW VDD_SOC 3883mW/3911mW
08-11-2026 21:06:42 RAM 6550/7607MB (lfb 3x4MB) SWAP 1371/16384MB (cached 123MB) CPU [2%@729,2%@729,3%@729,4%@729,64%@1344,0%@1344] GR3D_FREQ 98% cpu@62.625C soc2@61.5C soc0@62.375C gpu@64.125C tj@64.125C soc1@61.375C VDD_IN 17447mW/16947mW VDD_CPU_GPU_CV 8446mW/7954mW VDD_SOC 3923mW/3911mW
08-11-2026 21:06:43 RAM 6555/7607MB (lfb 2x4MB) SWAP 1371/16384MB (cached 123MB) CPU [8%@729,10%@729,6%@729,13%@729,61%@806,0%@806] GR3D_FREQ 97% cpu@62.5C soc2@61.593C soc0@62.218C gpu@64.093C tj@64.093C soc1@61.5C VDD_IN 17368mW/16948mW VDD_CPU_GPU_CV 8329mW/7955mW VDD_SOC 3923mW/3911mW
08-11-2026 21:06:44 RAM 6555/7607MB (lfb 2x4MB) SWAP 1371/16384MB (cached 123MB) CPU [2%@729,7%@729,4%@729,0%@729,62%@1344,0%@1344] GR3D_FREQ 98% cpu@62.656C soc2@61.656C soc0@62.437C gpu@63.875C tj@63.875C soc1@61.562C VDD_IN 17211mW/16949mW VDD_CPU_GPU_CV 8094mW/7955mW VDD_SOC 3962mW/3911mW
08-11-2026 21:06:45 RAM 6555/7607MB (lfb 2x4MB) SWAP 1371/16384MB (cached 123MB) CPU [2%@1344,2%@1344,2%@1344,5%@1344,63%@1344,0%@1344] GR3D_FREQ 98% cpu@62.375C soc2@61.687C soc0@62.468C gpu@63.812C tj@63.812C soc1@61.343C VDD_IN 17093mW/16949mW VDD_CPU_GPU_CV 7899mW/7955mW VDD_SOC 4001mW/3911mW
08-11-2026 21:06:46 RAM 6555/7607MB (lfb 2x4MB) SWAP 1371/16384MB (cached 123MB) CPU [3%@729,3%@729,2%@729,2%@729,60%@729,0%@729] GR3D_FREQ 98% cpu@62.468C soc2@61.562C soc0@62.343C gpu@63.781C tj@63.781C soc1@61.406C VDD_IN 16936mW/16949mW VDD_CPU_GPU_CV 7625mW/7954mW VDD_SOC 4086mW/3912mW
08-11-2026 21:06:47 RAM 6555/7607MB (lfb 2x4MB) SWAP 1371/16384MB (cached 123MB) CPU [1%@729,1%@729,5%@729,1%@729,60%@1344,0%@1344] GR3D_FREQ 99% cpu@62.718C soc2@61.656C soc0@62.281C gpu@63.593C tj@63.593C soc1@61.406C VDD_IN 16688mW/16949mW VDD_CPU_GPU_CV 7206mW/7952mW VDD_SOC 4165mW/3913mW
08-11-2026 21:06:48 RAM 6555/7607MB (lfb 2x4MB) SWAP 1371/16384MB (cached 123MB) CPU [18%@1190,7%@1190,7%@1190,3%@1190,60%@729,0%@729] GR3D_FREQ 99% cpu@62.687C soc2@61.687C soc0@62.343C gpu@63.781C tj@63.781C soc1@61.437C VDD_IN 16570mW/16948mW VDD_CPU_GPU_CV 7794mW/7952mW VDD_SOC 3851mW/3912mW
08-11-2026 21:06:49 RAM 6555/7607MB (lfb 2x4MB) SWAP 1371/16384MB (cached 123MB) CPU [5%@729,2%@729,4%@729,5%@729,68%@729,1%@729] GR3D_FREQ 99% cpu@62.687C soc2@61.718C soc0@62.406C gpu@63.593C tj@63.593C soc1@61.5C VDD_IN 17015mW/16948mW VDD_CPU_GPU_CV 8133mW/7952mW VDD_SOC 3883mW/3912mW
08-11-2026 21:06:50 RAM 6555/7607MB (lfb 2x4MB) SWAP 1371/16384MB (cached 123MB) CPU [53%@729,2%@729,5%@729,4%@729,19%@883,0%@883] GR3D_FREQ 98% cpu@62.406C soc2@61.687C soc0@62.468C gpu@64.218C tj@64.218C soc1@61.406C VDD_IN 17447mW/16949mW VDD_CPU_GPU_CV 8524mW/7954mW VDD_SOC 3883mW/3912mW
08-11-2026 21:06:51 RAM 6555/7607MB (lfb 2x4MB) SWAP 1371/16384MB (cached 123MB) CPU [1%@729,4%@729,3%@729,4%@729,0%@1344,63%@1344] GR3D_FREQ 98% cpu@62.562C soc2@61.687C soc0@62.406C gpu@64.281C tj@64.281C soc1@61.343C VDD_IN 17368mW/16950mW VDD_CPU_GPU_CV 8446mW/7955mW VDD_SOC 3883mW/3912mW
08-11-2026 21:06:52 RAM 6555/7607MB (lfb 2x4MB) SWAP 1371/16384MB (cached 123MB) CPU [2%@729,4%@729,1%@729,5%@729,0%@1344,62%@1344] GR3D_FREQ 98% cpu@62.718C soc2@61.625C soc0@62.406C gpu@64.218C tj@64.218C soc1@61.5C VDD_IN 17368mW/16951mW VDD_CPU_GPU_CV 8407mW/7956mW VDD_SOC 3923mW/3912mW
08-11-2026 21:06:53 RAM 6555/7607MB (lfb 2x4MB) SWAP 1371/16384MB (cached 123MB) CPU [3%@729,5%@729,3%@729,1%@729,0%@1036,62%@1036] GR3D_FREQ 97% cpu@62.531C soc2@61.656C soc0@62.468C gpu@63.875C tj@63.875C soc1@61.5C VDD_IN 17329mW/16952mW VDD_CPU_GPU_CV 8329mW/7957mW VDD_SOC 3923mW/3912mW
08-11-2026 21:06:54 RAM 6556/7607MB (lfb 2x4MB) SWAP 1371/16384MB (cached 123MB) CPU [13%@729,12%@729,3%@729,5%@729,0%@1344,61%@1344] GR3D_FREQ 89% cpu@62.812C soc2@61.718C soc0@62.406C gpu@63.812C tj@63.812C soc1@61.593C VDD_IN 17329mW/16953mW VDD_CPU_GPU_CV 8172mW/7958mW VDD_SOC 4001mW/3912mW
08-11-2026 21:06:55 RAM 6557/7607MB (lfb 2x4MB) SWAP 1371/16384MB (cached 123MB) CPU [4%@729,6%@729,0%@729,2%@729,0%@1344,63%@1344] GR3D_FREQ 98% cpu@62.531C soc2@61.687C soc0@62.531C gpu@64C tj@64C soc1@61.437C VDD_IN 17093mW/16954mW VDD_CPU_GPU_CV 7899mW/7958mW VDD_SOC 4040mW/3913mW
08-11-2026 21:06:56 RAM 6557/7607MB (lfb 2x4MB) SWAP 1371/16384MB (cached 123MB) CPU [4%@729,4%@729,1%@729,1%@729,0%@729,63%@729] GR3D_FREQ 98% cpu@62.625C soc2@61.75C soc0@62.406C gpu@63.937C tj@63.937C soc1@61.437C VDD_IN 17054mW/16954mW VDD_CPU_GPU_CV 7664mW/7957mW VDD_SOC 4080mW/3913mW
08-11-2026 21:06:57 RAM 6557/7607MB (lfb 2x4MB) SWAP 1371/16384MB (cached 123MB) CPU [4%@729,4%@729,4%@729,2%@729,0%@1267,60%@1267] GR3D_FREQ 99% cpu@62.875C soc2@61.625C soc0@62.343C gpu@63.687C tj@63.687C soc1@61.468C VDD_IN 16688mW/16953mW VDD_CPU_GPU_CV 7128mW/7955mW VDD_SOC 4165mW/3914mW
08-11-2026 21:06:58 RAM 6557/7607MB (lfb 2x4MB) SWAP 1371/16384MB (cached 123MB) CPU [2%@729,1%@729,4%@729,1%@729,0%@729,60%@729] GR3D_FREQ 99% cpu@62.375C soc2@61.625C soc0@62.468C gpu@63.843C tj@63.843C soc1@61.468C VDD_IN 16413mW/16952mW VDD_CPU_GPU_CV 7676mW/7954mW VDD_SOC 3851mW/3914mW
08-11-2026 21:06:59 RAM 6557/7607MB (lfb 2x4MB) SWAP 1371/16384MB (cached 123MB) CPU [4%@729,3%@729,0%@729,4%@729,1%@729,69%@729] GR3D_FREQ 99% cpu@62.781C soc2@61.718C soc0@62.437C gpu@63.781C tj@63.781C soc1@61.656C VDD_IN 17133mW/16952mW VDD_CPU_GPU_CV 8211mW/7955mW VDD_SOC 3923mW/3914mW
08-11-2026 21:07:00 RAM 6557/7607MB (lfb 2x4MB) SWAP 1371/16384MB (cached 123MB) CPU [7%@729,13%@729,6%@729,16%@729,0%@729,70%@729] GR3D_FREQ 97% cpu@62.531C soc2@61.812C soc0@62.593C gpu@63.875C tj@63.875C soc1@61.437C VDD_IN 17565mW/16954mW VDD_CPU_GPU_CV 8627mW/7956mW VDD_SOC 3883mW/3914mW
08-11-2026 21:07:01 RAM 6557/7607MB (lfb 2x4MB) SWAP 1371/16384MB (cached 123MB) CPU [1%@729,5%@729,1%@729,2%@729,0%@1344,63%@1344] GR3D_FREQ 98% cpu@62.593C soc2@61.687C soc0@62.437C gpu@63.906C tj@63.906C soc1@61.531C VDD_IN 17447mW/16955mW VDD_CPU_GPU_CV 8524mW/7958mW VDD_SOC 3923mW/3914mW
08-11-2026 21:07:02 RAM 6557/7607MB (lfb 2x4MB) SWAP 1371/16384MB (cached 123MB) CPU [3%@1113,4%@1113,2%@1113,3%@1113,0%@1344,63%@1344] GR3D_FREQ 98% cpu@62.781C soc2@61.687C soc0@62.281C gpu@63.968C tj@63.968C soc1@61.531C VDD_IN 17408mW/16956mW VDD_CPU_GPU_CV 8446mW/7959mW VDD_SOC 3923mW/3914mW
08-11-2026 21:07:03 RAM 6556/7607MB (lfb 2x4MB) SWAP 1371/16384MB (cached 123MB) CPU [2%@729,4%@729,1%@729,2%@729,1%@729,60%@729] GR3D_FREQ 98% cpu@62.375C soc2@61.718C soc0@62.437C gpu@63.906C tj@63.906C soc1@61.531C VDD_IN 17290mW/16957mW VDD_CPU_GPU_CV 8290mW/7960mW VDD_SOC 3923mW/3914mW
08-11-2026 21:07:04 RAM 6556/7607MB (lfb 2x4MB) SWAP 1371/16384MB (cached 123MB) CPU [2%@729,5%@729,2%@729,2%@729,0%@1344,63%@1344] GR3D_FREQ 98% cpu@62.718C soc2@61.718C soc0@62.593C gpu@63.937C tj@63.937C soc1@61.625C VDD_IN 17250mW/16958mW VDD_CPU_GPU_CV 8133mW/7960mW VDD_SOC 3962mW/3914mW
08-11-2026 21:07:05 RAM 6556/7607MB (lfb 2x4MB) SWAP 1371/16384MB (cached 123MB) CPU [3%@729,3%@729,2%@729,3%@729,0%@1344,63%@1344] GR3D_FREQ 98% cpu@62.656C soc2@61.656C soc0@62.5C gpu@63.968C tj@63.968C soc1@61.468C VDD_IN 17133mW/16958mW VDD_CPU_GPU_CV 7938mW/7960mW VDD_SOC 4001mW/3914mW
08-11-2026 21:07:06 RAM 6557/7607MB (lfb 2x4MB) SWAP 1371/16384MB (cached 123MB) CPU [6%@729,18%@729,9%@729,4%@729,1%@729,62%@729] GR3D_FREQ 98% cpu@62.593C soc2@61.625C soc0@62.468C gpu@64.125C tj@64.125C soc1@61.5C VDD_IN 16975mW/16958mW VDD_CPU_GPU_CV 7703mW/7960mW VDD_SOC 4086mW/3914mW
08-11-2026 21:07:07 RAM 6557/7607MB (lfb 2x4MB) SWAP 1371/16384MB (cached 123MB) CPU [3%@729,1%@729,4%@729,2%@729,1%@1344,59%@1344] GR3D_FREQ 99% cpu@62.875C soc2@61.75C soc0@62.406C gpu@63.843C tj@63.843C soc1@61.531C VDD_IN 16728mW/16958mW VDD_CPU_GPU_CV 7246mW/7958mW VDD_SOC 4165mW/3915mW
08-11-2026 21:07:08 RAM 6558/7607MB (lfb 2x4MB) SWAP 1371/16384MB (cached 123MB) CPU [4%@729,1%@729,4%@729,2%@729,0%@729,60%@729] GR3D_FREQ 99% cpu@62.375C soc2@61.75C soc0@62.468C gpu@63.968C tj@63.968C soc1@61.625C VDD_IN 16452mW/16956mW VDD_CPU_GPU_CV 7637mW/7957mW VDD_SOC 3890mW/3915mW
08-11-2026 21:07:09 RAM 6558/7607MB (lfb 2x4MB) SWAP 1371/16384MB (cached 123MB) CPU [4%@729,1%@729,4%@729,1%@729,0%@729,69%@729] GR3D_FREQ 99% cpu@62.406C soc2@61.687C soc0@62.5C gpu@63.687C tj@63.687C soc1@61.437C VDD_IN 16897mW/16956mW VDD_CPU_GPU_CV 8055mW/7957mW VDD_SOC 3890mW/3915mW
08-11-2026 21:07:10 RAM 6558/7607MB (lfb 2x4MB) SWAP 1371/16384MB (cached 123MB) CPU [2%@729,1%@729,5%@729,2%@729,0%@1344,70%@1344] GR3D_FREQ 97% cpu@62.562C soc2@61.75C soc0@62.593C gpu@64.218C tj@64.218C soc1@61.468C VDD_IN 17447mW/16957mW VDD_CPU_GPU_CV 8485mW/7959mW VDD_SOC 3883mW/3915mW
08-11-2026 21:07:11 RAM 6555/7607MB (lfb 2x4MB) SWAP 1371/16384MB (cached 123MB) CPU [8%@883,3%@883,11%@883,8%@883,4%@1344,64%@1344] GR3D_FREQ 98% cpu@62.906C soc2@61.875C soc0@62.406C gpu@63.937C tj@63.937C soc1@61.437C VDD_IN 17643mW/16959mW VDD_CPU_GPU_CV 8666mW/7960mW VDD_SOC 3923mW/3915mW
08-11-2026 21:07:12 RAM 6556/7607MB (lfb 2x4MB) SWAP 1371/16384MB (cached 123MB) CPU [6%@729,3%@729,7%@729,4%@729,2%@1344,63%@1344] GR3D_FREQ 98% cpu@62.75C soc2@61.718C soc0@62.5C gpu@64C tj@64C soc1@61.562C VDD_IN 17486mW/16960mW VDD_CPU_GPU_CV 8524mW/7962mW VDD_SOC 3923mW/3915mW
08-11-2026 21:07:13 RAM 6557/7607MB (lfb 2x4MB) SWAP 1371/16384MB (cached 123MB) CPU [1%@729,3%@729,2%@729,3%@729,0%@729,59%@729] GR3D_FREQ 97% cpu@62.5C soc2@61.75C soc0@62.531C gpu@63.937C tj@63.937C soc1@61.625C VDD_IN 17329mW/16961mW VDD_CPU_GPU_CV 8250mW/7962mW VDD_SOC 3962mW/3915mW
08-11-2026 21:07:14 RAM 6556/7607MB (lfb 2x4MB) SWAP 1371/16384MB (cached 123MB) CPU [3%@729,3%@729,4%@729,1%@729,0%@1344,62%@1344] GR3D_FREQ 98% cpu@62.593C soc2@61.781C soc0@62.5C gpu@64C tj@64C soc1@61.375C VDD_IN 17172mW/16962mW VDD_CPU_GPU_CV 8094mW/7963mW VDD_SOC 3962mW/3915mW
08-11-2026 21:07:15 RAM 6556/7607MB (lfb 2x4MB) SWAP 1371/16384MB (cached 123MB) CPU [2%@729,5%@729,2%@729,1%@729,0%@1344,63%@1344] GR3D_FREQ 98% cpu@62.718C soc2@61.656C soc0@62.343C gpu@64.031C tj@64.031C soc1@61.5C VDD_IN 17133mW/16962mW VDD_CPU_GPU_CV 7938mW/7963mW VDD_SOC 4001mW/3915mW
08-11-2026 21:07:16 RAM 6556/7607MB (lfb 2x4MB) SWAP 1371/16384MB (cached 123MB) CPU [2%@729,3%@729,4%@729,2%@729,0%@729,61%@729] GR3D_FREQ 98% cpu@62.843C soc2@61.75C soc0@62.406C gpu@64.343C tj@64.343C soc1@61.5C VDD_IN 16975mW/16962mW VDD_CPU_GPU_CV 7664mW/7962mW VDD_SOC 4086mW/3916mW
08-11-2026 21:07:17 RAM 6558/7607MB (lfb 2x4MB) SWAP 1371/16384MB (cached 123MB) CPU [3%@729,5%@729,8%@729,16%@729,1%@1267,60%@1267] GR3D_FREQ 99% cpu@63.031C soc2@61.687C soc0@62.531C gpu@63.937C tj@63.937C soc1@61.531C VDD_IN 16806mW/16962mW VDD_CPU_GPU_CV 7285mW/7960mW VDD_SOC 4165mW/3916mW
08-11-2026 21:07:18 RAM 6558/7607MB (lfb 2x4MB) SWAP 1371/16384MB (cached 123MB) CPU [3%@729,1%@729,1%@729,2%@729,2%@729,61%@729] GR3D_FREQ 99% cpu@62.312C soc2@61.812C soc0@62.406C gpu@63.687C tj@63.687C soc1@61.593C VDD_IN 16452mW/16961mW VDD_CPU_GPU_CV 7716mW/7960mW VDD_SOC 3851mW/3916mW
08-11-2026 21:07:19 RAM 6558/7607MB (lfb 2x4MB) SWAP 1371/16384MB (cached 123MB) CPU [3%@729,6%@729,2%@729,2%@729,2%@729,70%@729] GR3D_FREQ 99% cpu@62.437C soc2@61.781C soc0@62.593C gpu@63.625C tj@63.625C soc1@61.468C VDD_IN 17093mW/16961mW VDD_CPU_GPU_CV 8211mW/7960mW VDD_SOC 3923mW/3916mW
08-11-2026 21:07:20 RAM 6558/7607MB (lfb 2x4MB) SWAP 1371/16384MB (cached 123MB) CPU [2%@729,11%@729,4%@729,2%@729,60%@729,0%@729] GR3D_FREQ 97% cpu@62.593C soc2@61.75C soc0@62.437C gpu@63.968C tj@63.968C soc1@61.5C VDD_IN 17526mW/16962mW VDD_CPU_GPU_CV 8549mW/7962mW VDD_SOC 3923mW/3916mW
08-11-2026 21:07:21 RAM 6558/7607MB (lfb 2x4MB) SWAP 1371/16384MB (cached 123MB) CPU [2%@729,2%@729,0%@729,4%@729,64%@1344,0%@1344] GR3D_FREQ 98% cpu@62.843C soc2@61.781C soc0@62.468C gpu@64.125C tj@64.125C soc1@61.5C VDD_IN 17526mW/16964mW VDD_CPU_GPU_CV 8563mW/7963mW VDD_SOC 3923mW/3916mW
08-11-2026 21:07:22 RAM 6558/7607MB (lfb 2x4MB) SWAP 1371/16384MB (cached 123MB) CPU [2%@729,1%@729,1%@729,8%@729,63%@1344,0%@1344] GR3D_FREQ 98% cpu@62.531C soc2@61.75C soc0@62.562C gpu@64.125C tj@64.125C soc1@61.625C VDD_IN 17486mW/16965mW VDD_CPU_GPU_CV 8524mW/7964mW VDD_SOC 3923mW/3916mW
08-11-2026 21:07:23 RAM 6558/7607MB (lfb 2x4MB) SWAP 1371/16384MB (cached 123MB) CPU [7%@729,5%@729,6%@729,18%@729,59%@1344,1%@1344] GR3D_FREQ 97% cpu@62.812C soc2@61.75C soc0@62.593C gpu@64.156C tj@64.156C soc1@61.593C VDD_IN 17447mW/16966mW VDD_CPU_GPU_CV 8368mW/7965mW VDD_SOC 3962mW/3916mW
08-11-2026 21:07:24 RAM 6558/7607MB (lfb 2x4MB) SWAP 1371/16384MB (cached 123MB) CPU [2%@729,3%@729,2%@729,2%@729,63%@1344,0%@1344] GR3D_FREQ 97% cpu@62.437C soc2@61.656C soc0@62.625C gpu@64.156C tj@64.156C soc1@61.437C VDD_IN 17329mW/16967mW VDD_CPU_GPU_CV 8211mW/7966mW VDD_SOC 4001mW/3917mW
08-11-2026 21:07:25 RAM 6558/7607MB (lfb 2x4MB) SWAP 1371/16384MB (cached 123MB) CPU [4%@729,3%@729,2%@729,5%@729,63%@1344,0%@1344] GR3D_FREQ 98% cpu@62.593C soc2@61.718C soc0@62.5C gpu@64.062C tj@64.062C soc1@61.562C VDD_IN 17250mW/16968mW VDD_CPU_GPU_CV 8016mW/7966mW VDD_SOC 4001mW/3917mW
08-11-2026 21:07:26 RAM 6559/7607MB (lfb 2x4MB) SWAP 1371/16384MB (cached 123MB) CPU [7%@729,1%@729,2%@729,1%@729,59%@729,0%@729] GR3D_FREQ 97% cpu@62.875C soc2@61.718C soc0@62.468C gpu@63.875C tj@63.875C soc1@61.562C VDD_IN 17015mW/16968mW VDD_CPU_GPU_CV 7703mW/7965mW VDD_SOC 4040mW/3917mW
08-11-2026 21:07:27 RAM 6559/7607MB (lfb 2x4MB) SWAP 1371/16384MB (cached 123MB) CPU [7%@1344,3%@1344,1%@1344,2%@1344,59%@729,0%@729] GR3D_FREQ 98% cpu@62.656C soc2@61.781C soc0@62.406C gpu@63.843C tj@63.843C soc1@61.625C VDD_IN 16897mW/16967mW VDD_CPU_GPU_CV 7390mW/7964mW VDD_SOC 4165mW/3918mW
08-11-2026 21:07:28 RAM 6559/7607MB (lfb 2x4MB) SWAP 1371/16384MB (cached 123MB) CPU [61%@729,1%@729,4%@729,1%@729,0%@729,0%@729] GR3D_FREQ 96% cpu@62.906C soc2@61.843C soc0@62.593C gpu@63.562C tj@63.562C soc1@61.656C VDD_IN 16609mW/16967mW VDD_CPU_GPU_CV 7559mW/7963mW VDD_SOC 3968mW/3918mW
08-11-2026 21:07:29 RAM 6559/7607MB (lfb 2x4MB) SWAP 1371/16384MB (cached 123MB) CPU [17%@729,20%@729,8%@729,7%@729,53%@729,0%@729] GR3D_FREQ 99% cpu@62.437C soc2@61.718C soc0@62.687C gpu@63.718C tj@63.718C soc1@61.531C VDD_IN 16857mW/16966mW VDD_CPU_GPU_CV 7977mW/7963mW VDD_SOC 3890mW/3918mW
08-11-2026 21:07:30 RAM 6560/7607MB (lfb 2x4MB) SWAP 1371/16384MB (cached 123MB) CPU [3%@729,1%@729,1%@729,5%@729,70%@1344,0%@1344] GR3D_FREQ 99% cpu@62.656C soc2@61.843C soc0@62.531C gpu@64.25C tj@64.25C soc1@61.562C VDD_IN 17761mW/16968mW VDD_CPU_GPU_CV 8744mW/7965mW VDD_SOC 3962mW/3918mW
08-11-2026 21:07:31 RAM 6560/7607MB (lfb 2x4MB) SWAP 1371/16384MB (cached 123MB) CPU [1%@729,2%@729,4%@729,3%@729,68%@1344,0%@1344] GR3D_FREQ 98% cpu@62.906C soc2@61.843C soc0@62.531C gpu@64.093C tj@64.093C soc1@61.625C VDD_IN 17565mW/16970mW VDD_CPU_GPU_CV 8627mW/7967mW VDD_SOC 3883mW/3918mW
08-11-2026 21:07:32 RAM 6560/7607MB (lfb 2x4MB) SWAP 1371/16384MB (cached 123MB) CPU [3%@729,2%@729,3%@729,2%@729,60%@960,0%@960] GR3D_FREQ 97% cpu@62.468C soc2@61.75C soc0@62.625C gpu@64.218C tj@64.218C soc1@61.625C VDD_IN 17526mW/16971mW VDD_CPU_GPU_CV 8563mW/7968mW VDD_SOC 3923mW/3918mW
08-11-2026 21:07:33 RAM 6560/7607MB (lfb 2x4MB) SWAP 1371/16384MB (cached 123MB) CPU [3%@729,8%@729,1%@729,4%@729,62%@1344,0%@1344] GR3D_FREQ 92% cpu@62.562C soc2@61.781C soc0@62.593C gpu@64.218C tj@64.218C soc1@61.531C VDD_IN 17408mW/16972mW VDD_CPU_GPU_CV 8368mW/7969mW VDD_SOC 3962mW/3918mW
08-11-2026 21:07:34 RAM 6559/7607MB (lfb 2x4MB) SWAP 1371/16384MB (cached 123MB) CPU [10%@883,4%@883,7%@883,7%@883,63%@1344,0%@1344] GR3D_FREQ 98% cpu@62.656C soc2@61.812C soc0@62.5C gpu@64.281C tj@64.281C soc1@61.562C VDD_IN 17526mW/16973mW VDD_CPU_GPU_CV 8368mW/7970mW VDD_SOC 3962mW/3918mW
08-11-2026 21:07:35 RAM 6560/7607MB (lfb 2x4MB) SWAP 1371/16384MB (cached 123MB) CPU [7%@729,7%@729,3%@729,3%@729,60%@1036,0%@1036] GR3D_FREQ 98% cpu@62.625C soc2@61.781C soc0@62.562C gpu@64.343C tj@64.343C soc1@61.562C VDD_IN 17329mW/16974mW VDD_CPU_GPU_CV 8094mW/7970mW VDD_SOC 4001mW/3918mW
08-11-2026 21:07:36 RAM 6560/7607MB (lfb 2x4MB) SWAP 1371/16384MB (cached 123MB) CPU [3%@729,1%@729,0%@729,5%@729,61%@1344,0%@1344] GR3D_FREQ 96% cpu@62.843C soc2@61.718C soc0@62.593C gpu@64.281C tj@64.281C soc1@61.687C VDD_IN 17093mW/16974mW VDD_CPU_GPU_CV 7781mW/7970mW VDD_SOC 4040mW/3918mW
08-11-2026 21:07:37 RAM 6560/7607MB (lfb 2x4MB) SWAP 1371/16384MB (cached 123MB) CPU [5%@729,0%@729,2%@729,1%@729,64%@1344,0%@1344] GR3D_FREQ 98% cpu@62.562C soc2@61.781C soc0@62.593C gpu@64.031C tj@64.031C soc1@61.687C VDD_IN 16975mW/16974mW VDD_CPU_GPU_CV 7507mW/7969mW VDD_SOC 4119mW/3919mW
08-11-2026 21:07:38 RAM 6560/7607MB (lfb 2x4MB) SWAP 1371/16384MB (cached 123MB) CPU [3%@729,1%@729,2%@729,5%@729,59%@729,0%@729] GR3D_FREQ 99% cpu@62.843C soc2@61.875C soc0@62.687C gpu@63.468C tj@63.468C soc1@61.562C VDD_IN 16649mW/16974mW VDD_CPU_GPU_CV 7324mW/7967mW VDD_SOC 4086mW/3919mW
08-11-2026 21:07:39 RAM 6559/7607MB (lfb 2x4MB) SWAP 1371/16384MB (cached 123MB) CPU [3%@729,1%@729,4%@729,3%@729,66%@729,0%@729] GR3D_FREQ 48% cpu@62.625C soc2@61.843C soc0@62.468C gpu@63.812C tj@63.812C soc1@61.562C VDD_IN 16570mW/16973mW VDD_CPU_GPU_CV 7716mW/7966mW VDD_SOC 3890mW/3919mW
08-11-2026 21:07:40 RAM 6562/7607MB (lfb 2x4MB) SWAP 1371/16384MB (cached 123MB) CPU [4%@729,9%@729,20%@729,5%@729,69%@729,0%@729] GR3D_FREQ 99% cpu@62.625C soc2@61.843C soc0@62.593C gpu@64.187C tj@64.187C soc1@61.625C VDD_IN 17811mW/16975mW VDD_CPU_GPU_CV 8666mW/7968mW VDD_SOC 4040mW/3919mW
08-11-2026 21:07:41 RAM 6561/7607MB (lfb 2x4MB) SWAP 1371/16384MB (cached 123MB) CPU [3%@729,4%@729,2%@729,2%@729,70%@1344,0%@1344] GR3D_FREQ 97% cpu@62.812C soc2@61.875C soc0@62.531C gpu@64.312C tj@64.312C soc1@61.656C VDD_IN 17604mW/16976mW VDD_CPU_GPU_CV 8666mW/7970mW VDD_SOC 3883mW/3919mW
08-11-2026 21:07:42 RAM 6561/7607MB (lfb 2x4MB) SWAP 1371/16384MB (cached 123MB) CPU [2%@729,5%@729,2%@729,2%@729,60%@1344,0%@1344] GR3D_FREQ 93% cpu@62.531C soc2@61.781C soc0@62.625C gpu@64.531C tj@64.531C soc1@61.718C VDD_IN 17447mW/16977mW VDD_CPU_GPU_CV 8510mW/7971mW VDD_SOC 3923mW/3919mW
08-11-2026 21:07:43 RAM 6561/7607MB (lfb 2x4MB) SWAP 1371/16384MB (cached 123MB) CPU [2%@729,3%@729,2%@729,2%@729,11%@1344,51%@1344] GR3D_FREQ 98% cpu@62.75C soc2@61.843C soc0@62.656C gpu@64C tj@64C soc1@61.531C VDD_IN 17447mW/16978mW VDD_CPU_GPU_CV 8446mW/7972mW VDD_SOC 3923mW/3919mW
08-11-2026 21:07:44 RAM 6561/7607MB (lfb 2x4MB) SWAP 1371/16384MB (cached 123MB) CPU [4%@729,10%@729,3%@729,1%@729,0%@1344,62%@1344] GR3D_FREQ 98% cpu@62.812C soc2@61.843C soc0@62.531C gpu@64.031C tj@64.031C soc1@61.593C VDD_IN 17486mW/16979mW VDD_CPU_GPU_CV 8368mW/7973mW VDD_SOC 3962mW/3920mW
08-11-2026 21:07:45 RAM 6561/7607MB (lfb 2x4MB) SWAP 1371/16384MB (cached 123MB) CPU [2%@729,5%@729,2%@729,2%@729,0%@1344,58%@1344] GR3D_FREQ 97% cpu@62.687C soc2@61.781C soc0@62.593C gpu@63.875C tj@63.875C soc1@61.687C VDD_IN 17172mW/16980mW VDD_CPU_GPU_CV 8016mW/7973mW VDD_SOC 4001mW/3920mW
08-11-2026 21:07:46 RAM 6562/7607MB (lfb 2x4MB) SWAP 1371/16384MB (cached 123MB) CPU [34%@1344,7%@1344,3%@1344,12%@1344,3%@729,41%@729] GR3D_FREQ 98% cpu@62.906C soc2@62C soc0@62.531C gpu@64C tj@64C soc1@61.718C VDD_IN 17250mW/16980mW VDD_CPU_GPU_CV 7977mW/7973mW VDD_SOC 4040mW/3920mW
08-11-2026 21:07:47 RAM 6562/7607MB (lfb 2x4MB) SWAP 1371/16384MB (cached 123MB) CPU [10%@1344,4%@1344,3%@1344,56%@1344,0%@729,0%@729] GR3D_FREQ 98% cpu@62.656C soc2@61.906C soc0@62.593C gpu@63.968C tj@63.968C soc1@61.687C VDD_IN 16975mW/16980mW VDD_CPU_GPU_CV 7547mW/7972mW VDD_SOC 4080mW/3920mW
08-11-2026 21:07:48 RAM 6562/7607MB (lfb 2x4MB) SWAP 1371/16384MB (cached 123MB) CPU [1%@1036,1%@1036,3%@1036,60%@1036,0%@729,0%@729] GR3D_FREQ 99% cpu@62.875C soc2@61.843C soc0@62.718C gpu@63.625C tj@63.625C soc1@61.593C VDD_IN 16728mW/16980mW VDD_CPU_GPU_CV 7206mW/7970mW VDD_SOC 4165mW/3921mW
08-11-2026 21:07:49 RAM 6562/7607MB (lfb 2x4MB) SWAP 1371/16384MB (cached 123MB) CPU [2%@729,1%@729,2%@729,63%@729,2%@729,1%@729] GR3D_FREQ 94% cpu@62.562C soc2@61.781C soc0@62.593C gpu@64.031C tj@64.031C soc1@61.625C VDD_IN 16531mW/16979mW VDD_CPU_GPU_CV 7755mW/7970mW VDD_SOC 3851mW/3921mW
08-11-2026 21:07:50 RAM 6562/7607MB (lfb 2x4MB) SWAP 1371/16384MB (cached 123MB) CPU [2%@729,1%@729,1%@729,69%@729,4%@729,0%@729] GR3D_FREQ 99% cpu@62.718C soc2@61.875C soc0@62.593C gpu@64.218C tj@64.218C soc1@61.562C VDD_IN 17408mW/16980mW VDD_CPU_GPU_CV 8407mW/7971mW VDD_SOC 3962mW/3921mW
08-11-2026 21:07:51 RAM 6562/7607MB (lfb 2x4MB) SWAP 1371/16384MB (cached 123MB) CPU [2%@729,3%@729,2%@729,70%@729,0%@729,3%@729] GR3D_FREQ 98% cpu@63.093C soc2@61.968C soc0@62.593C gpu@64.343C tj@64.343C soc1@61.687C VDD_IN 17565mW/16981mW VDD_CPU_GPU_CV 8627mW/7972mW VDD_SOC 3883mW/3921mW
08-11-2026 21:07:52 RAM 6563/7607MB (lfb 2x4MB) SWAP 1371/16384MB (cached 123MB) CPU [11%@1344,7%@1344,13%@1344,64%@1344,3%@729,1%@729] GR3D_FREQ 98% cpu@62.718C soc2@61.906C soc0@62.593C gpu@64.375C tj@64.375C soc1@61.656C VDD_IN 17526mW/16982mW VDD_CPU_GPU_CV 8563mW/7974mW VDD_SOC 3923mW/3921mW
08-11-2026 21:07:53 RAM 6563/7607MB (lfb 2x4MB) SWAP 1371/16384MB (cached 123MB) CPU [3%@1344,2%@1344,2%@1344,63%@1344,1%@729,0%@729] GR3D_FREQ 98% cpu@62.906C soc2@62.062C soc0@62.718C gpu@64.437C tj@64.437C soc1@61.562C VDD_IN 17486mW/16983mW VDD_CPU_GPU_CV 8485mW/7975mW VDD_SOC 3923mW/3921mW
08-11-2026 21:07:54 RAM 6563/7607MB (lfb 2x4MB) SWAP 1371/16384MB (cached 123MB) CPU [3%@883,2%@883,3%@883,61%@883,0%@729,1%@729] GR3D_FREQ 97% cpu@62.75C soc2@61.875C soc0@62.75C gpu@64.468C tj@64.468C soc1@61.656C VDD_IN 17447mW/16984mW VDD_CPU_GPU_CV 8368mW/7976mW VDD_SOC 3962mW/3921mW
08-11-2026 21:07:55 RAM 6563/7607MB (lfb 2x4MB) SWAP 1371/16384MB (cached 123MB) CPU [7%@1344,2%@1344,2%@1344,61%@1344,0%@729,0%@729] GR3D_FREQ 94% cpu@62.968C soc2@61.906C soc0@62.593C gpu@64.156C tj@64.156C soc1@61.75C VDD_IN 17290mW/16985mW VDD_CPU_GPU_CV 8133mW/7976mW VDD_SOC 4001mW/3921mW
08-11-2026 21:07:56 RAM 6564/7607MB (lfb 2x4MB) SWAP 1371/16384MB (cached 123MB) CPU [4%@1344,3%@1344,4%@1344,63%@1344,10%@1344,2%@1344] GR3D_FREQ 98% cpu@63.062C soc2@61.968C soc0@62.593C gpu@64.093C tj@64.093C soc1@61.718C VDD_IN 17250mW/16986mW VDD_CPU_GPU_CV 8016mW/7976mW VDD_SOC 4040mW/3921mW
08-11-2026 21:07:57 RAM 6565/7607MB (lfb 2x4MB) SWAP 1371/16384MB (cached 123MB) CPU [13%@1344,6%@1344,6%@1344,53%@1344,13%@1344,0%@1344] GR3D_FREQ 98% cpu@63.031C soc2@61.968C soc0@62.625C gpu@64.062C tj@64.062C soc1@61.75C VDD_IN 17329mW/16986mW VDD_CPU_GPU_CV 7938mW/7976mW VDD_SOC 4080mW/3922mW
08-11-2026 21:07:58 RAM 6565/7607MB (lfb 2x4MB) SWAP 1371/16384MB (cached 123MB) CPU [6%@729,5%@729,1%@729,0%@729,60%@1190,0%@1190] GR3D_FREQ 99% cpu@62.937C soc2@61.906C soc0@62.781C gpu@63.656C tj@63.656C soc1@61.625C VDD_IN 16767mW/16986mW VDD_CPU_GPU_CV 7206mW/7974mW VDD_SOC 4165mW/3922mW
08-11-2026 21:07:59 RAM 6565/7607MB (lfb 2x4MB) SWAP 1371/16384MB (cached 123MB) CPU [4%@729,1%@729,2%@729,2%@729,61%@729,1%@729] GR3D_FREQ 99% cpu@62.687C soc2@61.812C soc0@62.593C gpu@64C tj@64C soc1@61.593C VDD_IN 16570mW/16985mW VDD_CPU_GPU_CV 7755mW/7974mW VDD_SOC 3890mW/3922mW
08-11-2026 21:08:00 RAM 6566/7607MB (lfb 2x4MB) SWAP 1371/16384MB (cached 123MB) CPU [2%@729,1%@729,3%@729,0%@729,69%@729,4%@729] GR3D_FREQ 99% cpu@62.656C soc2@61.843C soc0@62.593C gpu@63.937C tj@63.937C soc1@61.625C VDD_IN 17133mW/16985mW VDD_CPU_GPU_CV 8211mW/7974mW VDD_SOC 3883mW/3922mW
08-11-2026 21:08:01 RAM 6565/7607MB (lfb 2x4MB) SWAP 1371/16384MB (cached 123MB) CPU [2%@729,2%@729,2%@729,2%@729,69%@1344,2%@1344] GR3D_FREQ 97% cpu@62.875C soc2@61.937C soc0@62.593C gpu@64.5C tj@64.5C soc1@61.75C VDD_IN 17486mW/16986mW VDD_CPU_GPU_CV 8524mW/7975mW VDD_SOC 3923mW/3922mW
08-11-2026 21:08:02 RAM 6566/7607MB (lfb 2x4MB) SWAP 1371/16384MB (cached 123MB) CPU [5%@729,2%@729,4%@729,0%@729,65%@1344,0%@1344] GR3D_FREQ 98% cpu@62.593C soc2@61.875C soc0@62.75C gpu@64.593C tj@64.593C soc1@61.625C VDD_IN 17486mW/16987mW VDD_CPU_GPU_CV 8563mW/7977mW VDD_SOC 3923mW/3922mW
08-11-2026 21:08:03 RAM 6564/7607MB (lfb 2x4MB) SWAP 1371/16384MB (cached 123MB) CPU [11%@729,10%@729,5%@729,18%@729,55%@1344,0%@1344] GR3D_FREQ 98% cpu@62.656C soc2@61.843C soc0@62.75C gpu@64.531C tj@64.531C soc1@61.718C VDD_IN 17604mW/16989mW VDD_CPU_GPU_CV 8641mW/7978mW VDD_SOC 3923mW/3922mW
08-11-2026 21:08:04 RAM 6566/7607MB (lfb 2x4MB) SWAP 1371/16384MB (cached 123MB) CPU [36%@729,3%@729,4%@729,3%@729,26%@729,0%@729] GR3D_FREQ 97% cpu@62.937C soc2@61.968C soc0@62.562C gpu@64.593C tj@64.593C soc1@61.687C VDD_IN 17368mW/16990mW VDD_CPU_GPU_CV 8329mW/7979mW VDD_SOC 3962mW/3922mW
08-11-2026 21:08:05 RAM 6567/7607MB (lfb 2x4MB) SWAP 1371/16384MB (cached 123MB) CPU [63%@1344,2%@1344,3%@1344,3%@1344,0%@729,0%@729] GR3D_FREQ 97% cpu@62.875C soc2@62.062C soc0@62.656C gpu@64.25C tj@64.25C soc1@61.718C VDD_IN 17329mW/16990mW VDD_CPU_GPU_CV 8211mW/7979mW VDD_SOC 4001mW/3922mW
08-11-2026 21:08:06 RAM 6567/7607MB (lfb 2x4MB) SWAP 1371/16384MB (cached 123MB) CPU [33%@1344,31%@1344,2%@1344,2%@1344,4%@729,0%@729] GR3D_FREQ 98% cpu@63C soc2@61.906C soc0@62.656C gpu@64.218C tj@64.218C soc1@61.687C VDD_IN 17250mW/16991mW VDD_CPU_GPU_CV 8016mW/7979mW VDD_SOC 4040mW/3922mW
08-11-2026 21:08:07 RAM 6567/7607MB (lfb 2x4MB) SWAP 1371/16384MB (cached 123MB) CPU [1%@729,60%@729,1%@729,1%@729,3%@729,3%@729] GR3D_FREQ 98% cpu@62.625C soc2@61.906C soc0@62.593C gpu@64.125C tj@64.125C soc1@61.687C VDD_IN 17054mW/16991mW VDD_CPU_GPU_CV 7742mW/7979mW VDD_SOC 4080mW/3923mW
08-11-2026 21:08:08 RAM 6567/7607MB (lfb 2x4MB) SWAP 1371/16384MB (cached 123MB) CPU [3%@1344,63%@1344,3%@1344,1%@1344,2%@729,0%@729] GR3D_FREQ 98% cpu@62.781C soc2@61.906C soc0@62.843C gpu@64.218C tj@64.218C soc1@61.687C VDD_IN 16857mW/16991mW VDD_CPU_GPU_CV 7402mW/7978mW VDD_SOC 4158mW/3923mW
08-11-2026 21:08:09 RAM 6569/7607MB (lfb 2x4MB) SWAP 1371/16384MB (cached 123MB) CPU [19%@729,46%@729,13%@729,11%@729,2%@729,2%@729] GR3D_FREQ 99% cpu@62.906C soc2@61.906C soc0@62.593C gpu@63.937C tj@63.937C soc1@61.687C VDD_IN 16609mW/16990mW VDD_CPU_GPU_CV 7676mW/7977mW VDD_SOC 3929mW/3923mW
08-11-2026 21:08:10 RAM 6569/7607MB (lfb 2x4MB) SWAP 1371/16384MB (cached 123MB) CPU [69%@729,0%@729,1%@729,3%@729,0%@729,0%@729] GR3D_FREQ 99% cpu@62.843C soc2@61.937C soc0@62.593C gpu@64.031C tj@64.031C soc1@61.718C VDD_IN 16897mW/16990mW VDD_CPU_GPU_CV 8055mW/7977mW VDD_SOC 3929mW/3923mW
08-11-2026 21:08:11 RAM 6570/7607MB (lfb 2x4MB) SWAP 1371/16384MB (cached 123MB) CPU [70%@729,2%@729,3%@729,0%@729,0%@729,1%@729] GR3D_FREQ 98% cpu@62.906C soc2@62.093C soc0@62.625C gpu@64.531C tj@64.531C soc1@61.75C VDD_IN 17683mW/16991mW VDD_CPU_GPU_CV 8705mW/7979mW VDD_SOC 3962mW/3923mW
08-11-2026 21:08:12 RAM 6571/7607MB (lfb 2x4MB) SWAP 1371/16384MB (cached 123MB) CPU [67%@1344,1%@1344,4%@1344,3%@1344,0%@729,0%@729] GR3D_FREQ 98% cpu@62.718C soc2@62.093C soc0@62.687C gpu@64.281C tj@64.281C soc1@61.687C VDD_IN 17604mW/16992mW VDD_CPU_GPU_CV 8627mW/7980mW VDD_SOC 3923mW/3923mW
08-11-2026 21:08:13 RAM 6571/7607MB (lfb 2x4MB) SWAP 1371/16384MB (cached 123MB) CPU [9%@729,3%@729,2%@729,2%@729,55%@1036,0%@1036] GR3D_FREQ 98% cpu@62.75C soc2@61.906C soc0@62.843C gpu@64.218C tj@64.218C soc1@61.687C VDD_IN 17565mW/16994mW VDD_CPU_GPU_CV 8563mW/7981mW VDD_SOC 3923mW/3923mW
08-11-2026 21:08:14 RAM 6572/7607MB (lfb 2x4MB) SWAP 1371/16384MB (cached 123MB) CPU [3%@729,6%@729,4%@729,6%@729,60%@1344,1%@1344] GR3D_FREQ 94% cpu@63.062C soc2@61.937C soc0@62.593C gpu@64.062C tj@64.062C soc1@61.718C VDD_IN 17526mW/16995mW VDD_CPU_GPU_CV 8446mW/7982mW VDD_SOC 3962mW/3924mW
08-11-2026 21:08:15 RAM 6575/7607MB (lfb 2x4MB) SWAP 1371/16384MB (cached 123MB) CPU [2%@729,2%@729,7%@729,12%@729,62%@1344,1%@1344] GR3D_FREQ 98% cpu@62.937C soc2@61.906C soc0@62.656C gpu@64.187C tj@64.187C soc1@61.718C VDD_IN 17447mW/16996mW VDD_CPU_GPU_CV 8290mW/7983mW VDD_SOC 3962mW/3924mW
08-11-2026 21:08:16 RAM 6575/7607MB (lfb 2x4MB) SWAP 1371/16384MB (cached 123MB) CPU [3%@729,2%@729,1%@729,1%@729,62%@960,1%@960] GR3D_FREQ 98% cpu@62.875C soc2@61.968C soc0@62.625C gpu@64.125C tj@64.125C soc1@61.812C VDD_IN 17290mW/16996mW VDD_CPU_GPU_CV 8094mW/7983mW VDD_SOC 4001mW/3924mW
08-11-2026 21:08:17 RAM 6576/7607MB (lfb 2x4MB) SWAP 1371/16384MB (cached 123MB) CPU [3%@729,8%@729,1%@729,2%@729,61%@1344,0%@1344] GR3D_FREQ 93% cpu@62.562C soc2@61.906C soc0@62.781C gpu@64.062C tj@64.062C soc1@61.625C VDD_IN 17093mW/16997mW VDD_CPU_GPU_CV 7781mW/7983mW VDD_SOC 4040mW/3924mW
08-11-2026 21:08:18 RAM 6576/7607MB (lfb 2x4MB) SWAP 1371/16384MB (cached 123MB) CPU [5%@729,1%@729,3%@729,1%@729,64%@1344,2%@1344] GR3D_FREQ 98% cpu@62.843C soc2@61.843C soc0@62.843C gpu@64.25C tj@64.25C soc1@61.718C VDD_IN 17054mW/16997mW VDD_CPU_GPU_CV 7586mW/7982mW VDD_SOC 4119mW/3924mW
08-11-2026 21:08:19 RAM 6577/7607MB (lfb 2x4MB) SWAP 1371/16384MB (cached 123MB) CPU [1%@729,4%@729,2%@729,0%@729,61%@960,0%@960] GR3D_FREQ 99% cpu@63.062C soc2@61.968C soc0@62.625C gpu@63.781C tj@63.781C soc1@61.75C VDD_IN 16779mW/16996mW VDD_CPU_GPU_CV 7246mW/7980mW VDD_SOC 4165mW/3925mW
08-11-2026 21:08:20 RAM 6577/7607MB (lfb 2x4MB) SWAP 1371/16384MB (cached 123MB) CPU [7%@729,14%@729,5%@729,8%@729,63%@729,1%@729] GR3D_FREQ 98% cpu@62.875C soc2@61.968C soc0@62.625C gpu@64.218C tj@64.218C soc1@61.75C VDD_IN 16728mW/16996mW VDD_CPU_GPU_CV 7899mW/7980mW VDD_SOC 3851mW/3925mW
08-11-2026 21:08:21 RAM 6577/7607MB (lfb 2x4MB) SWAP 1371/16384MB (cached 123MB) CPU [7%@729,1%@729,2%@729,2%@729,69%@729,0%@729] GR3D_FREQ 99% cpu@62.906C soc2@61.968C soc0@62.687C gpu@64.406C tj@64.406C soc1@61.843C VDD_IN 17447mW/16997mW VDD_CPU_GPU_CV 8407mW/7981mW VDD_SOC 3962mW/3925mW
08-11-2026 21:08:22 RAM 6578/7607MB (lfb 2x4MB) SWAP 1371/16384MB (cached 123MB) CPU [3%@729,1%@729,2%@729,3%@729,70%@1036,0%@1036] GR3D_FREQ 98% cpu@62.593C soc2@62.062C soc0@62.812C gpu@64.562C tj@64.562C soc1@61.656C VDD_IN 17604mW/16998mW VDD_CPU_GPU_CV 8666mW/7983mW VDD_SOC 3883mW/3925mW
08-11-2026 21:08:23 RAM 6578/7607MB (lfb 2x4MB) SWAP 1371/16384MB (cached 123MB) CPU [2%@729,0%@729,3%@729,5%@729,34%@1344,28%@1344] GR3D_FREQ 98% cpu@62.687C soc2@61.843C soc0@62.75C gpu@64.531C tj@64.531C soc1@61.656C VDD_IN 17486mW/16999mW VDD_CPU_GPU_CV 8524mW/7984mW VDD_SOC 3923mW/3925mW
08-11-2026 21:08:24 RAM 6579/7607MB (lfb 2x4MB) SWAP 1371/16384MB (cached 123MB) CPU [2%@729,4%@729,2%@729,0%@729,0%@1344,63%@1344] GR3D_FREQ 98% cpu@62.937C soc2@61.937C soc0@62.593C gpu@64.25C tj@64.25C soc1@61.687C VDD_IN 17526mW/17000mW VDD_CPU_GPU_CV 8485mW/7985mW VDD_SOC 3923mW/3925mW
08-11-2026 21:08:25 RAM 6579/7607MB (lfb 2x4MB) SWAP 1371/16384MB (cached 123MB) CPU [4%@729,3%@729,2%@729,2%@729,45%@1036,16%@1036] GR3D_FREQ 98% cpu@63C soc2@61.906C soc0@62.625C gpu@64.281C tj@64.281C soc1@61.812C VDD_IN 17447mW/17001mW VDD_CPU_GPU_CV 8407mW/7986mW VDD_SOC 3962mW/3925mW
08-11-2026 21:08:26 RAM 6579/7607MB (lfb 2x4MB) SWAP 1371/16384MB (cached 123MB) CPU [8%@729,14%@729,7%@729,4%@729,63%@1344,0%@1344] GR3D_FREQ 98% cpu@62.875C soc2@62C soc0@62.625C gpu@64.25C tj@64.25C soc1@61.843C VDD_IN 17447mW/17002mW VDD_CPU_GPU_CV 8290mW/7986mW VDD_SOC 4001mW/3925mW
08-11-2026 21:08:27 RAM 6579/7607MB (lfb 2x4MB) SWAP 1371/16384MB (cached 123MB) CPU [3%@729,2%@729,1%@729,4%@729,62%@1344,0%@1344] GR3D_FREQ 98% cpu@62.656C soc2@61.968C soc0@62.843C gpu@64.25C tj@64.25C soc1@61.843C VDD_IN 17172mW/17002mW VDD_CPU_GPU_CV 7977mW/7986mW VDD_SOC 4040mW/3925mW
08-11-2026 21:08:28 RAM 6580/7607MB (lfb 2x4MB) SWAP 1371/16384MB (cached 123MB) CPU [2%@729,3%@729,2%@729,8%@729,62%@729,0%@729] GR3D_FREQ 98% cpu@62.75C soc2@61.906C soc0@62.687C gpu@64.187C tj@64.187C soc1@61.718C VDD_IN 17133mW/17002mW VDD_CPU_GPU_CV 7781mW/7986mW VDD_SOC 4080mW/3926mW
08-11-2026 21:08:29 RAM 6581/7607MB (lfb 2x4MB) SWAP 1371/16384MB (cached 123MB) CPU [2%@729,2%@729,2%@729,5%@729,26%@1344,36%@1344] GR3D_FREQ 98% cpu@63.062C soc2@61.906C soc0@62.656C gpu@64.375C tj@64.375C soc1@61.781C VDD_IN 16806mW/17002mW VDD_CPU_GPU_CV 7285mW/7984mW VDD_SOC 4165mW/3926mW
08-11-2026 21:08:30 RAM 6580/7607MB (lfb 2x4MB) SWAP 1371/16384MB (cached 123MB) CPU [4%@729,0%@729,1%@729,4%@729,0%@729,60%@729] GR3D_FREQ 99% cpu@63.031C soc2@61.937C soc0@62.687C gpu@63.968C tj@63.968C soc1@61.718C VDD_IN 16649mW/17001mW VDD_CPU_GPU_CV 7716mW/7984mW VDD_SOC 3929mW/3926mW
08-11-2026 21:08:31 RAM 6581/7607MB (lfb 2x4MB) SWAP 1371/16384MB (cached 123MB) CPU [2%@729,2%@729,6%@729,3%@729,0%@729,69%@729] GR3D_FREQ 99% cpu@62.656C soc2@62.093C soc0@62.625C gpu@63.625C tj@63.625C soc1@61.812C VDD_IN 16936mW/17001mW VDD_CPU_GPU_CV 8055mW/7984mW VDD_SOC 3890mW/3926mW
08-11-2026 21:08:32 RAM 6581/7607MB (lfb 2x4MB) SWAP 1371/16384MB (cached 123MB) CPU [10%@729,15%@729,7%@729,5%@729,0%@1344,71%@1344] GR3D_FREQ 97% cpu@62.812C soc2@62.093C soc0@62.812C gpu@64.156C tj@64.156C soc1@61.687C VDD_IN 17565mW/17002mW VDD_CPU_GPU_CV 8549mW/7985mW VDD_SOC 3923mW/3926mW
08-11-2026 21:08:33 RAM 6581/7607MB (lfb 2x4MB) SWAP 1371/16384MB (cached 123MB) CPU [0%@729,4%@729,2%@729,3%@729,0%@1344,64%@1344] GR3D_FREQ 98% cpu@63.062C soc2@61.968C soc0@62.718C gpu@64.312C tj@64.312C soc1@61.718C VDD_IN 17526mW/17003mW VDD_CPU_GPU_CV 8602mW/7986mW VDD_SOC 3923mW/3926mW
08-11-2026 21:08:34 RAM 6582/7607MB (lfb 2x4MB) SWAP 1371/16384MB (cached 123MB) CPU [2%@729,2%@729,1%@729,5%@729,55%@1344,7%@1344] GR3D_FREQ 98% cpu@62.875C soc2@61.937C soc0@62.687C gpu@64.375C tj@64.375C soc1@61.718C VDD_IN 17526mW/17004mW VDD_CPU_GPU_CV 8524mW/7987mW VDD_SOC 3923mW/3926mW
08-11-2026 21:08:35 RAM 6582/7607MB (lfb 2x4MB) SWAP 1371/16384MB (cached 123MB) CPU [1%@1344,1%@1344,1%@1344,6%@1344,58%@1344,0%@1344] GR3D_FREQ 92% cpu@62.968C soc2@61.968C soc0@62.75C gpu@64.25C tj@64.25C soc1@61.812C VDD_IN 17408mW/17005mW VDD_CPU_GPU_CV 8329mW/7988mW VDD_SOC 3962mW/3926mW
08-11-2026 21:08:36 RAM 6582/7607MB (lfb 2x4MB) SWAP 1371/16384MB (cached 123MB) CPU [61%@1344,1%@1344,1%@1344,4%@1344,2%@729,0%@729] GR3D_FREQ 98% cpu@62.781C soc2@62.093C soc0@62.781C gpu@64.5C tj@64.5C soc1@61.718C VDD_IN 17368mW/17006mW VDD_CPU_GPU_CV 8250mW/7989mW VDD_SOC 4001mW/3926mW
08-11-2026 21:08:37 RAM 6584/7607MB (lfb 2x4MB) SWAP 1371/16384MB (cached 123MB) CPU [56%@729,18%@729,4%@729,6%@729,11%@1344,0%@1344] GR3D_FREQ 98% cpu@62.875C soc2@62.093C soc0@62.812C gpu@64.437C tj@64.437C soc1@61.687C VDD_IN 17486mW/17007mW VDD_CPU_GPU_CV 8211mW/7989mW VDD_SOC 4040mW/3926mW
08-11-2026 21:08:38 RAM 6584/7607MB (lfb 2x4MB) SWAP 1371/16384MB (cached 123MB) CPU [2%@729,7%@729,2%@729,2%@729,60%@1344,0%@1344] GR3D_FREQ 97% cpu@62.906C soc2@61.875C soc0@62.625C gpu@64.281C tj@64.281C soc1@61.687C VDD_IN 17054mW/17007mW VDD_CPU_GPU_CV 7703mW/7989mW VDD_SOC 4080mW/3927mW
08-11-2026 21:08:39 RAM 6585/7607MB (lfb 2x4MB) SWAP 1371/16384MB (cached 123MB) CPU [2%@729,5%@729,3%@729,2%@729,63%@1344,0%@1344] GR3D_FREQ 98% cpu@62.781C soc2@62C soc0@62.656C gpu@64.062C tj@64.062C soc1@61.718C VDD_IN 16897mW/17007mW VDD_CPU_GPU_CV 7429mW/7987mW VDD_SOC 4158mW/3927mW
08-11-2026 21:08:40 RAM 6585/7607MB (lfb 2x4MB) SWAP 1371/16384MB (cached 123MB) CPU [0%@729,4%@729,1%@729,5%@729,60%@729,0%@729] GR3D_FREQ 96% cpu@63.062C soc2@62C soc0@62.687C gpu@63.718C tj@63.718C soc1@61.812C VDD_IN 16570mW/17006mW VDD_CPU_GPU_CV 7559mW/7987mW VDD_SOC 3968mW/3927mW
08-11-2026 21:08:41 RAM 6586/7607MB (lfb 2x4MB) SWAP 1371/16384MB (cached 123MB) CPU [5%@729,1%@729,2%@729,1%@729,68%@729,0%@729] GR3D_FREQ 99% cpu@62.687C soc2@62C soc0@62.781C gpu@63.937C tj@63.937C soc1@61.718C VDD_IN 16936mW/17006mW VDD_CPU_GPU_CV 8016mW/7987mW VDD_SOC 3929mW/3927mW
08-11-2026 21:08:42 RAM 6586/7607MB (lfb 2x4MB) SWAP 1371/16384MB (cached 123MB) CPU [2%@729,5%@729,1%@729,1%@729,71%@729,0%@729] GR3D_FREQ 99% cpu@62.875C soc2@62C soc0@62.812C gpu@64.406C tj@64.406C soc1@61.812C VDD_IN 17761mW/17007mW VDD_CPU_GPU_CV 8744mW/7988mW VDD_SOC 3962mW/3927mW
08-11-2026 21:08:43 RAM 6587/7607MB (lfb 1x4MB) SWAP 1371/16384MB (cached 123MB) CPU [8%@729,7%@729,11%@729,10%@729,65%@1344,0%@1344] GR3D_FREQ 98% cpu@63.062C soc2@61.906C soc0@62.593C gpu@64.312C tj@64.312C soc1@61.656C VDD_IN 17643mW/17009mW VDD_CPU_GPU_CV 8666mW/7990mW VDD_SOC 3923mW/3927mW
08-11-2026 21:08:44 RAM 6587/7607MB (lfb 1x4MB) SWAP 1371/16384MB (cached 123MB) CPU [45%@1344,1%@1344,2%@1344,2%@1344,21%@729,0%@729] GR3D_FREQ 98% cpu@62.968C soc2@62.093C soc0@62.656C gpu@64.312C tj@64.593C soc1@61.718C VDD_IN 17565mW/17010mW VDD_CPU_GPU_CV 8549mW/7991mW VDD_SOC 3923mW/3927mW
08-11-2026 21:08:45 RAM 6587/7607MB (lfb 1x4MB) SWAP 1371/16384MB (cached 123MB) CPU [16%@1344,48%@1344,3%@1344,1%@1344,0%@729,0%@729] GR3D_FREQ 92% cpu@62.937C soc2@62C soc0@62.75C gpu@64.437C tj@64.437C soc1@61.843C VDD_IN 17368mW/17010mW VDD_CPU_GPU_CV 8329mW/7991mW VDD_SOC 3962mW/3927mW
08-11-2026 21:08:46 RAM 6587/7607MB (lfb 1x4MB) SWAP 1371/16384MB (cached 123MB) CPU [2%@1344,63%@1344,1%@1344,3%@1344,0%@729,0%@729] GR3D_FREQ 98% cpu@62.843C soc2@62.031C soc0@62.718C gpu@64.437C tj@64.437C soc1@61.843C VDD_IN 17368mW/17011mW VDD_CPU_GPU_CV 8211mW/7992mW VDD_SOC 4001mW/3928mW
08-11-2026 21:08:47 RAM 6587/7607MB (lfb 1x4MB) SWAP 1371/16384MB (cached 123MB) CPU [4%@1344,63%@1344,4%@1344,2%@1344,0%@729,0%@729] GR3D_FREQ 98% cpu@62.937C soc2@62.031C soc0@62.843C gpu@64.562C tj@64.562C soc1@61.781C VDD_IN 17290mW/17012mW VDD_CPU_GPU_CV 8055mW/7992mW VDD_SOC 4040mW/3928mW
08-11-2026 21:08:48 RAM 6587/7607MB (lfb 1x4MB) SWAP 1371/16384MB (cached 123MB) CPU [4%@1344,60%@1344,2%@1344,1%@1344,0%@729,4%@729] GR3D_FREQ 97% cpu@62.812C soc2@61.968C soc0@62.656C gpu@64.468C tj@64.468C soc1@61.75C VDD_IN 17015mW/17012mW VDD_CPU_GPU_CV 7664mW/7991mW VDD_SOC 4080mW/3928mW
08-11-2026 21:08:49 RAM 6586/7607MB (lfb 1x4MB) SWAP 1371/16384MB (cached 123MB) CPU [6%@1344,63%@1344,11%@1344,10%@1344,6%@729,3%@729] GR3D_FREQ 98% cpu@62.906C soc2@61.906C soc0@62.75C gpu@64.312C tj@64.312C soc1@61.75C VDD_IN 16897mW/17011mW VDD_CPU_GPU_CV 7390mW/7990mW VDD_SOC 4165mW/3929mW
08-11-2026 21:08:50 RAM 6587/7607MB (lfb 1x4MB) SWAP 1371/16384MB (cached 123MB) CPU [3%@729,8%@729,1%@729,52%@729,3%@729,2%@729] GR3D_FREQ 98% cpu@63.031C soc2@62.031C soc0@62.812C gpu@64.343C tj@64.343C soc1@61.843C VDD_IN 16570mW/17011mW VDD_CPU_GPU_CV 7676mW/7989mW VDD_SOC 3929mW/3929mW
08-11-2026 21:08:51 RAM 6587/7607MB (lfb 1x4MB) SWAP 1371/16384MB (cached 123MB) CPU [2%@729,0%@729,1%@729,68%@729,2%@729,4%@729] GR3D_FREQ 99% cpu@62.656C soc2@62C soc0@62.812C gpu@64.218C tj@63.968C soc1@61.812C VDD_IN 16936mW/17010mW VDD_CPU_GPU_CV 8094mW/7990mW VDD_SOC 3883mW/3928mW
08-11-2026 21:08:52 RAM 6587/7607MB (lfb 1x4MB) SWAP 1371/16384MB (cached 123MB) CPU [3%@729,2%@729,70%@729,5%@729,0%@729,0%@729] GR3D_FREQ 98% cpu@62.843C soc2@62.093C soc0@62.906C gpu@64.375C tj@64.375C soc1@61.656C VDD_IN 17565mW/17011mW VDD_CPU_GPU_CV 8588mW/7991mW VDD_SOC 3923mW/3928mW
08-11-2026 21:08:53 RAM 6588/7607MB (lfb 1x4MB) SWAP 1371/16384MB (cached 123MB) CPU [3%@1344,1%@1344,65%@1344,1%@1344,3%@729,1%@729] GR3D_FREQ 98% cpu@63.375C soc2@62.062C soc0@62.781C gpu@64.343C tj@64.343C soc1@61.718C VDD_IN 17526mW/17012mW VDD_CPU_GPU_CV 8588mW/7992mW VDD_SOC 3923mW/3928mW
08-11-2026 21:08:54 RAM 6592/7607MB (lfb 3x2MB) SWAP 1371/16384MB (cached 123MB) CPU [5%@1344,8%@1344,64%@1344,9%@1344,13%@729,0%@729] GR3D_FREQ 98% cpu@63.406C soc2@62.093C soc0@62.718C gpu@64.375C tj@64.375C soc1@61.781C VDD_IN 17761mW/17014mW VDD_CPU_GPU_CV 8705mW/7993mW VDD_SOC 3923mW/3928mW
08-11-2026 21:08:55 RAM 6592/7607MB (lfb 3x2MB) SWAP 1371/16384MB (cached 123MB) CPU [4%@729,2%@729,60%@729,3%@729,0%@729,0%@729] GR3D_FREQ 96% cpu@63.187C soc2@62.093C soc0@62.781C gpu@64.343C tj@64.343C soc1@61.812C VDD_IN 17368mW/17015mW VDD_CPU_GPU_CV 8329mW/7994mW VDD_SOC 3962mW/3928mW
08-11-2026 21:08:56 RAM 6591/7607MB (lfb 3x2MB) SWAP 1371/16384MB (cached 123MB) CPU [5%@1344,2%@1344,62%@1344,3%@1344,0%@729,1%@729] GR3D_FREQ 98% cpu@63.187C soc2@62.062C soc0@62.843C gpu@64.406C tj@64.406C soc1@61.718C VDD_IN 17329mW/17015mW VDD_CPU_GPU_CV 8172mW/7994mW VDD_SOC 4001mW/3929mW
08-11-2026 21:08:57 RAM 6592/7607MB (lfb 3x2MB) SWAP 1371/16384MB (cached 123MB) CPU [2%@1344,2%@1344,63%@1344,4%@1344,0%@729,0%@729] GR3D_FREQ 98% cpu@63.218C soc2@62C soc0@62.812C gpu@64.343C tj@64.343C soc1@61.781C VDD_IN 17250mW/17016mW VDD_CPU_GPU_CV 8016mW/7994mW VDD_SOC 4040mW/3929mW
08-11-2026 21:08:58 RAM 6592/7607MB (lfb 3x2MB) SWAP 1371/16384MB (cached 123MB) CPU [3%@729,2%@729,21%@729,46%@729,0%@729,0%@729] GR3D_FREQ 98% cpu@63.093C soc2@61.937C soc0@62.687C gpu@64.218C tj@64.218C soc1@61.718C VDD_IN 17133mW/17016mW VDD_CPU_GPU_CV 7781mW/7994mW VDD_SOC 4080mW/3929mW
08-11-2026 21:08:59 RAM 6593/7607MB (lfb 2x2MB) SWAP 1371/16384MB (cached 123MB) CPU [3%@729,2%@729,5%@729,17%@729,44%@1344,0%@1344] GR3D_FREQ 98% cpu@62.875C soc2@61.968C soc0@62.812C gpu@63.968C tj@63.968C soc1@61.843C VDD_IN 16818mW/17016mW VDD_CPU_GPU_CV 7285mW/7993mW VDD_SOC 4165mW/3930mW
08-11-2026 21:09:00 RAM 6594/7607MB (lfb 2x2MB) SWAP 1371/16384MB (cached 123MB) CPU [8%@729,17%@729,3%@729,11%@729,60%@729,0%@729] GR3D_FREQ 99% cpu@63.093C soc2@62.031C soc0@62.75C gpu@64C tj@64C soc1@61.906C VDD_IN 16688mW/17015mW VDD_CPU_GPU_CV 7794mW/7992mW VDD_SOC 3929mW/3930mW
08-11-2026 21:09:01 RAM 6595/7607MB (lfb 1x2MB) SWAP 1371/16384MB (cached 123MB) CPU [3%@729,2%@729,5%@729,0%@729,70%@729,0%@729] GR3D_FREQ 99% cpu@62.75C soc2@62.093C soc0@62.812C gpu@63.906C tj@63.906C soc1@61.937C VDD_IN 16975mW/17015mW VDD_CPU_GPU_CV 8133mW/7992mW VDD_SOC 3883mW/3929mW
08-11-2026 21:09:02 RAM 6596/7607MB (lfb 1x2MB) SWAP 1371/16384MB (cached 123MB) CPU [3%@729,1%@729,5%@729,1%@729,70%@729,1%@729] GR3D_FREQ 97% cpu@62.906C soc2@62.093C soc0@62.875C gpu@64.156C tj@64.156C soc1@61.781C VDD_IN 17526mW/17016mW VDD_CPU_GPU_CV 8563mW/7994mW VDD_SOC 3923mW/3929mW
08-11-2026 21:09:03 RAM 6596/7607MB (lfb 1x2MB) SWAP 1371/16384MB (cached 123MB) CPU [2%@729,2%@729,1%@729,5%@729,64%@1344,0%@1344] GR3D_FREQ 98% cpu@63.031C soc2@62C soc0@62.718C gpu@64.312C tj@64.312C soc1@61.843C VDD_IN 17565mW/17017mW VDD_CPU_GPU_CV 8588mW/7995mW VDD_SOC 3923mW/3929mW
08-11-2026 21:09:04 RAM 6597/7607MB (lfb 1x2MB) SWAP 1371/16384MB (cached 123MB) CPU [8%@729,2%@729,2%@729,2%@729,62%@1344,0%@1344] GR3D_FREQ 98% cpu@62.843C soc2@62C soc0@62.687C gpu@64.593C tj@64.593C soc1@61.781C VDD_IN 17526mW/17018mW VDD_CPU_GPU_CV 8549mW/7996mW VDD_SOC 3923mW/3929mW
08-11-2026 21:09:05 RAM 6595/7607MB (lfb 4x1MB) SWAP 1371/16384MB (cached 123MB) CPU [5%@729,2%@729,2%@729,2%@729,59%@729,0%@729] GR3D_FREQ 97% cpu@63.093C soc2@62.093C soc0@62.75C gpu@64.437C tj@64.437C soc1@61.937C VDD_IN 17368mW/17018mW VDD_CPU_GPU_CV 8290mW/7996mW VDD_SOC 3962mW/3929mW
08-11-2026 21:09:06 RAM 6597/7607MB (lfb 4x1MB) SWAP 1371/16384MB (cached 123MB) CPU [9%@1113,6%@1113,16%@1113,10%@1113,63%@1344,0%@1344] GR3D_FREQ 98% cpu@62.875C soc2@62.093C soc0@62.812C gpu@64.593C tj@64.593C soc1@61.781C VDD_IN 17408mW/17019mW VDD_CPU_GPU_CV 8250mW/7997mW VDD_SOC 4001mW/3930mW
08-11-2026 21:09:07 RAM 6598/7607MB (lfb 4x1MB) SWAP 1371/16384MB (cached 123MB) CPU [24%@1344,4%@1344,2%@1344,1%@1344,42%@729,1%@729] GR3D_FREQ 98% cpu@63.062C soc2@62.093C soc0@62.843C gpu@64.343C tj@64.343C soc1@61.843C VDD_IN 17329mW/17020mW VDD_CPU_GPU_CV 8055mW/7997mW VDD_SOC 4040mW/3930mW
08-11-2026 21:09:08 RAM 6598/7607MB (lfb 4x1MB) SWAP 1371/16384MB (cached 123MB) CPU [60%@729,1%@729,3%@729,6%@729,0%@729,0%@729] GR3D_FREQ 98% cpu@63.156C soc2@62.093C soc0@62.781C gpu@64.312C tj@64.312C soc1@61.843C VDD_IN 17093mW/17020mW VDD_CPU_GPU_CV 7742mW/7996mW VDD_SOC 4080mW/3930mW
08-11-2026 21:09:09 RAM 6598/7607MB (lfb 4x1MB) SWAP 1371/16384MB (cached 123MB) CPU [51%@1344,1%@1344,13%@1344,2%@1344,4%@729,0%@729] GR3D_FREQ 98% cpu@63C soc2@62.093C soc0@62.875C gpu@64.187C tj@64.187C soc1@61.906C VDD_IN 16936mW/17020mW VDD_CPU_GPU_CV 7390mW/7995mW VDD_SOC 4158mW/3931mW
08-11-2026 21:09:10 RAM 6599/7607MB (lfb 4x1MB) SWAP 1371/16384MB (cached 123MB) CPU [4%@1190,0%@1190,60%@1190,2%@1190,0%@729,1%@729] GR3D_FREQ 98% cpu@63.093C soc2@62.062C soc0@63.031C gpu@64.187C tj@64.187C soc1@61.875C VDD_IN 16609mW/17019mW VDD_CPU_GPU_CV 7637mW/7995mW VDD_SOC 3929mW/3931mW
08-11-2026 21:09:11 RAM 6599/7607MB (lfb 4x1MB) SWAP 1371/16384MB (cached 123MB) CPU [10%@729,15%@729,70%@729,4%@729,0%@1036,0%@1036] GR3D_FREQ 99% cpu@63.406C soc2@62.062C soc0@62.812C gpu@64.25C tj@64.25C soc1@61.812C VDD_IN 17054mW/17019mW VDD_CPU_GPU_CV 8172mW/7995mW VDD_SOC 3883mW/3930mW
08-11-2026 21:09:12 RAM 6598/7607MB (lfb 4x1MB) SWAP 1371/16384MB (cached 123MB) CPU [8%@729,3%@729,4%@729,71%@729,0%@729,2%@729] GR3D_FREQ 98% cpu@63.062C soc2@62.093C soc0@62.781C gpu@64.562C tj@64.562C soc1@61.875C VDD_IN 17565mW/17020mW VDD_CPU_GPU_CV 8588mW/7996mW VDD_SOC 3923mW/3930mW
08-11-2026 21:09:13 RAM 6597/7607MB (lfb 4x1MB) SWAP 1371/16384MB (cached 123MB) CPU [3%@1344,2%@1344,2%@1344,65%@1344,0%@729,0%@729] GR3D_FREQ 98% cpu@63.062C soc2@62.093C soc0@62.843C gpu@64.25C tj@64.25C soc1@61.875C VDD_IN 17408mW/17021mW VDD_CPU_GPU_CV 8485mW/7997mW VDD_SOC 3883mW/3930mW
08-11-2026 21:09:14 RAM 6598/7607MB (lfb 4x1MB) SWAP 1371/16384MB (cached 123MB) CPU [6%@1344,1%@1344,2%@1344,63%@1344,0%@729,0%@729] GR3D_FREQ 98% cpu@63.093C soc2@62.125C soc0@62.937C gpu@64.25C tj@64.25C soc1@61.781C VDD_IN 17408mW/17022mW VDD_CPU_GPU_CV 8446mW/7998mW VDD_SOC 3923mW/3930mW
08-11-2026 21:09:15 RAM 6598/7607MB (lfb 4x1MB) SWAP 1371/16384MB (cached 123MB) CPU [2%@1344,3%@1344,3%@1344,59%@1344,1%@729,0%@729] GR3D_FREQ 97% cpu@63.031C soc2@62.093C soc0@62.968C gpu@64.281C tj@64.281C soc1@61.781C VDD_IN 17211mW/17022mW VDD_CPU_GPU_CV 8211mW/7998mW VDD_SOC 3923mW/3930mW
08-11-2026 21:09:16 RAM 6598/7607MB (lfb 4x1MB) SWAP 1371/16384MB (cached 123MB) CPU [1%@1344,4%@1344,1%@1344,62%@1344,0%@729,1%@729] GR3D_FREQ 98% cpu@63.187C soc2@62.156C soc0@62.812C gpu@64.281C tj@64.281C soc1@61.812C VDD_IN 17211mW/17022mW VDD_CPU_GPU_CV 8094mW/7998mW VDD_SOC 3962mW/3930mW
08-11-2026 21:09:17 RAM 6600/7607MB (lfb 4x1MB) SWAP 1371/16384MB (cached 123MB) CPU [18%@729,6%@729,2%@729,42%@729,30%@1344,2%@1344] GR3D_FREQ 98% cpu@63.187C soc2@62.093C soc0@62.812C gpu@64.25C tj@64.25C soc1@61.875C VDD_IN 17172mW/17023mW VDD_CPU_GPU_CV 8016mW/7998mW VDD_SOC 4001mW/3931mW
08-11-2026 21:09:18 RAM 6601/7607MB (lfb 4x1MB) SWAP 1371/16384MB (cached 123MB) CPU [5%@729,2%@729,1%@729,0%@729,62%@729,5%@729] GR3D_FREQ 98% cpu@63C soc2@62.062C soc0@62.906C gpu@64.281C tj@64.281C soc1@61.937C VDD_IN 16975mW/17022mW VDD_CPU_GPU_CV 7664mW/7998mW VDD_SOC 4040mW/3931mW
08-11-2026 21:09:19 RAM 6601/7607MB (lfb 3x1MB) SWAP 1371/16384MB (cached 123MB) CPU [1%@729,7%@729,3%@729,1%@729,62%@1344,0%@1344] GR3D_FREQ 98% cpu@62.906C soc2@62.031C soc0@62.968C gpu@64.062C tj@64.062C soc1@61.875C VDD_IN 16779mW/17022mW VDD_CPU_GPU_CV 7324mW/7997mW VDD_SOC 4126mW/3931mW
08-11-2026 21:09:20 RAM 6601/7607MB (lfb 3x1MB) SWAP 1371/16384MB (cached 123MB) CPU [4%@729,2%@729,4%@729,1%@729,58%@729,0%@729] GR3D_FREQ 99% cpu@62.906C soc2@62.093C soc0@62.968C gpu@64C tj@64C soc1@61.843C VDD_IN 16452mW/17021mW VDD_CPU_GPU_CV 7598mW/7996mW VDD_SOC 3890mW/3931mW
08-11-2026 21:09:22 RAM 6602/7607MB (lfb 3x1MB) SWAP 1371/16384MB (cached 123MB) CPU [10%@729,2%@729,2%@729,3%@729,63%@729,0%@729] GR3D_FREQ 99% cpu@62.968C soc2@62.093C soc0@62.843C gpu@63.875C tj@63.875C soc1@61.843C VDD_IN 16779mW/17021mW VDD_CPU_GPU_CV 7977mW/7996mW VDD_SOC 3890mW/3931mW
08-11-2026 21:09:23 RAM 6601/7607MB (lfb 4x1MB) SWAP 1371/16384MB (cached 123MB) CPU [2%@806,2%@806,3%@806,3%@806,71%@729,0%@729] GR3D_FREQ 97% cpu@63.281C soc2@62.125C soc0@62.875C gpu@64.312C tj@64.312C soc1@61.906C VDD_IN 17368mW/17021mW VDD_CPU_GPU_CV 8446mW/7997mW VDD_SOC 3923mW/3931mW
08-11-2026 21:09:24 RAM 6604/7607MB (lfb 3x1MB) SWAP 1371/16384MB (cached 123MB) CPU [5%@729,10%@729,18%@729,8%@729,64%@1344,0%@1344] GR3D_FREQ 97% cpu@62.937C soc2@62.156C soc0@62.906C gpu@64.343C tj@64.343C soc1@61.906C VDD_IN 17486mW/17022mW VDD_CPU_GPU_CV 8563mW/7998mW VDD_SOC 3923mW/3931mW
08-11-2026 21:09:25 RAM 6603/7607MB (lfb 1x2MB) SWAP 1371/16384MB (cached 123MB) CPU [1%@729,1%@729,4%@729,6%@729,63%@1344,0%@1344] GR3D_FREQ 97% cpu@62.937C soc2@62.093C soc0@62.937C gpu@64.406C tj@64.406C soc1@61.812C VDD_IN 17408mW/17023mW VDD_CPU_GPU_CV 8446mW/7998mW VDD_SOC 3923mW/3931mW
08-11-2026 21:09:26 RAM 6604/7607MB (lfb 1x2MB) SWAP 1371/16384MB (cached 123MB) CPU [2%@729,2%@729,2%@729,5%@729,60%@1344,0%@1344] GR3D_FREQ 92% cpu@62.875C soc2@62.093C soc0@62.843C gpu@64.218C tj@64.218C soc1@61.906C VDD_IN 17290mW/17023mW VDD_CPU_GPU_CV 8211mW/7999mW VDD_SOC 3962mW/3931mW
08-11-2026 21:09:27 RAM 6604/7607MB (lfb 1x2MB) SWAP 1371/16384MB (cached 123MB) CPU [2%@729,2%@729,2%@729,4%@729,63%@1344,1%@1344] GR3D_FREQ 98% cpu@63C soc2@62.218C soc0@62.75C gpu@64.562C tj@64.562C soc1@61.875C VDD_IN 17250mW/17024mW VDD_CPU_GPU_CV 8133mW/7999mW VDD_SOC 3962mW/3931mW
08-11-2026 21:09:28 RAM 6604/7607MB (lfb 1x2MB) SWAP 1371/16384MB (cached 123MB) CPU [3%@729,1%@729,5%@729,3%@729,64%@1344,0%@1344] GR3D_FREQ 98% cpu@63.25C soc2@62.093C soc0@62.875C gpu@64.562C tj@64.562C soc1@61.875C VDD_IN 17211mW/17024mW VDD_CPU_GPU_CV 8016mW/7999mW VDD_SOC 4001mW/3931mW
08-11-2026 21:09:29 RAM 6607/7607MB (lfb 1x2MB) SWAP 1371/16384MB (cached 123MB) CPU [13%@1344,3%@1344,3%@1344,8%@1344,56%@729,4%@729] GR3D_FREQ 96% cpu@62.937C soc2@62.187C soc0@62.937C gpu@64.312C tj@64.312C soc1@61.968C VDD_IN 17054mW/17024mW VDD_CPU_GPU_CV 7742mW/7999mW VDD_SOC 4080mW/3931mW
08-11-2026 21:09:30 RAM 6609/7607MB (lfb 1x2MB) SWAP 1371/16384MB (cached 123MB) CPU [64%@1344,3%@1344,4%@1344,4%@1344,7%@729,0%@729] GR3D_FREQ 98% cpu@63.093C soc2@62.281C soc0@62.968C gpu@64.468C tj@64.468C soc1@61.812C VDD_IN 16818mW/17024mW VDD_CPU_GPU_CV 7390mW/7998mW VDD_SOC 4126mW/3932mW
08-11-2026 21:09:31 RAM 6609/7607MB (lfb 1x2MB) SWAP 1371/16384MB (cached 123MB) CPU [58%@729,1%@729,2%@729,3%@729,1%@729,2%@729] GR3D_FREQ 96% cpu@63.187C soc2@62.156C soc0@62.875C gpu@63.812C tj@63.812C soc1@61.875C VDD_IN 16570mW/17023mW VDD_CPU_GPU_CV 7441mW/7997mW VDD_SOC 4008mW/3932mW
08-11-2026 21:09:32 RAM 6609/7607MB (lfb 1x2MB) SWAP 1371/16384MB (cached 123MB) CPU [2%@729,1%@729,1%@729,67%@729,1%@729,4%@729] GR3D_FREQ 99% cpu@63.031C soc2@62.187C soc0@62.937C gpu@64.062C tj@64.062C soc1@61.968C VDD_IN 16728mW/17022mW VDD_CPU_GPU_CV 7820mW/7996mW VDD_SOC 3890mW/3932mW
08-11-2026 21:09:33 RAM 6608/7607MB (lfb 1x2MB) SWAP 1371/16384MB (cached 123MB) CPU [11%@729,3%@729,2%@729,6%@729,62%@729,0%@729] GR3D_FREQ 99% cpu@63.187C soc2@62.25C soc0@62.906C gpu@64.687C tj@64.687C soc1@62C VDD_IN 17683mW/17023mW VDD_CPU_GPU_CV 8666mW/7997mW VDD_SOC 3962mW/3932mW
08-11-2026 21:09:34 RAM 6608/7607MB (lfb 1x2MB) SWAP 1371/16384MB (cached 123MB) CPU [1%@729,3%@729,1%@729,1%@729,66%@1344,4%@1344] GR3D_FREQ 98% cpu@63C soc2@62.125C soc0@62.968C gpu@64.468C tj@64.468C soc1@62.062C VDD_IN 17486mW/17024mW VDD_CPU_GPU_CV 8563mW/7998mW VDD_SOC 3883mW/3932mW
08-11-2026 21:09:35 RAM 6613/7607MB (lfb 5x1MB) SWAP 1371/16384MB (cached 123MB) CPU [38%@1344,44%@1344,52%@1344,51%@1344,43%@1344,32%@1344] GR3D_FREQ 34% cpu@62.968C soc2@61.625C soc0@62.781C gpu@62.093C tj@62.968C soc1@61.718C VDD_IN 9315mW/17010mW VDD_CPU_GPU_CV 3214mW/7990mW VDD_SOC 2305mW/3929mW
08-11-2026 21:09:36 RAM 6652/7607MB (lfb 1x2MB) SWAP 1371/16384MB (cached 123MB) CPU [46%@1344,45%@1344,79%@1344,45%@1344,45%@729,45%@729] GR3D_FREQ 98% cpu@62.843C soc2@61.468C soc0@62.437C gpu@63.812C tj@63.812C soc1@61.656C VDD_IN 13368mW/17004mW VDD_CPU_GPU_CV 5834mW/7986mW VDD_SOC 2922mW/3927mW
08-11-2026 21:09:37 RAM 6652/7607MB (lfb 1x2MB) SWAP 1371/16384MB (cached 123MB) CPU [5%@729,4%@729,62%@729,3%@729,0%@729,0%@729] GR3D_FREQ 98% cpu@62.875C soc2@61.781C soc0@62.593C gpu@64.218C tj@64.218C soc1@61.687C VDD_IN 16688mW/17003mW VDD_CPU_GPU_CV 7481mW/7985mW VDD_SOC 3968mW/3927mW
08-11-2026 21:09:38 RAM 6653/7607MB (lfb 1x2MB) SWAP 1371/16384MB (cached 123MB) CPU [3%@1344,2%@1344,61%@1344,4%@1344,0%@729,0%@729] GR3D_FREQ 98% cpu@63.25C soc2@61.875C soc0@62.593C gpu@64.125C tj@64.125C soc1@61.843C VDD_IN 16767mW/17003mW VDD_CPU_GPU_CV 7246mW/7984mW VDD_SOC 4126mW/3927mW
08-11-2026 21:09:39 RAM 6653/7607MB (lfb 1x2MB) SWAP 1371/16384MB (cached 123MB) CPU [5%@729,3%@729,9%@729,6%@729,51%@729,0%@729] GR3D_FREQ 99% cpu@62.593C soc2@61.875C soc0@62.718C gpu@64.281C tj@64.281C soc1@61.843C VDD_IN 16413mW/17002mW VDD_CPU_GPU_CV 7637mW/7983mW VDD_SOC 3851mW/3927mW
08-11-2026 21:09:40 RAM 6653/7607MB (lfb 1x2MB) SWAP 1371/16384MB (cached 123MB) CPU [4%@729,2%@729,1%@729,6%@729,69%@729,0%@729] GR3D_FREQ 99% cpu@62.687C soc2@62C soc0@62.75C gpu@64.125C tj@64.125C soc1@61.656C VDD_IN 16975mW/17002mW VDD_CPU_GPU_CV 8094mW/7983mW VDD_SOC 3890mW/3927mW
08-11-2026 21:09:41 RAM 6657/7607MB (lfb 4x1MB) SWAP 1371/16384MB (cached 123MB) CPU [11%@729,19%@729,7%@729,7%@729,71%@729,0%@729] GR3D_FREQ 98% cpu@62.906C soc2@62.062C soc0@62.718C gpu@64.687C tj@64.687C soc1@61.718C VDD_IN 17565mW/17003mW VDD_CPU_GPU_CV 8627mW/7984mW VDD_SOC 3883mW/3927mW
08-11-2026 21:09:42 RAM 6657/7607MB (lfb 4x1MB) SWAP 1371/16384MB (cached 123MB) CPU [4%@729,2%@729,2%@729,1%@729,63%@1344,0%@1344] GR3D_FREQ 98% cpu@62.843C soc2@61.968C soc0@62.593C gpu@64.656C tj@64.656C soc1@61.75C VDD_IN 17447mW/17004mW VDD_CPU_GPU_CV 8471mW/7985mW VDD_SOC 3923mW/3927mW
08-11-2026 21:09:43 RAM 6657/7607MB (lfb 4x1MB) SWAP 1371/16384MB (cached 123MB) CPU [3%@729,2%@729,4%@729,3%@729,63%@1344,0%@1344] GR3D_FREQ 98% cpu@63C soc2@61.937C soc0@62.687C gpu@64.281C tj@64.281C soc1@61.781C VDD_IN 17447mW/17004mW VDD_CPU_GPU_CV 8432mW/7986mW VDD_SOC 3923mW/3927mW
08-11-2026 21:09:44 RAM 6657/7607MB (lfb 4x1MB) SWAP 1371/16384MB (cached 123MB) CPU [4%@729,2%@729,2%@729,5%@729,60%@960,0%@960] GR3D_FREQ 97% cpu@62.625C soc2@62C soc0@62.656C gpu@64.25C tj@64.25C soc1@61.687C VDD_IN 17368mW/17005mW VDD_CPU_GPU_CV 8329mW/7987mW VDD_SOC 3962mW/3927mW
08-11-2026 21:09:45 RAM 6657/7607MB (lfb 4x1MB) SWAP 1371/16384MB (cached 123MB) CPU [2%@729,2%@729,5%@729,2%@729,62%@1344,0%@1344] GR3D_FREQ 93% cpu@62.75C soc2@61.906C soc0@62.593C gpu@64.25C tj@64.25C soc1@61.718C VDD_IN 17172mW/17005mW VDD_CPU_GPU_CV 8094mW/7987mW VDD_SOC 3962mW/3927mW
08-11-2026 21:09:46 RAM 6657/7607MB (lfb 4x1MB) SWAP 1371/16384MB (cached 123MB) CPU [5%@729,2%@729,3%@729,2%@729,63%@1344,0%@1344] GR3D_FREQ 98% cpu@62.937C soc2@61.906C soc0@62.687C gpu@64.312C tj@64.312C soc1@61.656C VDD_IN 17093mW/17005mW VDD_CPU_GPU_CV 7899mW/7987mW VDD_SOC 4001mW/3927mW
08-11-2026 21:09:47 RAM 6657/7607MB (lfb 3x1MB) SWAP 1371/16384MB (cached 123MB) CPU [6%@729,18%@729,6%@729,8%@729,63%@1344,2%@1344] GR3D_FREQ 98% cpu@62.781C soc2@61.906C soc0@62.687C gpu@64.312C tj@64.312C soc1@61.75C VDD_IN 16975mW/17005mW VDD_CPU_GPU_CV 7664mW/7986mW VDD_SOC 4080mW/3928mW
08-11-2026 21:09:48 RAM 6658/7607MB (lfb 3x1MB) SWAP 1371/16384MB (cached 123MB) CPU [3%@729,4%@729,0%@729,2%@729,60%@1190,0%@1190] GR3D_FREQ 99% cpu@63.156C soc2@61.968C soc0@62.75C gpu@63.781C tj@63.781C soc1@61.812C VDD_IN 16688mW/17005mW VDD_CPU_GPU_CV 7206mW/7985mW VDD_SOC 4165mW/3928mW
08-11-2026 21:09:49 RAM 6658/7607MB (lfb 3x1MB) SWAP 1371/16384MB (cached 123MB) CPU [6%@729,5%@729,7%@729,3%@729,61%@729,0%@729] GR3D_FREQ 99% cpu@62.593C soc2@62C soc0@62.781C gpu@63.968C tj@63.968C soc1@61.687C VDD_IN 16452mW/17004mW VDD_CPU_GPU_CV 7755mW/7984mW VDD_SOC 3851mW/3928mW
08-11-2026 21:09:50 RAM 6658/7607MB (lfb 3x1MB) SWAP 1371/16384MB (cached 123MB) CPU [3%@729,2%@729,3%@729,2%@729,69%@729,0%@729] GR3D_FREQ 99% cpu@62.687C soc2@61.906C soc0@62.75C gpu@63.906C tj@63.906C soc1@61.75C VDD_IN 17172mW/17004mW VDD_CPU_GPU_CV 8250mW/7985mW VDD_SOC 3923mW/3928mW
08-11-2026 21:09:51 RAM 6658/7607MB (lfb 3x1MB) SWAP 1371/16384MB (cached 123MB) CPU [4%@729,2%@729,3%@729,5%@729,71%@806,0%@806] GR3D_FREQ 98% cpu@62.906C soc2@61.937C soc0@62.718C gpu@64.156C tj@64.156C soc1@61.75C VDD_IN 17447mW/17005mW VDD_CPU_GPU_CV 8588mW/7986mW VDD_SOC 3883mW/3928mW
08-11-2026 21:09:52 RAM 6659/7607MB (lfb 3x1MB) SWAP 1371/16384MB (cached 123MB) CPU [17%@1113,7%@1113,3%@1113,7%@1113,62%@1344,0%@1344] GR3D_FREQ 98% cpu@63.062C soc2@62.062C soc0@62.75C gpu@64.312C tj@64.312C soc1@61.812C VDD_IN 17643mW/17006mW VDD_CPU_GPU_CV 8666mW/7987mW VDD_SOC 3923mW/3928mW
08-11-2026 21:09:53 RAM 6658/7607MB (lfb 3x1MB) SWAP 1371/16384MB (cached 123MB) CPU [4%@729,4%@729,5%@729,1%@729,63%@1344,0%@1344] GR3D_FREQ 98% cpu@63.062C soc2@61.968C soc0@62.75C gpu@64.312C tj@64.312C soc1@61.781C VDD_IN 17447mW/17007mW VDD_CPU_GPU_CV 8446mW/7988mW VDD_SOC 3923mW/3928mW
08-11-2026 21:09:54 RAM 6658/7607MB (lfb 3x1MB) SWAP 1371/16384MB (cached 123MB) CPU [2%@729,2%@729,4%@729,3%@729,62%@883,0%@883] GR3D_FREQ 97% cpu@62.687C soc2@62.031C soc0@62.781C gpu@64.281C tj@64.375C soc1@61.781C VDD_IN 17408mW/17007mW VDD_CPU_GPU_CV 8368mW/7989mW VDD_SOC 3923mW/3928mW
08-11-2026 21:09:55 RAM 6659/7607MB (lfb 3x1MB) SWAP 1371/16384MB (cached 123MB) CPU [6%@729,5%@729,2%@729,3%@729,61%@1344,0%@1344] GR3D_FREQ 92% cpu@62.75C soc2@61.906C soc0@62.75C gpu@64.375C tj@64.375C soc1@61.718C VDD_IN 17250mW/17008mW VDD_CPU_GPU_CV 8094mW/7989mW VDD_SOC 4001mW/3928mW
08-11-2026 21:09:56 RAM 6659/7607MB (lfb 3x1MB) SWAP 1371/16384MB (cached 123MB) CPU [47%@1344,3%@1344,2%@1344,2%@1344,16%@729,0%@729] GR3D_FREQ 97% cpu@63.031C soc2@62.093C soc0@62.75C gpu@64.437C tj@64.437C soc1@61.812C VDD_IN 17093mW/17008mW VDD_CPU_GPU_CV 7899mW/7989mW VDD_SOC 4001mW/3928mW
08-11-2026 21:09:57 RAM 6658/7607MB (lfb 3x1MB) SWAP 1370/16384MB (cached 123MB) CPU [59%@1344,12%@1344,7%@1344,8%@1344,5%@729,0%@729] GR3D_FREQ 97% cpu@62.937C soc2@62.062C soc0@62.812C gpu@64.437C tj@64.437C soc1@61.843C VDD_IN 17172mW/17008mW VDD_CPU_GPU_CV 7781mW/7988mW VDD_SOC 4080mW/3928mW
08-11-2026 21:09:58 RAM 6660/7607MB (lfb 3x1MB) SWAP 1370/16384MB (cached 123MB) CPU [59%@729,19%@729,8%@729,3%@729,1%@1190,3%@1190] GR3D_FREQ 99% cpu@63.187C soc2@62.125C soc0@62.781C gpu@64.156C tj@64.156C soc1@61.875C VDD_IN 16779mW/17008mW VDD_CPU_GPU_CV 7285mW/7987mW VDD_SOC 4165mW/3929mW
08-11-2026 21:09:59 RAM 6661/7607MB (lfb 3x1MB) SWAP 1370/16384MB (cached 123MB) CPU [3%@729,5%@729,3%@729,3%@729,60%@729,0%@729] GR3D_FREQ 99% cpu@62.593C soc2@62.031C soc0@62.781C gpu@64.406C tj@64.406C soc1@61.718C VDD_IN 16413mW/17007mW VDD_CPU_GPU_CV 7716mW/7987mW VDD_SOC 3851mW/3929mW
08-11-2026 21:10:00 RAM 6661/7607MB (lfb 3x1MB) SWAP 1370/16384MB (cached 123MB) CPU [30%@729,3%@729,3%@729,2%@729,41%@729,0%@729] GR3D_FREQ 99% cpu@62.75C soc2@62.031C soc0@62.843C gpu@64.5C tj@64.5C soc1@61.781C VDD_IN 17250mW/17007mW VDD_CPU_GPU_CV 8290mW/7987mW VDD_SOC 3923mW/3929mW
08-11-2026 21:10:01 RAM 6661/7607MB (lfb 3x1MB) SWAP 1370/16384MB (cached 123MB) CPU [2%@729,5%@729,2%@729,2%@729,46%@806,26%@806] GR3D_FREQ 97% cpu@62.968C soc2@62.062C soc0@62.656C gpu@64.312C tj@64.312C soc1@61.781C VDD_IN 17526mW/17008mW VDD_CPU_GPU_CV 8602mW/7988mW VDD_SOC 3883mW/3929mW
08-11-2026 21:10:02 RAM 6661/7607MB (lfb 3x1MB) SWAP 1370/16384MB (cached 123MB) CPU [2%@729,5%@729,3%@729,3%@729,0%@1344,62%@1344] GR3D_FREQ 97% cpu@63.281C soc2@62.031C soc0@62.75C gpu@64.343C tj@64.343C soc1@61.781C VDD_IN 17447mW/17009mW VDD_CPU_GPU_CV 8446mW/7989mW VDD_SOC 3923mW/3929mW
08-11-2026 21:10:03 RAM 6661/7607MB (lfb 3x1MB) SWAP 1370/16384MB (cached 123MB) CPU [5%@729,4%@729,5%@729,2%@729,0%@1344,61%@1344] GR3D_FREQ 97% cpu@63.125C soc2@62.062C soc0@62.75C gpu@64.343C tj@64.343C soc1@61.906C VDD_IN 17408mW/17010mW VDD_CPU_GPU_CV 8407mW/7990mW VDD_SOC 3923mW/3929mW
08-11-2026 21:10:04 RAM 6662/7607MB (lfb 4x1MB) SWAP 1370/16384MB (cached 123MB) CPU [20%@729,4%@729,9%@729,9%@729,2%@1036,63%@1036] GR3D_FREQ 97% cpu@62.812C soc2@62.093C soc0@62.75C gpu@64.406C tj@64.406C soc1@61.718C VDD_IN 17447mW/17010mW VDD_CPU_GPU_CV 8446mW/7990mW VDD_SOC 3962mW/3929mW
08-11-2026 21:10:05 RAM 6662/7607MB (lfb 4x1MB) SWAP 1370/16384MB (cached 123MB) CPU [2%@729,6%@729,3%@729,2%@729,0%@1344,61%@1344] GR3D_FREQ 94% cpu@62.875C soc2@62.031C soc0@62.906C gpu@64.312C tj@64.312C soc1@61.75C VDD_IN 17211mW/17011mW VDD_CPU_GPU_CV 8094mW/7991mW VDD_SOC 4001mW/3929mW
08-11-2026 21:10:06 RAM 6662/7607MB (lfb 4x1MB) SWAP 1370/16384MB (cached 123MB) CPU [2%@729,2%@729,1%@729,4%@729,0%@1344,63%@1344] GR3D_FREQ 98% cpu@63.062C soc2@61.937C soc0@62.687C gpu@64.625C tj@64.625C soc1@61.812C VDD_IN 17172mW/17011mW VDD_CPU_GPU_CV 7938mW/7991mW VDD_SOC 4040mW/3929mW
08-11-2026 21:10:07 RAM 6662/7607MB (lfb 4x1MB) SWAP 1370/16384MB (cached 123MB) CPU [1%@729,2%@729,3%@729,4%@729,0%@1344,63%@1344] GR3D_FREQ 98% cpu@63.312C soc2@62.062C soc0@62.656C gpu@64.656C tj@64.656C soc1@61.843C VDD_IN 17015mW/17011mW VDD_CPU_GPU_CV 7703mW/7990mW VDD_SOC 4080mW/3929mW
08-11-2026 21:10:08 RAM 6662/7607MB (lfb 4x1MB) SWAP 1370/16384MB (cached 123MB) CPU [2%@729,1%@729,2%@729,8%@729,0%@1344,60%@1344] GR3D_FREQ 99% cpu@63.062C soc2@61.968C soc0@62.75C gpu@63.843C tj@63.843C soc1@61.843C VDD_IN 16806mW/17011mW VDD_CPU_GPU_CV 7246mW/7989mW VDD_SOC 4165mW/3930mW
08-11-2026 21:10:09 RAM 6661/7607MB (lfb 4x1MB) SWAP 1370/16384MB (cached 123MB) CPU [11%@1344,6%@1344,18%@1344,7%@1344,0%@729,61%@729] GR3D_FREQ 99% cpu@62.937C soc2@62.093C soc0@62.875C gpu@64.031C tj@64.031C soc1@61.812C VDD_IN 16688mW/17010mW VDD_CPU_GPU_CV 7872mW/7989mW VDD_SOC 3890mW/3930mW
08-11-2026 21:10:10 RAM 6661/7607MB (lfb 4x1MB) SWAP 1370/16384MB (cached 123MB) CPU [6%@729,2%@729,2%@729,2%@729,0%@729,69%@729] GR3D_FREQ 99% cpu@62.687C soc2@62C soc0@62.718C gpu@63.843C tj@63.843C soc1@61.812C VDD_IN 17093mW/17010mW VDD_CPU_GPU_CV 8211mW/7989mW VDD_SOC 3883mW/3929mW
08-11-2026 21:10:11 RAM 6661/7607MB (lfb 4x1MB) SWAP 1370/16384MB (cached 123MB) CPU [5%@729,0%@729,1%@729,2%@729,0%@1344,70%@1344] GR3D_FREQ 97% cpu@62.937C soc2@62C soc0@62.718C gpu@64.375C tj@64.375C soc1@61.875C VDD_IN 17447mW/17011mW VDD_CPU_GPU_CV 8510mW/7990mW VDD_SOC 3883mW/3929mW
08-11-2026 21:10:12 RAM 6661/7607MB (lfb 4x1MB) SWAP 1370/16384MB (cached 123MB) CPU [3%@729,2%@729,4%@729,1%@729,0%@1344,64%@1344] GR3D_FREQ 98% cpu@63.281C soc2@62.031C soc0@62.843C gpu@64.437C tj@64.437C soc1@61.843C VDD_IN 17447mW/17012mW VDD_CPU_GPU_CV 8485mW/7991mW VDD_SOC 3923mW/3929mW
08-11-2026 21:10:13 RAM 6661/7607MB (lfb 4x1MB) SWAP 1370/16384MB (cached 123MB) CPU [2%@729,3%@729,2%@729,1%@729,4%@1344,63%@1344] GR3D_FREQ 98% cpu@62.906C soc2@62.062C soc0@62.812C gpu@64.468C tj@64.468C soc1@61.781C VDD_IN 17408mW/17012mW VDD_CPU_GPU_CV 8446mW/7991mW VDD_SOC 3923mW/3929mW
08-11-2026 21:10:14 RAM 6661/7607MB (lfb 4x1MB) SWAP 1370/16384MB (cached 123MB) CPU [2%@729,2%@729,1%@729,2%@729,3%@883,60%@883] GR3D_FREQ 97% cpu@62.937C soc2@62.093C soc0@62.937C gpu@64.437C tj@64.437C soc1@61.718C VDD_IN 17368mW/17013mW VDD_CPU_GPU_CV 8368mW/7992mW VDD_SOC 3962mW/3929mW
08-11-2026 21:10:15 RAM 6661/7607MB (lfb 4x1MB) SWAP 1370/16384MB (cached 123MB) CPU [18%@729,7%@729,8%@729,5%@729,0%@1344,62%@1344] GR3D_FREQ 89% cpu@63.125C soc2@62.031C soc0@62.781C gpu@64.312C tj@64.312C soc1@61.843C VDD_IN 17329mW/17014mW VDD_CPU_GPU_CV 8211mW/7992mW VDD_SOC 4001mW/3930mW
08-11-2026 21:10:16 RAM 6661/7607MB (lfb 4x1MB) SWAP 1370/16384MB (cached 123MB) CPU [3%@729,1%@729,1%@729,4%@729,0%@1344,62%@1344] GR3D_FREQ 98% cpu@63.062C soc2@62.062C soc0@62.687C gpu@64.312C tj@64.312C soc1@61.843C VDD_IN 17172mW/17014mW VDD_CPU_GPU_CV 7938mW/7992mW VDD_SOC 4040mW/3930mW
08-11-2026 21:10:17 RAM 6661/7607MB (lfb 4x1MB) SWAP 1370/16384MB (cached 123MB) CPU [2%@729,2%@729,3%@729,3%@729,0%@1344,62%@1344] GR3D_FREQ 98% cpu@63.25C soc2@62.031C soc0@62.718C gpu@64.218C tj@64.218C soc1@61.843C VDD_IN 16975mW/17014mW VDD_CPU_GPU_CV 7664mW/7992mW VDD_SOC 4080mW/3930mW
08-11-2026 21:10:18 RAM 6661/7607MB (lfb 4x1MB) SWAP 1370/16384MB (cached 123MB) CPU [10%@729,1%@729,2%@729,0%@729,0%@1267,59%@1267] GR3D_FREQ 99% cpu@63.093C soc2@62.156C soc0@62.875C gpu@63.937C tj@63.937C soc1@61.718C VDD_IN 16740mW/17013mW VDD_CPU_GPU_CV 7206mW/7990mW VDD_SOC 4165mW/3930mW
08-11-2026 21:10:19 RAM 6661/7607MB (lfb 4x1MB) SWAP 1370/16384MB (cached 123MB) CPU [3%@729,5%@729,5%@729,1%@729,0%@729,61%@729] GR3D_FREQ 99% cpu@62.906C soc2@62C soc0@63C gpu@64.156C tj@64.156C soc1@61.718C VDD_IN 16531mW/17013mW VDD_CPU_GPU_CV 7716mW/7990mW VDD_SOC 3851mW/3930mW
08-11-2026 21:10:20 RAM 6661/7607MB (lfb 3x1MB) SWAP 1369/16384MB (cached 124MB) CPU [4%@729,8%@729,2%@729,0%@729,0%@729,69%@729] GR3D_FREQ 99% cpu@63.093C soc2@62.031C soc0@62.843C gpu@64.218C tj@64.218C soc1@61.812C VDD_IN 17133mW/17013mW VDD_CPU_GPU_CV 8211mW/7990mW VDD_SOC 3883mW/3930mW
08-11-2026 21:10:21 RAM 6662/7607MB (lfb 3x1MB) SWAP 1369/16384MB (cached 124MB) CPU [4%@729,8%@729,20%@729,6%@729,0%@729,70%@729] GR3D_FREQ 97% cpu@63C soc2@62.093C soc0@62.75C gpu@64.531C tj@64.531C soc1@61.875C VDD_IN 17526mW/17014mW VDD_CPU_GPU_CV 8602mW/7991mW VDD_SOC 3923mW/3930mW
08-11-2026 21:10:22 RAM 6662/7607MB (lfb 3x1MB) SWAP 1369/16384MB (cached 124MB) CPU [3%@729,2%@729,1%@729,1%@729,6%@1344,57%@1344] GR3D_FREQ 98% cpu@63.156C soc2@62.093C soc0@62.937C gpu@64.656C tj@64.656C soc1@61.843C VDD_IN 17486mW/17014mW VDD_CPU_GPU_CV 8524mW/7992mW VDD_SOC 3923mW/3930mW
08-11-2026 21:10:23 RAM 6663/7607MB (lfb 3x1MB) SWAP 1369/16384MB (cached 124MB) CPU [4%@729,1%@729,1%@729,5%@729,62%@1344,0%@1344] GR3D_FREQ 98% cpu@62.875C soc2@62.125C soc0@62.875C gpu@64.656C tj@64.656C soc1@61.718C VDD_IN 17447mW/17015mW VDD_CPU_GPU_CV 8446mW/7993mW VDD_SOC 3923mW/3930mW
08-11-2026 21:10:24 RAM 6663/7607MB (lfb 3x1MB) SWAP 1369/16384MB (cached 124MB) CPU [6%@729,1%@729,2%@729,1%@729,62%@960,0%@960] GR3D_FREQ 98% cpu@62.937C soc2@62.093C soc0@62.718C gpu@64.718C tj@64.718C soc1@61.812C VDD_IN 17408mW/17016mW VDD_CPU_GPU_CV 8368mW/7994mW VDD_SOC 3962mW/3930mW
08-11-2026 21:10:25 RAM 6664/7607MB (lfb 3x1MB) SWAP 1369/16384MB (cached 124MB) CPU [6%@729,2%@729,2%@729,3%@729,62%@1344,0%@1344] GR3D_FREQ 89% cpu@63.187C soc2@62.031C soc0@62.812C gpu@64.312C tj@64.312C soc1@61.843C VDD_IN 17290mW/17016mW VDD_CPU_GPU_CV 8133mW/7994mW VDD_SOC 4001mW/3930mW
08-11-2026 21:10:26 RAM 6664/7607MB (lfb 2x1MB) SWAP 1369/16384MB (cached 124MB) CPU [18%@729,4%@729,8%@729,6%@729,63%@1344,0%@1344] GR3D_FREQ 98% cpu@62.843C soc2@62.187C soc0@62.812C gpu@64.312C tj@64.312C soc1@61.875C VDD_IN 17368mW/17017mW VDD_CPU_GPU_CV 8133mW/7994mW VDD_SOC 4040mW/3930mW
08-11-2026 21:10:27 RAM 6665/7607MB (lfb 2x1MB) SWAP 1369/16384MB (cached 124MB) CPU [3%@729,4%@729,2%@729,1%@729,62%@1344,0%@1344] GR3D_FREQ 98% cpu@62.875C soc2@62.093C soc0@62.937C gpu@64.343C tj@64.343C soc1@61.718C VDD_IN 17015mW/17017mW VDD_CPU_GPU_CV 7664mW/7994mW VDD_SOC 4080mW/3931mW
08-11-2026 21:10:28 RAM 6665/7607MB (lfb 2x1MB) SWAP 1369/16384MB (cached 124MB) CPU [2%@729,4%@729,3%@729,1%@729,61%@1344,0%@1344] GR3D_FREQ 98% cpu@63C soc2@61.968C soc0@62.937C gpu@64.093C tj@64.093C soc1@61.812C VDD_IN 16857mW/17016mW VDD_CPU_GPU_CV 7285mW/7992mW VDD_SOC 4158mW/3931mW
08-11-2026 21:10:29 RAM 6665/7607MB (lfb 2x1MB) SWAP 1368/16384MB (cached 124MB) CPU [2%@729,5%@729,2%@729,6%@729,59%@729,0%@729] GR3D_FREQ 99% cpu@62.875C soc2@62.093C soc0@62.781C gpu@64.187C tj@64.187C soc1@61.843C VDD_IN 16491mW/17016mW VDD_CPU_GPU_CV 7676mW/7992mW VDD_SOC 3851mW/3931mW
08-11-2026 21:10:30 RAM 6664/7607MB (lfb 3x1MB) SWAP 1368/16384MB (cached 124MB) CPU [3%@729,5%@729,5%@729,1%@729,70%@729,0%@729] GR3D_FREQ 99% cpu@63.062C soc2@62C soc0@62.75C gpu@64.125C tj@64.125C soc1@61.875C VDD_IN 17054mW/17016mW VDD_CPU_GPU_CV 8172mW/7992mW VDD_SOC 3883mW/3931mW
08-11-2026 21:10:31 RAM 6664/7607MB (lfb 3x1MB) SWAP 1368/16384MB (cached 124MB) CPU [3%@1344,70%@1344,2%@1344,4%@1344,0%@729,1%@729] GR3D_FREQ 98% cpu@62.875C soc2@62.125C soc0@62.906C gpu@64.812C tj@64.812C soc1@61.875C VDD_IN 17447mW/17016mW VDD_CPU_GPU_CV 8549mW/7993mW VDD_SOC 3883mW/3931mW
08-11-2026 21:10:32 RAM 6668/7607MB (lfb 3x1MB) SWAP 1368/16384MB (cached 124MB) CPU [15%@1344,63%@1344,7%@1344,7%@1344,4%@729,2%@729] GR3D_FREQ 98% cpu@63.062C soc2@62.218C soc0@62.875C gpu@64.312C tj@64.312C soc1@61.843C VDD_IN 17526mW/17017mW VDD_CPU_GPU_CV 8602mW/7994mW VDD_SOC 3923mW/3931mW
08-11-2026 21:10:33 RAM 6668/7607MB (lfb 3x1MB) SWAP 1368/16384MB (cached 124MB) CPU [3%@1344,62%@1344,1%@1344,1%@1344,3%@729,2%@729] GR3D_FREQ 98% cpu@62.906C soc2@62.187C soc0@62.906C gpu@64.312C tj@64.312C soc1@61.812C VDD_IN 17447mW/17018mW VDD_CPU_GPU_CV 8485mW/7995mW VDD_SOC 3923mW/3931mW
08-11-2026 21:10:34 RAM 6668/7607MB (lfb 3x1MB) SWAP 1368/16384MB (cached 124MB) CPU [2%@1113,62%@1113,0%@1113,1%@1113,2%@729,3%@729] GR3D_FREQ 98% cpu@63.031C soc2@62.156C soc0@62.843C gpu@64.312C tj@64.312C soc1@61.75C VDD_IN 17368mW/17019mW VDD_CPU_GPU_CV 8329mW/7995mW VDD_SOC 3962mW/3931mW
08-11-2026 21:10:35 RAM 6669/7607MB (lfb 3x1MB) SWAP 1368/16384MB (cached 124MB) CPU [2%@1344,46%@1344,1%@1344,16%@1344,1%@729,3%@729] GR3D_FREQ 91% cpu@63.312C soc2@62.156C soc0@62.812C gpu@64.281C tj@64.281C soc1@61.906C VDD_IN 17211mW/17019mW VDD_CPU_GPU_CV 8094mW/7996mW VDD_SOC 4001mW/3931mW
08-11-2026 21:10:36 RAM 6669/7607MB (lfb 3x1MB) SWAP 1368/16384MB (cached 124MB) CPU [0%@1344,1%@1344,2%@1344,62%@1344,4%@729,2%@729] GR3D_FREQ 98% cpu@63.187C soc2@62.093C soc0@62.937C gpu@64.312C tj@64.312C soc1@61.843C VDD_IN 17133mW/17019mW VDD_CPU_GPU_CV 7899mW/7995mW VDD_SOC 4040mW/3931mW
08-11-2026 21:10:37 RAM 6669/7607MB (lfb 3x1MB) SWAP 1368/16384MB (cached 124MB) CPU [2%@1344,0%@1344,1%@1344,62%@1344,1%@729,4%@729] GR3D_FREQ 98% cpu@63.156C soc2@62.093C soc0@62.843C gpu@64.187C tj@64.187C soc1@62C VDD_IN 16975mW/17019mW VDD_CPU_GPU_CV 7625mW/7995mW VDD_SOC 4080mW/3931mW
08-11-2026 21:10:38 RAM 6671/7607MB (lfb 3x1MB) SWAP 1368/16384MB (cached 124MB) CPU [9%@1113,27%@1113,2%@1113,39%@1113,14%@729,2%@729] GR3D_FREQ 99% cpu@63.031C soc2@62.125C soc0@62.843C gpu@63.718C tj@63.718C soc1@61.812C VDD_IN 16740mW/17018mW VDD_CPU_GPU_CV 7206mW/7994mW VDD_SOC 4165mW/3932mW
08-11-2026 21:10:39 RAM 6671/7607MB (lfb 3x1MB) SWAP 1368/16384MB (cached 124MB) CPU [1%@729,2%@729,3%@729,62%@729,3%@729,1%@729] GR3D_FREQ 98% cpu@62.968C soc2@62C soc0@62.781C gpu@64.375C tj@64.375C soc1@61.843C VDD_IN 16491mW/17018mW VDD_CPU_GPU_CV 7755mW/7993mW VDD_SOC 3851mW/3932mW
08-11-2026 21:10:40 RAM 6671/7607MB (lfb 3x1MB) SWAP 1368/16384MB (cached 124MB) CPU [3%@729,2%@729,3%@729,70%@729,3%@729,0%@729] GR3D_FREQ 99% cpu@63.125C soc2@62.093C soc0@62.906C gpu@64.437C tj@64.437C soc1@61.875C VDD_IN 17368mW/17018mW VDD_CPU_GPU_CV 8368mW/7994mW VDD_SOC 3962mW/3932mW
08-11-2026 21:10:41 RAM 6672/7607MB (lfb 3x1MB) SWAP 1368/16384MB (cached 124MB) CPU [3%@1113,6%@1113,2%@1113,70%@1113,0%@729,0%@729] GR3D_FREQ 98% cpu@63.062C soc2@62.218C soc0@62.875C gpu@64.625C tj@64.625C soc1@61.968C VDD_IN 17565mW/17019mW VDD_CPU_GPU_CV 8627mW/7995mW VDD_SOC 3883mW/3932mW
08-11-2026 21:10:42 RAM 6671/7607MB (lfb 3x1MB) SWAP 1368/16384MB (cached 124MB) CPU [1%@1344,63%@1344,3%@1344,4%@1344,0%@729,0%@729] GR3D_FREQ 98% cpu@63.062C soc2@62.125C soc0@62.812C gpu@64.593C tj@64.593C soc1@61.906C VDD_IN 17486mW/17020mW VDD_CPU_GPU_CV 8563mW/7996mW VDD_SOC 3923mW/3932mW
08-11-2026 21:10:43 RAM 6672/7607MB (lfb 2x1MB) SWAP 1368/16384MB (cached 124MB) CPU [14%@1344,64%@1344,7%@1344,4%@1344,6%@729,3%@729] GR3D_FREQ 98% cpu@62.937C soc2@62.187C soc0@62.937C gpu@64.718C tj@64.718C soc1@61.781C VDD_IN 17722mW/17021mW VDD_CPU_GPU_CV 8627mW/7997mW VDD_SOC 3923mW/3932mW
08-11-2026 21:10:44 RAM 6673/7607MB (lfb 2x1MB) SWAP 1368/16384MB (cached 124MB) CPU [2%@1344,61%@1344,6%@1344,1%@1344,1%@729,0%@729] GR3D_FREQ 98% cpu@63.031C soc2@62.156C soc0@62.906C gpu@64.625C tj@64.625C soc1@61.875C VDD_IN 17447mW/17022mW VDD_CPU_GPU_CV 8407mW/7997mW VDD_SOC 3962mW/3932mW
08-11-2026 21:10:45 RAM 6673/7607MB (lfb 2x1MB) SWAP 1368/16384MB (cached 124MB) CPU [4%@1344,61%@1344,2%@1344,1%@1344,0%@729,0%@729] GR3D_FREQ 93% cpu@62.968C soc2@62.093C soc0@62.75C gpu@64.625C tj@64.625C soc1@61.843C VDD_IN 17250mW/17022mW VDD_CPU_GPU_CV 8133mW/7998mW VDD_SOC 4001mW/3932mW
08-11-2026 21:10:46 RAM 6673/7607MB (lfb 2x1MB) SWAP 1368/16384MB (cached 124MB) CPU [4%@1344,36%@1344,30%@1344,2%@1344,0%@729,0%@729] GR3D_FREQ 98% cpu@63.312C soc2@62.125C soc0@62.875C gpu@64.625C tj@64.625C soc1@61.843C VDD_IN 17250mW/17022mW VDD_CPU_GPU_CV 7977mW/7998mW VDD_SOC 4040mW/3932mW
08-11-2026 21:10:47 RAM 6674/7607MB (lfb 2x1MB) SWAP 1368/16384MB (cached 124MB) CPU [4%@729,5%@729,62%@729,1%@729,0%@729,0%@729] GR3D_FREQ 98% cpu@63.062C soc2@62.187C soc0@62.843C gpu@64.562C tj@64.562C soc1@61.875C VDD_IN 17093mW/17022mW VDD_CPU_GPU_CV 7703mW/7997mW VDD_SOC 4080mW/3932mW
08-11-2026 21:10:48 RAM 6674/7607MB (lfb 2x1MB) SWAP 1368/16384MB (cached 124MB) CPU [2%@1267,3%@1267,61%@1267,1%@1267,0%@729,1%@729] GR3D_FREQ 99% cpu@63.062C soc2@62.25C soc0@62.937C gpu@64.062C tj@64.062C soc1@62.031C VDD_IN 16779mW/17022mW VDD_CPU_GPU_CV 7206mW/7996mW VDD_SOC 4165mW/3932mW
08-11-2026 21:10:49 RAM 6677/7607MB (lfb 3x1MB) SWAP 1368/16384MB (cached 124MB) CPU [11%@729,40%@729,38%@729,7%@729,2%@729,5%@729] GR3D_FREQ 98% cpu@62.968C soc2@62.062C soc0@63.062C gpu@64.218C tj@64.218C soc1@61.843C VDD_IN 16491mW/17021mW VDD_CPU_GPU_CV 7755mW/7995mW VDD_SOC 3811mW/3932mW
08-11-2026 21:10:50 RAM 6675/7607MB (lfb 3x1MB) SWAP 1368/16384MB (cached 124MB) CPU [5%@729,70%@729,1%@729,5%@729,1%@729,0%@729] GR3D_FREQ 99% cpu@62.843C soc2@62.125C soc0@62.843C gpu@64.343C tj@64.343C soc1@61.843C VDD_IN 17408mW/17022mW VDD_CPU_GPU_CV 8368mW/7996mW VDD_SOC 3962mW/3932mW
08-11-2026 21:10:51 RAM 6676/7607MB (lfb 3x1MB) SWAP 1368/16384MB (cached 124MB) CPU [7%@883,1%@883,71%@883,2%@883,0%@729,1%@729] GR3D_FREQ 98% cpu@63.156C soc2@62.25C soc0@62.781C gpu@64.531C tj@64.531C soc1@61.906C VDD_IN 17604mW/17023mW VDD_CPU_GPU_CV 8666mW/7997mW VDD_SOC 3883mW/3932mW
08-11-2026 21:10:52 RAM 6677/7607MB (lfb 3x1MB) SWAP 1368/16384MB (cached 124MB) CPU [3%@1344,6%@1344,62%@1344,2%@1344,0%@729,1%@729] GR3D_FREQ 93% cpu@63.562C soc2@62.218C soc0@62.906C gpu@64.468C tj@64.468C soc1@61.937C VDD_IN 17526mW/17024mW VDD_CPU_GPU_CV 8510mW/7998mW VDD_SOC 3923mW/3932mW
08-11-2026 21:10:53 RAM 6678/7607MB (lfb 3x1MB) SWAP 1368/16384MB (cached 124MB) CPU [2%@1344,2%@1344,64%@1344,6%@1344,1%@729,0%@729] GR3D_FREQ 98% cpu@63.187C soc2@62.312C soc0@62.968C gpu@64.531C tj@64.531C soc1@62.031C VDD_IN 17447mW/17024mW VDD_CPU_GPU_CV 8446mW/7999mW VDD_SOC 3923mW/3932mW
08-11-2026 21:10:54 RAM 6681/7607MB (lfb 3x1MB) SWAP 1368/16384MB (cached 124MB) CPU [2%@1113,9%@1113,19%@1113,45%@1113,3%@960,1%@960] GR3D_FREQ 98% cpu@63.218C soc2@62.218C soc0@63C gpu@64.843C tj@64.843C soc1@61.812C VDD_IN 17565mW/17025mW VDD_CPU_GPU_CV 8432mW/7999mW VDD_SOC 3962mW/3932mW
08-11-2026 21:10:55 RAM 6685/7607MB (lfb 3x1MB) SWAP 1368/16384MB (cached 124MB) CPU [4%@1344,5%@1344,5%@1344,60%@1344,8%@729,0%@729] GR3D_FREQ 91% cpu@63.062C soc2@62.125C soc0@62.875C gpu@64.312C tj@64.312C soc1@61.843C VDD_IN 17290mW/17026mW VDD_CPU_GPU_CV 8094mW/7999mW VDD_SOC 4001mW/3932mW
08-11-2026 21:10:56 RAM 6686/7607MB (lfb 3x1MB) SWAP 1368/16384MB (cached 124MB) CPU [4%@1344,2%@1344,1%@1344,62%@1344,3%@729,0%@729] GR3D_FREQ 98% cpu@63.156C soc2@62.156C soc0@62.875C gpu@64.281C tj@64.281C soc1@61.906C VDD_IN 17093mW/17026mW VDD_CPU_GPU_CV 7859mW/7999mW VDD_SOC 4040mW/3933mW
08-11-2026 21:10:57 RAM 6686/7607MB (lfb 3x1MB) SWAP 1368/16384MB (cached 124MB) CPU [2%@1344,2%@1344,2%@1344,63%@1344,0%@729,2%@729] GR3D_FREQ 98% cpu@63.406C soc2@62.093C soc0@62.906C gpu@64.281C tj@64.281C soc1@61.906C VDD_IN 17015mW/17026mW VDD_CPU_GPU_CV 7586mW/7999mW VDD_SOC 4080mW/3933mW
08-11-2026 21:10:58 RAM 6687/7607MB (lfb 3x1MB) SWAP 1368/16384MB (cached 124MB) CPU [5%@883,2%@883,1%@883,59%@883,0%@729,0%@729] GR3D_FREQ 99% cpu@63.031C soc2@62.156C soc0@62.812C gpu@63.625C tj@63.625C soc1@61.968C VDD_IN 16622mW/17025mW VDD_CPU_GPU_CV 7246mW/7997mW VDD_SOC 4126mW/3933mW
08-11-2026 21:10:59 RAM 6688/7607MB (lfb 3x1MB) SWAP 1367/16384MB (cached 124MB) CPU [4%@729,1%@729,1%@729,65%@729,0%@729,1%@729] GR3D_FREQ 96% cpu@62.906C soc2@62.218C soc0@63.062C gpu@64.062C tj@64.062C soc1@61.843C VDD_IN 16609mW/17024mW VDD_CPU_GPU_CV 7755mW/7997mW VDD_SOC 3890mW/3933mW
08-11-2026 21:11:00 RAM 6691/7607MB (lfb 3x1MB) SWAP 1367/16384MB (cached 124MB) CPU [6%@729,5%@729,20%@729,8%@729,65%@729,1%@729] GR3D_FREQ 99% cpu@63C soc2@62.218C soc0@62.968C gpu@64.437C tj@64.437C soc1@61.875C VDD_IN 17801mW/17026mW VDD_CPU_GPU_CV 8588mW/7998mW VDD_SOC 4001mW/3933mW
08-11-2026 21:11:01 RAM 6692/7607MB (lfb 3x1MB) SWAP 1367/16384MB (cached 124MB) CPU [3%@729,2%@729,1%@729,2%@729,71%@1344,3%@1344] GR3D_FREQ 98% cpu@63C soc2@62.093C soc0@62.843C gpu@64.375C tj@64.531C soc1@61.843C VDD_IN 17643mW/17027mW VDD_CPU_GPU_CV 8666mW/7999mW VDD_SOC 3883mW/3933mW
08-11-2026 21:11:02 RAM 6691/7607MB (lfb 3x1MB) SWAP 1367/16384MB (cached 124MB) CPU [5%@729,2%@729,4%@729,2%@729,60%@1344,0%@1344] GR3D_FREQ 98% cpu@63.187C soc2@62.156C soc0@62.968C gpu@64.531C tj@64.531C soc1@61.906C VDD_IN 17526mW/17027mW VDD_CPU_GPU_CV 8524mW/8000mW VDD_SOC 3923mW/3933mW
08-11-2026 21:11:03 RAM 6692/7607MB (lfb 3x1MB) SWAP 1367/16384MB (cached 124MB) CPU [2%@729,3%@729,4%@729,2%@729,63%@1344,0%@1344] GR3D_FREQ 98% cpu@62.875C soc2@62.156C soc0@63C gpu@64.625C tj@64.625C soc1@61.937C VDD_IN 17486mW/17028mW VDD_CPU_GPU_CV 8446mW/8001mW VDD_SOC 3923mW/3933mW
08-11-2026 21:11:04 RAM 6692/7607MB (lfb 3x1MB) SWAP 1367/16384MB (cached 124MB) CPU [2%@729,2%@729,3%@729,6%@729,63%@1344,0%@1344] GR3D_FREQ 98% cpu@63C soc2@62.156C soc0@62.875C gpu@64.656C tj@64.656C soc1@61.843C VDD_IN 17447mW/17029mW VDD_CPU_GPU_CV 8368mW/8001mW VDD_SOC 3962mW/3933mW
08-11-2026 21:11:05 RAM 6693/7607MB (lfb 3x1MB) SWAP 1367/16384MB (cached 124MB) CPU [28%@1344,2%@1344,4%@1344,3%@1344,32%@729,0%@729] GR3D_FREQ 92% cpu@63.25C soc2@62.218C soc0@62.843C gpu@64.531C tj@64.531C soc1@61.875C VDD_IN 17250mW/17029mW VDD_CPU_GPU_CV 8094mW/8001mW VDD_SOC 4001mW/3933mW
08-11-2026 21:11:06 RAM 6696/7607MB (lfb 2x1MB) SWAP 1367/16384MB (cached 124MB) CPU [63%@1344,17%@1344,5%@1344,5%@1344,0%@729,4%@729] GR3D_FREQ 97% cpu@62.968C soc2@62.156C soc0@62.906C gpu@64.312C tj@64.312C soc1@61.906C VDD_IN 17172mW/17029mW VDD_CPU_GPU_CV 7899mW/8001mW VDD_SOC 4040mW/3933mW
08-11-2026 21:11:07 RAM 6696/7607MB (lfb 2x1MB) SWAP 1367/16384MB (cached 124MB) CPU [64%@1344,0%@1344,2%@1344,4%@1344,1%@729,1%@729] GR3D_FREQ 98% cpu@63.406C soc2@62.156C soc0@62.843C gpu@64.281C tj@64.281C soc1@61.968C VDD_IN 17015mW/17029mW VDD_CPU_GPU_CV 7586mW/8000mW VDD_SOC 4080mW/3934mW
08-11-2026 21:11:08 RAM 6697/7607MB (lfb 2x1MB) SWAP 1367/16384MB (cached 124MB) CPU [59%@883,1%@883,2%@883,2%@883,3%@729,1%@729] GR3D_FREQ 99% cpu@63C soc2@62.093C soc0@62.875C gpu@63.75C tj@63.75C soc1@61.968C VDD_IN 16688mW/17029mW VDD_CPU_GPU_CV 7206mW/7999mW VDD_SOC 4126mW/3934mW
08-11-2026 21:11:09 RAM 6696/7607MB (lfb 2x1MB) SWAP 1367/16384MB (cached 124MB) CPU [65%@729,1%@729,1%@729,1%@729,0%@729,2%@729] GR3D_FREQ 98% cpu@62.937C soc2@62.031C soc0@63C gpu@64.125C tj@64.125C soc1@61.843C VDD_IN 16609mW/17028mW VDD_CPU_GPU_CV 7755mW/7999mW VDD_SOC 3890mW/3934mW
08-11-2026 21:11:10 RAM 6696/7607MB (lfb 2x1MB) SWAP 1367/16384MB (cached 124MB) CPU [70%@729,2%@729,2%@729,3%@729,1%@729,0%@729] GR3D_FREQ 99% cpu@63.156C soc2@62.093C soc0@62.781C gpu@64.468C tj@64.468C soc1@61.843C VDD_IN 17604mW/17029mW VDD_CPU_GPU_CV 8432mW/8000mW VDD_SOC 4001mW/3934mW
08-11-2026 21:11:11 RAM 6696/7607MB (lfb 2x1MB) SWAP 1367/16384MB (cached 124MB) CPU [70%@1344,15%@1344,7%@1344,6%@1344,4%@729,1%@729] GR3D_FREQ 98% cpu@63.156C soc2@62.187C soc0@62.843C gpu@64.5C tj@64.5C soc1@61.875C VDD_IN 17850mW/17030mW VDD_CPU_GPU_CV 8823mW/8001mW VDD_SOC 3923mW/3934mW
08-11-2026 21:11:12 RAM 6702/7607MB (lfb 2x1MB) SWAP 1367/16384MB (cached 124MB) CPU [19%@729,4%@729,3%@729,2%@729,43%@1344,1%@1344] GR3D_FREQ 91% cpu@63.375C soc2@62.062C soc0@62.843C gpu@64.343C tj@64.656C soc1@61.875C VDD_IN 17565mW/17031mW VDD_CPU_GPU_CV 8563mW/8002mW VDD_SOC 3923mW/3934mW
08-11-2026 21:11:13 RAM 6702/7607MB (lfb 2x1MB) SWAP 1367/16384MB (cached 124MB) CPU [1%@729,3%@729,8%@729,4%@729,63%@1344,0%@1344] GR3D_FREQ 98% cpu@63.062C soc2@62.125C soc0@62.843C gpu@64.781C tj@64.781C soc1@61.75C VDD_IN 17486mW/17032mW VDD_CPU_GPU_CV 8471mW/8002mW VDD_SOC 3962mW/3934mW
08-11-2026 21:11:14 RAM 6703/7607MB (lfb 2x1MB) SWAP 1367/16384MB (cached 124MB) CPU [3%@729,2%@729,6%@729,3%@729,63%@1344,0%@1344] GR3D_FREQ 98% cpu@63.062C soc2@62.062C soc0@62.75C gpu@64.75C tj@64.75C soc1@61.843C VDD_IN 17408mW/17032mW VDD_CPU_GPU_CV 8368mW/8003mW VDD_SOC 3962mW/3934mW
08-11-2026 21:11:15 RAM 6703/7607MB (lfb 2x1MB) SWAP 1367/16384MB (cached 124MB) CPU [1%@1344,2%@1344,6%@1344,2%@1344,26%@1344,33%@1344] GR3D_FREQ 97% cpu@63.187C soc2@62.093C soc0@62.906C gpu@64.562C tj@64.562C soc1@61.812C VDD_IN 17211mW/17033mW VDD_CPU_GPU_CV 8055mW/8003mW VDD_SOC 4001mW/3934mW
08-11-2026 21:11:16 RAM 6703/7607MB (lfb 2x1MB) SWAP 1367/16384MB (cached 124MB) CPU [5%@729,0%@729,1%@729,4%@729,0%@1344,64%@1344] GR3D_FREQ 98% cpu@63C soc2@62.093C soc0@62.812C gpu@64.312C tj@64.312C soc1@61.937C VDD_IN 17172mW/17033mW VDD_CPU_GPU_CV 7899mW/8003mW VDD_SOC 4040mW/3934mW
08-11-2026 21:11:17 RAM 6703/7607MB (lfb 2x1MB) SWAP 1367/16384MB (cached 124MB) CPU [19%@729,10%@729,4%@729,4%@729,16%@1344,46%@1344] GR3D_FREQ 98% cpu@62.968C soc2@62.125C soc0@62.875C gpu@64.312C tj@64.312C soc1@61.968C VDD_IN 17054mW/17033mW VDD_CPU_GPU_CV 7664mW/8002mW VDD_SOC 4080mW/3934mW
08-11-2026 21:11:18 RAM 6703/7607MB (lfb 2x1MB) SWAP 1367/16384MB (cached 124MB) CPU [3%@729,1%@1344,2%@1344,3%@1344,59%@960,0%@960] GR3D_FREQ 99% cpu@63.156C soc2@62.062C soc0@62.906C gpu@63.75C tj@63.75C soc1@61.812C VDD_IN 16688mW/17032mW VDD_CPU_GPU_CV 7246mW/8001mW VDD_SOC 4165mW/3935mW
08-11-2026 21:11:19 RAM 6703/7607MB (lfb 2x1MB) SWAP 1367/16384MB (cached 124MB) CPU [3%@729,2%@729,4%@729,3%@729,64%@729,0%@729] GR3D_FREQ 96% cpu@63.062C soc2@62.031C soc0@62.718C gpu@64.093C tj@64.093C soc1@61.812C VDD_IN 16570mW/17032mW VDD_CPU_GPU_CV 7755mW/8001mW VDD_SOC 3851mW/3935mW
08-11-2026 21:11:20 RAM 6703/7607MB (lfb 2x1MB) SWAP 1367/16384MB (cached 124MB) CPU [1%@1344,3%@1344,3%@1344,3%@1344,69%@729,0%@729] GR3D_FREQ 99% cpu@63.062C soc2@62.156C soc0@62.843C gpu@64.281C tj@64.281C soc1@61.875C VDD_IN 17565mW/17032mW VDD_CPU_GPU_CV 8432mW/8001mW VDD_SOC 4001mW/3935mW
08-11-2026 21:11:21 RAM 6703/7607MB (lfb 2x1MB) SWAP 1367/16384MB (cached 124MB) CPU [3%@729,1%@729,2%@729,4%@729,70%@1113,0%@1113] GR3D_FREQ 98% cpu@62.875C soc2@62.093C soc0@62.812C gpu@64.281C tj@64.281C soc1@61.906C VDD_IN 17604mW/17033mW VDD_CPU_GPU_CV 8666mW/8002mW VDD_SOC 3923mW/3935mW
08-11-2026 21:11:22 RAM 6704/7607MB (lfb 2x1MB) SWAP 1367/16384MB (cached 124MB) CPU [4%@1344,3%@1344,2%@1344,4%@1344,59%@1344,2%@1344] GR3D_FREQ 95% cpu@63C soc2@62.125C soc0@62.906C gpu@64.125C tj@64.125C soc1@61.812C VDD_IN 17565mW/17034mW VDD_CPU_GPU_CV 8510mW/8003mW VDD_SOC 3923mW/3935mW
08-11-2026 21:11:23 RAM 6707/7607MB (lfb 2x1MB) SWAP 1367/16384MB (cached 124MB) CPU [16%@1344,4%@1344,6%@1344,3%@1344,2%@1344,62%@1344] GR3D_FREQ 98% cpu@63.218C soc2@62.062C soc0@62.75C gpu@64.218C tj@64.218C soc1@61.75C VDD_IN 17486mW/17035mW VDD_CPU_GPU_CV 8446mW/8004mW VDD_SOC 3962mW/3935mW
08-11-2026 21:11:24 RAM 6707/7607MB (lfb 2x1MB) SWAP 1367/16384MB (cached 124MB) CPU [4%@729,6%@729,2%@729,2%@729,0%@1344,62%@1344] GR3D_FREQ 97% cpu@63.25C soc2@62.093C soc0@62.781C gpu@64.25C tj@64.437C soc1@61.843C VDD_IN 17408mW/17035mW VDD_CPU_GPU_CV 8329mW/8004mW VDD_SOC 3962mW/3935mW
08-11-2026 21:11:25 RAM 6707/7607MB (lfb 2x1MB) SWAP 1367/16384MB (cached 124MB) CPU [1%@729,2%@729,3%@729,2%@729,0%@729,59%@729] GR3D_FREQ 97% cpu@63.031C soc2@61.937C soc0@62.781C gpu@64.343C tj@64.343C soc1@61.843C VDD_IN 17250mW/17036mW VDD_CPU_GPU_CV 8055mW/8004mW VDD_SOC 4001mW/3935mW
08-11-2026 21:11:26 RAM 6707/7607MB (lfb 2x1MB) SWAP 1367/16384MB (cached 124MB) CPU [2%@1344,1%@1344,5%@1344,3%@1344,0%@1344,62%@1344] GR3D_FREQ 97% cpu@62.875C soc2@62.093C soc0@62.781C gpu@64.312C tj@64.312C soc1@61.937C VDD_IN 17133mW/17036mW VDD_CPU_GPU_CV 7820mW/8004mW VDD_SOC 4040mW/3935mW
08-11-2026 21:11:27 RAM 6708/7607MB (lfb 2x1MB) SWAP 1367/16384MB (cached 124MB) CPU [1%@1344,1%@1344,4%@1344,3%@1344,0%@1344,64%@1344] GR3D_FREQ 97% cpu@63C soc2@61.968C soc0@62.843C gpu@64.312C tj@64.312C soc1@61.75C VDD_IN 16936mW/17036mW VDD_CPU_GPU_CV 7547mW/8004mW VDD_SOC 4119mW/3935mW
08-11-2026 21:11:28 RAM 6709/7607MB (lfb 2x1MB) SWAP 1367/16384MB (cached 124MB) CPU [10%@729,5%@729,3%@729,19%@729,2%@806,59%@806] GR3D_FREQ 99% cpu@63.187C soc2@62.062C soc0@62.812C gpu@63.781C tj@63.781C soc1@61.781C VDD_IN 16779mW/17035mW VDD_CPU_GPU_CV 7429mW/8003mW VDD_SOC 4086mW/3936mW
08-11-2026 21:11:29 RAM 6710/7607MB (lfb 2x1MB) SWAP 1367/16384MB (cached 124MB) CPU [6%@729,1%@729,5%@729,3%@729,0%@729,65%@729] GR3D_FREQ 71% cpu@63.187C soc2@61.968C soc0@62.843C gpu@63.937C tj@63.937C soc1@61.843C VDD_IN 16688mW/17035mW VDD_CPU_GPU_CV 7794mW/8002mW VDD_SOC 3890mW/3935mW
08-11-2026 21:11:30 RAM 6710/7607MB (lfb 1x1MB) SWAP 1367/16384MB (cached 124MB) CPU [2%@729,2%@729,3%@729,2%@729,0%@729,69%@729] GR3D_FREQ 99% cpu@62.812C soc2@62.093C soc0@62.843C gpu@64.343C tj@64.343C soc1@61.843C VDD_IN 17683mW/17036mW VDD_CPU_GPU_CV 8510mW/8003mW VDD_SOC 4001mW/3936mW
08-11-2026 21:11:31 RAM 6710/7607MB (lfb 1x1MB) SWAP 1367/16384MB (cached 124MB) CPU [3%@729,4%@729,1%@729,3%@729,0%@1344,70%@1344] GR3D_FREQ 97% cpu@62.906C soc2@62.062C soc0@62.812C gpu@64.218C tj@64.218C soc1@61.781C VDD_IN 17565mW/17036mW VDD_CPU_GPU_CV 8666mW/8004mW VDD_SOC 3923mW/3936mW
08-11-2026 21:11:32 RAM 6710/7607MB (lfb 1x1MB) SWAP 1367/16384MB (cached 124MB) CPU [2%@729,2%@729,3%@729,2%@729,0%@1344,59%@1344] GR3D_FREQ 93% cpu@62.718C soc2@61.968C soc0@62.718C gpu@64.281C tj@64.281C soc1@61.718C VDD_IN 17447mW/17037mW VDD_CPU_GPU_CV 8485mW/8005mW VDD_SOC 3923mW/3936mW
08-11-2026 21:11:33 RAM 6710/7607MB (lfb 1x1MB) SWAP 1367/16384MB (cached 124MB) CPU [3%@729,2%@729,4%@729,3%@729,1%@1344,63%@1344] GR3D_FREQ 97% cpu@62.937C soc2@62C soc0@62.718C gpu@64.218C tj@64.218C soc1@61.781C VDD_IN 17447mW/17038mW VDD_CPU_GPU_CV 8432mW/8005mW VDD_SOC 3962mW/3936mW
08-11-2026 21:11:34 RAM 6716/7607MB (lfb 1x1MB) SWAP 1367/16384MB (cached 124MB) CPU [9%@729,11%@729,10%@729,7%@729,2%@1344,62%@1344] GR3D_FREQ 98% cpu@63.156C soc2@62.031C soc0@62.781C gpu@64.375C tj@64.375C soc1@61.812C VDD_IN 17447mW/17038mW VDD_CPU_GPU_CV 8354mW/8006mW VDD_SOC 3962mW/3936mW
08-11-2026 21:11:35 RAM 6716/7607MB (lfb 1x1MB) SWAP 1367/16384MB (cached 124MB) CPU [4%@729,5%@729,5%@729,2%@729,1%@729,59%@729] GR3D_FREQ 97% cpu@62.75C soc2@61.968C soc0@62.718C gpu@64.281C tj@64.281C soc1@61.906C VDD_IN 17211mW/17039mW VDD_CPU_GPU_CV 8016mW/8006mW VDD_SOC 4001mW/3936mW
08-11-2026 21:11:36 RAM 6715/7607MB (lfb 1x1MB) SWAP 1367/16384MB (cached 124MB) CPU [3%@729,3%@729,5%@729,2%@729,0%@1344,63%@1344] GR3D_FREQ 98% cpu@62.906C soc2@62.062C soc0@62.781C gpu@64.531C tj@64.531C soc1@61.687C VDD_IN 17172mW/17039mW VDD_CPU_GPU_CV 7899mW/8006mW VDD_SOC 4040mW/3936mW
08-11-2026 21:11:37 RAM 6716/7607MB (lfb 1x1MB) SWAP 1367/16384MB (cached 124MB) CPU [3%@729,2%@729,6%@729,1%@729,19%@1344,44%@1344] GR3D_FREQ 97% cpu@62.906C soc2@61.968C soc0@62.656C gpu@64.437C tj@64.437C soc1@61.75C VDD_IN 17054mW/17039mW VDD_CPU_GPU_CV 7625mW/8005mW VDD_SOC 4080mW/3936mW
08-11-2026 21:11:38 RAM 6717/7607MB (lfb 1x1MB) SWAP 1367/16384MB (cached 124MB) CPU [3%@729,3%@729,5%@729,1%@729,13%@1036,46%@1036] GR3D_FREQ 99% cpu@63.093C soc2@62.062C soc0@62.656C gpu@63.875C tj@63.625C soc1@61.812C VDD_IN 16688mW/17038mW VDD_CPU_GPU_CV 7206mW/8004mW VDD_SOC 4126mW/3936mW
08-11-2026 21:11:39 RAM 6715/7607MB (lfb 1x1MB) SWAP 1367/16384MB (cached 124MB) CPU [15%@1113,3%@1113,11%@1113,4%@1113,1%@729,63%@729] GR3D_FREQ 96% cpu@63.25C soc2@62.031C soc0@62.781C gpu@64.062C tj@64.062C soc1@61.875C VDD_IN 16767mW/17038mW VDD_CPU_GPU_CV 7899mW/8004mW VDD_SOC 3890mW/3936mW
08-11-2026 21:11:40 RAM 6715/7607MB (lfb 1x1MB) SWAP 1367/16384MB (cached 124MB) CPU [5%@729,2%@729,9%@729,4%@729,44%@729,24%@729] GR3D_FREQ 99% cpu@62.812C soc2@62.093C soc0@62.781C gpu@64.25C tj@64.25C soc1@61.875C VDD_IN 17565mW/17039mW VDD_CPU_GPU_CV 8471mW/8005mW VDD_SOC 4001mW/3936mW
08-11-2026 21:11:41 RAM 6711/7607MB (lfb 1x1MB) SWAP 1367/16384MB (cached 124MB) CPU [3%@729,2%@729,5%@729,0%@729,0%@1036,71%@1036] GR3D_FREQ 97% cpu@62.843C soc2@62.062C soc0@62.843C gpu@64.312C tj@64.312C soc1@61.718C VDD_IN 17604mW/17039mW VDD_CPU_GPU_CV 8666mW/8006mW VDD_SOC 3883mW/3936mW
08-11-2026 21:11:42 RAM 6711/7607MB (lfb 1x1MB) SWAP 1367/16384MB (cached 124MB) CPU [3%@729,2%@729,4%@729,2%@729,0%@1344,60%@1344] GR3D_FREQ 98% cpu@63.062C soc2@62C soc0@62.687C gpu@64.281C tj@64.281C soc1@61.781C VDD_IN 17486mW/17040mW VDD_CPU_GPU_CV 8510mW/8006mW VDD_SOC 3923mW/3936mW
08-11-2026 21:11:43 RAM 6710/7607MB (lfb 1x1MB) SWAP 1367/16384MB (cached 124MB) CPU [2%@729,2%@729,6%@729,2%@729,0%@1344,63%@1344] GR3D_FREQ 98% cpu@62.937C soc2@62C soc0@62.812C gpu@64.343C tj@64.343C soc1@61.781C VDD_IN 17447mW/17041mW VDD_CPU_GPU_CV 8446mW/8007mW VDD_SOC 3923mW/3936mW
08-11-2026 21:11:44 RAM 6711/7607MB (lfb 1x1MB) SWAP 1367/16384MB (cached 124MB) CPU [2%@1344,2%@1344,5%@1344,3%@729,0%@1036,62%@1036] GR3D_FREQ 98% cpu@63.062C soc2@62.062C soc0@62.75C gpu@64.156C tj@64.156C soc1@61.875C VDD_IN 17447mW/17041mW VDD_CPU_GPU_CV 8407mW/8008mW VDD_SOC 3962mW/3936mW
08-11-2026 21:11:45 RAM 6714/7607MB (lfb 1x1MB) SWAP 1367/16384MB (cached 124MB) CPU [6%@729,6%@729,20%@729,7%@729,0%@1344,61%@1344] GR3D_FREQ 93% cpu@62.781C soc2@62.062C soc0@62.75C gpu@64.156C tj@64.156C soc1@61.593C VDD_IN 17368mW/17042mW VDD_CPU_GPU_CV 8211mW/8008mW VDD_SOC 4001mW/3936mW
08-11-2026 21:11:46 RAM 6714/7607MB (lfb 1x1MB) SWAP 1367/16384MB (cached 124MB) CPU [2%@729,2%@729,3%@729,6%@729,0%@1344,63%@1344] GR3D_FREQ 98% cpu@62.875C soc2@61.875C soc0@62.687C gpu@64.062C tj@64.062C soc1@61.75C VDD_IN 17133mW/17042mW VDD_CPU_GPU_CV 7899mW/8008mW VDD_SOC 4040mW/3937mW
08-11-2026 21:11:47 RAM 6714/7607MB (lfb 1x1MB) SWAP 1367/16384MB (cached 124MB) CPU [4%@729,1%@729,4%@729,3%@729,0%@1344,63%@1344] GR3D_FREQ 98% cpu@62.968C soc2@61.968C soc0@62.625C gpu@64.093C tj@64.093C soc1@61.718C VDD_IN 17015mW/17042mW VDD_CPU_GPU_CV 7664mW/8007mW VDD_SOC 4080mW/3937mW
08-11-2026 21:11:48 RAM 6714/7607MB (lfb 1x1MB) SWAP 1367/16384MB (cached 124MB) CPU [2%@729,2%@729,3%@729,2%@729,0%@1267,59%@1267] GR3D_FREQ 99% cpu@62.906C soc2@62.093C soc0@62.781C gpu@63.656C tj@63.875C soc1@61.781C VDD_IN 16740mW/17041mW VDD_CPU_GPU_CV 7206mW/8006mW VDD_SOC 4165mW/3937mW
08-11-2026 21:11:49 RAM 6714/7607MB (lfb 1x1MB) SWAP 1367/16384MB (cached 124MB) CPU [5%@729,0%@729,2%@729,3%@729,0%@729,62%@729] GR3D_FREQ 99% cpu@62.968C soc2@62C soc0@62.718C gpu@64.156C tj@64.156C soc1@61.843C VDD_IN 16531mW/17041mW VDD_CPU_GPU_CV 7755mW/8006mW VDD_SOC 3851mW/3937mW
08-11-2026 21:11:50 RAM 6714/7607MB (lfb 1x1MB) SWAP 1367/16384MB (cached 124MB) CPU [3%@729,2%@729,3%@729,2%@729,0%@729,69%@729] GR3D_FREQ 99% cpu@62.562C soc2@61.906C soc0@62.812C gpu@64C tj@64C soc1@61.718C VDD_IN 17093mW/17041mW VDD_CPU_GPU_CV 8172mW/8006mW VDD_SOC 3883mW/3937mW
08-11-2026 21:11:51 RAM 6716/7607MB (lfb 1x1MB) SWAP 1367/16384MB (cached 124MB) CPU [15%@729,5%@729,11%@729,7%@729,0%@1344,70%@1344] GR3D_FREQ 97% cpu@62.875C soc2@62.031C soc0@62.656C gpu@64.312C tj@64.312C soc1@61.687C VDD_IN 17526mW/17041mW VDD_CPU_GPU_CV 8602mW/8007mW VDD_SOC 3923mW/3937mW
08-11-2026 21:11:52 RAM 6716/7607MB (lfb 1x1MB) SWAP 1367/16384MB (cached 124MB) CPU [4%@729,3%@729,6%@729,2%@729,0%@1344,63%@1344] GR3D_FREQ 98% cpu@63C soc2@61.843C soc0@62.718C gpu@64.468C tj@64.468C soc1@61.687C VDD_IN 17526mW/17042mW VDD_CPU_GPU_CV 8588mW/8008mW VDD_SOC 3923mW/3937mW
08-11-2026 21:11:53 RAM 6717/7607MB (lfb 1x1MB) SWAP 1367/16384MB (cached 124MB) CPU [2%@729,1%@729,4%@729,3%@729,0%@1344,63%@1344] GR3D_FREQ 98% cpu@62.75C soc2@62.031C soc0@62.75C gpu@64.375C tj@64.375C soc1@61.718C VDD_IN 17526mW/17043mW VDD_CPU_GPU_CV 8549mW/8008mW VDD_SOC 3923mW/3937mW
08-11-2026 21:11:54 RAM 6717/7607MB (lfb 1x1MB) SWAP 1367/16384MB (cached 124MB) CPU [4%@729,4%@729,3%@729,2%@729,0%@1344,60%@1344] GR3D_FREQ 92% cpu@63.062C soc2@62C soc0@62.656C gpu@64.156C tj@64.156C soc1@61.843C VDD_IN 17368mW/17043mW VDD_CPU_GPU_CV 8329mW/8009mW VDD_SOC 3962mW/3937mW
08-11-2026 21:11:55 RAM 6717/7607MB (lfb 1x1MB) SWAP 1367/16384MB (cached 124MB) CPU [2%@729,2%@729,5%@729,2%@729,1%@1344,63%@1344] GR3D_FREQ 98% cpu@62.843C soc2@62C soc0@62.875C gpu@64.25C tj@64.25C soc1@61.687C VDD_IN 17329mW/17044mW VDD_CPU_GPU_CV 8250mW/8009mW VDD_SOC 4001mW/3937mW
08-11-2026 21:11:56 RAM 6704/7607MB (lfb 1x1MB) SWAP 1367/16384MB (cached 124MB) CPU [8%@729,6%@729,20%@729,5%@729,1%@1344,63%@1344] GR3D_FREQ 98% cpu@62.875C soc2@61.937C soc0@62.625C gpu@64.281C tj@64.281C soc1@61.656C VDD_IN 17447mW/17044mW VDD_CPU_GPU_CV 8172mW/8009mW VDD_SOC 4040mW/3937mW
08-11-2026 21:11:57 RAM 6707/7607MB (lfb 1x1MB) SWAP 1367/16384MB (cached 124MB) CPU [3%@729,7%@729,6%@729,3%@729,1%@729,60%@729] GR3D_FREQ 97% cpu@62.906C soc2@61.906C soc0@62.687C gpu@63.968C tj@63.968C soc1@61.718C VDD_IN 17015mW/17044mW VDD_CPU_GPU_CV 7664mW/8009mW VDD_SOC 4080mW/3937mW
08-11-2026 21:11:58 RAM 6712/7607MB (lfb 1x2MB) SWAP 1367/16384MB (cached 124MB) CPU [7%@1344,16%@1344,67%@1344,22%@1344,0%@1344,63%@1344] GR3D_FREQ 98% cpu@63.218C soc2@62.031C soc0@62.75C gpu@64.156C tj@64.156C soc1@61.843C VDD_IN 17565mW/17045mW VDD_CPU_GPU_CV 7977mW/8009mW VDD_SOC 4158mW/3938mW
08-11-2026 21:11:59 RAM 6713/7607MB (lfb 1x2MB) SWAP 1367/16384MB (cached 124MB) CPU [70%@1190,6%@1190,29%@1190,12%@1190,53%@729,8%@729] GR3D_FREQ 98% cpu@63.437C soc2@62.125C soc0@62.875C gpu@63.812C tj@64C soc1@61.843C VDD_IN 17133mW/17045mW VDD_CPU_GPU_CV 8055mW/8009mW VDD_SOC 4001mW/3938mW
08-11-2026 21:12:00 RAM 6711/7607MB (lfb 1x2MB) SWAP 1367/16384MB (cached 124MB) CPU [8%@729,7%@729,7%@729,3%@729,67%@729,0%@729] GR3D_FREQ 99% cpu@62.781C soc2@62.031C soc0@62.812C gpu@64.218C tj@64.218C soc1@61.656C VDD_IN 16857mW/17045mW VDD_CPU_GPU_CV 8016mW/8009mW VDD_SOC 3890mW/3938mW
08-11-2026 21:12:01 RAM 6712/7607MB (lfb 1x2MB) SWAP 1367/16384MB (cached 124MB) CPU [0%@729,1%@729,1%@729,2%@729,70%@729,2%@729] GR3D_FREQ 97% cpu@62.812C soc2@61.968C soc0@62.718C gpu@64.656C tj@64.656C soc1@61.75C VDD_IN 17565mW/17046mW VDD_CPU_GPU_CV 8588mW/8010mW VDD_SOC 3923mW/3938mW
08-11-2026 21:12:02 RAM 6720/7607MB (lfb 2x2MB) SWAP 1363/16384MB (cached 120MB) CPU [22%@729,27%@729,21%@729,21%@729,54%@1344,36%@1344] GR3D_FREQ 98% cpu@63C soc2@62.093C soc0@62.718C gpu@64.656C tj@64.656C soc1@61.812C VDD_IN 17850mW/17047mW VDD_CPU_GPU_CV 8862mW/8011mW VDD_SOC 3962mW/3938mW
08-11-2026 21:12:03 RAM 6721/7607MB (lfb 1x2MB) SWAP 1363/16384MB (cached 120MB) CPU [2%@729,2%@729,3%@729,1%@729,62%@1344,2%@1344] GR3D_FREQ 98% cpu@63.125C soc2@62.062C soc0@62.781C gpu@64.562C tj@64.562C soc1@61.875C VDD_IN 17565mW/17048mW VDD_CPU_GPU_CV 8549mW/8012mW VDD_SOC 3923mW/3938mW
08-11-2026 21:12:04 RAM 6721/7607MB (lfb 1x2MB) SWAP 1363/16384MB (cached 120MB) CPU [6%@729,67%@729,3%@729,22%@729,60%@729,6%@729] GR3D_FREQ 97% cpu@62.843C soc2@62.093C soc0@62.812C gpu@64.593C tj@64.593C soc1@61.812C VDD_IN 17801mW/17049mW VDD_CPU_GPU_CV 8705mW/8013mW VDD_SOC 3962mW/3938mW
08-11-2026 21:12:05 RAM 6721/7607MB (lfb 2x2MB) SWAP 1363/16384MB (cached 120MB) CPU [11%@729,1%@729,5%@729,1%@729,56%@1344,0%@1344] GR3D_FREQ 97% cpu@62.812C soc2@61.968C soc0@62.781C gpu@64.312C tj@64.312C soc1@61.75C VDD_IN 17447mW/17049mW VDD_CPU_GPU_CV 8290mW/8013mW VDD_SOC 4001mW/3938mW
08-11-2026 21:12:06 RAM 6722/7607MB (lfb 2x2MB) SWAP 1363/16384MB (cached 120MB) CPU [3%@729,2%@729,2%@729,2%@729,63%@1344,1%@1344] GR3D_FREQ 98% cpu@62.718C soc2@62C soc0@62.656C gpu@64.312C tj@64.312C soc1@61.75C VDD_IN 17290mW/17050mW VDD_CPU_GPU_CV 8055mW/8013mW VDD_SOC 4001mW/3938mW
08-11-2026 21:12:07 RAM 6722/7607MB (lfb 2x2MB) SWAP 1363/16384MB (cached 120MB) CPU [3%@729,1%@729,2%@729,0%@729,60%@1344,2%@1344] GR3D_FREQ 97% cpu@62.937C soc2@61.968C soc0@62.781C gpu@64.25C tj@64.25C soc1@61.812C VDD_IN 17093mW/17050mW VDD_CPU_GPU_CV 7781mW/8013mW VDD_SOC 4080mW/3938mW
08-11-2026 21:12:08 RAM 6722/7607MB (lfb 5x1MB) SWAP 1363/16384MB (cached 120MB) CPU [8%@729,10%@729,16%@729,7%@729,64%@1344,2%@1344] GR3D_FREQ 98% cpu@63.25C soc2@62C soc0@62.75C gpu@64.156C tj@64.156C soc1@61.843C VDD_IN 17015mW/17050mW VDD_CPU_GPU_CV 7547mW/8012mW VDD_SOC 4119mW/3938mW
08-11-2026 21:12:09 RAM 6725/7607MB (lfb 5x1MB) SWAP 1363/16384MB (cached 120MB) CPU [7%@1344,2%@1344,5%@1344,7%@1344,57%@729,0%@729] GR3D_FREQ 96% cpu@62.968C soc2@62.062C soc0@62.718C gpu@63.875C tj@63.875C soc1@61.687C VDD_IN 16661mW/17049mW VDD_CPU_GPU_CV 7586mW/8012mW VDD_SOC 4008mW/3938mW
08-11-2026 21:12:10 RAM 6726/7607MB (lfb 5x1MB) SWAP 1363/16384MB (cached 120MB) CPU [8%@729,20%@729,2%@729,62%@729,69%@729,1%@729] GR3D_FREQ 99% cpu@62.718C soc2@62C soc0@62.843C gpu@63.875C tj@63.875C soc1@61.656C VDD_IN 17093mW/17049mW VDD_CPU_GPU_CV 8172mW/8012mW VDD_SOC 3883mW/3938mW
08-11-2026 21:12:11 RAM 6726/7607MB (lfb 5x1MB) SWAP 1363/16384MB (cached 120MB) CPU [69%@729,3%@729,2%@729,0%@729,4%@729,3%@729] GR3D_FREQ 99% cpu@62.843C soc2@62.093C soc0@62.781C gpu@64.343C tj@64.343C soc1@61.75C VDD_IN 17850mW/17050mW VDD_CPU_GPU_CV 8705mW/8013mW VDD_SOC 4040mW/3938mW
08-11-2026 21:12:12 RAM 6726/7607MB (lfb 5x1MB) SWAP 1363/16384MB (cached 120MB) CPU [69%@1344,2%@1344,2%@1344,3%@1344,0%@729,1%@729] GR3D_FREQ 98% cpu@63.062C soc2@62.156C soc0@62.625C gpu@64.312C tj@64.312C soc1@61.75C VDD_IN 17604mW/17051mW VDD_CPU_GPU_CV 8666mW/8014mW VDD_SOC 3923mW/3938mW
08-11-2026 21:12:13 RAM 6728/7607MB (lfb 5x1MB) SWAP 1363/16384MB (cached 120MB) CPU [45%@729,14%@729,8%@729,2%@729,19%@1344,3%@1344] GR3D_FREQ 97% cpu@63.062C soc2@62.031C soc0@62.75C gpu@64.218C tj@64.218C soc1@61.906C VDD_IN 17683mW/17052mW VDD_CPU_GPU_CV 8627mW/8015mW VDD_SOC 3923mW/3938mW
08-11-2026 21:12:14 RAM 6727/7607MB (lfb 7x1MB) SWAP 1363/16384MB (cached 120MB) CPU [3%@729,1%@729,3%@729,3%@729,63%@1344,2%@1344] GR3D_FREQ 98% cpu@62.656C soc2@62.031C soc0@62.812C gpu@64.187C tj@64.187C soc1@61.75C VDD_IN 17447mW/17052mW VDD_CPU_GPU_CV 8393mW/8015mW VDD_SOC 3962mW/3938mW
08-11-2026 21:12:15 RAM 6727/7607MB (lfb 7x1MB) SWAP 1363/16384MB (cached 120MB) CPU [3%@1113,3%@1113,2%@1113,1%@1113,63%@1344,0%@1344] GR3D_FREQ 98% cpu@62.781C soc2@62.031C soc0@62.781C gpu@64.187C tj@64.187C soc1@61.687C VDD_IN 17408mW/17053mW VDD_CPU_GPU_CV 8329mW/8016mW VDD_SOC 3962mW/3939mW
08-11-2026 21:12:17 RAM 6728/7607MB (lfb 7x1MB) SWAP 1363/16384MB (cached 120MB) CPU [3%@1113,2%@1113,5%@1113,2%@1113,61%@729,0%@729] GR3D_FREQ 97% cpu@62.968C soc2@61.968C soc0@62.718C gpu@64.218C tj@64.218C soc1@61.718C VDD_IN 17329mW/17053mW VDD_CPU_GPU_CV 8094mW/8016mW VDD_SOC 4001mW/3939mW
08-11-2026 21:12:18 RAM 6728/7607MB (lfb 7x1MB) SWAP 1363/16384MB (cached 120MB) CPU [2%@729,2%@729,3%@729,3%@729,63%@1344,0%@1344] GR3D_FREQ 98% cpu@62.718C soc2@61.968C soc0@62.718C gpu@64.343C tj@64.343C soc1@61.812C VDD_IN 17211mW/17053mW VDD_CPU_GPU_CV 7899mW/8016mW VDD_SOC 4040mW/3939mW
08-11-2026 21:12:19 RAM 6729/7607MB (lfb 7x1MB) SWAP 1363/16384MB (cached 120MB) CPU [2%@729,1%@729,6%@729,2%@729,63%@1344,0%@1344] GR3D_FREQ 98% cpu@62.843C soc2@62C soc0@62.781C gpu@64.218C tj@64.218C soc1@61.75C VDD_IN 17054mW/17053mW VDD_CPU_GPU_CV 7664mW/8015mW VDD_SOC 4080mW/3939mW
08-11-2026 21:12:20 RAM 6727/7607MB (lfb 7x1MB) SWAP 1363/16384MB (cached 120MB) CPU [8%@1190,19%@1190,6%@1190,12%@1190,59%@960,0%@960] GR3D_FREQ 99% cpu@63.031C soc2@61.906C soc0@62.656C gpu@63.562C tj@63.562C soc1@61.687C VDD_IN 16767mW/17053mW VDD_CPU_GPU_CV 7246mW/8014mW VDD_SOC 4126mW/3939mW
08-11-2026 21:12:21 RAM 6728/7607MB (lfb 6x1MB) SWAP 1363/16384MB (cached 120MB) CPU [8%@729,1%@729,2%@729,2%@729,63%@729,0%@729] GR3D_FREQ 98% cpu@62.843C soc2@61.968C soc0@62.75C gpu@63.937C tj@63.937C soc1@61.781C VDD_IN 16649mW/17053mW VDD_CPU_GPU_CV 7833mW/8014mW VDD_SOC 3851mW/3939mW
08-11-2026 21:12:22 RAM 6728/7607MB (lfb 6x1MB) SWAP 1363/16384MB (cached 120MB) CPU [0%@729,3%@729,4%@729,1%@729,68%@729,0%@729] GR3D_FREQ 99% cpu@63.125C soc2@62.031C soc0@62.656C gpu@64.281C tj@64.281C soc1@61.843C VDD_IN 17408mW/17053mW VDD_CPU_GPU_CV 8368mW/8014mW VDD_SOC 3962mW/3939mW
08-11-2026 21:12:23 RAM 6729/7607MB (lfb 6x1MB) SWAP 1363/16384MB (cached 120MB) CPU [6%@883,4%@883,2%@883,2%@883,45%@729,25%@729] GR3D_FREQ 98% cpu@62.843C soc2@62C soc0@62.718C gpu@64.218C tj@64.218C soc1@61.843C VDD_IN 17526mW/17054mW VDD_CPU_GPU_CV 8588mW/8015mW VDD_SOC 3883mW/3939mW
08-11-2026 21:12:24 RAM 6729/7607MB (lfb 6x1MB) SWAP 1363/16384MB (cached 120MB) CPU [3%@1344,1%@1344,2%@1344,2%@1344,0%@1344,61%@1344] GR3D_FREQ 98% cpu@62.906C soc2@61.968C soc0@62.875C gpu@64.312C tj@64.312C soc1@61.75C VDD_IN 17408mW/17054mW VDD_CPU_GPU_CV 8485mW/8016mW VDD_SOC 3923mW/3939mW
08-11-2026 21:12:25 RAM 6729/7607MB (lfb 6x1MB) SWAP 1363/16384MB (cached 120MB) CPU [9%@1344,6%@1344,7%@1344,10%@1344,0%@1344,64%@1344] GR3D_FREQ 98% cpu@63.093C soc2@62C soc0@62.781C gpu@64.281C tj@64.281C soc1@61.687C VDD_IN 17565mW/17055mW VDD_CPU_GPU_CV 8510mW/8016mW VDD_SOC 3923mW/3939mW
08-11-2026 21:12:26 RAM 6731/7607MB (lfb 6x1MB) SWAP 1363/16384MB (cached 120MB) CPU [3%@729,5%@729,2%@729,4%@729,0%@883,61%@883] GR3D_FREQ 98% cpu@62.843C soc2@61.937C soc0@62.75C gpu@64.437C tj@64.437C soc1@61.687C VDD_IN 17408mW/17055mW VDD_CPU_GPU_CV 8329mW/8017mW VDD_SOC 3962mW/3939mW
08-11-2026 21:12:27 RAM 6731/7607MB (lfb 6x1MB) SWAP 1363/16384MB (cached 120MB) CPU [2%@1344,2%@1344,3%@1344,2%@1344,0%@1344,61%@1344] GR3D_FREQ 98% cpu@62.968C soc2@61.906C soc0@62.625C gpu@64.312C tj@64.312C soc1@61.718C VDD_IN 17172mW/17056mW VDD_CPU_GPU_CV 8016mW/8017mW VDD_SOC 3962mW/3939mW
08-11-2026 21:12:28 RAM 6732/7607MB (lfb 6x1MB) SWAP 1363/16384MB (cached 120MB) CPU [2%@729,4%@729,1%@729,2%@729,0%@1344,63%@1344] GR3D_FREQ 98% cpu@62.718C soc2@61.968C soc0@62.75C gpu@64.25C tj@64.25C soc1@61.781C VDD_IN 17054mW/17056mW VDD_CPU_GPU_CV 7859mW/8017mW VDD_SOC 4001mW/3939mW
08-11-2026 21:12:29 RAM 6732/7607MB (lfb 6x1MB) SWAP 1363/16384MB (cached 120MB) CPU [1%@729,3%@729,6%@729,1%@729,21%@1344,42%@1344] GR3D_FREQ 98% cpu@62.781C soc2@61.875C soc0@62.781C gpu@64.375C tj@64.375C soc1@61.562C VDD_IN 17015mW/17055mW VDD_CPU_GPU_CV 7664mW/8016mW VDD_SOC 4040mW/3939mW
08-11-2026 21:12:30 RAM 6732/7607MB (lfb 6x1MB) SWAP 1363/16384MB (cached 120MB) CPU [2%@729,2%@729,4%@729,2%@729,48%@1344,11%@1344] GR3D_FREQ 98% cpu@63.093C soc2@61.875C soc0@62.812C gpu@63.906C tj@63.906C soc1@61.593C VDD_IN 16740mW/17055mW VDD_CPU_GPU_CV 7285mW/8015mW VDD_SOC 4126mW/3940mW
08-11-2026 21:12:31 RAM 6732/7607MB (lfb 5x1MB) SWAP 1363/16384MB (cached 120MB) CPU [18%@729,10%@729,9%@729,5%@729,0%@729,60%@729] GR3D_FREQ 99% cpu@62.781C soc2@62C soc0@62.625C gpu@63.937C tj@63.937C soc1@61.75C VDD_IN 16491mW/17054mW VDD_CPU_GPU_CV 7716mW/8015mW VDD_SOC 3851mW/3939mW
08-11-2026 21:12:32 RAM 6733/7607MB (lfb 4x1MB) SWAP 1363/16384MB (cached 120MB) CPU [2%@729,5%@729,3%@729,3%@729,0%@729,68%@729] GR3D_FREQ 99% cpu@62.875C soc2@61.906C soc0@62.656C gpu@63.875C tj@63.875C soc1@61.75C VDD_IN 16897mW/17054mW VDD_CPU_GPU_CV 8016mW/8015mW VDD_SOC 3883mW/3939mW
08-11-2026 21:12:33 RAM 6734/7607MB (lfb 4x1MB) SWAP 1363/16384MB (cached 120MB) CPU [0%@729,4%@729,2%@729,3%@729,0%@1344,70%@1344] GR3D_FREQ 97% cpu@62.75C soc2@61.968C soc0@62.656C gpu@64.218C tj@64.218C soc1@61.781C VDD_IN 17447mW/17055mW VDD_CPU_GPU_CV 8471mW/8015mW VDD_SOC 3923mW/3939mW
08-11-2026 21:12:34 RAM 6734/7607MB (lfb 3x1MB) SWAP 1363/16384MB (cached 120MB) CPU [3%@729,2%@729,3%@729,0%@729,0%@1344,64%@1344] GR3D_FREQ 98% cpu@62.75C soc2@62C soc0@62.781C gpu@64.281C tj@64.281C soc1@61.625C VDD_IN 17486mW/17055mW VDD_CPU_GPU_CV 8524mW/8016mW VDD_SOC 3883mW/3939mW
08-11-2026 21:12:35 RAM 6734/7607MB (lfb 3x1MB) SWAP 1363/16384MB (cached 120MB) CPU [3%@729,4%@729,4%@729,3%@729,0%@1344,64%@1344] GR3D_FREQ 98% cpu@62.875C soc2@61.968C soc0@62.656C gpu@64.281C tj@64.093C soc1@61.687C VDD_IN 17408mW/17056mW VDD_CPU_GPU_CV 8432mW/8017mW VDD_SOC 3923mW/3939mW
08-11-2026 21:12:36 RAM 6729/7607MB (lfb 5x1MB) SWAP 1363/16384MB (cached 120MB) CPU [3%@729,1%@729,4%@729,4%@729,0%@1344,60%@1344] GR3D_FREQ 93% cpu@62.75C soc2@61.968C soc0@62.625C gpu@64.062C tj@64.062C soc1@61.687C VDD_IN 17290mW/17056mW VDD_CPU_GPU_CV 8290mW/8017mW VDD_SOC 3923mW/3939mW
08-11-2026 21:12:37 RAM 6731/7607MB (lfb 5x1MB) SWAP 1363/16384MB (cached 120MB) CPU [8%@729,6%@729,17%@729,5%@729,0%@1344,63%@1344] GR3D_FREQ 98% cpu@62.968C soc2@61.906C soc0@62.687C gpu@64.062C tj@64.062C soc1@61.718C VDD_IN 17250mW/17056mW VDD_CPU_GPU_CV 8211mW/8017mW VDD_SOC 3962mW/3939mW
08-11-2026 21:12:38 RAM 6723/7607MB (lfb 2x1MB) SWAP 1363/16384MB (cached 119MB) CPU [14%@1344,15%@1344,22%@1344,9%@1344,6%@729,33%@729] GR3D_FREQ 0% cpu@62.531C soc2@61.531C soc0@62.625C gpu@62.093C tj@62.625C soc1@61.625C VDD_IN 10991mW/17048mW VDD_CPU_GPU_CV 3876mW/8012mW VDD_SOC 3050mW/3938mW
08-11-2026 21:12:39 RAM 6750/7607MB (lfb 1x1MB) SWAP 1363/16384MB (cached 119MB) CPU [64%@1344,78%@1344,65%@1344,65%@1344,61%@729,61%@729] GR3D_FREQ 98% cpu@62.156C soc2@61.156C soc0@62.468C gpu@62.843C tj@62.843C soc1@61.406C VDD_IN 10951mW/17040mW VDD_CPU_GPU_CV 3915mW/8006mW VDD_SOC 2535mW/3936mW
08-11-2026 21:12:40 RAM 6753/7607MB (lfb 1x1MB) SWAP 1363/16384MB (cached 119MB) CPU [8%@729,59%@729,1%@729,2%@729,0%@729,0%@729] GR3D_FREQ 96% cpu@62.531C soc2@61.562C soc0@62.375C gpu@63.187C tj@63.187C soc1@61.468C VDD_IN 15901mW/17038mW VDD_CPU_GPU_CV 7206mW/8005mW VDD_SOC 3772mW/3936mW
08-11-2026 21:12:41 RAM 6754/7607MB (lfb 1x1MB) SWAP 1363/16384MB (cached 119MB) CPU [8%@729,8%@729,3%@729,2%@729,63%@729,0%@729] GR3D_FREQ 99% cpu@62.656C soc2@61.625C soc0@62.5C gpu@63.656C tj@63.656C soc1@61.468C VDD_IN 16728mW/17038mW VDD_CPU_GPU_CV 7899mW/8005mW VDD_SOC 3890mW/3936mW
08-11-2026 21:12:42 RAM 6754/7607MB (lfb 1x1MB) SWAP 1363/16384MB (cached 119MB) CPU [5%@729,8%@729,19%@729,8%@729,71%@729,0%@729] GR3D_FREQ 99% cpu@62.718C soc2@61.687C soc0@62.437C gpu@64.187C tj@64.187C soc1@61.531C VDD_IN 17683mW/17039mW VDD_CPU_GPU_CV 8705mW/8006mW VDD_SOC 3923mW/3936mW
08-11-2026 21:12:43 RAM 6755/7607MB (lfb 1x1MB) SWAP 1363/16384MB (cached 119MB) CPU [4%@729,4%@729,4%@729,2%@729,65%@1344,0%@1344] GR3D_FREQ 97% cpu@62.437C soc2@61.625C soc0@62.468C gpu@64.125C tj@64.125C soc1@61.375C VDD_IN 17447mW/17039mW VDD_CPU_GPU_CV 8549mW/8006mW VDD_SOC 3883mW/3936mW
08-11-2026 21:12:44 RAM 6757/7607MB (lfb 1x1MB) SWAP 1363/16384MB (cached 119MB) CPU [5%@729,3%@729,3%@729,1%@729,63%@1344,0%@1344] GR3D_FREQ 98% cpu@62.531C soc2@61.625C soc0@62.593C gpu@64.187C tj@64.187C soc1@61.437C VDD_IN 17447mW/17040mW VDD_CPU_GPU_CV 8524mW/8007mW VDD_SOC 3923mW/3936mW
08-11-2026 21:12:45 RAM 6757/7607MB (lfb 1x1MB) SWAP 1363/16384MB (cached 119MB) CPU [3%@729,3%@729,2%@729,2%@729,60%@1344,0%@1344] GR3D_FREQ 93% cpu@62.593C soc2@61.718C soc0@62.406C gpu@64C tj@64C soc1@61.5C VDD_IN 17250mW/17040mW VDD_CPU_GPU_CV 8290mW/8008mW VDD_SOC 3923mW/3936mW
08-11-2026 21:12:46 RAM 6757/7607MB (lfb 1x1MB) SWAP 1363/16384MB (cached 119MB) CPU [3%@729,4%@729,2%@729,1%@729,63%@1344,0%@1344] GR3D_FREQ 98% cpu@62.75C soc2@61.625C soc0@62.406C gpu@63.875C tj@63.875C soc1@61.531C VDD_IN 17250mW/17040mW VDD_CPU_GPU_CV 8211mW/8008mW VDD_SOC 3962mW/3936mW
08-11-2026 21:12:47 RAM 6757/7607MB (lfb 1x1MB) SWAP 1363/16384MB (cached 119MB) CPU [3%@729,3%@729,3%@729,1%@729,30%@1344,32%@1344] GR3D_FREQ 98% cpu@62.625C soc2@61.718C soc0@62.437C gpu@63.875C tj@63.875C soc1@61.531C VDD_IN 17172mW/17040mW VDD_CPU_GPU_CV 8016mW/8008mW VDD_SOC 4001mW/3936mW
08-11-2026 21:12:48 RAM 6759/7607MB (lfb 1x1MB) SWAP 1363/16384MB (cached 119MB) CPU [18%@729,13%@729,3%@729,4%@729,0%@1344,60%@1344] GR3D_FREQ 92% cpu@62.593C soc2@61.781C soc0@62.562C gpu@63.875C tj@63.875C soc1@61.375C VDD_IN 17133mW/17041mW VDD_CPU_GPU_CV 7781mW/8007mW VDD_SOC 4040mW/3936mW
08-11-2026 21:12:49 RAM 6761/7607MB (lfb 1x1MB) SWAP 1363/16384MB (cached 119MB) CPU [5%@729,2%@729,1%@729,4%@729,0%@1344,63%@1344] GR3D_FREQ 98% cpu@62.593C soc2@61.656C soc0@62.562C gpu@63.843C tj@63.843C soc1@61.437C VDD_IN 16936mW/17040mW VDD_CPU_GPU_CV 7468mW/8007mW VDD_SOC 4119mW/3936mW
08-11-2026 21:12:50 RAM 6764/7607MB (lfb 1x1MB) SWAP 1363/16384MB (cached 119MB) CPU [4%@729,2%@729,6%@729,3%@729,0%@729,59%@729] GR3D_FREQ 99% cpu@62.75C soc2@61.781C soc0@62.468C gpu@63.531C tj@63.531C soc1@61.5C VDD_IN 16570mW/17040mW VDD_CPU_GPU_CV 7402mW/8006mW VDD_SOC 4008mW/3936mW
08-11-2026 21:12:51 RAM 6764/7607MB (lfb 1x1MB) SWAP 1363/16384MB (cached 119MB) CPU [3%@729,2%@729,2%@729,3%@729,0%@729,66%@729] GR3D_FREQ 99% cpu@62.625C soc2@61.718C soc0@62.468C gpu@63.625C tj@63.625C soc1@61.562C VDD_IN 16570mW/17039mW VDD_CPU_GPU_CV 7755mW/8006mW VDD_SOC 3851mW/3936mW
08-11-2026 21:12:52 RAM 6764/7607MB (lfb 1x1MB) SWAP 1363/16384MB (cached 119MB) CPU [6%@729,2%@729,4%@729,2%@729,0%@729,69%@729] GR3D_FREQ 98% cpu@62.625C soc2@61.843C soc0@62.562C gpu@64.312C tj@64.312C soc1@61.375C VDD_IN 17732mW/17040mW VDD_CPU_GPU_CV 8627mW/8006mW VDD_SOC 4040mW/3936mW
08-11-2026 21:12:53 RAM 6764/7607MB (lfb 1x1MB) SWAP 1363/16384MB (cached 119MB) CPU [3%@883,3%@883,7%@883,14%@883,0%@1344,69%@1344] GR3D_FREQ 98% cpu@62.968C soc2@61.718C soc0@62.593C gpu@64.093C tj@64.093C soc1@61.437C VDD_IN 17683mW/17041mW VDD_CPU_GPU_CV 8744mW/8007mW VDD_SOC 3923mW/3936mW
08-11-2026 21:12:54 RAM 6763/7607MB (lfb 1x1MB) SWAP 1363/16384MB (cached 119MB) CPU [4%@729,4%@729,6%@729,8%@729,0%@729,59%@729] GR3D_FREQ 97% cpu@62.718C soc2@61.687C soc0@62.437C gpu@63.906C tj@63.906C soc1@61.531C VDD_IN 17408mW/17041mW VDD_CPU_GPU_CV 8446mW/8008mW VDD_SOC 3923mW/3936mW
08-11-2026 21:12:55 RAM 6761/7607MB (lfb 2x1MB) SWAP 1363/16384MB (cached 119MB) CPU [5%@729,2%@729,2%@729,5%@729,0%@1344,63%@1344] GR3D_FREQ 98% cpu@62.625C soc2@61.781C soc0@62.531C gpu@64C tj@64C soc1@61.625C VDD_IN 17368mW/17042mW VDD_CPU_GPU_CV 8368mW/8008mW VDD_SOC 3923mW/3936mW
08-11-2026 21:12:56 RAM 6763/7607MB (lfb 2x1MB) SWAP 1363/16384MB (cached 119MB) CPU [3%@729,3%@729,1%@729,2%@729,0%@1344,64%@1344] GR3D_FREQ 98% cpu@62.968C soc2@61.781C soc0@62.593C gpu@64.093C tj@64.093C soc1@61.562C VDD_IN 17290mW/17042mW VDD_CPU_GPU_CV 8250mW/8009mW VDD_SOC 3962mW/3936mW
08-11-2026 21:12:57 RAM 6763/7607MB (lfb 2x1MB) SWAP 1363/16384MB (cached 119MB) CPU [6%@729,5%@729,9%@729,3%@729,2%@1344,60%@1344] GR3D_FREQ 97% cpu@62.5C soc2@61.75C soc0@62.656C gpu@63.937C tj@63.937C soc1@61.468C VDD_IN 17172mW/17042mW VDD_CPU_GPU_CV 8016mW/8009mW VDD_SOC 4001mW/3936mW
08-11-2026 21:12:58 RAM 6763/7607MB (lfb 2x1MB) SWAP 1363/16384MB (cached 119MB) CPU [1%@729,1%@729,4%@729,2%@729,0%@1344,64%@1344] GR3D_FREQ 98% cpu@62.687C soc2@61.718C soc0@62.593C gpu@63.937C tj@63.937C soc1@61.468C VDD_IN 17015mW/17042mW VDD_CPU_GPU_CV 7820mW/8009mW VDD_SOC 4040mW/3937mW
08-11-2026 21:12:59 RAM 6764/7607MB (lfb 2x1MB) SWAP 1363/16384MB (cached 119MB) CPU [9%@729,12%@729,12%@729,6%@729,0%@1344,63%@1344] GR3D_FREQ 98% cpu@62.906C soc2@61.75C soc0@62.531C gpu@64.25C tj@64.25C soc1@61.5C VDD_IN 17054mW/17042mW VDD_CPU_GPU_CV 7625mW/8008mW VDD_SOC 4080mW/3937mW
08-11-2026 21:13:00 RAM 6764/7607MB (lfb 2x1MB) SWAP 1363/16384MB (cached 119MB) CPU [3%@729,2%@729,7%@729,1%@729,0%@960,59%@960] GR3D_FREQ 99% cpu@62.875C soc2@61.781C soc0@62.562C gpu@63.25C tj@63.25C soc1@61.718C VDD_IN 16728mW/17042mW VDD_CPU_GPU_CV 7206mW/8007mW VDD_SOC 4165mW/3937mW
08-11-2026 21:13:01 RAM 6764/7607MB (lfb 2x1MB) SWAP 1363/16384MB (cached 119MB) CPU [2%@729,1%@729,5%@729,2%@729,0%@729,62%@729] GR3D_FREQ 96% cpu@62.406C soc2@61.781C soc0@62.593C gpu@63.75C tj@63.75C soc1@61.5C VDD_IN 16452mW/17041mW VDD_CPU_GPU_CV 7676mW/8007mW VDD_SOC 3851mW/3937mW
08-11-2026 21:13:02 RAM 6764/7607MB (lfb 2x1MB) SWAP 1363/16384MB (cached 119MB) CPU [2%@729,3%@729,3%@729,3%@729,0%@729,70%@729] GR3D_FREQ 99% cpu@62.437C soc2@61.875C soc0@62.593C gpu@63.968C tj@63.968C soc1@61.468C VDD_IN 17408mW/17042mW VDD_CPU_GPU_CV 8407mW/8007mW VDD_SOC 3962mW/3937mW
08-11-2026 21:13:03 RAM 6764/7607MB (lfb 2x1MB) SWAP 1363/16384MB (cached 119MB) CPU [3%@729,2%@729,3%@729,3%@729,0%@960,70%@960] GR3D_FREQ 98% cpu@62.687C soc2@61.781C soc0@62.531C gpu@64.218C tj@64.218C soc1@61.562C VDD_IN 17526mW/17042mW VDD_CPU_GPU_CV 8588mW/8008mW VDD_SOC 3883mW/3937mW
08-11-2026 21:13:04 RAM 6764/7607MB (lfb 2x1MB) SWAP 1363/16384MB (cached 119MB) CPU [3%@729,2%@729,5%@729,1%@729,0%@1344,61%@1344] GR3D_FREQ 91% cpu@62.812C soc2@61.812C soc0@62.5C gpu@64.125C tj@64.125C soc1@61.562C VDD_IN 17408mW/17043mW VDD_CPU_GPU_CV 8446mW/8008mW VDD_SOC 3923mW/3937mW
08-11-2026 21:13:05 RAM 6765/7607MB (lfb 2x1MB) SWAP 1363/16384MB (cached 119MB) CPU [7%@729,8%@729,17%@729,6%@729,0%@1344,64%@1344] GR3D_FREQ 98% cpu@62.625C soc2@61.812C soc0@62.531C gpu@64.218C tj@64.218C soc1@61.625C VDD_IN 17447mW/17043mW VDD_CPU_GPU_CV 8446mW/8009mW VDD_SOC 3923mW/3937mW
08-11-2026 21:13:06 RAM 6765/7607MB (lfb 2x1MB) SWAP 1363/16384MB (cached 119MB) CPU [1%@729,2%@729,4%@729,3%@729,0%@1344,63%@1344] GR3D_FREQ 98% cpu@62.593C soc2@61.781C soc0@62.593C gpu@63.906C tj@63.906C soc1@61.5C VDD_IN 17368mW/17044mW VDD_CPU_GPU_CV 8329mW/8009mW VDD_SOC 3962mW/3937mW
08-11-2026 21:13:07 RAM 6765/7607MB (lfb 2x1MB) SWAP 1363/16384MB (cached 119MB) CPU [2%@729,2%@729,5%@729,1%@729,0%@1344,60%@1344] GR3D_FREQ 97% cpu@62.656C soc2@61.687C soc0@62.5C gpu@63.937C tj@63.937C soc1@61.468C VDD_IN 17133mW/17044mW VDD_CPU_GPU_CV 7977mW/8009mW VDD_SOC 3962mW/3937mW
08-11-2026 21:13:08 RAM 6765/7607MB (lfb 2x1MB) SWAP 1363/16384MB (cached 119MB) CPU [3%@729,2%@729,4%@729,3%@729,0%@1344,63%@1344] GR3D_FREQ 98% cpu@62.687C soc2@61.718C soc0@62.562C gpu@64C tj@64C soc1@61.562C VDD_IN 17054mW/17044mW VDD_CPU_GPU_CV 7820mW/8009mW VDD_SOC 4040mW/3937mW
08-11-2026 21:13:09 RAM 6765/7607MB (lfb 2x1MB) SWAP 1363/16384MB (cached 119MB) CPU [4%@729,1%@729,3%@729,4%@729,0%@1344,63%@1344] GR3D_FREQ 98% cpu@62.812C soc2@61.75C soc0@62.593C gpu@64.062C tj@64.062C soc1@61.718C VDD_IN 17015mW/17044mW VDD_CPU_GPU_CV 7625mW/8009mW VDD_SOC 4080mW/3937mW
08-11-2026 21:13:10 RAM 6768/7607MB (lfb 2x1MB) SWAP 1363/16384MB (cached 119MB) CPU [13%@1113,6%@1113,10%@1113,9%@1113,0%@729,58%@729] GR3D_FREQ 99% cpu@62.718C soc2@61.937C soc0@62.593C gpu@63.468C tj@63.468C soc1@61.468C VDD_IN 16857mW/17044mW VDD_CPU_GPU_CV 7312mW/8008mW VDD_SOC 4158mW/3938mW
08-11-2026 21:13:11 RAM 6768/7607MB (lfb 2x1MB) SWAP 1363/16384MB (cached 119MB) CPU [64%@1344,1%@1344,1%@1344,5%@1344,0%@729,0%@729] GR3D_FREQ 99% cpu@62.562C soc2@61.843C soc0@62.656C gpu@63.968C tj@63.968C soc1@61.562C VDD_IN 16531mW/17043mW VDD_CPU_GPU_CV 7755mW/8007mW VDD_SOC 3851mW/3937mW
08-11-2026 21:13:12 RAM 6768/7607MB (lfb 2x1MB) SWAP 1363/16384MB (cached 119MB) CPU [69%@729,1%@729,2%@729,4%@729,0%@729,0%@729] GR3D_FREQ 99% cpu@62.781C soc2@61.843C soc0@62.562C gpu@64.25C tj@64.25C soc1@61.625C VDD_IN 17447mW/17043mW VDD_CPU_GPU_CV 8368mW/8008mW VDD_SOC 3962mW/3937mW
08-11-2026 21:13:13 RAM 6768/7607MB (lfb 2x1MB) SWAP 1363/16384MB (cached 119MB) CPU [71%@1344,2%@1344,1%@1344,2%@1344,1%@729,0%@729] GR3D_FREQ 98% cpu@62.687C soc2@61.906C soc0@62.5C gpu@64.343C tj@64.343C soc1@61.562C VDD_IN 17565mW/17044mW VDD_CPU_GPU_CV 8641mW/8009mW VDD_SOC 3883mW/3937mW
08-11-2026 21:13:14 RAM 6768/7607MB (lfb 2x1MB) SWAP 1363/16384MB (cached 119MB) CPU [63%@1344,4%@1344,1%@1344,2%@1344,1%@729,0%@729] GR3D_FREQ 98% cpu@62.937C soc2@61.937C soc0@62.656C gpu@64.312C tj@64.312C soc1@61.656C VDD_IN 17447mW/17045mW VDD_CPU_GPU_CV 8471mW/8009mW VDD_SOC 3923mW/3937mW
08-11-2026 21:13:15 RAM 6768/7607MB (lfb 2x1MB) SWAP 1363/16384MB (cached 119MB) CPU [41%@1344,1%@1344,1%@1344,23%@1344,0%@729,4%@729] GR3D_FREQ 98% cpu@62.687C soc2@61.968C soc0@62.656C gpu@64.093C tj@64.093C soc1@61.5C VDD_IN 17447mW/17045mW VDD_CPU_GPU_CV 8446mW/8010mW VDD_SOC 3923mW/3937mW
08-11-2026 21:13:16 RAM 6770/7607MB (lfb 2x1MB) SWAP 1363/16384MB (cached 119MB) CPU [50%@1344,4%@1344,18%@1344,22%@1344,0%@729,5%@729] GR3D_FREQ 98% cpu@62.687C soc2@61.875C soc0@62.718C gpu@64.156C tj@64.156C soc1@61.531C VDD_IN 17408mW/17046mW VDD_CPU_GPU_CV 8446mW/8010mW VDD_SOC 3962mW/3937mW
08-11-2026 21:13:17 RAM 6770/7607MB (lfb 2x1MB) SWAP 1363/16384MB (cached 119MB) CPU [37%@729,2%@729,1%@729,4%@729,25%@1344,0%@1344] GR3D_FREQ 98% cpu@62.656C soc2@61.687C soc0@62.562C gpu@64.031C tj@64.031C soc1@61.625C VDD_IN 17211mW/17046mW VDD_CPU_GPU_CV 8094mW/8011mW VDD_SOC 4001mW/3937mW
08-11-2026 21:13:18 RAM 6770/7607MB (lfb 2x1MB) SWAP 1363/16384MB (cached 119MB) CPU [3%@1344,2%@1344,2%@1344,3%@1344,63%@1344,0%@1344] GR3D_FREQ 98% cpu@62.968C soc2@61.781C soc0@62.562C gpu@64C tj@64C soc1@61.593C VDD_IN 17133mW/17046mW VDD_CPU_GPU_CV 7938mW/8010mW VDD_SOC 4001mW/3938mW
08-11-2026 21:13:19 RAM 6770/7607MB (lfb 2x1MB) SWAP 1363/16384MB (cached 119MB) CPU [4%@1344,4%@1344,1%@1344,3%@1344,61%@1344,0%@1344] GR3D_FREQ 98% cpu@62.562C soc2@61.781C soc0@62.593C gpu@63.937C tj@63.937C soc1@61.687C VDD_IN 16975mW/17046mW VDD_CPU_GPU_CV 7625mW/8010mW VDD_SOC 4080mW/3938mW
08-11-2026 21:13:20 RAM 6770/7607MB (lfb 2x1MB) SWAP 1363/16384MB (cached 119MB) CPU [7%@1267,1%@1267,1%@1267,4%@1267,59%@1267,0%@1267] GR3D_FREQ 99% cpu@62.812C soc2@61.937C soc0@62.656C gpu@63.656C tj@63.906C soc1@61.593C VDD_IN 16740mW/17045mW VDD_CPU_GPU_CV 7206mW/8009mW VDD_SOC 4165mW/3938mW
08-11-2026 21:13:21 RAM 6768/7607MB (lfb 2x1MB) SWAP 1363/16384MB (cached 119MB) CPU [59%@1344,9%@1344,3%@1344,17%@1344,11%@729,0%@729] GR3D_FREQ 98% cpu@62.75C soc2@61.781C soc0@62.562C gpu@64C tj@64C soc1@61.468C VDD_IN 16531mW/17045mW VDD_CPU_GPU_CV 7833mW/8009mW VDD_SOC 3811mW/3938mW
08-11-2026 21:13:22 RAM 6768/7607MB (lfb 2x1MB) SWAP 1363/16384MB (cached 119MB) CPU [5%@729,1%@729,1%@729,3%@729,70%@729,0%@729] GR3D_FREQ 99% cpu@62.718C soc2@61.812C soc0@62.468C gpu@64.343C tj@64.343C soc1@61.625C VDD_IN 17329mW/17045mW VDD_CPU_GPU_CV 8368mW/8009mW VDD_SOC 3962mW/3938mW
08-11-2026 21:13:23 RAM 6768/7607MB (lfb 2x1MB) SWAP 1363/16384MB (cached 119MB) CPU [3%@729,4%@729,1%@729,1%@729,69%@960,0%@960] GR3D_FREQ 98% cpu@62.968C soc2@61.812C soc0@62.593C gpu@64.437C tj@64.437C soc1@61.656C VDD_IN 17486mW/17046mW VDD_CPU_GPU_CV 8627mW/8010mW VDD_SOC 3883mW/3938mW
08-11-2026 21:13:24 RAM 6768/7607MB (lfb 2x1MB) SWAP 1363/16384MB (cached 119MB) CPU [4%@729,2%@729,1%@729,2%@729,61%@1344,0%@1344] GR3D_FREQ 96% cpu@62.562C soc2@61.781C soc0@62.625C gpu@63.937C tj@63.937C soc1@61.562C VDD_IN 17447mW/17046mW VDD_CPU_GPU_CV 8485mW/8011mW VDD_SOC 3923mW/3938mW
08-11-2026 21:13:25 RAM 6768/7607MB (lfb 2x1MB) SWAP 1363/16384MB (cached 119MB) CPU [23%@1344,5%@1344,0%@1344,1%@1344,43%@729,0%@729] GR3D_FREQ 98% cpu@62.687C soc2@61.843C soc0@62.593C gpu@63.968C tj@63.968C soc1@61.531C VDD_IN 17408mW/17047mW VDD_CPU_GPU_CV 8368mW/8011mW VDD_SOC 3923mW/3938mW
08-11-2026 21:13:26 RAM 6768/7607MB (lfb 2x1MB) SWAP 1363/16384MB (cached 119MB) CPU [63%@1113,2%@1113,2%@1113,3%@1113,1%@729,1%@729] GR3D_FREQ 97% cpu@62.687C soc2@61.968C soc0@62.593C gpu@64.187C tj@64.187C soc1@61.531C VDD_IN 17368mW/17047mW VDD_CPU_GPU_CV 8368mW/8011mW VDD_SOC 3962mW/3938mW
08-11-2026 21:13:27 RAM 6770/7607MB (lfb 2x1MB) SWAP 1363/16384MB (cached 119MB) CPU [62%@1344,8%@1344,16%@1344,6%@1344,0%@729,0%@729] GR3D_FREQ 90% cpu@62.906C soc2@61.906C soc0@62.531C gpu@64.125C tj@64.125C soc1@61.625C VDD_IN 17290mW/17047mW VDD_CPU_GPU_CV 8172mW/8012mW VDD_SOC 4001mW/3938mW
08-11-2026 21:13:28 RAM 6770/7607MB (lfb 2x1MB) SWAP 1363/16384MB (cached 119MB) CPU [37%@1344,29%@1344,2%@1344,3%@1344,0%@729,0%@729] GR3D_FREQ 98% cpu@62.812C soc2@61.875C soc0@62.562C gpu@64.093C tj@64.093C soc1@61.625C VDD_IN 17133mW/17048mW VDD_CPU_GPU_CV 7899mW/8012mW VDD_SOC 4001mW/3938mW
08-11-2026 21:13:29 RAM 6772/7607MB (lfb 2x1MB) SWAP 1363/16384MB (cached 119MB) CPU [58%@1344,6%@1344,3%@1344,2%@1344,5%@729,0%@729] GR3D_FREQ 98% cpu@62.656C soc2@61.875C soc0@62.625C gpu@64.093C tj@64.093C soc1@61.687C VDD_IN 17015mW/17048mW VDD_CPU_GPU_CV 7664mW/8011mW VDD_SOC 4080mW/3938mW
08-11-2026 21:13:30 RAM 6771/7607MB (lfb 2x1MB) SWAP 1363/16384MB (cached 119MB) CPU [61%@1344,2%@1344,1%@1344,8%@1344,0%@729,1%@729] GR3D_FREQ 99% cpu@62.718C soc2@62C soc0@62.656C gpu@63.843C tj@63.843C soc1@61.5C VDD_IN 16767mW/17047mW VDD_CPU_GPU_CV 7246mW/8010mW VDD_SOC 4165mW/3938mW
08-11-2026 21:13:31 RAM 6771/7607MB (lfb 2x1MB) SWAP 1363/16384MB (cached 119MB) CPU [13%@729,2%@729,1%@729,4%@729,50%@729,0%@729] GR3D_FREQ 99% cpu@62.593C soc2@61.781C soc0@62.593C gpu@64C tj@64C soc1@61.562C VDD_IN 16491mW/17046mW VDD_CPU_GPU_CV 7676mW/8010mW VDD_SOC 3851mW/3938mW
08-11-2026 21:13:32 RAM 6771/7607MB (lfb 2x1MB) SWAP 1363/16384MB (cached 119MB) CPU [3%@729,7%@729,4%@729,3%@729,69%@729,0%@729] GR3D_FREQ 99% cpu@62.968C soc2@61.906C soc0@62.468C gpu@63.812C tj@63.812C soc1@61.625C VDD_IN 17093mW/17047mW VDD_CPU_GPU_CV 8172mW/8010mW VDD_SOC 3883mW/3938mW
08-11-2026 21:13:33 RAM 6772/7607MB (lfb 2x1MB) SWAP 1363/16384MB (cached 119MB) CPU [7%@729,4%@729,14%@729,9%@729,1%@729,70%@729] GR3D_FREQ 97% cpu@62.968C soc2@61.812C soc0@62.593C gpu@64.187C tj@63.968C soc1@61.593C VDD_IN 17486mW/17047mW VDD_CPU_GPU_CV 8524mW/8011mW VDD_SOC 3883mW/3938mW
08-11-2026 21:13:34 RAM 6771/7607MB (lfb 2x1MB) SWAP 1363/16384MB (cached 119MB) CPU [2%@729,4%@729,2%@729,2%@729,0%@1344,62%@1344] GR3D_FREQ 97% cpu@62.593C soc2@61.906C soc0@62.562C gpu@64.062C tj@64.062C soc1@61.687C VDD_IN 17408mW/17048mW VDD_CPU_GPU_CV 8524mW/8011mW VDD_SOC 3923mW/3938mW
08-11-2026 21:13:35 RAM 6771/7607MB (lfb 2x1MB) SWAP 1363/16384MB (cached 119MB) CPU [4%@729,5%@729,1%@729,2%@729,0%@1344,63%@1344] GR3D_FREQ 97% cpu@62.718C soc2@61.812C soc0@62.687C gpu@64.031C tj@64.031C soc1@61.437C VDD_IN 17447mW/17048mW VDD_CPU_GPU_CV 8485mW/8012mW VDD_SOC 3923mW/3938mW
08-11-2026 21:13:36 RAM 6771/7607MB (lfb 2x1MB) SWAP 1363/16384MB (cached 119MB) CPU [1%@729,4%@729,3%@729,0%@729,0%@883,61%@883] GR3D_FREQ 98% cpu@62.593C soc2@61.75C soc0@62.593C gpu@64.031C tj@64.031C soc1@61.531C VDD_IN 17329mW/17048mW VDD_CPU_GPU_CV 8329mW/8012mW VDD_SOC 3923mW/3938mW
08-11-2026 21:13:37 RAM 6771/7607MB (lfb 2x1MB) SWAP 1363/16384MB (cached 119MB) CPU [4%@729,3%@729,2%@729,2%@729,0%@1344,63%@1344] GR3D_FREQ 98% cpu@62.75C soc2@61.812C soc0@62.531C gpu@64.031C tj@64.031C soc1@61.593C VDD_IN 17290mW/17049mW VDD_CPU_GPU_CV 8133mW/8012mW VDD_SOC 4001mW/3938mW
08-11-2026 21:13:38 RAM 6772/7607MB (lfb 2x1MB) SWAP 1363/16384MB (cached 119MB) CPU [6%@729,11%@729,13%@729,4%@729,29%@1344,34%@1344] GR3D_FREQ 98% cpu@62.875C soc2@61.812C soc0@62.593C gpu@64.062C tj@64.062C soc1@61.625C VDD_IN 17250mW/17049mW VDD_CPU_GPU_CV 8055mW/8012mW VDD_SOC 4040mW/3938mW
08-11-2026 21:13:39 RAM 6772/7607MB (lfb 2x1MB) SWAP 1363/16384MB (cached 119MB) CPU [3%@729,4%@729,1%@729,1%@729,41%@729,21%@729] GR3D_FREQ 97% cpu@62.625C soc2@61.781C soc0@62.562C gpu@64.281C tj@64.281C soc1@61.531C VDD_IN 17015mW/17049mW VDD_CPU_GPU_CV 7703mW/8012mW VDD_SOC 4080mW/3938mW
08-11-2026 21:13:40 RAM 6772/7607MB (lfb 2x1MB) SWAP 1363/16384MB (cached 119MB) CPU [2%@729,2%@729,3%@729,5%@729,12%@1344,50%@1344] GR3D_FREQ 98% cpu@62.781C soc2@61.843C soc0@62.718C gpu@64.062C tj@64.062C soc1@61.531C VDD_IN 16700mW/17048mW VDD_CPU_GPU_CV 7246mW/8011mW VDD_SOC 4165mW/3939mW
08-11-2026 21:13:41 RAM 6771/7607MB (lfb 2x1MB) SWAP 1363/16384MB (cached 119MB) CPU [2%@729,1%@729,6%@729,2%@729,60%@729,0%@729] GR3D_FREQ 99% cpu@62.687C soc2@61.812C soc0@62.531C gpu@64.125C tj@64.125C soc1@61.562C VDD_IN 16452mW/17048mW VDD_CPU_GPU_CV 7637mW/8011mW VDD_SOC 3851mW/3939mW
08-11-2026 21:13:42 RAM 6771/7607MB (lfb 2x1MB) SWAP 1363/16384MB (cached 119MB) CPU [3%@729,1%@729,5%@729,2%@729,70%@729,0%@729] GR3D_FREQ 99% cpu@62.687C soc2@61.875C soc0@62.625C gpu@63.968C tj@63.968C soc1@61.625C VDD_IN 17015mW/17048mW VDD_CPU_GPU_CV 8133mW/8011mW VDD_SOC 3883mW/3939mW
08-11-2026 21:13:43 RAM 6771/7607MB (lfb 2x1MB) SWAP 1363/16384MB (cached 119MB) CPU [2%@729,2%@729,5%@729,2%@729,70%@1344,0%@1344] GR3D_FREQ 97% cpu@62.781C soc2@61.906C soc0@62.687C gpu@64.312C tj@64.312C soc1@61.75C VDD_IN 17447mW/17048mW VDD_CPU_GPU_CV 8563mW/8011mW VDD_SOC 3883mW/3939mW
08-11-2026 21:13:44 RAM 6772/7607MB (lfb 2x1MB) SWAP 1363/16384MB (cached 119MB) CPU [5%@729,14%@729,17%@729,3%@729,63%@1344,0%@1344] GR3D_FREQ 98% cpu@62.593C soc2@61.968C soc0@62.625C gpu@64.187C tj@64.187C soc1@61.5C VDD_IN 17526mW/17049mW VDD_CPU_GPU_CV 8563mW/8012mW VDD_SOC 3923mW/3938mW
08-11-2026 21:13:45 RAM 6772/7607MB (lfb 2x1MB) SWAP 1363/16384MB (cached 119MB) CPU [1%@729,5%@729,2%@729,3%@729,63%@1344,0%@1344] GR3D_FREQ 97% cpu@62.625C soc2@61.75C soc0@62.687C gpu@64.125C tj@64.125C soc1@61.625C VDD_IN 17447mW/17049mW VDD_CPU_GPU_CV 8485mW/8013mW VDD_SOC 3923mW/3938mW
08-11-2026 21:13:46 RAM 6772/7607MB (lfb 2x1MB) SWAP 1363/16384MB (cached 119MB) CPU [2%@729,3%@729,2%@729,2%@729,61%@806,0%@806] GR3D_FREQ 97% cpu@62.812C soc2@61.781C soc0@62.593C gpu@64.062C tj@64.062C soc1@61.593C VDD_IN 17329mW/17050mW VDD_CPU_GPU_CV 8329mW/8013mW VDD_SOC 3962mW/3939mW
08-11-2026 21:13:47 RAM 6772/7607MB (lfb 2x1MB) SWAP 1363/16384MB (cached 119MB) CPU [1%@1344,62%@1344,4%@1344,1%@1344,0%@729,0%@729] GR3D_FREQ 98% cpu@62.781C soc2@61.843C soc0@62.593C gpu@64.093C tj@64.093C soc1@61.593C VDD_IN 17250mW/17050mW VDD_CPU_GPU_CV 8094mW/8013mW VDD_SOC 3962mW/3939mW
08-11-2026 21:13:48 RAM 6772/7607MB (lfb 2x1MB) SWAP 1363/16384MB (cached 119MB) CPU [4%@1344,63%@1344,3%@1344,2%@1344,0%@729,0%@729] GR3D_FREQ 98% cpu@62.812C soc2@61.937C soc0@62.5C gpu@64.125C tj@64.125C soc1@61.75C VDD_IN 17133mW/17050mW VDD_CPU_GPU_CV 7938mW/8013mW VDD_SOC 4001mW/3939mW
08-11-2026 21:13:49 RAM 6772/7607MB (lfb 2x1MB) SWAP 1363/16384MB (cached 119MB) CPU [11%@729,44%@729,8%@729,14%@729,18%@1344,1%@1344] GR3D_FREQ 97% cpu@62.593C soc2@61.968C soc0@62.687C gpu@64.062C tj@64.062C soc1@61.531C VDD_IN 17172mW/17050mW VDD_CPU_GPU_CV 7820mW/8013mW VDD_SOC 4080mW/3939mW
08-11-2026 21:13:50 RAM 6772/7607MB (lfb 2x1MB) SWAP 1362/16384MB (cached 119MB) CPU [1%@729,8%@729,1%@729,2%@729,62%@1344,0%@1344] GR3D_FREQ 99% cpu@62.75C soc2@61.75C soc0@62.656C gpu@63.875C tj@63.75C soc1@61.656C VDD_IN 16857mW/17050mW VDD_CPU_GPU_CV 7273mW/8012mW VDD_SOC 4158mW/3939mW
08-11-2026 21:13:51 RAM 6772/7607MB (lfb 2x1MB) SWAP 1362/16384MB (cached 119MB) CPU [3%@729,4%@729,2%@729,2%@729,60%@729,0%@729] GR3D_FREQ 99% cpu@62.656C soc2@61.781C soc0@62.562C gpu@63.812C tj@63.812C soc1@61.625C VDD_IN 16413mW/17049mW VDD_CPU_GPU_CV 7637mW/8011mW VDD_SOC 3851mW/3939mW
08-11-2026 21:13:52 RAM 6772/7607MB (lfb 2x1MB) SWAP 1362/16384MB (cached 119MB) CPU [1%@729,5%@729,2%@729,1%@729,69%@729,0%@729] GR3D_FREQ 99% cpu@62.656C soc2@61.781C soc0@62.593C gpu@63.312C tj@63.312C soc1@61.625C VDD_IN 16897mW/17049mW VDD_CPU_GPU_CV 8016mW/8011mW VDD_SOC 3890mW/3939mW
08-11-2026 21:13:53 RAM 6771/7607MB (lfb 2x1MB) SWAP 1362/16384MB (cached 119MB) CPU [33%@1344,1%@1344,2%@1344,4%@1344,41%@729,0%@729] GR3D_FREQ 98% cpu@62.812C soc2@62.031C soc0@62.593C gpu@63.968C tj@63.968C soc1@61.718C VDD_IN 17447mW/17049mW VDD_CPU_GPU_CV 8485mW/8012mW VDD_SOC 3883mW/3939mW
08-11-2026 21:13:54 RAM 6771/7607MB (lfb 2x1MB) SWAP 1362/16384MB (cached 119MB) CPU [63%@1344,3%@1344,2%@1344,2%@1344,0%@729,0%@729] GR3D_FREQ 97% cpu@62.625C soc2@62.062C soc0@62.687C gpu@64.062C tj@64.062C soc1@61.593C VDD_IN 17447mW/17050mW VDD_CPU_GPU_CV 8524mW/8013mW VDD_SOC 3883mW/3939mW
08-11-2026 21:13:55 RAM 6771/7607MB (lfb 2x1MB) SWAP 1362/16384MB (cached 119MB) CPU [16%@729,15%@729,12%@729,6%@729,52%@1344,0%@1344] GR3D_FREQ 97% cpu@62.687C soc2@61.812C soc0@62.687C gpu@64.125C tj@64.125C soc1@61.5C VDD_IN 17486mW/17050mW VDD_CPU_GPU_CV 8563mW/8013mW VDD_SOC 3923mW/3939mW
08-11-2026 21:13:56 RAM 6771/7607MB (lfb 2x1MB) SWAP 1362/16384MB (cached 119MB) CPU [36%@729,4%@729,2%@729,1%@729,25%@729,0%@729] GR3D_FREQ 97% cpu@62.656C soc2@62C soc0@62.593C gpu@64.093C tj@64.187C soc1@61.656C VDD_IN 17290mW/17051mW VDD_CPU_GPU_CV 8290mW/8014mW VDD_SOC 3923mW/3939mW
08-11-2026 21:13:57 RAM 6771/7607MB (lfb 2x1MB) SWAP 1362/16384MB (cached 119MB) CPU [47%@729,3%@729,3%@729,2%@729,16%@1344,0%@1344] GR3D_FREQ 98% cpu@62.75C soc2@61.812C soc0@62.625C gpu@64.218C tj@64.218C soc1@61.562C VDD_IN 17250mW/17051mW VDD_CPU_GPU_CV 8133mW/8014mW VDD_SOC 4001mW/3939mW
08-11-2026 21:13:58 RAM 6772/7607MB (lfb 2x1MB) SWAP 1362/16384MB (cached 119MB) CPU [2%@729,5%@729,1%@729,0%@729,63%@1344,0%@1344] GR3D_FREQ 98% cpu@62.875C soc2@61.906C soc0@62.562C gpu@64.281C tj@64.281C soc1@61.687C VDD_IN 17133mW/17051mW VDD_CPU_GPU_CV 7938mW/8014mW VDD_SOC 4040mW/3939mW
08-11-2026 21:13:59 RAM 6771/7607MB (lfb 2x1MB) SWAP 1362/16384MB (cached 119MB) CPU [2%@729,3%@729,2%@729,4%@729,61%@729,0%@729] GR3D_FREQ 98% cpu@62.562C soc2@61.968C soc0@62.625C gpu@64.187C tj@64.187C soc1@61.781C VDD_IN 17054mW/17051mW VDD_CPU_GPU_CV 7664mW/8013mW VDD_SOC 4080mW/3939mW
08-11-2026 21:14:00 RAM 6774/7607MB (lfb 2x1MB) SWAP 1362/16384MB (cached 119MB) CPU [14%@1344,16%@1344,16%@1344,5%@1344,48%@1344,1%@1344] GR3D_FREQ 98% cpu@63.062C soc2@61.843C soc0@62.718C gpu@64.031C tj@64.031C soc1@61.5C VDD_IN 17015mW/17051mW VDD_CPU_GPU_CV 7468mW/8013mW VDD_SOC 4158mW/3939mW
08-11-2026 21:14:01 RAM 6773/7607MB (lfb 2x1MB) SWAP 1362/16384MB (cached 119MB) CPU [27%@729,2%@729,34%@729,7%@729,0%@729,1%@729] GR3D_FREQ 99% cpu@62.875C soc2@61.875C soc0@62.593C gpu@64.125C tj@64.125C soc1@61.656C VDD_IN 16491mW/17050mW VDD_CPU_GPU_CV 7676mW/8012mW VDD_SOC 3890mW/3939mW
08-11-2026 21:14:02 RAM 6774/7607MB (lfb 2x1MB) SWAP 1362/16384MB (cached 119MB) CPU [70%@729,4%@729,2%@729,2%@729,0%@729,0%@729] GR3D_FREQ 99% cpu@62.625C soc2@61.843C soc0@62.593C gpu@63.656C tj@63.656C soc1@61.687C VDD_IN 16936mW/17050mW VDD_CPU_GPU_CV 8094mW/8012mW VDD_SOC 3883mW/3939mW
08-11-2026 21:14:03 RAM 6774/7607MB (lfb 2x1MB) SWAP 1362/16384MB (cached 119MB) CPU [71%@729,2%@729,3%@729,2%@729,0%@729,1%@729] GR3D_FREQ 97% cpu@62.781C soc2@61.968C soc0@62.75C gpu@64.093C tj@64.093C soc1@61.75C VDD_IN 17447mW/17051mW VDD_CPU_GPU_CV 8446mW/8013mW VDD_SOC 3923mW/3939mW
08-11-2026 21:14:04 RAM 6774/7607MB (lfb 2x1MB) SWAP 1362/16384MB (cached 119MB) CPU [22%@1344,3%@1344,0%@1344,44%@1344,0%@729,1%@729] GR3D_FREQ 98% cpu@62.812C soc2@61.968C soc0@62.718C gpu@64.25C tj@64.25C soc1@61.531C VDD_IN 17486mW/17051mW VDD_CPU_GPU_CV 8510mW/8013mW VDD_SOC 3923mW/3939mW
08-11-2026 21:14:05 RAM 6774/7607MB (lfb 2x1MB) SWAP 1362/16384MB (cached 119MB) CPU [5%@729,1%@729,3%@729,19%@729,34%@1344,10%@1344] GR3D_FREQ 97% cpu@62.781C soc2@61.843C soc0@62.593C gpu@64.218C tj@64.218C soc1@61.593C VDD_IN 17447mW/17052mW VDD_CPU_GPU_CV 8446mW/8014mW VDD_SOC 3923mW/3939mW
08-11-2026 21:14:06 RAM 6771/7607MB (lfb 2x1MB) SWAP 1362/16384MB (cached 119MB) CPU [12%@729,8%@729,7%@729,3%@729,1%@806,60%@806] GR3D_FREQ 97% cpu@62.906C soc2@61.812C soc0@62.593C gpu@64.093C tj@64.093C soc1@61.625C VDD_IN 17447mW/17052mW VDD_CPU_GPU_CV 8407mW/8014mW VDD_SOC 3923mW/3939mW
08-11-2026 21:14:07 RAM 6771/7607MB (lfb 2x1MB) SWAP 1362/16384MB (cached 119MB) CPU [7%@729,2%@729,2%@729,2%@729,0%@1344,61%@1344] GR3D_FREQ 93% cpu@62.687C soc2@61.843C soc0@62.593C gpu@64.093C tj@64.093C soc1@61.687C VDD_IN 17250mW/17052mW VDD_CPU_GPU_CV 8133mW/8015mW VDD_SOC 3962mW/3939mW
08-11-2026 21:14:08 RAM 6771/7607MB (lfb 2x1MB) SWAP 1362/16384MB (cached 119MB) CPU [3%@729,4%@729,2%@729,2%@729,0%@1344,62%@1344] GR3D_FREQ 98% cpu@63.031C soc2@61.812C soc0@62.656C gpu@64.5C tj@64.5C soc1@61.718C VDD_IN 17133mW/17053mW VDD_CPU_GPU_CV 7899mW/8014mW VDD_SOC 4001mW/3939mW
08-11-2026 21:14:09 RAM 6771/7607MB (lfb 2x1MB) SWAP 1362/16384MB (cached 119MB) CPU [3%@1344,3%@1344,2%@1344,2%@1344,0%@1344,63%@1344] GR3D_FREQ 98% cpu@62.718C soc2@61.875C soc0@62.718C gpu@64.343C tj@64.343C soc1@61.656C VDD_IN 17054mW/17053mW VDD_CPU_GPU_CV 7664mW/8014mW VDD_SOC 4080mW/3939mW
08-11-2026 21:14:10 RAM 6771/7607MB (lfb 2x1MB) SWAP 1362/16384MB (cached 119MB) CPU [3%@729,9%@729,1%@729,2%@729,0%@1344,60%@1344] GR3D_FREQ 99% cpu@62.968C soc2@61.75C soc0@62.625C gpu@64.25C tj@64.25C soc1@61.531C VDD_IN 16818mW/17052mW VDD_CPU_GPU_CV 7273mW/8013mW VDD_SOC 4158mW/3940mW
08-11-2026 21:14:11 RAM 6770/7607MB (lfb 2x1MB) SWAP 1362/16384MB (cached 119MB) CPU [5%@729,2%@729,7%@729,6%@729,0%@729,61%@729] GR3D_FREQ 99% cpu@63.093C soc2@61.843C soc0@62.656C gpu@64.25C tj@64.25C soc1@61.562C VDD_IN 16570mW/17052mW VDD_CPU_GPU_CV 7755mW/8013mW VDD_SOC 3890mW/3940mW
08-11-2026 21:14:12 RAM 6770/7607MB (lfb 2x1MB) SWAP 1362/16384MB (cached 119MB) CPU [4%@729,8%@729,5%@729,13%@729,0%@729,69%@729] GR3D_FREQ 99% cpu@62.5C soc2@61.843C soc0@62.593C gpu@63.718C tj@63.718C soc1@61.625C VDD_IN 17093mW/17052mW VDD_CPU_GPU_CV 8211mW/8013mW VDD_SOC 3883mW/3940mW
08-11-2026 21:14:13 RAM 6770/7607MB (lfb 2x1MB) SWAP 1362/16384MB (cached 120MB) CPU [5%@729,4%@729,1%@729,2%@729,0%@729,71%@729] GR3D_FREQ 98% cpu@63.031C soc2@61.875C soc0@62.593C gpu@64C tj@64.25C soc1@61.75C VDD_IN 17526mW/17052mW VDD_CPU_GPU_CV 8588mW/8014mW VDD_SOC 3883mW/3939mW
08-11-2026 21:14:14 RAM 6771/7607MB (lfb 2x1MB) SWAP 1362/16384MB (cached 120MB) CPU [3%@729,6%@729,1%@729,1%@729,0%@1344,63%@1344] GR3D_FREQ 98% cpu@62.687C soc2@61.937C soc0@62.812C gpu@64.312C tj@64.312C soc1@61.562C VDD_IN 17486mW/17053mW VDD_CPU_GPU_CV 8510mW/8014mW VDD_SOC 3923mW/3939mW
08-11-2026 21:14:15 RAM 6771/7607MB (lfb 2x1MB) SWAP 1362/16384MB (cached 120MB) CPU [6%@729,2%@729,1%@729,2%@729,0%@1344,62%@1344] GR3D_FREQ 98% cpu@62.75C soc2@61.812C soc0@62.5C gpu@64.281C tj@64.281C soc1@61.531C VDD_IN 17486mW/17053mW VDD_CPU_GPU_CV 8432mW/8015mW VDD_SOC 3923mW/3939mW
08-11-2026 21:14:16 RAM 6771/7607MB (lfb 2x1MB) SWAP 1362/16384MB (cached 120MB) CPU [3%@729,2%@729,3%@729,1%@729,0%@960,61%@960] GR3D_FREQ 98% cpu@62.843C soc2@61.812C soc0@62.625C gpu@64.25C tj@64.25C soc1@61.687C VDD_IN 17408mW/17054mW VDD_CPU_GPU_CV 8368mW/8015mW VDD_SOC 3962mW/3939mW
08-11-2026 21:14:17 RAM 6770/7607MB (lfb 2x1MB) SWAP 1362/16384MB (cached 120MB) CPU [7%@729,4%@729,17%@729,9%@729,0%@1344,61%@1344] GR3D_FREQ 90% cpu@62.593C soc2@61.937C soc0@62.625C gpu@64.218C tj@64.218C soc1@61.718C VDD_IN 17368mW/17054mW VDD_CPU_GPU_CV 8211mW/8016mW VDD_SOC 4001mW/3940mW
08-11-2026 21:14:18 RAM 6771/7607MB (lfb 2x1MB) SWAP 1362/16384MB (cached 120MB) CPU [3%@729,3%@729,2%@729,5%@729,0%@1344,64%@1344] GR3D_FREQ 98% cpu@63.031C soc2@61.843C soc0@62.687C gpu@64.281C tj@64.093C soc1@61.781C VDD_IN 17211mW/17054mW VDD_CPU_GPU_CV 7977mW/8015mW VDD_SOC 4040mW/3940mW
08-11-2026 21:14:19 RAM 6770/7607MB (lfb 2x1MB) SWAP 1362/16384MB (cached 120MB) CPU [3%@729,1%@729,0%@729,5%@729,0%@729,61%@729] GR3D_FREQ 98% cpu@62.843C soc2@61.968C soc0@62.75C gpu@63.968C tj@63.968C soc1@61.593C VDD_IN 17054mW/17054mW VDD_CPU_GPU_CV 7703mW/8015mW VDD_SOC 4080mW/3940mW
08-11-2026 21:14:20 RAM 6771/7607MB (lfb 2x1MB) SWAP 1362/16384MB (cached 120MB) CPU [3%@729,5%@729,2%@729,5%@729,0%@1344,60%@1344] GR3D_FREQ 99% cpu@62.906C soc2@61.843C soc0@62.625C gpu@63.812C tj@63.812C soc1@61.562C VDD_IN 16779mW/17054mW VDD_CPU_GPU_CV 7246mW/8014mW VDD_SOC 4165mW/3940mW
08-11-2026 21:14:21 RAM 6770/7607MB (lfb 2x1MB) SWAP 1362/16384MB (cached 120MB) CPU [2%@729,5%@729,1%@729,1%@729,1%@729,61%@729] GR3D_FREQ 99% cpu@62.781C soc2@61.906C soc0@62.593C gpu@63.937C tj@63.937C soc1@61.656C VDD_IN 16531mW/17053mW VDD_CPU_GPU_CV 7716mW/8014mW VDD_SOC 3851mW/3940mW
08-11-2026 21:14:22 RAM 6770/7607MB (lfb 2x1MB) SWAP 1362/16384MB (cached 120MB) CPU [2%@729,3%@729,1%@729,1%@729,0%@729,69%@729] GR3D_FREQ 99% cpu@62.5C soc2@61.875C soc0@62.656C gpu@63.625C tj@63.625C soc1@61.687C VDD_IN 17015mW/17053mW VDD_CPU_GPU_CV 8133mW/8014mW VDD_SOC 3883mW/3940mW
08-11-2026 21:14:23 RAM 6773/7607MB (lfb 2x1MB) SWAP 1362/16384MB (cached 120MB) CPU [7%@729,8%@729,5%@729,4%@729,16%@1344,71%@1344] GR3D_FREQ 97% cpu@62.593C soc2@61.875C soc0@62.625C gpu@64.062C tj@64.062C soc1@61.562C VDD_IN 17486mW/17054mW VDD_CPU_GPU_CV 8549mW/8015mW VDD_SOC 3923mW/3940mW
08-11-2026 21:14:24 RAM 6773/7607MB (lfb 2x1MB) SWAP 1362/16384MB (cached 120MB) CPU [4%@729,2%@729,2%@729,6%@729,0%@1344,64%@1344] GR3D_FREQ 98% cpu@62.781C soc2@61.843C soc0@62.593C gpu@64.343C tj@64.343C soc1@61.593C VDD_IN 17526mW/17054mW VDD_CPU_GPU_CV 8602mW/8015mW VDD_SOC 3923mW/3940mW
08-11-2026 21:14:25 RAM 6774/7607MB (lfb 2x1MB) SWAP 1362/16384MB (cached 120MB) CPU [1%@729,5%@729,1%@729,2%@729,0%@1344,63%@1344] GR3D_FREQ 98% cpu@62.687C soc2@61.781C soc0@62.531C gpu@64.343C tj@64.343C soc1@61.562C VDD_IN 17486mW/17055mW VDD_CPU_GPU_CV 8524mW/8016mW VDD_SOC 3923mW/3940mW
08-11-2026 21:14:26 RAM 6774/7607MB (lfb 2x1MB) SWAP 1362/16384MB (cached 120MB) CPU [6%@729,1%@729,3%@729,1%@729,0%@729,59%@729] GR3D_FREQ 97% cpu@62.75C soc2@61.812C soc0@62.562C gpu@64.312C tj@64.312C soc1@61.625C VDD_IN 17368mW/17055mW VDD_CPU_GPU_CV 8290mW/8016mW VDD_SOC 3923mW/3940mW
08-11-2026 21:14:27 RAM 6774/7607MB (lfb 2x1MB) SWAP 1362/16384MB (cached 120MB) CPU [2%@729,2%@729,1%@729,3%@729,0%@1344,62%@1344] GR3D_FREQ 98% cpu@62.593C soc2@61.843C soc0@62.562C gpu@64.312C tj@64.312C soc1@61.687C VDD_IN 17250mW/17055mW VDD_CPU_GPU_CV 8133mW/8016mW VDD_SOC 4001mW/3940mW
08-11-2026 21:14:28 RAM 6769/7607MB (lfb 2x1MB) SWAP 1362/16384MB (cached 120MB) CPU [6%@729,4%@729,7%@729,20%@729,0%@1344,62%@1344] GR3D_FREQ 98% cpu@62.718C soc2@61.843C soc0@62.625C gpu@64.312C tj@64.312C soc1@61.562C VDD_IN 17290mW/17056mW VDD_CPU_GPU_CV 8094mW/8016mW VDD_SOC 4040mW/3940mW
08-11-2026 21:14:29 RAM 6769/7607MB (lfb 2x1MB) SWAP 1362/16384MB (cached 120MB) CPU [3%@729,1%@729,2%@729,4%@729,0%@729,62%@729] GR3D_FREQ 98% cpu@62.75C soc2@61.75C soc0@62.5C gpu@64.062C tj@64.062C soc1@61.625C VDD_IN 17054mW/17056mW VDD_CPU_GPU_CV 7703mW/8016mW VDD_SOC 4080mW/3940mW
08-11-2026 21:14:30 RAM 6769/7607MB (lfb 2x1MB) SWAP 1362/16384MB (cached 120MB) CPU [3%@729,1%@729,3%@729,4%@729,0%@1344,60%@1344] GR3D_FREQ 99% cpu@63.125C soc2@61.781C soc0@62.562C gpu@63.875C tj@63.875C soc1@61.562C VDD_IN 16779mW/17055mW VDD_CPU_GPU_CV 7285mW/8015mW VDD_SOC 4165mW/3940mW
08-11-2026 21:14:31 RAM 6769/7607MB (lfb 2x1MB) SWAP 1362/16384MB (cached 120MB) CPU [3%@729,2%@729,2%@729,8%@729,0%@729,60%@729] GR3D_FREQ 99% cpu@62.687C soc2@61.781C soc0@62.593C gpu@63.937C tj@63.937C soc1@61.656C VDD_IN 16452mW/17055mW VDD_CPU_GPU_CV 7676mW/8015mW VDD_SOC 3851mW/3940mW
08-11-2026 21:14:32 RAM 6769/7607MB (lfb 2x1MB) SWAP 1362/16384MB (cached 120MB) CPU [7%@729,2%@729,3%@729,1%@729,0%@729,69%@729] GR3D_FREQ 99% cpu@62.406C soc2@61.906C soc0@62.593C gpu@63.687C tj@63.687C soc1@61.687C VDD_IN 17093mW/17055mW VDD_CPU_GPU_CV 8133mW/8015mW VDD_SOC 3883mW/3940mW
08-11-2026 21:14:33 RAM 6769/7607MB (lfb 2x1MB) SWAP 1362/16384MB (cached 120MB) CPU [6%@729,2%@729,2%@729,2%@729,0%@1344,71%@1344] GR3D_FREQ 97% cpu@62.593C soc2@61.937C soc0@62.718C gpu@64.125C tj@64.125C soc1@61.531C VDD_IN 17486mW/17055mW VDD_CPU_GPU_CV 8549mW/8016mW VDD_SOC 3923mW/3940mW
08-11-2026 21:14:34 RAM 6771/7607MB (lfb 2x1MB) SWAP 1362/16384MB (cached 120MB) CPU [8%@729,11%@729,13%@729,7%@729,62%@1344,1%@1344] GR3D_FREQ 98% cpu@62.625C soc2@61.812C soc0@62.437C gpu@64.281C tj@64.281C soc1@61.531C VDD_IN 17526mW/17056mW VDD_CPU_GPU_CV 8588mW/8016mW VDD_SOC 3923mW/3940mW
08-11-2026 21:14:35 RAM 6772/7607MB (lfb 2x1MB) SWAP 1362/16384MB (cached 120MB) CPU [3%@729,1%@729,1%@729,4%@729,62%@1344,0%@1344] GR3D_FREQ 98% cpu@62.875C soc2@61.781C soc0@62.531C gpu@64.437C tj@64.437C soc1@61.593C VDD_IN 17447mW/17056mW VDD_CPU_GPU_CV 8485mW/8017mW VDD_SOC 3923mW/3940mW
08-11-2026 21:14:36 RAM 6771/7607MB (lfb 2x1MB) SWAP 1362/16384MB (cached 120MB) CPU [2%@729,2%@729,2%@729,6%@729,60%@1036,0%@1036] GR3D_FREQ 98% cpu@62.656C soc2@61.812C soc0@62.593C gpu@64.031C tj@64.031C soc1@61.625C VDD_IN 17368mW/17057mW VDD_CPU_GPU_CV 8354mW/8017mW VDD_SOC 3962mW/3940mW
08-11-2026 21:14:37 RAM 6772/7607MB (lfb 2x1MB) SWAP 1362/16384MB (cached 120MB) CPU [3%@729,2%@729,3%@729,5%@729,62%@1344,0%@1344] GR3D_FREQ 93% cpu@62.468C soc2@61.781C soc0@62.531C gpu@64C tj@64C soc1@61.687C VDD_IN 17290mW/17057mW VDD_CPU_GPU_CV 8133mW/8017mW VDD_SOC 4001mW/3940mW
08-11-2026 21:14:38 RAM 6772/7607MB (lfb 2x1MB) SWAP 1362/16384MB (cached 120MB) CPU [2%@729,2%@729,3%@729,4%@729,63%@1344,0%@1344] GR3D_FREQ 98% cpu@62.593C soc2@61.906C soc0@62.593C gpu@63.968C tj@63.968C soc1@61.531C VDD_IN 17172mW/17057mW VDD_CPU_GPU_CV 7977mW/8017mW VDD_SOC 4040mW/3940mW
08-11-2026 21:14:39 RAM 6771/7607MB (lfb 2x1MB) SWAP 1362/16384MB (cached 120MB) CPU [9%@729,17%@729,10%@729,4%@729,62%@1344,0%@1344] GR3D_FREQ 98% cpu@62.781C soc2@61.812C soc0@62.593C gpu@64C tj@64C soc1@61.562C VDD_IN 17211mW/17057mW VDD_CPU_GPU_CV 7859mW/8017mW VDD_SOC 4080mW/3941mW
08-11-2026 21:14:40 RAM 6771/7607MB (lfb 2x1MB) SWAP 1362/16384MB (cached 120MB) CPU [5%@729,1%@729,2%@729,4%@729,60%@1267,0%@1267] GR3D_FREQ 99% cpu@63.062C soc2@61.781C soc0@62.437C gpu@63.875C tj@63.875C soc1@61.593C VDD_IN 16740mW/17057mW VDD_CPU_GPU_CV 7246mW/8016mW VDD_SOC 4165mW/3941mW
08-11-2026 21:14:41 RAM 6771/7607MB (lfb 2x1MB) SWAP 1362/16384MB (cached 120MB) CPU [2%@729,1%@729,2%@729,4%@729,61%@729,0%@729] GR3D_FREQ 99% cpu@62.625C soc2@61.812C soc0@62.593C gpu@64.031C tj@64.031C soc1@61.656C VDD_IN 16609mW/17056mW VDD_CPU_GPU_CV 7794mW/8016mW VDD_SOC 3890mW/3941mW
08-11-2026 21:14:42 RAM 6771/7607MB (lfb 2x1MB) SWAP 1362/16384MB (cached 120MB) CPU [3%@729,8%@729,2%@729,2%@729,69%@729,0%@729] GR3D_FREQ 99% cpu@62.718C soc2@61.843C soc0@62.625C gpu@63.593C tj@63.593C soc1@61.781C VDD_IN 16975mW/17056mW VDD_CPU_GPU_CV 8094mW/8016mW VDD_SOC 3883mW/3941mW
08-11-2026 21:14:43 RAM 6770/7607MB (lfb 2x1MB) SWAP 1362/16384MB (cached 120MB) CPU [5%@729,1%@729,0%@729,1%@729,71%@729,2%@729] GR3D_FREQ 97% cpu@62.562C soc2@61.843C soc0@62.656C gpu@64.156C tj@64.156C soc1@61.5C VDD_IN 17447mW/17057mW VDD_CPU_GPU_CV 8524mW/8017mW VDD_SOC 3923mW/3941mW
08-11-2026 21:14:44 RAM 6770/7607MB (lfb 2x1MB) SWAP 1362/16384MB (cached 120MB) CPU [2%@729,2%@729,1%@729,3%@729,64%@1344,3%@1344] GR3D_FREQ 98% cpu@62.656C soc2@61.781C soc0@62.593C gpu@64.093C tj@64.093C soc1@61.625C VDD_IN 17526mW/17057mW VDD_CPU_GPU_CV 8549mW/8017mW VDD_SOC 3923mW/3941mW
08-11-2026 21:14:45 RAM 6771/7607MB (lfb 2x1MB) SWAP 1362/16384MB (cached 120MB) CPU [5%@729,10%@729,18%@729,6%@729,62%@1344,0%@1344] GR3D_FREQ 98% cpu@62.843C soc2@61.812C soc0@62.593C gpu@64.093C tj@64.093C soc1@61.656C VDD_IN 17526mW/17058mW VDD_CPU_GPU_CV 8549mW/8018mW VDD_SOC 3923mW/3941mW
08-11-2026 21:14:46 RAM 6772/7607MB (lfb 2x1MB) SWAP 1362/16384MB (cached 120MB) CPU [29%@806,2%@806,2%@806,1%@806,35%@729,0%@729] GR3D_FREQ 97% cpu@62.593C soc2@61.843C soc0@62.625C gpu@63.968C tj@63.968C soc1@61.687C VDD_IN 17368mW/17058mW VDD_CPU_GPU_CV 8329mW/8018mW VDD_SOC 3923mW/3941mW
08-11-2026 21:14:47 RAM 6772/7607MB (lfb 2x1MB) SWAP 1362/16384MB (cached 120MB) CPU [52%@729,2%@729,2%@729,4%@729,11%@1344,0%@1344] GR3D_FREQ 98% cpu@62.562C soc2@61.843C soc0@62.656C gpu@64.031C tj@64.031C soc1@61.468C VDD_IN 17290mW/17058mW VDD_CPU_GPU_CV 8172mW/8018mW VDD_SOC 4001mW/3941mW
08-11-2026 21:14:48 RAM 6772/7607MB (lfb 2x1MB) SWAP 1362/16384MB (cached 120MB) CPU [8%@729,3%@729,2%@729,2%@729,64%@1344,0%@1344] GR3D_FREQ 98% cpu@62.75C soc2@61.718C soc0@62.5C gpu@64.156C tj@64.218C soc1@61.625C VDD_IN 17250mW/17059mW VDD_CPU_GPU_CV 8055mW/8018mW VDD_SOC 4040mW/3941mW
08-11-2026 21:14:49 RAM 6771/7607MB (lfb 2x1MB) SWAP 1362/16384MB (cached 120MB) CPU [3%@729,4%@729,1%@729,5%@729,59%@1344,0%@1344] GR3D_FREQ 98% cpu@62.625C soc2@61.812C soc0@62.593C gpu@64.093C tj@64.093C soc1@61.656C VDD_IN 17093mW/17059mW VDD_CPU_GPU_CV 7742mW/8018mW VDD_SOC 4080mW/3941mW
08-11-2026 21:14:50 RAM 6773/7607MB (lfb 2x1MB) SWAP 1362/16384MB (cached 120MB) CPU [6%@1267,5%@1267,20%@1267,8%@1267,63%@1344,0%@1344] GR3D_FREQ 98% cpu@63.156C soc2@61.75C soc0@62.531C gpu@64.093C tj@64.093C soc1@61.718C VDD_IN 17093mW/17059mW VDD_CPU_GPU_CV 7547mW/8018mW VDD_SOC 4158mW/3941mW
08-11-2026 21:14:51 RAM 6773/7607MB (lfb 2x1MB) SWAP 1362/16384MB (cached 120MB) CPU [5%@729,1%@729,2%@729,4%@729,59%@729,0%@729] GR3D_FREQ 99% cpu@62.437C soc2@61.781C soc0@62.656C gpu@64.062C tj@64.062C soc1@61.625C VDD_IN 16491mW/17058mW VDD_CPU_GPU_CV 7598mW/8017mW VDD_SOC 3890mW/3941mW
08-11-2026 21:14:52 RAM 6773/7607MB (lfb 2x1MB) SWAP 1362/16384MB (cached 120MB) CPU [5%@729,1%@729,2%@729,2%@729,69%@729,0%@729] GR3D_FREQ 99% cpu@62.625C soc2@61.812C soc0@62.593C gpu@63.968C tj@63.968C soc1@61.562C VDD_IN 16897mW/17058mW VDD_CPU_GPU_CV 8016mW/8017mW VDD_SOC 3883mW/3941mW
08-11-2026 21:14:53 RAM 6773/7607MB (lfb 2x1MB) SWAP 1362/16384MB (cached 120MB) CPU [0%@729,4%@729,6%@729,2%@729,71%@729,0%@729] GR3D_FREQ 97% cpu@62.687C soc2@61.843C soc0@62.531C gpu@64.312C tj@64.312C soc1@61.562C VDD_IN 17526mW/17058mW VDD_CPU_GPU_CV 8563mW/8018mW VDD_SOC 3923mW/3941mW
08-11-2026 21:14:54 RAM 6774/7607MB (lfb 2x1MB) SWAP 1362/16384MB (cached 120MB) CPU [5%@729,2%@729,1%@729,3%@729,64%@1344,1%@1344] GR3D_FREQ 98% cpu@62.718C soc2@61.812C soc0@62.562C gpu@64.093C tj@64.093C soc1@61.531C VDD_IN 17526mW/17059mW VDD_CPU_GPU_CV 8549mW/8018mW VDD_SOC 3923mW/3941mW
08-11-2026 21:14:55 RAM 6774/7607MB (lfb 2x1MB) SWAP 1362/16384MB (cached 120MB) CPU [2%@729,2%@729,1%@729,5%@729,63%@1344,0%@1344] GR3D_FREQ 98% cpu@62.906C soc2@61.75C soc0@62.5C gpu@64.156C tj@64.156C soc1@61.687C VDD_IN 17486mW/17059mW VDD_CPU_GPU_CV 8510mW/8019mW VDD_SOC 3923mW/3941mW
08-11-2026 21:14:56 RAM 6776/7607MB (lfb 2x1MB) SWAP 1362/16384MB (cached 120MB) CPU [6%@729,8%@729,19%@729,4%@1344,58%@729,0%@729] GR3D_FREQ 97% cpu@62.593C soc2@61.875C soc0@62.593C gpu@63.875C tj@63.875C soc1@61.531C VDD_IN 17368mW/17060mW VDD_CPU_GPU_CV 8329mW/8019mW VDD_SOC 3962mW/3941mW
08-11-2026 21:14:57 RAM 6776/7607MB (lfb 2x1MB) SWAP 1362/16384MB (cached 120MB) CPU [19%@729,7%@729,3%@729,1%@729,49%@1344,0%@1344] GR3D_FREQ 98% cpu@62.593C soc2@61.75C soc0@62.593C gpu@64.093C tj@64.093C soc1@61.468C VDD_IN 17290mW/17060mW VDD_CPU_GPU_CV 8211mW/8020mW VDD_SOC 3962mW/3941mW
08-11-2026 21:14:58 RAM 6776/7607MB (lfb 2x1MB) SWAP 1362/16384MB (cached 120MB) CPU [3%@729,4%@729,2%@729,3%@729,63%@1344,0%@1344] GR3D_FREQ 98% cpu@62.75C soc2@61.781C soc0@62.5C gpu@64.062C tj@64.062C soc1@61.531C VDD_IN 17211mW/17060mW VDD_CPU_GPU_CV 8016mW/8020mW VDD_SOC 4001mW/3941mW
08-11-2026 21:14:59 RAM 6776/7607MB (lfb 2x1MB) SWAP 1362/16384MB (cached 120MB) CPU [3%@729,1%@729,1%@729,4%@729,60%@1344,0%@1344] GR3D_FREQ 97% cpu@62.531C soc2@61.718C soc0@62.5C gpu@64.312C tj@64.312C soc1@61.625C VDD_IN 17054mW/17060mW VDD_CPU_GPU_CV 7703mW/8019mW VDD_SOC 4080mW/3941mW
08-11-2026 21:15:00 RAM 6776/7607MB (lfb 2x1MB) SWAP 1362/16384MB (cached 120MB) CPU [16%@1344,4%@1344,1%@1344,5%@1344,49%@729,0%@729] GR3D_FREQ 98% cpu@63C soc2@61.875C soc0@62.562C gpu@64.25C tj@64.25C soc1@61.625C VDD_IN 16818mW/17060mW VDD_CPU_GPU_CV 7312mW/8018mW VDD_SOC 4158mW/3942mW
08-11-2026 21:15:01 RAM 6775/7607MB (lfb 2x1MB) SWAP 1362/16384MB (cached 120MB) CPU [24%@729,6%@729,9%@729,43%@729,0%@729,0%@729] GR3D_FREQ 98% cpu@62.906C soc2@62C soc0@62.562C gpu@63.562C tj@63.562C soc1@61.5C VDD_IN 16700mW/17060mW VDD_CPU_GPU_CV 7742mW/8018mW VDD_SOC 3968mW/3942mW
08-11-2026 21:15:02 RAM 6777/7607MB (lfb 2x1MB) SWAP 1362/16384MB (cached 120MB) CPU [69%@729,8%@729,8%@729,2%@729,0%@729,0%@729] GR3D_FREQ 99% cpu@62.562C soc2@61.875C soc0@62.562C gpu@63.75C tj@63.75C soc1@61.531C VDD_IN 17015mW/17059mW VDD_CPU_GPU_CV 8094mW/8018mW VDD_SOC 3923mW/3942mW
08-11-2026 21:15:03 RAM 6777/7607MB (lfb 2x1MB) SWAP 1362/16384MB (cached 120MB) CPU [71%@729,1%@729,1%@729,2%@729,3%@729,0%@729] GR3D_FREQ 99% cpu@62.781C soc2@61.937C soc0@62.562C gpu@64.187C tj@64.187C soc1@61.531C VDD_IN 17643mW/17060mW VDD_CPU_GPU_CV 8666mW/8019mW VDD_SOC 3923mW/3942mW
08-11-2026 21:15:04 RAM 6777/7607MB (lfb 2x1MB) SWAP 1362/16384MB (cached 120MB) CPU [5%@1344,66%@1344,5%@1344,3%@1344,0%@729,0%@729] GR3D_FREQ 98% cpu@62.718C soc2@61.875C soc0@62.562C gpu@64.031C tj@64.218C soc1@61.656C VDD_IN 17565mW/17061mW VDD_CPU_GPU_CV 8627mW/8020mW VDD_SOC 3923mW/3942mW
08-11-2026 21:15:05 RAM 6777/7607MB (lfb 2x1MB) SWAP 1362/16384MB (cached 120MB) CPU [59%@1344,8%@1344,3%@1344,3%@1344,0%@729,0%@729] GR3D_FREQ 98% cpu@62.968C soc2@61.937C soc0@62.593C gpu@64.218C tj@64.218C soc1@61.687C VDD_IN 17526mW/17061mW VDD_CPU_GPU_CV 8549mW/8020mW VDD_SOC 3923mW/3942mW
08-11-2026 21:15:06 RAM 6781/7607MB (lfb 2x1MB) SWAP 1362/16384MB (cached 120MB) CPU [60%@1344,3%@1344,1%@1344,1%@1344,0%@729,1%@729] GR3D_FREQ 90% cpu@62.562C soc2@61.937C soc0@62.593C gpu@64.156C tj@64.156C soc1@61.5C VDD_IN 17368mW/17062mW VDD_CPU_GPU_CV 8329mW/8020mW VDD_SOC 3962mW/3942mW
08-11-2026 21:15:07 RAM 6779/7607MB (lfb 2x1MB) SWAP 1362/16384MB (cached 120MB) CPU [63%@1344,9%@1344,15%@1344,4%@1344,2%@729,4%@729] GR3D_FREQ 98% cpu@62.75C soc2@61.843C soc0@62.5C gpu@64.25C tj@64.25C soc1@61.562C VDD_IN 17447mW/17062mW VDD_CPU_GPU_CV 8329mW/8021mW VDD_SOC 4001mW/3942mW
08-11-2026 21:15:09 RAM 6780/7607MB (lfb 2x1MB) SWAP 1362/16384MB (cached 120MB) CPU [9%@729,2%@729,3%@729,5%@729,56%@1344,0%@1344] GR3D_FREQ 98% cpu@62.718C soc2@61.812C soc0@62.593C gpu@64.156C tj@64.156C soc1@61.562C VDD_IN 17290mW/17062mW VDD_CPU_GPU_CV 8094mW/8021mW VDD_SOC 4001mW/3942mW
08-11-2026 21:15:10 RAM 6780/7607MB (lfb 2x1MB) SWAP 1362/16384MB (cached 120MB) CPU [2%@729,0%@729,2%@729,2%@729,60%@1344,3%@1344] GR3D_FREQ 97% cpu@62.437C soc2@61.781C soc0@62.531C gpu@64.062C tj@63.843C soc1@61.656C VDD_IN 17054mW/17062mW VDD_CPU_GPU_CV 7703mW/8021mW VDD_SOC 4080mW/3942mW
08-11-2026 21:15:11 RAM 6780/7607MB (lfb 2x1MB) SWAP 1362/16384MB (cached 120MB) CPU [2%@729,4%@729,1%@729,2%@729,62%@1344,0%@1344] GR3D_FREQ 98% cpu@62.625C soc2@61.906C soc0@62.656C gpu@63.937C tj@63.937C soc1@61.718C VDD_IN 16897mW/17062mW VDD_CPU_GPU_CV 7429mW/8020mW VDD_SOC 4119mW/3942mW
08-11-2026 21:15:12 RAM 6780/7607MB (lfb 2x1MB) SWAP 1362/16384MB (cached 120MB) CPU [1%@729,3%@729,1%@729,1%@729,59%@729,0%@729] GR3D_FREQ 96% cpu@62.843C soc2@61.812C soc0@62.531C gpu@63.531C tj@63.531C soc1@61.593C VDD_IN 16609mW/17062mW VDD_CPU_GPU_CV 7481mW/8019mW VDD_SOC 4008mW/3942mW
08-11-2026 21:15:13 RAM 6780/7607MB (lfb 2x1MB) SWAP 1362/16384MB (cached 120MB) CPU [3%@1267,5%@1267,4%@1267,3%@1267,68%@960,0%@960] GR3D_FREQ 98% cpu@62.593C soc2@61.843C soc0@62.531C gpu@63.75C tj@63.75C soc1@61.593C VDD_IN 16897mW/17061mW VDD_CPU_GPU_CV 7938mW/8019mW VDD_SOC 3883mW/3942mW
08-11-2026 21:15:14 RAM 6781/7607MB (lfb 2x1MB) SWAP 1362/16384MB (cached 120MB) CPU [73%@729,4%@729,5%@729,8%@729,5%@729,10%@729] GR3D_FREQ 99% cpu@62.718C soc2@61.906C soc0@62.593C gpu@64.312C tj@64.312C soc1@61.656C VDD_IN 17732mW/17062mW VDD_CPU_GPU_CV 8744mW/8020mW VDD_SOC 3962mW/3942mW
08-11-2026 21:15:15 RAM 6781/7607MB (lfb 2x1MB) SWAP 1362/16384MB (cached 120MB) CPU [11%@729,3%@729,3%@729,5%@729,57%@1344,0%@1344] GR3D_FREQ 98% cpu@62.593C soc2@61.843C soc0@62.593C gpu@64.312C tj@64.312C soc1@61.656C VDD_IN 17565mW/17063mW VDD_CPU_GPU_CV 8588mW/8021mW VDD_SOC 3923mW/3942mW
08-11-2026 21:15:16 RAM 6781/7607MB (lfb 2x1MB) SWAP 1362/16384MB (cached 120MB) CPU [5%@729,1%@729,2%@729,2%@729,7%@1113,58%@1113] GR3D_FREQ 98% cpu@62.625C soc2@61.781C soc0@62.656C gpu@64.406C tj@64.406C soc1@61.562C VDD_IN 17486mW/17063mW VDD_CPU_GPU_CV 8510mW/8021mW VDD_SOC 3923mW/3942mW
08-11-2026 21:15:17 RAM 6781/7607MB (lfb 2x1MB) SWAP 1362/16384MB (cached 120MB) CPU [3%@729,1%@729,2%@729,4%@729,2%@1344,61%@1344] GR3D_FREQ 89% cpu@62.75C soc2@61.781C soc0@62.531C gpu@64.25C tj@64.25C soc1@61.562C VDD_IN 17408mW/17064mW VDD_CPU_GPU_CV 8368mW/8022mW VDD_SOC 3962mW/3942mW
08-11-2026 21:15:18 RAM 6781/7607MB (lfb 2x1MB) SWAP 1362/16384MB (cached 120MB) CPU [2%@729,2%@729,2%@729,4%@729,0%@1344,63%@1344] GR3D_FREQ 98% cpu@62.968C soc2@61.875C soc0@62.5C gpu@64.375C tj@64.375C soc1@61.562C VDD_IN 17368mW/17064mW VDD_CPU_GPU_CV 8250mW/8022mW VDD_SOC 3962mW/3942mW
08-11-2026 21:15:19 RAM 6779/7607MB (lfb 2x1MB) SWAP 1362/16384MB (cached 120MB) CPU [14%@729,4%@729,13%@729,4%@729,0%@1344,62%@1344] GR3D_FREQ 98% cpu@62.75C soc2@61.843C soc0@62.593C gpu@64.062C tj@64.062C soc1@61.593C VDD_IN 17408mW/17064mW VDD_CPU_GPU_CV 8211mW/8022mW VDD_SOC 4001mW/3942mW
08-11-2026 21:15:20 RAM 6779/7607MB (lfb 2x1MB) SWAP 1362/16384MB (cached 120MB) CPU [2%@729,2%@729,3%@729,5%@729,0%@1344,61%@1344] GR3D_FREQ 89% cpu@63.031C soc2@61.875C soc0@62.593C gpu@64.031C tj@64.031C soc1@61.687C VDD_IN 17133mW/17064mW VDD_CPU_GPU_CV 7781mW/8022mW VDD_SOC 4080mW/3942mW
08-11-2026 21:15:21 RAM 6779/7607MB (lfb 2x1MB) SWAP 1362/16384MB (cached 120MB) CPU [7%@729,1%@729,1%@729,1%@729,0%@1344,64%@1344] GR3D_FREQ 98% cpu@62.781C soc2@61.875C soc0@62.625C gpu@64.031C tj@64.031C soc1@61.562C VDD_IN 17093mW/17064mW VDD_CPU_GPU_CV 7625mW/8021mW VDD_SOC 4158mW/3943mW
08-11-2026 21:15:22 RAM 6552/7607MB (lfb 4x1MB) SWAP 1362/16384MB (cached 120MB) CPU [7%@1344,5%@1344,14%@1344,4%@1344,2%@729,55%@729] GR3D_FREQ 0% cpu@63.031C soc2@61.687C soc0@62.531C gpu@62.718C tj@63.031C soc1@61.531C VDD_IN 14531mW/17062mW VDD_CPU_GPU_CV 6326mW/8019mW VDD_SOC 3548mW/3942mW
08-11-2026 21:15:23 RAM 6265/7607MB (lfb 9x4MB) SWAP 1362/16384MB (cached 120MB) CPU [7%@1113,19%@1113,6%@1113,7%@1113,40%@729,1%@729] GR3D_FREQ 0% cpu@62.062C soc2@60.843C soc0@62.093C gpu@61.656C tj@62.156C soc1@61.437C VDD_IN 6618mW/17050mW VDD_CPU_GPU_CV 1433mW/8012mW VDD_SOC 1831mW/3940mW
