timestamp,ram_used_mb,ram_total_mb,swap_used_mb,swap_total_mb,cpu0_util_pct,cpu0_freq_mhz,cpu1_util_pct,cpu1_freq_mhz,cpu2_util_pct,cpu2_freq_mhz,cpu3_util_pct,cpu3_freq_mhz,cpu4_util_pct,cpu4_freq_mhz,cpu5_util_pct,cpu5_freq_mhz,gr3d_freq_util_pct,temp_cpu_c,temp_soc2_c,temp_soc0_c,temp_gpu_c,temp_tj_c,temp_soc1_c,power_vdd_in_mw,power_vdd_cpu_gpu_cv_mw,power_vdd_soc_mw,elapsed_sec
2026-06-23T11:40:56.964378+00:00,2331,7607,751,20188,37,1344,32,1344,42,1344,4,1344,4,1113,2,1113,0,47.062,45.687,47.093,47.187,47.187,46.843,5617,921,1522,0.0
2026-06-23T11:40:58.491690+00:00,2880,7607,751,20188,30,1344,54,1344,31,1344,29,1344,35,806,35,806,5,47.281,45.718,47.062,47.218,47.281,46.875,6160,1357,1560,1.52
2026-06-23T11:41:00.016877+00:00,4164,7607,751,20188,25,1344,29,1344,86,1344,24,1344,26,729,30,729,0,47.531,45.781,47.187,47.812,47.812,46.968,6720,1597,1677,3.05
2026-06-23T11:41:01.540356+00:00,5548,7607,751,20188,5,1036,9,1036,2,1036,5,1036,100,1344,0,1344,97,48.031,46.656,47.593,49.718,49.718,47.093,15597,7584,3311,4.57
2026-06-23T11:41:03.064407+00:00,6448,7607,752,20188,4,1036,6,1036,0,1036,2,1036,100,1344,0,1344,98,48.312,47.062,47.875,50.437,50.437,47.406,16203,7846,3542,6.1
2026-06-23T11:41:04.587842+00:00,6449,7607,752,20188,0,1036,2,1036,5,1036,3,1036,63,729,0,729,99,48.531,47.593,48.375,50.187,50.187,47.812,16360,7532,3857,7.62
2026-06-23T11:41:06.109246+00:00,6450,7607,752,20188,2,1036,6,1036,0,1036,0,1036,52,1344,0,1344,98,49.437,48.0,48.75,51.218,51.218,48.093,16360,7140,4054,9.14
2026-06-23T11:41:07.633402+00:00,6450,7607,752,20188,4,1036,2,1036,0,1036,3,1036,100,1344,0,1344,98,49.625,48.281,49.125,51.625,51.625,48.468,17003,7990,3975,10.67
2026-06-23T11:41:09.156332+00:00,6451,7607,752,20188,8,729,0,1036,0,1036,3,1036,98,1344,0,1344,98,49.906,48.593,49.375,51.781,51.781,48.687,17397,8538,3929,12.19
2026-06-23T11:41:10.679036+00:00,6452,7607,752,20188,3,729,3,729,7,729,5,729,49,1113,1,1113,99,50.062,48.781,49.593,51.843,51.843,48.937,15479,6955,3824,13.71
2026-06-23T11:41:12.203464+00:00,6453,7607,752,20188,7,1036,5,1036,15,1036,5,1036,84,1344,0,1344,98,50.281,49.125,49.812,52.156,52.156,49.187,16558,7532,3975,15.24
2026-06-23T11:41:13.726692+00:00,6458,7607,752,20188,16,1113,22,1113,12,1113,20,1113,100,1344,0,1344,97,50.562,49.406,50.375,52.312,52.312,49.468,15966,7348,3778,16.76
2026-06-23T11:41:15.248895+00:00,6459,7607,752,20188,2,729,0,729,1,729,2,729,100,1344,1,1344,97,51.062,49.843,50.468,52.75,52.75,49.875,17357,8460,3929,18.28
2026-06-23T11:41:16.773070+00:00,6460,7607,752,20188,1,960,5,960,4,960,0,960,49,729,0,729,49,51.25,49.968,50.812,52.468,52.468,50.125,15400,6876,3784,19.81
2026-06-23T11:41:18.295594+00:00,6461,7607,752,20188,4,1036,2,1036,2,1036,2,1036,75,1344,0,1344,98,51.437,50.25,51.0,52.968,52.968,50.25,16636,7493,4014,21.33
2026-06-23T11:41:19.817283+00:00,6461,7607,752,20188,100,1344,4,1344,1,1344,1,1344,0,729,0,729,98,51.937,50.875,51.312,53.562,53.562,50.531,17160,8225,3968,22.85
2026-06-23T11:41:21.339378+00:00,6461,7607,752,20188,78,1344,4,1344,2,1344,1,1344,0,729,2,729,99,52.218,50.937,51.812,53.687,53.687,51.031,17515,8303,4086,24.37
2026-06-23T11:41:22.861140+00:00,6462,7607,752,20188,50,1344,0,1344,1,1344,1,1344,6,729,0,729,98,52.375,51.093,51.781,53.906,53.906,51.187,16163,6826,4132,25.89
2026-06-23T11:41:24.384210+00:00,6463,7607,752,20188,100,1344,2,1344,3,1344,1,1344,0,729,2,729,97,52.687,51.531,52.093,54.093,54.093,51.343,17003,7951,4008,27.42
2026-06-23T11:41:25.906884+00:00,6463,7607,752,20188,2,729,1,729,3,729,7,729,0,1344,100,1344,97,52.812,51.718,52.562,54.562,54.562,51.656,17475,8460,3968,28.94
2026-06-23T11:41:27.429691+00:00,6464,7607,752,20188,7,729,5,729,0,1036,2,1036,0,729,50,729,51,52.906,51.875,52.75,54.406,54.406,51.781,15597,6955,3824,30.46
2026-06-23T11:41:28.952827+00:00,6464,7607,752,20188,5,1036,1,1036,7,1036,0,1036,0,1344,74,1344,98,53.375,52.125,52.906,54.625,54.875,52.281,16794,7559,4054,31.99
2026-06-23T11:41:30.475967+00:00,6465,7607,752,20188,2,1036,2,1036,5,1036,3,1036,0,1344,100,1344,98,53.562,52.375,53.0,55.187,55.187,52.312,17279,8303,3968,33.51
2026-06-23T11:41:31.999069+00:00,6466,7607,752,20188,3,729,1,729,11,729,4,729,0,729,73,729,99,53.687,52.625,53.281,55.437,55.437,52.687,17436,8225,4086,35.03
2026-06-23T11:41:33.522088+00:00,6467,7607,752,20188,4,1036,3,1036,2,1036,7,1036,0,1344,49,1344,98,53.968,52.812,53.437,55.25,55.25,52.75,16163,6826,4132,36.56
2026-06-23T11:41:35.045319+00:00,6468,7607,752,20188,2,1036,0,1036,7,1036,0,1036,0,1344,100,1344,97,54.031,53.062,53.781,55.843,55.843,53.0,17042,8029,3929,38.08
2026-06-23T11:41:36.568684+00:00,6467,7607,752,20188,4,1344,1,1344,3,1344,7,1344,0,1344,100,1344,97,54.406,53.343,54.0,55.812,55.812,53.343,17357,8499,3890,39.6
2026-06-23T11:41:38.091988+00:00,6468,7607,752,20188,3,1036,0,1036,2,1036,0,1036,0,729,48,729,99,54.343,53.468,54.093,55.75,55.75,53.468,15597,7073,3745,41.13
2026-06-23T11:41:39.615522+00:00,6469,7607,752,20188,5,729,3,729,4,729,0,729,0,1344,72,1344,97,54.687,53.531,54.281,56.062,56.062,53.625,16479,7375,3936,42.65
2026-06-23T11:41:41.138540+00:00,6469,7607,752,20188,0,729,0,729,7,729,0,729,0,1344,100,1344,97,54.843,53.812,54.406,56.437,56.437,53.718,17239,8264,3890,44.17
2026-06-23T11:41:42.662575+00:00,6470,7607,752,20188,2,1036,2,1036,5,1036,4,1036,0,729,78,729,98,54.875,54.125,54.812,56.437,56.437,53.875,17554,8460,4008,45.7
2026-06-23T11:41:44.185754+00:00,6471,7607,752,20188,2,1036,1,1036,0,1036,6,1036,0,1344,49,1344,97,55.156,54.125,54.937,56.406,56.406,54.093,16163,6865,4054,47.22
2026-06-23T11:41:45.709352+00:00,6471,7607,752,20188,4,1036,3,1036,2,1036,2,1036,0,1344,100,1344,97,55.156,54.25,55.062,56.718,56.718,54.437,17003,7990,3929,48.74
2026-06-23T11:41:47.233197+00:00,6472,7607,752,20188,1,1036,7,1036,1,1036,3,1036,0,1344,100,1344,98,55.843,54.468,55.093,57.187,57.187,54.437,17436,8538,3890,50.27
2026-06-23T11:41:48.759997+00:00,6474,7607,752,20188,5,960,7,960,3,960,3,960,0,806,51,806,99,55.687,54.5,55.406,56.75,56.75,54.687,15690,7191,3745,51.79
2026-06-23T11:41:50.282500+00:00,6474,7607,752,20188,5,1036,8,1036,2,1036,2,1036,1,1344,82,1344,97,55.968,54.812,55.406,57.125,57.125,54.781,16885,7755,3968,53.32
2026-06-23T11:41:51.806056+00:00,6475,7607,752,20188,0,1036,7,1036,3,1036,0,1036,0,1344,100,1344,98,55.937,54.906,55.593,57.343,57.343,54.875,17397,8421,3929,54.84
2026-06-23T11:41:53.329028+00:00,6475,7607,752,20188,2,1036,6,1036,9,1036,0,1036,0,729,66,729,99,55.843,55.156,55.843,57.093,57.093,54.968,16964,7951,3929,56.36
2026-06-23T11:41:54.851951+00:00,6477,7607,752,20188,1,1036,0,1036,0,1036,0,1036,0,1344,48,1344,97,56.531,55.218,55.906,57.312,57.312,55.343,16321,7100,4054,57.89
2026-06-23T11:41:56.375646+00:00,6477,7607,752,20188,4,1344,2,1344,6,1344,2,1344,0,1344,100,1344,98,56.5,55.406,56.093,57.656,57.656,55.406,17082,8107,3929,59.41
2026-06-23T11:41:57.898819+00:00,6478,7607,752,20188,0,729,5,729,2,729,0,729,0,1344,94,1344,97,56.718,55.531,56.187,57.781,57.781,55.468,17515,8602,3890,60.93
2026-06-23T11:41:59.421395+00:00,6479,7607,752,20188,0,1344,2,1344,5,1344,3,1344,50,1190,0,1190,99,56.5,55.531,56.312,57.593,57.593,55.531,15690,7033,3824,62.45
2026-06-23T11:42:00.943799+00:00,6480,7607,752,20188,0,1036,0,1036,1,1036,4,1036,84,1344,0,1344,97,56.562,55.812,56.562,58.031,58.031,55.593,16885,7794,3968,63.98
2026-06-23T11:42:02.467015+00:00,6481,7607,752,20188,3,729,3,729,3,729,2,729,100,1344,1,1344,98,57.0,56.0,56.625,58.093,58.093,55.781,17318,8421,3890,65.5
2026-06-23T11:42:03.990115+00:00,6481,7607,752,20188,0,1036,0,1036,6,1036,0,1036,61,729,0,729,99,57.031,55.937,56.75,57.718,57.718,55.968,16479,7650,3857,67.02
2026-06-23T11:42:05.512811+00:00,6482,7607,752,20188,5,1036,5,1036,3,1036,2,1036,52,1344,0,1344,97,57.031,56.0,56.75,58.093,58.093,56.093,16360,7140,4014,68.55
2026-06-23T11:42:07.035178+00:00,6483,7607,752,20188,1,1036,0,1036,5,1036,0,1036,100,1344,0,1344,97,57.062,56.187,56.843,58.5,58.5,56.062,17121,8146,3929,70.07
2026-06-23T11:42:08.558188+00:00,6483,7607,752,20188,5,729,7,729,3,1036,5,1036,100,1344,0,1344,97,57.156,56.406,57.187,58.656,58.656,56.187,17436,8524,3890,71.59
2026-06-23T11:42:10.081587+00:00,6484,7607,752,20188,5,1036,1,1036,0,1036,2,1036,50,1267,0,1267,99,57.593,56.437,57.125,58.125,58.125,56.343,15769,7073,3857,73.11
2026-06-23T11:42:11.603819+00:00,6485,7607,752,20188,2,1036,5,1036,9,1036,2,1036,84,1344,0,1344,97,57.468,56.5,57.187,58.843,58.843,56.5,16728,7676,3975,74.64
2026-06-23T11:42:13.126552+00:00,6485,7607,752,20188,3,1036,5,1036,3,1036,0,1036,100,1344,0,1344,97,57.593,56.593,57.281,58.968,58.968,56.531,17436,8446,3929,76.16
2026-06-23T11:42:14.648868+00:00,6486,7607,752,20188,5,1344,2,1344,5,1344,2,1344,64,729,0,729,99,57.375,56.781,57.656,58.312,58.312,56.593,16570,7728,3857,77.68
2026-06-23T11:42:16.172814+00:00,6487,7607,752,20188,1,1036,6,1036,5,1036,1,1036,54,1344,0,1344,97,58.031,56.875,57.593,58.968,58.968,56.75,16597,7336,4054,79.21
2026-06-23T11:42:17.696565+00:00,6487,7607,752,20188,4,1036,4,1036,2,1036,4,1036,100,1344,0,1344,97,58.062,56.937,57.656,59.187,59.187,57.0,17160,8186,3929,80.73
2026-06-23T11:42:19.219690+00:00,6488,7607,752,20188,0,1036,4,1036,0,1036,2,1036,92,1344,0,1344,97,58.125,57.125,57.843,59.218,59.218,57.031,17475,8499,3929,82.25
2026-06-23T11:42:20.742655+00:00,6489,7607,752,20188,0,1036,3,1036,5,1036,3,1036,49,1344,0,1344,99,58.125,57.187,57.843,59.0,59.0,57.125,15769,6876,3896,83.78
2026-06-23T11:42:22.266787+00:00,6489,7607,752,20188,3,1344,2,1344,15,1344,2,1344,88,1344,0,1344,98,58.187,57.218,57.906,59.437,59.437,57.156,16964,7872,3968,85.3
2026-06-23T11:42:23.791910+00:00,6490,7607,752,20188,3,1036,0,1036,0,1036,0,1036,100,1344,0,1344,98,58.187,57.343,58.062,59.906,59.906,57.25,17397,8499,3929,86.82
2026-06-23T11:42:25.314154+00:00,6490,7607,752,20188,7,729,4,729,8,729,2,729,57,729,0,729,99,58.218,57.437,58.312,58.968,58.968,57.375,16203,7532,3817,88.35
2026-06-23T11:42:26.837651+00:00,6491,7607,752,20188,2,1036,0,1036,0,1036,0,1036,56,1344,0,1344,97,58.406,57.5,58.218,59.718,59.718,57.625,16558,7336,4054,89.87
2026-06-23T11:42:28.359986+00:00,6492,7607,752,20188,5,729,3,1036,2,1036,10,1036,100,1344,0,1344,98,58.468,57.531,58.25,60.031,60.031,57.468,17121,8146,3929,91.39
2026-06-23T11:42:29.882409+00:00,6492,7607,752,20188,0,1344,3,1344,0,1344,0,1344,92,1344,0,1344,96,58.531,57.656,58.312,59.937,59.937,57.593,17436,8485,3929,92.92
2026-06-23T11:42:31.405282+00:00,6493,7607,752,20188,5,1036,4,1036,2,1036,8,1036,52,1344,0,1344,99,58.593,57.875,58.593,59.468,59.468,57.593,15966,6944,3975,94.44
2026-06-23T11:42:32.928030+00:00,6494,7607,752,20188,1,1344,1,1344,1,1344,0,1344,95,1344,1,1344,98,58.562,57.843,58.562,60.218,60.218,57.593,17121,7990,4008,95.96
2026-06-23T11:42:34.450595+00:00,6494,7607,752,20188,7,729,8,729,2,729,7,729,100,1344,0,1344,99,58.843,57.937,58.531,60.218,60.218,57.843,17357,8421,3929,97.48
2026-06-23T11:42:35.973678+00:00,6495,7607,752,20188,2,1036,2,1036,0,1036,0,1036,53,729,0,729,98,58.718,57.937,58.687,59.843,59.843,57.937,15927,7297,3817,99.01
2026-06-23T11:42:37.495783+00:00,6498,7607,752,20188,5,1036,5,1036,5,1036,7,1036,65,1344,0,1344,97,58.75,57.968,58.593,59.937,59.937,57.875,16609,7414,4014,100.53
2026-06-23T11:42:39.018140+00:00,6498,7607,752,20188,1,1344,100,1344,0,1344,0,1344,0,729,0,729,98,58.906,58.281,58.875,60.468,60.468,57.843,17318,8264,3968,102.05
2026-06-23T11:42:40.540305+00:00,6499,7607,752,20188,3,1344,82,1344,0,1344,7,1344,0,729,1,729,99,59.25,58.281,58.781,60.812,60.812,58.093,17722,8602,4047,103.57
2026-06-23T11:42:42.062509+00:00,6501,7607,752,20188,0,1344,50,1344,0,1344,0,1344,0,729,0,729,99,59.093,58.156,58.781,59.937,59.937,58.125,16203,6826,4093,105.1
2026-06-23T11:42:43.585199+00:00,6502,7607,752,20188,4,1344,100,1344,5,1344,4,1344,0,729,0,729,97,59.156,58.218,58.906,60.343,60.343,58.093,17082,8029,3968,106.62
2026-06-23T11:42:45.107397+00:00,6502,7607,752,20188,100,1344,1,1344,4,1344,0,1344,0,729,0,729,98,59.218,58.468,59.156,60.875,60.875,58.125,17554,8563,3929,108.14
2026-06-23T11:42:46.629492+00:00,6503,7607,752,20188,52,1344,2,1344,2,1344,5,1344,0,729,1,729,99,59.375,58.375,59.187,60.062,60.062,58.312,15730,7100,3778,109.66
2026-06-23T11:42:48.151864+00:00,6500,7607,752,20188,14,729,1,1036,5,1036,1,1036,62,1344,0,1344,97,59.437,58.375,59.156,60.562,60.562,58.281,16846,7676,4008,111.18
2026-06-23T11:42:49.675550+00:00,6501,7607,752,20188,2,1036,7,1036,2,1036,4,1036,100,1344,0,1344,97,59.281,58.562,59.25,60.718,60.718,58.406,17357,8381,3929,112.71
2026-06-23T11:42:51.199464+00:00,6502,7607,752,20188,0,1036,1,1036,0,1036,5,1036,69,729,0,729,99,59.375,58.625,59.375,60.437,60.437,58.437,17160,8107,4008,114.23
2026-06-23T11:42:52.722194+00:00,6503,7607,752,20188,3,1036,4,1036,2,1036,4,1036,48,1344,0,1344,98,59.375,58.531,59.437,60.906,60.906,58.437,16452,7179,4054,115.76
2026-06-23T11:42:54.246857+00:00,6503,7607,752,20188,2,1036,9,1036,6,1036,1,1036,100,1344,0,1344,97,59.687,58.75,59.437,60.875,60.875,58.593,17357,8250,3968,117.28
2026-06-23T11:42:55.770125+00:00,6504,7607,752,20188,5,729,3,729,3,1036,0,1036,98,1344,0,1344,98,59.687,58.812,59.437,61.156,61.156,58.718,17565,8681,3929,118.8
2026-06-23T11:42:57.292730+00:00,6505,7607,752,20188,6,1113,1,1113,1,1113,3,1113,52,1344,1,1344,99,59.718,58.843,59.562,60.687,60.687,58.687,16203,7100,3975,120.33
2026-06-23T11:42:58.816428+00:00,6505,7607,752,20188,0,960,1,960,2,960,0,960,86,1344,0,1344,98,59.593,58.75,59.531,61.218,61.218,58.718,16846,7755,3968,121.85
2026-06-23T11:43:00.339610+00:00,6506,7607,752,20188,5,1036,5,1036,4,1036,8,1036,100,1344,0,1344,97,59.656,58.906,59.656,61.25,61.25,58.75,17397,8485,3929,123.37
2026-06-23T11:43:01.863283+00:00,6507,7607,752,20188,0,1036,0,1036,1,1036,0,1036,56,729,0,729,99,59.687,58.968,59.687,60.781,60.781,58.687,16400,7571,3896,124.9
2026-06-23T11:43:03.386556+00:00,6508,7607,752,20188,2,729,6,729,7,729,6,729,64,1344,0,1344,97,59.843,59.0,59.687,61.062,61.062,59.0,16518,7336,4014,126.42
2026-06-23T11:43:04.909675+00:00,6509,7607,752,20188,0,729,2,1036,1,1036,0,1036,100,1344,4,1344,98,59.906,59.062,59.718,61.343,61.343,58.937,17436,8329,3968,127.94
2026-06-23T11:43:06.432680+00:00,6509,7607,752,20188,4,1036,0,1036,3,1036,2,1036,80,1344,3,1344,97,60.062,59.156,59.781,61.343,61.343,59.0,17683,8485,4040,129.47
2026-06-23T11:43:07.956389+00:00,6510,7607,752,20188,2,1036,1,1036,1,1036,0,1036,0,1344,50,1344,97,60.093,59.093,59.812,61.062,61.062,59.0,16360,6983,4093,130.99
2026-06-23T11:43:09.479789+00:00,6511,7607,752,20188,9,1036,0,1036,2,1036,9,1036,1,1344,100,1344,97,59.906,59.218,59.968,61.406,61.406,58.968,17200,8029,3968,132.51
2026-06-23T11:43:11.003663+00:00,6511,7607,752,20188,0,1036,1,1036,0,1036,0,1036,0,1344,100,1344,97,60.0,59.343,59.937,61.5,61.5,59.093,17604,8602,3929,134.04
2026-06-23T11:43:12.526785+00:00,6512,7607,752,20188,4,1036,3,1036,5,1036,6,1036,0,729,46,729,99,59.875,59.187,60.031,61.093,61.093,59.187,15493,6994,3745,135.56
2026-06-23T11:43:14.049495+00:00,6513,7607,752,20188,3,1344,0,1036,1,1036,0,1036,0,1344,78,1344,98,60.375,59.312,59.906,61.375,61.375,59.187,16885,7716,4008,137.08
2026-06-23T11:43:15.572299+00:00,6513,7607,752,20188,6,1036,4,1036,8,1036,5,1036,0,1344,100,1344,97,60.156,59.343,59.937,61.531,61.531,59.218,17397,8329,3929,138.61
2026-06-23T11:43:17.094703+00:00,6514,7607,752,20188,0,729,0,729,0,729,0,729,0,729,70,729,99,60.125,59.375,60.187,61.406,61.406,59.25,17357,8225,4008,140.13
2026-06-23T11:43:18.618484+00:00,6515,7607,752,20188,7,729,2,1036,7,1036,6,1036,0,1344,48,1344,97,60.218,59.406,60.187,61.312,61.312,59.187,16439,7100,4054,141.65
2026-06-23T11:43:20.142367+00:00,6515,7607,752,20188,0,729,1,729,0,729,0,729,0,1344,100,1344,97,60.593,59.5,60.125,61.875,61.875,59.343,17357,8264,3968,143.18
2026-06-23T11:43:21.665531+00:00,6516,7607,752,20188,9,1036,4,1036,4,1036,2,1036,2,1344,98,1344,97,60.468,59.531,60.156,62.031,62.031,59.406,17565,8641,3929,144.7
2026-06-23T11:43:23.188338+00:00,6517,7607,752,20188,1,1036,0,1036,0,1036,0,1036,0,1344,48,1344,99,60.5,59.468,60.187,61.218,61.218,59.312,15809,7061,3857,146.22
2026-06-23T11:43:24.711776+00:00,6518,7607,752,20188,4,729,6,1036,4,1036,5,1036,0,1344,86,1344,98,60.5,59.5,60.125,61.843,61.843,59.343,16964,7833,4008,147.74
2026-06-23T11:43:26.233733+00:00,6518,7607,752,20188,1,729,0,1036,0,1036,3,1036,0,1344,100,1344,97,60.218,59.562,60.281,61.656,61.656,59.312,17554,8524,3968,149.27
2026-06-23T11:43:27.757835+00:00,6519,7607,752,20188,4,1036,2,1036,2,1036,6,1036,0,729,62,729,99,60.406,59.562,60.281,61.343,61.343,59.531,16649,7755,3890,150.79
2026-06-23T11:43:29.280585+00:00,6520,7607,752,20188,0,1344,0,1344,3,1344,1,1344,2,1344,54,1344,97,60.687,59.562,60.25,61.875,61.875,59.468,16688,7402,4047,152.31
2026-06-23T11:43:30.807748+00:00,6520,7607,752,20188,7,729,1,729,1,729,0,729,0,1344,100,1344,97,60.593,59.593,60.281,61.843,61.843,59.437,17318,8303,3968,153.84
2026-06-23T11:43:32.329940+00:00,6521,7607,752,20188,4,729,3,729,4,729,4,729,0,960,90,960,98,60.625,59.687,60.343,61.531,61.531,59.437,17526,8524,3929,155.36
2026-06-23T11:43:33.851860+00:00,6522,7607,752,20188,3,960,0,960,1,960,0,960,0,1344,50,1344,99,60.718,59.687,60.468,61.125,61.125,59.468,16045,6904,4014,156.89
2026-06-23T11:43:35.375515+00:00,6523,7607,752,20188,4,1036,4,1036,2,1036,2,1036,0,1344,96,1344,96,60.625,59.687,60.437,61.656,61.656,59.437,16964,7872,3968,158.41
2026-06-23T11:43:36.898143+00:00,6523,7607,752,20188,2,729,1,729,0,729,0,729,0,1344,100,1344,99,60.75,59.75,60.406,61.968,61.968,59.718,17515,8485,3968,159.93
2026-06-23T11:43:38.420851+00:00,6524,7607,752,20188,5,1036,0,1036,2,1036,1,1036,4,729,54,729,99,60.593,59.656,60.375,61.468,61.468,59.593,15966,7297,3817,161.45
2026-06-23T11:43:39.945414+00:00,6525,7607,752,20188,0,960,3,960,0,960,1,960,0,1344,66,1344,98,60.687,59.656,60.468,61.875,61.875,59.562,16767,7481,4047,162.98
2026-06-23T11:43:41.468353+00:00,6525,7607,752,20188,7,729,2,1036,4,1036,3,1036,0,1344,100,1344,98,60.656,59.687,60.406,61.906,61.906,59.562,17318,8264,3968,164.5
2026-06-23T11:43:42.992014+00:00,6526,7607,752,20188,0,729,0,729,1,1036,3,1036,0,1344,84,1344,99,60.593,59.906,60.562,62.031,62.031,59.625,17801,8720,4001,166.03
2026-06-23T11:43:44.515145+00:00,6527,7607,752,20188,4,729,3,729,6,729,2,729,0,1344,48,1344,99,60.906,59.906,60.593,61.156,61.156,59.812,16163,6708,4132,167.55
2026-06-23T11:43:46.038120+00:00,6527,7607,752,20188,0,1036,0,1036,0,1036,1,1036,0,1344,100,1344,98,60.781,59.812,60.593,62.343,62.343,59.718,17121,7990,4008,169.07
2026-06-23T11:43:47.561226+00:00,6528,7607,752,20188,2,729,6,1036,7,1036,2,1036,0,1344,100,1344,97,60.843,59.875,60.593,61.968,61.968,59.687,17447,8485,3929,170.59
2026-06-23T11:43:49.085366+00:00,6529,7607,752,20188,1,1036,1,1036,1,1036,6,1036,0,729,51,729,95,60.5,59.781,60.625,61.718,61.718,59.75,15690,7061,3778,172.12
2026-06-23T11:43:50.608874+00:00,6529,7607,752,20188,9,883,3,1036,2,1036,2,1036,0,1344,73,1344,97,60.687,59.906,60.437,62.093,62.093,59.781,16767,7520,4047,173.64
2026-06-23T11:43:52.131963+00:00,6530,7607,752,20188,0,729,1,729,1,729,0,729,0,1344,100,1344,97,60.687,60.062,60.75,62.281,62.281,59.75,17447,8407,3968,175.17
2026-06-23T11:43:53.655247+00:00,6530,7607,752,20188,9,1036,5,1036,2,1036,2,1036,0,729,76,729,99,60.781,60.031,60.718,62.156,62.156,59.906,17643,8446,4080,176.69
2026-06-23T11:43:55.177476+00:00,6531,7607,752,20188,0,1036,3,1036,1,1036,0,1036,0,1344,52,1344,98,61.125,59.968,60.718,62.062,62.062,59.843,16570,7167,4126,178.21
2026-06-23T11:43:56.699925+00:00,6532,7607,752,20188,5,1036,4,1036,9,1036,2,1036,0,1344,100,1344,98,60.843,60.031,60.656,62.375,62.375,59.812,17200,8107,3968,179.73
2026-06-23T11:43:58.222500+00:00,6532,7607,752,20188,1,729,0,729,0,729,0,729,0,1344,100,1344,98,60.781,60.093,60.875,62.656,62.656,59.875,17604,8641,3923,181.26
2026-06-23T11:43:59.746158+00:00,6530,7607,752,20188,5,1344,7,1344,6,1344,3,1344,0,729,51,729,99,60.781,59.968,60.781,62.062,62.062,60.0,15769,7140,3778,182.78
2026-06-23T11:44:01.270201+00:00,6531,7607,752,20188,0,729,0,1036,3,1036,1,1036,0,1344,78,1344,98,60.781,60.031,60.781,62.187,62.187,59.937,16924,7716,4047,184.3
2026-06-23T11:44:02.794105+00:00,6531,7607,752,20188,4,1036,8,1036,4,1036,2,1036,0,1344,100,1344,98,61.156,60.125,60.718,62.312,62.312,59.968,17397,8407,3929,185.83
2026-06-23T11:44:04.317174+00:00,6532,7607,752,20188,1,729,0,729,0,729,3,729,0,729,68,729,99,60.843,60.156,60.812,61.875,61.875,59.906,17121,8107,4008,187.35
2026-06-23T11:44:05.840848+00:00,6533,7607,752,20188,7,960,0,960,1,960,0,960,0,1344,44,1344,97,61.125,60.093,60.812,62.031,62.031,59.843,16242,6944,4054,188.87
2026-06-23T11:44:07.363838+00:00,6534,7607,752,20188,4,1036,0,1036,3,1036,4,1036,0,1344,100,1344,97,60.968,60.156,60.968,62.156,62.156,60.0,17160,8068,3968,190.4
2026-06-23T11:44:08.886668+00:00,6534,7607,752,20188,1,1036,7,1036,1,1036,1,1036,0,1344,100,1344,97,60.875,60.187,60.875,62.406,62.406,60.156,17643,8681,3923,191.92
2026-06-23T11:44:10.409736+00:00,6536,7607,752,20188,2,1036,2,1036,5,1036,1,1036,0,1344,52,1344,99,61.312,60.187,60.968,62.281,62.281,60.125,15966,7140,3896,193.44
2026-06-23T11:44:11.932702+00:00,6536,7607,752,20188,2,1036,0,1036,3,1036,6,1036,0,1344,86,1344,97,61.156,60.187,60.906,62.25,62.25,60.093,17003,7872,4008,194.97
2026-06-23T11:44:13.456095+00:00,6621,7607,752,20188,14,1344,19,1344,31,1344,10,1344,0,729,24,729,0,60.312,59.468,60.5,60.0,60.5,59.906,7974,2229,2189,196.49
2026-06-23T11:44:14.980642+00:00,7027,7607,754,20188,0,1344,1,1344,1,1344,100,1344,0,729,0,729,97,60.375,59.468,60.312,62.0,62.0,59.75,14650,6955,3080,198.01
2026-06-23T11:44:16.502323+00:00,7026,7607,754,20188,4,1344,6,1344,2,1344,100,1344,0,729,1,729,97,60.656,59.843,60.625,61.875,61.875,59.843,17329,8485,3890,199.54
2026-06-23T11:44:18.023727+00:00,7027,7607,754,20188,1,1190,3,1190,1,1190,52,1190,0,729,0,729,99,60.875,59.968,60.656,61.812,61.812,59.906,15966,7257,3857,201.06
2026-06-23T11:44:19.546304+00:00,7027,7607,754,20188,2,1344,9,1344,4,1344,84,1344,0,729,0,729,97,60.843,60.031,60.593,62.031,62.031,59.812,16924,7794,4008,202.58
2026-06-23T11:44:21.067692+00:00,7027,7607,754,20188,0,1344,1,1344,0,1344,100,1344,9,729,0,729,98,60.906,60.031,60.75,62.218,62.218,59.812,17486,8485,3968,204.1
2026-06-23T11:44:22.589766+00:00,7027,7607,754,20188,2,1036,4,1036,4,1036,66,1036,0,729,2,729,99,60.687,60.062,60.718,61.875,61.875,59.906,17082,7990,3968,205.62
2026-06-23T11:44:24.111431+00:00,7027,7607,754,20188,0,1344,1,1344,1,1344,47,1344,0,729,0,729,98,61.0,60.0,60.656,62.187,62.187,59.875,16452,7140,4086,207.14
2026-06-23T11:44:25.633747+00:00,7027,7607,754,20188,5,1344,4,1344,5,1344,100,1344,0,729,3,729,97,61.125,60.062,60.718,62.5,62.5,59.875,17200,8172,3968,208.67
2026-06-23T11:44:27.154650+00:00,7027,7607,754,20188,0,1344,0,1344,7,1344,100,1344,0,729,0,729,97,60.968,60.156,60.781,62.343,62.343,59.812,17565,8602,3923,210.19
2026-06-23T11:44:28.676634+00:00,7027,7607,754,20188,16,1036,0,1036,3,1036,46,1036,1,729,3,729,99,60.906,60.156,60.718,61.875,61.875,59.906,15927,7297,3817,211.71
2026-06-23T11:44:30.198469+00:00,7027,7607,754,20188,0,1344,0,1344,1,1344,76,1344,0,729,0,729,98,61.156,60.156,60.781,62.281,62.281,59.937,16728,7559,4008,213.23
2026-06-23T11:44:31.719914+00:00,7027,7607,754,20188,0,1344,4,1344,3,1344,100,1344,2,729,6,729,97,61.0,60.187,60.937,62.5,62.5,59.906,17475,8368,3968,214.75
2026-06-23T11:44:33.242328+00:00,7027,7607,754,20188,0,729,0,729,1,729,76,729,0,729,0,729,99,61.25,60.25,60.906,62.281,62.281,60.093,17761,8446,4119,216.28
2026-06-23T11:44:34.763993+00:00,7027,7607,754,20188,3,1344,4,1344,3,1344,51,1344,3,729,1,729,97,61.218,60.125,60.75,62.125,62.125,60.031,16360,6904,4093,217.8
2026-06-23T11:44:36.287208+00:00,7028,7607,754,20188,1,1344,0,1344,0,1344,100,1344,0,729,2,729,97,61.25,60.156,60.843,62.562,62.562,59.968,17408,8250,4008,219.32
2026-06-23T11:44:37.808669+00:00,7028,7607,754,20188,2,1344,4,1344,3,1344,100,1344,2,729,5,729,97,61.093,60.187,60.906,62.812,62.812,59.968,17604,8641,3923,220.84
2026-06-23T11:44:39.330238+00:00,7028,7607,754,20188,2,1344,0,1344,1,1344,56,1344,0,729,0,729,99,61.281,60.312,61.0,61.875,61.875,60.125,16334,7363,3975,222.36
2026-06-23T11:44:40.852957+00:00,7028,7607,754,20188,1,1344,2,1344,1,1344,86,1344,8,729,1,729,98,61.531,60.25,60.906,62.687,62.687,60.156,17042,7911,4008,223.89
2026-06-23T11:44:42.374441+00:00,7029,7607,754,20188,5,1344,0,1344,3,1344,100,1344,0,729,2,729,97,61.156,60.312,60.875,62.343,62.343,60.093,17447,8446,3923,225.41
2026-06-23T11:44:43.896721+00:00,7029,7607,754,20188,1,1036,5,1036,0,1036,61,1036,0,729,0,729,99,60.875,60.25,61.0,61.718,61.718,60.031,16373,7598,3857,226.93
2026-06-23T11:44:45.418355+00:00,7030,7607,754,20188,0,1344,1,1344,4,1344,54,1344,0,729,0,729,97,61.281,60.187,61.031,62.375,62.375,60.156,16491,7246,4047,228.45
2026-06-23T11:44:46.939659+00:00,7031,7607,754,20188,7,1344,1,1344,1,1344,100,1344,0,729,1,729,97,61.375,60.312,61.0,62.718,62.718,60.187,17408,8329,3968,229.97
2026-06-23T11:44:48.461429+00:00,7031,7607,754,20188,4,1344,0,1344,3,1344,92,1344,2,729,1,729,97,61.187,60.437,61.156,62.781,62.781,60.125,17447,8485,3923,231.49
2026-06-23T11:44:49.982932+00:00,7032,7607,754,20188,6,1344,1,1344,0,1344,50,1344,0,729,0,729,99,61.437,60.406,60.968,62.343,62.343,60.281,16045,6983,3975,233.02
2026-06-23T11:44:51.504786+00:00,7033,7607,754,20188,2,1344,3,1344,2,1344,90,1344,0,729,0,729,97,61.406,60.406,60.968,62.468,62.468,60.218,17003,7872,4008,234.54
2026-06-23T11:44:53.026226+00:00,7033,7607,754,20188,8,1344,0,1344,3,1344,100,1344,0,729,0,729,97,61.343,60.437,61.156,62.593,62.593,60.187,17447,8446,3968,236.06
2026-06-23T11:44:54.548648+00:00,7033,7607,754,20188,2,1036,5,1036,0,1036,59,1036,1,729,2,729,99,61.125,60.343,61.093,61.906,61.781,60.125,16334,7611,3857,237.58
2026-06-23T11:44:56.070523+00:00,7034,7607,754,20188,7,1344,2,1344,0,1344,54,1344,1,729,0,729,97,61.625,60.437,61.031,62.468,62.468,60.375,16649,7363,4047,239.1
2026-06-23T11:44:57.592158+00:00,7035,7607,754,20188,0,1344,3,1344,0,1344,100,1344,1,729,3,729,97,61.25,60.312,61.031,62.656,62.656,60.218,17160,8146,3968,240.63
2026-06-23T11:44:59.113498+00:00,7035,7607,754,20188,0,1344,2,1344,2,1344,98,1344,0,729,1,729,97,61.281,60.468,61.281,62.843,62.843,60.25,17604,8681,3923,242.15
2026-06-23T11:45:00.634851+00:00,7040,7607,754,20188,2,1344,7,1344,0,1344,48,1344,0,729,0,729,99,61.312,60.343,61.187,62.5,62.5,60.375,15927,7140,3896,243.67
2026-06-23T11:45:02.156868+00:00,7041,7607,754,20188,5,1344,1,1344,0,1344,84,1344,0,729,0,729,98,61.437,60.468,61.062,62.562,62.562,60.343,17042,7911,4008,245.19
2026-06-23T11:45:03.678177+00:00,7041,7607,754,20188,2,1344,9,1344,2,1344,100,1344,0,729,2,729,97,61.468,60.562,61.218,62.625,62.625,60.281,17526,8524,3962,246.71
2026-06-23T11:45:05.200716+00:00,7042,7607,754,20188,0,1036,0,1036,0,1036,61,1036,0,729,1,729,99,61.281,60.5,61.187,61.937,61.937,60.281,16373,7637,3851,248.23
2026-06-23T11:45:06.723158+00:00,7043,7607,754,20188,2,1344,5,1344,0,1344,60,1344,6,729,3,729,97,61.593,60.5,61.187,62.781,62.531,60.406,16688,7441,4047,249.76
2026-06-23T11:45:08.244895+00:00,7043,7607,754,20188,0,1344,0,1344,0,1344,100,1344,1,729,1,729,98,61.562,60.562,61.093,62.812,62.812,60.343,17447,8329,4001,251.28
2026-06-23T11:45:09.767631+00:00,7044,7607,754,20188,2,1190,0,1190,2,1190,86,1190,2,729,11,729,99,61.312,60.593,61.156,63.093,63.093,60.343,17683,8641,3962,252.8
2026-06-23T11:45:11.289387+00:00,7047,7607,754,20188,0,1344,0,1344,0,1344,51,1344,1,729,3,729,99,61.656,60.625,61.343,62.593,62.593,60.5,16373,6944,4126,254.32
2026-06-23T11:45:12.811276+00:00,7048,7607,754,20188,16,1344,2,1344,4,1344,100,1344,0,729,0,729,97,61.812,60.656,61.312,63.093,63.093,60.468,17290,8133,4008,255.84
2026-06-23T11:45:14.333545+00:00,7048,7607,754,20188,0,1344,1,1344,1,1344,100,1344,0,729,1,729,97,61.812,60.687,61.281,62.843,62.843,60.343,17643,8641,3962,257.37
2026-06-23T11:45:15.855010+00:00,7049,7607,754,20188,6,1036,0,1036,2,1036,48,1036,0,729,1,729,99,61.218,60.625,61.343,61.968,61.968,60.312,15533,6983,3778,258.89
2026-06-23T11:45:17.376983+00:00,7050,7607,754,20188,7,1344,5,1344,2,1344,68,1344,2,729,1,729,98,61.593,60.625,61.375,62.375,62.375,60.593,16688,7481,4008,260.41
2026-06-23T11:45:18.898697+00:00,7050,7607,754,20188,2,1344,1,1344,1,1344,100,1344,2,729,2,729,97,61.843,60.625,61.343,62.875,62.875,60.468,17486,8407,3962,261.93
2026-06-23T11:45:20.421227+00:00,7051,7607,754,20188,0,1036,2,1036,1,1036,76,1036,3,729,2,729,98,61.406,60.875,61.468,62.843,62.843,60.468,17643,8446,4080,263.45
2026-06-23T11:45:21.942383+00:00,7051,7607,754,20188,7,1344,41,1344,0,1344,8,1344,0,729,0,729,98,61.375,60.656,61.343,62.656,62.656,60.468,16334,6944,4086,264.98
2026-06-23T11:45:23.466601+00:00,7052,7607,754,20188,3,1344,3,1344,100,1344,3,1344,0,729,1,729,98,61.687,60.718,61.312,62.875,62.875,60.687,17042,7951,3968,266.5
2026-06-23T11:45:24.988114+00:00,7052,7607,754,20188,1,1344,3,1344,100,1344,0,1344,4,729,3,729,98,61.875,60.812,61.406,63.062,63.062,60.531,17565,8563,3923,268.02
2026-06-23T11:45:26.510252+00:00,7053,7607,754,20188,0,1036,0,1036,48,1036,3,1036,0,729,5,729,47,61.531,60.656,61.437,62.531,62.531,60.531,15730,7061,3817,269.54
2026-06-23T11:45:28.033193+00:00,7054,7607,754,20188,6,1344,1,1344,76,1344,0,1344,0,729,0,729,97,61.687,60.812,61.468,63.156,63.156,60.5,16964,7716,4047,271.07
2026-06-23T11:45:29.554531+00:00,7054,7607,754,20188,2,1344,0,1344,100,1344,0,1344,1,729,0,729,97,61.906,60.781,61.468,62.937,62.937,60.718,17408,8446,3962,272.59
2026-06-23T11:45:31.076645+00:00,7055,7607,754,20188,3,1036,0,1036,68,1036,1,1036,5,729,1,729,99,61.531,60.781,61.531,62.593,62.593,60.625,17133,8094,4008,274.11
2026-06-23T11:45:32.598375+00:00,7056,7607,754,20188,4,1344,3,1344,54,1344,5,1344,0,729,3,729,98,61.781,60.781,61.562,63.25,63.25,60.562,16767,7441,4086,275.63
2026-06-23T11:45:34.120066+00:00,7056,7607,754,20188,4,1344,0,1344,100,1344,0,1344,1,729,1,729,97,62.062,60.843,61.531,63.0,63.0,60.687,17329,8329,3968,277.15
2026-06-23T11:45:35.641565+00:00,7057,7607,754,20188,0,1267,3,1267,94,1267,1,1267,1,729,3,729,96,61.75,60.875,61.531,63.031,63.031,60.718,17486,8602,3923,278.67
2026-06-23T11:45:37.162950+00:00,7058,7607,754,20188,3,1344,0,1344,44,1344,2,1344,1,729,0,729,99,61.812,60.75,61.625,62.625,62.625,60.593,15572,6904,3817,280.2
2026-06-23T11:45:38.685187+00:00,7058,7607,754,20188,0,1344,4,1344,88,1344,2,1344,3,729,2,729,98,61.812,60.875,61.625,63.187,63.187,60.531,17042,7872,4008,281.72
2026-06-23T11:45:40.206675+00:00,7059,7607,754,20188,0,1344,0,1344,100,1344,5,1344,0,729,0,729,98,62.218,60.843,61.5,63.437,63.437,60.718,17565,8524,3962,283.24
2026-06-23T11:45:41.728322+00:00,7059,7607,754,20188,2,1344,5,1344,62,1344,2,1344,1,729,2,729,99,61.5,60.718,61.468,62.375,62.375,60.687,16609,7755,3890,284.76
2026-06-23T11:45:43.250696+00:00,7060,7607,754,20188,12,1344,1,1344,54,1344,0,1344,0,729,1,729,97,61.781,60.968,61.687,62.906,62.906,60.656,16767,7402,4086,286.28
2026-06-23T11:45:44.772124+00:00,7061,7607,754,20188,3,1344,2,1344,100,1344,5,1344,3,729,2,729,97,61.812,60.968,61.625,63.218,63.218,60.812,17368,8329,3962,287.81
2026-06-23T11:45:46.294301+00:00,7061,7607,754,20188,0,1036,0,1036,92,1036,4,1036,0,729,0,729,96,61.843,61.0,61.5,63.375,63.375,60.687,17526,8563,3962,289.33
2026-06-23T11:45:47.816106+00:00,7062,7607,754,20188,3,1344,2,1344,49,1344,3,1344,3,729,2,729,99,61.843,60.843,61.531,62.437,62.437,60.656,15966,6944,3975,290.85
2026-06-23T11:45:49.338653+00:00,7063,7607,754,20188,1,1344,3,1344,88,1344,0,1344,2,729,0,729,97,61.968,60.875,61.625,63.25,63.25,60.718,17121,7977,4008,292.37
2026-06-23T11:45:50.865926+00:00,7063,7607,754,20188,5,1344,3,1344,100,1344,0,1344,2,960,6,960,97,61.906,61.093,61.625,63.125,63.125,60.687,17486,8485,3962,293.9
2026-06-23T11:45:52.388083+00:00,7064,7607,754,20188,5,1344,2,1344,55,1344,3,1344,0,729,1,729,99,61.656,60.968,61.625,62.468,62.468,60.875,16176,7454,3857,295.42
2026-06-23T11:45:53.910923+00:00,7064,7607,754,20188,48,960,1,960,7,960,1,960,13,1344,0,1344,97,61.781,61.0,61.625,62.875,62.875,60.781,16688,7441,4047,296.94
2026-06-23T11:45:55.434802+00:00,7065,7607,754,20188,3,729,4,729,3,729,0,729,100,1344,0,1344,98,61.906,60.968,61.625,63.375,63.375,60.781,17318,8250,3968,298.47
2026-06-23T11:45:56.957807+00:00,7065,7607,754,20188,0,1036,1,1036,0,1036,1,1036,88,1190,2,1190,99,61.718,61.0,61.625,63.218,63.218,60.75,17604,8641,3962,299.99
2026-06-23T11:45:58.481500+00:00,7066,7607,754,20188,3,1036,5,1036,2,1036,3,1036,48,1344,1,1344,99,61.875,61.031,61.625,62.531,62.531,60.812,16006,6787,4054,301.51
2026-06-23T11:46:00.003683+00:00,7067,7607,754,20188,1,1344,6,1344,1,1344,0,1344,98,1344,0,1344,98,62.062,61.031,61.781,63.375,63.375,60.875,17121,7990,4008,303.04
2026-06-23T11:46:01.527296+00:00,7067,7607,754,20188,3,1036,3,1036,2,1036,2,1036,100,1344,1,1344,97,62.031,61.031,61.625,63.218,63.218,60.781,17526,8563,3962,304.56
2026-06-23T11:46:03.050571+00:00,7067,7607,754,20188,7,1344,6,1344,1,1344,0,1344,47,806,0,806,99,61.875,60.968,61.687,62.75,62.75,60.812,15769,7140,3778,306.08
2026-06-23T11:46:04.573775+00:00,7068,7607,754,20188,0,1036,7,1036,2,1036,0,1036,68,1344,3,1344,98,61.812,61.031,61.625,63.406,63.406,60.843,16767,7481,4047,307.61
2026-06-23T11:46:06.097576+00:00,7069,7607,754,20188,1,1036,3,1036,5,1036,2,1036,100,1344,0,1344,98,61.781,61.0,61.812,63.343,63.343,60.781,17486,8407,3962,309.13
2026-06-23T11:46:07.620213+00:00,7069,7607,754,20188,2,1344,2,1344,4,1344,0,1344,78,729,0,729,99,61.781,61.125,61.812,63.437,63.437,60.781,17683,8485,4080,310.65
2026-06-23T11:46:09.143271+00:00,7070,7607,754,20188,4,1036,0,1036,1,1036,0,1036,12,1344,44,1344,97,62.093,61.0,61.75,63.125,63.125,60.875,16609,7128,4126,312.18
2026-06-23T11:46:10.667597+00:00,7071,7607,754,20188,2,729,5,729,3,729,2,729,0,1344,100,1344,97,61.937,61.093,61.687,63.437,63.218,60.937,17250,8172,4008,313.7
2026-06-23T11:46:12.190780+00:00,7071,7607,754,20188,0,1036,3,1036,0,1036,0,1036,2,1344,100,1344,98,61.906,61.093,61.656,63.406,63.406,60.875,17683,8681,3923,315.22
2026-06-23T11:46:13.714265+00:00,7072,7607,754,20188,5,1036,2,1036,1,1036,2,1036,0,1190,48,1267,99,61.875,61.0,61.687,63.125,62.812,60.875,15966,7140,3896,316.75
2026-06-23T11:46:15.237680+00:00,7073,7607,754,20188,2,1036,5,1036,3,1036,2,1036,0,1344,87,1344,98,61.843,61.093,61.875,63.218,63.218,60.875,17082,7859,4047,318.27
2026-06-23T11:46:16.760982+00:00,7073,7607,754,20188,3,729,2,729,3,1036,7,1036,0,1344,100,1344,98,61.812,61.093,61.718,63.625,63.625,60.843,17486,8485,3962,319.79
2026-06-23T11:46:18.284872+00:00,7073,7607,754,20188,7,1036,0,1036,1,1036,1,1036,0,729,63,729,99,61.625,61.125,61.781,62.625,62.625,60.968,16688,7794,3890,321.32
2026-06-23T11:46:19.807398+00:00,7074,7607,754,20188,3,729,3,729,0,729,9,729,0,1344,56,1344,97,61.906,61.062,61.656,63.187,63.187,60.968,16688,7402,4086,322.84
2026-06-23T11:46:21.330483+00:00,7074,7607,754,20188,9,1036,1,1036,0,1036,3,1036,1,1344,100,1344,97,61.812,61.125,61.656,63.187,63.187,60.875,17368,8290,3962,324.36
2026-06-23T11:46:22.853982+00:00,7075,7607,754,20188,3,1344,10,1344,0,729,2,729,0,1344,90,1344,97,61.875,61.125,61.906,63.281,63.281,60.875,17565,8563,3962,325.89
2026-06-23T11:46:24.377054+00:00,7076,7607,754,20188,0,729,9,729,2,729,1,729,1,1344,46,1344,99,62.062,61.187,61.906,62.843,62.843,60.875,15927,6787,4014,327.41
2026-06-23T11:46:25.899917+00:00,7076,7607,754,20188,2,729,0,729,0,729,0,729,0,1344,93,1344,97,61.75,61.093,61.781,63.156,63.156,61.0,17121,7938,4008,328.93
2026-06-23T11:46:27.422818+00:00,7077,7607,754,20188,3,1036,8,1036,2,1036,4,1036,0,1344,100,1344,99,62.0,61.093,61.781,63.375,63.375,60.937,17408,8407,3923,330.46
2026-06-23T11:46:28.946419+00:00,7077,7607,754,20188,1,960,0,960,3,960,0,960,0,1113,55,1113,98,61.781,61.062,61.687,63.031,63.031,60.937,16045,7375,3817,331.98
2026-06-23T11:46:30.468659+00:00,7078,7607,754,20188,7,1344,3,1344,8,1344,7,1344,0,1344,59,1344,97,61.843,61.062,61.718,63.156,63.218,60.875,16452,7246,4008,333.5
2026-06-23T11:46:31.991511+00:00,7079,7607,754,20188,0,1036,1,1036,2,1036,0,1036,0,1344,100,1344,97,61.843,61.125,61.937,63.5,63.5,60.843,17368,8290,3962,335.02
2026-06-23T11:46:33.516384+00:00,7079,7607,754,20188,0,729,2,729,9,729,7,729,0,1113,88,1113,99,61.812,61.187,61.875,63.343,63.343,60.843,17526,8524,3962,336.55
2026-06-23T11:46:35.040601+00:00,7080,7607,754,20188,2,1036,1,1036,5,1036,1,1036,0,1344,50,1344,99,62.0,61.125,61.781,62.812,62.812,61.062,16176,6826,4093,338.07
2026-06-23T11:46:36.564338+00:00,7081,7607,754,20188,2,729,5,1036,5,1036,3,1036,0,1344,93,1344,97,62.062,61.062,61.687,63.343,63.343,60.968,16924,7872,3968,339.6
2026-06-23T11:46:38.087222+00:00,7082,7607,754,20188,1,1036,0,1036,1,1036,0,1036,4,1344,100,1344,97,62.187,61.156,61.718,63.343,63.343,60.875,17486,8524,3962,341.12
2026-06-23T11:46:39.610420+00:00,7082,7607,754,20188,2,1036,2,1036,3,1036,0,1036,0,1036,54,1036,99,61.656,61.031,61.906,62.5,62.5,61.0,16006,7336,3817,342.64
2026-06-23T11:46:41.133842+00:00,7083,7607,754,20188,0,1036,1,1036,2,1036,5,1036,0,1344,61,1344,98,61.812,61.125,61.906,63.218,63.218,60.875,16688,7441,4047,344.17
2026-06-23T11:46:42.657260+00:00,7084,7607,754,20188,2,1036,2,1036,4,1036,4,1036,0,1344,100,1344,97,62.187,61.156,61.843,63.25,63.25,61.062,17211,8172,3968,345.69
2026-06-23T11:46:44.180880+00:00,7084,7607,754,20188,2,1036,0,1036,0,1036,1,1036,0,1344,86,1344,99,62.187,61.125,61.875,63.531,63.781,61.031,17722,8720,3962,347.21
2026-06-23T11:46:45.703558+00:00,7085,7607,754,20188,2,1036,4,1036,5,1036,0,1036,0,1344,49,1344,99,62.312,61.187,61.75,62.5,62.5,61.0,16098,6747,4093,348.74
2026-06-23T11:46:47.226548+00:00,7086,7607,754,20188,2,1036,5,1036,0,1036,0,1036,0,1344,100,1344,97,62.031,61.156,61.781,63.281,63.281,61.0,17250,8094,4008,350.26
2026-06-23T11:46:48.749418+00:00,7086,7607,754,20188,7,1036,7,1036,3,1036,2,1036,0,1344,100,1344,98,61.968,61.187,62.062,63.687,63.687,60.906,17565,8524,3962,351.78
2026-06-23T11:46:50.272688+00:00,7087,7607,754,20188,0,1036,0,1036,5,1036,0,1036,0,729,48,729,64,61.687,61.125,61.843,62.843,62.843,60.968,15769,7061,3817,353.31
2026-06-23T11:46:51.796684+00:00,7088,7607,754,20188,3,1036,3,1036,3,1036,2,1036,0,1344,74,1344,97,62.187,61.125,61.843,63.562,63.562,61.062,16964,7716,4047,354.83
2026-06-23T11:46:53.319587+00:00,7089,7607,754,20188,0,1036,1,1036,2,1036,5,1036,0,1344,100,1344,97,62.093,61.125,61.875,63.781,63.781,60.968,17526,8446,3962,356.35
2026-06-23T11:46:54.842502+00:00,7089,7607,754,20188,7,1036,0,1036,2,1036,2,1036,0,729,70,729,99,62.093,61.218,61.875,63.312,63.312,61.031,17368,8211,4040,357.88
2026-06-23T11:46:56.366194+00:00,7090,7607,754,20188,2,1344,2,1344,5,1344,0,1344,0,1344,50,1344,97,62.031,61.125,61.75,63.468,63.468,60.968,16609,7206,4086,359.4
2026-06-23T11:46:57.895044+00:00,7092,7607,754,20188,2,729,0,729,3,729,3,729,0,1344,100,1344,98,62.156,61.187,61.843,63.812,63.812,61.062,17329,8250,4001,360.93
2026-06-23T11:46:59.417642+00:00,7092,7607,754,20188,9,1344,4,1344,5,1344,0,1344,0,1344,94,1344,97,62.093,61.156,61.75,63.218,63.218,60.937,17526,8602,3923,362.45
2026-06-23T11:47:00.939835+00:00,7094,7607,754,20188,2,729,1,729,0,729,0,729,0,1344,49,1344,99,61.968,61.281,61.937,63.031,63.031,60.968,15887,6983,3936,363.97
2026-06-23T11:47:02.462974+00:00,7093,7607,754,20188,2,1036,4,1036,5,1036,10,1036,0,1344,86,1344,97,61.875,61.187,61.968,63.187,63.187,61.156,16885,7794,4008,365.5
2026-06-23T11:47:03.985520+00:00,7093,7607,754,20188,3,1344,0,1036,0,1036,0,1036,0,1344,100,1344,97,62.281,61.156,61.937,63.437,63.437,61.0,17565,8524,3962,367.02
2026-06-23T11:47:05.507697+00:00,7094,7607,754,20188,5,729,4,729,11,729,2,729,0,729,63,729,99,61.843,61.187,61.812,63.125,63.125,61.0,16728,7794,3929,368.54
2026-06-23T11:47:07.030579+00:00,7095,7607,754,20188,3,1036,0,1036,0,1036,0,1036,0,1344,52,1344,98,61.937,61.218,62.0,63.218,63.218,60.937,16609,7285,4086,370.06
2026-06-23T11:47:08.553594+00:00,7095,7607,754,20188,4,1036,5,1036,8,1036,5,1036,0,1344,100,1344,97,62.0,61.281,61.937,63.437,63.437,61.281,17250,8211,3968,371.59
2026-06-23T11:47:10.075601+00:00,7095,7607,754,20188,0,1036,0,1036,3,1036,0,1036,0,1344,96,1344,97,62.0,61.281,61.906,63.968,63.968,61.0,17643,8681,3923,373.11
2026-06-23T11:47:11.599218+00:00,7096,7607,754,20188,5,1036,4,1036,8,1036,5,1036,0,1267,48,1267,99,62.0,61.156,61.875,63.031,63.031,61.125,15887,7100,3896,374.63
2026-06-23T11:47:13.122401+00:00,7097,7607,754,20188,1,1036,0,1036,0,1036,1,1036,0,1344,89,1344,98,62.031,61.25,61.968,63.75,63.75,60.968,17211,7977,4047,376.16
2026-06-23T11:47:14.645004+00:00,7097,7607,754,20188,13,1036,6,1036,0,1036,3,1036,1,1344,100,1344,97,61.968,61.343,62.125,63.406,63.406,61.031,17486,8485,3962,377.68
2026-06-23T11:47:16.167797+00:00,7098,7607,754,20188,0,1344,0,1344,0,1344,7,1344,0,1113,58,1113,99,61.875,61.25,62.0,62.687,62.687,61.25,16295,7520,3851,379.2
2026-06-23T11:47:17.691262+00:00,7099,7607,754,20188,5,1036,5,1036,4,1036,7,1036,0,1344,66,1344,97,62.531,61.156,62.031,63.656,63.656,61.125,16885,7559,4086,380.72
2026-06-23T11:47:19.215628+00:00,7099,7607,755,20188,5,1344,1,1036,1,1036,1,1036,0,1344,100,1344,99,62.25,61.187,61.875,63.593,63.593,61.093,17447,8329,3962,382.25
2026-06-23T11:47:20.739532+00:00,7099,7607,755,20188,4,729,4,729,3,729,4,960,0,1344,84,1344,99,62.218,61.25,61.906,63.843,63.843,60.968,17840,8666,4040,383.77
2026-06-23T11:47:22.263383+00:00,7100,7607,755,20188,0,729,0,729,2,729,4,729,0,1344,52,1344,98,62.156,61.156,61.875,63.218,63.218,60.968,16531,7050,4126,385.3
2026-06-23T11:47:23.787205+00:00,7101,7607,755,20188,4,1036,2,1036,4,1036,2,1036,0,1344,100,1344,98,62.031,61.25,62.0,63.593,63.593,60.937,17329,8211,4001,386.82
2026-06-23T11:47:25.310367+00:00,7102,7607,755,20188,0,1036,3,1036,0,1036,2,1036,0,1344,98,1344,97,62.218,61.25,62.0,63.5,63.5,61.187,17761,8720,3962,388.34
2026-06-23T11:47:26.833563+00:00,7103,7607,755,20188,4,1036,12,1036,3,1036,4,1036,0,1344,50,1344,99,62.343,61.25,61.968,62.906,62.906,61.187,16006,7022,3936,389.87
2026-06-23T11:47:28.356159+00:00,7103,7607,755,20188,0,1036,4,1036,0,1036,0,1036,0,1344,94,1344,97,62.218,61.218,61.875,63.343,63.343,61.093,17172,8016,4008,391.39
2026-06-23T11:47:29.879470+00:00,7104,7607,755,20188,6,1036,2,1036,0,1036,3,1036,0,1344,100,1344,97,62.125,61.156,61.843,63.437,63.437,61.093,17526,8485,3962,392.91
2026-06-23T11:47:31.403112+00:00,7104,7607,755,20188,7,729,3,729,0,729,0,729,0,729,52,729,98,61.843,61.156,62.125,62.843,62.843,61.062,16058,7336,3857,394.44
2026-06-23T11:47:32.929831+00:00,7105,7607,755,20188,0,806,0,806,1,806,0,806,66,1344,0,1344,99,61.937,61.187,62.093,63.562,63.562,61.093,16806,7481,4086,395.96
2026-06-23T11:47:34.451849+00:00,7106,7607,755,20188,2,1036,6,1036,3,1036,2,1036,100,1344,0,1344,98,62.218,61.312,62.031,63.687,63.687,61.031,17290,8290,3962,397.49
2026-06-23T11:47:35.978625+00:00,7168,7607,756,20188,78,1344,78,1344,78,1344,78,1344,80,1344,86,1344,0,61.656,60.531,61.656,60.968,61.656,61.062,8492,2782,2030,399.01
2026-06-23T11:47:37.504431+00:00,7244,7607,756,20188,6,960,2,960,9,960,3,960,64,729,0,729,99,61.312,60.781,61.625,62.656,62.656,60.687,16216,7571,3739,400.54
2026-06-23T11:47:39.027078+00:00,7245,7607,756,20188,3,1036,1,1036,1,1036,0,1036,44,1344,0,1344,97,62.0,60.906,61.625,63.218,63.218,60.875,16216,6944,4047,402.06
2026-06-23T11:47:40.549905+00:00,7245,7607,756,20188,4,729,5,729,7,729,4,729,100,1344,0,1344,97,62.0,60.906,61.625,63.312,63.312,60.812,17082,8029,3968,403.58
2026-06-23T11:47:42.073124+00:00,7245,7607,756,20188,3,729,0,729,0,1036,0,1036,100,1344,0,1344,98,61.75,60.968,61.656,63.562,63.562,60.843,17683,8681,3923,405.11
2026-06-23T11:47:43.596158+00:00,7245,7607,756,20188,4,1036,10,1036,3,1036,2,1036,46,729,0,729,99,61.625,60.968,61.625,62.843,62.906,60.843,15533,7022,3739,406.63
2026-06-23T11:47:45.119085+00:00,7245,7607,756,20188,1,1036,1,1036,1,1036,1,1036,76,1344,0,1344,97,61.562,61.031,61.718,63.312,63.312,60.843,16964,7755,4047,408.15
2026-06-23T11:47:46.642077+00:00,7245,7607,756,20188,7,1036,0,1036,3,1036,4,1036,100,1344,0,1344,98,61.968,61.093,61.687,63.562,63.562,60.937,17408,8407,3962,409.68
2026-06-23T11:47:48.163991+00:00,7245,7607,756,20188,68,1344,0,1344,0,1344,0,1344,0,729,0,729,99,62.031,61.125,61.656,62.718,62.718,60.875,17133,8055,4008,411.2
2026-06-23T11:47:49.687822+00:00,7245,7607,756,20188,5,1036,2,1036,7,1036,3,1036,48,1344,1,1344,98,61.781,60.906,61.687,63.312,63.312,60.812,16491,7128,4086,412.72
2026-06-23T11:47:51.211997+00:00,7245,7607,756,20188,0,729,0,729,1,729,1,729,100,1344,0,1344,97,61.625,60.968,61.625,63.343,63.343,60.843,17408,8290,4001,414.25
2026-06-23T11:47:52.734541+00:00,7245,7607,756,20188,6,729,6,729,5,729,2,729,98,1344,1,1344,97,61.687,61.125,61.812,63.406,63.406,60.875,17604,8641,3923,415.77
2026-06-23T11:47:54.257738+00:00,7245,7607,756,20188,1,1036,0,1036,1,1036,0,1036,50,1267,0,1267,99,61.968,61.0,61.687,63.125,62.718,60.906,15887,7100,3896,417.29
2026-06-23T11:47:55.780090+00:00,7245,7607,756,20188,4,1344,11,1344,2,1344,9,1344,87,1344,0,1344,98,61.937,61.0,61.687,63.281,63.281,60.875,17054,7859,4047,418.81
2026-06-23T11:47:57.303039+00:00,7245,7607,756,20188,0,729,2,729,0,729,0,1036,100,1344,0,1344,97,61.875,61.093,61.593,63.531,63.531,60.875,17604,8563,3962,420.34
2026-06-23T11:47:58.826408+00:00,7245,7607,756,20188,4,1036,2,1036,0,1036,9,1036,60,729,0,729,99,61.625,61.062,61.812,62.437,62.437,60.843,16373,7598,3851,421.86
2026-06-23T11:48:00.348875+00:00,7245,7607,756,20188,56,1344,1,1344,3,1344,0,1344,1,729,4,729,98,61.937,61.187,61.812,63.312,63.312,60.875,16885,7559,4086,423.38
2026-06-23T11:48:01.872856+00:00,7245,7607,756,20188,3,1036,9,1036,2,1036,4,1036,100,1344,0,1344,97,62.0,61.062,61.656,63.125,63.125,60.937,17329,8290,3962,424.91
2026-06-23T11:48:03.396148+00:00,7245,7607,756,20188,2,1113,2,1113,1,1113,0,1113,84,729,0,729,99,62.187,61.125,61.718,63.375,63.375,60.875,17958,8744,4080,426.43
2026-06-23T11:48:04.924037+00:00,7245,7607,756,20188,2,729,2,883,0,883,2,883,50,1344,0,1344,99,61.812,61.125,61.718,63.031,63.031,60.875,16334,6854,4126,427.96
2026-06-23T11:48:06.446486+00:00,7245,7607,756,20188,9,729,9,729,4,729,2,729,100,1344,0,1344,98,61.937,61.062,61.625,63.375,63.375,60.812,17133,8055,4008,429.48
2026-06-23T11:48:07.970390+00:00,7245,7607,756,20188,1,960,0,960,0,960,3,960,100,1344,0,1344,98,61.687,61.062,61.625,63.375,63.375,60.843,17565,8563,3962,431.0
2026-06-23T11:48:09.493341+00:00,7248,7607,756,20188,7,1036,2,1036,5,1036,2,1036,48,729,0,729,99,61.656,61.062,61.812,62.593,62.593,60.843,15651,7061,3778,432.53
2026-06-23T11:48:11.015601+00:00,7248,7607,756,20188,2,1036,0,1036,2,1036,0,1036,69,1344,0,1344,98,61.718,61.0,61.718,63.468,63.468,60.843,16806,7559,4047,434.05
2026-06-23T11:48:12.538649+00:00,7248,7607,756,20188,3,1036,3,1036,2,1036,2,1036,100,1344,2,1344,97,61.781,61.125,61.75,63.406,63.406,60.875,17408,8368,3962,435.57
2026-06-23T11:48:14.060668+00:00,7248,7607,756,20188,0,1344,1,1344,1,1344,1,1344,74,1344,0,1344,99,61.875,61.093,61.75,63.375,63.375,60.875,17761,8446,4119,437.09
2026-06-23T11:48:15.583103+00:00,7248,7607,756,20188,5,1036,6,1036,5,1036,4,1036,48,1344,2,1344,98,61.781,60.968,61.812,63.343,63.343,60.875,16255,6893,4086,438.62
2026-06-23T11:48:17.105958+00:00,7248,7607,756,20188,0,1036,0,1036,0,1036,2,1036,100,1344,0,1344,98,61.625,61.031,61.812,63.343,63.343,60.812,17172,8055,4001,440.14
2026-06-23T11:48:18.628912+00:00,7249,7607,756,20188,4,1036,2,1036,3,1036,9,1036,100,1344,0,1344,97,61.937,61.093,61.781,63.531,63.531,60.906,17565,8563,3962,441.66
2026-06-23T11:48:20.152481+00:00,7250,7607,756,20188,0,1036,0,1036,1,1036,1,1036,50,729,0,729,99,61.781,60.937,61.687,62.718,62.718,60.875,15690,7061,3778,443.19
2026-06-23T11:48:21.675836+00:00,7250,7607,756,20188,5,729,8,729,4,729,5,729,74,1344,0,1344,98,61.781,61.093,61.781,63.375,63.375,60.875,16885,7637,4047,444.71
2026-06-23T11:48:23.198051+00:00,7251,7607,756,20188,100,1344,0,1344,0,1344,2,1344,0,729,0,729,97,61.875,61.187,61.937,63.593,63.593,60.812,17447,8407,3962,446.23
2026-06-23T11:48:24.719110+00:00,7252,7607,756,20188,3,729,3,729,4,729,76,729,6,729,0,729,97,62.062,61.187,61.812,63.281,63.281,60.968,17643,8407,4080,447.75
2026-06-23T11:48:26.240790+00:00,7253,7607,756,20188,1,1344,0,1344,1,1344,50,1344,0,729,0,729,98,62.031,61.0,61.781,62.968,62.968,60.875,16373,7011,4126,449.27
2026-06-23T11:48:27.762473+00:00,7253,7607,756,20188,9,1344,5,1344,3,1344,100,1344,0,729,0,729,98,61.937,61.093,61.656,63.343,63.343,60.843,17172,8055,4008,450.8
2026-06-23T11:48:29.283659+00:00,7254,7607,756,20188,0,1344,1,1344,0,1344,100,1344,1,729,0,729,97,61.875,61.093,61.687,63.562,63.562,60.812,17643,8641,3962,452.32
2026-06-23T11:48:30.805939+00:00,7255,7607,756,20188,5,1036,2,1036,7,1036,50,1036,0,729,1,729,67,62.093,61.062,61.781,62.968,62.968,60.937,15769,7140,3817,453.84
2026-06-23T11:48:32.328235+00:00,7255,7607,756,20188,0,1344,0,1344,3,1344,75,1344,0,729,2,729,98,62.187,61.031,61.718,63.343,63.343,60.781,17003,7755,4047,455.36
2026-06-23T11:48:33.849689+00:00,7256,7607,756,20188,4,1344,9,1344,4,1344,100,1344,0,729,0,729,98,61.968,61.062,61.812,63.5,63.5,60.843,17486,8407,3962,456.88
2026-06-23T11:48:35.370913+00:00,7256,7607,756,20188,0,1344,0,1344,0,1344,73,1344,0,729,0,729,99,61.781,61.125,61.781,63.093,63.093,60.937,17643,8368,4080,458.4
2026-06-23T11:48:36.892250+00:00,7257,7607,756,20188,0,1344,8,1344,3,1344,52,1344,0,729,0,729,97,61.937,61.031,61.843,63.062,63.062,60.875,16491,7089,4126,459.93
2026-06-23T11:48:38.415181+00:00,7257,7607,756,20188,0,1344,1,1344,0,1344,100,1344,0,729,0,729,97,61.906,61.125,61.625,63.281,63.281,60.875,17250,8133,4008,461.45
2026-06-23T11:48:39.937505+00:00,7258,7607,756,20188,2,1344,7,1344,2,1344,100,1344,0,729,0,729,97,61.906,61.156,61.843,63.375,63.375,60.812,17565,8563,3923,462.97
2026-06-23T11:48:41.459393+00:00,7253,7607,756,20188,2,1036,5,1036,3,1036,51,1036,0,729,0,729,99,62.062,61.062,61.812,62.781,62.781,60.968,15809,7179,3778,464.49
2026-06-23T11:48:42.981195+00:00,7254,7607,756,20188,2,1344,3,1344,12,1344,78,1344,1,729,0,729,97,62.093,61.0,61.75,63.312,63.312,60.843,17003,7742,4047,466.01
2026-06-23T11:48:44.502624+00:00,7254,7607,756,20188,2,1344,3,1344,5,1344,100,1344,1,729,0,729,97,62.093,61.125,61.656,63.375,63.375,60.781,17368,8329,3962,467.54
2026-06-23T11:48:46.024840+00:00,7255,7607,756,20188,0,1036,3,1036,0,1036,72,1036,0,729,3,729,99,62.062,61.156,61.812,63.343,63.343,60.937,17447,8250,4040,469.06
2026-06-23T11:48:47.546525+00:00,7256,7607,756,20188,2,1344,2,1344,3,1344,50,1344,2,729,0,729,98,62.093,61.031,61.75,62.968,62.968,60.875,16373,7089,4086,470.58
2026-06-23T11:48:49.069220+00:00,7256,7607,756,20188,5,1344,0,1344,2,1344,100,1344,1,729,2,729,97,62.093,61.093,61.687,63.281,63.281,60.937,17290,8172,4001,472.1
2026-06-23T11:48:50.590970+00:00,7257,7607,756,20188,0,1344,1,1344,4,1344,100,1344,1,729,0,729,97,62.062,61.187,61.937,63.343,63.343,60.75,17565,8641,3923,473.62
2026-06-23T11:48:52.115678+00:00,7258,7607,756,20188,0,1344,1,1344,0,1344,48,1344,1,960,1,960,99,61.812,61.093,61.812,63.031,63.031,60.812,15769,7179,3857,475.15
2026-06-23T11:48:53.638260+00:00,7259,7607,756,20188,5,1344,2,1344,2,1344,82,1344,3,729,0,729,97,62.25,61.125,61.687,63.437,63.437,60.937,16924,7716,4008,476.67
2026-06-23T11:48:55.159651+00:00,7259,7607,756,20188,0,1344,2,1344,0,1344,100,1344,0,729,0,729,97,62.093,61.125,61.718,63.187,63.187,60.906,17565,8524,3962,478.19
2026-06-23T11:48:56.681177+00:00,7260,7607,756,20188,0,1036,6,1036,3,1036,64,1036,1,729,0,729,99,61.656,61.125,61.75,62.812,62.812,60.875,16885,7872,3929,479.71
2026-06-23T11:48:58.202825+00:00,7258,7607,756,20188,0,1344,3,1344,0,1344,52,1344,1,729,0,729,97,61.906,61.093,61.781,63.187,63.187,61.031,16649,7324,4086,481.24
2026-06-23T11:48:59.724283+00:00,7259,7607,756,20188,2,1344,8,1344,3,1344,100,1344,1,729,0,729,97,62.406,61.125,61.687,63.437,63.437,60.906,17290,8250,3962,482.76
2026-06-23T11:49:01.245629+00:00,7260,7607,756,20188,0,1344,2,1344,3,1344,96,1344,0,729,1,729,96,61.843,61.125,61.718,63.625,63.625,60.875,17683,8641,3923,484.28
2026-06-23T11:49:02.766985+00:00,7260,7607,756,20188,5,1344,22,1344,5,1344,34,1344,1,729,2,729,99,61.75,61.093,61.906,62.75,62.75,60.937,15848,7100,3896,485.8
2026-06-23T11:49:04.289653+00:00,7260,7607,756,20188,0,1344,88,1344,1,1344,2,1344,1,729,0,729,97,61.875,61.093,61.656,63.312,63.312,61.062,17133,7938,4047,487.32
2026-06-23T11:49:05.810409+00:00,7261,7607,756,20188,5,1344,100,1344,3,1344,4,1344,2,729,0,729,97,61.968,61.156,61.75,63.343,63.343,60.906,17486,8524,3962,488.84
2026-06-23T11:49:07.332581+00:00,7263,7607,756,20188,1,1036,60,1036,1,1036,0,1036,0,729,0,729,99,61.75,61.125,62.0,62.781,62.781,60.843,16452,7676,3851,490.37
2026-06-23T11:49:08.854760+00:00,7264,7607,756,20188,2,1344,2,1344,5,1344,58,1344,3,729,0,729,97,62.125,61.125,61.812,63.343,63.343,60.937,16728,7402,4086,491.89
2026-06-23T11:49:10.376602+00:00,7265,7607,756,20188,3,1344,0,1344,1,1344,100,1344,0,729,0,729,97,62.093,61.125,61.718,63.312,63.312,60.937,17368,8290,3962,493.41
2026-06-23T11:49:11.898074+00:00,7265,7607,756,20188,3,1344,6,1344,2,1344,90,1344,2,729,0,729,98,62.0,61.125,61.75,63.375,63.375,60.906,17526,8524,3962,494.93
2026-06-23T11:49:13.419964+00:00,7270,7607,756,20188,0,1344,0,1344,0,1344,50,1344,0,729,1,729,99,62.187,61.125,61.843,62.875,62.875,60.843,16137,6944,4054,496.45
2026-06-23T11:49:14.944961+00:00,7271,7607,756,20188,3,1344,9,1344,3,1344,92,1344,2,729,0,729,97,62.343,61.062,61.812,63.343,63.343,61.0,17042,7911,4008,497.98
2026-06-23T11:49:16.468319+00:00,7258,7607,756,20188,0,1344,0,1344,2,1344,100,1344,20,1036,0,1036,97,62.531,61.125,61.875,63.406,63.406,60.906,17565,8524,3962,499.5
2026-06-23T11:49:17.991477+00:00,7259,7607,756,20188,0,1113,5,1113,3,1113,56,1113,1,729,1,729,99,61.968,61.125,61.843,62.875,62.625,60.875,16045,7375,3817,501.02
2026-06-23T11:49:19.514485+00:00,7261,7607,756,20188,3,1344,0,1344,3,1344,62,1344,2,729,1,729,97,62.125,61.125,61.718,63.187,63.187,60.906,16688,7441,4047,502.55
2026-06-23T11:49:21.036700+00:00,7261,7607,756,20188,62,1036,1,1036,0,1036,7,1036,38,1344,1,1344,98,61.812,61.125,61.875,63.5,63.5,60.875,17408,8250,3962,504.07
2026-06-23T11:49:22.558961+00:00,7262,7607,756,20188,2,1190,0,1190,2,1190,88,1190,2,729,0,729,99,62.218,61.25,61.75,63.468,63.468,61.0,17604,8641,3962,505.59
2026-06-23T11:49:24.080725+00:00,7263,7607,756,20188,5,1344,0,1344,3,1344,50,1344,0,729,15,729,99,62.218,61.125,61.781,62.718,62.718,60.906,16334,6893,4126,507.11
2026-06-23T11:49:25.604358+00:00,7264,7607,756,20188,0,1344,2,1344,0,1344,100,1344,2,729,3,729,98,62.093,61.062,61.781,63.625,63.625,60.906,17250,8055,4008,508.64
2026-06-23T11:49:27.125608+00:00,7265,7607,756,20188,1,1344,0,1344,0,1344,100,1344,0,729,7,729,98,61.968,61.156,61.937,63.343,63.343,60.906,17604,8602,3962,510.16
2026-06-23T11:49:28.646627+00:00,7266,7607,756,20188,4,1036,3,1036,2,1036,48,1036,0,729,0,729,96,61.875,61.125,61.843,62.656,62.656,61.031,15651,7022,3778,511.68
2026-06-23T11:49:30.169001+00:00,7266,7607,756,20188,1,1344,2,1344,1,1344,70,1344,5,729,0,729,98,62.25,61.125,61.781,63.281,63.281,61.031,16885,7637,4047,513.2
2026-06-23T11:49:31.690550+00:00,7267,7607,756,20188,3,1344,2,1344,5,1344,100,1344,1,729,1,729,98,62.187,61.125,61.968,63.531,63.531,60.875,17447,8368,3962,514.72
2026-06-23T11:49:33.213251+00:00,7267,7607,756,20188,1,1036,1,1036,0,1036,70,1036,5,729,1,729,99,61.812,61.25,61.875,63.562,63.25,60.906,17486,8290,4080,516.25
2026-06-23T11:49:34.735685+00:00,7268,7607,756,20188,11,1036,5,1036,3,1036,6,1036,36,1344,1,1344,97,61.718,61.156,61.906,63.25,63.25,61.0,16570,7128,4126,517.77
2026-06-23T11:49:36.257967+00:00,7269,7607,756,20188,1,1036,4,1036,5,1036,2,1036,100,1344,0,1344,98,62.0,61.062,61.781,63.625,63.625,61.031,17290,8133,4001,519.29
2026-06-23T11:49:37.781886+00:00,7270,7607,756,20188,7,1036,3,1036,0,1036,2,1036,100,1344,0,1344,97,62.0,61.125,61.843,63.437,63.437,60.937,17643,8641,3962,520.81
2026-06-23T11:49:39.305849+00:00,7271,7607,756,20188,0,1036,0,1036,0,1036,1,1036,50,883,0,883,99,61.656,61.125,61.937,63.125,63.125,60.937,15809,7179,3817,522.34
2026-06-23T11:49:40.828713+00:00,7271,7607,756,20188,2,1036,8,1036,5,1036,5,1036,80,1344,0,1344,97,61.812,61.125,61.937,63.187,63.187,60.937,16924,7716,4047,523.86
2026-06-23T11:49:42.351821+00:00,7272,7607,756,20188,3,1036,0,1036,1,1036,2,1036,100,1344,0,1344,98,62.093,61.187,61.812,63.406,63.406,61.031,17604,8524,3962,525.39
2026-06-23T11:49:43.874513+00:00,7272,7607,756,20188,13,729,5,729,9,729,10,729,66,729,0,729,99,62.093,61.187,61.812,62.875,62.875,61.031,16964,7951,3968,526.91
2026-06-23T11:49:45.397638+00:00,7273,7607,756,20188,0,1036,0,1036,0,1036,0,1036,50,1344,0,1344,98,61.937,61.062,61.812,63.281,63.281,60.937,16649,7285,4086,528.43
2026-06-23T11:49:46.921637+00:00,7276,7607,756,20188,2,1036,2,1036,5,1036,7,1036,100,1344,1,1344,97,61.781,61.093,61.718,63.281,63.281,60.875,17290,8211,3962,529.95
2026-06-23T11:49:48.443543+00:00,7277,7607,756,20188,0,1036,1,1036,2,1036,3,1036,96,1344,0,1344,97,61.875,61.218,61.875,63.343,63.343,60.968,17604,8681,3923,531.48
2026-06-23T11:49:49.972605+00:00,7278,7607,756,20188,2,960,6,960,2,960,3,960,49,1267,0,1267,99,61.875,61.125,61.781,62.906,62.906,60.968,15769,7022,3896,533.01
2026-06-23T11:49:51.496886+00:00,7278,7607,756,20188,2,729,3,729,4,729,1,729,84,1344,1,1344,97,61.937,61.125,61.937,63.062,63.062,60.937,16924,7755,4008,534.53
2026-06-23T11:49:53.020118+00:00,7279,7607,756,20188,4,1036,0,1036,1,1036,1,1036,100,1344,0,1344,97,61.812,61.125,61.906,63.406,63.406,60.875,17486,8485,3962,536.05
2026-06-23T11:49:54.543030+00:00,7279,7607,756,20188,0,729,7,729,2,729,4,729,63,729,0,729,99,61.968,61.187,61.843,63.031,63.031,61.031,16964,7938,3968,537.58
2026-06-23T11:49:56.066396+00:00,7280,7607,756,20188,2,729,4,729,3,729,1,729,49,1344,0,1344,98,61.875,61.093,61.781,63.187,63.187,61.062,16491,7167,4086,539.1
2026-06-23T11:49:57.589641+00:00,7283,7607,756,20188,5,1036,2,1036,2,1036,3,1036,100,1344,0,1344,97,61.906,61.125,61.812,63.468,63.468,60.875,17250,8172,3962,540.62
2026-06-23T11:49:59.112641+00:00,7283,7607,756,20188,1,729,7,729,2,729,1,729,1,1344,100,1344,98,61.937,61.187,62.0,63.343,63.343,60.906,17643,8681,3923,542.15
2026-06-23T11:50:00.635760+00:00,7284,7607,756,20188,3,1036,2,1036,3,1036,0,1036,0,883,46,883,99,61.812,61.125,61.968,63.031,63.031,61.156,15533,7022,3778,543.67
2026-06-23T11:50:02.159544+00:00,7284,7607,756,20188,2,1036,6,1036,2,1036,2,1036,0,1344,80,1344,98,61.812,61.125,61.843,63.687,63.687,61.093,16964,7755,4047,545.19
2026-06-23T11:50:03.682723+00:00,7285,7607,756,20188,0,1036,3,1036,3,1036,3,1036,0,1344,100,1344,98,62.156,61.125,61.843,63.343,63.343,61.031,17447,8446,3962,546.72
2026-06-23T11:50:05.206524+00:00,7285,7607,756,20188,3,729,3,729,3,729,2,806,0,729,70,729,99,61.937,61.218,61.781,63.375,63.375,60.968,17368,8211,4040,548.24
2026-06-23T11:50:06.729203+00:00,7286,7607,756,20188,3,1036,1,1036,4,1036,3,1036,1,1344,52,1344,98,61.843,61.125,61.968,63.531,63.531,61.0,16649,7206,4086,549.76
2026-06-23T11:50:08.252780+00:00,7287,7607,756,20188,0,1036,3,1036,1,1036,0,1036,4,1344,100,1344,98,61.843,61.187,62.0,63.593,63.593,60.906,17290,8172,4001,551.29
2026-06-23T11:50:09.776854+00:00,7287,7607,756,20188,2,1036,7,1036,4,1036,3,1036,0,1344,100,1344,97,61.843,61.218,61.875,63.468,63.468,61.125,17604,8641,3923,552.81
2026-06-23T11:50:11.300326+00:00,7284,7607,757,20188,6,729,2,729,0,729,0,729,0,1113,50,1113,99,62.125,61.125,61.781,63.156,63.156,61.062,15887,7140,3857,554.33
2026-06-23T11:50:12.823333+00:00,7285,7607,757,20188,3,729,3,729,3,1036,2,1036,0,1344,84,1344,98,62.125,61.187,61.781,63.468,63.375,61.0,17121,7859,4047,555.86
2026-06-23T11:50:14.346966+00:00,7286,7607,757,20188,2,1036,2,1036,0,1036,6,1036,0,1344,100,1344,97,62.093,61.156,61.843,63.531,63.531,60.968,17604,8524,3962,557.38
2026-06-23T11:50:15.869507+00:00,7286,7607,757,20188,3,1344,4,1344,2,1344,0,1344,0,729,65,729,99,61.781,61.187,61.812,63.0,63.0,60.968,17003,7990,3968,558.9
2026-06-23T11:50:17.391668+00:00,7287,7607,757,20188,3,1036,2,1036,3,1036,3,1036,0,1344,51,1344,98,62.375,61.156,61.906,63.218,63.218,61.156,16570,7246,4086,560.42
2026-06-23T11:50:18.915359+00:00,7288,7607,757,20188,2,729,5,1036,2,1036,3,1036,1,1344,100,1344,97,62.156,61.218,61.843,63.468,63.468,61.125,17408,8329,4001,561.95
2026-06-23T11:50:20.439028+00:00,7290,7607,757,20188,3,1036,2,1036,0,1036,7,1036,0,1344,93,1344,96,62.093,61.218,61.812,63.343,63.343,61.093,17604,8602,3923,563.47
2026-06-23T11:50:21.962666+00:00,7292,7607,757,20188,4,1036,2,1036,2,1036,2,1036,0,1344,48,1344,99,62.093,61.156,61.843,62.843,62.843,61.031,15809,7022,3896,565.0
2026-06-23T11:50:23.487763+00:00,7292,7607,757,20188,7,729,0,729,2,729,2,729,0,1344,86,1344,97,62.093,61.156,61.812,63.125,63.125,60.906,17042,7859,4008,566.52
2026-06-23T11:50:25.010763+00:00,7292,7607,757,20188,5,729,3,729,0,729,0,729,0,1344,100,1344,97,62.031,61.125,61.781,63.625,63.625,60.906,17486,8485,3962,568.04
2026-06-23T11:50:26.533689+00:00,7293,7607,757,20188,4,1344,4,1344,0,1344,2,1344,0,729,65,729,99,61.906,61.218,61.906,63.375,63.375,60.906,17054,8016,3968,569.57
2026-06-23T11:50:28.055562+00:00,7294,7607,757,20188,4,1036,0,1036,0,1036,0,1036,0,1344,49,1344,97,62.125,61.125,61.843,63.093,63.093,61.031,16491,7167,4086,571.09
2026-06-23T11:50:29.578268+00:00,7295,7607,757,20188,4,1036,3,1036,4,1036,3,1036,0,1344,100,1344,97,62.0,61.156,61.843,63.531,63.531,60.937,17250,8133,3962,572.61
2026-06-23T11:50:31.101334+00:00,7295,7607,757,20188,2,1036,1,1036,0,1036,0,1036,0,1344,100,1344,97,61.937,61.187,61.812,63.843,63.843,60.906,17683,8681,3962,574.13
2026-06-23T11:50:32.624020+00:00,7296,7607,757,20188,5,729,3,1036,2,1036,2,1036,3,1113,46,1113,99,61.906,61.156,61.937,63.0,63.0,60.875,15769,7100,3857,575.66
2026-06-23T11:50:34.146501+00:00,7295,7607,757,20188,0,729,6,729,2,729,13,729,0,1344,84,1344,97,62.25,61.125,61.875,63.593,63.593,61.031,17082,7859,4047,577.18
2026-06-23T11:50:35.669698+00:00,7299,7607,757,20188,4,1036,2,1036,2,1036,0,1036,0,1344,100,1344,97,62.093,61.156,61.75,63.281,63.281,61.0,17526,8524,3962,578.7
2026-06-23T11:50:37.193476+00:00,7300,7607,757,20188,0,1036,1,1036,3,1036,5,1036,0,729,58,729,99,61.906,61.187,61.843,62.906,62.906,60.937,16216,7481,3857,580.23
2026-06-23T11:50:38.716274+00:00,7301,7607,757,20188,6,1344,2,1344,4,1344,2,1344,0,1344,62,1344,97,62.0,61.093,61.875,63.531,63.531,60.968,16728,7441,4047,581.75
2026-06-23T11:50:40.239413+00:00,7301,7607,757,20188,3,729,5,729,0,729,1,729,0,1344,100,1344,98,61.968,61.187,61.906,63.437,63.437,60.906,17368,8290,4001,583.27
2026-06-23T11:50:41.763318+00:00,7302,7607,757,20188,0,729,2,729,5,729,2,729,0,1036,86,1036,99,61.812,61.187,61.937,63.812,63.812,60.906,17683,8641,3962,584.8
2026-06-23T11:50:43.287316+00:00,7302,7607,757,20188,1,1036,1,1036,7,1036,0,1036,0,1344,50,1344,99,62.093,61.156,61.843,62.625,62.625,61.093,16176,6865,4086,586.32
2026-06-23T11:50:44.811623+00:00,7281,7607,758,20188,20,1344,34,1344,20,1344,30,1344,35,729,4,729,0,61.468,60.718,61.718,61.25,61.718,60.968,10174,3367,2856,587.84
2026-06-23T11:50:46.354295+00:00,7375,7607,768,20188,1,1344,100,1344,7,1344,0,1344,0,729,0,729,97,62.031,60.625,61.375,62.843,62.843,60.812,14926,6994,3232,589.39
2026-06-23T11:50:47.875927+00:00,7375,7607,768,20188,3,1344,100,1344,2,1344,2,1344,0,729,0,729,98,61.906,60.937,61.562,63.343,63.343,60.843,17565,8641,3923,590.91
2026-06-23T11:50:49.397928+00:00,7375,7607,768,20188,1,1036,45,1036,1,1036,0,1036,0,729,4,729,99,61.593,60.812,61.5,62.656,62.656,60.812,15533,7061,3739,592.43
2026-06-23T11:50:50.919873+00:00,7375,7607,768,20188,3,1344,78,1344,3,1344,3,1344,2,729,0,729,98,61.625,60.968,61.656,63.062,63.062,60.843,16975,7755,4047,593.95
2026-06-23T11:50:52.441244+00:00,7376,7607,768,20188,2,1344,100,1344,1,1344,1,1344,6,729,1,729,97,61.781,61.125,61.718,63.312,63.312,60.875,17526,8485,3962,595.47
2026-06-23T11:50:53.963468+00:00,7376,7607,768,20188,0,1036,70,1036,3,1036,2,1036,0,729,2,729,99,61.687,61.0,61.625,62.843,62.843,60.843,17250,8172,4001,597.0
2026-06-23T11:50:55.486421+00:00,7376,7607,768,20188,0,1344,50,1344,1,1344,1,1344,4,729,0,729,97,61.906,60.937,61.562,63.0,63.0,60.843,16609,7246,4086,598.52
2026-06-23T11:50:57.008498+00:00,7376,7607,768,20188,100,1344,0,1344,0,1344,0,1344,4,729,2,729,97,61.718,61.031,61.687,63.281,63.281,60.75,17290,8211,4001,600.04
2026-06-23T11:50:58.529972+00:00,7376,7607,768,20188,100,1344,0,1344,3,1344,3,1344,2,729,8,729,97,61.906,61.156,61.687,63.312,63.312,60.875,17486,8563,3923,601.56
2026-06-23T11:51:00.052091+00:00,7376,7607,768,20188,1,1036,0,1036,0,1036,1,1036,48,883,0,883,99,61.625,60.937,61.687,63.312,63.312,60.718,15690,7140,3778,603.09
2026-06-23T11:51:01.574140+00:00,7376,7607,768,20188,2,1344,80,1344,2,1344,2,1344,0,729,8,729,97,61.75,61.0,61.75,63.281,63.281,60.75,16964,7755,4008,604.61
2026-06-23T11:51:03.095376+00:00,7374,7607,768,20188,1,1344,100,1344,1,1344,0,1344,0,729,0,729,98,62.093,61.093,61.687,63.531,63.531,60.875,17526,8524,3962,606.13
2026-06-23T11:51:04.617299+00:00,7374,7607,768,20188,5,1036,67,1036,1,1036,4,1036,6,729,2,729,99,61.843,61.125,61.656,62.843,62.843,60.843,17054,8016,3968,607.65
2026-06-23T11:51:06.138297+00:00,7374,7607,768,20188,1,1344,49,1344,0,1344,0,1344,0,729,1,729,97,62.031,60.906,61.812,63.031,63.031,60.843,16531,7206,4086,609.17
2026-06-23T11:51:07.660387+00:00,7374,7607,768,20188,0,1344,100,1344,3,1344,2,1344,0,729,4,729,98,62.031,61.125,61.75,63.281,63.281,60.843,17172,8172,3962,610.69
2026-06-23T11:51:09.182752+00:00,7372,7607,776,20188,2,1036,96,1036,10,1036,1,1036,37,1344,1,1344,97,62.218,61.125,61.687,63.406,63.406,60.937,17879,8823,3962,612.22
2026-06-23T11:51:10.707257+00:00,7371,7607,776,20188,4,1036,2,1036,2,1036,3,1036,50,1190,3,1190,99,61.875,61.031,61.625,62.937,62.937,60.843,15901,7140,3857,613.74
2026-06-23T11:51:12.230118+00:00,7371,7607,776,20188,2,1344,5,1344,0,1344,2,1344,86,1344,0,1344,98,61.843,61.062,61.625,63.281,63.281,60.812,17054,7859,4047,615.26
2026-06-23T11:51:13.753018+00:00,7371,7607,776,20188,2,1036,5,1036,2,1036,0,1036,100,1344,0,1344,97,61.968,61.125,61.906,63.156,63.156,60.75,17447,8446,3962,616.79
2026-06-23T11:51:15.275275+00:00,7371,7607,776,20188,64,1036,3,1036,3,1036,0,1036,4,729,0,729,99,61.875,61.125,61.781,62.812,62.812,60.843,16885,7951,3929,618.31
2026-06-23T11:51:16.796824+00:00,7371,7607,776,20188,55,1344,2,1344,3,1344,2,1344,0,729,2,729,97,62.093,61.093,61.75,63.281,63.281,60.906,16688,7363,4086,619.83
2026-06-23T11:51:18.319361+00:00,7372,7607,776,20188,0,729,1,729,2,729,0,729,100,1344,5,1344,97,61.968,61.062,61.656,63.468,63.468,60.875,17408,8329,3962,621.35
2026-06-23T11:51:19.842176+00:00,7374,7607,776,20188,10,729,0,806,3,806,3,806,94,1344,0,1344,96,61.812,61.125,61.656,63.343,63.343,60.875,17565,8641,3923,622.88
2026-06-23T11:51:21.365171+00:00,7374,7607,776,20188,1,1036,3,1036,4,1036,2,1036,48,1344,0,1344,99,62.218,61.125,61.781,62.687,62.687,60.875,15901,6904,3975,624.4
2026-06-23T11:51:22.887789+00:00,7374,7607,776,20188,5,1036,3,1036,2,1036,6,1036,91,1344,1,1344,97,62.062,61.093,61.781,63.468,63.468,60.906,17054,7899,4008,625.92
2026-06-23T11:51:24.411519+00:00,7374,7607,776,20188,4,729,2,729,1,729,0,729,100,1344,1,1344,97,62.031,61.125,61.75,63.281,63.281,60.906,17526,8485,3962,627.44
2026-06-23T11:51:25.934179+00:00,7374,7607,776,20188,2,729,4,729,0,729,1,729,58,729,0,729,99,61.843,61.062,61.625,62.656,62.656,60.875,16216,7441,3851,628.97
2026-06-23T11:51:27.457438+00:00,7374,7607,776,20188,1,1036,6,1036,2,1036,3,1036,60,1344,0,1344,97,61.781,61.125,61.906,63.25,63.25,60.812,16806,7520,4086,630.49
2026-06-23T11:51:28.979955+00:00,7374,7607,776,20188,5,1036,3,1036,0,1036,0,1036,100,1344,1,1344,97,62.0,61.093,61.781,63.375,63.375,60.781,17329,8290,4001,632.01
2026-06-23T11:51:30.506295+00:00,7374,7607,776,20188,9,729,1,729,5,729,0,729,86,729,0,729,99,62.25,61.156,61.906,63.531,63.531,60.875,17801,8784,4001,633.54
2026-06-23T11:51:32.030001+00:00,7375,7607,776,20188,0,729,0,729,0,960,0,960,49,1344,0,1344,99,62.0,61.062,61.75,63.0,63.0,60.968,16058,6787,4047,635.06
2026-06-23T11:51:33.553023+00:00,7375,7607,776,20188,2,1036,2,1036,11,1036,3,1036,97,1344,0,1344,97,61.906,61.093,61.656,62.968,62.968,60.968,17003,7833,3968,636.59
2026-06-23T11:51:35.075151+00:00,7375,7607,776,20188,1,1344,0,1344,1,1344,0,1344,100,1344,0,1344,99,61.812,61.156,61.75,63.531,63.531,60.875,17486,8485,3962,638.11
2026-06-23T11:51:36.598408+00:00,7375,7607,776,20188,2,1036,11,1036,4,1036,5,1036,56,1113,0,1113,98,61.843,61.125,61.968,62.562,62.562,60.875,16098,7402,3851,639.63
2026-06-23T11:51:38.122335+00:00,7375,7607,776,20188,3,1036,0,1036,5,1036,0,1036,62,1344,0,1344,97,61.75,61.125,61.875,63.343,63.343,60.875,16649,7402,4047,641.16
2026-06-23T11:51:39.645428+00:00,7375,7607,776,20188,7,1036,7,1036,2,1036,2,1036,100,1344,0,1344,97,62.0,61.125,61.75,63.468,63.468,61.031,17211,8211,3962,642.68
2026-06-23T11:51:41.169977+00:00,7375,7607,776,20188,3,729,1,1036,0,1036,0,1036,86,1344,0,1344,99,61.968,61.156,61.781,63.75,63.75,61.062,17801,8705,4001,644.2
2026-06-23T11:51:42.693603+00:00,7375,7607,776,20188,2,1036,9,1036,4,1036,3,1036,45,1344,0,1344,99,62.343,61.125,61.781,62.781,62.781,60.906,15940,6708,4054,645.73
2026-06-23T11:51:44.216651+00:00,7375,7607,776,20188,0,1036,1,1036,0,1036,1,1036,98,1344,0,1344,98,61.812,61.062,61.718,63.343,63.343,60.875,17172,7977,4008,647.25
2026-06-23T11:51:45.740168+00:00,7375,7607,776,20188,7,729,4,729,6,729,5,729,100,1344,0,1344,98,61.75,61.25,61.718,63.5,63.5,60.875,17486,8524,3962,648.77
2026-06-23T11:51:47.263288+00:00,7375,7607,776,20188,0,1036,0,1036,0,1036,1,1036,50,729,0,729,99,61.656,61.156,61.906,62.843,62.843,60.875,15980,7336,3817,650.3
2026-06-23T11:51:48.787121+00:00,7375,7607,776,20188,0,1036,2,1036,6,1036,2,1036,68,1344,0,1344,99,61.718,61.125,61.906,63.218,63.218,60.906,16806,7520,4047,651.82
2026-06-23T11:51:50.309917+00:00,7381,7607,776,20188,1,1036,0,1036,3,1036,3,1036,100,1344,0,1344,97,62.093,61.093,61.875,63.343,63.343,60.968,17486,8407,3962,653.34
2026-06-23T11:51:51.833720+00:00,7381,7607,776,20188,9,729,2,729,2,729,2,729,78,729,0,729,98,62.25,61.25,61.843,63.437,63.437,61.0,17761,8524,4080,654.87
2026-06-23T11:51:53.357044+00:00,7381,7607,776,20188,6,729,3,729,0,729,2,729,49,1344,0,1344,98,62.031,61.156,61.781,62.968,62.968,60.875,16295,6854,4126,656.39
2026-06-23T11:51:54.881638+00:00,7381,7607,776,20188,2,729,5,729,3,729,2,729,100,1344,0,1344,98,61.906,61.093,61.75,63.562,63.562,60.937,17290,8133,4001,657.91
2026-06-23T11:51:56.403215+00:00,7381,7607,776,20188,0,729,1,729,2,729,3,729,100,1344,0,1344,97,61.843,61.25,61.906,63.75,63.75,61.062,17722,8681,3962,659.44
2026-06-23T11:51:57.926039+00:00,7381,7607,776,20188,3,1344,3,729,5,729,2,729,50,1036,0,1036,99,61.968,61.062,61.843,63.031,63.031,61.0,15848,7140,3857,660.96
2026-06-23T11:51:59.449063+00:00,7381,7607,776,20188,2,1036,6,1036,0,1036,1,1036,80,1344,0,1344,97,62.093,61.156,61.781,63.468,63.468,60.906,17003,7781,4008,662.48
2026-06-23T11:52:00.972768+00:00,7381,7607,776,20188,2,729,0,1036,3,1036,5,1036,100,1344,0,1344,97,61.968,61.156,61.781,63.343,63.343,60.875,17565,8563,3962,664.01
2026-06-23T11:52:02.495460+00:00,7381,7607,776,20188,4,1036,3,1036,1,1036,4,1036,65,729,0,729,99,61.687,61.218,62.0,63.062,63.062,60.937,16924,7938,3968,665.53
2026-06-23T11:52:04.022375+00:00,7381,7607,776,20188,6,729,10,729,3,729,3,729,44,1344,0,1344,97,61.906,61.093,61.75,63.218,63.218,60.937,16609,7246,4086,667.06
2026-06-23T11:52:05.544839+00:00,7381,7607,776,20188,0,1344,7,1344,3,1344,7,1344,100,1344,0,1344,98,62.343,61.156,61.812,63.281,63.281,60.906,17250,8211,3962,668.58
2026-06-23T11:52:07.068213+00:00,7381,7607,776,20188,1,960,1,960,2,960,1,960,96,1344,0,1344,96,61.968,61.156,62.0,63.343,63.343,60.968,17604,8641,3923,670.1
2026-06-23T11:52:08.590795+00:00,7381,7607,776,20188,6,729,2,729,2,729,4,729,46,1344,0,1344,99,61.968,61.125,61.75,62.843,62.843,60.937,15769,6983,3857,671.62
2026-06-23T11:52:10.114383+00:00,7381,7607,776,20188,1,960,0,960,0,960,0,960,86,1344,0,1344,97,61.968,61.125,61.718,63.281,63.281,61.0,17054,7899,4008,673.15
2026-06-23T11:52:11.637149+00:00,7373,7607,776,20188,2,1036,4,1036,6,1036,7,1036,100,1344,0,1344,97,61.937,61.218,61.781,63.343,63.343,60.937,17368,8407,3923,674.67
2026-06-23T11:52:13.159959+00:00,7373,7607,776,20188,0,729,0,729,0,729,0,729,63,729,0,729,99,61.781,61.187,61.906,62.906,62.906,60.906,16649,7755,3890,676.19
2026-06-23T11:52:14.682237+00:00,7374,7607,776,20188,10,1036,9,1036,9,1036,4,1036,46,1344,0,1344,97,61.937,61.156,61.718,63.187,63.187,61.125,16570,7285,4086,677.72
2026-06-23T11:52:16.205437+00:00,7374,7607,776,20188,0,806,1,806,0,806,0,806,100,1344,0,1344,98,61.968,61.218,61.937,63.406,63.406,61.031,17408,8329,3962,679.24
2026-06-23T11:52:17.727740+00:00,7374,7607,776,20188,7,729,2,729,2,729,4,1036,92,1344,0,1344,96,61.906,61.218,61.875,63.406,63.406,60.968,17565,8524,3962,680.76
2026-06-23T11:52:19.250239+00:00,7374,7607,776,20188,0,729,0,729,1,729,0,729,50,1344,0,1344,99,61.968,61.25,61.875,62.593,62.593,60.968,16176,6904,4086,682.28
2026-06-23T11:52:20.772279+00:00,7378,7607,776,20188,11,1344,4,1344,4,1344,2,1344,96,1344,0,1344,97,62.093,61.187,61.875,63.343,63.343,61.031,16975,7911,4008,683.81
2026-06-23T11:52:22.295687+00:00,7378,7607,776,20188,0,729,3,729,0,729,0,729,100,1344,0,1344,99,62.031,61.156,61.875,63.625,63.625,60.968,17565,8524,3962,685.33
2026-06-23T11:52:23.819355+00:00,7378,7607,776,20188,11,729,4,729,5,729,4,729,54,729,1,729,98,61.906,61.125,61.875,62.75,62.75,61.0,16006,7285,3817,686.85
2026-06-23T11:52:25.342660+00:00,7378,7607,776,20188,0,1036,1,1036,3,1036,1,1036,65,1344,0,1344,99,61.968,61.187,61.812,63.312,63.312,60.968,16806,7559,4086,688.38
2026-06-23T11:52:26.865765+00:00,7378,7607,776,20188,2,1036,1,1036,3,1036,7,1036,100,1344,3,1344,98,62.031,61.25,61.937,63.375,63.375,60.937,17408,8329,3962,689.9
2026-06-23T11:52:28.388488+00:00,7378,7607,776,20188,0,729,1,729,0,729,1,1036,78,1344,0,1344,98,62.125,61.312,61.906,63.375,63.375,61.125,17879,8588,4080,691.42
2026-06-23T11:52:29.910843+00:00,7378,7607,776,20188,7,1036,3,1036,3,1036,6,1036,48,1344,2,1344,99,62.062,61.187,61.812,63.093,63.093,61.0,16295,6854,4126,692.94
2026-06-23T11:52:31.433905+00:00,7378,7607,776,20188,0,1344,0,1036,0,1036,1,1036,100,1344,0,1344,98,61.968,61.156,61.75,63.375,63.375,61.031,17211,8055,4001,694.47
2026-06-23T11:52:32.956682+00:00,7378,7607,776,20188,7,1036,2,1036,4,1036,2,1036,100,1344,0,1344,97,62.0,61.25,61.843,63.562,63.562,61.062,17643,8641,3962,695.99
2026-06-23T11:52:34.481233+00:00,7378,7607,776,20188,1,1036,1,1036,0,1036,1,1036,51,729,0,729,99,61.875,61.125,62.0,63.0,63.0,60.937,15848,7218,3817,697.51
2026-06-23T11:52:36.003940+00:00,7378,7607,776,20188,20,729,4,1036,2,1036,4,1036,66,1344,1,1344,98,62.093,61.187,61.875,63.375,63.375,60.937,16924,7664,4047,699.04
2026-06-23T11:52:37.531091+00:00,7379,7607,776,20188,5,729,1,729,0,729,2,729,100,1344,0,1344,98,62.0,61.25,61.937,63.531,63.531,60.875,17565,8485,3962,700.56
2026-06-23T11:52:39.056270+00:00,7379,7607,776,20188,1,1036,0,1036,0,1036,4,1036,71,729,0,729,99,62.125,61.25,62.0,63.25,63.25,61.156,17447,8250,4080,702.09
2026-06-23T11:52:40.579351+00:00,7379,7607,776,20188,5,1036,3,1036,4,1036,4,1036,45,1344,0,1344,98,62.218,61.218,61.843,62.968,62.968,61.062,16019,6787,4054,703.61
2026-06-23T11:52:42.102364+00:00,7385,7607,776,20188,0,1036,0,1036,0,1036,2,1036,100,1344,0,1344,97,62.093,61.25,61.843,63.375,63.375,61.093,17290,8133,4001,705.14
2026-06-23T11:52:43.624621+00:00,7385,7607,776,20188,5,1036,5,1036,5,1036,4,1036,0,1344,100,1344,98,62.093,61.281,61.843,63.375,63.375,61.062,17565,8563,3923,706.66
2026-06-23T11:52:45.147275+00:00,7385,7607,776,20188,0,1036,3,1036,0,1036,1,1036,0,729,48,729,99,61.687,61.218,61.937,63.0,63.0,61.031,15611,7022,3778,708.18
2026-06-23T11:52:46.670826+00:00,7385,7607,776,20188,3,1344,9,1344,4,1036,2,1036,0,1344,79,1344,97,62.312,61.187,61.937,63.281,63.281,61.187,16964,7742,4047,709.7
2026-06-23T11:52:48.193653+00:00,7385,7607,776,20188,3,1036,7,1036,0,1036,0,1036,0,1344,100,1344,97,62.281,61.156,61.843,63.468,63.468,61.156,17526,8524,3962,711.23
2026-06-23T11:52:49.716921+00:00,7385,7607,776,20188,5,1036,3,1036,8,1036,2,1036,0,729,66,729,99,62.093,61.281,61.937,63.375,63.375,61.093,17015,8016,4008,712.75
2026-06-23T11:52:51.240172+00:00,7385,7607,776,20188,0,1344,0,1344,1,1344,1,1344,0,1344,48,1344,98,62.031,61.25,61.875,63.187,63.187,60.968,16531,7167,4086,714.27
2026-06-23T11:52:52.765603+00:00,7385,7607,776,20188,9,729,2,1036,2,1036,5,1036,0,1344,100,1344,97,62.062,61.156,62.031,63.687,63.687,61.0,17250,8172,3962,715.8
2026-06-23T11:52:54.288305+00:00,7385,7607,776,20188,0,729,0,729,0,729,0,729,0,1344,98,1344,97,62.0,61.312,61.906,63.468,63.468,61.0,17683,8666,3962,717.32
2026-06-23T11:52:55.811567+00:00,7386,7607,776,20188,6,1036,5,1036,7,1036,5,1036,17,1190,31,1190,99,62.125,61.187,62.0,63.25,63.25,61.218,15769,7100,3857,718.84
2026-06-23T11:52:57.335373+00:00,7386,7607,776,20188,0,1036,0,1036,0,1036,0,1036,84,1344,0,1344,98,62.031,61.218,61.937,63.75,63.406,61.156,17054,7899,4047,720.37
2026-06-23T11:52:58.858515+00:00,7386,7607,776,20188,5,729,3,729,6,729,0,729,100,1344,0,1344,97,62.156,61.312,61.906,63.625,63.625,61.0,17486,8485,3962,721.89
2026-06-23T11:53:00.381884+00:00,7386,7607,776,20188,0,1036,0,1036,1,1036,1,1036,60,729,0,729,99,62.0,61.187,61.937,62.843,62.843,61.062,16295,7559,3851,723.42
2026-06-23T11:53:01.905108+00:00,7386,7607,776,20188,5,1036,4,1036,10,1036,2,1036,60,1344,0,1344,98,61.937,61.343,62.093,63.343,63.343,61.0,16767,7441,4086,724.94
2026-06-23T11:53:03.428566+00:00,7386,7607,776,20188,0,1036,0,1036,1,1036,0,1036,100,1344,0,1344,98,62.031,61.406,62.062,63.656,63.656,61.156,17408,8329,4001,726.46
2026-06-23T11:53:04.952642+00:00,7386,7607,776,20188,8,1036,2,1036,2,1036,4,1036,90,1344,0,1344,99,61.906,61.375,62.031,63.5,63.5,61.218,17526,8563,3962,727.99
2026-06-23T11:53:06.476848+00:00,7386,7607,776,20188,1,729,0,729,0,729,0,729,52,1344,0,1344,99,62.093,61.281,61.937,62.593,62.593,61.25,16176,6854,4086,729.51
2026-06-23T11:53:08.000535+00:00,7386,7607,776,20188,7,1036,10,1036,8,1036,0,1036,98,1344,0,1344,99,62.25,61.25,62.0,63.593,63.593,61.187,17172,8016,4040,731.03
2026-06-23T11:53:09.524718+00:00,7386,7607,776,20188,0,729,0,729,1,729,0,1036,100,1344,0,1344,97,62.156,61.281,62.062,63.843,63.843,61.031,17643,8602,3962,732.56
2026-06-23T11:53:11.054167+00:00,7387,7607,776,20188,48,729,9,729,2,729,3,729,2,729,0,729,99,62.218,61.218,61.968,62.781,62.781,61.156,15848,7218,3817,734.09
2026-06-23T11:53:12.576811+00:00,7387,7607,776,20188,4,1344,71,1344,5,1344,4,1344,1,729,0,729,97,62.312,61.406,61.906,63.343,63.343,61.125,16767,7520,4047,735.61
2026-06-23T11:53:14.098057+00:00,7387,7607,776,20188,7,1344,100,1344,2,1344,0,1344,0,729,0,729,98,62.25,61.468,62.062,63.906,63.906,61.093,17447,8407,3962,737.13
2026-06-23T11:53:15.619284+00:00,7387,7607,776,20188,4,1036,78,1036,2,1036,1,1036,1,729,0,729,98,62.281,61.437,62.031,63.625,63.375,61.218,17604,8432,4080,738.65
2026-06-23T11:53:17.140767+00:00,7387,7607,776,20188,1,1344,48,1344,3,1344,0,1344,7,729,0,729,99,62.281,61.312,61.968,63.25,63.25,61.156,16255,6854,4126,740.17
2026-06-23T11:53:18.662642+00:00,7387,7607,776,20188,2,1344,100,1344,1,1344,2,1344,0,729,0,729,97,62.156,61.312,61.937,63.625,63.625,61.062,17211,8094,4001,741.7
2026-06-23T11:53:20.184002+00:00,7387,7607,776,20188,5,1344,100,1344,0,1344,1,1344,0,729,1,729,98,62.031,61.406,62.093,63.843,63.843,61.125,17526,8563,3962,743.22
2026-06-23T11:53:21.706375+00:00,7387,7607,776,20188,7,729,50,729,9,729,5,729,2,729,0,729,85,62.093,61.281,62.0,63.156,63.156,61.218,15651,7061,3778,744.74
2026-06-23T11:53:23.229989+00:00,7387,7607,776,20188,0,1344,74,1344,3,1344,1,1344,0,729,0,729,97,62.218,61.375,61.968,63.656,63.656,61.218,16924,7676,4047,746.26
2026-06-23T11:53:24.751217+00:00,7387,7607,776,20188,5,1344,100,1344,4,1344,4,1344,0,729,1,729,97,62.218,61.468,61.906,63.5,63.812,61.031,17486,8446,3962,747.78
2026-06-23T11:53:26.273425+00:00,7387,7607,776,20188,3,729,70,1036,0,1036,1,1036,0,729,3,729,99,61.968,61.5,62.125,63.656,63.656,61.281,17329,8172,4040,749.31
2026-06-23T11:53:27.794389+00:00,7387,7607,776,20188,2,1344,52,1344,10,1344,5,1344,1,729,0,729,97,62.562,61.312,61.968,63.281,63.281,61.25,16649,7324,4086,750.83
2026-06-23T11:53:29.315927+00:00,7387,7607,776,20188,0,1344,100,1344,0,1344,0,1344,1,729,0,729,97,62.218,61.343,62.0,63.593,63.593,61.187,17329,8250,4001,752.35
2026-06-23T11:53:30.838481+00:00,7387,7607,776,20188,9,1036,2,1036,1,1036,0,1036,96,1344,5,1344,97,62.156,61.343,62.093,63.75,63.75,61.156,17604,8641,3923,753.87
2026-06-23T11:53:32.361733+00:00,7387,7607,776,20188,3,1036,0,1036,0,1036,1,1036,49,1344,0,1344,99,62.218,61.375,62.062,63.187,63.187,61.312,15901,7061,3936,755.39
2026-06-23T11:53:33.884393+00:00,7387,7607,776,20188,5,1036,2,1036,9,1036,3,1036,88,1344,3,1344,97,62.093,61.343,61.937,63.531,63.531,61.25,17054,7899,4008,756.92
2026-06-23T11:53:35.407806+00:00,7387,7607,776,20188,0,1036,0,1036,3,1036,0,1036,100,1344,0,1344,97,62.125,61.281,62.093,63.687,63.687,61.093,17565,8524,3962,758.44
2026-06-23T11:53:36.931454+00:00,7387,7607,776,20188,0,729,2,1036,8,1036,7,1036,56,729,0,729,99,62.031,61.281,61.937,62.968,62.968,61.125,16176,7402,3851,759.96
2026-06-23T11:53:38.454553+00:00,7387,7607,776,20188,0,1036,3,1036,1,1036,0,1036,64,1344,0,1344,98,62.031,61.375,62.156,63.406,63.406,61.0,16806,7520,4086,761.49
2026-06-23T11:53:39.977323+00:00,7388,7607,776,20188,5,1036,9,1036,2,1036,5,1036,100,1344,1,1344,99,62.0,61.343,62.062,63.468,63.468,61.062,17290,8290,3962,763.01
2026-06-23T11:53:41.499632+00:00,7388,7607,776,20188,1,729,1,729,0,729,0,729,80,1344,0,1344,98,62.187,61.375,61.937,63.75,63.75,61.218,17918,8666,4080,764.53
2026-06-23T11:53:43.022282+00:00,7388,7607,776,20188,4,729,9,729,2,729,0,729,48,1344,0,1344,99,62.125,61.312,62.0,63.281,63.281,61.187,16216,6815,4126,766.06
2026-06-23T11:53:44.544670+00:00,7388,7607,776,20188,1,1113,3,1113,1,1113,0,1113,100,1344,0,1344,97,62.031,61.312,62.093,63.75,63.75,61.062,17250,8094,4001,767.58
2026-06-23T11:53:46.071394+00:00,7388,7607,776,20188,4,960,0,960,9,960,0,960,100,1344,1,1344,98,62.0,61.375,61.906,63.906,63.906,61.062,17604,8602,3962,769.1
2026-06-23T11:53:47.594236+00:00,7388,7607,776,20188,5,729,2,729,3,729,2,729,51,729,0,729,91,61.906,61.375,62.156,62.843,62.843,61.062,15651,7022,3817,770.63
2026-06-23T11:53:49.117168+00:00,7388,7607,776,20188,3,960,6,960,0,960,1,960,74,1344,1,1344,97,61.968,61.343,62.031,63.781,63.781,61.25,16846,7637,4047,772.15
2026-06-23T11:53:50.639464+00:00,7388,7607,776,20188,5,1036,2,1036,2,1036,5,1036,100,1344,0,1344,97,62.281,61.281,62.031,63.375,63.375,61.093,17368,8368,3962,773.67
2026-06-23T11:53:52.162429+00:00,7388,7607,776,20188,7,1036,1,1036,5,1036,0,1036,74,1344,0,1344,99,62.093,61.406,62.0,63.375,63.375,61.187,17643,8315,4119,775.2
2026-06-23T11:53:53.685278+00:00,7388,7607,776,20188,4,729,3,729,5,729,2,729,50,1344,0,1344,98,61.937,61.25,62.031,63.562,63.562,61.031,16373,6971,4086,776.72
2026-06-23T11:53:55.208767+00:00,7388,7607,776,20188,9,1036,1,1036,0,1036,2,1036,100,1344,0,1344,98,61.937,61.312,62.0,63.5,63.5,61.125,17290,8172,4001,778.24
2026-06-23T11:53:56.731563+00:00,7388,7607,776,20188,5,729,2,1036,3,1036,0,1036,100,1344,0,1344,97,61.968,61.218,61.937,63.562,63.781,61.187,17604,8641,3923,779.76
2026-06-23T11:53:58.254774+00:00,7384,7607,776,20188,10,1344,16,1344,16,1344,10,1344,42,729,11,729,0,62.375,61.218,62.031,62.656,62.656,61.093,14941,6562,3666,781.29
2026-06-23T11:53:59.808989+00:00,7346,7607,925,20188,87,1344,86,1344,86,1344,86,1344,84,1344,100,1344,0,61.281,60.281,61.437,61.031,61.437,60.875,7894,2468,1791,782.85
2026-06-23T11:54:01.338909+00:00,7329,7607,951,20188,4,1344,5,1344,4,1344,50,1344,6,729,24,729,99,61.625,60.906,61.625,62.25,62.25,60.875,15769,6630,3975,784.37
2026-06-23T11:54:02.860610+00:00,7330,7607,951,20188,2,1344,2,1344,4,1344,100,1344,0,729,0,729,99,62.0,60.968,61.562,63.25,63.25,60.843,17093,7938,4008,785.89
2026-06-23T11:54:04.383606+00:00,7330,7607,951,20188,0,1344,3,1344,0,1344,100,1344,1,729,0,729,97,61.937,61.031,61.625,63.687,63.687,60.812,17565,8524,3962,787.42
2026-06-23T11:54:05.905747+00:00,7330,7607,951,20188,4,729,6,729,6,729,50,729,0,729,0,729,99,61.75,61.062,61.781,62.406,62.406,60.781,15769,7100,3817,788.94
2026-06-23T11:54:07.428483+00:00,7330,7607,951,20188,0,1344,1,1344,68,1344,2,1344,0,729,0,729,99,62.093,61.062,61.75,63.406,63.406,61.0,16767,7520,4047,790.46
2026-06-23T11:54:08.950814+00:00,7330,7607,951,20188,7,1344,6,1344,100,1344,2,1344,0,729,0,729,98,62.187,60.968,61.687,63.218,63.218,60.906,17329,8290,3962,791.98
2026-06-23T11:54:10.472815+00:00,7330,7607,951,20188,0,1036,0,1036,80,1036,0,1036,0,729,0,729,99,61.906,61.125,61.718,63.375,63.375,60.875,17918,8627,4080,793.51
2026-06-23T11:54:11.995462+00:00,7330,7607,951,20188,4,1036,4,1036,4,1036,8,1036,47,1344,0,1344,99,62.0,61.125,61.875,62.625,62.625,60.812,16176,6736,4126,795.03
2026-06-23T11:54:13.519492+00:00,7330,7607,951,20188,1,1036,0,1036,0,1036,1,1036,100,1344,0,1344,98,61.812,61.031,61.718,63.187,63.187,60.875,17172,8055,4001,796.55
2026-06-23T11:54:15.041735+00:00,7331,7607,951,20188,7,1344,2,1344,2,1344,7,1344,100,1344,0,1344,98,62.031,61.062,61.75,63.343,63.343,60.968,17526,8524,3962,798.07
2026-06-23T11:54:16.565431+00:00,7331,7607,951,20188,5,1036,0,1036,0,1036,3,1036,52,729,0,729,68,61.812,61.031,61.718,63.093,63.093,60.968,15862,7218,3857,799.6
2026-06-23T11:54:18.089421+00:00,7331,7607,951,20188,2,1344,0,1344,2,1344,16,1344,70,1344,0,1344,99,61.812,61.0,61.75,63.156,63.156,60.906,16767,7520,4047,801.12
2026-06-23T11:54:19.611746+00:00,7331,7607,951,20188,2,1036,1,1036,2,1036,5,1036,100,1344,1,1344,98,61.906,61.218,61.875,63.468,63.468,60.906,17368,8368,3962,802.64
2026-06-23T11:54:21.135522+00:00,7331,7607,951,20188,0,1036,1,1036,7,1036,2,1036,78,729,0,729,97,61.843,61.25,61.875,63.25,63.25,60.875,17722,8510,4080,804.17
2026-06-23T11:54:22.657775+00:00,7331,7607,951,20188,5,1344,4,1344,5,1344,4,1344,0,1344,52,1344,98,62.0,61.125,61.843,63.281,63.281,61.125,16491,7089,4126,805.69
2026-06-23T11:54:24.181421+00:00,7331,7607,951,20188,2,1036,7,1036,3,1036,0,1036,0,1344,100,1344,97,61.937,61.156,61.781,63.656,63.656,60.968,17250,8172,4001,807.21
2026-06-23T11:54:25.704304+00:00,7331,7607,951,20188,2,1344,3,1344,3,1344,2,1344,1,1344,100,1344,98,61.875,61.156,61.718,63.5,63.5,60.968,17565,8602,3923,808.74
2026-06-23T11:54:27.227041+00:00,7331,7607,951,20188,2,1036,0,1036,6,1036,0,1036,0,960,50,960,99,61.718,61.187,61.906,63.25,63.25,60.875,15809,7179,3817,810.26
2026-06-23T11:54:28.750049+00:00,7331,7607,951,20188,5,1036,5,1036,3,1036,2,1036,0,1344,82,1344,98,61.843,61.187,61.906,63.25,63.25,61.031,17003,7833,4047,811.78
2026-06-23T11:54:30.273269+00:00,7331,7607,951,20188,3,1036,0,1036,4,1036,1,1036,0,1344,100,1344,98,61.906,61.156,61.843,63.562,63.562,61.093,17486,8446,3962,813.31
2026-06-23T11:54:31.797356+00:00,7331,7607,951,20188,5,1036,3,1036,0,1036,5,1036,0,729,69,729,99,61.906,61.218,61.906,63.375,63.375,61.0,17250,8133,4001,814.83
2026-06-23T11:54:33.320854+00:00,7331,7607,951,20188,2,1344,4,1344,3,1344,1,1344,0,1344,51,1344,98,62.218,61.125,61.812,63.218,63.218,60.937,16609,7246,4086,816.35
2026-06-23T11:54:34.844530+00:00,7331,7607,951,20188,4,1036,2,1036,4,1036,5,1036,0,1344,100,1344,98,62.093,61.156,61.781,63.625,63.281,60.937,17250,8172,3962,817.88
2026-06-23T11:54:36.367431+00:00,7331,7607,951,20188,0,1036,5,1036,2,1036,0,1036,0,1344,98,1344,97,61.843,61.25,61.875,63.531,63.531,60.906,17643,8681,3962,819.4
2026-06-23T11:54:37.889686+00:00,7331,7607,951,20188,3,1344,5,1344,10,1344,2,1344,0,1344,48,1344,99,62.0,61.187,61.937,62.875,62.875,60.937,15980,7022,3936,820.92
2026-06-23T11:54:39.411568+00:00,7331,7607,951,20188,1,1036,1,1036,5,1036,0,1036,0,1344,90,1344,98,62.156,61.156,61.875,63.656,63.656,60.968,17093,7938,4008,822.44
2026-06-23T11:54:40.935125+00:00,7331,7607,951,20188,3,729,7,729,5,729,2,729,0,1344,100,1344,97,62.218,61.218,61.843,63.343,63.343,61.031,17486,8446,3962,823.97
2026-06-23T11:54:42.458162+00:00,7331,7607,951,20188,0,1036,5,1036,3,1036,0,1036,0,729,56,729,99,61.75,61.125,61.968,62.656,62.656,61.031,16098,7402,3817,825.49
2026-06-23T11:54:43.981696+00:00,7331,7607,951,20188,2,1036,4,1036,4,1036,2,1036,0,1344,58,1344,97,61.843,61.125,61.875,63.25,63.25,60.937,16728,7441,4047,827.01
2026-06-23T11:54:45.505567+00:00,7331,7607,951,20188,3,1036,1,1036,7,1036,0,1036,100,1344,0,1344,97,61.812,61.125,61.968,63.562,63.562,61.125,17329,8329,3962,828.54
2026-06-23T11:54:47.028692+00:00,7331,7607,951,20188,0,1036,5,1036,3,1036,3,1036,94,1344,0,1344,97,62.0,61.281,61.906,63.406,63.406,61.031,17526,8602,3923,830.06
2026-06-23T11:54:48.551498+00:00,7331,7607,951,20188,0,1036,2,1036,5,1036,0,1036,50,1344,0,1344,99,62.187,61.187,61.937,62.781,62.781,60.968,16019,6944,4014,831.58
2026-06-23T11:54:50.074370+00:00,7331,7607,951,20188,2,1036,0,1036,4,1036,2,1036,96,1344,0,1344,97,61.968,61.156,61.75,63.187,63.187,61.0,17211,8016,4040,833.11
2026-06-23T11:54:51.599542+00:00,7332,7607,951,20188,4,729,0,729,0,729,2,729,100,1344,1,1344,98,62.187,61.187,62.031,63.625,63.625,61.031,17683,8602,3962,834.63
2026-06-23T11:54:53.122650+00:00,7332,7607,951,20188,1,729,6,729,2,729,3,729,48,729,0,729,99,61.781,61.187,61.937,63.156,63.156,61.0,15887,7179,3817,836.16
2026-06-23T11:54:54.646024+00:00,7332,7607,951,20188,7,729,4,729,5,729,3,729,70,1344,0,1344,99,62.156,61.25,61.906,63.406,63.406,61.125,16767,7559,4047,837.68
2026-06-23T11:54:56.169246+00:00,7332,7607,951,20188,0,1036,1,1036,0,1036,5,1036,100,1344,0,1344,97,62.25,61.125,61.906,63.656,63.656,61.062,17447,8407,3962,839.2
2026-06-23T11:54:57.692276+00:00,7332,7607,951,20188,4,1036,2,1036,2,1036,2,1036,76,1344,0,1344,98,62.093,61.375,61.875,63.343,63.343,61.0,17683,8407,4080,840.73
2026-06-23T11:54:59.214652+00:00,7332,7607,951,20188,3,1036,2,1036,0,1036,3,1036,50,1344,0,1344,98,61.968,61.093,62.125,63.406,63.406,61.093,16334,6932,4086,842.25
2026-06-23T11:55:00.737649+00:00,7332,7607,951,20188,4,1036,2,1036,2,1036,2,1036,100,1344,0,1344,97,61.937,61.281,61.968,63.718,63.718,61.093,17093,8016,4008,843.77
2026-06-23T11:55:02.260703+00:00,7332,7607,951,20188,5,1036,0,1036,4,1036,1,1036,100,1344,0,1344,98,62.25,61.218,61.968,63.593,63.593,61.156,17643,8627,3962,845.29
2026-06-23T11:55:03.783530+00:00,7332,7607,951,20188,5,1036,3,1036,3,1036,0,1036,49,729,0,729,99,61.968,61.156,61.906,63.187,63.187,61.031,15690,7100,3817,846.82
2026-06-23T11:55:05.305839+00:00,7332,7607,951,20188,2,1036,6,1036,0,1036,0,1036,76,1344,0,1344,97,62.093,61.156,61.843,63.281,63.281,61.0,16964,7716,4047,848.34
2026-06-23T11:55:06.829625+00:00,7332,7607,951,20188,3,1344,2,1344,0,1344,2,1344,100,1344,0,1344,97,62.093,61.343,62.031,63.625,63.625,61.0,17447,8407,3962,849.86
2026-06-23T11:55:08.353119+00:00,7332,7607,951,20188,3,1036,0,1036,2,1036,9,1036,74,1344,0,1344,99,61.906,61.343,62.0,63.656,63.656,60.968,17683,8407,4080,851.39
2026-06-23T11:55:09.876692+00:00,7332,7607,951,20188,11,729,3,1036,3,1036,3,1036,50,1344,0,1344,97,62.093,61.125,61.937,63.281,63.281,61.156,16491,7050,4126,852.91
2026-06-23T11:55:11.400644+00:00,7332,7607,951,20188,5,1036,3,1036,1,1036,2,1036,100,1344,0,1344,97,62.156,61.218,61.968,63.656,63.437,61.156,17368,8250,4001,854.43
2026-06-23T11:55:12.923867+00:00,7332,7607,951,20188,6,1036,4,1036,3,1036,3,1036,100,1344,0,1344,97,62.031,61.25,62.0,63.562,63.562,61.125,17604,8627,3923,855.96
2026-06-23T11:55:14.447392+00:00,7332,7607,951,20188,1,1036,0,1036,7,1036,0,1036,49,883,0,883,99,61.906,61.125,61.843,63.125,63.125,61.031,15690,7140,3778,857.48
2026-06-23T11:55:15.969880+00:00,7332,7607,951,20188,19,1344,67,1344,5,1344,4,1344,0,729,0,729,97,62.093,61.375,62.062,63.437,63.437,61.062,16975,7781,4047,859.0
2026-06-23T11:55:17.491171+00:00,7332,7607,951,20188,3,1344,100,1344,1,1344,0,1344,0,729,0,729,97,62.343,61.312,61.968,63.593,63.593,61.156,17486,8524,3962,860.52
2026-06-23T11:55:19.013767+00:00,7332,7607,951,20188,0,1036,66,1036,3,1036,5,1036,0,729,0,729,99,62.093,61.25,61.843,63.281,63.281,61.093,16975,8016,3968,862.05
2026-06-23T11:55:20.536654+00:00,7332,7607,951,20188,0,1036,0,1036,3,1036,2,1036,50,1344,0,1344,98,62.093,61.125,61.937,63.656,63.312,61.093,16649,7285,4086,863.57
2026-06-23T11:55:22.060274+00:00,7332,7607,951,20188,2,1036,4,1036,3,1036,3,1036,100,1344,0,1344,97,62.0,61.187,61.875,63.656,63.656,60.937,17329,8250,3962,865.09
2026-06-23T11:55:23.582671+00:00,7333,7607,951,20188,2,1113,6,1113,0,1113,1,1113,96,1344,0,1344,96,61.968,61.25,62.062,63.625,63.625,61.0,17683,8681,3923,866.62
2026-06-23T11:55:25.110395+00:00,7333,7607,951,20188,3,960,1,960,2,960,3,960,49,1344,0,1344,99,61.906,61.187,62.093,63.187,63.187,60.968,15901,6983,3936,868.14
2026-06-23T11:55:26.632853+00:00,7333,7607,951,20188,8,729,2,729,6,729,3,729,90,1344,0,1344,97,62.0,61.218,61.875,63.156,63.156,61.187,16975,7820,4008,869.67
2026-06-23T11:55:28.155509+00:00,7333,7607,951,20188,0,960,0,960,1,960,0,960,100,1344,0,1344,97,62.312,61.281,61.937,63.687,63.687,61.218,17526,8524,3962,871.19
2026-06-23T11:55:29.679004+00:00,7333,7607,951,20188,3,1344,4,1344,2,1344,11,1344,57,729,0,729,99,61.906,61.187,61.875,63.0,63.0,61.062,16176,7481,3811,872.71
2026-06-23T11:55:31.201207+00:00,7333,7607,951,20188,60,1344,1,1344,1,1344,0,1344,0,729,1,729,97,62.093,61.25,61.843,63.343,63.343,61.0,16728,7441,4086,874.23
2026-06-23T11:55:32.724258+00:00,7333,7607,951,20188,13,729,4,729,5,729,5,729,100,1344,0,1344,97,61.812,61.281,62.031,63.687,63.687,61.0,17250,8211,3962,875.76
2026-06-23T11:55:34.246996+00:00,7333,7607,951,20188,1,1344,1,1344,0,1344,0,1344,90,1344,0,1344,97,61.906,61.25,61.937,63.312,63.312,61.125,17526,8524,3962,877.28
2026-06-23T11:55:35.771737+00:00,7333,7607,951,20188,4,1344,49,1344,7,1344,2,1344,0,960,1,960,99,62.25,61.187,61.843,62.906,62.906,61.031,15848,6944,3936,878.81
2026-06-23T11:55:37.294893+00:00,7333,7607,951,20188,5,1036,3,1036,1,1036,2,1036,92,1344,0,1344,97,62.312,61.25,61.875,63.718,63.718,61.062,17172,7938,4001,880.33
2026-06-23T11:55:38.817427+00:00,7333,7607,951,20188,4,960,1,960,5,960,3,960,100,1344,0,1344,97,61.937,61.25,61.781,63.656,63.656,61.031,17447,8446,3923,881.85
2026-06-23T11:55:40.341546+00:00,7333,7607,951,20188,1,1036,1,1036,0,1036,2,1036,62,729,0,729,99,61.843,61.281,62.093,63.062,63.062,61.031,16649,7755,3890,883.37
2026-06-23T11:55:41.864291+00:00,7333,7607,951,20188,2,1344,5,1344,3,1344,7,1344,1,1344,54,1344,98,61.906,61.343,61.968,63.343,63.343,60.968,16570,7246,4086,884.9
2026-06-23T11:55:43.387216+00:00,7333,7607,951,20188,3,1036,3,1036,0,1036,2,1036,0,1344,100,1344,97,62.312,61.25,61.906,63.656,63.656,61.218,17250,8211,3962,886.42
2026-06-23T11:55:44.911376+00:00,7333,7607,951,20188,3,1344,3,1344,3,1344,4,1344,0,1344,98,1344,97,62.25,61.281,61.906,63.562,63.562,61.187,17643,8641,3923,887.94
2026-06-23T11:55:46.434569+00:00,7333,7607,951,20188,0,1036,0,1036,7,1036,1,1036,0,1344,50,1344,99,62.187,61.281,61.906,62.968,62.968,61.093,15940,7100,3936,889.47
2026-06-23T11:55:47.957464+00:00,7333,7607,951,20188,2,1036,3,1036,3,1036,3,1036,88,1344,2,1344,97,61.875,61.25,61.843,63.375,63.375,61.062,17015,7859,4008,890.99
2026-06-23T11:55:49.479744+00:00,7333,7607,951,20188,0,1344,3,1344,2,1344,0,1344,100,1344,0,1344,97,61.906,61.312,62.062,63.656,63.656,61.031,17565,8524,3962,892.51
2026-06-23T11:55:51.002466+00:00,7333,7607,951,20188,4,729,3,1036,5,1036,3,1036,58,729,1,729,99,62.031,61.312,61.937,62.812,62.812,61.187,16176,7481,3811,894.04
2026-06-23T11:55:52.525524+00:00,7333,7607,951,20188,2,729,1,729,5,729,0,729,62,1344,0,1344,97,62.218,61.218,61.906,63.281,63.281,61.062,16806,7520,4086,895.56
2026-06-23T11:55:54.048633+00:00,7333,7607,951,20188,4,1036,8,1036,5,1036,3,1036,100,1344,0,1344,97,62.156,61.25,61.937,63.468,63.468,61.125,17368,8250,4001,897.08
2026-06-23T11:55:55.573352+00:00,7333,7607,951,20188,3,1036,1,1036,4,1036,2,1036,84,1344,0,1344,99,62.156,61.281,62.125,63.656,63.656,61.031,17840,8744,4001,898.61
2026-06-23T11:55:57.095075+00:00,7333,7607,951,20188,4,1344,2,1344,2,1344,2,1344,47,1344,0,1344,99,62.406,61.312,62.0,62.75,62.75,61.093,15862,6747,4014,900.13
2026-06-23T11:55:58.617872+00:00,7333,7607,951,20188,3,1344,2,1344,2,1344,4,1344,96,1344,0,1344,97,62.343,61.218,62.031,63.375,63.375,61.125,17172,7977,4040,901.65
2026-06-23T11:56:00.141924+00:00,7333,7607,951,20188,5,1036,2,1036,1,1036,1,1036,100,1344,0,1344,98,62.187,61.281,61.906,63.375,63.375,61.062,17565,8524,3962,903.18
2026-06-23T11:56:01.665597+00:00,7333,7607,951,20188,4,1036,0,1036,0,1036,9,1036,51,1113,0,1113,99,62.062,61.156,61.875,63.187,63.187,61.125,15887,7257,3817,904.7
2026-06-23T11:56:03.189167+00:00,7326,7607,959,20188,0,960,0,960,0,960,0,960,1,1344,62,1344,97,62.093,61.187,61.843,63.25,63.25,61.062,16728,7402,4047,906.22
2026-06-23T11:56:04.711685+00:00,7327,7607,959,20188,5,1344,4,1344,3,1344,12,1344,0,1344,100,1344,98,62.0,61.25,62.031,63.687,63.687,61.062,17211,8211,3962,907.74
2026-06-23T11:56:06.235824+00:00,7327,7607,959,20188,3,729,1,729,1,729,0,729,0,1344,84,1344,99,62.218,61.375,62.0,63.531,63.531,61.031,17879,8705,4040,909.27
2026-06-23T11:56:07.760054+00:00,7327,7607,959,20188,5,729,7,729,6,729,3,729,0,1344,49,1344,99,62.281,61.343,61.968,62.875,62.875,61.156,16058,6669,4126,910.79
2026-06-23T11:56:09.283508+00:00,7327,7607,959,20188,1,729,1,729,0,729,0,1036,0,1344,98,1344,98,62.031,61.281,62.031,63.468,63.468,61.156,17172,8055,4001,912.32
2026-06-23T11:56:10.806218+00:00,7327,7607,959,20188,12,729,2,729,3,729,2,729,0,1344,100,1344,97,62.093,61.406,61.937,63.562,63.562,61.093,17565,8563,3962,913.84
2026-06-23T11:56:12.328576+00:00,7327,7607,959,20188,0,1344,1,1344,0,1344,0,1344,0,729,49,729,99,61.906,61.156,62.093,63.281,63.281,61.093,15730,7100,3778,915.36
2026-06-23T11:56:13.851324+00:00,7327,7607,959,20188,5,1036,0,1036,7,1036,5,1036,0,1344,76,1344,98,61.968,61.312,62.0,63.812,63.406,61.031,16924,7716,4047,916.88
2026-06-23T11:56:15.374551+00:00,7327,7607,959,20188,1,729,0,729,1,729,0,729,0,1344,100,1344,98,62.156,61.312,61.968,63.781,63.781,61.156,17565,8524,3962,918.41
2026-06-23T11:56:16.897612+00:00,7327,7607,959,20188,6,1036,4,1036,4,1036,2,1036,0,729,68,729,99,62.093,61.25,61.968,63.406,63.406,61.156,17093,8055,4008,919.93
2026-06-23T11:56:18.421070+00:00,7327,7607,959,20188,1,1036,1,1036,0,1036,0,1036,0,1344,56,1344,98,62.0,61.281,61.843,63.468,63.468,61.031,16806,7481,4086,921.45
2026-06-23T11:56:19.944240+00:00,7327,7607,959,20188,4,729,9,729,2,1344,0,1344,0,1344,100,1344,97,62.0,61.25,61.906,63.656,63.656,61.093,17329,8290,3962,922.98
2026-06-23T11:56:21.466937+00:00,7328,7607,959,20188,3,1036,3,1036,1,1036,0,1036,0,1344,90,1344,98,62.093,61.343,62.0,63.343,63.343,61.093,17565,8563,3962,924.5
2026-06-23T11:56:22.990534+00:00,7328,7607,959,20188,3,729,2,729,3,729,4,729,0,1344,49,1344,99,62.125,61.281,62.0,62.906,62.906,61.187,16019,6944,4014,926.02
2026-06-23T11:56:24.513487+00:00,7328,7607,959,20188,0,1036,0,1036,3,1036,3,1036,0,1344,94,1344,97,62.093,61.312,62.0,63.406,63.406,61.156,17093,7938,4008,927.55
2026-06-23T11:56:26.037719+00:00,7328,7607,959,20188,1,1036,0,1036,3,1036,2,1036,0,1344,100,1344,99,62.312,61.25,61.968,63.531,63.531,61.062,17526,8485,3962,929.07
2026-06-23T11:56:27.560615+00:00,7328,7607,959,20188,1,1036,5,1036,3,1036,1,1036,0,729,51,729,99,61.906,61.218,61.968,62.843,62.843,61.156,16019,7297,3857,930.59
2026-06-23T11:56:29.085012+00:00,7328,7607,959,20188,7,729,5,1036,3,1036,0,1036,0,1344,70,1344,99,62.062,61.218,62.0,63.656,63.656,61.062,16924,7625,4086,932.12
2026-06-23T11:56:30.608604+00:00,7328,7607,959,20188,2,729,6,729,3,729,0,729,0,1344,100,1344,97,61.968,61.406,62.125,64.031,64.031,61.0,17447,8407,3962,933.64
2026-06-23T11:56:32.137306+00:00,7328,7607,959,20188,0,960,4,960,0,960,1,960,0,729,75,729,99,62.093,61.375,61.937,63.531,63.531,61.062,17761,8471,4119,935.17
2026-06-23T11:56:33.660023+00:00,7328,7607,959,20188,5,729,2,729,11,729,2,729,0,1344,50,1344,98,62.281,61.281,62.031,63.125,63.125,61.093,16373,7011,4086,936.69
2026-06-23T11:56:35.182700+00:00,7328,7607,959,20188,1,1344,1,1344,0,1344,0,1344,0,1344,100,1344,97,62.187,61.25,62.0,63.406,63.406,61.125,17290,8211,4001,938.22
2026-06-23T11:56:36.705599+00:00,7328,7607,959,20188,4,1036,5,1036,3,1036,3,1036,0,1344,100,1344,97,62.25,61.375,61.968,63.5,63.5,61.125,17565,8602,3923,939.74
2026-06-23T11:56:38.228384+00:00,7328,7607,959,20188,2,729,6,729,2,729,0,729,0,806,50,806,99,62.031,61.218,61.906,63.281,63.281,61.125,15809,7218,3778,941.26
2026-06-23T11:56:39.751111+00:00,7328,7607,959,20188,0,1036,6,1036,6,1036,3,1036,0,1344,78,1344,97,62.093,61.312,62.031,63.281,63.281,61.093,16924,7716,4047,942.78
2026-06-23T11:56:41.274315+00:00,7328,7607,959,20188,0,1036,1,1036,1,1036,0,1036,0,1344,100,1344,98,62.312,61.312,62.062,63.593,63.593,61.187,17526,8485,3962,944.31
2026-06-23T11:56:42.797138+00:00,7328,7607,959,20188,8,1344,4,1036,2,1036,7,1036,0,729,66,729,99,62.187,61.312,61.937,63.5,63.5,61.156,17015,8016,4008,945.83
2026-06-23T11:56:44.320057+00:00,7328,7607,959,20188,0,1036,0,1036,3,1036,0,1036,0,1344,52,1344,98,62.093,61.156,61.968,63.406,63.406,61.062,16688,7363,4086,947.35
2026-06-23T11:56:45.843774+00:00,7328,7607,959,20188,5,1036,2,1036,6,1036,5,1036,0,1344,100,1344,97,62.062,61.312,61.937,63.75,63.75,61.125,17250,8211,3962,948.88
2026-06-23T11:56:47.366642+00:00,7328,7607,959,20188,0,1036,0,1036,0,1036,0,1036,0,1344,93,1344,96,61.968,61.312,62.156,63.406,63.406,61.062,17604,8602,3962,950.4
2026-06-23T11:56:48.890598+00:00,7328,7607,959,20188,5,1036,3,1036,12,1036,5,1036,0,1344,47,1344,99,62.187,61.343,62.125,63.0,63.0,61.062,16019,6944,3975,951.92
2026-06-23T11:56:50.412593+00:00,7328,7607,959,20188,0,1036,1,1036,0,1036,0,1036,0,1344,96,1344,99,62.187,61.25,62.0,63.812,63.812,61.156,17290,8055,4040,953.45
2026-06-23T11:56:51.936535+00:00,7328,7607,959,20188,5,1036,3,1036,10,1036,2,1036,0,1344,100,1344,97,62.156,61.25,61.937,63.437,63.437,61.187,17486,8524,3962,954.97
2026-06-23T11:56:53.459632+00:00,7103,7607,901,20188,3,1344,3,1344,64,1344,13,1344,0,729,0,729,0,61.125,60.218,61.531,61.031,61.531,60.906,6589,1435,1834,956.49
