timestamp,ram_used_mb,ram_total_mb,swap_used_mb,swap_total_mb,cpu_mean_pct,gr3d_pct,power_total_mW,power_total_source,power_sum_rails_mW,VDD_CPU_GPU_CV_avg_mW,VDD_CPU_GPU_CV_mW,VDD_IN_avg_mW,VDD_IN_mW,VDD_SOC_avg_mW,VDD_SOC_mW,cpu0_pct,cpu1_pct,cpu2_pct,cpu3_pct,cpu4_pct,cpu5_pct,temp_cpu_C,temp_gpu_C,temp_soc0_C,temp_soc1_C,temp_soc2_C,temp_tj_C
08-11-2026 15:48:16,2339,7607,1136,16384,1.3333333333333333,0.0,5144,VDD_IN,7232,601,601,5144,5144,1487,1487,3.0,2.0,1.0,2.0,0.0,0.0,57.781,57.875,58.781,58.312,57.281,58.781
08-11-2026 15:48:17,2463,7607,1136,16384,16.0,0.0,5750,VDD_IN,8343,839,1076,5447,5750,1502,1517,12.0,9.0,7.0,7.0,9.0,52.0,58.125,57.531,58.562,58.218,57.093,58.562
08-11-2026 15:48:18,2657,7607,1136,16384,14.5,0.0,5710,VDD_IN,8181,878,956,5535,5710,1506,1515,6.0,5.0,4.0,3.0,16.0,53.0,58.093,57.437,58.5,58.093,56.875,58.468
08-11-2026 15:48:19,3258,7607,1136,16384,40.333333333333336,0.0,6629,VDD_IN,9855,1076,1671,5808,6629,1519,1555,36.0,34.0,36.0,37.0,42.0,57.0,58.062,57.343,58.312,58.093,57.093,58.312
08-11-2026 15:48:20,3940,7607,1136,16384,52.333333333333336,0.0,6658,VDD_IN,9884,1187,1632,5978,6658,1534,1594,58.0,50.0,50.0,45.0,54.0,57.0,57.781,57.562,58.375,57.968,56.968,58.375
08-11-2026 15:48:21,5677,7607,1136,16384,15.666666666666666,0.0,7216,VDD_IN,10639,1255,1592,6185,7216,1583,1831,12.0,5.0,74.0,3.0,0.0,0.0,57.906,57.718,58.406,57.812,56.781,58.406
08-11-2026 15:48:22,6239,7607,1136,16384,17.833333333333332,0.0,14373,VDD_IN,24206,2018,6601,7354,14373,1819,3232,5.0,2.0,98.0,1.0,1.0,0.0,58.75,58.5,58.593,57.937,57.5,58.75
08-11-2026 15:48:23,6272,7607,1136,16384,17.0,98.0,17290,VDD_IN,29619,2837,8563,8596,17290,2062,3766,4.0,2.0,94.0,2.0,0.0,0.0,59.25,60.0,58.656,58.218,58.0,60.0
08-11-2026 15:48:24,6744,7607,1136,16384,24.0,98.0,17604,VDD_IN,30114,3480,8627,9597,17604,2264,3883,10.0,11.0,98.0,6.0,14.0,5.0,59.281,60.25,58.781,58.343,58.187,60.25
08-11-2026 15:48:25,6800,7607,1136,16384,16.166666666666668,98.0,17732,VDD_IN,30353,3999,8666,10411,17732,2434,3955,2.0,3.0,90.0,2.0,0.0,0.0,59.5,60.437,59.218,58.375,58.343,60.437
08-11-2026 15:48:26,6848,7607,1136,16384,16.666666666666668,97.0,17693,VDD_IN,30243,4412,8549,11073,17693,2576,4001,3.0,5.0,10.0,2.0,80.0,0.0,59.437,60.781,59.218,58.375,58.312,60.781
08-11-2026 15:48:27,6852,7607,1136,16384,16.166666666666668,98.0,17732,VDD_IN,30237,4754,8510,11628,17732,2694,3995,2.0,5.0,1.0,1.0,86.0,2.0,59.468,60.843,59.218,58.5,58.531,60.843
08-11-2026 15:48:28,7146,7607,1150,16384,21.666666666666668,98.0,16216,VDD_IN,27273,4933,7089,11981,16216,2792,3968,5.0,55.0,2.0,1.0,40.0,27.0,59.687,60.687,59.218,58.593,58.562,60.687
08-11-2026 15:48:29,7157,7607,1150,16384,23.833333333333332,98.0,17889,VDD_IN,30239,5158,8081,12403,17889,2898,4269,8.0,66.0,8.0,33.0,26.0,2.0,59.687,60.937,59.437,58.687,58.718,60.937
08-11-2026 15:48:30,7158,7607,1150,16384,16.166666666666668,99.0,17654,VDD_IN,29770,5337,7847,12753,17654,2989,4269,4.0,1.0,5.0,2.0,85.0,0.0,59.968,60.593,59.562,58.593,58.75,60.593
08-11-2026 15:48:31,7158,7607,1150,16384,15.833333333333334,99.0,17575,VDD_IN,30009,5526,8354,13054,17575,3057,4080,1.0,2.0,5.0,2.0,85.0,0.0,59.906,61.187,59.718,58.75,58.812,61.187
08-11-2026 15:48:32,7158,7607,1150,16384,16.666666666666668,99.0,17732,VDD_IN,30315,5701,8510,13329,17732,3117,4073,7.0,1.0,2.0,5.0,85.0,0.0,59.812,61.156,59.687,58.812,58.937,61.156
08-11-2026 15:48:33,7159,7607,1150,16384,17.166666666666668,99.0,17575,VDD_IN,30047,5855,8471,13565,17575,3166,4001,3.0,2.0,4.0,2.0,92.0,0.0,59.968,61.125,59.718,58.968,59.031,61.125
08-11-2026 15:48:34,7160,7607,1150,16384,17.833333333333332,99.0,17772,VDD_IN,30471,6007,8744,13787,17772,3208,3955,2.0,3.0,8.0,3.0,91.0,0.0,60.218,61.343,59.937,59.031,59.156,61.343
08-11-2026 15:48:35,7160,7607,1150,16384,19.5,98.0,17811,VDD_IN,30511,6146,8784,13988,17811,3243,3916,10.0,5.0,6.0,8.0,88.0,0.0,60.062,61.406,60.062,59.062,59.187,61.406
08-11-2026 15:48:36,7161,7607,1150,16384,15.5,99.0,17732,VDD_IN,30392,6268,8705,14166,17732,3277,3955,2.0,2.0,1.0,4.0,84.0,0.0,60.156,61.531,59.812,59.125,59.187,61.531
08-11-2026 15:48:37,7161,7607,1150,16384,16.0,98.0,17772,VDD_IN,30432,6379,8705,14330,17772,3308,3955,4.0,3.0,0.0,4.0,85.0,0.0,60.468,61.562,60.062,59.281,59.312,61.562
08-11-2026 15:48:38,7162,7607,1150,16384,15.666666666666666,98.0,17732,VDD_IN,30354,6477,8627,14478,17732,3338,3995,2.0,1.0,3.0,3.0,85.0,0.0,60.468,61.875,60.218,59.312,59.468,61.875
08-11-2026 15:48:39,7162,7607,1150,16384,16.166666666666668,98.0,17772,VDD_IN,30394,6566,8627,14615,17772,3365,3995,3.0,2.0,2.0,5.0,85.0,0.0,60.281,62.031,60.281,59.281,59.562,62.031
08-11-2026 15:48:40,7164,7607,1150,16384,20.666666666666668,98.0,17732,VDD_IN,30276,6644,8510,14740,17732,3392,4034,7.0,17.0,6.0,10.0,84.0,0.0,60.468,61.968,60.312,59.375,59.562,61.968
08-11-2026 15:48:41,7164,7607,1150,16384,15.833333333333334,97.0,17693,VDD_IN,30120,6710,8354,14853,17693,3418,4073,2.0,4.0,2.0,1.0,86.0,0.0,60.625,61.843,60.375,59.5,59.656,61.843
08-11-2026 15:48:42,7165,7607,1150,16384,16.333333333333332,98.0,17811,VDD_IN,30238,6769,8315,14963,17811,3444,4112,3.0,8.0,2.0,1.0,84.0,0.0,60.968,62.281,60.531,59.625,59.718,62.281
08-11-2026 15:48:43,7165,7607,1150,16384,16.833333333333332,98.0,17693,VDD_IN,30042,6820,8198,15060,17693,3469,4151,3.0,2.0,2.0,7.0,87.0,0.0,60.656,62.343,60.593,59.625,59.812,62.343
08-11-2026 15:48:44,7166,7607,1150,16384,16.333333333333332,98.0,17772,VDD_IN,30082,6865,8120,15154,17772,3494,4190,3.0,6.0,2.0,2.0,85.0,0.0,60.843,62.312,60.562,59.687,59.812,62.312
08-11-2026 15:48:45,7167,7607,1150,16384,19.5,99.0,17486,VDD_IN,29374,6890,7612,15232,17486,3520,4276,11.0,6.0,16.0,2.0,82.0,0.0,61.156,61.812,60.656,59.812,59.968,61.812
08-11-2026 15:48:46,7167,7607,1150,16384,16.666666666666668,99.0,17575,VDD_IN,29775,6927,8042,15307,17575,3541,4158,6.0,3.0,3.0,2.0,86.0,0.0,61.031,61.625,60.75,59.906,60.062,61.625
08-11-2026 15:48:47,7168,7607,1150,16384,15.333333333333334,99.0,17250,VDD_IN,29384,6964,8094,15368,17250,3556,4040,2.0,4.0,2.0,1.0,83.0,0.0,61.0,62.031,60.812,59.843,60.062,62.031
08-11-2026 15:48:48,7168,7607,1150,16384,16.666666666666668,99.0,17290,VDD_IN,29489,7002,8237,15426,17290,3568,3962,3.0,4.0,2.0,2.0,89.0,0.0,61.062,61.937,60.968,59.812,60.062,61.937
08-11-2026 15:48:49,7168,7607,1150,16384,16.5,99.0,17575,VDD_IN,30086,7048,8549,15489,17575,3580,3962,3.0,23.0,1.0,4.0,68.0,0.0,61.125,62.312,60.843,59.906,60.156,62.312
08-11-2026 15:48:50,7174,7607,1150,16384,20.666666666666668,98.0,17693,VDD_IN,30393,7097,8784,15552,17693,3590,3916,11.0,5.0,4.0,16.0,88.0,0.0,61.281,62.218,60.781,59.968,60.218,62.218
08-11-2026 15:48:51,7174,7607,1150,16384,14.833333333333334,98.0,17575,VDD_IN,30086,7139,8588,15609,17575,3599,3923,78.0,1.0,1.0,5.0,4.0,0.0,61.125,62.218,61.062,60.156,60.406,62.218
08-11-2026 15:48:52,7174,7607,1150,16384,16.333333333333332,98.0,17654,VDD_IN,30236,7179,8627,15664,17654,3608,3955,87.0,8.0,1.0,2.0,0.0,0.0,61.281,62.343,61.062,60.062,60.5,62.343
08-11-2026 15:48:53,7174,7607,1150,16384,15.166666666666666,99.0,17654,VDD_IN,30159,7214,8510,15716,17654,3619,3995,85.0,2.0,1.0,1.0,1.0,1.0,61.343,62.437,61.156,60.125,60.468,62.437
08-11-2026 15:48:54,7174,7607,1150,16384,15.5,98.0,17615,VDD_IN,30126,7247,8510,15765,17615,3628,4001,86.0,1.0,1.0,0.0,1.0,4.0,61.562,62.625,61.093,60.218,60.531,62.625
08-11-2026 15:48:55,7175,7607,1150,16384,20.166666666666668,98.0,17654,VDD_IN,30087,7276,8393,15812,17654,3639,4040,47.0,5.0,16.0,13.0,40.0,0.0,61.562,62.5,61.156,60.281,60.406,62.5
08-11-2026 15:48:56,7176,7607,1150,16384,16.166666666666668,98.0,17654,VDD_IN,30088,7302,8354,15857,17654,3650,4080,2.0,1.0,4.0,2.0,86.0,2.0,61.281,62.593,61.218,60.375,60.531,62.593
08-11-2026 15:48:57,7176,7607,1150,16384,15.166666666666666,98.0,17486,VDD_IN,29621,7318,7977,15896,17486,3662,4158,2.0,2.0,1.0,2.0,81.0,3.0,61.375,62.625,61.343,60.25,60.562,62.625
08-11-2026 15:48:58,7177,7607,1150,16384,15.5,98.0,17458,VDD_IN,29502,7330,7847,15932,17458,3674,4197,2.0,1.0,1.0,6.0,83.0,0.0,61.343,62.875,61.343,60.375,60.531,62.875
08-11-2026 15:48:59,7177,7607,1150,16384,16.166666666666668,98.0,17575,VDD_IN,29659,7341,7808,15970,17575,3688,4276,3.0,2.0,1.0,5.0,86.0,0.0,61.656,62.843,61.375,60.406,60.625,62.843
08-11-2026 15:49:00,7178,7607,1150,16384,20.333333333333332,99.0,17732,VDD_IN,30004,7357,8042,16009,17732,3700,4230,7.0,18.0,4.0,6.0,86.0,1.0,62.031,62.5,61.343,60.437,60.781,62.5
08-11-2026 15:49:01,7178,7607,1150,16384,16.333333333333332,99.0,17654,VDD_IN,30127,7379,8393,16044,17654,3708,4080,8.0,1.0,2.0,2.0,85.0,0.0,61.562,63.062,61.437,60.625,60.812,63.062
08-11-2026 15:49:02,7178,7607,1150,16384,17.166666666666668,99.0,17772,VDD_IN,30316,7402,8432,16081,17772,3717,4112,6.0,8.0,2.0,2.0,85.0,0.0,61.656,63.187,61.562,60.406,60.875,63.187
08-11-2026 15:49:03,7178,7607,1150,16384,16.333333333333332,99.0,17172,VDD_IN,29306,7419,8211,16104,17172,3721,3923,2.0,1.0,1.0,3.0,90.0,1.0,61.5,62.593,61.625,60.531,60.75,62.593
08-11-2026 15:49:05,7179,7607,1150,16384,16.833333333333332,98.0,17615,VDD_IN,30275,7446,8744,16135,17615,3725,3916,2.0,2.0,2.0,4.0,91.0,0.0,61.656,63.062,61.562,60.593,60.843,63.062
08-11-2026 15:49:06,7180,7607,1150,16384,17.666666666666668,98.0,17732,VDD_IN,30392,7472,8744,16167,17732,3729,3916,4.0,5.0,7.0,6.0,84.0,0.0,62.156,63.093,61.593,60.687,60.968,63.093
08-11-2026 15:49:07,7181,7607,1150,16384,17.166666666666668,98.0,17615,VDD_IN,30158,7494,8627,16195,17615,3732,3916,7.0,2.0,7.0,4.0,83.0,0.0,61.625,63.156,61.625,60.656,61.0,63.156
08-11-2026 15:49:08,7181,7607,1150,16384,16.333333333333332,98.0,17693,VDD_IN,30275,7516,8627,16224,17693,3737,3955,6.0,2.0,2.0,1.0,87.0,0.0,61.718,63.25,61.75,60.718,60.968,63.562
08-11-2026 15:49:09,7180,7607,1150,16384,16.5,97.0,17654,VDD_IN,30159,7535,8510,16251,17654,3742,3995,2.0,3.0,3.0,5.0,86.0,0.0,62.031,63.468,61.625,60.75,61.031,63.468
08-11-2026 15:49:10,7181,7607,1150,16384,15.833333333333334,98.0,17693,VDD_IN,30198,7553,8510,16278,17693,3746,3995,3.0,1.0,1.0,4.0,86.0,0.0,62.125,63.625,61.781,60.812,60.968,63.625
08-11-2026 15:49:11,7181,7607,1150,16384,15.5,97.0,17536,VDD_IN,29852,7566,8276,16300,17536,3752,4040,3.0,3.0,2.0,3.0,82.0,0.0,62.031,63.5,61.843,60.906,61.125,63.5
08-11-2026 15:49:12,7183,7607,1150,16384,19.166666666666668,98.0,17693,VDD_IN,30120,7579,8315,16325,17693,3758,4112,36.0,9.0,15.0,3.0,52.0,0.0,61.906,63.718,62.0,60.812,61.312,63.718
08-11-2026 15:49:13,7183,7607,1150,16384,15.333333333333334,98.0,17615,VDD_IN,29886,7589,8120,16348,17615,3765,4151,86.0,2.0,1.0,3.0,0.0,0.0,62.0,63.437,61.937,60.843,61.125,63.437
08-11-2026 15:49:14,7184,7607,1150,16384,15.833333333333334,98.0,17408,VDD_IN,29464,7594,7859,16366,17408,3772,4197,58.0,2.0,4.0,5.0,0.0,26.0,62.156,63.312,61.843,60.875,61.125,63.312
08-11-2026 15:49:15,7184,7607,1150,16384,15.833333333333334,99.0,17526,VDD_IN,29453,7594,7612,16386,17526,3782,4315,3.0,3.0,2.0,4.0,17.0,66.0,62.531,63.093,61.875,60.968,61.281,63.093
08-11-2026 15:49:16,7184,7607,1150,16384,16.5,99.0,17615,VDD_IN,29848,7601,8003,16406,17615,3789,4230,3.0,3.0,3.0,4.0,86.0,0.0,62.25,63.031,61.968,61.031,61.187,63.031
08-11-2026 15:49:17,7186,7607,1150,16384,20.833333333333332,99.0,17615,VDD_IN,30081,7614,8432,16426,17615,3793,4034,18.0,10.0,4.0,8.0,85.0,0.0,62.093,63.406,62.0,60.906,61.312,63.406
08-11-2026 15:49:18,7186,7607,1150,16384,15.833333333333334,99.0,17093,VDD_IN,29149,7622,8094,16437,17093,3796,3962,3.0,1.0,1.0,4.0,86.0,0.0,62.031,63.343,62.0,60.968,61.312,63.343
08-11-2026 15:49:19,7186,7607,1150,16384,16.833333333333332,99.0,17575,VDD_IN,30080,7636,8510,16455,17575,3799,3995,2.0,3.0,1.0,4.0,91.0,0.0,62.156,63.343,62.062,61.062,61.406,63.343
08-11-2026 15:49:20,7187,7607,1150,16384,17.166666666666668,98.0,17732,VDD_IN,30432,7654,8784,16475,17732,3801,3916,4.0,2.0,1.0,5.0,91.0,0.0,62.406,63.531,62.0,61.093,61.375,63.531
08-11-2026 15:49:21,7187,7607,1150,16384,15.0,98.0,17654,VDD_IN,30204,7668,8588,16493,17654,3803,3962,3.0,2.0,1.0,3.0,81.0,0.0,62.093,63.468,62.125,61.0,61.343,63.468
08-11-2026 15:49:22,7190,7607,1150,16384,20.166666666666668,98.0,17850,VDD_IN,30549,7685,8744,16514,17850,3806,3955,5.0,18.0,8.0,4.0,86.0,0.0,62.25,63.812,62.156,61.125,61.437,63.812
08-11-2026 15:49:23,7191,7607,1150,16384,16.166666666666668,98.0,17693,VDD_IN,30276,7698,8588,16531,17693,3808,3995,2.0,4.0,4.0,3.0,84.0,0.0,62.406,63.812,62.125,61.156,61.375,63.812
08-11-2026 15:49:24,7191,7607,1150,16384,16.0,98.0,17772,VDD_IN,30355,7711,8588,16550,17772,3811,3995,0.0,3.0,1.0,6.0,86.0,0.0,62.375,63.937,62.062,61.187,61.5,63.937
08-11-2026 15:49:25,7192,7607,1150,16384,16.5,98.0,17693,VDD_IN,30198,7722,8471,16566,17693,3814,4034,6.0,1.0,1.0,5.0,86.0,0.0,62.593,63.968,62.125,61.343,61.468,63.968
08-11-2026 15:49:26,7192,7607,1150,16384,16.0,98.0,17565,VDD_IN,29881,7730,8276,16580,17565,3818,4040,2.0,3.0,2.0,5.0,84.0,0.0,62.218,63.906,62.218,61.218,61.468,63.906
08-11-2026 15:49:27,7193,7607,1150,16384,20.0,98.0,17772,VDD_IN,30199,7738,8315,16597,17772,3822,4112,8.0,7.0,5.0,16.0,84.0,0.0,62.312,63.75,62.406,61.25,61.5,63.75
08-11-2026 15:49:28,7193,7607,1150,16384,15.666666666666666,98.0,17458,VDD_IN,29580,7742,7964,16609,17458,3826,4158,6.0,1.0,2.0,1.0,84.0,0.0,62.437,63.593,62.187,61.343,61.5,63.593
08-11-2026 15:49:29,7194,7607,1150,16384,15.666666666666666,98.0,17368,VDD_IN,29308,7741,7703,16619,17368,3832,4237,6.0,2.0,2.0,2.0,82.0,0.0,62.5,63.625,62.156,61.312,61.562,63.625
08-11-2026 15:49:30,7194,7607,1150,16384,16.0,99.0,17536,VDD_IN,29541,7740,7690,16632,17536,3839,4315,6.0,1.0,3.0,1.0,85.0,0.0,63.031,63.156,62.218,61.375,61.593,63.156
08-11-2026 15:49:31,7195,7607,1150,16384,15.5,99.0,17250,VDD_IN,29345,7745,8055,16640,17250,3841,4040,5.0,2.0,1.0,2.0,83.0,0.0,62.375,63.687,62.281,61.468,61.531,63.687
08-11-2026 15:49:32,7195,7607,1150,16384,20.5,99.0,17811,VDD_IN,30472,7756,8588,16656,17811,3844,4073,7.0,15.0,7.0,10.0,84.0,0.0,62.593,64.093,62.437,61.25,61.656,64.093
08-11-2026 15:49:33,7196,7607,1150,16384,17.0,99.0,17575,VDD_IN,30047,7765,8471,16667,17575,3846,4001,2.0,1.0,3.0,4.0,92.0,0.0,62.656,64.062,62.406,61.406,61.625,64.062
08-11-2026 15:49:34,7196,7607,1150,16384,17.0,98.0,17772,VDD_IN,30432,7777,8705,16682,17772,3848,3955,3.0,2.0,2.0,4.0,91.0,0.0,62.5,64.281,62.281,61.468,61.687,64.281
08-11-2026 15:49:35,7197,7607,1150,16384,16.833333333333332,98.0,17772,VDD_IN,30432,7789,8705,16695,17772,3849,3955,3.0,1.0,3.0,7.0,87.0,0.0,62.718,64.343,62.468,61.562,61.75,64.343
08-11-2026 15:49:36,7197,7607,1150,16384,15.833333333333334,97.0,17693,VDD_IN,30314,7800,8666,16708,17693,3850,3955,27.0,1.0,3.0,0.0,64.0,0.0,62.5,64.312,62.531,61.406,61.937,64.312
08-11-2026 15:49:37,7198,7607,1150,16384,18.166666666666668,98.0,17850,VDD_IN,30589,7811,8744,16722,17850,3852,3995,70.0,12.0,7.0,8.0,12.0,0.0,62.781,64.0,62.562,61.531,61.75,64.0
08-11-2026 15:49:38,7199,7607,1150,16384,15.5,98.0,17615,VDD_IN,30087,7819,8471,16733,17615,3854,4001,1.0,7.0,2.0,2.0,81.0,0.0,62.781,64.125,62.437,61.531,61.75,64.125
08-11-2026 15:49:39,7199,7607,1150,16384,15.666666666666666,98.0,17536,VDD_IN,29891,7825,8315,16743,17536,3856,4040,2.0,5.0,2.0,2.0,83.0,0.0,62.531,64.156,62.531,61.562,61.75,64.156
08-11-2026 15:49:40,7200,7607,1150,16384,16.166666666666668,98.0,17732,VDD_IN,30198,7832,8393,16754,17732,3859,4073,2.0,2.0,2.0,4.0,87.0,0.0,62.812,64.218,62.5,61.781,61.843,64.218
08-11-2026 15:49:41,7201,7607,1150,16384,15.333333333333334,98.0,17693,VDD_IN,30042,7836,8198,16765,17693,3862,4151,2.0,5.0,0.0,1.0,84.0,0.0,62.531,64.187,62.593,61.468,62.0,64.187
08-11-2026 15:49:42,7201,7607,1150,16384,18.0,98.0,17654,VDD_IN,29886,7839,8042,16776,17654,3866,4190,3.0,12.0,5.0,7.0,81.0,0.0,62.875,64.187,62.531,61.5,61.937,64.187
08-11-2026 15:49:43,7203,7607,1150,16384,17.666666666666668,98.0,17732,VDD_IN,29926,7839,7886,16787,17732,3871,4308,4.0,10.0,3.0,5.0,84.0,0.0,62.906,63.937,62.5,61.593,61.937,63.937
08-11-2026 15:49:44,7203,7607,1150,16384,16.0,99.0,17615,VDD_IN,29691,7839,7768,16796,17615,3876,4308,3.0,1.0,3.0,3.0,86.0,0.0,63.0,63.437,62.593,61.718,62.0,63.437
08-11-2026 15:49:45,7204,7607,1150,16384,16.5,99.0,17615,VDD_IN,30003,7843,8237,16805,17615,3879,4151,3.0,4.0,2.0,4.0,86.0,0.0,62.781,63.906,62.875,61.781,62.093,63.906
08-11-2026 15:49:46,7204,7607,1150,16384,16.833333333333332,99.0,17772,VDD_IN,30316,7850,8432,16816,17772,3882,4112,6.0,2.0,2.0,5.0,86.0,0.0,62.843,64.156,62.75,61.656,62.093,64.156
08-11-2026 15:49:47,7204,7607,1150,16384,17.0,99.0,17497,VDD_IN,29891,7855,8354,16824,17497,3884,4040,3.0,3.0,2.0,5.0,89.0,0.0,62.718,64.093,62.593,61.75,61.968,64.187
08-11-2026 15:49:48,7205,7607,1150,16384,21.0,99.0,17772,VDD_IN,30433,7864,8666,16834,17772,3885,3995,9.0,5.0,16.0,5.0,91.0,0.0,62.937,64.406,62.593,61.812,62.0,64.406
08-11-2026 15:49:49,7206,7607,1150,16384,17.0,98.0,17850,VDD_IN,30628,7874,8823,16845,17850,3886,3955,6.0,3.0,1.0,1.0,91.0,0.0,62.687,64.437,62.781,61.875,62.093,64.437
08-11-2026 15:49:50,7206,7607,1150,16384,14.833333333333334,99.0,17693,VDD_IN,30314,7883,8666,16854,17693,3886,3955,4.0,82.0,0.0,2.0,1.0,0.0,63.0,64.625,62.812,61.656,62.125,64.625
08-11-2026 15:49:51,7206,7607,1150,16384,15.666666666666666,98.0,17811,VDD_IN,30510,7892,8744,16864,17811,3887,3955,3.0,86.0,1.0,4.0,0.0,0.0,62.906,64.718,62.718,61.75,62.156,64.718
08-11-2026 15:49:52,7207,7607,1150,16384,15.833333333333334,98.0,17811,VDD_IN,30472,7900,8666,16874,17811,3888,3995,5.0,86.0,2.0,2.0,0.0,0.0,63.0,64.687,62.75,61.843,62.125,64.687
08-11-2026 15:49:53,7205,7607,1150,16384,19.166666666666668,97.0,17811,VDD_IN,30433,7907,8627,16883,17811,3889,3995,7.0,32.0,70.0,6.0,0.0,0.0,63.468,64.437,62.843,61.906,62.156,64.437
08-11-2026 15:49:54,7205,7607,1150,16384,15.5,98.0,17811,VDD_IN,30394,7914,8549,16893,17811,3891,4034,2.0,4.0,85.0,2.0,0.0,0.0,63.093,64.531,62.875,61.937,62.125,64.531
08-11-2026 15:49:55,7206,7607,1150,16384,15.166666666666666,99.0,17732,VDD_IN,30237,7919,8432,16901,17732,3893,4073,2.0,2.0,85.0,2.0,0.0,0.0,63.312,64.343,62.875,61.75,62.156,64.343
08-11-2026 15:49:56,7206,7607,1150,16384,15.666666666666666,98.0,17772,VDD_IN,30277,7924,8393,16910,17772,3895,4112,2.0,4.0,85.0,3.0,0.0,0.0,63.281,64.593,62.812,61.812,62.156,64.593
08-11-2026 15:49:57,7207,7607,1150,16384,16.0,99.0,17575,VDD_IN,29807,7925,8081,16917,17575,3897,4151,7.0,0.0,83.0,2.0,2.0,2.0,63.343,64.468,62.875,61.968,62.156,64.468
08-11-2026 15:49:58,7207,7607,1150,16384,19.166666666666668,98.0,17536,VDD_IN,29651,7925,7925,16923,17536,3900,4190,7.0,8.0,83.0,4.0,11.0,2.0,63.437,64.406,62.906,61.937,62.187,64.406
08-11-2026 15:49:59,7208,7607,1150,16384,15.666666666666666,99.0,17486,VDD_IN,29452,7923,7651,16928,17486,3904,4315,2.0,4.0,84.0,0.0,2.0,2.0,63.187,64.312,63.062,62.031,62.312,64.312
08-11-2026 15:50:00,7208,7607,1150,16384,16.166666666666668,99.0,17615,VDD_IN,29848,7924,8003,16935,17615,3907,4230,2.0,2.0,86.0,1.0,2.0,4.0,63.281,64.125,62.968,61.875,62.375,64.375
08-11-2026 15:50:01,7209,7607,1150,16384,15.833333333333334,99.0,17654,VDD_IN,30159,7928,8432,16942,17654,3909,4073,1.0,2.0,86.0,2.0,1.0,3.0,63.156,64.875,63.062,61.875,62.218,64.875
08-11-2026 15:50:02,7209,7607,1150,16384,15.5,99.0,17772,VDD_IN,30433,7935,8588,16949,17772,3910,4073,3.0,2.0,86.0,1.0,1.0,0.0,63.062,64.656,62.968,61.906,62.343,64.656
08-11-2026 15:50:03,7210,7607,1150,16384,20.333333333333332,99.0,17732,VDD_IN,30315,7941,8588,16957,17732,3911,3995,10.0,6.0,57.0,10.0,39.0,0.0,63.218,64.406,62.937,61.968,62.281,64.406
08-11-2026 15:50:04,7211,7607,1150,16384,16.833333333333332,99.0,17850,VDD_IN,30629,7948,8784,16965,17850,3912,3995,5.0,1.0,1.0,2.0,91.0,1.0,63.031,64.531,63.031,62.031,62.312,64.531
08-11-2026 15:50:05,7211,7607,1150,16384,16.666666666666668,98.0,17811,VDD_IN,30550,7956,8784,16973,17811,3912,3955,1.0,4.0,2.0,2.0,88.0,3.0,63.062,64.562,63.093,61.875,62.312,64.562
08-11-2026 15:50:06,7212,7607,1150,16384,15.5,99.0,17772,VDD_IN,30432,7963,8705,16980,17772,3913,3955,1.0,1.0,2.0,2.0,85.0,2.0,63.125,64.468,63.0,62.0,62.218,64.468
08-11-2026 15:50:07,7212,7607,1150,16384,16.5,98.0,17811,VDD_IN,30511,7970,8705,16988,17811,3913,3995,5.0,2.0,3.0,3.0,86.0,0.0,63.062,64.843,62.937,62.0,62.312,64.843
08-11-2026 15:50:08,7214,7607,1150,16384,20.833333333333332,98.0,18007,VDD_IN,30864,7977,8823,16997,18007,3915,4034,6.0,16.0,10.0,7.0,86.0,0.0,63.25,64.906,63.062,62.125,62.312,64.906
08-11-2026 15:50:09,7214,7607,1150,16384,16.166666666666668,98.0,17811,VDD_IN,30472,7983,8666,17004,17811,3915,3995,3.0,3.0,4.0,2.0,85.0,0.0,63.062,64.781,63.093,62.156,62.406,64.781
08-11-2026 15:50:10,7215,7607,1150,16384,15.0,98.0,17693,VDD_IN,30159,7987,8432,17010,17693,3916,4034,2.0,1.0,4.0,2.0,81.0,0.0,63.156,64.812,63.093,62.031,62.406,64.812
08-11-2026 15:50:11,7215,7607,1150,16384,16.166666666666668,98.0,17811,VDD_IN,30316,7991,8432,17017,17811,3918,4073,2.0,3.0,4.0,3.0,85.0,0.0,63.218,64.906,63.062,62.125,62.375,64.625
08-11-2026 15:50:12,7215,7607,1150,16384,16.333333333333332,98.0,17850,VDD_IN,30355,7994,8354,17024,17850,3920,4151,5.0,4.0,0.0,43.0,46.0,0.0,63.375,64.718,63.125,62.125,62.375,64.718
08-11-2026 15:50:13,7217,7607,1150,16384,19.666666666666668,98.0,18007,VDD_IN,30590,7998,8393,17032,18007,3922,4190,7.0,7.0,11.0,86.0,6.0,1.0,63.562,64.781,63.156,62.25,62.468,64.781
08-11-2026 15:50:14,7217,7607,1150,16384,15.666666666666666,98.0,17811,VDD_IN,30200,7999,8159,17039,17811,3925,4230,2.0,2.0,2.0,86.0,1.0,1.0,63.312,64.781,63.187,62.281,62.531,64.781
08-11-2026 15:50:15,7217,7607,1150,16384,15.5,98.0,17772,VDD_IN,30044,7999,8003,17045,17772,3928,4269,1.0,1.0,2.0,86.0,3.0,0.0,63.437,64.75,63.187,62.125,62.5,64.75
08-11-2026 15:50:16,7217,7607,1150,16384,15.666666666666666,99.0,17732,VDD_IN,29887,7998,7808,17051,17732,3931,4347,4.0,1.0,2.0,86.0,1.0,0.0,63.5,64.437,63.093,62.125,62.437,64.437
08-11-2026 15:50:17,7217,7607,1150,16384,15.0,99.0,17408,VDD_IN,29569,7998,8042,17054,17408,3933,4119,2.0,11.0,0.0,75.0,0.0,2.0,63.562,64.5,63.031,62.187,62.437,64.5
08-11-2026 15:50:18,7218,7607,1150,16384,18.5,99.0,17968,VDD_IN,30707,8003,8666,17061,17968,3934,4073,5.0,90.0,9.0,7.0,0.0,0.0,63.718,64.781,63.093,62.218,62.593,64.781
08-11-2026 15:50:19,7218,7607,1150,16384,16.666666666666668,99.0,17133,VDD_IN,29228,8004,8133,17062,17133,3934,3962,2.0,1.0,2.0,88.0,6.0,1.0,63.468,64.812,63.218,62.343,62.5,64.812
08-11-2026 15:50:20,7218,7607,1150,16384,16.666666666666668,99.0,17772,VDD_IN,30472,8010,8705,17068,17772,3934,3995,2.0,2.0,2.0,91.0,3.0,0.0,63.312,65.125,63.312,62.218,62.531,65.125
08-11-2026 15:50:21,7218,7607,1150,16384,16.333333333333332,98.0,17889,VDD_IN,30706,8017,8862,17074,17889,3935,3955,1.0,3.0,4.0,90.0,0.0,0.0,63.531,65.25,63.187,62.25,62.531,65.25
08-11-2026 15:50:22,7218,7607,1150,16384,15.5,98.0,17889,VDD_IN,30667,8023,8823,17081,17889,3935,3955,1.0,3.0,2.0,87.0,0.0,0.0,63.5,65.218,63.093,62.187,62.593,65.218
08-11-2026 15:50:23,7218,7607,1150,16384,17.166666666666668,98.0,17968,VDD_IN,30824,8030,8901,17088,17968,3935,3955,12.0,3.0,4.0,84.0,0.0,0.0,63.937,65.281,63.125,62.218,62.656,65.281
08-11-2026 15:50:24,7218,7607,1150,16384,16.666666666666668,98.0,17811,VDD_IN,30511,8035,8705,17093,17811,3935,3995,7.0,5.0,1.0,85.0,1.0,1.0,63.468,65.281,63.156,62.375,62.562,65.281
08-11-2026 15:50:25,7218,7607,1150,16384,15.833333333333334,98.0,17850,VDD_IN,30550,8040,8666,17099,17850,3936,4034,3.0,0.0,2.0,86.0,1.0,3.0,63.531,64.937,63.312,62.218,62.593,64.937
08-11-2026 15:50:26,7218,7607,1150,16384,15.166666666666666,98.0,17889,VDD_IN,30589,8045,8666,17105,17889,3937,4034,1.0,1.0,1.0,85.0,3.0,0.0,63.656,65.062,63.281,62.187,62.562,65.062
08-11-2026 15:50:27,7218,7607,1150,16384,15.5,98.0,17772,VDD_IN,30355,8049,8510,17110,17772,3938,4073,2.0,1.0,3.0,87.0,0.0,0.0,63.562,65.031,63.25,62.25,62.625,65.031
08-11-2026 15:50:28,7219,7607,1149,16384,16.0,97.0,17772,VDD_IN,30316,8052,8432,17115,17772,3939,4112,51.0,3.0,2.0,40.0,0.0,0.0,63.562,64.937,63.218,62.312,62.656,64.937
08-11-2026 15:50:29,7221,7607,1149,16384,20.5,98.0,17889,VDD_IN,30511,8055,8471,17121,17889,3941,4151,12.0,8.0,14.0,6.0,42.0,41.0,63.75,65.125,63.281,62.312,62.593,65.125
08-11-2026 15:50:30,7222,7607,1149,16384,16.666666666666668,98.0,17772,VDD_IN,30199,8056,8237,17126,17772,3943,4190,5.0,2.0,1.0,6.0,0.0,86.0,63.375,65.031,63.312,62.281,62.593,65.031
08-11-2026 15:50:31,7221,7607,1148,16384,18.333333333333332,98.0,17732,VDD_IN,30004,8056,8042,17131,17732,3945,4230,5.0,6.0,8.0,7.0,1.0,83.0,63.593,64.906,63.406,62.218,62.531,64.906
08-11-2026 15:50:32,7214,7607,1150,16384,37.5,99.0,18360,VDD_IN,31100,8058,8393,17140,18360,3948,4347,74.0,31.0,20.0,5.0,9.0,86.0,63.812,64.781,63.218,62.312,62.687,64.781
08-11-2026 15:50:33,7210,7607,1154,16384,33.166666666666664,99.0,18007,VDD_IN,30707,8062,8510,17146,18007,3950,4190,5.0,47.0,44.0,10.0,9.0,84.0,64.0,64.375,63.281,62.406,62.593,64.375
08-11-2026 15:50:34,7212,7607,1154,16384,30.666666666666668,99.0,18085,VDD_IN,30941,8067,8744,17153,18085,3951,4112,34.0,9.0,47.0,8.0,0.0,86.0,63.75,64.968,63.218,62.437,62.75,64.968
08-11-2026 15:50:35,7212,7607,1154,16384,16.333333333333332,99.0,17575,VDD_IN,29963,8069,8354,17156,17575,3951,4034,2.0,2.0,1.0,4.0,1.0,88.0,63.406,64.781,63.343,62.25,62.593,64.781
08-11-2026 15:50:36,7213,7607,1154,16384,17.0,99.0,17772,VDD_IN,30394,8073,8627,17160,17772,3952,3995,2.0,2.0,4.0,3.0,0.0,91.0,63.406,64.781,63.343,62.312,62.656,64.781
08-11-2026 15:50:37,7214,7607,1154,16384,22.166666666666668,98.0,18203,VDD_IN,31278,8080,9120,17168,18203,3952,3955,28.0,6.0,6.0,2.0,0.0,91.0,63.718,65.0,63.125,62.218,62.718,65.0
08-11-2026 15:50:38,7215,7607,1154,16384,25.833333333333332,98.0,18007,VDD_IN,30887,8086,8925,17173,18007,3952,3955,59.0,7.0,2.0,2.0,0.0,85.0,63.593,65.156,63.281,62.375,62.656,65.156
08-11-2026 15:50:39,7213,7607,1154,16384,21.0,98.0,17889,VDD_IN,30707,8091,8823,17179,17889,3952,3995,4.0,20.0,6.0,11.0,2.0,83.0,63.718,65.218,63.375,62.437,62.75,65.218
08-11-2026 15:50:40,7214,7607,1154,16384,16.333333333333332,98.0,17850,VDD_IN,30511,8095,8666,17183,17850,3952,3995,6.0,1.0,2.0,4.0,0.0,85.0,63.468,65.218,63.437,62.312,62.718,65.218
08-11-2026 15:50:41,7214,7607,1154,16384,17.0,97.0,17889,VDD_IN,30589,8099,8666,17188,17889,3953,4034,5.0,4.0,7.0,1.0,0.0,85.0,63.687,65.187,63.281,62.312,62.625,65.187
08-11-2026 15:50:42,7214,7607,1154,16384,15.833333333333334,98.0,17772,VDD_IN,30394,8103,8588,17192,17772,3953,4034,2.0,3.0,3.0,2.0,0.0,85.0,63.656,65.218,63.218,62.281,62.562,65.218
08-11-2026 15:50:43,7217,7607,1154,16384,23.166666666666668,98.0,18125,VDD_IN,31006,8107,8769,17198,18125,3955,4112,4.0,40.0,3.0,8.0,0.0,84.0,63.625,64.968,63.312,62.437,62.718,64.968
08-11-2026 15:50:44,7219,7607,1154,16384,28.0,98.0,18085,VDD_IN,30824,8111,8627,17204,18085,3956,4112,10.0,43.0,21.0,9.0,0.0,85.0,63.843,65.031,63.343,62.468,62.625,65.031
08-11-2026 15:50:45,7220,7607,1154,16384,16.0,98.0,17772,VDD_IN,30199,8112,8276,17208,17772,3957,4151,4.0,2.0,3.0,2.0,0.0,85.0,63.531,64.937,63.5,62.312,62.625,64.937
08-11-2026 15:50:46,7220,7607,1154,16384,16.0,97.0,17732,VDD_IN,30081,8112,8159,17212,17732,3958,4190,0.0,3.0,2.0,4.0,0.0,87.0,63.562,64.968,63.281,62.312,62.593,64.968
08-11-2026 15:50:47,7220,7607,1154,16384,16.0,98.0,17889,VDD_IN,30278,8112,8120,17216,17889,3960,4269,2.0,3.0,0.0,3.0,3.0,85.0,63.875,64.968,63.312,62.375,62.593,64.968
08-11-2026 15:50:48,7220,7607,1154,16384,15.666666666666666,99.0,17419,VDD_IN,29359,8109,7625,17217,17419,3963,4315,3.0,2.0,1.0,5.0,0.0,83.0,63.75,64.531,63.343,62.531,62.718,64.531
08-11-2026 15:50:49,7224,7607,1154,16384,29.666666666666668,99.0,18164,VDD_IN,31060,8113,8784,17224,18164,3964,4112,23.0,6.0,18.0,14.0,33.0,84.0,64.031,65.031,63.406,62.406,62.781,64.843
08-11-2026 15:50:50,7224,7607,1154,16384,22.666666666666668,99.0,18007,VDD_IN,30785,8117,8666,17229,18007,3965,4112,23.0,20.0,4.0,4.0,0.0,85.0,63.437,65.031,63.437,62.312,62.812,65.031
08-11-2026 15:50:51,7225,7607,1154,16384,16.833333333333332,99.0,17654,VDD_IN,30198,8119,8510,17232,17654,3965,4034,3.0,0.0,4.0,2.0,0.0,92.0,63.562,64.843,63.281,62.406,62.687,64.843
08-11-2026 15:50:52,7227,7607,1154,16384,19.166666666666668,98.0,18046,VDD_IN,30966,8125,8925,17237,18046,3965,3995,6.0,7.0,6.0,5.0,0.0,91.0,63.812,65.062,63.406,62.406,62.718,65.062
08-11-2026 15:50:53,7227,7607,1154,16384,18.166666666666668,98.0,17929,VDD_IN,30746,8129,8862,17241,17929,3965,3955,4.0,6.0,4.0,5.0,2.0,88.0,63.5,65.031,63.406,62.5,62.718,65.031
08-11-2026 15:50:54,7230,7607,1154,16384,20.666666666666668,98.0,18046,VDD_IN,30966,8134,8925,17246,18046,3966,3995,9.0,7.0,15.0,6.0,0.0,87.0,63.593,65.187,63.437,62.343,62.687,65.187
08-11-2026 15:50:55,7233,7607,1154,16384,28.833333333333332,98.0,18399,VDD_IN,31631,8141,9237,17253,18399,3966,3995,68.0,4.0,9.0,6.0,0.0,86.0,63.687,65.281,63.5,62.375,62.843,65.281
08-11-2026 15:50:56,7234,7607,1154,16384,20.833333333333332,98.0,17968,VDD_IN,30747,8145,8784,17258,17968,3966,3995,4.0,23.0,8.0,4.0,0.0,86.0,63.593,65.218,63.406,62.437,62.75,65.218
08-11-2026 15:50:57,7234,7607,1154,16384,15.5,97.0,17850,VDD_IN,30550,8149,8666,17262,17850,3966,4034,2.0,2.0,3.0,1.0,0.0,85.0,63.843,65.031,63.437,62.531,62.75,65.031
08-11-2026 15:50:58,7234,7607,1154,16384,15.5,98.0,17889,VDD_IN,30589,8152,8666,17265,17889,3967,4034,3.0,1.0,0.0,2.0,2.0,85.0,63.593,65.062,63.531,62.406,62.812,65.062
08-11-2026 15:50:59,7235,7607,1154,16384,20.0,98.0,18046,VDD_IN,30849,8155,8691,17270,18046,3968,4112,7.0,4.0,15.0,7.0,54.0,33.0,63.875,65.093,63.562,62.406,62.843,65.093
08-11-2026 15:51:00,7235,7607,1154,16384,16.0,98.0,17732,VDD_IN,30237,8156,8393,17273,17732,3968,4112,3.0,2.0,3.0,5.0,83.0,0.0,63.718,65.062,63.406,62.343,62.75,65.062
08-11-2026 15:51:01,7230,7607,1154,16384,31.333333333333332,98.0,18321,VDD_IN,31241,8160,8769,17279,18321,3970,4151,5.0,69.0,2.0,22.0,87.0,3.0,63.906,65.125,63.375,62.5,62.843,65.125
08-11-2026 15:51:02,7230,7607,1154,16384,19.5,97.0,17850,VDD_IN,30278,8160,8198,17283,17850,3971,4230,7.0,9.0,5.0,12.0,84.0,0.0,63.75,65.062,63.531,62.5,62.843,65.062
08-11-2026 15:51:03,7231,7607,1154,16384,18.833333333333332,98.0,17889,VDD_IN,30278,8160,8081,17287,17889,3973,4308,11.0,7.0,6.0,4.0,84.0,1.0,63.656,65.25,63.468,62.468,62.937,65.25
08-11-2026 15:51:04,7233,7607,1154,16384,18.666666666666668,99.0,17693,VDD_IN,29808,8158,7768,17289,17693,3975,4347,5.0,5.0,9.0,8.0,85.0,0.0,63.937,64.656,63.656,62.437,62.812,64.656
08-11-2026 15:51:05,7234,7607,1154,16384,19.5,99.0,17772,VDD_IN,30238,8158,8276,17292,17772,3977,4190,8.0,7.0,3.0,13.0,86.0,0.0,63.75,65.031,63.343,62.468,62.906,65.031
08-11-2026 15:51:06,7233,7607,1154,16384,17.0,99.0,17811,VDD_IN,30394,8160,8510,17295,17811,3977,4073,4.0,3.0,4.0,4.0,87.0,0.0,63.812,65.406,63.531,62.593,62.718,65.156
08-11-2026 15:51:07,7229,7607,1154,16384,32.0,99.0,17654,VDD_IN,30198,8163,8549,17297,17654,3977,3995,23.0,67.0,2.0,9.0,87.0,4.0,63.812,64.937,63.562,62.562,62.937,64.937
08-11-2026 15:51:08,7230,7607,1154,16384,18.0,99.0,17772,VDD_IN,30394,8165,8627,17300,17772,3977,3995,4.0,3.0,3.0,7.0,91.0,0.0,63.531,65.0,63.531,62.468,62.875,65.0
08-11-2026 15:51:09,7231,7607,1154,16384,17.0,98.0,17929,VDD_IN,30746,8169,8862,17303,17929,3977,3955,3.0,1.0,3.0,1.0,91.0,3.0,63.562,65.156,63.625,62.5,62.781,65.156
08-11-2026 15:51:10,7233,7607,1154,16384,21.0,98.0,17968,VDD_IN,30785,8173,8862,17307,17968,3977,3955,7.0,17.0,9.0,6.0,86.0,1.0,63.687,65.25,63.437,62.531,62.781,65.25
08-11-2026 15:51:11,7233,7607,1154,16384,15.0,98.0,17889,VDD_IN,30668,8177,8784,17310,17889,3977,3995,4.0,0.0,2.0,2.0,82.0,0.0,63.843,65.25,63.406,62.593,62.843,65.25
08-11-2026 15:51:12,7235,7607,1154,16384,17.166666666666668,98.0,18007,VDD_IN,30825,8181,8823,17314,18007,3977,3995,5.0,4.0,2.0,7.0,85.0,0.0,63.625,65.531,63.562,62.593,62.843,65.531
08-11-2026 15:51:13,7237,7607,1154,16384,30.833333333333332,97.0,18282,VDD_IN,31319,8185,9003,17320,18282,3978,4034,65.0,8.0,22.0,6.0,84.0,0.0,63.75,65.531,63.593,62.5,62.906,65.531
08-11-2026 15:51:14,7238,7607,1154,16384,17.5,98.0,17850,VDD_IN,30472,8187,8588,17323,17850,3978,4034,6.0,8.0,4.0,4.0,83.0,0.0,63.593,65.093,63.531,62.562,62.718,65.093
08-11-2026 15:51:15,7227,7607,1156,16384,20.0,97.0,16176,VDD_IN,27702,8186,7911,17316,16176,3976,3615,12.0,16.0,7.0,2.0,37.0,46.0,63.593,64.781,63.5,62.562,62.781,64.781
08-11-2026 15:51:16,7300,7607,1164,16384,17.166666666666668,0.0,9339,VDD_IN,14928,8158,3090,17272,9339,3968,2499,10.0,23.0,6.0,10.0,12.0,42.0,63.156,63.0,63.312,62.468,62.125,63.312
08-11-2026 15:51:17,7486,7607,1265,16384,75.66666666666667,0.0,7894,VDD_IN,12228,8127,2583,17220,7894,3956,1751,75.0,79.0,72.0,75.0,80.0,73.0,63.281,62.312,62.843,62.218,61.781,63.281
08-11-2026 15:51:18,7389,7607,1561,16384,55.666666666666664,0.0,6658,VDD_IN,9924,8091,1632,17162,6658,3943,1634,59.0,51.0,51.0,67.0,55.0,51.0,62.375,61.875,62.687,62.125,61.437,62.687
08-11-2026 15:51:19,7363,7607,1584,16384,35.666666666666664,98.0,16779,VDD_IN,28638,8093,8368,17160,16779,3940,3491,29.0,6.0,85.0,17.0,69.0,8.0,63.25,64.25,62.75,62.031,62.062,64.25
08-11-2026 15:51:20,7355,7607,1592,16384,29.5,97.0,17811,VDD_IN,30550,8097,8823,17164,17811,3940,3916,19.0,16.0,30.0,13.0,87.0,12.0,62.906,64.75,62.843,62.093,62.218,64.75
08-11-2026 15:51:21,7355,7607,1592,16384,16.0,98.0,17929,VDD_IN,30746,8101,8862,17168,17929,3940,3955,2.0,2.0,1.0,2.0,89.0,0.0,63.031,65.0,63.093,62.0,62.375,65.0
08-11-2026 15:51:22,7355,7607,1591,16384,15.666666666666666,98.0,17850,VDD_IN,30550,8104,8705,17172,17850,3941,3995,4.0,2.0,2.0,71.0,14.0,1.0,63.5,65.031,63.031,62.093,62.218,65.031
08-11-2026 15:51:23,7356,7607,1592,16384,16.333333333333332,98.0,17772,VDD_IN,30355,8107,8588,17175,17772,3941,3995,3.0,4.0,3.0,84.0,0.0,4.0,63.656,65.031,63.031,62.093,62.437,65.031
08-11-2026 15:51:24,7356,7607,1592,16384,15.666666666666666,98.0,17811,VDD_IN,30433,8109,8588,17178,17811,3941,4034,2.0,1.0,4.0,85.0,2.0,0.0,63.562,64.75,63.0,62.218,62.468,64.75
08-11-2026 15:51:25,7340,7607,1611,16384,41.0,97.0,18831,VDD_IN,32134,8115,9198,17187,18831,3942,4105,22.0,15.0,61.0,86.0,33.0,29.0,63.656,64.781,63.187,62.343,62.593,64.781
08-11-2026 15:51:26,7330,7607,1632,16384,43.0,97.0,17250,VDD_IN,29229,8114,7899,17187,17250,3943,4080,37.0,23.0,32.0,55.0,72.0,39.0,63.25,64.656,63.218,62.218,62.343,64.656
08-11-2026 15:51:27,7329,7607,1632,16384,15.833333333333334,98.0,17811,VDD_IN,30161,8114,8081,17191,17811,3945,4269,2.0,4.0,2.0,1.0,61.0,25.0,63.406,64.781,63.156,62.093,62.437,64.781
08-11-2026 15:51:28,7329,7607,1632,16384,16.333333333333332,98.0,17693,VDD_IN,29848,8112,7808,17193,17693,3947,4347,2.0,5.0,5.0,1.0,18.0,67.0,63.687,64.687,63.093,62.25,62.5,64.687
08-11-2026 15:51:29,7330,7607,1632,16384,15.166666666666666,99.0,17654,VDD_IN,29925,8112,8081,17196,17654,3948,4190,2.0,3.0,1.0,1.0,84.0,0.0,63.343,64.25,63.281,62.343,62.5,64.25
08-11-2026 15:51:30,7192,7607,1636,16384,17.833333333333332,0.0,16818,VDD_IN,28561,8110,7820,17194,16818,3948,3923,4.0,3.0,5.0,1.0,87.0,7.0,63.218,63.812,63.218,62.125,62.5,63.812
08-11-2026 15:51:31,7045,7607,1635,16384,33.166666666666664,98.0,17732,VDD_IN,30353,8113,8666,17196,17732,3948,3955,34.0,8.0,12.0,49.0,74.0,22.0,63.5,64.718,63.093,62.218,62.468,64.718
08-11-2026 15:51:32,7047,7607,1635,16384,27.166666666666668,99.0,18007,VDD_IN,30825,8117,8784,17200,18007,3948,4034,4.0,24.0,10.0,39.0,86.0,0.0,63.343,64.781,63.156,62.218,62.437,64.781
08-11-2026 15:51:33,7046,7607,1635,16384,16.333333333333332,98.0,17929,VDD_IN,30668,8119,8666,17204,17929,3949,4073,2.0,2.0,6.0,1.0,86.0,1.0,63.562,64.843,63.156,62.281,62.5,64.843
08-11-2026 15:51:34,7047,7607,1635,16384,15.333333333333334,98.0,17850,VDD_IN,30433,8121,8471,17207,17850,3950,4112,1.0,3.0,3.0,2.0,83.0,0.0,63.187,65.031,63.218,62.406,62.531,65.031
08-11-2026 15:51:35,7047,7607,1635,16384,16.166666666666668,98.0,17929,VDD_IN,30551,8123,8471,17211,17929,3951,4151,5.0,2.0,1.0,3.0,86.0,0.0,63.25,65.0,63.281,62.218,62.562,65.0
08-11-2026 15:51:36,7048,7607,1634,16384,20.833333333333332,98.0,17968,VDD_IN,30551,8124,8393,17215,17968,3952,4190,7.0,6.0,20.0,5.0,85.0,2.0,63.562,65.0,63.187,62.25,62.593,65.0
08-11-2026 15:51:37,7050,7607,1634,16384,23.666666666666668,98.0,18164,VDD_IN,30890,8126,8496,17220,18164,3953,4230,6.0,2.0,7.0,43.0,84.0,0.0,63.75,65.125,63.187,62.312,62.593,65.125
08-11-2026 15:51:38,7051,7607,1634,16384,24.833333333333332,98.0,18007,VDD_IN,30513,8127,8237,17223,18007,3955,4269,6.0,4.0,8.0,45.0,86.0,0.0,63.75,65.093,63.312,62.312,62.593,65.093
08-11-2026 15:51:39,7051,7607,1634,16384,16.0,99.0,17732,VDD_IN,29887,8125,7847,17226,17732,3957,4308,3.0,1.0,4.0,1.0,87.0,0.0,63.468,64.875,63.281,62.437,62.625,64.875
08-11-2026 15:51:40,7051,7607,1634,16384,15.0,99.0,17329,VDD_IN,29412,8124,7964,17226,17329,3958,4119,2.0,0.0,1.0,2.0,83.0,2.0,63.437,64.531,63.343,62.281,62.718,64.531
08-11-2026 15:51:41,7051,7607,1634,16384,20.5,99.0,17850,VDD_IN,30511,8127,8588,17230,17850,3958,4073,5.0,16.0,6.0,9.0,87.0,0.0,63.468,64.968,63.25,62.312,62.562,64.968
08-11-2026 15:51:42,7051,7607,1634,16384,16.333333333333332,99.0,17811,VDD_IN,30511,8129,8666,17232,17811,3958,4034,2.0,2.0,2.0,4.0,88.0,0.0,63.468,65.156,63.218,62.312,62.593,65.156
08-11-2026 15:51:43,7050,7607,1634,16384,27.5,99.0,18282,VDD_IN,31358,8134,9003,17237,18282,3959,4073,4.0,1.0,8.0,58.0,92.0,2.0,64.062,64.968,63.218,62.406,62.75,64.968
08-11-2026 15:51:44,7051,7607,1633,16384,22.666666666666668,98.0,18085,VDD_IN,31044,8138,8964,17241,18085,3959,3995,21.0,2.0,8.0,12.0,91.0,2.0,63.406,65.125,63.25,62.437,62.593,65.125
08-11-2026 15:51:45,7052,7607,1633,16384,15.666666666666666,98.0,17968,VDD_IN,30786,8141,8823,17245,17968,3959,3995,5.0,0.0,3.0,84.0,1.0,1.0,63.687,65.0,63.343,62.281,62.718,65.0
08-11-2026 15:51:46,7053,7607,1633,16384,19.166666666666668,98.0,18046,VDD_IN,30942,8144,8901,17249,18046,3960,3995,69.0,5.0,14.0,20.0,7.0,0.0,63.562,65.093,63.25,62.343,62.656,65.093
08-11-2026 15:51:47,7053,7607,1633,16384,17.833333333333332,98.0,17968,VDD_IN,30707,8147,8705,17252,17968,3960,4034,4.0,6.0,3.0,10.0,84.0,0.0,63.531,65.375,63.343,62.375,62.593,65.375
08-11-2026 15:51:48,7053,7607,1633,16384,17.333333333333332,98.0,17929,VDD_IN,30629,8149,8627,17255,17929,3960,4073,3.0,5.0,8.0,4.0,83.0,1.0,63.593,65.312,63.343,62.406,62.593,65.312
08-11-2026 15:51:49,7054,7607,1633,16384,28.666666666666668,98.0,18321,VDD_IN,31397,8153,8964,17260,18321,3961,4112,6.0,68.0,8.0,4.0,85.0,1.0,63.562,64.906,63.406,62.468,62.781,64.906
08-11-2026 15:51:50,7055,7607,1633,16384,21.166666666666668,98.0,17968,VDD_IN,30629,8155,8549,17264,17968,3962,4112,13.0,2.0,8.0,19.0,85.0,0.0,63.468,64.937,63.437,62.343,62.656,64.937
08-11-2026 15:51:51,7057,7607,1632,16384,21.5,98.0,18007,VDD_IN,30668,8157,8471,17267,18007,3963,4190,6.0,11.0,10.0,17.0,84.0,1.0,63.687,64.937,63.562,62.375,62.687,64.937
08-11-2026 15:51:53,7058,7607,1632,16384,18.0,97.0,17889,VDD_IN,30356,8157,8237,17270,17889,3964,4230,7.0,2.0,5.0,6.0,86.0,2.0,63.562,65.062,63.406,62.468,62.687,65.062
08-11-2026 15:51:54,7057,7607,1632,16384,17.0,98.0,17615,VDD_IN,29731,8155,7847,17272,17615,3966,4269,4.0,3.0,5.0,8.0,82.0,0.0,63.812,65.062,63.343,62.531,62.625,65.062
08-11-2026 15:51:55,7058,7607,1632,16384,16.0,99.0,17693,VDD_IN,29769,8154,7729,17274,17693,3967,4347,4.0,1.0,5.0,0.0,86.0,0.0,63.687,64.593,63.531,62.5,62.718,64.593
08-11-2026 15:51:56,7060,7607,1632,16384,29.666666666666668,99.0,18282,VDD_IN,31280,8157,8847,17278,18282,3968,4151,19.0,7.0,2.0,67.0,83.0,0.0,63.75,65.187,63.5,62.312,62.875,65.187
08-11-2026 15:51:57,7060,7607,1632,16384,18.5,99.0,17929,VDD_IN,30668,8159,8588,17281,17929,3969,4151,6.0,9.0,7.0,2.0,86.0,1.0,63.718,65.281,63.437,62.437,62.718,65.281
08-11-2026 15:51:58,7060,7607,1632,16384,21.333333333333332,99.0,17408,VDD_IN,29685,8159,8315,17282,17408,3969,3962,7.0,8.0,18.0,4.0,91.0,0.0,63.593,64.656,63.406,62.531,62.718,64.656
08-11-2026 15:51:59,7061,7607,1632,16384,16.666666666666668,98.0,17889,VDD_IN,30707,8162,8823,17284,17889,3969,3995,1.0,3.0,5.0,1.0,90.0,0.0,63.75,65.093,63.406,62.531,62.812,65.093
08-11-2026 15:52:00,7061,7607,1632,16384,15.5,98.0,17889,VDD_IN,30628,8165,8744,17287,17889,3969,3995,3.0,2.0,6.0,0.0,82.0,0.0,63.531,65.281,63.593,62.437,62.687,65.281
08-11-2026 15:52:01,7062,7607,1632,16384,16.333333333333332,98.0,17968,VDD_IN,30786,8168,8823,17290,17968,3969,3995,4.0,1.0,4.0,3.0,86.0,0.0,63.468,65.25,63.5,62.437,62.75,65.25
08-11-2026 15:52:02,7062,7607,1632,16384,31.0,98.0,18399,VDD_IN,31553,8172,9120,17295,18399,3970,4034,6.0,68.0,6.0,22.0,84.0,0.0,63.812,65.312,63.468,62.531,62.812,65.312
08-11-2026 15:52:03,7064,7607,1632,16384,20.5,97.0,17929,VDD_IN,30668,8174,8705,17298,17929,3970,4034,69.0,7.0,15.0,6.0,25.0,1.0,63.812,65.25,63.468,62.531,62.968,65.25
08-11-2026 15:52:04,7064,7607,1631,16384,16.666666666666668,98.0,17929,VDD_IN,30590,8176,8588,17301,17929,3970,4073,87.0,3.0,6.0,3.0,0.0,1.0,63.718,65.281,63.531,62.468,63.0,65.281
08-11-2026 15:52:05,7064,7607,1631,16384,15.333333333333334,98.0,17811,VDD_IN,30394,8178,8471,17303,17811,3971,4112,85.0,0.0,4.0,2.0,1.0,0.0,63.906,65.0,63.437,62.5,63.0,65.0
08-11-2026 15:52:06,7065,7607,1631,16384,15.833333333333334,98.0,17732,VDD_IN,30198,8178,8315,17305,17732,3972,4151,44.0,2.0,5.0,1.0,42.0,1.0,63.812,64.968,63.5,62.5,62.75,64.968
08-11-2026 15:52:07,7067,7607,1631,16384,19.833333333333332,98.0,17889,VDD_IN,30355,8179,8315,17307,17889,3972,4151,11.0,3.0,9.0,9.0,86.0,1.0,63.906,64.937,63.5,62.5,62.875,64.937
08-11-2026 15:52:08,7069,7607,1631,16384,33.5,98.0,18125,VDD_IN,30787,8180,8432,17311,18125,3974,4230,61.0,26.0,12.0,17.0,85.0,0.0,64.0,64.968,63.562,62.687,62.906,64.968
08-11-2026 15:52:09,7069,7607,1630,16384,16.833333333333332,98.0,17732,VDD_IN,30004,8179,7964,17313,17732,3975,4308,2.0,3.0,5.0,2.0,86.0,3.0,63.562,64.875,63.687,62.468,62.843,64.875
08-11-2026 15:52:10,7069,7607,1630,16384,15.666666666666666,99.0,17575,VDD_IN,29730,8178,7847,17314,17575,3976,4308,2.0,1.0,2.0,2.0,84.0,3.0,63.937,64.593,63.468,62.531,62.875,64.781
08-11-2026 15:52:11,7070,7607,1630,16384,16.0,99.0,17654,VDD_IN,30159,8178,8354,17315,17654,3977,4151,4.0,1.0,1.0,1.0,87.0,2.0,63.937,65.25,63.562,62.531,62.906,65.25
08-11-2026 15:52:12,7071,7607,1630,16384,15.833333333333334,99.0,17732,VDD_IN,30276,8179,8432,17317,17732,3978,4112,3.0,2.0,1.0,2.0,85.0,2.0,63.843,65.468,63.531,62.593,62.843,65.468
08-11-2026 15:52:13,7071,7607,1630,16384,25.333333333333332,99.0,17889,VDD_IN,30550,8181,8627,17319,17889,3978,4034,10.0,10.0,19.0,24.0,89.0,0.0,64.0,65.312,63.656,62.718,63.031,65.312
08-11-2026 15:52:14,7071,7607,1630,16384,28.833333333333332,99.0,18007,VDD_IN,30825,8184,8823,17322,18007,3978,3995,22.0,7.0,6.0,47.0,90.0,1.0,63.625,65.062,63.687,62.562,62.968,65.062
08-11-2026 15:52:15,7072,7607,1630,16384,16.333333333333332,97.0,17850,VDD_IN,30589,8186,8784,17325,17850,3978,3955,2.0,2.0,2.0,3.0,89.0,0.0,63.781,65.156,63.687,62.593,62.968,65.156
08-11-2026 15:52:16,7072,7607,1630,16384,15.666666666666666,98.0,17772,VDD_IN,30472,8189,8705,17326,17772,3978,3995,2.0,1.0,2.0,4.0,85.0,0.0,63.875,65.093,63.531,62.562,62.906,65.093
08-11-2026 15:52:17,7073,7607,1630,16384,16.166666666666668,98.0,17772,VDD_IN,30472,8191,8705,17328,17772,3978,3995,10.0,2.0,1.0,1.0,83.0,0.0,63.781,65.406,63.562,62.625,62.875,65.406
08-11-2026 15:52:18,7074,7607,1630,16384,20.0,98.0,17889,VDD_IN,30628,8193,8705,17331,17889,3978,4034,6.0,3.0,17.0,10.0,84.0,0.0,64.031,65.25,63.687,62.75,62.968,65.25
08-11-2026 15:52:19,7075,7607,1630,16384,22.333333333333332,98.0,18203,VDD_IN,31201,8196,8964,17334,18203,3979,4034,35.0,5.0,6.0,2.0,86.0,0.0,63.875,65.375,63.656,62.531,63.062,65.375
08-11-2026 15:52:20,7076,7607,1630,16384,25.166666666666668,98.0,17929,VDD_IN,30629,8198,8627,17337,17929,3979,4073,34.0,8.0,22.0,3.0,84.0,0.0,63.843,65.375,63.781,62.562,62.968,65.375
08-11-2026 15:52:21,7076,7607,1630,16384,15.666666666666666,98.0,17615,VDD_IN,30003,8198,8315,17338,17615,3979,4073,3.0,4.0,3.0,2.0,38.0,44.0,63.968,65.343,63.562,62.625,62.875,65.343
08-11-2026 15:52:22,7076,7607,1630,16384,16.833333333333332,98.0,17772,VDD_IN,30199,8199,8276,17340,17772,3980,4151,3.0,5.0,5.0,2.0,0.0,86.0,63.843,65.218,63.562,62.718,62.843,65.218
08-11-2026 15:52:23,7078,7607,1630,16384,19.166666666666668,98.0,17811,VDD_IN,30200,8199,8159,17342,17811,3981,4230,4.0,3.0,18.0,8.0,0.0,82.0,64.125,65.187,63.718,62.718,63.062,65.187
08-11-2026 15:52:24,7079,7607,1630,16384,16.5,98.0,17732,VDD_IN,29965,8198,7964,17343,17732,3982,4269,1.0,2.0,5.0,5.0,0.0,86.0,63.937,65.093,63.625,62.562,62.937,65.093
08-11-2026 15:52:25,7078,7607,1630,16384,23.666666666666668,99.0,18125,VDD_IN,30631,8197,8159,17346,18125,3984,4347,3.0,46.0,1.0,5.0,2.0,85.0,64.187,64.687,63.875,62.656,63.062,64.687
08-11-2026 15:52:26,7079,7607,1630,16384,23.833333333333332,99.0,17850,VDD_IN,30433,8198,8432,17348,17850,3984,4151,8.0,22.0,21.0,6.0,1.0,85.0,64.218,65.062,63.656,62.687,63.0,65.062
08-11-2026 15:52:27,7079,7607,1630,16384,15.833333333333334,99.0,17850,VDD_IN,30472,8199,8471,17350,17850,3985,4151,1.0,7.0,2.0,0.0,0.0,85.0,63.906,65.343,63.593,62.781,63.062,65.343
08-11-2026 15:52:28,7080,7607,1630,16384,19.5,99.0,17211,VDD_IN,29306,8199,8172,17350,17211,3985,3923,7.0,6.0,6.0,9.0,0.0,89.0,63.875,65.0,63.718,62.718,63.0,65.0
08-11-2026 15:52:29,7080,7607,1630,16384,18.333333333333332,99.0,17772,VDD_IN,30433,8201,8666,17351,17772,3985,3995,3.0,7.0,3.0,5.0,1.0,91.0,63.781,65.5,63.781,62.625,63.062,65.5
08-11-2026 15:52:30,7081,7607,1630,16384,16.666666666666668,98.0,17811,VDD_IN,30589,8204,8823,17353,17811,3985,3955,2.0,4.0,2.0,2.0,0.0,90.0,63.937,65.562,63.687,62.656,62.968,65.562
08-11-2026 15:52:31,7082,7607,1630,16384,26.166666666666668,98.0,18242,VDD_IN,31357,8207,9120,17357,18242,3985,3995,60.0,2.0,3.0,7.0,0.0,85.0,64.187,65.656,63.625,62.812,63.093,65.656
08-11-2026 15:52:32,7082,7607,1630,16384,21.166666666666668,98.0,17968,VDD_IN,30825,8210,8862,17359,17968,3985,3995,9.0,20.0,4.0,8.0,0.0,86.0,63.812,65.718,63.718,62.781,63.062,65.718
08-11-2026 15:52:33,7083,7607,1630,16384,16.666666666666668,98.0,17889,VDD_IN,30589,8212,8705,17361,17889,3985,3995,5.0,3.0,2.0,3.0,0.0,87.0,63.968,65.375,63.781,62.718,63.062,65.375
08-11-2026 15:52:34,7083,7607,1630,16384,19.666666666666668,98.0,17850,VDD_IN,30472,8213,8588,17363,17850,3985,4034,6.0,15.0,7.0,5.0,0.0,85.0,63.937,65.406,63.843,62.718,63.031,65.406
08-11-2026 15:52:35,7084,7607,1629,16384,15.833333333333334,98.0,17811,VDD_IN,30433,8215,8588,17365,17811,3985,4034,0.0,4.0,1.0,1.0,3.0,86.0,64.0,65.406,63.593,62.687,62.968,65.406
08-11-2026 15:52:36,7068,7607,1629,16384,15.5,97.0,17693,VDD_IN,30120,8215,8315,17366,17693,3986,4112,3.0,8.0,0.0,2.0,1.0,79.0,64.156,65.281,63.718,62.812,63.031,65.281
08-11-2026 15:52:37,7073,7607,1629,16384,28.833333333333332,98.0,18085,VDD_IN,30863,8217,8627,17369,18085,3986,4151,16.0,4.0,65.0,1.0,3.0,84.0,64.0,65.437,63.781,62.843,63.218,65.437
08-11-2026 15:52:38,7076,7607,1629,16384,18.666666666666668,97.0,17732,VDD_IN,30081,8216,8159,17370,17732,3987,4190,13.0,2.0,4.0,8.0,0.0,85.0,64.0,65.375,63.812,62.718,63.031,65.375
08-11-2026 15:52:39,7079,7607,1629,16384,20.166666666666668,98.0,17850,VDD_IN,30239,8216,8120,17372,17850,3988,4269,5.0,16.0,3.0,8.0,3.0,86.0,64.093,65.312,63.906,62.781,63.031,65.312
08-11-2026 15:52:40,7080,7607,1629,16384,15.333333333333334,99.0,17497,VDD_IN,29424,8214,7573,17373,17497,3990,4354,2.0,1.0,1.0,4.0,2.0,82.0,64.218,64.937,63.718,62.781,63.031,64.937
08-11-2026 15:52:41,7083,7607,1629,16384,15.5,99.0,17615,VDD_IN,29964,8213,8159,17373,17615,3990,4190,1.0,2.0,1.0,5.0,1.0,83.0,64.218,65.031,63.718,62.906,63.125,65.031
08-11-2026 15:52:42,7083,7607,1629,16384,15.666666666666666,99.0,17889,VDD_IN,30511,8214,8471,17375,17889,3991,4151,1.0,1.0,1.0,5.0,1.0,85.0,63.843,65.437,63.843,62.875,63.093,65.437
08-11-2026 15:52:43,7085,7607,1629,16384,32.333333333333336,99.0,18203,VDD_IN,31177,8217,8901,17379,18203,3991,4073,26.0,4.0,67.0,5.0,1.0,91.0,64.156,65.531,63.937,62.781,63.218,65.531
08-11-2026 15:52:44,7084,7607,1629,16384,21.333333333333332,99.0,17968,VDD_IN,30786,8219,8784,17381,17968,3991,4034,6.0,7.0,13.0,7.0,4.0,91.0,64.031,65.625,63.718,62.781,63.125,65.625
08-11-2026 15:52:45,7085,7607,1629,16384,16.0,98.0,17850,VDD_IN,30589,8221,8784,17382,17850,3991,3955,5.0,0.0,3.0,2.0,0.0,86.0,64.281,65.625,63.75,62.781,63.093,65.625
08-11-2026 15:52:46,7073,7607,1629,16384,16.5,97.0,17811,VDD_IN,30511,8223,8705,17384,17811,3991,3995,4.0,1.0,4.0,5.0,0.0,85.0,64.125,65.437,63.718,62.875,63.125,65.437
08-11-2026 15:52:47,7074,7607,1629,16384,15.833333333333334,98.0,17850,VDD_IN,30550,8225,8705,17386,17850,3991,3995,2.0,1.0,0.0,6.0,1.0,85.0,63.906,65.406,63.781,62.75,63.156,65.406
08-11-2026 15:52:48,7076,7607,1628,16384,16.833333333333332,98.0,17889,VDD_IN,30589,8226,8666,17388,17889,3991,4034,3.0,1.0,4.0,4.0,4.0,85.0,64.0,65.312,63.843,62.781,63.062,65.312
08-11-2026 15:52:49,7080,7607,1628,16384,34.333333333333336,97.0,18282,VDD_IN,31319,8229,9003,17391,18282,3992,4034,66.0,8.0,27.0,17.0,3.0,85.0,64.156,65.5,63.75,62.843,63.156,65.5
08-11-2026 15:52:50,7080,7607,1628,16384,15.333333333333334,98.0,17732,VDD_IN,30237,8230,8432,17392,17732,3992,4073,5.0,0.0,0.0,3.0,0.0,84.0,64.343,65.437,63.843,62.812,63.125,65.437
08-11-2026 15:52:51,7081,7607,1628,16384,15.833333333333334,98.0,17772,VDD_IN,30238,8230,8354,17394,17772,3992,4112,3.0,4.0,2.0,1.0,1.0,84.0,64.125,65.437,63.875,62.937,63.062,65.437
08-11-2026 15:52:52,7081,7607,1628,16384,16.166666666666668,97.0,17772,VDD_IN,30238,8231,8315,17395,17772,3993,4151,5.0,1.0,2.0,2.0,0.0,87.0,63.906,65.468,63.937,62.812,63.156,65.468
08-11-2026 15:52:53,7081,7607,1628,16384,15.833333333333334,97.0,17772,VDD_IN,30082,8230,8120,17396,17772,3994,4190,5.0,3.0,1.0,2.0,0.0,84.0,64.0,65.687,63.937,62.812,63.093,65.687
08-11-2026 15:52:54,7085,7607,1628,16384,23.166666666666668,98.0,18125,VDD_IN,30748,8231,8354,17399,18125,3995,4269,21.0,23.0,3.0,4.0,2.0,86.0,64.218,65.718,63.812,62.843,63.281,65.718
08-11-2026 15:52:55,7085,7607,1628,16384,27.333333333333332,99.0,17615,VDD_IN,29770,8230,7886,17400,17615,3996,4269,11.0,52.0,19.0,2.0,0.0,80.0,64.687,65.156,63.812,62.875,63.156,65.156
08-11-2026 15:52:56,7075,7607,1628,16384,15.833333333333334,99.0,17732,VDD_IN,30198,8230,8354,17401,17732,3996,4112,3.0,1.0,1.0,4.0,1.0,85.0,64.187,65.75,63.875,62.937,63.156,65.75
08-11-2026 15:52:57,7077,7607,1628,16384,16.5,99.0,17929,VDD_IN,30590,8231,8510,17403,17929,3997,4151,1.0,2.0,1.0,8.0,0.0,87.0,64.031,65.781,63.937,62.875,63.25,65.781
08-11-2026 15:52:58,7077,7607,1628,16384,17.333333333333332,99.0,17850,VDD_IN,30589,8233,8705,17404,17850,3997,4034,2.0,1.0,2.0,5.0,0.0,94.0,64.031,65.812,64.062,62.812,63.187,65.812
08-11-2026 15:52:59,7081,7607,1628,16384,22.166666666666668,99.0,18007,VDD_IN,30825,8235,8784,17407,18007,3997,4034,11.0,18.0,4.0,5.0,3.0,92.0,64.125,65.437,63.843,62.906,63.343,65.437
08-11-2026 15:53:00,7083,7607,1628,16384,22.5,98.0,18203,VDD_IN,31317,8238,9159,17409,18203,3997,3955,30.0,2.0,2.0,10.0,0.0,91.0,64.406,65.718,63.906,62.968,63.375,65.718
08-11-2026 15:53:01,7084,7607,1628,16384,26.666666666666668,98.0,18007,VDD_IN,30981,8241,8979,17411,18007,3997,3995,41.0,20.0,5.0,8.0,0.0,86.0,64.031,65.718,63.968,63.0,63.218,65.718
08-11-2026 15:53:02,7084,7607,1628,16384,15.333333333333334,98.0,17811,VDD_IN,30550,8242,8744,17413,17811,3997,3995,2.0,2.0,4.0,1.0,0.0,83.0,64.125,65.687,63.937,62.906,63.343,65.687
08-11-2026 15:53:03,7085,7607,1628,16384,16.166666666666668,98.0,17772,VDD_IN,30394,8244,8627,17414,17772,3997,3995,4.0,2.0,5.0,2.0,0.0,84.0,64.062,66.0,63.812,62.875,63.25,66.0
08-11-2026 15:53:04,7089,7607,1628,16384,19.833333333333332,97.0,17968,VDD_IN,30746,8245,8744,17416,17968,3997,4034,16.0,3.0,11.0,3.0,1.0,85.0,64.218,65.406,63.937,62.937,63.218,65.406
08-11-2026 15:53:05,7090,7607,1628,16384,15.5,98.0,17732,VDD_IN,30276,8246,8510,17417,17732,3997,4034,1.0,0.0,6.0,2.0,0.0,84.0,64.312,65.531,63.906,62.906,63.187,65.531
08-11-2026 15:53:06,7093,7607,1628,16384,23.666666666666668,97.0,18125,VDD_IN,30967,8248,8730,17420,18125,3997,4112,4.0,44.0,5.0,3.0,1.0,85.0,64.031,65.437,63.968,62.812,63.281,65.437
08-11-2026 15:53:07,7094,7607,1628,16384,24.166666666666668,98.0,17968,VDD_IN,30629,8249,8510,17421,17968,3998,4151,9.0,26.0,19.0,5.0,0.0,86.0,64.125,65.5,64.0,62.843,63.125,65.5
08-11-2026 15:53:08,7095,7607,1628,16384,16.5,98.0,17732,VDD_IN,30120,8249,8198,17423,17732,3999,4190,3.0,1.0,2.0,8.0,1.0,84.0,64.187,65.406,63.906,62.875,63.218,65.593
08-11-2026 15:53:09,7096,7607,1628,16384,17.333333333333332,98.0,17850,VDD_IN,30278,8249,8198,17424,17850,3999,4230,4.0,3.0,3.0,9.0,0.0,85.0,64.218,65.531,63.906,62.843,63.125,65.531
08-11-2026 15:53:10,7096,7607,1628,16384,18.166666666666668,98.0,17850,VDD_IN,30200,8248,8042,17425,17850,4000,4308,5.0,8.0,4.0,7.0,1.0,84.0,64.343,65.562,63.843,63.0,63.281,65.562
08-11-2026 15:53:11,7097,7607,1628,16384,16.166666666666668,99.0,17693,VDD_IN,29848,8246,7808,17426,17693,4002,4347,3.0,4.0,1.0,1.0,1.0,87.0,64.156,65.312,63.875,62.781,63.125,65.312
08-11-2026 15:53:12,7097,7607,1628,16384,25.166666666666668,99.0,18125,VDD_IN,30904,8247,8549,17429,18125,4002,4230,54.0,6.0,2.0,2.0,2.0,85.0,64.281,65.281,64.0,62.843,63.25,65.281
08-11-2026 15:53:13,7098,7607,1628,16384,22.333333333333332,99.0,17889,VDD_IN,30589,8249,8588,17430,17889,4003,4112,16.0,6.0,22.0,4.0,0.0,86.0,64.218,65.562,63.843,62.843,63.125,65.562
08-11-2026 15:53:14,7099,7607,1628,16384,16.0,99.0,17772,VDD_IN,30394,8250,8588,17431,17772,4003,4034,3.0,1.0,5.0,0.0,0.0,87.0,64.031,65.625,63.843,62.875,63.156,65.625
08-11-2026 15:53:15,7100,7607,1628,16384,21.666666666666668,99.0,17575,VDD_IN,30041,8250,8471,17432,17575,4003,3995,5.0,5.0,16.0,11.0,1.0,92.0,63.906,65.218,63.906,62.781,63.187,65.218
08-11-2026 15:53:16,7101,7607,1628,16384,16.666666666666668,98.0,17850,VDD_IN,30628,8252,8823,17433,17850,4003,3955,2.0,4.0,1.0,1.0,1.0,91.0,64.031,65.875,63.906,62.812,63.062,65.875
08-11-2026 15:53:17,7101,7607,1628,16384,15.833333333333334,98.0,17889,VDD_IN,30707,8254,8823,17435,17889,4003,3995,1.0,4.0,2.0,2.0,0.0,86.0,64.031,65.812,63.843,62.812,63.187,65.812
08-11-2026 15:53:18,7100,7607,1628,16384,27.333333333333332,99.0,18321,VDD_IN,31475,8257,9159,17438,18321,4003,3995,4.0,6.0,2.0,67.0,0.0,85.0,64.5,65.875,63.843,62.875,63.281,65.875
08-11-2026 15:53:19,7101,7607,1628,16384,21.0,98.0,17968,VDD_IN,30786,8259,8823,17440,17968,4003,3995,21.0,5.0,9.0,6.0,0.0,85.0,64.0,65.812,63.875,63.0,63.156,65.812
08-11-2026 15:53:20,7103,7607,1628,16384,20.5,98.0,17929,VDD_IN,30707,8261,8744,17441,17929,4003,4034,6.0,4.0,7.0,8.0,11.0,87.0,64.031,65.812,63.906,62.843,63.312,65.812
08-11-2026 15:53:21,7103,7607,1628,16384,15.833333333333334,97.0,17889,VDD_IN,30589,8262,8666,17443,17889,4003,4034,2.0,3.0,3.0,1.0,0.0,86.0,64.125,65.468,63.906,62.906,63.187,65.468
08-11-2026 15:53:22,7104,7607,1628,16384,15.833333333333334,98.0,17889,VDD_IN,30550,8263,8588,17444,17889,4003,4073,1.0,2.0,2.0,4.0,0.0,86.0,64.031,65.531,63.875,62.812,63.125,65.531
08-11-2026 15:53:23,7105,7607,1628,16384,16.166666666666668,99.0,17811,VDD_IN,30355,8264,8432,17445,17811,4003,4112,3.0,1.0,2.0,5.0,1.0,85.0,64.218,65.562,63.812,62.906,63.187,65.562
08-11-2026 15:53:24,7104,7607,1628,16384,29.333333333333332,98.0,18360,VDD_IN,31319,8265,8808,17448,18360,4004,4151,5.0,66.0,18.0,5.0,0.0,82.0,64.281,65.593,63.875,63.0,63.218,65.593
08-11-2026 15:53:25,7104,7607,1628,16384,21.0,97.0,17811,VDD_IN,30239,8265,8198,17449,17811,4005,4230,6.0,22.0,9.0,5.0,1.0,83.0,64.062,65.468,63.937,62.781,63.187,65.468
08-11-2026 15:53:26,7105,7607,1628,16384,16.333333333333332,98.0,17850,VDD_IN,30239,8265,8120,17451,17850,4005,4269,2.0,2.0,4.0,4.0,0.0,86.0,64.156,65.531,63.843,62.843,63.125,65.531
08-11-2026 15:53:27,7105,7607,1628,16384,15.666666666666666,98.0,17693,VDD_IN,29848,8263,7847,17452,17693,4006,4308,2.0,1.0,2.0,4.0,0.0,85.0,64.156,65.718,63.968,62.843,63.218,65.718
08-11-2026 15:53:28,7105,7607,1628,16384,15.5,99.0,17379,VDD_IN,29423,8262,7847,17451,17379,4007,4197,2.0,2.0,3.0,3.0,0.0,83.0,64.406,65.281,63.687,62.875,63.156,65.281
08-11-2026 15:53:29,7106,7607,1628,16384,15.833333333333334,97.0,17772,VDD_IN,30277,8262,8354,17452,17772,4007,4151,2.0,3.0,0.0,6.0,1.0,83.0,64.0,65.437,63.875,62.937,63.281,65.437
08-11-2026 15:53:30,7107,7607,1628,16384,36.833333333333336,99.0,18282,VDD_IN,31280,8264,8925,17455,18282,4008,4073,15.0,16.0,30.0,67.0,2.0,91.0,64.062,65.437,63.875,62.812,63.343,65.437
08-11-2026 15:53:31,7107,7607,1628,16384,17.333333333333332,99.0,17929,VDD_IN,30668,8266,8744,17456,17929,4008,3995,5.0,5.0,2.0,1.0,0.0,91.0,64.031,65.5,63.875,62.875,63.281,65.5
08-11-2026 15:53:32,7108,7607,1628,16384,16.5,98.0,17889,VDD_IN,30707,8268,8823,17458,17889,4008,3995,3.0,5.0,1.0,1.0,0.0,89.0,64.343,65.656,63.875,62.843,63.093,65.656
08-11-2026 15:53:33,7115,7607,1628,16384,18.666666666666668,98.0,18007,VDD_IN,30888,8270,8886,17460,18007,4008,3995,3.0,5.0,13.0,4.0,1.0,86.0,64.281,65.718,63.875,62.937,63.218,65.718
08-11-2026 15:53:34,7109,7607,1628,16384,24.333333333333332,98.0,18242,VDD_IN,31318,8272,9081,17462,18242,4008,3995,51.0,3.0,3.0,7.0,0.0,82.0,64.093,65.75,63.843,62.968,63.468,65.75
08-11-2026 15:53:35,7111,7607,1627,16384,29.5,98.0,18282,VDD_IN,31319,8275,9003,17465,18282,4008,4034,32.0,24.0,11.0,24.0,1.0,85.0,64.093,65.687,64.031,62.843,63.375,65.687
08-11-2026 15:53:36,7111,7607,1627,16384,30.166666666666668,98.0,18282,VDD_IN,31358,8277,9003,17467,18282,4008,4073,61.0,4.0,6.0,23.0,0.0,87.0,64.156,65.781,63.875,62.875,63.156,65.781
08-11-2026 15:53:37,7112,7607,1627,16384,15.833333333333334,98.0,17850,VDD_IN,30472,8278,8549,17468,17850,4008,4073,5.0,2.0,2.0,2.0,0.0,84.0,64.343,65.75,63.875,62.875,63.281,65.75
08-11-2026 15:53:38,7112,7607,1627,16384,15.666666666666666,98.0,17732,VDD_IN,30198,8278,8354,17469,17732,4008,4112,2.0,2.0,2.0,5.0,0.0,83.0,64.25,65.5,63.906,62.906,63.187,65.5
08-11-2026 15:53:39,7113,7607,1627,16384,16.666666666666668,98.0,17850,VDD_IN,30355,8278,8354,17470,17850,4009,4151,2.0,4.0,1.0,5.0,2.0,86.0,64.031,65.531,63.968,62.843,63.281,65.531
08-11-2026 15:53:40,7114,7607,1627,16384,19.833333333333332,98.0,17811,VDD_IN,30199,8278,8198,17471,17811,4009,4190,9.0,7.0,16.0,4.0,0.0,83.0,64.125,65.406,63.937,62.812,63.25,65.406
08-11-2026 15:53:41,7113,7607,1627,16384,20.666666666666668,98.0,18085,VDD_IN,30655,8278,8301,17473,18085,4010,4269,24.0,2.0,7.0,5.0,0.0,86.0,64.187,65.531,63.812,62.906,63.281,65.531
08-11-2026 15:53:42,7114,7607,1627,16384,26.666666666666668,99.0,18007,VDD_IN,30357,8277,7964,17475,18007,4011,4386,48.0,20.0,2.0,6.0,0.0,84.0,64.625,65.093,63.937,62.906,63.281,65.093
08-11-2026 15:53:43,7114,7607,1627,16384,16.0,99.0,17693,VDD_IN,30159,8277,8315,17476,17693,4012,4151,2.0,2.0,4.0,2.0,0.0,86.0,64.093,65.75,63.875,63.0,63.187,65.75
08-11-2026 15:53:44,7114,7607,1627,16384,17.333333333333332,99.0,17929,VDD_IN,30707,8278,8666,17477,17929,4012,4112,2.0,4.0,5.0,1.0,0.0,92.0,64.031,65.843,63.937,63.062,63.25,65.843
08-11-2026 15:53:45,7115,7607,1627,16384,17.5,99.0,17379,VDD_IN,29773,8279,8393,17477,17379,4012,4001,4.0,4.0,7.0,4.0,2.0,84.0,64.218,65.843,63.781,62.812,63.187,65.843
08-11-2026 15:53:46,7115,7607,1627,16384,18.5,99.0,17693,VDD_IN,30237,8279,8510,17477,17693,4012,4034,93.0,3.0,2.0,5.0,1.0,7.0,64.156,65.781,63.906,62.937,63.437,65.781
08-11-2026 15:53:47,7117,7607,1627,16384,23.0,98.0,18321,VDD_IN,31475,8282,9159,17480,18321,4012,3995,66.0,38.0,4.0,2.0,27.0,1.0,64.281,65.687,63.875,63.0,63.343,65.687
08-11-2026 15:53:48,7117,7607,1627,16384,25.333333333333332,98.0,18085,VDD_IN,31044,8284,8964,17482,18085,4012,3995,5.0,33.0,19.0,8.0,87.0,0.0,64.0,65.718,63.937,62.906,63.312,65.718
08-11-2026 15:53:49,7118,7607,1627,16384,16.0,98.0,17929,VDD_IN,30708,8286,8784,17483,17929,4012,3995,1.0,1.0,2.0,7.0,85.0,0.0,64.031,65.625,63.906,62.875,63.312,65.625
08-11-2026 15:53:50,7118,7607,1627,16384,16.166666666666668,98.0,17929,VDD_IN,30708,8287,8784,17484,17929,4012,3995,2.0,1.0,1.0,5.0,87.0,1.0,64.0,65.75,63.875,62.906,63.187,65.75
08-11-2026 15:53:51,7119,7607,1627,16384,20.5,98.0,17968,VDD_IN,30746,8289,8744,17486,17968,4012,4034,4.0,8.0,8.0,17.0,85.0,1.0,64.093,65.75,63.968,63.0,63.25,65.75
08-11-2026 15:53:52,7120,7607,1627,16384,16.833333333333332,97.0,17889,VDD_IN,30589,8290,8666,17487,17889,4012,4034,3.0,2.0,5.0,5.0,86.0,0.0,64.218,65.937,63.875,63.0,63.343,65.937
08-11-2026 15:53:53,7121,7607,1627,16384,24.5,98.0,18164,VDD_IN,31045,8291,8808,17489,18164,4012,4073,10.0,47.0,3.0,5.0,30.0,52.0,64.218,65.593,64.031,62.937,63.375,65.593
08-11-2026 15:53:54,7122,7607,1627,16384,22.5,98.0,17889,VDD_IN,30472,8292,8471,17490,17889,4012,4112,4.0,20.0,20.0,8.0,1.0,82.0,64.25,65.531,64.062,62.937,63.25,65.531
08-11-2026 15:53:55,7122,7607,1627,16384,15.666666666666666,98.0,17732,VDD_IN,30120,8291,8198,17491,17732,4013,4190,5.0,2.0,2.0,2.0,0.0,83.0,64.375,65.5,63.937,62.968,63.25,65.5
08-11-2026 15:53:56,7123,7607,1627,16384,19.333333333333332,98.0,17654,VDD_IN,29887,8291,8003,17492,17654,4014,4230,2.0,5.0,8.0,18.0,0.0,83.0,64.156,65.687,63.875,62.968,63.218,65.687
08-11-2026 15:53:57,7124,7607,1627,16384,16.166666666666668,98.0,17772,VDD_IN,29927,8289,7847,17492,17772,4015,4308,2.0,2.0,2.0,5.0,0.0,86.0,64.562,65.656,64.031,63.062,63.312,65.656
08-11-2026 15:53:58,7124,7607,1627,16384,15.5,99.0,17497,VDD_IN,29659,8288,7925,17492,17497,4015,4237,1.0,2.0,1.0,6.0,0.0,83.0,64.375,65.281,63.843,62.875,63.281,65.281
08-11-2026 15:53:59,7125,7607,1627,16384,27.0,99.0,18321,VDD_IN,31358,8290,8886,17495,18321,4016,4151,7.0,63.0,2.0,5.0,1.0,84.0,64.375,65.781,63.937,62.937,63.343,65.781
08-11-2026 15:54:00,7126,7607,1627,16384,21.333333333333332,99.0,17447,VDD_IN,29763,8290,8315,17495,17447,4016,4001,5.0,10.0,3.0,20.0,1.0,89.0,64.406,65.437,63.937,62.968,63.25,65.437
08-11-2026 15:54:01,7126,7607,1627,16384,21.666666666666668,99.0,17968,VDD_IN,30825,8292,8823,17496,17968,4016,4034,17.0,9.0,9.0,4.0,0.0,91.0,64.25,65.687,64.0,63.062,63.343,65.687
08-11-2026 15:54:02,7126,7607,1627,16384,16.666666666666668,97.0,17968,VDD_IN,30864,8293,8901,17497,17968,4016,3995,1.0,4.0,3.0,2.0,0.0,90.0,64.5,65.687,64.031,62.906,63.281,65.687
08-11-2026 15:54:03,7127,7607,1626,16384,16.833333333333332,98.0,17889,VDD_IN,30707,8295,8823,17499,17889,4015,3995,3.0,3.0,2.0,7.0,0.0,86.0,64.125,65.687,64.062,62.875,63.312,65.687
08-11-2026 15:54:04,7127,7607,1626,16384,15.5,97.0,17929,VDD_IN,30708,8296,8784,17500,17929,4015,3995,2.0,2.0,0.0,4.0,0.0,85.0,64.125,65.562,63.937,62.875,63.312,65.562
08-11-2026 15:54:05,7128,7607,1626,16384,28.666666666666668,98.0,18321,VDD_IN,31436,8299,9081,17502,18321,4015,4034,7.0,12.0,66.0,3.0,1.0,83.0,64.5,65.625,64.0,62.906,63.406,65.625
08-11-2026 15:54:06,7129,7607,1626,16384,23.0,98.0,18007,VDD_IN,30785,8300,8744,17504,18007,4016,4034,10.0,24.0,4.0,16.0,1.0,83.0,64.093,65.812,63.812,63.031,63.281,65.812
08-11-2026 15:54:07,7130,7607,1626,16384,15.666666666666666,97.0,17772,VDD_IN,30316,8300,8471,17504,17772,4016,4073,4.0,1.0,4.0,2.0,0.0,83.0,64.156,65.812,64.062,63.156,63.281,65.812
08-11-2026 15:54:08,7131,7607,1626,16384,16.166666666666668,97.0,17850,VDD_IN,30433,8301,8471,17505,17850,4016,4112,3.0,2.0,3.0,3.0,0.0,86.0,64.093,65.812,64.093,62.937,63.343,65.812
08-11-2026 15:54:09,7132,7607,1626,16384,16.166666666666668,97.0,17889,VDD_IN,30472,8301,8432,17506,17889,4016,4151,3.0,0.0,4.0,4.0,0.0,86.0,64.125,65.812,63.937,62.937,63.25,65.812
08-11-2026 15:54:10,7133,7607,1626,16384,15.833333333333334,98.0,17615,VDD_IN,29847,8300,8042,17507,17615,4017,4190,4.0,2.0,3.0,2.0,0.0,84.0,64.343,65.468,63.875,63.062,63.218,65.468
08-11-2026 15:54:11,7134,7607,1625,16384,35.166666666666664,97.0,18369,VDD_IN,31251,8301,8613,17509,18369,4018,4269,11.0,67.0,9.0,27.0,28.0,69.0,64.312,65.562,63.937,62.968,63.406,65.562
08-11-2026 15:54:12,7134,7607,1625,16384,16.666666666666668,98.0,17772,VDD_IN,30083,8300,8003,17510,17772,4018,4308,50.0,3.0,5.0,3.0,39.0,0.0,64.281,65.531,64.031,62.906,63.437,65.531
08-11-2026 15:54:13,7135,7607,1625,16384,15.5,99.0,17693,VDD_IN,29848,8299,7847,17510,17693,4019,4308,86.0,4.0,1.0,1.0,0.0,1.0,64.375,65.125,63.75,62.906,63.406,65.125
08-11-2026 15:54:14,7135,7607,1625,16384,16.0,99.0,17732,VDD_IN,30198,8299,8315,17511,17732,4020,4151,87.0,3.0,2.0,4.0,0.0,0.0,64.218,65.406,63.937,62.906,63.406,65.406
08-11-2026 15:54:15,7136,7607,1625,16384,15.5,99.0,17889,VDD_IN,30511,8300,8510,17512,17889,4020,4112,85.0,4.0,2.0,1.0,1.0,0.0,64.281,65.687,63.906,63.093,63.406,65.687
08-11-2026 15:54:16,7136,7607,1625,16384,21.5,99.0,18046,VDD_IN,30863,8301,8744,17514,18046,4020,4073,8.0,9.0,8.0,15.0,88.0,1.0,64.312,65.718,63.906,63.0,63.437,65.718
08-11-2026 15:54:17,7136,7607,1625,16384,32.166666666666664,99.0,18242,VDD_IN,31240,8303,8964,17516,18242,4020,4034,66.0,23.0,9.0,2.0,92.0,1.0,64.156,65.843,64.062,62.968,63.468,65.843
08-11-2026 15:54:18,7136,7607,1625,16384,17.0,97.0,17968,VDD_IN,30849,8305,8886,17517,17968,4020,3995,2.0,4.0,2.0,2.0,91.0,1.0,64.25,65.562,63.843,62.906,63.25,65.562
08-11-2026 15:54:19,7138,7607,1625,16384,16.666666666666668,97.0,17929,VDD_IN,30786,8306,8862,17518,17929,4020,3995,3.0,5.0,3.0,1.0,88.0,0.0,64.312,65.656,63.968,62.968,63.281,65.656
08-11-2026 15:54:20,7138,7607,1625,16384,15.666666666666666,99.0,17889,VDD_IN,30589,8307,8705,17519,17889,4020,3995,1.0,5.0,1.0,1.0,86.0,0.0,64.156,65.375,64.062,62.968,63.218,65.375
08-11-2026 15:54:21,7139,7607,1625,16384,15.166666666666666,99.0,15257,VDD_IN,25861,8304,6983,17513,15257,4019,3621,5.0,9.0,59.0,6.0,11.0,1.0,64.0,64.625,63.906,63.125,63.156,64.625
08-11-2026 15:54:22,6963,7607,1592,16384,41.166666666666664,0.0,8240,VDD_IN,12853,8288,2623,17487,8240,4013,1990,38.0,37.0,35.0,35.0,58.0,44.0,63.718,63.031,63.625,62.718,62.375,63.718
08-11-2026 15:54:23,7088,7607,1562,16384,73.0,97.0,11567,VDD_IN,18682,8279,4857,17471,11567,4008,2258,63.0,62.0,71.0,94.0,81.0,67.0,63.906,64.281,63.125,62.593,62.312,64.281
08-11-2026 15:54:24,7091,7607,1562,16384,19.0,97.0,17290,VDD_IN,29112,8277,7703,17471,17290,4009,4119,4.0,6.0,7.0,92.0,3.0,2.0,63.781,64.875,63.375,62.593,62.656,64.875
08-11-2026 15:54:25,7092,7607,1562,16384,15.333333333333334,99.0,17536,VDD_IN,29652,8276,7847,17471,17536,4009,4269,3.0,2.0,1.0,85.0,0.0,1.0,64.031,64.656,63.5,62.656,63.0,64.656
08-11-2026 15:54:26,6574,7607,1562,16384,19.0,4.0,16347,VDD_IN,27757,8274,7520,17468,16347,4009,3890,7.0,9.0,3.0,88.0,0.0,7.0,64.0,64.218,63.625,62.75,62.875,64.218
08-11-2026 15:54:27,7168,7607,1562,16384,23.333333333333332,98.0,17772,VDD_IN,30355,8275,8549,17469,17772,4009,4034,6.0,12.0,6.0,100.0,0.0,16.0,63.781,65.125,63.718,62.656,62.843,65.125
08-11-2026 15:54:28,7168,7607,1562,16384,15.5,97.0,17850,VDD_IN,30511,8276,8666,17470,17850,4009,3995,5.0,3.0,2.0,82.0,0.0,1.0,64.093,65.218,63.562,62.625,62.968,65.218
08-11-2026 15:54:29,7170,7607,1562,16384,30.333333333333332,97.0,18125,VDD_IN,31084,8277,8925,17471,18125,4009,4034,4.0,8.0,16.0,82.0,69.0,3.0,64.0,65.187,63.593,62.656,63.031,65.187
08-11-2026 15:54:30,7170,7607,1562,16384,16.5,97.0,17889,VDD_IN,30589,8278,8666,17473,17889,4009,4034,3.0,3.0,6.0,87.0,0.0,0.0,64.093,65.281,63.656,62.656,62.906,65.281
08-11-2026 15:54:31,7170,7607,1562,16384,15.333333333333334,97.0,17850,VDD_IN,30511,8279,8549,17474,17850,4009,4112,2.0,4.0,1.0,84.0,0.0,1.0,63.937,65.25,63.656,62.812,62.968,65.25
08-11-2026 15:54:32,7171,7607,1562,16384,19.833333333333332,98.0,17772,VDD_IN,30238,8279,8354,17474,17772,4010,4112,12.0,8.0,6.0,84.0,5.0,4.0,63.937,65.343,63.718,62.656,63.062,65.343
08-11-2026 15:54:33,7172,7607,1562,16384,15.666666666666666,98.0,17732,VDD_IN,30120,8279,8237,17475,17732,4010,4151,0.0,1.0,1.0,86.0,4.0,2.0,64.031,65.281,63.656,62.656,62.968,65.281
08-11-2026 15:54:34,7173,7607,1562,16384,18.0,97.0,17929,VDD_IN,30474,8279,8315,17476,17929,4011,4230,6.0,5.0,2.0,86.0,5.0,4.0,64.031,65.281,63.656,62.687,63.062,65.281
08-11-2026 15:54:35,7173,7607,1562,16384,28.666666666666668,97.0,17811,VDD_IN,30161,8279,8081,17477,17811,4011,4269,6.0,1.0,6.0,83.0,75.0,1.0,64.218,65.281,63.718,62.75,63.062,65.281
08-11-2026 15:54:36,7173,7607,1562,16384,15.5,99.0,17497,VDD_IN,29534,8277,7768,17477,17497,4012,4269,5.0,1.0,4.0,76.0,7.0,0.0,64.031,64.812,63.562,62.781,63.093,64.812
08-11-2026 15:54:37,7174,7607,1562,16384,20.333333333333332,99.0,17772,VDD_IN,30316,8278,8432,17478,17772,4012,4112,9.0,5.0,15.0,6.0,86.0,1.0,63.812,65.656,63.781,62.593,63.062,65.656
08-11-2026 15:54:38,7174,7607,1562,16384,16.0,99.0,17250,VDD_IN,29410,8278,8198,17477,17250,4012,3962,4.0,5.0,1.0,2.0,84.0,0.0,63.906,65.75,63.625,62.718,63.062,65.75
08-11-2026 15:54:39,7174,7607,1562,16384,16.666666666666668,99.0,17497,VDD_IN,29891,8278,8393,17477,17497,4012,4001,3.0,4.0,1.0,1.0,91.0,0.0,64.0,65.468,63.656,62.656,63.0,65.468
08-11-2026 15:54:40,7175,7607,1562,16384,20.666666666666668,98.0,18125,VDD_IN,31122,8280,9042,17479,18125,4012,3955,3.0,22.0,3.0,4.0,90.0,2.0,64.062,65.781,63.625,62.781,63.062,65.781
08-11-2026 15:54:41,7175,7607,1562,16384,26.833333333333332,97.0,18125,VDD_IN,31123,8282,9003,17481,18125,4012,3995,20.0,46.0,1.0,7.0,85.0,2.0,64.156,65.281,63.718,62.875,63.093,65.281
08-11-2026 15:54:42,7176,7607,1562,16384,19.666666666666668,98.0,17889,VDD_IN,30707,8283,8823,17482,17889,4012,3995,5.0,15.0,6.0,9.0,83.0,0.0,63.843,65.5,63.875,62.687,63.062,65.5
08-11-2026 15:54:43,7176,7607,1562,16384,15.666666666666666,98.0,17850,VDD_IN,30511,8284,8666,17483,17850,4012,3995,1.0,4.0,1.0,2.0,86.0,0.0,63.875,65.468,63.656,62.75,63.0,65.468
08-11-2026 15:54:44,7176,7607,1562,16384,16.0,97.0,17811,VDD_IN,30433,8285,8588,17484,17811,4012,4034,2.0,1.0,1.0,5.0,86.0,1.0,64.093,65.406,63.781,62.781,63.062,65.406
08-11-2026 15:54:46,7176,7607,1562,16384,15.5,97.0,17889,VDD_IN,30589,8286,8627,17485,17889,4012,4073,1.0,1.0,2.0,2.0,84.0,3.0,64.0,65.562,63.812,62.843,63.062,65.562
08-11-2026 15:54:47,7174,7607,1562,16384,22.333333333333332,98.0,18242,VDD_IN,31162,8287,8808,17487,18242,4012,4112,35.0,3.0,6.0,3.0,87.0,0.0,64.25,65.625,63.75,62.875,63.281,65.625
08-11-2026 15:54:48,7172,7607,1562,16384,45.166666666666664,97.0,18604,VDD_IN,31830,8289,9081,17490,18604,4013,4145,59.0,27.0,34.0,42.0,63.0,46.0,64.031,65.625,63.937,62.812,63.218,65.437
08-11-2026 15:54:49,7172,7607,1562,16384,16.333333333333332,98.0,18007,VDD_IN,30668,8290,8510,17491,18007,4013,4151,4.0,1.0,1.0,1.0,4.0,87.0,64.062,65.375,63.718,62.812,63.156,65.375
08-11-2026 15:54:50,7172,7607,1562,16384,15.5,98.0,17850,VDD_IN,30277,8290,8237,17492,17850,4013,4190,2.0,4.0,1.0,1.0,0.0,85.0,64.218,65.375,63.812,62.843,63.062,65.375
08-11-2026 15:54:51,7168,7607,1561,16384,19.333333333333332,98.0,18046,VDD_IN,30669,8290,8393,17493,18046,4014,4230,4.0,5.0,11.0,10.0,0.0,86.0,64.593,65.375,63.906,62.906,63.125,65.375
08-11-2026 15:54:52,7168,7607,1561,16384,17.833333333333332,98.0,17654,VDD_IN,29809,8289,7847,17494,17654,4015,4308,6.0,3.0,6.0,9.0,0.0,83.0,64.437,65.25,63.906,62.937,63.218,65.25
08-11-2026 15:54:53,7174,7607,1560,16384,27.833333333333332,99.0,18282,VDD_IN,31061,8289,8510,17496,18282,4015,4269,14.0,10.0,10.0,48.0,1.0,84.0,64.406,65.062,64.031,62.812,63.312,65.062
08-11-2026 15:54:54,7174,7607,1560,16384,24.833333333333332,99.0,17929,VDD_IN,30668,8290,8627,17497,17929,4016,4112,10.0,9.0,23.0,22.0,0.0,85.0,64.156,65.687,63.906,62.906,63.187,65.687
08-11-2026 15:54:55,7174,7607,1560,16384,15.666666666666666,99.0,17093,VDD_IN,29149,8290,8094,17496,17093,4016,3962,3.0,2.0,2.0,1.0,0.0,86.0,64.25,65.562,63.843,62.875,63.25,65.562
08-11-2026 15:54:56,7174,7607,1560,16384,16.833333333333332,99.0,17772,VDD_IN,30394,8290,8588,17496,17772,4016,4034,4.0,3.0,2.0,1.0,91.0,0.0,63.968,65.656,63.937,62.906,63.156,65.656
08-11-2026 15:54:57,7174,7607,1560,16384,16.833333333333332,98.0,17889,VDD_IN,30706,8292,8862,17497,17889,4015,3955,5.0,2.0,1.0,3.0,90.0,0.0,63.906,65.875,63.968,62.875,63.125,65.875
08-11-2026 15:54:58,7175,7607,1560,16384,19.5,98.0,18046,VDD_IN,30927,8293,8886,17499,18046,4015,3995,6.0,8.0,16.0,5.0,81.0,1.0,63.906,65.531,63.781,62.843,63.187,65.531
08-11-2026 15:54:59,7175,7607,1560,16384,27.0,98.0,18360,VDD_IN,31553,8296,9198,17501,18360,4015,3995,60.0,8.0,2.0,6.0,86.0,0.0,64.25,65.656,63.968,62.875,63.375,65.656
08-11-2026 15:55:00,7178,7607,1560,16384,20.5,98.0,17850,VDD_IN,30550,8297,8705,17502,17850,4015,3995,8.0,5.0,20.0,7.0,82.0,1.0,64.25,65.531,63.875,62.937,63.187,65.531
08-11-2026 15:55:01,7179,7607,1560,16384,16.666666666666668,98.0,17929,VDD_IN,30590,8297,8627,17503,17929,4015,4034,2.0,5.0,4.0,2.0,86.0,1.0,63.937,65.718,63.875,63.031,63.187,65.718
08-11-2026 15:55:02,7179,7607,1560,16384,16.333333333333332,98.0,17929,VDD_IN,30576,8298,8574,17504,17929,4015,4073,2.0,4.0,1.0,4.0,86.0,1.0,64.031,65.656,64.031,62.812,63.281,65.656
08-11-2026 15:55:03,7163,7607,1561,16384,19.0,97.0,18046,VDD_IN,30785,8299,8627,17505,18046,4016,4112,20.0,4.0,7.0,4.0,77.0,2.0,64.156,65.843,64.062,62.937,63.406,65.843
08-11-2026 15:55:04,7164,7607,1561,16384,16.166666666666668,98.0,17889,VDD_IN,30433,8299,8393,17506,17889,4016,4151,84.0,4.0,4.0,3.0,0.0,2.0,64.281,65.906,63.937,62.906,63.406,65.906
08-11-2026 15:55:05,7165,7607,1561,16384,28.5,98.0,18282,VDD_IN,31163,8300,8691,17508,18282,4016,4190,67.0,8.0,2.0,8.0,86.0,0.0,64.562,65.625,63.968,63.093,63.375,65.625
08-11-2026 15:55:06,7166,7607,1561,16384,19.166666666666668,98.0,17929,VDD_IN,30435,8300,8276,17509,17929,4017,4230,5.0,8.0,2.0,14.0,86.0,0.0,64.125,65.562,64.062,62.843,63.25,65.562
08-11-2026 15:55:07,7166,7607,1561,16384,16.166666666666668,98.0,17850,VDD_IN,30200,8300,8081,17510,17850,4018,4269,4.0,3.0,2.0,2.0,86.0,0.0,64.062,65.562,63.906,63.0,63.25,65.875
08-11-2026 15:55:08,7167,7607,1561,16384,16.666666666666668,99.0,17850,VDD_IN,30122,8299,7925,17511,17850,4018,4347,5.0,4.0,2.0,3.0,86.0,0.0,64.468,65.125,64.031,63.0,63.25,65.125
08-11-2026 15:55:09,7167,7607,1561,16384,20.833333333333332,99.0,17850,VDD_IN,30278,8298,8159,17512,17850,4019,4269,16.0,12.0,3.0,8.0,86.0,0.0,64.156,65.093,64.062,63.062,63.343,65.093
08-11-2026 15:55:10,7167,7607,1561,16384,16.666666666666668,99.0,17654,VDD_IN,30159,8299,8432,17512,17654,4019,4073,5.0,3.0,1.0,3.0,86.0,2.0,64.218,65.375,64.093,62.906,63.312,65.375
08-11-2026 15:55:11,7169,7607,1561,16384,30.666666666666668,99.0,17693,VDD_IN,30276,8299,8549,17512,17693,4019,4034,68.0,21.0,6.0,4.0,85.0,0.0,64.343,65.125,63.906,62.937,63.375,65.281
08-11-2026 15:55:12,7168,7607,1561,16384,17.666666666666668,99.0,17654,VDD_IN,30198,8300,8549,17513,17654,4019,3995,3.0,2.0,5.0,5.0,90.0,1.0,64.437,65.375,63.937,63.0,63.312,65.375
08-11-2026 15:55:13,7168,7607,1561,16384,16.5,97.0,17811,VDD_IN,30589,8301,8823,17513,17811,4019,3955,3.0,2.0,1.0,1.0,89.0,3.0,64.281,65.593,63.937,62.937,63.281,65.593
08-11-2026 15:55:14,7168,7607,1561,16384,20.666666666666668,98.0,17811,VDD_IN,30510,8302,8744,17514,17811,4019,3955,6.0,7.0,9.0,16.0,86.0,0.0,64.25,65.625,64.031,63.0,63.281,65.625
08-11-2026 15:55:15,7168,7607,1561,16384,16.333333333333332,98.0,17772,VDD_IN,30393,8303,8666,17515,17772,4019,3955,3.0,2.0,5.0,2.0,86.0,0.0,63.968,65.5,64.031,62.875,63.156,65.5
08-11-2026 15:55:16,7168,7607,1561,16384,16.5,98.0,17732,VDD_IN,30354,8304,8627,17515,17732,4019,3995,4.0,2.0,5.0,2.0,86.0,0.0,64.156,65.562,63.843,62.906,63.156,65.562
08-11-2026 15:55:17,7169,7607,1561,16384,31.333333333333332,99.0,18164,VDD_IN,31123,8305,8925,17517,18164,4019,4034,8.0,22.0,3.0,69.0,86.0,0.0,64.531,65.437,63.875,63.0,63.281,65.437
08-11-2026 15:55:18,7169,7607,1561,16384,16.5,97.0,17850,VDD_IN,30511,8306,8627,17518,17850,4019,4034,6.0,3.0,2.0,4.0,84.0,0.0,64.062,65.5,63.906,63.031,63.375,65.5
08-11-2026 15:55:19,7170,7607,1561,16384,21.333333333333332,98.0,17850,VDD_IN,30433,8307,8510,17518,17850,4019,4073,19.0,9.0,5.0,7.0,87.0,1.0,64.031,65.5,64.0,62.875,63.25,65.5
08-11-2026 15:55:20,7170,7607,1561,16384,15.833333333333334,97.0,17693,VDD_IN,30081,8307,8315,17519,17693,4019,4073,4.0,2.0,3.0,1.0,85.0,0.0,64.0,65.531,63.843,62.937,63.187,65.531
08-11-2026 15:55:21,7170,7607,1560,16384,16.166666666666668,97.0,17732,VDD_IN,30120,8306,8237,17519,17732,4019,4151,5.0,2.0,2.0,3.0,85.0,0.0,64.062,65.562,63.968,62.906,63.281,65.562
08-11-2026 15:55:22,7170,7607,1560,16384,18.666666666666668,99.0,17968,VDD_IN,30512,8307,8354,17520,17968,4020,4190,5.0,3.0,14.0,5.0,85.0,0.0,64.718,65.468,63.875,63.031,63.281,65.468
08-11-2026 15:55:23,7171,7607,1560,16384,29.0,97.0,18007,VDD_IN,30552,8307,8315,17522,18007,4020,4230,22.0,5.0,55.0,3.0,86.0,3.0,64.031,65.812,64.0,63.062,63.375,65.812
08-11-2026 15:55:24,7171,7607,1560,16384,20.5,98.0,17732,VDD_IN,29965,8306,7964,17522,17732,4021,4269,10.0,18.0,3.0,6.0,86.0,0.0,64.156,65.75,64.0,62.906,63.25,65.75
08-11-2026 15:55:25,7171,7607,1560,16384,16.166666666666668,99.0,17575,VDD_IN,29612,8304,7768,17522,17575,4021,4269,4.0,5.0,1.0,2.0,85.0,0.0,64.25,65.281,63.906,62.906,63.375,65.281
08-11-2026 15:55:26,7171,7607,1560,16384,15.833333333333334,99.0,17654,VDD_IN,30159,8305,8393,17522,17654,4022,4112,1.0,3.0,3.0,5.0,83.0,0.0,64.125,65.906,63.968,62.875,63.25,65.906
08-11-2026 15:55:27,7171,7607,1560,16384,15.333333333333334,99.0,17133,VDD_IN,29189,8304,8094,17522,17133,4021,3962,3.0,1.0,0.0,4.0,84.0,0.0,64.312,65.687,63.968,62.906,63.187,65.687
08-11-2026 15:55:28,7172,7607,1560,16384,22.333333333333332,99.0,17929,VDD_IN,30708,8305,8784,17522,17929,4021,3995,2.0,27.0,3.0,9.0,91.0,2.0,64.218,65.75,63.937,63.0,63.343,65.75
08-11-2026 15:55:29,7174,7607,1560,16384,32.0,98.0,18125,VDD_IN,31137,8307,9057,17524,18125,4021,3955,44.0,10.0,23.0,25.0,90.0,0.0,64.031,65.75,63.937,62.906,63.406,65.75
08-11-2026 15:55:30,7174,7607,1560,16384,16.333333333333332,98.0,17811,VDD_IN,30550,8308,8784,17525,17811,4021,3955,3.0,2.0,4.0,4.0,85.0,0.0,64.031,65.656,63.843,62.937,63.281,65.656
08-11-2026 15:55:31,7174,7607,1560,16384,15.166666666666666,98.0,17772,VDD_IN,30472,8309,8705,17525,17772,4021,3995,3.0,76.0,0.0,4.0,8.0,0.0,64.25,65.656,63.906,62.937,63.25,65.656
08-11-2026 15:55:32,7174,7607,1560,16384,15.5,98.0,17732,VDD_IN,30315,8310,8588,17526,17732,4021,3995,2.0,85.0,1.0,1.0,3.0,1.0,64.437,65.75,63.843,62.968,63.281,65.75
08-11-2026 15:55:33,7174,7607,1560,16384,14.833333333333334,98.0,17654,VDD_IN,30159,8310,8471,17526,17654,4021,4034,1.0,82.0,1.0,2.0,1.0,2.0,64.031,65.687,63.937,63.062,63.281,65.687
08-11-2026 15:55:34,7175,7607,1559,16384,26.0,98.0,18164,VDD_IN,31099,8311,8862,17527,18164,4021,4073,4.0,85.0,9.0,15.0,5.0,38.0,64.25,65.75,64.062,62.812,63.406,65.75
08-11-2026 15:55:35,7176,7607,1559,16384,23.666666666666668,98.0,17811,VDD_IN,30355,8312,8432,17528,17811,4021,4112,17.0,81.0,1.0,2.0,10.0,31.0,64.125,65.75,64.0,62.968,63.406,65.75
08-11-2026 15:55:36,7176,7607,1559,16384,15.5,97.0,17615,VDD_IN,29847,8311,8042,17528,17615,4022,4190,3.0,84.0,2.0,3.0,1.0,0.0,64.187,65.687,63.875,62.906,63.312,65.687
08-11-2026 15:55:37,7176,7607,1559,16384,15.0,98.0,17772,VDD_IN,30083,8311,8081,17529,17772,4022,4230,3.0,84.0,3.0,0.0,0.0,0.0,64.343,65.687,63.937,62.937,63.281,65.687
08-11-2026 15:55:38,7176,7607,1559,16384,15.666666666666666,98.0,17732,VDD_IN,29887,8309,7847,17529,17732,4023,4308,2.0,86.0,2.0,3.0,0.0,1.0,64.312,65.406,63.906,63.0,63.312,65.406
08-11-2026 15:55:39,7179,7607,1559,16384,20.5,99.0,17497,VDD_IN,29690,8309,8003,17529,17497,4023,4190,6.0,77.0,15.0,6.0,11.0,8.0,64.375,65.031,63.875,63.062,63.406,65.031
08-11-2026 15:55:40,7179,7607,1559,16384,24.5,99.0,18085,VDD_IN,30966,8310,8808,17530,18085,4023,4073,12.0,4.0,85.0,2.0,44.0,0.0,64.312,65.625,64.031,62.906,63.25,65.625
08-11-2026 15:55:41,7181,7607,1559,16384,22.166666666666668,99.0,18046,VDD_IN,30888,8311,8769,17532,18046,4023,4073,6.0,3.0,87.0,7.0,30.0,0.0,64.093,65.937,64.031,62.906,63.281,65.937
08-11-2026 15:55:42,7181,7607,1559,16384,16.333333333333332,99.0,17732,VDD_IN,30276,8311,8510,17532,17732,4023,4034,5.0,0.0,91.0,1.0,1.0,0.0,64.437,65.562,64.0,62.906,63.312,65.562
08-11-2026 15:55:43,7181,7607,1559,16384,16.666666666666668,98.0,17929,VDD_IN,30692,8312,8808,17533,17929,4023,3955,3.0,2.0,91.0,3.0,0.0,1.0,64.593,65.687,63.843,63.0,63.281,65.687
08-11-2026 15:55:44,7183,7607,1559,16384,18.166666666666668,99.0,17968,VDD_IN,30825,8314,8862,17534,17968,4023,3995,5.0,13.0,83.0,6.0,2.0,0.0,64.437,65.625,63.968,63.0,63.406,65.625
08-11-2026 15:55:45,7183,7607,1559,16384,15.833333333333334,98.0,17889,VDD_IN,30707,8315,8823,17535,17889,4023,3995,3.0,3.0,86.0,2.0,0.0,1.0,64.25,65.937,64.0,62.843,63.343,65.937
08-11-2026 15:55:46,7158,7607,1559,16384,27.166666666666668,98.0,18282,VDD_IN,31436,8317,9120,17536,18282,4023,4034,11.0,5.0,85.0,3.0,58.0,1.0,64.468,65.906,64.062,62.937,63.25,65.906
08-11-2026 15:55:47,7152,7607,1560,16384,20.166666666666668,97.0,17889,VDD_IN,30589,8317,8666,17537,17889,4023,4034,4.0,7.0,85.0,9.0,15.0,1.0,64.625,65.843,63.937,62.906,63.218,65.843
08-11-2026 15:55:48,7152,7607,1560,16384,16.166666666666668,98.0,17811,VDD_IN,30472,8318,8588,17538,17811,4023,4073,1.0,1.0,84.0,2.0,1.0,8.0,64.531,65.843,63.875,62.968,63.312,65.843
08-11-2026 15:55:49,7130,7607,1560,16384,18.0,98.0,17732,VDD_IN,30237,8318,8432,17538,17732,4023,4073,5.0,6.0,81.0,8.0,4.0,4.0,64.437,65.75,63.968,63.0,63.312,65.75
08-11-2026 15:55:50,7131,7607,1560,16384,18.666666666666668,98.0,17732,VDD_IN,30198,8318,8354,17539,17732,4024,4112,15.0,6.0,2.0,3.0,85.0,1.0,64.0,65.687,63.937,62.843,63.156,65.687
08-11-2026 15:55:51,7131,7607,1560,16384,16.333333333333332,98.0,17850,VDD_IN,30277,8318,8237,17539,17850,4024,4190,3.0,5.0,2.0,2.0,86.0,0.0,64.031,65.656,63.906,62.875,63.187,65.656
08-11-2026 15:55:52,7126,7607,1560,16384,30.333333333333332,98.0,18085,VDD_IN,30708,8318,8393,17540,18085,4024,4230,48.0,18.0,7.0,8.0,38.0,63.0,64.312,65.562,63.968,62.937,63.187,65.562
08-11-2026 15:55:53,7127,7607,1560,16384,17.833333333333332,98.0,17811,VDD_IN,30083,8318,7964,17541,17811,4025,4308,2.0,12.0,4.0,3.0,86.0,0.0,64.031,65.468,63.937,62.937,63.187,65.468
08-11-2026 15:55:54,7123,7607,1560,16384,15.833333333333334,99.0,17340,VDD_IN,29462,8317,7964,17541,17340,4025,4158,4.0,2.0,5.0,5.0,79.0,0.0,64.093,65.25,63.906,62.843,63.375,65.25
08-11-2026 15:55:55,7126,7607,1560,16384,20.666666666666668,99.0,17811,VDD_IN,30433,8317,8471,17541,17811,4026,4151,9.0,17.0,6.0,6.0,86.0,0.0,63.968,65.906,63.968,62.875,63.187,65.906
08-11-2026 15:55:56,7126,7607,1559,16384,16.0,99.0,17772,VDD_IN,30394,8318,8549,17542,17772,4026,4073,2.0,1.0,4.0,1.0,88.0,0.0,64.031,65.5,63.843,62.906,63.125,65.5
08-11-2026 15:55:57,7126,7607,1559,16384,16.5,99.0,17732,VDD_IN,30315,8318,8588,17542,17732,4026,3995,3.0,0.0,3.0,2.0,91.0,0.0,64.312,65.343,63.812,62.968,63.281,65.343
08-11-2026 15:55:58,7128,7607,1559,16384,32.833333333333336,98.0,18360,VDD_IN,31552,8320,9237,17544,18360,4025,3955,4.0,72.0,8.0,21.0,91.0,1.0,64.031,65.562,63.906,63.031,63.312,65.562
08-11-2026 15:55:59,7128,7607,1559,16384,16.5,98.0,17850,VDD_IN,30589,8321,8784,17545,17850,4025,3955,4.0,5.0,5.0,1.0,84.0,0.0,64.0,65.718,63.968,62.875,63.375,65.718
08-11-2026 15:56:00,7131,7607,1559,16384,20.166666666666668,98.0,17889,VDD_IN,30667,8322,8823,17545,17889,4025,3955,4.0,13.0,16.0,2.0,86.0,0.0,64.187,65.781,63.812,62.906,63.25,65.781
08-11-2026 15:56:01,7132,7607,1559,16384,16.333333333333332,97.0,17811,VDD_IN,30472,8323,8666,17546,17811,4025,3995,3.0,6.0,1.0,2.0,86.0,0.0,64.281,65.781,63.843,62.906,63.343,65.781
08-11-2026 15:56:02,7133,7607,1559,16384,15.5,98.0,17811,VDD_IN,30433,8324,8588,17546,17811,4025,4034,17.0,5.0,1.0,2.0,68.0,0.0,64.375,65.781,63.968,63.031,63.312,65.781
08-11-2026 15:56:03,7136,7607,1559,16384,17.333333333333332,97.0,17929,VDD_IN,30590,8324,8588,17547,17929,4025,4073,85.0,3.0,4.0,6.0,6.0,0.0,64.25,65.718,64.0,63.031,63.437,65.718
08-11-2026 15:56:04,7136,7607,1559,16384,29.666666666666668,99.0,18085,VDD_IN,30888,8325,8730,17548,18085,4025,4073,64.0,17.0,5.0,5.0,87.0,0.0,64.031,65.75,64.0,62.906,63.375,65.75
08-11-2026 15:56:05,7136,7607,1559,16384,20.5,98.0,17929,VDD_IN,30551,8325,8510,17549,17929,4026,4112,17.0,5.0,3.0,12.0,86.0,0.0,64.093,65.593,63.906,62.937,63.187,65.593
08-11-2026 15:56:06,7136,7607,1559,16384,16.333333333333332,98.0,17732,VDD_IN,30120,8325,8237,17550,17732,4026,4151,3.0,2.0,3.0,2.0,85.0,3.0,64.312,65.468,63.906,63.0,63.25,65.468
08-11-2026 15:56:07,7136,7607,1559,16384,16.5,97.0,17693,VDD_IN,30042,8325,8159,17550,17693,4026,4190,7.0,2.0,1.0,2.0,87.0,0.0,64.156,65.468,63.937,62.968,63.218,65.468
08-11-2026 15:56:08,7136,7607,1559,16384,16.666666666666668,97.0,17811,VDD_IN,30083,8324,8003,17551,17811,4027,4269,7.0,3.0,3.0,3.0,59.0,25.0,64.062,65.406,64.031,62.843,63.281,65.406
08-11-2026 15:56:09,7137,7607,1559,16384,20.333333333333332,97.0,18007,VDD_IN,30396,8324,8081,17551,18007,4027,4308,3.0,4.0,23.0,6.0,0.0,86.0,64.406,65.593,63.968,62.875,63.25,65.593
08-11-2026 15:56:10,7139,7607,1559,16384,31.333333333333332,99.0,18007,VDD_IN,30513,8324,8276,17552,18007,4028,4230,7.0,11.0,60.0,25.0,0.0,85.0,64.437,65.281,63.937,62.937,63.375,65.281
08-11-2026 15:56:11,7140,7607,1559,16384,16.0,99.0,17693,VDD_IN,30237,8324,8471,17553,17693,4028,4073,3.0,1.0,5.0,2.0,0.0,85.0,64.343,65.843,64.062,62.968,63.25,65.843
08-11-2026 15:56:12,7140,7607,1559,16384,15.666666666666666,99.0,17850,VDD_IN,30550,8325,8627,17553,17850,4028,4073,2.0,3.0,1.0,1.0,0.0,87.0,64.281,66.062,63.937,63.0,63.343,66.062
08-11-2026 15:56:13,7140,7607,1559,16384,17.166666666666668,99.0,17693,VDD_IN,30198,8325,8471,17554,17693,4028,4034,3.0,3.0,5.0,1.0,0.0,91.0,64.0,65.75,64.031,63.0,63.406,65.75
08-11-2026 15:56:14,7140,7607,1559,16384,17.0,98.0,17772,VDD_IN,30511,8326,8784,17554,17772,4028,3955,3.0,1.0,6.0,2.0,0.0,90.0,64.062,65.687,63.937,62.937,63.312,65.687
08-11-2026 15:56:15,7142,7607,1559,16384,25.833333333333332,98.0,18203,VDD_IN,31200,8327,9042,17555,18203,4028,3955,14.0,6.0,8.0,43.0,0.0,84.0,64.437,65.625,63.937,62.906,63.312,65.625
08-11-2026 15:56:16,7142,7607,1559,16384,25.333333333333332,98.0,17929,VDD_IN,30747,8328,8823,17556,17929,4028,3995,20.0,7.0,3.0,38.0,0.0,84.0,64.468,65.718,63.937,63.0,63.25,65.718
08-11-2026 15:56:17,7142,7607,1559,16384,16.166666666666668,98.0,17811,VDD_IN,30472,8329,8627,17557,17811,4028,4034,4.0,3.0,2.0,2.0,0.0,86.0,64.093,65.656,64.062,63.031,63.281,65.656
08-11-2026 15:56:18,7143,7607,1559,16384,16.333333333333332,98.0,17850,VDD_IN,30550,8330,8666,17557,17850,4028,4034,6.0,1.0,1.0,1.0,3.0,86.0,64.156,65.625,64.0,62.875,63.281,65.625
08-11-2026 15:56:19,7143,7607,1559,16384,15.166666666666666,98.0,17732,VDD_IN,30276,8330,8471,17558,17732,4028,4073,1.0,2.0,5.0,0.0,0.0,83.0,64.031,65.656,63.906,62.968,63.187,65.656
08-11-2026 15:56:20,7143,7607,1559,16384,19.333333333333332,98.0,17850,VDD_IN,30433,8330,8510,17558,17850,4028,4073,5.0,3.0,5.0,8.0,11.0,84.0,64.156,65.437,63.906,62.968,63.25,65.437
08-11-2026 15:56:21,7142,7607,1559,16384,24.166666666666668,98.0,18242,VDD_IN,31084,8331,8652,17560,18242,4028,4190,46.0,5.0,7.0,3.0,0.0,84.0,64.531,65.531,63.937,63.062,63.343,65.531
08-11-2026 15:56:22,7142,7607,1559,16384,23.666666666666668,97.0,17850,VDD_IN,30277,8331,8237,17560,17850,4028,4190,27.0,1.0,8.0,21.0,0.0,85.0,64.218,65.468,64.062,63.062,63.375,65.468
08-11-2026 15:56:23,7142,7607,1559,16384,16.0,98.0,17850,VDD_IN,30200,8330,8120,17561,17850,4029,4230,5.0,2.0,1.0,3.0,0.0,85.0,64.218,65.468,64.031,62.906,63.281,65.468
08-11-2026 15:56:24,7142,7607,1559,16384,16.0,97.0,17732,VDD_IN,29965,8330,7925,17561,17732,4029,4308,6.0,2.0,1.0,1.0,0.0,86.0,64.375,65.375,63.906,62.968,63.25,65.375
08-11-2026 15:56:25,7143,7607,1559,16384,19.5,99.0,17772,VDD_IN,30122,8329,8042,17562,17772,4030,4308,4.0,5.0,7.0,16.0,0.0,85.0,64.5,65.156,63.906,62.968,63.281,65.156
08-11-2026 15:56:26,7143,7607,1559,16384,16.666666666666668,99.0,17654,VDD_IN,30120,8329,8354,17562,17654,4030,4112,2.0,4.0,3.0,5.0,0.0,86.0,64.5,65.625,63.937,62.968,63.343,65.625
08-11-2026 15:56:27,7144,7607,1559,16384,26.333333333333332,99.0,18125,VDD_IN,31123,8330,8925,17563,18125,4030,4073,5.0,3.0,6.0,60.0,0.0,84.0,64.375,65.906,64.0,62.906,63.375,65.906
08-11-2026 15:56:28,7144,7607,1559,16384,23.166666666666668,99.0,17693,VDD_IN,30276,8331,8549,17563,17693,4030,4034,5.0,22.0,3.0,18.0,0.0,91.0,64.062,65.75,64.062,62.906,63.343,65.75
08-11-2026 15:56:29,7144,7607,1559,16384,16.5,97.0,17693,VDD_IN,30392,8332,8744,17564,17693,4030,3955,5.0,2.0,1.0,2.0,0.0,89.0,64.187,65.812,63.937,62.906,63.25,65.812
08-11-2026 15:56:30,7145,7607,1559,16384,16.833333333333332,97.0,17850,VDD_IN,30629,8332,8784,17564,17850,4030,3995,2.0,6.0,5.0,3.0,0.0,85.0,64.468,65.562,63.875,63.031,63.218,65.562
08-11-2026 15:56:31,7144,7607,1559,16384,19.333333333333332,98.0,17772,VDD_IN,30393,8333,8666,17565,17772,4030,3955,4.0,3.0,14.0,11.0,0.0,84.0,64.343,65.531,64.062,63.062,63.218,65.531
08-11-2026 15:56:32,7143,7607,1559,16384,15.333333333333334,98.0,17693,VDD_IN,30237,8334,8549,17565,17693,4030,3995,2.0,1.0,1.0,5.0,0.0,83.0,64.0,65.5,64.031,62.875,63.281,65.5
08-11-2026 15:56:33,7144,7607,1559,16384,29.0,97.0,18242,VDD_IN,31279,8335,9003,17566,18242,4030,4034,9.0,66.0,7.0,6.0,0.0,86.0,64.187,65.656,64.062,62.875,63.375,65.656
08-11-2026 15:56:34,7144,7607,1559,16384,18.333333333333332,98.0,17732,VDD_IN,30198,8335,8393,17567,17732,4030,4073,15.0,2.0,6.0,6.0,0.0,81.0,64.375,65.468,63.937,62.906,63.312,65.468
08-11-2026 15:56:35,7152,7607,1559,16384,18.333333333333332,97.0,17929,VDD_IN,30512,8335,8432,17567,17929,4030,4151,30.0,4.0,6.0,5.0,22.0,43.0,64.218,65.875,63.937,63.0,63.437,65.875
08-11-2026 15:56:36,7139,7607,1559,16384,33.666666666666664,97.0,18125,VDD_IN,30811,8336,8496,17568,18125,4030,4190,92.0,8.0,18.0,11.0,73.0,0.0,64.437,65.781,64.031,63.062,63.406,65.781
08-11-2026 15:56:37,7139,7607,1559,16384,17.166666666666668,98.0,17811,VDD_IN,30161,8335,8081,17569,17811,4031,4269,4.0,2.0,7.0,4.0,86.0,0.0,64.031,65.843,63.937,62.906,63.25,65.843
08-11-2026 15:56:38,7139,7607,1559,16384,16.0,99.0,17408,VDD_IN,29218,8333,7495,17569,17408,4031,4315,2.0,5.0,5.0,2.0,67.0,15.0,64.468,65.25,63.906,63.0,63.25,65.25
08-11-2026 15:56:39,7139,7607,1559,16384,30.833333333333332,99.0,18242,VDD_IN,31201,8334,8769,17570,18242,4032,4190,67.0,21.0,6.0,7.0,0.0,84.0,64.468,65.781,63.906,63.0,63.437,65.781
08-11-2026 15:56:40,7140,7607,1559,16384,17.0,99.0,17811,VDD_IN,30433,8335,8471,17570,17811,4032,4151,2.0,6.0,2.0,7.0,0.0,85.0,64.093,66.031,63.937,62.968,63.312,66.031
08-11-2026 15:56:41,7142,7607,1559,16384,21.833333333333332,99.0,17693,VDD_IN,30237,8335,8510,17571,17693,4032,4034,6.0,20.0,9.0,5.0,0.0,91.0,64.375,65.562,64.031,62.937,63.343,65.562
08-11-2026 15:56:42,7142,7607,1559,16384,16.833333333333332,99.0,17811,VDD_IN,30472,8336,8666,17571,17811,4032,3995,2.0,4.0,2.0,2.0,0.0,91.0,64.0,65.718,64.031,62.968,63.343,65.718
08-11-2026 15:56:43,7142,7607,1559,16384,16.333333333333332,98.0,17889,VDD_IN,30667,8336,8823,17572,17889,4032,3955,1.0,3.0,3.0,2.0,0.0,89.0,64.187,65.75,64.031,63.031,63.218,65.75
08-11-2026 15:56:44,7142,7607,1559,16384,16.333333333333332,98.0,17693,VDD_IN,30354,8337,8666,17572,17693,4032,3995,3.0,5.0,3.0,3.0,0.0,84.0,64.343,65.656,63.937,63.0,63.312,65.656
08-11-2026 15:56:45,7141,7607,1559,16384,30.666666666666668,98.0,18203,VDD_IN,31279,8339,9081,17573,18203,4032,3995,67.0,6.0,5.0,22.0,0.0,84.0,64.187,65.843,63.968,63.062,63.406,65.843
08-11-2026 15:56:46,7141,7607,1559,16384,20.333333333333332,98.0,17889,VDD_IN,30653,8339,8730,17574,17889,4032,4034,9.0,6.0,11.0,9.0,0.0,87.0,64.093,65.593,64.062,63.187,63.406,65.593
08-11-2026 15:56:47,7142,7607,1559,16384,15.5,98.0,17772,VDD_IN,30355,8340,8549,17574,17772,4032,4034,2.0,2.0,1.0,5.0,0.0,83.0,64.218,65.562,64.031,63.031,63.25,65.562
08-11-2026 15:56:48,7142,7607,1559,16384,16.333333333333332,98.0,17850,VDD_IN,30433,8340,8471,17575,17850,4032,4112,6.0,2.0,2.0,4.0,0.0,84.0,64.187,65.625,63.968,63.0,63.375,65.625
08-11-2026 15:56:49,7142,7607,1559,16384,15.666666666666666,98.0,17654,VDD_IN,30042,8340,8276,17575,17654,4032,4112,2.0,6.0,1.0,3.0,0.0,82.0,64.375,65.75,64.031,63.062,63.25,65.75
08-11-2026 15:56:50,7144,7607,1559,16384,18.833333333333332,98.0,17968,VDD_IN,30590,8340,8432,17576,17968,4032,4190,5.0,4.0,14.0,4.0,0.0,86.0,64.312,65.75,64.0,62.937,63.281,65.75
08-11-2026 15:56:51,7146,7607,1559,16384,32.833333333333336,98.0,18242,VDD_IN,31007,8340,8535,17577,18242,4033,4230,13.0,20.0,56.0,8.0,14.0,86.0,64.218,65.843,64.062,62.968,63.406,65.843
08-11-2026 15:56:52,7146,7607,1559,16384,15.166666666666666,98.0,17575,VDD_IN,29612,8339,7768,17577,17575,4033,4269,3.0,1.0,2.0,2.0,0.0,83.0,64.406,65.75,63.937,62.937,63.281,65.75
08-11-2026 15:56:53,7146,7607,1559,16384,16.0,99.0,17497,VDD_IN,29574,8338,7808,17577,17497,4034,4269,2.0,7.0,1.0,2.0,0.0,84.0,64.781,65.187,63.906,63.031,63.406,65.187
08-11-2026 15:56:54,7146,7607,1559,16384,16.5,99.0,17732,VDD_IN,30276,8339,8432,17577,17732,4034,4112,2.0,6.0,2.0,4.0,0.0,85.0,64.343,65.625,64.031,63.093,63.312,65.625
08-11-2026 15:56:55,7147,7607,1559,16384,16.0,99.0,17654,VDD_IN,30159,8339,8432,17577,17654,4034,4073,5.0,2.0,2.0,1.0,0.0,86.0,64.062,65.656,64.031,63.125,63.375,65.656
08-11-2026 15:56:56,7145,7607,1559,16384,26.333333333333332,99.0,18125,VDD_IN,31084,8340,8925,17578,18125,4034,4034,27.0,12.0,22.0,6.0,0.0,91.0,64.281,65.406,64.156,63.0,63.531,65.406
08-11-2026 15:56:57,7146,7607,1559,16384,27.166666666666668,98.0,18007,VDD_IN,30887,8341,8925,17579,18007,4034,3955,44.0,5.0,20.0,6.0,0.0,88.0,64.25,65.625,63.968,63.062,63.312,65.625
08-11-2026 15:56:58,7146,7607,1559,16384,16.166666666666668,99.0,17850,VDD_IN,30589,8342,8744,17580,17850,4034,3995,2.0,3.0,2.0,4.0,0.0,86.0,64.468,65.625,63.968,63.0,63.312,65.625
08-11-2026 15:56:59,7146,7607,1559,16384,16.5,98.0,17850,VDD_IN,30589,8343,8744,17580,17850,4034,3995,7.0,2.0,3.0,2.0,0.0,85.0,64.25,65.937,64.0,63.031,63.312,65.937
08-11-2026 15:57:00,7147,7607,1559,16384,17.666666666666668,98.0,17889,VDD_IN,30628,8343,8705,17581,17889,4034,4034,3.0,3.0,7.0,6.0,1.0,86.0,64.0,65.875,64.062,63.093,63.312,65.875
08-11-2026 15:57:01,7146,7607,1559,16384,20.5,98.0,18046,VDD_IN,30849,8344,8769,17582,18046,4034,4034,9.0,6.0,18.0,3.0,1.0,86.0,64.093,66.0,64.125,62.906,63.312,66.0
08-11-2026 15:57:02,7146,7607,1559,16384,23.5,98.0,18164,VDD_IN,31045,8345,8808,17583,18164,4034,4073,40.0,8.0,6.0,4.0,0.0,83.0,64.312,65.937,64.0,62.937,63.281,65.937
08-11-2026 15:57:03,7146,7607,1559,16384,24.666666666666668,97.0,17968,VDD_IN,30668,8345,8588,17584,17968,4034,4112,33.0,19.0,5.0,6.0,0.0,85.0,64.437,65.812,64.0,63.031,63.25,65.812
08-11-2026 15:57:04,7146,7607,1559,16384,15.333333333333334,98.0,17654,VDD_IN,30003,8345,8198,17584,17654,4034,4151,2.0,1.0,5.0,1.0,0.0,83.0,64.218,65.968,64.031,63.0,63.312,65.656
08-11-2026 15:57:05,7147,7607,1558,16384,16.166666666666668,98.0,17772,VDD_IN,30121,8345,8159,17584,17772,4034,4190,3.0,2.0,4.0,2.0,0.0,86.0,64.218,65.625,64.062,62.937,63.312,65.625
08-11-2026 15:57:06,7147,7607,1558,16384,18.5,98.0,17929,VDD_IN,30396,8345,8237,17585,17929,4035,4230,4.0,12.0,5.0,4.0,0.0,86.0,64.25,65.687,63.968,62.937,63.375,65.687
08-11-2026 15:57:07,7148,7607,1558,16384,17.166666666666668,98.0,17850,VDD_IN,30161,8344,8003,17585,17850,4035,4308,4.0,2.0,4.0,7.0,0.0,86.0,64.343,65.593,64.0,63.031,63.281,65.593
08-11-2026 15:57:08,7148,7607,1558,16384,24.666666666666668,99.0,18085,VDD_IN,30591,8344,8198,17586,18085,4036,4308,53.0,5.0,3.0,2.0,0.0,85.0,64.687,65.125,64.0,63.031,63.5,65.125
08-11-2026 15:57:09,7148,7607,1558,16384,23.0,99.0,17889,VDD_IN,30511,8344,8432,17587,17889,4036,4190,17.0,4.0,11.0,19.0,0.0,87.0,64.281,65.437,64.0,63.031,63.343,65.437
08-11-2026 15:57:10,7148,7607,1558,16384,16.666666666666668,99.0,17811,VDD_IN,30433,8344,8510,17587,17811,4036,4112,1.0,3.0,6.0,3.0,0.0,87.0,64.156,65.75,64.031,62.937,63.281,65.562
08-11-2026 15:57:11,7149,7607,1558,16384,17.333333333333332,99.0,17732,VDD_IN,30315,8344,8549,17587,17732,4036,4034,3.0,4.0,7.0,2.0,0.0,88.0,64.25,65.562,63.968,62.968,63.25,65.562
08-11-2026 15:57:12,7148,7607,1558,16384,21.333333333333332,99.0,17654,VDD_IN,30198,8345,8549,17588,17654,4036,3995,4.0,16.0,9.0,6.0,1.0,92.0,64.093,65.406,63.937,62.937,63.187,65.406
08-11-2026 15:57:13,7148,7607,1558,16384,17.0,98.0,17929,VDD_IN,30692,8346,8808,17588,17929,4036,3955,2.0,2.0,5.0,2.0,0.0,91.0,64.375,65.593,63.968,63.0,63.281,65.593
08-11-2026 15:57:14,7149,7607,1558,16384,27.0,99.0,17536,VDD_IN,30203,8347,8901,17588,17536,4035,3766,4.0,4.0,6.0,67.0,79.0,2.0,64.312,65.75,63.968,63.093,63.375,65.75
08-11-2026 15:57:15,7059,7607,1554,16384,35.666666666666664,0.0,9021,VDD_IN,14301,8337,3015,17572,9021,4032,2265,71.0,28.0,39.0,33.0,21.0,22.0,63.906,63.281,63.718,62.812,62.656,63.906
08-11-2026 15:57:16,7150,7607,1540,16384,63.666666666666664,97.0,12340,VDD_IN,20074,8331,5164,17562,12340,4029,2570,57.0,57.0,56.0,97.0,58.0,57.0,63.5,64.625,63.406,62.718,62.5,64.625
08-11-2026 15:57:17,7155,7607,1540,16384,21.166666666666668,98.0,17419,VDD_IN,29456,8330,7925,17562,17419,4030,4112,14.0,6.0,12.0,18.0,77.0,0.0,63.593,65.187,63.531,62.75,62.812,65.187
08-11-2026 15:57:18,7156,7607,1540,16384,17.5,98.0,17889,VDD_IN,30356,8330,8237,17563,17889,4030,4230,3.0,3.0,6.0,2.0,91.0,0.0,64.0,65.343,63.562,62.843,62.968,65.343
08-11-2026 15:57:19,7156,7607,1540,16384,15.333333333333334,98.0,17772,VDD_IN,29966,8329,7886,17563,17772,4030,4308,0.0,2.0,4.0,1.0,85.0,0.0,63.812,65.343,63.781,62.812,63.031,65.125
08-11-2026 15:57:20,7151,7607,1540,16384,32.166666666666664,99.0,18242,VDD_IN,31124,8330,8652,17564,18242,4031,4230,10.0,6.0,73.0,22.0,82.0,0.0,64.156,65.031,63.843,62.812,63.125,65.031
08-11-2026 15:57:21,7150,7607,1540,16384,20.5,99.0,17458,VDD_IN,29807,8330,8276,17564,17458,4031,4073,9.0,6.0,4.0,20.0,84.0,0.0,64.125,65.343,63.718,62.812,63.093,65.343
08-11-2026 15:57:22,7154,7607,1540,16384,21.0,99.0,17340,VDD_IN,29617,8330,8315,17564,17340,4031,3962,7.0,4.0,17.0,7.0,91.0,0.0,63.875,65.062,63.75,62.875,63.062,65.062
08-11-2026 15:57:23,7154,7607,1540,16384,17.0,98.0,17811,VDD_IN,30550,8330,8784,17564,17811,4031,3955,3.0,2.0,4.0,2.0,91.0,0.0,64.156,65.375,63.781,62.906,63.093,65.375
08-11-2026 15:57:24,7154,7607,1540,16384,16.333333333333332,98.0,17889,VDD_IN,30667,8331,8823,17565,17889,4030,3955,2.0,1.0,7.0,1.0,86.0,1.0,63.812,65.5,63.781,62.781,63.125,65.5
08-11-2026 15:57:25,7154,7607,1540,16384,15.333333333333334,98.0,17772,VDD_IN,30433,8332,8666,17565,17772,4030,3995,3.0,2.0,1.0,1.0,83.0,2.0,63.843,65.625,63.656,62.781,63.062,65.625
08-11-2026 15:57:26,7157,7607,1540,16384,29.333333333333332,98.0,18321,VDD_IN,31397,8333,9081,17567,18321,4030,3995,7.0,3.0,64.0,17.0,81.0,4.0,64.375,65.718,63.843,62.843,63.093,65.718
08-11-2026 15:57:27,7158,7607,1540,16384,22.166666666666668,98.0,17968,VDD_IN,30746,8334,8744,17567,17968,4030,4034,10.0,16.0,4.0,16.0,27.0,60.0,63.843,65.75,63.812,62.843,63.156,65.75
08-11-2026 15:57:28,7158,7607,1540,16384,16.166666666666668,98.0,17889,VDD_IN,30550,8335,8588,17568,17889,4030,4073,3.0,2.0,3.0,1.0,2.0,86.0,64.125,65.781,63.875,62.812,63.062,65.781
08-11-2026 15:57:29,7158,7607,1540,16384,15.833333333333334,97.0,17811,VDD_IN,30355,8335,8432,17568,17811,4031,4112,4.0,2.0,1.0,2.0,0.0,86.0,64.093,65.437,63.687,62.812,63.156,65.437
08-11-2026 15:57:30,7158,7607,1540,16384,16.0,98.0,17889,VDD_IN,30433,8335,8393,17569,17889,4031,4151,3.0,3.0,3.0,2.0,0.0,85.0,64.031,65.5,63.781,62.812,63.062,65.5
08-11-2026 15:57:31,7158,7607,1540,16384,15.333333333333334,98.0,17536,VDD_IN,29729,8334,8003,17569,17536,4031,4190,2.0,1.0,4.0,2.0,0.0,83.0,64.187,65.375,63.875,62.906,63.062,65.375
08-11-2026 15:57:32,7161,7607,1540,16384,34.833333333333336,98.0,18360,VDD_IN,31203,8335,8574,17570,18360,4031,4269,11.0,83.0,15.0,15.0,0.0,85.0,64.093,65.562,63.812,62.968,63.156,65.562
08-11-2026 15:57:33,7161,7607,1540,16384,17.166666666666668,98.0,17889,VDD_IN,30200,8334,8003,17571,17889,4032,4308,3.0,2.0,5.0,6.0,1.0,86.0,64.156,65.718,63.843,62.812,63.25,65.718
08-11-2026 15:57:34,7161,7607,1540,16384,15.833333333333334,99.0,17732,VDD_IN,30043,8334,8042,17571,17732,4032,4269,1.0,2.0,2.0,5.0,0.0,85.0,64.343,64.875,63.75,62.812,63.218,64.875
08-11-2026 15:57:35,7161,7607,1540,16384,15.666666666666666,99.0,17262,VDD_IN,29461,8333,8159,17571,17262,4032,4040,7.0,1.0,2.0,1.0,0.0,83.0,64.312,65.437,63.812,62.843,63.062,65.437
08-11-2026 15:57:36,7161,7607,1540,16384,16.5,99.0,17093,VDD_IN,29149,8333,8094,17570,17093,4032,3962,2.0,2.0,2.0,5.0,0.0,88.0,64.062,65.093,63.781,62.906,63.125,65.093
08-11-2026 15:57:37,7165,7607,1540,16384,23.0,99.0,18203,VDD_IN,31201,8334,9003,17571,18203,4032,3995,23.0,8.0,3.0,12.0,0.0,92.0,64.187,65.5,63.843,63.0,63.25,65.656
08-11-2026 15:57:39,7165,7607,1540,16384,30.5,98.0,18203,VDD_IN,31239,8335,9081,17572,18203,4032,3955,46.0,6.0,7.0,21.0,17.0,86.0,64.031,65.656,63.937,62.875,63.156,65.656
08-11-2026 15:57:40,7165,7607,1540,16384,15.666666666666666,97.0,17889,VDD_IN,30588,8336,8744,17573,17889,4032,3955,3.0,1.0,2.0,5.0,0.0,83.0,64.031,65.625,63.843,62.875,63.093,65.625
08-11-2026 15:57:41,7165,7607,1540,16384,15.666666666666666,98.0,17889,VDD_IN,30628,8337,8744,17573,17889,4032,3995,2.0,1.0,2.0,3.0,0.0,86.0,64.281,65.625,63.906,62.875,63.218,65.625
08-11-2026 15:57:42,7165,7607,1540,16384,15.333333333333334,98.0,17889,VDD_IN,30550,8337,8627,17574,17889,4032,4034,2.0,2.0,1.0,2.0,1.0,84.0,64.0,65.468,63.875,62.968,63.187,65.468
08-11-2026 15:57:43,7165,7607,1540,16384,19.833333333333332,98.0,17968,VDD_IN,30668,8338,8666,17574,17968,4032,4034,10.0,10.0,7.0,10.0,0.0,82.0,64.062,65.437,63.875,62.843,63.187,65.437
08-11-2026 15:57:44,7167,7607,1540,16384,20.333333333333332,99.0,18164,VDD_IN,30981,8339,8705,17575,18164,4032,4112,21.0,5.0,10.0,1.0,0.0,85.0,64.062,65.468,63.812,62.843,63.218,65.468
08-11-2026 15:57:45,7167,7607,1540,16384,28.166666666666668,98.0,18203,VDD_IN,31045,8339,8691,17577,18203,4032,4151,50.0,9.0,5.0,19.0,0.0,86.0,64.156,65.593,63.843,62.968,63.187,65.593
08-11-2026 15:57:46,7168,7607,1540,16384,16.0,98.0,17889,VDD_IN,30433,8339,8354,17577,17889,4033,4190,3.0,2.0,4.0,2.0,0.0,85.0,64.281,65.468,63.937,62.937,63.156,65.468
08-11-2026 15:57:47,7168,7607,1540,16384,15.0,98.0,17811,VDD_IN,30200,8339,8159,17578,17811,4033,4230,2.0,1.0,1.0,2.0,0.0,84.0,64.031,65.406,63.968,62.968,63.218,65.687
08-11-2026 15:57:48,7168,7607,1540,16384,18.666666666666668,98.0,17968,VDD_IN,30435,8339,8159,17578,17968,4033,4308,0.0,12.0,7.0,7.0,0.0,86.0,64.187,65.687,64.062,62.812,63.187,65.687
08-11-2026 15:57:49,7169,7607,1540,16384,17.0,99.0,17693,VDD_IN,29808,8338,7729,17578,17693,4034,4386,4.0,5.0,7.0,2.0,0.0,84.0,64.468,65.125,63.781,62.875,63.187,65.125
08-11-2026 15:57:50,7168,7607,1540,16384,21.666666666666668,99.0,17615,VDD_IN,30120,8338,8432,17578,17615,4034,4073,32.0,6.0,3.0,6.0,0.0,83.0,64.156,65.75,63.875,63.0,63.406,65.75
08-11-2026 15:57:51,7169,7607,1540,16384,26.0,99.0,17575,VDD_IN,30041,8338,8471,17578,17575,4034,3995,37.0,6.0,24.0,4.0,0.0,85.0,64.312,65.656,63.937,63.0,63.218,65.656
08-11-2026 15:57:52,7169,7607,1540,16384,17.0,99.0,17772,VDD_IN,30394,8338,8588,17579,17772,4034,4034,3.0,5.0,1.0,1.0,0.0,92.0,64.031,65.5,63.875,63.031,63.343,65.5
08-11-2026 15:57:53,7169,7607,1540,16384,18.0,98.0,17968,VDD_IN,30903,8339,8940,17580,17968,4034,3995,5.0,5.0,4.0,3.0,0.0,91.0,64.218,65.625,63.937,62.843,63.25,65.625
08-11-2026 15:57:54,7168,7607,1540,16384,19.666666666666668,98.0,17889,VDD_IN,30668,8340,8784,17580,17889,4034,3995,4.0,6.0,3.0,15.0,5.0,85.0,64.25,65.718,63.906,62.906,63.218,65.718
08-11-2026 15:57:55,7168,7607,1540,16384,16.666666666666668,97.0,17889,VDD_IN,30668,8341,8784,17581,17889,4034,3995,4.0,1.0,5.0,5.0,0.0,85.0,64.062,65.531,63.843,62.968,63.218,65.531
08-11-2026 15:57:56,7168,7607,1540,16384,23.5,98.0,18242,VDD_IN,31318,8342,9042,17582,18242,4034,4034,3.0,7.0,1.0,45.0,0.0,85.0,64.593,65.593,63.937,63.031,63.281,65.593
08-11-2026 15:57:57,7169,7607,1540,16384,24.0,98.0,18007,VDD_IN,30825,8343,8784,17582,18007,4034,4034,3.0,21.0,12.0,23.0,63.0,22.0,63.937,65.843,63.937,62.937,63.375,65.843
08-11-2026 15:57:58,7169,7607,1540,16384,16.0,98.0,17889,VDD_IN,30589,8343,8627,17583,17889,4034,4073,3.0,0.0,5.0,2.0,86.0,0.0,64.0,65.937,64.0,62.906,63.218,65.937
08-11-2026 15:57:59,7170,7607,1540,16384,20.0,98.0,17772,VDD_IN,30277,8343,8393,17583,17772,4034,4112,5.0,7.0,7.0,19.0,82.0,0.0,64.156,65.875,63.843,62.812,63.218,65.875
08-11-2026 15:58:00,7170,7607,1540,16384,16.5,98.0,17850,VDD_IN,30394,8344,8393,17584,17850,4034,4151,4.0,3.0,2.0,4.0,86.0,0.0,64.0,65.562,63.812,62.937,63.312,65.562
08-11-2026 15:58:01,7170,7607,1540,16384,16.333333333333332,98.0,17811,VDD_IN,30199,8343,8198,17584,17811,4034,4190,1.0,5.0,2.0,6.0,84.0,0.0,64.312,65.437,63.937,63.0,63.25,65.437
08-11-2026 15:58:02,7170,7607,1540,16384,25.333333333333332,98.0,18282,VDD_IN,31047,8344,8496,17585,18282,4035,4269,3.0,0.0,59.0,7.0,83.0,0.0,64.312,65.468,63.875,62.812,63.375,65.468
08-11-2026 15:58:03,7170,7607,1540,16384,21.166666666666668,99.0,17850,VDD_IN,30161,8343,7925,17586,17850,4035,4386,23.0,6.0,9.0,3.0,83.0,3.0,64.25,65.5,63.906,62.937,63.218,65.5
08-11-2026 15:58:04,7171,7607,1540,16384,20.333333333333332,99.0,17889,VDD_IN,30395,8343,8237,17586,17889,4036,4269,18.0,4.0,8.0,6.0,86.0,0.0,64.468,65.281,64.0,62.937,63.375,65.281
08-11-2026 15:58:05,7171,7607,1540,16384,15.666666666666666,99.0,17693,VDD_IN,30237,8343,8471,17587,17693,4036,4073,2.0,1.0,5.0,1.0,85.0,0.0,64.093,65.781,63.968,63.031,63.281,65.781
08-11-2026 15:58:06,7172,7607,1540,16384,16.666666666666668,99.0,17889,VDD_IN,30589,8343,8666,17587,17889,4036,4034,1.0,2.0,2.0,5.0,88.0,2.0,64.312,66.0,63.968,62.968,63.375,66.0
08-11-2026 15:58:07,7172,7607,1540,16384,16.833333333333332,99.0,17693,VDD_IN,30237,8344,8549,17587,17693,4036,3995,31.0,2.0,0.0,2.0,66.0,0.0,64.0,65.656,64.031,62.937,63.5,65.656
08-11-2026 15:58:08,7172,7607,1540,16384,29.333333333333332,98.0,18408,VDD_IN,31718,8345,9315,17589,18408,4036,3995,32.0,68.0,4.0,6.0,65.0,1.0,64.25,65.843,63.843,62.968,63.437,65.718
08-11-2026 15:58:09,7172,7607,1540,16384,22.833333333333332,98.0,17929,VDD_IN,30771,8346,8847,17589,17929,4036,3995,18.0,19.0,7.0,5.0,84.0,4.0,64.187,65.656,63.968,63.0,63.281,65.656
08-11-2026 15:58:10,7172,7607,1540,16384,15.833333333333334,98.0,17929,VDD_IN,30732,8347,8808,17590,17929,4036,3995,2.0,3.0,5.0,1.0,84.0,0.0,63.937,65.656,63.968,63.062,63.312,65.656
08-11-2026 15:58:11,7172,7607,1540,16384,15.333333333333334,98.0,17811,VDD_IN,30472,8348,8627,17590,17811,4036,4034,3.0,68.0,2.0,3.0,16.0,0.0,64.375,65.687,63.968,63.125,63.375,65.687
08-11-2026 15:58:12,7172,7607,1540,16384,15.5,98.0,17811,VDD_IN,30433,8348,8588,17591,17811,4036,4034,2.0,6.0,1.0,3.0,81.0,0.0,64.031,65.625,64.062,62.875,63.187,65.812
08-11-2026 15:58:13,7172,7607,1540,16384,16.333333333333332,98.0,17889,VDD_IN,30511,8348,8549,17591,17889,4036,4073,5.0,1.0,3.0,2.0,86.0,1.0,64.281,65.812,63.968,63.031,63.312,65.812
08-11-2026 15:58:14,7173,7607,1540,16384,49.5,98.0,18957,VDD_IN,32612,8350,9471,17593,18957,4036,4184,76.0,34.0,46.0,34.0,82.0,25.0,64.781,65.937,63.968,63.093,63.375,65.937
08-11-2026 15:58:15,7173,7607,1540,16384,16.833333333333332,98.0,17889,VDD_IN,30433,8350,8393,17594,17889,4036,4151,43.0,2.0,2.0,3.0,47.0,4.0,64.187,65.625,63.968,63.093,63.406,65.625
08-11-2026 15:58:16,7173,7607,1540,16384,15.833333333333334,98.0,17693,VDD_IN,29964,8350,8081,17594,17693,4036,4190,84.0,1.0,1.0,2.0,1.0,6.0,64.406,65.437,64.062,62.906,63.375,65.437
08-11-2026 15:58:17,7173,7607,1540,16384,15.833333333333334,98.0,17811,VDD_IN,30122,8349,8042,17594,17811,4037,4269,86.0,1.0,5.0,2.0,0.0,1.0,64.531,65.5,63.937,62.968,63.343,65.5
08-11-2026 15:58:18,7173,7607,1540,16384,15.0,99.0,17693,VDD_IN,29769,8348,7729,17594,17693,4037,4347,85.0,1.0,2.0,2.0,0.0,0.0,64.468,65.031,63.906,63.062,63.343,65.031
08-11-2026 15:58:19,7173,7607,1540,16384,18.833333333333332,99.0,17575,VDD_IN,30002,8348,8354,17594,17575,4037,4073,77.0,17.0,7.0,5.0,7.0,0.0,64.375,65.75,63.968,63.0,63.406,65.75
08-11-2026 15:58:20,7172,7607,1540,16384,31.5,99.0,18164,VDD_IN,31123,8349,8847,17595,18164,4037,4112,21.0,7.0,69.0,6.0,86.0,0.0,64.125,65.75,63.968,62.875,63.406,65.75
08-11-2026 15:58:21,7172,7607,1540,16384,17.333333333333332,99.0,17575,VDD_IN,30041,8349,8471,17595,17575,4037,3995,2.0,3.0,5.0,4.0,90.0,0.0,64.031,65.75,63.937,62.906,63.25,65.75
08-11-2026 15:58:22,7172,7607,1539,16384,17.5,99.0,17732,VDD_IN,30354,8350,8627,17596,17732,4037,3995,3.0,3.0,5.0,3.0,91.0,0.0,64.062,65.812,64.0,63.0,63.187,65.812
08-11-2026 15:58:23,7172,7607,1539,16384,16.166666666666668,98.0,17772,VDD_IN,30511,8350,8784,17596,17772,4037,3955,2.0,1.0,4.0,0.0,90.0,0.0,64.406,65.781,64.0,62.968,63.312,65.781
08-11-2026 15:58:24,7172,7607,1539,16384,20.0,98.0,17929,VDD_IN,30786,8351,8862,17596,17929,4037,3995,6.0,7.0,6.0,16.0,85.0,0.0,64.062,65.593,64.031,63.062,63.312,65.593
08-11-2026 15:58:25,7172,7607,1539,16384,18.333333333333332,98.0,17968,VDD_IN,30731,8352,8808,17597,17968,4037,3955,5.0,12.0,3.0,6.0,84.0,0.0,64.093,65.625,64.0,62.906,63.25,65.625
08-11-2026 15:58:26,7172,7607,1539,16384,28.5,97.0,18046,VDD_IN,30888,8353,8847,17598,18046,4037,3995,39.0,59.0,4.0,4.0,65.0,0.0,64.125,65.718,63.843,62.843,63.312,65.718
08-11-2026 15:58:27,7172,7607,1539,16384,15.5,97.0,17811,VDD_IN,30472,8353,8627,17598,17811,4037,4034,84.0,1.0,6.0,2.0,0.0,0.0,64.343,65.718,63.906,62.968,63.437,65.718
08-11-2026 15:58:28,7173,7607,1539,16384,16.333333333333332,98.0,17811,VDD_IN,30355,8354,8471,17598,17811,4037,4073,87.0,3.0,2.0,6.0,0.0,0.0,64.531,65.687,63.906,62.968,63.437,65.687
08-11-2026 15:58:29,7173,7607,1539,16384,17.833333333333332,97.0,17889,VDD_IN,30472,8354,8510,17599,17889,4037,4073,78.0,2.0,7.0,4.0,7.0,9.0,64.093,65.656,64.0,63.0,63.343,65.656
08-11-2026 15:58:30,7173,7607,1539,16384,17.5,97.0,17772,VDD_IN,30199,8354,8315,17599,17772,4037,4112,43.0,3.0,8.0,2.0,44.0,5.0,64.062,65.687,64.031,62.843,63.312,65.687
08-11-2026 15:58:31,7173,7607,1539,16384,20.5,96.0,17772,VDD_IN,30160,8353,8198,17600,17772,4037,4190,26.0,3.0,2.0,9.0,83.0,0.0,64.156,65.656,63.812,62.875,63.406,65.656
08-11-2026 15:58:32,7172,7607,1539,16384,27.333333333333332,98.0,17968,VDD_IN,30474,8353,8276,17600,17968,4038,4230,49.0,6.0,21.0,2.0,86.0,0.0,64.156,65.468,63.843,63.0,63.312,65.468
08-11-2026 15:58:33,7172,7607,1539,16384,16.333333333333332,99.0,17615,VDD_IN,29691,8352,7729,17600,17615,4038,4347,7.0,2.0,2.0,3.0,84.0,0.0,64.5,65.218,63.875,62.968,63.218,65.218
08-11-2026 15:58:34,7173,7607,1539,16384,14.666666666666666,99.0,17290,VDD_IN,29451,8352,8081,17600,17290,4038,4080,81.0,2.0,4.0,1.0,0.0,0.0,64.187,65.468,63.937,63.031,63.375,65.468
08-11-2026 15:58:35,7172,7607,1539,16384,19.0,99.0,17772,VDD_IN,30394,8352,8510,17600,17772,4038,4112,17.0,2.0,11.0,3.0,81.0,0.0,64.031,65.593,64.0,62.843,63.343,65.593
08-11-2026 15:58:36,7172,7607,1539,16384,17.333333333333332,99.0,17497,VDD_IN,29891,8352,8432,17600,17497,4038,3962,3.0,5.0,2.0,2.0,92.0,0.0,64.031,65.656,63.812,62.875,63.125,65.656
08-11-2026 15:58:37,7173,7607,1539,16384,23.666666666666668,99.0,18125,VDD_IN,31083,8353,9003,17601,18125,4038,3955,4.0,5.0,5.0,36.0,92.0,0.0,64.312,65.687,63.906,62.906,63.25,65.687
08-11-2026 15:58:38,7173,7607,1539,16384,26.0,98.0,17968,VDD_IN,30863,8354,8940,17601,17968,4038,3955,4.0,25.0,9.0,33.0,85.0,0.0,64.25,65.781,63.906,63.062,63.218,65.781
08-11-2026 15:58:39,7173,7607,1539,16384,15.333333333333334,97.0,17732,VDD_IN,30353,8355,8666,17601,17732,4038,3955,80.0,4.0,2.0,1.0,5.0,0.0,64.031,65.812,64.031,63.093,63.375,65.812
08-11-2026 15:58:40,7175,7607,1539,16384,19.5,98.0,17811,VDD_IN,30550,8355,8744,17602,17811,4038,3995,85.0,4.0,3.0,7.0,17.0,1.0,64.156,65.906,64.031,62.875,63.375,65.906
08-11-2026 15:58:41,7175,7607,1539,16384,15.166666666666666,99.0,17693,VDD_IN,30237,8356,8549,17602,17693,4038,3995,86.0,2.0,1.0,2.0,0.0,0.0,64.125,65.75,63.843,62.937,63.312,65.75
08-11-2026 15:58:42,7175,7607,1539,16384,16.0,98.0,17811,VDD_IN,30472,8356,8627,17602,17811,4038,4034,87.0,2.0,2.0,4.0,0.0,1.0,64.156,65.906,63.906,62.875,63.343,65.906
08-11-2026 15:58:43,7178,7607,1539,16384,24.166666666666668,98.0,18203,VDD_IN,31123,8357,8847,17603,18203,4038,4073,40.0,10.0,47.0,4.0,42.0,2.0,64.593,65.937,64.0,62.937,63.312,65.937
08-11-2026 15:58:44,7179,7607,1539,16384,21.833333333333332,98.0,17772,VDD_IN,30277,8357,8432,17603,17772,4038,4073,5.0,4.0,83.0,7.0,31.0,1.0,64.375,65.968,63.906,62.937,63.281,65.968
08-11-2026 15:58:45,7180,7607,1539,16384,19.333333333333332,98.0,17811,VDD_IN,30277,8357,8276,17604,17811,4038,4190,5.0,5.0,83.0,6.0,15.0,2.0,64.343,65.718,63.937,62.843,63.312,65.718
08-11-2026 15:58:46,7180,7607,1539,16384,15.166666666666666,97.0,17693,VDD_IN,30042,8357,8159,17604,17693,4038,4190,2.0,1.0,86.0,1.0,0.0,1.0,64.406,65.5,63.906,62.812,63.218,65.5
08-11-2026 15:58:47,7180,7607,1539,16384,16.0,98.0,17811,VDD_IN,30161,8356,8081,17604,17811,4039,4269,4.0,2.0,86.0,1.0,3.0,0.0,64.406,65.625,63.968,62.875,63.25,65.625
08-11-2026 15:58:48,7179,7607,1539,16384,15.833333333333334,99.0,17693,VDD_IN,29809,8355,7808,17604,17693,4039,4308,2.0,2.0,86.0,4.0,0.0,1.0,64.625,65.468,63.937,62.875,63.281,65.468
08-11-2026 15:58:49,7178,7607,1539,16384,27.5,99.0,18164,VDD_IN,30929,8356,8535,17605,18164,4039,4230,7.0,15.0,74.0,12.0,56.0,1.0,64.281,65.312,63.843,62.968,63.25,65.312
08-11-2026 15:58:50,7178,7607,1539,16384,24.0,99.0,17850,VDD_IN,30472,8356,8549,17606,17850,4039,4073,10.0,7.0,10.0,85.0,18.0,14.0,64.062,65.687,64.0,62.875,63.343,65.687
08-11-2026 15:58:51,7178,7607,1539,16384,15.833333333333334,99.0,17133,VDD_IN,29228,8355,8094,17605,17133,4039,4001,3.0,4.0,1.0,87.0,0.0,0.0,64.093,65.187,64.031,62.875,63.187,65.187
08-11-2026 15:58:52,7178,7607,1539,16384,16.666666666666668,99.0,17654,VDD_IN,30198,8356,8549,17605,17654,4039,3995,2.0,2.0,1.0,91.0,1.0,3.0,64.093,65.406,63.906,62.968,63.375,65.406
08-11-2026 15:58:53,7178,7607,1539,16384,16.166666666666668,98.0,17850,VDD_IN,30549,8356,8744,17605,17850,4039,3955,2.0,3.0,0.0,75.0,13.0,4.0,64.281,65.562,63.906,63.0,63.25,65.562
08-11-2026 15:58:54,7178,7607,1539,16384,15.666666666666666,98.0,17772,VDD_IN,30433,8357,8666,17606,17772,4039,3995,2.0,2.0,2.0,1.0,84.0,3.0,63.968,65.656,63.906,63.031,63.187,65.656
08-11-2026 15:58:55,7177,7607,1539,16384,33.333333333333336,98.0,18439,VDD_IN,31625,8358,9198,17607,18439,4039,3988,16.0,8.0,67.0,23.0,86.0,0.0,64.312,65.812,63.968,62.906,63.312,65.812
08-11-2026 15:58:56,7177,7607,1539,16384,18.333333333333332,98.0,17889,VDD_IN,30628,8359,8705,17607,17889,4039,4034,3.0,3.0,1.0,17.0,86.0,0.0,64.187,65.718,63.906,62.968,63.281,65.718
08-11-2026 15:58:57,7177,7607,1539,16384,15.833333333333334,97.0,17811,VDD_IN,30433,8359,8627,17608,17811,4039,3995,10.0,1.0,1.0,2.0,81.0,0.0,64.031,65.75,63.906,62.968,63.312,65.75
08-11-2026 15:58:58,7177,7607,1539,16384,15.0,98.0,17732,VDD_IN,30276,8359,8471,17608,17732,4039,4073,84.0,2.0,4.0,0.0,0.0,0.0,64.437,65.75,63.875,63.031,63.343,65.75
08-11-2026 15:58:59,7177,7607,1539,16384,15.166666666666666,97.0,17654,VDD_IN,30081,8359,8354,17608,17654,4039,4073,85.0,2.0,4.0,0.0,0.0,0.0,64.031,65.718,64.031,63.062,63.406,65.718
08-11-2026 15:59:00,7178,7607,1539,16384,19.666666666666668,97.0,17811,VDD_IN,30277,8359,8315,17608,17811,4039,4151,58.0,7.0,42.0,5.0,4.0,2.0,64.468,65.781,64.031,62.843,63.437,65.781
08-11-2026 15:59:01,7179,7607,1539,16384,31.833333333333332,97.0,18164,VDD_IN,30968,8360,8574,17609,18164,4040,4230,5.0,31.0,84.0,5.0,58.0,8.0,64.468,65.781,64.125,62.968,63.343,65.781
08-11-2026 15:59:02,7179,7607,1539,16384,15.166666666666666,99.0,17536,VDD_IN,29534,8359,7651,17609,17536,4040,4347,5.0,2.0,78.0,2.0,0.0,4.0,64.375,65.562,63.875,62.937,63.281,65.562
08-11-2026 15:59:03,7179,7607,1539,16384,15.166666666666666,99.0,17536,VDD_IN,29846,8358,8159,17609,17536,4040,4151,2.0,1.0,83.0,2.0,0.0,3.0,64.531,65.718,63.968,62.937,63.406,65.718
08-11-2026 15:59:04,7179,7607,1539,16384,15.166666666666666,99.0,17693,VDD_IN,30198,8358,8393,17609,17693,4040,4112,0.0,2.0,84.0,1.0,0.0,4.0,64.125,65.718,63.968,63.031,63.343,65.718
08-11-2026 15:59:05,7178,7607,1539,16384,20.666666666666668,99.0,17497,VDD_IN,29845,8358,8393,17609,17497,4040,3955,5.0,5.0,91.0,9.0,13.0,1.0,64.0,65.281,64.0,62.937,63.312,65.281
08-11-2026 15:59:06,7178,7607,1539,16384,17.833333333333332,99.0,17929,VDD_IN,30693,8359,8769,17609,17929,4040,3995,4.0,4.0,91.0,2.0,4.0,2.0,64.375,65.656,64.062,62.843,63.375,65.656
08-11-2026 15:59:07,7179,7607,1539,16384,30.5,98.0,18164,VDD_IN,31161,8360,9042,17610,18164,4040,3955,23.0,3.0,88.0,6.0,63.0,0.0,64.468,65.75,63.843,62.906,63.281,65.75
08-11-2026 15:59:08,7179,7607,1539,16384,15.833333333333334,98.0,17811,VDD_IN,30510,8361,8744,17611,17811,4040,3955,3.0,1.0,85.0,1.0,5.0,0.0,64.531,65.75,63.875,62.937,63.281,65.75
08-11-2026 15:59:09,7179,7607,1539,16384,15.833333333333334,97.0,17811,VDD_IN,30511,8361,8705,17611,17811,4040,3995,1.0,2.0,87.0,2.0,3.0,0.0,64.343,65.75,63.968,63.062,63.312,65.75
08-11-2026 15:59:10,7180,7607,1539,16384,20.666666666666668,98.0,18007,VDD_IN,30864,8362,8823,17612,18007,4040,4034,6.0,6.0,74.0,14.0,14.0,10.0,64.281,65.781,64.031,63.031,63.437,65.781
08-11-2026 15:59:11,7180,7607,1539,16384,15.0,98.0,17772,VDD_IN,30355,8362,8549,17612,17772,4040,4034,3.0,1.0,0.0,1.0,83.0,2.0,63.968,65.718,64.062,62.906,63.343,65.718
08-11-2026 15:59:12,7178,7607,1539,16384,19.833333333333332,98.0,18085,VDD_IN,30902,8363,8744,17612,18085,4040,4073,19.0,5.0,4.0,6.0,85.0,0.0,64.25,65.75,63.937,62.875,63.343,65.75
08-11-2026 15:59:13,7179,7607,1539,16384,27.5,98.0,18007,VDD_IN,30707,8363,8588,17613,18007,4040,4112,52.0,3.0,2.0,25.0,83.0,0.0,64.281,65.531,63.937,62.968,63.25,65.531
08-11-2026 15:59:14,7179,7607,1539,16384,16.166666666666668,98.0,17850,VDD_IN,30355,8363,8354,17613,17850,4040,4151,4.0,3.0,3.0,2.0,85.0,0.0,63.968,65.562,64.0,63.0,63.25,65.562
08-11-2026 15:59:15,7180,7607,1539,16384,19.833333333333332,97.0,17968,VDD_IN,30513,8363,8315,17614,17968,4040,4230,12.0,4.0,14.0,4.0,85.0,0.0,64.281,65.406,64.0,62.875,63.343,65.406
08-11-2026 15:59:16,7180,7607,1539,16384,15.333333333333334,98.0,17654,VDD_IN,29770,8362,7808,17614,17654,4041,4308,1.0,2.0,2.0,3.0,80.0,4.0,64.156,65.375,64.125,62.875,63.156,65.375
08-11-2026 15:59:17,7181,7607,1539,16384,16.0,99.0,17732,VDD_IN,29847,8361,7768,17614,17732,4041,4347,6.0,1.0,1.0,2.0,86.0,0.0,64.281,65.25,63.812,62.843,63.343,65.25
08-11-2026 15:59:18,7181,7607,1539,16384,21.833333333333332,99.0,17968,VDD_IN,30629,8361,8471,17615,17968,4042,4190,3.0,5.0,6.0,32.0,85.0,0.0,64.531,65.406,63.937,62.875,63.343,65.406
08-11-2026 15:59:19,7182,7607,1539,16384,26.5,99.0,17850,VDD_IN,30550,8362,8627,17615,17850,4042,4073,26.0,4.0,5.0,37.0,87.0,0.0,63.937,65.843,63.937,63.093,63.375,65.843
08-11-2026 15:59:20,7183,7607,1539,16384,18.166666666666668,99.0,17850,VDD_IN,30589,8362,8666,17615,17850,4042,4073,4.0,2.0,12.0,4.0,87.0,0.0,64.343,65.75,64.0,62.875,63.312,65.75
08-11-2026 15:59:21,7183,7607,1539,16384,20.166666666666668,99.0,17693,VDD_IN,30237,8363,8549,17616,17693,4042,3995,7.0,6.0,13.0,2.0,92.0,1.0,64.062,65.531,64.031,62.937,63.312,65.531
08-11-2026 15:59:22,7183,7607,1539,16384,17.666666666666668,98.0,17850,VDD_IN,30589,8363,8784,17616,17850,4041,3955,3.0,4.0,4.0,3.0,92.0,0.0,64.031,65.812,63.812,62.843,63.125,65.562
08-11-2026 15:59:23,7184,7607,1539,16384,15.666666666666666,98.0,17889,VDD_IN,30667,8364,8823,17616,17889,4041,3955,3.0,2.0,2.0,1.0,86.0,0.0,64.218,65.656,63.875,62.968,63.343,65.656
08-11-2026 15:59:24,7183,7607,1539,16384,23.5,98.0,18242,VDD_IN,31318,8365,9081,17617,18242,4041,3995,2.0,2.0,7.0,44.0,86.0,0.0,64.25,65.593,63.906,63.031,63.343,65.593
08-11-2026 15:59:25,7183,7607,1539,16384,24.166666666666668,98.0,18046,VDD_IN,30927,8366,8886,17618,18046,4041,3995,9.0,23.0,2.0,25.0,86.0,0.0,64.031,65.562,63.968,62.843,63.281,65.562
08-11-2026 15:59:26,7184,7607,1539,16384,20.5,98.0,17850,VDD_IN,30550,8366,8705,17618,17850,4041,3995,9.0,7.0,5.0,16.0,86.0,0.0,64.093,65.687,63.843,62.937,63.187,65.687
08-11-2026 15:59:27,7185,7607,1539,16384,16.333333333333332,97.0,17850,VDD_IN,30511,8367,8627,17619,17850,4041,4034,8.0,2.0,1.0,1.0,86.0,0.0,64.062,65.593,63.843,62.968,63.218,65.593
08-11-2026 15:59:28,7186,7607,1539,16384,16.0,97.0,17889,VDD_IN,30511,8367,8588,17619,17889,4041,4034,2.0,2.0,5.0,1.0,86.0,0.0,64.125,65.875,63.875,63.0,63.343,65.875
08-11-2026 15:59:29,7187,7607,1539,16384,16.333333333333332,98.0,17850,VDD_IN,30433,8367,8510,17619,17850,4041,4073,6.0,3.0,2.0,2.0,85.0,0.0,63.906,65.812,64.062,63.062,63.312,65.812
08-11-2026 15:59:30,7162,7607,1539,16384,26.0,98.0,18125,VDD_IN,31006,8368,8769,17620,18125,4041,4112,3.0,6.0,59.0,3.0,85.0,0.0,64.531,65.906,64.062,62.843,63.343,65.906
08-11-2026 15:59:31,7166,7607,1539,16384,25.333333333333332,98.0,17968,VDD_IN,30551,8368,8393,17621,17968,4041,4190,24.0,11.0,22.0,8.0,84.0,3.0,64.125,65.906,63.937,62.875,63.218,65.906
08-11-2026 15:59:32,7166,7607,1539,16384,15.5,98.0,17536,VDD_IN,29690,8367,7964,17621,17536,4042,4190,2.0,5.0,2.0,1.0,55.0,28.0,64.468,65.906,63.968,63.0,63.281,65.906
08-11-2026 15:59:33,7164,7607,1539,16384,16.333333333333332,98.0,17811,VDD_IN,30122,8367,8003,17621,17811,4042,4308,4.0,5.0,1.0,2.0,0.0,86.0,64.343,65.937,63.968,62.968,63.218,65.937
08-11-2026 15:59:34,7165,7607,1539,16384,16.5,99.0,17811,VDD_IN,30005,8366,7808,17621,17811,4043,4386,2.0,4.0,6.0,2.0,0.0,85.0,64.343,65.218,63.875,63.125,63.437,65.218
08-11-2026 15:59:35,7166,7607,1539,16384,16.166666666666668,99.0,17458,VDD_IN,29768,8366,8198,17621,17458,4043,4112,4.0,2.0,4.0,3.0,0.0,84.0,64.218,65.656,64.156,62.937,63.406,65.656
08-11-2026 15:59:36,7169,7607,1539,16384,31.666666666666668,99.0,18526,VDD_IN,31713,8367,9042,17622,18526,4043,4145,6.0,71.0,4.0,21.0,2.0,86.0,64.437,65.875,64.0,62.968,63.406,65.875
08-11-2026 15:59:37,7177,7607,1539,16384,26.0,99.0,17693,VDD_IN,30237,8367,8549,17622,17693,4043,3995,17.0,4.0,13.0,31.0,1.0,90.0,64.468,65.375,63.968,63.062,63.468,65.375
08-11-2026 15:59:38,7178,7607,1539,16384,29.333333333333332,98.0,18282,VDD_IN,31358,8368,9081,17623,18282,4043,3995,56.0,4.0,21.0,5.0,0.0,90.0,64.25,65.687,64.0,63.156,63.5,65.687
08-11-2026 15:59:39,7178,7607,1539,16384,16.666666666666668,98.0,17889,VDD_IN,30667,8369,8823,17624,17889,4043,3955,3.0,3.0,1.0,5.0,0.0,88.0,64.031,65.625,64.031,63.125,63.312,65.625
08-11-2026 15:59:40,7179,7607,1539,16384,16.0,97.0,17811,VDD_IN,30550,8369,8744,17624,17811,4042,3995,3.0,1.0,2.0,7.0,0.0,83.0,64.156,65.562,64.0,62.937,63.312,65.562
08-11-2026 15:59:41,7182,7607,1539,16384,20.0,98.0,17850,VDD_IN,30550,8370,8705,17624,17850,4042,3995,9.0,7.0,12.0,8.0,0.0,84.0,64.187,65.593,63.937,62.968,63.312,65.593
08-11-2026 15:59:42,7184,7607,1539,16384,30.0,97.0,18282,VDD_IN,31358,8371,9042,17625,18282,4042,4034,4.0,4.0,66.0,18.0,2.0,86.0,64.531,65.531,64.0,63.062,63.343,65.531
08-11-2026 15:59:43,7185,7607,1539,16384,18.0,98.0,17889,VDD_IN,30511,8371,8549,17626,17889,4042,4073,5.0,6.0,4.0,6.0,0.0,87.0,64.25,65.531,63.937,63.031,63.312,65.531
08-11-2026 15:59:44,7185,7607,1539,16384,17.333333333333332,98.0,17929,VDD_IN,30615,8371,8613,17626,17929,4042,4073,2.0,4.0,1.0,1.0,4.0,92.0,64.156,65.875,64.062,62.937,63.343,65.875
08-11-2026 15:59:45,7186,7607,1539,16384,15.166666666666666,97.0,17654,VDD_IN,30081,8371,8354,17626,17654,4043,4073,2.0,3.0,0.0,1.0,3.0,82.0,64.093,65.75,64.0,63.031,63.25,65.75
08-11-2026 15:59:46,7188,7607,1539,16384,19.666666666666668,97.0,17929,VDD_IN,30512,8371,8432,17627,17929,4043,4151,7.0,16.0,4.0,5.0,2.0,84.0,64.218,65.812,63.906,62.968,63.218,65.812
08-11-2026 15:59:47,7189,7607,1539,16384,14.833333333333334,98.0,17772,VDD_IN,30121,8371,8159,17627,17772,4043,4190,2.0,0.0,1.0,1.0,1.0,84.0,64.406,65.75,63.968,63.0,63.343,65.75
08-11-2026 15:59:48,7190,7607,1539,16384,31.5,98.0,18282,VDD_IN,31086,8371,8535,17628,18282,4043,4269,5.0,21.0,7.0,67.0,3.0,86.0,64.187,65.812,64.062,63.125,63.312,65.812
08-11-2026 15:59:49,7191,7607,1539,16384,16.166666666666668,98.0,17575,VDD_IN,29612,8370,7729,17628,17575,4044,4308,6.0,1.0,6.0,1.0,0.0,83.0,64.281,65.406,64.062,62.968,63.375,65.406
08-11-2026 15:59:50,7191,7607,1539,16384,16.333333333333332,99.0,17575,VDD_IN,29847,8370,8042,17628,17575,4044,4230,2.0,3.0,6.0,2.0,0.0,85.0,64.531,65.218,63.906,62.968,63.375,65.218
08-11-2026 15:59:51,7192,7607,1539,16384,20.5,99.0,17889,VDD_IN,30550,8370,8588,17628,17889,4044,4073,7.0,21.0,6.0,3.0,0.0,86.0,64.125,65.562,63.875,62.937,63.406,65.562
08-11-2026 15:59:52,7193,7607,1539,16384,16.333333333333332,99.0,17889,VDD_IN,30550,8370,8549,17628,17889,4044,4112,3.0,3.0,3.0,2.0,0.0,87.0,64.343,66.062,64.031,63.0,63.343,66.062
08-11-2026 15:59:53,7193,7607,1539,16384,19.166666666666668,99.0,17419,VDD_IN,29728,8370,8354,17628,17419,4044,3955,9.0,10.0,3.0,3.0,0.0,90.0,64.0,65.343,64.062,63.125,63.312,65.343
08-11-2026 15:59:54,7171,7607,1539,16384,30.333333333333332,98.0,18085,VDD_IN,31083,8371,9003,17629,18085,4044,3995,8.0,59.0,19.0,4.0,0.0,92.0,64.093,65.968,63.906,62.875,63.343,65.968
08-11-2026 15:59:55,7171,7607,1539,16384,17.166666666666668,98.0,17850,VDD_IN,30667,8372,8862,17629,17850,4044,3955,5.0,2.0,3.0,4.0,0.0,89.0,64.218,65.968,63.843,62.968,63.218,65.968
08-11-2026 15:59:56,7174,7607,1539,16384,20.166666666666668,97.0,18007,VDD_IN,30888,8373,8886,17630,18007,4044,3995,19.0,10.0,5.0,3.0,0.0,84.0,64.218,65.843,63.875,63.031,63.343,65.843
08-11-2026 15:59:57,7175,7607,1539,16384,15.333333333333334,98.0,17929,VDD_IN,30693,8373,8769,17630,17929,4044,3995,2.0,2.0,0.0,3.0,0.0,85.0,64.343,65.687,63.843,63.0,63.281,65.687
08-11-2026 15:59:58,7175,7607,1539,16384,15.333333333333334,99.0,17732,VDD_IN,30315,8374,8549,17630,17732,4044,4034,1.0,2.0,2.0,3.0,1.0,83.0,64.031,65.656,63.968,62.843,63.25,65.656
08-11-2026 15:59:59,7177,7607,1539,16384,20.166666666666668,98.0,18164,VDD_IN,31045,8374,8808,17631,18164,4044,4073,22.0,2.0,2.0,6.0,4.0,85.0,64.156,65.75,63.906,62.937,63.343,65.75
08-11-2026 16:00:00,7178,7607,1539,16384,27.0,98.0,17968,VDD_IN,30654,8374,8574,17631,17968,4044,4112,46.0,21.0,0.0,6.0,6.0,83.0,64.312,65.656,63.843,62.937,63.125,65.656
08-11-2026 16:00:01,7179,7607,1539,16384,18.666666666666668,98.0,18085,VDD_IN,30849,8375,8613,17632,18085,4044,4151,1.0,6.0,5.0,13.0,1.0,86.0,64.343,65.75,63.906,63.0,63.281,65.75
08-11-2026 16:00:02,7175,7607,1540,16384,17.166666666666668,98.0,17889,VDD_IN,30433,8375,8354,17632,17889,4044,4190,2.0,8.0,3.0,5.0,0.0,85.0,64.406,65.531,64.0,63.0,63.25,65.531
08-11-2026 16:00:03,7177,7607,1540,16384,16.0,97.0,17772,VDD_IN,30122,8374,8120,17633,17772,4044,4230,5.0,1.0,1.0,4.0,0.0,85.0,64.218,65.5,64.0,62.875,63.187,65.5
08-11-2026 16:00:04,7177,7607,1540,16384,15.666666666666666,98.0,17850,VDD_IN,30239,8374,8120,17633,17850,4045,4269,3.0,1.0,1.0,3.0,0.0,86.0,64.125,65.531,63.937,62.937,63.156,65.531
08-11-2026 16:00:05,7176,7607,1540,16384,22.5,98.0,18164,VDD_IN,30656,8374,8145,17634,18164,4045,4347,17.0,7.0,3.0,4.0,19.0,85.0,64.468,65.281,63.937,62.968,63.406,65.281
08-11-2026 16:00:06,7178,7607,1540,16384,25.833333333333332,99.0,18007,VDD_IN,30552,8373,8237,17634,18007,4045,4308,34.0,8.0,8.0,18.0,1.0,86.0,64.343,65.25,63.906,63.031,63.281,65.25
08-11-2026 16:00:07,7179,7607,1540,16384,19.166666666666668,99.0,17772,VDD_IN,30355,8374,8471,17634,17772,4046,4112,9.0,4.0,8.0,9.0,0.0,85.0,64.156,65.75,63.937,62.906,63.281,65.75
08-11-2026 16:00:08,7180,7607,1540,16384,15.333333333333334,99.0,17368,VDD_IN,29645,8373,8276,17634,17368,4045,4001,2.0,2.0,2.0,2.0,0.0,84.0,64.062,65.75,63.906,62.875,63.125,65.75
08-11-2026 16:00:09,7180,7607,1540,16384,17.333333333333332,99.0,17575,VDD_IN,30002,8374,8432,17634,17575,4045,3995,2.0,6.0,2.0,2.0,0.0,92.0,64.25,65.437,63.906,62.937,63.281,65.437
08-11-2026 16:00:10,7181,7607,1540,16384,17.666666666666668,98.0,17850,VDD_IN,30628,8374,8823,17634,17850,4045,3955,6.0,1.0,2.0,6.0,0.0,91.0,64.156,65.75,64.0,62.937,63.25,65.593
08-11-2026 16:00:11,7184,7607,1540,16384,22.333333333333332,99.0,16661,VDD_IN,28521,8374,8133,17633,16661,4045,3727,50.0,2.0,8.0,4.0,0.0,70.0,64.031,65.125,64.0,63.093,63.343,65.125
08-11-2026 16:00:12,7172,7607,1541,16384,60.333333333333336,0.0,8757,VDD_IN,13798,8366,3015,17620,8757,4042,2026,76.0,55.0,59.0,65.0,66.0,41.0,63.781,63.031,63.625,62.75,62.625,63.781
08-11-2026 16:00:13,7216,7607,1539,16384,42.0,98.0,15138,VDD_IN,25465,8365,7100,17617,15138,4041,3227,33.0,29.0,97.0,31.0,35.0,27.0,63.843,64.875,63.437,62.656,62.593,64.875
08-11-2026 16:00:14,7216,7607,1539,16384,16.833333333333332,98.0,17615,VDD_IN,30042,8365,8432,17617,17615,4041,3995,2.0,6.0,61.0,1.0,30.0,1.0,63.968,65.156,63.593,62.625,62.812,65.156
08-11-2026 16:00:15,7217,7607,1539,16384,16.5,98.0,17850,VDD_IN,30472,8365,8549,17617,17850,4041,4073,3.0,5.0,0.0,53.0,38.0,0.0,64.031,65.5,63.687,62.75,63.0,65.5
08-11-2026 16:00:16,7217,7607,1539,16384,15.333333333333334,98.0,17850,VDD_IN,30433,8365,8471,17618,17850,4041,4112,1.0,4.0,2.0,85.0,0.0,0.0,63.968,65.5,63.781,62.906,63.031,65.5
08-11-2026 16:00:17,7212,7607,1539,16384,32.666666666666664,98.0,18487,VDD_IN,31557,8366,8886,17619,18487,4041,4184,30.0,13.0,6.0,86.0,53.0,8.0,64.031,65.625,63.843,62.718,63.031,65.625
08-11-2026 16:00:18,7212,7607,1539,16384,24.166666666666668,99.0,18046,VDD_IN,30669,8366,8393,17619,18046,4041,4230,9.0,6.0,16.0,86.0,20.0,8.0,64.281,65.593,63.593,62.75,63.0,65.593
08-11-2026 16:00:19,7213,7607,1539,16384,15.5,98.0,17929,VDD_IN,30396,8366,8198,17620,17929,4042,4269,1.0,4.0,2.0,85.0,0.0,1.0,64.031,65.687,63.687,62.75,63.062,65.687
08-11-2026 16:00:20,7214,7607,1539,16384,15.5,98.0,17811,VDD_IN,30044,8365,7847,17620,17811,4042,4386,1.0,7.0,1.0,84.0,0.0,0.0,64.187,65.468,63.812,62.812,63.093,65.468
08-11-2026 16:00:21,7210,7607,1539,16384,15.666666666666666,99.0,17732,VDD_IN,30043,8364,8042,17620,17732,4042,4269,1.0,2.0,3.0,85.0,3.0,0.0,63.906,65.312,63.75,62.843,63.125,65.312
08-11-2026 16:00:22,7212,7607,1540,16384,21.5,96.0,17850,VDD_IN,30472,8365,8510,17620,17850,4043,4112,9.0,9.0,12.0,44.0,43.0,12.0,63.968,65.812,63.843,62.718,63.093,65.812
08-11-2026 16:00:23,7211,7607,1540,16384,27.833333333333332,99.0,18164,VDD_IN,31084,8365,8847,17621,18164,4043,4073,8.0,0.0,14.0,52.0,5.0,88.0,64.437,65.812,63.718,62.75,63.125,65.812
08-11-2026 16:00:24,7211,7607,1540,16384,25.833333333333332,99.0,17968,VDD_IN,30746,8366,8744,17622,17968,4043,4034,12.0,4.0,23.0,23.0,1.0,92.0,64.062,65.437,63.718,62.812,63.156,65.437
08-11-2026 16:00:25,7212,7607,1540,16384,15.833333333333334,98.0,17889,VDD_IN,30706,8367,8862,17622,17889,4042,3955,1.0,3.0,1.0,1.0,0.0,89.0,63.968,65.625,63.843,62.875,63.093,65.625
08-11-2026 16:00:26,7210,7607,1542,16384,17.166666666666668,98.0,17929,VDD_IN,30747,8367,8823,17623,17929,4042,3995,4.0,3.0,5.0,5.0,0.0,86.0,64.062,65.593,63.906,62.906,63.156,65.593
08-11-2026 16:00:27,7220,7607,1544,16384,26.666666666666668,98.0,18125,VDD_IN,31045,8368,8925,17623,18125,4042,3995,19.0,4.0,24.0,27.0,1.0,85.0,64.031,65.468,63.906,62.812,63.062,65.468
08-11-2026 16:00:28,7220,7607,1544,16384,17.166666666666668,98.0,17850,VDD_IN,30589,8368,8705,17624,17850,4042,4034,3.0,5.0,6.0,3.0,0.0,86.0,64.031,65.5,63.781,62.843,63.156,65.5
08-11-2026 16:00:29,7213,7607,1547,16384,25.833333333333332,98.0,18242,VDD_IN,31279,8369,9003,17624,18242,4042,4034,12.0,5.0,52.0,3.0,1.0,82.0,64.687,65.531,63.812,62.906,63.218,65.531
08-11-2026 16:00:30,7217,7607,1547,16384,23.833333333333332,98.0,17968,VDD_IN,30668,8370,8627,17625,17968,4042,4073,3.0,9.0,36.0,9.0,2.0,84.0,63.937,65.5,63.843,62.968,63.187,65.5
08-11-2026 16:00:31,7217,7607,1547,16384,15.0,98.0,17850,VDD_IN,30394,8370,8432,17625,17850,4042,4112,4.0,0.0,0.0,2.0,0.0,84.0,63.968,65.5,63.906,62.781,63.156,65.5
08-11-2026 16:00:33,7221,7607,1547,16384,19.5,98.0,18007,VDD_IN,30629,8370,8432,17626,18007,4043,4190,4.0,4.0,3.0,6.0,38.0,62.0,63.937,65.687,63.875,62.843,63.156,65.687
08-11-2026 16:00:34,7221,7607,1547,16384,16.5,97.0,17772,VDD_IN,30161,8369,8159,17626,17772,4043,4230,5.0,4.0,2.0,1.0,86.0,1.0,64.093,65.562,63.812,62.843,63.093,65.562
08-11-2026 16:00:35,7221,7607,1547,16384,15.333333333333334,98.0,17850,VDD_IN,30239,8369,8120,17626,17850,4043,4269,53.0,2.0,1.0,3.0,33.0,0.0,64.281,65.593,63.843,62.843,63.25,65.593
08-11-2026 16:00:36,7225,7607,1547,16384,28.166666666666668,98.0,18360,VDD_IN,31047,8369,8340,17627,18360,4044,4347,61.0,42.0,7.0,5.0,51.0,3.0,64.093,65.656,63.906,63.0,63.343,65.656
08-11-2026 16:00:37,7225,7607,1547,16384,20.833333333333332,99.0,17850,VDD_IN,30200,8369,8042,17627,17850,4044,4308,8.0,1.0,5.0,26.0,84.0,1.0,64.218,65.281,64.0,62.843,63.406,65.281
08-11-2026 16:00:38,7226,7607,1547,16384,20.333333333333332,99.0,17654,VDD_IN,30120,8369,8393,17628,17654,4044,4073,9.0,7.0,17.0,4.0,83.0,2.0,64.093,65.531,63.781,62.875,63.25,65.531
08-11-2026 16:00:39,7226,7607,1547,16384,16.333333333333332,98.0,16975,VDD_IN,28914,8368,8016,17627,16975,4044,3923,4.0,1.0,2.0,2.0,88.0,1.0,64.031,65.156,63.843,62.937,63.187,65.156
08-11-2026 16:00:40,7226,7607,1547,16384,16.333333333333332,99.0,17732,VDD_IN,30354,8369,8627,17627,17732,4044,3995,5.0,1.0,0.0,1.0,91.0,0.0,64.218,65.562,63.875,62.906,63.25,65.562
08-11-2026 16:00:41,7227,7607,1547,16384,17.0,98.0,17929,VDD_IN,30731,8369,8847,17627,17929,4044,3955,3.0,3.0,1.0,5.0,90.0,0.0,63.812,65.625,63.906,62.812,63.187,65.781
08-11-2026 16:00:42,7230,7607,1547,16384,29.333333333333332,99.0,18399,VDD_IN,31592,8370,9198,17628,18399,4044,3995,66.0,6.0,17.0,3.0,84.0,0.0,64.437,65.875,63.718,62.906,63.25,65.875
08-11-2026 16:00:43,7235,7607,1547,16384,20.833333333333332,98.0,18164,VDD_IN,31084,8371,8925,17629,18164,4044,3995,58.0,4.0,25.0,8.0,27.0,3.0,64.281,65.937,63.906,62.906,63.25,65.937
08-11-2026 16:00:44,7236,7607,1547,16384,15.666666666666666,99.0,17850,VDD_IN,30511,8371,8627,17629,17850,4044,4034,2.0,1.0,6.0,1.0,84.0,0.0,64.031,65.75,63.812,62.937,63.25,65.75
08-11-2026 16:00:45,7215,7607,1547,16384,15.666666666666666,98.0,17889,VDD_IN,30589,8372,8666,17630,17889,4044,4034,2.0,2.0,4.0,0.0,85.0,1.0,64.218,65.906,63.906,62.906,63.187,65.906
08-11-2026 16:00:46,7218,7607,1547,16384,16.0,98.0,17889,VDD_IN,30511,8372,8549,17630,17889,4044,4073,2.0,1.0,5.0,2.0,85.0,1.0,63.937,65.937,64.031,62.812,63.187,65.937
08-11-2026 16:00:47,7218,7607,1547,16384,15.666666666666666,98.0,17732,VDD_IN,30198,8372,8393,17630,17732,4044,4073,1.0,1.0,5.0,3.0,84.0,0.0,63.968,65.781,63.843,62.875,63.156,65.781
08-11-2026 16:00:48,7214,7607,1552,16384,34.5,98.0,18448,VDD_IN,31518,8373,8886,17631,18448,4044,4184,26.0,11.0,74.0,11.0,84.0,1.0,64.562,66.031,63.875,62.875,63.406,66.031
08-11-2026 16:00:49,7219,7607,1552,16384,17.666666666666668,97.0,17968,VDD_IN,30474,8373,8276,17632,17968,4044,4230,4.0,3.0,9.0,6.0,84.0,0.0,64.0,65.593,63.875,62.937,63.218,65.593
08-11-2026 16:00:50,7220,7607,1552,16384,16.0,98.0,17929,VDD_IN,30357,8372,8120,17632,17929,4044,4308,2.0,2.0,1.0,4.0,86.0,1.0,64.281,65.593,64.0,62.968,63.25,65.593
08-11-2026 16:00:51,7220,7607,1552,16384,16.5,99.0,17458,VDD_IN,29417,8371,7651,17632,17458,4045,4308,4.0,1.0,0.0,9.0,85.0,0.0,64.187,65.125,64.062,62.843,63.406,65.125
08-11-2026 16:00:52,7221,7607,1552,16384,16.0,99.0,17772,VDD_IN,30277,8371,8315,17632,17772,4045,4190,6.0,2.0,2.0,1.0,84.0,1.0,64.093,65.343,63.843,62.875,63.218,65.343
08-11-2026 16:00:53,7224,7607,1552,16384,17.5,96.0,17968,VDD_IN,30668,8371,8549,17632,17968,4045,4151,2.0,6.0,2.0,9.0,86.0,0.0,64.531,65.75,63.843,62.875,63.281,65.75
08-11-2026 16:00:54,7227,7607,1552,16384,34.166666666666664,99.0,17654,VDD_IN,30197,8372,8588,17632,17654,4045,3955,11.0,18.0,16.0,69.0,90.0,1.0,64.125,65.25,63.906,63.0,63.218,65.25
08-11-2026 16:00:55,7228,7607,1552,16384,17.0,99.0,17850,VDD_IN,30629,8372,8784,17633,17850,4045,3995,2.0,2.0,2.0,4.0,0.0,92.0,64.312,65.468,63.968,63.0,63.281,65.468
08-11-2026 16:00:56,7228,7607,1552,16384,16.333333333333332,98.0,17929,VDD_IN,30746,8373,8862,17633,17929,4045,3955,2.0,2.0,5.0,2.0,0.0,87.0,64.031,65.656,63.937,62.875,63.343,65.656
08-11-2026 16:00:57,7228,7607,1552,16384,16.0,98.0,17811,VDD_IN,30550,8373,8744,17633,17811,4045,3995,3.0,2.0,2.0,5.0,0.0,84.0,64.125,65.5,63.875,62.937,63.218,65.5
08-11-2026 16:00:58,7229,7607,1552,16384,15.833333333333334,98.0,17929,VDD_IN,30693,8374,8769,17634,17929,4045,3995,3.0,2.0,2.0,4.0,0.0,84.0,64.187,65.593,63.875,62.875,63.25,65.593
08-11-2026 16:00:59,7232,7607,1552,16384,23.666666666666668,98.0,18164,VDD_IN,31084,8375,8886,17634,18164,4045,4034,18.0,25.0,6.0,7.0,0.0,86.0,64.031,65.75,63.906,63.062,63.25,65.75
08-11-2026 16:01:00,7232,7607,1552,16384,27.666666666666668,98.0,18164,VDD_IN,31123,8375,8886,17635,18164,4045,4073,5.0,50.0,19.0,7.0,0.0,85.0,64.375,65.812,64.031,63.031,63.281,65.812
08-11-2026 16:01:01,7232,7607,1552,16384,16.333333333333332,98.0,17929,VDD_IN,30629,8376,8627,17636,17929,4045,4073,6.0,1.0,1.0,3.0,0.0,87.0,64.093,65.875,64.031,62.906,63.281,65.875
08-11-2026 16:01:02,7225,7607,1552,16384,17.666666666666668,98.0,17968,VDD_IN,30629,8376,8549,17636,17968,4045,4112,4.0,4.0,10.0,2.0,0.0,86.0,64.156,65.843,63.875,62.906,63.25,65.843
08-11-2026 16:01:03,7227,7607,1552,16384,16.166666666666668,98.0,17968,VDD_IN,30629,8376,8510,17636,17968,4045,4151,6.0,2.0,1.0,2.0,0.0,86.0,64.281,65.781,63.906,63.0,63.281,65.781
08-11-2026 16:01:04,7230,7607,1552,16384,19.666666666666668,98.0,17654,VDD_IN,29964,8376,8159,17636,17654,4045,4151,10.0,3.0,4.0,18.0,0.0,83.0,64.031,65.5,63.968,63.031,63.187,65.5
08-11-2026 16:01:05,7231,7607,1552,16384,22.166666666666668,97.0,18164,VDD_IN,30890,8376,8496,17637,18164,4045,4230,6.0,2.0,34.0,4.0,0.0,87.0,64.406,65.531,64.062,62.906,63.312,65.531
08-11-2026 16:01:06,7232,7607,1552,16384,25.333333333333332,98.0,17811,VDD_IN,30083,8375,8003,17637,17811,4046,4269,8.0,21.0,36.0,4.0,0.0,83.0,64.25,65.562,63.906,62.937,63.312,65.562
08-11-2026 16:01:07,7232,7607,1552,16384,16.333333333333332,99.0,17889,VDD_IN,30161,8375,7886,17638,17889,4046,4386,6.0,2.0,2.0,1.0,0.0,87.0,64.656,65.156,63.843,62.906,63.218,65.156
08-11-2026 16:01:08,7233,7607,1552,16384,15.833333333333334,99.0,17575,VDD_IN,29963,8375,8237,17638,17575,4046,4151,3.0,2.0,4.0,2.0,0.0,84.0,64.343,65.625,63.906,62.937,63.187,65.75
08-11-2026 16:01:09,7234,7607,1552,16384,20.666666666666668,99.0,17968,VDD_IN,30693,8375,8574,17638,17968,4046,4151,11.0,18.0,6.0,4.0,0.0,85.0,64.531,66.0,63.937,63.062,63.312,66.0
08-11-2026 16:01:10,7234,7607,1552,16384,16.666666666666668,99.0,17575,VDD_IN,30041,8375,8432,17638,17575,4046,4034,2.0,2.0,4.0,1.0,0.0,91.0,63.937,65.812,64.031,62.906,63.375,65.812
08-11-2026 16:01:11,7235,7607,1552,16384,24.833333333333332,99.0,18330,VDD_IN,31484,8376,9120,17639,18330,4046,4034,45.0,6.0,4.0,3.0,0.0,91.0,64.343,66.031,63.937,62.906,63.468,66.031
08-11-2026 16:01:12,7235,7607,1552,16384,24.0,98.0,18007,VDD_IN,30927,8377,8925,17639,18007,4046,3995,12.0,23.0,5.0,6.0,12.0,86.0,64.343,66.031,64.0,62.937,63.281,66.031
08-11-2026 16:01:13,7236,7607,1552,16384,15.833333333333334,98.0,17889,VDD_IN,30668,8377,8784,17640,17889,4046,3995,2.0,2.0,5.0,1.0,0.0,85.0,64.125,65.687,63.968,63.031,63.343,65.687
08-11-2026 16:01:14,7235,7607,1552,16384,20.333333333333332,98.0,18007,VDD_IN,30888,8378,8847,17640,18007,4046,4034,5.0,6.0,9.0,17.0,0.0,85.0,64.437,65.75,64.031,63.093,63.343,65.75
08-11-2026 16:01:15,7236,7607,1552,16384,15.5,98.0,17929,VDD_IN,30668,8378,8705,17640,17929,4046,4034,2.0,1.0,2.0,4.0,0.0,84.0,64.093,65.812,64.093,62.937,63.312,65.812
08-11-2026 16:01:16,7237,7607,1552,16384,15.5,98.0,17811,VDD_IN,30394,8378,8549,17641,17811,4046,4034,2.0,2.0,1.0,5.0,0.0,83.0,64.093,65.75,63.968,63.0,63.218,65.75
08-11-2026 16:01:17,7237,7607,1552,16384,27.666666666666668,98.0,18330,VDD_IN,31367,8379,8925,17642,18330,4046,4112,8.0,6.0,5.0,62.0,0.0,85.0,64.687,65.781,63.906,63.0,63.281,65.781
08-11-2026 16:01:18,7238,7607,1552,16384,21.833333333333332,98.0,18007,VDD_IN,30693,8379,8574,17642,18007,4046,4112,27.0,3.0,7.0,8.0,0.0,86.0,64.031,65.562,64.0,63.093,63.312,65.562
08-11-2026 16:01:19,7239,7607,1552,16384,20.333333333333332,98.0,18007,VDD_IN,30615,8379,8457,17643,18007,4046,4151,4.0,9.0,17.0,6.0,0.0,86.0,64.25,65.625,63.968,62.968,63.343,65.625
08-11-2026 16:01:20,7239,7607,1551,16384,15.833333333333334,97.0,17693,VDD_IN,29964,8379,8081,17643,17693,4047,4190,3.0,3.0,4.0,2.0,0.0,83.0,64.281,65.531,63.968,63.0,63.25,65.531
08-11-2026 16:01:21,7239,7607,1551,16384,16.0,98.0,17850,VDD_IN,30200,8379,8081,17643,17850,4047,4269,3.0,2.0,4.0,1.0,0.0,86.0,64.218,65.75,63.968,63.0,63.187,65.75
08-11-2026 16:01:22,7240,7607,1551,16384,15.166666666666666,99.0,17536,VDD_IN,29534,8378,7651,17643,17536,4047,4347,3.0,1.0,4.0,0.0,0.0,83.0,64.468,65.125,64.0,63.062,63.343,65.125
08-11-2026 16:01:23,7243,7607,1551,16384,30.0,99.0,18125,VDD_IN,31006,8378,8730,17643,18125,4047,4151,9.0,9.0,67.0,10.0,0.0,85.0,64.312,65.218,64.093,62.875,63.562,65.218
08-11-2026 16:01:24,7247,7607,1551,16384,23.833333333333332,99.0,18085,VDD_IN,30927,8379,8691,17644,18085,4048,4151,15.0,23.0,6.0,3.0,9.0,87.0,64.187,65.437,63.968,62.875,63.375,65.437
08-11-2026 16:01:25,7247,7607,1551,16384,16.5,99.0,17654,VDD_IN,30120,8379,8432,17644,17654,4048,4034,2.0,2.0,4.0,2.0,0.0,89.0,64.343,65.343,63.937,62.968,63.437,65.343
08-11-2026 16:01:26,7229,7607,1551,16384,16.666666666666668,99.0,17772,VDD_IN,30394,8379,8627,17644,17772,4047,3995,2.0,2.0,2.0,4.0,0.0,90.0,64.125,65.468,64.0,63.125,63.281,65.468
08-11-2026 16:01:27,7229,7607,1551,16384,16.833333333333332,98.0,17732,VDD_IN,30431,8379,8744,17644,17732,4047,3955,4.0,1.0,3.0,5.0,0.0,88.0,64.031,65.593,64.0,62.906,63.25,65.593
08-11-2026 16:01:28,7231,7607,1551,16384,16.333333333333332,98.0,17811,VDD_IN,30510,8380,8744,17644,17811,4047,3955,3.0,5.0,2.0,2.0,0.0,86.0,64.218,65.656,63.968,62.906,63.281,65.656
08-11-2026 16:01:29,7237,7607,1554,16384,45.5,98.0,19113,VDD_IN,33039,8382,9899,17646,19113,4047,4027,72.0,38.0,29.0,20.0,28.0,86.0,65.0,65.812,64.0,63.0,63.5,65.812
08-11-2026 16:01:30,7237,7607,1554,16384,22.833333333333332,98.0,17968,VDD_IN,30746,8382,8744,17647,17968,4047,4034,10.0,14.0,10.0,11.0,7.0,85.0,64.25,65.75,63.937,63.062,63.375,65.75
08-11-2026 16:01:31,7237,7607,1554,16384,15.5,98.0,17732,VDD_IN,30276,8383,8549,17647,17732,4047,3995,2.0,1.0,1.0,4.0,0.0,85.0,64.031,65.593,64.031,63.093,63.312,65.593
08-11-2026 16:01:32,7238,7607,1554,16384,16.0,97.0,17732,VDD_IN,30237,8383,8471,17647,17732,4047,4034,4.0,1.0,2.0,2.0,2.0,85.0,64.062,65.531,64.093,62.875,63.375,65.531
08-11-2026 16:01:33,7238,7607,1554,16384,15.833333333333334,97.0,17693,VDD_IN,30120,8383,8354,17647,17693,4047,4073,2.0,1.0,5.0,1.0,0.0,86.0,64.25,65.468,63.875,62.937,63.218,65.468
08-11-2026 16:01:34,7239,7607,1554,16384,19.0,97.0,17850,VDD_IN,30394,8383,8432,17647,17850,4047,4112,9.0,7.0,7.0,6.0,1.0,84.0,64.562,65.531,63.875,63.0,63.312,65.531
08-11-2026 16:01:35,7241,7607,1554,16384,32.0,97.0,17968,VDD_IN,30512,8383,8354,17648,17968,4047,4190,10.0,25.0,67.0,7.0,0.0,83.0,64.093,65.781,64.031,63.031,63.312,65.781
08-11-2026 16:01:36,7241,7607,1554,16384,16.5,98.0,17732,VDD_IN,30004,8382,8003,17648,17732,4048,4269,9.0,2.0,1.0,2.0,0.0,85.0,64.125,65.812,64.062,62.906,63.343,65.812
08-11-2026 16:01:37,7242,7607,1554,16384,15.5,99.0,17575,VDD_IN,29573,8381,7651,17648,17575,4048,4347,2.0,3.0,3.0,1.0,0.0,84.0,64.406,65.343,63.937,62.937,63.281,65.343
08-11-2026 16:01:38,7242,7607,1554,16384,15.333333333333334,99.0,17250,VDD_IN,29411,8381,8081,17647,17250,4048,4080,2.0,2.0,3.0,2.0,0.0,83.0,64.156,65.781,63.906,62.968,63.312,65.781
08-11-2026 16:01:39,7243,7607,1554,16384,16.166666666666668,99.0,17772,VDD_IN,30355,8381,8471,17647,17772,4048,4112,3.0,2.0,4.0,4.0,0.0,84.0,64.406,65.843,64.0,63.0,63.312,65.843
08-11-2026 16:01:40,7242,7607,1554,16384,23.666666666666668,99.0,17732,VDD_IN,30315,8381,8549,17647,17732,4048,4034,12.0,17.0,16.0,7.0,0.0,90.0,64.312,65.875,63.937,63.062,63.343,65.625
08-11-2026 16:01:41,7242,7607,1554,16384,30.166666666666668,98.0,18203,VDD_IN,31279,8382,9081,17648,18203,4048,3995,6.0,20.0,57.0,4.0,3.0,91.0,64.125,65.687,64.062,62.906,63.312,65.687
08-11-2026 16:01:42,7243,7607,1554,16384,15.666666666666666,98.0,17772,VDD_IN,30432,8382,8705,17648,17772,4048,3955,3.0,2.0,1.0,4.0,0.0,84.0,64.093,65.75,63.937,63.0,63.281,65.75
08-11-2026 16:01:43,7243,7607,1554,16384,16.166666666666668,98.0,17732,VDD_IN,30353,8383,8666,17648,17732,4048,3955,6.0,2.0,3.0,2.0,0.0,84.0,64.125,65.718,64.031,62.937,63.281,65.718
08-11-2026 16:01:44,7244,7607,1554,16384,16.0,98.0,17732,VDD_IN,30354,8383,8627,17648,17732,4048,3995,3.0,5.0,1.0,2.0,0.0,85.0,64.343,65.75,63.968,63.0,63.281,65.75
08-11-2026 16:01:45,7245,7607,1554,16384,20.666666666666668,98.0,17889,VDD_IN,30550,8383,8627,17649,17889,4048,4034,21.0,10.0,2.0,8.0,0.0,83.0,64.093,65.562,64.062,63.125,63.343,65.562
08-11-2026 16:01:46,7246,7607,1554,16384,20.5,98.0,18085,VDD_IN,30927,8384,8769,17649,18085,4048,4073,6.0,24.0,2.0,5.0,0.0,86.0,64.187,65.625,64.093,62.968,63.343,65.625
08-11-2026 16:01:47,7243,7607,1554,16384,27.0,97.0,18007,VDD_IN,30707,8384,8588,17650,18007,4048,4112,4.0,43.0,22.0,8.0,0.0,85.0,64.312,65.531,63.875,62.968,63.281,65.531
08-11-2026 16:01:48,7245,7607,1554,16384,15.666666666666666,98.0,17772,VDD_IN,30238,8384,8315,17650,17772,4048,4151,2.0,2.0,2.0,0.0,3.0,85.0,64.093,65.531,63.875,63.0,63.25,65.531
08-11-2026 16:01:49,7246,7607,1554,16384,16.0,99.0,17693,VDD_IN,30042,8384,8159,17650,17693,4048,4190,7.0,1.0,1.0,2.0,0.0,85.0,64.437,65.468,63.937,63.093,63.25,65.468
08-11-2026 16:01:50,7247,7607,1554,16384,19.833333333333332,98.0,17497,VDD_IN,29613,8383,7886,17650,17497,4048,4230,5.0,16.0,11.0,4.0,0.0,83.0,64.093,65.687,63.968,62.937,63.312,65.687
08-11-2026 16:01:51,7248,7607,1554,16384,15.5,99.0,17329,VDD_IN,29151,8382,7507,17649,17329,4049,4315,2.0,0.0,1.0,2.0,4.0,84.0,64.468,65.218,63.843,62.937,63.25,65.218
08-11-2026 16:01:52,7235,7607,1558,16384,24.0,99.0,18085,VDD_IN,30824,8382,8549,17650,18085,4049,4190,3.0,11.0,2.0,41.0,2.0,85.0,64.562,65.343,63.968,62.937,63.312,65.343
08-11-2026 16:01:53,7236,7607,1558,16384,24.5,99.0,17968,VDD_IN,30693,8383,8574,17650,17968,4049,4151,6.0,17.0,7.0,33.0,0.0,84.0,64.125,65.875,64.031,62.937,63.406,65.875
08-11-2026 16:01:54,7236,7607,1558,16384,16.5,99.0,17575,VDD_IN,30002,8383,8393,17650,17575,4049,4034,2.0,1.0,2.0,3.0,2.0,89.0,64.187,65.562,63.937,63.093,63.312,65.562
08-11-2026 16:01:55,7239,7607,1558,16384,21.666666666666668,99.0,17772,VDD_IN,30433,8383,8627,17650,17772,4049,4034,10.0,2.0,18.0,8.0,0.0,92.0,64.0,65.593,64.031,62.875,63.375,65.593
08-11-2026 16:01:56,7240,7607,1558,16384,17.5,98.0,17811,VDD_IN,30550,8383,8784,17651,17811,4049,3955,4.0,3.0,4.0,1.0,4.0,89.0,64.093,65.531,63.968,62.937,63.312,65.531
08-11-2026 16:01:57,7240,7607,1558,16384,15.5,98.0,17772,VDD_IN,30393,8384,8666,17651,17772,4049,3955,2.0,4.0,1.0,1.0,0.0,85.0,64.218,65.625,63.968,62.875,63.281,65.625
08-11-2026 16:01:58,7235,7607,1558,16384,27.0,98.0,18321,VDD_IN,31436,8385,9120,17651,18321,4049,3995,5.0,5.0,8.0,49.0,10.0,85.0,64.375,65.75,63.968,63.031,63.25,65.75
08-11-2026 16:01:59,7236,7607,1558,16384,23.333333333333332,98.0,17968,VDD_IN,30732,8385,8730,17652,17968,4049,4034,9.0,3.0,3.0,26.0,14.0,85.0,64.312,65.687,64.062,63.062,63.25,65.687
08-11-2026 16:02:00,7227,7607,1562,16384,23.833333333333332,98.0,18046,VDD_IN,30888,8386,8808,17652,18046,4049,4034,18.0,18.0,7.0,8.0,9.0,83.0,64.125,66.0,63.968,62.875,63.343,66.0
08-11-2026 16:02:01,7231,7607,1562,16384,16.0,98.0,17772,VDD_IN,30316,8386,8471,17652,17772,4049,4073,3.0,1.0,2.0,5.0,1.0,84.0,64.125,65.937,63.968,62.906,63.156,65.937
08-11-2026 16:02:02,7231,7607,1562,16384,16.333333333333332,97.0,17732,VDD_IN,30237,8386,8432,17653,17732,4049,4073,1.0,6.0,2.0,3.0,0.0,86.0,64.187,65.875,63.937,62.875,63.187,65.875
08-11-2026 16:02:03,7232,7607,1562,16384,15.833333333333334,98.0,17772,VDD_IN,30160,8386,8276,17653,17772,4049,4112,3.0,1.0,2.0,4.0,0.0,85.0,64.156,66.0,63.968,63.0,63.25,66.0
08-11-2026 16:02:04,7235,7607,1562,16384,26.666666666666668,97.0,18007,VDD_IN,30629,8386,8432,17653,18007,4049,4190,8.0,4.0,61.0,3.0,0.0,84.0,64.437,65.906,64.0,63.062,63.406,65.906
08-11-2026 16:02:05,7235,7607,1562,16384,28.5,98.0,18007,VDD_IN,30513,8385,8237,17654,18007,4049,4269,12.0,11.0,31.0,8.0,21.0,88.0,64.25,65.906,64.062,62.906,63.25,65.906
08-11-2026 16:02:06,7240,7607,1562,16384,15.833333333333334,99.0,17615,VDD_IN,29652,8385,7690,17654,17615,4050,4347,6.0,3.0,2.0,1.0,1.0,82.0,64.375,65.093,64.062,62.843,63.312,65.093
08-11-2026 16:02:07,7240,7607,1562,16384,16.5,99.0,17732,VDD_IN,30237,8385,8354,17654,17732,4050,4151,3.0,1.0,8.0,3.0,0.0,84.0,64.375,65.562,63.906,62.968,63.25,65.562
08-11-2026 16:02:08,7240,7607,1562,16384,16.166666666666668,99.0,17693,VDD_IN,30198,8385,8393,17654,17693,4050,4112,3.0,1.0,2.0,5.0,0.0,86.0,64.0,65.687,64.0,63.0,63.375,65.687
08-11-2026 16:02:09,7240,7607,1562,16384,17.166666666666668,99.0,17211,VDD_IN,29332,8384,8159,17653,17211,4050,3962,6.0,2.0,2.0,3.0,0.0,90.0,63.906,65.25,64.031,62.875,63.25,65.25
08-11-2026 16:02:10,7245,7607,1562,16384,32.833333333333336,98.0,18408,VDD_IN,31672,8385,9315,17654,18408,4050,3949,10.0,13.0,67.0,15.0,0.0,92.0,64.531,65.812,64.0,62.937,63.281,65.812
08-11-2026 16:02:11,7246,7607,1562,16384,20.833333333333332,98.0,17889,VDD_IN,30691,8386,8847,17654,17889,4049,3955,5.0,23.0,5.0,5.0,0.0,87.0,64.156,65.593,63.906,62.875,63.25,65.593
08-11-2026 16:02:12,7246,7607,1562,16384,15.833333333333334,97.0,17732,VDD_IN,30393,8386,8666,17654,17732,4049,3995,3.0,2.0,3.0,2.0,0.0,85.0,64.187,65.531,63.968,63.0,63.312,65.531
08-11-2026 16:02:13,7247,7607,1562,16384,16.166666666666668,98.0,17772,VDD_IN,30472,8387,8705,17655,17772,4049,3995,2.0,5.0,2.0,3.0,0.0,85.0,64.468,65.562,64.031,63.0,63.25,65.562
08-11-2026 16:02:14,7247,7607,1562,16384,16.0,98.0,17693,VDD_IN,30237,8387,8549,17655,17693,4049,3995,3.0,6.0,2.0,1.0,0.0,84.0,64.125,65.468,64.031,62.875,63.281,65.468
08-11-2026 16:02:15,7249,7607,1562,16384,21.0,97.0,18046,VDD_IN,30888,8387,8769,17655,18046,4049,4073,9.0,7.0,17.0,9.0,0.0,84.0,64.406,65.593,63.843,62.906,63.25,65.593
08-11-2026 16:02:16,7255,7607,1562,16384,28.666666666666668,97.0,18125,VDD_IN,30967,8388,8730,17656,18125,4049,4112,67.0,3.0,8.0,13.0,0.0,81.0,64.437,65.531,63.843,63.0,63.218,65.531
08-11-2026 16:02:17,7235,7607,1562,16384,18.333333333333332,97.0,17811,VDD_IN,30355,8388,8432,17656,17811,4049,4112,5.0,2.0,6.0,11.0,0.0,86.0,64.187,65.75,63.937,63.0,63.25,65.75
08-11-2026 16:02:18,7234,7607,1563,16384,17.166666666666668,98.0,17811,VDD_IN,30199,8388,8198,17656,17811,4050,4190,6.0,5.0,1.0,6.0,0.0,85.0,64.437,65.75,63.968,62.968,63.187,65.75
08-11-2026 16:02:19,7237,7607,1563,16384,16.333333333333332,98.0,17772,VDD_IN,30161,8387,8159,17656,17772,4050,4230,3.0,1.0,6.0,2.0,0.0,86.0,64.125,65.75,64.0,62.906,63.312,65.75
08-11-2026 16:02:20,7239,7607,1563,16384,18.5,98.0,17929,VDD_IN,30318,8387,8081,17656,17929,4050,4308,4.0,7.0,11.0,4.0,0.0,85.0,64.406,65.718,63.812,62.875,63.187,65.718
08-11-2026 16:02:21,7241,7607,1563,16384,18.333333333333332,99.0,17536,VDD_IN,29573,8386,7729,17656,17536,4050,4308,5.0,3.0,10.0,7.0,2.0,83.0,64.656,65.218,63.812,62.875,63.25,65.218
08-11-2026 16:02:22,7245,7607,1563,16384,31.666666666666668,99.0,17811,VDD_IN,30433,8386,8588,17657,17811,4050,4034,12.0,5.0,24.0,66.0,0.0,83.0,64.281,65.625,63.906,63.062,63.281,65.625
08-11-2026 16:02:23,7231,7607,1574,16384,20.666666666666668,99.0,17693,VDD_IN,30237,8387,8510,17657,17693,4050,4034,16.0,9.0,4.0,6.0,1.0,88.0,64.281,65.656,63.968,62.937,63.093,65.656
08-11-2026 16:02:24,7233,7607,1574,16384,18.333333333333332,99.0,17693,VDD_IN,30159,8387,8471,17657,17693,4050,3995,3.0,5.0,2.0,6.0,3.0,91.0,64.062,65.406,64.0,62.875,63.187,65.406
08-11-2026 16:02:25,7233,7607,1574,16384,17.166666666666668,98.0,17811,VDD_IN,30589,8387,8823,17657,17811,4050,3955,4.0,0.0,2.0,6.0,0.0,91.0,64.093,65.625,64.031,62.937,63.187,65.625
08-11-2026 16:02:26,7239,7607,1574,16384,20.833333333333332,98.0,17889,VDD_IN,30613,8388,8769,17657,17889,4050,3955,6.0,3.0,20.0,11.0,0.0,85.0,64.375,65.656,63.875,62.906,63.156,65.656
08-11-2026 16:02:27,7241,7607,1574,16384,17.666666666666668,97.0,17889,VDD_IN,30628,8388,8744,17657,17889,4050,3995,5.0,5.0,4.0,6.0,0.0,86.0,64.375,65.593,64.0,62.968,63.281,65.906
08-11-2026 16:02:28,7236,7607,1573,16384,31.666666666666668,98.0,18360,VDD_IN,31468,8389,9120,17658,18360,4050,3988,7.0,13.0,18.0,67.0,1.0,84.0,64.437,65.937,64.0,63.0,63.343,65.937
08-11-2026 16:02:29,7228,7607,1574,16384,17.5,98.0,17929,VDD_IN,30668,8389,8705,17658,17929,4050,4034,3.0,5.0,1.0,6.0,4.0,86.0,64.125,65.875,63.812,62.875,63.218,65.875
08-11-2026 16:02:30,7233,7607,1574,16384,16.166666666666668,98.0,17889,VDD_IN,30589,8390,8666,17659,17889,4050,4034,2.0,2.0,2.0,4.0,1.0,86.0,64.156,66.031,63.875,62.906,63.218,66.031
08-11-2026 16:02:31,7237,7607,1574,16384,20.666666666666668,98.0,17889,VDD_IN,30550,8390,8588,17659,17889,4050,4073,8.0,5.0,18.0,7.0,0.0,86.0,64.281,65.687,63.937,62.937,63.187,65.687
08-11-2026 16:02:32,7238,7607,1574,16384,15.666666666666666,98.0,17732,VDD_IN,30198,8390,8354,17659,17732,4050,4112,4.0,2.0,2.0,2.0,0.0,84.0,64.031,65.687,64.031,63.0,63.25,65.687
08-11-2026 16:02:33,7240,7607,1574,16384,17.333333333333332,98.0,17889,VDD_IN,30433,8390,8393,17659,17889,4050,4151,7.0,6.0,4.0,2.0,0.0,85.0,64.125,65.718,63.968,62.906,63.343,65.718
08-11-2026 16:02:34,7241,7607,1574,16384,30.833333333333332,97.0,18164,VDD_IN,30890,8390,8496,17660,18164,4050,4230,79.0,6.0,7.0,6.0,4.0,83.0,64.406,65.656,64.062,62.937,63.343,65.656
08-11-2026 16:02:35,7242,7607,1574,16384,16.5,98.0,17850,VDD_IN,30239,8390,8159,17660,17850,4051,4230,3.0,3.0,0.0,6.0,26.0,61.0,64.125,65.718,63.875,62.968,63.25,65.718
08-11-2026 16:02:36,7243,7607,1574,16384,19.5,99.0,17811,VDD_IN,30005,8389,7847,17660,17811,4051,4347,10.0,4.0,16.0,3.0,84.0,0.0,64.406,65.312,63.937,62.968,63.25,65.312
08-11-2026 16:02:37,7244,7607,1574,16384,15.5,99.0,17732,VDD_IN,30198,8389,8276,17660,17732,4051,4190,3.0,1.0,2.0,5.0,82.0,0.0,64.031,65.437,64.031,63.031,63.281,65.437
08-11-2026 16:02:38,7237,7607,1577,16384,20.5,99.0,18125,VDD_IN,30981,8389,8705,17661,18125,4051,4151,5.0,9.0,13.0,10.0,86.0,0.0,64.406,65.687,64.062,62.843,63.343,65.687
08-11-2026 16:02:39,7236,7607,1577,16384,26.0,99.0,18007,VDD_IN,30864,8390,8823,17661,18007,4051,4034,11.0,3.0,46.0,6.0,90.0,0.0,64.406,65.593,64.125,62.875,63.375,65.593
08-11-2026 16:02:40,7239,7607,1577,16384,34.333333333333336,99.0,18439,VDD_IN,31625,8391,9198,17662,18439,4051,3988,71.0,7.0,28.0,8.0,92.0,0.0,64.343,65.718,63.937,63.062,63.406,65.718
08-11-2026 16:02:41,7229,7607,1577,16384,27.0,98.0,18125,VDD_IN,31083,8391,9003,17663,18125,4051,3955,34.0,7.0,24.0,8.0,88.0,1.0,64.281,65.781,63.968,63.093,63.343,65.781
08-11-2026 16:02:42,7230,7607,1577,16384,16.0,99.0,17850,VDD_IN,30589,8392,8744,17663,17850,4051,3995,3.0,4.0,1.0,2.0,86.0,0.0,64.031,65.906,64.0,63.093,63.281,65.906
08-11-2026 16:02:43,7231,7607,1577,16384,16.166666666666668,98.0,17850,VDD_IN,30550,8392,8705,17663,17850,4051,3995,5.0,2.0,3.0,4.0,83.0,0.0,64.062,65.937,64.156,62.937,63.343,65.937
08-11-2026 16:02:44,7231,7607,1577,16384,15.666666666666666,98.0,17850,VDD_IN,30550,8392,8666,17664,17850,4051,4034,2.0,1.0,1.0,1.0,87.0,2.0,64.093,65.843,63.937,62.906,63.218,65.843
08-11-2026 16:02:45,7232,7607,1577,16384,16.0,98.0,17929,VDD_IN,30668,8393,8705,17664,17929,4051,4034,4.0,1.0,2.0,3.0,86.0,0.0,64.093,65.906,63.937,62.968,63.25,65.906
08-11-2026 16:02:46,7237,7607,1577,16384,31.666666666666668,98.0,18439,VDD_IN,31547,8394,9042,17665,18439,4051,4066,12.0,18.0,65.0,5.0,87.0,3.0,64.75,65.937,63.937,63.125,63.281,65.937
08-11-2026 16:02:47,7238,7607,1577,16384,20.666666666666668,98.0,17929,VDD_IN,30590,8394,8549,17665,17929,4051,4112,4.0,21.0,11.0,2.0,86.0,0.0,64.0,65.906,64.031,63.062,63.312,65.906
08-11-2026 16:02:48,7238,7607,1577,16384,15.333333333333334,98.0,17693,VDD_IN,30081,8394,8276,17665,17693,4051,4112,3.0,2.0,1.0,43.0,43.0,0.0,64.156,65.937,64.031,63.0,63.437,65.687
08-11-2026 16:02:49,7209,7607,1622,16384,17.333333333333332,95.0,13662,VDD_IN,22956,8391,5943,17660,13662,4050,3351,6.0,3.0,9.0,74.0,12.0,0.0,63.906,64.656,63.937,62.906,63.062,64.656
08-11-2026 16:02:50,7098,7607,1580,16384,15.666666666666666,0.0,7364,VDD_IN,11301,8383,1947,17649,7364,4048,1990,10.0,8.0,31.0,21.0,4.0,20.0,63.218,63.062,63.468,62.781,62.312,63.468
08-11-2026 16:02:51,7153,7607,1542,16384,13.0,0.0,5821,VDD_IN,8450,8375,1074,17635,5821,4045,1555,18.0,12.0,32.0,15.0,1.0,0.0,62.843,62.625,63.25,62.656,61.875,63.25
08-11-2026 16:02:52,5764,7607,1448,16384,26.0,0.0,6180,VDD_IN,9088,8367,1353,17622,6180,4042,1555,30.0,6.0,29.0,22.0,65.0,4.0,62.406,62.343,63.0,62.281,61.625,63.0
