08-11-2026 15:48:16 RAM 2339/7607MB (lfb 42x4MB) SWAP 1136/16384MB (cached 148MB) CPU [3%@883,2%@883,1%@883,2%@883,0%@729,0%@729] GR3D_FREQ 0% cpu@57.781C soc2@57.281C soc0@58.781C gpu@57.875C tj@58.781C soc1@58.312C VDD_IN 5144mW/5144mW VDD_CPU_GPU_CV 601mW/601mW VDD_SOC 1487mW/1487mW
08-11-2026 15:48:17 RAM 2463/7607MB (lfb 39x4MB) SWAP 1136/16384MB (cached 149MB) CPU [12%@729,9%@729,7%@729,7%@729,9%@1344,52%@1344] GR3D_FREQ 0% cpu@58.125C soc2@57.093C soc0@58.562C gpu@57.531C tj@58.562C soc1@58.218C VDD_IN 5750mW/5447mW VDD_CPU_GPU_CV 1076mW/839mW VDD_SOC 1517mW/1502mW
08-11-2026 15:48:18 RAM 2657/7607MB (lfb 33x4MB) SWAP 1136/16384MB (cached 149MB) CPU [6%@729,5%@729,4%@729,3%@729,16%@1344,53%@1344] GR3D_FREQ 0% cpu@58.093C soc2@56.875C soc0@58.5C gpu@57.437C tj@58.468C soc1@58.093C VDD_IN 5710mW/5535mW VDD_CPU_GPU_CV 956mW/878mW VDD_SOC 1515mW/1506mW
08-11-2026 15:48:19 RAM 3258/7607MB (lfb 30x4MB) SWAP 1136/16384MB (cached 149MB) CPU [36%@1344,34%@1344,36%@1344,37%@1344,42%@883,57%@883] GR3D_FREQ 0% cpu@58.062C soc2@57.093C soc0@58.312C gpu@57.343C tj@58.312C soc1@58.093C VDD_IN 6629mW/5808mW VDD_CPU_GPU_CV 1671mW/1076mW VDD_SOC 1555mW/1519mW
08-11-2026 15:48:20 RAM 3940/7607MB (lfb 30x4MB) SWAP 1136/16384MB (cached 149MB) CPU [58%@1113,50%@1113,50%@1113,45%@1113,54%@729,57%@729] GR3D_FREQ 0% cpu@57.781C soc2@56.968C soc0@58.375C gpu@57.562C tj@58.375C soc1@57.968C VDD_IN 6658mW/5978mW VDD_CPU_GPU_CV 1632mW/1187mW VDD_SOC 1594mW/1534mW
08-11-2026 15:48:21 RAM 5677/7607MB (lfb 18x4MB) SWAP 1136/16384MB (cached 149MB) CPU [12%@1344,5%@1344,74%@1344,3%@1344,0%@729,0%@729] GR3D_FREQ 0% cpu@57.906C soc2@56.781C soc0@58.406C gpu@57.718C tj@58.406C soc1@57.812C VDD_IN 7216mW/6185mW VDD_CPU_GPU_CV 1592mW/1255mW VDD_SOC 1831mW/1583mW
08-11-2026 15:48:22 RAM 6239/7607MB (lfb 2x4MB) SWAP 1136/16384MB (cached 149MB) CPU [5%@1344,2%@1344,98%@1344,1%@1344,1%@729,0%@729] GR3D_FREQ 0% cpu@58.75C soc2@57.5C soc0@58.593C gpu@58.5C tj@58.75C soc1@57.937C VDD_IN 14373mW/7354mW VDD_CPU_GPU_CV 6601mW/2018mW VDD_SOC 3232mW/1819mW
08-11-2026 15:48:23 RAM 6272/7607MB (lfb 3x4MB) SWAP 1136/16384MB (cached 149MB) CPU [4%@1344,2%@1344,94%@1344,2%@1344,0%@729,0%@729] GR3D_FREQ 98% cpu@59.25C soc2@58C soc0@58.656C gpu@60C tj@60C soc1@58.218C VDD_IN 17290mW/8596mW VDD_CPU_GPU_CV 8563mW/2837mW VDD_SOC 3766mW/2062mW
08-11-2026 15:48:24 RAM 6744/7607MB (lfb 1x4MB) SWAP 1136/16384MB (cached 149MB) CPU [10%@1344,11%@1344,98%@1344,6%@1344,14%@729,5%@729] GR3D_FREQ 98% cpu@59.281C soc2@58.187C soc0@58.781C gpu@60.25C tj@60.25C soc1@58.343C VDD_IN 17604mW/9597mW VDD_CPU_GPU_CV 8627mW/3480mW VDD_SOC 3883mW/2264mW
08-11-2026 15:48:25 RAM 6800/7607MB (lfb 1x4MB) SWAP 1136/16384MB (cached 149MB) CPU [2%@1344,3%@1344,90%@1344,2%@1344,0%@729,0%@729] GR3D_FREQ 98% cpu@59.5C soc2@58.343C soc0@59.218C gpu@60.437C tj@60.437C soc1@58.375C VDD_IN 17732mW/10411mW VDD_CPU_GPU_CV 8666mW/3999mW VDD_SOC 3955mW/2434mW
08-11-2026 15:48:26 RAM 6848/7607MB (lfb 6x1MB) SWAP 1136/16384MB (cached 149MB) CPU [3%@729,5%@729,10%@729,2%@729,80%@1344,0%@1344] GR3D_FREQ 97% cpu@59.437C soc2@58.312C soc0@59.218C gpu@60.781C tj@60.781C soc1@58.375C VDD_IN 17693mW/11073mW VDD_CPU_GPU_CV 8549mW/4412mW VDD_SOC 4001mW/2576mW
08-11-2026 15:48:27 RAM 6852/7607MB (lfb 5x1MB) SWAP 1136/16384MB (cached 149MB) CPU [2%@729,5%@729,1%@729,1%@729,86%@1344,2%@1344] GR3D_FREQ 98% cpu@59.468C soc2@58.531C soc0@59.218C gpu@60.843C tj@60.843C soc1@58.5C VDD_IN 17732mW/11628mW VDD_CPU_GPU_CV 8510mW/4754mW VDD_SOC 3995mW/2694mW
08-11-2026 15:48:28 RAM 7146/7607MB (lfb 2x2MB) SWAP 1150/16384MB (cached 149MB) CPU [5%@1344,55%@1344,2%@1344,1%@1344,40%@729,27%@729] GR3D_FREQ 98% cpu@59.687C soc2@58.562C soc0@59.218C gpu@60.687C tj@60.687C soc1@58.593C VDD_IN 16216mW/11981mW VDD_CPU_GPU_CV 7089mW/4933mW VDD_SOC 3968mW/2792mW
08-11-2026 15:48:29 RAM 7157/7607MB (lfb 1x4MB) SWAP 1150/16384MB (cached 149MB) CPU [8%@1344,66%@1344,8%@1344,33%@1344,26%@1344,2%@1344] GR3D_FREQ 98% cpu@59.687C soc2@58.718C soc0@59.437C gpu@60.937C tj@60.937C soc1@58.687C VDD_IN 17889mW/12403mW VDD_CPU_GPU_CV 8081mW/5158mW VDD_SOC 4269mW/2898mW
08-11-2026 15:48:30 RAM 7158/7607MB (lfb 1x4MB) SWAP 1150/16384MB (cached 149MB) CPU [4%@729,1%@729,5%@729,2%@729,85%@1344,0%@1344] GR3D_FREQ 99% cpu@59.968C soc2@58.75C soc0@59.562C gpu@60.593C tj@60.593C soc1@58.593C VDD_IN 17654mW/12753mW VDD_CPU_GPU_CV 7847mW/5337mW VDD_SOC 4269mW/2989mW
08-11-2026 15:48:31 RAM 7158/7607MB (lfb 1x4MB) SWAP 1150/16384MB (cached 149MB) CPU [1%@729,2%@729,5%@729,2%@729,85%@1344,0%@1344] GR3D_FREQ 99% cpu@59.906C soc2@58.812C soc0@59.718C gpu@61.187C tj@61.187C soc1@58.75C VDD_IN 17575mW/13054mW VDD_CPU_GPU_CV 8354mW/5526mW VDD_SOC 4080mW/3057mW
08-11-2026 15:48:32 RAM 7158/7607MB (lfb 1x4MB) SWAP 1150/16384MB (cached 149MB) CPU [7%@729,1%@729,2%@729,5%@729,85%@729,0%@729] GR3D_FREQ 99% cpu@59.812C soc2@58.937C soc0@59.687C gpu@61.156C tj@61.156C soc1@58.812C VDD_IN 17732mW/13329mW VDD_CPU_GPU_CV 8510mW/5701mW VDD_SOC 4073mW/3117mW
08-11-2026 15:48:33 RAM 7159/7607MB (lfb 1x4MB) SWAP 1150/16384MB (cached 149MB) CPU [3%@729,2%@729,4%@729,2%@729,92%@729,0%@729] GR3D_FREQ 99% cpu@59.968C soc2@59.031C soc0@59.718C gpu@61.125C tj@61.125C soc1@58.968C VDD_IN 17575mW/13565mW VDD_CPU_GPU_CV 8471mW/5855mW VDD_SOC 4001mW/3166mW
08-11-2026 15:48:34 RAM 7160/7607MB (lfb 1x4MB) SWAP 1150/16384MB (cached 149MB) CPU [2%@1344,3%@1344,8%@1344,3%@1344,91%@1344,0%@1344] GR3D_FREQ 99% cpu@60.218C soc2@59.156C soc0@59.937C gpu@61.343C tj@61.343C soc1@59.031C VDD_IN 17772mW/13787mW VDD_CPU_GPU_CV 8744mW/6007mW VDD_SOC 3955mW/3208mW
08-11-2026 15:48:35 RAM 7160/7607MB (lfb 1x4MB) SWAP 1150/16384MB (cached 149MB) CPU [10%@729,5%@729,6%@729,8%@729,88%@1344,0%@1344] GR3D_FREQ 98% cpu@60.062C soc2@59.187C soc0@60.062C gpu@61.406C tj@61.406C soc1@59.062C VDD_IN 17811mW/13988mW VDD_CPU_GPU_CV 8784mW/6146mW VDD_SOC 3916mW/3243mW
08-11-2026 15:48:36 RAM 7161/7607MB (lfb 1x4MB) SWAP 1150/16384MB (cached 149MB) CPU [2%@729,2%@729,1%@729,4%@729,84%@1344,0%@1344] GR3D_FREQ 99% cpu@60.156C soc2@59.187C soc0@59.812C gpu@61.531C tj@61.531C soc1@59.125C VDD_IN 17732mW/14166mW VDD_CPU_GPU_CV 8705mW/6268mW VDD_SOC 3955mW/3277mW
08-11-2026 15:48:37 RAM 7161/7607MB (lfb 1x4MB) SWAP 1150/16384MB (cached 149MB) CPU [4%@729,3%@729,0%@729,4%@729,85%@1344,0%@1344] GR3D_FREQ 98% cpu@60.468C soc2@59.312C soc0@60.062C gpu@61.562C tj@61.562C soc1@59.281C VDD_IN 17772mW/14330mW VDD_CPU_GPU_CV 8705mW/6379mW VDD_SOC 3955mW/3308mW
08-11-2026 15:48:38 RAM 7162/7607MB (lfb 1x4MB) SWAP 1150/16384MB (cached 149MB) CPU [2%@729,1%@729,3%@729,3%@729,85%@1344,0%@1344] GR3D_FREQ 98% cpu@60.468C soc2@59.468C soc0@60.218C gpu@61.875C tj@61.875C soc1@59.312C VDD_IN 17732mW/14478mW VDD_CPU_GPU_CV 8627mW/6477mW VDD_SOC 3995mW/3338mW
08-11-2026 15:48:39 RAM 7162/7607MB (lfb 1x4MB) SWAP 1150/16384MB (cached 149MB) CPU [3%@729,2%@729,2%@729,5%@729,85%@1344,0%@1344] GR3D_FREQ 98% cpu@60.281C soc2@59.562C soc0@60.281C gpu@62.031C tj@62.031C soc1@59.281C VDD_IN 17772mW/14615mW VDD_CPU_GPU_CV 8627mW/6566mW VDD_SOC 3995mW/3365mW
08-11-2026 15:48:40 RAM 7164/7607MB (lfb 1x4MB) SWAP 1150/16384MB (cached 149MB) CPU [7%@1190,17%@1190,6%@1190,10%@1190,84%@1344,0%@1344] GR3D_FREQ 98% cpu@60.468C soc2@59.562C soc0@60.312C gpu@61.968C tj@61.968C soc1@59.375C VDD_IN 17732mW/14740mW VDD_CPU_GPU_CV 8510mW/6644mW VDD_SOC 4034mW/3392mW
08-11-2026 15:48:41 RAM 7164/7607MB (lfb 1x4MB) SWAP 1150/16384MB (cached 149MB) CPU [2%@729,4%@729,2%@729,1%@729,86%@1344,0%@1344] GR3D_FREQ 97% cpu@60.625C soc2@59.656C soc0@60.375C gpu@61.843C tj@61.843C soc1@59.5C VDD_IN 17693mW/14853mW VDD_CPU_GPU_CV 8354mW/6710mW VDD_SOC 4073mW/3418mW
08-11-2026 15:48:42 RAM 7165/7607MB (lfb 1x4MB) SWAP 1150/16384MB (cached 149MB) CPU [3%@729,8%@729,2%@729,1%@729,84%@1344,0%@1344] GR3D_FREQ 98% cpu@60.968C soc2@59.718C soc0@60.531C gpu@62.281C tj@62.281C soc1@59.625C VDD_IN 17811mW/14963mW VDD_CPU_GPU_CV 8315mW/6769mW VDD_SOC 4112mW/3444mW
08-11-2026 15:48:43 RAM 7165/7607MB (lfb 1x4MB) SWAP 1150/16384MB (cached 149MB) CPU [3%@729,2%@729,2%@729,7%@1113,87%@1344,0%@1344] GR3D_FREQ 98% cpu@60.656C soc2@59.812C soc0@60.593C gpu@62.343C tj@62.343C soc1@59.625C VDD_IN 17693mW/15060mW VDD_CPU_GPU_CV 8198mW/6820mW VDD_SOC 4151mW/3469mW
08-11-2026 15:48:44 RAM 7166/7607MB (lfb 1x4MB) SWAP 1150/16384MB (cached 149MB) CPU [3%@729,6%@729,2%@729,2%@729,85%@1344,0%@1344] GR3D_FREQ 98% cpu@60.843C soc2@59.812C soc0@60.562C gpu@62.312C tj@62.312C soc1@59.687C VDD_IN 17772mW/15154mW VDD_CPU_GPU_CV 8120mW/6865mW VDD_SOC 4190mW/3494mW
08-11-2026 15:48:45 RAM 7167/7607MB (lfb 1x4MB) SWAP 1150/16384MB (cached 149MB) CPU [11%@729,6%@729,16%@729,2%@729,82%@1344,0%@1344] GR3D_FREQ 99% cpu@61.156C soc2@59.968C soc0@60.656C gpu@61.812C tj@61.812C soc1@59.812C VDD_IN 17486mW/15232mW VDD_CPU_GPU_CV 7612mW/6890mW VDD_SOC 4276mW/3520mW
08-11-2026 15:48:46 RAM 7167/7607MB (lfb 1x4MB) SWAP 1150/16384MB (cached 149MB) CPU [6%@729,3%@729,3%@729,2%@729,86%@1344,0%@1344] GR3D_FREQ 99% cpu@61.031C soc2@60.062C soc0@60.75C gpu@61.625C tj@61.625C soc1@59.906C VDD_IN 17575mW/15307mW VDD_CPU_GPU_CV 8042mW/6927mW VDD_SOC 4158mW/3541mW
08-11-2026 15:48:47 RAM 7168/7607MB (lfb 1x4MB) SWAP 1150/16384MB (cached 149MB) CPU [2%@729,4%@729,2%@729,1%@729,83%@1344,0%@1344] GR3D_FREQ 99% cpu@61C soc2@60.062C soc0@60.812C gpu@62.031C tj@62.031C soc1@59.843C VDD_IN 17250mW/15368mW VDD_CPU_GPU_CV 8094mW/6964mW VDD_SOC 4040mW/3556mW
08-11-2026 15:48:48 RAM 7168/7607MB (lfb 1x4MB) SWAP 1150/16384MB (cached 149MB) CPU [3%@729,4%@729,2%@729,2%@729,89%@729,0%@729] GR3D_FREQ 99% cpu@61.062C soc2@60.062C soc0@60.968C gpu@61.937C tj@61.937C soc1@59.812C VDD_IN 17290mW/15426mW VDD_CPU_GPU_CV 8237mW/7002mW VDD_SOC 3962mW/3568mW
08-11-2026 15:48:49 RAM 7168/7607MB (lfb 1x4MB) SWAP 1150/16384MB (cached 149MB) CPU [3%@729,23%@729,1%@729,4%@729,68%@1036,0%@1036] GR3D_FREQ 99% cpu@61.125C soc2@60.156C soc0@60.843C gpu@62.312C tj@62.312C soc1@59.906C VDD_IN 17575mW/15489mW VDD_CPU_GPU_CV 8549mW/7048mW VDD_SOC 3962mW/3580mW
08-11-2026 15:48:50 RAM 7174/7607MB (lfb 1x4MB) SWAP 1150/16384MB (cached 149MB) CPU [11%@729,5%@729,4%@729,16%@729,88%@1344,0%@1344] GR3D_FREQ 98% cpu@61.281C soc2@60.218C soc0@60.781C gpu@62.218C tj@62.218C soc1@59.968C VDD_IN 17693mW/15552mW VDD_CPU_GPU_CV 8784mW/7097mW VDD_SOC 3916mW/3590mW
08-11-2026 15:48:51 RAM 7174/7607MB (lfb 1x4MB) SWAP 1150/16384MB (cached 149MB) CPU [78%@1344,1%@1344,1%@1344,5%@1344,4%@729,0%@729] GR3D_FREQ 98% cpu@61.125C soc2@60.406C soc0@61.062C gpu@62.218C tj@62.218C soc1@60.156C VDD_IN 17575mW/15609mW VDD_CPU_GPU_CV 8588mW/7139mW VDD_SOC 3923mW/3599mW
08-11-2026 15:48:52 RAM 7174/7607MB (lfb 1x4MB) SWAP 1150/16384MB (cached 149MB) CPU [87%@1344,8%@1344,1%@1344,2%@1344,0%@729,0%@729] GR3D_FREQ 98% cpu@61.281C soc2@60.5C soc0@61.062C gpu@62.343C tj@62.343C soc1@60.062C VDD_IN 17654mW/15664mW VDD_CPU_GPU_CV 8627mW/7179mW VDD_SOC 3955mW/3608mW
08-11-2026 15:48:53 RAM 7174/7607MB (lfb 1x4MB) SWAP 1150/16384MB (cached 149MB) CPU [85%@1344,2%@1344,1%@1344,1%@1344,1%@729,1%@729] GR3D_FREQ 99% cpu@61.343C soc2@60.468C soc0@61.156C gpu@62.437C tj@62.437C soc1@60.125C VDD_IN 17654mW/15716mW VDD_CPU_GPU_CV 8510mW/7214mW VDD_SOC 3995mW/3619mW
08-11-2026 15:48:54 RAM 7174/7607MB (lfb 1x4MB) SWAP 1150/16384MB (cached 149MB) CPU [86%@1344,1%@1344,1%@1344,0%@1344,1%@729,4%@729] GR3D_FREQ 98% cpu@61.562C soc2@60.531C soc0@61.093C gpu@62.625C tj@62.625C soc1@60.218C VDD_IN 17615mW/15765mW VDD_CPU_GPU_CV 8510mW/7247mW VDD_SOC 4001mW/3628mW
08-11-2026 15:48:55 RAM 7175/7607MB (lfb 1x4MB) SWAP 1150/16384MB (cached 149MB) CPU [47%@729,5%@729,16%@729,13%@729,40%@1344,0%@1344] GR3D_FREQ 98% cpu@61.562C soc2@60.406C soc0@61.156C gpu@62.5C tj@62.5C soc1@60.281C VDD_IN 17654mW/15812mW VDD_CPU_GPU_CV 8393mW/7276mW VDD_SOC 4040mW/3639mW
08-11-2026 15:48:56 RAM 7176/7607MB (lfb 1x4MB) SWAP 1150/16384MB (cached 149MB) CPU [2%@729,1%@729,4%@729,2%@729,86%@1344,2%@1344] GR3D_FREQ 98% cpu@61.281C soc2@60.531C soc0@61.218C gpu@62.593C tj@62.593C soc1@60.375C VDD_IN 17654mW/15857mW VDD_CPU_GPU_CV 8354mW/7302mW VDD_SOC 4080mW/3650mW
08-11-2026 15:48:57 RAM 7176/7607MB (lfb 1x4MB) SWAP 1150/16384MB (cached 149MB) CPU [2%@729,2%@729,1%@729,2%@729,81%@1344,3%@1344] GR3D_FREQ 98% cpu@61.375C soc2@60.562C soc0@61.343C gpu@62.625C tj@62.625C soc1@60.25C VDD_IN 17486mW/15896mW VDD_CPU_GPU_CV 7977mW/7318mW VDD_SOC 4158mW/3662mW
08-11-2026 15:48:58 RAM 7177/7607MB (lfb 1x4MB) SWAP 1150/16384MB (cached 149MB) CPU [2%@729,1%@729,1%@729,6%@729,83%@1344,0%@1344] GR3D_FREQ 98% cpu@61.343C soc2@60.531C soc0@61.343C gpu@62.875C tj@62.875C soc1@60.375C VDD_IN 17458mW/15932mW VDD_CPU_GPU_CV 7847mW/7330mW VDD_SOC 4197mW/3674mW
08-11-2026 15:48:59 RAM 7177/7607MB (lfb 1x4MB) SWAP 1150/16384MB (cached 149MB) CPU [3%@729,2%@729,1%@729,5%@729,86%@1344,0%@1344] GR3D_FREQ 98% cpu@61.656C soc2@60.625C soc0@61.375C gpu@62.843C tj@62.843C soc1@60.406C VDD_IN 17575mW/15970mW VDD_CPU_GPU_CV 7808mW/7341mW VDD_SOC 4276mW/3688mW
08-11-2026 15:49:00 RAM 7178/7607MB (lfb 1x4MB) SWAP 1150/16384MB (cached 149MB) CPU [7%@729,18%@729,4%@729,6%@729,86%@1344,1%@1344] GR3D_FREQ 99% cpu@62.031C soc2@60.781C soc0@61.343C gpu@62.5C tj@62.5C soc1@60.437C VDD_IN 17732mW/16009mW VDD_CPU_GPU_CV 8042mW/7357mW VDD_SOC 4230mW/3700mW
08-11-2026 15:49:01 RAM 7178/7607MB (lfb 1x4MB) SWAP 1150/16384MB (cached 149MB) CPU [8%@729,1%@729,2%@729,2%@729,85%@1344,0%@1344] GR3D_FREQ 99% cpu@61.562C soc2@60.812C soc0@61.437C gpu@63.062C tj@63.062C soc1@60.625C VDD_IN 17654mW/16044mW VDD_CPU_GPU_CV 8393mW/7379mW VDD_SOC 4080mW/3708mW
08-11-2026 15:49:02 RAM 7178/7607MB (lfb 1x4MB) SWAP 1150/16384MB (cached 149MB) CPU [6%@729,8%@729,2%@729,2%@729,85%@729,0%@729] GR3D_FREQ 99% cpu@61.656C soc2@60.875C soc0@61.562C gpu@63.187C tj@63.187C soc1@60.406C VDD_IN 17772mW/16081mW VDD_CPU_GPU_CV 8432mW/7402mW VDD_SOC 4112mW/3717mW
08-11-2026 15:49:03 RAM 7178/7607MB (lfb 1x4MB) SWAP 1150/16384MB (cached 149MB) CPU [2%@729,1%@729,1%@729,3%@729,90%@729,1%@729] GR3D_FREQ 99% cpu@61.5C soc2@60.75C soc0@61.625C gpu@62.593C tj@62.593C soc1@60.531C VDD_IN 17172mW/16104mW VDD_CPU_GPU_CV 8211mW/7419mW VDD_SOC 3923mW/3721mW
08-11-2026 15:49:05 RAM 7179/7607MB (lfb 1x4MB) SWAP 1150/16384MB (cached 149MB) CPU [2%@729,2%@729,2%@729,4%@729,91%@1344,0%@1344] GR3D_FREQ 98% cpu@61.656C soc2@60.843C soc0@61.562C gpu@63.062C tj@63.062C soc1@60.593C VDD_IN 17615mW/16135mW VDD_CPU_GPU_CV 8744mW/7446mW VDD_SOC 3916mW/3725mW
08-11-2026 15:49:06 RAM 7180/7607MB (lfb 1x4MB) SWAP 1150/16384MB (cached 149MB) CPU [4%@729,5%@729,7%@729,6%@729,84%@1344,0%@1344] GR3D_FREQ 98% cpu@62.156C soc2@60.968C soc0@61.593C gpu@63.093C tj@63.093C soc1@60.687C VDD_IN 17732mW/16167mW VDD_CPU_GPU_CV 8744mW/7472mW VDD_SOC 3916mW/3729mW
08-11-2026 15:49:07 RAM 7181/7607MB (lfb 1x4MB) SWAP 1150/16384MB (cached 149MB) CPU [7%@729,2%@729,7%@729,4%@729,83%@1344,0%@1344] GR3D_FREQ 98% cpu@61.625C soc2@61C soc0@61.625C gpu@63.156C tj@63.156C soc1@60.656C VDD_IN 17615mW/16195mW VDD_CPU_GPU_CV 8627mW/7494mW VDD_SOC 3916mW/3732mW
08-11-2026 15:49:08 RAM 7181/7607MB (lfb 1x4MB) SWAP 1150/16384MB (cached 149MB) CPU [6%@729,2%@729,2%@729,1%@729,87%@1344,0%@1344] GR3D_FREQ 98% cpu@61.718C soc2@60.968C soc0@61.75C gpu@63.25C tj@63.562C soc1@60.718C VDD_IN 17693mW/16224mW VDD_CPU_GPU_CV 8627mW/7516mW VDD_SOC 3955mW/3737mW
08-11-2026 15:49:09 RAM 7180/7607MB (lfb 1x4MB) SWAP 1150/16384MB (cached 149MB) CPU [2%@729,3%@729,3%@729,5%@729,86%@1344,0%@1344] GR3D_FREQ 97% cpu@62.031C soc2@61.031C soc0@61.625C gpu@63.468C tj@63.468C soc1@60.75C VDD_IN 17654mW/16251mW VDD_CPU_GPU_CV 8510mW/7535mW VDD_SOC 3995mW/3742mW
08-11-2026 15:49:10 RAM 7181/7607MB (lfb 1x4MB) SWAP 1150/16384MB (cached 149MB) CPU [3%@729,1%@729,1%@729,4%@729,86%@1344,0%@1344] GR3D_FREQ 98% cpu@62.125C soc2@60.968C soc0@61.781C gpu@63.625C tj@63.625C soc1@60.812C VDD_IN 17693mW/16278mW VDD_CPU_GPU_CV 8510mW/7553mW VDD_SOC 3995mW/3746mW
08-11-2026 15:49:11 RAM 7181/7607MB (lfb 1x4MB) SWAP 1150/16384MB (cached 149MB) CPU [3%@729,3%@729,2%@729,3%@729,82%@1344,0%@1344] GR3D_FREQ 97% cpu@62.031C soc2@61.125C soc0@61.843C gpu@63.5C tj@63.5C soc1@60.906C VDD_IN 17536mW/16300mW VDD_CPU_GPU_CV 8276mW/7566mW VDD_SOC 4040mW/3752mW
08-11-2026 15:49:12 RAM 7183/7607MB (lfb 1x4MB) SWAP 1150/16384MB (cached 149MB) CPU [36%@1344,9%@1344,15%@1344,3%@1344,52%@729,0%@729] GR3D_FREQ 98% cpu@61.906C soc2@61.312C soc0@62C gpu@63.718C tj@63.718C soc1@60.812C VDD_IN 17693mW/16325mW VDD_CPU_GPU_CV 8315mW/7579mW VDD_SOC 4112mW/3758mW
08-11-2026 15:49:13 RAM 7183/7607MB (lfb 1x4MB) SWAP 1150/16384MB (cached 149MB) CPU [86%@1344,2%@1344,1%@1344,3%@1344,0%@729,0%@729] GR3D_FREQ 98% cpu@62C soc2@61.125C soc0@61.937C gpu@63.437C tj@63.437C soc1@60.843C VDD_IN 17615mW/16348mW VDD_CPU_GPU_CV 8120mW/7589mW VDD_SOC 4151mW/3765mW
08-11-2026 15:49:14 RAM 7184/7607MB (lfb 1x4MB) SWAP 1150/16384MB (cached 149MB) CPU [58%@729,2%@729,4%@729,5%@729,0%@1344,26%@1344] GR3D_FREQ 98% cpu@62.156C soc2@61.125C soc0@61.843C gpu@63.312C tj@63.312C soc1@60.875C VDD_IN 17408mW/16366mW VDD_CPU_GPU_CV 7859mW/7594mW VDD_SOC 4197mW/3772mW
08-11-2026 15:49:15 RAM 7184/7607MB (lfb 1x4MB) SWAP 1150/16384MB (cached 149MB) CPU [3%@729,3%@729,2%@729,4%@729,17%@1344,66%@1344] GR3D_FREQ 99% cpu@62.531C soc2@61.281C soc0@61.875C gpu@63.093C tj@63.093C soc1@60.968C VDD_IN 17526mW/16386mW VDD_CPU_GPU_CV 7612mW/7594mW VDD_SOC 4315mW/3782mW
08-11-2026 15:49:16 RAM 7184/7607MB (lfb 1x4MB) SWAP 1150/16384MB (cached 149MB) CPU [3%@729,3%@729,3%@729,4%@729,86%@1344,0%@1344] GR3D_FREQ 99% cpu@62.25C soc2@61.187C soc0@61.968C gpu@63.031C tj@63.031C soc1@61.031C VDD_IN 17615mW/16406mW VDD_CPU_GPU_CV 8003mW/7601mW VDD_SOC 4230mW/3789mW
08-11-2026 15:49:17 RAM 7186/7607MB (lfb 1x4MB) SWAP 1150/16384MB (cached 149MB) CPU [18%@729,10%@729,4%@729,8%@729,85%@1344,0%@1344] GR3D_FREQ 99% cpu@62.093C soc2@61.312C soc0@62C gpu@63.406C tj@63.406C soc1@60.906C VDD_IN 17615mW/16426mW VDD_CPU_GPU_CV 8432mW/7614mW VDD_SOC 4034mW/3793mW
08-11-2026 15:49:18 RAM 7186/7607MB (lfb 1x4MB) SWAP 1150/16384MB (cached 149MB) CPU [3%@729,1%@729,1%@729,4%@729,86%@729,0%@729] GR3D_FREQ 99% cpu@62.031C soc2@61.312C soc0@62C gpu@63.343C tj@63.343C soc1@60.968C VDD_IN 17093mW/16437mW VDD_CPU_GPU_CV 8094mW/7622mW VDD_SOC 3962mW/3796mW
08-11-2026 15:49:19 RAM 7186/7607MB (lfb 1x4MB) SWAP 1150/16384MB (cached 149MB) CPU [2%@729,3%@729,1%@729,4%@729,91%@806,0%@806] GR3D_FREQ 99% cpu@62.156C soc2@61.406C soc0@62.062C gpu@63.343C tj@63.343C soc1@61.062C VDD_IN 17575mW/16455mW VDD_CPU_GPU_CV 8510mW/7636mW VDD_SOC 3995mW/3799mW
08-11-2026 15:49:20 RAM 7187/7607MB (lfb 1x4MB) SWAP 1150/16384MB (cached 149MB) CPU [4%@729,2%@729,1%@729,5%@729,91%@1344,0%@1344] GR3D_FREQ 98% cpu@62.406C soc2@61.375C soc0@62C gpu@63.531C tj@63.531C soc1@61.093C VDD_IN 17732mW/16475mW VDD_CPU_GPU_CV 8784mW/7654mW VDD_SOC 3916mW/3801mW
08-11-2026 15:49:21 RAM 7187/7607MB (lfb 1x4MB) SWAP 1150/16384MB (cached 149MB) CPU [3%@729,2%@729,1%@729,3%@729,81%@1344,0%@1344] GR3D_FREQ 98% cpu@62.093C soc2@61.343C soc0@62.125C gpu@63.468C tj@63.468C soc1@61C VDD_IN 17654mW/16493mW VDD_CPU_GPU_CV 8588mW/7668mW VDD_SOC 3962mW/3803mW
08-11-2026 15:49:22 RAM 7190/7607MB (lfb 1x4MB) SWAP 1150/16384MB (cached 149MB) CPU [5%@729,18%@729,8%@729,4%@729,86%@1344,0%@1344] GR3D_FREQ 98% cpu@62.25C soc2@61.437C soc0@62.156C gpu@63.812C tj@63.812C soc1@61.125C VDD_IN 17850mW/16514mW VDD_CPU_GPU_CV 8744mW/7685mW VDD_SOC 3955mW/3806mW
08-11-2026 15:49:23 RAM 7191/7607MB (lfb 1x4MB) SWAP 1150/16384MB (cached 149MB) CPU [2%@729,4%@729,4%@729,3%@729,84%@1344,0%@1344] GR3D_FREQ 98% cpu@62.406C soc2@61.375C soc0@62.125C gpu@63.812C tj@63.812C soc1@61.156C VDD_IN 17693mW/16531mW VDD_CPU_GPU_CV 8588mW/7698mW VDD_SOC 3995mW/3808mW
08-11-2026 15:49:24 RAM 7191/7607MB (lfb 1x4MB) SWAP 1150/16384MB (cached 149MB) CPU [0%@729,3%@729,1%@729,6%@729,86%@1344,0%@1344] GR3D_FREQ 98% cpu@62.375C soc2@61.5C soc0@62.062C gpu@63.937C tj@63.937C soc1@61.187C VDD_IN 17772mW/16550mW VDD_CPU_GPU_CV 8588mW/7711mW VDD_SOC 3995mW/3811mW
08-11-2026 15:49:25 RAM 7192/7607MB (lfb 1x4MB) SWAP 1150/16384MB (cached 149MB) CPU [6%@729,1%@729,1%@729,5%@729,86%@1344,0%@1344] GR3D_FREQ 98% cpu@62.593C soc2@61.468C soc0@62.125C gpu@63.968C tj@63.968C soc1@61.343C VDD_IN 17693mW/16566mW VDD_CPU_GPU_CV 8471mW/7722mW VDD_SOC 4034mW/3814mW
08-11-2026 15:49:26 RAM 7192/7607MB (lfb 1x4MB) SWAP 1150/16384MB (cached 149MB) CPU [2%@729,3%@729,2%@729,5%@729,84%@1344,0%@1344] GR3D_FREQ 98% cpu@62.218C soc2@61.468C soc0@62.218C gpu@63.906C tj@63.906C soc1@61.218C VDD_IN 17565mW/16580mW VDD_CPU_GPU_CV 8276mW/7730mW VDD_SOC 4040mW/3818mW
08-11-2026 15:49:27 RAM 7193/7607MB (lfb 1x4MB) SWAP 1150/16384MB (cached 149MB) CPU [8%@729,7%@729,5%@729,16%@729,84%@1344,0%@1344] GR3D_FREQ 98% cpu@62.312C soc2@61.5C soc0@62.406C gpu@63.75C tj@63.75C soc1@61.25C VDD_IN 17772mW/16597mW VDD_CPU_GPU_CV 8315mW/7738mW VDD_SOC 4112mW/3822mW
08-11-2026 15:49:28 RAM 7193/7607MB (lfb 1x4MB) SWAP 1150/16384MB (cached 149MB) CPU [6%@1344,1%@1344,2%@1344,1%@1344,84%@1344,0%@1344] GR3D_FREQ 98% cpu@62.437C soc2@61.5C soc0@62.187C gpu@63.593C tj@63.593C soc1@61.343C VDD_IN 17458mW/16609mW VDD_CPU_GPU_CV 7964mW/7742mW VDD_SOC 4158mW/3826mW
08-11-2026 15:49:29 RAM 7194/7607MB (lfb 1x4MB) SWAP 1150/16384MB (cached 149MB) CPU [6%@729,2%@729,2%@729,2%@729,82%@1344,0%@1344] GR3D_FREQ 98% cpu@62.5C soc2@61.562C soc0@62.156C gpu@63.625C tj@63.625C soc1@61.312C VDD_IN 17368mW/16619mW VDD_CPU_GPU_CV 7703mW/7741mW VDD_SOC 4237mW/3832mW
08-11-2026 15:49:30 RAM 7194/7607MB (lfb 1x4MB) SWAP 1150/16384MB (cached 149MB) CPU [6%@729,1%@729,3%@729,1%@729,85%@1344,0%@1344] GR3D_FREQ 99% cpu@63.031C soc2@61.593C soc0@62.218C gpu@63.156C tj@63.156C soc1@61.375C VDD_IN 17536mW/16632mW VDD_CPU_GPU_CV 7690mW/7740mW VDD_SOC 4315mW/3839mW
08-11-2026 15:49:31 RAM 7195/7607MB (lfb 1x4MB) SWAP 1150/16384MB (cached 149MB) CPU [5%@729,2%@729,1%@729,2%@729,83%@1344,0%@1344] GR3D_FREQ 99% cpu@62.375C soc2@61.531C soc0@62.281C gpu@63.687C tj@63.687C soc1@61.468C VDD_IN 17250mW/16640mW VDD_CPU_GPU_CV 8055mW/7745mW VDD_SOC 4040mW/3841mW
08-11-2026 15:49:32 RAM 7195/7607MB (lfb 1x4MB) SWAP 1150/16384MB (cached 149MB) CPU [7%@729,15%@729,7%@729,10%@729,84%@729,0%@729] GR3D_FREQ 99% cpu@62.593C soc2@61.656C soc0@62.437C gpu@64.093C tj@64.093C soc1@61.25C VDD_IN 17811mW/16656mW VDD_CPU_GPU_CV 8588mW/7756mW VDD_SOC 4073mW/3844mW
08-11-2026 15:49:33 RAM 7196/7607MB (lfb 1x4MB) SWAP 1150/16384MB (cached 149MB) CPU [2%@729,1%@729,3%@729,4%@729,92%@729,0%@729] GR3D_FREQ 99% cpu@62.656C soc2@61.625C soc0@62.406C gpu@64.062C tj@64.062C soc1@61.406C VDD_IN 17575mW/16667mW VDD_CPU_GPU_CV 8471mW/7765mW VDD_SOC 4001mW/3846mW
08-11-2026 15:49:34 RAM 7196/7607MB (lfb 1x4MB) SWAP 1150/16384MB (cached 149MB) CPU [3%@729,2%@729,2%@729,4%@729,91%@1344,0%@1344] GR3D_FREQ 98% cpu@62.5C soc2@61.687C soc0@62.281C gpu@64.281C tj@64.281C soc1@61.468C VDD_IN 17772mW/16682mW VDD_CPU_GPU_CV 8705mW/7777mW VDD_SOC 3955mW/3848mW
08-11-2026 15:49:35 RAM 7197/7607MB (lfb 1x4MB) SWAP 1150/16384MB (cached 149MB) CPU [3%@729,1%@729,3%@729,7%@729,87%@1344,0%@1344] GR3D_FREQ 98% cpu@62.718C soc2@61.75C soc0@62.468C gpu@64.343C tj@64.343C soc1@61.562C VDD_IN 17772mW/16695mW VDD_CPU_GPU_CV 8705mW/7789mW VDD_SOC 3955mW/3849mW
08-11-2026 15:49:36 RAM 7197/7607MB (lfb 1x4MB) SWAP 1150/16384MB (cached 149MB) CPU [27%@1344,1%@1344,3%@1344,0%@1344,64%@729,0%@729] GR3D_FREQ 97% cpu@62.5C soc2@61.937C soc0@62.531C gpu@64.312C tj@64.312C soc1@61.406C VDD_IN 17693mW/16708mW VDD_CPU_GPU_CV 8666mW/7800mW VDD_SOC 3955mW/3850mW
08-11-2026 15:49:37 RAM 7198/7607MB (lfb 10x2MB) SWAP 1150/16384MB (cached 149MB) CPU [70%@729,12%@729,7%@729,8%@729,12%@1344,0%@1344] GR3D_FREQ 98% cpu@62.781C soc2@61.75C soc0@62.562C gpu@64C tj@64C soc1@61.531C VDD_IN 17850mW/16722mW VDD_CPU_GPU_CV 8744mW/7811mW VDD_SOC 3995mW/3852mW
08-11-2026 15:49:38 RAM 7199/7607MB (lfb 10x2MB) SWAP 1150/16384MB (cached 149MB) CPU [1%@729,7%@729,2%@729,2%@729,81%@1344,0%@1344] GR3D_FREQ 98% cpu@62.781C soc2@61.75C soc0@62.437C gpu@64.125C tj@64.125C soc1@61.531C VDD_IN 17615mW/16733mW VDD_CPU_GPU_CV 8471mW/7819mW VDD_SOC 4001mW/3854mW
08-11-2026 15:49:39 RAM 7199/7607MB (lfb 10x2MB) SWAP 1150/16384MB (cached 149MB) CPU [2%@729,5%@729,2%@729,2%@729,83%@1344,0%@1344] GR3D_FREQ 98% cpu@62.531C soc2@61.75C soc0@62.531C gpu@64.156C tj@64.156C soc1@61.562C VDD_IN 17536mW/16743mW VDD_CPU_GPU_CV 8315mW/7825mW VDD_SOC 4040mW/3856mW
08-11-2026 15:49:40 RAM 7200/7607MB (lfb 10x2MB) SWAP 1150/16384MB (cached 149MB) CPU [2%@729,2%@729,2%@729,4%@729,87%@1344,0%@1344] GR3D_FREQ 98% cpu@62.812C soc2@61.843C soc0@62.5C gpu@64.218C tj@64.218C soc1@61.781C VDD_IN 17732mW/16754mW VDD_CPU_GPU_CV 8393mW/7832mW VDD_SOC 4073mW/3859mW
08-11-2026 15:49:41 RAM 7201/7607MB (lfb 10x2MB) SWAP 1150/16384MB (cached 149MB) CPU [2%@729,5%@729,0%@729,1%@729,84%@1344,0%@1344] GR3D_FREQ 98% cpu@62.531C soc2@62C soc0@62.593C gpu@64.187C tj@64.187C soc1@61.468C VDD_IN 17693mW/16765mW VDD_CPU_GPU_CV 8198mW/7836mW VDD_SOC 4151mW/3862mW
08-11-2026 15:49:42 RAM 7201/7607MB (lfb 10x2MB) SWAP 1150/16384MB (cached 149MB) CPU [3%@729,12%@729,5%@729,7%@729,81%@1344,0%@1344] GR3D_FREQ 98% cpu@62.875C soc2@61.937C soc0@62.531C gpu@64.187C tj@64.187C soc1@61.5C VDD_IN 17654mW/16776mW VDD_CPU_GPU_CV 8042mW/7839mW VDD_SOC 4190mW/3866mW
08-11-2026 15:49:43 RAM 7203/7607MB (lfb 10x2MB) SWAP 1150/16384MB (cached 149MB) CPU [4%@729,10%@729,3%@729,5%@729,84%@1344,0%@1344] GR3D_FREQ 98% cpu@62.906C soc2@61.937C soc0@62.5C gpu@63.937C tj@63.937C soc1@61.593C VDD_IN 17732mW/16787mW VDD_CPU_GPU_CV 7886mW/7839mW VDD_SOC 4308mW/3871mW
08-11-2026 15:49:44 RAM 7203/7607MB (lfb 10x2MB) SWAP 1150/16384MB (cached 149MB) CPU [3%@729,1%@729,3%@729,3%@729,86%@1344,0%@1344] GR3D_FREQ 99% cpu@63C soc2@62C soc0@62.593C gpu@63.437C tj@63.437C soc1@61.718C VDD_IN 17615mW/16796mW VDD_CPU_GPU_CV 7768mW/7839mW VDD_SOC 4308mW/3876mW
08-11-2026 15:49:45 RAM 7204/7607MB (lfb 10x2MB) SWAP 1150/16384MB (cached 149MB) CPU [3%@729,4%@729,2%@729,4%@729,86%@1344,0%@1344] GR3D_FREQ 99% cpu@62.781C soc2@62.093C soc0@62.875C gpu@63.906C tj@63.906C soc1@61.781C VDD_IN 17615mW/16805mW VDD_CPU_GPU_CV 8237mW/7843mW VDD_SOC 4151mW/3879mW
08-11-2026 15:49:46 RAM 7204/7607MB (lfb 10x2MB) SWAP 1150/16384MB (cached 149MB) CPU [6%@729,2%@729,2%@729,5%@729,86%@1344,0%@1344] GR3D_FREQ 99% cpu@62.843C soc2@62.093C soc0@62.75C gpu@64.156C tj@64.156C soc1@61.656C VDD_IN 17772mW/16816mW VDD_CPU_GPU_CV 8432mW/7850mW VDD_SOC 4112mW/3882mW
08-11-2026 15:49:47 RAM 7204/7607MB (lfb 10x2MB) SWAP 1150/16384MB (cached 149MB) CPU [3%@729,3%@729,2%@729,5%@729,89%@729,0%@729] GR3D_FREQ 99% cpu@62.718C soc2@61.968C soc0@62.593C gpu@64.093C tj@64.187C soc1@61.75C VDD_IN 17497mW/16824mW VDD_CPU_GPU_CV 8354mW/7855mW VDD_SOC 4040mW/3884mW
08-11-2026 15:49:48 RAM 7205/7607MB (lfb 10x2MB) SWAP 1150/16384MB (cached 149MB) CPU [9%@729,5%@729,16%@729,5%@729,91%@1267,0%@1267] GR3D_FREQ 99% cpu@62.937C soc2@62C soc0@62.593C gpu@64.406C tj@64.406C soc1@61.812C VDD_IN 17772mW/16834mW VDD_CPU_GPU_CV 8666mW/7864mW VDD_SOC 3995mW/3885mW
08-11-2026 15:49:49 RAM 7206/7607MB (lfb 10x2MB) SWAP 1150/16384MB (cached 149MB) CPU [6%@729,3%@729,1%@729,1%@729,91%@1344,0%@1344] GR3D_FREQ 98% cpu@62.687C soc2@62.093C soc0@62.781C gpu@64.437C tj@64.437C soc1@61.875C VDD_IN 17850mW/16845mW VDD_CPU_GPU_CV 8823mW/7874mW VDD_SOC 3955mW/3886mW
08-11-2026 15:49:50 RAM 7206/7607MB (lfb 10x2MB) SWAP 1150/16384MB (cached 149MB) CPU [4%@1344,82%@1344,0%@1344,2%@1344,1%@729,0%@729] GR3D_FREQ 99% cpu@63C soc2@62.125C soc0@62.812C gpu@64.625C tj@64.625C soc1@61.656C VDD_IN 17693mW/16854mW VDD_CPU_GPU_CV 8666mW/7883mW VDD_SOC 3955mW/3886mW
08-11-2026 15:49:51 RAM 7206/7607MB (lfb 10x2MB) SWAP 1150/16384MB (cached 149MB) CPU [3%@1344,86%@1344,1%@1344,4%@1344,0%@729,0%@729] GR3D_FREQ 98% cpu@62.906C soc2@62.156C soc0@62.718C gpu@64.718C tj@64.718C soc1@61.75C VDD_IN 17811mW/16864mW VDD_CPU_GPU_CV 8744mW/7892mW VDD_SOC 3955mW/3887mW
08-11-2026 15:49:52 RAM 7207/7607MB (lfb 10x2MB) SWAP 1150/16384MB (cached 149MB) CPU [5%@1344,86%@1344,2%@1344,2%@1344,0%@729,0%@729] GR3D_FREQ 98% cpu@63C soc2@62.125C soc0@62.75C gpu@64.687C tj@64.687C soc1@61.843C VDD_IN 17811mW/16874mW VDD_CPU_GPU_CV 8666mW/7900mW VDD_SOC 3995mW/3888mW
08-11-2026 15:49:53 RAM 7205/7607MB (lfb 10x2MB) SWAP 1150/16384MB (cached 149MB) CPU [7%@1344,32%@1344,70%@1344,6%@1344,0%@729,0%@729] GR3D_FREQ 97% cpu@63.468C soc2@62.156C soc0@62.843C gpu@64.437C tj@64.437C soc1@61.906C VDD_IN 17811mW/16883mW VDD_CPU_GPU_CV 8627mW/7907mW VDD_SOC 3995mW/3889mW
08-11-2026 15:49:54 RAM 7205/7607MB (lfb 10x2MB) SWAP 1150/16384MB (cached 149MB) CPU [2%@1344,4%@1344,85%@1344,2%@1344,0%@729,0%@729] GR3D_FREQ 98% cpu@63.093C soc2@62.125C soc0@62.875C gpu@64.531C tj@64.531C soc1@61.937C VDD_IN 17811mW/16893mW VDD_CPU_GPU_CV 8549mW/7914mW VDD_SOC 4034mW/3891mW
08-11-2026 15:49:55 RAM 7206/7607MB (lfb 10x2MB) SWAP 1150/16384MB (cached 149MB) CPU [2%@1344,2%@1344,85%@1344,2%@1344,0%@729,0%@729] GR3D_FREQ 99% cpu@63.312C soc2@62.156C soc0@62.875C gpu@64.343C tj@64.343C soc1@61.75C VDD_IN 17732mW/16901mW VDD_CPU_GPU_CV 8432mW/7919mW VDD_SOC 4073mW/3893mW
08-11-2026 15:49:56 RAM 7206/7607MB (lfb 10x2MB) SWAP 1150/16384MB (cached 149MB) CPU [2%@1344,4%@1344,85%@1344,3%@1344,0%@729,0%@729] GR3D_FREQ 98% cpu@63.281C soc2@62.156C soc0@62.812C gpu@64.593C tj@64.593C soc1@61.812C VDD_IN 17772mW/16910mW VDD_CPU_GPU_CV 8393mW/7924mW VDD_SOC 4112mW/3895mW
08-11-2026 15:49:57 RAM 7207/7607MB (lfb 10x2MB) SWAP 1150/16384MB (cached 149MB) CPU [7%@1344,0%@1344,83%@1344,2%@1344,2%@729,2%@729] GR3D_FREQ 99% cpu@63.343C soc2@62.156C soc0@62.875C gpu@64.468C tj@64.468C soc1@61.968C VDD_IN 17575mW/16917mW VDD_CPU_GPU_CV 8081mW/7925mW VDD_SOC 4151mW/3897mW
08-11-2026 15:49:58 RAM 7207/7607MB (lfb 10x2MB) SWAP 1150/16384MB (cached 149MB) CPU [7%@1344,8%@1344,83%@1344,4%@1344,11%@729,2%@729] GR3D_FREQ 98% cpu@63.437C soc2@62.187C soc0@62.906C gpu@64.406C tj@64.406C soc1@61.937C VDD_IN 17536mW/16923mW VDD_CPU_GPU_CV 7925mW/7925mW VDD_SOC 4190mW/3900mW
08-11-2026 15:49:59 RAM 7208/7607MB (lfb 10x2MB) SWAP 1150/16384MB (cached 149MB) CPU [2%@1344,4%@1344,84%@1344,0%@1344,2%@729,2%@729] GR3D_FREQ 99% cpu@63.187C soc2@62.312C soc0@63.062C gpu@64.312C tj@64.312C soc1@62.031C VDD_IN 17486mW/16928mW VDD_CPU_GPU_CV 7651mW/7923mW VDD_SOC 4315mW/3904mW
08-11-2026 15:50:00 RAM 7208/7607MB (lfb 10x2MB) SWAP 1150/16384MB (cached 149MB) CPU [2%@1344,2%@1344,86%@1344,1%@1344,2%@729,4%@729] GR3D_FREQ 99% cpu@63.281C soc2@62.375C soc0@62.968C gpu@64.125C tj@64.375C soc1@61.875C VDD_IN 17615mW/16935mW VDD_CPU_GPU_CV 8003mW/7924mW VDD_SOC 4230mW/3907mW
08-11-2026 15:50:01 RAM 7209/7607MB (lfb 10x2MB) SWAP 1150/16384MB (cached 149MB) CPU [1%@1344,2%@1344,86%@1344,2%@1344,1%@729,3%@729] GR3D_FREQ 99% cpu@63.156C soc2@62.218C soc0@63.062C gpu@64.875C tj@64.875C soc1@61.875C VDD_IN 17654mW/16942mW VDD_CPU_GPU_CV 8432mW/7928mW VDD_SOC 4073mW/3909mW
08-11-2026 15:50:02 RAM 7209/7607MB (lfb 10x2MB) SWAP 1150/16384MB (cached 149MB) CPU [3%@729,2%@729,86%@729,1%@729,1%@729,0%@729] GR3D_FREQ 99% cpu@63.062C soc2@62.343C soc0@62.968C gpu@64.656C tj@64.656C soc1@61.906C VDD_IN 17772mW/16949mW VDD_CPU_GPU_CV 8588mW/7935mW VDD_SOC 4073mW/3910mW
08-11-2026 15:50:03 RAM 7210/7607MB (lfb 10x2MB) SWAP 1150/16384MB (cached 149MB) CPU [10%@729,6%@729,57%@729,10%@729,39%@806,0%@806] GR3D_FREQ 99% cpu@63.218C soc2@62.281C soc0@62.937C gpu@64.406C tj@64.406C soc1@61.968C VDD_IN 17732mW/16957mW VDD_CPU_GPU_CV 8588mW/7941mW VDD_SOC 3995mW/3911mW
08-11-2026 15:50:04 RAM 7211/7607MB (lfb 10x2MB) SWAP 1150/16384MB (cached 149MB) CPU [5%@729,1%@729,1%@729,2%@729,91%@1344,1%@1344] GR3D_FREQ 99% cpu@63.031C soc2@62.312C soc0@63.031C gpu@64.531C tj@64.531C soc1@62.031C VDD_IN 17850mW/16965mW VDD_CPU_GPU_CV 8784mW/7948mW VDD_SOC 3995mW/3912mW
08-11-2026 15:50:05 RAM 7211/7607MB (lfb 10x2MB) SWAP 1150/16384MB (cached 149MB) CPU [1%@729,4%@729,2%@729,2%@729,88%@1344,3%@1344] GR3D_FREQ 98% cpu@63.062C soc2@62.312C soc0@63.093C gpu@64.562C tj@64.562C soc1@61.875C VDD_IN 17811mW/16973mW VDD_CPU_GPU_CV 8784mW/7956mW VDD_SOC 3955mW/3912mW
08-11-2026 15:50:06 RAM 7212/7607MB (lfb 10x2MB) SWAP 1150/16384MB (cached 149MB) CPU [1%@729,1%@729,2%@729,2%@729,85%@1344,2%@1344] GR3D_FREQ 99% cpu@63.125C soc2@62.218C soc0@63C gpu@64.468C tj@64.468C soc1@62C VDD_IN 17772mW/16980mW VDD_CPU_GPU_CV 8705mW/7963mW VDD_SOC 3955mW/3913mW
08-11-2026 15:50:07 RAM 7212/7607MB (lfb 10x2MB) SWAP 1150/16384MB (cached 149MB) CPU [5%@729,2%@729,3%@729,3%@729,86%@1344,0%@1344] GR3D_FREQ 98% cpu@63.062C soc2@62.312C soc0@62.937C gpu@64.843C tj@64.843C soc1@62C VDD_IN 17811mW/16988mW VDD_CPU_GPU_CV 8705mW/7970mW VDD_SOC 3995mW/3913mW
08-11-2026 15:50:08 RAM 7214/7607MB (lfb 10x2MB) SWAP 1150/16384MB (cached 149MB) CPU [6%@729,16%@729,10%@729,7%@729,86%@1344,0%@1344] GR3D_FREQ 98% cpu@63.25C soc2@62.312C soc0@63.062C gpu@64.906C tj@64.906C soc1@62.125C VDD_IN 18007mW/16997mW VDD_CPU_GPU_CV 8823mW/7977mW VDD_SOC 4034mW/3915mW
08-11-2026 15:50:09 RAM 7214/7607MB (lfb 10x2MB) SWAP 1150/16384MB (cached 149MB) CPU [3%@729,3%@729,4%@729,2%@729,85%@1344,0%@1344] GR3D_FREQ 98% cpu@63.062C soc2@62.406C soc0@63.093C gpu@64.781C tj@64.781C soc1@62.156C VDD_IN 17811mW/17004mW VDD_CPU_GPU_CV 8666mW/7983mW VDD_SOC 3995mW/3915mW
08-11-2026 15:50:10 RAM 7215/7607MB (lfb 10x2MB) SWAP 1150/16384MB (cached 149MB) CPU [2%@729,1%@729,4%@729,2%@729,81%@1344,0%@1344] GR3D_FREQ 98% cpu@63.156C soc2@62.406C soc0@63.093C gpu@64.812C tj@64.812C soc1@62.031C VDD_IN 17693mW/17010mW VDD_CPU_GPU_CV 8432mW/7987mW VDD_SOC 4034mW/3916mW
08-11-2026 15:50:11 RAM 7215/7607MB (lfb 10x2MB) SWAP 1150/16384MB (cached 149MB) CPU [2%@729,3%@729,4%@729,3%@729,85%@1344,0%@1344] GR3D_FREQ 98% cpu@63.218C soc2@62.375C soc0@63.062C gpu@64.906C tj@64.625C soc1@62.125C VDD_IN 17811mW/17017mW VDD_CPU_GPU_CV 8432mW/7991mW VDD_SOC 4073mW/3918mW
08-11-2026 15:50:12 RAM 7215/7607MB (lfb 10x2MB) SWAP 1150/16384MB (cached 149MB) CPU [5%@1344,4%@1344,0%@1344,43%@1344,46%@729,0%@729] GR3D_FREQ 98% cpu@63.375C soc2@62.375C soc0@63.125C gpu@64.718C tj@64.718C soc1@62.125C VDD_IN 17850mW/17024mW VDD_CPU_GPU_CV 8354mW/7994mW VDD_SOC 4151mW/3920mW
08-11-2026 15:50:13 RAM 7217/7607MB (lfb 10x2MB) SWAP 1150/16384MB (cached 149MB) CPU [7%@1344,7%@1344,11%@1344,86%@1344,6%@729,1%@729] GR3D_FREQ 98% cpu@63.562C soc2@62.468C soc0@63.156C gpu@64.781C tj@64.781C soc1@62.25C VDD_IN 18007mW/17032mW VDD_CPU_GPU_CV 8393mW/7998mW VDD_SOC 4190mW/3922mW
08-11-2026 15:50:14 RAM 7217/7607MB (lfb 10x2MB) SWAP 1150/16384MB (cached 149MB) CPU [2%@1344,2%@1344,2%@1344,86%@1344,1%@729,1%@729] GR3D_FREQ 98% cpu@63.312C soc2@62.531C soc0@63.187C gpu@64.781C tj@64.781C soc1@62.281C VDD_IN 17811mW/17039mW VDD_CPU_GPU_CV 8159mW/7999mW VDD_SOC 4230mW/3925mW
08-11-2026 15:50:15 RAM 7217/7607MB (lfb 10x2MB) SWAP 1150/16384MB (cached 149MB) CPU [1%@1344,1%@1344,2%@1344,86%@1344,3%@729,0%@729] GR3D_FREQ 98% cpu@63.437C soc2@62.5C soc0@63.187C gpu@64.75C tj@64.75C soc1@62.125C VDD_IN 17772mW/17045mW VDD_CPU_GPU_CV 8003mW/7999mW VDD_SOC 4269mW/3928mW
08-11-2026 15:50:16 RAM 7217/7607MB (lfb 10x2MB) SWAP 1150/16384MB (cached 149MB) CPU [4%@1344,1%@1344,2%@1344,86%@1344,1%@729,0%@729] GR3D_FREQ 99% cpu@63.5C soc2@62.437C soc0@63.093C gpu@64.437C tj@64.437C soc1@62.125C VDD_IN 17732mW/17051mW VDD_CPU_GPU_CV 7808mW/7998mW VDD_SOC 4347mW/3931mW
08-11-2026 15:50:17 RAM 7217/7607MB (lfb 10x2MB) SWAP 1150/16384MB (cached 149MB) CPU [2%@1344,11%@1344,0%@1344,75%@1344,0%@729,2%@729] GR3D_FREQ 99% cpu@63.562C soc2@62.437C soc0@63.031C gpu@64.5C tj@64.5C soc1@62.187C VDD_IN 17408mW/17054mW VDD_CPU_GPU_CV 8042mW/7998mW VDD_SOC 4119mW/3933mW
08-11-2026 15:50:18 RAM 7218/7607MB (lfb 10x2MB) SWAP 1150/16384MB (cached 149MB) CPU [5%@1344,90%@1344,9%@1344,7%@1344,0%@729,0%@729] GR3D_FREQ 99% cpu@63.718C soc2@62.593C soc0@63.093C gpu@64.781C tj@64.781C soc1@62.218C VDD_IN 17968mW/17061mW VDD_CPU_GPU_CV 8666mW/8003mW VDD_SOC 4073mW/3934mW
08-11-2026 15:50:19 RAM 7218/7607MB (lfb 10x2MB) SWAP 1150/16384MB (cached 149MB) CPU [2%@729,1%@729,2%@729,88%@729,6%@729,1%@729] GR3D_FREQ 99% cpu@63.468C soc2@62.5C soc0@63.218C gpu@64.812C tj@64.812C soc1@62.343C VDD_IN 17133mW/17062mW VDD_CPU_GPU_CV 8133mW/8004mW VDD_SOC 3962mW/3934mW
08-11-2026 15:50:20 RAM 7218/7607MB (lfb 10x2MB) SWAP 1150/16384MB (cached 149MB) CPU [2%@1344,2%@1344,2%@1344,91%@1344,3%@729,0%@729] GR3D_FREQ 99% cpu@63.312C soc2@62.531C soc0@63.312C gpu@65.125C tj@65.125C soc1@62.218C VDD_IN 17772mW/17068mW VDD_CPU_GPU_CV 8705mW/8010mW VDD_SOC 3995mW/3934mW
08-11-2026 15:50:21 RAM 7218/7607MB (lfb 10x2MB) SWAP 1150/16384MB (cached 149MB) CPU [1%@1344,3%@1344,4%@1344,90%@1344,0%@729,0%@729] GR3D_FREQ 98% cpu@63.531C soc2@62.531C soc0@63.187C gpu@65.25C tj@65.25C soc1@62.25C VDD_IN 17889mW/17074mW VDD_CPU_GPU_CV 8862mW/8017mW VDD_SOC 3955mW/3935mW
08-11-2026 15:50:22 RAM 7218/7607MB (lfb 10x2MB) SWAP 1150/16384MB (cached 149MB) CPU [1%@1344,3%@1344,2%@1344,87%@1344,0%@729,0%@729] GR3D_FREQ 98% cpu@63.5C soc2@62.593C soc0@63.093C gpu@65.218C tj@65.218C soc1@62.187C VDD_IN 17889mW/17081mW VDD_CPU_GPU_CV 8823mW/8023mW VDD_SOC 3955mW/3935mW
08-11-2026 15:50:23 RAM 7218/7607MB (lfb 10x2MB) SWAP 1150/16384MB (cached 149MB) CPU [12%@1344,3%@1344,4%@1344,84%@1344,0%@729,0%@729] GR3D_FREQ 98% cpu@63.937C soc2@62.656C soc0@63.125C gpu@65.281C tj@65.281C soc1@62.218C VDD_IN 17968mW/17088mW VDD_CPU_GPU_CV 8901mW/8030mW VDD_SOC 3955mW/3935mW
08-11-2026 15:50:24 RAM 7218/7607MB (lfb 10x2MB) SWAP 1150/16384MB (cached 149MB) CPU [7%@1344,5%@1344,1%@1344,85%@1344,1%@729,1%@729] GR3D_FREQ 98% cpu@63.468C soc2@62.562C soc0@63.156C gpu@65.281C tj@65.281C soc1@62.375C VDD_IN 17811mW/17093mW VDD_CPU_GPU_CV 8705mW/8035mW VDD_SOC 3995mW/3935mW
08-11-2026 15:50:25 RAM 7218/7607MB (lfb 10x2MB) SWAP 1150/16384MB (cached 149MB) CPU [3%@1344,0%@1344,2%@1344,86%@1344,1%@729,3%@729] GR3D_FREQ 98% cpu@63.531C soc2@62.593C soc0@63.312C gpu@64.937C tj@64.937C soc1@62.218C VDD_IN 17850mW/17099mW VDD_CPU_GPU_CV 8666mW/8040mW VDD_SOC 4034mW/3936mW
08-11-2026 15:50:26 RAM 7218/7607MB (lfb 10x2MB) SWAP 1150/16384MB (cached 149MB) CPU [1%@1344,1%@1344,1%@1344,85%@1344,3%@729,0%@729] GR3D_FREQ 98% cpu@63.656C soc2@62.562C soc0@63.281C gpu@65.062C tj@65.062C soc1@62.187C VDD_IN 17889mW/17105mW VDD_CPU_GPU_CV 8666mW/8045mW VDD_SOC 4034mW/3937mW
08-11-2026 15:50:27 RAM 7218/7607MB (lfb 10x2MB) SWAP 1150/16384MB (cached 149MB) CPU [2%@1344,1%@1344,3%@1344,87%@1344,0%@729,0%@729] GR3D_FREQ 98% cpu@63.562C soc2@62.625C soc0@63.25C gpu@65.031C tj@65.031C soc1@62.25C VDD_IN 17772mW/17110mW VDD_CPU_GPU_CV 8510mW/8049mW VDD_SOC 4073mW/3938mW
08-11-2026 15:50:28 RAM 7219/7607MB (lfb 10x2MB) SWAP 1149/16384MB (cached 149MB) CPU [51%@1344,3%@1344,2%@1344,40%@1344,0%@729,0%@729] GR3D_FREQ 97% cpu@63.562C soc2@62.656C soc0@63.218C gpu@64.937C tj@64.937C soc1@62.312C VDD_IN 17772mW/17115mW VDD_CPU_GPU_CV 8432mW/8052mW VDD_SOC 4112mW/3939mW
08-11-2026 15:50:29 RAM 7221/7607MB (lfb 10x2MB) SWAP 1149/16384MB (cached 149MB) CPU [12%@729,8%@729,14%@729,6%@729,42%@1344,41%@1344] GR3D_FREQ 98% cpu@63.75C soc2@62.593C soc0@63.281C gpu@65.125C tj@65.125C soc1@62.312C VDD_IN 17889mW/17121mW VDD_CPU_GPU_CV 8471mW/8055mW VDD_SOC 4151mW/3941mW
08-11-2026 15:50:30 RAM 7222/7607MB (lfb 10x2MB) SWAP 1149/16384MB (cached 149MB) CPU [5%@729,2%@729,1%@729,6%@729,0%@1344,86%@1344] GR3D_FREQ 98% cpu@63.375C soc2@62.593C soc0@63.312C gpu@65.031C tj@65.031C soc1@62.281C VDD_IN 17772mW/17126mW VDD_CPU_GPU_CV 8237mW/8056mW VDD_SOC 4190mW/3943mW
08-11-2026 15:50:31 RAM 7221/7607MB (lfb 9x2MB) SWAP 1148/16384MB (cached 149MB) CPU [5%@1036,6%@1036,8%@1036,7%@1036,1%@1344,83%@1344] GR3D_FREQ 98% cpu@63.593C soc2@62.531C soc0@63.406C gpu@64.906C tj@64.906C soc1@62.218C VDD_IN 17732mW/17131mW VDD_CPU_GPU_CV 8042mW/8056mW VDD_SOC 4230mW/3945mW
08-11-2026 15:50:32 RAM 7214/7607MB (lfb 9x2MB) SWAP 1150/16384MB (cached 146MB) CPU [74%@1344,31%@1344,20%@1344,5%@1344,9%@1344,86%@1344] GR3D_FREQ 99% cpu@63.812C soc2@62.687C soc0@63.218C gpu@64.781C tj@64.781C soc1@62.312C VDD_IN 18360mW/17140mW VDD_CPU_GPU_CV 8393mW/8058mW VDD_SOC 4347mW/3948mW
08-11-2026 15:50:33 RAM 7210/7607MB (lfb 9x2MB) SWAP 1154/16384MB (cached 148MB) CPU [5%@1344,47%@1344,44%@1344,10%@1344,9%@1344,84%@1344] GR3D_FREQ 99% cpu@64C soc2@62.593C soc0@63.281C gpu@64.375C tj@64.375C soc1@62.406C VDD_IN 18007mW/17146mW VDD_CPU_GPU_CV 8510mW/8062mW VDD_SOC 4190mW/3950mW
08-11-2026 15:50:34 RAM 7212/7607MB (lfb 9x2MB) SWAP 1154/16384MB (cached 148MB) CPU [34%@729,9%@729,47%@729,8%@729,0%@1344,86%@1344] GR3D_FREQ 99% cpu@63.75C soc2@62.75C soc0@63.218C gpu@64.968C tj@64.968C soc1@62.437C VDD_IN 18085mW/17153mW VDD_CPU_GPU_CV 8744mW/8067mW VDD_SOC 4112mW/3951mW
08-11-2026 15:50:35 RAM 7212/7607MB (lfb 9x2MB) SWAP 1154/16384MB (cached 148MB) CPU [2%@729,2%@729,1%@729,4%@729,1%@729,88%@729] GR3D_FREQ 99% cpu@63.406C soc2@62.593C soc0@63.343C gpu@64.781C tj@64.781C soc1@62.25C VDD_IN 17575mW/17156mW VDD_CPU_GPU_CV 8354mW/8069mW VDD_SOC 4034mW/3951mW
08-11-2026 15:50:36 RAM 7213/7607MB (lfb 9x2MB) SWAP 1154/16384MB (cached 148MB) CPU [2%@729,2%@729,4%@729,3%@729,0%@729,91%@729] GR3D_FREQ 99% cpu@63.406C soc2@62.656C soc0@63.343C gpu@64.781C tj@64.781C soc1@62.312C VDD_IN 17772mW/17160mW VDD_CPU_GPU_CV 8627mW/8073mW VDD_SOC 3995mW/3952mW
08-11-2026 15:50:37 RAM 7214/7607MB (lfb 9x2MB) SWAP 1154/16384MB (cached 148MB) CPU [28%@1344,6%@1344,6%@1344,2%@1344,0%@1344,91%@1344] GR3D_FREQ 98% cpu@63.718C soc2@62.718C soc0@63.125C gpu@65C tj@65C soc1@62.218C VDD_IN 18203mW/17168mW VDD_CPU_GPU_CV 9120mW/8080mW VDD_SOC 3955mW/3952mW
08-11-2026 15:50:38 RAM 7215/7607MB (lfb 9x2MB) SWAP 1154/16384MB (cached 148MB) CPU [59%@729,7%@729,2%@729,2%@729,0%@1344,85%@1344] GR3D_FREQ 98% cpu@63.593C soc2@62.656C soc0@63.281C gpu@65.156C tj@65.156C soc1@62.375C VDD_IN 18007mW/17173mW VDD_CPU_GPU_CV 8925mW/8086mW VDD_SOC 3955mW/3952mW
08-11-2026 15:50:39 RAM 7213/7607MB (lfb 9x2MB) SWAP 1154/16384MB (cached 148MB) CPU [4%@729,20%@729,6%@729,11%@729,2%@1344,83%@1344] GR3D_FREQ 98% cpu@63.718C soc2@62.75C soc0@63.375C gpu@65.218C tj@65.218C soc1@62.437C VDD_IN 17889mW/17179mW VDD_CPU_GPU_CV 8823mW/8091mW VDD_SOC 3995mW/3952mW
08-11-2026 15:50:40 RAM 7214/7607MB (lfb 9x2MB) SWAP 1154/16384MB (cached 148MB) CPU [6%@729,1%@729,2%@729,4%@729,0%@1344,85%@1344] GR3D_FREQ 98% cpu@63.468C soc2@62.718C soc0@63.437C gpu@65.218C tj@65.218C soc1@62.312C VDD_IN 17850mW/17183mW VDD_CPU_GPU_CV 8666mW/8095mW VDD_SOC 3995mW/3952mW
08-11-2026 15:50:41 RAM 7214/7607MB (lfb 9x2MB) SWAP 1154/16384MB (cached 148MB) CPU [5%@1344,4%@1344,7%@1344,1%@1344,0%@1344,85%@1344] GR3D_FREQ 97% cpu@63.687C soc2@62.625C soc0@63.281C gpu@65.187C tj@65.187C soc1@62.312C VDD_IN 17889mW/17188mW VDD_CPU_GPU_CV 8666mW/8099mW VDD_SOC 4034mW/3953mW
08-11-2026 15:50:42 RAM 7214/7607MB (lfb 9x2MB) SWAP 1154/16384MB (cached 148MB) CPU [2%@729,3%@729,3%@729,2%@729,0%@1344,85%@1344] GR3D_FREQ 98% cpu@63.656C soc2@62.562C soc0@63.218C gpu@65.218C tj@65.218C soc1@62.281C VDD_IN 17772mW/17192mW VDD_CPU_GPU_CV 8588mW/8103mW VDD_SOC 4034mW/3953mW
08-11-2026 15:50:43 RAM 7217/7607MB (lfb 9x2MB) SWAP 1154/16384MB (cached 148MB) CPU [4%@1344,40%@1344,3%@1344,8%@1344,0%@1344,84%@1344] GR3D_FREQ 98% cpu@63.625C soc2@62.718C soc0@63.312C gpu@64.968C tj@64.968C soc1@62.437C VDD_IN 18125mW/17198mW VDD_CPU_GPU_CV 8769mW/8107mW VDD_SOC 4112mW/3955mW
08-11-2026 15:50:44 RAM 7219/7607MB (lfb 9x2MB) SWAP 1154/16384MB (cached 148MB) CPU [10%@729,43%@729,21%@729,9%@729,0%@1344,85%@1344] GR3D_FREQ 98% cpu@63.843C soc2@62.625C soc0@63.343C gpu@65.031C tj@65.031C soc1@62.468C VDD_IN 18085mW/17204mW VDD_CPU_GPU_CV 8627mW/8111mW VDD_SOC 4112mW/3956mW
08-11-2026 15:50:45 RAM 7220/7607MB (lfb 9x2MB) SWAP 1154/16384MB (cached 148MB) CPU [4%@729,2%@729,3%@729,2%@729,0%@1344,85%@1344] GR3D_FREQ 98% cpu@63.531C soc2@62.625C soc0@63.5C gpu@64.937C tj@64.937C soc1@62.312C VDD_IN 17772mW/17208mW VDD_CPU_GPU_CV 8276mW/8112mW VDD_SOC 4151mW/3957mW
08-11-2026 15:50:46 RAM 7220/7607MB (lfb 9x2MB) SWAP 1154/16384MB (cached 148MB) CPU [0%@729,3%@729,2%@729,4%@729,0%@1344,87%@1344] GR3D_FREQ 97% cpu@63.562C soc2@62.593C soc0@63.281C gpu@64.968C tj@64.968C soc1@62.312C VDD_IN 17732mW/17212mW VDD_CPU_GPU_CV 8159mW/8112mW VDD_SOC 4190mW/3958mW
08-11-2026 15:50:47 RAM 7220/7607MB (lfb 9x2MB) SWAP 1154/16384MB (cached 147MB) CPU [2%@729,3%@729,0%@729,3%@729,3%@1344,85%@1344] GR3D_FREQ 98% cpu@63.875C soc2@62.593C soc0@63.312C gpu@64.968C tj@64.968C soc1@62.375C VDD_IN 17889mW/17216mW VDD_CPU_GPU_CV 8120mW/8112mW VDD_SOC 4269mW/3960mW
08-11-2026 15:50:48 RAM 7220/7607MB (lfb 9x2MB) SWAP 1154/16384MB (cached 147MB) CPU [3%@729,2%@729,1%@729,5%@729,0%@1344,83%@1344] GR3D_FREQ 99% cpu@63.75C soc2@62.718C soc0@63.343C gpu@64.531C tj@64.531C soc1@62.531C VDD_IN 17419mW/17217mW VDD_CPU_GPU_CV 7625mW/8109mW VDD_SOC 4315mW/3963mW
08-11-2026 15:50:49 RAM 7224/7607MB (lfb 9x2MB) SWAP 1154/16384MB (cached 147MB) CPU [23%@1344,6%@1344,18%@1344,14%@1344,33%@1344,84%@1344] GR3D_FREQ 99% cpu@64.031C soc2@62.781C soc0@63.406C gpu@65.031C tj@64.843C soc1@62.406C VDD_IN 18164mW/17224mW VDD_CPU_GPU_CV 8784mW/8113mW VDD_SOC 4112mW/3964mW
08-11-2026 15:50:50 RAM 7224/7607MB (lfb 9x2MB) SWAP 1154/16384MB (cached 147MB) CPU [23%@729,20%@729,4%@729,4%@729,0%@729,85%@729] GR3D_FREQ 99% cpu@63.437C soc2@62.812C soc0@63.437C gpu@65.031C tj@65.031C soc1@62.312C VDD_IN 18007mW/17229mW VDD_CPU_GPU_CV 8666mW/8117mW VDD_SOC 4112mW/3965mW
08-11-2026 15:50:51 RAM 7225/7607MB (lfb 9x2MB) SWAP 1154/16384MB (cached 147MB) CPU [3%@729,0%@729,4%@729,2%@729,0%@729,92%@729] GR3D_FREQ 99% cpu@63.562C soc2@62.687C soc0@63.281C gpu@64.843C tj@64.843C soc1@62.406C VDD_IN 17654mW/17232mW VDD_CPU_GPU_CV 8510mW/8119mW VDD_SOC 4034mW/3965mW
08-11-2026 15:50:52 RAM 7227/7607MB (lfb 9x2MB) SWAP 1154/16384MB (cached 148MB) CPU [6%@729,7%@729,6%@729,5%@729,0%@1344,91%@1344] GR3D_FREQ 98% cpu@63.812C soc2@62.718C soc0@63.406C gpu@65.062C tj@65.062C soc1@62.406C VDD_IN 18046mW/17237mW VDD_CPU_GPU_CV 8925mW/8125mW VDD_SOC 3995mW/3965mW
08-11-2026 15:50:53 RAM 7227/7607MB (lfb 9x2MB) SWAP 1154/16384MB (cached 147MB) CPU [4%@729,6%@729,4%@729,5%@729,2%@1344,88%@1344] GR3D_FREQ 98% cpu@63.5C soc2@62.718C soc0@63.406C gpu@65.031C tj@65.031C soc1@62.5C VDD_IN 17929mW/17241mW VDD_CPU_GPU_CV 8862mW/8129mW VDD_SOC 3955mW/3965mW
08-11-2026 15:50:54 RAM 7230/7607MB (lfb 9x2MB) SWAP 1154/16384MB (cached 147MB) CPU [9%@729,7%@729,15%@729,6%@729,0%@1344,87%@1344] GR3D_FREQ 98% cpu@63.593C soc2@62.687C soc0@63.437C gpu@65.187C tj@65.187C soc1@62.343C VDD_IN 18046mW/17246mW VDD_CPU_GPU_CV 8925mW/8134mW VDD_SOC 3995mW/3966mW
08-11-2026 15:50:55 RAM 7233/7607MB (lfb 9x2MB) SWAP 1154/16384MB (cached 147MB) CPU [68%@1344,4%@1344,9%@1344,6%@1344,0%@1344,86%@1344] GR3D_FREQ 98% cpu@63.687C soc2@62.843C soc0@63.5C gpu@65.281C tj@65.281C soc1@62.375C VDD_IN 18399mW/17253mW VDD_CPU_GPU_CV 9237mW/8141mW VDD_SOC 3995mW/3966mW
08-11-2026 15:50:56 RAM 7234/7607MB (lfb 9x2MB) SWAP 1154/16384MB (cached 147MB) CPU [4%@729,23%@729,8%@729,4%@729,0%@1344,86%@1344] GR3D_FREQ 98% cpu@63.593C soc2@62.75C soc0@63.406C gpu@65.218C tj@65.218C soc1@62.437C VDD_IN 17968mW/17258mW VDD_CPU_GPU_CV 8784mW/8145mW VDD_SOC 3995mW/3966mW
08-11-2026 15:50:57 RAM 7234/7607MB (lfb 9x2MB) SWAP 1154/16384MB (cached 147MB) CPU [2%@729,2%@729,3%@729,1%@729,0%@1344,85%@1344] GR3D_FREQ 97% cpu@63.843C soc2@62.75C soc0@63.437C gpu@65.031C tj@65.031C soc1@62.531C VDD_IN 17850mW/17262mW VDD_CPU_GPU_CV 8666mW/8149mW VDD_SOC 4034mW/3966mW
08-11-2026 15:50:58 RAM 7234/7607MB (lfb 9x2MB) SWAP 1154/16384MB (cached 147MB) CPU [3%@729,1%@729,0%@729,2%@729,2%@1344,85%@1344] GR3D_FREQ 98% cpu@63.593C soc2@62.812C soc0@63.531C gpu@65.062C tj@65.062C soc1@62.406C VDD_IN 17889mW/17265mW VDD_CPU_GPU_CV 8666mW/8152mW VDD_SOC 4034mW/3967mW
08-11-2026 15:50:59 RAM 7235/7607MB (lfb 9x2MB) SWAP 1154/16384MB (cached 147MB) CPU [7%@1344,4%@1344,15%@1344,7%@1344,54%@1344,33%@1344] GR3D_FREQ 98% cpu@63.875C soc2@62.843C soc0@63.562C gpu@65.093C tj@65.093C soc1@62.406C VDD_IN 18046mW/17270mW VDD_CPU_GPU_CV 8691mW/8155mW VDD_SOC 4112mW/3968mW
08-11-2026 15:51:00 RAM 7235/7607MB (lfb 9x2MB) SWAP 1154/16384MB (cached 147MB) CPU [3%@729,2%@729,3%@729,5%@729,83%@1344,0%@1344] GR3D_FREQ 98% cpu@63.718C soc2@62.75C soc0@63.406C gpu@65.062C tj@65.062C soc1@62.343C VDD_IN 17732mW/17273mW VDD_CPU_GPU_CV 8393mW/8156mW VDD_SOC 4112mW/3968mW
08-11-2026 15:51:01 RAM 7230/7607MB (lfb 9x2MB) SWAP 1154/16384MB (cached 147MB) CPU [5%@1344,69%@1344,2%@1344,22%@1344,87%@1344,3%@1344] GR3D_FREQ 98% cpu@63.906C soc2@62.843C soc0@63.375C gpu@65.125C tj@65.125C soc1@62.5C VDD_IN 18321mW/17279mW VDD_CPU_GPU_CV 8769mW/8160mW VDD_SOC 4151mW/3970mW
08-11-2026 15:51:02 RAM 7230/7607MB (lfb 9x2MB) SWAP 1154/16384MB (cached 147MB) CPU [7%@729,9%@729,5%@729,12%@729,84%@1344,0%@1344] GR3D_FREQ 97% cpu@63.75C soc2@62.843C soc0@63.531C gpu@65.062C tj@65.062C soc1@62.5C VDD_IN 17850mW/17283mW VDD_CPU_GPU_CV 8198mW/8160mW VDD_SOC 4230mW/3971mW
08-11-2026 15:51:03 RAM 7231/7607MB (lfb 9x2MB) SWAP 1154/16384MB (cached 147MB) CPU [11%@729,7%@729,6%@729,4%@729,84%@1344,1%@1344] GR3D_FREQ 98% cpu@63.656C soc2@62.937C soc0@63.468C gpu@65.25C tj@65.25C soc1@62.468C VDD_IN 17889mW/17287mW VDD_CPU_GPU_CV 8081mW/8160mW VDD_SOC 4308mW/3973mW
08-11-2026 15:51:04 RAM 7233/7607MB (lfb 8x2MB) SWAP 1154/16384MB (cached 147MB) CPU [5%@729,5%@729,9%@729,8%@729,85%@1344,0%@1344] GR3D_FREQ 99% cpu@63.937C soc2@62.812C soc0@63.656C gpu@64.656C tj@64.656C soc1@62.437C VDD_IN 17693mW/17289mW VDD_CPU_GPU_CV 7768mW/8158mW VDD_SOC 4347mW/3975mW
08-11-2026 15:51:05 RAM 7234/7607MB (lfb 8x2MB) SWAP 1154/16384MB (cached 147MB) CPU [8%@729,7%@729,3%@729,13%@729,86%@1344,0%@1344] GR3D_FREQ 99% cpu@63.75C soc2@62.906C soc0@63.343C gpu@65.031C tj@65.031C soc1@62.468C VDD_IN 17772mW/17292mW VDD_CPU_GPU_CV 8276mW/8158mW VDD_SOC 4190mW/3977mW
08-11-2026 15:51:06 RAM 7233/7607MB (lfb 8x2MB) SWAP 1154/16384MB (cached 147MB) CPU [4%@729,3%@729,4%@729,4%@729,87%@1344,0%@1344] GR3D_FREQ 99% cpu@63.812C soc2@62.718C soc0@63.531C gpu@65.406C tj@65.156C soc1@62.593C VDD_IN 17811mW/17295mW VDD_CPU_GPU_CV 8510mW/8160mW VDD_SOC 4073mW/3977mW
08-11-2026 15:51:07 RAM 7229/7607MB (lfb 8x2MB) SWAP 1154/16384MB (cached 147MB) CPU [23%@729,67%@729,2%@729,9%@729,87%@729,4%@729] GR3D_FREQ 99% cpu@63.812C soc2@62.937C soc0@63.562C gpu@64.937C tj@64.937C soc1@62.562C VDD_IN 17654mW/17297mW VDD_CPU_GPU_CV 8549mW/8163mW VDD_SOC 3995mW/3977mW
08-11-2026 15:51:08 RAM 7230/7607MB (lfb 8x2MB) SWAP 1154/16384MB (cached 147MB) CPU [4%@729,3%@729,3%@729,7%@729,91%@883,0%@883] GR3D_FREQ 99% cpu@63.531C soc2@62.875C soc0@63.531C gpu@65C tj@65C soc1@62.468C VDD_IN 17772mW/17300mW VDD_CPU_GPU_CV 8627mW/8165mW VDD_SOC 3995mW/3977mW
08-11-2026 15:51:09 RAM 7231/7607MB (lfb 8x2MB) SWAP 1154/16384MB (cached 147MB) CPU [3%@729,1%@729,3%@729,1%@729,91%@1344,3%@1344] GR3D_FREQ 98% cpu@63.562C soc2@62.781C soc0@63.625C gpu@65.156C tj@65.156C soc1@62.5C VDD_IN 17929mW/17303mW VDD_CPU_GPU_CV 8862mW/8169mW VDD_SOC 3955mW/3977mW
08-11-2026 15:51:10 RAM 7233/7607MB (lfb 8x2MB) SWAP 1154/16384MB (cached 147MB) CPU [7%@729,17%@729,9%@729,6%@729,86%@1344,1%@1344] GR3D_FREQ 98% cpu@63.687C soc2@62.781C soc0@63.437C gpu@65.25C tj@65.25C soc1@62.531C VDD_IN 17968mW/17307mW VDD_CPU_GPU_CV 8862mW/8173mW VDD_SOC 3955mW/3977mW
08-11-2026 15:51:11 RAM 7233/7607MB (lfb 8x2MB) SWAP 1154/16384MB (cached 147MB) CPU [4%@729,0%@729,2%@729,2%@729,82%@1344,0%@1344] GR3D_FREQ 98% cpu@63.843C soc2@62.843C soc0@63.406C gpu@65.25C tj@65.25C soc1@62.593C VDD_IN 17889mW/17310mW VDD_CPU_GPU_CV 8784mW/8177mW VDD_SOC 3995mW/3977mW
08-11-2026 15:51:12 RAM 7235/7607MB (lfb 8x2MB) SWAP 1154/16384MB (cached 147MB) CPU [5%@729,4%@729,2%@729,7%@729,85%@1344,0%@1344] GR3D_FREQ 98% cpu@63.625C soc2@62.843C soc0@63.562C gpu@65.531C tj@65.531C soc1@62.593C VDD_IN 18007mW/17314mW VDD_CPU_GPU_CV 8823mW/8181mW VDD_SOC 3995mW/3977mW
08-11-2026 15:51:13 RAM 7237/7607MB (lfb 8x2MB) SWAP 1154/16384MB (cached 147MB) CPU [65%@729,8%@729,22%@729,6%@1344,84%@1344,0%@1344] GR3D_FREQ 97% cpu@63.75C soc2@62.906C soc0@63.593C gpu@65.531C tj@65.531C soc1@62.5C VDD_IN 18282mW/17320mW VDD_CPU_GPU_CV 9003mW/8185mW VDD_SOC 4034mW/3978mW
08-11-2026 15:51:14 RAM 7238/7607MB (lfb 8x2MB) SWAP 1154/16384MB (cached 147MB) CPU [6%@729,8%@729,4%@729,4%@729,83%@1344,0%@1344] GR3D_FREQ 98% cpu@63.593C soc2@62.718C soc0@63.531C gpu@65.093C tj@65.093C soc1@62.562C VDD_IN 17850mW/17323mW VDD_CPU_GPU_CV 8588mW/8187mW VDD_SOC 4034mW/3978mW
08-11-2026 15:51:15 RAM 7227/7607MB (lfb 8x2MB) SWAP 1156/16384MB (cached 148MB) CPU [12%@729,16%@729,7%@729,2%@729,37%@1344,46%@1344] GR3D_FREQ 97% cpu@63.593C soc2@62.781C soc0@63.5C gpu@64.781C tj@64.781C soc1@62.562C VDD_IN 16176mW/17316mW VDD_CPU_GPU_CV 7911mW/8186mW VDD_SOC 3615mW/3976mW
08-11-2026 15:51:16 RAM 7300/7607MB (lfb 2x2MB) SWAP 1164/16384MB (cached 141MB) CPU [10%@1344,23%@1344,6%@1344,10%@1344,12%@960,42%@960] GR3D_FREQ 0% cpu@63.156C soc2@62.125C soc0@63.312C gpu@63C tj@63.312C soc1@62.468C VDD_IN 9339mW/17272mW VDD_CPU_GPU_CV 3090mW/8158mW VDD_SOC 2499mW/3968mW
08-11-2026 15:51:17 RAM 7486/7607MB (lfb 3x1MB) SWAP 1265/16384MB (cached 181MB) CPU [75%@1344,79%@1344,72%@1344,75%@1344,80%@1344,73%@1344] GR3D_FREQ 0% cpu@63.281C soc2@61.781C soc0@62.843C gpu@62.312C tj@63.281C soc1@62.218C VDD_IN 7894mW/17220mW VDD_CPU_GPU_CV 2583mW/8127mW VDD_SOC 1751mW/3956mW
08-11-2026 15:51:18 RAM 7389/7607MB (lfb 11x1MB) SWAP 1561/16384MB (cached 196MB) CPU [59%@1344,51%@1344,51%@1344,67%@1344,55%@729,51%@729] GR3D_FREQ 0% cpu@62.375C soc2@61.437C soc0@62.687C gpu@61.875C tj@62.687C soc1@62.125C VDD_IN 6658mW/17162mW VDD_CPU_GPU_CV 1632mW/8091mW VDD_SOC 1634mW/3943mW
08-11-2026 15:51:19 RAM 7363/7607MB (lfb 1x4MB) SWAP 1584/16384MB (cached 189MB) CPU [29%@1344,6%@1344,85%@1344,17%@1344,69%@1344,8%@1344] GR3D_FREQ 98% cpu@63.25C soc2@62.062C soc0@62.75C gpu@64.25C tj@64.25C soc1@62.031C VDD_IN 16779mW/17160mW VDD_CPU_GPU_CV 8368mW/8093mW VDD_SOC 3491mW/3940mW
08-11-2026 15:51:20 RAM 7355/7607MB (lfb 3x2MB) SWAP 1592/16384MB (cached 190MB) CPU [19%@729,16%@729,30%@729,13%@729,87%@1344,12%@1344] GR3D_FREQ 97% cpu@62.906C soc2@62.218C soc0@62.843C gpu@64.75C tj@64.75C soc1@62.093C VDD_IN 17811mW/17164mW VDD_CPU_GPU_CV 8823mW/8097mW VDD_SOC 3916mW/3940mW
08-11-2026 15:51:21 RAM 7355/7607MB (lfb 3x2MB) SWAP 1592/16384MB (cached 190MB) CPU [2%@729,2%@729,1%@729,2%@729,89%@1344,0%@1344] GR3D_FREQ 98% cpu@63.031C soc2@62.375C soc0@63.093C gpu@65C tj@65C soc1@62C VDD_IN 17929mW/17168mW VDD_CPU_GPU_CV 8862mW/8101mW VDD_SOC 3955mW/3940mW
08-11-2026 15:51:22 RAM 7355/7607MB (lfb 3x2MB) SWAP 1591/16384MB (cached 190MB) CPU [4%@1344,2%@1344,2%@1344,71%@1344,14%@729,1%@729] GR3D_FREQ 98% cpu@63.5C soc2@62.218C soc0@63.031C gpu@65.031C tj@65.031C soc1@62.093C VDD_IN 17850mW/17172mW VDD_CPU_GPU_CV 8705mW/8104mW VDD_SOC 3995mW/3941mW
08-11-2026 15:51:23 RAM 7356/7607MB (lfb 5x2MB) SWAP 1592/16384MB (cached 189MB) CPU [3%@1344,4%@1344,3%@1344,84%@1344,0%@729,4%@729] GR3D_FREQ 98% cpu@63.656C soc2@62.437C soc0@63.031C gpu@65.031C tj@65.031C soc1@62.093C VDD_IN 17772mW/17175mW VDD_CPU_GPU_CV 8588mW/8107mW VDD_SOC 3995mW/3941mW
08-11-2026 15:51:24 RAM 7356/7607MB (lfb 5x2MB) SWAP 1592/16384MB (cached 189MB) CPU [2%@1344,1%@1344,4%@1344,85%@1344,2%@729,0%@729] GR3D_FREQ 98% cpu@63.562C soc2@62.468C soc0@63C gpu@64.75C tj@64.75C soc1@62.218C VDD_IN 17811mW/17178mW VDD_CPU_GPU_CV 8588mW/8109mW VDD_SOC 4034mW/3941mW
08-11-2026 15:51:25 RAM 7340/7607MB (lfb 5x2MB) SWAP 1611/16384MB (cached 194MB) CPU [22%@1344,15%@1344,61%@1344,86%@1344,33%@1344,29%@1344] GR3D_FREQ 97% cpu@63.656C soc2@62.593C soc0@63.187C gpu@64.781C tj@64.781C soc1@62.343C VDD_IN 18831mW/17187mW VDD_CPU_GPU_CV 9198mW/8115mW VDD_SOC 4105mW/3942mW
08-11-2026 15:51:26 RAM 7330/7607MB (lfb 4x2MB) SWAP 1632/16384MB (cached 205MB) CPU [37%@729,23%@729,32%@729,55%@729,72%@1344,39%@1344] GR3D_FREQ 97% cpu@63.25C soc2@62.343C soc0@63.218C gpu@64.656C tj@64.656C soc1@62.218C VDD_IN 17250mW/17187mW VDD_CPU_GPU_CV 7899mW/8114mW VDD_SOC 4080mW/3943mW
08-11-2026 15:51:27 RAM 7329/7607MB (lfb 4x2MB) SWAP 1632/16384MB (cached 205MB) CPU [2%@729,4%@729,2%@729,1%@729,61%@1344,25%@1344] GR3D_FREQ 98% cpu@63.406C soc2@62.437C soc0@63.156C gpu@64.781C tj@64.781C soc1@62.093C VDD_IN 17811mW/17191mW VDD_CPU_GPU_CV 8081mW/8114mW VDD_SOC 4269mW/3945mW
08-11-2026 15:51:28 RAM 7329/7607MB (lfb 4x2MB) SWAP 1632/16384MB (cached 205MB) CPU [2%@729,5%@729,5%@729,1%@729,18%@1344,67%@1344] GR3D_FREQ 98% cpu@63.687C soc2@62.5C soc0@63.093C gpu@64.687C tj@64.687C soc1@62.25C VDD_IN 17693mW/17193mW VDD_CPU_GPU_CV 7808mW/8112mW VDD_SOC 4347mW/3947mW
08-11-2026 15:51:29 RAM 7330/7607MB (lfb 4x2MB) SWAP 1632/16384MB (cached 205MB) CPU [2%@729,3%@729,1%@729,1%@729,84%@1344,0%@1344] GR3D_FREQ 99% cpu@63.343C soc2@62.5C soc0@63.281C gpu@64.25C tj@64.25C soc1@62.343C VDD_IN 17654mW/17196mW VDD_CPU_GPU_CV 8081mW/8112mW VDD_SOC 4190mW/3948mW
08-11-2026 15:51:30 RAM 7192/7607MB (lfb 4x2MB) SWAP 1636/16384MB (cached 205MB) CPU [4%@1190,3%@1190,5%@1190,1%@1190,87%@1344,7%@1344] GR3D_FREQ 0% cpu@63.218C soc2@62.5C soc0@63.218C gpu@63.812C tj@63.812C soc1@62.125C VDD_IN 16818mW/17194mW VDD_CPU_GPU_CV 7820mW/8110mW VDD_SOC 3923mW/3948mW
08-11-2026 15:51:31 RAM 7045/7607MB (lfb 3x1MB) SWAP 1635/16384MB (cached 205MB) CPU [34%@1344,8%@1344,12%@1344,49%@1344,74%@1344,22%@1344] GR3D_FREQ 98% cpu@63.5C soc2@62.468C soc0@63.093C gpu@64.718C tj@64.718C soc1@62.218C VDD_IN 17732mW/17196mW VDD_CPU_GPU_CV 8666mW/8113mW VDD_SOC 3955mW/3948mW
08-11-2026 15:51:32 RAM 7047/7607MB (lfb 3x1MB) SWAP 1635/16384MB (cached 205MB) CPU [4%@729,24%@729,10%@729,39%@729,86%@1344,0%@1344] GR3D_FREQ 99% cpu@63.343C soc2@62.437C soc0@63.156C gpu@64.781C tj@64.781C soc1@62.218C VDD_IN 18007mW/17200mW VDD_CPU_GPU_CV 8784mW/8117mW VDD_SOC 4034mW/3948mW
08-11-2026 15:51:33 RAM 7046/7607MB (lfb 3x1MB) SWAP 1635/16384MB (cached 205MB) CPU [2%@729,2%@729,6%@729,1%@729,86%@1344,1%@1344] GR3D_FREQ 98% cpu@63.562C soc2@62.5C soc0@63.156C gpu@64.843C tj@64.843C soc1@62.281C VDD_IN 17929mW/17204mW VDD_CPU_GPU_CV 8666mW/8119mW VDD_SOC 4073mW/3949mW
08-11-2026 15:51:34 RAM 7047/7607MB (lfb 3x1MB) SWAP 1635/16384MB (cached 205MB) CPU [1%@729,3%@729,3%@729,2%@729,83%@1344,0%@1344] GR3D_FREQ 98% cpu@63.187C soc2@62.531C soc0@63.218C gpu@65.031C tj@65.031C soc1@62.406C VDD_IN 17850mW/17207mW VDD_CPU_GPU_CV 8471mW/8121mW VDD_SOC 4112mW/3950mW
08-11-2026 15:51:35 RAM 7047/7607MB (lfb 3x1MB) SWAP 1635/16384MB (cached 205MB) CPU [5%@729,2%@729,1%@729,3%@729,86%@1344,0%@1344] GR3D_FREQ 98% cpu@63.25C soc2@62.562C soc0@63.281C gpu@65C tj@65C soc1@62.218C VDD_IN 17929mW/17211mW VDD_CPU_GPU_CV 8471mW/8123mW VDD_SOC 4151mW/3951mW
08-11-2026 15:51:36 RAM 7048/7607MB (lfb 3x1MB) SWAP 1634/16384MB (cached 205MB) CPU [7%@729,6%@729,20%@729,5%@729,85%@1344,2%@1344] GR3D_FREQ 98% cpu@63.562C soc2@62.593C soc0@63.187C gpu@65C tj@65C soc1@62.25C VDD_IN 17968mW/17215mW VDD_CPU_GPU_CV 8393mW/8124mW VDD_SOC 4190mW/3952mW
08-11-2026 15:51:37 RAM 7050/7607MB (lfb 3x1MB) SWAP 1634/16384MB (cached 205MB) CPU [6%@1344,2%@1344,7%@1344,43%@1344,84%@1344,0%@1344] GR3D_FREQ 98% cpu@63.75C soc2@62.593C soc0@63.187C gpu@65.125C tj@65.125C soc1@62.312C VDD_IN 18164mW/17220mW VDD_CPU_GPU_CV 8496mW/8126mW VDD_SOC 4230mW/3953mW
08-11-2026 15:51:38 RAM 7051/7607MB (lfb 3x1MB) SWAP 1634/16384MB (cached 205MB) CPU [6%@729,4%@729,8%@729,45%@729,86%@1344,0%@1344] GR3D_FREQ 98% cpu@63.75C soc2@62.593C soc0@63.312C gpu@65.093C tj@65.093C soc1@62.312C VDD_IN 18007mW/17223mW VDD_CPU_GPU_CV 8237mW/8127mW VDD_SOC 4269mW/3955mW
08-11-2026 15:51:39 RAM 7051/7607MB (lfb 3x1MB) SWAP 1634/16384MB (cached 205MB) CPU [3%@729,1%@729,4%@729,1%@729,87%@1344,0%@1344] GR3D_FREQ 99% cpu@63.468C soc2@62.625C soc0@63.281C gpu@64.875C tj@64.875C soc1@62.437C VDD_IN 17732mW/17226mW VDD_CPU_GPU_CV 7847mW/8125mW VDD_SOC 4308mW/3957mW
08-11-2026 15:51:40 RAM 7051/7607MB (lfb 3x1MB) SWAP 1634/16384MB (cached 205MB) CPU [2%@729,0%@729,1%@729,2%@729,83%@1344,2%@1344] GR3D_FREQ 99% cpu@63.437C soc2@62.718C soc0@63.343C gpu@64.531C tj@64.531C soc1@62.281C VDD_IN 17329mW/17226mW VDD_CPU_GPU_CV 7964mW/8124mW VDD_SOC 4119mW/3958mW
08-11-2026 15:51:41 RAM 7051/7607MB (lfb 3x1MB) SWAP 1634/16384MB (cached 206MB) CPU [5%@729,16%@729,6%@729,9%@729,87%@1344,0%@1344] GR3D_FREQ 99% cpu@63.468C soc2@62.562C soc0@63.25C gpu@64.968C tj@64.968C soc1@62.312C VDD_IN 17850mW/17230mW VDD_CPU_GPU_CV 8588mW/8127mW VDD_SOC 4073mW/3958mW
08-11-2026 15:51:42 RAM 7051/7607MB (lfb 3x1MB) SWAP 1634/16384MB (cached 206MB) CPU [2%@729,2%@729,2%@729,4%@729,88%@729,0%@729] GR3D_FREQ 99% cpu@63.468C soc2@62.593C soc0@63.218C gpu@65.156C tj@65.156C soc1@62.312C VDD_IN 17811mW/17232mW VDD_CPU_GPU_CV 8666mW/8129mW VDD_SOC 4034mW/3958mW
08-11-2026 15:51:43 RAM 7050/7607MB (lfb 3x1MB) SWAP 1634/16384MB (cached 205MB) CPU [4%@1344,1%@1344,8%@1344,58%@1344,92%@729,2%@729] GR3D_FREQ 99% cpu@64.062C soc2@62.75C soc0@63.218C gpu@64.968C tj@64.968C soc1@62.406C VDD_IN 18282mW/17237mW VDD_CPU_GPU_CV 9003mW/8134mW VDD_SOC 4073mW/3959mW
08-11-2026 15:51:44 RAM 7051/7607MB (lfb 3x1MB) SWAP 1633/16384MB (cached 206MB) CPU [21%@729,2%@729,8%@729,12%@729,91%@1344,2%@1344] GR3D_FREQ 98% cpu@63.406C soc2@62.593C soc0@63.25C gpu@65.125C tj@65.125C soc1@62.437C VDD_IN 18085mW/17241mW VDD_CPU_GPU_CV 8964mW/8138mW VDD_SOC 3995mW/3959mW
08-11-2026 15:51:45 RAM 7052/7607MB (lfb 3x1MB) SWAP 1633/16384MB (cached 206MB) CPU [5%@1344,0%@1344,3%@1344,84%@1344,1%@729,1%@729] GR3D_FREQ 98% cpu@63.687C soc2@62.718C soc0@63.343C gpu@65C tj@65C soc1@62.281C VDD_IN 17968mW/17245mW VDD_CPU_GPU_CV 8823mW/8141mW VDD_SOC 3995mW/3959mW
08-11-2026 15:51:46 RAM 7053/7607MB (lfb 3x1MB) SWAP 1633/16384MB (cached 206MB) CPU [69%@729,5%@729,14%@729,20%@729,7%@1344,0%@1344] GR3D_FREQ 98% cpu@63.562C soc2@62.656C soc0@63.25C gpu@65.093C tj@65.093C soc1@62.343C VDD_IN 18046mW/17249mW VDD_CPU_GPU_CV 8901mW/8144mW VDD_SOC 3995mW/3960mW
08-11-2026 15:51:47 RAM 7053/7607MB (lfb 3x1MB) SWAP 1633/16384MB (cached 206MB) CPU [4%@729,6%@729,3%@729,10%@729,84%@1344,0%@1344] GR3D_FREQ 98% cpu@63.531C soc2@62.593C soc0@63.343C gpu@65.375C tj@65.375C soc1@62.375C VDD_IN 17968mW/17252mW VDD_CPU_GPU_CV 8705mW/8147mW VDD_SOC 4034mW/3960mW
08-11-2026 15:51:48 RAM 7053/7607MB (lfb 3x1MB) SWAP 1633/16384MB (cached 206MB) CPU [3%@729,5%@729,8%@729,4%@729,83%@1344,1%@1344] GR3D_FREQ 98% cpu@63.593C soc2@62.593C soc0@63.343C gpu@65.312C tj@65.312C soc1@62.406C VDD_IN 17929mW/17255mW VDD_CPU_GPU_CV 8627mW/8149mW VDD_SOC 4073mW/3960mW
08-11-2026 15:51:49 RAM 7054/7607MB (lfb 3x1MB) SWAP 1633/16384MB (cached 206MB) CPU [6%@1344,68%@1344,8%@1344,4%@1344,85%@1344,1%@1344] GR3D_FREQ 98% cpu@63.562C soc2@62.781C soc0@63.406C gpu@64.906C tj@64.906C soc1@62.468C VDD_IN 18321mW/17260mW VDD_CPU_GPU_CV 8964mW/8153mW VDD_SOC 4112mW/3961mW
08-11-2026 15:51:50 RAM 7055/7607MB (lfb 3x1MB) SWAP 1633/16384MB (cached 206MB) CPU [13%@729,2%@729,8%@729,19%@729,85%@1344,0%@1344] GR3D_FREQ 98% cpu@63.468C soc2@62.656C soc0@63.437C gpu@64.937C tj@64.937C soc1@62.343C VDD_IN 17968mW/17264mW VDD_CPU_GPU_CV 8549mW/8155mW VDD_SOC 4112mW/3962mW
08-11-2026 15:51:51 RAM 7057/7607MB (lfb 3x1MB) SWAP 1632/16384MB (cached 206MB) CPU [6%@960,11%@960,10%@960,17%@960,84%@1344,1%@1344] GR3D_FREQ 98% cpu@63.687C soc2@62.687C soc0@63.562C gpu@64.937C tj@64.937C soc1@62.375C VDD_IN 18007mW/17267mW VDD_CPU_GPU_CV 8471mW/8157mW VDD_SOC 4190mW/3963mW
08-11-2026 15:51:53 RAM 7058/7607MB (lfb 3x1MB) SWAP 1632/16384MB (cached 206MB) CPU [7%@729,2%@729,5%@729,6%@729,86%@1344,2%@1344] GR3D_FREQ 97% cpu@63.562C soc2@62.687C soc0@63.406C gpu@65.062C tj@65.062C soc1@62.468C VDD_IN 17889mW/17270mW VDD_CPU_GPU_CV 8237mW/8157mW VDD_SOC 4230mW/3964mW
08-11-2026 15:51:54 RAM 7057/7607MB (lfb 3x1MB) SWAP 1632/16384MB (cached 206MB) CPU [4%@729,3%@729,5%@729,8%@729,82%@1344,0%@1344] GR3D_FREQ 98% cpu@63.812C soc2@62.625C soc0@63.343C gpu@65.062C tj@65.062C soc1@62.531C VDD_IN 17615mW/17272mW VDD_CPU_GPU_CV 7847mW/8155mW VDD_SOC 4269mW/3966mW
08-11-2026 15:51:55 RAM 7058/7607MB (lfb 3x1MB) SWAP 1632/16384MB (cached 206MB) CPU [4%@729,1%@729,5%@729,0%@729,86%@1344,0%@1344] GR3D_FREQ 99% cpu@63.687C soc2@62.718C soc0@63.531C gpu@64.593C tj@64.593C soc1@62.5C VDD_IN 17693mW/17274mW VDD_CPU_GPU_CV 7729mW/8154mW VDD_SOC 4347mW/3967mW
08-11-2026 15:51:56 RAM 7060/7607MB (lfb 3x1MB) SWAP 1632/16384MB (cached 206MB) CPU [19%@1344,7%@1344,2%@1344,67%@1344,83%@1344,0%@1344] GR3D_FREQ 99% cpu@63.75C soc2@62.875C soc0@63.5C gpu@65.187C tj@65.187C soc1@62.312C VDD_IN 18282mW/17278mW VDD_CPU_GPU_CV 8847mW/8157mW VDD_SOC 4151mW/3968mW
08-11-2026 15:51:57 RAM 7060/7607MB (lfb 3x1MB) SWAP 1632/16384MB (cached 206MB) CPU [6%@729,9%@729,7%@729,2%@729,86%@1344,1%@1344] GR3D_FREQ 99% cpu@63.718C soc2@62.718C soc0@63.437C gpu@65.281C tj@65.281C soc1@62.437C VDD_IN 17929mW/17281mW VDD_CPU_GPU_CV 8588mW/8159mW VDD_SOC 4151mW/3969mW
08-11-2026 15:51:58 RAM 7060/7607MB (lfb 3x1MB) SWAP 1632/16384MB (cached 206MB) CPU [7%@1113,8%@1113,18%@1113,4%@1113,91%@729,0%@729] GR3D_FREQ 99% cpu@63.593C soc2@62.718C soc0@63.406C gpu@64.656C tj@64.656C soc1@62.531C VDD_IN 17408mW/17282mW VDD_CPU_GPU_CV 8315mW/8159mW VDD_SOC 3962mW/3969mW
08-11-2026 15:51:59 RAM 7061/7607MB (lfb 3x1MB) SWAP 1632/16384MB (cached 206MB) CPU [1%@729,3%@729,5%@729,1%@729,90%@1344,0%@1344] GR3D_FREQ 98% cpu@63.75C soc2@62.812C soc0@63.406C gpu@65.093C tj@65.093C soc1@62.531C VDD_IN 17889mW/17284mW VDD_CPU_GPU_CV 8823mW/8162mW VDD_SOC 3995mW/3969mW
08-11-2026 15:52:00 RAM 7061/7607MB (lfb 3x1MB) SWAP 1632/16384MB (cached 207MB) CPU [3%@1344,2%@1344,6%@1344,0%@1344,82%@1344,0%@1344] GR3D_FREQ 98% cpu@63.531C soc2@62.687C soc0@63.593C gpu@65.281C tj@65.281C soc1@62.437C VDD_IN 17889mW/17287mW VDD_CPU_GPU_CV 8744mW/8165mW VDD_SOC 3995mW/3969mW
08-11-2026 15:52:01 RAM 7062/7607MB (lfb 3x1MB) SWAP 1632/16384MB (cached 207MB) CPU [4%@729,1%@729,4%@729,3%@729,86%@1344,0%@1344] GR3D_FREQ 98% cpu@63.468C soc2@62.75C soc0@63.5C gpu@65.25C tj@65.25C soc1@62.437C VDD_IN 17968mW/17290mW VDD_CPU_GPU_CV 8823mW/8168mW VDD_SOC 3995mW/3969mW
08-11-2026 15:52:02 RAM 7062/7607MB (lfb 3x1MB) SWAP 1632/16384MB (cached 207MB) CPU [6%@1190,68%@1190,6%@1190,22%@1190,84%@1344,0%@1344] GR3D_FREQ 98% cpu@63.812C soc2@62.812C soc0@63.468C gpu@65.312C tj@65.312C soc1@62.531C VDD_IN 18399mW/17295mW VDD_CPU_GPU_CV 9120mW/8172mW VDD_SOC 4034mW/3970mW
08-11-2026 15:52:03 RAM 7064/7607MB (lfb 3x1MB) SWAP 1632/16384MB (cached 207MB) CPU [69%@1344,7%@1344,15%@1344,6%@1344,25%@729,1%@729] GR3D_FREQ 97% cpu@63.812C soc2@62.968C soc0@63.468C gpu@65.25C tj@65.25C soc1@62.531C VDD_IN 17929mW/17298mW VDD_CPU_GPU_CV 8705mW/8174mW VDD_SOC 4034mW/3970mW
08-11-2026 15:52:04 RAM 7064/7607MB (lfb 3x1MB) SWAP 1631/16384MB (cached 207MB) CPU [87%@1344,3%@1344,6%@1344,3%@1344,0%@729,1%@729] GR3D_FREQ 98% cpu@63.718C soc2@63C soc0@63.531C gpu@65.281C tj@65.281C soc1@62.468C VDD_IN 17929mW/17301mW VDD_CPU_GPU_CV 8588mW/8176mW VDD_SOC 4073mW/3970mW
08-11-2026 15:52:05 RAM 7064/7607MB (lfb 3x1MB) SWAP 1631/16384MB (cached 207MB) CPU [85%@1344,0%@1344,4%@1344,2%@1344,1%@729,0%@729] GR3D_FREQ 98% cpu@63.906C soc2@63C soc0@63.437C gpu@65C tj@65C soc1@62.5C VDD_IN 17811mW/17303mW VDD_CPU_GPU_CV 8471mW/8178mW VDD_SOC 4112mW/3971mW
08-11-2026 15:52:06 RAM 7065/7607MB (lfb 3x1MB) SWAP 1631/16384MB (cached 207MB) CPU [44%@1344,2%@1344,5%@1344,1%@1344,42%@1344,1%@1344] GR3D_FREQ 98% cpu@63.812C soc2@62.75C soc0@63.5C gpu@64.968C tj@64.968C soc1@62.5C VDD_IN 17732mW/17305mW VDD_CPU_GPU_CV 8315mW/8178mW VDD_SOC 4151mW/3972mW
08-11-2026 15:52:07 RAM 7067/7607MB (lfb 3x1MB) SWAP 1631/16384MB (cached 207MB) CPU [11%@1344,3%@1344,9%@1344,9%@1344,86%@1344,1%@1344] GR3D_FREQ 98% cpu@63.906C soc2@62.875C soc0@63.5C gpu@64.937C tj@64.937C soc1@62.5C VDD_IN 17889mW/17307mW VDD_CPU_GPU_CV 8315mW/8179mW VDD_SOC 4151mW/3972mW
08-11-2026 15:52:08 RAM 7069/7607MB (lfb 3x1MB) SWAP 1631/16384MB (cached 207MB) CPU [61%@1344,26%@1344,12%@1344,17%@1344,85%@1344,0%@1344] GR3D_FREQ 98% cpu@64C soc2@62.906C soc0@63.562C gpu@64.968C tj@64.968C soc1@62.687C VDD_IN 18125mW/17311mW VDD_CPU_GPU_CV 8432mW/8180mW VDD_SOC 4230mW/3974mW
08-11-2026 15:52:09 RAM 7069/7607MB (lfb 3x1MB) SWAP 1630/16384MB (cached 207MB) CPU [2%@729,3%@729,5%@729,2%@729,86%@1344,3%@1344] GR3D_FREQ 98% cpu@63.562C soc2@62.843C soc0@63.687C gpu@64.875C tj@64.875C soc1@62.468C VDD_IN 17732mW/17313mW VDD_CPU_GPU_CV 7964mW/8179mW VDD_SOC 4308mW/3975mW
08-11-2026 15:52:10 RAM 7069/7607MB (lfb 3x1MB) SWAP 1630/16384MB (cached 207MB) CPU [2%@729,1%@729,2%@729,2%@729,84%@1344,3%@1344] GR3D_FREQ 99% cpu@63.937C soc2@62.875C soc0@63.468C gpu@64.593C tj@64.781C soc1@62.531C VDD_IN 17575mW/17314mW VDD_CPU_GPU_CV 7847mW/8178mW VDD_SOC 4308mW/3976mW
08-11-2026 15:52:11 RAM 7070/7607MB (lfb 3x1MB) SWAP 1630/16384MB (cached 207MB) CPU [4%@729,1%@729,1%@729,1%@729,87%@1344,2%@1344] GR3D_FREQ 99% cpu@63.937C soc2@62.906C soc0@63.562C gpu@65.25C tj@65.25C soc1@62.531C VDD_IN 17654mW/17315mW VDD_CPU_GPU_CV 8354mW/8178mW VDD_SOC 4151mW/3977mW
08-11-2026 15:52:12 RAM 7071/7607MB (lfb 3x1MB) SWAP 1630/16384MB (cached 207MB) CPU [3%@729,2%@729,1%@729,2%@729,85%@1344,2%@1344] GR3D_FREQ 99% cpu@63.843C soc2@62.843C soc0@63.531C gpu@65.468C tj@65.468C soc1@62.593C VDD_IN 17732mW/17317mW VDD_CPU_GPU_CV 8432mW/8179mW VDD_SOC 4112mW/3978mW
08-11-2026 15:52:13 RAM 7071/7607MB (lfb 3x1MB) SWAP 1630/16384MB (cached 207MB) CPU [10%@1344,10%@1344,19%@1344,24%@1344,89%@729,0%@729] GR3D_FREQ 99% cpu@64C soc2@63.031C soc0@63.656C gpu@65.312C tj@65.312C soc1@62.718C VDD_IN 17889mW/17319mW VDD_CPU_GPU_CV 8627mW/8181mW VDD_SOC 4034mW/3978mW
08-11-2026 15:52:14 RAM 7071/7607MB (lfb 3x1MB) SWAP 1630/16384MB (cached 207MB) CPU [22%@729,7%@729,6%@729,47%@729,90%@960,1%@960] GR3D_FREQ 99% cpu@63.625C soc2@62.968C soc0@63.687C gpu@65.062C tj@65.062C soc1@62.562C VDD_IN 18007mW/17322mW VDD_CPU_GPU_CV 8823mW/8184mW VDD_SOC 3995mW/3978mW
08-11-2026 15:52:15 RAM 7072/7607MB (lfb 3x1MB) SWAP 1630/16384MB (cached 207MB) CPU [2%@729,2%@729,2%@729,3%@729,89%@1344,0%@1344] GR3D_FREQ 97% cpu@63.781C soc2@62.968C soc0@63.687C gpu@65.156C tj@65.156C soc1@62.593C VDD_IN 17850mW/17325mW VDD_CPU_GPU_CV 8784mW/8186mW VDD_SOC 3955mW/3978mW
08-11-2026 15:52:16 RAM 7072/7607MB (lfb 3x1MB) SWAP 1630/16384MB (cached 207MB) CPU [2%@729,1%@729,2%@729,4%@729,85%@1344,0%@1344] GR3D_FREQ 98% cpu@63.875C soc2@62.906C soc0@63.531C gpu@65.093C tj@65.093C soc1@62.562C VDD_IN 17772mW/17326mW VDD_CPU_GPU_CV 8705mW/8189mW VDD_SOC 3995mW/3978mW
08-11-2026 15:52:17 RAM 7073/7607MB (lfb 3x1MB) SWAP 1630/16384MB (cached 207MB) CPU [10%@729,2%@729,1%@729,1%@729,83%@1344,0%@1344] GR3D_FREQ 98% cpu@63.781C soc2@62.875C soc0@63.562C gpu@65.406C tj@65.406C soc1@62.625C VDD_IN 17772mW/17328mW VDD_CPU_GPU_CV 8705mW/8191mW VDD_SOC 3995mW/3978mW
08-11-2026 15:52:18 RAM 7074/7607MB (lfb 3x1MB) SWAP 1630/16384MB (cached 207MB) CPU [6%@729,3%@729,17%@729,10%@729,84%@1344,0%@1344] GR3D_FREQ 98% cpu@64.031C soc2@62.968C soc0@63.687C gpu@65.25C tj@65.25C soc1@62.75C VDD_IN 17889mW/17331mW VDD_CPU_GPU_CV 8705mW/8193mW VDD_SOC 4034mW/3978mW
08-11-2026 15:52:19 RAM 7075/7607MB (lfb 3x1MB) SWAP 1630/16384MB (cached 207MB) CPU [35%@1344,5%@1344,6%@1344,2%@1344,86%@1344,0%@1344] GR3D_FREQ 98% cpu@63.875C soc2@63.062C soc0@63.656C gpu@65.375C tj@65.375C soc1@62.531C VDD_IN 18203mW/17334mW VDD_CPU_GPU_CV 8964mW/8196mW VDD_SOC 4034mW/3979mW
08-11-2026 15:52:20 RAM 7076/7607MB (lfb 3x1MB) SWAP 1630/16384MB (cached 207MB) CPU [34%@729,8%@729,22%@729,3%@729,84%@1344,0%@1344] GR3D_FREQ 98% cpu@63.843C soc2@62.968C soc0@63.781C gpu@65.375C tj@65.375C soc1@62.562C VDD_IN 17929mW/17337mW VDD_CPU_GPU_CV 8627mW/8198mW VDD_SOC 4073mW/3979mW
08-11-2026 15:52:21 RAM 7076/7607MB (lfb 3x1MB) SWAP 1630/16384MB (cached 207MB) CPU [3%@729,4%@729,3%@729,2%@729,38%@1344,44%@1344] GR3D_FREQ 98% cpu@63.968C soc2@62.875C soc0@63.562C gpu@65.343C tj@65.343C soc1@62.625C VDD_IN 17615mW/17338mW VDD_CPU_GPU_CV 8315mW/8198mW VDD_SOC 4073mW/3979mW
08-11-2026 15:52:22 RAM 7076/7607MB (lfb 3x1MB) SWAP 1630/16384MB (cached 207MB) CPU [3%@1344,5%@1344,5%@1344,2%@1344,0%@1344,86%@1344] GR3D_FREQ 98% cpu@63.843C soc2@62.843C soc0@63.562C gpu@65.218C tj@65.218C soc1@62.718C VDD_IN 17772mW/17340mW VDD_CPU_GPU_CV 8276mW/8199mW VDD_SOC 4151mW/3980mW
08-11-2026 15:52:23 RAM 7078/7607MB (lfb 3x1MB) SWAP 1630/16384MB (cached 207MB) CPU [4%@729,3%@729,18%@729,8%@729,0%@1344,82%@1344] GR3D_FREQ 98% cpu@64.125C soc2@63.062C soc0@63.718C gpu@65.187C tj@65.187C soc1@62.718C VDD_IN 17811mW/17342mW VDD_CPU_GPU_CV 8159mW/8199mW VDD_SOC 4230mW/3981mW
08-11-2026 15:52:24 RAM 7079/7607MB (lfb 3x1MB) SWAP 1630/16384MB (cached 208MB) CPU [1%@729,2%@729,5%@729,5%@729,0%@1344,86%@1344] GR3D_FREQ 98% cpu@63.937C soc2@62.937C soc0@63.625C gpu@65.093C tj@65.093C soc1@62.562C VDD_IN 17732mW/17343mW VDD_CPU_GPU_CV 7964mW/8198mW VDD_SOC 4269mW/3982mW
08-11-2026 15:52:25 RAM 7078/7607MB (lfb 3x1MB) SWAP 1630/16384MB (cached 208MB) CPU [3%@1344,46%@1344,1%@1344,5%@1344,2%@1344,85%@1344] GR3D_FREQ 99% cpu@64.187C soc2@63.062C soc0@63.875C gpu@64.687C tj@64.687C soc1@62.656C VDD_IN 18125mW/17346mW VDD_CPU_GPU_CV 8159mW/8197mW VDD_SOC 4347mW/3984mW
08-11-2026 15:52:26 RAM 7079/7607MB (lfb 3x1MB) SWAP 1630/16384MB (cached 208MB) CPU [8%@729,22%@729,21%@729,6%@729,1%@1344,85%@1344] GR3D_FREQ 99% cpu@64.218C soc2@63C soc0@63.656C gpu@65.062C tj@65.062C soc1@62.687C VDD_IN 17850mW/17348mW VDD_CPU_GPU_CV 8432mW/8198mW VDD_SOC 4151mW/3984mW
08-11-2026 15:52:27 RAM 7079/7607MB (lfb 3x1MB) SWAP 1630/16384MB (cached 208MB) CPU [1%@729,7%@729,2%@729,0%@729,0%@1344,85%@1344] GR3D_FREQ 99% cpu@63.906C soc2@63.062C soc0@63.593C gpu@65.343C tj@65.343C soc1@62.781C VDD_IN 17850mW/17350mW VDD_CPU_GPU_CV 8471mW/8199mW VDD_SOC 4151mW/3985mW
08-11-2026 15:52:28 RAM 7080/7607MB (lfb 3x1MB) SWAP 1630/16384MB (cached 208MB) CPU [7%@1036,6%@1036,6%@1036,9%@1036,0%@729,89%@729] GR3D_FREQ 99% cpu@63.875C soc2@63C soc0@63.718C gpu@65C tj@65C soc1@62.718C VDD_IN 17211mW/17350mW VDD_CPU_GPU_CV 8172mW/8199mW VDD_SOC 3923mW/3985mW
08-11-2026 15:52:29 RAM 7080/7607MB (lfb 3x1MB) SWAP 1630/16384MB (cached 208MB) CPU [3%@729,7%@729,3%@729,5%@729,1%@1344,91%@1344] GR3D_FREQ 99% cpu@63.781C soc2@63.062C soc0@63.781C gpu@65.5C tj@65.5C soc1@62.625C VDD_IN 17772mW/17351mW VDD_CPU_GPU_CV 8666mW/8201mW VDD_SOC 3995mW/3985mW
08-11-2026 15:52:30 RAM 7081/7607MB (lfb 3x1MB) SWAP 1630/16384MB (cached 208MB) CPU [2%@729,4%@729,2%@729,2%@729,0%@1344,90%@1344] GR3D_FREQ 98% cpu@63.937C soc2@62.968C soc0@63.687C gpu@65.562C tj@65.562C soc1@62.656C VDD_IN 17811mW/17353mW VDD_CPU_GPU_CV 8823mW/8204mW VDD_SOC 3955mW/3985mW
08-11-2026 15:52:31 RAM 7082/7607MB (lfb 3x1MB) SWAP 1630/16384MB (cached 208MB) CPU [60%@1344,2%@1344,3%@1344,7%@1344,0%@1344,85%@1344] GR3D_FREQ 98% cpu@64.187C soc2@63.093C soc0@63.625C gpu@65.656C tj@65.656C soc1@62.812C VDD_IN 18242mW/17357mW VDD_CPU_GPU_CV 9120mW/8207mW VDD_SOC 3995mW/3985mW
08-11-2026 15:52:32 RAM 7082/7607MB (lfb 3x1MB) SWAP 1630/16384MB (cached 208MB) CPU [9%@729,20%@729,4%@729,8%@729,0%@1344,86%@1344] GR3D_FREQ 98% cpu@63.812C soc2@63.062C soc0@63.718C gpu@65.718C tj@65.718C soc1@62.781C VDD_IN 17968mW/17359mW VDD_CPU_GPU_CV 8862mW/8210mW VDD_SOC 3995mW/3985mW
08-11-2026 15:52:33 RAM 7083/7607MB (lfb 3x1MB) SWAP 1630/16384MB (cached 208MB) CPU [5%@1190,3%@1190,2%@1190,3%@1190,0%@1344,87%@1344] GR3D_FREQ 98% cpu@63.968C soc2@63.062C soc0@63.781C gpu@65.375C tj@65.375C soc1@62.718C VDD_IN 17889mW/17361mW VDD_CPU_GPU_CV 8705mW/8212mW VDD_SOC 3995mW/3985mW
08-11-2026 15:52:34 RAM 7083/7607MB (lfb 3x1MB) SWAP 1630/16384MB (cached 208MB) CPU [6%@729,15%@729,7%@729,5%@729,0%@1344,85%@1344] GR3D_FREQ 98% cpu@63.937C soc2@63.031C soc0@63.843C gpu@65.406C tj@65.406C soc1@62.718C VDD_IN 17850mW/17363mW VDD_CPU_GPU_CV 8588mW/8213mW VDD_SOC 4034mW/3985mW
08-11-2026 15:52:35 RAM 7084/7607MB (lfb 3x1MB) SWAP 1629/16384MB (cached 208MB) CPU [0%@729,4%@729,1%@729,1%@729,3%@1344,86%@1344] GR3D_FREQ 98% cpu@64C soc2@62.968C soc0@63.593C gpu@65.406C tj@65.406C soc1@62.687C VDD_IN 17811mW/17365mW VDD_CPU_GPU_CV 8588mW/8215mW VDD_SOC 4034mW/3985mW
08-11-2026 15:52:36 RAM 7068/7607MB (lfb 3x1MB) SWAP 1629/16384MB (cached 208MB) CPU [3%@729,8%@729,0%@729,2%@729,1%@1344,79%@1344] GR3D_FREQ 97% cpu@64.156C soc2@63.031C soc0@63.718C gpu@65.281C tj@65.281C soc1@62.812C VDD_IN 17693mW/17366mW VDD_CPU_GPU_CV 8315mW/8215mW VDD_SOC 4112mW/3986mW
08-11-2026 15:52:37 RAM 7073/7607MB (lfb 3x1MB) SWAP 1629/16384MB (cached 208MB) CPU [16%@1344,4%@1344,65%@1344,1%@1344,3%@1344,84%@1344] GR3D_FREQ 98% cpu@64C soc2@63.218C soc0@63.781C gpu@65.437C tj@65.437C soc1@62.843C VDD_IN 18085mW/17369mW VDD_CPU_GPU_CV 8627mW/8217mW VDD_SOC 4151mW/3986mW
08-11-2026 15:52:38 RAM 7076/7607MB (lfb 3x1MB) SWAP 1629/16384MB (cached 208MB) CPU [13%@729,2%@729,4%@729,8%@729,0%@1344,85%@1344] GR3D_FREQ 97% cpu@64C soc2@63.031C soc0@63.812C gpu@65.375C tj@65.375C soc1@62.718C VDD_IN 17732mW/17370mW VDD_CPU_GPU_CV 8159mW/8216mW VDD_SOC 4190mW/3987mW
08-11-2026 15:52:39 RAM 7079/7607MB (lfb 3x1MB) SWAP 1629/16384MB (cached 208MB) CPU [5%@729,16%@729,3%@729,8%@729,3%@1344,86%@1344] GR3D_FREQ 98% cpu@64.093C soc2@63.031C soc0@63.906C gpu@65.312C tj@65.312C soc1@62.781C VDD_IN 17850mW/17372mW VDD_CPU_GPU_CV 8120mW/8216mW VDD_SOC 4269mW/3988mW
08-11-2026 15:52:40 RAM 7080/7607MB (lfb 3x1MB) SWAP 1629/16384MB (cached 208MB) CPU [2%@729,1%@729,1%@729,4%@729,2%@1344,82%@1344] GR3D_FREQ 99% cpu@64.218C soc2@63.031C soc0@63.718C gpu@64.937C tj@64.937C soc1@62.781C VDD_IN 17497mW/17373mW VDD_CPU_GPU_CV 7573mW/8214mW VDD_SOC 4354mW/3990mW
08-11-2026 15:52:41 RAM 7083/7607MB (lfb 3x1MB) SWAP 1629/16384MB (cached 208MB) CPU [1%@729,2%@729,1%@729,5%@729,1%@1344,83%@1344] GR3D_FREQ 99% cpu@64.218C soc2@63.125C soc0@63.718C gpu@65.031C tj@65.031C soc1@62.906C VDD_IN 17615mW/17373mW VDD_CPU_GPU_CV 8159mW/8213mW VDD_SOC 4190mW/3990mW
08-11-2026 15:52:42 RAM 7083/7607MB (lfb 3x1MB) SWAP 1629/16384MB (cached 208MB) CPU [1%@729,1%@729,1%@729,5%@729,1%@1344,85%@1344] GR3D_FREQ 99% cpu@63.843C soc2@63.093C soc0@63.843C gpu@65.437C tj@65.437C soc1@62.875C VDD_IN 17889mW/17375mW VDD_CPU_GPU_CV 8471mW/8214mW VDD_SOC 4151mW/3991mW
08-11-2026 15:52:43 RAM 7085/7607MB (lfb 3x1MB) SWAP 1629/16384MB (cached 208MB) CPU [26%@729,4%@729,67%@729,5%@729,1%@729,91%@729] GR3D_FREQ 99% cpu@64.156C soc2@63.218C soc0@63.937C gpu@65.531C tj@65.531C soc1@62.781C VDD_IN 18203mW/17379mW VDD_CPU_GPU_CV 8901mW/8217mW VDD_SOC 4073mW/3991mW
08-11-2026 15:52:44 RAM 7084/7607MB (lfb 4x1MB) SWAP 1629/16384MB (cached 208MB) CPU [6%@1344,7%@1344,13%@1344,7%@1344,4%@1190,91%@1190] GR3D_FREQ 99% cpu@64.031C soc2@63.125C soc0@63.718C gpu@65.625C tj@65.625C soc1@62.781C VDD_IN 17968mW/17381mW VDD_CPU_GPU_CV 8784mW/8219mW VDD_SOC 4034mW/3991mW
08-11-2026 15:52:45 RAM 7085/7607MB (lfb 3x1MB) SWAP 1629/16384MB (cached 208MB) CPU [5%@729,0%@729,3%@729,2%@729,0%@1344,86%@1344] GR3D_FREQ 98% cpu@64.281C soc2@63.093C soc0@63.75C gpu@65.625C tj@65.625C soc1@62.781C VDD_IN 17850mW/17382mW VDD_CPU_GPU_CV 8784mW/8221mW VDD_SOC 3955mW/3991mW
08-11-2026 15:52:46 RAM 7073/7607MB (lfb 3x1MB) SWAP 1629/16384MB (cached 208MB) CPU [4%@729,1%@729,4%@729,5%@729,0%@1344,85%@1344] GR3D_FREQ 97% cpu@64.125C soc2@63.125C soc0@63.718C gpu@65.437C tj@65.437C soc1@62.875C VDD_IN 17811mW/17384mW VDD_CPU_GPU_CV 8705mW/8223mW VDD_SOC 3995mW/3991mW
08-11-2026 15:52:47 RAM 7074/7607MB (lfb 3x1MB) SWAP 1629/16384MB (cached 208MB) CPU [2%@729,1%@729,0%@729,6%@729,1%@1344,85%@1344] GR3D_FREQ 98% cpu@63.906C soc2@63.156C soc0@63.781C gpu@65.406C tj@65.406C soc1@62.75C VDD_IN 17850mW/17386mW VDD_CPU_GPU_CV 8705mW/8225mW VDD_SOC 3995mW/3991mW
08-11-2026 15:52:48 RAM 7076/7607MB (lfb 3x1MB) SWAP 1628/16384MB (cached 208MB) CPU [3%@1190,1%@1190,4%@1190,4%@1190,4%@1344,85%@1344] GR3D_FREQ 98% cpu@64C soc2@63.062C soc0@63.843C gpu@65.312C tj@65.312C soc1@62.781C VDD_IN 17889mW/17388mW VDD_CPU_GPU_CV 8666mW/8226mW VDD_SOC 4034mW/3991mW
08-11-2026 15:52:49 RAM 7080/7607MB (lfb 3x1MB) SWAP 1628/16384MB (cached 208MB) CPU [66%@729,8%@729,27%@729,17%@729,3%@1344,85%@1344] GR3D_FREQ 97% cpu@64.156C soc2@63.156C soc0@63.75C gpu@65.5C tj@65.5C soc1@62.843C VDD_IN 18282mW/17391mW VDD_CPU_GPU_CV 9003mW/8229mW VDD_SOC 4034mW/3992mW
08-11-2026 15:52:50 RAM 7080/7607MB (lfb 2x1MB) SWAP 1628/16384MB (cached 208MB) CPU [5%@729,0%@729,0%@729,3%@729,0%@1344,84%@1344] GR3D_FREQ 98% cpu@64.343C soc2@63.125C soc0@63.843C gpu@65.437C tj@65.437C soc1@62.812C VDD_IN 17732mW/17392mW VDD_CPU_GPU_CV 8432mW/8230mW VDD_SOC 4073mW/3992mW
08-11-2026 15:52:51 RAM 7081/7607MB (lfb 2x1MB) SWAP 1628/16384MB (cached 208MB) CPU [3%@729,4%@729,2%@729,1%@729,1%@1344,84%@1344] GR3D_FREQ 98% cpu@64.125C soc2@63.062C soc0@63.875C gpu@65.437C tj@65.437C soc1@62.937C VDD_IN 17772mW/17394mW VDD_CPU_GPU_CV 8354mW/8230mW VDD_SOC 4112mW/3992mW
08-11-2026 15:52:52 RAM 7081/7607MB (lfb 2x1MB) SWAP 1628/16384MB (cached 208MB) CPU [5%@729,1%@729,2%@729,2%@729,0%@1344,87%@1344] GR3D_FREQ 97% cpu@63.906C soc2@63.156C soc0@63.937C gpu@65.468C tj@65.468C soc1@62.812C VDD_IN 17772mW/17395mW VDD_CPU_GPU_CV 8315mW/8231mW VDD_SOC 4151mW/3993mW
08-11-2026 15:52:53 RAM 7081/7607MB (lfb 2x1MB) SWAP 1628/16384MB (cached 208MB) CPU [5%@729,3%@729,1%@729,2%@729,0%@1344,84%@1344] GR3D_FREQ 97% cpu@64C soc2@63.093C soc0@63.937C gpu@65.687C tj@65.687C soc1@62.812C VDD_IN 17772mW/17396mW VDD_CPU_GPU_CV 8120mW/8230mW VDD_SOC 4190mW/3994mW
08-11-2026 15:52:54 RAM 7085/7607MB (lfb 2x1MB) SWAP 1628/16384MB (cached 208MB) CPU [21%@1344,23%@1344,3%@1344,4%@1344,2%@1344,86%@1344] GR3D_FREQ 98% cpu@64.218C soc2@63.281C soc0@63.812C gpu@65.718C tj@65.718C soc1@62.843C VDD_IN 18125mW/17399mW VDD_CPU_GPU_CV 8354mW/8231mW VDD_SOC 4269mW/3995mW
08-11-2026 15:52:55 RAM 7085/7607MB (lfb 2x1MB) SWAP 1628/16384MB (cached 208MB) CPU [11%@729,52%@729,19%@729,2%@729,0%@1344,80%@1344] GR3D_FREQ 99% cpu@64.687C soc2@63.156C soc0@63.812C gpu@65.156C tj@65.156C soc1@62.875C VDD_IN 17615mW/17400mW VDD_CPU_GPU_CV 7886mW/8230mW VDD_SOC 4269mW/3996mW
08-11-2026 15:52:56 RAM 7075/7607MB (lfb 3x1MB) SWAP 1628/16384MB (cached 208MB) CPU [3%@729,1%@729,1%@729,4%@729,1%@1344,85%@1344] GR3D_FREQ 99% cpu@64.187C soc2@63.156C soc0@63.875C gpu@65.75C tj@65.75C soc1@62.937C VDD_IN 17732mW/17401mW VDD_CPU_GPU_CV 8354mW/8230mW VDD_SOC 4112mW/3996mW
08-11-2026 15:52:57 RAM 7077/7607MB (lfb 3x1MB) SWAP 1628/16384MB (cached 208MB) CPU [1%@729,2%@729,1%@729,8%@729,0%@1344,87%@1344] GR3D_FREQ 99% cpu@64.031C soc2@63.25C soc0@63.937C gpu@65.781C tj@65.781C soc1@62.875C VDD_IN 17929mW/17403mW VDD_CPU_GPU_CV 8510mW/8231mW VDD_SOC 4151mW/3997mW
08-11-2026 15:52:58 RAM 7077/7607MB (lfb 3x1MB) SWAP 1628/16384MB (cached 208MB) CPU [2%@729,1%@729,2%@729,5%@729,0%@729,94%@729] GR3D_FREQ 99% cpu@64.031C soc2@63.187C soc0@64.062C gpu@65.812C tj@65.812C soc1@62.812C VDD_IN 17850mW/17404mW VDD_CPU_GPU_CV 8705mW/8233mW VDD_SOC 4034mW/3997mW
08-11-2026 15:52:59 RAM 7081/7607MB (lfb 1x1MB) SWAP 1628/16384MB (cached 208MB) CPU [11%@729,18%@1344,4%@1344,5%@1344,3%@806,92%@806] GR3D_FREQ 99% cpu@64.125C soc2@63.343C soc0@63.843C gpu@65.437C tj@65.437C soc1@62.906C VDD_IN 18007mW/17407mW VDD_CPU_GPU_CV 8784mW/8235mW VDD_SOC 4034mW/3997mW
08-11-2026 15:53:00 RAM 7083/7607MB (lfb 1x1MB) SWAP 1628/16384MB (cached 208MB) CPU [30%@1344,2%@1344,2%@1344,10%@1344,0%@1344,91%@1344] GR3D_FREQ 98% cpu@64.406C soc2@63.375C soc0@63.906C gpu@65.718C tj@65.718C soc1@62.968C VDD_IN 18203mW/17409mW VDD_CPU_GPU_CV 9159mW/8238mW VDD_SOC 3955mW/3997mW
08-11-2026 15:53:01 RAM 7084/7607MB (lfb 1x1MB) SWAP 1628/16384MB (cached 208MB) CPU [41%@729,20%@729,5%@729,8%@729,0%@1344,86%@1344] GR3D_FREQ 98% cpu@64.031C soc2@63.218C soc0@63.968C gpu@65.718C tj@65.718C soc1@63C VDD_IN 18007mW/17411mW VDD_CPU_GPU_CV 8979mW/8241mW VDD_SOC 3995mW/3997mW
08-11-2026 15:53:02 RAM 7084/7607MB (lfb 1x1MB) SWAP 1628/16384MB (cached 208MB) CPU [2%@729,2%@729,4%@729,1%@729,0%@1344,83%@1344] GR3D_FREQ 98% cpu@64.125C soc2@63.343C soc0@63.937C gpu@65.687C tj@65.687C soc1@62.906C VDD_IN 17811mW/17413mW VDD_CPU_GPU_CV 8744mW/8242mW VDD_SOC 3995mW/3997mW
08-11-2026 15:53:03 RAM 7085/7607MB (lfb 1x1MB) SWAP 1628/16384MB (cached 208MB) CPU [4%@729,2%@729,5%@729,2%@729,0%@1344,84%@1344] GR3D_FREQ 98% cpu@64.062C soc2@63.25C soc0@63.812C gpu@66C tj@66C soc1@62.875C VDD_IN 17772mW/17414mW VDD_CPU_GPU_CV 8627mW/8244mW VDD_SOC 3995mW/3997mW
08-11-2026 15:53:04 RAM 7089/7607MB (lfb 1x1MB) SWAP 1628/16384MB (cached 208MB) CPU [16%@1190,3%@1190,11%@1190,3%@1190,1%@1344,85%@1344] GR3D_FREQ 97% cpu@64.218C soc2@63.218C soc0@63.937C gpu@65.406C tj@65.406C soc1@62.937C VDD_IN 17968mW/17416mW VDD_CPU_GPU_CV 8744mW/8245mW VDD_SOC 4034mW/3997mW
08-11-2026 15:53:05 RAM 7090/7607MB (lfb 1x1MB) SWAP 1628/16384MB (cached 208MB) CPU [1%@729,0%@729,6%@729,2%@729,0%@1344,84%@1344] GR3D_FREQ 98% cpu@64.312C soc2@63.187C soc0@63.906C gpu@65.531C tj@65.531C soc1@62.906C VDD_IN 17732mW/17417mW VDD_CPU_GPU_CV 8510mW/8246mW VDD_SOC 4034mW/3997mW
08-11-2026 15:53:06 RAM 7093/7607MB (lfb 1x1MB) SWAP 1628/16384MB (cached 208MB) CPU [4%@1344,44%@1344,5%@1344,3%@1344,1%@1344,85%@1344] GR3D_FREQ 97% cpu@64.031C soc2@63.281C soc0@63.968C gpu@65.437C tj@65.437C soc1@62.812C VDD_IN 18125mW/17420mW VDD_CPU_GPU_CV 8730mW/8248mW VDD_SOC 4112mW/3997mW
08-11-2026 15:53:07 RAM 7094/7607MB (lfb 1x1MB) SWAP 1628/16384MB (cached 208MB) CPU [9%@729,26%@729,19%@729,5%@729,0%@1344,86%@1344] GR3D_FREQ 98% cpu@64.125C soc2@63.125C soc0@64C gpu@65.5C tj@65.5C soc1@62.843C VDD_IN 17968mW/17421mW VDD_CPU_GPU_CV 8510mW/8249mW VDD_SOC 4151mW/3998mW
08-11-2026 15:53:08 RAM 7095/7607MB (lfb 1x1MB) SWAP 1628/16384MB (cached 208MB) CPU [3%@729,1%@729,2%@729,8%@729,1%@1344,84%@1344] GR3D_FREQ 98% cpu@64.187C soc2@63.218C soc0@63.906C gpu@65.406C tj@65.593C soc1@62.875C VDD_IN 17732mW/17423mW VDD_CPU_GPU_CV 8198mW/8249mW VDD_SOC 4190mW/3999mW
08-11-2026 15:53:09 RAM 7096/7607MB (lfb 1x1MB) SWAP 1628/16384MB (cached 208MB) CPU [4%@1344,3%@1344,3%@1344,9%@1344,0%@1344,85%@1344] GR3D_FREQ 98% cpu@64.218C soc2@63.125C soc0@63.906C gpu@65.531C tj@65.531C soc1@62.843C VDD_IN 17850mW/17424mW VDD_CPU_GPU_CV 8198mW/8249mW VDD_SOC 4230mW/3999mW
08-11-2026 15:53:10 RAM 7096/7607MB (lfb 1x1MB) SWAP 1628/16384MB (cached 208MB) CPU [5%@729,8%@729,4%@729,7%@729,1%@1344,84%@1344] GR3D_FREQ 98% cpu@64.343C soc2@63.281C soc0@63.843C gpu@65.562C tj@65.562C soc1@63C VDD_IN 17850mW/17425mW VDD_CPU_GPU_CV 8042mW/8248mW VDD_SOC 4308mW/4000mW
08-11-2026 15:53:11 RAM 7097/7607MB (lfb 1x1MB) SWAP 1628/16384MB (cached 208MB) CPU [3%@729,4%@729,1%@729,1%@729,1%@1344,87%@1344] GR3D_FREQ 99% cpu@64.156C soc2@63.125C soc0@63.875C gpu@65.312C tj@65.312C soc1@62.781C VDD_IN 17693mW/17426mW VDD_CPU_GPU_CV 7808mW/8246mW VDD_SOC 4347mW/4002mW
08-11-2026 15:53:12 RAM 7097/7607MB (lfb 1x1MB) SWAP 1628/16384MB (cached 208MB) CPU [54%@1344,6%@1344,2%@1344,2%@1344,2%@1344,85%@1344] GR3D_FREQ 99% cpu@64.281C soc2@63.25C soc0@64C gpu@65.281C tj@65.281C soc1@62.843C VDD_IN 18125mW/17429mW VDD_CPU_GPU_CV 8549mW/8247mW VDD_SOC 4230mW/4002mW
08-11-2026 15:53:13 RAM 7098/7607MB (lfb 1x1MB) SWAP 1628/16384MB (cached 208MB) CPU [16%@729,6%@729,22%@729,4%@729,0%@1344,86%@1344] GR3D_FREQ 99% cpu@64.218C soc2@63.125C soc0@63.843C gpu@65.562C tj@65.562C soc1@62.843C VDD_IN 17889mW/17430mW VDD_CPU_GPU_CV 8588mW/8249mW VDD_SOC 4112mW/4003mW
08-11-2026 15:53:14 RAM 7099/7607MB (lfb 1x1MB) SWAP 1628/16384MB (cached 208MB) CPU [3%@729,1%@729,5%@729,0%@729,0%@729,87%@729] GR3D_FREQ 99% cpu@64.031C soc2@63.156C soc0@63.843C gpu@65.625C tj@65.625C soc1@62.875C VDD_IN 17772mW/17431mW VDD_CPU_GPU_CV 8588mW/8250mW VDD_SOC 4034mW/4003mW
08-11-2026 15:53:15 RAM 7100/7607MB (lfb 1x1MB) SWAP 1628/16384MB (cached 208MB) CPU [5%@729,5%@729,16%@729,11%@729,1%@729,92%@729] GR3D_FREQ 99% cpu@63.906C soc2@63.187C soc0@63.906C gpu@65.218C tj@65.218C soc1@62.781C VDD_IN 17575mW/17432mW VDD_CPU_GPU_CV 8471mW/8250mW VDD_SOC 3995mW/4003mW
08-11-2026 15:53:16 RAM 7101/7607MB (lfb 1x1MB) SWAP 1628/16384MB (cached 208MB) CPU [2%@729,4%@729,1%@729,1%@729,1%@1344,91%@1344] GR3D_FREQ 98% cpu@64.031C soc2@63.062C soc0@63.906C gpu@65.875C tj@65.875C soc1@62.812C VDD_IN 17850mW/17433mW VDD_CPU_GPU_CV 8823mW/8252mW VDD_SOC 3955mW/4003mW
08-11-2026 15:53:17 RAM 7101/7607MB (lfb 1x1MB) SWAP 1628/16384MB (cached 208MB) CPU [1%@729,4%@729,2%@729,2%@729,0%@1344,86%@1344] GR3D_FREQ 98% cpu@64.031C soc2@63.187C soc0@63.843C gpu@65.812C tj@65.812C soc1@62.812C VDD_IN 17889mW/17435mW VDD_CPU_GPU_CV 8823mW/8254mW VDD_SOC 3995mW/4003mW
08-11-2026 15:53:18 RAM 7100/7607MB (lfb 1x1MB) SWAP 1628/16384MB (cached 208MB) CPU [4%@1344,6%@1344,2%@1344,67%@1344,0%@1344,85%@1344] GR3D_FREQ 99% cpu@64.5C soc2@63.281C soc0@63.843C gpu@65.875C tj@65.875C soc1@62.875C VDD_IN 18321mW/17438mW VDD_CPU_GPU_CV 9159mW/8257mW VDD_SOC 3995mW/4003mW
08-11-2026 15:53:19 RAM 7101/7607MB (lfb 1x1MB) SWAP 1628/16384MB (cached 208MB) CPU [21%@729,5%@729,9%@729,6%@729,0%@1344,85%@1344] GR3D_FREQ 98% cpu@64C soc2@63.156C soc0@63.875C gpu@65.812C tj@65.812C soc1@63C VDD_IN 17968mW/17440mW VDD_CPU_GPU_CV 8823mW/8259mW VDD_SOC 3995mW/4003mW
08-11-2026 15:53:20 RAM 7103/7607MB (lfb 1x1MB) SWAP 1628/16384MB (cached 208MB) CPU [6%@729,4%@729,7%@729,8%@729,11%@1344,87%@1344] GR3D_FREQ 98% cpu@64.031C soc2@63.312C soc0@63.906C gpu@65.812C tj@65.812C soc1@62.843C VDD_IN 17929mW/17441mW VDD_CPU_GPU_CV 8744mW/8261mW VDD_SOC 4034mW/4003mW
08-11-2026 15:53:21 RAM 7103/7607MB (lfb 1x1MB) SWAP 1628/16384MB (cached 208MB) CPU [2%@729,3%@729,3%@729,1%@729,0%@1344,86%@1344] GR3D_FREQ 97% cpu@64.125C soc2@63.187C soc0@63.906C gpu@65.468C tj@65.468C soc1@62.906C VDD_IN 17889mW/17443mW VDD_CPU_GPU_CV 8666mW/8262mW VDD_SOC 4034mW/4003mW
08-11-2026 15:53:22 RAM 7104/7607MB (lfb 1x1MB) SWAP 1628/16384MB (cached 208MB) CPU [1%@729,2%@729,2%@729,4%@729,0%@1344,86%@1344] GR3D_FREQ 98% cpu@64.031C soc2@63.125C soc0@63.875C gpu@65.531C tj@65.531C soc1@62.812C VDD_IN 17889mW/17444mW VDD_CPU_GPU_CV 8588mW/8263mW VDD_SOC 4073mW/4003mW
08-11-2026 15:53:23 RAM 7105/7607MB (lfb 1x1MB) SWAP 1628/16384MB (cached 208MB) CPU [3%@729,1%@729,2%@729,5%@729,1%@1344,85%@1344] GR3D_FREQ 99% cpu@64.218C soc2@63.187C soc0@63.812C gpu@65.562C tj@65.562C soc1@62.906C VDD_IN 17811mW/17445mW VDD_CPU_GPU_CV 8432mW/8264mW VDD_SOC 4112mW/4003mW
08-11-2026 15:53:24 RAM 7104/7607MB (lfb 1x1MB) SWAP 1628/16384MB (cached 208MB) CPU [5%@1344,66%@1344,18%@1344,5%@1344,0%@1344,82%@1344] GR3D_FREQ 98% cpu@64.281C soc2@63.218C soc0@63.875C gpu@65.593C tj@65.593C soc1@63C VDD_IN 18360mW/17448mW VDD_CPU_GPU_CV 8808mW/8265mW VDD_SOC 4151mW/4004mW
08-11-2026 15:53:25 RAM 7104/7607MB (lfb 1x1MB) SWAP 1628/16384MB (cached 208MB) CPU [6%@729,22%@729,9%@729,5%@729,1%@1344,83%@1344] GR3D_FREQ 97% cpu@64.062C soc2@63.187C soc0@63.937C gpu@65.468C tj@65.468C soc1@62.781C VDD_IN 17811mW/17449mW VDD_CPU_GPU_CV 8198mW/8265mW VDD_SOC 4230mW/4005mW
08-11-2026 15:53:26 RAM 7105/7607MB (lfb 1x1MB) SWAP 1628/16384MB (cached 208MB) CPU [2%@729,2%@729,4%@729,4%@729,0%@1344,86%@1344] GR3D_FREQ 98% cpu@64.156C soc2@63.125C soc0@63.843C gpu@65.531C tj@65.531C soc1@62.843C VDD_IN 17850mW/17451mW VDD_CPU_GPU_CV 8120mW/8265mW VDD_SOC 4269mW/4005mW
08-11-2026 15:53:27 RAM 7105/7607MB (lfb 1x1MB) SWAP 1628/16384MB (cached 208MB) CPU [2%@729,1%@729,2%@729,4%@729,0%@1344,85%@1344] GR3D_FREQ 98% cpu@64.156C soc2@63.218C soc0@63.968C gpu@65.718C tj@65.718C soc1@62.843C VDD_IN 17693mW/17452mW VDD_CPU_GPU_CV 7847mW/8263mW VDD_SOC 4308mW/4006mW
08-11-2026 15:53:28 RAM 7105/7607MB (lfb 1x1MB) SWAP 1628/16384MB (cached 208MB) CPU [2%@729,2%@729,3%@729,3%@729,0%@1344,83%@1344] GR3D_FREQ 99% cpu@64.406C soc2@63.156C soc0@63.687C gpu@65.281C tj@65.281C soc1@62.875C VDD_IN 17379mW/17451mW VDD_CPU_GPU_CV 7847mW/8262mW VDD_SOC 4197mW/4007mW
08-11-2026 15:53:29 RAM 7106/7607MB (lfb 1x1MB) SWAP 1628/16384MB (cached 208MB) CPU [2%@729,3%@729,0%@729,6%@729,1%@1344,83%@1344] GR3D_FREQ 97% cpu@64C soc2@63.281C soc0@63.875C gpu@65.437C tj@65.437C soc1@62.937C VDD_IN 17772mW/17452mW VDD_CPU_GPU_CV 8354mW/8262mW VDD_SOC 4151mW/4007mW
08-11-2026 15:53:30 RAM 7107/7607MB (lfb 1x1MB) SWAP 1628/16384MB (cached 208MB) CPU [15%@729,16%@729,30%@729,67%@729,2%@729,91%@729] GR3D_FREQ 99% cpu@64.062C soc2@63.343C soc0@63.875C gpu@65.437C tj@65.437C soc1@62.812C VDD_IN 18282mW/17455mW VDD_CPU_GPU_CV 8925mW/8264mW VDD_SOC 4073mW/4008mW
08-11-2026 15:53:31 RAM 7107/7607MB (lfb 1x1MB) SWAP 1628/16384MB (cached 208MB) CPU [5%@729,5%@729,2%@729,1%@729,0%@1190,91%@1190] GR3D_FREQ 99% cpu@64.031C soc2@63.281C soc0@63.875C gpu@65.5C tj@65.5C soc1@62.875C VDD_IN 17929mW/17456mW VDD_CPU_GPU_CV 8744mW/8266mW VDD_SOC 3995mW/4008mW
08-11-2026 15:53:32 RAM 7108/7607MB (lfb 1x1MB) SWAP 1628/16384MB (cached 208MB) CPU [3%@729,5%@729,1%@729,1%@729,0%@1344,89%@1344] GR3D_FREQ 98% cpu@64.343C soc2@63.093C soc0@63.875C gpu@65.656C tj@65.656C soc1@62.843C VDD_IN 17889mW/17458mW VDD_CPU_GPU_CV 8823mW/8268mW VDD_SOC 3995mW/4008mW
08-11-2026 15:53:33 RAM 7115/7607MB (lfb 1x1MB) SWAP 1628/16384MB (cached 208MB) CPU [3%@1113,5%@1113,13%@1113,4%@1113,1%@1344,86%@1344] GR3D_FREQ 98% cpu@64.281C soc2@63.218C soc0@63.875C gpu@65.718C tj@65.718C soc1@62.937C VDD_IN 18007mW/17460mW VDD_CPU_GPU_CV 8886mW/8270mW VDD_SOC 3995mW/4008mW
08-11-2026 15:53:34 RAM 7109/7607MB (lfb 1x1MB) SWAP 1628/16384MB (cached 208MB) CPU [51%@1344,3%@1344,3%@1344,7%@1344,0%@1344,82%@1344] GR3D_FREQ 98% cpu@64.093C soc2@63.468C soc0@63.843C gpu@65.75C tj@65.75C soc1@62.968C VDD_IN 18242mW/17462mW VDD_CPU_GPU_CV 9081mW/8272mW VDD_SOC 3995mW/4008mW
08-11-2026 15:53:35 RAM 7111/7607MB (lfb 1x1MB) SWAP 1627/16384MB (cached 208MB) CPU [32%@1344,24%@1344,11%@1344,24%@1344,1%@1344,85%@1344] GR3D_FREQ 98% cpu@64.093C soc2@63.375C soc0@64.031C gpu@65.687C tj@65.687C soc1@62.843C VDD_IN 18282mW/17465mW VDD_CPU_GPU_CV 9003mW/8275mW VDD_SOC 4034mW/4008mW
08-11-2026 15:53:36 RAM 7111/7607MB (lfb 1x1MB) SWAP 1627/16384MB (cached 208MB) CPU [61%@729,4%@729,6%@729,23%@729,0%@1344,87%@1344] GR3D_FREQ 98% cpu@64.156C soc2@63.156C soc0@63.875C gpu@65.781C tj@65.781C soc1@62.875C VDD_IN 18282mW/17467mW VDD_CPU_GPU_CV 9003mW/8277mW VDD_SOC 4073mW/4008mW
08-11-2026 15:53:37 RAM 7112/7607MB (lfb 1x1MB) SWAP 1627/16384MB (cached 208MB) CPU [5%@729,2%@729,2%@729,2%@729,0%@1344,84%@1344] GR3D_FREQ 98% cpu@64.343C soc2@63.281C soc0@63.875C gpu@65.75C tj@65.75C soc1@62.875C VDD_IN 17850mW/17468mW VDD_CPU_GPU_CV 8549mW/8278mW VDD_SOC 4073mW/4008mW
08-11-2026 15:53:38 RAM 7112/7607MB (lfb 1x1MB) SWAP 1627/16384MB (cached 208MB) CPU [2%@729,2%@729,2%@729,5%@729,0%@1344,83%@1344] GR3D_FREQ 98% cpu@64.25C soc2@63.187C soc0@63.906C gpu@65.5C tj@65.5C soc1@62.906C VDD_IN 17732mW/17469mW VDD_CPU_GPU_CV 8354mW/8278mW VDD_SOC 4112mW/4008mW
08-11-2026 15:53:39 RAM 7113/7607MB (lfb 1x1MB) SWAP 1627/16384MB (cached 208MB) CPU [2%@729,4%@729,1%@729,5%@729,2%@1344,86%@1344] GR3D_FREQ 98% cpu@64.031C soc2@63.281C soc0@63.968C gpu@65.531C tj@65.531C soc1@62.843C VDD_IN 17850mW/17470mW VDD_CPU_GPU_CV 8354mW/8278mW VDD_SOC 4151mW/4009mW
08-11-2026 15:53:40 RAM 7114/7607MB (lfb 1x1MB) SWAP 1627/16384MB (cached 208MB) CPU [9%@729,7%@729,16%@729,4%@729,0%@1344,83%@1344] GR3D_FREQ 98% cpu@64.125C soc2@63.25C soc0@63.937C gpu@65.406C tj@65.406C soc1@62.812C VDD_IN 17811mW/17471mW VDD_CPU_GPU_CV 8198mW/8278mW VDD_SOC 4190mW/4009mW
08-11-2026 15:53:41 RAM 7113/7607MB (lfb 1x1MB) SWAP 1627/16384MB (cached 208MB) CPU [24%@1344,2%@1344,7%@1344,5%@1344,0%@1344,86%@1344] GR3D_FREQ 98% cpu@64.187C soc2@63.281C soc0@63.812C gpu@65.531C tj@65.531C soc1@62.906C VDD_IN 18085mW/17473mW VDD_CPU_GPU_CV 8301mW/8278mW VDD_SOC 4269mW/4010mW
08-11-2026 15:53:42 RAM 7114/7607MB (lfb 1x1MB) SWAP 1627/16384MB (cached 208MB) CPU [48%@729,20%@729,2%@729,6%@729,0%@1344,84%@1344] GR3D_FREQ 99% cpu@64.625C soc2@63.281C soc0@63.937C gpu@65.093C tj@65.093C soc1@62.906C VDD_IN 18007mW/17475mW VDD_CPU_GPU_CV 7964mW/8277mW VDD_SOC 4386mW/4011mW
08-11-2026 15:53:43 RAM 7114/7607MB (lfb 1x1MB) SWAP 1627/16384MB (cached 208MB) CPU [2%@729,2%@729,4%@729,2%@729,0%@1344,86%@1344] GR3D_FREQ 99% cpu@64.093C soc2@63.187C soc0@63.875C gpu@65.75C tj@65.75C soc1@63C VDD_IN 17693mW/17476mW VDD_CPU_GPU_CV 8315mW/8277mW VDD_SOC 4151mW/4012mW
08-11-2026 15:53:44 RAM 7114/7607MB (lfb 1x1MB) SWAP 1627/16384MB (cached 208MB) CPU [2%@729,4%@729,5%@729,1%@729,0%@1344,92%@1344] GR3D_FREQ 99% cpu@64.031C soc2@63.25C soc0@63.937C gpu@65.843C tj@65.843C soc1@63.062C VDD_IN 17929mW/17477mW VDD_CPU_GPU_CV 8666mW/8278mW VDD_SOC 4112mW/4012mW
08-11-2026 15:53:45 RAM 7115/7607MB (lfb 1x1MB) SWAP 1627/16384MB (cached 208MB) CPU [4%@729,4%@729,7%@729,4%@729,2%@729,84%@729] GR3D_FREQ 99% cpu@64.218C soc2@63.187C soc0@63.781C gpu@65.843C tj@65.843C soc1@62.812C VDD_IN 17379mW/17477mW VDD_CPU_GPU_CV 8393mW/8279mW VDD_SOC 4001mW/4012mW
08-11-2026 15:53:46 RAM 7115/7607MB (lfb 1x1MB) SWAP 1627/16384MB (cached 208MB) CPU [93%@806,3%@806,2%@806,5%@806,1%@729,7%@729] GR3D_FREQ 99% cpu@64.156C soc2@63.437C soc0@63.906C gpu@65.781C tj@65.781C soc1@62.937C VDD_IN 17693mW/17477mW VDD_CPU_GPU_CV 8510mW/8279mW VDD_SOC 4034mW/4012mW
08-11-2026 15:53:47 RAM 7117/7607MB (lfb 1x1MB) SWAP 1627/16384MB (cached 208MB) CPU [66%@1344,38%@1344,4%@1344,2%@1344,27%@1344,1%@1344] GR3D_FREQ 98% cpu@64.281C soc2@63.343C soc0@63.875C gpu@65.687C tj@65.687C soc1@63C VDD_IN 18321mW/17480mW VDD_CPU_GPU_CV 9159mW/8282mW VDD_SOC 3995mW/4012mW
08-11-2026 15:53:48 RAM 7117/7607MB (lfb 1x1MB) SWAP 1627/16384MB (cached 208MB) CPU [5%@729,33%@729,19%@729,8%@729,87%@1344,0%@1344] GR3D_FREQ 98% cpu@64C soc2@63.312C soc0@63.937C gpu@65.718C tj@65.718C soc1@62.906C VDD_IN 18085mW/17482mW VDD_CPU_GPU_CV 8964mW/8284mW VDD_SOC 3995mW/4012mW
08-11-2026 15:53:49 RAM 7118/7607MB (lfb 1x1MB) SWAP 1627/16384MB (cached 208MB) CPU [1%@729,1%@729,2%@729,7%@729,85%@1344,0%@1344] GR3D_FREQ 98% cpu@64.031C soc2@63.312C soc0@63.906C gpu@65.625C tj@65.625C soc1@62.875C VDD_IN 17929mW/17483mW VDD_CPU_GPU_CV 8784mW/8286mW VDD_SOC 3995mW/4012mW
08-11-2026 15:53:50 RAM 7118/7607MB (lfb 1x1MB) SWAP 1627/16384MB (cached 208MB) CPU [2%@729,1%@729,1%@729,5%@729,87%@1344,1%@1344] GR3D_FREQ 98% cpu@64C soc2@63.187C soc0@63.875C gpu@65.75C tj@65.75C soc1@62.906C VDD_IN 17929mW/17484mW VDD_CPU_GPU_CV 8784mW/8287mW VDD_SOC 3995mW/4012mW
08-11-2026 15:53:51 RAM 7119/7607MB (lfb 1x1MB) SWAP 1627/16384MB (cached 208MB) CPU [4%@729,8%@729,8%@729,17%@729,85%@1344,1%@1344] GR3D_FREQ 98% cpu@64.093C soc2@63.25C soc0@63.968C gpu@65.75C tj@65.75C soc1@63C VDD_IN 17968mW/17486mW VDD_CPU_GPU_CV 8744mW/8289mW VDD_SOC 4034mW/4012mW
08-11-2026 15:53:52 RAM 7120/7607MB (lfb 1x1MB) SWAP 1627/16384MB (cached 208MB) CPU [3%@729,2%@729,5%@729,5%@729,86%@1344,0%@1344] GR3D_FREQ 97% cpu@64.218C soc2@63.343C soc0@63.875C gpu@65.937C tj@65.937C soc1@63C VDD_IN 17889mW/17487mW VDD_CPU_GPU_CV 8666mW/8290mW VDD_SOC 4034mW/4012mW
08-11-2026 15:53:53 RAM 7121/7607MB (lfb 1x1MB) SWAP 1627/16384MB (cached 208MB) CPU [10%@1344,47%@1344,3%@1344,5%@1344,30%@1344,52%@1344] GR3D_FREQ 98% cpu@64.218C soc2@63.375C soc0@64.031C gpu@65.593C tj@65.593C soc1@62.937C VDD_IN 18164mW/17489mW VDD_CPU_GPU_CV 8808mW/8291mW VDD_SOC 4073mW/4012mW
08-11-2026 15:53:54 RAM 7122/7607MB (lfb 1x1MB) SWAP 1627/16384MB (cached 208MB) CPU [4%@729,20%@729,20%@729,8%@729,1%@1344,82%@1344] GR3D_FREQ 98% cpu@64.25C soc2@63.25C soc0@64.062C gpu@65.531C tj@65.531C soc1@62.937C VDD_IN 17889mW/17490mW VDD_CPU_GPU_CV 8471mW/8292mW VDD_SOC 4112mW/4012mW
08-11-2026 15:53:55 RAM 7122/7607MB (lfb 1x1MB) SWAP 1627/16384MB (cached 208MB) CPU [5%@729,2%@729,2%@729,2%@729,0%@1344,83%@1344] GR3D_FREQ 98% cpu@64.375C soc2@63.25C soc0@63.937C gpu@65.5C tj@65.5C soc1@62.968C VDD_IN 17732mW/17491mW VDD_CPU_GPU_CV 8198mW/8291mW VDD_SOC 4190mW/4013mW
08-11-2026 15:53:56 RAM 7123/7607MB (lfb 1x1MB) SWAP 1627/16384MB (cached 208MB) CPU [2%@729,5%@729,8%@729,18%@729,0%@1344,83%@1344] GR3D_FREQ 98% cpu@64.156C soc2@63.218C soc0@63.875C gpu@65.687C tj@65.687C soc1@62.968C VDD_IN 17654mW/17492mW VDD_CPU_GPU_CV 8003mW/8291mW VDD_SOC 4230mW/4014mW
08-11-2026 15:53:57 RAM 7124/7607MB (lfb 1x1MB) SWAP 1627/16384MB (cached 208MB) CPU [2%@729,2%@729,2%@729,5%@729,0%@1344,86%@1344] GR3D_FREQ 98% cpu@64.562C soc2@63.312C soc0@64.031C gpu@65.656C tj@65.656C soc1@63.062C VDD_IN 17772mW/17492mW VDD_CPU_GPU_CV 7847mW/8289mW VDD_SOC 4308mW/4015mW
08-11-2026 15:53:58 RAM 7124/7607MB (lfb 1x1MB) SWAP 1627/16384MB (cached 208MB) CPU [1%@729,2%@729,1%@729,6%@729,0%@1344,83%@1344] GR3D_FREQ 99% cpu@64.375C soc2@63.281C soc0@63.843C gpu@65.281C tj@65.281C soc1@62.875C VDD_IN 17497mW/17492mW VDD_CPU_GPU_CV 7925mW/8288mW VDD_SOC 4237mW/4015mW
08-11-2026 15:53:59 RAM 7125/7607MB (lfb 1x1MB) SWAP 1627/16384MB (cached 208MB) CPU [7%@1344,63%@1344,2%@1344,5%@1344,1%@1344,84%@1344] GR3D_FREQ 99% cpu@64.375C soc2@63.343C soc0@63.937C gpu@65.781C tj@65.781C soc1@62.937C VDD_IN 18321mW/17495mW VDD_CPU_GPU_CV 8886mW/8290mW VDD_SOC 4151mW/4016mW
08-11-2026 15:54:00 RAM 7126/7607MB (lfb 1x1MB) SWAP 1627/16384MB (cached 208MB) CPU [5%@729,10%@729,3%@729,20%@729,1%@729,89%@729] GR3D_FREQ 99% cpu@64.406C soc2@63.25C soc0@63.937C gpu@65.437C tj@65.437C soc1@62.968C VDD_IN 17447mW/17495mW VDD_CPU_GPU_CV 8315mW/8290mW VDD_SOC 4001mW/4016mW
08-11-2026 15:54:01 RAM 7126/7607MB (lfb 1x1MB) SWAP 1627/16384MB (cached 208MB) CPU [17%@729,9%@729,9%@729,4%@729,0%@1113,91%@1113] GR3D_FREQ 99% cpu@64.25C soc2@63.343C soc0@64C gpu@65.687C tj@65.687C soc1@63.062C VDD_IN 17968mW/17496mW VDD_CPU_GPU_CV 8823mW/8292mW VDD_SOC 4034mW/4016mW
08-11-2026 15:54:02 RAM 7126/7607MB (lfb 1x1MB) SWAP 1627/16384MB (cached 208MB) CPU [1%@729,4%@729,3%@729,2%@729,0%@1344,90%@1344] GR3D_FREQ 97% cpu@64.5C soc2@63.281C soc0@64.031C gpu@65.687C tj@65.687C soc1@62.906C VDD_IN 17968mW/17497mW VDD_CPU_GPU_CV 8901mW/8293mW VDD_SOC 3995mW/4016mW
08-11-2026 15:54:03 RAM 7127/7607MB (lfb 1x1MB) SWAP 1626/16384MB (cached 209MB) CPU [3%@729,3%@729,2%@729,7%@729,0%@1344,86%@1344] GR3D_FREQ 98% cpu@64.125C soc2@63.312C soc0@64.062C gpu@65.687C tj@65.687C soc1@62.875C VDD_IN 17889mW/17499mW VDD_CPU_GPU_CV 8823mW/8295mW VDD_SOC 3995mW/4015mW
08-11-2026 15:54:04 RAM 7127/7607MB (lfb 1x1MB) SWAP 1626/16384MB (cached 209MB) CPU [2%@729,2%@729,0%@729,4%@729,0%@1344,85%@1344] GR3D_FREQ 97% cpu@64.125C soc2@63.312C soc0@63.937C gpu@65.562C tj@65.562C soc1@62.875C VDD_IN 17929mW/17500mW VDD_CPU_GPU_CV 8784mW/8296mW VDD_SOC 3995mW/4015mW
08-11-2026 15:54:05 RAM 7128/7607MB (lfb 1x1MB) SWAP 1626/16384MB (cached 209MB) CPU [7%@1344,12%@1344,66%@1344,3%@1344,1%@1344,83%@1344] GR3D_FREQ 98% cpu@64.5C soc2@63.406C soc0@64C gpu@65.625C tj@65.625C soc1@62.906C VDD_IN 18321mW/17502mW VDD_CPU_GPU_CV 9081mW/8299mW VDD_SOC 4034mW/4015mW
08-11-2026 15:54:06 RAM 7129/7607MB (lfb 1x1MB) SWAP 1626/16384MB (cached 209MB) CPU [10%@729,24%@729,4%@729,16%@729,1%@1344,83%@1344] GR3D_FREQ 98% cpu@64.093C soc2@63.281C soc0@63.812C gpu@65.812C tj@65.812C soc1@63.031C VDD_IN 18007mW/17504mW VDD_CPU_GPU_CV 8744mW/8300mW VDD_SOC 4034mW/4016mW
08-11-2026 15:54:07 RAM 7130/7607MB (lfb 1x1MB) SWAP 1626/16384MB (cached 209MB) CPU [4%@729,1%@729,4%@729,2%@729,0%@1344,83%@1344] GR3D_FREQ 97% cpu@64.156C soc2@63.281C soc0@64.062C gpu@65.812C tj@65.812C soc1@63.156C VDD_IN 17772mW/17504mW VDD_CPU_GPU_CV 8471mW/8300mW VDD_SOC 4073mW/4016mW
08-11-2026 15:54:08 RAM 7131/7607MB (lfb 1x1MB) SWAP 1626/16384MB (cached 209MB) CPU [3%@729,2%@729,3%@729,3%@729,0%@1344,86%@1344] GR3D_FREQ 97% cpu@64.093C soc2@63.343C soc0@64.093C gpu@65.812C tj@65.812C soc1@62.937C VDD_IN 17850mW/17505mW VDD_CPU_GPU_CV 8471mW/8301mW VDD_SOC 4112mW/4016mW
08-11-2026 15:54:09 RAM 7132/7607MB (lfb 1x1MB) SWAP 1626/16384MB (cached 209MB) CPU [3%@729,0%@729,4%@729,4%@729,0%@1344,86%@1344] GR3D_FREQ 97% cpu@64.125C soc2@63.25C soc0@63.937C gpu@65.812C tj@65.812C soc1@62.937C VDD_IN 17889mW/17506mW VDD_CPU_GPU_CV 8432mW/8301mW VDD_SOC 4151mW/4016mW
08-11-2026 15:54:10 RAM 7133/7607MB (lfb 1x1MB) SWAP 1626/16384MB (cached 209MB) CPU [4%@729,2%@729,3%@729,2%@729,0%@1344,84%@1344] GR3D_FREQ 98% cpu@64.343C soc2@63.218C soc0@63.875C gpu@65.468C tj@65.468C soc1@63.062C VDD_IN 17615mW/17507mW VDD_CPU_GPU_CV 8042mW/8300mW VDD_SOC 4190mW/4017mW
08-11-2026 15:54:11 RAM 7134/7607MB (lfb 1x1MB) SWAP 1625/16384MB (cached 209MB) CPU [11%@729,67%@729,9%@729,27%@729,28%@1344,69%@1344] GR3D_FREQ 97% cpu@64.312C soc2@63.406C soc0@63.937C gpu@65.562C tj@65.562C soc1@62.968C VDD_IN 18369mW/17509mW VDD_CPU_GPU_CV 8613mW/8301mW VDD_SOC 4269mW/4018mW
08-11-2026 15:54:12 RAM 7134/7607MB (lfb 1x1MB) SWAP 1625/16384MB (cached 209MB) CPU [50%@1344,3%@1344,5%@1344,3%@1344,39%@729,0%@729] GR3D_FREQ 98% cpu@64.281C soc2@63.437C soc0@64.031C gpu@65.531C tj@65.531C soc1@62.906C VDD_IN 17772mW/17510mW VDD_CPU_GPU_CV 8003mW/8300mW VDD_SOC 4308mW/4018mW
08-11-2026 15:54:13 RAM 7135/7607MB (lfb 1x1MB) SWAP 1625/16384MB (cached 209MB) CPU [86%@1344,4%@1344,1%@1344,1%@1344,0%@729,1%@729] GR3D_FREQ 99% cpu@64.375C soc2@63.406C soc0@63.75C gpu@65.125C tj@65.125C soc1@62.906C VDD_IN 17693mW/17510mW VDD_CPU_GPU_CV 7847mW/8299mW VDD_SOC 4308mW/4019mW
08-11-2026 15:54:14 RAM 7135/7607MB (lfb 1x1MB) SWAP 1625/16384MB (cached 209MB) CPU [87%@1344,3%@1344,2%@1344,4%@1344,0%@729,0%@729] GR3D_FREQ 99% cpu@64.218C soc2@63.406C soc0@63.937C gpu@65.406C tj@65.406C soc1@62.906C VDD_IN 17732mW/17511mW VDD_CPU_GPU_CV 8315mW/8299mW VDD_SOC 4151mW/4020mW
08-11-2026 15:54:15 RAM 7136/7607MB (lfb 1x1MB) SWAP 1625/16384MB (cached 209MB) CPU [85%@729,4%@729,2%@729,1%@729,1%@1344,0%@1344] GR3D_FREQ 99% cpu@64.281C soc2@63.406C soc0@63.906C gpu@65.687C tj@65.687C soc1@63.093C VDD_IN 17889mW/17512mW VDD_CPU_GPU_CV 8510mW/8300mW VDD_SOC 4112mW/4020mW
08-11-2026 15:54:16 RAM 7136/7607MB (lfb 1x1MB) SWAP 1625/16384MB (cached 209MB) CPU [8%@1113,9%@1113,8%@1113,15%@1113,88%@806,1%@806] GR3D_FREQ 99% cpu@64.312C soc2@63.437C soc0@63.906C gpu@65.718C tj@65.718C soc1@63C VDD_IN 18046mW/17514mW VDD_CPU_GPU_CV 8744mW/8301mW VDD_SOC 4073mW/4020mW
08-11-2026 15:54:17 RAM 7136/7607MB (lfb 1x1MB) SWAP 1625/16384MB (cached 209MB) CPU [66%@729,23%@729,9%@729,2%@729,92%@1344,1%@1344] GR3D_FREQ 99% cpu@64.156C soc2@63.468C soc0@64.062C gpu@65.843C tj@65.843C soc1@62.968C VDD_IN 18242mW/17516mW VDD_CPU_GPU_CV 8964mW/8303mW VDD_SOC 4034mW/4020mW
08-11-2026 15:54:18 RAM 7136/7607MB (lfb 1x1MB) SWAP 1625/16384MB (cached 209MB) CPU [2%@729,4%@729,2%@729,2%@729,91%@1344,1%@1344] GR3D_FREQ 97% cpu@64.25C soc2@63.25C soc0@63.843C gpu@65.562C tj@65.562C soc1@62.906C VDD_IN 17968mW/17517mW VDD_CPU_GPU_CV 8886mW/8305mW VDD_SOC 3995mW/4020mW
08-11-2026 15:54:19 RAM 7138/7607MB (lfb 1x1MB) SWAP 1625/16384MB (cached 209MB) CPU [3%@729,5%@729,3%@729,1%@729,88%@1344,0%@1344] GR3D_FREQ 97% cpu@64.312C soc2@63.281C soc0@63.968C gpu@65.656C tj@65.656C soc1@62.968C VDD_IN 17929mW/17518mW VDD_CPU_GPU_CV 8862mW/8306mW VDD_SOC 3995mW/4020mW
08-11-2026 15:54:20 RAM 7138/7607MB (lfb 1x1MB) SWAP 1625/16384MB (cached 209MB) CPU [1%@729,5%@729,1%@729,1%@729,86%@1344,0%@1344] GR3D_FREQ 99% cpu@64.156C soc2@63.218C soc0@64.062C gpu@65.375C tj@65.375C soc1@62.968C VDD_IN 17889mW/17519mW VDD_CPU_GPU_CV 8705mW/8307mW VDD_SOC 3995mW/4020mW
08-11-2026 15:54:21 RAM 7139/7607MB (lfb 1x1MB) SWAP 1625/16384MB (cached 209MB) CPU [5%@883,9%@883,59%@883,6%@883,11%@729,1%@729] GR3D_FREQ 99% cpu@64C soc2@63.156C soc0@63.906C gpu@64.625C tj@64.625C soc1@63.125C VDD_IN 15257mW/17513mW VDD_CPU_GPU_CV 6983mW/8304mW VDD_SOC 3621mW/4019mW
08-11-2026 15:54:22 RAM 6963/7607MB (lfb 1x1MB) SWAP 1592/16384MB (cached 216MB) CPU [38%@1344,37%@1344,35%@1344,35%@1344,58%@1344,44%@1344] GR3D_FREQ 0% cpu@63.718C soc2@62.375C soc0@63.625C gpu@63.031C tj@63.718C soc1@62.718C VDD_IN 8240mW/17487mW VDD_CPU_GPU_CV 2623mW/8288mW VDD_SOC 1990mW/4013mW
08-11-2026 15:54:23 RAM 7088/7607MB (lfb 1x1MB) SWAP 1562/16384MB (cached 219MB) CPU [63%@1344,62%@1344,71%@1344,94%@1344,81%@1344,67%@1344] GR3D_FREQ 97% cpu@63.906C soc2@62.312C soc0@63.125C gpu@64.281C tj@64.281C soc1@62.593C VDD_IN 11567mW/17471mW VDD_CPU_GPU_CV 4857mW/8279mW VDD_SOC 2258mW/4008mW
08-11-2026 15:54:24 RAM 7091/7607MB (lfb 1x1MB) SWAP 1562/16384MB (cached 219MB) CPU [4%@1344,6%@1344,7%@1344,92%@1344,3%@729,2%@729] GR3D_FREQ 97% cpu@63.781C soc2@62.656C soc0@63.375C gpu@64.875C tj@64.875C soc1@62.593C VDD_IN 17290mW/17471mW VDD_CPU_GPU_CV 7703mW/8277mW VDD_SOC 4119mW/4009mW
08-11-2026 15:54:25 RAM 7092/7607MB (lfb 1x1MB) SWAP 1562/16384MB (cached 219MB) CPU [3%@1344,2%@1344,1%@1344,85%@1344,0%@729,1%@729] GR3D_FREQ 99% cpu@64.031C soc2@63C soc0@63.5C gpu@64.656C tj@64.656C soc1@62.656C VDD_IN 17536mW/17471mW VDD_CPU_GPU_CV 7847mW/8276mW VDD_SOC 4269mW/4009mW
08-11-2026 15:54:26 RAM 6574/7607MB (lfb 7x4MB) SWAP 1562/16384MB (cached 219MB) CPU [7%@1344,9%@1344,3%@1344,88%@1344,0%@1344,7%@1344] GR3D_FREQ 4% cpu@64C soc2@62.875C soc0@63.625C gpu@64.218C tj@64.218C soc1@62.75C VDD_IN 16347mW/17468mW VDD_CPU_GPU_CV 7520mW/8274mW VDD_SOC 3890mW/4009mW
08-11-2026 15:54:27 RAM 7168/7607MB (lfb 1x1MB) SWAP 1562/16384MB (cached 219MB) CPU [6%@1344,12%@1344,6%@1344,100%@1344,0%@729,16%@729] GR3D_FREQ 98% cpu@63.781C soc2@62.843C soc0@63.718C gpu@65.125C tj@65.125C soc1@62.656C VDD_IN 17772mW/17469mW VDD_CPU_GPU_CV 8549mW/8275mW VDD_SOC 4034mW/4009mW
08-11-2026 15:54:28 RAM 7168/7607MB (lfb 1x1MB) SWAP 1562/16384MB (cached 219MB) CPU [5%@1344,3%@1344,2%@1344,82%@1344,0%@729,1%@729] GR3D_FREQ 97% cpu@64.093C soc2@62.968C soc0@63.562C gpu@65.218C tj@65.218C soc1@62.625C VDD_IN 17850mW/17470mW VDD_CPU_GPU_CV 8666mW/8276mW VDD_SOC 3995mW/4009mW
08-11-2026 15:54:29 RAM 7170/7607MB (lfb 1x1MB) SWAP 1562/16384MB (cached 219MB) CPU [4%@1344,8%@1344,16%@1344,82%@1344,69%@729,3%@729] GR3D_FREQ 97% cpu@64C soc2@63.031C soc0@63.593C gpu@65.187C tj@65.187C soc1@62.656C VDD_IN 18125mW/17471mW VDD_CPU_GPU_CV 8925mW/8277mW VDD_SOC 4034mW/4009mW
08-11-2026 15:54:30 RAM 7170/7607MB (lfb 1x1MB) SWAP 1562/16384MB (cached 219MB) CPU [3%@1344,3%@1344,6%@1344,87%@1344,0%@729,0%@729] GR3D_FREQ 97% cpu@64.093C soc2@62.906C soc0@63.656C gpu@65.281C tj@65.281C soc1@62.656C VDD_IN 17889mW/17473mW VDD_CPU_GPU_CV 8666mW/8278mW VDD_SOC 4034mW/4009mW
08-11-2026 15:54:31 RAM 7170/7607MB (lfb 1x1MB) SWAP 1562/16384MB (cached 219MB) CPU [2%@1344,4%@1344,1%@1344,84%@1344,0%@729,1%@729] GR3D_FREQ 97% cpu@63.937C soc2@62.968C soc0@63.656C gpu@65.25C tj@65.25C soc1@62.812C VDD_IN 17850mW/17474mW VDD_CPU_GPU_CV 8549mW/8279mW VDD_SOC 4112mW/4009mW
08-11-2026 15:54:32 RAM 7171/7607MB (lfb 1x1MB) SWAP 1562/16384MB (cached 219MB) CPU [12%@1344,8%@1344,6%@1344,84%@1344,5%@729,4%@729] GR3D_FREQ 98% cpu@63.937C soc2@63.062C soc0@63.718C gpu@65.343C tj@65.343C soc1@62.656C VDD_IN 17772mW/17474mW VDD_CPU_GPU_CV 8354mW/8279mW VDD_SOC 4112mW/4010mW
08-11-2026 15:54:33 RAM 7172/7607MB (lfb 1x1MB) SWAP 1562/16384MB (cached 219MB) CPU [0%@1344,1%@1344,1%@1344,86%@1344,4%@729,2%@729] GR3D_FREQ 98% cpu@64.031C soc2@62.968C soc0@63.656C gpu@65.281C tj@65.281C soc1@62.656C VDD_IN 17732mW/17475mW VDD_CPU_GPU_CV 8237mW/8279mW VDD_SOC 4151mW/4010mW
08-11-2026 15:54:34 RAM 7173/7607MB (lfb 1x1MB) SWAP 1562/16384MB (cached 219MB) CPU [6%@1344,5%@1344,2%@1344,86%@1344,5%@1344,4%@1344] GR3D_FREQ 97% cpu@64.031C soc2@63.062C soc0@63.656C gpu@65.281C tj@65.281C soc1@62.687C VDD_IN 17929mW/17476mW VDD_CPU_GPU_CV 8315mW/8279mW VDD_SOC 4230mW/4011mW
08-11-2026 15:54:35 RAM 7173/7607MB (lfb 1x1MB) SWAP 1562/16384MB (cached 219MB) CPU [6%@1344,1%@1344,6%@1344,83%@1344,75%@729,1%@729] GR3D_FREQ 97% cpu@64.218C soc2@63.062C soc0@63.718C gpu@65.281C tj@65.281C soc1@62.75C VDD_IN 17811mW/17477mW VDD_CPU_GPU_CV 8081mW/8279mW VDD_SOC 4269mW/4011mW
08-11-2026 15:54:36 RAM 7173/7607MB (lfb 1x1MB) SWAP 1562/16384MB (cached 219MB) CPU [5%@729,1%@729,4%@729,76%@729,7%@1344,0%@1344] GR3D_FREQ 99% cpu@64.031C soc2@63.093C soc0@63.562C gpu@64.812C tj@64.812C soc1@62.781C VDD_IN 17497mW/17477mW VDD_CPU_GPU_CV 7768mW/8277mW VDD_SOC 4269mW/4012mW
08-11-2026 15:54:37 RAM 7174/7607MB (lfb 1x1MB) SWAP 1562/16384MB (cached 219MB) CPU [9%@729,5%@729,15%@729,6%@729,86%@1344,1%@1344] GR3D_FREQ 99% cpu@63.812C soc2@63.062C soc0@63.781C gpu@65.656C tj@65.656C soc1@62.593C VDD_IN 17772mW/17478mW VDD_CPU_GPU_CV 8432mW/8278mW VDD_SOC 4112mW/4012mW
08-11-2026 15:54:38 RAM 7174/7607MB (lfb 1x1MB) SWAP 1562/16384MB (cached 219MB) CPU [4%@729,5%@729,1%@729,2%@729,84%@729,0%@729] GR3D_FREQ 99% cpu@63.906C soc2@63.062C soc0@63.625C gpu@65.75C tj@65.75C soc1@62.718C VDD_IN 17250mW/17477mW VDD_CPU_GPU_CV 8198mW/8278mW VDD_SOC 3962mW/4012mW
08-11-2026 15:54:39 RAM 7174/7607MB (lfb 1x1MB) SWAP 1562/16384MB (cached 219MB) CPU [3%@729,4%@729,1%@729,1%@729,91%@729,0%@729] GR3D_FREQ 99% cpu@64C soc2@63C soc0@63.656C gpu@65.468C tj@65.468C soc1@62.656C VDD_IN 17497mW/17477mW VDD_CPU_GPU_CV 8393mW/8278mW VDD_SOC 4001mW/4012mW
08-11-2026 15:54:40 RAM 7175/7607MB (lfb 1x1MB) SWAP 1562/16384MB (cached 219MB) CPU [3%@1344,22%@1344,3%@1344,4%@1344,90%@1344,2%@1344] GR3D_FREQ 98% cpu@64.062C soc2@63.062C soc0@63.625C gpu@65.781C tj@65.781C soc1@62.781C VDD_IN 18125mW/17479mW VDD_CPU_GPU_CV 9042mW/8280mW VDD_SOC 3955mW/4012mW
08-11-2026 15:54:41 RAM 7175/7607MB (lfb 1x1MB) SWAP 1562/16384MB (cached 219MB) CPU [20%@729,46%@729,1%@729,7%@729,85%@1344,2%@1344] GR3D_FREQ 97% cpu@64.156C soc2@63.093C soc0@63.718C gpu@65.281C tj@65.281C soc1@62.875C VDD_IN 18125mW/17481mW VDD_CPU_GPU_CV 9003mW/8282mW VDD_SOC 3995mW/4012mW
08-11-2026 15:54:42 RAM 7176/7607MB (lfb 1x1MB) SWAP 1562/16384MB (cached 219MB) CPU [5%@729,15%@729,6%@729,9%@729,83%@1344,0%@1344] GR3D_FREQ 98% cpu@63.843C soc2@63.062C soc0@63.875C gpu@65.5C tj@65.5C soc1@62.687C VDD_IN 17889mW/17482mW VDD_CPU_GPU_CV 8823mW/8283mW VDD_SOC 3995mW/4012mW
08-11-2026 15:54:43 RAM 7176/7607MB (lfb 1x1MB) SWAP 1562/16384MB (cached 219MB) CPU [1%@729,4%@729,1%@729,2%@729,86%@1344,0%@1344] GR3D_FREQ 98% cpu@63.875C soc2@63C soc0@63.656C gpu@65.468C tj@65.468C soc1@62.75C VDD_IN 17850mW/17483mW VDD_CPU_GPU_CV 8666mW/8284mW VDD_SOC 3995mW/4012mW
08-11-2026 15:54:44 RAM 7176/7607MB (lfb 1x1MB) SWAP 1562/16384MB (cached 219MB) CPU [2%@729,1%@729,1%@729,5%@729,86%@1344,1%@1344] GR3D_FREQ 97% cpu@64.093C soc2@63.062C soc0@63.781C gpu@65.406C tj@65.406C soc1@62.781C VDD_IN 17811mW/17484mW VDD_CPU_GPU_CV 8588mW/8285mW VDD_SOC 4034mW/4012mW
08-11-2026 15:54:46 RAM 7176/7607MB (lfb 1x1MB) SWAP 1562/16384MB (cached 219MB) CPU [1%@729,1%@729,2%@729,2%@729,84%@1344,3%@1344] GR3D_FREQ 97% cpu@64C soc2@63.062C soc0@63.812C gpu@65.562C tj@65.562C soc1@62.843C VDD_IN 17889mW/17485mW VDD_CPU_GPU_CV 8627mW/8286mW VDD_SOC 4073mW/4012mW
08-11-2026 15:54:47 RAM 7174/7607MB (lfb 1x1MB) SWAP 1562/16384MB (cached 219MB) CPU [35%@1344,3%@1344,6%@1344,3%@1344,87%@1344,0%@1344] GR3D_FREQ 98% cpu@64.25C soc2@63.281C soc0@63.75C gpu@65.625C tj@65.625C soc1@62.875C VDD_IN 18242mW/17487mW VDD_CPU_GPU_CV 8808mW/8287mW VDD_SOC 4112mW/4012mW
08-11-2026 15:54:48 RAM 7172/7607MB (lfb 1x1MB) SWAP 1562/16384MB (cached 219MB) CPU [59%@729,27%@729,34%@729,42%@729,63%@1344,46%@1344] GR3D_FREQ 97% cpu@64.031C soc2@63.218C soc0@63.937C gpu@65.625C tj@65.437C soc1@62.812C VDD_IN 18604mW/17490mW VDD_CPU_GPU_CV 9081mW/8289mW VDD_SOC 4145mW/4013mW
08-11-2026 15:54:49 RAM 7172/7607MB (lfb 1x1MB) SWAP 1562/16384MB (cached 219MB) CPU [4%@729,1%@729,1%@729,1%@729,4%@1344,87%@1344] GR3D_FREQ 98% cpu@64.062C soc2@63.156C soc0@63.718C gpu@65.375C tj@65.375C soc1@62.812C VDD_IN 18007mW/17491mW VDD_CPU_GPU_CV 8510mW/8290mW VDD_SOC 4151mW/4013mW
08-11-2026 15:54:50 RAM 7172/7607MB (lfb 1x1MB) SWAP 1562/16384MB (cached 219MB) CPU [2%@729,4%@729,1%@729,1%@729,0%@1344,85%@1344] GR3D_FREQ 98% cpu@64.218C soc2@63.062C soc0@63.812C gpu@65.375C tj@65.375C soc1@62.843C VDD_IN 17850mW/17492mW VDD_CPU_GPU_CV 8237mW/8290mW VDD_SOC 4190mW/4013mW
08-11-2026 15:54:51 RAM 7168/7607MB (lfb 1x1MB) SWAP 1561/16384MB (cached 219MB) CPU [4%@1344,5%@1344,11%@1344,10%@1344,0%@1344,86%@1344] GR3D_FREQ 98% cpu@64.593C soc2@63.125C soc0@63.906C gpu@65.375C tj@65.375C soc1@62.906C VDD_IN 18046mW/17493mW VDD_CPU_GPU_CV 8393mW/8290mW VDD_SOC 4230mW/4014mW
08-11-2026 15:54:52 RAM 7168/7607MB (lfb 1x1MB) SWAP 1561/16384MB (cached 219MB) CPU [6%@729,3%@729,6%@729,9%@729,0%@1344,83%@1344] GR3D_FREQ 98% cpu@64.437C soc2@63.218C soc0@63.906C gpu@65.25C tj@65.25C soc1@62.937C VDD_IN 17654mW/17494mW VDD_CPU_GPU_CV 7847mW/8289mW VDD_SOC 4308mW/4015mW
08-11-2026 15:54:53 RAM 7174/7607MB (lfb 1x1MB) SWAP 1560/16384MB (cached 219MB) CPU [14%@1344,10%@1344,10%@1344,48%@1344,1%@1344,84%@1344] GR3D_FREQ 99% cpu@64.406C soc2@63.312C soc0@64.031C gpu@65.062C tj@65.062C soc1@62.812C VDD_IN 18282mW/17496mW VDD_CPU_GPU_CV 8510mW/8289mW VDD_SOC 4269mW/4015mW
08-11-2026 15:54:54 RAM 7174/7607MB (lfb 1x1MB) SWAP 1560/16384MB (cached 219MB) CPU [10%@729,9%@729,23%@729,22%@729,0%@1344,85%@1344] GR3D_FREQ 99% cpu@64.156C soc2@63.187C soc0@63.906C gpu@65.687C tj@65.687C soc1@62.906C VDD_IN 17929mW/17497mW VDD_CPU_GPU_CV 8627mW/8290mW VDD_SOC 4112mW/4016mW
08-11-2026 15:54:55 RAM 7174/7607MB (lfb 1x1MB) SWAP 1560/16384MB (cached 219MB) CPU [3%@729,2%@729,2%@729,1%@729,0%@729,86%@729] GR3D_FREQ 99% cpu@64.25C soc2@63.25C soc0@63.843C gpu@65.562C tj@65.562C soc1@62.875C VDD_IN 17093mW/17496mW VDD_CPU_GPU_CV 8094mW/8290mW VDD_SOC 3962mW/4016mW
08-11-2026 15:54:56 RAM 7174/7607MB (lfb 1x1MB) SWAP 1560/16384MB (cached 219MB) CPU [4%@729,3%@729,2%@729,1%@729,91%@806,0%@806] GR3D_FREQ 99% cpu@63.968C soc2@63.156C soc0@63.937C gpu@65.656C tj@65.656C soc1@62.906C VDD_IN 17772mW/17496mW VDD_CPU_GPU_CV 8588mW/8290mW VDD_SOC 4034mW/4016mW
08-11-2026 15:54:57 RAM 7174/7607MB (lfb 1x1MB) SWAP 1560/16384MB (cached 219MB) CPU [5%@729,2%@729,1%@729,3%@729,90%@1344,0%@1344] GR3D_FREQ 98% cpu@63.906C soc2@63.125C soc0@63.968C gpu@65.875C tj@65.875C soc1@62.875C VDD_IN 17889mW/17497mW VDD_CPU_GPU_CV 8862mW/8292mW VDD_SOC 3955mW/4015mW
08-11-2026 15:54:58 RAM 7175/7607MB (lfb 1x1MB) SWAP 1560/16384MB (cached 219MB) CPU [6%@729,8%@729,16%@729,5%@729,81%@1344,1%@1344] GR3D_FREQ 98% cpu@63.906C soc2@63.187C soc0@63.781C gpu@65.531C tj@65.531C soc1@62.843C VDD_IN 18046mW/17499mW VDD_CPU_GPU_CV 8886mW/8293mW VDD_SOC 3995mW/4015mW
08-11-2026 15:54:59 RAM 7175/7607MB (lfb 1x1MB) SWAP 1560/16384MB (cached 219MB) CPU [60%@1344,8%@1344,2%@1344,6%@1344,86%@1344,0%@1344] GR3D_FREQ 98% cpu@64.25C soc2@63.375C soc0@63.968C gpu@65.656C tj@65.656C soc1@62.875C VDD_IN 18360mW/17501mW VDD_CPU_GPU_CV 9198mW/8296mW VDD_SOC 3995mW/4015mW
08-11-2026 15:55:00 RAM 7178/7607MB (lfb 1x1MB) SWAP 1560/16384MB (cached 220MB) CPU [8%@729,5%@729,20%@729,7%@729,82%@1344,1%@1344] GR3D_FREQ 98% cpu@64.25C soc2@63.187C soc0@63.875C gpu@65.531C tj@65.531C soc1@62.937C VDD_IN 17850mW/17502mW VDD_CPU_GPU_CV 8705mW/8297mW VDD_SOC 3995mW/4015mW
08-11-2026 15:55:01 RAM 7179/7607MB (lfb 1x1MB) SWAP 1560/16384MB (cached 220MB) CPU [2%@729,5%@729,4%@729,2%@729,86%@1344,1%@1344] GR3D_FREQ 98% cpu@63.937C soc2@63.187C soc0@63.875C gpu@65.718C tj@65.718C soc1@63.031C VDD_IN 17929mW/17503mW VDD_CPU_GPU_CV 8627mW/8297mW VDD_SOC 4034mW/4015mW
08-11-2026 15:55:02 RAM 7179/7607MB (lfb 1x1MB) SWAP 1560/16384MB (cached 220MB) CPU [2%@729,4%@729,1%@729,4%@729,86%@1344,1%@1344] GR3D_FREQ 98% cpu@64.031C soc2@63.281C soc0@64.031C gpu@65.656C tj@65.656C soc1@62.812C VDD_IN 17929mW/17504mW VDD_CPU_GPU_CV 8574mW/8298mW VDD_SOC 4073mW/4015mW
08-11-2026 15:55:03 RAM 7163/7607MB (lfb 1x1MB) SWAP 1561/16384MB (cached 220MB) CPU [20%@1344,4%@1344,7%@1344,4%@1344,77%@960,2%@960] GR3D_FREQ 97% cpu@64.156C soc2@63.406C soc0@64.062C gpu@65.843C tj@65.843C soc1@62.937C VDD_IN 18046mW/17505mW VDD_CPU_GPU_CV 8627mW/8299mW VDD_SOC 4112mW/4016mW
08-11-2026 15:55:04 RAM 7164/7607MB (lfb 1x1MB) SWAP 1561/16384MB (cached 220MB) CPU [84%@1344,4%@1344,4%@1344,3%@1344,0%@729,2%@729] GR3D_FREQ 98% cpu@64.281C soc2@63.406C soc0@63.937C gpu@65.906C tj@65.906C soc1@62.906C VDD_IN 17889mW/17506mW VDD_CPU_GPU_CV 8393mW/8299mW VDD_SOC 4151mW/4016mW
08-11-2026 15:55:05 RAM 7165/7607MB (lfb 1x1MB) SWAP 1561/16384MB (cached 220MB) CPU [67%@1344,8%@1344,2%@1344,8%@1344,86%@1344,0%@1344] GR3D_FREQ 98% cpu@64.562C soc2@63.375C soc0@63.968C gpu@65.625C tj@65.625C soc1@63.093C VDD_IN 18282mW/17508mW VDD_CPU_GPU_CV 8691mW/8300mW VDD_SOC 4190mW/4016mW
08-11-2026 15:55:06 RAM 7166/7607MB (lfb 1x1MB) SWAP 1561/16384MB (cached 220MB) CPU [5%@1344,8%@1344,2%@1344,14%@1344,86%@1344,0%@1344] GR3D_FREQ 98% cpu@64.125C soc2@63.25C soc0@64.062C gpu@65.562C tj@65.562C soc1@62.843C VDD_IN 17929mW/17509mW VDD_CPU_GPU_CV 8276mW/8300mW VDD_SOC 4230mW/4017mW
08-11-2026 15:55:07 RAM 7166/7607MB (lfb 1x1MB) SWAP 1561/16384MB (cached 220MB) CPU [4%@729,3%@729,2%@729,2%@729,86%@1344,0%@1344] GR3D_FREQ 98% cpu@64.062C soc2@63.25C soc0@63.906C gpu@65.562C tj@65.875C soc1@63C VDD_IN 17850mW/17510mW VDD_CPU_GPU_CV 8081mW/8300mW VDD_SOC 4269mW/4018mW
08-11-2026 15:55:08 RAM 7167/7607MB (lfb 1x1MB) SWAP 1561/16384MB (cached 220MB) CPU [5%@1344,4%@1344,2%@1344,3%@1344,86%@1344,0%@1344] GR3D_FREQ 99% cpu@64.468C soc2@63.25C soc0@64.031C gpu@65.125C tj@65.125C soc1@63C VDD_IN 17850mW/17511mW VDD_CPU_GPU_CV 7925mW/8299mW VDD_SOC 4347mW/4018mW
08-11-2026 15:55:09 RAM 7167/7607MB (lfb 1x1MB) SWAP 1561/16384MB (cached 220MB) CPU [16%@1344,12%@1344,3%@1344,8%@1344,86%@1344,0%@1344] GR3D_FREQ 99% cpu@64.156C soc2@63.343C soc0@64.062C gpu@65.093C tj@65.093C soc1@63.062C VDD_IN 17850mW/17512mW VDD_CPU_GPU_CV 8159mW/8298mW VDD_SOC 4269mW/4019mW
08-11-2026 15:55:10 RAM 7167/7607MB (lfb 1x1MB) SWAP 1561/16384MB (cached 220MB) CPU [5%@729,3%@729,1%@729,3%@729,86%@1344,2%@1344] GR3D_FREQ 99% cpu@64.218C soc2@63.312C soc0@64.093C gpu@65.375C tj@65.375C soc1@62.906C VDD_IN 17654mW/17512mW VDD_CPU_GPU_CV 8432mW/8299mW VDD_SOC 4073mW/4019mW
08-11-2026 15:55:11 RAM 7169/7607MB (lfb 1x1MB) SWAP 1561/16384MB (cached 220MB) CPU [68%@1344,21%@1344,6%@1344,4%@1344,85%@729,0%@729] GR3D_FREQ 99% cpu@64.343C soc2@63.375C soc0@63.906C gpu@65.125C tj@65.281C soc1@62.937C VDD_IN 17693mW/17512mW VDD_CPU_GPU_CV 8549mW/8299mW VDD_SOC 4034mW/4019mW
08-11-2026 15:55:12 RAM 7168/7607MB (lfb 1x1MB) SWAP 1561/16384MB (cached 220MB) CPU [3%@729,2%@729,5%@729,5%@729,90%@806,1%@806] GR3D_FREQ 99% cpu@64.437C soc2@63.312C soc0@63.937C gpu@65.375C tj@65.375C soc1@63C VDD_IN 17654mW/17513mW VDD_CPU_GPU_CV 8549mW/8300mW VDD_SOC 3995mW/4019mW
08-11-2026 15:55:13 RAM 7168/7607MB (lfb 1x1MB) SWAP 1561/16384MB (cached 220MB) CPU [3%@1344,2%@1344,1%@1344,1%@1344,89%@1344,3%@1344] GR3D_FREQ 97% cpu@64.281C soc2@63.281C soc0@63.937C gpu@65.593C tj@65.593C soc1@62.937C VDD_IN 17811mW/17513mW VDD_CPU_GPU_CV 8823mW/8301mW VDD_SOC 3955mW/4019mW
08-11-2026 15:55:14 RAM 7168/7607MB (lfb 1x1MB) SWAP 1561/16384MB (cached 220MB) CPU [6%@729,7%@729,9%@729,16%@729,86%@1344,0%@1344] GR3D_FREQ 98% cpu@64.25C soc2@63.281C soc0@64.031C gpu@65.625C tj@65.625C soc1@63C VDD_IN 17811mW/17514mW VDD_CPU_GPU_CV 8744mW/8302mW VDD_SOC 3955mW/4019mW
08-11-2026 15:55:15 RAM 7168/7607MB (lfb 1x1MB) SWAP 1561/16384MB (cached 220MB) CPU [3%@729,2%@729,5%@729,2%@729,86%@1344,0%@1344] GR3D_FREQ 98% cpu@63.968C soc2@63.156C soc0@64.031C gpu@65.5C tj@65.5C soc1@62.875C VDD_IN 17772mW/17515mW VDD_CPU_GPU_CV 8666mW/8303mW VDD_SOC 3955mW/4019mW
08-11-2026 15:55:16 RAM 7168/7607MB (lfb 1x1MB) SWAP 1561/16384MB (cached 220MB) CPU [4%@729,2%@729,5%@729,2%@729,86%@1344,0%@1344] GR3D_FREQ 98% cpu@64.156C soc2@63.156C soc0@63.843C gpu@65.562C tj@65.562C soc1@62.906C VDD_IN 17732mW/17515mW VDD_CPU_GPU_CV 8627mW/8304mW VDD_SOC 3995mW/4019mW
08-11-2026 15:55:17 RAM 7169/7607MB (lfb 1x1MB) SWAP 1561/16384MB (cached 220MB) CPU [8%@729,22%@729,3%@729,69%@729,86%@1344,0%@1344] GR3D_FREQ 99% cpu@64.531C soc2@63.281C soc0@63.875C gpu@65.437C tj@65.437C soc1@63C VDD_IN 18164mW/17517mW VDD_CPU_GPU_CV 8925mW/8305mW VDD_SOC 4034mW/4019mW
08-11-2026 15:55:18 RAM 7169/7607MB (lfb 1x1MB) SWAP 1561/16384MB (cached 220MB) CPU [6%@729,3%@729,2%@729,4%@729,84%@1344,0%@1344] GR3D_FREQ 97% cpu@64.062C soc2@63.375C soc0@63.906C gpu@65.5C tj@65.5C soc1@63.031C VDD_IN 17850mW/17518mW VDD_CPU_GPU_CV 8627mW/8306mW VDD_SOC 4034mW/4019mW
08-11-2026 15:55:19 RAM 7170/7607MB (lfb 1x1MB) SWAP 1561/16384MB (cached 220MB) CPU [19%@729,9%@729,5%@729,7%@729,87%@1344,1%@1344] GR3D_FREQ 98% cpu@64.031C soc2@63.25C soc0@64C gpu@65.5C tj@65.5C soc1@62.875C VDD_IN 17850mW/17518mW VDD_CPU_GPU_CV 8510mW/8307mW VDD_SOC 4073mW/4019mW
08-11-2026 15:55:20 RAM 7170/7607MB (lfb 1x1MB) SWAP 1561/16384MB (cached 220MB) CPU [4%@729,2%@729,3%@729,1%@729,85%@1344,0%@1344] GR3D_FREQ 97% cpu@64C soc2@63.187C soc0@63.843C gpu@65.531C tj@65.531C soc1@62.937C VDD_IN 17693mW/17519mW VDD_CPU_GPU_CV 8315mW/8307mW VDD_SOC 4073mW/4019mW
08-11-2026 15:55:21 RAM 7170/7607MB (lfb 1x1MB) SWAP 1560/16384MB (cached 220MB) CPU [5%@729,2%@729,2%@729,3%@729,85%@1344,0%@1344] GR3D_FREQ 97% cpu@64.062C soc2@63.281C soc0@63.968C gpu@65.562C tj@65.562C soc1@62.906C VDD_IN 17732mW/17519mW VDD_CPU_GPU_CV 8237mW/8306mW VDD_SOC 4151mW/4019mW
08-11-2026 15:55:22 RAM 7170/7607MB (lfb 1x1MB) SWAP 1560/16384MB (cached 220MB) CPU [5%@1344,3%@1344,14%@1344,5%@1344,85%@1344,0%@1344] GR3D_FREQ 99% cpu@64.718C soc2@63.281C soc0@63.875C gpu@65.468C tj@65.468C soc1@63.031C VDD_IN 17968mW/17520mW VDD_CPU_GPU_CV 8354mW/8307mW VDD_SOC 4190mW/4020mW
08-11-2026 15:55:23 RAM 7171/7607MB (lfb 1x1MB) SWAP 1560/16384MB (cached 220MB) CPU [22%@729,5%@729,55%@729,3%@729,86%@1344,3%@1344] GR3D_FREQ 97% cpu@64.031C soc2@63.375C soc0@64C gpu@65.812C tj@65.812C soc1@63.062C VDD_IN 18007mW/17522mW VDD_CPU_GPU_CV 8315mW/8307mW VDD_SOC 4230mW/4020mW
08-11-2026 15:55:24 RAM 7171/7607MB (lfb 1x1MB) SWAP 1560/16384MB (cached 220MB) CPU [10%@729,18%@729,3%@729,6%@729,86%@1344,0%@1344] GR3D_FREQ 98% cpu@64.156C soc2@63.25C soc0@64C gpu@65.75C tj@65.75C soc1@62.906C VDD_IN 17732mW/17522mW VDD_CPU_GPU_CV 7964mW/8306mW VDD_SOC 4269mW/4021mW
08-11-2026 15:55:25 RAM 7171/7607MB (lfb 1x1MB) SWAP 1560/16384MB (cached 220MB) CPU [4%@729,5%@729,1%@729,2%@729,85%@1344,0%@1344] GR3D_FREQ 99% cpu@64.25C soc2@63.375C soc0@63.906C gpu@65.281C tj@65.281C soc1@62.906C VDD_IN 17575mW/17522mW VDD_CPU_GPU_CV 7768mW/8304mW VDD_SOC 4269mW/4021mW
08-11-2026 15:55:26 RAM 7171/7607MB (lfb 1x1MB) SWAP 1560/16384MB (cached 220MB) CPU [1%@729,3%@729,3%@729,5%@729,83%@1344,0%@1344] GR3D_FREQ 99% cpu@64.125C soc2@63.25C soc0@63.968C gpu@65.906C tj@65.906C soc1@62.875C VDD_IN 17654mW/17522mW VDD_CPU_GPU_CV 8393mW/8305mW VDD_SOC 4112mW/4022mW
08-11-2026 15:55:27 RAM 7171/7607MB (lfb 1x1MB) SWAP 1560/16384MB (cached 220MB) CPU [3%@729,1%@729,0%@729,4%@729,84%@729,0%@729] GR3D_FREQ 99% cpu@64.312C soc2@63.187C soc0@63.968C gpu@65.687C tj@65.687C soc1@62.906C VDD_IN 17133mW/17522mW VDD_CPU_GPU_CV 8094mW/8304mW VDD_SOC 3962mW/4021mW
08-11-2026 15:55:28 RAM 7172/7607MB (lfb 1x1MB) SWAP 1560/16384MB (cached 220MB) CPU [2%@1344,27%@1344,3%@1344,9%@1344,91%@883,2%@883] GR3D_FREQ 99% cpu@64.218C soc2@63.343C soc0@63.937C gpu@65.75C tj@65.75C soc1@63C VDD_IN 17929mW/17522mW VDD_CPU_GPU_CV 8784mW/8305mW VDD_SOC 3995mW/4021mW
08-11-2026 15:55:29 RAM 7174/7607MB (lfb 1x1MB) SWAP 1560/16384MB (cached 220MB) CPU [44%@729,10%@729,23%@729,25%@729,90%@1344,0%@1344] GR3D_FREQ 98% cpu@64.031C soc2@63.406C soc0@63.937C gpu@65.75C tj@65.75C soc1@62.906C VDD_IN 18125mW/17524mW VDD_CPU_GPU_CV 9057mW/8307mW VDD_SOC 3955mW/4021mW
08-11-2026 15:55:30 RAM 7174/7607MB (lfb 1x1MB) SWAP 1560/16384MB (cached 220MB) CPU [3%@729,2%@729,4%@729,4%@729,85%@1344,0%@1344] GR3D_FREQ 98% cpu@64.031C soc2@63.281C soc0@63.843C gpu@65.656C tj@65.656C soc1@62.937C VDD_IN 17811mW/17525mW VDD_CPU_GPU_CV 8784mW/8308mW VDD_SOC 3955mW/4021mW
08-11-2026 15:55:31 RAM 7174/7607MB (lfb 1x1MB) SWAP 1560/16384MB (cached 220MB) CPU [3%@1344,76%@1344,0%@1344,4%@1344,8%@729,0%@729] GR3D_FREQ 98% cpu@64.25C soc2@63.25C soc0@63.906C gpu@65.656C tj@65.656C soc1@62.937C VDD_IN 17772mW/17525mW VDD_CPU_GPU_CV 8705mW/8309mW VDD_SOC 3995mW/4021mW
08-11-2026 15:55:32 RAM 7174/7607MB (lfb 1x1MB) SWAP 1560/16384MB (cached 220MB) CPU [2%@1344,85%@1344,1%@1344,1%@1344,3%@729,1%@729] GR3D_FREQ 98% cpu@64.437C soc2@63.281C soc0@63.843C gpu@65.75C tj@65.75C soc1@62.968C VDD_IN 17732mW/17526mW VDD_CPU_GPU_CV 8588mW/8310mW VDD_SOC 3995mW/4021mW
08-11-2026 15:55:33 RAM 7174/7607MB (lfb 1x1MB) SWAP 1560/16384MB (cached 220MB) CPU [1%@1344,82%@1344,1%@1344,2%@1344,1%@729,2%@729] GR3D_FREQ 98% cpu@64.031C soc2@63.281C soc0@63.937C gpu@65.687C tj@65.687C soc1@63.062C VDD_IN 17654mW/17526mW VDD_CPU_GPU_CV 8471mW/8310mW VDD_SOC 4034mW/4021mW
08-11-2026 15:55:34 RAM 7175/7607MB (lfb 1x1MB) SWAP 1559/16384MB (cached 220MB) CPU [4%@1344,85%@1344,9%@1344,15%@1344,5%@1344,38%@1344] GR3D_FREQ 98% cpu@64.25C soc2@63.406C soc0@64.062C gpu@65.75C tj@65.75C soc1@62.812C VDD_IN 18164mW/17527mW VDD_CPU_GPU_CV 8862mW/8311mW VDD_SOC 4073mW/4021mW
08-11-2026 15:55:35 RAM 7176/7607MB (lfb 1x1MB) SWAP 1559/16384MB (cached 220MB) CPU [17%@1344,81%@1344,1%@1344,2%@1344,10%@729,31%@729] GR3D_FREQ 98% cpu@64.125C soc2@63.406C soc0@64C gpu@65.75C tj@65.75C soc1@62.968C VDD_IN 17811mW/17528mW VDD_CPU_GPU_CV 8432mW/8312mW VDD_SOC 4112mW/4021mW
08-11-2026 15:55:36 RAM 7176/7607MB (lfb 1x1MB) SWAP 1559/16384MB (cached 220MB) CPU [3%@1344,84%@1344,2%@1344,3%@1344,1%@729,0%@729] GR3D_FREQ 97% cpu@64.187C soc2@63.312C soc0@63.875C gpu@65.687C tj@65.687C soc1@62.906C VDD_IN 17615mW/17528mW VDD_CPU_GPU_CV 8042mW/8311mW VDD_SOC 4190mW/4022mW
08-11-2026 15:55:37 RAM 7176/7607MB (lfb 1x1MB) SWAP 1559/16384MB (cached 220MB) CPU [3%@1344,84%@1344,3%@1344,0%@1344,0%@729,0%@729] GR3D_FREQ 98% cpu@64.343C soc2@63.281C soc0@63.937C gpu@65.687C tj@65.687C soc1@62.937C VDD_IN 17772mW/17529mW VDD_CPU_GPU_CV 8081mW/8311mW VDD_SOC 4230mW/4022mW
08-11-2026 15:55:38 RAM 7176/7607MB (lfb 1x1MB) SWAP 1559/16384MB (cached 220MB) CPU [2%@1344,86%@1344,2%@1344,3%@1344,0%@729,1%@729] GR3D_FREQ 98% cpu@64.312C soc2@63.312C soc0@63.906C gpu@65.406C tj@65.406C soc1@63C VDD_IN 17732mW/17529mW VDD_CPU_GPU_CV 7847mW/8309mW VDD_SOC 4308mW/4023mW
08-11-2026 15:55:39 RAM 7179/7607MB (lfb 1x1MB) SWAP 1559/16384MB (cached 220MB) CPU [6%@1344,77%@1344,15%@1344,6%@1344,11%@729,8%@729] GR3D_FREQ 99% cpu@64.375C soc2@63.406C soc0@63.875C gpu@65.031C tj@65.031C soc1@63.062C VDD_IN 17497mW/17529mW VDD_CPU_GPU_CV 8003mW/8309mW VDD_SOC 4190mW/4023mW
08-11-2026 15:55:40 RAM 7179/7607MB (lfb 1x1MB) SWAP 1559/16384MB (cached 220MB) CPU [12%@1344,4%@1344,85%@1344,2%@1344,44%@1344,0%@1344] GR3D_FREQ 99% cpu@64.312C soc2@63.25C soc0@64.031C gpu@65.625C tj@65.625C soc1@62.906C VDD_IN 18085mW/17530mW VDD_CPU_GPU_CV 8808mW/8310mW VDD_SOC 4073mW/4023mW
08-11-2026 15:55:41 RAM 7181/7607MB (lfb 1x1MB) SWAP 1559/16384MB (cached 220MB) CPU [6%@729,3%@729,87%@729,7%@729,30%@729,0%@729] GR3D_FREQ 99% cpu@64.093C soc2@63.281C soc0@64.031C gpu@65.937C tj@65.937C soc1@62.906C VDD_IN 18046mW/17532mW VDD_CPU_GPU_CV 8769mW/8311mW VDD_SOC 4073mW/4023mW
08-11-2026 15:55:42 RAM 7181/7607MB (lfb 1x1MB) SWAP 1559/16384MB (cached 220MB) CPU [5%@883,0%@883,91%@883,1%@883,1%@729,0%@729] GR3D_FREQ 99% cpu@64.437C soc2@63.312C soc0@64C gpu@65.562C tj@65.562C soc1@62.906C VDD_IN 17732mW/17532mW VDD_CPU_GPU_CV 8510mW/8311mW VDD_SOC 4034mW/4023mW
08-11-2026 15:55:43 RAM 7181/7607MB (lfb 1x1MB) SWAP 1559/16384MB (cached 220MB) CPU [3%@1344,2%@1344,91%@1344,3%@1344,0%@729,1%@729] GR3D_FREQ 98% cpu@64.593C soc2@63.281C soc0@63.843C gpu@65.687C tj@65.687C soc1@63C VDD_IN 17929mW/17533mW VDD_CPU_GPU_CV 8808mW/8312mW VDD_SOC 3955mW/4023mW
08-11-2026 15:55:44 RAM 7183/7607MB (lfb 1x1MB) SWAP 1559/16384MB (cached 220MB) CPU [5%@1344,13%@1344,83%@1344,6%@1344,2%@729,0%@729] GR3D_FREQ 99% cpu@64.437C soc2@63.406C soc0@63.968C gpu@65.625C tj@65.625C soc1@63C VDD_IN 17968mW/17534mW VDD_CPU_GPU_CV 8862mW/8314mW VDD_SOC 3995mW/4023mW
08-11-2026 15:55:45 RAM 7183/7607MB (lfb 1x1MB) SWAP 1559/16384MB (cached 220MB) CPU [3%@1344,3%@1344,86%@1344,2%@1344,0%@729,1%@729] GR3D_FREQ 98% cpu@64.25C soc2@63.343C soc0@64C gpu@65.937C tj@65.937C soc1@62.843C VDD_IN 17889mW/17535mW VDD_CPU_GPU_CV 8823mW/8315mW VDD_SOC 3995mW/4023mW
08-11-2026 15:55:46 RAM 7158/7607MB (lfb 1x1MB) SWAP 1559/16384MB (cached 219MB) CPU [11%@1344,5%@1344,85%@1344,3%@1344,58%@1344,1%@1344] GR3D_FREQ 98% cpu@64.468C soc2@63.25C soc0@64.062C gpu@65.906C tj@65.906C soc1@62.937C VDD_IN 18282mW/17536mW VDD_CPU_GPU_CV 9120mW/8317mW VDD_SOC 4034mW/4023mW
08-11-2026 15:55:47 RAM 7152/7607MB (lfb 1x1MB) SWAP 1560/16384MB (cached 220MB) CPU [4%@1344,7%@1344,85%@1344,9%@1344,15%@729,1%@729] GR3D_FREQ 97% cpu@64.625C soc2@63.218C soc0@63.937C gpu@65.843C tj@65.843C soc1@62.906C VDD_IN 17889mW/17537mW VDD_CPU_GPU_CV 8666mW/8317mW VDD_SOC 4034mW/4023mW
08-11-2026 15:55:48 RAM 7152/7607MB (lfb 1x1MB) SWAP 1560/16384MB (cached 220MB) CPU [1%@1344,1%@1344,84%@1344,2%@1344,1%@729,8%@729] GR3D_FREQ 98% cpu@64.531C soc2@63.312C soc0@63.875C gpu@65.843C tj@65.843C soc1@62.968C VDD_IN 17811mW/17538mW VDD_CPU_GPU_CV 8588mW/8318mW VDD_SOC 4073mW/4023mW
08-11-2026 15:55:49 RAM 7130/7607MB (lfb 1x1MB) SWAP 1560/16384MB (cached 220MB) CPU [5%@729,6%@729,81%@729,8%@729,4%@1344,4%@1344] GR3D_FREQ 98% cpu@64.437C soc2@63.312C soc0@63.968C gpu@65.75C tj@65.75C soc1@63C VDD_IN 17732mW/17538mW VDD_CPU_GPU_CV 8432mW/8318mW VDD_SOC 4073mW/4023mW
08-11-2026 15:55:50 RAM 7131/7607MB (lfb 1x1MB) SWAP 1560/16384MB (cached 220MB) CPU [15%@729,6%@729,2%@729,3%@729,85%@1344,1%@1344] GR3D_FREQ 98% cpu@64C soc2@63.156C soc0@63.937C gpu@65.687C tj@65.687C soc1@62.843C VDD_IN 17732mW/17539mW VDD_CPU_GPU_CV 8354mW/8318mW VDD_SOC 4112mW/4024mW
08-11-2026 15:55:51 RAM 7131/7607MB (lfb 1x1MB) SWAP 1560/16384MB (cached 220MB) CPU [3%@729,5%@729,2%@729,2%@729,86%@1344,0%@1344] GR3D_FREQ 98% cpu@64.031C soc2@63.187C soc0@63.906C gpu@65.656C tj@65.656C soc1@62.875C VDD_IN 17850mW/17539mW VDD_CPU_GPU_CV 8237mW/8318mW VDD_SOC 4190mW/4024mW
08-11-2026 15:55:52 RAM 7126/7607MB (lfb 1x1MB) SWAP 1560/16384MB (cached 220MB) CPU [48%@1344,18%@1344,7%@1344,8%@1344,38%@1344,63%@1344] GR3D_FREQ 98% cpu@64.312C soc2@63.187C soc0@63.968C gpu@65.562C tj@65.562C soc1@62.937C VDD_IN 18085mW/17540mW VDD_CPU_GPU_CV 8393mW/8318mW VDD_SOC 4230mW/4024mW
08-11-2026 15:55:53 RAM 7127/7607MB (lfb 1x1MB) SWAP 1560/16384MB (cached 220MB) CPU [2%@729,12%@729,4%@729,3%@729,86%@1344,0%@1344] GR3D_FREQ 98% cpu@64.031C soc2@63.187C soc0@63.937C gpu@65.468C tj@65.468C soc1@62.937C VDD_IN 17811mW/17541mW VDD_CPU_GPU_CV 7964mW/8318mW VDD_SOC 4308mW/4025mW
08-11-2026 15:55:54 RAM 7123/7607MB (lfb 1x1MB) SWAP 1560/16384MB (cached 220MB) CPU [4%@729,2%@729,5%@729,5%@729,79%@1344,0%@1344] GR3D_FREQ 99% cpu@64.093C soc2@63.375C soc0@63.906C gpu@65.25C tj@65.25C soc1@62.843C VDD_IN 17340mW/17541mW VDD_CPU_GPU_CV 7964mW/8317mW VDD_SOC 4158mW/4025mW
08-11-2026 15:55:55 RAM 7126/7607MB (lfb 1x1MB) SWAP 1560/16384MB (cached 220MB) CPU [9%@729,17%@729,6%@729,6%@729,86%@1344,0%@1344] GR3D_FREQ 99% cpu@63.968C soc2@63.187C soc0@63.968C gpu@65.906C tj@65.906C soc1@62.875C VDD_IN 17811mW/17541mW VDD_CPU_GPU_CV 8471mW/8317mW VDD_SOC 4151mW/4026mW
08-11-2026 15:55:56 RAM 7126/7607MB (lfb 1x1MB) SWAP 1559/16384MB (cached 220MB) CPU [2%@729,1%@729,4%@729,1%@729,88%@729,0%@729] GR3D_FREQ 99% cpu@64.031C soc2@63.125C soc0@63.843C gpu@65.5C tj@65.5C soc1@62.906C VDD_IN 17772mW/17542mW VDD_CPU_GPU_CV 8549mW/8318mW VDD_SOC 4073mW/4026mW
08-11-2026 15:55:57 RAM 7126/7607MB (lfb 1x1MB) SWAP 1559/16384MB (cached 220MB) CPU [3%@1344,0%@1344,3%@1344,2%@1344,91%@1344,0%@1344] GR3D_FREQ 99% cpu@64.312C soc2@63.281C soc0@63.812C gpu@65.343C tj@65.343C soc1@62.968C VDD_IN 17732mW/17542mW VDD_CPU_GPU_CV 8588mW/8318mW VDD_SOC 3995mW/4026mW
08-11-2026 15:55:58 RAM 7128/7607MB (lfb 1x1MB) SWAP 1559/16384MB (cached 220MB) CPU [4%@729,72%@729,8%@729,21%@729,91%@1344,1%@1344] GR3D_FREQ 98% cpu@64.031C soc2@63.312C soc0@63.906C gpu@65.562C tj@65.562C soc1@63.031C VDD_IN 18360mW/17544mW VDD_CPU_GPU_CV 9237mW/8320mW VDD_SOC 3955mW/4025mW
08-11-2026 15:55:59 RAM 7128/7607MB (lfb 1x1MB) SWAP 1559/16384MB (cached 220MB) CPU [4%@729,5%@729,5%@729,1%@729,84%@1344,0%@1344] GR3D_FREQ 98% cpu@64C soc2@63.375C soc0@63.968C gpu@65.718C tj@65.718C soc1@62.875C VDD_IN 17850mW/17545mW VDD_CPU_GPU_CV 8784mW/8321mW VDD_SOC 3955mW/4025mW
08-11-2026 15:56:00 RAM 7131/7607MB (lfb 1x1MB) SWAP 1559/16384MB (cached 220MB) CPU [4%@729,13%@729,16%@729,2%@729,86%@1344,0%@1344] GR3D_FREQ 98% cpu@64.187C soc2@63.25C soc0@63.812C gpu@65.781C tj@65.781C soc1@62.906C VDD_IN 17889mW/17545mW VDD_CPU_GPU_CV 8823mW/8322mW VDD_SOC 3955mW/4025mW
08-11-2026 15:56:01 RAM 7132/7607MB (lfb 1x1MB) SWAP 1559/16384MB (cached 220MB) CPU [3%@729,6%@729,1%@729,2%@729,86%@1344,0%@1344] GR3D_FREQ 97% cpu@64.281C soc2@63.343C soc0@63.843C gpu@65.781C tj@65.781C soc1@62.906C VDD_IN 17811mW/17546mW VDD_CPU_GPU_CV 8666mW/8323mW VDD_SOC 3995mW/4025mW
08-11-2026 15:56:02 RAM 7133/7607MB (lfb 1x1MB) SWAP 1559/16384MB (cached 220MB) CPU [17%@1344,5%@1344,1%@1344,2%@1344,68%@729,0%@729] GR3D_FREQ 98% cpu@64.375C soc2@63.312C soc0@63.968C gpu@65.781C tj@65.781C soc1@63.031C VDD_IN 17811mW/17546mW VDD_CPU_GPU_CV 8588mW/8324mW VDD_SOC 4034mW/4025mW
08-11-2026 15:56:03 RAM 7136/7607MB (lfb 1x1MB) SWAP 1559/16384MB (cached 220MB) CPU [85%@1344,3%@1344,4%@1344,6%@1344,6%@1344,0%@1344] GR3D_FREQ 97% cpu@64.25C soc2@63.437C soc0@64C gpu@65.718C tj@65.718C soc1@63.031C VDD_IN 17929mW/17547mW VDD_CPU_GPU_CV 8588mW/8324mW VDD_SOC 4073mW/4025mW
08-11-2026 15:56:04 RAM 7136/7607MB (lfb 1x1MB) SWAP 1559/16384MB (cached 220MB) CPU [64%@729,17%@729,5%@729,5%@729,87%@1344,0%@1344] GR3D_FREQ 99% cpu@64.031C soc2@63.375C soc0@64C gpu@65.75C tj@65.75C soc1@62.906C VDD_IN 18085mW/17548mW VDD_CPU_GPU_CV 8730mW/8325mW VDD_SOC 4073mW/4025mW
08-11-2026 15:56:05 RAM 7136/7607MB (lfb 1x1MB) SWAP 1559/16384MB (cached 220MB) CPU [17%@729,5%@729,3%@729,12%@729,86%@1344,0%@1344] GR3D_FREQ 98% cpu@64.093C soc2@63.187C soc0@63.906C gpu@65.593C tj@65.593C soc1@62.937C VDD_IN 17929mW/17549mW VDD_CPU_GPU_CV 8510mW/8325mW VDD_SOC 4112mW/4026mW
08-11-2026 15:56:06 RAM 7136/7607MB (lfb 1x1MB) SWAP 1559/16384MB (cached 220MB) CPU [3%@729,2%@729,3%@729,2%@729,85%@1344,3%@1344] GR3D_FREQ 98% cpu@64.312C soc2@63.25C soc0@63.906C gpu@65.468C tj@65.468C soc1@63C VDD_IN 17732mW/17550mW VDD_CPU_GPU_CV 8237mW/8325mW VDD_SOC 4151mW/4026mW
08-11-2026 15:56:07 RAM 7136/7607MB (lfb 1x1MB) SWAP 1559/16384MB (cached 220MB) CPU [7%@729,2%@729,1%@729,2%@729,87%@1344,0%@1344] GR3D_FREQ 97% cpu@64.156C soc2@63.218C soc0@63.937C gpu@65.468C tj@65.468C soc1@62.968C VDD_IN 17693mW/17550mW VDD_CPU_GPU_CV 8159mW/8325mW VDD_SOC 4190mW/4026mW
08-11-2026 15:56:08 RAM 7136/7607MB (lfb 1x1MB) SWAP 1559/16384MB (cached 220MB) CPU [7%@729,3%@729,3%@729,3%@729,59%@1344,25%@1344] GR3D_FREQ 97% cpu@64.062C soc2@63.281C soc0@64.031C gpu@65.406C tj@65.406C soc1@62.843C VDD_IN 17811mW/17551mW VDD_CPU_GPU_CV 8003mW/8324mW VDD_SOC 4269mW/4027mW
08-11-2026 15:56:09 RAM 7137/7607MB (lfb 1x1MB) SWAP 1559/16384MB (cached 220MB) CPU [3%@1344,4%@1344,23%@1344,6%@1344,0%@1344,86%@1344] GR3D_FREQ 97% cpu@64.406C soc2@63.25C soc0@63.968C gpu@65.593C tj@65.593C soc1@62.875C VDD_IN 18007mW/17551mW VDD_CPU_GPU_CV 8081mW/8324mW VDD_SOC 4308mW/4027mW
08-11-2026 15:56:10 RAM 7139/7607MB (lfb 1x1MB) SWAP 1559/16384MB (cached 220MB) CPU [7%@729,11%@729,60%@729,25%@729,0%@1344,85%@1344] GR3D_FREQ 99% cpu@64.437C soc2@63.375C soc0@63.937C gpu@65.281C tj@65.281C soc1@62.937C VDD_IN 18007mW/17552mW VDD_CPU_GPU_CV 8276mW/8324mW VDD_SOC 4230mW/4028mW
08-11-2026 15:56:11 RAM 7140/7607MB (lfb 1x1MB) SWAP 1559/16384MB (cached 220MB) CPU [3%@729,1%@729,5%@729,2%@729,0%@1344,85%@1344] GR3D_FREQ 99% cpu@64.343C soc2@63.25C soc0@64.062C gpu@65.843C tj@65.843C soc1@62.968C VDD_IN 17693mW/17553mW VDD_CPU_GPU_CV 8471mW/8324mW VDD_SOC 4073mW/4028mW
08-11-2026 15:56:12 RAM 7140/7607MB (lfb 1x1MB) SWAP 1559/16384MB (cached 220MB) CPU [2%@729,3%@729,1%@729,1%@729,0%@729,87%@729] GR3D_FREQ 99% cpu@64.281C soc2@63.343C soc0@63.937C gpu@66.062C tj@66.062C soc1@63C VDD_IN 17850mW/17553mW VDD_CPU_GPU_CV 8627mW/8325mW VDD_SOC 4073mW/4028mW
08-11-2026 15:56:13 RAM 7140/7607MB (lfb 1x1MB) SWAP 1559/16384MB (cached 220MB) CPU [3%@729,3%@729,5%@729,1%@729,0%@729,91%@729] GR3D_FREQ 99% cpu@64C soc2@63.406C soc0@64.031C gpu@65.75C tj@65.75C soc1@63C VDD_IN 17693mW/17554mW VDD_CPU_GPU_CV 8471mW/8325mW VDD_SOC 4034mW/4028mW
08-11-2026 15:56:14 RAM 7140/7607MB (lfb 1x1MB) SWAP 1559/16384MB (cached 220MB) CPU [3%@729,1%@729,6%@729,2%@729,0%@1344,90%@1344] GR3D_FREQ 98% cpu@64.062C soc2@63.312C soc0@63.937C gpu@65.687C tj@65.687C soc1@62.937C VDD_IN 17772mW/17554mW VDD_CPU_GPU_CV 8784mW/8326mW VDD_SOC 3955mW/4028mW
08-11-2026 15:56:15 RAM 7142/7607MB (lfb 1x1MB) SWAP 1559/16384MB (cached 220MB) CPU [14%@1344,6%@1344,8%@1344,43%@1344,0%@1344,84%@1344] GR3D_FREQ 98% cpu@64.437C soc2@63.312C soc0@63.937C gpu@65.625C tj@65.625C soc1@62.906C VDD_IN 18203mW/17555mW VDD_CPU_GPU_CV 9042mW/8327mW VDD_SOC 3955mW/4028mW
08-11-2026 15:56:16 RAM 7142/7607MB (lfb 1x1MB) SWAP 1559/16384MB (cached 220MB) CPU [20%@729,7%@729,3%@729,38%@729,0%@1344,84%@1344] GR3D_FREQ 98% cpu@64.468C soc2@63.25C soc0@63.937C gpu@65.718C tj@65.718C soc1@63C VDD_IN 17929mW/17556mW VDD_CPU_GPU_CV 8823mW/8328mW VDD_SOC 3995mW/4028mW
08-11-2026 15:56:17 RAM 7142/7607MB (lfb 1x1MB) SWAP 1559/16384MB (cached 220MB) CPU [4%@729,3%@729,2%@729,2%@729,0%@1344,86%@1344] GR3D_FREQ 98% cpu@64.093C soc2@63.281C soc0@64.062C gpu@65.656C tj@65.656C soc1@63.031C VDD_IN 17811mW/17557mW VDD_CPU_GPU_CV 8627mW/8329mW VDD_SOC 4034mW/4028mW
08-11-2026 15:56:18 RAM 7143/7607MB (lfb 1x1MB) SWAP 1559/16384MB (cached 220MB) CPU [6%@729,1%@729,1%@729,1%@729,3%@1344,86%@1344] GR3D_FREQ 98% cpu@64.156C soc2@63.281C soc0@64C gpu@65.625C tj@65.625C soc1@62.875C VDD_IN 17850mW/17557mW VDD_CPU_GPU_CV 8666mW/8330mW VDD_SOC 4034mW/4028mW
08-11-2026 15:56:19 RAM 7143/7607MB (lfb 1x1MB) SWAP 1559/16384MB (cached 220MB) CPU [1%@729,2%@729,5%@729,0%@729,0%@1344,83%@1344] GR3D_FREQ 98% cpu@64.031C soc2@63.187C soc0@63.906C gpu@65.656C tj@65.656C soc1@62.968C VDD_IN 17732mW/17558mW VDD_CPU_GPU_CV 8471mW/8330mW VDD_SOC 4073mW/4028mW
08-11-2026 15:56:20 RAM 7143/7607MB (lfb 1x1MB) SWAP 1559/16384MB (cached 220MB) CPU [5%@729,3%@729,5%@729,8%@729,11%@1344,84%@1344] GR3D_FREQ 98% cpu@64.156C soc2@63.25C soc0@63.906C gpu@65.437C tj@65.437C soc1@62.968C VDD_IN 17850mW/17558mW VDD_CPU_GPU_CV 8510mW/8330mW VDD_SOC 4073mW/4028mW
08-11-2026 15:56:21 RAM 7142/7607MB (lfb 1x1MB) SWAP 1559/16384MB (cached 220MB) CPU [46%@1344,5%@1344,7%@1344,3%@1344,0%@1344,84%@1344] GR3D_FREQ 98% cpu@64.531C soc2@63.343C soc0@63.937C gpu@65.531C tj@65.531C soc1@63.062C VDD_IN 18242mW/17560mW VDD_CPU_GPU_CV 8652mW/8331mW VDD_SOC 4190mW/4028mW
08-11-2026 15:56:22 RAM 7142/7607MB (lfb 1x1MB) SWAP 1559/16384MB (cached 220MB) CPU [27%@729,1%@729,8%@729,21%@729,0%@1344,85%@1344] GR3D_FREQ 97% cpu@64.218C soc2@63.375C soc0@64.062C gpu@65.468C tj@65.468C soc1@63.062C VDD_IN 17850mW/17560mW VDD_CPU_GPU_CV 8237mW/8331mW VDD_SOC 4190mW/4028mW
08-11-2026 15:56:23 RAM 7142/7607MB (lfb 1x1MB) SWAP 1559/16384MB (cached 220MB) CPU [5%@729,2%@729,1%@729,3%@729,0%@1344,85%@1344] GR3D_FREQ 98% cpu@64.218C soc2@63.281C soc0@64.031C gpu@65.468C tj@65.468C soc1@62.906C VDD_IN 17850mW/17561mW VDD_CPU_GPU_CV 8120mW/8330mW VDD_SOC 4230mW/4029mW
08-11-2026 15:56:24 RAM 7142/7607MB (lfb 1x1MB) SWAP 1559/16384MB (cached 220MB) CPU [6%@729,2%@729,1%@729,1%@729,0%@1344,86%@1344] GR3D_FREQ 97% cpu@64.375C soc2@63.25C soc0@63.906C gpu@65.375C tj@65.375C soc1@62.968C VDD_IN 17732mW/17561mW VDD_CPU_GPU_CV 7925mW/8330mW VDD_SOC 4308mW/4029mW
08-11-2026 15:56:25 RAM 7143/7607MB (lfb 1x1MB) SWAP 1559/16384MB (cached 220MB) CPU [4%@1113,5%@1113,7%@1113,16%@1113,0%@1344,85%@1344] GR3D_FREQ 99% cpu@64.5C soc2@63.281C soc0@63.906C gpu@65.156C tj@65.156C soc1@62.968C VDD_IN 17772mW/17562mW VDD_CPU_GPU_CV 8042mW/8329mW VDD_SOC 4308mW/4030mW
08-11-2026 15:56:26 RAM 7143/7607MB (lfb 1x1MB) SWAP 1559/16384MB (cached 220MB) CPU [2%@729,4%@729,3%@729,5%@729,0%@1344,86%@1344] GR3D_FREQ 99% cpu@64.5C soc2@63.343C soc0@63.937C gpu@65.625C tj@65.625C soc1@62.968C VDD_IN 17654mW/17562mW VDD_CPU_GPU_CV 8354mW/8329mW VDD_SOC 4112mW/4030mW
08-11-2026 15:56:27 RAM 7144/7607MB (lfb 1x1MB) SWAP 1559/16384MB (cached 220MB) CPU [5%@1344,3%@1344,6%@1344,60%@1344,0%@729,84%@729] GR3D_FREQ 99% cpu@64.375C soc2@63.375C soc0@64C gpu@65.906C tj@65.906C soc1@62.906C VDD_IN 18125mW/17563mW VDD_CPU_GPU_CV 8925mW/8330mW VDD_SOC 4073mW/4030mW
08-11-2026 15:56:28 RAM 7144/7607MB (lfb 1x1MB) SWAP 1559/16384MB (cached 220MB) CPU [5%@729,22%@729,3%@729,18%@729,0%@729,91%@729] GR3D_FREQ 99% cpu@64.062C soc2@63.343C soc0@64.062C gpu@65.75C tj@65.75C soc1@62.906C VDD_IN 17693mW/17563mW VDD_CPU_GPU_CV 8549mW/8331mW VDD_SOC 4034mW/4030mW
08-11-2026 15:56:29 RAM 7144/7607MB (lfb 1x1MB) SWAP 1559/16384MB (cached 220MB) CPU [5%@729,2%@729,1%@729,2%@729,0%@1344,89%@1344] GR3D_FREQ 97% cpu@64.187C soc2@63.25C soc0@63.937C gpu@65.812C tj@65.812C soc1@62.906C VDD_IN 17693mW/17564mW VDD_CPU_GPU_CV 8744mW/8332mW VDD_SOC 3955mW/4030mW
08-11-2026 15:56:30 RAM 7145/7607MB (lfb 1x1MB) SWAP 1559/16384MB (cached 220MB) CPU [2%@729,6%@729,5%@729,3%@729,0%@1344,85%@1344] GR3D_FREQ 97% cpu@64.468C soc2@63.218C soc0@63.875C gpu@65.562C tj@65.562C soc1@63.031C VDD_IN 17850mW/17564mW VDD_CPU_GPU_CV 8784mW/8332mW VDD_SOC 3995mW/4030mW
08-11-2026 15:56:31 RAM 7144/7607MB (lfb 1x1MB) SWAP 1559/16384MB (cached 220MB) CPU [4%@729,3%@729,14%@729,11%@729,0%@1344,84%@1344] GR3D_FREQ 98% cpu@64.343C soc2@63.218C soc0@64.062C gpu@65.531C tj@65.531C soc1@63.062C VDD_IN 17772mW/17565mW VDD_CPU_GPU_CV 8666mW/8333mW VDD_SOC 3955mW/4030mW
08-11-2026 15:56:32 RAM 7143/7607MB (lfb 1x1MB) SWAP 1559/16384MB (cached 220MB) CPU [2%@729,1%@729,1%@729,5%@729,0%@1344,83%@1344] GR3D_FREQ 98% cpu@64C soc2@63.281C soc0@64.031C gpu@65.5C tj@65.5C soc1@62.875C VDD_IN 17693mW/17565mW VDD_CPU_GPU_CV 8549mW/8334mW VDD_SOC 3995mW/4030mW
08-11-2026 15:56:33 RAM 7144/7607MB (lfb 1x1MB) SWAP 1559/16384MB (cached 220MB) CPU [9%@1344,66%@1344,7%@1344,6%@1344,0%@1344,86%@1344] GR3D_FREQ 97% cpu@64.187C soc2@63.375C soc0@64.062C gpu@65.656C tj@65.656C soc1@62.875C VDD_IN 18242mW/17566mW VDD_CPU_GPU_CV 9003mW/8335mW VDD_SOC 4034mW/4030mW
08-11-2026 15:56:34 RAM 7144/7607MB (lfb 1x1MB) SWAP 1559/16384MB (cached 220MB) CPU [15%@729,2%@729,6%@729,6%@729,0%@1344,81%@1344] GR3D_FREQ 98% cpu@64.375C soc2@63.312C soc0@63.937C gpu@65.468C tj@65.468C soc1@62.906C VDD_IN 17732mW/17567mW VDD_CPU_GPU_CV 8393mW/8335mW VDD_SOC 4073mW/4030mW
08-11-2026 15:56:35 RAM 7152/7607MB (lfb 1x1MB) SWAP 1559/16384MB (cached 220MB) CPU [30%@1344,4%@1344,6%@1344,5%@1344,22%@729,43%@729] GR3D_FREQ 97% cpu@64.218C soc2@63.437C soc0@63.937C gpu@65.875C tj@65.875C soc1@63C VDD_IN 17929mW/17567mW VDD_CPU_GPU_CV 8432mW/8335mW VDD_SOC 4151mW/4030mW
08-11-2026 15:56:36 RAM 7139/7607MB (lfb 1x1MB) SWAP 1559/16384MB (cached 220MB) CPU [92%@1344,8%@1344,18%@1344,11%@1344,73%@1344,0%@1344] GR3D_FREQ 97% cpu@64.437C soc2@63.406C soc0@64.031C gpu@65.781C tj@65.781C soc1@63.062C VDD_IN 18125mW/17568mW VDD_CPU_GPU_CV 8496mW/8336mW VDD_SOC 4190mW/4030mW
08-11-2026 15:56:37 RAM 7139/7607MB (lfb 1x1MB) SWAP 1559/16384MB (cached 220MB) CPU [4%@729,2%@729,7%@729,4%@729,86%@1344,0%@1344] GR3D_FREQ 98% cpu@64.031C soc2@63.25C soc0@63.937C gpu@65.843C tj@65.843C soc1@62.906C VDD_IN 17811mW/17569mW VDD_CPU_GPU_CV 8081mW/8335mW VDD_SOC 4269mW/4031mW
08-11-2026 15:56:38 RAM 7139/7607MB (lfb 1x1MB) SWAP 1559/16384MB (cached 220MB) CPU [2%@729,5%@729,5%@729,2%@729,67%@1344,15%@1344] GR3D_FREQ 99% cpu@64.468C soc2@63.25C soc0@63.906C gpu@65.25C tj@65.25C soc1@63C VDD_IN 17408mW/17569mW VDD_CPU_GPU_CV 7495mW/8333mW VDD_SOC 4315mW/4031mW
08-11-2026 15:56:39 RAM 7139/7607MB (lfb 1x1MB) SWAP 1559/16384MB (cached 220MB) CPU [67%@1344,21%@1344,6%@1344,7%@1344,0%@1344,84%@1344] GR3D_FREQ 99% cpu@64.468C soc2@63.437C soc0@63.906C gpu@65.781C tj@65.781C soc1@63C VDD_IN 18242mW/17570mW VDD_CPU_GPU_CV 8769mW/8334mW VDD_SOC 4190mW/4032mW
08-11-2026 15:56:40 RAM 7140/7607MB (lfb 1x1MB) SWAP 1559/16384MB (cached 220MB) CPU [2%@729,6%@729,2%@729,7%@729,0%@1344,85%@1344] GR3D_FREQ 99% cpu@64.093C soc2@63.312C soc0@63.937C gpu@66.031C tj@66.031C soc1@62.968C VDD_IN 17811mW/17570mW VDD_CPU_GPU_CV 8471mW/8335mW VDD_SOC 4151mW/4032mW
08-11-2026 15:56:41 RAM 7142/7607MB (lfb 1x1MB) SWAP 1559/16384MB (cached 220MB) CPU [6%@729,20%@729,9%@729,5%@729,0%@729,91%@729] GR3D_FREQ 99% cpu@64.375C soc2@63.343C soc0@64.031C gpu@65.562C tj@65.562C soc1@62.937C VDD_IN 17693mW/17571mW VDD_CPU_GPU_CV 8510mW/8335mW VDD_SOC 4034mW/4032mW
08-11-2026 15:56:42 RAM 7142/7607MB (lfb 1x1MB) SWAP 1559/16384MB (cached 220MB) CPU [2%@729,4%@729,2%@729,2%@729,0%@1113,91%@1113] GR3D_FREQ 99% cpu@64C soc2@63.343C soc0@64.031C gpu@65.718C tj@65.718C soc1@62.968C VDD_IN 17811mW/17571mW VDD_CPU_GPU_CV 8666mW/8336mW VDD_SOC 3995mW/4032mW
08-11-2026 15:56:43 RAM 7142/7607MB (lfb 1x1MB) SWAP 1559/16384MB (cached 220MB) CPU [1%@729,3%@729,3%@729,2%@729,0%@1344,89%@1344] GR3D_FREQ 98% cpu@64.187C soc2@63.218C soc0@64.031C gpu@65.75C tj@65.75C soc1@63.031C VDD_IN 17889mW/17572mW VDD_CPU_GPU_CV 8823mW/8336mW VDD_SOC 3955mW/4032mW
08-11-2026 15:56:44 RAM 7142/7607MB (lfb 1x1MB) SWAP 1559/16384MB (cached 220MB) CPU [3%@1113,5%@1113,3%@1113,3%@1113,0%@1344,84%@1344] GR3D_FREQ 98% cpu@64.343C soc2@63.312C soc0@63.937C gpu@65.656C tj@65.656C soc1@63C VDD_IN 17693mW/17572mW VDD_CPU_GPU_CV 8666mW/8337mW VDD_SOC 3995mW/4032mW
08-11-2026 15:56:45 RAM 7141/7607MB (lfb 1x1MB) SWAP 1559/16384MB (cached 220MB) CPU [67%@729,6%@729,5%@729,22%@729,0%@1344,84%@1344] GR3D_FREQ 98% cpu@64.187C soc2@63.406C soc0@63.968C gpu@65.843C tj@65.843C soc1@63.062C VDD_IN 18203mW/17573mW VDD_CPU_GPU_CV 9081mW/8339mW VDD_SOC 3995mW/4032mW
08-11-2026 15:56:46 RAM 7141/7607MB (lfb 1x1MB) SWAP 1559/16384MB (cached 220MB) CPU [9%@729,6%@729,11%@729,9%@729,0%@1344,87%@1344] GR3D_FREQ 98% cpu@64.093C soc2@63.406C soc0@64.062C gpu@65.593C tj@65.593C soc1@63.187C VDD_IN 17889mW/17574mW VDD_CPU_GPU_CV 8730mW/8339mW VDD_SOC 4034mW/4032mW
08-11-2026 15:56:47 RAM 7142/7607MB (lfb 1x1MB) SWAP 1559/16384MB (cached 220MB) CPU [2%@729,2%@729,1%@729,5%@729,0%@1344,83%@1344] GR3D_FREQ 98% cpu@64.218C soc2@63.25C soc0@64.031C gpu@65.562C tj@65.562C soc1@63.031C VDD_IN 17772mW/17574mW VDD_CPU_GPU_CV 8549mW/8340mW VDD_SOC 4034mW/4032mW
08-11-2026 15:56:48 RAM 7142/7607MB (lfb 1x1MB) SWAP 1559/16384MB (cached 220MB) CPU [6%@729,2%@729,2%@729,4%@729,0%@1344,84%@1344] GR3D_FREQ 98% cpu@64.187C soc2@63.375C soc0@63.968C gpu@65.625C tj@65.625C soc1@63C VDD_IN 17850mW/17575mW VDD_CPU_GPU_CV 8471mW/8340mW VDD_SOC 4112mW/4032mW
08-11-2026 15:56:49 RAM 7142/7607MB (lfb 1x1MB) SWAP 1559/16384MB (cached 220MB) CPU [2%@729,6%@729,1%@729,3%@729,0%@1344,82%@1344] GR3D_FREQ 98% cpu@64.375C soc2@63.25C soc0@64.031C gpu@65.75C tj@65.75C soc1@63.062C VDD_IN 17654mW/17575mW VDD_CPU_GPU_CV 8276mW/8340mW VDD_SOC 4112mW/4032mW
08-11-2026 15:56:50 RAM 7144/7607MB (lfb 1x1MB) SWAP 1559/16384MB (cached 220MB) CPU [5%@1344,4%@1344,14%@1344,4%@1344,0%@1344,86%@1344] GR3D_FREQ 98% cpu@64.312C soc2@63.281C soc0@64C gpu@65.75C tj@65.75C soc1@62.937C VDD_IN 17968mW/17576mW VDD_CPU_GPU_CV 8432mW/8340mW VDD_SOC 4190mW/4032mW
08-11-2026 15:56:51 RAM 7146/7607MB (lfb 1x1MB) SWAP 1559/16384MB (cached 220MB) CPU [13%@729,20%@729,56%@729,8%@729,14%@1344,86%@1344] GR3D_FREQ 98% cpu@64.218C soc2@63.406C soc0@64.062C gpu@65.843C tj@65.843C soc1@62.968C VDD_IN 18242mW/17577mW VDD_CPU_GPU_CV 8535mW/8340mW VDD_SOC 4230mW/4033mW
08-11-2026 15:56:52 RAM 7146/7607MB (lfb 1x1MB) SWAP 1559/16384MB (cached 220MB) CPU [3%@729,1%@729,2%@729,2%@729,0%@1344,83%@1344] GR3D_FREQ 98% cpu@64.406C soc2@63.281C soc0@63.937C gpu@65.75C tj@65.75C soc1@62.937C VDD_IN 17575mW/17577mW VDD_CPU_GPU_CV 7768mW/8339mW VDD_SOC 4269mW/4033mW
08-11-2026 15:56:53 RAM 7146/7607MB (lfb 1x1MB) SWAP 1559/16384MB (cached 220MB) CPU [2%@729,7%@729,1%@729,2%@729,0%@1344,84%@1344] GR3D_FREQ 99% cpu@64.781C soc2@63.406C soc0@63.906C gpu@65.187C tj@65.187C soc1@63.031C VDD_IN 17497mW/17577mW VDD_CPU_GPU_CV 7808mW/8338mW VDD_SOC 4269mW/4034mW
08-11-2026 15:56:54 RAM 7146/7607MB (lfb 1x1MB) SWAP 1559/16384MB (cached 220MB) CPU [2%@729,6%@729,2%@729,4%@729,0%@1344,85%@1344] GR3D_FREQ 99% cpu@64.343C soc2@63.312C soc0@64.031C gpu@65.625C tj@65.625C soc1@63.093C VDD_IN 17732mW/17577mW VDD_CPU_GPU_CV 8432mW/8339mW VDD_SOC 4112mW/4034mW
08-11-2026 15:56:55 RAM 7147/7607MB (lfb 1x1MB) SWAP 1559/16384MB (cached 220MB) CPU [5%@729,2%@729,2%@729,1%@729,0%@729,86%@729] GR3D_FREQ 99% cpu@64.062C soc2@63.375C soc0@64.031C gpu@65.656C tj@65.656C soc1@63.125C VDD_IN 17654mW/17577mW VDD_CPU_GPU_CV 8432mW/8339mW VDD_SOC 4073mW/4034mW
08-11-2026 15:56:56 RAM 7145/7607MB (lfb 1x1MB) SWAP 1559/16384MB (cached 220MB) CPU [27%@1344,12%@1344,22%@1344,6%@1344,0%@806,91%@806] GR3D_FREQ 99% cpu@64.281C soc2@63.531C soc0@64.156C gpu@65.406C tj@65.406C soc1@63C VDD_IN 18125mW/17578mW VDD_CPU_GPU_CV 8925mW/8340mW VDD_SOC 4034mW/4034mW
08-11-2026 15:56:57 RAM 7146/7607MB (lfb 1x1MB) SWAP 1559/16384MB (cached 220MB) CPU [44%@729,5%@729,20%@729,6%@729,0%@1344,88%@1344] GR3D_FREQ 98% cpu@64.25C soc2@63.312C soc0@63.968C gpu@65.625C tj@65.625C soc1@63.062C VDD_IN 18007mW/17579mW VDD_CPU_GPU_CV 8925mW/8341mW VDD_SOC 3955mW/4034mW
08-11-2026 15:56:58 RAM 7146/7607MB (lfb 1x1MB) SWAP 1559/16384MB (cached 220MB) CPU [2%@729,3%@729,2%@729,4%@729,0%@1344,86%@1344] GR3D_FREQ 99% cpu@64.468C soc2@63.312C soc0@63.968C gpu@65.625C tj@65.625C soc1@63C VDD_IN 17850mW/17580mW VDD_CPU_GPU_CV 8744mW/8342mW VDD_SOC 3995mW/4034mW
08-11-2026 15:56:59 RAM 7146/7607MB (lfb 1x1MB) SWAP 1559/16384MB (cached 220MB) CPU [7%@729,2%@729,3%@729,2%@729,0%@1344,85%@1344] GR3D_FREQ 98% cpu@64.25C soc2@63.312C soc0@64C gpu@65.937C tj@65.937C soc1@63.031C VDD_IN 17850mW/17580mW VDD_CPU_GPU_CV 8744mW/8343mW VDD_SOC 3995mW/4034mW
08-11-2026 15:57:00 RAM 7147/7607MB (lfb 1x1MB) SWAP 1559/16384MB (cached 220MB) CPU [3%@729,3%@729,7%@729,6%@729,1%@1344,86%@1344] GR3D_FREQ 98% cpu@64C soc2@63.312C soc0@64.062C gpu@65.875C tj@65.875C soc1@63.093C VDD_IN 17889mW/17581mW VDD_CPU_GPU_CV 8705mW/8343mW VDD_SOC 4034mW/4034mW
08-11-2026 15:57:01 RAM 7146/7607MB (lfb 1x1MB) SWAP 1559/16384MB (cached 220MB) CPU [9%@729,6%@729,18%@729,3%@729,1%@1344,86%@1344] GR3D_FREQ 98% cpu@64.093C soc2@63.312C soc0@64.125C gpu@66C tj@66C soc1@62.906C VDD_IN 18046mW/17582mW VDD_CPU_GPU_CV 8769mW/8344mW VDD_SOC 4034mW/4034mW
08-11-2026 15:57:02 RAM 7146/7607MB (lfb 1x1MB) SWAP 1559/16384MB (cached 220MB) CPU [40%@1344,8%@1344,6%@1344,4%@1344,0%@1344,83%@1344] GR3D_FREQ 98% cpu@64.312C soc2@63.281C soc0@64C gpu@65.937C tj@65.937C soc1@62.937C VDD_IN 18164mW/17583mW VDD_CPU_GPU_CV 8808mW/8345mW VDD_SOC 4073mW/4034mW
08-11-2026 15:57:03 RAM 7146/7607MB (lfb 1x1MB) SWAP 1559/16384MB (cached 220MB) CPU [33%@729,19%@729,5%@729,6%@729,0%@1344,85%@1344] GR3D_FREQ 97% cpu@64.437C soc2@63.25C soc0@64C gpu@65.812C tj@65.812C soc1@63.031C VDD_IN 17968mW/17584mW VDD_CPU_GPU_CV 8588mW/8345mW VDD_SOC 4112mW/4034mW
08-11-2026 15:57:04 RAM 7146/7607MB (lfb 1x1MB) SWAP 1559/16384MB (cached 220MB) CPU [2%@729,1%@729,5%@729,1%@729,0%@1344,83%@1344] GR3D_FREQ 98% cpu@64.218C soc2@63.312C soc0@64.031C gpu@65.968C tj@65.656C soc1@63C VDD_IN 17654mW/17584mW VDD_CPU_GPU_CV 8198mW/8345mW VDD_SOC 4151mW/4034mW
08-11-2026 15:57:05 RAM 7147/7607MB (lfb 1x1MB) SWAP 1558/16384MB (cached 220MB) CPU [3%@729,2%@729,4%@729,2%@729,0%@1344,86%@1344] GR3D_FREQ 98% cpu@64.218C soc2@63.312C soc0@64.062C gpu@65.625C tj@65.625C soc1@62.937C VDD_IN 17772mW/17584mW VDD_CPU_GPU_CV 8159mW/8345mW VDD_SOC 4190mW/4034mW
08-11-2026 15:57:06 RAM 7147/7607MB (lfb 1x1MB) SWAP 1558/16384MB (cached 220MB) CPU [4%@960,12%@960,5%@960,4%@960,0%@1344,86%@1344] GR3D_FREQ 98% cpu@64.25C soc2@63.375C soc0@63.968C gpu@65.687C tj@65.687C soc1@62.937C VDD_IN 17929mW/17585mW VDD_CPU_GPU_CV 8237mW/8345mW VDD_SOC 4230mW/4035mW
08-11-2026 15:57:07 RAM 7148/7607MB (lfb 1x1MB) SWAP 1558/16384MB (cached 220MB) CPU [4%@729,2%@729,4%@729,7%@729,0%@1344,86%@1344] GR3D_FREQ 98% cpu@64.343C soc2@63.281C soc0@64C gpu@65.593C tj@65.593C soc1@63.031C VDD_IN 17850mW/17585mW VDD_CPU_GPU_CV 8003mW/8344mW VDD_SOC 4308mW/4035mW
08-11-2026 15:57:08 RAM 7148/7607MB (lfb 1x1MB) SWAP 1558/16384MB (cached 220MB) CPU [53%@1344,5%@1344,3%@1344,2%@1344,0%@1344,85%@1344] GR3D_FREQ 99% cpu@64.687C soc2@63.5C soc0@64C gpu@65.125C tj@65.125C soc1@63.031C VDD_IN 18085mW/17586mW VDD_CPU_GPU_CV 8198mW/8344mW VDD_SOC 4308mW/4036mW
08-11-2026 15:57:09 RAM 7148/7607MB (lfb 1x1MB) SWAP 1558/16384MB (cached 220MB) CPU [17%@729,4%@729,11%@729,19%@729,0%@1344,87%@1344] GR3D_FREQ 99% cpu@64.281C soc2@63.343C soc0@64C gpu@65.437C tj@65.437C soc1@63.031C VDD_IN 17889mW/17587mW VDD_CPU_GPU_CV 8432mW/8344mW VDD_SOC 4190mW/4036mW
08-11-2026 15:57:10 RAM 7148/7607MB (lfb 1x1MB) SWAP 1558/16384MB (cached 220MB) CPU [1%@729,3%@729,6%@729,3%@729,0%@1344,87%@1344] GR3D_FREQ 99% cpu@64.156C soc2@63.281C soc0@64.031C gpu@65.75C tj@65.562C soc1@62.937C VDD_IN 17811mW/17587mW VDD_CPU_GPU_CV 8510mW/8344mW VDD_SOC 4112mW/4036mW
08-11-2026 15:57:11 RAM 7149/7607MB (lfb 1x1MB) SWAP 1558/16384MB (cached 220MB) CPU [3%@1267,4%@1267,7%@1267,2%@1267,0%@729,88%@729] GR3D_FREQ 99% cpu@64.25C soc2@63.25C soc0@63.968C gpu@65.562C tj@65.562C soc1@62.968C VDD_IN 17732mW/17587mW VDD_CPU_GPU_CV 8549mW/8344mW VDD_SOC 4034mW/4036mW
08-11-2026 15:57:12 RAM 7148/7607MB (lfb 1x1MB) SWAP 1558/16384MB (cached 220MB) CPU [4%@729,16%@729,9%@729,6%@729,1%@883,92%@883] GR3D_FREQ 99% cpu@64.093C soc2@63.187C soc0@63.937C gpu@65.406C tj@65.406C soc1@62.937C VDD_IN 17654mW/17588mW VDD_CPU_GPU_CV 8549mW/8345mW VDD_SOC 3995mW/4036mW
08-11-2026 15:57:13 RAM 7148/7607MB (lfb 1x1MB) SWAP 1558/16384MB (cached 220MB) CPU [2%@729,2%@729,5%@729,2%@729,0%@1344,91%@1344] GR3D_FREQ 98% cpu@64.375C soc2@63.281C soc0@63.968C gpu@65.593C tj@65.593C soc1@63C VDD_IN 17929mW/17588mW VDD_CPU_GPU_CV 8808mW/8346mW VDD_SOC 3955mW/4036mW
08-11-2026 15:57:14 RAM 7149/7607MB (lfb 1x1MB) SWAP 1558/16384MB (cached 220MB) CPU [4%@1344,4%@1344,6%@1344,67%@1344,79%@1267,2%@1267] GR3D_FREQ 99% cpu@64.312C soc2@63.375C soc0@63.968C gpu@65.75C tj@65.75C soc1@63.093C VDD_IN 17536mW/17588mW VDD_CPU_GPU_CV 8901mW/8347mW VDD_SOC 3766mW/4035mW
08-11-2026 15:57:15 RAM 7059/7607MB (lfb 1x1MB) SWAP 1554/16384MB (cached 218MB) CPU [71%@1344,28%@1344,39%@1344,33%@1344,21%@1344,22%@1344] GR3D_FREQ 0% cpu@63.906C soc2@62.656C soc0@63.718C gpu@63.281C tj@63.906C soc1@62.812C VDD_IN 9021mW/17572mW VDD_CPU_GPU_CV 3015mW/8337mW VDD_SOC 2265mW/4032mW
08-11-2026 15:57:16 RAM 7150/7607MB (lfb 1x2MB) SWAP 1540/16384MB (cached 216MB) CPU [57%@1344,57%@1344,56%@1344,97%@1344,58%@729,57%@729] GR3D_FREQ 97% cpu@63.5C soc2@62.5C soc0@63.406C gpu@64.625C tj@64.625C soc1@62.718C VDD_IN 12340mW/17562mW VDD_CPU_GPU_CV 5164mW/8331mW VDD_SOC 2570mW/4029mW
08-11-2026 15:57:17 RAM 7155/7607MB (lfb 2x1MB) SWAP 1540/16384MB (cached 216MB) CPU [14%@729,6%@729,12%@729,18%@729,77%@1344,0%@1344] GR3D_FREQ 98% cpu@63.593C soc2@62.812C soc0@63.531C gpu@65.187C tj@65.187C soc1@62.75C VDD_IN 17419mW/17562mW VDD_CPU_GPU_CV 7925mW/8330mW VDD_SOC 4112mW/4030mW
08-11-2026 15:57:18 RAM 7156/7607MB (lfb 2x1MB) SWAP 1540/16384MB (cached 216MB) CPU [3%@729,3%@729,6%@729,2%@729,91%@1344,0%@1344] GR3D_FREQ 98% cpu@64C soc2@62.968C soc0@63.562C gpu@65.343C tj@65.343C soc1@62.843C VDD_IN 17889mW/17563mW VDD_CPU_GPU_CV 8237mW/8330mW VDD_SOC 4230mW/4030mW
08-11-2026 15:57:19 RAM 7156/7607MB (lfb 2x1MB) SWAP 1540/16384MB (cached 216MB) CPU [0%@729,2%@729,4%@729,1%@729,85%@1344,0%@1344] GR3D_FREQ 98% cpu@63.812C soc2@63.031C soc0@63.781C gpu@65.343C tj@65.125C soc1@62.812C VDD_IN 17772mW/17563mW VDD_CPU_GPU_CV 7886mW/8329mW VDD_SOC 4308mW/4030mW
08-11-2026 15:57:20 RAM 7151/7607MB (lfb 1x1MB) SWAP 1540/16384MB (cached 216MB) CPU [10%@1344,6%@1344,73%@1344,22%@1344,82%@1344,0%@1344] GR3D_FREQ 99% cpu@64.156C soc2@63.125C soc0@63.843C gpu@65.031C tj@65.031C soc1@62.812C VDD_IN 18242mW/17564mW VDD_CPU_GPU_CV 8652mW/8330mW VDD_SOC 4230mW/4031mW
08-11-2026 15:57:21 RAM 7150/7607MB (lfb 1x1MB) SWAP 1540/16384MB (cached 216MB) CPU [9%@729,6%@729,4%@729,20%@729,84%@729,0%@729] GR3D_FREQ 99% cpu@64.125C soc2@63.093C soc0@63.718C gpu@65.343C tj@65.343C soc1@62.812C VDD_IN 17458mW/17564mW VDD_CPU_GPU_CV 8276mW/8330mW VDD_SOC 4073mW/4031mW
08-11-2026 15:57:22 RAM 7154/7607MB (lfb 1x1MB) SWAP 1540/16384MB (cached 216MB) CPU [7%@729,4%@729,17%@729,7%@729,91%@729,0%@729] GR3D_FREQ 99% cpu@63.875C soc2@63.062C soc0@63.75C gpu@65.062C tj@65.062C soc1@62.875C VDD_IN 17340mW/17564mW VDD_CPU_GPU_CV 8315mW/8330mW VDD_SOC 3962mW/4031mW
08-11-2026 15:57:23 RAM 7154/7607MB (lfb 1x1MB) SWAP 1540/16384MB (cached 216MB) CPU [3%@729,2%@729,4%@729,2%@729,91%@1344,0%@1344] GR3D_FREQ 98% cpu@64.156C soc2@63.093C soc0@63.781C gpu@65.375C tj@65.375C soc1@62.906C VDD_IN 17811mW/17564mW VDD_CPU_GPU_CV 8784mW/8330mW VDD_SOC 3955mW/4031mW
08-11-2026 15:57:24 RAM 7154/7607MB (lfb 1x1MB) SWAP 1540/16384MB (cached 216MB) CPU [2%@729,1%@729,7%@729,1%@729,86%@1344,1%@1344] GR3D_FREQ 98% cpu@63.812C soc2@63.125C soc0@63.781C gpu@65.5C tj@65.5C soc1@62.781C VDD_IN 17889mW/17565mW VDD_CPU_GPU_CV 8823mW/8331mW VDD_SOC 3955mW/4030mW
08-11-2026 15:57:25 RAM 7154/7607MB (lfb 1x1MB) SWAP 1540/16384MB (cached 216MB) CPU [3%@729,2%@729,1%@729,1%@729,83%@1344,2%@1344] GR3D_FREQ 98% cpu@63.843C soc2@63.062C soc0@63.656C gpu@65.625C tj@65.625C soc1@62.781C VDD_IN 17772mW/17565mW VDD_CPU_GPU_CV 8666mW/8332mW VDD_SOC 3995mW/4030mW
08-11-2026 15:57:26 RAM 7157/7607MB (lfb 1x1MB) SWAP 1540/16384MB (cached 216MB) CPU [7%@1344,3%@1344,64%@1344,17%@1344,81%@1344,4%@1344] GR3D_FREQ 98% cpu@64.375C soc2@63.093C soc0@63.843C gpu@65.718C tj@65.718C soc1@62.843C VDD_IN 18321mW/17567mW VDD_CPU_GPU_CV 9081mW/8333mW VDD_SOC 3995mW/4030mW
08-11-2026 15:57:27 RAM 7158/7607MB (lfb 1x1MB) SWAP 1540/16384MB (cached 216MB) CPU [10%@729,16%@729,4%@729,16%@729,27%@1344,60%@1344] GR3D_FREQ 98% cpu@63.843C soc2@63.156C soc0@63.812C gpu@65.75C tj@65.75C soc1@62.843C VDD_IN 17968mW/17567mW VDD_CPU_GPU_CV 8744mW/8334mW VDD_SOC 4034mW/4030mW
08-11-2026 15:57:28 RAM 7158/7607MB (lfb 1x1MB) SWAP 1540/16384MB (cached 216MB) CPU [3%@729,2%@729,3%@729,1%@729,2%@1344,86%@1344] GR3D_FREQ 98% cpu@64.125C soc2@63.062C soc0@63.875C gpu@65.781C tj@65.781C soc1@62.812C VDD_IN 17889mW/17568mW VDD_CPU_GPU_CV 8588mW/8335mW VDD_SOC 4073mW/4030mW
08-11-2026 15:57:29 RAM 7158/7607MB (lfb 1x1MB) SWAP 1540/16384MB (cached 216MB) CPU [4%@1344,2%@1344,1%@1344,2%@1344,0%@1344,86%@1344] GR3D_FREQ 97% cpu@64.093C soc2@63.156C soc0@63.687C gpu@65.437C tj@65.437C soc1@62.812C VDD_IN 17811mW/17568mW VDD_CPU_GPU_CV 8432mW/8335mW VDD_SOC 4112mW/4031mW
08-11-2026 15:57:30 RAM 7158/7607MB (lfb 1x1MB) SWAP 1540/16384MB (cached 216MB) CPU [3%@729,3%@729,3%@729,2%@729,0%@1344,85%@1344] GR3D_FREQ 98% cpu@64.031C soc2@63.062C soc0@63.781C gpu@65.5C tj@65.5C soc1@62.812C VDD_IN 17889mW/17569mW VDD_CPU_GPU_CV 8393mW/8335mW VDD_SOC 4151mW/4031mW
08-11-2026 15:57:31 RAM 7158/7607MB (lfb 1x1MB) SWAP 1540/16384MB (cached 216MB) CPU [2%@729,1%@729,4%@729,2%@729,0%@1344,83%@1344] GR3D_FREQ 98% cpu@64.187C soc2@63.062C soc0@63.875C gpu@65.375C tj@65.375C soc1@62.906C VDD_IN 17536mW/17569mW VDD_CPU_GPU_CV 8003mW/8334mW VDD_SOC 4190mW/4031mW
08-11-2026 15:57:32 RAM 7161/7607MB (lfb 1x1MB) SWAP 1540/16384MB (cached 216MB) CPU [11%@729,83%@729,15%@729,15%@729,0%@1344,85%@1344] GR3D_FREQ 98% cpu@64.093C soc2@63.156C soc0@63.812C gpu@65.562C tj@65.562C soc1@62.968C VDD_IN 18360mW/17570mW VDD_CPU_GPU_CV 8574mW/8335mW VDD_SOC 4269mW/4031mW
08-11-2026 15:57:33 RAM 7161/7607MB (lfb 1x1MB) SWAP 1540/16384MB (cached 216MB) CPU [3%@729,2%@729,5%@729,6%@729,1%@1344,86%@1344] GR3D_FREQ 98% cpu@64.156C soc2@63.25C soc0@63.843C gpu@65.718C tj@65.718C soc1@62.812C VDD_IN 17889mW/17571mW VDD_CPU_GPU_CV 8003mW/8334mW VDD_SOC 4308mW/4032mW
08-11-2026 15:57:34 RAM 7161/7607MB (lfb 1x1MB) SWAP 1540/16384MB (cached 216MB) CPU [1%@729,2%@729,2%@729,5%@729,0%@1344,85%@1344] GR3D_FREQ 99% cpu@64.343C soc2@63.218C soc0@63.75C gpu@64.875C tj@64.875C soc1@62.812C VDD_IN 17732mW/17571mW VDD_CPU_GPU_CV 8042mW/8334mW VDD_SOC 4269mW/4032mW
08-11-2026 15:57:35 RAM 7161/7607MB (lfb 1x1MB) SWAP 1540/16384MB (cached 216MB) CPU [7%@729,1%@729,2%@729,1%@729,0%@1344,83%@1344] GR3D_FREQ 99% cpu@64.312C soc2@63.062C soc0@63.812C gpu@65.437C tj@65.437C soc1@62.843C VDD_IN 17262mW/17571mW VDD_CPU_GPU_CV 8159mW/8333mW VDD_SOC 4040mW/4032mW
08-11-2026 15:57:36 RAM 7161/7607MB (lfb 1x1MB) SWAP 1540/16384MB (cached 216MB) CPU [2%@729,2%@729,2%@729,5%@729,0%@729,88%@729] GR3D_FREQ 99% cpu@64.062C soc2@63.125C soc0@63.781C gpu@65.093C tj@65.093C soc1@62.906C VDD_IN 17093mW/17570mW VDD_CPU_GPU_CV 8094mW/8333mW VDD_SOC 3962mW/4032mW
08-11-2026 15:57:37 RAM 7165/7607MB (lfb 1x1MB) SWAP 1540/16384MB (cached 216MB) CPU [23%@1036,8%@1036,3%@1036,12%@1036,0%@1344,92%@1344] GR3D_FREQ 99% cpu@64.187C soc2@63.25C soc0@63.843C gpu@65.5C tj@65.656C soc1@63C VDD_IN 18203mW/17571mW VDD_CPU_GPU_CV 9003mW/8334mW VDD_SOC 3995mW/4032mW
08-11-2026 15:57:39 RAM 7165/7607MB (lfb 1x1MB) SWAP 1540/16384MB (cached 216MB) CPU [46%@729,6%@729,7%@729,21%@729,17%@1344,86%@1344] GR3D_FREQ 98% cpu@64.031C soc2@63.156C soc0@63.937C gpu@65.656C tj@65.656C soc1@62.875C VDD_IN 18203mW/17572mW VDD_CPU_GPU_CV 9081mW/8335mW VDD_SOC 3955mW/4032mW
08-11-2026 15:57:40 RAM 7165/7607MB (lfb 1x1MB) SWAP 1540/16384MB (cached 216MB) CPU [3%@729,1%@729,2%@729,5%@729,0%@1344,83%@1344] GR3D_FREQ 97% cpu@64.031C soc2@63.093C soc0@63.843C gpu@65.625C tj@65.625C soc1@62.875C VDD_IN 17889mW/17573mW VDD_CPU_GPU_CV 8744mW/8336mW VDD_SOC 3955mW/4032mW
08-11-2026 15:57:41 RAM 7165/7607MB (lfb 1x1MB) SWAP 1540/16384MB (cached 216MB) CPU [2%@729,1%@729,2%@729,3%@729,0%@1344,86%@1344] GR3D_FREQ 98% cpu@64.281C soc2@63.218C soc0@63.906C gpu@65.625C tj@65.625C soc1@62.875C VDD_IN 17889mW/17573mW VDD_CPU_GPU_CV 8744mW/8337mW VDD_SOC 3995mW/4032mW
08-11-2026 15:57:42 RAM 7165/7607MB (lfb 1x1MB) SWAP 1540/16384MB (cached 216MB) CPU [2%@729,2%@729,1%@729,2%@729,1%@1344,84%@1344] GR3D_FREQ 98% cpu@64C soc2@63.187C soc0@63.875C gpu@65.468C tj@65.468C soc1@62.968C VDD_IN 17889mW/17574mW VDD_CPU_GPU_CV 8627mW/8337mW VDD_SOC 4034mW/4032mW
08-11-2026 15:57:43 RAM 7165/7607MB (lfb 1x1MB) SWAP 1540/16384MB (cached 216MB) CPU [10%@729,10%@729,7%@729,10%@729,0%@1344,82%@1344] GR3D_FREQ 98% cpu@64.062C soc2@63.187C soc0@63.875C gpu@65.437C tj@65.437C soc1@62.843C VDD_IN 17968mW/17574mW VDD_CPU_GPU_CV 8666mW/8338mW VDD_SOC 4034mW/4032mW
08-11-2026 15:57:44 RAM 7167/7607MB (lfb 1x1MB) SWAP 1540/16384MB (cached 216MB) CPU [21%@1344,5%@1344,10%@1344,1%@1344,0%@1344,85%@1344] GR3D_FREQ 99% cpu@64.062C soc2@63.218C soc0@63.812C gpu@65.468C tj@65.468C soc1@62.843C VDD_IN 18164mW/17575mW VDD_CPU_GPU_CV 8705mW/8339mW VDD_SOC 4112mW/4032mW
08-11-2026 15:57:45 RAM 7167/7607MB (lfb 1x1MB) SWAP 1540/16384MB (cached 216MB) CPU [50%@729,9%@729,5%@729,19%@729,0%@1344,86%@1344] GR3D_FREQ 98% cpu@64.156C soc2@63.187C soc0@63.843C gpu@65.593C tj@65.593C soc1@62.968C VDD_IN 18203mW/17577mW VDD_CPU_GPU_CV 8691mW/8339mW VDD_SOC 4151mW/4032mW
08-11-2026 15:57:46 RAM 7168/7607MB (lfb 1x1MB) SWAP 1540/16384MB (cached 216MB) CPU [3%@729,2%@729,4%@729,2%@729,0%@1344,85%@1344] GR3D_FREQ 98% cpu@64.281C soc2@63.156C soc0@63.937C gpu@65.468C tj@65.468C soc1@62.937C VDD_IN 17889mW/17577mW VDD_CPU_GPU_CV 8354mW/8339mW VDD_SOC 4190mW/4033mW
08-11-2026 15:57:47 RAM 7168/7607MB (lfb 1x1MB) SWAP 1540/16384MB (cached 216MB) CPU [2%@729,1%@729,1%@729,2%@729,0%@1344,84%@1344] GR3D_FREQ 98% cpu@64.031C soc2@63.218C soc0@63.968C gpu@65.406C tj@65.687C soc1@62.968C VDD_IN 17811mW/17578mW VDD_CPU_GPU_CV 8159mW/8339mW VDD_SOC 4230mW/4033mW
08-11-2026 15:57:48 RAM 7168/7607MB (lfb 1x1MB) SWAP 1540/16384MB (cached 216MB) CPU [0%@883,12%@883,7%@883,7%@883,0%@1344,86%@1344] GR3D_FREQ 98% cpu@64.187C soc2@63.187C soc0@64.062C gpu@65.687C tj@65.687C soc1@62.812C VDD_IN 17968mW/17578mW VDD_CPU_GPU_CV 8159mW/8339mW VDD_SOC 4308mW/4033mW
08-11-2026 15:57:49 RAM 7169/7607MB (lfb 1x1MB) SWAP 1540/16384MB (cached 216MB) CPU [4%@729,5%@729,7%@729,2%@729,0%@1344,84%@1344] GR3D_FREQ 99% cpu@64.468C soc2@63.187C soc0@63.781C gpu@65.125C tj@65.125C soc1@62.875C VDD_IN 17693mW/17578mW VDD_CPU_GPU_CV 7729mW/8338mW VDD_SOC 4386mW/4034mW
08-11-2026 15:57:50 RAM 7168/7607MB (lfb 1x1MB) SWAP 1540/16384MB (cached 216MB) CPU [32%@1344,6%@1344,3%@1344,6%@1344,0%@1344,83%@1344] GR3D_FREQ 99% cpu@64.156C soc2@63.406C soc0@63.875C gpu@65.75C tj@65.75C soc1@63C VDD_IN 17615mW/17578mW VDD_CPU_GPU_CV 8432mW/8338mW VDD_SOC 4073mW/4034mW
08-11-2026 15:57:51 RAM 7169/7607MB (lfb 1x1MB) SWAP 1540/16384MB (cached 216MB) CPU [37%@729,6%@729,24%@729,4%@729,0%@729,85%@729] GR3D_FREQ 99% cpu@64.312C soc2@63.218C soc0@63.937C gpu@65.656C tj@65.656C soc1@63C VDD_IN 17575mW/17578mW VDD_CPU_GPU_CV 8471mW/8338mW VDD_SOC 3995mW/4034mW
08-11-2026 15:57:52 RAM 7169/7607MB (lfb 1x1MB) SWAP 1540/16384MB (cached 216MB) CPU [3%@729,5%@729,1%@729,1%@729,0%@806,92%@806] GR3D_FREQ 99% cpu@64.031C soc2@63.343C soc0@63.875C gpu@65.5C tj@65.5C soc1@63.031C VDD_IN 17772mW/17579mW VDD_CPU_GPU_CV 8588mW/8338mW VDD_SOC 4034mW/4034mW
08-11-2026 15:57:53 RAM 7169/7607MB (lfb 1x1MB) SWAP 1540/16384MB (cached 216MB) CPU [5%@1267,5%@1267,4%@1267,3%@1267,0%@1344,91%@1344] GR3D_FREQ 98% cpu@64.218C soc2@63.25C soc0@63.937C gpu@65.625C tj@65.625C soc1@62.843C VDD_IN 17968mW/17580mW VDD_CPU_GPU_CV 8940mW/8339mW VDD_SOC 3995mW/4034mW
08-11-2026 15:57:54 RAM 7168/7607MB (lfb 1x1MB) SWAP 1540/16384MB (cached 216MB) CPU [4%@729,6%@729,3%@729,15%@729,5%@1344,85%@1344] GR3D_FREQ 98% cpu@64.25C soc2@63.218C soc0@63.906C gpu@65.718C tj@65.718C soc1@62.906C VDD_IN 17889mW/17580mW VDD_CPU_GPU_CV 8784mW/8340mW VDD_SOC 3995mW/4034mW
08-11-2026 15:57:55 RAM 7168/7607MB (lfb 1x1MB) SWAP 1540/16384MB (cached 216MB) CPU [4%@729,1%@729,5%@729,5%@729,0%@1344,85%@1344] GR3D_FREQ 97% cpu@64.062C soc2@63.218C soc0@63.843C gpu@65.531C tj@65.531C soc1@62.968C VDD_IN 17889mW/17581mW VDD_CPU_GPU_CV 8784mW/8341mW VDD_SOC 3995mW/4034mW
08-11-2026 15:57:56 RAM 7168/7607MB (lfb 1x1MB) SWAP 1540/16384MB (cached 216MB) CPU [3%@1344,7%@1344,1%@1344,45%@1344,0%@1344,85%@1344] GR3D_FREQ 98% cpu@64.593C soc2@63.281C soc0@63.937C gpu@65.593C tj@65.593C soc1@63.031C VDD_IN 18242mW/17582mW VDD_CPU_GPU_CV 9042mW/8342mW VDD_SOC 4034mW/4034mW
08-11-2026 15:57:57 RAM 7169/7607MB (lfb 1x1MB) SWAP 1540/16384MB (cached 216MB) CPU [3%@729,21%@729,12%@729,23%@729,63%@1344,22%@1344] GR3D_FREQ 98% cpu@63.937C soc2@63.375C soc0@63.937C gpu@65.843C tj@65.843C soc1@62.937C VDD_IN 18007mW/17582mW VDD_CPU_GPU_CV 8784mW/8343mW VDD_SOC 4034mW/4034mW
08-11-2026 15:57:58 RAM 7169/7607MB (lfb 1x1MB) SWAP 1540/16384MB (cached 216MB) CPU [3%@729,0%@729,5%@729,2%@729,86%@1344,0%@1344] GR3D_FREQ 98% cpu@64C soc2@63.218C soc0@64C gpu@65.937C tj@65.937C soc1@62.906C VDD_IN 17889mW/17583mW VDD_CPU_GPU_CV 8627mW/8343mW VDD_SOC 4073mW/4034mW
08-11-2026 15:57:59 RAM 7170/7607MB (lfb 1x1MB) SWAP 1540/16384MB (cached 216MB) CPU [5%@729,7%@729,7%@729,19%@729,82%@1344,0%@1344] GR3D_FREQ 98% cpu@64.156C soc2@63.218C soc0@63.843C gpu@65.875C tj@65.875C soc1@62.812C VDD_IN 17772mW/17583mW VDD_CPU_GPU_CV 8393mW/8343mW VDD_SOC 4112mW/4034mW
08-11-2026 15:58:00 RAM 7170/7607MB (lfb 1x1MB) SWAP 1540/16384MB (cached 216MB) CPU [4%@729,3%@729,2%@729,4%@729,86%@1344,0%@1344] GR3D_FREQ 98% cpu@64C soc2@63.312C soc0@63.812C gpu@65.562C tj@65.562C soc1@62.937C VDD_IN 17850mW/17584mW VDD_CPU_GPU_CV 8393mW/8344mW VDD_SOC 4151mW/4034mW
08-11-2026 15:58:01 RAM 7170/7607MB (lfb 1x1MB) SWAP 1540/16384MB (cached 216MB) CPU [1%@729,5%@729,2%@729,6%@729,84%@1344,0%@1344] GR3D_FREQ 98% cpu@64.312C soc2@63.25C soc0@63.937C gpu@65.437C tj@65.437C soc1@63C VDD_IN 17811mW/17584mW VDD_CPU_GPU_CV 8198mW/8343mW VDD_SOC 4190mW/4034mW
08-11-2026 15:58:02 RAM 7170/7607MB (lfb 1x1MB) SWAP 1540/16384MB (cached 216MB) CPU [3%@1344,0%@1344,59%@1344,7%@1344,83%@1344,0%@1344] GR3D_FREQ 98% cpu@64.312C soc2@63.375C soc0@63.875C gpu@65.468C tj@65.468C soc1@62.812C VDD_IN 18282mW/17585mW VDD_CPU_GPU_CV 8496mW/8344mW VDD_SOC 4269mW/4035mW
08-11-2026 15:58:03 RAM 7170/7607MB (lfb 1x1MB) SWAP 1540/16384MB (cached 216MB) CPU [23%@729,6%@729,9%@729,3%@729,83%@1344,3%@1344] GR3D_FREQ 99% cpu@64.25C soc2@63.218C soc0@63.906C gpu@65.5C tj@65.5C soc1@62.937C VDD_IN 17850mW/17586mW VDD_CPU_GPU_CV 7925mW/8343mW VDD_SOC 4386mW/4035mW
08-11-2026 15:58:04 RAM 7171/7607MB (lfb 1x1MB) SWAP 1540/16384MB (cached 216MB) CPU [18%@729,4%@729,8%@729,6%@729,86%@1344,0%@1344] GR3D_FREQ 99% cpu@64.468C soc2@63.375C soc0@64C gpu@65.281C tj@65.281C soc1@62.937C VDD_IN 17889mW/17586mW VDD_CPU_GPU_CV 8237mW/8343mW VDD_SOC 4269mW/4036mW
08-11-2026 15:58:05 RAM 7171/7607MB (lfb 1x1MB) SWAP 1540/16384MB (cached 216MB) CPU [2%@729,1%@729,5%@729,1%@729,85%@1344,0%@1344] GR3D_FREQ 99% cpu@64.093C soc2@63.281C soc0@63.968C gpu@65.781C tj@65.781C soc1@63.031C VDD_IN 17693mW/17587mW VDD_CPU_GPU_CV 8471mW/8343mW VDD_SOC 4073mW/4036mW
08-11-2026 15:58:06 RAM 7172/7607MB (lfb 1x1MB) SWAP 1540/16384MB (cached 216MB) CPU [1%@729,2%@729,2%@729,5%@729,88%@729,2%@729] GR3D_FREQ 99% cpu@64.312C soc2@63.375C soc0@63.968C gpu@66C tj@66C soc1@62.968C VDD_IN 17889mW/17587mW VDD_CPU_GPU_CV 8666mW/8343mW VDD_SOC 4034mW/4036mW
08-11-2026 15:58:07 RAM 7172/7607MB (lfb 1x1MB) SWAP 1540/16384MB (cached 216MB) CPU [31%@883,2%@883,0%@883,2%@883,66%@729,0%@729] GR3D_FREQ 99% cpu@64C soc2@63.5C soc0@64.031C gpu@65.656C tj@65.656C soc1@62.937C VDD_IN 17693mW/17587mW VDD_CPU_GPU_CV 8549mW/8344mW VDD_SOC 3995mW/4036mW
08-11-2026 15:58:08 RAM 7172/7607MB (lfb 1x1MB) SWAP 1540/16384MB (cached 216MB) CPU [32%@1344,68%@1344,4%@1344,6%@1344,65%@1344,1%@1344] GR3D_FREQ 98% cpu@64.25C soc2@63.437C soc0@63.843C gpu@65.843C tj@65.718C soc1@62.968C VDD_IN 18408mW/17589mW VDD_CPU_GPU_CV 9315mW/8345mW VDD_SOC 3995mW/4036mW
08-11-2026 15:58:09 RAM 7172/7607MB (lfb 1x1MB) SWAP 1540/16384MB (cached 216MB) CPU [18%@729,19%@729,7%@729,5%@729,84%@1344,4%@1344] GR3D_FREQ 98% cpu@64.187C soc2@63.281C soc0@63.968C gpu@65.656C tj@65.656C soc1@63C VDD_IN 17929mW/17589mW VDD_CPU_GPU_CV 8847mW/8346mW VDD_SOC 3995mW/4036mW
08-11-2026 15:58:10 RAM 7172/7607MB (lfb 1x1MB) SWAP 1540/16384MB (cached 216MB) CPU [2%@729,3%@729,5%@729,1%@729,84%@1344,0%@1344] GR3D_FREQ 98% cpu@63.937C soc2@63.312C soc0@63.968C gpu@65.656C tj@65.656C soc1@63.062C VDD_IN 17929mW/17590mW VDD_CPU_GPU_CV 8808mW/8347mW VDD_SOC 3995mW/4036mW
08-11-2026 15:58:11 RAM 7172/7607MB (lfb 1x1MB) SWAP 1540/16384MB (cached 216MB) CPU [3%@1344,68%@1344,2%@1344,3%@1344,16%@729,0%@729] GR3D_FREQ 98% cpu@64.375C soc2@63.375C soc0@63.968C gpu@65.687C tj@65.687C soc1@63.125C VDD_IN 17811mW/17590mW VDD_CPU_GPU_CV 8627mW/8348mW VDD_SOC 4034mW/4036mW
08-11-2026 15:58:12 RAM 7172/7607MB (lfb 1x1MB) SWAP 1540/16384MB (cached 216MB) CPU [2%@1344,6%@1344,1%@1344,3%@1344,81%@1344,0%@1344] GR3D_FREQ 98% cpu@64.031C soc2@63.187C soc0@64.062C gpu@65.625C tj@65.812C soc1@62.875C VDD_IN 17811mW/17591mW VDD_CPU_GPU_CV 8588mW/8348mW VDD_SOC 4034mW/4036mW
08-11-2026 15:58:13 RAM 7172/7607MB (lfb 1x1MB) SWAP 1540/16384MB (cached 216MB) CPU [5%@1344,1%@1344,3%@1344,2%@1344,86%@1344,1%@1344] GR3D_FREQ 98% cpu@64.281C soc2@63.312C soc0@63.968C gpu@65.812C tj@65.812C soc1@63.031C VDD_IN 17889mW/17591mW VDD_CPU_GPU_CV 8549mW/8348mW VDD_SOC 4073mW/4036mW
08-11-2026 15:58:14 RAM 7173/7607MB (lfb 1x1MB) SWAP 1540/16384MB (cached 216MB) CPU [76%@1344,34%@1344,46%@1344,34%@1344,82%@1344,25%@1344] GR3D_FREQ 98% cpu@64.781C soc2@63.375C soc0@63.968C gpu@65.937C tj@65.937C soc1@63.093C VDD_IN 18957mW/17593mW VDD_CPU_GPU_CV 9471mW/8350mW VDD_SOC 4184mW/4036mW
08-11-2026 15:58:15 RAM 7173/7607MB (lfb 1x1MB) SWAP 1540/16384MB (cached 216MB) CPU [43%@1344,2%@1344,2%@1344,3%@1344,47%@729,4%@729] GR3D_FREQ 98% cpu@64.187C soc2@63.406C soc0@63.968C gpu@65.625C tj@65.625C soc1@63.093C VDD_IN 17889mW/17594mW VDD_CPU_GPU_CV 8393mW/8350mW VDD_SOC 4151mW/4036mW
08-11-2026 15:58:16 RAM 7173/7607MB (lfb 1x1MB) SWAP 1540/16384MB (cached 216MB) CPU [84%@1344,1%@1344,1%@1344,2%@1344,1%@729,6%@729] GR3D_FREQ 98% cpu@64.406C soc2@63.375C soc0@64.062C gpu@65.437C tj@65.437C soc1@62.906C VDD_IN 17693mW/17594mW VDD_CPU_GPU_CV 8081mW/8350mW VDD_SOC 4190mW/4036mW
08-11-2026 15:58:17 RAM 7173/7607MB (lfb 1x1MB) SWAP 1540/16384MB (cached 216MB) CPU [86%@1344,1%@1344,5%@1344,2%@1344,0%@729,1%@729] GR3D_FREQ 98% cpu@64.531C soc2@63.343C soc0@63.937C gpu@65.5C tj@65.5C soc1@62.968C VDD_IN 17811mW/17594mW VDD_CPU_GPU_CV 8042mW/8349mW VDD_SOC 4269mW/4037mW
08-11-2026 15:58:18 RAM 7173/7607MB (lfb 1x1MB) SWAP 1540/16384MB (cached 216MB) CPU [85%@1344,1%@1344,2%@1344,2%@1344,0%@729,0%@729] GR3D_FREQ 99% cpu@64.468C soc2@63.343C soc0@63.906C gpu@65.031C tj@65.031C soc1@63.062C VDD_IN 17693mW/17594mW VDD_CPU_GPU_CV 7729mW/8348mW VDD_SOC 4347mW/4037mW
08-11-2026 15:58:19 RAM 7173/7607MB (lfb 1x1MB) SWAP 1540/16384MB (cached 216MB) CPU [77%@729,17%@729,7%@729,5%@729,7%@1344,0%@1344] GR3D_FREQ 99% cpu@64.375C soc2@63.406C soc0@63.968C gpu@65.75C tj@65.75C soc1@63C VDD_IN 17575mW/17594mW VDD_CPU_GPU_CV 8354mW/8348mW VDD_SOC 4073mW/4037mW
08-11-2026 15:58:20 RAM 7172/7607MB (lfb 1x1MB) SWAP 1540/16384MB (cached 216MB) CPU [21%@729,7%@729,69%@729,6%@729,86%@729,0%@729] GR3D_FREQ 99% cpu@64.125C soc2@63.406C soc0@63.968C gpu@65.75C tj@65.75C soc1@62.875C VDD_IN 18164mW/17595mW VDD_CPU_GPU_CV 8847mW/8349mW VDD_SOC 4112mW/4037mW
08-11-2026 15:58:21 RAM 7172/7607MB (lfb 1x1MB) SWAP 1540/16384MB (cached 216MB) CPU [2%@729,3%@729,5%@729,4%@729,90%@729,0%@729] GR3D_FREQ 99% cpu@64.031C soc2@63.25C soc0@63.937C gpu@65.75C tj@65.75C soc1@62.906C VDD_IN 17575mW/17595mW VDD_CPU_GPU_CV 8471mW/8349mW VDD_SOC 3995mW/4037mW
08-11-2026 15:58:22 RAM 7172/7607MB (lfb 1x1MB) SWAP 1539/16384MB (cached 216MB) CPU [3%@729,3%@729,5%@729,3%@729,91%@1267,0%@1267] GR3D_FREQ 99% cpu@64.062C soc2@63.187C soc0@64C gpu@65.812C tj@65.812C soc1@63C VDD_IN 17732mW/17596mW VDD_CPU_GPU_CV 8627mW/8350mW VDD_SOC 3995mW/4037mW
08-11-2026 15:58:23 RAM 7172/7607MB (lfb 1x1MB) SWAP 1539/16384MB (cached 216MB) CPU [2%@729,1%@729,4%@729,0%@729,90%@1344,0%@1344] GR3D_FREQ 98% cpu@64.406C soc2@63.312C soc0@64C gpu@65.781C tj@65.781C soc1@62.968C VDD_IN 17772mW/17596mW VDD_CPU_GPU_CV 8784mW/8350mW VDD_SOC 3955mW/4037mW
08-11-2026 15:58:24 RAM 7172/7607MB (lfb 1x1MB) SWAP 1539/16384MB (cached 216MB) CPU [6%@729,7%@729,6%@729,16%@729,85%@1344,0%@1344] GR3D_FREQ 98% cpu@64.062C soc2@63.312C soc0@64.031C gpu@65.593C tj@65.593C soc1@63.062C VDD_IN 17929mW/17596mW VDD_CPU_GPU_CV 8862mW/8351mW VDD_SOC 3995mW/4037mW
08-11-2026 15:58:25 RAM 7172/7607MB (lfb 1x1MB) SWAP 1539/16384MB (cached 216MB) CPU [5%@1344,12%@1344,3%@1344,6%@1344,84%@1344,0%@1344] GR3D_FREQ 98% cpu@64.093C soc2@63.25C soc0@64C gpu@65.625C tj@65.625C soc1@62.906C VDD_IN 17968mW/17597mW VDD_CPU_GPU_CV 8808mW/8352mW VDD_SOC 3955mW/4037mW
08-11-2026 15:58:26 RAM 7172/7607MB (lfb 1x1MB) SWAP 1539/16384MB (cached 216MB) CPU [39%@1344,59%@1344,4%@1344,4%@1344,65%@729,0%@729] GR3D_FREQ 97% cpu@64.125C soc2@63.312C soc0@63.843C gpu@65.718C tj@65.718C soc1@62.843C VDD_IN 18046mW/17598mW VDD_CPU_GPU_CV 8847mW/8353mW VDD_SOC 3995mW/4037mW
08-11-2026 15:58:27 RAM 7172/7607MB (lfb 1x1MB) SWAP 1539/16384MB (cached 216MB) CPU [84%@1344,1%@1344,6%@1344,2%@1344,0%@729,0%@729] GR3D_FREQ 97% cpu@64.343C soc2@63.437C soc0@63.906C gpu@65.718C tj@65.718C soc1@62.968C VDD_IN 17811mW/17598mW VDD_CPU_GPU_CV 8627mW/8353mW VDD_SOC 4034mW/4037mW
08-11-2026 15:58:28 RAM 7173/7607MB (lfb 1x1MB) SWAP 1539/16384MB (cached 216MB) CPU [87%@1344,3%@1344,2%@1344,6%@1344,0%@729,0%@729] GR3D_FREQ 98% cpu@64.531C soc2@63.437C soc0@63.906C gpu@65.687C tj@65.687C soc1@62.968C VDD_IN 17811mW/17598mW VDD_CPU_GPU_CV 8471mW/8354mW VDD_SOC 4073mW/4037mW
08-11-2026 15:58:29 RAM 7173/7607MB (lfb 1x1MB) SWAP 1539/16384MB (cached 216MB) CPU [78%@729,2%@729,7%@729,4%@729,7%@1344,9%@1344] GR3D_FREQ 97% cpu@64.093C soc2@63.343C soc0@64C gpu@65.656C tj@65.656C soc1@63C VDD_IN 17889mW/17599mW VDD_CPU_GPU_CV 8510mW/8354mW VDD_SOC 4073mW/4037mW
08-11-2026 15:58:30 RAM 7173/7607MB (lfb 1x1MB) SWAP 1539/16384MB (cached 216MB) CPU [43%@729,3%@729,8%@729,2%@729,44%@1344,5%@1344] GR3D_FREQ 97% cpu@64.062C soc2@63.312C soc0@64.031C gpu@65.687C tj@65.687C soc1@62.843C VDD_IN 17772mW/17599mW VDD_CPU_GPU_CV 8315mW/8354mW VDD_SOC 4112mW/4037mW
08-11-2026 15:58:31 RAM 7173/7607MB (lfb 1x1MB) SWAP 1539/16384MB (cached 216MB) CPU [26%@1344,3%@1344,2%@1344,9%@1344,83%@1344,0%@1344] GR3D_FREQ 96% cpu@64.156C soc2@63.406C soc0@63.812C gpu@65.656C tj@65.656C soc1@62.875C VDD_IN 17772mW/17600mW VDD_CPU_GPU_CV 8198mW/8353mW VDD_SOC 4190mW/4037mW
08-11-2026 15:58:32 RAM 7172/7607MB (lfb 1x1MB) SWAP 1539/16384MB (cached 216MB) CPU [49%@729,6%@729,21%@729,2%@729,86%@1344,0%@1344] GR3D_FREQ 98% cpu@64.156C soc2@63.312C soc0@63.843C gpu@65.468C tj@65.468C soc1@63C VDD_IN 17968mW/17600mW VDD_CPU_GPU_CV 8276mW/8353mW VDD_SOC 4230mW/4038mW
08-11-2026 15:58:33 RAM 7172/7607MB (lfb 1x1MB) SWAP 1539/16384MB (cached 216MB) CPU [7%@1344,2%@1344,2%@1344,3%@1344,84%@729,0%@729] GR3D_FREQ 99% cpu@64.5C soc2@63.218C soc0@63.875C gpu@65.218C tj@65.218C soc1@62.968C VDD_IN 17615mW/17600mW VDD_CPU_GPU_CV 7729mW/8352mW VDD_SOC 4347mW/4038mW
08-11-2026 15:58:34 RAM 7173/7607MB (lfb 1x1MB) SWAP 1539/16384MB (cached 216MB) CPU [81%@1344,2%@1344,4%@1344,1%@1344,0%@1113,0%@1113] GR3D_FREQ 99% cpu@64.187C soc2@63.375C soc0@63.937C gpu@65.468C tj@65.468C soc1@63.031C VDD_IN 17290mW/17600mW VDD_CPU_GPU_CV 8081mW/8352mW VDD_SOC 4080mW/4038mW
08-11-2026 15:58:35 RAM 7172/7607MB (lfb 1x1MB) SWAP 1539/16384MB (cached 216MB) CPU [17%@729,2%@729,11%@729,3%@729,81%@729,0%@729] GR3D_FREQ 99% cpu@64.031C soc2@63.343C soc0@64C gpu@65.593C tj@65.593C soc1@62.843C VDD_IN 17772mW/17600mW VDD_CPU_GPU_CV 8510mW/8352mW VDD_SOC 4112mW/4038mW
08-11-2026 15:58:36 RAM 7172/7607MB (lfb 1x1MB) SWAP 1539/16384MB (cached 216MB) CPU [3%@729,5%@729,2%@729,2%@729,92%@729,0%@729] GR3D_FREQ 99% cpu@64.031C soc2@63.125C soc0@63.812C gpu@65.656C tj@65.656C soc1@62.875C VDD_IN 17497mW/17600mW VDD_CPU_GPU_CV 8432mW/8352mW VDD_SOC 3962mW/4038mW
08-11-2026 15:58:37 RAM 7173/7607MB (lfb 1x1MB) SWAP 1539/16384MB (cached 216MB) CPU [4%@1344,5%@1344,5%@1344,36%@1344,92%@1344,0%@1344] GR3D_FREQ 99% cpu@64.312C soc2@63.25C soc0@63.906C gpu@65.687C tj@65.687C soc1@62.906C VDD_IN 18125mW/17601mW VDD_CPU_GPU_CV 9003mW/8353mW VDD_SOC 3955mW/4038mW
08-11-2026 15:58:38 RAM 7173/7607MB (lfb 1x1MB) SWAP 1539/16384MB (cached 216MB) CPU [4%@729,25%@729,9%@729,33%@729,85%@1344,0%@1344] GR3D_FREQ 98% cpu@64.25C soc2@63.218C soc0@63.906C gpu@65.781C tj@65.781C soc1@63.062C VDD_IN 17968mW/17601mW VDD_CPU_GPU_CV 8940mW/8354mW VDD_SOC 3955mW/4038mW
08-11-2026 15:58:39 RAM 7173/7607MB (lfb 1x1MB) SWAP 1539/16384MB (cached 216MB) CPU [80%@1344,4%@1344,2%@1344,1%@1344,5%@729,0%@729] GR3D_FREQ 97% cpu@64.031C soc2@63.375C soc0@64.031C gpu@65.812C tj@65.812C soc1@63.093C VDD_IN 17732mW/17601mW VDD_CPU_GPU_CV 8666mW/8355mW VDD_SOC 3955mW/4038mW
08-11-2026 15:58:40 RAM 7175/7607MB (lfb 1x1MB) SWAP 1539/16384MB (cached 216MB) CPU [85%@1344,4%@1344,3%@1344,7%@1344,17%@729,1%@729] GR3D_FREQ 98% cpu@64.156C soc2@63.375C soc0@64.031C gpu@65.906C tj@65.906C soc1@62.875C VDD_IN 17811mW/17602mW VDD_CPU_GPU_CV 8744mW/8355mW VDD_SOC 3995mW/4038mW
08-11-2026 15:58:41 RAM 7175/7607MB (lfb 1x1MB) SWAP 1539/16384MB (cached 216MB) CPU [86%@1344,2%@1344,1%@1344,2%@1344,0%@729,0%@729] GR3D_FREQ 99% cpu@64.125C soc2@63.312C soc0@63.843C gpu@65.75C tj@65.75C soc1@62.937C VDD_IN 17693mW/17602mW VDD_CPU_GPU_CV 8549mW/8356mW VDD_SOC 3995mW/4038mW
08-11-2026 15:58:42 RAM 7175/7607MB (lfb 1x1MB) SWAP 1539/16384MB (cached 216MB) CPU [87%@1344,2%@1344,2%@1344,4%@1344,0%@729,1%@729] GR3D_FREQ 98% cpu@64.156C soc2@63.343C soc0@63.906C gpu@65.906C tj@65.906C soc1@62.875C VDD_IN 17811mW/17602mW VDD_CPU_GPU_CV 8627mW/8356mW VDD_SOC 4034mW/4038mW
08-11-2026 15:58:43 RAM 7178/7607MB (lfb 1x1MB) SWAP 1539/16384MB (cached 216MB) CPU [40%@1344,10%@1344,47%@1344,4%@1344,42%@1344,2%@1344] GR3D_FREQ 98% cpu@64.593C soc2@63.312C soc0@64C gpu@65.937C tj@65.937C soc1@62.937C VDD_IN 18203mW/17603mW VDD_CPU_GPU_CV 8847mW/8357mW VDD_SOC 4073mW/4038mW
08-11-2026 15:58:44 RAM 7179/7607MB (lfb 1x1MB) SWAP 1539/16384MB (cached 216MB) CPU [5%@1344,4%@1344,83%@1344,7%@1344,31%@729,1%@729] GR3D_FREQ 98% cpu@64.375C soc2@63.281C soc0@63.906C gpu@65.968C tj@65.968C soc1@62.937C VDD_IN 17772mW/17603mW VDD_CPU_GPU_CV 8432mW/8357mW VDD_SOC 4073mW/4038mW
08-11-2026 15:58:45 RAM 7180/7607MB (lfb 1x1MB) SWAP 1539/16384MB (cached 216MB) CPU [5%@1344,5%@1344,83%@1344,6%@1344,15%@729,2%@729] GR3D_FREQ 98% cpu@64.343C soc2@63.312C soc0@63.937C gpu@65.718C tj@65.718C soc1@62.843C VDD_IN 17811mW/17604mW VDD_CPU_GPU_CV 8276mW/8357mW VDD_SOC 4190mW/4038mW
08-11-2026 15:58:46 RAM 7180/7607MB (lfb 1x1MB) SWAP 1539/16384MB (cached 216MB) CPU [2%@1344,1%@1344,86%@1344,1%@1344,0%@729,1%@729] GR3D_FREQ 97% cpu@64.406C soc2@63.218C soc0@63.906C gpu@65.5C tj@65.5C soc1@62.812C VDD_IN 17693mW/17604mW VDD_CPU_GPU_CV 8159mW/8357mW VDD_SOC 4190mW/4038mW
08-11-2026 15:58:47 RAM 7180/7607MB (lfb 1x1MB) SWAP 1539/16384MB (cached 216MB) CPU [4%@1344,2%@1344,86%@1344,1%@1344,3%@729,0%@729] GR3D_FREQ 98% cpu@64.406C soc2@63.25C soc0@63.968C gpu@65.625C tj@65.625C soc1@62.875C VDD_IN 17811mW/17604mW VDD_CPU_GPU_CV 8081mW/8356mW VDD_SOC 4269mW/4039mW
08-11-2026 15:58:48 RAM 7179/7607MB (lfb 1x1MB) SWAP 1539/16384MB (cached 216MB) CPU [2%@1344,2%@1344,86%@1344,4%@1344,0%@729,1%@729] GR3D_FREQ 99% cpu@64.625C soc2@63.281C soc0@63.937C gpu@65.468C tj@65.468C soc1@62.875C VDD_IN 17693mW/17604mW VDD_CPU_GPU_CV 7808mW/8355mW VDD_SOC 4308mW/4039mW
08-11-2026 15:58:49 RAM 7178/7607MB (lfb 1x1MB) SWAP 1539/16384MB (cached 216MB) CPU [7%@1344,15%@1344,74%@1344,12%@1344,56%@1344,1%@1344] GR3D_FREQ 99% cpu@64.281C soc2@63.25C soc0@63.843C gpu@65.312C tj@65.312C soc1@62.968C VDD_IN 18164mW/17605mW VDD_CPU_GPU_CV 8535mW/8356mW VDD_SOC 4230mW/4039mW
08-11-2026 15:58:50 RAM 7178/7607MB (lfb 1x1MB) SWAP 1539/16384MB (cached 216MB) CPU [10%@1344,7%@1344,10%@1344,85%@1344,18%@729,14%@729] GR3D_FREQ 99% cpu@64.062C soc2@63.343C soc0@64C gpu@65.687C tj@65.687C soc1@62.875C VDD_IN 17850mW/17606mW VDD_CPU_GPU_CV 8549mW/8356mW VDD_SOC 4073mW/4039mW
08-11-2026 15:58:51 RAM 7178/7607MB (lfb 1x1MB) SWAP 1539/16384MB (cached 216MB) CPU [3%@729,4%@729,1%@729,87%@729,0%@729,0%@729] GR3D_FREQ 99% cpu@64.093C soc2@63.187C soc0@64.031C gpu@65.187C tj@65.187C soc1@62.875C VDD_IN 17133mW/17605mW VDD_CPU_GPU_CV 8094mW/8355mW VDD_SOC 4001mW/4039mW
08-11-2026 15:58:52 RAM 7178/7607MB (lfb 1x1MB) SWAP 1539/16384MB (cached 216MB) CPU [2%@1036,2%@1036,1%@1036,91%@1036,1%@729,3%@729] GR3D_FREQ 99% cpu@64.093C soc2@63.375C soc0@63.906C gpu@65.406C tj@65.406C soc1@62.968C VDD_IN 17654mW/17605mW VDD_CPU_GPU_CV 8549mW/8356mW VDD_SOC 3995mW/4039mW
08-11-2026 15:58:53 RAM 7178/7607MB (lfb 1x1MB) SWAP 1539/16384MB (cached 216MB) CPU [2%@729,3%@729,0%@729,75%@729,13%@1344,4%@1344] GR3D_FREQ 98% cpu@64.281C soc2@63.25C soc0@63.906C gpu@65.562C tj@65.562C soc1@63C VDD_IN 17850mW/17605mW VDD_CPU_GPU_CV 8744mW/8356mW VDD_SOC 3955mW/4039mW
08-11-2026 15:58:54 RAM 7178/7607MB (lfb 1x1MB) SWAP 1539/16384MB (cached 216MB) CPU [2%@729,2%@729,2%@729,1%@729,84%@1344,3%@1344] GR3D_FREQ 98% cpu@63.968C soc2@63.187C soc0@63.906C gpu@65.656C tj@65.656C soc1@63.031C VDD_IN 17772mW/17606mW VDD_CPU_GPU_CV 8666mW/8357mW VDD_SOC 3995mW/4039mW
08-11-2026 15:58:55 RAM 7177/7607MB (lfb 1x1MB) SWAP 1539/16384MB (cached 216MB) CPU [16%@1344,8%@1344,67%@1344,23%@1344,86%@1344,0%@1344] GR3D_FREQ 98% cpu@64.312C soc2@63.312C soc0@63.968C gpu@65.812C tj@65.812C soc1@62.906C VDD_IN 18439mW/17607mW VDD_CPU_GPU_CV 9198mW/8358mW VDD_SOC 3988mW/4039mW
08-11-2026 15:58:56 RAM 7177/7607MB (lfb 1x1MB) SWAP 1539/16384MB (cached 216MB) CPU [3%@729,3%@729,1%@729,17%@729,86%@1344,0%@1344] GR3D_FREQ 98% cpu@64.187C soc2@63.281C soc0@63.906C gpu@65.718C tj@65.718C soc1@62.968C VDD_IN 17889mW/17607mW VDD_CPU_GPU_CV 8705mW/8359mW VDD_SOC 4034mW/4039mW
08-11-2026 15:58:57 RAM 7177/7607MB (lfb 1x1MB) SWAP 1539/16384MB (cached 216MB) CPU [10%@1344,1%@1344,1%@1344,2%@1344,81%@729,0%@729] GR3D_FREQ 97% cpu@64.031C soc2@63.312C soc0@63.906C gpu@65.75C tj@65.75C soc1@62.968C VDD_IN 17811mW/17608mW VDD_CPU_GPU_CV 8627mW/8359mW VDD_SOC 3995mW/4039mW
08-11-2026 15:58:58 RAM 7177/7607MB (lfb 1x1MB) SWAP 1539/16384MB (cached 216MB) CPU [84%@1344,2%@1344,4%@1344,0%@1344,0%@729,0%@729] GR3D_FREQ 98% cpu@64.437C soc2@63.343C soc0@63.875C gpu@65.75C tj@65.75C soc1@63.031C VDD_IN 17732mW/17608mW VDD_CPU_GPU_CV 8471mW/8359mW VDD_SOC 4073mW/4039mW
08-11-2026 15:58:59 RAM 7177/7607MB (lfb 1x1MB) SWAP 1539/16384MB (cached 216MB) CPU [85%@1344,2%@1344,4%@1344,0%@1344,0%@729,0%@729] GR3D_FREQ 97% cpu@64.031C soc2@63.406C soc0@64.031C gpu@65.718C tj@65.718C soc1@63.062C VDD_IN 17654mW/17608mW VDD_CPU_GPU_CV 8354mW/8359mW VDD_SOC 4073mW/4039mW
08-11-2026 15:59:00 RAM 7178/7607MB (lfb 1x1MB) SWAP 1539/16384MB (cached 216MB) CPU [58%@1344,7%@1344,42%@1344,5%@1344,4%@729,2%@729] GR3D_FREQ 97% cpu@64.468C soc2@63.437C soc0@64.031C gpu@65.781C tj@65.781C soc1@62.843C VDD_IN 17811mW/17608mW VDD_CPU_GPU_CV 8315mW/8359mW VDD_SOC 4151mW/4039mW
08-11-2026 15:59:01 RAM 7179/7607MB (lfb 1x1MB) SWAP 1539/16384MB (cached 216MB) CPU [5%@1344,31%@1344,84%@1344,5%@1344,58%@729,8%@729] GR3D_FREQ 97% cpu@64.468C soc2@63.343C soc0@64.125C gpu@65.781C tj@65.781C soc1@62.968C VDD_IN 18164mW/17609mW VDD_CPU_GPU_CV 8574mW/8360mW VDD_SOC 4230mW/4040mW
08-11-2026 15:59:02 RAM 7179/7607MB (lfb 1x1MB) SWAP 1539/16384MB (cached 216MB) CPU [5%@1344,2%@1344,78%@1344,2%@1344,0%@729,4%@729] GR3D_FREQ 99% cpu@64.375C soc2@63.281C soc0@63.875C gpu@65.562C tj@65.562C soc1@62.937C VDD_IN 17536mW/17609mW VDD_CPU_GPU_CV 7651mW/8359mW VDD_SOC 4347mW/4040mW
08-11-2026 15:59:03 RAM 7179/7607MB (lfb 1x1MB) SWAP 1539/16384MB (cached 216MB) CPU [2%@1344,1%@1344,83%@1344,2%@1344,0%@729,3%@729] GR3D_FREQ 99% cpu@64.531C soc2@63.406C soc0@63.968C gpu@65.718C tj@65.718C soc1@62.937C VDD_IN 17536mW/17609mW VDD_CPU_GPU_CV 8159mW/8358mW VDD_SOC 4151mW/4040mW
08-11-2026 15:59:04 RAM 7179/7607MB (lfb 1x1MB) SWAP 1539/16384MB (cached 216MB) CPU [0%@1344,2%@1344,84%@1344,1%@1344,0%@729,4%@729] GR3D_FREQ 99% cpu@64.125C soc2@63.343C soc0@63.968C gpu@65.718C tj@65.718C soc1@63.031C VDD_IN 17693mW/17609mW VDD_CPU_GPU_CV 8393mW/8358mW VDD_SOC 4112mW/4040mW
08-11-2026 15:59:05 RAM 7178/7607MB (lfb 1x1MB) SWAP 1539/16384MB (cached 216MB) CPU [5%@729,5%@729,91%@729,9%@729,13%@729,1%@729] GR3D_FREQ 99% cpu@64C soc2@63.312C soc0@64C gpu@65.281C tj@65.281C soc1@62.937C VDD_IN 17497mW/17609mW VDD_CPU_GPU_CV 8393mW/8358mW VDD_SOC 3955mW/4040mW
08-11-2026 15:59:06 RAM 7178/7607MB (lfb 1x1MB) SWAP 1539/16384MB (cached 216MB) CPU [4%@1344,4%@1344,91%@1344,2%@1344,4%@729,2%@729] GR3D_FREQ 99% cpu@64.375C soc2@63.375C soc0@64.062C gpu@65.656C tj@65.656C soc1@62.843C VDD_IN 17929mW/17609mW VDD_CPU_GPU_CV 8769mW/8359mW VDD_SOC 3995mW/4040mW
08-11-2026 15:59:07 RAM 7179/7607MB (lfb 1x1MB) SWAP 1539/16384MB (cached 216MB) CPU [23%@1344,3%@1344,88%@1344,6%@1344,63%@729,0%@729] GR3D_FREQ 98% cpu@64.468C soc2@63.281C soc0@63.843C gpu@65.75C tj@65.75C soc1@62.906C VDD_IN 18164mW/17610mW VDD_CPU_GPU_CV 9042mW/8360mW VDD_SOC 3955mW/4040mW
08-11-2026 15:59:08 RAM 7179/7607MB (lfb 1x1MB) SWAP 1539/16384MB (cached 216MB) CPU [3%@1344,1%@1344,85%@1344,1%@1344,5%@729,0%@729] GR3D_FREQ 98% cpu@64.531C soc2@63.281C soc0@63.875C gpu@65.75C tj@65.75C soc1@62.937C VDD_IN 17811mW/17611mW VDD_CPU_GPU_CV 8744mW/8361mW VDD_SOC 3955mW/4040mW
08-11-2026 15:59:09 RAM 7179/7607MB (lfb 1x1MB) SWAP 1539/16384MB (cached 216MB) CPU [1%@1344,2%@1344,87%@1344,2%@1344,3%@729,0%@729] GR3D_FREQ 97% cpu@64.343C soc2@63.312C soc0@63.968C gpu@65.75C tj@65.75C soc1@63.062C VDD_IN 17811mW/17611mW VDD_CPU_GPU_CV 8705mW/8361mW VDD_SOC 3995mW/4040mW
08-11-2026 15:59:10 RAM 7180/7607MB (lfb 1x1MB) SWAP 1539/16384MB (cached 216MB) CPU [6%@729,6%@729,74%@729,14%@729,14%@1344,10%@1344] GR3D_FREQ 98% cpu@64.281C soc2@63.437C soc0@64.031C gpu@65.781C tj@65.781C soc1@63.031C VDD_IN 18007mW/17612mW VDD_CPU_GPU_CV 8823mW/8362mW VDD_SOC 4034mW/4040mW
08-11-2026 15:59:11 RAM 7180/7607MB (lfb 1x1MB) SWAP 1539/16384MB (cached 216MB) CPU [3%@729,1%@729,0%@729,1%@729,83%@1344,2%@1344] GR3D_FREQ 98% cpu@63.968C soc2@63.343C soc0@64.062C gpu@65.718C tj@65.718C soc1@62.906C VDD_IN 17772mW/17612mW VDD_CPU_GPU_CV 8549mW/8362mW VDD_SOC 4034mW/4040mW
08-11-2026 15:59:12 RAM 7178/7607MB (lfb 1x1MB) SWAP 1539/16384MB (cached 216MB) CPU [19%@1344,5%@1344,4%@1344,6%@1344,85%@1344,0%@1344] GR3D_FREQ 98% cpu@64.25C soc2@63.343C soc0@63.937C gpu@65.75C tj@65.75C soc1@62.875C VDD_IN 18085mW/17612mW VDD_CPU_GPU_CV 8744mW/8363mW VDD_SOC 4073mW/4040mW
08-11-2026 15:59:13 RAM 7179/7607MB (lfb 1x1MB) SWAP 1539/16384MB (cached 216MB) CPU [52%@729,3%@729,2%@729,25%@729,83%@1344,0%@1344] GR3D_FREQ 98% cpu@64.281C soc2@63.25C soc0@63.937C gpu@65.531C tj@65.531C soc1@62.968C VDD_IN 18007mW/17613mW VDD_CPU_GPU_CV 8588mW/8363mW VDD_SOC 4112mW/4040mW
08-11-2026 15:59:14 RAM 7179/7607MB (lfb 1x1MB) SWAP 1539/16384MB (cached 216MB) CPU [4%@729,3%@729,3%@729,2%@729,85%@1344,0%@1344] GR3D_FREQ 98% cpu@63.968C soc2@63.25C soc0@64C gpu@65.562C tj@65.562C soc1@63C VDD_IN 17850mW/17613mW VDD_CPU_GPU_CV 8354mW/8363mW VDD_SOC 4151mW/4040mW
08-11-2026 15:59:15 RAM 7180/7607MB (lfb 1x1MB) SWAP 1539/16384MB (cached 216MB) CPU [12%@1190,4%@1190,14%@1190,4%@1190,85%@1344,0%@1344] GR3D_FREQ 97% cpu@64.281C soc2@63.343C soc0@64C gpu@65.406C tj@65.406C soc1@62.875C VDD_IN 17968mW/17614mW VDD_CPU_GPU_CV 8315mW/8363mW VDD_SOC 4230mW/4040mW
08-11-2026 15:59:16 RAM 7180/7607MB (lfb 1x1MB) SWAP 1539/16384MB (cached 216MB) CPU [1%@729,2%@729,2%@729,3%@729,80%@1344,4%@1344] GR3D_FREQ 98% cpu@64.156C soc2@63.156C soc0@64.125C gpu@65.375C tj@65.375C soc1@62.875C VDD_IN 17654mW/17614mW VDD_CPU_GPU_CV 7808mW/8362mW VDD_SOC 4308mW/4041mW
08-11-2026 15:59:17 RAM 7181/7607MB (lfb 1x1MB) SWAP 1539/16384MB (cached 216MB) CPU [6%@729,1%@729,1%@729,2%@729,86%@1344,0%@1344] GR3D_FREQ 99% cpu@64.281C soc2@63.343C soc0@63.812C gpu@65.25C tj@65.25C soc1@62.843C VDD_IN 17732mW/17614mW VDD_CPU_GPU_CV 7768mW/8361mW VDD_SOC 4347mW/4041mW
08-11-2026 15:59:18 RAM 7181/7607MB (lfb 1x1MB) SWAP 1539/16384MB (cached 216MB) CPU [3%@1344,5%@1344,6%@1344,32%@1344,85%@1344,0%@1344] GR3D_FREQ 99% cpu@64.531C soc2@63.343C soc0@63.937C gpu@65.406C tj@65.406C soc1@62.875C VDD_IN 17968mW/17615mW VDD_CPU_GPU_CV 8471mW/8361mW VDD_SOC 4190mW/4042mW
08-11-2026 15:59:19 RAM 7182/7607MB (lfb 1x1MB) SWAP 1539/16384MB (cached 216MB) CPU [26%@729,4%@729,5%@729,37%@729,87%@1344,0%@1344] GR3D_FREQ 99% cpu@63.937C soc2@63.375C soc0@63.937C gpu@65.843C tj@65.843C soc1@63.093C VDD_IN 17850mW/17615mW VDD_CPU_GPU_CV 8627mW/8362mW VDD_SOC 4073mW/4042mW
08-11-2026 15:59:20 RAM 7183/7607MB (lfb 1x1MB) SWAP 1539/16384MB (cached 216MB) CPU [4%@729,2%@729,12%@729,4%@729,87%@729,0%@729] GR3D_FREQ 99% cpu@64.343C soc2@63.312C soc0@64C gpu@65.75C tj@65.75C soc1@62.875C VDD_IN 17850mW/17615mW VDD_CPU_GPU_CV 8666mW/8362mW VDD_SOC 4073mW/4042mW
08-11-2026 15:59:21 RAM 7183/7607MB (lfb 1x1MB) SWAP 1539/16384MB (cached 216MB) CPU [7%@729,6%@729,13%@729,2%@729,92%@883,1%@883] GR3D_FREQ 99% cpu@64.062C soc2@63.312C soc0@64.031C gpu@65.531C tj@65.531C soc1@62.937C VDD_IN 17693mW/17616mW VDD_CPU_GPU_CV 8549mW/8363mW VDD_SOC 3995mW/4042mW
08-11-2026 15:59:22 RAM 7183/7607MB (lfb 1x1MB) SWAP 1539/16384MB (cached 216MB) CPU [3%@729,4%@729,4%@729,3%@729,92%@1344,0%@1344] GR3D_FREQ 98% cpu@64.031C soc2@63.125C soc0@63.812C gpu@65.812C tj@65.562C soc1@62.843C VDD_IN 17850mW/17616mW VDD_CPU_GPU_CV 8784mW/8363mW VDD_SOC 3955mW/4041mW
08-11-2026 15:59:23 RAM 7184/7607MB (lfb 1x1MB) SWAP 1539/16384MB (cached 216MB) CPU [3%@729,2%@729,2%@729,1%@729,86%@1344,0%@1344] GR3D_FREQ 98% cpu@64.218C soc2@63.343C soc0@63.875C gpu@65.656C tj@65.656C soc1@62.968C VDD_IN 17889mW/17616mW VDD_CPU_GPU_CV 8823mW/8364mW VDD_SOC 3955mW/4041mW
08-11-2026 15:59:24 RAM 7183/7607MB (lfb 1x1MB) SWAP 1539/16384MB (cached 216MB) CPU [2%@1344,2%@1344,7%@1344,44%@1344,86%@1344,0%@1344] GR3D_FREQ 98% cpu@64.25C soc2@63.343C soc0@63.906C gpu@65.593C tj@65.593C soc1@63.031C VDD_IN 18242mW/17617mW VDD_CPU_GPU_CV 9081mW/8365mW VDD_SOC 3995mW/4041mW
08-11-2026 15:59:25 RAM 7183/7607MB (lfb 1x1MB) SWAP 1539/16384MB (cached 216MB) CPU [9%@729,23%@729,2%@729,25%@729,86%@1344,0%@1344] GR3D_FREQ 98% cpu@64.031C soc2@63.281C soc0@63.968C gpu@65.562C tj@65.562C soc1@62.843C VDD_IN 18046mW/17618mW VDD_CPU_GPU_CV 8886mW/8366mW VDD_SOC 3995mW/4041mW
08-11-2026 15:59:26 RAM 7184/7607MB (lfb 1x1MB) SWAP 1539/16384MB (cached 216MB) CPU [9%@729,7%@729,5%@729,16%@729,86%@1344,0%@1344] GR3D_FREQ 98% cpu@64.093C soc2@63.187C soc0@63.843C gpu@65.687C tj@65.687C soc1@62.937C VDD_IN 17850mW/17618mW VDD_CPU_GPU_CV 8705mW/8366mW VDD_SOC 3995mW/4041mW
08-11-2026 15:59:27 RAM 7185/7607MB (lfb 1x1MB) SWAP 1539/16384MB (cached 216MB) CPU [8%@729,2%@729,1%@729,1%@729,86%@1344,0%@1344] GR3D_FREQ 97% cpu@64.062C soc2@63.218C soc0@63.843C gpu@65.593C tj@65.593C soc1@62.968C VDD_IN 17850mW/17619mW VDD_CPU_GPU_CV 8627mW/8367mW VDD_SOC 4034mW/4041mW
08-11-2026 15:59:28 RAM 7186/7607MB (lfb 1x1MB) SWAP 1539/16384MB (cached 216MB) CPU [2%@729,2%@729,5%@729,1%@729,86%@1344,0%@1344] GR3D_FREQ 97% cpu@64.125C soc2@63.343C soc0@63.875C gpu@65.875C tj@65.875C soc1@63C VDD_IN 17889mW/17619mW VDD_CPU_GPU_CV 8588mW/8367mW VDD_SOC 4034mW/4041mW
08-11-2026 15:59:29 RAM 7187/7607MB (lfb 1x1MB) SWAP 1539/16384MB (cached 216MB) CPU [6%@729,3%@729,2%@729,2%@729,85%@1344,0%@1344] GR3D_FREQ 98% cpu@63.906C soc2@63.312C soc0@64.062C gpu@65.812C tj@65.812C soc1@63.062C VDD_IN 17850mW/17619mW VDD_CPU_GPU_CV 8510mW/8367mW VDD_SOC 4073mW/4041mW
08-11-2026 15:59:30 RAM 7162/7607MB (lfb 1x1MB) SWAP 1539/16384MB (cached 216MB) CPU [3%@1344,6%@1344,59%@1344,3%@1344,85%@1344,0%@1344] GR3D_FREQ 98% cpu@64.531C soc2@63.343C soc0@64.062C gpu@65.906C tj@65.906C soc1@62.843C VDD_IN 18125mW/17620mW VDD_CPU_GPU_CV 8769mW/8368mW VDD_SOC 4112mW/4041mW
08-11-2026 15:59:31 RAM 7166/7607MB (lfb 1x1MB) SWAP 1539/16384MB (cached 216MB) CPU [24%@729,11%@729,22%@729,8%@729,84%@1344,3%@1344] GR3D_FREQ 98% cpu@64.125C soc2@63.218C soc0@63.937C gpu@65.906C tj@65.906C soc1@62.875C VDD_IN 17968mW/17621mW VDD_CPU_GPU_CV 8393mW/8368mW VDD_SOC 4190mW/4041mW
08-11-2026 15:59:32 RAM 7166/7607MB (lfb 1x1MB) SWAP 1539/16384MB (cached 216MB) CPU [2%@729,5%@729,2%@729,1%@729,55%@1344,28%@1344] GR3D_FREQ 98% cpu@64.468C soc2@63.281C soc0@63.968C gpu@65.906C tj@65.906C soc1@63C VDD_IN 17536mW/17621mW VDD_CPU_GPU_CV 7964mW/8367mW VDD_SOC 4190mW/4042mW
08-11-2026 15:59:33 RAM 7164/7607MB (lfb 1x1MB) SWAP 1539/16384MB (cached 216MB) CPU [4%@729,5%@729,1%@729,2%@729,0%@1344,86%@1344] GR3D_FREQ 98% cpu@64.343C soc2@63.218C soc0@63.968C gpu@65.937C tj@65.937C soc1@62.968C VDD_IN 17811mW/17621mW VDD_CPU_GPU_CV 8003mW/8367mW VDD_SOC 4308mW/4042mW
08-11-2026 15:59:34 RAM 7165/7607MB (lfb 1x1MB) SWAP 1539/16384MB (cached 216MB) CPU [2%@729,4%@729,6%@729,2%@729,0%@1344,85%@1344] GR3D_FREQ 99% cpu@64.343C soc2@63.437C soc0@63.875C gpu@65.218C tj@65.218C soc1@63.125C VDD_IN 17811mW/17621mW VDD_CPU_GPU_CV 7808mW/8366mW VDD_SOC 4386mW/4043mW
08-11-2026 15:59:35 RAM 7166/7607MB (lfb 1x1MB) SWAP 1539/16384MB (cached 216MB) CPU [4%@729,2%@729,4%@729,3%@729,0%@1344,84%@1344] GR3D_FREQ 99% cpu@64.218C soc2@63.406C soc0@64.156C gpu@65.656C tj@65.656C soc1@62.937C VDD_IN 17458mW/17621mW VDD_CPU_GPU_CV 8198mW/8366mW VDD_SOC 4112mW/4043mW
08-11-2026 15:59:36 RAM 7169/7607MB (lfb 1x1MB) SWAP 1539/16384MB (cached 216MB) CPU [6%@1344,71%@1344,4%@1344,21%@1344,2%@1344,86%@1344] GR3D_FREQ 99% cpu@64.437C soc2@63.406C soc0@64C gpu@65.875C tj@65.875C soc1@62.968C VDD_IN 18526mW/17622mW VDD_CPU_GPU_CV 9042mW/8367mW VDD_SOC 4145mW/4043mW
08-11-2026 15:59:37 RAM 7177/7607MB (lfb 1x1MB) SWAP 1539/16384MB (cached 216MB) CPU [17%@1344,4%@1344,13%@1344,31%@1344,1%@729,90%@729] GR3D_FREQ 99% cpu@64.468C soc2@63.468C soc0@63.968C gpu@65.375C tj@65.375C soc1@63.062C VDD_IN 17693mW/17622mW VDD_CPU_GPU_CV 8549mW/8367mW VDD_SOC 3995mW/4043mW
08-11-2026 15:59:38 RAM 7178/7607MB (lfb 1x1MB) SWAP 1539/16384MB (cached 216MB) CPU [56%@729,4%@729,21%@729,5%@729,0%@1344,90%@1344] GR3D_FREQ 98% cpu@64.25C soc2@63.5C soc0@64C gpu@65.687C tj@65.687C soc1@63.156C VDD_IN 18282mW/17623mW VDD_CPU_GPU_CV 9081mW/8368mW VDD_SOC 3995mW/4043mW
08-11-2026 15:59:39 RAM 7178/7607MB (lfb 1x1MB) SWAP 1539/16384MB (cached 216MB) CPU [3%@729,3%@729,1%@729,5%@729,0%@1344,88%@1344] GR3D_FREQ 98% cpu@64.031C soc2@63.312C soc0@64.031C gpu@65.625C tj@65.625C soc1@63.125C VDD_IN 17889mW/17624mW VDD_CPU_GPU_CV 8823mW/8369mW VDD_SOC 3955mW/4043mW
08-11-2026 15:59:40 RAM 7179/7607MB (lfb 1x1MB) SWAP 1539/16384MB (cached 216MB) CPU [3%@729,1%@729,2%@729,7%@729,0%@1344,83%@1344] GR3D_FREQ 97% cpu@64.156C soc2@63.312C soc0@64C gpu@65.562C tj@65.562C soc1@62.937C VDD_IN 17811mW/17624mW VDD_CPU_GPU_CV 8744mW/8369mW VDD_SOC 3995mW/4042mW
08-11-2026 15:59:41 RAM 7182/7607MB (lfb 1x1MB) SWAP 1539/16384MB (cached 216MB) CPU [9%@729,7%@729,12%@729,8%@729,0%@1344,84%@1344] GR3D_FREQ 98% cpu@64.187C soc2@63.312C soc0@63.937C gpu@65.593C tj@65.593C soc1@62.968C VDD_IN 17850mW/17624mW VDD_CPU_GPU_CV 8705mW/8370mW VDD_SOC 3995mW/4042mW
08-11-2026 15:59:42 RAM 7184/7607MB (lfb 1x1MB) SWAP 1539/16384MB (cached 216MB) CPU [4%@1344,4%@1344,66%@1344,18%@1344,2%@1344,86%@1344] GR3D_FREQ 97% cpu@64.531C soc2@63.343C soc0@64C gpu@65.531C tj@65.531C soc1@63.062C VDD_IN 18282mW/17625mW VDD_CPU_GPU_CV 9042mW/8371mW VDD_SOC 4034mW/4042mW
08-11-2026 15:59:43 RAM 7185/7607MB (lfb 1x1MB) SWAP 1539/16384MB (cached 216MB) CPU [5%@729,6%@729,4%@729,6%@729,0%@1344,87%@1344] GR3D_FREQ 98% cpu@64.25C soc2@63.312C soc0@63.937C gpu@65.531C tj@65.531C soc1@63.031C VDD_IN 17889mW/17626mW VDD_CPU_GPU_CV 8549mW/8371mW VDD_SOC 4073mW/4042mW
08-11-2026 15:59:44 RAM 7185/7607MB (lfb 1x1MB) SWAP 1539/16384MB (cached 216MB) CPU [2%@729,4%@729,1%@729,1%@729,4%@1344,92%@1344] GR3D_FREQ 98% cpu@64.156C soc2@63.343C soc0@64.062C gpu@65.875C tj@65.875C soc1@62.937C VDD_IN 17929mW/17626mW VDD_CPU_GPU_CV 8613mW/8371mW VDD_SOC 4073mW/4042mW
08-11-2026 15:59:45 RAM 7186/7607MB (lfb 1x1MB) SWAP 1539/16384MB (cached 216MB) CPU [2%@729,3%@729,0%@729,1%@729,3%@1344,82%@1344] GR3D_FREQ 97% cpu@64.093C soc2@63.25C soc0@64C gpu@65.75C tj@65.75C soc1@63.031C VDD_IN 17654mW/17626mW VDD_CPU_GPU_CV 8354mW/8371mW VDD_SOC 4073mW/4043mW
08-11-2026 15:59:46 RAM 7188/7607MB (lfb 1x1MB) SWAP 1539/16384MB (cached 216MB) CPU [7%@729,16%@729,4%@729,5%@729,2%@1344,84%@1344] GR3D_FREQ 97% cpu@64.218C soc2@63.218C soc0@63.906C gpu@65.812C tj@65.812C soc1@62.968C VDD_IN 17929mW/17627mW VDD_CPU_GPU_CV 8432mW/8371mW VDD_SOC 4151mW/4043mW
08-11-2026 15:59:47 RAM 7189/7607MB (lfb 1x1MB) SWAP 1539/16384MB (cached 216MB) CPU [2%@729,0%@729,1%@729,1%@729,1%@1344,84%@1344] GR3D_FREQ 98% cpu@64.406C soc2@63.343C soc0@63.968C gpu@65.75C tj@65.75C soc1@63C VDD_IN 17772mW/17627mW VDD_CPU_GPU_CV 8159mW/8371mW VDD_SOC 4190mW/4043mW
08-11-2026 15:59:48 RAM 7190/7607MB (lfb 1x1MB) SWAP 1539/16384MB (cached 216MB) CPU [5%@729,21%@729,7%@729,67%@729,3%@1344,86%@1344] GR3D_FREQ 98% cpu@64.187C soc2@63.312C soc0@64.062C gpu@65.812C tj@65.812C soc1@63.125C VDD_IN 18282mW/17628mW VDD_CPU_GPU_CV 8535mW/8371mW VDD_SOC 4269mW/4043mW
08-11-2026 15:59:49 RAM 7191/7607MB (lfb 1x1MB) SWAP 1539/16384MB (cached 216MB) CPU [6%@729,1%@729,6%@729,1%@729,0%@1344,83%@1344] GR3D_FREQ 98% cpu@64.281C soc2@63.375C soc0@64.062C gpu@65.406C tj@65.406C soc1@62.968C VDD_IN 17575mW/17628mW VDD_CPU_GPU_CV 7729mW/8370mW VDD_SOC 4308mW/4044mW
08-11-2026 15:59:50 RAM 7191/7607MB (lfb 1x1MB) SWAP 1539/16384MB (cached 216MB) CPU [2%@729,3%@729,6%@729,2%@729,0%@1344,85%@1344] GR3D_FREQ 99% cpu@64.531C soc2@63.375C soc0@63.906C gpu@65.218C tj@65.218C soc1@62.968C VDD_IN 17575mW/17628mW VDD_CPU_GPU_CV 8042mW/8370mW VDD_SOC 4230mW/4044mW
08-11-2026 15:59:51 RAM 7192/7607MB (lfb 1x1MB) SWAP 1539/16384MB (cached 216MB) CPU [7%@729,21%@729,6%@729,3%@729,0%@1344,86%@1344] GR3D_FREQ 99% cpu@64.125C soc2@63.406C soc0@63.875C gpu@65.562C tj@65.562C soc1@62.937C VDD_IN 17889mW/17628mW VDD_CPU_GPU_CV 8588mW/8370mW VDD_SOC 4073mW/4044mW
08-11-2026 15:59:52 RAM 7193/7607MB (lfb 1x1MB) SWAP 1539/16384MB (cached 216MB) CPU [3%@729,3%@729,3%@729,2%@729,0%@1344,87%@1344] GR3D_FREQ 99% cpu@64.343C soc2@63.343C soc0@64.031C gpu@66.062C tj@66.062C soc1@63C VDD_IN 17889mW/17628mW VDD_CPU_GPU_CV 8549mW/8370mW VDD_SOC 4112mW/4044mW
08-11-2026 15:59:53 RAM 7193/7607MB (lfb 1x1MB) SWAP 1539/16384MB (cached 216MB) CPU [9%@1344,10%@1344,3%@1344,3%@1344,0%@729,90%@729] GR3D_FREQ 99% cpu@64C soc2@63.312C soc0@64.062C gpu@65.343C tj@65.343C soc1@63.125C VDD_IN 17419mW/17628mW VDD_CPU_GPU_CV 8354mW/8370mW VDD_SOC 3955mW/4044mW
08-11-2026 15:59:54 RAM 7171/7607MB (lfb 1x1MB) SWAP 1539/16384MB (cached 216MB) CPU [8%@729,59%@729,19%@729,4%@729,0%@1344,92%@1344] GR3D_FREQ 98% cpu@64.093C soc2@63.343C soc0@63.906C gpu@65.968C tj@65.968C soc1@62.875C VDD_IN 18085mW/17629mW VDD_CPU_GPU_CV 9003mW/8371mW VDD_SOC 3995mW/4044mW
08-11-2026 15:59:55 RAM 7171/7607MB (lfb 1x1MB) SWAP 1539/16384MB (cached 216MB) CPU [5%@729,2%@729,3%@729,4%@729,0%@1344,89%@1344] GR3D_FREQ 98% cpu@64.218C soc2@63.218C soc0@63.843C gpu@65.968C tj@65.968C soc1@62.968C VDD_IN 17850mW/17629mW VDD_CPU_GPU_CV 8862mW/8372mW VDD_SOC 3955mW/4044mW
08-11-2026 15:59:56 RAM 7174/7607MB (lfb 1x1MB) SWAP 1539/16384MB (cached 216MB) CPU [19%@729,10%@729,5%@729,3%@729,0%@1344,84%@1344] GR3D_FREQ 97% cpu@64.218C soc2@63.343C soc0@63.875C gpu@65.843C tj@65.843C soc1@63.031C VDD_IN 18007mW/17630mW VDD_CPU_GPU_CV 8886mW/8373mW VDD_SOC 3995mW/4044mW
08-11-2026 15:59:57 RAM 7175/7607MB (lfb 1x1MB) SWAP 1539/16384MB (cached 216MB) CPU [2%@729,2%@729,0%@729,3%@729,0%@1344,85%@1344] GR3D_FREQ 98% cpu@64.343C soc2@63.281C soc0@63.843C gpu@65.687C tj@65.687C soc1@63C VDD_IN 17929mW/17630mW VDD_CPU_GPU_CV 8769mW/8373mW VDD_SOC 3995mW/4044mW
08-11-2026 15:59:58 RAM 7175/7607MB (lfb 1x1MB) SWAP 1539/16384MB (cached 216MB) CPU [1%@729,2%@729,2%@729,3%@729,1%@1344,83%@1344] GR3D_FREQ 99% cpu@64.031C soc2@63.25C soc0@63.968C gpu@65.656C tj@65.656C soc1@62.843C VDD_IN 17732mW/17630mW VDD_CPU_GPU_CV 8549mW/8374mW VDD_SOC 4034mW/4044mW
08-11-2026 15:59:59 RAM 7177/7607MB (lfb 1x1MB) SWAP 1539/16384MB (cached 216MB) CPU [22%@1344,2%@1344,2%@1344,6%@1344,4%@1344,85%@1344] GR3D_FREQ 98% cpu@64.156C soc2@63.343C soc0@63.906C gpu@65.75C tj@65.75C soc1@62.937C VDD_IN 18164mW/17631mW VDD_CPU_GPU_CV 8808mW/8374mW VDD_SOC 4073mW/4044mW
08-11-2026 16:00:00 RAM 7178/7607MB (lfb 1x1MB) SWAP 1539/16384MB (cached 216MB) CPU [46%@729,21%@729,0%@729,6%@729,6%@1344,83%@1344] GR3D_FREQ 98% cpu@64.312C soc2@63.125C soc0@63.843C gpu@65.656C tj@65.656C soc1@62.937C VDD_IN 17968mW/17631mW VDD_CPU_GPU_CV 8574mW/8374mW VDD_SOC 4112mW/4044mW
08-11-2026 16:00:01 RAM 7179/7607MB (lfb 1x1MB) SWAP 1539/16384MB (cached 216MB) CPU [1%@1036,6%@1036,5%@1036,13%@1036,1%@1344,86%@1344] GR3D_FREQ 98% cpu@64.343C soc2@63.281C soc0@63.906C gpu@65.75C tj@65.75C soc1@63C VDD_IN 18085mW/17632mW VDD_CPU_GPU_CV 8613mW/8375mW VDD_SOC 4151mW/4044mW
08-11-2026 16:00:02 RAM 7175/7607MB (lfb 1x1MB) SWAP 1540/16384MB (cached 216MB) CPU [2%@729,8%@729,3%@729,5%@729,0%@1344,85%@1344] GR3D_FREQ 98% cpu@64.406C soc2@63.25C soc0@64C gpu@65.531C tj@65.531C soc1@63C VDD_IN 17889mW/17632mW VDD_CPU_GPU_CV 8354mW/8375mW VDD_SOC 4190mW/4044mW
08-11-2026 16:00:03 RAM 7177/7607MB (lfb 1x1MB) SWAP 1540/16384MB (cached 216MB) CPU [5%@729,1%@729,1%@729,4%@729,0%@1344,85%@1344] GR3D_FREQ 97% cpu@64.218C soc2@63.187C soc0@64C gpu@65.5C tj@65.5C soc1@62.875C VDD_IN 17772mW/17633mW VDD_CPU_GPU_CV 8120mW/8374mW VDD_SOC 4230mW/4044mW
08-11-2026 16:00:04 RAM 7177/7607MB (lfb 1x1MB) SWAP 1540/16384MB (cached 216MB) CPU [3%@729,1%@729,1%@729,3%@729,0%@1344,86%@1344] GR3D_FREQ 98% cpu@64.125C soc2@63.156C soc0@63.937C gpu@65.531C tj@65.531C soc1@62.937C VDD_IN 17850mW/17633mW VDD_CPU_GPU_CV 8120mW/8374mW VDD_SOC 4269mW/4045mW
08-11-2026 16:00:05 RAM 7176/7607MB (lfb 1x1MB) SWAP 1540/16384MB (cached 216MB) CPU [17%@1344,7%@1344,3%@1344,4%@1344,19%@1344,85%@1344] GR3D_FREQ 98% cpu@64.468C soc2@63.406C soc0@63.937C gpu@65.281C tj@65.281C soc1@62.968C VDD_IN 18164mW/17634mW VDD_CPU_GPU_CV 8145mW/8374mW VDD_SOC 4347mW/4045mW
08-11-2026 16:00:06 RAM 7178/7607MB (lfb 1x1MB) SWAP 1540/16384MB (cached 216MB) CPU [34%@1344,8%@1344,8%@1344,18%@1344,1%@1344,86%@1344] GR3D_FREQ 99% cpu@64.343C soc2@63.281C soc0@63.906C gpu@65.25C tj@65.25C soc1@63.031C VDD_IN 18007mW/17634mW VDD_CPU_GPU_CV 8237mW/8373mW VDD_SOC 4308mW/4045mW
08-11-2026 16:00:07 RAM 7179/7607MB (lfb 1x1MB) SWAP 1540/16384MB (cached 216MB) CPU [9%@729,4%@729,8%@729,9%@729,0%@1344,85%@1344] GR3D_FREQ 99% cpu@64.156C soc2@63.281C soc0@63.937C gpu@65.75C tj@65.75C soc1@62.906C VDD_IN 17772mW/17634mW VDD_CPU_GPU_CV 8471mW/8374mW VDD_SOC 4112mW/4046mW
08-11-2026 16:00:08 RAM 7180/7607MB (lfb 1x1MB) SWAP 1540/16384MB (cached 216MB) CPU [2%@729,2%@729,2%@729,2%@729,0%@729,84%@729] GR3D_FREQ 99% cpu@64.062C soc2@63.125C soc0@63.906C gpu@65.75C tj@65.75C soc1@62.875C VDD_IN 17368mW/17634mW VDD_CPU_GPU_CV 8276mW/8373mW VDD_SOC 4001mW/4045mW
08-11-2026 16:00:09 RAM 7180/7607MB (lfb 1x1MB) SWAP 1540/16384MB (cached 216MB) CPU [2%@729,6%@729,2%@729,2%@729,0%@729,92%@729] GR3D_FREQ 99% cpu@64.25C soc2@63.281C soc0@63.906C gpu@65.437C tj@65.437C soc1@62.937C VDD_IN 17575mW/17634mW VDD_CPU_GPU_CV 8432mW/8374mW VDD_SOC 3995mW/4045mW
08-11-2026 16:00:10 RAM 7181/7607MB (lfb 1x1MB) SWAP 1540/16384MB (cached 216MB) CPU [6%@729,1%@729,2%@729,6%@729,0%@1344,91%@1344] GR3D_FREQ 98% cpu@64.156C soc2@63.25C soc0@64C gpu@65.75C tj@65.593C soc1@62.937C VDD_IN 17850mW/17634mW VDD_CPU_GPU_CV 8823mW/8374mW VDD_SOC 3955mW/4045mW
08-11-2026 16:00:11 RAM 7184/7607MB (lfb 1x1MB) SWAP 1540/16384MB (cached 216MB) CPU [50%@1344,2%@1344,8%@1344,4%@1344,0%@729,70%@729] GR3D_FREQ 99% cpu@64.031C soc2@63.343C soc0@64C gpu@65.125C tj@65.125C soc1@63.093C VDD_IN 16661mW/17633mW VDD_CPU_GPU_CV 8133mW/8374mW VDD_SOC 3727mW/4045mW
08-11-2026 16:00:12 RAM 7172/7607MB (lfb 1x1MB) SWAP 1541/16384MB (cached 211MB) CPU [76%@1344,55%@1344,59%@1344,65%@1344,66%@1344,41%@1344] GR3D_FREQ 0% cpu@63.781C soc2@62.625C soc0@63.625C gpu@63.031C tj@63.781C soc1@62.75C VDD_IN 8757mW/17620mW VDD_CPU_GPU_CV 3015mW/8366mW VDD_SOC 2026mW/4042mW
08-11-2026 16:00:13 RAM 7216/7607MB (lfb 1x1MB) SWAP 1539/16384MB (cached 211MB) CPU [33%@1344,29%@1344,97%@1344,31%@1344,35%@729,27%@729] GR3D_FREQ 98% cpu@63.843C soc2@62.593C soc0@63.437C gpu@64.875C tj@64.875C soc1@62.656C VDD_IN 15138mW/17617mW VDD_CPU_GPU_CV 7100mW/8365mW VDD_SOC 3227mW/4041mW
08-11-2026 16:00:14 RAM 7216/7607MB (lfb 1x1MB) SWAP 1539/16384MB (cached 211MB) CPU [2%@729,6%@729,61%@729,1%@729,30%@1344,1%@1344] GR3D_FREQ 98% cpu@63.968C soc2@62.812C soc0@63.593C gpu@65.156C tj@65.156C soc1@62.625C VDD_IN 17615mW/17617mW VDD_CPU_GPU_CV 8432mW/8365mW VDD_SOC 3995mW/4041mW
08-11-2026 16:00:15 RAM 7217/7607MB (lfb 1x1MB) SWAP 1539/16384MB (cached 211MB) CPU [3%@1344,5%@1344,0%@1344,53%@1344,38%@729,0%@729] GR3D_FREQ 98% cpu@64.031C soc2@63C soc0@63.687C gpu@65.5C tj@65.5C soc1@62.75C VDD_IN 17850mW/17617mW VDD_CPU_GPU_CV 8549mW/8365mW VDD_SOC 4073mW/4041mW
08-11-2026 16:00:16 RAM 7217/7607MB (lfb 1x1MB) SWAP 1539/16384MB (cached 211MB) CPU [1%@1344,4%@1344,2%@1344,85%@1344,0%@729,0%@729] GR3D_FREQ 98% cpu@63.968C soc2@63.031C soc0@63.781C gpu@65.5C tj@65.5C soc1@62.906C VDD_IN 17850mW/17618mW VDD_CPU_GPU_CV 8471mW/8365mW VDD_SOC 4112mW/4041mW
08-11-2026 16:00:17 RAM 7212/7607MB (lfb 1x1MB) SWAP 1539/16384MB (cached 211MB) CPU [30%@1344,13%@1344,6%@1344,86%@1344,53%@1344,8%@1344] GR3D_FREQ 98% cpu@64.031C soc2@63.031C soc0@63.843C gpu@65.625C tj@65.625C soc1@62.718C VDD_IN 18487mW/17619mW VDD_CPU_GPU_CV 8886mW/8366mW VDD_SOC 4184mW/4041mW
08-11-2026 16:00:18 RAM 7212/7607MB (lfb 1x1MB) SWAP 1539/16384MB (cached 211MB) CPU [9%@1344,6%@1344,16%@1344,86%@1344,20%@729,8%@729] GR3D_FREQ 99% cpu@64.281C soc2@63C soc0@63.593C gpu@65.593C tj@65.593C soc1@62.75C VDD_IN 18046mW/17619mW VDD_CPU_GPU_CV 8393mW/8366mW VDD_SOC 4230mW/4041mW
08-11-2026 16:00:19 RAM 7213/7607MB (lfb 1x1MB) SWAP 1539/16384MB (cached 211MB) CPU [1%@1344,4%@1344,2%@1344,85%@1344,0%@729,1%@729] GR3D_FREQ 98% cpu@64.031C soc2@63.062C soc0@63.687C gpu@65.687C tj@65.687C soc1@62.75C VDD_IN 17929mW/17620mW VDD_CPU_GPU_CV 8198mW/8366mW VDD_SOC 4269mW/4042mW
08-11-2026 16:00:20 RAM 7214/7607MB (lfb 1x1MB) SWAP 1539/16384MB (cached 211MB) CPU [1%@1344,7%@1344,1%@1344,84%@1344,0%@729,0%@729] GR3D_FREQ 98% cpu@64.187C soc2@63.093C soc0@63.812C gpu@65.468C tj@65.468C soc1@62.812C VDD_IN 17811mW/17620mW VDD_CPU_GPU_CV 7847mW/8365mW VDD_SOC 4386mW/4042mW
08-11-2026 16:00:21 RAM 7210/7607MB (lfb 1x1MB) SWAP 1539/16384MB (cached 211MB) CPU [1%@1344,2%@1344,3%@1344,85%@1344,3%@729,0%@729] GR3D_FREQ 99% cpu@63.906C soc2@63.125C soc0@63.75C gpu@65.312C tj@65.312C soc1@62.843C VDD_IN 17732mW/17620mW VDD_CPU_GPU_CV 8042mW/8364mW VDD_SOC 4269mW/4042mW
08-11-2026 16:00:22 RAM 7212/7607MB (lfb 1x4MB) SWAP 1540/16384MB (cached 209MB) CPU [9%@729,9%@729,12%@729,44%@729,43%@1344,12%@1344] GR3D_FREQ 96% cpu@63.968C soc2@63.093C soc0@63.843C gpu@65.812C tj@65.812C soc1@62.718C VDD_IN 17850mW/17620mW VDD_CPU_GPU_CV 8510mW/8365mW VDD_SOC 4112mW/4043mW
08-11-2026 16:00:23 RAM 7211/7607MB (lfb 1x1MB) SWAP 1540/16384MB (cached 209MB) CPU [8%@1344,0%@1344,14%@1344,52%@1344,5%@729,88%@729] GR3D_FREQ 99% cpu@64.437C soc2@63.125C soc0@63.718C gpu@65.812C tj@65.812C soc1@62.75C VDD_IN 18164mW/17621mW VDD_CPU_GPU_CV 8847mW/8365mW VDD_SOC 4073mW/4043mW
08-11-2026 16:00:24 RAM 7211/7607MB (lfb 1x1MB) SWAP 1540/16384MB (cached 209MB) CPU [12%@729,4%@729,23%@729,23%@729,1%@960,92%@960] GR3D_FREQ 99% cpu@64.062C soc2@63.156C soc0@63.718C gpu@65.437C tj@65.437C soc1@62.812C VDD_IN 17968mW/17622mW VDD_CPU_GPU_CV 8744mW/8366mW VDD_SOC 4034mW/4043mW
08-11-2026 16:00:25 RAM 7212/7607MB (lfb 1x1MB) SWAP 1540/16384MB (cached 209MB) CPU [1%@729,3%@729,1%@729,1%@729,0%@1344,89%@1344] GR3D_FREQ 98% cpu@63.968C soc2@63.093C soc0@63.843C gpu@65.625C tj@65.625C soc1@62.875C VDD_IN 17889mW/17622mW VDD_CPU_GPU_CV 8862mW/8367mW VDD_SOC 3955mW/4042mW
08-11-2026 16:00:26 RAM 7210/7607MB (lfb 1x1MB) SWAP 1542/16384MB (cached 209MB) CPU [4%@1190,3%@1190,5%@1190,5%@1190,0%@1344,86%@1344] GR3D_FREQ 98% cpu@64.062C soc2@63.156C soc0@63.906C gpu@65.593C tj@65.593C soc1@62.906C VDD_IN 17929mW/17623mW VDD_CPU_GPU_CV 8823mW/8367mW VDD_SOC 3995mW/4042mW
08-11-2026 16:00:27 RAM 7220/7607MB (lfb 1x1MB) SWAP 1544/16384MB (cached 209MB) CPU [19%@729,4%@729,24%@729,27%@729,1%@1344,85%@1344] GR3D_FREQ 98% cpu@64.031C soc2@63.062C soc0@63.906C gpu@65.468C tj@65.468C soc1@62.812C VDD_IN 18125mW/17623mW VDD_CPU_GPU_CV 8925mW/8368mW VDD_SOC 3995mW/4042mW
08-11-2026 16:00:28 RAM 7220/7607MB (lfb 1x1MB) SWAP 1544/16384MB (cached 209MB) CPU [3%@729,5%@729,6%@729,3%@729,0%@1344,86%@1344] GR3D_FREQ 98% cpu@64.031C soc2@63.156C soc0@63.781C gpu@65.5C tj@65.5C soc1@62.843C VDD_IN 17850mW/17624mW VDD_CPU_GPU_CV 8705mW/8368mW VDD_SOC 4034mW/4042mW
08-11-2026 16:00:29 RAM 7213/7607MB (lfb 2x1MB) SWAP 1547/16384MB (cached 207MB) CPU [12%@1344,5%@1344,52%@1344,3%@1344,1%@1344,82%@1344] GR3D_FREQ 98% cpu@64.687C soc2@63.218C soc0@63.812C gpu@65.531C tj@65.531C soc1@62.906C VDD_IN 18242mW/17624mW VDD_CPU_GPU_CV 9003mW/8369mW VDD_SOC 4034mW/4042mW
08-11-2026 16:00:30 RAM 7217/7607MB (lfb 1x1MB) SWAP 1547/16384MB (cached 207MB) CPU [3%@729,9%@729,36%@729,9%@729,2%@1344,84%@1344] GR3D_FREQ 98% cpu@63.937C soc2@63.187C soc0@63.843C gpu@65.5C tj@65.5C soc1@62.968C VDD_IN 17968mW/17625mW VDD_CPU_GPU_CV 8627mW/8370mW VDD_SOC 4073mW/4042mW
08-11-2026 16:00:31 RAM 7217/7607MB (lfb 1x1MB) SWAP 1547/16384MB (cached 207MB) CPU [4%@729,0%@729,0%@729,2%@729,0%@1344,84%@1344] GR3D_FREQ 98% cpu@63.968C soc2@63.156C soc0@63.906C gpu@65.5C tj@65.5C soc1@62.781C VDD_IN 17850mW/17625mW VDD_CPU_GPU_CV 8432mW/8370mW VDD_SOC 4112mW/4042mW
08-11-2026 16:00:33 RAM 7221/7607MB (lfb 1x1MB) SWAP 1547/16384MB (cached 207MB) CPU [4%@729,4%@729,3%@729,6%@729,38%@1344,62%@1344] GR3D_FREQ 98% cpu@63.937C soc2@63.156C soc0@63.875C gpu@65.687C tj@65.687C soc1@62.843C VDD_IN 18007mW/17626mW VDD_CPU_GPU_CV 8432mW/8370mW VDD_SOC 4190mW/4043mW
08-11-2026 16:00:34 RAM 7221/7607MB (lfb 1x1MB) SWAP 1547/16384MB (cached 207MB) CPU [5%@729,4%@729,2%@729,1%@729,86%@1344,1%@1344] GR3D_FREQ 97% cpu@64.093C soc2@63.093C soc0@63.812C gpu@65.562C tj@65.562C soc1@62.843C VDD_IN 17772mW/17626mW VDD_CPU_GPU_CV 8159mW/8369mW VDD_SOC 4230mW/4043mW
08-11-2026 16:00:35 RAM 7221/7607MB (lfb 1x1MB) SWAP 1547/16384MB (cached 207MB) CPU [53%@1344,2%@1344,1%@1344,3%@1344,33%@729,0%@729] GR3D_FREQ 98% cpu@64.281C soc2@63.25C soc0@63.843C gpu@65.593C tj@65.593C soc1@62.843C VDD_IN 17850mW/17626mW VDD_CPU_GPU_CV 8120mW/8369mW VDD_SOC 4269mW/4043mW
08-11-2026 16:00:36 RAM 7225/7607MB (lfb 1x1MB) SWAP 1547/16384MB (cached 207MB) CPU [61%@1344,42%@1344,7%@1344,5%@1344,51%@1344,3%@1344] GR3D_FREQ 98% cpu@64.093C soc2@63.343C soc0@63.906C gpu@65.656C tj@65.656C soc1@63C VDD_IN 18360mW/17627mW VDD_CPU_GPU_CV 8340mW/8369mW VDD_SOC 4347mW/4044mW
08-11-2026 16:00:37 RAM 7225/7607MB (lfb 1x1MB) SWAP 1547/16384MB (cached 207MB) CPU [8%@729,1%@729,5%@729,26%@729,84%@1344,1%@1344] GR3D_FREQ 99% cpu@64.218C soc2@63.406C soc0@64C gpu@65.281C tj@65.281C soc1@62.843C VDD_IN 17850mW/17627mW VDD_CPU_GPU_CV 8042mW/8369mW VDD_SOC 4308mW/4044mW
08-11-2026 16:00:38 RAM 7226/7607MB (lfb 1x1MB) SWAP 1547/16384MB (cached 207MB) CPU [9%@729,7%@729,17%@729,4%@729,83%@1344,2%@1344] GR3D_FREQ 99% cpu@64.093C soc2@63.25C soc0@63.781C gpu@65.531C tj@65.531C soc1@62.875C VDD_IN 17654mW/17628mW VDD_CPU_GPU_CV 8393mW/8369mW VDD_SOC 4073mW/4044mW
08-11-2026 16:00:39 RAM 7226/7607MB (lfb 1x1MB) SWAP 1547/16384MB (cached 207MB) CPU [4%@729,1%@729,2%@729,2%@729,88%@729,1%@729] GR3D_FREQ 98% cpu@64.031C soc2@63.187C soc0@63.843C gpu@65.156C tj@65.156C soc1@62.937C VDD_IN 16975mW/17627mW VDD_CPU_GPU_CV 8016mW/8368mW VDD_SOC 3923mW/4044mW
08-11-2026 16:00:40 RAM 7226/7607MB (lfb 1x1MB) SWAP 1547/16384MB (cached 207MB) CPU [5%@729,1%@729,0%@729,1%@729,91%@1190,0%@1190] GR3D_FREQ 99% cpu@64.218C soc2@63.25C soc0@63.875C gpu@65.562C tj@65.562C soc1@62.906C VDD_IN 17732mW/17627mW VDD_CPU_GPU_CV 8627mW/8369mW VDD_SOC 3995mW/4044mW
08-11-2026 16:00:41 RAM 7227/7607MB (lfb 1x1MB) SWAP 1547/16384MB (cached 207MB) CPU [3%@729,3%@729,1%@729,5%@729,90%@1344,0%@1344] GR3D_FREQ 98% cpu@63.812C soc2@63.187C soc0@63.906C gpu@65.625C tj@65.781C soc1@62.812C VDD_IN 17929mW/17627mW VDD_CPU_GPU_CV 8847mW/8369mW VDD_SOC 3955mW/4044mW
08-11-2026 16:00:42 RAM 7230/7607MB (lfb 1x1MB) SWAP 1547/16384MB (cached 207MB) CPU [66%@1344,6%@1344,17%@1344,3%@1344,84%@1344,0%@1344] GR3D_FREQ 99% cpu@64.437C soc2@63.25C soc0@63.718C gpu@65.875C tj@65.875C soc1@62.906C VDD_IN 18399mW/17628mW VDD_CPU_GPU_CV 9198mW/8370mW VDD_SOC 3995mW/4044mW
08-11-2026 16:00:43 RAM 7235/7607MB (lfb 1x1MB) SWAP 1547/16384MB (cached 207MB) CPU [58%@729,4%@729,25%@729,8%@729,27%@1344,3%@1344] GR3D_FREQ 98% cpu@64.281C soc2@63.25C soc0@63.906C gpu@65.937C tj@65.937C soc1@62.906C VDD_IN 18164mW/17629mW VDD_CPU_GPU_CV 8925mW/8371mW VDD_SOC 3995mW/4044mW
08-11-2026 16:00:44 RAM 7236/7607MB (lfb 1x1MB) SWAP 1547/16384MB (cached 207MB) CPU [2%@729,1%@729,6%@729,1%@729,84%@1344,0%@1344] GR3D_FREQ 99% cpu@64.031C soc2@63.25C soc0@63.812C gpu@65.75C tj@65.75C soc1@62.937C VDD_IN 17850mW/17629mW VDD_CPU_GPU_CV 8627mW/8371mW VDD_SOC 4034mW/4044mW
08-11-2026 16:00:45 RAM 7215/7607MB (lfb 1x1MB) SWAP 1547/16384MB (cached 207MB) CPU [2%@729,2%@729,4%@729,0%@729,85%@1344,1%@1344] GR3D_FREQ 98% cpu@64.218C soc2@63.187C soc0@63.906C gpu@65.906C tj@65.906C soc1@62.906C VDD_IN 17889mW/17630mW VDD_CPU_GPU_CV 8666mW/8372mW VDD_SOC 4034mW/4044mW
08-11-2026 16:00:46 RAM 7218/7607MB (lfb 1x1MB) SWAP 1547/16384MB (cached 207MB) CPU [2%@729,1%@729,5%@729,2%@729,85%@1344,1%@1344] GR3D_FREQ 98% cpu@63.937C soc2@63.187C soc0@64.031C gpu@65.937C tj@65.937C soc1@62.812C VDD_IN 17889mW/17630mW VDD_CPU_GPU_CV 8549mW/8372mW VDD_SOC 4073mW/4044mW
08-11-2026 16:00:47 RAM 7218/7607MB (lfb 1x1MB) SWAP 1547/16384MB (cached 207MB) CPU [1%@729,1%@729,5%@729,3%@729,84%@1344,0%@1344] GR3D_FREQ 98% cpu@63.968C soc2@63.156C soc0@63.843C gpu@65.781C tj@65.781C soc1@62.875C VDD_IN 17732mW/17630mW VDD_CPU_GPU_CV 8393mW/8372mW VDD_SOC 4073mW/4044mW
08-11-2026 16:00:48 RAM 7214/7607MB (lfb 1x1MB) SWAP 1552/16384MB (cached 206MB) CPU [26%@1344,11%@1344,74%@1344,11%@1344,84%@1344,1%@1344] GR3D_FREQ 98% cpu@64.562C soc2@63.406C soc0@63.875C gpu@66.031C tj@66.031C soc1@62.875C VDD_IN 18448mW/17631mW VDD_CPU_GPU_CV 8886mW/8373mW VDD_SOC 4184mW/4044mW
08-11-2026 16:00:49 RAM 7219/7607MB (lfb 1x1MB) SWAP 1552/16384MB (cached 206MB) CPU [4%@729,3%@729,9%@729,6%@729,84%@1344,0%@1344] GR3D_FREQ 97% cpu@64C soc2@63.218C soc0@63.875C gpu@65.593C tj@65.593C soc1@62.937C VDD_IN 17968mW/17632mW VDD_CPU_GPU_CV 8276mW/8373mW VDD_SOC 4230mW/4044mW
08-11-2026 16:00:50 RAM 7220/7607MB (lfb 1x1MB) SWAP 1552/16384MB (cached 206MB) CPU [2%@729,2%@729,1%@729,4%@729,86%@1344,1%@1344] GR3D_FREQ 98% cpu@64.281C soc2@63.25C soc0@64C gpu@65.593C tj@65.593C soc1@62.968C VDD_IN 17929mW/17632mW VDD_CPU_GPU_CV 8120mW/8372mW VDD_SOC 4308mW/4044mW
08-11-2026 16:00:51 RAM 7220/7607MB (lfb 1x1MB) SWAP 1552/16384MB (cached 206MB) CPU [4%@729,1%@729,0%@729,9%@729,85%@1344,0%@1344] GR3D_FREQ 99% cpu@64.187C soc2@63.406C soc0@64.062C gpu@65.125C tj@65.125C soc1@62.843C VDD_IN 17458mW/17632mW VDD_CPU_GPU_CV 7651mW/8371mW VDD_SOC 4308mW/4045mW
08-11-2026 16:00:52 RAM 7221/7607MB (lfb 1x1MB) SWAP 1552/16384MB (cached 206MB) CPU [6%@729,2%@729,2%@729,1%@729,84%@1344,1%@1344] GR3D_FREQ 99% cpu@64.093C soc2@63.218C soc0@63.843C gpu@65.343C tj@65.343C soc1@62.875C VDD_IN 17772mW/17632mW VDD_CPU_GPU_CV 8315mW/8371mW VDD_SOC 4190mW/4045mW
08-11-2026 16:00:53 RAM 7224/7607MB (lfb 1x1MB) SWAP 1552/16384MB (cached 206MB) CPU [2%@1344,6%@1344,2%@1344,9%@1344,86%@1344,0%@1344] GR3D_FREQ 96% cpu@64.531C soc2@63.281C soc0@63.843C gpu@65.75C tj@65.75C soc1@62.875C VDD_IN 17968mW/17632mW VDD_CPU_GPU_CV 8549mW/8371mW VDD_SOC 4151mW/4045mW
08-11-2026 16:00:54 RAM 7227/7607MB (lfb 1x1MB) SWAP 1552/16384MB (cached 206MB) CPU [11%@729,18%@729,16%@729,69%@729,90%@729,1%@729] GR3D_FREQ 99% cpu@64.125C soc2@63.218C soc0@63.906C gpu@65.25C tj@65.25C soc1@63C VDD_IN 17654mW/17632mW VDD_CPU_GPU_CV 8588mW/8372mW VDD_SOC 3955mW/4045mW
08-11-2026 16:00:55 RAM 7228/7607MB (lfb 1x1MB) SWAP 1552/16384MB (cached 206MB) CPU [2%@729,2%@729,2%@729,4%@729,0%@1344,92%@1344] GR3D_FREQ 99% cpu@64.312C soc2@63.281C soc0@63.968C gpu@65.468C tj@65.468C soc1@63C VDD_IN 17850mW/17633mW VDD_CPU_GPU_CV 8784mW/8372mW VDD_SOC 3995mW/4045mW
08-11-2026 16:00:56 RAM 7228/7607MB (lfb 1x1MB) SWAP 1552/16384MB (cached 206MB) CPU [2%@729,2%@729,5%@729,2%@729,0%@1344,87%@1344] GR3D_FREQ 98% cpu@64.031C soc2@63.343C soc0@63.937C gpu@65.656C tj@65.656C soc1@62.875C VDD_IN 17929mW/17633mW VDD_CPU_GPU_CV 8862mW/8373mW VDD_SOC 3955mW/4045mW
08-11-2026 16:00:57 RAM 7228/7607MB (lfb 1x1MB) SWAP 1552/16384MB (cached 206MB) CPU [3%@729,2%@729,2%@729,5%@729,0%@1344,84%@1344] GR3D_FREQ 98% cpu@64.125C soc2@63.218C soc0@63.875C gpu@65.5C tj@65.5C soc1@62.937C VDD_IN 17811mW/17633mW VDD_CPU_GPU_CV 8744mW/8373mW VDD_SOC 3995mW/4045mW
08-11-2026 16:00:58 RAM 7229/7607MB (lfb 1x1MB) SWAP 1552/16384MB (cached 206MB) CPU [3%@729,2%@729,2%@729,4%@729,0%@1344,84%@1344] GR3D_FREQ 98% cpu@64.187C soc2@63.25C soc0@63.875C gpu@65.593C tj@65.593C soc1@62.875C VDD_IN 17929mW/17634mW VDD_CPU_GPU_CV 8769mW/8374mW VDD_SOC 3995mW/4045mW
08-11-2026 16:00:59 RAM 7232/7607MB (lfb 1x1MB) SWAP 1552/16384MB (cached 206MB) CPU [18%@1344,25%@1344,6%@1344,7%@1344,0%@1344,86%@1344] GR3D_FREQ 98% cpu@64.031C soc2@63.25C soc0@63.906C gpu@65.75C tj@65.75C soc1@63.062C VDD_IN 18164mW/17634mW VDD_CPU_GPU_CV 8886mW/8375mW VDD_SOC 4034mW/4045mW
08-11-2026 16:01:00 RAM 7232/7607MB (lfb 1x1MB) SWAP 1552/16384MB (cached 206MB) CPU [5%@729,50%@729,19%@729,7%@729,0%@1344,85%@1344] GR3D_FREQ 98% cpu@64.375C soc2@63.281C soc0@64.031C gpu@65.812C tj@65.812C soc1@63.031C VDD_IN 18164mW/17635mW VDD_CPU_GPU_CV 8886mW/8375mW VDD_SOC 4073mW/4045mW
08-11-2026 16:01:01 RAM 7232/7607MB (lfb 1x1MB) SWAP 1552/16384MB (cached 206MB) CPU [6%@729,1%@729,1%@729,3%@729,0%@1344,87%@1344] GR3D_FREQ 98% cpu@64.093C soc2@63.281C soc0@64.031C gpu@65.875C tj@65.875C soc1@62.906C VDD_IN 17929mW/17636mW VDD_CPU_GPU_CV 8627mW/8376mW VDD_SOC 4073mW/4045mW
08-11-2026 16:01:02 RAM 7225/7607MB (lfb 1x1MB) SWAP 1552/16384MB (cached 206MB) CPU [4%@729,4%@729,10%@729,2%@729,0%@1344,86%@1344] GR3D_FREQ 98% cpu@64.156C soc2@63.25C soc0@63.875C gpu@65.843C tj@65.843C soc1@62.906C VDD_IN 17968mW/17636mW VDD_CPU_GPU_CV 8549mW/8376mW VDD_SOC 4112mW/4045mW
08-11-2026 16:01:03 RAM 7227/7607MB (lfb 1x1MB) SWAP 1552/16384MB (cached 206MB) CPU [6%@729,2%@729,1%@729,2%@729,0%@1344,86%@1344] GR3D_FREQ 98% cpu@64.281C soc2@63.281C soc0@63.906C gpu@65.781C tj@65.781C soc1@63C VDD_IN 17968mW/17636mW VDD_CPU_GPU_CV 8510mW/8376mW VDD_SOC 4151mW/4045mW
08-11-2026 16:01:04 RAM 7230/7607MB (lfb 1x1MB) SWAP 1552/16384MB (cached 206MB) CPU [10%@729,3%@729,4%@729,18%@729,0%@1344,83%@1344] GR3D_FREQ 98% cpu@64.031C soc2@63.187C soc0@63.968C gpu@65.5C tj@65.5C soc1@63.031C VDD_IN 17654mW/17636mW VDD_CPU_GPU_CV 8159mW/8376mW VDD_SOC 4151mW/4045mW
08-11-2026 16:01:05 RAM 7231/7607MB (lfb 1x1MB) SWAP 1552/16384MB (cached 206MB) CPU [6%@1344,2%@1344,34%@1344,4%@1344,0%@1344,87%@1344] GR3D_FREQ 97% cpu@64.406C soc2@63.312C soc0@64.062C gpu@65.531C tj@65.531C soc1@62.906C VDD_IN 18164mW/17637mW VDD_CPU_GPU_CV 8496mW/8376mW VDD_SOC 4230mW/4045mW
08-11-2026 16:01:06 RAM 7232/7607MB (lfb 1x1MB) SWAP 1552/16384MB (cached 206MB) CPU [8%@729,21%@729,36%@729,4%@729,0%@1344,83%@1344] GR3D_FREQ 98% cpu@64.25C soc2@63.312C soc0@63.906C gpu@65.562C tj@65.562C soc1@62.937C VDD_IN 17811mW/17637mW VDD_CPU_GPU_CV 8003mW/8375mW VDD_SOC 4269mW/4046mW
08-11-2026 16:01:07 RAM 7232/7607MB (lfb 1x1MB) SWAP 1552/16384MB (cached 206MB) CPU [6%@729,2%@729,2%@729,1%@729,0%@1344,87%@1344] GR3D_FREQ 99% cpu@64.656C soc2@63.218C soc0@63.843C gpu@65.156C tj@65.156C soc1@62.906C VDD_IN 17889mW/17638mW VDD_CPU_GPU_CV 7886mW/8375mW VDD_SOC 4386mW/4046mW
08-11-2026 16:01:08 RAM 7233/7607MB (lfb 1x1MB) SWAP 1552/16384MB (cached 206MB) CPU [3%@729,2%@729,4%@729,2%@729,0%@1344,84%@1344] GR3D_FREQ 99% cpu@64.343C soc2@63.187C soc0@63.906C gpu@65.625C tj@65.75C soc1@62.937C VDD_IN 17575mW/17638mW VDD_CPU_GPU_CV 8237mW/8375mW VDD_SOC 4151mW/4046mW
08-11-2026 16:01:09 RAM 7234/7607MB (lfb 1x1MB) SWAP 1552/16384MB (cached 206MB) CPU [11%@729,18%@729,6%@729,4%@729,0%@1344,85%@1344] GR3D_FREQ 99% cpu@64.531C soc2@63.312C soc0@63.937C gpu@66C tj@66C soc1@63.062C VDD_IN 17968mW/17638mW VDD_CPU_GPU_CV 8574mW/8375mW VDD_SOC 4151mW/4046mW
08-11-2026 16:01:10 RAM 7234/7607MB (lfb 1x1MB) SWAP 1552/16384MB (cached 206MB) CPU [2%@729,2%@729,4%@729,1%@729,0%@729,91%@729] GR3D_FREQ 99% cpu@63.937C soc2@63.375C soc0@64.031C gpu@65.812C tj@65.812C soc1@62.906C VDD_IN 17575mW/17638mW VDD_CPU_GPU_CV 8432mW/8375mW VDD_SOC 4034mW/4046mW
08-11-2026 16:01:11 RAM 7235/7607MB (lfb 1x1MB) SWAP 1552/16384MB (cached 206MB) CPU [45%@1344,6%@1344,4%@1344,3%@1344,0%@1190,91%@1190] GR3D_FREQ 99% cpu@64.343C soc2@63.468C soc0@63.937C gpu@66.031C tj@66.031C soc1@62.906C VDD_IN 18330mW/17639mW VDD_CPU_GPU_CV 9120mW/8376mW VDD_SOC 4034mW/4046mW
08-11-2026 16:01:12 RAM 7235/7607MB (lfb 1x1MB) SWAP 1552/16384MB (cached 206MB) CPU [12%@1344,23%@1344,5%@1344,6%@1344,12%@1344,86%@1344] GR3D_FREQ 98% cpu@64.343C soc2@63.281C soc0@64C gpu@66.031C tj@66.031C soc1@62.937C VDD_IN 18007mW/17639mW VDD_CPU_GPU_CV 8925mW/8377mW VDD_SOC 3995mW/4046mW
08-11-2026 16:01:13 RAM 7236/7607MB (lfb 1x1MB) SWAP 1552/16384MB (cached 206MB) CPU [2%@729,2%@729,5%@729,1%@729,0%@1344,85%@1344] GR3D_FREQ 98% cpu@64.125C soc2@63.343C soc0@63.968C gpu@65.687C tj@65.687C soc1@63.031C VDD_IN 17889mW/17640mW VDD_CPU_GPU_CV 8784mW/8377mW VDD_SOC 3995mW/4046mW
08-11-2026 16:01:14 RAM 7235/7607MB (lfb 1x1MB) SWAP 1552/16384MB (cached 206MB) CPU [5%@729,6%@729,9%@729,17%@729,0%@1344,85%@1344] GR3D_FREQ 98% cpu@64.437C soc2@63.343C soc0@64.031C gpu@65.75C tj@65.75C soc1@63.093C VDD_IN 18007mW/17640mW VDD_CPU_GPU_CV 8847mW/8378mW VDD_SOC 4034mW/4046mW
08-11-2026 16:01:15 RAM 7236/7607MB (lfb 1x1MB) SWAP 1552/16384MB (cached 206MB) CPU [2%@729,1%@729,2%@729,4%@729,0%@1344,84%@1344] GR3D_FREQ 98% cpu@64.093C soc2@63.312C soc0@64.093C gpu@65.812C tj@65.812C soc1@62.937C VDD_IN 17929mW/17640mW VDD_CPU_GPU_CV 8705mW/8378mW VDD_SOC 4034mW/4046mW
08-11-2026 16:01:16 RAM 7237/7607MB (lfb 1x1MB) SWAP 1552/16384MB (cached 206MB) CPU [2%@729,2%@729,1%@729,5%@729,0%@1344,83%@1344] GR3D_FREQ 98% cpu@64.093C soc2@63.218C soc0@63.968C gpu@65.75C tj@65.75C soc1@63C VDD_IN 17811mW/17641mW VDD_CPU_GPU_CV 8549mW/8378mW VDD_SOC 4034mW/4046mW
08-11-2026 16:01:17 RAM 7237/7607MB (lfb 1x1MB) SWAP 1552/16384MB (cached 206MB) CPU [8%@1344,6%@1344,5%@1344,62%@1344,0%@1344,85%@1344] GR3D_FREQ 98% cpu@64.687C soc2@63.281C soc0@63.906C gpu@65.781C tj@65.781C soc1@63C VDD_IN 18330mW/17642mW VDD_CPU_GPU_CV 8925mW/8379mW VDD_SOC 4112mW/4046mW
08-11-2026 16:01:18 RAM 7238/7607MB (lfb 1x1MB) SWAP 1552/16384MB (cached 206MB) CPU [27%@729,3%@729,7%@729,8%@729,0%@1344,86%@1344] GR3D_FREQ 98% cpu@64.031C soc2@63.312C soc0@64C gpu@65.562C tj@65.562C soc1@63.093C VDD_IN 18007mW/17642mW VDD_CPU_GPU_CV 8574mW/8379mW VDD_SOC 4112mW/4046mW
08-11-2026 16:01:19 RAM 7239/7607MB (lfb 1x1MB) SWAP 1552/16384MB (cached 206MB) CPU [4%@1113,9%@1113,17%@1113,6%@1113,0%@1344,86%@1344] GR3D_FREQ 98% cpu@64.25C soc2@63.343C soc0@63.968C gpu@65.625C tj@65.625C soc1@62.968C VDD_IN 18007mW/17643mW VDD_CPU_GPU_CV 8457mW/8379mW VDD_SOC 4151mW/4046mW
08-11-2026 16:01:20 RAM 7239/7607MB (lfb 1x1MB) SWAP 1551/16384MB (cached 206MB) CPU [3%@1113,3%@1113,4%@1113,2%@1113,0%@1344,83%@1344] GR3D_FREQ 97% cpu@64.281C soc2@63.25C soc0@63.968C gpu@65.531C tj@65.531C soc1@63C VDD_IN 17693mW/17643mW VDD_CPU_GPU_CV 8081mW/8379mW VDD_SOC 4190mW/4047mW
08-11-2026 16:01:21 RAM 7239/7607MB (lfb 1x1MB) SWAP 1551/16384MB (cached 206MB) CPU [3%@1344,2%@1344,4%@1344,1%@1344,0%@1344,86%@1344] GR3D_FREQ 98% cpu@64.218C soc2@63.187C soc0@63.968C gpu@65.75C tj@65.75C soc1@63C VDD_IN 17850mW/17643mW VDD_CPU_GPU_CV 8081mW/8379mW VDD_SOC 4269mW/4047mW
08-11-2026 16:01:22 RAM 7240/7607MB (lfb 1x1MB) SWAP 1551/16384MB (cached 206MB) CPU [3%@729,1%@729,4%@729,0%@729,0%@1344,83%@1344] GR3D_FREQ 99% cpu@64.468C soc2@63.343C soc0@64C gpu@65.125C tj@65.125C soc1@63.062C VDD_IN 17536mW/17643mW VDD_CPU_GPU_CV 7651mW/8378mW VDD_SOC 4347mW/4047mW
08-11-2026 16:01:23 RAM 7243/7607MB (lfb 1x1MB) SWAP 1551/16384MB (cached 206MB) CPU [9%@1344,9%@1344,67%@1344,10%@1344,0%@1344,85%@1344] GR3D_FREQ 99% cpu@64.312C soc2@63.562C soc0@64.093C gpu@65.218C tj@65.218C soc1@62.875C VDD_IN 18125mW/17643mW VDD_CPU_GPU_CV 8730mW/8378mW VDD_SOC 4151mW/4047mW
08-11-2026 16:01:24 RAM 7247/7607MB (lfb 1x1MB) SWAP 1551/16384MB (cached 206MB) CPU [15%@729,23%@729,6%@729,3%@729,9%@1344,87%@1344] GR3D_FREQ 99% cpu@64.187C soc2@63.375C soc0@63.968C gpu@65.437C tj@65.437C soc1@62.875C VDD_IN 18085mW/17644mW VDD_CPU_GPU_CV 8691mW/8379mW VDD_SOC 4151mW/4048mW
08-11-2026 16:01:25 RAM 7247/7607MB (lfb 1x1MB) SWAP 1551/16384MB (cached 206MB) CPU [2%@729,2%@729,4%@729,2%@729,0%@729,89%@729] GR3D_FREQ 99% cpu@64.343C soc2@63.437C soc0@63.937C gpu@65.343C tj@65.343C soc1@62.968C VDD_IN 17654mW/17644mW VDD_CPU_GPU_CV 8432mW/8379mW VDD_SOC 4034mW/4048mW
08-11-2026 16:01:26 RAM 7229/7607MB (lfb 1x1MB) SWAP 1551/16384MB (cached 206MB) CPU [2%@1344,2%@1344,2%@1344,4%@1344,0%@806,90%@806] GR3D_FREQ 99% cpu@64.125C soc2@63.281C soc0@64C gpu@65.468C tj@65.468C soc1@63.125C VDD_IN 17772mW/17644mW VDD_CPU_GPU_CV 8627mW/8379mW VDD_SOC 3995mW/4047mW
08-11-2026 16:01:27 RAM 7229/7607MB (lfb 1x1MB) SWAP 1551/16384MB (cached 206MB) CPU [4%@1344,1%@1344,3%@1344,5%@1344,0%@1344,88%@1344] GR3D_FREQ 98% cpu@64.031C soc2@63.25C soc0@64C gpu@65.593C tj@65.593C soc1@62.906C VDD_IN 17732mW/17644mW VDD_CPU_GPU_CV 8744mW/8379mW VDD_SOC 3955mW/4047mW
08-11-2026 16:01:28 RAM 7231/7607MB (lfb 1x1MB) SWAP 1551/16384MB (cached 206MB) CPU [3%@729,5%@729,2%@729,2%@729,0%@1344,86%@1344] GR3D_FREQ 98% cpu@64.218C soc2@63.281C soc0@63.968C gpu@65.656C tj@65.656C soc1@62.906C VDD_IN 17811mW/17644mW VDD_CPU_GPU_CV 8744mW/8380mW VDD_SOC 3955mW/4047mW
08-11-2026 16:01:29 RAM 7237/7607MB (lfb 1x1MB) SWAP 1554/16384MB (cached 204MB) CPU [72%@1344,38%@1344,29%@1344,20%@1344,28%@1344,86%@1344] GR3D_FREQ 98% cpu@65C soc2@63.5C soc0@64C gpu@65.812C tj@65.812C soc1@63C VDD_IN 19113mW/17646mW VDD_CPU_GPU_CV 9899mW/8382mW VDD_SOC 4027mW/4047mW
08-11-2026 16:01:30 RAM 7237/7607MB (lfb 1x1MB) SWAP 1554/16384MB (cached 204MB) CPU [10%@729,14%@729,10%@729,11%@729,7%@1344,85%@1344] GR3D_FREQ 98% cpu@64.25C soc2@63.375C soc0@63.937C gpu@65.75C tj@65.75C soc1@63.062C VDD_IN 17968mW/17647mW VDD_CPU_GPU_CV 8744mW/8382mW VDD_SOC 4034mW/4047mW
08-11-2026 16:01:31 RAM 7237/7607MB (lfb 1x1MB) SWAP 1554/16384MB (cached 204MB) CPU [2%@729,1%@729,1%@729,4%@729,0%@1344,85%@1344] GR3D_FREQ 98% cpu@64.031C soc2@63.312C soc0@64.031C gpu@65.593C tj@65.593C soc1@63.093C VDD_IN 17732mW/17647mW VDD_CPU_GPU_CV 8549mW/8383mW VDD_SOC 3995mW/4047mW
08-11-2026 16:01:32 RAM 7238/7607MB (lfb 1x1MB) SWAP 1554/16384MB (cached 204MB) CPU [4%@729,1%@729,2%@729,2%@729,2%@1344,85%@1344] GR3D_FREQ 97% cpu@64.062C soc2@63.375C soc0@64.093C gpu@65.531C tj@65.531C soc1@62.875C VDD_IN 17732mW/17647mW VDD_CPU_GPU_CV 8471mW/8383mW VDD_SOC 4034mW/4047mW
08-11-2026 16:01:33 RAM 7238/7607MB (lfb 1x1MB) SWAP 1554/16384MB (cached 204MB) CPU [2%@729,1%@729,5%@729,1%@729,0%@1344,86%@1344] GR3D_FREQ 97% cpu@64.25C soc2@63.218C soc0@63.875C gpu@65.468C tj@65.468C soc1@62.937C VDD_IN 17693mW/17647mW VDD_CPU_GPU_CV 8354mW/8383mW VDD_SOC 4073mW/4047mW
08-11-2026 16:01:34 RAM 7239/7607MB (lfb 1x1MB) SWAP 1554/16384MB (cached 204MB) CPU [9%@1344,7%@1344,7%@1344,6%@1344,1%@1344,84%@1344] GR3D_FREQ 97% cpu@64.562C soc2@63.312C soc0@63.875C gpu@65.531C tj@65.531C soc1@63C VDD_IN 17850mW/17647mW VDD_CPU_GPU_CV 8432mW/8383mW VDD_SOC 4112mW/4047mW
08-11-2026 16:01:35 RAM 7241/7607MB (lfb 1x1MB) SWAP 1554/16384MB (cached 204MB) CPU [10%@729,25%@729,67%@729,7%@729,0%@1344,83%@1344] GR3D_FREQ 97% cpu@64.093C soc2@63.312C soc0@64.031C gpu@65.781C tj@65.781C soc1@63.031C VDD_IN 17968mW/17648mW VDD_CPU_GPU_CV 8354mW/8383mW VDD_SOC 4190mW/4047mW
08-11-2026 16:01:36 RAM 7241/7607MB (lfb 1x1MB) SWAP 1554/16384MB (cached 204MB) CPU [9%@729,2%@729,1%@729,2%@729,0%@1344,85%@1344] GR3D_FREQ 98% cpu@64.125C soc2@63.343C soc0@64.062C gpu@65.812C tj@65.812C soc1@62.906C VDD_IN 17732mW/17648mW VDD_CPU_GPU_CV 8003mW/8382mW VDD_SOC 4269mW/4048mW
08-11-2026 16:01:37 RAM 7242/7607MB (lfb 1x1MB) SWAP 1554/16384MB (cached 204MB) CPU [2%@729,3%@729,3%@729,1%@729,0%@1344,84%@1344] GR3D_FREQ 99% cpu@64.406C soc2@63.281C soc0@63.937C gpu@65.343C tj@65.343C soc1@62.937C VDD_IN 17575mW/17648mW VDD_CPU_GPU_CV 7651mW/8381mW VDD_SOC 4347mW/4048mW
08-11-2026 16:01:38 RAM 7242/7607MB (lfb 1x1MB) SWAP 1554/16384MB (cached 204MB) CPU [2%@729,2%@729,3%@729,2%@729,0%@1344,83%@1344] GR3D_FREQ 99% cpu@64.156C soc2@63.312C soc0@63.906C gpu@65.781C tj@65.781C soc1@62.968C VDD_IN 17250mW/17647mW VDD_CPU_GPU_CV 8081mW/8381mW VDD_SOC 4080mW/4048mW
08-11-2026 16:01:39 RAM 7243/7607MB (lfb 1x1MB) SWAP 1554/16384MB (cached 204MB) CPU [3%@729,2%@729,4%@729,4%@729,0%@1344,84%@1344] GR3D_FREQ 99% cpu@64.406C soc2@63.312C soc0@64C gpu@65.843C tj@65.843C soc1@63C VDD_IN 17772mW/17647mW VDD_CPU_GPU_CV 8471mW/8381mW VDD_SOC 4112mW/4048mW
08-11-2026 16:01:40 RAM 7242/7607MB (lfb 1x1MB) SWAP 1554/16384MB (cached 204MB) CPU [12%@1344,17%@1344,16%@1344,7%@1344,0%@729,90%@729] GR3D_FREQ 99% cpu@64.312C soc2@63.343C soc0@63.937C gpu@65.875C tj@65.625C soc1@63.062C VDD_IN 17732mW/17647mW VDD_CPU_GPU_CV 8549mW/8381mW VDD_SOC 4034mW/4048mW
08-11-2026 16:01:41 RAM 7242/7607MB (lfb 1x1MB) SWAP 1554/16384MB (cached 204MB) CPU [6%@729,20%@729,57%@729,4%@729,3%@1344,91%@1344] GR3D_FREQ 98% cpu@64.125C soc2@63.312C soc0@64.062C gpu@65.687C tj@65.687C soc1@62.906C VDD_IN 18203mW/17648mW VDD_CPU_GPU_CV 9081mW/8382mW VDD_SOC 3995mW/4048mW
08-11-2026 16:01:42 RAM 7243/7607MB (lfb 1x1MB) SWAP 1554/16384MB (cached 204MB) CPU [3%@729,2%@729,1%@729,4%@729,0%@1344,84%@1344] GR3D_FREQ 98% cpu@64.093C soc2@63.281C soc0@63.937C gpu@65.75C tj@65.75C soc1@63C VDD_IN 17772mW/17648mW VDD_CPU_GPU_CV 8705mW/8382mW VDD_SOC 3955mW/4048mW
08-11-2026 16:01:43 RAM 7243/7607MB (lfb 1x1MB) SWAP 1554/16384MB (cached 204MB) CPU [6%@729,2%@729,3%@729,2%@729,0%@1344,84%@1344] GR3D_FREQ 98% cpu@64.125C soc2@63.281C soc0@64.031C gpu@65.718C tj@65.718C soc1@62.937C VDD_IN 17732mW/17648mW VDD_CPU_GPU_CV 8666mW/8383mW VDD_SOC 3955mW/4048mW
08-11-2026 16:01:44 RAM 7244/7607MB (lfb 1x1MB) SWAP 1554/16384MB (cached 204MB) CPU [3%@729,5%@729,1%@729,2%@729,0%@1344,85%@1344] GR3D_FREQ 98% cpu@64.343C soc2@63.281C soc0@63.968C gpu@65.75C tj@65.75C soc1@63C VDD_IN 17732mW/17648mW VDD_CPU_GPU_CV 8627mW/8383mW VDD_SOC 3995mW/4048mW
08-11-2026 16:01:45 RAM 7245/7607MB (lfb 1x1MB) SWAP 1554/16384MB (cached 204MB) CPU [21%@729,10%@729,2%@729,8%@729,0%@1344,83%@1344] GR3D_FREQ 98% cpu@64.093C soc2@63.343C soc0@64.062C gpu@65.562C tj@65.562C soc1@63.125C VDD_IN 17889mW/17649mW VDD_CPU_GPU_CV 8627mW/8383mW VDD_SOC 4034mW/4048mW
08-11-2026 16:01:46 RAM 7246/7607MB (lfb 1x1MB) SWAP 1554/16384MB (cached 204MB) CPU [6%@1344,24%@1344,2%@1344,5%@1344,0%@1344,86%@1344] GR3D_FREQ 98% cpu@64.187C soc2@63.343C soc0@64.093C gpu@65.625C tj@65.625C soc1@62.968C VDD_IN 18085mW/17649mW VDD_CPU_GPU_CV 8769mW/8384mW VDD_SOC 4073mW/4048mW
08-11-2026 16:01:47 RAM 7243/7607MB (lfb 1x1MB) SWAP 1554/16384MB (cached 204MB) CPU [4%@729,43%@729,22%@729,8%@729,0%@1344,85%@1344] GR3D_FREQ 97% cpu@64.312C soc2@63.281C soc0@63.875C gpu@65.531C tj@65.531C soc1@62.968C VDD_IN 18007mW/17650mW VDD_CPU_GPU_CV 8588mW/8384mW VDD_SOC 4112mW/4048mW
08-11-2026 16:01:48 RAM 7245/7607MB (lfb 1x1MB) SWAP 1554/16384MB (cached 204MB) CPU [2%@729,2%@729,2%@729,0%@729,3%@1344,85%@1344] GR3D_FREQ 98% cpu@64.093C soc2@63.25C soc0@63.875C gpu@65.531C tj@65.531C soc1@63C VDD_IN 17772mW/17650mW VDD_CPU_GPU_CV 8315mW/8384mW VDD_SOC 4151mW/4048mW
08-11-2026 16:01:49 RAM 7246/7607MB (lfb 1x1MB) SWAP 1554/16384MB (cached 204MB) CPU [7%@729,1%@729,1%@729,2%@729,0%@1344,85%@1344] GR3D_FREQ 99% cpu@64.437C soc2@63.25C soc0@63.937C gpu@65.468C tj@65.468C soc1@63.093C VDD_IN 17693mW/17650mW VDD_CPU_GPU_CV 8159mW/8384mW VDD_SOC 4190mW/4048mW
08-11-2026 16:01:50 RAM 7247/7607MB (lfb 1x1MB) SWAP 1554/16384MB (cached 204MB) CPU [5%@729,16%@729,11%@729,4%@729,0%@1344,83%@1344] GR3D_FREQ 98% cpu@64.093C soc2@63.312C soc0@63.968C gpu@65.687C tj@65.687C soc1@62.937C VDD_IN 17497mW/17650mW VDD_CPU_GPU_CV 7886mW/8383mW VDD_SOC 4230mW/4048mW
08-11-2026 16:01:51 RAM 7248/7607MB (lfb 1x1MB) SWAP 1554/16384MB (cached 204MB) CPU [2%@729,0%@729,1%@729,2%@729,4%@1344,84%@1344] GR3D_FREQ 99% cpu@64.468C soc2@63.25C soc0@63.843C gpu@65.218C tj@65.218C soc1@62.937C VDD_IN 17329mW/17649mW VDD_CPU_GPU_CV 7507mW/8382mW VDD_SOC 4315mW/4049mW
08-11-2026 16:01:52 RAM 7235/7607MB (lfb 1x1MB) SWAP 1558/16384MB (cached 203MB) CPU [3%@1344,11%@1344,2%@1344,41%@1344,2%@1344,85%@1344] GR3D_FREQ 99% cpu@64.562C soc2@63.312C soc0@63.968C gpu@65.343C tj@65.343C soc1@62.937C VDD_IN 18085mW/17650mW VDD_CPU_GPU_CV 8549mW/8382mW VDD_SOC 4190mW/4049mW
08-11-2026 16:01:53 RAM 7236/7607MB (lfb 1x1MB) SWAP 1558/16384MB (cached 203MB) CPU [6%@729,17%@729,7%@729,33%@729,0%@1344,84%@1344] GR3D_FREQ 99% cpu@64.125C soc2@63.406C soc0@64.031C gpu@65.875C tj@65.875C soc1@62.937C VDD_IN 17968mW/17650mW VDD_CPU_GPU_CV 8574mW/8383mW VDD_SOC 4151mW/4049mW
08-11-2026 16:01:54 RAM 7236/7607MB (lfb 1x1MB) SWAP 1558/16384MB (cached 203MB) CPU [2%@729,1%@729,2%@729,3%@729,2%@729,89%@729] GR3D_FREQ 99% cpu@64.187C soc2@63.312C soc0@63.937C gpu@65.562C tj@65.562C soc1@63.093C VDD_IN 17575mW/17650mW VDD_CPU_GPU_CV 8393mW/8383mW VDD_SOC 4034mW/4049mW
08-11-2026 16:01:55 RAM 7239/7607MB (lfb 1x1MB) SWAP 1558/16384MB (cached 203MB) CPU [10%@729,2%@729,18%@729,8%@729,0%@806,92%@806] GR3D_FREQ 99% cpu@64C soc2@63.375C soc0@64.031C gpu@65.593C tj@65.593C soc1@62.875C VDD_IN 17772mW/17650mW VDD_CPU_GPU_CV 8627mW/8383mW VDD_SOC 4034mW/4049mW
08-11-2026 16:01:56 RAM 7240/7607MB (lfb 1x1MB) SWAP 1558/16384MB (cached 203MB) CPU [4%@729,3%@729,4%@729,1%@729,4%@1344,89%@1344] GR3D_FREQ 98% cpu@64.093C soc2@63.312C soc0@63.968C gpu@65.531C tj@65.531C soc1@62.937C VDD_IN 17811mW/17651mW VDD_CPU_GPU_CV 8784mW/8383mW VDD_SOC 3955mW/4049mW
08-11-2026 16:01:57 RAM 7240/7607MB (lfb 1x1MB) SWAP 1558/16384MB (cached 203MB) CPU [2%@729,4%@729,1%@729,1%@729,0%@1344,85%@1344] GR3D_FREQ 98% cpu@64.218C soc2@63.281C soc0@63.968C gpu@65.625C tj@65.625C soc1@62.875C VDD_IN 17772mW/17651mW VDD_CPU_GPU_CV 8666mW/8384mW VDD_SOC 3955mW/4049mW
08-11-2026 16:01:58 RAM 7235/7607MB (lfb 1x1MB) SWAP 1558/16384MB (cached 203MB) CPU [5%@1344,5%@1344,8%@1344,49%@1344,10%@1344,85%@1344] GR3D_FREQ 98% cpu@64.375C soc2@63.25C soc0@63.968C gpu@65.75C tj@65.75C soc1@63.031C VDD_IN 18321mW/17651mW VDD_CPU_GPU_CV 9120mW/8385mW VDD_SOC 3995mW/4049mW
08-11-2026 16:01:59 RAM 7236/7607MB (lfb 1x1MB) SWAP 1558/16384MB (cached 203MB) CPU [9%@729,3%@729,3%@729,26%@729,14%@1344,85%@1344] GR3D_FREQ 98% cpu@64.312C soc2@63.25C soc0@64.062C gpu@65.687C tj@65.687C soc1@63.062C VDD_IN 17968mW/17652mW VDD_CPU_GPU_CV 8730mW/8385mW VDD_SOC 4034mW/4049mW
08-11-2026 16:02:00 RAM 7227/7607MB (lfb 1x1MB) SWAP 1562/16384MB (cached 202MB) CPU [18%@729,18%@729,7%@729,8%@729,9%@1344,83%@1344] GR3D_FREQ 98% cpu@64.125C soc2@63.343C soc0@63.968C gpu@66C tj@66C soc1@62.875C VDD_IN 18046mW/17652mW VDD_CPU_GPU_CV 8808mW/8386mW VDD_SOC 4034mW/4049mW
08-11-2026 16:02:01 RAM 7231/7607MB (lfb 1x1MB) SWAP 1562/16384MB (cached 202MB) CPU [3%@729,1%@729,2%@729,5%@729,1%@1344,84%@1344] GR3D_FREQ 98% cpu@64.125C soc2@63.156C soc0@63.968C gpu@65.937C tj@65.937C soc1@62.906C VDD_IN 17772mW/17652mW VDD_CPU_GPU_CV 8471mW/8386mW VDD_SOC 4073mW/4049mW
08-11-2026 16:02:02 RAM 7231/7607MB (lfb 1x1MB) SWAP 1562/16384MB (cached 202MB) CPU [1%@729,6%@729,2%@729,3%@729,0%@1344,86%@1344] GR3D_FREQ 97% cpu@64.187C soc2@63.187C soc0@63.937C gpu@65.875C tj@65.875C soc1@62.875C VDD_IN 17732mW/17653mW VDD_CPU_GPU_CV 8432mW/8386mW VDD_SOC 4073mW/4049mW
08-11-2026 16:02:03 RAM 7232/7607MB (lfb 1x1MB) SWAP 1562/16384MB (cached 202MB) CPU [3%@729,1%@729,2%@729,4%@729,0%@1344,85%@1344] GR3D_FREQ 98% cpu@64.156C soc2@63.25C soc0@63.968C gpu@66C tj@66C soc1@63C VDD_IN 17772mW/17653mW VDD_CPU_GPU_CV 8276mW/8386mW VDD_SOC 4112mW/4049mW
08-11-2026 16:02:04 RAM 7235/7607MB (lfb 1x1MB) SWAP 1562/16384MB (cached 202MB) CPU [8%@1344,4%@1344,61%@1344,3%@1344,0%@1344,84%@1344] GR3D_FREQ 97% cpu@64.437C soc2@63.406C soc0@64C gpu@65.906C tj@65.906C soc1@63.062C VDD_IN 18007mW/17653mW VDD_CPU_GPU_CV 8432mW/8386mW VDD_SOC 4190mW/4049mW
08-11-2026 16:02:05 RAM 7235/7607MB (lfb 1x1MB) SWAP 1562/16384MB (cached 202MB) CPU [12%@729,11%@729,31%@729,8%@729,21%@1344,88%@1344] GR3D_FREQ 98% cpu@64.25C soc2@63.25C soc0@64.062C gpu@65.906C tj@65.906C soc1@62.906C VDD_IN 18007mW/17654mW VDD_CPU_GPU_CV 8237mW/8385mW VDD_SOC 4269mW/4049mW
08-11-2026 16:02:06 RAM 7240/7607MB (lfb 1x1MB) SWAP 1562/16384MB (cached 202MB) CPU [6%@729,3%@729,2%@729,1%@729,1%@1344,82%@1344] GR3D_FREQ 99% cpu@64.375C soc2@63.312C soc0@64.062C gpu@65.093C tj@65.093C soc1@62.843C VDD_IN 17615mW/17654mW VDD_CPU_GPU_CV 7690mW/8385mW VDD_SOC 4347mW/4050mW
08-11-2026 16:02:07 RAM 7240/7607MB (lfb 1x1MB) SWAP 1562/16384MB (cached 202MB) CPU [3%@729,1%@729,8%@729,3%@729,0%@1344,84%@1344] GR3D_FREQ 99% cpu@64.375C soc2@63.25C soc0@63.906C gpu@65.562C tj@65.562C soc1@62.968C VDD_IN 17732mW/17654mW VDD_CPU_GPU_CV 8354mW/8385mW VDD_SOC 4151mW/4050mW
08-11-2026 16:02:08 RAM 7240/7607MB (lfb 1x1MB) SWAP 1562/16384MB (cached 202MB) CPU [3%@729,1%@729,2%@729,5%@729,0%@1344,86%@1344] GR3D_FREQ 99% cpu@64C soc2@63.375C soc0@64C gpu@65.687C tj@65.687C soc1@63C VDD_IN 17693mW/17654mW VDD_CPU_GPU_CV 8393mW/8385mW VDD_SOC 4112mW/4050mW
08-11-2026 16:02:09 RAM 7240/7607MB (lfb 1x1MB) SWAP 1562/16384MB (cached 202MB) CPU [6%@729,2%@729,2%@729,3%@729,0%@729,90%@729] GR3D_FREQ 99% cpu@63.906C soc2@63.25C soc0@64.031C gpu@65.25C tj@65.25C soc1@62.875C VDD_IN 17211mW/17653mW VDD_CPU_GPU_CV 8159mW/8384mW VDD_SOC 3962mW/4050mW
08-11-2026 16:02:10 RAM 7245/7607MB (lfb 1x1MB) SWAP 1562/16384MB (cached 202MB) CPU [10%@1344,13%@1344,67%@1344,15%@1344,0%@1344,92%@1344] GR3D_FREQ 98% cpu@64.531C soc2@63.281C soc0@64C gpu@65.812C tj@65.812C soc1@62.937C VDD_IN 18408mW/17654mW VDD_CPU_GPU_CV 9315mW/8385mW VDD_SOC 3949mW/4050mW
08-11-2026 16:02:11 RAM 7246/7607MB (lfb 1x1MB) SWAP 1562/16384MB (cached 202MB) CPU [5%@729,23%@729,5%@729,5%@729,0%@1344,87%@1344] GR3D_FREQ 98% cpu@64.156C soc2@63.25C soc0@63.906C gpu@65.593C tj@65.593C soc1@62.875C VDD_IN 17889mW/17654mW VDD_CPU_GPU_CV 8847mW/8386mW VDD_SOC 3955mW/4049mW
08-11-2026 16:02:12 RAM 7246/7607MB (lfb 1x1MB) SWAP 1562/16384MB (cached 202MB) CPU [3%@729,2%@729,3%@729,2%@729,0%@1344,85%@1344] GR3D_FREQ 97% cpu@64.187C soc2@63.312C soc0@63.968C gpu@65.531C tj@65.531C soc1@63C VDD_IN 17732mW/17654mW VDD_CPU_GPU_CV 8666mW/8386mW VDD_SOC 3995mW/4049mW
08-11-2026 16:02:13 RAM 7247/7607MB (lfb 1x1MB) SWAP 1562/16384MB (cached 202MB) CPU [2%@729,5%@729,2%@729,3%@729,0%@1344,85%@1344] GR3D_FREQ 98% cpu@64.468C soc2@63.25C soc0@64.031C gpu@65.562C tj@65.562C soc1@63C VDD_IN 17772mW/17655mW VDD_CPU_GPU_CV 8705mW/8387mW VDD_SOC 3995mW/4049mW
08-11-2026 16:02:14 RAM 7247/7607MB (lfb 1x1MB) SWAP 1562/16384MB (cached 202MB) CPU [3%@729,6%@729,2%@729,1%@729,0%@1344,84%@1344] GR3D_FREQ 98% cpu@64.125C soc2@63.281C soc0@64.031C gpu@65.468C tj@65.468C soc1@62.875C VDD_IN 17693mW/17655mW VDD_CPU_GPU_CV 8549mW/8387mW VDD_SOC 3995mW/4049mW
08-11-2026 16:02:15 RAM 7249/7607MB (lfb 1x1MB) SWAP 1562/16384MB (cached 202MB) CPU [9%@1344,7%@1344,17%@1344,9%@1344,0%@1344,84%@1344] GR3D_FREQ 97% cpu@64.406C soc2@63.25C soc0@63.843C gpu@65.593C tj@65.593C soc1@62.906C VDD_IN 18046mW/17655mW VDD_CPU_GPU_CV 8769mW/8387mW VDD_SOC 4073mW/4049mW
08-11-2026 16:02:16 RAM 7255/7607MB (lfb 1x1MB) SWAP 1562/16384MB (cached 202MB) CPU [67%@1344,3%@1344,8%@1344,13%@1344,0%@1344,81%@1344] GR3D_FREQ 97% cpu@64.437C soc2@63.218C soc0@63.843C gpu@65.531C tj@65.531C soc1@63C VDD_IN 18125mW/17656mW VDD_CPU_GPU_CV 8730mW/8388mW VDD_SOC 4112mW/4049mW
08-11-2026 16:02:17 RAM 7235/7607MB (lfb 1x1MB) SWAP 1562/16384MB (cached 202MB) CPU [5%@729,2%@729,6%@729,11%@729,0%@1344,86%@1344] GR3D_FREQ 97% cpu@64.187C soc2@63.25C soc0@63.937C gpu@65.75C tj@65.75C soc1@63C VDD_IN 17811mW/17656mW VDD_CPU_GPU_CV 8432mW/8388mW VDD_SOC 4112mW/4049mW
08-11-2026 16:02:18 RAM 7234/7607MB (lfb 1x1MB) SWAP 1563/16384MB (cached 201MB) CPU [6%@729,5%@729,1%@729,6%@729,0%@1344,85%@1344] GR3D_FREQ 98% cpu@64.437C soc2@63.187C soc0@63.968C gpu@65.75C tj@65.75C soc1@62.968C VDD_IN 17811mW/17656mW VDD_CPU_GPU_CV 8198mW/8388mW VDD_SOC 4190mW/4050mW
08-11-2026 16:02:19 RAM 7237/7607MB (lfb 1x1MB) SWAP 1563/16384MB (cached 201MB) CPU [3%@729,1%@729,6%@729,2%@729,0%@1344,86%@1344] GR3D_FREQ 98% cpu@64.125C soc2@63.312C soc0@64C gpu@65.75C tj@65.75C soc1@62.906C VDD_IN 17772mW/17656mW VDD_CPU_GPU_CV 8159mW/8387mW VDD_SOC 4230mW/4050mW
08-11-2026 16:02:20 RAM 7239/7607MB (lfb 1x1MB) SWAP 1563/16384MB (cached 201MB) CPU [4%@729,7%@729,11%@729,4%@729,0%@1344,85%@1344] GR3D_FREQ 98% cpu@64.406C soc2@63.187C soc0@63.812C gpu@65.718C tj@65.718C soc1@62.875C VDD_IN 17929mW/17656mW VDD_CPU_GPU_CV 8081mW/8387mW VDD_SOC 4308mW/4050mW
08-11-2026 16:02:21 RAM 7241/7607MB (lfb 1x1MB) SWAP 1563/16384MB (cached 201MB) CPU [5%@729,3%@729,10%@729,7%@729,2%@1344,83%@1344] GR3D_FREQ 99% cpu@64.656C soc2@63.25C soc0@63.812C gpu@65.218C tj@65.218C soc1@62.875C VDD_IN 17536mW/17656mW VDD_CPU_GPU_CV 7729mW/8386mW VDD_SOC 4308mW/4050mW
08-11-2026 16:02:22 RAM 7245/7607MB (lfb 1x1MB) SWAP 1563/16384MB (cached 201MB) CPU [12%@729,5%@729,24%@729,66%@729,0%@1344,83%@1344] GR3D_FREQ 99% cpu@64.281C soc2@63.281C soc0@63.906C gpu@65.625C tj@65.625C soc1@63.062C VDD_IN 17811mW/17657mW VDD_CPU_GPU_CV 8588mW/8386mW VDD_SOC 4034mW/4050mW
08-11-2026 16:02:23 RAM 7231/7607MB (lfb 1x1MB) SWAP 1574/16384MB (cached 201MB) CPU [16%@729,9%@729,4%@729,6%@729,1%@729,88%@729] GR3D_FREQ 99% cpu@64.281C soc2@63.093C soc0@63.968C gpu@65.656C tj@65.656C soc1@62.937C VDD_IN 17693mW/17657mW VDD_CPU_GPU_CV 8510mW/8387mW VDD_SOC 4034mW/4050mW
08-11-2026 16:02:24 RAM 7233/7607MB (lfb 2x2MB) SWAP 1574/16384MB (cached 201MB) CPU [3%@729,5%@729,2%@729,6%@729,3%@806,91%@806] GR3D_FREQ 99% cpu@64.062C soc2@63.187C soc0@64C gpu@65.406C tj@65.406C soc1@62.875C VDD_IN 17693mW/17657mW VDD_CPU_GPU_CV 8471mW/8387mW VDD_SOC 3995mW/4050mW
08-11-2026 16:02:25 RAM 7233/7607MB (lfb 2x2MB) SWAP 1574/16384MB (cached 201MB) CPU [4%@729,0%@729,2%@729,6%@729,0%@1344,91%@1344] GR3D_FREQ 98% cpu@64.093C soc2@63.187C soc0@64.031C gpu@65.625C tj@65.625C soc1@62.937C VDD_IN 17811mW/17657mW VDD_CPU_GPU_CV 8823mW/8387mW VDD_SOC 3955mW/4050mW
08-11-2026 16:02:26 RAM 7239/7607MB (lfb 1x2MB) SWAP 1574/16384MB (cached 201MB) CPU [6%@729,3%@729,20%@729,11%@729,0%@1344,85%@1344] GR3D_FREQ 98% cpu@64.375C soc2@63.156C soc0@63.875C gpu@65.656C tj@65.656C soc1@62.906C VDD_IN 17889mW/17657mW VDD_CPU_GPU_CV 8769mW/8388mW VDD_SOC 3955mW/4050mW
08-11-2026 16:02:27 RAM 7241/7607MB (lfb 1x2MB) SWAP 1574/16384MB (cached 201MB) CPU [5%@1344,5%@1344,4%@1267,6%@1267,0%@1344,86%@1344] GR3D_FREQ 97% cpu@64.375C soc2@63.281C soc0@64C gpu@65.593C tj@65.906C soc1@62.968C VDD_IN 17889mW/17657mW VDD_CPU_GPU_CV 8744mW/8388mW VDD_SOC 3995mW/4050mW
08-11-2026 16:02:28 RAM 7236/7607MB (lfb 1x1MB) SWAP 1573/16384MB (cached 201MB) CPU [7%@729,13%@729,18%@729,67%@729,1%@1344,84%@1344] GR3D_FREQ 98% cpu@64.437C soc2@63.343C soc0@64C gpu@65.937C tj@65.937C soc1@63C VDD_IN 18360mW/17658mW VDD_CPU_GPU_CV 9120mW/8389mW VDD_SOC 3988mW/4050mW
08-11-2026 16:02:29 RAM 7228/7607MB (lfb 1x1MB) SWAP 1574/16384MB (cached 201MB) CPU [3%@729,5%@729,1%@729,6%@729,4%@1344,86%@1344] GR3D_FREQ 98% cpu@64.125C soc2@63.218C soc0@63.812C gpu@65.875C tj@65.875C soc1@62.875C VDD_IN 17929mW/17658mW VDD_CPU_GPU_CV 8705mW/8389mW VDD_SOC 4034mW/4050mW
08-11-2026 16:02:30 RAM 7233/7607MB (lfb 1x1MB) SWAP 1574/16384MB (cached 201MB) CPU [2%@729,2%@729,2%@729,4%@729,1%@1344,86%@1344] GR3D_FREQ 98% cpu@64.156C soc2@63.218C soc0@63.875C gpu@66.031C tj@66.031C soc1@62.906C VDD_IN 17889mW/17659mW VDD_CPU_GPU_CV 8666mW/8390mW VDD_SOC 4034mW/4050mW
08-11-2026 16:02:31 RAM 7237/7607MB (lfb 1x1MB) SWAP 1574/16384MB (cached 201MB) CPU [8%@729,5%@729,18%@729,7%@729,0%@1344,86%@1344] GR3D_FREQ 98% cpu@64.281C soc2@63.187C soc0@63.937C gpu@65.687C tj@65.687C soc1@62.937C VDD_IN 17889mW/17659mW VDD_CPU_GPU_CV 8588mW/8390mW VDD_SOC 4073mW/4050mW
08-11-2026 16:02:32 RAM 7238/7607MB (lfb 1x1MB) SWAP 1574/16384MB (cached 201MB) CPU [4%@729,2%@729,2%@729,2%@729,0%@1344,84%@1344] GR3D_FREQ 98% cpu@64.031C soc2@63.25C soc0@64.031C gpu@65.687C tj@65.687C soc1@63C VDD_IN 17732mW/17659mW VDD_CPU_GPU_CV 8354mW/8390mW VDD_SOC 4112mW/4050mW
08-11-2026 16:02:33 RAM 7240/7607MB (lfb 1x1MB) SWAP 1574/16384MB (cached 201MB) CPU [7%@729,6%@729,4%@729,2%@729,0%@1344,85%@1344] GR3D_FREQ 98% cpu@64.125C soc2@63.343C soc0@63.968C gpu@65.718C tj@65.718C soc1@62.906C VDD_IN 17889mW/17659mW VDD_CPU_GPU_CV 8393mW/8390mW VDD_SOC 4151mW/4050mW
08-11-2026 16:02:34 RAM 7241/7607MB (lfb 1x1MB) SWAP 1574/16384MB (cached 201MB) CPU [79%@729,6%@729,7%@729,6%@729,4%@1344,83%@1344] GR3D_FREQ 97% cpu@64.406C soc2@63.343C soc0@64.062C gpu@65.656C tj@65.656C soc1@62.937C VDD_IN 18164mW/17660mW VDD_CPU_GPU_CV 8496mW/8390mW VDD_SOC 4230mW/4050mW
08-11-2026 16:02:35 RAM 7242/7607MB (lfb 1x1MB) SWAP 1574/16384MB (cached 201MB) CPU [3%@729,3%@729,0%@729,6%@729,26%@1344,61%@1344] GR3D_FREQ 98% cpu@64.125C soc2@63.25C soc0@63.875C gpu@65.718C tj@65.718C soc1@62.968C VDD_IN 17850mW/17660mW VDD_CPU_GPU_CV 8159mW/8390mW VDD_SOC 4230mW/4051mW
08-11-2026 16:02:36 RAM 7243/7607MB (lfb 1x1MB) SWAP 1574/16384MB (cached 201MB) CPU [10%@729,4%@729,16%@729,3%@729,84%@1344,0%@1344] GR3D_FREQ 99% cpu@64.406C soc2@63.25C soc0@63.937C gpu@65.312C tj@65.312C soc1@62.968C VDD_IN 17811mW/17660mW VDD_CPU_GPU_CV 7847mW/8389mW VDD_SOC 4347mW/4051mW
08-11-2026 16:02:37 RAM 7244/7607MB (lfb 1x1MB) SWAP 1574/16384MB (cached 201MB) CPU [3%@729,1%@729,2%@729,5%@729,82%@1344,0%@1344] GR3D_FREQ 99% cpu@64.031C soc2@63.281C soc0@64.031C gpu@65.437C tj@65.437C soc1@63.031C VDD_IN 17732mW/17660mW VDD_CPU_GPU_CV 8276mW/8389mW VDD_SOC 4190mW/4051mW
08-11-2026 16:02:38 RAM 7237/7607MB (lfb 1x1MB) SWAP 1577/16384MB (cached 199MB) CPU [5%@1113,9%@1113,13%@1113,10%@1113,86%@1344,0%@1344] GR3D_FREQ 99% cpu@64.406C soc2@63.343C soc0@64.062C gpu@65.687C tj@65.687C soc1@62.843C VDD_IN 18125mW/17661mW VDD_CPU_GPU_CV 8705mW/8389mW VDD_SOC 4151mW/4051mW
08-11-2026 16:02:39 RAM 7236/7607MB (lfb 1x1MB) SWAP 1577/16384MB (cached 199MB) CPU [11%@1344,3%@1344,46%@1344,6%@1344,90%@729,0%@729] GR3D_FREQ 99% cpu@64.406C soc2@63.375C soc0@64.125C gpu@65.593C tj@65.593C soc1@62.875C VDD_IN 18007mW/17661mW VDD_CPU_GPU_CV 8823mW/8390mW VDD_SOC 4034mW/4051mW
08-11-2026 16:02:40 RAM 7239/7607MB (lfb 1x1MB) SWAP 1577/16384MB (cached 199MB) CPU [71%@1344,7%@1344,28%@1344,8%@1344,92%@1344,0%@1344] GR3D_FREQ 99% cpu@64.343C soc2@63.406C soc0@63.937C gpu@65.718C tj@65.718C soc1@63.062C VDD_IN 18439mW/17662mW VDD_CPU_GPU_CV 9198mW/8391mW VDD_SOC 3988mW/4051mW
08-11-2026 16:02:41 RAM 7229/7607MB (lfb 1x1MB) SWAP 1577/16384MB (cached 199MB) CPU [34%@729,7%@729,24%@729,8%@729,88%@1344,1%@1344] GR3D_FREQ 98% cpu@64.281C soc2@63.343C soc0@63.968C gpu@65.781C tj@65.781C soc1@63.093C VDD_IN 18125mW/17663mW VDD_CPU_GPU_CV 9003mW/8391mW VDD_SOC 3955mW/4051mW
08-11-2026 16:02:42 RAM 7230/7607MB (lfb 1x1MB) SWAP 1577/16384MB (cached 199MB) CPU [3%@729,4%@729,1%@729,2%@729,86%@1344,0%@1344] GR3D_FREQ 99% cpu@64.031C soc2@63.281C soc0@64C gpu@65.906C tj@65.906C soc1@63.093C VDD_IN 17850mW/17663mW VDD_CPU_GPU_CV 8744mW/8392mW VDD_SOC 3995mW/4051mW
08-11-2026 16:02:43 RAM 7231/7607MB (lfb 1x1MB) SWAP 1577/16384MB (cached 199MB) CPU [5%@729,2%@729,3%@729,4%@729,83%@1344,0%@1344] GR3D_FREQ 98% cpu@64.062C soc2@63.343C soc0@64.156C gpu@65.937C tj@65.937C soc1@62.937C VDD_IN 17850mW/17663mW VDD_CPU_GPU_CV 8705mW/8392mW VDD_SOC 3995mW/4051mW
08-11-2026 16:02:44 RAM 7231/7607MB (lfb 1x1MB) SWAP 1577/16384MB (cached 199MB) CPU [2%@729,1%@729,1%@729,1%@729,87%@1344,2%@1344] GR3D_FREQ 98% cpu@64.093C soc2@63.218C soc0@63.937C gpu@65.843C tj@65.843C soc1@62.906C VDD_IN 17850mW/17664mW VDD_CPU_GPU_CV 8666mW/8392mW VDD_SOC 4034mW/4051mW
08-11-2026 16:02:45 RAM 7232/7607MB (lfb 1x1MB) SWAP 1577/16384MB (cached 199MB) CPU [4%@729,1%@729,2%@729,3%@729,86%@1344,0%@1344] GR3D_FREQ 98% cpu@64.093C soc2@63.25C soc0@63.937C gpu@65.906C tj@65.906C soc1@62.968C VDD_IN 17929mW/17664mW VDD_CPU_GPU_CV 8705mW/8393mW VDD_SOC 4034mW/4051mW
08-11-2026 16:02:46 RAM 7237/7607MB (lfb 1x1MB) SWAP 1577/16384MB (cached 199MB) CPU [12%@1344,18%@1344,65%@1344,5%@1344,87%@1344,3%@1344] GR3D_FREQ 98% cpu@64.75C soc2@63.281C soc0@63.937C gpu@65.937C tj@65.937C soc1@63.125C VDD_IN 18439mW/17665mW VDD_CPU_GPU_CV 9042mW/8394mW VDD_SOC 4066mW/4051mW
08-11-2026 16:02:47 RAM 7238/7607MB (lfb 1x1MB) SWAP 1577/16384MB (cached 199MB) CPU [4%@729,21%@729,11%@729,2%@729,86%@1344,0%@1344] GR3D_FREQ 98% cpu@64C soc2@63.312C soc0@64.031C gpu@65.906C tj@65.906C soc1@63.062C VDD_IN 17929mW/17665mW VDD_CPU_GPU_CV 8549mW/8394mW VDD_SOC 4112mW/4051mW
08-11-2026 16:02:48 RAM 7238/7607MB (lfb 1x1MB) SWAP 1577/16384MB (cached 199MB) CPU [3%@1344,2%@1344,1%@1344,43%@1344,43%@729,0%@729] GR3D_FREQ 98% cpu@64.156C soc2@63.437C soc0@64.031C gpu@65.937C tj@65.687C soc1@63C VDD_IN 17693mW/17665mW VDD_CPU_GPU_CV 8276mW/8394mW VDD_SOC 4112mW/4051mW
08-11-2026 16:02:49 RAM 7209/7607MB (lfb 3x1MB) SWAP 1622/16384MB (cached 212MB) CPU [6%@1344,3%@1344,9%@1344,74%@1344,12%@729,0%@729] GR3D_FREQ 95% cpu@63.906C soc2@63.062C soc0@63.937C gpu@64.656C tj@64.656C soc1@62.906C VDD_IN 13662mW/17660mW VDD_CPU_GPU_CV 5943mW/8391mW VDD_SOC 3351mW/4050mW
08-11-2026 16:02:50 RAM 7098/7607MB (lfb 3x4MB) SWAP 1580/16384MB (cached 197MB) CPU [10%@1344,8%@1344,31%@1344,21%@1344,4%@729,20%@729] GR3D_FREQ 0% cpu@63.218C soc2@62.312C soc0@63.468C gpu@63.062C tj@63.468C soc1@62.781C VDD_IN 7364mW/17649mW VDD_CPU_GPU_CV 1947mW/8383mW VDD_SOC 1990mW/4048mW
08-11-2026 16:02:51 RAM 7153/7607MB (lfb 2x4MB) SWAP 1542/16384MB (cached 210MB) CPU [18%@1113,12%@1113,32%@1113,15%@1113,1%@729,0%@729] GR3D_FREQ 0% cpu@62.843C soc2@61.875C soc0@63.25C gpu@62.625C tj@63.25C soc1@62.656C VDD_IN 5821mW/17635mW VDD_CPU_GPU_CV 1074mW/8375mW VDD_SOC 1555mW/4045mW
08-11-2026 16:02:52 RAM 5764/7607MB (lfb 5x4MB) SWAP 1448/16384MB (cached 179MB) CPU [30%@1344,6%@1344,29%@1344,22%@1344,65%@806,4%@806] GR3D_FREQ 0% cpu@62.406C soc2@61.625C soc0@63C gpu@62.343C tj@63C soc1@62.281C VDD_IN 6180mW/17622mW VDD_CPU_GPU_CV 1353mW/8367mW VDD_SOC 1555mW/4042mW
