timestamp,ram_used_mb,ram_total_mb,swap_used_mb,swap_total_mb,cpu_mean_pct,gr3d_pct,power_total_mW,power_total_source,power_sum_rails_mW,VDD_CPU_GPU_CV_avg_mW,VDD_CPU_GPU_CV_mW,VDD_IN_avg_mW,VDD_IN_mW,VDD_SOC_avg_mW,VDD_SOC_mW,cpu0_pct,cpu1_pct,cpu2_pct,cpu3_pct,cpu4_pct,cpu5_pct,temp_cpu_C,temp_gpu_C,temp_soc0_C,temp_soc1_C,temp_soc2_C,temp_tj_C
08-11-2026 21:15:33,2048,7607,1362,16384,1.6666666666666667,19.0,5216,VDD_IN,7341,641,641,5216,5216,1484,1484,3.0,3.0,1.0,3.0,0.0,0.0,59.312,58.968,59.906,59.5,58.406,59.906
08-11-2026 21:15:34,2170,7607,1362,16384,17.166666666666668,6.0,5830,VDD_IN,8463,879,1116,5523,5830,1501,1517,13.0,46.0,20.0,11.0,6.0,7.0,59.25,59.0,59.781,59.375,58.312,59.75
08-11-2026 21:15:35,2397,7607,1362,16384,15.833333333333334,9.0,5870,VDD_IN,8463,931,1036,5639,5870,1519,1557,10.0,43.0,5.0,6.0,30.0,1.0,59.218,58.468,59.593,59.281,58.25,59.593
08-11-2026 21:15:36,3143,7607,1362,16384,54.333333333333336,0.0,6749,VDD_IN,10134,1146,1791,5916,6749,1538,1594,50.0,56.0,50.0,50.0,66.0,54.0,59.312,58.468,59.593,59.218,58.156,59.593
08-11-2026 21:15:37,3752,7607,1362,16384,42.666666666666664,65.0,6629,VDD_IN,9815,1227,1552,6059,6629,1557,1634,42.0,59.0,36.0,39.0,41.0,39.0,59.031,58.468,59.5,58.937,58.156,59.5
08-11-2026 21:15:38,5245,7607,1362,16384,16.666666666666668,97.0,10475,VDD_IN,16849,1728,4232,6795,10475,1655,2142,4.0,91.0,2.0,3.0,0.0,0.0,59.125,59.812,59.281,58.906,58.187,59.812
08-11-2026 21:15:39,5789,7607,1362,16384,19.833333333333332,99.0,14902,VDD_IN,24736,2385,6326,7953,14902,1919,3508,4.0,54.0,4.0,22.0,35.0,0.0,60.0,59.968,59.625,59.031,58.687,60.0
08-11-2026 21:15:40,6310,7607,1362,16384,18.833333333333332,99.0,15730,VDD_IN,26726,2999,7297,8925,15730,2142,3699,2.0,5.0,1.0,9.0,96.0,0.0,60.062,60.937,59.812,59.156,58.875,60.937
08-11-2026 21:15:41,6311,7607,1362,16384,22.5,99.0,17683,VDD_IN,30364,3643,8798,9898,17683,2335,3883,10.0,6.0,18.0,7.0,94.0,0.0,59.968,61.531,60.0,59.312,59.187,61.531
08-11-2026 21:15:42,6311,7607,1362,16384,18.0,97.0,17604,VDD_IN,30192,4149,8705,10669,17604,2490,3883,2.0,2.0,2.0,4.0,98.0,0.0,60.125,61.562,60.031,59.218,59.312,61.562
08-11-2026 21:15:43,6312,7607,1362,16384,17.5,97.0,17565,VDD_IN,30076,4553,8588,11296,17565,2620,3923,3.0,2.0,3.0,5.0,92.0,0.0,60.343,61.687,60.031,59.25,59.343,61.687
08-11-2026 21:15:44,6312,7607,1362,16384,17.333333333333332,97.0,17643,VDD_IN,30232,4896,8666,11825,17643,2729,3923,3.0,2.0,5.0,2.0,92.0,0.0,60.343,61.843,60.125,59.343,59.343,61.843
08-11-2026 21:15:45,6313,7607,1361,16384,17.0,97.0,17604,VDD_IN,30090,5178,8563,12269,17604,2821,3923,3.0,1.0,4.0,2.0,92.0,0.0,60.593,61.843,60.25,59.437,59.562,61.687
08-11-2026 21:15:46,6313,7607,1361,16384,16.666666666666668,97.0,17604,VDD_IN,30090,5417,8524,12650,17604,2902,3962,2.0,3.0,2.0,1.0,92.0,0.0,60.343,61.75,60.312,59.531,59.437,61.75
08-11-2026 21:15:47,6319,7607,1361,16384,21.666666666666668,97.0,17643,VDD_IN,30090,5619,8446,12983,17643,2976,4001,6.0,19.0,5.0,8.0,92.0,0.0,60.5,61.781,60.343,59.468,59.562,61.781
08-11-2026 21:15:48,6318,7607,1361,16384,17.666666666666668,97.0,17604,VDD_IN,30012,5791,8368,13272,17604,3042,4040,3.0,2.0,6.0,2.0,93.0,0.0,60.687,61.875,60.437,59.531,59.687,61.875
08-11-2026 21:15:49,6318,7607,1361,16384,17.333333333333332,98.0,17526,VDD_IN,29817,5933,8211,13522,17526,3103,4080,43.0,2.0,3.0,5.0,50.0,1.0,60.687,61.875,60.468,59.5,59.812,61.875
08-11-2026 21:15:50,6318,7607,1361,16384,16.833333333333332,97.0,17486,VDD_IN,29699,6053,8094,13742,17486,3160,4119,92.0,1.0,2.0,5.0,0.0,1.0,60.875,61.937,60.5,59.75,59.812,61.937
08-11-2026 21:15:51,6318,7607,1361,16384,16.833333333333332,97.0,17486,VDD_IN,29543,6150,7899,13939,17486,3212,4158,93.0,2.0,2.0,4.0,0.0,0.0,60.656,61.906,60.562,59.781,59.968,61.906
08-11-2026 21:15:52,6319,7607,1361,16384,19.833333333333332,99.0,17526,VDD_IN,29544,6232,7781,14119,17526,3263,4237,92.0,4.0,11.0,8.0,3.0,1.0,60.906,61.437,60.718,59.625,60.093,61.437
08-11-2026 21:15:53,6320,7607,1361,16384,17.333333333333332,99.0,17329,VDD_IN,29580,6328,8250,14272,17329,3298,4001,10.0,2.0,3.0,5.0,84.0,0.0,61.0,62.156,60.718,59.781,59.906,62.156
08-11-2026 21:15:54,6321,7607,1361,16384,16.5,99.0,17447,VDD_IN,29816,6422,8407,14416,17447,3329,3962,1.0,1.0,2.0,4.0,91.0,0.0,60.781,62.25,60.656,59.781,59.937,62.25
08-11-2026 21:15:55,6321,7607,1361,16384,17.166666666666668,99.0,17850,VDD_IN,30634,6523,8744,14565,17850,3360,4040,5.0,1.0,2.0,2.0,93.0,0.0,61.187,62.531,60.687,59.781,60.0,62.531
08-11-2026 21:15:56,6321,7607,1361,16384,18.0,97.0,17722,VDD_IN,30389,6617,8784,14697,17722,3381,3883,2.0,2.0,1.0,4.0,99.0,0.0,60.937,62.625,60.843,59.906,60.125,62.625
08-11-2026 21:15:57,6322,7607,1361,16384,17.166666666666668,97.0,17683,VDD_IN,30311,6701,8705,14816,17683,3403,3923,2.0,2.0,1.0,5.0,93.0,0.0,60.937,62.187,60.781,59.812,60.093,62.187
08-11-2026 21:15:58,6326,7607,1361,16384,21.833333333333332,97.0,17722,VDD_IN,30350,6778,8705,14928,17722,3423,3923,6.0,8.0,17.0,8.0,92.0,0.0,61.125,62.406,60.812,59.875,60.093,62.406
08-11-2026 21:15:59,6326,7607,1361,16384,17.0,98.0,17683,VDD_IN,30272,6847,8627,15030,17683,3443,3962,2.0,3.0,2.0,1.0,92.0,2.0,61.375,62.468,60.843,59.968,60.125,62.468
08-11-2026 21:16:00,6327,7607,1361,16384,18.0,97.0,17683,VDD_IN,30194,6907,8549,15125,17683,3462,3962,2.0,2.0,6.0,1.0,93.0,4.0,61.218,62.437,60.906,60.093,60.218,62.437
08-11-2026 21:16:01,6327,7607,1361,16384,17.0,98.0,17643,VDD_IN,30154,6963,8510,15212,17643,3480,4001,2.0,1.0,3.0,4.0,92.0,0.0,61.0,62.531,60.968,59.937,60.25,62.531
08-11-2026 21:16:02,6328,7607,1361,16384,16.666666666666668,97.0,17604,VDD_IN,29973,7008,8329,15291,17604,3499,4040,1.0,2.0,1.0,1.0,92.0,3.0,61.125,62.531,61.031,60.0,60.218,62.531
08-11-2026 21:16:03,6328,7607,1361,16384,21.0,97.0,17772,VDD_IN,30323,7055,8471,15371,17772,3518,4080,6.0,9.0,13.0,7.0,91.0,0.0,61.406,62.468,60.968,60.031,60.312,62.468
08-11-2026 21:16:04,6328,7607,1361,16384,17.166666666666668,98.0,17565,VDD_IN,29778,7088,8094,15440,17565,3536,4119,2.0,3.0,5.0,1.0,92.0,0.0,61.687,62.375,61.062,60.187,60.25,62.375
08-11-2026 21:16:05,6329,7607,1361,16384,17.0,97.0,17526,VDD_IN,29700,7116,8016,15503,17526,3555,4158,3.0,2.0,2.0,1.0,92.0,2.0,61.406,62.468,61.125,60.375,60.343,62.468
08-11-2026 21:16:06,6329,7607,1361,16384,17.333333333333332,99.0,17408,VDD_IN,29387,7134,7742,15559,17408,3575,4237,3.0,2.0,5.0,2.0,92.0,0.0,61.468,62.156,61.312,60.125,60.406,62.156
08-11-2026 21:16:07,6329,7607,1361,16384,16.666666666666668,99.0,17368,VDD_IN,29581,7163,8133,15611,17368,3590,4080,2.0,2.0,4.0,1.0,91.0,0.0,61.5,62.187,61.25,60.156,60.5,62.375
08-11-2026 21:16:08,6329,7607,1361,16384,17.0,99.0,17368,VDD_IN,29776,7200,8485,15660,17368,3599,3923,2.0,1.0,5.0,2.0,92.0,0.0,61.375,62.812,61.187,60.375,60.437,62.812
08-11-2026 21:16:09,6323,7607,1361,16384,22.5,99.0,17889,VDD_IN,30634,7240,8705,15720,17889,3611,4040,6.0,12.0,7.0,18.0,92.0,0.0,61.75,62.968,61.312,60.375,60.656,62.968
08-11-2026 21:16:10,6323,7607,1361,16384,18.166666666666668,97.0,17643,VDD_IN,30270,7280,8744,15771,17643,3618,3883,4.0,2.0,2.0,3.0,98.0,0.0,61.25,62.875,61.281,60.437,60.625,62.875
08-11-2026 21:16:11,6324,7607,1361,16384,18.0,97.0,17722,VDD_IN,30389,7317,8744,15821,17722,3626,3923,8.0,2.0,2.0,1.0,95.0,0.0,61.437,63.062,61.375,60.281,60.656,63.062
08-11-2026 21:16:12,6324,7607,1361,16384,17.166666666666668,97.0,17604,VDD_IN,30193,7351,8666,15865,17604,3633,3923,7.0,1.0,2.0,1.0,92.0,0.0,61.437,62.906,61.281,60.375,60.656,62.781
08-11-2026 21:16:13,6325,7607,1361,16384,17.166666666666668,98.0,17643,VDD_IN,30232,7382,8627,15909,17643,3641,3962,5.0,2.0,3.0,1.0,92.0,0.0,61.562,62.906,61.281,60.437,60.625,62.906
08-11-2026 21:16:14,6324,7607,1361,16384,21.666666666666668,97.0,17840,VDD_IN,30546,7414,8705,15955,17840,3650,4001,4.0,8.0,9.0,17.0,92.0,0.0,61.875,62.843,61.375,60.468,60.656,62.843
08-11-2026 21:16:15,6324,7607,1361,16384,17.166666666666668,98.0,17683,VDD_IN,30194,7439,8510,15995,17683,3658,4001,2.0,1.0,5.0,2.0,93.0,0.0,61.468,62.843,61.437,60.375,60.687,62.843
08-11-2026 21:16:16,6325,7607,1361,16384,17.166666666666668,98.0,17565,VDD_IN,29998,7461,8393,16030,17565,3667,4040,3.0,2.0,4.0,2.0,92.0,0.0,61.625,62.843,61.562,60.406,60.687,62.843
08-11-2026 21:16:17,6325,7607,1361,16384,17.0,97.0,17604,VDD_IN,29999,7480,8315,16065,17604,3676,4080,3.0,1.0,4.0,2.0,92.0,0.0,61.843,62.968,61.343,60.468,60.687,63.25
08-11-2026 21:16:18,6326,7607,1361,16384,17.0,99.0,17526,VDD_IN,29778,7494,8133,16097,17526,3685,4119,3.0,1.0,4.0,2.0,92.0,0.0,61.718,63.187,61.562,60.531,60.687,63.187
08-11-2026 21:16:19,6326,7607,1361,16384,17.333333333333332,97.0,17565,VDD_IN,29739,7505,8016,16128,17565,3696,4158,3.0,3.0,3.0,3.0,92.0,0.0,62.031,63.25,61.468,60.593,60.843,63.25
08-11-2026 21:16:20,6329,7607,1361,16384,21.5,98.0,17604,VDD_IN,29661,7512,7820,16159,17604,3707,4237,12.0,2.0,5.0,19.0,91.0,0.0,61.875,63.031,61.562,60.5,60.75,63.031
08-11-2026 21:16:21,6329,7607,1361,16384,16.833333333333332,99.0,17408,VDD_IN,29582,7523,8055,16185,17408,3715,4119,2.0,0.0,2.0,5.0,92.0,0.0,62.0,62.937,61.75,60.562,60.875,62.937
08-11-2026 21:16:22,6330,7607,1361,16384,17.666666666666668,99.0,17526,VDD_IN,29973,7542,8485,16211,17526,3720,3962,3.0,1.0,4.0,1.0,92.0,5.0,61.843,62.968,61.468,60.562,60.875,62.968
08-11-2026 21:16:23,6330,7607,1361,16384,17.166666666666668,99.0,17722,VDD_IN,30311,7563,8588,16241,17722,3726,4001,3.0,2.0,2.0,4.0,92.0,0.0,61.718,63.312,61.656,60.562,61.031,63.312
08-11-2026 21:16:24,6330,7607,1361,16384,17.666666666666668,97.0,17604,VDD_IN,30115,7582,8588,16267,17604,3729,3923,3.0,2.0,0.0,5.0,96.0,0.0,62.156,63.125,61.625,60.781,61.0,63.125
08-11-2026 21:16:25,6333,7607,1361,16384,22.0,97.0,17968,VDD_IN,30824,7608,8940,16299,17968,3733,3916,8.0,6.0,4.0,18.0,96.0,0.0,61.812,63.281,61.75,60.593,61.093,63.281
08-11-2026 21:16:26,6333,7607,1361,16384,17.0,99.0,17761,VDD_IN,30467,7629,8744,16326,17761,3737,3962,4.0,2.0,1.0,3.0,92.0,0.0,61.843,63.375,61.75,60.718,60.875,63.375
08-11-2026 21:16:27,6334,7607,1361,16384,16.666666666666668,97.0,17732,VDD_IN,30399,7649,8705,16352,17732,3741,3962,3.0,1.0,1.0,3.0,92.0,0.0,62.093,63.468,61.75,60.781,60.968,63.468
08-11-2026 21:16:28,6333,7607,1361,16384,17.333333333333332,98.0,17722,VDD_IN,30272,7665,8588,16376,17722,3745,3962,4.0,3.0,2.0,1.0,92.0,2.0,61.812,63.406,61.781,60.781,61.062,63.187
08-11-2026 21:16:29,6333,7607,1361,16384,17.166666666666668,97.0,17722,VDD_IN,30311,7681,8588,16400,17722,3750,4001,2.0,4.0,1.0,4.0,92.0,0.0,62.25,63.156,61.812,60.937,61.062,63.156
08-11-2026 21:16:30,6334,7607,1361,16384,16.833333333333332,97.0,17722,VDD_IN,30272,7696,8510,16423,17722,3755,4040,2.0,2.0,2.0,3.0,92.0,0.0,61.875,63.281,61.843,60.812,61.125,63.281
08-11-2026 21:16:31,6335,7607,1361,16384,22.0,97.0,17772,VDD_IN,30322,7710,8510,16446,17772,3760,4040,12.0,9.0,17.0,2.0,92.0,0.0,61.968,63.343,61.781,60.875,61.031,63.343
08-11-2026 21:16:32,6336,7607,1361,16384,17.0,97.0,17683,VDD_IN,30039,7719,8276,16466,17683,3765,4080,4.0,1.0,3.0,2.0,92.0,0.0,62.218,63.312,61.843,60.875,61.062,63.312
08-11-2026 21:16:33,6336,7607,1361,16384,17.0,97.0,17604,VDD_IN,29856,7726,8133,16485,17604,3771,4119,5.0,1.0,1.0,1.0,91.0,3.0,62.0,63.218,61.781,60.968,61.125,63.218
08-11-2026 21:16:34,6337,7607,1361,16384,16.666666666666668,97.0,17565,VDD_IN,29739,7730,7977,16502,17565,3778,4197,4.0,1.0,1.0,1.0,91.0,2.0,62.375,63.562,61.906,60.968,61.125,63.562
08-11-2026 21:16:35,6337,7607,1361,16384,17.0,99.0,17486,VDD_IN,29426,7729,7703,16518,17486,3785,4237,4.0,2.0,1.0,2.0,93.0,0.0,62.343,63.187,62.0,60.937,61.218,63.187
08-11-2026 21:16:36,6338,7607,1361,16384,21.833333333333332,99.0,17722,VDD_IN,30234,7740,8432,16537,17722,3790,4080,6.0,7.0,18.0,7.0,92.0,1.0,62.406,63.281,61.843,60.906,61.218,63.281
08-11-2026 21:16:37,6339,7607,1361,16384,17.666666666666668,99.0,17486,VDD_IN,29933,7752,8524,16551,17486,3792,3923,3.0,5.0,2.0,4.0,92.0,0.0,62.218,63.687,61.906,61.031,61.218,63.687
08-11-2026 21:16:38,6340,7607,1361,16384,17.5,99.0,17889,VDD_IN,30673,7767,8744,16572,17889,3795,4040,3.0,5.0,4.0,1.0,92.0,0.0,62.031,63.875,61.937,61.062,61.312,63.875
08-11-2026 21:16:39,6340,7607,1361,16384,18.0,96.0,17761,VDD_IN,30389,7781,8705,16589,17761,3797,3923,32.0,3.0,5.0,1.0,67.0,0.0,62.031,63.5,62.031,60.968,61.406,63.5
08-11-2026 21:16:40,6340,7607,1361,16384,17.0,97.0,17801,VDD_IN,30508,7796,8784,16607,17801,3799,3923,95.0,2.0,3.0,1.0,0.0,1.0,62.093,63.718,62.156,61.0,61.562,63.718
08-11-2026 21:16:41,6340,7607,1361,16384,16.833333333333332,98.0,17732,VDD_IN,30399,7809,8705,16624,17732,3801,3962,93.0,1.0,1.0,1.0,1.0,4.0,62.25,63.593,62.0,61.031,61.406,63.593
08-11-2026 21:16:42,6342,7607,1361,16384,21.833333333333332,97.0,17811,VDD_IN,30557,7823,8784,16641,17811,3804,3962,37.0,11.0,6.0,11.0,65.0,1.0,62.343,63.625,61.968,61.062,61.218,63.625
08-11-2026 21:16:43,6343,7607,1361,16384,17.666666666666668,99.0,17654,VDD_IN,30243,7834,8588,16655,17654,3807,4001,7.0,2.0,3.0,2.0,92.0,0.0,62.093,63.593,62.093,61.156,61.343,63.593
08-11-2026 21:16:44,6344,7607,1361,16384,18.5,97.0,17772,VDD_IN,30361,7845,8588,16670,17772,3809,4001,2.0,5.0,6.0,6.0,92.0,0.0,62.093,63.937,62.093,61.0,61.375,63.937
08-11-2026 21:16:45,6345,7607,1361,16384,17.5,97.0,17683,VDD_IN,30155,7853,8432,16684,17683,3812,4040,6.0,1.0,1.0,5.0,92.0,0.0,62.312,64.031,62.156,61.093,61.25,64.031
08-11-2026 21:16:46,6345,7607,1361,16384,17.166666666666668,97.0,17683,VDD_IN,30117,7859,8354,16698,17683,3816,4080,2.0,2.0,2.0,4.0,92.0,1.0,62.25,64.0,62.0,61.031,61.406,64.0
08-11-2026 21:16:47,6346,7607,1361,16384,20.0,98.0,17811,VDD_IN,30323,7866,8393,16713,17811,3820,4119,4.0,34.0,16.0,6.0,60.0,0.0,62.781,63.531,62.031,61.156,61.406,63.531
08-11-2026 21:16:48,6346,7607,1361,16384,17.5,97.0,17722,VDD_IN,30039,7870,8159,16726,17722,3824,4158,3.0,4.0,3.0,4.0,91.0,0.0,62.156,63.531,62.187,61.187,61.375,63.531
08-11-2026 21:16:49,6347,7607,1361,16384,17.666666666666668,97.0,17565,VDD_IN,29700,7871,7938,16737,17565,3829,4197,6.0,0.0,3.0,4.0,93.0,0.0,62.25,63.593,62.218,61.093,61.406,63.593
08-11-2026 21:16:50,6347,7607,1361,16384,17.166666666666668,99.0,17526,VDD_IN,29544,7870,7781,16747,17526,3835,4237,4.0,1.0,1.0,6.0,91.0,0.0,62.625,63.125,62.093,61.156,61.375,63.125
08-11-2026 21:16:51,6347,7607,1361,16384,17.0,99.0,17486,VDD_IN,29894,7876,8368,16756,17486,3837,4040,4.0,3.0,1.0,2.0,92.0,0.0,62.656,63.625,62.125,61.187,61.312,63.625
08-11-2026 21:16:52,6347,7607,1361,16384,17.333333333333332,99.0,17565,VDD_IN,30037,7884,8510,16766,17565,3839,3962,3.0,5.0,2.0,1.0,93.0,0.0,62.375,63.843,62.125,61.218,61.437,63.843
08-11-2026 21:16:53,6347,7607,1361,16384,22.0,99.0,18085,VDD_IN,30981,7896,8862,16783,18085,3841,4034,9.0,15.0,6.0,10.0,92.0,0.0,62.375,63.875,62.187,61.25,61.5,63.875
08-11-2026 21:16:54,6347,7607,1361,16384,18.666666666666668,97.0,17811,VDD_IN,30557,7908,8823,16795,17811,3842,3923,2.0,3.0,3.0,6.0,98.0,0.0,62.281,63.625,62.25,61.187,61.468,63.625
08-11-2026 21:16:55,6348,7607,1361,16384,17.333333333333332,97.0,17772,VDD_IN,30518,7919,8823,16807,17772,3843,3923,2.0,5.0,2.0,1.0,94.0,0.0,62.312,63.75,62.125,61.093,61.531,63.75
08-11-2026 21:16:56,6348,7607,1361,16384,17.0,97.0,17722,VDD_IN,30389,7928,8705,16818,17722,3845,3962,2.0,3.0,4.0,1.0,5.0,87.0,62.718,63.593,62.156,61.25,61.531,63.593
08-11-2026 21:16:57,6348,7607,1361,16384,16.833333333333332,98.0,17801,VDD_IN,30468,7937,8705,16829,17801,3846,3962,2.0,1.0,4.0,2.0,0.0,92.0,62.406,63.812,62.25,61.343,61.593,63.812
08-11-2026 21:16:58,6350,7607,1361,16384,20.0,97.0,17850,VDD_IN,30595,7947,8744,16841,17850,3848,4001,6.0,16.0,2.0,4.0,0.0,92.0,62.343,63.687,62.25,61.218,61.531,63.937
08-11-2026 21:16:59,6351,7607,1361,16384,18.333333333333332,97.0,17801,VDD_IN,30351,7953,8549,16852,17801,3849,4001,8.0,3.0,0.0,7.0,0.0,92.0,62.406,63.968,62.25,61.218,61.531,63.968
08-11-2026 21:17:00,6351,7607,1361,16384,16.666666666666668,99.0,17693,VDD_IN,30165,7959,8432,16862,17693,3852,4040,3.0,1.0,1.0,3.0,0.0,92.0,62.562,64.0,62.125,61.281,61.468,64.0
08-11-2026 21:17:01,6351,7607,1361,16384,17.166666666666668,98.0,17761,VDD_IN,30234,7964,8393,16872,17761,3854,4080,4.0,3.0,2.0,3.0,0.0,91.0,62.75,64.0,62.218,61.281,61.562,64.0
08-11-2026 21:17:02,6351,7607,1361,16384,17.666666666666668,98.0,17643,VDD_IN,29960,7966,8198,16880,17643,3857,4119,5.0,3.0,3.0,3.0,0.0,92.0,62.468,63.968,62.281,61.406,61.5,63.968
08-11-2026 21:17:03,6350,7607,1361,16384,17.666666666666668,97.0,17643,VDD_IN,29882,7968,8081,16889,17643,3860,4158,4.0,5.0,1.0,4.0,0.0,92.0,62.437,64.031,62.281,61.25,61.593,64.031
08-11-2026 21:17:04,6352,7607,1361,16384,22.5,98.0,17722,VDD_IN,29936,7968,7977,16898,17722,3865,4237,9.0,16.0,8.0,10.0,0.0,92.0,62.625,63.75,62.375,61.375,61.625,63.75
08-11-2026 21:17:05,6353,7607,1361,16384,17.166666666666668,99.0,17486,VDD_IN,29621,7967,7938,16904,17486,3868,4197,4.0,2.0,2.0,3.0,0.0,92.0,62.906,63.25,62.375,61.375,61.593,63.25
08-11-2026 21:17:06,6353,7607,1361,16384,17.0,99.0,17565,VDD_IN,30012,7973,8446,16911,17565,3870,4001,1.0,3.0,1.0,5.0,0.0,92.0,62.937,63.812,62.281,61.468,61.625,63.812
08-11-2026 21:17:07,6355,7607,1361,16384,17.833333333333332,99.0,17604,VDD_IN,30154,7979,8549,16919,17604,3871,4001,5.0,7.0,2.0,1.0,0.0,92.0,62.468,63.875,62.281,61.343,61.593,63.875
08-11-2026 21:17:08,6354,7607,1361,16384,17.333333333333332,99.0,17889,VDD_IN,30706,7988,8862,16929,17889,3872,3955,2.0,3.0,2.0,3.0,0.0,94.0,62.468,64.343,62.5,61.312,61.687,64.343
08-11-2026 21:17:09,6355,7607,1361,16384,21.833333333333332,97.0,17968,VDD_IN,30863,7998,8979,16939,17968,3872,3916,5.0,13.0,9.0,6.0,0.0,98.0,62.687,64.25,62.125,61.343,61.656,64.25
08-11-2026 21:17:10,6356,7607,1361,16384,18.5,98.0,17801,VDD_IN,30507,8006,8744,16948,17801,3873,3962,2.0,5.0,5.0,4.0,2.0,93.0,62.593,64.218,62.437,61.343,61.687,64.218
08-11-2026 21:17:11,6356,7607,1361,16384,17.666666666666668,97.0,17840,VDD_IN,30546,8013,8744,16957,17840,3874,3962,6.0,1.0,3.0,4.0,0.0,92.0,62.781,63.843,62.437,61.5,61.687,63.843
08-11-2026 21:17:12,6357,7607,1361,16384,16.833333333333332,97.0,17801,VDD_IN,30422,8020,8666,16966,17801,3875,3955,2.0,3.0,2.0,2.0,0.0,92.0,62.531,63.843,62.406,61.312,61.562,63.968
08-11-2026 21:17:13,6357,7607,1361,16384,17.0,97.0,17772,VDD_IN,30400,8026,8627,16974,17772,3876,4001,2.0,2.0,2.0,4.0,0.0,92.0,62.531,63.968,62.468,61.312,61.593,63.968
08-11-2026 21:17:14,6358,7607,1361,16384,17.0,97.0,17761,VDD_IN,30311,8030,8510,16981,17761,3878,4040,1.0,1.0,2.0,1.0,4.0,93.0,62.687,64.0,62.312,61.406,61.593,64.0
08-11-2026 21:17:15,6359,7607,1361,16384,21.5,97.0,17722,VDD_IN,30234,8034,8432,16988,17722,3880,4080,13.0,2.0,10.0,6.0,7.0,91.0,62.593,63.968,62.312,61.437,61.656,63.968
08-11-2026 21:17:16,6359,7607,1361,16384,16.666666666666668,98.0,17722,VDD_IN,30117,8037,8315,16996,17722,3882,4080,2.0,4.0,0.0,2.0,0.0,92.0,62.843,64.031,62.531,61.406,61.687,64.031
08-11-2026 21:17:17,6360,7607,1361,16384,17.5,97.0,17643,VDD_IN,29934,8038,8133,17002,17643,3884,4158,4.0,2.0,3.0,4.0,0.0,92.0,62.593,63.937,62.468,61.343,61.718,63.937
08-11-2026 21:17:18,6361,7607,1361,16384,16.5,97.0,17722,VDD_IN,29961,8038,8042,17009,17722,3887,4197,2.0,1.0,1.0,2.0,1.0,92.0,62.656,63.812,62.437,61.406,61.593,63.812
08-11-2026 21:17:19,6361,7607,1361,16384,17.166666666666668,99.0,17604,VDD_IN,29661,8036,7820,17014,17604,3890,4237,3.0,1.0,3.0,1.0,3.0,92.0,63.0,63.656,62.468,61.437,61.656,63.656
08-11-2026 21:17:20,6361,7607,1361,16384,20.833333333333332,99.0,17683,VDD_IN,30078,8038,8276,17020,17683,3893,4119,5.0,7.0,12.0,9.0,0.0,92.0,63.0,63.437,62.437,61.437,61.843,63.437
08-11-2026 21:17:21,6364,7607,1361,16384,18.666666666666668,99.0,17565,VDD_IN,30076,8043,8549,17025,17565,3893,3962,3.0,6.0,7.0,4.0,0.0,92.0,62.812,63.968,62.562,61.562,61.781,63.968
08-11-2026 21:17:22,6364,7607,1361,16384,16.833333333333332,99.0,17772,VDD_IN,30400,8048,8627,17032,17772,3894,4001,2.0,1.0,2.0,1.0,2.0,93.0,62.5,64.125,62.562,61.375,61.812,64.125
08-11-2026 21:17:23,6364,7607,1361,16384,17.0,99.0,17772,VDD_IN,30518,8055,8784,17039,17772,3895,3962,1.0,1.0,1.0,3.0,2.0,94.0,62.5,64.031,62.406,61.468,61.75,64.031
08-11-2026 21:17:24,6364,7607,1361,16384,18.5,97.0,17850,VDD_IN,30628,8062,8862,17046,17850,3895,3916,2.0,1.0,3.0,3.0,4.0,98.0,62.812,64.25,62.406,61.5,61.625,64.25
08-11-2026 21:17:25,6364,7607,1361,16384,17.0,97.0,17772,VDD_IN,30511,8068,8784,17052,17772,3896,3955,2.0,2.0,2.0,2.0,2.0,92.0,62.593,64.25,62.468,61.5,61.781,64.25
08-11-2026 21:17:26,6365,7607,1361,16384,21.5,97.0,17889,VDD_IN,30667,8075,8823,17060,17889,3896,3955,16.0,2.0,11.0,6.0,2.0,92.0,62.843,64.281,62.593,61.593,61.687,64.281
08-11-2026 21:17:27,6365,7607,1361,16384,16.833333333333332,97.0,17772,VDD_IN,30433,8080,8666,17066,17772,3897,3995,1.0,2.0,4.0,1.0,0.0,93.0,62.687,64.312,62.562,61.375,61.812,64.312
08-11-2026 21:17:28,6366,7607,1361,16384,17.0,98.0,17772,VDD_IN,30439,8085,8666,17072,17772,3898,4001,2.0,3.0,3.0,2.0,0.0,92.0,62.625,64.312,62.406,61.468,61.781,64.093
08-11-2026 21:17:29,6366,7607,1361,16384,17.166666666666668,98.0,17732,VDD_IN,30321,8089,8549,17078,17732,3899,4040,3.0,4.0,3.0,2.0,0.0,91.0,62.812,64.062,62.531,61.531,61.75,64.062
08-11-2026 21:17:30,6367,7607,1361,16384,16.833333333333332,97.0,17722,VDD_IN,30155,8092,8393,17083,17722,3900,4040,3.0,1.0,3.0,2.0,0.0,92.0,62.593,64.0,62.593,61.593,61.812,64.0
08-11-2026 21:17:31,6365,7607,1361,16384,20.0,98.0,17850,VDD_IN,30401,8095,8432,17090,17850,3902,4119,13.0,1.0,3.0,9.0,1.0,93.0,62.781,64.125,62.593,61.468,61.968,64.125
08-11-2026 21:17:32,6369,7607,1361,16384,19.0,97.0,17643,VDD_IN,29934,8095,8133,17094,17643,3904,4158,9.0,3.0,5.0,5.0,0.0,92.0,62.875,63.968,62.5,61.5,61.781,63.968
08-11-2026 21:17:33,6369,7607,1361,16384,17.0,97.0,17683,VDD_IN,29935,8095,8055,17099,17683,3907,4197,4.0,1.0,4.0,1.0,0.0,92.0,63.093,64.343,62.531,61.562,61.875,64.343
08-11-2026 21:17:34,6368,7607,1361,16384,18.0,99.0,17604,VDD_IN,29700,8092,7820,17103,17604,3910,4276,3.0,3.0,4.0,6.0,0.0,92.0,62.843,64.187,62.531,61.656,61.968,64.187
08-11-2026 21:17:35,6366,7607,1361,16384,22.833333333333332,99.0,17722,VDD_IN,30156,8094,8315,17108,17722,3911,4119,4.0,19.0,5.0,15.0,1.0,93.0,62.937,64.093,62.593,61.531,61.843,64.093
08-11-2026 21:17:36,6367,7607,1361,16384,17.5,99.0,17565,VDD_IN,30076,8098,8549,17112,17565,3912,3962,3.0,5.0,3.0,2.0,0.0,92.0,62.593,64.281,62.718,61.593,61.875,64.281
08-11-2026 21:17:37,6368,7607,1361,16384,23.666666666666668,99.0,18085,VDD_IN,30981,8104,8823,17120,18085,3913,4073,6.0,21.0,11.0,10.0,2.0,92.0,62.906,64.375,62.593,61.562,62.062,64.375
08-11-2026 21:17:38,6369,7607,1361,16384,18.333333333333332,96.0,17732,VDD_IN,30478,8109,8823,17125,17732,3913,3923,4.0,7.0,0.0,2.0,0.0,97.0,62.937,64.218,62.687,61.625,61.906,64.218
08-11-2026 21:17:39,6370,7607,1361,16384,17.666666666666668,97.0,17850,VDD_IN,30628,8115,8823,17130,17850,3913,3955,3.0,1.0,4.0,3.0,0.0,95.0,62.75,64.281,62.656,61.687,61.875,64.281
08-11-2026 21:17:40,6370,7607,1361,16384,17.0,97.0,17722,VDD_IN,30350,8119,8666,17135,17722,3914,3962,2.0,5.0,1.0,2.0,0.0,92.0,62.843,64.062,62.718,61.562,61.968,64.062
08-11-2026 21:17:41,6371,7607,1361,16384,17.0,98.0,17801,VDD_IN,30429,8123,8666,17140,17801,3914,3962,2.0,2.0,4.0,2.0,0.0,92.0,63.031,64.125,62.656,61.593,61.937,64.125
08-11-2026 21:17:42,6371,7607,1361,16384,19.666666666666668,97.0,17850,VDD_IN,30550,8128,8705,17145,17850,3915,3995,7.0,1.0,13.0,4.0,1.0,92.0,63.062,64.093,62.5,61.625,62.0,64.093
08-11-2026 21:17:43,6373,7607,1361,16384,18.833333333333332,98.0,17811,VDD_IN,30478,8132,8627,17151,17811,3916,4040,2.0,6.0,12.0,1.0,1.0,91.0,63.062,64.187,62.625,61.718,61.937,64.187
08-11-2026 21:17:44,6374,7607,1361,16384,17.5,98.0,17761,VDD_IN,30272,8134,8471,17155,17761,3917,4040,2.0,2.0,4.0,1.0,4.0,92.0,62.812,64.312,62.687,61.625,61.937,64.312
08-11-2026 21:17:45,6374,7607,1361,16384,17.333333333333332,98.0,17693,VDD_IN,30166,8136,8393,17159,17693,3918,4080,5.0,3.0,1.0,2.0,0.0,93.0,62.875,64.312,62.625,61.656,61.875,64.312
08-11-2026 21:17:46,6375,7607,1361,16384,16.666666666666668,98.0,17683,VDD_IN,30000,8137,8198,17163,17683,3919,4119,1.0,6.0,0.0,1.0,0.0,92.0,63.093,64.312,62.718,61.687,61.906,64.312
08-11-2026 21:17:47,6374,7607,1361,16384,17.666666666666668,97.0,17722,VDD_IN,30000,8137,8120,17167,17722,3921,4158,8.0,1.0,1.0,4.0,0.0,92.0,62.812,64.156,62.593,61.718,61.937,64.156
08-11-2026 21:17:48,6377,7607,1361,16384,22.0,97.0,17722,VDD_IN,29923,8135,7964,17171,17722,3924,4237,3.0,17.0,12.0,7.0,1.0,92.0,62.906,64.0,62.656,61.625,62.0,64.0
08-11-2026 21:17:49,6377,7607,1361,16384,17.833333333333332,99.0,17565,VDD_IN,29778,8134,8016,17174,17565,3926,4197,2.0,3.0,6.0,2.0,1.0,93.0,63.25,63.687,62.812,61.656,61.937,63.687
08-11-2026 21:17:50,6378,7607,1361,16384,16.833333333333332,99.0,17565,VDD_IN,29998,8137,8471,17177,17565,3926,3962,2.0,2.0,4.0,1.0,0.0,92.0,62.937,64.25,62.656,61.687,62.031,64.468
08-11-2026 21:17:51,6377,7607,1361,16384,16.833333333333332,99.0,17654,VDD_IN,30243,8140,8588,17181,17654,3926,4001,3.0,1.0,1.0,1.0,3.0,92.0,62.968,64.468,62.687,61.781,62.0,64.468
08-11-2026 21:17:52,6377,7607,1361,16384,17.5,99.0,17772,VDD_IN,30518,8145,8784,17185,17772,3927,3962,2.0,2.0,5.0,1.0,0.0,95.0,62.625,64.5,62.781,61.75,61.937,64.5
08-11-2026 21:17:53,6376,7607,1361,16384,20.0,97.0,18007,VDD_IN,30902,8150,8940,17191,18007,3927,3955,7.0,11.0,3.0,2.0,0.0,97.0,63.0,64.5,62.781,61.687,62.062,64.5
08-11-2026 21:17:54,6378,7607,1361,16384,19.833333333333332,98.0,17811,VDD_IN,30510,8155,8744,17195,17811,3927,3955,3.0,9.0,6.0,9.0,0.0,92.0,62.968,64.562,62.718,61.687,62.093,64.562
08-11-2026 21:17:55,6377,7607,1361,16384,17.333333333333332,97.0,17811,VDD_IN,30557,8159,8784,17199,17811,3927,3962,3.0,2.0,2.0,5.0,0.0,92.0,62.937,64.687,62.687,61.687,62.0,64.687
08-11-2026 21:17:57,6378,7607,1361,16384,18.333333333333332,98.0,17811,VDD_IN,30478,8162,8666,17203,17811,3928,4001,5.0,4.0,4.0,5.0,74.0,18.0,63.031,64.312,62.687,61.75,62.0,64.312
08-11-2026 21:17:58,6378,7607,1361,16384,17.0,97.0,17811,VDD_IN,30439,8166,8627,17208,17811,3928,4001,3.0,1.0,6.0,1.0,91.0,0.0,62.75,64.375,62.781,61.843,62.031,64.375
08-11-2026 21:17:59,6379,7607,1361,16384,17.0,97.0,17772,VDD_IN,30322,8168,8510,17212,17772,3929,4040,6.0,1.0,2.0,0.0,93.0,0.0,62.781,64.312,62.937,61.75,62.062,64.312
08-11-2026 21:18:00,6380,7607,1361,16384,22.0,97.0,17811,VDD_IN,30362,8170,8471,17216,17811,3930,4080,9.0,17.0,11.0,2.0,92.0,1.0,63.031,64.343,62.781,61.75,62.031,64.343
08-11-2026 21:18:01,6381,7607,1361,16384,17.0,98.0,17722,VDD_IN,30117,8171,8276,17219,17722,3931,4119,2.0,2.0,5.0,1.0,92.0,0.0,63.125,64.343,62.781,61.75,62.062,64.343
08-11-2026 21:18:02,6381,7607,1361,16384,17.333333333333332,97.0,17722,VDD_IN,30000,8170,8120,17222,17722,3933,4158,2.0,3.0,3.0,4.0,92.0,0.0,63.0,64.656,62.875,61.875,62.031,64.656
08-11-2026 21:18:03,6382,7607,1361,16384,17.166666666666668,97.0,17683,VDD_IN,29884,8169,7964,17225,17683,3935,4237,3.0,2.0,3.0,3.0,92.0,0.0,62.843,64.593,62.906,61.75,62.093,64.593
08-11-2026 21:18:04,6382,7607,1361,16384,17.0,99.0,17565,VDD_IN,29701,8167,7899,17228,17565,3937,4237,5.0,1.0,2.0,1.0,93.0,0.0,63.093,63.656,62.875,61.718,62.125,63.656
08-11-2026 21:18:05,6383,7607,1361,16384,20.833333333333332,99.0,17722,VDD_IN,30311,8170,8588,17231,17722,3937,4001,11.0,3.0,15.0,4.0,92.0,0.0,63.375,64.125,62.812,61.781,62.093,64.125
08-11-2026 21:18:06,6384,7607,1361,16384,19.0,99.0,17654,VDD_IN,30243,8173,8588,17234,17654,3938,4001,3.0,3.0,10.0,6.0,92.0,0.0,63.125,64.406,62.812,61.781,62.062,64.406
08-11-2026 21:18:07,6384,7607,1361,16384,17.333333333333332,99.0,17889,VDD_IN,30745,8178,8901,17238,17889,3938,3955,3.0,2.0,4.0,1.0,94.0,0.0,62.843,64.687,62.781,61.718,62.062,64.687
08-11-2026 21:18:08,6385,7607,1361,16384,18.0,97.0,17811,VDD_IN,30557,8182,8823,17242,17811,3938,3923,1.0,2.0,1.0,5.0,99.0,0.0,62.937,64.593,62.968,61.718,62.093,64.593
08-11-2026 21:18:09,6385,7607,1361,16384,17.5,97.0,17811,VDD_IN,30557,8186,8784,17245,17811,3938,3962,3.0,2.0,2.0,6.0,92.0,0.0,62.906,64.437,62.812,61.843,62.031,64.437
08-11-2026 21:18:10,6386,7607,1361,16384,16.666666666666668,97.0,17811,VDD_IN,30517,8189,8744,17249,17811,3938,3962,1.0,2.0,2.0,1.0,91.0,3.0,62.906,64.343,62.75,61.812,62.093,64.343
08-11-2026 21:18:11,6386,7607,1361,16384,21.333333333333332,98.0,17889,VDD_IN,30589,8192,8705,17253,17889,3938,3995,17.0,6.0,4.0,7.0,92.0,2.0,63.093,64.312,62.687,61.875,62.062,64.312
08-11-2026 21:18:12,6386,7607,1361,16384,17.333333333333332,97.0,17772,VDD_IN,30400,8195,8627,17256,17772,3939,4001,3.0,2.0,4.0,1.0,92.0,2.0,62.812,64.437,62.906,61.812,62.156,64.437
08-11-2026 21:18:13,6387,7607,1361,16384,16.666666666666668,97.0,17732,VDD_IN,30321,8197,8549,17259,17732,3939,4040,2.0,1.0,2.0,1.0,92.0,2.0,63.0,64.312,62.906,61.781,62.0,64.312
08-11-2026 21:18:14,6386,7607,1361,16384,17.333333333333332,97.0,17732,VDD_IN,30204,8199,8432,17262,17732,3940,4040,3.0,2.0,5.0,1.0,93.0,0.0,63.062,64.343,62.781,61.781,62.093,64.343
08-11-2026 21:18:15,6387,7607,1361,16384,17.833333333333332,97.0,17722,VDD_IN,30156,8200,8315,17265,17722,3941,4119,4.0,2.0,7.0,2.0,92.0,0.0,63.062,64.625,62.843,61.843,62.156,64.625
08-11-2026 21:18:16,6389,7607,1361,16384,20.333333333333332,97.0,17811,VDD_IN,30284,8200,8315,17268,17811,3942,4158,3.0,18.0,3.0,6.0,92.0,0.0,63.25,64.5,62.812,61.906,62.093,64.5
08-11-2026 21:18:17,6389,7607,1361,16384,18.666666666666668,98.0,17683,VDD_IN,29922,8199,8042,17271,17683,3944,4197,4.0,8.0,6.0,2.0,92.0,0.0,62.968,64.468,62.968,61.843,62.187,64.468
08-11-2026 21:18:18,6390,7607,1361,16384,17.333333333333332,99.0,17526,VDD_IN,29544,8196,7742,17272,17526,3946,4276,3.0,5.0,1.0,2.0,93.0,0.0,63.281,64.031,63.093,61.781,62.125,64.031
08-11-2026 21:18:19,6390,7607,1361,16384,17.166666666666668,99.0,17526,VDD_IN,29920,8197,8354,17274,17526,3947,4040,4.0,2.0,2.0,3.0,92.0,0.0,63.25,64.187,62.781,61.843,62.125,64.187
08-11-2026 21:18:20,6391,7607,1361,16384,16.5,99.0,17565,VDD_IN,30037,8199,8510,17276,17565,3947,3962,2.0,4.0,1.0,0.0,92.0,0.0,62.843,64.281,62.937,61.906,62.093,64.281
08-11-2026 21:18:21,6391,7607,1361,16384,17.0,99.0,18046,VDD_IN,30942,8203,8823,17280,18046,3947,4073,3.0,1.0,4.0,2.0,92.0,0.0,63.062,64.5,62.843,61.843,62.312,64.5
08-11-2026 21:18:22,6388,7607,1361,16384,22.333333333333332,97.0,17889,VDD_IN,30752,8207,8940,17284,17889,3947,3923,8.0,5.0,5.0,18.0,98.0,0.0,62.968,64.5,63.0,61.843,62.25,64.5
08-11-2026 21:18:23,6389,7607,1361,16384,17.5,97.0,17889,VDD_IN,30674,8211,8823,17287,17889,3947,3962,4.0,1.0,5.0,2.0,93.0,0.0,62.968,64.468,62.843,61.875,62.156,64.468
08-11-2026 21:18:24,6390,7607,1361,16384,16.833333333333332,97.0,17811,VDD_IN,30517,8214,8744,17291,17811,3947,3962,2.0,3.0,2.0,1.0,92.0,1.0,63.156,64.75,62.906,61.906,62.156,64.75
08-11-2026 21:18:25,6390,7607,1361,16384,17.666666666666668,97.0,17811,VDD_IN,30556,8217,8744,17294,17811,3948,4001,2.0,2.0,2.0,6.0,92.0,2.0,62.968,64.843,62.937,62.031,62.187,64.843
08-11-2026 21:18:26,6390,7607,1361,16384,16.833333333333332,97.0,17840,VDD_IN,30468,8220,8627,17297,17840,3948,4001,2.0,1.0,2.0,4.0,92.0,0.0,63.0,64.781,62.906,61.812,62.25,64.781
08-11-2026 21:18:27,6392,7607,1361,16384,21.166666666666668,98.0,18007,VDD_IN,30825,8223,8784,17301,18007,3949,4034,4.0,8.0,17.0,6.0,92.0,0.0,63.343,64.562,62.906,61.875,62.218,64.562
08-11-2026 21:18:28,6392,7607,1361,16384,17.333333333333332,97.0,17761,VDD_IN,30312,8224,8471,17303,17761,3949,4080,2.0,2.0,2.0,6.0,92.0,0.0,63.343,64.812,62.906,61.937,62.218,64.812
08-11-2026 21:18:29,6393,7607,1361,16384,17.166666666666668,98.0,17811,VDD_IN,30323,8225,8432,17306,17811,3950,4080,3.0,2.0,2.0,3.0,92.0,1.0,63.062,64.875,62.906,61.843,62.281,64.875
08-11-2026 21:18:30,6394,7607,1361,16384,17.333333333333332,99.0,17693,VDD_IN,30010,8225,8198,17308,17693,3951,4119,3.0,1.0,2.0,6.0,92.0,0.0,63.218,64.781,63.031,61.843,62.156,64.781
08-11-2026 21:18:31,6394,7607,1361,16384,17.0,98.0,17643,VDD_IN,29882,8224,8081,17310,17643,3952,4158,1.0,3.0,2.0,4.0,92.0,0.0,63.406,64.312,62.843,61.843,62.093,64.312
08-11-2026 21:18:32,6395,7607,1361,16384,16.833333333333332,98.0,17604,VDD_IN,29688,8222,7847,17312,17604,3954,4237,5.0,1.0,1.0,2.0,92.0,0.0,63.25,64.25,62.875,61.968,62.281,64.25
08-11-2026 21:18:33,6453,7607,1361,16384,21.166666666666668,16.0,15493,VDD_IN,26175,8216,7022,17302,15493,3952,3660,9.0,7.0,18.0,12.0,76.0,5.0,63.125,63.343,63.0,61.906,62.125,63.343
08-11-2026 21:18:34,6564,7607,1367,16384,46.333333333333336,0.0,8120,VDD_IN,12613,8184,2543,17251,8120,3941,1950,41.0,34.0,58.0,45.0,63.0,37.0,62.593,62.25,62.531,61.906,61.375,62.593
08-11-2026 21:18:35,6862,7607,1367,16384,63.666666666666664,99.0,8439,VDD_IN,13008,8154,2662,17203,8439,3930,1907,66.0,61.0,64.0,75.0,58.0,58.0,62.0,62.031,62.375,61.468,61.187,62.343
08-11-2026 21:18:36,6857,7607,1367,16384,16.5,99.0,16531,VDD_IN,28175,8153,7951,17199,16531,3929,3693,2.0,4.0,0.0,87.0,6.0,0.0,62.468,63.531,62.375,61.468,61.593,63.531
08-11-2026 21:18:37,6861,7607,1367,16384,17.833333333333332,99.0,17801,VDD_IN,30507,8156,8744,17202,17801,3929,3962,4.0,5.0,6.0,1.0,91.0,0.0,62.625,64.0,62.531,61.562,61.687,64.0
08-11-2026 21:18:38,6869,7607,1367,16384,23.333333333333332,98.0,17929,VDD_IN,30831,8161,8979,17206,17929,3929,3923,8.0,8.0,7.0,14.0,100.0,3.0,63.218,64.125,62.562,61.75,61.968,64.125
08-11-2026 21:18:39,6868,7607,1367,16384,17.333333333333332,98.0,17722,VDD_IN,30350,8163,8705,17209,17722,3929,3923,3.0,2.0,3.0,4.0,92.0,0.0,62.625,64.187,62.625,61.843,61.906,64.187
08-11-2026 21:18:40,6868,7607,1367,16384,17.5,97.0,17761,VDD_IN,30389,8166,8705,17212,17761,3929,3923,1.0,7.0,2.0,2.0,93.0,0.0,62.812,64.25,62.687,61.656,62.0,64.25
08-11-2026 21:18:41,6869,7607,1367,16384,17.666666666666668,97.0,17643,VDD_IN,30193,8169,8588,17214,17643,3929,3962,5.0,5.0,3.0,2.0,15.0,76.0,63.0,64.312,62.625,61.625,61.937,64.312
08-11-2026 21:18:42,6869,7607,1367,16384,16.666666666666668,97.0,17761,VDD_IN,30272,8171,8549,17217,17761,3929,3962,1.0,1.0,1.0,5.0,0.0,92.0,62.968,64.406,62.593,61.812,62.031,64.406
08-11-2026 21:18:43,6867,7607,1367,16384,17.333333333333332,97.0,17683,VDD_IN,30116,8172,8432,17220,17683,3929,4001,3.0,6.0,2.0,1.0,0.0,92.0,63.156,64.187,62.656,61.781,61.968,64.187
08-11-2026 21:18:44,6872,7607,1367,16384,21.5,97.0,17722,VDD_IN,30194,8173,8432,17222,17722,3930,4040,4.0,17.0,8.0,8.0,0.0,92.0,62.843,64.218,62.656,61.937,62.093,64.218
08-11-2026 21:18:45,6873,7607,1367,16384,17.0,98.0,17565,VDD_IN,29882,8174,8237,17224,17565,3931,4080,3.0,2.0,4.0,1.0,0.0,92.0,62.968,64.187,62.843,61.656,62.062,64.187
08-11-2026 21:18:46,6873,7607,1367,16384,16.666666666666668,97.0,17526,VDD_IN,29687,8173,8042,17226,17526,3932,4119,2.0,3.0,1.0,2.0,0.0,92.0,63.125,64.218,62.656,61.812,61.968,64.218
08-11-2026 21:18:47,6873,7607,1367,16384,17.5,98.0,17526,VDD_IN,29622,8172,7899,17227,17526,3933,4197,3.0,5.0,2.0,1.0,2.0,92.0,63.062,64.187,62.75,61.781,62.093,64.187
08-11-2026 21:18:48,6873,7607,1367,16384,17.166666666666668,99.0,17486,VDD_IN,29504,8170,7781,17228,17486,3935,4237,3.0,6.0,1.0,1.0,0.0,92.0,63.562,63.75,62.812,61.875,62.218,63.75
08-11-2026 21:18:49,6869,7607,1367,16384,22.333333333333332,99.0,17604,VDD_IN,30076,8171,8471,17230,17604,3935,4001,4.0,12.0,12.0,14.0,0.0,92.0,63.062,64.531,62.875,61.937,62.156,64.531
08-11-2026 21:18:50,6871,7607,1367,16384,17.166666666666668,99.0,17526,VDD_IN,29998,8173,8471,17232,17526,3935,4001,2.0,2.0,5.0,2.0,0.0,92.0,63.125,64.5,62.875,61.843,62.093,64.5
08-11-2026 21:18:51,6871,7607,1367,16384,17.0,99.0,17889,VDD_IN,30668,8176,8784,17235,17889,3936,3995,2.0,1.0,1.0,6.0,0.0,92.0,63.156,64.843,62.875,61.781,62.187,64.843
08-11-2026 21:18:52,6871,7607,1367,16384,18.166666666666668,98.0,17732,VDD_IN,30439,8179,8784,17238,17732,3936,3923,2.0,3.0,2.0,0.0,2.0,100.0,63.062,64.75,62.875,61.906,62.093,64.75
08-11-2026 21:18:53,6871,7607,1367,16384,16.833333333333332,98.0,17761,VDD_IN,30389,8181,8705,17240,17761,3936,3923,4.0,0.0,1.0,4.0,0.0,92.0,63.25,64.781,62.937,62.0,62.187,64.781
08-11-2026 21:18:54,6871,7607,1367,16384,17.0,97.0,17772,VDD_IN,30478,8184,8744,17243,17772,3936,3962,2.0,4.0,2.0,2.0,0.0,92.0,63.062,64.781,63.0,61.937,62.156,64.5
08-11-2026 21:18:55,6877,7607,1367,16384,21.166666666666668,98.0,17772,VDD_IN,30432,8187,8705,17246,17772,3936,3955,8.0,5.0,6.0,16.0,0.0,92.0,63.187,64.562,63.031,61.843,62.156,64.562
08-11-2026 21:18:56,6878,7607,1367,16384,17.333333333333332,97.0,17722,VDD_IN,30272,8189,8588,17248,17722,3936,3962,3.0,4.0,3.0,2.0,0.0,92.0,63.187,64.593,62.937,61.875,62.187,64.593
08-11-2026 21:18:57,6879,7607,1367,16384,17.5,97.0,17683,VDD_IN,30194,8190,8510,17250,17683,3936,4001,4.0,5.0,2.0,1.0,0.0,93.0,63.062,64.531,62.875,61.968,62.25,64.531
08-11-2026 21:18:58,6879,7607,1367,16384,17.166666666666668,97.0,17643,VDD_IN,30037,8191,8354,17252,17643,3937,4040,4.0,4.0,1.0,2.0,0.0,92.0,63.406,64.468,62.906,62.0,62.312,64.468
08-11-2026 21:18:59,6878,7607,1367,16384,17.666666666666668,97.0,17643,VDD_IN,30038,8192,8315,17254,17643,3937,4080,5.0,6.0,2.0,1.0,0.0,92.0,63.062,64.562,63.031,61.937,62.125,64.562
08-11-2026 21:19:00,6878,7607,1367,16384,22.333333333333332,98.0,17850,VDD_IN,30316,8192,8315,17257,17850,3938,4151,11.0,11.0,13.0,7.0,0.0,92.0,63.281,64.406,62.875,61.843,62.312,64.406
08-11-2026 21:19:01,6879,7607,1367,16384,17.0,97.0,17643,VDD_IN,29895,8192,8055,17259,17643,3940,4197,4.0,1.0,3.0,1.0,0.0,93.0,63.437,64.375,62.937,61.968,62.187,64.375
08-11-2026 21:19:02,6879,7607,1367,16384,17.333333333333332,99.0,17486,VDD_IN,29504,8190,7781,17260,17486,3941,4237,4.0,2.0,6.0,1.0,0.0,91.0,63.218,64.25,62.937,61.968,62.25,64.25
08-11-2026 21:19:03,6879,7607,1367,16384,17.666666666666668,99.0,17447,VDD_IN,29699,8190,8172,17261,17447,3942,4080,2.0,1.0,5.0,6.0,0.0,92.0,63.375,64.093,63.031,62.093,62.312,64.093
08-11-2026 21:19:04,6879,7607,1367,16384,16.666666666666668,99.0,17486,VDD_IN,29880,8191,8471,17262,17486,3942,3923,2.0,1.0,0.0,5.0,0.0,92.0,63.093,64.625,63.093,61.937,62.312,64.625
08-11-2026 21:19:05,6879,7607,1367,16384,17.0,99.0,17889,VDD_IN,30589,8193,8666,17265,17889,3942,4034,3.0,2.0,1.0,4.0,0.0,92.0,63.187,64.875,62.937,61.875,62.343,64.875
08-11-2026 21:19:06,6880,7607,1367,16384,22.166666666666668,97.0,17693,VDD_IN,30400,8196,8784,17267,17693,3942,3923,11.0,11.0,7.0,7.0,0.0,97.0,63.25,64.781,62.937,62.031,62.218,64.781
08-11-2026 21:19:07,6880,7607,1367,16384,17.5,98.0,17761,VDD_IN,30428,8199,8744,17269,17761,3942,3923,3.0,2.0,3.0,2.0,0.0,95.0,63.062,64.875,62.906,62.062,62.25,64.875
08-11-2026 21:19:08,6880,7607,1367,16384,16.833333333333332,97.0,17683,VDD_IN,30272,8201,8627,17271,17683,3942,3962,3.0,2.0,1.0,3.0,0.0,92.0,63.187,64.5,63.156,61.937,62.406,64.5
08-11-2026 21:19:09,6880,7607,1367,16384,18.166666666666668,98.0,17761,VDD_IN,30389,8203,8666,17273,17761,3942,3962,3.0,9.0,2.0,3.0,0.0,92.0,63.25,64.562,62.937,62.0,62.218,64.562
08-11-2026 21:19:10,6880,7607,1367,16384,17.333333333333332,97.0,17643,VDD_IN,30193,8204,8549,17275,17643,3942,4001,3.0,0.0,3.0,6.0,0.0,92.0,63.468,64.437,62.968,62.0,62.312,64.437
08-11-2026 21:19:11,6884,7607,1367,16384,21.333333333333332,97.0,17850,VDD_IN,30556,8206,8666,17278,17850,3943,4040,11.0,15.0,4.0,6.0,0.0,92.0,63.281,64.593,62.906,62.0,62.343,64.593
08-11-2026 21:19:12,6884,7607,1367,16384,17.333333333333332,98.0,17654,VDD_IN,30126,8207,8432,17279,17654,3943,4040,4.0,4.0,2.0,2.0,0.0,92.0,63.156,64.75,63.031,62.031,62.312,64.75
08-11-2026 21:19:13,6884,7607,1367,16384,17.5,98.0,17643,VDD_IN,30038,8208,8315,17281,17643,3944,4080,2.0,2.0,3.0,5.0,0.0,93.0,63.156,64.781,63.093,61.843,62.281,64.781
08-11-2026 21:19:14,6885,7607,1367,16384,16.666666666666668,98.0,17565,VDD_IN,29804,8208,8120,17282,17565,3945,4119,5.0,1.0,1.0,1.0,0.0,92.0,63.312,64.718,62.937,61.906,62.312,64.718
08-11-2026 21:19:15,6863,7607,1367,16384,17.0,98.0,17643,VDD_IN,29843,8207,8003,17284,17643,3946,4197,5.0,1.0,2.0,2.0,0.0,92.0,63.531,64.687,63.031,62.0,62.218,64.687
08-11-2026 21:19:16,6863,7607,1367,16384,17.333333333333332,99.0,17526,VDD_IN,29505,8205,7742,17285,17526,3947,4237,3.0,2.0,3.0,4.0,0.0,92.0,63.281,64.531,62.968,62.093,62.312,64.531
08-11-2026 21:19:17,6870,7607,1367,16384,21.5,99.0,17486,VDD_IN,29738,8204,8172,17286,17486,3948,4080,6.0,7.0,8.0,16.0,0.0,92.0,63.75,64.5,63.093,62.125,62.375,64.5
08-11-2026 21:19:18,6870,7607,1367,16384,17.166666666666668,99.0,17486,VDD_IN,29919,8206,8510,17287,17486,3948,3923,3.0,3.0,1.0,4.0,0.0,92.0,63.031,64.562,63.031,61.968,62.281,64.562
08-11-2026 21:19:19,6870,7607,1367,16384,17.5,99.0,17889,VDD_IN,30589,8208,8666,17289,17889,3948,4034,1.0,4.0,3.0,5.0,0.0,92.0,63.25,64.781,62.968,61.906,62.375,64.781
08-11-2026 21:19:20,6872,7607,1367,16384,19.166666666666668,97.0,17722,VDD_IN,30389,8210,8744,17291,17722,3948,3923,3.0,9.0,2.0,4.0,0.0,97.0,63.468,64.562,63.031,62.0,62.312,64.562
08-11-2026 21:19:21,6873,7607,1367,16384,17.5,97.0,17732,VDD_IN,30399,8212,8744,17293,17732,3948,3923,1.0,5.0,2.0,1.0,0.0,96.0,63.25,64.718,63.031,62.125,62.343,64.718
08-11-2026 21:19:22,6875,7607,1367,16384,21.833333333333332,97.0,17889,VDD_IN,30674,8215,8823,17296,17889,3948,3962,9.0,8.0,12.0,10.0,0.0,92.0,63.25,64.656,63.062,61.875,62.312,64.656
08-11-2026 21:19:23,6876,7607,1367,16384,17.0,98.0,17732,VDD_IN,30399,8217,8705,17298,17732,3948,3962,2.0,2.0,3.0,3.0,0.0,92.0,63.187,65.093,62.937,62.0,62.312,65.093
08-11-2026 21:19:24,6876,7607,1367,16384,16.666666666666668,98.0,17761,VDD_IN,30350,8219,8588,17300,17761,3948,4001,4.0,2.0,1.0,1.0,0.0,92.0,63.312,64.437,62.937,61.968,62.312,64.437
08-11-2026 21:19:25,6877,7607,1367,16384,17.0,98.0,17761,VDD_IN,30311,8220,8549,17302,17761,3948,4001,4.0,3.0,1.0,2.0,0.0,92.0,63.406,64.5,63.0,62.031,62.25,64.5
08-11-2026 21:19:26,6877,7607,1367,16384,16.333333333333332,99.0,17683,VDD_IN,30155,8221,8432,17303,17683,3949,4040,2.0,2.0,1.0,1.0,0.0,92.0,63.218,64.5,63.125,62.125,62.312,64.5
08-11-2026 21:19:27,6878,7607,1367,16384,17.166666666666668,98.0,17722,VDD_IN,30156,8222,8354,17305,17722,3949,4080,2.0,2.0,1.0,5.0,0.0,93.0,63.25,64.718,63.125,61.937,62.375,64.718
08-11-2026 21:19:28,6878,7607,1367,16384,21.666666666666668,98.0,17722,VDD_IN,30078,8222,8237,17307,17722,3950,4119,7.0,8.0,12.0,11.0,0.0,92.0,63.406,64.687,62.968,61.937,62.312,64.687
08-11-2026 21:19:29,6880,7607,1367,16384,17.5,97.0,17643,VDD_IN,29882,8221,8081,17308,17643,3951,4158,3.0,5.0,4.0,1.0,0.0,92.0,63.281,64.625,63.093,62.031,62.218,64.625
08-11-2026 21:19:30,6881,7607,1367,16384,16.333333333333332,98.0,17526,VDD_IN,29583,8220,7820,17309,17526,3952,4237,2.0,2.0,0.0,3.0,0.0,91.0,63.562,64.593,62.968,62.062,62.312,64.593
08-11-2026 21:19:31,6879,7607,1367,16384,18.166666666666668,99.0,17486,VDD_IN,29699,8219,8094,17310,17486,3953,4119,2.0,3.0,2.0,10.0,0.0,92.0,63.312,64.25,63.187,62.156,62.343,64.25
08-11-2026 21:19:32,6880,7607,1367,16384,17.0,99.0,17526,VDD_IN,29998,8220,8510,17311,17526,3953,3962,3.0,1.0,2.0,4.0,0.0,92.0,63.218,64.812,63.093,61.937,62.343,64.812
08-11-2026 21:19:33,6886,7607,1367,16384,21.666666666666668,99.0,18007,VDD_IN,30825,8223,8784,17314,18007,3953,4034,9.0,8.0,4.0,16.0,1.0,92.0,63.281,64.718,63.031,62.031,62.375,64.718
08-11-2026 21:19:34,6887,7607,1367,16384,17.833333333333332,97.0,17683,VDD_IN,30272,8224,8666,17315,17683,3953,3923,2.0,5.0,2.0,2.0,0.0,96.0,63.187,64.5,63.031,62.062,62.375,64.5
08-11-2026 21:19:35,6888,7607,1367,16384,17.833333333333332,98.0,17772,VDD_IN,30518,8227,8823,17317,17772,3953,3923,1.0,5.0,3.0,2.0,0.0,96.0,63.406,64.656,63.093,62.093,62.312,64.656
08-11-2026 21:19:36,6889,7607,1367,16384,17.833333333333332,97.0,17732,VDD_IN,30399,8229,8705,17319,17732,3953,3962,4.0,5.0,4.0,2.0,0.0,92.0,63.156,64.843,63.093,61.906,62.312,64.843
08-11-2026 21:19:37,6891,7607,1367,16384,17.166666666666668,98.0,17772,VDD_IN,30439,8231,8705,17321,17772,3953,3962,3.0,3.0,4.0,1.0,0.0,92.0,63.218,64.937,63.093,61.937,62.312,64.937
08-11-2026 21:19:38,6892,7607,1367,16384,17.833333333333332,98.0,17772,VDD_IN,30400,8232,8627,17323,17772,3953,4001,4.0,5.0,3.0,2.0,1.0,92.0,63.343,64.875,63.062,62.0,62.375,64.875
08-11-2026 21:19:39,6893,7607,1367,16384,21.666666666666668,97.0,17772,VDD_IN,30361,8234,8588,17324,17772,3953,4001,7.0,10.0,15.0,6.0,0.0,92.0,63.125,64.937,63.0,62.093,62.281,64.937
08-11-2026 21:19:40,6894,7607,1367,16384,17.5,99.0,17654,VDD_IN,30126,8235,8432,17326,17654,3954,4040,2.0,3.0,5.0,2.0,1.0,92.0,63.406,64.843,63.062,62.125,62.312,64.843
08-11-2026 21:19:41,6895,7607,1367,16384,17.166666666666668,97.0,17722,VDD_IN,30156,8235,8354,17327,17722,3954,4080,2.0,5.0,2.0,1.0,0.0,93.0,63.312,64.625,63.031,62.0,62.312,64.625
08-11-2026 21:19:42,6894,7607,1367,16384,17.166666666666668,98.0,17683,VDD_IN,30000,8235,8198,17329,17683,3955,4119,2.0,6.0,2.0,1.0,0.0,92.0,63.25,64.687,63.031,62.031,62.281,64.687
08-11-2026 21:19:43,6896,7607,1367,16384,17.166666666666668,98.0,17643,VDD_IN,29882,8234,8081,17330,17643,3956,4158,3.0,5.0,1.0,3.0,0.0,91.0,63.343,64.562,63.062,62.031,62.312,64.562
08-11-2026 21:19:44,6894,7607,1367,16384,36.0,98.0,18125,VDD_IN,30709,8235,8276,17333,18125,3957,4308,19.0,25.0,24.0,32.0,19.0,97.0,63.343,64.375,63.062,62.125,62.437,64.375
08-11-2026 21:19:45,6895,7607,1367,16384,17.333333333333332,99.0,17565,VDD_IN,29726,8234,8003,17334,17565,3958,4158,2.0,2.0,3.0,4.0,1.0,92.0,63.468,64.343,63.093,62.0,62.437,64.343
08-11-2026 21:19:46,6894,7607,1367,16384,17.333333333333332,99.0,17643,VDD_IN,30115,8235,8471,17335,17643,3958,4001,2.0,3.0,2.0,5.0,0.0,92.0,63.156,64.968,62.968,61.968,62.218,64.968
08-11-2026 21:19:47,6895,7607,1367,16384,16.833333333333332,99.0,17693,VDD_IN,30321,8236,8627,17337,17693,3958,4001,4.0,2.0,1.0,2.0,0.0,92.0,63.343,64.937,62.968,61.968,62.25,64.937
08-11-2026 21:19:48,6895,7607,1367,16384,17.666666666666668,98.0,17732,VDD_IN,30438,8238,8744,17338,17732,3958,3962,2.0,3.0,2.0,4.0,0.0,95.0,63.218,65.0,62.968,61.937,62.312,65.0
08-11-2026 21:19:49,6895,7607,1367,16384,18.833333333333332,97.0,17811,VDD_IN,30596,8241,8862,17340,17811,3958,3923,7.0,3.0,2.0,3.0,1.0,97.0,63.562,64.562,63.031,62.125,62.25,64.718
08-11-2026 21:19:50,6898,7607,1367,16384,22.5,99.0,17811,VDD_IN,30550,8243,8784,17342,17811,3958,3955,10.0,8.0,18.0,5.0,2.0,92.0,63.125,64.687,63.093,61.875,62.343,64.687
08-11-2026 21:19:51,6900,7607,1367,16384,16.666666666666668,97.0,17772,VDD_IN,30471,8245,8744,17344,17772,3958,3955,2.0,4.0,0.0,2.0,0.0,92.0,63.281,64.656,63.0,61.906,62.218,64.656
08-11-2026 21:19:52,6899,7607,1367,16384,17.333333333333332,98.0,17732,VDD_IN,30399,8246,8666,17345,17732,3958,4001,4.0,1.0,2.0,5.0,0.0,92.0,63.468,64.75,62.937,62.031,62.281,64.75
08-11-2026 21:19:53,6900,7607,1367,16384,17.5,98.0,17772,VDD_IN,30400,8248,8627,17347,17772,3958,4001,3.0,3.0,0.0,2.0,5.0,92.0,63.156,64.781,63.093,62.0,62.281,64.781
08-11-2026 21:19:54,6901,7607,1367,16384,17.166666666666668,98.0,17732,VDD_IN,30243,8249,8471,17348,17732,3959,4040,3.0,5.0,2.0,1.0,0.0,92.0,63.562,64.531,63.062,61.968,62.343,64.531
08-11-2026 21:19:55,6903,7607,1367,16384,21.666666666666668,98.0,17889,VDD_IN,30550,8250,8588,17350,17889,3959,4073,7.0,20.0,3.0,8.0,0.0,92.0,63.218,64.531,63.062,61.968,62.218,64.531
08-11-2026 21:19:56,6885,7607,1367,16384,17.166666666666668,97.0,17693,VDD_IN,30088,8250,8276,17352,17693,3960,4119,3.0,2.0,1.0,4.0,2.0,91.0,63.25,64.468,63.031,61.906,62.25,64.468
08-11-2026 21:19:57,6892,7607,1367,16384,16.833333333333332,98.0,17654,VDD_IN,29971,8250,8159,17353,17654,3961,4158,33.0,2.0,1.0,57.0,1.0,7.0,63.406,64.5,62.968,61.968,62.312,64.5
08-11-2026 21:19:58,6892,7607,1367,16384,17.333333333333332,97.0,17604,VDD_IN,29766,8248,7925,17354,17604,3962,4237,36.0,2.0,5.0,0.0,59.0,2.0,63.093,64.437,63.062,62.093,62.312,64.437
08-11-2026 21:19:59,6894,7607,1367,16384,17.333333333333332,99.0,17526,VDD_IN,29622,8247,7899,17354,17526,3963,4197,2.0,2.0,6.0,2.0,92.0,0.0,63.343,64.125,63.093,61.968,62.343,64.125
08-11-2026 21:20:00,6894,7607,1367,16384,16.833333333333332,99.0,17526,VDD_IN,29959,8248,8432,17355,17526,3963,4001,7.0,1.0,1.0,0.0,92.0,0.0,63.25,64.562,62.968,62.0,62.281,64.562
08-11-2026 21:20:01,6902,7607,1367,16384,22.0,99.0,17693,VDD_IN,30282,8249,8588,17356,17693,3963,4001,5.0,11.0,18.0,5.0,93.0,0.0,63.156,64.781,62.968,61.968,62.312,64.781
08-11-2026 21:20:02,6902,7607,1367,16384,17.333333333333332,99.0,17889,VDD_IN,30667,8251,8823,17358,17889,3963,3955,2.0,3.0,2.0,4.0,93.0,0.0,63.406,64.968,63.093,62.093,62.375,64.968
08-11-2026 21:20:03,6902,7607,1367,16384,18.0,97.0,17811,VDD_IN,30557,8253,8823,17360,17811,3963,3923,4.0,4.0,0.0,2.0,98.0,0.0,63.062,64.656,63.093,62.187,62.406,64.656
08-11-2026 21:20:04,6903,7607,1367,16384,17.666666666666668,98.0,17811,VDD_IN,30557,8255,8784,17362,17811,3963,3962,9.0,3.0,1.0,1.0,92.0,0.0,63.093,64.656,63.093,62.0,62.312,64.656
08-11-2026 21:20:05,6903,7607,1367,16384,17.0,98.0,17811,VDD_IN,30557,8257,8784,17363,17811,3963,3962,2.0,3.0,5.0,1.0,91.0,0.0,63.25,64.687,62.906,61.968,62.25,64.687
08-11-2026 21:20:06,6911,7607,1366,16384,21.833333333333332,98.0,17968,VDD_IN,30786,8259,8823,17365,17968,3963,3995,6.0,11.0,4.0,18.0,92.0,0.0,63.125,64.718,63.031,62.0,62.218,64.718
08-11-2026 21:20:07,6912,7607,1366,16384,17.5,98.0,17850,VDD_IN,30511,8261,8666,17367,17850,3963,3995,7.0,2.0,2.0,2.0,92.0,0.0,63.343,64.656,63.031,62.125,62.343,64.656
08-11-2026 21:20:08,6912,7607,1366,16384,17.333333333333332,98.0,17732,VDD_IN,30321,8262,8549,17369,17732,3963,4040,3.0,2.0,2.0,5.0,92.0,0.0,63.062,64.718,63.031,62.156,62.343,64.718
08-11-2026 21:20:09,6913,7607,1366,16384,17.166666666666668,98.0,17732,VDD_IN,30283,8263,8471,17370,17732,3964,4080,5.0,2.0,2.0,3.0,91.0,0.0,63.093,64.875,63.156,61.968,62.343,64.875
08-11-2026 21:20:10,6913,7607,1366,16384,17.333333333333332,98.0,17722,VDD_IN,30117,8263,8276,17371,17722,3964,4119,3.0,4.0,4.0,1.0,92.0,0.0,63.218,64.875,63.031,62.031,62.281,64.875
08-11-2026 21:20:11,6914,7607,1366,16384,17.0,97.0,17693,VDD_IN,30010,8262,8159,17372,17693,3965,4158,6.0,2.0,0.0,2.0,92.0,0.0,63.062,64.906,62.968,62.031,62.281,64.906
08-11-2026 21:20:12,6915,7607,1366,16384,21.666666666666668,97.0,17722,VDD_IN,29962,8261,8003,17374,17722,3966,4237,12.0,11.0,6.0,8.0,93.0,0.0,63.437,64.875,63.125,62.062,62.343,64.875
08-11-2026 21:20:13,6915,7607,1366,16384,17.166666666666668,99.0,17604,VDD_IN,29661,8260,7781,17374,17604,3967,4276,4.0,3.0,3.0,1.0,92.0,0.0,63.437,63.875,63.062,62.125,62.406,63.875
08-11-2026 21:20:14,6916,7607,1366,16384,17.0,99.0,17526,VDD_IN,29920,8260,8354,17375,17526,3967,4040,3.0,2.0,4.0,1.0,92.0,0.0,63.218,64.312,63.062,62.0,62.375,64.312
08-11-2026 21:20:15,6916,7607,1366,16384,17.5,99.0,17643,VDD_IN,30193,8261,8549,17376,17643,3967,4001,0.0,1.0,9.0,3.0,92.0,0.0,63.218,64.718,62.968,61.937,62.25,64.718
08-11-2026 21:20:16,6911,7607,1366,16384,17.166666666666668,99.0,18046,VDD_IN,30942,8263,8823,17378,18046,3968,4073,3.0,2.0,1.0,4.0,93.0,0.0,63.156,64.875,63.093,61.968,62.406,64.875
08-11-2026 21:20:17,6914,7607,1366,16384,22.666666666666668,97.0,17889,VDD_IN,30745,8265,8940,17380,17889,3967,3916,11.0,18.0,6.0,3.0,98.0,0.0,63.25,64.75,63.093,62.125,62.437,64.75
08-11-2026 21:20:18,6915,7607,1366,16384,17.333333333333332,97.0,17850,VDD_IN,30628,8267,8823,17382,17850,3967,3955,3.0,1.0,4.0,2.0,94.0,0.0,63.031,64.781,63.093,61.906,62.343,64.781
08-11-2026 21:20:19,6915,7607,1366,16384,17.666666666666668,97.0,17801,VDD_IN,30468,8269,8705,17383,17801,3967,3962,6.0,2.0,3.0,3.0,92.0,0.0,63.062,64.781,63.062,61.968,62.312,64.781
08-11-2026 21:20:20,6916,7607,1366,16384,17.166666666666668,97.0,17811,VDD_IN,30471,8270,8705,17385,17811,3967,3955,5.0,1.0,2.0,3.0,92.0,0.0,63.25,64.812,63.093,62.031,62.281,64.687
08-11-2026 21:20:21,6916,7607,1366,16384,17.0,98.0,17801,VDD_IN,30390,8271,8588,17386,17801,3968,4001,6.0,1.0,1.0,2.0,92.0,0.0,63.5,64.687,63.0,62.062,62.25,64.687
08-11-2026 21:20:22,6918,7607,1366,16384,18.166666666666668,98.0,17850,VDD_IN,30550,8273,8666,17388,17850,3968,4034,40.0,4.0,3.0,5.0,57.0,0.0,63.718,64.656,63.093,62.062,62.343,64.656
08-11-2026 21:20:23,6917,7607,1366,16384,19.5,99.0,17801,VDD_IN,30352,8273,8471,17389,17801,3968,4080,8.0,1.0,12.0,7.0,89.0,0.0,63.093,64.531,63.093,62.0,62.312,64.531
08-11-2026 21:20:24,6917,7607,1366,16384,17.5,98.0,17772,VDD_IN,30284,8274,8432,17390,17772,3969,4080,2.0,3.0,6.0,2.0,92.0,0.0,63.187,64.593,63.187,61.968,62.281,64.593
08-11-2026 21:20:25,6918,7607,1366,16384,17.166666666666668,98.0,17654,VDD_IN,30010,8274,8237,17391,17654,3969,4119,2.0,1.0,5.0,2.0,93.0,0.0,63.312,64.562,63.062,61.968,62.343,64.562
08-11-2026 21:20:26,6918,7607,1366,16384,17.666666666666668,97.0,17693,VDD_IN,30049,8273,8159,17392,17693,3970,4197,2.0,2.0,9.0,1.0,92.0,0.0,63.437,64.781,63.0,62.062,62.281,64.781
08-11-2026 21:20:27,6919,7607,1366,16384,17.333333333333332,98.0,17643,VDD_IN,29766,8272,7886,17393,17643,3971,4237,3.0,3.0,5.0,1.0,92.0,0.0,63.312,64.656,63.0,62.156,62.375,64.656
08-11-2026 21:20:28,6917,7607,1366,16384,22.333333333333332,99.0,17683,VDD_IN,29922,8271,8042,17394,17683,3971,4197,10.0,6.0,8.0,17.0,92.0,1.0,63.5,64.281,62.906,61.937,62.343,64.281
08-11-2026 21:20:29,6918,7607,1366,16384,17.333333333333332,99.0,17683,VDD_IN,30233,8272,8549,17395,17683,3972,4001,2.0,2.0,5.0,3.0,92.0,0.0,63.437,64.531,62.937,62.031,62.281,64.531
08-11-2026 21:20:30,6919,7607,1366,16384,16.833333333333332,99.0,17654,VDD_IN,30243,8273,8588,17396,17654,3972,4001,1.0,1.0,4.0,2.0,93.0,0.0,63.187,64.562,63.031,62.187,62.25,64.562
08-11-2026 21:20:31,6919,7607,1366,16384,17.666666666666668,99.0,17850,VDD_IN,30628,8275,8823,17398,17850,3972,3955,6.0,3.0,1.0,2.0,94.0,0.0,63.406,64.687,63.093,62.093,62.406,64.687
08-11-2026 21:20:32,6920,7607,1366,16384,18.333333333333332,98.0,17850,VDD_IN,30628,8277,8862,17399,17850,3971,3916,5.0,1.0,1.0,5.0,98.0,0.0,63.093,64.968,63.093,61.937,62.343,64.968
08-11-2026 21:20:33,6922,7607,1366,16384,20.166666666666668,98.0,17968,VDD_IN,30863,8279,8940,17401,17968,3971,3955,8.0,4.0,5.0,12.0,92.0,0.0,63.5,64.843,63.093,62.0,62.25,64.843
08-11-2026 21:20:34,6926,7607,1366,16384,18.5,98.0,17850,VDD_IN,30596,8281,8784,17402,17850,3971,3962,4.0,4.0,5.0,6.0,92.0,0.0,63.406,64.968,62.968,62.0,62.406,64.968
08-11-2026 21:20:35,6928,7607,1366,16384,17.333333333333332,97.0,17772,VDD_IN,30433,8282,8666,17404,17772,3971,3995,3.0,2.0,4.0,3.0,92.0,0.0,63.093,64.937,63.031,62.062,62.281,64.937
08-11-2026 21:20:36,6928,7607,1366,16384,16.833333333333332,98.0,17811,VDD_IN,30439,8284,8627,17405,17811,3972,4001,2.0,2.0,4.0,1.0,92.0,0.0,63.062,64.718,63.031,61.937,62.343,64.718
08-11-2026 21:20:37,6929,7607,1366,16384,18.0,97.0,17732,VDD_IN,30282,8284,8510,17406,17732,3972,4040,6.0,1.0,1.0,8.0,92.0,0.0,63.062,64.593,62.968,61.968,62.25,64.593
08-11-2026 21:20:38,6899,7607,1366,16384,17.5,98.0,17732,VDD_IN,30244,8285,8432,17407,17732,3972,4080,2.0,4.0,3.0,4.0,40.0,52.0,63.218,64.625,62.937,61.968,62.25,64.625
08-11-2026 21:20:39,6906,7607,1366,16384,21.833333333333332,98.0,17772,VDD_IN,30238,8285,8354,17408,17772,3973,4112,6.0,20.0,8.0,5.0,0.0,92.0,63.468,64.625,62.937,62.0,62.343,64.625
08-11-2026 21:20:40,6907,7607,1366,16384,17.5,98.0,17683,VDD_IN,30000,8285,8159,17409,17683,3973,4158,3.0,2.0,7.0,1.0,0.0,92.0,63.156,64.656,63.125,62.156,62.281,64.656
08-11-2026 21:20:41,6907,7607,1366,16384,17.0,98.0,17643,VDD_IN,29844,8284,7964,17410,17643,3974,4237,2.0,2.0,1.0,5.0,0.0,92.0,63.312,64.5,63.062,61.906,62.281,64.5
08-11-2026 21:20:42,6908,7607,1366,16384,17.5,99.0,17565,VDD_IN,29661,8282,7859,17411,17565,3975,4237,1.0,2.0,2.0,8.0,0.0,92.0,63.593,63.906,63.093,61.937,62.343,63.906
08-11-2026 21:20:43,6909,7607,1366,16384,17.5,99.0,17526,VDD_IN,29920,8282,8393,17411,17526,3975,4001,6.0,3.0,1.0,2.0,0.0,93.0,63.281,64.406,62.968,61.937,62.343,64.406
08-11-2026 21:20:45,6913,7607,1366,16384,22.333333333333332,99.0,17811,VDD_IN,30556,8284,8744,17412,17811,3975,4001,10.0,7.0,18.0,7.0,0.0,92.0,63.531,64.531,63.0,62.062,62.312,64.531
08-11-2026 21:20:46,6913,7607,1366,16384,17.0,99.0,18007,VDD_IN,30981,8286,8979,17414,18007,3975,3995,2.0,2.0,1.0,4.0,0.0,93.0,63.062,64.781,63.031,62.062,62.343,64.968
08-11-2026 21:20:47,6913,7607,1366,16384,18.333333333333332,97.0,17850,VDD_IN,30628,8288,8862,17415,17850,3975,3916,3.0,3.0,2.0,3.0,0.0,99.0,63.156,64.718,63.156,61.968,62.218,64.718
08-11-2026 21:20:48,6914,7607,1366,16384,17.666666666666668,97.0,17850,VDD_IN,30596,8290,8784,17417,17850,3975,3962,2.0,6.0,3.0,3.0,0.0,92.0,63.25,64.75,62.968,61.937,62.281,64.75
08-11-2026 21:20:49,6914,7607,1366,16384,17.166666666666668,98.0,17889,VDD_IN,30667,8291,8823,17418,17889,3975,3955,4.0,1.0,2.0,4.0,0.0,92.0,63.093,64.781,62.968,62.0,62.343,64.781
08-11-2026 21:20:50,6915,7607,1366,16384,16.833333333333332,97.0,17811,VDD_IN,30478,8292,8666,17420,17811,3975,4001,1.0,2.0,1.0,4.0,0.0,93.0,63.312,64.75,62.875,62.0,62.25,64.75
08-11-2026 21:20:51,6918,7607,1366,16384,22.666666666666668,98.0,17889,VDD_IN,30589,8294,8705,17421,17889,3975,3995,9.0,6.0,18.0,9.0,1.0,93.0,63.062,64.593,63.093,61.875,62.312,64.593
08-11-2026 21:20:52,6919,7607,1366,16384,17.0,98.0,17772,VDD_IN,30361,8295,8549,17422,17772,3975,4040,1.0,2.0,5.0,2.0,0.0,92.0,63.125,64.468,63.0,61.875,62.281,64.468
08-11-2026 21:20:53,6920,7607,1366,16384,17.0,97.0,17722,VDD_IN,30194,8295,8432,17423,17722,3975,4040,2.0,0.0,5.0,3.0,0.0,92.0,63.25,64.468,62.968,61.906,62.187,64.468
08-11-2026 21:20:54,6918,7607,1366,16384,16.833333333333332,97.0,17761,VDD_IN,30234,8295,8354,17424,17761,3976,4119,2.0,2.0,4.0,1.0,0.0,92.0,63.062,64.781,63.0,62.062,62.218,64.781
08-11-2026 21:20:55,6919,7607,1366,16384,17.166666666666668,99.0,17732,VDD_IN,30127,8295,8237,17425,17732,3976,4158,3.0,1.0,3.0,3.0,0.0,93.0,63.156,64.781,62.937,62.062,62.375,64.781
08-11-2026 21:20:56,6925,7607,1366,16384,21.833333333333332,97.0,17929,VDD_IN,30395,8295,8276,17427,17929,3977,4190,7.0,18.0,8.0,6.0,0.0,92.0,63.218,64.781,63.062,61.906,62.375,64.781
08-11-2026 21:20:57,6926,7607,1366,16384,17.166666666666668,98.0,17722,VDD_IN,29923,8294,7925,17428,17722,3978,4276,5.0,2.0,1.0,3.0,0.0,92.0,63.531,64.625,62.968,61.937,62.25,64.625
08-11-2026 21:20:58,6926,7607,1366,16384,17.5,99.0,17526,VDD_IN,29778,8293,8094,17428,17526,3979,4158,2.0,2.0,1.0,7.0,1.0,92.0,63.5,64.343,62.843,62.0,62.375,64.343
08-11-2026 21:20:59,6927,7607,1366,16384,17.666666666666668,99.0,17643,VDD_IN,30193,8294,8549,17429,17643,3979,4001,3.0,5.0,2.0,3.0,0.0,93.0,63.5,64.593,63.0,62.0,62.25,64.593
08-11-2026 21:21:00,6927,7607,1366,16384,16.666666666666668,99.0,17693,VDD_IN,30321,8295,8627,17429,17693,3979,4001,3.0,1.0,4.0,1.0,0.0,91.0,63.281,64.562,62.968,61.937,62.312,64.562
08-11-2026 21:21:01,6927,7607,1366,16384,17.333333333333332,99.0,17889,VDD_IN,30706,8297,8862,17431,17889,3979,3955,1.0,2.0,5.0,2.0,0.0,94.0,63.25,64.656,62.906,62.0,62.281,64.656
08-11-2026 21:21:02,6930,7607,1366,16384,22.833333333333332,97.0,17968,VDD_IN,30863,8299,8940,17432,17968,3979,3955,10.0,4.0,16.0,8.0,1.0,98.0,63.375,64.656,63.0,61.937,62.281,64.656
08-11-2026 21:21:03,6931,7607,1366,16384,16.833333333333332,98.0,17850,VDD_IN,30589,8300,8784,17434,17850,3978,3955,5.0,1.0,1.0,2.0,0.0,92.0,63.25,64.812,62.937,62.093,62.187,64.812
08-11-2026 21:21:04,6932,7607,1366,16384,17.166666666666668,97.0,17889,VDD_IN,30628,8302,8784,17435,17889,3978,3955,4.0,2.0,3.0,2.0,0.0,92.0,63.5,64.875,63.0,62.031,62.375,64.875
08-11-2026 21:21:05,6932,7607,1366,16384,16.666666666666668,98.0,17850,VDD_IN,30556,8303,8705,17436,17850,3978,4001,6.0,1.0,0.0,2.0,0.0,91.0,63.125,64.937,63.031,62.0,62.25,64.937
08-11-2026 21:21:06,6933,7607,1366,16384,17.0,97.0,17772,VDD_IN,30400,8304,8627,17437,17772,3979,4001,2.0,1.0,4.0,3.0,0.0,92.0,63.25,64.375,62.937,61.906,62.25,64.375
08-11-2026 21:21:07,6935,7607,1366,16384,21.333333333333332,98.0,17968,VDD_IN,30707,8305,8705,17439,17968,3979,4034,8.0,7.0,3.0,18.0,0.0,92.0,63.375,64.468,62.906,61.968,62.375,64.468
08-11-2026 21:21:08,6936,7607,1366,16384,17.666666666666668,98.0,17772,VDD_IN,30284,8305,8432,17440,17772,3979,4080,6.0,2.0,3.0,3.0,0.0,92.0,63.437,64.437,62.937,62.031,62.281,64.5
08-11-2026 21:21:09,6936,7607,1366,16384,17.5,98.0,17732,VDD_IN,30205,8306,8354,17441,17732,3979,4119,4.0,3.0,3.0,3.0,0.0,92.0,63.187,64.687,63.062,61.906,62.343,64.687
08-11-2026 21:21:10,6936,7607,1366,16384,17.166666666666668,99.0,17693,VDD_IN,30049,8305,8198,17442,17693,3980,4158,6.0,1.0,2.0,2.0,0.0,92.0,63.281,64.562,62.906,61.875,62.406,64.562
08-11-2026 21:21:11,6937,7607,1366,16384,17.5,97.0,17683,VDD_IN,29961,8305,8081,17442,17683,3981,4197,3.0,3.0,3.0,3.0,0.0,93.0,63.25,64.593,63.031,61.937,62.187,64.593
08-11-2026 21:21:12,6937,7607,1366,16384,17.0,98.0,17604,VDD_IN,29700,8303,7820,17443,17604,3981,4276,5.0,2.0,2.0,1.0,0.0,92.0,63.531,64.343,62.968,61.906,62.375,64.343
08-11-2026 21:21:13,6937,7607,1366,16384,21.166666666666668,99.0,17526,VDD_IN,29896,8303,8290,17443,17526,3982,4080,8.0,10.0,13.0,4.0,0.0,92.0,63.156,64.062,63.0,62.093,62.375,64.062
08-11-2026 21:21:14,6938,7607,1366,16384,17.333333333333332,99.0,17604,VDD_IN,30115,8304,8549,17443,17604,3982,3962,6.0,3.0,2.0,1.0,0.0,92.0,63.093,64.5,63.093,62.0,62.281,64.5
08-11-2026 21:21:15,6938,7607,1366,16384,17.166666666666668,99.0,18007,VDD_IN,30864,8305,8784,17445,18007,3982,4073,3.0,3.0,2.0,3.0,0.0,92.0,63.281,64.531,62.906,61.968,62.375,64.531
08-11-2026 21:21:16,6937,7607,1366,16384,17.5,96.0,17811,VDD_IN,30518,8307,8784,17446,17811,3982,3923,4.0,1.0,2.0,1.0,0.0,97.0,63.156,64.468,62.906,61.968,62.25,64.468
08-11-2026 21:21:17,6938,7607,1366,16384,17.833333333333332,98.0,17889,VDD_IN,30706,8308,8862,17447,17889,3982,3955,5.0,2.0,3.0,2.0,0.0,95.0,63.437,64.593,63.0,62.0,62.343,64.593
08-11-2026 21:21:18,6941,7607,1366,16384,22.166666666666668,98.0,17889,VDD_IN,30628,8310,8784,17449,17889,3982,3955,11.0,7.0,6.0,18.0,0.0,91.0,63.093,64.718,63.031,62.031,62.281,64.718
08-11-2026 21:21:19,6918,7607,1366,16384,17.5,97.0,17850,VDD_IN,30550,8311,8705,17450,17850,3982,3995,4.0,2.0,2.0,4.0,1.0,92.0,63.187,64.781,63.125,61.937,62.343,64.781
08-11-2026 21:21:20,6919,7607,1366,16384,16.833333333333332,98.0,17811,VDD_IN,30433,8312,8627,17451,17811,3982,3995,5.0,1.0,1.0,2.0,0.0,92.0,63.312,64.875,62.968,61.906,62.375,64.875
08-11-2026 21:21:21,6920,7607,1366,16384,16.833333333333332,97.0,17772,VDD_IN,30361,8313,8588,17452,17772,3982,4001,3.0,3.0,1.0,2.0,0.0,92.0,63.281,64.781,63.0,62.031,62.281,64.781
08-11-2026 21:21:22,6921,7607,1366,16384,17.166666666666668,97.0,17772,VDD_IN,30316,8313,8510,17453,17772,3982,4034,2.0,1.0,5.0,2.0,0.0,93.0,63.437,64.812,63.031,62.031,62.343,64.812
08-11-2026 21:21:23,6923,7607,1366,16384,17.833333333333332,97.0,17811,VDD_IN,30394,8314,8510,17454,17811,3982,4073,3.0,4.0,5.0,3.0,0.0,92.0,63.281,64.843,63.0,62.093,62.312,64.843
08-11-2026 21:21:24,6931,7607,1366,16384,21.0,98.0,17654,VDD_IN,30049,8314,8276,17454,17654,3983,4119,15.0,7.0,5.0,6.0,1.0,92.0,63.156,64.75,63.093,61.906,62.343,64.75
08-11-2026 21:21:25,6930,7607,1366,16384,17.666666666666668,97.0,17722,VDD_IN,30039,8313,8159,17455,17722,3983,4158,4.0,4.0,2.0,2.0,2.0,92.0,63.406,64.468,62.937,62.031,62.281,64.468
08-11-2026 21:21:26,6931,7607,1366,16384,17.0,97.0,17683,VDD_IN,29923,8312,8003,17456,17683,3984,4237,3.0,1.0,2.0,4.0,0.0,92.0,63.343,64.437,63.0,61.937,62.25,64.437
08-11-2026 21:21:27,6931,7607,1366,16384,17.166666666666668,99.0,17526,VDD_IN,29610,8311,7808,17456,17526,3985,4276,2.0,1.0,1.0,2.0,5.0,92.0,63.75,63.937,63.031,62.031,62.312,63.937
08-11-2026 21:21:28,6932,7607,1366,16384,17.333333333333332,99.0,17526,VDD_IN,29881,8311,8315,17456,17526,3985,4040,3.0,4.0,2.0,3.0,0.0,92.0,63.25,64.406,63.062,61.843,62.437,64.75
08-11-2026 21:21:29,6935,7607,1366,16384,22.166666666666668,99.0,17772,VDD_IN,30400,8312,8588,17457,17772,3985,4040,5.0,17.0,11.0,8.0,0.0,92.0,63.25,64.843,63.218,61.906,62.312,64.843
08-11-2026 21:21:30,6935,7607,1366,16384,16.833333333333332,99.0,18007,VDD_IN,30903,8313,8823,17459,18007,3985,4073,2.0,3.0,1.0,2.0,1.0,92.0,63.406,64.5,63.0,61.968,62.343,64.5
08-11-2026 21:21:31,6935,7607,1366,16384,17.833333333333332,97.0,17801,VDD_IN,30508,8314,8784,17460,17801,3985,3923,1.0,2.0,3.0,3.0,0.0,98.0,63.406,64.375,63.0,62.062,62.343,64.375
08-11-2026 21:21:32,6936,7607,1366,16384,17.666666666666668,97.0,17811,VDD_IN,30596,8316,8823,17461,17811,3985,3962,3.0,5.0,4.0,1.0,0.0,93.0,63.156,64.718,63.062,61.937,62.25,64.718
08-11-2026 21:21:33,6936,7607,1366,16384,17.333333333333332,97.0,17772,VDD_IN,30478,8317,8744,17461,17772,3985,3962,3.0,3.0,2.0,3.0,0.0,93.0,63.343,64.562,62.906,61.968,62.343,64.562
08-11-2026 21:21:34,6938,7607,1366,16384,19.833333333333332,98.0,17968,VDD_IN,30785,8318,8862,17463,17968,3985,3955,8.0,8.0,6.0,5.0,0.0,92.0,63.906,64.343,63.031,62.062,62.343,64.343
08-11-2026 21:21:35,6938,7607,1366,16384,18.0,99.0,17732,VDD_IN,30321,8319,8588,17464,17732,3985,4001,1.0,2.0,5.0,7.0,1.0,92.0,63.187,64.343,63.093,62.062,62.375,64.343
08-11-2026 21:21:36,6939,7607,1366,16384,17.333333333333332,98.0,17732,VDD_IN,30282,8320,8549,17464,17732,3985,4001,4.0,2.0,2.0,2.0,2.0,92.0,63.125,64.312,63.0,61.875,62.375,64.312
08-11-2026 21:21:37,6940,7607,1366,16384,17.166666666666668,98.0,17654,VDD_IN,30126,8320,8432,17465,17654,3985,4040,1.0,1.0,3.0,1.0,4.0,93.0,63.187,64.468,62.843,61.937,62.281,64.468
08-11-2026 21:21:38,6940,7607,1366,16384,17.0,98.0,17643,VDD_IN,29998,8320,8315,17465,17643,3985,4040,4.0,3.0,3.0,0.0,0.0,92.0,63.25,64.5,62.906,61.937,62.312,64.5
08-11-2026 21:21:39,6933,7607,1366,16384,17.833333333333332,26.0,12003,VDD_IN,19826,8310,4620,17450,12003,3983,3203,8.0,7.0,18.0,12.0,12.0,50.0,63.156,62.843,62.906,62.031,61.937,63.156
08-11-2026 21:21:40,7080,7607,1366,16384,80.16666666666667,54.0,8479,VDD_IN,13171,8295,2782,17426,8479,3977,1910,76.0,75.0,77.0,89.0,87.0,77.0,62.687,61.656,62.562,61.656,61.375,62.687
08-11-2026 21:21:41,7087,7607,1366,16384,18.333333333333332,97.0,16649,VDD_IN,28397,8294,8133,17424,16649,3976,3615,3.0,6.0,99.0,2.0,0.0,0.0,63.062,63.843,62.5,61.625,61.812,63.843
08-11-2026 21:21:42,7088,7607,1366,16384,16.833333333333332,98.0,17604,VDD_IN,30193,8295,8666,17424,17604,3976,3923,3.0,3.0,92.0,2.0,0.0,1.0,63.25,64.125,62.625,61.718,61.906,64.125
08-11-2026 21:21:43,7087,7607,1366,16384,16.333333333333332,97.0,17761,VDD_IN,30389,8296,8666,17425,17761,3976,3962,3.0,1.0,92.0,1.0,1.0,0.0,63.187,64.218,62.75,61.718,62.062,64.218
08-11-2026 21:21:44,7088,7607,1366,16384,16.833333333333332,97.0,17722,VDD_IN,30272,8297,8588,17426,17722,3976,3962,4.0,2.0,92.0,3.0,0.0,0.0,63.531,64.312,62.75,61.843,62.093,64.312
08-11-2026 21:21:45,7088,7607,1366,16384,16.5,97.0,17732,VDD_IN,30321,8298,8588,17427,17732,3976,4001,3.0,1.0,92.0,2.0,0.0,1.0,63.218,64.25,62.843,61.75,62.156,64.25
08-11-2026 21:21:46,7094,7607,1366,16384,20.5,97.0,17732,VDD_IN,30282,8299,8549,17428,17732,3976,4001,6.0,7.0,16.0,14.0,79.0,1.0,62.843,64.531,62.75,61.75,62.062,64.531
08-11-2026 21:21:47,7088,7607,1366,16384,18.0,98.0,17643,VDD_IN,30037,8299,8354,17428,17643,3976,4040,8.0,2.0,4.0,2.0,92.0,0.0,63.062,64.375,62.687,61.781,62.031,64.375
08-11-2026 21:21:48,7090,7607,1366,16384,17.0,98.0,17683,VDD_IN,30078,8299,8315,17429,17683,3977,4080,3.0,1.0,1.0,4.0,93.0,0.0,62.937,64.593,62.718,61.812,62.031,64.593
08-11-2026 21:21:49,7090,7607,1366,16384,17.5,98.0,17604,VDD_IN,29895,8299,8172,17429,17604,3977,4119,4.0,5.0,1.0,1.0,92.0,2.0,63.125,64.593,62.781,61.906,62.031,64.593
08-11-2026 21:21:50,7090,7607,1366,16384,17.0,97.0,17526,VDD_IN,29700,8298,8016,17430,17526,3978,4158,2.0,2.0,3.0,3.0,92.0,0.0,62.875,64.625,62.906,61.718,62.062,64.625
08-11-2026 21:21:51,7095,7607,1366,16384,22.166666666666668,97.0,17643,VDD_IN,29805,8297,7925,17430,17643,3978,4237,5.0,8.0,7.0,20.0,93.0,0.0,63.062,64.218,62.75,61.812,62.093,64.218
08-11-2026 21:21:52,7095,7607,1366,16384,17.0,99.0,17408,VDD_IN,29582,8296,8016,17430,17408,3979,4158,2.0,2.0,2.0,4.0,92.0,0.0,63.375,63.843,62.781,61.843,62.187,63.843
08-11-2026 21:21:53,7095,7607,1366,16384,17.166666666666668,99.0,17447,VDD_IN,29841,8296,8432,17430,17447,3979,3962,2.0,3.0,2.0,4.0,92.0,0.0,62.875,64.375,62.843,61.875,62.156,64.375
08-11-2026 21:21:54,7095,7607,1366,16384,17.0,99.0,17604,VDD_IN,30154,8297,8549,17431,17604,3979,4001,3.0,5.0,1.0,2.0,91.0,0.0,63.156,64.406,62.843,61.906,62.156,64.406
08-11-2026 21:21:55,7095,7607,1366,16384,17.5,99.0,17604,VDD_IN,30154,8298,8627,17431,17604,3979,3923,4.0,3.0,2.0,1.0,95.0,0.0,62.875,64.343,62.906,61.781,62.25,64.343
08-11-2026 21:21:56,7097,7607,1366,16384,19.0,97.0,17772,VDD_IN,30511,8299,8823,17432,17772,3978,3916,65.0,6.0,4.0,5.0,33.0,1.0,63.375,64.406,62.875,61.812,62.25,64.406
08-11-2026 21:21:57,7097,7607,1366,16384,20.333333333333332,98.0,17761,VDD_IN,30428,8300,8705,17433,17761,3978,3962,5.0,2.0,9.0,14.0,92.0,0.0,63.125,64.343,62.875,61.843,62.125,64.343
08-11-2026 21:21:58,7096,7607,1366,16384,17.5,97.0,17693,VDD_IN,30360,8301,8705,17434,17693,3978,3962,5.0,4.0,1.0,2.0,93.0,0.0,62.781,64.312,62.812,61.843,62.156,64.312
08-11-2026 21:21:59,7096,7607,1366,16384,17.333333333333332,98.0,17683,VDD_IN,30194,8302,8549,17434,17683,3978,3962,2.0,7.0,2.0,1.0,92.0,0.0,63.125,64.281,62.875,61.937,62.187,64.281
08-11-2026 21:22:00,7096,7607,1366,16384,17.166666666666668,98.0,17722,VDD_IN,30272,8303,8549,17435,17722,3978,4001,3.0,3.0,1.0,4.0,92.0,0.0,62.843,64.343,62.968,61.843,62.25,64.343
08-11-2026 21:22:01,7096,7607,1366,16384,17.0,97.0,17604,VDD_IN,30076,8303,8432,17435,17604,3979,4040,3.0,4.0,2.0,1.0,92.0,0.0,62.937,64.312,63.031,61.906,62.062,64.312
08-11-2026 21:22:02,7097,7607,1366,16384,22.0,98.0,17761,VDD_IN,30233,8303,8432,17436,17761,3979,4040,18.0,7.0,8.0,6.0,93.0,0.0,63.156,64.375,62.875,61.906,62.156,64.562
08-11-2026 21:22:03,7097,7607,1366,16384,16.833333333333332,98.0,17643,VDD_IN,29960,8303,8237,17437,17643,3979,4080,2.0,4.0,2.0,1.0,92.0,0.0,63.437,64.406,62.875,61.906,62.156,64.406
08-11-2026 21:22:04,7097,7607,1366,16384,17.166666666666668,97.0,17604,VDD_IN,29843,8303,8120,17437,17604,3979,4119,2.0,4.0,2.0,3.0,92.0,0.0,62.968,64.468,63.031,61.937,62.156,64.468
08-11-2026 21:22:05,7097,7607,1366,16384,17.166666666666668,98.0,17565,VDD_IN,29648,8302,7886,17437,17565,3980,4197,2.0,4.0,2.0,2.0,93.0,0.0,63.093,64.531,63.0,61.906,62.187,64.531
08-11-2026 21:22:06,7097,7607,1366,16384,16.833333333333332,99.0,17447,VDD_IN,29426,8300,7742,17437,17447,3981,4237,3.0,2.0,2.0,2.0,92.0,0.0,63.25,64.0,62.843,61.906,62.156,64.0
08-11-2026 21:22:07,7097,7607,1366,16384,22.333333333333332,99.0,17683,VDD_IN,30194,8301,8510,17438,17683,3981,4001,6.0,6.0,8.0,12.0,87.0,15.0,63.375,64.437,62.875,61.937,62.25,64.437
08-11-2026 21:22:08,7097,7607,1366,16384,16.833333333333332,99.0,17526,VDD_IN,29998,8301,8471,17438,17526,3981,4001,2.0,3.0,1.0,4.0,0.0,91.0,63.343,64.343,62.875,61.968,62.218,64.343
08-11-2026 21:22:09,7075,7607,1366,16384,18.833333333333332,99.0,17889,VDD_IN,30707,8303,8823,17439,17889,3981,3995,10.0,3.0,2.0,5.0,0.0,93.0,63.0,64.625,62.906,61.781,62.281,64.625
08-11-2026 21:22:10,7076,7607,1366,16384,18.333333333333332,98.0,17732,VDD_IN,30478,8304,8823,17440,17732,3981,3923,4.0,2.0,2.0,2.0,0.0,100.0,63.156,64.468,62.812,61.875,62.187,64.468
08-11-2026 21:22:11,7076,7607,1366,16384,17.333333333333332,97.0,17761,VDD_IN,30350,8305,8666,17441,17761,3980,3923,8.0,1.0,2.0,1.0,0.0,92.0,63.312,64.437,62.843,61.875,62.125,64.437
08-11-2026 21:22:12,7076,7607,1366,16384,18.0,98.0,17801,VDD_IN,30468,8306,8705,17442,17801,3980,3962,4.0,3.0,3.0,6.0,0.0,92.0,63.25,64.468,62.875,61.937,62.156,64.468
08-11-2026 21:22:13,7084,7607,1366,16384,21.833333333333332,97.0,17732,VDD_IN,30399,8307,8705,17443,17732,3980,3962,8.0,18.0,7.0,6.0,0.0,92.0,63.5,64.781,62.968,62.093,62.25,64.781
08-11-2026 21:22:14,7084,7607,1366,16384,16.666666666666668,98.0,17693,VDD_IN,30282,8308,8588,17443,17693,3980,4001,2.0,1.0,1.0,2.0,2.0,92.0,63.031,64.718,62.906,61.843,62.281,64.718
08-11-2026 21:22:15,7085,7607,1366,16384,17.166666666666668,97.0,17683,VDD_IN,30155,8308,8471,17444,17683,3980,4001,3.0,2.0,3.0,2.0,0.0,93.0,63.125,64.781,63.093,61.843,62.218,64.781
08-11-2026 21:22:16,7085,7607,1366,16384,16.833333333333332,97.0,17604,VDD_IN,29998,8308,8354,17444,17604,3981,4040,1.0,3.0,4.0,1.0,0.0,92.0,63.437,64.75,63.031,61.906,62.218,64.75
08-11-2026 21:22:17,7086,7607,1366,16384,17.833333333333332,98.0,17604,VDD_IN,29960,8308,8276,17445,17604,3981,4080,3.0,6.0,3.0,3.0,0.0,92.0,63.218,64.875,62.937,62.0,62.187,64.875
08-11-2026 21:22:18,7087,7607,1366,16384,21.333333333333332,97.0,17761,VDD_IN,30156,8308,8237,17445,17761,3981,4158,12.0,4.0,11.0,9.0,0.0,92.0,63.468,64.781,62.906,62.0,62.25,64.781
08-11-2026 21:22:19,7088,7607,1366,16384,17.833333333333332,97.0,17604,VDD_IN,29765,8307,7964,17446,17604,3982,4197,3.0,4.0,5.0,3.0,0.0,92.0,63.156,64.437,63.031,61.875,62.281,64.437
08-11-2026 21:22:20,7088,7607,1366,16384,17.333333333333332,99.0,17447,VDD_IN,29387,8305,7664,17446,17447,3982,4276,3.0,2.0,5.0,2.0,0.0,92.0,63.531,63.906,63.031,61.843,62.218,63.906
08-11-2026 21:22:21,7089,7607,1366,16384,16.5,99.0,17408,VDD_IN,29659,8305,8211,17446,17408,3983,4040,4.0,1.0,1.0,1.0,0.0,92.0,63.5,64.375,63.031,61.937,62.281,64.375
08-11-2026 21:22:22,7089,7607,1366,16384,17.0,99.0,17526,VDD_IN,29920,8305,8432,17446,17526,3983,3962,4.0,2.0,1.0,4.0,0.0,91.0,63.125,64.5,62.937,62.031,62.187,64.5
08-11-2026 21:22:23,7089,7607,1366,16384,17.166666666666668,99.0,17968,VDD_IN,30785,8306,8744,17447,17968,3983,4073,4.0,2.0,1.0,3.0,0.0,93.0,63.5,64.781,63.0,62.062,62.343,64.468
08-11-2026 21:22:24,7092,7607,1366,16384,22.166666666666668,97.0,17732,VDD_IN,30517,8308,8862,17448,17732,3983,3923,4.0,16.0,3.0,12.0,0.0,98.0,63.031,64.437,63.031,61.843,62.375,64.437
08-11-2026 21:22:25,7093,7607,1366,16384,17.666666666666668,98.0,17732,VDD_IN,30399,8309,8744,17449,17732,3983,3923,3.0,2.0,2.0,5.0,0.0,94.0,63.187,64.5,62.906,61.906,62.218,64.5
08-11-2026 21:22:26,7093,7607,1366,16384,17.333333333333332,97.0,17654,VDD_IN,30282,8310,8666,17449,17654,3982,3962,4.0,2.0,4.0,2.0,0.0,92.0,63.312,64.375,62.875,62.0,62.156,64.375
08-11-2026 21:22:27,7094,7607,1366,16384,17.0,97.0,17761,VDD_IN,30389,8311,8666,17450,17761,3982,3962,3.0,1.0,2.0,4.0,0.0,92.0,63.062,64.437,62.968,62.0,62.25,64.437
08-11-2026 21:22:28,7094,7607,1366,16384,18.0,97.0,17722,VDD_IN,30272,8311,8549,17451,17722,3982,4001,3.0,5.0,1.0,6.0,0.0,93.0,63.125,64.656,62.968,61.906,62.25,64.656
08-11-2026 21:22:29,7096,7607,1366,16384,21.833333333333332,97.0,17850,VDD_IN,30511,8312,8627,17451,17850,3983,4034,6.0,7.0,15.0,11.0,0.0,92.0,63.093,64.687,63.062,61.906,62.25,64.687
08-11-2026 21:22:30,7098,7607,1366,16384,19.166666666666668,97.0,17761,VDD_IN,30194,8312,8393,17452,17761,3983,4040,3.0,8.0,7.0,5.0,0.0,92.0,63.187,64.593,62.906,61.906,62.312,64.593
08-11-2026 21:22:31,7099,7607,1366,16384,17.333333333333332,98.0,17722,VDD_IN,30117,8312,8315,17453,17722,3983,4080,2.0,3.0,1.0,6.0,0.0,92.0,63.375,64.687,62.906,61.906,62.156,64.687
08-11-2026 21:22:32,7099,7607,1366,16384,16.833333333333332,98.0,17604,VDD_IN,29895,8312,8172,17453,17604,3983,4119,2.0,1.0,2.0,4.0,0.0,92.0,63.187,64.406,63.031,62.062,62.25,64.406
08-11-2026 21:22:33,7100,7607,1366,16384,17.166666666666668,98.0,17565,VDD_IN,29778,8311,8016,17454,17565,3984,4197,1.0,1.0,2.0,7.0,0.0,92.0,63.125,64.375,63.093,61.968,62.375,64.375
08-11-2026 21:22:34,7100,7607,1366,16384,17.666666666666668,99.0,17565,VDD_IN,29622,8310,7781,17454,17565,3984,4276,3.0,3.0,2.0,7.0,0.0,91.0,63.531,64.25,62.937,61.937,62.312,64.25
08-11-2026 21:22:35,7103,7607,1366,16384,21.0,99.0,17526,VDD_IN,29817,8310,8172,17454,17526,3985,4119,14.0,4.0,2.0,13.0,0.0,93.0,63.75,64.062,63.0,62.0,62.312,64.062
08-11-2026 21:22:36,7104,7607,1366,16384,16.5,99.0,17447,VDD_IN,29880,8310,8510,17454,17447,3985,3923,4.0,2.0,0.0,2.0,0.0,91.0,63.312,64.468,63.093,62.125,62.343,64.468
08-11-2026 21:22:37,7104,7607,1366,16384,17.0,99.0,17929,VDD_IN,30707,8311,8705,17455,17929,3985,4073,5.0,1.0,1.0,2.0,0.0,93.0,63.187,64.937,63.031,61.875,62.437,64.937
08-11-2026 21:22:38,7104,7607,1366,16384,18.166666666666668,97.0,17722,VDD_IN,30389,8312,8744,17456,17722,3985,3923,3.0,2.0,5.0,2.0,0.0,97.0,63.062,64.812,63.093,61.937,62.281,64.812
08-11-2026 21:22:39,7104,7607,1366,16384,18.666666666666668,98.0,17801,VDD_IN,30508,8313,8784,17457,17801,3985,3923,8.0,4.0,2.0,3.0,0.0,95.0,63.281,64.937,62.937,61.968,62.187,64.937
08-11-2026 21:22:40,7105,7607,1366,16384,21.166666666666668,97.0,17850,VDD_IN,30596,8314,8784,17457,17850,3985,3962,9.0,16.0,3.0,7.0,0.0,92.0,63.562,64.906,63.031,62.0,62.218,64.906
08-11-2026 21:22:41,7105,7607,1366,16384,17.0,98.0,17801,VDD_IN,30468,8315,8705,17458,17801,3984,3962,1.0,3.0,1.0,5.0,0.0,92.0,63.25,64.937,63.031,62.093,62.281,64.937
08-11-2026 21:22:42,7106,7607,1366,16384,17.333333333333332,98.0,17761,VDD_IN,30350,8316,8588,17459,17761,3985,4001,2.0,3.0,1.0,5.0,0.0,93.0,63.125,64.718,63.0,61.906,62.375,64.718
08-11-2026 21:22:43,7106,7607,1366,16384,17.333333333333332,97.0,17801,VDD_IN,30390,8316,8588,17460,17801,3985,4001,5.0,3.0,2.0,2.0,0.0,92.0,63.187,64.656,63.093,61.937,62.312,64.656
08-11-2026 21:22:44,7107,7607,1366,16384,17.5,98.0,17693,VDD_IN,30204,8317,8471,17460,17693,3985,4040,5.0,3.0,2.0,3.0,0.0,92.0,63.218,64.625,63.062,62.093,62.312,64.625
08-11-2026 21:22:45,7107,7607,1366,16384,19.5,97.0,17850,VDD_IN,30433,8317,8510,17461,17850,3985,4073,16.0,2.0,3.0,3.0,0.0,93.0,63.562,64.656,62.937,62.031,62.375,64.656
08-11-2026 21:22:46,7109,7607,1366,16384,19.0,98.0,17722,VDD_IN,30117,8317,8276,17462,17722,3985,4119,7.0,4.0,3.0,7.0,1.0,92.0,63.25,64.437,63.093,62.187,62.312,64.437
08-11-2026 21:22:47,7109,7607,1366,16384,16.666666666666668,97.0,17643,VDD_IN,29921,8317,8120,17462,17643,3986,4158,2.0,3.0,3.0,1.0,0.0,91.0,63.218,64.375,63.062,61.937,62.25,64.375
08-11-2026 21:22:48,7110,7607,1366,16384,16.666666666666668,98.0,17604,VDD_IN,29740,8316,7899,17463,17604,3986,4237,2.0,1.0,1.0,4.0,0.0,92.0,63.531,64.343,63.0,61.968,62.312,64.343
08-11-2026 21:22:49,7110,7607,1366,16384,17.666666666666668,99.0,17447,VDD_IN,29503,8315,7859,17462,17447,3987,4197,3.0,3.0,3.0,5.0,0.0,92.0,63.593,63.937,63.031,62.062,62.281,64.093
08-11-2026 21:22:50,7111,7607,1366,16384,17.666666666666668,99.0,17486,VDD_IN,29919,8315,8432,17463,17486,3987,4001,1.0,3.0,8.0,2.0,0.0,92.0,63.593,64.625,63.031,62.062,62.375,64.625
08-11-2026 21:22:51,7113,7607,1366,16384,21.5,99.0,17722,VDD_IN,30311,8316,8588,17463,17722,3987,4001,10.0,17.0,3.0,7.0,0.0,92.0,63.093,64.718,63.093,61.937,62.406,64.718
08-11-2026 21:22:52,7113,7607,1366,16384,17.166666666666668,99.0,17850,VDD_IN,30628,8317,8823,17464,17850,3987,3955,5.0,2.0,0.0,3.0,0.0,93.0,63.125,64.781,63.062,61.968,62.281,64.781
08-11-2026 21:22:53,7113,7607,1366,16384,18.666666666666668,97.0,17772,VDD_IN,30518,8318,8823,17465,17772,3987,3923,2.0,2.0,7.0,2.0,0.0,99.0,63.375,64.531,62.968,62.0,62.281,64.531
08-11-2026 21:22:54,7114,7607,1366,16384,16.833333333333332,98.0,17801,VDD_IN,30507,8319,8744,17465,17801,3986,3962,2.0,1.0,1.0,5.0,0.0,92.0,63.218,64.593,63.0,62.093,62.375,64.593
08-11-2026 21:22:55,7115,7607,1366,16384,17.0,97.0,17801,VDD_IN,30468,8320,8705,17466,17801,3986,3962,1.0,1.0,6.0,2.0,0.0,92.0,63.125,64.468,63.093,62.0,62.375,64.468
08-11-2026 21:22:56,7104,7607,1366,16384,26.666666666666668,98.0,18242,VDD_IN,31294,8321,9057,17468,18242,3986,3995,16.0,20.0,10.0,20.0,2.0,92.0,63.562,64.5,63.156,61.937,62.468,64.5
08-11-2026 21:22:57,7100,7607,1366,16384,40.0,98.0,18517,VDD_IN,31686,8323,9174,17470,18517,3986,3995,23.0,69.0,21.0,23.0,12.0,92.0,63.531,64.593,63.031,62.0,62.468,64.593
08-11-2026 21:22:58,7102,7607,1366,16384,29.833333333333332,99.0,18007,VDD_IN,30785,8324,8744,17472,18007,3987,4034,7.0,6.0,21.0,53.0,0.0,92.0,63.562,64.781,63.031,62.031,62.406,64.781
08-11-2026 21:22:59,7106,7607,1366,16384,32.166666666666664,98.0,18125,VDD_IN,30982,8325,8784,17473,18125,3987,4073,8.0,21.0,6.0,66.0,0.0,92.0,63.25,64.843,63.062,62.093,62.375,64.843
08-11-2026 21:23:00,7107,7607,1366,16384,17.0,99.0,17722,VDD_IN,30078,8325,8237,17474,17722,3987,4119,2.0,2.0,6.0,1.0,0.0,91.0,63.187,64.781,63.093,62.031,62.343,64.781
08-11-2026 21:23:01,7106,7607,1366,16384,18.5,98.0,17683,VDD_IN,29922,8325,8081,17474,17683,3987,4158,8.0,3.0,5.0,3.0,0.0,92.0,63.218,64.718,63.187,61.906,62.312,64.718
08-11-2026 21:23:02,7109,7607,1366,16384,27.166666666666668,99.0,17889,VDD_IN,30317,8324,8159,17475,17889,3988,4269,7.0,18.0,18.0,26.0,3.0,91.0,63.468,64.625,62.968,62.031,62.312,64.625
08-11-2026 21:23:03,7106,7607,1366,16384,28.666666666666668,99.0,17732,VDD_IN,30205,8324,8354,17476,17732,3988,4119,18.0,2.0,7.0,53.0,0.0,92.0,63.625,64.343,63.062,61.968,62.375,64.343
08-11-2026 21:23:04,7108,7607,1366,16384,17.166666666666668,99.0,17565,VDD_IN,30076,8325,8549,17476,17565,3988,3962,2.0,1.0,2.0,6.0,0.0,92.0,63.062,64.906,63.0,62.156,62.312,64.687
08-11-2026 21:23:05,7108,7607,1366,16384,17.166666666666668,99.0,17850,VDD_IN,30550,8325,8666,17477,17850,3988,4034,2.0,1.0,6.0,1.0,0.0,93.0,63.093,64.687,63.031,61.906,62.375,64.687
08-11-2026 21:23:06,7109,7607,1366,16384,17.833333333333332,97.0,17683,VDD_IN,30311,8326,8666,17477,17683,3988,3962,4.0,2.0,5.0,1.0,0.0,95.0,63.062,64.562,63.125,61.937,62.281,64.562
08-11-2026 21:23:07,7111,7607,1366,16384,22.333333333333332,97.0,17968,VDD_IN,30902,8328,8979,17478,17968,3988,3955,11.0,15.0,9.0,3.0,0.0,96.0,63.25,64.687,62.906,61.968,62.25,64.687
08-11-2026 21:23:08,7114,7607,1366,16384,23.166666666666668,97.0,18085,VDD_IN,31058,8329,9018,17479,18085,3988,3955,6.0,6.0,32.0,3.0,0.0,92.0,63.687,64.718,62.968,61.968,62.281,64.718
08-11-2026 21:23:09,7112,7607,1366,16384,27.0,98.0,17929,VDD_IN,30785,8330,8901,17480,17929,3988,3955,22.0,10.0,36.0,2.0,0.0,92.0,63.156,64.718,63.031,61.968,62.25,64.718
08-11-2026 21:23:10,7113,7607,1366,16384,17.166666666666668,97.0,17732,VDD_IN,30354,8331,8627,17481,17732,3988,3995,3.0,2.0,3.0,2.0,0.0,93.0,63.187,64.562,63.093,61.937,62.375,64.562
08-11-2026 21:23:11,7114,7607,1366,16384,17.166666666666668,98.0,17772,VDD_IN,30322,8332,8549,17482,17772,3988,4001,3.0,1.0,4.0,3.0,0.0,92.0,63.281,64.468,63.156,61.906,62.218,64.468
08-11-2026 21:23:12,7114,7607,1366,16384,17.5,99.0,17761,VDD_IN,30272,8332,8471,17482,17761,3988,4040,2.0,2.0,8.0,1.0,0.0,92.0,63.187,64.468,63.093,61.937,62.375,64.468
08-11-2026 21:23:13,7115,7607,1366,16384,22.333333333333332,98.0,17811,VDD_IN,30362,8332,8471,17483,17811,3988,4080,5.0,16.0,6.0,11.0,4.0,92.0,63.406,64.5,63.031,62.062,62.25,64.5
08-11-2026 21:23:14,7118,7607,1366,16384,25.0,98.0,18046,VDD_IN,30746,8333,8588,17484,18046,3989,4112,45.0,5.0,5.0,3.0,0.0,92.0,63.25,64.406,63.062,62.156,62.5,64.406
08-11-2026 21:23:15,7119,7607,1366,16384,25.333333333333332,97.0,17811,VDD_IN,30199,8333,8237,17485,17811,3989,4151,26.0,21.0,6.0,7.0,0.0,92.0,63.281,64.468,63.062,61.937,62.312,64.468
08-11-2026 21:23:16,7120,7607,1366,16384,17.0,98.0,17643,VDD_IN,29739,8331,7859,17485,17643,3990,4237,3.0,2.0,4.0,1.0,0.0,92.0,63.406,64.5,62.968,61.937,62.25,64.5
08-11-2026 21:23:17,7120,7607,1366,16384,17.0,99.0,17486,VDD_IN,29660,8331,8016,17485,17486,3990,4158,2.0,1.0,5.0,2.0,0.0,92.0,63.5,64.093,62.968,62.0,62.375,64.093
08-11-2026 21:23:18,7117,7607,1366,16384,22.166666666666668,99.0,17722,VDD_IN,30350,8331,8627,17486,17722,3990,4001,6.0,5.0,12.0,17.0,1.0,92.0,63.343,64.656,62.968,61.968,62.281,64.656
08-11-2026 21:23:19,7118,7607,1366,16384,17.333333333333332,99.0,17693,VDD_IN,30321,8332,8627,17486,17693,3990,4001,3.0,1.0,1.0,4.0,2.0,93.0,63.062,64.625,63.0,62.062,62.281,64.625
08-11-2026 21:23:20,7120,7607,1366,16384,27.5,98.0,18203,VDD_IN,31293,8334,9135,17488,18203,3990,3955,5.0,5.0,57.0,4.0,0.0,94.0,63.593,64.875,63.031,61.843,62.468,64.875
08-11-2026 21:23:21,7121,7607,1366,16384,23.833333333333332,97.0,17889,VDD_IN,30713,8335,8901,17489,17889,3990,3923,6.0,20.0,14.0,4.0,2.0,97.0,63.312,64.5,62.937,61.968,62.343,64.5
08-11-2026 21:23:22,7122,7607,1366,16384,16.666666666666668,99.0,17732,VDD_IN,30478,8336,8784,17489,17732,3990,3962,0.0,3.0,3.0,2.0,0.0,92.0,63.531,64.593,63.0,62.0,62.281,64.593
08-11-2026 21:23:23,7123,7607,1366,16384,18.0,97.0,17811,VDD_IN,30517,8337,8744,17490,17811,3990,3962,4.0,3.0,7.0,2.0,0.0,92.0,63.406,64.531,62.968,61.937,62.406,64.531
08-11-2026 21:23:24,7125,7607,1366,16384,21.5,98.0,17772,VDD_IN,30439,8338,8666,17490,17772,3990,4001,3.0,6.0,12.0,15.0,1.0,92.0,63.125,64.531,63.093,62.0,62.281,64.531
08-11-2026 21:23:25,7126,7607,1366,16384,16.833333333333332,97.0,17772,VDD_IN,30361,8338,8588,17491,17772,3990,4001,3.0,1.0,4.0,1.0,0.0,92.0,63.156,64.562,63.093,62.031,62.25,64.562
08-11-2026 21:23:26,7127,7607,1366,16384,29.166666666666668,97.0,18203,VDD_IN,31177,8339,8940,17493,18203,3990,4034,8.0,5.0,3.0,66.0,1.0,92.0,63.562,64.593,63.0,61.937,62.343,64.593
08-11-2026 21:23:27,7128,7607,1366,16384,20.833333333333332,97.0,17772,VDD_IN,30323,8340,8471,17493,17772,3990,4080,5.0,5.0,19.0,5.0,0.0,91.0,63.593,64.843,62.968,62.0,62.406,64.843
08-11-2026 21:23:28,7127,7607,1366,16384,17.5,97.0,17722,VDD_IN,30078,8339,8237,17494,17722,3990,4119,1.0,3.0,4.0,4.0,0.0,93.0,63.406,64.718,63.0,62.062,62.281,64.718
08-11-2026 21:23:29,7129,7607,1366,16384,21.666666666666668,97.0,17732,VDD_IN,30127,8339,8237,17494,17732,3991,4158,8.0,18.0,6.0,6.0,0.0,92.0,63.156,64.781,63.031,61.937,62.281,64.781
08-11-2026 21:23:30,7131,7607,1366,16384,17.166666666666668,97.0,17604,VDD_IN,29766,8338,7925,17494,17604,3991,4237,5.0,1.0,2.0,3.0,0.0,92.0,63.406,64.781,63.093,61.937,62.343,64.781
08-11-2026 21:23:31,7131,7607,1366,16384,17.0,99.0,17486,VDD_IN,29543,8337,7820,17494,17486,3992,4237,1.0,1.0,3.0,5.0,0.0,92.0,63.593,64.281,62.906,62.0,62.312,64.281
08-11-2026 21:23:32,7132,7607,1366,16384,16.833333333333332,99.0,17526,VDD_IN,29920,8337,8393,17494,17526,3992,4001,2.0,1.0,2.0,4.0,0.0,92.0,63.562,64.781,63.031,62.031,62.312,64.468
08-11-2026 21:23:33,7132,7607,1366,16384,17.0,99.0,17604,VDD_IN,30154,8338,8549,17495,17604,3992,4001,1.0,2.0,2.0,5.0,0.0,92.0,63.312,64.625,63.031,62.031,62.343,64.625
08-11-2026 21:23:34,7133,7607,1366,16384,20.166666666666668,99.0,18085,VDD_IN,31098,8339,9018,17496,18085,3992,3995,5.0,4.0,7.0,12.0,0.0,93.0,63.187,64.875,63.093,61.968,62.406,64.875
08-11-2026 21:23:36,7133,7607,1366,16384,20.0,97.0,17811,VDD_IN,30589,8340,8862,17496,17811,3992,3916,5.0,6.0,3.0,7.0,0.0,99.0,63.156,64.687,63.093,61.906,62.218,64.687
08-11-2026 21:23:37,7134,7607,1366,16384,17.166666666666668,98.0,17772,VDD_IN,30518,8341,8784,17497,17772,3992,3962,2.0,1.0,6.0,2.0,0.0,92.0,63.281,64.687,62.906,62.031,62.187,64.687
08-11-2026 21:23:38,7134,7607,1366,16384,17.166666666666668,97.0,17772,VDD_IN,30471,8342,8744,17498,17772,3991,3955,3.0,1.0,2.0,4.0,0.0,93.0,63.531,64.687,62.968,61.937,62.281,64.687
08-11-2026 21:23:39,7135,7607,1366,16384,17.333333333333332,97.0,17732,VDD_IN,30399,8343,8666,17498,17732,3991,4001,2.0,3.0,5.0,2.0,0.0,92.0,63.25,64.593,63.093,62.156,62.281,64.593
08-11-2026 21:23:40,7135,7607,1366,16384,17.0,97.0,17772,VDD_IN,30394,8343,8627,17499,17772,3991,3995,2.0,1.0,5.0,2.0,0.0,92.0,63.093,64.562,63.062,61.906,62.375,64.562
08-11-2026 21:23:41,7136,7607,1366,16384,21.833333333333332,98.0,17811,VDD_IN,30394,8344,8549,17499,17811,3992,4034,21.0,5.0,4.0,9.0,0.0,92.0,63.25,64.562,63.125,61.968,62.312,64.562
08-11-2026 21:23:42,7137,7607,1366,16384,17.166666666666668,98.0,17722,VDD_IN,30155,8344,8393,17500,17722,3992,4040,2.0,2.0,1.0,5.0,0.0,93.0,63.343,64.531,62.968,62.031,62.25,64.531
08-11-2026 21:23:43,7114,7607,1366,16384,17.0,97.0,17722,VDD_IN,30110,8344,8276,17500,17722,3992,4112,3.0,5.0,1.0,1.0,0.0,92.0,63.5,64.562,63.0,62.0,62.281,64.562
08-11-2026 21:23:44,7117,7607,1366,16384,16.833333333333332,97.0,17643,VDD_IN,29882,8343,8120,17501,17643,3992,4119,2.0,1.0,5.0,1.0,0.0,92.0,63.218,64.406,63.0,62.062,62.375,64.406
08-11-2026 21:23:45,7118,7607,1366,16384,17.166666666666668,97.0,17683,VDD_IN,29883,8343,8003,17501,17683,3993,4197,2.0,3.0,5.0,1.0,0.0,92.0,63.25,64.562,63.093,61.906,62.187,64.562
08-11-2026 21:23:46,7123,7607,1366,16384,21.666666666666668,99.0,17722,VDD_IN,29884,8342,7886,17501,17722,3993,4276,4.0,19.0,5.0,7.0,2.0,93.0,63.531,64.093,63.062,61.968,62.343,64.093
08-11-2026 21:23:47,7124,7607,1366,16384,17.166666666666668,99.0,17526,VDD_IN,29842,8341,8276,17501,17526,3993,4040,4.0,1.0,3.0,4.0,0.0,91.0,63.437,64.531,62.937,62.031,62.406,64.531
08-11-2026 21:23:48,7125,7607,1366,16384,17.0,99.0,17604,VDD_IN,30115,8342,8549,17502,17604,3993,3962,1.0,2.0,2.0,4.0,0.0,93.0,63.437,64.75,63.0,62.0,62.25,64.75
08-11-2026 21:23:49,7125,7607,1366,16384,17.166666666666668,99.0,18046,VDD_IN,30942,8343,8823,17503,18046,3993,4073,2.0,6.0,2.0,1.0,0.0,92.0,63.125,64.906,62.875,62.031,62.375,64.906
08-11-2026 21:23:50,7125,7607,1366,16384,17.833333333333332,97.0,17811,VDD_IN,30596,8344,8862,17503,17811,3993,3923,1.0,3.0,2.0,2.0,0.0,99.0,63.156,64.625,63.0,62.0,62.312,64.625
08-11-2026 21:23:51,7131,7607,1366,16384,17.833333333333332,97.0,17811,VDD_IN,30557,8345,8784,17504,17811,3993,3962,2.0,2.0,2.0,5.0,3.0,93.0,63.218,64.531,62.906,62.031,62.281,64.531
08-11-2026 21:23:52,7133,7607,1366,16384,21.5,97.0,17850,VDD_IN,30628,8346,8823,17505,17850,3993,3955,6.0,10.0,8.0,13.0,0.0,92.0,63.281,64.656,62.968,62.031,62.312,64.656
08-11-2026 21:23:53,7134,7607,1366,16384,17.333333333333332,98.0,17772,VDD_IN,30439,8346,8666,17505,17772,3993,4001,3.0,1.0,0.0,7.0,0.0,93.0,63.468,64.687,62.968,62.031,62.25,64.687
08-11-2026 21:23:54,7135,7607,1366,16384,16.833333333333332,97.0,17761,VDD_IN,30389,8347,8627,17506,17761,3993,4001,3.0,2.0,2.0,3.0,0.0,91.0,63.156,64.625,63.031,62.156,62.312,64.625
08-11-2026 21:23:55,7136,7607,1366,16384,17.166666666666668,98.0,17761,VDD_IN,30311,8347,8510,17506,17761,3993,4040,4.0,4.0,1.0,2.0,0.0,92.0,63.218,64.656,63.093,61.968,62.406,64.656
08-11-2026 21:23:56,7132,7607,1366,16384,17.333333333333332,97.0,17683,VDD_IN,30155,8347,8432,17507,17683,3993,4040,2.0,6.0,1.0,2.0,0.0,93.0,63.312,64.812,62.968,61.937,62.187,64.812
08-11-2026 21:23:57,7135,7607,1366,16384,22.5,97.0,17811,VDD_IN,30355,8348,8432,17507,17811,3994,4112,15.0,13.0,8.0,7.0,0.0,92.0,63.312,64.937,63.031,62.031,62.281,64.937
08-11-2026 21:23:58,7135,7607,1366,16384,16.666666666666668,97.0,17643,VDD_IN,29921,8347,8120,17507,17643,3994,4158,2.0,3.0,2.0,1.0,0.0,92.0,63.468,64.875,62.968,62.0,62.375,64.875
08-11-2026 21:23:59,7136,7607,1366,16384,17.333333333333332,97.0,17643,VDD_IN,29843,8347,8003,17508,17643,3994,4197,3.0,0.0,3.0,6.0,0.0,92.0,63.218,64.875,63.093,62.093,62.281,64.875
08-11-2026 21:24:00,7136,7607,1366,16384,17.333333333333332,99.0,17486,VDD_IN,29426,8345,7664,17508,17486,3995,4276,2.0,2.0,3.0,5.0,0.0,92.0,63.562,63.906,63.156,61.968,62.343,63.906
08-11-2026 21:24:01,7136,7607,1366,16384,17.5,99.0,17526,VDD_IN,29895,8345,8329,17508,17526,3995,4040,2.0,0.0,3.0,7.0,0.0,93.0,63.562,64.468,63.031,61.968,62.312,64.468
08-11-2026 21:24:02,7136,7607,1366,16384,17.0,99.0,17565,VDD_IN,30076,8346,8549,17508,17565,3995,3962,2.0,2.0,2.0,4.0,0.0,92.0,63.25,64.687,62.968,61.968,62.281,64.687
08-11-2026 21:24:03,7145,7607,1366,16384,22.166666666666668,99.0,18085,VDD_IN,30981,8346,8823,17509,18085,3995,4073,5.0,11.0,17.0,8.0,0.0,92.0,63.468,64.75,63.031,62.156,62.312,64.75
08-11-2026 21:24:04,7145,7607,1366,16384,18.166666666666668,97.0,17811,VDD_IN,30557,8347,8823,17510,17811,3995,3923,1.0,5.0,3.0,2.0,0.0,98.0,63.062,64.812,63.093,62.156,62.343,64.812
08-11-2026 21:24:05,7146,7607,1366,16384,17.333333333333332,97.0,17772,VDD_IN,30518,8348,8784,17510,17772,3995,3962,2.0,4.0,2.0,2.0,0.0,94.0,63.281,64.812,63.093,61.937,62.343,64.812
08-11-2026 21:24:06,7146,7607,1366,16384,18.0,97.0,17732,VDD_IN,30438,8349,8744,17510,17732,3995,3962,4.0,6.0,2.0,3.0,0.0,93.0,63.312,64.75,62.968,62.031,62.343,64.5
08-11-2026 21:24:07,7127,7607,1366,16384,17.333333333333332,98.0,17772,VDD_IN,30439,8350,8666,17511,17772,3995,4001,1.0,7.0,1.0,4.0,0.0,91.0,63.156,64.531,63.062,62.031,62.281,64.531
08-11-2026 21:24:08,7134,7607,1366,16384,21.5,97.0,17811,VDD_IN,30472,8350,8666,17512,17811,3995,3995,7.0,5.0,18.0,7.0,0.0,92.0,63.437,64.562,63.093,62.093,62.375,64.562
08-11-2026 21:24:09,7135,7607,1366,16384,17.333333333333332,98.0,17732,VDD_IN,30321,8351,8549,17512,17732,3995,4040,1.0,5.0,3.0,3.0,0.0,92.0,63.156,64.593,63.093,62.125,62.343,64.593
08-11-2026 21:24:10,7135,7607,1366,16384,17.666666666666668,97.0,17683,VDD_IN,30156,8351,8393,17512,17683,3995,4080,9.0,1.0,0.0,2.0,2.0,92.0,63.25,64.468,63.156,62.0,62.25,64.468
08-11-2026 21:24:11,7138,7607,1366,16384,17.666666666666668,97.0,17693,VDD_IN,30127,8351,8354,17513,17693,3995,4080,8.0,2.0,3.0,1.0,0.0,92.0,63.406,64.562,63.093,62.031,62.25,64.781
08-11-2026 21:24:12,7139,7607,1366,16384,17.166666666666668,97.0,17643,VDD_IN,29921,8350,8120,17513,17643,3995,4158,2.0,5.0,1.0,3.0,0.0,92.0,63.187,64.75,63.031,62.0,62.375,64.75
08-11-2026 21:24:13,7140,7607,1366,16384,19.5,97.0,17801,VDD_IN,30157,8350,8159,17514,17801,3996,4197,5.0,3.0,3.0,12.0,2.0,92.0,63.718,64.843,63.062,62.187,62.375,64.843
08-11-2026 21:24:14,7143,7607,1366,16384,18.833333333333332,99.0,17565,VDD_IN,29622,8349,7781,17514,17565,3996,4276,5.0,5.0,8.0,3.0,0.0,92.0,63.5,64.187,63.125,62.0,62.375,64.187
08-11-2026 21:24:15,7144,7607,1366,16384,16.666666666666668,99.0,17526,VDD_IN,29934,8349,8368,17514,17526,3996,4040,3.0,2.0,1.0,2.0,0.0,92.0,63.312,64.75,62.968,61.968,62.406,64.75
08-11-2026 21:24:16,7145,7607,1366,16384,17.333333333333332,99.0,17604,VDD_IN,30076,8349,8510,17514,17604,3996,3962,3.0,3.0,2.0,4.0,0.0,92.0,63.281,64.531,63.062,62.062,62.312,64.531
08-11-2026 21:24:17,7145,7607,1366,16384,17.166666666666668,99.0,18046,VDD_IN,30942,8350,8823,17515,18046,3997,4073,2.0,2.0,2.0,4.0,0.0,93.0,63.156,64.718,62.875,62.156,62.312,64.718
08-11-2026 21:24:18,7145,7607,1366,16384,19.0,97.0,17850,VDD_IN,30628,8351,8862,17515,17850,3996,3916,3.0,2.0,2.0,8.0,0.0,99.0,63.156,64.718,63.031,62.187,62.406,64.718
08-11-2026 21:24:19,7148,7607,1366,16384,21.833333333333332,97.0,17889,VDD_IN,30706,8352,8862,17516,17889,3996,3955,11.0,8.0,17.0,2.0,0.0,93.0,63.312,64.718,63.156,62.031,62.406,64.718
08-11-2026 21:24:20,7150,7607,1366,16384,27.333333333333332,98.0,18242,VDD_IN,31371,8354,9174,17518,18242,3996,3955,58.0,4.0,1.0,6.0,4.0,91.0,63.406,64.718,63.0,62.0,62.5,64.718
08-11-2026 21:24:21,7150,7607,1366,16384,23.833333333333332,97.0,17889,VDD_IN,30707,8354,8823,17518,17889,3996,3995,14.0,22.0,5.0,8.0,1.0,93.0,63.375,65.062,63.093,62.093,62.343,65.062
08-11-2026 21:24:22,7151,7607,1366,16384,17.5,97.0,17732,VDD_IN,30360,8355,8627,17519,17732,3996,4001,3.0,2.0,1.0,6.0,1.0,92.0,63.125,65.0,63.093,62.187,62.406,65.0
08-11-2026 21:24:23,7146,7607,1366,16384,17.5,98.0,17732,VDD_IN,30321,8355,8549,17519,17732,3996,4040,3.0,3.0,2.0,5.0,0.0,92.0,63.218,65.0,63.093,62.031,62.406,65.0
08-11-2026 21:24:24,7150,7607,1366,16384,21.5,98.0,17929,VDD_IN,30590,8356,8588,17520,17929,3996,4073,6.0,5.0,14.0,6.0,5.0,93.0,63.375,64.5,63.093,62.031,62.343,64.718
08-11-2026 21:24:25,7150,7607,1366,16384,17.333333333333332,98.0,17772,VDD_IN,30238,8356,8393,17520,17772,3997,4073,2.0,3.0,3.0,4.0,0.0,92.0,63.531,64.718,62.937,62.0,62.281,64.718
08-11-2026 21:24:26,7151,7607,1366,16384,17.166666666666668,99.0,17722,VDD_IN,30078,8356,8198,17521,17722,3997,4158,2.0,2.0,2.0,4.0,1.0,92.0,63.312,64.625,63.093,62.187,62.312,64.625
08-11-2026 21:24:27,7152,7607,1366,16384,16.833333333333332,97.0,17683,VDD_IN,29961,8355,8081,17521,17683,3997,4197,5.0,1.0,2.0,1.0,0.0,92.0,63.187,64.718,63.062,62.281,62.406,64.718
08-11-2026 21:24:28,7152,7607,1366,16384,17.166666666666668,98.0,17683,VDD_IN,29806,8354,7886,17521,17683,3998,4237,4.0,0.0,6.0,1.0,0.0,92.0,63.343,64.468,63.093,62.062,62.343,64.468
08-11-2026 21:24:29,7153,7607,1366,16384,17.5,99.0,17526,VDD_IN,29700,8354,8016,17521,17526,3998,4158,2.0,7.0,1.0,2.0,1.0,92.0,63.562,63.937,63.062,62.031,62.281,63.937
08-11-2026 21:24:30,7153,7607,1366,16384,22.166666666666668,99.0,17565,VDD_IN,30037,8354,8510,17521,17565,3998,3962,4.0,6.0,10.0,17.0,3.0,93.0,63.593,64.562,63.0,62.093,62.406,64.562
08-11-2026 21:24:31,7154,7607,1366,16384,16.666666666666668,99.0,17761,VDD_IN,30350,8354,8588,17522,17761,3998,4001,4.0,1.0,1.0,2.0,0.0,92.0,63.093,64.625,63.062,62.093,62.406,64.625
08-11-2026 21:24:32,7149,7607,1366,16384,17.666666666666668,98.0,17732,VDD_IN,30392,8355,8705,17522,17732,3998,3955,4.0,2.0,0.0,6.0,0.0,94.0,63.125,64.531,63.062,62.031,62.406,64.531
08-11-2026 21:24:33,7153,7607,1366,16384,40.833333333333336,0.0,8916,VDD_IN,14117,8345,2976,17506,8916,3995,2225,48.0,39.0,34.0,50.0,44.0,30.0,63.0,62.187,62.718,61.843,61.625,63.0
08-11-2026 21:24:34,7218,7607,1366,16384,52.666666666666664,98.0,12122,VDD_IN,19706,8339,5093,17496,12122,3992,2491,46.0,88.0,46.0,46.0,44.0,46.0,62.406,63.562,62.5,61.75,61.562,63.562
08-11-2026 21:24:35,7225,7607,1366,16384,22.166666666666668,98.0,17329,VDD_IN,29307,8338,7938,17496,17329,3992,4040,5.0,93.0,6.0,7.0,6.0,16.0,63.062,64.187,62.687,61.843,62.0,64.187
08-11-2026 21:24:36,7225,7607,1366,16384,17.333333333333332,98.0,17565,VDD_IN,29661,8337,7859,17496,17565,3992,4237,3.0,4.0,4.0,4.0,89.0,0.0,62.875,64.031,62.687,61.875,62.0,64.031
08-11-2026 21:24:37,7225,7607,1366,16384,18.166666666666668,99.0,17526,VDD_IN,29817,8337,8211,17496,17526,3993,4080,5.0,3.0,3.0,6.0,92.0,0.0,63.062,64.031,62.875,61.75,62.0,63.75
08-11-2026 21:24:38,7225,7607,1366,16384,17.5,99.0,17565,VDD_IN,30115,8338,8588,17496,17565,3992,3962,3.0,1.0,7.0,1.0,93.0,0.0,63.093,64.343,62.781,61.718,62.093,64.343
08-11-2026 21:24:39,7225,7607,1366,16384,17.0,99.0,17929,VDD_IN,30668,8338,8705,17497,17929,3993,4034,1.0,2.0,1.0,6.0,92.0,0.0,62.843,64.406,62.625,61.875,62.156,64.406
08-11-2026 21:24:40,7226,7607,1366,16384,18.833333333333332,97.0,17811,VDD_IN,30518,8339,8784,17498,17811,3992,3923,4.0,3.0,6.0,3.0,97.0,0.0,63.406,64.5,62.843,62.031,62.187,64.5
08-11-2026 21:24:41,7225,7607,1366,16384,22.5,98.0,17850,VDD_IN,30635,8340,8862,17498,17850,3992,3923,8.0,14.0,15.0,4.0,94.0,0.0,63.0,64.625,62.968,61.781,62.156,64.625
08-11-2026 21:24:42,7225,7607,1366,16384,17.333333333333332,98.0,17732,VDD_IN,30399,8341,8705,17499,17732,3992,3962,3.0,1.0,2.0,5.0,93.0,0.0,63.312,64.562,62.843,61.875,62.281,64.25
08-11-2026 21:24:43,7225,7607,1366,16384,17.333333333333332,98.0,17732,VDD_IN,30360,8341,8666,17499,17732,3992,3962,1.0,2.0,3.0,6.0,92.0,0.0,63.25,64.281,62.843,61.937,62.093,64.281
08-11-2026 21:24:44,7225,7607,1366,16384,17.333333333333332,99.0,17654,VDD_IN,30179,8342,8563,17499,17654,3992,3962,3.0,1.0,3.0,6.0,91.0,0.0,62.968,64.281,62.906,61.843,62.281,64.281
08-11-2026 21:24:45,7225,7607,1366,16384,16.666666666666668,98.0,17683,VDD_IN,30194,8342,8510,17500,17683,3992,4001,2.0,2.0,3.0,1.0,92.0,0.0,62.968,64.312,62.906,61.843,62.125,64.312
08-11-2026 21:24:46,7230,7607,1366,16384,21.0,98.0,17722,VDD_IN,30233,8342,8471,17500,17722,3992,4040,18.0,5.0,5.0,6.0,92.0,0.0,63.156,64.312,62.75,61.968,62.187,64.312
08-11-2026 21:24:47,7230,7607,1366,16384,17.333333333333332,98.0,17604,VDD_IN,29920,8342,8276,17500,17604,3992,4040,5.0,1.0,5.0,1.0,92.0,0.0,63.281,64.656,62.781,61.843,62.187,64.656
08-11-2026 21:24:48,7230,7607,1366,16384,17.5,98.0,17565,VDD_IN,29856,8342,8172,17500,17565,3993,4119,2.0,2.0,8.0,1.0,92.0,0.0,63.125,64.593,62.937,61.937,62.093,64.593
08-11-2026 21:24:49,7231,7607,1366,16384,18.333333333333332,98.0,17604,VDD_IN,29843,8341,8081,17501,17604,3993,4158,5.0,5.0,5.0,2.0,93.0,0.0,63.0,64.625,62.968,62.062,62.218,64.625
08-11-2026 21:24:50,7231,7607,1366,16384,17.166666666666668,98.0,17447,VDD_IN,29425,8340,7781,17501,17447,3993,4197,1.0,7.0,2.0,2.0,91.0,0.0,63.062,64.687,63.0,61.843,62.187,64.687
08-11-2026 21:24:51,7228,7607,1366,16384,22.166666666666668,99.0,17536,VDD_IN,29814,8340,8120,17501,17536,3994,4158,11.0,4.0,18.0,8.0,92.0,0.0,63.625,63.875,62.906,61.937,62.187,63.875
08-11-2026 21:24:52,7228,7607,1366,16384,18.333333333333332,99.0,17408,VDD_IN,29802,8340,8432,17500,17408,3993,3962,6.0,6.0,2.0,4.0,92.0,0.0,63.281,64.343,62.906,61.968,62.187,64.5
08-11-2026 21:24:53,7228,7607,1366,16384,16.666666666666668,99.0,17604,VDD_IN,30115,8340,8510,17501,17604,3993,4001,21.0,3.0,0.0,2.0,74.0,0.0,63.125,64.593,63.0,62.062,62.218,64.593
08-11-2026 21:24:54,7228,7607,1366,16384,17.0,98.0,17604,VDD_IN,30115,8341,8588,17501,17604,3993,3923,96.0,4.0,1.0,1.0,0.0,0.0,63.0,64.468,62.937,62.062,62.312,64.468
08-11-2026 21:24:55,7228,7607,1366,16384,17.5,97.0,17654,VDD_IN,30282,8341,8705,17501,17654,3993,3923,96.0,2.0,2.0,1.0,1.0,3.0,63.156,64.687,63.093,61.968,62.375,64.687
08-11-2026 21:24:56,7228,7607,1366,16384,16.5,99.0,17615,VDD_IN,30243,8342,8666,17501,17615,3993,3962,92.0,5.0,0.0,2.0,0.0,0.0,63.281,64.593,62.937,62.0,62.375,64.593
08-11-2026 21:24:57,7231,7607,1366,16384,21.5,97.0,17761,VDD_IN,30389,8343,8666,17502,17761,3993,3962,30.0,9.0,10.0,5.0,75.0,0.0,63.312,64.656,62.968,61.937,62.25,64.656
08-11-2026 21:24:58,7231,7607,1366,16384,17.333333333333332,98.0,17693,VDD_IN,30243,8343,8588,17502,17693,3993,3962,3.0,1.0,2.0,2.0,92.0,4.0,63.156,64.625,63.031,62.031,62.281,64.625
08-11-2026 21:24:59,7231,7607,1366,16384,17.666666666666668,97.0,17683,VDD_IN,30194,8343,8510,17502,17683,3993,4001,2.0,6.0,2.0,3.0,92.0,1.0,62.937,64.75,63.031,62.093,62.281,64.75
08-11-2026 21:25:00,7230,7607,1366,16384,17.333333333333332,98.0,17604,VDD_IN,29998,8343,8393,17503,17604,3993,4001,4.0,1.0,3.0,3.0,93.0,0.0,63.093,64.406,63.0,61.937,62.25,64.406
08-11-2026 21:25:01,7230,7607,1366,16384,17.166666666666668,98.0,17604,VDD_IN,29959,8343,8315,17503,17604,3993,4040,2.0,3.0,2.0,2.0,92.0,2.0,63.156,64.593,62.937,61.937,62.218,64.593
08-11-2026 21:25:02,7226,7607,1366,16384,21.5,98.0,17761,VDD_IN,30195,8343,8315,17503,17761,3993,4119,7.0,7.0,17.0,3.0,92.0,3.0,63.437,64.375,62.937,61.968,62.218,64.375
08-11-2026 21:25:03,7227,7607,1366,16384,17.333333333333332,97.0,17565,VDD_IN,29817,8343,8094,17503,17565,3994,4158,3.0,5.0,2.0,2.0,92.0,0.0,63.156,64.468,63.0,62.062,62.375,64.468
08-11-2026 21:25:04,7227,7607,1366,16384,17.0,98.0,17565,VDD_IN,29688,8342,7886,17503,17565,3994,4237,3.0,4.0,2.0,1.0,92.0,0.0,63.062,64.343,63.062,62.125,62.437,64.343
08-11-2026 21:25:05,7228,7607,1366,16384,16.833333333333332,99.0,17447,VDD_IN,29543,8341,7899,17503,17447,3994,4197,3.0,3.0,1.0,2.0,92.0,0.0,63.343,63.968,63.125,62.0,62.343,63.968
08-11-2026 21:25:06,7228,7607,1366,16384,17.5,99.0,17447,VDD_IN,29777,8341,8329,17503,17447,3994,4001,3.0,5.0,3.0,2.0,92.0,0.0,63.281,64.781,62.937,62.0,62.281,64.781
08-11-2026 21:25:07,7221,7607,1366,16384,18.5,99.0,17604,VDD_IN,30115,8342,8510,17503,17604,3994,4001,5.0,4.0,3.0,4.0,91.0,4.0,63.375,64.843,63.093,62.031,62.218,64.843
08-11-2026 21:25:08,7229,7607,1366,16384,23.333333333333332,99.0,18046,VDD_IN,30942,8343,8901,17504,18046,3994,3995,21.0,5.0,6.0,10.0,93.0,5.0,63.343,65.156,63.031,62.125,62.343,65.156
08-11-2026 21:25:09,7229,7607,1366,16384,18.333333333333332,97.0,17772,VDD_IN,30511,8343,8823,17505,17772,3994,3916,2.0,6.0,0.0,3.0,99.0,0.0,63.031,64.906,63.125,62.156,62.343,64.906
08-11-2026 21:25:10,7229,7607,1366,16384,17.333333333333332,97.0,17761,VDD_IN,30467,8344,8744,17505,17761,3994,3962,3.0,6.0,1.0,1.0,93.0,0.0,63.125,64.906,63.187,61.968,62.375,64.906
08-11-2026 21:25:11,7229,7607,1366,16384,16.666666666666668,97.0,17732,VDD_IN,30399,8345,8744,17506,17732,3994,3923,3.0,2.0,2.0,1.0,92.0,0.0,63.156,65.031,63.031,62.031,62.312,65.031
08-11-2026 21:25:12,7229,7607,1366,16384,17.0,98.0,17693,VDD_IN,30282,8345,8627,17506,17693,3994,3962,2.0,2.0,1.0,5.0,92.0,0.0,63.5,64.687,62.968,62.093,62.343,64.687
08-11-2026 21:25:13,7231,7607,1366,16384,21.5,97.0,17811,VDD_IN,30478,8346,8666,17507,17811,3994,4001,40.0,4.0,4.0,12.0,68.0,1.0,63.468,64.687,62.968,62.093,62.468,64.687
08-11-2026 21:25:14,7231,7607,1366,16384,16.0,97.0,17772,VDD_IN,30361,8346,8549,17507,17772,3994,4040,92.0,1.0,1.0,2.0,0.0,0.0,63.312,64.781,63.031,62.156,62.531,64.781
08-11-2026 21:25:15,7232,7607,1366,16384,16.5,99.0,17643,VDD_IN,30076,8346,8393,17507,17643,3994,4040,92.0,2.0,1.0,2.0,0.0,2.0,63.281,64.718,63.187,61.875,62.562,64.718
08-11-2026 21:25:16,7232,7607,1366,16384,16.333333333333332,98.0,17683,VDD_IN,30117,8346,8354,17508,17683,3994,4080,93.0,0.0,0.0,1.0,0.0,4.0,63.281,64.75,63.031,61.968,62.375,64.75
08-11-2026 21:25:17,7232,7607,1366,16384,16.166666666666668,98.0,17604,VDD_IN,29882,8346,8159,17508,17604,3995,4119,92.0,0.0,1.0,1.0,1.0,2.0,63.562,64.781,63.031,62.0,62.375,64.781
08-11-2026 21:25:18,7232,7607,1366,16384,19.5,97.0,17732,VDD_IN,30088,8346,8198,17508,17732,3995,4158,89.0,2.0,8.0,7.0,10.0,1.0,63.75,64.593,63.062,62.062,62.375,64.593
08-11-2026 21:25:19,7230,7607,1366,16384,19.333333333333332,98.0,17565,VDD_IN,29622,8345,7820,17508,17565,3995,4237,5.0,2.0,8.0,8.0,92.0,1.0,63.687,64.312,63.062,62.093,62.343,64.312
08-11-2026 21:25:20,7232,7607,1366,16384,17.0,99.0,17447,VDD_IN,29621,8344,8016,17508,17447,3996,4158,2.0,3.0,1.0,4.0,92.0,0.0,63.406,64.0,63.093,62.0,62.375,64.0
08-11-2026 21:25:21,7232,7607,1366,16384,17.166666666666668,99.0,17447,VDD_IN,29855,8344,8446,17508,17447,3996,3962,3.0,4.0,3.0,1.0,92.0,0.0,63.218,64.562,63.031,62.031,62.343,64.562
08-11-2026 21:25:22,7232,7607,1366,16384,16.833333333333332,99.0,17643,VDD_IN,30154,8345,8510,17508,17643,3996,4001,2.0,2.0,4.0,2.0,91.0,0.0,63.343,64.562,62.968,62.093,62.312,64.562
08-11-2026 21:25:23,7232,7607,1366,16384,17.0,99.0,17811,VDD_IN,30550,8345,8784,17509,17811,3995,3955,3.0,4.0,0.0,1.0,94.0,0.0,63.062,64.875,63.062,62.093,62.312,64.875
08-11-2026 21:25:24,7229,7607,1366,16384,22.833333333333332,98.0,17889,VDD_IN,30674,8346,8862,17509,17889,3995,3923,15.0,3.0,9.0,12.0,98.0,0.0,63.093,64.812,63.093,61.968,62.343,64.812
08-11-2026 21:25:25,7230,7607,1366,16384,17.0,97.0,17732,VDD_IN,30399,8347,8705,17510,17732,3995,3962,2.0,3.0,1.0,3.0,93.0,0.0,63.281,64.781,62.937,61.968,62.281,64.781
08-11-2026 21:25:26,7230,7607,1366,16384,16.5,98.0,17840,VDD_IN,30539,8348,8744,17510,17840,3995,3955,31.0,1.0,2.0,4.0,61.0,0.0,63.218,64.781,62.968,62.062,62.437,64.781
08-11-2026 21:25:27,7230,7607,1366,16384,16.666666666666668,98.0,17801,VDD_IN,30468,8348,8666,17511,17801,3995,4001,92.0,3.0,4.0,1.0,0.0,0.0,63.593,64.843,63.093,62.031,62.5,64.843
08-11-2026 21:25:28,7230,7607,1366,16384,17.666666666666668,98.0,17722,VDD_IN,30272,8349,8588,17511,17722,3995,3962,47.0,4.0,4.0,2.0,48.0,1.0,63.125,64.781,63.062,62.093,62.343,64.781
08-11-2026 21:25:29,7234,7607,1366,16384,22.166666666666668,98.0,17889,VDD_IN,30595,8349,8666,17512,17889,3995,4040,21.0,6.0,4.0,7.0,92.0,3.0,63.093,64.593,63.093,61.937,62.406,64.593
08-11-2026 21:25:30,7234,7607,1366,16384,17.0,97.0,17643,VDD_IN,30076,8349,8393,17512,17643,3995,4040,5.0,2.0,1.0,2.0,92.0,0.0,63.218,64.437,62.937,61.906,62.187,64.437
08-11-2026 21:25:31,7234,7607,1366,16384,16.666666666666668,98.0,17683,VDD_IN,30078,8349,8315,17512,17683,3995,4080,3.0,2.0,1.0,0.0,92.0,2.0,63.062,64.468,62.968,61.968,62.281,64.468
08-11-2026 21:25:32,7235,7607,1366,16384,16.833333333333332,97.0,17604,VDD_IN,29882,8349,8120,17512,17604,3996,4158,3.0,1.0,2.0,3.0,92.0,0.0,63.343,64.437,63.0,61.968,62.187,64.437
08-11-2026 21:25:33,7216,7607,1366,16384,17.666666666666668,97.0,17643,VDD_IN,29882,8348,8042,17513,17643,3996,4197,7.0,3.0,3.0,1.0,92.0,0.0,63.062,64.531,63.062,62.156,62.25,64.531
08-11-2026 21:25:34,7219,7607,1366,16384,16.333333333333332,99.0,17526,VDD_IN,29544,8347,7781,17513,17526,3996,4237,3.0,1.0,2.0,1.0,91.0,0.0,63.25,64.25,63.093,61.875,62.312,64.25
08-11-2026 21:25:35,7226,7607,1366,16384,22.166666666666668,99.0,17486,VDD_IN,29777,8347,8211,17513,17486,3997,4080,8.0,18.0,3.0,11.0,92.0,1.0,63.437,64.437,63.031,61.937,62.25,64.437
08-11-2026 21:25:36,7226,7607,1366,16384,17.0,99.0,17486,VDD_IN,29880,8347,8471,17513,17486,3997,3923,2.0,1.0,1.0,2.0,93.0,3.0,63.031,64.812,63.0,61.968,62.281,64.812
08-11-2026 21:25:37,7226,7607,1366,16384,17.166666666666668,99.0,17929,VDD_IN,30668,8348,8705,17513,17929,3997,4034,3.0,1.0,3.0,4.0,92.0,0.0,63.343,65.062,63.062,62.093,62.312,65.062
08-11-2026 21:25:38,7226,7607,1366,16384,18.5,97.0,17683,VDD_IN,30311,8348,8705,17514,17683,3996,3923,2.0,2.0,3.0,8.0,96.0,0.0,62.968,64.437,63.125,61.937,62.406,64.437
08-11-2026 21:25:39,7227,7607,1366,16384,17.833333333333332,97.0,17811,VDD_IN,30518,8349,8784,17514,17811,3996,3923,4.0,2.0,2.0,3.0,96.0,0.0,63.031,64.656,62.875,61.906,62.375,64.656
08-11-2026 21:25:40,7236,7607,1366,16384,22.666666666666668,99.0,17929,VDD_IN,30707,8350,8823,17515,17929,3996,3955,15.0,6.0,6.0,15.0,93.0,1.0,63.25,64.687,62.937,61.968,62.25,64.687
08-11-2026 21:25:41,7236,7607,1366,16384,16.833333333333332,97.0,17761,VDD_IN,30428,8350,8705,17515,17761,3996,3962,3.0,2.0,1.0,3.0,92.0,0.0,63.031,64.656,63.031,62.031,62.343,64.656
08-11-2026 21:25:42,7237,7607,1366,16384,17.0,98.0,17693,VDD_IN,30321,8351,8627,17515,17693,3996,4001,2.0,3.0,4.0,1.0,92.0,0.0,63.343,64.687,63.0,62.125,62.375,64.687
08-11-2026 21:25:43,7238,7607,1366,16384,17.0,98.0,17732,VDD_IN,30282,8351,8549,17516,17732,3996,4001,3.0,1.0,1.0,1.0,92.0,4.0,63.0,64.75,63.093,61.875,62.281,64.75
08-11-2026 21:25:44,7238,7607,1366,16384,16.666666666666668,98.0,17761,VDD_IN,30272,8351,8471,17516,17761,3996,4040,2.0,2.0,0.0,2.0,92.0,2.0,63.093,64.531,62.968,62.0,62.218,64.531
08-11-2026 21:25:45,7239,7607,1366,16384,18.0,97.0,17811,VDD_IN,30362,8352,8471,17517,17811,3996,4080,6.0,3.0,3.0,4.0,92.0,0.0,63.312,64.562,63.031,61.968,62.281,64.562
08-11-2026 21:25:46,7241,7607,1366,16384,20.333333333333332,98.0,17683,VDD_IN,30039,8351,8237,17517,17683,3997,4119,13.0,4.0,7.0,6.0,92.0,0.0,63.531,64.5,63.0,61.968,62.312,64.5
08-11-2026 21:25:47,7243,7607,1366,16384,17.5,97.0,17643,VDD_IN,29882,8351,8081,17517,17643,3997,4158,5.0,5.0,2.0,1.0,92.0,0.0,63.125,64.468,63.062,62.093,62.312,64.468
08-11-2026 21:25:48,7239,7607,1365,16384,18.0,98.0,17683,VDD_IN,29923,8350,8003,17517,17683,3997,4237,2.0,6.0,7.0,2.0,91.0,0.0,63.25,64.625,62.937,61.937,62.281,64.625
08-11-2026 21:25:49,7239,7607,1365,16384,17.166666666666668,99.0,17486,VDD_IN,29504,8350,7781,17517,17486,3998,4237,4.0,5.0,1.0,1.0,92.0,0.0,63.625,64.125,62.968,61.906,62.375,64.125
08-11-2026 21:25:50,7240,7607,1365,16384,17.5,99.0,17447,VDD_IN,29841,8350,8393,17517,17447,3998,4001,4.0,6.0,1.0,2.0,92.0,0.0,63.281,64.625,63.062,62.0,62.312,64.625
08-11-2026 21:25:51,7242,7607,1365,16384,21.333333333333332,99.0,17683,VDD_IN,30233,8350,8549,17518,17683,3998,4001,18.0,4.0,4.0,9.0,92.0,1.0,63.468,64.75,63.062,62.062,62.281,64.75
08-11-2026 21:25:52,7242,7607,1365,16384,17.666666666666668,99.0,17889,VDD_IN,30785,8351,8901,17518,17889,3998,3995,25.0,2.0,6.0,1.0,72.0,0.0,63.031,64.781,63.093,61.968,62.375,64.781
08-11-2026 21:25:53,7243,7607,1365,16384,17.5,98.0,17811,VDD_IN,30596,8352,8862,17519,17811,3998,3923,99.0,0.0,1.0,1.0,1.0,3.0,63.25,64.562,62.843,61.937,62.343,64.562
08-11-2026 21:25:54,7243,7607,1365,16384,16.5,97.0,17772,VDD_IN,30518,8352,8784,17519,17772,3998,3962,54.0,4.0,2.0,1.0,38.0,0.0,63.25,64.625,62.937,61.937,62.281,64.625
08-11-2026 21:25:55,7244,7607,1365,16384,16.833333333333332,97.0,17811,VDD_IN,30557,8353,8784,17519,17811,3997,3962,3.0,1.0,3.0,2.0,92.0,0.0,63.125,64.593,63.031,62.0,62.281,64.593
08-11-2026 21:25:56,7245,7607,1365,16384,21.333333333333332,98.0,18007,VDD_IN,30864,8354,8862,17520,18007,3997,3995,4.0,12.0,11.0,9.0,92.0,0.0,63.375,64.625,63.093,62.125,62.312,64.625
08-11-2026 21:25:57,7246,7607,1365,16384,17.0,97.0,17772,VDD_IN,30361,8354,8588,17521,17772,3997,4001,3.0,2.0,2.0,3.0,92.0,0.0,63.031,64.625,63.093,61.843,62.406,64.625
08-11-2026 21:25:58,7244,7607,1365,16384,18.166666666666668,98.0,17732,VDD_IN,30360,8355,8588,17521,17732,3998,4040,5.0,3.0,2.0,6.0,93.0,0.0,63.062,64.781,63.125,61.968,62.218,64.781
08-11-2026 21:25:59,7245,7607,1365,16384,16.833333333333332,98.0,17761,VDD_IN,30194,8355,8393,17521,17761,3998,4040,2.0,2.0,1.0,3.0,92.0,1.0,63.437,64.812,62.937,62.031,62.218,64.812
08-11-2026 21:26:00,7245,7607,1365,16384,17.5,97.0,17722,VDD_IN,30156,8355,8354,17522,17722,3998,4080,4.0,2.0,3.0,4.0,92.0,0.0,63.125,64.843,63.062,62.062,62.25,64.843
08-11-2026 21:26:01,7246,7607,1365,16384,16.5,99.0,17643,VDD_IN,29934,8354,8172,17522,17643,3998,4119,1.0,2.0,3.0,1.0,92.0,0.0,63.5,64.781,63.0,62.156,62.312,64.781
08-11-2026 21:26:02,7251,7607,1365,16384,21.833333333333332,98.0,17722,VDD_IN,30039,8354,8120,17522,17722,3998,4197,18.0,8.0,7.0,6.0,92.0,0.0,63.062,64.531,63.031,61.968,62.187,64.531
08-11-2026 21:26:03,7252,7607,1365,16384,16.666666666666668,97.0,17604,VDD_IN,29688,8353,7847,17522,17604,3999,4237,4.0,1.0,2.0,1.0,92.0,0.0,63.312,64.437,62.968,62.0,62.218,64.437
08-11-2026 21:26:04,7252,7607,1365,16384,16.833333333333332,99.0,17565,VDD_IN,29739,8353,7977,17522,17565,3999,4197,2.0,1.0,3.0,2.0,92.0,1.0,63.562,64.125,63.0,61.968,62.343,64.125
08-11-2026 21:26:05,7253,7607,1365,16384,17.0,99.0,17565,VDD_IN,29998,8353,8432,17523,17565,3999,4001,3.0,3.0,1.0,2.0,92.0,1.0,63.093,64.562,63.062,62.062,62.406,64.562
08-11-2026 21:26:06,7253,7607,1365,16384,16.666666666666668,99.0,17683,VDD_IN,30233,8353,8549,17523,17683,3999,4001,3.0,2.0,1.0,2.0,92.0,0.0,63.093,64.656,63.0,61.968,62.375,64.656
08-11-2026 21:26:07,7254,7607,1365,16384,20.833333333333332,99.0,18085,VDD_IN,31058,8354,9018,17524,18085,3999,3955,3.0,5.0,19.0,4.0,94.0,0.0,63.062,64.781,63.25,61.968,62.343,64.781
08-11-2026 21:26:08,7255,7607,1365,16384,19.833333333333332,97.0,17811,VDD_IN,30596,8355,8862,17524,17811,3999,3923,7.0,6.0,3.0,2.0,99.0,2.0,63.125,64.625,62.906,61.968,62.25,64.625
08-11-2026 21:26:09,7255,7607,1365,16384,16.5,97.0,17772,VDD_IN,30478,8356,8744,17524,17772,3999,3962,2.0,2.0,0.0,2.0,92.0,1.0,63.281,64.562,63.031,62.062,62.281,64.562
08-11-2026 21:26:10,7256,7607,1365,16384,17.0,98.0,17772,VDD_IN,30518,8356,8784,17525,17772,3999,3962,2.0,4.0,2.0,2.0,92.0,0.0,63.093,64.625,62.968,62.125,62.25,64.625
08-11-2026 21:26:11,7238,7607,1365,16384,17.166666666666668,97.0,17772,VDD_IN,30400,8357,8627,17525,17772,3999,4001,2.0,4.0,2.0,2.0,93.0,0.0,63.156,64.656,63.156,62.031,62.437,64.656
08-11-2026 21:26:12,7240,7607,1365,16384,17.333333333333332,97.0,17772,VDD_IN,30439,8357,8666,17526,17772,3999,4001,4.0,2.0,4.0,2.0,92.0,0.0,63.25,64.625,63.187,62.0,62.281,64.625
08-11-2026 21:26:13,7244,7607,1365,16384,21.833333333333332,97.0,17732,VDD_IN,30321,8357,8549,17526,17732,3999,4040,15.0,7.0,9.0,8.0,92.0,0.0,63.281,64.781,62.968,62.062,62.281,64.781
08-11-2026 21:26:14,7245,7607,1365,16384,17.5,97.0,17683,VDD_IN,30116,8357,8393,17526,17683,3999,4040,3.0,2.0,3.0,4.0,93.0,0.0,63.343,64.781,63.0,62.062,62.343,64.781
08-11-2026 21:26:15,7246,7607,1365,16384,16.666666666666668,98.0,17683,VDD_IN,30039,8357,8276,17526,17683,3999,4080,2.0,2.0,4.0,1.0,91.0,0.0,63.093,64.781,63.062,62.156,62.281,64.781
08-11-2026 21:26:16,7247,7607,1365,16384,17.5,97.0,17575,VDD_IN,29814,8357,8120,17527,17575,3999,4119,4.0,1.0,5.0,3.0,92.0,0.0,63.218,64.687,63.093,61.937,62.343,64.687
08-11-2026 21:26:17,7250,7607,1365,16384,17.5,98.0,17604,VDD_IN,29765,8356,7964,17527,17604,3999,4197,4.0,2.0,2.0,5.0,92.0,0.0,63.312,64.781,63.156,61.968,62.25,64.781
08-11-2026 21:26:18,7255,7607,1365,16384,21.833333333333332,99.0,17604,VDD_IN,29700,8356,7859,17527,17604,4000,4237,10.0,8.0,10.0,10.0,92.0,1.0,63.5,64.0,63.062,62.062,62.406,64.0
08-11-2026 21:26:19,7256,7607,1365,16384,17.666666666666668,99.0,17486,VDD_IN,29880,8356,8393,17527,17486,4000,4001,5.0,1.0,0.0,8.0,92.0,0.0,63.406,64.531,63.093,62.125,62.343,64.531
08-11-2026 21:26:20,7256,7607,1365,16384,17.0,99.0,17526,VDD_IN,30037,8356,8510,17527,17526,4000,4001,0.0,6.0,2.0,2.0,92.0,0.0,63.0,64.562,63.062,62.187,62.312,64.562
08-11-2026 21:26:21,7256,7607,1365,16384,17.333333333333332,99.0,17968,VDD_IN,30786,8357,8823,17527,17968,4000,3995,4.0,1.0,5.0,2.0,92.0,0.0,63.156,64.843,63.093,61.937,62.343,64.843
08-11-2026 21:26:22,7257,7607,1365,16384,18.333333333333332,97.0,17811,VDD_IN,30550,8357,8823,17528,17811,4000,3916,3.0,1.0,1.0,5.0,100.0,0.0,63.406,64.75,63.0,62.0,62.375,64.75
08-11-2026 21:26:23,7261,7607,1365,16384,21.333333333333332,97.0,18007,VDD_IN,30941,8358,8979,17529,18007,4000,3955,17.0,8.0,8.0,3.0,92.0,0.0,63.531,64.718,63.0,62.031,62.406,64.718
08-11-2026 21:26:24,7260,7607,1365,16384,17.166666666666668,97.0,17811,VDD_IN,30550,8359,8784,17529,17811,3999,3955,2.0,4.0,3.0,1.0,93.0,0.0,63.312,64.968,63.062,62.156,62.375,64.968
08-11-2026 21:26:25,7261,7607,1365,16384,17.0,98.0,17772,VDD_IN,30439,8359,8705,17529,17772,3999,3962,3.0,1.0,4.0,2.0,92.0,0.0,63.031,64.937,63.125,62.125,62.406,64.937
08-11-2026 21:26:26,7243,7607,1365,16384,17.5,97.0,17732,VDD_IN,30360,8360,8627,17530,17732,3999,4001,1.0,6.0,2.0,4.0,92.0,0.0,63.156,64.968,63.093,61.937,62.5,64.968
08-11-2026 21:26:28,7244,7607,1365,16384,16.833333333333332,98.0,17732,VDD_IN,30321,8360,8549,17530,17732,3999,4040,2.0,5.0,0.0,2.0,92.0,0.0,63.312,65.0,63.031,61.937,62.281,65.0
08-11-2026 21:26:29,7245,7607,1365,16384,17.0,97.0,17683,VDD_IN,30116,8360,8393,17530,17683,4000,4040,3.0,1.0,0.0,5.0,92.0,1.0,63.531,64.5,63.031,61.968,62.343,64.625
08-11-2026 21:26:30,7250,7607,1365,16384,22.333333333333332,98.0,17801,VDD_IN,30267,8360,8354,17531,17801,4000,4112,18.0,5.0,10.0,9.0,92.0,0.0,63.343,64.75,63.062,62.218,62.343,64.75
08-11-2026 21:26:31,7252,7607,1365,16384,17.333333333333332,98.0,17643,VDD_IN,29921,8360,8120,17531,17643,4000,4158,1.0,4.0,7.0,0.0,92.0,0.0,63.093,64.593,63.125,61.937,62.406,64.593
08-11-2026 21:26:32,7252,7607,1365,16384,17.166666666666668,97.0,17683,VDD_IN,29883,8359,8003,17531,17683,4000,4197,2.0,2.0,5.0,2.0,92.0,0.0,63.187,64.687,63.218,62.0,62.218,64.687
08-11-2026 21:26:33,7253,7607,1365,16384,16.666666666666668,99.0,17565,VDD_IN,29622,8358,7781,17531,17565,4001,4276,1.0,1.0,0.0,6.0,92.0,0.0,63.562,64.156,63.0,61.937,62.375,64.156
08-11-2026 21:26:34,7253,7607,1365,16384,17.0,99.0,17486,VDD_IN,29816,8358,8250,17531,17486,4001,4080,3.0,1.0,4.0,2.0,92.0,0.0,63.656,64.187,63.0,62.062,62.281,64.187
08-11-2026 21:26:35,7247,7607,1365,16384,21.833333333333332,99.0,17722,VDD_IN,30350,8359,8666,17531,17722,4001,3962,17.0,4.0,6.0,11.0,93.0,0.0,63.0,64.562,63.093,61.968,62.312,64.562
08-11-2026 21:26:36,7250,7607,1365,16384,17.166666666666668,99.0,18046,VDD_IN,30863,8359,8744,17532,18046,4001,4073,3.0,2.0,4.0,2.0,92.0,0.0,63.437,64.812,63.187,61.937,62.343,64.812
08-11-2026 21:26:37,7251,7607,1365,16384,17.833333333333332,97.0,17732,VDD_IN,30439,8360,8784,17532,17732,4001,3923,2.0,1.0,5.0,2.0,97.0,0.0,63.343,64.75,62.968,62.031,62.375,64.75
08-11-2026 21:26:38,7251,7607,1365,16384,17.666666666666668,98.0,17811,VDD_IN,30518,8361,8784,17533,17811,4001,3923,3.0,1.0,1.0,6.0,95.0,0.0,63.218,64.875,63.031,62.0,62.343,64.875
08-11-2026 21:26:39,7252,7607,1365,16384,17.333333333333332,97.0,17761,VDD_IN,30428,8361,8705,17533,17761,4001,3962,2.0,2.0,6.0,2.0,91.0,1.0,63.5,64.781,63.031,62.187,62.312,64.781
08-11-2026 21:26:40,7253,7607,1365,16384,17.5,98.0,17772,VDD_IN,30439,8362,8705,17534,17772,4001,3962,6.0,2.0,0.0,4.0,93.0,0.0,63.062,64.625,62.968,62.0,62.25,64.625
08-11-2026 21:26:41,7261,7607,1365,16384,36.666666666666664,97.0,17929,VDD_IN,30707,8362,8744,17534,17929,4001,4034,24.0,22.0,22.0,35.0,96.0,21.0,63.25,64.562,62.968,62.031,62.375,64.562
08-11-2026 21:26:42,7258,7607,1365,16384,17.833333333333332,98.0,17811,VDD_IN,30439,8363,8588,17535,17811,4001,4040,7.0,2.0,0.0,6.0,92.0,0.0,63.406,64.656,63.062,62.0,62.343,64.656
08-11-2026 21:26:43,7259,7607,1365,16384,16.833333333333332,99.0,17761,VDD_IN,30234,8363,8393,17535,17761,4001,4080,3.0,2.0,1.0,4.0,91.0,0.0,63.031,64.781,63.062,62.125,62.312,64.781
08-11-2026 21:26:44,7260,7607,1365,16384,17.5,98.0,17732,VDD_IN,30205,8363,8393,17535,17732,4001,4080,23.0,2.0,3.0,1.0,74.0,2.0,63.156,64.812,63.093,61.937,62.437,64.812
08-11-2026 21:26:45,7246,7607,1365,16384,16.666666666666668,98.0,17693,VDD_IN,30049,8362,8237,17535,17693,4001,4119,92.0,2.0,4.0,2.0,0.0,0.0,63.125,64.843,63.125,61.937,62.375,64.843
08-11-2026 21:26:46,7254,7607,1365,16384,20.5,98.0,17811,VDD_IN,30238,8362,8237,17536,17811,4001,4190,69.0,11.0,9.0,6.0,27.0,1.0,63.156,64.906,63.093,62.062,62.343,64.906
08-11-2026 21:26:47,7255,7607,1365,16384,17.0,97.0,17604,VDD_IN,29727,8362,7886,17536,17604,4002,4237,2.0,2.0,5.0,1.0,92.0,0.0,63.375,64.718,63.093,62.062,62.343,64.718
08-11-2026 21:26:48,7256,7607,1365,16384,17.166666666666668,99.0,17486,VDD_IN,29660,8361,7977,17536,17486,4002,4197,2.0,3.0,4.0,2.0,92.0,0.0,63.281,64.343,63.093,62.093,62.343,64.031
08-11-2026 21:26:49,7257,7607,1365,16384,17.666666666666668,99.0,17604,VDD_IN,30076,8361,8471,17536,17604,4002,4001,2.0,3.0,4.0,3.0,93.0,1.0,63.187,64.468,63.093,61.937,62.312,64.468
08-11-2026 21:26:50,7258,7607,1365,16384,16.666666666666668,99.0,17683,VDD_IN,30233,8361,8549,17536,17683,4002,4001,1.0,1.0,0.0,3.0,92.0,3.0,63.187,64.625,62.968,61.968,62.25,64.625
08-11-2026 21:26:51,7259,7607,1365,16384,18.833333333333332,99.0,17968,VDD_IN,30824,8362,8901,17537,17968,4002,3955,5.0,3.0,7.0,4.0,94.0,0.0,63.218,64.875,63.062,62.031,62.437,64.875
08-11-2026 21:26:52,7263,7607,1365,16384,22.166666666666668,98.0,17850,VDD_IN,30628,8363,8862,17537,17850,4002,3916,6.0,3.0,11.0,14.0,0.0,99.0,63.218,64.687,63.031,62.093,62.375,64.687
08-11-2026 21:26:53,7263,7607,1365,16384,18.333333333333332,97.0,17840,VDD_IN,30539,8364,8744,17538,17840,4002,3955,7.0,2.0,6.0,3.0,0.0,92.0,63.156,65.0,63.062,61.906,62.312,65.0
08-11-2026 21:26:54,7263,7607,1365,16384,17.166666666666668,98.0,17811,VDD_IN,30550,8364,8784,17538,17811,4002,3955,1.0,3.0,2.0,5.0,0.0,92.0,63.218,65.093,63.093,62.062,62.25,65.093
08-11-2026 21:26:55,7264,7607,1365,16384,17.5,97.0,17772,VDD_IN,30439,8365,8666,17538,17772,4002,4001,3.0,2.0,1.0,6.0,0.0,93.0,63.312,64.625,63.031,62.093,62.25,64.625
08-11-2026 21:26:56,7264,7607,1365,16384,17.166666666666668,97.0,17772,VDD_IN,30400,8365,8627,17539,17772,4002,4001,5.0,2.0,3.0,2.0,0.0,91.0,63.593,64.781,63.0,62.156,62.281,64.781
08-11-2026 21:26:57,7261,7607,1365,16384,21.833333333333332,98.0,17811,VDD_IN,30439,8365,8588,17539,17811,4002,4040,18.0,8.0,7.0,6.0,0.0,92.0,63.156,64.75,63.125,61.968,62.437,64.75
08-11-2026 21:26:58,7263,7607,1365,16384,17.333333333333332,98.0,17732,VDD_IN,30244,8365,8432,17540,17732,4002,4080,3.0,2.0,6.0,1.0,0.0,92.0,63.281,64.75,62.937,62.0,62.25,64.75
08-11-2026 21:26:59,7263,7607,1365,16384,17.166666666666668,98.0,17772,VDD_IN,30206,8365,8315,17540,17772,4002,4119,2.0,1.0,4.0,3.0,1.0,92.0,63.5,64.5,63.062,62.125,62.312,64.5
08-11-2026 21:27:00,7264,7607,1365,16384,16.666666666666668,97.0,17683,VDD_IN,29961,8365,8120,17540,17683,4002,4158,1.0,4.0,2.0,1.0,0.0,92.0,63.156,64.531,63.062,62.125,62.281,64.531
08-11-2026 21:27:01,7265,7607,1365,16384,17.0,98.0,17722,VDD_IN,29961,8364,8042,17540,17722,4002,4197,3.0,1.0,4.0,2.0,0.0,92.0,63.312,64.468,63.062,61.937,62.281,64.468
08-11-2026 21:27:02,7272,7607,1365,16384,22.0,99.0,17772,VDD_IN,30005,8364,7964,17541,17772,4003,4269,7.0,8.0,7.0,17.0,0.0,93.0,63.562,64.0,63.0,61.968,62.437,64.0
08-11-2026 21:27:03,7274,7607,1365,16384,18.166666666666668,99.0,17604,VDD_IN,30038,8364,8354,17541,17604,4003,4080,3.0,3.0,8.0,3.0,0.0,92.0,63.406,64.375,63.093,62.0,62.343,64.375
08-11-2026 21:27:04,7274,7607,1365,16384,17.0,99.0,17604,VDD_IN,30115,8364,8549,17541,17604,4003,3962,2.0,4.0,3.0,1.0,0.0,92.0,63.375,64.75,63.031,62.0,62.312,64.75
08-11-2026 21:27:05,7275,7607,1365,16384,17.0,99.0,18007,VDD_IN,30824,8365,8744,17542,18007,4003,4073,3.0,2.0,4.0,1.0,0.0,92.0,63.156,64.906,63.031,62.156,62.437,64.906
08-11-2026 21:27:06,7275,7607,1365,16384,17.5,97.0,17732,VDD_IN,30439,8365,8784,17542,17732,4003,3923,1.0,3.0,1.0,3.0,0.0,97.0,63.062,64.562,63.031,61.968,62.281,64.562
08-11-2026 21:27:07,7275,7607,1365,16384,17.333333333333332,98.0,17811,VDD_IN,30557,8366,8784,17542,17811,4003,3962,3.0,2.0,4.0,0.0,0.0,95.0,63.312,64.468,63.0,62.062,62.312,64.468
08-11-2026 21:27:08,7264,7607,1369,16384,22.0,97.0,17811,VDD_IN,30557,8367,8784,17543,17811,4003,3962,4.0,10.0,6.0,20.0,0.0,92.0,63.156,64.531,63.031,61.968,62.281,64.531
08-11-2026 21:27:09,7265,7607,1369,16384,17.833333333333332,97.0,17811,VDD_IN,30510,8367,8744,17543,17811,4003,3955,2.0,5.0,2.0,6.0,0.0,92.0,63.406,64.656,63.031,62.031,62.375,64.656
08-11-2026 21:27:10,7266,7607,1369,16384,17.166666666666668,98.0,17772,VDD_IN,30361,8367,8588,17543,17772,4003,4001,3.0,3.0,3.0,3.0,0.0,91.0,63.125,64.812,63.062,61.968,62.343,64.812
08-11-2026 21:27:11,7266,7607,1369,16384,17.166666666666668,98.0,17811,VDD_IN,30433,8368,8588,17544,17811,4003,4034,3.0,2.0,1.0,5.0,0.0,92.0,63.218,64.937,62.968,61.875,62.312,64.937
08-11-2026 21:27:12,7266,7607,1369,16384,17.166666666666668,99.0,17801,VDD_IN,30313,8368,8432,17544,17801,4003,4080,4.0,4.0,2.0,1.0,0.0,92.0,63.375,64.812,63.031,61.937,62.343,64.812
08-11-2026 21:27:13,7273,7607,1369,16384,22.166666666666668,98.0,17929,VDD_IN,30512,8368,8510,17545,17929,4003,4073,6.0,12.0,20.0,4.0,0.0,91.0,63.093,64.906,63.062,62.062,62.281,64.906
08-11-2026 21:27:14,7269,7607,1369,16384,18.166666666666668,98.0,17772,VDD_IN,30206,8368,8276,17545,17772,4003,4158,3.0,3.0,7.0,4.0,0.0,92.0,63.312,64.812,63.031,62.093,62.281,64.812
08-11-2026 21:27:15,7271,7607,1369,16384,17.5,98.0,17693,VDD_IN,30010,8368,8120,17545,17693,4003,4197,3.0,3.0,5.0,2.0,0.0,92.0,63.312,64.593,63.093,62.0,62.312,64.593
08-11-2026 21:27:16,7272,7607,1369,16384,17.166666666666668,98.0,17604,VDD_IN,29700,8367,7859,17545,17604,4004,4237,3.0,3.0,4.0,1.0,0.0,92.0,63.312,64.312,62.968,62.0,62.187,64.312
08-11-2026 21:27:17,7273,7607,1369,16384,16.833333333333332,99.0,17486,VDD_IN,29738,8366,8094,17545,17486,4004,4158,6.0,1.0,1.0,1.0,0.0,92.0,63.468,64.093,62.906,62.0,62.312,64.093
08-11-2026 21:27:18,7273,7607,1369,16384,17.666666666666668,99.0,17526,VDD_IN,29998,8367,8510,17545,17526,4004,3962,3.0,3.0,7.0,1.0,0.0,92.0,63.125,64.625,63.0,62.093,62.218,64.625
08-11-2026 21:27:19,7278,7607,1369,16384,22.333333333333332,99.0,17811,VDD_IN,30517,8367,8666,17545,17811,4004,4040,39.0,5.0,5.0,17.0,0.0,68.0,63.0,64.75,63.093,62.093,62.281,64.75
08-11-2026 21:27:20,7278,7607,1369,16384,17.0,98.0,17693,VDD_IN,30399,8368,8744,17546,17693,4004,3962,95.0,2.0,3.0,2.0,0.0,0.0,63.062,64.906,62.968,61.875,62.375,64.906
08-11-2026 21:27:21,7279,7607,1369,16384,17.333333333333332,97.0,17850,VDD_IN,30628,8368,8823,17546,17850,4004,3955,97.0,3.0,1.0,3.0,0.0,0.0,63.218,65.031,62.968,61.937,62.343,65.031
08-11-2026 21:27:22,7277,7607,1369,16384,17.0,99.0,17811,VDD_IN,30517,8369,8744,17547,17811,4004,3962,93.0,4.0,2.0,3.0,0.0,0.0,63.375,64.531,63.031,62.031,62.406,64.531
08-11-2026 21:27:23,7277,7607,1369,16384,16.5,98.0,17811,VDD_IN,30510,8369,8744,17547,17811,4004,3955,92.0,3.0,2.0,2.0,0.0,0.0,63.125,64.625,63.093,62.156,62.437,64.625
08-11-2026 21:27:24,7279,7607,1369,16384,20.0,98.0,17889,VDD_IN,30589,8370,8705,17547,17889,4004,3995,42.0,19.0,5.0,3.0,51.0,0.0,63.062,64.562,63.031,62.031,62.281,64.562
08-11-2026 21:27:25,7280,7607,1369,16384,17.666666666666668,98.0,17850,VDD_IN,30517,8370,8627,17548,17850,4004,4040,2.0,1.0,8.0,3.0,92.0,0.0,63.187,64.593,63.125,61.968,62.343,64.593
08-11-2026 21:27:26,7280,7607,1369,16384,17.333333333333332,98.0,17801,VDD_IN,30306,8370,8471,17548,17801,4004,4034,3.0,1.0,5.0,3.0,92.0,0.0,63.093,64.593,62.906,61.968,62.281,64.593
08-11-2026 21:27:27,7281,7607,1369,16384,16.666666666666668,98.0,17772,VDD_IN,30245,8370,8393,17548,17772,4004,4080,75.0,1.0,1.0,3.0,19.0,1.0,63.375,64.781,63.0,61.968,62.468,64.781
08-11-2026 21:27:28,7281,7607,1368,16384,16.5,98.0,17761,VDD_IN,30149,8370,8276,17549,17761,4004,4112,93.0,4.0,1.0,1.0,0.0,0.0,63.406,64.781,63.0,62.093,62.437,64.781
08-11-2026 21:27:29,7281,7607,1368,16384,21.166666666666668,98.0,17889,VDD_IN,30433,8370,8354,17549,17889,4004,4190,74.0,10.0,5.0,18.0,19.0,1.0,63.468,64.75,63.093,62.125,62.343,64.75
08-11-2026 21:27:30,7273,7607,1369,16384,17.333333333333332,0.0,13978,VDD_IN,23390,8367,5943,17544,13978,4004,3469,11.0,7.0,6.0,13.0,65.0,2.0,63.062,63.281,63.093,62.0,62.187,63.281
08-11-2026 21:27:31,7248,7607,1488,16384,68.33333333333333,0.0,8518,VDD_IN,13329,8359,2861,17532,8518,4001,1950,88.0,65.0,73.0,65.0,60.0,59.0,62.906,62.062,62.593,61.781,61.468,62.906
08-11-2026 21:27:32,7242,7607,1498,16384,23.0,97.0,16531,VDD_IN,28175,8359,8029,17530,16531,4000,3615,10.0,10.0,98.0,8.0,6.0,6.0,63.0,64.312,62.625,61.812,61.843,64.312
08-11-2026 21:27:33,7243,7607,1498,16384,16.166666666666668,97.0,17761,VDD_IN,30389,8359,8705,17531,17761,4000,3923,2.0,1.0,92.0,2.0,0.0,0.0,63.062,64.281,62.781,61.875,62.031,64.281
08-11-2026 21:27:34,7243,7607,1498,16384,17.0,97.0,17772,VDD_IN,30439,8359,8666,17531,17772,4000,4001,2.0,1.0,9.0,5.0,84.0,1.0,62.812,64.312,62.843,61.75,62.156,64.312
08-11-2026 21:27:35,7248,7607,1498,16384,21.666666666666668,98.0,17850,VDD_IN,30511,8360,8666,17531,17850,4000,3995,17.0,5.0,7.0,8.0,92.0,1.0,63.0,64.312,62.781,61.75,62.031,64.312
08-11-2026 21:27:36,7248,7607,1498,16384,17.333333333333332,97.0,17772,VDD_IN,30361,8360,8549,17532,17772,4000,4040,1.0,2.0,0.0,3.0,92.0,6.0,63.0,64.437,62.812,61.843,62.062,64.437
08-11-2026 21:27:37,7248,7607,1498,16384,17.166666666666668,97.0,17693,VDD_IN,30166,8360,8393,17532,17693,4000,4080,3.0,1.0,5.0,2.0,92.0,0.0,63.062,64.343,62.812,61.812,62.093,64.343
08-11-2026 21:27:38,7248,7607,1498,16384,17.0,97.0,17761,VDD_IN,30234,8360,8354,17532,17761,4000,4119,1.0,2.0,1.0,5.0,92.0,1.0,63.281,64.75,62.906,62.0,62.125,64.75
08-11-2026 21:27:39,7248,7607,1498,16384,17.5,97.0,17683,VDD_IN,30000,8360,8159,17532,17683,4001,4158,3.0,3.0,5.0,2.0,92.0,0.0,63.031,64.687,63.093,61.843,62.218,64.687
08-11-2026 21:27:40,7251,7607,1498,16384,21.0,98.0,17772,VDD_IN,30128,8360,8159,17533,17772,4001,4197,7.0,18.0,3.0,6.0,92.0,0.0,63.093,64.656,63.125,61.843,62.187,64.656
08-11-2026 21:27:41,7249,7607,1498,16384,17.0,99.0,17604,VDD_IN,29648,8359,7768,17533,17604,4001,4276,1.0,2.0,5.0,2.0,92.0,0.0,63.468,64.406,62.937,61.906,62.125,64.406
08-11-2026 21:27:42,7249,7607,1498,16384,17.166666666666668,99.0,17565,VDD_IN,29974,8359,8329,17533,17565,4001,4080,2.0,1.0,6.0,1.0,93.0,0.0,63.093,64.531,62.968,61.968,62.218,64.531
08-11-2026 21:27:43,7249,7607,1498,16384,17.666666666666668,99.0,17565,VDD_IN,30076,8359,8549,17533,17565,4001,3962,4.0,2.0,5.0,3.0,92.0,0.0,62.968,64.562,63.0,61.906,62.218,64.562
08-11-2026 21:27:44,7249,7607,1498,16384,17.0,99.0,18085,VDD_IN,30981,8360,8823,17534,18085,4001,4073,2.0,1.0,4.0,3.0,92.0,0.0,63.218,64.968,62.906,61.875,62.25,64.968
08-11-2026 21:27:45,7249,7607,1498,16384,18.833333333333332,96.0,17850,VDD_IN,30674,8360,8901,17534,17850,4001,3923,7.0,1.0,5.0,2.0,98.0,0.0,63.312,64.875,63.0,61.968,62.25,64.875
08-11-2026 21:27:46,7254,7607,1498,16384,21.5,97.0,17850,VDD_IN,30674,8361,8862,17535,17850,4001,3962,5.0,17.0,5.0,8.0,94.0,0.0,63.312,64.906,62.968,62.062,62.25,64.906
08-11-2026 21:27:47,7255,7607,1498,16384,18.166666666666668,97.0,17761,VDD_IN,30389,8362,8666,17535,17761,4001,3962,3.0,3.0,9.0,2.0,92.0,0.0,63.25,64.406,63.031,61.875,62.25,64.406
08-11-2026 21:27:48,7249,7607,1499,16384,17.166666666666668,98.0,17772,VDD_IN,30439,8362,8705,17535,17772,4001,3962,3.0,3.0,4.0,1.0,92.0,0.0,63.156,64.593,63.031,61.937,62.187,64.593
08-11-2026 21:27:49,7249,7607,1499,16384,17.166666666666668,98.0,17722,VDD_IN,30272,8362,8549,17535,17722,4001,4001,3.0,4.0,1.0,3.0,92.0,0.0,63.312,64.406,62.906,61.937,62.218,64.406
08-11-2026 21:27:50,7249,7607,1499,16384,17.0,98.0,17643,VDD_IN,30115,8362,8471,17536,17643,4001,4001,2.0,5.0,2.0,1.0,92.0,0.0,62.968,64.468,63.0,62.062,62.343,64.468
08-11-2026 21:27:51,7255,7607,1499,16384,21.666666666666668,98.0,17693,VDD_IN,30126,8362,8393,17536,17693,4001,4040,7.0,4.0,10.0,17.0,92.0,0.0,63.062,64.25,63.125,62.062,62.218,64.25
08-11-2026 21:27:52,7255,7607,1499,16384,17.333333333333332,98.0,17643,VDD_IN,30038,8362,8315,17536,17643,4001,4080,2.0,5.0,2.0,3.0,92.0,0.0,63.156,64.406,63.093,61.937,62.25,64.406
08-11-2026 21:27:53,7253,7607,1499,16384,16.833333333333332,99.0,17526,VDD_IN,29726,8362,8081,17536,17526,4001,4119,2.0,1.0,3.0,4.0,50.0,41.0,63.218,64.312,63.031,61.875,62.281,64.312
08-11-2026 21:27:54,7252,7607,1499,16384,17.333333333333332,98.0,17486,VDD_IN,29608,8361,7964,17536,17486,4002,4158,3.0,3.0,5.0,1.0,0.0,92.0,63.312,64.312,62.968,62.062,62.375,64.312
08-11-2026 21:27:55,7252,7607,1499,16384,16.833333333333332,98.0,17486,VDD_IN,29465,8361,7742,17536,17486,4002,4237,3.0,1.0,1.0,4.0,0.0,92.0,63.218,64.218,63.062,61.968,62.375,64.218
08-11-2026 21:27:56,7254,7607,1499,16384,21.666666666666668,99.0,17683,VDD_IN,30039,8360,8237,17536,17683,4002,4119,6.0,7.0,19.0,6.0,0.0,92.0,63.468,64.156,63.093,61.968,62.406,64.156
08-11-2026 21:27:57,7254,7607,1499,16384,17.0,99.0,17408,VDD_IN,29802,8361,8432,17536,17408,4002,3962,2.0,4.0,2.0,1.0,0.0,93.0,63.218,64.718,62.968,61.937,62.281,64.718
08-11-2026 21:27:58,7254,7607,1499,16384,17.666666666666668,99.0,17732,VDD_IN,30321,8361,8588,17536,17732,4002,4001,3.0,9.0,2.0,1.0,0.0,91.0,63.156,64.843,62.937,62.093,62.312,64.843
08-11-2026 21:27:59,7254,7607,1499,16384,18.166666666666668,98.0,17683,VDD_IN,30233,8361,8627,17536,17683,4002,3923,1.0,3.0,2.0,7.0,0.0,96.0,63.25,64.75,63.062,62.031,62.406,64.75
08-11-2026 21:28:00,7254,7607,1499,16384,18.333333333333332,97.0,17722,VDD_IN,30389,8362,8744,17537,17722,4002,3923,3.0,5.0,3.0,3.0,0.0,96.0,63.562,64.781,62.937,62.062,62.375,64.781
08-11-2026 21:28:01,7253,7607,1499,16384,17.333333333333332,98.0,17722,VDD_IN,30350,8362,8666,17537,17722,4002,3962,3.0,2.0,1.0,5.0,0.0,93.0,63.125,64.781,62.968,61.968,62.375,64.781
08-11-2026 21:28:02,7253,7607,1499,16384,22.5,98.0,17732,VDD_IN,30438,8363,8744,17537,17732,4002,3962,11.0,9.0,16.0,7.0,0.0,92.0,63.25,64.625,62.968,61.937,62.375,64.625
08-11-2026 21:28:03,7257,7607,1499,16384,17.0,99.0,17683,VDD_IN,30233,8363,8549,17537,17683,4002,4001,2.0,4.0,2.0,2.0,0.0,92.0,63.468,64.562,62.968,61.968,62.312,64.562
08-11-2026 21:28:04,7257,7607,1499,16384,17.0,98.0,17643,VDD_IN,30154,8363,8510,17537,17643,4002,4001,2.0,5.0,2.0,1.0,0.0,92.0,63.312,64.593,62.906,62.062,62.343,64.593
08-11-2026 21:28:05,7258,7607,1499,16384,16.666666666666668,98.0,17683,VDD_IN,30077,8363,8354,17538,17683,4002,4040,2.0,4.0,1.0,1.0,0.0,92.0,63.562,64.531,62.968,62.218,62.312,64.531
08-11-2026 21:28:06,7258,7607,1499,16384,17.166666666666668,97.0,17643,VDD_IN,30077,8363,8354,17538,17643,4002,4080,3.0,5.0,1.0,2.0,0.0,92.0,63.187,64.687,63.093,62.0,62.343,64.687
08-11-2026 21:28:07,7252,7607,1499,16384,22.166666666666668,98.0,17761,VDD_IN,30188,8363,8315,17538,17761,4002,4112,15.0,7.0,8.0,11.0,0.0,92.0,63.25,64.593,62.968,61.968,62.25,64.812
08-11-2026 21:28:08,7253,7607,1499,16384,17.666666666666668,97.0,17604,VDD_IN,29804,8363,8042,17538,17604,4002,4158,6.0,4.0,2.0,2.0,0.0,92.0,63.562,64.781,62.937,62.031,62.281,64.781
08-11-2026 21:28:09,7253,7607,1499,16384,18.0,97.0,17565,VDD_IN,29661,8362,7859,17538,17565,4003,4237,9.0,2.0,1.0,4.0,0.0,92.0,63.468,64.812,62.968,62.062,62.218,64.812
08-11-2026 21:28:10,7254,7607,1499,16384,17.0,99.0,17408,VDD_IN,29504,8361,7938,17538,17408,4003,4158,2.0,2.0,2.0,4.0,0.0,92.0,63.812,64.312,63.062,62.187,62.406,64.312
08-11-2026 21:28:11,7251,7607,1499,16384,18.833333333333332,99.0,17526,VDD_IN,29998,8362,8510,17538,17526,4003,3962,5.0,9.0,3.0,3.0,2.0,91.0,63.187,64.593,63.093,61.968,62.312,64.593
08-11-2026 21:28:12,7253,7607,1499,16384,18.333333333333332,99.0,17761,VDD_IN,30350,8362,8588,17538,17761,4003,4001,6.0,2.0,6.0,4.0,0.0,92.0,63.562,64.593,63.062,62.0,62.312,64.593
08-11-2026 21:28:13,7251,7607,1499,16384,21.166666666666668,99.0,17643,VDD_IN,30271,8362,8666,17538,17643,4003,3962,6.0,9.0,9.0,8.0,0.0,95.0,63.343,64.625,62.968,62.0,62.312,64.625
08-11-2026 21:28:14,7251,7607,1499,16384,17.666666666666668,97.0,17761,VDD_IN,30428,8363,8744,17539,17761,4003,3923,2.0,2.0,1.0,4.0,0.0,97.0,63.343,64.718,63.031,62.125,62.375,64.718
08-11-2026 21:28:15,7252,7607,1499,16384,16.166666666666668,99.0,17761,VDD_IN,30389,8363,8666,17539,17761,4003,3962,89.0,0.0,1.0,4.0,0.0,3.0,63.281,64.812,63.093,62.218,62.531,64.812
08-11-2026 21:28:16,7252,7607,1499,16384,16.666666666666668,98.0,17761,VDD_IN,30389,8364,8666,17539,17761,4002,3962,93.0,5.0,1.0,1.0,0.0,0.0,63.25,64.75,63.093,62.0,62.468,64.75
08-11-2026 21:28:17,7253,7607,1499,16384,17.5,98.0,17722,VDD_IN,30311,8364,8588,17539,17722,4002,4001,92.0,3.0,5.0,5.0,0.0,0.0,63.25,64.781,62.968,62.031,62.468,64.781
08-11-2026 21:28:18,7260,7607,1499,16384,22.0,98.0,17772,VDD_IN,30400,8364,8627,17540,17772,4002,4001,32.0,17.0,8.0,8.0,64.0,3.0,63.406,64.843,63.062,62.062,62.437,64.625
08-11-2026 21:28:19,7261,7607,1499,16384,17.166666666666668,98.0,17683,VDD_IN,30155,8364,8432,17540,17683,4003,4040,3.0,2.0,2.0,4.0,92.0,0.0,63.156,64.562,63.125,62.062,62.437,64.562
08-11-2026 21:28:20,7261,7607,1499,16384,17.666666666666668,98.0,17654,VDD_IN,30127,8364,8393,17540,17654,4003,4080,2.0,2.0,2.0,8.0,92.0,0.0,63.437,64.562,63.125,62.187,62.375,64.562
08-11-2026 21:28:21,7262,7607,1499,16384,17.166666666666668,97.0,17615,VDD_IN,29971,8364,8237,17540,17615,4003,4119,3.0,4.0,2.0,2.0,92.0,0.0,63.093,64.625,63.093,61.968,62.343,64.625
08-11-2026 21:28:22,7262,7607,1499,16384,17.333333333333332,97.0,17615,VDD_IN,29932,8364,8159,17540,17615,4003,4158,3.0,1.0,2.0,5.0,93.0,0.0,63.218,64.562,62.968,62.062,62.218,64.562
08-11-2026 21:28:23,7264,7607,1499,16384,21.0,98.0,17772,VDD_IN,30090,8364,8081,17541,17772,4003,4237,4.0,10.0,7.0,12.0,92.0,1.0,63.531,64.5,62.906,62.125,62.343,64.5
08-11-2026 21:28:24,7264,7607,1499,16384,17.5,99.0,17486,VDD_IN,29504,8363,7781,17541,17486,4004,4237,4.0,3.0,2.0,2.0,92.0,2.0,63.406,64.218,63.093,62.156,62.5,64.218
08-11-2026 21:28:25,7265,7607,1499,16384,16.833333333333332,99.0,17447,VDD_IN,29816,8363,8368,17540,17447,4004,4001,2.0,3.0,1.0,4.0,91.0,0.0,63.218,64.781,63.125,61.937,62.406,64.781
08-11-2026 21:28:26,7265,7607,1499,16384,16.666666666666668,99.0,17526,VDD_IN,29998,8363,8471,17540,17526,4004,4001,1.0,0.0,2.0,2.0,93.0,2.0,63.25,64.812,63.25,62.093,62.25,64.812
08-11-2026 21:28:27,7265,7607,1499,16384,17.833333333333332,99.0,17889,VDD_IN,30746,8364,8862,17541,17889,4004,3995,3.0,4.0,3.0,4.0,93.0,0.0,63.156,65.156,63.031,62.031,62.312,65.156
08-11-2026 21:28:28,7266,7607,1499,16384,18.333333333333332,97.0,17772,VDD_IN,30479,8364,8784,17541,17772,4003,3923,3.0,4.0,2.0,2.0,99.0,0.0,63.343,64.75,63.031,62.125,62.375,64.75
08-11-2026 21:28:29,7267,7607,1499,16384,22.0,97.0,17772,VDD_IN,30478,8365,8744,17541,17772,4003,3962,6.0,11.0,17.0,5.0,92.0,1.0,63.093,64.625,63.156,62.156,62.375,64.625
08-11-2026 21:28:30,7268,7607,1499,16384,17.166666666666668,98.0,17732,VDD_IN,30399,8365,8705,17542,17732,4003,3962,2.0,2.0,2.0,2.0,92.0,3.0,63.062,64.687,63.093,61.968,62.375,64.687
08-11-2026 21:28:31,7268,7607,1499,16384,17.166666666666668,97.0,17722,VDD_IN,30272,8365,8588,17542,17722,4003,3962,5.0,1.0,1.0,3.0,93.0,0.0,63.187,64.593,63.125,62.0,62.218,64.593
08-11-2026 21:28:32,7269,7607,1499,16384,17.166666666666668,97.0,17693,VDD_IN,30282,8366,8588,17542,17693,4003,4001,4.0,5.0,2.0,0.0,92.0,0.0,63.187,64.687,63.031,62.031,62.25,64.687
08-11-2026 21:28:33,7268,7607,1499,16384,16.5,97.0,17683,VDD_IN,30194,8366,8471,17542,17683,4003,4040,42.0,3.0,2.0,2.0,50.0,0.0,63.5,64.718,62.968,62.093,62.375,64.718
08-11-2026 21:28:34,7269,7607,1499,16384,21.166666666666668,98.0,17732,VDD_IN,30282,8366,8510,17543,17732,4003,4040,48.0,7.0,7.0,18.0,47.0,0.0,63.125,65.0,63.093,62.156,62.343,65.0
08-11-2026 21:28:35,7269,7607,1499,16384,16.666666666666668,97.0,17683,VDD_IN,30039,8366,8276,17543,17683,4004,4080,53.0,2.0,4.0,2.0,39.0,0.0,63.218,65.031,63.125,61.968,62.5,65.031
08-11-2026 21:28:36,7269,7607,1499,16384,16.5,97.0,17565,VDD_IN,29804,8365,8081,17543,17565,4004,4158,93.0,3.0,1.0,2.0,0.0,0.0,63.125,64.468,63.156,62.062,62.406,64.468
08-11-2026 21:28:37,7267,7607,1499,16384,17.0,97.0,17643,VDD_IN,29843,8365,8003,17543,17643,4004,4197,92.0,3.0,2.0,3.0,0.0,2.0,63.312,64.343,63.093,62.125,62.437,64.343
08-11-2026 21:28:38,7272,7607,1499,16384,16.5,99.0,17526,VDD_IN,29544,8364,7742,17543,17526,4004,4276,92.0,2.0,2.0,1.0,2.0,0.0,63.531,63.968,63.062,62.031,62.437,63.968
08-11-2026 21:28:39,7273,7607,1499,16384,20.0,99.0,17604,VDD_IN,30076,8364,8432,17543,17604,4004,4040,82.0,7.0,8.0,9.0,11.0,3.0,63.375,64.375,63.187,62.156,62.5,64.375
08-11-2026 21:28:40,7274,7607,1499,16384,18.833333333333332,99.0,17565,VDD_IN,29998,8364,8471,17543,17565,4004,3962,6.0,2.0,3.0,5.0,92.0,5.0,63.062,64.468,63.093,61.937,62.375,64.468
08-11-2026 21:28:41,7275,7607,1499,16384,16.833333333333332,99.0,17968,VDD_IN,30785,8365,8744,17544,17968,4004,4073,5.0,2.0,1.0,1.0,92.0,0.0,63.343,64.812,63.093,62.062,62.375,64.812
08-11-2026 21:28:42,7275,7607,1499,16384,18.166666666666668,97.0,17732,VDD_IN,30439,8365,8784,17544,17732,4004,3923,5.0,1.0,2.0,2.0,99.0,0.0,63.156,64.781,63.031,62.031,62.312,64.781
08-11-2026 21:28:43,7275,7607,1499,16384,17.166666666666668,97.0,17732,VDD_IN,30471,8366,8784,17544,17732,4004,3955,2.0,2.0,4.0,1.0,94.0,0.0,63.406,64.781,63.031,62.0,62.281,64.781
08-11-2026 21:28:44,7276,7607,1499,16384,17.666666666666668,97.0,17732,VDD_IN,30360,8366,8705,17544,17732,4004,3923,4.0,2.0,5.0,3.0,92.0,0.0,63.062,64.781,63.062,62.125,62.375,64.781
08-11-2026 21:28:45,7277,7607,1499,16384,21.333333333333332,97.0,17811,VDD_IN,30556,8367,8744,17545,17811,4004,4001,9.0,5.0,9.0,13.0,92.0,0.0,63.093,64.812,63.125,61.968,62.343,64.812
08-11-2026 21:28:46,7278,7607,1499,16384,17.0,97.0,17722,VDD_IN,30272,8367,8549,17545,17722,4004,4001,3.0,4.0,2.0,1.0,92.0,0.0,63.218,64.781,63.093,62.031,62.312,64.468
08-11-2026 21:28:47,7278,7607,1499,16384,17.166666666666668,98.0,17761,VDD_IN,30272,8367,8510,17545,17761,4004,4001,3.0,5.0,1.0,2.0,92.0,0.0,63.437,64.656,63.031,62.062,62.343,64.656
08-11-2026 21:28:48,7276,7607,1499,16384,17.166666666666668,97.0,17683,VDD_IN,30116,8367,8393,17545,17683,4004,4040,2.0,2.0,2.0,5.0,92.0,0.0,63.343,64.593,63.031,62.062,62.312,64.593
08-11-2026 21:28:49,7277,7607,1499,16384,17.5,97.0,17683,VDD_IN,30078,8367,8315,17545,17683,4004,4080,3.0,3.0,3.0,3.0,93.0,0.0,63.062,64.656,63.093,61.906,62.312,64.656
08-11-2026 21:28:50,7278,7607,1499,16384,22.166666666666668,98.0,17772,VDD_IN,30199,8367,8276,17546,17772,4004,4151,6.0,13.0,15.0,7.0,92.0,0.0,63.187,64.593,63.218,62.093,62.281,64.593
08-11-2026 21:28:51,7279,7607,1499,16384,16.833333333333332,97.0,17643,VDD_IN,29843,8367,8003,17546,17643,4005,4197,7.0,0.0,1.0,2.0,91.0,0.0,63.281,64.562,62.968,62.031,62.25,64.562
08-11-2026 21:28:52,7279,7607,1499,16384,17.333333333333332,99.0,17565,VDD_IN,29622,8366,7820,17546,17565,4005,4237,3.0,5.0,2.0,3.0,91.0,0.0,63.718,64.656,63.062,62.062,62.343,64.656
08-11-2026 21:28:53,7280,7607,1499,16384,17.0,99.0,17447,VDD_IN,29699,8366,8133,17546,17447,4005,4119,1.0,5.0,1.0,2.0,93.0,0.0,63.375,64.468,63.093,62.156,62.437,64.468
08-11-2026 21:28:54,7280,7607,1499,16384,17.0,99.0,17486,VDD_IN,29958,8366,8549,17546,17486,4005,3923,3.0,6.0,0.0,1.0,92.0,0.0,63.0,64.968,63.125,62.062,62.375,64.968
08-11-2026 21:28:55,7281,7607,1499,16384,17.666666666666668,99.0,17889,VDD_IN,30628,8366,8705,17546,17889,4005,4034,3.0,5.0,3.0,3.0,92.0,0.0,63.281,65.062,63.031,62.031,62.437,65.062
08-11-2026 21:28:56,7280,7607,1499,16384,21.666666666666668,97.0,17732,VDD_IN,30399,8367,8744,17546,17732,4005,3923,6.0,8.0,7.0,12.0,97.0,0.0,63.312,64.968,62.968,61.968,62.375,64.968
08-11-2026 21:28:57,7281,7607,1499,16384,17.666666666666668,97.0,17772,VDD_IN,30479,8367,8784,17547,17772,4005,3923,5.0,1.0,2.0,3.0,95.0,0.0,63.437,64.781,63.093,62.156,62.312,64.781
08-11-2026 21:28:58,7281,7607,1499,16384,17.0,97.0,17693,VDD_IN,30282,8368,8627,17547,17693,4005,3962,2.0,4.0,1.0,2.0,93.0,0.0,63.5,64.687,63.093,62.125,62.437,64.687
08-11-2026 21:28:59,7280,7607,1499,16384,17.333333333333332,97.0,17772,VDD_IN,30400,8368,8666,17547,17772,4005,3962,4.0,5.0,1.0,2.0,92.0,0.0,63.062,64.843,63.187,62.031,62.343,64.843
08-11-2026 21:29:00,7281,7607,1499,16384,18.0,97.0,17732,VDD_IN,30315,8368,8588,17547,17732,4005,3995,3.0,2.0,2.0,9.0,92.0,0.0,63.218,64.687,63.156,62.062,62.406,64.687
08-11-2026 21:29:01,7277,7607,1499,16384,21.333333333333332,97.0,17850,VDD_IN,30511,8369,8627,17548,17850,4005,4034,18.0,8.0,5.0,17.0,80.0,0.0,63.343,64.812,63.093,62.062,62.375,64.656
08-11-2026 21:29:02,7277,7607,1499,16384,16.5,97.0,17722,VDD_IN,30155,8369,8393,17548,17722,4005,4040,92.0,3.0,1.0,1.0,0.0,2.0,63.531,64.656,63.187,62.125,62.593,64.656
08-11-2026 21:29:03,7277,7607,1499,16384,16.666666666666668,98.0,17693,VDD_IN,30127,8369,8354,17548,17693,4005,4080,92.0,2.0,3.0,1.0,0.0,2.0,63.468,64.625,63.187,62.187,62.562,64.625
08-11-2026 21:29:04,7277,7607,1499,16384,16.5,98.0,17683,VDD_IN,30000,8368,8159,17548,17683,4005,4158,93.0,1.0,4.0,0.0,1.0,0.0,63.125,64.625,63.25,62.062,62.593,64.625
08-11-2026 21:29:05,7278,7607,1499,16384,16.333333333333332,97.0,17683,VDD_IN,29883,8368,8003,17548,17683,4005,4197,57.0,2.0,4.0,1.0,34.0,0.0,63.218,64.625,63.156,62.062,62.343,64.625
08-11-2026 21:29:06,7283,7607,1499,16384,21.0,99.0,17772,VDD_IN,30012,8367,7964,17549,17772,4006,4276,9.0,14.0,6.0,4.0,92.0,1.0,63.468,64.343,63.093,62.218,62.5,64.343
08-11-2026 21:29:07,7283,7607,1499,16384,17.166666666666668,99.0,17526,VDD_IN,29765,8367,8120,17549,17526,4006,4119,2.0,3.0,2.0,1.0,93.0,2.0,63.781,64.156,63.125,62.187,62.468,64.156
08-11-2026 21:29:08,7273,7607,1502,16384,17.5,99.0,17526,VDD_IN,29998,8367,8510,17549,17526,4006,3962,3.0,2.0,3.0,1.0,92.0,4.0,63.093,64.843,63.125,62.187,62.5,64.843
08-11-2026 21:29:09,7274,7607,1502,16384,17.166666666666668,99.0,17772,VDD_IN,30439,8368,8627,17549,17772,4006,4040,2.0,2.0,5.0,2.0,92.0,0.0,63.187,64.968,63.156,62.0,62.437,64.968
08-11-2026 21:29:10,7274,7607,1502,16384,18.666666666666668,97.0,17693,VDD_IN,30314,8368,8666,17549,17693,4006,3955,3.0,9.0,1.0,3.0,96.0,0.0,63.312,64.875,63.062,62.093,62.437,64.875
08-11-2026 21:29:11,7275,7607,1502,16384,17.166666666666668,97.0,17772,VDD_IN,30518,8369,8823,17549,17772,4006,3923,2.0,1.0,1.0,1.0,96.0,2.0,63.25,64.843,63.062,62.156,62.343,64.843
08-11-2026 21:29:12,7280,7607,1502,16384,22.0,98.0,17811,VDD_IN,30550,8369,8784,17550,17811,4006,3955,7.0,4.0,16.0,10.0,93.0,2.0,63.468,64.625,63.093,62.218,62.437,64.625
08-11-2026 21:29:13,7281,7607,1502,16384,17.166666666666668,97.0,17811,VDD_IN,30517,8370,8744,17550,17811,4006,3962,5.0,2.0,2.0,2.0,92.0,0.0,63.125,64.656,63.187,62.0,62.437,64.656
08-11-2026 21:29:14,7281,7607,1502,16384,17.0,99.0,17732,VDD_IN,30360,8370,8627,17550,17732,4005,4001,5.0,1.0,2.0,2.0,92.0,0.0,63.218,64.656,62.968,62.062,62.437,64.656
08-11-2026 21:29:15,7282,7607,1502,16384,17.0,98.0,17732,VDD_IN,30360,8370,8627,17550,17732,4005,4001,2.0,5.0,2.0,1.0,92.0,0.0,63.312,64.687,63.093,62.062,62.312,64.687
08-11-2026 21:29:16,7282,7607,1502,16384,17.0,98.0,17732,VDD_IN,30243,8370,8471,17551,17732,4006,4040,3.0,4.0,2.0,1.0,92.0,0.0,63.218,64.906,63.031,62.062,62.375,64.906
08-11-2026 21:29:17,7286,7607,1502,16384,21.5,98.0,17850,VDD_IN,30433,8370,8510,17551,17850,4006,4073,7.0,8.0,4.0,17.0,92.0,1.0,63.5,64.875,63.125,62.187,62.437,64.875
08-11-2026 21:29:19,7287,7607,1502,16384,16.666666666666668,97.0,17654,VDD_IN,30010,8370,8237,17551,17654,4006,4119,4.0,1.0,1.0,1.0,92.0,1.0,63.062,64.812,63.187,62.0,62.437,64.812
08-11-2026 21:29:20,7287,7607,1502,16384,17.333333333333332,97.0,17654,VDD_IN,29932,8370,8120,17551,17654,4006,4158,7.0,2.0,2.0,1.0,92.0,0.0,63.218,64.843,63.031,62.031,62.312,64.843
08-11-2026 21:29:21,7288,7607,1502,16384,18.0,97.0,17643,VDD_IN,29805,8369,7925,17551,17643,4006,4237,3.0,2.0,9.0,2.0,92.0,0.0,63.437,64.531,63.093,62.031,62.25,64.531
08-11-2026 21:29:22,7288,7607,1502,16384,17.166666666666668,99.0,17526,VDD_IN,29622,8369,7899,17551,17526,4006,4197,4.0,1.0,3.0,3.0,92.0,0.0,63.375,64.093,63.062,62.156,62.437,64.093
08-11-2026 21:29:23,7289,7607,1502,16384,19.833333333333332,99.0,17722,VDD_IN,30272,8369,8549,17552,17722,4006,4001,10.0,14.0,1.0,1.0,93.0,0.0,63.281,64.625,63.093,62.0,62.375,64.625
08-11-2026 21:29:24,7282,7607,1504,16384,18.833333333333332,99.0,17643,VDD_IN,30193,8369,8549,17552,17643,4006,4001,7.0,6.0,3.0,5.0,92.0,0.0,63.25,64.75,63.125,61.968,62.281,64.75
08-11-2026 21:29:25,7282,7607,1504,16384,17.333333333333332,99.0,17889,VDD_IN,30706,8370,8862,17552,17889,4006,3955,4.0,2.0,3.0,1.0,94.0,0.0,63.218,64.875,63.031,62.031,62.375,65.281
08-11-2026 21:29:26,7282,7607,1504,16384,18.166666666666668,97.0,17811,VDD_IN,30589,8370,8862,17552,17811,4006,3916,3.0,2.0,2.0,2.0,98.0,2.0,63.312,65.093,63.031,62.093,62.281,65.093
08-11-2026 21:29:27,7283,7607,1504,16384,16.833333333333332,98.0,17811,VDD_IN,30550,8371,8784,17553,17811,4006,3955,2.0,1.0,5.0,1.0,92.0,0.0,63.156,64.5,63.062,62.187,62.375,64.5
08-11-2026 21:29:28,7284,7607,1504,16384,16.833333333333332,98.0,17811,VDD_IN,30557,8371,8784,17553,17811,4006,3962,3.0,1.0,0.0,2.0,92.0,3.0,63.218,64.718,63.156,62.062,62.281,64.718
08-11-2026 21:29:29,7287,7607,1504,16384,21.833333333333332,97.0,17889,VDD_IN,30628,8372,8744,17553,17889,4006,3995,20.0,9.0,5.0,4.0,92.0,1.0,63.312,64.656,63.031,62.062,62.375,64.656
08-11-2026 21:29:30,7287,7607,1504,16384,17.333333333333332,98.0,17811,VDD_IN,30433,8372,8627,17554,17811,4006,3995,6.0,2.0,2.0,2.0,92.0,0.0,63.468,64.593,63.093,62.093,62.343,64.812
08-11-2026 21:29:31,7287,7607,1504,16384,17.166666666666668,98.0,17772,VDD_IN,30322,8372,8510,17554,17772,4006,4040,76.0,5.0,1.0,5.0,16.0,0.0,63.468,64.906,63.125,62.156,62.562,64.906
08-11-2026 21:29:32,7287,7607,1504,16384,16.5,97.0,17722,VDD_IN,30155,8372,8393,17554,17722,4006,4040,92.0,3.0,1.0,2.0,0.0,1.0,63.125,64.781,63.093,62.187,62.5,64.781
08-11-2026 21:29:33,7287,7607,1504,16384,16.666666666666668,97.0,17761,VDD_IN,30234,8372,8354,17554,17761,4006,4119,92.0,3.0,2.0,3.0,0.0,0.0,63.25,64.843,63.093,62.031,62.531,64.843
08-11-2026 21:29:34,7276,7607,1510,16384,21.666666666666668,97.0,17811,VDD_IN,30238,8372,8276,17555,17811,4007,4151,60.0,16.0,11.0,8.0,34.0,1.0,63.375,64.781,63.0,62.062,62.437,64.781
08-11-2026 21:29:35,7277,7607,1510,16384,16.5,97.0,17683,VDD_IN,29922,8372,8042,17555,17683,4007,4197,41.0,1.0,3.0,1.0,53.0,0.0,63.468,64.625,63.0,62.156,62.406,64.625
08-11-2026 21:29:36,7277,7607,1510,16384,16.833333333333332,99.0,17643,VDD_IN,29766,8371,7847,17555,17643,4007,4276,1.0,2.0,4.0,2.0,92.0,0.0,63.281,64.312,63.093,62.125,62.343,64.312
08-11-2026 21:29:37,7278,7607,1510,16384,17.5,99.0,17565,VDD_IN,29843,8371,8120,17555,17565,4007,4158,4.0,3.0,3.0,3.0,92.0,0.0,63.312,64.125,63.125,62.0,62.468,64.125
08-11-2026 21:29:38,7278,7607,1510,16384,17.333333333333332,99.0,17643,VDD_IN,30193,8371,8549,17555,17643,4007,4001,3.0,2.0,4.0,3.0,92.0,0.0,63.125,64.593,63.187,62.0,62.312,64.593
08-11-2026 21:29:39,7278,7607,1510,16384,17.5,99.0,17732,VDD_IN,30399,8372,8666,17555,17732,4007,4001,3.0,2.0,5.0,3.0,92.0,0.0,63.281,64.718,63.062,62.062,62.375,64.718
08-11-2026 21:29:40,7289,7607,1510,16384,22.166666666666668,99.0,17772,VDD_IN,30557,8372,8823,17556,17772,4007,3962,5.0,4.0,10.0,17.0,95.0,2.0,63.375,64.906,63.031,62.062,62.437,64.906
08-11-2026 21:29:41,7282,7607,1522,16384,19.333333333333332,97.0,17850,VDD_IN,30674,8373,8862,17556,17850,4007,3962,3.0,2.0,5.0,7.0,97.0,2.0,63.125,64.906,63.125,62.156,62.343,64.906
08-11-2026 21:29:42,7282,7607,1522,16384,17.0,98.0,17811,VDD_IN,30550,8373,8784,17556,17811,4007,3955,3.0,4.0,1.0,1.0,93.0,0.0,63.062,64.875,63.156,62.0,62.468,64.875
08-11-2026 21:29:43,7283,7607,1522,16384,16.5,97.0,17850,VDD_IN,30589,8374,8784,17557,17850,4007,3955,2.0,1.0,1.0,3.0,92.0,0.0,63.062,65.0,63.062,61.968,62.281,65.0
08-11-2026 21:29:44,7283,7607,1522,16384,16.833333333333332,97.0,17772,VDD_IN,30439,8374,8666,17557,17772,4007,4001,3.0,2.0,3.0,1.0,92.0,0.0,63.156,64.937,63.062,62.125,62.312,64.937
08-11-2026 21:29:45,7289,7607,1522,16384,21.5,98.0,17889,VDD_IN,30589,8374,8705,17557,17889,4007,3995,4.0,9.0,18.0,5.0,92.0,1.0,63.375,64.718,63.093,62.062,62.343,64.718
08-11-2026 21:29:46,7289,7607,1522,16384,16.833333333333332,97.0,17801,VDD_IN,30345,8375,8510,17558,17801,4007,4034,2.0,2.0,3.0,3.0,91.0,0.0,63.093,64.687,63.093,62.031,62.312,64.687
08-11-2026 21:29:47,7290,7607,1522,16384,16.5,97.0,17772,VDD_IN,30284,8375,8432,17558,17772,4007,4080,2.0,1.0,2.0,3.0,91.0,0.0,63.187,64.625,63.093,62.0,62.375,64.625
08-11-2026 21:29:48,7290,7607,1522,16384,17.333333333333332,98.0,17772,VDD_IN,30238,8375,8354,17558,17772,4007,4112,3.0,2.0,2.0,3.0,93.0,1.0,63.156,64.687,63.093,62.0,62.375,64.687
08-11-2026 21:29:49,7290,7607,1522,16384,17.666666666666668,98.0,17693,VDD_IN,30010,8374,8159,17558,17693,4007,4158,2.0,1.0,6.0,3.0,92.0,2.0,63.312,64.593,62.937,62.062,62.343,64.593
08-11-2026 21:29:50,7287,7607,1523,16384,22.833333333333332,98.0,17929,VDD_IN,30356,8374,8237,17559,17929,4008,4190,4.0,9.0,22.0,7.0,92.0,3.0,63.562,64.937,63.125,62.125,62.437,64.937
08-11-2026 21:29:51,7287,7607,1523,16384,17.666666666666668,99.0,17604,VDD_IN,29700,8373,7820,17559,17604,4008,4276,5.0,3.0,5.0,65.0,28.0,0.0,63.281,64.187,63.093,62.0,62.5,64.187
08-11-2026 21:29:52,7287,7607,1523,16384,16.333333333333332,99.0,17565,VDD_IN,29921,8373,8276,17559,17565,4008,4080,2.0,3.0,1.0,92.0,0.0,0.0,63.437,64.156,63.187,61.906,62.375,64.156
08-11-2026 21:29:53,7288,7607,1523,16384,16.666666666666668,99.0,17565,VDD_IN,30076,8374,8549,17559,17565,4008,3962,3.0,3.0,1.0,92.0,0.0,1.0,63.25,64.625,62.968,62.062,62.343,64.625
08-11-2026 21:29:54,7288,7607,1523,16384,16.5,99.0,17968,VDD_IN,30746,8374,8744,17559,17968,4008,4034,3.0,0.0,1.0,93.0,0.0,2.0,63.218,64.812,63.093,62.093,62.468,64.812
08-11-2026 21:29:55,7288,7607,1523,16384,18.166666666666668,97.0,17693,VDD_IN,30400,8374,8784,17559,17693,4008,3923,3.0,2.0,6.0,4.0,94.0,0.0,63.343,64.562,63.156,62.062,62.437,64.562
08-11-2026 21:29:56,7291,7607,1523,16384,22.166666666666668,97.0,17889,VDD_IN,30745,8375,8901,17560,17889,4008,3955,5.0,7.0,7.0,18.0,96.0,0.0,63.062,64.687,63.093,62.156,62.281,64.687
08-11-2026 21:29:57,7291,7607,1523,16384,16.666666666666668,99.0,17811,VDD_IN,30510,8376,8744,17560,17811,4008,3955,3.0,2.0,2.0,1.0,92.0,0.0,63.25,64.656,63.093,61.968,62.437,64.656
08-11-2026 21:29:58,7292,7607,1523,16384,17.166666666666668,97.0,17811,VDD_IN,30517,8376,8744,17560,17811,4008,3962,2.0,5.0,2.0,2.0,92.0,0.0,63.281,64.843,63.093,62.093,62.343,64.843
08-11-2026 21:29:59,7291,7607,1523,16384,17.5,99.0,17772,VDD_IN,30400,8376,8627,17561,17772,4008,4001,3.0,6.0,3.0,1.0,92.0,0.0,63.312,64.781,63.125,62.0,62.343,64.781
08-11-2026 21:30:00,7292,7607,1523,16384,17.833333333333332,98.0,17811,VDD_IN,30478,8377,8627,17561,17811,4008,4040,3.0,9.0,2.0,2.0,91.0,0.0,63.437,64.812,63.031,62.125,62.406,64.812
08-11-2026 21:30:01,7289,7607,1523,16384,22.166666666666668,97.0,17889,VDD_IN,30589,8377,8627,17561,17889,4008,4073,5.0,9.0,18.0,9.0,92.0,0.0,63.187,64.875,63.125,62.281,62.531,64.875
08-11-2026 21:30:02,7290,7607,1523,16384,17.0,98.0,17732,VDD_IN,30244,8377,8432,17561,17732,4008,4080,2.0,2.0,3.0,3.0,92.0,0.0,63.156,64.875,63.156,62.062,62.25,64.875
08-11-2026 21:30:03,7290,7607,1523,16384,17.333333333333332,97.0,17683,VDD_IN,30039,8377,8237,17562,17683,4008,4119,3.0,3.0,3.0,3.0,92.0,0.0,63.343,64.656,62.937,62.062,62.343,64.656
08-11-2026 21:30:04,7291,7607,1523,16384,16.833333333333332,98.0,17693,VDD_IN,30010,8376,8159,17562,17693,4008,4158,2.0,0.0,3.0,1.0,92.0,3.0,63.281,64.687,63.0,62.062,62.312,64.687
08-11-2026 21:30:05,7291,7607,1523,16384,16.666666666666668,97.0,17654,VDD_IN,29855,8376,7964,17562,17654,4008,4237,1.0,4.0,2.0,1.0,92.0,0.0,63.5,64.531,63.093,62.156,62.375,64.531
08-11-2026 21:30:06,7292,7607,1523,16384,19.5,99.0,17654,VDD_IN,29855,8376,7964,17562,17654,4009,4237,4.0,10.0,8.0,3.0,92.0,0.0,63.375,64.125,63.156,62.312,62.562,64.125
08-11-2026 21:30:07,7292,7607,1523,16384,20.333333333333332,99.0,17604,VDD_IN,30076,8376,8432,17562,17604,4009,4040,4.0,12.0,8.0,6.0,92.0,0.0,63.25,64.562,63.093,62.093,62.312,64.562
08-11-2026 21:30:08,7292,7607,1523,16384,16.833333333333332,99.0,17654,VDD_IN,30204,8376,8549,17562,17654,4009,4001,1.0,1.0,5.0,2.0,92.0,0.0,63.406,64.937,63.0,62.031,62.343,64.937
08-11-2026 21:30:09,7292,7607,1523,16384,17.166666666666668,99.0,18085,VDD_IN,31020,8376,8862,17563,18085,4009,4073,4.0,0.0,4.0,3.0,92.0,0.0,63.25,65.031,62.968,62.156,62.375,65.031
08-11-2026 21:30:10,7154,7607,1503,16384,14.166666666666666,0.0,7444,VDD_IN,11421,8369,1907,17551,7444,4007,2070,11.0,5.0,12.0,9.0,32.0,16.0,62.562,62.375,62.75,62.031,61.531,62.75
08-11-2026 21:30:11,7128,7607,1462,16384,10.0,0.0,5821,VDD_IN,8411,8361,996,17538,5821,4004,1594,7.0,8.0,16.0,24.0,4.0,1.0,61.687,61.812,62.375,61.562,61.093,62.468
