08-11-2026 21:15:33 RAM 2048/7607MB (lfb 177x4MB) SWAP 1362/16384MB (cached 120MB) CPU [3%@1036,3%@1036,1%@1036,3%@1036,0%@729,0%@729] GR3D_FREQ 19% cpu@59.312C soc2@58.406C soc0@59.906C gpu@58.968C tj@59.906C soc1@59.5C VDD_IN 5216mW/5216mW VDD_CPU_GPU_CV 641mW/641mW VDD_SOC 1484mW/1484mW
08-11-2026 21:15:34 RAM 2170/7607MB (lfb 177x4MB) SWAP 1362/16384MB (cached 120MB) CPU [13%@1344,46%@1344,20%@1344,11%@1344,6%@729,7%@729] GR3D_FREQ 6% cpu@59.25C soc2@58.312C soc0@59.781C gpu@59C tj@59.75C soc1@59.375C VDD_IN 5830mW/5523mW VDD_CPU_GPU_CV 1116mW/879mW VDD_SOC 1517mW/1501mW
08-11-2026 21:15:35 RAM 2397/7607MB (lfb 177x4MB) SWAP 1362/16384MB (cached 120MB) CPU [10%@1344,43%@1344,5%@1344,6%@1344,30%@1344,1%@1344] GR3D_FREQ 9% cpu@59.218C soc2@58.25C soc0@59.593C gpu@58.468C tj@59.593C soc1@59.281C VDD_IN 5870mW/5639mW VDD_CPU_GPU_CV 1036mW/931mW VDD_SOC 1557mW/1519mW
08-11-2026 21:15:36 RAM 3143/7607MB (lfb 178x4MB) SWAP 1362/16384MB (cached 120MB) CPU [50%@1344,56%@1344,50%@1344,50%@1344,66%@1267,54%@1267] GR3D_FREQ 0% cpu@59.312C soc2@58.156C soc0@59.593C gpu@58.468C tj@59.593C soc1@59.218C VDD_IN 6749mW/5916mW VDD_CPU_GPU_CV 1791mW/1146mW VDD_SOC 1594mW/1538mW
08-11-2026 21:15:37 RAM 3752/7607MB (lfb 167x4MB) SWAP 1362/16384MB (cached 120MB) CPU [42%@1267,59%@1267,36%@1267,39%@1267,41%@729,39%@729] GR3D_FREQ 65% cpu@59.031C soc2@58.156C soc0@59.5C gpu@58.468C tj@59.5C soc1@58.937C VDD_IN 6629mW/6059mW VDD_CPU_GPU_CV 1552mW/1227mW VDD_SOC 1634mW/1557mW
08-11-2026 21:15:38 RAM 5245/7607MB (lfb 46x4MB) SWAP 1362/16384MB (cached 120MB) CPU [4%@1344,91%@1344,2%@1344,3%@1344,0%@729,0%@729] GR3D_FREQ 97% cpu@59.125C soc2@58.187C soc0@59.281C gpu@59.812C tj@59.812C soc1@58.906C VDD_IN 10475mW/6795mW VDD_CPU_GPU_CV 4232mW/1728mW VDD_SOC 2142mW/1655mW
08-11-2026 21:15:39 RAM 5789/7607MB (lfb 30x4MB) SWAP 1362/16384MB (cached 120MB) CPU [4%@729,54%@729,4%@729,22%@729,35%@1344,0%@1344] GR3D_FREQ 99% cpu@60C soc2@58.687C soc0@59.625C gpu@59.968C tj@60C soc1@59.031C VDD_IN 14902mW/7953mW VDD_CPU_GPU_CV 6326mW/2385mW VDD_SOC 3508mW/1919mW
08-11-2026 21:15:40 RAM 6310/7607MB (lfb 1x4MB) SWAP 1362/16384MB (cached 120MB) CPU [2%@729,5%@729,1%@729,9%@729,96%@1344,0%@1344] GR3D_FREQ 99% cpu@60.062C soc2@58.875C soc0@59.812C gpu@60.937C tj@60.937C soc1@59.156C VDD_IN 15730mW/8925mW VDD_CPU_GPU_CV 7297mW/2999mW VDD_SOC 3699mW/2142mW
08-11-2026 21:15:41 RAM 6311/7607MB (lfb 1x4MB) SWAP 1362/16384MB (cached 120MB) CPU [10%@729,6%@729,18%@729,7%@729,94%@806,0%@806] GR3D_FREQ 99% cpu@59.968C soc2@59.187C soc0@60C gpu@61.531C tj@61.531C soc1@59.312C VDD_IN 17683mW/9898mW VDD_CPU_GPU_CV 8798mW/3643mW VDD_SOC 3883mW/2335mW
08-11-2026 21:15:42 RAM 6311/7607MB (lfb 1x4MB) SWAP 1362/16384MB (cached 120MB) CPU [2%@729,2%@729,2%@729,4%@729,98%@1344,0%@1344] GR3D_FREQ 97% cpu@60.125C soc2@59.312C soc0@60.031C gpu@61.562C tj@61.562C soc1@59.218C VDD_IN 17604mW/10669mW VDD_CPU_GPU_CV 8705mW/4149mW VDD_SOC 3883mW/2490mW
08-11-2026 21:15:43 RAM 6312/7607MB (lfb 1x4MB) SWAP 1362/16384MB (cached 120MB) CPU [3%@729,2%@729,3%@729,5%@729,92%@1344,0%@1344] GR3D_FREQ 97% cpu@60.343C soc2@59.343C soc0@60.031C gpu@61.687C tj@61.687C soc1@59.25C VDD_IN 17565mW/11296mW VDD_CPU_GPU_CV 8588mW/4553mW VDD_SOC 3923mW/2620mW
08-11-2026 21:15:44 RAM 6312/7607MB (lfb 1x4MB) SWAP 1362/16384MB (cached 120MB) CPU [3%@729,2%@729,5%@729,2%@729,92%@1344,0%@1344] GR3D_FREQ 97% cpu@60.343C soc2@59.343C soc0@60.125C gpu@61.843C tj@61.843C soc1@59.343C VDD_IN 17643mW/11825mW VDD_CPU_GPU_CV 8666mW/4896mW VDD_SOC 3923mW/2729mW
08-11-2026 21:15:45 RAM 6313/7607MB (lfb 1x4MB) SWAP 1361/16384MB (cached 120MB) CPU [3%@729,1%@729,4%@729,2%@729,92%@1344,0%@1344] GR3D_FREQ 97% cpu@60.593C soc2@59.562C soc0@60.25C gpu@61.843C tj@61.687C soc1@59.437C VDD_IN 17604mW/12269mW VDD_CPU_GPU_CV 8563mW/5178mW VDD_SOC 3923mW/2821mW
08-11-2026 21:15:46 RAM 6313/7607MB (lfb 1x4MB) SWAP 1361/16384MB (cached 120MB) CPU [2%@729,3%@729,2%@729,1%@729,92%@1344,0%@1344] GR3D_FREQ 97% cpu@60.343C soc2@59.437C soc0@60.312C gpu@61.75C tj@61.75C soc1@59.531C VDD_IN 17604mW/12650mW VDD_CPU_GPU_CV 8524mW/5417mW VDD_SOC 3962mW/2902mW
08-11-2026 21:15:47 RAM 6319/7607MB (lfb 2x2MB) SWAP 1361/16384MB (cached 120MB) CPU [6%@729,19%@729,5%@729,8%@729,92%@1344,0%@1344] GR3D_FREQ 97% cpu@60.5C soc2@59.562C soc0@60.343C gpu@61.781C tj@61.781C soc1@59.468C VDD_IN 17643mW/12983mW VDD_CPU_GPU_CV 8446mW/5619mW VDD_SOC 4001mW/2976mW
08-11-2026 21:15:48 RAM 6318/7607MB (lfb 2x2MB) SWAP 1361/16384MB (cached 120MB) CPU [3%@729,2%@729,6%@729,2%@729,93%@1344,0%@1344] GR3D_FREQ 97% cpu@60.687C soc2@59.687C soc0@60.437C gpu@61.875C tj@61.875C soc1@59.531C VDD_IN 17604mW/13272mW VDD_CPU_GPU_CV 8368mW/5791mW VDD_SOC 4040mW/3042mW
08-11-2026 21:15:49 RAM 6318/7607MB (lfb 2x2MB) SWAP 1361/16384MB (cached 120MB) CPU [43%@1344,2%@1344,3%@1344,5%@1344,50%@729,1%@729] GR3D_FREQ 98% cpu@60.687C soc2@59.812C soc0@60.468C gpu@61.875C tj@61.875C soc1@59.5C VDD_IN 17526mW/13522mW VDD_CPU_GPU_CV 8211mW/5933mW VDD_SOC 4080mW/3103mW
08-11-2026 21:15:50 RAM 6318/7607MB (lfb 2x2MB) SWAP 1361/16384MB (cached 120MB) CPU [92%@1344,1%@1344,2%@1344,5%@1344,0%@729,1%@729] GR3D_FREQ 97% cpu@60.875C soc2@59.812C soc0@60.5C gpu@61.937C tj@61.937C soc1@59.75C VDD_IN 17486mW/13742mW VDD_CPU_GPU_CV 8094mW/6053mW VDD_SOC 4119mW/3160mW
08-11-2026 21:15:51 RAM 6318/7607MB (lfb 2x2MB) SWAP 1361/16384MB (cached 120MB) CPU [93%@1344,2%@1344,2%@1344,4%@1344,0%@729,0%@729] GR3D_FREQ 97% cpu@60.656C soc2@59.968C soc0@60.562C gpu@61.906C tj@61.906C soc1@59.781C VDD_IN 17486mW/13939mW VDD_CPU_GPU_CV 7899mW/6150mW VDD_SOC 4158mW/3212mW
08-11-2026 21:15:52 RAM 6319/7607MB (lfb 2x2MB) SWAP 1361/16384MB (cached 120MB) CPU [92%@1344,4%@1344,11%@1344,8%@1344,3%@729,1%@729] GR3D_FREQ 99% cpu@60.906C soc2@60.093C soc0@60.718C gpu@61.437C tj@61.437C soc1@59.625C VDD_IN 17526mW/14119mW VDD_CPU_GPU_CV 7781mW/6232mW VDD_SOC 4237mW/3263mW
08-11-2026 21:15:53 RAM 6320/7607MB (lfb 2x2MB) SWAP 1361/16384MB (cached 120MB) CPU [10%@729,2%@729,3%@729,5%@729,84%@1344,0%@1344] GR3D_FREQ 99% cpu@61C soc2@59.906C soc0@60.718C gpu@62.156C tj@62.156C soc1@59.781C VDD_IN 17329mW/14272mW VDD_CPU_GPU_CV 8250mW/6328mW VDD_SOC 4001mW/3298mW
08-11-2026 21:15:54 RAM 6321/7607MB (lfb 2x2MB) SWAP 1361/16384MB (cached 120MB) CPU [1%@729,1%@729,2%@729,4%@729,91%@1344,0%@1344] GR3D_FREQ 99% cpu@60.781C soc2@59.937C soc0@60.656C gpu@62.25C tj@62.25C soc1@59.781C VDD_IN 17447mW/14416mW VDD_CPU_GPU_CV 8407mW/6422mW VDD_SOC 3962mW/3329mW
08-11-2026 21:15:55 RAM 6321/7607MB (lfb 2x2MB) SWAP 1361/16384MB (cached 120MB) CPU [5%@729,1%@729,2%@729,2%@729,93%@729,0%@729] GR3D_FREQ 99% cpu@61.187C soc2@60C soc0@60.687C gpu@62.531C tj@62.531C soc1@59.781C VDD_IN 17850mW/14565mW VDD_CPU_GPU_CV 8744mW/6523mW VDD_SOC 4040mW/3360mW
08-11-2026 21:15:56 RAM 6321/7607MB (lfb 2x2MB) SWAP 1361/16384MB (cached 120MB) CPU [2%@729,2%@729,1%@729,4%@729,99%@1344,0%@1344] GR3D_FREQ 97% cpu@60.937C soc2@60.125C soc0@60.843C gpu@62.625C tj@62.625C soc1@59.906C VDD_IN 17722mW/14697mW VDD_CPU_GPU_CV 8784mW/6617mW VDD_SOC 3883mW/3381mW
08-11-2026 21:15:57 RAM 6322/7607MB (lfb 2x2MB) SWAP 1361/16384MB (cached 120MB) CPU [2%@729,2%@729,1%@729,5%@729,93%@1344,0%@1344] GR3D_FREQ 97% cpu@60.937C soc2@60.093C soc0@60.781C gpu@62.187C tj@62.187C soc1@59.812C VDD_IN 17683mW/14816mW VDD_CPU_GPU_CV 8705mW/6701mW VDD_SOC 3923mW/3403mW
08-11-2026 21:15:58 RAM 6326/7607MB (lfb 2x2MB) SWAP 1361/16384MB (cached 120MB) CPU [6%@729,8%@729,17%@729,8%@729,92%@1344,0%@1344] GR3D_FREQ 97% cpu@61.125C soc2@60.093C soc0@60.812C gpu@62.406C tj@62.406C soc1@59.875C VDD_IN 17722mW/14928mW VDD_CPU_GPU_CV 8705mW/6778mW VDD_SOC 3923mW/3423mW
08-11-2026 21:15:59 RAM 6326/7607MB (lfb 2x2MB) SWAP 1361/16384MB (cached 120MB) CPU [2%@729,3%@729,2%@729,1%@729,92%@1344,2%@1344] GR3D_FREQ 98% cpu@61.375C soc2@60.125C soc0@60.843C gpu@62.468C tj@62.468C soc1@59.968C VDD_IN 17683mW/15030mW VDD_CPU_GPU_CV 8627mW/6847mW VDD_SOC 3962mW/3443mW
08-11-2026 21:16:00 RAM 6327/7607MB (lfb 2x2MB) SWAP 1361/16384MB (cached 120MB) CPU [2%@729,2%@729,6%@729,1%@729,93%@1344,4%@1344] GR3D_FREQ 97% cpu@61.218C soc2@60.218C soc0@60.906C gpu@62.437C tj@62.437C soc1@60.093C VDD_IN 17683mW/15125mW VDD_CPU_GPU_CV 8549mW/6907mW VDD_SOC 3962mW/3462mW
08-11-2026 21:16:01 RAM 6327/7607MB (lfb 2x2MB) SWAP 1361/16384MB (cached 120MB) CPU [2%@729,1%@729,3%@729,4%@729,92%@1344,0%@1344] GR3D_FREQ 98% cpu@61C soc2@60.25C soc0@60.968C gpu@62.531C tj@62.531C soc1@59.937C VDD_IN 17643mW/15212mW VDD_CPU_GPU_CV 8510mW/6963mW VDD_SOC 4001mW/3480mW
08-11-2026 21:16:02 RAM 6328/7607MB (lfb 2x2MB) SWAP 1361/16384MB (cached 120MB) CPU [1%@883,2%@883,1%@883,1%@883,92%@1344,3%@1344] GR3D_FREQ 97% cpu@61.125C soc2@60.218C soc0@61.031C gpu@62.531C tj@62.531C soc1@60C VDD_IN 17604mW/15291mW VDD_CPU_GPU_CV 8329mW/7008mW VDD_SOC 4040mW/3499mW
08-11-2026 21:16:03 RAM 6328/7607MB (lfb 2x2MB) SWAP 1361/16384MB (cached 120MB) CPU [6%@729,9%@729,13%@729,7%@729,91%@1344,0%@1344] GR3D_FREQ 97% cpu@61.406C soc2@60.312C soc0@60.968C gpu@62.468C tj@62.468C soc1@60.031C VDD_IN 17772mW/15371mW VDD_CPU_GPU_CV 8471mW/7055mW VDD_SOC 4080mW/3518mW
08-11-2026 21:16:04 RAM 6328/7607MB (lfb 2x2MB) SWAP 1361/16384MB (cached 120MB) CPU [2%@729,3%@729,5%@729,1%@729,92%@1344,0%@1344] GR3D_FREQ 98% cpu@61.687C soc2@60.25C soc0@61.062C gpu@62.375C tj@62.375C soc1@60.187C VDD_IN 17565mW/15440mW VDD_CPU_GPU_CV 8094mW/7088mW VDD_SOC 4119mW/3536mW
08-11-2026 21:16:05 RAM 6329/7607MB (lfb 1x2MB) SWAP 1361/16384MB (cached 120MB) CPU [3%@729,2%@729,2%@729,1%@729,92%@1344,2%@1344] GR3D_FREQ 97% cpu@61.406C soc2@60.343C soc0@61.125C gpu@62.468C tj@62.468C soc1@60.375C VDD_IN 17526mW/15503mW VDD_CPU_GPU_CV 8016mW/7116mW VDD_SOC 4158mW/3555mW
08-11-2026 21:16:06 RAM 6329/7607MB (lfb 1x2MB) SWAP 1361/16384MB (cached 120MB) CPU [3%@729,2%@729,5%@729,2%@729,92%@1344,0%@1344] GR3D_FREQ 99% cpu@61.468C soc2@60.406C soc0@61.312C gpu@62.156C tj@62.156C soc1@60.125C VDD_IN 17408mW/15559mW VDD_CPU_GPU_CV 7742mW/7134mW VDD_SOC 4237mW/3575mW
08-11-2026 21:16:07 RAM 6329/7607MB (lfb 1x2MB) SWAP 1361/16384MB (cached 120MB) CPU [2%@729,2%@729,4%@729,1%@729,91%@1344,0%@1344] GR3D_FREQ 99% cpu@61.5C soc2@60.5C soc0@61.25C gpu@62.187C tj@62.375C soc1@60.156C VDD_IN 17368mW/15611mW VDD_CPU_GPU_CV 8133mW/7163mW VDD_SOC 4080mW/3590mW
08-11-2026 21:16:08 RAM 6329/7607MB (lfb 1x2MB) SWAP 1361/16384MB (cached 120MB) CPU [2%@729,1%@729,5%@729,2%@729,92%@1344,0%@1344] GR3D_FREQ 99% cpu@61.375C soc2@60.437C soc0@61.187C gpu@62.812C tj@62.812C soc1@60.375C VDD_IN 17368mW/15660mW VDD_CPU_GPU_CV 8485mW/7200mW VDD_SOC 3923mW/3599mW
08-11-2026 21:16:09 RAM 6323/7607MB (lfb 2x2MB) SWAP 1361/16384MB (cached 120MB) CPU [6%@729,12%@729,7%@729,18%@729,92%@1344,0%@1344] GR3D_FREQ 99% cpu@61.75C soc2@60.656C soc0@61.312C gpu@62.968C tj@62.968C soc1@60.375C VDD_IN 17889mW/15720mW VDD_CPU_GPU_CV 8705mW/7240mW VDD_SOC 4040mW/3611mW
08-11-2026 21:16:10 RAM 6323/7607MB (lfb 2x2MB) SWAP 1361/16384MB (cached 120MB) CPU [4%@729,2%@729,2%@729,3%@729,98%@1344,0%@1344] GR3D_FREQ 97% cpu@61.25C soc2@60.625C soc0@61.281C gpu@62.875C tj@62.875C soc1@60.437C VDD_IN 17643mW/15771mW VDD_CPU_GPU_CV 8744mW/7280mW VDD_SOC 3883mW/3618mW
08-11-2026 21:16:11 RAM 6324/7607MB (lfb 2x2MB) SWAP 1361/16384MB (cached 120MB) CPU [8%@729,2%@729,2%@729,1%@729,95%@1344,0%@1344] GR3D_FREQ 97% cpu@61.437C soc2@60.656C soc0@61.375C gpu@63.062C tj@63.062C soc1@60.281C VDD_IN 17722mW/15821mW VDD_CPU_GPU_CV 8744mW/7317mW VDD_SOC 3923mW/3626mW
08-11-2026 21:16:12 RAM 6324/7607MB (lfb 2x2MB) SWAP 1361/16384MB (cached 120MB) CPU [7%@729,1%@729,2%@729,1%@729,92%@1344,0%@1344] GR3D_FREQ 97% cpu@61.437C soc2@60.656C soc0@61.281C gpu@62.906C tj@62.781C soc1@60.375C VDD_IN 17604mW/15865mW VDD_CPU_GPU_CV 8666mW/7351mW VDD_SOC 3923mW/3633mW
08-11-2026 21:16:13 RAM 6325/7607MB (lfb 2x2MB) SWAP 1361/16384MB (cached 120MB) CPU [5%@729,2%@729,3%@729,1%@729,92%@1344,0%@1344] GR3D_FREQ 98% cpu@61.562C soc2@60.625C soc0@61.281C gpu@62.906C tj@62.906C soc1@60.437C VDD_IN 17643mW/15909mW VDD_CPU_GPU_CV 8627mW/7382mW VDD_SOC 3962mW/3641mW
08-11-2026 21:16:14 RAM 6324/7607MB (lfb 2x2MB) SWAP 1361/16384MB (cached 120MB) CPU [4%@729,8%@729,9%@729,17%@729,92%@1344,0%@1344] GR3D_FREQ 97% cpu@61.875C soc2@60.656C soc0@61.375C gpu@62.843C tj@62.843C soc1@60.468C VDD_IN 17840mW/15955mW VDD_CPU_GPU_CV 8705mW/7414mW VDD_SOC 4001mW/3650mW
08-11-2026 21:16:15 RAM 6324/7607MB (lfb 2x2MB) SWAP 1361/16384MB (cached 120MB) CPU [2%@729,1%@729,5%@729,2%@729,93%@1344,0%@1344] GR3D_FREQ 98% cpu@61.468C soc2@60.687C soc0@61.437C gpu@62.843C tj@62.843C soc1@60.375C VDD_IN 17683mW/15995mW VDD_CPU_GPU_CV 8510mW/7439mW VDD_SOC 4001mW/3658mW
08-11-2026 21:16:16 RAM 6325/7607MB (lfb 2x2MB) SWAP 1361/16384MB (cached 120MB) CPU [3%@729,2%@729,4%@729,2%@729,92%@1344,0%@1344] GR3D_FREQ 98% cpu@61.625C soc2@60.687C soc0@61.562C gpu@62.843C tj@62.843C soc1@60.406C VDD_IN 17565mW/16030mW VDD_CPU_GPU_CV 8393mW/7461mW VDD_SOC 4040mW/3667mW
08-11-2026 21:16:17 RAM 6325/7607MB (lfb 2x2MB) SWAP 1361/16384MB (cached 120MB) CPU [3%@729,1%@729,4%@729,2%@729,92%@1344,0%@1344] GR3D_FREQ 97% cpu@61.843C soc2@60.687C soc0@61.343C gpu@62.968C tj@63.25C soc1@60.468C VDD_IN 17604mW/16065mW VDD_CPU_GPU_CV 8315mW/7480mW VDD_SOC 4080mW/3676mW
08-11-2026 21:16:18 RAM 6326/7607MB (lfb 2x2MB) SWAP 1361/16384MB (cached 120MB) CPU [3%@729,1%@729,4%@729,2%@729,92%@1344,0%@1344] GR3D_FREQ 99% cpu@61.718C soc2@60.687C soc0@61.562C gpu@63.187C tj@63.187C soc1@60.531C VDD_IN 17526mW/16097mW VDD_CPU_GPU_CV 8133mW/7494mW VDD_SOC 4119mW/3685mW
08-11-2026 21:16:19 RAM 6326/7607MB (lfb 2x2MB) SWAP 1361/16384MB (cached 120MB) CPU [3%@729,3%@729,3%@729,3%@729,92%@1344,0%@1344] GR3D_FREQ 97% cpu@62.031C soc2@60.843C soc0@61.468C gpu@63.25C tj@63.25C soc1@60.593C VDD_IN 17565mW/16128mW VDD_CPU_GPU_CV 8016mW/7505mW VDD_SOC 4158mW/3696mW
08-11-2026 21:16:20 RAM 6329/7607MB (lfb 2x2MB) SWAP 1361/16384MB (cached 120MB) CPU [12%@729,2%@729,5%@729,19%@729,91%@1344,0%@1344] GR3D_FREQ 98% cpu@61.875C soc2@60.75C soc0@61.562C gpu@63.031C tj@63.031C soc1@60.5C VDD_IN 17604mW/16159mW VDD_CPU_GPU_CV 7820mW/7512mW VDD_SOC 4237mW/3707mW
08-11-2026 21:16:21 RAM 6329/7607MB (lfb 2x2MB) SWAP 1361/16384MB (cached 120MB) CPU [2%@729,0%@729,2%@729,5%@729,92%@1344,0%@1344] GR3D_FREQ 99% cpu@62C soc2@60.875C soc0@61.75C gpu@62.937C tj@62.937C soc1@60.562C VDD_IN 17408mW/16185mW VDD_CPU_GPU_CV 8055mW/7523mW VDD_SOC 4119mW/3715mW
08-11-2026 21:16:22 RAM 6330/7607MB (lfb 2x2MB) SWAP 1361/16384MB (cached 120MB) CPU [3%@729,1%@729,4%@729,1%@729,92%@1344,5%@1344] GR3D_FREQ 99% cpu@61.843C soc2@60.875C soc0@61.468C gpu@62.968C tj@62.968C soc1@60.562C VDD_IN 17526mW/16211mW VDD_CPU_GPU_CV 8485mW/7542mW VDD_SOC 3962mW/3720mW
08-11-2026 21:16:23 RAM 6330/7607MB (lfb 2x2MB) SWAP 1361/16384MB (cached 120MB) CPU [3%@729,2%@729,2%@729,4%@729,92%@1344,0%@1344] GR3D_FREQ 99% cpu@61.718C soc2@61.031C soc0@61.656C gpu@63.312C tj@63.312C soc1@60.562C VDD_IN 17722mW/16241mW VDD_CPU_GPU_CV 8588mW/7563mW VDD_SOC 4001mW/3726mW
08-11-2026 21:16:24 RAM 6330/7607MB (lfb 2x2MB) SWAP 1361/16384MB (cached 120MB) CPU [3%@729,2%@729,0%@729,5%@729,96%@1036,0%@1036] GR3D_FREQ 97% cpu@62.156C soc2@61C soc0@61.625C gpu@63.125C tj@63.125C soc1@60.781C VDD_IN 17604mW/16267mW VDD_CPU_GPU_CV 8588mW/7582mW VDD_SOC 3923mW/3729mW
08-11-2026 21:16:25 RAM 6333/7607MB (lfb 2x2MB) SWAP 1361/16384MB (cached 120MB) CPU [8%@729,6%@729,4%@729,18%@729,96%@1344,0%@1344] GR3D_FREQ 97% cpu@61.812C soc2@61.093C soc0@61.75C gpu@63.281C tj@63.281C soc1@60.593C VDD_IN 17968mW/16299mW VDD_CPU_GPU_CV 8940mW/7608mW VDD_SOC 3916mW/3733mW
08-11-2026 21:16:26 RAM 6333/7607MB (lfb 2x2MB) SWAP 1361/16384MB (cached 120MB) CPU [4%@729,2%@729,1%@729,3%@729,92%@1344,0%@1344] GR3D_FREQ 99% cpu@61.843C soc2@60.875C soc0@61.75C gpu@63.375C tj@63.375C soc1@60.718C VDD_IN 17761mW/16326mW VDD_CPU_GPU_CV 8744mW/7629mW VDD_SOC 3962mW/3737mW
08-11-2026 21:16:27 RAM 6334/7607MB (lfb 2x2MB) SWAP 1361/16384MB (cached 120MB) CPU [3%@729,1%@729,1%@729,3%@729,92%@1344,0%@1344] GR3D_FREQ 97% cpu@62.093C soc2@60.968C soc0@61.75C gpu@63.468C tj@63.468C soc1@60.781C VDD_IN 17732mW/16352mW VDD_CPU_GPU_CV 8705mW/7649mW VDD_SOC 3962mW/3741mW
08-11-2026 21:16:28 RAM 6333/7607MB (lfb 2x2MB) SWAP 1361/16384MB (cached 120MB) CPU [4%@729,3%@729,2%@729,1%@729,92%@1344,2%@1344] GR3D_FREQ 98% cpu@61.812C soc2@61.062C soc0@61.781C gpu@63.406C tj@63.187C soc1@60.781C VDD_IN 17722mW/16376mW VDD_CPU_GPU_CV 8588mW/7665mW VDD_SOC 3962mW/3745mW
08-11-2026 21:16:29 RAM 6333/7607MB (lfb 2x2MB) SWAP 1361/16384MB (cached 120MB) CPU [2%@729,4%@729,1%@729,4%@729,92%@1344,0%@1344] GR3D_FREQ 97% cpu@62.25C soc2@61.062C soc0@61.812C gpu@63.156C tj@63.156C soc1@60.937C VDD_IN 17722mW/16400mW VDD_CPU_GPU_CV 8588mW/7681mW VDD_SOC 4001mW/3750mW
08-11-2026 21:16:30 RAM 6334/7607MB (lfb 2x2MB) SWAP 1361/16384MB (cached 120MB) CPU [2%@729,2%@729,2%@729,3%@729,92%@1344,0%@1344] GR3D_FREQ 97% cpu@61.875C soc2@61.125C soc0@61.843C gpu@63.281C tj@63.281C soc1@60.812C VDD_IN 17722mW/16423mW VDD_CPU_GPU_CV 8510mW/7696mW VDD_SOC 4040mW/3755mW
08-11-2026 21:16:31 RAM 6335/7607MB (lfb 2x2MB) SWAP 1361/16384MB (cached 120MB) CPU [12%@729,9%@729,17%@729,2%@729,92%@1344,0%@1344] GR3D_FREQ 97% cpu@61.968C soc2@61.031C soc0@61.781C gpu@63.343C tj@63.343C soc1@60.875C VDD_IN 17772mW/16446mW VDD_CPU_GPU_CV 8510mW/7710mW VDD_SOC 4040mW/3760mW
08-11-2026 21:16:32 RAM 6336/7607MB (lfb 2x2MB) SWAP 1361/16384MB (cached 120MB) CPU [4%@729,1%@729,3%@729,2%@729,92%@1344,0%@1344] GR3D_FREQ 97% cpu@62.218C soc2@61.062C soc0@61.843C gpu@63.312C tj@63.312C soc1@60.875C VDD_IN 17683mW/16466mW VDD_CPU_GPU_CV 8276mW/7719mW VDD_SOC 4080mW/3765mW
08-11-2026 21:16:33 RAM 6336/7607MB (lfb 2x2MB) SWAP 1361/16384MB (cached 120MB) CPU [5%@729,1%@729,1%@729,1%@729,91%@1344,3%@1344] GR3D_FREQ 97% cpu@62C soc2@61.125C soc0@61.781C gpu@63.218C tj@63.218C soc1@60.968C VDD_IN 17604mW/16485mW VDD_CPU_GPU_CV 8133mW/7726mW VDD_SOC 4119mW/3771mW
08-11-2026 21:16:34 RAM 6337/7607MB (lfb 2x2MB) SWAP 1361/16384MB (cached 120MB) CPU [4%@729,1%@729,1%@729,1%@729,91%@1344,2%@1344] GR3D_FREQ 97% cpu@62.375C soc2@61.125C soc0@61.906C gpu@63.562C tj@63.562C soc1@60.968C VDD_IN 17565mW/16502mW VDD_CPU_GPU_CV 7977mW/7730mW VDD_SOC 4197mW/3778mW
08-11-2026 21:16:35 RAM 6337/7607MB (lfb 2x2MB) SWAP 1361/16384MB (cached 120MB) CPU [4%@729,2%@729,1%@729,2%@729,93%@1344,0%@1344] GR3D_FREQ 99% cpu@62.343C soc2@61.218C soc0@62C gpu@63.187C tj@63.187C soc1@60.937C VDD_IN 17486mW/16518mW VDD_CPU_GPU_CV 7703mW/7729mW VDD_SOC 4237mW/3785mW
08-11-2026 21:16:36 RAM 6338/7607MB (lfb 2x2MB) SWAP 1361/16384MB (cached 120MB) CPU [6%@1267,7%@1267,18%@1267,7%@1267,92%@1344,1%@1344] GR3D_FREQ 99% cpu@62.406C soc2@61.218C soc0@61.843C gpu@63.281C tj@63.281C soc1@60.906C VDD_IN 17722mW/16537mW VDD_CPU_GPU_CV 8432mW/7740mW VDD_SOC 4080mW/3790mW
08-11-2026 21:16:37 RAM 6339/7607MB (lfb 2x2MB) SWAP 1361/16384MB (cached 120MB) CPU [3%@729,5%@729,2%@729,4%@729,92%@1344,0%@1344] GR3D_FREQ 99% cpu@62.218C soc2@61.218C soc0@61.906C gpu@63.687C tj@63.687C soc1@61.031C VDD_IN 17486mW/16551mW VDD_CPU_GPU_CV 8524mW/7752mW VDD_SOC 3923mW/3792mW
08-11-2026 21:16:38 RAM 6340/7607MB (lfb 2x2MB) SWAP 1361/16384MB (cached 120MB) CPU [3%@729,5%@729,4%@729,1%@729,92%@1344,0%@1344] GR3D_FREQ 99% cpu@62.031C soc2@61.312C soc0@61.937C gpu@63.875C tj@63.875C soc1@61.062C VDD_IN 17889mW/16572mW VDD_CPU_GPU_CV 8744mW/7767mW VDD_SOC 4040mW/3795mW
08-11-2026 21:16:39 RAM 6340/7607MB (lfb 2x2MB) SWAP 1361/16384MB (cached 120MB) CPU [32%@1344,3%@1344,5%@1344,1%@1344,67%@729,0%@729] GR3D_FREQ 96% cpu@62.031C soc2@61.406C soc0@62.031C gpu@63.5C tj@63.5C soc1@60.968C VDD_IN 17761mW/16589mW VDD_CPU_GPU_CV 8705mW/7781mW VDD_SOC 3923mW/3797mW
08-11-2026 21:16:40 RAM 6340/7607MB (lfb 2x2MB) SWAP 1361/16384MB (cached 120MB) CPU [95%@1344,2%@1344,3%@1344,1%@1344,0%@729,1%@729] GR3D_FREQ 97% cpu@62.093C soc2@61.562C soc0@62.156C gpu@63.718C tj@63.718C soc1@61C VDD_IN 17801mW/16607mW VDD_CPU_GPU_CV 8784mW/7796mW VDD_SOC 3923mW/3799mW
08-11-2026 21:16:41 RAM 6340/7607MB (lfb 2x2MB) SWAP 1361/16384MB (cached 120MB) CPU [93%@1344,1%@1344,1%@1344,1%@1344,1%@729,4%@729] GR3D_FREQ 98% cpu@62.25C soc2@61.406C soc0@62C gpu@63.593C tj@63.593C soc1@61.031C VDD_IN 17732mW/16624mW VDD_CPU_GPU_CV 8705mW/7809mW VDD_SOC 3962mW/3801mW
08-11-2026 21:16:42 RAM 6342/7607MB (lfb 2x2MB) SWAP 1361/16384MB (cached 120MB) CPU [37%@729,11%@729,6%@729,11%@729,65%@1344,1%@1344] GR3D_FREQ 97% cpu@62.343C soc2@61.218C soc0@61.968C gpu@63.625C tj@63.625C soc1@61.062C VDD_IN 17811mW/16641mW VDD_CPU_GPU_CV 8784mW/7823mW VDD_SOC 3962mW/3804mW
08-11-2026 21:16:43 RAM 6343/7607MB (lfb 2x2MB) SWAP 1361/16384MB (cached 120MB) CPU [7%@729,2%@729,3%@729,2%@729,92%@1344,0%@1344] GR3D_FREQ 99% cpu@62.093C soc2@61.343C soc0@62.093C gpu@63.593C tj@63.593C soc1@61.156C VDD_IN 17654mW/16655mW VDD_CPU_GPU_CV 8588mW/7834mW VDD_SOC 4001mW/3807mW
08-11-2026 21:16:44 RAM 6344/7607MB (lfb 2x2MB) SWAP 1361/16384MB (cached 120MB) CPU [2%@729,5%@729,6%@729,6%@729,92%@1344,0%@1344] GR3D_FREQ 97% cpu@62.093C soc2@61.375C soc0@62.093C gpu@63.937C tj@63.937C soc1@61C VDD_IN 17772mW/16670mW VDD_CPU_GPU_CV 8588mW/7845mW VDD_SOC 4001mW/3809mW
08-11-2026 21:16:45 RAM 6345/7607MB (lfb 2x2MB) SWAP 1361/16384MB (cached 120MB) CPU [6%@729,1%@729,1%@729,5%@729,92%@1344,0%@1344] GR3D_FREQ 97% cpu@62.312C soc2@61.25C soc0@62.156C gpu@64.031C tj@64.031C soc1@61.093C VDD_IN 17683mW/16684mW VDD_CPU_GPU_CV 8432mW/7853mW VDD_SOC 4040mW/3812mW
08-11-2026 21:16:46 RAM 6345/7607MB (lfb 2x2MB) SWAP 1361/16384MB (cached 120MB) CPU [2%@729,2%@729,2%@729,4%@729,92%@1344,1%@1344] GR3D_FREQ 97% cpu@62.25C soc2@61.406C soc0@62C gpu@64C tj@64C soc1@61.031C VDD_IN 17683mW/16698mW VDD_CPU_GPU_CV 8354mW/7859mW VDD_SOC 4080mW/3816mW
08-11-2026 21:16:47 RAM 6346/7607MB (lfb 2x2MB) SWAP 1361/16384MB (cached 120MB) CPU [4%@1267,34%@1267,16%@1267,6%@1267,60%@1344,0%@1344] GR3D_FREQ 98% cpu@62.781C soc2@61.406C soc0@62.031C gpu@63.531C tj@63.531C soc1@61.156C VDD_IN 17811mW/16713mW VDD_CPU_GPU_CV 8393mW/7866mW VDD_SOC 4119mW/3820mW
08-11-2026 21:16:48 RAM 6346/7607MB (lfb 2x2MB) SWAP 1361/16384MB (cached 120MB) CPU [3%@729,4%@729,3%@729,4%@729,91%@1344,0%@1344] GR3D_FREQ 97% cpu@62.156C soc2@61.375C soc0@62.187C gpu@63.531C tj@63.531C soc1@61.187C VDD_IN 17722mW/16726mW VDD_CPU_GPU_CV 8159mW/7870mW VDD_SOC 4158mW/3824mW
08-11-2026 21:16:49 RAM 6347/7607MB (lfb 2x2MB) SWAP 1361/16384MB (cached 120MB) CPU [6%@729,0%@729,3%@729,4%@729,93%@1344,0%@1344] GR3D_FREQ 97% cpu@62.25C soc2@61.406C soc0@62.218C gpu@63.593C tj@63.593C soc1@61.093C VDD_IN 17565mW/16737mW VDD_CPU_GPU_CV 7938mW/7871mW VDD_SOC 4197mW/3829mW
08-11-2026 21:16:50 RAM 6347/7607MB (lfb 2x2MB) SWAP 1361/16384MB (cached 120MB) CPU [4%@729,1%@729,1%@729,6%@729,91%@1344,0%@1344] GR3D_FREQ 99% cpu@62.625C soc2@61.375C soc0@62.093C gpu@63.125C tj@63.125C soc1@61.156C VDD_IN 17526mW/16747mW VDD_CPU_GPU_CV 7781mW/7870mW VDD_SOC 4237mW/3835mW
08-11-2026 21:16:51 RAM 6347/7607MB (lfb 2x2MB) SWAP 1361/16384MB (cached 120MB) CPU [4%@729,3%@729,1%@729,2%@729,92%@1344,0%@1344] GR3D_FREQ 99% cpu@62.656C soc2@61.312C soc0@62.125C gpu@63.625C tj@63.625C soc1@61.187C VDD_IN 17486mW/16756mW VDD_CPU_GPU_CV 8368mW/7876mW VDD_SOC 4040mW/3837mW
08-11-2026 21:16:52 RAM 6347/7607MB (lfb 2x2MB) SWAP 1361/16384MB (cached 120MB) CPU [3%@729,5%@729,2%@729,1%@729,93%@1344,0%@1344] GR3D_FREQ 99% cpu@62.375C soc2@61.437C soc0@62.125C gpu@63.843C tj@63.843C soc1@61.218C VDD_IN 17565mW/16766mW VDD_CPU_GPU_CV 8510mW/7884mW VDD_SOC 3962mW/3839mW
08-11-2026 21:16:53 RAM 6347/7607MB (lfb 2x2MB) SWAP 1361/16384MB (cached 120MB) CPU [9%@729,15%@729,6%@729,10%@729,92%@1344,0%@1344] GR3D_FREQ 99% cpu@62.375C soc2@61.5C soc0@62.187C gpu@63.875C tj@63.875C soc1@61.25C VDD_IN 18085mW/16783mW VDD_CPU_GPU_CV 8862mW/7896mW VDD_SOC 4034mW/3841mW
08-11-2026 21:16:54 RAM 6347/7607MB (lfb 2x2MB) SWAP 1361/16384MB (cached 120MB) CPU [2%@729,3%@729,3%@729,6%@729,98%@1344,0%@1344] GR3D_FREQ 97% cpu@62.281C soc2@61.468C soc0@62.25C gpu@63.625C tj@63.625C soc1@61.187C VDD_IN 17811mW/16795mW VDD_CPU_GPU_CV 8823mW/7908mW VDD_SOC 3923mW/3842mW
08-11-2026 21:16:55 RAM 6348/7607MB (lfb 2x2MB) SWAP 1361/16384MB (cached 120MB) CPU [2%@729,5%@729,2%@729,1%@729,94%@1344,0%@1344] GR3D_FREQ 97% cpu@62.312C soc2@61.531C soc0@62.125C gpu@63.75C tj@63.75C soc1@61.093C VDD_IN 17772mW/16807mW VDD_CPU_GPU_CV 8823mW/7919mW VDD_SOC 3923mW/3843mW
08-11-2026 21:16:56 RAM 6348/7607MB (lfb 2x2MB) SWAP 1361/16384MB (cached 120MB) CPU [2%@729,3%@729,4%@729,1%@729,5%@1344,87%@1344] GR3D_FREQ 97% cpu@62.718C soc2@61.531C soc0@62.156C gpu@63.593C tj@63.593C soc1@61.25C VDD_IN 17722mW/16818mW VDD_CPU_GPU_CV 8705mW/7928mW VDD_SOC 3962mW/3845mW
08-11-2026 21:16:57 RAM 6348/7607MB (lfb 2x2MB) SWAP 1361/16384MB (cached 120MB) CPU [2%@729,1%@729,4%@729,2%@729,0%@1344,92%@1344] GR3D_FREQ 98% cpu@62.406C soc2@61.593C soc0@62.25C gpu@63.812C tj@63.812C soc1@61.343C VDD_IN 17801mW/16829mW VDD_CPU_GPU_CV 8705mW/7937mW VDD_SOC 3962mW/3846mW
08-11-2026 21:16:58 RAM 6350/7607MB (lfb 2x2MB) SWAP 1361/16384MB (cached 120MB) CPU [6%@1036,16%@1036,2%@1036,4%@1036,0%@1344,92%@1344] GR3D_FREQ 97% cpu@62.343C soc2@61.531C soc0@62.25C gpu@63.687C tj@63.937C soc1@61.218C VDD_IN 17850mW/16841mW VDD_CPU_GPU_CV 8744mW/7947mW VDD_SOC 4001mW/3848mW
08-11-2026 21:16:59 RAM 6351/7607MB (lfb 2x2MB) SWAP 1361/16384MB (cached 120MB) CPU [8%@729,3%@729,0%@729,7%@729,0%@1344,92%@1344] GR3D_FREQ 97% cpu@62.406C soc2@61.531C soc0@62.25C gpu@63.968C tj@63.968C soc1@61.218C VDD_IN 17801mW/16852mW VDD_CPU_GPU_CV 8549mW/7953mW VDD_SOC 4001mW/3849mW
08-11-2026 21:17:00 RAM 6351/7607MB (lfb 2x2MB) SWAP 1361/16384MB (cached 120MB) CPU [3%@729,1%@729,1%@729,3%@729,0%@1344,92%@1344] GR3D_FREQ 99% cpu@62.562C soc2@61.468C soc0@62.125C gpu@64C tj@64C soc1@61.281C VDD_IN 17693mW/16862mW VDD_CPU_GPU_CV 8432mW/7959mW VDD_SOC 4040mW/3852mW
08-11-2026 21:17:01 RAM 6351/7607MB (lfb 2x2MB) SWAP 1361/16384MB (cached 120MB) CPU [4%@729,3%@729,2%@729,3%@729,0%@1344,91%@1344] GR3D_FREQ 98% cpu@62.75C soc2@61.562C soc0@62.218C gpu@64C tj@64C soc1@61.281C VDD_IN 17761mW/16872mW VDD_CPU_GPU_CV 8393mW/7964mW VDD_SOC 4080mW/3854mW
08-11-2026 21:17:02 RAM 6351/7607MB (lfb 2x2MB) SWAP 1361/16384MB (cached 120MB) CPU [5%@729,3%@729,3%@729,3%@729,0%@1344,92%@1344] GR3D_FREQ 98% cpu@62.468C soc2@61.5C soc0@62.281C gpu@63.968C tj@63.968C soc1@61.406C VDD_IN 17643mW/16880mW VDD_CPU_GPU_CV 8198mW/7966mW VDD_SOC 4119mW/3857mW
08-11-2026 21:17:03 RAM 6350/7607MB (lfb 2x2MB) SWAP 1361/16384MB (cached 120MB) CPU [4%@729,5%@729,1%@729,4%@729,0%@1344,92%@1344] GR3D_FREQ 97% cpu@62.437C soc2@61.593C soc0@62.281C gpu@64.031C tj@64.031C soc1@61.25C VDD_IN 17643mW/16889mW VDD_CPU_GPU_CV 8081mW/7968mW VDD_SOC 4158mW/3860mW
08-11-2026 21:17:04 RAM 6352/7607MB (lfb 2x2MB) SWAP 1361/16384MB (cached 120MB) CPU [9%@729,16%@729,8%@729,10%@729,0%@1344,92%@1344] GR3D_FREQ 98% cpu@62.625C soc2@61.625C soc0@62.375C gpu@63.75C tj@63.75C soc1@61.375C VDD_IN 17722mW/16898mW VDD_CPU_GPU_CV 7977mW/7968mW VDD_SOC 4237mW/3865mW
08-11-2026 21:17:05 RAM 6353/7607MB (lfb 2x2MB) SWAP 1361/16384MB (cached 120MB) CPU [4%@729,2%@729,2%@729,3%@729,0%@1344,92%@1344] GR3D_FREQ 99% cpu@62.906C soc2@61.593C soc0@62.375C gpu@63.25C tj@63.25C soc1@61.375C VDD_IN 17486mW/16904mW VDD_CPU_GPU_CV 7938mW/7967mW VDD_SOC 4197mW/3868mW
08-11-2026 21:17:06 RAM 6353/7607MB (lfb 2x2MB) SWAP 1361/16384MB (cached 120MB) CPU [1%@729,3%@729,1%@729,5%@729,0%@1344,92%@1344] GR3D_FREQ 99% cpu@62.937C soc2@61.625C soc0@62.281C gpu@63.812C tj@63.812C soc1@61.468C VDD_IN 17565mW/16911mW VDD_CPU_GPU_CV 8446mW/7973mW VDD_SOC 4001mW/3870mW
08-11-2026 21:17:07 RAM 6355/7607MB (lfb 2x2MB) SWAP 1361/16384MB (cached 120MB) CPU [5%@729,7%@729,2%@729,1%@729,0%@1344,92%@1344] GR3D_FREQ 99% cpu@62.468C soc2@61.593C soc0@62.281C gpu@63.875C tj@63.875C soc1@61.343C VDD_IN 17604mW/16919mW VDD_CPU_GPU_CV 8549mW/7979mW VDD_SOC 4001mW/3871mW
08-11-2026 21:17:08 RAM 6354/7607MB (lfb 2x2MB) SWAP 1361/16384MB (cached 120MB) CPU [2%@729,3%@729,2%@729,3%@729,0%@729,94%@729] GR3D_FREQ 99% cpu@62.468C soc2@61.687C soc0@62.5C gpu@64.343C tj@64.343C soc1@61.312C VDD_IN 17889mW/16929mW VDD_CPU_GPU_CV 8862mW/7988mW VDD_SOC 3955mW/3872mW
08-11-2026 21:17:09 RAM 6355/7607MB (lfb 2x2MB) SWAP 1361/16384MB (cached 120MB) CPU [5%@883,13%@883,9%@883,6%@883,0%@1344,98%@1344] GR3D_FREQ 97% cpu@62.687C soc2@61.656C soc0@62.125C gpu@64.25C tj@64.25C soc1@61.343C VDD_IN 17968mW/16939mW VDD_CPU_GPU_CV 8979mW/7998mW VDD_SOC 3916mW/3872mW
08-11-2026 21:17:10 RAM 6356/7607MB (lfb 2x2MB) SWAP 1361/16384MB (cached 120MB) CPU [2%@729,5%@729,5%@729,4%@729,2%@1344,93%@1344] GR3D_FREQ 98% cpu@62.593C soc2@61.687C soc0@62.437C gpu@64.218C tj@64.218C soc1@61.343C VDD_IN 17801mW/16948mW VDD_CPU_GPU_CV 8744mW/8006mW VDD_SOC 3962mW/3873mW
08-11-2026 21:17:11 RAM 6356/7607MB (lfb 2x2MB) SWAP 1361/16384MB (cached 120MB) CPU [6%@729,1%@729,3%@729,4%@729,0%@1344,92%@1344] GR3D_FREQ 97% cpu@62.781C soc2@61.687C soc0@62.437C gpu@63.843C tj@63.843C soc1@61.5C VDD_IN 17840mW/16957mW VDD_CPU_GPU_CV 8744mW/8013mW VDD_SOC 3962mW/3874mW
08-11-2026 21:17:12 RAM 6357/7607MB (lfb 2x2MB) SWAP 1361/16384MB (cached 120MB) CPU [2%@729,3%@729,2%@729,2%@729,0%@1344,92%@1344] GR3D_FREQ 97% cpu@62.531C soc2@61.562C soc0@62.406C gpu@63.843C tj@63.968C soc1@61.312C VDD_IN 17801mW/16966mW VDD_CPU_GPU_CV 8666mW/8020mW VDD_SOC 3955mW/3875mW
08-11-2026 21:17:13 RAM 6357/7607MB (lfb 2x2MB) SWAP 1361/16384MB (cached 120MB) CPU [2%@729,2%@729,2%@729,4%@729,0%@1344,92%@1344] GR3D_FREQ 97% cpu@62.531C soc2@61.593C soc0@62.468C gpu@63.968C tj@63.968C soc1@61.312C VDD_IN 17772mW/16974mW VDD_CPU_GPU_CV 8627mW/8026mW VDD_SOC 4001mW/3876mW
08-11-2026 21:17:14 RAM 6358/7607MB (lfb 2x2MB) SWAP 1361/16384MB (cached 120MB) CPU [1%@729,1%@729,2%@729,1%@729,4%@1344,93%@1344] GR3D_FREQ 97% cpu@62.687C soc2@61.593C soc0@62.312C gpu@64C tj@64C soc1@61.406C VDD_IN 17761mW/16981mW VDD_CPU_GPU_CV 8510mW/8030mW VDD_SOC 4040mW/3878mW
08-11-2026 21:17:15 RAM 6359/7607MB (lfb 2x2MB) SWAP 1361/16384MB (cached 120MB) CPU [13%@729,2%@729,10%@729,6%@729,7%@1344,91%@1344] GR3D_FREQ 97% cpu@62.593C soc2@61.656C soc0@62.312C gpu@63.968C tj@63.968C soc1@61.437C VDD_IN 17722mW/16988mW VDD_CPU_GPU_CV 8432mW/8034mW VDD_SOC 4080mW/3880mW
08-11-2026 21:17:16 RAM 6359/7607MB (lfb 2x2MB) SWAP 1361/16384MB (cached 120MB) CPU [2%@729,4%@729,0%@729,2%@729,0%@1344,92%@1344] GR3D_FREQ 98% cpu@62.843C soc2@61.687C soc0@62.531C gpu@64.031C tj@64.031C soc1@61.406C VDD_IN 17722mW/16996mW VDD_CPU_GPU_CV 8315mW/8037mW VDD_SOC 4080mW/3882mW
08-11-2026 21:17:17 RAM 6360/7607MB (lfb 2x2MB) SWAP 1361/16384MB (cached 120MB) CPU [4%@729,2%@729,3%@729,4%@729,0%@1344,92%@1344] GR3D_FREQ 97% cpu@62.593C soc2@61.718C soc0@62.468C gpu@63.937C tj@63.937C soc1@61.343C VDD_IN 17643mW/17002mW VDD_CPU_GPU_CV 8133mW/8038mW VDD_SOC 4158mW/3884mW
08-11-2026 21:17:18 RAM 6361/7607MB (lfb 2x2MB) SWAP 1361/16384MB (cached 120MB) CPU [2%@729,1%@729,1%@729,2%@729,1%@1344,92%@1344] GR3D_FREQ 97% cpu@62.656C soc2@61.593C soc0@62.437C gpu@63.812C tj@63.812C soc1@61.406C VDD_IN 17722mW/17009mW VDD_CPU_GPU_CV 8042mW/8038mW VDD_SOC 4197mW/3887mW
08-11-2026 21:17:19 RAM 6361/7607MB (lfb 2x2MB) SWAP 1361/16384MB (cached 120MB) CPU [3%@729,1%@729,3%@729,1%@729,3%@1344,92%@1344] GR3D_FREQ 99% cpu@63C soc2@61.656C soc0@62.468C gpu@63.656C tj@63.656C soc1@61.437C VDD_IN 17604mW/17014mW VDD_CPU_GPU_CV 7820mW/8036mW VDD_SOC 4237mW/3890mW
08-11-2026 21:17:20 RAM 6361/7607MB (lfb 2x2MB) SWAP 1361/16384MB (cached 120MB) CPU [5%@806,7%@806,12%@806,9%@806,0%@1344,92%@1344] GR3D_FREQ 99% cpu@63C soc2@61.843C soc0@62.437C gpu@63.437C tj@63.437C soc1@61.437C VDD_IN 17683mW/17020mW VDD_CPU_GPU_CV 8276mW/8038mW VDD_SOC 4119mW/3893mW
08-11-2026 21:17:21 RAM 6364/7607MB (lfb 2x2MB) SWAP 1361/16384MB (cached 120MB) CPU [3%@729,6%@729,7%@729,4%@729,0%@1344,92%@1344] GR3D_FREQ 99% cpu@62.812C soc2@61.781C soc0@62.562C gpu@63.968C tj@63.968C soc1@61.562C VDD_IN 17565mW/17025mW VDD_CPU_GPU_CV 8549mW/8043mW VDD_SOC 3962mW/3893mW
08-11-2026 21:17:22 RAM 6364/7607MB (lfb 2x2MB) SWAP 1361/16384MB (cached 120MB) CPU [2%@729,1%@729,2%@729,1%@729,2%@1344,93%@1344] GR3D_FREQ 99% cpu@62.5C soc2@61.812C soc0@62.562C gpu@64.125C tj@64.125C soc1@61.375C VDD_IN 17772mW/17032mW VDD_CPU_GPU_CV 8627mW/8048mW VDD_SOC 4001mW/3894mW
08-11-2026 21:17:23 RAM 6364/7607MB (lfb 2x2MB) SWAP 1361/16384MB (cached 120MB) CPU [1%@729,1%@729,1%@729,3%@729,2%@883,94%@883] GR3D_FREQ 99% cpu@62.5C soc2@61.75C soc0@62.406C gpu@64.031C tj@64.031C soc1@61.468C VDD_IN 17772mW/17039mW VDD_CPU_GPU_CV 8784mW/8055mW VDD_SOC 3962mW/3895mW
08-11-2026 21:17:24 RAM 6364/7607MB (lfb 2x2MB) SWAP 1361/16384MB (cached 120MB) CPU [2%@729,1%@729,3%@729,3%@729,4%@1344,98%@1344] GR3D_FREQ 97% cpu@62.812C soc2@61.625C soc0@62.406C gpu@64.25C tj@64.25C soc1@61.5C VDD_IN 17850mW/17046mW VDD_CPU_GPU_CV 8862mW/8062mW VDD_SOC 3916mW/3895mW
08-11-2026 21:17:25 RAM 6364/7607MB (lfb 2x2MB) SWAP 1361/16384MB (cached 120MB) CPU [2%@729,2%@729,2%@729,2%@729,2%@1344,92%@1344] GR3D_FREQ 97% cpu@62.593C soc2@61.781C soc0@62.468C gpu@64.25C tj@64.25C soc1@61.5C VDD_IN 17772mW/17052mW VDD_CPU_GPU_CV 8784mW/8068mW VDD_SOC 3955mW/3896mW
08-11-2026 21:17:26 RAM 6365/7607MB (lfb 2x2MB) SWAP 1361/16384MB (cached 120MB) CPU [16%@729,2%@729,11%@729,6%@729,2%@1344,92%@1344] GR3D_FREQ 97% cpu@62.843C soc2@61.687C soc0@62.593C gpu@64.281C tj@64.281C soc1@61.593C VDD_IN 17889mW/17060mW VDD_CPU_GPU_CV 8823mW/8075mW VDD_SOC 3955mW/3896mW
08-11-2026 21:17:27 RAM 6365/7607MB (lfb 2x2MB) SWAP 1361/16384MB (cached 120MB) CPU [1%@729,2%@729,4%@729,1%@729,0%@1344,93%@1344] GR3D_FREQ 97% cpu@62.687C soc2@61.812C soc0@62.562C gpu@64.312C tj@64.312C soc1@61.375C VDD_IN 17772mW/17066mW VDD_CPU_GPU_CV 8666mW/8080mW VDD_SOC 3995mW/3897mW
08-11-2026 21:17:28 RAM 6366/7607MB (lfb 2x2MB) SWAP 1361/16384MB (cached 120MB) CPU [2%@729,3%@729,3%@729,2%@729,0%@1344,92%@1344] GR3D_FREQ 98% cpu@62.625C soc2@61.781C soc0@62.406C gpu@64.312C tj@64.093C soc1@61.468C VDD_IN 17772mW/17072mW VDD_CPU_GPU_CV 8666mW/8085mW VDD_SOC 4001mW/3898mW
08-11-2026 21:17:29 RAM 6366/7607MB (lfb 2x2MB) SWAP 1361/16384MB (cached 120MB) CPU [3%@729,4%@729,3%@729,2%@729,0%@1344,91%@1344] GR3D_FREQ 98% cpu@62.812C soc2@61.75C soc0@62.531C gpu@64.062C tj@64.062C soc1@61.531C VDD_IN 17732mW/17078mW VDD_CPU_GPU_CV 8549mW/8089mW VDD_SOC 4040mW/3899mW
08-11-2026 21:17:30 RAM 6367/7607MB (lfb 2x2MB) SWAP 1361/16384MB (cached 120MB) CPU [3%@729,1%@729,3%@729,2%@729,0%@1344,92%@1344] GR3D_FREQ 97% cpu@62.593C soc2@61.812C soc0@62.593C gpu@64C tj@64C soc1@61.593C VDD_IN 17722mW/17083mW VDD_CPU_GPU_CV 8393mW/8092mW VDD_SOC 4040mW/3900mW
08-11-2026 21:17:31 RAM 6365/7607MB (lfb 2x2MB) SWAP 1361/16384MB (cached 120MB) CPU [13%@806,1%@806,3%@806,9%@806,1%@1344,93%@1344] GR3D_FREQ 98% cpu@62.781C soc2@61.968C soc0@62.593C gpu@64.125C tj@64.125C soc1@61.468C VDD_IN 17850mW/17090mW VDD_CPU_GPU_CV 8432mW/8095mW VDD_SOC 4119mW/3902mW
08-11-2026 21:17:32 RAM 6369/7607MB (lfb 2x2MB) SWAP 1361/16384MB (cached 120MB) CPU [9%@729,3%@729,5%@729,5%@729,0%@1344,92%@1344] GR3D_FREQ 97% cpu@62.875C soc2@61.781C soc0@62.5C gpu@63.968C tj@63.968C soc1@61.5C VDD_IN 17643mW/17094mW VDD_CPU_GPU_CV 8133mW/8095mW VDD_SOC 4158mW/3904mW
08-11-2026 21:17:33 RAM 6369/7607MB (lfb 2x2MB) SWAP 1361/16384MB (cached 120MB) CPU [4%@729,1%@729,4%@729,1%@729,0%@1344,92%@1344] GR3D_FREQ 97% cpu@63.093C soc2@61.875C soc0@62.531C gpu@64.343C tj@64.343C soc1@61.562C VDD_IN 17683mW/17099mW VDD_CPU_GPU_CV 8055mW/8095mW VDD_SOC 4197mW/3907mW
08-11-2026 21:17:34 RAM 6368/7607MB (lfb 2x2MB) SWAP 1361/16384MB (cached 120MB) CPU [3%@729,3%@729,4%@729,6%@729,0%@1344,92%@1344] GR3D_FREQ 99% cpu@62.843C soc2@61.968C soc0@62.531C gpu@64.187C tj@64.187C soc1@61.656C VDD_IN 17604mW/17103mW VDD_CPU_GPU_CV 7820mW/8092mW VDD_SOC 4276mW/3910mW
08-11-2026 21:17:35 RAM 6366/7607MB (lfb 2x2MB) SWAP 1361/16384MB (cached 120MB) CPU [4%@1113,19%@1113,5%@1113,15%@1113,1%@1344,93%@1344] GR3D_FREQ 99% cpu@62.937C soc2@61.843C soc0@62.593C gpu@64.093C tj@64.093C soc1@61.531C VDD_IN 17722mW/17108mW VDD_CPU_GPU_CV 8315mW/8094mW VDD_SOC 4119mW/3911mW
08-11-2026 21:17:36 RAM 6367/7607MB (lfb 2x2MB) SWAP 1361/16384MB (cached 120MB) CPU [3%@729,5%@729,3%@729,2%@729,0%@1344,92%@1344] GR3D_FREQ 99% cpu@62.593C soc2@61.875C soc0@62.718C gpu@64.281C tj@64.281C soc1@61.593C VDD_IN 17565mW/17112mW VDD_CPU_GPU_CV 8549mW/8098mW VDD_SOC 3962mW/3912mW
08-11-2026 21:17:37 RAM 6368/7607MB (lfb 2x2MB) SWAP 1361/16384MB (cached 120MB) CPU [6%@729,21%@729,11%@729,10%@729,2%@1344,92%@1344] GR3D_FREQ 99% cpu@62.906C soc2@62.062C soc0@62.593C gpu@64.375C tj@64.375C soc1@61.562C VDD_IN 18085mW/17120mW VDD_CPU_GPU_CV 8823mW/8104mW VDD_SOC 4073mW/3913mW
08-11-2026 21:17:38 RAM 6369/7607MB (lfb 2x2MB) SWAP 1361/16384MB (cached 120MB) CPU [4%@729,7%@729,0%@729,2%@729,0%@1344,97%@1344] GR3D_FREQ 96% cpu@62.937C soc2@61.906C soc0@62.687C gpu@64.218C tj@64.218C soc1@61.625C VDD_IN 17732mW/17125mW VDD_CPU_GPU_CV 8823mW/8109mW VDD_SOC 3923mW/3913mW
08-11-2026 21:17:39 RAM 6370/7607MB (lfb 2x2MB) SWAP 1361/16384MB (cached 120MB) CPU [3%@729,1%@729,4%@729,3%@729,0%@1344,95%@1344] GR3D_FREQ 97% cpu@62.75C soc2@61.875C soc0@62.656C gpu@64.281C tj@64.281C soc1@61.687C VDD_IN 17850mW/17130mW VDD_CPU_GPU_CV 8823mW/8115mW VDD_SOC 3955mW/3913mW
08-11-2026 21:17:40 RAM 6370/7607MB (lfb 2x2MB) SWAP 1361/16384MB (cached 120MB) CPU [2%@729,5%@729,1%@729,2%@729,0%@1344,92%@1344] GR3D_FREQ 97% cpu@62.843C soc2@61.968C soc0@62.718C gpu@64.062C tj@64.062C soc1@61.562C VDD_IN 17722mW/17135mW VDD_CPU_GPU_CV 8666mW/8119mW VDD_SOC 3962mW/3914mW
08-11-2026 21:17:41 RAM 6371/7607MB (lfb 2x2MB) SWAP 1361/16384MB (cached 120MB) CPU [2%@729,2%@729,4%@729,2%@729,0%@1344,92%@1344] GR3D_FREQ 98% cpu@63.031C soc2@61.937C soc0@62.656C gpu@64.125C tj@64.125C soc1@61.593C VDD_IN 17801mW/17140mW VDD_CPU_GPU_CV 8666mW/8123mW VDD_SOC 3962mW/3914mW
08-11-2026 21:17:42 RAM 6371/7607MB (lfb 2x2MB) SWAP 1361/16384MB (cached 120MB) CPU [7%@806,1%@806,13%@806,4%@806,1%@1344,92%@1344] GR3D_FREQ 97% cpu@63.062C soc2@62C soc0@62.5C gpu@64.093C tj@64.093C soc1@61.625C VDD_IN 17850mW/17145mW VDD_CPU_GPU_CV 8705mW/8128mW VDD_SOC 3995mW/3915mW
08-11-2026 21:17:43 RAM 6373/7607MB (lfb 2x2MB) SWAP 1361/16384MB (cached 120MB) CPU [2%@729,6%@729,12%@729,1%@729,1%@1344,91%@1344] GR3D_FREQ 98% cpu@63.062C soc2@61.937C soc0@62.625C gpu@64.187C tj@64.187C soc1@61.718C VDD_IN 17811mW/17151mW VDD_CPU_GPU_CV 8627mW/8132mW VDD_SOC 4040mW/3916mW
08-11-2026 21:17:44 RAM 6374/7607MB (lfb 2x2MB) SWAP 1361/16384MB (cached 120MB) CPU [2%@1344,2%@1344,4%@1344,1%@1344,4%@1344,92%@1344] GR3D_FREQ 98% cpu@62.812C soc2@61.937C soc0@62.687C gpu@64.312C tj@64.312C soc1@61.625C VDD_IN 17761mW/17155mW VDD_CPU_GPU_CV 8471mW/8134mW VDD_SOC 4040mW/3917mW
08-11-2026 21:17:45 RAM 6374/7607MB (lfb 2x2MB) SWAP 1361/16384MB (cached 120MB) CPU [5%@729,3%@729,1%@729,2%@729,0%@1344,93%@1344] GR3D_FREQ 98% cpu@62.875C soc2@61.875C soc0@62.625C gpu@64.312C tj@64.312C soc1@61.656C VDD_IN 17693mW/17159mW VDD_CPU_GPU_CV 8393mW/8136mW VDD_SOC 4080mW/3918mW
08-11-2026 21:17:46 RAM 6375/7607MB (lfb 2x2MB) SWAP 1361/16384MB (cached 120MB) CPU [1%@729,6%@729,0%@729,1%@729,0%@1344,92%@1344] GR3D_FREQ 98% cpu@63.093C soc2@61.906C soc0@62.718C gpu@64.312C tj@64.312C soc1@61.687C VDD_IN 17683mW/17163mW VDD_CPU_GPU_CV 8198mW/8137mW VDD_SOC 4119mW/3919mW
08-11-2026 21:17:47 RAM 6374/7607MB (lfb 2x2MB) SWAP 1361/16384MB (cached 120MB) CPU [8%@729,1%@729,1%@729,4%@729,0%@1344,92%@1344] GR3D_FREQ 97% cpu@62.812C soc2@61.937C soc0@62.593C gpu@64.156C tj@64.156C soc1@61.718C VDD_IN 17722mW/17167mW VDD_CPU_GPU_CV 8120mW/8137mW VDD_SOC 4158mW/3921mW
08-11-2026 21:17:48 RAM 6377/7607MB (lfb 2x2MB) SWAP 1361/16384MB (cached 120MB) CPU [3%@729,17%@729,12%@729,7%@729,1%@1344,92%@1344] GR3D_FREQ 97% cpu@62.906C soc2@62C soc0@62.656C gpu@64C tj@64C soc1@61.625C VDD_IN 17722mW/17171mW VDD_CPU_GPU_CV 7964mW/8135mW VDD_SOC 4237mW/3924mW
08-11-2026 21:17:49 RAM 6377/7607MB (lfb 2x2MB) SWAP 1361/16384MB (cached 120MB) CPU [2%@729,3%@729,6%@729,2%@729,1%@1344,93%@1344] GR3D_FREQ 99% cpu@63.25C soc2@61.937C soc0@62.812C gpu@63.687C tj@63.687C soc1@61.656C VDD_IN 17565mW/17174mW VDD_CPU_GPU_CV 8016mW/8134mW VDD_SOC 4197mW/3926mW
08-11-2026 21:17:50 RAM 6378/7607MB (lfb 2x2MB) SWAP 1361/16384MB (cached 120MB) CPU [2%@729,2%@729,4%@729,1%@729,0%@1344,92%@1344] GR3D_FREQ 99% cpu@62.937C soc2@62.031C soc0@62.656C gpu@64.25C tj@64.468C soc1@61.687C VDD_IN 17565mW/17177mW VDD_CPU_GPU_CV 8471mW/8137mW VDD_SOC 3962mW/3926mW
08-11-2026 21:17:51 RAM 6377/7607MB (lfb 2x2MB) SWAP 1361/16384MB (cached 120MB) CPU [3%@729,1%@729,1%@729,1%@729,3%@1344,92%@1344] GR3D_FREQ 99% cpu@62.968C soc2@62C soc0@62.687C gpu@64.468C tj@64.468C soc1@61.781C VDD_IN 17654mW/17181mW VDD_CPU_GPU_CV 8588mW/8140mW VDD_SOC 4001mW/3926mW
08-11-2026 21:17:52 RAM 6377/7607MB (lfb 2x2MB) SWAP 1361/16384MB (cached 120MB) CPU [2%@729,2%@729,5%@729,1%@729,0%@883,95%@883] GR3D_FREQ 99% cpu@62.625C soc2@61.937C soc0@62.781C gpu@64.5C tj@64.5C soc1@61.75C VDD_IN 17772mW/17185mW VDD_CPU_GPU_CV 8784mW/8145mW VDD_SOC 3962mW/3927mW
08-11-2026 21:17:53 RAM 6376/7607MB (lfb 2x2MB) SWAP 1361/16384MB (cached 120MB) CPU [7%@806,11%@806,3%@806,2%@806,0%@1344,97%@1344] GR3D_FREQ 97% cpu@63C soc2@62.062C soc0@62.781C gpu@64.5C tj@64.5C soc1@61.687C VDD_IN 18007mW/17191mW VDD_CPU_GPU_CV 8940mW/8150mW VDD_SOC 3955mW/3927mW
08-11-2026 21:17:54 RAM 6378/7607MB (lfb 2x2MB) SWAP 1361/16384MB (cached 120MB) CPU [3%@729,9%@729,6%@729,9%@729,0%@1344,92%@1344] GR3D_FREQ 98% cpu@62.968C soc2@62.093C soc0@62.718C gpu@64.562C tj@64.562C soc1@61.687C VDD_IN 17811mW/17195mW VDD_CPU_GPU_CV 8744mW/8155mW VDD_SOC 3955mW/3927mW
08-11-2026 21:17:55 RAM 6377/7607MB (lfb 2x2MB) SWAP 1361/16384MB (cached 120MB) CPU [3%@729,2%@729,2%@729,5%@729,0%@1344,92%@1344] GR3D_FREQ 97% cpu@62.937C soc2@62C soc0@62.687C gpu@64.687C tj@64.687C soc1@61.687C VDD_IN 17811mW/17199mW VDD_CPU_GPU_CV 8784mW/8159mW VDD_SOC 3962mW/3927mW
08-11-2026 21:17:57 RAM 6378/7607MB (lfb 2x2MB) SWAP 1361/16384MB (cached 120MB) CPU [5%@729,4%@729,4%@729,5%@729,74%@1344,18%@1344] GR3D_FREQ 98% cpu@63.031C soc2@62C soc0@62.687C gpu@64.312C tj@64.312C soc1@61.75C VDD_IN 17811mW/17203mW VDD_CPU_GPU_CV 8666mW/8162mW VDD_SOC 4001mW/3928mW
08-11-2026 21:17:58 RAM 6378/7607MB (lfb 2x2MB) SWAP 1361/16384MB (cached 120MB) CPU [3%@729,1%@729,6%@729,1%@729,91%@1344,0%@1344] GR3D_FREQ 97% cpu@62.75C soc2@62.031C soc0@62.781C gpu@64.375C tj@64.375C soc1@61.843C VDD_IN 17811mW/17208mW VDD_CPU_GPU_CV 8627mW/8166mW VDD_SOC 4001mW/3928mW
08-11-2026 21:17:59 RAM 6379/7607MB (lfb 2x2MB) SWAP 1361/16384MB (cached 120MB) CPU [6%@1344,1%@1344,2%@1344,0%@1344,93%@1344,0%@1344] GR3D_FREQ 97% cpu@62.781C soc2@62.062C soc0@62.937C gpu@64.312C tj@64.312C soc1@61.75C VDD_IN 17772mW/17212mW VDD_CPU_GPU_CV 8510mW/8168mW VDD_SOC 4040mW/3929mW
08-11-2026 21:18:00 RAM 6380/7607MB (lfb 2x2MB) SWAP 1361/16384MB (cached 120MB) CPU [9%@729,17%@729,11%@729,2%@729,92%@1344,1%@1344] GR3D_FREQ 97% cpu@63.031C soc2@62.031C soc0@62.781C gpu@64.343C tj@64.343C soc1@61.75C VDD_IN 17811mW/17216mW VDD_CPU_GPU_CV 8471mW/8170mW VDD_SOC 4080mW/3930mW
08-11-2026 21:18:01 RAM 6381/7607MB (lfb 2x2MB) SWAP 1361/16384MB (cached 120MB) CPU [2%@729,2%@729,5%@729,1%@729,92%@1344,0%@1344] GR3D_FREQ 98% cpu@63.125C soc2@62.062C soc0@62.781C gpu@64.343C tj@64.343C soc1@61.75C VDD_IN 17722mW/17219mW VDD_CPU_GPU_CV 8276mW/8171mW VDD_SOC 4119mW/3931mW
08-11-2026 21:18:02 RAM 6381/7607MB (lfb 2x2MB) SWAP 1361/16384MB (cached 120MB) CPU [2%@729,3%@729,3%@729,4%@729,92%@1344,0%@1344] GR3D_FREQ 97% cpu@63C soc2@62.031C soc0@62.875C gpu@64.656C tj@64.656C soc1@61.875C VDD_IN 17722mW/17222mW VDD_CPU_GPU_CV 8120mW/8170mW VDD_SOC 4158mW/3933mW
08-11-2026 21:18:03 RAM 6382/7607MB (lfb 2x2MB) SWAP 1361/16384MB (cached 120MB) CPU [3%@729,2%@729,3%@729,3%@729,92%@1344,0%@1344] GR3D_FREQ 97% cpu@62.843C soc2@62.093C soc0@62.906C gpu@64.593C tj@64.593C soc1@61.75C VDD_IN 17683mW/17225mW VDD_CPU_GPU_CV 7964mW/8169mW VDD_SOC 4237mW/3935mW
08-11-2026 21:18:04 RAM 6382/7607MB (lfb 2x2MB) SWAP 1361/16384MB (cached 120MB) CPU [5%@729,1%@729,2%@729,1%@729,93%@1344,0%@1344] GR3D_FREQ 99% cpu@63.093C soc2@62.125C soc0@62.875C gpu@63.656C tj@63.656C soc1@61.718C VDD_IN 17565mW/17228mW VDD_CPU_GPU_CV 7899mW/8167mW VDD_SOC 4237mW/3937mW
08-11-2026 21:18:05 RAM 6383/7607MB (lfb 2x2MB) SWAP 1361/16384MB (cached 120MB) CPU [11%@806,3%@806,15%@806,4%@806,92%@1344,0%@1344] GR3D_FREQ 99% cpu@63.375C soc2@62.093C soc0@62.812C gpu@64.125C tj@64.125C soc1@61.781C VDD_IN 17722mW/17231mW VDD_CPU_GPU_CV 8588mW/8170mW VDD_SOC 4001mW/3937mW
08-11-2026 21:18:06 RAM 6384/7607MB (lfb 2x2MB) SWAP 1361/16384MB (cached 120MB) CPU [3%@729,3%@729,10%@729,6%@729,92%@1344,0%@1344] GR3D_FREQ 99% cpu@63.125C soc2@62.062C soc0@62.812C gpu@64.406C tj@64.406C soc1@61.781C VDD_IN 17654mW/17234mW VDD_CPU_GPU_CV 8588mW/8173mW VDD_SOC 4001mW/3938mW
08-11-2026 21:18:07 RAM 6384/7607MB (lfb 2x2MB) SWAP 1361/16384MB (cached 120MB) CPU [3%@729,2%@729,4%@729,1%@729,94%@729,0%@729] GR3D_FREQ 99% cpu@62.843C soc2@62.062C soc0@62.781C gpu@64.687C tj@64.687C soc1@61.718C VDD_IN 17889mW/17238mW VDD_CPU_GPU_CV 8901mW/8178mW VDD_SOC 3955mW/3938mW
08-11-2026 21:18:08 RAM 6385/7607MB (lfb 2x2MB) SWAP 1361/16384MB (cached 120MB) CPU [1%@729,2%@729,1%@729,5%@729,99%@1344,0%@1344] GR3D_FREQ 97% cpu@62.937C soc2@62.093C soc0@62.968C gpu@64.593C tj@64.593C soc1@61.718C VDD_IN 17811mW/17242mW VDD_CPU_GPU_CV 8823mW/8182mW VDD_SOC 3923mW/3938mW
08-11-2026 21:18:09 RAM 6385/7607MB (lfb 2x2MB) SWAP 1361/16384MB (cached 120MB) CPU [3%@729,2%@729,2%@729,6%@729,92%@1344,0%@1344] GR3D_FREQ 97% cpu@62.906C soc2@62.031C soc0@62.812C gpu@64.437C tj@64.437C soc1@61.843C VDD_IN 17811mW/17245mW VDD_CPU_GPU_CV 8784mW/8186mW VDD_SOC 3962mW/3938mW
08-11-2026 21:18:10 RAM 6386/7607MB (lfb 2x2MB) SWAP 1361/16384MB (cached 120MB) CPU [1%@729,2%@729,2%@729,1%@729,91%@1344,3%@1344] GR3D_FREQ 97% cpu@62.906C soc2@62.093C soc0@62.75C gpu@64.343C tj@64.343C soc1@61.812C VDD_IN 17811mW/17249mW VDD_CPU_GPU_CV 8744mW/8189mW VDD_SOC 3962mW/3938mW
08-11-2026 21:18:11 RAM 6386/7607MB (lfb 2x2MB) SWAP 1361/16384MB (cached 120MB) CPU [17%@729,6%@729,4%@729,7%@729,92%@1344,2%@1344] GR3D_FREQ 98% cpu@63.093C soc2@62.062C soc0@62.687C gpu@64.312C tj@64.312C soc1@61.875C VDD_IN 17889mW/17253mW VDD_CPU_GPU_CV 8705mW/8192mW VDD_SOC 3995mW/3938mW
08-11-2026 21:18:12 RAM 6386/7607MB (lfb 2x2MB) SWAP 1361/16384MB (cached 120MB) CPU [3%@729,2%@729,4%@729,1%@729,92%@1344,2%@1344] GR3D_FREQ 97% cpu@62.812C soc2@62.156C soc0@62.906C gpu@64.437C tj@64.437C soc1@61.812C VDD_IN 17772mW/17256mW VDD_CPU_GPU_CV 8627mW/8195mW VDD_SOC 4001mW/3939mW
08-11-2026 21:18:13 RAM 6387/7607MB (lfb 2x2MB) SWAP 1361/16384MB (cached 120MB) CPU [2%@729,1%@729,2%@729,1%@729,92%@1344,2%@1344] GR3D_FREQ 97% cpu@63C soc2@62C soc0@62.906C gpu@64.312C tj@64.312C soc1@61.781C VDD_IN 17732mW/17259mW VDD_CPU_GPU_CV 8549mW/8197mW VDD_SOC 4040mW/3939mW
08-11-2026 21:18:14 RAM 6386/7607MB (lfb 2x2MB) SWAP 1361/16384MB (cached 120MB) CPU [3%@729,2%@729,5%@729,1%@729,93%@1344,0%@1344] GR3D_FREQ 97% cpu@63.062C soc2@62.093C soc0@62.781C gpu@64.343C tj@64.343C soc1@61.781C VDD_IN 17732mW/17262mW VDD_CPU_GPU_CV 8432mW/8199mW VDD_SOC 4040mW/3940mW
08-11-2026 21:18:15 RAM 6387/7607MB (lfb 2x2MB) SWAP 1361/16384MB (cached 120MB) CPU [4%@729,2%@729,7%@729,2%@729,92%@1344,0%@1344] GR3D_FREQ 97% cpu@63.062C soc2@62.156C soc0@62.843C gpu@64.625C tj@64.625C soc1@61.843C VDD_IN 17722mW/17265mW VDD_CPU_GPU_CV 8315mW/8200mW VDD_SOC 4119mW/3941mW
08-11-2026 21:18:16 RAM 6389/7607MB (lfb 2x2MB) SWAP 1361/16384MB (cached 120MB) CPU [3%@1036,18%@1036,3%@1036,6%@1036,92%@1344,0%@1344] GR3D_FREQ 97% cpu@63.25C soc2@62.093C soc0@62.812C gpu@64.5C tj@64.5C soc1@61.906C VDD_IN 17811mW/17268mW VDD_CPU_GPU_CV 8315mW/8200mW VDD_SOC 4158mW/3942mW
08-11-2026 21:18:17 RAM 6389/7607MB (lfb 2x2MB) SWAP 1361/16384MB (cached 120MB) CPU [4%@729,8%@729,6%@729,2%@729,92%@1344,0%@1344] GR3D_FREQ 98% cpu@62.968C soc2@62.187C soc0@62.968C gpu@64.468C tj@64.468C soc1@61.843C VDD_IN 17683mW/17271mW VDD_CPU_GPU_CV 8042mW/8199mW VDD_SOC 4197mW/3944mW
08-11-2026 21:18:18 RAM 6390/7607MB (lfb 2x2MB) SWAP 1361/16384MB (cached 120MB) CPU [3%@729,5%@729,1%@729,2%@729,93%@1344,0%@1344] GR3D_FREQ 99% cpu@63.281C soc2@62.125C soc0@63.093C gpu@64.031C tj@64.031C soc1@61.781C VDD_IN 17526mW/17272mW VDD_CPU_GPU_CV 7742mW/8196mW VDD_SOC 4276mW/3946mW
08-11-2026 21:18:19 RAM 6390/7607MB (lfb 2x2MB) SWAP 1361/16384MB (cached 120MB) CPU [4%@729,2%@729,2%@729,3%@729,92%@1344,0%@1344] GR3D_FREQ 99% cpu@63.25C soc2@62.125C soc0@62.781C gpu@64.187C tj@64.187C soc1@61.843C VDD_IN 17526mW/17274mW VDD_CPU_GPU_CV 8354mW/8197mW VDD_SOC 4040mW/3947mW
08-11-2026 21:18:20 RAM 6391/7607MB (lfb 2x2MB) SWAP 1361/16384MB (cached 120MB) CPU [2%@729,4%@729,1%@729,0%@729,92%@1344,0%@1344] GR3D_FREQ 99% cpu@62.843C soc2@62.093C soc0@62.937C gpu@64.281C tj@64.281C soc1@61.906C VDD_IN 17565mW/17276mW VDD_CPU_GPU_CV 8510mW/8199mW VDD_SOC 3962mW/3947mW
08-11-2026 21:18:21 RAM 6391/7607MB (lfb 2x2MB) SWAP 1361/16384MB (cached 120MB) CPU [3%@729,1%@729,4%@729,2%@729,92%@1344,0%@1344] GR3D_FREQ 99% cpu@63.062C soc2@62.312C soc0@62.843C gpu@64.5C tj@64.5C soc1@61.843C VDD_IN 18046mW/17280mW VDD_CPU_GPU_CV 8823mW/8203mW VDD_SOC 4073mW/3947mW
08-11-2026 21:18:22 RAM 6388/7607MB (lfb 2x2MB) SWAP 1361/16384MB (cached 120MB) CPU [8%@729,5%@729,5%@729,18%@729,98%@1344,0%@1344] GR3D_FREQ 97% cpu@62.968C soc2@62.25C soc0@63C gpu@64.5C tj@64.5C soc1@61.843C VDD_IN 17889mW/17284mW VDD_CPU_GPU_CV 8940mW/8207mW VDD_SOC 3923mW/3947mW
08-11-2026 21:18:23 RAM 6389/7607MB (lfb 2x2MB) SWAP 1361/16384MB (cached 120MB) CPU [4%@729,1%@729,5%@729,2%@729,93%@1344,0%@1344] GR3D_FREQ 97% cpu@62.968C soc2@62.156C soc0@62.843C gpu@64.468C tj@64.468C soc1@61.875C VDD_IN 17889mW/17287mW VDD_CPU_GPU_CV 8823mW/8211mW VDD_SOC 3962mW/3947mW
08-11-2026 21:18:24 RAM 6390/7607MB (lfb 2x2MB) SWAP 1361/16384MB (cached 120MB) CPU [2%@729,3%@729,2%@729,1%@729,92%@1344,1%@1344] GR3D_FREQ 97% cpu@63.156C soc2@62.156C soc0@62.906C gpu@64.75C tj@64.75C soc1@61.906C VDD_IN 17811mW/17291mW VDD_CPU_GPU_CV 8744mW/8214mW VDD_SOC 3962mW/3947mW
08-11-2026 21:18:25 RAM 6390/7607MB (lfb 2x2MB) SWAP 1361/16384MB (cached 120MB) CPU [2%@729,2%@729,2%@729,6%@729,92%@1344,2%@1344] GR3D_FREQ 97% cpu@62.968C soc2@62.187C soc0@62.937C gpu@64.843C tj@64.843C soc1@62.031C VDD_IN 17811mW/17294mW VDD_CPU_GPU_CV 8744mW/8217mW VDD_SOC 4001mW/3948mW
08-11-2026 21:18:26 RAM 6390/7607MB (lfb 2x2MB) SWAP 1361/16384MB (cached 120MB) CPU [2%@1113,1%@1113,2%@1113,4%@1113,92%@1344,0%@1344] GR3D_FREQ 97% cpu@63C soc2@62.25C soc0@62.906C gpu@64.781C tj@64.781C soc1@61.812C VDD_IN 17840mW/17297mW VDD_CPU_GPU_CV 8627mW/8220mW VDD_SOC 4001mW/3948mW
08-11-2026 21:18:27 RAM 6392/7607MB (lfb 2x2MB) SWAP 1361/16384MB (cached 120MB) CPU [4%@1190,8%@1190,17%@1190,6%@1190,92%@1344,0%@1344] GR3D_FREQ 98% cpu@63.343C soc2@62.218C soc0@62.906C gpu@64.562C tj@64.562C soc1@61.875C VDD_IN 18007mW/17301mW VDD_CPU_GPU_CV 8784mW/8223mW VDD_SOC 4034mW/3949mW
08-11-2026 21:18:28 RAM 6392/7607MB (lfb 2x2MB) SWAP 1361/16384MB (cached 120MB) CPU [2%@1344,2%@1344,2%@1344,6%@1344,92%@1344,0%@1344] GR3D_FREQ 97% cpu@63.343C soc2@62.218C soc0@62.906C gpu@64.812C tj@64.812C soc1@61.937C VDD_IN 17761mW/17303mW VDD_CPU_GPU_CV 8471mW/8224mW VDD_SOC 4080mW/3949mW
08-11-2026 21:18:29 RAM 6393/7607MB (lfb 2x2MB) SWAP 1361/16384MB (cached 120MB) CPU [3%@729,2%@1113,2%@1113,3%@1113,92%@1344,1%@1344] GR3D_FREQ 98% cpu@63.062C soc2@62.281C soc0@62.906C gpu@64.875C tj@64.875C soc1@61.843C VDD_IN 17811mW/17306mW VDD_CPU_GPU_CV 8432mW/8225mW VDD_SOC 4080mW/3950mW
08-11-2026 21:18:30 RAM 6394/7607MB (lfb 2x2MB) SWAP 1361/16384MB (cached 120MB) CPU [3%@1190,1%@1190,2%@1190,6%@1190,92%@1344,0%@1344] GR3D_FREQ 99% cpu@63.218C soc2@62.156C soc0@63.031C gpu@64.781C tj@64.781C soc1@61.843C VDD_IN 17693mW/17308mW VDD_CPU_GPU_CV 8198mW/8225mW VDD_SOC 4119mW/3951mW
08-11-2026 21:18:31 RAM 6394/7607MB (lfb 2x2MB) SWAP 1361/16384MB (cached 120MB) CPU [1%@729,3%@729,2%@729,4%@729,92%@1344,0%@1344] GR3D_FREQ 98% cpu@63.406C soc2@62.093C soc0@62.843C gpu@64.312C tj@64.312C soc1@61.843C VDD_IN 17643mW/17310mW VDD_CPU_GPU_CV 8081mW/8224mW VDD_SOC 4158mW/3952mW
08-11-2026 21:18:32 RAM 6395/7607MB (lfb 2x2MB) SWAP 1361/16384MB (cached 120MB) CPU [5%@729,1%@729,1%@729,2%@729,92%@1344,0%@1344] GR3D_FREQ 98% cpu@63.25C soc2@62.281C soc0@62.875C gpu@64.25C tj@64.25C soc1@61.968C VDD_IN 17604mW/17312mW VDD_CPU_GPU_CV 7847mW/8222mW VDD_SOC 4237mW/3954mW
08-11-2026 21:18:33 RAM 6453/7607MB (lfb 2x2MB) SWAP 1361/16384MB (cached 120MB) CPU [9%@1344,7%@1344,18%@1344,12%@1344,76%@1113,5%@1113] GR3D_FREQ 16% cpu@63.125C soc2@62.125C soc0@63C gpu@63.343C tj@63.343C soc1@61.906C VDD_IN 15493mW/17302mW VDD_CPU_GPU_CV 7022mW/8216mW VDD_SOC 3660mW/3952mW
08-11-2026 21:18:34 RAM 6564/7607MB (lfb 1x1MB) SWAP 1367/16384MB (cached 119MB) CPU [41%@1344,34%@1344,58%@1344,45%@1344,63%@1344,37%@1344] GR3D_FREQ 0% cpu@62.593C soc2@61.375C soc0@62.531C gpu@62.25C tj@62.593C soc1@61.906C VDD_IN 8120mW/17251mW VDD_CPU_GPU_CV 2543mW/8184mW VDD_SOC 1950mW/3941mW
08-11-2026 21:18:35 RAM 6862/7607MB (lfb 1x1MB) SWAP 1367/16384MB (cached 118MB) CPU [66%@1344,61%@1344,64%@1344,75%@1344,58%@729,58%@729] GR3D_FREQ 99% cpu@62C soc2@61.187C soc0@62.375C gpu@62.031C tj@62.343C soc1@61.468C VDD_IN 8439mW/17203mW VDD_CPU_GPU_CV 2662mW/8154mW VDD_SOC 1907mW/3930mW
08-11-2026 21:18:36 RAM 6857/7607MB (lfb 1x1MB) SWAP 1367/16384MB (cached 118MB) CPU [2%@729,4%@729,0%@729,87%@729,6%@1344,0%@1344] GR3D_FREQ 99% cpu@62.468C soc2@61.593C soc0@62.375C gpu@63.531C tj@63.531C soc1@61.468C VDD_IN 16531mW/17199mW VDD_CPU_GPU_CV 7951mW/8153mW VDD_SOC 3693mW/3929mW
08-11-2026 21:18:37 RAM 6861/7607MB (lfb 1x1MB) SWAP 1367/16384MB (cached 118MB) CPU [4%@729,5%@729,6%@729,1%@729,91%@729,0%@729] GR3D_FREQ 99% cpu@62.625C soc2@61.687C soc0@62.531C gpu@64C tj@64C soc1@61.562C VDD_IN 17801mW/17202mW VDD_CPU_GPU_CV 8744mW/8156mW VDD_SOC 3962mW/3929mW
08-11-2026 21:18:38 RAM 6869/7607MB (lfb 1x1MB) SWAP 1367/16384MB (cached 118MB) CPU [8%@1344,8%@1344,7%@1344,14%@1344,100%@1344,3%@1344] GR3D_FREQ 98% cpu@63.218C soc2@61.968C soc0@62.562C gpu@64.125C tj@64.125C soc1@61.75C VDD_IN 17929mW/17206mW VDD_CPU_GPU_CV 8979mW/8161mW VDD_SOC 3923mW/3929mW
08-11-2026 21:18:39 RAM 6868/7607MB (lfb 1x1MB) SWAP 1367/16384MB (cached 118MB) CPU [3%@729,2%@729,3%@729,4%@729,92%@1344,0%@1344] GR3D_FREQ 98% cpu@62.625C soc2@61.906C soc0@62.625C gpu@64.187C tj@64.187C soc1@61.843C VDD_IN 17722mW/17209mW VDD_CPU_GPU_CV 8705mW/8163mW VDD_SOC 3923mW/3929mW
08-11-2026 21:18:40 RAM 6868/7607MB (lfb 1x1MB) SWAP 1367/16384MB (cached 118MB) CPU [1%@729,7%@729,2%@729,2%@729,93%@1344,0%@1344] GR3D_FREQ 97% cpu@62.812C soc2@62C soc0@62.687C gpu@64.25C tj@64.25C soc1@61.656C VDD_IN 17761mW/17212mW VDD_CPU_GPU_CV 8705mW/8166mW VDD_SOC 3923mW/3929mW
08-11-2026 21:18:41 RAM 6869/7607MB (lfb 1x1MB) SWAP 1367/16384MB (cached 118MB) CPU [5%@729,5%@729,3%@729,2%@729,15%@1344,76%@1344] GR3D_FREQ 97% cpu@63C soc2@61.937C soc0@62.625C gpu@64.312C tj@64.312C soc1@61.625C VDD_IN 17643mW/17214mW VDD_CPU_GPU_CV 8588mW/8169mW VDD_SOC 3962mW/3929mW
08-11-2026 21:18:42 RAM 6869/7607MB (lfb 1x1MB) SWAP 1367/16384MB (cached 118MB) CPU [1%@729,1%@729,1%@729,5%@729,0%@1344,92%@1344] GR3D_FREQ 97% cpu@62.968C soc2@62.031C soc0@62.593C gpu@64.406C tj@64.406C soc1@61.812C VDD_IN 17761mW/17217mW VDD_CPU_GPU_CV 8549mW/8171mW VDD_SOC 3962mW/3929mW
08-11-2026 21:18:43 RAM 6867/7607MB (lfb 1x1MB) SWAP 1367/16384MB (cached 118MB) CPU [3%@729,6%@729,2%@729,1%@729,0%@1344,92%@1344] GR3D_FREQ 97% cpu@63.156C soc2@61.968C soc0@62.656C gpu@64.187C tj@64.187C soc1@61.781C VDD_IN 17683mW/17220mW VDD_CPU_GPU_CV 8432mW/8172mW VDD_SOC 4001mW/3929mW
08-11-2026 21:18:44 RAM 6872/7607MB (lfb 1x1MB) SWAP 1367/16384MB (cached 118MB) CPU [4%@729,17%@729,8%@729,8%@729,0%@1344,92%@1344] GR3D_FREQ 97% cpu@62.843C soc2@62.093C soc0@62.656C gpu@64.218C tj@64.218C soc1@61.937C VDD_IN 17722mW/17222mW VDD_CPU_GPU_CV 8432mW/8173mW VDD_SOC 4040mW/3930mW
08-11-2026 21:18:45 RAM 6873/7607MB (lfb 1x1MB) SWAP 1367/16384MB (cached 118MB) CPU [3%@729,2%@729,4%@729,1%@729,0%@1344,92%@1344] GR3D_FREQ 98% cpu@62.968C soc2@62.062C soc0@62.843C gpu@64.187C tj@64.187C soc1@61.656C VDD_IN 17565mW/17224mW VDD_CPU_GPU_CV 8237mW/8174mW VDD_SOC 4080mW/3931mW
08-11-2026 21:18:46 RAM 6873/7607MB (lfb 1x1MB) SWAP 1367/16384MB (cached 118MB) CPU [2%@729,3%@729,1%@729,2%@729,0%@1344,92%@1344] GR3D_FREQ 97% cpu@63.125C soc2@61.968C soc0@62.656C gpu@64.218C tj@64.218C soc1@61.812C VDD_IN 17526mW/17226mW VDD_CPU_GPU_CV 8042mW/8173mW VDD_SOC 4119mW/3932mW
08-11-2026 21:18:47 RAM 6873/7607MB (lfb 1x1MB) SWAP 1367/16384MB (cached 118MB) CPU [3%@729,5%@729,2%@729,1%@729,2%@1344,92%@1344] GR3D_FREQ 98% cpu@63.062C soc2@62.093C soc0@62.75C gpu@64.187C tj@64.187C soc1@61.781C VDD_IN 17526mW/17227mW VDD_CPU_GPU_CV 7899mW/8172mW VDD_SOC 4197mW/3933mW
08-11-2026 21:18:48 RAM 6873/7607MB (lfb 1x1MB) SWAP 1367/16384MB (cached 118MB) CPU [3%@729,6%@729,1%@729,1%@729,0%@1344,92%@1344] GR3D_FREQ 99% cpu@63.562C soc2@62.218C soc0@62.812C gpu@63.75C tj@63.75C soc1@61.875C VDD_IN 17486mW/17228mW VDD_CPU_GPU_CV 7781mW/8170mW VDD_SOC 4237mW/3935mW
08-11-2026 21:18:49 RAM 6869/7607MB (lfb 1x1MB) SWAP 1367/16384MB (cached 118MB) CPU [4%@729,12%@729,12%@729,14%@729,0%@1344,92%@1344] GR3D_FREQ 99% cpu@63.062C soc2@62.156C soc0@62.875C gpu@64.531C tj@64.531C soc1@61.937C VDD_IN 17604mW/17230mW VDD_CPU_GPU_CV 8471mW/8171mW VDD_SOC 4001mW/3935mW
08-11-2026 21:18:50 RAM 6871/7607MB (lfb 1x1MB) SWAP 1367/16384MB (cached 118MB) CPU [2%@729,2%@729,5%@729,2%@729,0%@1344,92%@1344] GR3D_FREQ 99% cpu@63.125C soc2@62.093C soc0@62.875C gpu@64.5C tj@64.5C soc1@61.843C VDD_IN 17526mW/17232mW VDD_CPU_GPU_CV 8471mW/8173mW VDD_SOC 4001mW/3935mW
08-11-2026 21:18:51 RAM 6871/7607MB (lfb 1x1MB) SWAP 1367/16384MB (cached 118MB) CPU [2%@729,1%@729,1%@729,6%@729,0%@729,92%@729] GR3D_FREQ 99% cpu@63.156C soc2@62.187C soc0@62.875C gpu@64.843C tj@64.843C soc1@61.781C VDD_IN 17889mW/17235mW VDD_CPU_GPU_CV 8784mW/8176mW VDD_SOC 3995mW/3936mW
08-11-2026 21:18:52 RAM 6871/7607MB (lfb 1x1MB) SWAP 1367/16384MB (cached 118MB) CPU [2%@729,3%@729,2%@729,0%@729,2%@1344,100%@1344] GR3D_FREQ 98% cpu@63.062C soc2@62.093C soc0@62.875C gpu@64.75C tj@64.75C soc1@61.906C VDD_IN 17732mW/17238mW VDD_CPU_GPU_CV 8784mW/8179mW VDD_SOC 3923mW/3936mW
08-11-2026 21:18:53 RAM 6871/7607MB (lfb 1x1MB) SWAP 1367/16384MB (cached 118MB) CPU [4%@729,0%@729,1%@729,4%@729,0%@1344,92%@1344] GR3D_FREQ 98% cpu@63.25C soc2@62.187C soc0@62.937C gpu@64.781C tj@64.781C soc1@62C VDD_IN 17761mW/17240mW VDD_CPU_GPU_CV 8705mW/8181mW VDD_SOC 3923mW/3936mW
08-11-2026 21:18:54 RAM 6871/7607MB (lfb 1x1MB) SWAP 1367/16384MB (cached 118MB) CPU [2%@729,4%@729,2%@729,2%@729,0%@1344,92%@1344] GR3D_FREQ 97% cpu@63.062C soc2@62.156C soc0@63C gpu@64.781C tj@64.5C soc1@61.937C VDD_IN 17772mW/17243mW VDD_CPU_GPU_CV 8744mW/8184mW VDD_SOC 3962mW/3936mW
08-11-2026 21:18:55 RAM 6877/7607MB (lfb 1x1MB) SWAP 1367/16384MB (cached 118MB) CPU [8%@729,5%@729,6%@729,16%@729,0%@1344,92%@1344] GR3D_FREQ 98% cpu@63.187C soc2@62.156C soc0@63.031C gpu@64.562C tj@64.562C soc1@61.843C VDD_IN 17772mW/17246mW VDD_CPU_GPU_CV 8705mW/8187mW VDD_SOC 3955mW/3936mW
08-11-2026 21:18:56 RAM 6878/7607MB (lfb 1x1MB) SWAP 1367/16384MB (cached 118MB) CPU [3%@729,4%@729,3%@729,2%@729,0%@1344,92%@1344] GR3D_FREQ 97% cpu@63.187C soc2@62.187C soc0@62.937C gpu@64.593C tj@64.593C soc1@61.875C VDD_IN 17722mW/17248mW VDD_CPU_GPU_CV 8588mW/8189mW VDD_SOC 3962mW/3936mW
08-11-2026 21:18:57 RAM 6879/7607MB (lfb 1x1MB) SWAP 1367/16384MB (cached 118MB) CPU [4%@729,5%@729,2%@729,1%@729,0%@1344,93%@1344] GR3D_FREQ 97% cpu@63.062C soc2@62.25C soc0@62.875C gpu@64.531C tj@64.531C soc1@61.968C VDD_IN 17683mW/17250mW VDD_CPU_GPU_CV 8510mW/8190mW VDD_SOC 4001mW/3936mW
08-11-2026 21:18:58 RAM 6879/7607MB (lfb 1x1MB) SWAP 1367/16384MB (cached 118MB) CPU [4%@729,4%@729,1%@729,2%@729,0%@1344,92%@1344] GR3D_FREQ 97% cpu@63.406C soc2@62.312C soc0@62.906C gpu@64.468C tj@64.468C soc1@62C VDD_IN 17643mW/17252mW VDD_CPU_GPU_CV 8354mW/8191mW VDD_SOC 4040mW/3937mW
08-11-2026 21:18:59 RAM 6878/7607MB (lfb 1x1MB) SWAP 1367/16384MB (cached 118MB) CPU [5%@729,6%@729,2%@729,1%@729,0%@1344,92%@1344] GR3D_FREQ 97% cpu@63.062C soc2@62.125C soc0@63.031C gpu@64.562C tj@64.562C soc1@61.937C VDD_IN 17643mW/17254mW VDD_CPU_GPU_CV 8315mW/8192mW VDD_SOC 4080mW/3937mW
08-11-2026 21:19:00 RAM 6878/7607MB (lfb 1x1MB) SWAP 1367/16384MB (cached 118MB) CPU [11%@729,11%@729,13%@729,7%@729,0%@1344,92%@1344] GR3D_FREQ 98% cpu@63.281C soc2@62.312C soc0@62.875C gpu@64.406C tj@64.406C soc1@61.843C VDD_IN 17850mW/17257mW VDD_CPU_GPU_CV 8315mW/8192mW VDD_SOC 4151mW/3938mW
08-11-2026 21:19:01 RAM 6879/7607MB (lfb 1x1MB) SWAP 1367/16384MB (cached 118MB) CPU [4%@729,1%@729,3%@729,1%@729,0%@1344,93%@1344] GR3D_FREQ 97% cpu@63.437C soc2@62.187C soc0@62.937C gpu@64.375C tj@64.375C soc1@61.968C VDD_IN 17643mW/17259mW VDD_CPU_GPU_CV 8055mW/8192mW VDD_SOC 4197mW/3940mW
08-11-2026 21:19:02 RAM 6879/7607MB (lfb 1x1MB) SWAP 1367/16384MB (cached 118MB) CPU [4%@729,2%@729,6%@729,1%@729,0%@1344,91%@1344] GR3D_FREQ 99% cpu@63.218C soc2@62.25C soc0@62.937C gpu@64.25C tj@64.25C soc1@61.968C VDD_IN 17486mW/17260mW VDD_CPU_GPU_CV 7781mW/8190mW VDD_SOC 4237mW/3941mW
08-11-2026 21:19:03 RAM 6879/7607MB (lfb 1x1MB) SWAP 1367/16384MB (cached 118MB) CPU [2%@729,1%@729,5%@729,6%@729,0%@1344,92%@1344] GR3D_FREQ 99% cpu@63.375C soc2@62.312C soc0@63.031C gpu@64.093C tj@64.093C soc1@62.093C VDD_IN 17447mW/17261mW VDD_CPU_GPU_CV 8172mW/8190mW VDD_SOC 4080mW/3942mW
08-11-2026 21:19:04 RAM 6879/7607MB (lfb 1x1MB) SWAP 1367/16384MB (cached 118MB) CPU [2%@729,1%@729,0%@729,5%@729,0%@1344,92%@1344] GR3D_FREQ 99% cpu@63.093C soc2@62.312C soc0@63.093C gpu@64.625C tj@64.625C soc1@61.937C VDD_IN 17486mW/17262mW VDD_CPU_GPU_CV 8471mW/8191mW VDD_SOC 3923mW/3942mW
08-11-2026 21:19:05 RAM 6879/7607MB (lfb 1x1MB) SWAP 1367/16384MB (cached 118MB) CPU [3%@729,2%@729,1%@729,4%@729,0%@1344,92%@1344] GR3D_FREQ 99% cpu@63.187C soc2@62.343C soc0@62.937C gpu@64.875C tj@64.875C soc1@61.875C VDD_IN 17889mW/17265mW VDD_CPU_GPU_CV 8666mW/8193mW VDD_SOC 4034mW/3942mW
08-11-2026 21:19:06 RAM 6880/7607MB (lfb 1x1MB) SWAP 1367/16384MB (cached 118MB) CPU [11%@729,11%@729,7%@729,7%@729,0%@1344,97%@1344] GR3D_FREQ 97% cpu@63.25C soc2@62.218C soc0@62.937C gpu@64.781C tj@64.781C soc1@62.031C VDD_IN 17693mW/17267mW VDD_CPU_GPU_CV 8784mW/8196mW VDD_SOC 3923mW/3942mW
08-11-2026 21:19:07 RAM 6880/7607MB (lfb 1x1MB) SWAP 1367/16384MB (cached 118MB) CPU [3%@729,2%@729,3%@729,2%@729,0%@1344,95%@1344] GR3D_FREQ 98% cpu@63.062C soc2@62.25C soc0@62.906C gpu@64.875C tj@64.875C soc1@62.062C VDD_IN 17761mW/17269mW VDD_CPU_GPU_CV 8744mW/8199mW VDD_SOC 3923mW/3942mW
08-11-2026 21:19:08 RAM 6880/7607MB (lfb 1x1MB) SWAP 1367/16384MB (cached 118MB) CPU [3%@729,2%@729,1%@729,3%@729,0%@1344,92%@1344] GR3D_FREQ 97% cpu@63.187C soc2@62.406C soc0@63.156C gpu@64.5C tj@64.5C soc1@61.937C VDD_IN 17683mW/17271mW VDD_CPU_GPU_CV 8627mW/8201mW VDD_SOC 3962mW/3942mW
08-11-2026 21:19:09 RAM 6880/7607MB (lfb 1x1MB) SWAP 1367/16384MB (cached 118MB) CPU [3%@729,9%@729,2%@729,3%@729,0%@1344,92%@1344] GR3D_FREQ 98% cpu@63.25C soc2@62.218C soc0@62.937C gpu@64.562C tj@64.562C soc1@62C VDD_IN 17761mW/17273mW VDD_CPU_GPU_CV 8666mW/8203mW VDD_SOC 3962mW/3942mW
08-11-2026 21:19:10 RAM 6880/7607MB (lfb 1x1MB) SWAP 1367/16384MB (cached 118MB) CPU [3%@729,0%@729,3%@729,6%@729,0%@1344,92%@1344] GR3D_FREQ 97% cpu@63.468C soc2@62.312C soc0@62.968C gpu@64.437C tj@64.437C soc1@62C VDD_IN 17643mW/17275mW VDD_CPU_GPU_CV 8549mW/8204mW VDD_SOC 4001mW/3942mW
08-11-2026 21:19:11 RAM 6884/7607MB (lfb 1x1MB) SWAP 1367/16384MB (cached 118MB) CPU [11%@729,15%@729,4%@729,6%@1344,0%@1344,92%@1344] GR3D_FREQ 97% cpu@63.281C soc2@62.343C soc0@62.906C gpu@64.593C tj@64.593C soc1@62C VDD_IN 17850mW/17278mW VDD_CPU_GPU_CV 8666mW/8206mW VDD_SOC 4040mW/3943mW
08-11-2026 21:19:12 RAM 6884/7607MB (lfb 1x1MB) SWAP 1367/16384MB (cached 118MB) CPU [4%@1344,4%@1344,2%@1344,2%@1344,0%@1344,92%@1344] GR3D_FREQ 98% cpu@63.156C soc2@62.312C soc0@63.031C gpu@64.75C tj@64.75C soc1@62.031C VDD_IN 17654mW/17279mW VDD_CPU_GPU_CV 8432mW/8207mW VDD_SOC 4040mW/3943mW
08-11-2026 21:19:13 RAM 6884/7607MB (lfb 1x1MB) SWAP 1367/16384MB (cached 118MB) CPU [2%@729,2%@729,3%@729,5%@729,0%@1344,93%@1344] GR3D_FREQ 98% cpu@63.156C soc2@62.281C soc0@63.093C gpu@64.781C tj@64.781C soc1@61.843C VDD_IN 17643mW/17281mW VDD_CPU_GPU_CV 8315mW/8208mW VDD_SOC 4080mW/3944mW
08-11-2026 21:19:14 RAM 6885/7607MB (lfb 1x1MB) SWAP 1367/16384MB (cached 118MB) CPU [5%@729,1%@729,1%@729,1%@729,0%@1344,92%@1344] GR3D_FREQ 98% cpu@63.312C soc2@62.312C soc0@62.937C gpu@64.718C tj@64.718C soc1@61.906C VDD_IN 17565mW/17282mW VDD_CPU_GPU_CV 8120mW/8208mW VDD_SOC 4119mW/3945mW
08-11-2026 21:19:15 RAM 6863/7607MB (lfb 1x1MB) SWAP 1367/16384MB (cached 118MB) CPU [5%@729,1%@729,2%@729,2%@729,0%@1344,92%@1344] GR3D_FREQ 98% cpu@63.531C soc2@62.218C soc0@63.031C gpu@64.687C tj@64.687C soc1@62C VDD_IN 17643mW/17284mW VDD_CPU_GPU_CV 8003mW/8207mW VDD_SOC 4197mW/3946mW
08-11-2026 21:19:16 RAM 6863/7607MB (lfb 1x1MB) SWAP 1367/16384MB (cached 118MB) CPU [3%@729,2%@729,3%@729,4%@729,0%@1344,92%@1344] GR3D_FREQ 99% cpu@63.281C soc2@62.312C soc0@62.968C gpu@64.531C tj@64.531C soc1@62.093C VDD_IN 17526mW/17285mW VDD_CPU_GPU_CV 7742mW/8205mW VDD_SOC 4237mW/3947mW
08-11-2026 21:19:17 RAM 6870/7607MB (lfb 1x1MB) SWAP 1367/16384MB (cached 118MB) CPU [6%@729,7%@729,8%@729,16%@729,0%@1344,92%@1344] GR3D_FREQ 99% cpu@63.75C soc2@62.375C soc0@63.093C gpu@64.5C tj@64.5C soc1@62.125C VDD_IN 17486mW/17286mW VDD_CPU_GPU_CV 8172mW/8204mW VDD_SOC 4080mW/3948mW
08-11-2026 21:19:18 RAM 6870/7607MB (lfb 1x1MB) SWAP 1367/16384MB (cached 118MB) CPU [3%@729,3%@729,1%@729,4%@729,0%@1344,92%@1344] GR3D_FREQ 99% cpu@63.031C soc2@62.281C soc0@63.031C gpu@64.562C tj@64.562C soc1@61.968C VDD_IN 17486mW/17287mW VDD_CPU_GPU_CV 8510mW/8206mW VDD_SOC 3923mW/3948mW
08-11-2026 21:19:19 RAM 6870/7607MB (lfb 1x1MB) SWAP 1367/16384MB (cached 118MB) CPU [1%@729,4%@729,3%@729,5%@729,0%@1344,92%@1344] GR3D_FREQ 99% cpu@63.25C soc2@62.375C soc0@62.968C gpu@64.781C tj@64.781C soc1@61.906C VDD_IN 17889mW/17289mW VDD_CPU_GPU_CV 8666mW/8208mW VDD_SOC 4034mW/3948mW
08-11-2026 21:19:20 RAM 6872/7607MB (lfb 1x1MB) SWAP 1367/16384MB (cached 118MB) CPU [3%@729,9%@729,2%@729,4%@729,0%@1344,97%@1344] GR3D_FREQ 97% cpu@63.468C soc2@62.312C soc0@63.031C gpu@64.562C tj@64.562C soc1@62C VDD_IN 17722mW/17291mW VDD_CPU_GPU_CV 8744mW/8210mW VDD_SOC 3923mW/3948mW
08-11-2026 21:19:21 RAM 6873/7607MB (lfb 1x1MB) SWAP 1367/16384MB (cached 118MB) CPU [1%@729,5%@729,2%@729,1%@729,0%@1344,96%@1344] GR3D_FREQ 97% cpu@63.25C soc2@62.343C soc0@63.031C gpu@64.718C tj@64.718C soc1@62.125C VDD_IN 17732mW/17293mW VDD_CPU_GPU_CV 8744mW/8212mW VDD_SOC 3923mW/3948mW
08-11-2026 21:19:22 RAM 6875/7607MB (lfb 1x1MB) SWAP 1367/16384MB (cached 118MB) CPU [9%@729,8%@729,12%@729,10%@729,0%@1344,92%@1344] GR3D_FREQ 97% cpu@63.25C soc2@62.312C soc0@63.062C gpu@64.656C tj@64.656C soc1@61.875C VDD_IN 17889mW/17296mW VDD_CPU_GPU_CV 8823mW/8215mW VDD_SOC 3962mW/3948mW
08-11-2026 21:19:23 RAM 6876/7607MB (lfb 1x1MB) SWAP 1367/16384MB (cached 118MB) CPU [2%@729,2%@729,3%@729,3%@729,0%@1344,92%@1344] GR3D_FREQ 98% cpu@63.187C soc2@62.312C soc0@62.937C gpu@65.093C tj@65.093C soc1@62C VDD_IN 17732mW/17298mW VDD_CPU_GPU_CV 8705mW/8217mW VDD_SOC 3962mW/3948mW
08-11-2026 21:19:24 RAM 6876/7607MB (lfb 1x1MB) SWAP 1367/16384MB (cached 118MB) CPU [4%@729,2%@729,1%@729,1%@729,0%@1344,92%@1344] GR3D_FREQ 98% cpu@63.312C soc2@62.312C soc0@62.937C gpu@64.437C tj@64.437C soc1@61.968C VDD_IN 17761mW/17300mW VDD_CPU_GPU_CV 8588mW/8219mW VDD_SOC 4001mW/3948mW
08-11-2026 21:19:25 RAM 6877/7607MB (lfb 1x1MB) SWAP 1367/16384MB (cached 118MB) CPU [4%@729,3%@729,1%@729,2%@729,0%@1344,92%@1344] GR3D_FREQ 98% cpu@63.406C soc2@62.25C soc0@63C gpu@64.5C tj@64.5C soc1@62.031C VDD_IN 17761mW/17302mW VDD_CPU_GPU_CV 8549mW/8220mW VDD_SOC 4001mW/3948mW
08-11-2026 21:19:26 RAM 6877/7607MB (lfb 1x1MB) SWAP 1367/16384MB (cached 118MB) CPU [2%@729,2%@729,1%@729,1%@729,0%@1344,92%@1344] GR3D_FREQ 99% cpu@63.218C soc2@62.312C soc0@63.125C gpu@64.5C tj@64.5C soc1@62.125C VDD_IN 17683mW/17303mW VDD_CPU_GPU_CV 8432mW/8221mW VDD_SOC 4040mW/3949mW
08-11-2026 21:19:27 RAM 6878/7607MB (lfb 1x1MB) SWAP 1367/16384MB (cached 118MB) CPU [2%@729,2%@729,1%@729,5%@729,0%@1344,93%@1344] GR3D_FREQ 98% cpu@63.25C soc2@62.375C soc0@63.125C gpu@64.718C tj@64.718C soc1@61.937C VDD_IN 17722mW/17305mW VDD_CPU_GPU_CV 8354mW/8222mW VDD_SOC 4080mW/3949mW
08-11-2026 21:19:28 RAM 6878/7607MB (lfb 1x1MB) SWAP 1367/16384MB (cached 118MB) CPU [7%@729,8%@729,12%@729,11%@729,0%@1344,92%@1344] GR3D_FREQ 98% cpu@63.406C soc2@62.312C soc0@62.968C gpu@64.687C tj@64.687C soc1@61.937C VDD_IN 17722mW/17307mW VDD_CPU_GPU_CV 8237mW/8222mW VDD_SOC 4119mW/3950mW
08-11-2026 21:19:29 RAM 6880/7607MB (lfb 1x1MB) SWAP 1367/16384MB (cached 118MB) CPU [3%@729,5%@729,4%@729,1%@729,0%@1344,92%@1344] GR3D_FREQ 97% cpu@63.281C soc2@62.218C soc0@63.093C gpu@64.625C tj@64.625C soc1@62.031C VDD_IN 17643mW/17308mW VDD_CPU_GPU_CV 8081mW/8221mW VDD_SOC 4158mW/3951mW
08-11-2026 21:19:30 RAM 6881/7607MB (lfb 1x1MB) SWAP 1367/16384MB (cached 118MB) CPU [2%@729,2%@729,0%@729,3%@729,0%@1344,91%@1344] GR3D_FREQ 98% cpu@63.562C soc2@62.312C soc0@62.968C gpu@64.593C tj@64.593C soc1@62.062C VDD_IN 17526mW/17309mW VDD_CPU_GPU_CV 7820mW/8220mW VDD_SOC 4237mW/3952mW
08-11-2026 21:19:31 RAM 6879/7607MB (lfb 1x1MB) SWAP 1367/16384MB (cached 118MB) CPU [2%@729,3%@729,2%@729,10%@729,0%@1344,92%@1344] GR3D_FREQ 99% cpu@63.312C soc2@62.343C soc0@63.187C gpu@64.25C tj@64.25C soc1@62.156C VDD_IN 17486mW/17310mW VDD_CPU_GPU_CV 8094mW/8219mW VDD_SOC 4119mW/3953mW
08-11-2026 21:19:32 RAM 6880/7607MB (lfb 1x1MB) SWAP 1367/16384MB (cached 118MB) CPU [3%@729,1%@729,2%@729,4%@729,0%@1344,92%@1344] GR3D_FREQ 99% cpu@63.218C soc2@62.343C soc0@63.093C gpu@64.812C tj@64.812C soc1@61.937C VDD_IN 17526mW/17311mW VDD_CPU_GPU_CV 8510mW/8220mW VDD_SOC 3962mW/3953mW
08-11-2026 21:19:33 RAM 6886/7607MB (lfb 1x1MB) SWAP 1367/16384MB (cached 118MB) CPU [9%@729,8%@1344,4%@1344,16%@1344,1%@1344,92%@1344] GR3D_FREQ 99% cpu@63.281C soc2@62.375C soc0@63.031C gpu@64.718C tj@64.718C soc1@62.031C VDD_IN 18007mW/17314mW VDD_CPU_GPU_CV 8784mW/8223mW VDD_SOC 4034mW/3953mW
08-11-2026 21:19:34 RAM 6887/7607MB (lfb 1x1MB) SWAP 1367/16384MB (cached 118MB) CPU [2%@729,5%@729,2%@729,2%@729,0%@1267,96%@1267] GR3D_FREQ 97% cpu@63.187C soc2@62.375C soc0@63.031C gpu@64.5C tj@64.5C soc1@62.062C VDD_IN 17683mW/17315mW VDD_CPU_GPU_CV 8666mW/8224mW VDD_SOC 3923mW/3953mW
08-11-2026 21:19:35 RAM 6888/7607MB (lfb 1x1MB) SWAP 1367/16384MB (cached 118MB) CPU [1%@729,5%@729,3%@729,2%@729,0%@1344,96%@1344] GR3D_FREQ 98% cpu@63.406C soc2@62.312C soc0@63.093C gpu@64.656C tj@64.656C soc1@62.093C VDD_IN 17772mW/17317mW VDD_CPU_GPU_CV 8823mW/8227mW VDD_SOC 3923mW/3953mW
08-11-2026 21:19:36 RAM 6889/7607MB (lfb 1x1MB) SWAP 1367/16384MB (cached 118MB) CPU [4%@729,5%@729,4%@729,2%@729,0%@1344,92%@1344] GR3D_FREQ 97% cpu@63.156C soc2@62.312C soc0@63.093C gpu@64.843C tj@64.843C soc1@61.906C VDD_IN 17732mW/17319mW VDD_CPU_GPU_CV 8705mW/8229mW VDD_SOC 3962mW/3953mW
08-11-2026 21:19:37 RAM 6891/7607MB (lfb 1x1MB) SWAP 1367/16384MB (cached 118MB) CPU [3%@729,3%@729,4%@729,1%@729,0%@1344,92%@1344] GR3D_FREQ 98% cpu@63.218C soc2@62.312C soc0@63.093C gpu@64.937C tj@64.937C soc1@61.937C VDD_IN 17772mW/17321mW VDD_CPU_GPU_CV 8705mW/8231mW VDD_SOC 3962mW/3953mW
08-11-2026 21:19:38 RAM 6892/7607MB (lfb 1x1MB) SWAP 1367/16384MB (cached 118MB) CPU [4%@1344,5%@1344,3%@1344,2%@1344,1%@1344,92%@1344] GR3D_FREQ 98% cpu@63.343C soc2@62.375C soc0@63.062C gpu@64.875C tj@64.875C soc1@62C VDD_IN 17772mW/17323mW VDD_CPU_GPU_CV 8627mW/8232mW VDD_SOC 4001mW/3953mW
08-11-2026 21:19:39 RAM 6893/7607MB (lfb 1x1MB) SWAP 1367/16384MB (cached 118MB) CPU [7%@729,10%@729,15%@729,6%@729,0%@1344,92%@1344] GR3D_FREQ 97% cpu@63.125C soc2@62.281C soc0@63C gpu@64.937C tj@64.937C soc1@62.093C VDD_IN 17772mW/17324mW VDD_CPU_GPU_CV 8588mW/8234mW VDD_SOC 4001mW/3953mW
08-11-2026 21:19:40 RAM 6894/7607MB (lfb 1x1MB) SWAP 1367/16384MB (cached 118MB) CPU [2%@729,3%@729,5%@729,2%@729,1%@1344,92%@1344] GR3D_FREQ 99% cpu@63.406C soc2@62.312C soc0@63.062C gpu@64.843C tj@64.843C soc1@62.125C VDD_IN 17654mW/17326mW VDD_CPU_GPU_CV 8432mW/8235mW VDD_SOC 4040mW/3954mW
08-11-2026 21:19:41 RAM 6895/7607MB (lfb 1x1MB) SWAP 1367/16384MB (cached 118MB) CPU [2%@729,5%@729,2%@729,1%@729,0%@1344,93%@1344] GR3D_FREQ 97% cpu@63.312C soc2@62.312C soc0@63.031C gpu@64.625C tj@64.625C soc1@62C VDD_IN 17722mW/17327mW VDD_CPU_GPU_CV 8354mW/8235mW VDD_SOC 4080mW/3954mW
08-11-2026 21:19:42 RAM 6894/7607MB (lfb 1x1MB) SWAP 1367/16384MB (cached 118MB) CPU [2%@729,6%@729,2%@729,1%@729,0%@1344,92%@1344] GR3D_FREQ 98% cpu@63.25C soc2@62.281C soc0@63.031C gpu@64.687C tj@64.687C soc1@62.031C VDD_IN 17683mW/17329mW VDD_CPU_GPU_CV 8198mW/8235mW VDD_SOC 4119mW/3955mW
08-11-2026 21:19:43 RAM 6896/7607MB (lfb 1x1MB) SWAP 1367/16384MB (cached 118MB) CPU [3%@729,5%@729,1%@729,3%@729,0%@1344,91%@1344] GR3D_FREQ 98% cpu@63.343C soc2@62.312C soc0@63.062C gpu@64.562C tj@64.562C soc1@62.031C VDD_IN 17643mW/17330mW VDD_CPU_GPU_CV 8081mW/8234mW VDD_SOC 4158mW/3956mW
08-11-2026 21:19:44 RAM 6894/7607MB (lfb 1x1MB) SWAP 1367/16384MB (cached 119MB) CPU [19%@729,25%@729,24%@729,32%@729,19%@1344,97%@1344] GR3D_FREQ 98% cpu@63.343C soc2@62.437C soc0@63.062C gpu@64.375C tj@64.375C soc1@62.125C VDD_IN 18125mW/17333mW VDD_CPU_GPU_CV 8276mW/8235mW VDD_SOC 4308mW/3957mW
08-11-2026 21:19:45 RAM 6895/7607MB (lfb 1x1MB) SWAP 1367/16384MB (cached 119MB) CPU [2%@729,2%@729,3%@729,4%@729,1%@1344,92%@1344] GR3D_FREQ 99% cpu@63.468C soc2@62.437C soc0@63.093C gpu@64.343C tj@64.343C soc1@62C VDD_IN 17565mW/17334mW VDD_CPU_GPU_CV 8003mW/8234mW VDD_SOC 4158mW/3958mW
08-11-2026 21:19:46 RAM 6894/7607MB (lfb 1x1MB) SWAP 1367/16384MB (cached 119MB) CPU [2%@729,3%@729,2%@729,5%@729,0%@1344,92%@1344] GR3D_FREQ 99% cpu@63.156C soc2@62.218C soc0@62.968C gpu@64.968C tj@64.968C soc1@61.968C VDD_IN 17643mW/17335mW VDD_CPU_GPU_CV 8471mW/8235mW VDD_SOC 4001mW/3958mW
08-11-2026 21:19:47 RAM 6895/7607MB (lfb 1x1MB) SWAP 1367/16384MB (cached 119MB) CPU [4%@729,2%@729,1%@729,2%@729,0%@1344,92%@1344] GR3D_FREQ 99% cpu@63.343C soc2@62.25C soc0@62.968C gpu@64.937C tj@64.937C soc1@61.968C VDD_IN 17693mW/17337mW VDD_CPU_GPU_CV 8627mW/8236mW VDD_SOC 4001mW/3958mW
08-11-2026 21:19:48 RAM 6895/7607MB (lfb 1x1MB) SWAP 1367/16384MB (cached 119MB) CPU [2%@729,3%@729,2%@729,4%@729,0%@883,95%@883] GR3D_FREQ 98% cpu@63.218C soc2@62.312C soc0@62.968C gpu@65C tj@65C soc1@61.937C VDD_IN 17732mW/17338mW VDD_CPU_GPU_CV 8744mW/8238mW VDD_SOC 3962mW/3958mW
08-11-2026 21:19:49 RAM 6895/7607MB (lfb 1x1MB) SWAP 1367/16384MB (cached 119MB) CPU [7%@729,3%@729,2%@729,3%@729,1%@1344,97%@1344] GR3D_FREQ 97% cpu@63.562C soc2@62.25C soc0@63.031C gpu@64.562C tj@64.718C soc1@62.125C VDD_IN 17811mW/17340mW VDD_CPU_GPU_CV 8862mW/8241mW VDD_SOC 3923mW/3958mW
08-11-2026 21:19:50 RAM 6898/7607MB (lfb 1x1MB) SWAP 1367/16384MB (cached 119MB) CPU [10%@729,8%@729,18%@729,5%@729,2%@1344,92%@1344] GR3D_FREQ 99% cpu@63.125C soc2@62.343C soc0@63.093C gpu@64.687C tj@64.687C soc1@61.875C VDD_IN 17811mW/17342mW VDD_CPU_GPU_CV 8784mW/8243mW VDD_SOC 3955mW/3958mW
08-11-2026 21:19:51 RAM 6900/7607MB (lfb 1x1MB) SWAP 1367/16384MB (cached 119MB) CPU [2%@729,4%@729,0%@729,2%@729,0%@1344,92%@1344] GR3D_FREQ 97% cpu@63.281C soc2@62.218C soc0@63C gpu@64.656C tj@64.656C soc1@61.906C VDD_IN 17772mW/17344mW VDD_CPU_GPU_CV 8744mW/8245mW VDD_SOC 3955mW/3958mW
08-11-2026 21:19:52 RAM 6899/7607MB (lfb 1x1MB) SWAP 1367/16384MB (cached 119MB) CPU [4%@729,1%@729,2%@729,5%@729,0%@1344,92%@1344] GR3D_FREQ 98% cpu@63.468C soc2@62.281C soc0@62.937C gpu@64.75C tj@64.75C soc1@62.031C VDD_IN 17732mW/17345mW VDD_CPU_GPU_CV 8666mW/8246mW VDD_SOC 4001mW/3958mW
08-11-2026 21:19:53 RAM 6900/7607MB (lfb 1x1MB) SWAP 1367/16384MB (cached 119MB) CPU [3%@729,3%@729,0%@729,2%@729,5%@1344,92%@1344] GR3D_FREQ 98% cpu@63.156C soc2@62.281C soc0@63.093C gpu@64.781C tj@64.781C soc1@62C VDD_IN 17772mW/17347mW VDD_CPU_GPU_CV 8627mW/8248mW VDD_SOC 4001mW/3958mW
08-11-2026 21:19:54 RAM 6901/7607MB (lfb 1x1MB) SWAP 1367/16384MB (cached 119MB) CPU [3%@729,5%@729,2%@729,1%@729,0%@1344,92%@1344] GR3D_FREQ 98% cpu@63.562C soc2@62.343C soc0@63.062C gpu@64.531C tj@64.531C soc1@61.968C VDD_IN 17732mW/17348mW VDD_CPU_GPU_CV 8471mW/8249mW VDD_SOC 4040mW/3959mW
08-11-2026 21:19:55 RAM 6903/7607MB (lfb 1x1MB) SWAP 1367/16384MB (cached 119MB) CPU [7%@729,20%@729,3%@729,8%@729,0%@1344,92%@1344] GR3D_FREQ 98% cpu@63.218C soc2@62.218C soc0@63.062C gpu@64.531C tj@64.531C soc1@61.968C VDD_IN 17889mW/17350mW VDD_CPU_GPU_CV 8588mW/8250mW VDD_SOC 4073mW/3959mW
08-11-2026 21:19:56 RAM 6885/7607MB (lfb 1x1MB) SWAP 1367/16384MB (cached 119MB) CPU [3%@729,2%@729,1%@729,4%@729,2%@1344,91%@1344] GR3D_FREQ 97% cpu@63.25C soc2@62.25C soc0@63.031C gpu@64.468C tj@64.468C soc1@61.906C VDD_IN 17693mW/17352mW VDD_CPU_GPU_CV 8276mW/8250mW VDD_SOC 4119mW/3960mW
08-11-2026 21:19:57 RAM 6892/7607MB (lfb 1x4MB) SWAP 1367/16384MB (cached 119MB) CPU [33%@1344,2%@1344,1%@1344,57%@1344,1%@729,7%@729] GR3D_FREQ 98% cpu@63.406C soc2@62.312C soc0@62.968C gpu@64.5C tj@64.5C soc1@61.968C VDD_IN 17654mW/17353mW VDD_CPU_GPU_CV 8159mW/8250mW VDD_SOC 4158mW/3961mW
08-11-2026 21:19:58 RAM 6892/7607MB (lfb 1x4MB) SWAP 1367/16384MB (cached 119MB) CPU [36%@729,2%@729,5%@729,0%@729,59%@1344,2%@1344] GR3D_FREQ 97% cpu@63.093C soc2@62.312C soc0@63.062C gpu@64.437C tj@64.437C soc1@62.093C VDD_IN 17604mW/17354mW VDD_CPU_GPU_CV 7925mW/8248mW VDD_SOC 4237mW/3962mW
08-11-2026 21:19:59 RAM 6894/7607MB (lfb 1x4MB) SWAP 1367/16384MB (cached 119MB) CPU [2%@729,2%@729,6%@729,2%@729,92%@1344,0%@1344] GR3D_FREQ 99% cpu@63.343C soc2@62.343C soc0@63.093C gpu@64.125C tj@64.125C soc1@61.968C VDD_IN 17526mW/17354mW VDD_CPU_GPU_CV 7899mW/8247mW VDD_SOC 4197mW/3963mW
08-11-2026 21:20:00 RAM 6894/7607MB (lfb 1x4MB) SWAP 1367/16384MB (cached 119MB) CPU [7%@729,1%@729,1%@729,0%@729,92%@1344,0%@1344] GR3D_FREQ 99% cpu@63.25C soc2@62.281C soc0@62.968C gpu@64.562C tj@64.562C soc1@62C VDD_IN 17526mW/17355mW VDD_CPU_GPU_CV 8432mW/8248mW VDD_SOC 4001mW/3963mW
08-11-2026 21:20:01 RAM 6902/7607MB (lfb 1x4MB) SWAP 1367/16384MB (cached 119MB) CPU [5%@729,11%@729,18%@729,5%@729,93%@1344,0%@1344] GR3D_FREQ 99% cpu@63.156C soc2@62.312C soc0@62.968C gpu@64.781C tj@64.781C soc1@61.968C VDD_IN 17693mW/17356mW VDD_CPU_GPU_CV 8588mW/8249mW VDD_SOC 4001mW/3963mW
08-11-2026 21:20:02 RAM 6902/7607MB (lfb 1x4MB) SWAP 1367/16384MB (cached 119MB) CPU [2%@729,3%@729,2%@729,4%@729,93%@729,0%@729] GR3D_FREQ 99% cpu@63.406C soc2@62.375C soc0@63.093C gpu@64.968C tj@64.968C soc1@62.093C VDD_IN 17889mW/17358mW VDD_CPU_GPU_CV 8823mW/8251mW VDD_SOC 3955mW/3963mW
08-11-2026 21:20:03 RAM 6902/7607MB (lfb 1x4MB) SWAP 1367/16384MB (cached 119MB) CPU [4%@729,4%@729,0%@729,2%@729,98%@1344,0%@1344] GR3D_FREQ 97% cpu@63.062C soc2@62.406C soc0@63.093C gpu@64.656C tj@64.656C soc1@62.187C VDD_IN 17811mW/17360mW VDD_CPU_GPU_CV 8823mW/8253mW VDD_SOC 3923mW/3963mW
08-11-2026 21:20:04 RAM 6903/7607MB (lfb 1x4MB) SWAP 1367/16384MB (cached 119MB) CPU [9%@729,3%@729,1%@729,1%@729,92%@1344,0%@1344] GR3D_FREQ 98% cpu@63.093C soc2@62.312C soc0@63.093C gpu@64.656C tj@64.656C soc1@62C VDD_IN 17811mW/17362mW VDD_CPU_GPU_CV 8784mW/8255mW VDD_SOC 3962mW/3963mW
08-11-2026 21:20:05 RAM 6903/7607MB (lfb 1x4MB) SWAP 1367/16384MB (cached 119MB) CPU [2%@729,3%@729,5%@729,1%@729,91%@1344,0%@1344] GR3D_FREQ 98% cpu@63.25C soc2@62.25C soc0@62.906C gpu@64.687C tj@64.687C soc1@61.968C VDD_IN 17811mW/17363mW VDD_CPU_GPU_CV 8784mW/8257mW VDD_SOC 3962mW/3963mW
08-11-2026 21:20:06 RAM 6911/7607MB (lfb 1x2MB) SWAP 1366/16384MB (cached 119MB) CPU [6%@729,11%@729,4%@729,18%@729,92%@1344,0%@1344] GR3D_FREQ 98% cpu@63.125C soc2@62.218C soc0@63.031C gpu@64.718C tj@64.718C soc1@62C VDD_IN 17968mW/17365mW VDD_CPU_GPU_CV 8823mW/8259mW VDD_SOC 3995mW/3963mW
08-11-2026 21:20:07 RAM 6912/7607MB (lfb 1x2MB) SWAP 1366/16384MB (cached 119MB) CPU [7%@729,2%@729,2%@729,2%@729,92%@1344,0%@1344] GR3D_FREQ 98% cpu@63.343C soc2@62.343C soc0@63.031C gpu@64.656C tj@64.656C soc1@62.125C VDD_IN 17850mW/17367mW VDD_CPU_GPU_CV 8666mW/8261mW VDD_SOC 3995mW/3963mW
08-11-2026 21:20:08 RAM 6912/7607MB (lfb 1x2MB) SWAP 1366/16384MB (cached 119MB) CPU [3%@729,2%@729,2%@729,5%@729,92%@1344,0%@1344] GR3D_FREQ 98% cpu@63.062C soc2@62.343C soc0@63.031C gpu@64.718C tj@64.718C soc1@62.156C VDD_IN 17732mW/17369mW VDD_CPU_GPU_CV 8549mW/8262mW VDD_SOC 4040mW/3963mW
08-11-2026 21:20:09 RAM 6913/7607MB (lfb 1x2MB) SWAP 1366/16384MB (cached 119MB) CPU [5%@729,2%@729,2%@729,3%@729,91%@1344,0%@1344] GR3D_FREQ 98% cpu@63.093C soc2@62.343C soc0@63.156C gpu@64.875C tj@64.875C soc1@61.968C VDD_IN 17732mW/17370mW VDD_CPU_GPU_CV 8471mW/8263mW VDD_SOC 4080mW/3964mW
08-11-2026 21:20:10 RAM 6913/7607MB (lfb 1x2MB) SWAP 1366/16384MB (cached 119MB) CPU [3%@729,4%@729,4%@729,1%@729,92%@1344,0%@1344] GR3D_FREQ 98% cpu@63.218C soc2@62.281C soc0@63.031C gpu@64.875C tj@64.875C soc1@62.031C VDD_IN 17722mW/17371mW VDD_CPU_GPU_CV 8276mW/8263mW VDD_SOC 4119mW/3964mW
08-11-2026 21:20:11 RAM 6914/7607MB (lfb 1x2MB) SWAP 1366/16384MB (cached 119MB) CPU [6%@729,2%@729,0%@729,2%@729,92%@1344,0%@1344] GR3D_FREQ 97% cpu@63.062C soc2@62.281C soc0@62.968C gpu@64.906C tj@64.906C soc1@62.031C VDD_IN 17693mW/17372mW VDD_CPU_GPU_CV 8159mW/8262mW VDD_SOC 4158mW/3965mW
08-11-2026 21:20:12 RAM 6915/7607MB (lfb 1x2MB) SWAP 1366/16384MB (cached 119MB) CPU [12%@729,11%@729,6%@729,8%@729,93%@1344,0%@1344] GR3D_FREQ 97% cpu@63.437C soc2@62.343C soc0@63.125C gpu@64.875C tj@64.875C soc1@62.062C VDD_IN 17722mW/17374mW VDD_CPU_GPU_CV 8003mW/8261mW VDD_SOC 4237mW/3966mW
08-11-2026 21:20:13 RAM 6915/7607MB (lfb 1x2MB) SWAP 1366/16384MB (cached 119MB) CPU [4%@729,3%@729,3%@729,1%@729,92%@1344,0%@1344] GR3D_FREQ 99% cpu@63.437C soc2@62.406C soc0@63.062C gpu@63.875C tj@63.875C soc1@62.125C VDD_IN 17604mW/17374mW VDD_CPU_GPU_CV 7781mW/8260mW VDD_SOC 4276mW/3967mW
08-11-2026 21:20:14 RAM 6916/7607MB (lfb 1x2MB) SWAP 1366/16384MB (cached 119MB) CPU [3%@729,2%@729,4%@729,1%@729,92%@1344,0%@1344] GR3D_FREQ 99% cpu@63.218C soc2@62.375C soc0@63.062C gpu@64.312C tj@64.312C soc1@62C VDD_IN 17526mW/17375mW VDD_CPU_GPU_CV 8354mW/8260mW VDD_SOC 4040mW/3967mW
08-11-2026 21:20:15 RAM 6916/7607MB (lfb 1x2MB) SWAP 1366/16384MB (cached 119MB) CPU [0%@729,1%@729,9%@729,3%@729,92%@1344,0%@1344] GR3D_FREQ 99% cpu@63.218C soc2@62.25C soc0@62.968C gpu@64.718C tj@64.718C soc1@61.937C VDD_IN 17643mW/17376mW VDD_CPU_GPU_CV 8549mW/8261mW VDD_SOC 4001mW/3967mW
08-11-2026 21:20:16 RAM 6911/7607MB (lfb 1x4MB) SWAP 1366/16384MB (cached 119MB) CPU [3%@729,2%@729,1%@729,4%@729,93%@1344,0%@1344] GR3D_FREQ 99% cpu@63.156C soc2@62.406C soc0@63.093C gpu@64.875C tj@64.875C soc1@61.968C VDD_IN 18046mW/17378mW VDD_CPU_GPU_CV 8823mW/8263mW VDD_SOC 4073mW/3968mW
08-11-2026 21:20:17 RAM 6914/7607MB (lfb 1x4MB) SWAP 1366/16384MB (cached 119MB) CPU [11%@729,18%@729,6%@729,3%@729,98%@1344,0%@1344] GR3D_FREQ 97% cpu@63.25C soc2@62.437C soc0@63.093C gpu@64.75C tj@64.75C soc1@62.125C VDD_IN 17889mW/17380mW VDD_CPU_GPU_CV 8940mW/8265mW VDD_SOC 3916mW/3967mW
08-11-2026 21:20:18 RAM 6915/7607MB (lfb 1x4MB) SWAP 1366/16384MB (cached 119MB) CPU [3%@729,1%@729,4%@729,2%@729,94%@1344,0%@1344] GR3D_FREQ 97% cpu@63.031C soc2@62.343C soc0@63.093C gpu@64.781C tj@64.781C soc1@61.906C VDD_IN 17850mW/17382mW VDD_CPU_GPU_CV 8823mW/8267mW VDD_SOC 3955mW/3967mW
08-11-2026 21:20:19 RAM 6915/7607MB (lfb 1x4MB) SWAP 1366/16384MB (cached 119MB) CPU [6%@729,2%@729,3%@729,3%@729,92%@1344,0%@1344] GR3D_FREQ 97% cpu@63.062C soc2@62.312C soc0@63.062C gpu@64.781C tj@64.781C soc1@61.968C VDD_IN 17801mW/17383mW VDD_CPU_GPU_CV 8705mW/8269mW VDD_SOC 3962mW/3967mW
08-11-2026 21:20:20 RAM 6916/7607MB (lfb 1x4MB) SWAP 1366/16384MB (cached 119MB) CPU [5%@729,1%@729,2%@729,3%@729,92%@1344,0%@1344] GR3D_FREQ 97% cpu@63.25C soc2@62.281C soc0@63.093C gpu@64.812C tj@64.687C soc1@62.031C VDD_IN 17811mW/17385mW VDD_CPU_GPU_CV 8705mW/8270mW VDD_SOC 3955mW/3967mW
08-11-2026 21:20:21 RAM 6916/7607MB (lfb 1x4MB) SWAP 1366/16384MB (cached 119MB) CPU [6%@729,1%@729,1%@729,2%@729,92%@1344,0%@1344] GR3D_FREQ 98% cpu@63.5C soc2@62.25C soc0@63C gpu@64.687C tj@64.687C soc1@62.062C VDD_IN 17801mW/17386mW VDD_CPU_GPU_CV 8588mW/8271mW VDD_SOC 4001mW/3968mW
08-11-2026 21:20:22 RAM 6918/7607MB (lfb 1x4MB) SWAP 1366/16384MB (cached 119MB) CPU [40%@1344,4%@1344,3%@1344,5%@1344,57%@729,0%@729] GR3D_FREQ 98% cpu@63.718C soc2@62.343C soc0@63.093C gpu@64.656C tj@64.656C soc1@62.062C VDD_IN 17850mW/17388mW VDD_CPU_GPU_CV 8666mW/8273mW VDD_SOC 4034mW/3968mW
08-11-2026 21:20:23 RAM 6917/7607MB (lfb 1x4MB) SWAP 1366/16384MB (cached 119MB) CPU [8%@729,1%@729,12%@729,7%@729,89%@1344,0%@1344] GR3D_FREQ 99% cpu@63.093C soc2@62.312C soc0@63.093C gpu@64.531C tj@64.531C soc1@62C VDD_IN 17801mW/17389mW VDD_CPU_GPU_CV 8471mW/8273mW VDD_SOC 4080mW/3968mW
08-11-2026 21:20:24 RAM 6917/7607MB (lfb 1x4MB) SWAP 1366/16384MB (cached 119MB) CPU [2%@729,3%@729,6%@729,2%@729,92%@1344,0%@1344] GR3D_FREQ 98% cpu@63.187C soc2@62.281C soc0@63.187C gpu@64.593C tj@64.593C soc1@61.968C VDD_IN 17772mW/17390mW VDD_CPU_GPU_CV 8432mW/8274mW VDD_SOC 4080mW/3969mW
08-11-2026 21:20:25 RAM 6918/7607MB (lfb 1x4MB) SWAP 1366/16384MB (cached 119MB) CPU [2%@729,1%@729,5%@729,2%@729,93%@1344,0%@1344] GR3D_FREQ 98% cpu@63.312C soc2@62.343C soc0@63.062C gpu@64.562C tj@64.562C soc1@61.968C VDD_IN 17654mW/17391mW VDD_CPU_GPU_CV 8237mW/8274mW VDD_SOC 4119mW/3969mW
08-11-2026 21:20:26 RAM 6918/7607MB (lfb 1x4MB) SWAP 1366/16384MB (cached 119MB) CPU [2%@729,2%@729,9%@729,1%@729,92%@1344,0%@1344] GR3D_FREQ 97% cpu@63.437C soc2@62.281C soc0@63C gpu@64.781C tj@64.781C soc1@62.062C VDD_IN 17693mW/17392mW VDD_CPU_GPU_CV 8159mW/8273mW VDD_SOC 4197mW/3970mW
08-11-2026 21:20:27 RAM 6919/7607MB (lfb 1x4MB) SWAP 1366/16384MB (cached 119MB) CPU [3%@729,3%@729,5%@729,1%@729,92%@1344,0%@1344] GR3D_FREQ 98% cpu@63.312C soc2@62.375C soc0@63C gpu@64.656C tj@64.656C soc1@62.156C VDD_IN 17643mW/17393mW VDD_CPU_GPU_CV 7886mW/8272mW VDD_SOC 4237mW/3971mW
08-11-2026 21:20:28 RAM 6917/7607MB (lfb 1x4MB) SWAP 1366/16384MB (cached 119MB) CPU [10%@729,6%@729,8%@729,17%@729,92%@1344,1%@1344] GR3D_FREQ 99% cpu@63.5C soc2@62.343C soc0@62.906C gpu@64.281C tj@64.281C soc1@61.937C VDD_IN 17683mW/17394mW VDD_CPU_GPU_CV 8042mW/8271mW VDD_SOC 4197mW/3971mW
08-11-2026 21:20:29 RAM 6918/7607MB (lfb 1x4MB) SWAP 1366/16384MB (cached 119MB) CPU [2%@729,2%@729,5%@729,3%@729,92%@1344,0%@1344] GR3D_FREQ 99% cpu@63.437C soc2@62.281C soc0@62.937C gpu@64.531C tj@64.531C soc1@62.031C VDD_IN 17683mW/17395mW VDD_CPU_GPU_CV 8549mW/8272mW VDD_SOC 4001mW/3972mW
08-11-2026 21:20:30 RAM 6919/7607MB (lfb 1x4MB) SWAP 1366/16384MB (cached 119MB) CPU [1%@729,1%@729,4%@729,2%@729,93%@1344,0%@1344] GR3D_FREQ 99% cpu@63.187C soc2@62.25C soc0@63.031C gpu@64.562C tj@64.562C soc1@62.187C VDD_IN 17654mW/17396mW VDD_CPU_GPU_CV 8588mW/8273mW VDD_SOC 4001mW/3972mW
08-11-2026 21:20:31 RAM 6919/7607MB (lfb 1x4MB) SWAP 1366/16384MB (cached 119MB) CPU [6%@729,3%@729,1%@729,2%@729,94%@883,0%@883] GR3D_FREQ 99% cpu@63.406C soc2@62.406C soc0@63.093C gpu@64.687C tj@64.687C soc1@62.093C VDD_IN 17850mW/17398mW VDD_CPU_GPU_CV 8823mW/8275mW VDD_SOC 3955mW/3972mW
08-11-2026 21:20:32 RAM 6920/7607MB (lfb 1x4MB) SWAP 1366/16384MB (cached 119MB) CPU [5%@729,1%@729,1%@729,5%@729,98%@1344,0%@1344] GR3D_FREQ 98% cpu@63.093C soc2@62.343C soc0@63.093C gpu@64.968C tj@64.968C soc1@61.937C VDD_IN 17850mW/17399mW VDD_CPU_GPU_CV 8862mW/8277mW VDD_SOC 3916mW/3971mW
08-11-2026 21:20:33 RAM 6922/7607MB (lfb 1x4MB) SWAP 1366/16384MB (cached 119MB) CPU [8%@960,4%@960,5%@960,12%@960,92%@1344,0%@1344] GR3D_FREQ 98% cpu@63.5C soc2@62.25C soc0@63.093C gpu@64.843C tj@64.843C soc1@62C VDD_IN 17968mW/17401mW VDD_CPU_GPU_CV 8940mW/8279mW VDD_SOC 3955mW/3971mW
08-11-2026 21:20:34 RAM 6926/7607MB (lfb 2x2MB) SWAP 1366/16384MB (cached 119MB) CPU [4%@729,4%@729,5%@729,6%@729,92%@1344,0%@1344] GR3D_FREQ 98% cpu@63.406C soc2@62.406C soc0@62.968C gpu@64.968C tj@64.968C soc1@62C VDD_IN 17850mW/17402mW VDD_CPU_GPU_CV 8784mW/8281mW VDD_SOC 3962mW/3971mW
08-11-2026 21:20:35 RAM 6928/7607MB (lfb 1x2MB) SWAP 1366/16384MB (cached 119MB) CPU [3%@729,2%@729,4%@729,3%@729,92%@1344,0%@1344] GR3D_FREQ 97% cpu@63.093C soc2@62.281C soc0@63.031C gpu@64.937C tj@64.937C soc1@62.062C VDD_IN 17772mW/17404mW VDD_CPU_GPU_CV 8666mW/8282mW VDD_SOC 3995mW/3971mW
08-11-2026 21:20:36 RAM 6928/7607MB (lfb 3x1MB) SWAP 1366/16384MB (cached 119MB) CPU [2%@1344,2%@1344,4%@1344,1%@1344,92%@1344,0%@1344] GR3D_FREQ 98% cpu@63.062C soc2@62.343C soc0@63.031C gpu@64.718C tj@64.718C soc1@61.937C VDD_IN 17811mW/17405mW VDD_CPU_GPU_CV 8627mW/8284mW VDD_SOC 4001mW/3972mW
08-11-2026 21:20:37 RAM 6929/7607MB (lfb 3x1MB) SWAP 1366/16384MB (cached 119MB) CPU [6%@729,1%@729,1%@729,8%@729,92%@1344,0%@1344] GR3D_FREQ 97% cpu@63.062C soc2@62.25C soc0@62.968C gpu@64.593C tj@64.593C soc1@61.968C VDD_IN 17732mW/17406mW VDD_CPU_GPU_CV 8510mW/8284mW VDD_SOC 4040mW/3972mW
08-11-2026 21:20:38 RAM 6899/7607MB (lfb 2x1MB) SWAP 1366/16384MB (cached 119MB) CPU [2%@729,4%@729,3%@729,4%@729,40%@1344,52%@1344] GR3D_FREQ 98% cpu@63.218C soc2@62.25C soc0@62.937C gpu@64.625C tj@64.625C soc1@61.968C VDD_IN 17732mW/17407mW VDD_CPU_GPU_CV 8432mW/8285mW VDD_SOC 4080mW/3972mW
08-11-2026 21:20:39 RAM 6906/7607MB (lfb 2x1MB) SWAP 1366/16384MB (cached 119MB) CPU [6%@729,20%@729,8%@729,5%@729,0%@1344,92%@1344] GR3D_FREQ 98% cpu@63.468C soc2@62.343C soc0@62.937C gpu@64.625C tj@64.625C soc1@62C VDD_IN 17772mW/17408mW VDD_CPU_GPU_CV 8354mW/8285mW VDD_SOC 4112mW/3973mW
08-11-2026 21:20:40 RAM 6907/7607MB (lfb 2x1MB) SWAP 1366/16384MB (cached 119MB) CPU [3%@729,2%@729,7%@729,1%@729,0%@1344,92%@1344] GR3D_FREQ 98% cpu@63.156C soc2@62.281C soc0@63.125C gpu@64.656C tj@64.656C soc1@62.156C VDD_IN 17683mW/17409mW VDD_CPU_GPU_CV 8159mW/8285mW VDD_SOC 4158mW/3973mW
08-11-2026 21:20:41 RAM 6907/7607MB (lfb 2x1MB) SWAP 1366/16384MB (cached 119MB) CPU [2%@729,2%@729,1%@729,5%@729,0%@1344,92%@1344] GR3D_FREQ 98% cpu@63.312C soc2@62.281C soc0@63.062C gpu@64.5C tj@64.5C soc1@61.906C VDD_IN 17643mW/17410mW VDD_CPU_GPU_CV 7964mW/8284mW VDD_SOC 4237mW/3974mW
08-11-2026 21:20:42 RAM 6908/7607MB (lfb 2x1MB) SWAP 1366/16384MB (cached 119MB) CPU [1%@729,2%@729,2%@729,8%@729,0%@1344,92%@1344] GR3D_FREQ 99% cpu@63.593C soc2@62.343C soc0@63.093C gpu@63.906C tj@63.906C soc1@61.937C VDD_IN 17565mW/17411mW VDD_CPU_GPU_CV 7859mW/8282mW VDD_SOC 4237mW/3975mW
08-11-2026 21:20:43 RAM 6909/7607MB (lfb 2x1MB) SWAP 1366/16384MB (cached 119MB) CPU [6%@729,3%@729,1%@729,2%@729,0%@1344,93%@1344] GR3D_FREQ 99% cpu@63.281C soc2@62.343C soc0@62.968C gpu@64.406C tj@64.406C soc1@61.937C VDD_IN 17526mW/17411mW VDD_CPU_GPU_CV 8393mW/8282mW VDD_SOC 4001mW/3975mW
08-11-2026 21:20:45 RAM 6913/7607MB (lfb 2x1MB) SWAP 1366/16384MB (cached 119MB) CPU [10%@729,7%@729,18%@729,7%@729,0%@1344,92%@1344] GR3D_FREQ 99% cpu@63.531C soc2@62.312C soc0@63C gpu@64.531C tj@64.531C soc1@62.062C VDD_IN 17811mW/17412mW VDD_CPU_GPU_CV 8744mW/8284mW VDD_SOC 4001mW/3975mW
08-11-2026 21:20:46 RAM 6913/7607MB (lfb 2x1MB) SWAP 1366/16384MB (cached 119MB) CPU [2%@729,2%@729,1%@729,4%@729,0%@729,93%@729] GR3D_FREQ 99% cpu@63.062C soc2@62.343C soc0@63.031C gpu@64.781C tj@64.968C soc1@62.062C VDD_IN 18007mW/17414mW VDD_CPU_GPU_CV 8979mW/8286mW VDD_SOC 3995mW/3975mW
08-11-2026 21:20:47 RAM 6913/7607MB (lfb 2x1MB) SWAP 1366/16384MB (cached 119MB) CPU [3%@729,3%@729,2%@729,3%@729,0%@1344,99%@1344] GR3D_FREQ 97% cpu@63.156C soc2@62.218C soc0@63.156C gpu@64.718C tj@64.718C soc1@61.968C VDD_IN 17850mW/17415mW VDD_CPU_GPU_CV 8862mW/8288mW VDD_SOC 3916mW/3975mW
08-11-2026 21:20:48 RAM 6914/7607MB (lfb 2x1MB) SWAP 1366/16384MB (cached 119MB) CPU [2%@729,6%@729,3%@729,3%@729,0%@1344,92%@1344] GR3D_FREQ 97% cpu@63.25C soc2@62.281C soc0@62.968C gpu@64.75C tj@64.75C soc1@61.937C VDD_IN 17850mW/17417mW VDD_CPU_GPU_CV 8784mW/8290mW VDD_SOC 3962mW/3975mW
08-11-2026 21:20:49 RAM 6914/7607MB (lfb 2x1MB) SWAP 1366/16384MB (cached 119MB) CPU [4%@729,1%@729,2%@729,4%@729,0%@1344,92%@1344] GR3D_FREQ 98% cpu@63.093C soc2@62.343C soc0@62.968C gpu@64.781C tj@64.781C soc1@62C VDD_IN 17889mW/17418mW VDD_CPU_GPU_CV 8823mW/8291mW VDD_SOC 3955mW/3975mW
08-11-2026 21:20:50 RAM 6915/7607MB (lfb 2x1MB) SWAP 1366/16384MB (cached 119MB) CPU [1%@729,2%@729,1%@729,4%@729,0%@1344,93%@1344] GR3D_FREQ 97% cpu@63.312C soc2@62.25C soc0@62.875C gpu@64.75C tj@64.75C soc1@62C VDD_IN 17811mW/17420mW VDD_CPU_GPU_CV 8666mW/8292mW VDD_SOC 4001mW/3975mW
08-11-2026 21:20:51 RAM 6918/7607MB (lfb 2x1MB) SWAP 1366/16384MB (cached 119MB) CPU [9%@729,6%@729,18%@729,9%@729,1%@1344,93%@1344] GR3D_FREQ 98% cpu@63.062C soc2@62.312C soc0@63.093C gpu@64.593C tj@64.593C soc1@61.875C VDD_IN 17889mW/17421mW VDD_CPU_GPU_CV 8705mW/8294mW VDD_SOC 3995mW/3975mW
08-11-2026 21:20:52 RAM 6919/7607MB (lfb 2x1MB) SWAP 1366/16384MB (cached 119MB) CPU [1%@729,2%@729,5%@729,2%@729,0%@1344,92%@1344] GR3D_FREQ 98% cpu@63.125C soc2@62.281C soc0@63C gpu@64.468C tj@64.468C soc1@61.875C VDD_IN 17772mW/17422mW VDD_CPU_GPU_CV 8549mW/8295mW VDD_SOC 4040mW/3975mW
08-11-2026 21:20:53 RAM 6920/7607MB (lfb 2x1MB) SWAP 1366/16384MB (cached 119MB) CPU [2%@729,0%@729,5%@729,3%@729,0%@1344,92%@1344] GR3D_FREQ 97% cpu@63.25C soc2@62.187C soc0@62.968C gpu@64.468C tj@64.468C soc1@61.906C VDD_IN 17722mW/17423mW VDD_CPU_GPU_CV 8432mW/8295mW VDD_SOC 4040mW/3975mW
08-11-2026 21:20:54 RAM 6918/7607MB (lfb 2x1MB) SWAP 1366/16384MB (cached 119MB) CPU [2%@729,2%@729,4%@729,1%@729,0%@1344,92%@1344] GR3D_FREQ 97% cpu@63.062C soc2@62.218C soc0@63C gpu@64.781C tj@64.781C soc1@62.062C VDD_IN 17761mW/17424mW VDD_CPU_GPU_CV 8354mW/8295mW VDD_SOC 4119mW/3976mW
08-11-2026 21:20:55 RAM 6919/7607MB (lfb 2x1MB) SWAP 1366/16384MB (cached 119MB) CPU [3%@729,1%@729,3%@729,3%@729,0%@1344,93%@1344] GR3D_FREQ 99% cpu@63.156C soc2@62.375C soc0@62.937C gpu@64.781C tj@64.781C soc1@62.062C VDD_IN 17732mW/17425mW VDD_CPU_GPU_CV 8237mW/8295mW VDD_SOC 4158mW/3976mW
08-11-2026 21:20:56 RAM 6925/7607MB (lfb 2x1MB) SWAP 1366/16384MB (cached 119MB) CPU [7%@729,18%@729,8%@729,6%@729,0%@1344,92%@1344] GR3D_FREQ 97% cpu@63.218C soc2@62.375C soc0@63.062C gpu@64.781C tj@64.781C soc1@61.906C VDD_IN 17929mW/17427mW VDD_CPU_GPU_CV 8276mW/8295mW VDD_SOC 4190mW/3977mW
08-11-2026 21:20:57 RAM 6926/7607MB (lfb 2x1MB) SWAP 1366/16384MB (cached 119MB) CPU [5%@1344,2%@1344,1%@1344,3%@1344,0%@1344,92%@1344] GR3D_FREQ 98% cpu@63.531C soc2@62.25C soc0@62.968C gpu@64.625C tj@64.625C soc1@61.937C VDD_IN 17722mW/17428mW VDD_CPU_GPU_CV 7925mW/8294mW VDD_SOC 4276mW/3978mW
08-11-2026 21:20:58 RAM 6926/7607MB (lfb 2x1MB) SWAP 1366/16384MB (cached 119MB) CPU [2%@729,2%@729,1%@729,7%@729,1%@1344,92%@1344] GR3D_FREQ 99% cpu@63.5C soc2@62.375C soc0@62.843C gpu@64.343C tj@64.343C soc1@62C VDD_IN 17526mW/17428mW VDD_CPU_GPU_CV 8094mW/8293mW VDD_SOC 4158mW/3979mW
08-11-2026 21:20:59 RAM 6927/7607MB (lfb 2x1MB) SWAP 1366/16384MB (cached 119MB) CPU [3%@729,5%@729,2%@729,3%@729,0%@1344,93%@1344] GR3D_FREQ 99% cpu@63.5C soc2@62.25C soc0@63C gpu@64.593C tj@64.593C soc1@62C VDD_IN 17643mW/17429mW VDD_CPU_GPU_CV 8549mW/8294mW VDD_SOC 4001mW/3979mW
08-11-2026 21:21:00 RAM 6927/7607MB (lfb 2x1MB) SWAP 1366/16384MB (cached 119MB) CPU [3%@729,1%@729,4%@729,1%@729,0%@1344,91%@1344] GR3D_FREQ 99% cpu@63.281C soc2@62.312C soc0@62.968C gpu@64.562C tj@64.562C soc1@61.937C VDD_IN 17693mW/17429mW VDD_CPU_GPU_CV 8627mW/8295mW VDD_SOC 4001mW/3979mW
08-11-2026 21:21:01 RAM 6927/7607MB (lfb 2x1MB) SWAP 1366/16384MB (cached 119MB) CPU [1%@729,2%@729,5%@729,2%@729,0%@883,94%@883] GR3D_FREQ 99% cpu@63.25C soc2@62.281C soc0@62.906C gpu@64.656C tj@64.656C soc1@62C VDD_IN 17889mW/17431mW VDD_CPU_GPU_CV 8862mW/8297mW VDD_SOC 3955mW/3979mW
08-11-2026 21:21:02 RAM 6930/7607MB (lfb 2x1MB) SWAP 1366/16384MB (cached 119MB) CPU [10%@729,4%@729,16%@729,8%@729,1%@1344,98%@1344] GR3D_FREQ 97% cpu@63.375C soc2@62.281C soc0@63C gpu@64.656C tj@64.656C soc1@61.937C VDD_IN 17968mW/17432mW VDD_CPU_GPU_CV 8940mW/8299mW VDD_SOC 3955mW/3979mW
08-11-2026 21:21:03 RAM 6931/7607MB (lfb 2x1MB) SWAP 1366/16384MB (cached 119MB) CPU [5%@729,1%@729,1%@729,2%@729,0%@1344,92%@1344] GR3D_FREQ 98% cpu@63.25C soc2@62.187C soc0@62.937C gpu@64.812C tj@64.812C soc1@62.093C VDD_IN 17850mW/17434mW VDD_CPU_GPU_CV 8784mW/8300mW VDD_SOC 3955mW/3978mW
08-11-2026 21:21:04 RAM 6932/7607MB (lfb 2x1MB) SWAP 1366/16384MB (cached 119MB) CPU [4%@729,2%@729,3%@729,2%@729,0%@1344,92%@1344] GR3D_FREQ 97% cpu@63.5C soc2@62.375C soc0@63C gpu@64.875C tj@64.875C soc1@62.031C VDD_IN 17889mW/17435mW VDD_CPU_GPU_CV 8784mW/8302mW VDD_SOC 3955mW/3978mW
08-11-2026 21:21:05 RAM 6932/7607MB (lfb 2x1MB) SWAP 1366/16384MB (cached 119MB) CPU [6%@1344,1%@1344,0%@1344,2%@1344,0%@1344,91%@1344] GR3D_FREQ 98% cpu@63.125C soc2@62.25C soc0@63.031C gpu@64.937C tj@64.937C soc1@62C VDD_IN 17850mW/17436mW VDD_CPU_GPU_CV 8705mW/8303mW VDD_SOC 4001mW/3978mW
08-11-2026 21:21:06 RAM 6933/7607MB (lfb 2x1MB) SWAP 1366/16384MB (cached 119MB) CPU [2%@1344,1%@1344,4%@1344,3%@1344,0%@1344,92%@1344] GR3D_FREQ 97% cpu@63.25C soc2@62.25C soc0@62.937C gpu@64.375C tj@64.375C soc1@61.906C VDD_IN 17772mW/17437mW VDD_CPU_GPU_CV 8627mW/8304mW VDD_SOC 4001mW/3979mW
08-11-2026 21:21:07 RAM 6935/7607MB (lfb 1x1MB) SWAP 1366/16384MB (cached 119MB) CPU [8%@729,7%@729,3%@729,18%@729,0%@1344,92%@1344] GR3D_FREQ 98% cpu@63.375C soc2@62.375C soc0@62.906C gpu@64.468C tj@64.468C soc1@61.968C VDD_IN 17968mW/17439mW VDD_CPU_GPU_CV 8705mW/8305mW VDD_SOC 4034mW/3979mW
08-11-2026 21:21:08 RAM 6936/7607MB (lfb 1x1MB) SWAP 1366/16384MB (cached 119MB) CPU [6%@729,2%@729,3%@729,3%@729,0%@1344,92%@1344] GR3D_FREQ 98% cpu@63.437C soc2@62.281C soc0@62.937C gpu@64.437C tj@64.5C soc1@62.031C VDD_IN 17772mW/17440mW VDD_CPU_GPU_CV 8432mW/8305mW VDD_SOC 4080mW/3979mW
08-11-2026 21:21:09 RAM 6936/7607MB (lfb 1x1MB) SWAP 1366/16384MB (cached 119MB) CPU [4%@1344,3%@1344,3%@1344,3%@1344,0%@1344,92%@1344] GR3D_FREQ 98% cpu@63.187C soc2@62.343C soc0@63.062C gpu@64.687C tj@64.687C soc1@61.906C VDD_IN 17732mW/17441mW VDD_CPU_GPU_CV 8354mW/8306mW VDD_SOC 4119mW/3979mW
08-11-2026 21:21:10 RAM 6936/7607MB (lfb 1x1MB) SWAP 1366/16384MB (cached 119MB) CPU [6%@729,1%@729,2%@729,2%@729,0%@1344,92%@1344] GR3D_FREQ 99% cpu@63.281C soc2@62.406C soc0@62.906C gpu@64.562C tj@64.562C soc1@61.875C VDD_IN 17693mW/17442mW VDD_CPU_GPU_CV 8198mW/8305mW VDD_SOC 4158mW/3980mW
08-11-2026 21:21:11 RAM 6937/7607MB (lfb 1x1MB) SWAP 1366/16384MB (cached 119MB) CPU [3%@729,3%@729,3%@729,3%@729,0%@1344,93%@1344] GR3D_FREQ 97% cpu@63.25C soc2@62.187C soc0@63.031C gpu@64.593C tj@64.593C soc1@61.937C VDD_IN 17683mW/17442mW VDD_CPU_GPU_CV 8081mW/8305mW VDD_SOC 4197mW/3981mW
08-11-2026 21:21:12 RAM 6937/7607MB (lfb 1x1MB) SWAP 1366/16384MB (cached 119MB) CPU [5%@729,2%@729,2%@729,1%@729,0%@1344,92%@1344] GR3D_FREQ 98% cpu@63.531C soc2@62.375C soc0@62.968C gpu@64.343C tj@64.343C soc1@61.906C VDD_IN 17604mW/17443mW VDD_CPU_GPU_CV 7820mW/8303mW VDD_SOC 4276mW/3981mW
08-11-2026 21:21:13 RAM 6937/7607MB (lfb 1x1MB) SWAP 1366/16384MB (cached 119MB) CPU [8%@729,10%@729,13%@729,4%@729,0%@1344,92%@1344] GR3D_FREQ 99% cpu@63.156C soc2@62.375C soc0@63C gpu@64.062C tj@64.062C soc1@62.093C VDD_IN 17526mW/17443mW VDD_CPU_GPU_CV 8290mW/8303mW VDD_SOC 4080mW/3982mW
08-11-2026 21:21:14 RAM 6938/7607MB (lfb 1x1MB) SWAP 1366/16384MB (cached 119MB) CPU [6%@729,3%@729,2%@729,1%@729,0%@1344,92%@1344] GR3D_FREQ 99% cpu@63.093C soc2@62.281C soc0@63.093C gpu@64.5C tj@64.5C soc1@62C VDD_IN 17604mW/17443mW VDD_CPU_GPU_CV 8549mW/8304mW VDD_SOC 3962mW/3982mW
08-11-2026 21:21:15 RAM 6938/7607MB (lfb 1x1MB) SWAP 1366/16384MB (cached 119MB) CPU [3%@1344,3%@1344,2%@1344,3%@1344,0%@1344,92%@1344] GR3D_FREQ 99% cpu@63.281C soc2@62.375C soc0@62.906C gpu@64.531C tj@64.531C soc1@61.968C VDD_IN 18007mW/17445mW VDD_CPU_GPU_CV 8784mW/8305mW VDD_SOC 4073mW/3982mW
08-11-2026 21:21:16 RAM 6937/7607MB (lfb 1x1MB) SWAP 1366/16384MB (cached 119MB) CPU [4%@729,1%@729,2%@729,1%@729,0%@1344,97%@1344] GR3D_FREQ 96% cpu@63.156C soc2@62.25C soc0@62.906C gpu@64.468C tj@64.468C soc1@61.968C VDD_IN 17811mW/17446mW VDD_CPU_GPU_CV 8784mW/8307mW VDD_SOC 3923mW/3982mW
08-11-2026 21:21:17 RAM 6938/7607MB (lfb 1x1MB) SWAP 1366/16384MB (cached 119MB) CPU [5%@729,2%@729,3%@729,2%@729,0%@1344,95%@1344] GR3D_FREQ 98% cpu@63.437C soc2@62.343C soc0@63C gpu@64.593C tj@64.593C soc1@62C VDD_IN 17889mW/17447mW VDD_CPU_GPU_CV 8862mW/8308mW VDD_SOC 3955mW/3982mW
08-11-2026 21:21:18 RAM 6941/7607MB (lfb 1x1MB) SWAP 1366/16384MB (cached 119MB) CPU [11%@1344,7%@1344,6%@1344,18%@1344,0%@1344,91%@1344] GR3D_FREQ 98% cpu@63.093C soc2@62.281C soc0@63.031C gpu@64.718C tj@64.718C soc1@62.031C VDD_IN 17889mW/17449mW VDD_CPU_GPU_CV 8784mW/8310mW VDD_SOC 3955mW/3982mW
08-11-2026 21:21:19 RAM 6918/7607MB (lfb 1x1MB) SWAP 1366/16384MB (cached 119MB) CPU [4%@729,2%@729,2%@729,4%@729,1%@1344,92%@1344] GR3D_FREQ 97% cpu@63.187C soc2@62.343C soc0@63.125C gpu@64.781C tj@64.781C soc1@61.937C VDD_IN 17850mW/17450mW VDD_CPU_GPU_CV 8705mW/8311mW VDD_SOC 3995mW/3982mW
08-11-2026 21:21:20 RAM 6919/7607MB (lfb 1x1MB) SWAP 1366/16384MB (cached 119MB) CPU [5%@729,1%@729,1%@729,2%@729,0%@1344,92%@1344] GR3D_FREQ 98% cpu@63.312C soc2@62.375C soc0@62.968C gpu@64.875C tj@64.875C soc1@61.906C VDD_IN 17811mW/17451mW VDD_CPU_GPU_CV 8627mW/8312mW VDD_SOC 3995mW/3982mW
08-11-2026 21:21:21 RAM 6920/7607MB (lfb 1x1MB) SWAP 1366/16384MB (cached 119MB) CPU [3%@1344,3%@1344,1%@1344,2%@1344,0%@1344,92%@1344] GR3D_FREQ 97% cpu@63.281C soc2@62.281C soc0@63C gpu@64.781C tj@64.781C soc1@62.031C VDD_IN 17772mW/17452mW VDD_CPU_GPU_CV 8588mW/8313mW VDD_SOC 4001mW/3982mW
08-11-2026 21:21:22 RAM 6921/7607MB (lfb 1x1MB) SWAP 1366/16384MB (cached 119MB) CPU [2%@729,1%@729,5%@729,2%@729,0%@1344,93%@1344] GR3D_FREQ 97% cpu@63.437C soc2@62.343C soc0@63.031C gpu@64.812C tj@64.812C soc1@62.031C VDD_IN 17772mW/17453mW VDD_CPU_GPU_CV 8510mW/8313mW VDD_SOC 4034mW/3982mW
08-11-2026 21:21:23 RAM 6923/7607MB (lfb 1x1MB) SWAP 1366/16384MB (cached 119MB) CPU [3%@1344,4%@1344,5%@1344,3%@1344,0%@1344,92%@1344] GR3D_FREQ 97% cpu@63.281C soc2@62.312C soc0@63C gpu@64.843C tj@64.843C soc1@62.093C VDD_IN 17811mW/17454mW VDD_CPU_GPU_CV 8510mW/8314mW VDD_SOC 4073mW/3982mW
08-11-2026 21:21:24 RAM 6931/7607MB (lfb 1x1MB) SWAP 1366/16384MB (cached 119MB) CPU [15%@1344,7%@1344,5%@1344,6%@1344,1%@1344,92%@1344] GR3D_FREQ 98% cpu@63.156C soc2@62.343C soc0@63.093C gpu@64.75C tj@64.75C soc1@61.906C VDD_IN 17654mW/17454mW VDD_CPU_GPU_CV 8276mW/8314mW VDD_SOC 4119mW/3983mW
08-11-2026 21:21:25 RAM 6930/7607MB (lfb 1x1MB) SWAP 1366/16384MB (cached 119MB) CPU [4%@729,4%@729,2%@729,2%@729,2%@1344,92%@1344] GR3D_FREQ 97% cpu@63.406C soc2@62.281C soc0@62.937C gpu@64.468C tj@64.468C soc1@62.031C VDD_IN 17722mW/17455mW VDD_CPU_GPU_CV 8159mW/8313mW VDD_SOC 4158mW/3983mW
08-11-2026 21:21:26 RAM 6931/7607MB (lfb 1x1MB) SWAP 1366/16384MB (cached 119MB) CPU [3%@729,1%@729,2%@729,4%@729,0%@1344,92%@1344] GR3D_FREQ 97% cpu@63.343C soc2@62.25C soc0@63C gpu@64.437C tj@64.437C soc1@61.937C VDD_IN 17683mW/17456mW VDD_CPU_GPU_CV 8003mW/8312mW VDD_SOC 4237mW/3984mW
08-11-2026 21:21:27 RAM 6931/7607MB (lfb 1x1MB) SWAP 1366/16384MB (cached 119MB) CPU [2%@729,1%@729,1%@729,2%@729,5%@1344,92%@1344] GR3D_FREQ 99% cpu@63.75C soc2@62.312C soc0@63.031C gpu@63.937C tj@63.937C soc1@62.031C VDD_IN 17526mW/17456mW VDD_CPU_GPU_CV 7808mW/8311mW VDD_SOC 4276mW/3985mW
08-11-2026 21:21:28 RAM 6932/7607MB (lfb 1x1MB) SWAP 1366/16384MB (cached 119MB) CPU [3%@729,4%@729,2%@729,3%@729,0%@1344,92%@1344] GR3D_FREQ 99% cpu@63.25C soc2@62.437C soc0@63.062C gpu@64.406C tj@64.75C soc1@61.843C VDD_IN 17526mW/17456mW VDD_CPU_GPU_CV 8315mW/8311mW VDD_SOC 4040mW/3985mW
08-11-2026 21:21:29 RAM 6935/7607MB (lfb 1x1MB) SWAP 1366/16384MB (cached 119MB) CPU [5%@1113,17%@1113,11%@1113,8%@1113,0%@1344,92%@1344] GR3D_FREQ 99% cpu@63.25C soc2@62.312C soc0@63.218C gpu@64.843C tj@64.843C soc1@61.906C VDD_IN 17772mW/17457mW VDD_CPU_GPU_CV 8588mW/8312mW VDD_SOC 4040mW/3985mW
08-11-2026 21:21:30 RAM 6935/7607MB (lfb 1x1MB) SWAP 1366/16384MB (cached 119MB) CPU [2%@1113,3%@1113,1%@1113,2%@1113,1%@1344,92%@1344] GR3D_FREQ 99% cpu@63.406C soc2@62.343C soc0@63C gpu@64.5C tj@64.5C soc1@61.968C VDD_IN 18007mW/17459mW VDD_CPU_GPU_CV 8823mW/8313mW VDD_SOC 4073mW/3985mW
08-11-2026 21:21:31 RAM 6935/7607MB (lfb 1x1MB) SWAP 1366/16384MB (cached 119MB) CPU [1%@1344,2%@1344,3%@1344,3%@1344,0%@1344,98%@1344] GR3D_FREQ 97% cpu@63.406C soc2@62.343C soc0@63C gpu@64.375C tj@64.375C soc1@62.062C VDD_IN 17801mW/17460mW VDD_CPU_GPU_CV 8784mW/8314mW VDD_SOC 3923mW/3985mW
08-11-2026 21:21:32 RAM 6936/7607MB (lfb 1x1MB) SWAP 1366/16384MB (cached 119MB) CPU [3%@1344,5%@1344,4%@1344,1%@1344,0%@1344,93%@1344] GR3D_FREQ 97% cpu@63.156C soc2@62.25C soc0@63.062C gpu@64.718C tj@64.718C soc1@61.937C VDD_IN 17811mW/17461mW VDD_CPU_GPU_CV 8823mW/8316mW VDD_SOC 3962mW/3985mW
08-11-2026 21:21:33 RAM 6936/7607MB (lfb 1x1MB) SWAP 1366/16384MB (cached 119MB) CPU [3%@1113,3%@1190,2%@1190,3%@1190,0%@1344,93%@1344] GR3D_FREQ 97% cpu@63.343C soc2@62.343C soc0@62.906C gpu@64.562C tj@64.562C soc1@61.968C VDD_IN 17772mW/17461mW VDD_CPU_GPU_CV 8744mW/8317mW VDD_SOC 3962mW/3985mW
08-11-2026 21:21:34 RAM 6938/7607MB (lfb 1x1MB) SWAP 1366/16384MB (cached 119MB) CPU [8%@1190,8%@1190,6%@1190,5%@1190,0%@1344,92%@1344] GR3D_FREQ 98% cpu@63.906C soc2@62.343C soc0@63.031C gpu@64.343C tj@64.343C soc1@62.062C VDD_IN 17968mW/17463mW VDD_CPU_GPU_CV 8862mW/8318mW VDD_SOC 3955mW/3985mW
08-11-2026 21:21:35 RAM 6938/7607MB (lfb 1x1MB) SWAP 1366/16384MB (cached 119MB) CPU [1%@729,2%@729,5%@729,7%@729,1%@1344,92%@1344] GR3D_FREQ 99% cpu@63.187C soc2@62.375C soc0@63.093C gpu@64.343C tj@64.343C soc1@62.062C VDD_IN 17732mW/17464mW VDD_CPU_GPU_CV 8588mW/8319mW VDD_SOC 4001mW/3985mW
08-11-2026 21:21:36 RAM 6939/7607MB (lfb 1x1MB) SWAP 1366/16384MB (cached 119MB) CPU [4%@1344,2%@1344,2%@1344,2%@1344,2%@1344,92%@1344] GR3D_FREQ 98% cpu@63.125C soc2@62.375C soc0@63C gpu@64.312C tj@64.312C soc1@61.875C VDD_IN 17732mW/17464mW VDD_CPU_GPU_CV 8549mW/8320mW VDD_SOC 4001mW/3985mW
08-11-2026 21:21:37 RAM 6940/7607MB (lfb 1x1MB) SWAP 1366/16384MB (cached 119MB) CPU [1%@1344,1%@1344,3%@1344,1%@1344,4%@1344,93%@1344] GR3D_FREQ 98% cpu@63.187C soc2@62.281C soc0@62.843C gpu@64.468C tj@64.468C soc1@61.937C VDD_IN 17654mW/17465mW VDD_CPU_GPU_CV 8432mW/8320mW VDD_SOC 4040mW/3985mW
08-11-2026 21:21:38 RAM 6940/7607MB (lfb 1x1MB) SWAP 1366/16384MB (cached 119MB) CPU [4%@729,3%@729,3%@729,0%@729,0%@1344,92%@1344] GR3D_FREQ 98% cpu@63.25C soc2@62.312C soc0@62.906C gpu@64.5C tj@64.5C soc1@61.937C VDD_IN 17643mW/17465mW VDD_CPU_GPU_CV 8315mW/8320mW VDD_SOC 4040mW/3985mW
08-11-2026 21:21:39 RAM 6933/7607MB (lfb 1x1MB) SWAP 1366/16384MB (cached 119MB) CPU [8%@729,7%@729,18%@729,12%@729,12%@1344,50%@1344] GR3D_FREQ 26% cpu@63.156C soc2@61.937C soc0@62.906C gpu@62.843C tj@63.156C soc1@62.031C VDD_IN 12003mW/17450mW VDD_CPU_GPU_CV 4620mW/8310mW VDD_SOC 3203mW/3983mW
08-11-2026 21:21:40 RAM 7080/7607MB (lfb 1x1MB) SWAP 1366/16384MB (cached 118MB) CPU [76%@1344,75%@1344,77%@1344,89%@1344,87%@1344,77%@1344] GR3D_FREQ 54% cpu@62.687C soc2@61.375C soc0@62.562C gpu@61.656C tj@62.687C soc1@61.656C VDD_IN 8479mW/17426mW VDD_CPU_GPU_CV 2782mW/8295mW VDD_SOC 1910mW/3977mW
08-11-2026 21:21:41 RAM 7087/7607MB (lfb 1x1MB) SWAP 1366/16384MB (cached 118MB) CPU [3%@1344,6%@1344,99%@1344,2%@1344,0%@729,0%@729] GR3D_FREQ 97% cpu@63.062C soc2@61.812C soc0@62.5C gpu@63.843C tj@63.843C soc1@61.625C VDD_IN 16649mW/17424mW VDD_CPU_GPU_CV 8133mW/8294mW VDD_SOC 3615mW/3976mW
08-11-2026 21:21:42 RAM 7088/7607MB (lfb 1x1MB) SWAP 1366/16384MB (cached 118MB) CPU [3%@1344,3%@1344,92%@1344,2%@1344,0%@729,1%@729] GR3D_FREQ 98% cpu@63.25C soc2@61.906C soc0@62.625C gpu@64.125C tj@64.125C soc1@61.718C VDD_IN 17604mW/17424mW VDD_CPU_GPU_CV 8666mW/8295mW VDD_SOC 3923mW/3976mW
08-11-2026 21:21:43 RAM 7087/7607MB (lfb 1x1MB) SWAP 1366/16384MB (cached 118MB) CPU [3%@1344,1%@1344,92%@1344,1%@1344,1%@729,0%@729] GR3D_FREQ 97% cpu@63.187C soc2@62.062C soc0@62.75C gpu@64.218C tj@64.218C soc1@61.718C VDD_IN 17761mW/17425mW VDD_CPU_GPU_CV 8666mW/8296mW VDD_SOC 3962mW/3976mW
08-11-2026 21:21:44 RAM 7088/7607MB (lfb 1x1MB) SWAP 1366/16384MB (cached 118MB) CPU [4%@1344,2%@1344,92%@1344,3%@1344,0%@729,0%@729] GR3D_FREQ 97% cpu@63.531C soc2@62.093C soc0@62.75C gpu@64.312C tj@64.312C soc1@61.843C VDD_IN 17722mW/17426mW VDD_CPU_GPU_CV 8588mW/8297mW VDD_SOC 3962mW/3976mW
08-11-2026 21:21:45 RAM 7088/7607MB (lfb 1x1MB) SWAP 1366/16384MB (cached 118MB) CPU [3%@1344,1%@1344,92%@1344,2%@1344,0%@729,1%@729] GR3D_FREQ 97% cpu@63.218C soc2@62.156C soc0@62.843C gpu@64.25C tj@64.25C soc1@61.75C VDD_IN 17732mW/17427mW VDD_CPU_GPU_CV 8588mW/8298mW VDD_SOC 4001mW/3976mW
08-11-2026 21:21:46 RAM 7094/7607MB (lfb 1x1MB) SWAP 1366/16384MB (cached 118MB) CPU [6%@729,7%@729,16%@729,14%@729,79%@1344,1%@1344] GR3D_FREQ 97% cpu@62.843C soc2@62.062C soc0@62.75C gpu@64.531C tj@64.531C soc1@61.75C VDD_IN 17732mW/17428mW VDD_CPU_GPU_CV 8549mW/8299mW VDD_SOC 4001mW/3976mW
08-11-2026 21:21:47 RAM 7088/7607MB (lfb 1x1MB) SWAP 1366/16384MB (cached 118MB) CPU [8%@729,2%@729,4%@729,2%@729,92%@1344,0%@1344] GR3D_FREQ 98% cpu@63.062C soc2@62.031C soc0@62.687C gpu@64.375C tj@64.375C soc1@61.781C VDD_IN 17643mW/17428mW VDD_CPU_GPU_CV 8354mW/8299mW VDD_SOC 4040mW/3976mW
08-11-2026 21:21:48 RAM 7090/7607MB (lfb 1x1MB) SWAP 1366/16384MB (cached 118MB) CPU [3%@729,1%@729,1%@729,4%@729,93%@1344,0%@1344] GR3D_FREQ 98% cpu@62.937C soc2@62.031C soc0@62.718C gpu@64.593C tj@64.593C soc1@61.812C VDD_IN 17683mW/17429mW VDD_CPU_GPU_CV 8315mW/8299mW VDD_SOC 4080mW/3977mW
08-11-2026 21:21:49 RAM 7090/7607MB (lfb 1x1MB) SWAP 1366/16384MB (cached 118MB) CPU [4%@729,5%@729,1%@729,1%@729,92%@1344,2%@1344] GR3D_FREQ 98% cpu@63.125C soc2@62.031C soc0@62.781C gpu@64.593C tj@64.593C soc1@61.906C VDD_IN 17604mW/17429mW VDD_CPU_GPU_CV 8172mW/8299mW VDD_SOC 4119mW/3977mW
08-11-2026 21:21:50 RAM 7090/7607MB (lfb 1x1MB) SWAP 1366/16384MB (cached 118MB) CPU [2%@729,2%@729,3%@729,3%@729,92%@1344,0%@1344] GR3D_FREQ 97% cpu@62.875C soc2@62.062C soc0@62.906C gpu@64.625C tj@64.625C soc1@61.718C VDD_IN 17526mW/17430mW VDD_CPU_GPU_CV 8016mW/8298mW VDD_SOC 4158mW/3978mW
08-11-2026 21:21:51 RAM 7095/7607MB (lfb 1x1MB) SWAP 1366/16384MB (cached 118MB) CPU [5%@729,8%@729,7%@729,20%@729,93%@1344,0%@1344] GR3D_FREQ 97% cpu@63.062C soc2@62.093C soc0@62.75C gpu@64.218C tj@64.218C soc1@61.812C VDD_IN 17643mW/17430mW VDD_CPU_GPU_CV 7925mW/8297mW VDD_SOC 4237mW/3978mW
08-11-2026 21:21:52 RAM 7095/7607MB (lfb 1x1MB) SWAP 1366/16384MB (cached 118MB) CPU [2%@1113,2%@1113,2%@1113,4%@1113,92%@1344,0%@1344] GR3D_FREQ 99% cpu@63.375C soc2@62.187C soc0@62.781C gpu@63.843C tj@63.843C soc1@61.843C VDD_IN 17408mW/17430mW VDD_CPU_GPU_CV 8016mW/8296mW VDD_SOC 4158mW/3979mW
08-11-2026 21:21:53 RAM 7095/7607MB (lfb 1x1MB) SWAP 1366/16384MB (cached 118MB) CPU [2%@729,3%@729,2%@729,4%@729,92%@1344,0%@1344] GR3D_FREQ 99% cpu@62.875C soc2@62.156C soc0@62.843C gpu@64.375C tj@64.375C soc1@61.875C VDD_IN 17447mW/17430mW VDD_CPU_GPU_CV 8432mW/8296mW VDD_SOC 3962mW/3979mW
08-11-2026 21:21:54 RAM 7095/7607MB (lfb 1x1MB) SWAP 1366/16384MB (cached 118MB) CPU [3%@729,5%@729,1%@729,2%@729,91%@1344,0%@1344] GR3D_FREQ 99% cpu@63.156C soc2@62.156C soc0@62.843C gpu@64.406C tj@64.406C soc1@61.906C VDD_IN 17604mW/17431mW VDD_CPU_GPU_CV 8549mW/8297mW VDD_SOC 4001mW/3979mW
08-11-2026 21:21:55 RAM 7095/7607MB (lfb 1x1MB) SWAP 1366/16384MB (cached 118MB) CPU [4%@729,3%@729,2%@729,1%@729,95%@960,0%@960] GR3D_FREQ 99% cpu@62.875C soc2@62.25C soc0@62.906C gpu@64.343C tj@64.343C soc1@61.781C VDD_IN 17604mW/17431mW VDD_CPU_GPU_CV 8627mW/8298mW VDD_SOC 3923mW/3979mW
08-11-2026 21:21:56 RAM 7097/7607MB (lfb 1x1MB) SWAP 1366/16384MB (cached 118MB) CPU [65%@883,6%@883,4%@883,5%@883,33%@729,1%@729] GR3D_FREQ 97% cpu@63.375C soc2@62.25C soc0@62.875C gpu@64.406C tj@64.406C soc1@61.812C VDD_IN 17772mW/17432mW VDD_CPU_GPU_CV 8823mW/8299mW VDD_SOC 3916mW/3978mW
08-11-2026 21:21:57 RAM 7097/7607MB (lfb 1x1MB) SWAP 1366/16384MB (cached 118MB) CPU [5%@729,2%@729,9%@729,14%@729,92%@1344,0%@1344] GR3D_FREQ 98% cpu@63.125C soc2@62.125C soc0@62.875C gpu@64.343C tj@64.343C soc1@61.843C VDD_IN 17761mW/17433mW VDD_CPU_GPU_CV 8705mW/8300mW VDD_SOC 3962mW/3978mW
08-11-2026 21:21:58 RAM 7096/7607MB (lfb 1x1MB) SWAP 1366/16384MB (cached 118MB) CPU [5%@729,4%@729,1%@729,2%@729,93%@1344,0%@1344] GR3D_FREQ 97% cpu@62.781C soc2@62.156C soc0@62.812C gpu@64.312C tj@64.312C soc1@61.843C VDD_IN 17693mW/17434mW VDD_CPU_GPU_CV 8705mW/8301mW VDD_SOC 3962mW/3978mW
08-11-2026 21:21:59 RAM 7096/7607MB (lfb 1x1MB) SWAP 1366/16384MB (cached 118MB) CPU [2%@729,7%@729,2%@729,1%@729,92%@1344,0%@1344] GR3D_FREQ 98% cpu@63.125C soc2@62.187C soc0@62.875C gpu@64.281C tj@64.281C soc1@61.937C VDD_IN 17683mW/17434mW VDD_CPU_GPU_CV 8549mW/8302mW VDD_SOC 3962mW/3978mW
08-11-2026 21:22:00 RAM 7096/7607MB (lfb 1x1MB) SWAP 1366/16384MB (cached 118MB) CPU [3%@729,3%@729,1%@729,4%@729,92%@1344,0%@1344] GR3D_FREQ 98% cpu@62.843C soc2@62.25C soc0@62.968C gpu@64.343C tj@64.343C soc1@61.843C VDD_IN 17722mW/17435mW VDD_CPU_GPU_CV 8549mW/8303mW VDD_SOC 4001mW/3978mW
08-11-2026 21:22:01 RAM 7096/7607MB (lfb 1x1MB) SWAP 1366/16384MB (cached 118MB) CPU [3%@729,4%@729,2%@729,1%@729,92%@1344,0%@1344] GR3D_FREQ 97% cpu@62.937C soc2@62.062C soc0@63.031C gpu@64.312C tj@64.312C soc1@61.906C VDD_IN 17604mW/17435mW VDD_CPU_GPU_CV 8432mW/8303mW VDD_SOC 4040mW/3979mW
08-11-2026 21:22:02 RAM 7097/7607MB (lfb 1x1MB) SWAP 1366/16384MB (cached 118MB) CPU [18%@729,7%@729,8%@729,6%@729,93%@1344,0%@1344] GR3D_FREQ 98% cpu@63.156C soc2@62.156C soc0@62.875C gpu@64.375C tj@64.562C soc1@61.906C VDD_IN 17761mW/17436mW VDD_CPU_GPU_CV 8432mW/8303mW VDD_SOC 4040mW/3979mW
08-11-2026 21:22:03 RAM 7097/7607MB (lfb 1x1MB) SWAP 1366/16384MB (cached 118MB) CPU [2%@729,4%@729,2%@729,1%@729,92%@1344,0%@1344] GR3D_FREQ 98% cpu@63.437C soc2@62.156C soc0@62.875C gpu@64.406C tj@64.406C soc1@61.906C VDD_IN 17643mW/17437mW VDD_CPU_GPU_CV 8237mW/8303mW VDD_SOC 4080mW/3979mW
08-11-2026 21:22:04 RAM 7097/7607MB (lfb 1x1MB) SWAP 1366/16384MB (cached 118MB) CPU [2%@729,4%@729,2%@729,3%@729,92%@1344,0%@1344] GR3D_FREQ 97% cpu@62.968C soc2@62.156C soc0@63.031C gpu@64.468C tj@64.468C soc1@61.937C VDD_IN 17604mW/17437mW VDD_CPU_GPU_CV 8120mW/8303mW VDD_SOC 4119mW/3979mW
08-11-2026 21:22:05 RAM 7097/7607MB (lfb 1x1MB) SWAP 1366/16384MB (cached 118MB) CPU [2%@729,4%@729,2%@729,2%@729,93%@1344,0%@1344] GR3D_FREQ 98% cpu@63.093C soc2@62.187C soc0@63C gpu@64.531C tj@64.531C soc1@61.906C VDD_IN 17565mW/17437mW VDD_CPU_GPU_CV 7886mW/8302mW VDD_SOC 4197mW/3980mW
08-11-2026 21:22:06 RAM 7097/7607MB (lfb 1x1MB) SWAP 1366/16384MB (cached 118MB) CPU [3%@729,2%@729,2%@729,2%@729,92%@1344,0%@1344] GR3D_FREQ 99% cpu@63.25C soc2@62.156C soc0@62.843C gpu@64C tj@64C soc1@61.906C VDD_IN 17447mW/17437mW VDD_CPU_GPU_CV 7742mW/8300mW VDD_SOC 4237mW/3981mW
08-11-2026 21:22:07 RAM 7097/7607MB (lfb 1x1MB) SWAP 1366/16384MB (cached 118MB) CPU [6%@1036,6%@1036,8%@1036,12%@1036,87%@1344,15%@1344] GR3D_FREQ 99% cpu@63.375C soc2@62.25C soc0@62.875C gpu@64.437C tj@64.437C soc1@61.937C VDD_IN 17683mW/17438mW VDD_CPU_GPU_CV 8510mW/8301mW VDD_SOC 4001mW/3981mW
08-11-2026 21:22:08 RAM 7097/7607MB (lfb 1x1MB) SWAP 1366/16384MB (cached 118MB) CPU [2%@729,3%@729,1%@729,4%@729,0%@1344,91%@1344] GR3D_FREQ 99% cpu@63.343C soc2@62.218C soc0@62.875C gpu@64.343C tj@64.343C soc1@61.968C VDD_IN 17526mW/17438mW VDD_CPU_GPU_CV 8471mW/8301mW VDD_SOC 4001mW/3981mW
08-11-2026 21:22:09 RAM 7075/7607MB (lfb 1x1MB) SWAP 1366/16384MB (cached 118MB) CPU [10%@729,3%@729,2%@729,5%@729,0%@729,93%@729] GR3D_FREQ 99% cpu@63C soc2@62.281C soc0@62.906C gpu@64.625C tj@64.625C soc1@61.781C VDD_IN 17889mW/17439mW VDD_CPU_GPU_CV 8823mW/8303mW VDD_SOC 3995mW/3981mW
08-11-2026 21:22:10 RAM 7076/7607MB (lfb 1x1MB) SWAP 1366/16384MB (cached 118MB) CPU [4%@729,2%@729,2%@729,2%@729,0%@1344,100%@1344] GR3D_FREQ 98% cpu@63.156C soc2@62.187C soc0@62.812C gpu@64.468C tj@64.468C soc1@61.875C VDD_IN 17732mW/17440mW VDD_CPU_GPU_CV 8823mW/8304mW VDD_SOC 3923mW/3981mW
08-11-2026 21:22:11 RAM 7076/7607MB (lfb 1x1MB) SWAP 1366/16384MB (cached 118MB) CPU [8%@729,1%@729,2%@729,1%@729,0%@1344,92%@1344] GR3D_FREQ 97% cpu@63.312C soc2@62.125C soc0@62.843C gpu@64.437C tj@64.437C soc1@61.875C VDD_IN 17761mW/17441mW VDD_CPU_GPU_CV 8666mW/8305mW VDD_SOC 3923mW/3980mW
08-11-2026 21:22:12 RAM 7076/7607MB (lfb 1x1MB) SWAP 1366/16384MB (cached 118MB) CPU [4%@729,3%@729,3%@729,6%@729,0%@1344,92%@1344] GR3D_FREQ 98% cpu@63.25C soc2@62.156C soc0@62.875C gpu@64.468C tj@64.468C soc1@61.937C VDD_IN 17801mW/17442mW VDD_CPU_GPU_CV 8705mW/8306mW VDD_SOC 3962mW/3980mW
08-11-2026 21:22:13 RAM 7084/7607MB (lfb 1x1MB) SWAP 1366/16384MB (cached 118MB) CPU [8%@729,18%@729,7%@729,6%@729,0%@1344,92%@1344] GR3D_FREQ 97% cpu@63.5C soc2@62.25C soc0@62.968C gpu@64.781C tj@64.781C soc1@62.093C VDD_IN 17732mW/17443mW VDD_CPU_GPU_CV 8705mW/8307mW VDD_SOC 3962mW/3980mW
08-11-2026 21:22:14 RAM 7084/7607MB (lfb 1x1MB) SWAP 1366/16384MB (cached 118MB) CPU [2%@729,1%@729,1%@729,2%@729,2%@1344,92%@1344] GR3D_FREQ 98% cpu@63.031C soc2@62.281C soc0@62.906C gpu@64.718C tj@64.718C soc1@61.843C VDD_IN 17693mW/17443mW VDD_CPU_GPU_CV 8588mW/8308mW VDD_SOC 4001mW/3980mW
08-11-2026 21:22:15 RAM 7085/7607MB (lfb 1x1MB) SWAP 1366/16384MB (cached 118MB) CPU [3%@729,2%@729,3%@729,2%@729,0%@1344,93%@1344] GR3D_FREQ 97% cpu@63.125C soc2@62.218C soc0@63.093C gpu@64.781C tj@64.781C soc1@61.843C VDD_IN 17683mW/17444mW VDD_CPU_GPU_CV 8471mW/8308mW VDD_SOC 4001mW/3980mW
08-11-2026 21:22:16 RAM 7085/7607MB (lfb 1x1MB) SWAP 1366/16384MB (cached 118MB) CPU [1%@729,3%@729,4%@729,1%@729,0%@1344,92%@1344] GR3D_FREQ 97% cpu@63.437C soc2@62.218C soc0@63.031C gpu@64.75C tj@64.75C soc1@61.906C VDD_IN 17604mW/17444mW VDD_CPU_GPU_CV 8354mW/8308mW VDD_SOC 4040mW/3981mW
08-11-2026 21:22:17 RAM 7086/7607MB (lfb 1x1MB) SWAP 1366/16384MB (cached 118MB) CPU [3%@729,6%@729,3%@729,3%@729,0%@1344,92%@1344] GR3D_FREQ 98% cpu@63.218C soc2@62.187C soc0@62.937C gpu@64.875C tj@64.875C soc1@62C VDD_IN 17604mW/17445mW VDD_CPU_GPU_CV 8276mW/8308mW VDD_SOC 4080mW/3981mW
08-11-2026 21:22:18 RAM 7087/7607MB (lfb 1x1MB) SWAP 1366/16384MB (cached 118MB) CPU [12%@729,4%@729,11%@729,9%@729,0%@1344,92%@1344] GR3D_FREQ 97% cpu@63.468C soc2@62.25C soc0@62.906C gpu@64.781C tj@64.781C soc1@62C VDD_IN 17761mW/17445mW VDD_CPU_GPU_CV 8237mW/8308mW VDD_SOC 4158mW/3981mW
08-11-2026 21:22:19 RAM 7088/7607MB (lfb 1x1MB) SWAP 1366/16384MB (cached 118MB) CPU [3%@729,4%@729,5%@729,3%@729,0%@1344,92%@1344] GR3D_FREQ 97% cpu@63.156C soc2@62.281C soc0@63.031C gpu@64.437C tj@64.437C soc1@61.875C VDD_IN 17604mW/17446mW VDD_CPU_GPU_CV 7964mW/8307mW VDD_SOC 4197mW/3982mW
08-11-2026 21:22:20 RAM 7088/7607MB (lfb 1x1MB) SWAP 1366/16384MB (cached 118MB) CPU [3%@729,2%@729,5%@729,2%@729,0%@1344,92%@1344] GR3D_FREQ 99% cpu@63.531C soc2@62.218C soc0@63.031C gpu@63.906C tj@63.906C soc1@61.843C VDD_IN 17447mW/17446mW VDD_CPU_GPU_CV 7664mW/8305mW VDD_SOC 4276mW/3982mW
08-11-2026 21:22:21 RAM 7089/7607MB (lfb 1x1MB) SWAP 1366/16384MB (cached 118MB) CPU [4%@729,1%@729,1%@729,1%@729,0%@1344,92%@1344] GR3D_FREQ 99% cpu@63.5C soc2@62.281C soc0@63.031C gpu@64.375C tj@64.375C soc1@61.937C VDD_IN 17408mW/17446mW VDD_CPU_GPU_CV 8211mW/8305mW VDD_SOC 4040mW/3983mW
08-11-2026 21:22:22 RAM 7089/7607MB (lfb 1x1MB) SWAP 1366/16384MB (cached 118MB) CPU [4%@729,2%@729,1%@729,4%@729,0%@1344,91%@1344] GR3D_FREQ 99% cpu@63.125C soc2@62.187C soc0@62.937C gpu@64.5C tj@64.5C soc1@62.031C VDD_IN 17526mW/17446mW VDD_CPU_GPU_CV 8432mW/8305mW VDD_SOC 3962mW/3983mW
08-11-2026 21:22:23 RAM 7089/7607MB (lfb 1x1MB) SWAP 1366/16384MB (cached 118MB) CPU [4%@729,2%@729,1%@729,3%@729,0%@1344,93%@1344] GR3D_FREQ 99% cpu@63.5C soc2@62.343C soc0@63C gpu@64.781C tj@64.468C soc1@62.062C VDD_IN 17968mW/17447mW VDD_CPU_GPU_CV 8744mW/8306mW VDD_SOC 4073mW/3983mW
08-11-2026 21:22:24 RAM 7092/7607MB (lfb 1x1MB) SWAP 1366/16384MB (cached 118MB) CPU [4%@729,16%@729,3%@729,12%@729,0%@1344,98%@1344] GR3D_FREQ 97% cpu@63.031C soc2@62.375C soc0@63.031C gpu@64.437C tj@64.437C soc1@61.843C VDD_IN 17732mW/17448mW VDD_CPU_GPU_CV 8862mW/8308mW VDD_SOC 3923mW/3983mW
08-11-2026 21:22:25 RAM 7093/7607MB (lfb 1x1MB) SWAP 1366/16384MB (cached 118MB) CPU [3%@729,2%@729,2%@729,5%@729,0%@1344,94%@1344] GR3D_FREQ 98% cpu@63.187C soc2@62.218C soc0@62.906C gpu@64.5C tj@64.5C soc1@61.906C VDD_IN 17732mW/17449mW VDD_CPU_GPU_CV 8744mW/8309mW VDD_SOC 3923mW/3983mW
08-11-2026 21:22:26 RAM 7093/7607MB (lfb 1x1MB) SWAP 1366/16384MB (cached 118MB) CPU [4%@729,2%@729,4%@729,2%@729,0%@1344,92%@1344] GR3D_FREQ 97% cpu@63.312C soc2@62.156C soc0@62.875C gpu@64.375C tj@64.375C soc1@62C VDD_IN 17654mW/17449mW VDD_CPU_GPU_CV 8666mW/8310mW VDD_SOC 3962mW/3982mW
08-11-2026 21:22:27 RAM 7094/7607MB (lfb 1x1MB) SWAP 1366/16384MB (cached 118MB) CPU [3%@729,1%@729,2%@729,4%@729,0%@1344,92%@1344] GR3D_FREQ 97% cpu@63.062C soc2@62.25C soc0@62.968C gpu@64.437C tj@64.437C soc1@62C VDD_IN 17761mW/17450mW VDD_CPU_GPU_CV 8666mW/8311mW VDD_SOC 3962mW/3982mW
08-11-2026 21:22:28 RAM 7094/7607MB (lfb 1x1MB) SWAP 1366/16384MB (cached 118MB) CPU [3%@729,5%@729,1%@729,6%@729,0%@1344,93%@1344] GR3D_FREQ 97% cpu@63.125C soc2@62.25C soc0@62.968C gpu@64.656C tj@64.656C soc1@61.906C VDD_IN 17722mW/17451mW VDD_CPU_GPU_CV 8549mW/8311mW VDD_SOC 4001mW/3982mW
08-11-2026 21:22:29 RAM 7096/7607MB (lfb 1x1MB) SWAP 1366/16384MB (cached 118MB) CPU [6%@729,7%@729,15%@729,11%@729,0%@1344,92%@1344] GR3D_FREQ 97% cpu@63.093C soc2@62.25C soc0@63.062C gpu@64.687C tj@64.687C soc1@61.906C VDD_IN 17850mW/17451mW VDD_CPU_GPU_CV 8627mW/8312mW VDD_SOC 4034mW/3983mW
08-11-2026 21:22:30 RAM 7098/7607MB (lfb 3x1MB) SWAP 1366/16384MB (cached 118MB) CPU [3%@729,8%@729,7%@729,5%@729,0%@1344,92%@1344] GR3D_FREQ 97% cpu@63.187C soc2@62.312C soc0@62.906C gpu@64.593C tj@64.593C soc1@61.906C VDD_IN 17761mW/17452mW VDD_CPU_GPU_CV 8393mW/8312mW VDD_SOC 4040mW/3983mW
08-11-2026 21:22:31 RAM 7099/7607MB (lfb 3x1MB) SWAP 1366/16384MB (cached 118MB) CPU [2%@729,3%@729,1%@729,6%@729,0%@1344,92%@1344] GR3D_FREQ 98% cpu@63.375C soc2@62.156C soc0@62.906C gpu@64.687C tj@64.687C soc1@61.906C VDD_IN 17722mW/17453mW VDD_CPU_GPU_CV 8315mW/8312mW VDD_SOC 4080mW/3983mW
08-11-2026 21:22:32 RAM 7099/7607MB (lfb 3x1MB) SWAP 1366/16384MB (cached 118MB) CPU [2%@729,1%@729,2%@729,4%@729,0%@1344,92%@1344] GR3D_FREQ 98% cpu@63.187C soc2@62.25C soc0@63.031C gpu@64.406C tj@64.406C soc1@62.062C VDD_IN 17604mW/17453mW VDD_CPU_GPU_CV 8172mW/8312mW VDD_SOC 4119mW/3983mW
08-11-2026 21:22:33 RAM 7100/7607MB (lfb 3x1MB) SWAP 1366/16384MB (cached 118MB) CPU [1%@729,1%@729,2%@729,7%@729,0%@1344,92%@1344] GR3D_FREQ 98% cpu@63.125C soc2@62.375C soc0@63.093C gpu@64.375C tj@64.375C soc1@61.968C VDD_IN 17565mW/17454mW VDD_CPU_GPU_CV 8016mW/8311mW VDD_SOC 4197mW/3984mW
08-11-2026 21:22:34 RAM 7100/7607MB (lfb 3x1MB) SWAP 1366/16384MB (cached 118MB) CPU [3%@1267,3%@1190,2%@1190,7%@1190,0%@1344,91%@1344] GR3D_FREQ 99% cpu@63.531C soc2@62.312C soc0@62.937C gpu@64.25C tj@64.25C soc1@61.937C VDD_IN 17565mW/17454mW VDD_CPU_GPU_CV 7781mW/8310mW VDD_SOC 4276mW/3984mW
08-11-2026 21:22:35 RAM 7103/7607MB (lfb 3x1MB) SWAP 1366/16384MB (cached 118MB) CPU [14%@729,4%@729,2%@729,13%@729,0%@1344,93%@1344] GR3D_FREQ 99% cpu@63.75C soc2@62.312C soc0@63C gpu@64.062C tj@64.062C soc1@62C VDD_IN 17526mW/17454mW VDD_CPU_GPU_CV 8172mW/8310mW VDD_SOC 4119mW/3985mW
08-11-2026 21:22:36 RAM 7104/7607MB (lfb 3x1MB) SWAP 1366/16384MB (cached 118MB) CPU [4%@729,2%@729,0%@729,2%@729,0%@1344,91%@1344] GR3D_FREQ 99% cpu@63.312C soc2@62.343C soc0@63.093C gpu@64.468C tj@64.468C soc1@62.125C VDD_IN 17447mW/17454mW VDD_CPU_GPU_CV 8510mW/8310mW VDD_SOC 3923mW/3985mW
08-11-2026 21:22:37 RAM 7104/7607MB (lfb 3x1MB) SWAP 1366/16384MB (cached 118MB) CPU [5%@729,1%@729,1%@729,2%@729,0%@1344,93%@1344] GR3D_FREQ 99% cpu@63.187C soc2@62.437C soc0@63.031C gpu@64.937C tj@64.937C soc1@61.875C VDD_IN 17929mW/17455mW VDD_CPU_GPU_CV 8705mW/8311mW VDD_SOC 4073mW/3985mW
08-11-2026 21:22:38 RAM 7104/7607MB (lfb 3x1MB) SWAP 1366/16384MB (cached 118MB) CPU [3%@729,2%@729,5%@729,2%@729,0%@1344,97%@1344] GR3D_FREQ 97% cpu@63.062C soc2@62.281C soc0@63.093C gpu@64.812C tj@64.812C soc1@61.937C VDD_IN 17722mW/17456mW VDD_CPU_GPU_CV 8744mW/8312mW VDD_SOC 3923mW/3985mW
08-11-2026 21:22:39 RAM 7104/7607MB (lfb 3x1MB) SWAP 1366/16384MB (cached 118MB) CPU [8%@729,4%@729,2%@729,3%@729,0%@1344,95%@1344] GR3D_FREQ 98% cpu@63.281C soc2@62.187C soc0@62.937C gpu@64.937C tj@64.937C soc1@61.968C VDD_IN 17801mW/17457mW VDD_CPU_GPU_CV 8784mW/8313mW VDD_SOC 3923mW/3985mW
08-11-2026 21:22:40 RAM 7105/7607MB (lfb 3x1MB) SWAP 1366/16384MB (cached 118MB) CPU [9%@729,16%@729,3%@729,7%@729,0%@1344,92%@1344] GR3D_FREQ 97% cpu@63.562C soc2@62.218C soc0@63.031C gpu@64.906C tj@64.906C soc1@62C VDD_IN 17850mW/17457mW VDD_CPU_GPU_CV 8784mW/8314mW VDD_SOC 3962mW/3985mW
08-11-2026 21:22:41 RAM 7105/7607MB (lfb 3x1MB) SWAP 1366/16384MB (cached 118MB) CPU [1%@1344,3%@1344,1%@1344,5%@1344,0%@1344,92%@1344] GR3D_FREQ 98% cpu@63.25C soc2@62.281C soc0@63.031C gpu@64.937C tj@64.937C soc1@62.093C VDD_IN 17801mW/17458mW VDD_CPU_GPU_CV 8705mW/8315mW VDD_SOC 3962mW/3984mW
08-11-2026 21:22:42 RAM 7106/7607MB (lfb 3x1MB) SWAP 1366/16384MB (cached 118MB) CPU [2%@729,3%@729,1%@729,5%@729,0%@1344,93%@1344] GR3D_FREQ 98% cpu@63.125C soc2@62.375C soc0@63C gpu@64.718C tj@64.718C soc1@61.906C VDD_IN 17761mW/17459mW VDD_CPU_GPU_CV 8588mW/8316mW VDD_SOC 4001mW/3985mW
08-11-2026 21:22:43 RAM 7106/7607MB (lfb 3x1MB) SWAP 1366/16384MB (cached 118MB) CPU [5%@729,3%@729,2%@729,2%@729,0%@1344,92%@1344] GR3D_FREQ 97% cpu@63.187C soc2@62.312C soc0@63.093C gpu@64.656C tj@64.656C soc1@61.937C VDD_IN 17801mW/17460mW VDD_CPU_GPU_CV 8588mW/8316mW VDD_SOC 4001mW/3985mW
08-11-2026 21:22:44 RAM 7107/7607MB (lfb 3x1MB) SWAP 1366/16384MB (cached 118MB) CPU [5%@729,3%@729,2%@729,3%@729,0%@1344,92%@1344] GR3D_FREQ 98% cpu@63.218C soc2@62.312C soc0@63.062C gpu@64.625C tj@64.625C soc1@62.093C VDD_IN 17693mW/17460mW VDD_CPU_GPU_CV 8471mW/8317mW VDD_SOC 4040mW/3985mW
08-11-2026 21:22:45 RAM 7107/7607MB (lfb 3x1MB) SWAP 1366/16384MB (cached 118MB) CPU [16%@806,2%@806,3%@806,3%@806,0%@1344,93%@1344] GR3D_FREQ 97% cpu@63.562C soc2@62.375C soc0@62.937C gpu@64.656C tj@64.656C soc1@62.031C VDD_IN 17850mW/17461mW VDD_CPU_GPU_CV 8510mW/8317mW VDD_SOC 4073mW/3985mW
08-11-2026 21:22:46 RAM 7109/7607MB (lfb 3x1MB) SWAP 1366/16384MB (cached 118MB) CPU [7%@729,4%@729,3%@729,7%@729,1%@1344,92%@1344] GR3D_FREQ 98% cpu@63.25C soc2@62.312C soc0@63.093C gpu@64.437C tj@64.437C soc1@62.187C VDD_IN 17722mW/17462mW VDD_CPU_GPU_CV 8276mW/8317mW VDD_SOC 4119mW/3985mW
08-11-2026 21:22:47 RAM 7109/7607MB (lfb 3x1MB) SWAP 1366/16384MB (cached 118MB) CPU [2%@729,3%@729,3%@729,1%@729,0%@1344,91%@1344] GR3D_FREQ 97% cpu@63.218C soc2@62.25C soc0@63.062C gpu@64.375C tj@64.375C soc1@61.937C VDD_IN 17643mW/17462mW VDD_CPU_GPU_CV 8120mW/8317mW VDD_SOC 4158mW/3986mW
08-11-2026 21:22:48 RAM 7110/7607MB (lfb 3x1MB) SWAP 1366/16384MB (cached 118MB) CPU [2%@729,1%@729,1%@729,4%@729,0%@1344,92%@1344] GR3D_FREQ 98% cpu@63.531C soc2@62.312C soc0@63C gpu@64.343C tj@64.343C soc1@61.968C VDD_IN 17604mW/17463mW VDD_CPU_GPU_CV 7899mW/8316mW VDD_SOC 4237mW/3986mW
08-11-2026 21:22:49 RAM 7110/7607MB (lfb 3x1MB) SWAP 1366/16384MB (cached 118MB) CPU [3%@729,3%@729,3%@729,5%@729,0%@1344,92%@1344] GR3D_FREQ 99% cpu@63.593C soc2@62.281C soc0@63.031C gpu@63.937C tj@64.093C soc1@62.062C VDD_IN 17447mW/17462mW VDD_CPU_GPU_CV 7859mW/8315mW VDD_SOC 4197mW/3987mW
08-11-2026 21:22:50 RAM 7111/7607MB (lfb 3x1MB) SWAP 1366/16384MB (cached 118MB) CPU [1%@729,3%@729,8%@729,2%@729,0%@1344,92%@1344] GR3D_FREQ 99% cpu@63.593C soc2@62.375C soc0@63.031C gpu@64.625C tj@64.625C soc1@62.062C VDD_IN 17486mW/17463mW VDD_CPU_GPU_CV 8432mW/8315mW VDD_SOC 4001mW/3987mW
08-11-2026 21:22:51 RAM 7113/7607MB (lfb 3x1MB) SWAP 1366/16384MB (cached 118MB) CPU [10%@729,17%@729,3%@729,7%@729,0%@1344,92%@1344] GR3D_FREQ 99% cpu@63.093C soc2@62.406C soc0@63.093C gpu@64.718C tj@64.718C soc1@61.937C VDD_IN 17722mW/17463mW VDD_CPU_GPU_CV 8588mW/8316mW VDD_SOC 4001mW/3987mW
08-11-2026 21:22:52 RAM 7113/7607MB (lfb 3x1MB) SWAP 1366/16384MB (cached 118MB) CPU [5%@729,2%@729,0%@729,3%@729,0%@806,93%@806] GR3D_FREQ 99% cpu@63.125C soc2@62.281C soc0@63.062C gpu@64.781C tj@64.781C soc1@61.968C VDD_IN 17850mW/17464mW VDD_CPU_GPU_CV 8823mW/8317mW VDD_SOC 3955mW/3987mW
08-11-2026 21:22:53 RAM 7113/7607MB (lfb 3x1MB) SWAP 1366/16384MB (cached 118MB) CPU [2%@729,2%@729,7%@729,2%@729,0%@1344,99%@1344] GR3D_FREQ 97% cpu@63.375C soc2@62.281C soc0@62.968C gpu@64.531C tj@64.531C soc1@62C VDD_IN 17772mW/17465mW VDD_CPU_GPU_CV 8823mW/8318mW VDD_SOC 3923mW/3987mW
08-11-2026 21:22:54 RAM 7114/7607MB (lfb 3x1MB) SWAP 1366/16384MB (cached 118MB) CPU [2%@729,1%@729,1%@729,5%@729,0%@1344,92%@1344] GR3D_FREQ 98% cpu@63.218C soc2@62.375C soc0@63C gpu@64.593C tj@64.593C soc1@62.093C VDD_IN 17801mW/17465mW VDD_CPU_GPU_CV 8744mW/8319mW VDD_SOC 3962mW/3986mW
08-11-2026 21:22:55 RAM 7115/7607MB (lfb 3x1MB) SWAP 1366/16384MB (cached 118MB) CPU [1%@729,1%@729,6%@729,2%@729,0%@1344,92%@1344] GR3D_FREQ 97% cpu@63.125C soc2@62.375C soc0@63.093C gpu@64.468C tj@64.468C soc1@62C VDD_IN 17801mW/17466mW VDD_CPU_GPU_CV 8705mW/8320mW VDD_SOC 3962mW/3986mW
08-11-2026 21:22:56 RAM 7104/7607MB (lfb 3x1MB) SWAP 1366/16384MB (cached 118MB) CPU [16%@1344,20%@1344,10%@1344,20%@1344,2%@1344,92%@1344] GR3D_FREQ 98% cpu@63.562C soc2@62.468C soc0@63.156C gpu@64.5C tj@64.5C soc1@61.937C VDD_IN 18242mW/17468mW VDD_CPU_GPU_CV 9057mW/8321mW VDD_SOC 3995mW/3986mW
08-11-2026 21:22:57 RAM 7100/7607MB (lfb 2x1MB) SWAP 1366/16384MB (cached 118MB) CPU [23%@1344,69%@1344,21%@1344,23%@1344,12%@1344,92%@1344] GR3D_FREQ 98% cpu@63.531C soc2@62.468C soc0@63.031C gpu@64.593C tj@64.593C soc1@62C VDD_IN 18517mW/17470mW VDD_CPU_GPU_CV 9174mW/8323mW VDD_SOC 3995mW/3986mW
08-11-2026 21:22:58 RAM 7102/7607MB (lfb 1x1MB) SWAP 1366/16384MB (cached 118MB) CPU [7%@729,6%@729,21%@729,53%@729,0%@1344,92%@1344] GR3D_FREQ 99% cpu@63.562C soc2@62.406C soc0@63.031C gpu@64.781C tj@64.781C soc1@62.031C VDD_IN 18007mW/17472mW VDD_CPU_GPU_CV 8744mW/8324mW VDD_SOC 4034mW/3987mW
08-11-2026 21:22:59 RAM 7106/7607MB (lfb 1x1MB) SWAP 1366/16384MB (cached 118MB) CPU [8%@729,21%@729,6%@729,66%@729,0%@1344,92%@1344] GR3D_FREQ 98% cpu@63.25C soc2@62.375C soc0@63.062C gpu@64.843C tj@64.843C soc1@62.093C VDD_IN 18125mW/17473mW VDD_CPU_GPU_CV 8784mW/8325mW VDD_SOC 4073mW/3987mW
08-11-2026 21:23:00 RAM 7107/7607MB (lfb 1x1MB) SWAP 1366/16384MB (cached 118MB) CPU [2%@729,2%@729,6%@729,1%@729,0%@1344,91%@1344] GR3D_FREQ 99% cpu@63.187C soc2@62.343C soc0@63.093C gpu@64.781C tj@64.781C soc1@62.031C VDD_IN 17722mW/17474mW VDD_CPU_GPU_CV 8237mW/8325mW VDD_SOC 4119mW/3987mW
08-11-2026 21:23:01 RAM 7106/7607MB (lfb 1x1MB) SWAP 1366/16384MB (cached 118MB) CPU [8%@1113,3%@1113,5%@1113,3%@1113,0%@1344,92%@1344] GR3D_FREQ 98% cpu@63.218C soc2@62.312C soc0@63.187C gpu@64.718C tj@64.718C soc1@61.906C VDD_IN 17683mW/17474mW VDD_CPU_GPU_CV 8081mW/8325mW VDD_SOC 4158mW/3987mW
08-11-2026 21:23:02 RAM 7109/7607MB (lfb 1x1MB) SWAP 1366/16384MB (cached 118MB) CPU [7%@1344,18%@1344,18%@1344,26%@1344,3%@1344,91%@1344] GR3D_FREQ 99% cpu@63.468C soc2@62.312C soc0@62.968C gpu@64.625C tj@64.625C soc1@62.031C VDD_IN 17889mW/17475mW VDD_CPU_GPU_CV 8159mW/8324mW VDD_SOC 4269mW/3988mW
08-11-2026 21:23:03 RAM 7106/7607MB (lfb 1x1MB) SWAP 1366/16384MB (cached 118MB) CPU [18%@729,2%@729,7%@729,53%@729,0%@1344,92%@1344] GR3D_FREQ 99% cpu@63.625C soc2@62.375C soc0@63.062C gpu@64.343C tj@64.343C soc1@61.968C VDD_IN 17732mW/17476mW VDD_CPU_GPU_CV 8354mW/8324mW VDD_SOC 4119mW/3988mW
08-11-2026 21:23:04 RAM 7108/7607MB (lfb 1x1MB) SWAP 1366/16384MB (cached 118MB) CPU [2%@729,1%@729,2%@729,6%@729,0%@1344,92%@1344] GR3D_FREQ 99% cpu@63.062C soc2@62.312C soc0@63C gpu@64.906C tj@64.687C soc1@62.156C VDD_IN 17565mW/17476mW VDD_CPU_GPU_CV 8549mW/8325mW VDD_SOC 3962mW/3988mW
08-11-2026 21:23:05 RAM 7108/7607MB (lfb 1x1MB) SWAP 1366/16384MB (cached 118MB) CPU [2%@729,1%@729,6%@729,1%@729,0%@1344,93%@1344] GR3D_FREQ 99% cpu@63.093C soc2@62.375C soc0@63.031C gpu@64.687C tj@64.687C soc1@61.906C VDD_IN 17850mW/17477mW VDD_CPU_GPU_CV 8666mW/8325mW VDD_SOC 4034mW/3988mW
08-11-2026 21:23:06 RAM 7109/7607MB (lfb 1x1MB) SWAP 1366/16384MB (cached 118MB) CPU [4%@729,2%@729,5%@729,1%@729,0%@1113,95%@1113] GR3D_FREQ 97% cpu@63.062C soc2@62.281C soc0@63.125C gpu@64.562C tj@64.562C soc1@61.937C VDD_IN 17683mW/17477mW VDD_CPU_GPU_CV 8666mW/8326mW VDD_SOC 3962mW/3988mW
08-11-2026 21:23:07 RAM 7111/7607MB (lfb 1x1MB) SWAP 1366/16384MB (cached 118MB) CPU [11%@729,15%@729,9%@729,3%@729,0%@1344,96%@1344] GR3D_FREQ 97% cpu@63.25C soc2@62.25C soc0@62.906C gpu@64.687C tj@64.687C soc1@61.968C VDD_IN 17968mW/17478mW VDD_CPU_GPU_CV 8979mW/8328mW VDD_SOC 3955mW/3988mW
08-11-2026 21:23:08 RAM 7114/7607MB (lfb 1x1MB) SWAP 1366/16384MB (cached 118MB) CPU [6%@1344,6%@1344,32%@1344,3%@1344,0%@1344,92%@1344] GR3D_FREQ 97% cpu@63.687C soc2@62.281C soc0@62.968C gpu@64.718C tj@64.718C soc1@61.968C VDD_IN 18085mW/17479mW VDD_CPU_GPU_CV 9018mW/8329mW VDD_SOC 3955mW/3988mW
08-11-2026 21:23:09 RAM 7112/7607MB (lfb 1x1MB) SWAP 1366/16384MB (cached 118MB) CPU [22%@729,10%@729,36%@729,2%@729,0%@1344,92%@1344] GR3D_FREQ 98% cpu@63.156C soc2@62.25C soc0@63.031C gpu@64.718C tj@64.718C soc1@61.968C VDD_IN 17929mW/17480mW VDD_CPU_GPU_CV 8901mW/8330mW VDD_SOC 3955mW/3988mW
08-11-2026 21:23:10 RAM 7113/7607MB (lfb 1x1MB) SWAP 1366/16384MB (cached 118MB) CPU [3%@729,2%@729,3%@729,2%@729,0%@1344,93%@1344] GR3D_FREQ 97% cpu@63.187C soc2@62.375C soc0@63.093C gpu@64.562C tj@64.562C soc1@61.937C VDD_IN 17732mW/17481mW VDD_CPU_GPU_CV 8627mW/8331mW VDD_SOC 3995mW/3988mW
08-11-2026 21:23:11 RAM 7114/7607MB (lfb 1x1MB) SWAP 1366/16384MB (cached 118MB) CPU [3%@729,1%@729,4%@729,3%@729,0%@1344,92%@1344] GR3D_FREQ 98% cpu@63.281C soc2@62.218C soc0@63.156C gpu@64.468C tj@64.468C soc1@61.906C VDD_IN 17772mW/17482mW VDD_CPU_GPU_CV 8549mW/8332mW VDD_SOC 4001mW/3988mW
08-11-2026 21:23:12 RAM 7114/7607MB (lfb 1x1MB) SWAP 1366/16384MB (cached 118MB) CPU [2%@729,2%@729,8%@729,1%@729,0%@1344,92%@1344] GR3D_FREQ 99% cpu@63.187C soc2@62.375C soc0@63.093C gpu@64.468C tj@64.468C soc1@61.937C VDD_IN 17761mW/17482mW VDD_CPU_GPU_CV 8471mW/8332mW VDD_SOC 4040mW/3988mW
08-11-2026 21:23:13 RAM 7115/7607MB (lfb 1x1MB) SWAP 1366/16384MB (cached 118MB) CPU [5%@729,16%@729,6%@729,11%@729,4%@1344,92%@1344] GR3D_FREQ 98% cpu@63.406C soc2@62.25C soc0@63.031C gpu@64.5C tj@64.5C soc1@62.062C VDD_IN 17811mW/17483mW VDD_CPU_GPU_CV 8471mW/8332mW VDD_SOC 4080mW/3988mW
08-11-2026 21:23:14 RAM 7118/7607MB (lfb 1x1MB) SWAP 1366/16384MB (cached 118MB) CPU [45%@1344,5%@1344,5%@1344,3%@1344,0%@1344,92%@1344] GR3D_FREQ 98% cpu@63.25C soc2@62.5C soc0@63.062C gpu@64.406C tj@64.406C soc1@62.156C VDD_IN 18046mW/17484mW VDD_CPU_GPU_CV 8588mW/8333mW VDD_SOC 4112mW/3989mW
08-11-2026 21:23:15 RAM 7119/7607MB (lfb 1x1MB) SWAP 1366/16384MB (cached 118MB) CPU [26%@729,21%@729,6%@729,7%@729,0%@1344,92%@1344] GR3D_FREQ 97% cpu@63.281C soc2@62.312C soc0@63.062C gpu@64.468C tj@64.468C soc1@61.937C VDD_IN 17811mW/17485mW VDD_CPU_GPU_CV 8237mW/8333mW VDD_SOC 4151mW/3989mW
08-11-2026 21:23:16 RAM 7120/7607MB (lfb 1x1MB) SWAP 1366/16384MB (cached 118MB) CPU [3%@729,2%@729,4%@729,1%@729,0%@1344,92%@1344] GR3D_FREQ 98% cpu@63.406C soc2@62.25C soc0@62.968C gpu@64.5C tj@64.5C soc1@61.937C VDD_IN 17643mW/17485mW VDD_CPU_GPU_CV 7859mW/8331mW VDD_SOC 4237mW/3990mW
08-11-2026 21:23:17 RAM 7120/7607MB (lfb 1x1MB) SWAP 1366/16384MB (cached 118MB) CPU [2%@729,1%@729,5%@729,2%@729,0%@1344,92%@1344] GR3D_FREQ 99% cpu@63.5C soc2@62.375C soc0@62.968C gpu@64.093C tj@64.093C soc1@62C VDD_IN 17486mW/17485mW VDD_CPU_GPU_CV 8016mW/8331mW VDD_SOC 4158mW/3990mW
08-11-2026 21:23:18 RAM 7117/7607MB (lfb 1x1MB) SWAP 1366/16384MB (cached 118MB) CPU [6%@729,5%@729,12%@729,17%@729,1%@1344,92%@1344] GR3D_FREQ 99% cpu@63.343C soc2@62.281C soc0@62.968C gpu@64.656C tj@64.656C soc1@61.968C VDD_IN 17722mW/17486mW VDD_CPU_GPU_CV 8627mW/8331mW VDD_SOC 4001mW/3990mW
08-11-2026 21:23:19 RAM 7118/7607MB (lfb 1x1MB) SWAP 1366/16384MB (cached 118MB) CPU [3%@729,1%@729,1%@729,4%@729,2%@1344,93%@1344] GR3D_FREQ 99% cpu@63.062C soc2@62.281C soc0@63C gpu@64.625C tj@64.625C soc1@62.062C VDD_IN 17693mW/17486mW VDD_CPU_GPU_CV 8627mW/8332mW VDD_SOC 4001mW/3990mW
08-11-2026 21:23:20 RAM 7120/7607MB (lfb 1x1MB) SWAP 1366/16384MB (cached 118MB) CPU [5%@1344,5%@1344,57%@1344,4%@1344,0%@883,94%@883] GR3D_FREQ 98% cpu@63.593C soc2@62.468C soc0@63.031C gpu@64.875C tj@64.875C soc1@61.843C VDD_IN 18203mW/17488mW VDD_CPU_GPU_CV 9135mW/8334mW VDD_SOC 3955mW/3990mW
08-11-2026 21:23:21 RAM 7121/7607MB (lfb 1x1MB) SWAP 1366/16384MB (cached 118MB) CPU [6%@729,20%@729,14%@729,4%@729,2%@1344,97%@1344] GR3D_FREQ 97% cpu@63.312C soc2@62.343C soc0@62.937C gpu@64.5C tj@64.5C soc1@61.968C VDD_IN 17889mW/17489mW VDD_CPU_GPU_CV 8901mW/8335mW VDD_SOC 3923mW/3990mW
08-11-2026 21:23:22 RAM 7122/7607MB (lfb 1x1MB) SWAP 1366/16384MB (cached 118MB) CPU [0%@729,3%@729,3%@729,2%@729,0%@1344,92%@1344] GR3D_FREQ 99% cpu@63.531C soc2@62.281C soc0@63C gpu@64.593C tj@64.593C soc1@62C VDD_IN 17732mW/17489mW VDD_CPU_GPU_CV 8784mW/8336mW VDD_SOC 3962mW/3990mW
08-11-2026 21:23:23 RAM 7123/7607MB (lfb 1x1MB) SWAP 1366/16384MB (cached 118MB) CPU [4%@729,3%@729,7%@729,2%@729,0%@1344,92%@1344] GR3D_FREQ 97% cpu@63.406C soc2@62.406C soc0@62.968C gpu@64.531C tj@64.531C soc1@61.937C VDD_IN 17811mW/17490mW VDD_CPU_GPU_CV 8744mW/8337mW VDD_SOC 3962mW/3990mW
08-11-2026 21:23:24 RAM 7125/7607MB (lfb 1x1MB) SWAP 1366/16384MB (cached 118MB) CPU [3%@729,6%@729,12%@729,15%@729,1%@1344,92%@1344] GR3D_FREQ 98% cpu@63.125C soc2@62.281C soc0@63.093C gpu@64.531C tj@64.531C soc1@62C VDD_IN 17772mW/17490mW VDD_CPU_GPU_CV 8666mW/8338mW VDD_SOC 4001mW/3990mW
08-11-2026 21:23:25 RAM 7126/7607MB (lfb 1x1MB) SWAP 1366/16384MB (cached 118MB) CPU [3%@729,1%@729,4%@729,1%@729,0%@1344,92%@1344] GR3D_FREQ 97% cpu@63.156C soc2@62.25C soc0@63.093C gpu@64.562C tj@64.562C soc1@62.031C VDD_IN 17772mW/17491mW VDD_CPU_GPU_CV 8588mW/8338mW VDD_SOC 4001mW/3990mW
08-11-2026 21:23:26 RAM 7127/7607MB (lfb 1x1MB) SWAP 1366/16384MB (cached 118MB) CPU [8%@1344,5%@1344,3%@1344,66%@1344,1%@1344,92%@1344] GR3D_FREQ 97% cpu@63.562C soc2@62.343C soc0@63C gpu@64.593C tj@64.593C soc1@61.937C VDD_IN 18203mW/17493mW VDD_CPU_GPU_CV 8940mW/8339mW VDD_SOC 4034mW/3990mW
08-11-2026 21:23:27 RAM 7128/7607MB (lfb 1x1MB) SWAP 1366/16384MB (cached 118MB) CPU [5%@729,5%@729,19%@729,5%@729,0%@1344,91%@1344] GR3D_FREQ 97% cpu@63.593C soc2@62.406C soc0@62.968C gpu@64.843C tj@64.843C soc1@62C VDD_IN 17772mW/17493mW VDD_CPU_GPU_CV 8471mW/8340mW VDD_SOC 4080mW/3990mW
08-11-2026 21:23:28 RAM 7127/7607MB (lfb 1x1MB) SWAP 1366/16384MB (cached 118MB) CPU [1%@729,3%@729,4%@729,4%@729,0%@1344,93%@1344] GR3D_FREQ 97% cpu@63.406C soc2@62.281C soc0@63C gpu@64.718C tj@64.718C soc1@62.062C VDD_IN 17722mW/17494mW VDD_CPU_GPU_CV 8237mW/8339mW VDD_SOC 4119mW/3990mW
08-11-2026 21:23:29 RAM 7129/7607MB (lfb 1x1MB) SWAP 1366/16384MB (cached 118MB) CPU [8%@729,18%@729,6%@729,6%@729,0%@1344,92%@1344] GR3D_FREQ 97% cpu@63.156C soc2@62.281C soc0@63.031C gpu@64.781C tj@64.781C soc1@61.937C VDD_IN 17732mW/17494mW VDD_CPU_GPU_CV 8237mW/8339mW VDD_SOC 4158mW/3991mW
08-11-2026 21:23:30 RAM 7131/7607MB (lfb 1x1MB) SWAP 1366/16384MB (cached 118MB) CPU [5%@729,1%@729,2%@729,3%@729,0%@1344,92%@1344] GR3D_FREQ 97% cpu@63.406C soc2@62.343C soc0@63.093C gpu@64.781C tj@64.781C soc1@61.937C VDD_IN 17604mW/17494mW VDD_CPU_GPU_CV 7925mW/8338mW VDD_SOC 4237mW/3991mW
08-11-2026 21:23:31 RAM 7131/7607MB (lfb 1x1MB) SWAP 1366/16384MB (cached 118MB) CPU [1%@729,1%@729,3%@729,5%@729,0%@1344,92%@1344] GR3D_FREQ 99% cpu@63.593C soc2@62.312C soc0@62.906C gpu@64.281C tj@64.281C soc1@62C VDD_IN 17486mW/17494mW VDD_CPU_GPU_CV 7820mW/8337mW VDD_SOC 4237mW/3992mW
08-11-2026 21:23:32 RAM 7132/7607MB (lfb 1x1MB) SWAP 1366/16384MB (cached 118MB) CPU [2%@729,1%@729,2%@729,4%@729,0%@1344,92%@1344] GR3D_FREQ 99% cpu@63.562C soc2@62.312C soc0@63.031C gpu@64.781C tj@64.468C soc1@62.031C VDD_IN 17526mW/17494mW VDD_CPU_GPU_CV 8393mW/8337mW VDD_SOC 4001mW/3992mW
08-11-2026 21:23:33 RAM 7132/7607MB (lfb 1x1MB) SWAP 1366/16384MB (cached 118MB) CPU [1%@729,2%@729,2%@729,5%@729,0%@1344,92%@1344] GR3D_FREQ 99% cpu@63.312C soc2@62.343C soc0@63.031C gpu@64.625C tj@64.625C soc1@62.031C VDD_IN 17604mW/17495mW VDD_CPU_GPU_CV 8549mW/8338mW VDD_SOC 4001mW/3992mW
08-11-2026 21:23:34 RAM 7133/7607MB (lfb 1x1MB) SWAP 1366/16384MB (cached 118MB) CPU [5%@883,4%@883,7%@883,12%@883,0%@729,93%@729] GR3D_FREQ 99% cpu@63.187C soc2@62.406C soc0@63.093C gpu@64.875C tj@64.875C soc1@61.968C VDD_IN 18085mW/17496mW VDD_CPU_GPU_CV 9018mW/8339mW VDD_SOC 3995mW/3992mW
08-11-2026 21:23:36 RAM 7133/7607MB (lfb 1x1MB) SWAP 1366/16384MB (cached 118MB) CPU [5%@729,6%@729,3%@729,7%@729,0%@1344,99%@1344] GR3D_FREQ 97% cpu@63.156C soc2@62.218C soc0@63.093C gpu@64.687C tj@64.687C soc1@61.906C VDD_IN 17811mW/17496mW VDD_CPU_GPU_CV 8862mW/8340mW VDD_SOC 3916mW/3992mW
08-11-2026 21:23:37 RAM 7134/7607MB (lfb 1x1MB) SWAP 1366/16384MB (cached 118MB) CPU [2%@729,1%@729,6%@729,2%@729,0%@1344,92%@1344] GR3D_FREQ 98% cpu@63.281C soc2@62.187C soc0@62.906C gpu@64.687C tj@64.687C soc1@62.031C VDD_IN 17772mW/17497mW VDD_CPU_GPU_CV 8784mW/8341mW VDD_SOC 3962mW/3992mW
08-11-2026 21:23:38 RAM 7134/7607MB (lfb 1x1MB) SWAP 1366/16384MB (cached 118MB) CPU [3%@729,1%@729,2%@729,4%@729,0%@1344,93%@1344] GR3D_FREQ 97% cpu@63.531C soc2@62.281C soc0@62.968C gpu@64.687C tj@64.687C soc1@61.937C VDD_IN 17772mW/17498mW VDD_CPU_GPU_CV 8744mW/8342mW VDD_SOC 3955mW/3991mW
08-11-2026 21:23:39 RAM 7135/7607MB (lfb 1x1MB) SWAP 1366/16384MB (cached 118MB) CPU [2%@729,3%@729,5%@729,2%@729,0%@1344,92%@1344] GR3D_FREQ 97% cpu@63.25C soc2@62.281C soc0@63.093C gpu@64.593C tj@64.593C soc1@62.156C VDD_IN 17732mW/17498mW VDD_CPU_GPU_CV 8666mW/8343mW VDD_SOC 4001mW/3991mW
08-11-2026 21:23:40 RAM 7135/7607MB (lfb 1x1MB) SWAP 1366/16384MB (cached 118MB) CPU [2%@729,1%@729,5%@729,2%@729,0%@1344,92%@1344] GR3D_FREQ 97% cpu@63.093C soc2@62.375C soc0@63.062C gpu@64.562C tj@64.562C soc1@61.906C VDD_IN 17772mW/17499mW VDD_CPU_GPU_CV 8627mW/8343mW VDD_SOC 3995mW/3991mW
08-11-2026 21:23:41 RAM 7136/7607MB (lfb 1x1MB) SWAP 1366/16384MB (cached 118MB) CPU [21%@729,5%@729,4%@729,9%@729,0%@1344,92%@1344] GR3D_FREQ 98% cpu@63.25C soc2@62.312C soc0@63.125C gpu@64.562C tj@64.562C soc1@61.968C VDD_IN 17811mW/17499mW VDD_CPU_GPU_CV 8549mW/8344mW VDD_SOC 4034mW/3992mW
08-11-2026 21:23:42 RAM 7137/7607MB (lfb 1x1MB) SWAP 1366/16384MB (cached 118MB) CPU [2%@729,2%@729,1%@729,5%@729,0%@1344,93%@1344] GR3D_FREQ 98% cpu@63.343C soc2@62.25C soc0@62.968C gpu@64.531C tj@64.531C soc1@62.031C VDD_IN 17722mW/17500mW VDD_CPU_GPU_CV 8393mW/8344mW VDD_SOC 4040mW/3992mW
08-11-2026 21:23:43 RAM 7114/7607MB (lfb 1x1MB) SWAP 1366/16384MB (cached 118MB) CPU [3%@729,5%@729,1%@729,1%@729,0%@1344,92%@1344] GR3D_FREQ 97% cpu@63.5C soc2@62.281C soc0@63C gpu@64.562C tj@64.562C soc1@62C VDD_IN 17722mW/17500mW VDD_CPU_GPU_CV 8276mW/8344mW VDD_SOC 4112mW/3992mW
08-11-2026 21:23:44 RAM 7117/7607MB (lfb 1x1MB) SWAP 1366/16384MB (cached 118MB) CPU [2%@729,1%@729,5%@729,1%@729,0%@1344,92%@1344] GR3D_FREQ 97% cpu@63.218C soc2@62.375C soc0@63C gpu@64.406C tj@64.406C soc1@62.062C VDD_IN 17643mW/17501mW VDD_CPU_GPU_CV 8120mW/8343mW VDD_SOC 4119mW/3992mW
08-11-2026 21:23:45 RAM 7118/7607MB (lfb 1x1MB) SWAP 1366/16384MB (cached 118MB) CPU [2%@729,3%@729,5%@729,1%@729,0%@1344,92%@1344] GR3D_FREQ 97% cpu@63.25C soc2@62.187C soc0@63.093C gpu@64.562C tj@64.562C soc1@61.906C VDD_IN 17683mW/17501mW VDD_CPU_GPU_CV 8003mW/8343mW VDD_SOC 4197mW/3993mW
08-11-2026 21:23:46 RAM 7123/7607MB (lfb 1x1MB) SWAP 1366/16384MB (cached 118MB) CPU [4%@729,19%@729,5%@729,7%@729,2%@1344,93%@1344] GR3D_FREQ 99% cpu@63.531C soc2@62.343C soc0@63.062C gpu@64.093C tj@64.093C soc1@61.968C VDD_IN 17722mW/17501mW VDD_CPU_GPU_CV 7886mW/8342mW VDD_SOC 4276mW/3993mW
08-11-2026 21:23:47 RAM 7124/7607MB (lfb 1x1MB) SWAP 1366/16384MB (cached 118MB) CPU [4%@729,1%@729,3%@729,4%@729,0%@1344,91%@1344] GR3D_FREQ 99% cpu@63.437C soc2@62.406C soc0@62.937C gpu@64.531C tj@64.531C soc1@62.031C VDD_IN 17526mW/17501mW VDD_CPU_GPU_CV 8276mW/8341mW VDD_SOC 4040mW/3993mW
08-11-2026 21:23:48 RAM 7125/7607MB (lfb 1x1MB) SWAP 1366/16384MB (cached 118MB) CPU [1%@729,2%@729,2%@729,4%@729,0%@1344,93%@1344] GR3D_FREQ 99% cpu@63.437C soc2@62.25C soc0@63C gpu@64.75C tj@64.75C soc1@62C VDD_IN 17604mW/17502mW VDD_CPU_GPU_CV 8549mW/8342mW VDD_SOC 3962mW/3993mW
08-11-2026 21:23:49 RAM 7125/7607MB (lfb 1x1MB) SWAP 1366/16384MB (cached 118MB) CPU [2%@729,6%@729,2%@729,1%@729,0%@1344,92%@1344] GR3D_FREQ 99% cpu@63.125C soc2@62.375C soc0@62.875C gpu@64.906C tj@64.906C soc1@62.031C VDD_IN 18046mW/17503mW VDD_CPU_GPU_CV 8823mW/8343mW VDD_SOC 4073mW/3993mW
08-11-2026 21:23:50 RAM 7125/7607MB (lfb 1x1MB) SWAP 1366/16384MB (cached 118MB) CPU [1%@729,3%@729,2%@729,2%@729,0%@1344,99%@1344] GR3D_FREQ 97% cpu@63.156C soc2@62.312C soc0@63C gpu@64.625C tj@64.625C soc1@62C VDD_IN 17811mW/17503mW VDD_CPU_GPU_CV 8862mW/8344mW VDD_SOC 3923mW/3993mW
08-11-2026 21:23:51 RAM 7131/7607MB (lfb 1x1MB) SWAP 1366/16384MB (cached 118MB) CPU [2%@729,2%@729,2%@729,5%@729,3%@1344,93%@1344] GR3D_FREQ 97% cpu@63.218C soc2@62.281C soc0@62.906C gpu@64.531C tj@64.531C soc1@62.031C VDD_IN 17811mW/17504mW VDD_CPU_GPU_CV 8784mW/8345mW VDD_SOC 3962mW/3993mW
08-11-2026 21:23:52 RAM 7133/7607MB (lfb 1x1MB) SWAP 1366/16384MB (cached 118MB) CPU [6%@729,10%@729,8%@729,13%@729,0%@1344,92%@1344] GR3D_FREQ 97% cpu@63.281C soc2@62.312C soc0@62.968C gpu@64.656C tj@64.656C soc1@62.031C VDD_IN 17850mW/17505mW VDD_CPU_GPU_CV 8823mW/8346mW VDD_SOC 3955mW/3993mW
08-11-2026 21:23:53 RAM 7134/7607MB (lfb 1x1MB) SWAP 1366/16384MB (cached 118MB) CPU [3%@729,1%@729,0%@729,7%@729,0%@1344,93%@1344] GR3D_FREQ 98% cpu@63.468C soc2@62.25C soc0@62.968C gpu@64.687C tj@64.687C soc1@62.031C VDD_IN 17772mW/17505mW VDD_CPU_GPU_CV 8666mW/8346mW VDD_SOC 4001mW/3993mW
08-11-2026 21:23:54 RAM 7135/7607MB (lfb 1x1MB) SWAP 1366/16384MB (cached 118MB) CPU [3%@729,2%@729,2%@729,3%@729,0%@1344,91%@1344] GR3D_FREQ 97% cpu@63.156C soc2@62.312C soc0@63.031C gpu@64.625C tj@64.625C soc1@62.156C VDD_IN 17761mW/17506mW VDD_CPU_GPU_CV 8627mW/8347mW VDD_SOC 4001mW/3993mW
08-11-2026 21:23:55 RAM 7136/7607MB (lfb 1x1MB) SWAP 1366/16384MB (cached 118MB) CPU [4%@729,4%@729,1%@729,2%@729,0%@1344,92%@1344] GR3D_FREQ 98% cpu@63.218C soc2@62.406C soc0@63.093C gpu@64.656C tj@64.656C soc1@61.968C VDD_IN 17761mW/17506mW VDD_CPU_GPU_CV 8510mW/8347mW VDD_SOC 4040mW/3993mW
08-11-2026 21:23:56 RAM 7132/7607MB (lfb 1x1MB) SWAP 1366/16384MB (cached 118MB) CPU [2%@729,6%@729,1%@729,2%@729,0%@1344,93%@1344] GR3D_FREQ 97% cpu@63.312C soc2@62.187C soc0@62.968C gpu@64.812C tj@64.812C soc1@61.937C VDD_IN 17683mW/17507mW VDD_CPU_GPU_CV 8432mW/8347mW VDD_SOC 4040mW/3993mW
08-11-2026 21:23:57 RAM 7135/7607MB (lfb 1x1MB) SWAP 1366/16384MB (cached 118MB) CPU [15%@729,13%@729,8%@729,7%@729,0%@1344,92%@1344] GR3D_FREQ 97% cpu@63.312C soc2@62.281C soc0@63.031C gpu@64.937C tj@64.937C soc1@62.031C VDD_IN 17811mW/17507mW VDD_CPU_GPU_CV 8432mW/8348mW VDD_SOC 4112mW/3994mW
08-11-2026 21:23:58 RAM 7135/7607MB (lfb 1x1MB) SWAP 1366/16384MB (cached 118MB) CPU [2%@729,3%@729,2%@729,1%@729,0%@1344,92%@1344] GR3D_FREQ 97% cpu@63.468C soc2@62.375C soc0@62.968C gpu@64.875C tj@64.875C soc1@62C VDD_IN 17643mW/17507mW VDD_CPU_GPU_CV 8120mW/8347mW VDD_SOC 4158mW/3994mW
08-11-2026 21:23:59 RAM 7136/7607MB (lfb 1x1MB) SWAP 1366/16384MB (cached 118MB) CPU [3%@729,0%@729,3%@729,6%@729,0%@1344,92%@1344] GR3D_FREQ 97% cpu@63.218C soc2@62.281C soc0@63.093C gpu@64.875C tj@64.875C soc1@62.093C VDD_IN 17643mW/17508mW VDD_CPU_GPU_CV 8003mW/8347mW VDD_SOC 4197mW/3994mW
08-11-2026 21:24:00 RAM 7136/7607MB (lfb 1x1MB) SWAP 1366/16384MB (cached 118MB) CPU [2%@729,2%@729,3%@729,5%@729,0%@1344,92%@1344] GR3D_FREQ 99% cpu@63.562C soc2@62.343C soc0@63.156C gpu@63.906C tj@63.906C soc1@61.968C VDD_IN 17486mW/17508mW VDD_CPU_GPU_CV 7664mW/8345mW VDD_SOC 4276mW/3995mW
08-11-2026 21:24:01 RAM 7136/7607MB (lfb 1x1MB) SWAP 1366/16384MB (cached 118MB) CPU [2%@729,0%@729,3%@729,7%@729,0%@1344,93%@1344] GR3D_FREQ 99% cpu@63.562C soc2@62.312C soc0@63.031C gpu@64.468C tj@64.468C soc1@61.968C VDD_IN 17526mW/17508mW VDD_CPU_GPU_CV 8329mW/8345mW VDD_SOC 4040mW/3995mW
08-11-2026 21:24:02 RAM 7136/7607MB (lfb 1x1MB) SWAP 1366/16384MB (cached 118MB) CPU [2%@729,2%@729,2%@729,4%@729,0%@1344,92%@1344] GR3D_FREQ 99% cpu@63.25C soc2@62.281C soc0@62.968C gpu@64.687C tj@64.687C soc1@61.968C VDD_IN 17565mW/17508mW VDD_CPU_GPU_CV 8549mW/8346mW VDD_SOC 3962mW/3995mW
08-11-2026 21:24:03 RAM 7145/7607MB (lfb 1x1MB) SWAP 1366/16384MB (cached 118MB) CPU [5%@729,11%@729,17%@729,8%@729,0%@1344,92%@1344] GR3D_FREQ 99% cpu@63.468C soc2@62.312C soc0@63.031C gpu@64.75C tj@64.75C soc1@62.156C VDD_IN 18085mW/17509mW VDD_CPU_GPU_CV 8823mW/8346mW VDD_SOC 4073mW/3995mW
08-11-2026 21:24:04 RAM 7145/7607MB (lfb 1x1MB) SWAP 1366/16384MB (cached 118MB) CPU [1%@729,5%@729,3%@729,2%@729,0%@1344,98%@1344] GR3D_FREQ 97% cpu@63.062C soc2@62.343C soc0@63.093C gpu@64.812C tj@64.812C soc1@62.156C VDD_IN 17811mW/17510mW VDD_CPU_GPU_CV 8823mW/8347mW VDD_SOC 3923mW/3995mW
08-11-2026 21:24:05 RAM 7146/7607MB (lfb 1x1MB) SWAP 1366/16384MB (cached 118MB) CPU [2%@729,4%@729,2%@729,2%@729,0%@1344,94%@1344] GR3D_FREQ 97% cpu@63.281C soc2@62.343C soc0@63.093C gpu@64.812C tj@64.812C soc1@61.937C VDD_IN 17772mW/17510mW VDD_CPU_GPU_CV 8784mW/8348mW VDD_SOC 3962mW/3995mW
08-11-2026 21:24:06 RAM 7146/7607MB (lfb 1x1MB) SWAP 1366/16384MB (cached 118MB) CPU [4%@729,6%@729,2%@729,3%@729,0%@1344,93%@1344] GR3D_FREQ 97% cpu@63.312C soc2@62.343C soc0@62.968C gpu@64.75C tj@64.5C soc1@62.031C VDD_IN 17732mW/17510mW VDD_CPU_GPU_CV 8744mW/8349mW VDD_SOC 3962mW/3995mW
08-11-2026 21:24:07 RAM 7127/7607MB (lfb 1x1MB) SWAP 1366/16384MB (cached 118MB) CPU [1%@729,7%@729,1%@729,4%@729,0%@1344,91%@1344] GR3D_FREQ 98% cpu@63.156C soc2@62.281C soc0@63.062C gpu@64.531C tj@64.531C soc1@62.031C VDD_IN 17772mW/17511mW VDD_CPU_GPU_CV 8666mW/8350mW VDD_SOC 4001mW/3995mW
08-11-2026 21:24:08 RAM 7134/7607MB (lfb 1x1MB) SWAP 1366/16384MB (cached 118MB) CPU [7%@729,5%@729,18%@729,7%@729,0%@1344,92%@1344] GR3D_FREQ 97% cpu@63.437C soc2@62.375C soc0@63.093C gpu@64.562C tj@64.562C soc1@62.093C VDD_IN 17811mW/17512mW VDD_CPU_GPU_CV 8666mW/8350mW VDD_SOC 3995mW/3995mW
08-11-2026 21:24:09 RAM 7135/7607MB (lfb 1x1MB) SWAP 1366/16384MB (cached 118MB) CPU [1%@729,5%@729,3%@729,3%@729,0%@1344,92%@1344] GR3D_FREQ 98% cpu@63.156C soc2@62.343C soc0@63.093C gpu@64.593C tj@64.593C soc1@62.125C VDD_IN 17732mW/17512mW VDD_CPU_GPU_CV 8549mW/8351mW VDD_SOC 4040mW/3995mW
08-11-2026 21:24:10 RAM 7135/7607MB (lfb 1x1MB) SWAP 1366/16384MB (cached 118MB) CPU [9%@729,1%@729,0%@729,2%@729,2%@1344,92%@1344] GR3D_FREQ 97% cpu@63.25C soc2@62.25C soc0@63.156C gpu@64.468C tj@64.468C soc1@62C VDD_IN 17683mW/17512mW VDD_CPU_GPU_CV 8393mW/8351mW VDD_SOC 4080mW/3995mW
08-11-2026 21:24:11 RAM 7138/7607MB (lfb 1x1MB) SWAP 1366/16384MB (cached 118MB) CPU [8%@729,2%@729,3%@729,1%@729,0%@1344,92%@1344] GR3D_FREQ 97% cpu@63.406C soc2@62.25C soc0@63.093C gpu@64.562C tj@64.781C soc1@62.031C VDD_IN 17693mW/17513mW VDD_CPU_GPU_CV 8354mW/8351mW VDD_SOC 4080mW/3995mW
08-11-2026 21:24:12 RAM 7139/7607MB (lfb 1x1MB) SWAP 1366/16384MB (cached 118MB) CPU [2%@729,5%@729,1%@729,3%@729,0%@1344,92%@1344] GR3D_FREQ 97% cpu@63.187C soc2@62.375C soc0@63.031C gpu@64.75C tj@64.75C soc1@62C VDD_IN 17643mW/17513mW VDD_CPU_GPU_CV 8120mW/8350mW VDD_SOC 4158mW/3995mW
08-11-2026 21:24:13 RAM 7140/7607MB (lfb 1x1MB) SWAP 1366/16384MB (cached 118MB) CPU [5%@883,3%@883,3%@883,12%@883,2%@1344,92%@1344] GR3D_FREQ 97% cpu@63.718C soc2@62.375C soc0@63.062C gpu@64.843C tj@64.843C soc1@62.187C VDD_IN 17801mW/17514mW VDD_CPU_GPU_CV 8159mW/8350mW VDD_SOC 4197mW/3996mW
08-11-2026 21:24:14 RAM 7143/7607MB (lfb 1x1MB) SWAP 1366/16384MB (cached 118MB) CPU [5%@729,5%@729,8%@729,3%@729,0%@1344,92%@1344] GR3D_FREQ 99% cpu@63.5C soc2@62.375C soc0@63.125C gpu@64.187C tj@64.187C soc1@62C VDD_IN 17565mW/17514mW VDD_CPU_GPU_CV 7781mW/8349mW VDD_SOC 4276mW/3996mW
08-11-2026 21:24:15 RAM 7144/7607MB (lfb 1x1MB) SWAP 1366/16384MB (cached 118MB) CPU [3%@729,2%@729,1%@729,2%@729,0%@1344,92%@1344] GR3D_FREQ 99% cpu@63.312C soc2@62.406C soc0@62.968C gpu@64.75C tj@64.75C soc1@61.968C VDD_IN 17526mW/17514mW VDD_CPU_GPU_CV 8368mW/8349mW VDD_SOC 4040mW/3996mW
08-11-2026 21:24:16 RAM 7145/7607MB (lfb 1x1MB) SWAP 1366/16384MB (cached 118MB) CPU [3%@729,3%@729,2%@729,4%@729,0%@1344,92%@1344] GR3D_FREQ 99% cpu@63.281C soc2@62.312C soc0@63.062C gpu@64.531C tj@64.531C soc1@62.062C VDD_IN 17604mW/17514mW VDD_CPU_GPU_CV 8510mW/8349mW VDD_SOC 3962mW/3996mW
08-11-2026 21:24:17 RAM 7145/7607MB (lfb 1x1MB) SWAP 1366/16384MB (cached 118MB) CPU [2%@729,2%@729,2%@729,4%@729,0%@1344,93%@1344] GR3D_FREQ 99% cpu@63.156C soc2@62.312C soc0@62.875C gpu@64.718C tj@64.718C soc1@62.156C VDD_IN 18046mW/17515mW VDD_CPU_GPU_CV 8823mW/8350mW VDD_SOC 4073mW/3997mW
08-11-2026 21:24:18 RAM 7145/7607MB (lfb 1x1MB) SWAP 1366/16384MB (cached 118MB) CPU [3%@729,2%@729,2%@729,8%@729,0%@1344,99%@1344] GR3D_FREQ 97% cpu@63.156C soc2@62.406C soc0@63.031C gpu@64.718C tj@64.718C soc1@62.187C VDD_IN 17850mW/17515mW VDD_CPU_GPU_CV 8862mW/8351mW VDD_SOC 3916mW/3996mW
08-11-2026 21:24:19 RAM 7148/7607MB (lfb 1x1MB) SWAP 1366/16384MB (cached 118MB) CPU [11%@729,8%@729,17%@729,2%@729,0%@1344,93%@1344] GR3D_FREQ 97% cpu@63.312C soc2@62.406C soc0@63.156C gpu@64.718C tj@64.718C soc1@62.031C VDD_IN 17889mW/17516mW VDD_CPU_GPU_CV 8862mW/8352mW VDD_SOC 3955mW/3996mW
08-11-2026 21:24:20 RAM 7150/7607MB (lfb 1x1MB) SWAP 1366/16384MB (cached 118MB) CPU [58%@1344,4%@1344,1%@1344,6%@1344,4%@1344,91%@1344] GR3D_FREQ 98% cpu@63.406C soc2@62.5C soc0@63C gpu@64.718C tj@64.718C soc1@62C VDD_IN 18242mW/17518mW VDD_CPU_GPU_CV 9174mW/8354mW VDD_SOC 3955mW/3996mW
08-11-2026 21:24:21 RAM 7150/7607MB (lfb 1x1MB) SWAP 1366/16384MB (cached 118MB) CPU [14%@729,22%@729,5%@729,8%@729,1%@1344,93%@1344] GR3D_FREQ 97% cpu@63.375C soc2@62.343C soc0@63.093C gpu@65.062C tj@65.062C soc1@62.093C VDD_IN 17889mW/17518mW VDD_CPU_GPU_CV 8823mW/8354mW VDD_SOC 3995mW/3996mW
08-11-2026 21:24:22 RAM 7151/7607MB (lfb 1x1MB) SWAP 1366/16384MB (cached 118MB) CPU [3%@729,2%@729,1%@729,6%@729,1%@1344,92%@1344] GR3D_FREQ 97% cpu@63.125C soc2@62.406C soc0@63.093C gpu@65C tj@65C soc1@62.187C VDD_IN 17732mW/17519mW VDD_CPU_GPU_CV 8627mW/8355mW VDD_SOC 4001mW/3996mW
08-11-2026 21:24:23 RAM 7146/7607MB (lfb 1x1MB) SWAP 1366/16384MB (cached 118MB) CPU [3%@729,3%@729,2%@729,5%@729,0%@1344,92%@1344] GR3D_FREQ 98% cpu@63.218C soc2@62.406C soc0@63.093C gpu@65C tj@65C soc1@62.031C VDD_IN 17732mW/17519mW VDD_CPU_GPU_CV 8549mW/8355mW VDD_SOC 4040mW/3996mW
08-11-2026 21:24:24 RAM 7150/7607MB (lfb 1x1MB) SWAP 1366/16384MB (cached 118MB) CPU [6%@729,5%@729,14%@729,6%@729,5%@1344,93%@1344] GR3D_FREQ 98% cpu@63.375C soc2@62.343C soc0@63.093C gpu@64.5C tj@64.718C soc1@62.031C VDD_IN 17929mW/17520mW VDD_CPU_GPU_CV 8588mW/8356mW VDD_SOC 4073mW/3996mW
08-11-2026 21:24:25 RAM 7150/7607MB (lfb 1x1MB) SWAP 1366/16384MB (cached 118MB) CPU [2%@729,3%@729,3%@729,4%@729,0%@1344,92%@1344] GR3D_FREQ 98% cpu@63.531C soc2@62.281C soc0@62.937C gpu@64.718C tj@64.718C soc1@62C VDD_IN 17772mW/17520mW VDD_CPU_GPU_CV 8393mW/8356mW VDD_SOC 4073mW/3997mW
08-11-2026 21:24:26 RAM 7151/7607MB (lfb 1x1MB) SWAP 1366/16384MB (cached 118MB) CPU [2%@729,2%@729,2%@729,4%@729,1%@1344,92%@1344] GR3D_FREQ 99% cpu@63.312C soc2@62.312C soc0@63.093C gpu@64.625C tj@64.625C soc1@62.187C VDD_IN 17722mW/17521mW VDD_CPU_GPU_CV 8198mW/8356mW VDD_SOC 4158mW/3997mW
08-11-2026 21:24:27 RAM 7152/7607MB (lfb 1x1MB) SWAP 1366/16384MB (cached 118MB) CPU [5%@729,1%@729,2%@729,1%@729,0%@1344,92%@1344] GR3D_FREQ 97% cpu@63.187C soc2@62.406C soc0@63.062C gpu@64.718C tj@64.718C soc1@62.281C VDD_IN 17683mW/17521mW VDD_CPU_GPU_CV 8081mW/8355mW VDD_SOC 4197mW/3997mW
08-11-2026 21:24:28 RAM 7152/7607MB (lfb 1x1MB) SWAP 1366/16384MB (cached 118MB) CPU [4%@729,0%@729,6%@729,1%@729,0%@1344,92%@1344] GR3D_FREQ 98% cpu@63.343C soc2@62.343C soc0@63.093C gpu@64.468C tj@64.468C soc1@62.062C VDD_IN 17683mW/17521mW VDD_CPU_GPU_CV 7886mW/8354mW VDD_SOC 4237mW/3998mW
08-11-2026 21:24:29 RAM 7153/7607MB (lfb 1x1MB) SWAP 1366/16384MB (cached 118MB) CPU [2%@729,7%@729,1%@729,2%@729,1%@1344,92%@1344] GR3D_FREQ 99% cpu@63.562C soc2@62.281C soc0@63.062C gpu@63.937C tj@63.937C soc1@62.031C VDD_IN 17526mW/17521mW VDD_CPU_GPU_CV 8016mW/8354mW VDD_SOC 4158mW/3998mW
08-11-2026 21:24:30 RAM 7153/7607MB (lfb 1x1MB) SWAP 1366/16384MB (cached 118MB) CPU [4%@729,6%@729,10%@729,17%@729,3%@1344,93%@1344] GR3D_FREQ 99% cpu@63.593C soc2@62.406C soc0@63C gpu@64.562C tj@64.562C soc1@62.093C VDD_IN 17565mW/17521mW VDD_CPU_GPU_CV 8510mW/8354mW VDD_SOC 3962mW/3998mW
08-11-2026 21:24:31 RAM 7154/7607MB (lfb 1x1MB) SWAP 1366/16384MB (cached 118MB) CPU [4%@729,1%@729,1%@729,2%@729,0%@1344,92%@1344] GR3D_FREQ 99% cpu@63.093C soc2@62.406C soc0@63.062C gpu@64.625C tj@64.625C soc1@62.093C VDD_IN 17761mW/17522mW VDD_CPU_GPU_CV 8588mW/8354mW VDD_SOC 4001mW/3998mW
08-11-2026 21:24:32 RAM 7149/7607MB (lfb 1x1MB) SWAP 1366/16384MB (cached 118MB) CPU [4%@729,2%@729,0%@729,6%@729,0%@883,94%@883] GR3D_FREQ 98% cpu@63.125C soc2@62.406C soc0@63.062C gpu@64.531C tj@64.531C soc1@62.031C VDD_IN 17732mW/17522mW VDD_CPU_GPU_CV 8705mW/8355mW VDD_SOC 3955mW/3998mW
08-11-2026 21:24:33 RAM 7153/7607MB (lfb 1x1MB) SWAP 1366/16384MB (cached 117MB) CPU [48%@1344,39%@1344,34%@1344,50%@1344,44%@1344,30%@1344] GR3D_FREQ 0% cpu@63C soc2@61.625C soc0@62.718C gpu@62.187C tj@63C soc1@61.843C VDD_IN 8916mW/17506mW VDD_CPU_GPU_CV 2976mW/8345mW VDD_SOC 2225mW/3995mW
08-11-2026 21:24:34 RAM 7218/7607MB (lfb 1x1MB) SWAP 1366/16384MB (cached 116MB) CPU [46%@1344,88%@1344,46%@1344,46%@1344,44%@729,46%@729] GR3D_FREQ 98% cpu@62.406C soc2@61.562C soc0@62.5C gpu@63.562C tj@63.562C soc1@61.75C VDD_IN 12122mW/17496mW VDD_CPU_GPU_CV 5093mW/8339mW VDD_SOC 2491mW/3992mW
08-11-2026 21:24:35 RAM 7225/7607MB (lfb 1x1MB) SWAP 1366/16384MB (cached 116MB) CPU [5%@1344,93%@1344,6%@1344,7%@1344,6%@729,16%@729] GR3D_FREQ 98% cpu@63.062C soc2@62C soc0@62.687C gpu@64.187C tj@64.187C soc1@61.843C VDD_IN 17329mW/17496mW VDD_CPU_GPU_CV 7938mW/8338mW VDD_SOC 4040mW/3992mW
08-11-2026 21:24:36 RAM 7225/7607MB (lfb 1x1MB) SWAP 1366/16384MB (cached 116MB) CPU [3%@1113,4%@1113,4%@1113,4%@1113,89%@1344,0%@1344] GR3D_FREQ 98% cpu@62.875C soc2@62C soc0@62.687C gpu@64.031C tj@64.031C soc1@61.875C VDD_IN 17565mW/17496mW VDD_CPU_GPU_CV 7859mW/8337mW VDD_SOC 4237mW/3992mW
08-11-2026 21:24:37 RAM 7225/7607MB (lfb 1x1MB) SWAP 1366/16384MB (cached 116MB) CPU [5%@729,3%@729,3%@729,6%@729,92%@1344,0%@1344] GR3D_FREQ 99% cpu@63.062C soc2@62C soc0@62.875C gpu@64.031C tj@63.75C soc1@61.75C VDD_IN 17526mW/17496mW VDD_CPU_GPU_CV 8211mW/8337mW VDD_SOC 4080mW/3993mW
08-11-2026 21:24:38 RAM 7225/7607MB (lfb 1x1MB) SWAP 1366/16384MB (cached 116MB) CPU [3%@1344,1%@1344,7%@1344,1%@1344,93%@1344,0%@1344] GR3D_FREQ 99% cpu@63.093C soc2@62.093C soc0@62.781C gpu@64.343C tj@64.343C soc1@61.718C VDD_IN 17565mW/17496mW VDD_CPU_GPU_CV 8588mW/8338mW VDD_SOC 3962mW/3992mW
08-11-2026 21:24:39 RAM 7225/7607MB (lfb 1x1MB) SWAP 1366/16384MB (cached 116MB) CPU [1%@1344,2%@1344,1%@1344,6%@1344,92%@1344,0%@1344] GR3D_FREQ 99% cpu@62.843C soc2@62.156C soc0@62.625C gpu@64.406C tj@64.406C soc1@61.875C VDD_IN 17929mW/17497mW VDD_CPU_GPU_CV 8705mW/8338mW VDD_SOC 4034mW/3993mW
08-11-2026 21:24:40 RAM 7226/7607MB (lfb 1x1MB) SWAP 1366/16384MB (cached 116MB) CPU [4%@1267,3%@1267,6%@1267,3%@1267,97%@1344,0%@1344] GR3D_FREQ 97% cpu@63.406C soc2@62.187C soc0@62.843C gpu@64.5C tj@64.5C soc1@62.031C VDD_IN 17811mW/17498mW VDD_CPU_GPU_CV 8784mW/8339mW VDD_SOC 3923mW/3992mW
08-11-2026 21:24:41 RAM 7225/7607MB (lfb 1x1MB) SWAP 1366/16384MB (cached 116MB) CPU [8%@729,14%@729,15%@729,4%@729,94%@1344,0%@1344] GR3D_FREQ 98% cpu@63C soc2@62.156C soc0@62.968C gpu@64.625C tj@64.625C soc1@61.781C VDD_IN 17850mW/17498mW VDD_CPU_GPU_CV 8862mW/8340mW VDD_SOC 3923mW/3992mW
08-11-2026 21:24:42 RAM 7225/7607MB (lfb 1x1MB) SWAP 1366/16384MB (cached 116MB) CPU [3%@729,1%@729,2%@729,5%@729,93%@1344,0%@1344] GR3D_FREQ 98% cpu@63.312C soc2@62.281C soc0@62.843C gpu@64.562C tj@64.25C soc1@61.875C VDD_IN 17732mW/17499mW VDD_CPU_GPU_CV 8705mW/8341mW VDD_SOC 3962mW/3992mW
08-11-2026 21:24:43 RAM 7225/7607MB (lfb 1x1MB) SWAP 1366/16384MB (cached 116MB) CPU [1%@729,2%@729,3%@729,6%@729,92%@1344,0%@1344] GR3D_FREQ 98% cpu@63.25C soc2@62.093C soc0@62.843C gpu@64.281C tj@64.281C soc1@61.937C VDD_IN 17732mW/17499mW VDD_CPU_GPU_CV 8666mW/8341mW VDD_SOC 3962mW/3992mW
08-11-2026 21:24:44 RAM 7225/7607MB (lfb 1x1MB) SWAP 1366/16384MB (cached 116MB) CPU [3%@729,1%@729,3%@729,6%@729,91%@1344,0%@1344] GR3D_FREQ 99% cpu@62.968C soc2@62.281C soc0@62.906C gpu@64.281C tj@64.281C soc1@61.843C VDD_IN 17654mW/17499mW VDD_CPU_GPU_CV 8563mW/8342mW VDD_SOC 3962mW/3992mW
08-11-2026 21:24:45 RAM 7225/7607MB (lfb 1x1MB) SWAP 1366/16384MB (cached 116MB) CPU [2%@729,2%@729,3%@729,1%@729,92%@1344,0%@1344] GR3D_FREQ 98% cpu@62.968C soc2@62.125C soc0@62.906C gpu@64.312C tj@64.312C soc1@61.843C VDD_IN 17683mW/17500mW VDD_CPU_GPU_CV 8510mW/8342mW VDD_SOC 4001mW/3992mW
08-11-2026 21:24:46 RAM 7230/7607MB (lfb 1x1MB) SWAP 1366/16384MB (cached 116MB) CPU [18%@729,5%@729,5%@729,6%@729,92%@1344,0%@1344] GR3D_FREQ 98% cpu@63.156C soc2@62.187C soc0@62.75C gpu@64.312C tj@64.312C soc1@61.968C VDD_IN 17722mW/17500mW VDD_CPU_GPU_CV 8471mW/8342mW VDD_SOC 4040mW/3992mW
08-11-2026 21:24:47 RAM 7230/7607MB (lfb 1x1MB) SWAP 1366/16384MB (cached 116MB) CPU [5%@729,1%@729,5%@729,1%@729,92%@1344,0%@1344] GR3D_FREQ 98% cpu@63.281C soc2@62.187C soc0@62.781C gpu@64.656C tj@64.656C soc1@61.843C VDD_IN 17604mW/17500mW VDD_CPU_GPU_CV 8276mW/8342mW VDD_SOC 4040mW/3992mW
08-11-2026 21:24:48 RAM 7230/7607MB (lfb 1x1MB) SWAP 1366/16384MB (cached 116MB) CPU [2%@729,2%@729,8%@729,1%@729,92%@1344,0%@1344] GR3D_FREQ 98% cpu@63.125C soc2@62.093C soc0@62.937C gpu@64.593C tj@64.593C soc1@61.937C VDD_IN 17565mW/17500mW VDD_CPU_GPU_CV 8172mW/8342mW VDD_SOC 4119mW/3993mW
08-11-2026 21:24:49 RAM 7231/7607MB (lfb 1x1MB) SWAP 1366/16384MB (cached 116MB) CPU [5%@729,5%@729,5%@729,2%@729,93%@1344,0%@1344] GR3D_FREQ 98% cpu@63C soc2@62.218C soc0@62.968C gpu@64.625C tj@64.625C soc1@62.062C VDD_IN 17604mW/17501mW VDD_CPU_GPU_CV 8081mW/8341mW VDD_SOC 4158mW/3993mW
08-11-2026 21:24:50 RAM 7231/7607MB (lfb 1x1MB) SWAP 1366/16384MB (cached 116MB) CPU [1%@729,7%@729,2%@729,2%@729,91%@1344,0%@1344] GR3D_FREQ 98% cpu@63.062C soc2@62.187C soc0@63C gpu@64.687C tj@64.687C soc1@61.843C VDD_IN 17447mW/17501mW VDD_CPU_GPU_CV 7781mW/8340mW VDD_SOC 4197mW/3993mW
08-11-2026 21:24:51 RAM 7228/7607MB (lfb 1x1MB) SWAP 1366/16384MB (cached 116MB) CPU [11%@1344,4%@1344,18%@1344,8%@1344,92%@1344,0%@1344] GR3D_FREQ 99% cpu@63.625C soc2@62.187C soc0@62.906C gpu@63.875C tj@63.875C soc1@61.937C VDD_IN 17536mW/17501mW VDD_CPU_GPU_CV 8120mW/8340mW VDD_SOC 4158mW/3994mW
08-11-2026 21:24:52 RAM 7228/7607MB (lfb 1x1MB) SWAP 1366/16384MB (cached 116MB) CPU [6%@1190,6%@1190,2%@1190,4%@1190,92%@1344,0%@1344] GR3D_FREQ 99% cpu@63.281C soc2@62.187C soc0@62.906C gpu@64.343C tj@64.5C soc1@61.968C VDD_IN 17408mW/17500mW VDD_CPU_GPU_CV 8432mW/8340mW VDD_SOC 3962mW/3993mW
08-11-2026 21:24:53 RAM 7228/7607MB (lfb 1x1MB) SWAP 1366/16384MB (cached 116MB) CPU [21%@1344,3%@1344,0%@1344,2%@1344,74%@729,0%@729] GR3D_FREQ 99% cpu@63.125C soc2@62.218C soc0@63C gpu@64.593C tj@64.593C soc1@62.062C VDD_IN 17604mW/17501mW VDD_CPU_GPU_CV 8510mW/8340mW VDD_SOC 4001mW/3993mW
08-11-2026 21:24:54 RAM 7228/7607MB (lfb 1x1MB) SWAP 1366/16384MB (cached 116MB) CPU [96%@1036,4%@1036,1%@1036,1%@1036,0%@729,0%@729] GR3D_FREQ 98% cpu@63C soc2@62.312C soc0@62.937C gpu@64.468C tj@64.468C soc1@62.062C VDD_IN 17604mW/17501mW VDD_CPU_GPU_CV 8588mW/8341mW VDD_SOC 3923mW/3993mW
08-11-2026 21:24:55 RAM 7228/7607MB (lfb 1x1MB) SWAP 1366/16384MB (cached 116MB) CPU [96%@1344,2%@1344,2%@1344,1%@1344,1%@729,3%@729] GR3D_FREQ 97% cpu@63.156C soc2@62.375C soc0@63.093C gpu@64.687C tj@64.687C soc1@61.968C VDD_IN 17654mW/17501mW VDD_CPU_GPU_CV 8705mW/8341mW VDD_SOC 3923mW/3993mW
08-11-2026 21:24:56 RAM 7228/7607MB (lfb 1x1MB) SWAP 1366/16384MB (cached 116MB) CPU [92%@1344,5%@1344,0%@1344,2%@1344,0%@729,0%@729] GR3D_FREQ 99% cpu@63.281C soc2@62.375C soc0@62.937C gpu@64.593C tj@64.593C soc1@62C VDD_IN 17615mW/17501mW VDD_CPU_GPU_CV 8666mW/8342mW VDD_SOC 3962mW/3993mW
08-11-2026 21:24:57 RAM 7231/7607MB (lfb 1x1MB) SWAP 1366/16384MB (cached 116MB) CPU [30%@729,9%@729,10%@729,5%@729,75%@1344,0%@1344] GR3D_FREQ 97% cpu@63.312C soc2@62.25C soc0@62.968C gpu@64.656C tj@64.656C soc1@61.937C VDD_IN 17761mW/17502mW VDD_CPU_GPU_CV 8666mW/8343mW VDD_SOC 3962mW/3993mW
08-11-2026 21:24:58 RAM 7231/7607MB (lfb 1x1MB) SWAP 1366/16384MB (cached 116MB) CPU [3%@729,1%@729,2%@729,2%@729,92%@1344,4%@1344] GR3D_FREQ 98% cpu@63.156C soc2@62.281C soc0@63.031C gpu@64.625C tj@64.625C soc1@62.031C VDD_IN 17693mW/17502mW VDD_CPU_GPU_CV 8588mW/8343mW VDD_SOC 3962mW/3993mW
08-11-2026 21:24:59 RAM 7231/7607MB (lfb 1x1MB) SWAP 1366/16384MB (cached 116MB) CPU [2%@729,6%@729,2%@729,3%@729,92%@1344,1%@1344] GR3D_FREQ 97% cpu@62.937C soc2@62.281C soc0@63.031C gpu@64.75C tj@64.75C soc1@62.093C VDD_IN 17683mW/17502mW VDD_CPU_GPU_CV 8510mW/8343mW VDD_SOC 4001mW/3993mW
08-11-2026 21:25:00 RAM 7230/7607MB (lfb 1x1MB) SWAP 1366/16384MB (cached 116MB) CPU [4%@729,1%@729,3%@729,3%@729,93%@1344,0%@1344] GR3D_FREQ 98% cpu@63.093C soc2@62.25C soc0@63C gpu@64.406C tj@64.406C soc1@61.937C VDD_IN 17604mW/17503mW VDD_CPU_GPU_CV 8393mW/8343mW VDD_SOC 4001mW/3993mW
08-11-2026 21:25:01 RAM 7230/7607MB (lfb 1x1MB) SWAP 1366/16384MB (cached 116MB) CPU [2%@729,3%@729,2%@729,2%@729,92%@1344,2%@1344] GR3D_FREQ 98% cpu@63.156C soc2@62.218C soc0@62.937C gpu@64.593C tj@64.593C soc1@61.937C VDD_IN 17604mW/17503mW VDD_CPU_GPU_CV 8315mW/8343mW VDD_SOC 4040mW/3993mW
08-11-2026 21:25:02 RAM 7226/7607MB (lfb 1x1MB) SWAP 1366/16384MB (cached 116MB) CPU [7%@729,7%@729,17%@729,3%@729,92%@1344,3%@1344] GR3D_FREQ 98% cpu@63.437C soc2@62.218C soc0@62.937C gpu@64.375C tj@64.375C soc1@61.968C VDD_IN 17761mW/17503mW VDD_CPU_GPU_CV 8315mW/8343mW VDD_SOC 4119mW/3993mW
08-11-2026 21:25:03 RAM 7227/7607MB (lfb 1x1MB) SWAP 1366/16384MB (cached 116MB) CPU [3%@729,5%@729,2%@729,2%@729,92%@1344,0%@1344] GR3D_FREQ 97% cpu@63.156C soc2@62.375C soc0@63C gpu@64.468C tj@64.468C soc1@62.062C VDD_IN 17565mW/17503mW VDD_CPU_GPU_CV 8094mW/8343mW VDD_SOC 4158mW/3994mW
08-11-2026 21:25:04 RAM 7227/7607MB (lfb 1x1MB) SWAP 1366/16384MB (cached 116MB) CPU [3%@729,4%@729,2%@729,1%@729,92%@1344,0%@1344] GR3D_FREQ 98% cpu@63.062C soc2@62.437C soc0@63.062C gpu@64.343C tj@64.343C soc1@62.125C VDD_IN 17565mW/17503mW VDD_CPU_GPU_CV 7886mW/8342mW VDD_SOC 4237mW/3994mW
08-11-2026 21:25:05 RAM 7228/7607MB (lfb 1x1MB) SWAP 1366/16384MB (cached 116MB) CPU [3%@729,3%@729,1%@729,2%@729,92%@1344,0%@1344] GR3D_FREQ 99% cpu@63.343C soc2@62.343C soc0@63.125C gpu@63.968C tj@63.968C soc1@62C VDD_IN 17447mW/17503mW VDD_CPU_GPU_CV 7899mW/8341mW VDD_SOC 4197mW/3994mW
08-11-2026 21:25:06 RAM 7228/7607MB (lfb 1x1MB) SWAP 1366/16384MB (cached 116MB) CPU [3%@729,5%@729,3%@729,2%@729,92%@1344,0%@1344] GR3D_FREQ 99% cpu@63.281C soc2@62.281C soc0@62.937C gpu@64.781C tj@64.781C soc1@62C VDD_IN 17447mW/17503mW VDD_CPU_GPU_CV 8329mW/8341mW VDD_SOC 4001mW/3994mW
08-11-2026 21:25:07 RAM 7221/7607MB (lfb 1x1MB) SWAP 1366/16384MB (cached 116MB) CPU [5%@1344,4%@1344,3%@1344,4%@1344,91%@1344,4%@1344] GR3D_FREQ 99% cpu@63.375C soc2@62.218C soc0@63.093C gpu@64.843C tj@64.843C soc1@62.031C VDD_IN 17604mW/17503mW VDD_CPU_GPU_CV 8510mW/8342mW VDD_SOC 4001mW/3994mW
08-11-2026 21:25:08 RAM 7229/7607MB (lfb 1x1MB) SWAP 1366/16384MB (cached 116MB) CPU [21%@729,5%@729,6%@729,10%@729,93%@729,5%@729] GR3D_FREQ 99% cpu@63.343C soc2@62.343C soc0@63.031C gpu@65.156C tj@65.156C soc1@62.125C VDD_IN 18046mW/17504mW VDD_CPU_GPU_CV 8901mW/8343mW VDD_SOC 3995mW/3994mW
08-11-2026 21:25:09 RAM 7229/7607MB (lfb 1x1MB) SWAP 1366/16384MB (cached 116MB) CPU [2%@729,6%@729,0%@729,3%@729,99%@1344,0%@1344] GR3D_FREQ 97% cpu@63.031C soc2@62.343C soc0@63.125C gpu@64.906C tj@64.906C soc1@62.156C VDD_IN 17772mW/17505mW VDD_CPU_GPU_CV 8823mW/8343mW VDD_SOC 3916mW/3994mW
08-11-2026 21:25:10 RAM 7229/7607MB (lfb 1x1MB) SWAP 1366/16384MB (cached 116MB) CPU [3%@729,6%@729,1%@729,1%@729,93%@1344,0%@1344] GR3D_FREQ 97% cpu@63.125C soc2@62.375C soc0@63.187C gpu@64.906C tj@64.906C soc1@61.968C VDD_IN 17761mW/17505mW VDD_CPU_GPU_CV 8744mW/8344mW VDD_SOC 3962mW/3994mW
08-11-2026 21:25:11 RAM 7229/7607MB (lfb 1x1MB) SWAP 1366/16384MB (cached 116MB) CPU [3%@729,2%@729,2%@729,1%@729,92%@1344,0%@1344] GR3D_FREQ 97% cpu@63.156C soc2@62.312C soc0@63.031C gpu@65.031C tj@65.031C soc1@62.031C VDD_IN 17732mW/17506mW VDD_CPU_GPU_CV 8744mW/8345mW VDD_SOC 3923mW/3994mW
08-11-2026 21:25:12 RAM 7229/7607MB (lfb 1x1MB) SWAP 1366/16384MB (cached 116MB) CPU [2%@729,2%@729,1%@729,5%@729,92%@1344,0%@1344] GR3D_FREQ 98% cpu@63.5C soc2@62.343C soc0@62.968C gpu@64.687C tj@64.687C soc1@62.093C VDD_IN 17693mW/17506mW VDD_CPU_GPU_CV 8627mW/8345mW VDD_SOC 3962mW/3994mW
08-11-2026 21:25:13 RAM 7231/7607MB (lfb 1x1MB) SWAP 1366/16384MB (cached 116MB) CPU [40%@1344,4%@1344,4%@1344,12%@1344,68%@729,1%@729] GR3D_FREQ 97% cpu@63.468C soc2@62.468C soc0@62.968C gpu@64.687C tj@64.687C soc1@62.093C VDD_IN 17811mW/17507mW VDD_CPU_GPU_CV 8666mW/8346mW VDD_SOC 4001mW/3994mW
08-11-2026 21:25:14 RAM 7231/7607MB (lfb 1x1MB) SWAP 1366/16384MB (cached 116MB) CPU [92%@1344,1%@1344,1%@1344,2%@1344,0%@729,0%@729] GR3D_FREQ 97% cpu@63.312C soc2@62.531C soc0@63.031C gpu@64.781C tj@64.781C soc1@62.156C VDD_IN 17772mW/17507mW VDD_CPU_GPU_CV 8549mW/8346mW VDD_SOC 4040mW/3994mW
08-11-2026 21:25:15 RAM 7232/7607MB (lfb 1x1MB) SWAP 1366/16384MB (cached 116MB) CPU [92%@1344,2%@1344,1%@1344,2%@1344,0%@729,2%@729] GR3D_FREQ 99% cpu@63.281C soc2@62.562C soc0@63.187C gpu@64.718C tj@64.718C soc1@61.875C VDD_IN 17643mW/17507mW VDD_CPU_GPU_CV 8393mW/8346mW VDD_SOC 4040mW/3994mW
08-11-2026 21:25:16 RAM 7232/7607MB (lfb 1x1MB) SWAP 1366/16384MB (cached 116MB) CPU [93%@1344,0%@1344,0%@1344,1%@1344,0%@729,4%@729] GR3D_FREQ 98% cpu@63.281C soc2@62.375C soc0@63.031C gpu@64.75C tj@64.75C soc1@61.968C VDD_IN 17683mW/17508mW VDD_CPU_GPU_CV 8354mW/8346mW VDD_SOC 4080mW/3994mW
08-11-2026 21:25:17 RAM 7232/7607MB (lfb 1x1MB) SWAP 1366/16384MB (cached 116MB) CPU [92%@1344,0%@1344,1%@1344,1%@1344,1%@729,2%@729] GR3D_FREQ 98% cpu@63.562C soc2@62.375C soc0@63.031C gpu@64.781C tj@64.781C soc1@62C VDD_IN 17604mW/17508mW VDD_CPU_GPU_CV 8159mW/8346mW VDD_SOC 4119mW/3995mW
08-11-2026 21:25:18 RAM 7232/7607MB (lfb 1x1MB) SWAP 1366/16384MB (cached 116MB) CPU [89%@1036,2%@1036,8%@1036,7%@1036,10%@1344,1%@1344] GR3D_FREQ 97% cpu@63.75C soc2@62.375C soc0@63.062C gpu@64.593C tj@64.593C soc1@62.062C VDD_IN 17732mW/17508mW VDD_CPU_GPU_CV 8198mW/8346mW VDD_SOC 4158mW/3995mW
08-11-2026 21:25:19 RAM 7230/7607MB (lfb 1x1MB) SWAP 1366/16384MB (cached 116MB) CPU [5%@729,2%@729,8%@729,8%@729,92%@1344,1%@1344] GR3D_FREQ 98% cpu@63.687C soc2@62.343C soc0@63.062C gpu@64.312C tj@64.312C soc1@62.093C VDD_IN 17565mW/17508mW VDD_CPU_GPU_CV 7820mW/8345mW VDD_SOC 4237mW/3995mW
08-11-2026 21:25:20 RAM 7232/7607MB (lfb 1x1MB) SWAP 1366/16384MB (cached 116MB) CPU [2%@729,3%@729,1%@729,4%@729,92%@1344,0%@1344] GR3D_FREQ 99% cpu@63.406C soc2@62.375C soc0@63.093C gpu@64C tj@64C soc1@62C VDD_IN 17447mW/17508mW VDD_CPU_GPU_CV 8016mW/8344mW VDD_SOC 4158mW/3996mW
08-11-2026 21:25:21 RAM 7232/7607MB (lfb 1x1MB) SWAP 1366/16384MB (cached 116MB) CPU [3%@1344,4%@1344,3%@1344,1%@1344,92%@1344,0%@1344] GR3D_FREQ 99% cpu@63.218C soc2@62.343C soc0@63.031C gpu@64.562C tj@64.562C soc1@62.031C VDD_IN 17447mW/17508mW VDD_CPU_GPU_CV 8446mW/8344mW VDD_SOC 3962mW/3996mW
08-11-2026 21:25:22 RAM 7232/7607MB (lfb 1x1MB) SWAP 1366/16384MB (cached 116MB) CPU [2%@729,2%@729,4%@729,2%@729,91%@1344,0%@1344] GR3D_FREQ 99% cpu@63.343C soc2@62.312C soc0@62.968C gpu@64.562C tj@64.562C soc1@62.093C VDD_IN 17643mW/17508mW VDD_CPU_GPU_CV 8510mW/8345mW VDD_SOC 4001mW/3996mW
08-11-2026 21:25:23 RAM 7232/7607MB (lfb 1x1MB) SWAP 1366/16384MB (cached 116MB) CPU [3%@729,4%@729,0%@729,1%@729,94%@806,0%@806] GR3D_FREQ 99% cpu@63.062C soc2@62.312C soc0@63.062C gpu@64.875C tj@64.875C soc1@62.093C VDD_IN 17811mW/17509mW VDD_CPU_GPU_CV 8784mW/8345mW VDD_SOC 3955mW/3995mW
08-11-2026 21:25:24 RAM 7229/7607MB (lfb 1x1MB) SWAP 1366/16384MB (cached 116MB) CPU [15%@729,3%@729,9%@729,12%@729,98%@1344,0%@1344] GR3D_FREQ 98% cpu@63.093C soc2@62.343C soc0@63.093C gpu@64.812C tj@64.812C soc1@61.968C VDD_IN 17889mW/17509mW VDD_CPU_GPU_CV 8862mW/8346mW VDD_SOC 3923mW/3995mW
08-11-2026 21:25:25 RAM 7230/7607MB (lfb 1x1MB) SWAP 1366/16384MB (cached 116MB) CPU [2%@729,3%@729,1%@729,3%@729,93%@1344,0%@1344] GR3D_FREQ 97% cpu@63.281C soc2@62.281C soc0@62.937C gpu@64.781C tj@64.781C soc1@61.968C VDD_IN 17732mW/17510mW VDD_CPU_GPU_CV 8705mW/8347mW VDD_SOC 3962mW/3995mW
08-11-2026 21:25:26 RAM 7230/7607MB (lfb 1x1MB) SWAP 1366/16384MB (cached 116MB) CPU [31%@1344,1%@1344,2%@1344,4%@1344,61%@729,0%@729] GR3D_FREQ 98% cpu@63.218C soc2@62.437C soc0@62.968C gpu@64.781C tj@64.781C soc1@62.062C VDD_IN 17840mW/17510mW VDD_CPU_GPU_CV 8744mW/8348mW VDD_SOC 3955mW/3995mW
08-11-2026 21:25:27 RAM 7230/7607MB (lfb 1x1MB) SWAP 1366/16384MB (cached 116MB) CPU [92%@1344,3%@1344,4%@1344,1%@1344,0%@729,0%@729] GR3D_FREQ 98% cpu@63.593C soc2@62.5C soc0@63.093C gpu@64.843C tj@64.843C soc1@62.031C VDD_IN 17801mW/17511mW VDD_CPU_GPU_CV 8666mW/8348mW VDD_SOC 4001mW/3995mW
08-11-2026 21:25:28 RAM 7230/7607MB (lfb 1x1MB) SWAP 1366/16384MB (cached 116MB) CPU [47%@729,4%@729,4%@729,2%@729,48%@1344,1%@1344] GR3D_FREQ 98% cpu@63.125C soc2@62.343C soc0@63.062C gpu@64.781C tj@64.781C soc1@62.093C VDD_IN 17722mW/17511mW VDD_CPU_GPU_CV 8588mW/8349mW VDD_SOC 3962mW/3995mW
08-11-2026 21:25:29 RAM 7234/7607MB (lfb 1x1MB) SWAP 1366/16384MB (cached 116MB) CPU [21%@729,6%@729,4%@729,7%@729,92%@1344,3%@1344] GR3D_FREQ 98% cpu@63.093C soc2@62.406C soc0@63.093C gpu@64.593C tj@64.593C soc1@61.937C VDD_IN 17889mW/17512mW VDD_CPU_GPU_CV 8666mW/8349mW VDD_SOC 4040mW/3995mW
08-11-2026 21:25:30 RAM 7234/7607MB (lfb 1x1MB) SWAP 1366/16384MB (cached 116MB) CPU [5%@729,2%@729,1%@729,2%@729,92%@1344,0%@1344] GR3D_FREQ 97% cpu@63.218C soc2@62.187C soc0@62.937C gpu@64.437C tj@64.437C soc1@61.906C VDD_IN 17643mW/17512mW VDD_CPU_GPU_CV 8393mW/8349mW VDD_SOC 4040mW/3995mW
08-11-2026 21:25:31 RAM 7234/7607MB (lfb 1x1MB) SWAP 1366/16384MB (cached 116MB) CPU [3%@729,2%@729,1%@729,0%@729,92%@1344,2%@1344] GR3D_FREQ 98% cpu@63.062C soc2@62.281C soc0@62.968C gpu@64.468C tj@64.468C soc1@61.968C VDD_IN 17683mW/17512mW VDD_CPU_GPU_CV 8315mW/8349mW VDD_SOC 4080mW/3995mW
08-11-2026 21:25:32 RAM 7235/7607MB (lfb 1x1MB) SWAP 1366/16384MB (cached 116MB) CPU [3%@729,1%@729,2%@729,3%@729,92%@1344,0%@1344] GR3D_FREQ 97% cpu@63.343C soc2@62.187C soc0@63C gpu@64.437C tj@64.437C soc1@61.968C VDD_IN 17604mW/17512mW VDD_CPU_GPU_CV 8120mW/8349mW VDD_SOC 4158mW/3996mW
08-11-2026 21:25:33 RAM 7216/7607MB (lfb 1x1MB) SWAP 1366/16384MB (cached 116MB) CPU [7%@729,3%@729,3%@729,1%@729,92%@1344,0%@1344] GR3D_FREQ 97% cpu@63.062C soc2@62.25C soc0@63.062C gpu@64.531C tj@64.531C soc1@62.156C VDD_IN 17643mW/17513mW VDD_CPU_GPU_CV 8042mW/8348mW VDD_SOC 4197mW/3996mW
08-11-2026 21:25:34 RAM 7219/7607MB (lfb 1x1MB) SWAP 1366/16384MB (cached 116MB) CPU [3%@729,1%@729,2%@729,1%@729,91%@1344,0%@1344] GR3D_FREQ 99% cpu@63.25C soc2@62.312C soc0@63.093C gpu@64.25C tj@64.25C soc1@61.875C VDD_IN 17526mW/17513mW VDD_CPU_GPU_CV 7781mW/8347mW VDD_SOC 4237mW/3996mW
08-11-2026 21:25:35 RAM 7226/7607MB (lfb 1x1MB) SWAP 1366/16384MB (cached 116MB) CPU [8%@729,18%@729,3%@729,11%@729,92%@1344,1%@1344] GR3D_FREQ 99% cpu@63.437C soc2@62.25C soc0@63.031C gpu@64.437C tj@64.437C soc1@61.937C VDD_IN 17486mW/17513mW VDD_CPU_GPU_CV 8211mW/8347mW VDD_SOC 4080mW/3997mW
08-11-2026 21:25:36 RAM 7226/7607MB (lfb 1x1MB) SWAP 1366/16384MB (cached 116MB) CPU [2%@729,1%@729,1%@729,2%@1344,93%@1344,3%@1344] GR3D_FREQ 99% cpu@63.031C soc2@62.281C soc0@63C gpu@64.812C tj@64.812C soc1@61.968C VDD_IN 17486mW/17513mW VDD_CPU_GPU_CV 8471mW/8347mW VDD_SOC 3923mW/3997mW
08-11-2026 21:25:37 RAM 7226/7607MB (lfb 1x1MB) SWAP 1366/16384MB (cached 116MB) CPU [3%@729,1%@729,3%@729,4%@729,92%@1344,0%@1344] GR3D_FREQ 99% cpu@63.343C soc2@62.312C soc0@63.062C gpu@65.062C tj@65.062C soc1@62.093C VDD_IN 17929mW/17513mW VDD_CPU_GPU_CV 8705mW/8348mW VDD_SOC 4034mW/3997mW
08-11-2026 21:25:38 RAM 7226/7607MB (lfb 1x1MB) SWAP 1366/16384MB (cached 116MB) CPU [2%@729,2%@729,3%@729,8%@729,96%@1267,0%@1267] GR3D_FREQ 97% cpu@62.968C soc2@62.406C soc0@63.125C gpu@64.437C tj@64.437C soc1@61.937C VDD_IN 17683mW/17514mW VDD_CPU_GPU_CV 8705mW/8348mW VDD_SOC 3923mW/3996mW
08-11-2026 21:25:39 RAM 7227/7607MB (lfb 1x1MB) SWAP 1366/16384MB (cached 116MB) CPU [4%@729,2%@729,2%@729,3%@729,96%@1344,0%@1344] GR3D_FREQ 97% cpu@63.031C soc2@62.375C soc0@62.875C gpu@64.656C tj@64.656C soc1@61.906C VDD_IN 17811mW/17514mW VDD_CPU_GPU_CV 8784mW/8349mW VDD_SOC 3923mW/3996mW
08-11-2026 21:25:40 RAM 7236/7607MB (lfb 1x1MB) SWAP 1366/16384MB (cached 116MB) CPU [15%@729,6%@729,6%@729,15%@729,93%@1344,1%@1344] GR3D_FREQ 99% cpu@63.25C soc2@62.25C soc0@62.937C gpu@64.687C tj@64.687C soc1@61.968C VDD_IN 17929mW/17515mW VDD_CPU_GPU_CV 8823mW/8350mW VDD_SOC 3955mW/3996mW
08-11-2026 21:25:41 RAM 7236/7607MB (lfb 1x1MB) SWAP 1366/16384MB (cached 116MB) CPU [3%@729,2%@729,1%@729,3%@729,92%@1344,0%@1344] GR3D_FREQ 97% cpu@63.031C soc2@62.343C soc0@63.031C gpu@64.656C tj@64.656C soc1@62.031C VDD_IN 17761mW/17515mW VDD_CPU_GPU_CV 8705mW/8350mW VDD_SOC 3962mW/3996mW
08-11-2026 21:25:42 RAM 7237/7607MB (lfb 1x1MB) SWAP 1366/16384MB (cached 116MB) CPU [2%@729,3%@729,4%@729,1%@729,92%@1344,0%@1344] GR3D_FREQ 98% cpu@63.343C soc2@62.375C soc0@63C gpu@64.687C tj@64.687C soc1@62.125C VDD_IN 17693mW/17515mW VDD_CPU_GPU_CV 8627mW/8351mW VDD_SOC 4001mW/3996mW
08-11-2026 21:25:43 RAM 7238/7607MB (lfb 1x1MB) SWAP 1366/16384MB (cached 116MB) CPU [3%@729,1%@729,1%@729,1%@729,92%@1344,4%@1344] GR3D_FREQ 98% cpu@63C soc2@62.281C soc0@63.093C gpu@64.75C tj@64.75C soc1@61.875C VDD_IN 17732mW/17516mW VDD_CPU_GPU_CV 8549mW/8351mW VDD_SOC 4001mW/3996mW
08-11-2026 21:25:44 RAM 7238/7607MB (lfb 1x1MB) SWAP 1366/16384MB (cached 116MB) CPU [2%@729,2%@729,0%@729,2%@729,92%@1344,2%@1344] GR3D_FREQ 98% cpu@63.093C soc2@62.218C soc0@62.968C gpu@64.531C tj@64.531C soc1@62C VDD_IN 17761mW/17516mW VDD_CPU_GPU_CV 8471mW/8351mW VDD_SOC 4040mW/3996mW
08-11-2026 21:25:45 RAM 7239/7607MB (lfb 1x1MB) SWAP 1366/16384MB (cached 116MB) CPU [6%@729,3%@729,3%@729,4%@729,92%@1344,0%@1344] GR3D_FREQ 97% cpu@63.312C soc2@62.281C soc0@63.031C gpu@64.562C tj@64.562C soc1@61.968C VDD_IN 17811mW/17517mW VDD_CPU_GPU_CV 8471mW/8352mW VDD_SOC 4080mW/3996mW
08-11-2026 21:25:46 RAM 7241/7607MB (lfb 1x1MB) SWAP 1366/16384MB (cached 116MB) CPU [13%@729,4%@729,7%@729,6%@729,92%@1344,0%@1344] GR3D_FREQ 98% cpu@63.531C soc2@62.312C soc0@63C gpu@64.5C tj@64.5C soc1@61.968C VDD_IN 17683mW/17517mW VDD_CPU_GPU_CV 8237mW/8351mW VDD_SOC 4119mW/3997mW
08-11-2026 21:25:47 RAM 7243/7607MB (lfb 1x1MB) SWAP 1366/16384MB (cached 116MB) CPU [5%@729,5%@729,2%@729,1%@729,92%@1344,0%@1344] GR3D_FREQ 97% cpu@63.125C soc2@62.312C soc0@63.062C gpu@64.468C tj@64.468C soc1@62.093C VDD_IN 17643mW/17517mW VDD_CPU_GPU_CV 8081mW/8351mW VDD_SOC 4158mW/3997mW
08-11-2026 21:25:48 RAM 7239/7607MB (lfb 1x1MB) SWAP 1365/16384MB (cached 116MB) CPU [2%@729,6%@729,7%@729,2%@729,91%@1344,0%@1344] GR3D_FREQ 98% cpu@63.25C soc2@62.281C soc0@62.937C gpu@64.625C tj@64.625C soc1@61.937C VDD_IN 17683mW/17517mW VDD_CPU_GPU_CV 8003mW/8350mW VDD_SOC 4237mW/3997mW
08-11-2026 21:25:49 RAM 7239/7607MB (lfb 1x1MB) SWAP 1365/16384MB (cached 117MB) CPU [4%@729,5%@729,1%@729,1%@729,92%@1344,0%@1344] GR3D_FREQ 99% cpu@63.625C soc2@62.375C soc0@62.968C gpu@64.125C tj@64.125C soc1@61.906C VDD_IN 17486mW/17517mW VDD_CPU_GPU_CV 7781mW/8350mW VDD_SOC 4237mW/3998mW
08-11-2026 21:25:50 RAM 7240/7607MB (lfb 1x1MB) SWAP 1365/16384MB (cached 117MB) CPU [4%@729,6%@729,1%@729,2%@729,92%@1344,0%@1344] GR3D_FREQ 99% cpu@63.281C soc2@62.312C soc0@63.062C gpu@64.625C tj@64.625C soc1@62C VDD_IN 17447mW/17517mW VDD_CPU_GPU_CV 8393mW/8350mW VDD_SOC 4001mW/3998mW
08-11-2026 21:25:51 RAM 7242/7607MB (lfb 1x1MB) SWAP 1365/16384MB (cached 117MB) CPU [18%@729,4%@729,4%@729,9%@729,92%@1344,1%@1344] GR3D_FREQ 99% cpu@63.468C soc2@62.281C soc0@63.062C gpu@64.75C tj@64.75C soc1@62.062C VDD_IN 17683mW/17518mW VDD_CPU_GPU_CV 8549mW/8350mW VDD_SOC 4001mW/3998mW
08-11-2026 21:25:52 RAM 7242/7607MB (lfb 1x1MB) SWAP 1365/16384MB (cached 117MB) CPU [25%@729,2%@729,6%@729,1%@729,72%@729,0%@729] GR3D_FREQ 99% cpu@63.031C soc2@62.375C soc0@63.093C gpu@64.781C tj@64.781C soc1@61.968C VDD_IN 17889mW/17518mW VDD_CPU_GPU_CV 8901mW/8351mW VDD_SOC 3995mW/3998mW
08-11-2026 21:25:53 RAM 7243/7607MB (lfb 1x1MB) SWAP 1365/16384MB (cached 117MB) CPU [99%@1344,0%@1344,1%@1344,1%@1344,1%@729,3%@729] GR3D_FREQ 98% cpu@63.25C soc2@62.343C soc0@62.843C gpu@64.562C tj@64.562C soc1@61.937C VDD_IN 17811mW/17519mW VDD_CPU_GPU_CV 8862mW/8352mW VDD_SOC 3923mW/3998mW
08-11-2026 21:25:54 RAM 7243/7607MB (lfb 1x1MB) SWAP 1365/16384MB (cached 117MB) CPU [54%@1344,4%@1344,2%@1344,1%@1344,38%@1344,0%@1344] GR3D_FREQ 97% cpu@63.25C soc2@62.281C soc0@62.937C gpu@64.625C tj@64.625C soc1@61.937C VDD_IN 17772mW/17519mW VDD_CPU_GPU_CV 8784mW/8352mW VDD_SOC 3962mW/3998mW
08-11-2026 21:25:55 RAM 7244/7607MB (lfb 1x1MB) SWAP 1365/16384MB (cached 117MB) CPU [3%@729,1%@729,3%@729,2%@729,92%@1344,0%@1344] GR3D_FREQ 97% cpu@63.125C soc2@62.281C soc0@63.031C gpu@64.593C tj@64.593C soc1@62C VDD_IN 17811mW/17519mW VDD_CPU_GPU_CV 8784mW/8353mW VDD_SOC 3962mW/3997mW
08-11-2026 21:25:56 RAM 7245/7607MB (lfb 1x1MB) SWAP 1365/16384MB (cached 117MB) CPU [4%@729,12%@729,11%@729,9%@729,92%@1344,0%@1344] GR3D_FREQ 98% cpu@63.375C soc2@62.312C soc0@63.093C gpu@64.625C tj@64.625C soc1@62.125C VDD_IN 18007mW/17520mW VDD_CPU_GPU_CV 8862mW/8354mW VDD_SOC 3995mW/3997mW
08-11-2026 21:25:57 RAM 7246/7607MB (lfb 1x1MB) SWAP 1365/16384MB (cached 117MB) CPU [3%@729,2%@729,2%@729,3%@729,92%@1344,0%@1344] GR3D_FREQ 97% cpu@63.031C soc2@62.406C soc0@63.093C gpu@64.625C tj@64.625C soc1@61.843C VDD_IN 17772mW/17521mW VDD_CPU_GPU_CV 8588mW/8354mW VDD_SOC 4001mW/3997mW
08-11-2026 21:25:58 RAM 7244/7607MB (lfb 1x1MB) SWAP 1365/16384MB (cached 117MB) CPU [5%@729,3%@729,2%@729,6%@729,93%@1344,0%@1344] GR3D_FREQ 98% cpu@63.062C soc2@62.218C soc0@63.125C gpu@64.781C tj@64.781C soc1@61.968C VDD_IN 17732mW/17521mW VDD_CPU_GPU_CV 8588mW/8355mW VDD_SOC 4040mW/3998mW
08-11-2026 21:25:59 RAM 7245/7607MB (lfb 1x1MB) SWAP 1365/16384MB (cached 117MB) CPU [2%@729,2%@729,1%@729,3%@729,92%@1344,1%@1344] GR3D_FREQ 98% cpu@63.437C soc2@62.218C soc0@62.937C gpu@64.812C tj@64.812C soc1@62.031C VDD_IN 17761mW/17521mW VDD_CPU_GPU_CV 8393mW/8355mW VDD_SOC 4040mW/3998mW
08-11-2026 21:26:00 RAM 7245/7607MB (lfb 1x1MB) SWAP 1365/16384MB (cached 117MB) CPU [4%@1344,2%@1344,3%@1344,4%@1344,92%@1344,0%@1344] GR3D_FREQ 97% cpu@63.125C soc2@62.25C soc0@63.062C gpu@64.843C tj@64.843C soc1@62.062C VDD_IN 17722mW/17522mW VDD_CPU_GPU_CV 8354mW/8355mW VDD_SOC 4080mW/3998mW
08-11-2026 21:26:01 RAM 7246/7607MB (lfb 1x1MB) SWAP 1365/16384MB (cached 117MB) CPU [1%@729,2%@729,3%@729,1%@729,92%@1344,0%@1344] GR3D_FREQ 99% cpu@63.5C soc2@62.312C soc0@63C gpu@64.781C tj@64.781C soc1@62.156C VDD_IN 17643mW/17522mW VDD_CPU_GPU_CV 8172mW/8354mW VDD_SOC 4119mW/3998mW
08-11-2026 21:26:02 RAM 7251/7607MB (lfb 1x1MB) SWAP 1365/16384MB (cached 117MB) CPU [18%@729,8%@729,7%@729,6%@729,92%@1344,0%@1344] GR3D_FREQ 98% cpu@63.062C soc2@62.187C soc0@63.031C gpu@64.531C tj@64.531C soc1@61.968C VDD_IN 17722mW/17522mW VDD_CPU_GPU_CV 8120mW/8354mW VDD_SOC 4197mW/3998mW
08-11-2026 21:26:03 RAM 7252/7607MB (lfb 1x1MB) SWAP 1365/16384MB (cached 117MB) CPU [4%@729,1%@729,2%@729,1%@729,92%@1344,0%@1344] GR3D_FREQ 97% cpu@63.312C soc2@62.218C soc0@62.968C gpu@64.437C tj@64.437C soc1@62C VDD_IN 17604mW/17522mW VDD_CPU_GPU_CV 7847mW/8353mW VDD_SOC 4237mW/3999mW
08-11-2026 21:26:04 RAM 7252/7607MB (lfb 1x1MB) SWAP 1365/16384MB (cached 117MB) CPU [2%@729,1%@729,3%@729,2%@729,92%@1344,1%@1344] GR3D_FREQ 99% cpu@63.562C soc2@62.343C soc0@63C gpu@64.125C tj@64.125C soc1@61.968C VDD_IN 17565mW/17522mW VDD_CPU_GPU_CV 7977mW/8353mW VDD_SOC 4197mW/3999mW
08-11-2026 21:26:05 RAM 7253/7607MB (lfb 1x1MB) SWAP 1365/16384MB (cached 117MB) CPU [3%@729,3%@729,1%@729,2%@729,92%@1344,1%@1344] GR3D_FREQ 99% cpu@63.093C soc2@62.406C soc0@63.062C gpu@64.562C tj@64.562C soc1@62.062C VDD_IN 17565mW/17523mW VDD_CPU_GPU_CV 8432mW/8353mW VDD_SOC 4001mW/3999mW
08-11-2026 21:26:06 RAM 7253/7607MB (lfb 1x1MB) SWAP 1365/16384MB (cached 117MB) CPU [3%@729,2%@729,1%@729,2%@729,92%@1344,0%@1344] GR3D_FREQ 99% cpu@63.093C soc2@62.375C soc0@63C gpu@64.656C tj@64.656C soc1@61.968C VDD_IN 17683mW/17523mW VDD_CPU_GPU_CV 8549mW/8353mW VDD_SOC 4001mW/3999mW
08-11-2026 21:26:07 RAM 7254/7607MB (lfb 1x1MB) SWAP 1365/16384MB (cached 117MB) CPU [3%@729,5%@729,19%@729,4%@729,94%@729,0%@729] GR3D_FREQ 99% cpu@63.062C soc2@62.343C soc0@63.25C gpu@64.781C tj@64.781C soc1@61.968C VDD_IN 18085mW/17524mW VDD_CPU_GPU_CV 9018mW/8354mW VDD_SOC 3955mW/3999mW
08-11-2026 21:26:08 RAM 7255/7607MB (lfb 1x1MB) SWAP 1365/16384MB (cached 117MB) CPU [7%@729,6%@729,3%@729,2%@729,99%@1344,2%@1344] GR3D_FREQ 97% cpu@63.125C soc2@62.25C soc0@62.906C gpu@64.625C tj@64.625C soc1@61.968C VDD_IN 17811mW/17524mW VDD_CPU_GPU_CV 8862mW/8355mW VDD_SOC 3923mW/3999mW
08-11-2026 21:26:09 RAM 7255/7607MB (lfb 1x1MB) SWAP 1365/16384MB (cached 117MB) CPU [2%@729,2%@729,0%@729,2%@729,92%@1344,1%@1344] GR3D_FREQ 97% cpu@63.281C soc2@62.281C soc0@63.031C gpu@64.562C tj@64.562C soc1@62.062C VDD_IN 17772mW/17524mW VDD_CPU_GPU_CV 8744mW/8356mW VDD_SOC 3962mW/3999mW
08-11-2026 21:26:10 RAM 7256/7607MB (lfb 1x1MB) SWAP 1365/16384MB (cached 117MB) CPU [2%@729,4%@729,2%@729,2%@729,92%@1344,0%@1344] GR3D_FREQ 98% cpu@63.093C soc2@62.25C soc0@62.968C gpu@64.625C tj@64.625C soc1@62.125C VDD_IN 17772mW/17525mW VDD_CPU_GPU_CV 8784mW/8356mW VDD_SOC 3962mW/3999mW
08-11-2026 21:26:11 RAM 7238/7607MB (lfb 1x1MB) SWAP 1365/16384MB (cached 117MB) CPU [2%@729,4%@729,2%@729,2%@729,93%@1344,0%@1344] GR3D_FREQ 97% cpu@63.156C soc2@62.437C soc0@63.156C gpu@64.656C tj@64.656C soc1@62.031C VDD_IN 17772mW/17525mW VDD_CPU_GPU_CV 8627mW/8357mW VDD_SOC 4001mW/3999mW
08-11-2026 21:26:12 RAM 7240/7607MB (lfb 1x1MB) SWAP 1365/16384MB (cached 117MB) CPU [4%@1190,2%@1190,4%@1190,2%@1190,92%@1344,0%@1344] GR3D_FREQ 97% cpu@63.25C soc2@62.281C soc0@63.187C gpu@64.625C tj@64.625C soc1@62C VDD_IN 17772mW/17526mW VDD_CPU_GPU_CV 8666mW/8357mW VDD_SOC 4001mW/3999mW
08-11-2026 21:26:13 RAM 7244/7607MB (lfb 1x1MB) SWAP 1365/16384MB (cached 117MB) CPU [15%@729,7%@729,9%@729,8%@729,92%@1344,0%@1344] GR3D_FREQ 97% cpu@63.281C soc2@62.281C soc0@62.968C gpu@64.781C tj@64.781C soc1@62.062C VDD_IN 17732mW/17526mW VDD_CPU_GPU_CV 8549mW/8357mW VDD_SOC 4040mW/3999mW
08-11-2026 21:26:14 RAM 7245/7607MB (lfb 1x1MB) SWAP 1365/16384MB (cached 117MB) CPU [3%@729,2%@729,3%@729,4%@729,93%@1344,0%@1344] GR3D_FREQ 97% cpu@63.343C soc2@62.343C soc0@63C gpu@64.781C tj@64.781C soc1@62.062C VDD_IN 17683mW/17526mW VDD_CPU_GPU_CV 8393mW/8357mW VDD_SOC 4040mW/3999mW
08-11-2026 21:26:15 RAM 7246/7607MB (lfb 1x1MB) SWAP 1365/16384MB (cached 117MB) CPU [2%@729,2%@729,4%@729,1%@729,91%@1344,0%@1344] GR3D_FREQ 98% cpu@63.093C soc2@62.281C soc0@63.062C gpu@64.781C tj@64.781C soc1@62.156C VDD_IN 17683mW/17526mW VDD_CPU_GPU_CV 8276mW/8357mW VDD_SOC 4080mW/3999mW
08-11-2026 21:26:16 RAM 7247/7607MB (lfb 1x1MB) SWAP 1365/16384MB (cached 117MB) CPU [4%@729,1%@729,5%@729,3%@729,92%@1344,0%@1344] GR3D_FREQ 97% cpu@63.218C soc2@62.343C soc0@63.093C gpu@64.687C tj@64.687C soc1@61.937C VDD_IN 17575mW/17527mW VDD_CPU_GPU_CV 8120mW/8357mW VDD_SOC 4119mW/3999mW
08-11-2026 21:26:17 RAM 7250/7607MB (lfb 1x1MB) SWAP 1365/16384MB (cached 117MB) CPU [4%@729,2%@729,2%@729,5%@729,92%@1344,0%@1344] GR3D_FREQ 98% cpu@63.312C soc2@62.25C soc0@63.156C gpu@64.781C tj@64.781C soc1@61.968C VDD_IN 17604mW/17527mW VDD_CPU_GPU_CV 7964mW/8356mW VDD_SOC 4197mW/3999mW
08-11-2026 21:26:18 RAM 7255/7607MB (lfb 1x1MB) SWAP 1365/16384MB (cached 117MB) CPU [10%@729,8%@729,10%@729,10%@729,92%@1344,1%@1344] GR3D_FREQ 99% cpu@63.5C soc2@62.406C soc0@63.062C gpu@64C tj@64C soc1@62.062C VDD_IN 17604mW/17527mW VDD_CPU_GPU_CV 7859mW/8356mW VDD_SOC 4237mW/4000mW
08-11-2026 21:26:19 RAM 7256/7607MB (lfb 1x1MB) SWAP 1365/16384MB (cached 117MB) CPU [5%@729,1%@729,0%@729,8%@729,92%@1344,0%@1344] GR3D_FREQ 99% cpu@63.406C soc2@62.343C soc0@63.093C gpu@64.531C tj@64.531C soc1@62.125C VDD_IN 17486mW/17527mW VDD_CPU_GPU_CV 8393mW/8356mW VDD_SOC 4001mW/4000mW
08-11-2026 21:26:20 RAM 7256/7607MB (lfb 1x1MB) SWAP 1365/16384MB (cached 117MB) CPU [0%@729,6%@729,2%@729,2%@729,92%@1344,0%@1344] GR3D_FREQ 99% cpu@63C soc2@62.312C soc0@63.062C gpu@64.562C tj@64.562C soc1@62.187C VDD_IN 17526mW/17527mW VDD_CPU_GPU_CV 8510mW/8356mW VDD_SOC 4001mW/4000mW
08-11-2026 21:26:21 RAM 7256/7607MB (lfb 1x1MB) SWAP 1365/16384MB (cached 117MB) CPU [4%@729,1%@729,5%@729,2%@729,92%@729,0%@729] GR3D_FREQ 99% cpu@63.156C soc2@62.343C soc0@63.093C gpu@64.843C tj@64.843C soc1@61.937C VDD_IN 17968mW/17527mW VDD_CPU_GPU_CV 8823mW/8357mW VDD_SOC 3995mW/4000mW
08-11-2026 21:26:22 RAM 7257/7607MB (lfb 1x1MB) SWAP 1365/16384MB (cached 117MB) CPU [3%@729,1%@729,1%@729,5%@729,100%@1344,0%@1344] GR3D_FREQ 97% cpu@63.406C soc2@62.375C soc0@63C gpu@64.75C tj@64.75C soc1@62C VDD_IN 17811mW/17528mW VDD_CPU_GPU_CV 8823mW/8357mW VDD_SOC 3916mW/4000mW
08-11-2026 21:26:23 RAM 7261/7607MB (lfb 1x1MB) SWAP 1365/16384MB (cached 117MB) CPU [17%@1267,8%@1267,8%@1267,3%@1267,92%@1344,0%@1344] GR3D_FREQ 97% cpu@63.531C soc2@62.406C soc0@63C gpu@64.718C tj@64.718C soc1@62.031C VDD_IN 18007mW/17529mW VDD_CPU_GPU_CV 8979mW/8358mW VDD_SOC 3955mW/4000mW
08-11-2026 21:26:24 RAM 7260/7607MB (lfb 1x1MB) SWAP 1365/16384MB (cached 117MB) CPU [2%@729,4%@729,3%@729,1%@729,93%@1344,0%@1344] GR3D_FREQ 97% cpu@63.312C soc2@62.375C soc0@63.062C gpu@64.968C tj@64.968C soc1@62.156C VDD_IN 17811mW/17529mW VDD_CPU_GPU_CV 8784mW/8359mW VDD_SOC 3955mW/3999mW
08-11-2026 21:26:25 RAM 7261/7607MB (lfb 1x1MB) SWAP 1365/16384MB (cached 117MB) CPU [3%@729,1%@729,4%@729,2%@729,92%@1344,0%@1344] GR3D_FREQ 98% cpu@63.031C soc2@62.406C soc0@63.125C gpu@64.937C tj@64.937C soc1@62.125C VDD_IN 17772mW/17529mW VDD_CPU_GPU_CV 8705mW/8359mW VDD_SOC 3962mW/3999mW
08-11-2026 21:26:26 RAM 7243/7607MB (lfb 1x1MB) SWAP 1365/16384MB (cached 117MB) CPU [1%@729,6%@729,2%@729,4%@729,92%@1344,0%@1344] GR3D_FREQ 97% cpu@63.156C soc2@62.5C soc0@63.093C gpu@64.968C tj@64.968C soc1@61.937C VDD_IN 17732mW/17530mW VDD_CPU_GPU_CV 8627mW/8360mW VDD_SOC 4001mW/3999mW
08-11-2026 21:26:28 RAM 7244/7607MB (lfb 1x1MB) SWAP 1365/16384MB (cached 117MB) CPU [2%@729,5%@729,0%@729,2%@729,92%@1344,0%@1344] GR3D_FREQ 98% cpu@63.312C soc2@62.281C soc0@63.031C gpu@65C tj@65C soc1@61.937C VDD_IN 17732mW/17530mW VDD_CPU_GPU_CV 8549mW/8360mW VDD_SOC 4040mW/3999mW
08-11-2026 21:26:29 RAM 7245/7607MB (lfb 1x1MB) SWAP 1365/16384MB (cached 117MB) CPU [3%@729,1%@729,0%@729,5%@729,92%@1344,1%@1344] GR3D_FREQ 97% cpu@63.531C soc2@62.343C soc0@63.031C gpu@64.5C tj@64.625C soc1@61.968C VDD_IN 17683mW/17530mW VDD_CPU_GPU_CV 8393mW/8360mW VDD_SOC 4040mW/4000mW
08-11-2026 21:26:30 RAM 7250/7607MB (lfb 1x1MB) SWAP 1365/16384MB (cached 117MB) CPU [18%@729,5%@729,10%@729,9%@729,92%@1344,0%@1344] GR3D_FREQ 98% cpu@63.343C soc2@62.343C soc0@63.062C gpu@64.75C tj@64.75C soc1@62.218C VDD_IN 17801mW/17531mW VDD_CPU_GPU_CV 8354mW/8360mW VDD_SOC 4112mW/4000mW
08-11-2026 21:26:31 RAM 7252/7607MB (lfb 1x1MB) SWAP 1365/16384MB (cached 117MB) CPU [1%@729,4%@729,7%@729,0%@729,92%@1344,0%@1344] GR3D_FREQ 98% cpu@63.093C soc2@62.406C soc0@63.125C gpu@64.593C tj@64.593C soc1@61.937C VDD_IN 17643mW/17531mW VDD_CPU_GPU_CV 8120mW/8360mW VDD_SOC 4158mW/4000mW
08-11-2026 21:26:32 RAM 7252/7607MB (lfb 1x1MB) SWAP 1365/16384MB (cached 117MB) CPU [2%@729,2%@729,5%@729,2%@729,92%@1344,0%@1344] GR3D_FREQ 97% cpu@63.187C soc2@62.218C soc0@63.218C gpu@64.687C tj@64.687C soc1@62C VDD_IN 17683mW/17531mW VDD_CPU_GPU_CV 8003mW/8359mW VDD_SOC 4197mW/4000mW
08-11-2026 21:26:33 RAM 7253/7607MB (lfb 1x1MB) SWAP 1365/16384MB (cached 117MB) CPU [1%@729,1%@729,0%@729,6%@729,92%@1344,0%@1344] GR3D_FREQ 99% cpu@63.562C soc2@62.375C soc0@63C gpu@64.156C tj@64.156C soc1@61.937C VDD_IN 17565mW/17531mW VDD_CPU_GPU_CV 7781mW/8358mW VDD_SOC 4276mW/4001mW
08-11-2026 21:26:34 RAM 7253/7607MB (lfb 1x1MB) SWAP 1365/16384MB (cached 117MB) CPU [3%@729,1%@729,4%@729,2%@729,92%@1344,0%@1344] GR3D_FREQ 99% cpu@63.656C soc2@62.281C soc0@63C gpu@64.187C tj@64.187C soc1@62.062C VDD_IN 17486mW/17531mW VDD_CPU_GPU_CV 8250mW/8358mW VDD_SOC 4080mW/4001mW
08-11-2026 21:26:35 RAM 7247/7607MB (lfb 1x1MB) SWAP 1365/16384MB (cached 117MB) CPU [17%@729,4%@729,6%@729,11%@729,93%@1344,0%@1344] GR3D_FREQ 99% cpu@63C soc2@62.312C soc0@63.093C gpu@64.562C tj@64.562C soc1@61.968C VDD_IN 17722mW/17531mW VDD_CPU_GPU_CV 8666mW/8359mW VDD_SOC 3962mW/4001mW
08-11-2026 21:26:36 RAM 7250/7607MB (lfb 1x1MB) SWAP 1365/16384MB (cached 117MB) CPU [3%@729,2%@729,4%@729,2%@729,92%@1344,0%@1344] GR3D_FREQ 99% cpu@63.437C soc2@62.343C soc0@63.187C gpu@64.812C tj@64.812C soc1@61.937C VDD_IN 18046mW/17532mW VDD_CPU_GPU_CV 8744mW/8359mW VDD_SOC 4073mW/4001mW
08-11-2026 21:26:37 RAM 7251/7607MB (lfb 1x1MB) SWAP 1365/16384MB (cached 117MB) CPU [2%@729,1%@729,5%@729,2%@729,97%@1344,0%@1344] GR3D_FREQ 97% cpu@63.343C soc2@62.375C soc0@62.968C gpu@64.75C tj@64.75C soc1@62.031C VDD_IN 17732mW/17532mW VDD_CPU_GPU_CV 8784mW/8360mW VDD_SOC 3923mW/4001mW
08-11-2026 21:26:38 RAM 7251/7607MB (lfb 1x1MB) SWAP 1365/16384MB (cached 117MB) CPU [3%@729,1%@729,1%@729,6%@729,95%@1344,0%@1344] GR3D_FREQ 98% cpu@63.218C soc2@62.343C soc0@63.031C gpu@64.875C tj@64.875C soc1@62C VDD_IN 17811mW/17533mW VDD_CPU_GPU_CV 8784mW/8361mW VDD_SOC 3923mW/4001mW
08-11-2026 21:26:39 RAM 7252/7607MB (lfb 1x1MB) SWAP 1365/16384MB (cached 117MB) CPU [2%@729,2%@729,6%@729,2%@729,91%@1344,1%@1344] GR3D_FREQ 97% cpu@63.5C soc2@62.312C soc0@63.031C gpu@64.781C tj@64.781C soc1@62.187C VDD_IN 17761mW/17533mW VDD_CPU_GPU_CV 8705mW/8361mW VDD_SOC 3962mW/4001mW
08-11-2026 21:26:40 RAM 7253/7607MB (lfb 1x1MB) SWAP 1365/16384MB (cached 117MB) CPU [6%@1113,2%@1113,0%@1113,4%@1113,93%@1344,0%@1344] GR3D_FREQ 98% cpu@63.062C soc2@62.25C soc0@62.968C gpu@64.625C tj@64.625C soc1@62C VDD_IN 17772mW/17534mW VDD_CPU_GPU_CV 8705mW/8362mW VDD_SOC 3962mW/4001mW
08-11-2026 21:26:41 RAM 7261/7607MB (lfb 1x1MB) SWAP 1365/16384MB (cached 116MB) CPU [24%@729,22%@729,22%@729,35%@729,96%@1344,21%@1344] GR3D_FREQ 97% cpu@63.25C soc2@62.375C soc0@62.968C gpu@64.562C tj@64.562C soc1@62.031C VDD_IN 17929mW/17534mW VDD_CPU_GPU_CV 8744mW/8362mW VDD_SOC 4034mW/4001mW
08-11-2026 21:26:42 RAM 7258/7607MB (lfb 1x1MB) SWAP 1365/16384MB (cached 116MB) CPU [7%@729,2%@729,0%@729,6%@729,92%@1344,0%@1344] GR3D_FREQ 98% cpu@63.406C soc2@62.343C soc0@63.062C gpu@64.656C tj@64.656C soc1@62C VDD_IN 17811mW/17535mW VDD_CPU_GPU_CV 8588mW/8363mW VDD_SOC 4040mW/4001mW
08-11-2026 21:26:43 RAM 7259/7607MB (lfb 1x1MB) SWAP 1365/16384MB (cached 116MB) CPU [3%@729,2%@729,1%@729,4%@729,91%@1344,0%@1344] GR3D_FREQ 99% cpu@63.031C soc2@62.312C soc0@63.062C gpu@64.781C tj@64.781C soc1@62.125C VDD_IN 17761mW/17535mW VDD_CPU_GPU_CV 8393mW/8363mW VDD_SOC 4080mW/4001mW
08-11-2026 21:26:44 RAM 7260/7607MB (lfb 1x1MB) SWAP 1365/16384MB (cached 116MB) CPU [23%@1344,2%@1344,3%@1344,1%@1344,74%@729,2%@729] GR3D_FREQ 98% cpu@63.156C soc2@62.437C soc0@63.093C gpu@64.812C tj@64.812C soc1@61.937C VDD_IN 17732mW/17535mW VDD_CPU_GPU_CV 8393mW/8363mW VDD_SOC 4080mW/4001mW
08-11-2026 21:26:45 RAM 7246/7607MB (lfb 1x1MB) SWAP 1365/16384MB (cached 116MB) CPU [92%@1344,2%@1344,4%@1344,2%@1344,0%@729,0%@729] GR3D_FREQ 98% cpu@63.125C soc2@62.375C soc0@63.125C gpu@64.843C tj@64.843C soc1@61.937C VDD_IN 17693mW/17535mW VDD_CPU_GPU_CV 8237mW/8362mW VDD_SOC 4119mW/4001mW
08-11-2026 21:26:46 RAM 7254/7607MB (lfb 1x1MB) SWAP 1365/16384MB (cached 116MB) CPU [69%@729,11%@729,9%@729,6%@729,27%@1344,1%@1344] GR3D_FREQ 98% cpu@63.156C soc2@62.343C soc0@63.093C gpu@64.906C tj@64.906C soc1@62.062C VDD_IN 17811mW/17536mW VDD_CPU_GPU_CV 8237mW/8362mW VDD_SOC 4190mW/4001mW
08-11-2026 21:26:47 RAM 7255/7607MB (lfb 1x1MB) SWAP 1365/16384MB (cached 116MB) CPU [2%@729,2%@729,5%@729,1%@729,92%@1344,0%@1344] GR3D_FREQ 97% cpu@63.375C soc2@62.343C soc0@63.093C gpu@64.718C tj@64.718C soc1@62.062C VDD_IN 17604mW/17536mW VDD_CPU_GPU_CV 7886mW/8362mW VDD_SOC 4237mW/4002mW
08-11-2026 21:26:48 RAM 7256/7607MB (lfb 1x1MB) SWAP 1365/16384MB (cached 116MB) CPU [2%@729,3%@729,4%@729,2%@729,92%@1344,0%@1344] GR3D_FREQ 99% cpu@63.281C soc2@62.343C soc0@63.093C gpu@64.343C tj@64.031C soc1@62.093C VDD_IN 17486mW/17536mW VDD_CPU_GPU_CV 7977mW/8361mW VDD_SOC 4197mW/4002mW
08-11-2026 21:26:49 RAM 7257/7607MB (lfb 1x1MB) SWAP 1365/16384MB (cached 116MB) CPU [2%@729,3%@729,4%@729,3%@729,93%@1344,1%@1344] GR3D_FREQ 99% cpu@63.187C soc2@62.312C soc0@63.093C gpu@64.468C tj@64.468C soc1@61.937C VDD_IN 17604mW/17536mW VDD_CPU_GPU_CV 8471mW/8361mW VDD_SOC 4001mW/4002mW
08-11-2026 21:26:50 RAM 7258/7607MB (lfb 1x1MB) SWAP 1365/16384MB (cached 116MB) CPU [1%@729,1%@729,0%@729,3%@729,92%@1344,3%@1344] GR3D_FREQ 99% cpu@63.187C soc2@62.25C soc0@62.968C gpu@64.625C tj@64.625C soc1@61.968C VDD_IN 17683mW/17536mW VDD_CPU_GPU_CV 8549mW/8361mW VDD_SOC 4001mW/4002mW
08-11-2026 21:26:51 RAM 7259/7607MB (lfb 1x1MB) SWAP 1365/16384MB (cached 116MB) CPU [5%@1344,3%@1344,7%@1344,4%@1344,94%@806,0%@806] GR3D_FREQ 99% cpu@63.218C soc2@62.437C soc0@63.062C gpu@64.875C tj@64.875C soc1@62.031C VDD_IN 17968mW/17537mW VDD_CPU_GPU_CV 8901mW/8362mW VDD_SOC 3955mW/4002mW
08-11-2026 21:26:52 RAM 7263/7607MB (lfb 1x1MB) SWAP 1365/16384MB (cached 116MB) CPU [6%@729,3%@729,11%@729,14%@729,0%@1344,99%@1344] GR3D_FREQ 98% cpu@63.218C soc2@62.375C soc0@63.031C gpu@64.687C tj@64.687C soc1@62.093C VDD_IN 17850mW/17537mW VDD_CPU_GPU_CV 8862mW/8363mW VDD_SOC 3916mW/4002mW
08-11-2026 21:26:53 RAM 7263/7607MB (lfb 1x1MB) SWAP 1365/16384MB (cached 116MB) CPU [7%@729,2%@729,6%@729,3%@729,0%@1344,92%@1344] GR3D_FREQ 97% cpu@63.156C soc2@62.312C soc0@63.062C gpu@65C tj@65C soc1@61.906C VDD_IN 17840mW/17538mW VDD_CPU_GPU_CV 8744mW/8364mW VDD_SOC 3955mW/4002mW
08-11-2026 21:26:54 RAM 7263/7607MB (lfb 1x1MB) SWAP 1365/16384MB (cached 116MB) CPU [1%@729,3%@729,2%@729,5%@729,0%@1344,92%@1344] GR3D_FREQ 98% cpu@63.218C soc2@62.25C soc0@63.093C gpu@65.093C tj@65.093C soc1@62.062C VDD_IN 17811mW/17538mW VDD_CPU_GPU_CV 8784mW/8364mW VDD_SOC 3955mW/4002mW
08-11-2026 21:26:55 RAM 7264/7607MB (lfb 1x1MB) SWAP 1365/16384MB (cached 116MB) CPU [3%@729,2%@729,1%@729,6%@729,0%@1344,93%@1344] GR3D_FREQ 97% cpu@63.312C soc2@62.25C soc0@63.031C gpu@64.625C tj@64.625C soc1@62.093C VDD_IN 17772mW/17538mW VDD_CPU_GPU_CV 8666mW/8365mW VDD_SOC 4001mW/4002mW
08-11-2026 21:26:56 RAM 7264/7607MB (lfb 1x1MB) SWAP 1365/16384MB (cached 116MB) CPU [5%@729,2%@729,3%@729,2%@729,0%@1344,91%@1344] GR3D_FREQ 97% cpu@63.593C soc2@62.281C soc0@63C gpu@64.781C tj@64.781C soc1@62.156C VDD_IN 17772mW/17539mW VDD_CPU_GPU_CV 8627mW/8365mW VDD_SOC 4001mW/4002mW
08-11-2026 21:26:57 RAM 7261/7607MB (lfb 1x1MB) SWAP 1365/16384MB (cached 116MB) CPU [18%@729,8%@729,7%@729,6%@729,0%@1344,92%@1344] GR3D_FREQ 98% cpu@63.156C soc2@62.437C soc0@63.125C gpu@64.75C tj@64.75C soc1@61.968C VDD_IN 17811mW/17539mW VDD_CPU_GPU_CV 8588mW/8365mW VDD_SOC 4040mW/4002mW
08-11-2026 21:26:58 RAM 7263/7607MB (lfb 1x1MB) SWAP 1365/16384MB (cached 116MB) CPU [3%@729,2%@729,6%@729,1%@729,0%@1344,92%@1344] GR3D_FREQ 98% cpu@63.281C soc2@62.25C soc0@62.937C gpu@64.75C tj@64.75C soc1@62C VDD_IN 17732mW/17540mW VDD_CPU_GPU_CV 8432mW/8365mW VDD_SOC 4080mW/4002mW
08-11-2026 21:26:59 RAM 7263/7607MB (lfb 1x1MB) SWAP 1365/16384MB (cached 116MB) CPU [2%@729,1%@729,4%@729,3%@729,1%@1344,92%@1344] GR3D_FREQ 98% cpu@63.5C soc2@62.312C soc0@63.062C gpu@64.5C tj@64.5C soc1@62.125C VDD_IN 17772mW/17540mW VDD_CPU_GPU_CV 8315mW/8365mW VDD_SOC 4119mW/4002mW
08-11-2026 21:27:00 RAM 7264/7607MB (lfb 1x1MB) SWAP 1365/16384MB (cached 116MB) CPU [1%@729,4%@729,2%@729,1%@729,0%@1344,92%@1344] GR3D_FREQ 97% cpu@63.156C soc2@62.281C soc0@63.062C gpu@64.531C tj@64.531C soc1@62.125C VDD_IN 17683mW/17540mW VDD_CPU_GPU_CV 8120mW/8365mW VDD_SOC 4158mW/4002mW
08-11-2026 21:27:01 RAM 7265/7607MB (lfb 1x1MB) SWAP 1365/16384MB (cached 116MB) CPU [3%@729,1%@729,4%@729,2%@729,0%@1344,92%@1344] GR3D_FREQ 98% cpu@63.312C soc2@62.281C soc0@63.062C gpu@64.468C tj@64.468C soc1@61.937C VDD_IN 17722mW/17540mW VDD_CPU_GPU_CV 8042mW/8364mW VDD_SOC 4197mW/4002mW
08-11-2026 21:27:02 RAM 7272/7607MB (lfb 1x1MB) SWAP 1365/16384MB (cached 116MB) CPU [7%@1344,8%@1344,7%@1344,17%@1344,0%@1344,93%@1344] GR3D_FREQ 99% cpu@63.562C soc2@62.437C soc0@63C gpu@64C tj@64C soc1@61.968C VDD_IN 17772mW/17541mW VDD_CPU_GPU_CV 7964mW/8364mW VDD_SOC 4269mW/4003mW
08-11-2026 21:27:03 RAM 7274/7607MB (lfb 1x1MB) SWAP 1365/16384MB (cached 116MB) CPU [3%@729,3%@729,8%@729,3%@729,0%@1344,92%@1344] GR3D_FREQ 99% cpu@63.406C soc2@62.343C soc0@63.093C gpu@64.375C tj@64.375C soc1@62C VDD_IN 17604mW/17541mW VDD_CPU_GPU_CV 8354mW/8364mW VDD_SOC 4080mW/4003mW
08-11-2026 21:27:04 RAM 7274/7607MB (lfb 1x1MB) SWAP 1365/16384MB (cached 116MB) CPU [2%@729,4%@729,3%@729,1%@729,0%@1344,92%@1344] GR3D_FREQ 99% cpu@63.375C soc2@62.312C soc0@63.031C gpu@64.75C tj@64.75C soc1@62C VDD_IN 17604mW/17541mW VDD_CPU_GPU_CV 8549mW/8364mW VDD_SOC 3962mW/4003mW
08-11-2026 21:27:05 RAM 7275/7607MB (lfb 1x1MB) SWAP 1365/16384MB (cached 116MB) CPU [3%@729,2%@729,4%@729,1%@729,0%@1344,92%@1344] GR3D_FREQ 99% cpu@63.156C soc2@62.437C soc0@63.031C gpu@64.906C tj@64.906C soc1@62.156C VDD_IN 18007mW/17542mW VDD_CPU_GPU_CV 8744mW/8365mW VDD_SOC 4073mW/4003mW
08-11-2026 21:27:06 RAM 7275/7607MB (lfb 1x1MB) SWAP 1365/16384MB (cached 116MB) CPU [1%@729,3%@729,1%@729,3%@729,0%@1344,97%@1344] GR3D_FREQ 97% cpu@63.062C soc2@62.281C soc0@63.031C gpu@64.562C tj@64.562C soc1@61.968C VDD_IN 17732mW/17542mW VDD_CPU_GPU_CV 8784mW/8365mW VDD_SOC 3923mW/4003mW
08-11-2026 21:27:07 RAM 7275/7607MB (lfb 1x1MB) SWAP 1365/16384MB (cached 116MB) CPU [3%@729,2%@729,4%@729,0%@729,0%@1344,95%@1344] GR3D_FREQ 98% cpu@63.312C soc2@62.312C soc0@63C gpu@64.468C tj@64.468C soc1@62.062C VDD_IN 17811mW/17542mW VDD_CPU_GPU_CV 8784mW/8366mW VDD_SOC 3962mW/4003mW
08-11-2026 21:27:08 RAM 7264/7607MB (lfb 1x1MB) SWAP 1369/16384MB (cached 116MB) CPU [4%@729,10%@729,6%@729,20%@729,0%@1344,92%@1344] GR3D_FREQ 97% cpu@63.156C soc2@62.281C soc0@63.031C gpu@64.531C tj@64.531C soc1@61.968C VDD_IN 17811mW/17543mW VDD_CPU_GPU_CV 8784mW/8367mW VDD_SOC 3962mW/4003mW
08-11-2026 21:27:09 RAM 7265/7607MB (lfb 1x1MB) SWAP 1369/16384MB (cached 116MB) CPU [2%@729,5%@729,2%@729,6%@729,0%@1344,92%@1344] GR3D_FREQ 97% cpu@63.406C soc2@62.375C soc0@63.031C gpu@64.656C tj@64.656C soc1@62.031C VDD_IN 17811mW/17543mW VDD_CPU_GPU_CV 8744mW/8367mW VDD_SOC 3955mW/4003mW
08-11-2026 21:27:10 RAM 7266/7607MB (lfb 1x1MB) SWAP 1369/16384MB (cached 116MB) CPU [3%@729,3%@729,3%@729,3%@729,0%@1344,91%@1344] GR3D_FREQ 98% cpu@63.125C soc2@62.343C soc0@63.062C gpu@64.812C tj@64.812C soc1@61.968C VDD_IN 17772mW/17543mW VDD_CPU_GPU_CV 8588mW/8367mW VDD_SOC 4001mW/4003mW
08-11-2026 21:27:11 RAM 7266/7607MB (lfb 1x1MB) SWAP 1369/16384MB (cached 116MB) CPU [3%@729,2%@729,1%@729,5%@729,0%@1344,92%@1344] GR3D_FREQ 98% cpu@63.218C soc2@62.312C soc0@62.968C gpu@64.937C tj@64.937C soc1@61.875C VDD_IN 17811mW/17544mW VDD_CPU_GPU_CV 8588mW/8368mW VDD_SOC 4034mW/4003mW
08-11-2026 21:27:12 RAM 7266/7607MB (lfb 1x1MB) SWAP 1369/16384MB (cached 116MB) CPU [4%@729,4%@729,2%@729,1%@729,0%@1344,92%@1344] GR3D_FREQ 99% cpu@63.375C soc2@62.343C soc0@63.031C gpu@64.812C tj@64.812C soc1@61.937C VDD_IN 17801mW/17544mW VDD_CPU_GPU_CV 8432mW/8368mW VDD_SOC 4080mW/4003mW
08-11-2026 21:27:13 RAM 7273/7607MB (lfb 1x1MB) SWAP 1369/16384MB (cached 116MB) CPU [6%@883,12%@883,20%@883,4%@883,0%@1344,91%@1344] GR3D_FREQ 98% cpu@63.093C soc2@62.281C soc0@63.062C gpu@64.906C tj@64.906C soc1@62.062C VDD_IN 17929mW/17545mW VDD_CPU_GPU_CV 8510mW/8368mW VDD_SOC 4073mW/4003mW
08-11-2026 21:27:14 RAM 7269/7607MB (lfb 1x1MB) SWAP 1369/16384MB (cached 116MB) CPU [3%@729,3%@729,7%@729,4%@729,0%@1344,92%@1344] GR3D_FREQ 98% cpu@63.312C soc2@62.281C soc0@63.031C gpu@64.812C tj@64.812C soc1@62.093C VDD_IN 17772mW/17545mW VDD_CPU_GPU_CV 8276mW/8368mW VDD_SOC 4158mW/4003mW
08-11-2026 21:27:15 RAM 7271/7607MB (lfb 1x1MB) SWAP 1369/16384MB (cached 116MB) CPU [3%@729,3%@729,5%@729,2%@729,0%@1344,92%@1344] GR3D_FREQ 98% cpu@63.312C soc2@62.312C soc0@63.093C gpu@64.593C tj@64.593C soc1@62C VDD_IN 17693mW/17545mW VDD_CPU_GPU_CV 8120mW/8368mW VDD_SOC 4197mW/4003mW
08-11-2026 21:27:16 RAM 7272/7607MB (lfb 1x1MB) SWAP 1369/16384MB (cached 116MB) CPU [3%@729,3%@729,4%@729,1%@729,0%@1344,92%@1344] GR3D_FREQ 98% cpu@63.312C soc2@62.187C soc0@62.968C gpu@64.312C tj@64.312C soc1@62C VDD_IN 17604mW/17545mW VDD_CPU_GPU_CV 7859mW/8367mW VDD_SOC 4237mW/4004mW
08-11-2026 21:27:17 RAM 7273/7607MB (lfb 1x1MB) SWAP 1369/16384MB (cached 116MB) CPU [6%@729,1%@729,1%@729,1%@729,0%@1344,92%@1344] GR3D_FREQ 99% cpu@63.468C soc2@62.312C soc0@62.906C gpu@64.093C tj@64.093C soc1@62C VDD_IN 17486mW/17545mW VDD_CPU_GPU_CV 8094mW/8366mW VDD_SOC 4158mW/4004mW
08-11-2026 21:27:18 RAM 7273/7607MB (lfb 1x1MB) SWAP 1369/16384MB (cached 116MB) CPU [3%@1190,3%@1190,7%@1190,1%@1190,0%@1344,92%@1344] GR3D_FREQ 99% cpu@63.125C soc2@62.218C soc0@63C gpu@64.625C tj@64.625C soc1@62.093C VDD_IN 17526mW/17545mW VDD_CPU_GPU_CV 8510mW/8367mW VDD_SOC 3962mW/4004mW
08-11-2026 21:27:19 RAM 7278/7607MB (lfb 1x1MB) SWAP 1369/16384MB (cached 116MB) CPU [39%@1344,5%@1344,5%@1344,17%@1344,0%@729,68%@729] GR3D_FREQ 99% cpu@63C soc2@62.281C soc0@63.093C gpu@64.75C tj@64.75C soc1@62.093C VDD_IN 17811mW/17545mW VDD_CPU_GPU_CV 8666mW/8367mW VDD_SOC 4040mW/4004mW
08-11-2026 21:27:20 RAM 7278/7607MB (lfb 1x1MB) SWAP 1369/16384MB (cached 116MB) CPU [95%@1344,2%@1344,3%@1344,2%@1344,0%@729,0%@729] GR3D_FREQ 98% cpu@63.062C soc2@62.375C soc0@62.968C gpu@64.906C tj@64.906C soc1@61.875C VDD_IN 17693mW/17546mW VDD_CPU_GPU_CV 8744mW/8368mW VDD_SOC 3962mW/4004mW
08-11-2026 21:27:21 RAM 7279/7607MB (lfb 1x1MB) SWAP 1369/16384MB (cached 116MB) CPU [97%@1344,3%@1344,1%@1344,3%@1344,0%@729,0%@729] GR3D_FREQ 97% cpu@63.218C soc2@62.343C soc0@62.968C gpu@65.031C tj@65.031C soc1@61.937C VDD_IN 17850mW/17546mW VDD_CPU_GPU_CV 8823mW/8368mW VDD_SOC 3955mW/4004mW
08-11-2026 21:27:22 RAM 7277/7607MB (lfb 1x1MB) SWAP 1369/16384MB (cached 116MB) CPU [93%@1344,4%@1344,2%@1344,3%@1344,0%@729,0%@729] GR3D_FREQ 99% cpu@63.375C soc2@62.406C soc0@63.031C gpu@64.531C tj@64.531C soc1@62.031C VDD_IN 17811mW/17547mW VDD_CPU_GPU_CV 8744mW/8369mW VDD_SOC 3962mW/4004mW
08-11-2026 21:27:23 RAM 7277/7607MB (lfb 1x1MB) SWAP 1369/16384MB (cached 116MB) CPU [92%@1344,3%@1344,2%@1344,2%@1344,0%@729,0%@729] GR3D_FREQ 98% cpu@63.125C soc2@62.437C soc0@63.093C gpu@64.625C tj@64.625C soc1@62.156C VDD_IN 17811mW/17547mW VDD_CPU_GPU_CV 8744mW/8369mW VDD_SOC 3955mW/4004mW
08-11-2026 21:27:24 RAM 7279/7607MB (lfb 1x1MB) SWAP 1369/16384MB (cached 116MB) CPU [42%@729,19%@729,5%@729,3%@729,51%@1344,0%@1344] GR3D_FREQ 98% cpu@63.062C soc2@62.281C soc0@63.031C gpu@64.562C tj@64.562C soc1@62.031C VDD_IN 17889mW/17547mW VDD_CPU_GPU_CV 8705mW/8370mW VDD_SOC 3995mW/4004mW
08-11-2026 21:27:25 RAM 7280/7607MB (lfb 1x1MB) SWAP 1369/16384MB (cached 116MB) CPU [2%@729,1%@729,8%@729,3%@729,92%@1344,0%@1344] GR3D_FREQ 98% cpu@63.187C soc2@62.343C soc0@63.125C gpu@64.593C tj@64.593C soc1@61.968C VDD_IN 17850mW/17548mW VDD_CPU_GPU_CV 8627mW/8370mW VDD_SOC 4040mW/4004mW
08-11-2026 21:27:26 RAM 7280/7607MB (lfb 1x1MB) SWAP 1369/16384MB (cached 116MB) CPU [3%@729,1%@729,5%@729,3%@729,92%@1344,0%@1344] GR3D_FREQ 98% cpu@63.093C soc2@62.281C soc0@62.906C gpu@64.593C tj@64.593C soc1@61.968C VDD_IN 17801mW/17548mW VDD_CPU_GPU_CV 8471mW/8370mW VDD_SOC 4034mW/4004mW
08-11-2026 21:27:27 RAM 7281/7607MB (lfb 1x1MB) SWAP 1369/16384MB (cached 116MB) CPU [75%@1344,1%@1344,1%@1344,3%@1344,19%@729,1%@729] GR3D_FREQ 98% cpu@63.375C soc2@62.468C soc0@63C gpu@64.781C tj@64.781C soc1@61.968C VDD_IN 17772mW/17548mW VDD_CPU_GPU_CV 8393mW/8370mW VDD_SOC 4080mW/4004mW
08-11-2026 21:27:28 RAM 7281/7607MB (lfb 1x1MB) SWAP 1368/16384MB (cached 116MB) CPU [93%@1344,4%@1344,1%@1344,1%@1344,0%@729,0%@729] GR3D_FREQ 98% cpu@63.406C soc2@62.437C soc0@63C gpu@64.781C tj@64.781C soc1@62.093C VDD_IN 17761mW/17549mW VDD_CPU_GPU_CV 8276mW/8370mW VDD_SOC 4112mW/4004mW
08-11-2026 21:27:29 RAM 7281/7607MB (lfb 1x1MB) SWAP 1368/16384MB (cached 116MB) CPU [74%@729,10%@729,5%@729,18%@729,19%@1344,1%@1344] GR3D_FREQ 98% cpu@63.468C soc2@62.343C soc0@63.093C gpu@64.75C tj@64.75C soc1@62.125C VDD_IN 17889mW/17549mW VDD_CPU_GPU_CV 8354mW/8370mW VDD_SOC 4190mW/4004mW
08-11-2026 21:27:30 RAM 7273/7607MB (lfb 1x1MB) SWAP 1369/16384MB (cached 115MB) CPU [11%@1344,7%@1344,6%@1344,13%@1344,65%@729,2%@729] GR3D_FREQ 0% cpu@63.062C soc2@62.187C soc0@63.093C gpu@63.281C tj@63.281C soc1@62C VDD_IN 13978mW/17544mW VDD_CPU_GPU_CV 5943mW/8367mW VDD_SOC 3469mW/4004mW
08-11-2026 21:27:31 RAM 7248/7607MB (lfb 2x1MB) SWAP 1488/16384MB (cached 158MB) CPU [88%@1344,65%@1344,73%@1344,65%@1344,60%@1190,59%@1190] GR3D_FREQ 0% cpu@62.906C soc2@61.468C soc0@62.593C gpu@62.062C tj@62.906C soc1@61.781C VDD_IN 8518mW/17532mW VDD_CPU_GPU_CV 2861mW/8359mW VDD_SOC 1950mW/4001mW
08-11-2026 21:27:32 RAM 7242/7607MB (lfb 1x2MB) SWAP 1498/16384MB (cached 158MB) CPU [10%@1344,10%@1344,98%@1344,8%@1344,6%@729,6%@729] GR3D_FREQ 97% cpu@63C soc2@61.843C soc0@62.625C gpu@64.312C tj@64.312C soc1@61.812C VDD_IN 16531mW/17530mW VDD_CPU_GPU_CV 8029mW/8359mW VDD_SOC 3615mW/4000mW
08-11-2026 21:27:33 RAM 7243/7607MB (lfb 1x2MB) SWAP 1498/16384MB (cached 158MB) CPU [2%@1344,1%@1344,92%@1344,2%@1344,0%@729,0%@729] GR3D_FREQ 97% cpu@63.062C soc2@62.031C soc0@62.781C gpu@64.281C tj@64.281C soc1@61.875C VDD_IN 17761mW/17531mW VDD_CPU_GPU_CV 8705mW/8359mW VDD_SOC 3923mW/4000mW
08-11-2026 21:27:34 RAM 7243/7607MB (lfb 1x2MB) SWAP 1498/16384MB (cached 158MB) CPU [2%@729,1%@729,9%@729,5%@729,84%@1344,1%@1344] GR3D_FREQ 97% cpu@62.812C soc2@62.156C soc0@62.843C gpu@64.312C tj@64.312C soc1@61.75C VDD_IN 17772mW/17531mW VDD_CPU_GPU_CV 8666mW/8359mW VDD_SOC 4001mW/4000mW
08-11-2026 21:27:35 RAM 7248/7607MB (lfb 2x1MB) SWAP 1498/16384MB (cached 158MB) CPU [17%@729,5%@729,7%@729,8%@729,92%@1344,1%@1344] GR3D_FREQ 98% cpu@63C soc2@62.031C soc0@62.781C gpu@64.312C tj@64.312C soc1@61.75C VDD_IN 17850mW/17531mW VDD_CPU_GPU_CV 8666mW/8360mW VDD_SOC 3995mW/4000mW
08-11-2026 21:27:36 RAM 7248/7607MB (lfb 2x1MB) SWAP 1498/16384MB (cached 158MB) CPU [1%@729,2%@729,0%@729,3%@729,92%@1344,6%@1344] GR3D_FREQ 97% cpu@63C soc2@62.062C soc0@62.812C gpu@64.437C tj@64.437C soc1@61.843C VDD_IN 17772mW/17532mW VDD_CPU_GPU_CV 8549mW/8360mW VDD_SOC 4040mW/4000mW
08-11-2026 21:27:37 RAM 7248/7607MB (lfb 2x1MB) SWAP 1498/16384MB (cached 158MB) CPU [3%@729,1%@729,5%@729,2%@729,92%@1344,0%@1344] GR3D_FREQ 97% cpu@63.062C soc2@62.093C soc0@62.812C gpu@64.343C tj@64.343C soc1@61.812C VDD_IN 17693mW/17532mW VDD_CPU_GPU_CV 8393mW/8360mW VDD_SOC 4080mW/4000mW
08-11-2026 21:27:38 RAM 7248/7607MB (lfb 2x1MB) SWAP 1498/16384MB (cached 158MB) CPU [1%@729,2%@729,1%@729,5%@729,92%@1344,1%@1344] GR3D_FREQ 97% cpu@63.281C soc2@62.125C soc0@62.906C gpu@64.75C tj@64.75C soc1@62C VDD_IN 17761mW/17532mW VDD_CPU_GPU_CV 8354mW/8360mW VDD_SOC 4119mW/4000mW
08-11-2026 21:27:39 RAM 7248/7607MB (lfb 2x1MB) SWAP 1498/16384MB (cached 158MB) CPU [3%@729,3%@729,5%@729,2%@729,92%@1344,0%@1344] GR3D_FREQ 97% cpu@63.031C soc2@62.218C soc0@63.093C gpu@64.687C tj@64.687C soc1@61.843C VDD_IN 17683mW/17532mW VDD_CPU_GPU_CV 8159mW/8360mW VDD_SOC 4158mW/4001mW
08-11-2026 21:27:40 RAM 7251/7607MB (lfb 2x1MB) SWAP 1498/16384MB (cached 158MB) CPU [7%@729,18%@729,3%@729,6%@729,92%@1344,0%@1344] GR3D_FREQ 98% cpu@63.093C soc2@62.187C soc0@63.125C gpu@64.656C tj@64.656C soc1@61.843C VDD_IN 17772mW/17533mW VDD_CPU_GPU_CV 8159mW/8360mW VDD_SOC 4197mW/4001mW
08-11-2026 21:27:41 RAM 7249/7607MB (lfb 2x1MB) SWAP 1498/16384MB (cached 158MB) CPU [1%@729,2%@729,5%@729,2%@729,92%@1344,0%@1344] GR3D_FREQ 99% cpu@63.468C soc2@62.125C soc0@62.937C gpu@64.406C tj@64.406C soc1@61.906C VDD_IN 17604mW/17533mW VDD_CPU_GPU_CV 7768mW/8359mW VDD_SOC 4276mW/4001mW
08-11-2026 21:27:42 RAM 7249/7607MB (lfb 2x1MB) SWAP 1498/16384MB (cached 158MB) CPU [2%@1113,1%@1113,6%@1113,1%@1113,93%@1344,0%@1344] GR3D_FREQ 99% cpu@63.093C soc2@62.218C soc0@62.968C gpu@64.531C tj@64.531C soc1@61.968C VDD_IN 17565mW/17533mW VDD_CPU_GPU_CV 8329mW/8359mW VDD_SOC 4080mW/4001mW
08-11-2026 21:27:43 RAM 7249/7607MB (lfb 2x1MB) SWAP 1498/16384MB (cached 158MB) CPU [4%@729,2%@729,5%@729,3%@729,92%@1344,0%@1344] GR3D_FREQ 99% cpu@62.968C soc2@62.218C soc0@63C gpu@64.562C tj@64.562C soc1@61.906C VDD_IN 17565mW/17533mW VDD_CPU_GPU_CV 8549mW/8359mW VDD_SOC 3962mW/4001mW
08-11-2026 21:27:44 RAM 7249/7607MB (lfb 2x1MB) SWAP 1498/16384MB (cached 158MB) CPU [2%@1344,1%@1344,4%@1344,3%@1344,92%@1344,0%@1344] GR3D_FREQ 99% cpu@63.218C soc2@62.25C soc0@62.906C gpu@64.968C tj@64.968C soc1@61.875C VDD_IN 18085mW/17534mW VDD_CPU_GPU_CV 8823mW/8360mW VDD_SOC 4073mW/4001mW
08-11-2026 21:27:45 RAM 7249/7607MB (lfb 2x1MB) SWAP 1498/16384MB (cached 158MB) CPU [7%@1344,1%@1344,5%@1344,2%@1344,98%@1344,0%@1344] GR3D_FREQ 96% cpu@63.312C soc2@62.25C soc0@63C gpu@64.875C tj@64.875C soc1@61.968C VDD_IN 17850mW/17534mW VDD_CPU_GPU_CV 8901mW/8360mW VDD_SOC 3923mW/4001mW
08-11-2026 21:27:46 RAM 7254/7607MB (lfb 2x1MB) SWAP 1498/16384MB (cached 158MB) CPU [5%@729,17%@729,5%@729,8%@729,94%@1344,0%@1344] GR3D_FREQ 97% cpu@63.312C soc2@62.25C soc0@62.968C gpu@64.906C tj@64.906C soc1@62.062C VDD_IN 17850mW/17535mW VDD_CPU_GPU_CV 8862mW/8361mW VDD_SOC 3962mW/4001mW
08-11-2026 21:27:47 RAM 7255/7607MB (lfb 2x1MB) SWAP 1498/16384MB (cached 158MB) CPU [3%@729,3%@729,9%@729,2%@729,92%@1344,0%@1344] GR3D_FREQ 97% cpu@63.25C soc2@62.25C soc0@63.031C gpu@64.406C tj@64.406C soc1@61.875C VDD_IN 17761mW/17535mW VDD_CPU_GPU_CV 8666mW/8362mW VDD_SOC 3962mW/4001mW
08-11-2026 21:27:48 RAM 7249/7607MB (lfb 2x1MB) SWAP 1499/16384MB (cached 158MB) CPU [3%@729,3%@729,4%@729,1%@729,92%@1344,0%@1344] GR3D_FREQ 98% cpu@63.156C soc2@62.187C soc0@63.031C gpu@64.593C tj@64.593C soc1@61.937C VDD_IN 17772mW/17535mW VDD_CPU_GPU_CV 8705mW/8362mW VDD_SOC 3962mW/4001mW
08-11-2026 21:27:49 RAM 7249/7607MB (lfb 2x1MB) SWAP 1499/16384MB (cached 158MB) CPU [3%@729,4%@729,1%@729,3%@729,92%@1344,0%@1344] GR3D_FREQ 98% cpu@63.312C soc2@62.218C soc0@62.906C gpu@64.406C tj@64.406C soc1@61.937C VDD_IN 17722mW/17535mW VDD_CPU_GPU_CV 8549mW/8362mW VDD_SOC 4001mW/4001mW
08-11-2026 21:27:50 RAM 7249/7607MB (lfb 2x1MB) SWAP 1499/16384MB (cached 158MB) CPU [2%@1344,5%@1344,2%@1344,1%@1344,92%@1344,0%@1344] GR3D_FREQ 98% cpu@62.968C soc2@62.343C soc0@63C gpu@64.468C tj@64.468C soc1@62.062C VDD_IN 17643mW/17536mW VDD_CPU_GPU_CV 8471mW/8362mW VDD_SOC 4001mW/4001mW
08-11-2026 21:27:51 RAM 7255/7607MB (lfb 1x1MB) SWAP 1499/16384MB (cached 158MB) CPU [7%@729,4%@729,10%@729,17%@729,92%@1344,0%@1344] GR3D_FREQ 98% cpu@63.062C soc2@62.218C soc0@63.125C gpu@64.25C tj@64.25C soc1@62.062C VDD_IN 17693mW/17536mW VDD_CPU_GPU_CV 8393mW/8362mW VDD_SOC 4040mW/4001mW
08-11-2026 21:27:52 RAM 7255/7607MB (lfb 1x1MB) SWAP 1499/16384MB (cached 158MB) CPU [2%@806,5%@806,2%@806,3%@806,92%@1344,0%@1344] GR3D_FREQ 98% cpu@63.156C soc2@62.25C soc0@63.093C gpu@64.406C tj@64.406C soc1@61.937C VDD_IN 17643mW/17536mW VDD_CPU_GPU_CV 8315mW/8362mW VDD_SOC 4080mW/4001mW
08-11-2026 21:27:53 RAM 7253/7607MB (lfb 1x1MB) SWAP 1499/16384MB (cached 158MB) CPU [2%@729,1%@729,3%@729,4%@729,50%@1344,41%@1344] GR3D_FREQ 99% cpu@63.218C soc2@62.281C soc0@63.031C gpu@64.312C tj@64.312C soc1@61.875C VDD_IN 17526mW/17536mW VDD_CPU_GPU_CV 8081mW/8362mW VDD_SOC 4119mW/4001mW
08-11-2026 21:27:54 RAM 7252/7607MB (lfb 1x1MB) SWAP 1499/16384MB (cached 158MB) CPU [3%@729,3%@729,5%@729,1%@729,0%@1344,92%@1344] GR3D_FREQ 98% cpu@63.312C soc2@62.375C soc0@62.968C gpu@64.312C tj@64.312C soc1@62.062C VDD_IN 17486mW/17536mW VDD_CPU_GPU_CV 7964mW/8361mW VDD_SOC 4158mW/4002mW
08-11-2026 21:27:55 RAM 7252/7607MB (lfb 1x1MB) SWAP 1499/16384MB (cached 158MB) CPU [3%@729,1%@729,1%@729,4%@729,0%@1344,92%@1344] GR3D_FREQ 98% cpu@63.218C soc2@62.375C soc0@63.062C gpu@64.218C tj@64.218C soc1@61.968C VDD_IN 17486mW/17536mW VDD_CPU_GPU_CV 7742mW/8361mW VDD_SOC 4237mW/4002mW
08-11-2026 21:27:56 RAM 7254/7607MB (lfb 1x1MB) SWAP 1499/16384MB (cached 158MB) CPU [6%@729,7%@729,19%@729,6%@729,0%@1344,92%@1344] GR3D_FREQ 99% cpu@63.468C soc2@62.406C soc0@63.093C gpu@64.156C tj@64.156C soc1@61.968C VDD_IN 17683mW/17536mW VDD_CPU_GPU_CV 8237mW/8360mW VDD_SOC 4119mW/4002mW
08-11-2026 21:27:57 RAM 7254/7607MB (lfb 1x1MB) SWAP 1499/16384MB (cached 158MB) CPU [2%@729,4%@729,2%@729,1%@729,0%@1344,93%@1344] GR3D_FREQ 99% cpu@63.218C soc2@62.281C soc0@62.968C gpu@64.718C tj@64.718C soc1@61.937C VDD_IN 17408mW/17536mW VDD_CPU_GPU_CV 8432mW/8361mW VDD_SOC 3962mW/4002mW
08-11-2026 21:27:58 RAM 7254/7607MB (lfb 1x1MB) SWAP 1499/16384MB (cached 158MB) CPU [3%@729,9%@729,2%@729,1%@729,0%@1344,91%@1344] GR3D_FREQ 99% cpu@63.156C soc2@62.312C soc0@62.937C gpu@64.843C tj@64.843C soc1@62.093C VDD_IN 17732mW/17536mW VDD_CPU_GPU_CV 8588mW/8361mW VDD_SOC 4001mW/4002mW
08-11-2026 21:27:59 RAM 7254/7607MB (lfb 1x1MB) SWAP 1499/16384MB (cached 158MB) CPU [1%@729,3%@729,2%@729,7%@729,0%@1190,96%@1190] GR3D_FREQ 98% cpu@63.25C soc2@62.406C soc0@63.062C gpu@64.75C tj@64.75C soc1@62.031C VDD_IN 17683mW/17536mW VDD_CPU_GPU_CV 8627mW/8361mW VDD_SOC 3923mW/4002mW
08-11-2026 21:28:00 RAM 7254/7607MB (lfb 1x1MB) SWAP 1499/16384MB (cached 158MB) CPU [3%@729,5%@729,3%@729,3%@729,0%@1344,96%@1344] GR3D_FREQ 97% cpu@63.562C soc2@62.375C soc0@62.937C gpu@64.781C tj@64.781C soc1@62.062C VDD_IN 17722mW/17537mW VDD_CPU_GPU_CV 8744mW/8362mW VDD_SOC 3923mW/4002mW
08-11-2026 21:28:01 RAM 7253/7607MB (lfb 1x1MB) SWAP 1499/16384MB (cached 158MB) CPU [3%@729,2%@729,1%@729,5%@729,0%@1344,93%@1344] GR3D_FREQ 98% cpu@63.125C soc2@62.375C soc0@62.968C gpu@64.781C tj@64.781C soc1@61.968C VDD_IN 17722mW/17537mW VDD_CPU_GPU_CV 8666mW/8362mW VDD_SOC 3962mW/4002mW
08-11-2026 21:28:02 RAM 7253/7607MB (lfb 1x1MB) SWAP 1499/16384MB (cached 158MB) CPU [11%@729,9%@729,16%@729,7%@729,0%@1344,92%@1344] GR3D_FREQ 98% cpu@63.25C soc2@62.375C soc0@62.968C gpu@64.625C tj@64.625C soc1@61.937C VDD_IN 17732mW/17537mW VDD_CPU_GPU_CV 8744mW/8363mW VDD_SOC 3962mW/4002mW
08-11-2026 21:28:03 RAM 7257/7607MB (lfb 1x1MB) SWAP 1499/16384MB (cached 158MB) CPU [2%@729,4%@729,2%@729,2%@729,0%@1344,92%@1344] GR3D_FREQ 99% cpu@63.468C soc2@62.312C soc0@62.968C gpu@64.562C tj@64.562C soc1@61.968C VDD_IN 17683mW/17537mW VDD_CPU_GPU_CV 8549mW/8363mW VDD_SOC 4001mW/4002mW
08-11-2026 21:28:04 RAM 7257/7607MB (lfb 1x1MB) SWAP 1499/16384MB (cached 158MB) CPU [2%@729,5%@729,2%@729,1%@729,0%@1344,92%@1344] GR3D_FREQ 98% cpu@63.312C soc2@62.343C soc0@62.906C gpu@64.593C tj@64.593C soc1@62.062C VDD_IN 17643mW/17537mW VDD_CPU_GPU_CV 8510mW/8363mW VDD_SOC 4001mW/4002mW
08-11-2026 21:28:05 RAM 7258/7607MB (lfb 1x1MB) SWAP 1499/16384MB (cached 158MB) CPU [2%@729,4%@729,1%@729,1%@729,0%@1344,92%@1344] GR3D_FREQ 98% cpu@63.562C soc2@62.312C soc0@62.968C gpu@64.531C tj@64.531C soc1@62.218C VDD_IN 17683mW/17538mW VDD_CPU_GPU_CV 8354mW/8363mW VDD_SOC 4040mW/4002mW
08-11-2026 21:28:06 RAM 7258/7607MB (lfb 1x1MB) SWAP 1499/16384MB (cached 158MB) CPU [3%@729,5%@729,1%@729,2%@729,0%@1344,92%@1344] GR3D_FREQ 97% cpu@63.187C soc2@62.343C soc0@63.093C gpu@64.687C tj@64.687C soc1@62C VDD_IN 17643mW/17538mW VDD_CPU_GPU_CV 8354mW/8363mW VDD_SOC 4080mW/4002mW
08-11-2026 21:28:07 RAM 7252/7607MB (lfb 1x2MB) SWAP 1499/16384MB (cached 158MB) CPU [15%@729,7%@729,8%@729,11%@729,0%@1344,92%@1344] GR3D_FREQ 98% cpu@63.25C soc2@62.25C soc0@62.968C gpu@64.593C tj@64.812C soc1@61.968C VDD_IN 17761mW/17538mW VDD_CPU_GPU_CV 8315mW/8363mW VDD_SOC 4112mW/4002mW
08-11-2026 21:28:08 RAM 7253/7607MB (lfb 1x2MB) SWAP 1499/16384MB (cached 158MB) CPU [6%@729,4%@729,2%@729,2%@729,0%@1344,92%@1344] GR3D_FREQ 97% cpu@63.562C soc2@62.281C soc0@62.937C gpu@64.781C tj@64.781C soc1@62.031C VDD_IN 17604mW/17538mW VDD_CPU_GPU_CV 8042mW/8363mW VDD_SOC 4158mW/4002mW
08-11-2026 21:28:09 RAM 7253/7607MB (lfb 1x2MB) SWAP 1499/16384MB (cached 158MB) CPU [9%@729,2%@729,1%@729,4%@729,0%@1344,92%@1344] GR3D_FREQ 97% cpu@63.468C soc2@62.218C soc0@62.968C gpu@64.812C tj@64.812C soc1@62.062C VDD_IN 17565mW/17538mW VDD_CPU_GPU_CV 7859mW/8362mW VDD_SOC 4237mW/4003mW
08-11-2026 21:28:10 RAM 7254/7607MB (lfb 1x2MB) SWAP 1499/16384MB (cached 158MB) CPU [2%@729,2%@729,2%@729,4%@729,0%@1344,92%@1344] GR3D_FREQ 99% cpu@63.812C soc2@62.406C soc0@63.062C gpu@64.312C tj@64.312C soc1@62.187C VDD_IN 17408mW/17538mW VDD_CPU_GPU_CV 7938mW/8361mW VDD_SOC 4158mW/4003mW
08-11-2026 21:28:11 RAM 7251/7607MB (lfb 1x2MB) SWAP 1499/16384MB (cached 158MB) CPU [5%@729,9%@729,3%@729,3%@729,2%@1344,91%@1344] GR3D_FREQ 99% cpu@63.187C soc2@62.312C soc0@63.093C gpu@64.593C tj@64.593C soc1@61.968C VDD_IN 17526mW/17538mW VDD_CPU_GPU_CV 8510mW/8362mW VDD_SOC 3962mW/4003mW
08-11-2026 21:28:12 RAM 7253/7607MB (lfb 1x2MB) SWAP 1499/16384MB (cached 158MB) CPU [6%@729,2%@729,6%@729,4%@729,0%@1344,92%@1344] GR3D_FREQ 99% cpu@63.562C soc2@62.312C soc0@63.062C gpu@64.593C tj@64.593C soc1@62C VDD_IN 17761mW/17538mW VDD_CPU_GPU_CV 8588mW/8362mW VDD_SOC 4001mW/4003mW
08-11-2026 21:28:13 RAM 7251/7607MB (lfb 3x2MB) SWAP 1499/16384MB (cached 158MB) CPU [6%@729,9%@729,9%@729,8%@729,0%@1036,95%@1036] GR3D_FREQ 99% cpu@63.343C soc2@62.312C soc0@62.968C gpu@64.625C tj@64.625C soc1@62C VDD_IN 17643mW/17538mW VDD_CPU_GPU_CV 8666mW/8362mW VDD_SOC 3962mW/4003mW
08-11-2026 21:28:14 RAM 7251/7607MB (lfb 3x2MB) SWAP 1499/16384MB (cached 158MB) CPU [2%@729,2%@729,1%@729,4%@729,0%@1344,97%@1344] GR3D_FREQ 97% cpu@63.343C soc2@62.375C soc0@63.031C gpu@64.718C tj@64.718C soc1@62.125C VDD_IN 17761mW/17539mW VDD_CPU_GPU_CV 8744mW/8363mW VDD_SOC 3923mW/4003mW
08-11-2026 21:28:15 RAM 7252/7607MB (lfb 3x2MB) SWAP 1499/16384MB (cached 158MB) CPU [89%@1344,0%@1344,1%@1344,4%@1344,0%@729,3%@729] GR3D_FREQ 99% cpu@63.281C soc2@62.531C soc0@63.093C gpu@64.812C tj@64.812C soc1@62.218C VDD_IN 17761mW/17539mW VDD_CPU_GPU_CV 8666mW/8363mW VDD_SOC 3962mW/4003mW
08-11-2026 21:28:16 RAM 7252/7607MB (lfb 3x2MB) SWAP 1499/16384MB (cached 158MB) CPU [93%@1344,5%@1344,1%@1344,1%@1344,0%@729,0%@729] GR3D_FREQ 98% cpu@63.25C soc2@62.468C soc0@63.093C gpu@64.75C tj@64.75C soc1@62C VDD_IN 17761mW/17539mW VDD_CPU_GPU_CV 8666mW/8364mW VDD_SOC 3962mW/4002mW
08-11-2026 21:28:17 RAM 7253/7607MB (lfb 3x2MB) SWAP 1499/16384MB (cached 158MB) CPU [92%@1344,3%@1344,5%@1344,5%@1344,0%@729,0%@729] GR3D_FREQ 98% cpu@63.25C soc2@62.468C soc0@62.968C gpu@64.781C tj@64.781C soc1@62.031C VDD_IN 17722mW/17539mW VDD_CPU_GPU_CV 8588mW/8364mW VDD_SOC 4001mW/4002mW
08-11-2026 21:28:18 RAM 7260/7607MB (lfb 3x2MB) SWAP 1499/16384MB (cached 158MB) CPU [32%@729,17%@729,8%@729,8%@729,64%@1344,3%@1344] GR3D_FREQ 98% cpu@63.406C soc2@62.437C soc0@63.062C gpu@64.843C tj@64.625C soc1@62.062C VDD_IN 17772mW/17540mW VDD_CPU_GPU_CV 8627mW/8364mW VDD_SOC 4001mW/4002mW
08-11-2026 21:28:19 RAM 7261/7607MB (lfb 3x2MB) SWAP 1499/16384MB (cached 158MB) CPU [3%@729,2%@729,2%@729,4%@729,92%@1344,0%@1344] GR3D_FREQ 98% cpu@63.156C soc2@62.437C soc0@63.125C gpu@64.562C tj@64.562C soc1@62.062C VDD_IN 17683mW/17540mW VDD_CPU_GPU_CV 8432mW/8364mW VDD_SOC 4040mW/4003mW
08-11-2026 21:28:20 RAM 7261/7607MB (lfb 3x2MB) SWAP 1499/16384MB (cached 158MB) CPU [2%@729,2%@729,2%@729,8%@729,92%@1344,0%@1344] GR3D_FREQ 98% cpu@63.437C soc2@62.375C soc0@63.125C gpu@64.562C tj@64.562C soc1@62.187C VDD_IN 17654mW/17540mW VDD_CPU_GPU_CV 8393mW/8364mW VDD_SOC 4080mW/4003mW
08-11-2026 21:28:21 RAM 7262/7607MB (lfb 3x2MB) SWAP 1499/16384MB (cached 158MB) CPU [3%@729,4%@729,2%@729,2%@729,92%@1344,0%@1344] GR3D_FREQ 97% cpu@63.093C soc2@62.343C soc0@63.093C gpu@64.625C tj@64.625C soc1@61.968C VDD_IN 17615mW/17540mW VDD_CPU_GPU_CV 8237mW/8364mW VDD_SOC 4119mW/4003mW
08-11-2026 21:28:22 RAM 7262/7607MB (lfb 3x2MB) SWAP 1499/16384MB (cached 158MB) CPU [3%@729,1%@729,2%@729,5%@729,93%@1344,0%@1344] GR3D_FREQ 97% cpu@63.218C soc2@62.218C soc0@62.968C gpu@64.562C tj@64.562C soc1@62.062C VDD_IN 17615mW/17540mW VDD_CPU_GPU_CV 8159mW/8364mW VDD_SOC 4158mW/4003mW
08-11-2026 21:28:23 RAM 7264/7607MB (lfb 3x2MB) SWAP 1499/16384MB (cached 158MB) CPU [4%@729,10%@729,7%@729,12%@729,92%@1344,1%@1344] GR3D_FREQ 98% cpu@63.531C soc2@62.343C soc0@62.906C gpu@64.5C tj@64.5C soc1@62.125C VDD_IN 17772mW/17541mW VDD_CPU_GPU_CV 8081mW/8364mW VDD_SOC 4237mW/4003mW
08-11-2026 21:28:24 RAM 7264/7607MB (lfb 3x2MB) SWAP 1499/16384MB (cached 158MB) CPU [4%@729,3%@729,2%@729,2%@729,92%@1344,2%@1344] GR3D_FREQ 99% cpu@63.406C soc2@62.5C soc0@63.093C gpu@64.218C tj@64.218C soc1@62.156C VDD_IN 17486mW/17541mW VDD_CPU_GPU_CV 7781mW/8363mW VDD_SOC 4237mW/4004mW
08-11-2026 21:28:25 RAM 7265/7607MB (lfb 3x2MB) SWAP 1499/16384MB (cached 158MB) CPU [2%@729,3%@729,1%@729,4%@729,91%@1344,0%@1344] GR3D_FREQ 99% cpu@63.218C soc2@62.406C soc0@63.125C gpu@64.781C tj@64.781C soc1@61.937C VDD_IN 17447mW/17540mW VDD_CPU_GPU_CV 8368mW/8363mW VDD_SOC 4001mW/4004mW
08-11-2026 21:28:26 RAM 7265/7607MB (lfb 3x2MB) SWAP 1499/16384MB (cached 158MB) CPU [1%@729,0%@729,2%@729,2%@729,93%@1344,2%@1344] GR3D_FREQ 99% cpu@63.25C soc2@62.25C soc0@63.25C gpu@64.812C tj@64.812C soc1@62.093C VDD_IN 17526mW/17540mW VDD_CPU_GPU_CV 8471mW/8363mW VDD_SOC 4001mW/4004mW
08-11-2026 21:28:27 RAM 7265/7607MB (lfb 3x2MB) SWAP 1499/16384MB (cached 158MB) CPU [3%@729,4%@729,3%@729,4%@729,93%@729,0%@729] GR3D_FREQ 99% cpu@63.156C soc2@62.312C soc0@63.031C gpu@65.156C tj@65.156C soc1@62.031C VDD_IN 17889mW/17541mW VDD_CPU_GPU_CV 8862mW/8364mW VDD_SOC 3995mW/4004mW
08-11-2026 21:28:28 RAM 7266/7607MB (lfb 3x2MB) SWAP 1499/16384MB (cached 158MB) CPU [3%@729,4%@729,2%@729,2%@729,99%@1344,0%@1344] GR3D_FREQ 97% cpu@63.343C soc2@62.375C soc0@63.031C gpu@64.75C tj@64.75C soc1@62.125C VDD_IN 17772mW/17541mW VDD_CPU_GPU_CV 8784mW/8364mW VDD_SOC 3923mW/4003mW
08-11-2026 21:28:29 RAM 7267/7607MB (lfb 3x2MB) SWAP 1499/16384MB (cached 158MB) CPU [6%@729,11%@729,17%@729,5%@729,92%@1344,1%@1344] GR3D_FREQ 97% cpu@63.093C soc2@62.375C soc0@63.156C gpu@64.625C tj@64.625C soc1@62.156C VDD_IN 17772mW/17541mW VDD_CPU_GPU_CV 8744mW/8365mW VDD_SOC 3962mW/4003mW
08-11-2026 21:28:30 RAM 7268/7607MB (lfb 3x2MB) SWAP 1499/16384MB (cached 158MB) CPU [2%@729,2%@729,2%@729,2%@729,92%@1344,3%@1344] GR3D_FREQ 98% cpu@63.062C soc2@62.375C soc0@63.093C gpu@64.687C tj@64.687C soc1@61.968C VDD_IN 17732mW/17542mW VDD_CPU_GPU_CV 8705mW/8365mW VDD_SOC 3962mW/4003mW
08-11-2026 21:28:31 RAM 7268/7607MB (lfb 3x2MB) SWAP 1499/16384MB (cached 158MB) CPU [5%@729,1%@729,1%@729,3%@729,93%@1344,0%@1344] GR3D_FREQ 97% cpu@63.187C soc2@62.218C soc0@63.125C gpu@64.593C tj@64.593C soc1@62C VDD_IN 17722mW/17542mW VDD_CPU_GPU_CV 8588mW/8365mW VDD_SOC 3962mW/4003mW
08-11-2026 21:28:32 RAM 7269/7607MB (lfb 3x2MB) SWAP 1499/16384MB (cached 158MB) CPU [4%@729,5%@729,2%@729,0%@729,92%@1344,0%@1344] GR3D_FREQ 97% cpu@63.187C soc2@62.25C soc0@63.031C gpu@64.687C tj@64.687C soc1@62.031C VDD_IN 17693mW/17542mW VDD_CPU_GPU_CV 8588mW/8366mW VDD_SOC 4001mW/4003mW
08-11-2026 21:28:33 RAM 7268/7607MB (lfb 3x2MB) SWAP 1499/16384MB (cached 158MB) CPU [42%@1344,3%@1344,2%@1344,2%@1344,50%@729,0%@729] GR3D_FREQ 97% cpu@63.5C soc2@62.375C soc0@62.968C gpu@64.718C tj@64.718C soc1@62.093C VDD_IN 17683mW/17542mW VDD_CPU_GPU_CV 8471mW/8366mW VDD_SOC 4040mW/4003mW
08-11-2026 21:28:34 RAM 7269/7607MB (lfb 3x2MB) SWAP 1499/16384MB (cached 158MB) CPU [48%@729,7%@729,7%@729,18%@729,47%@1344,0%@1344] GR3D_FREQ 98% cpu@63.125C soc2@62.343C soc0@63.093C gpu@65C tj@65C soc1@62.156C VDD_IN 17732mW/17543mW VDD_CPU_GPU_CV 8510mW/8366mW VDD_SOC 4040mW/4003mW
08-11-2026 21:28:35 RAM 7269/7607MB (lfb 3x2MB) SWAP 1499/16384MB (cached 158MB) CPU [53%@1344,2%@1344,4%@1344,2%@1344,39%@729,0%@729] GR3D_FREQ 97% cpu@63.218C soc2@62.5C soc0@63.125C gpu@65.031C tj@65.031C soc1@61.968C VDD_IN 17683mW/17543mW VDD_CPU_GPU_CV 8276mW/8366mW VDD_SOC 4080mW/4004mW
08-11-2026 21:28:36 RAM 7269/7607MB (lfb 3x2MB) SWAP 1499/16384MB (cached 158MB) CPU [93%@1344,3%@1344,1%@1344,2%@1344,0%@729,0%@729] GR3D_FREQ 97% cpu@63.125C soc2@62.406C soc0@63.156C gpu@64.468C tj@64.468C soc1@62.062C VDD_IN 17565mW/17543mW VDD_CPU_GPU_CV 8081mW/8365mW VDD_SOC 4158mW/4004mW
08-11-2026 21:28:37 RAM 7267/7607MB (lfb 2x2MB) SWAP 1499/16384MB (cached 158MB) CPU [92%@1344,3%@1344,2%@1344,3%@1344,0%@729,2%@729] GR3D_FREQ 97% cpu@63.312C soc2@62.437C soc0@63.093C gpu@64.343C tj@64.343C soc1@62.125C VDD_IN 17643mW/17543mW VDD_CPU_GPU_CV 8003mW/8365mW VDD_SOC 4197mW/4004mW
08-11-2026 21:28:38 RAM 7272/7607MB (lfb 2x2MB) SWAP 1499/16384MB (cached 158MB) CPU [92%@1344,2%@1344,2%@1344,1%@1344,2%@729,0%@729] GR3D_FREQ 99% cpu@63.531C soc2@62.437C soc0@63.062C gpu@63.968C tj@63.968C soc1@62.031C VDD_IN 17526mW/17543mW VDD_CPU_GPU_CV 7742mW/8364mW VDD_SOC 4276mW/4004mW
08-11-2026 21:28:39 RAM 7273/7607MB (lfb 3x2MB) SWAP 1499/16384MB (cached 158MB) CPU [82%@960,7%@960,8%@960,9%@960,11%@1344,3%@1344] GR3D_FREQ 99% cpu@63.375C soc2@62.5C soc0@63.187C gpu@64.375C tj@64.375C soc1@62.156C VDD_IN 17604mW/17543mW VDD_CPU_GPU_CV 8432mW/8364mW VDD_SOC 4040mW/4004mW
08-11-2026 21:28:40 RAM 7274/7607MB (lfb 3x2MB) SWAP 1499/16384MB (cached 158MB) CPU [6%@729,2%@729,3%@729,5%@729,92%@1344,5%@1344] GR3D_FREQ 99% cpu@63.062C soc2@62.375C soc0@63.093C gpu@64.468C tj@64.468C soc1@61.937C VDD_IN 17565mW/17543mW VDD_CPU_GPU_CV 8471mW/8364mW VDD_SOC 3962mW/4004mW
08-11-2026 21:28:41 RAM 7275/7607MB (lfb 3x2MB) SWAP 1499/16384MB (cached 158MB) CPU [5%@729,2%@729,1%@729,1%@729,92%@729,0%@729] GR3D_FREQ 99% cpu@63.343C soc2@62.375C soc0@63.093C gpu@64.812C tj@64.812C soc1@62.062C VDD_IN 17968mW/17544mW VDD_CPU_GPU_CV 8744mW/8365mW VDD_SOC 4073mW/4004mW
08-11-2026 21:28:42 RAM 7275/7607MB (lfb 3x2MB) SWAP 1499/16384MB (cached 158MB) CPU [5%@729,1%@729,2%@729,2%@729,99%@1344,0%@1344] GR3D_FREQ 97% cpu@63.156C soc2@62.312C soc0@63.031C gpu@64.781C tj@64.781C soc1@62.031C VDD_IN 17732mW/17544mW VDD_CPU_GPU_CV 8784mW/8365mW VDD_SOC 3923mW/4004mW
08-11-2026 21:28:43 RAM 7275/7607MB (lfb 3x2MB) SWAP 1499/16384MB (cached 158MB) CPU [2%@729,2%@729,4%@729,1%@729,94%@1344,0%@1344] GR3D_FREQ 97% cpu@63.406C soc2@62.281C soc0@63.031C gpu@64.781C tj@64.781C soc1@62C VDD_IN 17732mW/17544mW VDD_CPU_GPU_CV 8784mW/8366mW VDD_SOC 3955mW/4004mW
08-11-2026 21:28:44 RAM 7276/7607MB (lfb 3x2MB) SWAP 1499/16384MB (cached 158MB) CPU [4%@729,2%@729,5%@729,3%@729,92%@1344,0%@1344] GR3D_FREQ 97% cpu@63.062C soc2@62.375C soc0@63.062C gpu@64.781C tj@64.781C soc1@62.125C VDD_IN 17732mW/17544mW VDD_CPU_GPU_CV 8705mW/8366mW VDD_SOC 3923mW/4004mW
08-11-2026 21:28:45 RAM 7277/7607MB (lfb 3x2MB) SWAP 1499/16384MB (cached 158MB) CPU [9%@729,5%@729,9%@729,13%@729,92%@1344,0%@1344] GR3D_FREQ 97% cpu@63.093C soc2@62.343C soc0@63.125C gpu@64.812C tj@64.812C soc1@61.968C VDD_IN 17811mW/17545mW VDD_CPU_GPU_CV 8744mW/8367mW VDD_SOC 4001mW/4004mW
08-11-2026 21:28:46 RAM 7278/7607MB (lfb 3x2MB) SWAP 1499/16384MB (cached 158MB) CPU [3%@729,4%@729,2%@729,1%@729,92%@1344,0%@1344] GR3D_FREQ 97% cpu@63.218C soc2@62.312C soc0@63.093C gpu@64.781C tj@64.468C soc1@62.031C VDD_IN 17722mW/17545mW VDD_CPU_GPU_CV 8549mW/8367mW VDD_SOC 4001mW/4004mW
08-11-2026 21:28:47 RAM 7278/7607MB (lfb 3x2MB) SWAP 1499/16384MB (cached 158MB) CPU [3%@729,5%@729,1%@729,2%@729,92%@1344,0%@1344] GR3D_FREQ 98% cpu@63.437C soc2@62.343C soc0@63.031C gpu@64.656C tj@64.656C soc1@62.062C VDD_IN 17761mW/17545mW VDD_CPU_GPU_CV 8510mW/8367mW VDD_SOC 4001mW/4004mW
08-11-2026 21:28:48 RAM 7276/7607MB (lfb 2x2MB) SWAP 1499/16384MB (cached 158MB) CPU [2%@729,2%@729,2%@729,5%@729,92%@1344,0%@1344] GR3D_FREQ 97% cpu@63.343C soc2@62.312C soc0@63.031C gpu@64.593C tj@64.593C soc1@62.062C VDD_IN 17683mW/17545mW VDD_CPU_GPU_CV 8393mW/8367mW VDD_SOC 4040mW/4004mW
08-11-2026 21:28:49 RAM 7277/7607MB (lfb 3x2MB) SWAP 1499/16384MB (cached 158MB) CPU [3%@729,3%@729,3%@729,3%@729,93%@1344,0%@1344] GR3D_FREQ 97% cpu@63.062C soc2@62.312C soc0@63.093C gpu@64.656C tj@64.656C soc1@61.906C VDD_IN 17683mW/17545mW VDD_CPU_GPU_CV 8315mW/8367mW VDD_SOC 4080mW/4004mW
08-11-2026 21:28:50 RAM 7278/7607MB (lfb 3x2MB) SWAP 1499/16384MB (cached 158MB) CPU [6%@729,13%@729,15%@729,7%@729,92%@1344,0%@1344] GR3D_FREQ 98% cpu@63.187C soc2@62.281C soc0@63.218C gpu@64.593C tj@64.593C soc1@62.093C VDD_IN 17772mW/17546mW VDD_CPU_GPU_CV 8276mW/8367mW VDD_SOC 4151mW/4004mW
08-11-2026 21:28:51 RAM 7279/7607MB (lfb 3x2MB) SWAP 1499/16384MB (cached 158MB) CPU [7%@729,0%@729,1%@729,2%@729,91%@1344,0%@1344] GR3D_FREQ 97% cpu@63.281C soc2@62.25C soc0@62.968C gpu@64.562C tj@64.562C soc1@62.031C VDD_IN 17643mW/17546mW VDD_CPU_GPU_CV 8003mW/8367mW VDD_SOC 4197mW/4005mW
08-11-2026 21:28:52 RAM 7279/7607MB (lfb 3x2MB) SWAP 1499/16384MB (cached 158MB) CPU [3%@729,5%@729,2%@729,3%@729,91%@1344,0%@1344] GR3D_FREQ 99% cpu@63.718C soc2@62.343C soc0@63.062C gpu@64.656C tj@64.656C soc1@62.062C VDD_IN 17565mW/17546mW VDD_CPU_GPU_CV 7820mW/8366mW VDD_SOC 4237mW/4005mW
08-11-2026 21:28:53 RAM 7280/7607MB (lfb 3x2MB) SWAP 1499/16384MB (cached 158MB) CPU [1%@729,5%@729,1%@729,2%@729,93%@1344,0%@1344] GR3D_FREQ 99% cpu@63.375C soc2@62.437C soc0@63.093C gpu@64.468C tj@64.468C soc1@62.156C VDD_IN 17447mW/17546mW VDD_CPU_GPU_CV 8133mW/8366mW VDD_SOC 4119mW/4005mW
08-11-2026 21:28:54 RAM 7280/7607MB (lfb 3x2MB) SWAP 1499/16384MB (cached 158MB) CPU [3%@729,6%@729,0%@729,1%@729,92%@1344,0%@1344] GR3D_FREQ 99% cpu@63C soc2@62.375C soc0@63.125C gpu@64.968C tj@64.968C soc1@62.062C VDD_IN 17486mW/17546mW VDD_CPU_GPU_CV 8549mW/8366mW VDD_SOC 3923mW/4005mW
08-11-2026 21:28:55 RAM 7281/7607MB (lfb 3x2MB) SWAP 1499/16384MB (cached 158MB) CPU [3%@1190,5%@1190,3%@1190,3%@1190,92%@1344,0%@1344] GR3D_FREQ 99% cpu@63.281C soc2@62.437C soc0@63.031C gpu@65.062C tj@65.062C soc1@62.031C VDD_IN 17889mW/17546mW VDD_CPU_GPU_CV 8705mW/8366mW VDD_SOC 4034mW/4005mW
08-11-2026 21:28:56 RAM 7280/7607MB (lfb 3x2MB) SWAP 1499/16384MB (cached 158MB) CPU [6%@729,8%@729,7%@729,12%@729,97%@1344,0%@1344] GR3D_FREQ 97% cpu@63.312C soc2@62.375C soc0@62.968C gpu@64.968C tj@64.968C soc1@61.968C VDD_IN 17732mW/17546mW VDD_CPU_GPU_CV 8744mW/8367mW VDD_SOC 3923mW/4005mW
08-11-2026 21:28:57 RAM 7281/7607MB (lfb 3x2MB) SWAP 1499/16384MB (cached 158MB) CPU [5%@729,1%@729,2%@729,3%@729,95%@1344,0%@1344] GR3D_FREQ 97% cpu@63.437C soc2@62.312C soc0@63.093C gpu@64.781C tj@64.781C soc1@62.156C VDD_IN 17772mW/17547mW VDD_CPU_GPU_CV 8784mW/8367mW VDD_SOC 3923mW/4005mW
08-11-2026 21:28:58 RAM 7281/7607MB (lfb 3x2MB) SWAP 1499/16384MB (cached 158MB) CPU [2%@729,4%@729,1%@729,2%@729,93%@1344,0%@1344] GR3D_FREQ 97% cpu@63.5C soc2@62.437C soc0@63.093C gpu@64.687C tj@64.687C soc1@62.125C VDD_IN 17693mW/17547mW VDD_CPU_GPU_CV 8627mW/8368mW VDD_SOC 3962mW/4005mW
08-11-2026 21:28:59 RAM 7280/7607MB (lfb 3x2MB) SWAP 1499/16384MB (cached 158MB) CPU [4%@729,5%@729,1%@729,2%@729,92%@1344,0%@1344] GR3D_FREQ 97% cpu@63.062C soc2@62.343C soc0@63.187C gpu@64.843C tj@64.843C soc1@62.031C VDD_IN 17772mW/17547mW VDD_CPU_GPU_CV 8666mW/8368mW VDD_SOC 3962mW/4005mW
08-11-2026 21:29:00 RAM 7281/7607MB (lfb 3x2MB) SWAP 1499/16384MB (cached 158MB) CPU [3%@729,2%@729,2%@729,9%@729,92%@1344,0%@1344] GR3D_FREQ 97% cpu@63.218C soc2@62.406C soc0@63.156C gpu@64.687C tj@64.687C soc1@62.062C VDD_IN 17732mW/17547mW VDD_CPU_GPU_CV 8588mW/8368mW VDD_SOC 3995mW/4005mW
08-11-2026 21:29:01 RAM 7277/7607MB (lfb 3x2MB) SWAP 1499/16384MB (cached 158MB) CPU [18%@1344,8%@1344,5%@1344,17%@1344,80%@729,0%@729] GR3D_FREQ 97% cpu@63.343C soc2@62.375C soc0@63.093C gpu@64.812C tj@64.656C soc1@62.062C VDD_IN 17850mW/17548mW VDD_CPU_GPU_CV 8627mW/8369mW VDD_SOC 4034mW/4005mW
08-11-2026 21:29:02 RAM 7277/7607MB (lfb 3x2MB) SWAP 1499/16384MB (cached 158MB) CPU [92%@1344,3%@1344,1%@1344,1%@1344,0%@729,2%@729] GR3D_FREQ 97% cpu@63.531C soc2@62.593C soc0@63.187C gpu@64.656C tj@64.656C soc1@62.125C VDD_IN 17722mW/17548mW VDD_CPU_GPU_CV 8393mW/8369mW VDD_SOC 4040mW/4005mW
08-11-2026 21:29:03 RAM 7277/7607MB (lfb 3x2MB) SWAP 1499/16384MB (cached 158MB) CPU [92%@1344,2%@1344,3%@1344,1%@1344,0%@729,2%@729] GR3D_FREQ 98% cpu@63.468C soc2@62.562C soc0@63.187C gpu@64.625C tj@64.625C soc1@62.187C VDD_IN 17693mW/17548mW VDD_CPU_GPU_CV 8354mW/8369mW VDD_SOC 4080mW/4005mW
08-11-2026 21:29:04 RAM 7277/7607MB (lfb 3x2MB) SWAP 1499/16384MB (cached 158MB) CPU [93%@1344,1%@1344,4%@1344,0%@1344,1%@729,0%@729] GR3D_FREQ 98% cpu@63.125C soc2@62.593C soc0@63.25C gpu@64.625C tj@64.625C soc1@62.062C VDD_IN 17683mW/17548mW VDD_CPU_GPU_CV 8159mW/8368mW VDD_SOC 4158mW/4005mW
08-11-2026 21:29:05 RAM 7278/7607MB (lfb 3x2MB) SWAP 1499/16384MB (cached 158MB) CPU [57%@729,2%@729,4%@729,1%@729,34%@1344,0%@1344] GR3D_FREQ 97% cpu@63.218C soc2@62.343C soc0@63.156C gpu@64.625C tj@64.625C soc1@62.062C VDD_IN 17683mW/17548mW VDD_CPU_GPU_CV 8003mW/8368mW VDD_SOC 4197mW/4005mW
08-11-2026 21:29:06 RAM 7283/7607MB (lfb 3x2MB) SWAP 1499/16384MB (cached 158MB) CPU [9%@729,14%@729,6%@729,4%@729,92%@1344,1%@1344] GR3D_FREQ 99% cpu@63.468C soc2@62.5C soc0@63.093C gpu@64.343C tj@64.343C soc1@62.218C VDD_IN 17772mW/17549mW VDD_CPU_GPU_CV 7964mW/8367mW VDD_SOC 4276mW/4006mW
08-11-2026 21:29:07 RAM 7283/7607MB (lfb 3x2MB) SWAP 1499/16384MB (cached 158MB) CPU [2%@729,3%@729,2%@729,1%@729,93%@1344,2%@1344] GR3D_FREQ 99% cpu@63.781C soc2@62.468C soc0@63.125C gpu@64.156C tj@64.156C soc1@62.187C VDD_IN 17526mW/17549mW VDD_CPU_GPU_CV 8120mW/8367mW VDD_SOC 4119mW/4006mW
08-11-2026 21:29:08 RAM 7273/7607MB (lfb 3x2MB) SWAP 1502/16384MB (cached 159MB) CPU [3%@729,2%@729,3%@729,1%@729,92%@1344,4%@1344] GR3D_FREQ 99% cpu@63.093C soc2@62.5C soc0@63.125C gpu@64.843C tj@64.843C soc1@62.187C VDD_IN 17526mW/17549mW VDD_CPU_GPU_CV 8510mW/8367mW VDD_SOC 3962mW/4006mW
08-11-2026 21:29:09 RAM 7274/7607MB (lfb 3x2MB) SWAP 1502/16384MB (cached 159MB) CPU [2%@729,2%@729,5%@729,2%@729,92%@1344,0%@1344] GR3D_FREQ 99% cpu@63.187C soc2@62.437C soc0@63.156C gpu@64.968C tj@64.968C soc1@62C VDD_IN 17772mW/17549mW VDD_CPU_GPU_CV 8627mW/8368mW VDD_SOC 4040mW/4006mW
08-11-2026 21:29:10 RAM 7274/7607MB (lfb 3x2MB) SWAP 1502/16384MB (cached 159MB) CPU [3%@729,9%@729,1%@729,3%@729,96%@1036,0%@1036] GR3D_FREQ 97% cpu@63.312C soc2@62.437C soc0@63.062C gpu@64.875C tj@64.875C soc1@62.093C VDD_IN 17693mW/17549mW VDD_CPU_GPU_CV 8666mW/8368mW VDD_SOC 3955mW/4006mW
08-11-2026 21:29:11 RAM 7275/7607MB (lfb 3x2MB) SWAP 1502/16384MB (cached 159MB) CPU [2%@729,1%@729,1%@729,1%@729,96%@1344,2%@1344] GR3D_FREQ 97% cpu@63.25C soc2@62.343C soc0@63.062C gpu@64.843C tj@64.843C soc1@62.156C VDD_IN 17772mW/17549mW VDD_CPU_GPU_CV 8823mW/8369mW VDD_SOC 3923mW/4006mW
08-11-2026 21:29:12 RAM 7280/7607MB (lfb 3x2MB) SWAP 1502/16384MB (cached 159MB) CPU [7%@729,4%@729,16%@729,10%@729,93%@1344,2%@1344] GR3D_FREQ 98% cpu@63.468C soc2@62.437C soc0@63.093C gpu@64.625C tj@64.625C soc1@62.218C VDD_IN 17811mW/17550mW VDD_CPU_GPU_CV 8784mW/8369mW VDD_SOC 3955mW/4006mW
08-11-2026 21:29:13 RAM 7281/7607MB (lfb 3x2MB) SWAP 1502/16384MB (cached 159MB) CPU [5%@729,2%@729,2%@729,2%@729,92%@1344,0%@1344] GR3D_FREQ 97% cpu@63.125C soc2@62.437C soc0@63.187C gpu@64.656C tj@64.656C soc1@62C VDD_IN 17811mW/17550mW VDD_CPU_GPU_CV 8744mW/8370mW VDD_SOC 3962mW/4006mW
08-11-2026 21:29:14 RAM 7281/7607MB (lfb 3x2MB) SWAP 1502/16384MB (cached 159MB) CPU [5%@729,1%@729,2%@729,2%@729,92%@1344,0%@1344] GR3D_FREQ 99% cpu@63.218C soc2@62.437C soc0@62.968C gpu@64.656C tj@64.656C soc1@62.062C VDD_IN 17732mW/17550mW VDD_CPU_GPU_CV 8627mW/8370mW VDD_SOC 4001mW/4005mW
08-11-2026 21:29:15 RAM 7282/7607MB (lfb 3x2MB) SWAP 1502/16384MB (cached 159MB) CPU [2%@729,5%@729,2%@729,1%@729,92%@1344,0%@1344] GR3D_FREQ 98% cpu@63.312C soc2@62.312C soc0@63.093C gpu@64.687C tj@64.687C soc1@62.062C VDD_IN 17732mW/17550mW VDD_CPU_GPU_CV 8627mW/8370mW VDD_SOC 4001mW/4005mW
08-11-2026 21:29:16 RAM 7282/7607MB (lfb 3x2MB) SWAP 1502/16384MB (cached 159MB) CPU [3%@729,4%@729,2%@729,1%@729,92%@1344,0%@1344] GR3D_FREQ 98% cpu@63.218C soc2@62.375C soc0@63.031C gpu@64.906C tj@64.906C soc1@62.062C VDD_IN 17732mW/17551mW VDD_CPU_GPU_CV 8471mW/8370mW VDD_SOC 4040mW/4006mW
08-11-2026 21:29:17 RAM 7286/7607MB (lfb 3x2MB) SWAP 1502/16384MB (cached 159MB) CPU [7%@729,8%@729,4%@729,17%@729,92%@1344,1%@1344] GR3D_FREQ 98% cpu@63.5C soc2@62.437C soc0@63.125C gpu@64.875C tj@64.875C soc1@62.187C VDD_IN 17850mW/17551mW VDD_CPU_GPU_CV 8510mW/8370mW VDD_SOC 4073mW/4006mW
08-11-2026 21:29:19 RAM 7287/7607MB (lfb 3x2MB) SWAP 1502/16384MB (cached 159MB) CPU [4%@729,1%@729,1%@729,1%@729,92%@1344,1%@1344] GR3D_FREQ 97% cpu@63.062C soc2@62.437C soc0@63.187C gpu@64.812C tj@64.812C soc1@62C VDD_IN 17654mW/17551mW VDD_CPU_GPU_CV 8237mW/8370mW VDD_SOC 4119mW/4006mW
08-11-2026 21:29:20 RAM 7287/7607MB (lfb 3x2MB) SWAP 1502/16384MB (cached 159MB) CPU [7%@729,2%@729,2%@729,1%@729,92%@1344,0%@1344] GR3D_FREQ 97% cpu@63.218C soc2@62.312C soc0@63.031C gpu@64.843C tj@64.843C soc1@62.031C VDD_IN 17654mW/17551mW VDD_CPU_GPU_CV 8120mW/8370mW VDD_SOC 4158mW/4006mW
08-11-2026 21:29:21 RAM 7288/7607MB (lfb 3x2MB) SWAP 1502/16384MB (cached 159MB) CPU [3%@729,2%@729,9%@729,2%@729,92%@1344,0%@1344] GR3D_FREQ 97% cpu@63.437C soc2@62.25C soc0@63.093C gpu@64.531C tj@64.531C soc1@62.031C VDD_IN 17643mW/17551mW VDD_CPU_GPU_CV 7925mW/8369mW VDD_SOC 4237mW/4006mW
08-11-2026 21:29:22 RAM 7288/7607MB (lfb 3x2MB) SWAP 1502/16384MB (cached 159MB) CPU [4%@729,1%@729,3%@729,3%@729,92%@1344,0%@1344] GR3D_FREQ 99% cpu@63.375C soc2@62.437C soc0@63.062C gpu@64.093C tj@64.093C soc1@62.156C VDD_IN 17526mW/17551mW VDD_CPU_GPU_CV 7899mW/8369mW VDD_SOC 4197mW/4006mW
08-11-2026 21:29:23 RAM 7289/7607MB (lfb 3x2MB) SWAP 1502/16384MB (cached 159MB) CPU [10%@883,14%@883,1%@883,1%@883,93%@1344,0%@1344] GR3D_FREQ 99% cpu@63.281C soc2@62.375C soc0@63.093C gpu@64.625C tj@64.625C soc1@62C VDD_IN 17722mW/17552mW VDD_CPU_GPU_CV 8549mW/8369mW VDD_SOC 4001mW/4006mW
08-11-2026 21:29:24 RAM 7282/7607MB (lfb 3x2MB) SWAP 1504/16384MB (cached 158MB) CPU [7%@729,6%@729,3%@729,5%@729,92%@1344,0%@1344] GR3D_FREQ 99% cpu@63.25C soc2@62.281C soc0@63.125C gpu@64.75C tj@64.75C soc1@61.968C VDD_IN 17643mW/17552mW VDD_CPU_GPU_CV 8549mW/8369mW VDD_SOC 4001mW/4006mW
08-11-2026 21:29:25 RAM 7282/7607MB (lfb 3x2MB) SWAP 1504/16384MB (cached 158MB) CPU [4%@729,2%@729,3%@729,1%@729,94%@729,0%@729] GR3D_FREQ 99% cpu@63.218C soc2@62.375C soc0@63.031C gpu@64.875C tj@65.281C soc1@62.031C VDD_IN 17889mW/17552mW VDD_CPU_GPU_CV 8862mW/8370mW VDD_SOC 3955mW/4006mW
08-11-2026 21:29:26 RAM 7282/7607MB (lfb 3x2MB) SWAP 1504/16384MB (cached 158MB) CPU [3%@729,2%@729,2%@729,2%@729,98%@1344,2%@1344] GR3D_FREQ 97% cpu@63.312C soc2@62.281C soc0@63.031C gpu@65.093C tj@65.093C soc1@62.093C VDD_IN 17811mW/17552mW VDD_CPU_GPU_CV 8862mW/8370mW VDD_SOC 3916mW/4006mW
08-11-2026 21:29:27 RAM 7283/7607MB (lfb 3x2MB) SWAP 1504/16384MB (cached 158MB) CPU [2%@729,1%@729,5%@729,1%@729,92%@1344,0%@1344] GR3D_FREQ 98% cpu@63.156C soc2@62.375C soc0@63.062C gpu@64.5C tj@64.5C soc1@62.187C VDD_IN 17811mW/17553mW VDD_CPU_GPU_CV 8784mW/8371mW VDD_SOC 3955mW/4006mW
08-11-2026 21:29:28 RAM 7284/7607MB (lfb 3x2MB) SWAP 1504/16384MB (cached 158MB) CPU [3%@729,1%@729,0%@729,2%@729,92%@1344,3%@1344] GR3D_FREQ 98% cpu@63.218C soc2@62.281C soc0@63.156C gpu@64.718C tj@64.718C soc1@62.062C VDD_IN 17811mW/17553mW VDD_CPU_GPU_CV 8784mW/8371mW VDD_SOC 3962mW/4006mW
08-11-2026 21:29:29 RAM 7287/7607MB (lfb 3x2MB) SWAP 1504/16384MB (cached 158MB) CPU [20%@729,9%@729,5%@729,4%@729,92%@1344,1%@1344] GR3D_FREQ 97% cpu@63.312C soc2@62.375C soc0@63.031C gpu@64.656C tj@64.656C soc1@62.062C VDD_IN 17889mW/17553mW VDD_CPU_GPU_CV 8744mW/8372mW VDD_SOC 3995mW/4006mW
08-11-2026 21:29:30 RAM 7287/7607MB (lfb 3x2MB) SWAP 1504/16384MB (cached 158MB) CPU [6%@729,2%@729,2%@729,2%@729,92%@1344,0%@1344] GR3D_FREQ 98% cpu@63.468C soc2@62.343C soc0@63.093C gpu@64.593C tj@64.812C soc1@62.093C VDD_IN 17811mW/17554mW VDD_CPU_GPU_CV 8627mW/8372mW VDD_SOC 3995mW/4006mW
08-11-2026 21:29:31 RAM 7287/7607MB (lfb 3x2MB) SWAP 1504/16384MB (cached 158MB) CPU [76%@1344,5%@1344,1%@1344,5%@1344,16%@729,0%@729] GR3D_FREQ 98% cpu@63.468C soc2@62.562C soc0@63.125C gpu@64.906C tj@64.906C soc1@62.156C VDD_IN 17772mW/17554mW VDD_CPU_GPU_CV 8510mW/8372mW VDD_SOC 4040mW/4006mW
08-11-2026 21:29:32 RAM 7287/7607MB (lfb 3x2MB) SWAP 1504/16384MB (cached 158MB) CPU [92%@1344,3%@1344,1%@1344,2%@1344,0%@729,1%@729] GR3D_FREQ 97% cpu@63.125C soc2@62.5C soc0@63.093C gpu@64.781C tj@64.781C soc1@62.187C VDD_IN 17722mW/17554mW VDD_CPU_GPU_CV 8393mW/8372mW VDD_SOC 4040mW/4006mW
08-11-2026 21:29:33 RAM 7287/7607MB (lfb 3x2MB) SWAP 1504/16384MB (cached 158MB) CPU [92%@1344,3%@1344,2%@1344,3%@1344,0%@729,0%@729] GR3D_FREQ 97% cpu@63.25C soc2@62.531C soc0@63.093C gpu@64.843C tj@64.843C soc1@62.031C VDD_IN 17761mW/17554mW VDD_CPU_GPU_CV 8354mW/8372mW VDD_SOC 4119mW/4006mW
08-11-2026 21:29:34 RAM 7276/7607MB (lfb 3x2MB) SWAP 1510/16384MB (cached 159MB) CPU [60%@729,16%@729,11%@729,8%@729,34%@1344,1%@1344] GR3D_FREQ 97% cpu@63.375C soc2@62.437C soc0@63C gpu@64.781C tj@64.781C soc1@62.062C VDD_IN 17811mW/17555mW VDD_CPU_GPU_CV 8276mW/8372mW VDD_SOC 4151mW/4007mW
08-11-2026 21:29:35 RAM 7277/7607MB (lfb 3x2MB) SWAP 1510/16384MB (cached 159MB) CPU [41%@729,1%@729,3%@729,1%@729,53%@1344,0%@1344] GR3D_FREQ 97% cpu@63.468C soc2@62.406C soc0@63C gpu@64.625C tj@64.625C soc1@62.156C VDD_IN 17683mW/17555mW VDD_CPU_GPU_CV 8042mW/8372mW VDD_SOC 4197mW/4007mW
08-11-2026 21:29:36 RAM 7277/7607MB (lfb 3x2MB) SWAP 1510/16384MB (cached 159MB) CPU [1%@729,2%@729,4%@729,2%@729,92%@1344,0%@1344] GR3D_FREQ 99% cpu@63.281C soc2@62.343C soc0@63.093C gpu@64.312C tj@64.312C soc1@62.125C VDD_IN 17643mW/17555mW VDD_CPU_GPU_CV 7847mW/8371mW VDD_SOC 4276mW/4007mW
08-11-2026 21:29:37 RAM 7278/7607MB (lfb 3x2MB) SWAP 1510/16384MB (cached 159MB) CPU [4%@729,3%@729,3%@729,3%@729,92%@1344,0%@1344] GR3D_FREQ 99% cpu@63.312C soc2@62.468C soc0@63.125C gpu@64.125C tj@64.125C soc1@62C VDD_IN 17565mW/17555mW VDD_CPU_GPU_CV 8120mW/8371mW VDD_SOC 4158mW/4007mW
08-11-2026 21:29:38 RAM 7278/7607MB (lfb 3x2MB) SWAP 1510/16384MB (cached 159MB) CPU [3%@729,2%@729,4%@729,3%@729,92%@1344,0%@1344] GR3D_FREQ 99% cpu@63.125C soc2@62.312C soc0@63.187C gpu@64.593C tj@64.593C soc1@62C VDD_IN 17643mW/17555mW VDD_CPU_GPU_CV 8549mW/8371mW VDD_SOC 4001mW/4007mW
08-11-2026 21:29:39 RAM 7278/7607MB (lfb 3x2MB) SWAP 1510/16384MB (cached 159MB) CPU [3%@1113,2%@1113,5%@1113,3%@1113,92%@1344,0%@1344] GR3D_FREQ 99% cpu@63.281C soc2@62.375C soc0@63.062C gpu@64.718C tj@64.718C soc1@62.062C VDD_IN 17732mW/17555mW VDD_CPU_GPU_CV 8666mW/8372mW VDD_SOC 4001mW/4007mW
08-11-2026 21:29:40 RAM 7289/7607MB (lfb 2x2MB) SWAP 1510/16384MB (cached 159MB) CPU [5%@729,4%@729,10%@729,17%@729,95%@883,2%@883] GR3D_FREQ 99% cpu@63.375C soc2@62.437C soc0@63.031C gpu@64.906C tj@64.906C soc1@62.062C VDD_IN 17772mW/17556mW VDD_CPU_GPU_CV 8823mW/8372mW VDD_SOC 3962mW/4007mW
08-11-2026 21:29:41 RAM 7282/7607MB (lfb 2x2MB) SWAP 1522/16384MB (cached 164MB) CPU [3%@729,2%@729,5%@729,7%@729,97%@1344,2%@1344] GR3D_FREQ 97% cpu@63.125C soc2@62.343C soc0@63.125C gpu@64.906C tj@64.906C soc1@62.156C VDD_IN 17850mW/17556mW VDD_CPU_GPU_CV 8862mW/8373mW VDD_SOC 3962mW/4007mW
08-11-2026 21:29:42 RAM 7282/7607MB (lfb 2x2MB) SWAP 1522/16384MB (cached 164MB) CPU [3%@729,4%@729,1%@729,1%@729,93%@1344,0%@1344] GR3D_FREQ 98% cpu@63.062C soc2@62.468C soc0@63.156C gpu@64.875C tj@64.875C soc1@62C VDD_IN 17811mW/17556mW VDD_CPU_GPU_CV 8784mW/8373mW VDD_SOC 3955mW/4007mW
08-11-2026 21:29:43 RAM 7283/7607MB (lfb 2x2MB) SWAP 1522/16384MB (cached 164MB) CPU [2%@729,1%@729,1%@729,3%@729,92%@1344,0%@1344] GR3D_FREQ 97% cpu@63.062C soc2@62.281C soc0@63.062C gpu@65C tj@65C soc1@61.968C VDD_IN 17850mW/17557mW VDD_CPU_GPU_CV 8784mW/8374mW VDD_SOC 3955mW/4007mW
08-11-2026 21:29:44 RAM 7283/7607MB (lfb 2x2MB) SWAP 1522/16384MB (cached 164MB) CPU [3%@729,2%@729,3%@729,1%@729,92%@1344,0%@1344] GR3D_FREQ 97% cpu@63.156C soc2@62.312C soc0@63.062C gpu@64.937C tj@64.937C soc1@62.125C VDD_IN 17772mW/17557mW VDD_CPU_GPU_CV 8666mW/8374mW VDD_SOC 4001mW/4007mW
08-11-2026 21:29:45 RAM 7289/7607MB (lfb 3x2MB) SWAP 1522/16384MB (cached 164MB) CPU [4%@729,9%@729,18%@729,5%@729,92%@1344,1%@1344] GR3D_FREQ 98% cpu@63.375C soc2@62.343C soc0@63.093C gpu@64.718C tj@64.718C soc1@62.062C VDD_IN 17889mW/17557mW VDD_CPU_GPU_CV 8705mW/8374mW VDD_SOC 3995mW/4007mW
08-11-2026 21:29:46 RAM 7289/7607MB (lfb 3x2MB) SWAP 1522/16384MB (cached 164MB) CPU [2%@729,2%@729,3%@729,3%@729,91%@1344,0%@1344] GR3D_FREQ 97% cpu@63.093C soc2@62.312C soc0@63.093C gpu@64.687C tj@64.687C soc1@62.031C VDD_IN 17801mW/17558mW VDD_CPU_GPU_CV 8510mW/8375mW VDD_SOC 4034mW/4007mW
08-11-2026 21:29:47 RAM 7290/7607MB (lfb 3x2MB) SWAP 1522/16384MB (cached 164MB) CPU [2%@729,1%@729,2%@729,3%@729,91%@1344,0%@1344] GR3D_FREQ 97% cpu@63.187C soc2@62.375C soc0@63.093C gpu@64.625C tj@64.625C soc1@62C VDD_IN 17772mW/17558mW VDD_CPU_GPU_CV 8432mW/8375mW VDD_SOC 4080mW/4007mW
08-11-2026 21:29:48 RAM 7290/7607MB (lfb 3x2MB) SWAP 1522/16384MB (cached 164MB) CPU [3%@729,2%@729,2%@729,3%@729,93%@1344,1%@1344] GR3D_FREQ 98% cpu@63.156C soc2@62.375C soc0@63.093C gpu@64.687C tj@64.687C soc1@62C VDD_IN 17772mW/17558mW VDD_CPU_GPU_CV 8354mW/8375mW VDD_SOC 4112mW/4007mW
08-11-2026 21:29:49 RAM 7290/7607MB (lfb 3x2MB) SWAP 1522/16384MB (cached 164MB) CPU [2%@729,1%@729,6%@729,3%@729,92%@1344,2%@1344] GR3D_FREQ 98% cpu@63.312C soc2@62.343C soc0@62.937C gpu@64.593C tj@64.593C soc1@62.062C VDD_IN 17693mW/17558mW VDD_CPU_GPU_CV 8159mW/8374mW VDD_SOC 4158mW/4007mW
08-11-2026 21:29:50 RAM 7287/7607MB (lfb 3x2MB) SWAP 1523/16384MB (cached 164MB) CPU [4%@729,9%@729,22%@729,7%@729,92%@1344,3%@1344] GR3D_FREQ 98% cpu@63.562C soc2@62.437C soc0@63.125C gpu@64.937C tj@64.937C soc1@62.125C VDD_IN 17929mW/17559mW VDD_CPU_GPU_CV 8237mW/8374mW VDD_SOC 4190mW/4008mW
08-11-2026 21:29:51 RAM 7287/7607MB (lfb 3x2MB) SWAP 1523/16384MB (cached 164MB) CPU [5%@1344,3%@1344,5%@1344,65%@1344,28%@729,0%@729] GR3D_FREQ 99% cpu@63.281C soc2@62.5C soc0@63.093C gpu@64.187C tj@64.187C soc1@62C VDD_IN 17604mW/17559mW VDD_CPU_GPU_CV 7820mW/8373mW VDD_SOC 4276mW/4008mW
08-11-2026 21:29:52 RAM 7287/7607MB (lfb 3x2MB) SWAP 1523/16384MB (cached 164MB) CPU [2%@1344,3%@1344,1%@1344,92%@1344,0%@729,0%@729] GR3D_FREQ 99% cpu@63.437C soc2@62.375C soc0@63.187C gpu@64.156C tj@64.156C soc1@61.906C VDD_IN 17565mW/17559mW VDD_CPU_GPU_CV 8276mW/8373mW VDD_SOC 4080mW/4008mW
08-11-2026 21:29:53 RAM 7288/7607MB (lfb 3x2MB) SWAP 1523/16384MB (cached 164MB) CPU [3%@1344,3%@1344,1%@1344,92%@1344,0%@729,1%@729] GR3D_FREQ 99% cpu@63.25C soc2@62.343C soc0@62.968C gpu@64.625C tj@64.625C soc1@62.062C VDD_IN 17565mW/17559mW VDD_CPU_GPU_CV 8549mW/8374mW VDD_SOC 3962mW/4008mW
08-11-2026 21:29:54 RAM 7288/7607MB (lfb 3x2MB) SWAP 1523/16384MB (cached 164MB) CPU [3%@1344,0%@1344,1%@1344,93%@1344,0%@729,2%@729] GR3D_FREQ 99% cpu@63.218C soc2@62.468C soc0@63.093C gpu@64.812C tj@64.812C soc1@62.093C VDD_IN 17968mW/17559mW VDD_CPU_GPU_CV 8744mW/8374mW VDD_SOC 4034mW/4008mW
08-11-2026 21:29:55 RAM 7288/7607MB (lfb 3x2MB) SWAP 1523/16384MB (cached 164MB) CPU [3%@729,2%@729,6%@729,4%@729,94%@1344,0%@1344] GR3D_FREQ 97% cpu@63.343C soc2@62.437C soc0@63.156C gpu@64.562C tj@64.562C soc1@62.062C VDD_IN 17693mW/17559mW VDD_CPU_GPU_CV 8784mW/8374mW VDD_SOC 3923mW/4008mW
08-11-2026 21:29:56 RAM 7291/7607MB (lfb 3x2MB) SWAP 1523/16384MB (cached 164MB) CPU [5%@729,7%@729,7%@729,18%@729,96%@1344,0%@1344] GR3D_FREQ 97% cpu@63.062C soc2@62.281C soc0@63.093C gpu@64.687C tj@64.687C soc1@62.156C VDD_IN 17889mW/17560mW VDD_CPU_GPU_CV 8901mW/8375mW VDD_SOC 3955mW/4008mW
08-11-2026 21:29:57 RAM 7291/7607MB (lfb 3x2MB) SWAP 1523/16384MB (cached 164MB) CPU [3%@729,2%@729,2%@729,1%@729,92%@1344,0%@1344] GR3D_FREQ 99% cpu@63.25C soc2@62.437C soc0@63.093C gpu@64.656C tj@64.656C soc1@61.968C VDD_IN 17811mW/17560mW VDD_CPU_GPU_CV 8744mW/8376mW VDD_SOC 3955mW/4008mW
08-11-2026 21:29:58 RAM 7292/7607MB (lfb 3x2MB) SWAP 1523/16384MB (cached 164MB) CPU [2%@729,5%@729,2%@729,2%@729,92%@1344,0%@1344] GR3D_FREQ 97% cpu@63.281C soc2@62.343C soc0@63.093C gpu@64.843C tj@64.843C soc1@62.093C VDD_IN 17811mW/17560mW VDD_CPU_GPU_CV 8744mW/8376mW VDD_SOC 3962mW/4008mW
08-11-2026 21:29:59 RAM 7291/7607MB (lfb 3x2MB) SWAP 1523/16384MB (cached 164MB) CPU [3%@729,6%@729,3%@729,1%@729,92%@1344,0%@1344] GR3D_FREQ 99% cpu@63.312C soc2@62.343C soc0@63.125C gpu@64.781C tj@64.781C soc1@62C VDD_IN 17772mW/17561mW VDD_CPU_GPU_CV 8627mW/8376mW VDD_SOC 4001mW/4008mW
08-11-2026 21:30:00 RAM 7292/7607MB (lfb 3x2MB) SWAP 1523/16384MB (cached 164MB) CPU [3%@729,9%@729,2%@729,2%@729,91%@1344,0%@1344] GR3D_FREQ 98% cpu@63.437C soc2@62.406C soc0@63.031C gpu@64.812C tj@64.812C soc1@62.125C VDD_IN 17811mW/17561mW VDD_CPU_GPU_CV 8627mW/8377mW VDD_SOC 4040mW/4008mW
08-11-2026 21:30:01 RAM 7289/7607MB (lfb 3x2MB) SWAP 1523/16384MB (cached 164MB) CPU [5%@729,9%@729,18%@729,9%@729,92%@1344,0%@1344] GR3D_FREQ 97% cpu@63.187C soc2@62.531C soc0@63.125C gpu@64.875C tj@64.875C soc1@62.281C VDD_IN 17889mW/17561mW VDD_CPU_GPU_CV 8627mW/8377mW VDD_SOC 4073mW/4008mW
08-11-2026 21:30:02 RAM 7290/7607MB (lfb 3x2MB) SWAP 1523/16384MB (cached 164MB) CPU [2%@729,2%@729,3%@729,3%@729,92%@1344,0%@1344] GR3D_FREQ 98% cpu@63.156C soc2@62.25C soc0@63.156C gpu@64.875C tj@64.875C soc1@62.062C VDD_IN 17732mW/17561mW VDD_CPU_GPU_CV 8432mW/8377mW VDD_SOC 4080mW/4008mW
08-11-2026 21:30:03 RAM 7290/7607MB (lfb 3x2MB) SWAP 1523/16384MB (cached 164MB) CPU [3%@729,3%@729,3%@729,3%@729,92%@1344,0%@1344] GR3D_FREQ 97% cpu@63.343C soc2@62.343C soc0@62.937C gpu@64.656C tj@64.656C soc1@62.062C VDD_IN 17683mW/17562mW VDD_CPU_GPU_CV 8237mW/8377mW VDD_SOC 4119mW/4008mW
08-11-2026 21:30:04 RAM 7291/7607MB (lfb 3x2MB) SWAP 1523/16384MB (cached 164MB) CPU [2%@729,0%@729,3%@729,1%@729,92%@1344,3%@1344] GR3D_FREQ 98% cpu@63.281C soc2@62.312C soc0@63C gpu@64.687C tj@64.687C soc1@62.062C VDD_IN 17693mW/17562mW VDD_CPU_GPU_CV 8159mW/8376mW VDD_SOC 4158mW/4008mW
08-11-2026 21:30:05 RAM 7291/7607MB (lfb 3x2MB) SWAP 1523/16384MB (cached 164MB) CPU [1%@729,4%@729,2%@729,1%@729,92%@1344,0%@1344] GR3D_FREQ 97% cpu@63.5C soc2@62.375C soc0@63.093C gpu@64.531C tj@64.531C soc1@62.156C VDD_IN 17654mW/17562mW VDD_CPU_GPU_CV 7964mW/8376mW VDD_SOC 4237mW/4008mW
08-11-2026 21:30:06 RAM 7292/7607MB (lfb 2x2MB) SWAP 1523/16384MB (cached 164MB) CPU [4%@729,10%@729,8%@729,3%@729,92%@1344,0%@1344] GR3D_FREQ 99% cpu@63.375C soc2@62.562C soc0@63.156C gpu@64.125C tj@64.125C soc1@62.312C VDD_IN 17654mW/17562mW VDD_CPU_GPU_CV 7964mW/8376mW VDD_SOC 4237mW/4009mW
08-11-2026 21:30:07 RAM 7292/7607MB (lfb 3x2MB) SWAP 1523/16384MB (cached 164MB) CPU [4%@729,12%@729,8%@729,6%@729,92%@1344,0%@1344] GR3D_FREQ 99% cpu@63.25C soc2@62.312C soc0@63.093C gpu@64.562C tj@64.562C soc1@62.093C VDD_IN 17604mW/17562mW VDD_CPU_GPU_CV 8432mW/8376mW VDD_SOC 4040mW/4009mW
08-11-2026 21:30:08 RAM 7292/7607MB (lfb 3x2MB) SWAP 1523/16384MB (cached 164MB) CPU [1%@729,1%@729,5%@729,2%@729,92%@1344,0%@1344] GR3D_FREQ 99% cpu@63.406C soc2@62.343C soc0@63C gpu@64.937C tj@64.937C soc1@62.031C VDD_IN 17654mW/17562mW VDD_CPU_GPU_CV 8549mW/8376mW VDD_SOC 4001mW/4009mW
08-11-2026 21:30:09 RAM 7292/7607MB (lfb 3x2MB) SWAP 1523/16384MB (cached 164MB) CPU [4%@729,0%@729,4%@729,3%@729,92%@729,0%@729] GR3D_FREQ 99% cpu@63.25C soc2@62.375C soc0@62.968C gpu@65.031C tj@65.031C soc1@62.156C VDD_IN 18085mW/17563mW VDD_CPU_GPU_CV 8862mW/8376mW VDD_SOC 4073mW/4009mW
08-11-2026 21:30:10 RAM 7154/7607MB (lfb 23x2MB) SWAP 1503/16384MB (cached 172MB) CPU [11%@729,5%@729,12%@729,9%@729,32%@1113,16%@1113] GR3D_FREQ 0% cpu@62.562C soc2@61.531C soc0@62.75C gpu@62.375C tj@62.75C soc1@62.031C VDD_IN 7444mW/17551mW VDD_CPU_GPU_CV 1907mW/8369mW VDD_SOC 2070mW/4007mW
08-11-2026 21:30:11 RAM 7128/7607MB (lfb 45x2MB) SWAP 1462/16384MB (cached 163MB) CPU [7%@729,8%@729,16%@729,24%@729,4%@729,1%@729] GR3D_FREQ 0% cpu@61.687C soc2@61.093C soc0@62.375C gpu@61.812C tj@62.468C soc1@61.562C VDD_IN 5821mW/17538mW VDD_CPU_GPU_CV 996mW/8361mW VDD_SOC 1594mW/4004mW
