timestamp,ram_used_mb,ram_total_mb,swap_used_mb,swap_total_mb,cpu_mean_pct,gr3d_pct,power_total_mW,power_total_source,power_sum_rails_mW,VDD_CPU_GPU_CV_avg_mW,VDD_CPU_GPU_CV_mW,VDD_IN_avg_mW,VDD_IN_mW,VDD_SOC_avg_mW,VDD_SOC_mW,cpu0_pct,cpu1_pct,cpu2_pct,cpu3_pct,cpu4_pct,cpu5_pct,temp_cpu_C,temp_gpu_C,temp_soc0_C,temp_soc1_C,temp_soc2_C,temp_tj_C
08-11-2026 17:41:41,2067,7607,1412,16384,1.5,0.0,5176,VDD_IN,7260,600,600,5176,5176,1484,1484,2.0,2.0,3.0,2.0,0.0,0.0,58.812,58.218,59.406,59.031,57.843,59.406
08-11-2026 17:41:42,2290,7607,1412,16384,23.666666666666668,0.0,5870,VDD_IN,8543,878,1156,5523,5870,1501,1517,16.0,14.0,19.0,12.0,17.0,64.0,58.593,58.125,59.25,58.781,57.781,59.343
08-11-2026 17:41:43,3047,7607,1412,16384,44.333333333333336,0.0,6709,VDD_IN,10017,1157,1714,5918,6709,1532,1594,38.0,37.0,42.0,41.0,37.0,71.0,58.812,58.125,59.0,58.687,57.718,59.031
08-11-2026 17:41:44,3812,7607,1412,16384,49.833333333333336,94.0,6948,VDD_IN,10373,1305,1751,6176,6948,1567,1674,44.0,47.0,40.0,70.0,50.0,48.0,58.875,58.437,58.937,58.718,57.687,58.937
08-11-2026 17:41:45,5264,7607,1412,16384,16.5,97.0,10872,VDD_IN,17563,1962,4588,7115,10872,1674,2103,3.0,2.0,3.0,91.0,0.0,0.0,58.781,59.75,58.937,58.625,57.843,59.75
08-11-2026 17:41:46,5796,7607,1412,16384,18.666666666666668,99.0,15059,VDD_IN,25011,2709,6444,8439,15059,1980,3508,1.0,21.0,1.0,89.0,0.0,0.0,59.437,60.218,59.312,58.656,58.468,60.218
08-11-2026 17:41:47,6295,7607,1412,16384,25.666666666666668,0.0,14176,VDD_IN,23863,3227,6336,9259,14176,2176,3351,6.0,11.0,8.0,98.0,31.0,0.0,59.75,59.937,59.312,58.75,58.468,59.937
08-11-2026 17:41:48,6296,7607,1412,16384,17.0,97.0,17447,VDD_IN,29932,3904,8641,10282,17447,2384,3844,4.0,0.0,97.0,1.0,0.0,0.0,59.875,61.062,59.437,58.781,58.781,61.062
08-11-2026 17:41:49,6297,7607,1412,16384,16.833333333333332,98.0,17722,VDD_IN,30389,4442,8744,11109,17722,2555,3923,3.0,1.0,92.0,2.0,1.0,2.0,60.312,61.218,59.687,58.968,58.968,61.218
08-11-2026 17:41:50,6298,7607,1412,16384,16.333333333333332,98.0,17761,VDD_IN,30428,4872,8744,11774,17761,2692,3923,3.0,1.0,92.0,2.0,0.0,0.0,60.187,61.375,59.843,58.906,59.156,61.375
08-11-2026 17:41:51,6298,7607,1412,16384,16.166666666666668,98.0,17722,VDD_IN,30350,5217,8666,12315,17722,2808,3962,2.0,1.0,93.0,1.0,0.0,0.0,60.281,61.343,59.906,59.0,59.218,61.343
08-11-2026 17:41:52,6305,7607,1412,16384,20.833333333333332,97.0,17918,VDD_IN,30664,5514,8784,12782,17918,2904,3962,15.0,12.0,26.0,3.0,69.0,0.0,60.375,61.406,59.875,59.093,59.312,61.406
08-11-2026 17:41:53,6306,7607,1412,16384,16.833333333333332,98.0,17722,VDD_IN,30286,5749,8563,13162,17722,2988,4001,64.0,2.0,1.0,2.0,32.0,0.0,60.312,61.75,59.968,59.218,59.343,61.75
08-11-2026 17:41:54,6307,7607,1412,16384,16.166666666666668,99.0,17683,VDD_IN,30116,5937,8393,13485,17683,3063,4040,92.0,2.0,1.0,0.0,1.0,1.0,60.531,61.75,60.031,59.312,59.437,61.75
08-11-2026 17:41:56,6307,7607,1412,16384,16.333333333333332,98.0,17722,VDD_IN,30155,6101,8393,13767,17722,3128,4040,92.0,1.0,2.0,2.0,0.0,1.0,60.218,61.906,60.218,59.406,59.593,61.906
08-11-2026 17:41:57,6308,7607,1412,16384,16.833333333333332,98.0,17683,VDD_IN,30052,6235,8250,14012,17683,3190,4119,93.0,2.0,2.0,3.0,0.0,1.0,60.406,61.875,60.156,59.312,59.625,61.875
08-11-2026 17:41:58,6307,7607,1412,16384,16.5,98.0,17683,VDD_IN,29974,6349,8172,14228,17683,3245,4119,92.0,1.0,3.0,1.0,1.0,1.0,60.468,62.0,60.343,59.406,59.718,62.0
08-11-2026 17:41:59,6311,7607,1412,16384,20.166666666666668,98.0,17643,VDD_IN,29895,6444,8055,14418,17643,3298,4197,27.0,9.0,12.0,4.0,68.0,1.0,60.531,61.937,60.281,59.406,59.593,61.937
08-11-2026 17:42:00,6310,7607,1412,16384,17.166666666666668,99.0,17526,VDD_IN,29505,6512,7742,14581,17526,3347,4237,5.0,1.0,2.0,2.0,93.0,0.0,60.906,61.625,60.375,59.5,59.687,61.625
08-11-2026 17:42:01,6311,7607,1412,16384,16.0,99.0,17447,VDD_IN,29699,6595,8172,14724,17447,3384,4080,1.0,1.0,0.0,1.0,92.0,1.0,60.562,61.593,60.5,59.593,59.75,61.593
08-11-2026 17:42:02,6311,7607,1412,16384,16.333333333333332,99.0,17486,VDD_IN,29933,6687,8524,14856,17486,3410,3923,1.0,2.0,2.0,1.0,92.0,0.0,60.562,62.062,60.656,59.593,59.75,62.062
08-11-2026 17:42:03,6312,7607,1412,16384,17.0,99.0,17801,VDD_IN,30429,6775,8627,14990,17801,3436,4001,2.0,2.0,3.0,2.0,93.0,0.0,60.718,62.187,60.5,59.562,59.75,62.187
08-11-2026 17:42:04,6318,7607,1412,16384,22.333333333333332,98.0,17840,VDD_IN,30586,6864,8823,15114,17840,3458,3923,4.0,9.0,20.0,6.0,95.0,0.0,61.062,62.093,60.531,59.656,59.875,62.093
08-11-2026 17:42:05,6319,7607,1412,16384,17.166666666666668,98.0,17801,VDD_IN,30547,6946,8823,15226,17801,3477,3923,3.0,0.0,1.0,2.0,97.0,0.0,60.968,62.187,60.687,59.718,59.968,62.187
08-11-2026 17:42:06,6319,7607,1412,16384,16.666666666666668,98.0,17761,VDD_IN,30428,7018,8744,15327,17761,3495,3923,3.0,2.0,2.0,1.0,92.0,0.0,60.687,62.093,60.812,59.906,60.125,62.093
08-11-2026 17:42:07,6319,7607,1412,16384,17.166666666666668,98.0,17801,VDD_IN,30547,7086,8784,15422,17801,3513,3962,87.0,2.0,2.0,3.0,9.0,0.0,61.031,62.375,60.812,59.781,60.125,62.375
08-11-2026 17:42:08,6319,7607,1412,16384,16.5,97.0,17761,VDD_IN,30389,7144,8666,15509,17761,3529,3962,20.0,2.0,1.0,2.0,74.0,0.0,61.031,62.218,60.687,59.843,60.125,62.218
08-11-2026 17:42:09,6323,7607,1412,16384,21.333333333333332,97.0,17958,VDD_IN,30743,7203,8784,15596,17958,3546,4001,3.0,5.0,18.0,11.0,91.0,0.0,61.218,62.343,60.718,59.937,60.031,62.343
08-11-2026 17:42:10,6324,7607,1412,16384,16.833333333333332,97.0,17761,VDD_IN,30350,7251,8588,15671,17761,3562,4001,2.0,2.0,3.0,2.0,92.0,0.0,61.156,62.468,60.937,60.0,60.218,62.468
08-11-2026 17:42:11,6325,7607,1412,16384,16.5,99.0,17722,VDD_IN,30233,7291,8471,15739,17722,3578,4040,2.0,2.0,0.0,1.0,93.0,1.0,61.0,62.656,60.937,60.093,60.343,62.656
08-11-2026 17:42:12,6325,7607,1412,16384,16.333333333333332,98.0,17722,VDD_IN,30195,7327,8393,15803,17722,3594,4080,2.0,1.0,2.0,1.0,92.0,0.0,61.093,62.718,61.062,60.062,60.218,62.718
08-11-2026 17:42:13,6326,7607,1412,16384,17.0,98.0,17683,VDD_IN,30052,7356,8250,15862,17683,3611,4119,2.0,3.0,3.0,1.0,93.0,0.0,61.343,62.781,61.0,60.062,60.25,62.781
08-11-2026 17:42:14,6326,7607,1412,16384,16.333333333333332,98.0,17683,VDD_IN,30013,7381,8172,15917,17683,3627,4158,2.0,1.0,0.0,2.0,92.0,1.0,61.468,62.718,61.062,60.156,60.312,62.718
08-11-2026 17:42:15,6326,7607,1412,16384,21.833333333333332,98.0,17722,VDD_IN,29922,7399,8003,15970,17722,3644,4197,10.0,17.0,5.0,7.0,92.0,0.0,61.312,62.75,61.156,60.281,60.5,62.75
08-11-2026 17:42:16,6326,7607,1412,16384,16.5,99.0,17565,VDD_IN,29583,7409,7742,16016,17565,3662,4276,2.0,3.0,1.0,1.0,92.0,0.0,61.656,62.062,61.406,60.218,60.625,62.062
08-11-2026 17:42:17,6327,7607,1412,16384,17.5,99.0,17526,VDD_IN,29856,7432,8250,16058,17526,3674,4080,3.0,5.0,2.0,2.0,93.0,0.0,61.687,62.343,61.156,60.281,60.562,62.343
08-11-2026 17:42:18,6327,7607,1412,16384,16.666666666666668,99.0,17565,VDD_IN,30051,7463,8563,16099,17565,3680,3923,3.0,2.0,1.0,2.0,92.0,0.0,61.468,62.812,61.25,60.375,60.593,62.812
08-11-2026 17:42:19,6327,7607,1412,16384,16.666666666666668,99.0,17801,VDD_IN,30468,7494,8666,16143,17801,3689,4001,2.0,1.0,1.0,4.0,92.0,0.0,61.593,63.062,61.406,60.437,60.531,63.062
08-11-2026 17:42:20,6327,7607,1412,16384,21.333333333333332,99.0,17879,VDD_IN,30664,7528,8823,16188,17879,3696,3962,14.0,8.0,10.0,1.0,95.0,0.0,61.406,63.25,61.437,60.343,60.687,63.25
08-11-2026 17:42:21,6327,7607,1412,16384,17.333333333333332,97.0,17840,VDD_IN,30625,7562,8862,16229,17840,3701,3923,2.0,2.0,2.0,1.0,97.0,0.0,61.562,63.281,61.375,60.375,60.687,63.281
08-11-2026 17:42:22,6328,7607,1412,16384,16.833333333333332,98.0,17840,VDD_IN,30586,7591,8784,16268,17840,3708,3962,2.0,3.0,2.0,2.0,92.0,0.0,61.687,63.218,61.437,60.468,60.656,63.218
08-11-2026 17:42:23,6328,7607,1412,16384,16.833333333333332,97.0,17879,VDD_IN,30625,7620,8784,16307,17879,3714,3962,5.0,1.0,1.0,2.0,92.0,0.0,61.562,63.375,61.468,60.562,60.781,63.375
08-11-2026 17:42:24,6329,7607,1412,16384,16.666666666666668,98.0,17840,VDD_IN,30507,7645,8705,16342,17840,3720,3962,3.0,2.0,1.0,2.0,92.0,0.0,61.937,63.093,61.593,60.562,60.843,63.093
08-11-2026 17:42:25,6329,7607,1412,16384,21.833333333333332,97.0,17958,VDD_IN,30743,7671,8784,16379,17958,3726,4001,13.0,4.0,7.0,20.0,87.0,0.0,61.562,63.062,61.625,60.5,61.093,63.062
08-11-2026 17:42:26,6329,7607,1412,16384,16.166666666666668,97.0,17840,VDD_IN,30507,7692,8627,16412,17840,3733,4040,29.0,3.0,1.0,64.0,0.0,0.0,61.906,63.281,61.562,60.593,60.812,63.281
08-11-2026 17:42:27,6329,7607,1412,16384,16.833333333333332,98.0,17801,VDD_IN,30312,7709,8471,16442,17801,3740,4040,1.0,3.0,2.0,92.0,2.0,1.0,62.187,63.25,61.625,60.687,60.906,63.25
08-11-2026 17:42:28,6330,7607,1412,16384,16.333333333333332,97.0,17801,VDD_IN,30313,7725,8432,16471,17801,3747,4080,3.0,1.0,1.0,93.0,0.0,0.0,61.968,63.312,61.718,60.812,60.937,63.156
08-11-2026 17:42:29,6330,7607,1412,16384,16.166666666666668,98.0,17761,VDD_IN,30195,7737,8315,16498,17761,3755,4119,1.0,1.0,3.0,92.0,0.0,0.0,62.375,63.25,61.812,60.875,61.031,63.25
08-11-2026 17:42:30,6331,7607,1412,16384,17.333333333333332,97.0,17801,VDD_IN,30235,7748,8276,16524,17801,3763,4158,9.0,1.0,2.0,92.0,0.0,0.0,62.0,63.156,61.812,60.718,61.125,63.156
08-11-2026 17:42:31,6335,7607,1412,16384,20.0,98.0,17722,VDD_IN,29974,7754,8055,16548,17722,3772,4197,3.0,5.0,4.0,92.0,15.0,1.0,62.062,63.187,61.75,60.812,61.0,63.187
08-11-2026 17:42:32,6336,7607,1412,16384,16.0,99.0,17604,VDD_IN,29700,7755,7820,16569,17604,3781,4276,1.0,2.0,1.0,92.0,0.0,0.0,62.343,62.843,61.812,60.875,61.093,62.843
08-11-2026 17:42:33,6336,7607,1412,16384,16.333333333333332,99.0,17565,VDD_IN,29895,7765,8250,16588,17565,3787,4080,1.0,2.0,2.0,92.0,0.0,1.0,62.031,62.968,61.812,60.875,61.156,62.968
08-11-2026 17:42:34,6337,7607,1412,16384,16.0,99.0,17565,VDD_IN,30037,7780,8549,16606,17565,3790,3923,1.0,1.0,1.0,92.0,1.0,0.0,62.375,63.375,62.0,60.937,61.156,63.375
08-11-2026 17:42:35,6334,7607,1412,16384,17.166666666666668,99.0,17879,VDD_IN,30546,7796,8666,16630,17879,3794,4001,4.0,2.0,3.0,93.0,0.0,1.0,62.093,63.5,62.0,60.875,61.312,63.5
08-11-2026 17:42:36,6333,7607,1412,16384,20.333333333333332,99.0,17958,VDD_IN,30782,7815,8862,16654,17958,3797,3962,4.0,11.0,7.0,94.0,6.0,0.0,62.125,63.562,61.812,60.937,61.25,63.562
08-11-2026 17:42:37,6334,7607,1412,16384,17.833333333333332,98.0,17918,VDD_IN,30703,7834,8862,16677,17918,3799,3923,5.0,2.0,2.0,97.0,1.0,0.0,62.375,63.656,61.937,61.0,61.281,63.656
08-11-2026 17:42:38,6334,7607,1412,16384,16.666666666666668,98.0,17879,VDD_IN,30664,7851,8823,16698,17879,3802,3962,5.0,92.0,1.0,2.0,0.0,0.0,62.312,63.625,62.031,61.031,61.281,63.625
08-11-2026 17:42:39,6334,7607,1412,16384,16.5,98.0,17879,VDD_IN,30664,7868,8823,16718,17879,3805,3962,2.0,91.0,1.0,1.0,2.0,2.0,62.5,63.875,62.031,61.062,61.406,63.875
08-11-2026 17:42:40,6335,7607,1412,16384,16.666666666666668,97.0,17840,VDD_IN,30546,7882,8705,16737,17840,3808,4001,1.0,93.0,1.0,2.0,2.0,1.0,62.093,63.906,62.093,61.187,61.437,63.906
08-11-2026 17:42:41,6338,7607,1412,16384,20.333333333333332,97.0,17889,VDD_IN,30634,7897,8744,16756,17889,3811,4001,6.0,92.0,2.0,8.0,12.0,2.0,62.25,63.812,62.25,61.062,61.468,63.812
08-11-2026 17:42:42,6338,7607,1412,16384,16.5,97.0,17840,VDD_IN,30468,7908,8588,16774,17840,3815,4040,2.0,92.0,3.0,1.0,1.0,0.0,62.25,63.875,62.062,61.093,61.437,63.875
08-11-2026 17:42:43,6338,7607,1412,16384,16.166666666666668,98.0,17761,VDD_IN,30272,7917,8471,16790,17761,3819,4040,2.0,93.0,2.0,0.0,0.0,0.0,62.5,64.062,62.156,61.218,61.437,64.062
08-11-2026 17:42:44,6339,7607,1412,16384,16.5,98.0,17801,VDD_IN,30313,7925,8432,16806,17801,3823,4080,1.0,92.0,2.0,3.0,0.0,1.0,62.593,64.031,62.125,61.218,61.531,64.031
08-11-2026 17:42:45,6339,7607,1412,16384,16.166666666666668,97.0,17761,VDD_IN,30156,7931,8276,16821,17761,3827,4119,2.0,92.0,1.0,1.0,0.0,1.0,62.312,64.062,62.156,61.343,61.593,64.062
08-11-2026 17:42:46,6339,7607,1412,16384,19.666666666666668,98.0,17929,VDD_IN,30480,7938,8393,16838,17929,3832,4158,5.0,92.0,10.0,7.0,0.0,4.0,62.656,64.156,62.25,61.218,61.593,64.156
08-11-2026 17:42:47,6340,7607,1412,16384,17.5,98.0,17761,VDD_IN,30053,7940,8055,16852,17761,3839,4237,3.0,73.0,2.0,2.0,23.0,2.0,62.406,64.125,62.156,61.312,61.5,64.125
08-11-2026 17:42:48,6340,7607,1412,16384,16.5,99.0,17643,VDD_IN,29739,7938,7820,16864,17643,3845,4276,2.0,1.0,2.0,1.0,92.0,1.0,62.718,63.625,62.187,61.375,61.625,63.625
08-11-2026 17:42:49,6340,7607,1412,16384,17.5,99.0,17643,VDD_IN,30013,7943,8290,16875,17643,3849,4080,70.0,3.0,3.0,3.0,26.0,0.0,62.781,63.593,62.312,61.343,61.781,63.593
08-11-2026 17:42:50,6340,7607,1412,16384,16.166666666666668,99.0,17565,VDD_IN,30076,7952,8549,16885,17565,3850,3962,92.0,2.0,1.0,1.0,0.0,1.0,62.593,64.062,62.437,61.468,61.812,64.062
08-11-2026 17:42:51,6341,7607,1412,16384,16.666666666666668,99.0,17879,VDD_IN,30624,7963,8705,16900,17879,3853,4040,93.0,2.0,1.0,3.0,0.0,1.0,62.781,64.156,62.406,61.343,61.843,64.156
08-11-2026 17:42:52,6341,7607,1412,16384,21.833333333333332,99.0,17889,VDD_IN,30713,7975,8862,16913,17889,3854,3962,69.0,12.0,10.0,12.0,28.0,0.0,62.75,64.0,62.406,61.375,61.718,64.0
08-11-2026 17:42:53,6341,7607,1412,16384,17.166666666666668,98.0,17929,VDD_IN,30792,7988,8901,16928,17929,3856,3962,98.0,2.0,2.0,1.0,0.0,0.0,62.687,64.062,62.343,61.468,61.75,64.062
08-11-2026 17:42:54,6341,7607,1412,16384,16.333333333333332,98.0,17889,VDD_IN,30667,8000,8823,16941,17889,3857,3955,92.0,2.0,1.0,3.0,0.0,0.0,63.0,64.062,62.437,61.625,61.875,64.062
08-11-2026 17:42:55,6341,7607,1412,16384,16.166666666666668,97.0,17840,VDD_IN,30586,8010,8784,16953,17840,3859,3962,92.0,2.0,1.0,2.0,0.0,0.0,62.75,63.875,62.468,61.5,61.937,63.875
08-11-2026 17:42:56,6341,7607,1412,16384,16.0,98.0,17801,VDD_IN,30468,8019,8705,16964,17801,3860,3962,92.0,1.0,2.0,1.0,0.0,0.0,62.906,64.031,62.437,61.562,61.937,64.031
08-11-2026 17:42:57,6341,7607,1412,16384,20.666666666666668,99.0,17879,VDD_IN,30546,8028,8666,16976,17879,3862,4001,45.0,4.0,5.0,11.0,58.0,1.0,62.937,63.937,62.5,61.593,61.75,64.093
08-11-2026 17:42:58,6342,7607,1412,16384,16.5,97.0,17761,VDD_IN,30311,8035,8549,16986,17761,3864,4001,1.0,2.0,1.0,3.0,92.0,0.0,62.781,64.093,62.593,61.625,61.781,64.093
08-11-2026 17:42:59,6342,7607,1412,16384,16.666666666666668,98.0,17643,VDD_IN,30115,8040,8432,16995,17643,3866,4040,1.0,1.0,2.0,4.0,92.0,0.0,62.937,64.031,62.562,61.718,61.75,64.031
08-11-2026 17:43:00,6342,7607,1412,16384,17.166666666666668,98.0,17683,VDD_IN,30038,8043,8315,17004,17683,3868,4040,7.0,2.0,0.0,2.0,92.0,0.0,62.656,64.031,62.593,61.468,61.875,64.031
08-11-2026 17:43:01,6342,7607,1412,16384,16.666666666666668,98.0,17565,VDD_IN,29895,8045,8211,17011,17565,3871,4119,1.0,2.0,2.0,3.0,92.0,0.0,62.75,64.125,62.781,61.593,61.812,64.125
08-11-2026 17:43:02,6343,7607,1412,16384,21.0,98.0,17801,VDD_IN,30235,8048,8276,17020,17801,3875,4158,18.0,6.0,4.0,6.0,92.0,0.0,62.968,64.187,62.531,61.593,61.906,64.187
08-11-2026 17:43:03,6343,7607,1412,16384,16.666666666666668,98.0,17526,VDD_IN,29700,8047,7977,17027,17526,3879,4197,4.0,3.0,1.0,0.0,92.0,0.0,63.125,63.937,62.593,61.687,61.906,63.937
08-11-2026 17:43:04,6344,7607,1412,16384,17.0,99.0,17408,VDD_IN,29348,8043,7664,17031,17408,3884,4276,3.0,2.0,4.0,1.0,92.0,0.0,63.062,63.468,62.75,61.812,62.0,63.468
08-11-2026 17:43:05,6345,7607,1412,16384,16.666666666666668,99.0,17368,VDD_IN,29619,8045,8211,17035,17368,3885,4040,3.0,2.0,2.0,1.0,92.0,0.0,62.781,63.812,62.781,61.625,62.031,63.812
08-11-2026 17:43:06,6345,7607,1412,16384,16.833333333333332,99.0,17447,VDD_IN,29894,8050,8524,17040,17447,3886,3923,3.0,2.0,3.0,1.0,92.0,0.0,62.75,64.125,62.812,61.625,61.875,64.125
08-11-2026 17:43:07,6346,7607,1412,16384,16.333333333333332,99.0,17761,VDD_IN,30428,8057,8627,17048,17761,3888,4040,1.0,2.0,2.0,2.0,91.0,0.0,63.0,64.343,62.562,61.75,62.093,64.343
08-11-2026 17:43:08,6348,7607,1412,16384,21.833333333333332,98.0,17643,VDD_IN,30271,8064,8666,17055,17643,3889,3962,7.0,17.0,8.0,4.0,95.0,0.0,63.093,64.156,62.593,61.656,62.0,64.156
08-11-2026 17:43:09,6349,7607,1412,16384,17.5,98.0,17761,VDD_IN,30468,8072,8784,17063,17761,3889,3923,3.0,2.0,2.0,1.0,97.0,0.0,63.062,64.593,62.781,61.875,62.062,64.593
08-11-2026 17:43:10,6349,7607,1412,16384,16.666666666666668,98.0,17761,VDD_IN,30428,8079,8705,17071,17761,3890,3962,2.0,3.0,2.0,1.0,92.0,0.0,62.687,64.687,62.75,61.718,62.062,64.687
08-11-2026 17:43:11,6350,7607,1412,16384,17.0,97.0,17840,VDD_IN,30546,8087,8744,17080,17840,3891,3962,6.0,2.0,2.0,0.0,92.0,0.0,62.875,64.718,62.875,61.75,61.968,64.718
08-11-2026 17:43:12,6350,7607,1412,16384,16.666666666666668,98.0,17761,VDD_IN,30350,8093,8627,17087,17761,3891,3962,2.0,4.0,1.0,1.0,92.0,0.0,63.0,64.75,62.75,61.875,62.093,64.75
08-11-2026 17:43:13,6352,7607,1412,16384,21.333333333333332,97.0,17761,VDD_IN,30350,8098,8588,17094,17761,3893,4001,6.0,17.0,7.0,6.0,92.0,0.0,63.25,64.312,62.781,61.875,62.093,64.312
08-11-2026 17:43:14,6353,7607,1412,16384,16.5,98.0,17722,VDD_IN,30233,8103,8510,17101,17722,3894,4001,1.0,2.0,2.0,2.0,92.0,0.0,62.875,64.468,62.75,61.687,62.062,64.468
08-11-2026 17:43:15,6353,7607,1412,16384,17.0,98.0,17683,VDD_IN,30116,8106,8393,17107,17683,3895,4040,3.0,2.0,2.0,2.0,93.0,0.0,62.937,64.406,62.937,61.843,62.062,64.406
08-11-2026 17:43:16,6354,7607,1412,16384,16.833333333333332,98.0,17683,VDD_IN,30156,8109,8393,17113,17683,3897,4080,1.0,3.0,3.0,2.0,92.0,0.0,62.906,64.468,62.843,61.843,62.093,64.468
08-11-2026 17:43:17,6354,7607,1412,16384,16.833333333333332,98.0,17643,VDD_IN,29960,8110,8198,17119,17643,3899,4119,4.0,1.0,2.0,2.0,92.0,0.0,63.0,64.5,62.875,61.843,62.218,64.5
08-11-2026 17:43:18,6358,7607,1412,16384,21.0,98.0,17801,VDD_IN,30235,8111,8276,17126,17801,3902,4158,4.0,19.0,8.0,4.0,91.0,0.0,63.281,64.5,62.812,61.937,62.187,64.5
08-11-2026 17:43:19,6358,7607,1412,16384,17.0,98.0,17604,VDD_IN,29804,8110,8003,17131,17604,3905,4197,3.0,3.0,3.0,0.0,93.0,0.0,63.031,64.218,62.906,61.843,62.156,64.218
08-11-2026 17:43:20,6358,7607,1412,16384,16.5,99.0,17565,VDD_IN,29622,8107,7781,17135,17565,3909,4276,2.0,2.0,1.0,2.0,92.0,0.0,63.281,64.0,62.968,61.812,62.281,64.0
08-11-2026 17:43:21,6359,7607,1412,16384,16.833333333333332,99.0,17486,VDD_IN,29777,8107,8172,17139,17486,3911,4119,2.0,1.0,3.0,3.0,92.0,0.0,63.375,63.937,62.781,61.875,62.187,63.937
08-11-2026 17:43:22,6359,7607,1412,16384,17.166666666666668,99.0,17526,VDD_IN,30012,8112,8524,17143,17526,3912,3962,2.0,1.0,2.0,6.0,92.0,0.0,63.0,64.375,62.875,62.031,62.156,64.375
08-11-2026 17:43:23,6358,7607,1412,16384,18.0,99.0,17693,VDD_IN,30360,8117,8666,17148,17693,3912,4001,4.0,2.0,7.0,3.0,92.0,0.0,63.25,64.718,62.968,62.031,62.281,64.718
08-11-2026 17:43:24,6357,7607,1412,16384,20.5,99.0,17811,VDD_IN,30596,8124,8823,17154,17811,3913,3962,10.0,3.0,16.0,3.0,91.0,0.0,63.062,64.781,63.031,61.875,62.281,64.781
08-11-2026 17:43:25,6357,7607,1412,16384,17.5,97.0,17801,VDD_IN,30547,8131,8823,17161,17801,3913,3923,82.0,2.0,2.0,2.0,17.0,0.0,63.156,64.812,63.062,61.906,62.25,64.812
08-11-2026 17:43:26,6358,7607,1412,16384,16.666666666666668,97.0,17772,VDD_IN,30478,8136,8744,17166,17772,3913,3962,3.0,1.0,1.0,3.0,92.0,0.0,63.218,64.781,62.968,61.968,62.25,64.781
08-11-2026 17:43:27,6358,7607,1412,16384,16.5,97.0,17801,VDD_IN,30507,8142,8744,17172,17801,3914,3962,2.0,2.0,0.0,3.0,92.0,0.0,63.093,64.843,63.0,62.062,62.312,64.843
08-11-2026 17:43:28,6359,7607,1412,16384,16.833333333333332,98.0,17761,VDD_IN,30428,8147,8705,17178,17761,3914,3962,2.0,3.0,1.0,1.0,93.0,1.0,63.468,64.656,63.093,62.156,62.312,64.656
08-11-2026 17:43:29,6361,7607,1412,16384,21.833333333333332,98.0,17840,VDD_IN,30507,8152,8666,17184,17840,3915,4001,5.0,18.0,6.0,9.0,92.0,1.0,63.125,64.593,63.093,61.968,62.375,64.593
08-11-2026 17:43:30,6361,7607,1412,16384,16.666666666666668,98.0,17801,VDD_IN,30390,8156,8588,17190,17801,3916,4001,3.0,3.0,1.0,1.0,92.0,0.0,63.156,64.687,63.0,61.937,62.343,64.687
08-11-2026 17:43:31,6362,7607,1412,16384,16.833333333333332,98.0,17761,VDD_IN,30272,8159,8471,17195,17761,3917,4040,2.0,2.0,2.0,2.0,93.0,0.0,63.312,64.687,63.031,62.093,62.25,64.687
08-11-2026 17:43:32,6362,7607,1412,16384,16.333333333333332,98.0,17761,VDD_IN,30273,8162,8432,17200,17761,3919,4080,2.0,1.0,1.0,1.0,92.0,1.0,63.062,64.812,63.062,62.093,62.406,64.812
08-11-2026 17:43:33,6363,7607,1412,16384,16.833333333333332,98.0,17683,VDD_IN,30039,8162,8237,17204,17683,3920,4119,2.0,1.0,2.0,1.0,92.0,3.0,63.218,64.718,63.093,62.0,62.468,64.718
08-11-2026 17:43:34,6366,7607,1412,16384,20.666666666666668,98.0,17801,VDD_IN,30235,8163,8276,17210,17801,3922,4158,3.0,16.0,4.0,9.0,92.0,0.0,63.156,64.906,63.218,62.187,62.375,64.906
08-11-2026 17:43:35,6366,7607,1412,16384,17.5,98.0,17722,VDD_IN,29961,8162,8042,17214,17722,3925,4197,2.0,5.0,2.0,4.0,92.0,0.0,63.25,64.906,63.062,62.125,62.375,64.906
08-11-2026 17:43:36,6367,7607,1412,16384,16.666666666666668,99.0,17643,VDD_IN,29739,8159,7820,17218,17643,3928,4276,2.0,2.0,1.0,2.0,92.0,1.0,63.625,64.781,63.093,62.125,62.5,64.781
08-11-2026 17:43:37,6367,7607,1412,16384,16.666666666666668,99.0,17486,VDD_IN,29738,8159,8133,17220,17486,3930,4119,4.0,2.0,1.0,2.0,91.0,0.0,63.406,64.625,63.062,62.312,62.593,64.625
08-11-2026 17:43:38,6368,7607,1412,16384,16.166666666666668,99.0,17526,VDD_IN,29959,8162,8471,17223,17526,3930,3962,8.0,0.0,2.0,1.0,86.0,0.0,63.531,64.593,63.25,62.125,62.531,64.593
08-11-2026 17:43:39,6366,7607,1412,16384,19.5,99.0,17801,VDD_IN,30468,8166,8666,17228,17801,3930,4001,90.0,5.0,12.0,6.0,3.0,1.0,63.75,64.656,63.281,62.093,62.593,64.656
08-11-2026 17:43:40,6365,7607,1412,16384,18.0,99.0,17850,VDD_IN,30674,8172,8862,17233,17850,3931,3962,3.0,3.0,5.0,4.0,93.0,0.0,63.375,65.031,63.093,62.25,62.406,65.031
08-11-2026 17:43:41,6365,7607,1412,16384,17.666666666666668,97.0,17840,VDD_IN,30586,8177,8823,17238,17840,3931,3923,3.0,1.0,2.0,2.0,98.0,0.0,63.562,64.968,63.156,62.281,62.531,64.968
08-11-2026 17:43:42,6366,7607,1412,16384,16.333333333333332,97.0,17772,VDD_IN,30518,8182,8784,17242,17772,3931,3962,2.0,1.0,1.0,2.0,92.0,0.0,63.218,64.937,63.218,62.312,62.531,64.937
08-11-2026 17:43:43,6366,7607,1412,16384,16.333333333333332,97.0,17732,VDD_IN,30438,8187,8744,17246,17732,3931,3962,1.0,2.0,2.0,1.0,92.0,0.0,63.218,64.937,63.187,62.218,62.593,64.937
08-11-2026 17:43:44,6366,7607,1412,16384,17.833333333333332,98.0,17772,VDD_IN,30439,8191,8705,17251,17772,3931,3962,6.0,2.0,4.0,3.0,92.0,0.0,63.218,64.968,63.343,62.187,62.5,64.968
08-11-2026 17:43:45,6368,7607,1412,16384,21.0,98.0,17772,VDD_IN,30400,8195,8627,17255,17772,3932,4001,4.0,4.0,18.0,8.0,92.0,0.0,63.406,64.812,63.156,62.312,62.562,64.812
08-11-2026 17:43:46,6368,7607,1412,16384,16.666666666666668,98.0,17801,VDD_IN,30390,8198,8588,17259,17801,3932,4001,4.0,1.0,1.0,1.0,92.0,1.0,63.562,64.906,63.312,62.343,62.531,64.906
08-11-2026 17:43:47,6369,7607,1412,16384,16.666666666666668,97.0,17761,VDD_IN,30311,8200,8510,17263,17761,3933,4040,1.0,2.0,1.0,3.0,92.0,1.0,63.312,64.781,63.312,62.312,62.593,64.781
08-11-2026 17:43:48,6369,7607,1412,16384,16.833333333333332,98.0,17761,VDD_IN,30273,8202,8432,17267,17761,3934,4080,3.0,2.0,2.0,2.0,92.0,0.0,63.406,64.812,63.343,62.218,62.593,64.812
08-11-2026 17:43:49,6370,7607,1412,16384,16.5,98.0,17722,VDD_IN,30156,8203,8315,17271,17722,3936,4119,2.0,1.0,3.0,1.0,92.0,0.0,63.562,64.781,63.437,62.312,62.562,64.781
08-11-2026 17:43:50,6373,7607,1412,16384,21.333333333333332,98.0,17761,VDD_IN,30117,8203,8198,17274,17761,3938,4158,3.0,6.0,19.0,8.0,92.0,0.0,63.437,64.968,63.312,62.312,62.656,64.968
08-11-2026 17:43:51,6372,7607,1412,16384,16.833333333333332,98.0,17643,VDD_IN,29882,8202,8042,17277,17643,3940,4197,24.0,4.0,1.0,2.0,70.0,0.0,63.687,65.0,63.343,62.375,62.687,65.0
08-11-2026 17:43:52,6372,7607,1412,16384,15.833333333333334,98.0,17604,VDD_IN,29727,8199,7847,17280,17604,3942,4276,92.0,1.0,1.0,1.0,0.0,0.0,63.437,64.906,63.406,62.437,62.843,64.906
08-11-2026 17:43:53,6372,7607,1412,16384,16.166666666666668,99.0,17526,VDD_IN,29700,8198,8016,17282,17526,3944,4158,92.0,2.0,2.0,1.0,0.0,0.0,63.531,64.687,63.5,62.312,62.906,64.687
08-11-2026 17:43:54,6372,7607,1412,16384,16.166666666666668,99.0,17565,VDD_IN,30037,8200,8471,17284,17565,3944,4001,93.0,2.0,1.0,1.0,0.0,0.0,63.468,65.187,63.5,62.25,62.75,65.187
08-11-2026 17:43:55,6374,7607,1412,16384,20.833333333333332,99.0,17850,VDD_IN,30589,8204,8744,17288,17850,3945,3995,83.0,15.0,11.0,4.0,11.0,1.0,63.5,65.281,63.312,62.343,62.656,65.281
08-11-2026 17:43:56,6373,7607,1412,16384,16.833333333333332,99.0,18046,VDD_IN,30942,8209,8862,17294,18046,3945,4034,2.0,2.0,3.0,1.0,93.0,0.0,63.687,65.406,63.343,62.437,62.687,65.406
08-11-2026 17:43:57,6374,7607,1412,16384,17.833333333333332,98.0,17811,VDD_IN,30557,8213,8823,17297,17811,3945,3923,3.0,2.0,2.0,1.0,99.0,0.0,63.343,65.0,63.343,62.375,62.75,65.0
08-11-2026 17:43:58,6374,7607,1412,16384,17.166666666666668,98.0,17811,VDD_IN,30596,8217,8823,17301,17811,3945,3962,2.0,3.0,3.0,2.0,93.0,0.0,63.406,65.0,63.468,62.312,62.625,65.0
08-11-2026 17:43:59,6375,7607,1412,16384,16.666666666666668,97.0,17761,VDD_IN,30389,8221,8666,17305,17761,3945,3962,2.0,1.0,1.0,3.0,92.0,1.0,63.593,65.0,63.343,62.343,62.625,65.0
08-11-2026 17:44:00,6375,7607,1412,16384,16.333333333333332,98.0,17811,VDD_IN,30478,8224,8705,17308,17811,3946,3962,2.0,2.0,1.0,1.0,92.0,0.0,63.781,65.062,63.406,62.375,62.656,65.062
08-11-2026 17:44:01,6374,7607,1412,16384,21.666666666666668,99.0,17811,VDD_IN,30472,8227,8666,17312,17811,3946,3995,19.0,6.0,5.0,7.0,93.0,0.0,63.687,65.062,63.437,62.5,62.656,65.062
08-11-2026 17:44:02,6374,7607,1412,16384,16.666666666666668,97.0,17811,VDD_IN,30439,8230,8627,17315,17811,3946,4001,2.0,3.0,2.0,1.0,92.0,0.0,63.375,65.468,63.406,62.343,62.625,65.468
08-11-2026 17:44:03,6375,7607,1412,16384,17.666666666666668,98.0,17772,VDD_IN,30322,8232,8510,17319,17772,3947,4040,2.0,3.0,5.0,2.0,92.0,2.0,63.468,65.031,63.5,62.312,62.718,65.031
08-11-2026 17:44:04,6376,7607,1412,16384,16.5,98.0,17772,VDD_IN,30323,8234,8471,17322,17772,3948,4080,1.0,2.0,1.0,1.0,93.0,1.0,63.593,64.937,63.406,62.343,62.625,64.937
08-11-2026 17:44:05,6376,7607,1412,16384,16.333333333333332,98.0,17761,VDD_IN,30195,8234,8315,17325,17761,3949,4119,2.0,1.0,1.0,2.0,92.0,0.0,63.812,64.968,63.343,62.343,62.687,64.968
08-11-2026 17:44:06,6374,7607,1412,16384,22.5,97.0,17722,VDD_IN,30078,8234,8198,17327,17722,3950,4158,14.0,8.0,11.0,9.0,92.0,1.0,63.75,64.906,63.468,62.562,62.781,64.906
08-11-2026 17:44:07,6375,7607,1412,16384,16.5,98.0,17683,VDD_IN,29961,8233,8081,17330,17683,3952,4197,2.0,3.0,2.0,1.0,91.0,0.0,63.562,65.062,63.531,62.406,62.75,65.062
08-11-2026 17:44:08,6376,7607,1412,16384,16.333333333333332,98.0,17683,VDD_IN,29806,8230,7847,17332,17683,3954,4276,2.0,2.0,1.0,1.0,92.0,0.0,63.625,65.0,63.562,62.375,62.687,65.0
08-11-2026 17:44:09,6376,7607,1412,16384,16.666666666666668,99.0,17565,VDD_IN,29817,8229,8055,17334,17565,3956,4197,1.0,2.0,1.0,3.0,92.0,1.0,63.875,64.718,63.375,62.437,62.75,64.718
08-11-2026 17:44:10,6377,7607,1412,16384,16.333333333333332,99.0,17565,VDD_IN,30076,8231,8510,17335,17565,3956,4001,3.0,1.0,2.0,0.0,92.0,0.0,63.937,65.218,63.531,62.5,62.781,65.218
08-11-2026 17:44:11,6383,7607,1412,16384,21.5,99.0,17772,VDD_IN,30517,8235,8744,17338,17772,3957,4001,8.0,18.0,7.0,4.0,92.0,0.0,63.781,65.187,63.562,62.562,62.781,65.031
08-11-2026 17:44:12,6382,7607,1412,16384,17.0,99.0,18007,VDD_IN,30903,8239,8901,17343,18007,3957,3995,2.0,2.0,2.0,3.0,93.0,0.0,63.625,65.281,63.562,62.437,62.781,65.281
08-11-2026 17:44:13,6383,7607,1412,16384,17.666666666666668,98.0,17850,VDD_IN,30589,8243,8823,17346,17850,3957,3916,3.0,2.0,2.0,0.0,99.0,0.0,63.562,65.156,63.468,62.5,62.718,65.156
08-11-2026 17:44:14,6383,7607,1412,16384,16.5,98.0,17850,VDD_IN,30596,8246,8784,17349,17850,3957,3962,3.0,1.0,2.0,1.0,92.0,0.0,63.562,65.156,63.406,62.593,62.781,65.156
08-11-2026 17:44:15,6384,7607,1412,16384,16.666666666666668,97.0,17772,VDD_IN,30439,8249,8705,17352,17772,3957,3962,3.0,2.0,2.0,1.0,92.0,0.0,63.812,65.25,63.562,62.531,62.718,65.25
08-11-2026 17:44:16,6385,7607,1412,16384,17.333333333333332,98.0,17889,VDD_IN,30628,8253,8784,17356,17889,3957,3955,3.0,3.0,3.0,3.0,92.0,0.0,63.75,65.375,63.562,62.437,62.781,65.375
08-11-2026 17:44:17,6385,7607,1412,16384,21.333333333333332,99.0,17850,VDD_IN,30550,8256,8705,17359,17850,3957,3995,7.0,5.0,14.0,9.0,93.0,0.0,63.562,65.343,63.718,62.5,62.843,65.343
08-11-2026 17:44:18,6385,7607,1412,16384,16.166666666666668,98.0,17850,VDD_IN,30511,8258,8666,17362,17850,3957,3995,38.0,1.0,1.0,2.0,55.0,0.0,63.625,65.437,63.468,62.531,63.0,65.437
08-11-2026 17:44:19,6385,7607,1412,16384,16.666666666666668,98.0,17772,VDD_IN,30361,8260,8549,17365,17772,3958,4040,92.0,2.0,2.0,4.0,0.0,0.0,63.843,65.5,63.5,62.562,62.875,65.5
08-11-2026 17:44:20,6385,7607,1412,16384,16.0,97.0,17801,VDD_IN,30352,8262,8471,17367,17801,3958,4080,92.0,2.0,1.0,1.0,0.0,0.0,63.906,65.468,63.562,62.656,62.937,65.468
08-11-2026 17:44:21,6385,7607,1412,16384,16.333333333333332,98.0,17732,VDD_IN,30205,8262,8354,17370,17732,3959,4119,92.0,2.0,2.0,2.0,0.0,0.0,63.656,65.562,63.562,62.687,63.031,65.562
08-11-2026 17:44:22,6386,7607,1412,16384,20.333333333333332,98.0,17732,VDD_IN,30088,8262,8198,17372,17732,3961,4158,45.0,7.0,13.0,8.0,49.0,0.0,63.656,65.031,63.625,62.562,62.875,65.031
08-11-2026 17:44:23,6387,7607,1412,16384,16.833333333333332,98.0,17732,VDD_IN,30049,8261,8120,17374,17732,3962,4197,1.0,1.0,4.0,3.0,92.0,0.0,63.843,65.093,63.5,62.531,62.75,65.093
08-11-2026 17:44:24,6387,7607,1412,16384,16.666666666666668,98.0,17683,VDD_IN,29858,8259,7938,17376,17683,3964,4237,2.0,1.0,1.0,2.0,93.0,1.0,63.812,65.062,63.562,62.593,62.812,65.062
08-11-2026 17:44:25,6388,7607,1412,16384,16.5,99.0,17565,VDD_IN,29778,8257,8016,17377,17565,3965,4197,3.0,2.0,1.0,1.0,92.0,0.0,64.125,64.718,63.562,62.718,62.875,64.718
08-11-2026 17:44:26,6388,7607,1412,16384,17.166666666666668,99.0,17604,VDD_IN,30076,8259,8471,17378,17604,3965,4001,4.0,2.0,2.0,2.0,92.0,1.0,63.687,65.125,63.593,62.718,62.968,65.125
08-11-2026 17:44:27,6385,7607,1412,16384,21.166666666666668,99.0,17811,VDD_IN,30517,8261,8666,17381,17811,3966,4040,7.0,20.0,5.0,3.0,92.0,0.0,63.656,65.625,63.593,62.468,62.875,65.625
08-11-2026 17:44:28,6385,7607,1412,16384,17.333333333333332,99.0,18085,VDD_IN,31020,8265,8862,17385,18085,3967,4073,2.0,1.0,6.0,2.0,93.0,0.0,64.031,65.25,63.625,62.562,62.875,65.25
08-11-2026 17:44:29,6384,7607,1412,16384,17.833333333333332,98.0,17850,VDD_IN,30635,8268,8862,17388,17850,3966,3923,2.0,2.0,4.0,1.0,98.0,0.0,63.781,65.125,63.562,62.625,62.843,65.125
08-11-2026 17:44:30,6385,7607,1411,16384,17.0,98.0,17850,VDD_IN,30674,8272,8862,17391,17850,3966,3962,2.0,3.0,3.0,0.0,94.0,0.0,64.0,65.187,63.656,62.687,62.906,65.187
08-11-2026 17:44:31,6385,7607,1411,16384,16.666666666666668,97.0,17879,VDD_IN,30625,8275,8784,17394,17879,3966,3962,1.0,4.0,2.0,1.0,92.0,0.0,63.593,65.187,63.687,62.5,62.968,65.312
08-11-2026 17:44:32,6388,7607,1411,16384,19.5,98.0,18007,VDD_IN,30903,8278,8901,17397,18007,3966,3995,6.0,12.0,3.0,3.0,92.0,1.0,63.75,65.406,63.531,62.593,62.937,65.406
08-11-2026 17:44:33,6385,7607,1411,16384,18.333333333333332,99.0,17811,VDD_IN,30517,8281,8705,17400,17811,3967,4001,50.0,7.0,2.0,3.0,48.0,0.0,64.0,65.437,63.562,62.625,63.062,65.437
08-11-2026 17:44:34,6386,7607,1411,16384,16.333333333333332,98.0,17850,VDD_IN,30550,8283,8666,17402,17850,3967,4034,92.0,1.0,1.0,3.0,0.0,1.0,63.968,65.468,63.593,62.687,62.937,65.468
08-11-2026 17:44:35,6385,7607,1411,16384,16.333333333333332,98.0,17811,VDD_IN,30439,8285,8588,17405,17811,3967,4040,45.0,3.0,49.0,1.0,0.0,0.0,64.312,65.5,63.687,62.718,63.0,65.5
08-11-2026 17:44:36,6385,7607,1411,16384,16.166666666666668,97.0,17772,VDD_IN,30284,8286,8432,17407,17772,3968,4080,3.0,1.0,92.0,1.0,0.0,0.0,64.031,65.5,63.781,62.531,62.937,65.5
08-11-2026 17:44:37,6385,7607,1411,16384,16.5,98.0,17772,VDD_IN,30277,8286,8393,17409,17772,3969,4112,3.0,0.0,92.0,3.0,0.0,1.0,64.062,65.312,63.656,62.593,62.968,65.312
08-11-2026 17:44:38,6389,7607,1411,16384,20.666666666666668,99.0,17801,VDD_IN,30235,8286,8276,17411,17801,3970,4158,4.0,8.0,92.0,7.0,13.0,0.0,64.187,65.281,63.656,62.687,63.062,65.281
08-11-2026 17:44:39,6468,7607,1411,16384,18.5,0.0,13170,VDD_IN,21966,8270,5440,17387,13170,3967,3356,5.0,18.0,63.0,12.0,6.0,7.0,63.531,63.625,63.593,62.781,62.812,63.625
08-11-2026 17:44:40,6710,7607,1412,16384,58.333333333333336,0.0,8240,VDD_IN,12852,8239,2702,17336,8240,3955,1910,61.0,53.0,62.0,60.0,53.0,61.0,63.312,62.562,63.25,62.437,62.187,63.312
08-11-2026 17:44:41,6875,7607,1414,16384,41.5,98.0,14610,VDD_IN,24561,8232,6916,17321,14610,3950,3035,31.0,37.0,32.0,31.0,90.0,28.0,63.281,64.562,63.031,62.25,62.218,64.562
08-11-2026 17:44:42,6876,7607,1414,16384,16.5,98.0,17486,VDD_IN,29777,8232,8329,17322,17486,3950,3962,2.0,2.0,2.0,1.0,92.0,0.0,63.593,64.906,63.156,62.406,62.437,64.906
08-11-2026 17:44:43,6883,7607,1414,16384,21.166666666666668,98.0,17850,VDD_IN,30440,8234,8510,17325,17850,3951,4080,11.0,18.0,3.0,4.0,91.0,0.0,63.531,65.187,63.218,62.468,62.593,65.187
08-11-2026 17:44:44,6883,7607,1414,16384,16.666666666666668,98.0,17761,VDD_IN,30156,8234,8276,17327,17761,3952,4119,3.0,2.0,0.0,2.0,93.0,0.0,63.375,65.281,63.375,62.593,62.562,65.281
08-11-2026 17:44:45,6883,7607,1414,16384,16.666666666666668,98.0,17761,VDD_IN,30078,8234,8159,17329,17761,3953,4158,2.0,2.0,2.0,2.0,92.0,0.0,63.468,65.0,63.562,62.343,62.687,65.0
08-11-2026 17:44:46,6883,7607,1414,16384,16.833333333333332,98.0,17683,VDD_IN,29897,8232,7977,17331,17683,3954,4237,3.0,1.0,2.0,3.0,92.0,0.0,63.625,65.0,63.406,62.437,62.625,65.0
08-11-2026 17:44:47,6883,7607,1414,16384,16.833333333333332,99.0,17604,VDD_IN,29661,8230,7781,17333,17604,3956,4276,3.0,2.0,2.0,2.0,92.0,0.0,64.156,64.468,63.312,62.531,62.656,64.468
08-11-2026 17:44:49,6888,7607,1414,16384,21.0,99.0,17772,VDD_IN,30401,8232,8549,17335,17772,3957,4080,3.0,11.0,15.0,4.0,93.0,0.0,64.031,64.968,63.5,62.593,62.875,64.968
08-11-2026 17:44:50,6888,7607,1414,16384,17.333333333333332,99.0,17604,VDD_IN,30154,8234,8588,17337,17604,3957,3962,2.0,4.0,2.0,4.0,92.0,0.0,63.468,65.406,63.562,62.75,62.812,65.406
08-11-2026 17:44:51,6888,7607,1414,16384,17.166666666666668,99.0,17968,VDD_IN,30792,8236,8744,17340,17968,3957,4080,3.0,5.0,1.0,2.0,92.0,0.0,63.593,65.687,63.406,62.468,62.75,65.687
08-11-2026 17:44:52,6888,7607,1414,16384,17.0,98.0,17722,VDD_IN,30350,8238,8666,17342,17722,3957,3962,2.0,1.0,1.0,2.0,96.0,0.0,63.625,65.5,63.5,62.531,62.75,65.5
08-11-2026 17:44:53,6888,7607,1414,16384,17.333333333333332,98.0,17850,VDD_IN,30674,8242,8862,17345,17850,3957,3962,2.0,2.0,2.0,2.0,96.0,0.0,63.875,65.218,63.531,62.656,62.875,65.218
08-11-2026 17:44:54,6888,7607,1414,16384,16.833333333333332,98.0,17811,VDD_IN,30557,8245,8784,17347,17811,3957,3962,2.0,2.0,3.0,1.0,93.0,0.0,63.531,65.218,63.625,62.468,62.875,65.218
08-11-2026 17:44:55,6889,7607,1414,16384,21.0,98.0,17889,VDD_IN,30667,8248,8823,17350,17889,3957,3955,7.0,4.0,5.0,18.0,92.0,0.0,63.625,65.312,63.656,62.468,62.843,65.312
08-11-2026 17:44:56,6889,7607,1414,16384,16.5,98.0,17811,VDD_IN,30517,8250,8705,17352,17811,3958,4001,1.0,2.0,1.0,2.0,93.0,0.0,63.75,65.218,63.5,62.531,62.843,65.218
08-11-2026 17:44:57,6889,7607,1414,16384,16.166666666666668,98.0,17850,VDD_IN,30517,8252,8666,17355,17850,3958,4001,2.0,2.0,0.0,1.0,92.0,0.0,63.593,65.156,63.5,62.562,62.812,65.156
08-11-2026 17:44:58,6889,7607,1414,16384,16.666666666666668,98.0,17811,VDD_IN,30400,8254,8549,17357,17811,3958,4040,41.0,3.0,2.0,1.0,53.0,0.0,63.875,65.156,63.562,62.437,63.031,65.156
08-11-2026 17:44:59,6889,7607,1414,16384,16.333333333333332,98.0,17761,VDD_IN,30312,8255,8471,17359,17761,3959,4080,92.0,3.0,2.0,1.0,0.0,0.0,63.687,64.968,63.718,62.531,62.875,65.281
08-11-2026 17:45:00,6892,7607,1414,16384,21.0,98.0,17850,VDD_IN,30433,8256,8471,17362,17850,3960,4112,46.0,3.0,7.0,20.0,50.0,0.0,63.625,65.312,63.562,62.531,62.906,65.312
08-11-2026 17:45:01,6892,7607,1414,16384,16.333333333333332,98.0,17732,VDD_IN,30166,8256,8276,17363,17732,3961,4158,1.0,2.0,2.0,2.0,91.0,0.0,63.906,65.281,63.562,62.562,62.875,65.281
08-11-2026 17:45:02,6892,7607,1414,16384,17.166666666666668,98.0,17761,VDD_IN,30078,8255,8120,17365,17761,3962,4197,6.0,2.0,1.0,2.0,92.0,0.0,63.593,65.281,63.656,62.687,62.906,65.281
08-11-2026 17:45:03,6892,7607,1414,16384,16.666666666666668,98.0,17722,VDD_IN,29962,8254,8003,17367,17722,3963,4237,2.0,2.0,2.0,1.0,93.0,0.0,63.718,65.25,63.656,62.593,62.812,65.25
08-11-2026 17:45:04,6892,7607,1414,16384,16.333333333333332,99.0,17683,VDD_IN,29779,8252,7820,17369,17683,3965,4276,1.0,3.0,2.0,0.0,92.0,0.0,64.031,64.687,63.562,62.531,62.906,64.687
08-11-2026 17:45:05,6895,7607,1414,16384,21.666666666666668,99.0,17732,VDD_IN,30322,8253,8471,17371,17732,3966,4119,10.0,6.0,7.0,15.0,92.0,0.0,64.156,64.843,63.593,62.593,62.968,64.843
08-11-2026 17:45:06,6895,7607,1414,16384,17.0,99.0,17604,VDD_IN,30193,8255,8627,17372,17604,3965,3962,4.0,2.0,2.0,1.0,92.0,1.0,63.906,65.25,63.656,62.687,62.906,65.25
08-11-2026 17:45:07,6895,7607,1414,16384,17.0,99.0,17968,VDD_IN,30746,8257,8744,17375,17968,3966,4034,3.0,2.0,2.0,3.0,89.0,3.0,63.718,65.312,63.656,62.687,63.0,65.312
08-11-2026 17:45:08,6895,7607,1414,16384,16.833333333333332,98.0,17732,VDD_IN,30438,8259,8744,17376,17732,3966,3962,2.0,1.0,1.0,2.0,0.0,95.0,63.687,65.125,63.718,62.531,62.937,65.125
08-11-2026 17:45:09,6894,7607,1414,16384,17.333333333333332,98.0,17929,VDD_IN,30785,8263,8901,17379,17929,3966,3955,1.0,1.0,3.0,2.0,0.0,97.0,63.875,65.281,63.562,62.531,62.875,65.281
08-11-2026 17:45:10,6895,7607,1414,16384,18.0,98.0,17968,VDD_IN,30824,8266,8901,17382,17968,3966,3955,3.0,6.0,3.0,4.0,0.0,92.0,64.156,65.281,63.625,62.656,62.968,65.281
08-11-2026 17:45:11,6892,7607,1414,16384,20.333333333333332,98.0,17968,VDD_IN,30825,8268,8862,17385,17968,3966,3995,18.0,3.0,5.0,4.0,0.0,92.0,64.125,65.593,63.531,62.718,62.937,65.593
08-11-2026 17:45:12,6891,7607,1414,16384,17.166666666666668,98.0,17889,VDD_IN,30668,8271,8784,17387,17889,3966,3995,3.0,2.0,4.0,2.0,0.0,92.0,63.75,65.625,63.718,62.812,62.968,65.625
08-11-2026 17:45:13,6892,7607,1414,16384,17.166666666666668,97.0,17811,VDD_IN,30478,8273,8666,17389,17811,3966,4001,4.0,0.0,4.0,3.0,0.0,92.0,63.812,65.593,63.687,62.812,63.0,65.593
08-11-2026 17:45:14,6892,7607,1414,16384,16.5,98.0,17811,VDD_IN,30439,8274,8588,17391,17811,3967,4040,3.0,2.0,1.0,1.0,0.0,92.0,63.937,65.625,63.687,62.625,62.937,65.625
08-11-2026 17:45:15,6892,7607,1414,16384,16.333333333333332,99.0,17772,VDD_IN,30316,8275,8471,17393,17772,3967,4073,2.0,2.0,1.0,1.0,0.0,92.0,63.875,65.656,63.593,62.718,62.906,65.656
08-11-2026 17:45:16,6891,7607,1414,16384,21.666666666666668,98.0,17889,VDD_IN,30472,8276,8471,17395,17889,3968,4112,19.0,6.0,6.0,6.0,1.0,92.0,64.125,65.718,63.75,62.75,62.937,65.718
08-11-2026 17:45:17,6891,7607,1414,16384,16.333333333333332,98.0,17732,VDD_IN,30166,8276,8276,17397,17732,3969,4158,1.0,1.0,2.0,2.0,0.0,92.0,63.906,65.687,63.781,62.812,62.968,65.687
08-11-2026 17:45:18,6892,7607,1414,16384,16.5,98.0,17811,VDD_IN,30206,8276,8198,17399,17811,3970,4197,1.0,1.0,2.0,2.0,0.0,93.0,63.937,65.406,63.718,62.687,63.062,65.406
08-11-2026 17:45:19,6892,7607,1414,16384,17.0,98.0,17722,VDD_IN,29962,8275,8003,17400,17722,3971,4237,4.0,1.0,3.0,2.0,0.0,92.0,64.093,65.375,63.656,62.656,63.0,65.375
08-11-2026 17:45:20,6892,7607,1414,16384,16.5,99.0,17604,VDD_IN,29727,8273,7886,17401,17604,3972,4237,3.0,0.0,2.0,2.0,0.0,92.0,64.5,64.812,63.687,62.75,63.0,64.812
08-11-2026 17:45:21,6889,7607,1414,16384,21.5,99.0,17772,VDD_IN,30440,8274,8588,17403,17772,3973,4080,4.0,8.0,5.0,19.0,0.0,93.0,64.25,65.312,63.781,62.812,63.093,65.312
08-11-2026 17:45:22,6889,7607,1414,16384,16.166666666666668,99.0,17722,VDD_IN,30311,8276,8588,17404,17722,3973,4001,1.0,1.0,1.0,2.0,0.0,92.0,63.781,65.5,63.812,62.812,63.062,65.5
08-11-2026 17:45:23,6889,7607,1414,16384,17.166666666666668,99.0,18164,VDD_IN,31138,8278,8862,17408,18164,3973,4112,2.0,3.0,2.0,4.0,0.0,92.0,64.218,65.406,63.906,62.687,63.125,65.406
08-11-2026 17:45:24,6890,7607,1414,16384,17.166666666666668,97.0,17811,VDD_IN,30596,8281,8823,17410,17811,3973,3962,3.0,1.0,1.0,1.0,0.0,97.0,63.906,65.375,63.843,62.781,63.062,65.375
08-11-2026 17:45:25,6890,7607,1414,16384,17.666666666666668,98.0,17929,VDD_IN,30785,8283,8901,17412,17929,3973,3955,2.0,3.0,2.0,3.0,0.0,96.0,64.281,65.406,63.781,62.718,63.156,65.406
08-11-2026 17:45:26,6888,7607,1414,16384,19.333333333333332,99.0,18007,VDD_IN,30942,8286,8940,17415,18007,3973,3995,4.0,6.0,11.0,3.0,0.0,92.0,64.468,65.437,63.687,62.781,63.125,65.437
08-11-2026 17:45:27,6888,7607,1414,16384,18.0,98.0,17929,VDD_IN,30786,8289,8862,17417,17929,3973,3995,4.0,3.0,8.0,1.0,0.0,92.0,63.875,65.437,63.812,62.875,63.062,65.437
08-11-2026 17:45:28,6888,7607,1414,16384,16.166666666666668,97.0,17889,VDD_IN,30628,8291,8744,17419,17889,3973,3995,2.0,1.0,1.0,1.0,0.0,92.0,63.968,65.406,63.937,62.718,63.062,65.406
08-11-2026 17:45:29,6888,7607,1414,16384,17.0,97.0,17889,VDD_IN,30628,8293,8744,17421,17889,3974,3995,2.0,3.0,2.0,3.0,0.0,92.0,64.031,65.687,63.687,62.812,63.062,65.687
08-11-2026 17:45:30,6888,7607,1414,16384,16.833333333333332,98.0,17889,VDD_IN,30550,8294,8627,17423,17889,3974,4034,2.0,2.0,2.0,3.0,0.0,92.0,64.25,65.75,63.781,62.718,63.125,65.75
08-11-2026 17:45:31,6888,7607,1414,16384,16.333333333333332,98.0,17811,VDD_IN,30355,8295,8471,17425,17811,3974,4073,1.0,2.0,1.0,2.0,0.0,92.0,63.937,65.593,63.875,62.843,63.125,65.593
08-11-2026 17:45:32,6888,7607,1414,16384,21.333333333333332,98.0,17889,VDD_IN,30472,8296,8471,17427,17889,3975,4112,12.0,7.0,12.0,4.0,0.0,93.0,63.875,65.687,63.843,62.968,63.156,65.687
08-11-2026 17:45:33,6888,7607,1414,16384,16.833333333333332,98.0,17811,VDD_IN,30238,8296,8276,17428,17811,3976,4151,1.0,2.0,1.0,5.0,0.0,92.0,63.937,65.406,63.937,62.781,63.062,65.406
08-11-2026 17:45:34,6889,7607,1414,16384,16.833333333333332,98.0,17772,VDD_IN,30160,8295,8198,17430,17772,3977,4190,2.0,2.0,3.0,2.0,0.0,92.0,64.093,65.437,63.781,62.781,63.031,65.437
08-11-2026 17:45:35,6889,7607,1414,16384,16.666666666666668,98.0,17732,VDD_IN,29972,8294,8003,17431,17732,3978,4237,3.0,1.0,2.0,1.0,0.0,93.0,64.406,65.375,63.812,62.812,63.062,65.375
08-11-2026 17:45:36,6889,7607,1414,16384,17.0,99.0,17615,VDD_IN,29790,8293,7938,17432,17615,3979,4237,3.0,2.0,3.0,2.0,0.0,92.0,64.25,64.906,63.937,62.812,63.218,64.906
08-11-2026 17:45:37,6888,7607,1413,16384,21.5,99.0,17693,VDD_IN,30282,8294,8549,17433,17693,3979,4040,9.0,18.0,4.0,6.0,0.0,92.0,64.218,65.406,63.937,62.812,63.156,65.406
08-11-2026 17:45:38,6888,7607,1413,16384,16.5,99.0,17722,VDD_IN,30311,8295,8588,17434,17722,3979,4001,1.0,2.0,2.0,2.0,0.0,92.0,64.031,65.5,63.812,62.812,63.093,65.5
08-11-2026 17:45:39,6888,7607,1413,16384,16.666666666666668,99.0,18164,VDD_IN,31177,8298,8901,17437,18164,3980,4112,2.0,2.0,1.0,3.0,0.0,92.0,64.156,65.75,63.718,62.843,63.281,65.75
08-11-2026 17:45:40,6888,7607,1413,16384,17.0,97.0,17850,VDD_IN,30635,8300,8823,17439,17850,3980,3962,0.0,1.0,2.0,2.0,0.0,97.0,64.25,65.875,63.875,62.875,63.187,65.875
08-11-2026 17:45:41,6888,7607,1413,16384,17.166666666666668,98.0,17929,VDD_IN,30746,8302,8862,17441,17929,3980,3955,2.0,2.0,3.0,1.0,0.0,95.0,64.093,66.0,63.812,62.906,63.25,66.0
08-11-2026 17:45:42,6893,7607,1413,16384,21.166666666666668,98.0,18164,VDD_IN,31138,8305,8979,17444,18164,3980,3995,6.0,4.0,21.0,4.0,0.0,92.0,64.468,66.0,63.968,62.968,63.25,66.0
08-11-2026 17:45:43,6893,7607,1413,16384,17.333333333333332,98.0,17968,VDD_IN,30825,8307,8862,17446,17968,3980,3995,4.0,2.0,3.0,4.0,0.0,91.0,64.031,65.562,64.0,62.812,63.187,65.562
08-11-2026 17:45:44,6893,7607,1413,16384,16.666666666666668,98.0,17850,VDD_IN,30550,8309,8705,17448,17850,3980,3995,3.0,2.0,1.0,2.0,0.0,92.0,64.156,65.468,63.875,62.812,63.156,65.468
08-11-2026 17:45:45,6893,7607,1413,16384,16.333333333333332,98.0,17889,VDD_IN,30628,8311,8705,17450,17889,3980,4034,2.0,1.0,1.0,2.0,0.0,92.0,64.343,65.593,64.0,62.937,63.156,65.593
08-11-2026 17:45:46,6893,7607,1413,16384,17.0,98.0,17850,VDD_IN,30472,8312,8588,17451,17850,3980,4034,4.0,2.0,2.0,2.0,0.0,92.0,64.156,65.562,63.843,62.906,63.187,65.562
08-11-2026 17:45:47,6893,7607,1413,16384,16.333333333333332,97.0,17811,VDD_IN,30394,8312,8510,17453,17811,3981,4073,1.0,1.0,2.0,1.0,0.0,93.0,64.406,65.5,64.062,62.937,63.187,65.5
08-11-2026 17:45:48,6896,7607,1413,16384,21.166666666666668,98.0,17889,VDD_IN,30433,8313,8432,17455,17889,3981,4112,8.0,7.0,14.0,6.0,0.0,92.0,64.062,65.687,64.062,62.906,63.218,65.687
08-11-2026 17:45:49,6896,7607,1413,16384,16.333333333333332,98.0,17811,VDD_IN,30206,8313,8237,17456,17811,3982,4158,2.0,1.0,3.0,0.0,0.0,92.0,64.156,65.718,63.906,62.843,63.187,65.718
08-11-2026 17:45:50,6896,7607,1413,16384,16.666666666666668,98.0,17811,VDD_IN,30160,8312,8159,17458,17811,3983,4190,2.0,3.0,2.0,1.0,0.0,92.0,64.406,65.687,63.843,62.937,63.156,65.687
08-11-2026 17:45:51,6896,7607,1413,16384,16.0,98.0,17732,VDD_IN,30011,8311,8003,17459,17732,3984,4276,0.0,1.0,2.0,1.0,0.0,92.0,64.156,65.625,63.937,62.968,63.218,65.625
08-11-2026 17:45:52,6896,7607,1413,16384,16.833333333333332,99.0,17654,VDD_IN,29855,8309,7925,17459,17654,3985,4276,3.0,2.0,1.0,3.0,0.0,92.0,64.718,65.156,63.968,63.0,63.25,65.156
08-11-2026 17:45:53,6897,7607,1413,16384,21.166666666666668,99.0,17772,VDD_IN,30362,8310,8510,17461,17772,3985,4080,6.0,5.0,2.0,19.0,3.0,92.0,64.156,65.656,64.0,62.937,63.281,65.656
08-11-2026 17:45:54,6897,7607,1413,16384,16.833333333333332,99.0,17654,VDD_IN,30282,8311,8627,17461,17654,3985,4001,2.0,3.0,2.0,1.0,0.0,93.0,64.062,65.718,63.875,62.875,63.218,65.531
08-11-2026 17:45:55,6897,7607,1413,16384,16.333333333333332,99.0,18085,VDD_IN,30942,8313,8784,17464,18085,3986,4073,2.0,2.0,1.0,1.0,0.0,92.0,64.343,65.75,63.968,62.843,63.281,65.75
08-11-2026 17:45:56,6897,7607,1413,16384,17.5,97.0,17850,VDD_IN,30549,8315,8744,17465,17850,3986,3955,4.0,2.0,2.0,1.0,0.0,96.0,64.218,65.531,63.968,62.968,63.312,65.531
08-11-2026 17:45:57,6897,7607,1413,16384,17.0,97.0,17929,VDD_IN,30785,8317,8901,17467,17929,3986,3955,1.0,2.0,2.0,1.0,0.0,96.0,64.125,65.687,64.031,62.812,63.281,65.687
08-11-2026 17:45:58,6898,7607,1413,16384,21.166666666666668,99.0,18125,VDD_IN,31138,8320,9018,17470,18125,3986,3995,7.0,4.0,7.0,18.0,0.0,91.0,64.062,65.625,63.937,62.843,63.25,65.625
08-11-2026 17:45:59,6897,7607,1413,16384,16.666666666666668,98.0,17929,VDD_IN,30747,8322,8823,17472,17929,3986,3995,3.0,1.0,1.0,2.0,1.0,92.0,64.156,65.75,64.0,62.875,63.25,65.75
08-11-2026 17:46:00,6897,7607,1413,16384,17.0,98.0,17889,VDD_IN,30628,8324,8744,17473,17889,3986,3995,2.0,2.0,3.0,2.0,0.0,93.0,64.343,65.906,63.875,62.906,63.25,65.906
08-11-2026 17:46:01,6897,7607,1413,16384,16.5,97.0,17889,VDD_IN,30589,8325,8705,17475,17889,3986,3995,1.0,1.0,1.0,4.0,0.0,92.0,64.0,65.843,63.937,63.062,63.343,65.843
08-11-2026 17:46:02,6897,7607,1413,16384,17.166666666666668,98.0,17889,VDD_IN,30589,8326,8666,17476,17889,3986,4034,3.0,3.0,3.0,2.0,0.0,92.0,64.062,65.656,63.968,62.812,63.25,65.656
08-11-2026 17:46:03,6898,7607,1413,16384,17.0,98.0,17811,VDD_IN,30394,8327,8510,17478,17811,3986,4073,1.0,6.0,1.0,2.0,0.0,92.0,64.031,65.437,64.0,62.968,63.281,65.437
08-11-2026 17:46:04,6897,7607,1413,16384,21.5,98.0,17811,VDD_IN,30277,8327,8393,17479,17811,3987,4073,5.0,7.0,7.0,17.0,0.0,93.0,64.031,65.5,63.968,62.875,63.25,65.5
08-11-2026 17:46:05,6898,7607,1413,16384,16.166666666666668,98.0,17654,VDD_IN,29971,8327,8198,17480,17654,3987,4119,0.0,3.0,1.0,1.0,0.0,92.0,64.062,65.343,63.843,62.843,63.156,65.343
08-11-2026 17:46:06,6897,7607,1413,16384,17.166666666666668,98.0,17683,VDD_IN,29922,8326,8081,17480,17683,3988,4158,4.0,2.0,2.0,3.0,0.0,92.0,64.156,65.281,63.812,62.875,63.125,65.281
08-11-2026 17:46:07,6897,7607,1413,16384,16.666666666666668,98.0,17565,VDD_IN,29701,8324,7899,17481,17565,3989,4237,3.0,2.0,1.0,1.0,0.0,93.0,64.406,65.312,63.968,62.906,63.187,65.312
08-11-2026 17:46:08,6897,7607,1413,16384,16.666666666666668,99.0,17447,VDD_IN,29504,8322,7820,17481,17447,3990,4237,3.0,1.0,3.0,1.0,0.0,92.0,64.218,65.156,63.906,63.062,63.281,65.156
08-11-2026 17:46:09,6896,7607,1413,16384,20.833333333333332,99.0,17526,VDD_IN,29959,8323,8393,17481,17526,3990,4040,10.0,3.0,11.0,9.0,0.0,92.0,64.187,65.218,64.031,62.843,63.218,65.218
08-11-2026 17:46:10,6896,7607,1413,16384,16.666666666666668,99.0,17497,VDD_IN,29969,8323,8510,17481,17497,3990,3962,3.0,1.0,1.0,2.0,0.0,93.0,64.125,65.281,63.937,62.812,63.25,65.281
08-11-2026 17:46:11,6896,7607,1413,16384,16.333333333333332,99.0,17968,VDD_IN,30746,8325,8705,17483,17968,3990,4073,3.0,1.0,1.0,2.0,0.0,91.0,64.218,65.437,63.875,62.875,63.25,65.437
08-11-2026 17:46:12,6896,7607,1413,16384,17.333333333333332,97.0,17693,VDD_IN,30400,8326,8784,17483,17693,3990,3923,4.0,1.0,1.0,1.0,0.0,97.0,64.281,65.375,63.937,62.906,63.25,65.375
08-11-2026 17:46:13,6896,7607,1413,16384,17.5,97.0,17811,VDD_IN,30550,8328,8784,17485,17811,3990,3955,7.0,1.0,1.0,1.0,0.0,95.0,64.031,65.687,64.0,63.0,63.187,65.687
08-11-2026 17:46:14,6895,7607,1413,16384,21.333333333333332,99.0,17929,VDD_IN,30746,8330,8862,17486,17929,3989,3955,5.0,5.0,18.0,7.0,0.0,93.0,64.031,65.687,63.937,62.875,63.406,65.687
08-11-2026 17:46:15,6895,7607,1413,16384,16.666666666666668,97.0,17772,VDD_IN,30471,8332,8744,17487,17772,3989,3955,2.0,2.0,3.0,1.0,0.0,92.0,64.218,65.718,63.906,62.875,63.187,65.718
08-11-2026 17:46:16,6895,7607,1413,16384,16.666666666666668,98.0,17772,VDD_IN,30394,8333,8627,17488,17772,3989,3995,2.0,3.0,1.0,2.0,0.0,92.0,64.125,65.687,63.968,62.937,63.218,65.687
08-11-2026 17:46:17,6895,7607,1413,16384,16.5,98.0,17811,VDD_IN,30433,8334,8627,17490,17811,3989,3995,2.0,2.0,1.0,3.0,0.0,91.0,64.312,65.718,63.937,62.937,63.218,65.718
08-11-2026 17:46:18,6895,7607,1413,16384,16.5,98.0,17772,VDD_IN,30355,8335,8549,17491,17772,3990,4034,2.0,2.0,1.0,2.0,0.0,92.0,64.093,65.75,63.968,63.0,63.281,65.75
08-11-2026 17:46:19,6894,7607,1413,16384,18.666666666666668,97.0,17850,VDD_IN,30433,8335,8510,17492,17850,3990,4073,6.0,2.0,4.0,8.0,0.0,92.0,64.25,65.375,64.031,62.843,63.125,65.375
08-11-2026 17:46:20,6892,7607,1413,16384,19.166666666666668,98.0,17772,VDD_IN,30238,8335,8393,17493,17772,3990,4073,4.0,6.0,2.0,11.0,0.0,92.0,64.218,65.531,63.875,62.843,63.25,65.531
08-11-2026 17:46:21,6892,7607,1413,16384,16.333333333333332,99.0,17693,VDD_IN,30010,8335,8198,17494,17693,3991,4119,2.0,1.0,2.0,1.0,0.0,92.0,64.031,65.531,63.937,62.937,63.187,65.531
08-11-2026 17:46:22,6892,7607,1413,16384,17.0,98.0,17654,VDD_IN,29932,8334,8120,17494,17654,3991,4158,3.0,2.0,2.0,2.0,0.0,93.0,64.312,65.468,63.906,62.875,63.218,65.468
08-11-2026 17:46:23,6891,7607,1413,16384,17.5,98.0,17643,VDD_IN,29844,8333,7964,17495,17643,3992,4237,6.0,2.0,1.0,4.0,0.0,92.0,64.093,65.437,64.0,62.843,63.281,65.437
08-11-2026 17:46:24,6891,7607,1413,16384,16.5,99.0,17565,VDD_IN,29622,8331,7781,17495,17565,3993,4276,2.0,2.0,2.0,1.0,0.0,92.0,64.406,65.093,63.875,62.843,63.25,65.093
08-11-2026 17:46:25,6894,7607,1413,16384,21.333333333333332,99.0,17604,VDD_IN,30038,8331,8354,17495,17604,3993,4080,6.0,4.0,21.0,5.0,0.0,92.0,64.375,65.562,63.875,62.937,63.281,65.562
08-11-2026 17:46:26,6894,7607,1413,16384,16.833333333333332,99.0,17526,VDD_IN,29998,8332,8510,17495,17526,3993,3962,3.0,2.0,2.0,2.0,1.0,91.0,64.031,65.781,63.906,62.906,63.218,65.781
08-11-2026 17:46:27,6894,7607,1413,16384,16.333333333333332,99.0,17850,VDD_IN,30550,8333,8666,17497,17850,3993,4034,1.0,1.0,2.0,2.0,0.0,92.0,64.375,65.937,63.875,63.031,63.25,65.937
08-11-2026 17:46:28,6894,7607,1413,16384,17.333333333333332,99.0,17732,VDD_IN,30399,8334,8705,17497,17732,3993,3962,3.0,2.0,2.0,2.0,0.0,95.0,64.031,65.875,64.0,62.812,63.312,65.875
08-11-2026 17:46:29,6894,7607,1413,16384,17.166666666666668,98.0,17850,VDD_IN,30635,8336,8823,17499,17850,3993,3962,2.0,0.0,2.0,2.0,0.0,97.0,64.062,66.0,63.812,62.906,63.187,65.718
08-11-2026 17:46:30,6898,7607,1413,16384,21.333333333333332,98.0,17968,VDD_IN,30785,8338,8862,17500,17968,3993,3955,6.0,6.0,19.0,5.0,0.0,92.0,64.25,65.75,63.906,62.906,63.187,65.75
08-11-2026 17:46:31,6898,7607,1413,16384,16.833333333333332,98.0,17811,VDD_IN,30550,8339,8784,17501,17811,3993,3955,3.0,2.0,1.0,2.0,0.0,93.0,64.0,65.625,63.875,62.937,63.187,65.625
08-11-2026 17:46:32,6898,7607,1413,16384,16.5,98.0,17811,VDD_IN,30517,8340,8705,17502,17811,3993,4001,2.0,2.0,2.0,1.0,0.0,92.0,64.187,65.718,63.968,62.968,63.125,65.718
08-11-2026 17:46:33,6898,7607,1413,16384,16.5,97.0,17732,VDD_IN,30276,8341,8549,17503,17732,3993,3995,2.0,0.0,3.0,2.0,0.0,92.0,64.093,65.531,64.062,62.843,63.281,65.531
08-11-2026 17:46:34,6898,7607,1413,16384,17.333333333333332,98.0,17811,VDD_IN,30472,8342,8627,17504,17811,3993,4034,2.0,2.0,2.0,5.0,0.0,93.0,64.031,65.562,63.843,62.906,63.218,65.562
08-11-2026 17:46:35,6897,7607,1413,16384,24.0,98.0,18125,VDD_IN,30982,8344,8784,17506,18125,3993,4073,10.0,9.0,19.0,8.0,6.0,92.0,64.812,65.375,63.937,62.937,63.343,65.375
08-11-2026 17:46:36,6898,7607,1413,16384,30.166666666666668,98.0,17889,VDD_IN,30472,8344,8510,17508,17889,3994,4073,18.0,21.0,17.0,18.0,15.0,92.0,64.031,65.562,63.937,63.031,63.312,65.562
08-11-2026 17:46:37,6898,7607,1413,16384,17.333333333333332,98.0,17732,VDD_IN,30120,8344,8276,17509,17732,3994,4112,5.0,4.0,1.0,2.0,0.0,92.0,64.093,65.5,64.031,62.843,63.25,65.5
08-11-2026 17:46:38,6898,7607,1413,16384,17.0,98.0,17693,VDD_IN,30010,8343,8159,17509,17693,3995,4158,2.0,3.0,3.0,1.0,0.0,93.0,64.125,65.593,63.843,62.906,63.125,65.593
08-11-2026 17:46:39,6898,7607,1413,16384,16.333333333333332,98.0,17683,VDD_IN,29884,8342,7964,17510,17683,3995,4237,2.0,2.0,1.0,2.0,0.0,91.0,64.375,65.656,63.875,62.937,63.281,65.656
08-11-2026 17:46:40,6898,7607,1413,16384,16.666666666666668,99.0,17565,VDD_IN,29583,8340,7742,17510,17565,3996,4276,3.0,3.0,1.0,1.0,0.0,92.0,64.593,65.125,63.875,62.968,63.25,65.125
08-11-2026 17:46:41,6899,7607,1413,16384,21.333333333333332,99.0,17604,VDD_IN,29999,8340,8276,17510,17604,3997,4119,8.0,7.0,4.0,17.0,0.0,92.0,64.187,65.281,63.906,63.031,63.312,65.281
08-11-2026 17:46:42,6899,7607,1413,16384,17.166666666666668,99.0,17565,VDD_IN,30076,8340,8549,17510,17565,3997,3962,5.0,2.0,2.0,2.0,0.0,92.0,63.968,65.75,64.0,62.875,63.281,65.75
08-11-2026 17:46:43,6899,7607,1413,16384,16.333333333333332,99.0,17811,VDD_IN,30511,8342,8666,17511,17811,3997,4034,1.0,3.0,1.0,1.0,0.0,92.0,64.156,65.625,64.0,62.875,63.218,65.625
08-11-2026 17:46:44,6899,7607,1413,16384,16.833333333333332,99.0,17732,VDD_IN,30399,8343,8705,17512,17732,3997,3962,2.0,1.0,2.0,2.0,0.0,94.0,64.312,65.5,63.906,62.906,63.187,65.5
08-11-2026 17:46:45,6899,7607,1413,16384,18.166666666666668,97.0,17811,VDD_IN,30596,8344,8823,17513,17811,3997,3962,3.0,3.0,5.0,1.0,0.0,97.0,64.031,65.656,63.875,63.093,63.312,65.656
08-11-2026 17:46:46,6901,7607,1413,16384,22.0,98.0,17968,VDD_IN,30785,8346,8862,17515,17968,3996,3955,7.0,11.0,18.0,4.0,0.0,92.0,63.968,65.562,63.937,63.093,63.281,65.562
08-11-2026 17:46:47,6901,7607,1413,16384,16.666666666666668,97.0,17850,VDD_IN,30589,8347,8784,17516,17850,3996,3955,2.0,0.0,2.0,3.0,0.0,93.0,64.031,65.812,64.062,62.875,63.312,65.812
08-11-2026 17:46:48,6901,7607,1413,16384,16.833333333333332,98.0,17772,VDD_IN,30433,8349,8666,17517,17772,3996,3995,2.0,4.0,2.0,1.0,0.0,92.0,64.187,65.843,63.875,62.906,63.187,65.843
08-11-2026 17:46:49,6900,7607,1413,16384,16.5,97.0,17732,VDD_IN,30315,8349,8588,17517,17732,3996,3995,4.0,1.0,1.0,1.0,0.0,92.0,64.375,65.781,64.0,62.937,63.312,65.781
08-11-2026 17:46:50,6900,7607,1413,16384,16.833333333333332,97.0,17772,VDD_IN,30355,8350,8549,17518,17772,3996,4034,3.0,1.0,2.0,2.0,0.0,93.0,64.031,65.937,63.968,62.937,63.281,65.937
08-11-2026 17:46:51,6900,7607,1413,16384,18.833333333333332,99.0,17811,VDD_IN,30394,8350,8510,17519,17811,3997,4073,10.0,2.0,3.0,6.0,0.0,92.0,64.187,65.812,63.968,62.812,63.312,65.812
08-11-2026 17:46:52,6899,7607,1413,16384,19.0,97.0,17772,VDD_IN,30277,8351,8432,17520,17772,3997,4073,12.0,5.0,3.0,2.0,0.0,92.0,64.062,65.531,63.906,62.843,63.187,65.531
08-11-2026 17:46:53,6899,7607,1413,16384,16.5,98.0,17693,VDD_IN,30049,8350,8237,17520,17693,3997,4119,1.0,2.0,2.0,2.0,0.0,92.0,64.156,65.625,63.843,62.937,63.187,65.625
08-11-2026 17:46:54,6899,7607,1413,16384,16.666666666666668,98.0,17693,VDD_IN,30010,8350,8159,17521,17693,3998,4158,3.0,2.0,2.0,1.0,0.0,92.0,64.312,65.593,64.031,62.875,63.281,65.593
08-11-2026 17:46:55,6899,7607,1413,16384,16.5,98.0,17615,VDD_IN,29777,8348,7925,17521,17615,3999,4237,3.0,2.0,0.0,2.0,0.0,92.0,64.125,65.531,64.031,63.031,63.218,65.531
08-11-2026 17:46:56,6899,7607,1413,16384,17.5,99.0,17565,VDD_IN,29609,8346,7729,17521,17565,4000,4315,5.0,3.0,4.0,2.0,0.0,91.0,64.406,64.937,64.031,62.875,63.281,64.937
08-11-2026 17:46:57,6900,7607,1413,16384,21.666666666666668,99.0,17604,VDD_IN,30038,8346,8354,17522,17604,4000,4080,10.0,7.0,4.0,16.0,0.0,93.0,64.312,65.687,63.812,62.968,63.25,65.687
08-11-2026 17:46:58,6900,7607,1413,16384,16.333333333333332,99.0,17565,VDD_IN,30076,8347,8549,17522,17565,4000,3962,2.0,0.0,2.0,2.0,0.0,92.0,64.031,65.968,64.031,62.968,63.281,65.968
08-11-2026 17:46:59,6900,7607,1413,16384,16.666666666666668,99.0,17811,VDD_IN,30550,8348,8705,17523,17811,4000,4034,3.0,2.0,2.0,1.0,0.0,92.0,64.218,65.625,63.875,62.968,63.281,65.625
08-11-2026 17:47:00,6900,7607,1413,16384,17.833333333333332,98.0,17693,VDD_IN,30399,8349,8744,17523,17693,4000,3962,1.0,5.0,3.0,2.0,0.0,96.0,63.937,65.437,63.937,63.031,63.343,65.437
08-11-2026 17:47:01,6900,7607,1413,16384,17.333333333333332,98.0,17850,VDD_IN,30667,8351,8862,17524,17850,4000,3955,3.0,1.0,2.0,1.0,0.0,97.0,64.062,65.593,64.031,62.875,63.218,65.593
08-11-2026 17:47:02,6900,7607,1413,16384,21.166666666666668,98.0,17929,VDD_IN,30785,8353,8901,17526,17929,3999,3955,3.0,15.0,7.0,10.0,0.0,92.0,64.281,65.75,63.843,62.843,63.25,65.75
08-11-2026 17:47:03,6900,7607,1413,16384,16.5,97.0,17850,VDD_IN,30589,8354,8784,17527,17850,3999,3955,3.0,1.0,2.0,1.0,0.0,92.0,64.031,65.718,63.937,62.906,63.187,65.718
08-11-2026 17:47:04,6900,7607,1413,16384,16.5,98.0,17811,VDD_IN,30511,8355,8705,17527,17811,3999,3995,2.0,3.0,1.0,1.0,0.0,92.0,64.0,65.531,64.0,62.968,63.281,65.531
08-11-2026 17:47:05,6900,7607,1413,16384,16.666666666666668,97.0,17772,VDD_IN,30439,8356,8627,17528,17772,3999,4040,2.0,1.0,3.0,1.0,0.0,93.0,64.218,65.562,63.843,62.875,63.25,65.562
08-11-2026 17:47:06,6900,7607,1413,16384,17.0,98.0,17811,VDD_IN,30511,8357,8666,17529,17811,3999,4034,3.0,3.0,2.0,2.0,0.0,92.0,64.375,65.562,63.781,62.906,63.25,65.562
08-11-2026 17:47:07,6901,7607,1413,16384,20.5,98.0,17968,VDD_IN,30707,8358,8666,17530,17968,4000,4073,8.0,4.0,3.0,16.0,0.0,92.0,64.375,65.593,63.937,62.906,63.218,65.593
08-11-2026 17:47:08,6901,7607,1413,16384,18.166666666666668,97.0,17811,VDD_IN,30355,8358,8471,17531,17811,4000,4073,3.0,6.0,3.0,4.0,0.0,93.0,64.0,65.75,64.0,63.0,63.25,65.75
08-11-2026 17:47:09,6901,7607,1413,16384,16.5,98.0,17732,VDD_IN,30159,8358,8315,17532,17732,4000,4112,2.0,1.0,1.0,3.0,0.0,92.0,64.125,65.781,63.968,62.843,63.312,65.781
08-11-2026 17:47:10,6902,7607,1413,16384,16.5,97.0,17693,VDD_IN,30010,8358,8159,17532,17693,4001,4158,2.0,1.0,3.0,1.0,0.0,92.0,64.187,65.75,63.937,62.843,63.218,65.75
08-11-2026 17:47:11,6902,7607,1413,16384,16.833333333333332,98.0,17654,VDD_IN,29886,8357,8042,17533,17654,4001,4190,3.0,2.0,2.0,2.0,0.0,92.0,64.468,65.718,63.906,62.906,63.187,65.718
08-11-2026 17:47:12,6902,7607,1413,16384,16.333333333333332,99.0,17654,VDD_IN,29770,8355,7847,17533,17654,4002,4269,2.0,1.0,3.0,0.0,0.0,92.0,64.5,65.562,63.937,63.0,63.312,65.562
08-11-2026 17:47:13,6901,7607,1413,16384,21.0,99.0,17536,VDD_IN,29853,8354,8159,17533,17536,4003,4158,7.0,4.0,17.0,6.0,0.0,92.0,64.187,65.093,63.968,63.062,63.343,65.093
08-11-2026 17:47:14,6901,7607,1413,16384,16.666666666666668,99.0,17536,VDD_IN,30047,8355,8549,17533,17536,4002,3962,2.0,3.0,2.0,1.0,0.0,92.0,64.031,65.625,64.031,62.906,63.312,65.625
08-11-2026 17:47:15,6901,7607,1413,16384,16.833333333333332,99.0,17732,VDD_IN,30315,8356,8588,17534,17732,4002,3995,4.0,0.0,3.0,1.0,0.0,93.0,64.125,65.718,63.875,62.968,63.25,65.718
08-11-2026 17:47:16,6902,7607,1413,16384,17.166666666666668,99.0,17889,VDD_IN,30706,8357,8862,17535,17889,4002,3955,3.0,4.0,2.0,0.0,0.0,94.0,64.437,65.781,63.875,62.906,63.281,65.781
08-11-2026 17:47:17,6901,7607,1413,16384,17.666666666666668,98.0,17889,VDD_IN,30745,8359,8901,17536,17889,4002,3955,1.0,2.0,3.0,2.0,0.0,98.0,64.093,65.781,63.937,63.093,63.281,65.781
08-11-2026 17:47:18,6900,7607,1413,16384,21.833333333333332,98.0,17968,VDD_IN,30824,8360,8901,17537,17968,4002,3955,19.0,6.0,6.0,8.0,0.0,92.0,64.031,65.656,63.937,63.0,63.281,65.656
08-11-2026 17:47:19,6900,7607,1413,16384,17.333333333333332,98.0,17850,VDD_IN,30589,8362,8784,17538,17850,4002,3955,3.0,2.0,2.0,4.0,0.0,93.0,64.062,65.968,64.031,62.843,63.218,65.968
08-11-2026 17:47:20,6900,7607,1413,16384,16.666666666666668,98.0,17850,VDD_IN,30550,8363,8705,17539,17850,4002,3995,2.0,2.0,1.0,3.0,0.0,92.0,64.187,65.937,63.937,62.968,63.312,65.937
08-11-2026 17:47:21,6900,7607,1413,16384,16.666666666666668,97.0,17811,VDD_IN,30433,8364,8627,17540,17811,4002,3995,2.0,1.0,3.0,2.0,0.0,92.0,64.343,65.937,63.875,62.937,63.25,65.937
08-11-2026 17:47:22,6900,7607,1413,16384,16.333333333333332,98.0,17811,VDD_IN,30478,8364,8627,17541,17811,4002,4040,4.0,0.0,1.0,1.0,0.0,92.0,64.0,65.75,63.937,63.093,63.25,65.75
08-11-2026 17:47:23,6899,7607,1413,16384,21.666666666666668,98.0,18046,VDD_IN,30824,8365,8705,17542,18046,4002,4073,10.0,4.0,9.0,12.0,2.0,93.0,64.187,65.718,64.093,62.812,63.312,65.718
08-11-2026 17:47:24,6898,7607,1413,16384,16.333333333333332,98.0,17811,VDD_IN,30355,8366,8471,17543,17811,4002,4073,1.0,2.0,1.0,3.0,0.0,91.0,64.312,65.75,63.906,62.937,63.218,65.75
08-11-2026 17:47:25,6898,7607,1413,16384,16.5,97.0,17772,VDD_IN,30199,8365,8315,17544,17772,4003,4112,2.0,3.0,1.0,1.0,0.0,92.0,64.187,65.718,64.031,62.906,63.25,65.718
08-11-2026 17:47:26,6899,7607,1412,16384,19.833333333333332,97.0,17732,VDD_IN,30120,8365,8237,17544,17732,4003,4151,11.0,5.0,6.0,6.0,0.0,91.0,64.375,65.687,63.968,63.0,63.218,65.687
08-11-2026 17:47:27,6899,7607,1412,16384,16.833333333333332,98.0,17732,VDD_IN,30043,8364,8081,17545,17732,4004,4230,3.0,2.0,1.0,2.0,0.0,93.0,64.093,65.562,64.062,63.0,63.281,65.562
08-11-2026 17:47:28,6899,7607,1412,16384,16.5,99.0,17643,VDD_IN,29766,8363,7847,17545,17643,4005,4276,2.0,2.0,1.0,2.0,0.0,92.0,64.375,65.312,64.031,62.875,63.218,65.312
08-11-2026 17:47:29,6900,7607,1412,16384,21.166666666666668,99.0,17604,VDD_IN,29882,8362,8120,17545,17604,4005,4158,5.0,8.0,2.0,20.0,0.0,92.0,64.562,65.062,63.968,62.968,63.281,65.062
08-11-2026 17:47:30,6900,7607,1412,16384,16.666666666666668,99.0,17654,VDD_IN,30204,8363,8549,17545,17654,4005,4001,3.0,3.0,1.0,0.0,0.0,93.0,64.031,65.593,63.968,63.0,63.25,65.593
08-11-2026 17:47:31,6900,7607,1412,16384,17.5,99.0,17772,VDD_IN,30400,8363,8588,17546,17772,4005,4040,3.0,2.0,2.0,6.0,0.0,92.0,64.312,65.687,64.031,63.031,63.281,65.687
08-11-2026 17:47:32,6900,7607,1412,16384,16.5,99.0,18085,VDD_IN,31059,8365,8901,17548,18085,4005,4073,2.0,0.0,3.0,2.0,0.0,92.0,64.062,65.843,64.031,62.906,63.343,65.843
08-11-2026 17:47:33,6900,7607,1412,16384,17.833333333333332,97.0,17889,VDD_IN,30745,8366,8901,17549,17889,4005,3955,2.0,2.0,1.0,3.0,0.0,99.0,64.031,65.75,63.906,62.937,63.281,65.75
08-11-2026 17:47:34,6903,7607,1412,16384,21.333333333333332,98.0,17968,VDD_IN,30863,8368,8940,17550,17968,4005,3955,2.0,5.0,7.0,21.0,0.0,93.0,64.281,65.875,64.0,63.0,63.281,65.875
08-11-2026 17:47:35,6903,7607,1412,16384,16.833333333333332,99.0,17850,VDD_IN,30589,8369,8784,17551,17850,4005,3955,2.0,1.0,2.0,3.0,0.0,93.0,64.093,65.718,64.062,62.968,63.312,65.718
08-11-2026 17:47:36,6903,7607,1412,16384,17.0,98.0,17889,VDD_IN,30707,8370,8823,17552,17889,4005,3995,2.0,1.0,2.0,5.0,0.0,92.0,64.031,65.687,64.062,63.093,63.343,65.687
08-11-2026 17:47:37,6891,7607,1413,16384,17.166666666666668,97.0,17850,VDD_IN,30550,8371,8705,17552,17850,4005,3995,5.0,2.0,1.0,2.0,1.0,92.0,64.25,65.687,63.906,62.937,63.218,65.687
08-11-2026 17:47:39,6891,7607,1413,16384,16.166666666666668,98.0,17889,VDD_IN,30550,8372,8666,17553,17889,4005,3995,1.0,1.0,0.0,3.0,0.0,92.0,64.375,65.843,63.968,63.0,63.218,65.843
08-11-2026 17:47:40,6897,7607,1413,16384,21.666666666666668,98.0,18007,VDD_IN,30746,8373,8705,17555,18007,4005,4034,12.0,19.0,3.0,4.0,0.0,92.0,64.187,65.906,63.968,63.0,63.406,65.906
08-11-2026 17:47:41,6897,7607,1413,16384,17.5,97.0,17811,VDD_IN,30394,8374,8510,17555,17811,4005,4073,5.0,3.0,2.0,2.0,0.0,93.0,64.125,65.906,64.031,63.093,63.343,65.906
08-11-2026 17:47:42,6897,7607,1413,16384,16.666666666666668,98.0,17772,VDD_IN,30316,8374,8432,17556,17772,4005,4112,4.0,1.0,1.0,3.0,0.0,91.0,64.093,65.843,64.125,62.937,63.375,65.718
08-11-2026 17:47:43,6897,7607,1413,16384,16.833333333333332,98.0,17693,VDD_IN,30081,8373,8237,17556,17693,4006,4151,3.0,3.0,1.0,2.0,0.0,92.0,64.343,65.593,64.0,63.0,63.218,65.593
08-11-2026 17:47:44,6893,7607,1413,16384,16.833333333333332,0.0,12933,VDD_IN,21532,8365,5243,17543,12933,4004,3356,15.0,7.0,8.0,7.0,4.0,60.0,64.312,64.031,64.0,63.031,63.062,64.312
08-11-2026 17:47:45,7033,7607,1413,16384,71.83333333333333,6.0,8439,VDD_IN,13170,8349,2821,17518,8439,3998,1910,79.0,80.0,69.0,69.0,67.0,67.0,63.781,62.937,63.593,62.843,62.562,63.781
08-11-2026 17:47:46,7027,7607,1413,16384,25.5,98.0,16531,VDD_IN,28122,8348,8016,17516,16531,3997,3575,10.0,7.0,12.0,18.0,6.0,100.0,63.75,65.375,63.656,62.656,62.812,65.375
08-11-2026 17:47:47,7028,7607,1413,16384,16.666666666666668,98.0,17732,VDD_IN,30360,8349,8705,17516,17732,3997,3923,3.0,0.0,3.0,2.0,0.0,92.0,64.031,65.531,63.625,62.781,62.906,65.531
08-11-2026 17:47:48,7028,7607,1413,16384,16.666666666666668,97.0,17850,VDD_IN,30550,8350,8705,17517,17850,3997,3995,3.0,1.0,2.0,2.0,0.0,92.0,64.031,65.75,63.75,62.781,63.0,65.75
08-11-2026 17:47:49,7028,7607,1413,16384,16.666666666666668,97.0,17772,VDD_IN,30394,8351,8627,17518,17772,3997,3995,2.0,2.0,3.0,1.0,0.0,92.0,64.093,65.781,63.781,62.812,63.093,65.781
08-11-2026 17:47:50,7028,7607,1413,16384,16.666666666666668,98.0,17850,VDD_IN,30511,8352,8627,17519,17850,3997,4034,2.0,2.0,1.0,3.0,0.0,92.0,63.906,65.468,63.843,62.718,63.062,65.468
08-11-2026 17:47:51,7025,7607,1413,16384,23.833333333333332,98.0,18046,VDD_IN,30863,8353,8744,17520,18046,3997,4073,19.0,14.0,5.0,14.0,0.0,91.0,64.062,65.468,63.75,62.75,63.156,65.468
08-11-2026 17:47:52,7026,7607,1413,16384,21.5,98.0,17850,VDD_IN,30472,8353,8510,17521,17850,3997,4112,12.0,14.0,5.0,7.0,0.0,91.0,64.218,65.5,63.75,62.906,63.125,65.5
08-11-2026 17:47:53,7026,7607,1413,16384,17.5,97.0,17811,VDD_IN,30277,8353,8315,17522,17811,3998,4151,3.0,3.0,3.0,3.0,1.0,92.0,63.937,65.5,63.781,62.875,63.062,65.5
08-11-2026 17:47:54,7026,7607,1413,16384,17.5,98.0,17772,VDD_IN,30199,8353,8237,17523,17772,3998,4190,3.0,2.0,6.0,2.0,0.0,92.0,64.187,65.5,63.937,63.0,63.125,65.5
08-11-2026 17:47:55,7026,7607,1413,16384,17.166666666666668,98.0,17732,VDD_IN,30004,8352,8042,17523,17732,3999,4230,4.0,1.0,3.0,3.0,0.0,92.0,64.031,65.312,63.937,62.781,63.093,65.312
08-11-2026 17:47:56,7030,7607,1413,16384,21.333333333333332,99.0,17811,VDD_IN,30044,8351,7925,17524,17811,4000,4308,6.0,4.0,15.0,10.0,0.0,93.0,64.343,65.031,63.781,62.843,63.25,65.031
08-11-2026 17:47:57,7030,7607,1413,16384,17.0,99.0,17575,VDD_IN,29970,8351,8315,17524,17575,4000,4080,3.0,2.0,2.0,3.0,0.0,92.0,64.375,65.093,63.906,62.875,63.156,65.093
08-11-2026 17:47:58,7029,7607,1413,16384,16.5,99.0,17615,VDD_IN,30204,8352,8627,17524,17615,4000,3962,3.0,1.0,1.0,2.0,0.0,92.0,63.937,65.468,63.875,62.937,63.093,65.468
08-11-2026 17:47:59,7029,7607,1413,16384,16.833333333333332,99.0,17929,VDD_IN,30668,8353,8705,17525,17929,4000,4034,2.0,2.0,1.0,3.0,0.0,93.0,64.156,65.593,63.906,63.031,63.187,65.718
08-11-2026 17:48:00,7029,7607,1413,16384,17.0,98.0,17811,VDD_IN,30510,8354,8744,17526,17811,4000,3955,2.0,3.0,1.0,1.0,0.0,95.0,64.062,65.625,63.937,62.812,63.187,65.625
08-11-2026 17:48:01,7031,7607,1413,16384,19.833333333333332,98.0,18046,VDD_IN,31019,8355,9018,17527,18046,4000,3955,4.0,8.0,7.0,3.0,0.0,97.0,64.25,65.781,63.781,62.812,63.218,65.781
08-11-2026 17:48:02,7033,7607,1413,16384,18.666666666666668,98.0,17929,VDD_IN,30707,8357,8823,17529,17929,4000,3955,3.0,6.0,0.0,5.0,96.0,2.0,64.187,65.843,63.906,62.906,63.187,65.843
08-11-2026 17:48:03,7033,7607,1413,16384,17.333333333333332,98.0,17929,VDD_IN,30707,8358,8823,17530,17929,4000,3955,5.0,2.0,4.0,1.0,92.0,0.0,64.0,65.781,63.937,62.968,63.187,65.781
08-11-2026 17:48:04,7033,7607,1413,16384,16.166666666666668,98.0,17889,VDD_IN,30628,8359,8744,17531,17889,4000,3995,1.0,1.0,2.0,1.0,92.0,0.0,64.031,65.625,63.968,62.875,63.218,65.625
08-11-2026 17:48:05,7033,7607,1413,16384,16.5,98.0,17889,VDD_IN,30589,8360,8666,17531,17889,4000,4034,2.0,2.0,1.0,2.0,92.0,0.0,64.156,65.468,63.843,62.875,63.156,65.468
08-11-2026 17:48:06,7034,7607,1413,16384,16.666666666666668,98.0,17889,VDD_IN,30589,8360,8666,17532,17889,4000,4034,2.0,2.0,3.0,2.0,91.0,0.0,64.281,65.593,63.906,62.937,63.281,65.593
08-11-2026 17:48:07,7037,7607,1413,16384,21.5,98.0,17889,VDD_IN,30550,8361,8588,17533,17889,4000,4073,7.0,13.0,10.0,7.0,92.0,0.0,64.125,65.718,63.906,62.968,63.187,65.718
08-11-2026 17:48:08,7037,7607,1413,16384,16.833333333333332,98.0,17811,VDD_IN,30355,8361,8471,17534,17811,4000,4073,4.0,1.0,2.0,1.0,93.0,0.0,63.906,65.687,63.937,63.031,63.218,65.687
08-11-2026 17:48:09,7037,7607,1413,16384,16.833333333333332,98.0,17811,VDD_IN,30316,8361,8354,17535,17811,4000,4151,4.0,2.0,2.0,1.0,92.0,0.0,64.031,65.875,64.031,62.875,63.156,65.875
08-11-2026 17:48:10,7037,7607,1413,16384,16.5,98.0,17732,VDD_IN,30081,8361,8198,17535,17732,4001,4151,2.0,2.0,1.0,2.0,92.0,0.0,64.187,65.812,63.968,62.906,63.156,65.812
08-11-2026 17:48:11,7037,7607,1413,16384,16.833333333333332,98.0,17732,VDD_IN,30043,8360,8081,17536,17732,4001,4230,4.0,1.0,2.0,1.0,92.0,1.0,64.312,65.906,63.875,62.906,63.218,65.906
08-11-2026 17:48:12,7042,7607,1413,16384,22.0,99.0,17732,VDD_IN,29965,8359,7964,17536,17732,4002,4269,7.0,19.0,6.0,7.0,93.0,0.0,64.218,65.562,63.906,63.0,63.375,65.562
08-11-2026 17:48:13,7042,7607,1413,16384,17.333333333333332,99.0,17615,VDD_IN,29971,8359,8237,17536,17615,4002,4119,6.0,2.0,2.0,2.0,92.0,0.0,64.156,65.5,64.0,63.093,63.343,65.5
08-11-2026 17:48:14,7042,7607,1413,16384,16.333333333333332,99.0,17615,VDD_IN,30165,8359,8549,17537,17615,4002,4001,58.0,0.0,1.0,2.0,37.0,0.0,64.156,65.968,64.062,62.843,63.468,65.968
08-11-2026 17:48:15,7042,7607,1413,16384,16.5,99.0,17772,VDD_IN,30433,8360,8627,17537,17772,4003,4034,92.0,3.0,3.0,1.0,0.0,0.0,64.218,65.75,63.875,62.937,63.437,65.75
08-11-2026 17:48:16,7042,7607,1413,16384,16.0,99.0,18007,VDD_IN,30942,8361,8940,17538,18007,4003,3995,93.0,1.0,1.0,1.0,0.0,0.0,64.125,65.906,63.968,63.0,63.343,65.906
08-11-2026 17:48:17,7043,7607,1413,16384,20.833333333333332,98.0,18203,VDD_IN,31278,8363,9120,17540,18203,4002,3955,99.0,8.0,4.0,13.0,0.0,1.0,64.531,65.843,63.937,62.906,63.343,65.843
08-11-2026 17:48:18,7043,7607,1413,16384,15.666666666666666,98.0,17929,VDD_IN,30785,8365,8901,17541,17929,4002,3955,92.0,2.0,0.0,0.0,0.0,0.0,64.0,65.812,64.0,63.062,63.468,65.812
08-11-2026 17:48:19,7043,7607,1413,16384,16.5,97.0,17889,VDD_IN,30667,8366,8823,17542,17889,4002,3955,93.0,2.0,2.0,1.0,1.0,0.0,64.062,65.75,64.031,62.812,63.468,65.75
08-11-2026 17:48:20,7043,7607,1413,16384,16.333333333333332,98.0,17889,VDD_IN,30668,8367,8784,17543,17889,4002,3995,92.0,1.0,2.0,2.0,0.0,1.0,64.343,65.843,63.875,62.906,63.406,65.843
08-11-2026 17:48:21,7043,7607,1413,16384,15.833333333333334,99.0,17850,VDD_IN,30550,8368,8666,17544,17850,4002,4034,92.0,1.0,1.0,1.0,0.0,0.0,64.093,65.812,63.843,62.937,63.375,65.812
08-11-2026 17:48:22,7042,7607,1413,16384,16.666666666666668,98.0,17850,VDD_IN,30550,8368,8666,17544,17850,4002,4034,93.0,2.0,3.0,2.0,0.0,0.0,64.343,65.781,64.0,62.968,63.437,65.781
08-11-2026 17:48:23,7047,7607,1413,16384,20.666666666666668,98.0,17850,VDD_IN,30472,8369,8549,17545,17850,4002,4073,19.0,6.0,3.0,17.0,76.0,3.0,64.0,65.75,64.062,63.0,63.343,65.75
08-11-2026 17:48:24,7047,7607,1413,16384,16.666666666666668,98.0,17889,VDD_IN,30472,8369,8510,17546,17889,4003,4073,55.0,5.0,1.0,1.0,38.0,0.0,63.937,65.593,63.968,62.843,63.343,65.593
08-11-2026 17:48:25,7047,7607,1413,16384,16.833333333333332,98.0,17811,VDD_IN,30277,8369,8354,17547,17811,4003,4112,2.0,3.0,2.0,2.0,92.0,0.0,64.031,65.593,63.875,62.875,63.125,65.593
08-11-2026 17:48:26,7047,7607,1413,16384,16.333333333333332,97.0,17732,VDD_IN,30081,8369,8198,17547,17732,4003,4151,1.0,2.0,1.0,2.0,92.0,0.0,64.25,65.375,63.968,62.937,63.25,65.375
08-11-2026 17:48:27,7047,7607,1413,16384,17.0,98.0,17732,VDD_IN,30043,8368,8081,17548,17732,4004,4230,3.0,2.0,2.0,2.0,93.0,0.0,64.156,65.437,63.906,62.906,63.156,65.437
08-11-2026 17:48:28,7043,7607,1413,16384,20.833333333333332,99.0,17772,VDD_IN,30005,8367,7964,17548,17772,4004,4269,4.0,7.0,16.0,6.0,92.0,0.0,64.5,65.593,63.906,63.062,63.218,65.593
08-11-2026 17:48:29,7044,7607,1413,16384,16.833333333333332,99.0,17615,VDD_IN,29932,8367,8159,17548,17615,4005,4158,2.0,4.0,2.0,1.0,92.0,0.0,64.093,65.156,64.0,62.875,63.375,65.156
08-11-2026 17:48:30,7044,7607,1413,16384,16.5,99.0,17693,VDD_IN,30276,8367,8549,17549,17693,4005,4034,2.0,0.0,3.0,2.0,92.0,0.0,64.125,65.781,63.875,62.906,63.218,65.781
08-11-2026 17:48:31,7044,7607,1413,16384,16.5,99.0,17772,VDD_IN,30394,8368,8627,17549,17772,4005,3995,3.0,1.0,2.0,1.0,92.0,0.0,64.281,65.75,63.937,63.031,63.25,65.75
08-11-2026 17:48:32,7044,7607,1413,16384,16.5,99.0,18085,VDD_IN,31059,8369,8979,17551,18085,4005,3995,2.0,1.0,2.0,1.0,93.0,0.0,64.093,65.843,63.937,63.0,63.218,65.843
08-11-2026 17:48:33,7049,7607,1413,16384,23.5,98.0,18085,VDD_IN,31136,8371,9096,17552,18085,4005,3955,17.0,19.0,7.0,4.0,91.0,3.0,64.031,65.687,64.062,62.906,63.437,65.687
08-11-2026 17:48:34,7049,7607,1413,16384,16.166666666666668,98.0,17889,VDD_IN,30667,8372,8823,17553,17889,4005,3955,91.0,1.0,1.0,2.0,1.0,1.0,64.031,65.656,64.0,62.937,63.343,65.656
08-11-2026 17:48:35,7049,7607,1413,16384,16.666666666666668,97.0,17929,VDD_IN,30707,8373,8823,17554,17929,4005,3955,92.0,2.0,6.0,0.0,0.0,0.0,64.187,65.656,63.937,62.906,63.343,65.656
08-11-2026 17:48:36,7049,7607,1413,16384,15.833333333333334,98.0,17929,VDD_IN,30708,8374,8784,17554,17929,4005,3995,92.0,1.0,1.0,1.0,0.0,0.0,64.531,65.75,63.843,63.0,63.406,65.75
08-11-2026 17:48:37,7049,7607,1413,16384,16.333333333333332,99.0,17850,VDD_IN,30550,8375,8666,17555,17850,4005,4034,93.0,2.0,1.0,2.0,0.0,0.0,64.218,65.593,63.875,62.968,63.375,65.593
08-11-2026 17:48:38,7050,7607,1413,16384,17.333333333333332,98.0,17968,VDD_IN,30707,8376,8705,17556,17968,4005,4034,92.0,3.0,5.0,3.0,1.0,0.0,64.25,65.75,64.0,63.093,63.437,65.75
08-11-2026 17:48:39,7053,7607,1413,16384,19.5,97.0,17889,VDD_IN,30511,8376,8549,17557,17889,4005,4073,8.0,11.0,4.0,3.0,89.0,2.0,64.0,65.75,64.0,62.937,63.281,65.75
08-11-2026 17:48:40,7054,7607,1413,16384,16.5,98.0,17850,VDD_IN,30472,8376,8510,17558,17850,4005,4112,3.0,0.0,1.0,3.0,92.0,0.0,64.031,65.75,64.0,62.843,63.187,65.75
08-11-2026 17:48:41,7054,7607,1413,16384,16.833333333333332,98.0,17811,VDD_IN,30277,8376,8354,17558,17811,4005,4112,2.0,2.0,2.0,2.0,92.0,1.0,64.281,65.437,63.906,62.937,63.187,65.437
08-11-2026 17:48:42,7054,7607,1413,16384,16.666666666666668,98.0,17772,VDD_IN,30121,8376,8198,17559,17772,4006,4151,2.0,2.0,2.0,2.0,92.0,0.0,64.062,65.437,63.968,63.062,63.218,65.437
08-11-2026 17:48:43,7054,7607,1413,16384,16.833333333333332,98.0,17772,VDD_IN,30083,8375,8081,17559,17772,4006,4230,3.0,3.0,0.0,3.0,92.0,0.0,64.468,65.375,64.0,63.0,63.25,65.375
08-11-2026 17:48:44,7053,7607,1413,16384,21.166666666666668,99.0,17811,VDD_IN,30005,8374,7925,17560,17811,4007,4269,19.0,3.0,10.0,2.0,93.0,0.0,64.281,65.281,64.093,62.875,63.406,65.281
08-11-2026 17:48:45,7053,7607,1413,16384,16.5,99.0,17615,VDD_IN,29893,8373,8120,17560,17615,4007,4158,2.0,2.0,1.0,2.0,92.0,0.0,64.343,65.125,64.031,62.937,63.312,65.125
08-11-2026 17:48:46,7053,7607,1413,16384,17.166666666666668,99.0,17615,VDD_IN,30204,8374,8588,17560,17615,4007,4001,76.0,2.0,2.0,4.0,18.0,1.0,64.406,65.875,64.0,63.0,63.375,65.875
08-11-2026 17:48:47,7052,7607,1413,16384,16.166666666666668,99.0,17772,VDD_IN,30472,8375,8666,17561,17772,4007,4034,92.0,1.0,1.0,2.0,0.0,1.0,64.281,65.75,64.0,63.062,63.375,65.75
08-11-2026 17:48:48,7052,7607,1413,16384,16.166666666666668,99.0,18007,VDD_IN,30981,8376,8979,17562,18007,4007,3995,93.0,1.0,2.0,0.0,0.0,1.0,64.031,66.062,64.031,62.875,63.406,66.062
08-11-2026 17:48:49,7052,7607,1413,16384,21.333333333333332,98.0,18085,VDD_IN,31097,8378,9057,17563,18085,4007,3955,99.0,3.0,7.0,17.0,1.0,1.0,64.093,65.968,64.125,62.937,63.437,65.968
08-11-2026 17:48:50,7052,7607,1413,16384,16.5,98.0,17929,VDD_IN,30746,8379,8862,17564,17929,4007,3955,93.0,2.0,2.0,1.0,0.0,1.0,64.187,65.875,63.875,62.968,63.406,65.875
08-11-2026 17:48:51,7052,7607,1413,16384,16.166666666666668,97.0,17889,VDD_IN,30667,8380,8823,17565,17889,4007,3955,91.0,1.0,3.0,1.0,1.0,0.0,64.5,65.937,63.937,62.937,63.406,65.937
08-11-2026 17:48:52,7052,7607,1413,16384,16.833333333333332,98.0,17889,VDD_IN,30628,8381,8744,17565,17889,4007,3995,9.0,3.0,1.0,3.0,85.0,0.0,64.031,65.75,63.968,62.937,63.343,65.75
08-11-2026 17:48:53,7052,7607,1413,16384,16.333333333333332,99.0,17889,VDD_IN,30589,8381,8666,17566,17889,4007,4034,2.0,1.0,2.0,1.0,92.0,0.0,64.031,65.562,63.968,62.875,63.218,65.562
08-11-2026 17:48:54,7055,7607,1413,16384,21.0,98.0,18125,VDD_IN,31021,8382,8862,17567,18125,4007,4034,19.0,3.0,6.0,5.0,92.0,1.0,64.218,65.75,64.093,62.906,63.468,65.75
08-11-2026 17:48:55,7054,7607,1413,16384,17.166666666666668,98.0,17850,VDD_IN,30472,8383,8549,17568,17850,4007,4073,2.0,5.0,2.0,2.0,92.0,0.0,64.062,65.687,63.968,62.968,63.187,65.687
08-11-2026 17:48:56,7054,7607,1413,16384,16.833333333333332,98.0,17850,VDD_IN,30433,8383,8510,17569,17850,4007,4073,3.0,3.0,2.0,0.0,92.0,1.0,64.281,65.75,63.968,62.968,63.312,65.75
08-11-2026 17:48:57,7054,7607,1413,16384,17.166666666666668,98.0,17772,VDD_IN,30199,8383,8315,17569,17772,4007,4112,1.0,2.0,1.0,6.0,93.0,0.0,64.031,65.625,64.0,62.968,63.312,65.625
08-11-2026 17:48:58,7054,7607,1413,16384,16.333333333333332,97.0,17772,VDD_IN,30160,8383,8237,17570,17772,4008,4151,2.0,1.0,2.0,1.0,92.0,0.0,64.093,65.937,64.062,62.843,63.218,65.937
08-11-2026 17:48:59,7054,7607,1413,16384,16.666666666666668,98.0,17732,VDD_IN,30043,8382,8081,17570,17732,4008,4230,2.0,1.0,2.0,3.0,92.0,0.0,64.031,65.906,64.093,62.875,63.25,65.906
08-11-2026 17:49:00,7054,7607,1413,16384,21.666666666666668,99.0,17732,VDD_IN,29887,8381,7886,17570,17732,4009,4269,5.0,5.0,22.0,6.0,92.0,0.0,64.406,65.625,63.906,62.906,63.343,65.625
08-11-2026 17:49:01,7054,7607,1413,16384,17.333333333333332,99.0,17615,VDD_IN,30010,8381,8276,17570,17615,4009,4119,3.0,5.0,2.0,2.0,92.0,0.0,64.5,65.562,64.062,62.968,63.375,65.562
08-11-2026 17:49:02,7053,7607,1413,16384,16.833333333333332,99.0,17604,VDD_IN,30115,8381,8549,17571,17604,4009,3962,2.0,2.0,2.0,2.0,93.0,0.0,63.968,65.656,63.968,63.093,63.312,65.656
08-11-2026 17:49:03,7053,7607,1413,16384,16.5,99.0,17889,VDD_IN,30589,8382,8666,17571,17889,4009,4034,0.0,2.0,3.0,2.0,92.0,0.0,64.218,65.718,64.062,62.937,63.343,65.718
08-11-2026 17:49:04,7053,7607,1413,16384,16.833333333333332,98.0,17929,VDD_IN,30747,8383,8823,17572,17929,4009,3995,2.0,2.0,1.0,1.0,95.0,0.0,64.125,65.75,63.968,62.906,63.25,65.75
08-11-2026 17:49:05,7054,7607,1413,16384,21.666666666666668,98.0,18046,VDD_IN,31019,8384,9018,17573,18046,4009,3955,19.0,3.0,1.0,8.0,97.0,2.0,64.375,65.718,63.937,62.968,63.312,65.718
08-11-2026 17:49:06,7054,7607,1413,16384,16.833333333333332,98.0,17929,VDD_IN,30746,8385,8862,17574,17929,4009,3955,2.0,4.0,2.0,2.0,91.0,0.0,64.187,65.593,64.031,62.906,63.375,65.593
08-11-2026 17:49:07,7054,7607,1413,16384,16.833333333333332,98.0,17968,VDD_IN,30825,8386,8862,17575,17968,4009,3995,3.0,1.0,3.0,1.0,93.0,0.0,64.125,65.687,63.937,62.906,63.218,65.75
08-11-2026 17:49:08,7054,7607,1413,16384,17.333333333333332,97.0,17889,VDD_IN,30628,8387,8744,17576,17889,4009,3995,2.0,3.0,2.0,5.0,92.0,0.0,64.531,65.656,63.843,62.937,63.312,65.656
08-11-2026 17:49:09,7054,7607,1413,16384,16.833333333333332,97.0,17811,VDD_IN,30433,8388,8627,17576,17811,4009,3995,3.0,3.0,2.0,1.0,92.0,0.0,64.437,65.625,63.968,62.968,63.312,65.625
08-11-2026 17:49:10,7051,7607,1413,16384,21.333333333333332,98.0,18046,VDD_IN,30824,8388,8744,17577,18046,4009,4034,10.0,5.0,11.0,9.0,92.0,1.0,64.437,65.375,63.968,63.093,63.375,65.375
08-11-2026 17:49:11,7051,7607,1413,16384,16.666666666666668,99.0,17732,VDD_IN,30237,8388,8432,17577,17732,4009,4073,3.0,1.0,1.0,2.0,93.0,0.0,64.093,65.343,64.031,62.843,63.218,65.343
08-11-2026 17:49:12,7050,7607,1413,16384,18.166666666666668,98.0,17772,VDD_IN,30245,8388,8393,17578,17772,4009,4080,6.0,3.0,4.0,3.0,92.0,1.0,64.218,65.343,63.875,62.875,63.25,65.343
08-11-2026 17:49:13,7051,7607,1413,16384,16.333333333333332,97.0,17615,VDD_IN,29932,8388,8198,17578,17615,4009,4119,1.0,2.0,1.0,2.0,92.0,0.0,64.375,65.312,63.812,62.875,63.218,65.312
08-11-2026 17:49:14,7051,7607,1413,16384,17.0,98.0,17575,VDD_IN,29853,8387,8120,17578,17575,4010,4158,3.0,2.0,3.0,2.0,92.0,0.0,64.187,65.343,63.968,63.0,63.156,65.343
08-11-2026 17:49:15,7050,7607,1413,16384,16.666666666666668,98.0,17575,VDD_IN,29736,8387,7964,17578,17575,4010,4197,2.0,2.0,1.0,2.0,92.0,1.0,64.406,65.312,63.906,63.062,63.281,65.312
08-11-2026 17:49:16,7051,7607,1413,16384,21.333333333333332,99.0,17565,VDD_IN,29649,8385,7808,17578,17565,4011,4276,5.0,10.0,6.0,15.0,92.0,0.0,64.25,64.875,64.0,62.843,63.375,64.875
08-11-2026 17:49:17,7051,7607,1413,16384,17.0,99.0,17486,VDD_IN,29841,8385,8315,17578,17486,4011,4040,3.0,4.0,1.0,2.0,92.0,0.0,64.156,65.406,64.156,62.906,63.281,65.406
08-11-2026 17:49:18,7051,7607,1413,16384,16.166666666666668,99.0,17536,VDD_IN,30047,8385,8549,17578,17536,4011,3962,2.0,1.0,1.0,1.0,92.0,0.0,64.125,65.437,63.937,62.968,63.25,65.437
08-11-2026 17:49:19,7051,7607,1413,16384,17.0,99.0,17968,VDD_IN,30746,8386,8705,17579,17968,4011,4073,4.0,2.0,1.0,1.0,91.0,3.0,64.125,65.812,63.875,62.968,63.343,65.812
08-11-2026 17:49:20,7051,7607,1413,16384,16.833333333333332,98.0,17693,VDD_IN,30321,8387,8666,17579,17693,4011,3962,2.0,1.0,0.0,2.0,96.0,0.0,64.281,65.625,63.968,62.968,63.343,65.625
08-11-2026 17:49:21,7051,7607,1413,16384,21.5,97.0,17850,VDD_IN,30667,8388,8862,17579,17850,4011,3955,43.0,18.0,8.0,3.0,56.0,1.0,64.125,65.906,63.906,62.968,63.343,65.906
08-11-2026 17:49:22,7051,7607,1413,16384,16.166666666666668,98.0,17811,VDD_IN,30510,8389,8744,17580,17811,4010,3955,92.0,1.0,2.0,2.0,0.0,0.0,64.156,65.937,64.218,62.968,63.468,65.937
08-11-2026 17:49:23,7051,7607,1413,16384,16.0,98.0,17811,VDD_IN,30510,8389,8744,17580,17811,4010,3955,92.0,1.0,1.0,1.0,1.0,0.0,64.218,65.968,63.906,62.906,63.312,65.968
08-11-2026 17:49:24,7051,7607,1413,16384,16.166666666666668,97.0,17772,VDD_IN,30433,8390,8666,17581,17772,4010,3995,92.0,2.0,1.0,1.0,0.0,1.0,64.187,65.968,63.906,62.968,63.406,65.968
08-11-2026 17:49:25,7051,7607,1413,16384,16.166666666666668,97.0,17732,VDD_IN,30354,8390,8627,17581,17732,4010,3995,93.0,1.0,1.0,2.0,0.0,0.0,64.093,65.875,64.062,63.031,63.375,65.875
08-11-2026 17:49:26,7051,7607,1413,16384,20.333333333333332,98.0,17929,VDD_IN,30629,8391,8666,17582,17929,4010,4034,69.0,17.0,5.0,4.0,27.0,0.0,64.031,65.968,64.062,62.812,63.25,65.968
08-11-2026 17:49:27,7051,7607,1413,16384,16.0,99.0,17732,VDD_IN,30198,8391,8432,17582,17732,4010,4034,0.0,2.0,1.0,1.0,92.0,0.0,64.125,65.718,64.031,62.843,63.25,65.718
08-11-2026 17:49:28,7051,7607,1413,16384,16.666666666666668,98.0,17761,VDD_IN,30188,8391,8354,17583,17761,4010,4073,4.0,2.0,1.0,1.0,92.0,0.0,64.031,65.687,63.843,62.906,63.187,65.687
08-11-2026 17:49:29,7051,7607,1413,16384,17.666666666666668,98.0,17693,VDD_IN,30081,8391,8276,17583,17693,4011,4112,2.0,2.0,7.0,2.0,93.0,0.0,64.093,65.562,64.0,63.0,63.312,65.562
08-11-2026 17:49:30,7051,7607,1413,16384,16.666666666666668,97.0,17693,VDD_IN,30003,8390,8159,17583,17693,4011,4151,3.0,2.0,1.0,2.0,92.0,0.0,64.312,65.656,63.968,62.968,63.218,65.656
08-11-2026 17:49:31,7052,7607,1413,16384,19.5,98.0,17732,VDD_IN,30003,8390,8081,17583,17732,4011,4190,13.0,3.0,3.0,5.0,92.0,1.0,64.093,65.625,63.937,62.968,63.343,65.625
08-11-2026 17:49:32,7052,7607,1413,16384,18.833333333333332,99.0,17575,VDD_IN,29659,8388,7808,17583,17575,4012,4276,3.0,9.0,3.0,5.0,93.0,0.0,64.343,65.156,64.031,62.906,63.375,65.156
08-11-2026 17:49:33,7052,7607,1413,16384,16.833333333333332,99.0,17486,VDD_IN,29803,8388,8237,17583,17486,4012,4080,3.0,2.0,2.0,2.0,92.0,0.0,64.156,65.437,63.906,62.875,63.281,65.437
08-11-2026 17:49:34,7052,7607,1413,16384,16.333333333333332,99.0,17526,VDD_IN,29998,8388,8510,17583,17526,4012,3962,2.0,3.0,1.0,1.0,91.0,0.0,64.0,65.531,63.812,62.937,63.218,65.531
08-11-2026 17:49:35,7051,7607,1413,16384,16.5,99.0,17772,VDD_IN,30433,8389,8627,17583,17772,4012,4034,2.0,2.0,2.0,1.0,92.0,0.0,64.187,65.562,63.906,62.968,63.25,65.562
08-11-2026 17:49:36,7051,7607,1413,16384,17.333333333333332,99.0,17732,VDD_IN,30431,8390,8744,17584,17732,4012,3955,3.0,1.0,3.0,2.0,95.0,0.0,64.0,65.562,64.031,62.843,63.343,65.562
08-11-2026 17:49:37,7055,7607,1413,16384,22.333333333333332,98.0,17889,VDD_IN,30745,8391,8901,17584,17889,4012,3955,9.0,19.0,5.0,4.0,97.0,0.0,64.093,65.625,64.093,62.906,63.281,65.625
08-11-2026 17:49:38,7056,7607,1413,16384,16.833333333333332,97.0,17772,VDD_IN,30511,8392,8784,17585,17772,4012,3955,2.0,2.0,3.0,2.0,92.0,0.0,64.281,65.781,63.906,62.906,63.25,65.781
08-11-2026 17:49:39,7056,7607,1413,16384,17.5,98.0,17850,VDD_IN,30589,8392,8784,17585,17850,4012,3955,2.0,2.0,7.0,2.0,92.0,0.0,64.031,65.875,63.906,62.968,63.25,65.875
08-11-2026 17:49:40,7056,7607,1413,16384,17.0,98.0,17772,VDD_IN,30433,8393,8666,17586,17772,4012,3995,2.0,3.0,3.0,1.0,93.0,0.0,64.218,65.843,64.031,62.968,63.312,65.843
08-11-2026 17:49:41,7056,7607,1413,16384,17.0,97.0,17772,VDD_IN,30355,8393,8588,17586,17772,4011,3995,4.0,2.0,2.0,2.0,92.0,0.0,64.031,65.781,64.0,62.937,63.312,65.781
08-11-2026 17:49:42,7054,7607,1413,16384,21.5,98.0,17929,VDD_IN,30668,8394,8705,17587,17929,4012,4034,5.0,11.0,8.0,13.0,92.0,0.0,64.125,65.625,63.906,63.0,63.156,65.625
08-11-2026 17:49:43,7054,7607,1413,16384,16.5,99.0,17772,VDD_IN,30316,8394,8471,17587,17772,4012,4073,2.0,2.0,2.0,1.0,92.0,0.0,64.25,65.625,63.937,62.875,63.281,65.625
08-11-2026 17:49:44,7054,7607,1413,16384,16.5,98.0,17772,VDD_IN,30277,8394,8432,17588,17772,4012,4073,1.0,2.0,2.0,2.0,92.0,0.0,64.031,65.687,63.968,62.968,63.25,65.687
08-11-2026 17:49:45,7054,7607,1413,16384,16.5,98.0,17732,VDD_IN,30120,8394,8276,17588,17732,4012,4112,2.0,2.0,1.0,2.0,92.0,0.0,64.031,65.718,64.031,62.906,63.281,65.718
08-11-2026 17:49:46,7054,7607,1413,16384,16.333333333333332,97.0,17654,VDD_IN,29932,8393,8120,17588,17654,4012,4158,2.0,1.0,2.0,1.0,92.0,0.0,63.968,65.593,64.062,62.843,63.281,65.593
08-11-2026 17:49:47,7053,7607,1413,16384,21.166666666666668,98.0,17850,VDD_IN,30278,8393,8198,17589,17850,4013,4230,3.0,5.0,20.0,6.0,93.0,0.0,64.406,65.625,64.0,62.968,63.25,65.625
08-11-2026 17:49:48,7053,7607,1413,16384,16.833333333333332,99.0,17654,VDD_IN,29770,8392,7847,17589,17654,4013,4269,2.0,2.0,1.0,4.0,92.0,0.0,64.5,65.625,63.968,62.937,63.218,65.625
08-11-2026 17:49:49,7053,7607,1413,16384,17.0,99.0,17526,VDD_IN,29765,8391,8120,17589,17526,4013,4119,3.0,2.0,1.0,5.0,91.0,0.0,64.156,65.468,64.031,63.093,63.406,65.468
08-11-2026 17:49:50,7053,7607,1413,16384,17.166666666666668,99.0,17565,VDD_IN,30037,8392,8510,17589,17565,4013,3962,2.0,2.0,3.0,3.0,93.0,0.0,64.031,66.062,64.093,62.906,63.437,66.062
08-11-2026 17:49:51,7053,7607,1413,16384,16.166666666666668,99.0,17693,VDD_IN,30243,8392,8549,17589,17693,4013,4001,0.0,2.0,2.0,1.0,92.0,0.0,64.125,66.0,64.062,62.937,63.281,66.0
08-11-2026 17:49:52,7053,7607,1413,16384,17.333333333333332,99.0,17811,VDD_IN,30550,8393,8784,17589,17811,4013,3955,4.0,2.0,2.0,2.0,94.0,0.0,64.0,66.031,64.031,62.906,63.281,66.031
08-11-2026 17:49:53,7051,7607,1413,16384,22.166666666666668,97.0,17889,VDD_IN,30706,8394,8862,17590,17889,4013,3955,6.0,7.0,19.0,3.0,98.0,0.0,64.343,65.593,64.031,63.0,63.281,65.593
08-11-2026 17:49:54,7051,7607,1413,16384,16.666666666666668,97.0,17772,VDD_IN,30471,8394,8744,17590,17772,4013,3955,4.0,1.0,2.0,1.0,92.0,0.0,63.968,65.718,63.906,63.062,63.281,65.718
08-11-2026 17:49:55,7051,7607,1413,16384,16.166666666666668,97.0,17811,VDD_IN,30510,8395,8744,17591,17811,4013,3955,1.0,34.0,2.0,1.0,59.0,0.0,64.531,65.718,64.0,62.843,63.375,65.718
08-11-2026 17:49:56,7052,7607,1413,16384,16.666666666666668,97.0,17772,VDD_IN,30433,8396,8666,17591,17772,4013,3995,3.0,92.0,1.0,3.0,1.0,0.0,64.156,65.781,64.062,63.0,63.312,65.781
08-11-2026 17:49:57,7052,7607,1413,16384,16.166666666666668,98.0,17772,VDD_IN,30355,8396,8588,17591,17772,4013,3995,1.0,64.0,2.0,1.0,28.0,1.0,64.156,65.75,64.062,63.031,63.25,65.75
08-11-2026 17:49:58,7052,7607,1413,16384,21.5,98.0,17929,VDD_IN,30629,8397,8666,17592,17929,4013,4034,9.0,5.0,14.0,9.0,92.0,0.0,64.218,65.812,63.968,63.031,63.187,65.812
08-11-2026 17:49:59,7052,7607,1413,16384,18.166666666666668,98.0,17732,VDD_IN,30237,8397,8432,17592,17732,4013,4073,4.0,3.0,7.0,2.0,92.0,1.0,64.031,65.781,64.0,62.968,63.25,65.781
08-11-2026 17:50:00,7052,7607,1413,16384,17.166666666666668,98.0,17693,VDD_IN,30159,8397,8393,17593,17693,4013,4073,5.0,2.0,2.0,2.0,92.0,0.0,64.062,65.593,63.968,63.093,63.281,65.593
08-11-2026 17:50:01,7052,7607,1413,16384,16.833333333333332,98.0,17693,VDD_IN,30081,8396,8276,17593,17693,4013,4112,2.0,2.0,3.0,2.0,92.0,0.0,64.25,65.531,64.062,62.906,63.218,65.531
08-11-2026 17:50:02,7051,7607,1413,16384,16.333333333333332,97.0,17693,VDD_IN,30003,8396,8159,17593,17693,4014,4151,3.0,2.0,1.0,0.0,92.0,0.0,64.093,65.531,63.906,62.968,63.218,65.531
08-11-2026 17:50:03,7052,7607,1413,16384,20.833333333333332,98.0,17811,VDD_IN,30122,8395,8081,17593,17811,4014,4230,5.0,16.0,7.0,4.0,93.0,0.0,64.375,65.468,63.968,62.968,63.281,65.468
08-11-2026 17:50:04,7052,7607,1413,16384,16.666666666666668,99.0,17536,VDD_IN,29580,8394,7768,17593,17536,4015,4276,2.0,3.0,2.0,1.0,91.0,1.0,64.312,65.0,63.968,63.125,63.343,65.0
08-11-2026 17:50:05,7052,7607,1413,16384,16.666666666666668,99.0,17565,VDD_IN,29921,8394,8276,17593,17565,4015,4080,3.0,2.0,1.0,1.0,92.0,1.0,64.312,65.343,64.0,63.125,63.375,65.343
08-11-2026 17:50:06,7052,7607,1413,16384,16.666666666666668,99.0,17654,VDD_IN,30159,8394,8471,17593,17654,4015,4034,2.0,3.0,1.0,2.0,92.0,0.0,64.218,65.593,64.062,62.906,63.25,65.593
08-11-2026 17:50:07,7052,7607,1413,16384,16.333333333333332,99.0,17929,VDD_IN,30668,8395,8705,17594,17929,4015,4034,1.0,2.0,2.0,1.0,92.0,0.0,64.062,65.968,63.968,62.937,63.343,65.968
08-11-2026 17:50:08,7052,7607,1413,16384,17.5,97.0,17732,VDD_IN,30392,8395,8705,17594,17732,4015,3955,2.0,4.0,1.0,2.0,96.0,0.0,64.312,65.812,64.0,63.0,63.312,65.812
08-11-2026 17:50:09,7051,7607,1413,16384,22.333333333333332,97.0,17850,VDD_IN,30706,8396,8901,17595,17850,4015,3955,7.0,6.0,19.0,6.0,96.0,0.0,64.0,66.0,63.968,63.062,63.312,66.0
08-11-2026 17:50:10,7051,7607,1413,16384,16.333333333333332,98.0,17811,VDD_IN,30550,8397,8784,17595,17811,4014,3955,26.0,3.0,0.0,2.0,67.0,0.0,64.062,65.937,64.062,62.906,63.375,65.937
08-11-2026 17:50:11,7050,7607,1413,16384,16.833333333333332,98.0,17889,VDD_IN,30667,8398,8823,17596,17889,4014,3955,93.0,3.0,2.0,2.0,0.0,1.0,64.312,66.0,63.875,62.937,63.437,65.75
08-11-2026 17:50:12,7050,7607,1413,16384,15.833333333333334,97.0,17850,VDD_IN,30550,8398,8705,17596,17850,4014,3995,92.0,1.0,1.0,1.0,0.0,0.0,64.187,65.812,64.0,62.937,63.343,65.812
08-11-2026 17:50:13,7050,7607,1413,16384,16.166666666666668,97.0,17772,VDD_IN,30394,8399,8627,17597,17772,4014,3995,92.0,2.0,1.0,2.0,0.0,0.0,64.406,65.656,64.0,63.0,63.375,65.656
08-11-2026 17:50:14,7055,7607,1413,16384,20.666666666666668,98.0,17889,VDD_IN,30550,8399,8627,17597,17889,4014,4034,35.0,16.0,6.0,8.0,59.0,0.0,64.0,65.75,63.937,63.187,63.25,65.75
08-11-2026 17:50:15,7055,7607,1413,16384,16.666666666666668,97.0,17772,VDD_IN,30355,8399,8510,17598,17772,4014,4073,2.0,3.0,1.0,2.0,92.0,0.0,64.062,65.75,64.062,62.906,63.281,65.75
08-11-2026 17:50:16,7055,7607,1413,16384,16.333333333333332,98.0,17772,VDD_IN,30238,8399,8393,17598,17772,4014,4073,1.0,3.0,2.0,0.0,92.0,0.0,64.156,65.75,63.937,62.937,63.218,65.75
08-11-2026 17:50:17,7055,7607,1413,16384,16.5,99.0,17693,VDD_IN,30088,8399,8237,17598,17693,4015,4158,2.0,1.0,1.0,2.0,92.0,1.0,64.25,65.656,63.968,62.937,63.187,65.437
08-11-2026 17:50:18,7055,7607,1413,16384,16.5,98.0,17693,VDD_IN,29964,8399,8081,17598,17693,4015,4190,1.0,2.0,3.0,1.0,92.0,0.0,64.156,65.437,64.0,62.937,63.125,65.437
08-11-2026 17:50:19,7054,7607,1413,16384,21.166666666666668,98.0,17811,VDD_IN,30122,8398,8081,17599,17811,4016,4230,18.0,7.0,6.0,4.0,92.0,0.0,64.031,65.468,63.968,62.968,63.281,65.468
08-11-2026 17:50:20,7054,7607,1413,16384,17.166666666666668,99.0,17575,VDD_IN,29737,8397,7925,17599,17575,4016,4237,2.0,2.0,2.0,5.0,92.0,0.0,64.312,64.968,63.906,62.906,63.406,64.968
08-11-2026 17:50:21,7054,7607,1413,16384,16.833333333333332,99.0,17526,VDD_IN,29920,8397,8354,17598,17526,4016,4040,2.0,2.0,2.0,3.0,92.0,0.0,64.25,65.343,63.843,62.906,63.218,65.343
08-11-2026 17:50:22,7053,7607,1413,16384,17.166666666666668,99.0,17615,VDD_IN,30165,8397,8549,17598,17615,4016,4001,3.0,2.0,2.0,2.0,92.0,2.0,64.218,65.562,63.937,62.937,63.25,65.562
08-11-2026 17:50:23,7053,7607,1413,16384,16.833333333333332,99.0,18046,VDD_IN,30903,8398,8784,17599,18046,4016,4073,3.0,1.0,2.0,2.0,93.0,0.0,64.281,65.75,64.0,62.968,63.406,65.75
08-11-2026 17:50:24,7053,7607,1413,16384,20.333333333333332,97.0,17929,VDD_IN,30785,8399,8901,17600,17929,4016,3955,3.0,10.0,3.0,8.0,98.0,0.0,64.062,65.718,64.031,63.0,63.343,65.718
08-11-2026 17:50:25,7053,7607,1413,16384,19.333333333333332,98.0,17889,VDD_IN,30745,8400,8901,17601,17889,4016,3955,4.0,4.0,3.0,5.0,5.0,95.0,64.156,65.843,64.031,62.968,63.375,65.843
08-11-2026 17:50:26,7053,7607,1413,16384,16.666666666666668,98.0,17850,VDD_IN,30549,8401,8744,17601,17850,4016,3955,2.0,3.0,1.0,2.0,0.0,92.0,64.156,65.812,63.937,62.843,63.218,65.812
08-11-2026 17:50:27,7053,7607,1413,16384,16.166666666666668,98.0,17850,VDD_IN,30589,8401,8784,17601,17850,4016,3955,1.0,2.0,1.0,1.0,0.0,92.0,64.375,65.906,63.906,62.968,63.25,65.906
08-11-2026 17:50:28,7053,7607,1413,16384,16.5,98.0,17850,VDD_IN,30550,8402,8705,17602,17850,4016,3995,1.0,1.0,2.0,3.0,0.0,92.0,64.156,65.906,64.031,63.093,63.312,65.906
08-11-2026 17:50:29,7053,7607,1413,16384,16.666666666666668,97.0,17772,VDD_IN,30394,8402,8627,17602,17772,4016,3995,3.0,0.0,1.0,1.0,2.0,93.0,64.062,65.562,64.062,63.093,63.281,65.562
08-11-2026 17:50:30,7052,7607,1413,16384,21.166666666666668,98.0,17850,VDD_IN,30550,8403,8666,17603,17850,4016,4034,11.0,4.0,6.0,13.0,1.0,92.0,64.25,65.625,64.062,62.875,63.375,65.625
08-11-2026 17:50:31,7052,7607,1413,16384,16.5,99.0,17772,VDD_IN,30316,8403,8471,17603,17772,4016,4073,1.0,0.0,0.0,6.0,0.0,92.0,64.312,65.656,63.968,62.937,63.343,65.656
08-11-2026 17:50:33,7052,7607,1413,16384,16.5,98.0,17811,VDD_IN,30316,8403,8432,17603,17811,4016,4073,2.0,2.0,1.0,2.0,0.0,92.0,64.406,65.656,64.031,63.0,63.187,65.656
08-11-2026 17:50:34,7052,7607,1413,16384,16.166666666666668,98.0,17693,VDD_IN,30081,8403,8276,17604,17693,4016,4112,1.0,2.0,1.0,2.0,0.0,91.0,64.218,65.593,64.062,63.062,63.281,65.593
08-11-2026 17:50:35,7052,7607,1413,16384,16.333333333333332,98.0,17693,VDD_IN,30003,8402,8159,17604,17693,4016,4151,2.0,2.0,1.0,2.0,0.0,91.0,64.562,65.906,64.062,63.156,63.312,65.906
08-11-2026 17:50:36,7049,7607,1412,16384,22.0,0.0,13741,VDD_IN,23035,8397,5825,17597,13741,4015,3469,11.0,31.0,6.0,7.0,11.0,66.0,63.812,64.468,64.062,63.031,63.093,64.468
08-11-2026 17:50:37,7099,7607,1412,16384,68.0,0.0,8518,VDD_IN,13369,8387,2901,17580,8518,4011,1950,63.0,80.0,62.0,61.0,77.0,65.0,64.0,63.281,63.531,62.812,62.468,64.0
08-11-2026 17:50:38,7114,7607,1412,16384,25.5,99.0,16255,VDD_IN,27663,8386,7872,17577,16255,4010,3536,13.0,52.0,9.0,12.0,57.0,10.0,63.875,65.312,63.437,62.718,62.75,65.312
08-11-2026 17:50:39,7114,7607,1412,16384,16.333333333333332,98.0,17732,VDD_IN,30353,8387,8666,17577,17732,4010,3955,2.0,1.0,2.0,1.0,92.0,0.0,63.687,65.75,63.718,62.781,62.968,65.75
08-11-2026 17:50:40,7114,7607,1412,16384,16.833333333333332,98.0,17811,VDD_IN,30472,8387,8666,17578,17811,4010,3995,1.0,3.0,3.0,2.0,92.0,0.0,63.812,65.406,63.75,62.718,63.031,65.406
08-11-2026 17:50:41,7119,7607,1412,16384,22.0,98.0,18085,VDD_IN,31020,8388,8901,17579,18085,4010,4034,7.0,14.0,12.0,5.0,93.0,1.0,64.0,65.562,63.718,62.75,63.062,65.562
08-11-2026 17:50:42,7119,7607,1412,16384,16.666666666666668,98.0,17811,VDD_IN,30433,8389,8588,17579,17811,4010,4034,2.0,2.0,2.0,2.0,92.0,0.0,63.875,65.562,63.718,62.781,63.0,65.562
08-11-2026 17:50:43,7120,7607,1412,16384,17.5,97.0,17732,VDD_IN,30276,8389,8471,17579,17732,4010,4073,2.0,5.0,2.0,2.0,92.0,2.0,64.062,65.437,63.843,62.843,63.187,65.437
08-11-2026 17:50:44,7120,7607,1412,16384,16.333333333333332,98.0,17772,VDD_IN,30238,8389,8354,17580,17772,4011,4112,2.0,1.0,2.0,2.0,91.0,0.0,63.875,65.562,63.812,62.906,63.125,65.562
08-11-2026 17:50:45,7120,7607,1412,16384,16.666666666666668,99.0,17732,VDD_IN,30081,8388,8198,17580,17732,4011,4151,3.0,1.0,2.0,2.0,92.0,0.0,64.0,65.281,63.875,62.781,63.062,65.281
08-11-2026 17:50:46,7120,7607,1412,16384,16.5,98.0,17732,VDD_IN,30042,8388,8120,17580,17732,4011,4190,1.0,3.0,2.0,1.0,92.0,0.0,64.093,65.343,63.718,62.843,63.062,65.343
08-11-2026 17:50:47,7122,7607,1412,16384,21.5,98.0,17693,VDD_IN,29855,8387,7925,17581,17693,4012,4237,5.0,8.0,6.0,17.0,92.0,1.0,64.062,65.281,63.875,62.875,63.093,65.281
08-11-2026 17:50:48,7122,7607,1412,16384,16.333333333333332,99.0,17565,VDD_IN,29688,8386,7886,17581,17565,4012,4237,2.0,1.0,2.0,1.0,92.0,0.0,64.437,64.906,63.937,62.937,63.25,64.906
08-11-2026 17:50:49,7122,7607,1412,16384,16.5,99.0,17575,VDD_IN,30047,8386,8432,17581,17575,4012,4040,2.0,3.0,1.0,1.0,92.0,0.0,63.875,65.531,63.937,62.812,63.187,65.531
08-11-2026 17:50:50,7122,7607,1412,16384,16.666666666666668,99.0,17615,VDD_IN,30165,8386,8549,17581,17615,4012,4001,1.0,1.0,3.0,3.0,92.0,0.0,64.0,65.625,63.812,62.812,63.156,65.625
08-11-2026 17:50:51,7122,7607,1412,16384,16.5,99.0,18125,VDD_IN,31060,8387,8862,17582,18125,4012,4073,2.0,0.0,2.0,2.0,93.0,0.0,64.187,65.812,63.812,62.812,63.187,65.812
08-11-2026 17:50:52,7120,7607,1412,16384,22.833333333333332,97.0,17968,VDD_IN,30824,8388,8940,17582,17968,4012,3916,8.0,9.0,7.0,14.0,98.0,1.0,63.906,65.781,63.875,62.843,63.218,65.781
08-11-2026 17:50:53,7120,7607,1412,16384,16.833333333333332,98.0,17889,VDD_IN,30706,8389,8862,17583,17889,4012,3955,1.0,1.0,2.0,2.0,94.0,1.0,64.281,65.75,63.937,63.0,63.187,65.75
08-11-2026 17:50:54,7120,7607,1412,16384,17.0,99.0,17850,VDD_IN,30589,8390,8784,17583,17850,4012,3955,2.0,2.0,5.0,1.0,92.0,0.0,63.937,65.468,63.906,62.812,63.25,65.468
08-11-2026 17:50:55,7120,7607,1412,16384,16.5,98.0,17850,VDD_IN,30629,8391,8784,17584,17850,4012,3995,1.0,2.0,2.0,1.0,93.0,0.0,63.968,65.625,63.812,62.812,63.187,65.625
08-11-2026 17:50:56,7120,7607,1412,16384,16.833333333333332,98.0,17811,VDD_IN,30511,8391,8705,17584,17811,4012,3995,2.0,1.0,2.0,2.0,92.0,2.0,64.093,65.562,63.812,62.875,63.093,65.562
08-11-2026 17:50:57,7125,7607,1412,16384,21.0,98.0,18046,VDD_IN,30942,8392,8862,17585,18046,4012,4034,3.0,16.0,7.0,6.0,92.0,2.0,63.875,65.625,63.968,62.906,63.187,65.812
08-11-2026 17:50:58,7125,7607,1412,16384,16.333333333333332,98.0,17811,VDD_IN,30394,8392,8549,17585,17811,4012,4034,2.0,1.0,1.0,1.0,92.0,1.0,64.0,65.812,63.968,62.875,63.156,65.812
08-11-2026 17:50:59,7125,7607,1412,16384,17.0,98.0,17732,VDD_IN,30244,8392,8432,17586,17732,4012,4080,3.0,1.0,2.0,4.0,91.0,1.0,64.031,65.656,63.781,62.843,63.187,65.656
08-11-2026 17:51:00,7126,7607,1412,16384,16.666666666666668,98.0,17772,VDD_IN,30277,8392,8393,17586,17772,4012,4112,2.0,1.0,1.0,3.0,92.0,1.0,64.187,65.843,63.75,62.875,63.187,65.843
08-11-2026 17:51:01,7126,7607,1412,16384,16.666666666666668,98.0,17732,VDD_IN,30120,8392,8237,17586,17732,4012,4151,1.0,1.0,3.0,1.0,93.0,1.0,64.031,65.468,63.906,62.968,63.093,65.468
08-11-2026 17:51:02,7127,7607,1412,16384,17.5,98.0,17850,VDD_IN,30238,8392,8198,17587,17850,4013,4190,3.0,3.0,4.0,2.0,92.0,1.0,64.0,65.5,63.937,63.093,63.156,65.5
08-11-2026 17:51:03,7127,7607,1412,16384,20.0,98.0,17732,VDD_IN,29965,8391,7964,17587,17732,4013,4269,17.0,5.0,4.0,2.0,92.0,0.0,64.031,65.406,64.0,62.843,63.312,65.406
08-11-2026 17:51:04,7127,7607,1412,16384,17.166666666666668,99.0,17615,VDD_IN,29809,8390,7964,17587,17615,4014,4230,2.0,5.0,3.0,1.0,92.0,0.0,64.343,65.031,63.843,62.843,63.25,65.031
08-11-2026 17:51:05,7127,7607,1412,16384,16.833333333333332,99.0,17575,VDD_IN,30047,8390,8432,17587,17575,4014,4040,2.0,2.0,1.0,2.0,93.0,1.0,64.312,65.562,63.875,62.843,63.187,65.562
08-11-2026 17:51:06,7127,7607,1412,16384,16.5,99.0,17654,VDD_IN,30204,8391,8549,17587,17654,4014,4001,1.0,1.0,2.0,2.0,92.0,1.0,64.031,65.843,63.875,62.968,63.093,65.843
08-11-2026 17:51:07,7127,7607,1412,16384,16.666666666666668,99.0,18125,VDD_IN,31021,8391,8823,17588,18125,4014,4073,2.0,2.0,1.0,2.0,92.0,1.0,64.093,66.093,64.031,62.843,63.281,66.093
08-11-2026 17:51:08,7129,7607,1412,16384,21.333333333333332,97.0,17929,VDD_IN,30785,8392,8940,17589,17929,4014,3916,10.0,2.0,9.0,8.0,97.0,2.0,64.0,65.468,63.812,62.812,63.125,65.468
08-11-2026 17:51:09,7129,7607,1412,16384,17.333333333333332,98.0,17889,VDD_IN,30706,8393,8862,17589,17889,4013,3955,3.0,2.0,3.0,1.0,95.0,0.0,64.062,65.531,63.875,62.875,63.25,65.531
08-11-2026 17:51:10,7129,7607,1412,16384,16.5,98.0,17889,VDD_IN,30628,8394,8784,17590,17889,4013,3955,1.0,1.0,3.0,2.0,92.0,0.0,64.312,65.437,63.906,62.968,63.187,65.437
08-11-2026 17:51:11,7129,7607,1412,16384,16.5,98.0,17889,VDD_IN,30668,8394,8784,17590,17889,4013,3995,2.0,1.0,2.0,1.0,92.0,1.0,63.968,65.718,63.875,62.968,63.281,65.718
08-11-2026 17:51:12,7129,7607,1412,16384,17.0,98.0,17850,VDD_IN,30511,8395,8666,17591,17850,4013,3995,1.0,2.0,2.0,2.0,93.0,2.0,64.031,65.625,63.937,62.843,63.25,65.625
08-11-2026 17:51:13,7134,7607,1412,16384,21.5,98.0,18007,VDD_IN,30864,8396,8823,17592,18007,4013,4034,18.0,5.0,5.0,6.0,92.0,3.0,64.031,65.75,63.875,62.843,63.187,65.75
08-11-2026 17:51:14,7134,7607,1412,16384,16.0,98.0,17811,VDD_IN,30433,8396,8588,17592,17811,4013,4034,2.0,2.0,0.0,0.0,92.0,0.0,64.062,65.75,63.875,62.906,63.25,65.75
08-11-2026 17:51:15,7133,7607,1412,16384,17.666666666666668,97.0,17811,VDD_IN,30394,8396,8510,17592,17811,4013,4073,3.0,3.0,5.0,1.0,92.0,2.0,64.406,65.75,63.906,62.937,63.25,65.75
08-11-2026 17:51:16,7134,7607,1412,16384,16.5,98.0,17811,VDD_IN,30316,8396,8393,17593,17811,4014,4112,2.0,2.0,2.0,0.0,92.0,1.0,63.875,65.593,63.937,63.031,63.281,65.593
08-11-2026 17:51:17,7134,7607,1412,16384,16.5,98.0,17732,VDD_IN,30120,8396,8237,17593,17732,4014,4151,1.0,2.0,1.0,2.0,92.0,1.0,63.937,65.468,64.031,62.812,63.218,65.468
08-11-2026 17:51:18,7134,7607,1412,16384,19.5,98.0,17850,VDD_IN,30316,8396,8276,17593,17850,4014,4190,5.0,11.0,2.0,4.0,93.0,2.0,64.156,65.468,63.843,62.906,63.125,65.468
08-11-2026 17:51:19,7135,7607,1412,16384,18.333333333333332,98.0,17732,VDD_IN,30004,8395,8003,17594,17732,4015,4269,3.0,7.0,5.0,3.0,92.0,0.0,64.218,65.468,63.906,62.875,63.25,65.468
08-11-2026 17:51:20,7135,7607,1412,16384,16.666666666666668,99.0,17575,VDD_IN,29776,8394,7964,17594,17575,4015,4237,2.0,1.0,2.0,2.0,92.0,1.0,64.562,65.218,63.937,63.0,63.281,65.218
08-11-2026 17:51:21,7135,7607,1412,16384,16.833333333333332,99.0,17604,VDD_IN,30076,8394,8471,17594,17604,4015,4001,2.0,2.0,2.0,2.0,92.0,1.0,64.031,65.625,64.0,62.843,63.312,65.625
08-11-2026 17:51:22,7135,7607,1412,16384,16.0,99.0,17654,VDD_IN,30237,8395,8549,17594,17654,4015,4034,1.0,0.0,0.0,2.0,92.0,1.0,64.031,65.75,63.843,62.937,63.218,65.75
08-11-2026 17:51:23,7135,7607,1412,16384,16.666666666666668,99.0,18125,VDD_IN,31060,8396,8862,17595,18125,4015,4073,3.0,1.0,1.0,1.0,92.0,2.0,64.218,65.875,63.843,62.906,63.281,65.718
08-11-2026 17:51:24,7128,7607,1412,16384,22.666666666666668,97.0,17929,VDD_IN,30824,8396,8940,17595,17929,4015,3955,13.0,5.0,11.0,8.0,98.0,1.0,63.906,65.625,63.875,62.937,63.25,65.625
08-11-2026 17:51:25,7127,7607,1412,16384,16.666666666666668,98.0,17889,VDD_IN,30706,8397,8862,17596,17889,4015,3955,0.0,1.0,2.0,1.0,94.0,2.0,64.156,65.656,63.906,63.031,63.281,65.656
08-11-2026 17:51:26,7127,7607,1412,16384,17.333333333333332,98.0,17929,VDD_IN,30708,8398,8784,17596,17929,4015,3995,2.0,1.0,5.0,2.0,93.0,1.0,64.062,65.656,64.062,62.906,63.25,65.656
08-11-2026 17:51:27,7127,7607,1412,16384,16.5,98.0,17889,VDD_IN,30707,8399,8823,17597,17889,4015,3995,1.0,2.0,0.0,3.0,92.0,1.0,64.062,65.625,63.843,62.875,63.156,65.625
08-11-2026 17:51:28,7127,7607,1412,16384,16.833333333333332,98.0,17850,VDD_IN,30511,8399,8666,17597,17850,4015,3995,4.0,0.0,2.0,1.0,93.0,1.0,64.156,65.843,63.906,63.0,63.156,65.843
08-11-2026 17:51:29,7132,7607,1412,16384,21.833333333333332,98.0,18007,VDD_IN,30810,8400,8769,17598,18007,4015,4034,5.0,11.0,4.0,19.0,91.0,1.0,63.937,65.906,63.906,63.0,63.218,65.906
08-11-2026 17:51:30,7132,7607,1412,16384,16.833333333333332,98.0,17889,VDD_IN,30511,8400,8588,17598,17889,4015,4034,3.0,2.0,1.0,2.0,93.0,0.0,63.968,65.906,63.968,62.906,63.312,65.906
08-11-2026 17:51:31,7132,7607,1412,16384,16.5,97.0,17772,VDD_IN,30316,8400,8471,17599,17772,4015,4073,3.0,0.0,2.0,1.0,92.0,1.0,64.125,65.875,63.906,62.937,63.25,65.875
08-11-2026 17:51:32,7132,7607,1412,16384,16.333333333333332,98.0,17811,VDD_IN,30355,8400,8432,17599,17811,4015,4112,3.0,2.0,0.0,1.0,92.0,0.0,64.25,65.468,63.906,62.906,63.281,65.687
08-11-2026 17:51:33,7132,7607,1412,16384,16.5,98.0,17772,VDD_IN,30160,8400,8237,17599,17772,4015,4151,2.0,1.0,3.0,0.0,92.0,1.0,64.125,65.593,64.031,62.968,63.25,65.593
08-11-2026 17:51:34,7136,7607,1412,16384,21.5,98.0,18007,VDD_IN,30551,8400,8354,17600,18007,4016,4190,5.0,4.0,6.0,19.0,93.0,2.0,64.187,65.687,64.062,63.187,63.312,65.687
08-11-2026 17:51:35,7137,7607,1412,16384,16.833333333333332,98.0,17732,VDD_IN,29965,8399,7964,17600,17732,4016,4269,2.0,1.0,1.0,3.0,92.0,2.0,64.156,65.593,64.062,62.875,63.343,65.593
08-11-2026 17:51:36,7137,7607,1412,16384,16.333333333333332,99.0,17615,VDD_IN,29770,8398,7886,17600,17615,4017,4269,1.0,1.0,1.0,2.0,92.0,1.0,64.406,64.906,63.937,62.937,63.312,64.906
08-11-2026 17:51:37,7136,7607,1412,16384,17.166666666666668,99.0,17615,VDD_IN,30087,8398,8432,17600,17615,4017,4040,1.0,1.0,5.0,2.0,93.0,1.0,64.343,65.468,63.937,63.031,63.375,65.468
08-11-2026 17:51:38,7136,7607,1412,16384,16.5,99.0,17654,VDD_IN,30204,8399,8549,17600,17654,4017,4001,1.0,1.0,1.0,3.0,92.0,1.0,64.156,65.437,64.031,63.093,63.218,65.437
08-11-2026 17:51:39,7136,7607,1412,16384,17.333333333333332,99.0,18164,VDD_IN,31099,8399,8823,17601,18164,4017,4112,3.0,5.0,2.0,1.0,92.0,1.0,64.5,65.687,63.875,63.062,63.281,65.687
08-11-2026 17:51:40,7137,7607,1412,16384,22.833333333333332,97.0,17889,VDD_IN,30706,8400,8862,17602,17889,4017,3955,7.0,10.0,4.0,15.0,98.0,3.0,64.062,65.593,64.031,62.937,63.156,65.593
08-11-2026 17:51:41,7137,7607,1412,16384,17.166666666666668,98.0,17968,VDD_IN,30824,8401,8901,17602,17968,4016,3955,3.0,1.0,3.0,1.0,95.0,0.0,64.125,65.625,63.906,63.0,63.343,65.625
08-11-2026 17:51:42,7137,7607,1412,16384,16.333333333333332,98.0,17889,VDD_IN,30668,8402,8784,17603,17889,4016,3995,1.0,1.0,1.0,2.0,92.0,1.0,64.468,65.812,63.937,62.968,63.218,65.812
08-11-2026 17:51:43,7137,7607,1412,16384,16.166666666666668,97.0,17889,VDD_IN,30668,8402,8784,17603,17889,4016,3995,2.0,1.0,2.0,1.0,91.0,0.0,63.968,65.843,64.031,63.031,63.218,65.843
08-11-2026 17:51:44,7137,7607,1412,16384,16.166666666666668,97.0,17850,VDD_IN,30550,8403,8705,17604,17850,4016,3995,2.0,1.0,1.0,1.0,91.0,1.0,64.031,65.843,64.0,62.875,63.312,65.843
08-11-2026 17:51:45,7134,7607,1412,16384,22.0,98.0,17968,VDD_IN,30786,8403,8784,17604,17968,4016,4034,8.0,18.0,4.0,6.0,93.0,3.0,64.093,65.812,63.937,62.968,63.312,65.812
08-11-2026 17:51:46,7133,7607,1412,16384,16.5,98.0,17850,VDD_IN,30472,8404,8588,17605,17850,4016,4034,3.0,0.0,2.0,1.0,92.0,1.0,64.031,65.687,63.906,63.0,63.25,65.687
08-11-2026 17:51:47,7134,7607,1412,16384,16.833333333333332,97.0,17772,VDD_IN,30316,8404,8471,17605,17772,4017,4073,3.0,1.0,2.0,2.0,92.0,1.0,64.343,65.531,64.062,63.0,63.218,65.531
08-11-2026 17:51:48,7134,7607,1412,16384,17.166666666666668,98.0,17850,VDD_IN,30394,8404,8432,17606,17850,4017,4112,6.0,1.0,2.0,2.0,92.0,0.0,64.0,65.656,64.062,63.062,63.375,65.656
08-11-2026 17:51:49,7134,7607,1412,16384,16.833333333333332,99.0,17772,VDD_IN,30160,8404,8237,17606,17772,4017,4151,3.0,2.0,1.0,1.0,93.0,1.0,64.093,65.812,63.937,62.875,63.218,65.812
08-11-2026 17:51:50,7136,7607,1412,16384,21.5,97.0,17929,VDD_IN,30434,8403,8315,17606,17929,4017,4190,4.0,10.0,2.0,18.0,92.0,3.0,64.281,65.875,63.937,62.937,63.312,65.875
08-11-2026 17:51:51,7136,7607,1412,16384,16.333333333333332,98.0,17732,VDD_IN,29965,8403,8003,17607,17732,4018,4230,0.0,1.0,1.0,3.0,92.0,1.0,64.062,65.812,63.968,62.968,63.25,65.812
08-11-2026 17:51:52,7136,7607,1412,16384,17.0,99.0,17575,VDD_IN,29737,8402,7925,17606,17575,4018,4237,3.0,2.0,2.0,1.0,92.0,2.0,64.281,65.343,64.062,63.156,63.375,65.343
08-11-2026 17:51:53,7136,7607,1412,16384,16.5,99.0,17575,VDD_IN,30047,8402,8471,17606,17575,4018,4001,1.0,1.0,2.0,2.0,92.0,1.0,64.0,65.593,64.093,62.968,63.375,65.593
08-11-2026 17:51:54,7136,7607,1412,16384,16.333333333333332,99.0,17693,VDD_IN,30276,8402,8588,17607,17693,4018,3995,2.0,1.0,2.0,0.0,92.0,1.0,64.031,65.625,63.937,62.937,63.281,65.625
08-11-2026 17:51:55,7137,7607,1412,16384,17.166666666666668,99.0,18203,VDD_IN,31240,8403,8925,17608,18203,4018,4112,3.0,5.0,0.0,2.0,92.0,1.0,64.406,65.843,63.968,62.968,63.343,65.843
08-11-2026 17:51:56,7136,7607,1412,16384,21.333333333333332,97.0,17929,VDD_IN,30824,8404,8940,17608,17929,4018,3955,4.0,6.0,12.0,6.0,98.0,2.0,64.031,65.781,64.0,63.093,63.343,65.781
08-11-2026 17:51:57,7137,7607,1412,16384,17.166666666666668,98.0,17968,VDD_IN,30785,8405,8862,17609,17968,4018,3955,4.0,2.0,1.0,2.0,94.0,0.0,64.25,65.75,64.031,63.156,63.437,65.75
08-11-2026 17:51:58,7137,7607,1412,16384,16.166666666666668,98.0,17889,VDD_IN,30668,8405,8784,17609,17889,4018,3995,2.0,2.0,1.0,1.0,91.0,0.0,64.156,65.718,64.093,62.937,63.218,65.718
08-11-2026 17:51:59,7137,7607,1412,16384,17.333333333333332,98.0,17929,VDD_IN,30747,8406,8823,17610,17929,4018,3995,2.0,3.0,5.0,1.0,92.0,1.0,64.156,65.718,64.0,62.968,63.343,65.718
08-11-2026 17:52:00,7137,7607,1412,16384,16.833333333333332,98.0,17889,VDD_IN,30589,8407,8705,17610,17889,4018,3995,2.0,3.0,1.0,3.0,92.0,0.0,64.25,65.531,63.937,63.031,63.218,65.531
08-11-2026 17:52:01,7135,7607,1412,16384,21.833333333333332,98.0,17968,VDD_IN,30746,8407,8744,17611,17968,4018,4034,15.0,14.0,5.0,4.0,92.0,1.0,64.031,65.656,64.031,63.0,63.25,65.656
08-11-2026 17:52:02,7135,7607,1412,16384,16.333333333333332,98.0,17850,VDD_IN,30511,8407,8588,17611,17850,4018,4073,2.0,1.0,0.0,2.0,92.0,1.0,64.062,65.625,64.125,63.031,63.343,65.625
08-11-2026 17:52:03,7135,7607,1412,16384,16.666666666666668,97.0,17811,VDD_IN,30355,8408,8471,17611,17811,4018,4073,0.0,2.0,2.0,3.0,93.0,0.0,64.125,65.531,64.062,62.906,63.218,65.531
08-11-2026 17:52:04,7135,7607,1412,16384,16.5,98.0,17850,VDD_IN,30355,8408,8393,17612,17850,4018,4112,1.0,2.0,2.0,1.0,92.0,1.0,64.125,65.812,63.968,62.968,63.281,65.812
08-11-2026 17:52:05,7135,7607,1412,16384,16.333333333333332,98.0,17811,VDD_IN,30238,8407,8276,17612,17811,4018,4151,2.0,1.0,0.0,3.0,92.0,0.0,64.156,65.75,63.968,63.0,63.281,65.75
08-11-2026 17:52:06,7136,7607,1412,16384,21.833333333333332,98.0,17968,VDD_IN,30473,8407,8315,17613,17968,4019,4190,18.0,8.0,3.0,9.0,93.0,0.0,64.031,65.781,63.968,63.062,63.218,65.781
08-11-2026 17:52:07,7137,7607,1412,16384,16.5,98.0,17772,VDD_IN,30005,8406,7964,17613,17772,4019,4269,1.0,2.0,1.0,2.0,92.0,1.0,64.125,65.656,64.062,62.906,63.281,65.656
08-11-2026 17:52:08,7137,7607,1412,16384,17.0,99.0,17615,VDD_IN,29809,8406,7964,17613,17615,4019,4230,3.0,2.0,2.0,3.0,92.0,0.0,64.437,65.281,63.875,62.937,63.281,65.281
08-11-2026 17:52:09,7137,7607,1412,16384,16.333333333333332,99.0,17615,VDD_IN,30126,8406,8471,17613,17615,4019,4040,1.0,1.0,1.0,2.0,92.0,1.0,64.156,65.718,63.937,62.812,63.218,65.718
08-11-2026 17:52:10,7137,7607,1412,16384,17.0,99.0,17693,VDD_IN,30282,8406,8588,17613,17693,4019,4001,1.0,5.0,1.0,2.0,92.0,1.0,64.25,65.531,64.0,62.968,63.343,65.531
08-11-2026 17:52:11,7138,7607,1412,16384,19.5,99.0,18282,VDD_IN,31319,8407,8925,17614,18282,4019,4112,6.0,4.0,9.0,3.0,92.0,3.0,64.468,65.718,64.031,62.937,63.437,65.718
08-11-2026 17:52:12,7138,7607,1412,16384,18.833333333333332,97.0,17889,VDD_IN,30706,8408,8862,17615,17889,4019,3955,1.0,4.0,6.0,4.0,97.0,1.0,64.156,65.843,63.843,62.968,63.312,65.843
08-11-2026 17:52:13,7138,7607,1412,16384,17.333333333333332,98.0,17929,VDD_IN,30785,8409,8901,17615,17929,4019,3955,4.0,1.0,2.0,2.0,94.0,1.0,64.156,65.875,63.937,62.937,63.281,65.875
08-11-2026 17:52:14,7139,7607,1412,16384,16.833333333333332,99.0,17850,VDD_IN,30589,8409,8784,17615,17850,4019,3955,2.0,2.0,2.0,2.0,92.0,1.0,64.5,65.531,63.968,62.937,63.281,65.531
08-11-2026 17:52:15,7140,7607,1412,16384,16.833333333333332,98.0,17811,VDD_IN,30510,8410,8744,17616,17811,4019,3955,1.0,5.0,1.0,1.0,93.0,0.0,64.125,65.5,64.031,62.875,63.281,65.5
08-11-2026 17:52:16,7140,7607,1412,16384,16.5,98.0,17811,VDD_IN,30472,8410,8666,17616,17811,4019,3995,2.0,1.0,2.0,2.0,92.0,0.0,64.125,65.5,63.906,62.937,63.218,65.5
08-11-2026 17:52:17,7140,7607,1412,16384,22.166666666666668,97.0,17850,VDD_IN,30511,8410,8666,17616,17850,4019,3995,5.0,19.0,6.0,8.0,93.0,2.0,64.25,65.75,63.968,62.968,63.25,65.75
08-11-2026 17:52:18,7141,7607,1412,16384,16.5,97.0,17693,VDD_IN,30237,8411,8510,17617,17693,4019,4034,2.0,2.0,0.0,3.0,92.0,0.0,63.968,65.656,63.937,62.968,63.281,65.656
08-11-2026 17:52:19,7141,7607,1412,16384,17.0,97.0,17654,VDD_IN,30081,8411,8393,17617,17654,4019,4034,3.0,2.0,1.0,4.0,92.0,0.0,64.437,65.656,64.031,63.156,63.25,65.656
08-11-2026 17:52:20,7142,7607,1412,16384,16.833333333333332,98.0,17693,VDD_IN,30120,8410,8354,17617,17693,4019,4073,3.0,2.0,1.0,2.0,92.0,1.0,64.031,65.812,64.062,62.906,63.25,65.812
08-11-2026 17:52:21,7142,7607,1412,16384,17.5,99.0,17615,VDD_IN,29886,8410,8159,17617,17615,4019,4112,6.0,1.0,1.0,3.0,93.0,1.0,64.062,65.781,63.968,63.0,63.156,65.781
08-11-2026 17:52:22,7146,7607,1412,16384,21.5,98.0,17772,VDD_IN,30121,8410,8159,17617,17772,4019,4190,7.0,19.0,3.0,8.0,92.0,0.0,64.25,65.75,63.968,63.0,63.312,65.75
08-11-2026 17:52:23,7147,7607,1412,16384,16.666666666666668,98.0,17526,VDD_IN,29571,8409,7808,17617,17526,4020,4237,1.0,2.0,2.0,3.0,92.0,0.0,64.156,65.437,63.968,63.031,63.25,65.437
08-11-2026 17:52:24,7147,7607,1412,16384,16.833333333333332,99.0,17486,VDD_IN,29608,8408,7925,17617,17486,4020,4197,2.0,2.0,1.0,3.0,93.0,0.0,64.343,65.093,64.031,63.156,63.312,65.093
08-11-2026 17:52:25,7148,7607,1412,16384,16.666666666666668,99.0,17526,VDD_IN,29920,8408,8393,17616,17526,4020,4001,2.0,2.0,2.0,2.0,92.0,0.0,64.218,65.625,64.062,63.0,63.312,65.625
08-11-2026 17:52:26,7148,7607,1412,16384,17.0,99.0,17536,VDD_IN,30008,8408,8471,17616,17536,4020,4001,2.0,2.0,2.0,3.0,93.0,0.0,64.062,65.625,63.906,62.937,63.312,65.625
08-11-2026 17:52:27,7137,7607,1412,16384,21.166666666666668,99.0,18203,VDD_IN,31294,8409,9018,17617,18203,4020,4073,7.0,4.0,8.0,17.0,91.0,0.0,64.75,65.812,63.906,63.062,63.281,65.812
08-11-2026 17:52:28,7138,7607,1412,16384,18.0,97.0,17811,VDD_IN,30550,8410,8823,17618,17811,4020,3916,2.0,2.0,2.0,3.0,99.0,0.0,64.0,65.781,63.937,63.093,63.312,65.781
08-11-2026 17:52:29,7138,7607,1412,16384,16.833333333333332,98.0,17811,VDD_IN,30510,8410,8744,17618,17811,4020,3955,2.0,2.0,3.0,1.0,93.0,0.0,64.281,65.843,64.031,63.062,63.343,65.593
08-11-2026 17:52:30,7139,7607,1412,16384,16.666666666666668,97.0,17732,VDD_IN,30392,8411,8705,17618,17732,4020,3955,2.0,3.0,1.0,2.0,92.0,0.0,64.093,65.531,64.062,62.937,63.375,65.531
08-11-2026 17:52:31,7139,7607,1412,16384,16.666666666666668,98.0,17772,VDD_IN,30432,8411,8705,17618,17772,4020,3955,2.0,3.0,1.0,2.0,92.0,0.0,64.093,65.625,64.0,62.968,63.281,65.625
08-11-2026 17:52:32,7140,7607,1412,16384,17.0,99.0,17693,VDD_IN,30321,8411,8627,17618,17693,4020,4001,2.0,3.0,2.0,3.0,92.0,0.0,64.156,65.687,64.0,63.0,63.343,65.687
08-11-2026 17:52:33,7141,7607,1412,16384,21.333333333333332,98.0,17811,VDD_IN,30472,8412,8666,17619,17811,4020,3995,17.0,6.0,7.0,6.0,92.0,0.0,64.031,65.718,64.031,63.093,63.218,65.718
08-11-2026 17:52:34,7142,7607,1412,16384,17.0,98.0,17693,VDD_IN,30237,8412,8510,17619,17693,4020,4034,4.0,2.0,2.0,1.0,93.0,0.0,64.093,65.625,64.062,63.187,63.343,65.625
08-11-2026 17:52:35,7142,7607,1412,16384,16.5,98.0,17732,VDD_IN,30198,8412,8432,17619,17732,4020,4034,2.0,2.0,1.0,2.0,92.0,0.0,64.062,65.875,63.968,62.937,63.281,65.875
08-11-2026 17:52:36,7143,7607,1412,16384,16.666666666666668,98.0,17693,VDD_IN,30120,8412,8315,17619,17693,4020,4112,2.0,1.0,3.0,2.0,92.0,0.0,64.312,65.812,64.0,62.937,63.187,65.812
08-11-2026 17:52:37,7143,7607,1412,16384,16.666666666666668,98.0,17654,VDD_IN,29971,8411,8159,17619,17654,4020,4158,2.0,2.0,2.0,1.0,93.0,0.0,64.25,65.781,64.031,63.0,63.25,65.781
08-11-2026 17:52:38,7147,7607,1412,16384,21.166666666666668,98.0,17811,VDD_IN,30199,8411,8198,17619,17811,4020,4190,3.0,18.0,5.0,9.0,92.0,0.0,64.093,65.812,64.031,63.0,63.312,65.812
08-11-2026 17:52:39,7148,7607,1412,16384,17.166666666666668,98.0,17654,VDD_IN,29809,8410,7925,17619,17654,4021,4230,1.0,2.0,5.0,3.0,92.0,0.0,64.125,65.656,64.062,62.968,63.343,65.656
08-11-2026 17:52:40,7148,7607,1412,16384,16.5,99.0,17575,VDD_IN,29698,8410,7886,17619,17575,4021,4237,3.0,1.0,1.0,1.0,93.0,0.0,64.437,65.0,63.937,63.062,63.343,65.0
08-11-2026 17:52:41,7149,7607,1412,16384,16.666666666666668,99.0,17526,VDD_IN,29881,8410,8354,17619,17526,4021,4001,3.0,2.0,2.0,1.0,92.0,0.0,64.406,65.5,64.0,62.968,63.343,65.5
08-11-2026 17:52:42,7149,7607,1412,16384,16.5,99.0,17575,VDD_IN,30047,8410,8471,17619,17575,4021,4001,2.0,1.0,2.0,2.0,92.0,0.0,64.187,65.562,64.0,63.031,63.281,65.562
08-11-2026 17:52:43,7150,7607,1412,16384,22.0,99.0,18242,VDD_IN,31279,8410,8964,17620,18242,4021,4073,5.0,10.0,17.0,6.0,91.0,3.0,64.218,65.75,63.968,63.187,63.406,65.75
08-11-2026 17:52:44,7150,7607,1412,16384,17.833333333333332,97.0,17811,VDD_IN,30589,8411,8862,17620,17811,4021,3916,3.0,3.0,2.0,1.0,98.0,0.0,64.093,65.718,64.062,62.968,63.437,65.718
08-11-2026 17:52:45,7151,7607,1412,16384,16.833333333333332,98.0,17811,VDD_IN,30589,8412,8823,17621,17811,4021,3955,2.0,0.0,3.0,2.0,94.0,0.0,64.125,65.781,63.937,62.937,63.218,65.781
08-11-2026 17:52:46,7151,7607,1412,16384,17.166666666666668,98.0,17811,VDD_IN,30510,8412,8744,17621,17811,4021,3955,3.0,3.0,2.0,2.0,93.0,0.0,64.343,66.031,63.968,63.0,63.25,66.031
08-11-2026 17:52:47,7152,7607,1412,16384,16.833333333333332,98.0,17811,VDD_IN,30510,8413,8744,17621,17811,4020,3955,2.0,2.0,3.0,2.0,92.0,0.0,64.218,66.031,64.062,63.062,63.312,66.031
08-11-2026 17:52:48,7152,7607,1412,16384,16.5,98.0,17811,VDD_IN,30472,8413,8666,17622,17811,4020,3995,1.0,1.0,3.0,2.0,92.0,0.0,64.406,65.625,64.062,63.093,63.281,65.625
08-11-2026 17:52:49,7155,7607,1412,16384,20.833333333333332,97.0,17850,VDD_IN,30511,8414,8666,17622,17850,4020,3995,8.0,5.0,15.0,5.0,92.0,0.0,63.968,65.562,64.0,62.875,63.312,65.562
08-11-2026 17:52:50,7155,7607,1412,16384,16.666666666666668,98.0,17732,VDD_IN,30315,8414,8549,17622,17732,4020,4034,2.0,2.0,2.0,1.0,93.0,0.0,64.156,65.593,63.937,62.906,63.187,65.593
08-11-2026 17:52:51,7155,7607,1412,16384,17.166666666666668,98.0,17693,VDD_IN,30198,8414,8432,17622,17693,4020,4073,4.0,2.0,2.0,3.0,92.0,0.0,64.218,65.468,63.937,62.906,63.281,65.468
08-11-2026 17:52:52,7155,7607,1412,16384,16.333333333333332,98.0,17772,VDD_IN,30238,8414,8393,17622,17772,4021,4073,2.0,2.0,1.0,1.0,92.0,0.0,64.031,65.718,63.937,62.968,63.125,65.718
08-11-2026 17:52:53,7156,7607,1412,16384,16.833333333333332,98.0,17693,VDD_IN,30003,8413,8198,17623,17693,4021,4112,3.0,2.0,2.0,1.0,93.0,0.0,64.312,65.656,63.906,63.093,63.25,65.656
08-11-2026 17:52:54,7159,7607,1412,16384,22.833333333333332,98.0,17772,VDD_IN,30199,8413,8237,17623,17772,4021,4190,6.0,12.0,9.0,18.0,92.0,0.0,64.031,65.718,63.968,62.906,63.125,65.718
08-11-2026 17:52:55,7159,7607,1412,16384,16.333333333333332,98.0,17615,VDD_IN,29777,8412,7925,17623,17615,4021,4237,2.0,2.0,0.0,2.0,92.0,0.0,64.125,65.593,63.843,62.843,63.25,65.593
08-11-2026 17:52:56,7159,7607,1412,16384,17.166666666666668,99.0,17526,VDD_IN,29610,8412,7847,17623,17526,4022,4237,3.0,2.0,2.0,3.0,93.0,0.0,64.531,64.875,63.875,62.906,63.187,64.875
08-11-2026 17:52:57,7158,7607,1412,16384,16.666666666666668,99.0,17526,VDD_IN,29920,8411,8354,17622,17526,4022,4040,2.0,3.0,2.0,2.0,91.0,0.0,64.093,65.281,63.875,62.968,63.218,65.281
08-11-2026 17:52:58,7159,7607,1412,16384,17.0,99.0,17536,VDD_IN,30047,8412,8510,17622,17536,4022,4001,6.0,2.0,1.0,1.0,92.0,0.0,63.906,65.406,63.937,62.875,63.218,65.406
08-11-2026 17:52:59,7159,7607,1412,16384,21.333333333333332,99.0,18242,VDD_IN,31240,8412,8886,17623,18242,4022,4112,9.0,17.0,6.0,4.0,92.0,0.0,64.062,65.531,63.968,62.937,63.281,65.531
08-11-2026 17:53:00,7159,7607,1412,16384,17.5,97.0,17772,VDD_IN,30511,8413,8823,17623,17772,4022,3916,2.0,2.0,1.0,2.0,98.0,0.0,64.156,65.531,63.875,62.843,63.187,65.531
08-11-2026 17:53:01,7159,7607,1412,16384,16.5,98.0,17850,VDD_IN,30667,8414,8862,17624,17850,4021,3955,94.0,1.0,3.0,1.0,0.0,0.0,64.531,65.656,63.875,62.937,63.343,65.656
08-11-2026 17:53:02,7159,7607,1412,16384,16.166666666666668,98.0,17811,VDD_IN,30510,8414,8744,17624,17811,4021,3955,93.0,0.0,3.0,1.0,0.0,0.0,64.031,65.812,63.968,62.968,63.406,65.812
08-11-2026 17:53:03,7159,7607,1412,16384,16.166666666666668,97.0,17850,VDD_IN,30589,8415,8784,17624,17850,4021,3955,92.0,2.0,1.0,2.0,0.0,0.0,64.125,65.906,64.0,63.031,63.5,65.906
08-11-2026 17:53:04,7160,7607,1412,16384,18.333333333333332,98.0,17929,VDD_IN,30708,8415,8784,17625,17929,4021,3995,92.0,12.0,3.0,3.0,0.0,0.0,64.312,65.875,64.0,62.875,63.437,65.875
08-11-2026 17:53:05,7160,7607,1412,16384,18.5,97.0,17850,VDD_IN,30472,8415,8627,17625,17850,4021,3995,10.0,0.0,7.0,2.0,90.0,2.0,64.062,65.843,63.968,62.906,63.187,65.843
08-11-2026 17:53:06,7161,7607,1412,16384,17.166666666666668,98.0,17811,VDD_IN,30394,8416,8549,17625,17811,4021,4034,3.0,2.0,4.0,1.0,93.0,0.0,64.25,65.812,63.812,62.968,63.093,65.812
08-11-2026 17:53:07,7161,7607,1412,16384,16.333333333333332,97.0,17732,VDD_IN,30237,8416,8432,17626,17732,4021,4073,1.0,2.0,3.0,0.0,92.0,0.0,64.093,65.781,63.937,63.0,63.25,65.781
08-11-2026 17:53:08,7162,7607,1412,16384,16.833333333333332,98.0,17693,VDD_IN,30166,8416,8393,17626,17693,4021,4080,3.0,2.0,2.0,2.0,92.0,0.0,63.937,65.843,63.906,62.843,63.343,65.843
08-11-2026 17:53:09,7162,7607,1412,16384,16.666666666666668,98.0,17693,VDD_IN,30042,8415,8198,17626,17693,4022,4151,3.0,2.0,3.0,0.0,92.0,0.0,63.968,65.531,64.031,62.812,63.125,65.531
08-11-2026 17:53:10,7164,7607,1412,16384,21.833333333333332,98.0,17811,VDD_IN,30199,8415,8198,17626,17811,4022,4190,9.0,12.0,10.0,7.0,93.0,0.0,64.031,65.531,63.812,62.875,63.187,65.531
08-11-2026 17:53:11,7165,7607,1412,16384,16.666666666666668,98.0,17654,VDD_IN,29848,8414,7964,17626,17654,4022,4230,2.0,2.0,3.0,2.0,91.0,0.0,64.312,65.468,63.937,62.937,63.218,65.468
08-11-2026 17:53:12,7165,7607,1412,16384,16.5,99.0,17575,VDD_IN,29659,8413,7808,17626,17575,4022,4276,4.0,0.0,2.0,2.0,91.0,0.0,64.218,64.906,63.875,62.937,63.312,64.906
08-11-2026 17:53:13,7166,7607,1412,16384,16.833333333333332,99.0,17536,VDD_IN,29970,8413,8354,17626,17536,4023,4080,3.0,2.0,1.0,2.0,93.0,0.0,64.125,65.468,64.031,62.843,63.312,65.468
08-11-2026 17:53:14,7166,7607,1412,16384,16.666666666666668,99.0,17536,VDD_IN,30047,8414,8549,17626,17536,4022,3962,2.0,2.0,2.0,2.0,92.0,0.0,63.906,65.468,64.0,62.937,63.187,65.468
08-11-2026 17:53:15,7170,7607,1412,16384,22.333333333333332,99.0,18125,VDD_IN,31060,8414,8862,17627,18125,4023,4073,7.0,4.0,19.0,13.0,91.0,0.0,64.156,65.718,63.843,62.937,63.343,65.718
08-11-2026 17:53:16,7170,7607,1412,16384,17.5,98.0,17732,VDD_IN,30431,8415,8744,17627,17732,4022,3955,2.0,1.0,3.0,2.0,97.0,0.0,64.187,65.468,63.906,62.875,63.187,65.468
08-11-2026 17:53:17,7170,7607,1412,16384,17.166666666666668,98.0,17889,VDD_IN,30706,8415,8862,17627,17889,4022,3955,2.0,2.0,1.0,3.0,95.0,0.0,63.937,65.593,63.906,63.031,63.281,65.593
08-11-2026 17:53:18,7171,7607,1412,16384,17.0,98.0,17850,VDD_IN,30549,8416,8744,17627,17850,4022,3955,4.0,2.0,1.0,2.0,93.0,0.0,64.031,65.562,64.062,62.812,63.312,65.562
08-11-2026 17:53:19,7172,7607,1412,16384,16.5,98.0,17811,VDD_IN,30550,8416,8784,17628,17811,4022,3955,3.0,0.0,3.0,1.0,92.0,0.0,64.031,65.656,63.968,62.875,63.218,65.656
08-11-2026 17:53:20,7173,7607,1412,16384,21.0,98.0,18046,VDD_IN,30903,8417,8862,17628,18046,4022,3995,8.0,5.0,4.0,17.0,92.0,0.0,64.218,65.718,63.875,62.812,63.218,65.718
08-11-2026 17:53:21,7173,7607,1412,16384,16.666666666666668,98.0,17811,VDD_IN,30511,8417,8705,17628,17811,4022,3995,2.0,2.0,2.0,2.0,92.0,0.0,64.187,65.75,63.906,62.906,63.312,65.75
08-11-2026 17:53:22,7174,7607,1412,16384,16.5,98.0,17811,VDD_IN,30433,8418,8588,17629,17811,4022,4034,2.0,2.0,1.0,2.0,92.0,0.0,63.968,65.812,63.906,63.0,63.25,65.812
08-11-2026 17:53:24,7175,7607,1412,16384,16.833333333333332,97.0,17732,VDD_IN,30237,8418,8432,17629,17732,4022,4073,3.0,3.0,1.0,2.0,92.0,0.0,64.031,65.718,64.031,62.906,63.312,65.718
08-11-2026 17:53:25,7175,7607,1412,16384,17.0,98.0,17732,VDD_IN,30198,8418,8354,17629,17732,4022,4112,2.0,1.0,4.0,2.0,93.0,0.0,64.031,65.75,63.906,62.875,63.156,65.75
08-11-2026 17:53:26,7176,7607,1412,16384,17.333333333333332,98.0,17732,VDD_IN,30120,8417,8237,17629,17732,4022,4151,4.0,3.0,3.0,2.0,92.0,0.0,64.031,65.562,63.875,62.937,63.281,65.562
08-11-2026 17:53:27,7156,7607,1412,16384,21.5,98.0,17772,VDD_IN,30121,8417,8159,17629,17772,4023,4190,4.0,8.0,18.0,7.0,91.0,1.0,64.125,65.562,63.906,62.906,63.312,65.562
08-11-2026 17:53:28,7157,7607,1412,16384,16.333333333333332,98.0,17654,VDD_IN,29809,8416,7925,17629,17654,4023,4230,3.0,1.0,1.0,0.0,93.0,0.0,64.0,65.406,63.937,62.937,63.218,65.406
08-11-2026 17:53:29,7158,7607,1412,16384,16.333333333333332,99.0,17565,VDD_IN,29649,8415,7808,17629,17565,4023,4276,1.0,0.0,2.0,3.0,92.0,0.0,64.375,64.937,63.968,62.843,63.281,64.937
08-11-2026 17:53:30,7158,7607,1412,16384,16.833333333333332,99.0,17536,VDD_IN,29970,8415,8354,17629,17536,4023,4080,4.0,1.0,3.0,1.0,92.0,0.0,64.093,65.375,63.812,62.875,63.25,65.375
08-11-2026 17:53:31,7159,7607,1412,16384,17.0,99.0,17615,VDD_IN,30165,8416,8588,17629,17615,4023,3962,2.0,2.0,4.0,2.0,92.0,0.0,64.218,65.75,63.875,63.0,63.187,65.75
08-11-2026 17:53:32,7166,7607,1412,16384,21.833333333333332,99.0,18046,VDD_IN,30903,8416,8784,17630,18046,4023,4073,6.0,7.0,21.0,8.0,89.0,0.0,64.25,65.937,64.0,62.937,63.218,65.937
08-11-2026 17:53:33,7166,7607,1412,16384,51.333333333333336,0.0,8996,VDD_IN,14276,8409,3095,17618,8996,4021,2185,64.0,49.0,61.0,48.0,43.0,43.0,63.875,63.312,63.593,62.687,62.593,63.875
08-11-2026 17:53:34,7193,7607,1412,16384,36.166666666666664,98.0,15822,VDD_IN,26839,8407,7520,17615,15822,4020,3497,98.0,25.0,24.0,25.0,23.0,22.0,63.5,65.281,63.593,62.625,62.718,65.281
08-11-2026 17:53:35,7193,7607,1412,16384,16.0,97.0,17683,VDD_IN,30233,8408,8588,17615,17683,4020,3962,92.0,1.0,2.0,1.0,0.0,0.0,63.937,65.531,63.593,62.656,62.968,65.531
08-11-2026 17:53:36,7195,7607,1412,16384,16.666666666666668,97.0,17811,VDD_IN,30433,8408,8588,17615,17811,4020,4034,92.0,1.0,2.0,5.0,0.0,0.0,63.875,65.75,63.656,62.718,63.031,65.75
08-11-2026 17:53:37,7200,7607,1412,16384,20.666666666666668,99.0,17968,VDD_IN,30668,8408,8627,17616,17968,4020,4073,93.0,5.0,7.0,9.0,10.0,0.0,64.125,65.187,63.718,62.781,63.218,65.187
08-11-2026 17:53:38,7200,7607,1412,16384,16.333333333333332,98.0,17811,VDD_IN,30355,8408,8432,17616,17811,4020,4112,92.0,3.0,2.0,1.0,0.0,0.0,63.812,65.312,63.687,62.875,63.125,65.312
08-11-2026 17:53:39,7200,7607,1412,16384,16.333333333333332,98.0,17693,VDD_IN,30088,8408,8237,17616,17693,4020,4158,74.0,2.0,2.0,2.0,18.0,0.0,63.781,65.312,63.687,62.656,63.062,65.312
08-11-2026 17:53:40,7200,7607,1412,16384,16.333333333333332,98.0,17693,VDD_IN,30010,8408,8120,17616,17693,4021,4197,1.0,0.0,3.0,2.0,92.0,0.0,63.843,65.406,63.812,62.812,63.062,65.406
08-11-2026 17:53:41,7200,7607,1412,16384,16.833333333333332,98.0,17654,VDD_IN,29887,8407,8003,17616,17654,4021,4230,2.0,2.0,1.0,3.0,93.0,0.0,64.281,65.312,63.718,62.718,63.062,65.312
08-11-2026 17:53:42,7203,7607,1412,16384,34.333333333333336,99.0,18242,VDD_IN,30943,8407,8471,17617,18242,4021,4230,48.0,13.0,23.0,14.0,74.0,34.0,64.312,64.906,63.718,62.812,63.187,64.781
08-11-2026 17:53:43,7195,7607,1412,16384,37.0,99.0,18164,VDD_IN,31177,8408,8979,17618,18164,4021,4034,37.0,79.0,10.0,14.0,65.0,17.0,63.875,65.25,63.718,62.687,63.125,65.25
08-11-2026 17:53:44,7201,7607,1412,16384,33.666666666666664,99.0,18282,VDD_IN,31373,8409,9096,17619,18282,4021,3995,7.0,29.0,67.0,7.0,92.0,0.0,64.031,65.375,63.937,62.718,63.187,65.375
08-11-2026 17:53:45,7201,7607,1412,16384,19.166666666666668,99.0,18085,VDD_IN,31044,8410,8964,17620,18085,4021,3995,2.0,16.0,1.0,3.0,93.0,0.0,63.937,65.531,63.656,62.781,63.062,65.531
08-11-2026 17:53:46,7203,7607,1412,16384,18.666666666666668,98.0,17889,VDD_IN,30745,8410,8901,17620,17889,4021,3955,3.0,3.0,5.0,2.0,99.0,0.0,64.062,65.406,63.75,62.812,63.031,65.406
08-11-2026 17:53:47,7203,7607,1412,16384,16.666666666666668,98.0,17850,VDD_IN,30589,8411,8784,17620,17850,4021,3955,3.0,1.0,2.0,1.0,93.0,0.0,64.0,65.343,63.75,62.812,63.062,65.343
08-11-2026 17:53:48,7202,7607,1411,16384,50.333333333333336,98.0,18722,VDD_IN,32305,8412,9588,17622,18722,4021,3995,48.0,49.0,45.0,32.0,76.0,52.0,64.062,65.75,63.843,62.718,63.187,65.75
08-11-2026 17:53:49,7203,7607,1411,16384,19.0,98.0,17968,VDD_IN,30786,8413,8823,17622,17968,4021,3995,3.0,11.0,6.0,2.0,92.0,0.0,63.875,65.656,63.843,62.781,63.062,65.656
08-11-2026 17:53:50,7203,7607,1411,16384,16.666666666666668,97.0,17811,VDD_IN,30433,8413,8627,17623,17811,4021,3995,1.0,4.0,2.0,1.0,92.0,0.0,64.031,65.562,63.718,62.812,63.031,65.562
08-11-2026 17:53:51,7203,7607,1411,16384,16.666666666666668,98.0,17850,VDD_IN,30511,8414,8627,17623,17850,4021,4034,2.0,2.0,3.0,1.0,92.0,0.0,64.093,65.75,63.812,62.812,63.062,65.75
08-11-2026 17:53:52,7204,7607,1411,16384,16.666666666666668,99.0,17772,VDD_IN,30355,8414,8510,17623,17772,4021,4073,3.0,2.0,2.0,1.0,92.0,0.0,64.093,65.625,63.875,62.875,63.031,65.625
08-11-2026 17:53:53,7206,7607,1411,16384,20.166666666666668,98.0,18007,VDD_IN,30746,8414,8627,17624,18007,4021,4112,20.0,4.0,4.0,1.0,92.0,0.0,63.968,65.718,63.75,62.812,63.125,65.718
08-11-2026 17:53:54,7208,7607,1411,16384,32.0,98.0,18282,VDD_IN,31256,8415,8823,17625,18282,4021,4151,67.0,21.0,5.0,8.0,91.0,0.0,64.093,65.5,63.968,62.75,63.125,65.5
08-11-2026 17:53:55,7208,7607,1411,16384,17.5,98.0,17811,VDD_IN,30277,8414,8276,17625,17811,4022,4190,6.0,2.0,1.0,2.0,92.0,2.0,64.125,65.437,63.843,62.812,63.093,65.437
08-11-2026 17:53:56,7208,7607,1411,16384,16.333333333333332,98.0,17693,VDD_IN,29965,8414,8042,17625,17693,4022,4230,3.0,1.0,1.0,1.0,92.0,0.0,64.187,65.343,63.843,62.906,63.093,65.343
08-11-2026 17:53:57,7209,7607,1411,16384,16.5,99.0,17654,VDD_IN,29770,8413,7847,17625,17654,4022,4269,0.0,3.0,2.0,2.0,92.0,0.0,64.093,65.062,63.781,62.75,63.093,65.062
08-11-2026 17:53:58,7202,7607,1411,16384,17.5,99.0,17615,VDD_IN,29971,8413,8237,17625,17615,4022,4119,5.0,5.0,1.0,1.0,93.0,0.0,64.093,65.281,63.843,62.718,63.218,65.281
08-11-2026 17:53:59,7205,7607,1411,16384,22.0,99.0,17654,VDD_IN,30237,8413,8588,17625,17654,4022,3995,10.0,9.0,14.0,7.0,92.0,0.0,64.031,65.906,63.781,62.75,63.062,65.906
08-11-2026 17:54:00,7206,7607,1411,16384,16.833333333333332,99.0,17811,VDD_IN,30550,8413,8705,17625,17811,4022,4034,4.0,2.0,2.0,1.0,92.0,0.0,63.937,65.843,63.718,62.843,63.125,65.843
08-11-2026 17:54:01,7206,7607,1411,16384,17.0,99.0,17850,VDD_IN,30628,8414,8823,17626,17850,4022,3955,4.0,1.0,2.0,0.0,95.0,0.0,64.187,65.343,63.843,62.875,63.125,65.343
08-11-2026 17:54:02,7204,7607,1411,16384,18.166666666666668,98.0,17889,VDD_IN,30706,8415,8862,17626,17889,4022,3955,2.0,2.0,4.0,3.0,98.0,0.0,63.843,65.406,63.937,62.75,63.093,65.406
08-11-2026 17:54:03,7205,7607,1411,16384,16.666666666666668,98.0,17850,VDD_IN,30589,8415,8784,17626,17850,4022,3955,4.0,2.0,1.0,1.0,92.0,0.0,63.937,65.375,63.906,62.75,63.062,65.375
08-11-2026 17:54:04,7209,7607,1411,16384,22.0,97.0,18007,VDD_IN,30863,8416,8901,17627,18007,4022,3955,4.0,7.0,9.0,19.0,92.0,1.0,64.031,65.625,63.75,62.812,63.062,65.625
08-11-2026 17:54:05,7210,7607,1411,16384,16.833333333333332,98.0,17850,VDD_IN,30589,8416,8744,17627,17850,4022,3995,2.0,1.0,1.0,1.0,92.0,4.0,64.0,65.687,63.843,62.812,63.031,65.687
08-11-2026 17:54:06,7212,7607,1411,16384,16.833333333333332,97.0,17811,VDD_IN,30472,8417,8627,17627,17811,4022,4034,2.0,3.0,2.0,2.0,92.0,0.0,64.156,65.562,63.812,62.875,63.218,65.562
08-11-2026 17:54:07,7210,7607,1411,16384,16.333333333333332,98.0,17850,VDD_IN,30511,8417,8627,17628,17850,4022,4034,2.0,2.0,1.0,1.0,92.0,0.0,63.906,65.562,63.875,62.812,63.218,65.562
08-11-2026 17:54:08,7211,7607,1411,16384,16.5,98.0,17811,VDD_IN,30394,8417,8510,17628,17811,4022,4073,3.0,3.0,0.0,1.0,92.0,0.0,64.0,65.468,63.718,62.812,63.062,65.468
08-11-2026 17:54:09,7213,7607,1411,16384,21.666666666666668,98.0,18046,VDD_IN,30785,8417,8627,17628,18046,4022,4112,8.0,4.0,8.0,18.0,92.0,0.0,64.125,65.5,63.843,62.843,63.156,65.5
08-11-2026 17:54:10,7213,7607,1411,16384,16.833333333333332,98.0,17811,VDD_IN,30277,8417,8315,17629,17811,4022,4151,4.0,2.0,2.0,1.0,92.0,0.0,63.937,65.375,63.875,62.875,63.156,65.375
08-11-2026 17:54:11,7214,7607,1411,16384,16.333333333333332,98.0,17772,VDD_IN,30121,8417,8198,17629,17772,4022,4151,2.0,2.0,2.0,1.0,91.0,0.0,63.937,65.5,63.937,62.812,63.25,65.5
08-11-2026 17:54:12,7211,7607,1411,16384,18.0,98.0,17772,VDD_IN,30122,8416,8120,17629,17772,4023,4230,4.0,4.0,2.0,4.0,93.0,1.0,64.062,65.375,63.968,62.875,63.125,65.375
08-11-2026 17:54:13,7212,7607,1411,16384,17.166666666666668,99.0,17615,VDD_IN,29731,8416,7808,17629,17615,4023,4308,5.0,1.0,1.0,4.0,92.0,0.0,64.343,65.25,63.906,62.812,63.156,65.25
08-11-2026 17:54:14,7212,7607,1411,16384,17.5,99.0,17615,VDD_IN,30049,8415,8354,17629,17615,4023,4080,4.0,2.0,4.0,3.0,92.0,0.0,64.625,65.375,63.906,62.906,63.093,65.375
08-11-2026 17:54:15,7215,7607,1411,16384,21.166666666666668,99.0,17615,VDD_IN,30204,8416,8627,17629,17615,4023,3962,6.0,12.0,11.0,5.0,93.0,0.0,63.812,65.687,63.875,62.968,63.218,65.687
08-11-2026 17:54:16,7217,7607,1411,16384,16.5,99.0,17968,VDD_IN,30825,8416,8784,17629,17968,4023,4073,0.0,4.0,1.0,2.0,92.0,0.0,64.0,65.875,64.062,62.968,63.312,65.875
08-11-2026 17:54:17,7215,7607,1411,16384,17.333333333333332,98.0,17811,VDD_IN,30510,8417,8744,17630,17811,4023,3955,2.0,3.0,1.0,3.0,95.0,0.0,64.031,65.437,63.968,62.843,63.093,65.437
08-11-2026 17:54:18,7216,7607,1411,16384,17.0,98.0,17929,VDD_IN,30746,8417,8862,17630,17929,4023,3955,1.0,1.0,2.0,1.0,97.0,0.0,64.187,65.593,63.718,62.812,63.093,65.593
08-11-2026 17:54:19,7216,7607,1411,16384,17.166666666666668,98.0,17889,VDD_IN,30667,8418,8823,17630,17889,4023,3955,3.0,2.0,3.0,3.0,92.0,0.0,64.125,65.531,63.843,62.937,63.187,65.531
08-11-2026 17:54:20,7218,7607,1411,16384,21.333333333333332,98.0,18007,VDD_IN,30903,8418,8901,17631,18007,4023,3995,7.0,4.0,8.0,17.0,92.0,0.0,63.875,65.593,63.875,62.968,63.218,65.593
08-11-2026 17:54:21,7218,7607,1411,16384,16.833333333333332,97.0,17889,VDD_IN,30628,8419,8744,17631,17889,4023,3995,3.0,2.0,2.0,2.0,92.0,0.0,63.968,65.875,63.968,62.75,63.062,65.875
08-11-2026 17:54:22,7219,7607,1411,16384,16.0,97.0,17811,VDD_IN,30472,8419,8627,17631,17811,4023,4034,0.0,2.0,1.0,1.0,92.0,0.0,64.093,65.75,63.781,62.843,63.187,65.75
08-11-2026 17:54:23,7219,7607,1411,16384,16.5,98.0,17850,VDD_IN,30511,8419,8627,17632,17850,4023,4034,1.0,3.0,1.0,2.0,92.0,0.0,64.156,65.875,63.843,62.875,63.156,65.875
08-11-2026 17:54:24,7219,7607,1411,16384,16.833333333333332,98.0,17811,VDD_IN,30394,8420,8510,17632,17811,4023,4073,3.0,3.0,2.0,1.0,92.0,0.0,63.843,65.562,63.843,62.968,63.156,65.562
08-11-2026 17:54:25,7219,7607,1411,16384,21.666666666666668,98.0,18007,VDD_IN,30746,8420,8627,17632,18007,4023,4112,3.0,12.0,3.0,20.0,92.0,0.0,63.906,65.625,63.937,62.812,63.187,65.625
08-11-2026 17:54:26,7219,7607,1411,16384,16.833333333333332,98.0,17811,VDD_IN,30277,8420,8354,17633,17811,4023,4112,2.0,2.0,2.0,3.0,92.0,0.0,63.937,65.593,63.843,62.843,63.187,65.593
08-11-2026 17:54:27,7220,7607,1411,16384,17.333333333333332,98.0,17732,VDD_IN,30081,8419,8198,17633,17732,4023,4151,2.0,5.0,2.0,2.0,93.0,0.0,64.031,65.437,63.843,62.875,63.218,65.437
08-11-2026 17:54:28,7220,7607,1411,16384,17.166666666666668,98.0,17732,VDD_IN,30004,8419,8042,17633,17732,4024,4230,4.0,2.0,2.0,3.0,92.0,0.0,64.312,65.531,63.875,62.937,63.093,65.531
08-11-2026 17:54:29,7221,7607,1411,16384,16.666666666666668,99.0,17693,VDD_IN,29809,8418,7847,17633,17693,4024,4269,1.0,2.0,2.0,3.0,92.0,0.0,64.156,65.187,63.906,63.0,63.25,65.187
08-11-2026 17:54:30,7223,7607,1411,16384,18.833333333333332,99.0,17693,VDD_IN,30159,8418,8354,17633,17693,4024,4112,3.0,7.0,4.0,6.0,93.0,0.0,64.25,65.062,63.968,62.875,63.312,65.062
08-11-2026 17:54:31,7224,7607,1411,16384,19.333333333333332,99.0,17615,VDD_IN,30126,8418,8549,17633,17615,4024,3962,74.0,13.0,2.0,5.0,20.0,2.0,63.968,65.437,63.781,62.875,63.187,65.437
08-11-2026 17:54:32,7224,7607,1411,16384,16.166666666666668,99.0,17772,VDD_IN,30472,8419,8666,17633,17772,4024,4034,92.0,2.0,2.0,1.0,0.0,0.0,64.25,65.5,63.906,62.906,63.187,65.5
08-11-2026 17:54:33,7225,7607,1411,16384,16.5,99.0,17929,VDD_IN,30786,8419,8862,17634,17929,4024,3995,94.0,1.0,1.0,3.0,0.0,0.0,64.093,65.593,63.875,62.906,63.281,65.593
08-11-2026 17:54:34,7225,7607,1411,16384,16.833333333333332,98.0,17889,VDD_IN,30745,8420,8901,17634,17889,4024,3955,98.0,2.0,0.0,1.0,0.0,0.0,64.031,65.625,63.968,62.812,63.343,65.625
08-11-2026 17:54:35,7225,7607,1411,16384,16.333333333333332,98.0,17929,VDD_IN,30707,8420,8823,17634,17929,4024,3955,19.0,2.0,2.0,1.0,74.0,0.0,64.0,65.718,63.968,62.875,63.187,65.718
08-11-2026 17:54:36,7227,7607,1411,16384,22.166666666666668,97.0,17968,VDD_IN,30785,8421,8862,17635,17968,4024,3955,10.0,4.0,7.0,20.0,92.0,0.0,64.062,65.781,63.843,62.906,63.156,65.781
08-11-2026 17:54:37,7228,7607,1411,16384,16.666666666666668,98.0,17889,VDD_IN,30628,8421,8744,17635,17889,4024,3995,1.0,2.0,3.0,1.0,93.0,0.0,64.031,65.75,63.875,62.937,63.125,65.75
08-11-2026 17:54:38,7228,7607,1411,16384,17.333333333333332,98.0,17850,VDD_IN,30550,8422,8666,17635,17850,4024,4034,3.0,5.0,2.0,2.0,91.0,1.0,64.218,65.75,63.937,62.968,63.218,65.75
08-11-2026 17:54:39,7228,7607,1411,16384,16.833333333333332,98.0,17889,VDD_IN,30550,8422,8627,17636,17889,4024,4034,2.0,2.0,2.0,3.0,92.0,0.0,63.937,65.593,63.968,62.812,63.281,65.593
08-11-2026 17:54:40,7228,7607,1411,16384,16.5,98.0,17850,VDD_IN,30472,8422,8549,17636,17850,4024,4073,83.0,4.0,1.0,1.0,10.0,0.0,64.093,65.593,64.062,62.812,63.281,65.593
08-11-2026 17:54:41,7228,7607,1411,16384,20.666666666666668,98.0,17968,VDD_IN,30668,8422,8588,17636,17968,4024,4112,55.0,18.0,5.0,5.0,41.0,0.0,64.218,65.625,63.843,62.843,63.25,65.625
08-11-2026 17:54:42,7228,7607,1411,16384,16.166666666666668,98.0,17772,VDD_IN,30199,8422,8315,17637,17772,4024,4112,65.0,0.0,2.0,1.0,29.0,0.0,64.187,65.562,63.937,62.906,63.312,65.562
08-11-2026 17:54:43,7228,7607,1411,16384,16.5,97.0,17772,VDD_IN,30160,8422,8237,17637,17772,4024,4151,93.0,3.0,1.0,1.0,0.0,1.0,64.375,65.562,64.0,62.937,63.312,65.562
08-11-2026 17:54:44,7228,7607,1411,16384,16.0,98.0,17772,VDD_IN,30122,8422,8120,17637,17772,4024,4230,92.0,1.0,1.0,1.0,0.0,1.0,64.062,65.531,64.0,62.843,63.437,65.531
08-11-2026 17:54:45,7228,7607,1411,16384,16.0,99.0,17654,VDD_IN,29770,8421,7847,17637,17654,4025,4269,93.0,2.0,0.0,1.0,0.0,0.0,64.125,65.281,64.062,62.812,63.375,65.281
08-11-2026 17:54:46,7231,7607,1411,16384,19.333333333333332,99.0,17811,VDD_IN,30355,8421,8393,17637,17811,4025,4151,91.0,6.0,14.0,3.0,2.0,0.0,64.625,65.218,63.875,62.937,63.343,65.406
08-11-2026 17:54:47,7232,7607,1411,16384,17.5,99.0,17654,VDD_IN,30237,8421,8588,17637,17654,4025,3995,3.0,6.0,2.0,2.0,92.0,0.0,64.031,65.906,63.875,62.906,63.218,65.906
08-11-2026 17:54:48,7232,7607,1411,16384,16.5,99.0,17772,VDD_IN,30394,8421,8627,17637,17772,4025,3995,1.0,2.0,1.0,2.0,92.0,1.0,64.25,65.906,63.968,63.0,63.25,65.906
08-11-2026 17:54:49,7232,7607,1411,16384,17.666666666666668,99.0,18007,VDD_IN,30981,8422,8979,17638,18007,4025,3995,2.0,2.0,2.0,5.0,94.0,1.0,63.906,66.156,63.937,62.812,63.218,66.156
08-11-2026 17:54:50,7234,7607,1411,16384,18.0,98.0,17968,VDD_IN,30848,8423,8925,17638,17968,4025,3955,1.0,3.0,4.0,1.0,98.0,1.0,64.093,66.0,63.843,62.875,63.156,66.0
08-11-2026 17:54:51,7234,7607,1411,16384,16.5,98.0,17889,VDD_IN,30667,8423,8823,17639,17889,4025,3955,2.0,1.0,2.0,2.0,0.0,92.0,64.25,65.75,63.843,62.906,63.156,65.75
08-11-2026 17:54:52,7236,7607,1411,16384,21.333333333333332,97.0,17929,VDD_IN,30746,8424,8862,17639,17929,4024,3955,15.0,7.0,6.0,5.0,2.0,93.0,64.031,65.718,63.906,62.968,63.218,65.718
08-11-2026 17:54:53,7236,7607,1411,16384,16.333333333333332,97.0,17929,VDD_IN,30708,8424,8784,17639,17929,4024,3995,3.0,1.0,1.0,1.0,1.0,91.0,64.25,65.687,63.937,63.031,63.281,65.687
08-11-2026 17:54:54,7236,7607,1411,16384,16.5,97.0,17850,VDD_IN,30550,8424,8666,17640,17850,4024,4034,2.0,2.0,2.0,1.0,0.0,92.0,64.093,65.656,64.0,62.875,63.281,65.656
08-11-2026 17:54:55,7237,7607,1411,16384,16.5,98.0,17850,VDD_IN,30511,8425,8627,17640,17850,4024,4034,1.0,2.0,2.0,1.0,1.0,92.0,64.156,65.781,63.906,62.906,63.187,65.781
08-11-2026 17:54:56,7236,7607,1411,16384,16.666666666666668,98.0,17811,VDD_IN,30433,8425,8549,17640,17811,4024,4073,2.0,1.0,0.0,3.0,1.0,93.0,64.218,65.562,63.968,62.875,63.218,65.562
08-11-2026 17:54:57,7237,7607,1411,16384,21.833333333333332,98.0,17929,VDD_IN,30629,8425,8627,17640,17929,4025,4073,9.0,19.0,6.0,4.0,1.0,92.0,64.093,65.562,63.906,63.031,63.281,65.562
08-11-2026 17:54:58,7238,7607,1411,16384,16.666666666666668,98.0,17811,VDD_IN,30277,8425,8354,17641,17811,4025,4112,2.0,1.0,1.0,3.0,1.0,92.0,64.281,65.5,63.937,63.062,63.156,65.5
08-11-2026 17:54:59,7238,7607,1411,16384,16.833333333333332,97.0,17732,VDD_IN,30088,8425,8198,17641,17732,4025,4158,2.0,2.0,2.0,3.0,0.0,92.0,64.031,65.437,64.062,62.843,63.156,65.437
08-11-2026 17:55:00,7237,7607,1411,16384,17.666666666666668,97.0,17732,VDD_IN,30004,8424,8042,17641,17732,4025,4230,2.0,5.0,4.0,2.0,1.0,92.0,64.156,65.437,63.843,62.906,63.218,65.437
08-11-2026 17:55:01,7238,7607,1411,16384,16.333333333333332,99.0,17693,VDD_IN,29848,8424,7847,17641,17693,4025,4308,1.0,2.0,1.0,2.0,0.0,92.0,64.5,65.281,63.937,62.968,63.281,65.281
08-11-2026 17:55:02,7238,7607,1411,16384,21.5,99.0,17850,VDD_IN,30433,8424,8432,17641,17850,4026,4151,8.0,6.0,3.0,18.0,1.0,93.0,64.218,65.375,64.031,63.062,63.312,65.375
08-11-2026 17:55:03,7238,7607,1411,16384,16.5,99.0,17575,VDD_IN,30125,8424,8588,17641,17575,4026,3962,2.0,2.0,1.0,1.0,1.0,92.0,64.031,65.75,64.031,63.125,63.343,65.75
08-11-2026 17:55:04,7239,7607,1411,16384,16.333333333333332,99.0,17889,VDD_IN,30589,8424,8666,17641,17889,4026,4034,2.0,0.0,1.0,3.0,0.0,92.0,64.25,65.875,63.937,62.906,63.156,65.875
08-11-2026 17:55:05,7239,7607,1411,16384,16.833333333333332,99.0,17889,VDD_IN,30707,8425,8823,17642,17889,4026,3995,1.0,2.0,1.0,2.0,0.0,95.0,64.25,65.843,63.968,62.968,63.25,65.843
08-11-2026 17:55:06,7240,7607,1411,16384,18.166666666666668,98.0,17929,VDD_IN,30746,8425,8862,17642,17929,4025,3955,3.0,3.0,2.0,2.0,1.0,98.0,64.25,65.656,63.937,62.968,63.218,65.656
08-11-2026 17:55:07,7241,7607,1411,16384,16.833333333333332,98.0,17889,VDD_IN,30667,8426,8823,17642,17889,4025,3955,2.0,1.0,2.0,3.0,1.0,92.0,64.031,65.656,63.906,63.031,63.218,65.656
08-11-2026 17:55:08,7239,7607,1411,16384,21.0,98.0,17968,VDD_IN,30825,8426,8862,17643,17968,4025,3995,8.0,4.0,17.0,3.0,2.0,92.0,64.062,65.562,64.0,62.843,63.156,65.562
08-11-2026 17:55:09,7239,7607,1411,16384,16.666666666666668,98.0,17889,VDD_IN,30628,8427,8744,17643,17889,4025,3995,2.0,2.0,3.0,1.0,0.0,92.0,64.156,65.75,63.812,62.843,63.218,65.75
08-11-2026 17:55:10,7240,7607,1411,16384,16.166666666666668,97.0,17811,VDD_IN,30472,8427,8627,17643,17811,4025,4034,1.0,1.0,1.0,2.0,0.0,92.0,64.5,65.781,63.968,62.843,63.187,65.781
08-11-2026 17:55:11,7241,7607,1411,16384,17.666666666666668,98.0,17889,VDD_IN,30550,8427,8627,17644,17889,4025,4034,5.0,4.0,3.0,2.0,0.0,92.0,64.093,65.968,63.968,63.0,63.343,65.968
08-11-2026 17:55:12,7241,7607,1411,16384,17.0,99.0,17811,VDD_IN,30355,8427,8471,17644,17811,4025,4073,2.0,4.0,2.0,2.0,0.0,92.0,64.187,65.875,64.0,62.968,63.312,65.875
08-11-2026 17:55:13,7242,7607,1411,16384,21.833333333333332,98.0,17929,VDD_IN,30590,8427,8549,17644,17929,4025,4112,4.0,5.0,19.0,11.0,0.0,92.0,64.093,66.0,63.875,62.843,63.312,65.656
08-11-2026 17:55:14,7242,7607,1411,16384,16.5,98.0,17811,VDD_IN,30316,8427,8354,17644,17811,4026,4151,2.0,2.0,2.0,1.0,0.0,92.0,64.218,65.656,63.875,62.906,63.218,65.656
08-11-2026 17:55:15,7243,7607,1411,16384,17.0,97.0,17732,VDD_IN,30081,8427,8198,17645,17732,4026,4151,2.0,4.0,2.0,2.0,0.0,92.0,64.406,65.531,63.906,62.937,63.187,65.531
08-11-2026 17:55:16,7243,7607,1411,16384,16.5,98.0,17772,VDD_IN,30083,8426,8081,17645,17772,4026,4230,2.0,1.0,2.0,2.0,0.0,92.0,64.156,65.593,63.937,63.062,63.187,65.593
08-11-2026 17:55:17,7245,7607,1411,16384,16.666666666666668,99.0,17693,VDD_IN,29848,8426,7886,17645,17693,4026,4269,2.0,1.0,2.0,3.0,0.0,92.0,64.25,65.656,63.843,62.906,63.125,65.656
08-11-2026 17:55:18,7247,7607,1411,16384,21.666666666666668,99.0,17811,VDD_IN,30316,8426,8315,17645,17811,4027,4190,9.0,17.0,3.0,9.0,0.0,92.0,64.593,65.187,63.843,62.875,63.375,65.187
08-11-2026 17:55:19,7248,7607,1411,16384,17.0,99.0,17654,VDD_IN,30204,8426,8588,17645,17654,4026,3962,4.0,3.0,1.0,1.0,0.0,93.0,63.937,65.656,63.875,62.968,63.156,65.656
08-11-2026 17:55:20,7249,7607,1411,16384,16.833333333333332,99.0,17811,VDD_IN,30472,8426,8666,17645,17811,4026,3995,4.0,2.0,1.0,2.0,0.0,92.0,64.093,65.437,64.0,62.812,63.281,65.437
08-11-2026 17:55:21,7249,7607,1411,16384,16.833333333333332,99.0,17929,VDD_IN,30707,8427,8823,17646,17929,4026,3955,2.0,2.0,2.0,1.0,0.0,94.0,64.25,65.718,63.812,62.75,63.218,65.718
08-11-2026 17:55:22,7246,7607,1411,16384,18.666666666666668,98.0,17889,VDD_IN,30706,8427,8862,17646,17889,4026,3955,2.0,5.0,2.0,6.0,0.0,97.0,64.312,65.343,63.937,62.843,63.156,65.343
08-11-2026 17:55:23,7240,7607,1411,16384,20.166666666666668,98.0,17889,VDD_IN,30706,8428,8862,17646,17889,4026,3955,9.0,7.0,4.0,8.0,0.0,93.0,64.468,65.281,63.875,62.937,63.343,65.281
08-11-2026 17:55:24,7241,7607,1410,16384,19.5,97.0,17772,VDD_IN,30471,8428,8744,17646,17772,4026,3955,5.0,9.0,2.0,9.0,0.0,92.0,64.0,65.25,63.937,62.781,63.187,65.25
08-11-2026 17:55:25,7241,7607,1410,16384,16.666666666666668,98.0,17732,VDD_IN,30314,8428,8627,17646,17732,4026,3955,2.0,3.0,1.0,2.0,0.0,92.0,64.0,65.593,63.812,62.812,63.156,65.593
08-11-2026 17:55:26,7242,7607,1410,16384,16.666666666666668,97.0,17654,VDD_IN,30204,8428,8549,17646,17654,4026,4001,4.0,1.0,0.0,3.0,0.0,92.0,64.156,65.468,63.875,62.875,63.25,65.468
08-11-2026 17:55:27,7243,7607,1410,16384,16.666666666666668,97.0,17732,VDD_IN,30276,8429,8549,17647,17732,4026,3995,3.0,3.0,1.0,1.0,0.0,92.0,64.375,65.562,63.968,63.0,63.187,65.562
08-11-2026 17:55:28,7243,7607,1410,16384,16.333333333333332,97.0,17693,VDD_IN,30198,8429,8471,17647,17693,4026,4034,3.0,1.0,1.0,1.0,0.0,92.0,63.968,65.656,63.812,62.812,63.25,65.656
08-11-2026 17:55:29,7245,7607,1410,16384,21.833333333333332,97.0,17772,VDD_IN,30316,8429,8471,17647,17772,4026,4073,11.0,14.0,7.0,7.0,0.0,92.0,64.125,65.625,63.906,62.812,63.218,65.625
08-11-2026 17:55:30,7246,7607,1410,16384,16.666666666666668,97.0,17615,VDD_IN,29971,8428,8237,17647,17615,4026,4119,4.0,2.0,1.0,1.0,0.0,92.0,64.031,65.375,63.906,62.875,63.187,65.375
08-11-2026 17:55:31,7246,7607,1410,16384,16.5,97.0,17575,VDD_IN,29853,8428,8120,17647,17575,4026,4158,3.0,1.0,1.0,2.0,0.0,92.0,64.156,65.437,63.843,62.812,63.125,65.437
08-11-2026 17:55:32,7247,7607,1410,16384,16.666666666666668,97.0,17615,VDD_IN,29815,8428,8003,17647,17615,4026,4197,3.0,1.0,1.0,2.0,0.0,93.0,64.375,65.468,63.968,62.968,63.25,65.468
08-11-2026 17:55:33,7247,7607,1410,16384,17.166666666666668,99.0,17536,VDD_IN,29593,8427,7781,17646,17536,4027,4276,2.0,2.0,2.0,5.0,0.0,92.0,64.25,65.187,64.0,62.812,63.25,65.187
08-11-2026 17:55:34,7245,7607,1410,16384,21.666666666666668,99.0,17536,VDD_IN,29931,8427,8276,17646,17536,4027,4119,7.0,19.0,4.0,8.0,0.0,92.0,64.312,65.062,64.093,62.875,63.281,65.062
08-11-2026 17:55:35,7246,7607,1410,16384,16.666666666666668,99.0,17486,VDD_IN,29919,8427,8471,17646,17486,4027,3962,1.0,2.0,1.0,3.0,0.0,93.0,64.281,65.625,63.968,62.906,63.187,65.625
08-11-2026 17:55:36,7246,7607,1410,16384,16.5,99.0,17693,VDD_IN,30276,8427,8588,17646,17693,4027,3995,3.0,3.0,1.0,1.0,0.0,91.0,64.187,65.875,63.968,62.937,63.281,65.875
08-11-2026 17:55:37,7246,7607,1410,16384,17.166666666666668,99.0,17772,VDD_IN,30471,8427,8744,17646,17772,4027,3955,3.0,2.0,2.0,2.0,0.0,94.0,64.25,66.0,63.968,62.968,63.218,66.0
08-11-2026 17:55:38,7246,7607,1410,16384,17.333333333333332,97.0,17811,VDD_IN,30550,8428,8823,17647,17811,4027,3916,2.0,1.0,2.0,1.0,0.0,98.0,64.125,65.875,63.937,62.906,63.343,65.875
08-11-2026 17:55:39,7246,7607,1410,16384,20.0,98.0,17968,VDD_IN,30824,8428,8901,17647,17968,4026,3955,7.0,14.0,4.0,3.0,0.0,92.0,64.312,65.937,64.093,62.843,63.375,65.937
08-11-2026 17:55:40,7248,7607,1410,16384,18.333333333333332,98.0,17811,VDD_IN,30550,8429,8784,17647,17811,4026,3955,4.0,6.0,5.0,2.0,0.0,93.0,64.218,65.937,63.875,62.968,63.281,65.937
08-11-2026 17:55:41,7249,7607,1410,16384,16.5,98.0,17772,VDD_IN,30393,8429,8666,17647,17772,4026,3955,2.0,1.0,1.0,3.0,0.0,92.0,64.156,65.968,63.937,62.843,63.25,65.718
08-11-2026 17:55:42,7249,7607,1410,16384,16.5,97.0,17693,VDD_IN,30237,8429,8549,17647,17693,4026,3995,3.0,1.0,1.0,2.0,0.0,92.0,64.468,65.5,63.906,63.031,63.281,65.5
08-11-2026 17:55:43,7250,7607,1410,16384,16.5,98.0,17732,VDD_IN,30354,8429,8588,17647,17732,4026,4034,3.0,1.0,2.0,1.0,0.0,92.0,64.062,65.625,64.031,62.875,63.156,65.625
08-11-2026 17:55:44,7250,7607,1410,16384,17.333333333333332,99.0,17732,VDD_IN,30237,8429,8471,17647,17732,4026,4034,2.0,8.0,0.0,2.0,0.0,92.0,64.093,65.625,63.968,62.812,63.125,65.625
08-11-2026 17:55:45,7252,7607,1410,16384,21.5,98.0,17850,VDD_IN,30394,8429,8471,17648,17850,4026,4073,10.0,20.0,4.0,3.0,0.0,92.0,64.25,65.718,63.812,62.906,63.187,65.718
08-11-2026 17:55:46,7253,7607,1410,16384,16.5,98.0,17654,VDD_IN,30042,8429,8276,17648,17654,4026,4112,1.0,3.0,1.0,2.0,0.0,92.0,64.031,65.5,63.843,62.937,63.281,65.5
08-11-2026 17:55:47,7253,7607,1410,16384,16.333333333333332,97.0,17615,VDD_IN,29932,8429,8159,17648,17615,4027,4158,2.0,1.0,1.0,1.0,0.0,93.0,64.437,65.437,64.0,62.937,63.187,65.437
08-11-2026 17:55:48,7253,7607,1410,16384,16.833333333333332,98.0,17654,VDD_IN,29886,8428,8042,17648,17654,4027,4190,3.0,2.0,3.0,1.0,0.0,92.0,64.156,65.406,64.062,62.875,63.312,65.406
08-11-2026 17:55:49,7254,7607,1410,16384,16.666666666666668,99.0,17604,VDD_IN,29648,8428,7768,17648,17604,4027,4276,1.0,2.0,1.0,4.0,0.0,92.0,64.406,65.187,63.937,62.843,63.25,65.187
08-11-2026 17:55:50,7255,7607,1410,16384,21.833333333333332,99.0,17615,VDD_IN,29971,8427,8237,17648,17615,4027,4119,9.0,19.0,3.0,7.0,0.0,93.0,64.531,65.218,63.906,62.906,63.218,65.218
08-11-2026 17:55:51,7254,7607,1410,16384,16.5,99.0,17497,VDD_IN,29969,8428,8510,17647,17497,4027,3962,3.0,2.0,1.0,2.0,0.0,91.0,64.031,65.781,64.0,63.0,63.312,65.781
08-11-2026 17:55:52,7255,7607,1410,16384,16.833333333333332,99.0,17615,VDD_IN,30204,8428,8588,17647,17615,4027,4001,3.0,2.0,1.0,3.0,0.0,92.0,64.031,65.781,64.062,62.843,63.25,65.781
08-11-2026 17:55:53,7255,7607,1410,16384,16.833333333333332,99.0,17850,VDD_IN,30628,8428,8823,17648,17850,4027,3955,1.0,2.0,1.0,3.0,0.0,94.0,64.156,65.906,64.125,62.937,63.281,65.906
08-11-2026 17:55:54,7256,7607,1410,16384,17.5,97.0,17811,VDD_IN,30550,8429,8823,17648,17811,4027,3916,3.0,2.0,0.0,2.0,0.0,98.0,64.218,65.906,63.906,62.968,63.187,65.906
08-11-2026 17:55:55,7257,7607,1410,16384,22.166666666666668,98.0,18046,VDD_IN,30941,8429,8940,17648,18046,4027,3955,4.0,14.0,7.0,16.0,0.0,92.0,64.437,65.687,64.0,62.968,63.406,65.687
08-11-2026 17:55:56,7257,7607,1410,16384,17.0,98.0,17850,VDD_IN,30549,8430,8744,17649,17850,4027,3955,3.0,2.0,2.0,2.0,0.0,93.0,64.125,65.656,63.906,63.031,63.281,65.656
08-11-2026 17:55:57,7257,7607,1410,16384,16.5,98.0,17772,VDD_IN,30472,8430,8705,17649,17772,4027,3995,2.0,1.0,2.0,2.0,0.0,92.0,64.031,65.656,64.031,62.906,63.25,65.656
08-11-2026 17:55:58,7258,7607,1410,16384,16.833333333333332,97.0,17732,VDD_IN,30354,8430,8627,17649,17732,4027,3995,4.0,2.0,1.0,2.0,0.0,92.0,64.187,65.593,63.937,62.937,63.25,65.593
08-11-2026 17:55:59,7258,7607,1410,16384,16.5,98.0,17772,VDD_IN,30394,8430,8588,17649,17772,4027,4034,2.0,2.0,1.0,2.0,0.0,92.0,64.375,65.937,63.937,63.0,63.312,65.937
08-11-2026 17:56:00,7259,7607,1410,16384,16.833333333333332,99.0,17772,VDD_IN,30277,8430,8432,17649,17772,4027,4073,1.0,3.0,2.0,2.0,0.0,93.0,64.25,65.875,64.0,63.031,63.25,65.875
08-11-2026 17:56:01,7260,7607,1410,16384,21.333333333333332,98.0,17772,VDD_IN,30277,8430,8432,17649,17772,4027,4073,7.0,5.0,6.0,18.0,0.0,92.0,64.062,65.843,64.0,62.937,63.312,65.843
08-11-2026 17:56:02,7261,7607,1410,16384,16.666666666666668,98.0,17693,VDD_IN,30081,8430,8276,17649,17693,4027,4112,3.0,2.0,2.0,1.0,0.0,92.0,64.093,65.843,64.093,63.031,63.218,65.843
08-11-2026 17:56:03,7261,7607,1410,16384,16.5,97.0,17654,VDD_IN,29925,8430,8120,17649,17654,4027,4151,1.0,1.0,2.0,3.0,0.0,92.0,64.281,65.5,63.906,62.937,63.312,65.5
08-11-2026 17:56:04,7258,7607,1411,16384,16.833333333333332,98.0,17654,VDD_IN,29887,8429,8003,17649,17654,4027,4230,4.0,3.0,0.0,2.0,0.0,92.0,64.5,65.5,63.937,63.0,63.25,65.5
08-11-2026 17:56:05,7259,7607,1411,16384,16.5,99.0,17604,VDD_IN,29609,8429,7729,17649,17604,4027,4276,2.0,1.0,2.0,2.0,0.0,92.0,64.375,65.218,63.906,63.0,63.312,65.218
08-11-2026 17:56:06,7260,7607,1411,16384,22.333333333333332,99.0,17643,VDD_IN,29999,8428,8237,17649,17643,4028,4119,8.0,7.0,19.0,8.0,0.0,92.0,64.312,65.218,64.062,62.906,63.25,65.218
08-11-2026 17:56:07,7261,7607,1411,16384,16.333333333333332,99.0,17615,VDD_IN,30126,8428,8510,17649,17615,4028,4001,1.0,2.0,2.0,1.0,0.0,92.0,64.281,65.937,63.906,62.968,63.187,65.937
08-11-2026 17:56:08,7261,7607,1411,16384,16.666666666666668,99.0,17693,VDD_IN,30315,8429,8627,17649,17693,4027,3995,3.0,3.0,1.0,1.0,0.0,92.0,64.093,66.0,63.875,62.937,63.281,66.0
08-11-2026 17:56:09,7262,7607,1411,16384,16.666666666666668,99.0,17889,VDD_IN,30667,8429,8823,17650,17889,4027,3955,2.0,2.0,1.0,2.0,0.0,93.0,64.343,65.562,63.937,63.0,63.281,65.562
08-11-2026 17:56:10,7044,7607,1411,16384,14.666666666666666,0.0,7682,VDD_IN,11815,8422,1987,17638,7682,4025,2146,27.0,16.0,8.0,18.0,16.0,3.0,63.125,62.906,63.656,62.687,62.593,63.656
