08-11-2026 17:41:41 RAM 2067/7607MB (lfb 145x4MB) SWAP 1412/16384MB (cached 142MB) CPU [2%@729,2%@729,3%@960,2%@960,0%@729,0%@729] GR3D_FREQ 0% cpu@58.812C soc2@57.843C soc0@59.406C gpu@58.218C tj@59.406C soc1@59.031C VDD_IN 5176mW/5176mW VDD_CPU_GPU_CV 600mW/600mW VDD_SOC 1484mW/1484mW
08-11-2026 17:41:42 RAM 2290/7607MB (lfb 145x4MB) SWAP 1412/16384MB (cached 142MB) CPU [16%@1344,14%@1344,19%@1344,12%@1344,17%@1344,64%@1344] GR3D_FREQ 0% cpu@58.593C soc2@57.781C soc0@59.25C gpu@58.125C tj@59.343C soc1@58.781C VDD_IN 5870mW/5523mW VDD_CPU_GPU_CV 1156mW/878mW VDD_SOC 1517mW/1501mW
08-11-2026 17:41:43 RAM 3047/7607MB (lfb 145x4MB) SWAP 1412/16384MB (cached 142MB) CPU [38%@806,37%@806,42%@806,41%@806,37%@806,71%@806] GR3D_FREQ 0% cpu@58.812C soc2@57.718C soc0@59C gpu@58.125C tj@59.031C soc1@58.687C VDD_IN 6709mW/5918mW VDD_CPU_GPU_CV 1714mW/1157mW VDD_SOC 1594mW/1532mW
08-11-2026 17:41:44 RAM 3812/7607MB (lfb 111x4MB) SWAP 1412/16384MB (cached 142MB) CPU [44%@1344,47%@1344,40%@1344,70%@1344,50%@729,48%@729] GR3D_FREQ 94% cpu@58.875C soc2@57.687C soc0@58.937C gpu@58.437C tj@58.937C soc1@58.718C VDD_IN 6948mW/6176mW VDD_CPU_GPU_CV 1751mW/1305mW VDD_SOC 1674mW/1567mW
08-11-2026 17:41:45 RAM 5264/7607MB (lfb 1x4MB) SWAP 1412/16384MB (cached 142MB) CPU [3%@1344,2%@1344,3%@1344,91%@1344,0%@729,0%@729] GR3D_FREQ 97% cpu@58.781C soc2@57.843C soc0@58.937C gpu@59.75C tj@59.75C soc1@58.625C VDD_IN 10872mW/7115mW VDD_CPU_GPU_CV 4588mW/1962mW VDD_SOC 2103mW/1674mW
08-11-2026 17:41:46 RAM 5796/7607MB (lfb 1x2MB) SWAP 1412/16384MB (cached 142MB) CPU [1%@1344,21%@1344,1%@1344,89%@1344,0%@729,0%@729] GR3D_FREQ 99% cpu@59.437C soc2@58.468C soc0@59.312C gpu@60.218C tj@60.218C soc1@58.656C VDD_IN 15059mW/8439mW VDD_CPU_GPU_CV 6444mW/2709mW VDD_SOC 3508mW/1980mW
08-11-2026 17:41:47 RAM 6295/7607MB (lfb 2x4MB) SWAP 1412/16384MB (cached 142MB) CPU [6%@1344,11%@1344,8%@1344,98%@1344,31%@729,0%@729] GR3D_FREQ 0% cpu@59.75C soc2@58.468C soc0@59.312C gpu@59.937C tj@59.937C soc1@58.75C VDD_IN 14176mW/9259mW VDD_CPU_GPU_CV 6336mW/3227mW VDD_SOC 3351mW/2176mW
08-11-2026 17:41:48 RAM 6296/7607MB (lfb 2x4MB) SWAP 1412/16384MB (cached 141MB) CPU [4%@1344,0%@1344,97%@1344,1%@1344,0%@729,0%@729] GR3D_FREQ 97% cpu@59.875C soc2@58.781C soc0@59.437C gpu@61.062C tj@61.062C soc1@58.781C VDD_IN 17447mW/10282mW VDD_CPU_GPU_CV 8641mW/3904mW VDD_SOC 3844mW/2384mW
08-11-2026 17:41:49 RAM 6297/7607MB (lfb 2x4MB) SWAP 1412/16384MB (cached 141MB) CPU [3%@1344,1%@1344,92%@1344,2%@1344,1%@729,2%@729] GR3D_FREQ 98% cpu@60.312C soc2@58.968C soc0@59.687C gpu@61.218C tj@61.218C soc1@58.968C VDD_IN 17722mW/11109mW VDD_CPU_GPU_CV 8744mW/4442mW VDD_SOC 3923mW/2555mW
08-11-2026 17:41:50 RAM 6298/7607MB (lfb 2x4MB) SWAP 1412/16384MB (cached 141MB) CPU [3%@1344,1%@1344,92%@1344,2%@1344,0%@729,0%@729] GR3D_FREQ 98% cpu@60.187C soc2@59.156C soc0@59.843C gpu@61.375C tj@61.375C soc1@58.906C VDD_IN 17761mW/11774mW VDD_CPU_GPU_CV 8744mW/4872mW VDD_SOC 3923mW/2692mW
08-11-2026 17:41:51 RAM 6298/7607MB (lfb 2x4MB) SWAP 1412/16384MB (cached 141MB) CPU [2%@1344,1%@1344,93%@1344,1%@1344,0%@729,0%@729] GR3D_FREQ 98% cpu@60.281C soc2@59.218C soc0@59.906C gpu@61.343C tj@61.343C soc1@59C VDD_IN 17722mW/12315mW VDD_CPU_GPU_CV 8666mW/5217mW VDD_SOC 3962mW/2808mW
08-11-2026 17:41:52 RAM 6305/7607MB (lfb 3x4MB) SWAP 1412/16384MB (cached 141MB) CPU [15%@1267,12%@1267,26%@1267,3%@1267,69%@1344,0%@1344] GR3D_FREQ 97% cpu@60.375C soc2@59.312C soc0@59.875C gpu@61.406C tj@61.406C soc1@59.093C VDD_IN 17918mW/12782mW VDD_CPU_GPU_CV 8784mW/5514mW VDD_SOC 3962mW/2904mW
08-11-2026 17:41:53 RAM 6306/7607MB (lfb 2x4MB) SWAP 1412/16384MB (cached 141MB) CPU [64%@1344,2%@1344,1%@1344,2%@1344,32%@729,0%@729] GR3D_FREQ 98% cpu@60.312C soc2@59.343C soc0@59.968C gpu@61.75C tj@61.75C soc1@59.218C VDD_IN 17722mW/13162mW VDD_CPU_GPU_CV 8563mW/5749mW VDD_SOC 4001mW/2988mW
08-11-2026 17:41:54 RAM 6307/7607MB (lfb 2x4MB) SWAP 1412/16384MB (cached 141MB) CPU [92%@1344,2%@1344,1%@1344,0%@1344,1%@729,1%@729] GR3D_FREQ 99% cpu@60.531C soc2@59.437C soc0@60.031C gpu@61.75C tj@61.75C soc1@59.312C VDD_IN 17683mW/13485mW VDD_CPU_GPU_CV 8393mW/5937mW VDD_SOC 4040mW/3063mW
08-11-2026 17:41:56 RAM 6307/7607MB (lfb 2x4MB) SWAP 1412/16384MB (cached 141MB) CPU [92%@1344,1%@1344,2%@1344,2%@1344,0%@729,1%@729] GR3D_FREQ 98% cpu@60.218C soc2@59.593C soc0@60.218C gpu@61.906C tj@61.906C soc1@59.406C VDD_IN 17722mW/13767mW VDD_CPU_GPU_CV 8393mW/6101mW VDD_SOC 4040mW/3128mW
08-11-2026 17:41:57 RAM 6308/7607MB (lfb 2x4MB) SWAP 1412/16384MB (cached 141MB) CPU [93%@1344,2%@1344,2%@1344,3%@1344,0%@729,1%@729] GR3D_FREQ 98% cpu@60.406C soc2@59.625C soc0@60.156C gpu@61.875C tj@61.875C soc1@59.312C VDD_IN 17683mW/14012mW VDD_CPU_GPU_CV 8250mW/6235mW VDD_SOC 4119mW/3190mW
08-11-2026 17:41:58 RAM 6307/7607MB (lfb 2x4MB) SWAP 1412/16384MB (cached 141MB) CPU [92%@1344,1%@1344,3%@1344,1%@1344,1%@729,1%@729] GR3D_FREQ 98% cpu@60.468C soc2@59.718C soc0@60.343C gpu@62C tj@62C soc1@59.406C VDD_IN 17683mW/14228mW VDD_CPU_GPU_CV 8172mW/6349mW VDD_SOC 4119mW/3245mW
08-11-2026 17:41:59 RAM 6311/7607MB (lfb 2x4MB) SWAP 1412/16384MB (cached 141MB) CPU [27%@729,9%@729,12%@729,4%@729,68%@1344,1%@1344] GR3D_FREQ 98% cpu@60.531C soc2@59.593C soc0@60.281C gpu@61.937C tj@61.937C soc1@59.406C VDD_IN 17643mW/14418mW VDD_CPU_GPU_CV 8055mW/6444mW VDD_SOC 4197mW/3298mW
08-11-2026 17:42:00 RAM 6310/7607MB (lfb 2x4MB) SWAP 1412/16384MB (cached 141MB) CPU [5%@729,1%@729,2%@729,2%@729,93%@1344,0%@1344] GR3D_FREQ 99% cpu@60.906C soc2@59.687C soc0@60.375C gpu@61.625C tj@61.625C soc1@59.5C VDD_IN 17526mW/14581mW VDD_CPU_GPU_CV 7742mW/6512mW VDD_SOC 4237mW/3347mW
08-11-2026 17:42:01 RAM 6311/7607MB (lfb 2x4MB) SWAP 1412/16384MB (cached 141MB) CPU [1%@729,1%@729,0%@729,1%@729,92%@1344,1%@1344] GR3D_FREQ 99% cpu@60.562C soc2@59.75C soc0@60.5C gpu@61.593C tj@61.593C soc1@59.593C VDD_IN 17447mW/14724mW VDD_CPU_GPU_CV 8172mW/6595mW VDD_SOC 4080mW/3384mW
08-11-2026 17:42:02 RAM 6311/7607MB (lfb 2x4MB) SWAP 1412/16384MB (cached 141MB) CPU [1%@729,2%@729,2%@729,1%@729,92%@1344,0%@1344] GR3D_FREQ 99% cpu@60.562C soc2@59.75C soc0@60.656C gpu@62.062C tj@62.062C soc1@59.593C VDD_IN 17486mW/14856mW VDD_CPU_GPU_CV 8524mW/6687mW VDD_SOC 3923mW/3410mW
08-11-2026 17:42:03 RAM 6312/7607MB (lfb 2x4MB) SWAP 1412/16384MB (cached 141MB) CPU [2%@729,2%@729,3%@729,2%@729,93%@1344,0%@1344] GR3D_FREQ 99% cpu@60.718C soc2@59.75C soc0@60.5C gpu@62.187C tj@62.187C soc1@59.562C VDD_IN 17801mW/14990mW VDD_CPU_GPU_CV 8627mW/6775mW VDD_SOC 4001mW/3436mW
08-11-2026 17:42:04 RAM 6318/7607MB (lfb 2x4MB) SWAP 1412/16384MB (cached 141MB) CPU [4%@729,9%@729,20%@729,6%@729,95%@960,0%@960] GR3D_FREQ 98% cpu@61.062C soc2@59.875C soc0@60.531C gpu@62.093C tj@62.093C soc1@59.656C VDD_IN 17840mW/15114mW VDD_CPU_GPU_CV 8823mW/6864mW VDD_SOC 3923mW/3458mW
08-11-2026 17:42:05 RAM 6319/7607MB (lfb 2x4MB) SWAP 1412/16384MB (cached 141MB) CPU [3%@729,0%@729,1%@729,2%@729,97%@1344,0%@1344] GR3D_FREQ 98% cpu@60.968C soc2@59.968C soc0@60.687C gpu@62.187C tj@62.187C soc1@59.718C VDD_IN 17801mW/15226mW VDD_CPU_GPU_CV 8823mW/6946mW VDD_SOC 3923mW/3477mW
08-11-2026 17:42:06 RAM 6319/7607MB (lfb 2x4MB) SWAP 1412/16384MB (cached 141MB) CPU [3%@729,2%@729,2%@729,1%@729,92%@1344,0%@1344] GR3D_FREQ 98% cpu@60.687C soc2@60.125C soc0@60.812C gpu@62.093C tj@62.093C soc1@59.906C VDD_IN 17761mW/15327mW VDD_CPU_GPU_CV 8744mW/7018mW VDD_SOC 3923mW/3495mW
08-11-2026 17:42:07 RAM 6319/7607MB (lfb 2x4MB) SWAP 1412/16384MB (cached 141MB) CPU [87%@1344,2%@1344,2%@1344,3%@1344,9%@729,0%@729] GR3D_FREQ 98% cpu@61.031C soc2@60.125C soc0@60.812C gpu@62.375C tj@62.375C soc1@59.781C VDD_IN 17801mW/15422mW VDD_CPU_GPU_CV 8784mW/7086mW VDD_SOC 3962mW/3513mW
08-11-2026 17:42:08 RAM 6319/7607MB (lfb 2x4MB) SWAP 1412/16384MB (cached 141MB) CPU [20%@729,2%@729,1%@729,2%@729,74%@1344,0%@1344] GR3D_FREQ 97% cpu@61.031C soc2@60.125C soc0@60.687C gpu@62.218C tj@62.218C soc1@59.843C VDD_IN 17761mW/15509mW VDD_CPU_GPU_CV 8666mW/7144mW VDD_SOC 3962mW/3529mW
08-11-2026 17:42:09 RAM 6323/7607MB (lfb 2x4MB) SWAP 1412/16384MB (cached 141MB) CPU [3%@729,5%@729,18%@729,11%@729,91%@1344,0%@1344] GR3D_FREQ 97% cpu@61.218C soc2@60.031C soc0@60.718C gpu@62.343C tj@62.343C soc1@59.937C VDD_IN 17958mW/15596mW VDD_CPU_GPU_CV 8784mW/7203mW VDD_SOC 4001mW/3546mW
08-11-2026 17:42:10 RAM 6324/7607MB (lfb 2x4MB) SWAP 1412/16384MB (cached 141MB) CPU [2%@729,2%@729,3%@729,2%@729,92%@1344,0%@1344] GR3D_FREQ 97% cpu@61.156C soc2@60.218C soc0@60.937C gpu@62.468C tj@62.468C soc1@60C VDD_IN 17761mW/15671mW VDD_CPU_GPU_CV 8588mW/7251mW VDD_SOC 4001mW/3562mW
08-11-2026 17:42:11 RAM 6325/7607MB (lfb 2x4MB) SWAP 1412/16384MB (cached 141MB) CPU [2%@729,2%@729,0%@729,1%@729,93%@1344,1%@1344] GR3D_FREQ 99% cpu@61C soc2@60.343C soc0@60.937C gpu@62.656C tj@62.656C soc1@60.093C VDD_IN 17722mW/15739mW VDD_CPU_GPU_CV 8471mW/7291mW VDD_SOC 4040mW/3578mW
08-11-2026 17:42:12 RAM 6325/7607MB (lfb 2x4MB) SWAP 1412/16384MB (cached 141MB) CPU [2%@729,1%@729,2%@729,1%@729,92%@1344,0%@1344] GR3D_FREQ 98% cpu@61.093C soc2@60.218C soc0@61.062C gpu@62.718C tj@62.718C soc1@60.062C VDD_IN 17722mW/15803mW VDD_CPU_GPU_CV 8393mW/7327mW VDD_SOC 4080mW/3594mW
08-11-2026 17:42:13 RAM 6326/7607MB (lfb 2x4MB) SWAP 1412/16384MB (cached 141MB) CPU [2%@729,3%@729,3%@729,1%@729,93%@1344,0%@1344] GR3D_FREQ 98% cpu@61.343C soc2@60.25C soc0@61C gpu@62.781C tj@62.781C soc1@60.062C VDD_IN 17683mW/15862mW VDD_CPU_GPU_CV 8250mW/7356mW VDD_SOC 4119mW/3611mW
08-11-2026 17:42:14 RAM 6326/7607MB (lfb 2x4MB) SWAP 1412/16384MB (cached 141MB) CPU [2%@729,1%@729,0%@729,2%@729,92%@1344,1%@1344] GR3D_FREQ 98% cpu@61.468C soc2@60.312C soc0@61.062C gpu@62.718C tj@62.718C soc1@60.156C VDD_IN 17683mW/15917mW VDD_CPU_GPU_CV 8172mW/7381mW VDD_SOC 4158mW/3627mW
08-11-2026 17:42:15 RAM 6326/7607MB (lfb 2x4MB) SWAP 1412/16384MB (cached 141MB) CPU [10%@729,17%@729,5%@729,7%@729,92%@1344,0%@1344] GR3D_FREQ 98% cpu@61.312C soc2@60.5C soc0@61.156C gpu@62.75C tj@62.75C soc1@60.281C VDD_IN 17722mW/15970mW VDD_CPU_GPU_CV 8003mW/7399mW VDD_SOC 4197mW/3644mW
08-11-2026 17:42:16 RAM 6326/7607MB (lfb 2x4MB) SWAP 1412/16384MB (cached 141MB) CPU [2%@729,3%@729,1%@729,1%@729,92%@1344,0%@1344] GR3D_FREQ 99% cpu@61.656C soc2@60.625C soc0@61.406C gpu@62.062C tj@62.062C soc1@60.218C VDD_IN 17565mW/16016mW VDD_CPU_GPU_CV 7742mW/7409mW VDD_SOC 4276mW/3662mW
08-11-2026 17:42:17 RAM 6327/7607MB (lfb 2x4MB) SWAP 1412/16384MB (cached 141MB) CPU [3%@729,5%@729,2%@729,2%@729,93%@1344,0%@1344] GR3D_FREQ 99% cpu@61.687C soc2@60.562C soc0@61.156C gpu@62.343C tj@62.343C soc1@60.281C VDD_IN 17526mW/16058mW VDD_CPU_GPU_CV 8250mW/7432mW VDD_SOC 4080mW/3674mW
08-11-2026 17:42:18 RAM 6327/7607MB (lfb 2x4MB) SWAP 1412/16384MB (cached 141MB) CPU [3%@729,2%@729,1%@729,2%@729,92%@1344,0%@1344] GR3D_FREQ 99% cpu@61.468C soc2@60.593C soc0@61.25C gpu@62.812C tj@62.812C soc1@60.375C VDD_IN 17565mW/16099mW VDD_CPU_GPU_CV 8563mW/7463mW VDD_SOC 3923mW/3680mW
08-11-2026 17:42:19 RAM 6327/7607MB (lfb 2x4MB) SWAP 1412/16384MB (cached 141MB) CPU [2%@729,1%@729,1%@729,4%@729,92%@1344,0%@1344] GR3D_FREQ 99% cpu@61.593C soc2@60.531C soc0@61.406C gpu@63.062C tj@63.062C soc1@60.437C VDD_IN 17801mW/16143mW VDD_CPU_GPU_CV 8666mW/7494mW VDD_SOC 4001mW/3689mW
08-11-2026 17:42:20 RAM 6327/7607MB (lfb 2x4MB) SWAP 1412/16384MB (cached 141MB) CPU [14%@729,8%@729,10%@729,1%@729,95%@1036,0%@1036] GR3D_FREQ 99% cpu@61.406C soc2@60.687C soc0@61.437C gpu@63.25C tj@63.25C soc1@60.343C VDD_IN 17879mW/16188mW VDD_CPU_GPU_CV 8823mW/7528mW VDD_SOC 3962mW/3696mW
08-11-2026 17:42:21 RAM 6327/7607MB (lfb 2x4MB) SWAP 1412/16384MB (cached 141MB) CPU [2%@729,2%@729,2%@729,1%@729,97%@1344,0%@1344] GR3D_FREQ 97% cpu@61.562C soc2@60.687C soc0@61.375C gpu@63.281C tj@63.281C soc1@60.375C VDD_IN 17840mW/16229mW VDD_CPU_GPU_CV 8862mW/7562mW VDD_SOC 3923mW/3701mW
08-11-2026 17:42:22 RAM 6328/7607MB (lfb 2x4MB) SWAP 1412/16384MB (cached 141MB) CPU [2%@729,3%@729,2%@729,2%@729,92%@1344,0%@1344] GR3D_FREQ 98% cpu@61.687C soc2@60.656C soc0@61.437C gpu@63.218C tj@63.218C soc1@60.468C VDD_IN 17840mW/16268mW VDD_CPU_GPU_CV 8784mW/7591mW VDD_SOC 3962mW/3708mW
08-11-2026 17:42:23 RAM 6328/7607MB (lfb 2x4MB) SWAP 1412/16384MB (cached 141MB) CPU [5%@729,1%@729,1%@729,2%@729,92%@1344,0%@1344] GR3D_FREQ 97% cpu@61.562C soc2@60.781C soc0@61.468C gpu@63.375C tj@63.375C soc1@60.562C VDD_IN 17879mW/16307mW VDD_CPU_GPU_CV 8784mW/7620mW VDD_SOC 3962mW/3714mW
08-11-2026 17:42:24 RAM 6329/7607MB (lfb 2x4MB) SWAP 1412/16384MB (cached 141MB) CPU [3%@729,2%@729,1%@729,2%@729,92%@1344,0%@1344] GR3D_FREQ 98% cpu@61.937C soc2@60.843C soc0@61.593C gpu@63.093C tj@63.093C soc1@60.562C VDD_IN 17840mW/16342mW VDD_CPU_GPU_CV 8705mW/7645mW VDD_SOC 3962mW/3720mW
08-11-2026 17:42:25 RAM 6329/7607MB (lfb 2x4MB) SWAP 1412/16384MB (cached 141MB) CPU [13%@1344,4%@1344,7%@1344,20%@1344,87%@729,0%@729] GR3D_FREQ 97% cpu@61.562C soc2@61.093C soc0@61.625C gpu@63.062C tj@63.062C soc1@60.5C VDD_IN 17958mW/16379mW VDD_CPU_GPU_CV 8784mW/7671mW VDD_SOC 4001mW/3726mW
08-11-2026 17:42:26 RAM 6329/7607MB (lfb 2x4MB) SWAP 1412/16384MB (cached 141MB) CPU [29%@1344,3%@1344,1%@1344,64%@1344,0%@729,0%@729] GR3D_FREQ 97% cpu@61.906C soc2@60.812C soc0@61.562C gpu@63.281C tj@63.281C soc1@60.593C VDD_IN 17840mW/16412mW VDD_CPU_GPU_CV 8627mW/7692mW VDD_SOC 4040mW/3733mW
08-11-2026 17:42:27 RAM 6329/7607MB (lfb 2x4MB) SWAP 1412/16384MB (cached 141MB) CPU [1%@1344,3%@1344,2%@1344,92%@1344,2%@729,1%@729] GR3D_FREQ 98% cpu@62.187C soc2@60.906C soc0@61.625C gpu@63.25C tj@63.25C soc1@60.687C VDD_IN 17801mW/16442mW VDD_CPU_GPU_CV 8471mW/7709mW VDD_SOC 4040mW/3740mW
08-11-2026 17:42:28 RAM 6330/7607MB (lfb 2x4MB) SWAP 1412/16384MB (cached 141MB) CPU [3%@1344,1%@1344,1%@1344,93%@1344,0%@729,0%@729] GR3D_FREQ 97% cpu@61.968C soc2@60.937C soc0@61.718C gpu@63.312C tj@63.156C soc1@60.812C VDD_IN 17801mW/16471mW VDD_CPU_GPU_CV 8432mW/7725mW VDD_SOC 4080mW/3747mW
08-11-2026 17:42:29 RAM 6330/7607MB (lfb 2x4MB) SWAP 1412/16384MB (cached 141MB) CPU [1%@1344,1%@1344,3%@1344,92%@1344,0%@729,0%@729] GR3D_FREQ 98% cpu@62.375C soc2@61.031C soc0@61.812C gpu@63.25C tj@63.25C soc1@60.875C VDD_IN 17761mW/16498mW VDD_CPU_GPU_CV 8315mW/7737mW VDD_SOC 4119mW/3755mW
08-11-2026 17:42:30 RAM 6331/7607MB (lfb 2x4MB) SWAP 1412/16384MB (cached 141MB) CPU [9%@1344,1%@1344,2%@1344,92%@1344,0%@729,0%@729] GR3D_FREQ 97% cpu@62C soc2@61.125C soc0@61.812C gpu@63.156C tj@63.156C soc1@60.718C VDD_IN 17801mW/16524mW VDD_CPU_GPU_CV 8276mW/7748mW VDD_SOC 4158mW/3763mW
08-11-2026 17:42:31 RAM 6335/7607MB (lfb 2x4MB) SWAP 1412/16384MB (cached 141MB) CPU [3%@1344,5%@1344,4%@1344,92%@1344,15%@729,1%@729] GR3D_FREQ 98% cpu@62.062C soc2@61C soc0@61.75C gpu@63.187C tj@63.187C soc1@60.812C VDD_IN 17722mW/16548mW VDD_CPU_GPU_CV 8055mW/7754mW VDD_SOC 4197mW/3772mW
08-11-2026 17:42:32 RAM 6336/7607MB (lfb 2x4MB) SWAP 1412/16384MB (cached 141MB) CPU [1%@1344,2%@1344,1%@1344,92%@1344,0%@729,0%@729] GR3D_FREQ 99% cpu@62.343C soc2@61.093C soc0@61.812C gpu@62.843C tj@62.843C soc1@60.875C VDD_IN 17604mW/16569mW VDD_CPU_GPU_CV 7820mW/7755mW VDD_SOC 4276mW/3781mW
08-11-2026 17:42:33 RAM 6336/7607MB (lfb 2x4MB) SWAP 1412/16384MB (cached 141MB) CPU [1%@1344,2%@1344,2%@1344,92%@1344,0%@729,1%@729] GR3D_FREQ 99% cpu@62.031C soc2@61.156C soc0@61.812C gpu@62.968C tj@62.968C soc1@60.875C VDD_IN 17565mW/16588mW VDD_CPU_GPU_CV 8250mW/7765mW VDD_SOC 4080mW/3787mW
08-11-2026 17:42:34 RAM 6337/7607MB (lfb 2x4MB) SWAP 1412/16384MB (cached 141MB) CPU [1%@1344,1%@1344,1%@1344,92%@1344,1%@729,0%@729] GR3D_FREQ 99% cpu@62.375C soc2@61.156C soc0@62C gpu@63.375C tj@63.375C soc1@60.937C VDD_IN 17565mW/16606mW VDD_CPU_GPU_CV 8549mW/7780mW VDD_SOC 3923mW/3790mW
08-11-2026 17:42:35 RAM 6334/7607MB (lfb 2x4MB) SWAP 1412/16384MB (cached 141MB) CPU [4%@1344,2%@1344,3%@1344,93%@1344,0%@729,1%@729] GR3D_FREQ 99% cpu@62.093C soc2@61.312C soc0@62C gpu@63.5C tj@63.5C soc1@60.875C VDD_IN 17879mW/16630mW VDD_CPU_GPU_CV 8666mW/7796mW VDD_SOC 4001mW/3794mW
08-11-2026 17:42:36 RAM 6333/7607MB (lfb 2x4MB) SWAP 1412/16384MB (cached 141MB) CPU [4%@1036,11%@1036,7%@1036,94%@1036,6%@729,0%@729] GR3D_FREQ 99% cpu@62.125C soc2@61.25C soc0@61.812C gpu@63.562C tj@63.562C soc1@60.937C VDD_IN 17958mW/16654mW VDD_CPU_GPU_CV 8862mW/7815mW VDD_SOC 3962mW/3797mW
08-11-2026 17:42:37 RAM 6334/7607MB (lfb 2x4MB) SWAP 1412/16384MB (cached 141MB) CPU [5%@1344,2%@1344,2%@1344,97%@1344,1%@729,0%@729] GR3D_FREQ 98% cpu@62.375C soc2@61.281C soc0@61.937C gpu@63.656C tj@63.656C soc1@61C VDD_IN 17918mW/16677mW VDD_CPU_GPU_CV 8862mW/7834mW VDD_SOC 3923mW/3799mW
08-11-2026 17:42:38 RAM 6334/7607MB (lfb 2x4MB) SWAP 1412/16384MB (cached 141MB) CPU [5%@1344,92%@1344,1%@1344,2%@1344,0%@729,0%@729] GR3D_FREQ 98% cpu@62.312C soc2@61.281C soc0@62.031C gpu@63.625C tj@63.625C soc1@61.031C VDD_IN 17879mW/16698mW VDD_CPU_GPU_CV 8823mW/7851mW VDD_SOC 3962mW/3802mW
08-11-2026 17:42:39 RAM 6334/7607MB (lfb 2x4MB) SWAP 1412/16384MB (cached 141MB) CPU [2%@1344,91%@1344,1%@1344,1%@1344,2%@729,2%@729] GR3D_FREQ 98% cpu@62.5C soc2@61.406C soc0@62.031C gpu@63.875C tj@63.875C soc1@61.062C VDD_IN 17879mW/16718mW VDD_CPU_GPU_CV 8823mW/7868mW VDD_SOC 3962mW/3805mW
08-11-2026 17:42:40 RAM 6335/7607MB (lfb 2x4MB) SWAP 1412/16384MB (cached 141MB) CPU [1%@1344,93%@1344,1%@1344,2%@1344,2%@729,1%@729] GR3D_FREQ 97% cpu@62.093C soc2@61.437C soc0@62.093C gpu@63.906C tj@63.906C soc1@61.187C VDD_IN 17840mW/16737mW VDD_CPU_GPU_CV 8705mW/7882mW VDD_SOC 4001mW/3808mW
08-11-2026 17:42:41 RAM 6338/7607MB (lfb 2x4MB) SWAP 1412/16384MB (cached 141MB) CPU [6%@1344,92%@1344,2%@1344,8%@1344,12%@729,2%@729] GR3D_FREQ 97% cpu@62.25C soc2@61.468C soc0@62.25C gpu@63.812C tj@63.812C soc1@61.062C VDD_IN 17889mW/16756mW VDD_CPU_GPU_CV 8744mW/7897mW VDD_SOC 4001mW/3811mW
08-11-2026 17:42:42 RAM 6338/7607MB (lfb 2x4MB) SWAP 1412/16384MB (cached 141MB) CPU [2%@1344,92%@1344,3%@1344,1%@1344,1%@729,0%@729] GR3D_FREQ 97% cpu@62.25C soc2@61.437C soc0@62.062C gpu@63.875C tj@63.875C soc1@61.093C VDD_IN 17840mW/16774mW VDD_CPU_GPU_CV 8588mW/7908mW VDD_SOC 4040mW/3815mW
08-11-2026 17:42:43 RAM 6338/7607MB (lfb 2x4MB) SWAP 1412/16384MB (cached 141MB) CPU [2%@1344,93%@1344,2%@1344,0%@1344,0%@729,0%@729] GR3D_FREQ 98% cpu@62.5C soc2@61.437C soc0@62.156C gpu@64.062C tj@64.062C soc1@61.218C VDD_IN 17761mW/16790mW VDD_CPU_GPU_CV 8471mW/7917mW VDD_SOC 4040mW/3819mW
08-11-2026 17:42:44 RAM 6339/7607MB (lfb 2x4MB) SWAP 1412/16384MB (cached 141MB) CPU [1%@1344,92%@1344,2%@1344,3%@1344,0%@729,1%@729] GR3D_FREQ 98% cpu@62.593C soc2@61.531C soc0@62.125C gpu@64.031C tj@64.031C soc1@61.218C VDD_IN 17801mW/16806mW VDD_CPU_GPU_CV 8432mW/7925mW VDD_SOC 4080mW/3823mW
08-11-2026 17:42:45 RAM 6339/7607MB (lfb 2x4MB) SWAP 1412/16384MB (cached 141MB) CPU [2%@1344,92%@1344,1%@1344,1%@1344,0%@729,1%@729] GR3D_FREQ 97% cpu@62.312C soc2@61.593C soc0@62.156C gpu@64.062C tj@64.062C soc1@61.343C VDD_IN 17761mW/16821mW VDD_CPU_GPU_CV 8276mW/7931mW VDD_SOC 4119mW/3827mW
08-11-2026 17:42:46 RAM 6339/7607MB (lfb 2x4MB) SWAP 1412/16384MB (cached 141MB) CPU [5%@1344,92%@1344,10%@1344,7%@1344,0%@729,4%@729] GR3D_FREQ 98% cpu@62.656C soc2@61.593C soc0@62.25C gpu@64.156C tj@64.156C soc1@61.218C VDD_IN 17929mW/16838mW VDD_CPU_GPU_CV 8393mW/7938mW VDD_SOC 4158mW/3832mW
08-11-2026 17:42:47 RAM 6340/7607MB (lfb 2x4MB) SWAP 1412/16384MB (cached 141MB) CPU [3%@729,73%@729,2%@729,2%@729,23%@1344,2%@1344] GR3D_FREQ 98% cpu@62.406C soc2@61.5C soc0@62.156C gpu@64.125C tj@64.125C soc1@61.312C VDD_IN 17761mW/16852mW VDD_CPU_GPU_CV 8055mW/7940mW VDD_SOC 4237mW/3839mW
08-11-2026 17:42:48 RAM 6340/7607MB (lfb 2x4MB) SWAP 1412/16384MB (cached 141MB) CPU [2%@729,1%@729,2%@729,1%@729,92%@1344,1%@1344] GR3D_FREQ 99% cpu@62.718C soc2@61.625C soc0@62.187C gpu@63.625C tj@63.625C soc1@61.375C VDD_IN 17643mW/16864mW VDD_CPU_GPU_CV 7820mW/7938mW VDD_SOC 4276mW/3845mW
08-11-2026 17:42:49 RAM 6340/7607MB (lfb 2x4MB) SWAP 1412/16384MB (cached 141MB) CPU [70%@1344,3%@1344,3%@1344,3%@1344,26%@729,0%@729] GR3D_FREQ 99% cpu@62.781C soc2@61.781C soc0@62.312C gpu@63.593C tj@63.593C soc1@61.343C VDD_IN 17643mW/16875mW VDD_CPU_GPU_CV 8290mW/7943mW VDD_SOC 4080mW/3849mW
08-11-2026 17:42:50 RAM 6340/7607MB (lfb 2x4MB) SWAP 1412/16384MB (cached 141MB) CPU [92%@1344,2%@1344,1%@1344,1%@1344,0%@729,1%@729] GR3D_FREQ 99% cpu@62.593C soc2@61.812C soc0@62.437C gpu@64.062C tj@64.062C soc1@61.468C VDD_IN 17565mW/16885mW VDD_CPU_GPU_CV 8549mW/7952mW VDD_SOC 3962mW/3850mW
08-11-2026 17:42:51 RAM 6341/7607MB (lfb 2x4MB) SWAP 1412/16384MB (cached 141MB) CPU [93%@1344,2%@1344,1%@1344,3%@1344,0%@729,1%@729] GR3D_FREQ 99% cpu@62.781C soc2@61.843C soc0@62.406C gpu@64.156C tj@64.156C soc1@61.343C VDD_IN 17879mW/16900mW VDD_CPU_GPU_CV 8705mW/7963mW VDD_SOC 4040mW/3853mW
08-11-2026 17:42:52 RAM 6341/7607MB (lfb 2x4MB) SWAP 1412/16384MB (cached 141MB) CPU [69%@960,12%@960,10%@960,12%@960,28%@729,0%@729] GR3D_FREQ 99% cpu@62.75C soc2@61.718C soc0@62.406C gpu@64C tj@64C soc1@61.375C VDD_IN 17889mW/16913mW VDD_CPU_GPU_CV 8862mW/7975mW VDD_SOC 3962mW/3854mW
08-11-2026 17:42:53 RAM 6341/7607MB (lfb 2x4MB) SWAP 1412/16384MB (cached 141MB) CPU [98%@1344,2%@1344,2%@1344,1%@1344,0%@729,0%@729] GR3D_FREQ 98% cpu@62.687C soc2@61.75C soc0@62.343C gpu@64.062C tj@64.062C soc1@61.468C VDD_IN 17929mW/16928mW VDD_CPU_GPU_CV 8901mW/7988mW VDD_SOC 3962mW/3856mW
08-11-2026 17:42:54 RAM 6341/7607MB (lfb 2x4MB) SWAP 1412/16384MB (cached 141MB) CPU [92%@1344,2%@1344,1%@1344,3%@1344,0%@729,0%@729] GR3D_FREQ 98% cpu@63C soc2@61.875C soc0@62.437C gpu@64.062C tj@64.062C soc1@61.625C VDD_IN 17889mW/16941mW VDD_CPU_GPU_CV 8823mW/8000mW VDD_SOC 3955mW/3857mW
08-11-2026 17:42:55 RAM 6341/7607MB (lfb 2x4MB) SWAP 1412/16384MB (cached 141MB) CPU [92%@1344,2%@1344,1%@1344,2%@1344,0%@729,0%@729] GR3D_FREQ 97% cpu@62.75C soc2@61.937C soc0@62.468C gpu@63.875C tj@63.875C soc1@61.5C VDD_IN 17840mW/16953mW VDD_CPU_GPU_CV 8784mW/8010mW VDD_SOC 3962mW/3859mW
08-11-2026 17:42:56 RAM 6341/7607MB (lfb 2x4MB) SWAP 1412/16384MB (cached 141MB) CPU [92%@1344,1%@1344,2%@1344,1%@1344,0%@729,0%@729] GR3D_FREQ 98% cpu@62.906C soc2@61.937C soc0@62.437C gpu@64.031C tj@64.031C soc1@61.562C VDD_IN 17801mW/16964mW VDD_CPU_GPU_CV 8705mW/8019mW VDD_SOC 3962mW/3860mW
08-11-2026 17:42:57 RAM 6341/7607MB (lfb 2x4MB) SWAP 1412/16384MB (cached 141MB) CPU [45%@729,4%@729,5%@729,11%@729,58%@1344,1%@1344] GR3D_FREQ 99% cpu@62.937C soc2@61.75C soc0@62.5C gpu@63.937C tj@64.093C soc1@61.593C VDD_IN 17879mW/16976mW VDD_CPU_GPU_CV 8666mW/8028mW VDD_SOC 4001mW/3862mW
08-11-2026 17:42:58 RAM 6342/7607MB (lfb 2x4MB) SWAP 1412/16384MB (cached 141MB) CPU [1%@729,2%@729,1%@729,3%@729,92%@1344,0%@1344] GR3D_FREQ 97% cpu@62.781C soc2@61.781C soc0@62.593C gpu@64.093C tj@64.093C soc1@61.625C VDD_IN 17761mW/16986mW VDD_CPU_GPU_CV 8549mW/8035mW VDD_SOC 4001mW/3864mW
08-11-2026 17:42:59 RAM 6342/7607MB (lfb 2x4MB) SWAP 1412/16384MB (cached 141MB) CPU [1%@1344,1%@1344,2%@1344,4%@729,92%@1344,0%@1344] GR3D_FREQ 98% cpu@62.937C soc2@61.75C soc0@62.562C gpu@64.031C tj@64.031C soc1@61.718C VDD_IN 17643mW/16995mW VDD_CPU_GPU_CV 8432mW/8040mW VDD_SOC 4040mW/3866mW
08-11-2026 17:43:00 RAM 6342/7607MB (lfb 2x4MB) SWAP 1412/16384MB (cached 141MB) CPU [7%@729,2%@729,0%@729,2%@729,92%@1344,0%@1344] GR3D_FREQ 98% cpu@62.656C soc2@61.875C soc0@62.593C gpu@64.031C tj@64.031C soc1@61.468C VDD_IN 17683mW/17004mW VDD_CPU_GPU_CV 8315mW/8043mW VDD_SOC 4040mW/3868mW
08-11-2026 17:43:01 RAM 6342/7607MB (lfb 2x4MB) SWAP 1412/16384MB (cached 141MB) CPU [1%@729,2%@729,2%@729,3%@729,92%@1344,0%@1344] GR3D_FREQ 98% cpu@62.75C soc2@61.812C soc0@62.781C gpu@64.125C tj@64.125C soc1@61.593C VDD_IN 17565mW/17011mW VDD_CPU_GPU_CV 8211mW/8045mW VDD_SOC 4119mW/3871mW
08-11-2026 17:43:02 RAM 6343/7607MB (lfb 2x4MB) SWAP 1412/16384MB (cached 141MB) CPU [18%@729,6%@729,4%@729,6%@729,92%@1344,0%@1344] GR3D_FREQ 98% cpu@62.968C soc2@61.906C soc0@62.531C gpu@64.187C tj@64.187C soc1@61.593C VDD_IN 17801mW/17020mW VDD_CPU_GPU_CV 8276mW/8048mW VDD_SOC 4158mW/3875mW
08-11-2026 17:43:03 RAM 6343/7607MB (lfb 2x4MB) SWAP 1412/16384MB (cached 141MB) CPU [4%@729,3%@729,1%@729,0%@729,92%@1344,0%@1344] GR3D_FREQ 98% cpu@63.125C soc2@61.906C soc0@62.593C gpu@63.937C tj@63.937C soc1@61.687C VDD_IN 17526mW/17027mW VDD_CPU_GPU_CV 7977mW/8047mW VDD_SOC 4197mW/3879mW
08-11-2026 17:43:04 RAM 6344/7607MB (lfb 2x4MB) SWAP 1412/16384MB (cached 141MB) CPU [3%@729,2%@729,4%@729,1%@729,92%@1344,0%@1344] GR3D_FREQ 99% cpu@63.062C soc2@62C soc0@62.75C gpu@63.468C tj@63.468C soc1@61.812C VDD_IN 17408mW/17031mW VDD_CPU_GPU_CV 7664mW/8043mW VDD_SOC 4276mW/3884mW
08-11-2026 17:43:05 RAM 6345/7607MB (lfb 2x4MB) SWAP 1412/16384MB (cached 141MB) CPU [3%@729,2%@729,2%@729,1%@729,92%@1344,0%@1344] GR3D_FREQ 99% cpu@62.781C soc2@62.031C soc0@62.781C gpu@63.812C tj@63.812C soc1@61.625C VDD_IN 17368mW/17035mW VDD_CPU_GPU_CV 8211mW/8045mW VDD_SOC 4040mW/3885mW
08-11-2026 17:43:06 RAM 6345/7607MB (lfb 2x4MB) SWAP 1412/16384MB (cached 141MB) CPU [3%@729,2%@729,3%@729,1%@729,92%@1344,0%@1344] GR3D_FREQ 99% cpu@62.75C soc2@61.875C soc0@62.812C gpu@64.125C tj@64.125C soc1@61.625C VDD_IN 17447mW/17040mW VDD_CPU_GPU_CV 8524mW/8050mW VDD_SOC 3923mW/3886mW
08-11-2026 17:43:07 RAM 6346/7607MB (lfb 2x4MB) SWAP 1412/16384MB (cached 141MB) CPU [1%@729,2%@729,2%@729,2%@729,91%@1344,0%@1344] GR3D_FREQ 99% cpu@63C soc2@62.093C soc0@62.562C gpu@64.343C tj@64.343C soc1@61.75C VDD_IN 17761mW/17048mW VDD_CPU_GPU_CV 8627mW/8057mW VDD_SOC 4040mW/3888mW
08-11-2026 17:43:08 RAM 6348/7607MB (lfb 2x4MB) SWAP 1412/16384MB (cached 141MB) CPU [7%@729,17%@729,8%@729,4%@729,95%@960,0%@960] GR3D_FREQ 98% cpu@63.093C soc2@62C soc0@62.593C gpu@64.156C tj@64.156C soc1@61.656C VDD_IN 17643mW/17055mW VDD_CPU_GPU_CV 8666mW/8064mW VDD_SOC 3962mW/3889mW
08-11-2026 17:43:09 RAM 6349/7607MB (lfb 2x4MB) SWAP 1412/16384MB (cached 141MB) CPU [3%@729,2%@729,2%@729,1%@729,97%@1344,0%@1344] GR3D_FREQ 98% cpu@63.062C soc2@62.062C soc0@62.781C gpu@64.593C tj@64.593C soc1@61.875C VDD_IN 17761mW/17063mW VDD_CPU_GPU_CV 8784mW/8072mW VDD_SOC 3923mW/3889mW
08-11-2026 17:43:10 RAM 6349/7607MB (lfb 2x4MB) SWAP 1412/16384MB (cached 141MB) CPU [2%@729,3%@729,2%@729,1%@729,92%@1344,0%@1344] GR3D_FREQ 98% cpu@62.687C soc2@62.062C soc0@62.75C gpu@64.687C tj@64.687C soc1@61.718C VDD_IN 17761mW/17071mW VDD_CPU_GPU_CV 8705mW/8079mW VDD_SOC 3962mW/3890mW
08-11-2026 17:43:11 RAM 6350/7607MB (lfb 2x4MB) SWAP 1412/16384MB (cached 141MB) CPU [6%@729,2%@729,2%@729,0%@729,92%@1344,0%@1344] GR3D_FREQ 97% cpu@62.875C soc2@61.968C soc0@62.875C gpu@64.718C tj@64.718C soc1@61.75C VDD_IN 17840mW/17080mW VDD_CPU_GPU_CV 8744mW/8087mW VDD_SOC 3962mW/3891mW
08-11-2026 17:43:12 RAM 6350/7607MB (lfb 2x4MB) SWAP 1412/16384MB (cached 141MB) CPU [2%@729,4%@729,1%@729,1%@729,92%@1344,0%@1344] GR3D_FREQ 98% cpu@63C soc2@62.093C soc0@62.75C gpu@64.75C tj@64.75C soc1@61.875C VDD_IN 17761mW/17087mW VDD_CPU_GPU_CV 8627mW/8093mW VDD_SOC 3962mW/3891mW
08-11-2026 17:43:13 RAM 6352/7607MB (lfb 2x4MB) SWAP 1412/16384MB (cached 141MB) CPU [6%@729,17%@729,7%@729,6%@729,92%@1344,0%@1344] GR3D_FREQ 97% cpu@63.25C soc2@62.093C soc0@62.781C gpu@64.312C tj@64.312C soc1@61.875C VDD_IN 17761mW/17094mW VDD_CPU_GPU_CV 8588mW/8098mW VDD_SOC 4001mW/3893mW
08-11-2026 17:43:14 RAM 6353/7607MB (lfb 2x4MB) SWAP 1412/16384MB (cached 141MB) CPU [1%@729,2%@729,2%@729,2%@729,92%@1344,0%@1344] GR3D_FREQ 98% cpu@62.875C soc2@62.062C soc0@62.75C gpu@64.468C tj@64.468C soc1@61.687C VDD_IN 17722mW/17101mW VDD_CPU_GPU_CV 8510mW/8103mW VDD_SOC 4001mW/3894mW
08-11-2026 17:43:15 RAM 6353/7607MB (lfb 2x4MB) SWAP 1412/16384MB (cached 141MB) CPU [3%@729,2%@729,2%@729,2%@729,93%@1344,0%@1344] GR3D_FREQ 98% cpu@62.937C soc2@62.062C soc0@62.937C gpu@64.406C tj@64.406C soc1@61.843C VDD_IN 17683mW/17107mW VDD_CPU_GPU_CV 8393mW/8106mW VDD_SOC 4040mW/3895mW
08-11-2026 17:43:16 RAM 6354/7607MB (lfb 2x4MB) SWAP 1412/16384MB (cached 141MB) CPU [1%@729,3%@729,3%@729,2%@729,92%@1344,0%@1344] GR3D_FREQ 98% cpu@62.906C soc2@62.093C soc0@62.843C gpu@64.468C tj@64.468C soc1@61.843C VDD_IN 17683mW/17113mW VDD_CPU_GPU_CV 8393mW/8109mW VDD_SOC 4080mW/3897mW
08-11-2026 17:43:17 RAM 6354/7607MB (lfb 2x4MB) SWAP 1412/16384MB (cached 141MB) CPU [4%@729,1%@729,2%@729,2%@729,92%@1344,0%@1344] GR3D_FREQ 98% cpu@63C soc2@62.218C soc0@62.875C gpu@64.5C tj@64.5C soc1@61.843C VDD_IN 17643mW/17119mW VDD_CPU_GPU_CV 8198mW/8110mW VDD_SOC 4119mW/3899mW
08-11-2026 17:43:18 RAM 6358/7607MB (lfb 2x4MB) SWAP 1412/16384MB (cached 141MB) CPU [4%@729,19%@729,8%@729,4%@729,91%@1344,0%@1344] GR3D_FREQ 98% cpu@63.281C soc2@62.187C soc0@62.812C gpu@64.5C tj@64.5C soc1@61.937C VDD_IN 17801mW/17126mW VDD_CPU_GPU_CV 8276mW/8111mW VDD_SOC 4158mW/3902mW
08-11-2026 17:43:19 RAM 6358/7607MB (lfb 2x4MB) SWAP 1412/16384MB (cached 141MB) CPU [3%@729,3%@729,3%@729,0%@729,93%@1344,0%@1344] GR3D_FREQ 98% cpu@63.031C soc2@62.156C soc0@62.906C gpu@64.218C tj@64.218C soc1@61.843C VDD_IN 17604mW/17131mW VDD_CPU_GPU_CV 8003mW/8110mW VDD_SOC 4197mW/3905mW
08-11-2026 17:43:20 RAM 6358/7607MB (lfb 2x4MB) SWAP 1412/16384MB (cached 141MB) CPU [2%@729,2%@729,1%@729,2%@729,92%@1344,0%@1344] GR3D_FREQ 99% cpu@63.281C soc2@62.281C soc0@62.968C gpu@64C tj@64C soc1@61.812C VDD_IN 17565mW/17135mW VDD_CPU_GPU_CV 7781mW/8107mW VDD_SOC 4276mW/3909mW
08-11-2026 17:43:21 RAM 6359/7607MB (lfb 2x4MB) SWAP 1412/16384MB (cached 141MB) CPU [2%@729,1%@729,3%@729,3%@729,92%@1344,0%@1344] GR3D_FREQ 99% cpu@63.375C soc2@62.187C soc0@62.781C gpu@63.937C tj@63.937C soc1@61.875C VDD_IN 17486mW/17139mW VDD_CPU_GPU_CV 8172mW/8107mW VDD_SOC 4119mW/3911mW
08-11-2026 17:43:22 RAM 6359/7607MB (lfb 2x4MB) SWAP 1412/16384MB (cached 141MB) CPU [2%@729,1%@729,2%@729,6%@729,92%@1344,0%@1344] GR3D_FREQ 99% cpu@63C soc2@62.156C soc0@62.875C gpu@64.375C tj@64.375C soc1@62.031C VDD_IN 17526mW/17143mW VDD_CPU_GPU_CV 8524mW/8112mW VDD_SOC 3962mW/3912mW
08-11-2026 17:43:23 RAM 6358/7607MB (lfb 2x4MB) SWAP 1412/16384MB (cached 141MB) CPU [4%@729,2%@729,7%@729,3%@729,92%@1344,0%@1344] GR3D_FREQ 99% cpu@63.25C soc2@62.281C soc0@62.968C gpu@64.718C tj@64.718C soc1@62.031C VDD_IN 17693mW/17148mW VDD_CPU_GPU_CV 8666mW/8117mW VDD_SOC 4001mW/3912mW
08-11-2026 17:43:24 RAM 6357/7607MB (lfb 2x4MB) SWAP 1412/16384MB (cached 141MB) CPU [10%@1113,3%@1113,16%@1113,3%@1113,91%@729,0%@729] GR3D_FREQ 99% cpu@63.062C soc2@62.281C soc0@63.031C gpu@64.781C tj@64.781C soc1@61.875C VDD_IN 17811mW/17154mW VDD_CPU_GPU_CV 8823mW/8124mW VDD_SOC 3962mW/3913mW
08-11-2026 17:43:25 RAM 6357/7607MB (lfb 2x4MB) SWAP 1412/16384MB (cached 141MB) CPU [82%@729,2%@729,2%@729,2%@729,17%@1344,0%@1344] GR3D_FREQ 97% cpu@63.156C soc2@62.25C soc0@63.062C gpu@64.812C tj@64.812C soc1@61.906C VDD_IN 17801mW/17161mW VDD_CPU_GPU_CV 8823mW/8131mW VDD_SOC 3923mW/3913mW
08-11-2026 17:43:26 RAM 6358/7607MB (lfb 2x4MB) SWAP 1412/16384MB (cached 141MB) CPU [3%@729,1%@729,1%@729,3%@729,92%@1344,0%@1344] GR3D_FREQ 97% cpu@63.218C soc2@62.25C soc0@62.968C gpu@64.781C tj@64.781C soc1@61.968C VDD_IN 17772mW/17166mW VDD_CPU_GPU_CV 8744mW/8136mW VDD_SOC 3962mW/3913mW
08-11-2026 17:43:27 RAM 6358/7607MB (lfb 2x4MB) SWAP 1412/16384MB (cached 141MB) CPU [2%@729,2%@729,0%@729,3%@729,92%@1344,0%@1344] GR3D_FREQ 97% cpu@63.093C soc2@62.312C soc0@63C gpu@64.843C tj@64.843C soc1@62.062C VDD_IN 17801mW/17172mW VDD_CPU_GPU_CV 8744mW/8142mW VDD_SOC 3962mW/3914mW
08-11-2026 17:43:28 RAM 6359/7607MB (lfb 2x4MB) SWAP 1412/16384MB (cached 141MB) CPU [2%@729,3%@729,1%@729,1%@729,93%@1344,1%@1344] GR3D_FREQ 98% cpu@63.468C soc2@62.312C soc0@63.093C gpu@64.656C tj@64.656C soc1@62.156C VDD_IN 17761mW/17178mW VDD_CPU_GPU_CV 8705mW/8147mW VDD_SOC 3962mW/3914mW
08-11-2026 17:43:29 RAM 6361/7607MB (lfb 2x4MB) SWAP 1412/16384MB (cached 141MB) CPU [5%@729,18%@729,6%@729,9%@729,92%@1344,1%@1344] GR3D_FREQ 98% cpu@63.125C soc2@62.375C soc0@63.093C gpu@64.593C tj@64.593C soc1@61.968C VDD_IN 17840mW/17184mW VDD_CPU_GPU_CV 8666mW/8152mW VDD_SOC 4001mW/3915mW
08-11-2026 17:43:30 RAM 6361/7607MB (lfb 2x4MB) SWAP 1412/16384MB (cached 141MB) CPU [3%@729,3%@729,1%@729,1%@729,92%@1344,0%@1344] GR3D_FREQ 98% cpu@63.156C soc2@62.343C soc0@63C gpu@64.687C tj@64.687C soc1@61.937C VDD_IN 17801mW/17190mW VDD_CPU_GPU_CV 8588mW/8156mW VDD_SOC 4001mW/3916mW
08-11-2026 17:43:31 RAM 6362/7607MB (lfb 2x4MB) SWAP 1412/16384MB (cached 141MB) CPU [2%@729,2%@729,2%@729,2%@729,93%@1344,0%@1344] GR3D_FREQ 98% cpu@63.312C soc2@62.25C soc0@63.031C gpu@64.687C tj@64.687C soc1@62.093C VDD_IN 17761mW/17195mW VDD_CPU_GPU_CV 8471mW/8159mW VDD_SOC 4040mW/3917mW
08-11-2026 17:43:32 RAM 6362/7607MB (lfb 2x4MB) SWAP 1412/16384MB (cached 141MB) CPU [2%@729,1%@729,1%@729,1%@729,92%@1344,1%@1344] GR3D_FREQ 98% cpu@63.062C soc2@62.406C soc0@63.062C gpu@64.812C tj@64.812C soc1@62.093C VDD_IN 17761mW/17200mW VDD_CPU_GPU_CV 8432mW/8162mW VDD_SOC 4080mW/3919mW
08-11-2026 17:43:33 RAM 6363/7607MB (lfb 2x4MB) SWAP 1412/16384MB (cached 141MB) CPU [2%@729,1%@729,2%@729,1%@729,92%@1344,3%@1344] GR3D_FREQ 98% cpu@63.218C soc2@62.468C soc0@63.093C gpu@64.718C tj@64.718C soc1@62C VDD_IN 17683mW/17204mW VDD_CPU_GPU_CV 8237mW/8162mW VDD_SOC 4119mW/3920mW
08-11-2026 17:43:34 RAM 6366/7607MB (lfb 2x4MB) SWAP 1412/16384MB (cached 141MB) CPU [3%@729,16%@729,4%@729,9%@729,92%@1344,0%@1344] GR3D_FREQ 98% cpu@63.156C soc2@62.375C soc0@63.218C gpu@64.906C tj@64.906C soc1@62.187C VDD_IN 17801mW/17210mW VDD_CPU_GPU_CV 8276mW/8163mW VDD_SOC 4158mW/3922mW
08-11-2026 17:43:35 RAM 6366/7607MB (lfb 2x4MB) SWAP 1412/16384MB (cached 141MB) CPU [2%@729,5%@729,2%@729,4%@729,92%@1344,0%@1344] GR3D_FREQ 98% cpu@63.25C soc2@62.375C soc0@63.062C gpu@64.906C tj@64.906C soc1@62.125C VDD_IN 17722mW/17214mW VDD_CPU_GPU_CV 8042mW/8162mW VDD_SOC 4197mW/3925mW
08-11-2026 17:43:36 RAM 6367/7607MB (lfb 2x4MB) SWAP 1412/16384MB (cached 141MB) CPU [2%@729,2%@729,1%@729,2%@729,92%@1344,1%@1344] GR3D_FREQ 99% cpu@63.625C soc2@62.5C soc0@63.093C gpu@64.781C tj@64.781C soc1@62.125C VDD_IN 17643mW/17218mW VDD_CPU_GPU_CV 7820mW/8159mW VDD_SOC 4276mW/3928mW
08-11-2026 17:43:37 RAM 6367/7607MB (lfb 2x4MB) SWAP 1412/16384MB (cached 141MB) CPU [4%@1344,2%@1344,1%@1344,2%@1344,91%@1344,0%@1344] GR3D_FREQ 99% cpu@63.406C soc2@62.593C soc0@63.062C gpu@64.625C tj@64.625C soc1@62.312C VDD_IN 17486mW/17220mW VDD_CPU_GPU_CV 8133mW/8159mW VDD_SOC 4119mW/3930mW
08-11-2026 17:43:38 RAM 6368/7607MB (lfb 2x4MB) SWAP 1412/16384MB (cached 141MB) CPU [8%@1344,0%@1344,2%@1344,1%@1344,86%@729,0%@729] GR3D_FREQ 99% cpu@63.531C soc2@62.531C soc0@63.25C gpu@64.593C tj@64.593C soc1@62.125C VDD_IN 17526mW/17223mW VDD_CPU_GPU_CV 8471mW/8162mW VDD_SOC 3962mW/3930mW
08-11-2026 17:43:39 RAM 6366/7607MB (lfb 2x4MB) SWAP 1412/16384MB (cached 141MB) CPU [90%@1190,5%@1190,12%@1190,6%@1190,3%@1344,1%@1344] GR3D_FREQ 99% cpu@63.75C soc2@62.593C soc0@63.281C gpu@64.656C tj@64.656C soc1@62.093C VDD_IN 17801mW/17228mW VDD_CPU_GPU_CV 8666mW/8166mW VDD_SOC 4001mW/3930mW
08-11-2026 17:43:40 RAM 6365/7607MB (lfb 2x4MB) SWAP 1412/16384MB (cached 141MB) CPU [3%@729,3%@729,5%@729,4%@729,93%@806,0%@806] GR3D_FREQ 99% cpu@63.375C soc2@62.406C soc0@63.093C gpu@65.031C tj@65.031C soc1@62.25C VDD_IN 17850mW/17233mW VDD_CPU_GPU_CV 8862mW/8172mW VDD_SOC 3962mW/3931mW
08-11-2026 17:43:41 RAM 6365/7607MB (lfb 2x4MB) SWAP 1412/16384MB (cached 141MB) CPU [3%@729,1%@729,2%@729,2%@729,98%@1344,0%@1344] GR3D_FREQ 97% cpu@63.562C soc2@62.531C soc0@63.156C gpu@64.968C tj@64.968C soc1@62.281C VDD_IN 17840mW/17238mW VDD_CPU_GPU_CV 8823mW/8177mW VDD_SOC 3923mW/3931mW
08-11-2026 17:43:42 RAM 6366/7607MB (lfb 2x4MB) SWAP 1412/16384MB (cached 141MB) CPU [2%@729,1%@729,1%@729,2%@729,92%@1344,0%@1344] GR3D_FREQ 97% cpu@63.218C soc2@62.531C soc0@63.218C gpu@64.937C tj@64.937C soc1@62.312C VDD_IN 17772mW/17242mW VDD_CPU_GPU_CV 8784mW/8182mW VDD_SOC 3962mW/3931mW
08-11-2026 17:43:43 RAM 6366/7607MB (lfb 2x4MB) SWAP 1412/16384MB (cached 141MB) CPU [1%@729,2%@729,2%@729,1%@729,92%@1344,0%@1344] GR3D_FREQ 97% cpu@63.218C soc2@62.593C soc0@63.187C gpu@64.937C tj@64.937C soc1@62.218C VDD_IN 17732mW/17246mW VDD_CPU_GPU_CV 8744mW/8187mW VDD_SOC 3962mW/3931mW
08-11-2026 17:43:44 RAM 6366/7607MB (lfb 2x4MB) SWAP 1412/16384MB (cached 141MB) CPU [6%@729,2%@729,4%@729,3%@729,92%@1344,0%@1344] GR3D_FREQ 98% cpu@63.218C soc2@62.5C soc0@63.343C gpu@64.968C tj@64.968C soc1@62.187C VDD_IN 17772mW/17251mW VDD_CPU_GPU_CV 8705mW/8191mW VDD_SOC 3962mW/3931mW
08-11-2026 17:43:45 RAM 6368/7607MB (lfb 2x4MB) SWAP 1412/16384MB (cached 141MB) CPU [4%@729,4%@729,18%@729,8%@729,92%@1344,0%@1344] GR3D_FREQ 98% cpu@63.406C soc2@62.562C soc0@63.156C gpu@64.812C tj@64.812C soc1@62.312C VDD_IN 17772mW/17255mW VDD_CPU_GPU_CV 8627mW/8195mW VDD_SOC 4001mW/3932mW
08-11-2026 17:43:46 RAM 6368/7607MB (lfb 2x4MB) SWAP 1412/16384MB (cached 141MB) CPU [4%@729,1%@729,1%@729,1%@729,92%@1344,1%@1344] GR3D_FREQ 98% cpu@63.562C soc2@62.531C soc0@63.312C gpu@64.906C tj@64.906C soc1@62.343C VDD_IN 17801mW/17259mW VDD_CPU_GPU_CV 8588mW/8198mW VDD_SOC 4001mW/3932mW
08-11-2026 17:43:47 RAM 6369/7607MB (lfb 2x4MB) SWAP 1412/16384MB (cached 141MB) CPU [1%@729,2%@729,1%@729,3%@729,92%@1344,1%@1344] GR3D_FREQ 97% cpu@63.312C soc2@62.593C soc0@63.312C gpu@64.781C tj@64.781C soc1@62.312C VDD_IN 17761mW/17263mW VDD_CPU_GPU_CV 8510mW/8200mW VDD_SOC 4040mW/3933mW
08-11-2026 17:43:48 RAM 6369/7607MB (lfb 2x4MB) SWAP 1412/16384MB (cached 141MB) CPU [3%@729,2%@729,2%@729,2%@729,92%@1344,0%@1344] GR3D_FREQ 98% cpu@63.406C soc2@62.593C soc0@63.343C gpu@64.812C tj@64.812C soc1@62.218C VDD_IN 17761mW/17267mW VDD_CPU_GPU_CV 8432mW/8202mW VDD_SOC 4080mW/3934mW
08-11-2026 17:43:49 RAM 6370/7607MB (lfb 2x4MB) SWAP 1412/16384MB (cached 141MB) CPU [2%@729,1%@729,3%@729,1%@729,92%@1344,0%@1344] GR3D_FREQ 98% cpu@63.562C soc2@62.562C soc0@63.437C gpu@64.781C tj@64.781C soc1@62.312C VDD_IN 17722mW/17271mW VDD_CPU_GPU_CV 8315mW/8203mW VDD_SOC 4119mW/3936mW
08-11-2026 17:43:50 RAM 6373/7607MB (lfb 2x4MB) SWAP 1412/16384MB (cached 141MB) CPU [3%@729,6%@729,19%@729,8%@729,92%@1344,0%@1344] GR3D_FREQ 98% cpu@63.437C soc2@62.656C soc0@63.312C gpu@64.968C tj@64.968C soc1@62.312C VDD_IN 17761mW/17274mW VDD_CPU_GPU_CV 8198mW/8203mW VDD_SOC 4158mW/3938mW
08-11-2026 17:43:51 RAM 6372/7607MB (lfb 2x4MB) SWAP 1412/16384MB (cached 141MB) CPU [24%@1344,4%@1344,1%@1344,2%@1344,70%@729,0%@729] GR3D_FREQ 98% cpu@63.687C soc2@62.687C soc0@63.343C gpu@65C tj@65C soc1@62.375C VDD_IN 17643mW/17277mW VDD_CPU_GPU_CV 8042mW/8202mW VDD_SOC 4197mW/3940mW
08-11-2026 17:43:52 RAM 6372/7607MB (lfb 2x4MB) SWAP 1412/16384MB (cached 141MB) CPU [92%@1344,1%@1344,1%@1344,1%@1344,0%@729,0%@729] GR3D_FREQ 98% cpu@63.437C soc2@62.843C soc0@63.406C gpu@64.906C tj@64.906C soc1@62.437C VDD_IN 17604mW/17280mW VDD_CPU_GPU_CV 7847mW/8199mW VDD_SOC 4276mW/3942mW
08-11-2026 17:43:53 RAM 6372/7607MB (lfb 2x4MB) SWAP 1412/16384MB (cached 141MB) CPU [92%@1344,2%@1344,2%@1344,1%@1344,0%@729,0%@729] GR3D_FREQ 99% cpu@63.531C soc2@62.906C soc0@63.5C gpu@64.687C tj@64.687C soc1@62.312C VDD_IN 17526mW/17282mW VDD_CPU_GPU_CV 8016mW/8198mW VDD_SOC 4158mW/3944mW
08-11-2026 17:43:54 RAM 6372/7607MB (lfb 2x4MB) SWAP 1412/16384MB (cached 141MB) CPU [93%@1344,2%@1344,1%@1344,1%@1344,0%@729,0%@729] GR3D_FREQ 99% cpu@63.468C soc2@62.75C soc0@63.5C gpu@65.187C tj@65.187C soc1@62.25C VDD_IN 17565mW/17284mW VDD_CPU_GPU_CV 8471mW/8200mW VDD_SOC 4001mW/3944mW
08-11-2026 17:43:55 RAM 6374/7607MB (lfb 2x4MB) SWAP 1412/16384MB (cached 141MB) CPU [83%@806,15%@806,11%@806,4%@806,11%@1344,1%@1344] GR3D_FREQ 99% cpu@63.5C soc2@62.656C soc0@63.312C gpu@65.281C tj@65.281C soc1@62.343C VDD_IN 17850mW/17288mW VDD_CPU_GPU_CV 8744mW/8204mW VDD_SOC 3995mW/3945mW
08-11-2026 17:43:56 RAM 6373/7607MB (lfb 2x4MB) SWAP 1412/16384MB (cached 141MB) CPU [2%@729,2%@729,3%@729,1%@729,93%@729,0%@729] GR3D_FREQ 99% cpu@63.687C soc2@62.687C soc0@63.343C gpu@65.406C tj@65.406C soc1@62.437C VDD_IN 18046mW/17294mW VDD_CPU_GPU_CV 8862mW/8209mW VDD_SOC 4034mW/3945mW
08-11-2026 17:43:57 RAM 6374/7607MB (lfb 2x4MB) SWAP 1412/16384MB (cached 141MB) CPU [3%@729,2%@729,2%@729,1%@729,99%@1344,0%@1344] GR3D_FREQ 98% cpu@63.343C soc2@62.75C soc0@63.343C gpu@65C tj@65C soc1@62.375C VDD_IN 17811mW/17297mW VDD_CPU_GPU_CV 8823mW/8213mW VDD_SOC 3923mW/3945mW
08-11-2026 17:43:58 RAM 6374/7607MB (lfb 2x4MB) SWAP 1412/16384MB (cached 141MB) CPU [2%@729,3%@729,3%@729,2%@729,93%@1344,0%@1344] GR3D_FREQ 98% cpu@63.406C soc2@62.625C soc0@63.468C gpu@65C tj@65C soc1@62.312C VDD_IN 17811mW/17301mW VDD_CPU_GPU_CV 8823mW/8217mW VDD_SOC 3962mW/3945mW
08-11-2026 17:43:59 RAM 6375/7607MB (lfb 2x4MB) SWAP 1412/16384MB (cached 141MB) CPU [2%@729,1%@729,1%@729,3%@729,92%@1344,1%@1344] GR3D_FREQ 97% cpu@63.593C soc2@62.625C soc0@63.343C gpu@65C tj@65C soc1@62.343C VDD_IN 17761mW/17305mW VDD_CPU_GPU_CV 8666mW/8221mW VDD_SOC 3962mW/3945mW
08-11-2026 17:44:00 RAM 6375/7607MB (lfb 2x4MB) SWAP 1412/16384MB (cached 141MB) CPU [2%@729,2%@729,1%@729,1%@729,92%@1344,0%@1344] GR3D_FREQ 98% cpu@63.781C soc2@62.656C soc0@63.406C gpu@65.062C tj@65.062C soc1@62.375C VDD_IN 17811mW/17308mW VDD_CPU_GPU_CV 8705mW/8224mW VDD_SOC 3962mW/3946mW
08-11-2026 17:44:01 RAM 6374/7607MB (lfb 2x4MB) SWAP 1412/16384MB (cached 141MB) CPU [19%@729,6%@729,5%@729,7%@729,93%@1344,0%@1344] GR3D_FREQ 99% cpu@63.687C soc2@62.656C soc0@63.437C gpu@65.062C tj@65.062C soc1@62.5C VDD_IN 17811mW/17312mW VDD_CPU_GPU_CV 8666mW/8227mW VDD_SOC 3995mW/3946mW
08-11-2026 17:44:02 RAM 6374/7607MB (lfb 2x4MB) SWAP 1412/16384MB (cached 141MB) CPU [2%@729,3%@729,2%@729,1%@729,92%@1344,0%@1344] GR3D_FREQ 97% cpu@63.375C soc2@62.625C soc0@63.406C gpu@65.468C tj@65.468C soc1@62.343C VDD_IN 17811mW/17315mW VDD_CPU_GPU_CV 8627mW/8230mW VDD_SOC 4001mW/3946mW
08-11-2026 17:44:03 RAM 6375/7607MB (lfb 2x4MB) SWAP 1412/16384MB (cached 141MB) CPU [2%@729,3%@729,5%@729,2%@729,92%@1344,2%@1344] GR3D_FREQ 98% cpu@63.468C soc2@62.718C soc0@63.5C gpu@65.031C tj@65.031C soc1@62.312C VDD_IN 17772mW/17319mW VDD_CPU_GPU_CV 8510mW/8232mW VDD_SOC 4040mW/3947mW
08-11-2026 17:44:04 RAM 6376/7607MB (lfb 2x4MB) SWAP 1412/16384MB (cached 141MB) CPU [1%@729,2%@729,1%@729,1%@729,93%@1344,1%@1344] GR3D_FREQ 98% cpu@63.593C soc2@62.625C soc0@63.406C gpu@64.937C tj@64.937C soc1@62.343C VDD_IN 17772mW/17322mW VDD_CPU_GPU_CV 8471mW/8234mW VDD_SOC 4080mW/3948mW
08-11-2026 17:44:05 RAM 6376/7607MB (lfb 2x4MB) SWAP 1412/16384MB (cached 141MB) CPU [2%@729,1%@729,1%@729,2%@729,92%@1344,0%@1344] GR3D_FREQ 98% cpu@63.812C soc2@62.687C soc0@63.343C gpu@64.968C tj@64.968C soc1@62.343C VDD_IN 17761mW/17325mW VDD_CPU_GPU_CV 8315mW/8234mW VDD_SOC 4119mW/3949mW
08-11-2026 17:44:06 RAM 6374/7607MB (lfb 2x4MB) SWAP 1412/16384MB (cached 141MB) CPU [14%@729,8%@729,11%@729,9%@729,92%@1344,1%@1344] GR3D_FREQ 97% cpu@63.75C soc2@62.781C soc0@63.468C gpu@64.906C tj@64.906C soc1@62.562C VDD_IN 17722mW/17327mW VDD_CPU_GPU_CV 8198mW/8234mW VDD_SOC 4158mW/3950mW
08-11-2026 17:44:07 RAM 6375/7607MB (lfb 2x4MB) SWAP 1412/16384MB (cached 141MB) CPU [2%@729,3%@729,2%@729,1%@729,91%@1344,0%@1344] GR3D_FREQ 98% cpu@63.562C soc2@62.75C soc0@63.531C gpu@65.062C tj@65.062C soc1@62.406C VDD_IN 17683mW/17330mW VDD_CPU_GPU_CV 8081mW/8233mW VDD_SOC 4197mW/3952mW
08-11-2026 17:44:08 RAM 6376/7607MB (lfb 2x4MB) SWAP 1412/16384MB (cached 141MB) CPU [2%@729,2%@729,1%@729,1%@729,92%@1344,0%@1344] GR3D_FREQ 98% cpu@63.625C soc2@62.687C soc0@63.562C gpu@65C tj@65C soc1@62.375C VDD_IN 17683mW/17332mW VDD_CPU_GPU_CV 7847mW/8230mW VDD_SOC 4276mW/3954mW
08-11-2026 17:44:09 RAM 6376/7607MB (lfb 2x4MB) SWAP 1412/16384MB (cached 141MB) CPU [1%@729,2%@729,1%@729,3%@729,92%@1344,1%@1344] GR3D_FREQ 99% cpu@63.875C soc2@62.75C soc0@63.375C gpu@64.718C tj@64.718C soc1@62.437C VDD_IN 17565mW/17334mW VDD_CPU_GPU_CV 8055mW/8229mW VDD_SOC 4197mW/3956mW
08-11-2026 17:44:10 RAM 6377/7607MB (lfb 2x4MB) SWAP 1412/16384MB (cached 141MB) CPU [3%@729,1%@729,2%@729,0%@729,92%@1344,0%@1344] GR3D_FREQ 99% cpu@63.937C soc2@62.781C soc0@63.531C gpu@65.218C tj@65.218C soc1@62.5C VDD_IN 17565mW/17335mW VDD_CPU_GPU_CV 8510mW/8231mW VDD_SOC 4001mW/3956mW
08-11-2026 17:44:11 RAM 6383/7607MB (lfb 2x4MB) SWAP 1412/16384MB (cached 141MB) CPU [8%@729,18%@729,7%@729,4%@729,92%@1344,0%@1344] GR3D_FREQ 99% cpu@63.781C soc2@62.781C soc0@63.562C gpu@65.187C tj@65.031C soc1@62.562C VDD_IN 17772mW/17338mW VDD_CPU_GPU_CV 8744mW/8235mW VDD_SOC 4001mW/3957mW
08-11-2026 17:44:12 RAM 6382/7607MB (lfb 2x4MB) SWAP 1412/16384MB (cached 141MB) CPU [2%@729,2%@729,2%@729,3%@729,93%@729,0%@729] GR3D_FREQ 99% cpu@63.625C soc2@62.781C soc0@63.562C gpu@65.281C tj@65.281C soc1@62.437C VDD_IN 18007mW/17343mW VDD_CPU_GPU_CV 8901mW/8239mW VDD_SOC 3995mW/3957mW
08-11-2026 17:44:13 RAM 6383/7607MB (lfb 2x4MB) SWAP 1412/16384MB (cached 141MB) CPU [3%@729,2%@729,2%@729,0%@729,99%@1344,0%@1344] GR3D_FREQ 98% cpu@63.562C soc2@62.718C soc0@63.468C gpu@65.156C tj@65.156C soc1@62.5C VDD_IN 17850mW/17346mW VDD_CPU_GPU_CV 8823mW/8243mW VDD_SOC 3916mW/3957mW
08-11-2026 17:44:14 RAM 6383/7607MB (lfb 2x4MB) SWAP 1412/16384MB (cached 141MB) CPU [3%@729,1%@729,2%@729,1%@729,92%@1344,0%@1344] GR3D_FREQ 98% cpu@63.562C soc2@62.781C soc0@63.406C gpu@65.156C tj@65.156C soc1@62.593C VDD_IN 17850mW/17349mW VDD_CPU_GPU_CV 8784mW/8246mW VDD_SOC 3962mW/3957mW
08-11-2026 17:44:15 RAM 6384/7607MB (lfb 2x4MB) SWAP 1412/16384MB (cached 141MB) CPU [3%@729,2%@729,2%@729,1%@729,92%@1344,0%@1344] GR3D_FREQ 97% cpu@63.812C soc2@62.718C soc0@63.562C gpu@65.25C tj@65.25C soc1@62.531C VDD_IN 17772mW/17352mW VDD_CPU_GPU_CV 8705mW/8249mW VDD_SOC 3962mW/3957mW
08-11-2026 17:44:16 RAM 6385/7607MB (lfb 2x4MB) SWAP 1412/16384MB (cached 141MB) CPU [3%@1267,3%@1267,3%@1267,3%@1267,92%@1344,0%@1344] GR3D_FREQ 98% cpu@63.75C soc2@62.781C soc0@63.562C gpu@65.375C tj@65.375C soc1@62.437C VDD_IN 17889mW/17356mW VDD_CPU_GPU_CV 8784mW/8253mW VDD_SOC 3955mW/3957mW
08-11-2026 17:44:17 RAM 6385/7607MB (lfb 2x4MB) SWAP 1412/16384MB (cached 141MB) CPU [7%@729,5%@729,14%@729,9%@729,93%@1344,0%@1344] GR3D_FREQ 99% cpu@63.562C soc2@62.843C soc0@63.718C gpu@65.343C tj@65.343C soc1@62.5C VDD_IN 17850mW/17359mW VDD_CPU_GPU_CV 8705mW/8256mW VDD_SOC 3995mW/3957mW
08-11-2026 17:44:18 RAM 6385/7607MB (lfb 2x4MB) SWAP 1412/16384MB (cached 141MB) CPU [38%@1344,1%@1344,1%@1344,2%@1344,55%@729,0%@729] GR3D_FREQ 98% cpu@63.625C soc2@63C soc0@63.468C gpu@65.437C tj@65.437C soc1@62.531C VDD_IN 17850mW/17362mW VDD_CPU_GPU_CV 8666mW/8258mW VDD_SOC 3995mW/3957mW
08-11-2026 17:44:19 RAM 6385/7607MB (lfb 2x4MB) SWAP 1412/16384MB (cached 141MB) CPU [92%@1344,2%@1344,2%@1344,4%@1344,0%@729,0%@729] GR3D_FREQ 98% cpu@63.843C soc2@62.875C soc0@63.5C gpu@65.5C tj@65.5C soc1@62.562C VDD_IN 17772mW/17365mW VDD_CPU_GPU_CV 8549mW/8260mW VDD_SOC 4040mW/3958mW
08-11-2026 17:44:20 RAM 6385/7607MB (lfb 2x4MB) SWAP 1412/16384MB (cached 141MB) CPU [92%@1344,2%@1344,1%@1344,1%@1344,0%@729,0%@729] GR3D_FREQ 97% cpu@63.906C soc2@62.937C soc0@63.562C gpu@65.468C tj@65.468C soc1@62.656C VDD_IN 17801mW/17367mW VDD_CPU_GPU_CV 8471mW/8262mW VDD_SOC 4080mW/3958mW
08-11-2026 17:44:21 RAM 6385/7607MB (lfb 2x4MB) SWAP 1412/16384MB (cached 141MB) CPU [92%@1344,2%@1344,2%@1344,2%@1344,0%@729,0%@729] GR3D_FREQ 98% cpu@63.656C soc2@63.031C soc0@63.562C gpu@65.562C tj@65.562C soc1@62.687C VDD_IN 17732mW/17370mW VDD_CPU_GPU_CV 8354mW/8262mW VDD_SOC 4119mW/3959mW
08-11-2026 17:44:22 RAM 6386/7607MB (lfb 2x4MB) SWAP 1412/16384MB (cached 141MB) CPU [45%@729,7%@729,13%@729,8%@729,49%@1344,0%@1344] GR3D_FREQ 98% cpu@63.656C soc2@62.875C soc0@63.625C gpu@65.031C tj@65.031C soc1@62.562C VDD_IN 17732mW/17372mW VDD_CPU_GPU_CV 8198mW/8262mW VDD_SOC 4158mW/3961mW
08-11-2026 17:44:23 RAM 6387/7607MB (lfb 2x4MB) SWAP 1412/16384MB (cached 141MB) CPU [1%@729,1%@729,4%@729,3%@729,92%@1344,0%@1344] GR3D_FREQ 98% cpu@63.843C soc2@62.75C soc0@63.5C gpu@65.093C tj@65.093C soc1@62.531C VDD_IN 17732mW/17374mW VDD_CPU_GPU_CV 8120mW/8261mW VDD_SOC 4197mW/3962mW
08-11-2026 17:44:24 RAM 6387/7607MB (lfb 2x4MB) SWAP 1412/16384MB (cached 141MB) CPU [2%@729,1%@729,1%@729,2%@729,93%@1344,1%@1344] GR3D_FREQ 98% cpu@63.812C soc2@62.812C soc0@63.562C gpu@65.062C tj@65.062C soc1@62.593C VDD_IN 17683mW/17376mW VDD_CPU_GPU_CV 7938mW/8259mW VDD_SOC 4237mW/3964mW
08-11-2026 17:44:25 RAM 6388/7607MB (lfb 2x4MB) SWAP 1412/16384MB (cached 141MB) CPU [3%@729,2%@729,1%@729,1%@729,92%@1344,0%@1344] GR3D_FREQ 99% cpu@64.125C soc2@62.875C soc0@63.562C gpu@64.718C tj@64.718C soc1@62.718C VDD_IN 17565mW/17377mW VDD_CPU_GPU_CV 8016mW/8257mW VDD_SOC 4197mW/3965mW
08-11-2026 17:44:26 RAM 6388/7607MB (lfb 2x4MB) SWAP 1412/16384MB (cached 141MB) CPU [4%@729,2%@729,2%@729,2%@729,92%@1344,1%@1344] GR3D_FREQ 99% cpu@63.687C soc2@62.968C soc0@63.593C gpu@65.125C tj@65.125C soc1@62.718C VDD_IN 17604mW/17378mW VDD_CPU_GPU_CV 8471mW/8259mW VDD_SOC 4001mW/3965mW
08-11-2026 17:44:27 RAM 6385/7607MB (lfb 2x4MB) SWAP 1412/16384MB (cached 141MB) CPU [7%@729,20%@729,5%@729,3%@729,92%@1344,0%@1344] GR3D_FREQ 99% cpu@63.656C soc2@62.875C soc0@63.593C gpu@65.625C tj@65.625C soc1@62.468C VDD_IN 17811mW/17381mW VDD_CPU_GPU_CV 8666mW/8261mW VDD_SOC 4040mW/3966mW
08-11-2026 17:44:28 RAM 6385/7607MB (lfb 2x4MB) SWAP 1412/16384MB (cached 141MB) CPU [2%@729,1%@729,6%@729,2%@729,93%@729,0%@729] GR3D_FREQ 99% cpu@64.031C soc2@62.875C soc0@63.625C gpu@65.25C tj@65.25C soc1@62.562C VDD_IN 18085mW/17385mW VDD_CPU_GPU_CV 8862mW/8265mW VDD_SOC 4073mW/3967mW
08-11-2026 17:44:29 RAM 6384/7607MB (lfb 2x4MB) SWAP 1412/16384MB (cached 141MB) CPU [2%@729,2%@729,4%@729,1%@729,98%@1344,0%@1344] GR3D_FREQ 98% cpu@63.781C soc2@62.843C soc0@63.562C gpu@65.125C tj@65.125C soc1@62.625C VDD_IN 17850mW/17388mW VDD_CPU_GPU_CV 8862mW/8268mW VDD_SOC 3923mW/3966mW
08-11-2026 17:44:30 RAM 6385/7607MB (lfb 2x4MB) SWAP 1411/16384MB (cached 141MB) CPU [2%@729,3%@729,3%@729,0%@729,94%@1344,0%@1344] GR3D_FREQ 98% cpu@64C soc2@62.906C soc0@63.656C gpu@65.187C tj@65.187C soc1@62.687C VDD_IN 17850mW/17391mW VDD_CPU_GPU_CV 8862mW/8272mW VDD_SOC 3962mW/3966mW
08-11-2026 17:44:31 RAM 6385/7607MB (lfb 2x4MB) SWAP 1411/16384MB (cached 141MB) CPU [1%@729,4%@729,2%@729,1%@729,92%@1344,0%@1344] GR3D_FREQ 97% cpu@63.593C soc2@62.968C soc0@63.687C gpu@65.187C tj@65.312C soc1@62.5C VDD_IN 17879mW/17394mW VDD_CPU_GPU_CV 8784mW/8275mW VDD_SOC 3962mW/3966mW
08-11-2026 17:44:32 RAM 6388/7607MB (lfb 2x4MB) SWAP 1411/16384MB (cached 141MB) CPU [6%@883,12%@883,3%@960,3%@960,92%@1344,1%@1344] GR3D_FREQ 98% cpu@63.75C soc2@62.937C soc0@63.531C gpu@65.406C tj@65.406C soc1@62.593C VDD_IN 18007mW/17397mW VDD_CPU_GPU_CV 8901mW/8278mW VDD_SOC 3995mW/3966mW
08-11-2026 17:44:33 RAM 6385/7607MB (lfb 2x4MB) SWAP 1411/16384MB (cached 141MB) CPU [50%@1344,7%@1344,2%@1344,3%@1344,48%@729,0%@729] GR3D_FREQ 99% cpu@64C soc2@63.062C soc0@63.562C gpu@65.437C tj@65.437C soc1@62.625C VDD_IN 17811mW/17400mW VDD_CPU_GPU_CV 8705mW/8281mW VDD_SOC 4001mW/3967mW
08-11-2026 17:44:34 RAM 6386/7607MB (lfb 2x4MB) SWAP 1411/16384MB (cached 141MB) CPU [92%@1344,1%@1344,1%@1344,3%@1344,0%@729,1%@729] GR3D_FREQ 98% cpu@63.968C soc2@62.937C soc0@63.593C gpu@65.468C tj@65.468C soc1@62.687C VDD_IN 17850mW/17402mW VDD_CPU_GPU_CV 8666mW/8283mW VDD_SOC 4034mW/3967mW
08-11-2026 17:44:35 RAM 6385/7607MB (lfb 2x4MB) SWAP 1411/16384MB (cached 141MB) CPU [45%@1344,3%@1344,49%@1344,1%@1344,0%@729,0%@729] GR3D_FREQ 98% cpu@64.312C soc2@63C soc0@63.687C gpu@65.5C tj@65.5C soc1@62.718C VDD_IN 17811mW/17405mW VDD_CPU_GPU_CV 8588mW/8285mW VDD_SOC 4040mW/3967mW
08-11-2026 17:44:36 RAM 6385/7607MB (lfb 2x4MB) SWAP 1411/16384MB (cached 141MB) CPU [3%@1344,1%@1344,92%@1344,1%@1344,0%@729,0%@729] GR3D_FREQ 97% cpu@64.031C soc2@62.937C soc0@63.781C gpu@65.5C tj@65.5C soc1@62.531C VDD_IN 17772mW/17407mW VDD_CPU_GPU_CV 8432mW/8286mW VDD_SOC 4080mW/3968mW
08-11-2026 17:44:37 RAM 6385/7607MB (lfb 2x4MB) SWAP 1411/16384MB (cached 141MB) CPU [3%@1344,0%@1344,92%@1344,3%@1344,0%@729,1%@729] GR3D_FREQ 98% cpu@64.062C soc2@62.968C soc0@63.656C gpu@65.312C tj@65.312C soc1@62.593C VDD_IN 17772mW/17409mW VDD_CPU_GPU_CV 8393mW/8286mW VDD_SOC 4112mW/3969mW
08-11-2026 17:44:38 RAM 6389/7607MB (lfb 2x4MB) SWAP 1411/16384MB (cached 141MB) CPU [4%@1344,8%@1344,92%@1344,7%@1344,13%@729,0%@729] GR3D_FREQ 99% cpu@64.187C soc2@63.062C soc0@63.656C gpu@65.281C tj@65.281C soc1@62.687C VDD_IN 17801mW/17411mW VDD_CPU_GPU_CV 8276mW/8286mW VDD_SOC 4158mW/3970mW
08-11-2026 17:44:39 RAM 6468/7607MB (lfb 2x4MB) SWAP 1411/16384MB (cached 141MB) CPU [5%@806,18%@806,63%@806,12%@806,6%@729,7%@729] GR3D_FREQ 0% cpu@63.531C soc2@62.812C soc0@63.593C gpu@63.625C tj@63.625C soc1@62.781C VDD_IN 13170mW/17387mW VDD_CPU_GPU_CV 5440mW/8270mW VDD_SOC 3356mW/3967mW
08-11-2026 17:44:40 RAM 6710/7607MB (lfb 4x4MB) SWAP 1412/16384MB (cached 140MB) CPU [61%@1344,53%@1344,62%@1344,60%@1344,53%@1344,61%@1344] GR3D_FREQ 0% cpu@63.312C soc2@62.187C soc0@63.25C gpu@62.562C tj@63.312C soc1@62.437C VDD_IN 8240mW/17336mW VDD_CPU_GPU_CV 2702mW/8239mW VDD_SOC 1910mW/3955mW
08-11-2026 17:44:41 RAM 6875/7607MB (lfb 4x4MB) SWAP 1414/16384MB (cached 139MB) CPU [31%@729,37%@729,32%@729,31%@729,90%@1344,28%@1344] GR3D_FREQ 98% cpu@63.281C soc2@62.218C soc0@63.031C gpu@64.562C tj@64.562C soc1@62.25C VDD_IN 14610mW/17321mW VDD_CPU_GPU_CV 6916mW/8232mW VDD_SOC 3035mW/3950mW
08-11-2026 17:44:42 RAM 6876/7607MB (lfb 4x4MB) SWAP 1414/16384MB (cached 139MB) CPU [2%@729,2%@729,2%@729,1%@729,92%@1344,0%@1344] GR3D_FREQ 98% cpu@63.593C soc2@62.437C soc0@63.156C gpu@64.906C tj@64.906C soc1@62.406C VDD_IN 17486mW/17322mW VDD_CPU_GPU_CV 8329mW/8232mW VDD_SOC 3962mW/3950mW
08-11-2026 17:44:43 RAM 6883/7607MB (lfb 4x4MB) SWAP 1414/16384MB (cached 139MB) CPU [11%@729,18%@729,3%@729,4%@729,91%@1344,0%@1344] GR3D_FREQ 98% cpu@63.531C soc2@62.593C soc0@63.218C gpu@65.187C tj@65.187C soc1@62.468C VDD_IN 17850mW/17325mW VDD_CPU_GPU_CV 8510mW/8234mW VDD_SOC 4080mW/3951mW
08-11-2026 17:44:44 RAM 6883/7607MB (lfb 4x4MB) SWAP 1414/16384MB (cached 139MB) CPU [3%@729,2%@729,0%@729,2%@729,93%@1344,0%@1344] GR3D_FREQ 98% cpu@63.375C soc2@62.562C soc0@63.375C gpu@65.281C tj@65.281C soc1@62.593C VDD_IN 17761mW/17327mW VDD_CPU_GPU_CV 8276mW/8234mW VDD_SOC 4119mW/3952mW
08-11-2026 17:44:45 RAM 6883/7607MB (lfb 4x4MB) SWAP 1414/16384MB (cached 139MB) CPU [2%@729,2%@729,2%@729,2%@729,92%@1344,0%@1344] GR3D_FREQ 98% cpu@63.468C soc2@62.687C soc0@63.562C gpu@65C tj@65C soc1@62.343C VDD_IN 17761mW/17329mW VDD_CPU_GPU_CV 8159mW/8234mW VDD_SOC 4158mW/3953mW
08-11-2026 17:44:46 RAM 6883/7607MB (lfb 4x4MB) SWAP 1414/16384MB (cached 139MB) CPU [3%@729,1%@729,2%@729,3%@729,92%@1344,0%@1344] GR3D_FREQ 98% cpu@63.625C soc2@62.625C soc0@63.406C gpu@65C tj@65C soc1@62.437C VDD_IN 17683mW/17331mW VDD_CPU_GPU_CV 7977mW/8232mW VDD_SOC 4237mW/3954mW
08-11-2026 17:44:47 RAM 6883/7607MB (lfb 4x4MB) SWAP 1414/16384MB (cached 139MB) CPU [3%@729,2%@729,2%@729,2%@729,92%@1344,0%@1344] GR3D_FREQ 99% cpu@64.156C soc2@62.656C soc0@63.312C gpu@64.468C tj@64.468C soc1@62.531C VDD_IN 17604mW/17333mW VDD_CPU_GPU_CV 7781mW/8230mW VDD_SOC 4276mW/3956mW
08-11-2026 17:44:49 RAM 6888/7607MB (lfb 4x4MB) SWAP 1414/16384MB (cached 139MB) CPU [3%@729,11%@729,15%@729,4%@729,93%@1344,0%@1344] GR3D_FREQ 99% cpu@64.031C soc2@62.875C soc0@63.5C gpu@64.968C tj@64.968C soc1@62.593C VDD_IN 17772mW/17335mW VDD_CPU_GPU_CV 8549mW/8232mW VDD_SOC 4080mW/3957mW
08-11-2026 17:44:50 RAM 6888/7607MB (lfb 4x4MB) SWAP 1414/16384MB (cached 139MB) CPU [2%@729,4%@729,2%@729,4%@729,92%@1344,0%@1344] GR3D_FREQ 99% cpu@63.468C soc2@62.812C soc0@63.562C gpu@65.406C tj@65.406C soc1@62.75C VDD_IN 17604mW/17337mW VDD_CPU_GPU_CV 8588mW/8234mW VDD_SOC 3962mW/3957mW
08-11-2026 17:44:51 RAM 6888/7607MB (lfb 4x4MB) SWAP 1414/16384MB (cached 139MB) CPU [3%@729,5%@729,1%@729,2%@729,92%@1344,0%@1344] GR3D_FREQ 99% cpu@63.593C soc2@62.75C soc0@63.406C gpu@65.687C tj@65.687C soc1@62.468C VDD_IN 17968mW/17340mW VDD_CPU_GPU_CV 8744mW/8236mW VDD_SOC 4080mW/3957mW
08-11-2026 17:44:52 RAM 6888/7607MB (lfb 4x4MB) SWAP 1414/16384MB (cached 139MB) CPU [2%@1344,1%@1344,1%@1344,2%@1344,96%@1113,0%@1113] GR3D_FREQ 98% cpu@63.625C soc2@62.75C soc0@63.5C gpu@65.5C tj@65.5C soc1@62.531C VDD_IN 17722mW/17342mW VDD_CPU_GPU_CV 8666mW/8238mW VDD_SOC 3962mW/3957mW
08-11-2026 17:44:53 RAM 6888/7607MB (lfb 4x4MB) SWAP 1414/16384MB (cached 139MB) CPU [2%@729,2%@729,2%@729,2%@729,96%@1344,0%@1344] GR3D_FREQ 98% cpu@63.875C soc2@62.875C soc0@63.531C gpu@65.218C tj@65.218C soc1@62.656C VDD_IN 17850mW/17345mW VDD_CPU_GPU_CV 8862mW/8242mW VDD_SOC 3962mW/3957mW
08-11-2026 17:44:54 RAM 6888/7607MB (lfb 4x4MB) SWAP 1414/16384MB (cached 139MB) CPU [2%@729,2%@729,3%@729,1%@729,93%@1344,0%@1344] GR3D_FREQ 98% cpu@63.531C soc2@62.875C soc0@63.625C gpu@65.218C tj@65.218C soc1@62.468C VDD_IN 17811mW/17347mW VDD_CPU_GPU_CV 8784mW/8245mW VDD_SOC 3962mW/3957mW
08-11-2026 17:44:55 RAM 6889/7607MB (lfb 4x4MB) SWAP 1414/16384MB (cached 139MB) CPU [7%@729,4%@729,5%@729,18%@729,92%@1344,0%@1344] GR3D_FREQ 98% cpu@63.625C soc2@62.843C soc0@63.656C gpu@65.312C tj@65.312C soc1@62.468C VDD_IN 17889mW/17350mW VDD_CPU_GPU_CV 8823mW/8248mW VDD_SOC 3955mW/3957mW
08-11-2026 17:44:56 RAM 6889/7607MB (lfb 4x4MB) SWAP 1414/16384MB (cached 139MB) CPU [1%@729,2%@729,1%@729,2%@729,93%@1344,0%@1344] GR3D_FREQ 98% cpu@63.75C soc2@62.843C soc0@63.5C gpu@65.218C tj@65.218C soc1@62.531C VDD_IN 17811mW/17352mW VDD_CPU_GPU_CV 8705mW/8250mW VDD_SOC 4001mW/3958mW
08-11-2026 17:44:57 RAM 6889/7607MB (lfb 4x4MB) SWAP 1414/16384MB (cached 139MB) CPU [2%@729,2%@729,0%@729,1%@729,92%@1344,0%@1344] GR3D_FREQ 98% cpu@63.593C soc2@62.812C soc0@63.5C gpu@65.156C tj@65.156C soc1@62.562C VDD_IN 17850mW/17355mW VDD_CPU_GPU_CV 8666mW/8252mW VDD_SOC 4001mW/3958mW
08-11-2026 17:44:58 RAM 6889/7607MB (lfb 4x4MB) SWAP 1414/16384MB (cached 139MB) CPU [41%@1344,3%@1344,2%@1344,1%@1344,53%@729,0%@729] GR3D_FREQ 98% cpu@63.875C soc2@63.031C soc0@63.562C gpu@65.156C tj@65.156C soc1@62.437C VDD_IN 17811mW/17357mW VDD_CPU_GPU_CV 8549mW/8254mW VDD_SOC 4040mW/3958mW
08-11-2026 17:44:59 RAM 6889/7607MB (lfb 4x4MB) SWAP 1414/16384MB (cached 139MB) CPU [92%@1344,3%@1344,2%@1344,1%@1344,0%@729,0%@729] GR3D_FREQ 98% cpu@63.687C soc2@62.875C soc0@63.718C gpu@64.968C tj@65.281C soc1@62.531C VDD_IN 17761mW/17359mW VDD_CPU_GPU_CV 8471mW/8255mW VDD_SOC 4080mW/3959mW
08-11-2026 17:45:00 RAM 6892/7607MB (lfb 4x4MB) SWAP 1414/16384MB (cached 139MB) CPU [46%@729,3%@729,7%@729,20%@729,50%@1344,0%@1344] GR3D_FREQ 98% cpu@63.625C soc2@62.906C soc0@63.562C gpu@65.312C tj@65.312C soc1@62.531C VDD_IN 17850mW/17362mW VDD_CPU_GPU_CV 8471mW/8256mW VDD_SOC 4112mW/3960mW
08-11-2026 17:45:01 RAM 6892/7607MB (lfb 4x4MB) SWAP 1414/16384MB (cached 139MB) CPU [1%@729,2%@729,2%@729,2%@729,91%@1344,0%@1344] GR3D_FREQ 98% cpu@63.906C soc2@62.875C soc0@63.562C gpu@65.281C tj@65.281C soc1@62.562C VDD_IN 17732mW/17363mW VDD_CPU_GPU_CV 8276mW/8256mW VDD_SOC 4158mW/3961mW
08-11-2026 17:45:02 RAM 6892/7607MB (lfb 4x4MB) SWAP 1414/16384MB (cached 139MB) CPU [6%@729,2%@729,1%@729,2%@729,92%@1344,0%@1344] GR3D_FREQ 98% cpu@63.593C soc2@62.906C soc0@63.656C gpu@65.281C tj@65.281C soc1@62.687C VDD_IN 17761mW/17365mW VDD_CPU_GPU_CV 8120mW/8255mW VDD_SOC 4197mW/3962mW
08-11-2026 17:45:03 RAM 6892/7607MB (lfb 4x4MB) SWAP 1414/16384MB (cached 139MB) CPU [2%@1344,2%@1344,2%@1344,1%@1344,93%@1344,0%@1344] GR3D_FREQ 98% cpu@63.718C soc2@62.812C soc0@63.656C gpu@65.25C tj@65.25C soc1@62.593C VDD_IN 17722mW/17367mW VDD_CPU_GPU_CV 8003mW/8254mW VDD_SOC 4237mW/3963mW
08-11-2026 17:45:04 RAM 6892/7607MB (lfb 4x4MB) SWAP 1414/16384MB (cached 139MB) CPU [1%@1344,3%@1344,2%@1344,0%@1344,92%@1344,0%@1344] GR3D_FREQ 99% cpu@64.031C soc2@62.906C soc0@63.562C gpu@64.687C tj@64.687C soc1@62.531C VDD_IN 17683mW/17369mW VDD_CPU_GPU_CV 7820mW/8252mW VDD_SOC 4276mW/3965mW
08-11-2026 17:45:05 RAM 6895/7607MB (lfb 4x4MB) SWAP 1414/16384MB (cached 139MB) CPU [10%@1344,6%@1344,7%@1344,15%@1344,92%@1344,0%@1344] GR3D_FREQ 99% cpu@64.156C soc2@62.968C soc0@63.593C gpu@64.843C tj@64.843C soc1@62.593C VDD_IN 17732mW/17371mW VDD_CPU_GPU_CV 8471mW/8253mW VDD_SOC 4119mW/3966mW
08-11-2026 17:45:06 RAM 6895/7607MB (lfb 4x4MB) SWAP 1414/16384MB (cached 139MB) CPU [4%@729,2%@729,2%@729,1%@729,92%@1344,1%@1344] GR3D_FREQ 99% cpu@63.906C soc2@62.906C soc0@63.656C gpu@65.25C tj@65.25C soc1@62.687C VDD_IN 17604mW/17372mW VDD_CPU_GPU_CV 8627mW/8255mW VDD_SOC 3962mW/3965mW
08-11-2026 17:45:07 RAM 6895/7607MB (lfb 4x4MB) SWAP 1414/16384MB (cached 139MB) CPU [3%@729,2%@729,2%@729,3%@729,89%@1344,3%@1344] GR3D_FREQ 99% cpu@63.718C soc2@63C soc0@63.656C gpu@65.312C tj@65.312C soc1@62.687C VDD_IN 17968mW/17375mW VDD_CPU_GPU_CV 8744mW/8257mW VDD_SOC 4034mW/3966mW
08-11-2026 17:45:08 RAM 6895/7607MB (lfb 4x4MB) SWAP 1414/16384MB (cached 139MB) CPU [2%@729,1%@729,1%@729,2%@729,0%@1036,95%@1036] GR3D_FREQ 98% cpu@63.687C soc2@62.937C soc0@63.718C gpu@65.125C tj@65.125C soc1@62.531C VDD_IN 17732mW/17376mW VDD_CPU_GPU_CV 8744mW/8259mW VDD_SOC 3962mW/3966mW
08-11-2026 17:45:09 RAM 6894/7607MB (lfb 4x4MB) SWAP 1414/16384MB (cached 139MB) CPU [1%@729,1%@729,3%@729,2%@729,0%@1344,97%@1344] GR3D_FREQ 98% cpu@63.875C soc2@62.875C soc0@63.562C gpu@65.281C tj@65.281C soc1@62.531C VDD_IN 17929mW/17379mW VDD_CPU_GPU_CV 8901mW/8263mW VDD_SOC 3955mW/3966mW
08-11-2026 17:45:10 RAM 6895/7607MB (lfb 4x4MB) SWAP 1414/16384MB (cached 139MB) CPU [3%@1344,6%@1344,3%@1344,4%@1344,0%@1344,92%@1344] GR3D_FREQ 98% cpu@64.156C soc2@62.968C soc0@63.625C gpu@65.281C tj@65.281C soc1@62.656C VDD_IN 17968mW/17382mW VDD_CPU_GPU_CV 8901mW/8266mW VDD_SOC 3955mW/3966mW
08-11-2026 17:45:11 RAM 6892/7607MB (lfb 4x4MB) SWAP 1414/16384MB (cached 139MB) CPU [18%@1344,3%@1344,5%@1344,4%@1344,0%@1344,92%@1344] GR3D_FREQ 98% cpu@64.125C soc2@62.937C soc0@63.531C gpu@65.593C tj@65.593C soc1@62.718C VDD_IN 17968mW/17385mW VDD_CPU_GPU_CV 8862mW/8268mW VDD_SOC 3995mW/3966mW
08-11-2026 17:45:12 RAM 6891/7607MB (lfb 4x4MB) SWAP 1414/16384MB (cached 139MB) CPU [3%@729,2%@729,4%@729,2%@729,0%@1344,92%@1344] GR3D_FREQ 98% cpu@63.75C soc2@62.968C soc0@63.718C gpu@65.625C tj@65.625C soc1@62.812C VDD_IN 17889mW/17387mW VDD_CPU_GPU_CV 8784mW/8271mW VDD_SOC 3995mW/3966mW
08-11-2026 17:45:13 RAM 6892/7607MB (lfb 4x4MB) SWAP 1414/16384MB (cached 139MB) CPU [4%@729,0%@729,4%@729,3%@729,0%@1344,92%@1344] GR3D_FREQ 97% cpu@63.812C soc2@63C soc0@63.687C gpu@65.593C tj@65.593C soc1@62.812C VDD_IN 17811mW/17389mW VDD_CPU_GPU_CV 8666mW/8273mW VDD_SOC 4001mW/3966mW
08-11-2026 17:45:14 RAM 6892/7607MB (lfb 4x4MB) SWAP 1414/16384MB (cached 139MB) CPU [3%@729,2%@729,1%@729,1%@729,0%@1344,92%@1344] GR3D_FREQ 98% cpu@63.937C soc2@62.937C soc0@63.687C gpu@65.625C tj@65.625C soc1@62.625C VDD_IN 17811mW/17391mW VDD_CPU_GPU_CV 8588mW/8274mW VDD_SOC 4040mW/3967mW
08-11-2026 17:45:15 RAM 6892/7607MB (lfb 4x4MB) SWAP 1414/16384MB (cached 139MB) CPU [2%@729,2%@729,1%@729,1%@729,0%@1344,92%@1344] GR3D_FREQ 99% cpu@63.875C soc2@62.906C soc0@63.593C gpu@65.656C tj@65.656C soc1@62.718C VDD_IN 17772mW/17393mW VDD_CPU_GPU_CV 8471mW/8275mW VDD_SOC 4073mW/3967mW
08-11-2026 17:45:16 RAM 6891/7607MB (lfb 4x4MB) SWAP 1414/16384MB (cached 139MB) CPU [19%@1344,6%@1344,6%@1344,6%@1344,1%@1344,92%@1344] GR3D_FREQ 98% cpu@64.125C soc2@62.937C soc0@63.75C gpu@65.718C tj@65.718C soc1@62.75C VDD_IN 17889mW/17395mW VDD_CPU_GPU_CV 8471mW/8276mW VDD_SOC 4112mW/3968mW
08-11-2026 17:45:17 RAM 6891/7607MB (lfb 4x4MB) SWAP 1414/16384MB (cached 139MB) CPU [1%@729,1%@729,2%@729,2%@729,0%@1344,92%@1344] GR3D_FREQ 98% cpu@63.906C soc2@62.968C soc0@63.781C gpu@65.687C tj@65.687C soc1@62.812C VDD_IN 17732mW/17397mW VDD_CPU_GPU_CV 8276mW/8276mW VDD_SOC 4158mW/3969mW
08-11-2026 17:45:18 RAM 6892/7607MB (lfb 4x4MB) SWAP 1414/16384MB (cached 139MB) CPU [1%@1344,1%@1344,2%@1344,2%@1344,0%@1344,93%@1344] GR3D_FREQ 98% cpu@63.937C soc2@63.062C soc0@63.718C gpu@65.406C tj@65.406C soc1@62.687C VDD_IN 17811mW/17399mW VDD_CPU_GPU_CV 8198mW/8276mW VDD_SOC 4197mW/3970mW
08-11-2026 17:45:19 RAM 6892/7607MB (lfb 4x4MB) SWAP 1414/16384MB (cached 139MB) CPU [4%@729,1%@729,3%@729,2%@729,0%@1344,92%@1344] GR3D_FREQ 98% cpu@64.093C soc2@63C soc0@63.656C gpu@65.375C tj@65.375C soc1@62.656C VDD_IN 17722mW/17400mW VDD_CPU_GPU_CV 8003mW/8275mW VDD_SOC 4237mW/3971mW
08-11-2026 17:45:20 RAM 6892/7607MB (lfb 4x4MB) SWAP 1414/16384MB (cached 139MB) CPU [3%@729,0%@729,2%@729,2%@729,0%@1344,92%@1344] GR3D_FREQ 99% cpu@64.5C soc2@63C soc0@63.687C gpu@64.812C tj@64.812C soc1@62.75C VDD_IN 17604mW/17401mW VDD_CPU_GPU_CV 7886mW/8273mW VDD_SOC 4237mW/3972mW
08-11-2026 17:45:21 RAM 6889/7607MB (lfb 4x4MB) SWAP 1414/16384MB (cached 139MB) CPU [4%@729,8%@729,5%@729,19%@729,0%@1344,93%@1344] GR3D_FREQ 99% cpu@64.25C soc2@63.093C soc0@63.781C gpu@65.312C tj@65.312C soc1@62.812C VDD_IN 17772mW/17403mW VDD_CPU_GPU_CV 8588mW/8274mW VDD_SOC 4080mW/3973mW
08-11-2026 17:45:22 RAM 6889/7607MB (lfb 4x4MB) SWAP 1414/16384MB (cached 139MB) CPU [1%@729,1%@729,1%@729,2%@729,0%@1344,92%@1344] GR3D_FREQ 99% cpu@63.781C soc2@63.062C soc0@63.812C gpu@65.5C tj@65.5C soc1@62.812C VDD_IN 17722mW/17404mW VDD_CPU_GPU_CV 8588mW/8276mW VDD_SOC 4001mW/3973mW
08-11-2026 17:45:23 RAM 6889/7607MB (lfb 4x4MB) SWAP 1414/16384MB (cached 139MB) CPU [2%@1344,3%@1344,2%@1344,4%@1344,0%@1344,92%@1344] GR3D_FREQ 99% cpu@64.218C soc2@63.125C soc0@63.906C gpu@65.406C tj@65.406C soc1@62.687C VDD_IN 18164mW/17408mW VDD_CPU_GPU_CV 8862mW/8278mW VDD_SOC 4112mW/3973mW
08-11-2026 17:45:24 RAM 6890/7607MB (lfb 4x4MB) SWAP 1414/16384MB (cached 139MB) CPU [3%@729,1%@729,1%@729,1%@729,0%@1267,97%@1267] GR3D_FREQ 97% cpu@63.906C soc2@63.062C soc0@63.843C gpu@65.375C tj@65.375C soc1@62.781C VDD_IN 17811mW/17410mW VDD_CPU_GPU_CV 8823mW/8281mW VDD_SOC 3962mW/3973mW
08-11-2026 17:45:25 RAM 6890/7607MB (lfb 4x4MB) SWAP 1414/16384MB (cached 139MB) CPU [2%@1344,3%@1344,2%@1344,3%@1344,0%@1344,96%@1344] GR3D_FREQ 98% cpu@64.281C soc2@63.156C soc0@63.781C gpu@65.406C tj@65.406C soc1@62.718C VDD_IN 17929mW/17412mW VDD_CPU_GPU_CV 8901mW/8283mW VDD_SOC 3955mW/3973mW
08-11-2026 17:45:26 RAM 6888/7607MB (lfb 4x4MB) SWAP 1414/16384MB (cached 139MB) CPU [4%@806,6%@806,11%@806,3%@806,0%@1344,92%@1344] GR3D_FREQ 99% cpu@64.468C soc2@63.125C soc0@63.687C gpu@65.437C tj@65.437C soc1@62.781C VDD_IN 18007mW/17415mW VDD_CPU_GPU_CV 8940mW/8286mW VDD_SOC 3995mW/3973mW
08-11-2026 17:45:27 RAM 6888/7607MB (lfb 4x4MB) SWAP 1414/16384MB (cached 139MB) CPU [4%@729,3%@729,8%@729,1%@729,0%@1344,92%@1344] GR3D_FREQ 98% cpu@63.875C soc2@63.062C soc0@63.812C gpu@65.437C tj@65.437C soc1@62.875C VDD_IN 17929mW/17417mW VDD_CPU_GPU_CV 8862mW/8289mW VDD_SOC 3995mW/3973mW
08-11-2026 17:45:28 RAM 6888/7607MB (lfb 4x4MB) SWAP 1414/16384MB (cached 139MB) CPU [2%@1344,1%@1344,1%@1344,1%@1344,0%@1344,92%@1344] GR3D_FREQ 97% cpu@63.968C soc2@63.062C soc0@63.937C gpu@65.406C tj@65.406C soc1@62.718C VDD_IN 17889mW/17419mW VDD_CPU_GPU_CV 8744mW/8291mW VDD_SOC 3995mW/3973mW
08-11-2026 17:45:29 RAM 6888/7607MB (lfb 4x4MB) SWAP 1414/16384MB (cached 139MB) CPU [2%@1344,3%@1344,2%@1344,3%@1344,0%@1344,92%@1344] GR3D_FREQ 97% cpu@64.031C soc2@63.062C soc0@63.687C gpu@65.687C tj@65.687C soc1@62.812C VDD_IN 17889mW/17421mW VDD_CPU_GPU_CV 8744mW/8293mW VDD_SOC 3995mW/3974mW
08-11-2026 17:45:30 RAM 6888/7607MB (lfb 4x4MB) SWAP 1414/16384MB (cached 139MB) CPU [2%@1344,2%@1344,2%@1344,3%@1344,0%@1344,92%@1344] GR3D_FREQ 98% cpu@64.25C soc2@63.125C soc0@63.781C gpu@65.75C tj@65.75C soc1@62.718C VDD_IN 17889mW/17423mW VDD_CPU_GPU_CV 8627mW/8294mW VDD_SOC 4034mW/3974mW
08-11-2026 17:45:31 RAM 6888/7607MB (lfb 4x4MB) SWAP 1414/16384MB (cached 139MB) CPU [1%@1344,2%@1344,1%@1344,2%@1344,0%@1344,92%@1344] GR3D_FREQ 98% cpu@63.937C soc2@63.125C soc0@63.875C gpu@65.593C tj@65.593C soc1@62.843C VDD_IN 17811mW/17425mW VDD_CPU_GPU_CV 8471mW/8295mW VDD_SOC 4073mW/3974mW
08-11-2026 17:45:32 RAM 6888/7607MB (lfb 4x4MB) SWAP 1414/16384MB (cached 139MB) CPU [12%@729,7%@729,12%@729,4%@729,0%@1344,93%@1344] GR3D_FREQ 98% cpu@63.875C soc2@63.156C soc0@63.843C gpu@65.687C tj@65.687C soc1@62.968C VDD_IN 17889mW/17427mW VDD_CPU_GPU_CV 8471mW/8296mW VDD_SOC 4112mW/3975mW
08-11-2026 17:45:33 RAM 6888/7607MB (lfb 4x4MB) SWAP 1414/16384MB (cached 139MB) CPU [1%@729,2%@729,1%@729,5%@729,0%@1344,92%@1344] GR3D_FREQ 98% cpu@63.937C soc2@63.062C soc0@63.937C gpu@65.406C tj@65.406C soc1@62.781C VDD_IN 17811mW/17428mW VDD_CPU_GPU_CV 8276mW/8296mW VDD_SOC 4151mW/3976mW
08-11-2026 17:45:34 RAM 6889/7607MB (lfb 4x4MB) SWAP 1414/16384MB (cached 139MB) CPU [2%@729,2%@729,3%@729,2%@729,0%@1344,92%@1344] GR3D_FREQ 98% cpu@64.093C soc2@63.031C soc0@63.781C gpu@65.437C tj@65.437C soc1@62.781C VDD_IN 17772mW/17430mW VDD_CPU_GPU_CV 8198mW/8295mW VDD_SOC 4190mW/3977mW
08-11-2026 17:45:35 RAM 6889/7607MB (lfb 4x4MB) SWAP 1414/16384MB (cached 139MB) CPU [3%@729,1%@729,2%@729,1%@729,0%@1344,93%@1344] GR3D_FREQ 98% cpu@64.406C soc2@63.062C soc0@63.812C gpu@65.375C tj@65.375C soc1@62.812C VDD_IN 17732mW/17431mW VDD_CPU_GPU_CV 8003mW/8294mW VDD_SOC 4237mW/3978mW
08-11-2026 17:45:36 RAM 6889/7607MB (lfb 4x4MB) SWAP 1414/16384MB (cached 139MB) CPU [3%@1344,2%@1344,3%@1344,2%@1344,0%@1344,92%@1344] GR3D_FREQ 99% cpu@64.25C soc2@63.218C soc0@63.937C gpu@64.906C tj@64.906C soc1@62.812C VDD_IN 17615mW/17432mW VDD_CPU_GPU_CV 7938mW/8293mW VDD_SOC 4237mW/3979mW
08-11-2026 17:45:37 RAM 6888/7607MB (lfb 4x4MB) SWAP 1413/16384MB (cached 139MB) CPU [9%@729,18%@729,4%@729,6%@729,0%@1344,92%@1344] GR3D_FREQ 99% cpu@64.218C soc2@63.156C soc0@63.937C gpu@65.406C tj@65.406C soc1@62.812C VDD_IN 17693mW/17433mW VDD_CPU_GPU_CV 8549mW/8294mW VDD_SOC 4040mW/3979mW
08-11-2026 17:45:38 RAM 6888/7607MB (lfb 4x4MB) SWAP 1413/16384MB (cached 139MB) CPU [1%@729,2%@729,2%@729,2%@729,0%@1344,92%@1344] GR3D_FREQ 99% cpu@64.031C soc2@63.093C soc0@63.812C gpu@65.5C tj@65.5C soc1@62.812C VDD_IN 17722mW/17434mW VDD_CPU_GPU_CV 8588mW/8295mW VDD_SOC 4001mW/3979mW
08-11-2026 17:45:39 RAM 6888/7607MB (lfb 4x4MB) SWAP 1413/16384MB (cached 139MB) CPU [2%@729,2%@729,1%@729,3%@729,0%@1344,92%@1344] GR3D_FREQ 99% cpu@64.156C soc2@63.281C soc0@63.718C gpu@65.75C tj@65.75C soc1@62.843C VDD_IN 18164mW/17437mW VDD_CPU_GPU_CV 8901mW/8298mW VDD_SOC 4112mW/3980mW
08-11-2026 17:45:40 RAM 6888/7607MB (lfb 4x4MB) SWAP 1413/16384MB (cached 139MB) CPU [0%@729,1%@729,2%@729,2%@729,0%@1344,97%@1344] GR3D_FREQ 97% cpu@64.25C soc2@63.187C soc0@63.875C gpu@65.875C tj@65.875C soc1@62.875C VDD_IN 17850mW/17439mW VDD_CPU_GPU_CV 8823mW/8300mW VDD_SOC 3962mW/3980mW
08-11-2026 17:45:41 RAM 6888/7607MB (lfb 4x4MB) SWAP 1413/16384MB (cached 139MB) CPU [2%@729,2%@729,3%@729,1%@729,0%@1344,95%@1344] GR3D_FREQ 98% cpu@64.093C soc2@63.25C soc0@63.812C gpu@66C tj@66C soc1@62.906C VDD_IN 17929mW/17441mW VDD_CPU_GPU_CV 8862mW/8302mW VDD_SOC 3955mW/3980mW
08-11-2026 17:45:42 RAM 6893/7607MB (lfb 4x4MB) SWAP 1413/16384MB (cached 139MB) CPU [6%@1344,4%@1344,21%@1344,4%@1344,0%@1344,92%@1344] GR3D_FREQ 98% cpu@64.468C soc2@63.25C soc0@63.968C gpu@66C tj@66C soc1@62.968C VDD_IN 18164mW/17444mW VDD_CPU_GPU_CV 8979mW/8305mW VDD_SOC 3995mW/3980mW
08-11-2026 17:45:43 RAM 6893/7607MB (lfb 4x4MB) SWAP 1413/16384MB (cached 139MB) CPU [4%@1344,2%@1344,3%@1344,4%@1344,0%@1344,91%@1344] GR3D_FREQ 98% cpu@64.031C soc2@63.187C soc0@64C gpu@65.562C tj@65.562C soc1@62.812C VDD_IN 17968mW/17446mW VDD_CPU_GPU_CV 8862mW/8307mW VDD_SOC 3995mW/3980mW
08-11-2026 17:45:44 RAM 6893/7607MB (lfb 4x4MB) SWAP 1413/16384MB (cached 139MB) CPU [3%@729,2%@729,1%@729,2%@729,0%@1344,92%@1344] GR3D_FREQ 98% cpu@64.156C soc2@63.156C soc0@63.875C gpu@65.468C tj@65.468C soc1@62.812C VDD_IN 17850mW/17448mW VDD_CPU_GPU_CV 8705mW/8309mW VDD_SOC 3995mW/3980mW
08-11-2026 17:45:45 RAM 6893/7607MB (lfb 4x4MB) SWAP 1413/16384MB (cached 139MB) CPU [2%@729,1%@729,1%@729,2%@729,0%@1344,92%@1344] GR3D_FREQ 98% cpu@64.343C soc2@63.156C soc0@64C gpu@65.593C tj@65.593C soc1@62.937C VDD_IN 17889mW/17450mW VDD_CPU_GPU_CV 8705mW/8311mW VDD_SOC 4034mW/3980mW
08-11-2026 17:45:46 RAM 6893/7607MB (lfb 4x4MB) SWAP 1413/16384MB (cached 139MB) CPU [4%@729,2%@729,2%@729,2%@729,0%@1344,92%@1344] GR3D_FREQ 98% cpu@64.156C soc2@63.187C soc0@63.843C gpu@65.562C tj@65.562C soc1@62.906C VDD_IN 17850mW/17451mW VDD_CPU_GPU_CV 8588mW/8312mW VDD_SOC 4034mW/3980mW
08-11-2026 17:45:47 RAM 6893/7607MB (lfb 4x4MB) SWAP 1413/16384MB (cached 139MB) CPU [1%@729,1%@729,2%@729,1%@729,0%@1344,93%@1344] GR3D_FREQ 97% cpu@64.406C soc2@63.187C soc0@64.062C gpu@65.5C tj@65.5C soc1@62.937C VDD_IN 17811mW/17453mW VDD_CPU_GPU_CV 8510mW/8312mW VDD_SOC 4073mW/3981mW
08-11-2026 17:45:48 RAM 6896/7607MB (lfb 4x4MB) SWAP 1413/16384MB (cached 139MB) CPU [8%@1344,7%@1344,14%@1344,6%@1344,0%@1344,92%@1344] GR3D_FREQ 98% cpu@64.062C soc2@63.218C soc0@64.062C gpu@65.687C tj@65.687C soc1@62.906C VDD_IN 17889mW/17455mW VDD_CPU_GPU_CV 8432mW/8313mW VDD_SOC 4112mW/3981mW
08-11-2026 17:45:49 RAM 6896/7607MB (lfb 4x4MB) SWAP 1413/16384MB (cached 139MB) CPU [2%@1344,1%@1344,3%@1344,0%@1344,0%@1344,92%@1344] GR3D_FREQ 98% cpu@64.156C soc2@63.187C soc0@63.906C gpu@65.718C tj@65.718C soc1@62.843C VDD_IN 17811mW/17456mW VDD_CPU_GPU_CV 8237mW/8313mW VDD_SOC 4158mW/3982mW
08-11-2026 17:45:50 RAM 6896/7607MB (lfb 4x4MB) SWAP 1413/16384MB (cached 139MB) CPU [2%@1344,3%@1344,2%@1344,1%@1344,0%@1344,92%@1344] GR3D_FREQ 98% cpu@64.406C soc2@63.156C soc0@63.843C gpu@65.687C tj@65.687C soc1@62.937C VDD_IN 17811mW/17458mW VDD_CPU_GPU_CV 8159mW/8312mW VDD_SOC 4190mW/3983mW
08-11-2026 17:45:51 RAM 6896/7607MB (lfb 4x4MB) SWAP 1413/16384MB (cached 139MB) CPU [0%@729,1%@729,2%@729,1%@729,0%@1344,92%@1344] GR3D_FREQ 98% cpu@64.156C soc2@63.218C soc0@63.937C gpu@65.625C tj@65.625C soc1@62.968C VDD_IN 17732mW/17459mW VDD_CPU_GPU_CV 8003mW/8311mW VDD_SOC 4276mW/3984mW
08-11-2026 17:45:52 RAM 6896/7607MB (lfb 4x4MB) SWAP 1413/16384MB (cached 139MB) CPU [3%@729,2%@729,1%@729,3%@729,0%@1344,92%@1344] GR3D_FREQ 99% cpu@64.718C soc2@63.25C soc0@63.968C gpu@65.156C tj@65.156C soc1@63C VDD_IN 17654mW/17459mW VDD_CPU_GPU_CV 7925mW/8309mW VDD_SOC 4276mW/3985mW
08-11-2026 17:45:53 RAM 6897/7607MB (lfb 4x4MB) SWAP 1413/16384MB (cached 139MB) CPU [6%@729,5%@729,2%@729,19%@729,3%@1344,92%@1344] GR3D_FREQ 99% cpu@64.156C soc2@63.281C soc0@64C gpu@65.656C tj@65.656C soc1@62.937C VDD_IN 17772mW/17461mW VDD_CPU_GPU_CV 8510mW/8310mW VDD_SOC 4080mW/3985mW
08-11-2026 17:45:54 RAM 6897/7607MB (lfb 4x4MB) SWAP 1413/16384MB (cached 139MB) CPU [2%@729,3%@729,2%@729,1%@729,0%@1344,93%@1344] GR3D_FREQ 99% cpu@64.062C soc2@63.218C soc0@63.875C gpu@65.718C tj@65.531C soc1@62.875C VDD_IN 17654mW/17461mW VDD_CPU_GPU_CV 8627mW/8311mW VDD_SOC 4001mW/3985mW
08-11-2026 17:45:55 RAM 6897/7607MB (lfb 4x4MB) SWAP 1413/16384MB (cached 139MB) CPU [2%@729,2%@729,1%@729,1%@729,0%@1344,92%@1344] GR3D_FREQ 99% cpu@64.343C soc2@63.281C soc0@63.968C gpu@65.75C tj@65.75C soc1@62.843C VDD_IN 18085mW/17464mW VDD_CPU_GPU_CV 8784mW/8313mW VDD_SOC 4073mW/3986mW
08-11-2026 17:45:56 RAM 6897/7607MB (lfb 4x4MB) SWAP 1413/16384MB (cached 139MB) CPU [4%@729,2%@729,2%@729,1%@729,0%@1190,96%@1190] GR3D_FREQ 97% cpu@64.218C soc2@63.312C soc0@63.968C gpu@65.531C tj@65.531C soc1@62.968C VDD_IN 17850mW/17465mW VDD_CPU_GPU_CV 8744mW/8315mW VDD_SOC 3955mW/3986mW
08-11-2026 17:45:57 RAM 6897/7607MB (lfb 4x4MB) SWAP 1413/16384MB (cached 139MB) CPU [1%@1344,2%@1344,2%@1344,1%@1344,0%@1344,96%@1344] GR3D_FREQ 97% cpu@64.125C soc2@63.281C soc0@64.031C gpu@65.687C tj@65.687C soc1@62.812C VDD_IN 17929mW/17467mW VDD_CPU_GPU_CV 8901mW/8317mW VDD_SOC 3955mW/3986mW
08-11-2026 17:45:58 RAM 6898/7607MB (lfb 4x4MB) SWAP 1413/16384MB (cached 139MB) CPU [7%@1113,4%@1113,7%@1113,18%@1113,0%@1344,91%@1344] GR3D_FREQ 99% cpu@64.062C soc2@63.25C soc0@63.937C gpu@65.625C tj@65.625C soc1@62.843C VDD_IN 18125mW/17470mW VDD_CPU_GPU_CV 9018mW/8320mW VDD_SOC 3995mW/3986mW
08-11-2026 17:45:59 RAM 6897/7607MB (lfb 4x4MB) SWAP 1413/16384MB (cached 139MB) CPU [3%@1113,1%@1113,1%@1113,2%@1113,1%@1344,92%@1344] GR3D_FREQ 98% cpu@64.156C soc2@63.25C soc0@64C gpu@65.75C tj@65.75C soc1@62.875C VDD_IN 17929mW/17472mW VDD_CPU_GPU_CV 8823mW/8322mW VDD_SOC 3995mW/3986mW
08-11-2026 17:46:00 RAM 6897/7607MB (lfb 4x4MB) SWAP 1413/16384MB (cached 139MB) CPU [2%@1344,2%@1344,3%@1344,2%@1344,0%@1344,93%@1344] GR3D_FREQ 98% cpu@64.343C soc2@63.25C soc0@63.875C gpu@65.906C tj@65.906C soc1@62.906C VDD_IN 17889mW/17473mW VDD_CPU_GPU_CV 8744mW/8324mW VDD_SOC 3995mW/3986mW
08-11-2026 17:46:01 RAM 6897/7607MB (lfb 4x4MB) SWAP 1413/16384MB (cached 139MB) CPU [1%@729,1%@729,1%@729,4%@729,0%@1344,92%@1344] GR3D_FREQ 97% cpu@64C soc2@63.343C soc0@63.937C gpu@65.843C tj@65.843C soc1@63.062C VDD_IN 17889mW/17475mW VDD_CPU_GPU_CV 8705mW/8325mW VDD_SOC 3995mW/3986mW
08-11-2026 17:46:02 RAM 6897/7607MB (lfb 4x4MB) SWAP 1413/16384MB (cached 139MB) CPU [3%@1113,3%@1113,3%@1113,2%@1190,0%@1344,92%@1344] GR3D_FREQ 98% cpu@64.062C soc2@63.25C soc0@63.968C gpu@65.656C tj@65.656C soc1@62.812C VDD_IN 17889mW/17476mW VDD_CPU_GPU_CV 8666mW/8326mW VDD_SOC 4034mW/3986mW
08-11-2026 17:46:03 RAM 6898/7607MB (lfb 4x4MB) SWAP 1413/16384MB (cached 139MB) CPU [1%@729,6%@729,1%@729,2%@729,0%@1344,92%@1344] GR3D_FREQ 98% cpu@64.031C soc2@63.281C soc0@64C gpu@65.437C tj@65.437C soc1@62.968C VDD_IN 17811mW/17478mW VDD_CPU_GPU_CV 8510mW/8327mW VDD_SOC 4073mW/3986mW
08-11-2026 17:46:04 RAM 6897/7607MB (lfb 4x4MB) SWAP 1413/16384MB (cached 139MB) CPU [5%@729,7%@729,7%@729,17%@729,0%@1344,93%@1344] GR3D_FREQ 98% cpu@64.031C soc2@63.25C soc0@63.968C gpu@65.5C tj@65.5C soc1@62.875C VDD_IN 17811mW/17479mW VDD_CPU_GPU_CV 8393mW/8327mW VDD_SOC 4073mW/3987mW
08-11-2026 17:46:05 RAM 6898/7607MB (lfb 4x4MB) SWAP 1413/16384MB (cached 139MB) CPU [0%@729,3%@729,1%@729,1%@729,0%@1344,92%@1344] GR3D_FREQ 98% cpu@64.062C soc2@63.156C soc0@63.843C gpu@65.343C tj@65.343C soc1@62.843C VDD_IN 17654mW/17480mW VDD_CPU_GPU_CV 8198mW/8327mW VDD_SOC 4119mW/3987mW
08-11-2026 17:46:06 RAM 6897/7607MB (lfb 4x4MB) SWAP 1413/16384MB (cached 139MB) CPU [4%@729,2%@729,2%@729,3%@729,0%@1344,92%@1344] GR3D_FREQ 98% cpu@64.156C soc2@63.125C soc0@63.812C gpu@65.281C tj@65.281C soc1@62.875C VDD_IN 17683mW/17480mW VDD_CPU_GPU_CV 8081mW/8326mW VDD_SOC 4158mW/3988mW
08-11-2026 17:46:07 RAM 6897/7607MB (lfb 4x4MB) SWAP 1413/16384MB (cached 139MB) CPU [3%@729,2%@729,1%@729,1%@729,0%@1344,93%@1344] GR3D_FREQ 98% cpu@64.406C soc2@63.187C soc0@63.968C gpu@65.312C tj@65.312C soc1@62.906C VDD_IN 17565mW/17481mW VDD_CPU_GPU_CV 7899mW/8324mW VDD_SOC 4237mW/3989mW
08-11-2026 17:46:08 RAM 6897/7607MB (lfb 4x4MB) SWAP 1413/16384MB (cached 139MB) CPU [3%@729,1%@729,3%@729,1%@729,0%@1344,92%@1344] GR3D_FREQ 99% cpu@64.218C soc2@63.281C soc0@63.906C gpu@65.156C tj@65.156C soc1@63.062C VDD_IN 17447mW/17481mW VDD_CPU_GPU_CV 7820mW/8322mW VDD_SOC 4237mW/3990mW
08-11-2026 17:46:09 RAM 6896/7607MB (lfb 4x4MB) SWAP 1413/16384MB (cached 139MB) CPU [10%@729,3%@729,11%@729,9%@729,0%@1344,92%@1344] GR3D_FREQ 99% cpu@64.187C soc2@63.218C soc0@64.031C gpu@65.218C tj@65.218C soc1@62.843C VDD_IN 17526mW/17481mW VDD_CPU_GPU_CV 8393mW/8323mW VDD_SOC 4040mW/3990mW
08-11-2026 17:46:10 RAM 6896/7607MB (lfb 4x4MB) SWAP 1413/16384MB (cached 139MB) CPU [3%@729,1%@729,1%@729,2%@729,0%@1344,93%@1344] GR3D_FREQ 99% cpu@64.125C soc2@63.25C soc0@63.937C gpu@65.281C tj@65.281C soc1@62.812C VDD_IN 17497mW/17481mW VDD_CPU_GPU_CV 8510mW/8323mW VDD_SOC 3962mW/3990mW
08-11-2026 17:46:11 RAM 6896/7607MB (lfb 4x4MB) SWAP 1413/16384MB (cached 139MB) CPU [3%@729,1%@729,1%@729,2%@729,0%@1344,91%@1344] GR3D_FREQ 99% cpu@64.218C soc2@63.25C soc0@63.875C gpu@65.437C tj@65.437C soc1@62.875C VDD_IN 17968mW/17483mW VDD_CPU_GPU_CV 8705mW/8325mW VDD_SOC 4073mW/3990mW
08-11-2026 17:46:12 RAM 6896/7607MB (lfb 4x4MB) SWAP 1413/16384MB (cached 139MB) CPU [4%@729,1%@729,1%@729,1%@729,0%@1344,97%@1344] GR3D_FREQ 97% cpu@64.281C soc2@63.25C soc0@63.937C gpu@65.375C tj@65.375C soc1@62.906C VDD_IN 17693mW/17483mW VDD_CPU_GPU_CV 8784mW/8326mW VDD_SOC 3923mW/3990mW
08-11-2026 17:46:13 RAM 6896/7607MB (lfb 4x4MB) SWAP 1413/16384MB (cached 139MB) CPU [7%@729,1%@729,1%@729,1%@729,0%@1344,95%@1344] GR3D_FREQ 97% cpu@64.031C soc2@63.187C soc0@64C gpu@65.687C tj@65.687C soc1@63C VDD_IN 17811mW/17485mW VDD_CPU_GPU_CV 8784mW/8328mW VDD_SOC 3955mW/3990mW
08-11-2026 17:46:14 RAM 6895/7607MB (lfb 4x4MB) SWAP 1413/16384MB (cached 139MB) CPU [5%@729,5%@729,18%@729,7%@729,0%@1344,93%@1344] GR3D_FREQ 99% cpu@64.031C soc2@63.406C soc0@63.937C gpu@65.687C tj@65.687C soc1@62.875C VDD_IN 17929mW/17486mW VDD_CPU_GPU_CV 8862mW/8330mW VDD_SOC 3955mW/3989mW
08-11-2026 17:46:15 RAM 6895/7607MB (lfb 4x4MB) SWAP 1413/16384MB (cached 139MB) CPU [2%@729,2%@729,3%@729,1%@729,0%@1344,92%@1344] GR3D_FREQ 97% cpu@64.218C soc2@63.187C soc0@63.906C gpu@65.718C tj@65.718C soc1@62.875C VDD_IN 17772mW/17487mW VDD_CPU_GPU_CV 8744mW/8332mW VDD_SOC 3955mW/3989mW
08-11-2026 17:46:16 RAM 6895/7607MB (lfb 4x4MB) SWAP 1413/16384MB (cached 139MB) CPU [2%@729,3%@729,1%@729,2%@729,0%@1344,92%@1344] GR3D_FREQ 98% cpu@64.125C soc2@63.218C soc0@63.968C gpu@65.687C tj@65.687C soc1@62.937C VDD_IN 17772mW/17488mW VDD_CPU_GPU_CV 8627mW/8333mW VDD_SOC 3995mW/3989mW
08-11-2026 17:46:17 RAM 6895/7607MB (lfb 4x4MB) SWAP 1413/16384MB (cached 139MB) CPU [2%@729,2%@729,1%@729,3%@729,0%@1344,91%@1344] GR3D_FREQ 98% cpu@64.312C soc2@63.218C soc0@63.937C gpu@65.718C tj@65.718C soc1@62.937C VDD_IN 17811mW/17490mW VDD_CPU_GPU_CV 8627mW/8334mW VDD_SOC 3995mW/3989mW
08-11-2026 17:46:18 RAM 6895/7607MB (lfb 4x4MB) SWAP 1413/16384MB (cached 139MB) CPU [2%@729,2%@729,1%@729,2%@729,0%@1344,92%@1344] GR3D_FREQ 98% cpu@64.093C soc2@63.281C soc0@63.968C gpu@65.75C tj@65.75C soc1@63C VDD_IN 17772mW/17491mW VDD_CPU_GPU_CV 8549mW/8335mW VDD_SOC 4034mW/3990mW
08-11-2026 17:46:19 RAM 6894/7607MB (lfb 4x4MB) SWAP 1413/16384MB (cached 139MB) CPU [6%@806,2%@806,4%@806,8%@806,0%@1344,92%@1344] GR3D_FREQ 97% cpu@64.25C soc2@63.125C soc0@64.031C gpu@65.375C tj@65.375C soc1@62.843C VDD_IN 17850mW/17492mW VDD_CPU_GPU_CV 8510mW/8335mW VDD_SOC 4073mW/3990mW
08-11-2026 17:46:20 RAM 6892/7607MB (lfb 4x4MB) SWAP 1413/16384MB (cached 139MB) CPU [4%@729,6%@729,2%@729,11%@729,0%@1344,92%@1344] GR3D_FREQ 98% cpu@64.218C soc2@63.25C soc0@63.875C gpu@65.531C tj@65.531C soc1@62.843C VDD_IN 17772mW/17493mW VDD_CPU_GPU_CV 8393mW/8335mW VDD_SOC 4073mW/3990mW
08-11-2026 17:46:21 RAM 6892/7607MB (lfb 4x4MB) SWAP 1413/16384MB (cached 139MB) CPU [2%@729,1%@729,2%@729,1%@729,0%@1344,92%@1344] GR3D_FREQ 99% cpu@64.031C soc2@63.187C soc0@63.937C gpu@65.531C tj@65.531C soc1@62.937C VDD_IN 17693mW/17494mW VDD_CPU_GPU_CV 8198mW/8335mW VDD_SOC 4119mW/3991mW
08-11-2026 17:46:22 RAM 6892/7607MB (lfb 4x4MB) SWAP 1413/16384MB (cached 139MB) CPU [3%@729,2%@729,2%@729,2%@729,0%@1344,93%@1344] GR3D_FREQ 98% cpu@64.312C soc2@63.218C soc0@63.906C gpu@65.468C tj@65.468C soc1@62.875C VDD_IN 17654mW/17494mW VDD_CPU_GPU_CV 8120mW/8334mW VDD_SOC 4158mW/3991mW
08-11-2026 17:46:23 RAM 6891/7607MB (lfb 4x4MB) SWAP 1413/16384MB (cached 139MB) CPU [6%@729,2%@729,1%@729,4%@729,0%@1344,92%@1344] GR3D_FREQ 98% cpu@64.093C soc2@63.281C soc0@64C gpu@65.437C tj@65.437C soc1@62.843C VDD_IN 17643mW/17495mW VDD_CPU_GPU_CV 7964mW/8333mW VDD_SOC 4237mW/3992mW
08-11-2026 17:46:24 RAM 6891/7607MB (lfb 4x4MB) SWAP 1413/16384MB (cached 139MB) CPU [2%@729,2%@729,2%@729,1%@729,0%@1344,92%@1344] GR3D_FREQ 99% cpu@64.406C soc2@63.25C soc0@63.875C gpu@65.093C tj@65.093C soc1@62.843C VDD_IN 17565mW/17495mW VDD_CPU_GPU_CV 7781mW/8331mW VDD_SOC 4276mW/3993mW
08-11-2026 17:46:25 RAM 6894/7607MB (lfb 4x4MB) SWAP 1413/16384MB (cached 139MB) CPU [6%@729,4%@729,21%@729,5%@729,0%@1344,92%@1344] GR3D_FREQ 99% cpu@64.375C soc2@63.281C soc0@63.875C gpu@65.562C tj@65.562C soc1@62.937C VDD_IN 17604mW/17495mW VDD_CPU_GPU_CV 8354mW/8331mW VDD_SOC 4080mW/3993mW
08-11-2026 17:46:26 RAM 6894/7607MB (lfb 4x4MB) SWAP 1413/16384MB (cached 139MB) CPU [3%@729,2%@729,2%@729,2%@729,1%@1344,91%@1344] GR3D_FREQ 99% cpu@64.031C soc2@63.218C soc0@63.906C gpu@65.781C tj@65.781C soc1@62.906C VDD_IN 17526mW/17495mW VDD_CPU_GPU_CV 8510mW/8332mW VDD_SOC 3962mW/3993mW
08-11-2026 17:46:27 RAM 6894/7607MB (lfb 4x4MB) SWAP 1413/16384MB (cached 139MB) CPU [1%@729,1%@729,2%@729,2%@729,0%@1344,92%@1344] GR3D_FREQ 99% cpu@64.375C soc2@63.25C soc0@63.875C gpu@65.937C tj@65.937C soc1@63.031C VDD_IN 17850mW/17497mW VDD_CPU_GPU_CV 8666mW/8333mW VDD_SOC 4034mW/3993mW
08-11-2026 17:46:28 RAM 6894/7607MB (lfb 4x4MB) SWAP 1413/16384MB (cached 139MB) CPU [3%@729,2%@729,2%@729,2%@729,0%@960,95%@960] GR3D_FREQ 99% cpu@64.031C soc2@63.312C soc0@64C gpu@65.875C tj@65.875C soc1@62.812C VDD_IN 17732mW/17497mW VDD_CPU_GPU_CV 8705mW/8334mW VDD_SOC 3962mW/3993mW
08-11-2026 17:46:29 RAM 6894/7607MB (lfb 4x4MB) SWAP 1413/16384MB (cached 139MB) CPU [2%@729,0%@729,2%@729,2%@729,0%@1344,97%@1344] GR3D_FREQ 98% cpu@64.062C soc2@63.187C soc0@63.812C gpu@66C tj@65.718C soc1@62.906C VDD_IN 17850mW/17499mW VDD_CPU_GPU_CV 8823mW/8336mW VDD_SOC 3962mW/3993mW
08-11-2026 17:46:30 RAM 6898/7607MB (lfb 4x4MB) SWAP 1413/16384MB (cached 139MB) CPU [6%@729,6%@729,19%@729,5%@729,0%@1344,92%@1344] GR3D_FREQ 98% cpu@64.25C soc2@63.187C soc0@63.906C gpu@65.75C tj@65.75C soc1@62.906C VDD_IN 17968mW/17500mW VDD_CPU_GPU_CV 8862mW/8338mW VDD_SOC 3955mW/3993mW
08-11-2026 17:46:31 RAM 6898/7607MB (lfb 4x4MB) SWAP 1413/16384MB (cached 139MB) CPU [3%@729,2%@729,1%@729,2%@729,0%@1344,93%@1344] GR3D_FREQ 98% cpu@64C soc2@63.187C soc0@63.875C gpu@65.625C tj@65.625C soc1@62.937C VDD_IN 17811mW/17501mW VDD_CPU_GPU_CV 8784mW/8339mW VDD_SOC 3955mW/3993mW
08-11-2026 17:46:32 RAM 6898/7607MB (lfb 4x4MB) SWAP 1413/16384MB (cached 139MB) CPU [2%@729,2%@729,2%@729,1%@729,0%@1344,92%@1344] GR3D_FREQ 98% cpu@64.187C soc2@63.125C soc0@63.968C gpu@65.718C tj@65.718C soc1@62.968C VDD_IN 17811mW/17502mW VDD_CPU_GPU_CV 8705mW/8340mW VDD_SOC 4001mW/3993mW
08-11-2026 17:46:33 RAM 6898/7607MB (lfb 4x4MB) SWAP 1413/16384MB (cached 139MB) CPU [2%@729,0%@729,3%@729,2%@729,0%@1344,92%@1344] GR3D_FREQ 97% cpu@64.093C soc2@63.281C soc0@64.062C gpu@65.531C tj@65.531C soc1@62.843C VDD_IN 17732mW/17503mW VDD_CPU_GPU_CV 8549mW/8341mW VDD_SOC 3995mW/3993mW
08-11-2026 17:46:34 RAM 6898/7607MB (lfb 4x4MB) SWAP 1413/16384MB (cached 139MB) CPU [2%@729,2%@729,2%@729,5%@729,0%@1344,93%@1344] GR3D_FREQ 98% cpu@64.031C soc2@63.218C soc0@63.843C gpu@65.562C tj@65.562C soc1@62.906C VDD_IN 17811mW/17504mW VDD_CPU_GPU_CV 8627mW/8342mW VDD_SOC 4034mW/3993mW
08-11-2026 17:46:35 RAM 6897/7607MB (lfb 4x4MB) SWAP 1413/16384MB (cached 139MB) CPU [10%@1344,9%@1344,19%@1344,8%@1344,6%@1344,92%@1344] GR3D_FREQ 98% cpu@64.812C soc2@63.343C soc0@63.937C gpu@65.375C tj@65.375C soc1@62.937C VDD_IN 18125mW/17506mW VDD_CPU_GPU_CV 8784mW/8344mW VDD_SOC 4073mW/3993mW
08-11-2026 17:46:36 RAM 6898/7607MB (lfb 4x4MB) SWAP 1413/16384MB (cached 139MB) CPU [18%@729,21%@729,17%@729,18%@729,15%@1344,92%@1344] GR3D_FREQ 98% cpu@64.031C soc2@63.312C soc0@63.937C gpu@65.562C tj@65.562C soc1@63.031C VDD_IN 17889mW/17508mW VDD_CPU_GPU_CV 8510mW/8344mW VDD_SOC 4073mW/3994mW
08-11-2026 17:46:37 RAM 6898/7607MB (lfb 4x4MB) SWAP 1413/16384MB (cached 139MB) CPU [5%@729,4%@729,1%@729,2%@729,0%@1344,92%@1344] GR3D_FREQ 98% cpu@64.093C soc2@63.25C soc0@64.031C gpu@65.5C tj@65.5C soc1@62.843C VDD_IN 17732mW/17509mW VDD_CPU_GPU_CV 8276mW/8344mW VDD_SOC 4112mW/3994mW
08-11-2026 17:46:38 RAM 6898/7607MB (lfb 4x4MB) SWAP 1413/16384MB (cached 139MB) CPU [2%@729,3%@729,3%@729,1%@729,0%@1344,93%@1344] GR3D_FREQ 98% cpu@64.125C soc2@63.125C soc0@63.843C gpu@65.593C tj@65.593C soc1@62.906C VDD_IN 17693mW/17509mW VDD_CPU_GPU_CV 8159mW/8343mW VDD_SOC 4158mW/3995mW
08-11-2026 17:46:39 RAM 6898/7607MB (lfb 4x4MB) SWAP 1413/16384MB (cached 139MB) CPU [2%@729,2%@729,1%@729,2%@729,0%@1344,91%@1344] GR3D_FREQ 98% cpu@64.375C soc2@63.281C soc0@63.875C gpu@65.656C tj@65.656C soc1@62.937C VDD_IN 17683mW/17510mW VDD_CPU_GPU_CV 7964mW/8342mW VDD_SOC 4237mW/3995mW
08-11-2026 17:46:40 RAM 6898/7607MB (lfb 4x4MB) SWAP 1413/16384MB (cached 139MB) CPU [3%@729,3%@729,1%@729,1%@729,0%@1344,92%@1344] GR3D_FREQ 99% cpu@64.593C soc2@63.25C soc0@63.875C gpu@65.125C tj@65.125C soc1@62.968C VDD_IN 17565mW/17510mW VDD_CPU_GPU_CV 7742mW/8340mW VDD_SOC 4276mW/3996mW
08-11-2026 17:46:41 RAM 6899/7607MB (lfb 4x4MB) SWAP 1413/16384MB (cached 139MB) CPU [8%@729,7%@729,4%@729,17%@729,0%@1344,92%@1344] GR3D_FREQ 99% cpu@64.187C soc2@63.312C soc0@63.906C gpu@65.281C tj@65.281C soc1@63.031C VDD_IN 17604mW/17510mW VDD_CPU_GPU_CV 8276mW/8340mW VDD_SOC 4119mW/3997mW
08-11-2026 17:46:42 RAM 6899/7607MB (lfb 4x4MB) SWAP 1413/16384MB (cached 139MB) CPU [5%@729,2%@729,2%@729,2%@729,0%@1344,92%@1344] GR3D_FREQ 99% cpu@63.968C soc2@63.281C soc0@64C gpu@65.75C tj@65.75C soc1@62.875C VDD_IN 17565mW/17510mW VDD_CPU_GPU_CV 8549mW/8340mW VDD_SOC 3962mW/3997mW
08-11-2026 17:46:43 RAM 6899/7607MB (lfb 4x4MB) SWAP 1413/16384MB (cached 139MB) CPU [1%@729,3%@729,1%@729,1%@729,0%@1344,92%@1344] GR3D_FREQ 99% cpu@64.156C soc2@63.218C soc0@64C gpu@65.625C tj@65.625C soc1@62.875C VDD_IN 17811mW/17511mW VDD_CPU_GPU_CV 8666mW/8342mW VDD_SOC 4034mW/3997mW
08-11-2026 17:46:44 RAM 6899/7607MB (lfb 4x4MB) SWAP 1413/16384MB (cached 139MB) CPU [2%@1344,1%@1344,2%@1344,2%@1344,0%@883,94%@883] GR3D_FREQ 99% cpu@64.312C soc2@63.187C soc0@63.906C gpu@65.5C tj@65.5C soc1@62.906C VDD_IN 17732mW/17512mW VDD_CPU_GPU_CV 8705mW/8343mW VDD_SOC 3962mW/3997mW
08-11-2026 17:46:45 RAM 6899/7607MB (lfb 4x4MB) SWAP 1413/16384MB (cached 139MB) CPU [3%@729,3%@729,5%@729,1%@729,0%@1344,97%@1344] GR3D_FREQ 97% cpu@64.031C soc2@63.312C soc0@63.875C gpu@65.656C tj@65.656C soc1@63.093C VDD_IN 17811mW/17513mW VDD_CPU_GPU_CV 8823mW/8344mW VDD_SOC 3962mW/3997mW
08-11-2026 17:46:46 RAM 6901/7607MB (lfb 4x4MB) SWAP 1413/16384MB (cached 139MB) CPU [7%@729,11%@729,18%@729,4%@729,0%@1344,92%@1344] GR3D_FREQ 98% cpu@63.968C soc2@63.281C soc0@63.937C gpu@65.562C tj@65.562C soc1@63.093C VDD_IN 17968mW/17515mW VDD_CPU_GPU_CV 8862mW/8346mW VDD_SOC 3955mW/3996mW
08-11-2026 17:46:47 RAM 6901/7607MB (lfb 4x4MB) SWAP 1413/16384MB (cached 139MB) CPU [2%@729,0%@729,2%@729,3%@729,0%@1344,93%@1344] GR3D_FREQ 97% cpu@64.031C soc2@63.312C soc0@64.062C gpu@65.812C tj@65.812C soc1@62.875C VDD_IN 17850mW/17516mW VDD_CPU_GPU_CV 8784mW/8347mW VDD_SOC 3955mW/3996mW
08-11-2026 17:46:48 RAM 6901/7607MB (lfb 4x4MB) SWAP 1413/16384MB (cached 139MB) CPU [2%@729,4%@729,2%@729,1%@729,0%@1344,92%@1344] GR3D_FREQ 98% cpu@64.187C soc2@63.187C soc0@63.875C gpu@65.843C tj@65.843C soc1@62.906C VDD_IN 17772mW/17517mW VDD_CPU_GPU_CV 8666mW/8349mW VDD_SOC 3995mW/3996mW
08-11-2026 17:46:49 RAM 6900/7607MB (lfb 4x4MB) SWAP 1413/16384MB (cached 139MB) CPU [4%@729,1%@729,1%@729,1%@729,0%@1344,92%@1344] GR3D_FREQ 97% cpu@64.375C soc2@63.312C soc0@64C gpu@65.781C tj@65.781C soc1@62.937C VDD_IN 17732mW/17517mW VDD_CPU_GPU_CV 8588mW/8349mW VDD_SOC 3995mW/3996mW
08-11-2026 17:46:50 RAM 6900/7607MB (lfb 4x4MB) SWAP 1413/16384MB (cached 139MB) CPU [3%@729,1%@729,2%@729,2%@729,0%@1344,93%@1344] GR3D_FREQ 97% cpu@64.031C soc2@63.281C soc0@63.968C gpu@65.937C tj@65.937C soc1@62.937C VDD_IN 17772mW/17518mW VDD_CPU_GPU_CV 8549mW/8350mW VDD_SOC 4034mW/3996mW
08-11-2026 17:46:51 RAM 6900/7607MB (lfb 4x4MB) SWAP 1413/16384MB (cached 139MB) CPU [10%@729,2%@729,3%@729,6%@729,0%@1344,92%@1344] GR3D_FREQ 99% cpu@64.187C soc2@63.312C soc0@63.968C gpu@65.812C tj@65.812C soc1@62.812C VDD_IN 17811mW/17519mW VDD_CPU_GPU_CV 8510mW/8350mW VDD_SOC 4073mW/3997mW
08-11-2026 17:46:52 RAM 6899/7607MB (lfb 4x4MB) SWAP 1413/16384MB (cached 139MB) CPU [12%@729,5%@729,3%@729,2%@729,0%@1344,92%@1344] GR3D_FREQ 97% cpu@64.062C soc2@63.187C soc0@63.906C gpu@65.531C tj@65.531C soc1@62.843C VDD_IN 17772mW/17520mW VDD_CPU_GPU_CV 8432mW/8351mW VDD_SOC 4073mW/3997mW
08-11-2026 17:46:53 RAM 6899/7607MB (lfb 4x4MB) SWAP 1413/16384MB (cached 139MB) CPU [1%@729,2%@729,2%@729,2%@729,0%@1344,92%@1344] GR3D_FREQ 98% cpu@64.156C soc2@63.187C soc0@63.843C gpu@65.625C tj@65.625C soc1@62.937C VDD_IN 17693mW/17520mW VDD_CPU_GPU_CV 8237mW/8350mW VDD_SOC 4119mW/3997mW
08-11-2026 17:46:54 RAM 6899/7607MB (lfb 4x4MB) SWAP 1413/16384MB (cached 139MB) CPU [3%@729,2%@729,2%@729,1%@729,0%@1344,92%@1344] GR3D_FREQ 98% cpu@64.312C soc2@63.281C soc0@64.031C gpu@65.593C tj@65.593C soc1@62.875C VDD_IN 17693mW/17521mW VDD_CPU_GPU_CV 8159mW/8350mW VDD_SOC 4158mW/3998mW
08-11-2026 17:46:55 RAM 6899/7607MB (lfb 4x4MB) SWAP 1413/16384MB (cached 139MB) CPU [3%@729,2%@729,0%@729,2%@729,0%@1344,92%@1344] GR3D_FREQ 98% cpu@64.125C soc2@63.218C soc0@64.031C gpu@65.531C tj@65.531C soc1@63.031C VDD_IN 17615mW/17521mW VDD_CPU_GPU_CV 7925mW/8348mW VDD_SOC 4237mW/3999mW
08-11-2026 17:46:56 RAM 6899/7607MB (lfb 4x4MB) SWAP 1413/16384MB (cached 139MB) CPU [5%@729,3%@729,4%@729,2%@729,0%@1344,91%@1344] GR3D_FREQ 99% cpu@64.406C soc2@63.281C soc0@64.031C gpu@64.937C tj@64.937C soc1@62.875C VDD_IN 17565mW/17521mW VDD_CPU_GPU_CV 7729mW/8346mW VDD_SOC 4315mW/4000mW
08-11-2026 17:46:57 RAM 6900/7607MB (lfb 4x4MB) SWAP 1413/16384MB (cached 139MB) CPU [10%@729,7%@729,4%@729,16%@729,0%@1344,93%@1344] GR3D_FREQ 99% cpu@64.312C soc2@63.25C soc0@63.812C gpu@65.687C tj@65.687C soc1@62.968C VDD_IN 17604mW/17522mW VDD_CPU_GPU_CV 8354mW/8346mW VDD_SOC 4080mW/4000mW
08-11-2026 17:46:58 RAM 6900/7607MB (lfb 4x4MB) SWAP 1413/16384MB (cached 139MB) CPU [2%@729,0%@729,2%@729,2%@729,0%@1344,92%@1344] GR3D_FREQ 99% cpu@64.031C soc2@63.281C soc0@64.031C gpu@65.968C tj@65.968C soc1@62.968C VDD_IN 17565mW/17522mW VDD_CPU_GPU_CV 8549mW/8347mW VDD_SOC 3962mW/4000mW
08-11-2026 17:46:59 RAM 6900/7607MB (lfb 4x4MB) SWAP 1413/16384MB (cached 139MB) CPU [3%@729,2%@729,2%@729,1%@729,0%@1344,92%@1344] GR3D_FREQ 99% cpu@64.218C soc2@63.281C soc0@63.875C gpu@65.625C tj@65.625C soc1@62.968C VDD_IN 17811mW/17523mW VDD_CPU_GPU_CV 8705mW/8348mW VDD_SOC 4034mW/4000mW
08-11-2026 17:47:00 RAM 6900/7607MB (lfb 4x4MB) SWAP 1413/16384MB (cached 139MB) CPU [1%@729,5%@729,3%@729,2%@729,0%@960,96%@960] GR3D_FREQ 98% cpu@63.937C soc2@63.343C soc0@63.937C gpu@65.437C tj@65.437C soc1@63.031C VDD_IN 17693mW/17523mW VDD_CPU_GPU_CV 8744mW/8349mW VDD_SOC 3962mW/4000mW
08-11-2026 17:47:01 RAM 6900/7607MB (lfb 4x4MB) SWAP 1413/16384MB (cached 139MB) CPU [3%@729,1%@729,2%@729,1%@729,0%@1344,97%@1344] GR3D_FREQ 98% cpu@64.062C soc2@63.218C soc0@64.031C gpu@65.593C tj@65.593C soc1@62.875C VDD_IN 17850mW/17524mW VDD_CPU_GPU_CV 8862mW/8351mW VDD_SOC 3955mW/4000mW
08-11-2026 17:47:02 RAM 6900/7607MB (lfb 4x4MB) SWAP 1413/16384MB (cached 139MB) CPU [3%@729,15%@729,7%@729,10%@729,0%@1344,92%@1344] GR3D_FREQ 98% cpu@64.281C soc2@63.25C soc0@63.843C gpu@65.75C tj@65.75C soc1@62.843C VDD_IN 17929mW/17526mW VDD_CPU_GPU_CV 8901mW/8353mW VDD_SOC 3955mW/3999mW
08-11-2026 17:47:03 RAM 6900/7607MB (lfb 4x4MB) SWAP 1413/16384MB (cached 139MB) CPU [3%@729,1%@729,2%@729,1%@729,0%@1344,92%@1344] GR3D_FREQ 97% cpu@64.031C soc2@63.187C soc0@63.937C gpu@65.718C tj@65.718C soc1@62.906C VDD_IN 17850mW/17527mW VDD_CPU_GPU_CV 8784mW/8354mW VDD_SOC 3955mW/3999mW
08-11-2026 17:47:04 RAM 6900/7607MB (lfb 4x4MB) SWAP 1413/16384MB (cached 139MB) CPU [2%@729,3%@729,1%@729,1%@729,0%@1344,92%@1344] GR3D_FREQ 98% cpu@64C soc2@63.281C soc0@64C gpu@65.531C tj@65.531C soc1@62.968C VDD_IN 17811mW/17527mW VDD_CPU_GPU_CV 8705mW/8355mW VDD_SOC 3995mW/3999mW
08-11-2026 17:47:05 RAM 6900/7607MB (lfb 4x4MB) SWAP 1413/16384MB (cached 139MB) CPU [2%@729,1%@729,3%@729,1%@729,0%@1344,93%@1344] GR3D_FREQ 97% cpu@64.218C soc2@63.25C soc0@63.843C gpu@65.562C tj@65.562C soc1@62.875C VDD_IN 17772mW/17528mW VDD_CPU_GPU_CV 8627mW/8356mW VDD_SOC 4040mW/3999mW
08-11-2026 17:47:06 RAM 6900/7607MB (lfb 4x4MB) SWAP 1413/16384MB (cached 139MB) CPU [3%@729,3%@729,2%@729,2%@729,0%@1344,92%@1344] GR3D_FREQ 98% cpu@64.375C soc2@63.25C soc0@63.781C gpu@65.562C tj@65.562C soc1@62.906C VDD_IN 17811mW/17529mW VDD_CPU_GPU_CV 8666mW/8357mW VDD_SOC 4034mW/3999mW
08-11-2026 17:47:07 RAM 6901/7607MB (lfb 4x4MB) SWAP 1413/16384MB (cached 139MB) CPU [8%@1190,4%@1190,3%@1190,16%@1190,0%@1344,92%@1344] GR3D_FREQ 98% cpu@64.375C soc2@63.218C soc0@63.937C gpu@65.593C tj@65.593C soc1@62.906C VDD_IN 17968mW/17530mW VDD_CPU_GPU_CV 8666mW/8358mW VDD_SOC 4073mW/4000mW
08-11-2026 17:47:08 RAM 6901/7607MB (lfb 4x4MB) SWAP 1413/16384MB (cached 139MB) CPU [3%@960,6%@960,3%@960,4%@960,0%@1344,93%@1344] GR3D_FREQ 97% cpu@64C soc2@63.25C soc0@64C gpu@65.75C tj@65.75C soc1@63C VDD_IN 17811mW/17531mW VDD_CPU_GPU_CV 8471mW/8358mW VDD_SOC 4073mW/4000mW
08-11-2026 17:47:09 RAM 6901/7607MB (lfb 4x4MB) SWAP 1413/16384MB (cached 139MB) CPU [2%@729,1%@729,1%@729,3%@729,0%@1344,92%@1344] GR3D_FREQ 98% cpu@64.125C soc2@63.312C soc0@63.968C gpu@65.781C tj@65.781C soc1@62.843C VDD_IN 17732mW/17532mW VDD_CPU_GPU_CV 8315mW/8358mW VDD_SOC 4112mW/4000mW
08-11-2026 17:47:10 RAM 6902/7607MB (lfb 4x4MB) SWAP 1413/16384MB (cached 139MB) CPU [2%@729,1%@729,3%@729,1%@729,0%@1344,92%@1344] GR3D_FREQ 97% cpu@64.187C soc2@63.218C soc0@63.937C gpu@65.75C tj@65.75C soc1@62.843C VDD_IN 17693mW/17532mW VDD_CPU_GPU_CV 8159mW/8358mW VDD_SOC 4158mW/4001mW
08-11-2026 17:47:11 RAM 6902/7607MB (lfb 4x4MB) SWAP 1413/16384MB (cached 139MB) CPU [3%@729,2%@729,2%@729,2%@729,0%@1344,92%@1344] GR3D_FREQ 98% cpu@64.468C soc2@63.187C soc0@63.906C gpu@65.718C tj@65.718C soc1@62.906C VDD_IN 17654mW/17533mW VDD_CPU_GPU_CV 8042mW/8357mW VDD_SOC 4190mW/4001mW
08-11-2026 17:47:12 RAM 6902/7607MB (lfb 4x4MB) SWAP 1413/16384MB (cached 139MB) CPU [2%@729,1%@729,3%@729,0%@729,0%@1344,92%@1344] GR3D_FREQ 99% cpu@64.5C soc2@63.312C soc0@63.937C gpu@65.562C tj@65.562C soc1@63C VDD_IN 17654mW/17533mW VDD_CPU_GPU_CV 7847mW/8355mW VDD_SOC 4269mW/4002mW
08-11-2026 17:47:13 RAM 6901/7607MB (lfb 4x4MB) SWAP 1413/16384MB (cached 139MB) CPU [7%@729,4%@729,17%@729,6%@729,0%@1344,92%@1344] GR3D_FREQ 99% cpu@64.187C soc2@63.343C soc0@63.968C gpu@65.093C tj@65.093C soc1@63.062C VDD_IN 17536mW/17533mW VDD_CPU_GPU_CV 8159mW/8354mW VDD_SOC 4158mW/4003mW
08-11-2026 17:47:14 RAM 6901/7607MB (lfb 4x4MB) SWAP 1413/16384MB (cached 139MB) CPU [2%@729,3%@729,2%@729,1%@729,0%@1344,92%@1344] GR3D_FREQ 99% cpu@64.031C soc2@63.312C soc0@64.031C gpu@65.625C tj@65.625C soc1@62.906C VDD_IN 17536mW/17533mW VDD_CPU_GPU_CV 8549mW/8355mW VDD_SOC 3962mW/4002mW
08-11-2026 17:47:15 RAM 6901/7607MB (lfb 4x4MB) SWAP 1413/16384MB (cached 139MB) CPU [4%@729,0%@729,3%@729,1%@729,0%@1344,93%@1344] GR3D_FREQ 99% cpu@64.125C soc2@63.25C soc0@63.875C gpu@65.718C tj@65.718C soc1@62.968C VDD_IN 17732mW/17534mW VDD_CPU_GPU_CV 8588mW/8356mW VDD_SOC 3995mW/4002mW
08-11-2026 17:47:16 RAM 6902/7607MB (lfb 4x4MB) SWAP 1413/16384MB (cached 139MB) CPU [3%@729,4%@729,2%@729,0%@729,0%@806,94%@806] GR3D_FREQ 99% cpu@64.437C soc2@63.281C soc0@63.875C gpu@65.781C tj@65.781C soc1@62.906C VDD_IN 17889mW/17535mW VDD_CPU_GPU_CV 8862mW/8357mW VDD_SOC 3955mW/4002mW
08-11-2026 17:47:17 RAM 6901/7607MB (lfb 4x4MB) SWAP 1413/16384MB (cached 139MB) CPU [1%@729,2%@729,3%@729,2%@729,0%@1344,98%@1344] GR3D_FREQ 98% cpu@64.093C soc2@63.281C soc0@63.937C gpu@65.781C tj@65.781C soc1@63.093C VDD_IN 17889mW/17536mW VDD_CPU_GPU_CV 8901mW/8359mW VDD_SOC 3955mW/4002mW
08-11-2026 17:47:18 RAM 6900/7607MB (lfb 4x4MB) SWAP 1413/16384MB (cached 139MB) CPU [19%@729,6%@729,6%@729,8%@729,0%@1344,92%@1344] GR3D_FREQ 98% cpu@64.031C soc2@63.281C soc0@63.937C gpu@65.656C tj@65.656C soc1@63C VDD_IN 17968mW/17537mW VDD_CPU_GPU_CV 8901mW/8360mW VDD_SOC 3955mW/4002mW
08-11-2026 17:47:19 RAM 6900/7607MB (lfb 4x4MB) SWAP 1413/16384MB (cached 139MB) CPU [3%@729,2%@729,2%@729,4%@729,0%@1344,93%@1344] GR3D_FREQ 98% cpu@64.062C soc2@63.218C soc0@64.031C gpu@65.968C tj@65.968C soc1@62.843C VDD_IN 17850mW/17538mW VDD_CPU_GPU_CV 8784mW/8362mW VDD_SOC 3955mW/4002mW
08-11-2026 17:47:20 RAM 6900/7607MB (lfb 4x4MB) SWAP 1413/16384MB (cached 139MB) CPU [2%@729,2%@729,1%@729,3%@729,0%@1344,92%@1344] GR3D_FREQ 98% cpu@64.187C soc2@63.312C soc0@63.937C gpu@65.937C tj@65.937C soc1@62.968C VDD_IN 17850mW/17539mW VDD_CPU_GPU_CV 8705mW/8363mW VDD_SOC 3995mW/4002mW
08-11-2026 17:47:21 RAM 6900/7607MB (lfb 4x4MB) SWAP 1413/16384MB (cached 139MB) CPU [2%@729,1%@729,3%@729,2%@729,0%@1344,92%@1344] GR3D_FREQ 97% cpu@64.343C soc2@63.25C soc0@63.875C gpu@65.937C tj@65.937C soc1@62.937C VDD_IN 17811mW/17540mW VDD_CPU_GPU_CV 8627mW/8364mW VDD_SOC 3995mW/4002mW
08-11-2026 17:47:22 RAM 6900/7607MB (lfb 4x4MB) SWAP 1413/16384MB (cached 139MB) CPU [4%@729,0%@729,1%@729,1%@729,0%@1344,92%@1344] GR3D_FREQ 98% cpu@64C soc2@63.25C soc0@63.937C gpu@65.75C tj@65.75C soc1@63.093C VDD_IN 17811mW/17541mW VDD_CPU_GPU_CV 8627mW/8364mW VDD_SOC 4040mW/4002mW
08-11-2026 17:47:23 RAM 6899/7607MB (lfb 4x4MB) SWAP 1413/16384MB (cached 139MB) CPU [10%@729,4%@729,9%@729,12%@729,2%@1344,93%@1344] GR3D_FREQ 98% cpu@64.187C soc2@63.312C soc0@64.093C gpu@65.718C tj@65.718C soc1@62.812C VDD_IN 18046mW/17542mW VDD_CPU_GPU_CV 8705mW/8365mW VDD_SOC 4073mW/4002mW
08-11-2026 17:47:24 RAM 6898/7607MB (lfb 4x4MB) SWAP 1413/16384MB (cached 139MB) CPU [1%@729,2%@729,1%@729,3%@729,0%@1344,91%@1344] GR3D_FREQ 98% cpu@64.312C soc2@63.218C soc0@63.906C gpu@65.75C tj@65.75C soc1@62.937C VDD_IN 17811mW/17543mW VDD_CPU_GPU_CV 8471mW/8366mW VDD_SOC 4073mW/4002mW
08-11-2026 17:47:25 RAM 6898/7607MB (lfb 4x4MB) SWAP 1413/16384MB (cached 139MB) CPU [2%@729,3%@729,1%@729,1%@729,0%@1344,92%@1344] GR3D_FREQ 97% cpu@64.187C soc2@63.25C soc0@64.031C gpu@65.718C tj@65.718C soc1@62.906C VDD_IN 17772mW/17544mW VDD_CPU_GPU_CV 8315mW/8365mW VDD_SOC 4112mW/4003mW
08-11-2026 17:47:26 RAM 6899/7607MB (lfb 4x4MB) SWAP 1412/16384MB (cached 139MB) CPU [11%@729,5%@729,6%@729,6%@729,0%@1344,91%@1344] GR3D_FREQ 97% cpu@64.375C soc2@63.218C soc0@63.968C gpu@65.687C tj@65.687C soc1@63C VDD_IN 17732mW/17544mW VDD_CPU_GPU_CV 8237mW/8365mW VDD_SOC 4151mW/4003mW
08-11-2026 17:47:27 RAM 6899/7607MB (lfb 4x4MB) SWAP 1412/16384MB (cached 139MB) CPU [3%@729,2%@729,1%@729,2%@729,0%@1344,93%@1344] GR3D_FREQ 98% cpu@64.093C soc2@63.281C soc0@64.062C gpu@65.562C tj@65.562C soc1@63C VDD_IN 17732mW/17545mW VDD_CPU_GPU_CV 8081mW/8364mW VDD_SOC 4230mW/4004mW
08-11-2026 17:47:28 RAM 6899/7607MB (lfb 4x4MB) SWAP 1412/16384MB (cached 139MB) CPU [2%@729,2%@729,1%@729,2%@729,0%@1344,92%@1344] GR3D_FREQ 99% cpu@64.375C soc2@63.218C soc0@64.031C gpu@65.312C tj@65.312C soc1@62.875C VDD_IN 17643mW/17545mW VDD_CPU_GPU_CV 7847mW/8363mW VDD_SOC 4276mW/4005mW
08-11-2026 17:47:29 RAM 6900/7607MB (lfb 4x4MB) SWAP 1412/16384MB (cached 139MB) CPU [5%@729,8%@729,2%@729,20%@729,0%@1344,92%@1344] GR3D_FREQ 99% cpu@64.562C soc2@63.281C soc0@63.968C gpu@65.062C tj@65.062C soc1@62.968C VDD_IN 17604mW/17545mW VDD_CPU_GPU_CV 8120mW/8362mW VDD_SOC 4158mW/4005mW
08-11-2026 17:47:30 RAM 6900/7607MB (lfb 4x4MB) SWAP 1412/16384MB (cached 139MB) CPU [3%@729,3%@729,1%@729,0%@729,0%@1344,93%@1344] GR3D_FREQ 99% cpu@64.031C soc2@63.25C soc0@63.968C gpu@65.593C tj@65.593C soc1@63C VDD_IN 17654mW/17545mW VDD_CPU_GPU_CV 8549mW/8363mW VDD_SOC 4001mW/4005mW
08-11-2026 17:47:31 RAM 6900/7607MB (lfb 4x4MB) SWAP 1412/16384MB (cached 139MB) CPU [3%@729,2%@729,2%@729,6%@729,0%@1344,92%@1344] GR3D_FREQ 99% cpu@64.312C soc2@63.281C soc0@64.031C gpu@65.687C tj@65.687C soc1@63.031C VDD_IN 17772mW/17546mW VDD_CPU_GPU_CV 8588mW/8363mW VDD_SOC 4040mW/4005mW
08-11-2026 17:47:32 RAM 6900/7607MB (lfb 4x4MB) SWAP 1412/16384MB (cached 139MB) CPU [2%@729,0%@729,3%@729,2%@729,0%@729,92%@729] GR3D_FREQ 99% cpu@64.062C soc2@63.343C soc0@64.031C gpu@65.843C tj@65.843C soc1@62.906C VDD_IN 18085mW/17548mW VDD_CPU_GPU_CV 8901mW/8365mW VDD_SOC 4073mW/4005mW
08-11-2026 17:47:33 RAM 6900/7607MB (lfb 4x4MB) SWAP 1412/16384MB (cached 139MB) CPU [2%@729,2%@729,1%@729,3%@729,0%@1344,99%@1344] GR3D_FREQ 97% cpu@64.031C soc2@63.281C soc0@63.906C gpu@65.75C tj@65.75C soc1@62.937C VDD_IN 17889mW/17549mW VDD_CPU_GPU_CV 8901mW/8366mW VDD_SOC 3955mW/4005mW
08-11-2026 17:47:34 RAM 6903/7607MB (lfb 4x4MB) SWAP 1412/16384MB (cached 139MB) CPU [2%@729,5%@729,7%@729,21%@729,0%@1344,93%@1344] GR3D_FREQ 98% cpu@64.281C soc2@63.281C soc0@64C gpu@65.875C tj@65.875C soc1@63C VDD_IN 17968mW/17550mW VDD_CPU_GPU_CV 8940mW/8368mW VDD_SOC 3955mW/4005mW
08-11-2026 17:47:35 RAM 6903/7607MB (lfb 4x4MB) SWAP 1412/16384MB (cached 139MB) CPU [2%@729,1%@729,2%@729,3%@729,0%@1344,93%@1344] GR3D_FREQ 99% cpu@64.093C soc2@63.312C soc0@64.062C gpu@65.718C tj@65.718C soc1@62.968C VDD_IN 17850mW/17551mW VDD_CPU_GPU_CV 8784mW/8369mW VDD_SOC 3955mW/4005mW
08-11-2026 17:47:36 RAM 6903/7607MB (lfb 4x4MB) SWAP 1412/16384MB (cached 139MB) CPU [2%@729,1%@729,2%@729,5%@729,0%@1344,92%@1344] GR3D_FREQ 98% cpu@64.031C soc2@63.343C soc0@64.062C gpu@65.687C tj@65.687C soc1@63.093C VDD_IN 17889mW/17552mW VDD_CPU_GPU_CV 8823mW/8370mW VDD_SOC 3995mW/4005mW
08-11-2026 17:47:37 RAM 6891/7607MB (lfb 4x4MB) SWAP 1413/16384MB (cached 139MB) CPU [5%@729,2%@729,1%@729,2%@729,1%@1344,92%@1344] GR3D_FREQ 97% cpu@64.25C soc2@63.218C soc0@63.906C gpu@65.687C tj@65.687C soc1@62.937C VDD_IN 17850mW/17552mW VDD_CPU_GPU_CV 8705mW/8371mW VDD_SOC 3995mW/4005mW
08-11-2026 17:47:39 RAM 6891/7607MB (lfb 4x4MB) SWAP 1413/16384MB (cached 139MB) CPU [1%@729,1%@729,0%@729,3%@729,0%@1344,92%@1344] GR3D_FREQ 98% cpu@64.375C soc2@63.218C soc0@63.968C gpu@65.843C tj@65.843C soc1@63C VDD_IN 17889mW/17553mW VDD_CPU_GPU_CV 8666mW/8372mW VDD_SOC 3995mW/4005mW
08-11-2026 17:47:40 RAM 6897/7607MB (lfb 4x4MB) SWAP 1413/16384MB (cached 139MB) CPU [12%@729,19%@729,3%@729,4%@729,0%@1344,92%@1344] GR3D_FREQ 98% cpu@64.187C soc2@63.406C soc0@63.968C gpu@65.906C tj@65.906C soc1@63C VDD_IN 18007mW/17555mW VDD_CPU_GPU_CV 8705mW/8373mW VDD_SOC 4034mW/4005mW
08-11-2026 17:47:41 RAM 6897/7607MB (lfb 4x4MB) SWAP 1413/16384MB (cached 139MB) CPU [5%@729,3%@729,2%@729,2%@729,0%@1344,93%@1344] GR3D_FREQ 97% cpu@64.125C soc2@63.343C soc0@64.031C gpu@65.906C tj@65.906C soc1@63.093C VDD_IN 17811mW/17555mW VDD_CPU_GPU_CV 8510mW/8374mW VDD_SOC 4073mW/4005mW
08-11-2026 17:47:42 RAM 6897/7607MB (lfb 4x4MB) SWAP 1413/16384MB (cached 139MB) CPU [4%@729,1%@729,1%@729,3%@729,0%@1344,91%@1344] GR3D_FREQ 98% cpu@64.093C soc2@63.375C soc0@64.125C gpu@65.843C tj@65.718C soc1@62.937C VDD_IN 17772mW/17556mW VDD_CPU_GPU_CV 8432mW/8374mW VDD_SOC 4112mW/4005mW
08-11-2026 17:47:43 RAM 6897/7607MB (lfb 4x4MB) SWAP 1413/16384MB (cached 139MB) CPU [3%@729,3%@729,1%@729,2%@729,0%@1344,92%@1344] GR3D_FREQ 98% cpu@64.343C soc2@63.218C soc0@64C gpu@65.593C tj@65.593C soc1@63C VDD_IN 17693mW/17556mW VDD_CPU_GPU_CV 8237mW/8373mW VDD_SOC 4151mW/4006mW
08-11-2026 17:47:44 RAM 6893/7607MB (lfb 3x4MB) SWAP 1413/16384MB (cached 138MB) CPU [15%@1344,7%@1344,8%@1344,7%@1344,4%@729,60%@729] GR3D_FREQ 0% cpu@64.312C soc2@63.062C soc0@64C gpu@64.031C tj@64.312C soc1@63.031C VDD_IN 12933mW/17543mW VDD_CPU_GPU_CV 5243mW/8365mW VDD_SOC 3356mW/4004mW
08-11-2026 17:47:45 RAM 7033/7607MB (lfb 3x4MB) SWAP 1413/16384MB (cached 137MB) CPU [79%@1344,80%@1344,69%@1344,69%@1344,67%@1344,67%@1344] GR3D_FREQ 6% cpu@63.781C soc2@62.562C soc0@63.593C gpu@62.937C tj@63.781C soc1@62.843C VDD_IN 8439mW/17518mW VDD_CPU_GPU_CV 2821mW/8349mW VDD_SOC 1910mW/3998mW
08-11-2026 17:47:46 RAM 7027/7607MB (lfb 4x4MB) SWAP 1413/16384MB (cached 137MB) CPU [10%@729,7%@729,12%@729,18%@729,6%@1344,100%@1344] GR3D_FREQ 98% cpu@63.75C soc2@62.812C soc0@63.656C gpu@65.375C tj@65.375C soc1@62.656C VDD_IN 16531mW/17516mW VDD_CPU_GPU_CV 8016mW/8348mW VDD_SOC 3575mW/3997mW
08-11-2026 17:47:47 RAM 7028/7607MB (lfb 4x4MB) SWAP 1413/16384MB (cached 137MB) CPU [3%@729,0%@729,3%@729,2%@729,0%@1344,92%@1344] GR3D_FREQ 98% cpu@64.031C soc2@62.906C soc0@63.625C gpu@65.531C tj@65.531C soc1@62.781C VDD_IN 17732mW/17516mW VDD_CPU_GPU_CV 8705mW/8349mW VDD_SOC 3923mW/3997mW
08-11-2026 17:47:48 RAM 7028/7607MB (lfb 4x4MB) SWAP 1413/16384MB (cached 137MB) CPU [3%@729,1%@729,2%@729,2%@729,0%@1344,92%@1344] GR3D_FREQ 97% cpu@64.031C soc2@63C soc0@63.75C gpu@65.75C tj@65.75C soc1@62.781C VDD_IN 17850mW/17517mW VDD_CPU_GPU_CV 8705mW/8350mW VDD_SOC 3995mW/3997mW
08-11-2026 17:47:49 RAM 7028/7607MB (lfb 4x4MB) SWAP 1413/16384MB (cached 137MB) CPU [2%@729,2%@729,3%@729,1%@729,0%@1344,92%@1344] GR3D_FREQ 97% cpu@64.093C soc2@63.093C soc0@63.781C gpu@65.781C tj@65.781C soc1@62.812C VDD_IN 17772mW/17518mW VDD_CPU_GPU_CV 8627mW/8351mW VDD_SOC 3995mW/3997mW
08-11-2026 17:47:50 RAM 7028/7607MB (lfb 4x4MB) SWAP 1413/16384MB (cached 137MB) CPU [2%@729,2%@729,1%@729,3%@729,0%@1344,92%@1344] GR3D_FREQ 98% cpu@63.906C soc2@63.062C soc0@63.843C gpu@65.468C tj@65.468C soc1@62.718C VDD_IN 17850mW/17519mW VDD_CPU_GPU_CV 8627mW/8352mW VDD_SOC 4034mW/3997mW
08-11-2026 17:47:51 RAM 7025/7607MB (lfb 4x4MB) SWAP 1413/16384MB (cached 137MB) CPU [19%@1113,14%@1113,5%@1113,14%@1113,0%@1344,91%@1344] GR3D_FREQ 98% cpu@64.062C soc2@63.156C soc0@63.75C gpu@65.468C tj@65.468C soc1@62.75C VDD_IN 18046mW/17520mW VDD_CPU_GPU_CV 8744mW/8353mW VDD_SOC 4073mW/3997mW
08-11-2026 17:47:52 RAM 7026/7607MB (lfb 4x4MB) SWAP 1413/16384MB (cached 137MB) CPU [12%@729,14%@729,5%@729,7%@729,0%@1344,91%@1344] GR3D_FREQ 98% cpu@64.218C soc2@63.125C soc0@63.75C gpu@65.5C tj@65.5C soc1@62.906C VDD_IN 17850mW/17521mW VDD_CPU_GPU_CV 8510mW/8353mW VDD_SOC 4112mW/3997mW
08-11-2026 17:47:53 RAM 7026/7607MB (lfb 4x4MB) SWAP 1413/16384MB (cached 137MB) CPU [3%@729,3%@729,3%@729,3%@729,1%@1344,92%@1344] GR3D_FREQ 97% cpu@63.937C soc2@63.062C soc0@63.781C gpu@65.5C tj@65.5C soc1@62.875C VDD_IN 17811mW/17522mW VDD_CPU_GPU_CV 8315mW/8353mW VDD_SOC 4151mW/3998mW
08-11-2026 17:47:54 RAM 7026/7607MB (lfb 4x4MB) SWAP 1413/16384MB (cached 137MB) CPU [3%@729,2%@729,6%@729,2%@729,0%@1344,92%@1344] GR3D_FREQ 98% cpu@64.187C soc2@63.125C soc0@63.937C gpu@65.5C tj@65.5C soc1@63C VDD_IN 17772mW/17523mW VDD_CPU_GPU_CV 8237mW/8353mW VDD_SOC 4190mW/3998mW
08-11-2026 17:47:55 RAM 7026/7607MB (lfb 4x4MB) SWAP 1413/16384MB (cached 137MB) CPU [4%@729,1%@729,3%@729,3%@729,0%@1344,92%@1344] GR3D_FREQ 98% cpu@64.031C soc2@63.093C soc0@63.937C gpu@65.312C tj@65.312C soc1@62.781C VDD_IN 17732mW/17523mW VDD_CPU_GPU_CV 8042mW/8352mW VDD_SOC 4230mW/3999mW
08-11-2026 17:47:56 RAM 7030/7607MB (lfb 4x4MB) SWAP 1413/16384MB (cached 137MB) CPU [6%@729,4%@729,15%@729,10%@729,0%@1344,93%@1344] GR3D_FREQ 99% cpu@64.343C soc2@63.25C soc0@63.781C gpu@65.031C tj@65.031C soc1@62.843C VDD_IN 17811mW/17524mW VDD_CPU_GPU_CV 7925mW/8351mW VDD_SOC 4308mW/4000mW
08-11-2026 17:47:57 RAM 7030/7607MB (lfb 4x4MB) SWAP 1413/16384MB (cached 137MB) CPU [3%@729,2%@729,2%@729,3%@729,0%@1344,92%@1344] GR3D_FREQ 99% cpu@64.375C soc2@63.156C soc0@63.906C gpu@65.093C tj@65.093C soc1@62.875C VDD_IN 17575mW/17524mW VDD_CPU_GPU_CV 8315mW/8351mW VDD_SOC 4080mW/4000mW
08-11-2026 17:47:58 RAM 7029/7607MB (lfb 4x4MB) SWAP 1413/16384MB (cached 137MB) CPU [3%@729,1%@729,1%@729,2%@729,0%@1344,92%@1344] GR3D_FREQ 99% cpu@63.937C soc2@63.093C soc0@63.875C gpu@65.468C tj@65.468C soc1@62.937C VDD_IN 17615mW/17524mW VDD_CPU_GPU_CV 8627mW/8352mW VDD_SOC 3962mW/4000mW
08-11-2026 17:47:59 RAM 7029/7607MB (lfb 4x4MB) SWAP 1413/16384MB (cached 137MB) CPU [2%@729,2%@729,1%@729,3%@729,0%@1344,93%@1344] GR3D_FREQ 99% cpu@64.156C soc2@63.187C soc0@63.906C gpu@65.593C tj@65.718C soc1@63.031C VDD_IN 17929mW/17525mW VDD_CPU_GPU_CV 8705mW/8353mW VDD_SOC 4034mW/4000mW
08-11-2026 17:48:00 RAM 7029/7607MB (lfb 4x4MB) SWAP 1413/16384MB (cached 137MB) CPU [2%@729,3%@729,1%@729,1%@729,0%@960,95%@960] GR3D_FREQ 98% cpu@64.062C soc2@63.187C soc0@63.937C gpu@65.625C tj@65.625C soc1@62.812C VDD_IN 17811mW/17526mW VDD_CPU_GPU_CV 8744mW/8354mW VDD_SOC 3955mW/4000mW
08-11-2026 17:48:01 RAM 7031/7607MB (lfb 4x4MB) SWAP 1413/16384MB (cached 137MB) CPU [4%@729,8%@729,7%@729,3%@729,0%@1344,97%@1344] GR3D_FREQ 98% cpu@64.25C soc2@63.218C soc0@63.781C gpu@65.781C tj@65.781C soc1@62.812C VDD_IN 18046mW/17527mW VDD_CPU_GPU_CV 9018mW/8355mW VDD_SOC 3955mW/4000mW
08-11-2026 17:48:02 RAM 7033/7607MB (lfb 4x4MB) SWAP 1413/16384MB (cached 137MB) CPU [3%@729,6%@729,0%@729,5%@729,96%@1344,2%@1344] GR3D_FREQ 98% cpu@64.187C soc2@63.187C soc0@63.906C gpu@65.843C tj@65.843C soc1@62.906C VDD_IN 17929mW/17529mW VDD_CPU_GPU_CV 8823mW/8357mW VDD_SOC 3955mW/4000mW
08-11-2026 17:48:03 RAM 7033/7607MB (lfb 4x4MB) SWAP 1413/16384MB (cached 137MB) CPU [5%@729,2%@729,4%@729,1%@729,92%@1344,0%@1344] GR3D_FREQ 98% cpu@64C soc2@63.187C soc0@63.937C gpu@65.781C tj@65.781C soc1@62.968C VDD_IN 17929mW/17530mW VDD_CPU_GPU_CV 8823mW/8358mW VDD_SOC 3955mW/4000mW
08-11-2026 17:48:04 RAM 7033/7607MB (lfb 4x4MB) SWAP 1413/16384MB (cached 137MB) CPU [1%@729,1%@729,2%@729,1%@729,92%@1344,0%@1344] GR3D_FREQ 98% cpu@64.031C soc2@63.218C soc0@63.968C gpu@65.625C tj@65.625C soc1@62.875C VDD_IN 17889mW/17531mW VDD_CPU_GPU_CV 8744mW/8359mW VDD_SOC 3995mW/4000mW
08-11-2026 17:48:05 RAM 7033/7607MB (lfb 4x4MB) SWAP 1413/16384MB (cached 137MB) CPU [2%@729,2%@729,1%@729,2%@729,92%@1344,0%@1344] GR3D_FREQ 98% cpu@64.156C soc2@63.156C soc0@63.843C gpu@65.468C tj@65.468C soc1@62.875C VDD_IN 17889mW/17531mW VDD_CPU_GPU_CV 8666mW/8360mW VDD_SOC 4034mW/4000mW
08-11-2026 17:48:06 RAM 7034/7607MB (lfb 4x4MB) SWAP 1413/16384MB (cached 137MB) CPU [2%@729,2%@729,3%@729,2%@729,91%@1344,0%@1344] GR3D_FREQ 98% cpu@64.281C soc2@63.281C soc0@63.906C gpu@65.593C tj@65.593C soc1@62.937C VDD_IN 17889mW/17532mW VDD_CPU_GPU_CV 8666mW/8360mW VDD_SOC 4034mW/4000mW
08-11-2026 17:48:07 RAM 7037/7607MB (lfb 3x4MB) SWAP 1413/16384MB (cached 137MB) CPU [7%@729,13%@729,10%@729,7%@729,92%@1344,0%@1344] GR3D_FREQ 98% cpu@64.125C soc2@63.187C soc0@63.906C gpu@65.718C tj@65.718C soc1@62.968C VDD_IN 17889mW/17533mW VDD_CPU_GPU_CV 8588mW/8361mW VDD_SOC 4073mW/4000mW
08-11-2026 17:48:08 RAM 7037/7607MB (lfb 3x4MB) SWAP 1413/16384MB (cached 137MB) CPU [4%@729,1%@729,2%@729,1%@729,93%@1344,0%@1344] GR3D_FREQ 98% cpu@63.906C soc2@63.218C soc0@63.937C gpu@65.687C tj@65.687C soc1@63.031C VDD_IN 17811mW/17534mW VDD_CPU_GPU_CV 8471mW/8361mW VDD_SOC 4073mW/4000mW
08-11-2026 17:48:09 RAM 7037/7607MB (lfb 3x4MB) SWAP 1413/16384MB (cached 137MB) CPU [4%@729,2%@729,2%@729,1%@729,92%@1344,0%@1344] GR3D_FREQ 98% cpu@64.031C soc2@63.156C soc0@64.031C gpu@65.875C tj@65.875C soc1@62.875C VDD_IN 17811mW/17535mW VDD_CPU_GPU_CV 8354mW/8361mW VDD_SOC 4151mW/4000mW
08-11-2026 17:48:10 RAM 7037/7607MB (lfb 3x4MB) SWAP 1413/16384MB (cached 137MB) CPU [2%@729,2%@729,1%@729,2%@729,92%@1344,0%@1344] GR3D_FREQ 98% cpu@64.187C soc2@63.156C soc0@63.968C gpu@65.812C tj@65.812C soc1@62.906C VDD_IN 17732mW/17535mW VDD_CPU_GPU_CV 8198mW/8361mW VDD_SOC 4151mW/4001mW
08-11-2026 17:48:11 RAM 7037/7607MB (lfb 3x4MB) SWAP 1413/16384MB (cached 137MB) CPU [4%@729,1%@729,2%@729,1%@729,92%@1344,1%@1344] GR3D_FREQ 98% cpu@64.312C soc2@63.218C soc0@63.875C gpu@65.906C tj@65.906C soc1@62.906C VDD_IN 17732mW/17536mW VDD_CPU_GPU_CV 8081mW/8360mW VDD_SOC 4230mW/4001mW
08-11-2026 17:48:12 RAM 7042/7607MB (lfb 3x4MB) SWAP 1413/16384MB (cached 137MB) CPU [7%@729,19%@729,6%@729,7%@729,93%@1344,0%@1344] GR3D_FREQ 99% cpu@64.218C soc2@63.375C soc0@63.906C gpu@65.562C tj@65.562C soc1@63C VDD_IN 17732mW/17536mW VDD_CPU_GPU_CV 7964mW/8359mW VDD_SOC 4269mW/4002mW
08-11-2026 17:48:13 RAM 7042/7607MB (lfb 3x4MB) SWAP 1413/16384MB (cached 137MB) CPU [6%@729,2%@729,2%@729,2%@729,92%@1344,0%@1344] GR3D_FREQ 99% cpu@64.156C soc2@63.343C soc0@64C gpu@65.5C tj@65.5C soc1@63.093C VDD_IN 17615mW/17536mW VDD_CPU_GPU_CV 8237mW/8359mW VDD_SOC 4119mW/4002mW
08-11-2026 17:48:14 RAM 7042/7607MB (lfb 3x4MB) SWAP 1413/16384MB (cached 137MB) CPU [58%@1344,0%@1344,1%@1344,2%@1344,37%@729,0%@729] GR3D_FREQ 99% cpu@64.156C soc2@63.468C soc0@64.062C gpu@65.968C tj@65.968C soc1@62.843C VDD_IN 17615mW/17537mW VDD_CPU_GPU_CV 8549mW/8359mW VDD_SOC 4001mW/4002mW
08-11-2026 17:48:15 RAM 7042/7607MB (lfb 3x4MB) SWAP 1413/16384MB (cached 137MB) CPU [92%@1344,3%@1344,3%@1344,1%@1344,0%@729,0%@729] GR3D_FREQ 99% cpu@64.218C soc2@63.437C soc0@63.875C gpu@65.75C tj@65.75C soc1@62.937C VDD_IN 17772mW/17537mW VDD_CPU_GPU_CV 8627mW/8360mW VDD_SOC 4034mW/4003mW
08-11-2026 17:48:16 RAM 7042/7607MB (lfb 3x4MB) SWAP 1413/16384MB (cached 137MB) CPU [93%@729,1%@729,1%@729,1%@729,0%@729,0%@729] GR3D_FREQ 99% cpu@64.125C soc2@63.343C soc0@63.968C gpu@65.906C tj@65.906C soc1@63C VDD_IN 18007mW/17538mW VDD_CPU_GPU_CV 8940mW/8361mW VDD_SOC 3995mW/4003mW
08-11-2026 17:48:17 RAM 7043/7607MB (lfb 3x4MB) SWAP 1413/16384MB (cached 137MB) CPU [99%@1344,8%@1344,4%@1344,13%@1344,0%@729,1%@729] GR3D_FREQ 98% cpu@64.531C soc2@63.343C soc0@63.937C gpu@65.843C tj@65.843C soc1@62.906C VDD_IN 18203mW/17540mW VDD_CPU_GPU_CV 9120mW/8363mW VDD_SOC 3955mW/4002mW
08-11-2026 17:48:18 RAM 7043/7607MB (lfb 3x4MB) SWAP 1413/16384MB (cached 137MB) CPU [92%@1344,2%@1344,0%@1344,0%@1344,0%@729,0%@729] GR3D_FREQ 98% cpu@64C soc2@63.468C soc0@64C gpu@65.812C tj@65.812C soc1@63.062C VDD_IN 17929mW/17541mW VDD_CPU_GPU_CV 8901mW/8365mW VDD_SOC 3955mW/4002mW
08-11-2026 17:48:19 RAM 7043/7607MB (lfb 3x4MB) SWAP 1413/16384MB (cached 137MB) CPU [93%@1344,2%@1344,2%@1344,1%@1344,1%@729,0%@729] GR3D_FREQ 97% cpu@64.062C soc2@63.468C soc0@64.031C gpu@65.75C tj@65.75C soc1@62.812C VDD_IN 17889mW/17542mW VDD_CPU_GPU_CV 8823mW/8366mW VDD_SOC 3955mW/4002mW
08-11-2026 17:48:20 RAM 7043/7607MB (lfb 3x4MB) SWAP 1413/16384MB (cached 137MB) CPU [92%@1344,1%@1344,2%@1344,2%@1344,0%@729,1%@729] GR3D_FREQ 98% cpu@64.343C soc2@63.406C soc0@63.875C gpu@65.843C tj@65.843C soc1@62.906C VDD_IN 17889mW/17543mW VDD_CPU_GPU_CV 8784mW/8367mW VDD_SOC 3995mW/4002mW
08-11-2026 17:48:21 RAM 7043/7607MB (lfb 3x4MB) SWAP 1413/16384MB (cached 137MB) CPU [92%@1344,1%@1344,1%@1344,1%@1344,0%@729,0%@729] GR3D_FREQ 99% cpu@64.093C soc2@63.375C soc0@63.843C gpu@65.812C tj@65.812C soc1@62.937C VDD_IN 17850mW/17544mW VDD_CPU_GPU_CV 8666mW/8368mW VDD_SOC 4034mW/4002mW
08-11-2026 17:48:22 RAM 7042/7607MB (lfb 3x4MB) SWAP 1413/16384MB (cached 137MB) CPU [93%@1344,2%@1344,3%@1344,2%@1344,0%@729,0%@729] GR3D_FREQ 98% cpu@64.343C soc2@63.437C soc0@64C gpu@65.781C tj@65.781C soc1@62.968C VDD_IN 17850mW/17544mW VDD_CPU_GPU_CV 8666mW/8368mW VDD_SOC 4034mW/4002mW
08-11-2026 17:48:23 RAM 7047/7607MB (lfb 3x4MB) SWAP 1413/16384MB (cached 137MB) CPU [19%@729,6%@729,3%@729,17%@729,76%@1344,3%@1344] GR3D_FREQ 98% cpu@64C soc2@63.343C soc0@64.062C gpu@65.75C tj@65.75C soc1@63C VDD_IN 17850mW/17545mW VDD_CPU_GPU_CV 8549mW/8369mW VDD_SOC 4073mW/4002mW
08-11-2026 17:48:24 RAM 7047/7607MB (lfb 3x4MB) SWAP 1413/16384MB (cached 137MB) CPU [55%@729,5%@729,1%@729,1%@729,38%@1344,0%@1344] GR3D_FREQ 98% cpu@63.937C soc2@63.343C soc0@63.968C gpu@65.593C tj@65.593C soc1@62.843C VDD_IN 17889mW/17546mW VDD_CPU_GPU_CV 8510mW/8369mW VDD_SOC 4073mW/4003mW
08-11-2026 17:48:25 RAM 7047/7607MB (lfb 3x4MB) SWAP 1413/16384MB (cached 137MB) CPU [2%@729,3%@729,2%@729,2%@729,92%@1344,0%@1344] GR3D_FREQ 98% cpu@64.031C soc2@63.125C soc0@63.875C gpu@65.593C tj@65.593C soc1@62.875C VDD_IN 17811mW/17547mW VDD_CPU_GPU_CV 8354mW/8369mW VDD_SOC 4112mW/4003mW
08-11-2026 17:48:26 RAM 7047/7607MB (lfb 3x4MB) SWAP 1413/16384MB (cached 137MB) CPU [1%@729,2%@729,1%@729,2%@729,92%@1344,0%@1344] GR3D_FREQ 97% cpu@64.25C soc2@63.25C soc0@63.968C gpu@65.375C tj@65.375C soc1@62.937C VDD_IN 17732mW/17547mW VDD_CPU_GPU_CV 8198mW/8369mW VDD_SOC 4151mW/4003mW
08-11-2026 17:48:27 RAM 7047/7607MB (lfb 3x4MB) SWAP 1413/16384MB (cached 137MB) CPU [3%@729,2%@729,2%@729,2%@729,93%@1344,0%@1344] GR3D_FREQ 98% cpu@64.156C soc2@63.156C soc0@63.906C gpu@65.437C tj@65.437C soc1@62.906C VDD_IN 17732mW/17548mW VDD_CPU_GPU_CV 8081mW/8368mW VDD_SOC 4230mW/4004mW
08-11-2026 17:48:28 RAM 7043/7607MB (lfb 3x4MB) SWAP 1413/16384MB (cached 137MB) CPU [4%@729,7%@729,16%@729,6%@729,92%@1344,0%@1344] GR3D_FREQ 99% cpu@64.5C soc2@63.218C soc0@63.906C gpu@65.593C tj@65.593C soc1@63.062C VDD_IN 17772mW/17548mW VDD_CPU_GPU_CV 7964mW/8367mW VDD_SOC 4269mW/4004mW
08-11-2026 17:48:29 RAM 7044/7607MB (lfb 3x4MB) SWAP 1413/16384MB (cached 137MB) CPU [2%@729,4%@729,2%@729,1%@729,92%@1344,0%@1344] GR3D_FREQ 99% cpu@64.093C soc2@63.375C soc0@64C gpu@65.156C tj@65.156C soc1@62.875C VDD_IN 17615mW/17548mW VDD_CPU_GPU_CV 8159mW/8367mW VDD_SOC 4158mW/4005mW
08-11-2026 17:48:30 RAM 7044/7607MB (lfb 3x4MB) SWAP 1413/16384MB (cached 137MB) CPU [2%@729,0%@729,3%@729,2%@729,92%@1344,0%@1344] GR3D_FREQ 99% cpu@64.125C soc2@63.218C soc0@63.875C gpu@65.781C tj@65.781C soc1@62.906C VDD_IN 17693mW/17549mW VDD_CPU_GPU_CV 8549mW/8367mW VDD_SOC 4034mW/4005mW
08-11-2026 17:48:31 RAM 7044/7607MB (lfb 3x4MB) SWAP 1413/16384MB (cached 137MB) CPU [3%@729,1%@729,2%@729,1%@729,92%@1344,0%@1344] GR3D_FREQ 99% cpu@64.281C soc2@63.25C soc0@63.937C gpu@65.75C tj@65.75C soc1@63.031C VDD_IN 17772mW/17549mW VDD_CPU_GPU_CV 8627mW/8368mW VDD_SOC 3995mW/4005mW
08-11-2026 17:48:32 RAM 7044/7607MB (lfb 3x4MB) SWAP 1413/16384MB (cached 137MB) CPU [2%@729,1%@729,2%@729,1%@729,93%@729,0%@729] GR3D_FREQ 99% cpu@64.093C soc2@63.218C soc0@63.937C gpu@65.843C tj@65.843C soc1@63C VDD_IN 18085mW/17551mW VDD_CPU_GPU_CV 8979mW/8369mW VDD_SOC 3995mW/4005mW
08-11-2026 17:48:33 RAM 7049/7607MB (lfb 3x4MB) SWAP 1413/16384MB (cached 137MB) CPU [17%@1344,19%@1344,7%@1344,4%@1344,91%@729,3%@729] GR3D_FREQ 98% cpu@64.031C soc2@63.437C soc0@64.062C gpu@65.687C tj@65.687C soc1@62.906C VDD_IN 18085mW/17552mW VDD_CPU_GPU_CV 9096mW/8371mW VDD_SOC 3955mW/4005mW
08-11-2026 17:48:34 RAM 7049/7607MB (lfb 3x4MB) SWAP 1413/16384MB (cached 137MB) CPU [91%@1344,1%@1344,1%@1344,2%@1344,1%@729,1%@729] GR3D_FREQ 98% cpu@64.031C soc2@63.343C soc0@64C gpu@65.656C tj@65.656C soc1@62.937C VDD_IN 17889mW/17553mW VDD_CPU_GPU_CV 8823mW/8372mW VDD_SOC 3955mW/4005mW
08-11-2026 17:48:35 RAM 7049/7607MB (lfb 3x4MB) SWAP 1413/16384MB (cached 137MB) CPU [92%@1344,2%@1344,6%@1344,0%@1344,0%@729,0%@729] GR3D_FREQ 97% cpu@64.187C soc2@63.343C soc0@63.937C gpu@65.656C tj@65.656C soc1@62.906C VDD_IN 17929mW/17554mW VDD_CPU_GPU_CV 8823mW/8373mW VDD_SOC 3955mW/4005mW
08-11-2026 17:48:36 RAM 7049/7607MB (lfb 3x4MB) SWAP 1413/16384MB (cached 137MB) CPU [92%@1344,1%@1344,1%@1344,1%@1344,0%@729,0%@729] GR3D_FREQ 98% cpu@64.531C soc2@63.406C soc0@63.843C gpu@65.75C tj@65.75C soc1@63C VDD_IN 17929mW/17554mW VDD_CPU_GPU_CV 8784mW/8374mW VDD_SOC 3995mW/4005mW
08-11-2026 17:48:37 RAM 7049/7607MB (lfb 3x4MB) SWAP 1413/16384MB (cached 137MB) CPU [93%@1344,2%@1344,1%@1344,2%@1344,0%@729,0%@729] GR3D_FREQ 99% cpu@64.218C soc2@63.375C soc0@63.875C gpu@65.593C tj@65.593C soc1@62.968C VDD_IN 17850mW/17555mW VDD_CPU_GPU_CV 8666mW/8375mW VDD_SOC 4034mW/4005mW
08-11-2026 17:48:38 RAM 7050/7607MB (lfb 3x4MB) SWAP 1413/16384MB (cached 137MB) CPU [92%@1344,3%@1344,5%@1344,3%@1344,1%@729,0%@729] GR3D_FREQ 98% cpu@64.25C soc2@63.437C soc0@64C gpu@65.75C tj@65.75C soc1@63.093C VDD_IN 17968mW/17556mW VDD_CPU_GPU_CV 8705mW/8376mW VDD_SOC 4034mW/4005mW
08-11-2026 17:48:39 RAM 7053/7607MB (lfb 3x4MB) SWAP 1413/16384MB (cached 137MB) CPU [8%@729,11%@729,4%@729,3%@729,89%@1344,2%@1344] GR3D_FREQ 97% cpu@64C soc2@63.281C soc0@64C gpu@65.75C tj@65.75C soc1@62.937C VDD_IN 17889mW/17557mW VDD_CPU_GPU_CV 8549mW/8376mW VDD_SOC 4073mW/4005mW
08-11-2026 17:48:40 RAM 7054/7607MB (lfb 3x4MB) SWAP 1413/16384MB (cached 137MB) CPU [3%@729,0%@729,1%@729,3%@729,92%@1344,0%@1344] GR3D_FREQ 98% cpu@64.031C soc2@63.187C soc0@64C gpu@65.75C tj@65.75C soc1@62.843C VDD_IN 17850mW/17558mW VDD_CPU_GPU_CV 8510mW/8376mW VDD_SOC 4112mW/4005mW
08-11-2026 17:48:41 RAM 7054/7607MB (lfb 3x4MB) SWAP 1413/16384MB (cached 137MB) CPU [2%@729,2%@729,2%@729,2%@729,92%@1344,1%@1344] GR3D_FREQ 98% cpu@64.281C soc2@63.187C soc0@63.906C gpu@65.437C tj@65.437C soc1@62.937C VDD_IN 17811mW/17558mW VDD_CPU_GPU_CV 8354mW/8376mW VDD_SOC 4112mW/4005mW
08-11-2026 17:48:42 RAM 7054/7607MB (lfb 3x4MB) SWAP 1413/16384MB (cached 137MB) CPU [2%@729,2%@729,2%@729,2%@729,92%@1344,0%@1344] GR3D_FREQ 98% cpu@64.062C soc2@63.218C soc0@63.968C gpu@65.437C tj@65.437C soc1@63.062C VDD_IN 17772mW/17559mW VDD_CPU_GPU_CV 8198mW/8376mW VDD_SOC 4151mW/4006mW
08-11-2026 17:48:43 RAM 7054/7607MB (lfb 3x4MB) SWAP 1413/16384MB (cached 137MB) CPU [3%@729,3%@729,0%@729,3%@729,92%@1344,0%@1344] GR3D_FREQ 98% cpu@64.468C soc2@63.25C soc0@64C gpu@65.375C tj@65.375C soc1@63C VDD_IN 17772mW/17559mW VDD_CPU_GPU_CV 8081mW/8375mW VDD_SOC 4230mW/4006mW
08-11-2026 17:48:44 RAM 7053/7607MB (lfb 3x4MB) SWAP 1413/16384MB (cached 137MB) CPU [19%@729,3%@729,10%@729,2%@729,93%@1344,0%@1344] GR3D_FREQ 99% cpu@64.281C soc2@63.406C soc0@64.093C gpu@65.281C tj@65.281C soc1@62.875C VDD_IN 17811mW/17560mW VDD_CPU_GPU_CV 7925mW/8374mW VDD_SOC 4269mW/4007mW
08-11-2026 17:48:45 RAM 7053/7607MB (lfb 3x4MB) SWAP 1413/16384MB (cached 137MB) CPU [2%@729,2%@729,1%@729,2%@729,92%@1344,0%@1344] GR3D_FREQ 99% cpu@64.343C soc2@63.312C soc0@64.031C gpu@65.125C tj@65.125C soc1@62.937C VDD_IN 17615mW/17560mW VDD_CPU_GPU_CV 8120mW/8373mW VDD_SOC 4158mW/4007mW
08-11-2026 17:48:46 RAM 7053/7607MB (lfb 3x4MB) SWAP 1413/16384MB (cached 137MB) CPU [76%@1344,2%@1344,2%@1344,4%@1344,18%@729,1%@729] GR3D_FREQ 99% cpu@64.406C soc2@63.375C soc0@64C gpu@65.875C tj@65.875C soc1@63C VDD_IN 17615mW/17560mW VDD_CPU_GPU_CV 8588mW/8374mW VDD_SOC 4001mW/4007mW
08-11-2026 17:48:47 RAM 7052/7607MB (lfb 3x4MB) SWAP 1413/16384MB (cached 137MB) CPU [92%@1344,1%@1344,1%@1344,2%@1344,0%@729,1%@729] GR3D_FREQ 99% cpu@64.281C soc2@63.375C soc0@64C gpu@65.75C tj@65.75C soc1@63.062C VDD_IN 17772mW/17561mW VDD_CPU_GPU_CV 8666mW/8375mW VDD_SOC 4034mW/4007mW
08-11-2026 17:48:48 RAM 7052/7607MB (lfb 3x4MB) SWAP 1413/16384MB (cached 137MB) CPU [93%@1036,1%@1036,2%@1036,0%@1036,0%@729,1%@729] GR3D_FREQ 99% cpu@64.031C soc2@63.406C soc0@64.031C gpu@66.062C tj@66.062C soc1@62.875C VDD_IN 18007mW/17562mW VDD_CPU_GPU_CV 8979mW/8376mW VDD_SOC 3995mW/4007mW
08-11-2026 17:48:49 RAM 7052/7607MB (lfb 3x4MB) SWAP 1413/16384MB (cached 137MB) CPU [99%@1344,3%@1344,7%@1344,17%@1344,1%@729,1%@729] GR3D_FREQ 98% cpu@64.093C soc2@63.437C soc0@64.125C gpu@65.968C tj@65.968C soc1@62.937C VDD_IN 18085mW/17563mW VDD_CPU_GPU_CV 9057mW/8378mW VDD_SOC 3955mW/4007mW
08-11-2026 17:48:50 RAM 7052/7607MB (lfb 3x4MB) SWAP 1413/16384MB (cached 137MB) CPU [93%@1344,2%@1344,2%@1344,1%@1344,0%@729,1%@729] GR3D_FREQ 98% cpu@64.187C soc2@63.406C soc0@63.875C gpu@65.875C tj@65.875C soc1@62.968C VDD_IN 17929mW/17564mW VDD_CPU_GPU_CV 8862mW/8379mW VDD_SOC 3955mW/4007mW
08-11-2026 17:48:51 RAM 7052/7607MB (lfb 3x4MB) SWAP 1413/16384MB (cached 137MB) CPU [91%@1344,1%@1344,3%@1344,1%@1344,1%@729,0%@729] GR3D_FREQ 97% cpu@64.5C soc2@63.406C soc0@63.937C gpu@65.937C tj@65.937C soc1@62.937C VDD_IN 17889mW/17565mW VDD_CPU_GPU_CV 8823mW/8380mW VDD_SOC 3955mW/4007mW
08-11-2026 17:48:52 RAM 7052/7607MB (lfb 3x4MB) SWAP 1413/16384MB (cached 137MB) CPU [9%@729,3%@729,1%@729,3%@729,85%@1344,0%@1344] GR3D_FREQ 98% cpu@64.031C soc2@63.343C soc0@63.968C gpu@65.75C tj@65.75C soc1@62.937C VDD_IN 17889mW/17565mW VDD_CPU_GPU_CV 8744mW/8381mW VDD_SOC 3995mW/4007mW
08-11-2026 17:48:53 RAM 7052/7607MB (lfb 3x4MB) SWAP 1413/16384MB (cached 137MB) CPU [2%@729,1%@729,2%@729,1%@729,92%@1344,0%@1344] GR3D_FREQ 99% cpu@64.031C soc2@63.218C soc0@63.968C gpu@65.562C tj@65.562C soc1@62.875C VDD_IN 17889mW/17566mW VDD_CPU_GPU_CV 8666mW/8381mW VDD_SOC 4034mW/4007mW
08-11-2026 17:48:54 RAM 7055/7607MB (lfb 3x4MB) SWAP 1413/16384MB (cached 137MB) CPU [19%@1190,3%@1190,6%@1190,5%@1190,92%@1344,1%@1344] GR3D_FREQ 98% cpu@64.218C soc2@63.468C soc0@64.093C gpu@65.75C tj@65.75C soc1@62.906C VDD_IN 18125mW/17567mW VDD_CPU_GPU_CV 8862mW/8382mW VDD_SOC 4034mW/4007mW
08-11-2026 17:48:55 RAM 7054/7607MB (lfb 3x4MB) SWAP 1413/16384MB (cached 137MB) CPU [2%@729,5%@729,2%@729,2%@729,92%@1344,0%@1344] GR3D_FREQ 98% cpu@64.062C soc2@63.187C soc0@63.968C gpu@65.687C tj@65.687C soc1@62.968C VDD_IN 17850mW/17568mW VDD_CPU_GPU_CV 8549mW/8383mW VDD_SOC 4073mW/4007mW
08-11-2026 17:48:56 RAM 7054/7607MB (lfb 3x4MB) SWAP 1413/16384MB (cached 137MB) CPU [3%@729,3%@729,2%@729,0%@729,92%@1344,1%@1344] GR3D_FREQ 98% cpu@64.281C soc2@63.312C soc0@63.968C gpu@65.75C tj@65.75C soc1@62.968C VDD_IN 17850mW/17569mW VDD_CPU_GPU_CV 8510mW/8383mW VDD_SOC 4073mW/4007mW
08-11-2026 17:48:57 RAM 7054/7607MB (lfb 3x4MB) SWAP 1413/16384MB (cached 137MB) CPU [1%@729,2%@729,1%@729,6%@729,93%@1344,0%@1344] GR3D_FREQ 98% cpu@64.031C soc2@63.312C soc0@64C gpu@65.625C tj@65.625C soc1@62.968C VDD_IN 17772mW/17569mW VDD_CPU_GPU_CV 8315mW/8383mW VDD_SOC 4112mW/4007mW
08-11-2026 17:48:58 RAM 7054/7607MB (lfb 3x4MB) SWAP 1413/16384MB (cached 137MB) CPU [2%@729,1%@729,2%@729,1%@729,92%@1344,0%@1344] GR3D_FREQ 97% cpu@64.093C soc2@63.218C soc0@64.062C gpu@65.937C tj@65.937C soc1@62.843C VDD_IN 17772mW/17570mW VDD_CPU_GPU_CV 8237mW/8383mW VDD_SOC 4151mW/4008mW
08-11-2026 17:48:59 RAM 7054/7607MB (lfb 3x4MB) SWAP 1413/16384MB (cached 137MB) CPU [2%@729,1%@729,2%@729,3%@729,92%@1344,0%@1344] GR3D_FREQ 98% cpu@64.031C soc2@63.25C soc0@64.093C gpu@65.906C tj@65.906C soc1@62.875C VDD_IN 17732mW/17570mW VDD_CPU_GPU_CV 8081mW/8382mW VDD_SOC 4230mW/4008mW
08-11-2026 17:49:00 RAM 7054/7607MB (lfb 3x4MB) SWAP 1413/16384MB (cached 137MB) CPU [5%@729,5%@729,22%@729,6%@729,92%@1344,0%@1344] GR3D_FREQ 99% cpu@64.406C soc2@63.343C soc0@63.906C gpu@65.625C tj@65.625C soc1@62.906C VDD_IN 17732mW/17570mW VDD_CPU_GPU_CV 7886mW/8381mW VDD_SOC 4269mW/4009mW
08-11-2026 17:49:01 RAM 7054/7607MB (lfb 3x4MB) SWAP 1413/16384MB (cached 137MB) CPU [3%@883,5%@883,2%@883,2%@883,92%@1344,0%@1344] GR3D_FREQ 99% cpu@64.5C soc2@63.375C soc0@64.062C gpu@65.562C tj@65.562C soc1@62.968C VDD_IN 17615mW/17570mW VDD_CPU_GPU_CV 8276mW/8381mW VDD_SOC 4119mW/4009mW
08-11-2026 17:49:02 RAM 7053/7607MB (lfb 3x4MB) SWAP 1413/16384MB (cached 137MB) CPU [2%@729,2%@729,2%@729,2%@729,93%@1344,0%@1344] GR3D_FREQ 99% cpu@63.968C soc2@63.312C soc0@63.968C gpu@65.656C tj@65.656C soc1@63.093C VDD_IN 17604mW/17571mW VDD_CPU_GPU_CV 8549mW/8381mW VDD_SOC 3962mW/4009mW
08-11-2026 17:49:03 RAM 7053/7607MB (lfb 3x4MB) SWAP 1413/16384MB (cached 137MB) CPU [0%@1113,2%@1113,3%@1113,2%@1113,92%@1344,0%@1344] GR3D_FREQ 99% cpu@64.218C soc2@63.343C soc0@64.062C gpu@65.718C tj@65.718C soc1@62.937C VDD_IN 17889mW/17571mW VDD_CPU_GPU_CV 8666mW/8382mW VDD_SOC 4034mW/4009mW
08-11-2026 17:49:04 RAM 7053/7607MB (lfb 3x4MB) SWAP 1413/16384MB (cached 137MB) CPU [2%@729,2%@729,1%@729,1%@729,95%@1036,0%@1036] GR3D_FREQ 98% cpu@64.125C soc2@63.25C soc0@63.968C gpu@65.75C tj@65.75C soc1@62.906C VDD_IN 17929mW/17572mW VDD_CPU_GPU_CV 8823mW/8383mW VDD_SOC 3995mW/4009mW
08-11-2026 17:49:05 RAM 7054/7607MB (lfb 3x4MB) SWAP 1413/16384MB (cached 137MB) CPU [19%@1344,3%@1344,1%@1344,8%@1344,97%@1344,2%@1344] GR3D_FREQ 98% cpu@64.375C soc2@63.312C soc0@63.937C gpu@65.718C tj@65.718C soc1@62.968C VDD_IN 18046mW/17573mW VDD_CPU_GPU_CV 9018mW/8384mW VDD_SOC 3955mW/4009mW
08-11-2026 17:49:06 RAM 7054/7607MB (lfb 3x4MB) SWAP 1413/16384MB (cached 137MB) CPU [2%@1344,4%@1344,2%@1344,2%@1344,91%@1344,0%@1344] GR3D_FREQ 98% cpu@64.187C soc2@63.375C soc0@64.031C gpu@65.593C tj@65.593C soc1@62.906C VDD_IN 17929mW/17574mW VDD_CPU_GPU_CV 8862mW/8385mW VDD_SOC 3955mW/4009mW
08-11-2026 17:49:07 RAM 7054/7607MB (lfb 3x4MB) SWAP 1413/16384MB (cached 137MB) CPU [3%@729,1%@729,3%@729,1%@729,93%@1344,0%@1344] GR3D_FREQ 98% cpu@64.125C soc2@63.218C soc0@63.937C gpu@65.687C tj@65.75C soc1@62.906C VDD_IN 17968mW/17575mW VDD_CPU_GPU_CV 8862mW/8386mW VDD_SOC 3995mW/4009mW
08-11-2026 17:49:08 RAM 7054/7607MB (lfb 3x4MB) SWAP 1413/16384MB (cached 137MB) CPU [2%@729,3%@729,2%@729,5%@729,92%@1344,0%@1344] GR3D_FREQ 97% cpu@64.531C soc2@63.312C soc0@63.843C gpu@65.656C tj@65.656C soc1@62.937C VDD_IN 17889mW/17576mW VDD_CPU_GPU_CV 8744mW/8387mW VDD_SOC 3995mW/4009mW
08-11-2026 17:49:09 RAM 7054/7607MB (lfb 3x4MB) SWAP 1413/16384MB (cached 137MB) CPU [3%@729,3%@729,2%@729,1%@729,92%@1344,0%@1344] GR3D_FREQ 97% cpu@64.437C soc2@63.312C soc0@63.968C gpu@65.625C tj@65.625C soc1@62.968C VDD_IN 17811mW/17576mW VDD_CPU_GPU_CV 8627mW/8388mW VDD_SOC 3995mW/4009mW
08-11-2026 17:49:10 RAM 7051/7607MB (lfb 3x4MB) SWAP 1413/16384MB (cached 137MB) CPU [10%@729,5%@729,11%@729,9%@729,92%@1344,1%@1344] GR3D_FREQ 98% cpu@64.437C soc2@63.375C soc0@63.968C gpu@65.375C tj@65.375C soc1@63.093C VDD_IN 18046mW/17577mW VDD_CPU_GPU_CV 8744mW/8388mW VDD_SOC 4034mW/4009mW
08-11-2026 17:49:11 RAM 7051/7607MB (lfb 3x4MB) SWAP 1413/16384MB (cached 137MB) CPU [3%@1344,1%@1344,1%@1344,2%@1344,93%@1344,0%@1344] GR3D_FREQ 99% cpu@64.093C soc2@63.218C soc0@64.031C gpu@65.343C tj@65.343C soc1@62.843C VDD_IN 17732mW/17577mW VDD_CPU_GPU_CV 8432mW/8388mW VDD_SOC 4073mW/4009mW
08-11-2026 17:49:12 RAM 7050/7607MB (lfb 3x4MB) SWAP 1413/16384MB (cached 137MB) CPU [6%@729,3%@729,4%@729,3%@729,92%@1344,1%@1344] GR3D_FREQ 98% cpu@64.218C soc2@63.25C soc0@63.875C gpu@65.343C tj@65.343C soc1@62.875C VDD_IN 17772mW/17578mW VDD_CPU_GPU_CV 8393mW/8388mW VDD_SOC 4080mW/4009mW
08-11-2026 17:49:13 RAM 7051/7607MB (lfb 3x4MB) SWAP 1413/16384MB (cached 137MB) CPU [1%@729,2%@729,1%@729,2%@729,92%@1344,0%@1344] GR3D_FREQ 97% cpu@64.375C soc2@63.218C soc0@63.812C gpu@65.312C tj@65.312C soc1@62.875C VDD_IN 17615mW/17578mW VDD_CPU_GPU_CV 8198mW/8388mW VDD_SOC 4119mW/4009mW
08-11-2026 17:49:14 RAM 7051/7607MB (lfb 3x4MB) SWAP 1413/16384MB (cached 137MB) CPU [3%@1344,2%@1344,3%@1344,2%@1344,92%@1344,0%@1344] GR3D_FREQ 98% cpu@64.187C soc2@63.156C soc0@63.968C gpu@65.343C tj@65.343C soc1@63C VDD_IN 17575mW/17578mW VDD_CPU_GPU_CV 8120mW/8387mW VDD_SOC 4158mW/4010mW
08-11-2026 17:49:15 RAM 7050/7607MB (lfb 3x4MB) SWAP 1413/16384MB (cached 137MB) CPU [2%@729,2%@729,1%@729,2%@729,92%@1344,1%@1344] GR3D_FREQ 98% cpu@64.406C soc2@63.281C soc0@63.906C gpu@65.312C tj@65.312C soc1@63.062C VDD_IN 17575mW/17578mW VDD_CPU_GPU_CV 7964mW/8387mW VDD_SOC 4197mW/4010mW
08-11-2026 17:49:16 RAM 7051/7607MB (lfb 3x4MB) SWAP 1413/16384MB (cached 137MB) CPU [5%@729,10%@729,6%@729,15%@729,92%@1344,0%@1344] GR3D_FREQ 99% cpu@64.25C soc2@63.375C soc0@64C gpu@64.875C tj@64.875C soc1@62.843C VDD_IN 17565mW/17578mW VDD_CPU_GPU_CV 7808mW/8385mW VDD_SOC 4276mW/4011mW
08-11-2026 17:49:17 RAM 7051/7607MB (lfb 3x4MB) SWAP 1413/16384MB (cached 137MB) CPU [3%@729,4%@729,1%@729,2%@729,92%@1344,0%@1344] GR3D_FREQ 99% cpu@64.156C soc2@63.281C soc0@64.156C gpu@65.406C tj@65.406C soc1@62.906C VDD_IN 17486mW/17578mW VDD_CPU_GPU_CV 8315mW/8385mW VDD_SOC 4040mW/4011mW
08-11-2026 17:49:18 RAM 7051/7607MB (lfb 3x4MB) SWAP 1413/16384MB (cached 137MB) CPU [2%@729,1%@729,1%@729,1%@729,92%@1344,0%@1344] GR3D_FREQ 99% cpu@64.125C soc2@63.25C soc0@63.937C gpu@65.437C tj@65.437C soc1@62.968C VDD_IN 17536mW/17578mW VDD_CPU_GPU_CV 8549mW/8385mW VDD_SOC 3962mW/4011mW
08-11-2026 17:49:19 RAM 7051/7607MB (lfb 3x4MB) SWAP 1413/16384MB (cached 137MB) CPU [4%@729,2%@729,1%@729,1%@729,91%@1344,3%@1344] GR3D_FREQ 99% cpu@64.125C soc2@63.343C soc0@63.875C gpu@65.812C tj@65.812C soc1@62.968C VDD_IN 17968mW/17579mW VDD_CPU_GPU_CV 8705mW/8386mW VDD_SOC 4073mW/4011mW
08-11-2026 17:49:20 RAM 7051/7607MB (lfb 3x4MB) SWAP 1413/16384MB (cached 137MB) CPU [2%@729,1%@729,0%@729,2%@729,96%@1190,0%@1190] GR3D_FREQ 98% cpu@64.281C soc2@63.343C soc0@63.968C gpu@65.625C tj@65.625C soc1@62.968C VDD_IN 17693mW/17579mW VDD_CPU_GPU_CV 8666mW/8387mW VDD_SOC 3962mW/4011mW
08-11-2026 17:49:21 RAM 7051/7607MB (lfb 3x4MB) SWAP 1413/16384MB (cached 137MB) CPU [43%@1344,18%@1344,8%@1344,3%@1344,56%@729,1%@729] GR3D_FREQ 97% cpu@64.125C soc2@63.343C soc0@63.906C gpu@65.906C tj@65.906C soc1@62.968C VDD_IN 17850mW/17579mW VDD_CPU_GPU_CV 8862mW/8388mW VDD_SOC 3955mW/4011mW
08-11-2026 17:49:22 RAM 7051/7607MB (lfb 3x4MB) SWAP 1413/16384MB (cached 137MB) CPU [92%@1344,1%@1344,2%@1344,2%@1344,0%@729,0%@729] GR3D_FREQ 98% cpu@64.156C soc2@63.468C soc0@64.218C gpu@65.937C tj@65.937C soc1@62.968C VDD_IN 17811mW/17580mW VDD_CPU_GPU_CV 8744mW/8389mW VDD_SOC 3955mW/4010mW
08-11-2026 17:49:23 RAM 7051/7607MB (lfb 3x4MB) SWAP 1413/16384MB (cached 137MB) CPU [92%@1344,1%@1344,1%@1344,1%@1344,1%@729,0%@729] GR3D_FREQ 98% cpu@64.218C soc2@63.312C soc0@63.906C gpu@65.968C tj@65.968C soc1@62.906C VDD_IN 17811mW/17580mW VDD_CPU_GPU_CV 8744mW/8389mW VDD_SOC 3955mW/4010mW
08-11-2026 17:49:24 RAM 7051/7607MB (lfb 3x4MB) SWAP 1413/16384MB (cached 137MB) CPU [92%@1344,2%@1344,1%@1344,1%@1344,0%@729,1%@729] GR3D_FREQ 97% cpu@64.187C soc2@63.406C soc0@63.906C gpu@65.968C tj@65.968C soc1@62.968C VDD_IN 17772mW/17581mW VDD_CPU_GPU_CV 8666mW/8390mW VDD_SOC 3995mW/4010mW
08-11-2026 17:49:25 RAM 7051/7607MB (lfb 3x4MB) SWAP 1413/16384MB (cached 137MB) CPU [93%@1344,1%@1344,1%@1344,2%@1344,0%@729,0%@729] GR3D_FREQ 97% cpu@64.093C soc2@63.375C soc0@64.062C gpu@65.875C tj@65.875C soc1@63.031C VDD_IN 17732mW/17581mW VDD_CPU_GPU_CV 8627mW/8390mW VDD_SOC 3995mW/4010mW
08-11-2026 17:49:26 RAM 7051/7607MB (lfb 3x4MB) SWAP 1413/16384MB (cached 137MB) CPU [69%@729,17%@729,5%@729,4%@729,27%@1344,0%@1344] GR3D_FREQ 98% cpu@64.031C soc2@63.25C soc0@64.062C gpu@65.968C tj@65.968C soc1@62.812C VDD_IN 17929mW/17582mW VDD_CPU_GPU_CV 8666mW/8391mW VDD_SOC 4034mW/4010mW
08-11-2026 17:49:27 RAM 7051/7607MB (lfb 3x4MB) SWAP 1413/16384MB (cached 137MB) CPU [0%@729,2%@729,1%@729,1%@729,92%@1344,0%@1344] GR3D_FREQ 99% cpu@64.125C soc2@63.25C soc0@64.031C gpu@65.718C tj@65.718C soc1@62.843C VDD_IN 17732mW/17582mW VDD_CPU_GPU_CV 8432mW/8391mW VDD_SOC 4034mW/4010mW
08-11-2026 17:49:28 RAM 7051/7607MB (lfb 3x4MB) SWAP 1413/16384MB (cached 137MB) CPU [4%@729,2%@729,1%@729,1%@729,92%@1344,0%@1344] GR3D_FREQ 98% cpu@64.031C soc2@63.187C soc0@63.843C gpu@65.687C tj@65.687C soc1@62.906C VDD_IN 17761mW/17583mW VDD_CPU_GPU_CV 8354mW/8391mW VDD_SOC 4073mW/4010mW
08-11-2026 17:49:29 RAM 7051/7607MB (lfb 3x4MB) SWAP 1413/16384MB (cached 137MB) CPU [2%@729,2%@729,7%@729,2%@729,93%@1344,0%@1344] GR3D_FREQ 98% cpu@64.093C soc2@63.312C soc0@64C gpu@65.562C tj@65.562C soc1@63C VDD_IN 17693mW/17583mW VDD_CPU_GPU_CV 8276mW/8391mW VDD_SOC 4112mW/4011mW
08-11-2026 17:49:30 RAM 7051/7607MB (lfb 3x4MB) SWAP 1413/16384MB (cached 137MB) CPU [3%@729,2%@729,1%@729,2%@729,92%@1344,0%@1344] GR3D_FREQ 97% cpu@64.312C soc2@63.218C soc0@63.968C gpu@65.656C tj@65.656C soc1@62.968C VDD_IN 17693mW/17583mW VDD_CPU_GPU_CV 8159mW/8390mW VDD_SOC 4151mW/4011mW
08-11-2026 17:49:31 RAM 7052/7607MB (lfb 3x4MB) SWAP 1413/16384MB (cached 137MB) CPU [13%@806,3%@806,3%@806,5%@806,92%@1344,1%@1344] GR3D_FREQ 98% cpu@64.093C soc2@63.343C soc0@63.937C gpu@65.625C tj@65.625C soc1@62.968C VDD_IN 17732mW/17583mW VDD_CPU_GPU_CV 8081mW/8390mW VDD_SOC 4190mW/4011mW
08-11-2026 17:49:32 RAM 7052/7607MB (lfb 3x4MB) SWAP 1413/16384MB (cached 137MB) CPU [3%@729,9%@729,3%@729,5%@729,93%@1344,0%@1344] GR3D_FREQ 99% cpu@64.343C soc2@63.375C soc0@64.031C gpu@65.156C tj@65.156C soc1@62.906C VDD_IN 17575mW/17583mW VDD_CPU_GPU_CV 7808mW/8388mW VDD_SOC 4276mW/4012mW
08-11-2026 17:49:33 RAM 7052/7607MB (lfb 3x4MB) SWAP 1413/16384MB (cached 137MB) CPU [3%@729,2%@729,2%@729,2%@729,92%@1344,0%@1344] GR3D_FREQ 99% cpu@64.156C soc2@63.281C soc0@63.906C gpu@65.437C tj@65.437C soc1@62.875C VDD_IN 17486mW/17583mW VDD_CPU_GPU_CV 8237mW/8388mW VDD_SOC 4080mW/4012mW
08-11-2026 17:49:34 RAM 7052/7607MB (lfb 3x4MB) SWAP 1413/16384MB (cached 137MB) CPU [2%@729,3%@729,1%@729,1%@729,91%@1344,0%@1344] GR3D_FREQ 99% cpu@64C soc2@63.218C soc0@63.812C gpu@65.531C tj@65.531C soc1@62.937C VDD_IN 17526mW/17583mW VDD_CPU_GPU_CV 8510mW/8388mW VDD_SOC 3962mW/4012mW
08-11-2026 17:49:35 RAM 7051/7607MB (lfb 3x4MB) SWAP 1413/16384MB (cached 137MB) CPU [2%@729,2%@729,2%@729,1%@729,92%@1344,0%@1344] GR3D_FREQ 99% cpu@64.187C soc2@63.25C soc0@63.906C gpu@65.562C tj@65.562C soc1@62.968C VDD_IN 17772mW/17583mW VDD_CPU_GPU_CV 8627mW/8389mW VDD_SOC 4034mW/4012mW
08-11-2026 17:49:36 RAM 7051/7607MB (lfb 3x4MB) SWAP 1413/16384MB (cached 137MB) CPU [3%@729,1%@729,3%@729,2%@729,95%@1113,0%@1113] GR3D_FREQ 99% cpu@64C soc2@63.343C soc0@64.031C gpu@65.562C tj@65.562C soc1@62.843C VDD_IN 17732mW/17584mW VDD_CPU_GPU_CV 8744mW/8390mW VDD_SOC 3955mW/4012mW
08-11-2026 17:49:37 RAM 7055/7607MB (lfb 3x4MB) SWAP 1413/16384MB (cached 137MB) CPU [9%@729,19%@729,5%@729,4%@729,97%@1344,0%@1344] GR3D_FREQ 98% cpu@64.093C soc2@63.281C soc0@64.093C gpu@65.625C tj@65.625C soc1@62.906C VDD_IN 17889mW/17584mW VDD_CPU_GPU_CV 8901mW/8391mW VDD_SOC 3955mW/4012mW
08-11-2026 17:49:38 RAM 7056/7607MB (lfb 3x4MB) SWAP 1413/16384MB (cached 137MB) CPU [2%@729,2%@729,3%@729,2%@729,92%@1344,0%@1344] GR3D_FREQ 97% cpu@64.281C soc2@63.25C soc0@63.906C gpu@65.781C tj@65.781C soc1@62.906C VDD_IN 17772mW/17585mW VDD_CPU_GPU_CV 8784mW/8392mW VDD_SOC 3955mW/4012mW
08-11-2026 17:49:39 RAM 7056/7607MB (lfb 3x4MB) SWAP 1413/16384MB (cached 137MB) CPU [2%@729,2%@729,7%@729,2%@729,92%@1344,0%@1344] GR3D_FREQ 98% cpu@64.031C soc2@63.25C soc0@63.906C gpu@65.875C tj@65.875C soc1@62.968C VDD_IN 17850mW/17585mW VDD_CPU_GPU_CV 8784mW/8392mW VDD_SOC 3955mW/4012mW
08-11-2026 17:49:40 RAM 7056/7607MB (lfb 3x4MB) SWAP 1413/16384MB (cached 137MB) CPU [2%@729,3%@729,3%@729,1%@729,93%@1344,0%@1344] GR3D_FREQ 98% cpu@64.218C soc2@63.312C soc0@64.031C gpu@65.843C tj@65.843C soc1@62.968C VDD_IN 17772mW/17586mW VDD_CPU_GPU_CV 8666mW/8393mW VDD_SOC 3995mW/4012mW
08-11-2026 17:49:41 RAM 7056/7607MB (lfb 3x4MB) SWAP 1413/16384MB (cached 137MB) CPU [4%@729,2%@729,2%@729,2%@729,92%@1344,0%@1344] GR3D_FREQ 97% cpu@64.031C soc2@63.312C soc0@64C gpu@65.781C tj@65.781C soc1@62.937C VDD_IN 17772mW/17586mW VDD_CPU_GPU_CV 8588mW/8393mW VDD_SOC 3995mW/4011mW
08-11-2026 17:49:42 RAM 7054/7607MB (lfb 3x4MB) SWAP 1413/16384MB (cached 137MB) CPU [5%@729,11%@729,8%@729,13%@729,92%@1344,0%@1344] GR3D_FREQ 98% cpu@64.125C soc2@63.156C soc0@63.906C gpu@65.625C tj@65.625C soc1@63C VDD_IN 17929mW/17587mW VDD_CPU_GPU_CV 8705mW/8394mW VDD_SOC 4034mW/4012mW
08-11-2026 17:49:43 RAM 7054/7607MB (lfb 3x4MB) SWAP 1413/16384MB (cached 137MB) CPU [2%@729,2%@729,2%@729,1%@729,92%@1344,0%@1344] GR3D_FREQ 99% cpu@64.25C soc2@63.281C soc0@63.937C gpu@65.625C tj@65.625C soc1@62.875C VDD_IN 17772mW/17587mW VDD_CPU_GPU_CV 8471mW/8394mW VDD_SOC 4073mW/4012mW
08-11-2026 17:49:44 RAM 7054/7607MB (lfb 3x4MB) SWAP 1413/16384MB (cached 137MB) CPU [1%@729,2%@729,2%@729,2%@729,92%@1344,0%@1344] GR3D_FREQ 98% cpu@64.031C soc2@63.25C soc0@63.968C gpu@65.687C tj@65.687C soc1@62.968C VDD_IN 17772mW/17588mW VDD_CPU_GPU_CV 8432mW/8394mW VDD_SOC 4073mW/4012mW
08-11-2026 17:49:45 RAM 7054/7607MB (lfb 3x4MB) SWAP 1413/16384MB (cached 137MB) CPU [2%@729,2%@729,1%@729,2%@729,92%@1344,0%@1344] GR3D_FREQ 98% cpu@64.031C soc2@63.281C soc0@64.031C gpu@65.718C tj@65.718C soc1@62.906C VDD_IN 17732mW/17588mW VDD_CPU_GPU_CV 8276mW/8394mW VDD_SOC 4112mW/4012mW
08-11-2026 17:49:46 RAM 7054/7607MB (lfb 3x4MB) SWAP 1413/16384MB (cached 137MB) CPU [2%@729,1%@729,2%@729,1%@729,92%@1344,0%@1344] GR3D_FREQ 97% cpu@63.968C soc2@63.281C soc0@64.062C gpu@65.593C tj@65.593C soc1@62.843C VDD_IN 17654mW/17588mW VDD_CPU_GPU_CV 8120mW/8393mW VDD_SOC 4158mW/4012mW
08-11-2026 17:49:47 RAM 7053/7607MB (lfb 3x4MB) SWAP 1413/16384MB (cached 137MB) CPU [3%@1267,5%@1267,20%@1267,6%@1267,93%@1344,0%@1344] GR3D_FREQ 98% cpu@64.406C soc2@63.25C soc0@64C gpu@65.625C tj@65.625C soc1@62.968C VDD_IN 17850mW/17589mW VDD_CPU_GPU_CV 8198mW/8393mW VDD_SOC 4230mW/4013mW
08-11-2026 17:49:48 RAM 7053/7607MB (lfb 3x4MB) SWAP 1413/16384MB (cached 137MB) CPU [2%@729,2%@729,1%@729,4%@729,92%@1344,0%@1344] GR3D_FREQ 99% cpu@64.5C soc2@63.218C soc0@63.968C gpu@65.625C tj@65.625C soc1@62.937C VDD_IN 17654mW/17589mW VDD_CPU_GPU_CV 7847mW/8392mW VDD_SOC 4269mW/4013mW
08-11-2026 17:49:49 RAM 7053/7607MB (lfb 3x4MB) SWAP 1413/16384MB (cached 137MB) CPU [3%@729,2%@729,1%@729,5%@729,91%@1344,0%@1344] GR3D_FREQ 99% cpu@64.156C soc2@63.406C soc0@64.031C gpu@65.468C tj@65.468C soc1@63.093C VDD_IN 17526mW/17589mW VDD_CPU_GPU_CV 8120mW/8391mW VDD_SOC 4119mW/4013mW
08-11-2026 17:49:50 RAM 7053/7607MB (lfb 3x4MB) SWAP 1413/16384MB (cached 137MB) CPU [2%@1344,2%@1344,3%@1344,3%@1344,93%@1344,0%@1344] GR3D_FREQ 99% cpu@64.031C soc2@63.437C soc0@64.093C gpu@66.062C tj@66.062C soc1@62.906C VDD_IN 17565mW/17589mW VDD_CPU_GPU_CV 8510mW/8392mW VDD_SOC 3962mW/4013mW
08-11-2026 17:49:51 RAM 7053/7607MB (lfb 3x4MB) SWAP 1413/16384MB (cached 137MB) CPU [0%@729,2%@729,2%@729,1%@729,92%@1344,0%@1344] GR3D_FREQ 99% cpu@64.125C soc2@63.281C soc0@64.062C gpu@66C tj@66C soc1@62.937C VDD_IN 17693mW/17589mW VDD_CPU_GPU_CV 8549mW/8392mW VDD_SOC 4001mW/4013mW
08-11-2026 17:49:52 RAM 7053/7607MB (lfb 3x4MB) SWAP 1413/16384MB (cached 137MB) CPU [4%@729,2%@729,2%@729,2%@729,94%@806,0%@806] GR3D_FREQ 99% cpu@64C soc2@63.281C soc0@64.031C gpu@66.031C tj@66.031C soc1@62.906C VDD_IN 17811mW/17589mW VDD_CPU_GPU_CV 8784mW/8393mW VDD_SOC 3955mW/4013mW
08-11-2026 17:49:53 RAM 7051/7607MB (lfb 3x4MB) SWAP 1413/16384MB (cached 137MB) CPU [6%@729,7%@729,19%@729,3%@729,98%@1344,0%@1344] GR3D_FREQ 97% cpu@64.343C soc2@63.281C soc0@64.031C gpu@65.593C tj@65.593C soc1@63C VDD_IN 17889mW/17590mW VDD_CPU_GPU_CV 8862mW/8394mW VDD_SOC 3955mW/4013mW
08-11-2026 17:49:54 RAM 7051/7607MB (lfb 3x4MB) SWAP 1413/16384MB (cached 137MB) CPU [4%@729,1%@729,2%@729,1%@729,92%@1344,0%@1344] GR3D_FREQ 97% cpu@63.968C soc2@63.281C soc0@63.906C gpu@65.718C tj@65.718C soc1@63.062C VDD_IN 17772mW/17590mW VDD_CPU_GPU_CV 8744mW/8394mW VDD_SOC 3955mW/4013mW
08-11-2026 17:49:55 RAM 7051/7607MB (lfb 3x4MB) SWAP 1413/16384MB (cached 137MB) CPU [1%@1344,34%@1344,2%@1344,1%@1344,59%@729,0%@729] GR3D_FREQ 97% cpu@64.531C soc2@63.375C soc0@64C gpu@65.718C tj@65.718C soc1@62.843C VDD_IN 17811mW/17591mW VDD_CPU_GPU_CV 8744mW/8395mW VDD_SOC 3955mW/4013mW
08-11-2026 17:49:56 RAM 7052/7607MB (lfb 3x4MB) SWAP 1413/16384MB (cached 137MB) CPU [3%@1344,92%@1344,1%@1344,3%@1344,1%@729,0%@729] GR3D_FREQ 97% cpu@64.156C soc2@63.312C soc0@64.062C gpu@65.781C tj@65.781C soc1@63C VDD_IN 17772mW/17591mW VDD_CPU_GPU_CV 8666mW/8396mW VDD_SOC 3995mW/4013mW
08-11-2026 17:49:57 RAM 7052/7607MB (lfb 3x4MB) SWAP 1413/16384MB (cached 137MB) CPU [1%@729,64%@729,2%@729,1%@729,28%@1344,1%@1344] GR3D_FREQ 98% cpu@64.156C soc2@63.25C soc0@64.062C gpu@65.75C tj@65.75C soc1@63.031C VDD_IN 17772mW/17591mW VDD_CPU_GPU_CV 8588mW/8396mW VDD_SOC 3995mW/4013mW
08-11-2026 17:49:58 RAM 7052/7607MB (lfb 3x4MB) SWAP 1413/16384MB (cached 137MB) CPU [9%@729,5%@729,14%@729,9%@729,92%@1344,0%@1344] GR3D_FREQ 98% cpu@64.218C soc2@63.187C soc0@63.968C gpu@65.812C tj@65.812C soc1@63.031C VDD_IN 17929mW/17592mW VDD_CPU_GPU_CV 8666mW/8397mW VDD_SOC 4034mW/4013mW
08-11-2026 17:49:59 RAM 7052/7607MB (lfb 3x4MB) SWAP 1413/16384MB (cached 137MB) CPU [4%@729,3%@729,7%@729,2%@729,92%@1344,1%@1344] GR3D_FREQ 98% cpu@64.031C soc2@63.25C soc0@64C gpu@65.781C tj@65.781C soc1@62.968C VDD_IN 17732mW/17592mW VDD_CPU_GPU_CV 8432mW/8397mW VDD_SOC 4073mW/4013mW
08-11-2026 17:50:00 RAM 7052/7607MB (lfb 3x4MB) SWAP 1413/16384MB (cached 137MB) CPU [5%@729,2%@729,2%@729,2%@729,92%@1344,0%@1344] GR3D_FREQ 98% cpu@64.062C soc2@63.281C soc0@63.968C gpu@65.593C tj@65.593C soc1@63.093C VDD_IN 17693mW/17593mW VDD_CPU_GPU_CV 8393mW/8397mW VDD_SOC 4073mW/4013mW
08-11-2026 17:50:01 RAM 7052/7607MB (lfb 3x4MB) SWAP 1413/16384MB (cached 137MB) CPU [2%@729,2%@729,3%@729,2%@729,92%@1344,0%@1344] GR3D_FREQ 98% cpu@64.25C soc2@63.218C soc0@64.062C gpu@65.531C tj@65.531C soc1@62.906C VDD_IN 17693mW/17593mW VDD_CPU_GPU_CV 8276mW/8396mW VDD_SOC 4112mW/4013mW
08-11-2026 17:50:02 RAM 7051/7607MB (lfb 3x4MB) SWAP 1413/16384MB (cached 137MB) CPU [3%@729,2%@729,1%@729,0%@729,92%@1344,0%@1344] GR3D_FREQ 97% cpu@64.093C soc2@63.218C soc0@63.906C gpu@65.531C tj@65.531C soc1@62.968C VDD_IN 17693mW/17593mW VDD_CPU_GPU_CV 8159mW/8396mW VDD_SOC 4151mW/4014mW
08-11-2026 17:50:03 RAM 7052/7607MB (lfb 3x4MB) SWAP 1413/16384MB (cached 137MB) CPU [5%@729,16%@729,7%@729,4%@729,93%@1344,0%@1344] GR3D_FREQ 98% cpu@64.375C soc2@63.281C soc0@63.968C gpu@65.468C tj@65.468C soc1@62.968C VDD_IN 17811mW/17593mW VDD_CPU_GPU_CV 8081mW/8395mW VDD_SOC 4230mW/4014mW
08-11-2026 17:50:04 RAM 7052/7607MB (lfb 3x4MB) SWAP 1413/16384MB (cached 137MB) CPU [2%@729,3%@729,2%@729,1%@729,91%@1344,1%@1344] GR3D_FREQ 99% cpu@64.312C soc2@63.343C soc0@63.968C gpu@65C tj@65C soc1@63.125C VDD_IN 17536mW/17593mW VDD_CPU_GPU_CV 7768mW/8394mW VDD_SOC 4276mW/4015mW
08-11-2026 17:50:05 RAM 7052/7607MB (lfb 3x4MB) SWAP 1413/16384MB (cached 137MB) CPU [3%@729,2%@729,1%@729,1%@729,92%@1344,1%@1344] GR3D_FREQ 99% cpu@64.312C soc2@63.375C soc0@64C gpu@65.343C tj@65.343C soc1@63.125C VDD_IN 17565mW/17593mW VDD_CPU_GPU_CV 8276mW/8394mW VDD_SOC 4080mW/4015mW
08-11-2026 17:50:06 RAM 7052/7607MB (lfb 3x4MB) SWAP 1413/16384MB (cached 137MB) CPU [2%@729,3%@729,1%@729,2%@729,92%@1344,0%@1344] GR3D_FREQ 99% cpu@64.218C soc2@63.25C soc0@64.062C gpu@65.593C tj@65.593C soc1@62.906C VDD_IN 17654mW/17593mW VDD_CPU_GPU_CV 8471mW/8394mW VDD_SOC 4034mW/4015mW
08-11-2026 17:50:07 RAM 7052/7607MB (lfb 3x4MB) SWAP 1413/16384MB (cached 137MB) CPU [1%@729,2%@729,2%@729,1%@729,92%@1344,0%@1344] GR3D_FREQ 99% cpu@64.062C soc2@63.343C soc0@63.968C gpu@65.968C tj@65.968C soc1@62.937C VDD_IN 17929mW/17594mW VDD_CPU_GPU_CV 8705mW/8395mW VDD_SOC 4034mW/4015mW
08-11-2026 17:50:08 RAM 7052/7607MB (lfb 3x4MB) SWAP 1413/16384MB (cached 137MB) CPU [2%@1036,4%@1036,1%@1036,2%@1036,96%@1190,0%@1190] GR3D_FREQ 97% cpu@64.312C soc2@63.312C soc0@64C gpu@65.812C tj@65.812C soc1@63C VDD_IN 17732mW/17594mW VDD_CPU_GPU_CV 8705mW/8395mW VDD_SOC 3955mW/4015mW
08-11-2026 17:50:09 RAM 7051/7607MB (lfb 3x4MB) SWAP 1413/16384MB (cached 137MB) CPU [7%@729,6%@729,19%@729,6%@729,96%@1344,0%@1344] GR3D_FREQ 97% cpu@64C soc2@63.312C soc0@63.968C gpu@66C tj@66C soc1@63.062C VDD_IN 17850mW/17595mW VDD_CPU_GPU_CV 8901mW/8396mW VDD_SOC 3955mW/4015mW
08-11-2026 17:50:10 RAM 7051/7607MB (lfb 3x4MB) SWAP 1413/16384MB (cached 137MB) CPU [26%@1344,3%@1344,0%@1344,2%@1344,67%@729,0%@729] GR3D_FREQ 98% cpu@64.062C soc2@63.375C soc0@64.062C gpu@65.937C tj@65.937C soc1@62.906C VDD_IN 17811mW/17595mW VDD_CPU_GPU_CV 8784mW/8397mW VDD_SOC 3955mW/4014mW
08-11-2026 17:50:11 RAM 7050/7607MB (lfb 3x4MB) SWAP 1413/16384MB (cached 137MB) CPU [93%@1344,3%@1344,2%@1344,2%@1344,0%@729,1%@729] GR3D_FREQ 98% cpu@64.312C soc2@63.437C soc0@63.875C gpu@66C tj@65.75C soc1@62.937C VDD_IN 17889mW/17596mW VDD_CPU_GPU_CV 8823mW/8398mW VDD_SOC 3955mW/4014mW
08-11-2026 17:50:12 RAM 7050/7607MB (lfb 3x4MB) SWAP 1413/16384MB (cached 137MB) CPU [92%@1344,1%@1344,1%@1344,1%@1344,0%@729,0%@729] GR3D_FREQ 97% cpu@64.187C soc2@63.343C soc0@64C gpu@65.812C tj@65.812C soc1@62.937C VDD_IN 17850mW/17596mW VDD_CPU_GPU_CV 8705mW/8398mW VDD_SOC 3995mW/4014mW
08-11-2026 17:50:13 RAM 7050/7607MB (lfb 3x4MB) SWAP 1413/16384MB (cached 137MB) CPU [92%@1344,2%@1344,1%@1344,2%@1344,0%@729,0%@729] GR3D_FREQ 97% cpu@64.406C soc2@63.375C soc0@64C gpu@65.656C tj@65.656C soc1@63C VDD_IN 17772mW/17597mW VDD_CPU_GPU_CV 8627mW/8399mW VDD_SOC 3995mW/4014mW
08-11-2026 17:50:14 RAM 7055/7607MB (lfb 3x4MB) SWAP 1413/16384MB (cached 137MB) CPU [35%@729,16%@729,6%@729,8%@729,59%@1344,0%@1344] GR3D_FREQ 98% cpu@64C soc2@63.25C soc0@63.937C gpu@65.75C tj@65.75C soc1@63.187C VDD_IN 17889mW/17597mW VDD_CPU_GPU_CV 8627mW/8399mW VDD_SOC 4034mW/4014mW
08-11-2026 17:50:15 RAM 7055/7607MB (lfb 3x4MB) SWAP 1413/16384MB (cached 137MB) CPU [2%@729,3%@729,1%@729,2%@729,92%@1344,0%@1344] GR3D_FREQ 97% cpu@64.062C soc2@63.281C soc0@64.062C gpu@65.75C tj@65.75C soc1@62.906C VDD_IN 17772mW/17598mW VDD_CPU_GPU_CV 8510mW/8399mW VDD_SOC 4073mW/4014mW
08-11-2026 17:50:16 RAM 7055/7607MB (lfb 3x4MB) SWAP 1413/16384MB (cached 137MB) CPU [1%@729,3%@729,2%@729,0%@729,92%@1344,0%@1344] GR3D_FREQ 98% cpu@64.156C soc2@63.218C soc0@63.937C gpu@65.75C tj@65.75C soc1@62.937C VDD_IN 17772mW/17598mW VDD_CPU_GPU_CV 8393mW/8399mW VDD_SOC 4073mW/4014mW
08-11-2026 17:50:17 RAM 7055/7607MB (lfb 3x4MB) SWAP 1413/16384MB (cached 137MB) CPU [2%@729,1%@729,1%@729,2%@729,92%@1344,1%@1344] GR3D_FREQ 99% cpu@64.25C soc2@63.187C soc0@63.968C gpu@65.656C tj@65.437C soc1@62.937C VDD_IN 17693mW/17598mW VDD_CPU_GPU_CV 8237mW/8399mW VDD_SOC 4158mW/4015mW
08-11-2026 17:50:18 RAM 7055/7607MB (lfb 3x4MB) SWAP 1413/16384MB (cached 137MB) CPU [1%@729,2%@729,3%@729,1%@729,92%@1344,0%@1344] GR3D_FREQ 98% cpu@64.156C soc2@63.125C soc0@64C gpu@65.437C tj@65.437C soc1@62.937C VDD_IN 17693mW/17598mW VDD_CPU_GPU_CV 8081mW/8399mW VDD_SOC 4190mW/4015mW
08-11-2026 17:50:19 RAM 7054/7607MB (lfb 3x4MB) SWAP 1413/16384MB (cached 137MB) CPU [18%@729,7%@729,6%@729,4%@729,92%@1344,0%@1344] GR3D_FREQ 98% cpu@64.031C soc2@63.281C soc0@63.968C gpu@65.468C tj@65.468C soc1@62.968C VDD_IN 17811mW/17599mW VDD_CPU_GPU_CV 8081mW/8398mW VDD_SOC 4230mW/4016mW
08-11-2026 17:50:20 RAM 7054/7607MB (lfb 3x4MB) SWAP 1413/16384MB (cached 137MB) CPU [2%@729,2%@729,2%@729,5%@729,92%@1344,0%@1344] GR3D_FREQ 99% cpu@64.312C soc2@63.406C soc0@63.906C gpu@64.968C tj@64.968C soc1@62.906C VDD_IN 17575mW/17599mW VDD_CPU_GPU_CV 7925mW/8397mW VDD_SOC 4237mW/4016mW
08-11-2026 17:50:21 RAM 7054/7607MB (lfb 3x4MB) SWAP 1413/16384MB (cached 137MB) CPU [2%@729,2%@729,2%@729,3%@729,92%@1344,0%@1344] GR3D_FREQ 99% cpu@64.25C soc2@63.218C soc0@63.843C gpu@65.343C tj@65.343C soc1@62.906C VDD_IN 17526mW/17598mW VDD_CPU_GPU_CV 8354mW/8397mW VDD_SOC 4040mW/4016mW
08-11-2026 17:50:22 RAM 7053/7607MB (lfb 3x4MB) SWAP 1413/16384MB (cached 137MB) CPU [3%@729,2%@729,2%@729,2%@729,92%@1344,2%@1344] GR3D_FREQ 99% cpu@64.218C soc2@63.25C soc0@63.937C gpu@65.562C tj@65.562C soc1@62.937C VDD_IN 17615mW/17598mW VDD_CPU_GPU_CV 8549mW/8397mW VDD_SOC 4001mW/4016mW
08-11-2026 17:50:23 RAM 7053/7607MB (lfb 3x4MB) SWAP 1413/16384MB (cached 137MB) CPU [3%@729,1%@729,2%@729,2%@729,93%@1344,0%@1344] GR3D_FREQ 99% cpu@64.281C soc2@63.406C soc0@64C gpu@65.75C tj@65.75C soc1@62.968C VDD_IN 18046mW/17599mW VDD_CPU_GPU_CV 8784mW/8398mW VDD_SOC 4073mW/4016mW
08-11-2026 17:50:24 RAM 7053/7607MB (lfb 3x4MB) SWAP 1413/16384MB (cached 137MB) CPU [3%@729,10%@729,3%@729,8%@729,98%@1344,0%@1344] GR3D_FREQ 97% cpu@64.062C soc2@63.343C soc0@64.031C gpu@65.718C tj@65.718C soc1@63C VDD_IN 17929mW/17600mW VDD_CPU_GPU_CV 8901mW/8399mW VDD_SOC 3955mW/4016mW
08-11-2026 17:50:25 RAM 7053/7607MB (lfb 3x4MB) SWAP 1413/16384MB (cached 137MB) CPU [4%@729,4%@729,3%@729,5%@729,5%@1344,95%@1344] GR3D_FREQ 98% cpu@64.156C soc2@63.375C soc0@64.031C gpu@65.843C tj@65.843C soc1@62.968C VDD_IN 17889mW/17601mW VDD_CPU_GPU_CV 8901mW/8400mW VDD_SOC 3955mW/4016mW
08-11-2026 17:50:26 RAM 7053/7607MB (lfb 3x4MB) SWAP 1413/16384MB (cached 137MB) CPU [2%@729,3%@729,1%@729,2%@729,0%@1344,92%@1344] GR3D_FREQ 98% cpu@64.156C soc2@63.218C soc0@63.937C gpu@65.812C tj@65.812C soc1@62.843C VDD_IN 17850mW/17601mW VDD_CPU_GPU_CV 8744mW/8401mW VDD_SOC 3955mW/4016mW
08-11-2026 17:50:27 RAM 7053/7607MB (lfb 3x4MB) SWAP 1413/16384MB (cached 137MB) CPU [1%@729,2%@729,1%@729,1%@729,0%@1344,92%@1344] GR3D_FREQ 98% cpu@64.375C soc2@63.25C soc0@63.906C gpu@65.906C tj@65.906C soc1@62.968C VDD_IN 17850mW/17601mW VDD_CPU_GPU_CV 8784mW/8401mW VDD_SOC 3955mW/4016mW
08-11-2026 17:50:28 RAM 7053/7607MB (lfb 3x4MB) SWAP 1413/16384MB (cached 137MB) CPU [1%@729,1%@729,2%@729,3%@729,0%@1344,92%@1344] GR3D_FREQ 98% cpu@64.156C soc2@63.312C soc0@64.031C gpu@65.906C tj@65.906C soc1@63.093C VDD_IN 17850mW/17602mW VDD_CPU_GPU_CV 8705mW/8402mW VDD_SOC 3995mW/4016mW
08-11-2026 17:50:29 RAM 7053/7607MB (lfb 3x4MB) SWAP 1413/16384MB (cached 137MB) CPU [3%@729,0%@729,1%@729,1%@729,2%@1344,93%@1344] GR3D_FREQ 97% cpu@64.062C soc2@63.281C soc0@64.062C gpu@65.562C tj@65.562C soc1@63.093C VDD_IN 17772mW/17602mW VDD_CPU_GPU_CV 8627mW/8402mW VDD_SOC 3995mW/4016mW
08-11-2026 17:50:30 RAM 7052/7607MB (lfb 3x4MB) SWAP 1413/16384MB (cached 137MB) CPU [11%@729,4%@729,6%@729,13%@729,1%@1344,92%@1344] GR3D_FREQ 98% cpu@64.25C soc2@63.375C soc0@64.062C gpu@65.625C tj@65.625C soc1@62.875C VDD_IN 17850mW/17603mW VDD_CPU_GPU_CV 8666mW/8403mW VDD_SOC 4034mW/4016mW
08-11-2026 17:50:31 RAM 7052/7607MB (lfb 3x4MB) SWAP 1413/16384MB (cached 137MB) CPU [1%@729,0%@729,0%@729,6%@729,0%@1344,92%@1344] GR3D_FREQ 99% cpu@64.312C soc2@63.343C soc0@63.968C gpu@65.656C tj@65.656C soc1@62.937C VDD_IN 17772mW/17603mW VDD_CPU_GPU_CV 8471mW/8403mW VDD_SOC 4073mW/4016mW
08-11-2026 17:50:33 RAM 7052/7607MB (lfb 3x4MB) SWAP 1413/16384MB (cached 137MB) CPU [2%@1344,2%@1344,1%@1344,2%@1344,0%@1344,92%@1344] GR3D_FREQ 98% cpu@64.406C soc2@63.187C soc0@64.031C gpu@65.656C tj@65.656C soc1@63C VDD_IN 17811mW/17603mW VDD_CPU_GPU_CV 8432mW/8403mW VDD_SOC 4073mW/4016mW
08-11-2026 17:50:34 RAM 7052/7607MB (lfb 3x4MB) SWAP 1413/16384MB (cached 137MB) CPU [1%@729,2%@729,1%@729,2%@729,0%@1344,91%@1344] GR3D_FREQ 98% cpu@64.218C soc2@63.281C soc0@64.062C gpu@65.593C tj@65.593C soc1@63.062C VDD_IN 17693mW/17604mW VDD_CPU_GPU_CV 8276mW/8403mW VDD_SOC 4112mW/4016mW
08-11-2026 17:50:35 RAM 7052/7607MB (lfb 3x4MB) SWAP 1413/16384MB (cached 137MB) CPU [2%@729,2%@729,1%@729,2%@729,0%@1344,91%@1344] GR3D_FREQ 98% cpu@64.562C soc2@63.312C soc0@64.062C gpu@65.906C tj@65.906C soc1@63.156C VDD_IN 17693mW/17604mW VDD_CPU_GPU_CV 8159mW/8402mW VDD_SOC 4151mW/4016mW
08-11-2026 17:50:36 RAM 7049/7607MB (lfb 3x4MB) SWAP 1412/16384MB (cached 137MB) CPU [11%@729,31%@729,6%@729,7%@729,11%@1344,66%@1344] GR3D_FREQ 0% cpu@63.812C soc2@63.093C soc0@64.062C gpu@64.468C tj@64.468C soc1@63.031C VDD_IN 13741mW/17597mW VDD_CPU_GPU_CV 5825mW/8397mW VDD_SOC 3469mW/4015mW
08-11-2026 17:50:37 RAM 7099/7607MB (lfb 2x4MB) SWAP 1412/16384MB (cached 137MB) CPU [63%@1344,80%@1344,62%@1344,61%@1344,77%@1344,65%@1344] GR3D_FREQ 0% cpu@64C soc2@62.468C soc0@63.531C gpu@63.281C tj@64C soc1@62.812C VDD_IN 8518mW/17580mW VDD_CPU_GPU_CV 2901mW/8387mW VDD_SOC 1950mW/4011mW
08-11-2026 17:50:38 RAM 7114/7607MB (lfb 3x4MB) SWAP 1412/16384MB (cached 137MB) CPU [13%@729,52%@729,9%@729,12%@729,57%@1344,10%@1344] GR3D_FREQ 99% cpu@63.875C soc2@62.75C soc0@63.437C gpu@65.312C tj@65.312C soc1@62.718C VDD_IN 16255mW/17577mW VDD_CPU_GPU_CV 7872mW/8386mW VDD_SOC 3536mW/4010mW
08-11-2026 17:50:39 RAM 7114/7607MB (lfb 3x4MB) SWAP 1412/16384MB (cached 137MB) CPU [2%@729,1%@729,2%@729,1%@729,92%@1344,0%@1344] GR3D_FREQ 98% cpu@63.687C soc2@62.968C soc0@63.718C gpu@65.75C tj@65.75C soc1@62.781C VDD_IN 17732mW/17577mW VDD_CPU_GPU_CV 8666mW/8387mW VDD_SOC 3955mW/4010mW
08-11-2026 17:50:40 RAM 7114/7607MB (lfb 3x4MB) SWAP 1412/16384MB (cached 137MB) CPU [1%@729,3%@729,3%@729,2%@729,92%@1344,0%@1344] GR3D_FREQ 98% cpu@63.812C soc2@63.031C soc0@63.75C gpu@65.406C tj@65.406C soc1@62.718C VDD_IN 17811mW/17578mW VDD_CPU_GPU_CV 8666mW/8387mW VDD_SOC 3995mW/4010mW
08-11-2026 17:50:41 RAM 7119/7607MB (lfb 3x4MB) SWAP 1412/16384MB (cached 137MB) CPU [7%@806,14%@806,12%@806,5%@806,93%@1344,1%@1344] GR3D_FREQ 98% cpu@64C soc2@63.062C soc0@63.718C gpu@65.562C tj@65.562C soc1@62.75C VDD_IN 18085mW/17579mW VDD_CPU_GPU_CV 8901mW/8388mW VDD_SOC 4034mW/4010mW
08-11-2026 17:50:42 RAM 7119/7607MB (lfb 3x4MB) SWAP 1412/16384MB (cached 137MB) CPU [2%@729,2%@729,2%@729,2%@729,92%@1344,0%@1344] GR3D_FREQ 98% cpu@63.875C soc2@63C soc0@63.718C gpu@65.562C tj@65.562C soc1@62.781C VDD_IN 17811mW/17579mW VDD_CPU_GPU_CV 8588mW/8389mW VDD_SOC 4034mW/4010mW
08-11-2026 17:50:43 RAM 7120/7607MB (lfb 3x4MB) SWAP 1412/16384MB (cached 137MB) CPU [2%@729,5%@729,2%@729,2%@729,92%@1344,2%@1344] GR3D_FREQ 97% cpu@64.062C soc2@63.187C soc0@63.843C gpu@65.437C tj@65.437C soc1@62.843C VDD_IN 17732mW/17579mW VDD_CPU_GPU_CV 8471mW/8389mW VDD_SOC 4073mW/4010mW
08-11-2026 17:50:44 RAM 7120/7607MB (lfb 3x4MB) SWAP 1412/16384MB (cached 137MB) CPU [2%@729,1%@729,2%@729,2%@729,91%@1344,0%@1344] GR3D_FREQ 98% cpu@63.875C soc2@63.125C soc0@63.812C gpu@65.562C tj@65.562C soc1@62.906C VDD_IN 17772mW/17580mW VDD_CPU_GPU_CV 8354mW/8389mW VDD_SOC 4112mW/4011mW
08-11-2026 17:50:45 RAM 7120/7607MB (lfb 3x4MB) SWAP 1412/16384MB (cached 137MB) CPU [3%@729,1%@729,2%@729,2%@729,92%@1344,0%@1344] GR3D_FREQ 99% cpu@64C soc2@63.062C soc0@63.875C gpu@65.281C tj@65.281C soc1@62.781C VDD_IN 17732mW/17580mW VDD_CPU_GPU_CV 8198mW/8388mW VDD_SOC 4151mW/4011mW
08-11-2026 17:50:46 RAM 7120/7607MB (lfb 3x4MB) SWAP 1412/16384MB (cached 137MB) CPU [1%@729,3%@729,2%@729,1%@729,92%@1344,0%@1344] GR3D_FREQ 98% cpu@64.093C soc2@63.062C soc0@63.718C gpu@65.343C tj@65.343C soc1@62.843C VDD_IN 17732mW/17580mW VDD_CPU_GPU_CV 8120mW/8388mW VDD_SOC 4190mW/4011mW
08-11-2026 17:50:47 RAM 7122/7607MB (lfb 3x4MB) SWAP 1412/16384MB (cached 137MB) CPU [5%@729,8%@729,6%@1344,17%@1344,92%@1344,1%@1344] GR3D_FREQ 98% cpu@64.062C soc2@63.093C soc0@63.875C gpu@65.281C tj@65.281C soc1@62.875C VDD_IN 17693mW/17581mW VDD_CPU_GPU_CV 7925mW/8387mW VDD_SOC 4237mW/4012mW
08-11-2026 17:50:48 RAM 7122/7607MB (lfb 3x4MB) SWAP 1412/16384MB (cached 137MB) CPU [2%@729,1%@729,2%@729,1%@729,92%@1344,0%@1344] GR3D_FREQ 99% cpu@64.437C soc2@63.25C soc0@63.937C gpu@64.906C tj@64.906C soc1@62.937C VDD_IN 17565mW/17581mW VDD_CPU_GPU_CV 7886mW/8386mW VDD_SOC 4237mW/4012mW
08-11-2026 17:50:49 RAM 7122/7607MB (lfb 3x4MB) SWAP 1412/16384MB (cached 137MB) CPU [2%@729,3%@729,1%@729,1%@729,92%@1344,0%@1344] GR3D_FREQ 99% cpu@63.875C soc2@63.187C soc0@63.937C gpu@65.531C tj@65.531C soc1@62.812C VDD_IN 17575mW/17581mW VDD_CPU_GPU_CV 8432mW/8386mW VDD_SOC 4040mW/4012mW
08-11-2026 17:50:50 RAM 7122/7607MB (lfb 3x4MB) SWAP 1412/16384MB (cached 137MB) CPU [1%@729,1%@729,3%@729,3%@729,92%@1344,0%@1344] GR3D_FREQ 99% cpu@64C soc2@63.156C soc0@63.812C gpu@65.625C tj@65.625C soc1@62.812C VDD_IN 17615mW/17581mW VDD_CPU_GPU_CV 8549mW/8386mW VDD_SOC 4001mW/4012mW
08-11-2026 17:50:51 RAM 7122/7607MB (lfb 3x4MB) SWAP 1412/16384MB (cached 137MB) CPU [2%@729,0%@729,2%@729,2%@729,93%@1344,0%@1344] GR3D_FREQ 99% cpu@64.187C soc2@63.187C soc0@63.812C gpu@65.812C tj@65.812C soc1@62.812C VDD_IN 18125mW/17582mW VDD_CPU_GPU_CV 8862mW/8387mW VDD_SOC 4073mW/4012mW
08-11-2026 17:50:52 RAM 7120/7607MB (lfb 3x4MB) SWAP 1412/16384MB (cached 137MB) CPU [8%@729,9%@729,7%@729,14%@729,98%@1344,1%@1344] GR3D_FREQ 97% cpu@63.906C soc2@63.218C soc0@63.875C gpu@65.781C tj@65.781C soc1@62.843C VDD_IN 17968mW/17582mW VDD_CPU_GPU_CV 8940mW/8388mW VDD_SOC 3916mW/4012mW
08-11-2026 17:50:53 RAM 7120/7607MB (lfb 3x4MB) SWAP 1412/16384MB (cached 137MB) CPU [1%@729,1%@729,2%@729,2%@729,94%@1344,1%@1344] GR3D_FREQ 98% cpu@64.281C soc2@63.187C soc0@63.937C gpu@65.75C tj@65.75C soc1@63C VDD_IN 17889mW/17583mW VDD_CPU_GPU_CV 8862mW/8389mW VDD_SOC 3955mW/4012mW
08-11-2026 17:50:54 RAM 7120/7607MB (lfb 3x4MB) SWAP 1412/16384MB (cached 137MB) CPU [2%@729,2%@729,5%@729,1%@729,92%@1344,0%@1344] GR3D_FREQ 99% cpu@63.937C soc2@63.25C soc0@63.906C gpu@65.468C tj@65.468C soc1@62.812C VDD_IN 17850mW/17583mW VDD_CPU_GPU_CV 8784mW/8390mW VDD_SOC 3955mW/4012mW
08-11-2026 17:50:55 RAM 7120/7607MB (lfb 3x4MB) SWAP 1412/16384MB (cached 137MB) CPU [1%@729,2%@729,2%@729,1%@729,93%@1344,0%@1344] GR3D_FREQ 98% cpu@63.968C soc2@63.187C soc0@63.812C gpu@65.625C tj@65.625C soc1@62.812C VDD_IN 17850mW/17584mW VDD_CPU_GPU_CV 8784mW/8391mW VDD_SOC 3995mW/4012mW
08-11-2026 17:50:56 RAM 7120/7607MB (lfb 3x4MB) SWAP 1412/16384MB (cached 137MB) CPU [2%@729,1%@729,2%@729,2%@729,92%@1344,2%@1344] GR3D_FREQ 98% cpu@64.093C soc2@63.093C soc0@63.812C gpu@65.562C tj@65.562C soc1@62.875C VDD_IN 17811mW/17584mW VDD_CPU_GPU_CV 8705mW/8391mW VDD_SOC 3995mW/4012mW
08-11-2026 17:50:57 RAM 7125/7607MB (lfb 3x4MB) SWAP 1412/16384MB (cached 137MB) CPU [3%@729,16%@729,7%@729,6%@729,92%@1344,2%@1344] GR3D_FREQ 98% cpu@63.875C soc2@63.187C soc0@63.968C gpu@65.625C tj@65.812C soc1@62.906C VDD_IN 18046mW/17585mW VDD_CPU_GPU_CV 8862mW/8392mW VDD_SOC 4034mW/4012mW
08-11-2026 17:50:58 RAM 7125/7607MB (lfb 3x4MB) SWAP 1412/16384MB (cached 137MB) CPU [2%@729,1%@729,1%@729,1%@729,92%@1344,1%@1344] GR3D_FREQ 98% cpu@64C soc2@63.156C soc0@63.968C gpu@65.812C tj@65.812C soc1@62.875C VDD_IN 17811mW/17585mW VDD_CPU_GPU_CV 8549mW/8392mW VDD_SOC 4034mW/4012mW
08-11-2026 17:50:59 RAM 7125/7607MB (lfb 3x4MB) SWAP 1412/16384MB (cached 137MB) CPU [3%@729,1%@729,2%@729,4%@729,91%@1344,1%@1344] GR3D_FREQ 98% cpu@64.031C soc2@63.187C soc0@63.781C gpu@65.656C tj@65.656C soc1@62.843C VDD_IN 17732mW/17586mW VDD_CPU_GPU_CV 8432mW/8392mW VDD_SOC 4080mW/4012mW
08-11-2026 17:51:00 RAM 7126/7607MB (lfb 3x4MB) SWAP 1412/16384MB (cached 137MB) CPU [2%@729,1%@729,1%@729,3%@729,92%@1344,1%@1344] GR3D_FREQ 98% cpu@64.187C soc2@63.187C soc0@63.75C gpu@65.843C tj@65.843C soc1@62.875C VDD_IN 17772mW/17586mW VDD_CPU_GPU_CV 8393mW/8392mW VDD_SOC 4112mW/4012mW
08-11-2026 17:51:01 RAM 7126/7607MB (lfb 3x4MB) SWAP 1412/16384MB (cached 137MB) CPU [1%@729,1%@729,3%@729,1%@729,93%@1344,1%@1344] GR3D_FREQ 98% cpu@64.031C soc2@63.093C soc0@63.906C gpu@65.468C tj@65.468C soc1@62.968C VDD_IN 17732mW/17586mW VDD_CPU_GPU_CV 8237mW/8392mW VDD_SOC 4151mW/4012mW
08-11-2026 17:51:02 RAM 7127/7607MB (lfb 3x4MB) SWAP 1412/16384MB (cached 137MB) CPU [3%@1344,3%@1344,4%@1344,2%@1344,92%@1344,1%@1344] GR3D_FREQ 98% cpu@64C soc2@63.156C soc0@63.937C gpu@65.5C tj@65.5C soc1@63.093C VDD_IN 17850mW/17587mW VDD_CPU_GPU_CV 8198mW/8392mW VDD_SOC 4190mW/4013mW
08-11-2026 17:51:03 RAM 7127/7607MB (lfb 3x4MB) SWAP 1412/16384MB (cached 137MB) CPU [17%@729,5%@729,4%@729,2%@729,92%@1344,0%@1344] GR3D_FREQ 98% cpu@64.031C soc2@63.312C soc0@64C gpu@65.406C tj@65.406C soc1@62.843C VDD_IN 17732mW/17587mW VDD_CPU_GPU_CV 7964mW/8391mW VDD_SOC 4269mW/4013mW
08-11-2026 17:51:04 RAM 7127/7607MB (lfb 3x4MB) SWAP 1412/16384MB (cached 137MB) CPU [2%@729,5%@729,3%@729,1%@729,92%@1344,0%@1344] GR3D_FREQ 99% cpu@64.343C soc2@63.25C soc0@63.843C gpu@65.031C tj@65.031C soc1@62.843C VDD_IN 17615mW/17587mW VDD_CPU_GPU_CV 7964mW/8390mW VDD_SOC 4230mW/4014mW
08-11-2026 17:51:05 RAM 7127/7607MB (lfb 3x4MB) SWAP 1412/16384MB (cached 137MB) CPU [2%@729,2%@729,1%@729,2%@729,93%@1344,1%@1344] GR3D_FREQ 99% cpu@64.312C soc2@63.187C soc0@63.875C gpu@65.562C tj@65.562C soc1@62.843C VDD_IN 17575mW/17587mW VDD_CPU_GPU_CV 8432mW/8390mW VDD_SOC 4040mW/4014mW
08-11-2026 17:51:06 RAM 7127/7607MB (lfb 3x4MB) SWAP 1412/16384MB (cached 137MB) CPU [1%@729,1%@729,2%@729,2%@729,92%@1344,1%@1344] GR3D_FREQ 99% cpu@64.031C soc2@63.093C soc0@63.875C gpu@65.843C tj@65.843C soc1@62.968C VDD_IN 17654mW/17587mW VDD_CPU_GPU_CV 8549mW/8391mW VDD_SOC 4001mW/4014mW
08-11-2026 17:51:07 RAM 7127/7607MB (lfb 3x4MB) SWAP 1412/16384MB (cached 137MB) CPU [2%@729,2%@729,1%@729,2%@729,92%@1344,1%@1344] GR3D_FREQ 99% cpu@64.093C soc2@63.281C soc0@64.031C gpu@66.093C tj@66.093C soc1@62.843C VDD_IN 18125mW/17588mW VDD_CPU_GPU_CV 8823mW/8391mW VDD_SOC 4073mW/4014mW
08-11-2026 17:51:08 RAM 7129/7607MB (lfb 3x4MB) SWAP 1412/16384MB (cached 137MB) CPU [10%@729,2%@729,9%@729,8%@729,97%@1344,2%@1344] GR3D_FREQ 97% cpu@64C soc2@63.125C soc0@63.812C gpu@65.468C tj@65.468C soc1@62.812C VDD_IN 17929mW/17589mW VDD_CPU_GPU_CV 8940mW/8392mW VDD_SOC 3916mW/4014mW
08-11-2026 17:51:09 RAM 7129/7607MB (lfb 3x4MB) SWAP 1412/16384MB (cached 137MB) CPU [3%@729,2%@729,3%@729,1%@729,95%@1344,0%@1344] GR3D_FREQ 98% cpu@64.062C soc2@63.25C soc0@63.875C gpu@65.531C tj@65.531C soc1@62.875C VDD_IN 17889mW/17589mW VDD_CPU_GPU_CV 8862mW/8393mW VDD_SOC 3955mW/4013mW
08-11-2026 17:51:10 RAM 7129/7607MB (lfb 3x4MB) SWAP 1412/16384MB (cached 137MB) CPU [1%@729,1%@729,3%@729,2%@729,92%@1344,0%@1344] GR3D_FREQ 98% cpu@64.312C soc2@63.187C soc0@63.906C gpu@65.437C tj@65.437C soc1@62.968C VDD_IN 17889mW/17590mW VDD_CPU_GPU_CV 8784mW/8394mW VDD_SOC 3955mW/4013mW
08-11-2026 17:51:11 RAM 7129/7607MB (lfb 3x4MB) SWAP 1412/16384MB (cached 137MB) CPU [2%@729,1%@729,2%@729,1%@729,92%@1344,1%@1344] GR3D_FREQ 98% cpu@63.968C soc2@63.281C soc0@63.875C gpu@65.718C tj@65.718C soc1@62.968C VDD_IN 17889mW/17590mW VDD_CPU_GPU_CV 8784mW/8394mW VDD_SOC 3995mW/4013mW
08-11-2026 17:51:12 RAM 7129/7607MB (lfb 3x4MB) SWAP 1412/16384MB (cached 137MB) CPU [1%@729,2%@729,2%@729,2%@729,93%@1344,2%@1344] GR3D_FREQ 98% cpu@64.031C soc2@63.25C soc0@63.937C gpu@65.625C tj@65.625C soc1@62.843C VDD_IN 17850mW/17591mW VDD_CPU_GPU_CV 8666mW/8395mW VDD_SOC 3995mW/4013mW
08-11-2026 17:51:13 RAM 7134/7607MB (lfb 3x4MB) SWAP 1412/16384MB (cached 137MB) CPU [18%@729,5%@729,5%@729,6%@729,92%@1344,3%@1344] GR3D_FREQ 98% cpu@64.031C soc2@63.187C soc0@63.875C gpu@65.75C tj@65.75C soc1@62.843C VDD_IN 18007mW/17592mW VDD_CPU_GPU_CV 8823mW/8396mW VDD_SOC 4034mW/4013mW
08-11-2026 17:51:14 RAM 7134/7607MB (lfb 3x4MB) SWAP 1412/16384MB (cached 137MB) CPU [2%@729,2%@729,0%@729,0%@729,92%@1344,0%@1344] GR3D_FREQ 98% cpu@64.062C soc2@63.25C soc0@63.875C gpu@65.75C tj@65.75C soc1@62.906C VDD_IN 17811mW/17592mW VDD_CPU_GPU_CV 8588mW/8396mW VDD_SOC 4034mW/4013mW
08-11-2026 17:51:15 RAM 7133/7607MB (lfb 3x4MB) SWAP 1412/16384MB (cached 137MB) CPU [3%@729,3%@729,5%@729,1%@729,92%@1344,2%@1344] GR3D_FREQ 97% cpu@64.406C soc2@63.25C soc0@63.906C gpu@65.75C tj@65.75C soc1@62.937C VDD_IN 17811mW/17592mW VDD_CPU_GPU_CV 8510mW/8396mW VDD_SOC 4073mW/4013mW
08-11-2026 17:51:16 RAM 7134/7607MB (lfb 3x4MB) SWAP 1412/16384MB (cached 137MB) CPU [2%@729,2%@729,2%@729,0%@729,92%@1344,1%@1344] GR3D_FREQ 98% cpu@63.875C soc2@63.281C soc0@63.937C gpu@65.593C tj@65.593C soc1@63.031C VDD_IN 17811mW/17593mW VDD_CPU_GPU_CV 8393mW/8396mW VDD_SOC 4112mW/4014mW
08-11-2026 17:51:17 RAM 7134/7607MB (lfb 3x4MB) SWAP 1412/16384MB (cached 137MB) CPU [1%@729,2%@729,1%@729,2%@729,92%@1344,1%@1344] GR3D_FREQ 98% cpu@63.937C soc2@63.218C soc0@64.031C gpu@65.468C tj@65.468C soc1@62.812C VDD_IN 17732mW/17593mW VDD_CPU_GPU_CV 8237mW/8396mW VDD_SOC 4151mW/4014mW
08-11-2026 17:51:18 RAM 7134/7607MB (lfb 3x4MB) SWAP 1412/16384MB (cached 137MB) CPU [5%@960,11%@960,2%@960,4%@960,93%@1344,2%@1344] GR3D_FREQ 98% cpu@64.156C soc2@63.125C soc0@63.843C gpu@65.468C tj@65.468C soc1@62.906C VDD_IN 17850mW/17593mW VDD_CPU_GPU_CV 8276mW/8396mW VDD_SOC 4190mW/4014mW
08-11-2026 17:51:19 RAM 7135/7607MB (lfb 3x4MB) SWAP 1412/16384MB (cached 137MB) CPU [3%@729,7%@729,5%@729,3%@729,92%@1344,0%@1344] GR3D_FREQ 98% cpu@64.218C soc2@63.25C soc0@63.906C gpu@65.468C tj@65.468C soc1@62.875C VDD_IN 17732mW/17594mW VDD_CPU_GPU_CV 8003mW/8395mW VDD_SOC 4269mW/4015mW
08-11-2026 17:51:20 RAM 7135/7607MB (lfb 3x4MB) SWAP 1412/16384MB (cached 137MB) CPU [2%@729,1%@729,2%@729,2%@729,92%@1344,1%@1344] GR3D_FREQ 99% cpu@64.562C soc2@63.281C soc0@63.937C gpu@65.218C tj@65.218C soc1@63C VDD_IN 17575mW/17594mW VDD_CPU_GPU_CV 7964mW/8394mW VDD_SOC 4237mW/4015mW
08-11-2026 17:51:21 RAM 7135/7607MB (lfb 3x4MB) SWAP 1412/16384MB (cached 137MB) CPU [2%@729,2%@729,2%@729,2%@729,92%@1344,1%@1344] GR3D_FREQ 99% cpu@64.031C soc2@63.312C soc0@64C gpu@65.625C tj@65.625C soc1@62.843C VDD_IN 17604mW/17594mW VDD_CPU_GPU_CV 8471mW/8394mW VDD_SOC 4001mW/4015mW
08-11-2026 17:51:22 RAM 7135/7607MB (lfb 3x4MB) SWAP 1412/16384MB (cached 137MB) CPU [1%@729,0%@729,0%@729,2%@729,92%@1344,1%@1344] GR3D_FREQ 99% cpu@64.031C soc2@63.218C soc0@63.843C gpu@65.75C tj@65.75C soc1@62.937C VDD_IN 17654mW/17594mW VDD_CPU_GPU_CV 8549mW/8395mW VDD_SOC 4034mW/4015mW
08-11-2026 17:51:23 RAM 7135/7607MB (lfb 3x4MB) SWAP 1412/16384MB (cached 137MB) CPU [3%@729,1%@729,1%@729,1%@729,92%@1344,2%@1344] GR3D_FREQ 99% cpu@64.218C soc2@63.281C soc0@63.843C gpu@65.875C tj@65.718C soc1@62.906C VDD_IN 18125mW/17595mW VDD_CPU_GPU_CV 8862mW/8396mW VDD_SOC 4073mW/4015mW
08-11-2026 17:51:24 RAM 7128/7607MB (lfb 3x4MB) SWAP 1412/16384MB (cached 137MB) CPU [13%@729,5%@729,11%@729,8%@729,98%@1344,1%@1344] GR3D_FREQ 97% cpu@63.906C soc2@63.25C soc0@63.875C gpu@65.625C tj@65.625C soc1@62.937C VDD_IN 17929mW/17595mW VDD_CPU_GPU_CV 8940mW/8396mW VDD_SOC 3955mW/4015mW
08-11-2026 17:51:25 RAM 7127/7607MB (lfb 3x4MB) SWAP 1412/16384MB (cached 137MB) CPU [0%@729,1%@729,2%@729,1%@729,94%@1344,2%@1344] GR3D_FREQ 98% cpu@64.156C soc2@63.281C soc0@63.906C gpu@65.656C tj@65.656C soc1@63.031C VDD_IN 17889mW/17596mW VDD_CPU_GPU_CV 8862mW/8397mW VDD_SOC 3955mW/4015mW
08-11-2026 17:51:26 RAM 7127/7607MB (lfb 3x4MB) SWAP 1412/16384MB (cached 137MB) CPU [2%@729,1%@729,5%@729,2%@729,93%@1344,1%@1344] GR3D_FREQ 98% cpu@64.062C soc2@63.25C soc0@64.062C gpu@65.656C tj@65.656C soc1@62.906C VDD_IN 17929mW/17596mW VDD_CPU_GPU_CV 8784mW/8398mW VDD_SOC 3995mW/4015mW
08-11-2026 17:51:27 RAM 7127/7607MB (lfb 3x4MB) SWAP 1412/16384MB (cached 137MB) CPU [1%@729,2%@729,0%@729,3%@729,92%@1344,1%@1344] GR3D_FREQ 98% cpu@64.062C soc2@63.156C soc0@63.843C gpu@65.625C tj@65.625C soc1@62.875C VDD_IN 17889mW/17597mW VDD_CPU_GPU_CV 8823mW/8399mW VDD_SOC 3995mW/4015mW
08-11-2026 17:51:28 RAM 7127/7607MB (lfb 3x4MB) SWAP 1412/16384MB (cached 137MB) CPU [4%@729,0%@729,2%@729,1%@729,93%@1344,1%@1344] GR3D_FREQ 98% cpu@64.156C soc2@63.156C soc0@63.906C gpu@65.843C tj@65.843C soc1@63C VDD_IN 17850mW/17597mW VDD_CPU_GPU_CV 8666mW/8399mW VDD_SOC 3995mW/4015mW
08-11-2026 17:51:29 RAM 7132/7607MB (lfb 3x4MB) SWAP 1412/16384MB (cached 137MB) CPU [5%@729,11%@729,4%@729,19%@729,91%@1344,1%@1344] GR3D_FREQ 98% cpu@63.937C soc2@63.218C soc0@63.906C gpu@65.906C tj@65.906C soc1@63C VDD_IN 18007mW/17598mW VDD_CPU_GPU_CV 8769mW/8400mW VDD_SOC 4034mW/4015mW
08-11-2026 17:51:30 RAM 7132/7607MB (lfb 3x4MB) SWAP 1412/16384MB (cached 137MB) CPU [3%@729,2%@729,1%@729,2%@729,93%@1344,0%@1344] GR3D_FREQ 98% cpu@63.968C soc2@63.312C soc0@63.968C gpu@65.906C tj@65.906C soc1@62.906C VDD_IN 17889mW/17598mW VDD_CPU_GPU_CV 8588mW/8400mW VDD_SOC 4034mW/4015mW
08-11-2026 17:51:31 RAM 7132/7607MB (lfb 3x4MB) SWAP 1412/16384MB (cached 137MB) CPU [3%@729,0%@729,2%@729,1%@729,92%@1344,1%@1344] GR3D_FREQ 97% cpu@64.125C soc2@63.25C soc0@63.906C gpu@65.875C tj@65.875C soc1@62.937C VDD_IN 17772mW/17599mW VDD_CPU_GPU_CV 8471mW/8400mW VDD_SOC 4073mW/4015mW
08-11-2026 17:51:32 RAM 7132/7607MB (lfb 3x4MB) SWAP 1412/16384MB (cached 137MB) CPU [3%@729,2%@729,0%@729,1%@729,92%@1344,0%@1344] GR3D_FREQ 98% cpu@64.25C soc2@63.281C soc0@63.906C gpu@65.468C tj@65.687C soc1@62.906C VDD_IN 17811mW/17599mW VDD_CPU_GPU_CV 8432mW/8400mW VDD_SOC 4112mW/4015mW
08-11-2026 17:51:33 RAM 7132/7607MB (lfb 3x4MB) SWAP 1412/16384MB (cached 137MB) CPU [2%@729,1%@729,3%@729,0%@729,92%@1344,1%@1344] GR3D_FREQ 98% cpu@64.125C soc2@63.25C soc0@64.031C gpu@65.593C tj@65.593C soc1@62.968C VDD_IN 17772mW/17599mW VDD_CPU_GPU_CV 8237mW/8400mW VDD_SOC 4151mW/4015mW
08-11-2026 17:51:34 RAM 7136/7607MB (lfb 3x4MB) SWAP 1412/16384MB (cached 137MB) CPU [5%@729,4%@729,6%@729,19%@729,93%@1344,2%@1344] GR3D_FREQ 98% cpu@64.187C soc2@63.312C soc0@64.062C gpu@65.687C tj@65.687C soc1@63.187C VDD_IN 18007mW/17600mW VDD_CPU_GPU_CV 8354mW/8400mW VDD_SOC 4190mW/4016mW
08-11-2026 17:51:35 RAM 7137/7607MB (lfb 3x4MB) SWAP 1412/16384MB (cached 137MB) CPU [2%@729,1%@729,1%@729,3%@729,92%@1344,2%@1344] GR3D_FREQ 98% cpu@64.156C soc2@63.343C soc0@64.062C gpu@65.593C tj@65.593C soc1@62.875C VDD_IN 17732mW/17600mW VDD_CPU_GPU_CV 7964mW/8399mW VDD_SOC 4269mW/4016mW
08-11-2026 17:51:36 RAM 7137/7607MB (lfb 3x4MB) SWAP 1412/16384MB (cached 137MB) CPU [1%@1344,1%@1344,1%@1344,2%@1344,92%@1344,1%@1344] GR3D_FREQ 99% cpu@64.406C soc2@63.312C soc0@63.937C gpu@64.906C tj@64.906C soc1@62.937C VDD_IN 17615mW/17600mW VDD_CPU_GPU_CV 7886mW/8398mW VDD_SOC 4269mW/4017mW
08-11-2026 17:51:37 RAM 7136/7607MB (lfb 3x4MB) SWAP 1412/16384MB (cached 137MB) CPU [1%@729,1%@729,5%@729,2%@729,93%@1344,1%@1344] GR3D_FREQ 99% cpu@64.343C soc2@63.375C soc0@63.937C gpu@65.468C tj@65.468C soc1@63.031C VDD_IN 17615mW/17600mW VDD_CPU_GPU_CV 8432mW/8398mW VDD_SOC 4040mW/4017mW
08-11-2026 17:51:38 RAM 7136/7607MB (lfb 3x4MB) SWAP 1412/16384MB (cached 137MB) CPU [1%@729,1%@729,1%@729,3%@729,92%@1344,1%@1344] GR3D_FREQ 99% cpu@64.156C soc2@63.218C soc0@64.031C gpu@65.437C tj@65.437C soc1@63.093C VDD_IN 17654mW/17600mW VDD_CPU_GPU_CV 8549mW/8399mW VDD_SOC 4001mW/4017mW
08-11-2026 17:51:39 RAM 7136/7607MB (lfb 3x4MB) SWAP 1412/16384MB (cached 137MB) CPU [3%@729,5%@729,2%@729,1%@729,92%@1344,1%@1344] GR3D_FREQ 99% cpu@64.5C soc2@63.281C soc0@63.875C gpu@65.687C tj@65.687C soc1@63.062C VDD_IN 18164mW/17601mW VDD_CPU_GPU_CV 8823mW/8399mW VDD_SOC 4112mW/4017mW
08-11-2026 17:51:40 RAM 7137/7607MB (lfb 3x4MB) SWAP 1412/16384MB (cached 137MB) CPU [7%@729,10%@729,4%@729,15%@729,98%@1344,3%@1344] GR3D_FREQ 97% cpu@64.062C soc2@63.156C soc0@64.031C gpu@65.593C tj@65.593C soc1@62.937C VDD_IN 17889mW/17602mW VDD_CPU_GPU_CV 8862mW/8400mW VDD_SOC 3955mW/4017mW
08-11-2026 17:51:41 RAM 7137/7607MB (lfb 3x4MB) SWAP 1412/16384MB (cached 137MB) CPU [3%@729,1%@729,3%@729,1%@729,95%@1344,0%@1344] GR3D_FREQ 98% cpu@64.125C soc2@63.343C soc0@63.906C gpu@65.625C tj@65.625C soc1@63C VDD_IN 17968mW/17602mW VDD_CPU_GPU_CV 8901mW/8401mW VDD_SOC 3955mW/4016mW
08-11-2026 17:51:42 RAM 7137/7607MB (lfb 3x4MB) SWAP 1412/16384MB (cached 137MB) CPU [1%@729,1%@729,1%@729,2%@729,92%@1344,1%@1344] GR3D_FREQ 98% cpu@64.468C soc2@63.218C soc0@63.937C gpu@65.812C tj@65.812C soc1@62.968C VDD_IN 17889mW/17603mW VDD_CPU_GPU_CV 8784mW/8402mW VDD_SOC 3995mW/4016mW
08-11-2026 17:51:43 RAM 7137/7607MB (lfb 3x4MB) SWAP 1412/16384MB (cached 137MB) CPU [2%@729,1%@729,2%@729,1%@729,91%@1344,0%@1344] GR3D_FREQ 97% cpu@63.968C soc2@63.218C soc0@64.031C gpu@65.843C tj@65.843C soc1@63.031C VDD_IN 17889mW/17603mW VDD_CPU_GPU_CV 8784mW/8402mW VDD_SOC 3995mW/4016mW
08-11-2026 17:51:44 RAM 7137/7607MB (lfb 3x4MB) SWAP 1412/16384MB (cached 137MB) CPU [2%@729,1%@729,1%@729,1%@729,91%@1344,1%@1344] GR3D_FREQ 97% cpu@64.031C soc2@63.312C soc0@64C gpu@65.843C tj@65.843C soc1@62.875C VDD_IN 17850mW/17604mW VDD_CPU_GPU_CV 8705mW/8403mW VDD_SOC 3995mW/4016mW
08-11-2026 17:51:45 RAM 7134/7607MB (lfb 3x4MB) SWAP 1412/16384MB (cached 137MB) CPU [8%@729,18%@729,4%@729,6%@729,93%@1344,3%@1344] GR3D_FREQ 98% cpu@64.093C soc2@63.312C soc0@63.937C gpu@65.812C tj@65.812C soc1@62.968C VDD_IN 17968mW/17604mW VDD_CPU_GPU_CV 8784mW/8403mW VDD_SOC 4034mW/4016mW
08-11-2026 17:51:46 RAM 7133/7607MB (lfb 3x4MB) SWAP 1412/16384MB (cached 137MB) CPU [3%@729,0%@729,2%@729,1%@729,92%@1344,1%@1344] GR3D_FREQ 98% cpu@64.031C soc2@63.25C soc0@63.906C gpu@65.687C tj@65.687C soc1@63C VDD_IN 17850mW/17605mW VDD_CPU_GPU_CV 8588mW/8404mW VDD_SOC 4034mW/4016mW
08-11-2026 17:51:47 RAM 7134/7607MB (lfb 3x4MB) SWAP 1412/16384MB (cached 137MB) CPU [3%@729,1%@729,2%@729,2%@729,92%@1344,1%@1344] GR3D_FREQ 97% cpu@64.343C soc2@63.218C soc0@64.062C gpu@65.531C tj@65.531C soc1@63C VDD_IN 17772mW/17605mW VDD_CPU_GPU_CV 8471mW/8404mW VDD_SOC 4073mW/4017mW
08-11-2026 17:51:48 RAM 7134/7607MB (lfb 3x4MB) SWAP 1412/16384MB (cached 137MB) CPU [6%@729,1%@729,2%@729,2%@729,92%@1344,0%@1344] GR3D_FREQ 98% cpu@64C soc2@63.375C soc0@64.062C gpu@65.656C tj@65.656C soc1@63.062C VDD_IN 17850mW/17606mW VDD_CPU_GPU_CV 8432mW/8404mW VDD_SOC 4112mW/4017mW
08-11-2026 17:51:49 RAM 7134/7607MB (lfb 3x4MB) SWAP 1412/16384MB (cached 137MB) CPU [3%@729,2%@729,1%@729,1%@729,93%@1344,1%@1344] GR3D_FREQ 99% cpu@64.093C soc2@63.218C soc0@63.937C gpu@65.812C tj@65.812C soc1@62.875C VDD_IN 17772mW/17606mW VDD_CPU_GPU_CV 8237mW/8404mW VDD_SOC 4151mW/4017mW
08-11-2026 17:51:50 RAM 7136/7607MB (lfb 3x4MB) SWAP 1412/16384MB (cached 137MB) CPU [4%@729,10%@729,2%@729,18%@729,92%@1344,3%@1344] GR3D_FREQ 97% cpu@64.281C soc2@63.312C soc0@63.937C gpu@65.875C tj@65.875C soc1@62.937C VDD_IN 17929mW/17606mW VDD_CPU_GPU_CV 8315mW/8403mW VDD_SOC 4190mW/4017mW
08-11-2026 17:51:51 RAM 7136/7607MB (lfb 3x4MB) SWAP 1412/16384MB (cached 137MB) CPU [0%@729,1%@729,1%@729,3%@729,92%@1344,1%@1344] GR3D_FREQ 98% cpu@64.062C soc2@63.25C soc0@63.968C gpu@65.812C tj@65.812C soc1@62.968C VDD_IN 17732mW/17607mW VDD_CPU_GPU_CV 8003mW/8403mW VDD_SOC 4230mW/4018mW
08-11-2026 17:51:52 RAM 7136/7607MB (lfb 3x4MB) SWAP 1412/16384MB (cached 137MB) CPU [3%@729,2%@729,2%@729,1%@729,92%@1344,2%@1344] GR3D_FREQ 99% cpu@64.281C soc2@63.375C soc0@64.062C gpu@65.343C tj@65.343C soc1@63.156C VDD_IN 17575mW/17606mW VDD_CPU_GPU_CV 7925mW/8402mW VDD_SOC 4237mW/4018mW
08-11-2026 17:51:53 RAM 7136/7607MB (lfb 3x4MB) SWAP 1412/16384MB (cached 137MB) CPU [1%@729,1%@729,2%@729,2%@729,92%@1344,1%@1344] GR3D_FREQ 99% cpu@64C soc2@63.375C soc0@64.093C gpu@65.593C tj@65.593C soc1@62.968C VDD_IN 17575mW/17606mW VDD_CPU_GPU_CV 8471mW/8402mW VDD_SOC 4001mW/4018mW
08-11-2026 17:51:54 RAM 7136/7607MB (lfb 3x4MB) SWAP 1412/16384MB (cached 137MB) CPU [2%@729,1%@729,2%@729,0%@729,92%@1344,1%@1344] GR3D_FREQ 99% cpu@64.031C soc2@63.281C soc0@63.937C gpu@65.625C tj@65.625C soc1@62.937C VDD_IN 17693mW/17607mW VDD_CPU_GPU_CV 8588mW/8402mW VDD_SOC 3995mW/4018mW
08-11-2026 17:51:55 RAM 7137/7607MB (lfb 3x4MB) SWAP 1412/16384MB (cached 137MB) CPU [3%@1344,5%@1344,0%@1344,2%@1344,92%@1344,1%@1344] GR3D_FREQ 99% cpu@64.406C soc2@63.343C soc0@63.968C gpu@65.843C tj@65.843C soc1@62.968C VDD_IN 18203mW/17608mW VDD_CPU_GPU_CV 8925mW/8403mW VDD_SOC 4112mW/4018mW
08-11-2026 17:51:56 RAM 7136/7607MB (lfb 3x4MB) SWAP 1412/16384MB (cached 137MB) CPU [4%@729,6%@729,12%@729,6%@729,98%@1344,2%@1344] GR3D_FREQ 97% cpu@64.031C soc2@63.343C soc0@64C gpu@65.781C tj@65.781C soc1@63.093C VDD_IN 17929mW/17608mW VDD_CPU_GPU_CV 8940mW/8404mW VDD_SOC 3955mW/4018mW
08-11-2026 17:51:57 RAM 7137/7607MB (lfb 3x4MB) SWAP 1412/16384MB (cached 137MB) CPU [4%@729,2%@729,1%@729,2%@729,94%@1344,0%@1344] GR3D_FREQ 98% cpu@64.25C soc2@63.437C soc0@64.031C gpu@65.75C tj@65.75C soc1@63.156C VDD_IN 17968mW/17609mW VDD_CPU_GPU_CV 8862mW/8405mW VDD_SOC 3955mW/4018mW
08-11-2026 17:51:58 RAM 7137/7607MB (lfb 3x4MB) SWAP 1412/16384MB (cached 137MB) CPU [2%@729,2%@729,1%@729,1%@729,91%@1344,0%@1344] GR3D_FREQ 98% cpu@64.156C soc2@63.218C soc0@64.093C gpu@65.718C tj@65.718C soc1@62.937C VDD_IN 17889mW/17609mW VDD_CPU_GPU_CV 8784mW/8405mW VDD_SOC 3995mW/4018mW
08-11-2026 17:51:59 RAM 7137/7607MB (lfb 3x4MB) SWAP 1412/16384MB (cached 137MB) CPU [2%@729,3%@729,5%@729,1%@729,92%@1344,1%@1344] GR3D_FREQ 98% cpu@64.156C soc2@63.343C soc0@64C gpu@65.718C tj@65.718C soc1@62.968C VDD_IN 17929mW/17610mW VDD_CPU_GPU_CV 8823mW/8406mW VDD_SOC 3995mW/4018mW
08-11-2026 17:52:00 RAM 7137/7607MB (lfb 3x4MB) SWAP 1412/16384MB (cached 137MB) CPU [2%@729,3%@729,1%@729,3%@729,92%@1344,0%@1344] GR3D_FREQ 98% cpu@64.25C soc2@63.218C soc0@63.937C gpu@65.531C tj@65.531C soc1@63.031C VDD_IN 17889mW/17610mW VDD_CPU_GPU_CV 8705mW/8407mW VDD_SOC 3995mW/4018mW
08-11-2026 17:52:01 RAM 7135/7607MB (lfb 3x4MB) SWAP 1412/16384MB (cached 137MB) CPU [15%@729,14%@729,5%@729,4%@729,92%@1344,1%@1344] GR3D_FREQ 98% cpu@64.031C soc2@63.25C soc0@64.031C gpu@65.656C tj@65.656C soc1@63C VDD_IN 17968mW/17611mW VDD_CPU_GPU_CV 8744mW/8407mW VDD_SOC 4034mW/4018mW
08-11-2026 17:52:02 RAM 7135/7607MB (lfb 3x4MB) SWAP 1412/16384MB (cached 137MB) CPU [2%@729,1%@729,0%@729,2%@729,92%@1344,1%@1344] GR3D_FREQ 98% cpu@64.062C soc2@63.343C soc0@64.125C gpu@65.625C tj@65.625C soc1@63.031C VDD_IN 17850mW/17611mW VDD_CPU_GPU_CV 8588mW/8407mW VDD_SOC 4073mW/4018mW
08-11-2026 17:52:03 RAM 7135/7607MB (lfb 3x4MB) SWAP 1412/16384MB (cached 137MB) CPU [0%@729,2%@729,2%@729,3%@729,93%@1344,0%@1344] GR3D_FREQ 97% cpu@64.125C soc2@63.218C soc0@64.062C gpu@65.531C tj@65.531C soc1@62.906C VDD_IN 17811mW/17611mW VDD_CPU_GPU_CV 8471mW/8408mW VDD_SOC 4073mW/4018mW
08-11-2026 17:52:04 RAM 7135/7607MB (lfb 3x4MB) SWAP 1412/16384MB (cached 137MB) CPU [1%@729,2%@729,2%@729,1%@729,92%@1344,1%@1344] GR3D_FREQ 98% cpu@64.125C soc2@63.281C soc0@63.968C gpu@65.812C tj@65.812C soc1@62.968C VDD_IN 17850mW/17612mW VDD_CPU_GPU_CV 8393mW/8408mW VDD_SOC 4112mW/4018mW
08-11-2026 17:52:05 RAM 7135/7607MB (lfb 3x4MB) SWAP 1412/16384MB (cached 137MB) CPU [2%@729,1%@729,0%@729,3%@729,92%@1344,0%@1344] GR3D_FREQ 98% cpu@64.156C soc2@63.281C soc0@63.968C gpu@65.75C tj@65.75C soc1@63C VDD_IN 17811mW/17612mW VDD_CPU_GPU_CV 8276mW/8407mW VDD_SOC 4151mW/4018mW
08-11-2026 17:52:06 RAM 7136/7607MB (lfb 3x4MB) SWAP 1412/16384MB (cached 137MB) CPU [18%@729,8%@729,3%@729,9%@729,93%@1344,0%@1344] GR3D_FREQ 98% cpu@64.031C soc2@63.218C soc0@63.968C gpu@65.781C tj@65.781C soc1@63.062C VDD_IN 17968mW/17613mW VDD_CPU_GPU_CV 8315mW/8407mW VDD_SOC 4190mW/4019mW
08-11-2026 17:52:07 RAM 7137/7607MB (lfb 3x4MB) SWAP 1412/16384MB (cached 137MB) CPU [1%@729,2%@729,1%@729,2%@729,92%@1344,1%@1344] GR3D_FREQ 98% cpu@64.125C soc2@63.281C soc0@64.062C gpu@65.656C tj@65.656C soc1@62.906C VDD_IN 17772mW/17613mW VDD_CPU_GPU_CV 7964mW/8406mW VDD_SOC 4269mW/4019mW
08-11-2026 17:52:08 RAM 7137/7607MB (lfb 3x4MB) SWAP 1412/16384MB (cached 137MB) CPU [3%@729,2%@729,2%@729,3%@729,92%@1344,0%@1344] GR3D_FREQ 99% cpu@64.437C soc2@63.281C soc0@63.875C gpu@65.281C tj@65.281C soc1@62.937C VDD_IN 17615mW/17613mW VDD_CPU_GPU_CV 7964mW/8406mW VDD_SOC 4230mW/4019mW
08-11-2026 17:52:09 RAM 7137/7607MB (lfb 3x4MB) SWAP 1412/16384MB (cached 137MB) CPU [1%@729,1%@729,1%@729,2%@729,92%@1344,1%@1344] GR3D_FREQ 99% cpu@64.156C soc2@63.218C soc0@63.937C gpu@65.718C tj@65.718C soc1@62.812C VDD_IN 17615mW/17613mW VDD_CPU_GPU_CV 8471mW/8406mW VDD_SOC 4040mW/4019mW
08-11-2026 17:52:10 RAM 7137/7607MB (lfb 3x4MB) SWAP 1412/16384MB (cached 137MB) CPU [1%@1036,5%@1036,1%@1036,2%@1036,92%@1344,1%@1344] GR3D_FREQ 99% cpu@64.25C soc2@63.343C soc0@64C gpu@65.531C tj@65.531C soc1@62.968C VDD_IN 17693mW/17613mW VDD_CPU_GPU_CV 8588mW/8406mW VDD_SOC 4001mW/4019mW
08-11-2026 17:52:11 RAM 7138/7607MB (lfb 3x4MB) SWAP 1412/16384MB (cached 137MB) CPU [6%@883,4%@883,9%@883,3%@883,92%@1344,3%@1344] GR3D_FREQ 99% cpu@64.468C soc2@63.437C soc0@64.031C gpu@65.718C tj@65.718C soc1@62.937C VDD_IN 18282mW/17614mW VDD_CPU_GPU_CV 8925mW/8407mW VDD_SOC 4112mW/4019mW
08-11-2026 17:52:12 RAM 7138/7607MB (lfb 3x4MB) SWAP 1412/16384MB (cached 137MB) CPU [1%@729,4%@729,6%@729,4%@729,97%@1344,1%@1344] GR3D_FREQ 97% cpu@64.156C soc2@63.312C soc0@63.843C gpu@65.843C tj@65.843C soc1@62.968C VDD_IN 17889mW/17615mW VDD_CPU_GPU_CV 8862mW/8408mW VDD_SOC 3955mW/4019mW
08-11-2026 17:52:13 RAM 7138/7607MB (lfb 3x4MB) SWAP 1412/16384MB (cached 137MB) CPU [4%@1113,1%@1113,2%@1113,2%@1113,94%@1344,1%@1344] GR3D_FREQ 98% cpu@64.156C soc2@63.281C soc0@63.937C gpu@65.875C tj@65.875C soc1@62.937C VDD_IN 17929mW/17615mW VDD_CPU_GPU_CV 8901mW/8409mW VDD_SOC 3955mW/4019mW
08-11-2026 17:52:14 RAM 7139/7607MB (lfb 3x4MB) SWAP 1412/16384MB (cached 137MB) CPU [2%@1344,2%@1344,2%@1344,2%@1344,92%@1344,1%@1344] GR3D_FREQ 99% cpu@64.5C soc2@63.281C soc0@63.968C gpu@65.531C tj@65.531C soc1@62.937C VDD_IN 17850mW/17615mW VDD_CPU_GPU_CV 8784mW/8409mW VDD_SOC 3955mW/4019mW
08-11-2026 17:52:15 RAM 7140/7607MB (lfb 3x4MB) SWAP 1412/16384MB (cached 137MB) CPU [1%@729,5%@729,1%@729,1%@729,93%@1344,0%@1344] GR3D_FREQ 98% cpu@64.125C soc2@63.281C soc0@64.031C gpu@65.5C tj@65.5C soc1@62.875C VDD_IN 17811mW/17616mW VDD_CPU_GPU_CV 8744mW/8410mW VDD_SOC 3955mW/4019mW
08-11-2026 17:52:16 RAM 7140/7607MB (lfb 3x4MB) SWAP 1412/16384MB (cached 137MB) CPU [2%@729,1%@729,2%@729,2%@729,92%@1344,0%@1344] GR3D_FREQ 98% cpu@64.125C soc2@63.218C soc0@63.906C gpu@65.5C tj@65.5C soc1@62.937C VDD_IN 17811mW/17616mW VDD_CPU_GPU_CV 8666mW/8410mW VDD_SOC 3995mW/4019mW
08-11-2026 17:52:17 RAM 7140/7607MB (lfb 3x4MB) SWAP 1412/16384MB (cached 137MB) CPU [5%@1344,19%@1344,6%@1344,8%@1344,93%@1344,2%@1344] GR3D_FREQ 97% cpu@64.25C soc2@63.25C soc0@63.968C gpu@65.75C tj@65.75C soc1@62.968C VDD_IN 17850mW/17616mW VDD_CPU_GPU_CV 8666mW/8410mW VDD_SOC 3995mW/4019mW
08-11-2026 17:52:18 RAM 7141/7607MB (lfb 3x4MB) SWAP 1412/16384MB (cached 137MB) CPU [2%@729,2%@729,0%@729,3%@729,92%@1344,0%@1344] GR3D_FREQ 97% cpu@63.968C soc2@63.281C soc0@63.937C gpu@65.656C tj@65.656C soc1@62.968C VDD_IN 17693mW/17617mW VDD_CPU_GPU_CV 8510mW/8411mW VDD_SOC 4034mW/4019mW
08-11-2026 17:52:19 RAM 7141/7607MB (lfb 3x4MB) SWAP 1412/16384MB (cached 137MB) CPU [3%@729,2%@729,1%@729,4%@729,92%@1344,0%@1344] GR3D_FREQ 97% cpu@64.437C soc2@63.25C soc0@64.031C gpu@65.656C tj@65.656C soc1@63.156C VDD_IN 17654mW/17617mW VDD_CPU_GPU_CV 8393mW/8411mW VDD_SOC 4034mW/4019mW
08-11-2026 17:52:20 RAM 7142/7607MB (lfb 3x4MB) SWAP 1412/16384MB (cached 137MB) CPU [3%@729,2%@729,1%@729,2%@729,92%@1344,1%@1344] GR3D_FREQ 98% cpu@64.031C soc2@63.25C soc0@64.062C gpu@65.812C tj@65.812C soc1@62.906C VDD_IN 17693mW/17617mW VDD_CPU_GPU_CV 8354mW/8410mW VDD_SOC 4073mW/4019mW
08-11-2026 17:52:21 RAM 7142/7607MB (lfb 3x4MB) SWAP 1412/16384MB (cached 137MB) CPU [6%@729,1%@729,1%@729,3%@729,93%@1344,1%@1344] GR3D_FREQ 99% cpu@64.062C soc2@63.156C soc0@63.968C gpu@65.781C tj@65.781C soc1@63C VDD_IN 17615mW/17617mW VDD_CPU_GPU_CV 8159mW/8410mW VDD_SOC 4112mW/4019mW
08-11-2026 17:52:22 RAM 7146/7607MB (lfb 3x4MB) SWAP 1412/16384MB (cached 137MB) CPU [7%@729,19%@729,3%@729,8%@729,92%@1344,0%@1344] GR3D_FREQ 98% cpu@64.25C soc2@63.312C soc0@63.968C gpu@65.75C tj@65.75C soc1@63C VDD_IN 17772mW/17617mW VDD_CPU_GPU_CV 8159mW/8410mW VDD_SOC 4190mW/4019mW
08-11-2026 17:52:23 RAM 7147/7607MB (lfb 3x4MB) SWAP 1412/16384MB (cached 137MB) CPU [1%@729,2%@729,2%@729,3%@729,92%@1344,0%@1344] GR3D_FREQ 98% cpu@64.156C soc2@63.25C soc0@63.968C gpu@65.437C tj@65.437C soc1@63.031C VDD_IN 17526mW/17617mW VDD_CPU_GPU_CV 7808mW/8409mW VDD_SOC 4237mW/4020mW
08-11-2026 17:52:24 RAM 7147/7607MB (lfb 3x4MB) SWAP 1412/16384MB (cached 137MB) CPU [2%@729,2%@729,1%@729,3%@729,93%@1344,0%@1344] GR3D_FREQ 99% cpu@64.343C soc2@63.312C soc0@64.031C gpu@65.093C tj@65.093C soc1@63.156C VDD_IN 17486mW/17617mW VDD_CPU_GPU_CV 7925mW/8408mW VDD_SOC 4197mW/4020mW
08-11-2026 17:52:25 RAM 7148/7607MB (lfb 3x4MB) SWAP 1412/16384MB (cached 137MB) CPU [2%@729,2%@729,2%@729,2%@729,92%@1344,0%@1344] GR3D_FREQ 99% cpu@64.218C soc2@63.312C soc0@64.062C gpu@65.625C tj@65.625C soc1@63C VDD_IN 17526mW/17616mW VDD_CPU_GPU_CV 8393mW/8408mW VDD_SOC 4001mW/4020mW
08-11-2026 17:52:26 RAM 7148/7607MB (lfb 3x4MB) SWAP 1412/16384MB (cached 137MB) CPU [2%@729,2%@729,2%@729,3%@729,93%@1344,0%@1344] GR3D_FREQ 99% cpu@64.062C soc2@63.312C soc0@63.906C gpu@65.625C tj@65.625C soc1@62.937C VDD_IN 17536mW/17616mW VDD_CPU_GPU_CV 8471mW/8408mW VDD_SOC 4001mW/4020mW
08-11-2026 17:52:27 RAM 7137/7607MB (lfb 3x4MB) SWAP 1412/16384MB (cached 137MB) CPU [7%@1344,4%@1344,8%@1344,17%@1344,91%@729,0%@729] GR3D_FREQ 99% cpu@64.75C soc2@63.281C soc0@63.906C gpu@65.812C tj@65.812C soc1@63.062C VDD_IN 18203mW/17617mW VDD_CPU_GPU_CV 9018mW/8409mW VDD_SOC 4073mW/4020mW
08-11-2026 17:52:28 RAM 7138/7607MB (lfb 3x4MB) SWAP 1412/16384MB (cached 137MB) CPU [2%@729,2%@729,2%@729,3%@729,99%@1344,0%@1344] GR3D_FREQ 97% cpu@64C soc2@63.312C soc0@63.937C gpu@65.781C tj@65.781C soc1@63.093C VDD_IN 17811mW/17618mW VDD_CPU_GPU_CV 8823mW/8410mW VDD_SOC 3916mW/4020mW
08-11-2026 17:52:29 RAM 7138/7607MB (lfb 3x4MB) SWAP 1412/16384MB (cached 137MB) CPU [2%@729,2%@729,3%@729,1%@729,93%@1344,0%@1344] GR3D_FREQ 98% cpu@64.281C soc2@63.343C soc0@64.031C gpu@65.843C tj@65.593C soc1@63.062C VDD_IN 17811mW/17618mW VDD_CPU_GPU_CV 8744mW/8410mW VDD_SOC 3955mW/4020mW
08-11-2026 17:52:30 RAM 7139/7607MB (lfb 3x4MB) SWAP 1412/16384MB (cached 137MB) CPU [2%@729,3%@729,1%@729,2%@729,92%@1344,0%@1344] GR3D_FREQ 97% cpu@64.093C soc2@63.375C soc0@64.062C gpu@65.531C tj@65.531C soc1@62.937C VDD_IN 17732mW/17618mW VDD_CPU_GPU_CV 8705mW/8411mW VDD_SOC 3955mW/4020mW
08-11-2026 17:52:31 RAM 7139/7607MB (lfb 3x4MB) SWAP 1412/16384MB (cached 137MB) CPU [2%@729,3%@729,1%@729,2%@729,92%@1344,0%@1344] GR3D_FREQ 98% cpu@64.093C soc2@63.281C soc0@64C gpu@65.625C tj@65.625C soc1@62.968C VDD_IN 17772mW/17618mW VDD_CPU_GPU_CV 8705mW/8411mW VDD_SOC 3955mW/4020mW
08-11-2026 17:52:32 RAM 7140/7607MB (lfb 3x4MB) SWAP 1412/16384MB (cached 137MB) CPU [2%@729,3%@729,2%@729,3%@729,92%@1344,0%@1344] GR3D_FREQ 99% cpu@64.156C soc2@63.343C soc0@64C gpu@65.687C tj@65.687C soc1@63C VDD_IN 17693mW/17618mW VDD_CPU_GPU_CV 8627mW/8411mW VDD_SOC 4001mW/4020mW
08-11-2026 17:52:33 RAM 7141/7607MB (lfb 3x4MB) SWAP 1412/16384MB (cached 137MB) CPU [17%@729,6%@729,7%@729,6%@729,92%@1344,0%@1344] GR3D_FREQ 98% cpu@64.031C soc2@63.218C soc0@64.031C gpu@65.718C tj@65.718C soc1@63.093C VDD_IN 17811mW/17619mW VDD_CPU_GPU_CV 8666mW/8412mW VDD_SOC 3995mW/4020mW
08-11-2026 17:52:34 RAM 7142/7607MB (lfb 3x4MB) SWAP 1412/16384MB (cached 137MB) CPU [4%@729,2%@729,2%@729,1%@729,93%@1344,0%@1344] GR3D_FREQ 98% cpu@64.093C soc2@63.343C soc0@64.062C gpu@65.625C tj@65.625C soc1@63.187C VDD_IN 17693mW/17619mW VDD_CPU_GPU_CV 8510mW/8412mW VDD_SOC 4034mW/4020mW
08-11-2026 17:52:35 RAM 7142/7607MB (lfb 3x4MB) SWAP 1412/16384MB (cached 137MB) CPU [2%@729,2%@729,1%@729,2%@729,92%@1344,0%@1344] GR3D_FREQ 98% cpu@64.062C soc2@63.281C soc0@63.968C gpu@65.875C tj@65.875C soc1@62.937C VDD_IN 17732mW/17619mW VDD_CPU_GPU_CV 8432mW/8412mW VDD_SOC 4034mW/4020mW
08-11-2026 17:52:36 RAM 7143/7607MB (lfb 3x4MB) SWAP 1412/16384MB (cached 137MB) CPU [2%@729,1%@729,3%@729,2%@729,92%@1344,0%@1344] GR3D_FREQ 98% cpu@64.312C soc2@63.187C soc0@64C gpu@65.812C tj@65.812C soc1@62.937C VDD_IN 17693mW/17619mW VDD_CPU_GPU_CV 8315mW/8412mW VDD_SOC 4112mW/4020mW
08-11-2026 17:52:37 RAM 7143/7607MB (lfb 3x4MB) SWAP 1412/16384MB (cached 137MB) CPU [2%@729,2%@729,2%@729,1%@729,93%@1344,0%@1344] GR3D_FREQ 98% cpu@64.25C soc2@63.25C soc0@64.031C gpu@65.781C tj@65.781C soc1@63C VDD_IN 17654mW/17619mW VDD_CPU_GPU_CV 8159mW/8411mW VDD_SOC 4158mW/4020mW
08-11-2026 17:52:38 RAM 7147/7607MB (lfb 3x4MB) SWAP 1412/16384MB (cached 137MB) CPU [3%@729,18%@729,5%@729,9%@729,92%@1344,0%@1344] GR3D_FREQ 98% cpu@64.093C soc2@63.312C soc0@64.031C gpu@65.812C tj@65.812C soc1@63C VDD_IN 17811mW/17619mW VDD_CPU_GPU_CV 8198mW/8411mW VDD_SOC 4190mW/4020mW
08-11-2026 17:52:39 RAM 7148/7607MB (lfb 3x4MB) SWAP 1412/16384MB (cached 137MB) CPU [1%@729,2%@729,5%@729,3%@729,92%@1344,0%@1344] GR3D_FREQ 98% cpu@64.125C soc2@63.343C soc0@64.062C gpu@65.656C tj@65.656C soc1@62.968C VDD_IN 17654mW/17619mW VDD_CPU_GPU_CV 7925mW/8410mW VDD_SOC 4230mW/4021mW
08-11-2026 17:52:40 RAM 7148/7607MB (lfb 3x4MB) SWAP 1412/16384MB (cached 137MB) CPU [3%@729,1%@729,1%@729,1%@729,93%@1344,0%@1344] GR3D_FREQ 99% cpu@64.437C soc2@63.343C soc0@63.937C gpu@65C tj@65C soc1@63.062C VDD_IN 17575mW/17619mW VDD_CPU_GPU_CV 7886mW/8410mW VDD_SOC 4237mW/4021mW
08-11-2026 17:52:41 RAM 7149/7607MB (lfb 3x4MB) SWAP 1412/16384MB (cached 137MB) CPU [3%@729,2%@729,2%@729,1%@729,92%@1344,0%@1344] GR3D_FREQ 99% cpu@64.406C soc2@63.343C soc0@64C gpu@65.5C tj@65.5C soc1@62.968C VDD_IN 17526mW/17619mW VDD_CPU_GPU_CV 8354mW/8410mW VDD_SOC 4001mW/4021mW
08-11-2026 17:52:42 RAM 7149/7607MB (lfb 3x4MB) SWAP 1412/16384MB (cached 137MB) CPU [2%@729,1%@729,2%@729,2%@729,92%@1344,0%@1344] GR3D_FREQ 99% cpu@64.187C soc2@63.281C soc0@64C gpu@65.562C tj@65.562C soc1@63.031C VDD_IN 17575mW/17619mW VDD_CPU_GPU_CV 8471mW/8410mW VDD_SOC 4001mW/4021mW
08-11-2026 17:52:43 RAM 7150/7607MB (lfb 3x4MB) SWAP 1412/16384MB (cached 137MB) CPU [5%@729,10%@729,17%@729,6%@729,91%@1344,3%@1344] GR3D_FREQ 99% cpu@64.218C soc2@63.406C soc0@63.968C gpu@65.75C tj@65.75C soc1@63.187C VDD_IN 18242mW/17620mW VDD_CPU_GPU_CV 8964mW/8410mW VDD_SOC 4073mW/4021mW
08-11-2026 17:52:44 RAM 7150/7607MB (lfb 3x4MB) SWAP 1412/16384MB (cached 137MB) CPU [3%@729,3%@729,2%@729,1%@729,98%@1344,0%@1344] GR3D_FREQ 97% cpu@64.093C soc2@63.437C soc0@64.062C gpu@65.718C tj@65.718C soc1@62.968C VDD_IN 17811mW/17620mW VDD_CPU_GPU_CV 8862mW/8411mW VDD_SOC 3916mW/4021mW
08-11-2026 17:52:45 RAM 7151/7607MB (lfb 3x4MB) SWAP 1412/16384MB (cached 137MB) CPU [2%@729,0%@729,3%@729,2%@729,94%@1344,0%@1344] GR3D_FREQ 98% cpu@64.125C soc2@63.218C soc0@63.937C gpu@65.781C tj@65.781C soc1@62.937C VDD_IN 17811mW/17621mW VDD_CPU_GPU_CV 8823mW/8412mW VDD_SOC 3955mW/4021mW
08-11-2026 17:52:46 RAM 7151/7607MB (lfb 3x4MB) SWAP 1412/16384MB (cached 137MB) CPU [3%@729,3%@729,2%@729,2%@729,93%@1344,0%@1344] GR3D_FREQ 98% cpu@64.343C soc2@63.25C soc0@63.968C gpu@66.031C tj@66.031C soc1@63C VDD_IN 17811mW/17621mW VDD_CPU_GPU_CV 8744mW/8412mW VDD_SOC 3955mW/4021mW
08-11-2026 17:52:47 RAM 7152/7607MB (lfb 3x4MB) SWAP 1412/16384MB (cached 137MB) CPU [2%@729,2%@729,3%@729,2%@729,92%@1344,0%@1344] GR3D_FREQ 98% cpu@64.218C soc2@63.312C soc0@64.062C gpu@66.031C tj@66.031C soc1@63.062C VDD_IN 17811mW/17621mW VDD_CPU_GPU_CV 8744mW/8413mW VDD_SOC 3955mW/4020mW
08-11-2026 17:52:48 RAM 7152/7607MB (lfb 3x4MB) SWAP 1412/16384MB (cached 137MB) CPU [1%@1190,1%@1190,3%@1190,2%@1190,92%@1344,0%@1344] GR3D_FREQ 98% cpu@64.406C soc2@63.281C soc0@64.062C gpu@65.625C tj@65.625C soc1@63.093C VDD_IN 17811mW/17622mW VDD_CPU_GPU_CV 8666mW/8413mW VDD_SOC 3995mW/4020mW
08-11-2026 17:52:49 RAM 7155/7607MB (lfb 3x4MB) SWAP 1412/16384MB (cached 137MB) CPU [8%@729,5%@729,15%@729,5%@729,92%@1344,0%@1344] GR3D_FREQ 97% cpu@63.968C soc2@63.312C soc0@64C gpu@65.562C tj@65.562C soc1@62.875C VDD_IN 17850mW/17622mW VDD_CPU_GPU_CV 8666mW/8414mW VDD_SOC 3995mW/4020mW
08-11-2026 17:52:50 RAM 7155/7607MB (lfb 3x4MB) SWAP 1412/16384MB (cached 137MB) CPU [2%@729,2%@729,2%@729,1%@729,93%@1344,0%@1344] GR3D_FREQ 98% cpu@64.156C soc2@63.187C soc0@63.937C gpu@65.593C tj@65.593C soc1@62.906C VDD_IN 17732mW/17622mW VDD_CPU_GPU_CV 8549mW/8414mW VDD_SOC 4034mW/4020mW
08-11-2026 17:52:51 RAM 7155/7607MB (lfb 3x4MB) SWAP 1412/16384MB (cached 137MB) CPU [4%@729,2%@729,2%@729,3%@729,92%@1344,0%@1344] GR3D_FREQ 98% cpu@64.218C soc2@63.281C soc0@63.937C gpu@65.468C tj@65.468C soc1@62.906C VDD_IN 17693mW/17622mW VDD_CPU_GPU_CV 8432mW/8414mW VDD_SOC 4073mW/4020mW
08-11-2026 17:52:52 RAM 7155/7607MB (lfb 3x4MB) SWAP 1412/16384MB (cached 137MB) CPU [2%@729,2%@729,1%@729,1%@729,92%@1344,0%@1344] GR3D_FREQ 98% cpu@64.031C soc2@63.125C soc0@63.937C gpu@65.718C tj@65.718C soc1@62.968C VDD_IN 17772mW/17622mW VDD_CPU_GPU_CV 8393mW/8414mW VDD_SOC 4073mW/4021mW
08-11-2026 17:52:53 RAM 7156/7607MB (lfb 3x4MB) SWAP 1412/16384MB (cached 137MB) CPU [3%@729,2%@729,2%@729,1%@729,93%@1344,0%@1344] GR3D_FREQ 98% cpu@64.312C soc2@63.25C soc0@63.906C gpu@65.656C tj@65.656C soc1@63.093C VDD_IN 17693mW/17623mW VDD_CPU_GPU_CV 8198mW/8413mW VDD_SOC 4112mW/4021mW
08-11-2026 17:52:54 RAM 7159/7607MB (lfb 3x4MB) SWAP 1412/16384MB (cached 137MB) CPU [6%@729,12%@729,9%@729,18%@729,92%@1344,0%@1344] GR3D_FREQ 98% cpu@64.031C soc2@63.125C soc0@63.968C gpu@65.718C tj@65.718C soc1@62.906C VDD_IN 17772mW/17623mW VDD_CPU_GPU_CV 8237mW/8413mW VDD_SOC 4190mW/4021mW
08-11-2026 17:52:55 RAM 7159/7607MB (lfb 3x4MB) SWAP 1412/16384MB (cached 137MB) CPU [2%@729,2%@729,0%@729,2%@729,92%@1344,0%@1344] GR3D_FREQ 98% cpu@64.125C soc2@63.25C soc0@63.843C gpu@65.593C tj@65.593C soc1@62.843C VDD_IN 17615mW/17623mW VDD_CPU_GPU_CV 7925mW/8412mW VDD_SOC 4237mW/4021mW
08-11-2026 17:52:56 RAM 7159/7607MB (lfb 3x4MB) SWAP 1412/16384MB (cached 137MB) CPU [3%@729,2%@729,2%@729,3%@729,93%@1344,0%@1344] GR3D_FREQ 99% cpu@64.531C soc2@63.187C soc0@63.875C gpu@64.875C tj@64.875C soc1@62.906C VDD_IN 17526mW/17623mW VDD_CPU_GPU_CV 7847mW/8412mW VDD_SOC 4237mW/4022mW
08-11-2026 17:52:57 RAM 7158/7607MB (lfb 3x4MB) SWAP 1412/16384MB (cached 137MB) CPU [2%@729,3%@729,2%@729,2%@729,91%@1344,0%@1344] GR3D_FREQ 99% cpu@64.093C soc2@63.218C soc0@63.875C gpu@65.281C tj@65.281C soc1@62.968C VDD_IN 17526mW/17622mW VDD_CPU_GPU_CV 8354mW/8411mW VDD_SOC 4040mW/4022mW
08-11-2026 17:52:58 RAM 7159/7607MB (lfb 3x4MB) SWAP 1412/16384MB (cached 137MB) CPU [6%@729,2%@729,1%@729,1%@729,92%@1344,0%@1344] GR3D_FREQ 99% cpu@63.906C soc2@63.218C soc0@63.937C gpu@65.406C tj@65.406C soc1@62.875C VDD_IN 17536mW/17622mW VDD_CPU_GPU_CV 8510mW/8412mW VDD_SOC 4001mW/4022mW
08-11-2026 17:52:59 RAM 7159/7607MB (lfb 3x4MB) SWAP 1412/16384MB (cached 137MB) CPU [9%@729,17%@729,6%@729,4%@729,92%@1344,0%@1344] GR3D_FREQ 99% cpu@64.062C soc2@63.281C soc0@63.968C gpu@65.531C tj@65.531C soc1@62.937C VDD_IN 18242mW/17623mW VDD_CPU_GPU_CV 8886mW/8412mW VDD_SOC 4112mW/4022mW
08-11-2026 17:53:00 RAM 7159/7607MB (lfb 3x4MB) SWAP 1412/16384MB (cached 137MB) CPU [2%@729,2%@729,1%@729,2%@729,98%@1344,0%@1344] GR3D_FREQ 97% cpu@64.156C soc2@63.187C soc0@63.875C gpu@65.531C tj@65.531C soc1@62.843C VDD_IN 17772mW/17623mW VDD_CPU_GPU_CV 8823mW/8413mW VDD_SOC 3916mW/4022mW
08-11-2026 17:53:01 RAM 7159/7607MB (lfb 3x4MB) SWAP 1412/16384MB (cached 137MB) CPU [94%@1344,1%@1344,3%@1344,1%@1344,0%@729,0%@729] GR3D_FREQ 98% cpu@64.531C soc2@63.343C soc0@63.875C gpu@65.656C tj@65.656C soc1@62.937C VDD_IN 17850mW/17624mW VDD_CPU_GPU_CV 8862mW/8414mW VDD_SOC 3955mW/4021mW
08-11-2026 17:53:02 RAM 7159/7607MB (lfb 3x4MB) SWAP 1412/16384MB (cached 137MB) CPU [93%@1344,0%@1344,3%@1344,1%@1344,0%@729,0%@729] GR3D_FREQ 98% cpu@64.031C soc2@63.406C soc0@63.968C gpu@65.812C tj@65.812C soc1@62.968C VDD_IN 17811mW/17624mW VDD_CPU_GPU_CV 8744mW/8414mW VDD_SOC 3955mW/4021mW
08-11-2026 17:53:03 RAM 7159/7607MB (lfb 3x4MB) SWAP 1412/16384MB (cached 137MB) CPU [92%@1344,2%@1344,1%@1344,2%@1344,0%@729,0%@729] GR3D_FREQ 97% cpu@64.125C soc2@63.5C soc0@64C gpu@65.906C tj@65.906C soc1@63.031C VDD_IN 17850mW/17624mW VDD_CPU_GPU_CV 8784mW/8415mW VDD_SOC 3955mW/4021mW
08-11-2026 17:53:04 RAM 7160/7607MB (lfb 3x4MB) SWAP 1412/16384MB (cached 137MB) CPU [92%@1344,12%@1344,3%@1344,3%@1344,0%@729,0%@729] GR3D_FREQ 98% cpu@64.312C soc2@63.437C soc0@64C gpu@65.875C tj@65.875C soc1@62.875C VDD_IN 17929mW/17625mW VDD_CPU_GPU_CV 8784mW/8415mW VDD_SOC 3995mW/4021mW
08-11-2026 17:53:05 RAM 7160/7607MB (lfb 3x4MB) SWAP 1412/16384MB (cached 137MB) CPU [10%@729,0%@729,7%@729,2%@729,90%@1344,2%@1344] GR3D_FREQ 97% cpu@64.062C soc2@63.187C soc0@63.968C gpu@65.843C tj@65.843C soc1@62.906C VDD_IN 17850mW/17625mW VDD_CPU_GPU_CV 8627mW/8415mW VDD_SOC 3995mW/4021mW
08-11-2026 17:53:06 RAM 7161/7607MB (lfb 3x4MB) SWAP 1412/16384MB (cached 137MB) CPU [3%@729,2%@729,4%@729,1%@729,93%@1344,0%@1344] GR3D_FREQ 98% cpu@64.25C soc2@63.093C soc0@63.812C gpu@65.812C tj@65.812C soc1@62.968C VDD_IN 17811mW/17625mW VDD_CPU_GPU_CV 8549mW/8416mW VDD_SOC 4034mW/4021mW
08-11-2026 17:53:07 RAM 7161/7607MB (lfb 3x4MB) SWAP 1412/16384MB (cached 137MB) CPU [1%@729,2%@729,3%@729,0%@729,92%@1344,0%@1344] GR3D_FREQ 97% cpu@64.093C soc2@63.25C soc0@63.937C gpu@65.781C tj@65.781C soc1@63C VDD_IN 17732mW/17626mW VDD_CPU_GPU_CV 8432mW/8416mW VDD_SOC 4073mW/4021mW
08-11-2026 17:53:08 RAM 7162/7607MB (lfb 3x4MB) SWAP 1412/16384MB (cached 137MB) CPU [3%@960,2%@960,2%@960,2%@960,92%@1344,0%@1344] GR3D_FREQ 98% cpu@63.937C soc2@63.343C soc0@63.906C gpu@65.843C tj@65.843C soc1@62.843C VDD_IN 17693mW/17626mW VDD_CPU_GPU_CV 8393mW/8416mW VDD_SOC 4080mW/4021mW
08-11-2026 17:53:09 RAM 7162/7607MB (lfb 3x4MB) SWAP 1412/16384MB (cached 137MB) CPU [3%@729,2%@729,3%@729,0%@729,92%@1344,0%@1344] GR3D_FREQ 98% cpu@63.968C soc2@63.125C soc0@64.031C gpu@65.531C tj@65.531C soc1@62.812C VDD_IN 17693mW/17626mW VDD_CPU_GPU_CV 8198mW/8415mW VDD_SOC 4151mW/4022mW
08-11-2026 17:53:10 RAM 7164/7607MB (lfb 3x4MB) SWAP 1412/16384MB (cached 137MB) CPU [9%@729,12%@729,10%@729,7%@729,93%@1344,0%@1344] GR3D_FREQ 98% cpu@64.031C soc2@63.187C soc0@63.812C gpu@65.531C tj@65.531C soc1@62.875C VDD_IN 17811mW/17626mW VDD_CPU_GPU_CV 8198mW/8415mW VDD_SOC 4190mW/4022mW
08-11-2026 17:53:11 RAM 7165/7607MB (lfb 3x4MB) SWAP 1412/16384MB (cached 137MB) CPU [2%@729,2%@729,3%@729,2%@729,91%@1344,0%@1344] GR3D_FREQ 98% cpu@64.312C soc2@63.218C soc0@63.937C gpu@65.468C tj@65.468C soc1@62.937C VDD_IN 17654mW/17626mW VDD_CPU_GPU_CV 7964mW/8414mW VDD_SOC 4230mW/4022mW
08-11-2026 17:53:12 RAM 7165/7607MB (lfb 3x4MB) SWAP 1412/16384MB (cached 137MB) CPU [4%@729,0%@729,2%@729,2%@729,91%@1344,0%@1344] GR3D_FREQ 99% cpu@64.218C soc2@63.312C soc0@63.875C gpu@64.906C tj@64.906C soc1@62.937C VDD_IN 17575mW/17626mW VDD_CPU_GPU_CV 7808mW/8413mW VDD_SOC 4276mW/4022mW
08-11-2026 17:53:13 RAM 7166/7607MB (lfb 3x4MB) SWAP 1412/16384MB (cached 137MB) CPU [3%@729,2%@729,1%@729,2%@729,93%@1344,0%@1344] GR3D_FREQ 99% cpu@64.125C soc2@63.312C soc0@64.031C gpu@65.468C tj@65.468C soc1@62.843C VDD_IN 17536mW/17626mW VDD_CPU_GPU_CV 8354mW/8413mW VDD_SOC 4080mW/4023mW
08-11-2026 17:53:14 RAM 7166/7607MB (lfb 3x4MB) SWAP 1412/16384MB (cached 137MB) CPU [2%@729,2%@729,2%@729,2%@729,92%@1344,0%@1344] GR3D_FREQ 99% cpu@63.906C soc2@63.187C soc0@64C gpu@65.468C tj@65.468C soc1@62.937C VDD_IN 17536mW/17626mW VDD_CPU_GPU_CV 8549mW/8414mW VDD_SOC 3962mW/4022mW
08-11-2026 17:53:15 RAM 7170/7607MB (lfb 3x4MB) SWAP 1412/16384MB (cached 137MB) CPU [7%@729,4%@729,19%@729,13%@729,91%@1344,0%@1344] GR3D_FREQ 99% cpu@64.156C soc2@63.343C soc0@63.843C gpu@65.718C tj@65.718C soc1@62.937C VDD_IN 18125mW/17627mW VDD_CPU_GPU_CV 8862mW/8414mW VDD_SOC 4073mW/4023mW
08-11-2026 17:53:16 RAM 7170/7607MB (lfb 3x4MB) SWAP 1412/16384MB (cached 137MB) CPU [2%@729,1%@729,3%@729,2%@729,97%@1344,0%@1344] GR3D_FREQ 98% cpu@64.187C soc2@63.187C soc0@63.906C gpu@65.468C tj@65.468C soc1@62.875C VDD_IN 17732mW/17627mW VDD_CPU_GPU_CV 8744mW/8415mW VDD_SOC 3955mW/4022mW
08-11-2026 17:53:17 RAM 7170/7607MB (lfb 3x4MB) SWAP 1412/16384MB (cached 137MB) CPU [2%@729,2%@729,1%@729,3%@729,95%@1344,0%@1344] GR3D_FREQ 98% cpu@63.937C soc2@63.281C soc0@63.906C gpu@65.593C tj@65.593C soc1@63.031C VDD_IN 17889mW/17627mW VDD_CPU_GPU_CV 8862mW/8415mW VDD_SOC 3955mW/4022mW
08-11-2026 17:53:18 RAM 7171/7607MB (lfb 3x4MB) SWAP 1412/16384MB (cached 137MB) CPU [4%@729,2%@729,1%@729,2%@729,93%@1344,0%@1344] GR3D_FREQ 98% cpu@64.031C soc2@63.312C soc0@64.062C gpu@65.562C tj@65.562C soc1@62.812C VDD_IN 17850mW/17627mW VDD_CPU_GPU_CV 8744mW/8416mW VDD_SOC 3955mW/4022mW
08-11-2026 17:53:19 RAM 7172/7607MB (lfb 3x4MB) SWAP 1412/16384MB (cached 137MB) CPU [3%@729,0%@729,3%@729,1%@729,92%@1344,0%@1344] GR3D_FREQ 98% cpu@64.031C soc2@63.218C soc0@63.968C gpu@65.656C tj@65.656C soc1@62.875C VDD_IN 17811mW/17628mW VDD_CPU_GPU_CV 8784mW/8416mW VDD_SOC 3955mW/4022mW
08-11-2026 17:53:20 RAM 7173/7607MB (lfb 3x4MB) SWAP 1412/16384MB (cached 137MB) CPU [8%@806,5%@806,4%@806,17%@806,92%@1344,0%@1344] GR3D_FREQ 98% cpu@64.218C soc2@63.218C soc0@63.875C gpu@65.718C tj@65.718C soc1@62.812C VDD_IN 18046mW/17628mW VDD_CPU_GPU_CV 8862mW/8417mW VDD_SOC 3995mW/4022mW
08-11-2026 17:53:21 RAM 7173/7607MB (lfb 3x4MB) SWAP 1412/16384MB (cached 137MB) CPU [2%@729,2%@729,2%@729,2%@729,92%@1344,0%@1344] GR3D_FREQ 98% cpu@64.187C soc2@63.312C soc0@63.906C gpu@65.75C tj@65.75C soc1@62.906C VDD_IN 17811mW/17628mW VDD_CPU_GPU_CV 8705mW/8417mW VDD_SOC 3995mW/4022mW
08-11-2026 17:53:22 RAM 7174/7607MB (lfb 3x4MB) SWAP 1412/16384MB (cached 137MB) CPU [2%@729,2%@729,1%@729,2%@729,92%@1344,0%@1344] GR3D_FREQ 98% cpu@63.968C soc2@63.25C soc0@63.906C gpu@65.812C tj@65.812C soc1@63C VDD_IN 17811mW/17629mW VDD_CPU_GPU_CV 8588mW/8418mW VDD_SOC 4034mW/4022mW
08-11-2026 17:53:24 RAM 7175/7607MB (lfb 3x4MB) SWAP 1412/16384MB (cached 137MB) CPU [3%@729,3%@729,1%@729,2%@729,92%@1344,0%@1344] GR3D_FREQ 97% cpu@64.031C soc2@63.312C soc0@64.031C gpu@65.718C tj@65.718C soc1@62.906C VDD_IN 17732mW/17629mW VDD_CPU_GPU_CV 8432mW/8418mW VDD_SOC 4073mW/4022mW
08-11-2026 17:53:25 RAM 7175/7607MB (lfb 3x4MB) SWAP 1412/16384MB (cached 137MB) CPU [2%@729,1%@729,4%@729,2%@729,93%@1344,0%@1344] GR3D_FREQ 98% cpu@64.031C soc2@63.156C soc0@63.906C gpu@65.75C tj@65.75C soc1@62.875C VDD_IN 17732mW/17629mW VDD_CPU_GPU_CV 8354mW/8418mW VDD_SOC 4112mW/4022mW
08-11-2026 17:53:26 RAM 7176/7607MB (lfb 3x4MB) SWAP 1412/16384MB (cached 137MB) CPU [4%@729,3%@729,3%@729,2%@729,92%@1344,0%@1344] GR3D_FREQ 98% cpu@64.031C soc2@63.281C soc0@63.875C gpu@65.562C tj@65.562C soc1@62.937C VDD_IN 17732mW/17629mW VDD_CPU_GPU_CV 8237mW/8417mW VDD_SOC 4151mW/4022mW
08-11-2026 17:53:27 RAM 7156/7607MB (lfb 3x4MB) SWAP 1412/16384MB (cached 137MB) CPU [4%@729,8%@729,18%@729,7%@729,91%@1344,1%@1344] GR3D_FREQ 98% cpu@64.125C soc2@63.312C soc0@63.906C gpu@65.562C tj@65.562C soc1@62.906C VDD_IN 17772mW/17629mW VDD_CPU_GPU_CV 8159mW/8417mW VDD_SOC 4190mW/4023mW
08-11-2026 17:53:28 RAM 7157/7607MB (lfb 3x4MB) SWAP 1412/16384MB (cached 137MB) CPU [3%@729,1%@729,1%@729,0%@729,93%@1344,0%@1344] GR3D_FREQ 98% cpu@64C soc2@63.218C soc0@63.937C gpu@65.406C tj@65.406C soc1@62.937C VDD_IN 17654mW/17629mW VDD_CPU_GPU_CV 7925mW/8416mW VDD_SOC 4230mW/4023mW
08-11-2026 17:53:29 RAM 7158/7607MB (lfb 3x4MB) SWAP 1412/16384MB (cached 137MB) CPU [1%@729,0%@729,2%@729,3%@729,92%@1344,0%@1344] GR3D_FREQ 99% cpu@64.375C soc2@63.281C soc0@63.968C gpu@64.937C tj@64.937C soc1@62.843C VDD_IN 17565mW/17629mW VDD_CPU_GPU_CV 7808mW/8415mW VDD_SOC 4276mW/4023mW
08-11-2026 17:53:30 RAM 7158/7607MB (lfb 3x4MB) SWAP 1412/16384MB (cached 137MB) CPU [4%@729,1%@729,3%@729,1%@729,92%@1344,0%@1344] GR3D_FREQ 99% cpu@64.093C soc2@63.25C soc0@63.812C gpu@65.375C tj@65.375C soc1@62.875C VDD_IN 17536mW/17629mW VDD_CPU_GPU_CV 8354mW/8415mW VDD_SOC 4080mW/4023mW
08-11-2026 17:53:31 RAM 7159/7607MB (lfb 3x4MB) SWAP 1412/16384MB (cached 137MB) CPU [2%@729,2%@729,4%@729,2%@729,92%@1344,0%@1344] GR3D_FREQ 99% cpu@64.218C soc2@63.187C soc0@63.875C gpu@65.75C tj@65.75C soc1@63C VDD_IN 17615mW/17629mW VDD_CPU_GPU_CV 8588mW/8416mW VDD_SOC 3962mW/4023mW
08-11-2026 17:53:32 RAM 7166/7607MB (lfb 3x4MB) SWAP 1412/16384MB (cached 137MB) CPU [6%@729,7%@729,21%@729,8%@729,89%@1344,0%@1344] GR3D_FREQ 99% cpu@64.25C soc2@63.218C soc0@64C gpu@65.937C tj@65.937C soc1@62.937C VDD_IN 18046mW/17630mW VDD_CPU_GPU_CV 8784mW/8416mW VDD_SOC 4073mW/4023mW
08-11-2026 17:53:33 RAM 7166/7607MB (lfb 2x4MB) SWAP 1412/16384MB (cached 136MB) CPU [64%@1344,49%@1344,61%@1344,48%@1344,43%@1344,43%@1344] GR3D_FREQ 0% cpu@63.875C soc2@62.593C soc0@63.593C gpu@63.312C tj@63.875C soc1@62.687C VDD_IN 8996mW/17618mW VDD_CPU_GPU_CV 3095mW/8409mW VDD_SOC 2185mW/4021mW
08-11-2026 17:53:34 RAM 7193/7607MB (lfb 3x4MB) SWAP 1412/16384MB (cached 136MB) CPU [98%@1344,25%@1344,24%@1344,25%@1344,23%@729,22%@729] GR3D_FREQ 98% cpu@63.5C soc2@62.718C soc0@63.593C gpu@65.281C tj@65.281C soc1@62.625C VDD_IN 15822mW/17615mW VDD_CPU_GPU_CV 7520mW/8407mW VDD_SOC 3497mW/4020mW
08-11-2026 17:53:35 RAM 7193/7607MB (lfb 3x4MB) SWAP 1412/16384MB (cached 136MB) CPU [92%@1344,1%@1344,2%@1344,1%@1344,0%@729,0%@729] GR3D_FREQ 97% cpu@63.937C soc2@62.968C soc0@63.593C gpu@65.531C tj@65.531C soc1@62.656C VDD_IN 17683mW/17615mW VDD_CPU_GPU_CV 8588mW/8408mW VDD_SOC 3962mW/4020mW
08-11-2026 17:53:36 RAM 7195/7607MB (lfb 3x4MB) SWAP 1412/16384MB (cached 136MB) CPU [92%@1344,1%@1344,2%@1344,5%@1344,0%@729,0%@729] GR3D_FREQ 97% cpu@63.875C soc2@63.031C soc0@63.656C gpu@65.75C tj@65.75C soc1@62.718C VDD_IN 17811mW/17615mW VDD_CPU_GPU_CV 8588mW/8408mW VDD_SOC 4034mW/4020mW
08-11-2026 17:53:37 RAM 7200/7607MB (lfb 3x4MB) SWAP 1412/16384MB (cached 136MB) CPU [93%@1344,5%@1344,7%@1344,9%@1344,10%@729,0%@729] GR3D_FREQ 99% cpu@64.125C soc2@63.218C soc0@63.718C gpu@65.187C tj@65.187C soc1@62.781C VDD_IN 17968mW/17616mW VDD_CPU_GPU_CV 8627mW/8408mW VDD_SOC 4073mW/4020mW
08-11-2026 17:53:38 RAM 7200/7607MB (lfb 3x4MB) SWAP 1412/16384MB (cached 136MB) CPU [92%@1344,3%@1344,2%@1344,1%@1344,0%@729,0%@729] GR3D_FREQ 98% cpu@63.812C soc2@63.125C soc0@63.687C gpu@65.312C tj@65.312C soc1@62.875C VDD_IN 17811mW/17616mW VDD_CPU_GPU_CV 8432mW/8408mW VDD_SOC 4112mW/4020mW
08-11-2026 17:53:39 RAM 7200/7607MB (lfb 3x4MB) SWAP 1412/16384MB (cached 136MB) CPU [74%@729,2%@729,2%@729,2%@729,18%@1344,0%@1344] GR3D_FREQ 98% cpu@63.781C soc2@63.062C soc0@63.687C gpu@65.312C tj@65.312C soc1@62.656C VDD_IN 17693mW/17616mW VDD_CPU_GPU_CV 8237mW/8408mW VDD_SOC 4158mW/4020mW
08-11-2026 17:53:40 RAM 7200/7607MB (lfb 3x4MB) SWAP 1412/16384MB (cached 136MB) CPU [1%@729,0%@729,3%@729,2%@729,92%@1344,0%@1344] GR3D_FREQ 98% cpu@63.843C soc2@63.062C soc0@63.812C gpu@65.406C tj@65.406C soc1@62.812C VDD_IN 17693mW/17616mW VDD_CPU_GPU_CV 8120mW/8408mW VDD_SOC 4197mW/4021mW
08-11-2026 17:53:41 RAM 7200/7607MB (lfb 3x4MB) SWAP 1412/16384MB (cached 136MB) CPU [2%@729,2%@729,1%@729,3%@729,93%@1344,0%@1344] GR3D_FREQ 98% cpu@64.281C soc2@63.062C soc0@63.718C gpu@65.312C tj@65.312C soc1@62.718C VDD_IN 17654mW/17616mW VDD_CPU_GPU_CV 8003mW/8407mW VDD_SOC 4230mW/4021mW
08-11-2026 17:53:42 RAM 7203/7607MB (lfb 3x4MB) SWAP 1412/16384MB (cached 136MB) CPU [48%@1344,13%@1344,23%@1344,14%@1344,74%@1344,34%@1344] GR3D_FREQ 99% cpu@64.312C soc2@63.187C soc0@63.718C gpu@64.906C tj@64.781C soc1@62.812C VDD_IN 18242mW/17617mW VDD_CPU_GPU_CV 8471mW/8407mW VDD_SOC 4230mW/4021mW
08-11-2026 17:53:43 RAM 7195/7607MB (lfb 3x4MB) SWAP 1412/16384MB (cached 136MB) CPU [37%@1344,79%@1344,10%@1344,14%@1344,65%@1344,17%@1344] GR3D_FREQ 99% cpu@63.875C soc2@63.125C soc0@63.718C gpu@65.25C tj@65.25C soc1@62.687C VDD_IN 18164mW/17618mW VDD_CPU_GPU_CV 8979mW/8408mW VDD_SOC 4034mW/4021mW
08-11-2026 17:53:44 RAM 7201/7607MB (lfb 3x4MB) SWAP 1412/16384MB (cached 136MB) CPU [7%@1344,29%@1344,67%@1344,7%@1344,92%@1344,0%@1344] GR3D_FREQ 99% cpu@64.031C soc2@63.187C soc0@63.937C gpu@65.375C tj@65.375C soc1@62.718C VDD_IN 18282mW/17619mW VDD_CPU_GPU_CV 9096mW/8409mW VDD_SOC 3995mW/4021mW
08-11-2026 17:53:45 RAM 7201/7607MB (lfb 3x4MB) SWAP 1412/16384MB (cached 136MB) CPU [2%@729,16%@729,1%@729,3%@729,93%@729,0%@729] GR3D_FREQ 99% cpu@63.937C soc2@63.062C soc0@63.656C gpu@65.531C tj@65.531C soc1@62.781C VDD_IN 18085mW/17620mW VDD_CPU_GPU_CV 8964mW/8410mW VDD_SOC 3995mW/4021mW
08-11-2026 17:53:46 RAM 7203/7607MB (lfb 2x4MB) SWAP 1412/16384MB (cached 136MB) CPU [3%@729,3%@729,5%@729,2%@729,99%@1344,0%@1344] GR3D_FREQ 98% cpu@64.062C soc2@63.031C soc0@63.75C gpu@65.406C tj@65.406C soc1@62.812C VDD_IN 17889mW/17620mW VDD_CPU_GPU_CV 8901mW/8410mW VDD_SOC 3955mW/4021mW
08-11-2026 17:53:47 RAM 7203/7607MB (lfb 2x4MB) SWAP 1412/16384MB (cached 136MB) CPU [3%@729,1%@729,2%@729,1%@729,93%@1344,0%@1344] GR3D_FREQ 98% cpu@64C soc2@63.062C soc0@63.75C gpu@65.343C tj@65.343C soc1@62.812C VDD_IN 17850mW/17620mW VDD_CPU_GPU_CV 8784mW/8411mW VDD_SOC 3955mW/4021mW
08-11-2026 17:53:48 RAM 7202/7607MB (lfb 2x4MB) SWAP 1411/16384MB (cached 136MB) CPU [48%@1344,49%@1344,45%@1344,32%@1344,76%@1344,52%@1344] GR3D_FREQ 98% cpu@64.062C soc2@63.187C soc0@63.843C gpu@65.75C tj@65.75C soc1@62.718C VDD_IN 18722mW/17622mW VDD_CPU_GPU_CV 9588mW/8412mW VDD_SOC 3995mW/4021mW
08-11-2026 17:53:49 RAM 7203/7607MB (lfb 2x4MB) SWAP 1411/16384MB (cached 136MB) CPU [3%@729,11%@729,6%@729,2%@729,92%@1344,0%@1344] GR3D_FREQ 98% cpu@63.875C soc2@63.062C soc0@63.843C gpu@65.656C tj@65.656C soc1@62.781C VDD_IN 17968mW/17622mW VDD_CPU_GPU_CV 8823mW/8413mW VDD_SOC 3995mW/4021mW
08-11-2026 17:53:50 RAM 7203/7607MB (lfb 2x4MB) SWAP 1411/16384MB (cached 136MB) CPU [1%@729,4%@729,2%@729,1%@729,92%@1344,0%@1344] GR3D_FREQ 97% cpu@64.031C soc2@63.031C soc0@63.718C gpu@65.562C tj@65.562C soc1@62.812C VDD_IN 17811mW/17623mW VDD_CPU_GPU_CV 8627mW/8413mW VDD_SOC 3995mW/4021mW
08-11-2026 17:53:51 RAM 7203/7607MB (lfb 2x4MB) SWAP 1411/16384MB (cached 136MB) CPU [2%@729,2%@729,3%@729,1%@729,92%@1344,0%@1344] GR3D_FREQ 98% cpu@64.093C soc2@63.062C soc0@63.812C gpu@65.75C tj@65.75C soc1@62.812C VDD_IN 17850mW/17623mW VDD_CPU_GPU_CV 8627mW/8414mW VDD_SOC 4034mW/4021mW
08-11-2026 17:53:52 RAM 7204/7607MB (lfb 2x4MB) SWAP 1411/16384MB (cached 136MB) CPU [3%@729,2%@729,2%@729,1%@729,92%@1344,0%@1344] GR3D_FREQ 99% cpu@64.093C soc2@63.031C soc0@63.875C gpu@65.625C tj@65.625C soc1@62.875C VDD_IN 17772mW/17623mW VDD_CPU_GPU_CV 8510mW/8414mW VDD_SOC 4073mW/4021mW
08-11-2026 17:53:53 RAM 7206/7607MB (lfb 2x4MB) SWAP 1411/16384MB (cached 136MB) CPU [20%@729,4%@729,4%@729,1%@729,92%@1344,0%@1344] GR3D_FREQ 98% cpu@63.968C soc2@63.125C soc0@63.75C gpu@65.718C tj@65.718C soc1@62.812C VDD_IN 18007mW/17624mW VDD_CPU_GPU_CV 8627mW/8414mW VDD_SOC 4112mW/4021mW
08-11-2026 17:53:54 RAM 7208/7607MB (lfb 2x4MB) SWAP 1411/16384MB (cached 136MB) CPU [67%@729,21%@729,5%@729,8%@729,91%@1344,0%@1344] GR3D_FREQ 98% cpu@64.093C soc2@63.125C soc0@63.968C gpu@65.5C tj@65.5C soc1@62.75C VDD_IN 18282mW/17625mW VDD_CPU_GPU_CV 8823mW/8415mW VDD_SOC 4151mW/4021mW
08-11-2026 17:53:55 RAM 7208/7607MB (lfb 2x4MB) SWAP 1411/16384MB (cached 135MB) CPU [6%@729,2%@729,1%@729,2%@729,92%@1344,2%@1344] GR3D_FREQ 98% cpu@64.125C soc2@63.093C soc0@63.843C gpu@65.437C tj@65.437C soc1@62.812C VDD_IN 17811mW/17625mW VDD_CPU_GPU_CV 8276mW/8414mW VDD_SOC 4190mW/4022mW
08-11-2026 17:53:56 RAM 7208/7607MB (lfb 2x4MB) SWAP 1411/16384MB (cached 135MB) CPU [3%@729,1%@729,1%@729,1%@729,92%@1344,0%@1344] GR3D_FREQ 98% cpu@64.187C soc2@63.093C soc0@63.843C gpu@65.343C tj@65.343C soc1@62.906C VDD_IN 17693mW/17625mW VDD_CPU_GPU_CV 8042mW/8414mW VDD_SOC 4230mW/4022mW
08-11-2026 17:53:57 RAM 7209/7607MB (lfb 2x4MB) SWAP 1411/16384MB (cached 135MB) CPU [0%@729,3%@729,2%@729,2%@729,92%@1344,0%@1344] GR3D_FREQ 99% cpu@64.093C soc2@63.093C soc0@63.781C gpu@65.062C tj@65.062C soc1@62.75C VDD_IN 17654mW/17625mW VDD_CPU_GPU_CV 7847mW/8413mW VDD_SOC 4269mW/4022mW
08-11-2026 17:53:58 RAM 7202/7607MB (lfb 2x4MB) SWAP 1411/16384MB (cached 135MB) CPU [5%@729,5%@729,1%@729,1%@729,93%@1344,0%@1344] GR3D_FREQ 99% cpu@64.093C soc2@63.218C soc0@63.843C gpu@65.281C tj@65.281C soc1@62.718C VDD_IN 17615mW/17625mW VDD_CPU_GPU_CV 8237mW/8413mW VDD_SOC 4119mW/4022mW
08-11-2026 17:53:59 RAM 7205/7607MB (lfb 2x4MB) SWAP 1411/16384MB (cached 135MB) CPU [10%@729,9%@729,14%@729,7%@729,92%@1344,0%@1344] GR3D_FREQ 99% cpu@64.031C soc2@63.062C soc0@63.781C gpu@65.906C tj@65.906C soc1@62.75C VDD_IN 17654mW/17625mW VDD_CPU_GPU_CV 8588mW/8413mW VDD_SOC 3995mW/4022mW
08-11-2026 17:54:00 RAM 7206/7607MB (lfb 2x4MB) SWAP 1411/16384MB (cached 135MB) CPU [4%@729,2%@729,2%@729,1%@729,92%@1344,0%@1344] GR3D_FREQ 99% cpu@63.937C soc2@63.125C soc0@63.718C gpu@65.843C tj@65.843C soc1@62.843C VDD_IN 17811mW/17625mW VDD_CPU_GPU_CV 8705mW/8413mW VDD_SOC 4034mW/4022mW
08-11-2026 17:54:01 RAM 7206/7607MB (lfb 2x4MB) SWAP 1411/16384MB (cached 135MB) CPU [4%@729,1%@729,2%@729,0%@729,95%@1036,0%@1036] GR3D_FREQ 99% cpu@64.187C soc2@63.125C soc0@63.843C gpu@65.343C tj@65.343C soc1@62.875C VDD_IN 17850mW/17626mW VDD_CPU_GPU_CV 8823mW/8414mW VDD_SOC 3955mW/4022mW
08-11-2026 17:54:02 RAM 7204/7607MB (lfb 2x4MB) SWAP 1411/16384MB (cached 135MB) CPU [2%@729,2%@729,4%@729,3%@729,98%@1344,0%@1344] GR3D_FREQ 98% cpu@63.843C soc2@63.093C soc0@63.937C gpu@65.406C tj@65.406C soc1@62.75C VDD_IN 17889mW/17626mW VDD_CPU_GPU_CV 8862mW/8415mW VDD_SOC 3955mW/4022mW
08-11-2026 17:54:03 RAM 7205/7607MB (lfb 2x4MB) SWAP 1411/16384MB (cached 135MB) CPU [4%@729,2%@729,1%@729,1%@729,92%@1344,0%@1344] GR3D_FREQ 98% cpu@63.937C soc2@63.062C soc0@63.906C gpu@65.375C tj@65.375C soc1@62.75C VDD_IN 17850mW/17626mW VDD_CPU_GPU_CV 8784mW/8415mW VDD_SOC 3955mW/4022mW
08-11-2026 17:54:04 RAM 7209/7607MB (lfb 2x4MB) SWAP 1411/16384MB (cached 135MB) CPU [4%@729,7%@729,9%@729,19%@729,92%@1344,1%@1344] GR3D_FREQ 97% cpu@64.031C soc2@63.062C soc0@63.75C gpu@65.625C tj@65.625C soc1@62.812C VDD_IN 18007mW/17627mW VDD_CPU_GPU_CV 8901mW/8416mW VDD_SOC 3955mW/4022mW
08-11-2026 17:54:05 RAM 7210/7607MB (lfb 2x4MB) SWAP 1411/16384MB (cached 135MB) CPU [2%@729,1%@729,1%@729,1%@729,92%@1344,4%@1344] GR3D_FREQ 98% cpu@64C soc2@63.031C soc0@63.843C gpu@65.687C tj@65.687C soc1@62.812C VDD_IN 17850mW/17627mW VDD_CPU_GPU_CV 8744mW/8416mW VDD_SOC 3995mW/4022mW
08-11-2026 17:54:06 RAM 7212/7607MB (lfb 1x4MB) SWAP 1411/16384MB (cached 135MB) CPU [2%@729,3%@729,2%@729,2%@729,92%@1344,0%@1344] GR3D_FREQ 97% cpu@64.156C soc2@63.218C soc0@63.812C gpu@65.562C tj@65.562C soc1@62.875C VDD_IN 17811mW/17627mW VDD_CPU_GPU_CV 8627mW/8417mW VDD_SOC 4034mW/4022mW
08-11-2026 17:54:07 RAM 7210/7607MB (lfb 2x4MB) SWAP 1411/16384MB (cached 135MB) CPU [2%@729,2%@729,1%@729,1%@729,92%@1344,0%@1344] GR3D_FREQ 98% cpu@63.906C soc2@63.218C soc0@63.875C gpu@65.562C tj@65.562C soc1@62.812C VDD_IN 17850mW/17628mW VDD_CPU_GPU_CV 8627mW/8417mW VDD_SOC 4034mW/4022mW
08-11-2026 17:54:08 RAM 7211/7607MB (lfb 2x4MB) SWAP 1411/16384MB (cached 135MB) CPU [3%@729,3%@729,0%@729,1%@729,92%@1344,0%@1344] GR3D_FREQ 98% cpu@64C soc2@63.062C soc0@63.718C gpu@65.468C tj@65.468C soc1@62.812C VDD_IN 17811mW/17628mW VDD_CPU_GPU_CV 8510mW/8417mW VDD_SOC 4073mW/4022mW
08-11-2026 17:54:09 RAM 7213/7607MB (lfb 2x4MB) SWAP 1411/16384MB (cached 135MB) CPU [8%@729,4%@729,8%@729,18%@729,92%@1344,0%@1344] GR3D_FREQ 98% cpu@64.125C soc2@63.156C soc0@63.843C gpu@65.5C tj@65.5C soc1@62.843C VDD_IN 18046mW/17628mW VDD_CPU_GPU_CV 8627mW/8417mW VDD_SOC 4112mW/4022mW
08-11-2026 17:54:10 RAM 7213/7607MB (lfb 2x4MB) SWAP 1411/16384MB (cached 135MB) CPU [4%@729,2%@729,2%@729,1%@729,92%@1344,0%@1344] GR3D_FREQ 98% cpu@63.937C soc2@63.156C soc0@63.875C gpu@65.375C tj@65.375C soc1@62.875C VDD_IN 17811mW/17629mW VDD_CPU_GPU_CV 8315mW/8417mW VDD_SOC 4151mW/4022mW
08-11-2026 17:54:11 RAM 7214/7607MB (lfb 2x4MB) SWAP 1411/16384MB (cached 135MB) CPU [2%@729,2%@729,2%@729,1%@729,91%@1344,0%@1344] GR3D_FREQ 98% cpu@63.937C soc2@63.25C soc0@63.937C gpu@65.5C tj@65.5C soc1@62.812C VDD_IN 17772mW/17629mW VDD_CPU_GPU_CV 8198mW/8417mW VDD_SOC 4151mW/4022mW
08-11-2026 17:54:12 RAM 7211/7607MB (lfb 2x4MB) SWAP 1411/16384MB (cached 135MB) CPU [4%@1344,4%@1344,2%@1344,4%@1344,93%@1344,1%@1344] GR3D_FREQ 98% cpu@64.062C soc2@63.125C soc0@63.968C gpu@65.375C tj@65.375C soc1@62.875C VDD_IN 17772mW/17629mW VDD_CPU_GPU_CV 8120mW/8416mW VDD_SOC 4230mW/4023mW
08-11-2026 17:54:13 RAM 7212/7607MB (lfb 2x4MB) SWAP 1411/16384MB (cached 135MB) CPU [5%@729,1%@729,1%@729,4%@729,92%@1344,0%@1344] GR3D_FREQ 99% cpu@64.343C soc2@63.156C soc0@63.906C gpu@65.25C tj@65.25C soc1@62.812C VDD_IN 17615mW/17629mW VDD_CPU_GPU_CV 7808mW/8416mW VDD_SOC 4308mW/4023mW
08-11-2026 17:54:14 RAM 7212/7607MB (lfb 2x4MB) SWAP 1411/16384MB (cached 135MB) CPU [4%@1344,2%@1344,4%@1344,3%@1344,92%@1344,0%@1344] GR3D_FREQ 99% cpu@64.625C soc2@63.093C soc0@63.906C gpu@65.375C tj@65.375C soc1@62.906C VDD_IN 17615mW/17629mW VDD_CPU_GPU_CV 8354mW/8415mW VDD_SOC 4080mW/4023mW
08-11-2026 17:54:15 RAM 7215/7607MB (lfb 2x4MB) SWAP 1411/16384MB (cached 135MB) CPU [6%@729,12%@729,11%@729,5%@729,93%@1344,0%@1344] GR3D_FREQ 99% cpu@63.812C soc2@63.218C soc0@63.875C gpu@65.687C tj@65.687C soc1@62.968C VDD_IN 17615mW/17629mW VDD_CPU_GPU_CV 8627mW/8416mW VDD_SOC 3962mW/4023mW
08-11-2026 17:54:16 RAM 7217/7607MB (lfb 2x4MB) SWAP 1411/16384MB (cached 135MB) CPU [0%@729,4%@729,1%@729,2%@729,92%@1344,0%@1344] GR3D_FREQ 99% cpu@64C soc2@63.312C soc0@64.062C gpu@65.875C tj@65.875C soc1@62.968C VDD_IN 17968mW/17629mW VDD_CPU_GPU_CV 8784mW/8416mW VDD_SOC 4073mW/4023mW
08-11-2026 17:54:17 RAM 7215/7607MB (lfb 2x4MB) SWAP 1411/16384MB (cached 135MB) CPU [2%@729,3%@729,1%@729,3%@729,95%@1190,0%@1190] GR3D_FREQ 98% cpu@64.031C soc2@63.093C soc0@63.968C gpu@65.437C tj@65.437C soc1@62.843C VDD_IN 17811mW/17630mW VDD_CPU_GPU_CV 8744mW/8417mW VDD_SOC 3955mW/4023mW
08-11-2026 17:54:18 RAM 7216/7607MB (lfb 2x4MB) SWAP 1411/16384MB (cached 135MB) CPU [1%@729,1%@729,2%@729,1%@729,97%@1344,0%@1344] GR3D_FREQ 98% cpu@64.187C soc2@63.093C soc0@63.718C gpu@65.593C tj@65.593C soc1@62.812C VDD_IN 17929mW/17630mW VDD_CPU_GPU_CV 8862mW/8417mW VDD_SOC 3955mW/4023mW
08-11-2026 17:54:19 RAM 7216/7607MB (lfb 2x4MB) SWAP 1411/16384MB (cached 135MB) CPU [3%@729,2%@729,3%@729,3%@729,92%@1344,0%@1344] GR3D_FREQ 98% cpu@64.125C soc2@63.187C soc0@63.843C gpu@65.531C tj@65.531C soc1@62.937C VDD_IN 17889mW/17630mW VDD_CPU_GPU_CV 8823mW/8418mW VDD_SOC 3955mW/4023mW
08-11-2026 17:54:20 RAM 7218/7607MB (lfb 2x4MB) SWAP 1411/16384MB (cached 135MB) CPU [7%@729,4%@729,8%@729,17%@729,92%@1344,0%@1344] GR3D_FREQ 98% cpu@63.875C soc2@63.218C soc0@63.875C gpu@65.593C tj@65.593C soc1@62.968C VDD_IN 18007mW/17631mW VDD_CPU_GPU_CV 8901mW/8418mW VDD_SOC 3995mW/4023mW
08-11-2026 17:54:21 RAM 7218/7607MB (lfb 2x4MB) SWAP 1411/16384MB (cached 135MB) CPU [3%@729,2%@729,2%@729,2%@729,92%@1344,0%@1344] GR3D_FREQ 97% cpu@63.968C soc2@63.062C soc0@63.968C gpu@65.875C tj@65.875C soc1@62.75C VDD_IN 17889mW/17631mW VDD_CPU_GPU_CV 8744mW/8419mW VDD_SOC 3995mW/4023mW
08-11-2026 17:54:22 RAM 7219/7607MB (lfb 2x4MB) SWAP 1411/16384MB (cached 135MB) CPU [0%@729,2%@729,1%@729,1%@729,92%@1344,0%@1344] GR3D_FREQ 97% cpu@64.093C soc2@63.187C soc0@63.781C gpu@65.75C tj@65.75C soc1@62.843C VDD_IN 17811mW/17631mW VDD_CPU_GPU_CV 8627mW/8419mW VDD_SOC 4034mW/4023mW
08-11-2026 17:54:23 RAM 7219/7607MB (lfb 2x4MB) SWAP 1411/16384MB (cached 135MB) CPU [1%@729,3%@729,1%@729,2%@729,92%@1344,0%@1344] GR3D_FREQ 98% cpu@64.156C soc2@63.156C soc0@63.843C gpu@65.875C tj@65.875C soc1@62.875C VDD_IN 17850mW/17632mW VDD_CPU_GPU_CV 8627mW/8419mW VDD_SOC 4034mW/4023mW
08-11-2026 17:54:24 RAM 7219/7607MB (lfb 2x4MB) SWAP 1411/16384MB (cached 135MB) CPU [3%@729,3%@729,2%@729,1%@729,92%@1344,0%@1344] GR3D_FREQ 98% cpu@63.843C soc2@63.156C soc0@63.843C gpu@65.562C tj@65.562C soc1@62.968C VDD_IN 17811mW/17632mW VDD_CPU_GPU_CV 8510mW/8420mW VDD_SOC 4073mW/4023mW
08-11-2026 17:54:25 RAM 7219/7607MB (lfb 2x4MB) SWAP 1411/16384MB (cached 135MB) CPU [3%@729,12%@729,3%@729,20%@729,92%@1344,0%@1344] GR3D_FREQ 98% cpu@63.906C soc2@63.187C soc0@63.937C gpu@65.625C tj@65.625C soc1@62.812C VDD_IN 18007mW/17632mW VDD_CPU_GPU_CV 8627mW/8420mW VDD_SOC 4112mW/4023mW
08-11-2026 17:54:26 RAM 7219/7607MB (lfb 2x4MB) SWAP 1411/16384MB (cached 135MB) CPU [2%@729,2%@729,2%@729,3%@729,92%@1344,0%@1344] GR3D_FREQ 98% cpu@63.937C soc2@63.187C soc0@63.843C gpu@65.593C tj@65.593C soc1@62.843C VDD_IN 17811mW/17633mW VDD_CPU_GPU_CV 8354mW/8420mW VDD_SOC 4112mW/4023mW
08-11-2026 17:54:27 RAM 7220/7607MB (lfb 2x4MB) SWAP 1411/16384MB (cached 135MB) CPU [2%@729,5%@729,2%@729,2%@729,93%@1344,0%@1344] GR3D_FREQ 98% cpu@64.031C soc2@63.218C soc0@63.843C gpu@65.437C tj@65.437C soc1@62.875C VDD_IN 17732mW/17633mW VDD_CPU_GPU_CV 8198mW/8419mW VDD_SOC 4151mW/4023mW
08-11-2026 17:54:28 RAM 7220/7607MB (lfb 2x4MB) SWAP 1411/16384MB (cached 135MB) CPU [4%@729,2%@729,2%@729,3%@729,92%@1344,0%@1344] GR3D_FREQ 98% cpu@64.312C soc2@63.093C soc0@63.875C gpu@65.531C tj@65.531C soc1@62.937C VDD_IN 17732mW/17633mW VDD_CPU_GPU_CV 8042mW/8419mW VDD_SOC 4230mW/4024mW
08-11-2026 17:54:29 RAM 7221/7607MB (lfb 2x4MB) SWAP 1411/16384MB (cached 135MB) CPU [1%@729,2%@729,2%@729,3%@729,92%@1344,0%@1344] GR3D_FREQ 99% cpu@64.156C soc2@63.25C soc0@63.906C gpu@65.187C tj@65.187C soc1@63C VDD_IN 17693mW/17633mW VDD_CPU_GPU_CV 7847mW/8418mW VDD_SOC 4269mW/4024mW
08-11-2026 17:54:30 RAM 7223/7607MB (lfb 2x4MB) SWAP 1411/16384MB (cached 135MB) CPU [3%@729,7%@729,4%@729,6%@729,93%@1344,0%@1344] GR3D_FREQ 99% cpu@64.25C soc2@63.312C soc0@63.968C gpu@65.062C tj@65.062C soc1@62.875C VDD_IN 17693mW/17633mW VDD_CPU_GPU_CV 8354mW/8418mW VDD_SOC 4112mW/4024mW
08-11-2026 17:54:31 RAM 7224/7607MB (lfb 2x4MB) SWAP 1411/16384MB (cached 135MB) CPU [74%@1344,13%@1344,2%@1344,5%@1344,20%@729,2%@729] GR3D_FREQ 99% cpu@63.968C soc2@63.187C soc0@63.781C gpu@65.437C tj@65.437C soc1@62.875C VDD_IN 17615mW/17633mW VDD_CPU_GPU_CV 8549mW/8418mW VDD_SOC 3962mW/4024mW
08-11-2026 17:54:32 RAM 7224/7607MB (lfb 2x4MB) SWAP 1411/16384MB (cached 135MB) CPU [92%@1344,2%@1344,2%@1344,1%@1344,0%@729,0%@729] GR3D_FREQ 99% cpu@64.25C soc2@63.187C soc0@63.906C gpu@65.5C tj@65.5C soc1@62.906C VDD_IN 17772mW/17633mW VDD_CPU_GPU_CV 8666mW/8419mW VDD_SOC 4034mW/4024mW
08-11-2026 17:54:33 RAM 7225/7607MB (lfb 2x4MB) SWAP 1411/16384MB (cached 135MB) CPU [94%@806,1%@806,1%@806,3%@806,0%@729,0%@729] GR3D_FREQ 99% cpu@64.093C soc2@63.281C soc0@63.875C gpu@65.593C tj@65.593C soc1@62.906C VDD_IN 17929mW/17634mW VDD_CPU_GPU_CV 8862mW/8419mW VDD_SOC 3995mW/4024mW
08-11-2026 17:54:34 RAM 7225/7607MB (lfb 2x4MB) SWAP 1411/16384MB (cached 135MB) CPU [98%@1344,2%@1344,0%@1344,1%@1344,0%@729,0%@729] GR3D_FREQ 98% cpu@64.031C soc2@63.343C soc0@63.968C gpu@65.625C tj@65.625C soc1@62.812C VDD_IN 17889mW/17634mW VDD_CPU_GPU_CV 8901mW/8420mW VDD_SOC 3955mW/4024mW
08-11-2026 17:54:35 RAM 7225/7607MB (lfb 2x4MB) SWAP 1411/16384MB (cached 135MB) CPU [19%@729,2%@729,2%@729,1%@729,74%@1344,0%@1344] GR3D_FREQ 98% cpu@64C soc2@63.187C soc0@63.968C gpu@65.718C tj@65.718C soc1@62.875C VDD_IN 17929mW/17634mW VDD_CPU_GPU_CV 8823mW/8420mW VDD_SOC 3955mW/4024mW
08-11-2026 17:54:36 RAM 7227/7607MB (lfb 2x4MB) SWAP 1411/16384MB (cached 135MB) CPU [10%@729,4%@729,7%@729,20%@729,92%@1344,0%@1344] GR3D_FREQ 97% cpu@64.062C soc2@63.156C soc0@63.843C gpu@65.781C tj@65.781C soc1@62.906C VDD_IN 17968mW/17635mW VDD_CPU_GPU_CV 8862mW/8421mW VDD_SOC 3955mW/4024mW
08-11-2026 17:54:37 RAM 7228/7607MB (lfb 2x4MB) SWAP 1411/16384MB (cached 135MB) CPU [1%@729,2%@729,3%@729,1%@729,93%@1344,0%@1344] GR3D_FREQ 98% cpu@64.031C soc2@63.125C soc0@63.875C gpu@65.75C tj@65.75C soc1@62.937C VDD_IN 17889mW/17635mW VDD_CPU_GPU_CV 8744mW/8421mW VDD_SOC 3995mW/4024mW
08-11-2026 17:54:38 RAM 7228/7607MB (lfb 2x4MB) SWAP 1411/16384MB (cached 135MB) CPU [3%@729,5%@729,2%@729,2%@729,91%@1344,1%@1344] GR3D_FREQ 98% cpu@64.218C soc2@63.218C soc0@63.937C gpu@65.75C tj@65.75C soc1@62.968C VDD_IN 17850mW/17635mW VDD_CPU_GPU_CV 8666mW/8422mW VDD_SOC 4034mW/4024mW
08-11-2026 17:54:39 RAM 7228/7607MB (lfb 2x4MB) SWAP 1411/16384MB (cached 135MB) CPU [2%@729,2%@729,2%@729,3%@729,92%@1344,0%@1344] GR3D_FREQ 98% cpu@63.937C soc2@63.281C soc0@63.968C gpu@65.593C tj@65.593C soc1@62.812C VDD_IN 17889mW/17636mW VDD_CPU_GPU_CV 8627mW/8422mW VDD_SOC 4034mW/4024mW
08-11-2026 17:54:40 RAM 7228/7607MB (lfb 2x4MB) SWAP 1411/16384MB (cached 135MB) CPU [83%@1344,4%@1344,1%@1344,1%@1344,10%@729,0%@729] GR3D_FREQ 98% cpu@64.093C soc2@63.281C soc0@64.062C gpu@65.593C tj@65.593C soc1@62.812C VDD_IN 17850mW/17636mW VDD_CPU_GPU_CV 8549mW/8422mW VDD_SOC 4073mW/4024mW
08-11-2026 17:54:41 RAM 7228/7607MB (lfb 2x4MB) SWAP 1411/16384MB (cached 135MB) CPU [55%@729,18%@729,5%@729,5%@729,41%@1344,0%@1344] GR3D_FREQ 98% cpu@64.218C soc2@63.25C soc0@63.843C gpu@65.625C tj@65.625C soc1@62.843C VDD_IN 17968mW/17636mW VDD_CPU_GPU_CV 8588mW/8422mW VDD_SOC 4112mW/4024mW
08-11-2026 17:54:42 RAM 7228/7607MB (lfb 2x4MB) SWAP 1411/16384MB (cached 135MB) CPU [65%@1344,0%@1344,2%@1344,1%@1344,29%@729,0%@729] GR3D_FREQ 98% cpu@64.187C soc2@63.312C soc0@63.937C gpu@65.562C tj@65.562C soc1@62.906C VDD_IN 17772mW/17637mW VDD_CPU_GPU_CV 8315mW/8422mW VDD_SOC 4112mW/4024mW
08-11-2026 17:54:43 RAM 7228/7607MB (lfb 2x4MB) SWAP 1411/16384MB (cached 135MB) CPU [93%@1344,3%@1344,1%@1344,1%@1344,0%@729,1%@729] GR3D_FREQ 97% cpu@64.375C soc2@63.312C soc0@64C gpu@65.562C tj@65.562C soc1@62.937C VDD_IN 17772mW/17637mW VDD_CPU_GPU_CV 8237mW/8422mW VDD_SOC 4151mW/4024mW
08-11-2026 17:54:44 RAM 7228/7607MB (lfb 2x4MB) SWAP 1411/16384MB (cached 135MB) CPU [92%@1344,1%@1344,1%@1344,1%@1344,0%@729,1%@729] GR3D_FREQ 98% cpu@64.062C soc2@63.437C soc0@64C gpu@65.531C tj@65.531C soc1@62.843C VDD_IN 17772mW/17637mW VDD_CPU_GPU_CV 8120mW/8422mW VDD_SOC 4230mW/4024mW
08-11-2026 17:54:45 RAM 7228/7607MB (lfb 2x4MB) SWAP 1411/16384MB (cached 135MB) CPU [93%@1344,2%@1344,0%@1344,1%@1344,0%@729,0%@729] GR3D_FREQ 99% cpu@64.125C soc2@63.375C soc0@64.062C gpu@65.281C tj@65.281C soc1@62.812C VDD_IN 17654mW/17637mW VDD_CPU_GPU_CV 7847mW/8421mW VDD_SOC 4269mW/4025mW
08-11-2026 17:54:46 RAM 7231/7607MB (lfb 2x4MB) SWAP 1411/16384MB (cached 135MB) CPU [91%@1344,6%@1344,14%@1344,3%@1344,2%@1344,0%@1344] GR3D_FREQ 99% cpu@64.625C soc2@63.343C soc0@63.875C gpu@65.218C tj@65.406C soc1@62.937C VDD_IN 17811mW/17637mW VDD_CPU_GPU_CV 8393mW/8421mW VDD_SOC 4151mW/4025mW
08-11-2026 17:54:47 RAM 7232/7607MB (lfb 2x4MB) SWAP 1411/16384MB (cached 135MB) CPU [3%@729,6%@729,2%@729,2%@729,92%@1344,0%@1344] GR3D_FREQ 99% cpu@64.031C soc2@63.218C soc0@63.875C gpu@65.906C tj@65.906C soc1@62.906C VDD_IN 17654mW/17637mW VDD_CPU_GPU_CV 8588mW/8421mW VDD_SOC 3995mW/4025mW
08-11-2026 17:54:48 RAM 7232/7607MB (lfb 2x4MB) SWAP 1411/16384MB (cached 135MB) CPU [1%@729,2%@729,1%@729,2%@729,92%@1344,1%@1344] GR3D_FREQ 99% cpu@64.25C soc2@63.25C soc0@63.968C gpu@65.906C tj@65.906C soc1@63C VDD_IN 17772mW/17637mW VDD_CPU_GPU_CV 8627mW/8421mW VDD_SOC 3995mW/4025mW
08-11-2026 17:54:49 RAM 7232/7607MB (lfb 2x4MB) SWAP 1411/16384MB (cached 135MB) CPU [2%@729,2%@729,2%@729,5%@729,94%@729,1%@729] GR3D_FREQ 99% cpu@63.906C soc2@63.218C soc0@63.937C gpu@66.156C tj@66.156C soc1@62.812C VDD_IN 18007mW/17638mW VDD_CPU_GPU_CV 8979mW/8422mW VDD_SOC 3995mW/4025mW
08-11-2026 17:54:50 RAM 7234/7607MB (lfb 2x4MB) SWAP 1411/16384MB (cached 135MB) CPU [1%@729,3%@729,4%@729,1%@729,98%@1344,1%@1344] GR3D_FREQ 98% cpu@64.093C soc2@63.156C soc0@63.843C gpu@66C tj@66C soc1@62.875C VDD_IN 17968mW/17638mW VDD_CPU_GPU_CV 8925mW/8423mW VDD_SOC 3955mW/4025mW
08-11-2026 17:54:51 RAM 7234/7607MB (lfb 2x4MB) SWAP 1411/16384MB (cached 135MB) CPU [2%@729,1%@729,2%@729,2%@729,0%@1344,92%@1344] GR3D_FREQ 98% cpu@64.25C soc2@63.156C soc0@63.843C gpu@65.75C tj@65.75C soc1@62.906C VDD_IN 17889mW/17639mW VDD_CPU_GPU_CV 8823mW/8423mW VDD_SOC 3955mW/4025mW
08-11-2026 17:54:52 RAM 7236/7607MB (lfb 2x4MB) SWAP 1411/16384MB (cached 135MB) CPU [15%@729,7%@729,6%@729,5%@729,2%@1344,93%@1344] GR3D_FREQ 97% cpu@64.031C soc2@63.218C soc0@63.906C gpu@65.718C tj@65.718C soc1@62.968C VDD_IN 17929mW/17639mW VDD_CPU_GPU_CV 8862mW/8424mW VDD_SOC 3955mW/4024mW
08-11-2026 17:54:53 RAM 7236/7607MB (lfb 2x4MB) SWAP 1411/16384MB (cached 135MB) CPU [3%@729,1%@729,1%@729,1%@729,1%@1344,91%@1344] GR3D_FREQ 97% cpu@64.25C soc2@63.281C soc0@63.937C gpu@65.687C tj@65.687C soc1@63.031C VDD_IN 17929mW/17639mW VDD_CPU_GPU_CV 8784mW/8424mW VDD_SOC 3995mW/4024mW
08-11-2026 17:54:54 RAM 7236/7607MB (lfb 2x4MB) SWAP 1411/16384MB (cached 135MB) CPU [2%@729,2%@729,2%@729,1%@729,0%@1344,92%@1344] GR3D_FREQ 97% cpu@64.093C soc2@63.281C soc0@64C gpu@65.656C tj@65.656C soc1@62.875C VDD_IN 17850mW/17640mW VDD_CPU_GPU_CV 8666mW/8424mW VDD_SOC 4034mW/4024mW
08-11-2026 17:54:55 RAM 7237/7607MB (lfb 2x4MB) SWAP 1411/16384MB (cached 135MB) CPU [1%@729,2%@729,2%@729,1%@729,1%@1344,92%@1344] GR3D_FREQ 98% cpu@64.156C soc2@63.187C soc0@63.906C gpu@65.781C tj@65.781C soc1@62.906C VDD_IN 17850mW/17640mW VDD_CPU_GPU_CV 8627mW/8425mW VDD_SOC 4034mW/4024mW
08-11-2026 17:54:56 RAM 7236/7607MB (lfb 2x4MB) SWAP 1411/16384MB (cached 135MB) CPU [2%@729,1%@729,0%@729,3%@729,1%@1344,93%@1344] GR3D_FREQ 98% cpu@64.218C soc2@63.218C soc0@63.968C gpu@65.562C tj@65.562C soc1@62.875C VDD_IN 17811mW/17640mW VDD_CPU_GPU_CV 8549mW/8425mW VDD_SOC 4073mW/4024mW
08-11-2026 17:54:57 RAM 7237/7607MB (lfb 2x4MB) SWAP 1411/16384MB (cached 135MB) CPU [9%@729,19%@729,6%@729,4%@729,1%@1344,92%@1344] GR3D_FREQ 98% cpu@64.093C soc2@63.281C soc0@63.906C gpu@65.562C tj@65.562C soc1@63.031C VDD_IN 17929mW/17640mW VDD_CPU_GPU_CV 8627mW/8425mW VDD_SOC 4073mW/4025mW
08-11-2026 17:54:58 RAM 7238/7607MB (lfb 2x4MB) SWAP 1411/16384MB (cached 135MB) CPU [2%@729,1%@729,1%@729,3%@729,1%@1344,92%@1344] GR3D_FREQ 98% cpu@64.281C soc2@63.156C soc0@63.937C gpu@65.5C tj@65.5C soc1@63.062C VDD_IN 17811mW/17641mW VDD_CPU_GPU_CV 8354mW/8425mW VDD_SOC 4112mW/4025mW
08-11-2026 17:54:59 RAM 7238/7607MB (lfb 2x4MB) SWAP 1411/16384MB (cached 135MB) CPU [2%@729,2%@729,2%@729,3%@729,0%@1344,92%@1344] GR3D_FREQ 97% cpu@64.031C soc2@63.156C soc0@64.062C gpu@65.437C tj@65.437C soc1@62.843C VDD_IN 17732mW/17641mW VDD_CPU_GPU_CV 8198mW/8425mW VDD_SOC 4158mW/4025mW
08-11-2026 17:55:00 RAM 7237/7607MB (lfb 2x4MB) SWAP 1411/16384MB (cached 135MB) CPU [2%@729,5%@729,4%@729,2%@729,1%@1344,92%@1344] GR3D_FREQ 97% cpu@64.156C soc2@63.218C soc0@63.843C gpu@65.437C tj@65.437C soc1@62.906C VDD_IN 17732mW/17641mW VDD_CPU_GPU_CV 8042mW/8424mW VDD_SOC 4230mW/4025mW
08-11-2026 17:55:01 RAM 7238/7607MB (lfb 2x4MB) SWAP 1411/16384MB (cached 135MB) CPU [1%@729,2%@729,1%@729,2%@729,0%@1344,92%@1344] GR3D_FREQ 99% cpu@64.5C soc2@63.281C soc0@63.937C gpu@65.281C tj@65.281C soc1@62.968C VDD_IN 17693mW/17641mW VDD_CPU_GPU_CV 7847mW/8424mW VDD_SOC 4308mW/4025mW
08-11-2026 17:55:02 RAM 7238/7607MB (lfb 2x4MB) SWAP 1411/16384MB (cached 135MB) CPU [8%@729,6%@729,3%@729,18%@729,1%@1344,93%@1344] GR3D_FREQ 99% cpu@64.218C soc2@63.312C soc0@64.031C gpu@65.375C tj@65.375C soc1@63.062C VDD_IN 17850mW/17641mW VDD_CPU_GPU_CV 8432mW/8424mW VDD_SOC 4151mW/4026mW
08-11-2026 17:55:03 RAM 7238/7607MB (lfb 2x4MB) SWAP 1411/16384MB (cached 135MB) CPU [2%@729,2%@729,1%@729,1%@729,1%@1344,92%@1344] GR3D_FREQ 99% cpu@64.031C soc2@63.343C soc0@64.031C gpu@65.75C tj@65.75C soc1@63.125C VDD_IN 17575mW/17641mW VDD_CPU_GPU_CV 8588mW/8424mW VDD_SOC 3962mW/4026mW
08-11-2026 17:55:04 RAM 7239/7607MB (lfb 2x4MB) SWAP 1411/16384MB (cached 135MB) CPU [2%@729,0%@729,1%@729,3%@729,0%@1344,92%@1344] GR3D_FREQ 99% cpu@64.25C soc2@63.156C soc0@63.937C gpu@65.875C tj@65.875C soc1@62.906C VDD_IN 17889mW/17641mW VDD_CPU_GPU_CV 8666mW/8424mW VDD_SOC 4034mW/4026mW
08-11-2026 17:55:05 RAM 7239/7607MB (lfb 2x4MB) SWAP 1411/16384MB (cached 135MB) CPU [1%@729,2%@729,1%@729,2%@729,0%@806,95%@806] GR3D_FREQ 99% cpu@64.25C soc2@63.25C soc0@63.968C gpu@65.843C tj@65.843C soc1@62.968C VDD_IN 17889mW/17642mW VDD_CPU_GPU_CV 8823mW/8425mW VDD_SOC 3995mW/4026mW
08-11-2026 17:55:06 RAM 7240/7607MB (lfb 2x4MB) SWAP 1411/16384MB (cached 135MB) CPU [3%@729,3%@729,2%@729,2%@729,1%@1344,98%@1344] GR3D_FREQ 98% cpu@64.25C soc2@63.218C soc0@63.937C gpu@65.656C tj@65.656C soc1@62.968C VDD_IN 17929mW/17642mW VDD_CPU_GPU_CV 8862mW/8425mW VDD_SOC 3955mW/4025mW
08-11-2026 17:55:07 RAM 7241/7607MB (lfb 2x4MB) SWAP 1411/16384MB (cached 135MB) CPU [2%@729,1%@729,2%@729,3%@729,1%@1344,92%@1344] GR3D_FREQ 98% cpu@64.031C soc2@63.218C soc0@63.906C gpu@65.656C tj@65.656C soc1@63.031C VDD_IN 17889mW/17642mW VDD_CPU_GPU_CV 8823mW/8426mW VDD_SOC 3955mW/4025mW
08-11-2026 17:55:08 RAM 7239/7607MB (lfb 2x4MB) SWAP 1411/16384MB (cached 135MB) CPU [8%@729,4%@729,17%@729,3%@729,2%@1344,92%@1344] GR3D_FREQ 98% cpu@64.062C soc2@63.156C soc0@64C gpu@65.562C tj@65.562C soc1@62.843C VDD_IN 17968mW/17643mW VDD_CPU_GPU_CV 8862mW/8426mW VDD_SOC 3995mW/4025mW
08-11-2026 17:55:09 RAM 7239/7607MB (lfb 2x4MB) SWAP 1411/16384MB (cached 135MB) CPU [2%@729,2%@729,3%@729,1%@729,0%@1344,92%@1344] GR3D_FREQ 98% cpu@64.156C soc2@63.218C soc0@63.812C gpu@65.75C tj@65.75C soc1@62.843C VDD_IN 17889mW/17643mW VDD_CPU_GPU_CV 8744mW/8427mW VDD_SOC 3995mW/4025mW
08-11-2026 17:55:10 RAM 7240/7607MB (lfb 2x4MB) SWAP 1411/16384MB (cached 135MB) CPU [1%@729,1%@729,1%@729,2%@729,0%@1344,92%@1344] GR3D_FREQ 97% cpu@64.5C soc2@63.187C soc0@63.968C gpu@65.781C tj@65.781C soc1@62.843C VDD_IN 17811mW/17643mW VDD_CPU_GPU_CV 8627mW/8427mW VDD_SOC 4034mW/4025mW
08-11-2026 17:55:11 RAM 7241/7607MB (lfb 2x4MB) SWAP 1411/16384MB (cached 135MB) CPU [5%@729,4%@729,3%@729,2%@729,0%@1344,92%@1344] GR3D_FREQ 98% cpu@64.093C soc2@63.343C soc0@63.968C gpu@65.968C tj@65.968C soc1@63C VDD_IN 17889mW/17644mW VDD_CPU_GPU_CV 8627mW/8427mW VDD_SOC 4034mW/4025mW
08-11-2026 17:55:12 RAM 7241/7607MB (lfb 2x4MB) SWAP 1411/16384MB (cached 135MB) CPU [2%@729,4%@729,2%@729,2%@729,0%@1344,92%@1344] GR3D_FREQ 99% cpu@64.187C soc2@63.312C soc0@64C gpu@65.875C tj@65.875C soc1@62.968C VDD_IN 17811mW/17644mW VDD_CPU_GPU_CV 8471mW/8427mW VDD_SOC 4073mW/4025mW
08-11-2026 17:55:13 RAM 7242/7607MB (lfb 2x4MB) SWAP 1411/16384MB (cached 135MB) CPU [4%@729,5%@729,19%@729,11%@729,0%@1344,92%@1344] GR3D_FREQ 98% cpu@64.093C soc2@63.312C soc0@63.875C gpu@66C tj@65.656C soc1@62.843C VDD_IN 17929mW/17644mW VDD_CPU_GPU_CV 8549mW/8427mW VDD_SOC 4112mW/4025mW
08-11-2026 17:55:14 RAM 7242/7607MB (lfb 2x4MB) SWAP 1411/16384MB (cached 135MB) CPU [2%@729,2%@729,2%@729,1%@729,0%@1344,92%@1344] GR3D_FREQ 98% cpu@64.218C soc2@63.218C soc0@63.875C gpu@65.656C tj@65.656C soc1@62.906C VDD_IN 17811mW/17644mW VDD_CPU_GPU_CV 8354mW/8427mW VDD_SOC 4151mW/4026mW
08-11-2026 17:55:15 RAM 7243/7607MB (lfb 2x4MB) SWAP 1411/16384MB (cached 135MB) CPU [2%@729,4%@729,2%@729,2%@729,0%@1344,92%@1344] GR3D_FREQ 97% cpu@64.406C soc2@63.187C soc0@63.906C gpu@65.531C tj@65.531C soc1@62.937C VDD_IN 17732mW/17645mW VDD_CPU_GPU_CV 8198mW/8427mW VDD_SOC 4151mW/4026mW
08-11-2026 17:55:16 RAM 7243/7607MB (lfb 2x4MB) SWAP 1411/16384MB (cached 135MB) CPU [2%@1036,1%@1036,2%@1036,2%@1036,0%@1344,92%@1344] GR3D_FREQ 98% cpu@64.156C soc2@63.187C soc0@63.937C gpu@65.593C tj@65.593C soc1@63.062C VDD_IN 17772mW/17645mW VDD_CPU_GPU_CV 8081mW/8426mW VDD_SOC 4230mW/4026mW
08-11-2026 17:55:17 RAM 7245/7607MB (lfb 2x4MB) SWAP 1411/16384MB (cached 135MB) CPU [2%@729,1%@729,2%@729,3%@729,0%@1344,92%@1344] GR3D_FREQ 99% cpu@64.25C soc2@63.125C soc0@63.843C gpu@65.656C tj@65.656C soc1@62.906C VDD_IN 17693mW/17645mW VDD_CPU_GPU_CV 7886mW/8426mW VDD_SOC 4269mW/4026mW
08-11-2026 17:55:18 RAM 7247/7607MB (lfb 2x4MB) SWAP 1411/16384MB (cached 135MB) CPU [9%@1344,17%@1344,3%@1344,9%@1344,0%@1344,92%@1344] GR3D_FREQ 99% cpu@64.593C soc2@63.375C soc0@63.843C gpu@65.187C tj@65.187C soc1@62.875C VDD_IN 17811mW/17645mW VDD_CPU_GPU_CV 8315mW/8426mW VDD_SOC 4190mW/4027mW
08-11-2026 17:55:19 RAM 7248/7607MB (lfb 2x4MB) SWAP 1411/16384MB (cached 135MB) CPU [4%@1113,3%@1113,1%@1113,1%@1113,0%@1344,93%@1344] GR3D_FREQ 99% cpu@63.937C soc2@63.156C soc0@63.875C gpu@65.656C tj@65.656C soc1@62.968C VDD_IN 17654mW/17645mW VDD_CPU_GPU_CV 8588mW/8426mW VDD_SOC 3962mW/4026mW
08-11-2026 17:55:20 RAM 7249/7607MB (lfb 2x4MB) SWAP 1411/16384MB (cached 135MB) CPU [4%@729,2%@729,1%@729,2%@729,0%@1344,92%@1344] GR3D_FREQ 99% cpu@64.093C soc2@63.281C soc0@64C gpu@65.437C tj@65.437C soc1@62.812C VDD_IN 17811mW/17645mW VDD_CPU_GPU_CV 8666mW/8426mW VDD_SOC 3995mW/4026mW
08-11-2026 17:55:21 RAM 7249/7607MB (lfb 2x4MB) SWAP 1411/16384MB (cached 135MB) CPU [2%@729,2%@729,2%@729,1%@729,0%@729,94%@729] GR3D_FREQ 99% cpu@64.25C soc2@63.218C soc0@63.812C gpu@65.718C tj@65.718C soc1@62.75C VDD_IN 17929mW/17646mW VDD_CPU_GPU_CV 8823mW/8427mW VDD_SOC 3955mW/4026mW
08-11-2026 17:55:22 RAM 7246/7607MB (lfb 2x4MB) SWAP 1411/16384MB (cached 135MB) CPU [2%@729,5%@729,2%@729,6%@729,0%@1344,97%@1344] GR3D_FREQ 98% cpu@64.312C soc2@63.156C soc0@63.937C gpu@65.343C tj@65.343C soc1@62.843C VDD_IN 17889mW/17646mW VDD_CPU_GPU_CV 8862mW/8427mW VDD_SOC 3955mW/4026mW
08-11-2026 17:55:23 RAM 7240/7607MB (lfb 2x4MB) SWAP 1411/16384MB (cached 135MB) CPU [9%@1344,7%@1344,4%@1344,8%@729,0%@1344,93%@1344] GR3D_FREQ 98% cpu@64.468C soc2@63.343C soc0@63.875C gpu@65.281C tj@65.281C soc1@62.937C VDD_IN 17889mW/17646mW VDD_CPU_GPU_CV 8862mW/8428mW VDD_SOC 3955mW/4026mW
08-11-2026 17:55:24 RAM 7241/7607MB (lfb 2x4MB) SWAP 1410/16384MB (cached 135MB) CPU [5%@729,9%@729,2%@729,9%@729,0%@1344,92%@1344] GR3D_FREQ 97% cpu@64C soc2@63.187C soc0@63.937C gpu@65.25C tj@65.25C soc1@62.781C VDD_IN 17772mW/17646mW VDD_CPU_GPU_CV 8744mW/8428mW VDD_SOC 3955mW/4026mW
08-11-2026 17:55:25 RAM 7241/7607MB (lfb 2x4MB) SWAP 1410/16384MB (cached 135MB) CPU [2%@729,3%@729,1%@729,2%@729,0%@1344,92%@1344] GR3D_FREQ 98% cpu@64C soc2@63.156C soc0@63.812C gpu@65.593C tj@65.593C soc1@62.812C VDD_IN 17732mW/17646mW VDD_CPU_GPU_CV 8627mW/8428mW VDD_SOC 3955mW/4026mW
08-11-2026 17:55:26 RAM 7242/7607MB (lfb 2x4MB) SWAP 1410/16384MB (cached 136MB) CPU [4%@729,1%@729,0%@729,3%@729,0%@1344,92%@1344] GR3D_FREQ 97% cpu@64.156C soc2@63.25C soc0@63.875C gpu@65.468C tj@65.468C soc1@62.875C VDD_IN 17654mW/17646mW VDD_CPU_GPU_CV 8549mW/8428mW VDD_SOC 4001mW/4026mW
08-11-2026 17:55:27 RAM 7243/7607MB (lfb 2x4MB) SWAP 1410/16384MB (cached 136MB) CPU [3%@729,3%@729,1%@729,1%@729,0%@1344,92%@1344] GR3D_FREQ 97% cpu@64.375C soc2@63.187C soc0@63.968C gpu@65.562C tj@65.562C soc1@63C VDD_IN 17732mW/17647mW VDD_CPU_GPU_CV 8549mW/8429mW VDD_SOC 3995mW/4026mW
08-11-2026 17:55:28 RAM 7243/7607MB (lfb 2x4MB) SWAP 1410/16384MB (cached 136MB) CPU [3%@729,1%@729,1%@729,1%@729,0%@1344,92%@1344] GR3D_FREQ 97% cpu@63.968C soc2@63.25C soc0@63.812C gpu@65.656C tj@65.656C soc1@62.812C VDD_IN 17693mW/17647mW VDD_CPU_GPU_CV 8471mW/8429mW VDD_SOC 4034mW/4026mW
08-11-2026 17:55:29 RAM 7245/7607MB (lfb 3x4MB) SWAP 1410/16384MB (cached 135MB) CPU [11%@729,14%@729,7%@729,7%@729,0%@1344,92%@1344] GR3D_FREQ 97% cpu@64.125C soc2@63.218C soc0@63.906C gpu@65.625C tj@65.625C soc1@62.812C VDD_IN 17772mW/17647mW VDD_CPU_GPU_CV 8471mW/8429mW VDD_SOC 4073mW/4026mW
08-11-2026 17:55:30 RAM 7246/7607MB (lfb 3x4MB) SWAP 1410/16384MB (cached 135MB) CPU [4%@729,2%@729,1%@729,1%@729,0%@1344,92%@1344] GR3D_FREQ 97% cpu@64.031C soc2@63.187C soc0@63.906C gpu@65.375C tj@65.375C soc1@62.875C VDD_IN 17615mW/17647mW VDD_CPU_GPU_CV 8237mW/8428mW VDD_SOC 4119mW/4026mW
08-11-2026 17:55:31 RAM 7246/7607MB (lfb 3x4MB) SWAP 1410/16384MB (cached 135MB) CPU [3%@729,1%@729,1%@729,2%@729,0%@1344,92%@1344] GR3D_FREQ 97% cpu@64.156C soc2@63.125C soc0@63.843C gpu@65.437C tj@65.437C soc1@62.812C VDD_IN 17575mW/17647mW VDD_CPU_GPU_CV 8120mW/8428mW VDD_SOC 4158mW/4026mW
08-11-2026 17:55:32 RAM 7247/7607MB (lfb 3x4MB) SWAP 1410/16384MB (cached 135MB) CPU [3%@729,1%@729,1%@729,2%@729,0%@1344,93%@1344] GR3D_FREQ 97% cpu@64.375C soc2@63.25C soc0@63.968C gpu@65.468C tj@65.468C soc1@62.968C VDD_IN 17615mW/17647mW VDD_CPU_GPU_CV 8003mW/8428mW VDD_SOC 4197mW/4026mW
08-11-2026 17:55:33 RAM 7247/7607MB (lfb 3x4MB) SWAP 1410/16384MB (cached 135MB) CPU [2%@729,2%@729,2%@729,5%@729,0%@1344,92%@1344] GR3D_FREQ 99% cpu@64.25C soc2@63.25C soc0@64C gpu@65.187C tj@65.187C soc1@62.812C VDD_IN 17536mW/17646mW VDD_CPU_GPU_CV 7781mW/8427mW VDD_SOC 4276mW/4027mW
08-11-2026 17:55:34 RAM 7245/7607MB (lfb 3x4MB) SWAP 1410/16384MB (cached 135MB) CPU [7%@729,19%@729,4%@729,8%@729,0%@1344,92%@1344] GR3D_FREQ 99% cpu@64.312C soc2@63.281C soc0@64.093C gpu@65.062C tj@65.062C soc1@62.875C VDD_IN 17536mW/17646mW VDD_CPU_GPU_CV 8276mW/8427mW VDD_SOC 4119mW/4027mW
08-11-2026 17:55:35 RAM 7246/7607MB (lfb 3x4MB) SWAP 1410/16384MB (cached 135MB) CPU [1%@729,2%@729,1%@729,3%@729,0%@1344,93%@1344] GR3D_FREQ 99% cpu@64.281C soc2@63.187C soc0@63.968C gpu@65.625C tj@65.625C soc1@62.906C VDD_IN 17486mW/17646mW VDD_CPU_GPU_CV 8471mW/8427mW VDD_SOC 3962mW/4027mW
08-11-2026 17:55:36 RAM 7246/7607MB (lfb 3x4MB) SWAP 1410/16384MB (cached 135MB) CPU [3%@729,3%@729,1%@729,1%@729,0%@1344,91%@1344] GR3D_FREQ 99% cpu@64.187C soc2@63.281C soc0@63.968C gpu@65.875C tj@65.875C soc1@62.937C VDD_IN 17693mW/17646mW VDD_CPU_GPU_CV 8588mW/8427mW VDD_SOC 3995mW/4027mW
08-11-2026 17:55:37 RAM 7246/7607MB (lfb 3x4MB) SWAP 1410/16384MB (cached 135MB) CPU [3%@729,2%@729,2%@729,2%@729,0%@883,94%@883] GR3D_FREQ 99% cpu@64.25C soc2@63.218C soc0@63.968C gpu@66C tj@66C soc1@62.968C VDD_IN 17772mW/17646mW VDD_CPU_GPU_CV 8744mW/8427mW VDD_SOC 3955mW/4027mW
08-11-2026 17:55:38 RAM 7246/7607MB (lfb 3x4MB) SWAP 1410/16384MB (cached 135MB) CPU [2%@729,1%@729,2%@729,1%@729,0%@1344,98%@1344] GR3D_FREQ 97% cpu@64.125C soc2@63.343C soc0@63.937C gpu@65.875C tj@65.875C soc1@62.906C VDD_IN 17811mW/17647mW VDD_CPU_GPU_CV 8823mW/8428mW VDD_SOC 3916mW/4027mW
08-11-2026 17:55:39 RAM 7246/7607MB (lfb 3x4MB) SWAP 1410/16384MB (cached 135MB) CPU [7%@960,14%@960,4%@960,3%@960,0%@1344,92%@1344] GR3D_FREQ 98% cpu@64.312C soc2@63.375C soc0@64.093C gpu@65.937C tj@65.937C soc1@62.843C VDD_IN 17968mW/17647mW VDD_CPU_GPU_CV 8901mW/8428mW VDD_SOC 3955mW/4026mW
08-11-2026 17:55:40 RAM 7248/7607MB (lfb 3x4MB) SWAP 1410/16384MB (cached 135MB) CPU [4%@729,6%@729,5%@729,2%@729,0%@1344,93%@1344] GR3D_FREQ 98% cpu@64.218C soc2@63.281C soc0@63.875C gpu@65.937C tj@65.937C soc1@62.968C VDD_IN 17811mW/17647mW VDD_CPU_GPU_CV 8784mW/8429mW VDD_SOC 3955mW/4026mW
08-11-2026 17:55:41 RAM 7249/7607MB (lfb 3x4MB) SWAP 1410/16384MB (cached 135MB) CPU [2%@729,1%@729,1%@729,3%@729,0%@1344,92%@1344] GR3D_FREQ 98% cpu@64.156C soc2@63.25C soc0@63.937C gpu@65.968C tj@65.718C soc1@62.843C VDD_IN 17772mW/17647mW VDD_CPU_GPU_CV 8666mW/8429mW VDD_SOC 3955mW/4026mW
08-11-2026 17:55:42 RAM 7249/7607MB (lfb 3x4MB) SWAP 1410/16384MB (cached 135MB) CPU [3%@729,1%@729,1%@729,2%@729,0%@1344,92%@1344] GR3D_FREQ 97% cpu@64.468C soc2@63.281C soc0@63.906C gpu@65.5C tj@65.5C soc1@63.031C VDD_IN 17693mW/17647mW VDD_CPU_GPU_CV 8549mW/8429mW VDD_SOC 3995mW/4026mW
08-11-2026 17:55:43 RAM 7250/7607MB (lfb 3x4MB) SWAP 1410/16384MB (cached 135MB) CPU [3%@729,1%@729,2%@729,1%@729,0%@1344,92%@1344] GR3D_FREQ 98% cpu@64.062C soc2@63.156C soc0@64.031C gpu@65.625C tj@65.625C soc1@62.875C VDD_IN 17732mW/17647mW VDD_CPU_GPU_CV 8588mW/8429mW VDD_SOC 4034mW/4026mW
08-11-2026 17:55:44 RAM 7250/7607MB (lfb 3x4MB) SWAP 1410/16384MB (cached 135MB) CPU [2%@729,8%@729,0%@729,2%@729,0%@1344,92%@1344] GR3D_FREQ 99% cpu@64.093C soc2@63.125C soc0@63.968C gpu@65.625C tj@65.625C soc1@62.812C VDD_IN 17732mW/17647mW VDD_CPU_GPU_CV 8471mW/8429mW VDD_SOC 4034mW/4026mW
08-11-2026 17:55:45 RAM 7252/7607MB (lfb 3x4MB) SWAP 1410/16384MB (cached 135MB) CPU [10%@729,20%@729,4%@729,3%@729,0%@1344,92%@1344] GR3D_FREQ 98% cpu@64.25C soc2@63.187C soc0@63.812C gpu@65.718C tj@65.718C soc1@62.906C VDD_IN 17850mW/17648mW VDD_CPU_GPU_CV 8471mW/8429mW VDD_SOC 4073mW/4026mW
08-11-2026 17:55:46 RAM 7253/7607MB (lfb 3x4MB) SWAP 1410/16384MB (cached 135MB) CPU [1%@729,3%@729,1%@729,2%@729,0%@1344,92%@1344] GR3D_FREQ 98% cpu@64.031C soc2@63.281C soc0@63.843C gpu@65.5C tj@65.5C soc1@62.937C VDD_IN 17654mW/17648mW VDD_CPU_GPU_CV 8276mW/8429mW VDD_SOC 4112mW/4026mW
08-11-2026 17:55:47 RAM 7253/7607MB (lfb 3x4MB) SWAP 1410/16384MB (cached 135MB) CPU [2%@729,1%@729,1%@729,1%@729,0%@1344,93%@1344] GR3D_FREQ 97% cpu@64.437C soc2@63.187C soc0@64C gpu@65.437C tj@65.437C soc1@62.937C VDD_IN 17615mW/17648mW VDD_CPU_GPU_CV 8159mW/8429mW VDD_SOC 4158mW/4027mW
08-11-2026 17:55:48 RAM 7253/7607MB (lfb 3x4MB) SWAP 1410/16384MB (cached 135MB) CPU [3%@729,2%@729,3%@729,1%@729,0%@1344,92%@1344] GR3D_FREQ 98% cpu@64.156C soc2@63.312C soc0@64.062C gpu@65.406C tj@65.406C soc1@62.875C VDD_IN 17654mW/17648mW VDD_CPU_GPU_CV 8042mW/8428mW VDD_SOC 4190mW/4027mW
08-11-2026 17:55:49 RAM 7254/7607MB (lfb 3x4MB) SWAP 1410/16384MB (cached 135MB) CPU [1%@729,2%@729,1%@729,4%@729,0%@1344,92%@1344] GR3D_FREQ 99% cpu@64.406C soc2@63.25C soc0@63.937C gpu@65.187C tj@65.187C soc1@62.843C VDD_IN 17604mW/17648mW VDD_CPU_GPU_CV 7768mW/8428mW VDD_SOC 4276mW/4027mW
08-11-2026 17:55:50 RAM 7255/7607MB (lfb 3x4MB) SWAP 1410/16384MB (cached 135MB) CPU [9%@729,19%@729,3%@729,7%@729,0%@1344,93%@1344] GR3D_FREQ 99% cpu@64.531C soc2@63.218C soc0@63.906C gpu@65.218C tj@65.218C soc1@62.906C VDD_IN 17615mW/17648mW VDD_CPU_GPU_CV 8237mW/8427mW VDD_SOC 4119mW/4027mW
08-11-2026 17:55:51 RAM 7254/7607MB (lfb 3x4MB) SWAP 1410/16384MB (cached 135MB) CPU [3%@729,2%@729,1%@729,2%@729,0%@1344,91%@1344] GR3D_FREQ 99% cpu@64.031C soc2@63.312C soc0@64C gpu@65.781C tj@65.781C soc1@63C VDD_IN 17497mW/17647mW VDD_CPU_GPU_CV 8510mW/8428mW VDD_SOC 3962mW/4027mW
08-11-2026 17:55:52 RAM 7255/7607MB (lfb 3x4MB) SWAP 1410/16384MB (cached 135MB) CPU [3%@729,2%@729,1%@729,3%@729,0%@1344,92%@1344] GR3D_FREQ 99% cpu@64.031C soc2@63.25C soc0@64.062C gpu@65.781C tj@65.781C soc1@62.843C VDD_IN 17615mW/17647mW VDD_CPU_GPU_CV 8588mW/8428mW VDD_SOC 4001mW/4027mW
08-11-2026 17:55:53 RAM 7255/7607MB (lfb 3x4MB) SWAP 1410/16384MB (cached 135MB) CPU [1%@729,2%@729,1%@729,3%@729,0%@729,94%@729] GR3D_FREQ 99% cpu@64.156C soc2@63.281C soc0@64.125C gpu@65.906C tj@65.906C soc1@62.937C VDD_IN 17850mW/17648mW VDD_CPU_GPU_CV 8823mW/8428mW VDD_SOC 3955mW/4027mW
08-11-2026 17:55:54 RAM 7256/7607MB (lfb 3x4MB) SWAP 1410/16384MB (cached 135MB) CPU [3%@729,2%@729,0%@729,2%@729,0%@1344,98%@1344] GR3D_FREQ 97% cpu@64.218C soc2@63.187C soc0@63.906C gpu@65.906C tj@65.906C soc1@62.968C VDD_IN 17811mW/17648mW VDD_CPU_GPU_CV 8823mW/8429mW VDD_SOC 3916mW/4027mW
08-11-2026 17:55:55 RAM 7257/7607MB (lfb 3x4MB) SWAP 1410/16384MB (cached 135MB) CPU [4%@1344,14%@1344,7%@1344,16%@1344,0%@1344,92%@1344] GR3D_FREQ 98% cpu@64.437C soc2@63.406C soc0@64C gpu@65.687C tj@65.687C soc1@62.968C VDD_IN 18046mW/17648mW VDD_CPU_GPU_CV 8940mW/8429mW VDD_SOC 3955mW/4027mW
08-11-2026 17:55:56 RAM 7257/7607MB (lfb 3x4MB) SWAP 1410/16384MB (cached 135MB) CPU [3%@729,2%@729,2%@729,2%@729,0%@1344,93%@1344] GR3D_FREQ 98% cpu@64.125C soc2@63.281C soc0@63.906C gpu@65.656C tj@65.656C soc1@63.031C VDD_IN 17850mW/17649mW VDD_CPU_GPU_CV 8744mW/8430mW VDD_SOC 3955mW/4027mW
08-11-2026 17:55:57 RAM 7257/7607MB (lfb 3x4MB) SWAP 1410/16384MB (cached 135MB) CPU [2%@729,1%@729,2%@729,2%@729,0%@1344,92%@1344] GR3D_FREQ 98% cpu@64.031C soc2@63.25C soc0@64.031C gpu@65.656C tj@65.656C soc1@62.906C VDD_IN 17772mW/17649mW VDD_CPU_GPU_CV 8705mW/8430mW VDD_SOC 3995mW/4027mW
08-11-2026 17:55:58 RAM 7258/7607MB (lfb 3x4MB) SWAP 1410/16384MB (cached 135MB) CPU [4%@729,2%@729,1%@729,2%@729,0%@1344,92%@1344] GR3D_FREQ 97% cpu@64.187C soc2@63.25C soc0@63.937C gpu@65.593C tj@65.593C soc1@62.937C VDD_IN 17732mW/17649mW VDD_CPU_GPU_CV 8627mW/8430mW VDD_SOC 3995mW/4027mW
08-11-2026 17:55:59 RAM 7258/7607MB (lfb 3x4MB) SWAP 1410/16384MB (cached 135MB) CPU [2%@729,2%@729,1%@729,2%@729,0%@1344,92%@1344] GR3D_FREQ 98% cpu@64.375C soc2@63.312C soc0@63.937C gpu@65.937C tj@65.937C soc1@63C VDD_IN 17772mW/17649mW VDD_CPU_GPU_CV 8588mW/8430mW VDD_SOC 4034mW/4027mW
08-11-2026 17:56:00 RAM 7259/7607MB (lfb 3x4MB) SWAP 1410/16384MB (cached 135MB) CPU [1%@729,3%@729,2%@729,2%@729,0%@1344,93%@1344] GR3D_FREQ 99% cpu@64.25C soc2@63.25C soc0@64C gpu@65.875C tj@65.875C soc1@63.031C VDD_IN 17772mW/17649mW VDD_CPU_GPU_CV 8432mW/8430mW VDD_SOC 4073mW/4027mW
08-11-2026 17:56:01 RAM 7260/7607MB (lfb 3x4MB) SWAP 1410/16384MB (cached 135MB) CPU [7%@729,5%@729,6%@729,18%@729,0%@1344,92%@1344] GR3D_FREQ 98% cpu@64.062C soc2@63.312C soc0@64C gpu@65.843C tj@65.843C soc1@62.937C VDD_IN 17772mW/17649mW VDD_CPU_GPU_CV 8432mW/8430mW VDD_SOC 4073mW/4027mW
08-11-2026 17:56:02 RAM 7261/7607MB (lfb 3x4MB) SWAP 1410/16384MB (cached 135MB) CPU [3%@729,2%@729,2%@729,1%@729,0%@1344,92%@1344] GR3D_FREQ 98% cpu@64.093C soc2@63.218C soc0@64.093C gpu@65.843C tj@65.843C soc1@63.031C VDD_IN 17693mW/17649mW VDD_CPU_GPU_CV 8276mW/8430mW VDD_SOC 4112mW/4027mW
08-11-2026 17:56:03 RAM 7261/7607MB (lfb 3x4MB) SWAP 1410/16384MB (cached 135MB) CPU [1%@729,1%@729,2%@729,3%@729,0%@1344,92%@1344] GR3D_FREQ 97% cpu@64.281C soc2@63.312C soc0@63.906C gpu@65.5C tj@65.5C soc1@62.937C VDD_IN 17654mW/17649mW VDD_CPU_GPU_CV 8120mW/8430mW VDD_SOC 4151mW/4027mW
08-11-2026 17:56:04 RAM 7258/7607MB (lfb 3x4MB) SWAP 1411/16384MB (cached 136MB) CPU [4%@729,3%@729,0%@729,2%@729,0%@1344,92%@1344] GR3D_FREQ 98% cpu@64.5C soc2@63.25C soc0@63.937C gpu@65.5C tj@65.5C soc1@63C VDD_IN 17654mW/17649mW VDD_CPU_GPU_CV 8003mW/8429mW VDD_SOC 4230mW/4027mW
08-11-2026 17:56:05 RAM 7259/7607MB (lfb 3x4MB) SWAP 1411/16384MB (cached 136MB) CPU [2%@729,1%@729,2%@729,2%@729,0%@1344,92%@1344] GR3D_FREQ 99% cpu@64.375C soc2@63.312C soc0@63.906C gpu@65.218C tj@65.218C soc1@63C VDD_IN 17604mW/17649mW VDD_CPU_GPU_CV 7729mW/8429mW VDD_SOC 4276mW/4027mW
08-11-2026 17:56:06 RAM 7260/7607MB (lfb 3x4MB) SWAP 1411/16384MB (cached 136MB) CPU [8%@729,7%@729,19%@729,8%@729,0%@1344,92%@1344] GR3D_FREQ 99% cpu@64.312C soc2@63.25C soc0@64.062C gpu@65.218C tj@65.218C soc1@62.906C VDD_IN 17643mW/17649mW VDD_CPU_GPU_CV 8237mW/8428mW VDD_SOC 4119mW/4028mW
08-11-2026 17:56:07 RAM 7261/7607MB (lfb 3x4MB) SWAP 1411/16384MB (cached 136MB) CPU [1%@729,2%@729,2%@729,1%@729,0%@1344,92%@1344] GR3D_FREQ 99% cpu@64.281C soc2@63.187C soc0@63.906C gpu@65.937C tj@65.937C soc1@62.968C VDD_IN 17615mW/17649mW VDD_CPU_GPU_CV 8510mW/8428mW VDD_SOC 4001mW/4028mW
08-11-2026 17:56:08 RAM 7261/7607MB (lfb 3x4MB) SWAP 1411/16384MB (cached 136MB) CPU [3%@729,3%@729,1%@729,1%@729,0%@1344,92%@1344] GR3D_FREQ 99% cpu@64.093C soc2@63.281C soc0@63.875C gpu@66C tj@66C soc1@62.937C VDD_IN 17693mW/17649mW VDD_CPU_GPU_CV 8627mW/8429mW VDD_SOC 3995mW/4027mW
08-11-2026 17:56:09 RAM 7262/7607MB (lfb 3x4MB) SWAP 1411/16384MB (cached 136MB) CPU [2%@729,2%@729,1%@729,2%@729,0%@729,93%@729] GR3D_FREQ 99% cpu@64.343C soc2@63.281C soc0@63.937C gpu@65.562C tj@65.562C soc1@63C VDD_IN 17889mW/17650mW VDD_CPU_GPU_CV 8823mW/8429mW VDD_SOC 3955mW/4027mW
08-11-2026 17:56:10 RAM 7044/7607MB (lfb 11x4MB) SWAP 1411/16384MB (cached 136MB) CPU [27%@1344,16%@1344,8%@1344,18%@1344,16%@729,3%@729] GR3D_FREQ 0% cpu@63.125C soc2@62.593C soc0@63.656C gpu@62.906C tj@63.656C soc1@62.687C VDD_IN 7682mW/17638mW VDD_CPU_GPU_CV 1987mW/8422mW VDD_SOC 2146mW/4025mW
