timestamp,ram_used_mb,ram_total_mb,swap_used_mb,swap_total_mb,cpu_mean_pct,gr3d_pct,power_total_mW,power_total_source,power_sum_rails_mW,VDD_CPU_GPU_CV_avg_mW,VDD_CPU_GPU_CV_mW,VDD_IN_avg_mW,VDD_IN_mW,VDD_SOC_avg_mW,VDD_SOC_mW,cpu0_pct,cpu1_pct,cpu2_pct,cpu3_pct,cpu4_pct,cpu5_pct,temp_cpu_C,temp_gpu_C,temp_soc0_C,temp_soc1_C,temp_soc2_C,temp_tj_C
08-11-2026 15:33:14,2716,7607,776,16384,1.6666666666666667,0.0,5112,VDD_IN,7160,602,602,5112,5112,1446,1446,2.0,1.0,1.0,1.0,2.0,3.0,55.656,55.093,56.093,55.875,54.531,56.093
08-11-2026 15:33:15,2916,7607,775,16384,25.333333333333332,0.0,6080,VDD_IN,8912,959,1315,5596,6080,1482,1517,14.0,27.0,12.0,59.0,15.0,25.0,55.625,55.25,55.968,55.875,54.562,55.968
08-11-2026 15:33:16,3450,7607,775,16384,30.166666666666668,0.0,6429,VDD_IN,9499,1144,1515,5874,6429,1506,1555,55.0,29.0,31.0,22.0,21.0,23.0,55.687,55.218,56.062,55.718,54.406,56.062
08-11-2026 15:33:17,4281,7607,775,16384,58.666666666666664,0.0,6829,VDD_IN,10254,1316,1831,6113,6829,1528,1594,54.0,57.0,56.0,56.0,66.0,63.0,55.875,55.156,55.812,55.562,54.437,55.875
08-11-2026 15:33:18,5929,7607,775,16384,19.666666666666668,0.0,7336,VDD_IN,10838,1395,1711,6357,7336,1581,1791,7.0,6.0,91.0,6.0,4.0,4.0,55.843,55.187,55.843,55.593,54.375,55.843
08-11-2026 15:33:19,6503,7607,775,16384,33.833333333333336,99.0,15059,VDD_IN,25543,2365,7218,7808,15059,1862,3266,24.0,4.0,27.0,70.0,77.0,1.0,56.531,57.093,56.187,55.843,55.312,57.093
08-11-2026 15:33:20,6505,7607,775,16384,31.5,97.0,17526,VDD_IN,30090,3284,8798,9196,17526,2134,3766,65.0,3.0,23.0,8.0,89.0,1.0,56.593,57.937,56.468,55.875,55.718,57.937
08-11-2026 15:33:21,6922,7607,798,16384,30.166666666666668,97.0,16255,VDD_IN,27586,3823,7598,10078,16255,2334,3733,24.0,31.0,15.0,12.0,94.0,5.0,56.781,57.843,56.531,56.031,55.656,58.031
08-11-2026 15:33:22,6926,7607,798,16384,18.333333333333332,97.0,17368,VDD_IN,29580,4311,8211,10888,17368,2519,4001,1.0,2.0,4.0,3.0,93.0,7.0,57.25,58.5,56.75,56.156,56.031,58.5
08-11-2026 15:33:23,6927,7607,798,16384,17.0,98.0,17408,VDD_IN,29543,4685,8055,11540,17408,2675,4080,3.0,2.0,4.0,1.0,92.0,0.0,57.187,58.687,56.937,56.375,56.218,58.687
08-11-2026 15:33:24,6929,7607,798,16384,18.166666666666668,97.0,17408,VDD_IN,29465,4981,7938,12074,17408,2806,4119,5.0,0.0,10.0,2.0,92.0,0.0,57.375,58.75,57.125,56.406,56.375,58.75
08-11-2026 15:33:25,6929,7607,798,16384,33.166666666666664,99.0,17801,VDD_IN,30118,5243,8120,12551,17801,2922,4197,7.0,4.0,22.0,74.0,92.0,0.0,57.75,58.843,57.312,56.437,56.625,58.843
08-11-2026 15:33:26,6934,7607,798,16384,23.666666666666668,99.0,17408,VDD_IN,29581,5465,8133,12925,17408,3008,4040,12.0,17.0,14.0,8.0,91.0,0.0,57.875,58.75,57.343,56.625,56.687,58.75
08-11-2026 15:33:27,6934,7607,798,16384,17.166666666666668,99.0,17290,VDD_IN,29580,5675,8407,13236,17290,3071,3883,3.0,1.0,2.0,4.0,93.0,0.0,57.875,58.968,57.406,56.75,56.75,58.968
08-11-2026 15:33:28,6935,7607,798,16384,17.0,99.0,17643,VDD_IN,30207,5870,8602,13530,17643,3130,3962,4.0,3.0,1.0,2.0,92.0,0.0,57.75,59.187,57.625,56.875,56.906,59.187
08-11-2026 15:33:29,6935,7607,798,16384,18.166666666666668,96.0,17526,VDD_IN,29958,6038,8549,13780,17526,3177,3883,5.0,5.0,1.0,2.0,96.0,0.0,57.968,59.218,57.75,56.937,56.968,59.218
08-11-2026 15:33:30,6935,7607,798,16384,18.5,97.0,17604,VDD_IN,30192,6195,8705,14005,17604,3219,3883,6.0,2.0,5.0,2.0,96.0,0.0,58.187,59.468,57.937,56.968,57.156,59.468
08-11-2026 15:33:31,6940,7607,798,16384,37.666666666666664,98.0,18203,VDD_IN,31293,6360,9174,14238,18203,3257,3916,14.0,71.0,11.0,23.0,92.0,15.0,58.437,59.468,57.906,57.125,57.218,59.468
08-11-2026 15:33:32,6941,7607,798,16384,17.666666666666668,97.0,17643,VDD_IN,30232,6481,8666,14417,17643,3292,3923,10.0,2.0,1.0,1.0,92.0,0.0,58.437,59.468,57.968,57.312,57.25,59.468
08-11-2026 15:33:33,6941,7607,798,16384,17.0,99.0,17565,VDD_IN,29998,6583,8510,14575,17565,3324,3923,3.0,2.0,2.0,1.0,93.0,1.0,58.343,59.562,58.218,57.406,57.437,59.562
08-11-2026 15:33:34,6942,7607,798,16384,17.166666666666668,97.0,17565,VDD_IN,30037,6675,8510,14717,17565,3354,3962,3.0,3.0,3.0,2.0,92.0,0.0,58.437,59.687,58.281,57.406,57.5,59.687
08-11-2026 15:33:35,6942,7607,798,16384,17.0,98.0,17486,VDD_IN,29841,6751,8354,14843,17486,3384,4001,1.0,2.0,2.0,5.0,92.0,0.0,58.687,59.718,58.25,57.468,57.593,59.718
08-11-2026 15:33:36,6943,7607,798,16384,19.166666666666668,97.0,17643,VDD_IN,30076,6822,8393,14965,17643,3412,4040,8.0,4.0,3.0,7.0,93.0,0.0,58.937,59.968,58.375,57.656,57.75,59.968
08-11-2026 15:33:37,6944,7607,798,16384,34.833333333333336,97.0,17889,VDD_IN,30472,6893,8510,15087,17889,3440,4073,84.0,8.0,9.0,14.0,92.0,2.0,59.218,60.187,58.468,57.781,57.875,60.187
08-11-2026 15:33:38,6944,7607,798,16384,17.166666666666668,97.0,17486,VDD_IN,29660,6939,8055,15182,17486,3467,4119,2.0,5.0,2.0,2.0,92.0,0.0,58.781,60.156,58.75,57.687,57.937,60.156
08-11-2026 15:33:39,6945,7607,798,16384,16.833333333333332,97.0,17408,VDD_IN,29386,6972,7781,15268,17408,3495,4197,2.0,2.0,3.0,1.0,91.0,2.0,59.125,60.156,58.843,57.875,57.906,60.156
08-11-2026 15:33:40,6945,7607,798,16384,17.666666666666668,99.0,17290,VDD_IN,29308,7006,7899,15343,17290,3518,4119,3.0,5.0,5.0,1.0,92.0,0.0,59.375,59.75,58.843,57.968,58.125,59.75
08-11-2026 15:33:41,6946,7607,798,16384,17.5,99.0,17329,VDD_IN,29659,7056,8407,15414,17329,3533,3923,5.0,2.0,5.0,1.0,92.0,0.0,59.437,60.281,58.906,58.093,58.187,60.281
08-11-2026 15:33:42,6949,7607,798,16384,25.0,99.0,17801,VDD_IN,30429,7111,8666,15496,17801,3547,3962,21.0,20.0,12.0,16.0,79.0,2.0,59.812,60.468,58.937,58.218,58.281,60.468
08-11-2026 15:33:43,6949,7607,798,16384,31.0,99.0,17958,VDD_IN,30814,7172,8940,15578,17958,3560,3916,26.0,5.0,4.0,57.0,94.0,0.0,59.218,60.562,59.125,58.187,58.468,60.562
08-11-2026 15:33:44,6949,7607,798,16384,18.166666666666668,97.0,17683,VDD_IN,30310,7223,8744,15646,17683,3570,3883,7.0,2.0,1.0,2.0,97.0,0.0,59.343,60.718,59.343,58.343,58.375,60.718
08-11-2026 15:33:45,6950,7607,798,16384,16.5,98.0,17643,VDD_IN,30193,7267,8627,15709,17643,3581,3923,3.0,1.0,1.0,2.0,92.0,0.0,59.5,60.718,59.156,58.343,58.468,60.718
08-11-2026 15:33:46,6951,7607,798,16384,17.166666666666668,97.0,17683,VDD_IN,30233,7308,8627,15768,17683,3591,3923,5.0,2.0,1.0,3.0,92.0,0.0,59.875,61.125,59.312,58.5,58.656,61.125
08-11-2026 15:33:47,6952,7607,798,16384,21.666666666666668,97.0,17654,VDD_IN,30243,7347,8627,15824,17654,3602,3962,13.0,3.0,17.0,3.0,92.0,2.0,59.687,61.187,59.5,58.531,58.718,61.187
08-11-2026 15:33:48,6953,7607,798,16384,22.166666666666668,97.0,17929,VDD_IN,30675,7388,8784,15884,17929,3613,3962,7.0,5.0,4.0,25.0,92.0,0.0,59.75,61.312,59.625,58.5,58.843,61.312
08-11-2026 15:33:49,6953,7607,798,16384,28.833333333333332,97.0,17772,VDD_IN,30400,7422,8627,15936,17772,3623,4001,3.0,25.0,3.0,46.0,93.0,3.0,59.718,61.312,59.718,58.718,58.968,61.312
08-11-2026 15:33:50,6954,7607,798,16384,17.333333333333332,97.0,17526,VDD_IN,29881,7447,8315,15979,17526,3635,4040,5.0,3.0,2.0,2.0,92.0,0.0,59.906,61.437,59.625,58.75,58.875,61.437
08-11-2026 15:33:51,6954,7607,798,16384,17.0,97.0,17526,VDD_IN,29778,7466,8172,16020,17526,3646,4080,6.0,1.0,1.0,2.0,92.0,0.0,60.187,61.437,59.687,58.75,58.937,61.437
08-11-2026 15:33:52,6954,7607,798,16384,21.833333333333332,97.0,17683,VDD_IN,30000,7484,8198,16063,17683,3659,4119,11.0,4.0,5.0,7.0,66.0,38.0,60.093,61.218,59.812,58.937,59.031,61.218
08-11-2026 15:33:53,6955,7607,798,16384,16.833333333333332,97.0,17408,VDD_IN,29386,7492,7781,16096,17408,3672,4197,2.0,5.0,0.0,2.0,0.0,92.0,60.343,61.218,59.968,58.906,59.187,61.218
08-11-2026 15:33:54,6957,7607,798,16384,24.166666666666668,99.0,17683,VDD_IN,30039,7509,8198,16135,17683,3684,4158,6.0,4.0,3.0,41.0,0.0,91.0,60.468,60.875,59.875,58.937,59.187,60.875
08-11-2026 15:33:55,6959,7607,798,16384,26.166666666666668,99.0,17565,VDD_IN,30076,7534,8549,16169,17565,3690,3962,7.0,2.0,25.0,30.0,0.0,93.0,60.343,61.531,60.0,59.156,59.281,61.531
08-11-2026 15:33:56,6960,7607,798,16384,17.166666666666668,99.0,17486,VDD_IN,29933,7556,8485,16200,17486,3697,3962,5.0,2.0,2.0,2.0,0.0,92.0,60.531,61.562,59.968,59.156,59.312,61.562
08-11-2026 15:33:57,6961,7607,798,16384,20.833333333333332,99.0,17772,VDD_IN,30557,7586,8862,16235,17772,3702,3923,4.0,3.0,6.0,18.0,0.0,94.0,60.406,61.75,60.125,59.25,59.468,61.75
08-11-2026 15:33:58,6961,7607,798,16384,17.5,97.0,17654,VDD_IN,30281,7611,8744,16267,17654,3706,3883,92.0,3.0,1.0,5.0,0.0,4.0,60.312,61.812,60.187,59.25,59.531,61.812
08-11-2026 15:33:59,6962,7607,798,16384,16.166666666666668,97.0,17565,VDD_IN,30115,7633,8627,16295,17565,3711,3923,92.0,2.0,3.0,0.0,0.0,0.0,60.375,61.875,60.343,59.281,59.531,61.875
08-11-2026 15:34:00,6962,7607,798,16384,26.666666666666668,97.0,18046,VDD_IN,31019,7664,9057,16332,18046,3715,3916,53.0,3.0,14.0,48.0,41.0,1.0,60.781,61.843,60.281,59.406,59.562,61.843
08-11-2026 15:34:01,6963,7607,798,16384,23.166666666666668,97.0,17761,VDD_IN,30389,7685,8666,16362,17761,3720,3962,3.0,2.0,7.0,92.0,31.0,4.0,60.687,61.843,60.375,59.468,59.75,61.843
08-11-2026 15:34:02,6963,7607,798,16384,16.833333333333332,97.0,17643,VDD_IN,30154,7702,8549,16388,17643,3725,3962,4.0,2.0,2.0,92.0,0.0,1.0,60.968,61.937,60.406,59.562,59.687,61.937
08-11-2026 15:34:03,6964,7607,798,16384,21.166666666666668,97.0,17604,VDD_IN,30037,7717,8432,16413,17604,3731,4001,7.0,7.0,8.0,93.0,11.0,1.0,60.75,61.875,60.656,59.812,59.843,61.875
08-11-2026 15:34:04,6965,7607,798,16384,16.833333333333332,97.0,17565,VDD_IN,29934,7729,8329,16435,17565,3737,4040,3.0,1.0,4.0,92.0,0.0,1.0,60.968,62.062,60.656,59.531,59.937,62.062
08-11-2026 15:34:05,6965,7607,798,16384,16.333333333333332,97.0,17565,VDD_IN,29856,7738,8211,16457,17565,3743,4080,2.0,3.0,1.0,92.0,0.0,0.0,60.968,62.093,60.562,59.562,59.812,62.093
08-11-2026 15:34:06,6967,7607,798,16384,28.5,97.0,17968,VDD_IN,30629,7753,8510,16486,17968,3751,4151,8.0,9.0,2.0,92.0,60.0,0.0,61.156,62.156,60.656,59.75,59.968,62.156
08-11-2026 15:34:07,6968,7607,798,16384,21.333333333333332,97.0,17565,VDD_IN,29700,7756,7938,16506,17565,3759,4197,3.0,5.0,4.0,92.0,18.0,6.0,61.156,62.156,60.687,59.843,60.062,62.156
08-11-2026 15:34:08,6970,7607,798,16384,20.666666666666668,99.0,17526,VDD_IN,29582,7758,7859,16524,17526,3767,4197,13.0,4.0,5.0,94.0,6.0,2.0,61.031,61.75,60.718,59.875,60.156,61.75
08-11-2026 15:34:09,6970,7607,798,16384,17.333333333333332,99.0,17408,VDD_IN,29738,7769,8368,16540,17408,3771,3962,3.0,1.0,2.0,93.0,4.0,1.0,61.062,62.25,60.875,59.906,60.156,62.25
08-11-2026 15:34:10,6970,7607,798,16384,16.666666666666668,99.0,17447,VDD_IN,29894,7781,8485,16556,17447,3774,3962,1.0,1.0,3.0,92.0,0.0,3.0,61.156,62.343,61.0,59.906,60.156,62.343
08-11-2026 15:34:11,6970,7607,798,16384,16.833333333333332,99.0,17840,VDD_IN,30618,7799,8823,16578,17840,3777,3955,2.0,2.0,2.0,93.0,1.0,1.0,61.062,62.968,60.937,59.937,60.281,62.968
08-11-2026 15:34:12,6971,7607,798,16384,31.666666666666668,97.0,18164,VDD_IN,31293,7823,9213,16605,18164,3780,3916,4.0,7.0,19.0,99.0,59.0,2.0,62.0,62.843,61.0,60.062,60.312,62.843
08-11-2026 15:34:13,6972,7607,798,16384,22.333333333333332,97.0,17811,VDD_IN,30557,7840,8823,16625,17811,3782,3923,10.0,8.0,11.0,92.0,1.0,12.0,61.25,62.875,61.125,60.187,60.406,62.875
08-11-2026 15:34:14,6973,7607,798,16384,17.5,97.0,17693,VDD_IN,30321,7854,8705,16642,17693,3784,3923,5.0,2.0,4.0,92.0,2.0,0.0,61.281,63.031,61.125,60.25,60.437,63.031
08-11-2026 15:34:15,6973,7607,798,16384,16.5,97.0,17643,VDD_IN,30193,7866,8588,16659,17643,3787,3962,2.0,3.0,2.0,92.0,0.0,0.0,61.406,63.031,61.218,60.093,60.343,63.031
08-11-2026 15:34:17,6963,7607,798,16384,17.333333333333332,97.0,17643,VDD_IN,30193,7878,8588,16674,17643,3790,3962,3.0,3.0,2.0,92.0,1.0,3.0,61.5,62.593,61.125,60.187,60.531,62.593
08-11-2026 15:34:18,6963,7607,798,16384,16.5,97.0,17683,VDD_IN,30155,7887,8471,16690,17683,3793,4001,2.0,1.0,1.0,92.0,0.0,3.0,61.593,62.625,61.125,60.25,60.437,62.625
08-11-2026 15:34:19,6970,7607,798,16384,35.833333333333336,97.0,18164,VDD_IN,31138,7903,8940,16713,18164,3797,4034,34.0,8.0,17.0,71.0,81.0,4.0,61.375,62.781,61.187,60.343,60.625,62.781
08-11-2026 15:34:20,6970,7607,798,16384,17.833333333333332,97.0,17643,VDD_IN,30038,7909,8315,16727,17643,3801,4080,2.0,2.0,9.0,1.0,92.0,1.0,61.406,62.906,61.281,60.406,60.656,62.906
08-11-2026 15:34:21,6971,7607,798,16384,17.666666666666668,97.0,17565,VDD_IN,29765,7912,8081,16739,17565,3806,4119,2.0,3.0,5.0,3.0,92.0,1.0,61.468,62.906,61.312,60.375,60.562,62.906
08-11-2026 15:34:22,6971,7607,798,16384,16.666666666666668,97.0,17565,VDD_IN,29739,7913,7977,16751,17565,3812,4197,2.0,2.0,3.0,1.0,92.0,0.0,61.5,62.875,61.312,60.375,60.656,62.875
08-11-2026 15:34:23,6972,7607,798,16384,17.5,99.0,17447,VDD_IN,29348,7909,7664,16761,17447,3818,4237,3.0,0.0,6.0,2.0,92.0,2.0,61.968,62.343,61.312,60.437,60.75,62.343
08-11-2026 15:34:24,6975,7607,798,16384,22.166666666666668,99.0,17654,VDD_IN,30204,7918,8510,16774,17654,3821,4040,5.0,16.0,14.0,6.0,92.0,0.0,62.062,62.906,61.437,60.531,60.75,62.906
08-11-2026 15:34:25,6976,7607,798,16384,31.833333333333332,99.0,17850,VDD_IN,30635,7930,8823,16789,17850,3823,3962,25.0,4.0,62.0,3.0,95.0,2.0,61.625,63.062,61.468,60.375,60.875,63.062
08-11-2026 15:34:26,6976,7607,798,16384,17.5,99.0,18007,VDD_IN,30864,7942,8784,16806,18007,3826,4073,4.0,6.0,1.0,1.0,92.0,1.0,61.843,63.187,61.437,60.468,60.843,63.187
08-11-2026 15:34:27,6976,7607,798,16384,18.333333333333332,96.0,17654,VDD_IN,30321,7954,8784,16818,17654,3827,3883,2.0,1.0,6.0,3.0,98.0,0.0,61.906,63.062,61.562,60.625,60.781,63.062
08-11-2026 15:34:28,6977,7607,798,16384,17.5,97.0,17761,VDD_IN,30428,7965,8744,16831,17761,3829,3923,4.0,2.0,2.0,2.0,94.0,1.0,61.906,63.187,61.5,60.562,60.812,63.187
08-11-2026 15:34:29,6977,7607,798,16384,17.166666666666668,97.0,17683,VDD_IN,30272,7974,8666,16842,17683,3830,3923,2.0,3.0,5.0,1.0,92.0,0.0,62.062,63.062,61.687,60.812,60.968,63.062
08-11-2026 15:34:30,6976,7607,798,16384,27.0,97.0,18046,VDD_IN,30941,7987,8940,16858,18046,3831,3955,28.0,11.0,25.0,3.0,93.0,2.0,61.906,63.437,61.812,60.656,61.125,63.437
08-11-2026 15:34:31,6977,7607,798,16384,28.666666666666668,99.0,17929,VDD_IN,30708,7997,8784,16872,17929,3834,3995,46.0,27.0,5.0,2.0,92.0,0.0,61.968,63.406,61.593,60.75,61.031,63.406
08-11-2026 15:34:32,6977,7607,798,16384,17.0,97.0,17693,VDD_IN,30243,8004,8549,16882,17693,3836,4001,2.0,2.0,4.0,2.0,92.0,0.0,62.125,63.531,61.625,60.812,61.093,63.531
08-11-2026 15:34:33,6972,7607,797,16384,24.333333333333332,98.0,17693,VDD_IN,30204,8010,8471,16893,17693,3838,4040,6.0,11.0,18.0,17.0,91.0,3.0,62.062,63.437,61.843,60.812,61.062,63.437
08-11-2026 15:34:34,6973,7607,797,16384,17.333333333333332,97.0,17683,VDD_IN,30117,8014,8354,16902,17683,3841,4080,2.0,5.0,1.0,4.0,92.0,0.0,62.312,63.562,61.906,60.937,61.125,63.562
08-11-2026 15:34:35,6977,7607,797,16384,22.5,99.0,17654,VDD_IN,30010,8017,8198,16912,17654,3845,4158,10.0,17.0,7.0,7.0,92.0,2.0,62.031,63.625,61.937,60.906,61.187,63.625
08-11-2026 15:34:36,6980,7607,797,16384,25.5,97.0,17929,VDD_IN,30473,8021,8354,16924,17929,3849,4190,39.0,12.0,6.0,3.0,92.0,1.0,62.218,63.343,61.906,60.906,61.156,63.343
08-11-2026 15:34:37,6981,7607,797,16384,27.333333333333332,99.0,17761,VDD_IN,29962,8019,7925,16934,17761,3855,4276,38.0,7.0,22.0,4.0,92.0,1.0,62.468,63.125,61.843,60.937,61.25,63.125
08-11-2026 15:34:38,6982,7607,797,16384,17.166666666666668,99.0,17486,VDD_IN,29737,8022,8211,16941,17486,3857,4040,6.0,2.0,2.0,0.0,92.0,1.0,62.312,63.187,61.968,61.031,61.281,63.187
08-11-2026 15:34:39,6982,7607,797,16384,16.666666666666668,99.0,17526,VDD_IN,29959,8028,8510,16948,17526,3858,3923,4.0,2.0,2.0,0.0,92.0,0.0,62.312,63.656,62.093,61.093,61.25,63.656
08-11-2026 15:34:40,6985,7607,797,16384,20.833333333333332,99.0,18125,VDD_IN,31021,8037,8823,16961,18125,3860,4073,13.0,6.0,20.0,4.0,81.0,1.0,62.187,63.656,62.125,61.0,61.437,63.656
08-11-2026 15:34:41,6985,7607,797,16384,18.333333333333332,96.0,17732,VDD_IN,30399,8045,8784,16970,17732,3860,3883,3.0,2.0,3.0,3.0,98.0,1.0,62.187,63.968,61.968,61.125,61.218,63.968
08-11-2026 15:34:42,6987,7607,797,16384,26.333333333333332,97.0,18164,VDD_IN,31254,8058,9174,16984,18164,3861,3916,50.0,6.0,4.0,3.0,94.0,1.0,62.625,63.562,62.0,61.187,61.562,63.562
08-11-2026 15:34:43,6988,7607,797,16384,24.5,97.0,17772,VDD_IN,30518,8066,8784,16993,17772,3862,3962,22.0,5.0,21.0,7.0,92.0,0.0,62.218,63.468,62.156,61.218,61.343,63.468
08-11-2026 15:34:44,6980,7607,797,16384,17.166666666666668,97.0,17732,VDD_IN,30360,8073,8666,17001,17732,3863,3962,3.0,2.0,4.0,2.0,92.0,0.0,62.187,63.656,62.25,61.125,61.468,63.656
08-11-2026 15:34:45,6982,7607,797,16384,21.833333333333332,97.0,17889,VDD_IN,30628,8080,8744,17011,17889,3865,3995,18.0,8.0,5.0,7.0,92.0,1.0,62.281,63.562,62.218,61.093,61.5,63.843
08-11-2026 15:34:46,6983,7607,797,16384,16.333333333333332,97.0,17722,VDD_IN,30272,8085,8549,17018,17722,3866,4001,1.0,4.0,1.0,1.0,91.0,0.0,62.281,63.906,62.031,61.25,61.437,63.906
08-11-2026 15:34:47,6983,7607,797,16384,17.166666666666668,97.0,17654,VDD_IN,30126,8089,8432,17025,17654,3868,4040,2.0,1.0,1.0,5.0,93.0,1.0,62.531,63.875,62.125,61.281,61.406,63.875
08-11-2026 15:34:48,6985,7607,797,16384,28.333333333333332,97.0,18125,VDD_IN,30942,8096,8744,17037,18125,3870,4073,6.0,3.0,62.0,6.0,92.0,1.0,62.593,63.937,62.187,61.375,61.562,63.937
08-11-2026 15:34:49,6986,7607,797,16384,22.5,98.0,17693,VDD_IN,30049,8098,8237,17044,17693,3873,4119,23.0,8.0,7.0,5.0,92.0,0.0,62.375,63.937,62.375,61.218,61.562,63.937
08-11-2026 15:34:50,6987,7607,797,16384,19.0,97.0,17722,VDD_IN,30039,8098,8120,17051,17722,3876,4197,6.0,4.0,10.0,2.0,92.0,0.0,62.593,63.687,62.343,61.312,61.531,63.687
08-11-2026 15:34:51,6992,7607,798,16384,22.5,99.0,17722,VDD_IN,29923,8096,7925,17058,17722,3880,4276,5.0,9.0,18.0,6.0,95.0,2.0,62.625,63.593,62.187,61.281,61.656,63.593
08-11-2026 15:34:52,6991,7607,798,16384,30.0,99.0,17929,VDD_IN,30629,8101,8549,17067,17929,3883,4151,66.0,5.0,5.0,11.0,92.0,1.0,62.906,63.343,62.406,61.343,61.781,63.343
08-11-2026 15:34:53,6992,7607,798,16384,20.0,99.0,17565,VDD_IN,30115,8106,8588,17072,17565,3884,3962,3.0,6.0,3.0,15.0,92.0,1.0,62.281,63.875,62.437,61.406,61.656,63.875
08-11-2026 15:34:54,6993,7607,798,16384,30.0,99.0,18282,VDD_IN,31412,8116,9096,17084,18282,3885,4034,7.0,3.0,68.0,9.0,92.0,1.0,62.75,64.0,62.437,61.343,61.75,64.0
08-11-2026 15:34:55,6993,7607,798,16384,20.333333333333332,97.0,17693,VDD_IN,30400,8122,8784,17090,17693,3886,3923,9.0,3.0,1.0,14.0,95.0,0.0,62.593,63.937,62.281,61.343,61.687,64.125
08-11-2026 15:34:56,6995,7607,798,16384,22.5,97.0,17850,VDD_IN,30628,8129,8862,17097,17850,3886,3916,15.0,8.0,3.0,13.0,96.0,0.0,62.562,64.25,62.375,61.5,61.687,64.25
08-11-2026 15:34:57,6996,7607,798,16384,16.833333333333332,98.0,17772,VDD_IN,30432,8135,8705,17104,17772,3887,3955,2.0,4.0,2.0,0.0,93.0,0.0,62.687,64.218,62.437,61.531,61.812,64.218
08-11-2026 15:34:58,6996,7607,798,16384,17.666666666666668,97.0,17772,VDD_IN,30471,8141,8744,17110,17772,3887,3955,8.0,2.0,2.0,2.0,92.0,0.0,62.406,64.25,62.375,61.562,61.75,64.25
08-11-2026 15:34:59,6997,7607,798,16384,16.833333333333332,99.0,17732,VDD_IN,30354,8145,8627,17116,17732,3888,3995,0.0,4.0,4.0,1.0,92.0,0.0,62.562,64.343,62.562,61.437,61.687,64.343
08-11-2026 15:35:00,7000,7607,798,16384,32.333333333333336,97.0,18242,VDD_IN,31240,8154,9003,17127,18242,3889,3995,85.0,10.0,4.0,2.0,92.0,1.0,62.968,64.343,62.437,61.468,61.875,64.343
08-11-2026 15:35:01,7002,7607,798,16384,22.666666666666668,99.0,17811,VDD_IN,30394,8157,8549,17133,17811,3891,4034,4.0,21.0,12.0,5.0,92.0,2.0,63.0,64.375,62.468,61.562,61.781,64.093
08-11-2026 15:35:02,7002,7607,798,16384,17.166666666666668,97.0,17693,VDD_IN,30127,8159,8354,17138,17693,3892,4080,0.0,2.0,5.0,3.0,43.0,50.0,62.906,64.156,62.562,61.593,61.812,64.156
08-11-2026 15:35:03,7002,7607,798,16384,17.0,98.0,17683,VDD_IN,29961,8159,8159,17143,17683,3895,4119,2.0,2.0,4.0,1.0,0.0,93.0,62.718,64.125,62.562,61.5,61.843,64.125
08-11-2026 15:35:04,7002,7607,798,16384,16.833333333333332,97.0,17683,VDD_IN,29922,8158,8081,17148,17683,3897,4158,2.0,2.0,4.0,1.0,0.0,92.0,62.812,64.062,62.656,61.5,61.781,64.062
08-11-2026 15:35:05,7002,7607,798,16384,17.166666666666668,97.0,17643,VDD_IN,29818,8156,7938,17153,17643,3900,4237,1.0,2.0,5.0,3.0,0.0,92.0,63.062,64.093,62.468,61.531,61.843,64.093
08-11-2026 15:35:06,6996,7607,798,16384,37.0,99.0,18046,VDD_IN,30668,8159,8471,17161,18046,3902,4151,32.0,71.0,8.0,15.0,4.0,92.0,63.468,64.0,62.593,61.656,62.062,64.0
08-11-2026 15:35:07,6996,7607,798,16384,16.833333333333332,99.0,17526,VDD_IN,29998,8162,8510,17164,17526,3903,3962,2.0,1.0,4.0,1.0,2.0,91.0,62.875,64.156,62.625,61.812,61.968,64.156
08-11-2026 15:35:08,6996,7607,798,16384,16.666666666666668,99.0,17693,VDD_IN,30321,8166,8627,17169,17693,3904,4001,2.0,2.0,1.0,2.0,0.0,93.0,62.656,64.125,62.593,61.625,62.031,64.125
08-11-2026 15:35:09,6996,7607,798,16384,17.666666666666668,98.0,17722,VDD_IN,30389,8171,8705,17173,17722,3904,3962,1.0,1.0,1.0,8.0,0.0,95.0,62.75,64.062,62.718,61.625,61.906,64.062
08-11-2026 15:35:10,6996,7607,798,16384,18.166666666666668,97.0,17772,VDD_IN,30518,8177,8823,17179,17772,3904,3923,2.0,2.0,3.0,5.0,0.0,97.0,62.968,64.343,62.625,61.75,61.937,64.343
08-11-2026 15:35:11,6998,7607,798,16384,25.0,99.0,18203,VDD_IN,31176,8184,9018,17187,18203,3905,3955,17.0,22.0,6.0,12.0,1.0,92.0,63.156,64.375,62.812,61.812,62.156,64.375
08-11-2026 15:35:12,6999,7607,798,16384,30.666666666666668,97.0,18125,VDD_IN,31059,8191,8979,17195,18125,3905,3955,57.0,4.0,21.0,10.0,0.0,92.0,62.937,64.531,62.75,61.687,62.0,64.531
08-11-2026 15:35:13,7000,7607,798,16384,17.333333333333332,98.0,17772,VDD_IN,30394,8194,8627,17200,17772,3906,3995,2.0,1.0,6.0,2.0,1.0,92.0,62.968,64.437,62.937,61.656,62.0,64.437
08-11-2026 15:35:14,7001,7607,798,16384,17.166666666666668,97.0,17732,VDD_IN,30321,8198,8588,17205,17732,3907,4001,4.0,3.0,2.0,2.0,0.0,92.0,63.125,64.312,62.687,61.812,62.031,64.312
08-11-2026 15:35:15,7001,7607,798,16384,17.166666666666668,97.0,17693,VDD_IN,30243,8200,8510,17209,17693,3908,4040,1.0,1.0,5.0,2.0,2.0,92.0,62.968,64.312,62.781,61.937,62.093,64.312
08-11-2026 15:35:16,7002,7607,798,16384,17.833333333333332,97.0,17732,VDD_IN,30244,8202,8432,17213,17732,3909,4080,4.0,3.0,1.0,7.0,0.0,92.0,63.312,64.312,62.812,61.937,62.156,64.312
08-11-2026 15:35:17,6997,7607,797,16384,26.666666666666668,97.0,17968,VDD_IN,30629,8205,8549,17219,17968,3911,4112,19.0,9.0,27.0,12.0,1.0,92.0,63.312,64.343,62.968,61.781,62.25,64.343
08-11-2026 15:35:18,6998,7607,797,16384,28.166666666666668,97.0,17889,VDD_IN,30394,8206,8354,17224,17889,3913,4151,23.0,3.0,44.0,6.0,1.0,92.0,63.125,64.406,62.937,61.812,62.156,64.406
08-11-2026 15:35:19,6999,7607,797,16384,16.666666666666668,97.0,17643,VDD_IN,29805,8204,7925,17228,17643,3915,4237,1.0,2.0,2.0,2.0,1.0,92.0,63.375,64.25,62.812,61.843,62.156,64.25
08-11-2026 15:35:20,6999,7607,797,16384,18.166666666666668,99.0,17526,VDD_IN,29648,8202,7925,17230,17526,3918,4197,3.0,7.0,1.0,2.0,3.0,93.0,63.281,64.093,62.812,61.906,62.187,64.093
08-11-2026 15:35:21,7000,7607,797,16384,16.666666666666668,99.0,17565,VDD_IN,29998,8203,8432,17233,17565,3918,4001,3.0,3.0,0.0,3.0,0.0,91.0,63.5,64.562,62.781,61.968,62.125,64.562
08-11-2026 15:35:22,7005,7607,797,16384,36.5,99.0,17968,VDD_IN,30864,8209,8901,17238,17968,3919,3995,25.0,28.0,23.0,32.0,19.0,92.0,63.0,64.781,62.968,61.843,62.312,64.781
08-11-2026 15:35:23,7001,7607,797,16384,25.166666666666668,99.0,18164,VDD_IN,31293,8216,9174,17246,18164,3919,3955,39.0,5.0,6.0,5.0,1.0,95.0,63.281,64.875,63.093,61.906,62.406,64.875
08-11-2026 15:35:24,7002,7607,797,16384,26.833333333333332,97.0,17968,VDD_IN,30863,8222,8979,17251,17968,3919,3916,30.0,8.0,7.0,18.0,1.0,97.0,63.312,64.906,63.0,61.906,62.281,64.906
08-11-2026 15:35:25,7002,7607,797,16384,17.166666666666668,98.0,17811,VDD_IN,30550,8227,8784,17255,17811,3919,3955,3.0,4.0,2.0,2.0,0.0,92.0,63.125,64.531,63.0,62.062,62.187,64.531
08-11-2026 15:35:26,7003,7607,797,16384,16.833333333333332,97.0,17772,VDD_IN,30478,8230,8744,17259,17772,3920,3962,1.0,5.0,1.0,2.0,1.0,91.0,63.437,64.593,63.062,62.031,62.25,64.593
08-11-2026 15:35:27,7009,7607,797,16384,21.166666666666668,97.0,17889,VDD_IN,30628,8234,8744,17264,17889,3920,3995,6.0,10.0,12.0,5.0,1.0,93.0,63.093,64.656,63.062,61.937,62.343,64.656
08-11-2026 15:35:28,7010,7607,797,16384,17.166666666666668,97.0,17811,VDD_IN,30433,8237,8627,17268,17811,3921,3995,4.0,3.0,3.0,1.0,0.0,92.0,63.093,64.687,62.906,61.937,62.187,64.687
08-11-2026 15:35:29,7008,7607,798,16384,26.833333333333332,97.0,18164,VDD_IN,31099,8242,8901,17275,18164,3922,4034,6.0,5.0,52.0,3.0,3.0,92.0,63.812,64.656,63.0,62.0,62.343,64.656
08-11-2026 15:35:30,7009,7607,798,16384,24.666666666666668,97.0,17850,VDD_IN,30472,8244,8549,17279,17850,3923,4073,4.0,11.0,20.0,21.0,0.0,92.0,63.156,64.687,63.0,62.031,62.343,64.687
08-11-2026 15:35:31,7009,7607,798,16384,17.333333333333332,97.0,17693,VDD_IN,30127,8245,8315,17282,17693,3924,4119,4.0,5.0,2.0,1.0,0.0,92.0,63.531,64.687,62.968,62.125,62.343,64.687
08-11-2026 15:35:32,7015,7607,798,16384,21.833333333333332,97.0,17889,VDD_IN,30394,8246,8354,17286,17889,3926,4151,5.0,11.0,4.0,19.0,0.0,92.0,63.125,64.468,63.093,61.968,62.375,64.468
08-11-2026 15:35:33,7015,7607,798,16384,16.833333333333332,97.0,17683,VDD_IN,29877,8244,7964,17289,17683,3928,4230,1.0,4.0,3.0,1.0,0.0,92.0,63.312,64.406,63.093,62.0,62.375,64.406
08-11-2026 15:35:34,7016,7607,798,16384,16.833333333333332,99.0,17565,VDD_IN,29622,8241,7820,17291,17565,3930,4237,2.0,5.0,1.0,1.0,0.0,92.0,63.718,63.906,63.0,62.031,62.343,63.906
08-11-2026 15:35:35,7018,7607,798,16384,28.333333333333332,99.0,17929,VDD_IN,30747,8245,8823,17296,17929,3931,3995,7.0,4.0,64.0,3.0,0.0,92.0,63.468,64.562,63.093,62.093,62.406,64.562
08-11-2026 15:35:36,7019,7607,798,16384,21.833333333333332,99.0,17693,VDD_IN,30321,8247,8627,17299,17693,3931,4001,22.0,6.0,8.0,3.0,0.0,92.0,63.25,64.656,63.062,62.031,62.375,64.656
08-11-2026 15:35:37,7020,7607,798,16384,19.0,99.0,18046,VDD_IN,31059,8253,9018,17304,18046,3932,3995,3.0,3.0,6.0,7.0,2.0,93.0,63.25,65.062,63.125,62.0,62.406,65.062
08-11-2026 15:35:38,7021,7607,798,16384,21.0,97.0,17850,VDD_IN,30628,8257,8862,17308,17850,3932,3916,7.0,7.0,6.0,7.0,0.0,99.0,63.312,64.937,63.093,62.062,62.312,64.937
08-11-2026 15:35:39,7021,7607,798,16384,16.666666666666668,97.0,17801,VDD_IN,30468,8260,8705,17311,17801,3932,3962,2.0,4.0,1.0,0.0,1.0,92.0,63.468,64.875,63.093,62.093,62.312,64.875
08-11-2026 15:35:40,7022,7607,798,16384,17.333333333333332,97.0,17811,VDD_IN,30557,8264,8784,17314,17811,3932,3962,2.0,2.0,2.0,6.0,0.0,92.0,63.125,64.968,63.093,62.187,62.406,64.968
08-11-2026 15:35:41,7018,7607,798,16384,30.333333333333332,97.0,18321,VDD_IN,31436,8270,9120,17321,18321,3932,3995,67.0,5.0,4.0,9.0,4.0,93.0,63.562,64.687,63.156,62.093,62.468,64.687
08-11-2026 15:35:42,7021,7607,798,16384,19.333333333333332,97.0,17850,VDD_IN,30550,8273,8705,17325,17850,3933,3995,2.0,6.0,5.0,11.0,0.0,92.0,63.437,64.937,63.093,62.062,62.312,64.937
08-11-2026 15:35:43,7023,7607,798,16384,22.0,97.0,17772,VDD_IN,30400,8275,8588,17328,17772,3934,4040,17.0,5.0,4.0,11.0,3.0,92.0,63.687,64.906,63.093,62.218,62.468,64.906
08-11-2026 15:35:44,7024,7607,798,16384,16.833333333333332,97.0,17693,VDD_IN,30165,8276,8432,17330,17693,3934,4040,2.0,2.0,1.0,1.0,3.0,92.0,63.312,64.875,63.187,62.125,62.5,64.875
08-11-2026 15:35:45,7024,7607,798,16384,16.666666666666668,97.0,17643,VDD_IN,29999,8276,8276,17332,17643,3935,4080,2.0,0.0,4.0,2.0,0.0,92.0,63.437,64.562,63.156,62.156,62.437,64.562
08-11-2026 15:35:46,7025,7607,798,16384,16.833333333333332,97.0,17526,VDD_IN,29726,8274,8081,17334,17526,3936,4119,2.0,2.0,3.0,2.0,0.0,92.0,63.562,64.437,63.093,62.187,62.5,64.437
08-11-2026 15:35:47,7022,7607,798,16384,32.5,97.0,17968,VDD_IN,30512,8275,8354,17338,17968,3938,4190,56.0,20.0,6.0,5.0,17.0,91.0,63.687,64.531,63.187,62.218,62.562,64.531
08-11-2026 15:35:48,7023,7607,798,16384,22.666666666666668,99.0,17526,VDD_IN,29544,8272,7781,17339,17526,3940,4237,4.0,8.0,20.0,11.0,1.0,92.0,63.906,64.312,63.187,62.343,62.593,64.312
08-11-2026 15:35:49,7024,7607,798,16384,17.0,99.0,17408,VDD_IN,29699,8272,8290,17339,17408,3940,4001,1.0,2.0,4.0,2.0,1.0,92.0,63.5,64.781,63.25,62.125,62.562,64.781
08-11-2026 15:35:50,7024,7607,798,16384,18.0,99.0,17486,VDD_IN,29880,8273,8432,17340,17486,3941,3962,4.0,2.0,2.0,6.0,1.0,93.0,63.375,64.875,63.093,62.156,62.531,64.875
08-11-2026 15:35:51,7025,7607,798,16384,16.833333333333332,99.0,17889,VDD_IN,30628,8276,8705,17344,17889,3941,4034,0.0,2.0,5.0,3.0,0.0,91.0,63.656,65.031,63.156,62.281,62.593,65.031
08-11-2026 15:35:52,7026,7607,798,16384,19.0,97.0,17693,VDD_IN,30400,8279,8784,17346,17693,3941,3923,4.0,1.0,5.0,2.0,3.0,99.0,63.312,65.031,63.218,62.312,62.531,65.031
08-11-2026 15:35:53,7024,7607,798,16384,36.0,97.0,18203,VDD_IN,31254,8284,9135,17352,18203,3941,3916,8.0,68.0,15.0,26.0,5.0,94.0,63.468,64.875,63.187,62.187,62.687,64.875
08-11-2026 15:35:54,7025,7607,798,16384,17.166666666666668,97.0,17654,VDD_IN,30243,8287,8666,17353,17654,3941,3923,3.0,4.0,3.0,1.0,0.0,92.0,63.312,64.875,63.343,62.25,62.437,64.875
08-11-2026 15:35:55,7025,7607,798,16384,17.0,97.0,17683,VDD_IN,30272,8289,8627,17355,17683,3941,3962,2.0,1.0,4.0,3.0,0.0,92.0,63.468,64.906,63.062,62.25,62.531,64.906
08-11-2026 15:35:56,7026,7607,798,16384,17.0,97.0,17643,VDD_IN,30115,8290,8510,17357,17643,3941,3962,2.0,1.0,5.0,2.0,0.0,92.0,63.625,64.843,63.218,62.281,62.531,64.843
08-11-2026 15:35:57,7027,7607,798,16384,17.166666666666668,97.0,17604,VDD_IN,30076,8291,8471,17359,17604,3941,4001,3.0,2.0,4.0,2.0,0.0,92.0,63.312,64.937,63.25,62.312,62.5,64.937
08-11-2026 15:35:58,7030,7607,798,16384,24.166666666666668,97.0,17929,VDD_IN,30590,8293,8627,17362,17929,3942,4034,11.0,4.0,22.0,16.0,0.0,92.0,63.687,64.906,63.343,62.187,62.625,64.593
08-11-2026 15:35:59,7031,7607,798,16384,29.666666666666668,97.0,17850,VDD_IN,30433,8295,8510,17365,17850,3943,4073,3.0,8.0,70.0,5.0,0.0,92.0,63.5,64.812,63.375,62.218,62.625,64.812
08-11-2026 15:36:00,7032,7607,798,16384,18.333333333333332,97.0,17565,VDD_IN,29765,8293,8081,17366,17565,3944,4119,7.0,2.0,3.0,6.0,0.0,92.0,63.531,64.687,63.218,62.281,62.593,64.687
08-11-2026 15:36:01,7032,7607,798,16384,16.833333333333332,97.0,17526,VDD_IN,29648,8291,7925,17367,17526,3945,4197,6.0,0.0,1.0,2.0,0.0,92.0,63.75,64.781,63.25,62.25,62.531,64.781
08-11-2026 15:36:02,7033,7607,798,16384,17.333333333333332,99.0,17447,VDD_IN,29387,8287,7664,17368,17447,3947,4276,3.0,3.0,4.0,2.0,0.0,92.0,63.718,64.25,63.312,62.343,62.593,64.25
08-11-2026 15:36:03,7033,7607,798,16384,16.666666666666668,99.0,17447,VDD_IN,29686,8287,8159,17368,17447,3948,4080,1.0,5.0,0.0,2.0,0.0,92.0,63.718,64.531,63.281,62.218,62.625,64.531
08-11-2026 15:36:04,7032,7607,798,16384,26.666666666666668,99.0,17772,VDD_IN,30518,8290,8784,17371,17772,3948,3962,39.0,9.0,13.0,6.0,1.0,92.0,63.562,64.968,63.375,62.312,62.656,64.968
08-11-2026 15:36:05,7032,7607,798,16384,28.333333333333332,99.0,18125,VDD_IN,31138,8293,8940,17375,18125,3949,4073,46.0,4.0,21.0,7.0,1.0,91.0,63.5,65.187,63.156,62.281,62.687,65.187
08-11-2026 15:36:06,7032,7607,798,16384,18.166666666666668,97.0,17683,VDD_IN,30311,8296,8705,17377,17683,3949,3923,2.0,4.0,2.0,2.0,1.0,98.0,63.593,65.062,63.312,62.312,62.593,65.062
08-11-2026 15:36:07,7032,7607,798,16384,17.5,97.0,17693,VDD_IN,30314,8298,8705,17379,17693,3949,3916,3.0,2.0,3.0,1.0,2.0,94.0,63.343,65.093,63.25,62.406,62.593,65.093
08-11-2026 15:36:08,7033,7607,798,16384,17.5,97.0,17654,VDD_IN,30243,8300,8666,17380,17654,3948,3923,3.0,3.0,5.0,1.0,0.0,93.0,63.468,65.062,63.406,62.218,62.593,65.062
08-11-2026 15:36:09,7034,7607,798,16384,21.333333333333332,97.0,17693,VDD_IN,30321,8302,8666,17382,17693,3949,3962,13.0,9.0,11.0,3.0,0.0,92.0,63.625,65.156,63.218,62.281,62.593,64.968
08-11-2026 15:36:10,7036,7607,798,16384,25.166666666666668,97.0,18007,VDD_IN,30903,8306,8901,17386,18007,3949,3995,41.0,7.0,7.0,4.0,0.0,92.0,63.937,64.906,63.312,62.312,62.718,64.906
08-11-2026 15:36:11,7038,7607,798,16384,26.166666666666668,97.0,17772,VDD_IN,30439,8308,8666,17388,17772,3949,4001,29.0,4.0,8.0,24.0,0.0,92.0,63.718,65.031,63.25,62.375,62.687,65.031
08-11-2026 15:36:12,7038,7607,798,16384,17.0,98.0,17654,VDD_IN,30087,8308,8393,17389,17654,3950,4040,3.0,5.0,1.0,1.0,0.0,92.0,63.468,64.906,63.375,62.375,62.625,64.906
08-11-2026 15:36:13,7039,7607,798,16384,17.166666666666668,97.0,16452,VDD_IN,28161,8307,8055,17384,16452,3948,3654,4.0,3.0,3.0,1.0,0.0,92.0,63.375,64.75,63.437,62.281,62.5,64.75
08-11-2026 15:36:14,7090,7607,811,16384,24.0,0.0,8942,VDD_IN,14262,8278,3055,17337,8942,3939,2265,16.0,23.0,23.0,23.0,23.0,36.0,62.937,62.593,63.031,62.187,61.968,63.031
08-11-2026 15:36:15,7433,7607,860,16384,80.5,42.0,7894,VDD_IN,12228,8246,2583,17285,7894,3927,1751,77.0,80.0,79.0,81.0,86.0,80.0,62.968,62.0,62.718,62.156,61.625,62.968
08-11-2026 15:36:16,7360,7607,957,16384,35.666666666666664,98.0,14571,VDD_IN,24403,8239,6994,17270,14571,3921,2838,19.0,19.0,17.0,69.0,38.0,52.0,62.968,63.781,62.656,61.843,61.75,63.781
08-11-2026 15:36:17,7341,7607,1001,16384,31.666666666666668,97.0,17526,VDD_IN,29856,8240,8368,17271,17526,3921,3962,27.0,10.0,24.0,43.0,63.0,23.0,62.937,64.281,62.875,61.937,62.062,64.281
08-11-2026 15:36:18,7349,7607,1001,16384,18.5,99.0,17604,VDD_IN,29882,8240,8159,17273,17604,3922,4119,3.0,8.0,5.0,2.0,93.0,0.0,63.187,64.343,62.843,62.031,62.156,64.343
08-11-2026 15:36:19,7341,7607,1003,16384,21.833333333333332,97.0,17772,VDD_IN,30128,8239,8198,17276,17772,3923,4158,8.0,6.0,8.0,15.0,92.0,2.0,63.156,64.375,62.937,62.093,62.25,64.375
08-11-2026 15:36:20,7344,7607,998,16384,18.5,98.0,17565,VDD_IN,29622,8237,7820,17278,17565,3925,4237,6.0,6.0,5.0,2.0,92.0,0.0,63.562,64.312,62.968,62.125,62.312,64.312
08-11-2026 15:36:21,7345,7607,998,16384,17.166666666666668,99.0,17368,VDD_IN,29581,8236,8094,17278,17368,3926,4119,4.0,1.0,4.0,2.0,92.0,0.0,63.156,64.125,63.031,61.968,62.375,64.125
08-11-2026 15:36:22,7340,7607,1004,16384,20.166666666666668,99.0,17693,VDD_IN,30321,8239,8666,17280,17693,3926,3962,6.0,2.0,12.0,5.0,91.0,5.0,63.562,64.593,63.156,62.062,62.343,64.875
08-11-2026 15:36:23,7287,7607,1055,16384,34.833333333333336,99.0,18321,VDD_IN,31451,8243,9096,17286,18321,3927,4034,23.0,3.0,64.0,6.0,92.0,21.0,63.468,65.062,63.093,62.0,62.5,65.062
08-11-2026 15:36:24,7290,7607,1055,16384,21.666666666666668,96.0,17850,VDD_IN,30589,8246,8823,17289,17850,3927,3916,5.0,5.0,17.0,6.0,97.0,0.0,63.531,64.968,63.031,62.125,62.343,64.968
08-11-2026 15:36:25,7291,7607,1055,16384,19.5,97.0,17772,VDD_IN,30472,8249,8784,17291,17772,3926,3916,9.0,1.0,15.0,2.0,90.0,0.0,63.406,65.062,63.062,62.187,62.437,65.062
08-11-2026 15:36:26,7289,7607,1055,16384,16.833333333333332,99.0,17615,VDD_IN,30243,8251,8666,17293,17615,3927,3962,92.0,6.0,1.0,2.0,0.0,0.0,63.218,65.0,63.093,62.0,62.593,65.0
08-11-2026 15:36:27,7290,7607,1055,16384,16.5,97.0,17693,VDD_IN,30321,8253,8666,17295,17693,3927,3962,92.0,4.0,1.0,2.0,0.0,0.0,63.312,64.625,63.125,62.031,62.5,64.625
08-11-2026 15:36:28,7290,7607,1055,16384,17.333333333333332,99.0,17683,VDD_IN,30227,8255,8549,17297,17683,3927,3995,22.0,5.0,74.0,3.0,0.0,0.0,63.375,64.593,63.031,62.062,62.343,64.593
08-11-2026 15:36:29,7282,7607,1063,16384,33.333333333333336,97.0,18085,VDD_IN,30981,8258,8901,17301,18085,3928,3995,9.0,10.0,92.0,7.0,76.0,6.0,63.781,64.718,63.093,62.187,62.468,64.718
08-11-2026 15:36:30,7285,7607,1063,16384,22.0,99.0,17654,VDD_IN,30165,8259,8471,17303,17654,3928,4040,6.0,13.0,22.0,16.0,75.0,0.0,63.406,64.781,63.156,62.25,62.437,64.781
08-11-2026 15:36:31,7284,7607,1063,16384,16.833333333333332,97.0,17575,VDD_IN,29970,8260,8315,17304,17575,3929,4080,2.0,2.0,1.0,1.0,92.0,3.0,63.125,64.781,63.156,62.281,62.375,64.781
08-11-2026 15:36:32,7284,7607,1063,16384,17.666666666666668,98.0,17536,VDD_IN,29775,8259,8120,17305,17536,3930,4119,3.0,5.0,2.0,5.0,91.0,0.0,63.187,64.781,63.187,62.218,62.406,64.781
08-11-2026 15:36:33,7284,7607,1063,16384,17.166666666666668,97.0,17565,VDD_IN,29739,8258,8016,17307,17565,3931,4158,2.0,2.0,1.0,6.0,92.0,0.0,63.406,64.781,63.093,62.125,62.375,64.781
08-11-2026 15:36:34,7286,7607,1063,16384,20.0,98.0,17654,VDD_IN,29816,8256,7925,17308,17654,3933,4237,16.0,3.0,3.0,6.0,92.0,0.0,63.343,64.656,63.093,62.125,62.531,64.656
08-11-2026 15:36:35,7287,7607,1063,16384,33.833333333333336,99.0,17811,VDD_IN,30316,8257,8393,17311,17811,3933,4112,58.0,32.0,14.0,7.0,92.0,0.0,63.625,64.406,63.093,62.312,62.593,64.406
08-11-2026 15:36:36,7287,7607,1063,16384,16.666666666666668,99.0,17486,VDD_IN,29919,8258,8471,17312,17486,3934,3962,2.0,0.0,2.0,4.0,92.0,0.0,63.187,64.781,63.187,62.156,62.468,64.781
08-11-2026 15:36:37,7287,7607,1063,16384,16.833333333333332,99.0,17772,VDD_IN,30433,8259,8627,17314,17772,3934,4034,5.0,2.0,1.0,1.0,92.0,0.0,63.25,64.843,63.156,62.093,62.343,64.843
08-11-2026 15:36:38,7287,7607,1063,16384,18.166666666666668,99.0,17693,VDD_IN,30353,8262,8705,17316,17693,3934,3955,3.0,2.0,6.0,3.0,95.0,0.0,63.437,64.718,63.093,62.125,62.468,64.718
08-11-2026 15:36:39,7287,7607,1063,16384,17.666666666666668,97.0,17772,VDD_IN,30511,8264,8823,17318,17772,3934,3916,2.0,1.0,3.0,3.0,97.0,0.0,63.281,64.812,63.187,62.187,62.406,64.812
08-11-2026 15:36:40,7289,7607,1063,16384,27.0,97.0,18125,VDD_IN,31215,8269,9135,17322,18125,3934,3955,15.0,10.0,14.0,31.0,92.0,0.0,63.843,64.875,63.187,62.312,62.593,64.875
08-11-2026 15:36:41,7289,7607,1063,16384,28.333333333333332,97.0,17968,VDD_IN,30863,8272,8940,17325,17968,3934,3955,3.0,4.0,23.0,46.0,93.0,1.0,63.25,65.093,63.218,62.218,62.593,65.093
08-11-2026 15:36:42,7276,7607,1068,16384,17.666666666666668,97.0,17772,VDD_IN,30472,8274,8705,17327,17772,3935,3995,3.0,2.0,4.0,2.0,92.0,3.0,63.281,65.093,63.093,62.156,62.468,65.093
08-11-2026 15:36:43,7276,7607,1068,16384,16.666666666666668,97.0,17693,VDD_IN,30282,8275,8588,17329,17693,3935,4001,0.0,2.0,1.0,5.0,92.0,0.0,63.437,65.25,63.156,62.156,62.406,65.25
08-11-2026 15:36:44,7277,7607,1068,16384,17.333333333333332,97.0,17722,VDD_IN,30227,8276,8471,17331,17722,3935,4034,3.0,2.0,4.0,3.0,92.0,0.0,63.218,65.125,63.187,62.281,62.5,65.125
08-11-2026 15:36:45,7280,7607,1068,16384,21.333333333333332,97.0,17889,VDD_IN,30511,8278,8588,17334,17889,3936,4034,8.0,15.0,4.0,9.0,92.0,0.0,63.687,65.156,63.156,62.312,62.562,65.156
08-11-2026 15:36:46,7282,7607,1068,16384,23.666666666666668,97.0,18085,VDD_IN,30824,8280,8627,17337,18085,3937,4112,37.0,3.0,6.0,4.0,92.0,0.0,63.343,65.156,63.187,62.187,62.687,65.156
08-11-2026 15:36:47,7282,7607,1068,16384,26.833333333333332,97.0,17811,VDD_IN,30238,8279,8276,17339,17811,3938,4151,33.0,8.0,6.0,22.0,92.0,0.0,63.468,64.843,63.156,62.281,62.531,64.843
08-11-2026 15:36:48,7283,7607,1068,16384,17.166666666666668,97.0,17693,VDD_IN,29886,8278,8003,17341,17693,3939,4190,2.0,3.0,1.0,5.0,92.0,0.0,63.531,64.781,63.187,62.25,62.531,64.781
08-11-2026 15:36:49,7283,7607,1068,16384,17.166666666666668,99.0,17526,VDD_IN,29531,8276,7729,17342,17526,3940,4276,2.0,1.0,2.0,5.0,92.0,1.0,63.5,64.375,63.093,62.343,62.593,64.375
08-11-2026 15:36:50,7285,7607,1068,16384,20.5,99.0,17604,VDD_IN,29960,8276,8276,17343,17604,3941,4080,4.0,7.0,12.0,8.0,92.0,0.0,63.718,64.437,63.281,62.406,62.593,64.437
08-11-2026 15:36:51,7271,7607,1101,16384,23.0,99.0,17575,VDD_IN,30164,8277,8627,17344,17575,3941,3962,11.0,7.0,16.0,7.0,92.0,5.0,63.25,64.75,63.312,62.187,62.531,64.75
08-11-2026 15:36:52,7274,7607,1101,16384,25.833333333333332,99.0,18399,VDD_IN,31631,8281,9159,17349,18399,3942,4073,51.0,2.0,5.0,5.0,92.0,0.0,63.593,64.937,63.156,62.281,62.843,64.937
08-11-2026 15:36:53,7274,7607,1101,16384,24.833333333333332,96.0,17811,VDD_IN,30589,8284,8862,17351,17811,3942,3916,20.0,7.0,4.0,21.0,97.0,0.0,63.437,64.843,63.187,62.312,62.531,64.843
08-11-2026 15:36:54,7274,7607,1101,16384,17.5,97.0,17732,VDD_IN,30471,8286,8784,17353,17732,3942,3955,4.0,2.0,2.0,2.0,95.0,0.0,63.218,64.843,63.312,62.312,62.593,64.843
08-11-2026 15:36:55,7275,7607,1101,16384,17.0,97.0,17693,VDD_IN,30353,8288,8705,17354,17693,3942,3955,2.0,3.0,3.0,2.0,92.0,0.0,63.343,64.781,63.312,62.25,62.625,64.781
08-11-2026 15:36:56,7277,7607,1101,16384,21.333333333333332,97.0,17850,VDD_IN,30549,8290,8744,17357,17850,3942,3955,4.0,16.0,10.0,6.0,92.0,0.0,63.437,65.0,63.218,62.312,62.562,65.0
08-11-2026 15:36:57,7278,7607,1101,16384,17.166666666666668,98.0,17732,VDD_IN,30354,8292,8627,17358,17732,3942,3995,1.0,3.0,4.0,3.0,92.0,0.0,63.562,64.968,63.218,62.312,62.562,64.968
08-11-2026 15:36:58,7271,7607,1101,16384,28.333333333333332,97.0,18203,VDD_IN,31255,8295,9018,17362,18203,3942,4034,62.0,8.0,3.0,5.0,92.0,0.0,63.718,65.218,63.281,62.281,62.656,65.218
08-11-2026 15:36:59,7271,7607,1101,16384,22.0,99.0,17772,VDD_IN,30316,8296,8510,17364,17772,3943,4034,7.0,3.0,23.0,7.0,92.0,0.0,63.25,65.031,63.312,62.375,62.718,65.031
08-11-2026 15:37:00,7272,7607,1100,16384,17.833333333333332,97.0,17693,VDD_IN,30120,8296,8354,17365,17693,3943,4073,2.0,2.0,8.0,3.0,92.0,0.0,63.281,65.062,63.343,62.312,62.593,65.062
08-11-2026 15:37:01,7274,7607,1100,16384,21.333333333333332,99.0,17693,VDD_IN,30042,8296,8198,17367,17693,3944,4151,5.0,11.0,13.0,7.0,92.0,0.0,63.468,65.062,63.25,62.281,62.593,65.062
08-11-2026 15:37:02,7274,7607,1100,16384,17.166666666666668,97.0,17654,VDD_IN,29925,8295,8081,17368,17654,3945,4190,2.0,3.0,2.0,5.0,91.0,0.0,63.656,64.843,63.156,62.437,62.562,64.843
08-11-2026 15:37:03,7275,7607,1100,16384,16.833333333333332,98.0,17565,VDD_IN,29610,8293,7808,17369,17565,3947,4237,1.0,4.0,1.0,3.0,92.0,0.0,63.718,64.625,63.312,62.343,62.625,64.625
08-11-2026 15:37:04,7278,7607,1100,16384,29.833333333333332,99.0,18007,VDD_IN,30746,8294,8588,17372,18007,3948,4151,67.0,10.0,7.0,2.0,93.0,0.0,63.562,64.468,63.375,62.406,62.812,64.468
08-11-2026 15:37:05,7278,7607,1100,16384,19.5,99.0,17615,VDD_IN,30165,8295,8588,17373,17615,3948,3962,1.0,13.0,2.0,9.0,92.0,0.0,63.312,64.968,63.406,62.312,62.625,64.968
08-11-2026 15:37:07,7279,7607,1100,16384,20.833333333333332,99.0,17850,VDD_IN,30550,8297,8705,17375,17850,3948,3995,11.0,5.0,6.0,11.0,92.0,0.0,63.562,65.0,63.281,62.312,62.656,65.0
08-11-2026 15:37:08,7267,7607,1109,16384,17.833333333333332,98.0,17654,VDD_IN,30243,8298,8627,17376,17654,3948,3962,4.0,5.0,2.0,0.0,96.0,0.0,63.687,65.125,63.25,62.312,62.625,65.125
08-11-2026 15:37:09,7268,7607,1109,16384,17.666666666666668,97.0,17811,VDD_IN,30550,8301,8823,17378,17811,3948,3916,3.0,1.0,3.0,3.0,96.0,0.0,63.5,65.25,63.375,62.312,62.625,65.25
08-11-2026 15:37:10,7269,7607,1109,16384,16.666666666666668,98.0,17772,VDD_IN,30432,8302,8705,17380,17772,3948,3955,2.0,2.0,1.0,3.0,92.0,0.0,63.75,65.281,63.312,62.5,62.656,65.281
08-11-2026 15:37:11,7273,7607,1109,16384,32.833333333333336,97.0,18282,VDD_IN,31396,8306,9159,17383,18282,3948,3955,26.0,4.0,68.0,6.0,93.0,0.0,63.656,65.406,63.437,62.343,62.718,65.406
08-11-2026 15:37:12,7275,7607,1108,16384,23.0,97.0,18046,VDD_IN,30903,8308,8862,17386,18046,3948,3995,9.0,18.0,16.0,3.0,92.0,0.0,63.531,65.281,63.343,62.375,62.656,65.281
08-11-2026 15:37:13,7275,7607,1108,16384,16.333333333333332,97.0,17811,VDD_IN,30433,8310,8627,17388,17811,3948,3995,0.0,1.0,1.0,4.0,92.0,0.0,63.75,65.125,63.312,62.437,62.625,65.125
08-11-2026 15:37:14,7276,7607,1108,16384,17.333333333333332,97.0,17732,VDD_IN,30276,8311,8510,17389,17732,3949,4034,4.0,2.0,2.0,3.0,93.0,0.0,63.406,65.062,63.375,62.437,62.687,65.062
08-11-2026 15:37:15,7276,7607,1108,16384,17.333333333333332,97.0,17693,VDD_IN,30198,8311,8432,17391,17693,3949,4073,4.0,2.0,2.0,4.0,92.0,0.0,63.406,65.031,63.468,62.281,62.656,65.031
08-11-2026 15:37:16,7277,7607,1108,16384,17.666666666666668,97.0,17654,VDD_IN,30003,8311,8237,17392,17654,3950,4112,3.0,4.0,5.0,3.0,91.0,0.0,63.562,65.031,63.281,62.375,62.593,65.031
08-11-2026 15:37:17,7279,7607,1108,16384,33.166666666666664,97.0,18203,VDD_IN,30981,8312,8588,17395,18203,3951,4190,10.0,82.0,6.0,9.0,92.0,0.0,63.812,65.093,63.281,62.406,62.687,65.093
08-11-2026 15:37:18,7271,7607,1126,16384,20.166666666666668,97.0,17732,VDD_IN,29965,8311,8003,17396,17732,3952,4230,8.0,2.0,12.0,3.0,92.0,4.0,63.812,64.906,63.312,62.468,62.718,64.906
08-11-2026 15:37:19,7271,7607,1126,16384,17.166666666666668,99.0,17486,VDD_IN,29542,8309,7859,17397,17486,3953,4197,4.0,1.0,5.0,1.0,92.0,0.0,63.687,64.312,63.5,62.593,62.656,64.312
08-11-2026 15:37:20,7272,7607,1126,16384,17.333333333333332,99.0,17526,VDD_IN,29920,8309,8393,17397,17526,3953,4001,2.0,3.0,3.0,4.0,92.0,0.0,63.562,64.812,63.531,62.312,62.781,64.812
08-11-2026 15:37:21,7272,7607,1126,16384,17.0,99.0,17615,VDD_IN,30159,8310,8549,17398,17615,3953,3995,3.0,3.0,3.0,1.0,92.0,0.0,63.625,65.062,63.281,62.375,62.593,65.062
08-11-2026 15:37:22,7274,7607,1126,16384,20.666666666666668,99.0,18242,VDD_IN,31357,8313,9081,17402,18242,3954,4034,20.0,5.0,5.0,1.0,93.0,0.0,63.687,65.218,63.343,62.437,62.812,65.218
08-11-2026 15:37:23,7277,7607,1126,16384,35.0,97.0,18164,VDD_IN,31239,8316,9120,17405,18164,3954,3955,69.0,10.0,14.0,14.0,99.0,4.0,63.75,65.281,63.531,62.531,62.687,65.281
08-11-2026 15:37:24,7278,7607,1126,16384,17.166666666666668,97.0,17811,VDD_IN,30550,8318,8784,17406,17811,3954,3955,2.0,1.0,3.0,3.0,93.0,1.0,63.468,65.25,63.468,62.531,62.75,65.25
08-11-2026 15:37:25,7278,7607,1126,16384,16.833333333333332,97.0,17811,VDD_IN,30550,8320,8784,17408,17811,3954,3955,4.0,3.0,2.0,1.0,91.0,0.0,63.5,65.281,63.468,62.5,62.781,65.281
08-11-2026 15:37:26,7279,7607,1126,16384,16.666666666666668,97.0,17811,VDD_IN,30511,8322,8705,17410,17811,3954,3995,2.0,1.0,3.0,2.0,92.0,0.0,63.593,65.343,63.468,62.406,62.687,65.343
08-11-2026 15:37:27,7271,7607,1133,16384,17.5,97.0,17732,VDD_IN,30315,8323,8588,17411,17732,3954,3995,8.0,0.0,2.0,3.0,92.0,0.0,63.562,65.187,63.375,62.437,62.718,65.0
08-11-2026 15:37:28,7275,7607,1133,16384,27.5,97.0,18203,VDD_IN,31201,8325,8964,17414,18203,3954,4034,39.0,7.0,15.0,35.0,68.0,1.0,64.031,65.125,63.468,62.468,62.781,65.125
08-11-2026 15:37:29,7275,7607,1133,16384,27.5,99.0,17968,VDD_IN,30707,8327,8666,17416,17968,3955,4073,20.0,3.0,4.0,43.0,92.0,3.0,63.531,65.156,63.437,62.593,62.875,65.156
08-11-2026 15:37:30,7276,7607,1133,16384,16.5,97.0,17732,VDD_IN,30198,8327,8393,17417,17732,3955,4073,48.0,2.0,2.0,3.0,44.0,0.0,63.718,65.156,63.562,62.375,62.843,65.156
08-11-2026 15:37:31,7276,7607,1133,16384,16.5,97.0,17693,VDD_IN,30081,8327,8276,17418,17693,3956,4112,92.0,2.0,2.0,3.0,0.0,0.0,63.687,65.125,63.375,62.5,62.75,65.125
08-11-2026 15:37:32,7276,7607,1133,16384,16.666666666666668,97.0,17615,VDD_IN,29847,8326,8081,17419,17615,3957,4151,93.0,1.0,4.0,1.0,1.0,0.0,63.687,65.093,63.468,62.468,62.875,65.093
08-11-2026 15:37:33,7277,7607,1133,16384,21.166666666666668,97.0,17732,VDD_IN,29965,8324,8003,17420,17732,3958,4230,44.0,9.0,18.0,5.0,51.0,0.0,63.875,64.906,63.468,62.562,62.781,64.906
08-11-2026 15:37:34,7278,7607,1133,16384,17.5,99.0,17536,VDD_IN,29698,8323,7925,17421,17536,3959,4237,1.0,2.0,5.0,5.0,92.0,0.0,63.781,64.468,63.437,62.656,62.906,64.468
08-11-2026 15:37:35,7278,7607,1133,16384,16.666666666666668,99.0,17536,VDD_IN,29969,8323,8432,17421,17536,3959,4001,1.0,2.0,2.0,3.0,92.0,0.0,63.562,65.281,63.562,62.406,62.75,65.281
08-11-2026 15:37:36,7279,7607,1133,16384,17.0,99.0,17654,VDD_IN,30165,8324,8510,17422,17654,3959,4001,2.0,1.0,2.0,5.0,92.0,0.0,63.656,65.406,63.437,62.437,62.781,65.406
08-11-2026 15:37:37,7279,7607,1133,16384,16.666666666666668,99.0,18046,VDD_IN,30981,8326,8862,17425,18046,3960,4073,2.0,2.0,2.0,2.0,92.0,0.0,63.625,65.5,63.437,62.531,62.812,65.5
08-11-2026 15:37:38,7268,7607,1139,16384,23.333333333333332,97.0,18046,VDD_IN,31019,8329,9057,17427,18046,3959,3916,13.0,6.0,7.0,15.0,99.0,0.0,63.781,65.437,63.406,62.593,62.75,65.437
08-11-2026 15:37:39,7268,7607,1139,16384,18.0,97.0,17850,VDD_IN,30628,8331,8823,17429,17850,3959,3955,5.0,2.0,5.0,2.0,94.0,0.0,63.562,65.468,63.5,62.437,62.843,65.468
08-11-2026 15:37:40,7269,7607,1139,16384,16.833333333333332,97.0,17772,VDD_IN,30471,8332,8744,17430,17772,3959,3955,6.0,1.0,0.0,2.0,92.0,0.0,63.562,65.125,63.375,62.406,62.843,65.125
08-11-2026 15:37:41,7269,7607,1139,16384,17.333333333333332,97.0,17772,VDD_IN,30433,8334,8666,17431,17772,3959,3995,3.0,1.0,6.0,2.0,92.0,0.0,63.625,65.281,63.406,62.468,62.75,65.281
08-11-2026 15:37:42,7269,7607,1139,16384,17.166666666666668,97.0,17693,VDD_IN,30276,8335,8588,17432,17693,3960,3995,2.0,4.0,1.0,3.0,21.0,72.0,63.562,65.218,63.531,62.531,62.781,65.218
08-11-2026 15:37:43,7271,7607,1139,16384,19.833333333333332,97.0,17850,VDD_IN,30550,8336,8666,17434,17850,3960,4034,4.0,14.0,3.0,6.0,0.0,92.0,63.906,65.187,63.468,62.562,62.843,65.187
08-11-2026 15:37:44,7272,7607,1139,16384,18.666666666666668,97.0,17732,VDD_IN,30237,8336,8432,17435,17732,3960,4073,3.0,12.0,2.0,4.0,0.0,91.0,63.593,65.0,63.625,62.406,62.843,65.0
08-11-2026 15:37:45,7273,7607,1139,16384,17.166666666666668,97.0,17693,VDD_IN,30120,8336,8354,17436,17693,3961,4073,2.0,3.0,5.0,1.0,0.0,92.0,63.625,65.125,63.5,62.562,62.812,65.125
08-11-2026 15:37:46,7273,7607,1139,16384,17.166666666666668,97.0,17615,VDD_IN,29925,8336,8159,17436,17615,3961,4151,2.0,4.0,2.0,2.0,0.0,93.0,63.781,64.968,63.468,62.437,62.75,64.968
08-11-2026 15:37:47,7274,7607,1139,16384,17.0,97.0,17615,VDD_IN,29808,8334,8003,17437,17615,3962,4190,6.0,1.0,2.0,1.0,0.0,92.0,64.031,65.187,63.468,62.562,62.812,65.187
08-11-2026 15:37:48,7275,7607,1139,16384,17.0,98.0,17536,VDD_IN,29620,8332,7808,17437,17536,3963,4276,2.0,5.0,1.0,2.0,0.0,92.0,63.75,64.906,63.625,62.406,62.687,64.906
08-11-2026 15:37:49,7276,7607,1139,16384,21.5,99.0,17565,VDD_IN,29882,8332,8198,17438,17565,3964,4119,4.0,10.0,15.0,8.0,0.0,92.0,63.968,64.812,63.468,62.531,62.718,64.812
08-11-2026 15:37:50,7277,7607,1139,16384,17.5,99.0,17497,VDD_IN,30008,8333,8549,17438,17497,3964,3962,3.0,1.0,2.0,7.0,0.0,92.0,63.875,65.312,63.5,62.437,62.718,65.312
08-11-2026 15:37:51,7277,7607,1139,16384,17.166666666666668,99.0,17811,VDD_IN,30511,8334,8666,17439,17811,3964,4034,1.0,3.0,2.0,4.0,0.0,93.0,63.562,65.187,63.531,62.562,62.812,65.187
08-11-2026 15:37:52,7277,7607,1139,16384,17.333333333333332,97.0,17654,VDD_IN,30282,8335,8705,17440,17654,3964,3923,2.0,3.0,2.0,1.0,0.0,96.0,63.562,65.093,63.562,62.5,62.875,65.093
08-11-2026 15:37:53,7266,7607,1145,16384,18.333333333333332,97.0,17850,VDD_IN,30667,8337,8862,17442,17850,3964,3955,3.0,5.0,3.0,3.0,0.0,96.0,63.562,65.218,63.468,62.531,62.718,65.218
08-11-2026 15:37:54,7269,7607,1145,16384,21.166666666666668,99.0,17811,VDD_IN,30550,8339,8784,17443,17811,3964,3955,9.0,3.0,6.0,17.0,0.0,92.0,63.75,65.093,63.468,62.531,62.812,65.093
08-11-2026 15:37:55,7270,7607,1145,16384,17.666666666666668,97.0,17811,VDD_IN,30510,8340,8744,17444,17811,3964,3955,2.0,3.0,2.0,7.0,0.0,92.0,63.968,65.375,63.437,62.531,62.781,65.375
08-11-2026 15:37:56,7270,7607,1145,16384,17.0,97.0,17732,VDD_IN,30315,8341,8588,17445,17732,3964,3995,3.0,3.0,1.0,2.0,0.0,93.0,63.625,65.281,63.562,62.593,62.812,65.281
08-11-2026 15:37:57,7271,7607,1145,16384,16.5,97.0,17732,VDD_IN,30354,8342,8588,17446,17732,3964,4034,2.0,3.0,2.0,1.0,0.0,91.0,63.593,65.312,63.562,62.5,62.812,65.312
08-11-2026 15:37:58,7271,7607,1145,16384,17.166666666666668,99.0,17732,VDD_IN,30237,8342,8432,17447,17732,3965,4073,2.0,1.0,1.0,7.0,0.0,92.0,63.562,65.312,63.468,62.437,62.75,65.312
08-11-2026 15:37:59,7273,7607,1145,16384,21.166666666666668,97.0,17811,VDD_IN,30355,8343,8471,17449,17811,3965,4073,11.0,7.0,12.0,5.0,0.0,92.0,63.718,65.437,63.468,62.562,62.781,65.437
08-11-2026 15:38:00,7273,7607,1145,16384,17.333333333333332,98.0,17654,VDD_IN,30003,8342,8198,17449,17654,3966,4151,3.0,5.0,2.0,1.0,0.0,93.0,63.875,65.156,63.531,62.593,62.843,65.156
08-11-2026 15:38:01,7274,7607,1145,16384,17.166666666666668,97.0,17693,VDD_IN,30003,8341,8120,17450,17693,3967,4190,1.0,6.0,3.0,1.0,0.0,92.0,63.656,65.156,63.531,62.687,62.843,65.156
08-11-2026 15:38:02,7274,7607,1145,16384,17.333333333333332,97.0,17536,VDD_IN,29659,8340,7886,17451,17536,3967,4237,4.0,2.0,1.0,5.0,0.0,92.0,63.812,65.0,63.562,62.531,62.875,65.0
08-11-2026 15:38:03,7275,7607,1145,16384,16.833333333333332,99.0,17526,VDD_IN,29609,8338,7886,17451,17526,3968,4197,3.0,1.0,1.0,4.0,0.0,92.0,64.125,64.593,63.5,62.468,62.843,64.593
08-11-2026 15:38:04,7276,7607,1145,16384,21.166666666666668,99.0,17772,VDD_IN,30433,8339,8627,17452,17772,3968,4034,17.0,3.0,7.0,8.0,0.0,92.0,63.625,65.093,63.531,62.593,62.781,65.093
08-11-2026 15:38:05,7277,7607,1145,16384,17.0,99.0,17693,VDD_IN,30237,8340,8549,17453,17693,3969,3995,3.0,2.0,1.0,3.0,0.0,93.0,63.906,65.531,63.562,62.593,62.843,65.531
08-11-2026 15:38:06,7277,7607,1145,16384,17.666666666666668,99.0,17929,VDD_IN,30824,8342,8940,17454,17929,3969,3955,2.0,2.0,3.0,3.0,3.0,93.0,63.562,65.75,63.625,62.5,62.906,65.75
08-11-2026 15:38:07,7268,7607,1151,16384,18.833333333333332,97.0,17850,VDD_IN,30628,8344,8862,17456,17850,3968,3916,3.0,5.0,2.0,4.0,0.0,99.0,63.75,65.093,63.5,62.531,62.781,65.093
08-11-2026 15:38:08,7269,7607,1151,16384,17.166666666666668,97.0,17811,VDD_IN,30510,8345,8744,17457,17811,3968,3955,3.0,2.0,2.0,4.0,0.0,92.0,63.906,65.156,63.437,62.5,62.718,65.156
08-11-2026 15:38:09,7270,7607,1150,16384,19.833333333333332,97.0,17968,VDD_IN,30824,8347,8901,17459,17968,3968,3955,11.0,8.0,2.0,6.0,0.0,92.0,63.687,65.281,63.5,62.562,62.937,65.281
08-11-2026 15:38:10,7272,7607,1150,16384,18.666666666666668,97.0,17811,VDD_IN,30511,8348,8705,17460,17811,3968,3995,7.0,6.0,6.0,2.0,0.0,91.0,63.687,65.281,63.562,62.625,62.843,65.281
08-11-2026 15:38:11,7272,7607,1150,16384,16.833333333333332,97.0,17811,VDD_IN,30433,8349,8627,17461,17811,3968,3995,1.0,2.0,4.0,2.0,0.0,92.0,63.718,65.406,63.593,62.5,62.75,65.406
08-11-2026 15:38:12,7272,7607,1150,16384,16.666666666666668,97.0,17772,VDD_IN,30316,8350,8510,17462,17772,3969,4034,2.0,1.0,1.0,1.0,3.0,92.0,63.937,65.093,63.5,62.562,62.843,65.093
08-11-2026 15:38:13,7273,7607,1150,16384,16.5,97.0,17732,VDD_IN,30237,8350,8432,17463,17732,3969,4073,2.0,2.0,1.0,1.0,1.0,92.0,63.718,65.125,63.562,62.593,62.781,65.125
08-11-2026 15:38:14,7273,7607,1150,16384,16.833333333333332,97.0,17693,VDD_IN,30120,8350,8315,17464,17693,3969,4112,2.0,1.0,2.0,4.0,0.0,92.0,63.625,65.156,63.562,62.718,62.875,65.156
08-11-2026 15:38:15,7274,7607,1150,16384,21.833333333333332,97.0,17654,VDD_IN,29964,8349,8159,17464,17654,3970,4151,13.0,11.0,6.0,5.0,4.0,92.0,63.812,65.281,63.656,62.531,62.812,65.281
08-11-2026 15:38:16,7274,7607,1150,16384,17.333333333333332,97.0,17654,VDD_IN,29847,8348,8003,17465,17654,3971,4190,3.0,3.0,5.0,1.0,0.0,92.0,63.875,65.281,63.437,62.593,62.75,65.281
08-11-2026 15:38:17,7275,7607,1150,16384,17.833333333333332,99.0,17654,VDD_IN,29731,8346,7808,17466,17654,3972,4269,2.0,1.0,8.0,3.0,0.0,93.0,64.25,64.906,63.468,62.562,62.937,64.906
08-11-2026 15:38:18,7275,7607,1150,16384,17.0,99.0,17565,VDD_IN,29882,8346,8237,17466,17565,3972,4080,5.0,1.0,2.0,2.0,0.0,92.0,63.843,65.062,63.625,62.625,62.968,65.062
08-11-2026 15:38:19,7276,7607,1150,16384,17.0,99.0,17536,VDD_IN,30008,8347,8510,17466,17536,3972,3962,2.0,1.0,2.0,5.0,0.0,92.0,63.968,65.343,63.625,62.687,62.937,65.343
08-11-2026 15:38:20,7277,7607,1150,16384,21.5,99.0,18085,VDD_IN,30966,8348,8808,17468,18085,3972,4073,9.0,10.0,5.0,13.0,0.0,92.0,63.75,65.281,63.531,62.562,62.968,65.281
08-11-2026 15:38:21,7277,7607,1150,16384,18.333333333333332,96.0,17811,VDD_IN,30550,8350,8823,17469,17811,3972,3916,2.0,3.0,4.0,3.0,0.0,98.0,63.718,65.218,63.562,62.531,62.875,65.218
08-11-2026 15:38:22,7278,7607,1150,16384,17.333333333333332,97.0,17811,VDD_IN,30550,8351,8784,17471,17811,3972,3955,2.0,3.0,3.0,2.0,0.0,94.0,64.031,65.312,63.562,62.656,62.843,65.312
08-11-2026 15:38:23,7278,7607,1150,16384,17.166666666666668,97.0,17772,VDD_IN,30511,8352,8784,17472,17772,3972,3955,4.0,3.0,3.0,1.0,0.0,92.0,63.687,65.281,63.562,62.718,62.843,65.281
08-11-2026 15:38:24,7269,7607,1157,16384,17.666666666666668,97.0,17811,VDD_IN,30511,8354,8705,17473,17811,3972,3995,3.0,4.0,2.0,6.0,0.0,91.0,63.687,65.312,63.562,62.531,62.968,65.437
08-11-2026 15:38:25,7273,7607,1157,16384,22.166666666666668,97.0,17850,VDD_IN,30550,8355,8705,17474,17850,3972,3995,3.0,7.0,12.0,18.0,0.0,93.0,63.906,65.437,63.562,62.531,62.875,65.437
08-11-2026 15:38:26,7273,7607,1157,16384,16.5,97.0,17732,VDD_IN,30315,8355,8549,17475,17732,3973,4034,2.0,1.0,1.0,4.0,0.0,91.0,63.656,65.531,63.531,62.593,62.812,65.531
08-11-2026 15:38:27,7274,7607,1157,16384,16.666666666666668,97.0,17654,VDD_IN,30120,8355,8393,17475,17654,3973,4073,1.0,4.0,1.0,1.0,0.0,93.0,63.968,65.5,63.562,62.656,62.843,65.5
08-11-2026 15:38:28,7274,7607,1157,16384,18.166666666666668,97.0,17732,VDD_IN,30159,8355,8315,17476,17732,3973,4112,4.0,2.0,2.0,9.0,0.0,92.0,63.75,65.562,63.593,62.718,62.812,65.562
08-11-2026 15:38:29,7274,7607,1157,16384,17.0,98.0,17693,VDD_IN,30003,8355,8159,17477,17693,3974,4151,2.0,2.0,2.0,4.0,0.0,92.0,63.875,65.156,63.562,62.5,62.781,65.156
08-11-2026 15:38:30,7275,7607,1157,16384,21.666666666666668,97.0,17850,VDD_IN,30238,8354,8198,17478,17850,3975,4190,5.0,5.0,9.0,19.0,0.0,92.0,63.937,65.093,63.562,62.687,62.937,65.093
08-11-2026 15:38:31,7276,7607,1157,16384,17.333333333333332,99.0,17615,VDD_IN,29731,8353,7847,17478,17615,3975,4269,3.0,5.0,3.0,1.0,0.0,92.0,63.875,65.062,63.562,62.718,62.968,65.062
08-11-2026 15:38:32,7276,7607,1157,16384,16.833333333333332,99.0,17536,VDD_IN,29814,8352,8159,17479,17536,3976,4119,5.0,2.0,1.0,1.0,0.0,92.0,63.968,65.125,63.625,62.718,62.937,65.125
08-11-2026 15:38:33,7277,7607,1157,16384,17.0,99.0,17615,VDD_IN,30159,8352,8510,17479,17615,3976,4034,2.0,1.0,3.0,4.0,0.0,92.0,63.718,65.093,63.687,62.562,62.937,65.093
08-11-2026 15:38:34,7277,7607,1157,16384,17.5,99.0,17929,VDD_IN,30668,8354,8705,17480,17929,3976,4034,4.0,3.0,3.0,2.0,0.0,93.0,63.718,65.281,63.5,62.593,62.843,65.281
08-11-2026 15:38:35,7278,7607,1157,16384,20.666666666666668,97.0,17929,VDD_IN,30746,8355,8862,17482,17929,3976,3955,6.0,5.0,15.0,2.0,0.0,96.0,64.125,65.156,63.562,62.687,62.968,65.156
08-11-2026 15:38:36,7279,7607,1157,16384,19.0,97.0,17850,VDD_IN,30667,8357,8862,17483,17850,3976,3955,8.0,2.0,3.0,5.0,0.0,96.0,63.593,65.25,63.625,62.718,62.968,65.25
08-11-2026 15:38:37,7279,7607,1157,16384,17.0,99.0,17811,VDD_IN,30510,8358,8744,17484,17811,3976,3955,1.0,1.0,2.0,7.0,0.0,91.0,63.781,65.312,63.625,62.812,62.968,65.312
08-11-2026 15:38:38,7280,7607,1157,16384,17.0,97.0,17889,VDD_IN,30628,8359,8784,17485,17889,3976,3955,1.0,3.0,1.0,4.0,0.0,93.0,63.781,65.375,63.687,62.531,62.906,65.375
08-11-2026 15:38:39,7280,7607,1157,16384,17.666666666666668,98.0,17772,VDD_IN,30394,8360,8627,17486,17772,3976,3995,4.0,5.0,2.0,3.0,0.0,92.0,63.812,65.281,63.5,62.562,62.843,65.281
08-11-2026 15:38:40,7281,7607,1157,16384,17.833333333333332,97.0,17811,VDD_IN,30472,8361,8627,17487,17811,3976,4034,3.0,7.0,3.0,2.0,0.0,92.0,63.875,65.531,63.562,62.656,62.843,65.531
08-11-2026 15:38:41,7283,7607,1157,16384,21.0,97.0,17811,VDD_IN,30433,8362,8549,17488,17811,3977,4073,5.0,10.0,5.0,3.0,11.0,92.0,63.718,65.156,63.687,62.781,62.812,65.156
08-11-2026 15:38:42,7283,7607,1157,16384,17.0,97.0,17772,VDD_IN,30238,8362,8393,17489,17772,3977,4073,2.0,3.0,1.0,4.0,0.0,92.0,63.781,65.218,63.718,62.593,62.843,65.218
08-11-2026 15:38:43,7284,7607,1157,16384,16.833333333333332,97.0,17693,VDD_IN,30081,8361,8276,17490,17693,3977,4112,2.0,2.0,1.0,4.0,0.0,92.0,63.875,65.437,63.562,62.593,62.906,65.437
08-11-2026 15:38:44,7284,7607,1157,16384,17.0,97.0,17693,VDD_IN,30003,8361,8159,17490,17693,3978,4151,5.0,2.0,1.0,2.0,0.0,92.0,64.031,65.375,63.562,62.656,62.906,65.375
08-11-2026 15:38:45,7285,7607,1157,16384,17.0,97.0,17693,VDD_IN,29926,8360,8003,17491,17693,3979,4230,2.0,2.0,5.0,1.0,0.0,92.0,63.875,65.312,63.593,62.812,62.843,65.312
08-11-2026 15:38:46,7279,7607,1160,16384,21.666666666666668,99.0,17615,VDD_IN,29809,8358,7925,17491,17615,3979,4269,12.0,6.0,4.0,16.0,0.0,92.0,64.093,64.906,63.593,62.562,62.937,64.906
08-11-2026 15:38:47,7280,7607,1160,16384,17.0,99.0,17536,VDD_IN,29969,8358,8393,17491,17536,3980,4040,1.0,2.0,5.0,1.0,0.0,93.0,64.0,65.187,63.562,62.656,62.968,65.187
08-11-2026 15:38:48,7280,7607,1160,16384,17.5,99.0,17693,VDD_IN,30198,8359,8510,17492,17693,3980,3995,8.0,2.0,2.0,1.0,0.0,92.0,63.687,65.406,63.593,62.687,62.968,65.406
08-11-2026 15:38:49,7280,7607,1160,16384,17.0,99.0,18085,VDD_IN,31005,8360,8847,17494,18085,3980,4073,7.0,1.0,0.0,2.0,0.0,92.0,63.875,65.593,63.625,62.531,63.0,65.593
08-11-2026 15:38:50,7280,7607,1160,16384,19.166666666666668,97.0,17850,VDD_IN,30628,8362,8862,17495,17850,3980,3916,6.0,3.0,3.0,3.0,0.0,100.0,63.968,65.156,63.562,62.562,62.875,65.156
08-11-2026 15:38:51,7282,7607,1160,16384,21.333333333333332,97.0,17850,VDD_IN,30628,8363,8823,17496,17850,3980,3955,11.0,10.0,6.0,10.0,0.0,91.0,64.031,65.093,63.562,62.687,62.906,65.093
08-11-2026 15:38:52,7282,7607,1160,16384,17.333333333333332,97.0,17732,VDD_IN,30431,8364,8744,17497,17732,3980,3955,3.0,1.0,7.0,1.0,0.0,92.0,63.718,65.156,63.656,62.75,62.937,65.156
08-11-2026 15:38:53,7282,7607,1160,16384,16.666666666666668,97.0,17654,VDD_IN,30236,8365,8627,17497,17654,3980,3955,2.0,3.0,2.0,1.0,0.0,92.0,63.843,65.312,63.718,62.562,62.843,65.312
08-11-2026 15:38:54,7283,7607,1160,16384,17.166666666666668,97.0,17693,VDD_IN,30237,8366,8549,17498,17693,3980,3995,2.0,2.0,2.0,5.0,0.0,92.0,63.968,65.375,63.562,62.562,62.968,65.375
08-11-2026 15:38:55,7283,7607,1160,16384,17.0,97.0,17654,VDD_IN,30159,8366,8471,17498,17654,3980,4034,2.0,2.0,1.0,5.0,0.0,92.0,63.906,65.375,63.593,62.625,62.937,65.375
08-11-2026 15:38:56,7286,7607,1160,16384,21.333333333333332,97.0,17693,VDD_IN,30237,8366,8510,17499,17693,3980,4034,4.0,6.0,18.0,8.0,0.0,92.0,64.031,65.093,63.625,62.718,62.968,65.093
08-11-2026 15:38:57,7286,7607,1160,16384,16.833333333333332,98.0,17575,VDD_IN,29885,8366,8237,17499,17575,3980,4073,2.0,2.0,2.0,3.0,0.0,92.0,63.656,65.093,63.625,62.562,63.0,65.093
08-11-2026 15:38:58,7287,7607,1160,16384,17.166666666666668,97.0,17536,VDD_IN,29729,8365,8081,17499,17536,3981,4112,2.0,3.0,4.0,1.0,0.0,93.0,63.812,65.125,63.687,62.531,62.843,65.125
08-11-2026 15:38:59,7280,7607,1165,16384,18.166666666666668,97.0,17575,VDD_IN,29729,8364,7964,17499,17575,3981,4190,2.0,6.0,5.0,4.0,0.0,92.0,64.031,65.093,63.531,62.625,62.875,65.093
08-11-2026 15:39:00,7281,7607,1165,16384,17.333333333333332,99.0,17458,VDD_IN,29424,8362,7690,17499,17458,3982,4276,2.0,2.0,6.0,2.0,0.0,92.0,63.937,64.687,63.562,62.687,62.875,64.687
08-11-2026 15:39:01,7282,7607,1165,16384,30.5,99.0,18242,VDD_IN,31201,8363,8847,17501,18242,3982,4112,19.0,17.0,17.0,25.0,13.0,92.0,64.531,65.156,63.593,62.718,63.093,65.156
08-11-2026 15:39:02,7284,7607,1165,16384,23.666666666666668,99.0,17615,VDD_IN,30120,8364,8510,17502,17615,3982,3995,9.0,8.0,13.0,14.0,6.0,92.0,63.812,65.093,63.75,62.531,62.937,65.093
08-11-2026 15:39:03,7284,7607,1165,16384,16.833333333333332,99.0,17929,VDD_IN,30747,8365,8784,17503,17929,3983,4034,6.0,1.0,1.0,2.0,0.0,91.0,63.812,65.218,63.656,62.5,62.968,65.218
08-11-2026 15:39:04,7284,7607,1165,16384,17.833333333333332,97.0,17693,VDD_IN,30432,8366,8823,17503,17693,3982,3916,3.0,2.0,0.0,3.0,0.0,99.0,63.968,65.25,63.562,62.687,62.906,65.25
08-11-2026 15:39:05,7285,7607,1165,16384,17.5,97.0,17693,VDD_IN,30314,8367,8705,17504,17693,3982,3916,3.0,5.0,2.0,2.0,0.0,93.0,63.687,65.218,63.593,62.687,62.968,65.218
08-11-2026 15:39:06,7286,7607,1165,16384,17.5,97.0,17654,VDD_IN,30275,8368,8705,17504,17654,3982,3916,3.0,6.0,2.0,1.0,0.0,93.0,63.718,65.218,63.656,62.562,62.937,65.281
08-11-2026 15:39:07,7287,7607,1165,16384,21.5,97.0,17732,VDD_IN,30353,8369,8666,17505,17732,3982,3955,5.0,4.0,9.0,17.0,2.0,92.0,63.687,65.343,63.687,62.656,62.937,65.343
08-11-2026 15:39:08,7287,7607,1165,16384,17.166666666666668,97.0,17654,VDD_IN,30159,8370,8510,17505,17654,3982,3995,3.0,2.0,1.0,5.0,0.0,92.0,63.906,65.218,63.5,62.593,62.906,65.218
08-11-2026 15:39:09,7287,7607,1165,16384,16.833333333333332,97.0,17693,VDD_IN,30198,8370,8510,17506,17693,3982,3995,2.0,3.0,2.0,2.0,0.0,92.0,63.968,65.406,63.656,62.593,62.937,65.406
08-11-2026 15:39:10,7288,7607,1165,16384,17.333333333333332,99.0,17654,VDD_IN,30042,8370,8354,17506,17654,3982,4034,3.0,5.0,2.0,1.0,1.0,92.0,63.781,65.312,63.562,62.718,62.843,65.312
08-11-2026 15:39:11,7283,7607,1165,16384,18.166666666666668,97.0,17693,VDD_IN,30120,8370,8354,17507,17693,3982,4073,4.0,9.0,2.0,2.0,0.0,92.0,63.812,65.218,63.593,62.593,62.906,65.218
08-11-2026 15:39:12,7287,7607,1165,16384,21.5,97.0,17693,VDD_IN,30042,8370,8237,17507,17693,3983,4112,7.0,3.0,16.0,10.0,1.0,92.0,64.0,65.25,63.687,62.656,62.843,65.25
08-11-2026 15:39:13,7288,7607,1165,16384,17.0,97.0,17615,VDD_IN,29808,8369,8042,17508,17615,3983,4151,2.0,4.0,1.0,1.0,1.0,93.0,63.937,65.218,63.593,62.656,62.937,65.218
08-11-2026 15:39:14,7288,7607,1165,16384,16.5,97.0,17565,VDD_IN,29603,8367,7808,17508,17565,3984,4230,1.0,2.0,1.0,2.0,1.0,92.0,64.187,65.093,63.593,62.656,62.906,65.093
08-11-2026 15:39:15,7289,7607,1165,16384,17.166666666666668,99.0,17458,VDD_IN,29580,8366,7925,17508,17458,3985,4197,3.0,1.0,3.0,1.0,3.0,92.0,64.062,64.906,63.718,62.593,63.062,64.906
08-11-2026 15:39:16,7289,7607,1165,16384,17.0,99.0,17497,VDD_IN,29969,8366,8471,17508,17497,3985,4001,3.0,2.0,2.0,4.0,0.0,91.0,63.875,65.5,63.75,62.687,62.968,65.5
08-11-2026 15:39:17,7290,7607,1165,16384,20.666666666666668,99.0,17732,VDD_IN,30354,8367,8627,17508,17732,3985,3995,6.0,16.0,4.0,5.0,1.0,92.0,63.906,65.531,63.625,62.718,62.937,65.531
08-11-2026 15:39:18,7290,7607,1165,16384,17.5,99.0,17732,VDD_IN,30471,8368,8784,17509,17732,3985,3955,2.0,2.0,3.0,4.0,0.0,94.0,64.031,65.687,63.687,62.75,62.968,65.687
08-11-2026 15:39:19,7263,7607,1194,16384,18.5,0.0,11726,VDD_IN,19391,8358,4580,17493,11726,3982,3085,10.0,12.0,15.0,11.0,4.0,59.0,63.625,63.468,63.593,62.75,62.625,63.593
08-11-2026 15:39:20,7355,7607,1284,16384,73.33333333333333,6.0,8240,VDD_IN,12813,8342,2742,17468,8240,3976,1831,75.0,71.0,77.0,72.0,69.0,76.0,63.156,62.562,63.375,62.375,62.093,63.375
08-11-2026 15:39:21,7356,7607,1284,16384,22.833333333333332,97.0,16295,VDD_IN,27743,8341,7951,17464,16295,3975,3497,9.0,7.0,7.0,99.0,9.0,6.0,63.312,64.937,63.093,62.312,62.406,64.937
08-11-2026 15:39:22,7359,7607,1284,16384,22.166666666666668,97.0,17850,VDD_IN,30550,8342,8784,17465,17850,3975,3916,7.0,4.0,10.0,92.0,14.0,6.0,63.687,65.281,63.281,62.468,62.625,65.281
08-11-2026 15:39:23,7359,7607,1284,16384,16.833333333333332,97.0,17732,VDD_IN,30314,8343,8627,17466,17732,3975,3955,6.0,1.0,2.0,92.0,0.0,0.0,63.625,65.312,63.312,62.468,62.687,65.312
08-11-2026 15:39:24,7359,7607,1284,16384,16.166666666666668,97.0,17732,VDD_IN,30276,8344,8549,17467,17732,3975,3995,1.0,4.0,0.0,92.0,0.0,0.0,63.625,65.375,63.468,62.343,62.687,65.375
08-11-2026 15:39:25,7359,7607,1284,16384,16.833333333333332,97.0,17732,VDD_IN,30237,8344,8471,17468,17732,3975,4034,4.0,2.0,1.0,93.0,0.0,1.0,63.718,65.468,63.531,62.312,62.687,65.468
08-11-2026 15:39:26,7359,7607,1284,16384,16.833333333333332,97.0,17654,VDD_IN,30081,8344,8393,17468,17654,3975,4034,2.0,5.0,1.0,92.0,0.0,1.0,63.656,65.375,63.375,62.5,62.718,65.375
08-11-2026 15:39:27,7360,7607,1284,16384,18.5,97.0,17732,VDD_IN,30198,8344,8354,17469,17732,3975,4112,4.0,2.0,2.0,92.0,9.0,2.0,63.843,65.0,63.468,62.437,62.812,65.0
08-11-2026 15:39:28,7361,7607,1284,16384,19.833333333333332,97.0,17615,VDD_IN,29886,8344,8159,17469,17615,3976,4112,9.0,3.0,3.0,92.0,10.0,2.0,63.687,64.906,63.468,62.531,62.875,64.906
08-11-2026 15:39:29,7361,7607,1284,16384,16.833333333333332,97.0,17575,VDD_IN,29729,8343,7964,17469,17575,3976,4190,2.0,1.0,2.0,92.0,0.0,4.0,63.687,65.125,63.468,62.375,62.843,65.125
08-11-2026 15:39:30,7361,7607,1284,16384,16.5,99.0,17458,VDD_IN,29385,8341,7651,17469,17458,3977,4276,0.0,2.0,2.0,92.0,2.0,1.0,63.781,64.531,63.562,62.343,62.75,64.531
08-11-2026 15:39:31,7361,7607,1284,16384,16.666666666666668,99.0,17458,VDD_IN,29814,8341,8276,17469,17458,3977,4080,2.0,1.0,1.0,92.0,3.0,1.0,63.625,64.906,63.281,62.437,62.781,64.906
08-11-2026 15:39:32,7361,7607,1284,16384,17.333333333333332,99.0,17497,VDD_IN,29930,8341,8471,17470,17497,3977,3962,6.0,4.0,1.0,92.0,0.0,1.0,63.906,65.156,63.468,62.468,62.781,65.156
08-11-2026 15:39:33,7362,7607,1284,16384,20.666666666666668,99.0,18007,VDD_IN,30864,8342,8784,17471,18007,3978,4073,9.0,4.0,10.0,93.0,6.0,2.0,63.937,65.25,63.437,62.5,62.875,65.25
08-11-2026 15:39:34,7362,7607,1284,16384,17.833333333333332,97.0,17693,VDD_IN,30393,8343,8784,17472,17693,3977,3916,5.0,2.0,2.0,4.0,94.0,0.0,63.562,65.187,63.5,62.562,62.718,65.187
08-11-2026 15:39:35,7362,7607,1284,16384,17.166666666666668,97.0,17693,VDD_IN,30353,8344,8744,17472,17693,3977,3916,5.0,1.0,1.0,2.0,94.0,0.0,63.562,65.281,63.5,62.406,62.843,65.281
08-11-2026 15:39:36,7362,7607,1284,16384,17.5,97.0,17654,VDD_IN,30236,8345,8666,17473,17654,3977,3916,2.0,1.0,4.0,5.0,92.0,1.0,63.562,65.25,63.406,62.5,62.812,65.125
08-11-2026 15:39:37,7362,7607,1284,16384,17.166666666666668,97.0,17654,VDD_IN,30275,8346,8666,17473,17654,3977,3955,2.0,2.0,4.0,1.0,92.0,2.0,63.593,65.187,63.5,62.5,62.781,65.187
08-11-2026 15:39:38,7364,7607,1284,16384,20.833333333333332,97.0,17693,VDD_IN,30276,8347,8588,17474,17693,3977,3995,7.0,15.0,8.0,4.0,91.0,0.0,63.812,65.093,63.531,62.531,62.875,65.093
08-11-2026 15:39:39,7364,7607,1284,16384,16.833333333333332,97.0,17693,VDD_IN,30237,8347,8549,17474,17693,3977,3995,3.0,1.0,1.0,3.0,93.0,0.0,63.531,65.093,63.531,62.437,62.875,65.093
08-11-2026 15:39:40,7364,7607,1284,16384,17.5,98.0,17654,VDD_IN,30087,8347,8393,17475,17654,3977,4040,4.0,2.0,2.0,4.0,92.0,1.0,63.656,65.093,63.593,62.437,62.812,65.093
08-11-2026 15:39:41,7364,7607,1284,16384,17.166666666666668,97.0,17654,VDD_IN,30081,8347,8354,17475,17654,3978,4073,4.0,3.0,3.0,1.0,92.0,0.0,63.625,65.125,63.531,62.406,62.812,65.125
08-11-2026 15:39:42,7364,7607,1284,16384,17.666666666666668,99.0,17575,VDD_IN,29846,8347,8120,17475,17575,3978,4151,2.0,2.0,7.0,2.0,93.0,0.0,63.656,65.312,63.562,62.625,62.687,65.312
08-11-2026 15:39:43,7365,7607,1284,16384,21.333333333333332,97.0,17732,VDD_IN,30042,8346,8120,17476,17732,3979,4190,4.0,18.0,3.0,10.0,92.0,1.0,63.937,65.375,63.562,62.625,62.812,65.375
08-11-2026 15:39:44,7365,7607,1284,16384,16.666666666666668,98.0,17536,VDD_IN,29620,8345,7808,17476,17536,3979,4276,2.0,2.0,1.0,4.0,91.0,0.0,63.718,65.281,63.593,62.718,62.937,65.281
08-11-2026 15:39:45,7365,7607,1284,16384,16.666666666666668,99.0,17526,VDD_IN,29680,8344,8003,17476,17526,3980,4151,2.0,0.0,5.0,1.0,92.0,0.0,63.843,64.937,63.5,62.468,62.906,64.937
08-11-2026 15:39:46,7365,7607,1284,16384,16.666666666666668,99.0,17458,VDD_IN,29891,8344,8471,17476,17458,3980,3962,2.0,1.0,4.0,1.0,92.0,0.0,63.75,65.531,63.437,62.531,62.812,65.531
08-11-2026 15:39:47,7365,7607,1284,16384,17.166666666666668,99.0,17693,VDD_IN,30276,8345,8588,17477,17693,3980,3995,2.0,3.0,4.0,2.0,92.0,0.0,63.593,65.281,63.593,62.5,62.875,65.281
08-11-2026 15:39:48,7365,7607,1284,16384,22.666666666666668,98.0,17772,VDD_IN,30511,8346,8784,17478,17772,3980,3955,9.0,7.0,15.0,8.0,96.0,1.0,63.875,65.156,63.531,62.718,62.906,65.156
08-11-2026 15:39:49,7365,7607,1284,16384,17.833333333333332,97.0,17772,VDD_IN,30511,8347,8823,17478,17772,3980,3916,3.0,3.0,4.0,1.0,96.0,0.0,63.593,65.312,63.625,62.718,62.875,65.312
08-11-2026 15:39:50,7365,7607,1284,16384,17.333333333333332,99.0,17732,VDD_IN,30392,8348,8705,17479,17732,3979,3955,4.0,1.0,4.0,2.0,93.0,0.0,63.656,65.312,63.593,62.531,62.843,65.312
08-11-2026 15:39:51,7365,7607,1284,16384,17.333333333333332,97.0,17732,VDD_IN,30392,8349,8705,17480,17732,3979,3955,3.0,1.0,5.0,1.0,92.0,2.0,63.875,65.281,63.531,62.562,62.875,65.281
08-11-2026 15:39:52,7365,7607,1284,16384,18.0,98.0,17732,VDD_IN,30315,8350,8588,17480,17732,3979,3995,4.0,3.0,5.0,4.0,92.0,0.0,63.656,65.187,63.531,62.625,62.937,65.187
08-11-2026 15:39:53,7366,7607,1284,16384,20.333333333333332,97.0,18007,VDD_IN,30825,8351,8784,17482,18007,3980,4034,21.0,5.0,6.0,15.0,74.0,1.0,64.25,65.25,63.531,62.687,62.906,65.25
08-11-2026 15:39:54,7366,7607,1284,16384,17.5,97.0,17732,VDD_IN,30237,8351,8471,17482,17732,3980,4034,3.0,4.0,3.0,2.0,92.0,1.0,63.625,65.156,63.562,62.468,62.906,65.156
08-11-2026 15:39:56,7366,7607,1284,16384,17.166666666666668,97.0,17693,VDD_IN,30159,8351,8393,17483,17693,3980,4073,4.0,1.0,4.0,2.0,92.0,0.0,63.687,65.218,63.531,62.562,62.875,65.218
08-11-2026 15:39:57,7366,7607,1283,16384,17.5,97.0,17615,VDD_IN,29925,8351,8198,17483,17615,3980,4112,5.0,2.0,1.0,5.0,92.0,0.0,63.906,65.187,63.562,62.687,62.875,65.187
08-11-2026 15:39:58,7366,7607,1283,16384,17.166666666666668,97.0,17575,VDD_IN,29807,8350,8081,17483,17575,3981,4151,4.0,0.0,5.0,1.0,92.0,1.0,63.718,65.281,63.562,62.687,62.906,65.281
08-11-2026 15:39:59,7367,7607,1283,16384,17.166666666666668,97.0,17575,VDD_IN,29691,8349,7886,17484,17575,3981,4230,1.0,4.0,1.0,3.0,92.0,2.0,64.0,65.218,63.593,62.812,62.875,65.218
08-11-2026 15:40:00,7367,7607,1283,16384,21.166666666666668,99.0,17458,VDD_IN,29619,8348,8003,17483,17458,3982,4158,3.0,7.0,9.0,15.0,92.0,1.0,63.843,64.812,63.562,62.562,63.062,64.812
08-11-2026 15:40:01,7367,7607,1283,16384,16.833333333333332,99.0,17497,VDD_IN,29930,8348,8471,17483,17497,3982,3962,2.0,0.0,5.0,2.0,92.0,0.0,63.718,65.375,63.437,62.593,62.937,65.375
08-11-2026 15:40:02,7366,7607,1283,16384,17.0,99.0,17654,VDD_IN,30198,8349,8549,17484,17654,3982,3995,2.0,2.0,1.0,1.0,92.0,4.0,63.875,65.406,63.625,62.656,62.937,65.406
08-11-2026 15:40:03,7366,7607,1283,16384,17.5,99.0,17772,VDD_IN,30471,8350,8744,17485,17772,3982,3955,8.0,0.0,0.0,2.0,95.0,0.0,63.656,65.468,63.593,62.687,63.0,65.468
08-11-2026 15:40:04,7366,7607,1283,16384,19.0,97.0,17811,VDD_IN,30550,8351,8823,17485,17811,3982,3916,4.0,5.0,5.0,2.0,98.0,0.0,64.0,65.281,63.687,62.75,62.937,65.281
08-11-2026 15:40:05,7368,7607,1283,16384,21.166666666666668,97.0,17772,VDD_IN,30511,8352,8784,17486,17772,3981,3955,4.0,5.0,17.0,8.0,92.0,1.0,63.656,65.218,63.625,62.656,62.937,65.218
08-11-2026 15:40:06,7368,7607,1283,16384,16.833333333333332,97.0,17772,VDD_IN,30471,8353,8744,17487,17772,3981,3955,2.0,1.0,4.0,2.0,92.0,0.0,63.781,65.343,63.531,62.656,62.906,65.343
08-11-2026 15:40:07,7368,7607,1283,16384,16.666666666666668,97.0,17732,VDD_IN,30354,8354,8627,17487,17732,3981,3995,2.0,2.0,2.0,0.0,92.0,2.0,63.968,65.25,63.593,62.687,63.0,65.25
08-11-2026 15:40:08,7368,7607,1283,16384,16.666666666666668,97.0,17772,VDD_IN,30394,8354,8627,17488,17772,3981,3995,2.0,2.0,3.0,1.0,92.0,0.0,63.687,65.343,63.562,62.781,63.0,65.343
08-11-2026 15:40:09,7368,7607,1283,16384,17.666666666666668,97.0,17693,VDD_IN,30198,8355,8471,17489,17693,3982,4034,4.0,1.0,1.0,5.0,92.0,3.0,63.687,65.625,63.718,62.718,62.937,65.625
08-11-2026 15:40:10,7370,7607,1283,16384,21.0,97.0,17811,VDD_IN,30355,8355,8471,17489,17811,3982,4073,6.0,6.0,16.0,5.0,92.0,1.0,63.843,65.625,63.687,62.656,63.0,65.625
08-11-2026 15:40:11,7369,7607,1283,16384,18.0,97.0,17732,VDD_IN,30120,8355,8276,17490,17732,3982,4112,6.0,2.0,4.0,3.0,92.0,1.0,63.875,65.531,63.562,62.781,62.937,65.531
08-11-2026 15:40:12,7369,7607,1283,16384,17.166666666666668,97.0,17693,VDD_IN,30003,8354,8159,17490,17693,3983,4151,3.0,1.0,2.0,3.0,92.0,2.0,63.875,65.625,63.656,62.718,62.937,65.625
08-11-2026 15:40:13,7369,7607,1283,16384,17.166666666666668,97.0,17615,VDD_IN,29809,8353,7964,17491,17615,3983,4230,4.0,2.0,1.0,4.0,92.0,0.0,63.781,65.5,63.656,62.75,62.906,65.5
08-11-2026 15:40:14,7369,7607,1283,16384,17.166666666666668,99.0,17497,VDD_IN,29581,8352,7847,17491,17497,3984,4237,5.0,1.0,2.0,3.0,92.0,0.0,64.062,64.781,63.812,62.656,63.062,64.781
08-11-2026 15:40:15,7370,7607,1283,16384,21.5,99.0,17654,VDD_IN,30198,8353,8549,17491,17654,3984,3995,7.0,6.0,8.0,14.0,92.0,2.0,63.906,65.312,63.625,62.656,63.0,65.312
08-11-2026 15:40:16,7370,7607,1283,16384,16.5,99.0,17654,VDD_IN,30198,8353,8549,17492,17654,3984,3995,34.0,3.0,1.0,1.0,60.0,0.0,63.843,65.343,63.625,62.687,63.0,65.343
08-11-2026 15:40:17,7370,7607,1283,16384,17.0,99.0,17968,VDD_IN,30903,8354,8901,17493,17968,3984,4034,93.0,4.0,2.0,2.0,0.0,1.0,64.031,65.718,63.656,62.812,63.062,65.718
08-11-2026 15:40:18,7370,7607,1283,16384,18.0,97.0,17811,VDD_IN,30589,8356,8862,17493,17811,3984,3916,21.0,3.0,3.0,1.0,80.0,0.0,63.687,65.468,63.75,62.843,62.968,65.468
08-11-2026 15:40:19,7370,7607,1283,16384,17.333333333333332,97.0,17772,VDD_IN,30511,8357,8784,17494,17772,3984,3955,1.0,4.0,3.0,3.0,92.0,1.0,63.75,65.437,63.75,62.593,63.031,65.437
08-11-2026 15:40:20,7373,7607,1283,16384,22.166666666666668,97.0,18046,VDD_IN,30941,8358,8940,17495,18046,3984,3955,16.0,10.0,9.0,3.0,92.0,3.0,63.843,65.312,63.625,62.625,63.031,65.312
08-11-2026 15:40:21,7373,7607,1283,16384,17.0,97.0,17772,VDD_IN,30472,8359,8705,17496,17772,3984,3995,4.0,3.0,1.0,3.0,91.0,0.0,64.062,65.312,63.593,62.687,63.0,65.312
08-11-2026 15:40:22,7373,7607,1283,16384,16.5,97.0,17772,VDD_IN,30394,8359,8627,17497,17772,3984,3995,1.0,2.0,2.0,2.0,92.0,0.0,63.937,65.281,63.656,62.812,63.0,65.281
08-11-2026 15:40:23,7373,7607,1283,16384,17.833333333333332,97.0,17732,VDD_IN,30276,8360,8510,17497,17732,3984,4034,4.0,4.0,2.0,3.0,92.0,2.0,63.687,65.281,63.781,62.781,63.0,65.281
08-11-2026 15:40:24,7373,7607,1283,16384,17.166666666666668,97.0,17693,VDD_IN,30159,8360,8432,17498,17693,3984,4034,1.0,5.0,2.0,3.0,92.0,0.0,63.75,65.281,63.75,62.593,63.0,65.375
08-11-2026 15:40:25,7374,7607,1283,16384,19.0,97.0,17811,VDD_IN,30355,8360,8432,17498,17811,3984,4112,5.0,5.0,2.0,9.0,92.0,1.0,64.062,65.5,63.562,62.718,63.0,65.5
08-11-2026 15:40:26,7374,7607,1283,16384,19.833333333333332,97.0,17615,VDD_IN,29925,8360,8159,17499,17615,3985,4151,5.0,5.0,4.0,12.0,92.0,1.0,64.125,65.406,63.656,62.656,63.031,65.406
08-11-2026 15:40:27,7374,7607,1283,16384,17.0,97.0,17615,VDD_IN,29894,8359,8042,17499,17615,3985,4237,3.0,3.0,1.0,3.0,92.0,0.0,63.843,65.343,63.625,62.812,62.968,65.343
08-11-2026 15:40:28,7374,7607,1283,16384,17.333333333333332,99.0,17575,VDD_IN,29619,8357,7768,17499,17575,3986,4276,6.0,1.0,3.0,1.0,92.0,1.0,64.0,65.062,63.718,62.812,63.062,65.062
08-11-2026 15:40:29,7374,7607,1283,16384,17.666666666666668,99.0,17458,VDD_IN,29853,8357,8315,17499,17458,3986,4080,4.0,3.0,4.0,1.0,93.0,1.0,63.906,65.281,63.75,62.687,63.062,65.062
08-11-2026 15:40:30,7374,7607,1283,16384,16.833333333333332,99.0,17575,VDD_IN,30079,8358,8549,17499,17575,3986,3955,0.0,3.0,4.0,1.0,92.0,1.0,63.843,65.312,63.656,62.718,62.968,65.312
08-11-2026 15:40:31,7375,7607,1283,16384,21.5,99.0,18085,VDD_IN,31020,8359,8862,17501,18085,3986,4073,11.0,5.0,10.0,10.0,92.0,1.0,64.156,65.437,63.718,62.812,63.062,65.437
08-11-2026 15:40:32,7375,7607,1283,16384,18.666666666666668,97.0,17850,VDD_IN,30628,8360,8862,17501,17850,3986,3916,3.0,1.0,2.0,7.0,98.0,1.0,63.781,65.406,63.625,62.843,63.062,65.406
08-11-2026 15:40:33,7374,7607,1283,16384,17.5,97.0,17811,VDD_IN,30589,8361,8823,17502,17811,3986,3955,3.0,2.0,2.0,4.0,93.0,1.0,63.812,65.406,63.812,62.656,63.031,65.406
08-11-2026 15:40:34,7374,7607,1283,16384,17.0,97.0,17772,VDD_IN,30471,8362,8744,17503,17772,3986,3955,3.0,2.0,1.0,4.0,92.0,0.0,63.812,65.625,63.656,62.656,63.062,65.625
08-11-2026 15:40:35,7374,7607,1283,16384,16.666666666666668,97.0,17772,VDD_IN,30472,8363,8705,17503,17772,3986,3995,3.0,1.0,2.0,1.0,92.0,1.0,63.875,65.687,63.687,62.718,63.031,65.687
08-11-2026 15:40:36,7376,7607,1283,16384,20.666666666666668,97.0,17772,VDD_IN,30433,8364,8666,17504,17772,3986,3995,6.0,4.0,16.0,6.0,92.0,0.0,64.062,65.687,63.687,62.843,63.0,65.687
08-11-2026 15:40:37,7376,7607,1283,16384,17.166666666666668,97.0,17772,VDD_IN,30394,8364,8588,17505,17772,3986,4034,3.0,2.0,1.0,5.0,92.0,0.0,63.75,65.781,63.781,62.843,63.0,65.781
08-11-2026 15:40:38,7376,7607,1283,16384,17.166666666666668,97.0,17693,VDD_IN,30159,8364,8393,17505,17693,3986,4073,1.0,6.0,2.0,1.0,92.0,1.0,63.937,65.343,63.843,62.781,63.062,65.343
08-11-2026 15:40:39,7376,7607,1283,16384,17.0,97.0,17693,VDD_IN,30120,8364,8315,17505,17693,3986,4112,3.0,4.0,0.0,2.0,92.0,1.0,64.031,65.468,63.687,62.781,63.031,65.468
08-11-2026 15:40:40,7376,7607,1283,16384,16.833333333333332,97.0,17654,VDD_IN,29964,8364,8159,17506,17654,3987,4151,1.0,3.0,2.0,3.0,92.0,0.0,63.968,65.375,63.687,62.75,63.093,65.375
08-11-2026 15:40:41,7375,7607,1283,16384,21.666666666666668,97.0,17732,VDD_IN,30081,8363,8159,17506,17732,3987,4190,31.0,18.0,6.0,6.0,68.0,1.0,64.218,65.5,63.781,62.875,63.187,65.5
08-11-2026 15:40:42,7376,7607,1283,16384,16.833333333333332,99.0,17575,VDD_IN,29652,8362,7808,17506,17575,3988,4269,92.0,4.0,4.0,1.0,0.0,0.0,64.0,65.093,63.875,62.75,63.187,65.093
08-11-2026 15:40:43,7376,7607,1283,16384,16.166666666666668,99.0,17536,VDD_IN,29892,8362,8276,17506,17536,3988,4080,92.0,0.0,1.0,3.0,0.0,1.0,64.062,65.25,63.75,62.812,63.156,64.968
08-11-2026 15:40:44,7376,7607,1283,16384,16.666666666666668,99.0,17575,VDD_IN,30086,8362,8549,17507,17575,3988,3962,93.0,4.0,1.0,1.0,0.0,1.0,64.156,65.281,63.781,62.781,63.156,65.281
08-11-2026 15:40:45,7376,7607,1283,16384,16.833333333333332,99.0,18085,VDD_IN,30966,8363,8808,17508,18085,3988,4073,92.0,4.0,1.0,3.0,0.0,1.0,64.031,65.468,63.843,62.843,63.25,65.468
08-11-2026 15:40:46,7366,7607,1283,16384,22.333333333333332,97.0,18007,VDD_IN,30926,8364,9003,17509,18007,3988,3916,40.0,6.0,7.0,16.0,61.0,4.0,64.062,65.343,63.812,62.875,63.062,65.343
08-11-2026 15:40:47,7366,7607,1283,16384,17.833333333333332,97.0,17850,VDD_IN,30628,8365,8823,17510,17850,3988,3955,5.0,3.0,1.0,0.0,95.0,3.0,63.875,65.406,63.906,62.968,63.062,65.406
08-11-2026 15:40:48,7366,7607,1283,16384,17.166666666666668,97.0,17772,VDD_IN,30471,8366,8744,17510,17772,3988,3955,4.0,3.0,1.0,2.0,92.0,1.0,63.812,65.312,63.843,62.718,63.031,65.312
08-11-2026 15:40:49,7366,7607,1283,16384,17.166666666666668,97.0,17811,VDD_IN,30511,8367,8705,17511,17811,3988,3995,4.0,3.0,3.0,1.0,92.0,0.0,64.093,65.468,63.687,62.781,63.062,65.468
08-11-2026 15:40:50,7366,7607,1283,16384,17.0,97.0,17732,VDD_IN,30276,8367,8549,17511,17732,3988,3995,2.0,5.0,2.0,1.0,92.0,0.0,63.937,65.5,63.687,62.812,63.062,65.5
08-11-2026 15:40:51,7367,7607,1283,16384,20.5,97.0,17929,VDD_IN,30668,8368,8705,17512,17929,3988,4034,15.0,6.0,4.0,6.0,91.0,1.0,64.343,65.656,63.781,62.875,63.156,65.656
08-11-2026 15:40:52,7367,7607,1283,16384,18.833333333333332,97.0,17732,VDD_IN,30276,8368,8471,17513,17732,3988,4073,4.0,7.0,3.0,5.0,93.0,1.0,63.843,65.531,63.843,62.781,63.093,65.531
08-11-2026 15:40:53,7367,7607,1283,16384,17.333333333333332,97.0,17772,VDD_IN,30277,8368,8393,17513,17772,3989,4112,5.0,1.0,1.0,5.0,92.0,0.0,63.843,65.687,63.656,62.812,63.156,65.687
08-11-2026 15:40:54,7367,7607,1283,16384,17.0,99.0,17693,VDD_IN,30042,8368,8198,17514,17693,3989,4151,2.0,1.0,3.0,4.0,92.0,0.0,64.031,65.593,63.781,62.812,63.125,65.593
08-11-2026 15:40:55,7367,7607,1283,16384,17.333333333333332,97.0,17693,VDD_IN,30003,8368,8120,17514,17693,3989,4190,3.0,3.0,2.0,3.0,92.0,1.0,63.843,65.437,63.781,62.937,63.093,65.437
08-11-2026 15:40:56,7367,7607,1283,16384,17.166666666666668,98.0,17654,VDD_IN,29770,8366,7847,17515,17654,3990,4269,1.0,3.0,2.0,4.0,93.0,0.0,64.062,65.25,63.781,62.937,63.156,65.25
08-11-2026 15:40:57,7368,7607,1283,16384,21.833333333333332,99.0,17575,VDD_IN,29924,8366,8237,17515,17575,3990,4112,8.0,4.0,15.0,10.0,92.0,2.0,64.156,65.093,63.812,62.812,63.156,65.093
08-11-2026 15:40:58,7368,7607,1283,16384,17.0,99.0,17536,VDD_IN,30040,8367,8549,17515,17536,3990,3955,3.0,4.0,2.0,1.0,92.0,0.0,63.875,65.468,63.781,62.812,63.156,65.468
08-11-2026 15:40:59,7368,7607,1283,16384,17.666666666666668,99.0,17929,VDD_IN,30668,8367,8705,17516,17929,3990,4034,6.0,3.0,1.0,2.0,93.0,1.0,64.031,65.843,63.906,62.812,63.187,65.843
08-11-2026 15:41:00,7368,7607,1283,16384,17.833333333333332,97.0,17732,VDD_IN,30471,8368,8784,17516,17732,3990,3955,1.0,2.0,1.0,7.0,96.0,0.0,63.781,65.781,63.843,62.906,63.156,65.781
08-11-2026 15:41:01,7368,7607,1283,16384,17.333333333333332,97.0,17850,VDD_IN,30667,8369,8862,17517,17850,3990,3955,2.0,5.0,1.0,0.0,96.0,0.0,63.875,65.875,63.906,62.812,63.093,65.875
08-11-2026 15:41:02,7369,7607,1283,16384,21.666666666666668,99.0,17889,VDD_IN,30667,8370,8823,17518,17889,3990,3955,15.0,9.0,8.0,5.0,92.0,1.0,64.031,65.843,63.812,62.812,63.125,65.843
08-11-2026 15:41:03,7369,7607,1282,16384,17.5,97.0,17850,VDD_IN,30629,8371,8784,17518,17850,3990,3995,2.0,7.0,2.0,1.0,92.0,1.0,64.093,65.593,63.75,62.812,63.125,65.593
08-11-2026 15:41:04,7369,7607,1282,16384,17.0,98.0,17811,VDD_IN,30472,8372,8666,17519,17811,3990,3995,2.0,2.0,4.0,2.0,92.0,0.0,64.0,65.625,63.906,62.875,63.125,65.625
08-11-2026 15:41:05,7369,7607,1282,16384,17.5,97.0,17850,VDD_IN,30550,8372,8666,17520,17850,3990,4034,3.0,3.0,5.0,2.0,92.0,0.0,64.25,65.687,63.843,62.937,63.187,65.687
08-11-2026 15:41:06,7369,7607,1282,16384,17.333333333333332,97.0,17772,VDD_IN,30316,8373,8471,17520,17772,3990,4073,4.0,5.0,1.0,1.0,92.0,1.0,63.906,65.531,63.937,62.812,63.218,65.531
08-11-2026 15:41:07,7370,7607,1282,16384,20.833333333333332,97.0,17889,VDD_IN,30472,8373,8510,17521,17889,3990,4073,6.0,4.0,7.0,14.0,91.0,3.0,64.0,65.625,63.812,62.843,63.125,65.625
08-11-2026 15:41:08,7370,7607,1281,16384,17.333333333333332,97.0,17772,VDD_IN,30199,8373,8315,17521,17772,3991,4112,3.0,5.0,1.0,2.0,93.0,0.0,64.218,65.375,63.781,62.875,63.093,65.375
08-11-2026 15:41:09,7370,7607,1281,16384,16.833333333333332,97.0,17732,VDD_IN,30120,8372,8237,17522,17732,3991,4151,2.0,2.0,2.0,1.0,92.0,2.0,64.031,65.312,63.906,62.937,63.187,65.312
08-11-2026 15:41:10,7370,7607,1281,16384,16.5,97.0,17654,VDD_IN,29926,8372,8042,17522,17654,3992,4230,4.0,0.0,2.0,1.0,92.0,0.0,64.375,65.343,63.968,62.968,63.125,65.343
08-11-2026 15:41:11,7370,7607,1281,16384,17.166666666666668,99.0,17575,VDD_IN,29612,8370,7768,17522,17575,3992,4269,3.0,2.0,4.0,2.0,92.0,0.0,64.156,64.781,63.968,62.843,63.25,64.781
08-11-2026 15:41:12,7371,7607,1281,16384,21.0,99.0,17693,VDD_IN,30237,8371,8471,17523,17693,3992,4073,5.0,7.0,16.0,6.0,92.0,0.0,64.093,65.312,63.812,62.875,63.281,65.312
08-11-2026 15:41:13,7371,7607,1281,16384,17.666666666666668,99.0,17654,VDD_IN,30237,8371,8588,17523,17654,3992,3995,3.0,2.0,5.0,4.0,92.0,0.0,64.187,65.312,63.875,62.906,63.062,65.593
08-11-2026 15:41:14,7370,7607,1281,16384,17.166666666666668,99.0,18125,VDD_IN,31099,8372,8862,17524,18125,3993,4112,4.0,3.0,0.0,4.0,92.0,0.0,64.125,65.781,63.812,62.937,63.187,65.781
08-11-2026 15:41:15,7370,7607,1281,16384,17.833333333333332,96.0,17811,VDD_IN,30550,8373,8823,17525,17811,3992,3916,3.0,2.0,1.0,4.0,97.0,0.0,64.125,65.687,63.937,62.968,63.218,65.687
08-11-2026 15:41:16,7370,7607,1281,16384,17.0,97.0,17850,VDD_IN,30628,8374,8823,17525,17850,3992,3955,2.0,4.0,1.0,1.0,94.0,0.0,63.906,65.75,63.875,62.812,63.156,65.75
08-11-2026 15:41:17,7360,7607,1282,16384,22.333333333333332,97.0,18046,VDD_IN,30981,8375,8940,17527,18046,3992,3995,9.0,20.0,8.0,4.0,93.0,0.0,64.031,65.718,63.875,62.812,63.187,65.718
08-11-2026 15:41:18,7360,7607,1282,16384,16.833333333333332,97.0,17889,VDD_IN,30628,8376,8744,17527,17889,3992,3995,2.0,1.0,3.0,3.0,92.0,0.0,64.093,65.781,63.843,62.843,63.156,65.781
08-11-2026 15:41:19,7360,7607,1282,16384,16.666666666666668,99.0,17811,VDD_IN,30433,8377,8627,17528,17811,3992,3995,2.0,3.0,4.0,0.0,91.0,0.0,63.843,65.437,63.937,62.875,63.156,65.437
08-11-2026 15:41:20,7360,7607,1282,16384,17.166666666666668,97.0,17811,VDD_IN,30472,8377,8627,17528,17811,3992,4034,3.0,2.0,4.0,2.0,92.0,0.0,63.937,65.468,63.843,62.812,63.187,65.468
08-11-2026 15:41:21,7360,7607,1282,16384,17.5,97.0,17772,VDD_IN,30316,8377,8471,17529,17772,3993,4073,2.0,2.0,4.0,5.0,92.0,0.0,64.0,65.5,63.812,62.812,63.156,65.5
08-11-2026 15:41:22,7361,7607,1282,16384,19.0,97.0,17889,VDD_IN,30511,8378,8549,17530,17889,3993,4073,9.0,2.0,3.0,8.0,92.0,0.0,64.062,65.531,63.812,62.843,63.156,65.531
08-11-2026 15:41:23,7362,7607,1282,16384,19.333333333333332,97.0,17732,VDD_IN,30198,8377,8315,17530,17732,3993,4151,9.0,3.0,2.0,10.0,92.0,0.0,64.156,65.718,63.781,62.906,63.093,65.718
08-11-2026 15:41:24,7362,7607,1282,16384,17.333333333333332,97.0,17693,VDD_IN,30042,8377,8159,17530,17693,3994,4190,36.0,3.0,4.0,1.0,60.0,0.0,63.906,65.718,63.906,62.968,63.187,65.718
08-11-2026 15:41:25,7362,7607,1282,16384,17.333333333333332,97.0,17693,VDD_IN,29848,8376,7925,17531,17693,3994,4230,4.0,2.0,3.0,3.0,92.0,0.0,64.062,65.718,63.937,62.812,63.062,65.718
08-11-2026 15:41:26,7362,7607,1282,16384,17.0,99.0,17575,VDD_IN,29730,8375,7925,17531,17575,3994,4230,2.0,1.0,3.0,4.0,92.0,0.0,64.406,64.906,63.781,62.906,63.093,64.906
08-11-2026 15:41:27,7362,7607,1282,16384,17.333333333333332,99.0,17575,VDD_IN,30041,8375,8432,17531,17575,3995,4034,3.0,2.0,5.0,2.0,92.0,0.0,64.093,65.375,63.968,62.937,63.156,65.375
08-11-2026 15:41:28,7364,7607,1282,16384,20.5,99.0,17693,VDD_IN,30315,8376,8627,17531,17693,3995,3995,8.0,16.0,3.0,4.0,92.0,0.0,64.187,65.468,63.937,62.937,63.25,65.468
08-11-2026 15:41:29,7364,7607,1282,16384,17.333333333333332,99.0,18007,VDD_IN,30966,8377,8964,17532,18007,3995,3995,5.0,2.0,2.0,2.0,93.0,0.0,64.031,65.843,63.937,62.812,63.156,65.843
08-11-2026 15:41:30,7364,7607,1282,16384,18.5,97.0,17929,VDD_IN,30785,8378,8901,17533,17929,3994,3955,3.0,6.0,1.0,2.0,99.0,0.0,63.968,66.0,63.875,62.812,63.125,66.0
08-11-2026 15:41:31,7364,7607,1282,16384,16.5,97.0,17850,VDD_IN,30589,8379,8784,17534,17850,3994,3955,0.0,3.0,2.0,2.0,92.0,0.0,64.093,65.312,63.75,62.843,63.218,65.312
08-11-2026 15:41:32,7364,7607,1282,16384,17.0,97.0,17811,VDD_IN,30550,8380,8784,17534,17811,3994,3955,4.0,2.0,2.0,2.0,92.0,0.0,63.843,65.375,63.843,62.937,63.218,65.375
08-11-2026 15:41:33,7365,7607,1282,16384,21.666666666666668,97.0,17850,VDD_IN,30589,8380,8744,17535,17850,3994,3995,9.0,4.0,7.0,18.0,92.0,0.0,63.968,65.406,63.843,62.843,63.156,65.406
08-11-2026 15:41:34,7365,7607,1282,16384,17.166666666666668,97.0,17850,VDD_IN,30472,8381,8627,17536,17850,3994,3995,1.0,4.0,1.0,5.0,92.0,0.0,64.031,65.468,63.812,62.812,63.156,65.468
08-11-2026 15:41:35,7365,7607,1282,16384,18.166666666666668,97.0,17772,VDD_IN,30316,8381,8510,17536,17772,3994,4034,10.0,2.0,2.0,2.0,93.0,0.0,64.187,65.625,63.625,62.843,63.093,65.625
08-11-2026 15:41:36,7365,7607,1282,16384,17.0,97.0,17693,VDD_IN,30198,8381,8432,17536,17693,3995,4073,5.0,1.0,2.0,1.0,92.0,1.0,64.156,65.5,63.843,62.843,63.093,65.5
08-11-2026 15:41:37,7365,7607,1282,16384,17.666666666666668,97.0,17732,VDD_IN,30159,8381,8315,17537,17732,3995,4112,3.0,3.0,3.0,4.0,93.0,0.0,64.343,65.562,63.906,63.0,63.25,65.562
08-11-2026 15:41:38,7366,7607,1282,16384,21.166666666666668,96.0,17772,VDD_IN,30199,8381,8276,17537,17772,3995,4151,6.0,9.0,6.0,14.0,92.0,0.0,63.937,65.531,63.937,62.843,63.156,65.531
08-11-2026 15:41:39,7366,7607,1282,16384,17.5,97.0,17693,VDD_IN,29886,8380,8003,17538,17693,3996,4190,3.0,4.0,3.0,3.0,92.0,0.0,64.125,65.312,63.843,62.843,63.156,65.312
08-11-2026 15:41:40,7366,7607,1282,16384,17.833333333333332,99.0,17497,VDD_IN,29495,8379,7729,17537,17497,3996,4269,3.0,3.0,6.0,3.0,92.0,0.0,64.531,64.781,63.843,62.937,63.281,64.781
08-11-2026 15:41:41,7366,7607,1282,16384,17.166666666666668,99.0,17497,VDD_IN,29931,8379,8354,17537,17497,3996,4080,3.0,1.0,6.0,1.0,92.0,0.0,64.187,65.281,63.937,62.968,63.093,65.281
08-11-2026 15:41:42,7366,7607,1282,16384,16.666666666666668,99.0,17575,VDD_IN,30125,8379,8588,17537,17575,3996,3962,2.0,1.0,0.0,3.0,92.0,2.0,64.281,65.437,63.968,62.937,63.125,65.437
08-11-2026 15:41:43,7366,7607,1282,16384,21.0,99.0,18164,VDD_IN,31162,8380,8925,17539,18164,3996,4073,4.0,16.0,6.0,7.0,92.0,1.0,64.093,65.812,64.031,62.843,63.25,65.812
08-11-2026 15:41:44,7365,7607,1282,16384,21.666666666666668,96.0,17889,VDD_IN,30706,8381,8901,17539,17889,3996,3916,9.0,7.0,5.0,9.0,98.0,2.0,64.093,65.75,63.843,62.906,63.156,65.75
08-11-2026 15:41:45,7366,7607,1282,16384,17.333333333333332,97.0,17811,VDD_IN,30574,8382,8808,17540,17811,3996,3955,3.0,1.0,4.0,2.0,94.0,0.0,64.312,65.812,63.875,62.937,63.281,65.812
08-11-2026 15:41:46,7366,7607,1282,16384,17.5,97.0,17772,VDD_IN,30471,8383,8744,17540,17772,3996,3955,2.0,8.0,1.0,2.0,92.0,0.0,63.968,65.687,63.781,62.937,63.218,65.687
08-11-2026 15:41:47,7366,7607,1282,16384,17.0,97.0,17772,VDD_IN,30432,8384,8705,17541,17772,3996,3955,1.0,1.0,6.0,2.0,92.0,0.0,63.906,65.75,64.0,62.875,63.25,65.75
08-11-2026 15:41:48,7368,7607,1282,16384,21.166666666666668,97.0,17929,VDD_IN,30707,8384,8744,17542,17929,3996,4034,5.0,10.0,6.0,13.0,93.0,0.0,64.093,65.5,63.812,62.875,63.281,65.5
08-11-2026 15:41:49,7368,7607,1282,16384,18.0,97.0,17811,VDD_IN,30433,8385,8588,17542,17811,3996,4034,3.0,3.0,3.0,7.0,92.0,0.0,64.031,65.5,63.812,62.937,63.125,65.5
08-11-2026 15:41:50,7368,7607,1282,16384,17.333333333333332,99.0,17772,VDD_IN,30316,8385,8471,17543,17772,3996,4073,4.0,4.0,1.0,3.0,92.0,0.0,64.406,65.437,63.843,62.875,63.218,65.437
08-11-2026 15:41:51,7368,7607,1281,16384,18.833333333333332,97.0,17850,VDD_IN,30394,8385,8471,17543,17850,3996,4073,5.0,2.0,6.0,7.0,92.0,1.0,64.031,65.812,63.968,62.843,63.218,65.812
08-11-2026 15:41:52,7368,7607,1281,16384,17.0,97.0,17693,VDD_IN,30120,8385,8276,17543,17693,3997,4151,4.0,2.0,1.0,3.0,92.0,0.0,64.062,65.75,63.843,62.843,63.125,65.75
08-11-2026 15:41:53,7368,7607,1281,16384,17.833333333333332,97.0,17732,VDD_IN,30042,8384,8159,17544,17732,3997,4151,3.0,3.0,6.0,3.0,92.0,0.0,64.437,65.468,63.812,62.906,63.125,65.468
08-11-2026 15:41:54,7369,7607,1281,16384,20.5,97.0,17654,VDD_IN,29848,8384,7964,17544,17654,3997,4230,5.0,8.0,14.0,4.0,92.0,0.0,64.093,65.312,63.968,62.875,63.156,65.312
08-11-2026 15:41:55,7369,7607,1281,16384,17.0,99.0,17497,VDD_IN,29651,8383,8003,17544,17497,3998,4151,4.0,1.0,2.0,1.0,92.0,2.0,64.156,65.0,64.0,62.812,63.25,65.0
08-11-2026 15:41:56,7369,7607,1281,16384,16.833333333333332,99.0,17536,VDD_IN,30002,8383,8471,17544,17536,3998,3995,4.0,2.0,1.0,2.0,92.0,0.0,64.218,65.687,63.812,62.812,63.218,65.687
08-11-2026 15:41:57,7369,7607,1281,16384,17.833333333333332,99.0,17575,VDD_IN,30125,8383,8549,17544,17575,3998,4001,2.0,1.0,8.0,3.0,92.0,1.0,64.062,65.687,63.843,62.812,63.218,65.687
08-11-2026 15:41:58,7369,7607,1281,16384,17.166666666666668,99.0,17732,VDD_IN,30431,8384,8744,17544,17732,3998,3955,3.0,1.0,4.0,2.0,93.0,0.0,64.187,65.281,63.875,62.906,63.125,65.281
08-11-2026 15:41:59,7371,7607,1281,16384,22.833333333333332,97.0,17772,VDD_IN,30511,8385,8823,17545,17772,3997,3916,7.0,7.0,18.0,7.0,98.0,0.0,63.968,65.281,63.875,62.937,63.125,65.281
08-11-2026 15:42:00,7371,7607,1281,16384,17.0,97.0,17654,VDD_IN,30275,8385,8666,17545,17654,3997,3955,2.0,3.0,4.0,1.0,92.0,0.0,64.031,65.218,63.906,62.781,63.156,65.218
08-11-2026 15:42:01,7371,7607,1281,16384,17.0,97.0,17654,VDD_IN,30275,8386,8666,17545,17654,3997,3955,3.0,3.0,2.0,2.0,92.0,0.0,64.062,65.375,63.75,62.937,63.156,65.375
08-11-2026 15:42:02,7371,7607,1281,16384,17.166666666666668,97.0,17654,VDD_IN,30197,8386,8588,17545,17654,3997,3955,1.0,2.0,3.0,1.0,92.0,4.0,64.156,65.531,63.843,62.875,63.062,65.531
08-11-2026 15:42:03,7371,7607,1281,16384,16.333333333333332,97.0,17693,VDD_IN,30276,8387,8588,17546,17693,3997,3995,2.0,1.0,0.0,2.0,92.0,1.0,64.062,65.562,63.875,62.906,63.125,65.562
08-11-2026 15:42:04,7357,7607,1284,16384,23.666666666666668,97.0,17850,VDD_IN,30511,8387,8627,17546,17850,3997,4034,9.0,6.0,23.0,10.0,92.0,2.0,63.875,65.562,63.875,62.906,63.25,65.562
08-11-2026 15:42:05,7357,7607,1284,16384,17.166666666666668,97.0,17615,VDD_IN,30042,8387,8354,17546,17615,3997,4073,2.0,2.0,4.0,2.0,92.0,1.0,63.906,65.625,63.937,62.812,63.125,65.625
08-11-2026 15:42:06,7357,7607,1284,16384,16.833333333333332,97.0,17615,VDD_IN,29964,8387,8276,17546,17615,3998,4073,3.0,3.0,2.0,1.0,92.0,0.0,64.031,65.562,63.843,62.812,63.125,65.562
08-11-2026 15:42:07,7357,7607,1284,16384,17.0,99.0,17575,VDD_IN,29768,8386,8081,17547,17575,3998,4112,3.0,3.0,3.0,1.0,92.0,0.0,64.218,65.375,63.812,62.906,63.062,65.375
08-11-2026 15:42:08,7357,7607,1284,16384,17.166666666666668,97.0,17693,VDD_IN,29964,8386,8081,17547,17693,3998,4190,7.0,1.0,0.0,3.0,92.0,0.0,64.031,65.343,63.843,62.906,63.125,65.343
08-11-2026 15:42:09,7360,7607,1284,16384,21.666666666666668,97.0,17732,VDD_IN,29965,8385,8003,17547,17732,3999,4230,4.0,18.0,10.0,6.0,92.0,0.0,64.125,65.281,63.968,62.718,63.281,65.281
08-11-2026 15:42:10,7360,7607,1284,16384,17.0,99.0,17447,VDD_IN,29569,8384,7925,17547,17447,3999,4197,2.0,2.0,2.0,4.0,92.0,0.0,64.218,64.937,63.937,62.843,63.093,64.937
08-11-2026 15:42:11,7360,7607,1284,16384,16.666666666666668,99.0,17458,VDD_IN,29813,8384,8354,17547,17458,3999,4001,2.0,1.0,2.0,1.0,92.0,2.0,64.031,65.343,63.812,62.812,63.156,65.343
08-11-2026 15:42:12,7359,7607,1284,16384,17.833333333333332,0.0,14981,VDD_IN,25349,8381,6826,17542,14981,3998,3542,7.0,9.0,8.0,4.0,77.0,2.0,64.375,64.281,63.781,62.875,63.062,64.406
08-11-2026 15:42:13,7375,7607,1294,16384,59.0,0.0,8518,VDD_IN,13369,8371,2901,17525,8518,3994,1950,57.0,57.0,73.0,65.0,51.0,51.0,63.625,63.031,63.531,62.781,62.406,63.625
08-11-2026 15:42:14,7393,7607,1322,16384,40.333333333333336,97.0,14823,VDD_IN,24914,8368,7061,17520,14823,3992,3030,34.0,28.0,47.0,42.0,70.0,21.0,63.812,64.5,63.156,62.5,62.468,64.5
08-11-2026 15:42:15,7383,7607,1328,16384,21.166666666666668,97.0,17447,VDD_IN,29685,8368,8276,17520,17447,3992,3962,8.0,7.0,10.0,6.0,94.0,2.0,63.625,64.937,63.437,62.593,62.687,64.937
08-11-2026 15:42:16,7384,7607,1328,16384,16.5,97.0,17615,VDD_IN,30003,8368,8315,17520,17615,3993,4073,3.0,2.0,1.0,1.0,92.0,0.0,63.562,65.375,63.5,62.687,62.75,65.375
08-11-2026 15:42:17,7384,7607,1328,16384,17.166666666666668,99.0,17536,VDD_IN,29775,8368,8120,17520,17536,3993,4119,3.0,2.0,3.0,2.0,92.0,1.0,63.656,65.375,63.593,62.593,62.812,65.375
08-11-2026 15:42:18,7384,7607,1328,16384,17.333333333333332,97.0,17536,VDD_IN,29736,8367,8042,17520,17536,3993,4158,1.0,3.0,1.0,4.0,92.0,3.0,63.812,65.375,63.531,62.531,62.875,65.375
08-11-2026 15:42:19,7384,7607,1327,16384,17.5,99.0,17458,VDD_IN,29463,8366,7768,17520,17458,3994,4237,2.0,1.0,4.0,2.0,92.0,4.0,64.062,65.343,63.562,62.625,62.843,65.343
08-11-2026 15:42:20,7380,7607,1332,16384,23.166666666666668,99.0,17486,VDD_IN,29686,8366,8081,17520,17486,3994,4119,6.0,16.0,8.0,16.0,92.0,1.0,64.062,65.062,63.593,62.656,62.937,65.062
08-11-2026 15:42:21,7381,7607,1332,16384,16.666666666666668,99.0,17447,VDD_IN,29802,8366,8432,17520,17447,3994,3923,2.0,2.0,0.0,5.0,91.0,0.0,63.593,65.281,63.625,62.812,62.906,65.281
08-11-2026 15:42:22,7379,7607,1332,16384,17.0,99.0,17732,VDD_IN,30354,8366,8588,17520,17732,3994,4034,4.0,3.0,1.0,2.0,92.0,0.0,63.687,65.437,63.656,62.562,63.031,65.437
08-11-2026 15:42:23,7379,7607,1332,16384,18.5,96.0,17615,VDD_IN,30158,8367,8627,17521,17615,3994,3916,3.0,3.0,2.0,7.0,96.0,0.0,63.75,65.25,63.562,62.593,62.906,65.25
08-11-2026 15:42:24,7379,7607,1332,16384,17.333333333333332,97.0,17772,VDD_IN,30432,8367,8744,17521,17772,3993,3916,96.0,1.0,3.0,4.0,0.0,0.0,64.031,65.406,63.593,62.656,63.031,65.406
08-11-2026 15:42:25,7381,7607,1332,16384,20.333333333333332,98.0,17732,VDD_IN,30431,8368,8744,17521,17732,3993,3955,31.0,6.0,12.0,7.0,64.0,2.0,63.843,65.343,63.625,62.718,63.0,65.343
08-11-2026 15:42:26,7381,7607,1332,16384,16.666666666666668,97.0,17693,VDD_IN,30275,8368,8627,17522,17693,3993,3955,1.0,2.0,2.0,1.0,92.0,2.0,63.625,65.5,63.625,62.812,62.906,65.5
08-11-2026 15:42:27,7381,7607,1332,16384,16.666666666666668,99.0,17693,VDD_IN,30237,8369,8549,17522,17693,3993,3995,2.0,2.0,0.0,4.0,92.0,0.0,63.687,65.25,63.718,62.625,62.906,65.25
08-11-2026 15:42:28,7381,7607,1332,16384,17.166666666666668,97.0,17654,VDD_IN,30198,8369,8549,17522,17654,3993,3995,2.0,4.0,3.0,1.0,93.0,0.0,63.875,65.218,63.562,62.656,62.843,65.218
08-11-2026 15:42:29,7381,7607,1332,16384,17.166666666666668,98.0,17654,VDD_IN,30081,8369,8393,17522,17654,3993,4034,3.0,3.0,4.0,1.0,92.0,0.0,63.968,65.125,63.562,62.687,63.031,65.125
08-11-2026 15:42:30,7383,7607,1332,16384,22.333333333333332,97.0,17732,VDD_IN,30237,8369,8432,17523,17732,3994,4073,7.0,8.0,6.0,21.0,92.0,0.0,64.0,65.281,63.562,62.75,62.875,65.281
08-11-2026 15:42:31,7383,7607,1332,16384,17.5,97.0,17615,VDD_IN,29964,8369,8237,17523,17615,3994,4112,3.0,3.0,1.0,6.0,92.0,0.0,63.656,65.187,63.656,62.812,63.0,65.187
08-11-2026 15:42:32,7383,7607,1332,16384,17.0,97.0,17615,VDD_IN,29847,8368,8081,17523,17615,3994,4151,2.0,1.0,3.0,4.0,92.0,0.0,63.812,65.218,63.781,62.656,62.906,65.218
08-11-2026 15:42:33,7383,7607,1332,16384,16.833333333333332,97.0,17536,VDD_IN,29613,8367,7847,17523,17536,3994,4230,2.0,2.0,3.0,2.0,92.0,0.0,63.937,65.375,63.562,62.718,62.875,65.375
08-11-2026 15:42:34,7382,7607,1332,16384,17.333333333333332,99.0,17458,VDD_IN,29580,8367,7964,17523,17458,3995,4158,5.0,3.0,2.0,2.0,92.0,0.0,64.218,64.937,63.625,62.687,62.968,64.937
08-11-2026 15:42:35,7383,7607,1332,16384,20.833333333333332,99.0,17575,VDD_IN,30086,8367,8549,17523,17575,3995,3962,4.0,18.0,6.0,6.0,91.0,0.0,63.937,65.5,63.718,62.812,63.0,65.5
08-11-2026 15:42:36,7383,7607,1332,16384,17.166666666666668,99.0,17654,VDD_IN,30198,8367,8549,17523,17654,3995,3995,3.0,2.0,4.0,2.0,92.0,0.0,63.593,65.468,63.687,62.781,63.031,65.468
08-11-2026 15:42:37,7383,7607,1332,16384,17.333333333333332,99.0,17693,VDD_IN,30353,8368,8705,17524,17693,3995,3955,2.0,5.0,2.0,0.0,95.0,0.0,63.687,65.531,63.75,62.625,63.031,65.531
08-11-2026 15:42:38,7383,7607,1332,16384,18.166666666666668,97.0,17732,VDD_IN,30432,8369,8784,17524,17732,3994,3916,3.0,1.0,4.0,4.0,97.0,0.0,63.843,65.312,63.625,62.687,62.906,65.312
08-11-2026 15:42:39,7383,7607,1332,16384,17.333333333333332,98.0,17732,VDD_IN,30392,8369,8705,17524,17732,3994,3955,7.0,3.0,1.0,5.0,88.0,0.0,64.125,65.312,63.593,62.75,63.031,65.312
08-11-2026 15:42:40,7384,7607,1332,16384,21.166666666666668,97.0,17968,VDD_IN,30824,8370,8901,17525,17968,3994,3955,11.0,5.0,5.0,14.0,92.0,0.0,63.75,65.375,63.781,62.781,63.031,65.375
08-11-2026 15:42:41,7384,7607,1332,16384,17.833333333333332,98.0,17732,VDD_IN,30315,8371,8588,17526,17732,3994,3995,7.0,2.0,2.0,4.0,92.0,0.0,63.718,65.375,63.718,62.625,63.062,65.375
08-11-2026 15:42:42,7384,7607,1332,16384,16.833333333333332,97.0,17772,VDD_IN,30316,8371,8549,17526,17772,3994,3995,4.0,1.0,1.0,3.0,92.0,0.0,63.718,65.375,63.687,62.718,63.031,65.375
08-11-2026 15:42:43,7384,7607,1332,16384,17.0,97.0,17693,VDD_IN,30159,8371,8432,17526,17693,3994,4034,4.0,2.0,1.0,3.0,92.0,0.0,63.843,65.625,63.687,62.781,63.062,65.625
08-11-2026 15:42:44,7384,7607,1332,16384,17.166666666666668,97.0,17693,VDD_IN,30159,8371,8393,17527,17693,3995,4073,7.0,2.0,1.0,1.0,92.0,0.0,64.031,65.656,63.656,62.75,62.937,65.656
08-11-2026 15:42:46,7385,7607,1332,16384,18.5,97.0,17732,VDD_IN,30159,8371,8315,17527,17732,3995,4112,3.0,6.0,7.0,3.0,92.0,0.0,64.031,65.625,63.687,62.843,63.031,65.625
08-11-2026 15:42:47,7385,7607,1332,16384,20.166666666666668,97.0,17654,VDD_IN,29925,8371,8120,17527,17654,3995,4151,9.0,15.0,4.0,1.0,92.0,0.0,63.843,65.593,63.875,62.593,63.093,65.593
08-11-2026 15:42:48,7385,7607,1332,16384,17.333333333333332,97.0,17497,VDD_IN,29620,8370,7886,17527,17497,3995,4237,6.0,3.0,1.0,1.0,93.0,0.0,64.062,65.218,63.625,62.718,62.906,65.218
08-11-2026 15:42:49,7385,7607,1332,16384,16.666666666666668,99.0,17419,VDD_IN,29502,8369,7886,17527,17419,3996,4197,4.0,5.0,0.0,0.0,91.0,0.0,64.062,64.843,63.656,62.687,63.125,64.843
08-11-2026 15:42:50,7385,7607,1332,16384,17.5,99.0,17536,VDD_IN,29969,8369,8432,17527,17536,3996,4001,3.0,7.0,1.0,2.0,92.0,0.0,64.062,65.375,63.687,62.812,63.031,65.375
08-11-2026 15:42:51,7385,7607,1332,16384,16.666666666666668,99.0,17615,VDD_IN,30120,8369,8510,17527,17615,3996,3995,3.0,3.0,0.0,2.0,92.0,0.0,63.593,65.343,63.75,62.687,63.062,65.343
08-11-2026 15:42:52,7386,7607,1332,16384,22.166666666666668,99.0,17850,VDD_IN,30706,8370,8901,17528,17850,3996,3955,6.0,10.0,16.0,7.0,94.0,0.0,63.875,65.468,63.593,62.656,63.0,65.468
08-11-2026 15:42:53,7386,7607,1332,16384,18.5,97.0,17811,VDD_IN,30550,8371,8823,17528,17811,3996,3916,2.0,9.0,1.0,1.0,98.0,0.0,64.031,65.343,63.687,62.75,62.968,65.343
08-11-2026 15:42:54,7386,7607,1332,16384,17.5,97.0,17732,VDD_IN,30392,8372,8705,17529,17732,3996,3955,2.0,2.0,5.0,4.0,92.0,0.0,63.687,65.281,63.718,62.781,62.968,65.281
08-11-2026 15:42:55,7386,7607,1332,16384,17.166666666666668,97.0,17732,VDD_IN,30392,8372,8705,17529,17732,3995,3955,3.0,2.0,4.0,2.0,92.0,0.0,64.125,65.343,63.718,62.812,63.062,65.343
08-11-2026 15:42:56,7386,7607,1332,16384,16.833333333333332,97.0,17732,VDD_IN,30354,8373,8627,17529,17732,3995,3995,1.0,2.0,5.0,1.0,92.0,0.0,63.75,65.531,63.75,62.718,63.093,65.531
08-11-2026 15:42:57,7380,7607,1334,16384,22.333333333333332,97.0,17811,VDD_IN,30472,8373,8666,17530,17811,3995,3995,5.0,11.0,19.0,7.0,92.0,0.0,63.781,65.531,63.562,62.781,63.031,65.531
08-11-2026 15:42:58,7380,7607,1334,16384,17.5,97.0,17693,VDD_IN,30198,8373,8471,17530,17693,3996,4034,4.0,3.0,3.0,2.0,93.0,0.0,64.0,65.468,63.718,62.812,63.0,65.468
08-11-2026 15:42:59,7380,7607,1334,16384,16.833333333333332,97.0,17693,VDD_IN,30198,8373,8432,17530,17693,3996,4073,1.0,4.0,2.0,2.0,92.0,0.0,63.687,65.531,63.718,62.812,63.062,65.531
08-11-2026 15:43:00,7379,7607,1334,16384,17.166666666666668,97.0,17615,VDD_IN,29964,8373,8237,17530,17615,3996,4112,4.0,2.0,3.0,2.0,92.0,0.0,63.812,65.281,63.812,62.687,63.093,65.281
08-11-2026 15:43:01,7379,7607,1334,16384,17.0,97.0,17654,VDD_IN,29925,8373,8120,17531,17654,3996,4151,3.0,0.0,5.0,1.0,93.0,0.0,63.906,65.281,63.656,62.687,62.937,65.281
08-11-2026 15:43:02,7381,7607,1334,16384,21.166666666666668,97.0,17732,VDD_IN,29926,8372,7964,17531,17732,3997,4230,17.0,7.0,2.0,10.0,91.0,0.0,63.968,65.281,63.656,62.687,62.937,65.281
08-11-2026 15:43:03,7381,7607,1334,16384,17.333333333333332,99.0,17497,VDD_IN,29535,8371,7808,17531,17497,3997,4230,5.0,2.0,2.0,3.0,92.0,0.0,64.25,64.812,63.781,62.781,63.125,64.812
08-11-2026 15:43:04,7381,7607,1334,16384,17.833333333333332,99.0,17497,VDD_IN,29885,8371,8354,17531,17497,3997,4034,6.0,5.0,2.0,2.0,92.0,0.0,63.875,65.25,63.843,62.843,63.062,65.25
08-11-2026 15:43:05,7381,7607,1334,16384,16.666666666666668,99.0,17615,VDD_IN,30120,8371,8510,17531,17615,3997,3995,4.0,1.0,2.0,1.0,92.0,0.0,63.843,65.562,63.75,62.625,63.156,65.562
08-11-2026 15:43:06,7381,7607,1334,16384,16.5,99.0,18007,VDD_IN,30864,8372,8823,17532,18007,3997,4034,5.0,1.0,1.0,0.0,92.0,0.0,64.093,65.781,63.718,62.812,63.062,65.781
08-11-2026 15:43:07,7382,7607,1334,16384,23.166666666666668,97.0,18007,VDD_IN,30941,8373,8979,17533,18007,3997,3955,6.0,17.0,10.0,6.0,100.0,0.0,64.093,65.781,63.75,62.781,63.093,65.781
08-11-2026 15:43:08,7382,7607,1334,16384,17.333333333333332,97.0,17811,VDD_IN,30510,8374,8744,17533,17811,3997,3955,6.0,2.0,2.0,2.0,92.0,0.0,64.0,65.75,63.781,62.843,63.125,65.531
08-11-2026 15:43:09,7382,7607,1334,16384,16.833333333333332,97.0,17811,VDD_IN,30510,8374,8744,17534,17811,3997,3955,1.0,1.0,4.0,1.0,92.0,2.0,63.843,65.5,63.843,62.656,63.093,65.5
08-11-2026 15:43:10,7382,7607,1334,16384,17.166666666666668,97.0,17772,VDD_IN,30433,8375,8666,17534,17772,3997,3995,3.0,4.0,1.0,3.0,92.0,0.0,63.875,65.468,63.718,62.812,63.062,65.468
08-11-2026 15:43:11,7383,7607,1334,16384,16.666666666666668,97.0,17732,VDD_IN,30354,8375,8627,17534,17732,3997,3995,37.0,3.0,4.0,0.0,56.0,0.0,64.062,65.468,63.718,62.812,63.156,65.468
08-11-2026 15:43:12,7383,7607,1334,16384,19.333333333333332,97.0,17889,VDD_IN,30550,8376,8627,17535,17889,3997,4034,92.0,4.0,6.0,3.0,11.0,0.0,64.343,65.531,63.781,62.812,63.187,65.531
08-11-2026 15:43:13,7383,7607,1334,16384,17.666666666666668,97.0,17654,VDD_IN,30081,8376,8393,17535,17654,3997,4034,3.0,2.0,4.0,5.0,92.0,0.0,63.781,65.406,63.781,62.843,63.093,65.406
08-11-2026 15:43:14,7383,7607,1334,16384,17.833333333333332,97.0,17693,VDD_IN,30120,8376,8315,17535,17693,3997,4112,2.0,3.0,6.0,4.0,92.0,0.0,63.906,65.843,63.718,62.781,63.125,65.843
08-11-2026 15:43:15,7383,7607,1334,16384,17.166666666666668,97.0,17575,VDD_IN,29807,8375,8081,17535,17575,3997,4151,2.0,5.0,3.0,2.0,91.0,0.0,64.093,65.218,63.687,62.75,63.062,65.218
08-11-2026 15:43:16,7383,7607,1334,16384,17.333333333333332,97.0,17575,VDD_IN,29768,8374,8003,17536,17575,3998,4190,3.0,2.0,4.0,2.0,93.0,0.0,64.0,65.25,63.687,62.812,63.031,65.25
08-11-2026 15:43:17,7383,7607,1334,16384,16.5,99.0,17497,VDD_IN,29502,8373,7729,17535,17497,3998,4276,0.0,4.0,2.0,1.0,92.0,0.0,64.437,64.875,63.781,62.906,63.125,64.875
08-11-2026 15:43:18,7383,7607,1334,16384,21.833333333333332,99.0,17497,VDD_IN,29885,8373,8315,17535,17497,3998,4073,20.0,6.0,9.0,4.0,92.0,0.0,63.937,65.187,63.75,63.0,63.25,65.187
08-11-2026 15:43:19,7383,7607,1334,16384,17.166666666666668,99.0,17536,VDD_IN,30001,8373,8510,17535,17536,3998,3955,6.0,1.0,3.0,1.0,92.0,0.0,63.843,65.531,63.843,62.687,63.062,65.531
08-11-2026 15:43:20,7383,7607,1334,16384,17.333333333333332,99.0,18046,VDD_IN,30903,8374,8784,17536,18046,3998,4073,2.0,6.0,2.0,2.0,92.0,0.0,64.031,65.687,63.718,62.812,63.125,65.687
08-11-2026 15:43:21,7383,7607,1334,16384,18.0,97.0,17772,VDD_IN,30472,8375,8784,17537,17772,3998,3916,5.0,1.0,2.0,2.0,98.0,0.0,63.906,65.625,63.781,62.781,63.062,65.625
08-11-2026 15:43:22,7383,7607,1334,16384,17.0,97.0,17732,VDD_IN,30431,8375,8744,17537,17732,3998,3955,2.0,1.0,2.0,2.0,93.0,2.0,64.062,65.593,63.781,62.843,63.093,65.593
08-11-2026 15:43:23,7384,7607,1334,16384,21.166666666666668,97.0,17772,VDD_IN,30511,8376,8784,17537,17772,3998,3955,4.0,5.0,18.0,8.0,92.0,0.0,63.812,65.375,63.781,62.718,63.187,65.375
08-11-2026 15:43:24,7384,7607,1334,16384,17.833333333333332,97.0,17811,VDD_IN,30511,8377,8705,17538,17811,3998,3995,5.0,2.0,6.0,1.0,93.0,0.0,63.906,65.5,63.687,62.75,63.062,65.5
08-11-2026 15:43:25,7384,7607,1334,16384,17.5,96.0,17693,VDD_IN,30276,8377,8588,17538,17693,3998,3995,3.0,2.0,6.0,2.0,92.0,0.0,64.031,65.468,63.781,62.812,63.093,65.468
08-11-2026 15:43:26,7384,7607,1334,16384,17.0,97.0,17732,VDD_IN,30315,8377,8549,17538,17732,3998,4034,2.0,2.0,2.0,4.0,92.0,0.0,63.781,65.656,63.75,62.812,63.093,65.656
08-11-2026 15:43:27,7384,7607,1334,16384,17.166666666666668,97.0,17693,VDD_IN,30120,8377,8393,17539,17693,3998,4034,3.0,6.0,1.0,1.0,92.0,0.0,63.937,65.593,63.812,63.0,63.062,65.593
08-11-2026 15:43:28,7373,7607,1337,16384,36.833333333333336,97.0,18203,VDD_IN,31084,8378,8730,17540,18203,3998,4151,24.0,28.0,27.0,33.0,91.0,18.0,64.093,65.687,63.968,62.812,63.125,65.687
08-11-2026 15:43:29,7374,7607,1337,16384,17.5,96.0,17654,VDD_IN,29964,8378,8159,17540,17654,3999,4151,4.0,2.0,5.0,2.0,92.0,0.0,64.218,65.562,63.781,62.843,63.062,65.562
08-11-2026 15:43:30,7374,7607,1337,16384,16.666666666666668,97.0,17615,VDD_IN,29769,8377,7964,17540,17615,3999,4190,1.0,1.0,4.0,1.0,93.0,0.0,64.125,65.312,63.75,62.843,63.125,65.312
08-11-2026 15:43:31,7374,7607,1337,16384,17.0,99.0,17497,VDD_IN,29541,8376,7768,17540,17497,3999,4276,3.0,5.0,2.0,1.0,91.0,0.0,64.093,64.875,63.843,63.0,63.156,64.875
08-11-2026 15:43:32,7375,7607,1337,16384,16.333333333333332,99.0,17486,VDD_IN,29802,8376,8276,17540,17486,4000,4040,2.0,3.0,1.0,1.0,91.0,0.0,64.0,65.218,63.812,62.75,63.062,65.218
08-11-2026 15:43:33,7377,7607,1337,16384,21.666666666666668,99.0,17693,VDD_IN,30354,8376,8666,17540,17693,4000,3995,5.0,5.0,14.0,14.0,92.0,0.0,64.031,65.343,63.781,62.937,63.062,65.343
08-11-2026 15:43:34,7377,7607,1337,16384,18.0,99.0,18085,VDD_IN,30981,8377,8823,17541,18085,4000,4073,2.0,8.0,3.0,2.0,91.0,2.0,64.312,65.875,63.781,62.937,63.062,65.875
08-11-2026 15:43:35,7377,7607,1337,16384,18.666666666666668,97.0,17811,VDD_IN,30550,8378,8823,17541,17811,4000,3916,3.0,3.0,1.0,6.0,0.0,99.0,64.031,65.812,63.875,62.906,63.062,65.812
08-11-2026 15:43:36,7377,7607,1337,16384,17.333333333333332,97.0,17732,VDD_IN,30431,8378,8744,17542,17732,3999,3955,3.0,5.0,0.0,3.0,0.0,93.0,63.906,65.718,63.875,62.968,63.156,65.718
08-11-2026 15:43:37,7377,7607,1337,16384,16.666666666666668,97.0,17811,VDD_IN,30510,8379,8744,17542,17811,3999,3955,1.0,3.0,3.0,1.0,0.0,92.0,63.968,65.781,63.906,62.781,63.062,65.781
08-11-2026 15:43:38,7378,7607,1337,16384,20.666666666666668,97.0,17968,VDD_IN,30786,8380,8823,17543,17968,3999,3995,8.0,6.0,4.0,13.0,0.0,93.0,64.312,65.5,63.781,62.843,63.125,65.5
08-11-2026 15:43:39,7378,7607,1337,16384,18.5,97.0,17732,VDD_IN,30354,8380,8627,17543,17732,3999,3995,4.0,1.0,8.0,6.0,0.0,92.0,64.187,65.468,63.843,62.906,63.093,65.468
08-11-2026 15:43:40,7378,7607,1337,16384,17.666666666666668,97.0,17772,VDD_IN,30316,8380,8510,17544,17772,3999,4034,2.0,3.0,3.0,6.0,0.0,92.0,63.968,65.562,63.75,62.968,63.156,65.562
08-11-2026 15:43:41,7378,7607,1337,16384,17.333333333333332,97.0,17654,VDD_IN,30081,8380,8354,17544,17654,4000,4073,2.0,2.0,1.0,7.0,0.0,92.0,64.062,65.406,63.937,62.781,63.093,65.406
08-11-2026 15:43:42,7378,7607,1337,16384,16.833333333333332,97.0,17654,VDD_IN,30042,8380,8315,17544,17654,4000,4073,2.0,1.0,1.0,5.0,0.0,92.0,64.187,65.593,63.781,62.937,63.093,65.593
08-11-2026 15:43:43,7378,7607,1337,16384,17.166666666666668,96.0,17654,VDD_IN,29925,8380,8120,17544,17654,4000,4151,3.0,2.0,1.0,5.0,0.0,92.0,64.187,65.343,63.843,62.812,63.125,65.343
08-11-2026 15:43:44,7379,7607,1337,16384,22.0,97.0,17654,VDD_IN,29925,8379,8081,17544,17654,4000,4190,7.0,6.0,15.0,12.0,0.0,92.0,64.281,65.375,63.875,62.875,63.125,65.375
08-11-2026 15:43:45,7379,7607,1337,16384,17.166666666666668,99.0,17536,VDD_IN,29613,8378,7808,17544,17536,4001,4269,3.0,1.0,4.0,3.0,0.0,92.0,64.156,65.093,63.875,62.875,63.187,65.093
08-11-2026 15:43:46,7380,7607,1337,16384,16.833333333333332,99.0,17419,VDD_IN,29697,8378,8198,17544,17419,4001,4080,2.0,2.0,1.0,5.0,0.0,91.0,64.187,65.093,64.0,62.843,63.031,65.093
08-11-2026 15:43:47,7380,7607,1337,16384,16.666666666666668,99.0,17458,VDD_IN,29930,8378,8510,17544,17458,4001,3962,2.0,1.0,1.0,1.0,2.0,93.0,64.031,65.375,63.781,62.843,63.062,65.593
08-11-2026 15:43:48,7380,7607,1336,16384,16.666666666666668,99.0,17929,VDD_IN,30707,8379,8705,17544,17929,4001,4073,1.0,1.0,5.0,1.0,0.0,92.0,63.937,65.781,63.812,62.875,63.156,65.781
08-11-2026 15:43:49,7382,7607,1336,16384,22.666666666666668,96.0,17772,VDD_IN,30432,8379,8744,17545,17772,4001,3916,4.0,4.0,12.0,16.0,3.0,97.0,64.218,65.656,63.937,62.937,63.156,65.656
08-11-2026 15:43:50,7382,7607,1336,16384,17.333333333333332,97.0,17811,VDD_IN,30550,8380,8784,17545,17811,4001,3955,4.0,1.0,1.0,1.0,2.0,95.0,63.937,65.687,64.0,62.812,63.093,65.687
08-11-2026 15:43:51,7382,7607,1336,16384,16.833333333333332,97.0,17693,VDD_IN,30275,8380,8627,17546,17693,4001,3955,3.0,3.0,1.0,1.0,0.0,93.0,64.031,65.687,63.843,62.812,63.093,65.687
08-11-2026 15:43:52,7382,7607,1336,16384,17.0,97.0,17772,VDD_IN,30393,8381,8666,17546,17772,4000,3955,2.0,5.0,3.0,0.0,0.0,92.0,64.218,65.468,63.843,62.812,63.125,65.468
08-11-2026 15:43:53,7380,7607,1336,16384,17.166666666666668,96.0,17772,VDD_IN,30355,8381,8588,17546,17772,4000,3995,4.0,2.0,1.0,3.0,1.0,92.0,64.0,65.437,63.843,62.875,63.156,65.437
08-11-2026 15:43:54,7381,7607,1336,16384,21.833333333333332,97.0,17850,VDD_IN,30536,8381,8652,17547,17850,4000,4034,7.0,15.0,10.0,6.0,0.0,93.0,64.312,65.468,63.875,63.062,63.25,65.468
08-11-2026 15:43:55,7381,7607,1336,16384,16.333333333333332,98.0,17693,VDD_IN,30198,8382,8432,17547,17693,4001,4073,2.0,2.0,1.0,2.0,0.0,91.0,64.0,65.468,64.0,62.843,63.218,65.468
08-11-2026 15:43:56,7381,7607,1336,16384,16.666666666666668,97.0,17693,VDD_IN,30159,8382,8393,17547,17693,4001,4073,5.0,1.0,1.0,2.0,0.0,91.0,64.093,65.562,63.812,62.843,63.062,65.562
08-11-2026 15:43:57,7381,7607,1336,16384,17.0,99.0,17615,VDD_IN,29886,8381,8159,17547,17615,4001,4112,5.0,2.0,1.0,2.0,0.0,92.0,64.187,65.656,63.718,62.875,63.125,65.656
08-11-2026 15:43:58,7381,7607,1336,16384,16.666666666666668,97.0,17615,VDD_IN,29886,8381,8081,17547,17615,4001,4190,0.0,3.0,2.0,3.0,0.0,92.0,64.031,65.656,63.687,62.937,63.187,65.656
08-11-2026 15:43:59,7382,7607,1336,16384,21.166666666666668,99.0,17654,VDD_IN,29809,8380,7925,17548,17654,4002,4230,5.0,8.0,6.0,15.0,0.0,93.0,64.187,65.531,63.781,62.968,63.125,65.531
08-11-2026 15:44:00,7381,7607,1336,16384,18.166666666666668,99.0,17497,VDD_IN,29775,8380,8159,17547,17497,4002,4119,4.0,2.0,6.0,5.0,0.0,92.0,64.187,65.312,63.843,62.812,63.187,65.312
08-11-2026 15:44:01,7369,7607,1341,16384,21.666666666666668,99.0,17615,VDD_IN,30236,8380,8666,17548,17615,4002,3955,8.0,9.0,7.0,10.0,4.0,92.0,64.0,65.875,63.781,62.875,63.25,65.875
08-11-2026 15:44:02,7371,7607,1339,16384,17.5,99.0,18007,VDD_IN,30864,8381,8784,17548,18007,4002,4073,5.0,4.0,2.0,2.0,0.0,92.0,64.187,66.031,63.812,62.843,63.25,66.031
08-11-2026 15:44:03,7372,7607,1338,16384,17.833333333333332,96.0,17732,VDD_IN,30431,8381,8744,17549,17732,4002,3955,2.0,5.0,1.0,1.0,1.0,97.0,63.875,65.468,63.875,62.906,63.187,65.468
08-11-2026 15:44:04,7374,7607,1338,16384,22.833333333333332,97.0,18046,VDD_IN,31019,8382,9018,17549,18046,4002,3955,6.0,15.0,9.0,11.0,0.0,96.0,64.031,65.656,64.031,63.0,63.25,65.656
08-11-2026 15:44:05,7375,7607,1338,16384,17.333333333333332,96.0,17772,VDD_IN,30432,8383,8705,17550,17772,4002,3955,6.0,2.0,3.0,1.0,0.0,92.0,64.125,65.5,64.062,62.812,63.156,65.5
08-11-2026 15:44:06,7375,7607,1338,16384,16.666666666666668,97.0,17772,VDD_IN,30432,8383,8705,17550,17772,4001,3955,2.0,3.0,2.0,1.0,0.0,92.0,63.968,65.687,63.812,62.812,63.156,65.687
08-11-2026 15:44:07,7375,7607,1338,16384,17.0,98.0,17693,VDD_IN,30276,8384,8588,17550,17693,4001,3995,1.0,1.0,3.0,4.0,0.0,93.0,64.093,65.593,63.875,62.906,63.125,65.593
08-11-2026 15:44:08,7375,7607,1338,16384,16.833333333333332,97.0,17772,VDD_IN,30394,8384,8588,17551,17772,4002,4034,2.0,2.0,2.0,4.0,0.0,91.0,63.937,65.562,63.812,62.937,63.156,65.562
08-11-2026 15:44:09,7371,7607,1343,16384,21.0,99.0,17811,VDD_IN,30433,8384,8549,17551,17811,4002,4073,10.0,10.0,8.0,6.0,0.0,92.0,64.25,65.312,63.937,62.843,63.218,65.312
08-11-2026 15:44:10,7373,7607,1343,16384,20.333333333333332,97.0,17732,VDD_IN,30198,8384,8393,17551,17732,4002,4073,5.0,9.0,11.0,5.0,0.0,92.0,64.093,65.437,63.812,62.812,63.156,65.437
08-11-2026 15:44:11,7374,7607,1342,16384,17.0,98.0,17693,VDD_IN,30003,8384,8198,17551,17693,4002,4112,2.0,1.0,6.0,1.0,0.0,92.0,64.093,65.468,63.781,62.812,63.156,65.468
08-11-2026 15:44:12,7374,7607,1342,16384,17.0,97.0,17654,VDD_IN,29964,8383,8120,17552,17654,4002,4190,3.0,5.0,0.0,2.0,0.0,92.0,64.156,65.406,63.781,62.875,63.187,65.406
08-11-2026 15:44:13,7374,7607,1342,16384,17.333333333333332,98.0,17575,VDD_IN,29652,8383,7847,17552,17575,4003,4230,4.0,3.0,4.0,1.0,0.0,92.0,64.062,65.468,63.812,62.906,63.156,65.468
08-11-2026 15:44:14,7375,7607,1342,16384,17.0,99.0,17497,VDD_IN,29697,8382,8042,17552,17497,4003,4158,2.0,1.0,1.0,1.0,5.0,92.0,64.25,65.156,63.937,62.843,63.281,65.156
08-11-2026 15:44:15,7376,7607,1341,16384,21.333333333333332,99.0,17575,VDD_IN,30079,8382,8549,17552,17575,4003,3955,16.0,6.0,10.0,4.0,0.0,92.0,64.125,65.75,63.781,62.843,63.093,65.75
08-11-2026 15:44:16,7376,7607,1341,16384,17.5,99.0,17693,VDD_IN,30315,8383,8588,17552,17693,4003,4034,4.0,2.0,6.0,1.0,0.0,92.0,64.187,65.75,63.875,62.875,63.187,65.75
08-11-2026 15:44:17,7376,7607,1341,16384,17.666666666666668,99.0,17732,VDD_IN,30431,8383,8744,17552,17732,4003,3955,2.0,5.0,2.0,1.0,1.0,95.0,64.187,65.656,63.875,62.875,63.281,65.656
08-11-2026 15:44:18,7376,7607,1341,16384,17.5,97.0,17811,VDD_IN,30589,8384,8823,17552,17811,4003,3955,3.0,3.0,1.0,1.0,0.0,97.0,63.968,65.812,63.968,63.0,63.281,65.812
08-11-2026 15:44:19,7376,7607,1341,16384,17.166666666666668,98.0,17772,VDD_IN,30471,8384,8744,17553,17772,4003,3955,2.0,1.0,6.0,2.0,0.0,92.0,64.031,65.593,64.031,62.812,63.25,65.593
08-11-2026 15:44:20,7377,7607,1341,16384,22.0,97.0,17850,VDD_IN,30589,8385,8784,17553,17850,4002,3955,4.0,18.0,10.0,8.0,0.0,92.0,64.093,65.562,63.781,62.906,63.187,65.562
08-11-2026 15:44:21,7377,7607,1341,16384,17.333333333333332,97.0,17772,VDD_IN,30394,8385,8627,17554,17772,4002,3995,2.0,2.0,5.0,3.0,0.0,92.0,64.312,65.593,63.937,62.937,63.156,65.593
08-11-2026 15:44:22,7377,7607,1341,16384,16.833333333333332,97.0,17772,VDD_IN,30394,8386,8627,17554,17772,4002,3995,2.0,1.0,5.0,1.0,0.0,92.0,64.187,65.593,63.875,62.937,63.187,65.593
08-11-2026 15:44:23,7377,7607,1341,16384,17.333333333333332,97.0,17811,VDD_IN,30355,8386,8510,17554,17811,4002,4034,3.0,2.0,4.0,3.0,0.0,92.0,64.437,65.625,63.937,63.031,63.281,65.625
08-11-2026 15:44:24,7377,7607,1341,16384,17.5,97.0,17772,VDD_IN,30277,8386,8432,17555,17772,4003,4073,2.0,2.0,7.0,2.0,0.0,92.0,64.062,65.625,63.937,62.875,63.25,65.625
08-11-2026 15:44:25,7378,7607,1341,16384,21.5,97.0,17811,VDD_IN,30277,8386,8354,17555,17811,4003,4112,9.0,19.0,3.0,5.0,0.0,93.0,64.156,65.843,63.843,62.843,63.093,65.843
08-11-2026 15:44:26,7378,7607,1341,16384,17.0,97.0,17693,VDD_IN,30042,8386,8198,17555,17693,4003,4151,3.0,5.0,0.0,2.0,0.0,92.0,64.312,65.843,63.968,62.875,63.125,65.843
08-11-2026 15:44:27,7378,7607,1341,16384,17.0,97.0,17615,VDD_IN,29809,8385,7964,17555,17615,4003,4230,1.0,2.0,5.0,2.0,0.0,92.0,64.125,65.781,63.906,62.906,63.187,65.781
08-11-2026 15:44:28,7378,7607,1341,16384,16.833333333333332,99.0,17497,VDD_IN,29581,8384,7847,17555,17497,4004,4237,3.0,1.0,4.0,1.0,0.0,92.0,64.718,65.312,63.968,63.0,63.281,65.312
08-11-2026 15:44:29,7378,7607,1341,16384,17.166666666666668,99.0,17497,VDD_IN,29930,8384,8393,17555,17497,4004,4040,2.0,2.0,5.0,2.0,0.0,92.0,64.062,65.343,64.062,62.843,63.25,65.343
08-11-2026 15:44:30,7378,7607,1341,16384,21.666666666666668,99.0,17811,VDD_IN,30511,8385,8666,17556,17811,4004,4034,9.0,12.0,5.0,11.0,0.0,93.0,64.187,65.375,63.843,62.843,63.187,65.593
08-11-2026 15:44:31,7378,7607,1341,16384,16.833333333333332,99.0,18046,VDD_IN,30981,8386,8901,17556,18046,4004,4034,2.0,1.0,5.0,1.0,0.0,92.0,64.312,65.781,63.906,62.906,63.25,65.781
08-11-2026 15:44:32,7378,7607,1341,16384,18.333333333333332,97.0,17850,VDD_IN,30628,8386,8862,17557,17850,4004,3916,2.0,2.0,5.0,1.0,0.0,100.0,64.031,65.687,63.906,63.0,63.218,65.687
08-11-2026 15:44:33,7378,7607,1341,16384,17.166666666666668,97.0,17811,VDD_IN,30550,8387,8784,17557,17811,4004,3955,3.0,2.0,4.0,2.0,0.0,92.0,64.093,65.656,63.906,62.812,63.281,65.656
08-11-2026 15:44:34,7378,7607,1341,16384,18.0,97.0,17811,VDD_IN,30535,8387,8769,17557,17811,4004,3955,3.0,6.0,6.0,2.0,0.0,91.0,64.187,65.531,63.781,62.906,63.156,65.531
08-11-2026 15:44:35,7378,7607,1341,16384,20.5,97.0,17968,VDD_IN,30825,8388,8862,17558,17968,4004,3995,7.0,3.0,11.0,10.0,0.0,92.0,64.5,65.531,63.937,62.875,63.25,65.531
08-11-2026 15:44:36,7378,7607,1341,16384,17.5,97.0,17850,VDD_IN,30511,8388,8666,17558,17850,4004,3995,6.0,2.0,3.0,2.0,0.0,92.0,64.312,65.468,63.875,62.906,63.156,65.468
08-11-2026 15:44:37,7378,7607,1341,16384,17.0,97.0,17772,VDD_IN,30355,8389,8549,17559,17772,4004,4034,4.0,2.0,2.0,1.0,1.0,92.0,64.031,65.531,63.843,63.0,63.218,65.531
08-11-2026 15:44:38,7378,7607,1341,16384,17.0,97.0,17732,VDD_IN,30276,8389,8471,17559,17732,4004,4073,3.0,0.0,2.0,1.0,4.0,92.0,64.125,65.562,64.0,62.812,63.25,65.562
08-11-2026 15:44:39,7378,7607,1341,16384,16.833333333333332,97.0,17732,VDD_IN,30159,8389,8315,17559,17732,4004,4112,1.0,1.0,5.0,2.0,0.0,92.0,64.156,65.75,63.937,62.937,63.281,65.75
08-11-2026 15:44:40,7379,7607,1341,16384,18.333333333333332,97.0,17693,VDD_IN,30003,8388,8159,17559,17693,4004,4151,4.0,5.0,2.0,4.0,3.0,92.0,64.156,65.656,63.812,62.843,63.281,65.656
08-11-2026 15:44:41,7379,7607,1341,16384,20.166666666666668,97.0,17732,VDD_IN,30003,8388,8081,17560,17732,4004,4190,6.0,9.0,2.0,10.0,1.0,93.0,64.312,65.625,63.968,62.968,63.25,65.625
08-11-2026 15:44:42,7379,7607,1341,16384,16.833333333333332,99.0,17575,VDD_IN,29612,8387,7768,17560,17575,4005,4269,3.0,5.0,1.0,0.0,0.0,92.0,64.25,65.25,63.937,63.031,63.281,65.25
08-11-2026 15:44:43,7379,7607,1341,16384,17.0,99.0,17536,VDD_IN,29885,8387,8276,17560,17536,4005,4073,2.0,4.0,2.0,2.0,0.0,92.0,64.25,65.5,63.968,62.906,63.218,65.5
08-11-2026 15:44:44,7379,7607,1341,16384,17.666666666666668,99.0,17575,VDD_IN,30118,8387,8588,17560,17575,4005,3955,4.0,0.0,9.0,1.0,0.0,92.0,64.093,65.812,63.906,62.906,63.125,65.5
08-11-2026 15:44:45,7379,7607,1341,16384,17.5,99.0,18085,VDD_IN,30927,8388,8769,17561,18085,4005,4073,1.0,3.0,5.0,4.0,0.0,92.0,64.031,65.625,63.906,62.812,63.281,65.625
08-11-2026 15:44:46,7380,7607,1341,16384,22.166666666666668,97.0,17850,VDD_IN,30628,8388,8862,17561,17850,4005,3916,9.0,17.0,6.0,3.0,0.0,98.0,64.156,65.593,63.968,62.906,63.187,65.593
08-11-2026 15:44:47,7380,7607,1341,16384,17.333333333333332,97.0,17811,VDD_IN,30589,8389,8823,17561,17811,4005,3955,3.0,1.0,3.0,2.0,0.0,95.0,64.031,65.656,64.031,63.031,63.218,65.656
08-11-2026 15:44:48,7380,7607,1341,16384,17.166666666666668,97.0,17772,VDD_IN,30471,8390,8744,17562,17772,4005,3955,4.0,2.0,4.0,2.0,0.0,91.0,64.062,65.625,63.968,62.812,63.093,65.625
08-11-2026 15:44:49,7380,7607,1341,16384,17.333333333333332,97.0,17811,VDD_IN,30511,8390,8705,17562,17811,4005,3995,2.0,3.0,5.0,2.0,0.0,92.0,64.187,65.718,63.781,62.843,63.187,65.718
08-11-2026 15:44:50,7380,7607,1341,16384,17.5,97.0,17811,VDD_IN,30394,8390,8588,17562,17811,4005,3995,3.0,2.0,6.0,2.0,0.0,92.0,64.0,65.875,63.843,62.968,63.281,65.875
08-11-2026 15:44:51,7373,7607,1342,16384,21.833333333333332,97.0,17889,VDD_IN,30589,8391,8666,17563,17889,4005,4034,6.0,7.0,17.0,4.0,4.0,93.0,64.125,65.906,63.906,62.968,63.156,65.906
08-11-2026 15:44:52,7373,7607,1342,16384,17.666666666666668,99.0,17772,VDD_IN,30316,8391,8471,17563,17772,4005,4073,4.0,2.0,6.0,2.0,0.0,92.0,64.031,65.906,64.062,62.906,63.156,65.906
08-11-2026 15:44:53,7374,7607,1341,16384,16.666666666666668,97.0,17732,VDD_IN,30198,8391,8393,17563,17732,4005,4073,1.0,2.0,4.0,2.0,0.0,91.0,64.031,66.0,64.062,62.937,63.187,66.0
08-11-2026 15:44:54,7374,7607,1341,16384,18.0,99.0,17732,VDD_IN,30120,8391,8237,17564,17732,4005,4151,4.0,2.0,7.0,3.0,0.0,92.0,64.25,65.437,63.812,62.906,63.25,65.437
08-11-2026 15:44:55,7374,7607,1341,16384,17.0,97.0,17693,VDD_IN,30042,8390,8159,17564,17693,4005,4190,3.0,1.0,5.0,1.0,0.0,92.0,64.531,65.625,63.875,62.968,63.187,65.625
08-11-2026 15:44:56,7376,7607,1341,16384,21.5,98.0,17693,VDD_IN,29926,8390,7964,17564,17693,4006,4269,4.0,10.0,5.0,17.0,1.0,92.0,64.218,65.281,64.0,62.812,63.281,65.281
08-11-2026 15:44:57,7377,7607,1341,16384,17.333333333333332,99.0,17536,VDD_IN,29768,8389,8081,17564,17536,4006,4151,5.0,2.0,3.0,2.0,0.0,92.0,64.406,65.187,63.968,62.968,63.218,65.187
08-11-2026 15:44:58,7377,7607,1341,16384,17.0,99.0,17497,VDD_IN,29969,8389,8510,17564,17497,4006,3962,2.0,2.0,3.0,3.0,0.0,92.0,64.375,65.593,63.875,62.906,63.281,65.593
08-11-2026 15:44:59,7378,7607,1341,16384,18.0,99.0,17732,VDD_IN,30432,8390,8666,17564,17732,4006,4034,4.0,4.0,5.0,3.0,0.0,92.0,64.062,65.468,64.0,63.031,63.281,65.468
08-11-2026 15:45:00,7378,7607,1341,16384,18.0,97.0,17615,VDD_IN,30243,8390,8666,17564,17615,4006,3962,3.0,3.0,1.0,5.0,0.0,96.0,64.312,65.281,63.843,62.812,63.187,65.281
08-11-2026 15:45:01,7379,7607,1341,16384,22.333333333333332,97.0,17929,VDD_IN,30770,8391,8886,17565,17929,4006,3955,18.0,6.0,4.0,10.0,0.0,96.0,64.312,65.312,63.875,62.937,63.218,65.312
08-11-2026 15:45:02,7379,7607,1341,16384,16.666666666666668,98.0,17693,VDD_IN,30275,8391,8627,17565,17693,4006,3955,3.0,4.0,1.0,1.0,0.0,91.0,64.093,65.281,63.906,62.906,63.187,65.281
08-11-2026 15:45:03,7379,7607,1341,16384,17.0,98.0,17654,VDD_IN,30275,8392,8666,17565,17654,4006,3955,2.0,2.0,4.0,2.0,0.0,92.0,64.437,65.281,63.812,63.0,63.25,65.281
08-11-2026 15:45:04,7379,7607,1341,16384,16.666666666666668,99.0,17575,VDD_IN,30080,8392,8510,17565,17575,4006,3995,3.0,1.0,3.0,1.0,0.0,92.0,64.031,65.343,63.906,62.875,63.343,65.343
08-11-2026 15:45:05,7379,7607,1341,16384,18.0,97.0,17654,VDD_IN,30159,8392,8510,17565,17654,4005,3995,2.0,3.0,4.0,6.0,0.0,93.0,64.093,65.625,63.875,62.875,63.25,65.625
08-11-2026 15:45:06,7379,7607,1341,16384,20.5,99.0,17811,VDD_IN,30394,8392,8549,17565,17811,4006,4034,11.0,7.0,9.0,4.0,0.0,92.0,64.531,65.718,63.937,62.937,63.25,65.718
08-11-2026 15:45:07,7380,7607,1341,16384,17.5,97.0,17575,VDD_IN,29963,8392,8315,17565,17575,4006,4073,1.0,4.0,3.0,5.0,0.0,92.0,64.0,65.75,63.906,62.968,63.218,65.75
08-11-2026 15:45:08,7380,7607,1341,16384,17.5,98.0,17536,VDD_IN,29814,8392,8159,17565,17536,4006,4119,5.0,1.0,3.0,3.0,0.0,93.0,64.25,65.656,63.906,63.062,63.281,65.656
08-11-2026 15:45:09,7368,7607,1352,16384,16.666666666666668,97.0,16582,VDD_IN,28292,8391,7899,17564,16582,4006,3811,3.0,3.0,2.0,2.0,8.0,82.0,63.843,65.468,64.031,62.875,63.218,65.468
08-11-2026 15:45:10,7335,7607,1376,16384,19.333333333333332,32.0,10277,VDD_IN,16727,8385,3836,17554,10277,4004,2614,7.0,15.0,12.0,10.0,26.0,46.0,63.625,63.437,63.75,62.812,62.656,63.75
08-11-2026 15:45:11,7376,7607,1361,16384,72.16666666666667,99.0,7722,VDD_IN,11818,8376,2305,17540,7722,4000,1791,75.0,78.0,71.0,71.0,72.0,66.0,63.187,62.843,63.312,62.593,62.156,63.312
08-11-2026 15:45:12,7371,7607,1368,16384,24.0,97.0,16504,VDD_IN,28186,8376,8146,17539,16504,4000,3536,11.0,95.0,14.0,8.0,13.0,3.0,63.531,65.031,63.5,62.75,62.687,65.031
08-11-2026 15:45:13,7368,7607,1370,16384,17.833333333333332,97.0,17615,VDD_IN,30197,8376,8705,17539,17615,4000,3877,2.0,3.0,95.0,2.0,1.0,4.0,63.812,65.375,63.75,62.562,62.718,65.375
08-11-2026 15:45:14,7367,7607,1370,16384,17.5,97.0,17693,VDD_IN,30275,8377,8627,17539,17693,4000,3955,4.0,2.0,93.0,1.0,2.0,3.0,64.031,65.375,63.562,62.656,62.812,65.375
08-11-2026 15:45:15,7367,7607,1370,16384,16.5,97.0,17693,VDD_IN,30314,8377,8666,17539,17693,4000,3955,2.0,1.0,91.0,1.0,1.0,3.0,64.093,65.531,63.562,62.656,62.906,65.531
08-11-2026 15:45:16,7367,7607,1370,16384,18.0,98.0,17693,VDD_IN,30198,8377,8510,17539,17693,4000,3995,2.0,2.0,92.0,1.0,3.0,8.0,64.187,65.562,63.656,62.687,62.968,65.562
08-11-2026 15:45:17,7371,7607,1370,16384,20.833333333333332,97.0,17732,VDD_IN,30276,8377,8549,17540,17732,3999,3995,4.0,11.0,93.0,6.0,9.0,2.0,63.968,65.625,63.562,62.812,63.031,65.625
08-11-2026 15:45:18,7371,7607,1370,16384,16.833333333333332,99.0,17615,VDD_IN,30003,8377,8354,17540,17615,4000,4034,3.0,1.0,92.0,1.0,3.0,1.0,64.031,65.625,63.718,62.687,63.062,65.625
08-11-2026 15:45:19,7371,7607,1370,16384,17.0,97.0,17615,VDD_IN,30003,8377,8315,17540,17615,4000,4073,2.0,1.0,92.0,1.0,5.0,1.0,64.093,65.625,63.625,62.687,62.968,65.625
08-11-2026 15:45:20,7371,7607,1370,16384,16.833333333333332,98.0,17536,VDD_IN,29768,8377,8120,17540,17536,4000,4112,1.0,1.0,93.0,1.0,3.0,2.0,64.093,65.187,63.562,62.656,62.906,65.187
08-11-2026 15:45:21,7371,7607,1370,16384,17.333333333333332,97.0,17497,VDD_IN,29658,8376,8003,17540,17497,4000,4158,3.0,3.0,16.0,1.0,78.0,3.0,63.875,65.062,63.562,62.687,62.968,65.062
08-11-2026 15:45:22,7372,7607,1370,16384,21.666666666666668,98.0,17536,VDD_IN,29652,8376,7886,17540,17536,4000,4230,8.0,11.0,15.0,4.0,92.0,0.0,63.75,65.187,63.718,62.687,63.031,65.187
08-11-2026 15:45:23,7372,7607,1370,16384,16.833333333333332,99.0,17340,VDD_IN,29501,8375,8042,17539,17340,4001,4119,2.0,1.0,4.0,2.0,92.0,0.0,63.937,64.812,63.718,62.625,62.968,64.812
08-11-2026 15:45:24,7366,7607,1370,16384,17.333333333333332,99.0,17486,VDD_IN,29919,8375,8471,17539,17486,4000,3962,3.0,1.0,6.0,2.0,90.0,2.0,63.781,65.312,63.562,62.718,63.031,65.312
08-11-2026 15:45:25,7366,7607,1370,16384,17.0,99.0,17850,VDD_IN,30511,8376,8627,17540,17850,4000,4034,3.0,2.0,1.0,4.0,92.0,0.0,63.875,65.5,63.593,62.718,62.968,65.5
08-11-2026 15:45:26,7366,7607,1370,16384,17.5,97.0,17575,VDD_IN,30164,8376,8666,17540,17575,4000,3923,3.0,1.0,2.0,2.0,97.0,0.0,63.906,65.187,63.625,62.625,62.968,65.187
08-11-2026 15:45:27,7368,7607,1370,16384,22.333333333333332,97.0,17929,VDD_IN,30668,8377,8823,17540,17929,4000,3916,14.0,4.0,9.0,11.0,96.0,0.0,64.093,65.281,63.656,62.812,63.0,65.281
08-11-2026 15:45:28,7368,7607,1370,16384,17.5,98.0,17732,VDD_IN,30353,8377,8666,17541,17732,4000,3955,3.0,5.0,3.0,2.0,92.0,0.0,63.75,65.218,63.781,62.625,62.937,65.218
08-11-2026 15:45:29,7368,7607,1370,16384,16.666666666666668,97.0,17693,VDD_IN,30314,8378,8666,17541,17693,4000,3955,1.0,2.0,1.0,0.0,92.0,4.0,63.875,65.281,63.593,62.656,63.031,65.281
08-11-2026 15:45:30,7368,7607,1370,16384,17.166666666666668,99.0,17693,VDD_IN,30237,8378,8549,17541,17693,4000,3995,3.0,2.0,2.0,4.0,92.0,0.0,64.0,65.312,63.562,62.687,63.0,65.312
08-11-2026 15:45:31,7368,7607,1370,16384,17.333333333333332,97.0,17732,VDD_IN,30315,8378,8588,17541,17732,4000,3995,3.0,3.0,2.0,3.0,93.0,0.0,63.812,65.437,63.687,62.718,62.968,65.437
08-11-2026 15:45:32,7370,7607,1370,16384,20.666666666666668,97.0,17889,VDD_IN,30550,8378,8627,17542,17889,4000,4034,7.0,7.0,4.0,14.0,92.0,0.0,64.093,65.468,63.718,62.781,63.062,65.468
08-11-2026 15:45:33,7370,7607,1370,16384,16.666666666666668,97.0,17693,VDD_IN,30159,8378,8393,17542,17693,4000,4073,3.0,2.0,1.0,2.0,92.0,0.0,63.718,65.437,63.812,62.656,63.062,65.437
08-11-2026 15:45:34,7370,7607,1370,16384,17.5,97.0,17615,VDD_IN,29925,8378,8198,17542,17615,4000,4112,3.0,2.0,2.0,5.0,93.0,0.0,63.812,65.562,63.625,62.656,63.031,65.562
08-11-2026 15:45:36,7370,7607,1370,16384,16.666666666666668,97.0,17615,VDD_IN,29886,8378,8120,17542,17615,4001,4151,4.0,2.0,1.0,1.0,92.0,0.0,63.968,65.468,63.687,62.718,62.906,65.468
08-11-2026 15:45:37,7370,7607,1370,16384,16.666666666666668,97.0,17654,VDD_IN,29848,8377,7964,17542,17654,4001,4230,5.0,1.0,1.0,2.0,91.0,0.0,63.875,65.187,63.75,62.718,63.031,65.187
08-11-2026 15:45:38,7370,7607,1370,16384,19.333333333333332,99.0,17575,VDD_IN,29691,8377,7847,17542,17575,4001,4269,6.0,8.0,6.0,4.0,92.0,0.0,64.093,64.812,63.718,62.687,63.156,64.812
08-11-2026 15:45:39,7371,7607,1370,16384,19.666666666666668,99.0,17458,VDD_IN,29852,8377,8354,17542,17458,4001,4040,6.0,8.0,4.0,8.0,92.0,0.0,63.812,65.187,63.687,62.656,63.0,65.187
08-11-2026 15:45:40,7371,7607,1370,16384,16.666666666666668,99.0,17536,VDD_IN,30008,8377,8471,17542,17536,4001,4001,2.0,3.0,3.0,0.0,92.0,0.0,63.875,65.312,63.625,62.718,63.031,65.312
08-11-2026 15:45:41,7372,7607,1370,16384,17.0,99.0,17929,VDD_IN,30771,8377,8769,17543,17929,4001,4073,4.0,2.0,3.0,1.0,92.0,0.0,64.218,65.437,63.656,62.75,63.062,65.437
08-11-2026 15:45:42,7372,7607,1370,16384,18.333333333333332,97.0,17693,VDD_IN,30432,8378,8823,17543,17693,4001,3916,3.0,1.0,4.0,2.0,100.0,0.0,63.781,65.718,63.656,62.812,63.062,65.718
08-11-2026 15:45:43,7372,7607,1370,16384,17.0,97.0,17732,VDD_IN,30431,8378,8744,17543,17732,4001,3955,3.0,2.0,1.0,3.0,93.0,0.0,63.781,65.781,63.812,62.656,63.062,65.781
08-11-2026 15:45:44,7373,7607,1370,16384,21.5,97.0,17772,VDD_IN,30471,8379,8744,17544,17772,4001,3955,6.0,7.0,16.0,7.0,92.0,1.0,63.812,65.781,63.593,62.687,62.968,65.781
08-11-2026 15:45:45,7373,7607,1370,16384,16.666666666666668,97.0,17732,VDD_IN,30353,8379,8666,17544,17732,4001,3955,3.0,2.0,1.0,0.0,92.0,2.0,63.843,65.718,63.593,62.718,63.062,65.718
08-11-2026 15:45:46,7373,7607,1370,16384,16.5,97.0,17732,VDD_IN,30315,8379,8588,17544,17732,4001,3995,3.0,1.0,1.0,0.0,92.0,2.0,64.031,65.218,63.75,62.781,62.937,65.218
08-11-2026 15:45:47,7373,7607,1370,16384,17.166666666666668,97.0,17693,VDD_IN,30198,8380,8510,17544,17693,4001,3995,3.0,2.0,1.0,5.0,92.0,0.0,63.687,65.187,63.687,62.812,63.031,65.187
08-11-2026 15:45:48,7373,7607,1370,16384,17.166666666666668,97.0,17615,VDD_IN,30003,8380,8354,17544,17615,4001,4034,4.0,3.0,0.0,4.0,92.0,0.0,63.812,65.281,63.843,62.656,63.031,65.281
08-11-2026 15:45:49,7363,7607,1378,16384,23.0,97.0,17772,VDD_IN,30238,8380,8393,17545,17772,4001,4073,5.0,8.0,8.0,17.0,93.0,7.0,63.937,65.437,63.781,62.718,62.968,65.437
08-11-2026 15:45:50,7363,7607,1378,16384,17.5,97.0,17575,VDD_IN,29807,8379,8120,17545,17575,4001,4112,3.0,8.0,1.0,1.0,92.0,0.0,63.906,65.406,63.562,62.812,63.031,65.406
08-11-2026 15:45:51,7363,7607,1378,16384,16.666666666666668,97.0,17575,VDD_IN,29729,8379,7964,17545,17575,4002,4190,2.0,2.0,3.0,1.0,92.0,0.0,64.062,65.281,63.625,62.843,62.968,65.281
08-11-2026 15:45:52,7363,7607,1378,16384,17.166666666666668,99.0,17497,VDD_IN,29502,8378,7729,17545,17497,4002,4276,4.0,2.0,3.0,3.0,91.0,0.0,63.968,65.187,63.812,62.843,63.093,65.0
08-11-2026 15:45:53,7363,7607,1378,16384,17.0,99.0,17497,VDD_IN,29807,8378,8237,17545,17497,4002,4073,3.0,2.0,1.0,4.0,92.0,0.0,64.031,64.937,63.937,62.718,63.093,64.937
08-11-2026 15:45:54,7366,7607,1378,16384,22.0,99.0,17615,VDD_IN,30197,8378,8666,17545,17615,4002,3916,19.0,4.0,6.0,9.0,93.0,1.0,63.968,65.281,63.781,62.75,63.0,65.281
08-11-2026 15:45:55,7366,7607,1378,16384,16.5,99.0,17889,VDD_IN,30706,8379,8744,17545,17889,4002,4073,1.0,0.0,3.0,3.0,92.0,0.0,64.031,65.437,63.75,62.812,63.093,65.437
08-11-2026 15:45:56,7366,7607,1378,16384,17.666666666666668,96.0,17654,VDD_IN,30314,8379,8744,17545,17654,4002,3916,2.0,4.0,3.0,1.0,96.0,0.0,64.031,65.281,63.843,62.812,63.062,65.281
08-11-2026 15:45:57,7366,7607,1378,16384,17.666666666666668,97.0,17732,VDD_IN,30471,8380,8784,17546,17732,4002,3955,4.0,2.0,4.0,1.0,95.0,0.0,63.718,65.656,63.718,62.75,63.062,65.656
08-11-2026 15:45:58,7366,7607,1378,16384,17.0,97.0,17772,VDD_IN,30471,8380,8744,17546,17772,4002,3955,3.0,3.0,2.0,2.0,92.0,0.0,63.937,65.531,63.687,62.75,63.0,65.531
08-11-2026 15:45:59,7367,7607,1378,16384,21.833333333333332,97.0,17929,VDD_IN,30746,8381,8862,17546,17929,4002,3955,11.0,12.0,7.0,8.0,93.0,0.0,64.0,65.687,63.75,62.812,63.125,65.687
08-11-2026 15:46:00,7367,7607,1378,16384,17.0,99.0,17693,VDD_IN,30276,8381,8588,17547,17693,4002,3995,2.0,3.0,3.0,2.0,92.0,0.0,63.781,65.593,63.812,62.812,63.093,65.593
08-11-2026 15:46:01,7367,7607,1378,16384,18.166666666666668,97.0,17811,VDD_IN,30433,8381,8588,17547,17811,4002,4034,5.0,1.0,8.0,3.0,92.0,0.0,64.062,65.687,63.875,62.906,63.062,65.687
08-11-2026 15:46:02,7367,7607,1378,16384,17.333333333333332,97.0,17732,VDD_IN,30237,8381,8471,17547,17732,4002,4034,5.0,3.0,1.0,3.0,92.0,0.0,63.75,65.687,63.781,62.687,63.062,65.687
08-11-2026 15:46:03,7367,7607,1378,16384,16.666666666666668,97.0,17732,VDD_IN,30237,8381,8432,17547,17732,4002,4073,3.0,1.0,3.0,1.0,92.0,0.0,63.875,65.375,63.937,62.687,63.031,65.375
08-11-2026 15:46:04,7368,7607,1378,16384,21.333333333333332,97.0,17850,VDD_IN,30394,8381,8432,17548,17850,4002,4112,7.0,6.0,7.0,16.0,92.0,0.0,64.031,65.437,63.75,62.812,63.062,65.437
08-11-2026 15:46:05,7369,7607,1378,16384,17.0,97.0,17693,VDD_IN,29964,8381,8120,17548,17693,4002,4151,31.0,2.0,2.0,3.0,64.0,0.0,64.125,65.406,63.812,62.812,63.156,65.406
08-11-2026 15:46:06,7367,7607,1377,16384,17.166666666666668,97.0,17654,VDD_IN,29809,8381,7925,17548,17654,4003,4230,93.0,4.0,3.0,3.0,0.0,0.0,64.125,65.312,63.875,62.906,63.25,65.312
08-11-2026 15:46:07,7368,7607,1377,16384,16.5,99.0,17536,VDD_IN,29613,8380,7847,17548,17536,4003,4230,92.0,4.0,1.0,2.0,0.0,0.0,63.906,65.0,63.812,62.812,63.406,65.0
08-11-2026 15:46:08,7368,7607,1377,16384,16.333333333333332,99.0,17536,VDD_IN,30002,8380,8432,17548,17536,4003,4034,93.0,4.0,0.0,1.0,0.0,0.0,64.0,65.343,63.968,62.812,63.218,65.343
08-11-2026 15:46:09,7368,7607,1377,16384,18.833333333333332,99.0,17732,VDD_IN,30354,8380,8627,17548,17732,4003,3995,92.0,9.0,9.0,2.0,1.0,0.0,64.562,65.531,63.875,62.843,63.156,65.531
08-11-2026 15:46:10,7368,7607,1377,16384,18.166666666666668,99.0,18046,VDD_IN,30927,8381,8847,17549,18046,4003,4034,92.0,5.0,8.0,4.0,0.0,0.0,64.281,65.968,63.812,62.812,63.156,65.968
08-11-2026 15:46:11,7368,7607,1377,16384,18.5,97.0,17889,VDD_IN,30745,8381,8901,17549,17889,4003,3955,100.0,3.0,2.0,6.0,0.0,0.0,64.437,65.531,63.906,62.937,63.25,65.531
08-11-2026 15:46:12,7368,7607,1377,16384,16.333333333333332,97.0,17772,VDD_IN,30511,8382,8784,17550,17772,4003,3955,93.0,0.0,2.0,3.0,0.0,0.0,63.968,65.5,63.937,62.812,63.343,65.5
08-11-2026 15:46:13,7368,7607,1377,16384,16.5,97.0,17811,VDD_IN,30550,8383,8784,17550,17811,4003,3955,92.0,2.0,2.0,1.0,2.0,0.0,64.0,65.5,63.937,62.812,63.218,65.5
08-11-2026 15:46:14,7368,7607,1377,16384,16.666666666666668,97.0,17811,VDD_IN,30511,8383,8705,17550,17811,4003,3995,92.0,2.0,1.0,1.0,4.0,0.0,64.218,65.437,63.843,62.843,63.218,65.437
08-11-2026 15:46:15,7370,7607,1377,16384,21.5,97.0,17811,VDD_IN,30433,8383,8627,17551,17811,4003,3995,6.0,3.0,17.0,11.0,92.0,0.0,64.25,65.343,63.843,62.812,63.125,65.343
08-11-2026 15:46:16,7366,7607,1380,16384,17.333333333333332,97.0,17772,VDD_IN,30394,8384,8588,17551,17772,4003,4034,5.0,4.0,1.0,2.0,89.0,3.0,64.062,65.656,63.906,62.906,63.156,65.656
08-11-2026 15:46:17,7366,7607,1380,16384,16.666666666666668,99.0,17732,VDD_IN,30237,8384,8432,17551,17732,4003,4073,1.0,2.0,1.0,3.0,91.0,2.0,64.0,65.625,63.875,62.812,63.156,65.625
08-11-2026 15:46:18,7366,7607,1380,16384,16.833333333333332,97.0,17732,VDD_IN,30198,8384,8393,17551,17732,4003,4073,1.0,1.0,1.0,2.0,93.0,3.0,63.906,65.625,63.75,62.812,63.156,65.625
08-11-2026 15:46:19,7366,7607,1380,16384,17.333333333333332,99.0,17693,VDD_IN,30003,8383,8198,17552,17693,4003,4112,3.0,4.0,2.0,3.0,92.0,0.0,64.031,65.375,63.718,62.843,63.031,65.375
08-11-2026 15:46:20,7368,7607,1380,16384,22.0,97.0,17693,VDD_IN,30003,8383,8120,17552,17693,4003,4190,10.0,7.0,19.0,3.0,91.0,2.0,64.25,65.375,63.875,62.906,63.156,65.375
08-11-2026 15:46:21,7368,7607,1380,16384,16.666666666666668,98.0,17536,VDD_IN,29613,8382,7847,17552,17536,4004,4230,2.0,3.0,2.0,1.0,92.0,0.0,64.031,65.218,63.906,62.781,63.218,65.218
08-11-2026 15:46:22,7367,7607,1380,16384,17.833333333333332,99.0,17536,VDD_IN,29729,8382,8003,17552,17536,4004,4190,1.0,3.0,3.0,8.0,92.0,0.0,64.25,65.0,63.906,62.781,63.093,65.0
08-11-2026 15:46:23,7368,7607,1380,16384,17.166666666666668,99.0,17536,VDD_IN,30047,8382,8510,17552,17536,4004,4001,6.0,4.0,0.0,1.0,92.0,0.0,64.218,65.468,63.812,62.843,63.062,65.468
08-11-2026 15:46:24,7369,7607,1380,16384,16.5,99.0,17615,VDD_IN,30159,8382,8549,17552,17615,4004,3995,2.0,2.0,2.0,1.0,92.0,0.0,64.031,65.718,63.781,62.875,63.125,65.718
08-11-2026 15:46:25,7370,7607,1380,16384,21.833333333333332,99.0,18046,VDD_IN,30966,8383,8925,17552,18046,4004,3995,8.0,5.0,15.0,8.0,94.0,1.0,64.187,66.0,63.843,62.968,63.218,66.0
08-11-2026 15:46:26,7371,7607,1380,16384,18.0,97.0,17811,VDD_IN,30550,8383,8823,17553,17811,4004,3916,3.0,2.0,1.0,4.0,98.0,0.0,63.906,65.843,63.937,62.812,63.25,65.843
08-11-2026 15:46:27,7371,7607,1380,16384,17.0,97.0,17772,VDD_IN,30471,8384,8744,17553,17772,4004,3955,4.0,1.0,2.0,3.0,92.0,0.0,64.031,65.75,63.968,62.812,63.093,65.75
08-11-2026 15:46:28,7372,7607,1380,16384,17.5,97.0,17850,VDD_IN,30549,8384,8744,17553,17850,4004,3955,3.0,3.0,2.0,4.0,93.0,0.0,64.187,65.843,63.843,62.906,63.156,65.843
08-11-2026 15:46:29,7373,7607,1380,16384,18.0,97.0,17811,VDD_IN,30550,8385,8744,17554,17811,4004,3995,8.0,4.0,2.0,2.0,92.0,0.0,63.937,65.625,63.781,62.906,63.218,65.625
08-11-2026 15:46:30,7365,7607,1380,16384,21.0,97.0,17889,VDD_IN,30668,8385,8784,17554,17889,4004,3995,17.0,2.0,5.0,9.0,92.0,1.0,64.156,65.562,63.875,62.968,63.156,65.562
08-11-2026 15:46:31,7366,7607,1380,16384,16.666666666666668,97.0,17772,VDD_IN,30355,8386,8549,17554,17772,4004,4034,3.0,1.0,1.0,2.0,92.0,1.0,63.906,65.625,63.968,62.843,63.281,65.625
08-11-2026 15:46:32,7366,7607,1380,16384,16.833333333333332,97.0,17654,VDD_IN,30120,8386,8393,17555,17654,4004,4073,3.0,3.0,1.0,1.0,93.0,0.0,64.0,65.5,63.75,62.843,63.125,65.5
08-11-2026 15:46:33,7367,7607,1380,16384,17.333333333333332,97.0,17693,VDD_IN,30159,8386,8354,17555,17693,4004,4112,2.0,4.0,1.0,3.0,91.0,3.0,64.093,65.437,63.843,62.875,63.187,65.437
08-11-2026 15:46:34,7367,7607,1380,16384,17.0,97.0,17615,VDD_IN,29886,8385,8120,17555,17615,4004,4151,2.0,4.0,1.0,2.0,92.0,1.0,63.968,65.687,63.875,62.968,63.156,65.687
08-11-2026 15:46:35,7369,7607,1380,16384,22.0,97.0,17811,VDD_IN,30199,8385,8198,17555,17811,4004,4190,5.0,6.0,17.0,12.0,92.0,0.0,64.031,65.281,63.937,62.812,63.25,65.281
08-11-2026 15:46:36,7370,7607,1380,16384,16.333333333333332,99.0,17615,VDD_IN,29652,8384,7768,17555,17615,4005,4269,2.0,2.0,0.0,2.0,92.0,0.0,64.218,65.062,64.0,62.843,63.25,65.062
08-11-2026 15:46:37,7370,7607,1380,16384,17.666666666666668,99.0,17536,VDD_IN,29846,8384,8237,17555,17536,4005,4073,3.0,3.0,5.0,2.0,93.0,0.0,64.156,65.125,63.906,62.843,63.156,65.125
08-11-2026 15:46:38,7371,7607,1380,16384,16.666666666666668,99.0,17536,VDD_IN,30001,8384,8510,17555,17536,4005,3955,2.0,0.0,4.0,2.0,92.0,0.0,64.125,65.5,63.906,62.843,63.187,65.5
08-11-2026 15:46:39,7371,7607,1380,16384,17.666666666666668,99.0,18007,VDD_IN,30864,8385,8784,17556,18007,4005,4073,3.0,5.0,2.0,4.0,92.0,0.0,64.0,65.718,63.875,62.906,63.218,65.718
08-11-2026 15:46:40,7373,7607,1380,16384,20.5,96.0,17889,VDD_IN,30730,8385,8925,17556,17889,4005,3916,5.0,4.0,9.0,6.0,99.0,0.0,64.281,65.625,63.937,62.812,63.281,65.625
08-11-2026 15:46:41,7367,7607,1382,16384,20.0,97.0,17850,VDD_IN,30628,8386,8823,17557,17850,4005,3955,5.0,2.0,7.0,9.0,94.0,3.0,64.031,65.687,64.062,62.812,63.125,65.687
08-11-2026 15:46:42,7368,7607,1382,16384,17.166666666666668,97.0,17732,VDD_IN,30392,8386,8705,17557,17732,4005,3955,3.0,5.0,2.0,1.0,92.0,0.0,63.968,65.75,63.843,62.875,63.187,65.75
08-11-2026 15:46:43,7368,7607,1382,16384,16.833333333333332,97.0,17811,VDD_IN,30550,8387,8744,17557,17811,4004,3995,1.0,5.0,2.0,1.0,92.0,0.0,64.156,65.75,63.812,62.906,63.125,65.75
08-11-2026 15:46:44,7369,7607,1382,16384,17.666666666666668,97.0,17732,VDD_IN,30315,8387,8588,17557,17732,4004,3995,7.0,3.0,2.0,2.0,92.0,0.0,63.875,65.468,63.875,62.937,63.218,65.468
08-11-2026 15:46:45,7369,7607,1382,16384,17.666666666666668,97.0,17732,VDD_IN,30315,8387,8549,17558,17732,4005,4034,2.0,6.0,2.0,3.0,93.0,0.0,63.937,65.5,63.937,62.875,63.218,65.5
08-11-2026 15:46:46,7372,7607,1382,16384,22.166666666666668,97.0,17693,VDD_IN,30198,8387,8432,17558,17693,4005,4073,5.0,6.0,20.0,10.0,92.0,0.0,64.125,65.437,63.875,62.875,63.187,65.437
08-11-2026 15:46:47,7373,7607,1382,16384,16.666666666666668,97.0,17732,VDD_IN,30159,8387,8315,17558,17732,4005,4112,1.0,5.0,1.0,2.0,91.0,0.0,64.281,65.468,63.937,62.968,63.156,65.468
08-11-2026 15:46:48,7373,7607,1382,16384,17.0,99.0,17654,VDD_IN,29964,8387,8159,17558,17654,4005,4151,2.0,1.0,5.0,2.0,92.0,0.0,64.156,65.375,63.937,62.906,63.187,65.375
08-11-2026 15:46:49,7374,7607,1382,16384,17.333333333333332,97.0,17615,VDD_IN,29847,8386,8042,17558,17615,4005,4190,3.0,2.0,3.0,4.0,92.0,0.0,63.968,65.718,63.937,62.812,63.187,65.718
08-11-2026 15:46:50,7374,7607,1382,16384,17.0,98.0,17575,VDD_IN,29612,8386,7768,17558,17575,4005,4269,3.0,2.0,1.0,4.0,92.0,0.0,64.156,65.5,64.031,62.812,63.156,65.5
08-11-2026 15:46:51,7371,7607,1385,16384,24.333333333333332,99.0,17732,VDD_IN,30237,8386,8393,17558,17732,4006,4112,7.0,9.0,23.0,11.0,92.0,4.0,64.5,65.281,63.937,62.875,63.312,65.281
08-11-2026 15:46:52,7371,7607,1385,16384,16.5,99.0,17575,VDD_IN,30118,8386,8588,17558,17575,4006,3955,1.0,1.0,1.0,4.0,92.0,0.0,64.218,65.875,63.906,62.875,63.156,65.875
08-11-2026 15:46:53,7372,7607,1385,16384,17.0,99.0,17968,VDD_IN,30746,8386,8705,17559,17968,4006,4073,1.0,2.0,2.0,4.0,92.0,1.0,64.218,66.0,63.968,62.937,63.312,66.0
08-11-2026 15:46:54,7372,7607,1385,16384,17.666666666666668,97.0,17732,VDD_IN,30432,8387,8784,17559,17732,4006,3916,52.0,3.0,2.0,2.0,47.0,0.0,63.906,65.906,64.0,62.812,63.343,65.593
08-11-2026 15:46:55,7372,7607,1385,16384,17.5,97.0,17850,VDD_IN,30628,8387,8823,17559,17850,4005,3955,95.0,5.0,3.0,2.0,0.0,0.0,64.093,65.656,64.0,62.875,63.406,65.656
08-11-2026 15:46:56,7375,7607,1385,16384,21.0,98.0,17850,VDD_IN,30589,8388,8784,17560,17850,4005,3955,72.0,12.0,4.0,16.0,22.0,0.0,64.156,65.593,63.968,62.906,63.312,65.593
08-11-2026 15:46:57,7375,7607,1385,16384,16.666666666666668,97.0,17811,VDD_IN,30550,8388,8744,17560,17811,4005,3995,93.0,2.0,1.0,4.0,0.0,0.0,64.062,65.75,63.906,62.875,63.375,65.75
08-11-2026 15:46:58,7375,7607,1385,16384,17.666666666666668,96.0,17772,VDD_IN,30394,8389,8627,17560,17772,4005,3995,30.0,2.0,5.0,6.0,63.0,0.0,64.093,65.656,63.875,63.031,63.187,65.656
08-11-2026 15:46:59,7376,7607,1385,16384,17.166666666666668,97.0,17772,VDD_IN,30394,8389,8588,17561,17772,4005,4034,2.0,5.0,1.0,3.0,92.0,0.0,63.906,66.0,63.937,62.875,63.218,66.0
08-11-2026 15:47:00,7376,7607,1385,16384,16.666666666666668,99.0,17732,VDD_IN,30198,8389,8393,17561,17732,4005,4073,2.0,1.0,1.0,5.0,91.0,0.0,63.906,65.437,64.062,62.843,63.093,65.437
08-11-2026 15:47:01,7378,7607,1384,16384,21.833333333333332,97.0,17811,VDD_IN,30394,8389,8471,17561,17811,4006,4112,11.0,18.0,8.0,8.0,86.0,0.0,64.0,65.531,63.875,62.875,63.156,65.531
08-11-2026 15:47:02,7379,7607,1384,16384,16.833333333333332,98.0,17693,VDD_IN,30042,8389,8198,17561,17693,4006,4151,6.0,1.0,0.0,2.0,92.0,0.0,64.218,65.406,63.906,63.0,63.218,65.406
08-11-2026 15:47:03,7379,7607,1384,16384,17.166666666666668,97.0,17693,VDD_IN,29964,8388,8081,17561,17693,4006,4190,2.0,6.0,2.0,1.0,92.0,0.0,63.906,65.437,63.937,62.937,63.218,65.437
08-11-2026 15:47:04,7380,7607,1384,16384,17.166666666666668,99.0,17536,VDD_IN,29613,8388,7808,17561,17536,4006,4269,5.0,1.0,2.0,3.0,92.0,0.0,64.062,65.437,63.937,62.843,63.218,65.437
08-11-2026 15:47:05,7380,7607,1384,16384,17.0,99.0,17497,VDD_IN,29768,8387,8120,17561,17497,4007,4151,2.0,3.0,3.0,2.0,92.0,0.0,64.375,65.187,63.843,62.812,63.281,65.187
08-11-2026 15:47:06,7376,7607,1386,16384,22.666666666666668,99.0,17811,VDD_IN,30550,8388,8744,17562,17811,4006,3995,22.0,7.0,9.0,5.0,93.0,0.0,64.093,65.75,63.875,62.843,63.156,65.75
08-11-2026 15:47:07,7376,7607,1386,16384,17.0,99.0,17811,VDD_IN,30550,8388,8705,17562,17811,4007,4034,2.0,4.0,0.0,4.0,92.0,0.0,64.218,65.843,63.875,62.968,63.25,65.843
08-11-2026 15:47:08,7376,7607,1386,16384,18.0,97.0,17732,VDD_IN,30392,8388,8705,17562,17732,4006,3955,5.0,2.0,3.0,2.0,96.0,0.0,63.906,65.687,64.0,62.843,63.187,65.406
08-11-2026 15:47:09,7377,7607,1386,16384,18.0,97.0,17811,VDD_IN,30589,8389,8823,17562,17811,4006,3955,1.0,5.0,4.0,1.0,96.0,1.0,64.031,65.593,64.0,62.812,63.093,65.593
08-11-2026 15:47:10,7377,7607,1386,16384,17.166666666666668,97.0,17811,VDD_IN,30510,8389,8744,17563,17811,4006,3955,3.0,5.0,1.0,2.0,92.0,0.0,64.312,65.531,63.875,62.875,63.125,65.531
08-11-2026 15:47:11,7378,7607,1386,16384,19.0,97.0,17968,VDD_IN,30825,8390,8862,17563,17968,4006,3995,4.0,5.0,2.0,11.0,92.0,0.0,64.281,65.718,63.843,62.968,63.25,65.718
08-11-2026 15:47:12,7379,7607,1386,16384,18.833333333333332,99.0,17772,VDD_IN,30394,8390,8627,17563,17772,4006,3995,11.0,2.0,2.0,6.0,92.0,0.0,64.218,65.531,63.906,63.0,63.218,65.531
08-11-2026 15:47:13,7380,7607,1386,16384,17.333333333333332,97.0,17772,VDD_IN,30394,8390,8588,17564,17772,4006,4034,2.0,2.0,3.0,5.0,92.0,0.0,63.968,65.968,64.062,62.843,63.343,65.968
08-11-2026 15:47:14,7380,7607,1386,16384,17.333333333333332,99.0,17732,VDD_IN,30198,8391,8432,17564,17732,4006,4034,3.0,2.0,1.0,6.0,92.0,0.0,64.093,65.875,63.843,62.843,63.156,65.875
08-11-2026 15:47:15,7381,7607,1386,16384,17.166666666666668,97.0,17732,VDD_IN,30198,8391,8393,17564,17732,4006,4073,3.0,1.0,2.0,5.0,92.0,0.0,64.187,65.781,63.781,62.875,63.25,65.781
08-11-2026 15:47:16,7381,7607,1386,16384,17.333333333333332,98.0,17693,VDD_IN,30042,8390,8237,17564,17693,4007,4112,2.0,2.0,3.0,5.0,92.0,0.0,64.0,65.781,63.843,62.968,63.343,65.781
08-11-2026 15:47:17,7375,7607,1388,16384,22.0,97.0,17772,VDD_IN,30199,8390,8237,17564,17772,4007,4190,6.0,18.0,8.0,8.0,92.0,0.0,64.25,65.812,63.968,63.0,63.218,65.812
08-11-2026 15:47:18,7376,7607,1388,16384,17.333333333333332,97.0,17654,VDD_IN,29848,8390,7964,17565,17654,4007,4230,3.0,5.0,2.0,1.0,93.0,0.0,64.093,65.437,64.0,62.906,63.218,65.437
08-11-2026 15:47:19,7360,7607,1408,16384,27.833333333333332,99.0,17811,VDD_IN,30199,8389,8198,17565,17811,4007,4190,18.0,23.0,23.0,9.0,92.0,2.0,64.281,65.093,63.875,62.875,63.156,65.093
08-11-2026 15:47:20,7365,7607,1413,16384,30.666666666666668,99.0,18203,VDD_IN,31294,8390,9096,17566,18203,4007,3995,36.0,13.0,22.0,15.0,92.0,6.0,64.718,65.75,63.937,62.937,63.5,65.75
08-11-2026 15:47:21,7367,7607,1412,16384,24.166666666666668,99.0,18046,VDD_IN,30903,8391,8823,17566,18046,4007,4034,9.0,18.0,14.0,12.0,92.0,0.0,64.031,65.718,63.968,63.0,63.187,65.718
08-11-2026 15:47:22,7360,7607,1414,16384,22.166666666666668,97.0,17850,VDD_IN,30589,8391,8784,17567,17850,4007,3955,13.0,6.0,7.0,9.0,95.0,3.0,64.031,65.562,64.062,62.906,63.281,65.562
08-11-2026 15:47:23,7361,7607,1414,16384,19.166666666666668,97.0,17889,VDD_IN,30745,8392,8901,17567,17889,4007,3955,3.0,4.0,8.0,2.0,97.0,1.0,63.937,66.093,64.062,62.875,63.218,66.093
08-11-2026 15:47:24,7361,7607,1414,16384,16.666666666666668,99.0,17811,VDD_IN,30510,8392,8744,17567,17811,4007,3955,2.0,2.0,2.0,0.0,92.0,2.0,64.062,66.062,63.875,62.843,63.218,66.062
08-11-2026 15:47:25,7362,7607,1414,16384,17.166666666666668,97.0,17850,VDD_IN,30589,8393,8784,17568,17850,4007,3955,2.0,2.0,2.0,4.0,93.0,0.0,64.218,65.531,63.937,62.906,63.187,65.531
08-11-2026 15:47:26,7362,7607,1414,16384,17.666666666666668,98.0,17811,VDD_IN,30511,8393,8705,17568,17811,4007,3995,3.0,1.0,8.0,3.0,91.0,0.0,63.906,65.531,63.937,63.062,63.187,65.531
08-11-2026 15:47:27,7364,7607,1414,16384,21.166666666666668,97.0,17889,VDD_IN,30628,8393,8705,17568,17889,4007,4034,10.0,4.0,18.0,3.0,92.0,0.0,63.968,65.562,64.0,62.843,63.187,65.562
08-11-2026 15:47:28,7364,7607,1414,16384,17.166666666666668,97.0,17772,VDD_IN,30316,8394,8510,17568,17772,4007,4034,62.0,3.0,2.0,3.0,33.0,0.0,64.031,65.562,64.031,62.906,63.343,65.562
08-11-2026 15:47:29,7364,7607,1414,16384,16.333333333333332,97.0,17732,VDD_IN,30237,8394,8432,17569,17732,4007,4073,91.0,3.0,2.0,2.0,0.0,0.0,64.093,65.625,63.875,62.843,63.375,65.625
08-11-2026 15:47:30,7365,7607,1414,16384,16.5,97.0,17732,VDD_IN,30159,8394,8315,17569,17732,4007,4112,92.0,4.0,0.0,3.0,0.0,0.0,64.343,65.75,63.968,62.937,63.375,65.75
08-11-2026 15:47:31,7366,7607,1414,16384,16.666666666666668,97.0,17693,VDD_IN,30003,8393,8159,17569,17693,4007,4151,92.0,2.0,3.0,3.0,0.0,0.0,64.031,65.593,63.906,62.968,63.218,65.593
08-11-2026 15:47:32,7368,7607,1414,16384,36.0,97.0,18408,VDD_IN,31251,8393,8535,17570,18408,4008,4308,42.0,24.0,24.0,33.0,63.0,30.0,64.375,65.593,63.937,63.093,63.406,65.593
08-11-2026 15:47:33,7368,7607,1414,16384,16.833333333333332,99.0,17575,VDD_IN,29769,8393,7964,17570,17575,4008,4230,1.0,2.0,2.0,1.0,3.0,92.0,64.375,65.187,64.093,62.875,63.281,65.187
08-11-2026 15:47:34,7368,7607,1414,16384,17.0,99.0,17575,VDD_IN,30002,8393,8432,17570,17575,4008,3995,2.0,1.0,3.0,3.0,0.0,93.0,64.125,65.687,63.906,62.875,63.187,65.375
08-11-2026 15:47:35,7369,7607,1414,16384,17.333333333333332,99.0,17615,VDD_IN,30159,8393,8549,17570,17615,4008,3995,3.0,6.0,2.0,1.0,0.0,92.0,64.093,65.531,63.875,62.906,63.25,65.531
08-11-2026 15:47:36,7369,7607,1414,16384,17.333333333333332,99.0,17929,VDD_IN,30785,8394,8901,17570,17929,4008,3955,2.0,8.0,1.0,0.0,0.0,93.0,63.875,65.75,63.968,62.937,63.218,65.75
08-11-2026 15:47:37,7370,7607,1414,16384,20.333333333333332,97.0,18007,VDD_IN,30926,8394,8964,17571,18007,4008,3955,2.0,9.0,7.0,6.0,0.0,98.0,64.031,65.593,63.937,62.843,63.281,65.593
08-11-2026 15:47:38,7364,7607,1418,16384,19.666666666666668,97.0,17850,VDD_IN,30613,8395,8808,17571,17850,4008,3955,7.0,10.0,9.0,1.0,88.0,3.0,64.0,65.531,63.937,62.843,63.093,65.531
08-11-2026 15:47:39,7369,7607,1418,16384,17.333333333333332,97.0,17850,VDD_IN,30589,8395,8784,17572,17850,4008,3955,5.0,0.0,2.0,6.0,91.0,0.0,64.0,65.562,63.843,62.906,63.187,65.562
08-11-2026 15:47:40,7369,7607,1418,16384,17.666666666666668,97.0,17811,VDD_IN,30472,8396,8666,17572,17811,4008,3995,5.0,2.0,4.0,3.0,92.0,0.0,64.125,65.812,63.937,62.968,63.156,65.812
08-11-2026 15:47:41,7370,7607,1418,16384,17.0,97.0,17811,VDD_IN,30511,8396,8666,17572,17811,4008,4034,2.0,2.0,5.0,1.0,92.0,0.0,63.906,65.906,63.906,62.906,63.281,65.906
08-11-2026 15:47:42,7371,7607,1418,16384,16.666666666666668,97.0,17772,VDD_IN,30355,8396,8549,17572,17772,4008,4034,2.0,1.0,5.0,0.0,92.0,0.0,64.031,65.843,63.968,62.812,63.187,65.843
08-11-2026 15:47:43,7373,7607,1418,16384,21.0,97.0,17811,VDD_IN,30355,8396,8471,17573,17811,4008,4073,10.0,9.0,10.0,5.0,92.0,0.0,64.062,65.812,63.875,62.875,63.187,65.812
08-11-2026 15:47:44,7373,7607,1418,16384,17.333333333333332,97.0,17732,VDD_IN,30120,8396,8276,17573,17732,4008,4112,3.0,2.0,2.0,5.0,92.0,0.0,64.25,65.843,63.812,62.843,63.218,65.843
08-11-2026 15:47:45,7374,7607,1418,16384,17.0,97.0,17732,VDD_IN,30081,8396,8198,17573,17732,4008,4151,2.0,1.0,2.0,5.0,92.0,0.0,64.093,65.562,63.937,62.937,63.187,65.562
08-11-2026 15:47:46,7375,7607,1418,16384,17.666666666666668,97.0,17654,VDD_IN,29887,8395,8003,17573,17654,4008,4230,6.0,5.0,2.0,1.0,92.0,0.0,63.968,65.468,63.968,63.062,63.156,65.468
08-11-2026 15:47:47,7375,7607,1418,16384,17.0,99.0,17615,VDD_IN,29731,8395,7847,17573,17615,4009,4269,76.0,4.0,3.0,2.0,17.0,0.0,64.156,65.093,64.062,62.906,63.468,65.093
08-11-2026 15:47:48,7372,7607,1429,16384,20.833333333333332,0.0,16216,VDD_IN,27547,8394,7559,17572,16216,4008,3772,35.0,2.0,11.0,14.0,54.0,9.0,64.0,64.531,63.906,62.937,63.093,64.531
08-11-2026 15:47:49,7068,7607,1415,16384,18.333333333333332,0.0,7842,VDD_IN,12173,8387,2265,17560,7842,4006,2066,15.0,13.0,5.0,22.0,50.0,5.0,63.312,63.125,63.593,62.75,62.343,63.593
08-11-2026 15:47:50,7100,7607,1369,16384,8.666666666666666,0.0,5741,VDD_IN,8251,8378,955,17547,5741,4003,1555,8.0,10.0,31.0,3.0,0.0,0.0,62.906,62.468,63.218,62.656,61.875,63.218
08-11-2026 15:47:51,4698,7607,1163,16384,14.0,0.0,5821,VDD_IN,8411,8370,1035,17533,5821,4001,1555,9.0,17.0,17.0,2.0,39.0,0.0,62.25,61.968,63.062,62.437,61.562,63.062
