08-11-2026 15:33:14 RAM 2716/7607MB (lfb 93x4MB) SWAP 776/16384MB (cached 207MB) CPU [2%@729,1%@729,1%@729,1%@729,2%@729,3%@729] GR3D_FREQ 0% cpu@55.656C soc2@54.531C soc0@56.093C gpu@55.093C tj@56.093C soc1@55.875C VDD_IN 5112mW/5112mW VDD_CPU_GPU_CV 602mW/602mW VDD_SOC 1446mW/1446mW
08-11-2026 15:33:15 RAM 2916/7607MB (lfb 93x4MB) SWAP 775/16384MB (cached 207MB) CPU [14%@1267,27%@1267,12%@1267,59%@1267,15%@1344,25%@1344] GR3D_FREQ 0% cpu@55.625C soc2@54.562C soc0@55.968C gpu@55.25C tj@55.968C soc1@55.875C VDD_IN 6080mW/5596mW VDD_CPU_GPU_CV 1315mW/959mW VDD_SOC 1517mW/1482mW
08-11-2026 15:33:16 RAM 3450/7607MB (lfb 93x4MB) SWAP 775/16384MB (cached 207MB) CPU [55%@1344,29%@1344,31%@1344,22%@1344,21%@729,23%@729] GR3D_FREQ 0% cpu@55.687C soc2@54.406C soc0@56.062C gpu@55.218C tj@56.062C soc1@55.718C VDD_IN 6429mW/5874mW VDD_CPU_GPU_CV 1515mW/1144mW VDD_SOC 1555mW/1506mW
08-11-2026 15:33:17 RAM 4281/7607MB (lfb 34x4MB) SWAP 775/16384MB (cached 207MB) CPU [54%@1344,57%@1344,56%@1344,56%@1344,66%@1113,63%@1113] GR3D_FREQ 0% cpu@55.875C soc2@54.437C soc0@55.812C gpu@55.156C tj@55.875C soc1@55.562C VDD_IN 6829mW/6113mW VDD_CPU_GPU_CV 1831mW/1316mW VDD_SOC 1594mW/1528mW
08-11-2026 15:33:18 RAM 5929/7607MB (lfb 11x4MB) SWAP 775/16384MB (cached 207MB) CPU [7%@1344,6%@1344,91%@1344,6%@1344,4%@729,4%@729] GR3D_FREQ 0% cpu@55.843C soc2@54.375C soc0@55.843C gpu@55.187C tj@55.843C soc1@55.593C VDD_IN 7336mW/6357mW VDD_CPU_GPU_CV 1711mW/1395mW VDD_SOC 1791mW/1581mW
08-11-2026 15:33:19 RAM 6503/7607MB (lfb 2x4MB) SWAP 775/16384MB (cached 207MB) CPU [24%@1113,4%@1344,27%@1344,70%@1344,77%@1344,1%@1344] GR3D_FREQ 99% cpu@56.531C soc2@55.312C soc0@56.187C gpu@57.093C tj@57.093C soc1@55.843C VDD_IN 15059mW/7808mW VDD_CPU_GPU_CV 7218mW/2365mW VDD_SOC 3266mW/1862mW
08-11-2026 15:33:20 RAM 6505/7607MB (lfb 2x4MB) SWAP 775/16384MB (cached 207MB) CPU [65%@729,3%@729,23%@729,8%@729,89%@1344,1%@1344] GR3D_FREQ 97% cpu@56.593C soc2@55.718C soc0@56.468C gpu@57.937C tj@57.937C soc1@55.875C VDD_IN 17526mW/9196mW VDD_CPU_GPU_CV 8798mW/3284mW VDD_SOC 3766mW/2134mW
08-11-2026 15:33:21 RAM 6922/7607MB (lfb 1x2MB) SWAP 798/16384MB (cached 209MB) CPU [24%@729,31%@729,15%@729,12%@729,94%@1344,5%@1344] GR3D_FREQ 97% cpu@56.781C soc2@55.656C soc0@56.531C gpu@57.843C tj@58.031C soc1@56.031C VDD_IN 16255mW/10078mW VDD_CPU_GPU_CV 7598mW/3823mW VDD_SOC 3733mW/2334mW
08-11-2026 15:33:22 RAM 6926/7607MB (lfb 4x4MB) SWAP 798/16384MB (cached 209MB) CPU [1%@729,2%@729,4%@729,3%@729,93%@1344,7%@1344] GR3D_FREQ 97% cpu@57.25C soc2@56.031C soc0@56.75C gpu@58.5C tj@58.5C soc1@56.156C VDD_IN 17368mW/10888mW VDD_CPU_GPU_CV 8211mW/4311mW VDD_SOC 4001mW/2519mW
08-11-2026 15:33:23 RAM 6927/7607MB (lfb 4x4MB) SWAP 798/16384MB (cached 209MB) CPU [3%@729,2%@729,4%@729,1%@729,92%@1344,0%@1344] GR3D_FREQ 98% cpu@57.187C soc2@56.218C soc0@56.937C gpu@58.687C tj@58.687C soc1@56.375C VDD_IN 17408mW/11540mW VDD_CPU_GPU_CV 8055mW/4685mW VDD_SOC 4080mW/2675mW
08-11-2026 15:33:24 RAM 6929/7607MB (lfb 5x4MB) SWAP 798/16384MB (cached 209MB) CPU [5%@1190,0%@1190,10%@1190,2%@1190,92%@1344,0%@1344] GR3D_FREQ 97% cpu@57.375C soc2@56.375C soc0@57.125C gpu@58.75C tj@58.75C soc1@56.406C VDD_IN 17408mW/12074mW VDD_CPU_GPU_CV 7938mW/4981mW VDD_SOC 4119mW/2806mW
08-11-2026 15:33:25 RAM 6929/7607MB (lfb 5x4MB) SWAP 798/16384MB (cached 209MB) CPU [7%@1344,4%@1344,22%@1344,74%@1344,92%@1344,0%@1344] GR3D_FREQ 99% cpu@57.75C soc2@56.625C soc0@57.312C gpu@58.843C tj@58.843C soc1@56.437C VDD_IN 17801mW/12551mW VDD_CPU_GPU_CV 8120mW/5243mW VDD_SOC 4197mW/2922mW
08-11-2026 15:33:26 RAM 6934/7607MB (lfb 4x4MB) SWAP 798/16384MB (cached 209MB) CPU [12%@729,17%@729,14%@729,8%@729,91%@1344,0%@1344] GR3D_FREQ 99% cpu@57.875C soc2@56.687C soc0@57.343C gpu@58.75C tj@58.75C soc1@56.625C VDD_IN 17408mW/12925mW VDD_CPU_GPU_CV 8133mW/5465mW VDD_SOC 4040mW/3008mW
08-11-2026 15:33:27 RAM 6934/7607MB (lfb 4x4MB) SWAP 798/16384MB (cached 209MB) CPU [3%@729,1%@729,2%@729,4%@729,93%@1344,0%@1344] GR3D_FREQ 99% cpu@57.875C soc2@56.75C soc0@57.406C gpu@58.968C tj@58.968C soc1@56.75C VDD_IN 17290mW/13236mW VDD_CPU_GPU_CV 8407mW/5675mW VDD_SOC 3883mW/3071mW
08-11-2026 15:33:28 RAM 6935/7607MB (lfb 4x4MB) SWAP 798/16384MB (cached 209MB) CPU [4%@729,3%@729,1%@729,2%@729,92%@1344,0%@1344] GR3D_FREQ 99% cpu@57.75C soc2@56.906C soc0@57.625C gpu@59.187C tj@59.187C soc1@56.875C VDD_IN 17643mW/13530mW VDD_CPU_GPU_CV 8602mW/5870mW VDD_SOC 3962mW/3130mW
08-11-2026 15:33:29 RAM 6935/7607MB (lfb 4x4MB) SWAP 798/16384MB (cached 209MB) CPU [5%@729,5%@729,1%@729,2%@729,96%@1190,0%@1190] GR3D_FREQ 96% cpu@57.968C soc2@56.968C soc0@57.75C gpu@59.218C tj@59.218C soc1@56.937C VDD_IN 17526mW/13780mW VDD_CPU_GPU_CV 8549mW/6038mW VDD_SOC 3883mW/3177mW
08-11-2026 15:33:30 RAM 6935/7607MB (lfb 4x4MB) SWAP 798/16384MB (cached 209MB) CPU [6%@729,2%@729,5%@729,2%@729,96%@1344,0%@1344] GR3D_FREQ 97% cpu@58.187C soc2@57.156C soc0@57.937C gpu@59.468C tj@59.468C soc1@56.968C VDD_IN 17604mW/14005mW VDD_CPU_GPU_CV 8705mW/6195mW VDD_SOC 3883mW/3219mW
08-11-2026 15:33:31 RAM 6940/7607MB (lfb 3x4MB) SWAP 798/16384MB (cached 209MB) CPU [14%@1344,71%@1344,11%@1344,23%@1344,92%@1344,15%@1344] GR3D_FREQ 98% cpu@58.437C soc2@57.218C soc0@57.906C gpu@59.468C tj@59.468C soc1@57.125C VDD_IN 18203mW/14238mW VDD_CPU_GPU_CV 9174mW/6360mW VDD_SOC 3916mW/3257mW
08-11-2026 15:33:32 RAM 6941/7607MB (lfb 3x4MB) SWAP 798/16384MB (cached 209MB) CPU [10%@729,2%@729,1%@729,1%@729,92%@1344,0%@1344] GR3D_FREQ 97% cpu@58.437C soc2@57.25C soc0@57.968C gpu@59.468C tj@59.468C soc1@57.312C VDD_IN 17643mW/14417mW VDD_CPU_GPU_CV 8666mW/6481mW VDD_SOC 3923mW/3292mW
08-11-2026 15:33:33 RAM 6941/7607MB (lfb 3x4MB) SWAP 798/16384MB (cached 209MB) CPU [3%@729,2%@729,2%@729,1%@729,93%@1344,1%@1344] GR3D_FREQ 99% cpu@58.343C soc2@57.437C soc0@58.218C gpu@59.562C tj@59.562C soc1@57.406C VDD_IN 17565mW/14575mW VDD_CPU_GPU_CV 8510mW/6583mW VDD_SOC 3923mW/3324mW
08-11-2026 15:33:34 RAM 6942/7607MB (lfb 3x4MB) SWAP 798/16384MB (cached 209MB) CPU [3%@729,3%@729,3%@729,2%@729,92%@1344,0%@1344] GR3D_FREQ 97% cpu@58.437C soc2@57.5C soc0@58.281C gpu@59.687C tj@59.687C soc1@57.406C VDD_IN 17565mW/14717mW VDD_CPU_GPU_CV 8510mW/6675mW VDD_SOC 3962mW/3354mW
08-11-2026 15:33:35 RAM 6942/7607MB (lfb 3x4MB) SWAP 798/16384MB (cached 209MB) CPU [1%@729,2%@729,2%@729,5%@729,92%@1344,0%@1344] GR3D_FREQ 98% cpu@58.687C soc2@57.593C soc0@58.25C gpu@59.718C tj@59.718C soc1@57.468C VDD_IN 17486mW/14843mW VDD_CPU_GPU_CV 8354mW/6751mW VDD_SOC 4001mW/3384mW
08-11-2026 15:33:36 RAM 6943/7607MB (lfb 3x4MB) SWAP 798/16384MB (cached 209MB) CPU [8%@1113,4%@1113,3%@1113,7%@1113,93%@1344,0%@1344] GR3D_FREQ 97% cpu@58.937C soc2@57.75C soc0@58.375C gpu@59.968C tj@59.968C soc1@57.656C VDD_IN 17643mW/14965mW VDD_CPU_GPU_CV 8393mW/6822mW VDD_SOC 4040mW/3412mW
08-11-2026 15:33:37 RAM 6944/7607MB (lfb 3x4MB) SWAP 798/16384MB (cached 209MB) CPU [84%@729,8%@729,9%@729,14%@729,92%@1344,2%@1344] GR3D_FREQ 97% cpu@59.218C soc2@57.875C soc0@58.468C gpu@60.187C tj@60.187C soc1@57.781C VDD_IN 17889mW/15087mW VDD_CPU_GPU_CV 8510mW/6893mW VDD_SOC 4073mW/3440mW
08-11-2026 15:33:38 RAM 6944/7607MB (lfb 3x4MB) SWAP 798/16384MB (cached 209MB) CPU [2%@729,5%@729,2%@729,2%@729,92%@1344,0%@1344] GR3D_FREQ 97% cpu@58.781C soc2@57.937C soc0@58.75C gpu@60.156C tj@60.156C soc1@57.687C VDD_IN 17486mW/15182mW VDD_CPU_GPU_CV 8055mW/6939mW VDD_SOC 4119mW/3467mW
08-11-2026 15:33:39 RAM 6945/7607MB (lfb 3x4MB) SWAP 798/16384MB (cached 209MB) CPU [2%@729,2%@729,3%@729,1%@729,91%@1344,2%@1344] GR3D_FREQ 97% cpu@59.125C soc2@57.906C soc0@58.843C gpu@60.156C tj@60.156C soc1@57.875C VDD_IN 17408mW/15268mW VDD_CPU_GPU_CV 7781mW/6972mW VDD_SOC 4197mW/3495mW
08-11-2026 15:33:40 RAM 6945/7607MB (lfb 3x4MB) SWAP 798/16384MB (cached 209MB) CPU [3%@729,5%@729,5%@729,1%@729,92%@1344,0%@1344] GR3D_FREQ 99% cpu@59.375C soc2@58.125C soc0@58.843C gpu@59.75C tj@59.75C soc1@57.968C VDD_IN 17290mW/15343mW VDD_CPU_GPU_CV 7899mW/7006mW VDD_SOC 4119mW/3518mW
08-11-2026 15:33:41 RAM 6946/7607MB (lfb 3x4MB) SWAP 798/16384MB (cached 209MB) CPU [5%@729,2%@729,5%@729,1%@729,92%@1344,0%@1344] GR3D_FREQ 99% cpu@59.437C soc2@58.187C soc0@58.906C gpu@60.281C tj@60.281C soc1@58.093C VDD_IN 17329mW/15414mW VDD_CPU_GPU_CV 8407mW/7056mW VDD_SOC 3923mW/3533mW
08-11-2026 15:33:42 RAM 6949/7607MB (lfb 3x4MB) SWAP 798/16384MB (cached 209MB) CPU [21%@1344,20%@1344,12%@1344,16%@1344,79%@1344,2%@1344] GR3D_FREQ 99% cpu@59.812C soc2@58.281C soc0@58.937C gpu@60.468C tj@60.468C soc1@58.218C VDD_IN 17801mW/15496mW VDD_CPU_GPU_CV 8666mW/7111mW VDD_SOC 3962mW/3547mW
08-11-2026 15:33:43 RAM 6949/7607MB (lfb 3x4MB) SWAP 798/16384MB (cached 209MB) CPU [26%@729,5%@729,4%@729,57%@729,94%@960,0%@960] GR3D_FREQ 99% cpu@59.218C soc2@58.468C soc0@59.125C gpu@60.562C tj@60.562C soc1@58.187C VDD_IN 17958mW/15578mW VDD_CPU_GPU_CV 8940mW/7172mW VDD_SOC 3916mW/3560mW
08-11-2026 15:33:44 RAM 6949/7607MB (lfb 3x4MB) SWAP 798/16384MB (cached 209MB) CPU [7%@729,2%@729,1%@729,2%@729,97%@1344,0%@1344] GR3D_FREQ 97% cpu@59.343C soc2@58.375C soc0@59.343C gpu@60.718C tj@60.718C soc1@58.343C VDD_IN 17683mW/15646mW VDD_CPU_GPU_CV 8744mW/7223mW VDD_SOC 3883mW/3570mW
08-11-2026 15:33:45 RAM 6950/7607MB (lfb 3x4MB) SWAP 798/16384MB (cached 209MB) CPU [3%@729,1%@729,1%@729,2%@729,92%@1344,0%@1344] GR3D_FREQ 98% cpu@59.5C soc2@58.468C soc0@59.156C gpu@60.718C tj@60.718C soc1@58.343C VDD_IN 17643mW/15709mW VDD_CPU_GPU_CV 8627mW/7267mW VDD_SOC 3923mW/3581mW
08-11-2026 15:33:46 RAM 6951/7607MB (lfb 3x4MB) SWAP 798/16384MB (cached 209MB) CPU [5%@729,2%@729,1%@729,3%@729,92%@1344,0%@1344] GR3D_FREQ 97% cpu@59.875C soc2@58.656C soc0@59.312C gpu@61.125C tj@61.125C soc1@58.5C VDD_IN 17683mW/15768mW VDD_CPU_GPU_CV 8627mW/7308mW VDD_SOC 3923mW/3591mW
08-11-2026 15:33:47 RAM 6952/7607MB (lfb 3x4MB) SWAP 798/16384MB (cached 209MB) CPU [13%@729,3%@729,17%@729,3%@729,92%@1344,2%@1344] GR3D_FREQ 97% cpu@59.687C soc2@58.718C soc0@59.5C gpu@61.187C tj@61.187C soc1@58.531C VDD_IN 17654mW/15824mW VDD_CPU_GPU_CV 8627mW/7347mW VDD_SOC 3962mW/3602mW
08-11-2026 15:33:48 RAM 6953/7607MB (lfb 3x4MB) SWAP 798/16384MB (cached 209MB) CPU [7%@1344,5%@1344,4%@1344,25%@1344,92%@1344,0%@1344] GR3D_FREQ 97% cpu@59.75C soc2@58.843C soc0@59.625C gpu@61.312C tj@61.312C soc1@58.5C VDD_IN 17929mW/15884mW VDD_CPU_GPU_CV 8784mW/7388mW VDD_SOC 3962mW/3613mW
08-11-2026 15:33:49 RAM 6953/7607MB (lfb 3x4MB) SWAP 798/16384MB (cached 209MB) CPU [3%@729,25%@729,3%@729,46%@729,93%@1344,3%@1344] GR3D_FREQ 97% cpu@59.718C soc2@58.968C soc0@59.718C gpu@61.312C tj@61.312C soc1@58.718C VDD_IN 17772mW/15936mW VDD_CPU_GPU_CV 8627mW/7422mW VDD_SOC 4001mW/3623mW
08-11-2026 15:33:50 RAM 6954/7607MB (lfb 3x4MB) SWAP 798/16384MB (cached 209MB) CPU [5%@729,3%@729,2%@729,2%@729,92%@1344,0%@1344] GR3D_FREQ 97% cpu@59.906C soc2@58.875C soc0@59.625C gpu@61.437C tj@61.437C soc1@58.75C VDD_IN 17526mW/15979mW VDD_CPU_GPU_CV 8315mW/7447mW VDD_SOC 4040mW/3635mW
08-11-2026 15:33:51 RAM 6954/7607MB (lfb 3x4MB) SWAP 798/16384MB (cached 209MB) CPU [6%@729,1%@729,1%@729,2%@729,92%@1344,0%@1344] GR3D_FREQ 97% cpu@60.187C soc2@58.937C soc0@59.687C gpu@61.437C tj@61.437C soc1@58.75C VDD_IN 17526mW/16020mW VDD_CPU_GPU_CV 8172mW/7466mW VDD_SOC 4080mW/3646mW
08-11-2026 15:33:52 RAM 6954/7607MB (lfb 3x4MB) SWAP 798/16384MB (cached 209MB) CPU [11%@729,4%@729,5%@729,7%@729,66%@1344,38%@1344] GR3D_FREQ 97% cpu@60.093C soc2@59.031C soc0@59.812C gpu@61.218C tj@61.218C soc1@58.937C VDD_IN 17683mW/16063mW VDD_CPU_GPU_CV 8198mW/7484mW VDD_SOC 4119mW/3659mW
08-11-2026 15:33:53 RAM 6955/7607MB (lfb 3x4MB) SWAP 798/16384MB (cached 209MB) CPU [2%@729,5%@729,0%@729,2%@729,0%@1344,92%@1344] GR3D_FREQ 97% cpu@60.343C soc2@59.187C soc0@59.968C gpu@61.218C tj@61.218C soc1@58.906C VDD_IN 17408mW/16096mW VDD_CPU_GPU_CV 7781mW/7492mW VDD_SOC 4197mW/3672mW
08-11-2026 15:33:54 RAM 6957/7607MB (lfb 2x4MB) SWAP 798/16384MB (cached 209MB) CPU [6%@1344,4%@1344,3%@1344,41%@1344,0%@1344,91%@1344] GR3D_FREQ 99% cpu@60.468C soc2@59.187C soc0@59.875C gpu@60.875C tj@60.875C soc1@58.937C VDD_IN 17683mW/16135mW VDD_CPU_GPU_CV 8198mW/7509mW VDD_SOC 4158mW/3684mW
08-11-2026 15:33:55 RAM 6959/7607MB (lfb 2x4MB) SWAP 798/16384MB (cached 209MB) CPU [7%@729,2%@729,25%@729,30%@729,0%@1344,93%@1344] GR3D_FREQ 99% cpu@60.343C soc2@59.281C soc0@60C gpu@61.531C tj@61.531C soc1@59.156C VDD_IN 17565mW/16169mW VDD_CPU_GPU_CV 8549mW/7534mW VDD_SOC 3962mW/3690mW
08-11-2026 15:33:56 RAM 6960/7607MB (lfb 2x4MB) SWAP 798/16384MB (cached 209MB) CPU [5%@1344,2%@1344,2%@1344,2%@1344,0%@1344,92%@1344] GR3D_FREQ 99% cpu@60.531C soc2@59.312C soc0@59.968C gpu@61.562C tj@61.562C soc1@59.156C VDD_IN 17486mW/16200mW VDD_CPU_GPU_CV 8485mW/7556mW VDD_SOC 3962mW/3697mW
08-11-2026 15:33:57 RAM 6961/7607MB (lfb 2x4MB) SWAP 798/16384MB (cached 209MB) CPU [4%@1190,3%@1190,6%@1190,18%@1190,0%@883,94%@883] GR3D_FREQ 99% cpu@60.406C soc2@59.468C soc0@60.125C gpu@61.75C tj@61.75C soc1@59.25C VDD_IN 17772mW/16235mW VDD_CPU_GPU_CV 8862mW/7586mW VDD_SOC 3923mW/3702mW
08-11-2026 15:33:58 RAM 6961/7607MB (lfb 2x4MB) SWAP 798/16384MB (cached 209MB) CPU [92%@1344,3%@1344,1%@1344,5%@1344,0%@729,4%@729] GR3D_FREQ 97% cpu@60.312C soc2@59.531C soc0@60.187C gpu@61.812C tj@61.812C soc1@59.25C VDD_IN 17654mW/16267mW VDD_CPU_GPU_CV 8744mW/7611mW VDD_SOC 3883mW/3706mW
08-11-2026 15:33:59 RAM 6962/7607MB (lfb 2x4MB) SWAP 798/16384MB (cached 209MB) CPU [92%@1344,2%@1344,3%@1344,0%@1344,0%@729,0%@729] GR3D_FREQ 97% cpu@60.375C soc2@59.531C soc0@60.343C gpu@61.875C tj@61.875C soc1@59.281C VDD_IN 17565mW/16295mW VDD_CPU_GPU_CV 8627mW/7633mW VDD_SOC 3923mW/3711mW
08-11-2026 15:34:00 RAM 6962/7607MB (lfb 2x4MB) SWAP 798/16384MB (cached 209MB) CPU [53%@1344,3%@1344,14%@1344,48%@1344,41%@1344,1%@1344] GR3D_FREQ 97% cpu@60.781C soc2@59.562C soc0@60.281C gpu@61.843C tj@61.843C soc1@59.406C VDD_IN 18046mW/16332mW VDD_CPU_GPU_CV 9057mW/7664mW VDD_SOC 3916mW/3715mW
08-11-2026 15:34:01 RAM 6963/7607MB (lfb 2x4MB) SWAP 798/16384MB (cached 209MB) CPU [3%@1344,2%@1344,7%@1344,92%@1344,31%@729,4%@729] GR3D_FREQ 97% cpu@60.687C soc2@59.75C soc0@60.375C gpu@61.843C tj@61.843C soc1@59.468C VDD_IN 17761mW/16362mW VDD_CPU_GPU_CV 8666mW/7685mW VDD_SOC 3962mW/3720mW
08-11-2026 15:34:02 RAM 6963/7607MB (lfb 2x4MB) SWAP 798/16384MB (cached 209MB) CPU [4%@1344,2%@1344,2%@1344,92%@1344,0%@729,1%@729] GR3D_FREQ 97% cpu@60.968C soc2@59.687C soc0@60.406C gpu@61.937C tj@61.937C soc1@59.562C VDD_IN 17643mW/16388mW VDD_CPU_GPU_CV 8549mW/7702mW VDD_SOC 3962mW/3725mW
08-11-2026 15:34:03 RAM 6964/7607MB (lfb 2x4MB) SWAP 798/16384MB (cached 209MB) CPU [7%@1344,7%@1344,8%@1344,93%@1344,11%@729,1%@729] GR3D_FREQ 97% cpu@60.75C soc2@59.843C soc0@60.656C gpu@61.875C tj@61.875C soc1@59.812C VDD_IN 17604mW/16413mW VDD_CPU_GPU_CV 8432mW/7717mW VDD_SOC 4001mW/3731mW
08-11-2026 15:34:04 RAM 6965/7607MB (lfb 2x4MB) SWAP 798/16384MB (cached 209MB) CPU [3%@1344,1%@1344,4%@1344,92%@1344,0%@729,1%@729] GR3D_FREQ 97% cpu@60.968C soc2@59.937C soc0@60.656C gpu@62.062C tj@62.062C soc1@59.531C VDD_IN 17565mW/16435mW VDD_CPU_GPU_CV 8329mW/7729mW VDD_SOC 4040mW/3737mW
08-11-2026 15:34:05 RAM 6965/7607MB (lfb 2x4MB) SWAP 798/16384MB (cached 209MB) CPU [2%@1344,3%@1344,1%@1344,92%@1344,0%@729,0%@729] GR3D_FREQ 97% cpu@60.968C soc2@59.812C soc0@60.562C gpu@62.093C tj@62.093C soc1@59.562C VDD_IN 17565mW/16457mW VDD_CPU_GPU_CV 8211mW/7738mW VDD_SOC 4080mW/3743mW
08-11-2026 15:34:06 RAM 6967/7607MB (lfb 2x4MB) SWAP 798/16384MB (cached 209MB) CPU [8%@1344,9%@1344,2%@1344,92%@1344,60%@1344,0%@1344] GR3D_FREQ 97% cpu@61.156C soc2@59.968C soc0@60.656C gpu@62.156C tj@62.156C soc1@59.75C VDD_IN 17968mW/16486mW VDD_CPU_GPU_CV 8510mW/7753mW VDD_SOC 4151mW/3751mW
08-11-2026 15:34:07 RAM 6968/7607MB (lfb 2x4MB) SWAP 798/16384MB (cached 209MB) CPU [3%@1344,5%@1344,4%@1344,92%@1344,18%@729,6%@729] GR3D_FREQ 97% cpu@61.156C soc2@60.062C soc0@60.687C gpu@62.156C tj@62.156C soc1@59.843C VDD_IN 17565mW/16506mW VDD_CPU_GPU_CV 7938mW/7756mW VDD_SOC 4197mW/3759mW
08-11-2026 15:34:08 RAM 6970/7607MB (lfb 2x4MB) SWAP 798/16384MB (cached 209MB) CPU [13%@1344,4%@1344,5%@1344,94%@1344,6%@729,2%@729] GR3D_FREQ 99% cpu@61.031C soc2@60.156C soc0@60.718C gpu@61.75C tj@61.75C soc1@59.875C VDD_IN 17526mW/16524mW VDD_CPU_GPU_CV 7859mW/7758mW VDD_SOC 4197mW/3767mW
08-11-2026 15:34:09 RAM 6970/7607MB (lfb 2x4MB) SWAP 798/16384MB (cached 209MB) CPU [3%@1344,1%@1344,2%@1344,93%@1344,4%@729,1%@729] GR3D_FREQ 99% cpu@61.062C soc2@60.156C soc0@60.875C gpu@62.25C tj@62.25C soc1@59.906C VDD_IN 17408mW/16540mW VDD_CPU_GPU_CV 8368mW/7769mW VDD_SOC 3962mW/3771mW
08-11-2026 15:34:10 RAM 6970/7607MB (lfb 2x4MB) SWAP 798/16384MB (cached 209MB) CPU [1%@1344,1%@1344,3%@1344,92%@1344,0%@729,3%@729] GR3D_FREQ 99% cpu@61.156C soc2@60.156C soc0@61C gpu@62.343C tj@62.343C soc1@59.906C VDD_IN 17447mW/16556mW VDD_CPU_GPU_CV 8485mW/7781mW VDD_SOC 3962mW/3774mW
08-11-2026 15:34:11 RAM 6970/7607MB (lfb 2x4MB) SWAP 798/16384MB (cached 209MB) CPU [2%@806,2%@806,2%@806,93%@806,1%@729,1%@729] GR3D_FREQ 99% cpu@61.062C soc2@60.281C soc0@60.937C gpu@62.968C tj@62.968C soc1@59.937C VDD_IN 17840mW/16578mW VDD_CPU_GPU_CV 8823mW/7799mW VDD_SOC 3955mW/3777mW
08-11-2026 15:34:12 RAM 6971/7607MB (lfb 2x4MB) SWAP 798/16384MB (cached 209MB) CPU [4%@1344,7%@1344,19%@1344,99%@1344,59%@729,2%@729] GR3D_FREQ 97% cpu@62C soc2@60.312C soc0@61C gpu@62.843C tj@62.843C soc1@60.062C VDD_IN 18164mW/16605mW VDD_CPU_GPU_CV 9213mW/7823mW VDD_SOC 3916mW/3780mW
08-11-2026 15:34:13 RAM 6972/7607MB (lfb 2x4MB) SWAP 798/16384MB (cached 209MB) CPU [10%@1344,8%@1344,11%@1344,92%@1344,1%@729,12%@729] GR3D_FREQ 97% cpu@61.25C soc2@60.406C soc0@61.125C gpu@62.875C tj@62.875C soc1@60.187C VDD_IN 17811mW/16625mW VDD_CPU_GPU_CV 8823mW/7840mW VDD_SOC 3923mW/3782mW
08-11-2026 15:34:14 RAM 6973/7607MB (lfb 2x4MB) SWAP 798/16384MB (cached 209MB) CPU [5%@1344,2%@1344,4%@1344,92%@1344,2%@729,0%@729] GR3D_FREQ 97% cpu@61.281C soc2@60.437C soc0@61.125C gpu@63.031C tj@63.031C soc1@60.25C VDD_IN 17693mW/16642mW VDD_CPU_GPU_CV 8705mW/7854mW VDD_SOC 3923mW/3784mW
08-11-2026 15:34:15 RAM 6973/7607MB (lfb 2x4MB) SWAP 798/16384MB (cached 209MB) CPU [2%@1344,3%@1344,2%@1344,92%@1344,0%@729,0%@729] GR3D_FREQ 97% cpu@61.406C soc2@60.343C soc0@61.218C gpu@63.031C tj@63.031C soc1@60.093C VDD_IN 17643mW/16659mW VDD_CPU_GPU_CV 8588mW/7866mW VDD_SOC 3962mW/3787mW
08-11-2026 15:34:17 RAM 6963/7607MB (lfb 2x4MB) SWAP 798/16384MB (cached 208MB) CPU [3%@1344,3%@1344,2%@1344,92%@1344,1%@729,3%@729] GR3D_FREQ 97% cpu@61.5C soc2@60.531C soc0@61.125C gpu@62.593C tj@62.593C soc1@60.187C VDD_IN 17643mW/16674mW VDD_CPU_GPU_CV 8588mW/7878mW VDD_SOC 3962mW/3790mW
08-11-2026 15:34:18 RAM 6963/7607MB (lfb 2x4MB) SWAP 798/16384MB (cached 208MB) CPU [2%@1344,1%@1344,1%@1344,92%@1344,0%@729,3%@729] GR3D_FREQ 97% cpu@61.593C soc2@60.437C soc0@61.125C gpu@62.625C tj@62.625C soc1@60.25C VDD_IN 17683mW/16690mW VDD_CPU_GPU_CV 8471mW/7887mW VDD_SOC 4001mW/3793mW
08-11-2026 15:34:19 RAM 6970/7607MB (lfb 2x4MB) SWAP 798/16384MB (cached 208MB) CPU [34%@729,8%@729,17%@729,71%@729,81%@1344,4%@1344] GR3D_FREQ 97% cpu@61.375C soc2@60.625C soc0@61.187C gpu@62.781C tj@62.781C soc1@60.343C VDD_IN 18164mW/16713mW VDD_CPU_GPU_CV 8940mW/7903mW VDD_SOC 4034mW/3797mW
08-11-2026 15:34:20 RAM 6970/7607MB (lfb 2x4MB) SWAP 798/16384MB (cached 208MB) CPU [2%@729,2%@729,9%@729,1%@729,92%@1344,1%@1344] GR3D_FREQ 97% cpu@61.406C soc2@60.656C soc0@61.281C gpu@62.906C tj@62.906C soc1@60.406C VDD_IN 17643mW/16727mW VDD_CPU_GPU_CV 8315mW/7909mW VDD_SOC 4080mW/3801mW
08-11-2026 15:34:21 RAM 6971/7607MB (lfb 2x4MB) SWAP 798/16384MB (cached 208MB) CPU [2%@729,3%@729,5%@729,3%@729,92%@1344,1%@1344] GR3D_FREQ 97% cpu@61.468C soc2@60.562C soc0@61.312C gpu@62.906C tj@62.906C soc1@60.375C VDD_IN 17565mW/16739mW VDD_CPU_GPU_CV 8081mW/7912mW VDD_SOC 4119mW/3806mW
08-11-2026 15:34:22 RAM 6971/7607MB (lfb 2x4MB) SWAP 798/16384MB (cached 208MB) CPU [2%@729,2%@729,3%@729,1%@729,92%@1344,0%@1344] GR3D_FREQ 97% cpu@61.5C soc2@60.656C soc0@61.312C gpu@62.875C tj@62.875C soc1@60.375C VDD_IN 17565mW/16751mW VDD_CPU_GPU_CV 7977mW/7913mW VDD_SOC 4197mW/3812mW
08-11-2026 15:34:23 RAM 6972/7607MB (lfb 2x4MB) SWAP 798/16384MB (cached 208MB) CPU [3%@729,0%@729,6%@729,2%@729,92%@1344,2%@1344] GR3D_FREQ 99% cpu@61.968C soc2@60.75C soc0@61.312C gpu@62.343C tj@62.343C soc1@60.437C VDD_IN 17447mW/16761mW VDD_CPU_GPU_CV 7664mW/7909mW VDD_SOC 4237mW/3818mW
08-11-2026 15:34:24 RAM 6975/7607MB (lfb 2x4MB) SWAP 798/16384MB (cached 208MB) CPU [5%@1344,16%@1344,14%@1344,6%@1344,92%@1344,0%@1344] GR3D_FREQ 99% cpu@62.062C soc2@60.75C soc0@61.437C gpu@62.906C tj@62.906C soc1@60.531C VDD_IN 17654mW/16774mW VDD_CPU_GPU_CV 8510mW/7918mW VDD_SOC 4040mW/3821mW
08-11-2026 15:34:25 RAM 6976/7607MB (lfb 2x4MB) SWAP 798/16384MB (cached 207MB) CPU [25%@729,4%@729,62%@729,3%@729,95%@1344,2%@1344] GR3D_FREQ 99% cpu@61.625C soc2@60.875C soc0@61.468C gpu@63.062C tj@63.062C soc1@60.375C VDD_IN 17850mW/16789mW VDD_CPU_GPU_CV 8823mW/7930mW VDD_SOC 3962mW/3823mW
08-11-2026 15:34:26 RAM 6976/7607MB (lfb 2x4MB) SWAP 798/16384MB (cached 207MB) CPU [4%@729,6%@729,1%@729,1%@729,92%@1344,1%@1344] GR3D_FREQ 99% cpu@61.843C soc2@60.843C soc0@61.437C gpu@63.187C tj@63.187C soc1@60.468C VDD_IN 18007mW/16806mW VDD_CPU_GPU_CV 8784mW/7942mW VDD_SOC 4073mW/3826mW
08-11-2026 15:34:27 RAM 6976/7607MB (lfb 2x4MB) SWAP 798/16384MB (cached 207MB) CPU [2%@729,1%@729,6%@729,3%@729,98%@1344,0%@1344] GR3D_FREQ 96% cpu@61.906C soc2@60.781C soc0@61.562C gpu@63.062C tj@63.062C soc1@60.625C VDD_IN 17654mW/16818mW VDD_CPU_GPU_CV 8784mW/7954mW VDD_SOC 3883mW/3827mW
08-11-2026 15:34:28 RAM 6977/7607MB (lfb 2x4MB) SWAP 798/16384MB (cached 207MB) CPU [4%@729,2%@729,2%@729,2%@729,94%@1344,1%@1344] GR3D_FREQ 97% cpu@61.906C soc2@60.812C soc0@61.5C gpu@63.187C tj@63.187C soc1@60.562C VDD_IN 17761mW/16831mW VDD_CPU_GPU_CV 8744mW/7965mW VDD_SOC 3923mW/3829mW
08-11-2026 15:34:29 RAM 6977/7607MB (lfb 2x4MB) SWAP 798/16384MB (cached 207MB) CPU [2%@729,3%@729,5%@729,1%@729,92%@1344,0%@1344] GR3D_FREQ 97% cpu@62.062C soc2@60.968C soc0@61.687C gpu@63.062C tj@63.062C soc1@60.812C VDD_IN 17683mW/16842mW VDD_CPU_GPU_CV 8666mW/7974mW VDD_SOC 3923mW/3830mW
08-11-2026 15:34:30 RAM 6976/7607MB (lfb 2x4MB) SWAP 798/16384MB (cached 207MB) CPU [28%@1344,11%@1344,25%@1344,3%@1344,93%@1344,2%@1344] GR3D_FREQ 97% cpu@61.906C soc2@61.125C soc0@61.812C gpu@63.437C tj@63.437C soc1@60.656C VDD_IN 18046mW/16858mW VDD_CPU_GPU_CV 8940mW/7987mW VDD_SOC 3955mW/3831mW
08-11-2026 15:34:31 RAM 6977/7607MB (lfb 2x4MB) SWAP 798/16384MB (cached 207MB) CPU [46%@729,27%@729,5%@729,2%@729,92%@1344,0%@1344] GR3D_FREQ 99% cpu@61.968C soc2@61.031C soc0@61.593C gpu@63.406C tj@63.406C soc1@60.75C VDD_IN 17929mW/16872mW VDD_CPU_GPU_CV 8784mW/7997mW VDD_SOC 3995mW/3834mW
08-11-2026 15:34:32 RAM 6977/7607MB (lfb 2x4MB) SWAP 798/16384MB (cached 207MB) CPU [2%@729,2%@729,4%@729,2%@729,92%@1344,0%@1344] GR3D_FREQ 97% cpu@62.125C soc2@61.093C soc0@61.625C gpu@63.531C tj@63.531C soc1@60.812C VDD_IN 17693mW/16882mW VDD_CPU_GPU_CV 8549mW/8004mW VDD_SOC 4001mW/3836mW
08-11-2026 15:34:33 RAM 6972/7607MB (lfb 2x4MB) SWAP 797/16384MB (cached 204MB) CPU [6%@729,11%@729,18%@729,17%@729,91%@1344,3%@1344] GR3D_FREQ 98% cpu@62.062C soc2@61.062C soc0@61.843C gpu@63.437C tj@63.437C soc1@60.812C VDD_IN 17693mW/16893mW VDD_CPU_GPU_CV 8471mW/8010mW VDD_SOC 4040mW/3838mW
08-11-2026 15:34:34 RAM 6973/7607MB (lfb 2x4MB) SWAP 797/16384MB (cached 204MB) CPU [2%@729,5%@729,1%@729,4%@729,92%@1344,0%@1344] GR3D_FREQ 97% cpu@62.312C soc2@61.125C soc0@61.906C gpu@63.562C tj@63.562C soc1@60.937C VDD_IN 17683mW/16902mW VDD_CPU_GPU_CV 8354mW/8014mW VDD_SOC 4080mW/3841mW
08-11-2026 15:34:35 RAM 6977/7607MB (lfb 2x4MB) SWAP 797/16384MB (cached 204MB) CPU [10%@729,17%@729,7%@729,7%@729,92%@1344,2%@1344] GR3D_FREQ 99% cpu@62.031C soc2@61.187C soc0@61.937C gpu@63.625C tj@63.625C soc1@60.906C VDD_IN 17654mW/16912mW VDD_CPU_GPU_CV 8198mW/8017mW VDD_SOC 4158mW/3845mW
08-11-2026 15:34:36 RAM 6980/7607MB (lfb 2x4MB) SWAP 797/16384MB (cached 204MB) CPU [39%@1344,12%@1344,6%@1344,3%@1344,92%@1344,1%@1344] GR3D_FREQ 97% cpu@62.218C soc2@61.156C soc0@61.906C gpu@63.343C tj@63.343C soc1@60.906C VDD_IN 17929mW/16924mW VDD_CPU_GPU_CV 8354mW/8021mW VDD_SOC 4190mW/3849mW
08-11-2026 15:34:37 RAM 6981/7607MB (lfb 2x4MB) SWAP 797/16384MB (cached 204MB) CPU [38%@729,7%@729,22%@729,4%@729,92%@1344,1%@1344] GR3D_FREQ 99% cpu@62.468C soc2@61.25C soc0@61.843C gpu@63.125C tj@63.125C soc1@60.937C VDD_IN 17761mW/16934mW VDD_CPU_GPU_CV 7925mW/8019mW VDD_SOC 4276mW/3855mW
08-11-2026 15:34:38 RAM 6982/7607MB (lfb 2x4MB) SWAP 797/16384MB (cached 204MB) CPU [6%@729,2%@729,2%@729,0%@729,92%@1344,1%@1344] GR3D_FREQ 99% cpu@62.312C soc2@61.281C soc0@61.968C gpu@63.187C tj@63.187C soc1@61.031C VDD_IN 17486mW/16941mW VDD_CPU_GPU_CV 8211mW/8022mW VDD_SOC 4040mW/3857mW
08-11-2026 15:34:39 RAM 6982/7607MB (lfb 2x4MB) SWAP 797/16384MB (cached 204MB) CPU [4%@729,2%@729,2%@729,0%@729,92%@1344,0%@1344] GR3D_FREQ 99% cpu@62.312C soc2@61.25C soc0@62.093C gpu@63.656C tj@63.656C soc1@61.093C VDD_IN 17526mW/16948mW VDD_CPU_GPU_CV 8510mW/8028mW VDD_SOC 3923mW/3858mW
08-11-2026 15:34:40 RAM 6985/7607MB (lfb 2x4MB) SWAP 797/16384MB (cached 204MB) CPU [13%@729,6%@729,20%@729,4%@729,81%@1344,1%@1344] GR3D_FREQ 99% cpu@62.187C soc2@61.437C soc0@62.125C gpu@63.656C tj@63.656C soc1@61C VDD_IN 18125mW/16961mW VDD_CPU_GPU_CV 8823mW/8037mW VDD_SOC 4073mW/3860mW
08-11-2026 15:34:41 RAM 6985/7607MB (lfb 2x4MB) SWAP 797/16384MB (cached 204MB) CPU [3%@729,2%@729,3%@729,3%@729,98%@1344,1%@1344] GR3D_FREQ 96% cpu@62.187C soc2@61.218C soc0@61.968C gpu@63.968C tj@63.968C soc1@61.125C VDD_IN 17732mW/16970mW VDD_CPU_GPU_CV 8784mW/8045mW VDD_SOC 3883mW/3860mW
08-11-2026 15:34:42 RAM 6987/7607MB (lfb 2x4MB) SWAP 797/16384MB (cached 204MB) CPU [50%@1344,6%@1344,4%@1344,3%@1344,94%@1344,1%@1344] GR3D_FREQ 97% cpu@62.625C soc2@61.562C soc0@62C gpu@63.562C tj@63.562C soc1@61.187C VDD_IN 18164mW/16984mW VDD_CPU_GPU_CV 9174mW/8058mW VDD_SOC 3916mW/3861mW
08-11-2026 15:34:43 RAM 6988/7607MB (lfb 2x4MB) SWAP 797/16384MB (cached 204MB) CPU [22%@729,5%@729,21%@729,7%@729,92%@1344,0%@1344] GR3D_FREQ 97% cpu@62.218C soc2@61.343C soc0@62.156C gpu@63.468C tj@63.468C soc1@61.218C VDD_IN 17772mW/16993mW VDD_CPU_GPU_CV 8784mW/8066mW VDD_SOC 3962mW/3862mW
08-11-2026 15:34:44 RAM 6980/7607MB (lfb 2x4MB) SWAP 797/16384MB (cached 203MB) CPU [3%@729,2%@729,4%@729,2%@729,92%@1344,0%@1344] GR3D_FREQ 97% cpu@62.187C soc2@61.468C soc0@62.25C gpu@63.656C tj@63.656C soc1@61.125C VDD_IN 17732mW/17001mW VDD_CPU_GPU_CV 8666mW/8073mW VDD_SOC 3962mW/3863mW
08-11-2026 15:34:45 RAM 6982/7607MB (lfb 2x4MB) SWAP 797/16384MB (cached 203MB) CPU [18%@729,8%@729,5%@729,7%@729,92%@1344,1%@1344] GR3D_FREQ 97% cpu@62.281C soc2@61.5C soc0@62.218C gpu@63.562C tj@63.843C soc1@61.093C VDD_IN 17889mW/17011mW VDD_CPU_GPU_CV 8744mW/8080mW VDD_SOC 3995mW/3865mW
08-11-2026 15:34:46 RAM 6983/7607MB (lfb 2x4MB) SWAP 797/16384MB (cached 203MB) CPU [1%@729,4%@729,1%@729,1%@729,91%@1344,0%@1344] GR3D_FREQ 97% cpu@62.281C soc2@61.437C soc0@62.031C gpu@63.906C tj@63.906C soc1@61.25C VDD_IN 17722mW/17018mW VDD_CPU_GPU_CV 8549mW/8085mW VDD_SOC 4001mW/3866mW
08-11-2026 15:34:47 RAM 6983/7607MB (lfb 2x4MB) SWAP 797/16384MB (cached 203MB) CPU [2%@729,1%@729,1%@729,5%@729,93%@1344,1%@1344] GR3D_FREQ 97% cpu@62.531C soc2@61.406C soc0@62.125C gpu@63.875C tj@63.875C soc1@61.281C VDD_IN 17654mW/17025mW VDD_CPU_GPU_CV 8432mW/8089mW VDD_SOC 4040mW/3868mW
08-11-2026 15:34:48 RAM 6985/7607MB (lfb 2x4MB) SWAP 797/16384MB (cached 203MB) CPU [6%@1344,3%@1344,62%@1344,6%@1344,92%@1344,1%@1344] GR3D_FREQ 97% cpu@62.593C soc2@61.562C soc0@62.187C gpu@63.937C tj@63.937C soc1@61.375C VDD_IN 18125mW/17037mW VDD_CPU_GPU_CV 8744mW/8096mW VDD_SOC 4073mW/3870mW
08-11-2026 15:34:49 RAM 6986/7607MB (lfb 2x4MB) SWAP 797/16384MB (cached 203MB) CPU [23%@729,8%@729,7%@729,5%@729,92%@1344,0%@1344] GR3D_FREQ 98% cpu@62.375C soc2@61.562C soc0@62.375C gpu@63.937C tj@63.937C soc1@61.218C VDD_IN 17693mW/17044mW VDD_CPU_GPU_CV 8237mW/8098mW VDD_SOC 4119mW/3873mW
08-11-2026 15:34:50 RAM 6987/7607MB (lfb 2x4MB) SWAP 797/16384MB (cached 203MB) CPU [6%@729,4%@729,10%@729,2%@729,92%@1344,0%@1344] GR3D_FREQ 97% cpu@62.593C soc2@61.531C soc0@62.343C gpu@63.687C tj@63.687C soc1@61.312C VDD_IN 17722mW/17051mW VDD_CPU_GPU_CV 8120mW/8098mW VDD_SOC 4197mW/3876mW
08-11-2026 15:34:51 RAM 6992/7607MB (lfb 2x4MB) SWAP 798/16384MB (cached 203MB) CPU [5%@729,9%@729,18%@729,6%@729,95%@1344,2%@1344] GR3D_FREQ 99% cpu@62.625C soc2@61.656C soc0@62.187C gpu@63.593C tj@63.593C soc1@61.281C VDD_IN 17722mW/17058mW VDD_CPU_GPU_CV 7925mW/8096mW VDD_SOC 4276mW/3880mW
08-11-2026 15:34:52 RAM 6991/7607MB (lfb 2x4MB) SWAP 798/16384MB (cached 203MB) CPU [66%@1344,5%@1344,5%@1344,11%@1344,92%@1344,1%@1344] GR3D_FREQ 99% cpu@62.906C soc2@61.781C soc0@62.406C gpu@63.343C tj@63.343C soc1@61.343C VDD_IN 17929mW/17067mW VDD_CPU_GPU_CV 8549mW/8101mW VDD_SOC 4151mW/3883mW
08-11-2026 15:34:53 RAM 6992/7607MB (lfb 2x4MB) SWAP 798/16384MB (cached 203MB) CPU [3%@729,6%@729,3%@729,15%@729,92%@1344,1%@1344] GR3D_FREQ 99% cpu@62.281C soc2@61.656C soc0@62.437C gpu@63.875C tj@63.875C soc1@61.406C VDD_IN 17565mW/17072mW VDD_CPU_GPU_CV 8588mW/8106mW VDD_SOC 3962mW/3884mW
08-11-2026 15:34:54 RAM 6993/7607MB (lfb 2x4MB) SWAP 798/16384MB (cached 203MB) CPU [7%@1344,3%@1344,68%@1344,9%@1344,92%@1344,1%@1344] GR3D_FREQ 99% cpu@62.75C soc2@61.75C soc0@62.437C gpu@64C tj@64C soc1@61.343C VDD_IN 18282mW/17084mW VDD_CPU_GPU_CV 9096mW/8116mW VDD_SOC 4034mW/3885mW
08-11-2026 15:34:55 RAM 6993/7607MB (lfb 2x4MB) SWAP 798/16384MB (cached 203MB) CPU [9%@729,3%@729,1%@729,14%@729,95%@1190,0%@1190] GR3D_FREQ 97% cpu@62.593C soc2@61.687C soc0@62.281C gpu@63.937C tj@64.125C soc1@61.343C VDD_IN 17693mW/17090mW VDD_CPU_GPU_CV 8784mW/8122mW VDD_SOC 3923mW/3886mW
08-11-2026 15:34:56 RAM 6995/7607MB (lfb 2x4MB) SWAP 798/16384MB (cached 203MB) CPU [15%@729,8%@729,3%@729,13%@729,96%@1344,0%@1344] GR3D_FREQ 97% cpu@62.562C soc2@61.687C soc0@62.375C gpu@64.25C tj@64.25C soc1@61.5C VDD_IN 17850mW/17097mW VDD_CPU_GPU_CV 8862mW/8129mW VDD_SOC 3916mW/3886mW
08-11-2026 15:34:57 RAM 6996/7607MB (lfb 2x4MB) SWAP 798/16384MB (cached 203MB) CPU [2%@729,4%@729,2%@729,0%@729,93%@1344,0%@1344] GR3D_FREQ 98% cpu@62.687C soc2@61.812C soc0@62.437C gpu@64.218C tj@64.218C soc1@61.531C VDD_IN 17772mW/17104mW VDD_CPU_GPU_CV 8705mW/8135mW VDD_SOC 3955mW/3887mW
08-11-2026 15:34:58 RAM 6996/7607MB (lfb 2x4MB) SWAP 798/16384MB (cached 203MB) CPU [8%@729,2%@729,2%@729,2%@729,92%@1344,0%@1344] GR3D_FREQ 97% cpu@62.406C soc2@61.75C soc0@62.375C gpu@64.25C tj@64.25C soc1@61.562C VDD_IN 17772mW/17110mW VDD_CPU_GPU_CV 8744mW/8141mW VDD_SOC 3955mW/3887mW
08-11-2026 15:34:59 RAM 6997/7607MB (lfb 2x4MB) SWAP 798/16384MB (cached 203MB) CPU [0%@729,4%@729,4%@729,1%@729,92%@1344,0%@1344] GR3D_FREQ 99% cpu@62.562C soc2@61.687C soc0@62.562C gpu@64.343C tj@64.343C soc1@61.437C VDD_IN 17732mW/17116mW VDD_CPU_GPU_CV 8627mW/8145mW VDD_SOC 3995mW/3888mW
08-11-2026 15:35:00 RAM 7000/7607MB (lfb 2x4MB) SWAP 798/16384MB (cached 203MB) CPU [85%@1344,10%@1344,4%@1344,2%@1344,92%@1344,1%@1344] GR3D_FREQ 97% cpu@62.968C soc2@61.875C soc0@62.437C gpu@64.343C tj@64.343C soc1@61.468C VDD_IN 18242mW/17127mW VDD_CPU_GPU_CV 9003mW/8154mW VDD_SOC 3995mW/3889mW
08-11-2026 15:35:01 RAM 7002/7607MB (lfb 2x4MB) SWAP 798/16384MB (cached 203MB) CPU [4%@729,21%@729,12%@729,5%@729,92%@1344,2%@1344] GR3D_FREQ 99% cpu@63C soc2@61.781C soc0@62.468C gpu@64.375C tj@64.093C soc1@61.562C VDD_IN 17811mW/17133mW VDD_CPU_GPU_CV 8549mW/8157mW VDD_SOC 4034mW/3891mW
08-11-2026 15:35:02 RAM 7002/7607MB (lfb 2x4MB) SWAP 798/16384MB (cached 203MB) CPU [0%@729,2%@729,5%@729,3%@729,43%@1344,50%@1344] GR3D_FREQ 97% cpu@62.906C soc2@61.812C soc0@62.562C gpu@64.156C tj@64.156C soc1@61.593C VDD_IN 17693mW/17138mW VDD_CPU_GPU_CV 8354mW/8159mW VDD_SOC 4080mW/3892mW
08-11-2026 15:35:03 RAM 7002/7607MB (lfb 2x4MB) SWAP 798/16384MB (cached 203MB) CPU [2%@729,2%@729,4%@729,1%@729,0%@1344,93%@1344] GR3D_FREQ 98% cpu@62.718C soc2@61.843C soc0@62.562C gpu@64.125C tj@64.125C soc1@61.5C VDD_IN 17683mW/17143mW VDD_CPU_GPU_CV 8159mW/8159mW VDD_SOC 4119mW/3895mW
08-11-2026 15:35:04 RAM 7002/7607MB (lfb 2x4MB) SWAP 798/16384MB (cached 203MB) CPU [2%@729,2%@729,4%@729,1%@729,0%@1344,92%@1344] GR3D_FREQ 97% cpu@62.812C soc2@61.781C soc0@62.656C gpu@64.062C tj@64.062C soc1@61.5C VDD_IN 17683mW/17148mW VDD_CPU_GPU_CV 8081mW/8158mW VDD_SOC 4158mW/3897mW
08-11-2026 15:35:05 RAM 7002/7607MB (lfb 2x4MB) SWAP 798/16384MB (cached 203MB) CPU [1%@1113,2%@1113,5%@1113,3%@1113,0%@1344,92%@1344] GR3D_FREQ 97% cpu@63.062C soc2@61.843C soc0@62.468C gpu@64.093C tj@64.093C soc1@61.531C VDD_IN 17643mW/17153mW VDD_CPU_GPU_CV 7938mW/8156mW VDD_SOC 4237mW/3900mW
08-11-2026 15:35:06 RAM 6996/7607MB (lfb 2x4MB) SWAP 798/16384MB (cached 203MB) CPU [32%@729,71%@729,8%@729,15%@729,4%@1344,92%@1344] GR3D_FREQ 99% cpu@63.468C soc2@62.062C soc0@62.593C gpu@64C tj@64C soc1@61.656C VDD_IN 18046mW/17161mW VDD_CPU_GPU_CV 8471mW/8159mW VDD_SOC 4151mW/3902mW
08-11-2026 15:35:07 RAM 6996/7607MB (lfb 2x4MB) SWAP 798/16384MB (cached 203MB) CPU [2%@729,1%@729,4%@729,1%@729,2%@1344,91%@1344] GR3D_FREQ 99% cpu@62.875C soc2@61.968C soc0@62.625C gpu@64.156C tj@64.156C soc1@61.812C VDD_IN 17526mW/17164mW VDD_CPU_GPU_CV 8510mW/8162mW VDD_SOC 3962mW/3903mW
08-11-2026 15:35:08 RAM 6996/7607MB (lfb 2x4MB) SWAP 798/16384MB (cached 203MB) CPU [2%@729,2%@729,1%@729,2%@729,0%@1344,93%@1344] GR3D_FREQ 99% cpu@62.656C soc2@62.031C soc0@62.593C gpu@64.125C tj@64.125C soc1@61.625C VDD_IN 17693mW/17169mW VDD_CPU_GPU_CV 8627mW/8166mW VDD_SOC 4001mW/3904mW
08-11-2026 15:35:09 RAM 6996/7607MB (lfb 2x4MB) SWAP 798/16384MB (cached 203MB) CPU [1%@729,1%@729,1%@729,8%@729,0%@1036,95%@1036] GR3D_FREQ 98% cpu@62.75C soc2@61.906C soc0@62.718C gpu@64.062C tj@64.062C soc1@61.625C VDD_IN 17722mW/17173mW VDD_CPU_GPU_CV 8705mW/8171mW VDD_SOC 3962mW/3904mW
08-11-2026 15:35:10 RAM 6996/7607MB (lfb 2x4MB) SWAP 798/16384MB (cached 203MB) CPU [2%@729,2%@729,3%@729,5%@729,0%@1344,97%@1344] GR3D_FREQ 97% cpu@62.968C soc2@61.937C soc0@62.625C gpu@64.343C tj@64.343C soc1@61.75C VDD_IN 17772mW/17179mW VDD_CPU_GPU_CV 8823mW/8177mW VDD_SOC 3923mW/3904mW
08-11-2026 15:35:11 RAM 6998/7607MB (lfb 2x4MB) SWAP 798/16384MB (cached 203MB) CPU [17%@1344,22%@1344,6%@1344,12%@1344,1%@1344,92%@1344] GR3D_FREQ 99% cpu@63.156C soc2@62.156C soc0@62.812C gpu@64.375C tj@64.375C soc1@61.812C VDD_IN 18203mW/17187mW VDD_CPU_GPU_CV 9018mW/8184mW VDD_SOC 3955mW/3905mW
08-11-2026 15:35:12 RAM 6999/7607MB (lfb 2x4MB) SWAP 798/16384MB (cached 203MB) CPU [57%@729,4%@729,21%@729,10%@729,0%@1344,92%@1344] GR3D_FREQ 97% cpu@62.937C soc2@62C soc0@62.75C gpu@64.531C tj@64.531C soc1@61.687C VDD_IN 18125mW/17195mW VDD_CPU_GPU_CV 8979mW/8191mW VDD_SOC 3955mW/3905mW
08-11-2026 15:35:13 RAM 7000/7607MB (lfb 2x4MB) SWAP 798/16384MB (cached 203MB) CPU [2%@729,1%@729,6%@729,2%@729,1%@1344,92%@1344] GR3D_FREQ 98% cpu@62.968C soc2@62C soc0@62.937C gpu@64.437C tj@64.437C soc1@61.656C VDD_IN 17772mW/17200mW VDD_CPU_GPU_CV 8627mW/8194mW VDD_SOC 3995mW/3906mW
08-11-2026 15:35:14 RAM 7001/7607MB (lfb 2x4MB) SWAP 798/16384MB (cached 203MB) CPU [4%@729,3%@729,2%@729,2%@729,0%@1344,92%@1344] GR3D_FREQ 97% cpu@63.125C soc2@62.031C soc0@62.687C gpu@64.312C tj@64.312C soc1@61.812C VDD_IN 17732mW/17205mW VDD_CPU_GPU_CV 8588mW/8198mW VDD_SOC 4001mW/3907mW
08-11-2026 15:35:15 RAM 7001/7607MB (lfb 2x4MB) SWAP 798/16384MB (cached 203MB) CPU [1%@729,1%@729,5%@729,2%@729,2%@1344,92%@1344] GR3D_FREQ 97% cpu@62.968C soc2@62.093C soc0@62.781C gpu@64.312C tj@64.312C soc1@61.937C VDD_IN 17693mW/17209mW VDD_CPU_GPU_CV 8510mW/8200mW VDD_SOC 4040mW/3908mW
08-11-2026 15:35:16 RAM 7002/7607MB (lfb 2x4MB) SWAP 798/16384MB (cached 203MB) CPU [4%@1190,3%@1190,1%@1190,7%@1190,0%@1344,92%@1344] GR3D_FREQ 97% cpu@63.312C soc2@62.156C soc0@62.812C gpu@64.312C tj@64.312C soc1@61.937C VDD_IN 17732mW/17213mW VDD_CPU_GPU_CV 8432mW/8202mW VDD_SOC 4080mW/3909mW
08-11-2026 15:35:17 RAM 6997/7607MB (lfb 2x4MB) SWAP 797/16384MB (cached 203MB) CPU [19%@1344,9%@1344,27%@1344,12%@1344,1%@1344,92%@1344] GR3D_FREQ 97% cpu@63.312C soc2@62.25C soc0@62.968C gpu@64.343C tj@64.343C soc1@61.781C VDD_IN 17968mW/17219mW VDD_CPU_GPU_CV 8549mW/8205mW VDD_SOC 4112mW/3911mW
08-11-2026 15:35:18 RAM 6998/7607MB (lfb 2x4MB) SWAP 797/16384MB (cached 203MB) CPU [23%@729,3%@729,44%@729,6%@729,1%@1344,92%@1344] GR3D_FREQ 97% cpu@63.125C soc2@62.156C soc0@62.937C gpu@64.406C tj@64.406C soc1@61.812C VDD_IN 17889mW/17224mW VDD_CPU_GPU_CV 8354mW/8206mW VDD_SOC 4151mW/3913mW
08-11-2026 15:35:19 RAM 6999/7607MB (lfb 2x4MB) SWAP 797/16384MB (cached 203MB) CPU [1%@729,2%@729,2%@729,2%@729,1%@1344,92%@1344] GR3D_FREQ 97% cpu@63.375C soc2@62.156C soc0@62.812C gpu@64.25C tj@64.25C soc1@61.843C VDD_IN 17643mW/17228mW VDD_CPU_GPU_CV 7925mW/8204mW VDD_SOC 4237mW/3915mW
08-11-2026 15:35:20 RAM 6999/7607MB (lfb 2x4MB) SWAP 797/16384MB (cached 203MB) CPU [3%@729,7%@729,1%@729,2%@729,3%@1344,93%@1344] GR3D_FREQ 99% cpu@63.281C soc2@62.187C soc0@62.812C gpu@64.093C tj@64.093C soc1@61.906C VDD_IN 17526mW/17230mW VDD_CPU_GPU_CV 7925mW/8202mW VDD_SOC 4197mW/3918mW
08-11-2026 15:35:21 RAM 7000/7607MB (lfb 2x4MB) SWAP 797/16384MB (cached 203MB) CPU [3%@729,3%@729,0%@729,3%@729,0%@1344,91%@1344] GR3D_FREQ 99% cpu@63.5C soc2@62.125C soc0@62.781C gpu@64.562C tj@64.562C soc1@61.968C VDD_IN 17565mW/17233mW VDD_CPU_GPU_CV 8432mW/8203mW VDD_SOC 4001mW/3918mW
08-11-2026 15:35:22 RAM 7005/7607MB (lfb 2x4MB) SWAP 797/16384MB (cached 203MB) CPU [25%@729,28%@729,23%@729,32%@729,19%@1344,92%@1344] GR3D_FREQ 99% cpu@63C soc2@62.312C soc0@62.968C gpu@64.781C tj@64.781C soc1@61.843C VDD_IN 17968mW/17238mW VDD_CPU_GPU_CV 8901mW/8209mW VDD_SOC 3995mW/3919mW
08-11-2026 15:35:23 RAM 7001/7607MB (lfb 2x4MB) SWAP 797/16384MB (cached 202MB) CPU [39%@1344,5%@1344,6%@1344,5%@1344,1%@806,95%@806] GR3D_FREQ 99% cpu@63.281C soc2@62.406C soc0@63.093C gpu@64.875C tj@64.875C soc1@61.906C VDD_IN 18164mW/17246mW VDD_CPU_GPU_CV 9174mW/8216mW VDD_SOC 3955mW/3919mW
08-11-2026 15:35:24 RAM 7002/7607MB (lfb 2x4MB) SWAP 797/16384MB (cached 202MB) CPU [30%@729,8%@729,7%@729,18%@729,1%@1344,97%@1344] GR3D_FREQ 97% cpu@63.312C soc2@62.281C soc0@63C gpu@64.906C tj@64.906C soc1@61.906C VDD_IN 17968mW/17251mW VDD_CPU_GPU_CV 8979mW/8222mW VDD_SOC 3916mW/3919mW
08-11-2026 15:35:25 RAM 7002/7607MB (lfb 2x4MB) SWAP 797/16384MB (cached 202MB) CPU [3%@729,4%@729,2%@729,2%@729,0%@1344,92%@1344] GR3D_FREQ 98% cpu@63.125C soc2@62.187C soc0@63C gpu@64.531C tj@64.531C soc1@62.062C VDD_IN 17811mW/17255mW VDD_CPU_GPU_CV 8784mW/8227mW VDD_SOC 3955mW/3919mW
08-11-2026 15:35:26 RAM 7003/7607MB (lfb 2x4MB) SWAP 797/16384MB (cached 202MB) CPU [1%@729,5%@729,1%@729,2%@729,1%@1344,91%@1344] GR3D_FREQ 97% cpu@63.437C soc2@62.25C soc0@63.062C gpu@64.593C tj@64.593C soc1@62.031C VDD_IN 17772mW/17259mW VDD_CPU_GPU_CV 8744mW/8230mW VDD_SOC 3962mW/3920mW
08-11-2026 15:35:27 RAM 7009/7607MB (lfb 2x4MB) SWAP 797/16384MB (cached 202MB) CPU [6%@729,10%@729,12%@729,5%@729,1%@1344,93%@1344] GR3D_FREQ 97% cpu@63.093C soc2@62.343C soc0@63.062C gpu@64.656C tj@64.656C soc1@61.937C VDD_IN 17889mW/17264mW VDD_CPU_GPU_CV 8744mW/8234mW VDD_SOC 3995mW/3920mW
08-11-2026 15:35:28 RAM 7010/7607MB (lfb 2x4MB) SWAP 797/16384MB (cached 202MB) CPU [4%@729,3%@729,3%@729,1%@729,0%@1344,92%@1344] GR3D_FREQ 97% cpu@63.093C soc2@62.187C soc0@62.906C gpu@64.687C tj@64.687C soc1@61.937C VDD_IN 17811mW/17268mW VDD_CPU_GPU_CV 8627mW/8237mW VDD_SOC 3995mW/3921mW
08-11-2026 15:35:29 RAM 7008/7607MB (lfb 2x4MB) SWAP 798/16384MB (cached 202MB) CPU [6%@1344,5%@1344,52%@1344,3%@1344,3%@1344,92%@1344] GR3D_FREQ 97% cpu@63.812C soc2@62.343C soc0@63C gpu@64.656C tj@64.656C soc1@62C VDD_IN 18164mW/17275mW VDD_CPU_GPU_CV 8901mW/8242mW VDD_SOC 4034mW/3922mW
08-11-2026 15:35:30 RAM 7009/7607MB (lfb 2x4MB) SWAP 798/16384MB (cached 202MB) CPU [4%@729,11%@729,20%@729,21%@729,0%@1344,92%@1344] GR3D_FREQ 97% cpu@63.156C soc2@62.343C soc0@63C gpu@64.687C tj@64.687C soc1@62.031C VDD_IN 17850mW/17279mW VDD_CPU_GPU_CV 8549mW/8244mW VDD_SOC 4073mW/3923mW
08-11-2026 15:35:31 RAM 7009/7607MB (lfb 2x4MB) SWAP 798/16384MB (cached 202MB) CPU [4%@729,5%@729,2%@729,1%@729,0%@1344,92%@1344] GR3D_FREQ 97% cpu@63.531C soc2@62.343C soc0@62.968C gpu@64.687C tj@64.687C soc1@62.125C VDD_IN 17693mW/17282mW VDD_CPU_GPU_CV 8315mW/8245mW VDD_SOC 4119mW/3924mW
08-11-2026 15:35:32 RAM 7015/7607MB (lfb 2x4MB) SWAP 798/16384MB (cached 202MB) CPU [5%@729,11%@729,4%@729,19%@729,0%@1344,92%@1344] GR3D_FREQ 97% cpu@63.125C soc2@62.375C soc0@63.093C gpu@64.468C tj@64.468C soc1@61.968C VDD_IN 17889mW/17286mW VDD_CPU_GPU_CV 8354mW/8246mW VDD_SOC 4151mW/3926mW
08-11-2026 15:35:33 RAM 7015/7607MB (lfb 2x4MB) SWAP 798/16384MB (cached 202MB) CPU [1%@729,4%@729,3%@729,1%@729,0%@1344,92%@1344] GR3D_FREQ 97% cpu@63.312C soc2@62.375C soc0@63.093C gpu@64.406C tj@64.406C soc1@62C VDD_IN 17683mW/17289mW VDD_CPU_GPU_CV 7964mW/8244mW VDD_SOC 4230mW/3928mW
08-11-2026 15:35:34 RAM 7016/7607MB (lfb 2x4MB) SWAP 798/16384MB (cached 202MB) CPU [2%@729,5%@729,1%@729,1%@729,0%@1344,92%@1344] GR3D_FREQ 99% cpu@63.718C soc2@62.343C soc0@63C gpu@63.906C tj@63.906C soc1@62.031C VDD_IN 17565mW/17291mW VDD_CPU_GPU_CV 7820mW/8241mW VDD_SOC 4237mW/3930mW
08-11-2026 15:35:35 RAM 7018/7607MB (lfb 2x4MB) SWAP 798/16384MB (cached 202MB) CPU [7%@1344,4%@1344,64%@1344,3%@1344,0%@1344,92%@1344] GR3D_FREQ 99% cpu@63.468C soc2@62.406C soc0@63.093C gpu@64.562C tj@64.562C soc1@62.093C VDD_IN 17929mW/17296mW VDD_CPU_GPU_CV 8823mW/8245mW VDD_SOC 3995mW/3931mW
08-11-2026 15:35:36 RAM 7019/7607MB (lfb 2x4MB) SWAP 798/16384MB (cached 202MB) CPU [22%@729,6%@729,8%@729,3%@729,0%@1344,92%@1344] GR3D_FREQ 99% cpu@63.25C soc2@62.375C soc0@63.062C gpu@64.656C tj@64.656C soc1@62.031C VDD_IN 17693mW/17299mW VDD_CPU_GPU_CV 8627mW/8247mW VDD_SOC 4001mW/3931mW
08-11-2026 15:35:37 RAM 7020/7607MB (lfb 2x4MB) SWAP 798/16384MB (cached 202MB) CPU [3%@729,3%@729,6%@729,7%@729,2%@729,93%@729] GR3D_FREQ 99% cpu@63.25C soc2@62.406C soc0@63.125C gpu@65.062C tj@65.062C soc1@62C VDD_IN 18046mW/17304mW VDD_CPU_GPU_CV 9018mW/8253mW VDD_SOC 3995mW/3932mW
08-11-2026 15:35:38 RAM 7021/7607MB (lfb 2x4MB) SWAP 798/16384MB (cached 202MB) CPU [7%@729,7%@729,6%@729,7%@729,0%@1344,99%@1344] GR3D_FREQ 97% cpu@63.312C soc2@62.312C soc0@63.093C gpu@64.937C tj@64.937C soc1@62.062C VDD_IN 17850mW/17308mW VDD_CPU_GPU_CV 8862mW/8257mW VDD_SOC 3916mW/3932mW
08-11-2026 15:35:39 RAM 7021/7607MB (lfb 2x4MB) SWAP 798/16384MB (cached 202MB) CPU [2%@729,4%@729,1%@729,0%@729,1%@1344,92%@1344] GR3D_FREQ 97% cpu@63.468C soc2@62.312C soc0@63.093C gpu@64.875C tj@64.875C soc1@62.093C VDD_IN 17801mW/17311mW VDD_CPU_GPU_CV 8705mW/8260mW VDD_SOC 3962mW/3932mW
08-11-2026 15:35:40 RAM 7022/7607MB (lfb 2x4MB) SWAP 798/16384MB (cached 202MB) CPU [2%@1113,2%@1113,2%@1113,6%@1113,0%@1344,92%@1344] GR3D_FREQ 97% cpu@63.125C soc2@62.406C soc0@63.093C gpu@64.968C tj@64.968C soc1@62.187C VDD_IN 17811mW/17314mW VDD_CPU_GPU_CV 8784mW/8264mW VDD_SOC 3962mW/3932mW
08-11-2026 15:35:41 RAM 7018/7607MB (lfb 2x4MB) SWAP 798/16384MB (cached 201MB) CPU [67%@1344,5%@1344,4%@1344,9%@1344,4%@1344,93%@1344] GR3D_FREQ 97% cpu@63.562C soc2@62.468C soc0@63.156C gpu@64.687C tj@64.687C soc1@62.093C VDD_IN 18321mW/17321mW VDD_CPU_GPU_CV 9120mW/8270mW VDD_SOC 3995mW/3932mW
08-11-2026 15:35:42 RAM 7021/7607MB (lfb 2x4MB) SWAP 798/16384MB (cached 201MB) CPU [2%@1344,6%@1344,5%@1344,11%@1344,0%@1344,92%@1344] GR3D_FREQ 97% cpu@63.437C soc2@62.312C soc0@63.093C gpu@64.937C tj@64.937C soc1@62.062C VDD_IN 17850mW/17325mW VDD_CPU_GPU_CV 8705mW/8273mW VDD_SOC 3995mW/3933mW
08-11-2026 15:35:43 RAM 7023/7607MB (lfb 2x4MB) SWAP 798/16384MB (cached 201MB) CPU [17%@1113,5%@1113,4%@1113,11%@1113,3%@1344,92%@1344] GR3D_FREQ 97% cpu@63.687C soc2@62.468C soc0@63.093C gpu@64.906C tj@64.906C soc1@62.218C VDD_IN 17772mW/17328mW VDD_CPU_GPU_CV 8588mW/8275mW VDD_SOC 4040mW/3934mW
08-11-2026 15:35:44 RAM 7024/7607MB (lfb 2x4MB) SWAP 798/16384MB (cached 201MB) CPU [2%@729,2%@729,1%@729,1%@729,3%@1344,92%@1344] GR3D_FREQ 97% cpu@63.312C soc2@62.5C soc0@63.187C gpu@64.875C tj@64.875C soc1@62.125C VDD_IN 17693mW/17330mW VDD_CPU_GPU_CV 8432mW/8276mW VDD_SOC 4040mW/3934mW
08-11-2026 15:35:45 RAM 7024/7607MB (lfb 2x4MB) SWAP 798/16384MB (cached 201MB) CPU [2%@729,0%@729,4%@729,2%@729,0%@1344,92%@1344] GR3D_FREQ 97% cpu@63.437C soc2@62.437C soc0@63.156C gpu@64.562C tj@64.562C soc1@62.156C VDD_IN 17643mW/17332mW VDD_CPU_GPU_CV 8276mW/8276mW VDD_SOC 4080mW/3935mW
08-11-2026 15:35:46 RAM 7025/7607MB (lfb 2x4MB) SWAP 798/16384MB (cached 201MB) CPU [2%@1344,2%@1344,3%@1344,2%@1344,0%@1344,92%@1344] GR3D_FREQ 97% cpu@63.562C soc2@62.5C soc0@63.093C gpu@64.437C tj@64.437C soc1@62.187C VDD_IN 17526mW/17334mW VDD_CPU_GPU_CV 8081mW/8274mW VDD_SOC 4119mW/3936mW
08-11-2026 15:35:47 RAM 7022/7607MB (lfb 2x4MB) SWAP 798/16384MB (cached 201MB) CPU [56%@729,20%@729,6%@729,5%@729,17%@1344,91%@1344] GR3D_FREQ 97% cpu@63.687C soc2@62.562C soc0@63.187C gpu@64.531C tj@64.531C soc1@62.218C VDD_IN 17968mW/17338mW VDD_CPU_GPU_CV 8354mW/8275mW VDD_SOC 4190mW/3938mW
08-11-2026 15:35:48 RAM 7023/7607MB (lfb 2x4MB) SWAP 798/16384MB (cached 201MB) CPU [4%@729,8%@729,20%@729,11%@729,1%@1344,92%@1344] GR3D_FREQ 99% cpu@63.906C soc2@62.593C soc0@63.187C gpu@64.312C tj@64.312C soc1@62.343C VDD_IN 17526mW/17339mW VDD_CPU_GPU_CV 7781mW/8272mW VDD_SOC 4237mW/3940mW
08-11-2026 15:35:49 RAM 7024/7607MB (lfb 2x4MB) SWAP 798/16384MB (cached 201MB) CPU [1%@729,2%@729,4%@729,2%@729,1%@1344,92%@1344] GR3D_FREQ 99% cpu@63.5C soc2@62.562C soc0@63.25C gpu@64.781C tj@64.781C soc1@62.125C VDD_IN 17408mW/17339mW VDD_CPU_GPU_CV 8290mW/8272mW VDD_SOC 4001mW/3940mW
08-11-2026 15:35:50 RAM 7024/7607MB (lfb 2x4MB) SWAP 798/16384MB (cached 201MB) CPU [4%@729,2%@729,2%@729,6%@729,1%@1344,93%@1344] GR3D_FREQ 99% cpu@63.375C soc2@62.531C soc0@63.093C gpu@64.875C tj@64.875C soc1@62.156C VDD_IN 17486mW/17340mW VDD_CPU_GPU_CV 8432mW/8273mW VDD_SOC 3962mW/3941mW
08-11-2026 15:35:51 RAM 7025/7607MB (lfb 2x4MB) SWAP 798/16384MB (cached 201MB) CPU [0%@729,2%@729,5%@729,3%@729,0%@1344,91%@1344] GR3D_FREQ 99% cpu@63.656C soc2@62.593C soc0@63.156C gpu@65.031C tj@65.031C soc1@62.281C VDD_IN 17889mW/17344mW VDD_CPU_GPU_CV 8705mW/8276mW VDD_SOC 4034mW/3941mW
08-11-2026 15:35:52 RAM 7026/7607MB (lfb 2x4MB) SWAP 798/16384MB (cached 201MB) CPU [4%@1190,1%@1190,5%@1190,2%@1190,3%@1344,99%@1344] GR3D_FREQ 97% cpu@63.312C soc2@62.531C soc0@63.218C gpu@65.031C tj@65.031C soc1@62.312C VDD_IN 17693mW/17346mW VDD_CPU_GPU_CV 8784mW/8279mW VDD_SOC 3923mW/3941mW
08-11-2026 15:35:53 RAM 7024/7607MB (lfb 2x4MB) SWAP 798/16384MB (cached 201MB) CPU [8%@729,68%@729,15%@729,26%@729,5%@1344,94%@1344] GR3D_FREQ 97% cpu@63.468C soc2@62.687C soc0@63.187C gpu@64.875C tj@64.875C soc1@62.187C VDD_IN 18203mW/17352mW VDD_CPU_GPU_CV 9135mW/8284mW VDD_SOC 3916mW/3941mW
08-11-2026 15:35:54 RAM 7025/7607MB (lfb 2x4MB) SWAP 798/16384MB (cached 201MB) CPU [3%@729,4%@729,3%@729,1%@729,0%@1344,92%@1344] GR3D_FREQ 97% cpu@63.312C soc2@62.437C soc0@63.343C gpu@64.875C tj@64.875C soc1@62.25C VDD_IN 17654mW/17353mW VDD_CPU_GPU_CV 8666mW/8287mW VDD_SOC 3923mW/3941mW
08-11-2026 15:35:55 RAM 7025/7607MB (lfb 2x4MB) SWAP 798/16384MB (cached 201MB) CPU [2%@729,1%@729,4%@729,3%@729,0%@1344,92%@1344] GR3D_FREQ 97% cpu@63.468C soc2@62.531C soc0@63.062C gpu@64.906C tj@64.906C soc1@62.25C VDD_IN 17683mW/17355mW VDD_CPU_GPU_CV 8627mW/8289mW VDD_SOC 3962mW/3941mW
08-11-2026 15:35:56 RAM 7026/7607MB (lfb 2x4MB) SWAP 798/16384MB (cached 201MB) CPU [2%@729,1%@729,5%@729,2%@729,0%@1344,92%@1344] GR3D_FREQ 97% cpu@63.625C soc2@62.531C soc0@63.218C gpu@64.843C tj@64.843C soc1@62.281C VDD_IN 17643mW/17357mW VDD_CPU_GPU_CV 8510mW/8290mW VDD_SOC 3962mW/3941mW
08-11-2026 15:35:57 RAM 7027/7607MB (lfb 2x4MB) SWAP 798/16384MB (cached 201MB) CPU [3%@729,2%@729,4%@729,2%@729,0%@1344,92%@1344] GR3D_FREQ 97% cpu@63.312C soc2@62.5C soc0@63.25C gpu@64.937C tj@64.937C soc1@62.312C VDD_IN 17604mW/17359mW VDD_CPU_GPU_CV 8471mW/8291mW VDD_SOC 4001mW/3941mW
08-11-2026 15:35:58 RAM 7030/7607MB (lfb 2x4MB) SWAP 798/16384MB (cached 201MB) CPU [11%@1344,4%@1344,22%@1344,16%@1344,0%@1344,92%@1344] GR3D_FREQ 97% cpu@63.687C soc2@62.625C soc0@63.343C gpu@64.906C tj@64.593C soc1@62.187C VDD_IN 17929mW/17362mW VDD_CPU_GPU_CV 8627mW/8293mW VDD_SOC 4034mW/3942mW
08-11-2026 15:35:59 RAM 7031/7607MB (lfb 2x4MB) SWAP 798/16384MB (cached 201MB) CPU [3%@729,8%@729,70%@729,5%@729,0%@1344,92%@1344] GR3D_FREQ 97% cpu@63.5C soc2@62.625C soc0@63.375C gpu@64.812C tj@64.812C soc1@62.218C VDD_IN 17850mW/17365mW VDD_CPU_GPU_CV 8510mW/8295mW VDD_SOC 4073mW/3943mW
08-11-2026 15:36:00 RAM 7032/7607MB (lfb 2x4MB) SWAP 798/16384MB (cached 201MB) CPU [7%@729,2%@729,3%@729,6%@729,0%@1344,92%@1344] GR3D_FREQ 97% cpu@63.531C soc2@62.593C soc0@63.218C gpu@64.687C tj@64.687C soc1@62.281C VDD_IN 17565mW/17366mW VDD_CPU_GPU_CV 8081mW/8293mW VDD_SOC 4119mW/3944mW
08-11-2026 15:36:01 RAM 7032/7607MB (lfb 2x4MB) SWAP 798/16384MB (cached 201MB) CPU [6%@729,0%@729,1%@729,2%@729,0%@1344,92%@1344] GR3D_FREQ 97% cpu@63.75C soc2@62.531C soc0@63.25C gpu@64.781C tj@64.781C soc1@62.25C VDD_IN 17526mW/17367mW VDD_CPU_GPU_CV 7925mW/8291mW VDD_SOC 4197mW/3945mW
08-11-2026 15:36:02 RAM 7033/7607MB (lfb 2x4MB) SWAP 798/16384MB (cached 201MB) CPU [3%@729,3%@729,4%@1344,2%@1344,0%@1344,92%@1344] GR3D_FREQ 99% cpu@63.718C soc2@62.593C soc0@63.312C gpu@64.25C tj@64.25C soc1@62.343C VDD_IN 17447mW/17368mW VDD_CPU_GPU_CV 7664mW/8287mW VDD_SOC 4276mW/3947mW
08-11-2026 15:36:03 RAM 7033/7607MB (lfb 2x4MB) SWAP 798/16384MB (cached 201MB) CPU [1%@729,5%@729,0%@729,2%@729,0%@1344,92%@1344] GR3D_FREQ 99% cpu@63.718C soc2@62.625C soc0@63.281C gpu@64.531C tj@64.531C soc1@62.218C VDD_IN 17447mW/17368mW VDD_CPU_GPU_CV 8159mW/8287mW VDD_SOC 4080mW/3948mW
08-11-2026 15:36:04 RAM 7032/7607MB (lfb 2x4MB) SWAP 798/16384MB (cached 200MB) CPU [39%@1344,9%@1344,13%@1344,6%@1344,1%@1344,92%@1344] GR3D_FREQ 99% cpu@63.562C soc2@62.656C soc0@63.375C gpu@64.968C tj@64.968C soc1@62.312C VDD_IN 17772mW/17371mW VDD_CPU_GPU_CV 8784mW/8290mW VDD_SOC 3962mW/3948mW
08-11-2026 15:36:05 RAM 7032/7607MB (lfb 2x4MB) SWAP 798/16384MB (cached 200MB) CPU [46%@729,4%@729,21%@729,7%@729,1%@1344,91%@1344] GR3D_FREQ 99% cpu@63.5C soc2@62.687C soc0@63.156C gpu@65.187C tj@65.187C soc1@62.281C VDD_IN 18125mW/17375mW VDD_CPU_GPU_CV 8940mW/8293mW VDD_SOC 4073mW/3949mW
08-11-2026 15:36:06 RAM 7032/7607MB (lfb 2x4MB) SWAP 798/16384MB (cached 200MB) CPU [2%@729,4%@729,2%@729,2%@729,1%@1344,98%@1344] GR3D_FREQ 97% cpu@63.593C soc2@62.593C soc0@63.312C gpu@65.062C tj@65.062C soc1@62.312C VDD_IN 17683mW/17377mW VDD_CPU_GPU_CV 8705mW/8296mW VDD_SOC 3923mW/3949mW
08-11-2026 15:36:07 RAM 7032/7607MB (lfb 2x4MB) SWAP 798/16384MB (cached 200MB) CPU [3%@729,2%@729,3%@729,1%@729,2%@1344,94%@1344] GR3D_FREQ 97% cpu@63.343C soc2@62.593C soc0@63.25C gpu@65.093C tj@65.093C soc1@62.406C VDD_IN 17693mW/17379mW VDD_CPU_GPU_CV 8705mW/8298mW VDD_SOC 3916mW/3949mW
08-11-2026 15:36:08 RAM 7033/7607MB (lfb 2x4MB) SWAP 798/16384MB (cached 200MB) CPU [3%@729,3%@729,5%@729,1%@729,0%@1344,93%@1344] GR3D_FREQ 97% cpu@63.468C soc2@62.593C soc0@63.406C gpu@65.062C tj@65.062C soc1@62.218C VDD_IN 17654mW/17380mW VDD_CPU_GPU_CV 8666mW/8300mW VDD_SOC 3923mW/3948mW
08-11-2026 15:36:09 RAM 7034/7607MB (lfb 2x4MB) SWAP 798/16384MB (cached 200MB) CPU [13%@729,9%@729,11%@729,3%@729,0%@1344,92%@1344] GR3D_FREQ 97% cpu@63.625C soc2@62.593C soc0@63.218C gpu@65.156C tj@64.968C soc1@62.281C VDD_IN 17693mW/17382mW VDD_CPU_GPU_CV 8666mW/8302mW VDD_SOC 3962mW/3949mW
08-11-2026 15:36:10 RAM 7036/7607MB (lfb 2x4MB) SWAP 798/16384MB (cached 200MB) CPU [41%@1344,7%@1344,7%@1344,4%@1344,0%@1344,92%@1344] GR3D_FREQ 97% cpu@63.937C soc2@62.718C soc0@63.312C gpu@64.906C tj@64.906C soc1@62.312C VDD_IN 18007mW/17386mW VDD_CPU_GPU_CV 8901mW/8306mW VDD_SOC 3995mW/3949mW
08-11-2026 15:36:11 RAM 7038/7607MB (lfb 2x4MB) SWAP 798/16384MB (cached 200MB) CPU [29%@729,4%@729,8%@729,24%@729,0%@1344,92%@1344] GR3D_FREQ 97% cpu@63.718C soc2@62.687C soc0@63.25C gpu@65.031C tj@65.031C soc1@62.375C VDD_IN 17772mW/17388mW VDD_CPU_GPU_CV 8666mW/8308mW VDD_SOC 4001mW/3949mW
08-11-2026 15:36:12 RAM 7038/7607MB (lfb 2x4MB) SWAP 798/16384MB (cached 200MB) CPU [3%@729,5%@729,1%@729,1%@729,0%@1344,92%@1344] GR3D_FREQ 98% cpu@63.468C soc2@62.625C soc0@63.375C gpu@64.906C tj@64.906C soc1@62.375C VDD_IN 17654mW/17389mW VDD_CPU_GPU_CV 8393mW/8308mW VDD_SOC 4040mW/3950mW
08-11-2026 15:36:13 RAM 7039/7607MB (lfb 2x4MB) SWAP 798/16384MB (cached 200MB) CPU [4%@729,3%@729,3%@729,1%@729,0%@1344,92%@1344] GR3D_FREQ 97% cpu@63.375C soc2@62.5C soc0@63.437C gpu@64.75C tj@64.75C soc1@62.281C VDD_IN 16452mW/17384mW VDD_CPU_GPU_CV 8055mW/8307mW VDD_SOC 3654mW/3948mW
08-11-2026 15:36:14 RAM 7090/7607MB (lfb 2x4MB) SWAP 811/16384MB (cached 184MB) CPU [16%@1344,23%@1344,23%@1344,23%@1344,23%@1344,36%@1344] GR3D_FREQ 0% cpu@62.937C soc2@61.968C soc0@63.031C gpu@62.593C tj@63.031C soc1@62.187C VDD_IN 8942mW/17337mW VDD_CPU_GPU_CV 3055mW/8278mW VDD_SOC 2265mW/3939mW
08-11-2026 15:36:15 RAM 7433/7607MB (lfb 1x4MB) SWAP 860/16384MB (cached 160MB) CPU [77%@1344,80%@1344,79%@1344,81%@1344,86%@1344,80%@1344] GR3D_FREQ 42% cpu@62.968C soc2@61.625C soc0@62.718C gpu@62C tj@62.968C soc1@62.156C VDD_IN 7894mW/17285mW VDD_CPU_GPU_CV 2583mW/8246mW VDD_SOC 1751mW/3927mW
08-11-2026 15:36:16 RAM 7360/7607MB (lfb 1x4MB) SWAP 957/16384MB (cached 184MB) CPU [19%@1344,19%@1344,17%@1344,69%@1344,38%@1344,52%@1344] GR3D_FREQ 98% cpu@62.968C soc2@61.75C soc0@62.656C gpu@63.781C tj@63.781C soc1@61.843C VDD_IN 14571mW/17270mW VDD_CPU_GPU_CV 6994mW/8239mW VDD_SOC 2838mW/3921mW
08-11-2026 15:36:17 RAM 7341/7607MB (lfb 1x4MB) SWAP 1001/16384MB (cached 206MB) CPU [27%@1344,10%@1344,24%@1344,43%@1344,63%@1344,23%@1344] GR3D_FREQ 97% cpu@62.937C soc2@62.062C soc0@62.875C gpu@64.281C tj@64.281C soc1@61.937C VDD_IN 17526mW/17271mW VDD_CPU_GPU_CV 8368mW/8240mW VDD_SOC 3962mW/3921mW
08-11-2026 15:36:18 RAM 7349/7607MB (lfb 1x4MB) SWAP 1001/16384MB (cached 205MB) CPU [3%@729,8%@729,5%@729,2%@729,93%@1344,0%@1344] GR3D_FREQ 99% cpu@63.187C soc2@62.156C soc0@62.843C gpu@64.343C tj@64.343C soc1@62.031C VDD_IN 17604mW/17273mW VDD_CPU_GPU_CV 8159mW/8240mW VDD_SOC 4119mW/3922mW
08-11-2026 15:36:19 RAM 7341/7607MB (lfb 1x4MB) SWAP 1003/16384MB (cached 206MB) CPU [8%@729,6%@729,8%@729,15%@729,92%@1344,2%@1344] GR3D_FREQ 97% cpu@63.156C soc2@62.25C soc0@62.937C gpu@64.375C tj@64.375C soc1@62.093C VDD_IN 17772mW/17276mW VDD_CPU_GPU_CV 8198mW/8239mW VDD_SOC 4158mW/3923mW
08-11-2026 15:36:20 RAM 7344/7607MB (lfb 1x4MB) SWAP 998/16384MB (cached 205MB) CPU [6%@729,6%@729,5%@729,2%@729,92%@1344,0%@1344] GR3D_FREQ 98% cpu@63.562C soc2@62.312C soc0@62.968C gpu@64.312C tj@64.312C soc1@62.125C VDD_IN 17565mW/17278mW VDD_CPU_GPU_CV 7820mW/8237mW VDD_SOC 4237mW/3925mW
08-11-2026 15:36:21 RAM 7345/7607MB (lfb 1x4MB) SWAP 998/16384MB (cached 205MB) CPU [4%@729,1%@729,4%@729,2%@729,92%@1344,0%@1344] GR3D_FREQ 99% cpu@63.156C soc2@62.375C soc0@63.031C gpu@64.125C tj@64.125C soc1@61.968C VDD_IN 17368mW/17278mW VDD_CPU_GPU_CV 8094mW/8236mW VDD_SOC 4119mW/3926mW
08-11-2026 15:36:22 RAM 7340/7607MB (lfb 1x4MB) SWAP 1004/16384MB (cached 207MB) CPU [6%@1344,2%@1344,12%@1344,5%@1344,91%@1344,5%@1344] GR3D_FREQ 99% cpu@63.562C soc2@62.343C soc0@63.156C gpu@64.593C tj@64.875C soc1@62.062C VDD_IN 17693mW/17280mW VDD_CPU_GPU_CV 8666mW/8239mW VDD_SOC 3962mW/3926mW
08-11-2026 15:36:23 RAM 7287/7607MB (lfb 1x4MB) SWAP 1055/16384MB (cached 206MB) CPU [23%@1344,3%@1344,64%@1344,6%@1344,92%@1344,21%@1344] GR3D_FREQ 99% cpu@63.468C soc2@62.5C soc0@63.093C gpu@65.062C tj@65.062C soc1@62C VDD_IN 18321mW/17286mW VDD_CPU_GPU_CV 9096mW/8243mW VDD_SOC 4034mW/3927mW
08-11-2026 15:36:24 RAM 7290/7607MB (lfb 1x4MB) SWAP 1055/16384MB (cached 206MB) CPU [5%@729,5%@729,17%@729,6%@729,97%@1344,0%@1344] GR3D_FREQ 96% cpu@63.531C soc2@62.343C soc0@63.031C gpu@64.968C tj@64.968C soc1@62.125C VDD_IN 17850mW/17289mW VDD_CPU_GPU_CV 8823mW/8246mW VDD_SOC 3916mW/3927mW
08-11-2026 15:36:25 RAM 7291/7607MB (lfb 1x4MB) SWAP 1055/16384MB (cached 206MB) CPU [9%@1344,1%@1344,15%@1344,2%@1344,90%@729,0%@729] GR3D_FREQ 97% cpu@63.406C soc2@62.437C soc0@63.062C gpu@65.062C tj@65.062C soc1@62.187C VDD_IN 17772mW/17291mW VDD_CPU_GPU_CV 8784mW/8249mW VDD_SOC 3916mW/3926mW
08-11-2026 15:36:26 RAM 7289/7607MB (lfb 1x4MB) SWAP 1055/16384MB (cached 206MB) CPU [92%@1344,6%@1344,1%@1344,2%@1344,0%@729,0%@729] GR3D_FREQ 99% cpu@63.218C soc2@62.593C soc0@63.093C gpu@65C tj@65C soc1@62C VDD_IN 17615mW/17293mW VDD_CPU_GPU_CV 8666mW/8251mW VDD_SOC 3962mW/3927mW
08-11-2026 15:36:27 RAM 7290/7607MB (lfb 1x4MB) SWAP 1055/16384MB (cached 206MB) CPU [92%@1344,4%@1344,1%@1344,2%@1344,0%@729,0%@729] GR3D_FREQ 97% cpu@63.312C soc2@62.5C soc0@63.125C gpu@64.625C tj@64.625C soc1@62.031C VDD_IN 17693mW/17295mW VDD_CPU_GPU_CV 8666mW/8253mW VDD_SOC 3962mW/3927mW
08-11-2026 15:36:28 RAM 7290/7607MB (lfb 1x4MB) SWAP 1055/16384MB (cached 206MB) CPU [22%@1344,5%@1344,74%@1344,3%@1344,0%@729,0%@729] GR3D_FREQ 99% cpu@63.375C soc2@62.343C soc0@63.031C gpu@64.593C tj@64.593C soc1@62.062C VDD_IN 17683mW/17297mW VDD_CPU_GPU_CV 8549mW/8255mW VDD_SOC 3995mW/3927mW
08-11-2026 15:36:29 RAM 7282/7607MB (lfb 1x4MB) SWAP 1063/16384MB (cached 205MB) CPU [9%@1344,10%@1344,92%@1344,7%@1344,76%@729,6%@729] GR3D_FREQ 97% cpu@63.781C soc2@62.468C soc0@63.093C gpu@64.718C tj@64.718C soc1@62.187C VDD_IN 18085mW/17301mW VDD_CPU_GPU_CV 8901mW/8258mW VDD_SOC 3995mW/3928mW
08-11-2026 15:36:30 RAM 7285/7607MB (lfb 1x4MB) SWAP 1063/16384MB (cached 205MB) CPU [6%@729,13%@729,22%@729,16%@729,75%@1344,0%@1344] GR3D_FREQ 99% cpu@63.406C soc2@62.437C soc0@63.156C gpu@64.781C tj@64.781C soc1@62.25C VDD_IN 17654mW/17303mW VDD_CPU_GPU_CV 8471mW/8259mW VDD_SOC 4040mW/3928mW
08-11-2026 15:36:31 RAM 7284/7607MB (lfb 1x4MB) SWAP 1063/16384MB (cached 205MB) CPU [2%@729,2%@729,1%@729,1%@729,92%@1344,3%@1344] GR3D_FREQ 97% cpu@63.125C soc2@62.375C soc0@63.156C gpu@64.781C tj@64.781C soc1@62.281C VDD_IN 17575mW/17304mW VDD_CPU_GPU_CV 8315mW/8260mW VDD_SOC 4080mW/3929mW
08-11-2026 15:36:32 RAM 7284/7607MB (lfb 1x4MB) SWAP 1063/16384MB (cached 205MB) CPU [3%@729,5%@729,2%@729,5%@729,91%@1344,0%@1344] GR3D_FREQ 98% cpu@63.187C soc2@62.406C soc0@63.187C gpu@64.781C tj@64.781C soc1@62.218C VDD_IN 17536mW/17305mW VDD_CPU_GPU_CV 8120mW/8259mW VDD_SOC 4119mW/3930mW
08-11-2026 15:36:33 RAM 7284/7607MB (lfb 1x4MB) SWAP 1063/16384MB (cached 205MB) CPU [2%@729,2%@729,1%@729,6%@729,92%@1344,0%@1344] GR3D_FREQ 97% cpu@63.406C soc2@62.375C soc0@63.093C gpu@64.781C tj@64.781C soc1@62.125C VDD_IN 17565mW/17307mW VDD_CPU_GPU_CV 8016mW/8258mW VDD_SOC 4158mW/3931mW
08-11-2026 15:36:34 RAM 7286/7607MB (lfb 1x4MB) SWAP 1063/16384MB (cached 205MB) CPU [16%@1344,3%@1344,3%@1344,6%@1344,92%@1344,0%@1344] GR3D_FREQ 98% cpu@63.343C soc2@62.531C soc0@63.093C gpu@64.656C tj@64.656C soc1@62.125C VDD_IN 17654mW/17308mW VDD_CPU_GPU_CV 7925mW/8256mW VDD_SOC 4237mW/3933mW
08-11-2026 15:36:35 RAM 7287/7607MB (lfb 1x4MB) SWAP 1063/16384MB (cached 205MB) CPU [58%@729,32%@729,14%@729,7%@729,92%@1344,0%@1344] GR3D_FREQ 99% cpu@63.625C soc2@62.593C soc0@63.093C gpu@64.406C tj@64.406C soc1@62.312C VDD_IN 17811mW/17311mW VDD_CPU_GPU_CV 8393mW/8257mW VDD_SOC 4112mW/3933mW
08-11-2026 15:36:36 RAM 7287/7607MB (lfb 1x4MB) SWAP 1063/16384MB (cached 205MB) CPU [2%@729,0%@729,2%@729,4%@729,92%@1344,0%@1344] GR3D_FREQ 99% cpu@63.187C soc2@62.468C soc0@63.187C gpu@64.781C tj@64.781C soc1@62.156C VDD_IN 17486mW/17312mW VDD_CPU_GPU_CV 8471mW/8258mW VDD_SOC 3962mW/3934mW
08-11-2026 15:36:37 RAM 7287/7607MB (lfb 1x4MB) SWAP 1063/16384MB (cached 205MB) CPU [5%@729,2%@729,1%@729,1%@729,92%@1344,0%@1344] GR3D_FREQ 99% cpu@63.25C soc2@62.343C soc0@63.156C gpu@64.843C tj@64.843C soc1@62.093C VDD_IN 17772mW/17314mW VDD_CPU_GPU_CV 8627mW/8259mW VDD_SOC 4034mW/3934mW
08-11-2026 15:36:38 RAM 7287/7607MB (lfb 1x4MB) SWAP 1063/16384MB (cached 205MB) CPU [3%@729,2%@729,6%@729,3%@729,95%@1113,0%@1113] GR3D_FREQ 99% cpu@63.437C soc2@62.468C soc0@63.093C gpu@64.718C tj@64.718C soc1@62.125C VDD_IN 17693mW/17316mW VDD_CPU_GPU_CV 8705mW/8262mW VDD_SOC 3955mW/3934mW
08-11-2026 15:36:39 RAM 7287/7607MB (lfb 1x4MB) SWAP 1063/16384MB (cached 205MB) CPU [2%@729,1%@729,3%@729,3%@729,97%@1344,0%@1344] GR3D_FREQ 97% cpu@63.281C soc2@62.406C soc0@63.187C gpu@64.812C tj@64.812C soc1@62.187C VDD_IN 17772mW/17318mW VDD_CPU_GPU_CV 8823mW/8264mW VDD_SOC 3916mW/3934mW
08-11-2026 15:36:40 RAM 7289/7607MB (lfb 1x4MB) SWAP 1063/16384MB (cached 205MB) CPU [15%@1344,10%@1344,14%@1344,31%@1344,92%@1344,0%@1344] GR3D_FREQ 97% cpu@63.843C soc2@62.593C soc0@63.187C gpu@64.875C tj@64.875C soc1@62.312C VDD_IN 18125mW/17322mW VDD_CPU_GPU_CV 9135mW/8269mW VDD_SOC 3955mW/3934mW
08-11-2026 15:36:41 RAM 7289/7607MB (lfb 1x4MB) SWAP 1063/16384MB (cached 205MB) CPU [3%@729,4%@729,23%@729,46%@729,93%@1344,1%@1344] GR3D_FREQ 97% cpu@63.25C soc2@62.593C soc0@63.218C gpu@65.093C tj@65.093C soc1@62.218C VDD_IN 17968mW/17325mW VDD_CPU_GPU_CV 8940mW/8272mW VDD_SOC 3955mW/3934mW
08-11-2026 15:36:42 RAM 7276/7607MB (lfb 1x4MB) SWAP 1068/16384MB (cached 204MB) CPU [3%@729,2%@729,4%@729,2%@729,92%@1344,3%@1344] GR3D_FREQ 97% cpu@63.281C soc2@62.468C soc0@63.093C gpu@65.093C tj@65.093C soc1@62.156C VDD_IN 17772mW/17327mW VDD_CPU_GPU_CV 8705mW/8274mW VDD_SOC 3995mW/3935mW
08-11-2026 15:36:43 RAM 7276/7607MB (lfb 1x4MB) SWAP 1068/16384MB (cached 204MB) CPU [0%@729,2%@729,1%@729,5%@729,92%@1344,0%@1344] GR3D_FREQ 97% cpu@63.437C soc2@62.406C soc0@63.156C gpu@65.25C tj@65.25C soc1@62.156C VDD_IN 17693mW/17329mW VDD_CPU_GPU_CV 8588mW/8275mW VDD_SOC 4001mW/3935mW
08-11-2026 15:36:44 RAM 7277/7607MB (lfb 1x4MB) SWAP 1068/16384MB (cached 204MB) CPU [3%@729,2%@729,4%@729,3%@729,92%@1344,0%@1344] GR3D_FREQ 97% cpu@63.218C soc2@62.5C soc0@63.187C gpu@65.125C tj@65.125C soc1@62.281C VDD_IN 17722mW/17331mW VDD_CPU_GPU_CV 8471mW/8276mW VDD_SOC 4034mW/3935mW
08-11-2026 15:36:45 RAM 7280/7607MB (lfb 1x4MB) SWAP 1068/16384MB (cached 204MB) CPU [8%@729,15%@729,4%@729,9%@729,92%@1344,0%@1344] GR3D_FREQ 97% cpu@63.687C soc2@62.562C soc0@63.156C gpu@65.156C tj@65.156C soc1@62.312C VDD_IN 17889mW/17334mW VDD_CPU_GPU_CV 8588mW/8278mW VDD_SOC 4034mW/3936mW
08-11-2026 15:36:46 RAM 7282/7607MB (lfb 1x4MB) SWAP 1068/16384MB (cached 204MB) CPU [37%@1344,3%@1344,6%@1344,4%@1344,92%@1344,0%@1344] GR3D_FREQ 97% cpu@63.343C soc2@62.687C soc0@63.187C gpu@65.156C tj@65.156C soc1@62.187C VDD_IN 18085mW/17337mW VDD_CPU_GPU_CV 8627mW/8280mW VDD_SOC 4112mW/3937mW
08-11-2026 15:36:47 RAM 7282/7607MB (lfb 1x4MB) SWAP 1068/16384MB (cached 204MB) CPU [33%@729,8%@729,6%@729,22%@729,92%@1344,0%@1344] GR3D_FREQ 97% cpu@63.468C soc2@62.531C soc0@63.156C gpu@64.843C tj@64.843C soc1@62.281C VDD_IN 17811mW/17339mW VDD_CPU_GPU_CV 8276mW/8279mW VDD_SOC 4151mW/3938mW
08-11-2026 15:36:48 RAM 7283/7607MB (lfb 1x4MB) SWAP 1068/16384MB (cached 204MB) CPU [2%@729,3%@729,1%@729,5%@729,92%@1344,0%@1344] GR3D_FREQ 97% cpu@63.531C soc2@62.531C soc0@63.187C gpu@64.781C tj@64.781C soc1@62.25C VDD_IN 17693mW/17341mW VDD_CPU_GPU_CV 8003mW/8278mW VDD_SOC 4190mW/3939mW
08-11-2026 15:36:49 RAM 7283/7607MB (lfb 1x4MB) SWAP 1068/16384MB (cached 204MB) CPU [2%@729,1%@729,2%@729,5%@729,92%@1344,1%@1344] GR3D_FREQ 99% cpu@63.5C soc2@62.593C soc0@63.093C gpu@64.375C tj@64.375C soc1@62.343C VDD_IN 17526mW/17342mW VDD_CPU_GPU_CV 7729mW/8276mW VDD_SOC 4276mW/3940mW
08-11-2026 15:36:50 RAM 7285/7607MB (lfb 1x4MB) SWAP 1068/16384MB (cached 204MB) CPU [4%@729,7%@729,12%@729,8%@729,92%@1344,0%@1344] GR3D_FREQ 99% cpu@63.718C soc2@62.593C soc0@63.281C gpu@64.437C tj@64.437C soc1@62.406C VDD_IN 17604mW/17343mW VDD_CPU_GPU_CV 8276mW/8276mW VDD_SOC 4080mW/3941mW
08-11-2026 15:36:51 RAM 7271/7607MB (lfb 1x4MB) SWAP 1101/16384MB (cached 228MB) CPU [11%@729,7%@729,16%@729,7%@729,92%@1344,5%@1344] GR3D_FREQ 99% cpu@63.25C soc2@62.531C soc0@63.312C gpu@64.75C tj@64.75C soc1@62.187C VDD_IN 17575mW/17344mW VDD_CPU_GPU_CV 8627mW/8277mW VDD_SOC 3962mW/3941mW
08-11-2026 15:36:52 RAM 7274/7607MB (lfb 1x4MB) SWAP 1101/16384MB (cached 228MB) CPU [51%@1344,2%@1344,5%@1344,5%@1344,92%@1344,0%@1344] GR3D_FREQ 99% cpu@63.593C soc2@62.843C soc0@63.156C gpu@64.937C tj@64.937C soc1@62.281C VDD_IN 18399mW/17349mW VDD_CPU_GPU_CV 9159mW/8281mW VDD_SOC 4073mW/3942mW
08-11-2026 15:36:53 RAM 7274/7607MB (lfb 1x4MB) SWAP 1101/16384MB (cached 228MB) CPU [20%@729,7%@729,4%@729,21%@729,97%@1344,0%@1344] GR3D_FREQ 96% cpu@63.437C soc2@62.531C soc0@63.187C gpu@64.843C tj@64.843C soc1@62.312C VDD_IN 17811mW/17351mW VDD_CPU_GPU_CV 8862mW/8284mW VDD_SOC 3916mW/3942mW
08-11-2026 15:36:54 RAM 7274/7607MB (lfb 1x4MB) SWAP 1101/16384MB (cached 228MB) CPU [4%@729,2%@729,2%@729,2%@729,95%@1344,0%@1344] GR3D_FREQ 97% cpu@63.218C soc2@62.593C soc0@63.312C gpu@64.843C tj@64.843C soc1@62.312C VDD_IN 17732mW/17353mW VDD_CPU_GPU_CV 8784mW/8286mW VDD_SOC 3955mW/3942mW
08-11-2026 15:36:55 RAM 7275/7607MB (lfb 1x4MB) SWAP 1101/16384MB (cached 228MB) CPU [2%@729,3%@729,3%@729,2%@729,92%@1344,0%@1344] GR3D_FREQ 97% cpu@63.343C soc2@62.625C soc0@63.312C gpu@64.781C tj@64.781C soc1@62.25C VDD_IN 17693mW/17354mW VDD_CPU_GPU_CV 8705mW/8288mW VDD_SOC 3955mW/3942mW
08-11-2026 15:36:56 RAM 7277/7607MB (lfb 1x4MB) SWAP 1101/16384MB (cached 228MB) CPU [4%@729,16%@729,10%@729,6%@729,92%@1344,0%@1344] GR3D_FREQ 97% cpu@63.437C soc2@62.562C soc0@63.218C gpu@65C tj@65C soc1@62.312C VDD_IN 17850mW/17357mW VDD_CPU_GPU_CV 8744mW/8290mW VDD_SOC 3955mW/3942mW
08-11-2026 15:36:57 RAM 7278/7607MB (lfb 1x4MB) SWAP 1101/16384MB (cached 228MB) CPU [1%@729,3%@729,4%@729,3%@729,92%@1344,0%@1344] GR3D_FREQ 98% cpu@63.562C soc2@62.562C soc0@63.218C gpu@64.968C tj@64.968C soc1@62.312C VDD_IN 17732mW/17358mW VDD_CPU_GPU_CV 8627mW/8292mW VDD_SOC 3995mW/3942mW
08-11-2026 15:36:58 RAM 7271/7607MB (lfb 1x4MB) SWAP 1101/16384MB (cached 219MB) CPU [62%@1344,8%@1344,3%@1344,5%@1344,92%@1344,0%@1344] GR3D_FREQ 97% cpu@63.718C soc2@62.656C soc0@63.281C gpu@65.218C tj@65.218C soc1@62.281C VDD_IN 18203mW/17362mW VDD_CPU_GPU_CV 9018mW/8295mW VDD_SOC 4034mW/3942mW
08-11-2026 15:36:59 RAM 7271/7607MB (lfb 1x4MB) SWAP 1101/16384MB (cached 219MB) CPU [7%@729,3%@729,23%@729,7%@729,92%@1344,0%@1344] GR3D_FREQ 99% cpu@63.25C soc2@62.718C soc0@63.312C gpu@65.031C tj@65.031C soc1@62.375C VDD_IN 17772mW/17364mW VDD_CPU_GPU_CV 8510mW/8296mW VDD_SOC 4034mW/3943mW
08-11-2026 15:37:00 RAM 7272/7607MB (lfb 1x4MB) SWAP 1100/16384MB (cached 219MB) CPU [2%@729,2%@729,8%@729,3%@729,92%@1344,0%@1344] GR3D_FREQ 97% cpu@63.281C soc2@62.593C soc0@63.343C gpu@65.062C tj@65.062C soc1@62.312C VDD_IN 17693mW/17365mW VDD_CPU_GPU_CV 8354mW/8296mW VDD_SOC 4073mW/3943mW
08-11-2026 15:37:01 RAM 7274/7607MB (lfb 1x4MB) SWAP 1100/16384MB (cached 219MB) CPU [5%@729,11%@729,13%@729,7%@729,92%@1344,0%@1344] GR3D_FREQ 99% cpu@63.468C soc2@62.593C soc0@63.25C gpu@65.062C tj@65.062C soc1@62.281C VDD_IN 17693mW/17367mW VDD_CPU_GPU_CV 8198mW/8296mW VDD_SOC 4151mW/3944mW
08-11-2026 15:37:02 RAM 7274/7607MB (lfb 1x4MB) SWAP 1100/16384MB (cached 219MB) CPU [2%@729,3%@729,2%@729,5%@729,91%@1344,0%@1344] GR3D_FREQ 97% cpu@63.656C soc2@62.562C soc0@63.156C gpu@64.843C tj@64.843C soc1@62.437C VDD_IN 17654mW/17368mW VDD_CPU_GPU_CV 8081mW/8295mW VDD_SOC 4190mW/3945mW
08-11-2026 15:37:03 RAM 7275/7607MB (lfb 1x4MB) SWAP 1100/16384MB (cached 219MB) CPU [1%@729,4%@729,1%@729,3%@729,92%@1344,0%@1344] GR3D_FREQ 98% cpu@63.718C soc2@62.625C soc0@63.312C gpu@64.625C tj@64.625C soc1@62.343C VDD_IN 17565mW/17369mW VDD_CPU_GPU_CV 7808mW/8293mW VDD_SOC 4237mW/3947mW
08-11-2026 15:37:04 RAM 7278/7607MB (lfb 1x4MB) SWAP 1100/16384MB (cached 219MB) CPU [67%@1344,10%@1344,7%@1344,2%@1344,93%@1344,0%@1344] GR3D_FREQ 99% cpu@63.562C soc2@62.812C soc0@63.375C gpu@64.468C tj@64.468C soc1@62.406C VDD_IN 18007mW/17372mW VDD_CPU_GPU_CV 8588mW/8294mW VDD_SOC 4151mW/3948mW
08-11-2026 15:37:05 RAM 7278/7607MB (lfb 1x4MB) SWAP 1100/16384MB (cached 219MB) CPU [1%@729,13%@729,2%@729,9%@729,92%@1344,0%@1344] GR3D_FREQ 99% cpu@63.312C soc2@62.625C soc0@63.406C gpu@64.968C tj@64.968C soc1@62.312C VDD_IN 17615mW/17373mW VDD_CPU_GPU_CV 8588mW/8295mW VDD_SOC 3962mW/3948mW
08-11-2026 15:37:07 RAM 7279/7607MB (lfb 1x4MB) SWAP 1100/16384MB (cached 219MB) CPU [11%@729,5%@729,6%@729,11%@729,92%@1344,0%@1344] GR3D_FREQ 99% cpu@63.562C soc2@62.656C soc0@63.281C gpu@65C tj@65C soc1@62.312C VDD_IN 17850mW/17375mW VDD_CPU_GPU_CV 8705mW/8297mW VDD_SOC 3995mW/3948mW
08-11-2026 15:37:08 RAM 7267/7607MB (lfb 1x4MB) SWAP 1109/16384MB (cached 225MB) CPU [4%@1344,5%@1344,2%@1344,0%@1344,96%@960,0%@960] GR3D_FREQ 98% cpu@63.687C soc2@62.625C soc0@63.25C gpu@65.125C tj@65.125C soc1@62.312C VDD_IN 17654mW/17376mW VDD_CPU_GPU_CV 8627mW/8298mW VDD_SOC 3962mW/3948mW
08-11-2026 15:37:09 RAM 7268/7607MB (lfb 1x4MB) SWAP 1109/16384MB (cached 225MB) CPU [3%@729,1%@729,3%@729,3%@729,96%@1344,0%@1344] GR3D_FREQ 97% cpu@63.5C soc2@62.625C soc0@63.375C gpu@65.25C tj@65.25C soc1@62.312C VDD_IN 17811mW/17378mW VDD_CPU_GPU_CV 8823mW/8301mW VDD_SOC 3916mW/3948mW
08-11-2026 15:37:10 RAM 7269/7607MB (lfb 1x4MB) SWAP 1109/16384MB (cached 225MB) CPU [2%@729,2%@729,1%@729,3%@729,92%@1344,0%@1344] GR3D_FREQ 98% cpu@63.75C soc2@62.656C soc0@63.312C gpu@65.281C tj@65.281C soc1@62.5C VDD_IN 17772mW/17380mW VDD_CPU_GPU_CV 8705mW/8302mW VDD_SOC 3955mW/3948mW
08-11-2026 15:37:11 RAM 7273/7607MB (lfb 1x4MB) SWAP 1109/16384MB (cached 225MB) CPU [26%@729,4%@729,68%@729,6%@729,93%@1344,0%@1344] GR3D_FREQ 97% cpu@63.656C soc2@62.718C soc0@63.437C gpu@65.406C tj@65.406C soc1@62.343C VDD_IN 18282mW/17383mW VDD_CPU_GPU_CV 9159mW/8306mW VDD_SOC 3955mW/3948mW
08-11-2026 15:37:12 RAM 7275/7607MB (lfb 1x4MB) SWAP 1108/16384MB (cached 225MB) CPU [9%@729,18%@729,16%@729,3%@729,92%@1344,0%@1344] GR3D_FREQ 97% cpu@63.531C soc2@62.656C soc0@63.343C gpu@65.281C tj@65.281C soc1@62.375C VDD_IN 18046mW/17386mW VDD_CPU_GPU_CV 8862mW/8308mW VDD_SOC 3995mW/3948mW
08-11-2026 15:37:13 RAM 7275/7607MB (lfb 1x4MB) SWAP 1108/16384MB (cached 225MB) CPU [0%@729,1%@729,1%@729,4%@729,92%@1344,0%@1344] GR3D_FREQ 97% cpu@63.75C soc2@62.625C soc0@63.312C gpu@65.125C tj@65.125C soc1@62.437C VDD_IN 17811mW/17388mW VDD_CPU_GPU_CV 8627mW/8310mW VDD_SOC 3995mW/3948mW
08-11-2026 15:37:14 RAM 7276/7607MB (lfb 1x4MB) SWAP 1108/16384MB (cached 225MB) CPU [4%@729,2%@729,2%@729,3%@729,93%@1344,0%@1344] GR3D_FREQ 97% cpu@63.406C soc2@62.687C soc0@63.375C gpu@65.062C tj@65.062C soc1@62.437C VDD_IN 17732mW/17389mW VDD_CPU_GPU_CV 8510mW/8311mW VDD_SOC 4034mW/3949mW
08-11-2026 15:37:15 RAM 7276/7607MB (lfb 1x4MB) SWAP 1108/16384MB (cached 225MB) CPU [4%@729,2%@729,2%@729,4%@729,92%@1344,0%@1344] GR3D_FREQ 97% cpu@63.406C soc2@62.656C soc0@63.468C gpu@65.031C tj@65.031C soc1@62.281C VDD_IN 17693mW/17391mW VDD_CPU_GPU_CV 8432mW/8311mW VDD_SOC 4073mW/3949mW
08-11-2026 15:37:16 RAM 7277/7607MB (lfb 1x4MB) SWAP 1108/16384MB (cached 225MB) CPU [3%@1190,4%@1190,5%@1190,3%@1190,91%@1344,0%@1344] GR3D_FREQ 97% cpu@63.562C soc2@62.593C soc0@63.281C gpu@65.031C tj@65.031C soc1@62.375C VDD_IN 17654mW/17392mW VDD_CPU_GPU_CV 8237mW/8311mW VDD_SOC 4112mW/3950mW
08-11-2026 15:37:17 RAM 7279/7607MB (lfb 1x4MB) SWAP 1108/16384MB (cached 225MB) CPU [10%@806,82%@806,6%@806,9%@806,92%@1344,0%@1344] GR3D_FREQ 97% cpu@63.812C soc2@62.687C soc0@63.281C gpu@65.093C tj@65.093C soc1@62.406C VDD_IN 18203mW/17395mW VDD_CPU_GPU_CV 8588mW/8312mW VDD_SOC 4190mW/3951mW
08-11-2026 15:37:18 RAM 7271/7607MB (lfb 1x4MB) SWAP 1126/16384MB (cached 238MB) CPU [8%@729,2%@729,12%@729,3%@729,92%@1344,4%@1344] GR3D_FREQ 97% cpu@63.812C soc2@62.718C soc0@63.312C gpu@64.906C tj@64.906C soc1@62.468C VDD_IN 17732mW/17396mW VDD_CPU_GPU_CV 8003mW/8311mW VDD_SOC 4230mW/3952mW
08-11-2026 15:37:19 RAM 7271/7607MB (lfb 1x4MB) SWAP 1126/16384MB (cached 238MB) CPU [4%@729,1%@729,5%@729,1%@729,92%@1344,0%@1344] GR3D_FREQ 99% cpu@63.687C soc2@62.656C soc0@63.5C gpu@64.312C tj@64.312C soc1@62.593C VDD_IN 17486mW/17397mW VDD_CPU_GPU_CV 7859mW/8309mW VDD_SOC 4197mW/3953mW
08-11-2026 15:37:20 RAM 7272/7607MB (lfb 1x4MB) SWAP 1126/16384MB (cached 238MB) CPU [2%@729,3%@729,3%@729,4%@729,92%@1344,0%@1344] GR3D_FREQ 99% cpu@63.562C soc2@62.781C soc0@63.531C gpu@64.812C tj@64.812C soc1@62.312C VDD_IN 17526mW/17397mW VDD_CPU_GPU_CV 8393mW/8309mW VDD_SOC 4001mW/3953mW
08-11-2026 15:37:21 RAM 7272/7607MB (lfb 1x4MB) SWAP 1126/16384MB (cached 238MB) CPU [3%@729,3%@729,3%@729,1%@729,92%@1344,0%@1344] GR3D_FREQ 99% cpu@63.625C soc2@62.593C soc0@63.281C gpu@65.062C tj@65.062C soc1@62.375C VDD_IN 17615mW/17398mW VDD_CPU_GPU_CV 8549mW/8310mW VDD_SOC 3995mW/3953mW
08-11-2026 15:37:22 RAM 7274/7607MB (lfb 1x4MB) SWAP 1126/16384MB (cached 238MB) CPU [20%@1344,5%@1344,5%@1344,1%@1344,93%@729,0%@729] GR3D_FREQ 99% cpu@63.687C soc2@62.812C soc0@63.343C gpu@65.218C tj@65.218C soc1@62.437C VDD_IN 18242mW/17402mW VDD_CPU_GPU_CV 9081mW/8313mW VDD_SOC 4034mW/3954mW
08-11-2026 15:37:23 RAM 7277/7607MB (lfb 1x4MB) SWAP 1126/16384MB (cached 238MB) CPU [69%@729,10%@729,14%@729,14%@729,99%@1344,4%@1344] GR3D_FREQ 97% cpu@63.75C soc2@62.687C soc0@63.531C gpu@65.281C tj@65.281C soc1@62.531C VDD_IN 18164mW/17405mW VDD_CPU_GPU_CV 9120mW/8316mW VDD_SOC 3955mW/3954mW
08-11-2026 15:37:24 RAM 7278/7607MB (lfb 1x4MB) SWAP 1126/16384MB (cached 238MB) CPU [2%@729,1%@729,3%@729,3%@729,93%@1344,1%@1344] GR3D_FREQ 97% cpu@63.468C soc2@62.75C soc0@63.468C gpu@65.25C tj@65.25C soc1@62.531C VDD_IN 17811mW/17406mW VDD_CPU_GPU_CV 8784mW/8318mW VDD_SOC 3955mW/3954mW
08-11-2026 15:37:25 RAM 7278/7607MB (lfb 1x4MB) SWAP 1126/16384MB (cached 238MB) CPU [4%@1344,3%@1344,2%@1344,1%@1344,91%@1344,0%@1344] GR3D_FREQ 97% cpu@63.5C soc2@62.781C soc0@63.468C gpu@65.281C tj@65.281C soc1@62.5C VDD_IN 17811mW/17408mW VDD_CPU_GPU_CV 8784mW/8320mW VDD_SOC 3955mW/3954mW
08-11-2026 15:37:26 RAM 7279/7607MB (lfb 1x4MB) SWAP 1126/16384MB (cached 238MB) CPU [2%@729,1%@729,3%@729,2%@729,92%@1344,0%@1344] GR3D_FREQ 97% cpu@63.593C soc2@62.687C soc0@63.468C gpu@65.343C tj@65.343C soc1@62.406C VDD_IN 17811mW/17410mW VDD_CPU_GPU_CV 8705mW/8322mW VDD_SOC 3995mW/3954mW
08-11-2026 15:37:27 RAM 7271/7607MB (lfb 1x4MB) SWAP 1133/16384MB (cached 240MB) CPU [8%@729,0%@729,2%@729,3%@729,92%@1344,0%@1344] GR3D_FREQ 97% cpu@63.562C soc2@62.718C soc0@63.375C gpu@65.187C tj@65C soc1@62.437C VDD_IN 17732mW/17411mW VDD_CPU_GPU_CV 8588mW/8323mW VDD_SOC 3995mW/3954mW
08-11-2026 15:37:28 RAM 7275/7607MB (lfb 1x4MB) SWAP 1133/16384MB (cached 240MB) CPU [39%@1344,7%@1344,15%@1344,35%@1344,68%@1344,1%@1344] GR3D_FREQ 97% cpu@64.031C soc2@62.781C soc0@63.468C gpu@65.125C tj@65.125C soc1@62.468C VDD_IN 18203mW/17414mW VDD_CPU_GPU_CV 8964mW/8325mW VDD_SOC 4034mW/3954mW
08-11-2026 15:37:29 RAM 7275/7607MB (lfb 1x4MB) SWAP 1133/16384MB (cached 240MB) CPU [20%@729,3%@729,4%@729,43%@729,92%@1344,3%@1344] GR3D_FREQ 99% cpu@63.531C soc2@62.875C soc0@63.437C gpu@65.156C tj@65.156C soc1@62.593C VDD_IN 17968mW/17416mW VDD_CPU_GPU_CV 8666mW/8327mW VDD_SOC 4073mW/3955mW
08-11-2026 15:37:30 RAM 7276/7607MB (lfb 1x4MB) SWAP 1133/16384MB (cached 240MB) CPU [48%@1344,2%@1344,2%@1344,3%@1344,44%@729,0%@729] GR3D_FREQ 97% cpu@63.718C soc2@62.843C soc0@63.562C gpu@65.156C tj@65.156C soc1@62.375C VDD_IN 17732mW/17417mW VDD_CPU_GPU_CV 8393mW/8327mW VDD_SOC 4073mW/3955mW
08-11-2026 15:37:31 RAM 7276/7607MB (lfb 1x4MB) SWAP 1133/16384MB (cached 240MB) CPU [92%@1344,2%@1344,2%@1344,3%@1344,0%@729,0%@729] GR3D_FREQ 97% cpu@63.687C soc2@62.75C soc0@63.375C gpu@65.125C tj@65.125C soc1@62.5C VDD_IN 17693mW/17418mW VDD_CPU_GPU_CV 8276mW/8327mW VDD_SOC 4112mW/3956mW
08-11-2026 15:37:32 RAM 7276/7607MB (lfb 1x4MB) SWAP 1133/16384MB (cached 240MB) CPU [93%@1344,1%@1344,4%@1344,1%@1344,1%@729,0%@729] GR3D_FREQ 97% cpu@63.687C soc2@62.875C soc0@63.468C gpu@65.093C tj@65.093C soc1@62.468C VDD_IN 17615mW/17419mW VDD_CPU_GPU_CV 8081mW/8326mW VDD_SOC 4151mW/3957mW
08-11-2026 15:37:33 RAM 7277/7607MB (lfb 1x4MB) SWAP 1133/16384MB (cached 240MB) CPU [44%@729,9%@729,18%@729,5%@729,51%@1344,0%@1344] GR3D_FREQ 97% cpu@63.875C soc2@62.781C soc0@63.468C gpu@64.906C tj@64.906C soc1@62.562C VDD_IN 17732mW/17420mW VDD_CPU_GPU_CV 8003mW/8324mW VDD_SOC 4230mW/3958mW
08-11-2026 15:37:34 RAM 7278/7607MB (lfb 1x4MB) SWAP 1133/16384MB (cached 240MB) CPU [1%@729,2%@729,5%@729,5%@729,92%@1344,0%@1344] GR3D_FREQ 99% cpu@63.781C soc2@62.906C soc0@63.437C gpu@64.468C tj@64.468C soc1@62.656C VDD_IN 17536mW/17421mW VDD_CPU_GPU_CV 7925mW/8323mW VDD_SOC 4237mW/3959mW
08-11-2026 15:37:35 RAM 7278/7607MB (lfb 1x4MB) SWAP 1133/16384MB (cached 240MB) CPU [1%@729,2%@729,2%@729,3%@729,92%@1344,0%@1344] GR3D_FREQ 99% cpu@63.562C soc2@62.75C soc0@63.562C gpu@65.281C tj@65.281C soc1@62.406C VDD_IN 17536mW/17421mW VDD_CPU_GPU_CV 8432mW/8323mW VDD_SOC 4001mW/3959mW
08-11-2026 15:37:36 RAM 7279/7607MB (lfb 1x4MB) SWAP 1133/16384MB (cached 240MB) CPU [2%@729,1%@729,2%@729,5%@729,92%@1344,0%@1344] GR3D_FREQ 99% cpu@63.656C soc2@62.781C soc0@63.437C gpu@65.406C tj@65.406C soc1@62.437C VDD_IN 17654mW/17422mW VDD_CPU_GPU_CV 8510mW/8324mW VDD_SOC 4001mW/3959mW
08-11-2026 15:37:37 RAM 7279/7607MB (lfb 1x4MB) SWAP 1133/16384MB (cached 240MB) CPU [2%@729,2%@729,2%@729,2%@729,92%@1344,0%@1344] GR3D_FREQ 99% cpu@63.625C soc2@62.812C soc0@63.437C gpu@65.5C tj@65.5C soc1@62.531C VDD_IN 18046mW/17425mW VDD_CPU_GPU_CV 8862mW/8326mW VDD_SOC 4073mW/3960mW
08-11-2026 15:37:38 RAM 7268/7607MB (lfb 1x4MB) SWAP 1139/16384MB (cached 239MB) CPU [13%@729,6%@729,7%@729,15%@729,99%@1344,0%@1344] GR3D_FREQ 97% cpu@63.781C soc2@62.75C soc0@63.406C gpu@65.437C tj@65.437C soc1@62.593C VDD_IN 18046mW/17427mW VDD_CPU_GPU_CV 9057mW/8329mW VDD_SOC 3916mW/3959mW
08-11-2026 15:37:39 RAM 7268/7607MB (lfb 1x4MB) SWAP 1139/16384MB (cached 239MB) CPU [5%@729,2%@729,5%@729,2%@729,94%@1344,0%@1344] GR3D_FREQ 97% cpu@63.562C soc2@62.843C soc0@63.5C gpu@65.468C tj@65.468C soc1@62.437C VDD_IN 17850mW/17429mW VDD_CPU_GPU_CV 8823mW/8331mW VDD_SOC 3955mW/3959mW
08-11-2026 15:37:40 RAM 7269/7607MB (lfb 1x4MB) SWAP 1139/16384MB (cached 239MB) CPU [6%@729,1%@729,0%@729,2%@729,92%@1344,0%@1344] GR3D_FREQ 97% cpu@63.562C soc2@62.843C soc0@63.375C gpu@65.125C tj@65.125C soc1@62.406C VDD_IN 17772mW/17430mW VDD_CPU_GPU_CV 8744mW/8332mW VDD_SOC 3955mW/3959mW
08-11-2026 15:37:41 RAM 7269/7607MB (lfb 1x4MB) SWAP 1139/16384MB (cached 239MB) CPU [3%@729,1%@729,6%@729,2%@729,92%@1344,0%@1344] GR3D_FREQ 97% cpu@63.625C soc2@62.75C soc0@63.406C gpu@65.281C tj@65.281C soc1@62.468C VDD_IN 17772mW/17431mW VDD_CPU_GPU_CV 8666mW/8334mW VDD_SOC 3995mW/3959mW
08-11-2026 15:37:42 RAM 7269/7607MB (lfb 1x4MB) SWAP 1139/16384MB (cached 239MB) CPU [2%@729,4%@729,1%@729,3%@729,21%@1344,72%@1344] GR3D_FREQ 97% cpu@63.562C soc2@62.781C soc0@63.531C gpu@65.218C tj@65.218C soc1@62.531C VDD_IN 17693mW/17432mW VDD_CPU_GPU_CV 8588mW/8335mW VDD_SOC 3995mW/3960mW
08-11-2026 15:37:43 RAM 7271/7607MB (lfb 1x4MB) SWAP 1139/16384MB (cached 239MB) CPU [4%@729,14%@729,3%@729,6%@729,0%@1344,92%@1344] GR3D_FREQ 97% cpu@63.906C soc2@62.843C soc0@63.468C gpu@65.187C tj@65.187C soc1@62.562C VDD_IN 17850mW/17434mW VDD_CPU_GPU_CV 8666mW/8336mW VDD_SOC 4034mW/3960mW
08-11-2026 15:37:44 RAM 7272/7607MB (lfb 1x4MB) SWAP 1139/16384MB (cached 239MB) CPU [3%@729,12%@729,2%@729,4%@729,0%@1344,91%@1344] GR3D_FREQ 97% cpu@63.593C soc2@62.843C soc0@63.625C gpu@65C tj@65C soc1@62.406C VDD_IN 17732mW/17435mW VDD_CPU_GPU_CV 8432mW/8336mW VDD_SOC 4073mW/3960mW
08-11-2026 15:37:45 RAM 7273/7607MB (lfb 1x4MB) SWAP 1139/16384MB (cached 239MB) CPU [2%@729,3%@729,5%@729,1%@729,0%@1344,92%@1344] GR3D_FREQ 97% cpu@63.625C soc2@62.812C soc0@63.5C gpu@65.125C tj@65.125C soc1@62.562C VDD_IN 17693mW/17436mW VDD_CPU_GPU_CV 8354mW/8336mW VDD_SOC 4073mW/3961mW
08-11-2026 15:37:46 RAM 7273/7607MB (lfb 1x4MB) SWAP 1139/16384MB (cached 239MB) CPU [2%@729,4%@729,2%@729,2%@729,0%@1344,93%@1344] GR3D_FREQ 97% cpu@63.781C soc2@62.75C soc0@63.468C gpu@64.968C tj@64.968C soc1@62.437C VDD_IN 17615mW/17436mW VDD_CPU_GPU_CV 8159mW/8336mW VDD_SOC 4151mW/3961mW
08-11-2026 15:37:47 RAM 7274/7607MB (lfb 1x4MB) SWAP 1139/16384MB (cached 239MB) CPU [6%@729,1%@729,2%@729,1%@729,0%@1344,92%@1344] GR3D_FREQ 97% cpu@64.031C soc2@62.812C soc0@63.468C gpu@65.187C tj@65.187C soc1@62.562C VDD_IN 17615mW/17437mW VDD_CPU_GPU_CV 8003mW/8334mW VDD_SOC 4190mW/3962mW
08-11-2026 15:37:48 RAM 7275/7607MB (lfb 1x4MB) SWAP 1139/16384MB (cached 239MB) CPU [2%@729,5%@729,1%@729,2%@729,0%@1344,92%@1344] GR3D_FREQ 98% cpu@63.75C soc2@62.687C soc0@63.625C gpu@64.906C tj@64.906C soc1@62.406C VDD_IN 17536mW/17437mW VDD_CPU_GPU_CV 7808mW/8332mW VDD_SOC 4276mW/3963mW
08-11-2026 15:37:49 RAM 7276/7607MB (lfb 1x4MB) SWAP 1139/16384MB (cached 239MB) CPU [4%@729,10%@729,15%@729,8%@729,0%@1344,92%@1344] GR3D_FREQ 99% cpu@63.968C soc2@62.718C soc0@63.468C gpu@64.812C tj@64.812C soc1@62.531C VDD_IN 17565mW/17438mW VDD_CPU_GPU_CV 8198mW/8332mW VDD_SOC 4119mW/3964mW
08-11-2026 15:37:50 RAM 7277/7607MB (lfb 1x4MB) SWAP 1139/16384MB (cached 239MB) CPU [3%@729,1%@729,2%@729,7%@729,0%@1344,92%@1344] GR3D_FREQ 99% cpu@63.875C soc2@62.718C soc0@63.5C gpu@65.312C tj@65.312C soc1@62.437C VDD_IN 17497mW/17438mW VDD_CPU_GPU_CV 8549mW/8333mW VDD_SOC 3962mW/3964mW
08-11-2026 15:37:51 RAM 7277/7607MB (lfb 1x4MB) SWAP 1139/16384MB (cached 239MB) CPU [1%@729,3%@729,2%@729,4%@729,0%@1344,93%@1344] GR3D_FREQ 99% cpu@63.562C soc2@62.812C soc0@63.531C gpu@65.187C tj@65.187C soc1@62.562C VDD_IN 17811mW/17439mW VDD_CPU_GPU_CV 8666mW/8334mW VDD_SOC 4034mW/3964mW
08-11-2026 15:37:52 RAM 7277/7607MB (lfb 1x4MB) SWAP 1139/16384MB (cached 239MB) CPU [2%@729,3%@729,2%@729,1%@729,0%@1344,96%@1344] GR3D_FREQ 97% cpu@63.562C soc2@62.875C soc0@63.562C gpu@65.093C tj@65.093C soc1@62.5C VDD_IN 17654mW/17440mW VDD_CPU_GPU_CV 8705mW/8335mW VDD_SOC 3923mW/3964mW
08-11-2026 15:37:53 RAM 7266/7607MB (lfb 1x4MB) SWAP 1145/16384MB (cached 237MB) CPU [3%@729,5%@729,3%@729,3%@729,0%@1344,96%@1344] GR3D_FREQ 97% cpu@63.562C soc2@62.718C soc0@63.468C gpu@65.218C tj@65.218C soc1@62.531C VDD_IN 17850mW/17442mW VDD_CPU_GPU_CV 8862mW/8337mW VDD_SOC 3955mW/3964mW
08-11-2026 15:37:54 RAM 7269/7607MB (lfb 1x4MB) SWAP 1145/16384MB (cached 237MB) CPU [9%@729,3%@729,6%@729,17%@729,0%@1344,92%@1344] GR3D_FREQ 99% cpu@63.75C soc2@62.812C soc0@63.468C gpu@65.093C tj@65.093C soc1@62.531C VDD_IN 17811mW/17443mW VDD_CPU_GPU_CV 8784mW/8339mW VDD_SOC 3955mW/3964mW
08-11-2026 15:37:55 RAM 7270/7607MB (lfb 1x4MB) SWAP 1145/16384MB (cached 237MB) CPU [2%@729,3%@729,2%@729,7%@729,0%@1344,92%@1344] GR3D_FREQ 97% cpu@63.968C soc2@62.781C soc0@63.437C gpu@65.375C tj@65.375C soc1@62.531C VDD_IN 17811mW/17444mW VDD_CPU_GPU_CV 8744mW/8340mW VDD_SOC 3955mW/3964mW
08-11-2026 15:37:56 RAM 7270/7607MB (lfb 1x4MB) SWAP 1145/16384MB (cached 237MB) CPU [3%@729,3%@729,1%@729,2%@729,0%@1344,93%@1344] GR3D_FREQ 97% cpu@63.625C soc2@62.812C soc0@63.562C gpu@65.281C tj@65.281C soc1@62.593C VDD_IN 17732mW/17445mW VDD_CPU_GPU_CV 8588mW/8341mW VDD_SOC 3995mW/3964mW
08-11-2026 15:37:57 RAM 7271/7607MB (lfb 1x4MB) SWAP 1145/16384MB (cached 237MB) CPU [2%@729,3%@729,2%@729,1%@729,0%@1344,91%@1344] GR3D_FREQ 97% cpu@63.593C soc2@62.812C soc0@63.562C gpu@65.312C tj@65.312C soc1@62.5C VDD_IN 17732mW/17446mW VDD_CPU_GPU_CV 8588mW/8342mW VDD_SOC 4034mW/3964mW
08-11-2026 15:37:58 RAM 7271/7607MB (lfb 1x4MB) SWAP 1145/16384MB (cached 237MB) CPU [2%@729,1%@729,1%@729,7%@729,0%@1344,92%@1344] GR3D_FREQ 99% cpu@63.562C soc2@62.75C soc0@63.468C gpu@65.312C tj@65.312C soc1@62.437C VDD_IN 17732mW/17447mW VDD_CPU_GPU_CV 8432mW/8342mW VDD_SOC 4073mW/3965mW
08-11-2026 15:37:59 RAM 7273/7607MB (lfb 1x4MB) SWAP 1145/16384MB (cached 237MB) CPU [11%@729,7%@729,12%@729,5%@729,0%@1344,92%@1344] GR3D_FREQ 97% cpu@63.718C soc2@62.781C soc0@63.468C gpu@65.437C tj@65.437C soc1@62.562C VDD_IN 17811mW/17449mW VDD_CPU_GPU_CV 8471mW/8343mW VDD_SOC 4073mW/3965mW
08-11-2026 15:38:00 RAM 7273/7607MB (lfb 1x4MB) SWAP 1145/16384MB (cached 237MB) CPU [3%@729,5%@729,2%@729,1%@729,0%@1344,93%@1344] GR3D_FREQ 98% cpu@63.875C soc2@62.843C soc0@63.531C gpu@65.156C tj@65.156C soc1@62.593C VDD_IN 17654mW/17449mW VDD_CPU_GPU_CV 8198mW/8342mW VDD_SOC 4151mW/3966mW
08-11-2026 15:38:01 RAM 7274/7607MB (lfb 1x4MB) SWAP 1145/16384MB (cached 237MB) CPU [1%@729,6%@729,3%@729,1%@729,0%@1344,92%@1344] GR3D_FREQ 97% cpu@63.656C soc2@62.843C soc0@63.531C gpu@65.156C tj@65.156C soc1@62.687C VDD_IN 17693mW/17450mW VDD_CPU_GPU_CV 8120mW/8341mW VDD_SOC 4190mW/3967mW
08-11-2026 15:38:02 RAM 7274/7607MB (lfb 1x4MB) SWAP 1145/16384MB (cached 237MB) CPU [4%@729,2%@729,1%@729,5%@729,0%@1344,92%@1344] GR3D_FREQ 97% cpu@63.812C soc2@62.875C soc0@63.562C gpu@65C tj@65C soc1@62.531C VDD_IN 17536mW/17451mW VDD_CPU_GPU_CV 7886mW/8340mW VDD_SOC 4237mW/3967mW
08-11-2026 15:38:03 RAM 7275/7607MB (lfb 1x4MB) SWAP 1145/16384MB (cached 237MB) CPU [3%@729,1%@729,1%@729,4%@729,0%@1344,92%@1344] GR3D_FREQ 99% cpu@64.125C soc2@62.843C soc0@63.5C gpu@64.593C tj@64.593C soc1@62.468C VDD_IN 17526mW/17451mW VDD_CPU_GPU_CV 7886mW/8338mW VDD_SOC 4197mW/3968mW
08-11-2026 15:38:04 RAM 7276/7607MB (lfb 1x4MB) SWAP 1145/16384MB (cached 237MB) CPU [17%@729,3%@729,7%@729,8%@729,0%@1344,92%@1344] GR3D_FREQ 99% cpu@63.625C soc2@62.781C soc0@63.531C gpu@65.093C tj@65.093C soc1@62.593C VDD_IN 17772mW/17452mW VDD_CPU_GPU_CV 8627mW/8339mW VDD_SOC 4034mW/3968mW
08-11-2026 15:38:05 RAM 7277/7607MB (lfb 1x4MB) SWAP 1145/16384MB (cached 237MB) CPU [3%@729,2%@729,1%@729,3%@729,0%@1344,93%@1344] GR3D_FREQ 99% cpu@63.906C soc2@62.843C soc0@63.562C gpu@65.531C tj@65.531C soc1@62.593C VDD_IN 17693mW/17453mW VDD_CPU_GPU_CV 8549mW/8340mW VDD_SOC 3995mW/3969mW
08-11-2026 15:38:06 RAM 7277/7607MB (lfb 1x4MB) SWAP 1145/16384MB (cached 237MB) CPU [2%@729,2%@729,3%@729,3%@729,3%@729,93%@729] GR3D_FREQ 99% cpu@63.562C soc2@62.906C soc0@63.625C gpu@65.75C tj@65.75C soc1@62.5C VDD_IN 17929mW/17454mW VDD_CPU_GPU_CV 8940mW/8342mW VDD_SOC 3955mW/3969mW
08-11-2026 15:38:07 RAM 7268/7607MB (lfb 1x4MB) SWAP 1151/16384MB (cached 238MB) CPU [3%@729,5%@729,2%@729,4%@729,0%@1344,99%@1344] GR3D_FREQ 97% cpu@63.75C soc2@62.781C soc0@63.5C gpu@65.093C tj@65.093C soc1@62.531C VDD_IN 17850mW/17456mW VDD_CPU_GPU_CV 8862mW/8344mW VDD_SOC 3916mW/3968mW
08-11-2026 15:38:08 RAM 7269/7607MB (lfb 1x4MB) SWAP 1151/16384MB (cached 238MB) CPU [3%@729,2%@729,2%@729,4%@729,0%@1344,92%@1344] GR3D_FREQ 97% cpu@63.906C soc2@62.718C soc0@63.437C gpu@65.156C tj@65.156C soc1@62.5C VDD_IN 17811mW/17457mW VDD_CPU_GPU_CV 8744mW/8345mW VDD_SOC 3955mW/3968mW
08-11-2026 15:38:09 RAM 7270/7607MB (lfb 1x4MB) SWAP 1150/16384MB (cached 238MB) CPU [11%@806,8%@806,2%@806,6%@806,0%@1344,92%@1344] GR3D_FREQ 97% cpu@63.687C soc2@62.937C soc0@63.5C gpu@65.281C tj@65.281C soc1@62.562C VDD_IN 17968mW/17459mW VDD_CPU_GPU_CV 8901mW/8347mW VDD_SOC 3955mW/3968mW
08-11-2026 15:38:10 RAM 7272/7607MB (lfb 1x4MB) SWAP 1150/16384MB (cached 238MB) CPU [7%@729,6%@729,6%@729,2%@729,0%@1344,91%@1344] GR3D_FREQ 97% cpu@63.687C soc2@62.843C soc0@63.562C gpu@65.281C tj@65.281C soc1@62.625C VDD_IN 17811mW/17460mW VDD_CPU_GPU_CV 8705mW/8348mW VDD_SOC 3995mW/3968mW
08-11-2026 15:38:11 RAM 7272/7607MB (lfb 1x4MB) SWAP 1150/16384MB (cached 238MB) CPU [1%@729,2%@729,4%@729,2%@729,0%@1344,92%@1344] GR3D_FREQ 97% cpu@63.718C soc2@62.75C soc0@63.593C gpu@65.406C tj@65.406C soc1@62.5C VDD_IN 17811mW/17461mW VDD_CPU_GPU_CV 8627mW/8349mW VDD_SOC 3995mW/3968mW
08-11-2026 15:38:12 RAM 7272/7607MB (lfb 1x4MB) SWAP 1150/16384MB (cached 238MB) CPU [2%@729,1%@729,1%@729,1%@729,3%@1344,92%@1344] GR3D_FREQ 97% cpu@63.937C soc2@62.843C soc0@63.5C gpu@65.093C tj@65.093C soc1@62.562C VDD_IN 17772mW/17462mW VDD_CPU_GPU_CV 8510mW/8350mW VDD_SOC 4034mW/3969mW
08-11-2026 15:38:13 RAM 7273/7607MB (lfb 1x4MB) SWAP 1150/16384MB (cached 238MB) CPU [2%@729,2%@729,1%@729,1%@729,1%@1344,92%@1344] GR3D_FREQ 97% cpu@63.718C soc2@62.781C soc0@63.562C gpu@65.125C tj@65.125C soc1@62.593C VDD_IN 17732mW/17463mW VDD_CPU_GPU_CV 8432mW/8350mW VDD_SOC 4073mW/3969mW
08-11-2026 15:38:14 RAM 7273/7607MB (lfb 1x4MB) SWAP 1150/16384MB (cached 238MB) CPU [2%@729,1%@729,2%@729,4%@729,0%@1344,92%@1344] GR3D_FREQ 97% cpu@63.625C soc2@62.875C soc0@63.562C gpu@65.156C tj@65.156C soc1@62.718C VDD_IN 17693mW/17464mW VDD_CPU_GPU_CV 8315mW/8350mW VDD_SOC 4112mW/3969mW
08-11-2026 15:38:15 RAM 7274/7607MB (lfb 1x4MB) SWAP 1150/16384MB (cached 238MB) CPU [13%@729,11%@729,6%@729,5%@729,4%@1344,92%@1344] GR3D_FREQ 97% cpu@63.812C soc2@62.812C soc0@63.656C gpu@65.281C tj@65.281C soc1@62.531C VDD_IN 17654mW/17464mW VDD_CPU_GPU_CV 8159mW/8349mW VDD_SOC 4151mW/3970mW
08-11-2026 15:38:16 RAM 7274/7607MB (lfb 1x4MB) SWAP 1150/16384MB (cached 238MB) CPU [3%@729,3%@729,5%@729,1%@729,0%@1344,92%@1344] GR3D_FREQ 97% cpu@63.875C soc2@62.75C soc0@63.437C gpu@65.281C tj@65.281C soc1@62.593C VDD_IN 17654mW/17465mW VDD_CPU_GPU_CV 8003mW/8348mW VDD_SOC 4190mW/3971mW
08-11-2026 15:38:17 RAM 7275/7607MB (lfb 1x4MB) SWAP 1150/16384MB (cached 238MB) CPU [2%@729,1%@729,8%@729,3%@729,0%@1344,93%@1344] GR3D_FREQ 99% cpu@64.25C soc2@62.937C soc0@63.468C gpu@64.906C tj@64.906C soc1@62.562C VDD_IN 17654mW/17466mW VDD_CPU_GPU_CV 7808mW/8346mW VDD_SOC 4269mW/3972mW
08-11-2026 15:38:18 RAM 7275/7607MB (lfb 1x4MB) SWAP 1150/16384MB (cached 238MB) CPU [5%@729,1%@729,2%@729,2%@729,0%@1344,92%@1344] GR3D_FREQ 99% cpu@63.843C soc2@62.968C soc0@63.625C gpu@65.062C tj@65.062C soc1@62.625C VDD_IN 17565mW/17466mW VDD_CPU_GPU_CV 8237mW/8346mW VDD_SOC 4080mW/3972mW
08-11-2026 15:38:19 RAM 7276/7607MB (lfb 1x4MB) SWAP 1150/16384MB (cached 238MB) CPU [2%@729,1%@729,2%@729,5%@729,0%@1344,92%@1344] GR3D_FREQ 99% cpu@63.968C soc2@62.937C soc0@63.625C gpu@65.343C tj@65.343C soc1@62.687C VDD_IN 17536mW/17466mW VDD_CPU_GPU_CV 8510mW/8347mW VDD_SOC 3962mW/3972mW
08-11-2026 15:38:20 RAM 7277/7607MB (lfb 1x4MB) SWAP 1150/16384MB (cached 238MB) CPU [9%@729,10%@729,5%@729,13%@729,0%@1344,92%@1344] GR3D_FREQ 99% cpu@63.75C soc2@62.968C soc0@63.531C gpu@65.281C tj@65.281C soc1@62.562C VDD_IN 18085mW/17468mW VDD_CPU_GPU_CV 8808mW/8348mW VDD_SOC 4073mW/3972mW
08-11-2026 15:38:21 RAM 7277/7607MB (lfb 1x4MB) SWAP 1150/16384MB (cached 238MB) CPU [2%@729,3%@729,4%@729,3%@729,0%@1344,98%@1344] GR3D_FREQ 96% cpu@63.718C soc2@62.875C soc0@63.562C gpu@65.218C tj@65.218C soc1@62.531C VDD_IN 17811mW/17469mW VDD_CPU_GPU_CV 8823mW/8350mW VDD_SOC 3916mW/3972mW
08-11-2026 15:38:22 RAM 7278/7607MB (lfb 1x4MB) SWAP 1150/16384MB (cached 238MB) CPU [2%@729,3%@729,3%@729,2%@729,0%@1344,94%@1344] GR3D_FREQ 97% cpu@64.031C soc2@62.843C soc0@63.562C gpu@65.312C tj@65.312C soc1@62.656C VDD_IN 17811mW/17471mW VDD_CPU_GPU_CV 8784mW/8351mW VDD_SOC 3955mW/3972mW
08-11-2026 15:38:23 RAM 7278/7607MB (lfb 1x4MB) SWAP 1150/16384MB (cached 238MB) CPU [4%@729,3%@729,3%@729,1%@729,0%@1344,92%@1344] GR3D_FREQ 97% cpu@63.687C soc2@62.843C soc0@63.562C gpu@65.281C tj@65.281C soc1@62.718C VDD_IN 17772mW/17472mW VDD_CPU_GPU_CV 8784mW/8352mW VDD_SOC 3955mW/3972mW
08-11-2026 15:38:24 RAM 7269/7607MB (lfb 1x4MB) SWAP 1157/16384MB (cached 239MB) CPU [3%@729,4%@729,2%@729,6%@729,0%@1344,91%@1344] GR3D_FREQ 97% cpu@63.687C soc2@62.968C soc0@63.562C gpu@65.312C tj@65.437C soc1@62.531C VDD_IN 17811mW/17473mW VDD_CPU_GPU_CV 8705mW/8354mW VDD_SOC 3995mW/3972mW
08-11-2026 15:38:25 RAM 7273/7607MB (lfb 1x4MB) SWAP 1157/16384MB (cached 239MB) CPU [3%@729,7%@729,12%@729,18%@729,0%@1344,93%@1344] GR3D_FREQ 97% cpu@63.906C soc2@62.875C soc0@63.562C gpu@65.437C tj@65.437C soc1@62.531C VDD_IN 17850mW/17474mW VDD_CPU_GPU_CV 8705mW/8355mW VDD_SOC 3995mW/3972mW
08-11-2026 15:38:26 RAM 7273/7607MB (lfb 1x4MB) SWAP 1157/16384MB (cached 239MB) CPU [2%@729,1%@729,1%@729,4%@729,0%@1344,91%@1344] GR3D_FREQ 97% cpu@63.656C soc2@62.812C soc0@63.531C gpu@65.531C tj@65.531C soc1@62.593C VDD_IN 17732mW/17475mW VDD_CPU_GPU_CV 8549mW/8355mW VDD_SOC 4034mW/3973mW
08-11-2026 15:38:27 RAM 7274/7607MB (lfb 1x4MB) SWAP 1157/16384MB (cached 239MB) CPU [1%@729,4%@729,1%@729,1%@729,0%@1344,93%@1344] GR3D_FREQ 97% cpu@63.968C soc2@62.843C soc0@63.562C gpu@65.5C tj@65.5C soc1@62.656C VDD_IN 17654mW/17475mW VDD_CPU_GPU_CV 8393mW/8355mW VDD_SOC 4073mW/3973mW
08-11-2026 15:38:28 RAM 7274/7607MB (lfb 1x4MB) SWAP 1157/16384MB (cached 239MB) CPU [4%@729,2%@729,2%@729,9%@729,0%@1344,92%@1344] GR3D_FREQ 97% cpu@63.75C soc2@62.812C soc0@63.593C gpu@65.562C tj@65.562C soc1@62.718C VDD_IN 17732mW/17476mW VDD_CPU_GPU_CV 8315mW/8355mW VDD_SOC 4112mW/3973mW
08-11-2026 15:38:29 RAM 7274/7607MB (lfb 1x4MB) SWAP 1157/16384MB (cached 239MB) CPU [2%@729,2%@729,2%@729,4%@729,0%@1344,92%@1344] GR3D_FREQ 98% cpu@63.875C soc2@62.781C soc0@63.562C gpu@65.156C tj@65.156C soc1@62.5C VDD_IN 17693mW/17477mW VDD_CPU_GPU_CV 8159mW/8355mW VDD_SOC 4151mW/3974mW
08-11-2026 15:38:30 RAM 7275/7607MB (lfb 1x4MB) SWAP 1157/16384MB (cached 239MB) CPU [5%@729,5%@729,9%@729,19%@729,0%@1344,92%@1344] GR3D_FREQ 97% cpu@63.937C soc2@62.937C soc0@63.562C gpu@65.093C tj@65.093C soc1@62.687C VDD_IN 17850mW/17478mW VDD_CPU_GPU_CV 8198mW/8354mW VDD_SOC 4190mW/3975mW
08-11-2026 15:38:31 RAM 7276/7607MB (lfb 1x4MB) SWAP 1157/16384MB (cached 239MB) CPU [3%@729,5%@729,3%@729,1%@729,0%@1344,92%@1344] GR3D_FREQ 99% cpu@63.875C soc2@62.968C soc0@63.562C gpu@65.062C tj@65.062C soc1@62.718C VDD_IN 17615mW/17478mW VDD_CPU_GPU_CV 7847mW/8353mW VDD_SOC 4269mW/3975mW
08-11-2026 15:38:32 RAM 7276/7607MB (lfb 1x4MB) SWAP 1157/16384MB (cached 239MB) CPU [5%@729,2%@729,1%@729,1%@729,0%@1344,92%@1344] GR3D_FREQ 99% cpu@63.968C soc2@62.937C soc0@63.625C gpu@65.125C tj@65.125C soc1@62.718C VDD_IN 17536mW/17479mW VDD_CPU_GPU_CV 8159mW/8352mW VDD_SOC 4119mW/3976mW
08-11-2026 15:38:33 RAM 7277/7607MB (lfb 1x4MB) SWAP 1157/16384MB (cached 239MB) CPU [2%@729,1%@729,3%@729,4%@729,0%@1344,92%@1344] GR3D_FREQ 99% cpu@63.718C soc2@62.937C soc0@63.687C gpu@65.093C tj@65.093C soc1@62.562C VDD_IN 17615mW/17479mW VDD_CPU_GPU_CV 8510mW/8352mW VDD_SOC 4034mW/3976mW
08-11-2026 15:38:34 RAM 7277/7607MB (lfb 1x4MB) SWAP 1157/16384MB (cached 239MB) CPU [4%@729,3%@729,3%@729,2%@729,0%@1344,93%@1344] GR3D_FREQ 99% cpu@63.718C soc2@62.843C soc0@63.5C gpu@65.281C tj@65.281C soc1@62.593C VDD_IN 17929mW/17480mW VDD_CPU_GPU_CV 8705mW/8354mW VDD_SOC 4034mW/3976mW
08-11-2026 15:38:35 RAM 7278/7607MB (lfb 1x4MB) SWAP 1157/16384MB (cached 239MB) CPU [6%@1036,5%@1036,15%@1036,2%@1036,0%@1190,96%@1190] GR3D_FREQ 97% cpu@64.125C soc2@62.968C soc0@63.562C gpu@65.156C tj@65.156C soc1@62.687C VDD_IN 17929mW/17482mW VDD_CPU_GPU_CV 8862mW/8355mW VDD_SOC 3955mW/3976mW
08-11-2026 15:38:36 RAM 7279/7607MB (lfb 1x4MB) SWAP 1157/16384MB (cached 239MB) CPU [8%@729,2%@729,3%@729,5%@729,0%@1344,96%@1344] GR3D_FREQ 97% cpu@63.593C soc2@62.968C soc0@63.625C gpu@65.25C tj@65.25C soc1@62.718C VDD_IN 17850mW/17483mW VDD_CPU_GPU_CV 8862mW/8357mW VDD_SOC 3955mW/3976mW
08-11-2026 15:38:37 RAM 7279/7607MB (lfb 1x4MB) SWAP 1157/16384MB (cached 239MB) CPU [1%@729,1%@729,2%@729,7%@729,0%@1344,91%@1344] GR3D_FREQ 99% cpu@63.781C soc2@62.968C soc0@63.625C gpu@65.312C tj@65.312C soc1@62.812C VDD_IN 17811mW/17484mW VDD_CPU_GPU_CV 8744mW/8358mW VDD_SOC 3955mW/3976mW
08-11-2026 15:38:38 RAM 7280/7607MB (lfb 1x4MB) SWAP 1157/16384MB (cached 239MB) CPU [1%@729,3%@729,1%@729,4%@729,0%@1344,93%@1344] GR3D_FREQ 97% cpu@63.781C soc2@62.906C soc0@63.687C gpu@65.375C tj@65.375C soc1@62.531C VDD_IN 17889mW/17485mW VDD_CPU_GPU_CV 8784mW/8359mW VDD_SOC 3955mW/3976mW
08-11-2026 15:38:39 RAM 7280/7607MB (lfb 1x4MB) SWAP 1157/16384MB (cached 239MB) CPU [4%@729,5%@729,2%@729,3%@729,0%@1344,92%@1344] GR3D_FREQ 98% cpu@63.812C soc2@62.843C soc0@63.5C gpu@65.281C tj@65.281C soc1@62.562C VDD_IN 17772mW/17486mW VDD_CPU_GPU_CV 8627mW/8360mW VDD_SOC 3995mW/3976mW
08-11-2026 15:38:40 RAM 7281/7607MB (lfb 1x4MB) SWAP 1157/16384MB (cached 239MB) CPU [3%@729,7%@729,3%@729,2%@729,0%@1344,92%@1344] GR3D_FREQ 97% cpu@63.875C soc2@62.843C soc0@63.562C gpu@65.531C tj@65.531C soc1@62.656C VDD_IN 17811mW/17487mW VDD_CPU_GPU_CV 8627mW/8361mW VDD_SOC 4034mW/3976mW
08-11-2026 15:38:41 RAM 7283/7607MB (lfb 1x4MB) SWAP 1157/16384MB (cached 239MB) CPU [5%@729,10%@729,5%@729,3%@729,11%@1344,92%@1344] GR3D_FREQ 97% cpu@63.718C soc2@62.812C soc0@63.687C gpu@65.156C tj@65.156C soc1@62.781C VDD_IN 17811mW/17488mW VDD_CPU_GPU_CV 8549mW/8362mW VDD_SOC 4073mW/3977mW
08-11-2026 15:38:42 RAM 7283/7607MB (lfb 1x4MB) SWAP 1157/16384MB (cached 239MB) CPU [2%@729,3%@729,1%@729,4%@729,0%@1344,92%@1344] GR3D_FREQ 97% cpu@63.781C soc2@62.843C soc0@63.718C gpu@65.218C tj@65.218C soc1@62.593C VDD_IN 17772mW/17489mW VDD_CPU_GPU_CV 8393mW/8362mW VDD_SOC 4073mW/3977mW
08-11-2026 15:38:43 RAM 7284/7607MB (lfb 1x4MB) SWAP 1157/16384MB (cached 239MB) CPU [2%@729,2%@729,1%@729,4%@729,0%@1344,92%@1344] GR3D_FREQ 97% cpu@63.875C soc2@62.906C soc0@63.562C gpu@65.437C tj@65.437C soc1@62.593C VDD_IN 17693mW/17490mW VDD_CPU_GPU_CV 8276mW/8361mW VDD_SOC 4112mW/3977mW
08-11-2026 15:38:44 RAM 7284/7607MB (lfb 1x4MB) SWAP 1157/16384MB (cached 239MB) CPU [5%@729,2%@729,1%@729,2%@729,0%@1344,92%@1344] GR3D_FREQ 97% cpu@64.031C soc2@62.906C soc0@63.562C gpu@65.375C tj@65.375C soc1@62.656C VDD_IN 17693mW/17490mW VDD_CPU_GPU_CV 8159mW/8361mW VDD_SOC 4151mW/3978mW
08-11-2026 15:38:45 RAM 7285/7607MB (lfb 1x4MB) SWAP 1157/16384MB (cached 239MB) CPU [2%@1113,2%@1113,5%@1113,1%@1113,0%@1344,92%@1344] GR3D_FREQ 97% cpu@63.875C soc2@62.843C soc0@63.593C gpu@65.312C tj@65.312C soc1@62.812C VDD_IN 17693mW/17491mW VDD_CPU_GPU_CV 8003mW/8360mW VDD_SOC 4230mW/3979mW
08-11-2026 15:38:46 RAM 7279/7607MB (lfb 1x4MB) SWAP 1160/16384MB (cached 239MB) CPU [12%@729,6%@729,4%@729,16%@729,0%@1344,92%@1344] GR3D_FREQ 99% cpu@64.093C soc2@62.937C soc0@63.593C gpu@64.906C tj@64.906C soc1@62.562C VDD_IN 17615mW/17491mW VDD_CPU_GPU_CV 7925mW/8358mW VDD_SOC 4269mW/3979mW
08-11-2026 15:38:47 RAM 7280/7607MB (lfb 1x4MB) SWAP 1160/16384MB (cached 239MB) CPU [1%@1344,2%@1344,5%@1344,1%@1344,0%@1344,93%@1344] GR3D_FREQ 99% cpu@64C soc2@62.968C soc0@63.562C gpu@65.187C tj@65.187C soc1@62.656C VDD_IN 17536mW/17491mW VDD_CPU_GPU_CV 8393mW/8358mW VDD_SOC 4040mW/3980mW
08-11-2026 15:38:48 RAM 7280/7607MB (lfb 1x4MB) SWAP 1160/16384MB (cached 239MB) CPU [8%@729,2%@729,2%@729,1%@729,0%@1344,92%@1344] GR3D_FREQ 99% cpu@63.687C soc2@62.968C soc0@63.593C gpu@65.406C tj@65.406C soc1@62.687C VDD_IN 17693mW/17492mW VDD_CPU_GPU_CV 8510mW/8359mW VDD_SOC 3995mW/3980mW
08-11-2026 15:38:49 RAM 7280/7607MB (lfb 1x4MB) SWAP 1160/16384MB (cached 239MB) CPU [7%@1113,1%@1113,0%@1113,2%@1113,0%@729,92%@729] GR3D_FREQ 99% cpu@63.875C soc2@63C soc0@63.625C gpu@65.593C tj@65.593C soc1@62.531C VDD_IN 18085mW/17494mW VDD_CPU_GPU_CV 8847mW/8360mW VDD_SOC 4073mW/3980mW
08-11-2026 15:38:50 RAM 7280/7607MB (lfb 1x4MB) SWAP 1160/16384MB (cached 239MB) CPU [6%@1344,3%@1344,3%@1344,3%@1344,0%@1344,100%@1344] GR3D_FREQ 97% cpu@63.968C soc2@62.875C soc0@63.562C gpu@65.156C tj@65.156C soc1@62.562C VDD_IN 17850mW/17495mW VDD_CPU_GPU_CV 8862mW/8362mW VDD_SOC 3916mW/3980mW
08-11-2026 15:38:51 RAM 7282/7607MB (lfb 1x4MB) SWAP 1160/16384MB (cached 239MB) CPU [11%@1344,10%@1344,6%@1344,10%@1344,0%@1344,91%@1344] GR3D_FREQ 97% cpu@64.031C soc2@62.906C soc0@63.562C gpu@65.093C tj@65.093C soc1@62.687C VDD_IN 17850mW/17496mW VDD_CPU_GPU_CV 8823mW/8363mW VDD_SOC 3955mW/3980mW
08-11-2026 15:38:52 RAM 7282/7607MB (lfb 1x4MB) SWAP 1160/16384MB (cached 239MB) CPU [3%@729,1%@729,7%@729,1%@729,0%@1344,92%@1344] GR3D_FREQ 97% cpu@63.718C soc2@62.937C soc0@63.656C gpu@65.156C tj@65.156C soc1@62.75C VDD_IN 17732mW/17497mW VDD_CPU_GPU_CV 8744mW/8364mW VDD_SOC 3955mW/3980mW
08-11-2026 15:38:53 RAM 7282/7607MB (lfb 1x4MB) SWAP 1160/16384MB (cached 239MB) CPU [2%@1344,3%@1344,2%@1344,1%@729,0%@1344,92%@1344] GR3D_FREQ 97% cpu@63.843C soc2@62.843C soc0@63.718C gpu@65.312C tj@65.312C soc1@62.562C VDD_IN 17654mW/17497mW VDD_CPU_GPU_CV 8627mW/8365mW VDD_SOC 3955mW/3980mW
08-11-2026 15:38:54 RAM 7283/7607MB (lfb 1x4MB) SWAP 1160/16384MB (cached 239MB) CPU [2%@729,2%@729,2%@729,5%@729,0%@1344,92%@1344] GR3D_FREQ 97% cpu@63.968C soc2@62.968C soc0@63.562C gpu@65.375C tj@65.375C soc1@62.562C VDD_IN 17693mW/17498mW VDD_CPU_GPU_CV 8549mW/8366mW VDD_SOC 3995mW/3980mW
08-11-2026 15:38:55 RAM 7283/7607MB (lfb 1x4MB) SWAP 1160/16384MB (cached 239MB) CPU [2%@729,2%@729,1%@729,5%@729,0%@1344,92%@1344] GR3D_FREQ 97% cpu@63.906C soc2@62.937C soc0@63.593C gpu@65.375C tj@65.375C soc1@62.625C VDD_IN 17654mW/17498mW VDD_CPU_GPU_CV 8471mW/8366mW VDD_SOC 4034mW/3980mW
08-11-2026 15:38:56 RAM 7286/7607MB (lfb 1x4MB) SWAP 1160/16384MB (cached 239MB) CPU [4%@1344,6%@1344,18%@1344,8%@1344,0%@1344,92%@1344] GR3D_FREQ 97% cpu@64.031C soc2@62.968C soc0@63.625C gpu@65.093C tj@65.093C soc1@62.718C VDD_IN 17693mW/17499mW VDD_CPU_GPU_CV 8510mW/8366mW VDD_SOC 4034mW/3980mW
08-11-2026 15:38:57 RAM 7286/7607MB (lfb 1x4MB) SWAP 1160/16384MB (cached 239MB) CPU [2%@729,2%@729,2%@729,3%@729,0%@1344,92%@1344] GR3D_FREQ 98% cpu@63.656C soc2@63C soc0@63.625C gpu@65.093C tj@65.093C soc1@62.562C VDD_IN 17575mW/17499mW VDD_CPU_GPU_CV 8237mW/8366mW VDD_SOC 4073mW/3980mW
08-11-2026 15:38:58 RAM 7287/7607MB (lfb 1x4MB) SWAP 1160/16384MB (cached 239MB) CPU [2%@729,3%@729,4%@729,1%@729,0%@1344,93%@1344] GR3D_FREQ 97% cpu@63.812C soc2@62.843C soc0@63.687C gpu@65.125C tj@65.125C soc1@62.531C VDD_IN 17536mW/17499mW VDD_CPU_GPU_CV 8081mW/8365mW VDD_SOC 4112mW/3981mW
08-11-2026 15:38:59 RAM 7280/7607MB (lfb 1x4MB) SWAP 1165/16384MB (cached 238MB) CPU [2%@729,6%@729,5%@729,4%@729,0%@1344,92%@1344] GR3D_FREQ 97% cpu@64.031C soc2@62.875C soc0@63.531C gpu@65.093C tj@65.093C soc1@62.625C VDD_IN 17575mW/17499mW VDD_CPU_GPU_CV 7964mW/8364mW VDD_SOC 4190mW/3981mW
08-11-2026 15:39:00 RAM 7281/7607MB (lfb 1x4MB) SWAP 1165/16384MB (cached 238MB) CPU [2%@729,2%@729,6%@729,2%@729,0%@1344,92%@1344] GR3D_FREQ 99% cpu@63.937C soc2@62.875C soc0@63.562C gpu@64.687C tj@64.687C soc1@62.687C VDD_IN 17458mW/17499mW VDD_CPU_GPU_CV 7690mW/8362mW VDD_SOC 4276mW/3982mW
08-11-2026 15:39:01 RAM 7282/7607MB (lfb 1x4MB) SWAP 1165/16384MB (cached 238MB) CPU [19%@1344,17%@1344,17%@1344,25%@1344,13%@1344,92%@1344] GR3D_FREQ 99% cpu@64.531C soc2@63.093C soc0@63.593C gpu@65.156C tj@65.156C soc1@62.718C VDD_IN 18242mW/17501mW VDD_CPU_GPU_CV 8847mW/8363mW VDD_SOC 4112mW/3982mW
08-11-2026 15:39:02 RAM 7284/7607MB (lfb 1x4MB) SWAP 1165/16384MB (cached 238MB) CPU [9%@729,8%@729,13%@729,14%@729,6%@1344,92%@1344] GR3D_FREQ 99% cpu@63.812C soc2@62.937C soc0@63.75C gpu@65.093C tj@65.093C soc1@62.531C VDD_IN 17615mW/17502mW VDD_CPU_GPU_CV 8510mW/8364mW VDD_SOC 3995mW/3982mW
08-11-2026 15:39:03 RAM 7284/7607MB (lfb 1x4MB) SWAP 1165/16384MB (cached 238MB) CPU [6%@729,1%@729,1%@729,2%@729,0%@1344,91%@1344] GR3D_FREQ 99% cpu@63.812C soc2@62.968C soc0@63.656C gpu@65.218C tj@65.218C soc1@62.5C VDD_IN 17929mW/17503mW VDD_CPU_GPU_CV 8784mW/8365mW VDD_SOC 4034mW/3983mW
08-11-2026 15:39:04 RAM 7284/7607MB (lfb 1x4MB) SWAP 1165/16384MB (cached 238MB) CPU [3%@729,2%@729,0%@729,3%@729,0%@1344,99%@1344] GR3D_FREQ 97% cpu@63.968C soc2@62.906C soc0@63.562C gpu@65.25C tj@65.25C soc1@62.687C VDD_IN 17693mW/17503mW VDD_CPU_GPU_CV 8823mW/8366mW VDD_SOC 3916mW/3982mW
08-11-2026 15:39:05 RAM 7285/7607MB (lfb 1x4MB) SWAP 1165/16384MB (cached 238MB) CPU [3%@729,5%@729,2%@729,2%@729,0%@1344,93%@1344] GR3D_FREQ 97% cpu@63.687C soc2@62.968C soc0@63.593C gpu@65.218C tj@65.218C soc1@62.687C VDD_IN 17693mW/17504mW VDD_CPU_GPU_CV 8705mW/8367mW VDD_SOC 3916mW/3982mW
08-11-2026 15:39:06 RAM 7286/7607MB (lfb 1x4MB) SWAP 1165/16384MB (cached 238MB) CPU [3%@729,6%@729,2%@729,1%@729,0%@1344,93%@1344] GR3D_FREQ 97% cpu@63.718C soc2@62.937C soc0@63.656C gpu@65.218C tj@65.281C soc1@62.562C VDD_IN 17654mW/17504mW VDD_CPU_GPU_CV 8705mW/8368mW VDD_SOC 3916mW/3982mW
08-11-2026 15:39:07 RAM 7287/7607MB (lfb 1x4MB) SWAP 1165/16384MB (cached 238MB) CPU [5%@729,4%@729,9%@729,17%@729,2%@1344,92%@1344] GR3D_FREQ 97% cpu@63.687C soc2@62.937C soc0@63.687C gpu@65.343C tj@65.343C soc1@62.656C VDD_IN 17732mW/17505mW VDD_CPU_GPU_CV 8666mW/8369mW VDD_SOC 3955mW/3982mW
08-11-2026 15:39:08 RAM 7287/7607MB (lfb 1x4MB) SWAP 1165/16384MB (cached 238MB) CPU [3%@729,2%@729,1%@729,5%@729,0%@1344,92%@1344] GR3D_FREQ 97% cpu@63.906C soc2@62.906C soc0@63.5C gpu@65.218C tj@65.218C soc1@62.593C VDD_IN 17654mW/17505mW VDD_CPU_GPU_CV 8510mW/8370mW VDD_SOC 3995mW/3982mW
08-11-2026 15:39:09 RAM 7287/7607MB (lfb 1x4MB) SWAP 1165/16384MB (cached 238MB) CPU [2%@729,3%@729,2%@729,2%@729,0%@1344,92%@1344] GR3D_FREQ 97% cpu@63.968C soc2@62.937C soc0@63.656C gpu@65.406C tj@65.406C soc1@62.593C VDD_IN 17693mW/17506mW VDD_CPU_GPU_CV 8510mW/8370mW VDD_SOC 3995mW/3982mW
08-11-2026 15:39:10 RAM 7288/7607MB (lfb 1x4MB) SWAP 1165/16384MB (cached 238MB) CPU [3%@729,5%@729,2%@729,1%@729,1%@1344,92%@1344] GR3D_FREQ 99% cpu@63.781C soc2@62.843C soc0@63.562C gpu@65.312C tj@65.312C soc1@62.718C VDD_IN 17654mW/17506mW VDD_CPU_GPU_CV 8354mW/8370mW VDD_SOC 4034mW/3982mW
08-11-2026 15:39:11 RAM 7283/7607MB (lfb 1x4MB) SWAP 1165/16384MB (cached 237MB) CPU [4%@729,9%@729,2%@729,2%@729,0%@1344,92%@1344] GR3D_FREQ 97% cpu@63.812C soc2@62.906C soc0@63.593C gpu@65.218C tj@65.218C soc1@62.593C VDD_IN 17693mW/17507mW VDD_CPU_GPU_CV 8354mW/8370mW VDD_SOC 4073mW/3982mW
08-11-2026 15:39:12 RAM 7287/7607MB (lfb 1x4MB) SWAP 1165/16384MB (cached 237MB) CPU [7%@729,3%@729,16%@729,10%@729,1%@1344,92%@1344] GR3D_FREQ 97% cpu@64C soc2@62.843C soc0@63.687C gpu@65.25C tj@65.25C soc1@62.656C VDD_IN 17693mW/17507mW VDD_CPU_GPU_CV 8237mW/8370mW VDD_SOC 4112mW/3983mW
08-11-2026 15:39:13 RAM 7288/7607MB (lfb 1x4MB) SWAP 1165/16384MB (cached 237MB) CPU [2%@729,4%@729,1%@729,1%@729,1%@1344,93%@1344] GR3D_FREQ 97% cpu@63.937C soc2@62.937C soc0@63.593C gpu@65.218C tj@65.218C soc1@62.656C VDD_IN 17615mW/17508mW VDD_CPU_GPU_CV 8042mW/8369mW VDD_SOC 4151mW/3983mW
08-11-2026 15:39:14 RAM 7288/7607MB (lfb 1x4MB) SWAP 1165/16384MB (cached 237MB) CPU [1%@729,2%@729,1%@729,2%@729,1%@1344,92%@1344] GR3D_FREQ 97% cpu@64.187C soc2@62.906C soc0@63.593C gpu@65.093C tj@65.093C soc1@62.656C VDD_IN 17565mW/17508mW VDD_CPU_GPU_CV 7808mW/8367mW VDD_SOC 4230mW/3984mW
08-11-2026 15:39:15 RAM 7289/7607MB (lfb 1x4MB) SWAP 1165/16384MB (cached 237MB) CPU [3%@729,1%@729,3%@729,1%@729,3%@1344,92%@1344] GR3D_FREQ 99% cpu@64.062C soc2@63.062C soc0@63.718C gpu@64.906C tj@64.906C soc1@62.593C VDD_IN 17458mW/17508mW VDD_CPU_GPU_CV 7925mW/8366mW VDD_SOC 4197mW/3985mW
08-11-2026 15:39:16 RAM 7289/7607MB (lfb 1x4MB) SWAP 1165/16384MB (cached 237MB) CPU [3%@729,2%@729,2%@729,4%@729,0%@1344,91%@1344] GR3D_FREQ 99% cpu@63.875C soc2@62.968C soc0@63.75C gpu@65.5C tj@65.5C soc1@62.687C VDD_IN 17497mW/17508mW VDD_CPU_GPU_CV 8471mW/8366mW VDD_SOC 4001mW/3985mW
08-11-2026 15:39:17 RAM 7290/7607MB (lfb 1x4MB) SWAP 1165/16384MB (cached 237MB) CPU [6%@729,16%@729,4%@729,5%@729,1%@1344,92%@1344] GR3D_FREQ 99% cpu@63.906C soc2@62.937C soc0@63.625C gpu@65.531C tj@65.531C soc1@62.718C VDD_IN 17732mW/17508mW VDD_CPU_GPU_CV 8627mW/8367mW VDD_SOC 3995mW/3985mW
08-11-2026 15:39:18 RAM 7290/7607MB (lfb 1x4MB) SWAP 1165/16384MB (cached 237MB) CPU [2%@729,2%@729,3%@729,4%@729,0%@806,94%@806] GR3D_FREQ 99% cpu@64.031C soc2@62.968C soc0@63.687C gpu@65.687C tj@65.687C soc1@62.75C VDD_IN 17732mW/17509mW VDD_CPU_GPU_CV 8784mW/8368mW VDD_SOC 3955mW/3985mW
08-11-2026 15:39:19 RAM 7263/7607MB (lfb 1x4MB) SWAP 1194/16384MB (cached 234MB) CPU [10%@729,12%@729,15%@729,11%@729,4%@1113,59%@1113] GR3D_FREQ 0% cpu@63.625C soc2@62.625C soc0@63.593C gpu@63.468C tj@63.593C soc1@62.75C VDD_IN 11726mW/17493mW VDD_CPU_GPU_CV 4580mW/8358mW VDD_SOC 3085mW/3982mW
08-11-2026 15:39:20 RAM 7355/7607MB (lfb 1x4MB) SWAP 1284/16384MB (cached 265MB) CPU [75%@1344,71%@1344,77%@1344,72%@1344,69%@960,76%@960] GR3D_FREQ 6% cpu@63.156C soc2@62.093C soc0@63.375C gpu@62.562C tj@63.375C soc1@62.375C VDD_IN 8240mW/17468mW VDD_CPU_GPU_CV 2742mW/8342mW VDD_SOC 1831mW/3976mW
08-11-2026 15:39:21 RAM 7356/7607MB (lfb 1x4MB) SWAP 1284/16384MB (cached 265MB) CPU [9%@1344,7%@1344,7%@1344,99%@1344,9%@729,6%@729] GR3D_FREQ 97% cpu@63.312C soc2@62.406C soc0@63.093C gpu@64.937C tj@64.937C soc1@62.312C VDD_IN 16295mW/17464mW VDD_CPU_GPU_CV 7951mW/8341mW VDD_SOC 3497mW/3975mW
08-11-2026 15:39:22 RAM 7359/7607MB (lfb 1x4MB) SWAP 1284/16384MB (cached 265MB) CPU [7%@1344,4%@1344,10%@1344,92%@1344,14%@729,6%@729] GR3D_FREQ 97% cpu@63.687C soc2@62.625C soc0@63.281C gpu@65.281C tj@65.281C soc1@62.468C VDD_IN 17850mW/17465mW VDD_CPU_GPU_CV 8784mW/8342mW VDD_SOC 3916mW/3975mW
08-11-2026 15:39:23 RAM 7359/7607MB (lfb 1x4MB) SWAP 1284/16384MB (cached 265MB) CPU [6%@1344,1%@1344,2%@1344,92%@1344,0%@729,0%@729] GR3D_FREQ 97% cpu@63.625C soc2@62.687C soc0@63.312C gpu@65.312C tj@65.312C soc1@62.468C VDD_IN 17732mW/17466mW VDD_CPU_GPU_CV 8627mW/8343mW VDD_SOC 3955mW/3975mW
08-11-2026 15:39:24 RAM 7359/7607MB (lfb 1x4MB) SWAP 1284/16384MB (cached 265MB) CPU [1%@1344,4%@1344,0%@1344,92%@1344,0%@729,0%@729] GR3D_FREQ 97% cpu@63.625C soc2@62.687C soc0@63.468C gpu@65.375C tj@65.375C soc1@62.343C VDD_IN 17732mW/17467mW VDD_CPU_GPU_CV 8549mW/8344mW VDD_SOC 3995mW/3975mW
08-11-2026 15:39:25 RAM 7359/7607MB (lfb 1x4MB) SWAP 1284/16384MB (cached 265MB) CPU [4%@1344,2%@1344,1%@1344,93%@1344,0%@729,1%@729] GR3D_FREQ 97% cpu@63.718C soc2@62.687C soc0@63.531C gpu@65.468C tj@65.468C soc1@62.312C VDD_IN 17732mW/17468mW VDD_CPU_GPU_CV 8471mW/8344mW VDD_SOC 4034mW/3975mW
08-11-2026 15:39:26 RAM 7359/7607MB (lfb 1x4MB) SWAP 1284/16384MB (cached 265MB) CPU [2%@1344,5%@1344,1%@1344,92%@1344,0%@729,1%@729] GR3D_FREQ 97% cpu@63.656C soc2@62.718C soc0@63.375C gpu@65.375C tj@65.375C soc1@62.5C VDD_IN 17654mW/17468mW VDD_CPU_GPU_CV 8393mW/8344mW VDD_SOC 4034mW/3975mW
08-11-2026 15:39:27 RAM 7360/7607MB (lfb 1x4MB) SWAP 1284/16384MB (cached 265MB) CPU [4%@1344,2%@1344,2%@1344,92%@1344,9%@729,2%@729] GR3D_FREQ 97% cpu@63.843C soc2@62.812C soc0@63.468C gpu@65C tj@65C soc1@62.437C VDD_IN 17732mW/17469mW VDD_CPU_GPU_CV 8354mW/8344mW VDD_SOC 4112mW/3975mW
08-11-2026 15:39:28 RAM 7361/7607MB (lfb 1x4MB) SWAP 1284/16384MB (cached 265MB) CPU [9%@1344,3%@1344,3%@1344,92%@1344,10%@729,2%@729] GR3D_FREQ 97% cpu@63.687C soc2@62.875C soc0@63.468C gpu@64.906C tj@64.906C soc1@62.531C VDD_IN 17615mW/17469mW VDD_CPU_GPU_CV 8159mW/8344mW VDD_SOC 4112mW/3976mW
08-11-2026 15:39:29 RAM 7361/7607MB (lfb 1x4MB) SWAP 1284/16384MB (cached 265MB) CPU [2%@1344,1%@1344,2%@1344,92%@1344,0%@729,4%@729] GR3D_FREQ 97% cpu@63.687C soc2@62.843C soc0@63.468C gpu@65.125C tj@65.125C soc1@62.375C VDD_IN 17575mW/17469mW VDD_CPU_GPU_CV 7964mW/8343mW VDD_SOC 4190mW/3976mW
08-11-2026 15:39:30 RAM 7361/7607MB (lfb 1x4MB) SWAP 1284/16384MB (cached 265MB) CPU [0%@1344,2%@1344,2%@1344,92%@1344,2%@729,1%@729] GR3D_FREQ 99% cpu@63.781C soc2@62.75C soc0@63.562C gpu@64.531C tj@64.531C soc1@62.343C VDD_IN 17458mW/17469mW VDD_CPU_GPU_CV 7651mW/8341mW VDD_SOC 4276mW/3977mW
08-11-2026 15:39:31 RAM 7361/7607MB (lfb 1x4MB) SWAP 1284/16384MB (cached 265MB) CPU [2%@1344,1%@1344,1%@1344,92%@1344,3%@729,1%@729] GR3D_FREQ 99% cpu@63.625C soc2@62.781C soc0@63.281C gpu@64.906C tj@64.906C soc1@62.437C VDD_IN 17458mW/17469mW VDD_CPU_GPU_CV 8276mW/8341mW VDD_SOC 4080mW/3977mW
08-11-2026 15:39:32 RAM 7361/7607MB (lfb 1x4MB) SWAP 1284/16384MB (cached 265MB) CPU [6%@1344,4%@1344,1%@1344,92%@1344,0%@729,1%@729] GR3D_FREQ 99% cpu@63.906C soc2@62.781C soc0@63.468C gpu@65.156C tj@65.156C soc1@62.468C VDD_IN 17497mW/17470mW VDD_CPU_GPU_CV 8471mW/8341mW VDD_SOC 3962mW/3977mW
08-11-2026 15:39:33 RAM 7362/7607MB (lfb 1x4MB) SWAP 1284/16384MB (cached 265MB) CPU [9%@1344,4%@1344,10%@1344,93%@1344,6%@729,2%@729] GR3D_FREQ 99% cpu@63.937C soc2@62.875C soc0@63.437C gpu@65.25C tj@65.25C soc1@62.5C VDD_IN 18007mW/17471mW VDD_CPU_GPU_CV 8784mW/8342mW VDD_SOC 4073mW/3978mW
08-11-2026 15:39:34 RAM 7362/7607MB (lfb 1x4MB) SWAP 1284/16384MB (cached 265MB) CPU [5%@729,2%@729,2%@729,4%@729,94%@1344,0%@1344] GR3D_FREQ 97% cpu@63.562C soc2@62.718C soc0@63.5C gpu@65.187C tj@65.187C soc1@62.562C VDD_IN 17693mW/17472mW VDD_CPU_GPU_CV 8784mW/8343mW VDD_SOC 3916mW/3977mW
08-11-2026 15:39:35 RAM 7362/7607MB (lfb 1x4MB) SWAP 1284/16384MB (cached 265MB) CPU [5%@729,1%@729,1%@729,2%@729,94%@1344,0%@1344] GR3D_FREQ 97% cpu@63.562C soc2@62.843C soc0@63.5C gpu@65.281C tj@65.281C soc1@62.406C VDD_IN 17693mW/17472mW VDD_CPU_GPU_CV 8744mW/8344mW VDD_SOC 3916mW/3977mW
08-11-2026 15:39:36 RAM 7362/7607MB (lfb 1x4MB) SWAP 1284/16384MB (cached 265MB) CPU [2%@729,1%@729,4%@729,5%@729,92%@1344,1%@1344] GR3D_FREQ 97% cpu@63.562C soc2@62.812C soc0@63.406C gpu@65.25C tj@65.125C soc1@62.5C VDD_IN 17654mW/17473mW VDD_CPU_GPU_CV 8666mW/8345mW VDD_SOC 3916mW/3977mW
08-11-2026 15:39:37 RAM 7362/7607MB (lfb 1x4MB) SWAP 1284/16384MB (cached 265MB) CPU [2%@729,2%@729,4%@729,1%@729,92%@1344,2%@1344] GR3D_FREQ 97% cpu@63.593C soc2@62.781C soc0@63.5C gpu@65.187C tj@65.187C soc1@62.5C VDD_IN 17654mW/17473mW VDD_CPU_GPU_CV 8666mW/8346mW VDD_SOC 3955mW/3977mW
08-11-2026 15:39:38 RAM 7364/7607MB (lfb 1x4MB) SWAP 1284/16384MB (cached 265MB) CPU [7%@729,15%@729,8%@729,4%@729,91%@1344,0%@1344] GR3D_FREQ 97% cpu@63.812C soc2@62.875C soc0@63.531C gpu@65.093C tj@65.093C soc1@62.531C VDD_IN 17693mW/17474mW VDD_CPU_GPU_CV 8588mW/8347mW VDD_SOC 3995mW/3977mW
08-11-2026 15:39:39 RAM 7364/7607MB (lfb 1x4MB) SWAP 1284/16384MB (cached 265MB) CPU [3%@729,1%@729,1%@729,3%@729,93%@1344,0%@1344] GR3D_FREQ 97% cpu@63.531C soc2@62.875C soc0@63.531C gpu@65.093C tj@65.093C soc1@62.437C VDD_IN 17693mW/17474mW VDD_CPU_GPU_CV 8549mW/8347mW VDD_SOC 3995mW/3977mW
08-11-2026 15:39:40 RAM 7364/7607MB (lfb 1x4MB) SWAP 1284/16384MB (cached 265MB) CPU [4%@729,2%@729,2%@729,4%@729,92%@1344,1%@1344] GR3D_FREQ 98% cpu@63.656C soc2@62.812C soc0@63.593C gpu@65.093C tj@65.093C soc1@62.437C VDD_IN 17654mW/17475mW VDD_CPU_GPU_CV 8393mW/8347mW VDD_SOC 4040mW/3977mW
08-11-2026 15:39:41 RAM 7364/7607MB (lfb 1x4MB) SWAP 1284/16384MB (cached 265MB) CPU [4%@729,3%@729,3%@729,1%@729,92%@1344,0%@1344] GR3D_FREQ 97% cpu@63.625C soc2@62.812C soc0@63.531C gpu@65.125C tj@65.125C soc1@62.406C VDD_IN 17654mW/17475mW VDD_CPU_GPU_CV 8354mW/8347mW VDD_SOC 4073mW/3978mW
08-11-2026 15:39:42 RAM 7364/7607MB (lfb 1x4MB) SWAP 1284/16384MB (cached 265MB) CPU [2%@729,2%@729,7%@729,2%@729,93%@1344,0%@1344] GR3D_FREQ 99% cpu@63.656C soc2@62.687C soc0@63.562C gpu@65.312C tj@65.312C soc1@62.625C VDD_IN 17575mW/17475mW VDD_CPU_GPU_CV 8120mW/8347mW VDD_SOC 4151mW/3978mW
08-11-2026 15:39:43 RAM 7365/7607MB (lfb 1x4MB) SWAP 1284/16384MB (cached 265MB) CPU [4%@729,18%@729,3%@729,10%@729,92%@1344,1%@1344] GR3D_FREQ 97% cpu@63.937C soc2@62.812C soc0@63.562C gpu@65.375C tj@65.375C soc1@62.625C VDD_IN 17732mW/17476mW VDD_CPU_GPU_CV 8120mW/8346mW VDD_SOC 4190mW/3979mW
08-11-2026 15:39:44 RAM 7365/7607MB (lfb 1x4MB) SWAP 1284/16384MB (cached 265MB) CPU [2%@729,2%@729,1%@729,4%@729,91%@1344,0%@1344] GR3D_FREQ 98% cpu@63.718C soc2@62.937C soc0@63.593C gpu@65.281C tj@65.281C soc1@62.718C VDD_IN 17536mW/17476mW VDD_CPU_GPU_CV 7808mW/8345mW VDD_SOC 4276mW/3979mW
08-11-2026 15:39:45 RAM 7365/7607MB (lfb 1x4MB) SWAP 1284/16384MB (cached 265MB) CPU [2%@729,0%@729,5%@729,1%@729,92%@1344,0%@1344] GR3D_FREQ 99% cpu@63.843C soc2@62.906C soc0@63.5C gpu@64.937C tj@64.937C soc1@62.468C VDD_IN 17526mW/17476mW VDD_CPU_GPU_CV 8003mW/8344mW VDD_SOC 4151mW/3980mW
08-11-2026 15:39:46 RAM 7365/7607MB (lfb 1x4MB) SWAP 1284/16384MB (cached 265MB) CPU [2%@729,1%@729,4%@729,1%@729,92%@1344,0%@1344] GR3D_FREQ 99% cpu@63.75C soc2@62.812C soc0@63.437C gpu@65.531C tj@65.531C soc1@62.531C VDD_IN 17458mW/17476mW VDD_CPU_GPU_CV 8471mW/8344mW VDD_SOC 3962mW/3980mW
08-11-2026 15:39:47 RAM 7365/7607MB (lfb 1x4MB) SWAP 1284/16384MB (cached 265MB) CPU [2%@729,3%@729,4%@729,2%@729,92%@1344,0%@1344] GR3D_FREQ 99% cpu@63.593C soc2@62.875C soc0@63.593C gpu@65.281C tj@65.281C soc1@62.5C VDD_IN 17693mW/17477mW VDD_CPU_GPU_CV 8588mW/8345mW VDD_SOC 3995mW/3980mW
08-11-2026 15:39:48 RAM 7365/7607MB (lfb 1x4MB) SWAP 1284/16384MB (cached 265MB) CPU [9%@729,7%@729,15%@729,8%@729,96%@1113,1%@1113] GR3D_FREQ 98% cpu@63.875C soc2@62.906C soc0@63.531C gpu@65.156C tj@65.156C soc1@62.718C VDD_IN 17772mW/17478mW VDD_CPU_GPU_CV 8784mW/8346mW VDD_SOC 3955mW/3980mW
08-11-2026 15:39:49 RAM 7365/7607MB (lfb 1x4MB) SWAP 1284/16384MB (cached 265MB) CPU [3%@729,3%@729,4%@729,1%@729,96%@1344,0%@1344] GR3D_FREQ 97% cpu@63.593C soc2@62.875C soc0@63.625C gpu@65.312C tj@65.312C soc1@62.718C VDD_IN 17772mW/17478mW VDD_CPU_GPU_CV 8823mW/8347mW VDD_SOC 3916mW/3980mW
08-11-2026 15:39:50 RAM 7365/7607MB (lfb 1x4MB) SWAP 1284/16384MB (cached 265MB) CPU [4%@729,1%@729,4%@729,2%@729,93%@1344,0%@1344] GR3D_FREQ 99% cpu@63.656C soc2@62.843C soc0@63.593C gpu@65.312C tj@65.312C soc1@62.531C VDD_IN 17732mW/17479mW VDD_CPU_GPU_CV 8705mW/8348mW VDD_SOC 3955mW/3979mW
08-11-2026 15:39:51 RAM 7365/7607MB (lfb 1x4MB) SWAP 1284/16384MB (cached 265MB) CPU [3%@729,1%@729,5%@729,1%@729,92%@1344,2%@1344] GR3D_FREQ 97% cpu@63.875C soc2@62.875C soc0@63.531C gpu@65.281C tj@65.281C soc1@62.562C VDD_IN 17732mW/17480mW VDD_CPU_GPU_CV 8705mW/8349mW VDD_SOC 3955mW/3979mW
08-11-2026 15:39:52 RAM 7365/7607MB (lfb 1x4MB) SWAP 1284/16384MB (cached 265MB) CPU [4%@729,3%@729,5%@729,4%@729,92%@1344,0%@1344] GR3D_FREQ 98% cpu@63.656C soc2@62.937C soc0@63.531C gpu@65.187C tj@65.187C soc1@62.625C VDD_IN 17732mW/17480mW VDD_CPU_GPU_CV 8588mW/8350mW VDD_SOC 3995mW/3979mW
08-11-2026 15:39:53 RAM 7366/7607MB (lfb 1x4MB) SWAP 1284/16384MB (cached 265MB) CPU [21%@1344,5%@1344,6%@1344,15%@1344,74%@1344,1%@1344] GR3D_FREQ 97% cpu@64.25C soc2@62.906C soc0@63.531C gpu@65.25C tj@65.25C soc1@62.687C VDD_IN 18007mW/17482mW VDD_CPU_GPU_CV 8784mW/8351mW VDD_SOC 4034mW/3980mW
08-11-2026 15:39:54 RAM 7366/7607MB (lfb 1x4MB) SWAP 1284/16384MB (cached 265MB) CPU [3%@729,4%@729,3%@729,2%@729,92%@1344,1%@1344] GR3D_FREQ 97% cpu@63.625C soc2@62.906C soc0@63.562C gpu@65.156C tj@65.156C soc1@62.468C VDD_IN 17732mW/17482mW VDD_CPU_GPU_CV 8471mW/8351mW VDD_SOC 4034mW/3980mW
08-11-2026 15:39:56 RAM 7366/7607MB (lfb 1x4MB) SWAP 1284/16384MB (cached 265MB) CPU [4%@729,1%@729,4%@729,2%@729,92%@1344,0%@1344] GR3D_FREQ 97% cpu@63.687C soc2@62.875C soc0@63.531C gpu@65.218C tj@65.218C soc1@62.562C VDD_IN 17693mW/17483mW VDD_CPU_GPU_CV 8393mW/8351mW VDD_SOC 4073mW/3980mW
08-11-2026 15:39:57 RAM 7366/7607MB (lfb 1x4MB) SWAP 1283/16384MB (cached 265MB) CPU [5%@729,2%@729,1%@729,5%@729,92%@1344,0%@1344] GR3D_FREQ 97% cpu@63.906C soc2@62.875C soc0@63.562C gpu@65.187C tj@65.187C soc1@62.687C VDD_IN 17615mW/17483mW VDD_CPU_GPU_CV 8198mW/8351mW VDD_SOC 4112mW/3980mW
08-11-2026 15:39:58 RAM 7366/7607MB (lfb 1x4MB) SWAP 1283/16384MB (cached 265MB) CPU [4%@729,0%@729,5%@729,1%@729,92%@1344,1%@1344] GR3D_FREQ 97% cpu@63.718C soc2@62.906C soc0@63.562C gpu@65.281C tj@65.281C soc1@62.687C VDD_IN 17575mW/17483mW VDD_CPU_GPU_CV 8081mW/8350mW VDD_SOC 4151mW/3981mW
08-11-2026 15:39:59 RAM 7367/7607MB (lfb 1x4MB) SWAP 1283/16384MB (cached 265MB) CPU [1%@1190,4%@1190,1%@1190,3%@1190,92%@1344,2%@1344] GR3D_FREQ 97% cpu@64C soc2@62.875C soc0@63.593C gpu@65.218C tj@65.218C soc1@62.812C VDD_IN 17575mW/17484mW VDD_CPU_GPU_CV 7886mW/8349mW VDD_SOC 4230mW/3981mW
08-11-2026 15:40:00 RAM 7367/7607MB (lfb 1x4MB) SWAP 1283/16384MB (cached 265MB) CPU [3%@729,7%@729,9%@729,15%@729,92%@1344,1%@1344] GR3D_FREQ 99% cpu@63.843C soc2@63.062C soc0@63.562C gpu@64.812C tj@64.812C soc1@62.562C VDD_IN 17458mW/17483mW VDD_CPU_GPU_CV 8003mW/8348mW VDD_SOC 4158mW/3982mW
08-11-2026 15:40:01 RAM 7367/7607MB (lfb 1x4MB) SWAP 1283/16384MB (cached 265MB) CPU [2%@729,0%@729,5%@729,2%@729,92%@1344,0%@1344] GR3D_FREQ 99% cpu@63.718C soc2@62.937C soc0@63.437C gpu@65.375C tj@65.375C soc1@62.593C VDD_IN 17497mW/17483mW VDD_CPU_GPU_CV 8471mW/8348mW VDD_SOC 3962mW/3982mW
08-11-2026 15:40:02 RAM 7366/7607MB (lfb 1x4MB) SWAP 1283/16384MB (cached 265MB) CPU [2%@729,2%@729,1%@729,1%@729,92%@1344,4%@1344] GR3D_FREQ 99% cpu@63.875C soc2@62.937C soc0@63.625C gpu@65.406C tj@65.406C soc1@62.656C VDD_IN 17654mW/17484mW VDD_CPU_GPU_CV 8549mW/8349mW VDD_SOC 3995mW/3982mW
08-11-2026 15:40:03 RAM 7366/7607MB (lfb 1x4MB) SWAP 1283/16384MB (cached 265MB) CPU [8%@729,0%@729,0%@729,2%@729,95%@960,0%@960] GR3D_FREQ 99% cpu@63.656C soc2@63C soc0@63.593C gpu@65.468C tj@65.468C soc1@62.687C VDD_IN 17772mW/17485mW VDD_CPU_GPU_CV 8744mW/8350mW VDD_SOC 3955mW/3982mW
08-11-2026 15:40:04 RAM 7366/7607MB (lfb 1x4MB) SWAP 1283/16384MB (cached 265MB) CPU [4%@729,5%@729,5%@729,2%@729,98%@1344,0%@1344] GR3D_FREQ 97% cpu@64C soc2@62.937C soc0@63.687C gpu@65.281C tj@65.281C soc1@62.75C VDD_IN 17811mW/17485mW VDD_CPU_GPU_CV 8823mW/8351mW VDD_SOC 3916mW/3982mW
08-11-2026 15:40:05 RAM 7368/7607MB (lfb 1x4MB) SWAP 1283/16384MB (cached 265MB) CPU [4%@729,5%@729,17%@729,8%@729,92%@1344,1%@1344] GR3D_FREQ 97% cpu@63.656C soc2@62.937C soc0@63.625C gpu@65.218C tj@65.218C soc1@62.656C VDD_IN 17772mW/17486mW VDD_CPU_GPU_CV 8784mW/8352mW VDD_SOC 3955mW/3981mW
08-11-2026 15:40:06 RAM 7368/7607MB (lfb 1x4MB) SWAP 1283/16384MB (cached 265MB) CPU [2%@729,1%@729,4%@729,2%@729,92%@1344,0%@1344] GR3D_FREQ 97% cpu@63.781C soc2@62.906C soc0@63.531C gpu@65.343C tj@65.343C soc1@62.656C VDD_IN 17772mW/17487mW VDD_CPU_GPU_CV 8744mW/8353mW VDD_SOC 3955mW/3981mW
08-11-2026 15:40:07 RAM 7368/7607MB (lfb 1x4MB) SWAP 1283/16384MB (cached 265MB) CPU [2%@729,2%@729,2%@729,0%@729,92%@1344,2%@1344] GR3D_FREQ 97% cpu@63.968C soc2@63C soc0@63.593C gpu@65.25C tj@65.25C soc1@62.687C VDD_IN 17732mW/17487mW VDD_CPU_GPU_CV 8627mW/8354mW VDD_SOC 3995mW/3981mW
08-11-2026 15:40:08 RAM 7368/7607MB (lfb 1x4MB) SWAP 1283/16384MB (cached 265MB) CPU [2%@729,2%@729,3%@729,1%@729,92%@1344,0%@1344] GR3D_FREQ 97% cpu@63.687C soc2@63C soc0@63.562C gpu@65.343C tj@65.343C soc1@62.781C VDD_IN 17772mW/17488mW VDD_CPU_GPU_CV 8627mW/8354mW VDD_SOC 3995mW/3981mW
08-11-2026 15:40:09 RAM 7368/7607MB (lfb 1x4MB) SWAP 1283/16384MB (cached 265MB) CPU [4%@729,1%@729,1%@729,5%@729,92%@1344,3%@1344] GR3D_FREQ 97% cpu@63.687C soc2@62.937C soc0@63.718C gpu@65.625C tj@65.625C soc1@62.718C VDD_IN 17693mW/17489mW VDD_CPU_GPU_CV 8471mW/8355mW VDD_SOC 4034mW/3982mW
08-11-2026 15:40:10 RAM 7370/7607MB (lfb 1x4MB) SWAP 1283/16384MB (cached 266MB) CPU [6%@729,6%@729,16%@729,5%@729,92%@1344,1%@1344] GR3D_FREQ 97% cpu@63.843C soc2@63C soc0@63.687C gpu@65.625C tj@65.625C soc1@62.656C VDD_IN 17811mW/17489mW VDD_CPU_GPU_CV 8471mW/8355mW VDD_SOC 4073mW/3982mW
08-11-2026 15:40:11 RAM 7369/7607MB (lfb 1x4MB) SWAP 1283/16384MB (cached 266MB) CPU [6%@729,2%@729,4%@729,3%@729,92%@1344,1%@1344] GR3D_FREQ 97% cpu@63.875C soc2@62.937C soc0@63.562C gpu@65.531C tj@65.531C soc1@62.781C VDD_IN 17732mW/17490mW VDD_CPU_GPU_CV 8276mW/8355mW VDD_SOC 4112mW/3982mW
08-11-2026 15:40:12 RAM 7369/7607MB (lfb 1x4MB) SWAP 1283/16384MB (cached 266MB) CPU [3%@729,1%@729,2%@729,3%@729,92%@1344,2%@1344] GR3D_FREQ 97% cpu@63.875C soc2@62.937C soc0@63.656C gpu@65.625C tj@65.625C soc1@62.718C VDD_IN 17693mW/17490mW VDD_CPU_GPU_CV 8159mW/8354mW VDD_SOC 4151mW/3983mW
08-11-2026 15:40:13 RAM 7369/7607MB (lfb 1x4MB) SWAP 1283/16384MB (cached 266MB) CPU [4%@729,2%@729,1%@729,4%@729,92%@1344,0%@1344] GR3D_FREQ 97% cpu@63.781C soc2@62.906C soc0@63.656C gpu@65.5C tj@65.5C soc1@62.75C VDD_IN 17615mW/17491mW VDD_CPU_GPU_CV 7964mW/8353mW VDD_SOC 4230mW/3983mW
08-11-2026 15:40:14 RAM 7369/7607MB (lfb 1x4MB) SWAP 1283/16384MB (cached 266MB) CPU [5%@1344,1%@1344,2%@1344,3%@1344,92%@1344,0%@1344] GR3D_FREQ 99% cpu@64.062C soc2@63.062C soc0@63.812C gpu@64.781C tj@64.781C soc1@62.656C VDD_IN 17497mW/17491mW VDD_CPU_GPU_CV 7847mW/8352mW VDD_SOC 4237mW/3984mW
08-11-2026 15:40:15 RAM 7370/7607MB (lfb 1x4MB) SWAP 1283/16384MB (cached 266MB) CPU [7%@729,6%@729,8%@729,14%@729,92%@1344,2%@1344] GR3D_FREQ 99% cpu@63.906C soc2@63C soc0@63.625C gpu@65.312C tj@65.312C soc1@62.656C VDD_IN 17654mW/17491mW VDD_CPU_GPU_CV 8549mW/8353mW VDD_SOC 3995mW/3984mW
08-11-2026 15:40:16 RAM 7370/7607MB (lfb 1x4MB) SWAP 1283/16384MB (cached 266MB) CPU [34%@1344,3%@1344,1%@1344,1%@1344,60%@729,0%@729] GR3D_FREQ 99% cpu@63.843C soc2@63C soc0@63.625C gpu@65.343C tj@65.343C soc1@62.687C VDD_IN 17654mW/17492mW VDD_CPU_GPU_CV 8549mW/8353mW VDD_SOC 3995mW/3984mW
08-11-2026 15:40:17 RAM 7370/7607MB (lfb 1x4MB) SWAP 1283/16384MB (cached 266MB) CPU [93%@729,4%@729,2%@729,2%@729,0%@729,1%@729] GR3D_FREQ 99% cpu@64.031C soc2@63.062C soc0@63.656C gpu@65.718C tj@65.718C soc1@62.812C VDD_IN 17968mW/17493mW VDD_CPU_GPU_CV 8901mW/8354mW VDD_SOC 4034mW/3984mW
08-11-2026 15:40:18 RAM 7370/7607MB (lfb 1x4MB) SWAP 1283/16384MB (cached 266MB) CPU [21%@729,3%@729,3%@729,1%@729,80%@1344,0%@1344] GR3D_FREQ 97% cpu@63.687C soc2@62.968C soc0@63.75C gpu@65.468C tj@65.468C soc1@62.843C VDD_IN 17811mW/17493mW VDD_CPU_GPU_CV 8862mW/8356mW VDD_SOC 3916mW/3984mW
08-11-2026 15:40:19 RAM 7370/7607MB (lfb 1x4MB) SWAP 1283/16384MB (cached 266MB) CPU [1%@729,4%@729,3%@729,3%@729,92%@1344,1%@1344] GR3D_FREQ 97% cpu@63.75C soc2@63.031C soc0@63.75C gpu@65.437C tj@65.437C soc1@62.593C VDD_IN 17772mW/17494mW VDD_CPU_GPU_CV 8784mW/8357mW VDD_SOC 3955mW/3984mW
08-11-2026 15:40:20 RAM 7373/7607MB (lfb 1x4MB) SWAP 1283/16384MB (cached 266MB) CPU [16%@729,10%@729,9%@729,3%@729,92%@1344,3%@1344] GR3D_FREQ 97% cpu@63.843C soc2@63.031C soc0@63.625C gpu@65.312C tj@65.312C soc1@62.625C VDD_IN 18046mW/17495mW VDD_CPU_GPU_CV 8940mW/8358mW VDD_SOC 3955mW/3984mW
08-11-2026 15:40:21 RAM 7373/7607MB (lfb 1x4MB) SWAP 1283/16384MB (cached 266MB) CPU [4%@729,3%@729,1%@729,3%@729,91%@1344,0%@1344] GR3D_FREQ 97% cpu@64.062C soc2@63C soc0@63.593C gpu@65.312C tj@65.312C soc1@62.687C VDD_IN 17772mW/17496mW VDD_CPU_GPU_CV 8705mW/8359mW VDD_SOC 3995mW/3984mW
08-11-2026 15:40:22 RAM 7373/7607MB (lfb 1x4MB) SWAP 1283/16384MB (cached 266MB) CPU [1%@729,2%@729,2%@729,2%@729,92%@1344,0%@1344] GR3D_FREQ 97% cpu@63.937C soc2@63C soc0@63.656C gpu@65.281C tj@65.281C soc1@62.812C VDD_IN 17772mW/17497mW VDD_CPU_GPU_CV 8627mW/8359mW VDD_SOC 3995mW/3984mW
08-11-2026 15:40:23 RAM 7373/7607MB (lfb 1x4MB) SWAP 1283/16384MB (cached 266MB) CPU [4%@729,4%@729,2%@729,3%@729,92%@1344,2%@1344] GR3D_FREQ 97% cpu@63.687C soc2@63C soc0@63.781C gpu@65.281C tj@65.281C soc1@62.781C VDD_IN 17732mW/17497mW VDD_CPU_GPU_CV 8510mW/8360mW VDD_SOC 4034mW/3984mW
08-11-2026 15:40:24 RAM 7373/7607MB (lfb 1x4MB) SWAP 1283/16384MB (cached 266MB) CPU [1%@729,5%@729,2%@729,3%@729,92%@1344,0%@1344] GR3D_FREQ 97% cpu@63.75C soc2@63C soc0@63.75C gpu@65.281C tj@65.375C soc1@62.593C VDD_IN 17693mW/17498mW VDD_CPU_GPU_CV 8432mW/8360mW VDD_SOC 4034mW/3984mW
08-11-2026 15:40:25 RAM 7374/7607MB (lfb 1x4MB) SWAP 1283/16384MB (cached 266MB) CPU [5%@729,5%@729,2%@729,9%@729,92%@1344,1%@1344] GR3D_FREQ 97% cpu@64.062C soc2@63C soc0@63.562C gpu@65.5C tj@65.5C soc1@62.718C VDD_IN 17811mW/17498mW VDD_CPU_GPU_CV 8432mW/8360mW VDD_SOC 4112mW/3984mW
08-11-2026 15:40:26 RAM 7374/7607MB (lfb 1x4MB) SWAP 1283/16384MB (cached 266MB) CPU [5%@729,5%@729,4%@729,12%@729,92%@1344,1%@1344] GR3D_FREQ 97% cpu@64.125C soc2@63.031C soc0@63.656C gpu@65.406C tj@65.406C soc1@62.656C VDD_IN 17615mW/17499mW VDD_CPU_GPU_CV 8159mW/8360mW VDD_SOC 4151mW/3985mW
08-11-2026 15:40:27 RAM 7374/7607MB (lfb 1x4MB) SWAP 1283/16384MB (cached 266MB) CPU [3%@729,3%@729,1%@729,3%@729,92%@1344,0%@1344] GR3D_FREQ 97% cpu@63.843C soc2@62.968C soc0@63.625C gpu@65.343C tj@65.343C soc1@62.812C VDD_IN 17615mW/17499mW VDD_CPU_GPU_CV 8042mW/8359mW VDD_SOC 4237mW/3985mW
08-11-2026 15:40:28 RAM 7374/7607MB (lfb 1x4MB) SWAP 1283/16384MB (cached 266MB) CPU [6%@729,1%@729,3%@729,1%@729,92%@1344,1%@1344] GR3D_FREQ 99% cpu@64C soc2@63.062C soc0@63.718C gpu@65.062C tj@65.062C soc1@62.812C VDD_IN 17575mW/17499mW VDD_CPU_GPU_CV 7768mW/8357mW VDD_SOC 4276mW/3986mW
08-11-2026 15:40:29 RAM 7374/7607MB (lfb 1x4MB) SWAP 1283/16384MB (cached 266MB) CPU [4%@729,3%@729,4%@729,1%@729,93%@1344,1%@1344] GR3D_FREQ 99% cpu@63.906C soc2@63.062C soc0@63.75C gpu@65.281C tj@65.062C soc1@62.687C VDD_IN 17458mW/17499mW VDD_CPU_GPU_CV 8315mW/8357mW VDD_SOC 4080mW/3986mW
08-11-2026 15:40:30 RAM 7374/7607MB (lfb 1x4MB) SWAP 1283/16384MB (cached 266MB) CPU [0%@729,3%@729,4%@729,1%@729,92%@1344,1%@1344] GR3D_FREQ 99% cpu@63.843C soc2@62.968C soc0@63.656C gpu@65.312C tj@65.312C soc1@62.718C VDD_IN 17575mW/17499mW VDD_CPU_GPU_CV 8549mW/8358mW VDD_SOC 3955mW/3986mW
08-11-2026 15:40:31 RAM 7375/7607MB (lfb 1x4MB) SWAP 1283/16384MB (cached 266MB) CPU [11%@729,5%@729,10%@729,10%@729,92%@1344,1%@1344] GR3D_FREQ 99% cpu@64.156C soc2@63.062C soc0@63.718C gpu@65.437C tj@65.437C soc1@62.812C VDD_IN 18085mW/17501mW VDD_CPU_GPU_CV 8862mW/8359mW VDD_SOC 4073mW/3986mW
08-11-2026 15:40:32 RAM 7375/7607MB (lfb 1x4MB) SWAP 1283/16384MB (cached 266MB) CPU [3%@729,1%@729,2%@729,7%@729,98%@1344,1%@1344] GR3D_FREQ 97% cpu@63.781C soc2@63.062C soc0@63.625C gpu@65.406C tj@65.406C soc1@62.843C VDD_IN 17850mW/17501mW VDD_CPU_GPU_CV 8862mW/8360mW VDD_SOC 3916mW/3986mW
08-11-2026 15:40:33 RAM 7374/7607MB (lfb 1x4MB) SWAP 1283/16384MB (cached 266MB) CPU [3%@729,2%@729,2%@729,4%@729,93%@1344,1%@1344] GR3D_FREQ 97% cpu@63.812C soc2@63.031C soc0@63.812C gpu@65.406C tj@65.406C soc1@62.656C VDD_IN 17811mW/17502mW VDD_CPU_GPU_CV 8823mW/8361mW VDD_SOC 3955mW/3986mW
08-11-2026 15:40:34 RAM 7374/7607MB (lfb 1x4MB) SWAP 1283/16384MB (cached 266MB) CPU [3%@729,2%@729,1%@729,4%@729,92%@1344,0%@1344] GR3D_FREQ 97% cpu@63.812C soc2@63.062C soc0@63.656C gpu@65.625C tj@65.625C soc1@62.656C VDD_IN 17772mW/17503mW VDD_CPU_GPU_CV 8744mW/8362mW VDD_SOC 3955mW/3986mW
08-11-2026 15:40:35 RAM 7374/7607MB (lfb 1x4MB) SWAP 1283/16384MB (cached 266MB) CPU [3%@729,1%@729,2%@729,1%@729,92%@1344,1%@1344] GR3D_FREQ 97% cpu@63.875C soc2@63.031C soc0@63.687C gpu@65.687C tj@65.687C soc1@62.718C VDD_IN 17772mW/17503mW VDD_CPU_GPU_CV 8705mW/8363mW VDD_SOC 3995mW/3986mW
08-11-2026 15:40:36 RAM 7376/7607MB (lfb 1x4MB) SWAP 1283/16384MB (cached 266MB) CPU [6%@729,4%@729,16%@729,6%@729,92%@1344,0%@1344] GR3D_FREQ 97% cpu@64.062C soc2@63C soc0@63.687C gpu@65.687C tj@65.687C soc1@62.843C VDD_IN 17772mW/17504mW VDD_CPU_GPU_CV 8666mW/8364mW VDD_SOC 3995mW/3986mW
08-11-2026 15:40:37 RAM 7376/7607MB (lfb 1x4MB) SWAP 1283/16384MB (cached 266MB) CPU [3%@729,2%@729,1%@729,5%@729,92%@1344,0%@1344] GR3D_FREQ 97% cpu@63.75C soc2@63C soc0@63.781C gpu@65.781C tj@65.781C soc1@62.843C VDD_IN 17772mW/17505mW VDD_CPU_GPU_CV 8588mW/8364mW VDD_SOC 4034mW/3986mW
08-11-2026 15:40:38 RAM 7376/7607MB (lfb 1x4MB) SWAP 1283/16384MB (cached 266MB) CPU [1%@729,6%@729,2%@729,1%@729,92%@1344,1%@1344] GR3D_FREQ 97% cpu@63.937C soc2@63.062C soc0@63.843C gpu@65.343C tj@65.343C soc1@62.781C VDD_IN 17693mW/17505mW VDD_CPU_GPU_CV 8393mW/8364mW VDD_SOC 4073mW/3986mW
08-11-2026 15:40:39 RAM 7376/7607MB (lfb 1x4MB) SWAP 1283/16384MB (cached 266MB) CPU [3%@729,4%@729,0%@729,2%@729,92%@1344,1%@1344] GR3D_FREQ 97% cpu@64.031C soc2@63.031C soc0@63.687C gpu@65.468C tj@65.468C soc1@62.781C VDD_IN 17693mW/17505mW VDD_CPU_GPU_CV 8315mW/8364mW VDD_SOC 4112mW/3986mW
08-11-2026 15:40:40 RAM 7376/7607MB (lfb 1x4MB) SWAP 1283/16384MB (cached 266MB) CPU [1%@729,3%@729,2%@729,3%@729,92%@1344,0%@1344] GR3D_FREQ 97% cpu@63.968C soc2@63.093C soc0@63.687C gpu@65.375C tj@65.375C soc1@62.75C VDD_IN 17654mW/17506mW VDD_CPU_GPU_CV 8159mW/8364mW VDD_SOC 4151mW/3987mW
08-11-2026 15:40:41 RAM 7375/7607MB (lfb 1x4MB) SWAP 1283/16384MB (cached 266MB) CPU [31%@1344,18%@1344,6%@1344,6%@1344,68%@729,1%@729] GR3D_FREQ 97% cpu@64.218C soc2@63.187C soc0@63.781C gpu@65.5C tj@65.5C soc1@62.875C VDD_IN 17732mW/17506mW VDD_CPU_GPU_CV 8159mW/8363mW VDD_SOC 4190mW/3987mW
08-11-2026 15:40:42 RAM 7376/7607MB (lfb 1x4MB) SWAP 1283/16384MB (cached 266MB) CPU [92%@1344,4%@1344,4%@1344,1%@1344,0%@729,0%@729] GR3D_FREQ 99% cpu@64C soc2@63.187C soc0@63.875C gpu@65.093C tj@65.093C soc1@62.75C VDD_IN 17575mW/17506mW VDD_CPU_GPU_CV 7808mW/8362mW VDD_SOC 4269mW/3988mW
08-11-2026 15:40:43 RAM 7376/7607MB (lfb 1x4MB) SWAP 1283/16384MB (cached 266MB) CPU [92%@1344,0%@1344,1%@1344,3%@1344,0%@729,1%@729] GR3D_FREQ 99% cpu@64.062C soc2@63.156C soc0@63.75C gpu@65.25C tj@64.968C soc1@62.812C VDD_IN 17536mW/17506mW VDD_CPU_GPU_CV 8276mW/8362mW VDD_SOC 4080mW/3988mW
08-11-2026 15:40:44 RAM 7376/7607MB (lfb 1x4MB) SWAP 1283/16384MB (cached 266MB) CPU [93%@1344,4%@1344,1%@1344,1%@1344,0%@729,1%@729] GR3D_FREQ 99% cpu@64.156C soc2@63.156C soc0@63.781C gpu@65.281C tj@65.281C soc1@62.781C VDD_IN 17575mW/17507mW VDD_CPU_GPU_CV 8549mW/8362mW VDD_SOC 3962mW/3988mW
08-11-2026 15:40:45 RAM 7376/7607MB (lfb 1x4MB) SWAP 1283/16384MB (cached 266MB) CPU [92%@1344,4%@1344,1%@1344,3%@1344,0%@729,1%@729] GR3D_FREQ 99% cpu@64.031C soc2@63.25C soc0@63.843C gpu@65.468C tj@65.468C soc1@62.843C VDD_IN 18085mW/17508mW VDD_CPU_GPU_CV 8808mW/8363mW VDD_SOC 4073mW/3988mW
08-11-2026 15:40:46 RAM 7366/7607MB (lfb 1x4MB) SWAP 1283/16384MB (cached 265MB) CPU [40%@729,6%@729,7%@729,16%@729,61%@1344,4%@1344] GR3D_FREQ 97% cpu@64.062C soc2@63.062C soc0@63.812C gpu@65.343C tj@65.343C soc1@62.875C VDD_IN 18007mW/17509mW VDD_CPU_GPU_CV 9003mW/8364mW VDD_SOC 3916mW/3988mW
08-11-2026 15:40:47 RAM 7366/7607MB (lfb 1x4MB) SWAP 1283/16384MB (cached 265MB) CPU [5%@729,3%@729,1%@729,0%@729,95%@1344,3%@1344] GR3D_FREQ 97% cpu@63.875C soc2@63.062C soc0@63.906C gpu@65.406C tj@65.406C soc1@62.968C VDD_IN 17850mW/17510mW VDD_CPU_GPU_CV 8823mW/8365mW VDD_SOC 3955mW/3988mW
08-11-2026 15:40:48 RAM 7366/7607MB (lfb 1x4MB) SWAP 1283/16384MB (cached 265MB) CPU [4%@729,3%@729,1%@729,2%@729,92%@1344,1%@1344] GR3D_FREQ 97% cpu@63.812C soc2@63.031C soc0@63.843C gpu@65.312C tj@65.312C soc1@62.718C VDD_IN 17772mW/17510mW VDD_CPU_GPU_CV 8744mW/8366mW VDD_SOC 3955mW/3988mW
08-11-2026 15:40:49 RAM 7366/7607MB (lfb 1x4MB) SWAP 1283/16384MB (cached 265MB) CPU [4%@729,3%@729,3%@729,1%@729,92%@1344,0%@1344] GR3D_FREQ 97% cpu@64.093C soc2@63.062C soc0@63.687C gpu@65.468C tj@65.468C soc1@62.781C VDD_IN 17811mW/17511mW VDD_CPU_GPU_CV 8705mW/8367mW VDD_SOC 3995mW/3988mW
08-11-2026 15:40:50 RAM 7366/7607MB (lfb 1x4MB) SWAP 1283/16384MB (cached 265MB) CPU [2%@729,5%@729,2%@729,1%@729,92%@1344,0%@1344] GR3D_FREQ 97% cpu@63.937C soc2@63.062C soc0@63.687C gpu@65.5C tj@65.5C soc1@62.812C VDD_IN 17732mW/17511mW VDD_CPU_GPU_CV 8549mW/8367mW VDD_SOC 3995mW/3988mW
08-11-2026 15:40:51 RAM 7367/7607MB (lfb 1x4MB) SWAP 1283/16384MB (cached 265MB) CPU [15%@883,6%@883,4%@883,6%@883,91%@1344,1%@1344] GR3D_FREQ 97% cpu@64.343C soc2@63.156C soc0@63.781C gpu@65.656C tj@65.656C soc1@62.875C VDD_IN 17929mW/17512mW VDD_CPU_GPU_CV 8705mW/8368mW VDD_SOC 4034mW/3988mW
08-11-2026 15:40:52 RAM 7367/7607MB (lfb 1x4MB) SWAP 1283/16384MB (cached 265MB) CPU [4%@729,7%@729,3%@729,5%@729,93%@1344,1%@1344] GR3D_FREQ 97% cpu@63.843C soc2@63.093C soc0@63.843C gpu@65.531C tj@65.531C soc1@62.781C VDD_IN 17732mW/17513mW VDD_CPU_GPU_CV 8471mW/8368mW VDD_SOC 4073mW/3988mW
08-11-2026 15:40:53 RAM 7367/7607MB (lfb 1x4MB) SWAP 1283/16384MB (cached 265MB) CPU [5%@729,1%@729,1%@729,5%@729,92%@1344,0%@1344] GR3D_FREQ 97% cpu@63.843C soc2@63.156C soc0@63.656C gpu@65.687C tj@65.687C soc1@62.812C VDD_IN 17772mW/17513mW VDD_CPU_GPU_CV 8393mW/8368mW VDD_SOC 4112mW/3989mW
08-11-2026 15:40:54 RAM 7367/7607MB (lfb 1x4MB) SWAP 1283/16384MB (cached 265MB) CPU [2%@729,1%@729,3%@729,4%@729,92%@1344,0%@1344] GR3D_FREQ 99% cpu@64.031C soc2@63.125C soc0@63.781C gpu@65.593C tj@65.593C soc1@62.812C VDD_IN 17693mW/17514mW VDD_CPU_GPU_CV 8198mW/8368mW VDD_SOC 4151mW/3989mW
08-11-2026 15:40:55 RAM 7367/7607MB (lfb 1x4MB) SWAP 1283/16384MB (cached 265MB) CPU [3%@729,3%@729,2%@729,3%@729,92%@1344,1%@1344] GR3D_FREQ 97% cpu@63.843C soc2@63.093C soc0@63.781C gpu@65.437C tj@65.437C soc1@62.937C VDD_IN 17693mW/17514mW VDD_CPU_GPU_CV 8120mW/8368mW VDD_SOC 4190mW/3989mW
08-11-2026 15:40:56 RAM 7367/7607MB (lfb 1x4MB) SWAP 1283/16384MB (cached 265MB) CPU [1%@729,3%@729,2%@729,4%@729,93%@1344,0%@1344] GR3D_FREQ 98% cpu@64.062C soc2@63.156C soc0@63.781C gpu@65.25C tj@65.25C soc1@62.937C VDD_IN 17654mW/17515mW VDD_CPU_GPU_CV 7847mW/8366mW VDD_SOC 4269mW/3990mW
08-11-2026 15:40:57 RAM 7368/7607MB (lfb 1x4MB) SWAP 1283/16384MB (cached 265MB) CPU [8%@729,4%@729,15%@729,10%@729,92%@1344,2%@1344] GR3D_FREQ 99% cpu@64.156C soc2@63.156C soc0@63.812C gpu@65.093C tj@65.093C soc1@62.812C VDD_IN 17575mW/17515mW VDD_CPU_GPU_CV 8237mW/8366mW VDD_SOC 4112mW/3990mW
08-11-2026 15:40:58 RAM 7368/7607MB (lfb 1x4MB) SWAP 1283/16384MB (cached 265MB) CPU [3%@729,4%@729,2%@729,1%@729,92%@1344,0%@1344] GR3D_FREQ 99% cpu@63.875C soc2@63.156C soc0@63.781C gpu@65.468C tj@65.468C soc1@62.812C VDD_IN 17536mW/17515mW VDD_CPU_GPU_CV 8549mW/8367mW VDD_SOC 3955mW/3990mW
08-11-2026 15:40:59 RAM 7368/7607MB (lfb 1x4MB) SWAP 1283/16384MB (cached 265MB) CPU [6%@729,3%@729,1%@729,2%@729,93%@1344,1%@1344] GR3D_FREQ 99% cpu@64.031C soc2@63.187C soc0@63.906C gpu@65.843C tj@65.843C soc1@62.812C VDD_IN 17929mW/17516mW VDD_CPU_GPU_CV 8705mW/8367mW VDD_SOC 4034mW/3990mW
08-11-2026 15:41:00 RAM 7368/7607MB (lfb 1x4MB) SWAP 1283/16384MB (cached 265MB) CPU [1%@729,2%@729,1%@729,7%@729,96%@1267,0%@1267] GR3D_FREQ 97% cpu@63.781C soc2@63.156C soc0@63.843C gpu@65.781C tj@65.781C soc1@62.906C VDD_IN 17732mW/17516mW VDD_CPU_GPU_CV 8784mW/8368mW VDD_SOC 3955mW/3990mW
08-11-2026 15:41:01 RAM 7368/7607MB (lfb 1x4MB) SWAP 1283/16384MB (cached 265MB) CPU [2%@729,5%@729,1%@729,0%@729,96%@1344,0%@1344] GR3D_FREQ 97% cpu@63.875C soc2@63.093C soc0@63.906C gpu@65.875C tj@65.875C soc1@62.812C VDD_IN 17850mW/17517mW VDD_CPU_GPU_CV 8862mW/8369mW VDD_SOC 3955mW/3990mW
08-11-2026 15:41:02 RAM 7369/7607MB (lfb 1x4MB) SWAP 1283/16384MB (cached 265MB) CPU [15%@729,9%@729,8%@729,5%@729,92%@1344,1%@1344] GR3D_FREQ 99% cpu@64.031C soc2@63.125C soc0@63.812C gpu@65.843C tj@65.843C soc1@62.812C VDD_IN 17889mW/17518mW VDD_CPU_GPU_CV 8823mW/8370mW VDD_SOC 3955mW/3990mW
08-11-2026 15:41:03 RAM 7369/7607MB (lfb 1x4MB) SWAP 1282/16384MB (cached 265MB) CPU [2%@729,7%@729,2%@729,1%@729,92%@1344,1%@1344] GR3D_FREQ 97% cpu@64.093C soc2@63.125C soc0@63.75C gpu@65.593C tj@65.593C soc1@62.812C VDD_IN 17850mW/17518mW VDD_CPU_GPU_CV 8784mW/8371mW VDD_SOC 3995mW/3990mW
08-11-2026 15:41:04 RAM 7369/7607MB (lfb 1x4MB) SWAP 1282/16384MB (cached 265MB) CPU [2%@729,2%@729,4%@729,2%@729,92%@1344,0%@1344] GR3D_FREQ 98% cpu@64C soc2@63.125C soc0@63.906C gpu@65.625C tj@65.625C soc1@62.875C VDD_IN 17811mW/17519mW VDD_CPU_GPU_CV 8666mW/8372mW VDD_SOC 3995mW/3990mW
08-11-2026 15:41:05 RAM 7369/7607MB (lfb 1x4MB) SWAP 1282/16384MB (cached 265MB) CPU [3%@729,3%@729,5%@729,2%@729,92%@1344,0%@1344] GR3D_FREQ 97% cpu@64.25C soc2@63.187C soc0@63.843C gpu@65.687C tj@65.687C soc1@62.937C VDD_IN 17850mW/17520mW VDD_CPU_GPU_CV 8666mW/8372mW VDD_SOC 4034mW/3990mW
08-11-2026 15:41:06 RAM 7369/7607MB (lfb 1x4MB) SWAP 1282/16384MB (cached 265MB) CPU [4%@729,5%@729,1%@729,1%@729,92%@1344,1%@1344] GR3D_FREQ 97% cpu@63.906C soc2@63.218C soc0@63.937C gpu@65.531C tj@65.531C soc1@62.812C VDD_IN 17772mW/17520mW VDD_CPU_GPU_CV 8471mW/8373mW VDD_SOC 4073mW/3990mW
08-11-2026 15:41:07 RAM 7370/7607MB (lfb 1x4MB) SWAP 1282/16384MB (cached 265MB) CPU [6%@729,4%@729,7%@729,14%@729,91%@1344,3%@1344] GR3D_FREQ 97% cpu@64C soc2@63.125C soc0@63.812C gpu@65.625C tj@65.625C soc1@62.843C VDD_IN 17889mW/17521mW VDD_CPU_GPU_CV 8510mW/8373mW VDD_SOC 4073mW/3990mW
08-11-2026 15:41:08 RAM 7370/7607MB (lfb 1x4MB) SWAP 1281/16384MB (cached 265MB) CPU [3%@729,5%@729,1%@729,2%@729,93%@1344,0%@1344] GR3D_FREQ 97% cpu@64.218C soc2@63.093C soc0@63.781C gpu@65.375C tj@65.375C soc1@62.875C VDD_IN 17772mW/17521mW VDD_CPU_GPU_CV 8315mW/8373mW VDD_SOC 4112mW/3991mW
08-11-2026 15:41:09 RAM 7370/7607MB (lfb 1x4MB) SWAP 1281/16384MB (cached 265MB) CPU [2%@729,2%@729,2%@729,1%@729,92%@1344,2%@1344] GR3D_FREQ 97% cpu@64.031C soc2@63.187C soc0@63.906C gpu@65.312C tj@65.312C soc1@62.937C VDD_IN 17732mW/17522mW VDD_CPU_GPU_CV 8237mW/8372mW VDD_SOC 4151mW/3991mW
08-11-2026 15:41:10 RAM 7370/7607MB (lfb 1x4MB) SWAP 1281/16384MB (cached 265MB) CPU [4%@729,0%@729,2%@729,1%@729,92%@1344,0%@1344] GR3D_FREQ 97% cpu@64.375C soc2@63.125C soc0@63.968C gpu@65.343C tj@65.343C soc1@62.968C VDD_IN 17654mW/17522mW VDD_CPU_GPU_CV 8042mW/8372mW VDD_SOC 4230mW/3992mW
08-11-2026 15:41:11 RAM 7370/7607MB (lfb 1x4MB) SWAP 1281/16384MB (cached 265MB) CPU [3%@729,2%@729,4%@729,2%@729,92%@1344,0%@1344] GR3D_FREQ 99% cpu@64.156C soc2@63.25C soc0@63.968C gpu@64.781C tj@64.781C soc1@62.843C VDD_IN 17575mW/17522mW VDD_CPU_GPU_CV 7768mW/8370mW VDD_SOC 4269mW/3992mW
08-11-2026 15:41:12 RAM 7371/7607MB (lfb 1x4MB) SWAP 1281/16384MB (cached 265MB) CPU [5%@729,7%@729,16%@729,6%@729,92%@1344,0%@1344] GR3D_FREQ 99% cpu@64.093C soc2@63.281C soc0@63.812C gpu@65.312C tj@65.312C soc1@62.875C VDD_IN 17693mW/17523mW VDD_CPU_GPU_CV 8471mW/8371mW VDD_SOC 4073mW/3992mW
08-11-2026 15:41:13 RAM 7371/7607MB (lfb 1x4MB) SWAP 1281/16384MB (cached 265MB) CPU [3%@729,2%@729,5%@729,4%@729,92%@1344,0%@1344] GR3D_FREQ 99% cpu@64.187C soc2@63.062C soc0@63.875C gpu@65.312C tj@65.593C soc1@62.906C VDD_IN 17654mW/17523mW VDD_CPU_GPU_CV 8588mW/8371mW VDD_SOC 3995mW/3992mW
08-11-2026 15:41:14 RAM 7370/7607MB (lfb 1x4MB) SWAP 1281/16384MB (cached 265MB) CPU [4%@729,3%@729,0%@729,4%@729,92%@1344,0%@1344] GR3D_FREQ 99% cpu@64.125C soc2@63.187C soc0@63.812C gpu@65.781C tj@65.781C soc1@62.937C VDD_IN 18125mW/17524mW VDD_CPU_GPU_CV 8862mW/8372mW VDD_SOC 4112mW/3993mW
08-11-2026 15:41:15 RAM 7370/7607MB (lfb 1x4MB) SWAP 1281/16384MB (cached 265MB) CPU [3%@729,2%@729,1%@729,4%@729,97%@1344,0%@1344] GR3D_FREQ 96% cpu@64.125C soc2@63.218C soc0@63.937C gpu@65.687C tj@65.687C soc1@62.968C VDD_IN 17811mW/17525mW VDD_CPU_GPU_CV 8823mW/8373mW VDD_SOC 3916mW/3992mW
08-11-2026 15:41:16 RAM 7370/7607MB (lfb 1x4MB) SWAP 1281/16384MB (cached 265MB) CPU [2%@729,4%@729,1%@729,1%@729,94%@1344,0%@1344] GR3D_FREQ 97% cpu@63.906C soc2@63.156C soc0@63.875C gpu@65.75C tj@65.75C soc1@62.812C VDD_IN 17850mW/17525mW VDD_CPU_GPU_CV 8823mW/8374mW VDD_SOC 3955mW/3992mW
08-11-2026 15:41:17 RAM 7360/7607MB (lfb 1x4MB) SWAP 1282/16384MB (cached 262MB) CPU [9%@729,20%@729,8%@729,4%@729,93%@1344,0%@1344] GR3D_FREQ 97% cpu@64.031C soc2@63.187C soc0@63.875C gpu@65.718C tj@65.718C soc1@62.812C VDD_IN 18046mW/17527mW VDD_CPU_GPU_CV 8940mW/8375mW VDD_SOC 3995mW/3992mW
08-11-2026 15:41:18 RAM 7360/7607MB (lfb 1x4MB) SWAP 1282/16384MB (cached 262MB) CPU [2%@729,1%@729,3%@729,3%@729,92%@1344,0%@1344] GR3D_FREQ 97% cpu@64.093C soc2@63.156C soc0@63.843C gpu@65.781C tj@65.781C soc1@62.843C VDD_IN 17889mW/17527mW VDD_CPU_GPU_CV 8744mW/8376mW VDD_SOC 3995mW/3992mW
08-11-2026 15:41:19 RAM 7360/7607MB (lfb 1x4MB) SWAP 1282/16384MB (cached 262MB) CPU [2%@729,3%@729,4%@729,0%@729,91%@1344,0%@1344] GR3D_FREQ 99% cpu@63.843C soc2@63.156C soc0@63.937C gpu@65.437C tj@65.437C soc1@62.875C VDD_IN 17811mW/17528mW VDD_CPU_GPU_CV 8627mW/8377mW VDD_SOC 3995mW/3992mW
08-11-2026 15:41:20 RAM 7360/7607MB (lfb 1x4MB) SWAP 1282/16384MB (cached 262MB) CPU [3%@729,2%@729,4%@729,2%@729,92%@1344,0%@1344] GR3D_FREQ 97% cpu@63.937C soc2@63.187C soc0@63.843C gpu@65.468C tj@65.468C soc1@62.812C VDD_IN 17811mW/17528mW VDD_CPU_GPU_CV 8627mW/8377mW VDD_SOC 4034mW/3992mW
08-11-2026 15:41:21 RAM 7360/7607MB (lfb 1x4MB) SWAP 1282/16384MB (cached 262MB) CPU [2%@729,2%@729,4%@729,5%@729,92%@1344,0%@1344] GR3D_FREQ 97% cpu@64C soc2@63.156C soc0@63.812C gpu@65.5C tj@65.5C soc1@62.812C VDD_IN 17772mW/17529mW VDD_CPU_GPU_CV 8471mW/8377mW VDD_SOC 4073mW/3993mW
08-11-2026 15:41:22 RAM 7361/7607MB (lfb 1x4MB) SWAP 1282/16384MB (cached 262MB) CPU [9%@729,2%@729,3%@729,8%@729,92%@1344,0%@1344] GR3D_FREQ 97% cpu@64.062C soc2@63.156C soc0@63.812C gpu@65.531C tj@65.531C soc1@62.843C VDD_IN 17889mW/17530mW VDD_CPU_GPU_CV 8549mW/8378mW VDD_SOC 4073mW/3993mW
08-11-2026 15:41:23 RAM 7362/7607MB (lfb 1x4MB) SWAP 1282/16384MB (cached 262MB) CPU [9%@729,3%@729,2%@729,10%@729,92%@1344,0%@1344] GR3D_FREQ 97% cpu@64.156C soc2@63.093C soc0@63.781C gpu@65.718C tj@65.718C soc1@62.906C VDD_IN 17732mW/17530mW VDD_CPU_GPU_CV 8315mW/8377mW VDD_SOC 4151mW/3993mW
08-11-2026 15:41:24 RAM 7362/7607MB (lfb 1x4MB) SWAP 1282/16384MB (cached 262MB) CPU [36%@729,3%@729,4%@729,1%@729,60%@1344,0%@1344] GR3D_FREQ 97% cpu@63.906C soc2@63.187C soc0@63.906C gpu@65.718C tj@65.718C soc1@62.968C VDD_IN 17693mW/17530mW VDD_CPU_GPU_CV 8159mW/8377mW VDD_SOC 4190mW/3994mW
08-11-2026 15:41:25 RAM 7362/7607MB (lfb 1x4MB) SWAP 1282/16384MB (cached 262MB) CPU [4%@729,2%@729,3%@729,3%@729,92%@1344,0%@1344] GR3D_FREQ 97% cpu@64.062C soc2@63.062C soc0@63.937C gpu@65.718C tj@65.718C soc1@62.812C VDD_IN 17693mW/17531mW VDD_CPU_GPU_CV 7925mW/8376mW VDD_SOC 4230mW/3994mW
08-11-2026 15:41:26 RAM 7362/7607MB (lfb 1x4MB) SWAP 1282/16384MB (cached 262MB) CPU [2%@729,1%@729,3%@729,4%@729,92%@1344,0%@1344] GR3D_FREQ 99% cpu@64.406C soc2@63.093C soc0@63.781C gpu@64.906C tj@64.906C soc1@62.906C VDD_IN 17575mW/17531mW VDD_CPU_GPU_CV 7925mW/8375mW VDD_SOC 4230mW/3994mW
08-11-2026 15:41:27 RAM 7362/7607MB (lfb 1x4MB) SWAP 1282/16384MB (cached 262MB) CPU [3%@729,2%@729,5%@729,2%@729,92%@1344,0%@1344] GR3D_FREQ 99% cpu@64.093C soc2@63.156C soc0@63.968C gpu@65.375C tj@65.375C soc1@62.937C VDD_IN 17575mW/17531mW VDD_CPU_GPU_CV 8432mW/8375mW VDD_SOC 4034mW/3995mW
08-11-2026 15:41:28 RAM 7364/7607MB (lfb 1x4MB) SWAP 1282/16384MB (cached 262MB) CPU [8%@729,16%@729,3%@729,4%@729,92%@1344,0%@1344] GR3D_FREQ 99% cpu@64.187C soc2@63.25C soc0@63.937C gpu@65.468C tj@65.468C soc1@62.937C VDD_IN 17693mW/17531mW VDD_CPU_GPU_CV 8627mW/8376mW VDD_SOC 3995mW/3995mW
08-11-2026 15:41:29 RAM 7364/7607MB (lfb 1x4MB) SWAP 1282/16384MB (cached 262MB) CPU [5%@729,2%@729,2%@729,2%@729,93%@729,0%@729] GR3D_FREQ 99% cpu@64.031C soc2@63.156C soc0@63.937C gpu@65.843C tj@65.843C soc1@62.812C VDD_IN 18007mW/17532mW VDD_CPU_GPU_CV 8964mW/8377mW VDD_SOC 3995mW/3995mW
08-11-2026 15:41:30 RAM 7364/7607MB (lfb 1x4MB) SWAP 1282/16384MB (cached 262MB) CPU [3%@729,6%@729,1%@729,2%@729,99%@1344,0%@1344] GR3D_FREQ 97% cpu@63.968C soc2@63.125C soc0@63.875C gpu@66C tj@66C soc1@62.812C VDD_IN 17929mW/17533mW VDD_CPU_GPU_CV 8901mW/8378mW VDD_SOC 3955mW/3994mW
08-11-2026 15:41:31 RAM 7364/7607MB (lfb 1x4MB) SWAP 1282/16384MB (cached 262MB) CPU [0%@1344,3%@1344,2%@1344,2%@1344,92%@1344,0%@1344] GR3D_FREQ 97% cpu@64.093C soc2@63.218C soc0@63.75C gpu@65.312C tj@65.312C soc1@62.843C VDD_IN 17850mW/17534mW VDD_CPU_GPU_CV 8784mW/8379mW VDD_SOC 3955mW/3994mW
08-11-2026 15:41:32 RAM 7364/7607MB (lfb 1x4MB) SWAP 1282/16384MB (cached 262MB) CPU [4%@729,2%@729,2%@729,2%@729,92%@1344,0%@1344] GR3D_FREQ 97% cpu@63.843C soc2@63.218C soc0@63.843C gpu@65.375C tj@65.375C soc1@62.937C VDD_IN 17811mW/17534mW VDD_CPU_GPU_CV 8784mW/8380mW VDD_SOC 3955mW/3994mW
08-11-2026 15:41:33 RAM 7365/7607MB (lfb 1x4MB) SWAP 1282/16384MB (cached 262MB) CPU [9%@729,4%@729,7%@729,18%@729,92%@1344,0%@1344] GR3D_FREQ 97% cpu@63.968C soc2@63.156C soc0@63.843C gpu@65.406C tj@65.406C soc1@62.843C VDD_IN 17850mW/17535mW VDD_CPU_GPU_CV 8744mW/8380mW VDD_SOC 3995mW/3994mW
08-11-2026 15:41:34 RAM 7365/7607MB (lfb 1x4MB) SWAP 1282/16384MB (cached 262MB) CPU [1%@729,4%@729,1%@729,5%@729,92%@1344,0%@1344] GR3D_FREQ 97% cpu@64.031C soc2@63.156C soc0@63.812C gpu@65.468C tj@65.468C soc1@62.812C VDD_IN 17850mW/17536mW VDD_CPU_GPU_CV 8627mW/8381mW VDD_SOC 3995mW/3994mW
08-11-2026 15:41:35 RAM 7365/7607MB (lfb 1x4MB) SWAP 1282/16384MB (cached 262MB) CPU [10%@729,2%@729,2%@729,2%@729,93%@1344,0%@1344] GR3D_FREQ 97% cpu@64.187C soc2@63.093C soc0@63.625C gpu@65.625C tj@65.625C soc1@62.843C VDD_IN 17772mW/17536mW VDD_CPU_GPU_CV 8510mW/8381mW VDD_SOC 4034mW/3994mW
08-11-2026 15:41:36 RAM 7365/7607MB (lfb 1x4MB) SWAP 1282/16384MB (cached 262MB) CPU [5%@1344,1%@1344,2%@1344,1%@1344,92%@1344,1%@1344] GR3D_FREQ 97% cpu@64.156C soc2@63.093C soc0@63.843C gpu@65.5C tj@65.5C soc1@62.843C VDD_IN 17693mW/17536mW VDD_CPU_GPU_CV 8432mW/8381mW VDD_SOC 4073mW/3995mW
08-11-2026 15:41:37 RAM 7365/7607MB (lfb 1x4MB) SWAP 1282/16384MB (cached 262MB) CPU [3%@729,3%@729,3%@729,4%@729,93%@1344,0%@1344] GR3D_FREQ 97% cpu@64.343C soc2@63.25C soc0@63.906C gpu@65.562C tj@65.562C soc1@63C VDD_IN 17732mW/17537mW VDD_CPU_GPU_CV 8315mW/8381mW VDD_SOC 4112mW/3995mW
08-11-2026 15:41:38 RAM 7366/7607MB (lfb 1x4MB) SWAP 1282/16384MB (cached 262MB) CPU [6%@729,9%@729,6%@729,14%@729,92%@1344,0%@1344] GR3D_FREQ 96% cpu@63.937C soc2@63.156C soc0@63.937C gpu@65.531C tj@65.531C soc1@62.843C VDD_IN 17772mW/17537mW VDD_CPU_GPU_CV 8276mW/8381mW VDD_SOC 4151mW/3995mW
08-11-2026 15:41:39 RAM 7366/7607MB (lfb 1x4MB) SWAP 1282/16384MB (cached 262MB) CPU [3%@729,4%@729,3%@729,3%@729,92%@1344,0%@1344] GR3D_FREQ 97% cpu@64.125C soc2@63.156C soc0@63.843C gpu@65.312C tj@65.312C soc1@62.843C VDD_IN 17693mW/17538mW VDD_CPU_GPU_CV 8003mW/8380mW VDD_SOC 4190mW/3996mW
08-11-2026 15:41:40 RAM 7366/7607MB (lfb 1x4MB) SWAP 1282/16384MB (cached 262MB) CPU [3%@1344,3%@1344,6%@1344,3%@1344,92%@1344,0%@1344] GR3D_FREQ 99% cpu@64.531C soc2@63.281C soc0@63.843C gpu@64.781C tj@64.781C soc1@62.937C VDD_IN 17497mW/17537mW VDD_CPU_GPU_CV 7729mW/8379mW VDD_SOC 4269mW/3996mW
08-11-2026 15:41:41 RAM 7366/7607MB (lfb 1x4MB) SWAP 1282/16384MB (cached 262MB) CPU [3%@729,1%@729,6%@729,1%@729,92%@1344,0%@1344] GR3D_FREQ 99% cpu@64.187C soc2@63.093C soc0@63.937C gpu@65.281C tj@65.281C soc1@62.968C VDD_IN 17497mW/17537mW VDD_CPU_GPU_CV 8354mW/8379mW VDD_SOC 4080mW/3996mW
08-11-2026 15:41:42 RAM 7366/7607MB (lfb 1x4MB) SWAP 1282/16384MB (cached 262MB) CPU [2%@729,1%@729,0%@729,3%@729,92%@1344,2%@1344] GR3D_FREQ 99% cpu@64.281C soc2@63.125C soc0@63.968C gpu@65.437C tj@65.437C soc1@62.937C VDD_IN 17575mW/17537mW VDD_CPU_GPU_CV 8588mW/8379mW VDD_SOC 3962mW/3996mW
08-11-2026 15:41:43 RAM 7366/7607MB (lfb 1x4MB) SWAP 1282/16384MB (cached 262MB) CPU [4%@1344,16%@1344,6%@1344,7%@1344,92%@1344,1%@1344] GR3D_FREQ 99% cpu@64.093C soc2@63.25C soc0@64.031C gpu@65.812C tj@65.812C soc1@62.843C VDD_IN 18164mW/17539mW VDD_CPU_GPU_CV 8925mW/8380mW VDD_SOC 4073mW/3996mW
08-11-2026 15:41:44 RAM 7365/7607MB (lfb 1x4MB) SWAP 1282/16384MB (cached 262MB) CPU [9%@729,7%@729,5%@729,9%@729,98%@1344,2%@1344] GR3D_FREQ 96% cpu@64.093C soc2@63.156C soc0@63.843C gpu@65.75C tj@65.75C soc1@62.906C VDD_IN 17889mW/17539mW VDD_CPU_GPU_CV 8901mW/8381mW VDD_SOC 3916mW/3996mW
08-11-2026 15:41:45 RAM 7366/7607MB (lfb 1x4MB) SWAP 1282/16384MB (cached 263MB) CPU [3%@729,1%@729,4%@729,2%@729,94%@1344,0%@1344] GR3D_FREQ 97% cpu@64.312C soc2@63.281C soc0@63.875C gpu@65.812C tj@65.812C soc1@62.937C VDD_IN 17811mW/17540mW VDD_CPU_GPU_CV 8808mW/8382mW VDD_SOC 3955mW/3996mW
08-11-2026 15:41:46 RAM 7366/7607MB (lfb 1x4MB) SWAP 1282/16384MB (cached 263MB) CPU [2%@729,8%@729,1%@729,2%@729,92%@1344,0%@1344] GR3D_FREQ 97% cpu@63.968C soc2@63.218C soc0@63.781C gpu@65.687C tj@65.687C soc1@62.937C VDD_IN 17772mW/17540mW VDD_CPU_GPU_CV 8744mW/8383mW VDD_SOC 3955mW/3996mW
08-11-2026 15:41:47 RAM 7366/7607MB (lfb 1x4MB) SWAP 1282/16384MB (cached 263MB) CPU [1%@729,1%@729,6%@729,2%@729,92%@1344,0%@1344] GR3D_FREQ 97% cpu@63.906C soc2@63.25C soc0@64C gpu@65.75C tj@65.75C soc1@62.875C VDD_IN 17772mW/17541mW VDD_CPU_GPU_CV 8705mW/8384mW VDD_SOC 3955mW/3996mW
08-11-2026 15:41:48 RAM 7368/7607MB (lfb 1x4MB) SWAP 1282/16384MB (cached 263MB) CPU [5%@1267,10%@1267,6%@1267,13%@1267,93%@1344,0%@1344] GR3D_FREQ 97% cpu@64.093C soc2@63.281C soc0@63.812C gpu@65.5C tj@65.5C soc1@62.875C VDD_IN 17929mW/17542mW VDD_CPU_GPU_CV 8744mW/8384mW VDD_SOC 4034mW/3996mW
08-11-2026 15:41:49 RAM 7368/7607MB (lfb 1x4MB) SWAP 1282/16384MB (cached 263MB) CPU [3%@1113,3%@1113,3%@1113,7%@1113,92%@1344,0%@1344] GR3D_FREQ 97% cpu@64.031C soc2@63.125C soc0@63.812C gpu@65.5C tj@65.5C soc1@62.937C VDD_IN 17811mW/17542mW VDD_CPU_GPU_CV 8588mW/8385mW VDD_SOC 4034mW/3996mW
08-11-2026 15:41:50 RAM 7368/7607MB (lfb 1x4MB) SWAP 1282/16384MB (cached 263MB) CPU [4%@729,4%@729,1%@729,3%@729,92%@1344,0%@1344] GR3D_FREQ 99% cpu@64.406C soc2@63.218C soc0@63.843C gpu@65.437C tj@65.437C soc1@62.875C VDD_IN 17772mW/17543mW VDD_CPU_GPU_CV 8471mW/8385mW VDD_SOC 4073mW/3996mW
08-11-2026 15:41:51 RAM 7368/7607MB (lfb 1x4MB) SWAP 1281/16384MB (cached 263MB) CPU [5%@729,2%@729,6%@729,7%@729,92%@1344,1%@1344] GR3D_FREQ 97% cpu@64.031C soc2@63.218C soc0@63.968C gpu@65.812C tj@65.812C soc1@62.843C VDD_IN 17850mW/17543mW VDD_CPU_GPU_CV 8471mW/8385mW VDD_SOC 4073mW/3996mW
08-11-2026 15:41:52 RAM 7368/7607MB (lfb 1x4MB) SWAP 1281/16384MB (cached 263MB) CPU [4%@729,2%@729,1%@729,3%@729,92%@1344,0%@1344] GR3D_FREQ 97% cpu@64.062C soc2@63.125C soc0@63.843C gpu@65.75C tj@65.75C soc1@62.843C VDD_IN 17693mW/17543mW VDD_CPU_GPU_CV 8276mW/8385mW VDD_SOC 4151mW/3997mW
08-11-2026 15:41:53 RAM 7368/7607MB (lfb 1x4MB) SWAP 1281/16384MB (cached 263MB) CPU [3%@1267,3%@1267,6%@1267,3%@1267,92%@1344,0%@1344] GR3D_FREQ 97% cpu@64.437C soc2@63.125C soc0@63.812C gpu@65.468C tj@65.468C soc1@62.906C VDD_IN 17732mW/17544mW VDD_CPU_GPU_CV 8159mW/8384mW VDD_SOC 4151mW/3997mW
08-11-2026 15:41:54 RAM 7369/7607MB (lfb 1x4MB) SWAP 1281/16384MB (cached 263MB) CPU [5%@729,8%@1344,14%@1344,4%@1344,92%@1344,0%@1344] GR3D_FREQ 97% cpu@64.093C soc2@63.156C soc0@63.968C gpu@65.312C tj@65.312C soc1@62.875C VDD_IN 17654mW/17544mW VDD_CPU_GPU_CV 7964mW/8384mW VDD_SOC 4230mW/3997mW
08-11-2026 15:41:55 RAM 7369/7607MB (lfb 1x4MB) SWAP 1281/16384MB (cached 263MB) CPU [4%@729,1%@729,2%@729,1%@729,92%@1344,2%@1344] GR3D_FREQ 99% cpu@64.156C soc2@63.25C soc0@64C gpu@65C tj@65C soc1@62.812C VDD_IN 17497mW/17544mW VDD_CPU_GPU_CV 8003mW/8383mW VDD_SOC 4151mW/3998mW
08-11-2026 15:41:56 RAM 7369/7607MB (lfb 1x4MB) SWAP 1281/16384MB (cached 263MB) CPU [4%@729,2%@729,1%@729,2%@729,92%@1344,0%@1344] GR3D_FREQ 99% cpu@64.218C soc2@63.218C soc0@63.812C gpu@65.687C tj@65.687C soc1@62.812C VDD_IN 17536mW/17544mW VDD_CPU_GPU_CV 8471mW/8383mW VDD_SOC 3995mW/3998mW
08-11-2026 15:41:57 RAM 7369/7607MB (lfb 1x4MB) SWAP 1281/16384MB (cached 263MB) CPU [2%@729,1%@729,8%@729,3%@729,92%@1344,1%@1344] GR3D_FREQ 99% cpu@64.062C soc2@63.218C soc0@63.843C gpu@65.687C tj@65.687C soc1@62.812C VDD_IN 17575mW/17544mW VDD_CPU_GPU_CV 8549mW/8383mW VDD_SOC 4001mW/3998mW
08-11-2026 15:41:58 RAM 7369/7607MB (lfb 1x4MB) SWAP 1281/16384MB (cached 263MB) CPU [3%@729,1%@729,4%@729,2%@729,93%@729,0%@729] GR3D_FREQ 99% cpu@64.187C soc2@63.125C soc0@63.875C gpu@65.281C tj@65.281C soc1@62.906C VDD_IN 17732mW/17544mW VDD_CPU_GPU_CV 8744mW/8384mW VDD_SOC 3955mW/3998mW
08-11-2026 15:41:59 RAM 7371/7607MB (lfb 1x4MB) SWAP 1281/16384MB (cached 263MB) CPU [7%@729,7%@729,18%@729,7%@729,98%@1344,0%@1344] GR3D_FREQ 97% cpu@63.968C soc2@63.125C soc0@63.875C gpu@65.281C tj@65.281C soc1@62.937C VDD_IN 17772mW/17545mW VDD_CPU_GPU_CV 8823mW/8385mW VDD_SOC 3916mW/3997mW
08-11-2026 15:42:00 RAM 7371/7607MB (lfb 1x4MB) SWAP 1281/16384MB (cached 263MB) CPU [2%@729,3%@729,4%@729,1%@729,92%@1344,0%@1344] GR3D_FREQ 97% cpu@64.031C soc2@63.156C soc0@63.906C gpu@65.218C tj@65.218C soc1@62.781C VDD_IN 17654mW/17545mW VDD_CPU_GPU_CV 8666mW/8385mW VDD_SOC 3955mW/3997mW
08-11-2026 15:42:01 RAM 7371/7607MB (lfb 1x4MB) SWAP 1281/16384MB (cached 263MB) CPU [3%@729,3%@729,2%@729,2%@729,92%@1344,0%@1344] GR3D_FREQ 97% cpu@64.062C soc2@63.156C soc0@63.75C gpu@65.375C tj@65.375C soc1@62.937C VDD_IN 17654mW/17545mW VDD_CPU_GPU_CV 8666mW/8386mW VDD_SOC 3955mW/3997mW
08-11-2026 15:42:02 RAM 7371/7607MB (lfb 1x4MB) SWAP 1281/16384MB (cached 263MB) CPU [1%@729,2%@729,3%@729,1%@729,92%@1344,4%@1344] GR3D_FREQ 97% cpu@64.156C soc2@63.062C soc0@63.843C gpu@65.531C tj@65.531C soc1@62.875C VDD_IN 17654mW/17545mW VDD_CPU_GPU_CV 8588mW/8386mW VDD_SOC 3955mW/3997mW
08-11-2026 15:42:03 RAM 7371/7607MB (lfb 1x4MB) SWAP 1281/16384MB (cached 263MB) CPU [2%@729,1%@729,0%@729,2%@729,92%@1344,1%@1344] GR3D_FREQ 97% cpu@64.062C soc2@63.125C soc0@63.875C gpu@65.562C tj@65.562C soc1@62.906C VDD_IN 17693mW/17546mW VDD_CPU_GPU_CV 8588mW/8387mW VDD_SOC 3995mW/3997mW
08-11-2026 15:42:04 RAM 7357/7607MB (lfb 1x4MB) SWAP 1284/16384MB (cached 260MB) CPU [9%@729,6%@729,23%@729,10%@729,92%@1344,2%@1344] GR3D_FREQ 97% cpu@63.875C soc2@63.25C soc0@63.875C gpu@65.562C tj@65.562C soc1@62.906C VDD_IN 17850mW/17546mW VDD_CPU_GPU_CV 8627mW/8387mW VDD_SOC 4034mW/3997mW
08-11-2026 15:42:05 RAM 7357/7607MB (lfb 1x4MB) SWAP 1284/16384MB (cached 260MB) CPU [2%@729,2%@729,4%@729,2%@729,92%@1344,1%@1344] GR3D_FREQ 97% cpu@63.906C soc2@63.125C soc0@63.937C gpu@65.625C tj@65.625C soc1@62.812C VDD_IN 17615mW/17546mW VDD_CPU_GPU_CV 8354mW/8387mW VDD_SOC 4073mW/3997mW
08-11-2026 15:42:06 RAM 7357/7607MB (lfb 1x4MB) SWAP 1284/16384MB (cached 260MB) CPU [3%@729,3%@729,2%@729,1%@729,92%@1344,0%@1344] GR3D_FREQ 97% cpu@64.031C soc2@63.125C soc0@63.843C gpu@65.562C tj@65.562C soc1@62.812C VDD_IN 17615mW/17546mW VDD_CPU_GPU_CV 8276mW/8387mW VDD_SOC 4073mW/3998mW
08-11-2026 15:42:07 RAM 7357/7607MB (lfb 1x4MB) SWAP 1284/16384MB (cached 260MB) CPU [3%@729,3%@729,3%@729,1%@729,92%@1344,0%@1344] GR3D_FREQ 99% cpu@64.218C soc2@63.062C soc0@63.812C gpu@65.375C tj@65.375C soc1@62.906C VDD_IN 17575mW/17547mW VDD_CPU_GPU_CV 8081mW/8386mW VDD_SOC 4112mW/3998mW
08-11-2026 15:42:08 RAM 7357/7607MB (lfb 1x4MB) SWAP 1284/16384MB (cached 260MB) CPU [7%@729,1%@729,0%@729,3%@729,92%@1344,0%@1344] GR3D_FREQ 97% cpu@64.031C soc2@63.125C soc0@63.843C gpu@65.343C tj@65.343C soc1@62.906C VDD_IN 17693mW/17547mW VDD_CPU_GPU_CV 8081mW/8386mW VDD_SOC 4190mW/3998mW
08-11-2026 15:42:09 RAM 7360/7607MB (lfb 1x4MB) SWAP 1284/16384MB (cached 260MB) CPU [4%@729,18%@729,10%@729,6%@729,92%@1344,0%@1344] GR3D_FREQ 97% cpu@64.125C soc2@63.281C soc0@63.968C gpu@65.281C tj@65.281C soc1@62.718C VDD_IN 17732mW/17547mW VDD_CPU_GPU_CV 8003mW/8385mW VDD_SOC 4230mW/3999mW
08-11-2026 15:42:10 RAM 7360/7607MB (lfb 1x4MB) SWAP 1284/16384MB (cached 260MB) CPU [2%@729,2%@729,2%@729,4%@729,92%@1344,0%@1344] GR3D_FREQ 99% cpu@64.218C soc2@63.093C soc0@63.937C gpu@64.937C tj@64.937C soc1@62.843C VDD_IN 17447mW/17547mW VDD_CPU_GPU_CV 7925mW/8384mW VDD_SOC 4197mW/3999mW
08-11-2026 15:42:11 RAM 7360/7607MB (lfb 1x4MB) SWAP 1284/16384MB (cached 260MB) CPU [2%@729,1%@729,2%@729,1%@729,92%@1344,2%@1344] GR3D_FREQ 99% cpu@64.031C soc2@63.156C soc0@63.812C gpu@65.343C tj@65.343C soc1@62.812C VDD_IN 17458mW/17547mW VDD_CPU_GPU_CV 8354mW/8384mW VDD_SOC 4001mW/3999mW
08-11-2026 15:42:12 RAM 7359/7607MB (lfb 1x4MB) SWAP 1284/16384MB (cached 260MB) CPU [7%@1190,9%@1190,8%@1190,4%@1190,77%@729,2%@729] GR3D_FREQ 0% cpu@64.375C soc2@63.062C soc0@63.781C gpu@64.281C tj@64.406C soc1@62.875C VDD_IN 14981mW/17542mW VDD_CPU_GPU_CV 6826mW/8381mW VDD_SOC 3542mW/3998mW
08-11-2026 15:42:13 RAM 7375/7607MB (lfb 1x4MB) SWAP 1294/16384MB (cached 252MB) CPU [57%@1344,57%@1344,73%@1344,65%@1344,51%@1344,51%@1344] GR3D_FREQ 0% cpu@63.625C soc2@62.406C soc0@63.531C gpu@63.031C tj@63.625C soc1@62.781C VDD_IN 8518mW/17525mW VDD_CPU_GPU_CV 2901mW/8371mW VDD_SOC 1950mW/3994mW
08-11-2026 15:42:14 RAM 7393/7607MB (lfb 1x4MB) SWAP 1322/16384MB (cached 245MB) CPU [34%@1344,28%@1344,47%@1344,42%@1344,70%@1344,21%@1344] GR3D_FREQ 97% cpu@63.812C soc2@62.468C soc0@63.156C gpu@64.5C tj@64.5C soc1@62.5C VDD_IN 14823mW/17520mW VDD_CPU_GPU_CV 7061mW/8368mW VDD_SOC 3030mW/3992mW
08-11-2026 15:42:15 RAM 7383/7607MB (lfb 1x4MB) SWAP 1328/16384MB (cached 242MB) CPU [8%@729,7%@729,10%@729,6%@729,94%@1344,2%@1344] GR3D_FREQ 97% cpu@63.625C soc2@62.687C soc0@63.437C gpu@64.937C tj@64.937C soc1@62.593C VDD_IN 17447mW/17520mW VDD_CPU_GPU_CV 8276mW/8368mW VDD_SOC 3962mW/3992mW
08-11-2026 15:42:16 RAM 7384/7607MB (lfb 1x4MB) SWAP 1328/16384MB (cached 242MB) CPU [3%@729,2%@729,1%@729,1%@729,92%@1344,0%@1344] GR3D_FREQ 97% cpu@63.562C soc2@62.75C soc0@63.5C gpu@65.375C tj@65.375C soc1@62.687C VDD_IN 17615mW/17520mW VDD_CPU_GPU_CV 8315mW/8368mW VDD_SOC 4073mW/3993mW
08-11-2026 15:42:17 RAM 7384/7607MB (lfb 1x4MB) SWAP 1328/16384MB (cached 242MB) CPU [3%@729,2%@729,3%@729,2%@729,92%@1344,1%@1344] GR3D_FREQ 99% cpu@63.656C soc2@62.812C soc0@63.593C gpu@65.375C tj@65.375C soc1@62.593C VDD_IN 17536mW/17520mW VDD_CPU_GPU_CV 8120mW/8368mW VDD_SOC 4119mW/3993mW
08-11-2026 15:42:18 RAM 7384/7607MB (lfb 1x4MB) SWAP 1328/16384MB (cached 242MB) CPU [1%@729,3%@729,1%@729,4%@729,92%@1344,3%@1344] GR3D_FREQ 97% cpu@63.812C soc2@62.875C soc0@63.531C gpu@65.375C tj@65.375C soc1@62.531C VDD_IN 17536mW/17520mW VDD_CPU_GPU_CV 8042mW/8367mW VDD_SOC 4158mW/3993mW
08-11-2026 15:42:19 RAM 7384/7607MB (lfb 1x4MB) SWAP 1327/16384MB (cached 243MB) CPU [2%@729,1%@729,4%@729,2%@729,92%@1344,4%@1344] GR3D_FREQ 99% cpu@64.062C soc2@62.843C soc0@63.562C gpu@65.343C tj@65.343C soc1@62.625C VDD_IN 17458mW/17520mW VDD_CPU_GPU_CV 7768mW/8366mW VDD_SOC 4237mW/3994mW
08-11-2026 15:42:20 RAM 7380/7607MB (lfb 9x2MB) SWAP 1332/16384MB (cached 240MB) CPU [6%@729,16%@729,8%@729,16%@729,92%@1344,1%@1344] GR3D_FREQ 99% cpu@64.062C soc2@62.937C soc0@63.593C gpu@65.062C tj@65.062C soc1@62.656C VDD_IN 17486mW/17520mW VDD_CPU_GPU_CV 8081mW/8366mW VDD_SOC 4119mW/3994mW
08-11-2026 15:42:21 RAM 7381/7607MB (lfb 9x2MB) SWAP 1332/16384MB (cached 240MB) CPU [2%@729,2%@729,0%@729,5%@729,91%@1344,0%@1344] GR3D_FREQ 99% cpu@63.593C soc2@62.906C soc0@63.625C gpu@65.281C tj@65.281C soc1@62.812C VDD_IN 17447mW/17520mW VDD_CPU_GPU_CV 8432mW/8366mW VDD_SOC 3923mW/3994mW
08-11-2026 15:42:22 RAM 7379/7607MB (lfb 9x2MB) SWAP 1332/16384MB (cached 240MB) CPU [4%@729,3%@729,1%@729,2%@729,92%@1344,0%@1344] GR3D_FREQ 99% cpu@63.687C soc2@63.031C soc0@63.656C gpu@65.437C tj@65.437C soc1@62.562C VDD_IN 17732mW/17520mW VDD_CPU_GPU_CV 8588mW/8366mW VDD_SOC 4034mW/3994mW
08-11-2026 15:42:23 RAM 7379/7607MB (lfb 9x2MB) SWAP 1332/16384MB (cached 240MB) CPU [3%@1267,3%@1267,2%@1267,7%@1267,96%@729,0%@729] GR3D_FREQ 96% cpu@63.75C soc2@62.906C soc0@63.562C gpu@65.25C tj@65.25C soc1@62.593C VDD_IN 17615mW/17521mW VDD_CPU_GPU_CV 8627mW/8367mW VDD_SOC 3916mW/3994mW
08-11-2026 15:42:24 RAM 7379/7607MB (lfb 9x2MB) SWAP 1332/16384MB (cached 240MB) CPU [96%@1344,1%@1344,3%@1344,4%@1344,0%@729,0%@729] GR3D_FREQ 97% cpu@64.031C soc2@63.031C soc0@63.593C gpu@65.406C tj@65.406C soc1@62.656C VDD_IN 17772mW/17521mW VDD_CPU_GPU_CV 8744mW/8367mW VDD_SOC 3916mW/3993mW
08-11-2026 15:42:25 RAM 7381/7607MB (lfb 9x2MB) SWAP 1332/16384MB (cached 240MB) CPU [31%@729,6%@729,12%@729,7%@729,64%@1344,2%@1344] GR3D_FREQ 98% cpu@63.843C soc2@63C soc0@63.625C gpu@65.343C tj@65.343C soc1@62.718C VDD_IN 17732mW/17521mW VDD_CPU_GPU_CV 8744mW/8368mW VDD_SOC 3955mW/3993mW
08-11-2026 15:42:26 RAM 7381/7607MB (lfb 9x2MB) SWAP 1332/16384MB (cached 240MB) CPU [1%@729,2%@729,2%@729,1%@729,92%@1344,2%@1344] GR3D_FREQ 97% cpu@63.625C soc2@62.906C soc0@63.625C gpu@65.5C tj@65.5C soc1@62.812C VDD_IN 17693mW/17522mW VDD_CPU_GPU_CV 8627mW/8368mW VDD_SOC 3955mW/3993mW
08-11-2026 15:42:27 RAM 7381/7607MB (lfb 9x2MB) SWAP 1332/16384MB (cached 240MB) CPU [2%@729,2%@729,0%@729,4%@729,92%@1344,0%@1344] GR3D_FREQ 99% cpu@63.687C soc2@62.906C soc0@63.718C gpu@65.25C tj@65.25C soc1@62.625C VDD_IN 17693mW/17522mW VDD_CPU_GPU_CV 8549mW/8369mW VDD_SOC 3995mW/3993mW
08-11-2026 15:42:28 RAM 7381/7607MB (lfb 9x2MB) SWAP 1332/16384MB (cached 240MB) CPU [2%@729,4%@729,3%@729,1%@729,93%@1344,0%@1344] GR3D_FREQ 97% cpu@63.875C soc2@62.843C soc0@63.562C gpu@65.218C tj@65.218C soc1@62.656C VDD_IN 17654mW/17522mW VDD_CPU_GPU_CV 8549mW/8369mW VDD_SOC 3995mW/3993mW
08-11-2026 15:42:29 RAM 7381/7607MB (lfb 9x2MB) SWAP 1332/16384MB (cached 240MB) CPU [3%@729,3%@729,4%@729,1%@729,92%@1344,0%@1344] GR3D_FREQ 98% cpu@63.968C soc2@63.031C soc0@63.562C gpu@65.125C tj@65.125C soc1@62.687C VDD_IN 17654mW/17522mW VDD_CPU_GPU_CV 8393mW/8369mW VDD_SOC 4034mW/3993mW
08-11-2026 15:42:30 RAM 7383/7607MB (lfb 9x2MB) SWAP 1332/16384MB (cached 240MB) CPU [7%@729,8%@729,6%@729,21%@729,92%@1344,0%@1344] GR3D_FREQ 97% cpu@64C soc2@62.875C soc0@63.562C gpu@65.281C tj@65.281C soc1@62.75C VDD_IN 17732mW/17523mW VDD_CPU_GPU_CV 8432mW/8369mW VDD_SOC 4073mW/3994mW
08-11-2026 15:42:31 RAM 7383/7607MB (lfb 9x2MB) SWAP 1332/16384MB (cached 240MB) CPU [3%@729,3%@729,1%@729,6%@729,92%@1344,0%@1344] GR3D_FREQ 97% cpu@63.656C soc2@63C soc0@63.656C gpu@65.187C tj@65.187C soc1@62.812C VDD_IN 17615mW/17523mW VDD_CPU_GPU_CV 8237mW/8369mW VDD_SOC 4112mW/3994mW
08-11-2026 15:42:32 RAM 7383/7607MB (lfb 9x2MB) SWAP 1332/16384MB (cached 240MB) CPU [2%@729,1%@729,3%@729,4%@729,92%@1344,0%@1344] GR3D_FREQ 97% cpu@63.812C soc2@62.906C soc0@63.781C gpu@65.218C tj@65.218C soc1@62.656C VDD_IN 17615mW/17523mW VDD_CPU_GPU_CV 8081mW/8368mW VDD_SOC 4151mW/3994mW
08-11-2026 15:42:33 RAM 7383/7607MB (lfb 9x2MB) SWAP 1332/16384MB (cached 240MB) CPU [2%@729,2%@729,3%@729,2%@729,92%@1344,0%@1344] GR3D_FREQ 97% cpu@63.937C soc2@62.875C soc0@63.562C gpu@65.375C tj@65.375C soc1@62.718C VDD_IN 17536mW/17523mW VDD_CPU_GPU_CV 7847mW/8367mW VDD_SOC 4230mW/3994mW
08-11-2026 15:42:34 RAM 7382/7607MB (lfb 9x2MB) SWAP 1332/16384MB (cached 240MB) CPU [5%@729,3%@729,2%@729,2%@729,92%@1344,0%@1344] GR3D_FREQ 99% cpu@64.218C soc2@62.968C soc0@63.625C gpu@64.937C tj@64.937C soc1@62.687C VDD_IN 17458mW/17523mW VDD_CPU_GPU_CV 7964mW/8367mW VDD_SOC 4158mW/3995mW
08-11-2026 15:42:35 RAM 7383/7607MB (lfb 9x2MB) SWAP 1332/16384MB (cached 240MB) CPU [4%@729,18%@729,6%@729,6%@729,91%@1344,0%@1344] GR3D_FREQ 99% cpu@63.937C soc2@63C soc0@63.718C gpu@65.5C tj@65.5C soc1@62.812C VDD_IN 17575mW/17523mW VDD_CPU_GPU_CV 8549mW/8367mW VDD_SOC 3962mW/3995mW
08-11-2026 15:42:36 RAM 7383/7607MB (lfb 9x2MB) SWAP 1332/16384MB (cached 240MB) CPU [3%@729,2%@729,4%@729,2%@729,92%@1344,0%@1344] GR3D_FREQ 99% cpu@63.593C soc2@63.031C soc0@63.687C gpu@65.468C tj@65.468C soc1@62.781C VDD_IN 17654mW/17523mW VDD_CPU_GPU_CV 8549mW/8367mW VDD_SOC 3995mW/3995mW
08-11-2026 15:42:37 RAM 7383/7607MB (lfb 9x2MB) SWAP 1332/16384MB (cached 240MB) CPU [2%@729,5%@729,2%@729,0%@729,95%@960,0%@960] GR3D_FREQ 99% cpu@63.687C soc2@63.031C soc0@63.75C gpu@65.531C tj@65.531C soc1@62.625C VDD_IN 17693mW/17524mW VDD_CPU_GPU_CV 8705mW/8368mW VDD_SOC 3955mW/3995mW
08-11-2026 15:42:38 RAM 7383/7607MB (lfb 9x2MB) SWAP 1332/16384MB (cached 240MB) CPU [3%@729,1%@729,4%@729,4%@729,97%@1344,0%@1344] GR3D_FREQ 97% cpu@63.843C soc2@62.906C soc0@63.625C gpu@65.312C tj@65.312C soc1@62.687C VDD_IN 17732mW/17524mW VDD_CPU_GPU_CV 8784mW/8369mW VDD_SOC 3916mW/3994mW
08-11-2026 15:42:39 RAM 7383/7607MB (lfb 9x2MB) SWAP 1332/16384MB (cached 240MB) CPU [7%@729,3%@729,1%@729,5%@729,88%@1344,0%@1344] GR3D_FREQ 98% cpu@64.125C soc2@63.031C soc0@63.593C gpu@65.312C tj@65.312C soc1@62.75C VDD_IN 17732mW/17524mW VDD_CPU_GPU_CV 8705mW/8369mW VDD_SOC 3955mW/3994mW
08-11-2026 15:42:40 RAM 7384/7607MB (lfb 9x2MB) SWAP 1332/16384MB (cached 240MB) CPU [11%@729,5%@729,5%@729,14%@729,92%@1344,0%@1344] GR3D_FREQ 97% cpu@63.75C soc2@63.031C soc0@63.781C gpu@65.375C tj@65.375C soc1@62.781C VDD_IN 17968mW/17525mW VDD_CPU_GPU_CV 8901mW/8370mW VDD_SOC 3955mW/3994mW
08-11-2026 15:42:41 RAM 7384/7607MB (lfb 9x2MB) SWAP 1332/16384MB (cached 240MB) CPU [7%@729,2%@729,2%@729,4%@729,92%@1344,0%@1344] GR3D_FREQ 98% cpu@63.718C soc2@63.062C soc0@63.718C gpu@65.375C tj@65.375C soc1@62.625C VDD_IN 17732mW/17526mW VDD_CPU_GPU_CV 8588mW/8371mW VDD_SOC 3995mW/3994mW
08-11-2026 15:42:42 RAM 7384/7607MB (lfb 9x2MB) SWAP 1332/16384MB (cached 240MB) CPU [4%@729,1%@729,1%@729,3%@729,92%@1344,0%@1344] GR3D_FREQ 97% cpu@63.718C soc2@63.031C soc0@63.687C gpu@65.375C tj@65.375C soc1@62.718C VDD_IN 17772mW/17526mW VDD_CPU_GPU_CV 8549mW/8371mW VDD_SOC 3995mW/3994mW
08-11-2026 15:42:43 RAM 7384/7607MB (lfb 9x2MB) SWAP 1332/16384MB (cached 240MB) CPU [4%@729,2%@729,1%@729,3%@729,92%@1344,0%@1344] GR3D_FREQ 97% cpu@63.843C soc2@63.062C soc0@63.687C gpu@65.625C tj@65.625C soc1@62.781C VDD_IN 17693mW/17526mW VDD_CPU_GPU_CV 8432mW/8371mW VDD_SOC 4034mW/3994mW
08-11-2026 15:42:44 RAM 7384/7607MB (lfb 9x2MB) SWAP 1332/16384MB (cached 240MB) CPU [7%@729,2%@729,1%@729,1%@729,92%@1344,0%@1344] GR3D_FREQ 97% cpu@64.031C soc2@62.937C soc0@63.656C gpu@65.656C tj@65.656C soc1@62.75C VDD_IN 17693mW/17527mW VDD_CPU_GPU_CV 8393mW/8371mW VDD_SOC 4073mW/3995mW
08-11-2026 15:42:46 RAM 7385/7607MB (lfb 9x2MB) SWAP 1332/16384MB (cached 240MB) CPU [3%@729,6%@729,7%@729,3%@729,92%@1344,0%@1344] GR3D_FREQ 97% cpu@64.031C soc2@63.031C soc0@63.687C gpu@65.625C tj@65.625C soc1@62.843C VDD_IN 17732mW/17527mW VDD_CPU_GPU_CV 8315mW/8371mW VDD_SOC 4112mW/3995mW
08-11-2026 15:42:47 RAM 7385/7607MB (lfb 9x2MB) SWAP 1332/16384MB (cached 240MB) CPU [9%@729,15%@729,4%@729,1%@729,92%@1344,0%@1344] GR3D_FREQ 97% cpu@63.843C soc2@63.093C soc0@63.875C gpu@65.593C tj@65.593C soc1@62.593C VDD_IN 17654mW/17527mW VDD_CPU_GPU_CV 8120mW/8371mW VDD_SOC 4151mW/3995mW
08-11-2026 15:42:48 RAM 7385/7607MB (lfb 9x2MB) SWAP 1332/16384MB (cached 240MB) CPU [6%@1344,3%@1344,1%@1344,1%@1344,93%@1344,0%@1344] GR3D_FREQ 97% cpu@64.062C soc2@62.906C soc0@63.625C gpu@65.218C tj@65.218C soc1@62.718C VDD_IN 17497mW/17527mW VDD_CPU_GPU_CV 7886mW/8370mW VDD_SOC 4237mW/3995mW
08-11-2026 15:42:49 RAM 7385/7607MB (lfb 9x2MB) SWAP 1332/16384MB (cached 240MB) CPU [4%@729,5%@729,0%@729,0%@729,91%@1344,0%@1344] GR3D_FREQ 99% cpu@64.062C soc2@63.125C soc0@63.656C gpu@64.843C tj@64.843C soc1@62.687C VDD_IN 17419mW/17527mW VDD_CPU_GPU_CV 7886mW/8369mW VDD_SOC 4197mW/3996mW
08-11-2026 15:42:50 RAM 7385/7607MB (lfb 9x2MB) SWAP 1332/16384MB (cached 240MB) CPU [3%@729,7%@729,1%@729,2%@729,92%@1344,0%@1344] GR3D_FREQ 99% cpu@64.062C soc2@63.031C soc0@63.687C gpu@65.375C tj@65.375C soc1@62.812C VDD_IN 17536mW/17527mW VDD_CPU_GPU_CV 8432mW/8369mW VDD_SOC 4001mW/3996mW
08-11-2026 15:42:51 RAM 7385/7607MB (lfb 9x2MB) SWAP 1332/16384MB (cached 240MB) CPU [3%@729,3%@729,0%@729,2%@729,92%@1344,0%@1344] GR3D_FREQ 99% cpu@63.593C soc2@63.062C soc0@63.75C gpu@65.343C tj@65.343C soc1@62.687C VDD_IN 17615mW/17527mW VDD_CPU_GPU_CV 8510mW/8369mW VDD_SOC 3995mW/3996mW
08-11-2026 15:42:52 RAM 7386/7607MB (lfb 9x2MB) SWAP 1332/16384MB (cached 240MB) CPU [6%@729,10%@729,16%@729,7%@729,94%@883,0%@883] GR3D_FREQ 99% cpu@63.875C soc2@63C soc0@63.593C gpu@65.468C tj@65.468C soc1@62.656C VDD_IN 17850mW/17528mW VDD_CPU_GPU_CV 8901mW/8370mW VDD_SOC 3955mW/3996mW
08-11-2026 15:42:53 RAM 7386/7607MB (lfb 9x2MB) SWAP 1332/16384MB (cached 240MB) CPU [2%@729,9%@729,1%@729,1%@729,98%@1344,0%@1344] GR3D_FREQ 97% cpu@64.031C soc2@62.968C soc0@63.687C gpu@65.343C tj@65.343C soc1@62.75C VDD_IN 17811mW/17528mW VDD_CPU_GPU_CV 8823mW/8371mW VDD_SOC 3916mW/3996mW
08-11-2026 15:42:54 RAM 7386/7607MB (lfb 9x2MB) SWAP 1332/16384MB (cached 240MB) CPU [2%@729,2%@729,5%@729,4%@729,92%@1344,0%@1344] GR3D_FREQ 97% cpu@63.687C soc2@62.968C soc0@63.718C gpu@65.281C tj@65.281C soc1@62.781C VDD_IN 17732mW/17529mW VDD_CPU_GPU_CV 8705mW/8372mW VDD_SOC 3955mW/3996mW
08-11-2026 15:42:55 RAM 7386/7607MB (lfb 9x2MB) SWAP 1332/16384MB (cached 240MB) CPU [3%@729,2%@729,4%@729,2%@729,92%@1344,0%@1344] GR3D_FREQ 97% cpu@64.125C soc2@63.062C soc0@63.718C gpu@65.343C tj@65.343C soc1@62.812C VDD_IN 17732mW/17529mW VDD_CPU_GPU_CV 8705mW/8372mW VDD_SOC 3955mW/3995mW
08-11-2026 15:42:56 RAM 7386/7607MB (lfb 9x2MB) SWAP 1332/16384MB (cached 240MB) CPU [1%@729,2%@729,5%@729,1%@729,92%@1344,0%@1344] GR3D_FREQ 97% cpu@63.75C soc2@63.093C soc0@63.75C gpu@65.531C tj@65.531C soc1@62.718C VDD_IN 17732mW/17529mW VDD_CPU_GPU_CV 8627mW/8373mW VDD_SOC 3995mW/3995mW
08-11-2026 15:42:57 RAM 7380/7607MB (lfb 9x2MB) SWAP 1334/16384MB (cached 238MB) CPU [5%@729,11%@729,19%@729,7%@729,92%@1344,0%@1344] GR3D_FREQ 97% cpu@63.781C soc2@63.031C soc0@63.562C gpu@65.531C tj@65.531C soc1@62.781C VDD_IN 17811mW/17530mW VDD_CPU_GPU_CV 8666mW/8373mW VDD_SOC 3995mW/3995mW
08-11-2026 15:42:58 RAM 7380/7607MB (lfb 9x2MB) SWAP 1334/16384MB (cached 238MB) CPU [4%@1344,3%@1344,3%@1344,2%@1344,93%@1344,0%@1344] GR3D_FREQ 97% cpu@64C soc2@63C soc0@63.718C gpu@65.468C tj@65.468C soc1@62.812C VDD_IN 17693mW/17530mW VDD_CPU_GPU_CV 8471mW/8373mW VDD_SOC 4034mW/3996mW
08-11-2026 15:42:59 RAM 7380/7607MB (lfb 9x2MB) SWAP 1334/16384MB (cached 238MB) CPU [1%@729,4%@729,2%@729,2%@729,92%@1344,0%@1344] GR3D_FREQ 97% cpu@63.687C soc2@63.062C soc0@63.718C gpu@65.531C tj@65.531C soc1@62.812C VDD_IN 17693mW/17530mW VDD_CPU_GPU_CV 8432mW/8373mW VDD_SOC 4073mW/3996mW
08-11-2026 15:43:00 RAM 7379/7607MB (lfb 9x2MB) SWAP 1334/16384MB (cached 238MB) CPU [4%@1344,2%@1344,3%@1344,2%@1344,92%@1344,0%@1344] GR3D_FREQ 97% cpu@63.812C soc2@63.093C soc0@63.812C gpu@65.281C tj@65.281C soc1@62.687C VDD_IN 17615mW/17530mW VDD_CPU_GPU_CV 8237mW/8373mW VDD_SOC 4112mW/3996mW
08-11-2026 15:43:01 RAM 7379/7607MB (lfb 9x2MB) SWAP 1334/16384MB (cached 238MB) CPU [3%@729,0%@729,5%@729,1%@729,93%@1344,0%@1344] GR3D_FREQ 97% cpu@63.906C soc2@62.937C soc0@63.656C gpu@65.281C tj@65.281C soc1@62.687C VDD_IN 17654mW/17531mW VDD_CPU_GPU_CV 8120mW/8373mW VDD_SOC 4151mW/3996mW
08-11-2026 15:43:02 RAM 7381/7607MB (lfb 9x2MB) SWAP 1334/16384MB (cached 238MB) CPU [17%@729,7%@729,2%@729,10%@729,91%@1344,0%@1344] GR3D_FREQ 97% cpu@63.968C soc2@62.937C soc0@63.656C gpu@65.281C tj@65.281C soc1@62.687C VDD_IN 17732mW/17531mW VDD_CPU_GPU_CV 7964mW/8372mW VDD_SOC 4230mW/3997mW
08-11-2026 15:43:03 RAM 7381/7607MB (lfb 9x2MB) SWAP 1334/16384MB (cached 238MB) CPU [5%@729,2%@729,2%@729,3%@729,92%@1344,0%@1344] GR3D_FREQ 99% cpu@64.25C soc2@63.125C soc0@63.781C gpu@64.812C tj@64.812C soc1@62.781C VDD_IN 17497mW/17531mW VDD_CPU_GPU_CV 7808mW/8371mW VDD_SOC 4230mW/3997mW
08-11-2026 15:43:04 RAM 7381/7607MB (lfb 9x2MB) SWAP 1334/16384MB (cached 238MB) CPU [6%@729,5%@729,2%@729,2%@729,92%@1344,0%@1344] GR3D_FREQ 99% cpu@63.875C soc2@63.062C soc0@63.843C gpu@65.25C tj@65.25C soc1@62.843C VDD_IN 17497mW/17531mW VDD_CPU_GPU_CV 8354mW/8371mW VDD_SOC 4034mW/3997mW
08-11-2026 15:43:05 RAM 7381/7607MB (lfb 9x2MB) SWAP 1334/16384MB (cached 238MB) CPU [4%@729,1%@729,2%@729,1%@729,92%@1344,0%@1344] GR3D_FREQ 99% cpu@63.843C soc2@63.156C soc0@63.75C gpu@65.562C tj@65.562C soc1@62.625C VDD_IN 17615mW/17531mW VDD_CPU_GPU_CV 8510mW/8371mW VDD_SOC 3995mW/3997mW
08-11-2026 15:43:06 RAM 7381/7607MB (lfb 9x2MB) SWAP 1334/16384MB (cached 238MB) CPU [5%@729,1%@729,1%@729,0%@729,92%@729,0%@729] GR3D_FREQ 99% cpu@64.093C soc2@63.062C soc0@63.718C gpu@65.781C tj@65.781C soc1@62.812C VDD_IN 18007mW/17532mW VDD_CPU_GPU_CV 8823mW/8372mW VDD_SOC 4034mW/3997mW
08-11-2026 15:43:07 RAM 7382/7607MB (lfb 9x2MB) SWAP 1334/16384MB (cached 238MB) CPU [6%@729,17%@729,10%@729,6%@729,100%@1344,0%@1344] GR3D_FREQ 97% cpu@64.093C soc2@63.093C soc0@63.75C gpu@65.781C tj@65.781C soc1@62.781C VDD_IN 18007mW/17533mW VDD_CPU_GPU_CV 8979mW/8373mW VDD_SOC 3955mW/3997mW
08-11-2026 15:43:08 RAM 7382/7607MB (lfb 9x2MB) SWAP 1334/16384MB (cached 238MB) CPU [6%@729,2%@729,2%@729,2%@729,92%@1344,0%@1344] GR3D_FREQ 97% cpu@64C soc2@63.125C soc0@63.781C gpu@65.75C tj@65.531C soc1@62.843C VDD_IN 17811mW/17533mW VDD_CPU_GPU_CV 8744mW/8374mW VDD_SOC 3955mW/3997mW
08-11-2026 15:43:09 RAM 7382/7607MB (lfb 9x2MB) SWAP 1334/16384MB (cached 238MB) CPU [1%@729,1%@729,4%@729,1%@729,92%@1344,2%@1344] GR3D_FREQ 97% cpu@63.843C soc2@63.093C soc0@63.843C gpu@65.5C tj@65.5C soc1@62.656C VDD_IN 17811mW/17534mW VDD_CPU_GPU_CV 8744mW/8374mW VDD_SOC 3955mW/3997mW
08-11-2026 15:43:10 RAM 7382/7607MB (lfb 9x2MB) SWAP 1334/16384MB (cached 238MB) CPU [3%@729,4%@729,1%@729,3%@729,92%@1344,0%@1344] GR3D_FREQ 97% cpu@63.875C soc2@63.062C soc0@63.718C gpu@65.468C tj@65.468C soc1@62.812C VDD_IN 17772mW/17534mW VDD_CPU_GPU_CV 8666mW/8375mW VDD_SOC 3995mW/3997mW
08-11-2026 15:43:11 RAM 7383/7607MB (lfb 9x2MB) SWAP 1334/16384MB (cached 238MB) CPU [37%@1344,3%@1344,4%@1344,0%@1344,56%@729,0%@729] GR3D_FREQ 97% cpu@64.062C soc2@63.156C soc0@63.718C gpu@65.468C tj@65.468C soc1@62.812C VDD_IN 17732mW/17534mW VDD_CPU_GPU_CV 8627mW/8375mW VDD_SOC 3995mW/3997mW
08-11-2026 15:43:12 RAM 7383/7607MB (lfb 9x2MB) SWAP 1334/16384MB (cached 238MB) CPU [92%@960,4%@960,6%@960,3%@960,11%@1344,0%@1344] GR3D_FREQ 97% cpu@64.343C soc2@63.187C soc0@63.781C gpu@65.531C tj@65.531C soc1@62.812C VDD_IN 17889mW/17535mW VDD_CPU_GPU_CV 8627mW/8376mW VDD_SOC 4034mW/3997mW
08-11-2026 15:43:13 RAM 7383/7607MB (lfb 9x2MB) SWAP 1334/16384MB (cached 238MB) CPU [3%@729,2%@729,4%@729,5%@729,92%@1344,0%@1344] GR3D_FREQ 97% cpu@63.781C soc2@63.093C soc0@63.781C gpu@65.406C tj@65.406C soc1@62.843C VDD_IN 17654mW/17535mW VDD_CPU_GPU_CV 8393mW/8376mW VDD_SOC 4034mW/3997mW
08-11-2026 15:43:14 RAM 7383/7607MB (lfb 9x2MB) SWAP 1334/16384MB (cached 238MB) CPU [2%@729,3%@729,6%@729,4%@729,92%@1344,0%@1344] GR3D_FREQ 97% cpu@63.906C soc2@63.125C soc0@63.718C gpu@65.843C tj@65.843C soc1@62.781C VDD_IN 17693mW/17535mW VDD_CPU_GPU_CV 8315mW/8376mW VDD_SOC 4112mW/3997mW
08-11-2026 15:43:15 RAM 7383/7607MB (lfb 9x2MB) SWAP 1334/16384MB (cached 238MB) CPU [2%@729,5%@729,3%@729,2%@729,91%@1344,0%@1344] GR3D_FREQ 97% cpu@64.093C soc2@63.062C soc0@63.687C gpu@65.218C tj@65.218C soc1@62.75C VDD_IN 17575mW/17535mW VDD_CPU_GPU_CV 8081mW/8375mW VDD_SOC 4151mW/3997mW
08-11-2026 15:43:16 RAM 7383/7607MB (lfb 9x2MB) SWAP 1334/16384MB (cached 238MB) CPU [3%@729,2%@729,4%@729,2%@729,93%@1344,0%@1344] GR3D_FREQ 97% cpu@64C soc2@63.031C soc0@63.687C gpu@65.25C tj@65.25C soc1@62.812C VDD_IN 17575mW/17536mW VDD_CPU_GPU_CV 8003mW/8374mW VDD_SOC 4190mW/3998mW
08-11-2026 15:43:17 RAM 7383/7607MB (lfb 9x2MB) SWAP 1334/16384MB (cached 238MB) CPU [0%@729,4%@729,2%@729,1%@729,92%@1344,0%@1344] GR3D_FREQ 99% cpu@64.437C soc2@63.125C soc0@63.781C gpu@64.875C tj@64.875C soc1@62.906C VDD_IN 17497mW/17535mW VDD_CPU_GPU_CV 7729mW/8373mW VDD_SOC 4276mW/3998mW
08-11-2026 15:43:18 RAM 7383/7607MB (lfb 9x2MB) SWAP 1334/16384MB (cached 238MB) CPU [20%@729,6%@729,9%@729,4%@729,92%@1344,0%@1344] GR3D_FREQ 99% cpu@63.937C soc2@63.25C soc0@63.75C gpu@65.187C tj@65.187C soc1@63C VDD_IN 17497mW/17535mW VDD_CPU_GPU_CV 8315mW/8373mW VDD_SOC 4073mW/3998mW
08-11-2026 15:43:19 RAM 7383/7607MB (lfb 9x2MB) SWAP 1334/16384MB (cached 238MB) CPU [6%@729,1%@729,3%@729,1%@729,92%@1344,0%@1344] GR3D_FREQ 99% cpu@63.843C soc2@63.062C soc0@63.843C gpu@65.531C tj@65.531C soc1@62.687C VDD_IN 17536mW/17535mW VDD_CPU_GPU_CV 8510mW/8373mW VDD_SOC 3955mW/3998mW
08-11-2026 15:43:20 RAM 7383/7607MB (lfb 9x2MB) SWAP 1334/16384MB (cached 238MB) CPU [2%@729,6%@729,2%@729,2%@729,92%@1344,0%@1344] GR3D_FREQ 99% cpu@64.031C soc2@63.125C soc0@63.718C gpu@65.687C tj@65.687C soc1@62.812C VDD_IN 18046mW/17536mW VDD_CPU_GPU_CV 8784mW/8374mW VDD_SOC 4073mW/3998mW
08-11-2026 15:43:21 RAM 7383/7607MB (lfb 9x2MB) SWAP 1334/16384MB (cached 238MB) CPU [5%@729,1%@729,2%@729,2%@729,98%@1344,0%@1344] GR3D_FREQ 97% cpu@63.906C soc2@63.062C soc0@63.781C gpu@65.625C tj@65.625C soc1@62.781C VDD_IN 17772mW/17537mW VDD_CPU_GPU_CV 8784mW/8375mW VDD_SOC 3916mW/3998mW
08-11-2026 15:43:22 RAM 7383/7607MB (lfb 9x2MB) SWAP 1334/16384MB (cached 238MB) CPU [2%@729,1%@729,2%@729,2%@729,93%@1344,2%@1344] GR3D_FREQ 97% cpu@64.062C soc2@63.093C soc0@63.781C gpu@65.593C tj@65.593C soc1@62.843C VDD_IN 17732mW/17537mW VDD_CPU_GPU_CV 8744mW/8375mW VDD_SOC 3955mW/3998mW
08-11-2026 15:43:23 RAM 7384/7607MB (lfb 9x2MB) SWAP 1334/16384MB (cached 238MB) CPU [4%@729,5%@729,18%@729,8%@729,92%@1344,0%@1344] GR3D_FREQ 97% cpu@63.812C soc2@63.187C soc0@63.781C gpu@65.375C tj@65.375C soc1@62.718C VDD_IN 17772mW/17537mW VDD_CPU_GPU_CV 8784mW/8376mW VDD_SOC 3955mW/3998mW
08-11-2026 15:43:24 RAM 7384/7607MB (lfb 9x2MB) SWAP 1334/16384MB (cached 238MB) CPU [5%@729,2%@729,6%@729,1%@729,93%@1344,0%@1344] GR3D_FREQ 97% cpu@63.906C soc2@63.062C soc0@63.687C gpu@65.5C tj@65.5C soc1@62.75C VDD_IN 17811mW/17538mW VDD_CPU_GPU_CV 8705mW/8377mW VDD_SOC 3995mW/3998mW
08-11-2026 15:43:25 RAM 7384/7607MB (lfb 9x2MB) SWAP 1334/16384MB (cached 238MB) CPU [3%@729,2%@729,6%@729,2%@729,92%@1344,0%@1344] GR3D_FREQ 96% cpu@64.031C soc2@63.093C soc0@63.781C gpu@65.468C tj@65.468C soc1@62.812C VDD_IN 17693mW/17538mW VDD_CPU_GPU_CV 8588mW/8377mW VDD_SOC 3995mW/3998mW
08-11-2026 15:43:26 RAM 7384/7607MB (lfb 9x2MB) SWAP 1334/16384MB (cached 238MB) CPU [2%@729,2%@729,2%@729,4%@729,92%@1344,0%@1344] GR3D_FREQ 97% cpu@63.781C soc2@63.093C soc0@63.75C gpu@65.656C tj@65.656C soc1@62.812C VDD_IN 17732mW/17538mW VDD_CPU_GPU_CV 8549mW/8377mW VDD_SOC 4034mW/3998mW
08-11-2026 15:43:27 RAM 7384/7607MB (lfb 9x2MB) SWAP 1334/16384MB (cached 238MB) CPU [3%@729,6%@729,1%@729,1%@729,92%@1344,0%@1344] GR3D_FREQ 97% cpu@63.937C soc2@63.062C soc0@63.812C gpu@65.593C tj@65.593C soc1@63C VDD_IN 17693mW/17539mW VDD_CPU_GPU_CV 8393mW/8377mW VDD_SOC 4034mW/3998mW
08-11-2026 15:43:28 RAM 7373/7607MB (lfb 9x2MB) SWAP 1337/16384MB (cached 237MB) CPU [24%@1344,28%@1344,27%@729,33%@729,91%@1344,18%@1344] GR3D_FREQ 97% cpu@64.093C soc2@63.125C soc0@63.968C gpu@65.687C tj@65.687C soc1@62.812C VDD_IN 18203mW/17540mW VDD_CPU_GPU_CV 8730mW/8378mW VDD_SOC 4151mW/3998mW
08-11-2026 15:43:29 RAM 7374/7607MB (lfb 9x2MB) SWAP 1337/16384MB (cached 237MB) CPU [4%@729,2%@729,5%@729,2%@729,92%@1344,0%@1344] GR3D_FREQ 96% cpu@64.218C soc2@63.062C soc0@63.781C gpu@65.562C tj@65.562C soc1@62.843C VDD_IN 17654mW/17540mW VDD_CPU_GPU_CV 8159mW/8378mW VDD_SOC 4151mW/3999mW
08-11-2026 15:43:30 RAM 7374/7607MB (lfb 9x2MB) SWAP 1337/16384MB (cached 237MB) CPU [1%@729,1%@729,4%@729,1%@729,93%@1344,0%@1344] GR3D_FREQ 97% cpu@64.125C soc2@63.125C soc0@63.75C gpu@65.312C tj@65.312C soc1@62.843C VDD_IN 17615mW/17540mW VDD_CPU_GPU_CV 7964mW/8377mW VDD_SOC 4190mW/3999mW
08-11-2026 15:43:31 RAM 7374/7607MB (lfb 9x2MB) SWAP 1337/16384MB (cached 237MB) CPU [3%@729,5%@729,2%@729,1%@729,91%@1344,0%@1344] GR3D_FREQ 99% cpu@64.093C soc2@63.156C soc0@63.843C gpu@64.875C tj@64.875C soc1@63C VDD_IN 17497mW/17540mW VDD_CPU_GPU_CV 7768mW/8376mW VDD_SOC 4276mW/3999mW
08-11-2026 15:43:32 RAM 7375/7607MB (lfb 9x2MB) SWAP 1337/16384MB (cached 237MB) CPU [2%@729,3%@729,1%@729,1%@729,91%@1344,0%@1344] GR3D_FREQ 99% cpu@64C soc2@63.062C soc0@63.812C gpu@65.218C tj@65.218C soc1@62.75C VDD_IN 17486mW/17540mW VDD_CPU_GPU_CV 8276mW/8376mW VDD_SOC 4040mW/4000mW
08-11-2026 15:43:33 RAM 7377/7607MB (lfb 9x2MB) SWAP 1337/16384MB (cached 237MB) CPU [5%@1344,5%@1344,14%@1344,14%@1344,92%@1344,0%@1344] GR3D_FREQ 99% cpu@64.031C soc2@63.062C soc0@63.781C gpu@65.343C tj@65.343C soc1@62.937C VDD_IN 17693mW/17540mW VDD_CPU_GPU_CV 8666mW/8376mW VDD_SOC 3995mW/4000mW
08-11-2026 15:43:34 RAM 7377/7607MB (lfb 9x2MB) SWAP 1337/16384MB (cached 237MB) CPU [2%@729,8%@729,3%@729,2%@729,91%@1344,2%@1344] GR3D_FREQ 99% cpu@64.312C soc2@63.062C soc0@63.781C gpu@65.875C tj@65.875C soc1@62.937C VDD_IN 18085mW/17541mW VDD_CPU_GPU_CV 8823mW/8377mW VDD_SOC 4073mW/4000mW
08-11-2026 15:43:35 RAM 7377/7607MB (lfb 9x2MB) SWAP 1337/16384MB (cached 237MB) CPU [3%@729,3%@729,1%@729,6%@729,0%@1344,99%@1344] GR3D_FREQ 97% cpu@64.031C soc2@63.062C soc0@63.875C gpu@65.812C tj@65.812C soc1@62.906C VDD_IN 17811mW/17541mW VDD_CPU_GPU_CV 8823mW/8378mW VDD_SOC 3916mW/4000mW
08-11-2026 15:43:36 RAM 7377/7607MB (lfb 9x2MB) SWAP 1337/16384MB (cached 237MB) CPU [3%@1344,5%@1344,0%@1344,3%@1344,0%@1344,93%@1344] GR3D_FREQ 97% cpu@63.906C soc2@63.156C soc0@63.875C gpu@65.718C tj@65.718C soc1@62.968C VDD_IN 17732mW/17542mW VDD_CPU_GPU_CV 8744mW/8378mW VDD_SOC 3955mW/3999mW
08-11-2026 15:43:37 RAM 7377/7607MB (lfb 9x2MB) SWAP 1337/16384MB (cached 237MB) CPU [1%@729,3%@729,3%@729,1%@729,0%@1344,92%@1344] GR3D_FREQ 97% cpu@63.968C soc2@63.062C soc0@63.906C gpu@65.781C tj@65.781C soc1@62.781C VDD_IN 17811mW/17542mW VDD_CPU_GPU_CV 8744mW/8379mW VDD_SOC 3955mW/3999mW
08-11-2026 15:43:38 RAM 7378/7607MB (lfb 9x2MB) SWAP 1337/16384MB (cached 237MB) CPU [8%@1344,6%@1344,4%@1344,13%@1344,0%@1344,93%@1344] GR3D_FREQ 97% cpu@64.312C soc2@63.125C soc0@63.781C gpu@65.5C tj@65.5C soc1@62.843C VDD_IN 17968mW/17543mW VDD_CPU_GPU_CV 8823mW/8380mW VDD_SOC 3995mW/3999mW
08-11-2026 15:43:39 RAM 7378/7607MB (lfb 9x2MB) SWAP 1337/16384MB (cached 237MB) CPU [4%@1344,1%@729,8%@729,6%@729,0%@1344,92%@1344] GR3D_FREQ 97% cpu@64.187C soc2@63.093C soc0@63.843C gpu@65.468C tj@65.468C soc1@62.906C VDD_IN 17732mW/17543mW VDD_CPU_GPU_CV 8627mW/8380mW VDD_SOC 3995mW/3999mW
08-11-2026 15:43:40 RAM 7378/7607MB (lfb 9x2MB) SWAP 1337/16384MB (cached 237MB) CPU [2%@729,3%@729,3%@729,6%@729,0%@1344,92%@1344] GR3D_FREQ 97% cpu@63.968C soc2@63.156C soc0@63.75C gpu@65.562C tj@65.562C soc1@62.968C VDD_IN 17772mW/17544mW VDD_CPU_GPU_CV 8510mW/8380mW VDD_SOC 4034mW/3999mW
08-11-2026 15:43:41 RAM 7378/7607MB (lfb 9x2MB) SWAP 1337/16384MB (cached 237MB) CPU [2%@729,2%@729,1%@729,7%@729,0%@1344,92%@1344] GR3D_FREQ 97% cpu@64.062C soc2@63.093C soc0@63.937C gpu@65.406C tj@65.406C soc1@62.781C VDD_IN 17654mW/17544mW VDD_CPU_GPU_CV 8354mW/8380mW VDD_SOC 4073mW/4000mW
08-11-2026 15:43:42 RAM 7378/7607MB (lfb 9x2MB) SWAP 1337/16384MB (cached 237MB) CPU [2%@729,1%@729,1%@729,5%@729,0%@1344,92%@1344] GR3D_FREQ 97% cpu@64.187C soc2@63.093C soc0@63.781C gpu@65.593C tj@65.593C soc1@62.937C VDD_IN 17654mW/17544mW VDD_CPU_GPU_CV 8315mW/8380mW VDD_SOC 4073mW/4000mW
08-11-2026 15:43:43 RAM 7378/7607MB (lfb 9x2MB) SWAP 1337/16384MB (cached 237MB) CPU [3%@729,2%@729,1%@729,5%@729,0%@1344,92%@1344] GR3D_FREQ 96% cpu@64.187C soc2@63.125C soc0@63.843C gpu@65.343C tj@65.343C soc1@62.812C VDD_IN 17654mW/17544mW VDD_CPU_GPU_CV 8120mW/8380mW VDD_SOC 4151mW/4000mW
08-11-2026 15:43:44 RAM 7379/7607MB (lfb 9x2MB) SWAP 1337/16384MB (cached 237MB) CPU [7%@729,6%@729,15%@729,12%@729,0%@1344,92%@1344] GR3D_FREQ 97% cpu@64.281C soc2@63.125C soc0@63.875C gpu@65.375C tj@65.375C soc1@62.875C VDD_IN 17654mW/17544mW VDD_CPU_GPU_CV 8081mW/8379mW VDD_SOC 4190mW/4000mW
08-11-2026 15:43:45 RAM 7379/7607MB (lfb 9x2MB) SWAP 1337/16384MB (cached 237MB) CPU [3%@729,1%@729,4%@729,3%@729,0%@1344,92%@1344] GR3D_FREQ 99% cpu@64.156C soc2@63.187C soc0@63.875C gpu@65.093C tj@65.093C soc1@62.875C VDD_IN 17536mW/17544mW VDD_CPU_GPU_CV 7808mW/8378mW VDD_SOC 4269mW/4001mW
08-11-2026 15:43:46 RAM 7380/7607MB (lfb 9x2MB) SWAP 1337/16384MB (cached 237MB) CPU [2%@729,2%@729,1%@729,5%@729,0%@1344,91%@1344] GR3D_FREQ 99% cpu@64.187C soc2@63.031C soc0@64C gpu@65.093C tj@65.093C soc1@62.843C VDD_IN 17419mW/17544mW VDD_CPU_GPU_CV 8198mW/8378mW VDD_SOC 4080mW/4001mW
08-11-2026 15:43:47 RAM 7380/7607MB (lfb 9x2MB) SWAP 1337/16384MB (cached 237MB) CPU [2%@729,1%@729,1%@729,1%@729,2%@1344,93%@1344] GR3D_FREQ 99% cpu@64.031C soc2@63.062C soc0@63.781C gpu@65.375C tj@65.593C soc1@62.843C VDD_IN 17458mW/17544mW VDD_CPU_GPU_CV 8510mW/8378mW VDD_SOC 3962mW/4001mW
08-11-2026 15:43:48 RAM 7380/7607MB (lfb 9x2MB) SWAP 1336/16384MB (cached 237MB) CPU [1%@729,1%@729,5%@729,1%@729,0%@1344,92%@1344] GR3D_FREQ 99% cpu@63.937C soc2@63.156C soc0@63.812C gpu@65.781C tj@65.781C soc1@62.875C VDD_IN 17929mW/17544mW VDD_CPU_GPU_CV 8705mW/8379mW VDD_SOC 4073mW/4001mW
08-11-2026 15:43:49 RAM 7382/7607MB (lfb 9x2MB) SWAP 1336/16384MB (cached 237MB) CPU [4%@729,4%@729,12%@729,16%@729,3%@1344,97%@1344] GR3D_FREQ 96% cpu@64.218C soc2@63.156C soc0@63.937C gpu@65.656C tj@65.656C soc1@62.937C VDD_IN 17772mW/17545mW VDD_CPU_GPU_CV 8744mW/8379mW VDD_SOC 3916mW/4001mW
08-11-2026 15:43:50 RAM 7382/7607MB (lfb 9x2MB) SWAP 1336/16384MB (cached 237MB) CPU [4%@729,1%@729,1%@729,1%@729,2%@1344,95%@1344] GR3D_FREQ 97% cpu@63.937C soc2@63.093C soc0@64C gpu@65.687C tj@65.687C soc1@62.812C VDD_IN 17811mW/17545mW VDD_CPU_GPU_CV 8784mW/8380mW VDD_SOC 3955mW/4001mW
08-11-2026 15:43:51 RAM 7382/7607MB (lfb 9x2MB) SWAP 1336/16384MB (cached 237MB) CPU [3%@729,3%@729,1%@729,1%@729,0%@1344,93%@1344] GR3D_FREQ 97% cpu@64.031C soc2@63.093C soc0@63.843C gpu@65.687C tj@65.687C soc1@62.812C VDD_IN 17693mW/17546mW VDD_CPU_GPU_CV 8627mW/8380mW VDD_SOC 3955mW/4001mW
08-11-2026 15:43:52 RAM 7382/7607MB (lfb 9x2MB) SWAP 1336/16384MB (cached 237MB) CPU [2%@729,5%@729,3%@729,0%@729,0%@1344,92%@1344] GR3D_FREQ 97% cpu@64.218C soc2@63.125C soc0@63.843C gpu@65.468C tj@65.468C soc1@62.812C VDD_IN 17772mW/17546mW VDD_CPU_GPU_CV 8666mW/8381mW VDD_SOC 3955mW/4000mW
08-11-2026 15:43:53 RAM 7380/7607MB (lfb 9x2MB) SWAP 1336/16384MB (cached 237MB) CPU [4%@729,2%@729,1%@729,3%@729,1%@1344,92%@1344] GR3D_FREQ 96% cpu@64C soc2@63.156C soc0@63.843C gpu@65.437C tj@65.437C soc1@62.875C VDD_IN 17772mW/17546mW VDD_CPU_GPU_CV 8588mW/8381mW VDD_SOC 3995mW/4000mW
08-11-2026 15:43:54 RAM 7381/7607MB (lfb 9x2MB) SWAP 1336/16384MB (cached 237MB) CPU [7%@729,15%@729,10%@729,6%@729,0%@1344,93%@1344] GR3D_FREQ 97% cpu@64.312C soc2@63.25C soc0@63.875C gpu@65.468C tj@65.468C soc1@63.062C VDD_IN 17850mW/17547mW VDD_CPU_GPU_CV 8652mW/8381mW VDD_SOC 4034mW/4000mW
08-11-2026 15:43:55 RAM 7381/7607MB (lfb 9x2MB) SWAP 1336/16384MB (cached 237MB) CPU [2%@729,2%@729,1%@729,2%@729,0%@1344,91%@1344] GR3D_FREQ 98% cpu@64C soc2@63.218C soc0@64C gpu@65.468C tj@65.468C soc1@62.843C VDD_IN 17693mW/17547mW VDD_CPU_GPU_CV 8432mW/8382mW VDD_SOC 4073mW/4001mW
08-11-2026 15:43:56 RAM 7381/7607MB (lfb 9x2MB) SWAP 1336/16384MB (cached 237MB) CPU [5%@729,1%@729,1%@729,2%@729,0%@1344,91%@1344] GR3D_FREQ 97% cpu@64.093C soc2@63.062C soc0@63.812C gpu@65.562C tj@65.562C soc1@62.843C VDD_IN 17693mW/17547mW VDD_CPU_GPU_CV 8393mW/8382mW VDD_SOC 4073mW/4001mW
08-11-2026 15:43:57 RAM 7381/7607MB (lfb 9x2MB) SWAP 1336/16384MB (cached 237MB) CPU [5%@729,2%@729,1%@729,2%@729,0%@1344,92%@1344] GR3D_FREQ 99% cpu@64.187C soc2@63.125C soc0@63.718C gpu@65.656C tj@65.656C soc1@62.875C VDD_IN 17615mW/17547mW VDD_CPU_GPU_CV 8159mW/8381mW VDD_SOC 4112mW/4001mW
08-11-2026 15:43:58 RAM 7381/7607MB (lfb 9x2MB) SWAP 1336/16384MB (cached 237MB) CPU [0%@729,3%@729,2%@729,3%@729,0%@1344,92%@1344] GR3D_FREQ 97% cpu@64.031C soc2@63.187C soc0@63.687C gpu@65.656C tj@65.656C soc1@62.937C VDD_IN 17615mW/17547mW VDD_CPU_GPU_CV 8081mW/8381mW VDD_SOC 4190mW/4001mW
08-11-2026 15:43:59 RAM 7382/7607MB (lfb 9x2MB) SWAP 1336/16384MB (cached 237MB) CPU [5%@729,8%@729,6%@729,15%@729,0%@1344,93%@1344] GR3D_FREQ 99% cpu@64.187C soc2@63.125C soc0@63.781C gpu@65.531C tj@65.531C soc1@62.968C VDD_IN 17654mW/17548mW VDD_CPU_GPU_CV 7925mW/8380mW VDD_SOC 4230mW/4002mW
08-11-2026 15:44:00 RAM 7381/7607MB (lfb 9x2MB) SWAP 1336/16384MB (cached 237MB) CPU [4%@729,2%@729,6%@729,5%@729,0%@1344,92%@1344] GR3D_FREQ 99% cpu@64.187C soc2@63.187C soc0@63.843C gpu@65.312C tj@65.312C soc1@62.812C VDD_IN 17497mW/17547mW VDD_CPU_GPU_CV 8159mW/8380mW VDD_SOC 4119mW/4002mW
08-11-2026 15:44:01 RAM 7369/7607MB (lfb 9x2MB) SWAP 1341/16384MB (cached 236MB) CPU [8%@729,9%@729,7%@729,10%@729,4%@1344,92%@1344] GR3D_FREQ 99% cpu@64C soc2@63.25C soc0@63.781C gpu@65.875C tj@65.875C soc1@62.875C VDD_IN 17615mW/17548mW VDD_CPU_GPU_CV 8666mW/8380mW VDD_SOC 3955mW/4002mW
08-11-2026 15:44:02 RAM 7371/7607MB (lfb 9x2MB) SWAP 1339/16384MB (cached 236MB) CPU [5%@729,4%@729,2%@729,2%@729,0%@1344,92%@1344] GR3D_FREQ 99% cpu@64.187C soc2@63.25C soc0@63.812C gpu@66.031C tj@66.031C soc1@62.843C VDD_IN 18007mW/17548mW VDD_CPU_GPU_CV 8784mW/8381mW VDD_SOC 4073mW/4002mW
08-11-2026 15:44:03 RAM 7372/7607MB (lfb 9x2MB) SWAP 1338/16384MB (cached 236MB) CPU [2%@729,5%@729,1%@729,1%@729,1%@1267,97%@1267] GR3D_FREQ 96% cpu@63.875C soc2@63.187C soc0@63.875C gpu@65.468C tj@65.468C soc1@62.906C VDD_IN 17732mW/17549mW VDD_CPU_GPU_CV 8744mW/8381mW VDD_SOC 3955mW/4002mW
08-11-2026 15:44:04 RAM 7374/7607MB (lfb 9x2MB) SWAP 1338/16384MB (cached 236MB) CPU [6%@729,15%@729,9%@729,11%@729,0%@1344,96%@1344] GR3D_FREQ 97% cpu@64.031C soc2@63.25C soc0@64.031C gpu@65.656C tj@65.656C soc1@63C VDD_IN 18046mW/17549mW VDD_CPU_GPU_CV 9018mW/8382mW VDD_SOC 3955mW/4002mW
08-11-2026 15:44:05 RAM 7375/7607MB (lfb 9x2MB) SWAP 1338/16384MB (cached 236MB) CPU [6%@729,2%@729,3%@729,1%@729,0%@1344,92%@1344] GR3D_FREQ 96% cpu@64.125C soc2@63.156C soc0@64.062C gpu@65.5C tj@65.5C soc1@62.812C VDD_IN 17772mW/17550mW VDD_CPU_GPU_CV 8705mW/8383mW VDD_SOC 3955mW/4002mW
08-11-2026 15:44:06 RAM 7375/7607MB (lfb 9x2MB) SWAP 1338/16384MB (cached 236MB) CPU [2%@729,3%@729,2%@729,1%@729,0%@1344,92%@1344] GR3D_FREQ 97% cpu@63.968C soc2@63.156C soc0@63.812C gpu@65.687C tj@65.687C soc1@62.812C VDD_IN 17772mW/17550mW VDD_CPU_GPU_CV 8705mW/8383mW VDD_SOC 3955mW/4001mW
08-11-2026 15:44:07 RAM 7375/7607MB (lfb 9x2MB) SWAP 1338/16384MB (cached 236MB) CPU [1%@729,1%@729,3%@729,4%@729,0%@1344,93%@1344] GR3D_FREQ 98% cpu@64.093C soc2@63.125C soc0@63.875C gpu@65.593C tj@65.593C soc1@62.906C VDD_IN 17693mW/17550mW VDD_CPU_GPU_CV 8588mW/8384mW VDD_SOC 3995mW/4001mW
08-11-2026 15:44:08 RAM 7375/7607MB (lfb 9x2MB) SWAP 1338/16384MB (cached 236MB) CPU [2%@729,2%@729,2%@729,4%@729,0%@1344,91%@1344] GR3D_FREQ 97% cpu@63.937C soc2@63.156C soc0@63.812C gpu@65.562C tj@65.562C soc1@62.937C VDD_IN 17772mW/17551mW VDD_CPU_GPU_CV 8588mW/8384mW VDD_SOC 4034mW/4002mW
08-11-2026 15:44:09 RAM 7371/7607MB (lfb 9x2MB) SWAP 1343/16384MB (cached 238MB) CPU [10%@729,10%@729,8%@729,6%@729,0%@1344,92%@1344] GR3D_FREQ 99% cpu@64.25C soc2@63.218C soc0@63.937C gpu@65.312C tj@65.312C soc1@62.843C VDD_IN 17811mW/17551mW VDD_CPU_GPU_CV 8549mW/8384mW VDD_SOC 4073mW/4002mW
08-11-2026 15:44:10 RAM 7373/7607MB (lfb 9x2MB) SWAP 1343/16384MB (cached 238MB) CPU [5%@729,9%@729,11%@729,5%@729,0%@1344,92%@1344] GR3D_FREQ 97% cpu@64.093C soc2@63.156C soc0@63.812C gpu@65.437C tj@65.437C soc1@62.812C VDD_IN 17732mW/17551mW VDD_CPU_GPU_CV 8393mW/8384mW VDD_SOC 4073mW/4002mW
08-11-2026 15:44:11 RAM 7374/7607MB (lfb 9x2MB) SWAP 1342/16384MB (cached 239MB) CPU [2%@729,1%@729,6%@729,1%@729,0%@1344,92%@1344] GR3D_FREQ 98% cpu@64.093C soc2@63.156C soc0@63.781C gpu@65.468C tj@65.468C soc1@62.812C VDD_IN 17693mW/17551mW VDD_CPU_GPU_CV 8198mW/8384mW VDD_SOC 4112mW/4002mW
08-11-2026 15:44:12 RAM 7374/7607MB (lfb 9x2MB) SWAP 1342/16384MB (cached 239MB) CPU [3%@729,5%@729,0%@729,2%@729,0%@1344,92%@1344] GR3D_FREQ 97% cpu@64.156C soc2@63.187C soc0@63.781C gpu@65.406C tj@65.406C soc1@62.875C VDD_IN 17654mW/17552mW VDD_CPU_GPU_CV 8120mW/8383mW VDD_SOC 4190mW/4002mW
08-11-2026 15:44:13 RAM 7374/7607MB (lfb 9x2MB) SWAP 1342/16384MB (cached 239MB) CPU [4%@729,3%@729,4%@729,1%@729,0%@1344,92%@1344] GR3D_FREQ 98% cpu@64.062C soc2@63.156C soc0@63.812C gpu@65.468C tj@65.468C soc1@62.906C VDD_IN 17575mW/17552mW VDD_CPU_GPU_CV 7847mW/8383mW VDD_SOC 4230mW/4003mW
08-11-2026 15:44:14 RAM 7375/7607MB (lfb 9x2MB) SWAP 1342/16384MB (cached 239MB) CPU [2%@729,1%@729,1%@729,1%@729,5%@1344,92%@1344] GR3D_FREQ 99% cpu@64.25C soc2@63.281C soc0@63.937C gpu@65.156C tj@65.156C soc1@62.843C VDD_IN 17497mW/17552mW VDD_CPU_GPU_CV 8042mW/8382mW VDD_SOC 4158mW/4003mW
08-11-2026 15:44:15 RAM 7376/7607MB (lfb 9x2MB) SWAP 1341/16384MB (cached 239MB) CPU [16%@729,6%@729,10%@729,4%@729,0%@1344,92%@1344] GR3D_FREQ 99% cpu@64.125C soc2@63.093C soc0@63.781C gpu@65.75C tj@65.75C soc1@62.843C VDD_IN 17575mW/17552mW VDD_CPU_GPU_CV 8549mW/8382mW VDD_SOC 3955mW/4003mW
08-11-2026 15:44:16 RAM 7376/7607MB (lfb 9x2MB) SWAP 1341/16384MB (cached 239MB) CPU [4%@729,2%@729,6%@729,1%@729,0%@1344,92%@1344] GR3D_FREQ 99% cpu@64.187C soc2@63.187C soc0@63.875C gpu@65.75C tj@65.75C soc1@62.875C VDD_IN 17693mW/17552mW VDD_CPU_GPU_CV 8588mW/8383mW VDD_SOC 4034mW/4003mW
08-11-2026 15:44:17 RAM 7376/7607MB (lfb 9x2MB) SWAP 1341/16384MB (cached 239MB) CPU [2%@729,5%@729,2%@729,1%@729,1%@960,95%@960] GR3D_FREQ 99% cpu@64.187C soc2@63.281C soc0@63.875C gpu@65.656C tj@65.656C soc1@62.875C VDD_IN 17732mW/17552mW VDD_CPU_GPU_CV 8744mW/8383mW VDD_SOC 3955mW/4003mW
08-11-2026 15:44:18 RAM 7376/7607MB (lfb 9x2MB) SWAP 1341/16384MB (cached 239MB) CPU [3%@729,3%@729,1%@729,1%@729,0%@1344,97%@1344] GR3D_FREQ 97% cpu@63.968C soc2@63.281C soc0@63.968C gpu@65.812C tj@65.812C soc1@63C VDD_IN 17811mW/17552mW VDD_CPU_GPU_CV 8823mW/8384mW VDD_SOC 3955mW/4003mW
08-11-2026 15:44:19 RAM 7376/7607MB (lfb 9x2MB) SWAP 1341/16384MB (cached 239MB) CPU [2%@729,1%@729,6%@729,2%@729,0%@1344,92%@1344] GR3D_FREQ 98% cpu@64.031C soc2@63.25C soc0@64.031C gpu@65.593C tj@65.593C soc1@62.812C VDD_IN 17772mW/17553mW VDD_CPU_GPU_CV 8744mW/8384mW VDD_SOC 3955mW/4003mW
08-11-2026 15:44:20 RAM 7377/7607MB (lfb 9x2MB) SWAP 1341/16384MB (cached 239MB) CPU [4%@729,18%@729,10%@729,8%@729,0%@1344,92%@1344] GR3D_FREQ 97% cpu@64.093C soc2@63.187C soc0@63.781C gpu@65.562C tj@65.562C soc1@62.906C VDD_IN 17850mW/17553mW VDD_CPU_GPU_CV 8784mW/8385mW VDD_SOC 3955mW/4002mW
08-11-2026 15:44:21 RAM 7377/7607MB (lfb 9x2MB) SWAP 1341/16384MB (cached 239MB) CPU [2%@729,2%@729,5%@729,3%@729,0%@1344,92%@1344] GR3D_FREQ 97% cpu@64.312C soc2@63.156C soc0@63.937C gpu@65.593C tj@65.593C soc1@62.937C VDD_IN 17772mW/17554mW VDD_CPU_GPU_CV 8627mW/8385mW VDD_SOC 3995mW/4002mW
08-11-2026 15:44:22 RAM 7377/7607MB (lfb 9x2MB) SWAP 1341/16384MB (cached 239MB) CPU [2%@729,1%@729,5%@729,1%@729,0%@1344,92%@1344] GR3D_FREQ 97% cpu@64.187C soc2@63.187C soc0@63.875C gpu@65.593C tj@65.593C soc1@62.937C VDD_IN 17772mW/17554mW VDD_CPU_GPU_CV 8627mW/8386mW VDD_SOC 3995mW/4002mW
08-11-2026 15:44:23 RAM 7377/7607MB (lfb 9x2MB) SWAP 1341/16384MB (cached 239MB) CPU [3%@729,2%@729,4%@729,3%@729,0%@1344,92%@1344] GR3D_FREQ 97% cpu@64.437C soc2@63.281C soc0@63.937C gpu@65.625C tj@65.625C soc1@63.031C VDD_IN 17811mW/17554mW VDD_CPU_GPU_CV 8510mW/8386mW VDD_SOC 4034mW/4002mW
08-11-2026 15:44:24 RAM 7377/7607MB (lfb 9x2MB) SWAP 1341/16384MB (cached 239MB) CPU [2%@729,2%@729,7%@729,2%@729,0%@1344,92%@1344] GR3D_FREQ 97% cpu@64.062C soc2@63.25C soc0@63.937C gpu@65.625C tj@65.625C soc1@62.875C VDD_IN 17772mW/17555mW VDD_CPU_GPU_CV 8432mW/8386mW VDD_SOC 4073mW/4003mW
08-11-2026 15:44:25 RAM 7378/7607MB (lfb 9x2MB) SWAP 1341/16384MB (cached 239MB) CPU [9%@729,19%@729,3%@729,5%@729,0%@1344,93%@1344] GR3D_FREQ 97% cpu@64.156C soc2@63.093C soc0@63.843C gpu@65.843C tj@65.843C soc1@62.843C VDD_IN 17811mW/17555mW VDD_CPU_GPU_CV 8354mW/8386mW VDD_SOC 4112mW/4003mW
08-11-2026 15:44:26 RAM 7378/7607MB (lfb 9x2MB) SWAP 1341/16384MB (cached 239MB) CPU [3%@729,5%@729,0%@729,2%@729,0%@1344,92%@1344] GR3D_FREQ 97% cpu@64.312C soc2@63.125C soc0@63.968C gpu@65.843C tj@65.843C soc1@62.875C VDD_IN 17693mW/17555mW VDD_CPU_GPU_CV 8198mW/8386mW VDD_SOC 4151mW/4003mW
08-11-2026 15:44:27 RAM 7378/7607MB (lfb 9x2MB) SWAP 1341/16384MB (cached 239MB) CPU [1%@729,2%@729,5%@729,2%@729,0%@1344,92%@1344] GR3D_FREQ 97% cpu@64.125C soc2@63.187C soc0@63.906C gpu@65.781C tj@65.781C soc1@62.906C VDD_IN 17615mW/17555mW VDD_CPU_GPU_CV 7964mW/8385mW VDD_SOC 4230mW/4003mW
08-11-2026 15:44:28 RAM 7378/7607MB (lfb 9x2MB) SWAP 1341/16384MB (cached 239MB) CPU [3%@729,1%@729,4%@729,1%@729,0%@1344,92%@1344] GR3D_FREQ 99% cpu@64.718C soc2@63.281C soc0@63.968C gpu@65.312C tj@65.312C soc1@63C VDD_IN 17497mW/17555mW VDD_CPU_GPU_CV 7847mW/8384mW VDD_SOC 4237mW/4004mW
08-11-2026 15:44:29 RAM 7378/7607MB (lfb 9x2MB) SWAP 1341/16384MB (cached 239MB) CPU [2%@729,2%@729,5%@729,2%@729,0%@1344,92%@1344] GR3D_FREQ 99% cpu@64.062C soc2@63.25C soc0@64.062C gpu@65.343C tj@65.343C soc1@62.843C VDD_IN 17497mW/17555mW VDD_CPU_GPU_CV 8393mW/8384mW VDD_SOC 4040mW/4004mW
08-11-2026 15:44:30 RAM 7378/7607MB (lfb 9x2MB) SWAP 1341/16384MB (cached 239MB) CPU [9%@729,12%@729,5%@729,11%@729,0%@1344,93%@1344] GR3D_FREQ 99% cpu@64.187C soc2@63.187C soc0@63.843C gpu@65.375C tj@65.593C soc1@62.843C VDD_IN 17811mW/17556mW VDD_CPU_GPU_CV 8666mW/8385mW VDD_SOC 4034mW/4004mW
08-11-2026 15:44:31 RAM 7378/7607MB (lfb 9x2MB) SWAP 1341/16384MB (cached 239MB) CPU [2%@729,1%@729,5%@729,1%@729,0%@729,92%@729] GR3D_FREQ 99% cpu@64.312C soc2@63.25C soc0@63.906C gpu@65.781C tj@65.781C soc1@62.906C VDD_IN 18046mW/17556mW VDD_CPU_GPU_CV 8901mW/8386mW VDD_SOC 4034mW/4004mW
08-11-2026 15:44:32 RAM 7378/7607MB (lfb 9x2MB) SWAP 1341/16384MB (cached 239MB) CPU [2%@729,2%@729,5%@729,1%@729,0%@1344,100%@1344] GR3D_FREQ 97% cpu@64.031C soc2@63.218C soc0@63.906C gpu@65.687C tj@65.687C soc1@63C VDD_IN 17850mW/17557mW VDD_CPU_GPU_CV 8862mW/8386mW VDD_SOC 3916mW/4004mW
08-11-2026 15:44:33 RAM 7378/7607MB (lfb 9x2MB) SWAP 1341/16384MB (cached 239MB) CPU [3%@729,2%@729,4%@729,2%@729,0%@1344,92%@1344] GR3D_FREQ 97% cpu@64.093C soc2@63.281C soc0@63.906C gpu@65.656C tj@65.656C soc1@62.812C VDD_IN 17811mW/17557mW VDD_CPU_GPU_CV 8784mW/8387mW VDD_SOC 3955mW/4004mW
08-11-2026 15:44:34 RAM 7378/7607MB (lfb 9x2MB) SWAP 1341/16384MB (cached 239MB) CPU [3%@729,6%@729,6%@729,2%@729,0%@1344,91%@1344] GR3D_FREQ 97% cpu@64.187C soc2@63.156C soc0@63.781C gpu@65.531C tj@65.531C soc1@62.906C VDD_IN 17811mW/17557mW VDD_CPU_GPU_CV 8769mW/8387mW VDD_SOC 3955mW/4004mW
08-11-2026 15:44:35 RAM 7378/7607MB (lfb 9x2MB) SWAP 1341/16384MB (cached 239MB) CPU [7%@1267,3%@1267,11%@1267,10%@1267,0%@1344,92%@1344] GR3D_FREQ 97% cpu@64.5C soc2@63.25C soc0@63.937C gpu@65.531C tj@65.531C soc1@62.875C VDD_IN 17968mW/17558mW VDD_CPU_GPU_CV 8862mW/8388mW VDD_SOC 3995mW/4004mW
08-11-2026 15:44:36 RAM 7378/7607MB (lfb 9x2MB) SWAP 1341/16384MB (cached 239MB) CPU [6%@1113,2%@1113,3%@1113,2%@1113,0%@1344,92%@1344] GR3D_FREQ 97% cpu@64.312C soc2@63.156C soc0@63.875C gpu@65.468C tj@65.468C soc1@62.906C VDD_IN 17850mW/17558mW VDD_CPU_GPU_CV 8666mW/8388mW VDD_SOC 3995mW/4004mW
08-11-2026 15:44:37 RAM 7378/7607MB (lfb 9x2MB) SWAP 1341/16384MB (cached 239MB) CPU [4%@729,2%@729,2%@729,1%@729,1%@1344,92%@1344] GR3D_FREQ 97% cpu@64.031C soc2@63.218C soc0@63.843C gpu@65.531C tj@65.531C soc1@63C VDD_IN 17772mW/17559mW VDD_CPU_GPU_CV 8549mW/8389mW VDD_SOC 4034mW/4004mW
08-11-2026 15:44:38 RAM 7378/7607MB (lfb 9x2MB) SWAP 1341/16384MB (cached 239MB) CPU [3%@729,0%@729,2%@729,1%@729,4%@1344,92%@1344] GR3D_FREQ 97% cpu@64.125C soc2@63.25C soc0@64C gpu@65.562C tj@65.562C soc1@62.812C VDD_IN 17732mW/17559mW VDD_CPU_GPU_CV 8471mW/8389mW VDD_SOC 4073mW/4004mW
08-11-2026 15:44:39 RAM 7378/7607MB (lfb 9x2MB) SWAP 1341/16384MB (cached 239MB) CPU [1%@729,1%@729,5%@729,2%@729,0%@1344,92%@1344] GR3D_FREQ 97% cpu@64.156C soc2@63.281C soc0@63.937C gpu@65.75C tj@65.75C soc1@62.937C VDD_IN 17732mW/17559mW VDD_CPU_GPU_CV 8315mW/8389mW VDD_SOC 4112mW/4004mW
08-11-2026 15:44:40 RAM 7379/7607MB (lfb 9x2MB) SWAP 1341/16384MB (cached 239MB) CPU [4%@1344,5%@1344,2%@1344,4%@1344,3%@1344,92%@1344] GR3D_FREQ 97% cpu@64.156C soc2@63.281C soc0@63.812C gpu@65.656C tj@65.656C soc1@62.843C VDD_IN 17693mW/17559mW VDD_CPU_GPU_CV 8159mW/8388mW VDD_SOC 4151mW/4004mW
08-11-2026 15:44:41 RAM 7379/7607MB (lfb 9x2MB) SWAP 1341/16384MB (cached 239MB) CPU [6%@729,9%@729,2%@729,10%@729,1%@1344,93%@1344] GR3D_FREQ 97% cpu@64.312C soc2@63.25C soc0@63.968C gpu@65.625C tj@65.625C soc1@62.968C VDD_IN 17732mW/17560mW VDD_CPU_GPU_CV 8081mW/8388mW VDD_SOC 4190mW/4004mW
08-11-2026 15:44:42 RAM 7379/7607MB (lfb 9x2MB) SWAP 1341/16384MB (cached 239MB) CPU [3%@729,5%@729,1%@729,0%@729,0%@1344,92%@1344] GR3D_FREQ 99% cpu@64.25C soc2@63.281C soc0@63.937C gpu@65.25C tj@65.25C soc1@63.031C VDD_IN 17575mW/17560mW VDD_CPU_GPU_CV 7768mW/8387mW VDD_SOC 4269mW/4005mW
08-11-2026 15:44:43 RAM 7379/7607MB (lfb 9x2MB) SWAP 1341/16384MB (cached 239MB) CPU [2%@729,4%@729,2%@729,2%@729,0%@1344,92%@1344] GR3D_FREQ 99% cpu@64.25C soc2@63.218C soc0@63.968C gpu@65.5C tj@65.5C soc1@62.906C VDD_IN 17536mW/17560mW VDD_CPU_GPU_CV 8276mW/8387mW VDD_SOC 4073mW/4005mW
08-11-2026 15:44:44 RAM 7379/7607MB (lfb 9x2MB) SWAP 1341/16384MB (cached 239MB) CPU [4%@729,0%@729,9%@729,1%@729,0%@1344,92%@1344] GR3D_FREQ 99% cpu@64.093C soc2@63.125C soc0@63.906C gpu@65.812C tj@65.5C soc1@62.906C VDD_IN 17575mW/17560mW VDD_CPU_GPU_CV 8588mW/8387mW VDD_SOC 3955mW/4005mW
08-11-2026 15:44:45 RAM 7379/7607MB (lfb 9x2MB) SWAP 1341/16384MB (cached 239MB) CPU [1%@729,3%@729,5%@729,4%@729,0%@1344,92%@1344] GR3D_FREQ 99% cpu@64.031C soc2@63.281C soc0@63.906C gpu@65.625C tj@65.625C soc1@62.812C VDD_IN 18085mW/17561mW VDD_CPU_GPU_CV 8769mW/8388mW VDD_SOC 4073mW/4005mW
08-11-2026 15:44:46 RAM 7380/7607MB (lfb 9x2MB) SWAP 1341/16384MB (cached 239MB) CPU [9%@729,17%@729,6%@729,3%@729,0%@1344,98%@1344] GR3D_FREQ 97% cpu@64.156C soc2@63.187C soc0@63.968C gpu@65.593C tj@65.593C soc1@62.906C VDD_IN 17850mW/17561mW VDD_CPU_GPU_CV 8862mW/8388mW VDD_SOC 3916mW/4005mW
08-11-2026 15:44:47 RAM 7380/7607MB (lfb 9x2MB) SWAP 1341/16384MB (cached 239MB) CPU [3%@729,1%@729,3%@729,2%@729,0%@1344,95%@1344] GR3D_FREQ 97% cpu@64.031C soc2@63.218C soc0@64.031C gpu@65.656C tj@65.656C soc1@63.031C VDD_IN 17811mW/17561mW VDD_CPU_GPU_CV 8823mW/8389mW VDD_SOC 3955mW/4005mW
08-11-2026 15:44:48 RAM 7380/7607MB (lfb 9x2MB) SWAP 1341/16384MB (cached 239MB) CPU [4%@729,2%@729,4%@729,2%@729,0%@1344,91%@1344] GR3D_FREQ 97% cpu@64.062C soc2@63.093C soc0@63.968C gpu@65.625C tj@65.625C soc1@62.812C VDD_IN 17772mW/17562mW VDD_CPU_GPU_CV 8744mW/8390mW VDD_SOC 3955mW/4005mW
08-11-2026 15:44:49 RAM 7380/7607MB (lfb 9x2MB) SWAP 1341/16384MB (cached 239MB) CPU [2%@729,3%@729,5%@729,2%@729,0%@1344,92%@1344] GR3D_FREQ 97% cpu@64.187C soc2@63.187C soc0@63.781C gpu@65.718C tj@65.718C soc1@62.843C VDD_IN 17811mW/17562mW VDD_CPU_GPU_CV 8705mW/8390mW VDD_SOC 3995mW/4005mW
08-11-2026 15:44:50 RAM 7380/7607MB (lfb 9x2MB) SWAP 1341/16384MB (cached 239MB) CPU [3%@729,2%@729,6%@729,2%@729,0%@1344,92%@1344] GR3D_FREQ 97% cpu@64C soc2@63.281C soc0@63.843C gpu@65.875C tj@65.875C soc1@62.968C VDD_IN 17811mW/17562mW VDD_CPU_GPU_CV 8588mW/8390mW VDD_SOC 3995mW/4005mW
08-11-2026 15:44:51 RAM 7373/7607MB (lfb 9x2MB) SWAP 1342/16384MB (cached 238MB) CPU [6%@729,7%@729,17%@729,4%@729,4%@1344,93%@1344] GR3D_FREQ 97% cpu@64.125C soc2@63.156C soc0@63.906C gpu@65.906C tj@65.906C soc1@62.968C VDD_IN 17889mW/17563mW VDD_CPU_GPU_CV 8666mW/8391mW VDD_SOC 4034mW/4005mW
08-11-2026 15:44:52 RAM 7373/7607MB (lfb 9x2MB) SWAP 1342/16384MB (cached 238MB) CPU [4%@729,2%@729,6%@729,2%@729,0%@1344,92%@1344] GR3D_FREQ 99% cpu@64.031C soc2@63.156C soc0@64.062C gpu@65.906C tj@65.906C soc1@62.906C VDD_IN 17772mW/17563mW VDD_CPU_GPU_CV 8471mW/8391mW VDD_SOC 4073mW/4005mW
08-11-2026 15:44:53 RAM 7374/7607MB (lfb 9x2MB) SWAP 1341/16384MB (cached 238MB) CPU [1%@729,2%@729,4%@729,2%@729,0%@1344,91%@1344] GR3D_FREQ 97% cpu@64.031C soc2@63.187C soc0@64.062C gpu@66C tj@66C soc1@62.937C VDD_IN 17732mW/17563mW VDD_CPU_GPU_CV 8393mW/8391mW VDD_SOC 4073mW/4005mW
08-11-2026 15:44:54 RAM 7374/7607MB (lfb 9x2MB) SWAP 1341/16384MB (cached 238MB) CPU [4%@729,2%@729,7%@729,3%@729,0%@1344,92%@1344] GR3D_FREQ 99% cpu@64.25C soc2@63.25C soc0@63.812C gpu@65.437C tj@65.437C soc1@62.906C VDD_IN 17732mW/17564mW VDD_CPU_GPU_CV 8237mW/8391mW VDD_SOC 4151mW/4005mW
08-11-2026 15:44:55 RAM 7374/7607MB (lfb 9x2MB) SWAP 1341/16384MB (cached 238MB) CPU [3%@1190,1%@1190,5%@1190,1%@1190,0%@1344,92%@1344] GR3D_FREQ 97% cpu@64.531C soc2@63.187C soc0@63.875C gpu@65.625C tj@65.625C soc1@62.968C VDD_IN 17693mW/17564mW VDD_CPU_GPU_CV 8159mW/8390mW VDD_SOC 4190mW/4005mW
08-11-2026 15:44:56 RAM 7376/7607MB (lfb 9x2MB) SWAP 1341/16384MB (cached 238MB) CPU [4%@729,10%@729,5%@729,17%@729,1%@1344,92%@1344] GR3D_FREQ 98% cpu@64.218C soc2@63.281C soc0@64C gpu@65.281C tj@65.281C soc1@62.812C VDD_IN 17693mW/17564mW VDD_CPU_GPU_CV 7964mW/8390mW VDD_SOC 4269mW/4006mW
08-11-2026 15:44:57 RAM 7377/7607MB (lfb 9x2MB) SWAP 1341/16384MB (cached 238MB) CPU [5%@729,2%@729,3%@729,2%@729,0%@1344,92%@1344] GR3D_FREQ 99% cpu@64.406C soc2@63.218C soc0@63.968C gpu@65.187C tj@65.187C soc1@62.968C VDD_IN 17536mW/17564mW VDD_CPU_GPU_CV 8081mW/8389mW VDD_SOC 4151mW/4006mW
08-11-2026 15:44:58 RAM 7377/7607MB (lfb 9x2MB) SWAP 1341/16384MB (cached 238MB) CPU [2%@1113,2%@1113,3%@1113,3%@1113,0%@1344,92%@1344] GR3D_FREQ 99% cpu@64.375C soc2@63.281C soc0@63.875C gpu@65.593C tj@65.593C soc1@62.906C VDD_IN 17497mW/17564mW VDD_CPU_GPU_CV 8510mW/8389mW VDD_SOC 3962mW/4006mW
08-11-2026 15:44:59 RAM 7378/7607MB (lfb 9x2MB) SWAP 1341/16384MB (cached 238MB) CPU [4%@729,4%@729,5%@729,3%@729,0%@1344,92%@1344] GR3D_FREQ 99% cpu@64.062C soc2@63.281C soc0@64C gpu@65.468C tj@65.468C soc1@63.031C VDD_IN 17732mW/17564mW VDD_CPU_GPU_CV 8666mW/8390mW VDD_SOC 4034mW/4006mW
08-11-2026 15:45:00 RAM 7378/7607MB (lfb 9x2MB) SWAP 1341/16384MB (cached 238MB) CPU [3%@729,3%@729,1%@729,5%@1344,0%@1036,96%@1036] GR3D_FREQ 97% cpu@64.312C soc2@63.187C soc0@63.843C gpu@65.281C tj@65.281C soc1@62.812C VDD_IN 17615mW/17564mW VDD_CPU_GPU_CV 8666mW/8390mW VDD_SOC 3962mW/4006mW
08-11-2026 15:45:01 RAM 7379/7607MB (lfb 9x2MB) SWAP 1341/16384MB (cached 238MB) CPU [18%@1344,6%@1344,4%@1344,10%@1344,0%@1344,96%@1344] GR3D_FREQ 97% cpu@64.312C soc2@63.218C soc0@63.875C gpu@65.312C tj@65.312C soc1@62.937C VDD_IN 17929mW/17565mW VDD_CPU_GPU_CV 8886mW/8391mW VDD_SOC 3955mW/4006mW
08-11-2026 15:45:02 RAM 7379/7607MB (lfb 9x2MB) SWAP 1341/16384MB (cached 238MB) CPU [3%@1344,4%@1344,1%@1344,1%@1344,0%@1344,91%@1344] GR3D_FREQ 98% cpu@64.093C soc2@63.187C soc0@63.906C gpu@65.281C tj@65.281C soc1@62.906C VDD_IN 17693mW/17565mW VDD_CPU_GPU_CV 8627mW/8391mW VDD_SOC 3955mW/4006mW
08-11-2026 15:45:03 RAM 7379/7607MB (lfb 9x2MB) SWAP 1341/16384MB (cached 238MB) CPU [2%@729,2%@729,4%@729,2%@729,0%@1344,92%@1344] GR3D_FREQ 98% cpu@64.437C soc2@63.25C soc0@63.812C gpu@65.281C tj@65.281C soc1@63C VDD_IN 17654mW/17565mW VDD_CPU_GPU_CV 8666mW/8392mW VDD_SOC 3955mW/4006mW
08-11-2026 15:45:04 RAM 7379/7607MB (lfb 9x2MB) SWAP 1341/16384MB (cached 238MB) CPU [3%@729,1%@729,3%@729,1%@729,0%@1344,92%@1344] GR3D_FREQ 99% cpu@64.031C soc2@63.343C soc0@63.906C gpu@65.343C tj@65.343C soc1@62.875C VDD_IN 17575mW/17565mW VDD_CPU_GPU_CV 8510mW/8392mW VDD_SOC 3995mW/4006mW
08-11-2026 15:45:05 RAM 7379/7607MB (lfb 9x2MB) SWAP 1341/16384MB (cached 238MB) CPU [2%@729,3%@729,4%@729,6%@729,0%@1344,93%@1344] GR3D_FREQ 97% cpu@64.093C soc2@63.25C soc0@63.875C gpu@65.625C tj@65.625C soc1@62.875C VDD_IN 17654mW/17565mW VDD_CPU_GPU_CV 8510mW/8392mW VDD_SOC 3995mW/4005mW
08-11-2026 15:45:06 RAM 7379/7607MB (lfb 9x2MB) SWAP 1341/16384MB (cached 238MB) CPU [11%@1344,7%@1344,9%@1344,4%@1344,0%@1344,92%@1344] GR3D_FREQ 99% cpu@64.531C soc2@63.25C soc0@63.937C gpu@65.718C tj@65.718C soc1@62.937C VDD_IN 17811mW/17565mW VDD_CPU_GPU_CV 8549mW/8392mW VDD_SOC 4034mW/4006mW
08-11-2026 15:45:07 RAM 7380/7607MB (lfb 9x2MB) SWAP 1341/16384MB (cached 238MB) CPU [1%@729,4%@729,3%@729,5%@729,0%@1344,92%@1344] GR3D_FREQ 97% cpu@64C soc2@63.218C soc0@63.906C gpu@65.75C tj@65.75C soc1@62.968C VDD_IN 17575mW/17565mW VDD_CPU_GPU_CV 8315mW/8392mW VDD_SOC 4073mW/4006mW
08-11-2026 15:45:08 RAM 7380/7607MB (lfb 9x2MB) SWAP 1341/16384MB (cached 239MB) CPU [5%@729,1%@729,3%@729,3%@729,0%@1344,93%@1344] GR3D_FREQ 98% cpu@64.25C soc2@63.281C soc0@63.906C gpu@65.656C tj@65.656C soc1@63.062C VDD_IN 17536mW/17565mW VDD_CPU_GPU_CV 8159mW/8392mW VDD_SOC 4119mW/4006mW
08-11-2026 15:45:09 RAM 7368/7607MB (lfb 9x2MB) SWAP 1352/16384MB (cached 238MB) CPU [3%@729,3%@729,2%@729,2%@729,8%@1344,82%@1344] GR3D_FREQ 97% cpu@63.843C soc2@63.218C soc0@64.031C gpu@65.468C tj@65.468C soc1@62.875C VDD_IN 16582mW/17564mW VDD_CPU_GPU_CV 7899mW/8391mW VDD_SOC 3811mW/4006mW
08-11-2026 15:45:10 RAM 7335/7607MB (lfb 7x2MB) SWAP 1376/16384MB (cached 230MB) CPU [7%@1113,15%@1344,12%@1344,10%@1344,26%@1344,46%@1344] GR3D_FREQ 32% cpu@63.625C soc2@62.656C soc0@63.75C gpu@63.437C tj@63.75C soc1@62.812C VDD_IN 10277mW/17554mW VDD_CPU_GPU_CV 3836mW/8385mW VDD_SOC 2614mW/4004mW
08-11-2026 15:45:11 RAM 7376/7607MB (lfb 8x2MB) SWAP 1361/16384MB (cached 229MB) CPU [75%@1344,78%@1344,71%@1344,71%@1344,72%@729,66%@729] GR3D_FREQ 99% cpu@63.187C soc2@62.156C soc0@63.312C gpu@62.843C tj@63.312C soc1@62.593C VDD_IN 7722mW/17540mW VDD_CPU_GPU_CV 2305mW/8376mW VDD_SOC 1791mW/4000mW
08-11-2026 15:45:12 RAM 7371/7607MB (lfb 8x2MB) SWAP 1368/16384MB (cached 226MB) CPU [11%@1344,95%@1344,14%@1344,8%@1344,13%@729,3%@729] GR3D_FREQ 97% cpu@63.531C soc2@62.687C soc0@63.5C gpu@65.031C tj@65.031C soc1@62.75C VDD_IN 16504mW/17539mW VDD_CPU_GPU_CV 8146mW/8376mW VDD_SOC 3536mW/4000mW
08-11-2026 15:45:13 RAM 7368/7607MB (lfb 8x2MB) SWAP 1370/16384MB (cached 225MB) CPU [2%@1344,3%@1344,95%@1344,2%@1344,1%@729,4%@729] GR3D_FREQ 97% cpu@63.812C soc2@62.718C soc0@63.75C gpu@65.375C tj@65.375C soc1@62.562C VDD_IN 17615mW/17539mW VDD_CPU_GPU_CV 8705mW/8376mW VDD_SOC 3877mW/4000mW
08-11-2026 15:45:14 RAM 7367/7607MB (lfb 8x2MB) SWAP 1370/16384MB (cached 225MB) CPU [4%@1344,2%@1344,93%@1344,1%@1344,2%@729,3%@729] GR3D_FREQ 97% cpu@64.031C soc2@62.812C soc0@63.562C gpu@65.375C tj@65.375C soc1@62.656C VDD_IN 17693mW/17539mW VDD_CPU_GPU_CV 8627mW/8377mW VDD_SOC 3955mW/4000mW
08-11-2026 15:45:15 RAM 7367/7607MB (lfb 8x2MB) SWAP 1370/16384MB (cached 225MB) CPU [2%@1344,1%@1344,91%@1344,1%@1344,1%@729,3%@729] GR3D_FREQ 97% cpu@64.093C soc2@62.906C soc0@63.562C gpu@65.531C tj@65.531C soc1@62.656C VDD_IN 17693mW/17539mW VDD_CPU_GPU_CV 8666mW/8377mW VDD_SOC 3955mW/4000mW
08-11-2026 15:45:16 RAM 7367/7607MB (lfb 8x2MB) SWAP 1370/16384MB (cached 225MB) CPU [2%@1344,2%@1344,92%@1344,1%@1344,3%@729,8%@729] GR3D_FREQ 98% cpu@64.187C soc2@62.968C soc0@63.656C gpu@65.562C tj@65.562C soc1@62.687C VDD_IN 17693mW/17539mW VDD_CPU_GPU_CV 8510mW/8377mW VDD_SOC 3995mW/4000mW
08-11-2026 15:45:17 RAM 7371/7607MB (lfb 8x2MB) SWAP 1370/16384MB (cached 225MB) CPU [4%@1344,11%@1344,93%@1344,6%@1344,9%@729,2%@729] GR3D_FREQ 97% cpu@63.968C soc2@63.031C soc0@63.562C gpu@65.625C tj@65.625C soc1@62.812C VDD_IN 17732mW/17540mW VDD_CPU_GPU_CV 8549mW/8377mW VDD_SOC 3995mW/3999mW
08-11-2026 15:45:18 RAM 7371/7607MB (lfb 8x2MB) SWAP 1370/16384MB (cached 225MB) CPU [3%@1344,1%@1344,92%@1344,1%@1344,3%@729,1%@729] GR3D_FREQ 99% cpu@64.031C soc2@63.062C soc0@63.718C gpu@65.625C tj@65.625C soc1@62.687C VDD_IN 17615mW/17540mW VDD_CPU_GPU_CV 8354mW/8377mW VDD_SOC 4034mW/4000mW
08-11-2026 15:45:19 RAM 7371/7607MB (lfb 8x2MB) SWAP 1370/16384MB (cached 225MB) CPU [2%@1344,1%@1344,92%@1344,1%@1344,5%@729,1%@729] GR3D_FREQ 97% cpu@64.093C soc2@62.968C soc0@63.625C gpu@65.625C tj@65.625C soc1@62.687C VDD_IN 17615mW/17540mW VDD_CPU_GPU_CV 8315mW/8377mW VDD_SOC 4073mW/4000mW
08-11-2026 15:45:20 RAM 7371/7607MB (lfb 8x2MB) SWAP 1370/16384MB (cached 225MB) CPU [1%@1344,1%@1344,93%@1344,1%@1344,3%@729,2%@729] GR3D_FREQ 98% cpu@64.093C soc2@62.906C soc0@63.562C gpu@65.187C tj@65.187C soc1@62.656C VDD_IN 17536mW/17540mW VDD_CPU_GPU_CV 8120mW/8377mW VDD_SOC 4112mW/4000mW
08-11-2026 15:45:21 RAM 7371/7607MB (lfb 8x2MB) SWAP 1370/16384MB (cached 225MB) CPU [3%@729,3%@729,16%@729,1%@729,78%@1344,3%@1344] GR3D_FREQ 97% cpu@63.875C soc2@62.968C soc0@63.562C gpu@65.062C tj@65.062C soc1@62.687C VDD_IN 17497mW/17540mW VDD_CPU_GPU_CV 8003mW/8376mW VDD_SOC 4158mW/4000mW
08-11-2026 15:45:22 RAM 7372/7607MB (lfb 8x2MB) SWAP 1370/16384MB (cached 225MB) CPU [8%@729,11%@729,15%@729,4%@729,92%@1344,0%@1344] GR3D_FREQ 98% cpu@63.75C soc2@63.031C soc0@63.718C gpu@65.187C tj@65.187C soc1@62.687C VDD_IN 17536mW/17540mW VDD_CPU_GPU_CV 7886mW/8376mW VDD_SOC 4230mW/4000mW
08-11-2026 15:45:23 RAM 7372/7607MB (lfb 8x2MB) SWAP 1370/16384MB (cached 225MB) CPU [2%@729,1%@729,4%@729,2%@729,92%@1344,0%@1344] GR3D_FREQ 99% cpu@63.937C soc2@62.968C soc0@63.718C gpu@64.812C tj@64.812C soc1@62.625C VDD_IN 17340mW/17539mW VDD_CPU_GPU_CV 8042mW/8375mW VDD_SOC 4119mW/4001mW
08-11-2026 15:45:24 RAM 7366/7607MB (lfb 8x2MB) SWAP 1370/16384MB (cached 224MB) CPU [3%@729,1%@729,6%@729,2%@729,90%@1344,2%@1344] GR3D_FREQ 99% cpu@63.781C soc2@63.031C soc0@63.562C gpu@65.312C tj@65.312C soc1@62.718C VDD_IN 17486mW/17539mW VDD_CPU_GPU_CV 8471mW/8375mW VDD_SOC 3962mW/4000mW
08-11-2026 15:45:25 RAM 7366/7607MB (lfb 8x2MB) SWAP 1370/16384MB (cached 224MB) CPU [3%@729,2%@729,1%@729,4%@729,92%@1344,0%@1344] GR3D_FREQ 99% cpu@63.875C soc2@62.968C soc0@63.593C gpu@65.5C tj@65.5C soc1@62.718C VDD_IN 17850mW/17540mW VDD_CPU_GPU_CV 8627mW/8376mW VDD_SOC 4034mW/4000mW
08-11-2026 15:45:26 RAM 7366/7607MB (lfb 8x2MB) SWAP 1370/16384MB (cached 224MB) CPU [3%@729,1%@729,2%@729,2%@729,97%@1190,0%@1190] GR3D_FREQ 97% cpu@63.906C soc2@62.968C soc0@63.625C gpu@65.187C tj@65.187C soc1@62.625C VDD_IN 17575mW/17540mW VDD_CPU_GPU_CV 8666mW/8376mW VDD_SOC 3923mW/4000mW
08-11-2026 15:45:27 RAM 7368/7607MB (lfb 8x2MB) SWAP 1370/16384MB (cached 224MB) CPU [14%@729,4%@729,9%@729,11%@729,96%@1344,0%@1344] GR3D_FREQ 97% cpu@64.093C soc2@63C soc0@63.656C gpu@65.281C tj@65.281C soc1@62.812C VDD_IN 17929mW/17540mW VDD_CPU_GPU_CV 8823mW/8377mW VDD_SOC 3916mW/4000mW
08-11-2026 15:45:28 RAM 7368/7607MB (lfb 8x2MB) SWAP 1370/16384MB (cached 224MB) CPU [3%@729,5%@729,3%@729,2%@729,92%@1344,0%@1344] GR3D_FREQ 98% cpu@63.75C soc2@62.937C soc0@63.781C gpu@65.218C tj@65.218C soc1@62.625C VDD_IN 17732mW/17541mW VDD_CPU_GPU_CV 8666mW/8377mW VDD_SOC 3955mW/4000mW
08-11-2026 15:45:29 RAM 7368/7607MB (lfb 8x2MB) SWAP 1370/16384MB (cached 224MB) CPU [1%@729,2%@729,1%@729,0%@729,92%@1344,4%@1344] GR3D_FREQ 97% cpu@63.875C soc2@63.031C soc0@63.593C gpu@65.281C tj@65.281C soc1@62.656C VDD_IN 17693mW/17541mW VDD_CPU_GPU_CV 8666mW/8378mW VDD_SOC 3955mW/4000mW
08-11-2026 15:45:30 RAM 7368/7607MB (lfb 8x2MB) SWAP 1370/16384MB (cached 224MB) CPU [3%@729,2%@729,2%@729,4%@729,92%@1344,0%@1344] GR3D_FREQ 99% cpu@64C soc2@63C soc0@63.562C gpu@65.312C tj@65.312C soc1@62.687C VDD_IN 17693mW/17541mW VDD_CPU_GPU_CV 8549mW/8378mW VDD_SOC 3995mW/4000mW
08-11-2026 15:45:31 RAM 7368/7607MB (lfb 8x2MB) SWAP 1370/16384MB (cached 224MB) CPU [3%@729,3%@729,2%@729,3%@729,93%@1344,0%@1344] GR3D_FREQ 97% cpu@63.812C soc2@62.968C soc0@63.687C gpu@65.437C tj@65.437C soc1@62.718C VDD_IN 17732mW/17541mW VDD_CPU_GPU_CV 8588mW/8378mW VDD_SOC 3995mW/4000mW
08-11-2026 15:45:32 RAM 7370/7607MB (lfb 8x2MB) SWAP 1370/16384MB (cached 224MB) CPU [7%@729,7%@729,4%@729,14%@729,92%@1344,0%@1344] GR3D_FREQ 97% cpu@64.093C soc2@63.062C soc0@63.718C gpu@65.468C tj@65.468C soc1@62.781C VDD_IN 17889mW/17542mW VDD_CPU_GPU_CV 8627mW/8378mW VDD_SOC 4034mW/4000mW
08-11-2026 15:45:33 RAM 7370/7607MB (lfb 8x2MB) SWAP 1370/16384MB (cached 224MB) CPU [3%@729,2%@729,1%@729,2%@729,92%@1344,0%@1344] GR3D_FREQ 97% cpu@63.718C soc2@63.062C soc0@63.812C gpu@65.437C tj@65.437C soc1@62.656C VDD_IN 17693mW/17542mW VDD_CPU_GPU_CV 8393mW/8378mW VDD_SOC 4073mW/4000mW
08-11-2026 15:45:34 RAM 7370/7607MB (lfb 8x2MB) SWAP 1370/16384MB (cached 224MB) CPU [3%@729,2%@729,2%@729,5%@729,93%@1344,0%@1344] GR3D_FREQ 97% cpu@63.812C soc2@63.031C soc0@63.625C gpu@65.562C tj@65.562C soc1@62.656C VDD_IN 17615mW/17542mW VDD_CPU_GPU_CV 8198mW/8378mW VDD_SOC 4112mW/4000mW
08-11-2026 15:45:36 RAM 7370/7607MB (lfb 8x2MB) SWAP 1370/16384MB (cached 224MB) CPU [4%@729,2%@729,1%@729,1%@729,92%@1344,0%@1344] GR3D_FREQ 97% cpu@63.968C soc2@62.906C soc0@63.687C gpu@65.468C tj@65.468C soc1@62.718C VDD_IN 17615mW/17542mW VDD_CPU_GPU_CV 8120mW/8378mW VDD_SOC 4151mW/4001mW
08-11-2026 15:45:37 RAM 7370/7607MB (lfb 8x2MB) SWAP 1370/16384MB (cached 224MB) CPU [5%@729,1%@729,1%@729,2%@729,91%@1344,0%@1344] GR3D_FREQ 97% cpu@63.875C soc2@63.031C soc0@63.75C gpu@65.187C tj@65.187C soc1@62.718C VDD_IN 17654mW/17542mW VDD_CPU_GPU_CV 7964mW/8377mW VDD_SOC 4230mW/4001mW
08-11-2026 15:45:38 RAM 7370/7607MB (lfb 8x2MB) SWAP 1370/16384MB (cached 224MB) CPU [6%@729,8%@729,6%@729,4%@729,92%@1344,0%@1344] GR3D_FREQ 99% cpu@64.093C soc2@63.156C soc0@63.718C gpu@64.812C tj@64.812C soc1@62.687C VDD_IN 17575mW/17542mW VDD_CPU_GPU_CV 7847mW/8377mW VDD_SOC 4269mW/4001mW
08-11-2026 15:45:39 RAM 7371/7607MB (lfb 8x2MB) SWAP 1370/16384MB (cached 224MB) CPU [6%@729,8%@729,4%@729,8%@729,92%@1344,0%@1344] GR3D_FREQ 99% cpu@63.812C soc2@63C soc0@63.687C gpu@65.187C tj@65.187C soc1@62.656C VDD_IN 17458mW/17542mW VDD_CPU_GPU_CV 8354mW/8377mW VDD_SOC 4040mW/4001mW
08-11-2026 15:45:40 RAM 7371/7607MB (lfb 8x2MB) SWAP 1370/16384MB (cached 224MB) CPU [2%@729,3%@729,3%@729,0%@729,92%@1344,0%@1344] GR3D_FREQ 99% cpu@63.875C soc2@63.031C soc0@63.625C gpu@65.312C tj@65.312C soc1@62.718C VDD_IN 17536mW/17542mW VDD_CPU_GPU_CV 8471mW/8377mW VDD_SOC 4001mW/4001mW
08-11-2026 15:45:41 RAM 7372/7607MB (lfb 8x2MB) SWAP 1370/16384MB (cached 224MB) CPU [4%@729,2%@729,3%@729,1%@729,92%@729,0%@729] GR3D_FREQ 99% cpu@64.218C soc2@63.062C soc0@63.656C gpu@65.437C tj@65.437C soc1@62.75C VDD_IN 17929mW/17543mW VDD_CPU_GPU_CV 8769mW/8377mW VDD_SOC 4073mW/4001mW
08-11-2026 15:45:42 RAM 7372/7607MB (lfb 8x2MB) SWAP 1370/16384MB (cached 224MB) CPU [3%@729,1%@729,4%@729,2%@729,100%@1344,0%@1344] GR3D_FREQ 97% cpu@63.781C soc2@63.062C soc0@63.656C gpu@65.718C tj@65.718C soc1@62.812C VDD_IN 17693mW/17543mW VDD_CPU_GPU_CV 8823mW/8378mW VDD_SOC 3916mW/4001mW
08-11-2026 15:45:43 RAM 7372/7607MB (lfb 8x2MB) SWAP 1370/16384MB (cached 224MB) CPU [3%@729,2%@729,1%@729,3%@729,93%@1344,0%@1344] GR3D_FREQ 97% cpu@63.781C soc2@63.062C soc0@63.812C gpu@65.781C tj@65.781C soc1@62.656C VDD_IN 17732mW/17543mW VDD_CPU_GPU_CV 8744mW/8378mW VDD_SOC 3955mW/4001mW
08-11-2026 15:45:44 RAM 7373/7607MB (lfb 8x2MB) SWAP 1370/16384MB (cached 224MB) CPU [6%@729,7%@729,16%@729,7%@729,92%@1344,1%@1344] GR3D_FREQ 97% cpu@63.812C soc2@62.968C soc0@63.593C gpu@65.781C tj@65.781C soc1@62.687C VDD_IN 17772mW/17544mW VDD_CPU_GPU_CV 8744mW/8379mW VDD_SOC 3955mW/4001mW
08-11-2026 15:45:45 RAM 7373/7607MB (lfb 8x2MB) SWAP 1370/16384MB (cached 224MB) CPU [3%@729,2%@729,1%@729,0%@729,92%@1344,2%@1344] GR3D_FREQ 97% cpu@63.843C soc2@63.062C soc0@63.593C gpu@65.718C tj@65.718C soc1@62.718C VDD_IN 17732mW/17544mW VDD_CPU_GPU_CV 8666mW/8379mW VDD_SOC 3955mW/4001mW
08-11-2026 15:45:46 RAM 7373/7607MB (lfb 8x2MB) SWAP 1370/16384MB (cached 224MB) CPU [3%@729,1%@729,1%@729,0%@729,92%@1344,2%@1344] GR3D_FREQ 97% cpu@64.031C soc2@62.937C soc0@63.75C gpu@65.218C tj@65.218C soc1@62.781C VDD_IN 17732mW/17544mW VDD_CPU_GPU_CV 8588mW/8379mW VDD_SOC 3995mW/4001mW
08-11-2026 15:45:47 RAM 7373/7607MB (lfb 8x2MB) SWAP 1370/16384MB (cached 224MB) CPU [3%@729,2%@729,1%@729,5%@729,92%@1344,0%@1344] GR3D_FREQ 97% cpu@63.687C soc2@63.031C soc0@63.687C gpu@65.187C tj@65.187C soc1@62.812C VDD_IN 17693mW/17544mW VDD_CPU_GPU_CV 8510mW/8380mW VDD_SOC 3995mW/4001mW
08-11-2026 15:45:48 RAM 7373/7607MB (lfb 8x2MB) SWAP 1370/16384MB (cached 224MB) CPU [4%@729,3%@729,0%@729,4%@729,92%@1344,0%@1344] GR3D_FREQ 97% cpu@63.812C soc2@63.031C soc0@63.843C gpu@65.281C tj@65.281C soc1@62.656C VDD_IN 17615mW/17544mW VDD_CPU_GPU_CV 8354mW/8380mW VDD_SOC 4034mW/4001mW
08-11-2026 15:45:49 RAM 7363/7607MB (lfb 8x2MB) SWAP 1378/16384MB (cached 225MB) CPU [5%@729,8%@729,8%@729,17%@729,93%@1344,7%@1344] GR3D_FREQ 97% cpu@63.937C soc2@62.968C soc0@63.781C gpu@65.437C tj@65.437C soc1@62.718C VDD_IN 17772mW/17545mW VDD_CPU_GPU_CV 8393mW/8380mW VDD_SOC 4073mW/4001mW
08-11-2026 15:45:50 RAM 7363/7607MB (lfb 8x2MB) SWAP 1378/16384MB (cached 225MB) CPU [3%@729,8%@729,1%@729,1%@729,92%@1344,0%@1344] GR3D_FREQ 97% cpu@63.906C soc2@63.031C soc0@63.562C gpu@65.406C tj@65.406C soc1@62.812C VDD_IN 17575mW/17545mW VDD_CPU_GPU_CV 8120mW/8379mW VDD_SOC 4112mW/4001mW
08-11-2026 15:45:51 RAM 7363/7607MB (lfb 8x2MB) SWAP 1378/16384MB (cached 225MB) CPU [2%@729,2%@729,3%@729,1%@729,92%@1344,0%@1344] GR3D_FREQ 97% cpu@64.062C soc2@62.968C soc0@63.625C gpu@65.281C tj@65.281C soc1@62.843C VDD_IN 17575mW/17545mW VDD_CPU_GPU_CV 7964mW/8379mW VDD_SOC 4190mW/4002mW
08-11-2026 15:45:52 RAM 7363/7607MB (lfb 8x2MB) SWAP 1378/16384MB (cached 225MB) CPU [4%@729,2%@729,3%@729,3%@729,91%@1344,0%@1344] GR3D_FREQ 99% cpu@63.968C soc2@63.093C soc0@63.812C gpu@65.187C tj@65C soc1@62.843C VDD_IN 17497mW/17545mW VDD_CPU_GPU_CV 7729mW/8378mW VDD_SOC 4276mW/4002mW
08-11-2026 15:45:53 RAM 7363/7607MB (lfb 8x2MB) SWAP 1378/16384MB (cached 225MB) CPU [3%@729,2%@729,1%@729,4%@729,92%@1344,0%@1344] GR3D_FREQ 99% cpu@64.031C soc2@63.093C soc0@63.937C gpu@64.937C tj@64.937C soc1@62.718C VDD_IN 17497mW/17545mW VDD_CPU_GPU_CV 8237mW/8378mW VDD_SOC 4073mW/4002mW
08-11-2026 15:45:54 RAM 7366/7607MB (lfb 8x2MB) SWAP 1378/16384MB (cached 225MB) CPU [19%@729,4%@729,6%@729,9%@729,93%@1344,1%@1344] GR3D_FREQ 99% cpu@63.968C soc2@63C soc0@63.781C gpu@65.281C tj@65.281C soc1@62.75C VDD_IN 17615mW/17545mW VDD_CPU_GPU_CV 8666mW/8378mW VDD_SOC 3916mW/4002mW
08-11-2026 15:45:55 RAM 7366/7607MB (lfb 8x2MB) SWAP 1378/16384MB (cached 225MB) CPU [1%@729,0%@729,3%@729,3%@729,92%@1344,0%@1344] GR3D_FREQ 99% cpu@64.031C soc2@63.093C soc0@63.75C gpu@65.437C tj@65.437C soc1@62.812C VDD_IN 17889mW/17545mW VDD_CPU_GPU_CV 8744mW/8379mW VDD_SOC 4073mW/4002mW
08-11-2026 15:45:56 RAM 7366/7607MB (lfb 8x2MB) SWAP 1378/16384MB (cached 225MB) CPU [2%@729,4%@729,3%@729,1%@729,96%@1344,0%@1344] GR3D_FREQ 96% cpu@64.031C soc2@63.062C soc0@63.843C gpu@65.281C tj@65.281C soc1@62.812C VDD_IN 17654mW/17545mW VDD_CPU_GPU_CV 8744mW/8379mW VDD_SOC 3916mW/4002mW
08-11-2026 15:45:57 RAM 7366/7607MB (lfb 8x2MB) SWAP 1378/16384MB (cached 225MB) CPU [4%@729,2%@729,4%@729,1%@729,95%@1344,0%@1344] GR3D_FREQ 97% cpu@63.718C soc2@63.062C soc0@63.718C gpu@65.656C tj@65.656C soc1@62.75C VDD_IN 17732mW/17546mW VDD_CPU_GPU_CV 8784mW/8380mW VDD_SOC 3955mW/4002mW
08-11-2026 15:45:58 RAM 7366/7607MB (lfb 8x2MB) SWAP 1378/16384MB (cached 225MB) CPU [3%@729,3%@729,2%@729,2%@729,92%@1344,0%@1344] GR3D_FREQ 97% cpu@63.937C soc2@63C soc0@63.687C gpu@65.531C tj@65.531C soc1@62.75C VDD_IN 17772mW/17546mW VDD_CPU_GPU_CV 8744mW/8380mW VDD_SOC 3955mW/4002mW
08-11-2026 15:45:59 RAM 7367/7607MB (lfb 8x2MB) SWAP 1378/16384MB (cached 225MB) CPU [11%@729,12%@729,7%@729,8%@729,93%@1344,0%@1344] GR3D_FREQ 97% cpu@64C soc2@63.125C soc0@63.75C gpu@65.687C tj@65.687C soc1@62.812C VDD_IN 17929mW/17546mW VDD_CPU_GPU_CV 8862mW/8381mW VDD_SOC 3955mW/4002mW
08-11-2026 15:46:00 RAM 7367/7607MB (lfb 8x2MB) SWAP 1378/16384MB (cached 225MB) CPU [2%@729,3%@729,3%@729,2%@729,92%@1344,0%@1344] GR3D_FREQ 99% cpu@63.781C soc2@63.093C soc0@63.812C gpu@65.593C tj@65.593C soc1@62.812C VDD_IN 17693mW/17547mW VDD_CPU_GPU_CV 8588mW/8381mW VDD_SOC 3995mW/4002mW
08-11-2026 15:46:01 RAM 7367/7607MB (lfb 8x2MB) SWAP 1378/16384MB (cached 225MB) CPU [5%@729,1%@729,8%@729,3%@729,92%@1344,0%@1344] GR3D_FREQ 97% cpu@64.062C soc2@63.062C soc0@63.875C gpu@65.687C tj@65.687C soc1@62.906C VDD_IN 17811mW/17547mW VDD_CPU_GPU_CV 8588mW/8381mW VDD_SOC 4034mW/4002mW
08-11-2026 15:46:02 RAM 7367/7607MB (lfb 8x2MB) SWAP 1378/16384MB (cached 225MB) CPU [5%@729,3%@729,1%@729,3%@729,92%@1344,0%@1344] GR3D_FREQ 97% cpu@63.75C soc2@63.062C soc0@63.781C gpu@65.687C tj@65.687C soc1@62.687C VDD_IN 17732mW/17547mW VDD_CPU_GPU_CV 8471mW/8381mW VDD_SOC 4034mW/4002mW
08-11-2026 15:46:03 RAM 7367/7607MB (lfb 8x2MB) SWAP 1378/16384MB (cached 225MB) CPU [3%@729,1%@729,3%@729,1%@729,92%@1344,0%@1344] GR3D_FREQ 97% cpu@63.875C soc2@63.031C soc0@63.937C gpu@65.375C tj@65.375C soc1@62.687C VDD_IN 17732mW/17547mW VDD_CPU_GPU_CV 8432mW/8381mW VDD_SOC 4073mW/4002mW
08-11-2026 15:46:04 RAM 7368/7607MB (lfb 8x2MB) SWAP 1378/16384MB (cached 225MB) CPU [7%@729,6%@729,7%@729,16%@729,92%@1344,0%@1344] GR3D_FREQ 97% cpu@64.031C soc2@63.062C soc0@63.75C gpu@65.437C tj@65.437C soc1@62.812C VDD_IN 17850mW/17548mW VDD_CPU_GPU_CV 8432mW/8381mW VDD_SOC 4112mW/4002mW
08-11-2026 15:46:05 RAM 7369/7607MB (lfb 8x2MB) SWAP 1378/16384MB (cached 225MB) CPU [31%@1344,2%@1344,2%@1344,3%@1344,64%@729,0%@729] GR3D_FREQ 97% cpu@64.125C soc2@63.156C soc0@63.812C gpu@65.406C tj@65.406C soc1@62.812C VDD_IN 17693mW/17548mW VDD_CPU_GPU_CV 8120mW/8381mW VDD_SOC 4151mW/4002mW
08-11-2026 15:46:06 RAM 7367/7607MB (lfb 8x2MB) SWAP 1377/16384MB (cached 225MB) CPU [93%@1344,4%@1344,3%@1344,3%@1344,0%@729,0%@729] GR3D_FREQ 97% cpu@64.125C soc2@63.25C soc0@63.875C gpu@65.312C tj@65.312C soc1@62.906C VDD_IN 17654mW/17548mW VDD_CPU_GPU_CV 7925mW/8381mW VDD_SOC 4230mW/4003mW
08-11-2026 15:46:07 RAM 7368/7607MB (lfb 8x2MB) SWAP 1377/16384MB (cached 225MB) CPU [92%@1344,4%@1344,1%@1344,2%@1344,0%@729,0%@729] GR3D_FREQ 99% cpu@63.906C soc2@63.406C soc0@63.812C gpu@65C tj@65C soc1@62.812C VDD_IN 17536mW/17548mW VDD_CPU_GPU_CV 7847mW/8380mW VDD_SOC 4230mW/4003mW
08-11-2026 15:46:08 RAM 7368/7607MB (lfb 8x2MB) SWAP 1377/16384MB (cached 225MB) CPU [93%@1344,4%@1344,0%@1344,1%@1344,0%@729,0%@729] GR3D_FREQ 99% cpu@64C soc2@63.218C soc0@63.968C gpu@65.343C tj@65.343C soc1@62.812C VDD_IN 17536mW/17548mW VDD_CPU_GPU_CV 8432mW/8380mW VDD_SOC 4034mW/4003mW
08-11-2026 15:46:09 RAM 7368/7607MB (lfb 8x2MB) SWAP 1377/16384MB (cached 225MB) CPU [92%@1344,9%@1344,9%@1344,2%@1344,1%@729,0%@729] GR3D_FREQ 99% cpu@64.562C soc2@63.156C soc0@63.875C gpu@65.531C tj@65.531C soc1@62.843C VDD_IN 17732mW/17548mW VDD_CPU_GPU_CV 8627mW/8380mW VDD_SOC 3995mW/4003mW
08-11-2026 15:46:10 RAM 7368/7607MB (lfb 8x2MB) SWAP 1377/16384MB (cached 225MB) CPU [92%@729,5%@729,8%@729,4%@729,0%@729,0%@729] GR3D_FREQ 99% cpu@64.281C soc2@63.156C soc0@63.812C gpu@65.968C tj@65.968C soc1@62.812C VDD_IN 18046mW/17549mW VDD_CPU_GPU_CV 8847mW/8381mW VDD_SOC 4034mW/4003mW
08-11-2026 15:46:11 RAM 7368/7607MB (lfb 8x2MB) SWAP 1377/16384MB (cached 225MB) CPU [100%@1344,3%@1344,2%@1344,6%@1344,0%@729,0%@729] GR3D_FREQ 97% cpu@64.437C soc2@63.25C soc0@63.906C gpu@65.531C tj@65.531C soc1@62.937C VDD_IN 17889mW/17549mW VDD_CPU_GPU_CV 8901mW/8381mW VDD_SOC 3955mW/4003mW
08-11-2026 15:46:12 RAM 7368/7607MB (lfb 8x2MB) SWAP 1377/16384MB (cached 225MB) CPU [93%@1344,0%@1344,2%@1344,3%@1344,0%@729,0%@729] GR3D_FREQ 97% cpu@63.968C soc2@63.343C soc0@63.937C gpu@65.5C tj@65.5C soc1@62.812C VDD_IN 17772mW/17550mW VDD_CPU_GPU_CV 8784mW/8382mW VDD_SOC 3955mW/4003mW
08-11-2026 15:46:13 RAM 7368/7607MB (lfb 8x2MB) SWAP 1377/16384MB (cached 225MB) CPU [92%@1344,2%@1344,2%@1344,1%@1344,2%@729,0%@729] GR3D_FREQ 97% cpu@64C soc2@63.218C soc0@63.937C gpu@65.5C tj@65.5C soc1@62.812C VDD_IN 17811mW/17550mW VDD_CPU_GPU_CV 8784mW/8383mW VDD_SOC 3955mW/4003mW
08-11-2026 15:46:14 RAM 7368/7607MB (lfb 8x2MB) SWAP 1377/16384MB (cached 225MB) CPU [92%@1344,2%@1344,1%@1344,1%@1344,4%@729,0%@729] GR3D_FREQ 97% cpu@64.218C soc2@63.218C soc0@63.843C gpu@65.437C tj@65.437C soc1@62.843C VDD_IN 17811mW/17550mW VDD_CPU_GPU_CV 8705mW/8383mW VDD_SOC 3995mW/4003mW
08-11-2026 15:46:15 RAM 7370/7607MB (lfb 8x2MB) SWAP 1377/16384MB (cached 225MB) CPU [6%@729,3%@729,17%@729,11%@1344,92%@1344,0%@1344] GR3D_FREQ 97% cpu@64.25C soc2@63.125C soc0@63.843C gpu@65.343C tj@65.343C soc1@62.812C VDD_IN 17811mW/17551mW VDD_CPU_GPU_CV 8627mW/8383mW VDD_SOC 3995mW/4003mW
08-11-2026 15:46:16 RAM 7366/7607MB (lfb 8x2MB) SWAP 1380/16384MB (cached 223MB) CPU [5%@729,4%@729,1%@729,2%@729,89%@1344,3%@1344] GR3D_FREQ 97% cpu@64.062C soc2@63.156C soc0@63.906C gpu@65.656C tj@65.656C soc1@62.906C VDD_IN 17772mW/17551mW VDD_CPU_GPU_CV 8588mW/8384mW VDD_SOC 4034mW/4003mW
08-11-2026 15:46:17 RAM 7366/7607MB (lfb 8x2MB) SWAP 1380/16384MB (cached 223MB) CPU [1%@729,2%@729,1%@729,3%@729,91%@1344,2%@1344] GR3D_FREQ 99% cpu@64C soc2@63.156C soc0@63.875C gpu@65.625C tj@65.625C soc1@62.812C VDD_IN 17732mW/17551mW VDD_CPU_GPU_CV 8432mW/8384mW VDD_SOC 4073mW/4003mW
08-11-2026 15:46:18 RAM 7366/7607MB (lfb 8x2MB) SWAP 1380/16384MB (cached 223MB) CPU [1%@729,1%@729,1%@729,2%@729,93%@1344,3%@1344] GR3D_FREQ 97% cpu@63.906C soc2@63.156C soc0@63.75C gpu@65.625C tj@65.625C soc1@62.812C VDD_IN 17732mW/17551mW VDD_CPU_GPU_CV 8393mW/8384mW VDD_SOC 4073mW/4003mW
08-11-2026 15:46:19 RAM 7366/7607MB (lfb 8x2MB) SWAP 1380/16384MB (cached 223MB) CPU [3%@729,4%@729,2%@729,3%@729,92%@1344,0%@1344] GR3D_FREQ 99% cpu@64.031C soc2@63.031C soc0@63.718C gpu@65.375C tj@65.375C soc1@62.843C VDD_IN 17693mW/17552mW VDD_CPU_GPU_CV 8198mW/8383mW VDD_SOC 4112mW/4003mW
08-11-2026 15:46:20 RAM 7368/7607MB (lfb 8x2MB) SWAP 1380/16384MB (cached 223MB) CPU [10%@729,7%@729,19%@729,3%@729,91%@1344,2%@1344] GR3D_FREQ 97% cpu@64.25C soc2@63.156C soc0@63.875C gpu@65.375C tj@65.375C soc1@62.906C VDD_IN 17693mW/17552mW VDD_CPU_GPU_CV 8120mW/8383mW VDD_SOC 4190mW/4003mW
08-11-2026 15:46:21 RAM 7368/7607MB (lfb 8x2MB) SWAP 1380/16384MB (cached 223MB) CPU [2%@729,3%@729,2%@729,1%@729,92%@1344,0%@1344] GR3D_FREQ 98% cpu@64.031C soc2@63.218C soc0@63.906C gpu@65.218C tj@65.218C soc1@62.781C VDD_IN 17536mW/17552mW VDD_CPU_GPU_CV 7847mW/8382mW VDD_SOC 4230mW/4004mW
08-11-2026 15:46:22 RAM 7367/7607MB (lfb 8x2MB) SWAP 1380/16384MB (cached 223MB) CPU [1%@729,3%@729,3%@729,8%@729,92%@1344,0%@1344] GR3D_FREQ 99% cpu@64.25C soc2@63.093C soc0@63.906C gpu@65C tj@65C soc1@62.781C VDD_IN 17536mW/17552mW VDD_CPU_GPU_CV 8003mW/8382mW VDD_SOC 4190mW/4004mW
08-11-2026 15:46:23 RAM 7368/7607MB (lfb 8x2MB) SWAP 1380/16384MB (cached 223MB) CPU [6%@729,4%@729,0%@729,1%@729,92%@1344,0%@1344] GR3D_FREQ 99% cpu@64.218C soc2@63.062C soc0@63.812C gpu@65.468C tj@65.468C soc1@62.843C VDD_IN 17536mW/17552mW VDD_CPU_GPU_CV 8510mW/8382mW VDD_SOC 4001mW/4004mW
08-11-2026 15:46:24 RAM 7369/7607MB (lfb 8x2MB) SWAP 1380/16384MB (cached 223MB) CPU [2%@729,2%@729,2%@729,1%@729,92%@1344,0%@1344] GR3D_FREQ 99% cpu@64.031C soc2@63.125C soc0@63.781C gpu@65.718C tj@65.718C soc1@62.875C VDD_IN 17615mW/17552mW VDD_CPU_GPU_CV 8549mW/8382mW VDD_SOC 3995mW/4004mW
08-11-2026 15:46:25 RAM 7370/7607MB (lfb 8x2MB) SWAP 1380/16384MB (cached 223MB) CPU [8%@729,5%@729,15%@729,8%@729,94%@729,1%@729] GR3D_FREQ 99% cpu@64.187C soc2@63.218C soc0@63.843C gpu@66C tj@66C soc1@62.968C VDD_IN 18046mW/17552mW VDD_CPU_GPU_CV 8925mW/8383mW VDD_SOC 3995mW/4004mW
08-11-2026 15:46:26 RAM 7371/7607MB (lfb 8x2MB) SWAP 1380/16384MB (cached 223MB) CPU [3%@729,2%@729,1%@729,4%@729,98%@1344,0%@1344] GR3D_FREQ 97% cpu@63.906C soc2@63.25C soc0@63.937C gpu@65.843C tj@65.843C soc1@62.812C VDD_IN 17811mW/17553mW VDD_CPU_GPU_CV 8823mW/8383mW VDD_SOC 3916mW/4004mW
08-11-2026 15:46:27 RAM 7371/7607MB (lfb 8x2MB) SWAP 1380/16384MB (cached 223MB) CPU [4%@729,1%@729,2%@729,3%@729,92%@1344,0%@1344] GR3D_FREQ 97% cpu@64.031C soc2@63.093C soc0@63.968C gpu@65.75C tj@65.75C soc1@62.812C VDD_IN 17772mW/17553mW VDD_CPU_GPU_CV 8744mW/8384mW VDD_SOC 3955mW/4004mW
08-11-2026 15:46:28 RAM 7372/7607MB (lfb 8x2MB) SWAP 1380/16384MB (cached 224MB) CPU [3%@729,3%@729,2%@729,4%@729,93%@1344,0%@1344] GR3D_FREQ 97% cpu@64.187C soc2@63.156C soc0@63.843C gpu@65.843C tj@65.843C soc1@62.906C VDD_IN 17850mW/17553mW VDD_CPU_GPU_CV 8744mW/8384mW VDD_SOC 3955mW/4004mW
08-11-2026 15:46:29 RAM 7373/7607MB (lfb 8x2MB) SWAP 1380/16384MB (cached 224MB) CPU [8%@729,4%@729,2%@729,2%@729,92%@1344,0%@1344] GR3D_FREQ 97% cpu@63.937C soc2@63.218C soc0@63.781C gpu@65.625C tj@65.625C soc1@62.906C VDD_IN 17811mW/17554mW VDD_CPU_GPU_CV 8744mW/8385mW VDD_SOC 3995mW/4004mW
08-11-2026 15:46:30 RAM 7365/7607MB (lfb 8x2MB) SWAP 1380/16384MB (cached 223MB) CPU [17%@729,2%@729,5%@729,9%@729,92%@1344,1%@1344] GR3D_FREQ 97% cpu@64.156C soc2@63.156C soc0@63.875C gpu@65.562C tj@65.562C soc1@62.968C VDD_IN 17889mW/17554mW VDD_CPU_GPU_CV 8784mW/8385mW VDD_SOC 3995mW/4004mW
08-11-2026 15:46:31 RAM 7366/7607MB (lfb 8x2MB) SWAP 1380/16384MB (cached 223MB) CPU [3%@729,1%@729,1%@729,2%@729,92%@1344,1%@1344] GR3D_FREQ 97% cpu@63.906C soc2@63.281C soc0@63.968C gpu@65.625C tj@65.625C soc1@62.843C VDD_IN 17772mW/17554mW VDD_CPU_GPU_CV 8549mW/8386mW VDD_SOC 4034mW/4004mW
08-11-2026 15:46:32 RAM 7366/7607MB (lfb 8x2MB) SWAP 1380/16384MB (cached 223MB) CPU [3%@729,3%@729,1%@729,1%@729,93%@1344,0%@1344] GR3D_FREQ 97% cpu@64C soc2@63.125C soc0@63.75C gpu@65.5C tj@65.5C soc1@62.843C VDD_IN 17654mW/17555mW VDD_CPU_GPU_CV 8393mW/8386mW VDD_SOC 4073mW/4004mW
08-11-2026 15:46:33 RAM 7367/7607MB (lfb 8x2MB) SWAP 1380/16384MB (cached 223MB) CPU [2%@729,4%@729,1%@729,3%@729,91%@1344,3%@1344] GR3D_FREQ 97% cpu@64.093C soc2@63.187C soc0@63.843C gpu@65.437C tj@65.437C soc1@62.875C VDD_IN 17693mW/17555mW VDD_CPU_GPU_CV 8354mW/8386mW VDD_SOC 4112mW/4004mW
08-11-2026 15:46:34 RAM 7367/7607MB (lfb 8x2MB) SWAP 1380/16384MB (cached 223MB) CPU [2%@729,4%@729,1%@729,2%@729,92%@1344,1%@1344] GR3D_FREQ 97% cpu@63.968C soc2@63.156C soc0@63.875C gpu@65.687C tj@65.687C soc1@62.968C VDD_IN 17615mW/17555mW VDD_CPU_GPU_CV 8120mW/8385mW VDD_SOC 4151mW/4004mW
08-11-2026 15:46:35 RAM 7369/7607MB (lfb 8x2MB) SWAP 1380/16384MB (cached 223MB) CPU [5%@729,6%@729,17%@729,12%@729,92%@1344,0%@1344] GR3D_FREQ 97% cpu@64.031C soc2@63.25C soc0@63.937C gpu@65.281C tj@65.281C soc1@62.812C VDD_IN 17811mW/17555mW VDD_CPU_GPU_CV 8198mW/8385mW VDD_SOC 4190mW/4004mW
08-11-2026 15:46:36 RAM 7370/7607MB (lfb 8x2MB) SWAP 1380/16384MB (cached 223MB) CPU [2%@729,2%@729,0%@729,2%@729,92%@1344,0%@1344] GR3D_FREQ 99% cpu@64.218C soc2@63.25C soc0@64C gpu@65.062C tj@65.062C soc1@62.843C VDD_IN 17615mW/17555mW VDD_CPU_GPU_CV 7768mW/8384mW VDD_SOC 4269mW/4005mW
08-11-2026 15:46:37 RAM 7370/7607MB (lfb 8x2MB) SWAP 1380/16384MB (cached 223MB) CPU [3%@729,3%@729,5%@729,2%@729,93%@1344,0%@1344] GR3D_FREQ 99% cpu@64.156C soc2@63.156C soc0@63.906C gpu@65.125C tj@65.125C soc1@62.843C VDD_IN 17536mW/17555mW VDD_CPU_GPU_CV 8237mW/8384mW VDD_SOC 4073mW/4005mW
08-11-2026 15:46:38 RAM 7371/7607MB (lfb 8x2MB) SWAP 1380/16384MB (cached 223MB) CPU [2%@729,0%@729,4%@729,2%@729,92%@1344,0%@1344] GR3D_FREQ 99% cpu@64.125C soc2@63.187C soc0@63.906C gpu@65.5C tj@65.5C soc1@62.843C VDD_IN 17536mW/17555mW VDD_CPU_GPU_CV 8510mW/8384mW VDD_SOC 3955mW/4005mW
08-11-2026 15:46:39 RAM 7371/7607MB (lfb 8x2MB) SWAP 1380/16384MB (cached 223MB) CPU [3%@729,5%@729,2%@729,4%@729,92%@1344,0%@1344] GR3D_FREQ 99% cpu@64C soc2@63.218C soc0@63.875C gpu@65.718C tj@65.718C soc1@62.906C VDD_IN 18007mW/17556mW VDD_CPU_GPU_CV 8784mW/8385mW VDD_SOC 4073mW/4005mW
08-11-2026 15:46:40 RAM 7373/7607MB (lfb 8x2MB) SWAP 1380/16384MB (cached 223MB) CPU [5%@729,4%@729,9%@729,6%@1344,99%@1344,0%@1344] GR3D_FREQ 96% cpu@64.281C soc2@63.281C soc0@63.937C gpu@65.625C tj@65.625C soc1@62.812C VDD_IN 17889mW/17556mW VDD_CPU_GPU_CV 8925mW/8385mW VDD_SOC 3916mW/4005mW
08-11-2026 15:46:41 RAM 7367/7607MB (lfb 8x2MB) SWAP 1382/16384MB (cached 223MB) CPU [5%@729,2%@729,7%@729,9%@729,94%@1344,3%@1344] GR3D_FREQ 97% cpu@64.031C soc2@63.125C soc0@64.062C gpu@65.687C tj@65.687C soc1@62.812C VDD_IN 17850mW/17557mW VDD_CPU_GPU_CV 8823mW/8386mW VDD_SOC 3955mW/4005mW
08-11-2026 15:46:42 RAM 7368/7607MB (lfb 8x2MB) SWAP 1382/16384MB (cached 223MB) CPU [3%@729,5%@729,2%@729,1%@729,92%@1344,0%@1344] GR3D_FREQ 97% cpu@63.968C soc2@63.187C soc0@63.843C gpu@65.75C tj@65.75C soc1@62.875C VDD_IN 17732mW/17557mW VDD_CPU_GPU_CV 8705mW/8386mW VDD_SOC 3955mW/4005mW
08-11-2026 15:46:43 RAM 7368/7607MB (lfb 8x2MB) SWAP 1382/16384MB (cached 223MB) CPU [1%@729,5%@729,2%@729,1%@729,92%@1344,0%@1344] GR3D_FREQ 97% cpu@64.156C soc2@63.125C soc0@63.812C gpu@65.75C tj@65.75C soc1@62.906C VDD_IN 17811mW/17557mW VDD_CPU_GPU_CV 8744mW/8387mW VDD_SOC 3995mW/4004mW
08-11-2026 15:46:44 RAM 7369/7607MB (lfb 8x2MB) SWAP 1382/16384MB (cached 223MB) CPU [7%@729,3%@729,2%@729,2%@729,92%@1344,0%@1344] GR3D_FREQ 97% cpu@63.875C soc2@63.218C soc0@63.875C gpu@65.468C tj@65.468C soc1@62.937C VDD_IN 17732mW/17557mW VDD_CPU_GPU_CV 8588mW/8387mW VDD_SOC 3995mW/4004mW
08-11-2026 15:46:45 RAM 7369/7607MB (lfb 8x2MB) SWAP 1382/16384MB (cached 223MB) CPU [2%@729,6%@729,2%@729,3%@729,93%@1344,0%@1344] GR3D_FREQ 97% cpu@63.937C soc2@63.218C soc0@63.937C gpu@65.5C tj@65.5C soc1@62.875C VDD_IN 17732mW/17558mW VDD_CPU_GPU_CV 8549mW/8387mW VDD_SOC 4034mW/4005mW
08-11-2026 15:46:46 RAM 7372/7607MB (lfb 8x2MB) SWAP 1382/16384MB (cached 223MB) CPU [5%@729,6%@729,20%@729,10%@729,92%@1344,0%@1344] GR3D_FREQ 97% cpu@64.125C soc2@63.187C soc0@63.875C gpu@65.437C tj@65.437C soc1@62.875C VDD_IN 17693mW/17558mW VDD_CPU_GPU_CV 8432mW/8387mW VDD_SOC 4073mW/4005mW
08-11-2026 15:46:47 RAM 7373/7607MB (lfb 8x2MB) SWAP 1382/16384MB (cached 223MB) CPU [1%@729,5%@729,1%@729,2%@729,91%@1344,0%@1344] GR3D_FREQ 97% cpu@64.281C soc2@63.156C soc0@63.937C gpu@65.468C tj@65.468C soc1@62.968C VDD_IN 17732mW/17558mW VDD_CPU_GPU_CV 8315mW/8387mW VDD_SOC 4112mW/4005mW
08-11-2026 15:46:48 RAM 7373/7607MB (lfb 8x2MB) SWAP 1382/16384MB (cached 223MB) CPU [2%@729,1%@729,5%@729,2%@729,92%@1344,0%@1344] GR3D_FREQ 99% cpu@64.156C soc2@63.187C soc0@63.937C gpu@65.375C tj@65.375C soc1@62.906C VDD_IN 17654mW/17558mW VDD_CPU_GPU_CV 8159mW/8387mW VDD_SOC 4151mW/4005mW
08-11-2026 15:46:49 RAM 7374/7607MB (lfb 8x2MB) SWAP 1382/16384MB (cached 223MB) CPU [3%@729,2%@729,3%@729,4%@729,92%@1344,0%@1344] GR3D_FREQ 97% cpu@63.968C soc2@63.187C soc0@63.937C gpu@65.718C tj@65.718C soc1@62.812C VDD_IN 17615mW/17558mW VDD_CPU_GPU_CV 8042mW/8386mW VDD_SOC 4190mW/4005mW
08-11-2026 15:46:50 RAM 7374/7607MB (lfb 8x2MB) SWAP 1382/16384MB (cached 223MB) CPU [3%@729,2%@729,1%@729,4%@729,92%@1344,0%@1344] GR3D_FREQ 98% cpu@64.156C soc2@63.156C soc0@64.031C gpu@65.5C tj@65.5C soc1@62.812C VDD_IN 17575mW/17558mW VDD_CPU_GPU_CV 7768mW/8386mW VDD_SOC 4269mW/4005mW
08-11-2026 15:46:51 RAM 7371/7607MB (lfb 8x2MB) SWAP 1385/16384MB (cached 222MB) CPU [7%@729,9%@729,23%@729,11%@729,92%@1344,4%@1344] GR3D_FREQ 99% cpu@64.5C soc2@63.312C soc0@63.937C gpu@65.281C tj@65.281C soc1@62.875C VDD_IN 17732mW/17558mW VDD_CPU_GPU_CV 8393mW/8386mW VDD_SOC 4112mW/4006mW
08-11-2026 15:46:52 RAM 7371/7607MB (lfb 8x2MB) SWAP 1385/16384MB (cached 222MB) CPU [1%@729,1%@729,1%@729,4%@729,92%@1344,0%@1344] GR3D_FREQ 99% cpu@64.218C soc2@63.156C soc0@63.906C gpu@65.875C tj@65.875C soc1@62.875C VDD_IN 17575mW/17558mW VDD_CPU_GPU_CV 8588mW/8386mW VDD_SOC 3955mW/4006mW
08-11-2026 15:46:53 RAM 7372/7607MB (lfb 8x2MB) SWAP 1385/16384MB (cached 222MB) CPU [1%@729,2%@729,2%@729,4%@729,92%@1344,1%@1344] GR3D_FREQ 99% cpu@64.218C soc2@63.312C soc0@63.968C gpu@66C tj@66C soc1@62.937C VDD_IN 17968mW/17559mW VDD_CPU_GPU_CV 8705mW/8386mW VDD_SOC 4073mW/4006mW
08-11-2026 15:46:54 RAM 7372/7607MB (lfb 8x2MB) SWAP 1385/16384MB (cached 222MB) CPU [52%@1344,3%@1344,2%@1344,2%@1344,47%@729,0%@729] GR3D_FREQ 97% cpu@63.906C soc2@63.343C soc0@64C gpu@65.906C tj@65.593C soc1@62.812C VDD_IN 17732mW/17559mW VDD_CPU_GPU_CV 8784mW/8387mW VDD_SOC 3916mW/4006mW
08-11-2026 15:46:55 RAM 7372/7607MB (lfb 8x2MB) SWAP 1385/16384MB (cached 222MB) CPU [95%@1344,5%@1344,3%@1344,2%@1344,0%@729,0%@729] GR3D_FREQ 97% cpu@64.093C soc2@63.406C soc0@64C gpu@65.656C tj@65.656C soc1@62.875C VDD_IN 17850mW/17559mW VDD_CPU_GPU_CV 8823mW/8387mW VDD_SOC 3955mW/4005mW
08-11-2026 15:46:56 RAM 7375/7607MB (lfb 8x2MB) SWAP 1385/16384MB (cached 222MB) CPU [72%@1344,12%@1344,4%@1344,16%@1344,22%@729,0%@729] GR3D_FREQ 98% cpu@64.156C soc2@63.312C soc0@63.968C gpu@65.593C tj@65.593C soc1@62.906C VDD_IN 17850mW/17560mW VDD_CPU_GPU_CV 8784mW/8388mW VDD_SOC 3955mW/4005mW
08-11-2026 15:46:57 RAM 7375/7607MB (lfb 8x2MB) SWAP 1385/16384MB (cached 222MB) CPU [93%@1344,2%@1344,1%@1344,4%@1344,0%@729,0%@729] GR3D_FREQ 97% cpu@64.062C soc2@63.375C soc0@63.906C gpu@65.75C tj@65.75C soc1@62.875C VDD_IN 17811mW/17560mW VDD_CPU_GPU_CV 8744mW/8388mW VDD_SOC 3995mW/4005mW
08-11-2026 15:46:58 RAM 7375/7607MB (lfb 8x2MB) SWAP 1385/16384MB (cached 222MB) CPU [30%@729,2%@729,5%@729,6%@729,63%@1344,0%@1344] GR3D_FREQ 96% cpu@64.093C soc2@63.187C soc0@63.875C gpu@65.656C tj@65.656C soc1@63.031C VDD_IN 17772mW/17560mW VDD_CPU_GPU_CV 8627mW/8389mW VDD_SOC 3995mW/4005mW
08-11-2026 15:46:59 RAM 7376/7607MB (lfb 8x2MB) SWAP 1385/16384MB (cached 222MB) CPU [2%@729,5%@729,1%@729,3%@729,92%@1344,0%@1344] GR3D_FREQ 97% cpu@63.906C soc2@63.218C soc0@63.937C gpu@66C tj@66C soc1@62.875C VDD_IN 17772mW/17561mW VDD_CPU_GPU_CV 8588mW/8389mW VDD_SOC 4034mW/4005mW
08-11-2026 15:47:00 RAM 7376/7607MB (lfb 8x2MB) SWAP 1385/16384MB (cached 222MB) CPU [2%@729,1%@729,1%@729,5%@729,91%@1344,0%@1344] GR3D_FREQ 99% cpu@63.906C soc2@63.093C soc0@64.062C gpu@65.437C tj@65.437C soc1@62.843C VDD_IN 17732mW/17561mW VDD_CPU_GPU_CV 8393mW/8389mW VDD_SOC 4073mW/4005mW
08-11-2026 15:47:01 RAM 7378/7607MB (lfb 8x2MB) SWAP 1384/16384MB (cached 222MB) CPU [11%@729,18%@729,8%@729,8%@729,86%@1344,0%@1344] GR3D_FREQ 97% cpu@64C soc2@63.156C soc0@63.875C gpu@65.531C tj@65.531C soc1@62.875C VDD_IN 17811mW/17561mW VDD_CPU_GPU_CV 8471mW/8389mW VDD_SOC 4112mW/4006mW
08-11-2026 15:47:02 RAM 7379/7607MB (lfb 8x2MB) SWAP 1384/16384MB (cached 222MB) CPU [6%@729,1%@729,0%@729,2%@729,92%@1344,0%@1344] GR3D_FREQ 98% cpu@64.218C soc2@63.218C soc0@63.906C gpu@65.406C tj@65.406C soc1@63C VDD_IN 17693mW/17561mW VDD_CPU_GPU_CV 8198mW/8389mW VDD_SOC 4151mW/4006mW
08-11-2026 15:47:03 RAM 7379/7607MB (lfb 8x2MB) SWAP 1384/16384MB (cached 222MB) CPU [2%@729,6%@729,2%@729,1%@729,92%@1344,0%@1344] GR3D_FREQ 97% cpu@63.906C soc2@63.218C soc0@63.937C gpu@65.437C tj@65.437C soc1@62.937C VDD_IN 17693mW/17561mW VDD_CPU_GPU_CV 8081mW/8388mW VDD_SOC 4190mW/4006mW
08-11-2026 15:47:04 RAM 7380/7607MB (lfb 8x2MB) SWAP 1384/16384MB (cached 222MB) CPU [5%@729,1%@729,2%@729,3%@729,92%@1344,0%@1344] GR3D_FREQ 99% cpu@64.062C soc2@63.218C soc0@63.937C gpu@65.437C tj@65.437C soc1@62.843C VDD_IN 17536mW/17561mW VDD_CPU_GPU_CV 7808mW/8388mW VDD_SOC 4269mW/4006mW
08-11-2026 15:47:05 RAM 7380/7607MB (lfb 8x2MB) SWAP 1384/16384MB (cached 222MB) CPU [2%@729,3%@729,3%@729,2%@729,92%@1344,0%@1344] GR3D_FREQ 99% cpu@64.375C soc2@63.281C soc0@63.843C gpu@65.187C tj@65.187C soc1@62.812C VDD_IN 17497mW/17561mW VDD_CPU_GPU_CV 8120mW/8387mW VDD_SOC 4151mW/4007mW
08-11-2026 15:47:06 RAM 7376/7607MB (lfb 8x2MB) SWAP 1386/16384MB (cached 221MB) CPU [22%@729,7%@729,9%@729,5%@729,93%@1344,0%@1344] GR3D_FREQ 99% cpu@64.093C soc2@63.156C soc0@63.875C gpu@65.75C tj@65.75C soc1@62.843C VDD_IN 17811mW/17562mW VDD_CPU_GPU_CV 8744mW/8388mW VDD_SOC 3995mW/4006mW
08-11-2026 15:47:07 RAM 7376/7607MB (lfb 8x2MB) SWAP 1386/16384MB (cached 221MB) CPU [2%@729,4%@729,0%@729,4%@729,92%@1344,0%@1344] GR3D_FREQ 99% cpu@64.218C soc2@63.25C soc0@63.875C gpu@65.843C tj@65.843C soc1@62.968C VDD_IN 17811mW/17562mW VDD_CPU_GPU_CV 8705mW/8388mW VDD_SOC 4034mW/4007mW
08-11-2026 15:47:08 RAM 7376/7607MB (lfb 8x2MB) SWAP 1386/16384MB (cached 221MB) CPU [5%@729,2%@729,3%@729,2%@729,96%@1190,0%@1190] GR3D_FREQ 97% cpu@63.906C soc2@63.187C soc0@64C gpu@65.687C tj@65.406C soc1@62.843C VDD_IN 17732mW/17562mW VDD_CPU_GPU_CV 8705mW/8388mW VDD_SOC 3955mW/4006mW
08-11-2026 15:47:09 RAM 7377/7607MB (lfb 8x2MB) SWAP 1386/16384MB (cached 221MB) CPU [1%@729,5%@729,4%@729,1%@729,96%@1344,1%@1344] GR3D_FREQ 97% cpu@64.031C soc2@63.093C soc0@64C gpu@65.593C tj@65.593C soc1@62.812C VDD_IN 17811mW/17562mW VDD_CPU_GPU_CV 8823mW/8389mW VDD_SOC 3955mW/4006mW
08-11-2026 15:47:10 RAM 7377/7607MB (lfb 8x2MB) SWAP 1386/16384MB (cached 221MB) CPU [3%@729,5%@729,1%@729,2%@729,92%@1344,0%@1344] GR3D_FREQ 97% cpu@64.312C soc2@63.125C soc0@63.875C gpu@65.531C tj@65.531C soc1@62.875C VDD_IN 17811mW/17563mW VDD_CPU_GPU_CV 8744mW/8389mW VDD_SOC 3955mW/4006mW
08-11-2026 15:47:11 RAM 7378/7607MB (lfb 8x2MB) SWAP 1386/16384MB (cached 221MB) CPU [4%@729,5%@729,2%@729,11%@729,92%@1344,0%@1344] GR3D_FREQ 97% cpu@64.281C soc2@63.25C soc0@63.843C gpu@65.718C tj@65.718C soc1@62.968C VDD_IN 17968mW/17563mW VDD_CPU_GPU_CV 8862mW/8390mW VDD_SOC 3995mW/4006mW
08-11-2026 15:47:12 RAM 7379/7607MB (lfb 8x2MB) SWAP 1386/16384MB (cached 221MB) CPU [11%@729,2%@729,2%@729,6%@729,92%@1344,0%@1344] GR3D_FREQ 99% cpu@64.218C soc2@63.218C soc0@63.906C gpu@65.531C tj@65.531C soc1@63C VDD_IN 17772mW/17563mW VDD_CPU_GPU_CV 8627mW/8390mW VDD_SOC 3995mW/4006mW
08-11-2026 15:47:13 RAM 7380/7607MB (lfb 8x2MB) SWAP 1386/16384MB (cached 221MB) CPU [2%@729,2%@729,3%@729,5%@729,92%@1344,0%@1344] GR3D_FREQ 97% cpu@63.968C soc2@63.343C soc0@64.062C gpu@65.968C tj@65.968C soc1@62.843C VDD_IN 17772mW/17564mW VDD_CPU_GPU_CV 8588mW/8390mW VDD_SOC 4034mW/4006mW
08-11-2026 15:47:14 RAM 7380/7607MB (lfb 8x2MB) SWAP 1386/16384MB (cached 221MB) CPU [3%@729,2%@729,1%@729,6%@729,92%@1344,0%@1344] GR3D_FREQ 99% cpu@64.093C soc2@63.156C soc0@63.843C gpu@65.875C tj@65.875C soc1@62.843C VDD_IN 17732mW/17564mW VDD_CPU_GPU_CV 8432mW/8391mW VDD_SOC 4034mW/4006mW
08-11-2026 15:47:15 RAM 7381/7607MB (lfb 8x2MB) SWAP 1386/16384MB (cached 221MB) CPU [3%@729,1%@729,2%@729,5%@729,92%@1344,0%@1344] GR3D_FREQ 97% cpu@64.187C soc2@63.25C soc0@63.781C gpu@65.781C tj@65.781C soc1@62.875C VDD_IN 17732mW/17564mW VDD_CPU_GPU_CV 8393mW/8391mW VDD_SOC 4073mW/4006mW
08-11-2026 15:47:16 RAM 7381/7607MB (lfb 8x2MB) SWAP 1386/16384MB (cached 221MB) CPU [2%@729,2%@729,3%@729,5%@729,92%@1344,0%@1344] GR3D_FREQ 98% cpu@64C soc2@63.343C soc0@63.843C gpu@65.781C tj@65.781C soc1@62.968C VDD_IN 17693mW/17564mW VDD_CPU_GPU_CV 8237mW/8390mW VDD_SOC 4112mW/4007mW
08-11-2026 15:47:17 RAM 7375/7607MB (lfb 8x2MB) SWAP 1388/16384MB (cached 220MB) CPU [6%@729,18%@729,8%@729,8%@729,92%@1344,0%@1344] GR3D_FREQ 97% cpu@64.25C soc2@63.218C soc0@63.968C gpu@65.812C tj@65.812C soc1@63C VDD_IN 17772mW/17564mW VDD_CPU_GPU_CV 8237mW/8390mW VDD_SOC 4190mW/4007mW
08-11-2026 15:47:18 RAM 7376/7607MB (lfb 8x2MB) SWAP 1388/16384MB (cached 220MB) CPU [3%@729,5%@729,2%@729,1%@729,93%@1344,0%@1344] GR3D_FREQ 97% cpu@64.093C soc2@63.218C soc0@64C gpu@65.437C tj@65.437C soc1@62.906C VDD_IN 17654mW/17565mW VDD_CPU_GPU_CV 7964mW/8390mW VDD_SOC 4230mW/4007mW
08-11-2026 15:47:19 RAM 7360/7607MB (lfb 8x2MB) SWAP 1408/16384MB (cached 224MB) CPU [18%@729,23%@729,23%@729,9%@729,92%@1344,2%@1344] GR3D_FREQ 99% cpu@64.281C soc2@63.156C soc0@63.875C gpu@65.093C tj@65.093C soc1@62.875C VDD_IN 17811mW/17565mW VDD_CPU_GPU_CV 8198mW/8389mW VDD_SOC 4190mW/4007mW
08-11-2026 15:47:20 RAM 7365/7607MB (lfb 6x2MB) SWAP 1413/16384MB (cached 223MB) CPU [36%@1344,13%@1344,22%@1344,15%@1344,92%@1344,6%@1344] GR3D_FREQ 99% cpu@64.718C soc2@63.5C soc0@63.937C gpu@65.75C tj@65.75C soc1@62.937C VDD_IN 18203mW/17566mW VDD_CPU_GPU_CV 9096mW/8390mW VDD_SOC 3995mW/4007mW
08-11-2026 15:47:21 RAM 7367/7607MB (lfb 6x2MB) SWAP 1412/16384MB (cached 223MB) CPU [9%@729,18%@729,14%@729,12%@729,92%@1344,0%@1344] GR3D_FREQ 99% cpu@64.031C soc2@63.187C soc0@63.968C gpu@65.718C tj@65.718C soc1@63C VDD_IN 18046mW/17566mW VDD_CPU_GPU_CV 8823mW/8391mW VDD_SOC 4034mW/4007mW
08-11-2026 15:47:22 RAM 7360/7607MB (lfb 7x2MB) SWAP 1414/16384MB (cached 222MB) CPU [13%@729,6%@729,7%@729,9%@729,95%@1190,3%@1190] GR3D_FREQ 97% cpu@64.031C soc2@63.281C soc0@64.062C gpu@65.562C tj@65.562C soc1@62.906C VDD_IN 17850mW/17567mW VDD_CPU_GPU_CV 8784mW/8391mW VDD_SOC 3955mW/4007mW
08-11-2026 15:47:23 RAM 7361/7607MB (lfb 7x2MB) SWAP 1414/16384MB (cached 222MB) CPU [3%@729,4%@729,8%@729,2%@729,97%@1344,1%@1344] GR3D_FREQ 97% cpu@63.937C soc2@63.218C soc0@64.062C gpu@66.093C tj@66.093C soc1@62.875C VDD_IN 17889mW/17567mW VDD_CPU_GPU_CV 8901mW/8392mW VDD_SOC 3955mW/4007mW
08-11-2026 15:47:24 RAM 7361/7607MB (lfb 7x2MB) SWAP 1414/16384MB (cached 222MB) CPU [2%@729,2%@729,2%@729,0%@729,92%@1344,2%@1344] GR3D_FREQ 99% cpu@64.062C soc2@63.218C soc0@63.875C gpu@66.062C tj@66.062C soc1@62.843C VDD_IN 17811mW/17567mW VDD_CPU_GPU_CV 8744mW/8392mW VDD_SOC 3955mW/4007mW
08-11-2026 15:47:25 RAM 7362/7607MB (lfb 7x2MB) SWAP 1414/16384MB (cached 222MB) CPU [2%@729,2%@729,2%@729,4%@729,93%@1344,0%@1344] GR3D_FREQ 97% cpu@64.218C soc2@63.187C soc0@63.937C gpu@65.531C tj@65.531C soc1@62.906C VDD_IN 17850mW/17568mW VDD_CPU_GPU_CV 8784mW/8393mW VDD_SOC 3955mW/4007mW
08-11-2026 15:47:26 RAM 7362/7607MB (lfb 7x2MB) SWAP 1414/16384MB (cached 222MB) CPU [3%@729,1%@729,8%@729,3%@729,91%@1344,0%@1344] GR3D_FREQ 98% cpu@63.906C soc2@63.187C soc0@63.937C gpu@65.531C tj@65.531C soc1@63.062C VDD_IN 17811mW/17568mW VDD_CPU_GPU_CV 8705mW/8393mW VDD_SOC 3995mW/4007mW
08-11-2026 15:47:27 RAM 7364/7607MB (lfb 7x2MB) SWAP 1414/16384MB (cached 222MB) CPU [10%@729,4%@729,18%@729,3%@729,92%@1344,0%@1344] GR3D_FREQ 97% cpu@63.968C soc2@63.187C soc0@64C gpu@65.562C tj@65.562C soc1@62.843C VDD_IN 17889mW/17568mW VDD_CPU_GPU_CV 8705mW/8393mW VDD_SOC 4034mW/4007mW
08-11-2026 15:47:28 RAM 7364/7607MB (lfb 7x2MB) SWAP 1414/16384MB (cached 222MB) CPU [62%@1344,3%@1344,2%@1344,3%@1344,33%@729,0%@729] GR3D_FREQ 97% cpu@64.031C soc2@63.343C soc0@64.031C gpu@65.562C tj@65.562C soc1@62.906C VDD_IN 17772mW/17568mW VDD_CPU_GPU_CV 8510mW/8394mW VDD_SOC 4034mW/4007mW
08-11-2026 15:47:29 RAM 7364/7607MB (lfb 7x2MB) SWAP 1414/16384MB (cached 222MB) CPU [91%@1344,3%@1344,2%@1344,2%@1344,0%@729,0%@729] GR3D_FREQ 97% cpu@64.093C soc2@63.375C soc0@63.875C gpu@65.625C tj@65.625C soc1@62.843C VDD_IN 17732mW/17569mW VDD_CPU_GPU_CV 8432mW/8394mW VDD_SOC 4073mW/4007mW
08-11-2026 15:47:30 RAM 7365/7607MB (lfb 7x2MB) SWAP 1414/16384MB (cached 222MB) CPU [92%@1344,4%@1344,0%@1344,3%@1344,0%@729,0%@729] GR3D_FREQ 97% cpu@64.343C soc2@63.375C soc0@63.968C gpu@65.75C tj@65.75C soc1@62.937C VDD_IN 17732mW/17569mW VDD_CPU_GPU_CV 8315mW/8394mW VDD_SOC 4112mW/4007mW
08-11-2026 15:47:31 RAM 7366/7607MB (lfb 7x2MB) SWAP 1414/16384MB (cached 222MB) CPU [92%@1344,2%@1344,3%@1344,3%@1344,0%@729,0%@729] GR3D_FREQ 97% cpu@64.031C soc2@63.218C soc0@63.906C gpu@65.593C tj@65.593C soc1@62.968C VDD_IN 17693mW/17569mW VDD_CPU_GPU_CV 8159mW/8393mW VDD_SOC 4151mW/4007mW
08-11-2026 15:47:32 RAM 7368/7607MB (lfb 7x2MB) SWAP 1414/16384MB (cached 222MB) CPU [42%@729,24%@729,24%@729,33%@729,63%@1344,30%@1344] GR3D_FREQ 97% cpu@64.375C soc2@63.406C soc0@63.937C gpu@65.593C tj@65.593C soc1@63.093C VDD_IN 18408mW/17570mW VDD_CPU_GPU_CV 8535mW/8393mW VDD_SOC 4308mW/4008mW
08-11-2026 15:47:33 RAM 7368/7607MB (lfb 7x2MB) SWAP 1414/16384MB (cached 222MB) CPU [1%@729,2%@729,2%@729,1%@729,3%@1344,92%@1344] GR3D_FREQ 99% cpu@64.375C soc2@63.281C soc0@64.093C gpu@65.187C tj@65.187C soc1@62.875C VDD_IN 17575mW/17570mW VDD_CPU_GPU_CV 7964mW/8393mW VDD_SOC 4230mW/4008mW
08-11-2026 15:47:34 RAM 7368/7607MB (lfb 7x2MB) SWAP 1414/16384MB (cached 222MB) CPU [2%@729,1%@729,3%@729,3%@729,0%@1344,93%@1344] GR3D_FREQ 99% cpu@64.125C soc2@63.187C soc0@63.906C gpu@65.687C tj@65.375C soc1@62.875C VDD_IN 17575mW/17570mW VDD_CPU_GPU_CV 8432mW/8393mW VDD_SOC 3995mW/4008mW
08-11-2026 15:47:35 RAM 7369/7607MB (lfb 7x2MB) SWAP 1414/16384MB (cached 222MB) CPU [3%@729,6%@729,2%@729,1%@729,0%@1344,92%@1344] GR3D_FREQ 99% cpu@64.093C soc2@63.25C soc0@63.875C gpu@65.531C tj@65.531C soc1@62.906C VDD_IN 17615mW/17570mW VDD_CPU_GPU_CV 8549mW/8393mW VDD_SOC 3995mW/4008mW
08-11-2026 15:47:36 RAM 7369/7607MB (lfb 7x2MB) SWAP 1414/16384MB (cached 222MB) CPU [2%@729,8%@729,1%@729,0%@729,0%@729,93%@729] GR3D_FREQ 99% cpu@63.875C soc2@63.218C soc0@63.968C gpu@65.75C tj@65.75C soc1@62.937C VDD_IN 17929mW/17570mW VDD_CPU_GPU_CV 8901mW/8394mW VDD_SOC 3955mW/4008mW
08-11-2026 15:47:37 RAM 7370/7607MB (lfb 7x2MB) SWAP 1414/16384MB (cached 222MB) CPU [2%@729,9%@729,7%@729,6%@729,0%@1344,98%@1344] GR3D_FREQ 97% cpu@64.031C soc2@63.281C soc0@63.937C gpu@65.593C tj@65.593C soc1@62.843C VDD_IN 18007mW/17571mW VDD_CPU_GPU_CV 8964mW/8394mW VDD_SOC 3955mW/4008mW
08-11-2026 15:47:38 RAM 7364/7607MB (lfb 7x2MB) SWAP 1418/16384MB (cached 223MB) CPU [7%@729,10%@729,9%@729,1%@729,88%@1344,3%@1344] GR3D_FREQ 97% cpu@64C soc2@63.093C soc0@63.937C gpu@65.531C tj@65.531C soc1@62.843C VDD_IN 17850mW/17571mW VDD_CPU_GPU_CV 8808mW/8395mW VDD_SOC 3955mW/4008mW
08-11-2026 15:47:39 RAM 7369/7607MB (lfb 7x2MB) SWAP 1418/16384MB (cached 224MB) CPU [5%@729,0%@729,2%@729,6%@729,91%@1344,0%@1344] GR3D_FREQ 97% cpu@64C soc2@63.187C soc0@63.843C gpu@65.562C tj@65.562C soc1@62.906C VDD_IN 17850mW/17572mW VDD_CPU_GPU_CV 8784mW/8395mW VDD_SOC 3955mW/4008mW
08-11-2026 15:47:40 RAM 7369/7607MB (lfb 7x2MB) SWAP 1418/16384MB (cached 224MB) CPU [5%@729,2%@729,4%@729,3%@729,92%@1344,0%@1344] GR3D_FREQ 97% cpu@64.125C soc2@63.156C soc0@63.937C gpu@65.812C tj@65.812C soc1@62.968C VDD_IN 17811mW/17572mW VDD_CPU_GPU_CV 8666mW/8396mW VDD_SOC 3995mW/4008mW
08-11-2026 15:47:41 RAM 7370/7607MB (lfb 7x2MB) SWAP 1418/16384MB (cached 224MB) CPU [2%@729,2%@729,5%@729,1%@729,92%@1344,0%@1344] GR3D_FREQ 97% cpu@63.906C soc2@63.281C soc0@63.906C gpu@65.906C tj@65.906C soc1@62.906C VDD_IN 17811mW/17572mW VDD_CPU_GPU_CV 8666mW/8396mW VDD_SOC 4034mW/4008mW
08-11-2026 15:47:42 RAM 7371/7607MB (lfb 7x2MB) SWAP 1418/16384MB (cached 224MB) CPU [2%@729,1%@729,5%@729,0%@729,92%@1344,0%@1344] GR3D_FREQ 97% cpu@64.031C soc2@63.187C soc0@63.968C gpu@65.843C tj@65.843C soc1@62.812C VDD_IN 17772mW/17572mW VDD_CPU_GPU_CV 8549mW/8396mW VDD_SOC 4034mW/4008mW
08-11-2026 15:47:43 RAM 7373/7607MB (lfb 7x2MB) SWAP 1418/16384MB (cached 224MB) CPU [10%@729,9%@729,10%@729,5%@729,92%@1344,0%@1344] GR3D_FREQ 97% cpu@64.062C soc2@63.187C soc0@63.875C gpu@65.812C tj@65.812C soc1@62.875C VDD_IN 17811mW/17573mW VDD_CPU_GPU_CV 8471mW/8396mW VDD_SOC 4073mW/4008mW
08-11-2026 15:47:44 RAM 7373/7607MB (lfb 7x2MB) SWAP 1418/16384MB (cached 224MB) CPU [3%@729,2%@729,2%@729,5%@729,92%@1344,0%@1344] GR3D_FREQ 97% cpu@64.25C soc2@63.218C soc0@63.812C gpu@65.843C tj@65.843C soc1@62.843C VDD_IN 17732mW/17573mW VDD_CPU_GPU_CV 8276mW/8396mW VDD_SOC 4112mW/4008mW
08-11-2026 15:47:45 RAM 7374/7607MB (lfb 7x2MB) SWAP 1418/16384MB (cached 224MB) CPU [2%@729,1%@729,2%@729,5%@729,92%@1344,0%@1344] GR3D_FREQ 97% cpu@64.093C soc2@63.187C soc0@63.937C gpu@65.562C tj@65.562C soc1@62.937C VDD_IN 17732mW/17573mW VDD_CPU_GPU_CV 8198mW/8396mW VDD_SOC 4151mW/4008mW
08-11-2026 15:47:46 RAM 7375/7607MB (lfb 7x2MB) SWAP 1418/16384MB (cached 224MB) CPU [6%@729,5%@729,2%@729,1%@729,92%@1344,0%@1344] GR3D_FREQ 97% cpu@63.968C soc2@63.156C soc0@63.968C gpu@65.468C tj@65.468C soc1@63.062C VDD_IN 17654mW/17573mW VDD_CPU_GPU_CV 8003mW/8395mW VDD_SOC 4230mW/4008mW
08-11-2026 15:47:47 RAM 7375/7607MB (lfb 7x2MB) SWAP 1418/16384MB (cached 224MB) CPU [76%@1344,4%@1344,3%@1344,2%@1344,17%@729,0%@729] GR3D_FREQ 99% cpu@64.156C soc2@63.468C soc0@64.062C gpu@65.093C tj@65.093C soc1@62.906C VDD_IN 17615mW/17573mW VDD_CPU_GPU_CV 7847mW/8395mW VDD_SOC 4269mW/4009mW
08-11-2026 15:47:48 RAM 7372/7607MB (lfb 6x2MB) SWAP 1429/16384MB (cached 223MB) CPU [35%@729,2%@729,11%@729,14%@729,54%@1344,9%@1344] GR3D_FREQ 0% cpu@64C soc2@63.093C soc0@63.906C gpu@64.531C tj@64.531C soc1@62.937C VDD_IN 16216mW/17572mW VDD_CPU_GPU_CV 7559mW/8394mW VDD_SOC 3772mW/4008mW
08-11-2026 15:47:49 RAM 7068/7607MB (lfb 2x4MB) SWAP 1415/16384MB (cached 226MB) CPU [15%@1113,13%@1113,5%@1113,22%@1113,50%@729,5%@729] GR3D_FREQ 0% cpu@63.312C soc2@62.343C soc0@63.593C gpu@63.125C tj@63.593C soc1@62.75C VDD_IN 7842mW/17560mW VDD_CPU_GPU_CV 2265mW/8387mW VDD_SOC 2066mW/4006mW
08-11-2026 15:47:50 RAM 7100/7607MB (lfb 2x4MB) SWAP 1369/16384MB (cached 230MB) CPU [8%@1344,10%@1344,31%@1344,3%@1344,0%@729,0%@729] GR3D_FREQ 0% cpu@62.906C soc2@61.875C soc0@63.218C gpu@62.468C tj@63.218C soc1@62.656C VDD_IN 5741mW/17547mW VDD_CPU_GPU_CV 955mW/8378mW VDD_SOC 1555mW/4003mW
08-11-2026 15:47:51 RAM 4698/7607MB (lfb 13x4MB) SWAP 1163/16384MB (cached 165MB) CPU [9%@729,17%@729,17%@729,2%@729,39%@1344,0%@1344] GR3D_FREQ 0% cpu@62.25C soc2@61.562C soc0@63.062C gpu@61.968C tj@63.062C soc1@62.437C VDD_IN 5821mW/17533mW VDD_CPU_GPU_CV 1035mW/8370mW VDD_SOC 1555mW/4001mW
