timestamp,ram_used_mb,ram_total_mb,swap_used_mb,swap_total_mb,cpu_mean_pct,gr3d_pct,power_total_mW,power_total_source,power_sum_rails_mW,VDD_CPU_GPU_CV_avg_mW,VDD_CPU_GPU_CV_mW,VDD_IN_avg_mW,VDD_IN_mW,VDD_SOC_avg_mW,VDD_SOC_mW,cpu0_pct,cpu1_pct,cpu2_pct,cpu3_pct,cpu4_pct,cpu5_pct,temp_cpu_C,temp_gpu_C,temp_soc0_C,temp_soc1_C,temp_soc2_C,temp_tj_C
08-11-2026 21:50:25,1908,7607,1498,16384,1.6666666666666667,0.0,5144,VDD_IN,7191,601,601,5144,5144,1446,1446,1.0,2.0,4.0,3.0,0.0,0.0,56.281,56.406,57.062,56.687,55.437,57.062
08-11-2026 21:50:26,2149,7607,1498,16384,21.166666666666668,13.0,5920,VDD_IN,8595,880,1158,5532,5920,1482,1517,11.0,11.0,26.0,9.0,63.0,7.0,56.531,56.312,56.843,56.656,55.281,56.843
08-11-2026 21:50:27,2949,7607,1498,16384,46.833333333333336,0.0,6669,VDD_IN,9980,1171,1754,5911,6669,1507,1557,40.0,45.0,37.0,43.0,67.0,49.0,56.687,55.906,56.75,56.531,55.406,56.781
08-11-2026 21:50:28,3741,7607,1498,16384,46.5,0.0,6749,VDD_IN,10017,1287,1634,6121,6749,1539,1634,70.0,41.0,43.0,40.0,41.0,44.0,56.593,55.968,56.781,56.5,55.343,56.781
08-11-2026 21:50:29,5063,7607,1498,16384,21.166666666666668,97.0,10951,VDD_IN,17760,1971,4706,7087,10951,1651,2103,22.0,10.0,9.0,9.0,74.0,3.0,56.531,57.562,56.781,56.312,55.562,57.562
08-11-2026 21:50:30,5986,7607,1495,16384,18.5,0.0,10651,VDD_IN,17230,2342,4199,7681,10651,1773,2380,13.0,14.0,1.0,2.0,59.0,22.0,56.781,56.593,56.781,56.375,55.781,56.781
08-11-2026 21:50:31,6083,7607,1495,16384,13.5,98.0,15454,VDD_IN,26153,3057,7348,8791,15454,1998,3351,7.0,1.0,5.0,3.0,5.0,60.0,57.343,58.312,56.875,56.468,56.125,58.312
08-11-2026 21:50:32,6084,7607,1495,16384,11.333333333333334,98.0,16846,VDD_IN,28608,3659,7872,9798,16846,2235,3890,4.0,2.0,2.0,1.0,1.0,58.0,57.406,58.5,57.156,56.75,56.375,58.5
08-11-2026 21:50:33,6084,7607,1495,16384,11.166666666666666,98.0,16728,VDD_IN,28217,4084,7481,10568,16728,2432,4008,2.0,2.0,2.0,2.0,0.0,59.0,57.906,58.562,57.437,56.843,56.562,58.562
08-11-2026 21:50:34,6092,7607,1495,16384,16.0,99.0,16688,VDD_IN,27981,4392,7167,11180,16688,2601,4126,5.0,16.0,11.0,5.0,0.0,59.0,57.937,58.437,57.562,56.781,56.843,58.437
08-11-2026 21:50:35,6093,7607,1495,16384,12.833333333333334,50.0,16295,VDD_IN,27684,4677,7532,11645,16295,2715,3857,3.0,3.0,4.0,4.0,0.0,63.0,57.718,58.656,57.75,56.875,56.781,58.656
08-11-2026 21:50:36,6093,7607,1495,16384,12.833333333333334,98.0,17565,VDD_IN,30051,4995,8485,12138,17565,2822,4001,2.0,4.0,1.0,0.0,1.0,69.0,58.25,59.093,57.75,56.937,57.0,59.093
08-11-2026 21:50:37,6094,7607,1495,16384,12.5,98.0,17408,VDD_IN,29822,5266,8524,12544,17408,2905,3890,3.0,2.0,3.0,2.0,0.0,65.0,58.031,59.5,57.812,57.093,57.093,59.5
08-11-2026 21:50:38,6095,7607,1495,16384,11.0,98.0,17290,VDD_IN,29548,5488,8368,12883,17290,2975,3890,3.0,3.0,0.0,1.0,0.0,59.0,58.531,59.593,57.875,57.218,57.187,59.593
08-11-2026 21:50:39,6095,7607,1495,16384,11.833333333333334,98.0,17172,VDD_IN,29287,5668,8186,13169,17172,3039,3929,3.0,3.0,6.0,1.0,0.0,58.0,58.218,59.562,58.062,57.093,57.312,59.562
08-11-2026 21:50:40,6098,7607,1495,16384,15.666666666666666,98.0,17160,VDD_IN,29197,5815,8029,13418,17160,3099,4008,3.0,4.0,10.0,17.0,0.0,60.0,58.406,59.781,58.062,57.25,57.281,59.781
08-11-2026 21:50:41,6099,7607,1495,16384,12.5,98.0,16885,VDD_IN,28491,5918,7559,13622,16885,3155,4047,7.0,4.0,2.0,2.0,1.0,59.0,58.687,59.75,58.062,57.375,57.343,59.75
08-11-2026 21:50:42,6100,7607,1495,16384,10.5,99.0,16373,VDD_IN,27509,5983,7089,13775,16373,3204,4047,6.0,1.0,0.0,0.0,0.0,56.0,58.593,59.281,58.25,57.468,57.468,59.281
08-11-2026 21:50:43,6100,7607,1495,16384,12.833333333333334,99.0,16609,VDD_IN,28215,6076,7755,13924,16609,3239,3851,2.0,5.0,3.0,3.0,0.0,64.0,58.343,59.468,58.375,57.437,57.531,59.468
08-11-2026 21:50:44,6100,7607,1495,16384,13.166666666666666,98.0,17565,VDD_IN,30169,6206,8681,14106,17565,3273,3923,2.0,2.0,4.0,2.0,0.0,69.0,58.437,60.093,58.25,57.468,57.625,60.093
08-11-2026 21:50:45,6101,7607,1494,16384,13.666666666666666,98.0,17447,VDD_IN,29893,6319,8563,14265,17447,3302,3883,6.0,6.0,3.0,3.0,1.0,63.0,58.843,59.906,58.375,57.531,57.75,59.906
08-11-2026 21:50:46,6103,7607,1494,16384,14.166666666666666,98.0,17329,VDD_IN,29626,6412,8368,14404,17329,3330,3929,9.0,5.0,5.0,7.0,0.0,59.0,59.0,60.281,58.468,57.75,57.687,60.281
08-11-2026 21:50:47,6104,7607,1494,16384,11.166666666666666,98.0,17200,VDD_IN,29262,6487,8133,14526,17200,3356,3929,1.0,3.0,3.0,1.0,1.0,58.0,58.718,60.437,58.625,57.75,57.781,60.437
08-11-2026 21:50:48,6104,7607,1494,16384,11.333333333333334,98.0,17003,VDD_IN,28844,6543,7833,14629,17003,3383,4008,2.0,2.0,4.0,1.0,0.0,59.0,58.968,60.375,58.718,57.75,57.781,60.375
08-11-2026 21:50:49,6105,7607,1494,16384,12.0,98.0,16767,VDD_IN,28255,6577,7402,14715,16767,3412,4086,4.0,2.0,4.0,2.0,1.0,59.0,59.187,60.343,58.562,57.718,57.875,60.343
08-11-2026 21:50:50,6105,7607,1494,16384,10.833333333333334,94.0,16216,VDD_IN,27515,6607,7363,14772,16216,3432,3936,2.0,2.0,0.0,2.0,3.0,56.0,58.875,59.656,58.781,57.812,57.937,59.656
08-11-2026 21:50:51,6109,7607,1494,16384,17.666666666666668,99.0,17003,VDD_IN,29000,6663,8107,14855,17003,3449,3890,10.0,7.0,5.0,16.0,0.0,68.0,59.093,59.875,58.875,57.968,58.031,59.875
08-11-2026 21:50:52,6109,7607,1494,16384,13.833333333333334,97.0,17408,VDD_IN,29854,6731,8563,14946,17408,3464,3883,1.0,4.0,5.0,3.0,0.0,70.0,58.843,60.281,58.937,57.843,58.156,60.281
08-11-2026 21:50:53,6109,7607,1494,16384,11.5,97.0,17329,VDD_IN,29626,6789,8407,15028,17329,3479,3890,2.0,2.0,4.0,3.0,0.0,58.0,59.031,60.281,58.75,57.968,58.156,60.281
08-11-2026 21:50:54,6110,7607,1494,16384,11.333333333333334,94.0,17290,VDD_IN,29509,6839,8290,15104,17290,3494,3929,3.0,2.0,2.0,2.0,0.0,59.0,59.312,60.531,58.906,58.125,58.25,60.531
08-11-2026 21:50:55,6110,7607,1494,16384,11.166666666666666,98.0,17172,VDD_IN,29234,6879,8094,15171,17172,3509,3968,2.0,2.0,3.0,1.0,0.0,59.0,59.187,60.312,59.031,58.187,58.25,60.312
08-11-2026 21:50:56,6111,7607,1494,16384,11.833333333333334,98.0,16964,VDD_IN,28727,6906,7755,15227,16964,3525,4008,3.0,2.0,4.0,2.0,0.0,60.0,59.343,60.343,59.031,58.375,58.281,60.343
08-11-2026 21:50:57,6114,7607,1493,16384,16.166666666666668,98.0,16767,VDD_IN,28216,6920,7363,15273,16767,3542,4086,10.0,4.0,5.0,14.0,5.0,59.0,59.375,60.406,59.25,58.187,58.5,60.406
08-11-2026 21:50:58,6114,7607,1493,16384,10.833333333333334,99.0,16216,VDD_IN,27548,6937,7481,15301,16216,3551,3851,5.0,2.0,2.0,1.0,0.0,55.0,59.25,60.375,59.343,58.281,58.343,60.375
08-11-2026 21:50:59,6114,7607,1493,16384,13.0,99.0,17211,VDD_IN,29351,6972,8172,15356,17211,3563,3968,3.0,1.0,3.0,2.0,1.0,68.0,59.281,60.687,59.281,58.406,58.343,60.687
08-11-2026 21:51:00,6114,7607,1493,16384,13.166666666666666,98.0,17526,VDD_IN,30050,7018,8641,15416,17526,3572,3883,4.0,2.0,1.0,2.0,0.0,70.0,59.843,60.937,59.281,58.468,58.562,60.937
08-11-2026 21:51:01,6115,7607,1493,16384,11.166666666666666,98.0,17368,VDD_IN,29665,7056,8407,15469,17368,3580,3890,2.0,3.0,2.0,2.0,1.0,57.0,59.437,60.968,59.437,58.437,58.625,60.968
08-11-2026 21:51:02,6118,7607,1493,16384,15.833333333333334,93.0,17447,VDD_IN,29783,7092,8407,15521,17447,3590,3929,13.0,4.0,6.0,13.0,0.0,59.0,59.656,60.968,59.531,58.5,58.75,60.968
08-11-2026 21:51:03,6118,7607,1493,16384,12.166666666666666,92.0,17200,VDD_IN,29223,7116,8055,15564,17200,3599,3968,2.0,2.0,2.0,1.0,7.0,59.0,59.656,61.062,59.406,58.531,58.75,61.062
08-11-2026 21:51:04,6119,7607,1493,16384,11.666666666666666,98.0,16964,VDD_IN,28766,7132,7755,15599,16964,3610,4047,2.0,2.0,4.0,2.0,0.0,60.0,59.843,60.906,59.531,58.656,58.75,60.906
08-11-2026 21:51:05,6120,7607,1493,16384,11.833333333333334,98.0,16688,VDD_IN,28060,7135,7246,15625,16688,3623,4126,3.0,2.0,4.0,3.0,0.0,59.0,60.25,60.812,59.656,58.843,58.781,60.812
08-11-2026 21:51:06,6120,7607,1493,16384,11.166666666666666,99.0,16334,VDD_IN,27744,7145,7559,15642,16334,3628,3851,3.0,1.0,5.0,0.0,0.0,58.0,59.625,60.906,59.687,58.593,58.781,60.906
08-11-2026 21:51:07,6120,7607,1493,16384,13.5,99.0,17408,VDD_IN,29699,7172,8290,15683,17408,3637,4001,6.0,2.0,2.0,2.0,0.0,69.0,59.75,61.187,59.781,58.812,59.0,61.375
08-11-2026 21:51:08,6121,7607,1493,16384,16.833333333333332,98.0,17604,VDD_IN,30168,7206,8681,15727,17604,3643,3883,2.0,6.0,8.0,16.0,0.0,69.0,60.281,61.531,59.687,58.843,59.0,61.531
08-11-2026 21:51:09,6122,7607,1493,16384,11.0,98.0,17447,VDD_IN,29815,7234,8485,15765,17447,3648,3883,4.0,1.0,2.0,2.0,0.0,57.0,60.031,61.531,59.781,58.937,59.031,61.531
08-11-2026 21:51:10,6122,7607,1493,16384,12.0,98.0,17329,VDD_IN,29548,7257,8290,15799,17329,3654,3929,4.0,5.0,3.0,2.0,0.0,58.0,60.062,61.593,59.968,58.906,59.093,61.593
08-11-2026 21:51:11,6123,7607,1493,16384,10.666666666666666,98.0,17121,VDD_IN,29105,7273,8016,15827,17121,3661,3968,4.0,1.0,2.0,1.0,0.0,56.0,59.937,61.5,59.843,58.906,59.093,61.5
08-11-2026 21:51:13,6122,7607,1493,16384,12.166666666666666,96.0,16885,VDD_IN,28530,7280,7598,15849,16885,3669,4047,4.0,2.0,5.0,2.0,0.0,60.0,60.125,61.156,59.906,58.968,59.156,61.156
08-11-2026 21:51:14,6125,7607,1492,16384,16.5,99.0,16846,VDD_IN,28296,7280,7285,15870,16846,3679,4165,7.0,12.0,6.0,8.0,8.0,58.0,60.718,61.093,59.937,59.093,59.25,61.093
08-11-2026 21:51:15,6125,7607,1492,16384,12.333333333333334,53.0,16373,VDD_IN,27783,7286,7559,15880,16373,3682,3851,3.0,4.0,4.0,2.0,0.0,61.0,60.031,61.093,60.031,59.281,59.25,61.093
08-11-2026 21:51:16,6125,7607,1492,16384,13.5,98.0,17683,VDD_IN,30247,7310,8524,15915,17683,3689,4040,3.0,3.0,3.0,3.0,0.0,69.0,60.375,61.656,60.187,59.062,59.531,61.656
08-11-2026 21:51:17,6126,7607,1492,16384,12.333333333333334,98.0,17526,VDD_IN,30011,7335,8602,15946,17526,3693,3883,2.0,1.0,4.0,2.0,0.0,65.0,60.437,61.75,60.0,59.156,59.312,61.937
08-11-2026 21:51:18,6127,7607,1492,16384,11.333333333333334,98.0,17408,VDD_IN,29816,7357,8485,15974,17408,3697,3923,2.0,2.0,2.0,2.0,1.0,59.0,60.468,61.968,60.156,59.218,59.437,61.968
08-11-2026 21:51:19,6127,7607,1492,16384,11.5,98.0,17368,VDD_IN,29620,7374,8290,15999,17368,3702,3962,3.0,1.0,2.0,3.0,1.0,59.0,60.656,62.093,60.187,59.375,59.468,62.093
08-11-2026 21:51:20,6125,7607,1492,16384,15.666666666666666,98.0,17250,VDD_IN,29352,7387,8094,16022,17250,3708,4008,9.0,13.0,4.0,10.0,0.0,58.0,60.406,61.593,60.187,59.437,59.593,61.593
08-11-2026 21:51:21,6125,7607,1492,16384,11.0,98.0,16964,VDD_IN,28648,7392,7637,16039,16964,3714,4047,1.0,2.0,4.0,1.0,0.0,58.0,60.437,61.593,60.343,59.281,59.437,61.593
08-11-2026 21:51:22,6125,7607,1492,16384,11.333333333333334,99.0,16531,VDD_IN,27707,7386,7050,16048,16531,3721,4126,3.0,2.0,4.0,1.0,0.0,58.0,60.906,61.156,60.25,59.343,59.625,61.156
08-11-2026 21:51:23,6126,7607,1492,16384,12.166666666666666,99.0,16452,VDD_IN,27940,7390,7637,16055,16452,3723,3851,4.0,1.0,3.0,2.0,0.0,63.0,60.468,61.218,60.312,59.468,59.5,61.218
08-11-2026 21:51:24,6126,7607,1492,16384,14.166666666666666,99.0,17801,VDD_IN,30483,7412,8681,16084,17801,3728,4001,8.0,4.0,2.0,1.0,0.0,70.0,60.843,61.968,60.375,59.531,59.75,61.968
08-11-2026 21:51:25,6126,7607,1492,16384,14.0,98.0,17643,VDD_IN,30207,7432,8641,16110,17643,3731,3923,5.0,6.0,3.0,5.0,1.0,64.0,60.625,61.937,60.593,59.343,59.687,61.937
08-11-2026 21:51:26,6127,7607,1492,16384,13.833333333333334,98.0,17447,VDD_IN,29777,7448,8407,16132,17447,3735,3923,4.0,6.0,4.0,10.0,0.0,59.0,60.625,61.875,60.406,59.437,59.656,61.875
08-11-2026 21:51:27,6128,7607,1491,16384,11.5,98.0,17250,VDD_IN,29390,7460,8172,16150,17250,3738,3968,4.0,2.0,2.0,1.0,2.0,58.0,60.781,61.75,60.437,59.5,59.656,61.75
08-11-2026 21:51:28,6128,7607,1491,16384,11.166666666666666,98.0,17093,VDD_IN,29012,7467,7911,16165,17093,3743,4008,3.0,1.0,2.0,3.0,0.0,58.0,60.562,61.843,60.5,59.531,59.718,61.843
08-11-2026 21:51:29,6129,7607,1491,16384,11.5,98.0,16885,VDD_IN,28452,7467,7481,16176,16885,3748,4086,3.0,3.0,1.0,3.0,0.0,59.0,60.812,61.843,60.562,59.718,59.812,61.843
08-11-2026 21:51:30,6129,7607,1491,16384,10.5,99.0,16373,VDD_IN,27587,7464,7246,16179,16373,3751,3968,2.0,4.0,2.0,0.0,0.0,55.0,60.875,61.531,60.687,59.5,59.718,61.531
08-11-2026 21:51:31,6131,7607,1491,16384,17.333333333333332,99.0,16767,VDD_IN,28608,7471,7951,16188,16767,3753,3890,9.0,17.0,9.0,3.0,0.0,66.0,60.718,61.687,60.531,59.625,59.843,61.687
08-11-2026 21:51:32,6132,7607,1491,16384,13.333333333333334,97.0,17408,VDD_IN,29737,7486,8446,16206,17408,3755,3883,2.0,4.0,2.0,2.0,0.0,70.0,60.968,62.093,60.562,59.656,59.906,62.093
08-11-2026 21:51:33,6132,7607,1491,16384,11.666666666666666,91.0,17408,VDD_IN,29698,7499,8407,16224,17408,3757,3883,2.0,2.0,1.0,2.0,3.0,60.0,61.25,62.187,60.593,59.625,59.906,62.187
08-11-2026 21:51:34,6132,7607,1491,16384,12.166666666666666,97.0,17368,VDD_IN,29620,7511,8329,16241,17368,3760,3923,5.0,3.0,2.0,1.0,3.0,59.0,60.812,62.187,60.656,59.812,59.968,62.187
08-11-2026 21:51:35,6133,7607,1491,16384,11.666666666666666,98.0,17172,VDD_IN,29234,7520,8094,16254,17172,3763,3968,2.0,6.0,1.0,1.0,0.0,60.0,60.875,62.062,60.656,59.718,59.875,62.062
08-11-2026 21:51:36,6134,7607,1491,16384,12.333333333333334,98.0,17003,VDD_IN,28805,7523,7755,16265,17003,3767,4047,3.0,1.0,3.0,4.0,2.0,61.0,61.25,62.281,60.687,59.875,59.843,62.281
08-11-2026 21:51:37,6137,7607,1491,16384,15.666666666666666,98.0,16846,VDD_IN,28374,7521,7402,16273,16846,3772,4126,6.0,14.0,12.0,4.0,0.0,58.0,61.0,62.218,60.843,59.968,60.031,62.218
08-11-2026 21:51:38,6137,7607,1491,16384,11.0,99.0,16334,VDD_IN,27744,7521,7520,16273,16334,3773,3890,4.0,2.0,0.0,3.0,0.0,57.0,61.0,61.843,60.812,59.812,60.062,61.843
08-11-2026 21:51:39,6137,7607,1491,16384,13.333333333333334,99.0,17172,VDD_IN,29312,7530,8172,16286,17172,3776,3968,2.0,2.0,4.0,4.0,0.0,68.0,61.125,61.968,60.718,59.906,60.093,61.968
08-11-2026 21:51:40,6138,7607,1491,16384,13.333333333333334,98.0,17408,VDD_IN,29854,7544,8563,16301,17408,3777,3883,4.0,5.0,0.0,2.0,0.0,69.0,60.906,62.156,60.781,59.968,60.093,62.156
08-11-2026 21:51:41,6138,7607,1491,16384,11.166666666666666,98.0,17329,VDD_IN,29619,7555,8407,16314,17329,3779,3883,3.0,4.0,2.0,0.0,0.0,58.0,61.031,62.343,60.906,59.781,60.218,62.343
08-11-2026 21:51:42,6140,7607,1490,16384,15.833333333333334,98.0,17368,VDD_IN,29620,7565,8329,16328,17368,3781,3923,5.0,19.0,5.0,9.0,1.0,56.0,61.187,62.406,60.812,59.875,60.125,62.406
08-11-2026 21:51:43,6140,7607,1490,16384,11.666666666666666,93.0,17211,VDD_IN,29267,7572,8055,16339,17211,3783,4001,1.0,6.0,1.0,3.0,0.0,59.0,61.375,62.531,60.875,60.0,60.156,62.531
08-11-2026 21:51:44,6141,7607,1490,16384,12.166666666666666,98.0,16885,VDD_IN,28530,7572,7637,16346,16885,3786,4008,4.0,2.0,3.0,4.0,0.0,60.0,61.25,62.125,60.906,60.031,60.187,62.125
08-11-2026 21:51:45,6141,7607,1490,16384,11.5,98.0,16570,VDD_IN,27784,7567,7128,16349,16570,3790,4086,2.0,1.0,4.0,3.0,0.0,59.0,61.218,62.031,61.031,60.093,60.218,62.031
08-11-2026 21:51:46,6142,7607,1490,16384,11.5,98.0,16176,VDD_IN,27507,7566,7520,16347,16176,3790,3811,3.0,2.0,2.0,3.0,0.0,59.0,60.968,62.156,61.125,60.062,60.156,62.156
08-11-2026 21:51:47,6141,7607,1490,16384,13.166666666666666,99.0,17368,VDD_IN,29619,7575,8250,16359,17368,3793,4001,2.0,3.0,2.0,4.0,0.0,68.0,61.25,62.406,60.937,60.125,60.25,62.406
08-11-2026 21:51:48,6145,7607,1490,16384,17.166666666666668,98.0,17447,VDD_IN,29893,7587,8563,16372,17447,3794,3883,6.0,16.0,6.0,6.0,0.0,69.0,61.5,62.562,61.031,60.093,60.25,62.562
08-11-2026 21:51:49,6145,7607,1490,16384,12.0,98.0,17368,VDD_IN,29697,7597,8446,16384,17368,3795,3883,3.0,4.0,2.0,3.0,0.0,60.0,61.25,62.343,61.031,60.156,60.375,62.343
08-11-2026 21:51:50,6146,7607,1490,16384,11.166666666666666,98.0,17250,VDD_IN,29429,7604,8250,16394,17250,3797,3929,2.0,4.0,3.0,0.0,0.0,58.0,61.125,62.406,61.093,60.25,60.343,62.406
08-11-2026 21:51:51,6146,7607,1490,16384,11.666666666666666,98.0,17082,VDD_IN,29001,7608,7951,16402,17082,3799,3968,3.0,2.0,3.0,4.0,0.0,58.0,61.218,62.343,61.187,60.125,60.375,62.343
08-11-2026 21:51:52,6147,7607,1490,16384,11.5,97.0,16767,VDD_IN,28334,7607,7520,16406,16767,3801,4047,3.0,2.0,3.0,2.0,0.0,59.0,61.25,62.25,60.937,60.187,60.25,62.25
08-11-2026 21:51:53,6147,7607,1490,16384,16.5,99.0,16806,VDD_IN,28256,7604,7285,16411,16806,3806,4165,5.0,16.0,5.0,12.0,1.0,60.0,61.718,62.093,61.062,60.218,60.437,62.093
08-11-2026 21:51:54,6148,7607,1490,16384,11.5,48.0,16295,VDD_IN,27627,7602,7481,16410,16295,3806,3851,2.0,1.0,3.0,3.0,0.0,60.0,61.125,62.375,61.156,60.281,60.375,62.375
08-11-2026 21:51:55,6148,7607,1490,16384,12.833333333333334,99.0,17526,VDD_IN,29934,7611,8368,16422,17526,3809,4040,4.0,1.0,0.0,4.0,0.0,68.0,61.312,62.781,61.281,60.093,60.437,62.781
08-11-2026 21:51:56,6148,7607,1490,16384,12.5,98.0,17329,VDD_IN,29736,7621,8524,16432,17329,3809,3883,2.0,1.0,2.0,3.0,0.0,67.0,61.281,62.843,61.062,60.218,60.468,62.843
08-11-2026 21:51:57,6148,7607,1490,16384,11.5,98.0,17290,VDD_IN,29541,7629,8368,16441,17290,3810,3883,2.0,2.0,3.0,3.0,0.0,59.0,61.437,62.812,61.125,60.218,60.437,62.812
08-11-2026 21:51:58,6149,7607,1490,16384,11.333333333333334,98.0,17172,VDD_IN,29234,7634,8133,16449,17172,3812,3929,1.0,1.0,5.0,1.0,0.0,60.0,61.625,62.812,61.156,60.375,60.375,62.812
08-11-2026 21:51:59,6150,7607,1490,16384,16.166666666666668,98.0,17121,VDD_IN,29060,7638,7977,16456,17121,3813,3962,10.0,17.0,4.0,7.0,0.0,59.0,61.343,62.656,61.218,60.406,60.468,62.656
08-11-2026 21:52:00,6150,7607,1490,16384,11.833333333333334,98.0,16806,VDD_IN,28373,7637,7520,16460,16806,3816,4047,3.0,1.0,2.0,6.0,0.0,59.0,61.5,62.531,61.343,60.187,60.5,62.531
08-11-2026 21:52:01,6151,7607,1490,16384,10.666666666666666,99.0,16373,VDD_IN,27509,7631,7089,16459,16373,3818,4047,3.0,1.0,1.0,4.0,5.0,50.0,61.656,62.062,61.312,60.375,60.5,62.062
08-11-2026 21:52:02,6151,7607,1490,16384,12.0,99.0,16531,VDD_IN,28137,7632,7716,16460,16531,3819,3890,3.0,1.0,1.0,4.0,63.0,0.0,61.406,62.343,61.187,60.375,60.5,62.343
08-11-2026 21:52:03,6151,7607,1490,16384,14.166666666666666,99.0,17604,VDD_IN,30168,7642,8641,16472,17604,3820,3923,2.0,2.0,3.0,9.0,69.0,0.0,61.687,62.875,61.281,60.406,60.593,62.875
08-11-2026 21:52:04,6150,7607,1490,16384,16.166666666666668,98.0,17526,VDD_IN,30011,7652,8602,16482,17526,3820,3883,6.0,4.0,14.0,11.0,62.0,0.0,61.656,62.937,61.406,60.468,60.656,62.937
08-11-2026 21:52:05,6150,7607,1490,16384,12.5,98.0,17290,VDD_IN,29542,7659,8329,16490,17290,3821,3923,3.0,5.0,2.0,6.0,59.0,0.0,61.437,63.062,61.468,60.375,60.656,63.062
08-11-2026 21:52:06,6150,7607,1490,16384,11.833333333333334,98.0,17172,VDD_IN,29228,7663,8094,16497,17172,3823,3962,3.0,3.0,2.0,4.0,59.0,0.0,61.593,62.937,61.281,60.375,60.468,62.937
08-11-2026 21:52:07,6151,7607,1490,16384,11.833333333333334,98.0,17003,VDD_IN,28831,7665,7820,16502,17003,3825,4008,2.0,5.0,2.0,2.0,60.0,0.0,61.531,62.968,61.218,60.375,60.562,62.968
08-11-2026 21:52:08,6151,7607,1490,16384,12.333333333333334,98.0,16728,VDD_IN,28177,7662,7363,16504,16728,3827,4086,6.0,3.0,3.0,2.0,60.0,0.0,61.75,63.0,61.375,60.437,60.531,63.0
08-11-2026 21:52:09,6151,7607,1490,16384,10.5,98.0,16255,VDD_IN,27547,7659,7363,16502,16255,3828,3929,4.0,1.0,1.0,3.0,54.0,0.0,61.343,62.75,61.406,60.562,60.656,62.75
08-11-2026 21:52:10,6151,7607,1489,16384,17.833333333333332,99.0,17082,VDD_IN,29066,7663,8055,16507,17082,3829,3929,8.0,4.0,9.0,19.0,67.0,0.0,61.343,62.625,61.375,60.468,60.625,62.625
08-11-2026 21:52:11,6152,7607,1489,16384,13.166666666666666,98.0,17447,VDD_IN,29854,7671,8524,16516,17447,3830,3883,3.0,3.0,2.0,4.0,67.0,0.0,61.75,62.875,61.312,60.468,60.625,62.875
08-11-2026 21:52:12,6152,7607,1489,16384,11.333333333333334,98.0,17290,VDD_IN,29548,7677,8368,16523,17290,3830,3890,2.0,2.0,3.0,3.0,57.0,1.0,61.468,62.875,61.375,60.5,60.656,62.875
08-11-2026 21:52:13,6153,7607,1489,16384,12.5,95.0,17290,VDD_IN,29463,7683,8250,16531,17290,3831,3923,5.0,2.0,2.0,6.0,60.0,0.0,61.75,62.843,61.437,60.593,60.687,62.843
08-11-2026 21:52:14,6153,7607,1489,16384,11.333333333333334,91.0,17121,VDD_IN,29066,7685,7977,16536,17121,3832,3968,44.0,2.0,1.0,4.0,17.0,0.0,61.468,62.843,61.562,60.406,60.812,62.843
08-11-2026 21:52:15,6152,7607,1489,16384,12.833333333333334,92.0,16964,VDD_IN,28766,7686,7755,16540,16964,3834,4047,52.0,4.0,7.0,3.0,11.0,0.0,61.843,62.718,61.406,60.437,60.625,62.718
08-11-2026 21:52:16,6155,7607,1489,16384,13.833333333333334,98.0,16649,VDD_IN,27942,7681,7167,16541,16649,3837,4126,47.0,3.0,12.0,5.0,16.0,0.0,61.75,62.593,61.468,60.5,60.843,62.593
08-11-2026 21:52:17,6155,7607,1489,16384,11.166666666666666,98.0,16216,VDD_IN,27508,7679,7481,16538,16216,3837,3811,60.0,2.0,1.0,4.0,0.0,0.0,61.437,62.593,61.5,60.5,60.718,62.593
08-11-2026 21:52:18,6155,7607,1489,16384,13.5,99.0,17565,VDD_IN,29973,7686,8368,16547,17565,3838,4040,10.0,5.0,2.0,3.0,61.0,0.0,61.656,62.843,61.531,60.656,60.843,62.843
08-11-2026 21:52:19,6155,7607,1489,16384,13.5,98.0,17447,VDD_IN,29893,7693,8563,16555,17447,3839,3883,5.0,4.0,1.0,2.0,69.0,0.0,61.593,63.125,61.562,60.468,60.812,63.125
08-11-2026 21:52:20,6155,7607,1489,16384,11.5,98.0,17408,VDD_IN,29777,7700,8446,16562,17408,3840,3923,5.0,2.0,1.0,2.0,59.0,0.0,61.625,63.125,61.468,60.562,60.781,63.125
08-11-2026 21:52:21,6158,7607,1489,16384,16.166666666666668,98.0,17329,VDD_IN,29659,7706,8368,16569,17329,3841,3962,8.0,6.0,17.0,6.0,60.0,0.0,61.75,63.156,61.437,60.593,60.718,63.156
08-11-2026 21:52:22,6158,7607,1489,16384,11.166666666666666,98.0,17093,VDD_IN,29117,7708,8016,16573,17093,3842,4008,2.0,1.0,2.0,4.0,58.0,0.0,61.562,63.156,61.625,60.593,60.812,63.156
08-11-2026 21:52:23,6158,7607,1489,16384,11.666666666666666,98.0,16964,VDD_IN,28687,7708,7676,16577,16964,3844,4047,3.0,3.0,5.0,2.0,57.0,0.0,61.843,63.093,61.625,60.75,60.843,63.093
08-11-2026 21:52:24,6159,7607,1489,16384,11.333333333333334,99.0,16452,VDD_IN,27589,7702,7011,16576,16452,3846,4126,4.0,1.0,3.0,3.0,57.0,0.0,62.093,62.406,61.75,60.656,60.812,62.406
08-11-2026 21:52:25,6159,7607,1489,16384,12.333333333333334,99.0,16373,VDD_IN,27783,7701,7559,16574,16373,3846,3851,3.0,2.0,3.0,3.0,63.0,0.0,61.593,62.343,61.562,60.562,60.781,62.343
08-11-2026 21:52:26,6159,7607,1489,16384,12.833333333333334,99.0,17683,VDD_IN,30286,7708,8602,16583,17683,3848,4001,3.0,2.0,14.0,1.0,57.0,0.0,61.937,63.187,61.593,60.656,60.906,63.187
08-11-2026 21:52:27,6163,7607,1489,16384,20.5,98.0,17683,VDD_IN,30287,7716,8681,16592,17683,3848,3923,12.0,13.0,9.0,12.0,18.0,59.0,61.906,63.125,61.625,60.687,60.937,63.125
08-11-2026 21:52:28,6162,7607,1488,16384,36.166666666666664,98.0,18115,VDD_IN,31031,7727,8993,16605,18115,3849,3923,49.0,12.0,32.0,20.0,35.0,69.0,62.093,63.187,61.75,60.812,61.062,63.187
08-11-2026 21:52:29,6166,7607,1488,16384,31.333333333333332,98.0,17879,VDD_IN,30546,7735,8705,16615,17879,3850,3962,9.0,33.0,59.0,20.0,63.0,4.0,62.062,63.218,61.812,60.656,61.062,63.218
08-11-2026 21:52:30,6166,7607,1488,16384,20.166666666666668,98.0,17211,VDD_IN,29189,7737,7977,16620,17211,3851,4001,5.0,5.0,58.0,5.0,47.0,1.0,62.093,63.218,61.625,60.687,60.906,63.218
08-11-2026 21:52:31,6166,7607,1488,16384,11.333333333333334,98.0,16846,VDD_IN,28373,7734,7441,16621,16846,3853,4086,8.0,2.0,44.0,3.0,11.0,0.0,61.937,63.062,61.656,60.75,60.968,63.312
08-11-2026 21:52:32,6195,7607,1481,16384,20.833333333333332,99.0,16688,VDD_IN,28411,7734,7755,16622,16688,3854,3968,17.0,19.0,12.0,5.0,63.0,9.0,61.937,62.968,61.718,60.781,61.0,62.968
08-11-2026 21:52:33,6267,7607,1464,16384,34.333333333333336,99.0,17722,VDD_IN,30311,7741,8588,16631,17722,3855,4001,36.0,31.0,23.0,23.0,20.0,73.0,61.781,63.468,61.812,60.75,61.031,63.468
08-11-2026 21:52:34,6278,7607,1425,16384,23.166666666666668,98.0,17643,VDD_IN,30246,7749,8720,16638,17643,3855,3883,17.0,12.0,13.0,14.0,73.0,10.0,61.937,63.656,61.75,60.781,61.031,63.656
08-11-2026 21:52:35,6278,7607,1425,16384,11.5,98.0,17408,VDD_IN,29776,7754,8485,16644,17408,3855,3883,3.0,1.0,3.0,4.0,58.0,0.0,61.906,63.281,61.625,60.75,61.031,63.281
08-11-2026 21:52:36,6279,7607,1425,16384,11.0,97.0,17250,VDD_IN,29423,7758,8250,16649,17250,3856,3923,4.0,1.0,2.0,0.0,59.0,0.0,61.906,63.281,61.75,60.812,61.031,63.281
08-11-2026 21:52:37,6279,7607,1425,16384,11.5,97.0,17093,VDD_IN,29038,7760,7977,16652,17093,3857,3968,20.0,2.0,2.0,3.0,42.0,0.0,61.718,63.187,61.75,60.906,61.093,63.187
08-11-2026 21:52:38,6279,7607,1425,16384,11.5,93.0,16924,VDD_IN,28569,7758,7598,16654,16924,3858,4047,11.0,3.0,2.0,3.0,50.0,0.0,61.843,63.25,61.781,60.687,61.031,63.25
08-11-2026 21:52:39,6283,7607,1425,16384,16.0,99.0,16806,VDD_IN,28217,7755,7246,16655,16806,3860,4165,5.0,4.0,23.0,6.0,58.0,0.0,62.0,63.125,61.718,60.781,61.0,63.125
08-11-2026 21:52:40,6284,7607,1425,16384,11.833333333333334,97.0,16295,VDD_IN,27666,7753,7520,16653,16295,3860,3851,4.0,3.0,3.0,1.0,60.0,0.0,62.093,62.843,61.718,60.875,61.0,62.843
08-11-2026 21:52:41,6284,7607,1425,16384,13.833333333333334,99.0,17643,VDD_IN,30129,7758,8446,16660,17643,3862,4040,4.0,3.0,5.0,1.0,70.0,0.0,61.937,63.156,61.875,60.906,61.125,63.156
08-11-2026 21:52:42,6284,7607,1425,16384,12.833333333333334,98.0,17447,VDD_IN,29893,7764,8563,16666,17447,3862,3883,2.0,2.0,2.0,4.0,67.0,0.0,62.156,63.312,61.843,61.0,61.125,63.312
08-11-2026 21:52:43,6284,7607,1425,16384,12.5,98.0,17447,VDD_IN,29816,7769,8446,16671,17447,3862,3923,3.0,3.0,5.0,3.0,30.0,31.0,62.0,63.25,61.843,60.812,61.125,63.25
08-11-2026 21:52:44,6285,7607,1425,16384,11.666666666666666,98.0,17329,VDD_IN,29541,7772,8250,16676,17329,3863,3962,3.0,1.0,5.0,1.0,0.0,60.0,62.062,63.312,61.718,60.875,61.093,63.312
08-11-2026 21:52:45,6284,7607,1425,16384,17.166666666666668,98.0,17250,VDD_IN,29306,7774,8055,16680,17250,3864,4001,11.0,7.0,6.0,18.0,1.0,60.0,62.312,63.437,61.781,60.875,61.093,63.437
08-11-2026 21:52:46,6284,7607,1425,16384,11.166666666666666,98.0,16924,VDD_IN,28569,7773,7559,16682,16924,3865,4086,4.0,2.0,0.0,2.0,1.0,58.0,62.031,63.375,61.843,60.937,61.031,63.375
08-11-2026 21:52:47,6284,7607,1425,16384,11.166666666666666,99.0,16452,VDD_IN,27627,7768,7089,16680,16452,3867,4086,7.0,1.0,2.0,1.0,0.0,56.0,62.218,62.781,61.875,60.875,61.156,62.781
08-11-2026 21:52:48,6284,7607,1425,16384,11.666666666666666,99.0,16570,VDD_IN,28136,7767,7676,16680,16570,3867,3890,5.0,1.0,0.0,2.0,0.0,62.0,61.781,63.062,61.875,60.875,61.187,63.062
08-11-2026 21:52:49,6285,7607,1425,16384,13.5,99.0,17683,VDD_IN,30326,7774,8681,16687,17683,3868,3962,2.0,1.0,2.0,6.0,0.0,70.0,61.968,63.843,61.781,60.875,61.125,63.843
08-11-2026 21:52:50,6288,7607,1425,16384,15.5,98.0,17604,VDD_IN,30168,7780,8641,16693,17604,3868,3923,6.0,13.0,3.0,7.0,2.0,62.0,62.406,63.312,61.875,60.843,61.125,63.312
08-11-2026 21:52:51,6288,7607,1425,16384,13.333333333333334,98.0,17368,VDD_IN,29659,7784,8368,16698,17368,3869,3923,3.0,11.0,4.0,2.0,1.0,59.0,61.937,63.375,62.0,61.0,61.156,63.375
08-11-2026 21:52:52,6289,7607,1425,16384,11.666666666666666,98.0,17250,VDD_IN,29345,7786,8133,16701,17250,3869,3962,2.0,3.0,4.0,2.0,0.0,59.0,62.093,63.343,62.0,60.812,61.125,63.343
08-11-2026 21:52:53,6289,7607,1425,16384,12.166666666666666,98.0,17093,VDD_IN,29000,7787,7899,16704,17093,3870,4008,2.0,3.0,7.0,2.0,0.0,59.0,62.093,63.375,61.75,60.875,61.093,63.375
08-11-2026 21:52:54,6290,7607,1425,16384,11.5,98.0,16806,VDD_IN,28333,7785,7441,16705,16806,3872,4086,1.0,3.0,5.0,2.0,0.0,58.0,62.218,63.312,61.843,60.875,61.062,63.312
08-11-2026 21:52:55,6290,7607,1425,16384,10.666666666666666,98.0,16295,VDD_IN,27548,7781,7324,16702,16295,3872,3929,2.0,2.0,4.0,1.0,0.0,55.0,62.281,62.906,61.937,60.937,61.125,63.093
08-11-2026 21:52:56,6290,7607,1425,16384,18.166666666666668,99.0,17093,VDD_IN,29155,7784,8133,16705,17093,3872,3929,12.0,12.0,9.0,7.0,0.0,69.0,61.843,63.375,62.0,61.093,61.25,63.375
08-11-2026 21:52:57,6290,7607,1425,16384,13.333333333333334,98.0,17486,VDD_IN,29932,7789,8563,16710,17486,3872,3883,1.0,5.0,2.0,2.0,0.0,70.0,62.062,63.812,61.968,60.937,61.187,63.812
08-11-2026 21:52:58,6291,7607,1425,16384,11.333333333333334,97.0,17329,VDD_IN,29659,7793,8407,16714,17329,3873,3923,3.0,3.0,2.0,1.0,0.0,59.0,62.156,63.718,61.906,60.968,61.25,63.718
08-11-2026 21:52:59,6291,7607,1425,16384,11.833333333333334,97.0,17250,VDD_IN,29423,7796,8250,16717,17250,3873,3923,4.0,4.0,2.0,2.0,0.0,59.0,62.093,63.812,61.968,61.0,61.25,63.812
08-11-2026 21:53:00,6291,7607,1425,16384,11.166666666666666,93.0,17172,VDD_IN,29189,7797,8016,16720,17172,3874,4001,2.0,2.0,2.0,3.0,0.0,58.0,62.312,63.812,61.968,61.093,61.25,63.812
08-11-2026 21:53:01,6292,7607,1425,16384,11.666666666666666,89.0,16897,VDD_IN,28608,7796,7664,16721,16897,3875,4047,2.0,4.0,2.0,3.0,0.0,59.0,62.062,63.468,61.968,61.156,61.218,63.468
08-11-2026 21:53:02,6292,7607,1424,16384,15.5,98.0,16728,VDD_IN,28100,7793,7246,16721,16728,3877,4126,8.0,4.0,3.0,19.0,0.0,59.0,62.343,63.281,62.125,60.968,61.281,63.281
08-11-2026 21:53:03,6292,7607,1424,16384,11.666666666666666,98.0,16295,VDD_IN,27666,7791,7520,16719,16295,3876,3851,3.0,6.0,0.0,1.0,1.0,59.0,62.187,63.437,61.937,61.031,61.156,63.437
08-11-2026 21:53:04,6291,7607,1424,16384,14.166666666666666,98.0,17643,VDD_IN,30091,7795,8368,16724,17643,3878,4080,6.0,5.0,2.0,3.0,0.0,69.0,62.187,63.468,62.062,61.062,61.375,63.468
08-11-2026 21:53:05,6291,7607,1424,16384,13.166666666666666,98.0,17486,VDD_IN,29971,7800,8602,16729,17486,3878,3883,6.0,2.0,2.0,2.0,0.0,67.0,62.468,63.687,62.0,61.156,61.375,63.687
08-11-2026 21:53:06,6292,7607,1424,16384,11.5,98.0,17447,VDD_IN,29816,7804,8446,16734,17447,3878,3923,1.0,2.0,5.0,2.0,0.0,59.0,62.156,63.531,62.031,60.968,61.375,63.531
08-11-2026 21:53:07,6295,7607,1424,16384,16.166666666666668,98.0,17526,VDD_IN,29895,7808,8407,16739,17526,3879,3962,6.0,6.0,5.0,20.0,1.0,59.0,62.281,63.562,61.968,61.0,61.281,63.562
08-11-2026 21:53:08,6293,7607,1424,16384,11.333333333333334,98.0,17211,VDD_IN,29228,7809,8016,16741,17211,3879,4001,3.0,1.0,5.0,1.0,0.0,58.0,62.343,63.375,62.031,61.093,61.312,63.375
08-11-2026 21:53:09,6294,7607,1424,16384,11.833333333333334,98.0,16964,VDD_IN,28636,7808,7586,16743,16964,3881,4086,4.0,2.0,5.0,3.0,0.0,57.0,62.156,63.406,62.0,61.187,61.281,63.406
08-11-2026 21:53:10,6293,7607,1424,16384,11.666666666666666,99.0,16491,VDD_IN,27667,7803,7050,16741,16491,3882,4126,2.0,3.0,4.0,2.0,7.0,52.0,62.468,62.781,62.031,61.218,61.343,62.781
08-11-2026 21:53:11,6281,7607,1424,16384,12.666666666666666,99.0,16609,VDD_IN,28215,7802,7716,16740,16609,3882,3890,23.0,3.0,2.0,1.0,46.0,1.0,62.0,63.343,62.156,61.0,61.375,63.343
08-11-2026 21:53:12,6280,7607,1424,16384,13.166666666666666,99.0,17722,VDD_IN,30350,7808,8666,16746,17722,3883,3962,2.0,37.0,2.0,4.0,34.0,0.0,62.093,63.906,62.187,61.031,61.375,63.906
08-11-2026 21:53:13,6288,7607,1424,16384,17.166666666666668,98.0,17526,VDD_IN,30012,7812,8563,16751,17526,3883,3923,10.0,7.0,18.0,5.0,63.0,0.0,62.218,63.812,61.968,61.125,61.281,63.812
08-11-2026 21:53:14,6289,7607,1424,16384,11.666666666666666,98.0,17368,VDD_IN,29659,7815,8368,16755,17368,3883,3923,1.0,5.0,2.0,2.0,42.0,18.0,62.593,63.812,61.906,61.187,61.343,63.812
08-11-2026 21:53:15,6289,7607,1424,16384,12.333333333333334,98.0,17290,VDD_IN,29424,7817,8172,16758,17290,3884,3962,4.0,2.0,4.0,6.0,0.0,58.0,62.187,63.531,62.125,61.218,61.468,63.531
08-11-2026 21:53:16,6290,7607,1424,16384,11.833333333333334,98.0,17054,VDD_IN,28953,7818,7859,16760,17054,3884,4040,2.0,2.0,5.0,3.0,0.0,59.0,62.406,63.562,62.156,61.031,61.375,63.562
08-11-2026 21:53:17,6291,7607,1424,16384,12.0,98.0,16846,VDD_IN,28413,7816,7441,16760,16846,3886,4126,5.0,2.0,2.0,4.0,0.0,59.0,62.281,63.406,62.062,61.156,61.281,63.406
08-11-2026 21:53:18,6295,7607,1424,16384,14.0,96.0,16531,VDD_IN,28058,7814,7559,16759,16531,3886,3968,5.0,3.0,6.0,14.0,0.0,56.0,62.593,63.156,62.093,61.062,61.437,63.156
08-11-2026 21:53:19,6295,7607,1424,16384,14.0,99.0,17054,VDD_IN,29077,7816,8094,16760,17054,3887,3929,5.0,4.0,1.0,6.0,0.0,68.0,62.218,63.375,62.125,61.187,61.343,63.375
08-11-2026 21:53:20,6296,7607,1424,16384,13.5,98.0,17526,VDD_IN,30011,7820,8602,16765,17526,3887,3883,2.0,2.0,5.0,2.0,0.0,70.0,62.093,63.718,62.156,61.187,61.437,63.718
08-11-2026 21:53:21,6296,7607,1424,16384,11.5,98.0,17368,VDD_IN,29737,7824,8446,16768,17368,3887,3923,2.0,4.0,2.0,3.0,0.0,58.0,62.25,63.875,62.25,61.156,61.437,63.875
08-11-2026 21:53:22,6296,7607,1424,16384,11.833333333333334,98.0,17290,VDD_IN,29502,7826,8250,16771,17290,3887,3962,3.0,5.0,2.0,2.0,0.0,59.0,62.156,63.812,62.062,61.187,61.406,63.812
08-11-2026 21:53:23,6297,7607,1424,16384,11.666666666666666,98.0,17172,VDD_IN,29189,7827,8016,16773,17172,3888,4001,3.0,4.0,2.0,3.0,0.0,58.0,62.343,63.906,62.125,61.187,61.281,63.906
08-11-2026 21:53:24,6294,7607,1424,16384,16.333333333333332,98.0,17093,VDD_IN,28914,7827,7781,16775,17093,3889,4040,27.0,16.0,7.0,7.0,0.0,41.0,62.437,63.875,62.125,61.281,61.437,63.875
08-11-2026 21:53:25,6295,7607,1424,16384,11.333333333333334,98.0,16767,VDD_IN,28138,7823,7206,16775,16767,3890,4165,60.0,5.0,2.0,1.0,0.0,0.0,62.218,63.343,62.187,61.281,61.468,63.343
08-11-2026 21:53:26,6296,7607,1424,16384,11.5,99.0,16373,VDD_IN,27783,7822,7559,16773,16373,3890,3851,60.0,3.0,2.0,4.0,0.0,0.0,62.031,63.281,62.156,61.156,61.5,63.281
08-11-2026 21:53:27,6296,7607,1424,16384,12.833333333333334,98.0,17643,VDD_IN,30091,7825,8368,16778,17643,3891,4080,70.0,2.0,1.0,4.0,0.0,0.0,62.281,63.375,62.187,61.125,61.25,63.375
08-11-2026 21:53:28,6296,7607,1424,16384,13.0,98.0,17526,VDD_IN,30011,7829,8602,16782,17526,3891,3883,12.0,1.0,1.0,5.0,59.0,0.0,62.281,63.781,62.125,61.187,61.343,63.781
08-11-2026 21:53:29,6297,7607,1424,16384,11.833333333333334,98.0,17447,VDD_IN,29855,7833,8485,16785,17447,3891,3923,4.0,3.0,3.0,2.0,59.0,0.0,62.531,63.718,62.093,61.187,61.468,63.718
08-11-2026 21:53:30,6299,7607,1424,16384,18.333333333333332,98.0,17447,VDD_IN,29777,7836,8368,16789,17447,3892,3962,12.0,23.0,6.0,8.0,59.0,2.0,62.187,63.812,62.218,61.125,61.531,63.812
08-11-2026 21:53:31,6299,7607,1424,16384,12.0,98.0,17211,VDD_IN,29228,7837,8016,16791,17211,3892,4001,3.0,6.0,3.0,2.0,58.0,0.0,62.187,63.781,62.281,61.0,61.468,63.781
08-11-2026 21:53:32,6300,7607,1424,16384,11.5,98.0,16975,VDD_IN,28686,7836,7625,16792,16975,3893,4086,3.0,4.0,2.0,2.0,58.0,0.0,62.406,63.343,62.125,61.156,61.343,63.343
08-11-2026 21:53:33,6300,7607,1424,16384,11.666666666666666,99.0,16570,VDD_IN,27746,7831,7050,16791,16570,3894,4126,4.0,2.0,2.0,5.0,57.0,0.0,62.343,62.906,62.218,61.25,61.5,62.906
08-11-2026 21:53:34,6301,7607,1424,16384,12.0,99.0,16531,VDD_IN,28058,7830,7637,16790,16531,3894,3890,4.0,0.0,1.0,3.0,64.0,0.0,62.312,63.062,62.281,61.281,61.406,63.062
08-11-2026 21:53:35,6303,7607,1424,16384,18.0,99.0,17879,VDD_IN,30663,7835,8744,16795,17879,3895,4040,24.0,3.0,8.0,20.0,53.0,0.0,62.281,63.781,62.281,61.25,61.593,63.781
08-11-2026 21:53:36,6302,7607,1424,16384,12.0,98.0,17486,VDD_IN,29972,7839,8563,16799,17486,3895,3923,1.0,1.0,0.0,5.0,64.0,1.0,62.25,63.625,62.281,61.218,61.468,63.625
08-11-2026 21:53:37,6386,7607,1425,16384,16.5,0.0,8518,VDD_IN,13362,7811,2539,16756,8518,3887,2305,18.0,27.0,10.0,25.0,12.0,7.0,61.968,61.468,61.875,61.031,60.781,61.968
08-11-2026 21:53:38,6780,7607,1430,16384,84.5,67.0,7934,VDD_IN,12113,7783,2388,16710,7934,3876,1791,83.0,88.0,81.0,83.0,87.0,85.0,61.281,61.156,61.593,60.968,60.406,61.593
08-11-2026 21:53:39,6784,7607,1430,16384,21.5,98.0,16570,VDD_IN,28252,7786,8264,16709,16570,3874,3418,16.0,6.0,7.0,33.0,67.0,0.0,61.75,63.218,61.687,60.75,61.0,63.218
08-11-2026 21:53:40,6785,7607,1430,16384,24.833333333333332,98.0,17722,VDD_IN,30364,7791,8759,16715,17722,3874,3883,11.0,25.0,3.0,49.0,59.0,2.0,61.875,63.437,61.875,60.875,61.125,63.187
08-11-2026 21:53:41,6789,7607,1430,16384,16.833333333333332,98.0,17408,VDD_IN,29777,7794,8407,16718,17408,3874,3962,9.0,3.0,11.0,5.0,61.0,12.0,61.968,63.343,61.687,60.906,61.125,63.343
08-11-2026 21:53:42,6789,7607,1430,16384,11.166666666666666,98.0,17172,VDD_IN,29189,7795,8016,16720,17172,3875,4001,3.0,2.0,2.0,3.0,57.0,0.0,62.125,63.281,61.875,60.968,61.093,63.281
08-11-2026 21:53:43,6787,7607,1430,16384,12.166666666666666,97.0,16897,VDD_IN,28581,7794,7598,16721,16897,3876,4086,2.0,3.0,1.0,6.0,59.0,2.0,61.906,63.218,61.968,61.093,61.218,63.218
08-11-2026 21:53:44,6788,7607,1430,16384,11.333333333333334,99.0,16609,VDD_IN,27824,7790,7050,16721,16609,3877,4165,6.0,2.0,1.0,1.0,58.0,0.0,62.187,63.218,62.0,60.968,61.218,63.218
08-11-2026 21:53:45,6789,7607,1430,16384,15.0,68.0,16531,VDD_IN,28137,7790,7716,16720,16531,3878,3890,2.0,6.0,7.0,12.0,62.0,1.0,62.125,63.343,61.968,61.0,61.125,63.343
08-11-2026 21:53:46,6793,7607,1429,16384,30.333333333333332,98.0,18242,VDD_IN,31294,7796,9018,16727,18242,3878,4034,26.0,4.0,8.0,72.0,70.0,2.0,62.375,63.968,61.937,61.0,61.375,63.968
08-11-2026 21:53:47,6793,7607,1429,16384,12.833333333333334,98.0,17526,VDD_IN,30051,7800,8602,16731,17526,3879,3923,6.0,2.0,2.0,1.0,66.0,0.0,62.25,63.812,61.968,61.062,61.312,63.812
08-11-2026 21:53:48,6793,7607,1429,16384,12.0,98.0,17447,VDD_IN,29777,7803,8407,16735,17447,3879,3923,5.0,3.0,1.0,5.0,58.0,0.0,62.031,63.812,62.0,61.125,61.406,63.812
08-11-2026 21:53:49,6793,7607,1429,16384,11.666666666666666,98.0,17290,VDD_IN,29463,7805,8211,16738,17290,3879,3962,2.0,2.0,2.0,5.0,59.0,0.0,62.125,63.937,62.062,60.968,61.312,63.937
08-11-2026 21:53:50,6793,7607,1429,16384,11.5,98.0,17093,VDD_IN,29078,7806,7977,16739,17093,3880,4008,1.0,1.0,3.0,4.0,60.0,0.0,62.156,63.343,62.093,61.125,61.281,63.343
08-11-2026 21:53:51,6794,7607,1429,16384,16.333333333333332,98.0,17172,VDD_IN,29072,7806,7820,16741,17172,3881,4080,26.0,2.0,5.0,6.0,59.0,0.0,62.281,63.375,62.031,61.062,61.437,63.531
08-11-2026 21:53:52,6797,7607,1429,16384,26.0,99.0,16767,VDD_IN,28334,7805,7520,16742,16767,3882,4047,50.0,9.0,23.0,14.0,56.0,4.0,62.5,63.0,62.062,61.156,61.343,63.0
08-11-2026 21:53:53,6797,7607,1429,16384,13.0,99.0,16767,VDD_IN,28529,7805,7872,16742,16767,3882,3890,1.0,2.0,2.0,6.0,65.0,2.0,62.0,63.281,62.125,61.218,61.281,63.281
08-11-2026 21:53:54,6797,7607,1429,16384,13.333333333333334,98.0,17526,VDD_IN,30051,7809,8602,16745,17526,3882,3923,3.0,2.0,1.0,4.0,70.0,0.0,62.218,63.718,62.125,61.031,61.375,63.718
08-11-2026 21:53:55,6797,7607,1429,16384,12.0,93.0,17408,VDD_IN,29816,7812,8485,16749,17408,3882,3923,3.0,1.0,2.0,5.0,61.0,0.0,62.187,63.781,62.031,61.031,61.343,63.781
08-11-2026 21:53:56,6797,7607,1429,16384,11.333333333333334,98.0,17368,VDD_IN,29620,7814,8329,16752,17368,3882,3923,2.0,1.0,2.0,4.0,59.0,0.0,62.468,63.75,62.062,61.156,61.343,63.75
08-11-2026 21:53:57,6798,7607,1429,16384,20.5,98.0,17722,VDD_IN,30208,7818,8524,16756,17722,3883,3962,5.0,13.0,36.0,10.0,59.0,0.0,62.906,63.437,62.125,61.218,61.468,63.437
08-11-2026 21:53:58,6800,7607,1428,16384,22.333333333333332,98.0,17211,VDD_IN,29228,7818,7977,16758,17211,3883,4040,25.0,12.0,35.0,21.0,41.0,0.0,62.406,63.531,62.125,61.281,61.468,63.531
08-11-2026 21:53:59,6800,7607,1428,16384,11.5,98.0,16767,VDD_IN,28217,7816,7324,16758,16767,3884,4126,3.0,8.0,0.0,58.0,0.0,0.0,62.187,63.406,62.218,61.093,61.375,63.406
08-11-2026 21:54:00,6800,7607,1428,16384,11.0,99.0,16334,VDD_IN,27744,7815,7559,16756,16334,3884,3851,6.0,2.0,1.0,57.0,0.0,0.0,62.187,63.343,62.125,61.125,61.343,63.343
08-11-2026 21:54:01,6800,7607,1428,16384,14.0,99.0,17447,VDD_IN,29777,7817,8329,16760,17447,3885,4001,7.0,3.0,2.0,69.0,0.0,3.0,62.375,63.687,62.093,61.125,61.343,63.687
08-11-2026 21:54:02,6800,7607,1428,16384,12.666666666666666,98.0,17526,VDD_IN,30050,7821,8641,16763,17526,3885,3883,3.0,1.0,2.0,70.0,0.0,0.0,62.718,63.75,62.093,61.156,61.468,63.75
08-11-2026 21:54:04,6802,7607,1428,16384,24.166666666666668,98.0,18036,VDD_IN,30899,7826,8940,16769,18036,3885,3923,11.0,24.0,7.0,50.0,14.0,39.0,62.406,63.687,62.187,61.218,61.468,63.687
08-11-2026 21:54:05,6802,7607,1428,16384,18.666666666666668,98.0,17526,VDD_IN,29934,7829,8446,16772,17526,3885,3962,21.0,5.0,4.0,24.0,0.0,58.0,62.375,63.656,62.156,61.281,61.531,63.906
08-11-2026 21:54:06,6802,7607,1428,16384,11.5,98.0,17172,VDD_IN,29189,7830,8016,16774,17172,3886,4001,2.0,5.0,2.0,0.0,47.0,13.0,62.281,63.843,62.125,61.187,61.406,63.843
08-11-2026 21:54:07,6802,7607,1428,16384,11.333333333333334,98.0,16924,VDD_IN,28557,7829,7586,16775,16924,3887,4047,3.0,3.0,2.0,2.0,58.0,0.0,62.25,63.781,62.125,61.218,61.375,63.781
08-11-2026 21:54:08,6802,7607,1428,16384,11.5,99.0,16531,VDD_IN,27667,7825,6971,16774,16531,3888,4165,1.0,6.0,1.0,1.0,60.0,0.0,62.593,63.218,62.125,61.25,61.437,63.218
08-11-2026 21:54:09,6802,7607,1428,16384,12.5,58.0,16373,VDD_IN,27822,7824,7598,16772,16373,3888,3851,2.0,2.0,3.0,5.0,62.0,1.0,62.031,63.437,62.187,61.125,61.437,63.437
08-11-2026 21:54:10,6789,7607,1428,16384,29.166666666666668,99.0,18242,VDD_IN,31372,7830,9096,16779,18242,3888,4034,10.0,11.0,11.0,70.0,70.0,3.0,62.562,63.812,62.25,61.187,61.625,63.812
08-11-2026 21:54:11,6790,7607,1428,16384,17.833333333333332,98.0,17604,VDD_IN,30168,7833,8641,16782,17604,3888,3923,6.0,9.0,19.0,10.0,63.0,0.0,62.375,63.812,62.125,61.156,61.468,63.812
08-11-2026 21:54:12,6791,7607,1428,16384,11.0,98.0,17408,VDD_IN,29738,7836,8407,16785,17408,3889,3923,4.0,3.0,2.0,0.0,26.0,31.0,62.687,63.718,62.125,61.25,61.468,63.718
08-11-2026 21:54:13,6791,7607,1428,16384,11.5,98.0,17290,VDD_IN,29463,7837,8211,16787,17290,3889,3962,2.0,5.0,2.0,1.0,0.0,59.0,62.531,63.781,62.125,61.281,61.468,63.781
08-11-2026 21:54:14,6791,7607,1428,16384,12.166666666666666,98.0,17133,VDD_IN,29033,7838,7899,16789,17133,3889,4001,3.0,6.0,2.0,2.0,0.0,60.0,62.312,63.718,62.218,61.156,61.5,63.718
08-11-2026 21:54:15,6795,7607,1428,16384,16.5,98.0,17054,VDD_IN,28837,7837,7664,16790,17054,3890,4119,13.0,9.0,3.0,14.0,0.0,60.0,62.437,63.718,62.218,61.187,61.593,63.718
08-11-2026 21:54:16,6798,7607,1428,16384,23.333333333333332,97.0,17015,VDD_IN,28843,7837,7781,16791,17015,3891,4047,8.0,5.0,6.0,66.0,0.0,55.0,62.906,63.25,62.25,61.218,61.562,63.062
08-11-2026 21:54:17,6798,7607,1428,16384,16.166666666666668,99.0,16885,VDD_IN,28752,7837,7938,16791,16885,3891,3929,4.0,5.0,16.0,6.0,0.0,66.0,62.468,63.437,62.25,61.312,61.468,63.437
08-11-2026 21:54:18,6798,7607,1428,16384,13.666666666666666,99.0,17643,VDD_IN,30232,7841,8666,16795,17643,3891,3923,3.0,5.0,2.0,2.0,0.0,70.0,62.593,63.968,62.25,61.343,61.5,63.968
08-11-2026 21:54:19,6798,7607,1428,16384,23.833333333333332,98.0,18076,VDD_IN,31010,7846,8979,16800,18076,3892,3955,16.0,19.0,12.0,16.0,14.0,66.0,62.937,63.781,62.281,61.312,61.687,63.875
08-11-2026 21:54:20,6783,7607,1408,16384,17.166666666666668,98.0,17486,VDD_IN,29894,7848,8446,16803,17486,3892,3962,11.0,8.0,9.0,12.0,5.0,58.0,62.437,63.968,62.187,61.343,61.531,63.968
08-11-2026 21:54:21,6783,7607,1407,16384,17.0,98.0,17329,VDD_IN,29502,7850,8211,16806,17329,3892,3962,6.0,8.0,7.0,20.0,40.0,21.0,62.468,63.937,62.281,61.343,61.562,63.937
08-11-2026 21:54:22,6782,7607,1407,16384,27.5,98.0,17604,VDD_IN,29934,7852,8290,16809,17604,3893,4040,70.0,6.0,16.0,9.0,37.0,27.0,62.906,63.906,62.343,61.343,61.687,63.906
08-11-2026 21:54:23,6782,7607,1407,16384,13.166666666666666,98.0,16857,VDD_IN,28424,7850,7441,16809,16857,3894,4126,8.0,4.0,4.0,4.0,0.0,59.0,62.468,63.781,62.343,61.312,61.625,63.781
08-11-2026 21:54:24,6783,7607,1407,16384,10.833333333333334,99.0,16373,VDD_IN,27822,7848,7520,16807,16373,3894,3929,2.0,4.0,2.0,2.0,0.0,55.0,62.406,63.781,62.406,61.343,61.625,63.781
08-11-2026 21:54:25,6783,7607,1407,16384,13.833333333333334,99.0,17211,VDD_IN,29345,7850,8172,16809,17211,3894,3962,4.0,4.0,3.0,2.0,0.0,70.0,62.218,63.718,62.281,61.343,61.562,63.718
08-11-2026 21:54:26,6784,7607,1407,16384,17.333333333333332,98.0,17761,VDD_IN,30507,7854,8823,16813,17761,3894,3923,10.0,4.0,2.0,19.0,0.0,69.0,62.687,63.875,62.343,61.406,61.656,63.875
08-11-2026 21:54:27,6784,7607,1407,16384,11.833333333333334,97.0,17447,VDD_IN,29855,7856,8485,16816,17447,3895,3923,5.0,2.0,1.0,5.0,0.0,58.0,62.625,63.843,62.281,61.437,61.656,63.843
08-11-2026 21:54:28,6785,7607,1407,16384,27.0,98.0,17722,VDD_IN,30325,7860,8641,16819,17722,3895,3962,7.0,68.0,22.0,6.0,0.0,59.0,62.5,63.937,62.437,61.343,61.781,63.937
08-11-2026 21:54:29,6786,7607,1407,16384,12.166666666666666,92.0,17211,VDD_IN,29267,7861,8055,16821,17211,3895,4001,5.0,3.0,2.0,3.0,0.0,60.0,62.593,64.187,62.312,61.406,61.656,64.187
08-11-2026 21:54:30,6786,7607,1407,16384,11.666666666666666,93.0,16975,VDD_IN,28725,7860,7664,16822,16975,3896,4086,6.0,1.0,1.0,3.0,0.0,59.0,62.656,63.968,62.406,61.437,61.625,63.968
08-11-2026 21:54:31,6787,7607,1407,16384,12.166666666666666,98.0,16728,VDD_IN,28099,7857,7206,16821,16728,3897,4165,7.0,2.0,1.0,3.0,0.0,60.0,62.625,63.843,62.406,61.468,61.625,63.843
08-11-2026 21:54:32,6787,7607,1407,16384,16.833333333333332,87.0,16452,VDD_IN,27940,7856,7637,16820,16452,3897,3851,11.0,4.0,18.0,8.0,1.0,59.0,62.406,63.906,62.406,61.375,61.656,63.906
08-11-2026 21:54:33,6788,7607,1407,16384,16.666666666666668,99.0,17918,VDD_IN,30625,7859,8627,16824,17918,3898,4080,6.0,3.0,13.0,9.0,0.0,69.0,62.843,63.968,62.562,61.343,61.906,63.968
08-11-2026 21:54:34,6788,7607,1407,16384,25.833333333333332,98.0,17879,VDD_IN,30703,7863,8901,16828,17879,3898,3923,8.0,20.0,57.0,4.0,0.0,66.0,62.687,64.062,62.375,61.468,61.718,64.062
08-11-2026 21:54:35,6789,7607,1407,16384,11.5,98.0,17526,VDD_IN,29934,7866,8485,16831,17526,3898,3923,4.0,0.0,2.0,5.0,0.0,58.0,62.781,64.031,62.468,61.406,61.75,64.031
08-11-2026 21:54:36,6789,7607,1407,16384,12.333333333333334,98.0,17408,VDD_IN,29660,7868,8290,16834,17408,3898,3962,4.0,3.0,2.0,5.0,0.0,60.0,62.468,64.0,62.5,61.531,61.687,64.0
08-11-2026 21:54:37,6790,7607,1407,16384,13.0,98.0,17329,VDD_IN,29463,7869,8133,16836,17329,3899,4001,5.0,2.0,5.0,7.0,0.0,59.0,62.625,64.062,62.5,61.437,61.718,64.062
08-11-2026 21:54:38,6789,7607,1407,16384,14.166666666666666,98.0,17015,VDD_IN,28720,7868,7625,16836,17015,3899,4080,13.0,5.0,4.0,4.0,0.0,59.0,62.593,64.031,62.562,61.437,61.718,64.031
08-11-2026 21:54:39,6790,7607,1407,16384,16.0,99.0,16857,VDD_IN,28451,7866,7429,16836,16857,3900,4165,4.0,6.0,2.0,7.0,21.0,56.0,63.125,63.718,62.375,61.437,61.75,63.718
08-11-2026 21:54:40,6791,7607,1407,16384,23.666666666666668,99.0,16924,VDD_IN,28752,7866,7938,16837,16924,3900,3890,20.0,2.0,6.0,24.0,26.0,64.0,62.75,63.5,62.437,61.5,61.625,63.5
08-11-2026 21:54:41,6791,7607,1407,16384,13.666666666666666,99.0,17801,VDD_IN,30546,7870,8744,16840,17801,3901,4001,7.0,3.0,1.0,2.0,0.0,69.0,62.562,64.187,62.468,61.593,61.781,64.187
08-11-2026 21:54:42,6792,7607,1407,16384,12.333333333333334,98.0,17526,VDD_IN,29959,7872,8510,16843,17526,3901,3923,3.0,2.0,2.0,3.0,0.0,64.0,62.656,64.156,62.468,61.5,61.812,64.156
08-11-2026 21:54:43,6793,7607,1407,16384,17.833333333333332,98.0,17604,VDD_IN,30090,7875,8524,16846,17604,3901,3962,11.0,22.0,8.0,4.0,3.0,59.0,62.718,64.156,62.437,61.5,61.812,64.156
08-11-2026 21:54:44,6793,7607,1407,16384,11.666666666666666,98.0,17329,VDD_IN,29541,7876,8211,16848,17329,3901,4001,6.0,1.0,1.0,3.0,0.0,59.0,62.968,63.968,62.468,61.531,61.687,63.968
08-11-2026 21:54:45,6796,7607,1407,16384,19.166666666666668,98.0,17447,VDD_IN,29659,7877,8172,16850,17447,3902,4040,8.0,6.0,3.0,39.0,0.0,59.0,62.906,63.843,62.562,61.562,61.781,63.843
08-11-2026 21:54:46,6796,7607,1407,16384,20.166666666666668,98.0,16936,VDD_IN,28581,7876,7559,16851,16936,3903,4086,24.0,6.0,2.0,30.0,0.0,59.0,62.937,63.75,62.531,61.468,61.625,63.75
08-11-2026 21:54:47,6796,7607,1407,16384,10.5,98.0,16334,VDD_IN,27704,7874,7441,16849,16334,3903,3929,6.0,0.0,0.0,2.0,0.0,55.0,62.906,63.593,62.437,61.468,61.718,63.593
08-11-2026 21:54:48,6796,7607,1407,16384,12.666666666666666,99.0,17015,VDD_IN,28999,7875,8055,16849,17015,3903,3929,3.0,2.0,2.0,1.0,0.0,68.0,62.656,63.75,62.437,61.531,61.75,63.75
08-11-2026 21:54:49,6797,7607,1407,16384,19.0,98.0,17486,VDD_IN,29971,7878,8602,16852,17486,3903,3883,13.0,18.0,8.0,5.0,1.0,69.0,62.75,64.031,62.593,61.562,61.812,64.031
08-11-2026 21:54:50,6797,7607,1407,16384,11.833333333333334,97.0,17329,VDD_IN,29619,7880,8407,16853,17329,3903,3883,5.0,2.0,1.0,6.0,0.0,57.0,62.656,63.968,62.593,61.468,61.718,63.968
08-11-2026 21:54:51,6799,7607,1407,16384,20.5,98.0,17604,VDD_IN,30076,7882,8510,16856,17604,3903,3962,4.0,8.0,2.0,51.0,0.0,58.0,63.062,63.812,62.375,61.5,61.812,63.812
08-11-2026 21:54:52,6800,7607,1407,16384,18.0,90.0,17133,VDD_IN,29150,7883,8055,16857,17133,3903,3962,4.0,9.0,20.0,17.0,0.0,58.0,62.906,63.812,62.343,61.468,61.781,63.812
08-11-2026 21:54:53,6800,7607,1407,16384,11.833333333333334,93.0,16897,VDD_IN,28542,7882,7598,16857,16897,3904,4047,4.0,5.0,1.0,3.0,22.0,36.0,62.718,63.781,62.468,61.593,61.718,63.781
08-11-2026 21:54:54,6800,7607,1407,16384,16.333333333333332,98.0,16767,VDD_IN,28178,7880,7285,16857,16767,3905,4126,5.0,13.0,11.0,8.0,61.0,0.0,63.062,63.656,62.593,61.625,61.812,63.656
08-11-2026 21:54:55,6800,7607,1407,16384,11.166666666666666,97.0,16295,VDD_IN,27705,7878,7559,16855,16295,3904,3851,2.0,2.0,0.0,4.0,59.0,0.0,62.468,63.718,62.562,61.375,61.75,63.718
08-11-2026 21:54:56,6800,7607,1407,16384,13.5,98.0,17526,VDD_IN,29895,7880,8329,16858,17526,3905,4040,6.0,2.0,1.0,3.0,69.0,0.0,62.687,63.812,62.468,61.531,61.687,63.812
08-11-2026 21:54:57,6801,7607,1407,16384,24.0,98.0,17850,VDD_IN,30673,7884,8940,16861,17850,3905,3883,3.0,3.0,6.0,64.0,68.0,0.0,63.093,64.281,62.468,61.562,61.75,64.281
08-11-2026 21:54:58,6801,7607,1407,16384,16.166666666666668,98.0,17447,VDD_IN,29855,7886,8485,16863,17447,3905,3923,22.0,6.0,5.0,4.0,60.0,0.0,62.656,64.312,62.562,61.593,61.781,64.312
08-11-2026 21:54:59,6801,7607,1407,16384,11.666666666666666,98.0,17250,VDD_IN,29462,7887,8250,16865,17250,3905,3962,2.0,7.0,1.0,1.0,34.0,25.0,62.937,64.343,62.468,61.625,61.781,64.343
08-11-2026 21:55:00,6801,7607,1407,16384,16.666666666666668,98.0,17133,VDD_IN,29150,7888,8016,16866,17133,3905,4001,14.0,4.0,13.0,9.0,0.0,60.0,62.593,64.312,62.625,61.625,61.781,64.312
08-11-2026 21:55:01,6801,7607,1407,16384,11.333333333333334,98.0,16885,VDD_IN,28491,7887,7559,16866,16885,3906,4047,1.0,7.0,1.0,1.0,0.0,58.0,62.687,64.25,62.406,61.562,61.75,64.25
08-11-2026 21:55:02,6802,7607,1407,16384,10.833333333333334,99.0,16452,VDD_IN,27589,7884,7011,16864,16452,3907,4126,3.0,3.0,1.0,2.0,0.0,56.0,63.0,63.718,62.468,61.531,61.656,63.718
08-11-2026 21:55:03,6802,7607,1407,16384,25.666666666666668,99.0,16936,VDD_IN,28881,7884,8055,16865,16936,3907,3890,9.0,4.0,10.0,66.0,0.0,65.0,62.937,63.562,62.531,61.562,61.781,63.562
08-11-2026 21:55:04,6802,7607,1407,16384,16.833333333333332,99.0,17683,VDD_IN,30311,7887,8666,16868,17683,3907,3962,4.0,10.0,11.0,5.0,0.0,71.0,62.75,64.281,62.531,61.437,61.968,64.281
08-11-2026 21:55:05,6803,7607,1407,16384,17.0,98.0,17565,VDD_IN,30089,7890,8641,16870,17565,3907,3883,11.0,10.0,6.0,7.0,5.0,63.0,62.656,64.156,62.625,61.5,61.843,64.156
08-11-2026 21:55:06,6803,7607,1407,16384,11.166666666666666,98.0,17290,VDD_IN,29503,7891,8290,16872,17290,3907,3923,3.0,1.0,1.0,2.0,1.0,59.0,62.656,64.062,62.5,61.468,61.812,64.062
08-11-2026 21:55:07,6803,7607,1407,16384,11.5,98.0,17211,VDD_IN,29267,7892,8094,16873,17211,3907,3962,3.0,2.0,1.0,4.0,0.0,59.0,62.75,64.031,62.5,61.562,61.812,64.031
08-11-2026 21:55:08,6804,7607,1407,16384,11.333333333333334,98.0,16975,VDD_IN,28757,7891,7781,16873,16975,3907,4001,1.0,4.0,1.0,3.0,0.0,59.0,62.625,63.937,62.531,61.656,61.687,63.937
08-11-2026 21:55:09,6805,7607,1407,16384,27.166666666666668,98.0,17172,VDD_IN,29033,7891,7781,16874,17172,3908,4080,10.0,68.0,21.0,5.0,0.0,59.0,62.781,63.812,62.5,61.5,61.937,63.812
08-11-2026 21:55:10,6805,7607,1407,16384,11.333333333333334,98.0,16295,VDD_IN,27587,7889,7402,16872,16295,3908,3890,4.0,3.0,1.0,5.0,0.0,55.0,62.593,63.687,62.625,61.531,61.781,63.687
08-11-2026 21:55:11,6805,7607,1407,16384,17.666666666666668,99.0,17211,VDD_IN,29345,7890,8172,16873,17211,3908,3962,4.0,4.0,6.0,19.0,4.0,69.0,62.718,63.937,62.468,61.5,61.781,63.937
08-11-2026 21:55:12,6805,7607,1407,16384,13.5,98.0,17486,VDD_IN,29957,7893,8588,16875,17486,3908,3883,3.0,5.0,2.0,2.0,0.0,69.0,62.781,64.031,62.5,61.593,61.781,64.031
08-11-2026 21:55:13,6805,7607,1407,16384,11.166666666666666,98.0,17368,VDD_IN,29736,7895,8485,16877,17368,3908,3883,2.0,4.0,1.0,2.0,0.0,58.0,62.468,64.125,62.531,61.593,61.75,64.125
08-11-2026 21:55:14,6807,7607,1407,16384,13.666666666666666,98.0,17329,VDD_IN,29620,7896,8329,16879,17329,3908,3962,12.0,3.0,6.0,2.0,0.0,59.0,62.687,64.093,62.531,61.437,61.937,64.093
08-11-2026 21:55:15,6806,7607,1407,16384,26.0,98.0,17447,VDD_IN,29738,7898,8290,16881,17447,3908,4001,5.0,66.0,20.0,6.0,0.0,59.0,62.656,64.093,62.437,61.5,61.718,64.093
08-11-2026 21:55:16,6806,7607,1406,16384,20.166666666666668,97.0,17172,VDD_IN,29072,7897,7820,16882,17172,3909,4080,10.0,6.0,5.0,30.0,12.0,58.0,62.937,64.031,62.437,61.531,61.875,64.031
08-11-2026 21:55:17,6807,7607,1406,16384,13.666666666666666,99.0,16728,VDD_IN,28060,7895,7167,16881,16728,3910,4165,5.0,4.0,8.0,6.0,0.0,59.0,63.031,63.843,62.593,61.593,61.687,63.843
08-11-2026 21:55:18,6808,7607,1406,16384,13.166666666666666,97.0,16373,VDD_IN,27783,7894,7520,16879,16373,3910,3890,3.0,3.0,4.0,5.0,4.0,60.0,62.468,63.656,62.593,61.406,61.812,63.656
08-11-2026 21:55:19,6808,7607,1406,16384,13.833333333333334,99.0,17643,VDD_IN,30169,7896,8446,16882,17643,3910,4080,3.0,5.0,2.0,3.0,70.0,0.0,62.593,63.937,62.562,61.406,61.968,63.937
08-11-2026 21:55:20,6809,7607,1406,16384,16.0,98.0,17722,VDD_IN,30429,7899,8784,16885,17722,3910,3923,6.0,2.0,2.0,19.0,67.0,0.0,62.968,64.031,62.531,61.5,61.812,64.031
08-11-2026 21:55:21,6812,7607,1406,16384,24.166666666666668,98.0,17722,VDD_IN,30389,7901,8744,16888,17722,3910,3923,7.0,22.0,2.0,54.0,60.0,0.0,62.875,64.093,62.562,61.593,61.812,64.093
08-11-2026 21:55:22,6811,7607,1406,16384,16.166666666666668,98.0,17408,VDD_IN,29738,7903,8368,16889,17408,3911,3962,19.0,5.0,9.0,4.0,60.0,0.0,62.75,64.062,62.531,61.5,61.718,64.062
08-11-2026 21:55:23,6812,7607,1406,16384,11.333333333333334,98.0,17172,VDD_IN,29189,7903,8016,16890,17172,3911,4001,3.0,3.0,4.0,0.0,58.0,0.0,62.406,64.25,62.593,61.437,61.687,64.25
08-11-2026 21:55:24,6813,7607,1406,16384,11.666666666666666,98.0,16897,VDD_IN,28530,7902,7586,16890,16897,3911,4047,19.0,2.0,2.0,1.0,46.0,0.0,62.562,64.187,62.625,61.437,61.781,64.187
08-11-2026 21:55:25,6813,7607,1406,16384,11.333333333333334,99.0,16491,VDD_IN,27628,7899,7011,16889,16491,3912,4126,59.0,2.0,3.0,4.0,0.0,0.0,62.781,63.625,62.406,61.593,61.781,63.625
08-11-2026 21:55:26,6814,7607,1406,16384,17.5,99.0,16688,VDD_IN,28411,7899,7872,16888,16688,3912,3851,86.0,4.0,5.0,4.0,6.0,0.0,63.0,63.687,62.5,61.562,61.968,63.687
08-11-2026 21:55:27,6814,7607,1406,16384,24.0,99.0,17929,VDD_IN,30792,7902,8823,16892,17929,3912,4040,39.0,23.0,7.0,6.0,69.0,0.0,63.031,64.562,62.593,61.625,61.906,64.562
08-11-2026 21:55:28,6825,7607,1406,16384,18.166666666666668,98.0,17683,VDD_IN,30272,7905,8666,16895,17683,3912,3923,5.0,4.0,9.0,22.0,5.0,64.0,62.562,64.5,62.593,61.687,61.875,64.5
08-11-2026 21:55:29,6837,7607,1406,16384,22.5,98.0,17604,VDD_IN,30154,7907,8588,16897,17604,3913,3962,24.0,11.0,11.0,24.0,54.0,11.0,62.656,64.562,62.593,61.5,61.875,64.562
08-11-2026 21:55:30,6831,7607,1406,16384,25.833333333333332,98.0,17811,VDD_IN,30478,7910,8705,16900,17811,3913,3962,14.0,4.0,68.0,10.0,59.0,0.0,63.031,64.0,62.406,61.625,61.906,64.0
08-11-2026 21:55:31,6831,7607,1406,16384,15.0,98.0,17211,VDD_IN,29228,7910,8016,16901,17211,3913,4001,18.0,2.0,2.0,9.0,59.0,0.0,62.937,64.218,62.5,61.625,61.75,64.218
08-11-2026 21:55:32,6832,7607,1406,16384,19.666666666666668,98.0,17250,VDD_IN,29189,7910,7859,16902,17250,3914,4080,42.0,5.0,5.0,6.0,60.0,0.0,63.0,64.125,62.593,61.593,61.968,64.125
08-11-2026 21:55:33,6835,7607,1406,16384,23.333333333333332,97.0,16688,VDD_IN,28216,7908,7481,16901,16688,3914,4047,40.0,10.0,23.0,10.0,53.0,4.0,62.781,63.625,62.656,61.812,61.968,63.625
08-11-2026 21:55:34,6835,7607,1406,16384,12.666666666666666,99.0,16728,VDD_IN,28490,7908,7872,16901,16728,3914,3890,1.0,3.0,0.0,7.0,0.0,65.0,62.687,63.812,62.875,61.562,62.0,63.812
08-11-2026 21:55:35,6835,7607,1406,16384,13.166666666666666,95.0,17447,VDD_IN,29933,7910,8563,16903,17447,3914,3923,3.0,1.0,1.0,4.0,0.0,70.0,62.875,64.312,62.5,61.656,62.0,64.312
08-11-2026 21:55:36,6835,7607,1406,16384,12.333333333333334,98.0,17408,VDD_IN,29816,7912,8485,16904,17408,3914,3923,2.0,4.0,2.0,4.0,0.0,62.0,63.031,64.062,62.531,61.718,61.906,64.062
08-11-2026 21:55:37,6832,7607,1406,16384,13.0,98.0,17408,VDD_IN,29738,7914,8368,16906,17408,3914,3962,5.0,3.0,6.0,4.0,34.0,26.0,62.843,64.093,62.531,61.75,61.968,64.093
08-11-2026 21:55:38,6831,7607,1406,16384,21.166666666666668,98.0,17643,VDD_IN,30115,7916,8471,16908,17643,3914,4001,16.0,3.0,8.0,7.0,34.0,59.0,62.812,64.093,62.625,61.781,62.031,64.093
08-11-2026 21:55:39,6832,7607,1404,16384,22.333333333333332,98.0,17172,VDD_IN,29111,7916,7899,16909,17172,3915,4040,20.0,15.0,9.0,26.0,4.0,60.0,62.875,64.031,62.75,61.625,61.875,64.031
08-11-2026 21:55:40,6833,7607,1404,16384,11.333333333333334,98.0,16767,VDD_IN,28178,7914,7285,16909,16767,3915,4126,1.0,3.0,3.0,3.0,0.0,58.0,62.937,63.906,62.593,61.656,61.906,63.906
08-11-2026 21:55:41,6833,7607,1404,16384,11.0,99.0,16295,VDD_IN,27666,7912,7481,16907,16295,3915,3890,2.0,3.0,2.0,4.0,0.0,55.0,62.812,64.093,62.625,61.781,61.843,64.093
08-11-2026 21:55:42,6833,7607,1404,16384,13.5,98.0,17290,VDD_IN,29463,7913,8211,16908,17290,3916,3962,2.0,4.0,4.0,2.0,69.0,0.0,62.656,64.281,62.687,61.812,61.937,64.281
08-11-2026 21:55:43,6833,7607,1404,16384,13.833333333333334,98.0,17526,VDD_IN,30011,7915,8602,16910,17526,3915,3883,3.0,3.0,3.0,4.0,70.0,0.0,62.718,64.437,62.718,61.625,61.875,64.437
08-11-2026 21:55:44,6834,7607,1404,16384,16.166666666666668,98.0,17643,VDD_IN,30168,7917,8602,16912,17643,3915,3923,9.0,11.0,9.0,10.0,58.0,0.0,62.937,64.187,62.625,61.718,61.875,64.187
08-11-2026 21:55:45,6834,7607,1403,16384,11.166666666666666,98.0,17368,VDD_IN,29581,7919,8290,16914,17368,3915,3923,3.0,4.0,0.0,2.0,58.0,0.0,62.718,64.156,62.625,61.687,61.875,64.156
08-11-2026 21:55:46,6835,7607,1403,16384,11.5,98.0,17133,VDD_IN,29111,7919,7977,16914,17133,3916,4001,1.0,4.0,3.0,2.0,59.0,0.0,62.906,64.062,62.687,61.781,61.937,64.062
08-11-2026 21:55:47,6835,7607,1403,16384,11.833333333333334,92.0,16975,VDD_IN,28680,7918,7625,16914,16975,3916,4080,6.0,2.0,4.0,1.0,58.0,0.0,62.593,63.968,62.687,61.625,61.968,63.968
08-11-2026 21:55:48,6835,7607,1403,16384,10.666666666666666,99.0,16649,VDD_IN,27942,7915,7128,16914,16649,3917,4165,0.0,1.0,1.0,3.0,59.0,0.0,62.937,64.093,62.562,61.562,61.843,64.093
08-11-2026 21:55:49,6836,7607,1403,16384,12.5,96.0,16334,VDD_IN,27744,7914,7520,16912,16334,3917,3890,2.0,4.0,3.0,5.0,61.0,0.0,62.812,64.062,62.593,61.718,61.875,64.062
08-11-2026 21:55:50,6836,7607,1403,16384,17.0,99.0,17683,VDD_IN,30273,7916,8510,16914,17683,3917,4080,3.0,15.0,4.0,10.0,69.0,1.0,62.843,64.5,62.75,61.687,62.125,64.5
08-11-2026 21:55:51,6836,7607,1403,16384,12.666666666666666,98.0,17486,VDD_IN,29972,7918,8563,16916,17486,3917,3923,2.0,1.0,3.0,3.0,67.0,0.0,62.875,64.531,62.593,61.75,61.906,64.531
08-11-2026 21:55:52,6836,7607,1403,16384,11.666666666666666,98.0,17486,VDD_IN,29894,7920,8485,16918,17486,3918,3923,1.0,2.0,5.0,2.0,60.0,0.0,62.593,64.531,62.781,61.593,61.937,64.531
08-11-2026 21:55:53,6837,7607,1403,16384,11.666666666666666,98.0,17368,VDD_IN,29620,7921,8290,16919,17368,3918,3962,3.0,1.0,4.0,2.0,1.0,59.0,62.812,64.593,62.562,61.593,61.968,64.25
08-11-2026 21:55:54,6838,7607,1403,16384,12.333333333333334,98.0,17211,VDD_IN,29228,7921,8016,16920,17211,3918,4001,8.0,3.0,2.0,3.0,0.0,58.0,62.875,64.156,62.656,61.656,61.781,64.156
08-11-2026 21:55:55,6839,7607,1403,16384,15.166666666666666,98.0,17093,VDD_IN,28915,7921,7742,16920,17093,3918,4080,8.0,5.0,19.0,2.0,0.0,57.0,62.593,64.125,62.593,61.718,61.906,64.125
08-11-2026 21:55:56,6839,7607,1403,16384,11.166666666666666,99.0,16531,VDD_IN,27707,7918,7011,16919,16531,3919,4165,3.0,2.0,1.0,4.0,0.0,57.0,63.031,63.531,62.718,61.75,61.906,63.531
08-11-2026 21:55:57,6839,7607,1403,16384,12.0,81.0,16373,VDD_IN,27783,7917,7559,16918,16373,3919,3851,4.0,1.0,3.0,2.0,0.0,62.0,62.5,63.656,62.687,61.593,61.812,63.656
08-11-2026 21:55:58,6839,7607,1403,16384,13.5,99.0,17732,VDD_IN,30399,7919,8627,16920,17732,3919,4040,2.0,2.0,6.0,2.0,0.0,69.0,62.906,64.25,62.562,61.718,62.0,64.25
08-11-2026 21:55:59,6840,7607,1403,16384,12.0,98.0,17486,VDD_IN,29933,7921,8524,16922,17486,3919,3923,1.0,1.0,5.0,2.0,0.0,63.0,63.0,64.062,62.562,61.625,62.0,64.062
08-11-2026 21:56:00,6840,7607,1403,16384,11.666666666666666,98.0,17447,VDD_IN,29855,7922,8446,16923,17447,3919,3962,4.0,1.0,3.0,3.0,0.0,59.0,62.656,64.125,62.625,61.75,62.031,64.125
08-11-2026 21:56:01,6841,7607,1403,16384,16.5,98.0,17329,VDD_IN,29581,7923,8290,16925,17329,3920,3962,5.0,5.0,16.0,9.0,3.0,61.0,62.781,64.156,62.75,61.687,62.0,64.156
08-11-2026 21:56:02,6841,7607,1403,16384,11.5,98.0,17172,VDD_IN,29150,7923,7938,16925,17172,3920,4040,3.0,3.0,2.0,3.0,0.0,58.0,62.843,64.062,62.656,61.593,61.875,64.062
08-11-2026 21:56:03,6842,7607,1403,16384,11.5,98.0,16857,VDD_IN,28463,7922,7520,16925,16857,3920,4086,3.0,2.0,4.0,3.0,0.0,57.0,62.843,64.187,62.562,61.656,61.75,64.187
08-11-2026 21:56:04,6842,7607,1403,16384,12.0,99.0,16491,VDD_IN,27823,7920,7285,16924,16491,3921,4047,3.0,1.0,9.0,1.0,1.0,57.0,63.0,63.656,62.656,61.625,62.031,63.656
08-11-2026 21:56:05,6823,7607,1385,16384,30.166666666666668,99.0,17093,VDD_IN,29188,7921,8172,16924,17093,3921,3923,24.0,26.0,23.0,15.0,25.0,68.0,62.562,63.906,62.625,61.718,61.968,63.906
08-11-2026 21:56:06,6825,7607,1385,16384,18.5,98.0,17761,VDD_IN,30428,7924,8744,16927,17761,3921,3923,8.0,15.0,9.0,7.0,1.0,71.0,62.812,64.312,62.593,61.593,62.031,64.312
08-11-2026 21:56:07,6826,7607,1385,16384,11.5,93.0,17447,VDD_IN,29855,7925,8485,16928,17447,3921,3923,4.0,1.0,2.0,2.0,0.0,60.0,62.812,64.312,62.562,61.625,61.875,64.312
08-11-2026 21:56:08,6826,7607,1385,16384,11.5,93.0,17368,VDD_IN,29659,7926,8329,16930,17368,3921,3962,3.0,3.0,1.0,3.0,0.0,59.0,63.031,64.375,62.593,61.656,61.937,64.187
08-11-2026 21:56:09,6827,7607,1385,16384,11.666666666666666,98.0,17250,VDD_IN,29345,7927,8094,16931,17250,3921,4001,2.0,5.0,2.0,2.0,0.0,59.0,62.968,64.062,62.625,61.718,61.875,64.062
08-11-2026 21:56:10,6827,7607,1385,16384,11.0,98.0,17054,VDD_IN,28875,7926,7781,16931,17054,3922,4040,2.0,3.0,1.0,2.0,0.0,58.0,62.718,64.093,62.687,61.843,61.968,64.093
08-11-2026 21:56:11,6828,7607,1385,16384,11.333333333333334,98.0,16806,VDD_IN,28295,7925,7363,16931,16806,3922,4126,2.0,3.0,3.0,1.0,0.0,59.0,62.812,64.0,62.687,61.531,61.812,64.0
08-11-2026 21:56:12,6828,7607,1385,16384,15.333333333333334,99.0,16452,VDD_IN,27940,7924,7559,16929,16452,3922,3929,5.0,6.0,8.0,17.0,1.0,55.0,62.812,63.906,62.531,61.562,61.843,63.906
08-11-2026 21:56:13,6828,7607,1385,16384,13.166666666666666,99.0,17133,VDD_IN,29189,7924,8133,16930,17133,3922,3923,1.0,2.0,2.0,4.0,1.0,69.0,62.687,64.093,62.687,61.625,61.968,64.093
08-11-2026 21:56:14,6829,7607,1385,16384,14.166666666666666,98.0,17526,VDD_IN,30011,7926,8602,16931,17526,3922,3883,6.0,3.0,2.0,4.0,0.0,70.0,62.875,64.437,62.593,61.687,62.0,64.437
08-11-2026 21:56:15,6829,7607,1385,16384,11.166666666666666,97.0,17368,VDD_IN,29737,7928,8446,16933,17368,3922,3923,5.0,1.0,1.0,2.0,0.0,58.0,62.468,64.343,62.656,61.812,61.937,64.343
08-11-2026 21:56:16,6830,7607,1385,16384,11.666666666666666,97.0,17290,VDD_IN,29502,7929,8250,16934,17290,3922,3962,4.0,2.0,1.0,3.0,0.0,60.0,62.625,64.375,62.468,61.625,61.812,64.375
08-11-2026 21:56:17,6829,7607,1385,16384,15.166666666666666,92.0,17329,VDD_IN,29463,7929,8133,16935,17329,3922,4001,7.0,3.0,12.0,6.0,4.0,59.0,63.093,64.468,62.593,61.625,61.937,64.093
08-11-2026 21:56:18,6829,7607,1385,16384,12.833333333333334,94.0,16975,VDD_IN,28686,7929,7664,16935,16975,3923,4047,9.0,1.0,6.0,3.0,0.0,58.0,63.0,64.125,62.593,61.718,61.812,64.125
08-11-2026 21:56:19,6829,7607,1385,16384,11.833333333333334,98.0,16688,VDD_IN,27981,7926,7167,16934,16688,3923,4126,5.0,2.0,2.0,2.0,0.0,60.0,62.812,63.906,62.562,61.75,61.906,63.906
08-11-2026 21:56:20,6830,7607,1385,16384,11.166666666666666,96.0,16334,VDD_IN,27744,7925,7559,16933,16334,3923,3851,4.0,2.0,1.0,1.0,0.0,59.0,62.531,63.906,62.75,61.593,61.843,63.906
08-11-2026 21:56:21,6830,7607,1385,16384,13.5,99.0,17643,VDD_IN,30130,7927,8407,16935,17643,3924,4080,5.0,2.0,1.0,3.0,0.0,70.0,62.687,64.093,62.531,61.593,61.937,64.093
08-11-2026 21:56:22,6830,7607,1385,16384,12.666666666666666,98.0,17526,VDD_IN,30011,7929,8602,16936,17526,3923,3883,3.0,0.0,2.0,2.0,1.0,68.0,62.843,64.218,62.593,61.656,61.875,64.218
08-11-2026 21:56:23,6829,7607,1385,16384,17.5,98.0,17604,VDD_IN,30090,7930,8563,16938,17604,3923,3923,17.0,12.0,8.0,8.0,1.0,59.0,63.093,64.062,62.593,61.656,61.875,64.062
08-11-2026 21:56:24,6830,7607,1385,16384,12.166666666666666,98.0,17368,VDD_IN,29620,7931,8290,16939,17368,3924,3962,2.0,2.0,4.0,5.0,1.0,59.0,62.656,64.062,62.625,61.656,61.906,64.062
08-11-2026 21:56:25,6830,7607,1385,16384,11.166666666666666,98.0,17172,VDD_IN,29189,7932,8016,16940,17172,3924,4001,1.0,1.0,5.0,2.0,0.0,58.0,62.781,64.0,62.625,61.593,61.906,64.0
08-11-2026 21:56:26,6831,7607,1385,16384,11.5,98.0,16897,VDD_IN,28563,7931,7586,16940,16897,3924,4080,2.0,3.0,5.0,1.0,0.0,58.0,62.718,64.031,62.562,61.5,61.718,64.031
08-11-2026 21:56:27,6831,7607,1385,16384,10.833333333333334,99.0,16452,VDD_IN,27667,7928,7089,16938,16452,3925,4126,2.0,2.0,4.0,1.0,0.0,56.0,62.937,63.375,62.593,61.656,61.906,63.375
08-11-2026 21:56:28,6831,7607,1385,16384,12.833333333333334,99.0,16649,VDD_IN,28294,7928,7755,16938,16649,3925,3890,2.0,3.0,6.0,3.0,0.0,63.0,63.156,63.687,62.562,61.687,61.843,63.687
08-11-2026 21:56:29,6829,7607,1385,16384,18.166666666666668,99.0,17722,VDD_IN,30350,7930,8705,16940,17722,3925,3923,6.0,5.0,14.0,11.0,3.0,70.0,62.625,64.468,62.625,61.75,61.906,64.468
08-11-2026 21:56:30,6830,7607,1385,16384,12.0,98.0,17486,VDD_IN,29933,7932,8524,16941,17486,3925,3923,2.0,2.0,0.0,4.0,1.0,63.0,62.75,64.343,62.625,61.468,61.937,64.343
08-11-2026 21:56:31,6830,7607,1385,16384,12.166666666666666,98.0,17408,VDD_IN,29699,7933,8368,16943,17408,3925,3923,5.0,1.0,2.0,5.0,0.0,60.0,62.875,64.281,62.531,61.562,61.875,64.281
08-11-2026 21:56:32,6831,7607,1385,16384,11.666666666666666,98.0,17290,VDD_IN,29424,7933,8172,16944,17290,3925,3962,2.0,2.0,1.0,6.0,1.0,58.0,62.843,64.343,62.593,61.593,61.812,64.343
08-11-2026 21:56:33,6831,7607,1385,16384,11.666666666666666,98.0,17093,VDD_IN,28953,7933,7820,16944,17093,3925,4040,3.0,2.0,2.0,4.0,0.0,59.0,63.0,64.25,62.593,61.656,61.937,64.25
08-11-2026 21:56:34,6833,7607,1385,16384,16.666666666666668,98.0,16975,VDD_IN,28641,7932,7547,16944,16975,3926,4119,8.0,7.0,3.0,22.0,1.0,59.0,62.75,64.187,62.625,61.687,61.906,64.187
08-11-2026 21:56:35,6834,7607,1385,16384,10.833333333333334,96.0,16413,VDD_IN,27783,7931,7402,16943,16413,3926,3968,6.0,1.0,1.0,1.0,0.0,56.0,62.687,63.531,62.656,61.531,61.906,63.531
08-11-2026 21:56:36,6834,7607,1385,16384,13.166666666666666,99.0,17015,VDD_IN,28993,7931,8055,16943,17015,3926,3923,6.0,2.0,1.0,2.0,0.0,68.0,62.531,63.781,62.593,61.656,61.843,63.781
08-11-2026 21:56:37,6834,7607,1384,16384,14.333333333333334,98.0,17486,VDD_IN,29971,7933,8602,16944,17486,3926,3883,5.0,2.0,1.0,2.0,6.0,70.0,62.656,64.156,62.5,61.531,61.906,64.156
08-11-2026 21:56:38,6835,7607,1384,16384,11.5,98.0,17408,VDD_IN,29738,7934,8407,16946,17408,3926,3923,5.0,3.0,2.0,1.0,0.0,58.0,62.906,64.031,62.593,61.656,61.968,64.031
08-11-2026 21:56:39,6835,7607,1384,16384,11.666666666666666,93.0,17329,VDD_IN,29541,7935,8250,16947,17329,3926,3962,4.0,2.0,3.0,3.0,0.0,58.0,62.593,64.125,62.593,61.75,61.875,64.125
08-11-2026 21:56:40,6836,7607,1384,16384,16.166666666666668,92.0,17250,VDD_IN,29345,7935,8094,16947,17250,3926,4001,10.0,19.0,3.0,5.0,2.0,58.0,62.687,64.375,62.687,61.593,61.843,64.375
08-11-2026 21:56:41,6836,7607,1384,16384,11.833333333333334,98.0,17015,VDD_IN,28719,7935,7664,16948,17015,3926,4040,3.0,1.0,2.0,5.0,1.0,59.0,62.843,64.375,62.593,61.5,61.843,64.375
08-11-2026 21:56:42,6837,7607,1384,16384,11.333333333333334,98.0,16688,VDD_IN,28020,7933,7206,16947,16688,3927,4126,2.0,0.0,3.0,4.0,0.0,59.0,62.687,64.125,62.656,61.625,61.75,64.125
08-11-2026 21:56:43,6837,7607,1384,16384,11.5,98.0,16334,VDD_IN,27744,7932,7559,16945,16334,3926,3851,3.0,1.0,1.0,5.0,0.0,59.0,62.718,64.281,62.656,61.656,61.781,64.281
08-11-2026 21:56:44,6837,7607,1384,16384,14.166666666666666,99.0,17604,VDD_IN,30038,7933,8354,16947,17604,3927,4080,2.0,5.0,2.0,5.0,1.0,70.0,62.593,63.968,62.625,61.531,62.031,64.187
08-11-2026 21:56:45,6839,7607,1384,16384,17.833333333333332,98.0,17761,VDD_IN,30428,7935,8744,16949,17761,3927,3923,7.0,6.0,20.0,5.0,0.0,69.0,62.781,64.281,62.625,61.625,61.906,64.281
08-11-2026 21:56:46,6839,7607,1384,16384,11.666666666666666,98.0,17486,VDD_IN,29933,7937,8524,16951,17486,3927,3923,2.0,5.0,2.0,1.0,0.0,60.0,62.843,64.187,62.5,61.593,61.812,64.187
08-11-2026 21:56:47,6840,7607,1384,16384,11.5,98.0,17368,VDD_IN,29659,7938,8329,16952,17368,3927,3962,2.0,3.0,4.0,2.0,0.0,58.0,62.593,64.156,62.562,61.593,61.781,64.156
08-11-2026 21:56:48,6840,7607,1384,16384,11.5,98.0,17211,VDD_IN,29267,7938,8055,16952,17211,3927,4001,2.0,6.0,1.0,3.0,0.0,57.0,62.906,64.187,62.625,61.718,61.875,64.187
08-11-2026 21:56:49,6841,7607,1384,16384,11.166666666666666,98.0,16936,VDD_IN,28647,7937,7625,16952,16936,3928,4086,4.0,4.0,2.0,0.0,0.0,57.0,62.593,64.156,62.593,61.531,61.843,63.906
08-11-2026 21:56:50,6841,7607,1384,16384,11.333333333333334,99.0,16531,VDD_IN,27707,7935,7050,16951,16531,3928,4126,3.0,2.0,5.0,1.0,0.0,57.0,62.906,63.343,62.593,61.593,61.937,63.343
08-11-2026 21:56:51,6844,7607,1384,16384,17.666666666666668,99.0,16688,VDD_IN,28372,7934,7794,16950,16688,3928,3890,14.0,11.0,5.0,11.0,1.0,64.0,62.687,63.656,62.5,61.531,61.812,63.656
08-11-2026 21:56:52,6844,7607,1384,16384,13.666666666666666,99.0,17732,VDD_IN,30438,7936,8705,16952,17732,3928,4001,2.0,5.0,3.0,2.0,0.0,70.0,62.593,64.218,62.593,61.625,61.875,64.218
08-11-2026 21:56:53,6845,7607,1384,16384,12.166666666666666,98.0,17486,VDD_IN,29933,7938,8524,16954,17486,3928,3923,2.0,2.0,4.0,2.0,0.0,63.0,62.781,64.125,62.625,61.75,61.875,64.125
08-11-2026 21:56:54,6845,7607,1384,16384,11.333333333333334,98.0,17447,VDD_IN,29816,7939,8407,16955,17447,3928,3962,3.0,1.0,4.0,1.0,0.0,59.0,62.75,64.093,62.656,61.593,61.843,64.093
08-11-2026 21:56:56,6835,7607,1384,16384,17.0,0.0,9816,VDD_IN,15761,7927,3208,16937,9816,3925,2737,23.0,6.0,8.0,27.0,12.0,26.0,62.093,62.0,62.375,61.5,61.218,62.375
08-11-2026 21:56:57,6982,7607,1384,16384,77.83333333333333,99.0,9777,VDD_IN,15215,7915,3253,16918,9777,3921,2185,76.0,88.0,74.0,76.0,80.0,73.0,62.093,62.156,62.031,61.406,61.093,62.156
08-11-2026 21:56:58,6986,7607,1384,16384,14.166666666666666,99.0,16137,VDD_IN,27351,7914,7481,16916,16137,3920,3733,3.0,3.0,9.0,6.0,64.0,0.0,62.531,63.437,62.187,61.406,61.406,63.437
08-11-2026 21:56:59,6986,7607,1384,16384,13.166666666666666,98.0,17604,VDD_IN,30193,7916,8666,16918,17604,3920,3923,35.0,2.0,3.0,2.0,37.0,0.0,62.312,64.156,62.312,61.343,61.718,64.156
08-11-2026 21:57:00,6986,7607,1384,16384,12.666666666666666,98.0,17408,VDD_IN,29816,7917,8485,16919,17408,3920,3923,3.0,2.0,6.0,1.0,1.0,63.0,62.437,63.937,62.343,61.312,61.5,63.937
08-11-2026 21:57:01,6986,7607,1384,16384,11.833333333333334,98.0,17408,VDD_IN,29738,7918,8407,16921,17408,3920,3923,2.0,2.0,4.0,3.0,0.0,60.0,62.687,63.781,62.187,61.406,61.531,63.781
08-11-2026 21:57:02,6986,7607,1384,16384,12.0,98.0,17329,VDD_IN,29502,7919,8211,16922,17329,3920,3962,3.0,3.0,6.0,2.0,0.0,58.0,62.468,63.906,62.281,61.5,61.625,63.906
08-11-2026 21:57:03,6988,7607,1384,16384,16.333333333333332,98.0,17250,VDD_IN,29267,7919,7977,16923,17250,3921,4040,9.0,5.0,6.0,13.0,6.0,59.0,62.75,63.812,62.437,61.5,61.718,64.093
08-11-2026 21:57:04,6988,7607,1384,16384,11.5,98.0,16897,VDD_IN,28504,7918,7481,16922,16897,3921,4126,3.0,2.0,5.0,1.0,0.0,58.0,62.5,64.062,62.406,61.343,61.562,64.062
08-11-2026 21:57:05,6988,7607,1384,16384,11.0,97.0,16452,VDD_IN,27783,7917,7363,16921,16452,3921,3968,2.0,1.0,5.0,2.0,0.0,56.0,62.562,63.593,62.281,61.312,61.625,63.593
08-11-2026 21:57:06,6988,7607,1384,16384,12.833333333333334,99.0,16936,VDD_IN,28842,7917,7977,16921,16936,3921,3929,2.0,2.0,1.0,4.0,0.0,68.0,62.593,63.812,62.375,61.5,61.562,63.812
08-11-2026 21:57:07,6988,7607,1384,16384,14.0,97.0,17526,VDD_IN,30011,7919,8602,16923,17526,3921,3883,2.0,1.0,3.0,8.0,0.0,70.0,62.375,64.218,62.312,61.375,61.593,64.218
08-11-2026 21:57:08,6988,7607,1384,16384,13.166666666666666,97.0,17526,VDD_IN,30012,7920,8563,16924,17526,3921,3923,7.0,2.0,7.0,5.0,0.0,58.0,62.593,63.906,62.375,61.343,61.75,63.906
08-11-2026 21:57:09,6989,7607,1384,16384,14.833333333333334,89.0,17368,VDD_IN,29659,7921,8329,16925,17368,3921,3962,3.0,7.0,13.0,7.0,0.0,59.0,62.406,63.937,62.218,61.375,61.593,63.937
08-11-2026 21:57:10,6989,7607,1384,16384,11.166666666666666,93.0,17211,VDD_IN,29267,7922,8055,16926,17211,3922,4001,1.0,1.0,1.0,5.0,0.0,59.0,62.531,63.937,62.281,61.406,61.593,63.937
08-11-2026 21:57:11,6989,7607,1384,16384,11.333333333333334,98.0,17015,VDD_IN,28797,7921,7742,16926,17015,3922,4040,1.0,3.0,5.0,1.0,0.0,58.0,62.75,63.843,62.375,61.5,61.625,63.843
08-11-2026 21:57:12,6989,7607,1384,16384,11.666666666666666,98.0,16806,VDD_IN,28217,7920,7285,16926,16806,3922,4126,3.0,1.0,3.0,4.0,0.0,59.0,62.593,63.812,62.406,61.531,61.625,63.812
08-11-2026 21:57:13,6989,7607,1384,16384,11.333333333333334,99.0,16334,VDD_IN,27744,7919,7559,16925,16334,3922,3851,2.0,2.0,2.0,4.0,0.0,58.0,62.312,63.781,62.406,61.343,61.593,63.781
08-11-2026 21:57:14,6990,7607,1384,16384,18.0,99.0,17643,VDD_IN,30129,7920,8446,16926,17643,3922,4040,18.0,8.0,8.0,4.0,0.0,70.0,62.531,63.843,62.281,61.406,61.75,63.843
08-11-2026 21:57:15,6990,7607,1384,16384,13.5,98.0,17565,VDD_IN,30115,7922,8627,16928,17565,3922,3923,2.0,2.0,5.0,2.0,0.0,70.0,62.531,63.937,62.375,61.437,61.625,63.937
08-11-2026 21:57:16,6990,7607,1384,16384,11.5,98.0,17486,VDD_IN,29933,7923,8524,16929,17486,3922,3923,3.0,1.0,5.0,1.0,0.0,59.0,62.75,64.062,62.406,61.468,61.625,64.062
08-11-2026 21:57:17,6990,7607,1384,16384,11.0,98.0,17408,VDD_IN,29699,7924,8329,16930,17408,3923,3962,2.0,1.0,1.0,4.0,1.0,57.0,62.5,64.062,62.5,61.437,61.687,64.062
08-11-2026 21:57:18,6990,7607,1384,16384,12.333333333333334,98.0,17211,VDD_IN,29267,7925,8055,16931,17211,3923,4001,2.0,6.0,2.0,6.0,0.0,58.0,62.5,64.093,62.437,61.343,61.625,64.093
08-11-2026 21:57:19,6990,7607,1384,16384,11.666666666666666,97.0,16936,VDD_IN,28602,7924,7586,16931,16936,3923,4080,2.0,1.0,7.0,1.0,0.0,59.0,62.593,63.906,62.343,61.468,61.718,63.906
08-11-2026 21:57:20,6990,7607,1384,16384,16.333333333333332,99.0,16649,VDD_IN,27864,7922,7050,16930,16649,3924,4165,14.0,8.0,9.0,9.0,0.0,58.0,62.687,63.375,62.406,61.468,61.687,63.375
08-11-2026 21:57:21,6991,7607,1384,16384,12.166666666666666,57.0,16373,VDD_IN,27861,7921,7598,16929,16373,3924,3890,2.0,4.0,2.0,2.0,0.0,63.0,62.625,63.375,62.531,61.562,61.625,63.375
08-11-2026 21:57:22,6991,7607,1384,16384,13.166666666666666,99.0,17772,VDD_IN,30439,7923,8627,16931,17772,3924,4040,3.0,4.0,2.0,1.0,0.0,69.0,62.562,64.093,62.5,61.406,61.656,64.093
08-11-2026 21:57:23,6991,7607,1384,16384,13.0,98.0,17526,VDD_IN,30012,7924,8563,16933,17526,3924,3923,3.0,4.0,4.0,2.0,0.0,65.0,62.531,63.968,62.468,61.437,61.656,63.968
08-11-2026 21:57:24,6991,7607,1384,16384,11.5,98.0,17447,VDD_IN,29777,7925,8407,16934,17447,3924,3923,1.0,5.0,3.0,2.0,0.0,58.0,62.656,64.156,62.343,61.468,61.75,64.156
08-11-2026 21:57:25,6993,7607,1384,16384,16.333333333333332,98.0,17486,VDD_IN,29855,7926,8368,16935,17486,3924,4001,5.0,10.0,17.0,6.0,0.0,60.0,62.656,64.125,62.468,61.593,61.75,64.125
08-11-2026 21:57:26,6993,7607,1384,16384,11.166666666666666,98.0,17172,VDD_IN,29150,7926,7938,16936,17172,3924,4040,3.0,0.0,2.0,4.0,0.0,58.0,62.562,64.25,62.562,61.437,61.75,64.25
08-11-2026 21:57:27,6993,7607,1384,16384,11.666666666666666,98.0,16897,VDD_IN,28490,7925,7507,16936,16897,3925,4086,2.0,5.0,3.0,1.0,0.0,59.0,62.718,64.125,62.281,61.437,61.593,64.125
08-11-2026 21:57:28,6993,7607,1384,16384,11.833333333333334,97.0,16491,VDD_IN,27823,7924,7324,16935,16491,3925,4008,1.0,7.0,4.0,3.0,0.0,56.0,62.937,63.343,62.406,61.468,61.75,63.343
08-11-2026 21:57:29,6993,7607,1384,16384,12.833333333333334,99.0,16728,VDD_IN,28490,7924,7872,16934,16728,3925,3890,3.0,1.0,5.0,1.0,0.0,67.0,62.593,63.406,62.468,61.593,61.656,63.406
08-11-2026 21:57:30,6993,7607,1384,16384,13.5,97.0,17447,VDD_IN,29894,7925,8524,16935,17447,3925,3923,2.0,4.0,2.0,3.0,0.0,70.0,62.906,63.937,62.625,61.625,61.781,63.937
08-11-2026 21:57:31,6996,7607,1384,16384,16.5,93.0,17486,VDD_IN,29933,7927,8524,16937,17486,3925,3923,9.0,4.0,17.0,7.0,2.0,60.0,62.531,64.031,62.593,61.375,61.625,64.031
08-11-2026 21:57:32,6996,7607,1384,16384,11.833333333333334,94.0,17408,VDD_IN,29699,7928,8329,16938,17408,3925,3962,2.0,6.0,3.0,2.0,0.0,58.0,62.593,64.0,62.375,61.5,61.687,64.0
08-11-2026 21:57:33,6996,7607,1384,16384,11.5,98.0,17250,VDD_IN,29345,7928,8094,16938,17250,3925,4001,2.0,5.0,2.0,1.0,0.0,59.0,62.843,64.281,62.531,61.5,61.687,64.281
08-11-2026 21:57:34,6997,7607,1384,16384,11.5,98.0,17093,VDD_IN,28953,7928,7820,16939,17093,3925,4040,6.0,1.0,1.0,2.0,0.0,59.0,62.562,64.25,62.593,61.593,61.75,64.25
08-11-2026 21:57:35,6997,7607,1384,16384,11.5,98.0,16846,VDD_IN,28296,7926,7324,16939,16846,3926,4126,3.0,5.0,2.0,1.0,0.0,58.0,62.656,64.156,62.562,61.5,61.781,64.156
08-11-2026 21:57:36,6997,7607,1384,16384,15.666666666666666,99.0,16531,VDD_IN,28137,7926,7716,16938,16531,3926,3890,9.0,6.0,18.0,4.0,0.0,57.0,62.656,63.75,62.468,61.468,61.75,63.75
08-11-2026 21:57:37,6997,7607,1384,16384,13.333333333333334,99.0,17408,VDD_IN,29699,7927,8290,16939,17408,3926,4001,5.0,2.0,2.0,1.0,0.0,70.0,62.656,64.062,62.437,61.562,61.843,64.062
08-11-2026 21:57:38,6997,7607,1384,16384,13.333333333333334,98.0,17643,VDD_IN,30232,7928,8666,16940,17643,3926,3923,3.0,5.0,1.0,2.0,0.0,69.0,62.843,64.156,62.531,61.562,61.781,64.156
08-11-2026 21:57:39,6997,7607,1384,16384,12.833333333333334,98.0,17604,VDD_IN,30076,7930,8549,16942,17604,3926,3923,4.0,10.0,2.0,3.0,0.0,58.0,62.625,64.218,62.531,61.562,61.812,64.218
08-11-2026 21:57:40,6996,7607,1384,16384,11.333333333333334,98.0,17408,VDD_IN,29699,7931,8329,16943,17408,3926,3962,1.0,6.0,1.0,2.0,0.0,58.0,62.562,64.125,62.625,61.5,61.781,64.125
08-11-2026 21:57:41,6996,7607,1384,16384,11.833333333333334,98.0,17211,VDD_IN,29228,7931,8016,16944,17211,3926,4001,3.0,1.0,6.0,2.0,0.0,59.0,62.656,63.906,62.468,61.5,61.781,63.906
08-11-2026 21:57:42,6993,7607,1384,16384,16.333333333333332,94.0,16975,VDD_IN,28680,7930,7625,16944,16975,3927,4080,8.0,17.0,6.0,8.0,0.0,59.0,62.625,63.812,62.468,61.593,61.843,63.812
08-11-2026 21:57:43,6993,7607,1384,16384,12.0,99.0,16649,VDD_IN,27903,7928,7089,16943,16649,3927,4165,2.0,5.0,1.0,3.0,0.0,61.0,62.812,63.531,62.531,61.656,61.843,63.531
08-11-2026 21:57:44,6993,7607,1384,16384,12.333333333333334,47.0,16413,VDD_IN,27862,7927,7559,16942,16413,3927,3890,4.0,2.0,4.0,2.0,0.0,62.0,62.468,63.593,62.625,61.406,61.843,63.593
08-11-2026 21:57:45,6993,7607,1384,16384,13.333333333333334,97.0,17761,VDD_IN,30389,7929,8588,16944,17761,3927,4040,1.0,1.0,1.0,8.0,0.0,69.0,62.718,64.25,62.562,61.562,61.843,64.25
08-11-2026 21:57:46,6993,7607,1384,16384,12.0,98.0,17565,VDD_IN,30076,7930,8588,16945,17565,3927,3923,3.0,1.0,4.0,1.0,0.0,63.0,62.843,64.312,62.562,61.562,61.812,64.312
08-11-2026 21:57:47,6994,7607,1384,16384,16.166666666666668,98.0,17722,VDD_IN,30350,7932,8666,16947,17722,3927,3962,6.0,22.0,7.0,2.0,0.0,60.0,62.656,64.312,62.562,61.687,61.937,64.312
08-11-2026 21:57:48,6994,7607,1384,16384,11.333333333333334,98.0,17408,VDD_IN,29660,7933,8290,16948,17408,3927,3962,3.0,4.0,1.0,2.0,0.0,58.0,62.75,64.031,62.593,61.531,61.937,64.031
08-11-2026 21:57:49,6994,7607,1384,16384,11.833333333333334,98.0,17211,VDD_IN,29228,7933,7977,16948,17211,3928,4040,3.0,5.0,1.0,3.0,0.0,59.0,62.812,64.093,62.593,61.531,61.718,64.093
08-11-2026 21:57:50,6994,7607,1384,16384,12.5,98.0,17015,VDD_IN,28759,7932,7625,16949,17015,3928,4119,3.0,3.0,8.0,2.0,0.0,59.0,63.125,64.0,62.5,61.562,61.812,64.0
08-11-2026 21:57:51,6993,7607,1384,16384,24.0,99.0,17093,VDD_IN,28954,7932,7742,16949,17093,3929,4119,11.0,17.0,21.0,17.0,15.0,63.0,63.25,63.718,62.687,61.75,62.062,63.718
08-11-2026 21:57:52,6993,7607,1384,16384,16.166666666666668,99.0,16806,VDD_IN,28595,7932,7899,16949,16806,3928,3890,41.0,5.0,5.0,6.0,33.0,7.0,62.75,63.406,62.75,61.625,61.781,63.406
08-11-2026 21:57:53,6994,7607,1384,16384,19.833333333333332,98.0,17486,VDD_IN,29932,7933,8563,16950,17486,3928,3883,13.0,9.0,7.0,16.0,70.0,4.0,62.843,63.875,62.625,61.625,61.906,63.875
08-11-2026 21:57:54,6994,7607,1384,16384,11.333333333333334,98.0,17329,VDD_IN,29620,7934,8368,16951,17329,3928,3923,6.0,2.0,2.0,4.0,54.0,0.0,62.937,63.906,62.593,61.75,61.875,63.906
08-11-2026 21:57:55,6994,7607,1384,16384,11.333333333333334,94.0,17211,VDD_IN,29345,7935,8211,16951,17211,3928,3923,1.0,2.0,1.0,5.0,58.0,1.0,62.843,63.906,62.593,61.718,61.937,63.906
08-11-2026 21:57:56,6994,7607,1384,16384,11.833333333333334,98.0,17093,VDD_IN,29071,7935,8016,16952,17093,3928,3962,3.0,2.0,1.0,5.0,59.0,1.0,62.593,63.875,62.75,61.593,61.875,63.875
08-11-2026 21:57:57,6994,7607,1384,16384,11.5,98.0,16897,VDD_IN,28569,7934,7625,16951,16897,3929,4047,1.0,3.0,5.0,1.0,59.0,0.0,62.718,64.125,62.5,61.562,61.75,64.125
08-11-2026 21:57:58,6995,7607,1384,16384,14.5,98.0,16806,VDD_IN,28256,7933,7324,16951,16806,3929,4126,39.0,12.0,5.0,8.0,22.0,1.0,63.062,64.031,62.593,61.656,61.906,64.031
08-11-2026 21:57:59,6995,7607,1384,16384,12.833333333333334,99.0,16255,VDD_IN,27586,7932,7520,16950,16255,3929,3811,3.0,6.0,6.0,3.0,58.0,1.0,62.687,64.187,62.625,61.75,61.906,64.187
08-11-2026 21:58:00,6995,7607,1384,16384,12.833333333333334,98.0,17447,VDD_IN,29777,7933,8290,16951,17447,3929,4040,2.0,0.0,1.0,5.0,68.0,1.0,63.156,64.406,62.593,61.718,62.0,64.406
08-11-2026 21:58:01,6995,7607,1384,16384,13.166666666666666,98.0,17486,VDD_IN,29971,7934,8602,16952,17486,3929,3883,38.0,2.0,2.0,6.0,30.0,1.0,62.687,64.593,62.593,61.625,62.0,64.593
08-11-2026 21:58:02,6995,7607,1384,16384,12.0,98.0,17368,VDD_IN,29737,7935,8446,16953,17368,3929,3923,11.0,3.0,4.0,3.0,51.0,0.0,62.718,64.562,62.562,61.593,61.906,64.562
08-11-2026 21:58:03,6995,7607,1384,16384,11.333333333333334,98.0,17290,VDD_IN,29542,7936,8290,16954,17290,3929,3962,6.0,2.0,1.0,0.0,59.0,0.0,62.875,64.031,62.625,61.656,61.875,64.031
08-11-2026 21:58:04,6996,7607,1384,16384,16.5,98.0,17250,VDD_IN,29345,7937,8094,16954,17250,3929,4001,5.0,7.0,4.0,6.0,61.0,16.0,62.625,64.25,62.562,61.75,61.812,64.25
08-11-2026 21:58:05,6996,7607,1384,16384,11.5,98.0,16857,VDD_IN,28490,7936,7586,16954,16857,3929,4047,6.0,2.0,1.0,1.0,58.0,1.0,62.937,64.187,62.625,61.656,61.843,64.187
08-11-2026 21:58:06,6996,7607,1384,16384,10.666666666666666,99.0,16413,VDD_IN,27550,7934,7011,16953,16413,3930,4126,1.0,2.0,0.0,0.0,58.0,3.0,62.937,63.531,62.625,61.625,61.937,63.531
08-11-2026 21:58:07,6996,7607,1384,16384,12.5,99.0,16413,VDD_IN,27823,7933,7559,16952,16413,3930,3851,2.0,4.0,4.0,2.0,63.0,0.0,62.625,63.718,62.593,61.593,61.781,63.718
08-11-2026 21:58:08,6996,7607,1384,16384,13.666666666666666,99.0,17693,VDD_IN,30321,7934,8627,16953,17693,3930,4001,2.0,2.0,5.0,3.0,70.0,0.0,63.0,64.343,62.593,61.593,61.937,64.343
08-11-2026 21:58:09,6996,7607,1384,16384,13.833333333333334,98.0,17526,VDD_IN,30051,7936,8602,16954,17526,3930,3923,6.0,2.0,5.0,6.0,64.0,0.0,62.937,64.093,62.593,61.625,61.937,64.093
08-11-2026 21:58:10,6996,7607,1384,16384,14.0,98.0,17368,VDD_IN,29698,7937,8407,16955,17368,3930,3923,8.0,4.0,12.0,1.0,58.0,1.0,62.906,64.125,62.656,61.75,62.0,64.125
08-11-2026 21:58:11,6996,7607,1384,16384,11.666666666666666,98.0,17250,VDD_IN,29345,7937,8133,16956,17250,3930,3962,2.0,1.0,4.0,4.0,59.0,0.0,62.625,64.093,62.75,61.562,61.937,64.093
08-11-2026 21:58:12,6996,7607,1384,16384,12.5,98.0,17054,VDD_IN,28914,7937,7859,16956,17054,3930,4001,4.0,2.0,2.0,7.0,58.0,2.0,62.75,64.093,62.625,61.687,62.0,64.093
08-11-2026 21:58:13,6996,7607,1384,16384,11.333333333333334,98.0,16818,VDD_IN,28424,7936,7520,16956,16818,3930,4086,1.0,2.0,2.0,4.0,59.0,0.0,63.0,64.062,62.593,61.718,61.843,64.062
08-11-2026 21:58:14,6996,7607,1384,16384,10.833333333333334,97.0,16373,VDD_IN,27666,7935,7285,16955,16373,3931,4008,31.0,3.0,2.0,3.0,26.0,0.0,62.75,63.812,62.687,61.843,61.937,63.812
08-11-2026 21:58:15,6993,7607,1384,16384,18.833333333333332,99.0,16857,VDD_IN,28724,7935,7977,16954,16857,3930,3890,22.0,10.0,9.0,20.0,50.0,2.0,63.0,63.968,62.625,61.781,62.031,63.968
08-11-2026 21:58:16,6993,7607,1384,16384,13.5,97.0,17408,VDD_IN,29776,7936,8485,16955,17408,3930,3883,1.0,2.0,2.0,5.0,71.0,0.0,62.781,64.375,62.687,61.687,62.0,64.375
08-11-2026 21:58:17,6993,7607,1384,16384,11.833333333333334,97.0,17408,VDD_IN,29738,7937,8407,16956,17408,3930,3923,4.0,2.0,1.0,4.0,60.0,0.0,62.687,64.437,62.656,61.656,61.937,64.437
08-11-2026 21:58:18,6992,7607,1384,16384,11.833333333333334,93.0,17250,VDD_IN,29423,7938,8250,16957,17250,3930,3923,1.0,4.0,2.0,4.0,59.0,1.0,62.906,64.375,62.687,61.812,62.0,64.375
08-11-2026 21:58:19,6992,7607,1384,16384,11.666666666666666,93.0,17172,VDD_IN,29228,7938,8055,16957,17172,3930,4001,2.0,1.0,3.0,1.0,59.0,4.0,62.593,64.25,62.656,61.812,61.875,64.25
08-11-2026 21:58:20,6992,7607,1384,16384,11.5,98.0,16975,VDD_IN,28757,7938,7742,16957,16975,3931,4040,2.0,2.0,2.0,0.0,36.0,27.0,62.906,64.25,62.75,61.687,62.031,64.25
08-11-2026 21:58:21,6994,7607,1384,16384,16.166666666666668,98.0,16688,VDD_IN,28060,7936,7246,16957,16688,3931,4126,8.0,7.0,17.0,7.0,0.0,58.0,63.062,64.031,62.593,61.75,62.031,64.031
08-11-2026 21:58:22,6994,7607,1384,16384,11.0,99.0,16255,VDD_IN,27625,7935,7559,16955,16255,3931,3811,3.0,38.0,1.0,1.0,4.0,19.0,62.718,64.031,62.625,61.781,61.906,64.031
08-11-2026 21:58:23,6994,7607,1384,16384,14.0,99.0,17565,VDD_IN,29934,7936,8329,16957,17565,3931,4040,3.0,13.0,3.0,65.0,0.0,0.0,62.968,64.281,62.718,61.843,62.093,64.281
08-11-2026 21:58:24,6994,7607,1384,16384,13.333333333333334,98.0,17486,VDD_IN,29918,7938,8549,16958,17486,3931,3883,5.0,2.0,2.0,53.0,18.0,0.0,62.781,64.343,62.75,61.843,62.093,64.343
08-11-2026 21:58:25,6994,7607,1384,16384,11.666666666666666,98.0,17447,VDD_IN,29816,7939,8446,16959,17447,3931,3923,2.0,2.0,2.0,5.0,59.0,0.0,62.781,64.718,62.781,61.687,62.062,64.718
08-11-2026 21:58:26,6996,7607,1384,16384,16.333333333333332,98.0,17486,VDD_IN,29855,7940,8407,16960,17486,3931,3962,5.0,6.0,19.0,9.0,59.0,0.0,62.937,64.687,62.687,61.75,62.031,64.687
08-11-2026 21:58:27,6996,7607,1384,16384,11.833333333333334,98.0,17172,VDD_IN,29189,7940,8016,16960,17172,3931,4001,5.0,2.0,5.0,1.0,58.0,0.0,63.062,64.718,62.687,61.843,62.093,64.718
08-11-2026 21:58:28,6996,7607,1384,16384,11.666666666666666,98.0,16936,VDD_IN,28602,7939,7586,16960,16936,3931,4080,2.0,2.0,5.0,3.0,58.0,0.0,62.937,64.125,62.687,61.812,62.031,64.125
08-11-2026 21:58:29,6996,7607,1384,16384,11.166666666666666,99.0,16452,VDD_IN,27589,7937,7011,16959,16452,3932,4126,3.0,2.0,1.0,3.0,57.0,1.0,62.968,63.718,62.937,61.937,62.093,63.718
08-11-2026 21:58:30,6998,7607,1383,16384,13.666666666666666,99.0,16609,VDD_IN,28254,7937,7755,16959,16609,3932,3890,23.0,38.0,2.0,6.0,8.0,5.0,62.75,63.906,62.843,61.718,62.156,63.906
08-11-2026 21:58:31,6997,7607,1383,16384,13.166666666666666,99.0,17722,VDD_IN,30350,7938,8666,16960,17722,3932,3962,3.0,70.0,4.0,2.0,0.0,0.0,63.0,64.625,62.75,61.843,62.125,64.625
08-11-2026 21:58:32,6997,7607,1383,16384,17.0,98.0,17486,VDD_IN,29919,7939,8510,16961,17486,3932,3923,6.0,8.0,16.0,11.0,60.0,1.0,63.125,64.406,62.781,61.781,62.031,64.406
08-11-2026 21:58:33,6997,7607,1383,16384,11.333333333333334,98.0,17329,VDD_IN,29581,7940,8329,16962,17329,3932,3923,4.0,2.0,2.0,2.0,58.0,0.0,62.875,64.25,62.843,61.906,62.031,64.25
08-11-2026 21:58:34,6997,7607,1383,16384,12.5,98.0,17211,VDD_IN,29345,7941,8172,16962,17211,3932,3962,36.0,2.0,3.0,3.0,26.0,5.0,62.781,64.312,62.875,61.906,62.25,64.312
08-11-2026 21:58:35,6997,7607,1383,16384,11.166666666666666,98.0,17093,VDD_IN,28953,7940,7859,16963,17093,3932,4001,6.0,3.0,54.0,4.0,0.0,0.0,63.218,64.312,62.875,61.843,62.062,64.312
08-11-2026 21:58:36,6997,7607,1383,16384,11.666666666666666,98.0,16818,VDD_IN,28373,7939,7429,16962,16818,3932,4126,4.0,3.0,43.0,20.0,0.0,0.0,63.062,64.218,62.781,61.843,62.093,64.218
08-11-2026 21:58:37,6996,7607,1383,16384,15.333333333333334,98.0,16570,VDD_IN,28097,7939,7559,16962,16570,3933,3968,8.0,15.0,9.0,59.0,0.0,1.0,63.406,63.906,62.843,61.843,62.062,63.906
08-11-2026 21:58:38,6996,7607,1383,16384,12.5,99.0,16936,VDD_IN,28836,7939,7977,16962,16936,3932,3923,4.0,2.0,68.0,1.0,0.0,0.0,62.968,64.0,62.906,61.968,62.093,64.0
08-11-2026 21:58:39,6996,7607,1383,16384,13.5,98.0,17408,VDD_IN,29854,7940,8563,16963,17408,3932,3883,3.0,2.0,70.0,6.0,0.0,0.0,63.062,64.375,63.0,62.0,62.218,64.375
08-11-2026 21:58:40,6996,7607,1383,16384,11.166666666666666,97.0,17329,VDD_IN,29620,7941,8368,16963,17329,3932,3923,5.0,2.0,59.0,1.0,0.0,0.0,62.968,64.343,63.062,61.843,62.218,64.343
08-11-2026 21:58:41,6996,7607,1383,16384,11.333333333333334,96.0,17290,VDD_IN,29502,7941,8250,16964,17290,3932,3962,5.0,1.0,60.0,2.0,0.0,0.0,63.187,64.593,62.875,61.875,62.156,64.593
08-11-2026 21:58:42,6996,7607,1383,16384,11.833333333333334,92.0,17093,VDD_IN,29149,7942,8055,16964,17093,3933,4001,4.0,2.0,59.0,6.0,0.0,0.0,63.562,64.718,62.687,61.875,62.156,64.718
08-11-2026 21:58:43,6998,7607,1383,16384,15.833333333333334,92.0,17015,VDD_IN,28797,7941,7742,16964,17015,3933,4040,12.0,4.0,28.0,14.0,12.0,25.0,62.968,64.656,62.968,61.968,62.125,64.656
08-11-2026 21:58:44,6998,7607,1383,16384,11.833333333333334,98.0,16767,VDD_IN,28139,7940,7246,16964,16767,3933,4126,2.0,3.0,5.0,2.0,0.0,59.0,63.562,64.562,62.906,62.0,62.093,64.562
08-11-2026 21:58:45,6998,7607,1383,16384,12.5,98.0,16295,VDD_IN,27705,7939,7559,16963,16295,3933,3851,3.0,2.0,9.0,2.0,0.0,59.0,62.843,64.5,63.093,61.812,62.062,64.5
08-11-2026 21:58:46,6998,7607,1383,16384,13.0,99.0,17526,VDD_IN,29856,7940,8290,16964,17526,3933,4040,2.0,2.0,1.0,5.0,0.0,68.0,62.968,64.781,62.875,61.875,62.156,64.781
08-11-2026 21:58:47,6998,7607,1383,16384,13.666666666666666,98.0,17486,VDD_IN,29971,7941,8602,16965,17486,3933,3883,3.0,5.0,1.0,5.0,0.0,68.0,63.281,64.781,62.875,61.906,62.156,64.5
08-11-2026 21:58:48,7000,7607,1383,16384,15.833333333333334,98.0,17683,VDD_IN,30272,7943,8666,16966,17683,3933,3923,2.0,14.0,11.0,10.0,0.0,58.0,63.125,64.625,63.0,62.0,62.187,64.625
08-11-2026 21:58:49,7000,7607,1383,16384,11.5,98.0,17329,VDD_IN,29581,7943,8290,16967,17329,3933,3962,4.0,3.0,2.0,3.0,0.0,57.0,63.062,64.593,62.875,61.875,62.281,64.593
08-11-2026 21:58:50,7000,7607,1383,16384,11.666666666666666,98.0,17172,VDD_IN,29189,7943,8016,16967,17172,3933,4001,6.0,2.0,1.0,1.0,1.0,59.0,63.062,64.562,62.875,61.875,62.093,64.562
08-11-2026 21:58:51,7000,7607,1383,16384,11.5,98.0,16936,VDD_IN,28608,7943,7586,16967,16936,3934,4086,6.0,2.0,1.0,2.0,1.0,57.0,63.062,64.437,62.75,61.906,62.125,64.687
08-11-2026 21:58:52,7000,7607,1383,16384,11.333333333333334,99.0,16531,VDD_IN,27667,7941,6971,16966,16531,3934,4165,4.0,0.0,2.0,1.0,3.0,58.0,63.5,63.687,62.906,61.968,62.187,63.687
08-11-2026 21:58:53,7000,7607,1383,16384,12.0,47.0,16334,VDD_IN,27744,7940,7559,16965,16334,3934,3851,3.0,2.0,2.0,2.0,0.0,63.0,62.875,63.812,62.906,62.031,62.187,63.812
08-11-2026 21:58:54,7000,7607,1383,16384,18.333333333333332,98.0,17840,VDD_IN,30546,7942,8666,16967,17840,3934,4040,9.0,5.0,12.0,15.0,0.0,69.0,63.156,64.468,63.0,61.875,62.281,64.468
08-11-2026 21:58:55,7000,7607,1383,16384,13.333333333333334,98.0,17526,VDD_IN,29973,7943,8524,16968,17526,3934,3923,10.0,1.0,2.0,2.0,0.0,65.0,63.218,64.562,62.843,61.875,62.125,64.562
08-11-2026 21:58:56,6999,7607,1383,16384,11.333333333333334,98.0,17447,VDD_IN,29777,7944,8407,16969,17447,3934,3923,4.0,2.0,0.0,2.0,0.0,60.0,63.0,64.625,62.937,62.0,62.187,64.625
08-11-2026 21:58:57,6999,7607,1383,16384,11.833333333333334,98.0,17290,VDD_IN,29463,7944,8211,16970,17290,3934,3962,4.0,1.0,5.0,2.0,0.0,59.0,63.25,64.468,62.937,61.968,62.156,64.468
08-11-2026 21:58:58,6999,7607,1383,16384,12.0,98.0,17133,VDD_IN,29072,7944,7899,16970,17133,3934,4040,4.0,2.0,5.0,3.0,0.0,58.0,63.031,64.531,63.0,61.875,62.25,64.531
08-11-2026 21:58:59,7001,7607,1383,16384,16.666666666666668,98.0,17133,VDD_IN,28955,7944,7703,16970,17133,3935,4119,9.0,4.0,4.0,9.0,15.0,59.0,63.187,64.437,62.843,61.843,62.156,64.437
08-11-2026 21:59:00,7001,7607,1383,16384,11.5,97.0,16531,VDD_IN,27863,7942,7324,16969,16531,3935,4008,3.0,3.0,5.0,2.0,0.0,56.0,63.281,63.781,62.906,61.937,62.156,63.781
08-11-2026 21:59:01,7001,7607,1383,16384,12.833333333333334,99.0,16806,VDD_IN,28595,7942,7899,16969,16806,3935,3890,6.0,2.0,1.0,2.0,0.0,66.0,62.781,63.937,62.875,61.937,62.125,63.937
08-11-2026 21:59:02,6999,7607,1383,16384,13.666666666666666,98.0,17447,VDD_IN,29894,7943,8524,16970,17447,3935,3923,3.0,1.0,2.0,5.0,0.0,71.0,63.093,64.281,62.937,62.031,62.218,64.281
08-11-2026 21:59:03,7000,7607,1383,16384,11.333333333333334,90.0,17408,VDD_IN,29738,7944,8407,16971,17408,3935,3923,1.0,3.0,1.0,4.0,0.0,59.0,62.812,64.343,62.968,61.843,62.218,64.343
08-11-2026 21:59:04,7000,7607,1383,16384,11.5,94.0,17368,VDD_IN,29620,7945,8290,16972,17368,3935,3962,3.0,2.0,2.0,3.0,0.0,59.0,63.031,64.312,62.875,61.812,62.156,64.312
08-11-2026 21:59:05,6998,7607,1383,16384,16.333333333333332,98.0,17329,VDD_IN,29463,7945,8133,16972,17329,3935,4001,4.0,9.0,17.0,1.0,8.0,59.0,63.093,64.625,62.906,61.843,62.093,64.625
08-11-2026 21:59:06,6998,7607,1383,16384,11.166666666666666,98.0,17015,VDD_IN,28797,7945,7742,16972,17015,3935,4040,10.0,0.0,2.0,3.0,18.0,34.0,62.781,64.531,62.781,61.906,62.093,64.531
08-11-2026 21:59:07,6998,7607,1383,16384,12.666666666666666,98.0,16806,VDD_IN,28217,7944,7285,16972,16806,3935,4126,5.0,5.0,3.0,4.0,58.0,1.0,62.937,64.343,62.875,61.937,62.125,64.343
08-11-2026 21:59:08,6997,7607,1383,16384,10.666666666666666,99.0,16373,VDD_IN,27783,7943,7559,16971,16373,3935,3851,2.0,0.0,1.0,3.0,58.0,0.0,62.75,64.343,62.968,61.812,62.093,64.343
08-11-2026 21:59:09,6997,7607,1383,16384,13.666666666666666,99.0,17486,VDD_IN,29816,7944,8290,16972,17486,3935,4040,7.0,0.0,2.0,3.0,70.0,0.0,62.687,64.687,62.75,61.843,62.156,64.687
08-11-2026 21:59:10,7000,7607,1383,16384,16.666666666666668,98.0,17732,VDD_IN,30439,7945,8784,16973,17732,3935,3923,62.0,6.0,13.0,10.0,9.0,0.0,63.375,64.468,62.781,61.906,62.218,64.468
08-11-2026 21:59:11,7000,7607,1383,16384,12.0,98.0,17486,VDD_IN,29933,7946,8524,16974,17486,3935,3923,3.0,4.0,4.0,3.0,58.0,0.0,63.125,64.437,62.843,61.906,62.093,64.437
08-11-2026 21:59:12,7000,7607,1383,16384,11.166666666666666,98.0,17368,VDD_IN,29659,7947,8329,16975,17368,3935,3962,3.0,0.0,1.0,5.0,58.0,0.0,62.843,64.343,62.906,61.812,62.093,64.343
08-11-2026 21:59:13,7000,7607,1383,16384,11.166666666666666,98.0,17172,VDD_IN,29189,7947,8016,16975,17172,3936,4001,6.0,0.0,2.0,1.0,58.0,0.0,62.843,64.375,62.718,61.781,62.093,64.375
08-11-2026 21:59:14,7000,7607,1383,16384,11.333333333333334,98.0,16897,VDD_IN,28530,7946,7586,16975,16897,3936,4047,5.0,1.0,2.0,3.0,57.0,0.0,63.031,64.25,62.687,61.875,62.0,64.25
08-11-2026 21:59:15,6999,7607,1383,16384,11.833333333333334,99.0,16491,VDD_IN,27627,7945,6971,16974,16491,3936,4165,1.0,2.0,3.0,7.0,58.0,0.0,63.187,63.906,62.843,61.843,61.968,63.906
08-11-2026 21:59:16,6998,7607,1383,16384,17.333333333333332,99.0,16413,VDD_IN,27901,7944,7637,16973,16413,3936,3851,10.0,8.0,4.0,19.0,63.0,0.0,62.937,64.125,62.906,61.906,62.031,64.125
08-11-2026 21:59:17,6998,7607,1383,16384,13.0,99.0,17761,VDD_IN,30428,7945,8627,16975,17761,3936,4040,2.0,4.0,2.0,1.0,69.0,0.0,62.906,64.312,62.875,61.75,62.125,64.312
08-11-2026 21:59:18,6998,7607,1383,16384,12.5,98.0,17447,VDD_IN,29933,7946,8563,16976,17447,3936,3923,1.0,3.0,2.0,5.0,64.0,0.0,62.843,64.25,62.718,61.781,61.968,64.25
08-11-2026 21:59:19,6998,7607,1383,16384,12.166666666666666,98.0,17408,VDD_IN,29777,7947,8446,16976,17408,3936,3923,3.0,3.0,3.0,4.0,53.0,7.0,63.062,64.218,62.718,61.812,62.0,64.218
08-11-2026 21:59:20,6998,7607,1383,16384,11.0,98.0,17290,VDD_IN,29463,7948,8211,16977,17290,3936,3962,1.0,4.0,2.0,0.0,0.0,59.0,62.812,64.437,62.687,61.843,62.093,64.437
08-11-2026 21:59:21,6999,7607,1383,16384,14.333333333333334,98.0,17250,VDD_IN,29306,7948,8016,16978,17250,3936,4040,8.0,5.0,3.0,12.0,0.0,58.0,63.281,64.312,62.843,61.843,62.062,64.312
08-11-2026 21:59:22,7001,7607,1383,16384,13.166666666666666,98.0,16857,VDD_IN,28418,7947,7481,16977,16857,3937,4080,6.0,2.0,4.0,7.0,1.0,59.0,62.843,64.25,62.843,61.812,62.0,64.25
08-11-2026 21:59:23,7001,7607,1383,16384,10.833333333333334,97.0,16452,VDD_IN,27784,7946,7324,16976,16452,3937,4008,2.0,3.0,2.0,2.0,0.0,56.0,63.0,63.843,62.75,61.781,62.031,63.843
08-11-2026 21:59:24,7001,7607,1383,16384,12.666666666666666,99.0,16818,VDD_IN,28646,7946,7938,16976,16818,3937,3890,3.0,2.0,2.0,3.0,0.0,66.0,63.0,63.781,62.718,61.781,61.968,63.781
08-11-2026 21:59:25,7001,7607,1383,16384,14.0,96.0,17486,VDD_IN,29919,7947,8510,16977,17486,3937,3923,8.0,2.0,2.0,2.0,0.0,70.0,62.718,64.156,62.718,61.781,62.0,64.156
08-11-2026 21:59:26,7000,7607,1383,16384,11.5,97.0,17447,VDD_IN,29816,7948,8446,16978,17447,3937,3923,3.0,4.0,1.0,2.0,0.0,59.0,62.812,64.25,62.75,61.718,62.062,64.25
08-11-2026 21:59:27,7000,7607,1383,16384,15.833333333333334,90.0,17447,VDD_IN,29816,7949,8407,16979,17447,3937,3962,5.0,5.0,16.0,9.0,1.0,59.0,62.75,64.218,62.593,61.687,61.906,64.218
08-11-2026 21:59:28,7000,7607,1383,16384,11.5,95.0,17250,VDD_IN,29384,7949,8133,16979,17250,3937,4001,6.0,1.0,2.0,2.0,0.0,58.0,62.906,64.375,62.718,61.718,62.031,64.375
08-11-2026 21:59:29,7000,7607,1383,16384,11.5,98.0,17054,VDD_IN,28875,7949,7781,16979,17054,3937,4040,1.0,2.0,2.0,5.0,0.0,59.0,63.093,64.375,62.625,61.75,61.875,64.375
08-11-2026 21:59:30,7000,7607,1383,16384,11.333333333333334,98.0,16740,VDD_IN,28190,7948,7324,16979,16740,3937,4126,5.0,1.0,1.0,2.0,0.0,59.0,62.875,64.312,62.781,61.812,61.875,64.312
08-11-2026 21:59:31,7000,7607,1383,16384,11.333333333333334,99.0,16373,VDD_IN,27783,7947,7520,16978,16373,3937,3890,3.0,2.0,2.0,4.0,0.0,57.0,62.593,63.875,62.593,61.656,61.875,63.875
08-11-2026 21:59:32,7001,7607,1383,16384,15.166666666666666,99.0,17447,VDD_IN,29777,7948,8329,16979,17447,3937,4001,5.0,6.0,2.0,5.0,3.0,70.0,62.906,64.25,62.75,61.718,62.0,64.25
08-11-2026 21:59:33,7001,7607,1383,16384,15.5,98.0,17643,VDD_IN,30232,7949,8666,16980,17643,3937,3923,5.0,12.0,1.0,2.0,3.0,70.0,62.875,64.312,62.656,61.781,62.031,64.312
08-11-2026 21:59:34,7001,7607,1383,16384,11.333333333333334,98.0,17486,VDD_IN,29919,7950,8510,16981,17486,3937,3923,3.0,3.0,2.0,2.0,0.0,58.0,63.062,64.187,62.75,61.875,62.0,64.187
08-11-2026 21:59:35,7001,7607,1383,16384,12.166666666666666,97.0,17368,VDD_IN,29659,7951,8329,16982,17368,3937,3962,9.0,2.0,2.0,2.0,0.0,58.0,62.656,64.156,62.781,61.625,62.093,64.468
08-11-2026 21:59:36,7002,7607,1383,16384,12.0,98.0,17211,VDD_IN,29267,7951,8055,16982,17211,3938,4001,3.0,3.0,2.0,5.0,0.0,59.0,62.781,64.5,62.593,61.687,61.906,64.5
08-11-2026 21:59:37,7001,7607,1383,16384,11.833333333333334,98.0,17054,VDD_IN,28836,7950,7742,16982,17054,3938,4040,2.0,3.0,3.0,4.0,1.0,58.0,63.0,64.406,62.593,61.75,61.906,64.406
08-11-2026 21:59:38,7004,7607,1383,16384,16.5,98.0,16936,VDD_IN,28523,7950,7429,16982,16936,3938,4158,9.0,18.0,8.0,4.0,1.0,59.0,63.0,64.437,62.718,61.843,62.031,64.437
08-11-2026 21:59:39,7004,7607,1383,16384,11.333333333333334,99.0,16373,VDD_IN,27783,7949,7559,16981,16373,3938,3851,3.0,2.0,4.0,2.0,0.0,57.0,62.656,64.375,62.812,61.843,62.062,64.375
08-11-2026 21:59:40,7004,7607,1383,16384,13.0,99.0,17486,VDD_IN,29855,7949,8329,16982,17486,3938,4040,5.0,2.0,1.0,2.0,0.0,68.0,62.687,64.656,62.906,61.75,62.0,64.312
08-11-2026 21:59:41,7005,7607,1382,16384,14.0,98.0,17604,VDD_IN,30193,7951,8666,16983,17604,3938,3923,6.0,3.0,2.0,3.0,0.0,70.0,62.875,64.375,62.656,61.75,62.031,64.375
08-11-2026 21:59:42,7005,7607,1382,16384,11.333333333333334,98.0,17486,VDD_IN,29933,7952,8524,16984,17486,3938,3923,4.0,2.0,2.0,2.0,0.0,58.0,62.906,64.343,62.75,61.843,61.968,64.343
08-11-2026 21:59:43,7006,7607,1382,16384,11.833333333333334,98.0,17368,VDD_IN,29620,7952,8290,16985,17368,3938,3962,4.0,4.0,4.0,2.0,0.0,57.0,63.125,64.343,62.75,61.843,61.937,64.343
08-11-2026 21:59:45,7007,7607,1382,16384,15.166666666666666,93.0,17172,VDD_IN,29189,7953,8016,16985,17172,3938,4001,6.0,15.0,8.0,4.0,0.0,58.0,62.781,64.281,62.843,61.75,62.0,64.093
08-11-2026 21:59:46,7007,7607,1381,16384,12.666666666666666,93.0,17015,VDD_IN,28759,7952,7664,16985,17015,3939,4080,3.0,2.0,3.0,8.0,0.0,60.0,62.875,64.093,62.625,61.687,61.968,64.093
08-11-2026 21:59:47,7007,7607,1381,16384,11.333333333333334,98.0,16806,VDD_IN,28217,7951,7246,16985,16806,3939,4165,2.0,2.0,1.0,3.0,1.0,59.0,63.187,63.968,62.687,61.781,62.0,63.968
08-11-2026 21:59:48,7007,7607,1381,16384,11.5,97.0,16334,VDD_IN,27744,7950,7559,16983,16334,3939,3851,2.0,2.0,4.0,1.0,0.0,60.0,62.906,63.937,62.75,61.843,61.906,63.937
08-11-2026 21:59:49,7006,7607,1381,16384,14.0,99.0,17761,VDD_IN,30312,7951,8471,16985,17761,3939,4080,3.0,3.0,5.0,4.0,0.0,69.0,63.156,64.281,62.875,61.843,62.156,64.281
08-11-2026 21:59:50,7003,7607,1381,16384,18.0,98.0,17722,VDD_IN,30389,7952,8744,16986,17722,3939,3923,11.0,3.0,6.0,20.0,0.0,68.0,62.937,64.5,62.843,61.687,62.093,64.5
08-11-2026 21:59:51,7003,7607,1381,16384,11.333333333333334,98.0,17565,VDD_IN,30051,7953,8563,16987,17565,3939,3923,1.0,3.0,1.0,4.0,0.0,59.0,62.968,64.531,62.687,61.687,62.031,64.531
08-11-2026 21:59:52,7003,7607,1381,16384,11.666666666666666,98.0,17408,VDD_IN,29738,7954,8368,16988,17408,3939,3962,3.0,3.0,1.0,6.0,0.0,57.0,63.125,64.468,62.656,61.843,62.0,64.468
08-11-2026 21:59:53,7003,7607,1381,16384,11.333333333333334,98.0,17211,VDD_IN,29267,7954,8055,16988,17211,3939,4001,3.0,2.0,3.0,3.0,0.0,57.0,63.0,64.468,62.718,61.812,62.093,64.468
08-11-2026 21:59:54,7003,7607,1381,16384,11.666666666666666,98.0,16936,VDD_IN,28641,7954,7625,16988,16936,3939,4080,1.0,2.0,3.0,6.0,0.0,58.0,63.156,64.343,62.812,61.75,61.968,64.343
08-11-2026 21:59:55,7003,7607,1381,16384,11.166666666666666,99.0,16688,VDD_IN,27942,7952,7089,16988,16688,3940,4165,2.0,1.0,2.0,4.0,0.0,58.0,63.125,63.687,62.75,61.781,62.093,63.687
08-11-2026 21:59:56,7006,7607,1381,16384,17.333333333333332,59.0,16491,VDD_IN,28018,7952,7637,16987,16491,3940,3890,8.0,19.0,2.0,6.0,6.0,63.0,62.843,63.843,62.75,61.687,62.0,63.843
08-11-2026 21:59:57,7006,7607,1381,16384,13.333333333333334,99.0,17732,VDD_IN,30321,7953,8549,16988,17732,3940,4040,5.0,1.0,2.0,2.0,0.0,70.0,63.218,64.312,62.718,61.843,62.093,64.312
08-11-2026 21:59:58,7006,7607,1381,16384,12.333333333333334,98.0,17526,VDD_IN,30012,7954,8563,16989,17526,3940,3923,1.0,3.0,3.0,2.0,0.0,65.0,62.937,64.312,62.812,61.937,62.093,64.312
08-11-2026 21:59:59,7006,7607,1381,16384,12.0,98.0,17486,VDD_IN,29933,7955,8485,16990,17486,3940,3962,5.0,5.0,1.0,3.0,0.0,58.0,62.906,64.625,62.843,61.75,62.093,64.625
08-11-2026 22:00:00,7007,7607,1381,16384,11.0,98.0,17408,VDD_IN,29660,7955,8290,16991,17408,3940,3962,3.0,1.0,2.0,1.0,0.0,59.0,63.093,64.562,62.687,61.718,62.031,64.562
08-11-2026 22:00:01,6989,7607,1381,16384,19.166666666666668,0.0,10991,VDD_IN,17956,7948,3915,16980,10991,3938,3050,13.0,17.0,6.0,11.0,13.0,55.0,62.562,62.625,62.656,61.812,61.625,62.656
08-11-2026 22:00:02,7047,7607,1381,16384,75.5,74.0,8319,VDD_IN,12852,7939,2623,16965,8319,3935,1910,76.0,75.0,72.0,73.0,79.0,78.0,62.218,62.031,62.281,61.625,61.125,62.343
08-11-2026 22:00:03,7051,7607,1381,16384,13.5,98.0,16688,VDD_IN,28449,7939,8107,16965,16688,3934,3654,31.0,2.0,5.0,2.0,41.0,0.0,62.375,64.062,62.343,61.625,61.625,63.843
08-11-2026 22:00:04,7052,7607,1381,16384,11.833333333333334,93.0,17447,VDD_IN,29815,7940,8485,16965,17447,3934,3883,2.0,2.0,3.0,2.0,62.0,0.0,62.468,63.906,62.468,61.5,61.718,63.906
08-11-2026 22:00:05,7052,7607,1381,16384,11.5,98.0,17408,VDD_IN,29738,7941,8368,16966,17408,3934,3962,4.0,2.0,3.0,2.0,58.0,0.0,62.843,64.062,62.437,61.5,61.687,64.062
08-11-2026 22:00:06,7052,7607,1381,16384,12.333333333333334,98.0,17250,VDD_IN,29345,7941,8133,16967,17250,3934,3962,9.0,2.0,1.0,3.0,59.0,0.0,62.531,64.093,62.5,61.562,61.75,64.093
08-11-2026 22:00:07,7058,7607,1381,16384,16.666666666666668,98.0,17093,VDD_IN,28992,7941,7859,16967,17093,3935,4040,11.0,11.0,13.0,6.0,59.0,0.0,62.812,64.093,62.593,61.687,61.906,64.093
08-11-2026 22:00:08,7058,7607,1381,16384,12.0,98.0,16818,VDD_IN,28334,7940,7390,16967,16818,3935,4126,3.0,3.0,4.0,2.0,60.0,0.0,62.531,63.937,62.593,61.593,61.75,63.937
08-11-2026 22:00:09,7058,7607,1381,16384,11.333333333333334,96.0,16413,VDD_IN,27862,7940,7520,16966,16413,3935,3929,5.0,2.0,3.0,3.0,55.0,0.0,62.593,63.593,62.593,61.531,61.75,63.593
08-11-2026 22:00:10,7058,7607,1381,16384,12.5,99.0,17093,VDD_IN,29110,7940,8094,16966,17093,3935,3923,62.0,2.0,3.0,1.0,7.0,0.0,62.656,63.75,62.562,61.656,61.843,63.75
08-11-2026 22:00:11,7058,7607,1381,16384,13.333333333333334,97.0,17565,VDD_IN,30075,7941,8627,16967,17565,3935,3883,71.0,2.0,3.0,1.0,0.0,3.0,62.656,64.093,62.656,61.625,62.0,64.093
08-11-2026 22:00:12,7062,7607,1381,16384,15.166666666666666,98.0,17604,VDD_IN,30115,7942,8588,16968,17604,3935,3923,6.0,59.0,16.0,7.0,1.0,2.0,63.031,63.968,62.656,61.75,61.937,63.968
08-11-2026 22:00:13,7062,7607,1381,16384,11.5,93.0,17368,VDD_IN,29620,7943,8290,16969,17368,3935,3962,5.0,24.0,1.0,2.0,37.0,0.0,62.531,64.062,62.625,61.593,61.937,64.125
08-11-2026 22:00:14,7062,7607,1381,16384,11.5,91.0,17211,VDD_IN,29267,7943,8055,16969,17211,3935,4001,3.0,1.0,3.0,2.0,57.0,3.0,62.718,64.187,62.5,61.593,61.906,64.187
08-11-2026 22:00:15,7062,7607,1381,16384,12.666666666666666,98.0,17015,VDD_IN,28837,7943,7742,16969,17015,3935,4080,3.0,4.0,6.0,3.0,0.0,60.0,63.0,64.156,62.593,61.562,61.812,64.156
08-11-2026 22:00:16,7062,7607,1381,16384,11.666666666666666,98.0,16806,VDD_IN,28217,7941,7246,16969,16806,3936,4165,2.0,1.0,6.0,2.0,0.0,59.0,63.218,64.0,62.562,61.718,61.843,64.0
08-11-2026 22:00:17,7062,7607,1381,16384,11.5,99.0,16413,VDD_IN,27901,7941,7598,16968,16413,3935,3890,3.0,2.0,3.0,2.0,0.0,59.0,62.593,64.187,62.593,61.781,61.781,64.187
08-11-2026 22:00:18,7064,7607,1381,16384,17.833333333333332,98.0,17604,VDD_IN,29998,7941,8354,16969,17604,3936,4040,11.0,7.0,11.0,9.0,0.0,69.0,62.781,64.093,62.593,61.625,61.875,64.093
08-11-2026 22:00:19,7064,7607,1381,16384,13.333333333333334,98.0,17565,VDD_IN,30115,7943,8627,16970,17565,3936,3923,4.0,2.0,1.0,3.0,0.0,70.0,63.062,64.187,62.593,61.593,61.875,64.187
08-11-2026 22:00:20,7064,7607,1381,16384,11.666666666666666,98.0,17526,VDD_IN,29959,7944,8510,16971,17526,3936,3923,5.0,3.0,0.0,4.0,0.0,58.0,62.937,64.218,62.593,61.781,61.843,64.218
08-11-2026 22:00:21,7064,7607,1381,16384,11.166666666666666,98.0,17447,VDD_IN,29738,7944,8329,16972,17447,3936,3962,2.0,2.0,2.0,3.0,0.0,58.0,63.093,64.281,62.593,61.75,61.875,64.281
08-11-2026 22:00:22,7064,7607,1381,16384,10.833333333333334,98.0,17211,VDD_IN,29267,7944,8055,16972,17211,3936,4001,3.0,2.0,1.0,0.0,46.0,13.0,62.593,64.312,62.656,61.562,61.906,64.312
08-11-2026 22:00:23,7067,7607,1381,16384,15.333333333333334,97.0,17093,VDD_IN,28876,7944,7703,16972,17093,3936,4080,39.0,17.0,3.0,10.0,22.0,1.0,62.875,64.25,62.593,61.593,61.937,64.25
08-11-2026 22:00:24,7067,7607,1381,16384,11.5,99.0,16688,VDD_IN,27942,7943,7089,16972,16688,3936,4165,60.0,2.0,3.0,1.0,2.0,1.0,63.093,63.906,62.562,61.75,62.0,63.906
08-11-2026 22:00:25,7067,7607,1381,16384,12.5,60.0,16452,VDD_IN,27940,7942,7598,16971,16452,3936,3890,63.0,2.0,7.0,2.0,1.0,0.0,62.875,63.937,62.687,61.687,61.937,63.937
08-11-2026 22:00:26,7067,7607,1381,16384,13.0,98.0,17772,VDD_IN,30400,7943,8588,16972,17772,3936,4040,10.0,2.0,4.0,1.0,61.0,0.0,63.187,64.562,62.75,61.75,61.968,64.562
08-11-2026 22:00:27,7067,7607,1381,16384,12.5,98.0,17526,VDD_IN,30037,7944,8588,16973,17526,3936,3923,2.0,2.0,3.0,1.0,3.0,64.0,62.75,64.468,62.781,61.656,62.031,64.468
08-11-2026 22:00:28,7067,7607,1381,16384,11.333333333333334,98.0,17486,VDD_IN,29880,7945,8471,16974,17486,3936,3923,3.0,2.0,3.0,2.0,0.0,58.0,62.875,64.218,62.687,61.625,61.843,64.218
08-11-2026 22:00:29,7062,7607,1381,16384,16.0,98.0,17447,VDD_IN,29738,7946,8329,16975,17447,3936,3962,7.0,6.0,15.0,3.0,5.0,60.0,63.062,64.156,62.593,61.687,61.875,64.156
08-11-2026 22:00:30,7062,7607,1381,16384,11.333333333333334,98.0,17290,VDD_IN,29346,7946,8055,16976,17290,3937,4001,2.0,2.0,4.0,1.0,0.0,59.0,62.75,64.187,62.625,61.718,61.937,64.187
08-11-2026 22:00:31,7063,7607,1381,16384,11.833333333333334,98.0,16975,VDD_IN,28719,7945,7664,16976,16975,3937,4080,4.0,1.0,6.0,2.0,0.0,58.0,62.812,64.406,62.75,61.593,61.968,64.406
08-11-2026 22:00:32,7063,7607,1381,16384,10.833333333333334,99.0,16570,VDD_IN,27785,7944,7089,16975,16570,3937,4126,0.0,5.0,1.0,2.0,0.0,57.0,63.125,63.812,62.593,61.625,61.812,63.812
08-11-2026 22:00:33,7063,7607,1381,16384,12.0,99.0,16570,VDD_IN,28136,7944,7676,16974,16570,3937,3890,4.0,2.0,2.0,1.0,0.0,63.0,62.593,64.125,62.625,61.687,61.906,64.125
08-11-2026 22:00:34,7063,7607,1381,16384,17.333333333333332,99.0,17968,VDD_IN,30864,7945,8862,16976,17968,3937,4034,20.0,9.0,3.0,2.0,0.0,70.0,63.062,64.343,62.75,61.75,61.968,64.343
08-11-2026 22:00:35,7063,7607,1381,16384,13.0,98.0,17526,VDD_IN,30037,7946,8588,16977,17526,3937,3923,2.0,2.0,8.0,2.0,1.0,63.0,62.75,64.343,62.687,61.625,62.0,64.343
08-11-2026 22:00:36,7063,7607,1381,16384,11.333333333333334,98.0,17447,VDD_IN,29816,7947,8407,16977,17447,3937,3962,2.0,2.0,4.0,1.0,0.0,59.0,62.843,64.343,62.656,61.625,61.875,64.343
08-11-2026 22:00:37,7063,7607,1381,16384,11.833333333333334,98.0,17329,VDD_IN,29541,7947,8211,16978,17329,3937,4001,3.0,1.0,7.0,1.0,0.0,59.0,63.0,64.312,62.687,61.718,61.906,64.312
08-11-2026 22:00:38,7063,7607,1381,16384,11.333333333333334,98.0,17172,VDD_IN,29111,7947,7899,16978,17172,3937,4040,3.0,1.0,4.0,0.0,0.0,60.0,62.75,64.281,62.718,61.812,62.031,64.125
08-11-2026 22:00:39,7063,7607,1381,16384,12.166666666666666,98.0,16936,VDD_IN,28562,7946,7507,16978,16936,3938,4119,3.0,3.0,6.0,1.0,0.0,60.0,63.062,64.062,62.75,61.843,62.062,64.062
08-11-2026 22:00:40,7065,7607,1381,16384,15.666666666666666,97.0,16452,VDD_IN,27783,7946,7363,16977,16452,3938,3968,5.0,18.0,3.0,12.0,0.0,56.0,62.843,63.687,62.812,61.718,62.093,63.687
08-11-2026 22:00:41,7064,7607,1381,16384,12.833333333333334,99.0,16936,VDD_IN,28881,7946,8016,16977,16936,3938,3929,2.0,2.0,4.0,2.0,0.0,67.0,62.75,63.875,62.718,61.687,61.906,63.875
08-11-2026 22:00:42,7064,7607,1381,16384,13.833333333333334,98.0,17526,VDD_IN,30012,7947,8563,16978,17526,3938,3923,7.0,2.0,2.0,2.0,1.0,69.0,62.875,64.156,62.593,61.718,61.875,64.343
08-11-2026 22:00:43,7064,7607,1381,16384,11.0,97.0,17447,VDD_IN,29841,7948,8471,16979,17447,3938,3923,1.0,5.0,0.0,2.0,0.0,58.0,62.656,64.312,62.625,61.781,62.031,64.312
08-11-2026 22:00:44,7064,7607,1381,16384,12.0,94.0,17408,VDD_IN,29699,7948,8329,16980,17408,3938,3962,2.0,3.0,6.0,2.0,0.0,59.0,62.812,64.468,62.75,61.843,62.0,64.468
08-11-2026 22:00:45,7065,7607,1381,16384,16.166666666666668,93.0,17447,VDD_IN,29698,7949,8250,16980,17447,3938,4001,4.0,7.0,9.0,18.0,0.0,59.0,62.937,64.343,62.718,61.687,62.0,64.343
08-11-2026 22:00:46,7065,7607,1381,16384,12.166666666666666,98.0,17093,VDD_IN,28954,7948,7781,16981,17093,3938,4080,2.0,8.0,2.0,2.0,0.0,59.0,62.843,64.312,62.656,61.625,61.968,64.312
08-11-2026 22:00:47,7065,7607,1381,16384,11.833333333333334,98.0,16818,VDD_IN,28288,7947,7312,16980,16818,3939,4158,2.0,1.0,3.0,5.0,0.0,60.0,63.125,64.25,62.593,61.781,61.968,64.062
08-11-2026 22:00:48,7065,7607,1381,16384,11.5,99.0,16413,VDD_IN,27862,7947,7598,16979,16413,3938,3851,5.0,1.0,2.0,2.0,0.0,59.0,62.625,64.062,62.75,61.812,61.906,64.062
08-11-2026 22:00:49,7065,7607,1381,16384,13.5,99.0,17565,VDD_IN,29959,7947,8354,16980,17565,3939,4040,3.0,6.0,1.0,2.0,0.0,69.0,62.812,64.281,62.75,61.687,62.125,64.281
08-11-2026 22:00:50,7065,7607,1381,16384,13.5,98.0,17604,VDD_IN,30193,7949,8666,16981,17604,3939,3923,2.0,5.0,4.0,2.0,0.0,68.0,62.968,64.281,62.687,61.718,62.031,64.281
08-11-2026 22:00:51,7065,7607,1381,16384,16.0,98.0,17604,VDD_IN,30076,7950,8549,16982,17604,3938,3923,11.0,9.0,8.0,10.0,0.0,58.0,63.125,64.312,62.687,61.75,62.093,64.312
08-11-2026 22:00:52,7065,7607,1381,16384,11.0,98.0,17447,VDD_IN,29777,7950,8368,16983,17447,3939,3962,5.0,0.0,1.0,1.0,1.0,58.0,63.062,64.531,62.687,61.843,62.0,64.531
08-11-2026 22:00:53,7065,7607,1381,16384,11.333333333333334,98.0,17290,VDD_IN,29385,7950,8094,16984,17290,3939,4001,3.0,5.0,2.0,1.0,0.0,57.0,62.875,64.187,62.843,61.781,61.937,64.187
08-11-2026 22:00:54,7065,7607,1381,16384,11.5,97.0,16975,VDD_IN,28680,7950,7625,16984,16975,3939,4080,3.0,5.0,2.0,1.0,0.0,58.0,63.093,64.062,62.687,61.812,61.968,64.062
08-11-2026 22:00:55,7065,7607,1381,16384,12.5,99.0,16649,VDD_IN,27903,7949,7089,16983,16649,3939,4165,3.0,4.0,6.0,2.0,1.0,59.0,62.968,63.937,62.718,61.843,62.0,63.937
08-11-2026 22:00:56,7065,7607,1381,16384,16.666666666666668,63.0,16609,VDD_IN,28254,7948,7755,16983,16609,3939,3890,18.0,6.0,4.0,9.0,1.0,62.0,63.25,64.093,62.75,61.968,62.031,64.093
08-11-2026 22:00:57,7065,7607,1381,16384,13.833333333333334,99.0,17732,VDD_IN,30360,7949,8588,16984,17732,3939,4040,3.0,1.0,2.0,1.0,69.0,7.0,62.937,64.5,62.781,61.75,62.093,64.5
08-11-2026 22:00:58,7064,7607,1381,16384,12.333333333333334,98.0,17408,VDD_IN,29815,7950,8524,16984,17408,3939,3883,2.0,2.0,4.0,1.0,65.0,0.0,62.906,64.468,62.718,61.781,62.0,64.468
08-11-2026 22:00:59,7064,7607,1381,16384,11.833333333333334,98.0,17329,VDD_IN,29581,7951,8329,16985,17329,3939,3923,3.0,5.0,1.0,3.0,59.0,0.0,63.031,64.437,62.781,61.812,62.031,64.437
08-11-2026 22:01:00,7064,7607,1381,16384,11.666666666666666,98.0,17172,VDD_IN,29267,7951,8133,16985,17172,3939,3962,1.0,2.0,6.0,2.0,59.0,0.0,62.812,64.125,62.718,61.968,62.062,64.125
08-11-2026 22:01:01,7064,7607,1381,16384,11.666666666666666,98.0,17015,VDD_IN,28836,7951,7820,16985,17015,3939,4001,5.0,1.0,4.0,1.0,59.0,0.0,62.843,64.25,62.843,61.875,62.031,64.25
08-11-2026 22:01:02,7065,7607,1381,16384,16.666666666666668,98.0,16857,VDD_IN,28411,7950,7468,16985,16857,3940,4086,9.0,4.0,20.0,7.0,60.0,0.0,62.937,64.187,62.906,61.781,62.0,64.187
08-11-2026 22:01:03,7065,7607,1381,16384,11.166666666666666,97.0,16334,VDD_IN,27626,7949,7324,16984,16334,3940,3968,1.0,6.0,4.0,1.0,55.0,0.0,62.875,63.781,62.812,61.75,62.062,63.781
08-11-2026 22:01:04,7065,7607,1381,16384,13.0,99.0,16779,VDD_IN,28568,7949,7899,16984,16779,3940,3890,2.0,2.0,3.0,1.0,67.0,3.0,62.968,63.937,62.718,61.781,62.062,63.937
08-11-2026 22:01:05,7065,7607,1381,16384,13.333333333333334,97.0,17408,VDD_IN,29776,7950,8485,16984,17408,3939,3883,3.0,3.0,1.0,1.0,72.0,0.0,62.687,64.406,62.687,61.843,62.062,64.406
08-11-2026 22:01:06,7065,7607,1381,16384,11.5,98.0,17250,VDD_IN,29502,7950,8329,16985,17250,3939,3923,3.0,2.0,4.0,1.0,59.0,0.0,62.843,64.062,62.781,61.75,62.062,64.062
08-11-2026 22:01:07,7063,7607,1381,16384,16.166666666666668,92.0,17408,VDD_IN,29777,7951,8407,16985,17408,3939,3962,6.0,8.0,6.0,17.0,59.0,1.0,62.937,64.062,62.718,61.718,61.968,64.062
08-11-2026 22:01:08,7063,7607,1381,16384,12.666666666666666,92.0,17133,VDD_IN,29150,7951,8016,16986,17133,3940,4001,5.0,1.0,3.0,8.0,59.0,0.0,62.812,64.281,62.75,61.781,62.062,64.281
08-11-2026 22:01:09,7063,7607,1381,16384,11.666666666666666,98.0,16936,VDD_IN,28640,7951,7664,16986,16936,3940,4040,2.0,3.0,5.0,1.0,59.0,0.0,62.906,64.031,62.718,61.781,61.968,64.031
08-11-2026 22:01:10,7063,7607,1381,16384,11.5,98.0,16688,VDD_IN,28060,7950,7246,16985,16688,3940,4126,31.0,1.0,3.0,4.0,30.0,0.0,62.812,64.0,62.843,61.875,62.031,64.0
08-11-2026 22:01:11,7063,7607,1381,16384,11.166666666666666,99.0,16216,VDD_IN,27547,7949,7520,16984,16216,3940,3811,3.0,1.0,1.0,4.0,58.0,0.0,62.718,64.25,62.875,61.781,62.093,64.25
08-11-2026 22:01:12,7063,7607,1381,16384,13.166666666666666,99.0,17526,VDD_IN,29895,7950,8329,16985,17526,3940,4040,2.0,1.0,4.0,3.0,69.0,0.0,62.843,64.468,62.593,61.75,62.125,64.468
08-11-2026 22:01:13,7066,7607,1381,16384,17.333333333333332,98.0,17526,VDD_IN,29997,7951,8588,16986,17526,3940,3883,4.0,5.0,18.0,9.0,68.0,0.0,63.093,64.562,62.75,61.906,62.0,64.562
08-11-2026 22:01:14,7066,7607,1381,16384,11.333333333333334,98.0,17368,VDD_IN,29737,7951,8446,16986,17368,3940,3923,4.0,1.0,1.0,3.0,59.0,0.0,63.031,64.531,62.781,61.843,62.0,64.531
08-11-2026 22:01:15,7066,7607,1381,16384,11.5,98.0,17329,VDD_IN,29581,7952,8290,16987,17329,3940,3962,1.0,2.0,5.0,1.0,59.0,1.0,62.687,64.531,62.781,61.843,62.062,64.531
08-11-2026 22:01:16,7066,7607,1381,16384,10.833333333333334,98.0,17172,VDD_IN,29150,7952,7977,16987,17172,3940,4001,1.0,1.0,2.0,1.0,58.0,2.0,62.843,64.25,62.843,61.781,62.093,64.25
08-11-2026 22:01:17,7066,7607,1381,16384,11.833333333333334,98.0,16897,VDD_IN,28523,7951,7586,16987,16897,3940,4040,6.0,2.0,2.0,1.0,59.0,1.0,62.906,64.218,62.687,61.75,61.968,64.218
08-11-2026 22:01:18,7066,7607,1381,16384,15.666666666666666,99.0,16767,VDD_IN,28178,7950,7246,16987,16767,3940,4165,42.0,14.0,8.0,15.0,15.0,0.0,63.281,63.718,62.812,61.843,62.25,63.718
08-11-2026 22:01:19,7066,7607,1381,16384,12.666666666666666,99.0,16570,VDD_IN,28176,7950,7716,16986,16570,3940,3890,4.0,63.0,4.0,5.0,0.0,0.0,62.968,63.968,62.843,61.875,62.093,63.968
08-11-2026 22:01:20,7062,7607,1380,16384,13.666666666666666,99.0,17722,VDD_IN,30389,7951,8666,16987,17722,3940,4001,72.0,6.0,2.0,2.0,0.0,0.0,62.812,64.562,62.843,61.937,62.187,64.562
08-11-2026 22:01:21,7063,7607,1380,16384,13.0,98.0,17486,VDD_IN,29933,7952,8524,16988,17486,3940,3923,10.0,5.0,3.0,3.0,57.0,0.0,62.812,64.375,62.968,61.843,62.093,64.375
08-11-2026 22:01:22,7063,7607,1380,16384,11.5,98.0,17408,VDD_IN,29699,7953,8368,16988,17408,3940,3923,4.0,2.0,2.0,1.0,60.0,0.0,63.0,64.687,62.812,61.843,62.062,64.687
08-11-2026 22:01:23,7063,7607,1380,16384,12.0,98.0,17290,VDD_IN,29385,7953,8133,16989,17290,3940,3962,5.0,2.0,2.0,2.0,59.0,2.0,63.125,64.781,62.843,61.812,62.093,64.781
08-11-2026 22:01:24,7067,7607,1380,16384,16.333333333333332,98.0,17211,VDD_IN,29189,7953,7938,16989,17211,3941,4040,4.0,8.0,19.0,6.0,59.0,2.0,62.968,64.687,62.812,61.875,62.156,64.687
08-11-2026 22:01:25,7067,7607,1380,16384,11.166666666666666,98.0,16857,VDD_IN,28405,7952,7468,16989,16857,3941,4080,40.0,21.0,1.0,2.0,3.0,0.0,63.125,64.25,62.937,62.0,62.093,64.25
08-11-2026 22:01:26,7067,7607,1380,16384,11.0,96.0,16373,VDD_IN,27666,7951,7285,16988,16373,3941,4008,6.0,56.0,2.0,2.0,0.0,0.0,62.968,63.718,63.0,61.906,62.187,63.718
08-11-2026 22:01:27,7067,7607,1380,16384,12.166666666666666,99.0,16779,VDD_IN,28568,7951,7899,16988,16779,3941,3890,4.0,66.0,1.0,2.0,0.0,0.0,62.937,64.0,62.875,61.843,62.093,64.0
08-11-2026 22:01:28,7068,7607,1380,16384,13.0,98.0,17447,VDD_IN,29855,7952,8485,16989,17447,3941,3923,1.0,70.0,3.0,3.0,0.0,1.0,63.218,64.5,62.781,61.875,62.218,64.5
08-11-2026 22:01:29,7068,7607,1380,16384,15.5,91.0,17604,VDD_IN,30154,7953,8627,16989,17604,3941,3923,13.0,57.0,9.0,4.0,10.0,0.0,62.875,64.375,62.937,61.937,62.187,64.375
08-11-2026 22:01:30,7068,7607,1380,16384,12.333333333333334,93.0,17329,VDD_IN,29581,7953,8290,16990,17329,3941,3962,3.0,2.0,5.0,5.0,59.0,0.0,62.812,64.437,62.937,61.781,62.125,64.437
08-11-2026 22:01:31,7068,7607,1380,16384,12.0,98.0,17211,VDD_IN,29267,7953,8055,16990,17211,3941,4001,6.0,1.0,2.0,4.0,59.0,0.0,62.875,64.5,62.812,61.75,62.093,64.5
08-11-2026 22:01:32,7068,7607,1380,16384,11.666666666666666,98.0,16975,VDD_IN,28718,7953,7703,16990,16975,3941,4040,5.0,2.0,2.0,2.0,59.0,0.0,62.937,64.312,62.812,61.843,62.093,64.312
08-11-2026 22:01:33,7068,7607,1380,16384,11.333333333333334,98.0,16767,VDD_IN,28178,7952,7285,16990,16767,3941,4126,4.0,1.0,2.0,2.0,59.0,0.0,63.156,64.187,62.875,61.968,62.093,64.187
08-11-2026 22:01:34,7069,7607,1380,16384,11.166666666666666,99.0,16334,VDD_IN,27744,7952,7559,16989,16334,3941,3851,2.0,6.0,2.0,1.0,56.0,0.0,62.687,64.156,62.906,61.968,62.125,64.156
08-11-2026 22:01:35,7072,7607,1380,16384,18.0,99.0,17486,VDD_IN,29855,7952,8329,16990,17486,3941,4040,8.0,7.0,17.0,7.0,69.0,0.0,62.968,64.281,62.937,61.843,62.187,64.281
08-11-2026 22:01:36,7073,7607,1380,16384,13.166666666666666,98.0,17526,VDD_IN,30036,7953,8627,16991,17526,3941,3883,2.0,1.0,5.0,1.0,70.0,0.0,63.031,64.531,62.781,61.843,62.125,64.531
08-11-2026 22:01:37,7074,7607,1380,16384,11.333333333333334,98.0,17486,VDD_IN,29880,7954,8471,16991,17486,3941,3923,2.0,2.0,3.0,2.0,58.0,1.0,62.937,64.562,62.843,61.875,62.156,64.562
08-11-2026 22:01:38,7074,7607,1380,16384,11.333333333333334,98.0,17290,VDD_IN,29542,7954,8290,16992,17290,3941,3962,2.0,1.0,2.0,2.0,59.0,2.0,63.062,64.656,62.937,61.937,62.125,64.656
08-11-2026 22:01:39,7075,7607,1380,16384,11.5,98.0,17172,VDD_IN,29189,7954,8016,16992,17172,3941,4001,6.0,2.0,1.0,2.0,58.0,0.0,62.812,64.593,62.843,62.0,62.093,64.593
08-11-2026 22:01:40,7076,7607,1380,16384,15.833333333333334,98.0,17133,VDD_IN,28955,7954,7742,16992,17133,3942,4080,11.0,4.0,18.0,4.0,58.0,0.0,62.937,64.5,63.0,61.812,62.218,64.5
08-11-2026 22:01:41,7076,7607,1380,16384,11.833333333333334,99.0,16531,VDD_IN,27668,7953,7011,16991,16531,3942,4126,5.0,1.0,1.0,7.0,57.0,0.0,63.218,63.812,62.812,61.843,62.093,63.812
08-11-2026 22:01:42,7077,7607,1380,16384,12.833333333333334,99.0,16491,VDD_IN,27979,7952,7598,16991,16491,3942,3890,6.0,2.0,1.0,3.0,64.0,1.0,62.781,64.0,62.843,61.906,62.156,63.656
08-11-2026 22:01:43,7077,7607,1380,16384,13.5,99.0,17722,VDD_IN,30350,7953,8588,16992,17722,3942,4040,3.0,4.0,2.0,4.0,68.0,0.0,63.281,64.406,62.812,61.906,62.187,64.406
08-11-2026 22:01:44,7077,7607,1380,16384,12.333333333333334,98.0,17408,VDD_IN,29855,7954,8524,16992,17408,3942,3923,14.0,1.0,1.0,2.0,56.0,0.0,62.937,64.343,63.0,62.0,62.218,64.343
08-11-2026 22:01:45,7077,7607,1380,16384,11.333333333333334,98.0,17368,VDD_IN,29659,7955,8368,16993,17368,3942,3923,60.0,4.0,2.0,2.0,0.0,0.0,63.062,64.343,62.906,61.843,62.25,64.343
08-11-2026 22:01:46,7076,7607,1380,16384,15.333333333333334,98.0,17329,VDD_IN,29502,7955,8211,16993,17329,3942,3962,61.0,16.0,11.0,4.0,0.0,0.0,63.031,64.406,63.031,61.843,62.218,64.406
08-11-2026 22:01:47,7076,7607,1380,16384,11.5,98.0,17093,VDD_IN,29032,7955,7899,16994,17093,3942,4040,61.0,3.0,3.0,2.0,0.0,0.0,63.031,64.437,62.781,61.812,62.281,64.437
08-11-2026 22:01:48,7076,7607,1380,16384,11.0,98.0,16857,VDD_IN,28378,7954,7441,16993,16857,3942,4080,52.0,1.0,4.0,1.0,7.0,1.0,63.156,64.312,62.968,61.875,62.125,64.312
08-11-2026 22:01:49,7076,7607,1380,16384,10.833333333333334,96.0,16334,VDD_IN,27665,7953,7363,16992,16334,3942,3968,2.0,2.0,2.0,1.0,55.0,3.0,62.968,64.0,62.875,62.0,62.125,64.0
08-11-2026 22:01:50,7076,7607,1380,16384,13.0,99.0,16936,VDD_IN,28875,7953,8016,16992,16936,3942,3923,2.0,2.0,5.0,1.0,68.0,0.0,62.843,64.062,62.968,61.75,62.187,64.062
08-11-2026 22:01:51,7076,7607,1380,16384,18.333333333333332,98.0,17722,VDD_IN,30349,7955,8744,16993,17722,3942,3883,5.0,10.0,6.0,18.0,71.0,0.0,63.062,64.343,62.937,61.906,62.156,64.343
08-11-2026 22:01:52,7077,7607,1380,16384,12.166666666666666,98.0,17447,VDD_IN,29802,7955,8432,16994,17447,3942,3923,3.0,3.0,2.0,7.0,58.0,0.0,63.062,64.281,62.75,61.875,62.125,64.281
08-11-2026 22:01:53,7077,7607,1380,16384,12.0,93.0,17329,VDD_IN,29541,7956,8250,16995,17329,3942,3962,2.0,2.0,5.0,3.0,58.0,2.0,63.218,64.281,62.843,61.906,62.156,64.281
08-11-2026 22:01:54,7077,7607,1380,16384,11.666666666666666,90.0,17172,VDD_IN,29189,7956,8016,16995,17172,3942,4001,3.0,2.0,5.0,0.0,0.0,60.0,62.906,64.312,62.968,61.937,62.093,64.312
08-11-2026 22:01:55,7078,7607,1380,16384,11.5,98.0,16975,VDD_IN,28718,7955,7703,16995,16975,3942,4040,5.0,1.0,2.0,3.0,0.0,58.0,63.062,64.468,62.968,61.812,62.125,64.468
08-11-2026 22:01:56,7077,7607,1380,16384,11.5,98.0,16728,VDD_IN,28060,7954,7206,16994,16728,3943,4126,4.0,1.0,2.0,2.0,1.0,59.0,63.281,64.312,62.875,61.843,62.062,64.312
08-11-2026 22:01:57,7080,7607,1380,16384,16.166666666666668,97.0,16295,VDD_IN,27626,7954,7520,16993,16295,3942,3811,6.0,8.0,7.0,17.0,0.0,59.0,63.125,64.281,62.906,61.875,62.062,64.281
08-11-2026 22:01:58,7080,7607,1380,16384,13.666666666666666,99.0,17683,VDD_IN,30156,7954,8393,16994,17683,3943,4080,6.0,3.0,1.0,2.0,0.0,70.0,63.25,64.375,62.843,62.0,62.312,64.375
08-11-2026 22:01:59,7081,7607,1380,16384,13.166666666666666,98.0,17526,VDD_IN,30037,7955,8588,16995,17526,3943,3923,1.0,5.0,2.0,2.0,1.0,68.0,62.906,64.468,63.031,61.843,62.218,64.468
08-11-2026 22:02:00,7082,7607,1380,16384,11.166666666666666,98.0,17447,VDD_IN,29802,7956,8432,16996,17447,3943,3923,1.0,2.0,1.0,1.0,57.0,5.0,63.0,64.375,63.031,61.968,62.062,64.375
08-11-2026 22:02:01,7082,7607,1380,16384,11.666666666666666,98.0,17368,VDD_IN,29620,7956,8290,16996,17368,3943,3962,3.0,1.0,4.0,2.0,47.0,13.0,63.218,64.375,62.937,61.968,62.187,64.375
08-11-2026 22:02:02,7083,7607,1380,16384,16.5,98.0,17447,VDD_IN,29737,7957,8250,16997,17447,3943,4040,8.0,11.0,3.0,18.0,0.0,59.0,63.468,64.625,62.906,62.0,62.218,64.625
08-11-2026 22:02:03,7084,7607,1380,16384,11.833333333333334,98.0,17015,VDD_IN,28759,7956,7664,16997,17015,3943,4080,3.0,1.0,2.0,3.0,4.0,58.0,63.062,64.593,62.968,61.906,62.125,64.593
08-11-2026 22:02:04,7084,7607,1380,16384,11.166666666666666,99.0,16531,VDD_IN,27707,7955,7050,16996,16531,3943,4126,6.0,2.0,2.0,0.0,0.0,57.0,63.25,63.968,62.812,61.906,62.156,63.968
08-11-2026 22:02:05,7084,7607,1380,16384,12.0,99.0,16609,VDD_IN,28215,7955,7716,16996,16609,3943,3890,4.0,1.0,0.0,5.0,0.0,62.0,63.0,64.312,62.875,61.875,62.125,64.312
08-11-2026 22:02:06,7084,7607,1380,16384,13.666666666666666,99.0,17693,VDD_IN,30360,7956,8705,16997,17693,3943,3962,4.0,5.0,2.0,1.0,0.0,70.0,63.062,64.531,62.875,61.968,62.156,64.531
08-11-2026 22:02:07,7084,7607,1380,16384,12.333333333333334,98.0,17447,VDD_IN,29894,7957,8524,16997,17447,3943,3923,2.0,5.0,3.0,2.0,0.0,62.0,63.281,64.437,63.031,62.031,62.218,64.437
08-11-2026 22:02:08,7084,7607,1380,16384,16.5,98.0,17486,VDD_IN,29880,7957,8432,16998,17486,3943,3962,7.0,19.0,10.0,4.0,0.0,59.0,63.062,64.5,62.937,61.906,62.187,64.5
08-11-2026 22:02:09,7084,7607,1380,16384,11.666666666666666,98.0,17250,VDD_IN,29384,7958,8172,16999,17250,3943,3962,3.0,4.0,1.0,2.0,0.0,60.0,63.125,64.375,62.843,61.906,62.156,64.375
08-11-2026 22:02:10,7084,7607,1380,16384,10.833333333333334,98.0,17133,VDD_IN,29032,7957,7859,16999,17133,3943,4040,2.0,3.0,2.0,0.0,0.0,58.0,63.312,64.312,62.843,61.937,62.125,64.718
08-11-2026 22:02:11,7085,7607,1380,16384,11.0,98.0,16857,VDD_IN,28405,7957,7429,16999,16857,3944,4119,2.0,3.0,1.0,2.0,0.0,58.0,63.093,64.593,62.968,62.031,62.125,64.593
08-11-2026 22:02:12,7085,7607,1380,16384,11.166666666666666,96.0,16373,VDD_IN,27743,7956,7402,16998,16373,3944,3968,4.0,3.0,2.0,3.0,0.0,55.0,63.312,64.312,62.968,62.093,62.218,64.312
08-11-2026 22:02:13,7086,7607,1380,16384,17.166666666666668,99.0,17290,VDD_IN,29542,7956,8290,16998,17290,3944,3962,4.0,7.0,6.0,18.0,0.0,68.0,63.218,64.531,63.0,61.875,62.187,64.531
08-11-2026 22:02:14,7086,7607,1380,16384,13.833333333333334,97.0,17604,VDD_IN,30114,7957,8627,16999,17604,3944,3883,3.0,2.0,3.0,1.0,3.0,71.0,63.187,64.875,62.875,61.937,62.218,64.875
08-11-2026 22:02:15,7087,7607,1380,16384,11.5,97.0,17408,VDD_IN,29738,7958,8407,16999,17408,3944,3923,3.0,4.0,2.0,2.0,0.0,58.0,63.375,64.468,63.0,62.0,62.25,64.468
08-11-2026 22:02:16,7088,7607,1380,16384,11.833333333333334,94.0,17290,VDD_IN,29502,7958,8250,17000,17290,3944,3962,3.0,3.0,3.0,3.0,0.0,59.0,63.031,64.468,62.875,62.093,62.218,64.468
08-11-2026 22:02:17,7086,7607,1380,16384,11.833333333333334,95.0,17172,VDD_IN,29189,7958,8016,17000,17172,3944,4001,4.0,2.0,5.0,1.0,0.0,59.0,63.062,64.406,62.937,61.906,62.187,64.406
08-11-2026 22:02:18,7087,7607,1380,16384,11.166666666666666,97.0,16936,VDD_IN,28640,7958,7664,17000,16936,3944,4040,4.0,1.0,0.0,3.0,0.0,59.0,63.0,64.437,63.062,61.937,62.218,64.437
08-11-2026 22:02:19,7086,7607,1380,16384,16.5,98.0,16700,VDD_IN,28111,7957,7246,17000,16700,3944,4165,18.0,5.0,12.0,3.0,2.0,59.0,63.281,64.25,62.781,61.937,62.187,64.25
08-11-2026 22:02:20,7086,7607,1380,16384,11.833333333333334,98.0,16295,VDD_IN,27666,7956,7520,16999,16295,3944,3851,3.0,1.0,4.0,3.0,0.0,60.0,63.281,64.25,62.968,61.906,62.218,64.25
08-11-2026 22:02:21,7086,7607,1380,16384,13.333333333333334,98.0,17683,VDD_IN,30195,7957,8432,17000,17683,3944,4080,4.0,1.0,5.0,1.0,0.0,69.0,63.062,64.468,62.812,62.062,62.218,64.312
08-11-2026 22:02:22,7087,7607,1380,16384,12.666666666666666,98.0,17565,VDD_IN,30076,7958,8588,17000,17565,3944,3923,2.0,3.0,2.0,2.0,0.0,67.0,63.062,64.375,62.968,61.843,62.281,64.375
08-11-2026 22:02:23,7088,7607,1380,16384,11.666666666666666,98.0,17486,VDD_IN,29880,7959,8471,17001,17486,3944,3923,4.0,2.0,3.0,2.0,0.0,59.0,63.062,64.375,63.093,61.906,62.281,64.375
08-11-2026 22:02:24,7088,7607,1380,16384,16.5,98.0,17565,VDD_IN,29998,7959,8471,17002,17565,3944,3962,5.0,17.0,7.0,11.0,0.0,59.0,63.343,64.375,62.781,61.937,62.218,64.375
08-11-2026 22:02:25,7089,7607,1380,16384,12.0,98.0,17290,VDD_IN,29307,7960,8016,17002,17290,3944,4001,3.0,8.0,2.0,2.0,0.0,57.0,63.281,64.406,62.968,61.937,62.156,64.406
08-11-2026 22:02:26,7089,7607,1380,16384,11.333333333333334,98.0,16936,VDD_IN,28641,7959,7625,17002,16936,3944,4080,1.0,4.0,3.0,2.0,0.0,58.0,63.062,64.312,62.875,62.062,62.125,64.312
08-11-2026 22:02:27,7090,7607,1380,16384,11.333333333333334,99.0,16452,VDD_IN,27628,7958,7050,17001,16452,3945,4126,3.0,2.0,1.0,5.0,0.0,57.0,63.281,64.0,63.031,61.843,62.312,64.0
08-11-2026 22:02:28,7090,7607,1380,16384,11.833333333333334,99.0,16609,VDD_IN,28202,7957,7703,17001,16609,3945,3890,2.0,2.0,1.0,3.0,0.0,63.0,63.031,64.281,63.031,61.906,62.093,64.281
08-11-2026 22:02:29,7091,7607,1380,16384,13.666666666666666,99.0,17654,VDD_IN,30360,7959,8744,17002,17654,3945,3962,2.0,0.0,2.0,6.0,1.0,71.0,63.156,64.937,62.937,61.937,62.156,64.937
08-11-2026 22:02:30,7091,7607,1380,16384,17.166666666666668,98.0,17526,VDD_IN,30012,7959,8563,17002,17526,3945,3923,19.0,7.0,3.0,11.0,0.0,63.0,63.25,64.656,62.968,62.0,62.312,64.656
08-11-2026 22:02:31,7092,7607,1380,16384,11.666666666666666,98.0,17408,VDD_IN,29699,7960,8368,17003,17408,3945,3923,3.0,4.0,2.0,2.0,0.0,59.0,63.062,64.656,63.062,62.125,62.218,64.656
08-11-2026 22:02:32,7092,7607,1380,16384,12.0,97.0,17290,VDD_IN,29424,7960,8172,17003,17290,3945,3962,3.0,5.0,2.0,2.0,1.0,59.0,63.062,64.375,63.0,61.906,62.25,64.375
08-11-2026 22:02:33,7093,7607,1380,16384,11.666666666666666,98.0,17054,VDD_IN,28953,7960,7859,17004,17054,3945,4040,2.0,3.0,3.0,3.0,0.0,59.0,63.218,64.406,62.812,61.937,62.093,64.406
08-11-2026 22:02:34,7093,7607,1380,16384,11.0,98.0,16818,VDD_IN,28373,7959,7429,17003,16818,3945,4126,3.0,0.0,0.0,4.0,0.0,59.0,63.562,64.312,62.906,61.937,62.156,64.312
08-11-2026 22:02:36,7094,7607,1380,16384,15.166666666666666,98.0,16531,VDD_IN,28097,7959,7598,17003,16531,3945,3968,8.0,8.0,15.0,5.0,0.0,55.0,63.562,64.093,63.0,62.062,62.218,64.093
08-11-2026 22:02:37,7094,7607,1380,16384,14.0,99.0,17133,VDD_IN,29189,7959,8094,17003,17133,3945,3962,3.0,5.0,2.0,6.0,0.0,68.0,62.875,64.25,63.062,62.0,62.281,64.25
08-11-2026 22:02:38,7094,7607,1380,16384,13.5,97.0,17526,VDD_IN,30036,7960,8627,17004,17526,3945,3883,3.0,4.0,2.0,1.0,0.0,71.0,63.062,64.812,63.093,61.937,62.25,64.812
08-11-2026 22:02:39,7095,7607,1380,16384,11.0,97.0,17408,VDD_IN,29777,7961,8446,17004,17408,3945,3923,1.0,2.0,2.0,2.0,1.0,58.0,63.125,64.781,62.875,61.906,62.218,64.781
08-11-2026 22:02:40,7095,7607,1380,16384,12.0,97.0,17290,VDD_IN,29502,7961,8250,17004,17290,3945,3962,4.0,4.0,3.0,2.0,0.0,59.0,63.343,64.25,62.937,61.906,62.281,64.25
08-11-2026 22:02:41,7096,7607,1380,16384,11.0,93.0,17172,VDD_IN,29189,7961,8016,17005,17172,3945,4001,1.0,3.0,3.0,1.0,0.0,58.0,63.312,64.312,62.937,62.062,62.218,64.312
08-11-2026 22:02:42,7097,7607,1380,16384,16.333333333333332,92.0,17054,VDD_IN,28876,7961,7742,17005,17054,3945,4080,15.0,7.0,10.0,8.0,0.0,58.0,63.062,64.312,63.0,61.906,62.187,64.312
08-11-2026 22:02:43,7098,7607,1380,16384,11.333333333333334,98.0,16700,VDD_IN,28071,7960,7206,17004,16700,3945,4165,3.0,5.0,1.0,1.0,0.0,58.0,63.156,64.312,63.125,61.906,62.156,64.312
08-11-2026 22:02:44,7098,7607,1380,16384,12.0,98.0,16413,VDD_IN,27862,7959,7598,17004,16413,3945,3851,3.0,2.0,3.0,4.0,0.0,60.0,63.062,64.312,62.937,61.937,62.156,64.312
08-11-2026 22:02:45,7098,7607,1380,16384,13.333333333333334,99.0,17604,VDD_IN,30038,7960,8354,17004,17604,3945,4080,3.0,1.0,3.0,4.0,0.0,69.0,63.437,64.5,63.031,61.937,62.343,64.5
08-11-2026 22:02:46,7099,7607,1380,16384,13.166666666666666,98.0,17526,VDD_IN,30037,7961,8588,17005,17526,3945,3923,3.0,1.0,4.0,3.0,0.0,68.0,63.312,64.687,62.937,62.062,62.25,64.687
08-11-2026 22:02:47,7102,7607,1380,16384,15.333333333333334,98.0,17683,VDD_IN,30233,7962,8627,17006,17683,3945,3923,20.0,4.0,4.0,3.0,2.0,59.0,63.156,64.75,63.031,61.875,62.406,64.75
08-11-2026 22:02:48,7101,7607,1380,16384,13.833333333333334,98.0,17447,VDD_IN,29777,7962,8368,17007,17447,3945,3962,8.0,2.0,7.0,3.0,4.0,59.0,63.156,64.687,63.125,61.937,62.281,64.687
08-11-2026 22:02:49,7102,7607,1380,16384,11.666666666666666,98.0,17211,VDD_IN,29267,7962,8055,17007,17211,3946,4001,2.0,3.0,3.0,3.0,2.0,57.0,63.156,64.437,62.937,61.906,62.281,64.437
08-11-2026 22:02:50,7102,7607,1380,16384,11.666666666666666,98.0,16936,VDD_IN,28641,7962,7625,17007,16936,3946,4080,3.0,2.0,3.0,3.0,0.0,59.0,63.5,64.312,62.937,62.093,62.312,64.312
08-11-2026 22:02:51,7103,7607,1380,16384,11.333333333333334,99.0,16531,VDD_IN,27707,7961,7050,17006,16531,3946,4126,3.0,1.0,5.0,1.0,0.0,58.0,63.281,63.812,63.062,62.031,62.25,63.812
08-11-2026 22:02:52,7103,7607,1380,16384,12.5,99.0,16609,VDD_IN,28215,7960,7716,17006,16609,3946,3890,3.0,2.0,5.0,2.0,0.0,63.0,62.875,64.062,63.062,62.031,62.281,64.062
08-11-2026 22:02:53,7102,7607,1380,16384,17.666666666666668,99.0,17811,VDD_IN,30550,7961,8784,17007,17811,3946,3955,9.0,9.0,13.0,6.0,0.0,69.0,63.062,64.937,62.937,62.0,62.281,64.937
08-11-2026 22:02:54,7103,7607,1380,16384,12.5,98.0,17486,VDD_IN,29919,7962,8510,17007,17486,3946,3923,2.0,1.0,5.0,2.0,1.0,64.0,63.25,64.781,63.0,61.937,62.187,64.781
08-11-2026 22:02:55,7104,7607,1380,16384,12.0,98.0,17447,VDD_IN,29816,7963,8407,17008,17447,3946,3962,4.0,2.0,1.0,5.0,0.0,60.0,63.468,64.781,62.906,62.062,62.25,64.781
08-11-2026 22:02:56,7104,7607,1380,16384,10.833333333333334,98.0,17290,VDD_IN,29424,7963,8172,17008,17290,3946,3962,4.0,1.0,1.0,0.0,0.0,59.0,63.062,64.75,62.968,61.906,62.312,64.75
08-11-2026 22:02:57,7105,7607,1380,16384,12.0,98.0,17133,VDD_IN,29032,7963,7859,17008,17133,3946,4040,7.0,1.0,1.0,3.0,0.0,60.0,63.156,64.468,63.125,61.906,62.187,64.468
08-11-2026 22:02:58,7105,7607,1380,16384,16.833333333333332,98.0,17054,VDD_IN,28798,7962,7625,17008,17054,3946,4119,7.0,5.0,12.0,18.0,0.0,59.0,63.531,64.375,63.0,62.0,62.281,64.375
08-11-2026 22:02:59,7105,7607,1380,16384,11.333333333333334,97.0,16413,VDD_IN,27744,7962,7363,17008,16413,3946,3968,2.0,6.0,2.0,2.0,1.0,55.0,63.218,64.031,62.906,61.968,62.281,64.031
08-11-2026 22:03:00,7105,7607,1380,16384,13.166666666666666,99.0,16975,VDD_IN,28914,7962,8016,17008,16975,3946,3923,3.0,6.0,1.0,2.0,0.0,67.0,63.125,64.218,63.0,62.125,62.187,64.218
08-11-2026 22:03:01,7106,7607,1380,16384,12.666666666666666,98.0,17526,VDD_IN,30011,7962,8602,17008,17526,3946,3883,2.0,4.0,0.0,0.0,0.0,70.0,63.062,64.625,63.062,61.843,62.187,64.625
08-11-2026 22:03:02,7106,7607,1380,16384,11.666666666666666,97.0,17408,VDD_IN,29777,7963,8446,17009,17408,3946,3923,3.0,2.0,5.0,2.0,0.0,58.0,63.125,64.718,62.968,61.906,62.156,64.718
08-11-2026 22:03:03,7107,7607,1380,16384,11.5,96.0,17329,VDD_IN,29541,7964,8250,17009,17329,3946,3962,3.0,4.0,2.0,2.0,0.0,58.0,63.218,64.75,63.0,61.968,62.218,64.75
08-11-2026 22:03:04,7108,7607,1380,16384,16.166666666666668,97.0,17250,VDD_IN,29306,7964,8055,17010,17250,3946,4001,7.0,4.0,10.0,16.0,1.0,59.0,63.093,64.781,63.0,61.968,62.343,64.781
08-11-2026 22:03:05,7108,7607,1380,16384,11.833333333333334,96.0,16975,VDD_IN,28719,7963,7664,17010,16975,3946,4080,3.0,2.0,5.0,2.0,0.0,59.0,63.406,64.312,62.875,62.031,62.125,64.312
08-11-2026 22:03:06,7108,7607,1380,16384,11.5,98.0,16622,VDD_IN,27954,7962,7167,17009,16622,3947,4165,3.0,0.0,4.0,3.0,0.0,59.0,63.125,64.062,63.0,61.937,62.281,64.062
08-11-2026 22:03:07,7109,7607,1380,16384,12.166666666666666,98.0,16373,VDD_IN,27783,7962,7559,17008,16373,3947,3851,7.0,1.0,2.0,2.0,1.0,60.0,63.062,64.125,62.875,61.937,62.125,64.281
08-11-2026 22:03:08,7109,7607,1380,16384,13.833333333333334,99.0,17683,VDD_IN,30195,7962,8432,17009,17683,3947,4080,4.0,3.0,6.0,1.0,0.0,69.0,63.312,64.562,62.968,62.031,62.312,64.562
08-11-2026 22:03:09,7108,7607,1380,16384,17.666666666666668,98.0,17761,VDD_IN,30468,7963,8784,17010,17761,3947,3923,6.0,5.0,17.0,10.0,0.0,68.0,63.281,64.718,63.0,62.031,62.312,64.718
08-11-2026 22:03:10,7108,7607,1380,16384,12.0,98.0,17486,VDD_IN,29919,7964,8510,17011,17486,3947,3923,4.0,4.0,2.0,4.0,0.0,58.0,63.093,64.656,62.968,61.875,62.312,64.656
08-11-2026 22:03:11,7102,7607,1380,16384,23.833333333333332,0.0,9816,VDD_IN,15762,7958,3288,17001,9816,3945,2658,16.0,14.0,35.0,12.0,35.0,31.0,62.812,62.375,62.968,61.843,61.718,62.968
08-11-2026 22:03:12,7117,7607,1380,16384,58.333333333333336,96.0,12617,VDD_IN,20589,7954,5085,16996,12617,3944,2887,58.0,78.0,54.0,54.0,53.0,53.0,62.5,63.375,62.5,61.75,61.562,63.375
08-11-2026 22:03:13,7117,7607,1380,16384,11.833333333333334,99.0,16255,VDD_IN,27195,7953,6893,16995,16255,3944,4047,4.0,59.0,3.0,2.0,3.0,0.0,62.937,63.593,62.593,61.812,61.875,63.593
08-11-2026 22:03:14,7121,7607,1380,16384,12.666666666666666,47.0,16373,VDD_IN,27783,7952,7520,16994,16373,3944,3890,4.0,61.0,1.0,4.0,3.0,3.0,62.593,63.812,62.718,61.843,62.0,63.812
08-11-2026 22:03:15,7126,7607,1380,16384,17.0,99.0,17772,VDD_IN,30400,7953,8588,16995,17772,3944,4040,8.0,69.0,13.0,7.0,3.0,2.0,62.968,64.25,62.875,61.718,62.093,64.25
08-11-2026 22:03:16,7126,7607,1380,16384,12.666666666666666,98.0,17565,VDD_IN,30037,7954,8549,16996,17565,3944,3923,2.0,5.0,1.0,4.0,62.0,2.0,62.968,64.312,62.875,61.812,62.031,64.312
08-11-2026 22:03:17,7126,7607,1380,16384,12.0,98.0,17486,VDD_IN,29919,7954,8471,16996,17486,3944,3962,57.0,0.0,4.0,7.0,4.0,0.0,63.062,64.281,62.718,61.781,62.125,64.281
08-11-2026 22:03:18,7126,7607,1380,16384,11.5,98.0,17329,VDD_IN,29541,7955,8250,16997,17329,3944,3962,50.0,12.0,3.0,4.0,0.0,0.0,63.062,64.25,62.75,61.843,62.093,64.562
08-11-2026 22:03:19,7126,7607,1380,16384,11.0,98.0,17211,VDD_IN,29189,7955,7977,16997,17211,3944,4001,4.0,48.0,12.0,1.0,1.0,0.0,63.031,64.531,62.75,61.906,62.093,64.531
08-11-2026 22:03:20,7129,7607,1380,16384,15.833333333333334,98.0,17172,VDD_IN,28994,7955,7742,16997,17172,3944,4080,13.0,8.0,52.0,6.0,16.0,0.0,62.968,64.437,63.0,61.687,62.312,64.437
08-11-2026 22:03:21,7129,7607,1380,16384,11.166666666666666,99.0,16452,VDD_IN,27745,7954,7246,16996,16452,3944,4047,2.0,5.0,4.0,0.0,56.0,0.0,63.125,63.968,62.875,61.812,62.093,63.968
08-11-2026 22:03:22,7129,7607,1380,16384,12.5,99.0,16728,VDD_IN,28477,7954,7859,16996,16728,3944,3890,2.0,2.0,1.0,2.0,66.0,2.0,62.812,64.156,62.781,61.843,62.031,64.156
08-11-2026 22:03:23,7129,7607,1380,16384,13.5,98.0,17486,VDD_IN,29958,7954,8549,16997,17486,3944,3923,5.0,1.0,2.0,1.0,71.0,1.0,63.0,64.625,62.781,61.937,62.125,64.625
08-11-2026 22:03:24,7128,7607,1380,16384,11.833333333333334,92.0,17486,VDD_IN,29880,7955,8471,16997,17486,3944,3923,3.0,4.0,61.0,3.0,0.0,0.0,63.0,64.687,62.875,61.906,62.218,64.375
08-11-2026 22:03:25,7128,7607,1380,16384,11.333333333333334,98.0,17408,VDD_IN,29738,7956,8368,16998,17408,3944,3962,3.0,50.0,10.0,5.0,0.0,0.0,62.906,64.406,62.937,61.812,62.25,64.406
08-11-2026 22:03:26,7129,7607,1380,16384,15.5,98.0,17250,VDD_IN,29423,7956,8172,16998,17250,3944,4001,13.0,24.0,42.0,11.0,0.0,3.0,63.187,64.406,62.968,61.843,62.125,64.406
08-11-2026 22:03:27,7129,7607,1380,16384,12.5,98.0,17054,VDD_IN,28875,7956,7781,16998,17054,3944,4040,2.0,2.0,59.0,1.0,5.0,6.0,63.156,64.343,62.906,61.875,62.093,64.343
08-11-2026 22:03:28,7129,7607,1380,16384,11.0,98.0,16818,VDD_IN,28256,7955,7312,16998,16818,3945,4126,1.0,1.0,59.0,2.0,3.0,0.0,63.375,64.25,62.906,61.906,62.156,64.25
08-11-2026 22:03:29,7129,7607,1380,16384,11.5,99.0,16531,VDD_IN,28058,7954,7598,16997,16531,3945,3929,2.0,1.0,57.0,3.0,3.0,3.0,62.812,64.281,62.843,61.937,62.125,64.281
08-11-2026 22:03:30,7129,7607,1380,16384,14.833333333333334,99.0,17408,VDD_IN,29699,7955,8290,16998,17408,3945,4001,4.0,3.0,5.0,3.0,69.0,5.0,62.968,64.406,63.031,62.031,62.281,64.406
08-11-2026 22:03:31,7134,7607,1380,16384,18.833333333333332,98.0,17840,VDD_IN,30586,7956,8823,16999,17840,3945,3923,13.0,5.0,70.0,4.0,18.0,3.0,63.312,64.468,63.0,61.875,62.25,64.468
08-11-2026 22:03:32,7136,7607,1380,16384,11.5,98.0,17526,VDD_IN,29998,7957,8549,17000,17526,3945,3923,2.0,4.0,58.0,1.0,3.0,1.0,63.125,64.437,62.906,61.875,62.156,64.437
08-11-2026 22:03:33,7136,7607,1380,16384,10.833333333333334,98.0,17368,VDD_IN,29620,7957,8290,17000,17368,3945,3962,1.0,0.0,58.0,2.0,4.0,0.0,63.281,64.312,62.968,61.968,62.187,64.312
08-11-2026 22:03:34,7135,7607,1380,16384,11.333333333333334,98.0,17172,VDD_IN,29150,7957,7977,17000,17172,3945,4001,3.0,2.0,58.0,1.0,1.0,3.0,63.062,64.25,62.968,61.843,62.156,64.25
08-11-2026 22:03:35,7135,7607,1380,16384,11.5,89.0,16975,VDD_IN,28719,7957,7664,17000,16975,3945,4080,3.0,2.0,60.0,2.0,0.0,2.0,63.156,64.312,63.062,61.906,62.25,64.312
08-11-2026 22:03:36,7135,7607,1380,16384,11.833333333333334,99.0,16700,VDD_IN,28021,7956,7156,17000,16700,3945,4165,3.0,2.0,59.0,3.0,0.0,4.0,63.125,64.125,62.843,61.906,62.093,64.25
08-11-2026 22:03:37,7135,7607,1380,16384,16.666666666666668,96.0,16531,VDD_IN,28058,7955,7637,16999,16531,3945,3890,9.0,14.0,60.0,7.0,8.0,2.0,63.062,64.312,62.968,62.031,62.25,64.312
08-11-2026 22:03:38,7136,7607,1380,16384,13.5,99.0,17693,VDD_IN,30283,7956,8510,17000,17693,3945,4080,3.0,2.0,70.0,3.0,2.0,1.0,63.281,64.718,62.937,61.968,62.312,64.718
08-11-2026 22:03:39,7136,7607,1380,16384,12.333333333333334,98.0,17526,VDD_IN,30037,7957,8588,17001,17526,3945,3923,65.0,2.0,1.0,1.0,4.0,1.0,62.937,64.75,62.906,62.062,62.406,64.75
08-11-2026 22:03:40,7135,7607,1380,16384,11.666666666666666,98.0,17447,VDD_IN,29816,7957,8446,17001,17447,3945,3923,19.0,1.0,1.0,1.0,47.0,1.0,62.968,64.75,62.968,61.937,62.187,64.75
08-11-2026 22:03:41,7135,7607,1380,16384,11.666666666666666,98.0,17329,VDD_IN,29541,7958,8250,17002,17329,3945,3962,3.0,5.0,1.0,4.0,57.0,0.0,63.062,64.781,62.906,61.843,62.125,64.781
08-11-2026 22:03:42,7135,7607,1380,16384,16.333333333333332,98.0,17408,VDD_IN,29581,7958,8133,17002,17408,3945,4040,6.0,18.0,5.0,8.0,59.0,2.0,63.312,64.687,62.937,62.0,62.187,64.687
08-11-2026 22:03:43,7135,7607,1380,16384,12.0,98.0,17015,VDD_IN,28681,7958,7586,17002,17015,3945,4080,3.0,4.0,2.0,2.0,60.0,1.0,63.218,64.437,62.875,62.0,62.25,64.437
08-11-2026 22:03:44,7135,7607,1380,16384,11.0,99.0,16531,VDD_IN,27863,7957,7246,17002,16531,3946,4086,2.0,4.0,1.0,2.0,56.0,1.0,63.125,63.812,62.937,62.093,62.406,63.812
08-11-2026 22:03:45,7135,7607,1380,16384,12.666666666666666,99.0,16700,VDD_IN,28410,7956,7820,17001,16700,3946,3890,4.0,1.0,2.0,3.0,65.0,1.0,62.937,64.093,63.0,61.906,62.218,64.093
08-11-2026 22:03:46,7135,7607,1380,16384,13.5,98.0,17604,VDD_IN,30115,7957,8588,17002,17604,3946,3923,2.0,2.0,2.0,4.0,71.0,0.0,63.125,64.531,63.0,61.937,62.25,64.531
08-11-2026 22:03:47,7135,7607,1380,16384,12.333333333333334,98.0,17526,VDD_IN,29959,7958,8510,17003,17526,3945,3923,2.0,4.0,5.0,2.0,45.0,16.0,63.375,64.531,63.031,61.968,62.187,64.781
08-11-2026 22:03:48,7135,7607,1380,16384,16.333333333333332,98.0,17486,VDD_IN,29841,7958,8393,17003,17486,3945,3962,8.0,9.0,5.0,16.0,0.0,60.0,63.187,64.812,63.0,62.0,62.281,64.812
08-11-2026 22:03:49,7135,7607,1380,16384,11.666666666666666,98.0,17329,VDD_IN,29502,7959,8172,17004,17329,3946,4001,3.0,5.0,2.0,2.0,0.0,58.0,63.031,64.843,63.031,62.156,62.312,64.843
08-11-2026 22:03:50,7135,7607,1380,16384,11.666666666666666,98.0,17093,VDD_IN,28953,7959,7820,17004,17093,3946,4040,2.0,1.0,2.0,5.0,1.0,59.0,63.125,64.812,63.031,61.968,62.187,64.812
08-11-2026 22:03:51,7134,7607,1380,16384,11.0,98.0,16857,VDD_IN,28405,7958,7429,17004,16857,3946,4119,4.0,0.0,2.0,1.0,0.0,59.0,63.281,64.781,62.875,61.937,62.218,64.781
08-11-2026 22:03:52,7134,7607,1380,16384,11.166666666666666,98.0,16452,VDD_IN,27862,7957,7481,17003,16452,3946,3929,3.0,1.0,2.0,2.0,4.0,55.0,63.281,64.156,63.031,62.0,62.312,64.156
08-11-2026 22:03:53,7135,7607,1380,16384,17.5,99.0,17368,VDD_IN,29659,7958,8329,17004,17368,3946,3962,6.0,6.0,4.0,18.0,2.0,69.0,62.875,64.406,63.0,62.093,62.375,64.406
08-11-2026 22:03:54,7135,7607,1380,16384,13.5,98.0,17565,VDD_IN,30115,7959,8627,17004,17565,3946,3923,3.0,4.0,2.0,2.0,0.0,70.0,63.031,64.656,63.093,61.906,62.343,64.656
08-11-2026 22:03:55,7135,7607,1380,16384,11.166666666666666,96.0,17486,VDD_IN,29880,7959,8471,17005,17486,3946,3923,2.0,4.0,1.0,2.0,0.0,58.0,63.062,64.562,62.875,62.0,62.25,64.562
08-11-2026 22:03:56,7135,7607,1380,16384,11.666666666666666,93.0,17408,VDD_IN,29699,7960,8329,17005,17408,3946,3962,2.0,2.0,2.0,4.0,1.0,59.0,63.156,64.562,62.937,61.968,62.312,64.562
08-11-2026 22:03:57,7135,7607,1380,16384,12.166666666666666,98.0,17290,VDD_IN,29424,7960,8133,17006,17290,3946,4001,8.0,1.0,2.0,2.0,0.0,60.0,63.375,64.406,62.968,62.031,62.218,64.406
08-11-2026 22:03:58,7135,7607,1380,16384,12.0,98.0,17054,VDD_IN,28914,7960,7820,17006,17054,3946,4040,4.0,1.0,3.0,4.0,0.0,60.0,63.062,64.312,63.031,62.125,62.156,64.312
08-11-2026 22:03:59,7135,7607,1380,16384,16.5,98.0,16897,VDD_IN,28445,7959,7429,17006,16897,3946,4119,17.0,10.0,3.0,8.0,1.0,60.0,63.25,64.531,62.937,61.937,62.218,64.531
08-11-2026 22:04:00,7135,7607,1380,16384,10.5,99.0,16452,VDD_IN,27940,7959,7559,17005,16452,3946,3929,5.0,0.0,1.0,1.0,0.0,56.0,63.343,64.375,62.968,61.937,62.25,64.375
08-11-2026 22:04:01,7135,7607,1380,16384,13.5,99.0,17329,VDD_IN,29580,7959,8250,17005,17329,3946,4001,5.0,2.0,1.0,4.0,0.0,69.0,63.125,64.531,63.125,62.0,62.218,64.531
08-11-2026 22:04:02,7135,7607,1380,16384,13.833333333333334,98.0,17643,VDD_IN,30271,7960,8705,17006,17643,3946,3923,4.0,5.0,3.0,2.0,0.0,69.0,63.156,64.468,63.093,61.937,62.343,64.468
08-11-2026 22:04:03,7135,7607,1380,16384,10.5,98.0,17486,VDD_IN,29919,7961,8510,17007,17486,3946,3923,3.0,0.0,1.0,3.0,0.0,56.0,63.343,64.375,62.906,61.968,62.25,64.375
08-11-2026 22:04:04,7135,7607,1380,16384,15.666666666666666,96.0,17486,VDD_IN,29855,7961,8407,17007,17486,3946,3962,4.0,6.0,17.0,7.0,1.0,59.0,63.375,64.5,63.0,61.968,62.25,64.5
08-11-2026 22:04:05,7135,7607,1380,16384,11.5,93.0,17172,VDD_IN,29189,7961,8016,17008,17172,3946,4001,2.0,2.0,4.0,2.0,0.0,59.0,63.281,64.468,62.968,62.062,62.281,64.468
08-11-2026 22:04:06,7135,7607,1380,16384,11.5,98.0,16936,VDD_IN,28601,7961,7625,17007,16936,3946,4040,2.0,4.0,1.0,1.0,1.0,60.0,63.187,64.437,63.093,61.875,62.25,64.437
08-11-2026 22:04:07,7135,7607,1380,16384,12.5,98.0,16700,VDD_IN,28032,7960,7206,17007,16700,3947,4126,3.0,8.0,2.0,2.0,1.0,59.0,63.25,64.375,63.093,61.937,62.25,64.375
08-11-2026 22:04:08,7135,7607,1380,16384,11.333333333333334,99.0,16216,VDD_IN,27548,7959,7481,17006,16216,3947,3851,4.0,3.0,1.0,2.0,0.0,58.0,63.062,64.125,62.937,61.937,62.187,64.125
08-11-2026 22:04:09,7135,7607,1380,16384,13.333333333333334,99.0,17526,VDD_IN,29895,7960,8329,17007,17526,3947,4040,2.0,6.0,0.0,2.0,1.0,69.0,63.406,64.312,63.031,62.031,62.375,64.312
08-11-2026 22:04:10,7138,7607,1380,16384,17.5,98.0,17565,VDD_IN,30075,7961,8627,17007,17565,3947,3883,8.0,8.0,16.0,7.0,64.0,2.0,63.062,64.5,63.062,62.093,62.312,64.5
08-11-2026 22:04:11,7138,7607,1380,16384,11.833333333333334,98.0,17329,VDD_IN,29684,7961,8432,17008,17329,3947,3923,4.0,6.0,1.0,1.0,59.0,0.0,63.062,64.5,63.062,61.968,62.343,64.5
08-11-2026 22:04:12,7138,7607,1380,16384,12.0,98.0,17290,VDD_IN,29502,7961,8250,17008,17290,3947,3962,3.0,2.0,2.0,4.0,60.0,1.0,63.062,64.5,62.968,62.031,62.375,64.5
08-11-2026 22:04:13,7138,7607,1380,16384,10.666666666666666,98.0,17054,VDD_IN,29032,7961,7977,17008,17054,3947,4001,16.0,2.0,0.0,1.0,44.0,1.0,63.281,64.531,62.906,62.062,62.375,64.531
08-11-2026 22:04:14,7138,7607,1380,16384,11.5,97.0,16857,VDD_IN,28522,7961,7625,17008,16857,3947,4040,44.0,4.0,2.0,3.0,15.0,1.0,63.343,64.468,63.031,62.125,62.281,64.625
08-11-2026 22:04:15,7136,7607,1380,16384,16.166666666666668,99.0,16661,VDD_IN,27993,7960,7167,17008,16661,3947,4165,7.0,9.0,17.0,5.0,58.0,1.0,63.187,64.125,63.062,61.968,62.406,64.125
08-11-2026 22:04:16,7137,7607,1380,16384,12.166666666666666,75.0,16373,VDD_IN,27783,7960,7559,17007,16373,3947,3851,4.0,4.0,1.0,1.0,63.0,0.0,62.968,64.281,63.093,61.968,62.25,64.281
08-11-2026 22:04:17,7138,7607,1380,16384,13.5,99.0,17693,VDD_IN,30282,7960,8549,17008,17693,3947,4040,2.0,1.0,4.0,6.0,68.0,0.0,63.375,65.0,62.968,62.0,62.312,65.0
08-11-2026 22:04:18,7138,7607,1380,16384,12.666666666666666,98.0,17408,VDD_IN,29776,7961,8485,17008,17408,3947,3883,2.0,2.0,3.0,3.0,64.0,2.0,63.125,64.843,63.031,62.0,62.25,64.843
08-11-2026 22:04:19,7138,7607,1380,16384,11.5,98.0,17408,VDD_IN,29738,7961,8407,17009,17408,3947,3923,3.0,3.0,2.0,2.0,59.0,0.0,63.281,64.656,62.968,62.062,62.156,64.656
08-11-2026 22:04:20,7138,7607,1380,16384,11.5,98.0,17368,VDD_IN,29580,7962,8250,17009,17368,3947,3962,4.0,2.0,1.0,2.0,50.0,10.0,63.062,64.593,63.093,61.937,62.25,64.593
08-11-2026 22:04:21,7139,7607,1380,16384,16.333333333333332,98.0,17172,VDD_IN,29150,7962,7977,17009,17172,3947,4001,6.0,18.0,4.0,9.0,1.0,60.0,63.187,64.593,63.093,62.0,62.218,64.593
08-11-2026 22:04:22,7139,7607,1380,16384,11.333333333333334,98.0,16857,VDD_IN,28444,7961,7507,17009,16857,3947,4080,1.0,2.0,2.0,3.0,1.0,59.0,63.343,64.406,63.0,61.968,62.187,64.406
08-11-2026 22:04:23,7139,7607,1380,16384,10.666666666666666,99.0,16452,VDD_IN,27666,7960,7167,17008,16452,3947,4047,4.0,1.0,1.0,3.0,1.0,54.0,63.187,63.75,63.093,62.062,62.281,63.75
08-11-2026 22:04:24,7139,7607,1380,16384,11.666666666666666,99.0,16661,VDD_IN,28332,7960,7781,17008,16661,3947,3890,3.0,1.0,0.0,2.0,0.0,64.0,62.875,64.125,63.031,61.875,62.312,64.125
08-11-2026 22:04:25,7139,7607,1380,16384,13.166666666666666,98.0,17575,VDD_IN,30125,7961,8627,17009,17575,3947,3923,1.0,4.0,2.0,2.0,1.0,69.0,63.156,64.593,63.125,62.0,62.343,64.593
08-11-2026 22:04:26,7140,7607,1380,16384,16.333333333333332,98.0,17486,VDD_IN,29972,7962,8563,17009,17486,3947,3923,6.0,3.0,9.0,17.0,0.0,63.0,63.187,64.656,62.968,61.937,62.312,64.656
08-11-2026 22:04:27,7139,7607,1380,16384,12.333333333333334,98.0,17408,VDD_IN,29699,7962,8368,17010,17408,3947,3923,2.0,3.0,3.0,7.0,0.0,59.0,63.375,64.687,62.937,61.968,62.281,64.687
08-11-2026 22:04:28,7139,7607,1380,16384,11.333333333333334,98.0,17172,VDD_IN,29228,7962,8094,17010,17172,3947,3962,4.0,1.0,3.0,1.0,0.0,59.0,63.093,64.687,62.968,62.125,62.25,64.687
08-11-2026 22:04:29,7139,7607,1380,16384,12.0,98.0,17015,VDD_IN,28797,7962,7781,17010,17015,3947,4001,3.0,3.0,3.0,3.0,0.0,60.0,63.093,64.593,63.031,61.937,62.218,64.593
08-11-2026 22:04:30,7139,7607,1380,16384,11.5,98.0,16700,VDD_IN,28177,7961,7351,17010,16700,3947,4126,2.0,3.0,2.0,3.0,0.0,59.0,63.281,64.218,62.781,61.937,62.125,64.218
08-11-2026 22:04:31,7139,7607,1380,16384,11.666666666666666,99.0,16373,VDD_IN,27783,7961,7481,17009,16373,3947,3929,5.0,3.0,2.0,5.0,0.0,55.0,63.343,64.093,62.968,61.968,62.218,64.093
08-11-2026 22:04:32,7138,7607,1380,16384,17.833333333333332,99.0,17172,VDD_IN,29306,7961,8172,17009,17172,3947,3962,7.0,7.0,5.0,20.0,0.0,68.0,63.375,64.375,63.0,62.0,62.218,64.375
08-11-2026 22:04:33,7139,7607,1380,16384,13.666666666666666,98.0,17486,VDD_IN,29957,7962,8588,17010,17486,3947,3883,2.0,5.0,2.0,4.0,0.0,69.0,63.0,64.531,63.031,61.937,62.312,64.531
08-11-2026 22:04:34,7139,7607,1380,16384,11.333333333333334,98.0,17368,VDD_IN,29659,7962,8368,17010,17368,3947,3923,3.0,1.0,2.0,4.0,0.0,58.0,63.062,64.531,63.031,61.937,62.187,64.531
08-11-2026 22:04:35,7139,7607,1380,16384,11.0,98.0,17211,VDD_IN,29345,7963,8172,17010,17211,3947,3962,2.0,2.0,2.0,2.0,0.0,58.0,63.125,64.593,63.0,61.875,62.156,64.593
08-11-2026 22:04:36,7139,7607,1380,16384,12.5,93.0,17172,VDD_IN,29228,7963,8055,17010,17172,3947,4001,3.0,5.0,3.0,4.0,1.0,59.0,63.406,64.593,62.937,62.0,62.187,64.593
08-11-2026 22:04:37,7141,7607,1380,16384,16.833333333333332,98.0,17211,VDD_IN,29150,7963,7899,17011,17211,3947,4040,8.0,4.0,9.0,15.0,5.0,60.0,63.125,64.718,62.937,62.125,62.25,64.718
08-11-2026 22:04:38,7141,7607,1380,16384,12.333333333333334,98.0,16779,VDD_IN,28171,7962,7273,17010,16779,3948,4119,8.0,3.0,14.0,3.0,0.0,46.0,63.187,64.593,62.937,61.937,62.343,64.593
08-11-2026 22:04:39,7141,7607,1380,16384,11.0,96.0,16216,VDD_IN,27548,7961,7481,17009,16216,3948,3851,3.0,1.0,58.0,4.0,0.0,0.0,63.031,64.531,63.031,61.968,62.093,64.531
08-11-2026 22:04:40,7140,7607,1380,16384,12.666666666666666,99.0,17486,VDD_IN,29816,7962,8290,17010,17486,3948,4040,1.0,2.0,69.0,4.0,0.0,0.0,63.218,64.593,63.031,61.968,62.25,64.593
08-11-2026 22:04:41,7141,7607,1380,16384,12.666666666666666,98.0,17565,VDD_IN,30036,7962,8588,17011,17565,3948,3883,3.0,2.0,70.0,1.0,0.0,0.0,63.25,64.625,62.937,62.0,62.281,64.625
08-11-2026 22:04:42,7140,7607,1380,16384,11.333333333333334,98.0,17447,VDD_IN,29855,7963,8485,17011,17447,3948,3923,3.0,1.0,59.0,4.0,0.0,1.0,63.562,64.625,62.968,62.062,62.25,64.625
08-11-2026 22:04:43,7140,7607,1380,16384,15.666666666666666,98.0,17368,VDD_IN,29645,7963,8315,17012,17368,3948,3962,6.0,11.0,59.0,15.0,1.0,2.0,63.062,64.593,63.093,62.125,62.312,64.593
08-11-2026 22:04:44,7140,7607,1380,16384,11.0,98.0,17172,VDD_IN,29150,7963,7977,17012,17172,3948,4001,4.0,1.0,58.0,2.0,1.0,0.0,63.062,64.468,63.125,61.875,62.281,64.468
08-11-2026 22:04:45,7140,7607,1380,16384,11.5,90.0,16936,VDD_IN,28641,7963,7625,17012,16936,3948,4080,3.0,2.0,60.0,3.0,1.0,0.0,63.312,64.343,62.937,62.031,62.25,64.343
08-11-2026 22:04:46,7141,7607,1380,16384,10.833333333333334,99.0,16570,VDD_IN,27785,7962,7050,17011,16570,3948,4165,1.0,1.0,0.0,4.0,59.0,0.0,63.375,64.0,62.968,62.062,62.187,64.0
08-11-2026 22:04:47,7141,7607,1380,16384,11.666666666666666,51.0,16334,VDD_IN,27705,7961,7481,17010,16334,3948,3890,2.0,1.0,1.0,3.0,61.0,2.0,63.093,64.062,62.937,62.062,62.218,64.062
08-11-2026 22:04:48,7141,7607,1380,16384,18.0,98.0,17772,VDD_IN,30400,7962,8588,17011,17772,3948,4040,5.0,8.0,15.0,10.0,69.0,1.0,63.031,64.468,63.093,62.031,62.375,64.468
08-11-2026 22:04:49,7142,7607,1380,16384,14.333333333333334,98.0,17526,VDD_IN,29998,7963,8549,17012,17526,3948,3923,3.0,7.0,1.0,4.0,67.0,4.0,63.0,64.406,63.093,61.937,62.187,64.406
08-11-2026 22:04:50,7143,7607,1380,16384,11.333333333333334,98.0,17408,VDD_IN,29777,7963,8446,17012,17408,3948,3923,1.0,2.0,2.0,4.0,58.0,1.0,63.093,64.437,62.937,62.0,62.156,64.437
08-11-2026 22:04:51,7143,7607,1380,16384,11.166666666666666,98.0,17290,VDD_IN,29463,7964,8211,17013,17290,3948,3962,25.0,1.0,1.0,3.0,37.0,0.0,63.25,64.437,62.968,61.937,62.281,64.437
08-11-2026 22:04:52,7143,7607,1380,16384,11.833333333333334,98.0,17133,VDD_IN,29072,7964,7938,17013,17133,3948,4001,2.0,2.0,1.0,5.0,60.0,1.0,62.906,64.562,63.0,61.968,62.218,64.562
08-11-2026 22:04:53,7139,7607,1380,16384,11.666666666666666,98.0,16857,VDD_IN,28444,7963,7507,17013,16857,3948,4080,2.0,1.0,4.0,4.0,58.0,1.0,63.062,64.531,63.0,61.937,62.25,64.531
08-11-2026 22:04:54,7142,7607,1380,16384,15.0,99.0,16452,VDD_IN,27745,7962,7246,17012,16452,3948,4047,8.0,17.0,3.0,7.0,55.0,0.0,63.125,63.906,62.906,61.906,62.312,63.906
08-11-2026 22:04:55,7142,7607,1380,16384,12.833333333333334,99.0,16661,VDD_IN,28384,7962,7833,17012,16661,3948,3890,3.0,5.0,1.0,1.0,66.0,1.0,63.031,64.218,62.875,61.968,62.093,64.218
08-11-2026 22:04:56,7142,7607,1380,16384,12.833333333333334,97.0,17408,VDD_IN,29816,7963,8485,17012,17408,3948,3923,3.0,3.0,0.0,0.0,70.0,1.0,63.281,64.562,62.968,62.0,62.281,64.562
08-11-2026 22:04:57,7142,7607,1380,16384,11.666666666666666,99.0,17408,VDD_IN,29738,7963,8407,17012,17408,3948,3923,2.0,4.0,1.0,2.0,61.0,0.0,62.937,64.468,63.0,62.093,62.25,64.468
08-11-2026 22:04:58,7142,7607,1380,16384,11.833333333333334,96.0,17250,VDD_IN,29463,7964,8290,17013,17250,3948,3923,2.0,4.0,2.0,3.0,59.0,1.0,63.062,64.468,63.062,61.875,62.25,64.468
08-11-2026 22:04:59,7141,7607,1380,16384,15.833333333333334,98.0,17329,VDD_IN,29541,7964,8211,17013,17329,3948,4001,7.0,5.0,9.0,14.0,23.0,37.0,63.25,64.437,62.906,61.937,62.25,64.437
08-11-2026 22:05:00,7141,7607,1380,16384,12.666666666666666,98.0,17015,VDD_IN,28836,7964,7781,17013,17015,3948,4040,3.0,9.0,2.0,1.0,2.0,59.0,63.218,64.375,62.968,61.906,62.218,64.375
08-11-2026 22:05:01,7141,7607,1380,16384,10.833333333333334,98.0,16779,VDD_IN,28183,7963,7285,17013,16779,3949,4119,4.0,2.0,1.0,0.0,0.0,58.0,63.406,64.312,63.031,61.968,62.312,64.312
08-11-2026 22:05:02,7141,7607,1380,16384,11.0,99.0,16334,VDD_IN,27666,7962,7481,17012,16334,3948,3851,3.0,2.0,4.0,0.0,1.0,56.0,62.906,64.593,63.156,62.156,62.25,64.593
08-11-2026 22:05:03,7141,7607,1380,16384,13.333333333333334,99.0,17329,VDD_IN,29567,7963,8237,17012,17329,3949,4001,6.0,1.0,2.0,2.0,0.0,69.0,63.25,64.781,63.0,61.968,62.218,64.781
08-11-2026 22:05:04,7140,7607,1380,16384,13.333333333333334,98.0,17526,VDD_IN,29997,7963,8588,17013,17526,3948,3883,2.0,2.0,4.0,1.0,1.0,70.0,63.312,64.906,62.968,61.968,62.218,64.906
08-11-2026 22:05:05,7143,7607,1380,16384,15.833333333333334,97.0,17458,VDD_IN,29930,7964,8549,17013,17458,3948,3923,18.0,3.0,4.0,5.0,6.0,59.0,63.093,64.875,62.968,62.062,62.218,64.875
08-11-2026 22:05:06,7143,7607,1380,16384,11.5,97.0,17368,VDD_IN,29659,7964,8329,17014,17368,3948,3962,2.0,1.0,2.0,5.0,0.0,59.0,63.375,64.937,63.093,62.093,62.312,64.937
08-11-2026 22:05:07,7142,7607,1380,16384,11.333333333333334,97.0,17133,VDD_IN,29150,7964,8016,17014,17133,3949,4001,2.0,2.0,1.0,4.0,1.0,58.0,63.0,64.562,63.031,62.125,62.312,64.562
08-11-2026 22:05:08,7142,7607,1380,16384,11.333333333333334,97.0,16857,VDD_IN,28523,7964,7586,17014,16857,3949,4080,1.0,5.0,1.0,2.0,1.0,58.0,63.062,64.468,63.125,61.968,62.187,64.468
08-11-2026 22:05:09,7143,7607,1380,16384,11.166666666666666,99.0,16609,VDD_IN,27785,7963,7011,17013,16609,3949,4165,2.0,4.0,1.0,1.0,1.0,58.0,63.531,64.031,62.937,62.0,62.25,64.031
08-11-2026 22:05:10,7145,7607,1380,16384,16.333333333333332,75.0,16452,VDD_IN,27979,7963,7676,17013,16452,3949,3851,10.0,15.0,4.0,6.0,1.0,62.0,63.0,64.156,62.906,62.031,62.218,64.156
08-11-2026 22:05:11,7144,7607,1380,16384,13.833333333333334,99.0,17732,VDD_IN,30360,7963,8588,17014,17732,3949,4040,3.0,1.0,0.0,10.0,0.0,69.0,63.406,64.781,63.0,62.093,62.437,64.781
08-11-2026 22:05:12,7144,7607,1380,16384,12.333333333333334,98.0,17486,VDD_IN,29958,7964,8549,17014,17486,3949,3923,2.0,2.0,1.0,5.0,0.0,64.0,63.062,64.437,63.031,62.0,62.25,64.437
08-11-2026 22:05:13,7144,7607,1380,16384,11.666666666666666,98.0,17447,VDD_IN,29777,7964,8407,17015,17447,3949,3923,5.0,2.0,1.0,2.0,0.0,60.0,63.156,64.531,62.937,61.968,62.281,64.531
08-11-2026 22:05:14,7145,7607,1380,16384,11.666666666666666,98.0,17329,VDD_IN,29502,7965,8211,17015,17329,3949,3962,3.0,2.0,1.0,5.0,0.0,59.0,63.281,64.5,62.906,62.0,62.312,64.5
08-11-2026 22:05:15,7145,7607,1380,16384,11.5,98.0,17133,VDD_IN,29033,7965,7899,17015,17133,3949,4001,2.0,4.0,1.0,2.0,1.0,59.0,63.062,64.375,62.937,62.062,62.187,64.375
08-11-2026 22:05:16,7145,7607,1380,16384,16.0,98.0,16936,VDD_IN,28563,7964,7547,17015,16936,3949,4080,3.0,4.0,19.0,11.0,0.0,59.0,63.281,64.312,63.0,62.125,62.312,64.312
08-11-2026 22:05:17,7145,7607,1380,16384,11.0,99.0,16491,VDD_IN,27823,7963,7285,17014,16491,3949,4047,1.0,2.0,2.0,4.0,1.0,56.0,63.125,63.906,63.062,61.968,62.375,63.906
08-11-2026 22:05:18,7145,7607,1380,16384,12.666666666666666,99.0,16661,VDD_IN,28371,7963,7820,17014,16661,3949,3890,4.0,1.0,1.0,4.0,0.0,66.0,63.0,64.218,62.968,61.968,62.218,64.218
08-11-2026 22:05:19,7145,7607,1380,16384,13.833333333333334,98.0,17447,VDD_IN,29802,7964,8432,17014,17447,3949,3923,2.0,2.0,1.0,5.0,2.0,71.0,63.25,64.593,62.906,61.906,62.218,64.593
08-11-2026 22:05:20,7145,7607,1380,16384,11.5,93.0,17408,VDD_IN,29763,7964,8432,17015,17408,3949,3923,1.0,2.0,1.0,5.0,0.0,60.0,63.0,64.687,62.937,62.031,62.281,64.687
08-11-2026 22:05:21,7144,7607,1380,16384,16.166666666666668,98.0,17486,VDD_IN,29855,7965,8407,17015,17486,3949,3962,10.0,18.0,3.0,5.0,1.0,60.0,63.062,64.687,63.093,62.093,62.281,64.687
08-11-2026 22:05:22,7145,7607,1380,16384,12.5,98.0,17250,VDD_IN,29306,7965,8055,17016,17250,3949,4001,5.0,5.0,2.0,3.0,0.0,60.0,63.187,64.406,63.093,61.937,62.187,64.406
08-11-2026 22:05:23,7145,7607,1380,16384,11.5,97.0,16936,VDD_IN,28718,7965,7742,17016,16936,3949,4040,3.0,0.0,4.0,1.0,2.0,59.0,63.156,64.437,62.968,62.0,62.218,64.437
08-11-2026 22:05:24,7146,7607,1380,16384,11.5,98.0,16740,VDD_IN,28139,7964,7273,17015,16740,3949,4126,6.0,1.0,2.0,2.0,0.0,58.0,63.281,64.281,62.968,62.031,62.281,64.281
08-11-2026 22:05:25,7146,7607,1380,16384,10.833333333333334,99.0,16295,VDD_IN,27666,7963,7520,17015,16295,3949,3851,3.0,4.0,2.0,2.0,0.0,54.0,62.906,64.218,63.062,62.062,62.25,64.218
08-11-2026 22:05:26,7146,7607,1380,16384,13.666666666666666,99.0,17447,VDD_IN,29738,7964,8290,17015,17447,3949,4001,4.0,2.0,4.0,4.0,68.0,0.0,63.187,64.5,63.0,62.093,62.343,64.5
08-11-2026 22:05:28,7146,7607,1380,16384,17.833333333333332,98.0,17565,VDD_IN,30075,7965,8627,17016,17565,3949,3883,77.0,4.0,7.0,8.0,9.0,2.0,63.0,64.562,63.0,61.968,62.281,64.562
08-11-2026 22:05:29,7146,7607,1380,16384,11.5,98.0,17447,VDD_IN,29880,7965,8510,17016,17447,3949,3923,59.0,6.0,2.0,1.0,1.0,0.0,63.218,64.625,62.906,61.968,62.25,64.937
08-11-2026 22:05:30,7146,7607,1380,16384,11.166666666666666,98.0,17368,VDD_IN,29659,7966,8329,17016,17368,3949,3962,35.0,3.0,26.0,3.0,0.0,0.0,63.406,64.812,63.031,62.062,62.25,64.812
08-11-2026 22:05:31,7146,7607,1380,16384,11.0,98.0,17172,VDD_IN,29189,7966,8016,17017,17172,3949,4001,2.0,1.0,59.0,4.0,0.0,0.0,63.031,64.843,62.968,62.0,62.187,64.843
08-11-2026 22:05:32,7146,7607,1380,16384,11.333333333333334,98.0,16897,VDD_IN,28563,7965,7586,17017,16897,3949,4080,4.0,4.0,58.0,2.0,0.0,0.0,63.062,64.75,63.031,61.968,62.281,64.75
08-11-2026 22:05:33,7148,7607,1380,16384,29.666666666666668,99.0,16975,VDD_IN,28601,7965,7429,17016,16975,3950,4197,22.0,22.0,66.0,31.0,18.0,19.0,63.375,64.25,62.875,61.906,62.406,64.25
08-11-2026 22:05:34,7148,7607,1380,16384,13.0,70.0,16452,VDD_IN,28018,7964,7676,17016,16452,3950,3890,2.0,2.0,7.0,1.0,64.0,2.0,63.062,64.0,62.968,62.031,62.218,64.0
08-11-2026 22:05:35,7148,7607,1380,16384,13.166666666666666,99.0,17772,VDD_IN,30433,7965,8627,17017,17772,3950,4034,1.0,3.0,3.0,1.0,70.0,1.0,63.343,64.75,62.937,62.062,62.375,64.75
08-11-2026 22:05:36,7149,7607,1380,16384,12.333333333333334,98.0,17486,VDD_IN,29919,7966,8510,17017,17486,3950,3923,1.0,2.0,5.0,2.0,9.0,55.0,63.062,64.593,62.968,62.125,62.281,64.593
08-11-2026 22:05:37,7149,7607,1380,16384,11.666666666666666,98.0,17447,VDD_IN,29802,7966,8393,17018,17447,3950,3962,4.0,2.0,3.0,1.0,0.0,60.0,63.093,64.656,63.093,61.968,62.281,64.656
08-11-2026 22:05:38,7149,7607,1380,16384,12.166666666666666,98.0,17329,VDD_IN,29502,7966,8211,17018,17329,3950,3962,3.0,2.0,4.0,5.0,0.0,59.0,63.187,64.593,62.968,61.906,62.125,64.593
08-11-2026 22:05:39,7151,7607,1380,16384,16.666666666666668,98.0,17172,VDD_IN,29150,7966,7938,17018,17172,3950,4040,3.0,21.0,8.0,10.0,0.0,58.0,63.343,64.687,62.781,62.0,62.25,64.687
08-11-2026 22:05:40,7152,7607,1380,16384,11.0,98.0,16897,VDD_IN,28523,7966,7507,17018,16897,3950,4119,2.0,2.0,1.0,2.0,0.0,59.0,63.062,64.312,63.0,62.031,62.187,64.312
08-11-2026 22:05:41,7150,7607,1380,16384,11.0,97.0,16491,VDD_IN,27784,7965,7285,17017,16491,3950,4008,1.0,2.0,2.0,5.0,1.0,55.0,63.562,63.906,63.093,62.125,62.343,63.906
08-11-2026 22:05:42,7149,7607,1380,16384,12.666666666666666,99.0,16700,VDD_IN,28449,7965,7859,17017,16700,3950,3890,3.0,2.0,1.0,4.0,0.0,66.0,62.937,63.906,63.031,61.968,62.218,63.906
08-11-2026 22:05:43,7149,7607,1380,16384,13.333333333333334,97.0,17447,VDD_IN,29855,7965,8485,17018,17447,3950,3923,2.0,4.0,0.0,4.0,0.0,70.0,63.062,64.5,62.875,62.0,62.312,64.5
08-11-2026 22:05:44,7152,7607,1380,16384,16.166666666666668,93.0,17604,VDD_IN,30129,7966,8602,17018,17604,3950,3923,9.0,4.0,13.0,11.0,0.0,60.0,63.375,64.718,63.031,61.968,62.25,64.718
08-11-2026 22:05:45,7152,7607,1380,16384,12.333333333333334,93.0,17368,VDD_IN,29659,7967,8329,17019,17368,3950,3962,1.0,3.0,2.0,8.0,0.0,60.0,63.062,64.687,62.968,62.031,62.25,64.687
08-11-2026 22:05:46,7153,7607,1380,16384,11.5,98.0,17290,VDD_IN,29385,7967,8094,17019,17290,3950,4001,2.0,2.0,2.0,4.0,0.0,59.0,63.125,64.687,62.968,61.906,62.25,64.687
08-11-2026 22:05:47,7153,7607,1380,16384,11.166666666666666,98.0,17054,VDD_IN,28875,7967,7781,17019,17054,3950,4040,2.0,1.0,1.0,4.0,0.0,59.0,63.062,64.625,63.0,61.937,62.25,64.625
08-11-2026 22:05:48,7154,7607,1380,16384,11.666666666666666,98.0,16779,VDD_IN,28217,7966,7312,17019,16779,3950,4126,2.0,2.0,2.0,5.0,0.0,59.0,63.187,64.5,62.875,61.968,62.218,64.5
08-11-2026 22:05:49,7154,7607,1380,16384,11.333333333333334,99.0,16334,VDD_IN,27744,7965,7559,17018,16334,3950,3851,1.0,3.0,2.0,5.0,0.0,57.0,63.25,64.312,63.062,62.062,62.218,64.312
08-11-2026 22:05:50,7155,7607,1380,16384,17.5,99.0,17447,VDD_IN,29763,7966,8315,17018,17447,3950,4001,5.0,19.0,9.0,2.0,1.0,69.0,62.875,64.593,63.0,62.156,62.281,64.593
08-11-2026 22:05:51,7156,7607,1380,16384,14.0,98.0,17565,VDD_IN,30115,7966,8627,17019,17565,3950,3923,6.0,1.0,3.0,3.0,0.0,71.0,63.125,64.625,63.093,61.968,62.343,64.625
08-11-2026 22:05:52,7157,7607,1380,16384,11.833333333333334,98.0,17486,VDD_IN,29919,7967,8510,17020,17486,3950,3923,2.0,3.0,1.0,6.0,1.0,58.0,63.281,64.562,62.875,61.937,62.25,64.562
08-11-2026 22:05:53,7157,7607,1380,16384,11.166666666666666,98.0,17408,VDD_IN,29685,7967,8315,17020,17408,3950,3962,0.0,3.0,4.0,2.0,0.0,58.0,63.125,64.437,62.937,61.968,62.25,64.437
08-11-2026 22:05:54,7157,7607,1380,16384,11.333333333333334,98.0,17172,VDD_IN,29189,7967,8016,17020,17172,3950,4001,1.0,2.0,5.0,2.0,0.0,58.0,63.218,64.718,63.0,62.062,62.218,64.718
08-11-2026 22:05:55,7155,7607,1380,16384,16.166666666666668,98.0,17093,VDD_IN,28915,7967,7742,17020,17093,3950,4080,7.0,6.0,10.0,16.0,0.0,58.0,62.937,64.625,63.0,62.031,62.25,64.625
08-11-2026 22:05:56,7157,7607,1380,16384,12.666666666666666,99.0,16661,VDD_IN,27915,7966,7089,17020,16661,3951,4165,9.0,2.0,3.0,3.0,0.0,59.0,63.281,64.281,62.968,61.906,62.156,64.281
08-11-2026 22:05:57,7157,7607,1380,16384,12.166666666666666,84.0,16373,VDD_IN,27822,7966,7559,17019,16373,3951,3890,3.0,1.0,1.0,6.0,0.0,62.0,63.093,64.406,62.906,61.875,62.187,64.406
08-11-2026 22:05:58,7157,7607,1380,16384,13.0,96.0,17732,VDD_IN,30321,7966,8549,17020,17732,3951,4040,2.0,2.0,1.0,4.0,0.0,69.0,63.062,64.593,62.968,61.968,62.218,64.593
08-11-2026 22:05:59,7157,7607,1380,16384,13.0,98.0,17526,VDD_IN,29973,7967,8524,17020,17526,3951,3923,2.0,4.0,2.0,5.0,0.0,65.0,63.25,64.531,62.968,62.031,62.218,64.531
08-11-2026 22:06:00,7158,7607,1380,16384,11.5,98.0,17447,VDD_IN,29816,7968,8446,17021,17447,3951,3923,1.0,5.0,2.0,1.0,0.0,60.0,63.062,64.656,62.906,61.937,62.218,64.656
08-11-2026 22:06:01,7008,7607,1380,16384,19.166666666666668,0.0,9459,VDD_IN,15128,7962,2971,17013,9459,3949,2698,20.0,8.0,12.0,15.0,25.0,35.0,62.343,62.375,62.718,61.843,61.625,62.718
08-11-2026 22:06:02,4312,7607,1380,16384,15.333333333333334,0.0,6140,VDD_IN,9008,7955,1234,17001,6140,3947,1634,3.0,4.0,1.0,51.0,29.0,4.0,62.093,61.437,62.343,61.593,61.0,62.343
