08-11-2026 21:50:25 RAM 1908/7607MB (lfb 124x4MB) SWAP 1498/16384MB (cached 78MB) CPU [1%@1036,2%@1036,4%@1036,3%@1036,0%@729,0%@729] GR3D_FREQ 0% cpu@56.281C soc2@55.437C soc0@57.062C gpu@56.406C tj@57.062C soc1@56.687C VDD_IN 5144mW/5144mW VDD_CPU_GPU_CV 601mW/601mW VDD_SOC 1446mW/1446mW
08-11-2026 21:50:26 RAM 2149/7607MB (lfb 124x4MB) SWAP 1498/16384MB (cached 78MB) CPU [11%@729,11%@729,26%@729,9%@729,63%@1344,7%@1344] GR3D_FREQ 13% cpu@56.531C soc2@55.281C soc0@56.843C gpu@56.312C tj@56.843C soc1@56.656C VDD_IN 5920mW/5532mW VDD_CPU_GPU_CV 1158mW/880mW VDD_SOC 1517mW/1482mW
08-11-2026 21:50:27 RAM 2949/7607MB (lfb 124x4MB) SWAP 1498/16384MB (cached 78MB) CPU [40%@806,45%@806,37%@806,43%@806,67%@1344,49%@1344] GR3D_FREQ 0% cpu@56.687C soc2@55.406C soc0@56.75C gpu@55.906C tj@56.781C soc1@56.531C VDD_IN 6669mW/5911mW VDD_CPU_GPU_CV 1754mW/1171mW VDD_SOC 1557mW/1507mW
08-11-2026 21:50:28 RAM 3741/7607MB (lfb 41x4MB) SWAP 1498/16384MB (cached 78MB) CPU [70%@1344,41%@1344,43%@1344,40%@1344,41%@729,44%@729] GR3D_FREQ 0% cpu@56.593C soc2@55.343C soc0@56.781C gpu@55.968C tj@56.781C soc1@56.5C VDD_IN 6749mW/6121mW VDD_CPU_GPU_CV 1634mW/1287mW VDD_SOC 1634mW/1539mW
08-11-2026 21:50:29 RAM 5063/7607MB (lfb 2x4MB) SWAP 1498/16384MB (cached 78MB) CPU [22%@729,10%@729,9%@729,9%@729,74%@1344,3%@1344] GR3D_FREQ 97% cpu@56.531C soc2@55.562C soc0@56.781C gpu@57.562C tj@57.562C soc1@56.312C VDD_IN 10951mW/7087mW VDD_CPU_GPU_CV 4706mW/1971mW VDD_SOC 2103mW/1651mW
08-11-2026 21:50:30 RAM 5986/7607MB (lfb 1x2MB) SWAP 1495/16384MB (cached 76MB) CPU [13%@1344,14%@1344,1%@1344,2%@1344,59%@1344,22%@1344] GR3D_FREQ 0% cpu@56.781C soc2@55.781C soc0@56.781C gpu@56.593C tj@56.781C soc1@56.375C VDD_IN 10651mW/7681mW VDD_CPU_GPU_CV 4199mW/2342mW VDD_SOC 2380mW/1773mW
08-11-2026 21:50:31 RAM 6083/7607MB (lfb 6x4MB) SWAP 1495/16384MB (cached 76MB) CPU [7%@729,1%@729,5%@729,3%@729,5%@883,60%@883] GR3D_FREQ 98% cpu@57.343C soc2@56.125C soc0@56.875C gpu@58.312C tj@58.312C soc1@56.468C VDD_IN 15454mW/8791mW VDD_CPU_GPU_CV 7348mW/3057mW VDD_SOC 3351mW/1998mW
08-11-2026 21:50:32 RAM 6084/7607MB (lfb 6x4MB) SWAP 1495/16384MB (cached 76MB) CPU [4%@729,2%@729,2%@729,1%@729,1%@729,58%@729] GR3D_FREQ 98% cpu@57.406C soc2@56.375C soc0@57.156C gpu@58.5C tj@58.5C soc1@56.75C VDD_IN 16846mW/9798mW VDD_CPU_GPU_CV 7872mW/3659mW VDD_SOC 3890mW/2235mW
08-11-2026 21:50:33 RAM 6084/7607MB (lfb 6x4MB) SWAP 1495/16384MB (cached 76MB) CPU [2%@729,2%@729,2%@729,2%@729,0%@1344,59%@1344] GR3D_FREQ 98% cpu@57.906C soc2@56.562C soc0@57.437C gpu@58.562C tj@58.562C soc1@56.843C VDD_IN 16728mW/10568mW VDD_CPU_GPU_CV 7481mW/4084mW VDD_SOC 4008mW/2432mW
08-11-2026 21:50:34 RAM 6092/7607MB (lfb 7x4MB) SWAP 1495/16384MB (cached 76MB) CPU [5%@1190,16%@1190,11%@1190,5%@1190,0%@1190,59%@1190] GR3D_FREQ 99% cpu@57.937C soc2@56.843C soc0@57.562C gpu@58.437C tj@58.437C soc1@56.781C VDD_IN 16688mW/11180mW VDD_CPU_GPU_CV 7167mW/4392mW VDD_SOC 4126mW/2601mW
08-11-2026 21:50:35 RAM 6093/7607MB (lfb 7x4MB) SWAP 1495/16384MB (cached 76MB) CPU [3%@729,3%@729,4%@729,4%@729,0%@729,63%@729] GR3D_FREQ 50% cpu@57.718C soc2@56.781C soc0@57.75C gpu@58.656C tj@58.656C soc1@56.875C VDD_IN 16295mW/11645mW VDD_CPU_GPU_CV 7532mW/4677mW VDD_SOC 3857mW/2715mW
08-11-2026 21:50:36 RAM 6093/7607MB (lfb 7x4MB) SWAP 1495/16384MB (cached 76MB) CPU [2%@729,4%@729,1%@729,0%@729,1%@729,69%@729] GR3D_FREQ 98% cpu@58.25C soc2@57C soc0@57.75C gpu@59.093C tj@59.093C soc1@56.937C VDD_IN 17565mW/12138mW VDD_CPU_GPU_CV 8485mW/4995mW VDD_SOC 4001mW/2822mW
08-11-2026 21:50:37 RAM 6094/7607MB (lfb 7x4MB) SWAP 1495/16384MB (cached 76MB) CPU [3%@729,2%@729,3%@729,2%@729,0%@1344,65%@1344] GR3D_FREQ 98% cpu@58.031C soc2@57.093C soc0@57.812C gpu@59.5C tj@59.5C soc1@57.093C VDD_IN 17408mW/12544mW VDD_CPU_GPU_CV 8524mW/5266mW VDD_SOC 3890mW/2905mW
08-11-2026 21:50:38 RAM 6095/7607MB (lfb 7x4MB) SWAP 1495/16384MB (cached 76MB) CPU [3%@729,3%@729,0%@729,1%@729,0%@1344,59%@1344] GR3D_FREQ 98% cpu@58.531C soc2@57.187C soc0@57.875C gpu@59.593C tj@59.593C soc1@57.218C VDD_IN 17290mW/12883mW VDD_CPU_GPU_CV 8368mW/5488mW VDD_SOC 3890mW/2975mW
08-11-2026 21:50:39 RAM 6095/7607MB (lfb 7x4MB) SWAP 1495/16384MB (cached 76MB) CPU [3%@729,3%@729,6%@729,1%@729,0%@1344,58%@1344] GR3D_FREQ 98% cpu@58.218C soc2@57.312C soc0@58.062C gpu@59.562C tj@59.562C soc1@57.093C VDD_IN 17172mW/13169mW VDD_CPU_GPU_CV 8186mW/5668mW VDD_SOC 3929mW/3039mW
08-11-2026 21:50:40 RAM 6098/7607MB (lfb 7x4MB) SWAP 1495/16384MB (cached 76MB) CPU [3%@729,4%@729,10%@729,17%@729,0%@1344,60%@1344] GR3D_FREQ 98% cpu@58.406C soc2@57.281C soc0@58.062C gpu@59.781C tj@59.781C soc1@57.25C VDD_IN 17160mW/13418mW VDD_CPU_GPU_CV 8029mW/5815mW VDD_SOC 4008mW/3099mW
08-11-2026 21:50:41 RAM 6099/7607MB (lfb 7x4MB) SWAP 1495/16384MB (cached 76MB) CPU [7%@729,4%@729,2%@729,2%@729,1%@1344,59%@1344] GR3D_FREQ 98% cpu@58.687C soc2@57.343C soc0@58.062C gpu@59.75C tj@59.75C soc1@57.375C VDD_IN 16885mW/13622mW VDD_CPU_GPU_CV 7559mW/5918mW VDD_SOC 4047mW/3155mW
08-11-2026 21:50:42 RAM 6100/7607MB (lfb 7x4MB) SWAP 1495/16384MB (cached 76MB) CPU [6%@729,1%@729,0%@729,0%@729,0%@729,56%@729] GR3D_FREQ 99% cpu@58.593C soc2@57.468C soc0@58.25C gpu@59.281C tj@59.281C soc1@57.468C VDD_IN 16373mW/13775mW VDD_CPU_GPU_CV 7089mW/5983mW VDD_SOC 4047mW/3204mW
08-11-2026 21:50:43 RAM 6100/7607MB (lfb 7x4MB) SWAP 1495/16384MB (cached 76MB) CPU [2%@729,5%@729,3%@729,3%@729,0%@729,64%@729] GR3D_FREQ 99% cpu@58.343C soc2@57.531C soc0@58.375C gpu@59.468C tj@59.468C soc1@57.437C VDD_IN 16609mW/13924mW VDD_CPU_GPU_CV 7755mW/6076mW VDD_SOC 3851mW/3239mW
08-11-2026 21:50:44 RAM 6100/7607MB (lfb 7x4MB) SWAP 1495/16384MB (cached 76MB) CPU [2%@729,2%@729,4%@729,2%@729,0%@729,69%@729] GR3D_FREQ 98% cpu@58.437C soc2@57.625C soc0@58.25C gpu@60.093C tj@60.093C soc1@57.468C VDD_IN 17565mW/14106mW VDD_CPU_GPU_CV 8681mW/6206mW VDD_SOC 3923mW/3273mW
08-11-2026 21:50:45 RAM 6101/7607MB (lfb 7x4MB) SWAP 1494/16384MB (cached 76MB) CPU [6%@729,6%@729,3%@729,3%@729,1%@1344,63%@1344] GR3D_FREQ 98% cpu@58.843C soc2@57.75C soc0@58.375C gpu@59.906C tj@59.906C soc1@57.531C VDD_IN 17447mW/14265mW VDD_CPU_GPU_CV 8563mW/6319mW VDD_SOC 3883mW/3302mW
08-11-2026 21:50:46 RAM 6103/7607MB (lfb 7x4MB) SWAP 1494/16384MB (cached 76MB) CPU [9%@729,5%@729,5%@729,7%@729,0%@1344,59%@1344] GR3D_FREQ 98% cpu@59C soc2@57.687C soc0@58.468C gpu@60.281C tj@60.281C soc1@57.75C VDD_IN 17329mW/14404mW VDD_CPU_GPU_CV 8368mW/6412mW VDD_SOC 3929mW/3330mW
08-11-2026 21:50:47 RAM 6104/7607MB (lfb 7x4MB) SWAP 1494/16384MB (cached 76MB) CPU [1%@729,3%@729,3%@729,1%@729,1%@1344,58%@1344] GR3D_FREQ 98% cpu@58.718C soc2@57.781C soc0@58.625C gpu@60.437C tj@60.437C soc1@57.75C VDD_IN 17200mW/14526mW VDD_CPU_GPU_CV 8133mW/6487mW VDD_SOC 3929mW/3356mW
08-11-2026 21:50:48 RAM 6104/7607MB (lfb 7x4MB) SWAP 1494/16384MB (cached 76MB) CPU [2%@1344,2%@1344,4%@1344,1%@1344,0%@1344,59%@1344] GR3D_FREQ 98% cpu@58.968C soc2@57.781C soc0@58.718C gpu@60.375C tj@60.375C soc1@57.75C VDD_IN 17003mW/14629mW VDD_CPU_GPU_CV 7833mW/6543mW VDD_SOC 4008mW/3383mW
08-11-2026 21:50:49 RAM 6105/7607MB (lfb 7x4MB) SWAP 1494/16384MB (cached 76MB) CPU [4%@729,2%@729,4%@729,2%@729,1%@1344,59%@1344] GR3D_FREQ 98% cpu@59.187C soc2@57.875C soc0@58.562C gpu@60.343C tj@60.343C soc1@57.718C VDD_IN 16767mW/14715mW VDD_CPU_GPU_CV 7402mW/6577mW VDD_SOC 4086mW/3412mW
08-11-2026 21:50:50 RAM 6105/7607MB (lfb 7x4MB) SWAP 1494/16384MB (cached 76MB) CPU [2%@729,2%@729,0%@729,2%@729,3%@729,56%@729] GR3D_FREQ 94% cpu@58.875C soc2@57.937C soc0@58.781C gpu@59.656C tj@59.656C soc1@57.812C VDD_IN 16216mW/14772mW VDD_CPU_GPU_CV 7363mW/6607mW VDD_SOC 3936mW/3432mW
08-11-2026 21:50:51 RAM 6109/7607MB (lfb 7x4MB) SWAP 1494/16384MB (cached 76MB) CPU [10%@729,7%@729,5%@729,16%@729,0%@729,68%@729] GR3D_FREQ 99% cpu@59.093C soc2@58.031C soc0@58.875C gpu@59.875C tj@59.875C soc1@57.968C VDD_IN 17003mW/14855mW VDD_CPU_GPU_CV 8107mW/6663mW VDD_SOC 3890mW/3449mW
08-11-2026 21:50:52 RAM 6109/7607MB (lfb 7x4MB) SWAP 1494/16384MB (cached 76MB) CPU [1%@729,4%@729,5%@729,3%@729,0%@1344,70%@1344] GR3D_FREQ 97% cpu@58.843C soc2@58.156C soc0@58.937C gpu@60.281C tj@60.281C soc1@57.843C VDD_IN 17408mW/14946mW VDD_CPU_GPU_CV 8563mW/6731mW VDD_SOC 3883mW/3464mW
08-11-2026 21:50:53 RAM 6109/7607MB (lfb 7x4MB) SWAP 1494/16384MB (cached 76MB) CPU [2%@1344,2%@1344,4%@1344,3%@1344,0%@1344,58%@1344] GR3D_FREQ 97% cpu@59.031C soc2@58.156C soc0@58.75C gpu@60.281C tj@60.281C soc1@57.968C VDD_IN 17329mW/15028mW VDD_CPU_GPU_CV 8407mW/6789mW VDD_SOC 3890mW/3479mW
08-11-2026 21:50:54 RAM 6110/7607MB (lfb 7x4MB) SWAP 1494/16384MB (cached 76MB) CPU [3%@729,2%@729,2%@729,2%@729,0%@1344,59%@1344] GR3D_FREQ 94% cpu@59.312C soc2@58.25C soc0@58.906C gpu@60.531C tj@60.531C soc1@58.125C VDD_IN 17290mW/15104mW VDD_CPU_GPU_CV 8290mW/6839mW VDD_SOC 3929mW/3494mW
08-11-2026 21:50:55 RAM 6110/7607MB (lfb 7x4MB) SWAP 1494/16384MB (cached 76MB) CPU [2%@729,2%@729,3%@729,1%@729,0%@1344,59%@1344] GR3D_FREQ 98% cpu@59.187C soc2@58.25C soc0@59.031C gpu@60.312C tj@60.312C soc1@58.187C VDD_IN 17172mW/15171mW VDD_CPU_GPU_CV 8094mW/6879mW VDD_SOC 3968mW/3509mW
08-11-2026 21:50:56 RAM 6111/7607MB (lfb 7x4MB) SWAP 1494/16384MB (cached 76MB) CPU [3%@729,2%@729,4%@729,2%@729,0%@1344,60%@1344] GR3D_FREQ 98% cpu@59.343C soc2@58.281C soc0@59.031C gpu@60.343C tj@60.343C soc1@58.375C VDD_IN 16964mW/15227mW VDD_CPU_GPU_CV 7755mW/6906mW VDD_SOC 4008mW/3525mW
08-11-2026 21:50:57 RAM 6114/7607MB (lfb 7x4MB) SWAP 1493/16384MB (cached 76MB) CPU [10%@729,4%@729,5%@729,14%@729,5%@1344,59%@1344] GR3D_FREQ 98% cpu@59.375C soc2@58.5C soc0@59.25C gpu@60.406C tj@60.406C soc1@58.187C VDD_IN 16767mW/15273mW VDD_CPU_GPU_CV 7363mW/6920mW VDD_SOC 4086mW/3542mW
08-11-2026 21:50:58 RAM 6114/7607MB (lfb 7x4MB) SWAP 1493/16384MB (cached 76MB) CPU [5%@729,2%@729,2%@729,1%@729,0%@729,55%@729] GR3D_FREQ 99% cpu@59.25C soc2@58.343C soc0@59.343C gpu@60.375C tj@60.375C soc1@58.281C VDD_IN 16216mW/15301mW VDD_CPU_GPU_CV 7481mW/6937mW VDD_SOC 3851mW/3551mW
08-11-2026 21:50:59 RAM 6114/7607MB (lfb 7x4MB) SWAP 1493/16384MB (cached 76MB) CPU [3%@729,1%@729,3%@729,2%@729,1%@729,68%@729] GR3D_FREQ 99% cpu@59.281C soc2@58.343C soc0@59.281C gpu@60.687C tj@60.687C soc1@58.406C VDD_IN 17211mW/15356mW VDD_CPU_GPU_CV 8172mW/6972mW VDD_SOC 3968mW/3563mW
08-11-2026 21:51:00 RAM 6114/7607MB (lfb 7x4MB) SWAP 1493/16384MB (cached 76MB) CPU [4%@729,2%@729,1%@729,2%@729,0%@960,70%@960] GR3D_FREQ 98% cpu@59.843C soc2@58.562C soc0@59.281C gpu@60.937C tj@60.937C soc1@58.468C VDD_IN 17526mW/15416mW VDD_CPU_GPU_CV 8641mW/7018mW VDD_SOC 3883mW/3572mW
08-11-2026 21:51:01 RAM 6115/7607MB (lfb 7x4MB) SWAP 1493/16384MB (cached 76MB) CPU [2%@729,3%@729,2%@729,2%@729,1%@729,57%@729] GR3D_FREQ 98% cpu@59.437C soc2@58.625C soc0@59.437C gpu@60.968C tj@60.968C soc1@58.437C VDD_IN 17368mW/15469mW VDD_CPU_GPU_CV 8407mW/7056mW VDD_SOC 3890mW/3580mW
08-11-2026 21:51:02 RAM 6118/7607MB (lfb 7x4MB) SWAP 1493/16384MB (cached 76MB) CPU [13%@729,4%@729,6%@729,13%@729,0%@1344,59%@1344] GR3D_FREQ 93% cpu@59.656C soc2@58.75C soc0@59.531C gpu@60.968C tj@60.968C soc1@58.5C VDD_IN 17447mW/15521mW VDD_CPU_GPU_CV 8407mW/7092mW VDD_SOC 3929mW/3590mW
08-11-2026 21:51:03 RAM 6118/7607MB (lfb 7x4MB) SWAP 1493/16384MB (cached 76MB) CPU [2%@729,2%@729,2%@729,1%@729,7%@1344,59%@1344] GR3D_FREQ 92% cpu@59.656C soc2@58.75C soc0@59.406C gpu@61.062C tj@61.062C soc1@58.531C VDD_IN 17200mW/15564mW VDD_CPU_GPU_CV 8055mW/7116mW VDD_SOC 3968mW/3599mW
08-11-2026 21:51:04 RAM 6119/7607MB (lfb 7x4MB) SWAP 1493/16384MB (cached 76MB) CPU [2%@729,2%@729,4%@729,2%@729,0%@1344,60%@1344] GR3D_FREQ 98% cpu@59.843C soc2@58.75C soc0@59.531C gpu@60.906C tj@60.906C soc1@58.656C VDD_IN 16964mW/15599mW VDD_CPU_GPU_CV 7755mW/7132mW VDD_SOC 4047mW/3610mW
08-11-2026 21:51:05 RAM 6120/7607MB (lfb 7x4MB) SWAP 1493/16384MB (cached 76MB) CPU [3%@729,2%@729,4%@729,3%@729,0%@1344,59%@1344] GR3D_FREQ 98% cpu@60.25C soc2@58.781C soc0@59.656C gpu@60.812C tj@60.812C soc1@58.843C VDD_IN 16688mW/15625mW VDD_CPU_GPU_CV 7246mW/7135mW VDD_SOC 4126mW/3623mW
08-11-2026 21:51:06 RAM 6120/7607MB (lfb 7x4MB) SWAP 1493/16384MB (cached 76MB) CPU [3%@729,1%@729,5%@729,0%@729,0%@729,58%@729] GR3D_FREQ 99% cpu@59.625C soc2@58.781C soc0@59.687C gpu@60.906C tj@60.906C soc1@58.593C VDD_IN 16334mW/15642mW VDD_CPU_GPU_CV 7559mW/7145mW VDD_SOC 3851mW/3628mW
08-11-2026 21:51:07 RAM 6120/7607MB (lfb 7x4MB) SWAP 1493/16384MB (cached 76MB) CPU [6%@729,2%@729,2%@729,2%@729,0%@729,69%@729] GR3D_FREQ 99% cpu@59.75C soc2@59C soc0@59.781C gpu@61.187C tj@61.375C soc1@58.812C VDD_IN 17408mW/15683mW VDD_CPU_GPU_CV 8290mW/7172mW VDD_SOC 4001mW/3637mW
08-11-2026 21:51:08 RAM 6121/7607MB (lfb 7x4MB) SWAP 1493/16384MB (cached 76MB) CPU [2%@729,6%@729,8%@729,16%@729,0%@1344,69%@1344] GR3D_FREQ 98% cpu@60.281C soc2@59C soc0@59.687C gpu@61.531C tj@61.531C soc1@58.843C VDD_IN 17604mW/15727mW VDD_CPU_GPU_CV 8681mW/7206mW VDD_SOC 3883mW/3643mW
08-11-2026 21:51:09 RAM 6122/7607MB (lfb 7x4MB) SWAP 1493/16384MB (cached 76MB) CPU [4%@729,1%@729,2%@729,2%@729,0%@1113,57%@1113] GR3D_FREQ 98% cpu@60.031C soc2@59.031C soc0@59.781C gpu@61.531C tj@61.531C soc1@58.937C VDD_IN 17447mW/15765mW VDD_CPU_GPU_CV 8485mW/7234mW VDD_SOC 3883mW/3648mW
08-11-2026 21:51:10 RAM 6122/7607MB (lfb 7x4MB) SWAP 1493/16384MB (cached 76MB) CPU [4%@729,5%@729,3%@729,2%@729,0%@960,58%@960] GR3D_FREQ 98% cpu@60.062C soc2@59.093C soc0@59.968C gpu@61.593C tj@61.593C soc1@58.906C VDD_IN 17329mW/15799mW VDD_CPU_GPU_CV 8290mW/7257mW VDD_SOC 3929mW/3654mW
08-11-2026 21:51:11 RAM 6123/7607MB (lfb 7x4MB) SWAP 1493/16384MB (cached 76MB) CPU [4%@729,1%@729,2%@729,1%@729,0%@729,56%@729] GR3D_FREQ 98% cpu@59.937C soc2@59.093C soc0@59.843C gpu@61.5C tj@61.5C soc1@58.906C VDD_IN 17121mW/15827mW VDD_CPU_GPU_CV 8016mW/7273mW VDD_SOC 3968mW/3661mW
08-11-2026 21:51:13 RAM 6122/7607MB (lfb 7x4MB) SWAP 1493/16384MB (cached 76MB) CPU [4%@729,2%@729,5%@729,2%@729,0%@1344,60%@1344] GR3D_FREQ 96% cpu@60.125C soc2@59.156C soc0@59.906C gpu@61.156C tj@61.156C soc1@58.968C VDD_IN 16885mW/15849mW VDD_CPU_GPU_CV 7598mW/7280mW VDD_SOC 4047mW/3669mW
08-11-2026 21:51:14 RAM 6125/7607MB (lfb 7x4MB) SWAP 1492/16384MB (cached 76MB) CPU [7%@1344,12%@1344,6%@1344,8%@1344,8%@1344,58%@1344] GR3D_FREQ 99% cpu@60.718C soc2@59.25C soc0@59.937C gpu@61.093C tj@61.093C soc1@59.093C VDD_IN 16846mW/15870mW VDD_CPU_GPU_CV 7285mW/7280mW VDD_SOC 4165mW/3679mW
08-11-2026 21:51:15 RAM 6125/7607MB (lfb 7x4MB) SWAP 1492/16384MB (cached 76MB) CPU [3%@729,4%@729,4%@729,2%@729,0%@729,61%@729] GR3D_FREQ 53% cpu@60.031C soc2@59.25C soc0@60.031C gpu@61.093C tj@61.093C soc1@59.281C VDD_IN 16373mW/15880mW VDD_CPU_GPU_CV 7559mW/7286mW VDD_SOC 3851mW/3682mW
08-11-2026 21:51:16 RAM 6125/7607MB (lfb 7x4MB) SWAP 1492/16384MB (cached 76MB) CPU [3%@729,3%@729,3%@729,3%@729,0%@729,69%@729] GR3D_FREQ 98% cpu@60.375C soc2@59.531C soc0@60.187C gpu@61.656C tj@61.656C soc1@59.062C VDD_IN 17683mW/15915mW VDD_CPU_GPU_CV 8524mW/7310mW VDD_SOC 4040mW/3689mW
08-11-2026 21:51:17 RAM 6126/7607MB (lfb 7x4MB) SWAP 1492/16384MB (cached 76MB) CPU [2%@729,1%@729,4%@729,2%@729,0%@1344,65%@1344] GR3D_FREQ 98% cpu@60.437C soc2@59.312C soc0@60C gpu@61.75C tj@61.937C soc1@59.156C VDD_IN 17526mW/15946mW VDD_CPU_GPU_CV 8602mW/7335mW VDD_SOC 3883mW/3693mW
08-11-2026 21:51:18 RAM 6127/7607MB (lfb 7x4MB) SWAP 1492/16384MB (cached 76MB) CPU [2%@729,2%@729,2%@1344,2%@1344,1%@1344,59%@1344] GR3D_FREQ 98% cpu@60.468C soc2@59.437C soc0@60.156C gpu@61.968C tj@61.968C soc1@59.218C VDD_IN 17408mW/15974mW VDD_CPU_GPU_CV 8485mW/7357mW VDD_SOC 3923mW/3697mW
08-11-2026 21:51:19 RAM 6127/7607MB (lfb 7x4MB) SWAP 1492/16384MB (cached 76MB) CPU [3%@729,1%@729,2%@729,3%@729,1%@1344,59%@1344] GR3D_FREQ 98% cpu@60.656C soc2@59.468C soc0@60.187C gpu@62.093C tj@62.093C soc1@59.375C VDD_IN 17368mW/15999mW VDD_CPU_GPU_CV 8290mW/7374mW VDD_SOC 3962mW/3702mW
08-11-2026 21:51:20 RAM 6125/7607MB (lfb 7x4MB) SWAP 1492/16384MB (cached 76MB) CPU [9%@729,13%@729,4%@729,10%@729,0%@1344,58%@1344] GR3D_FREQ 98% cpu@60.406C soc2@59.593C soc0@60.187C gpu@61.593C tj@61.593C soc1@59.437C VDD_IN 17250mW/16022mW VDD_CPU_GPU_CV 8094mW/7387mW VDD_SOC 4008mW/3708mW
08-11-2026 21:51:21 RAM 6125/7607MB (lfb 7x4MB) SWAP 1492/16384MB (cached 76MB) CPU [1%@1344,2%@1344,4%@1344,1%@1344,0%@729,58%@729] GR3D_FREQ 98% cpu@60.437C soc2@59.437C soc0@60.343C gpu@61.593C tj@61.593C soc1@59.281C VDD_IN 16964mW/16039mW VDD_CPU_GPU_CV 7637mW/7392mW VDD_SOC 4047mW/3714mW
08-11-2026 21:51:22 RAM 6125/7607MB (lfb 7x4MB) SWAP 1492/16384MB (cached 76MB) CPU [3%@729,2%@729,4%@729,1%@729,0%@960,58%@960] GR3D_FREQ 99% cpu@60.906C soc2@59.625C soc0@60.25C gpu@61.156C tj@61.156C soc1@59.343C VDD_IN 16531mW/16048mW VDD_CPU_GPU_CV 7050mW/7386mW VDD_SOC 4126mW/3721mW
08-11-2026 21:51:23 RAM 6126/7607MB (lfb 7x4MB) SWAP 1492/16384MB (cached 76MB) CPU [4%@729,1%@729,3%@729,2%@729,0%@729,63%@729] GR3D_FREQ 99% cpu@60.468C soc2@59.5C soc0@60.312C gpu@61.218C tj@61.218C soc1@59.468C VDD_IN 16452mW/16055mW VDD_CPU_GPU_CV 7637mW/7390mW VDD_SOC 3851mW/3723mW
08-11-2026 21:51:24 RAM 6126/7607MB (lfb 7x4MB) SWAP 1492/16384MB (cached 76MB) CPU [8%@1344,4%@1344,2%@1344,1%@1344,0%@729,70%@729] GR3D_FREQ 99% cpu@60.843C soc2@59.75C soc0@60.375C gpu@61.968C tj@61.968C soc1@59.531C VDD_IN 17801mW/16084mW VDD_CPU_GPU_CV 8681mW/7412mW VDD_SOC 4001mW/3728mW
08-11-2026 21:51:25 RAM 6126/7607MB (lfb 7x4MB) SWAP 1492/16384MB (cached 76MB) CPU [5%@806,6%@806,3%@806,5%@806,1%@1344,64%@1344] GR3D_FREQ 98% cpu@60.625C soc2@59.687C soc0@60.593C gpu@61.937C tj@61.937C soc1@59.343C VDD_IN 17643mW/16110mW VDD_CPU_GPU_CV 8641mW/7432mW VDD_SOC 3923mW/3731mW
08-11-2026 21:51:26 RAM 6127/7607MB (lfb 7x4MB) SWAP 1492/16384MB (cached 76MB) CPU [4%@729,6%@729,4%@729,10%@729,0%@1344,59%@1344] GR3D_FREQ 98% cpu@60.625C soc2@59.656C soc0@60.406C gpu@61.875C tj@61.875C soc1@59.437C VDD_IN 17447mW/16132mW VDD_CPU_GPU_CV 8407mW/7448mW VDD_SOC 3923mW/3735mW
08-11-2026 21:51:27 RAM 6128/7607MB (lfb 7x4MB) SWAP 1491/16384MB (cached 76MB) CPU [4%@729,2%@729,2%@729,1%@729,2%@1344,58%@1344] GR3D_FREQ 98% cpu@60.781C soc2@59.656C soc0@60.437C gpu@61.75C tj@61.75C soc1@59.5C VDD_IN 17250mW/16150mW VDD_CPU_GPU_CV 8172mW/7460mW VDD_SOC 3968mW/3738mW
08-11-2026 21:51:28 RAM 6128/7607MB (lfb 7x4MB) SWAP 1491/16384MB (cached 76MB) CPU [3%@729,1%@729,2%@729,3%@729,0%@1344,58%@1344] GR3D_FREQ 98% cpu@60.562C soc2@59.718C soc0@60.5C gpu@61.843C tj@61.843C soc1@59.531C VDD_IN 17093mW/16165mW VDD_CPU_GPU_CV 7911mW/7467mW VDD_SOC 4008mW/3743mW
08-11-2026 21:51:29 RAM 6129/7607MB (lfb 7x4MB) SWAP 1491/16384MB (cached 76MB) CPU [3%@729,3%@729,1%@729,3%@729,0%@1344,59%@1344] GR3D_FREQ 98% cpu@60.812C soc2@59.812C soc0@60.562C gpu@61.843C tj@61.843C soc1@59.718C VDD_IN 16885mW/16176mW VDD_CPU_GPU_CV 7481mW/7467mW VDD_SOC 4086mW/3748mW
08-11-2026 21:51:30 RAM 6129/7607MB (lfb 7x4MB) SWAP 1491/16384MB (cached 76MB) CPU [2%@1344,4%@1344,2%@1344,0%@1344,0%@729,55%@729] GR3D_FREQ 99% cpu@60.875C soc2@59.718C soc0@60.687C gpu@61.531C tj@61.531C soc1@59.5C VDD_IN 16373mW/16179mW VDD_CPU_GPU_CV 7246mW/7464mW VDD_SOC 3968mW/3751mW
08-11-2026 21:51:31 RAM 6131/7607MB (lfb 7x4MB) SWAP 1491/16384MB (cached 76MB) CPU [9%@729,17%@729,9%@729,3%@729,0%@729,66%@729] GR3D_FREQ 99% cpu@60.718C soc2@59.843C soc0@60.531C gpu@61.687C tj@61.687C soc1@59.625C VDD_IN 16767mW/16188mW VDD_CPU_GPU_CV 7951mW/7471mW VDD_SOC 3890mW/3753mW
08-11-2026 21:51:32 RAM 6132/7607MB (lfb 7x4MB) SWAP 1491/16384MB (cached 76MB) CPU [2%@729,4%@729,2%@729,2%@729,0%@729,70%@729] GR3D_FREQ 97% cpu@60.968C soc2@59.906C soc0@60.562C gpu@62.093C tj@62.093C soc1@59.656C VDD_IN 17408mW/16206mW VDD_CPU_GPU_CV 8446mW/7486mW VDD_SOC 3883mW/3755mW
08-11-2026 21:51:33 RAM 6132/7607MB (lfb 7x4MB) SWAP 1491/16384MB (cached 76MB) CPU [2%@1344,2%@1344,1%@1344,2%@1344,3%@1344,60%@1344] GR3D_FREQ 91% cpu@61.25C soc2@59.906C soc0@60.593C gpu@62.187C tj@62.187C soc1@59.625C VDD_IN 17408mW/16224mW VDD_CPU_GPU_CV 8407mW/7499mW VDD_SOC 3883mW/3757mW
08-11-2026 21:51:34 RAM 6132/7607MB (lfb 7x4MB) SWAP 1491/16384MB (cached 76MB) CPU [5%@1190,3%@1190,2%@1190,1%@1190,3%@1344,59%@1344] GR3D_FREQ 97% cpu@60.812C soc2@59.968C soc0@60.656C gpu@62.187C tj@62.187C soc1@59.812C VDD_IN 17368mW/16241mW VDD_CPU_GPU_CV 8329mW/7511mW VDD_SOC 3923mW/3760mW
08-11-2026 21:51:35 RAM 6133/7607MB (lfb 7x4MB) SWAP 1491/16384MB (cached 76MB) CPU [2%@729,6%@729,1%@729,1%@729,0%@1344,60%@1344] GR3D_FREQ 98% cpu@60.875C soc2@59.875C soc0@60.656C gpu@62.062C tj@62.062C soc1@59.718C VDD_IN 17172mW/16254mW VDD_CPU_GPU_CV 8094mW/7520mW VDD_SOC 3968mW/3763mW
08-11-2026 21:51:36 RAM 6134/7607MB (lfb 7x4MB) SWAP 1491/16384MB (cached 76MB) CPU [3%@729,1%@729,3%@729,4%@729,2%@1344,61%@1344] GR3D_FREQ 98% cpu@61.25C soc2@59.843C soc0@60.687C gpu@62.281C tj@62.281C soc1@59.875C VDD_IN 17003mW/16265mW VDD_CPU_GPU_CV 7755mW/7523mW VDD_SOC 4047mW/3767mW
08-11-2026 21:51:37 RAM 6137/7607MB (lfb 7x4MB) SWAP 1491/16384MB (cached 76MB) CPU [6%@1190,14%@1190,12%@1190,4%@1190,0%@1344,58%@1344] GR3D_FREQ 98% cpu@61C soc2@60.031C soc0@60.843C gpu@62.218C tj@62.218C soc1@59.968C VDD_IN 16846mW/16273mW VDD_CPU_GPU_CV 7402mW/7521mW VDD_SOC 4126mW/3772mW
08-11-2026 21:51:38 RAM 6137/7607MB (lfb 7x4MB) SWAP 1491/16384MB (cached 76MB) CPU [4%@729,2%@729,0%@729,3%@729,0%@729,57%@729] GR3D_FREQ 99% cpu@61C soc2@60.062C soc0@60.812C gpu@61.843C tj@61.843C soc1@59.812C VDD_IN 16334mW/16273mW VDD_CPU_GPU_CV 7520mW/7521mW VDD_SOC 3890mW/3773mW
08-11-2026 21:51:39 RAM 6137/7607MB (lfb 7x4MB) SWAP 1491/16384MB (cached 76MB) CPU [2%@729,2%@729,4%@729,4%@729,0%@729,68%@729] GR3D_FREQ 99% cpu@61.125C soc2@60.093C soc0@60.718C gpu@61.968C tj@61.968C soc1@59.906C VDD_IN 17172mW/16286mW VDD_CPU_GPU_CV 8172mW/7530mW VDD_SOC 3968mW/3776mW
08-11-2026 21:51:40 RAM 6138/7607MB (lfb 7x4MB) SWAP 1491/16384MB (cached 76MB) CPU [4%@729,5%@729,0%@729,2%@729,0%@960,69%@960] GR3D_FREQ 98% cpu@60.906C soc2@60.093C soc0@60.781C gpu@62.156C tj@62.156C soc1@59.968C VDD_IN 17408mW/16301mW VDD_CPU_GPU_CV 8563mW/7544mW VDD_SOC 3883mW/3777mW
08-11-2026 21:51:41 RAM 6138/7607MB (lfb 7x4MB) SWAP 1491/16384MB (cached 76MB) CPU [3%@729,4%@729,2%@729,0%@729,0%@883,58%@883] GR3D_FREQ 98% cpu@61.031C soc2@60.218C soc0@60.906C gpu@62.343C tj@62.343C soc1@59.781C VDD_IN 17329mW/16314mW VDD_CPU_GPU_CV 8407mW/7555mW VDD_SOC 3883mW/3779mW
08-11-2026 21:51:42 RAM 6140/7607MB (lfb 7x4MB) SWAP 1490/16384MB (cached 76MB) CPU [5%@729,19%@729,5%@729,9%@729,1%@1344,56%@1344] GR3D_FREQ 98% cpu@61.187C soc2@60.125C soc0@60.812C gpu@62.406C tj@62.406C soc1@59.875C VDD_IN 17368mW/16328mW VDD_CPU_GPU_CV 8329mW/7565mW VDD_SOC 3923mW/3781mW
08-11-2026 21:51:43 RAM 6140/7607MB (lfb 7x4MB) SWAP 1490/16384MB (cached 76MB) CPU [1%@806,6%@806,1%@806,3%@806,0%@1344,59%@1344] GR3D_FREQ 93% cpu@61.375C soc2@60.156C soc0@60.875C gpu@62.531C tj@62.531C soc1@60C VDD_IN 17211mW/16339mW VDD_CPU_GPU_CV 8055mW/7572mW VDD_SOC 4001mW/3783mW
08-11-2026 21:51:44 RAM 6141/7607MB (lfb 7x4MB) SWAP 1490/16384MB (cached 76MB) CPU [4%@729,2%@729,3%@729,4%@729,0%@1344,60%@1344] GR3D_FREQ 98% cpu@61.25C soc2@60.187C soc0@60.906C gpu@62.125C tj@62.125C soc1@60.031C VDD_IN 16885mW/16346mW VDD_CPU_GPU_CV 7637mW/7572mW VDD_SOC 4008mW/3786mW
08-11-2026 21:51:45 RAM 6141/7607MB (lfb 7x4MB) SWAP 1490/16384MB (cached 76MB) CPU [2%@729,1%@729,4%@729,3%@729,0%@1344,59%@1344] GR3D_FREQ 98% cpu@61.218C soc2@60.218C soc0@61.031C gpu@62.031C tj@62.031C soc1@60.093C VDD_IN 16570mW/16349mW VDD_CPU_GPU_CV 7128mW/7567mW VDD_SOC 4086mW/3790mW
08-11-2026 21:51:46 RAM 6142/7607MB (lfb 7x4MB) SWAP 1490/16384MB (cached 76MB) CPU [3%@729,2%@729,2%@729,3%@729,0%@729,59%@729] GR3D_FREQ 98% cpu@60.968C soc2@60.156C soc0@61.125C gpu@62.156C tj@62.156C soc1@60.062C VDD_IN 16176mW/16347mW VDD_CPU_GPU_CV 7520mW/7566mW VDD_SOC 3811mW/3790mW
08-11-2026 21:51:47 RAM 6141/7607MB (lfb 7x4MB) SWAP 1490/16384MB (cached 76MB) CPU [2%@729,3%@729,2%@729,4%@729,0%@729,68%@729] GR3D_FREQ 99% cpu@61.25C soc2@60.25C soc0@60.937C gpu@62.406C tj@62.406C soc1@60.125C VDD_IN 17368mW/16359mW VDD_CPU_GPU_CV 8250mW/7575mW VDD_SOC 4001mW/3793mW
08-11-2026 21:51:48 RAM 6145/7607MB (lfb 7x4MB) SWAP 1490/16384MB (cached 76MB) CPU [6%@729,16%@729,6%@729,6%@729,0%@1344,69%@1344] GR3D_FREQ 98% cpu@61.5C soc2@60.25C soc0@61.031C gpu@62.562C tj@62.562C soc1@60.093C VDD_IN 17447mW/16372mW VDD_CPU_GPU_CV 8563mW/7587mW VDD_SOC 3883mW/3794mW
08-11-2026 21:51:49 RAM 6145/7607MB (lfb 7x4MB) SWAP 1490/16384MB (cached 76MB) CPU [3%@729,4%@729,2%@729,3%@729,0%@1344,60%@1344] GR3D_FREQ 98% cpu@61.25C soc2@60.375C soc0@61.031C gpu@62.343C tj@62.343C soc1@60.156C VDD_IN 17368mW/16384mW VDD_CPU_GPU_CV 8446mW/7597mW VDD_SOC 3883mW/3795mW
08-11-2026 21:51:50 RAM 6146/7607MB (lfb 7x4MB) SWAP 1490/16384MB (cached 76MB) CPU [2%@729,4%@729,3%@729,0%@729,0%@883,58%@883] GR3D_FREQ 98% cpu@61.125C soc2@60.343C soc0@61.093C gpu@62.406C tj@62.406C soc1@60.25C VDD_IN 17250mW/16394mW VDD_CPU_GPU_CV 8250mW/7604mW VDD_SOC 3929mW/3797mW
08-11-2026 21:51:51 RAM 6146/7607MB (lfb 7x4MB) SWAP 1490/16384MB (cached 76MB) CPU [3%@729,2%@729,3%@729,4%@729,0%@729,58%@729] GR3D_FREQ 98% cpu@61.218C soc2@60.375C soc0@61.187C gpu@62.343C tj@62.343C soc1@60.125C VDD_IN 17082mW/16402mW VDD_CPU_GPU_CV 7951mW/7608mW VDD_SOC 3968mW/3799mW
08-11-2026 21:51:52 RAM 6147/7607MB (lfb 7x4MB) SWAP 1490/16384MB (cached 76MB) CPU [3%@729,2%@729,3%@729,2%@729,0%@729,59%@729] GR3D_FREQ 97% cpu@61.25C soc2@60.25C soc0@60.937C gpu@62.25C tj@62.25C soc1@60.187C VDD_IN 16767mW/16406mW VDD_CPU_GPU_CV 7520mW/7607mW VDD_SOC 4047mW/3801mW
08-11-2026 21:51:53 RAM 6147/7607MB (lfb 7x4MB) SWAP 1490/16384MB (cached 76MB) CPU [5%@729,16%@729,5%@729,12%@729,1%@1344,60%@1344] GR3D_FREQ 99% cpu@61.718C soc2@60.437C soc0@61.062C gpu@62.093C tj@62.093C soc1@60.218C VDD_IN 16806mW/16411mW VDD_CPU_GPU_CV 7285mW/7604mW VDD_SOC 4165mW/3806mW
08-11-2026 21:51:54 RAM 6148/7607MB (lfb 7x4MB) SWAP 1490/16384MB (cached 76MB) CPU [2%@729,1%@729,3%@729,3%@729,0%@729,60%@729] GR3D_FREQ 48% cpu@61.125C soc2@60.375C soc0@61.156C gpu@62.375C tj@62.375C soc1@60.281C VDD_IN 16295mW/16410mW VDD_CPU_GPU_CV 7481mW/7602mW VDD_SOC 3851mW/3806mW
08-11-2026 21:51:55 RAM 6148/7607MB (lfb 7x4MB) SWAP 1490/16384MB (cached 76MB) CPU [4%@729,1%@729,0%@729,4%@729,0%@883,68%@883] GR3D_FREQ 99% cpu@61.312C soc2@60.437C soc0@61.281C gpu@62.781C tj@62.781C soc1@60.093C VDD_IN 17526mW/16422mW VDD_CPU_GPU_CV 8368mW/7611mW VDD_SOC 4040mW/3809mW
08-11-2026 21:51:56 RAM 6148/7607MB (lfb 7x4MB) SWAP 1490/16384MB (cached 76MB) CPU [2%@729,1%@729,2%@729,3%@729,0%@1344,67%@1344] GR3D_FREQ 98% cpu@61.281C soc2@60.468C soc0@61.062C gpu@62.843C tj@62.843C soc1@60.218C VDD_IN 17329mW/16432mW VDD_CPU_GPU_CV 8524mW/7621mW VDD_SOC 3883mW/3809mW
08-11-2026 21:51:57 RAM 6148/7607MB (lfb 7x4MB) SWAP 1490/16384MB (cached 76MB) CPU [2%@729,2%@729,3%@729,3%@729,0%@1344,59%@1344] GR3D_FREQ 98% cpu@61.437C soc2@60.437C soc0@61.125C gpu@62.812C tj@62.812C soc1@60.218C VDD_IN 17290mW/16441mW VDD_CPU_GPU_CV 8368mW/7629mW VDD_SOC 3883mW/3810mW
08-11-2026 21:51:58 RAM 6149/7607MB (lfb 7x4MB) SWAP 1490/16384MB (cached 76MB) CPU [1%@729,1%@729,5%@729,1%@729,0%@1344,60%@1344] GR3D_FREQ 98% cpu@61.625C soc2@60.375C soc0@61.156C gpu@62.812C tj@62.812C soc1@60.375C VDD_IN 17172mW/16449mW VDD_CPU_GPU_CV 8133mW/7634mW VDD_SOC 3929mW/3812mW
08-11-2026 21:51:59 RAM 6150/7607MB (lfb 7x4MB) SWAP 1490/16384MB (cached 76MB) CPU [10%@729,17%@729,4%@729,7%@729,0%@1344,59%@1344] GR3D_FREQ 98% cpu@61.343C soc2@60.468C soc0@61.218C gpu@62.656C tj@62.656C soc1@60.406C VDD_IN 17121mW/16456mW VDD_CPU_GPU_CV 7977mW/7638mW VDD_SOC 3962mW/3813mW
08-11-2026 21:52:00 RAM 6150/7607MB (lfb 7x4MB) SWAP 1490/16384MB (cached 76MB) CPU [3%@729,1%@729,2%@729,6%@729,0%@1344,59%@1344] GR3D_FREQ 98% cpu@61.5C soc2@60.5C soc0@61.343C gpu@62.531C tj@62.531C soc1@60.187C VDD_IN 16806mW/16460mW VDD_CPU_GPU_CV 7520mW/7637mW VDD_SOC 4047mW/3816mW
08-11-2026 21:52:01 RAM 6151/7607MB (lfb 7x4MB) SWAP 1490/16384MB (cached 76MB) CPU [3%@729,1%@729,1%@729,4%@729,5%@806,50%@806] GR3D_FREQ 99% cpu@61.656C soc2@60.5C soc0@61.312C gpu@62.062C tj@62.062C soc1@60.375C VDD_IN 16373mW/16459mW VDD_CPU_GPU_CV 7089mW/7631mW VDD_SOC 4047mW/3818mW
08-11-2026 21:52:02 RAM 6151/7607MB (lfb 7x4MB) SWAP 1490/16384MB (cached 76MB) CPU [3%@729,1%@729,1%@729,4%@729,63%@729,0%@729] GR3D_FREQ 99% cpu@61.406C soc2@60.5C soc0@61.187C gpu@62.343C tj@62.343C soc1@60.375C VDD_IN 16531mW/16460mW VDD_CPU_GPU_CV 7716mW/7632mW VDD_SOC 3890mW/3819mW
08-11-2026 21:52:03 RAM 6151/7607MB (lfb 7x4MB) SWAP 1490/16384MB (cached 76MB) CPU [2%@729,2%@729,3%@729,9%@729,69%@729,0%@729] GR3D_FREQ 99% cpu@61.687C soc2@60.593C soc0@61.281C gpu@62.875C tj@62.875C soc1@60.406C VDD_IN 17604mW/16472mW VDD_CPU_GPU_CV 8641mW/7642mW VDD_SOC 3923mW/3820mW
08-11-2026 21:52:04 RAM 6150/7607MB (lfb 7x4MB) SWAP 1490/16384MB (cached 76MB) CPU [6%@1267,4%@1267,14%@1267,11%@1267,62%@1344,0%@1344] GR3D_FREQ 98% cpu@61.656C soc2@60.656C soc0@61.406C gpu@62.937C tj@62.937C soc1@60.468C VDD_IN 17526mW/16482mW VDD_CPU_GPU_CV 8602mW/7652mW VDD_SOC 3883mW/3820mW
08-11-2026 21:52:05 RAM 6150/7607MB (lfb 7x4MB) SWAP 1490/16384MB (cached 76MB) CPU [3%@729,5%@729,2%@729,6%@729,59%@1344,0%@1344] GR3D_FREQ 98% cpu@61.437C soc2@60.656C soc0@61.468C gpu@63.062C tj@63.062C soc1@60.375C VDD_IN 17290mW/16490mW VDD_CPU_GPU_CV 8329mW/7659mW VDD_SOC 3923mW/3821mW
08-11-2026 21:52:06 RAM 6150/7607MB (lfb 7x4MB) SWAP 1490/16384MB (cached 76MB) CPU [3%@729,3%@729,2%@729,4%@729,59%@1344,0%@1344] GR3D_FREQ 98% cpu@61.593C soc2@60.468C soc0@61.281C gpu@62.937C tj@62.937C soc1@60.375C VDD_IN 17172mW/16497mW VDD_CPU_GPU_CV 8094mW/7663mW VDD_SOC 3962mW/3823mW
08-11-2026 21:52:07 RAM 6151/7607MB (lfb 7x4MB) SWAP 1490/16384MB (cached 76MB) CPU [2%@729,5%@729,2%@729,2%@729,60%@1344,0%@1344] GR3D_FREQ 98% cpu@61.531C soc2@60.562C soc0@61.218C gpu@62.968C tj@62.968C soc1@60.375C VDD_IN 17003mW/16502mW VDD_CPU_GPU_CV 7820mW/7665mW VDD_SOC 4008mW/3825mW
08-11-2026 21:52:08 RAM 6151/7607MB (lfb 7x4MB) SWAP 1490/16384MB (cached 76MB) CPU [6%@729,3%@729,3%@729,2%@729,60%@1344,0%@1344] GR3D_FREQ 98% cpu@61.75C soc2@60.531C soc0@61.375C gpu@63C tj@63C soc1@60.437C VDD_IN 16728mW/16504mW VDD_CPU_GPU_CV 7363mW/7662mW VDD_SOC 4086mW/3827mW
08-11-2026 21:52:09 RAM 6151/7607MB (lfb 7x4MB) SWAP 1490/16384MB (cached 76MB) CPU [4%@729,1%@729,1%@729,3%@729,54%@729,0%@729] GR3D_FREQ 98% cpu@61.343C soc2@60.656C soc0@61.406C gpu@62.75C tj@62.75C soc1@60.562C VDD_IN 16255mW/16502mW VDD_CPU_GPU_CV 7363mW/7659mW VDD_SOC 3929mW/3828mW
08-11-2026 21:52:10 RAM 6151/7607MB (lfb 7x4MB) SWAP 1489/16384MB (cached 76MB) CPU [8%@729,4%@729,9%@729,19%@729,67%@729,0%@729] GR3D_FREQ 99% cpu@61.343C soc2@60.625C soc0@61.375C gpu@62.625C tj@62.625C soc1@60.468C VDD_IN 17082mW/16507mW VDD_CPU_GPU_CV 8055mW/7663mW VDD_SOC 3929mW/3829mW
08-11-2026 21:52:11 RAM 6152/7607MB (lfb 7x4MB) SWAP 1489/16384MB (cached 76MB) CPU [3%@729,3%@729,2%@729,4%@729,67%@1113,0%@1113] GR3D_FREQ 98% cpu@61.75C soc2@60.625C soc0@61.312C gpu@62.875C tj@62.875C soc1@60.468C VDD_IN 17447mW/16516mW VDD_CPU_GPU_CV 8524mW/7671mW VDD_SOC 3883mW/3830mW
08-11-2026 21:52:12 RAM 6152/7607MB (lfb 7x4MB) SWAP 1489/16384MB (cached 76MB) CPU [2%@729,2%@729,3%@729,3%@729,57%@729,1%@729] GR3D_FREQ 98% cpu@61.468C soc2@60.656C soc0@61.375C gpu@62.875C tj@62.875C soc1@60.5C VDD_IN 17290mW/16523mW VDD_CPU_GPU_CV 8368mW/7677mW VDD_SOC 3890mW/3830mW
08-11-2026 21:52:13 RAM 6153/7607MB (lfb 7x4MB) SWAP 1489/16384MB (cached 76MB) CPU [5%@729,2%@729,2%@729,6%@729,60%@1344,0%@1344] GR3D_FREQ 95% cpu@61.75C soc2@60.687C soc0@61.437C gpu@62.843C tj@62.843C soc1@60.593C VDD_IN 17290mW/16531mW VDD_CPU_GPU_CV 8250mW/7683mW VDD_SOC 3923mW/3831mW
08-11-2026 21:52:14 RAM 6153/7607MB (lfb 7x4MB) SWAP 1489/16384MB (cached 76MB) CPU [44%@1344,2%@1344,1%@1344,4%@1344,17%@729,0%@729] GR3D_FREQ 91% cpu@61.468C soc2@60.812C soc0@61.562C gpu@62.843C tj@62.843C soc1@60.406C VDD_IN 17121mW/16536mW VDD_CPU_GPU_CV 7977mW/7685mW VDD_SOC 3968mW/3832mW
08-11-2026 21:52:15 RAM 6152/7607MB (lfb 7x4MB) SWAP 1489/16384MB (cached 76MB) CPU [52%@729,4%@729,7%@729,3%@729,11%@1344,0%@1344] GR3D_FREQ 92% cpu@61.843C soc2@60.625C soc0@61.406C gpu@62.718C tj@62.718C soc1@60.437C VDD_IN 16964mW/16540mW VDD_CPU_GPU_CV 7755mW/7686mW VDD_SOC 4047mW/3834mW
08-11-2026 21:52:16 RAM 6155/7607MB (lfb 7x4MB) SWAP 1489/16384MB (cached 76MB) CPU [47%@1344,3%@1344,12%@1344,5%@1344,16%@729,0%@729] GR3D_FREQ 98% cpu@61.75C soc2@60.843C soc0@61.468C gpu@62.593C tj@62.593C soc1@60.5C VDD_IN 16649mW/16541mW VDD_CPU_GPU_CV 7167mW/7681mW VDD_SOC 4126mW/3837mW
08-11-2026 21:52:17 RAM 6155/7607MB (lfb 7x4MB) SWAP 1489/16384MB (cached 76MB) CPU [60%@729,2%@729,1%@729,4%@729,0%@729,0%@729] GR3D_FREQ 98% cpu@61.437C soc2@60.718C soc0@61.5C gpu@62.593C tj@62.593C soc1@60.5C VDD_IN 16216mW/16538mW VDD_CPU_GPU_CV 7481mW/7679mW VDD_SOC 3811mW/3837mW
08-11-2026 21:52:18 RAM 6155/7607MB (lfb 7x4MB) SWAP 1489/16384MB (cached 76MB) CPU [10%@729,5%@729,2%@729,3%@729,61%@729,0%@729] GR3D_FREQ 99% cpu@61.656C soc2@60.843C soc0@61.531C gpu@62.843C tj@62.843C soc1@60.656C VDD_IN 17565mW/16547mW VDD_CPU_GPU_CV 8368mW/7686mW VDD_SOC 4040mW/3838mW
08-11-2026 21:52:19 RAM 6155/7607MB (lfb 7x4MB) SWAP 1489/16384MB (cached 76MB) CPU [5%@729,4%@729,1%@729,2%@729,69%@1344,0%@1344] GR3D_FREQ 98% cpu@61.593C soc2@60.812C soc0@61.562C gpu@63.125C tj@63.125C soc1@60.468C VDD_IN 17447mW/16555mW VDD_CPU_GPU_CV 8563mW/7693mW VDD_SOC 3883mW/3839mW
08-11-2026 21:52:20 RAM 6155/7607MB (lfb 7x4MB) SWAP 1489/16384MB (cached 76MB) CPU [5%@729,2%@729,1%@729,2%@729,59%@1344,0%@1344] GR3D_FREQ 98% cpu@61.625C soc2@60.781C soc0@61.468C gpu@63.125C tj@63.125C soc1@60.562C VDD_IN 17408mW/16562mW VDD_CPU_GPU_CV 8446mW/7700mW VDD_SOC 3923mW/3840mW
08-11-2026 21:52:21 RAM 6158/7607MB (lfb 7x4MB) SWAP 1489/16384MB (cached 76MB) CPU [8%@729,6%@729,17%@729,6%@729,60%@1344,0%@1344] GR3D_FREQ 98% cpu@61.75C soc2@60.718C soc0@61.437C gpu@63.156C tj@63.156C soc1@60.593C VDD_IN 17329mW/16569mW VDD_CPU_GPU_CV 8368mW/7706mW VDD_SOC 3962mW/3841mW
08-11-2026 21:52:22 RAM 6158/7607MB (lfb 7x4MB) SWAP 1489/16384MB (cached 76MB) CPU [2%@729,1%@729,2%@729,4%@729,58%@1344,0%@1344] GR3D_FREQ 98% cpu@61.562C soc2@60.812C soc0@61.625C gpu@63.156C tj@63.156C soc1@60.593C VDD_IN 17093mW/16573mW VDD_CPU_GPU_CV 8016mW/7708mW VDD_SOC 4008mW/3842mW
08-11-2026 21:52:23 RAM 6158/7607MB (lfb 7x4MB) SWAP 1489/16384MB (cached 76MB) CPU [3%@729,3%@729,5%@729,2%@729,57%@729,0%@729] GR3D_FREQ 98% cpu@61.843C soc2@60.843C soc0@61.625C gpu@63.093C tj@63.093C soc1@60.75C VDD_IN 16964mW/16577mW VDD_CPU_GPU_CV 7676mW/7708mW VDD_SOC 4047mW/3844mW
08-11-2026 21:52:24 RAM 6159/7607MB (lfb 7x4MB) SWAP 1489/16384MB (cached 76MB) CPU [4%@729,1%@729,3%@729,3%@729,57%@960,0%@960] GR3D_FREQ 99% cpu@62.093C soc2@60.812C soc0@61.75C gpu@62.406C tj@62.406C soc1@60.656C VDD_IN 16452mW/16576mW VDD_CPU_GPU_CV 7011mW/7702mW VDD_SOC 4126mW/3846mW
08-11-2026 21:52:25 RAM 6159/7607MB (lfb 7x4MB) SWAP 1489/16384MB (cached 76MB) CPU [3%@729,2%@729,3%@729,3%@729,63%@729,0%@729] GR3D_FREQ 99% cpu@61.593C soc2@60.781C soc0@61.562C gpu@62.343C tj@62.343C soc1@60.562C VDD_IN 16373mW/16574mW VDD_CPU_GPU_CV 7559mW/7701mW VDD_SOC 3851mW/3846mW
08-11-2026 21:52:26 RAM 6159/7607MB (lfb 7x4MB) SWAP 1489/16384MB (cached 76MB) CPU [3%@729,2%@729,14%@729,1%@729,57%@729,0%@729] GR3D_FREQ 99% cpu@61.937C soc2@60.906C soc0@61.593C gpu@63.187C tj@63.187C soc1@60.656C VDD_IN 17683mW/16583mW VDD_CPU_GPU_CV 8602mW/7708mW VDD_SOC 4001mW/3848mW
08-11-2026 21:52:27 RAM 6163/7607MB (lfb 7x4MB) SWAP 1489/16384MB (cached 76MB) CPU [12%@1344,13%@1344,9%@1344,12%@1344,18%@1344,59%@1344] GR3D_FREQ 98% cpu@61.906C soc2@60.937C soc0@61.625C gpu@63.125C tj@63.125C soc1@60.687C VDD_IN 17683mW/16592mW VDD_CPU_GPU_CV 8681mW/7716mW VDD_SOC 3923mW/3848mW
08-11-2026 21:52:28 RAM 6162/7607MB (lfb 7x4MB) SWAP 1488/16384MB (cached 76MB) CPU [49%@1344,12%@1344,32%@1344,20%@1344,35%@1344,69%@1344] GR3D_FREQ 98% cpu@62.093C soc2@61.062C soc0@61.75C gpu@63.187C tj@63.187C soc1@60.812C VDD_IN 18115mW/16605mW VDD_CPU_GPU_CV 8993mW/7727mW VDD_SOC 3923mW/3849mW
08-11-2026 21:52:29 RAM 6166/7607MB (lfb 7x4MB) SWAP 1488/16384MB (cached 76MB) CPU [9%@1344,33%@1344,59%@1344,20%@1344,63%@1344,4%@1344] GR3D_FREQ 98% cpu@62.062C soc2@61.062C soc0@61.812C gpu@63.218C tj@63.218C soc1@60.656C VDD_IN 17879mW/16615mW VDD_CPU_GPU_CV 8705mW/7735mW VDD_SOC 3962mW/3850mW
08-11-2026 21:52:30 RAM 6166/7607MB (lfb 7x4MB) SWAP 1488/16384MB (cached 76MB) CPU [5%@1344,5%@1344,58%@1344,5%@1344,47%@729,1%@729] GR3D_FREQ 98% cpu@62.093C soc2@60.906C soc0@61.625C gpu@63.218C tj@63.218C soc1@60.687C VDD_IN 17211mW/16620mW VDD_CPU_GPU_CV 7977mW/7737mW VDD_SOC 4001mW/3851mW
08-11-2026 21:52:31 RAM 6166/7607MB (lfb 7x4MB) SWAP 1488/16384MB (cached 76MB) CPU [8%@729,2%@729,44%@729,3%@729,11%@1344,0%@1344] GR3D_FREQ 98% cpu@61.937C soc2@60.968C soc0@61.656C gpu@63.062C tj@63.312C soc1@60.75C VDD_IN 16846mW/16621mW VDD_CPU_GPU_CV 7441mW/7734mW VDD_SOC 4086mW/3853mW
08-11-2026 21:52:32 RAM 6195/7607MB (lfb 6x4MB) SWAP 1481/16384MB (cached 108MB) CPU [17%@1113,19%@1113,12%@1113,5%@1113,63%@1344,9%@1344] GR3D_FREQ 99% cpu@61.937C soc2@61C soc0@61.718C gpu@62.968C tj@62.968C soc1@60.781C VDD_IN 16688mW/16622mW VDD_CPU_GPU_CV 7755mW/7734mW VDD_SOC 3968mW/3854mW
08-11-2026 21:52:33 RAM 6267/7607MB (lfb 1x4MB) SWAP 1464/16384MB (cached 169MB) CPU [36%@1113,31%@1113,23%@1113,23%@1113,20%@1344,73%@1344] GR3D_FREQ 99% cpu@61.781C soc2@61.031C soc0@61.812C gpu@63.468C tj@63.468C soc1@60.75C VDD_IN 17722mW/16631mW VDD_CPU_GPU_CV 8588mW/7741mW VDD_SOC 4001mW/3855mW
08-11-2026 21:52:34 RAM 6278/7607MB (lfb 1x4MB) SWAP 1425/16384MB (cached 139MB) CPU [17%@729,12%@729,13%@729,14%@729,73%@1036,10%@1036] GR3D_FREQ 98% cpu@61.937C soc2@61.031C soc0@61.75C gpu@63.656C tj@63.656C soc1@60.781C VDD_IN 17643mW/16638mW VDD_CPU_GPU_CV 8720mW/7749mW VDD_SOC 3883mW/3855mW
08-11-2026 21:52:35 RAM 6278/7607MB (lfb 1x4MB) SWAP 1425/16384MB (cached 139MB) CPU [3%@729,1%@729,3%@729,4%@729,58%@960,0%@960] GR3D_FREQ 98% cpu@61.906C soc2@61.031C soc0@61.625C gpu@63.281C tj@63.281C soc1@60.75C VDD_IN 17408mW/16644mW VDD_CPU_GPU_CV 8485mW/7754mW VDD_SOC 3883mW/3855mW
08-11-2026 21:52:36 RAM 6279/7607MB (lfb 1x4MB) SWAP 1425/16384MB (cached 139MB) CPU [4%@729,1%@729,2%@729,0%@729,59%@729,0%@729] GR3D_FREQ 97% cpu@61.906C soc2@61.031C soc0@61.75C gpu@63.281C tj@63.281C soc1@60.812C VDD_IN 17250mW/16649mW VDD_CPU_GPU_CV 8250mW/7758mW VDD_SOC 3923mW/3856mW
08-11-2026 21:52:37 RAM 6279/7607MB (lfb 1x4MB) SWAP 1425/16384MB (cached 139MB) CPU [20%@1344,2%@1344,2%@1344,3%@1344,42%@729,0%@729] GR3D_FREQ 97% cpu@61.718C soc2@61.093C soc0@61.75C gpu@63.187C tj@63.187C soc1@60.906C VDD_IN 17093mW/16652mW VDD_CPU_GPU_CV 7977mW/7760mW VDD_SOC 3968mW/3857mW
08-11-2026 21:52:38 RAM 6279/7607MB (lfb 1x4MB) SWAP 1425/16384MB (cached 139MB) CPU [11%@729,3%@729,2%@729,3%@729,50%@1344,0%@1344] GR3D_FREQ 93% cpu@61.843C soc2@61.031C soc0@61.781C gpu@63.25C tj@63.25C soc1@60.687C VDD_IN 16924mW/16654mW VDD_CPU_GPU_CV 7598mW/7758mW VDD_SOC 4047mW/3858mW
08-11-2026 21:52:39 RAM 6283/7607MB (lfb 2x4MB) SWAP 1425/16384MB (cached 139MB) CPU [5%@729,4%@729,23%@729,6%@729,58%@1344,0%@1344] GR3D_FREQ 99% cpu@62C soc2@61C soc0@61.718C gpu@63.125C tj@63.125C soc1@60.781C VDD_IN 16806mW/16655mW VDD_CPU_GPU_CV 7246mW/7755mW VDD_SOC 4165mW/3860mW
08-11-2026 21:52:40 RAM 6284/7607MB (lfb 2x4MB) SWAP 1425/16384MB (cached 139MB) CPU [4%@729,3%@729,3%@729,1%@729,60%@729,0%@729] GR3D_FREQ 97% cpu@62.093C soc2@61C soc0@61.718C gpu@62.843C tj@62.843C soc1@60.875C VDD_IN 16295mW/16653mW VDD_CPU_GPU_CV 7520mW/7753mW VDD_SOC 3851mW/3860mW
08-11-2026 21:52:41 RAM 6284/7607MB (lfb 2x4MB) SWAP 1425/16384MB (cached 139MB) CPU [4%@729,3%@729,5%@729,1%@729,70%@883,0%@883] GR3D_FREQ 99% cpu@61.937C soc2@61.125C soc0@61.875C gpu@63.156C tj@63.156C soc1@60.906C VDD_IN 17643mW/16660mW VDD_CPU_GPU_CV 8446mW/7758mW VDD_SOC 4040mW/3862mW
08-11-2026 21:52:42 RAM 6284/7607MB (lfb 2x4MB) SWAP 1425/16384MB (cached 139MB) CPU [2%@729,2%@729,2%@729,4%@729,67%@1344,0%@1344] GR3D_FREQ 98% cpu@62.156C soc2@61.125C soc0@61.843C gpu@63.312C tj@63.312C soc1@61C VDD_IN 17447mW/16666mW VDD_CPU_GPU_CV 8563mW/7764mW VDD_SOC 3883mW/3862mW
08-11-2026 21:52:43 RAM 6284/7607MB (lfb 2x4MB) SWAP 1425/16384MB (cached 139MB) CPU [3%@729,3%@729,5%@729,3%@729,30%@1344,31%@1344] GR3D_FREQ 98% cpu@62C soc2@61.125C soc0@61.843C gpu@63.25C tj@63.25C soc1@60.812C VDD_IN 17447mW/16671mW VDD_CPU_GPU_CV 8446mW/7769mW VDD_SOC 3923mW/3862mW
08-11-2026 21:52:44 RAM 6285/7607MB (lfb 2x4MB) SWAP 1425/16384MB (cached 139MB) CPU [3%@729,1%@729,5%@729,1%@729,0%@1344,60%@1344] GR3D_FREQ 98% cpu@62.062C soc2@61.093C soc0@61.718C gpu@63.312C tj@63.312C soc1@60.875C VDD_IN 17329mW/16676mW VDD_CPU_GPU_CV 8250mW/7772mW VDD_SOC 3962mW/3863mW
08-11-2026 21:52:45 RAM 6284/7607MB (lfb 2x4MB) SWAP 1425/16384MB (cached 139MB) CPU [11%@729,7%@729,6%@729,18%@729,1%@1344,60%@1344] GR3D_FREQ 98% cpu@62.312C soc2@61.093C soc0@61.781C gpu@63.437C tj@63.437C soc1@60.875C VDD_IN 17250mW/16680mW VDD_CPU_GPU_CV 8055mW/7774mW VDD_SOC 4001mW/3864mW
08-11-2026 21:52:46 RAM 6284/7607MB (lfb 2x4MB) SWAP 1425/16384MB (cached 139MB) CPU [4%@729,2%@729,0%@729,2%@729,1%@1344,58%@1344] GR3D_FREQ 98% cpu@62.031C soc2@61.031C soc0@61.843C gpu@63.375C tj@63.375C soc1@60.937C VDD_IN 16924mW/16682mW VDD_CPU_GPU_CV 7559mW/7773mW VDD_SOC 4086mW/3865mW
08-11-2026 21:52:47 RAM 6284/7607MB (lfb 2x4MB) SWAP 1425/16384MB (cached 139MB) CPU [7%@729,1%@729,2%@729,1%@729,0%@883,56%@883] GR3D_FREQ 99% cpu@62.218C soc2@61.156C soc0@61.875C gpu@62.781C tj@62.781C soc1@60.875C VDD_IN 16452mW/16680mW VDD_CPU_GPU_CV 7089mW/7768mW VDD_SOC 4086mW/3867mW
08-11-2026 21:52:48 RAM 6284/7607MB (lfb 2x4MB) SWAP 1425/16384MB (cached 139MB) CPU [5%@729,1%@729,0%@729,2%@729,0%@729,62%@729] GR3D_FREQ 99% cpu@61.781C soc2@61.187C soc0@61.875C gpu@63.062C tj@63.062C soc1@60.875C VDD_IN 16570mW/16680mW VDD_CPU_GPU_CV 7676mW/7767mW VDD_SOC 3890mW/3867mW
08-11-2026 21:52:49 RAM 6285/7607MB (lfb 2x4MB) SWAP 1425/16384MB (cached 139MB) CPU [2%@729,1%@729,2%@729,6%@729,0%@729,70%@729] GR3D_FREQ 99% cpu@61.968C soc2@61.125C soc0@61.781C gpu@63.843C tj@63.843C soc1@60.875C VDD_IN 17683mW/16687mW VDD_CPU_GPU_CV 8681mW/7774mW VDD_SOC 3962mW/3868mW
08-11-2026 21:52:50 RAM 6288/7607MB (lfb 2x4MB) SWAP 1425/16384MB (cached 139MB) CPU [6%@883,13%@883,3%@883,7%@883,2%@1344,62%@1344] GR3D_FREQ 98% cpu@62.406C soc2@61.125C soc0@61.875C gpu@63.312C tj@63.312C soc1@60.843C VDD_IN 17604mW/16693mW VDD_CPU_GPU_CV 8641mW/7780mW VDD_SOC 3923mW/3868mW
08-11-2026 21:52:51 RAM 6288/7607MB (lfb 2x4MB) SWAP 1425/16384MB (cached 139MB) CPU [3%@729,11%@729,4%@729,2%@729,1%@1344,59%@1344] GR3D_FREQ 98% cpu@61.937C soc2@61.156C soc0@62C gpu@63.375C tj@63.375C soc1@61C VDD_IN 17368mW/16698mW VDD_CPU_GPU_CV 8368mW/7784mW VDD_SOC 3923mW/3869mW
08-11-2026 21:52:52 RAM 6289/7607MB (lfb 2x4MB) SWAP 1425/16384MB (cached 139MB) CPU [2%@729,3%@729,4%@729,2%@729,0%@1344,59%@1344] GR3D_FREQ 98% cpu@62.093C soc2@61.125C soc0@62C gpu@63.343C tj@63.343C soc1@60.812C VDD_IN 17250mW/16701mW VDD_CPU_GPU_CV 8133mW/7786mW VDD_SOC 3962mW/3869mW
08-11-2026 21:52:53 RAM 6289/7607MB (lfb 2x4MB) SWAP 1425/16384MB (cached 139MB) CPU [2%@729,3%@729,7%@729,2%@729,0%@1344,59%@1344] GR3D_FREQ 98% cpu@62.093C soc2@61.093C soc0@61.75C gpu@63.375C tj@63.375C soc1@60.875C VDD_IN 17093mW/16704mW VDD_CPU_GPU_CV 7899mW/7787mW VDD_SOC 4008mW/3870mW
08-11-2026 21:52:54 RAM 6290/7607MB (lfb 2x4MB) SWAP 1425/16384MB (cached 139MB) CPU [1%@729,3%@729,5%@729,2%@729,0%@1344,58%@1344] GR3D_FREQ 98% cpu@62.218C soc2@61.062C soc0@61.843C gpu@63.312C tj@63.312C soc1@60.875C VDD_IN 16806mW/16705mW VDD_CPU_GPU_CV 7441mW/7785mW VDD_SOC 4086mW/3872mW
08-11-2026 21:52:55 RAM 6290/7607MB (lfb 2x4MB) SWAP 1425/16384MB (cached 139MB) CPU [2%@729,2%@729,4%@729,1%@729,0%@729,55%@729] GR3D_FREQ 98% cpu@62.281C soc2@61.125C soc0@61.937C gpu@62.906C tj@63.093C soc1@60.937C VDD_IN 16295mW/16702mW VDD_CPU_GPU_CV 7324mW/7781mW VDD_SOC 3929mW/3872mW
08-11-2026 21:52:56 RAM 6290/7607MB (lfb 2x4MB) SWAP 1425/16384MB (cached 139MB) CPU [12%@729,12%@729,9%@729,7%@729,0%@729,69%@729] GR3D_FREQ 99% cpu@61.843C soc2@61.25C soc0@62C gpu@63.375C tj@63.375C soc1@61.093C VDD_IN 17093mW/16705mW VDD_CPU_GPU_CV 8133mW/7784mW VDD_SOC 3929mW/3872mW
08-11-2026 21:52:57 RAM 6290/7607MB (lfb 2x4MB) SWAP 1425/16384MB (cached 139MB) CPU [1%@729,5%@729,2%@729,2%@729,0%@729,70%@729] GR3D_FREQ 98% cpu@62.062C soc2@61.187C soc0@61.968C gpu@63.812C tj@63.812C soc1@60.937C VDD_IN 17486mW/16710mW VDD_CPU_GPU_CV 8563mW/7789mW VDD_SOC 3883mW/3872mW
08-11-2026 21:52:58 RAM 6291/7607MB (lfb 2x4MB) SWAP 1425/16384MB (cached 139MB) CPU [3%@729,3%@729,2%@729,1%@729,0%@1344,59%@1344] GR3D_FREQ 97% cpu@62.156C soc2@61.25C soc0@61.906C gpu@63.718C tj@63.718C soc1@60.968C VDD_IN 17329mW/16714mW VDD_CPU_GPU_CV 8407mW/7793mW VDD_SOC 3923mW/3873mW
08-11-2026 21:52:59 RAM 6291/7607MB (lfb 2x4MB) SWAP 1425/16384MB (cached 139MB) CPU [4%@729,4%@729,2%@729,2%@729,0%@1344,59%@1344] GR3D_FREQ 97% cpu@62.093C soc2@61.25C soc0@61.968C gpu@63.812C tj@63.812C soc1@61C VDD_IN 17250mW/16717mW VDD_CPU_GPU_CV 8250mW/7796mW VDD_SOC 3923mW/3873mW
08-11-2026 21:53:00 RAM 6291/7607MB (lfb 2x4MB) SWAP 1425/16384MB (cached 139MB) CPU [2%@729,2%@729,2%@729,3%@729,0%@1344,58%@1344] GR3D_FREQ 93% cpu@62.312C soc2@61.25C soc0@61.968C gpu@63.812C tj@63.812C soc1@61.093C VDD_IN 17172mW/16720mW VDD_CPU_GPU_CV 8016mW/7797mW VDD_SOC 4001mW/3874mW
08-11-2026 21:53:01 RAM 6292/7607MB (lfb 2x4MB) SWAP 1425/16384MB (cached 139MB) CPU [2%@729,4%@729,2%@729,3%@729,0%@1344,59%@1344] GR3D_FREQ 89% cpu@62.062C soc2@61.218C soc0@61.968C gpu@63.468C tj@63.468C soc1@61.156C VDD_IN 16897mW/16721mW VDD_CPU_GPU_CV 7664mW/7796mW VDD_SOC 4047mW/3875mW
08-11-2026 21:53:02 RAM 6292/7607MB (lfb 2x4MB) SWAP 1424/16384MB (cached 139MB) CPU [8%@729,4%@729,3%@729,19%@729,0%@1344,59%@1344] GR3D_FREQ 98% cpu@62.343C soc2@61.281C soc0@62.125C gpu@63.281C tj@63.281C soc1@60.968C VDD_IN 16728mW/16721mW VDD_CPU_GPU_CV 7246mW/7793mW VDD_SOC 4126mW/3877mW
08-11-2026 21:53:03 RAM 6292/7607MB (lfb 2x4MB) SWAP 1424/16384MB (cached 139MB) CPU [3%@729,6%@729,0%@729,1%@729,1%@729,59%@729] GR3D_FREQ 98% cpu@62.187C soc2@61.156C soc0@61.937C gpu@63.437C tj@63.437C soc1@61.031C VDD_IN 16295mW/16719mW VDD_CPU_GPU_CV 7520mW/7791mW VDD_SOC 3851mW/3876mW
08-11-2026 21:53:04 RAM 6291/7607MB (lfb 2x4MB) SWAP 1424/16384MB (cached 139MB) CPU [6%@729,5%@729,2%@729,3%@729,0%@729,69%@729] GR3D_FREQ 98% cpu@62.187C soc2@61.375C soc0@62.062C gpu@63.468C tj@63.468C soc1@61.062C VDD_IN 17643mW/16724mW VDD_CPU_GPU_CV 8368mW/7795mW VDD_SOC 4080mW/3878mW
08-11-2026 21:53:05 RAM 6291/7607MB (lfb 2x4MB) SWAP 1424/16384MB (cached 139MB) CPU [6%@729,2%@729,2%@729,2%@729,0%@1344,67%@1344] GR3D_FREQ 98% cpu@62.468C soc2@61.375C soc0@62C gpu@63.687C tj@63.687C soc1@61.156C VDD_IN 17486mW/16729mW VDD_CPU_GPU_CV 8602mW/7800mW VDD_SOC 3883mW/3878mW
08-11-2026 21:53:06 RAM 6292/7607MB (lfb 2x4MB) SWAP 1424/16384MB (cached 139MB) CPU [1%@729,2%@729,5%@729,2%@729,0%@1344,59%@1344] GR3D_FREQ 98% cpu@62.156C soc2@61.375C soc0@62.031C gpu@63.531C tj@63.531C soc1@60.968C VDD_IN 17447mW/16734mW VDD_CPU_GPU_CV 8446mW/7804mW VDD_SOC 3923mW/3878mW
08-11-2026 21:53:07 RAM 6295/7607MB (lfb 2x4MB) SWAP 1424/16384MB (cached 139MB) CPU [6%@729,6%@729,5%@729,20%@729,1%@1344,59%@1344] GR3D_FREQ 98% cpu@62.281C soc2@61.281C soc0@61.968C gpu@63.562C tj@63.562C soc1@61C VDD_IN 17526mW/16739mW VDD_CPU_GPU_CV 8407mW/7808mW VDD_SOC 3962mW/3879mW
08-11-2026 21:53:08 RAM 6293/7607MB (lfb 2x4MB) SWAP 1424/16384MB (cached 139MB) CPU [3%@729,1%@729,5%@729,1%@729,0%@1344,58%@1344] GR3D_FREQ 98% cpu@62.343C soc2@61.312C soc0@62.031C gpu@63.375C tj@63.375C soc1@61.093C VDD_IN 17211mW/16741mW VDD_CPU_GPU_CV 8016mW/7809mW VDD_SOC 4001mW/3879mW
08-11-2026 21:53:09 RAM 6294/7607MB (lfb 2x4MB) SWAP 1424/16384MB (cached 139MB) CPU [4%@729,2%@729,5%@729,3%@729,0%@729,57%@729] GR3D_FREQ 98% cpu@62.156C soc2@61.281C soc0@62C gpu@63.406C tj@63.406C soc1@61.187C VDD_IN 16964mW/16743mW VDD_CPU_GPU_CV 7586mW/7808mW VDD_SOC 4086mW/3881mW
08-11-2026 21:53:10 RAM 6293/7607MB (lfb 2x4MB) SWAP 1424/16384MB (cached 139MB) CPU [2%@729,3%@729,4%@729,2%@729,7%@883,52%@883] GR3D_FREQ 99% cpu@62.468C soc2@61.343C soc0@62.031C gpu@62.781C tj@62.781C soc1@61.218C VDD_IN 16491mW/16741mW VDD_CPU_GPU_CV 7050mW/7803mW VDD_SOC 4126mW/3882mW
08-11-2026 21:53:11 RAM 6281/7607MB (lfb 1x4MB) SWAP 1424/16384MB (cached 139MB) CPU [23%@729,3%@729,2%@729,1%@729,46%@729,1%@729] GR3D_FREQ 99% cpu@62C soc2@61.375C soc0@62.156C gpu@63.343C tj@63.343C soc1@61C VDD_IN 16609mW/16740mW VDD_CPU_GPU_CV 7716mW/7802mW VDD_SOC 3890mW/3882mW
08-11-2026 21:53:12 RAM 6280/7607MB (lfb 1x4MB) SWAP 1424/16384MB (cached 139MB) CPU [2%@729,37%@729,2%@729,4%@729,34%@729,0%@729] GR3D_FREQ 99% cpu@62.093C soc2@61.375C soc0@62.187C gpu@63.906C tj@63.906C soc1@61.031C VDD_IN 17722mW/16746mW VDD_CPU_GPU_CV 8666mW/7808mW VDD_SOC 3962mW/3883mW
08-11-2026 21:53:13 RAM 6288/7607MB (lfb 1x4MB) SWAP 1424/16384MB (cached 139MB) CPU [10%@729,7%@729,18%@729,5%@729,63%@1344,0%@1344] GR3D_FREQ 98% cpu@62.218C soc2@61.281C soc0@61.968C gpu@63.812C tj@63.812C soc1@61.125C VDD_IN 17526mW/16751mW VDD_CPU_GPU_CV 8563mW/7812mW VDD_SOC 3923mW/3883mW
08-11-2026 21:53:14 RAM 6289/7607MB (lfb 2x4MB) SWAP 1424/16384MB (cached 139MB) CPU [1%@729,5%@729,2%@729,2%@729,42%@1344,18%@1344] GR3D_FREQ 98% cpu@62.593C soc2@61.343C soc0@61.906C gpu@63.812C tj@63.812C soc1@61.187C VDD_IN 17368mW/16755mW VDD_CPU_GPU_CV 8368mW/7815mW VDD_SOC 3923mW/3883mW
08-11-2026 21:53:15 RAM 6289/7607MB (lfb 2x4MB) SWAP 1424/16384MB (cached 139MB) CPU [4%@729,2%@729,4%@729,6%@729,0%@1344,58%@1344] GR3D_FREQ 98% cpu@62.187C soc2@61.468C soc0@62.125C gpu@63.531C tj@63.531C soc1@61.218C VDD_IN 17290mW/16758mW VDD_CPU_GPU_CV 8172mW/7817mW VDD_SOC 3962mW/3884mW
08-11-2026 21:53:16 RAM 6290/7607MB (lfb 2x4MB) SWAP 1424/16384MB (cached 139MB) CPU [2%@729,2%@729,5%@729,3%@729,0%@1344,59%@1344] GR3D_FREQ 98% cpu@62.406C soc2@61.375C soc0@62.156C gpu@63.562C tj@63.562C soc1@61.031C VDD_IN 17054mW/16760mW VDD_CPU_GPU_CV 7859mW/7818mW VDD_SOC 4040mW/3884mW
08-11-2026 21:53:17 RAM 6291/7607MB (lfb 2x4MB) SWAP 1424/16384MB (cached 139MB) CPU [5%@729,2%@729,2%@729,4%@729,0%@1344,59%@1344] GR3D_FREQ 98% cpu@62.281C soc2@61.281C soc0@62.062C gpu@63.406C tj@63.406C soc1@61.156C VDD_IN 16846mW/16760mW VDD_CPU_GPU_CV 7441mW/7816mW VDD_SOC 4126mW/3886mW
08-11-2026 21:53:18 RAM 6295/7607MB (lfb 2x4MB) SWAP 1424/16384MB (cached 139MB) CPU [5%@1113,3%@1113,6%@1113,14%@1113,0%@729,56%@729] GR3D_FREQ 96% cpu@62.593C soc2@61.437C soc0@62.093C gpu@63.156C tj@63.156C soc1@61.062C VDD_IN 16531mW/16759mW VDD_CPU_GPU_CV 7559mW/7814mW VDD_SOC 3968mW/3886mW
08-11-2026 21:53:19 RAM 6295/7607MB (lfb 2x4MB) SWAP 1424/16384MB (cached 139MB) CPU [5%@729,4%@729,1%@729,6%@729,0%@729,68%@729] GR3D_FREQ 99% cpu@62.218C soc2@61.343C soc0@62.125C gpu@63.375C tj@63.375C soc1@61.187C VDD_IN 17054mW/16760mW VDD_CPU_GPU_CV 8094mW/7816mW VDD_SOC 3929mW/3887mW
08-11-2026 21:53:20 RAM 6296/7607MB (lfb 2x4MB) SWAP 1424/16384MB (cached 139MB) CPU [2%@729,2%@729,5%@729,2%@729,0%@729,70%@729] GR3D_FREQ 98% cpu@62.093C soc2@61.437C soc0@62.156C gpu@63.718C tj@63.718C soc1@61.187C VDD_IN 17526mW/16765mW VDD_CPU_GPU_CV 8602mW/7820mW VDD_SOC 3883mW/3887mW
08-11-2026 21:53:21 RAM 6296/7607MB (lfb 2x4MB) SWAP 1424/16384MB (cached 139MB) CPU [2%@729,4%@729,2%@729,3%@729,0%@1344,58%@1344] GR3D_FREQ 98% cpu@62.25C soc2@61.437C soc0@62.25C gpu@63.875C tj@63.875C soc1@61.156C VDD_IN 17368mW/16768mW VDD_CPU_GPU_CV 8446mW/7824mW VDD_SOC 3923mW/3887mW
08-11-2026 21:53:22 RAM 6296/7607MB (lfb 2x4MB) SWAP 1424/16384MB (cached 139MB) CPU [3%@729,5%@729,2%@729,2%@729,0%@729,59%@729] GR3D_FREQ 98% cpu@62.156C soc2@61.406C soc0@62.062C gpu@63.812C tj@63.812C soc1@61.187C VDD_IN 17290mW/16771mW VDD_CPU_GPU_CV 8250mW/7826mW VDD_SOC 3962mW/3887mW
08-11-2026 21:53:23 RAM 6297/7607MB (lfb 2x4MB) SWAP 1424/16384MB (cached 139MB) CPU [3%@729,4%@729,2%@729,3%@729,0%@1344,58%@1344] GR3D_FREQ 98% cpu@62.343C soc2@61.281C soc0@62.125C gpu@63.906C tj@63.906C soc1@61.187C VDD_IN 17172mW/16773mW VDD_CPU_GPU_CV 8016mW/7827mW VDD_SOC 4001mW/3888mW
08-11-2026 21:53:24 RAM 6294/7607MB (lfb 4x4MB) SWAP 1424/16384MB (cached 139MB) CPU [27%@1344,16%@1344,7%@1344,7%@1344,0%@729,41%@729] GR3D_FREQ 98% cpu@62.437C soc2@61.437C soc0@62.125C gpu@63.875C tj@63.875C soc1@61.281C VDD_IN 17093mW/16775mW VDD_CPU_GPU_CV 7781mW/7827mW VDD_SOC 4040mW/3889mW
08-11-2026 21:53:25 RAM 6295/7607MB (lfb 4x4MB) SWAP 1424/16384MB (cached 139MB) CPU [60%@1344,5%@1344,2%@1344,1%@1344,0%@729,0%@729] GR3D_FREQ 98% cpu@62.218C soc2@61.468C soc0@62.187C gpu@63.343C tj@63.343C soc1@61.281C VDD_IN 16767mW/16775mW VDD_CPU_GPU_CV 7206mW/7823mW VDD_SOC 4165mW/3890mW
08-11-2026 21:53:26 RAM 6296/7607MB (lfb 4x4MB) SWAP 1424/16384MB (cached 139MB) CPU [60%@729,3%@729,2%@729,4%@729,0%@729,0%@729] GR3D_FREQ 99% cpu@62.031C soc2@61.5C soc0@62.156C gpu@63.281C tj@63.281C soc1@61.156C VDD_IN 16373mW/16773mW VDD_CPU_GPU_CV 7559mW/7822mW VDD_SOC 3851mW/3890mW
08-11-2026 21:53:27 RAM 6296/7607MB (lfb 4x4MB) SWAP 1424/16384MB (cached 139MB) CPU [70%@729,2%@729,1%@729,4%@729,0%@729,0%@729] GR3D_FREQ 98% cpu@62.281C soc2@61.25C soc0@62.187C gpu@63.375C tj@63.375C soc1@61.125C VDD_IN 17643mW/16778mW VDD_CPU_GPU_CV 8368mW/7825mW VDD_SOC 4080mW/3891mW
08-11-2026 21:53:28 RAM 6296/7607MB (lfb 4x4MB) SWAP 1424/16384MB (cached 139MB) CPU [12%@729,1%@729,1%@729,5%@729,59%@1344,0%@1344] GR3D_FREQ 98% cpu@62.281C soc2@61.343C soc0@62.125C gpu@63.781C tj@63.781C soc1@61.187C VDD_IN 17526mW/16782mW VDD_CPU_GPU_CV 8602mW/7829mW VDD_SOC 3883mW/3891mW
08-11-2026 21:53:29 RAM 6297/7607MB (lfb 4x4MB) SWAP 1424/16384MB (cached 139MB) CPU [4%@729,3%@729,3%@729,2%@729,59%@1344,0%@1344] GR3D_FREQ 98% cpu@62.531C soc2@61.468C soc0@62.093C gpu@63.718C tj@63.718C soc1@61.187C VDD_IN 17447mW/16785mW VDD_CPU_GPU_CV 8485mW/7833mW VDD_SOC 3923mW/3891mW
08-11-2026 21:53:30 RAM 6299/7607MB (lfb 2x4MB) SWAP 1424/16384MB (cached 139MB) CPU [12%@729,23%@729,6%@729,8%@729,59%@1344,2%@1344] GR3D_FREQ 98% cpu@62.187C soc2@61.531C soc0@62.218C gpu@63.812C tj@63.812C soc1@61.125C VDD_IN 17447mW/16789mW VDD_CPU_GPU_CV 8368mW/7836mW VDD_SOC 3962mW/3892mW
08-11-2026 21:53:31 RAM 6299/7607MB (lfb 2x4MB) SWAP 1424/16384MB (cached 139MB) CPU [3%@729,6%@729,3%@729,2%@729,58%@1344,0%@1344] GR3D_FREQ 98% cpu@62.187C soc2@61.468C soc0@62.281C gpu@63.781C tj@63.781C soc1@61C VDD_IN 17211mW/16791mW VDD_CPU_GPU_CV 8016mW/7837mW VDD_SOC 4001mW/3892mW
08-11-2026 21:53:32 RAM 6300/7607MB (lfb 2x4MB) SWAP 1424/16384MB (cached 139MB) CPU [3%@729,4%@729,2%@729,2%@729,58%@729,0%@729] GR3D_FREQ 98% cpu@62.406C soc2@61.343C soc0@62.125C gpu@63.343C tj@63.343C soc1@61.156C VDD_IN 16975mW/16792mW VDD_CPU_GPU_CV 7625mW/7836mW VDD_SOC 4086mW/3893mW
08-11-2026 21:53:33 RAM 6300/7607MB (lfb 2x4MB) SWAP 1424/16384MB (cached 139MB) CPU [4%@1113,2%@1113,2%@1113,5%@1113,57%@883,0%@883] GR3D_FREQ 99% cpu@62.343C soc2@61.5C soc0@62.218C gpu@62.906C tj@62.906C soc1@61.25C VDD_IN 16570mW/16791mW VDD_CPU_GPU_CV 7050mW/7831mW VDD_SOC 4126mW/3894mW
08-11-2026 21:53:34 RAM 6301/7607MB (lfb 2x4MB) SWAP 1424/16384MB (cached 139MB) CPU [4%@729,0%@729,1%@729,3%@729,64%@729,0%@729] GR3D_FREQ 99% cpu@62.312C soc2@61.406C soc0@62.281C gpu@63.062C tj@63.062C soc1@61.281C VDD_IN 16531mW/16790mW VDD_CPU_GPU_CV 7637mW/7830mW VDD_SOC 3890mW/3894mW
08-11-2026 21:53:35 RAM 6303/7607MB (lfb 2x4MB) SWAP 1424/16384MB (cached 139MB) CPU [24%@1344,3%@1344,8%@1344,20%@1344,53%@729,0%@729] GR3D_FREQ 99% cpu@62.281C soc2@61.593C soc0@62.281C gpu@63.781C tj@63.781C soc1@61.25C VDD_IN 17879mW/16795mW VDD_CPU_GPU_CV 8744mW/7835mW VDD_SOC 4040mW/3895mW
08-11-2026 21:53:36 RAM 6302/7607MB (lfb 2x4MB) SWAP 1424/16384MB (cached 139MB) CPU [1%@729,1%@729,0%@729,5%@729,64%@1344,1%@1344] GR3D_FREQ 98% cpu@62.25C soc2@61.468C soc0@62.281C gpu@63.625C tj@63.625C soc1@61.218C VDD_IN 17486mW/16799mW VDD_CPU_GPU_CV 8563mW/7839mW VDD_SOC 3923mW/3895mW
08-11-2026 21:53:37 RAM 6386/7607MB (lfb 1x4MB) SWAP 1425/16384MB (cached 139MB) CPU [18%@1344,27%@1344,10%@1344,25%@1344,12%@729,7%@729] GR3D_FREQ 0% cpu@61.968C soc2@60.781C soc0@61.875C gpu@61.468C tj@61.968C soc1@61.031C VDD_IN 8518mW/16756mW VDD_CPU_GPU_CV 2539mW/7811mW VDD_SOC 2305mW/3887mW
08-11-2026 21:53:38 RAM 6780/7607MB (lfb 1x4MB) SWAP 1430/16384MB (cached 136MB) CPU [83%@729,88%@729,81%@729,83%@729,87%@729,85%@729] GR3D_FREQ 67% cpu@61.281C soc2@60.406C soc0@61.593C gpu@61.156C tj@61.593C soc1@60.968C VDD_IN 7934mW/16710mW VDD_CPU_GPU_CV 2388mW/7783mW VDD_SOC 1791mW/3876mW
08-11-2026 21:53:39 RAM 6784/7607MB (lfb 3x4MB) SWAP 1430/16384MB (cached 136MB) CPU [16%@1344,6%@1344,7%@1344,33%@1344,67%@1344,0%@1344] GR3D_FREQ 98% cpu@61.75C soc2@61C soc0@61.687C gpu@63.218C tj@63.218C soc1@60.75C VDD_IN 16570mW/16709mW VDD_CPU_GPU_CV 8264mW/7786mW VDD_SOC 3418mW/3874mW
08-11-2026 21:53:40 RAM 6785/7607MB (lfb 3x4MB) SWAP 1430/16384MB (cached 137MB) CPU [11%@729,25%@729,3%@729,49%@729,59%@1344,2%@1344] GR3D_FREQ 98% cpu@61.875C soc2@61.125C soc0@61.875C gpu@63.437C tj@63.187C soc1@60.875C VDD_IN 17722mW/16715mW VDD_CPU_GPU_CV 8759mW/7791mW VDD_SOC 3883mW/3874mW
08-11-2026 21:53:41 RAM 6789/7607MB (lfb 3x4MB) SWAP 1430/16384MB (cached 136MB) CPU [9%@729,3%@729,11%@729,5%@729,61%@1113,12%@1113] GR3D_FREQ 98% cpu@61.968C soc2@61.125C soc0@61.687C gpu@63.343C tj@63.343C soc1@60.906C VDD_IN 17408mW/16718mW VDD_CPU_GPU_CV 8407mW/7794mW VDD_SOC 3962mW/3874mW
08-11-2026 21:53:42 RAM 6789/7607MB (lfb 3x4MB) SWAP 1430/16384MB (cached 136MB) CPU [3%@729,2%@729,2%@729,3%@729,57%@729,0%@729] GR3D_FREQ 98% cpu@62.125C soc2@61.093C soc0@61.875C gpu@63.281C tj@63.281C soc1@60.968C VDD_IN 17172mW/16720mW VDD_CPU_GPU_CV 8016mW/7795mW VDD_SOC 4001mW/3875mW
08-11-2026 21:53:43 RAM 6787/7607MB (lfb 3x4MB) SWAP 1430/16384MB (cached 136MB) CPU [2%@729,3%@729,1%@729,6%@729,59%@1344,2%@1344] GR3D_FREQ 97% cpu@61.906C soc2@61.218C soc0@61.968C gpu@63.218C tj@63.218C soc1@61.093C VDD_IN 16897mW/16721mW VDD_CPU_GPU_CV 7598mW/7794mW VDD_SOC 4086mW/3876mW
08-11-2026 21:53:44 RAM 6788/7607MB (lfb 3x4MB) SWAP 1430/16384MB (cached 136MB) CPU [6%@729,2%@729,1%@729,1%@729,58%@1267,0%@1267] GR3D_FREQ 99% cpu@62.187C soc2@61.218C soc0@62C gpu@63.218C tj@63.218C soc1@60.968C VDD_IN 16609mW/16721mW VDD_CPU_GPU_CV 7050mW/7790mW VDD_SOC 4165mW/3877mW
08-11-2026 21:53:45 RAM 6789/7607MB (lfb 3x4MB) SWAP 1430/16384MB (cached 136MB) CPU [2%@1344,6%@1344,7%@1344,12%@1344,62%@729,1%@729] GR3D_FREQ 68% cpu@62.125C soc2@61.125C soc0@61.968C gpu@63.343C tj@63.343C soc1@61C VDD_IN 16531mW/16720mW VDD_CPU_GPU_CV 7716mW/7790mW VDD_SOC 3890mW/3878mW
08-11-2026 21:53:46 RAM 6793/7607MB (lfb 3x4MB) SWAP 1429/16384MB (cached 136MB) CPU [26%@1344,4%@1344,8%@1344,72%@1344,70%@729,2%@729] GR3D_FREQ 98% cpu@62.375C soc2@61.375C soc0@61.937C gpu@63.968C tj@63.968C soc1@61C VDD_IN 18242mW/16727mW VDD_CPU_GPU_CV 9018mW/7796mW VDD_SOC 4034mW/3878mW
08-11-2026 21:53:47 RAM 6793/7607MB (lfb 3x4MB) SWAP 1429/16384MB (cached 136MB) CPU [6%@729,2%@729,2%@729,1%@729,66%@1344,0%@1344] GR3D_FREQ 98% cpu@62.25C soc2@61.312C soc0@61.968C gpu@63.812C tj@63.812C soc1@61.062C VDD_IN 17526mW/16731mW VDD_CPU_GPU_CV 8602mW/7800mW VDD_SOC 3923mW/3879mW
08-11-2026 21:53:48 RAM 6793/7607MB (lfb 3x4MB) SWAP 1429/16384MB (cached 136MB) CPU [5%@729,3%@729,1%@729,5%@729,58%@1344,0%@1344] GR3D_FREQ 98% cpu@62.031C soc2@61.406C soc0@62C gpu@63.812C tj@63.812C soc1@61.125C VDD_IN 17447mW/16735mW VDD_CPU_GPU_CV 8407mW/7803mW VDD_SOC 3923mW/3879mW
08-11-2026 21:53:49 RAM 6793/7607MB (lfb 3x4MB) SWAP 1429/16384MB (cached 136MB) CPU [2%@729,2%@729,2%@729,5%@729,59%@1344,0%@1344] GR3D_FREQ 98% cpu@62.125C soc2@61.312C soc0@62.062C gpu@63.937C tj@63.937C soc1@60.968C VDD_IN 17290mW/16738mW VDD_CPU_GPU_CV 8211mW/7805mW VDD_SOC 3962mW/3879mW
08-11-2026 21:53:50 RAM 6793/7607MB (lfb 3x4MB) SWAP 1429/16384MB (cached 136MB) CPU [1%@729,1%@729,3%@729,4%@729,60%@1344,0%@1344] GR3D_FREQ 98% cpu@62.156C soc2@61.281C soc0@62.093C gpu@63.343C tj@63.343C soc1@61.125C VDD_IN 17093mW/16739mW VDD_CPU_GPU_CV 7977mW/7806mW VDD_SOC 4008mW/3880mW
08-11-2026 21:53:51 RAM 6794/7607MB (lfb 3x4MB) SWAP 1429/16384MB (cached 136MB) CPU [26%@1344,2%@1344,5%@1344,6%@1344,59%@1344,0%@1344] GR3D_FREQ 98% cpu@62.281C soc2@61.437C soc0@62.031C gpu@63.375C tj@63.531C soc1@61.062C VDD_IN 17172mW/16741mW VDD_CPU_GPU_CV 7820mW/7806mW VDD_SOC 4080mW/3881mW
08-11-2026 21:53:52 RAM 6797/7607MB (lfb 3x4MB) SWAP 1429/16384MB (cached 136MB) CPU [50%@729,9%@729,23%@729,14%@729,56%@729,4%@729] GR3D_FREQ 99% cpu@62.5C soc2@61.343C soc0@62.062C gpu@63C tj@63C soc1@61.156C VDD_IN 16767mW/16742mW VDD_CPU_GPU_CV 7520mW/7805mW VDD_SOC 4047mW/3882mW
08-11-2026 21:53:53 RAM 6797/7607MB (lfb 3x4MB) SWAP 1429/16384MB (cached 136MB) CPU [1%@729,2%@729,2%@729,6%@729,65%@729,2%@729] GR3D_FREQ 99% cpu@62C soc2@61.281C soc0@62.125C gpu@63.281C tj@63.281C soc1@61.218C VDD_IN 16767mW/16742mW VDD_CPU_GPU_CV 7872mW/7805mW VDD_SOC 3890mW/3882mW
08-11-2026 21:53:54 RAM 6797/7607MB (lfb 3x4MB) SWAP 1429/16384MB (cached 136MB) CPU [3%@729,2%@729,1%@729,4%@729,70%@729,0%@729] GR3D_FREQ 98% cpu@62.218C soc2@61.375C soc0@62.125C gpu@63.718C tj@63.718C soc1@61.031C VDD_IN 17526mW/16745mW VDD_CPU_GPU_CV 8602mW/7809mW VDD_SOC 3923mW/3882mW
08-11-2026 21:53:55 RAM 6797/7607MB (lfb 3x4MB) SWAP 1429/16384MB (cached 136MB) CPU [3%@729,1%@729,2%@729,5%@729,61%@1344,0%@1344] GR3D_FREQ 93% cpu@62.187C soc2@61.343C soc0@62.031C gpu@63.781C tj@63.781C soc1@61.031C VDD_IN 17408mW/16749mW VDD_CPU_GPU_CV 8485mW/7812mW VDD_SOC 3923mW/3882mW
08-11-2026 21:53:56 RAM 6797/7607MB (lfb 3x4MB) SWAP 1429/16384MB (cached 136MB) CPU [2%@729,1%@729,2%@729,4%@729,59%@1344,0%@1344] GR3D_FREQ 98% cpu@62.468C soc2@61.343C soc0@62.062C gpu@63.75C tj@63.75C soc1@61.156C VDD_IN 17368mW/16752mW VDD_CPU_GPU_CV 8329mW/7814mW VDD_SOC 3923mW/3882mW
08-11-2026 21:53:57 RAM 6798/7607MB (lfb 3x4MB) SWAP 1429/16384MB (cached 136MB) CPU [5%@1344,13%@1344,36%@1344,10%@1344,59%@1344,0%@1344] GR3D_FREQ 98% cpu@62.906C soc2@61.468C soc0@62.125C gpu@63.437C tj@63.437C soc1@61.218C VDD_IN 17722mW/16756mW VDD_CPU_GPU_CV 8524mW/7818mW VDD_SOC 3962mW/3883mW
08-11-2026 21:53:58 RAM 6800/7607MB (lfb 3x4MB) SWAP 1428/16384MB (cached 136MB) CPU [25%@1344,12%@1344,35%@1344,21%@1344,41%@729,0%@729] GR3D_FREQ 98% cpu@62.406C soc2@61.468C soc0@62.125C gpu@63.531C tj@63.531C soc1@61.281C VDD_IN 17211mW/16758mW VDD_CPU_GPU_CV 7977mW/7818mW VDD_SOC 4040mW/3883mW
08-11-2026 21:53:59 RAM 6800/7607MB (lfb 3x4MB) SWAP 1428/16384MB (cached 136MB) CPU [3%@1344,8%@1344,0%@1344,58%@1344,0%@729,0%@729] GR3D_FREQ 98% cpu@62.187C soc2@61.375C soc0@62.218C gpu@63.406C tj@63.406C soc1@61.093C VDD_IN 16767mW/16758mW VDD_CPU_GPU_CV 7324mW/7816mW VDD_SOC 4126mW/3884mW
08-11-2026 21:54:00 RAM 6800/7607MB (lfb 3x4MB) SWAP 1428/16384MB (cached 136MB) CPU [6%@729,2%@729,1%@729,57%@729,0%@729,0%@729] GR3D_FREQ 99% cpu@62.187C soc2@61.343C soc0@62.125C gpu@63.343C tj@63.343C soc1@61.125C VDD_IN 16334mW/16756mW VDD_CPU_GPU_CV 7559mW/7815mW VDD_SOC 3851mW/3884mW
08-11-2026 21:54:01 RAM 6800/7607MB (lfb 3x4MB) SWAP 1428/16384MB (cached 136MB) CPU [7%@729,3%@729,2%@729,69%@729,0%@729,3%@729] GR3D_FREQ 99% cpu@62.375C soc2@61.343C soc0@62.093C gpu@63.687C tj@63.687C soc1@61.125C VDD_IN 17447mW/16760mW VDD_CPU_GPU_CV 8329mW/7817mW VDD_SOC 4001mW/3885mW
08-11-2026 21:54:02 RAM 6800/7607MB (lfb 3x4MB) SWAP 1428/16384MB (cached 136MB) CPU [3%@1344,1%@1344,2%@1344,70%@1344,0%@729,0%@729] GR3D_FREQ 98% cpu@62.718C soc2@61.468C soc0@62.093C gpu@63.75C tj@63.75C soc1@61.156C VDD_IN 17526mW/16763mW VDD_CPU_GPU_CV 8641mW/7821mW VDD_SOC 3883mW/3885mW
08-11-2026 21:54:04 RAM 6802/7607MB (lfb 3x4MB) SWAP 1428/16384MB (cached 136MB) CPU [11%@1344,24%@1344,7%@1344,50%@1344,14%@1344,39%@1344] GR3D_FREQ 98% cpu@62.406C soc2@61.468C soc0@62.187C gpu@63.687C tj@63.687C soc1@61.218C VDD_IN 18036mW/16769mW VDD_CPU_GPU_CV 8940mW/7826mW VDD_SOC 3923mW/3885mW
08-11-2026 21:54:05 RAM 6802/7607MB (lfb 3x4MB) SWAP 1428/16384MB (cached 136MB) CPU [21%@729,5%@729,4%@729,24%@729,0%@1036,58%@1036] GR3D_FREQ 98% cpu@62.375C soc2@61.531C soc0@62.156C gpu@63.656C tj@63.906C soc1@61.281C VDD_IN 17526mW/16772mW VDD_CPU_GPU_CV 8446mW/7829mW VDD_SOC 3962mW/3885mW
08-11-2026 21:54:06 RAM 6802/7607MB (lfb 3x4MB) SWAP 1428/16384MB (cached 136MB) CPU [2%@729,5%@729,2%@729,0%@729,47%@960,13%@960] GR3D_FREQ 98% cpu@62.281C soc2@61.406C soc0@62.125C gpu@63.843C tj@63.843C soc1@61.187C VDD_IN 17172mW/16774mW VDD_CPU_GPU_CV 8016mW/7830mW VDD_SOC 4001mW/3886mW
08-11-2026 21:54:07 RAM 6802/7607MB (lfb 3x4MB) SWAP 1428/16384MB (cached 136MB) CPU [3%@729,3%@729,2%@729,2%@729,58%@729,0%@729] GR3D_FREQ 98% cpu@62.25C soc2@61.375C soc0@62.125C gpu@63.781C tj@63.781C soc1@61.218C VDD_IN 16924mW/16775mW VDD_CPU_GPU_CV 7586mW/7829mW VDD_SOC 4047mW/3887mW
08-11-2026 21:54:08 RAM 6802/7607MB (lfb 3x4MB) SWAP 1428/16384MB (cached 136MB) CPU [1%@729,6%@729,1%@729,1%@729,60%@1113,0%@1113] GR3D_FREQ 99% cpu@62.593C soc2@61.437C soc0@62.125C gpu@63.218C tj@63.218C soc1@61.25C VDD_IN 16531mW/16774mW VDD_CPU_GPU_CV 6971mW/7825mW VDD_SOC 4165mW/3888mW
08-11-2026 21:54:09 RAM 6802/7607MB (lfb 3x4MB) SWAP 1428/16384MB (cached 136MB) CPU [2%@729,2%@729,3%@729,5%@729,62%@729,1%@729] GR3D_FREQ 58% cpu@62.031C soc2@61.437C soc0@62.187C gpu@63.437C tj@63.437C soc1@61.125C VDD_IN 16373mW/16772mW VDD_CPU_GPU_CV 7598mW/7824mW VDD_SOC 3851mW/3888mW
08-11-2026 21:54:10 RAM 6789/7607MB (lfb 3x4MB) SWAP 1428/16384MB (cached 136MB) CPU [10%@1344,11%@1344,11%@1344,70%@1344,70%@1113,3%@1113] GR3D_FREQ 99% cpu@62.562C soc2@61.625C soc0@62.25C gpu@63.812C tj@63.812C soc1@61.187C VDD_IN 18242mW/16779mW VDD_CPU_GPU_CV 9096mW/7830mW VDD_SOC 4034mW/3888mW
08-11-2026 21:54:11 RAM 6790/7607MB (lfb 3x4MB) SWAP 1428/16384MB (cached 136MB) CPU [6%@729,9%@729,19%@729,10%@729,63%@1344,0%@1344] GR3D_FREQ 98% cpu@62.375C soc2@61.468C soc0@62.125C gpu@63.812C tj@63.812C soc1@61.156C VDD_IN 17604mW/16782mW VDD_CPU_GPU_CV 8641mW/7833mW VDD_SOC 3923mW/3888mW
08-11-2026 21:54:12 RAM 6791/7607MB (lfb 3x4MB) SWAP 1428/16384MB (cached 136MB) CPU [4%@729,3%@729,2%@729,0%@729,26%@1344,31%@1344] GR3D_FREQ 98% cpu@62.687C soc2@61.468C soc0@62.125C gpu@63.718C tj@63.718C soc1@61.25C VDD_IN 17408mW/16785mW VDD_CPU_GPU_CV 8407mW/7836mW VDD_SOC 3923mW/3889mW
08-11-2026 21:54:13 RAM 6791/7607MB (lfb 3x4MB) SWAP 1428/16384MB (cached 136MB) CPU [2%@729,5%@729,2%@729,1%@729,0%@1344,59%@1344] GR3D_FREQ 98% cpu@62.531C soc2@61.468C soc0@62.125C gpu@63.781C tj@63.781C soc1@61.281C VDD_IN 17290mW/16787mW VDD_CPU_GPU_CV 8211mW/7837mW VDD_SOC 3962mW/3889mW
08-11-2026 21:54:14 RAM 6791/7607MB (lfb 3x4MB) SWAP 1428/16384MB (cached 136MB) CPU [3%@729,6%@729,2%@729,2%@729,0%@1344,60%@1344] GR3D_FREQ 98% cpu@62.312C soc2@61.5C soc0@62.218C gpu@63.718C tj@63.718C soc1@61.156C VDD_IN 17133mW/16789mW VDD_CPU_GPU_CV 7899mW/7838mW VDD_SOC 4001mW/3889mW
08-11-2026 21:54:15 RAM 6795/7607MB (lfb 3x4MB) SWAP 1428/16384MB (cached 136MB) CPU [13%@729,9%@729,3%@729,14%@729,0%@1344,60%@1344] GR3D_FREQ 98% cpu@62.437C soc2@61.593C soc0@62.218C gpu@63.718C tj@63.718C soc1@61.187C VDD_IN 17054mW/16790mW VDD_CPU_GPU_CV 7664mW/7837mW VDD_SOC 4119mW/3890mW
08-11-2026 21:54:16 RAM 6798/7607MB (lfb 3x4MB) SWAP 1428/16384MB (cached 136MB) CPU [8%@1344,5%@1344,6%@1344,66%@1344,0%@729,55%@729] GR3D_FREQ 97% cpu@62.906C soc2@61.562C soc0@62.25C gpu@63.25C tj@63.062C soc1@61.218C VDD_IN 17015mW/16791mW VDD_CPU_GPU_CV 7781mW/7837mW VDD_SOC 4047mW/3891mW
08-11-2026 21:54:17 RAM 6798/7607MB (lfb 3x4MB) SWAP 1428/16384MB (cached 136MB) CPU [4%@729,5%@729,16%@729,6%@729,0%@729,66%@729] GR3D_FREQ 99% cpu@62.468C soc2@61.468C soc0@62.25C gpu@63.437C tj@63.437C soc1@61.312C VDD_IN 16885mW/16791mW VDD_CPU_GPU_CV 7938mW/7837mW VDD_SOC 3929mW/3891mW
08-11-2026 21:54:18 RAM 6798/7607MB (lfb 3x4MB) SWAP 1428/16384MB (cached 136MB) CPU [3%@729,5%@729,2%@729,2%@729,0%@729,70%@729] GR3D_FREQ 99% cpu@62.593C soc2@61.5C soc0@62.25C gpu@63.968C tj@63.968C soc1@61.343C VDD_IN 17643mW/16795mW VDD_CPU_GPU_CV 8666mW/7841mW VDD_SOC 3923mW/3891mW
08-11-2026 21:54:19 RAM 6798/7607MB (lfb 3x4MB) SWAP 1428/16384MB (cached 136MB) CPU [16%@1344,19%@1344,12%@1344,16%@1344,14%@1344,66%@1344] GR3D_FREQ 98% cpu@62.937C soc2@61.687C soc0@62.281C gpu@63.781C tj@63.875C soc1@61.312C VDD_IN 18076mW/16800mW VDD_CPU_GPU_CV 8979mW/7846mW VDD_SOC 3955mW/3892mW
08-11-2026 21:54:20 RAM 6783/7607MB (lfb 3x4MB) SWAP 1408/16384MB (cached 121MB) CPU [11%@729,8%@729,9%@729,12%@729,5%@1344,58%@1344] GR3D_FREQ 98% cpu@62.437C soc2@61.531C soc0@62.187C gpu@63.968C tj@63.968C soc1@61.343C VDD_IN 17486mW/16803mW VDD_CPU_GPU_CV 8446mW/7848mW VDD_SOC 3962mW/3892mW
08-11-2026 21:54:21 RAM 6783/7607MB (lfb 3x4MB) SWAP 1407/16384MB (cached 121MB) CPU [6%@729,8%@729,7%@729,20%@729,40%@1344,21%@1344] GR3D_FREQ 98% cpu@62.468C soc2@61.562C soc0@62.281C gpu@63.937C tj@63.937C soc1@61.343C VDD_IN 17329mW/16806mW VDD_CPU_GPU_CV 8211mW/7850mW VDD_SOC 3962mW/3892mW
08-11-2026 21:54:22 RAM 6782/7607MB (lfb 3x4MB) SWAP 1407/16384MB (cached 121MB) CPU [70%@1344,6%@1344,16%@1344,9%@1344,37%@1344,27%@1344] GR3D_FREQ 98% cpu@62.906C soc2@61.687C soc0@62.343C gpu@63.906C tj@63.906C soc1@61.343C VDD_IN 17604mW/16809mW VDD_CPU_GPU_CV 8290mW/7852mW VDD_SOC 4040mW/3893mW
08-11-2026 21:54:23 RAM 6782/7607MB (lfb 3x4MB) SWAP 1407/16384MB (cached 121MB) CPU [8%@729,4%@729,4%@729,4%@729,0%@1344,59%@1344] GR3D_FREQ 98% cpu@62.468C soc2@61.625C soc0@62.343C gpu@63.781C tj@63.781C soc1@61.312C VDD_IN 16857mW/16809mW VDD_CPU_GPU_CV 7441mW/7850mW VDD_SOC 4126mW/3894mW
08-11-2026 21:54:24 RAM 6783/7607MB (lfb 3x4MB) SWAP 1407/16384MB (cached 121MB) CPU [2%@729,4%@729,2%@729,2%@729,0%@729,55%@729] GR3D_FREQ 99% cpu@62.406C soc2@61.625C soc0@62.406C gpu@63.781C tj@63.781C soc1@61.343C VDD_IN 16373mW/16807mW VDD_CPU_GPU_CV 7520mW/7848mW VDD_SOC 3929mW/3894mW
08-11-2026 21:54:25 RAM 6783/7607MB (lfb 3x4MB) SWAP 1407/16384MB (cached 121MB) CPU [4%@729,4%@729,3%@729,2%@729,0%@729,70%@729] GR3D_FREQ 99% cpu@62.218C soc2@61.562C soc0@62.281C gpu@63.718C tj@63.718C soc1@61.343C VDD_IN 17211mW/16809mW VDD_CPU_GPU_CV 8172mW/7850mW VDD_SOC 3962mW/3894mW
08-11-2026 21:54:26 RAM 6784/7607MB (lfb 3x4MB) SWAP 1407/16384MB (cached 121MB) CPU [10%@729,4%@729,2%@729,19%@729,0%@960,69%@960] GR3D_FREQ 98% cpu@62.687C soc2@61.656C soc0@62.343C gpu@63.875C tj@63.875C soc1@61.406C VDD_IN 17761mW/16813mW VDD_CPU_GPU_CV 8823mW/7854mW VDD_SOC 3923mW/3894mW
08-11-2026 21:54:27 RAM 6784/7607MB (lfb 3x4MB) SWAP 1407/16384MB (cached 121MB) CPU [5%@729,2%@729,1%@729,5%@729,0%@729,58%@729] GR3D_FREQ 97% cpu@62.625C soc2@61.656C soc0@62.281C gpu@63.843C tj@63.843C soc1@61.437C VDD_IN 17447mW/16816mW VDD_CPU_GPU_CV 8485mW/7856mW VDD_SOC 3923mW/3895mW
08-11-2026 21:54:28 RAM 6785/7607MB (lfb 3x4MB) SWAP 1407/16384MB (cached 121MB) CPU [7%@729,68%@729,22%@729,6%@729,0%@729,59%@729] GR3D_FREQ 98% cpu@62.5C soc2@61.781C soc0@62.437C gpu@63.937C tj@63.937C soc1@61.343C VDD_IN 17722mW/16819mW VDD_CPU_GPU_CV 8641mW/7860mW VDD_SOC 3962mW/3895mW
08-11-2026 21:54:29 RAM 6786/7607MB (lfb 3x4MB) SWAP 1407/16384MB (cached 121MB) CPU [5%@729,3%@729,2%@729,3%@729,0%@1344,60%@1344] GR3D_FREQ 92% cpu@62.593C soc2@61.656C soc0@62.312C gpu@64.187C tj@64.187C soc1@61.406C VDD_IN 17211mW/16821mW VDD_CPU_GPU_CV 8055mW/7861mW VDD_SOC 4001mW/3895mW
08-11-2026 21:54:30 RAM 6786/7607MB (lfb 3x4MB) SWAP 1407/16384MB (cached 121MB) CPU [6%@729,1%@729,1%@729,3%@729,0%@1344,59%@1344] GR3D_FREQ 93% cpu@62.656C soc2@61.625C soc0@62.406C gpu@63.968C tj@63.968C soc1@61.437C VDD_IN 16975mW/16822mW VDD_CPU_GPU_CV 7664mW/7860mW VDD_SOC 4086mW/3896mW
08-11-2026 21:54:31 RAM 6787/7607MB (lfb 3x4MB) SWAP 1407/16384MB (cached 121MB) CPU [7%@729,2%@729,1%@729,3%@729,0%@1344,60%@1344] GR3D_FREQ 98% cpu@62.625C soc2@61.625C soc0@62.406C gpu@63.843C tj@63.843C soc1@61.468C VDD_IN 16728mW/16821mW VDD_CPU_GPU_CV 7206mW/7857mW VDD_SOC 4165mW/3897mW
08-11-2026 21:54:32 RAM 6787/7607MB (lfb 3x4MB) SWAP 1407/16384MB (cached 121MB) CPU [11%@729,4%@729,18%@729,8%@729,1%@729,59%@729] GR3D_FREQ 87% cpu@62.406C soc2@61.656C soc0@62.406C gpu@63.906C tj@63.906C soc1@61.375C VDD_IN 16452mW/16820mW VDD_CPU_GPU_CV 7637mW/7856mW VDD_SOC 3851mW/3897mW
08-11-2026 21:54:33 RAM 6788/7607MB (lfb 3x4MB) SWAP 1407/16384MB (cached 121MB) CPU [6%@1344,3%@1344,13%@1344,9%@1344,0%@729,69%@729] GR3D_FREQ 99% cpu@62.843C soc2@61.906C soc0@62.562C gpu@63.968C tj@63.968C soc1@61.343C VDD_IN 17918mW/16824mW VDD_CPU_GPU_CV 8627mW/7859mW VDD_SOC 4080mW/3898mW
08-11-2026 21:54:34 RAM 6788/7607MB (lfb 3x4MB) SWAP 1407/16384MB (cached 121MB) CPU [8%@729,20%@729,57%@729,4%@729,0%@1344,66%@1344] GR3D_FREQ 98% cpu@62.687C soc2@61.718C soc0@62.375C gpu@64.062C tj@64.062C soc1@61.468C VDD_IN 17879mW/16828mW VDD_CPU_GPU_CV 8901mW/7863mW VDD_SOC 3923mW/3898mW
08-11-2026 21:54:35 RAM 6789/7607MB (lfb 3x4MB) SWAP 1407/16384MB (cached 121MB) CPU [4%@729,0%@729,2%@729,5%@729,0%@1344,58%@1344] GR3D_FREQ 98% cpu@62.781C soc2@61.75C soc0@62.468C gpu@64.031C tj@64.031C soc1@61.406C VDD_IN 17526mW/16831mW VDD_CPU_GPU_CV 8485mW/7866mW VDD_SOC 3923mW/3898mW
08-11-2026 21:54:36 RAM 6789/7607MB (lfb 3x4MB) SWAP 1407/16384MB (cached 121MB) CPU [4%@729,3%@729,2%@729,5%@729,0%@1344,60%@1344] GR3D_FREQ 98% cpu@62.468C soc2@61.687C soc0@62.5C gpu@64C tj@64C soc1@61.531C VDD_IN 17408mW/16834mW VDD_CPU_GPU_CV 8290mW/7868mW VDD_SOC 3962mW/3898mW
08-11-2026 21:54:37 RAM 6790/7607MB (lfb 3x4MB) SWAP 1407/16384MB (cached 121MB) CPU [5%@1344,2%@1344,5%@1344,7%@1344,0%@1344,59%@1344] GR3D_FREQ 98% cpu@62.625C soc2@61.718C soc0@62.5C gpu@64.062C tj@64.062C soc1@61.437C VDD_IN 17329mW/16836mW VDD_CPU_GPU_CV 8133mW/7869mW VDD_SOC 4001mW/3899mW
08-11-2026 21:54:38 RAM 6789/7607MB (lfb 3x4MB) SWAP 1407/16384MB (cached 121MB) CPU [13%@729,5%@729,4%@729,4%@729,0%@729,59%@729] GR3D_FREQ 98% cpu@62.593C soc2@61.718C soc0@62.562C gpu@64.031C tj@64.031C soc1@61.437C VDD_IN 17015mW/16836mW VDD_CPU_GPU_CV 7625mW/7868mW VDD_SOC 4080mW/3899mW
08-11-2026 21:54:39 RAM 6790/7607MB (lfb 3x4MB) SWAP 1407/16384MB (cached 121MB) CPU [4%@729,6%@729,2%@729,7%@729,21%@1344,56%@1344] GR3D_FREQ 99% cpu@63.125C soc2@61.75C soc0@62.375C gpu@63.718C tj@63.718C soc1@61.437C VDD_IN 16857mW/16836mW VDD_CPU_GPU_CV 7429mW/7866mW VDD_SOC 4165mW/3900mW
08-11-2026 21:54:40 RAM 6791/7607MB (lfb 3x4MB) SWAP 1407/16384MB (cached 121MB) CPU [20%@729,2%@729,6%@729,24%@729,26%@729,64%@729] GR3D_FREQ 99% cpu@62.75C soc2@61.625C soc0@62.437C gpu@63.5C tj@63.5C soc1@61.5C VDD_IN 16924mW/16837mW VDD_CPU_GPU_CV 7938mW/7866mW VDD_SOC 3890mW/3900mW
08-11-2026 21:54:41 RAM 6791/7607MB (lfb 3x4MB) SWAP 1407/16384MB (cached 121MB) CPU [7%@1113,3%@1113,1%@1113,2%@1113,0%@1344,69%@1344] GR3D_FREQ 99% cpu@62.562C soc2@61.781C soc0@62.468C gpu@64.187C tj@64.187C soc1@61.593C VDD_IN 17801mW/16840mW VDD_CPU_GPU_CV 8744mW/7870mW VDD_SOC 4001mW/3901mW
08-11-2026 21:54:42 RAM 6792/7607MB (lfb 3x4MB) SWAP 1407/16384MB (cached 121MB) CPU [3%@729,2%@729,2%@729,3%@729,0%@1344,64%@1344] GR3D_FREQ 98% cpu@62.656C soc2@61.812C soc0@62.468C gpu@64.156C tj@64.156C soc1@61.5C VDD_IN 17526mW/16843mW VDD_CPU_GPU_CV 8510mW/7872mW VDD_SOC 3923mW/3901mW
08-11-2026 21:54:43 RAM 6793/7607MB (lfb 3x4MB) SWAP 1407/16384MB (cached 121MB) CPU [11%@729,22%@729,8%@729,4%@729,3%@1344,59%@1344] GR3D_FREQ 98% cpu@62.718C soc2@61.812C soc0@62.437C gpu@64.156C tj@64.156C soc1@61.5C VDD_IN 17604mW/16846mW VDD_CPU_GPU_CV 8524mW/7875mW VDD_SOC 3962mW/3901mW
08-11-2026 21:54:44 RAM 6793/7607MB (lfb 3x4MB) SWAP 1407/16384MB (cached 121MB) CPU [6%@729,1%@729,1%@729,3%@729,0%@1344,59%@1344] GR3D_FREQ 98% cpu@62.968C soc2@61.687C soc0@62.468C gpu@63.968C tj@63.968C soc1@61.531C VDD_IN 17329mW/16848mW VDD_CPU_GPU_CV 8211mW/7876mW VDD_SOC 4001mW/3901mW
08-11-2026 21:54:45 RAM 6796/7607MB (lfb 3x4MB) SWAP 1407/16384MB (cached 121MB) CPU [8%@1344,6%@1344,3%@1344,39%@1344,0%@1344,59%@1344] GR3D_FREQ 98% cpu@62.906C soc2@61.781C soc0@62.562C gpu@63.843C tj@63.843C soc1@61.562C VDD_IN 17447mW/16850mW VDD_CPU_GPU_CV 8172mW/7877mW VDD_SOC 4040mW/3902mW
08-11-2026 21:54:46 RAM 6796/7607MB (lfb 3x4MB) SWAP 1407/16384MB (cached 121MB) CPU [24%@1344,6%@1344,2%@1344,30%@1344,0%@1344,59%@1344] GR3D_FREQ 98% cpu@62.937C soc2@61.625C soc0@62.531C gpu@63.75C tj@63.75C soc1@61.468C VDD_IN 16936mW/16851mW VDD_CPU_GPU_CV 7559mW/7876mW VDD_SOC 4086mW/3903mW
08-11-2026 21:54:47 RAM 6796/7607MB (lfb 3x4MB) SWAP 1407/16384MB (cached 121MB) CPU [6%@1344,0%@1344,0%@1344,2%@1344,0%@729,55%@729] GR3D_FREQ 98% cpu@62.906C soc2@61.718C soc0@62.437C gpu@63.593C tj@63.593C soc1@61.468C VDD_IN 16334mW/16849mW VDD_CPU_GPU_CV 7441mW/7874mW VDD_SOC 3929mW/3903mW
08-11-2026 21:54:48 RAM 6796/7607MB (lfb 3x4MB) SWAP 1407/16384MB (cached 121MB) CPU [3%@729,2%@729,2%@729,1%@729,0%@729,68%@729] GR3D_FREQ 99% cpu@62.656C soc2@61.75C soc0@62.437C gpu@63.75C tj@63.75C soc1@61.531C VDD_IN 17015mW/16849mW VDD_CPU_GPU_CV 8055mW/7875mW VDD_SOC 3929mW/3903mW
08-11-2026 21:54:49 RAM 6797/7607MB (lfb 3x4MB) SWAP 1407/16384MB (cached 121MB) CPU [13%@729,18%@729,8%@729,5%@729,1%@729,69%@729] GR3D_FREQ 98% cpu@62.75C soc2@61.812C soc0@62.593C gpu@64.031C tj@64.031C soc1@61.562C VDD_IN 17486mW/16852mW VDD_CPU_GPU_CV 8602mW/7878mW VDD_SOC 3883mW/3903mW
08-11-2026 21:54:50 RAM 6797/7607MB (lfb 3x4MB) SWAP 1407/16384MB (cached 121MB) CPU [5%@1190,2%@1190,1%@1190,6%@1190,0%@729,57%@729] GR3D_FREQ 97% cpu@62.656C soc2@61.718C soc0@62.593C gpu@63.968C tj@63.968C soc1@61.468C VDD_IN 17329mW/16853mW VDD_CPU_GPU_CV 8407mW/7880mW VDD_SOC 3883mW/3903mW
08-11-2026 21:54:51 RAM 6799/7607MB (lfb 3x4MB) SWAP 1407/16384MB (cached 121MB) CPU [4%@1344,8%@1344,2%@1344,51%@1344,0%@729,58%@729] GR3D_FREQ 98% cpu@63.062C soc2@61.812C soc0@62.375C gpu@63.812C tj@63.812C soc1@61.5C VDD_IN 17604mW/16856mW VDD_CPU_GPU_CV 8510mW/7882mW VDD_SOC 3962mW/3903mW
08-11-2026 21:54:52 RAM 6800/7607MB (lfb 3x4MB) SWAP 1407/16384MB (cached 121MB) CPU [4%@729,9%@729,20%@729,17%@729,0%@1344,58%@1344] GR3D_FREQ 90% cpu@62.906C soc2@61.781C soc0@62.343C gpu@63.812C tj@63.812C soc1@61.468C VDD_IN 17133mW/16857mW VDD_CPU_GPU_CV 8055mW/7883mW VDD_SOC 3962mW/3903mW
08-11-2026 21:54:53 RAM 6800/7607MB (lfb 3x4MB) SWAP 1407/16384MB (cached 121MB) CPU [4%@729,5%@729,1%@729,3%@729,22%@1344,36%@1344] GR3D_FREQ 93% cpu@62.718C soc2@61.718C soc0@62.468C gpu@63.781C tj@63.781C soc1@61.593C VDD_IN 16897mW/16857mW VDD_CPU_GPU_CV 7598mW/7882mW VDD_SOC 4047mW/3904mW
08-11-2026 21:54:54 RAM 6800/7607MB (lfb 3x4MB) SWAP 1407/16384MB (cached 121MB) CPU [5%@729,13%@729,11%@729,8%@729,61%@1344,0%@1344] GR3D_FREQ 98% cpu@63.062C soc2@61.812C soc0@62.593C gpu@63.656C tj@63.656C soc1@61.625C VDD_IN 16767mW/16857mW VDD_CPU_GPU_CV 7285mW/7880mW VDD_SOC 4126mW/3905mW
08-11-2026 21:54:55 RAM 6800/7607MB (lfb 3x4MB) SWAP 1407/16384MB (cached 121MB) CPU [2%@729,2%@729,0%@729,4%@729,59%@729,0%@729] GR3D_FREQ 97% cpu@62.468C soc2@61.75C soc0@62.562C gpu@63.718C tj@63.718C soc1@61.375C VDD_IN 16295mW/16855mW VDD_CPU_GPU_CV 7559mW/7878mW VDD_SOC 3851mW/3904mW
08-11-2026 21:54:56 RAM 6800/7607MB (lfb 3x4MB) SWAP 1407/16384MB (cached 121MB) CPU [6%@729,2%@729,1%@729,3%@729,69%@729,0%@729] GR3D_FREQ 98% cpu@62.687C soc2@61.687C soc0@62.468C gpu@63.812C tj@63.812C soc1@61.531C VDD_IN 17526mW/16858mW VDD_CPU_GPU_CV 8329mW/7880mW VDD_SOC 4040mW/3905mW
08-11-2026 21:54:57 RAM 6801/7607MB (lfb 3x4MB) SWAP 1407/16384MB (cached 121MB) CPU [3%@1344,3%@1344,6%@1344,64%@1344,68%@1344,0%@1344] GR3D_FREQ 98% cpu@63.093C soc2@61.75C soc0@62.468C gpu@64.281C tj@64.281C soc1@61.562C VDD_IN 17850mW/16861mW VDD_CPU_GPU_CV 8940mW/7884mW VDD_SOC 3883mW/3905mW
08-11-2026 21:54:58 RAM 6801/7607MB (lfb 3x4MB) SWAP 1407/16384MB (cached 121MB) CPU [22%@729,6%@729,5%@729,4%@729,60%@1344,0%@1344] GR3D_FREQ 98% cpu@62.656C soc2@61.781C soc0@62.562C gpu@64.312C tj@64.312C soc1@61.593C VDD_IN 17447mW/16863mW VDD_CPU_GPU_CV 8485mW/7886mW VDD_SOC 3923mW/3905mW
08-11-2026 21:54:59 RAM 6801/7607MB (lfb 3x4MB) SWAP 1407/16384MB (cached 121MB) CPU [2%@729,7%@729,1%@729,1%@729,34%@1344,25%@1344] GR3D_FREQ 98% cpu@62.937C soc2@61.781C soc0@62.468C gpu@64.343C tj@64.343C soc1@61.625C VDD_IN 17250mW/16865mW VDD_CPU_GPU_CV 8250mW/7887mW VDD_SOC 3962mW/3905mW
08-11-2026 21:55:00 RAM 6801/7607MB (lfb 3x4MB) SWAP 1407/16384MB (cached 121MB) CPU [14%@729,4%@729,13%@729,9%@729,0%@1113,60%@1113] GR3D_FREQ 98% cpu@62.593C soc2@61.781C soc0@62.625C gpu@64.312C tj@64.312C soc1@61.625C VDD_IN 17133mW/16866mW VDD_CPU_GPU_CV 8016mW/7888mW VDD_SOC 4001mW/3905mW
08-11-2026 21:55:01 RAM 6801/7607MB (lfb 3x4MB) SWAP 1407/16384MB (cached 121MB) CPU [1%@729,7%@729,1%@729,1%@729,0%@729,58%@729] GR3D_FREQ 98% cpu@62.687C soc2@61.75C soc0@62.406C gpu@64.25C tj@64.25C soc1@61.562C VDD_IN 16885mW/16866mW VDD_CPU_GPU_CV 7559mW/7887mW VDD_SOC 4047mW/3906mW
08-11-2026 21:55:02 RAM 6802/7607MB (lfb 3x4MB) SWAP 1407/16384MB (cached 121MB) CPU [3%@729,3%@729,1%@729,2%@729,0%@960,56%@960] GR3D_FREQ 99% cpu@63C soc2@61.656C soc0@62.468C gpu@63.718C tj@63.718C soc1@61.531C VDD_IN 16452mW/16864mW VDD_CPU_GPU_CV 7011mW/7884mW VDD_SOC 4126mW/3907mW
08-11-2026 21:55:03 RAM 6802/7607MB (lfb 3x4MB) SWAP 1407/16384MB (cached 121MB) CPU [9%@1344,4%@1344,10%@1344,66%@1344,0%@729,65%@729] GR3D_FREQ 99% cpu@62.937C soc2@61.781C soc0@62.531C gpu@63.562C tj@63.562C soc1@61.562C VDD_IN 16936mW/16865mW VDD_CPU_GPU_CV 8055mW/7884mW VDD_SOC 3890mW/3907mW
08-11-2026 21:55:04 RAM 6802/7607MB (lfb 3x4MB) SWAP 1407/16384MB (cached 121MB) CPU [4%@729,10%@729,11%@729,5%@729,0%@1344,71%@1344] GR3D_FREQ 99% cpu@62.75C soc2@61.968C soc0@62.531C gpu@64.281C tj@64.281C soc1@61.437C VDD_IN 17683mW/16868mW VDD_CPU_GPU_CV 8666mW/7887mW VDD_SOC 3962mW/3907mW
08-11-2026 21:55:05 RAM 6803/7607MB (lfb 3x4MB) SWAP 1407/16384MB (cached 121MB) CPU [11%@729,10%@729,6%@729,7%@729,5%@1344,63%@1344] GR3D_FREQ 98% cpu@62.656C soc2@61.843C soc0@62.625C gpu@64.156C tj@64.156C soc1@61.5C VDD_IN 17565mW/16870mW VDD_CPU_GPU_CV 8641mW/7890mW VDD_SOC 3883mW/3907mW
08-11-2026 21:55:06 RAM 6803/7607MB (lfb 3x4MB) SWAP 1407/16384MB (cached 121MB) CPU [3%@729,1%@729,1%@729,2%@729,1%@1344,59%@1344] GR3D_FREQ 98% cpu@62.656C soc2@61.812C soc0@62.5C gpu@64.062C tj@64.062C soc1@61.468C VDD_IN 17290mW/16872mW VDD_CPU_GPU_CV 8290mW/7891mW VDD_SOC 3923mW/3907mW
08-11-2026 21:55:07 RAM 6803/7607MB (lfb 3x4MB) SWAP 1407/16384MB (cached 121MB) CPU [3%@729,2%@729,1%@729,4%@729,0%@1344,59%@1344] GR3D_FREQ 98% cpu@62.75C soc2@61.812C soc0@62.5C gpu@64.031C tj@64.031C soc1@61.562C VDD_IN 17211mW/16873mW VDD_CPU_GPU_CV 8094mW/7892mW VDD_SOC 3962mW/3907mW
08-11-2026 21:55:08 RAM 6804/7607MB (lfb 3x4MB) SWAP 1407/16384MB (cached 121MB) CPU [1%@729,4%@729,1%@729,3%@729,0%@1344,59%@1344] GR3D_FREQ 98% cpu@62.625C soc2@61.687C soc0@62.531C gpu@63.937C tj@63.937C soc1@61.656C VDD_IN 16975mW/16873mW VDD_CPU_GPU_CV 7781mW/7891mW VDD_SOC 4001mW/3907mW
08-11-2026 21:55:09 RAM 6805/7607MB (lfb 3x4MB) SWAP 1407/16384MB (cached 121MB) CPU [10%@729,68%@729,21%@729,5%@729,0%@1344,59%@1344] GR3D_FREQ 98% cpu@62.781C soc2@61.937C soc0@62.5C gpu@63.812C tj@63.812C soc1@61.5C VDD_IN 17172mW/16874mW VDD_CPU_GPU_CV 7781mW/7891mW VDD_SOC 4080mW/3908mW
08-11-2026 21:55:10 RAM 6805/7607MB (lfb 3x4MB) SWAP 1407/16384MB (cached 121MB) CPU [4%@729,3%@729,1%@729,5%@729,0%@729,55%@729] GR3D_FREQ 98% cpu@62.593C soc2@61.781C soc0@62.625C gpu@63.687C tj@63.687C soc1@61.531C VDD_IN 16295mW/16872mW VDD_CPU_GPU_CV 7402mW/7889mW VDD_SOC 3890mW/3908mW
08-11-2026 21:55:11 RAM 6805/7607MB (lfb 3x4MB) SWAP 1407/16384MB (cached 121MB) CPU [4%@729,4%@729,6%@729,19%@729,4%@729,69%@729] GR3D_FREQ 99% cpu@62.718C soc2@61.781C soc0@62.468C gpu@63.937C tj@63.937C soc1@61.5C VDD_IN 17211mW/16873mW VDD_CPU_GPU_CV 8172mW/7890mW VDD_SOC 3962mW/3908mW
08-11-2026 21:55:12 RAM 6805/7607MB (lfb 3x4MB) SWAP 1407/16384MB (cached 121MB) CPU [3%@729,5%@729,2%@729,2%@729,0%@1036,69%@1036] GR3D_FREQ 98% cpu@62.781C soc2@61.781C soc0@62.5C gpu@64.031C tj@64.031C soc1@61.593C VDD_IN 17486mW/16875mW VDD_CPU_GPU_CV 8588mW/7893mW VDD_SOC 3883mW/3908mW
08-11-2026 21:55:13 RAM 6805/7607MB (lfb 3x4MB) SWAP 1407/16384MB (cached 121MB) CPU [2%@729,4%@729,1%@729,2%@729,0%@806,58%@806] GR3D_FREQ 98% cpu@62.468C soc2@61.75C soc0@62.531C gpu@64.125C tj@64.125C soc1@61.593C VDD_IN 17368mW/16877mW VDD_CPU_GPU_CV 8485mW/7895mW VDD_SOC 3883mW/3908mW
08-11-2026 21:55:14 RAM 6807/7607MB (lfb 3x4MB) SWAP 1407/16384MB (cached 121MB) CPU [12%@1190,3%@1190,6%@1190,2%@1190,0%@729,59%@729] GR3D_FREQ 98% cpu@62.687C soc2@61.937C soc0@62.531C gpu@64.093C tj@64.093C soc1@61.437C VDD_IN 17329mW/16879mW VDD_CPU_GPU_CV 8329mW/7896mW VDD_SOC 3962mW/3908mW
08-11-2026 21:55:15 RAM 6806/7607MB (lfb 3x4MB) SWAP 1407/16384MB (cached 121MB) CPU [5%@729,66%@729,20%@729,6%@729,0%@729,59%@729] GR3D_FREQ 98% cpu@62.656C soc2@61.718C soc0@62.437C gpu@64.093C tj@64.093C soc1@61.5C VDD_IN 17447mW/16881mW VDD_CPU_GPU_CV 8290mW/7898mW VDD_SOC 4001mW/3908mW
08-11-2026 21:55:16 RAM 6806/7607MB (lfb 3x4MB) SWAP 1406/16384MB (cached 121MB) CPU [10%@960,6%@960,5%@960,30%@960,12%@1344,58%@1344] GR3D_FREQ 97% cpu@62.937C soc2@61.875C soc0@62.437C gpu@64.031C tj@64.031C soc1@61.531C VDD_IN 17172mW/16882mW VDD_CPU_GPU_CV 7820mW/7897mW VDD_SOC 4080mW/3909mW
08-11-2026 21:55:17 RAM 6807/7607MB (lfb 3x4MB) SWAP 1406/16384MB (cached 121MB) CPU [5%@729,4%@729,8%@729,6%@729,0%@1344,59%@1344] GR3D_FREQ 99% cpu@63.031C soc2@61.687C soc0@62.593C gpu@63.843C tj@63.843C soc1@61.593C VDD_IN 16728mW/16881mW VDD_CPU_GPU_CV 7167mW/7895mW VDD_SOC 4165mW/3910mW
08-11-2026 21:55:18 RAM 6808/7607MB (lfb 3x4MB) SWAP 1406/16384MB (cached 121MB) CPU [3%@729,3%@729,4%@729,5%@729,4%@729,60%@729] GR3D_FREQ 97% cpu@62.468C soc2@61.812C soc0@62.593C gpu@63.656C tj@63.656C soc1@61.406C VDD_IN 16373mW/16879mW VDD_CPU_GPU_CV 7520mW/7894mW VDD_SOC 3890mW/3910mW
08-11-2026 21:55:19 RAM 6808/7607MB (lfb 3x4MB) SWAP 1406/16384MB (cached 121MB) CPU [3%@729,5%@729,2%@729,3%@729,70%@883,0%@883] GR3D_FREQ 99% cpu@62.593C soc2@61.968C soc0@62.562C gpu@63.937C tj@63.937C soc1@61.406C VDD_IN 17643mW/16882mW VDD_CPU_GPU_CV 8446mW/7896mW VDD_SOC 4080mW/3910mW
08-11-2026 21:55:20 RAM 6809/7607MB (lfb 3x4MB) SWAP 1406/16384MB (cached 121MB) CPU [6%@1344,2%@1344,2%@1344,19%@1344,67%@1344,0%@1344] GR3D_FREQ 98% cpu@62.968C soc2@61.812C soc0@62.531C gpu@64.031C tj@64.031C soc1@61.5C VDD_IN 17722mW/16885mW VDD_CPU_GPU_CV 8784mW/7899mW VDD_SOC 3923mW/3910mW
08-11-2026 21:55:21 RAM 6812/7607MB (lfb 3x4MB) SWAP 1406/16384MB (cached 121MB) CPU [7%@729,22%@729,2%@729,54%@729,60%@1344,0%@1344] GR3D_FREQ 98% cpu@62.875C soc2@61.812C soc0@62.562C gpu@64.093C tj@64.093C soc1@61.593C VDD_IN 17722mW/16888mW VDD_CPU_GPU_CV 8744mW/7901mW VDD_SOC 3923mW/3910mW
08-11-2026 21:55:22 RAM 6811/7607MB (lfb 3x4MB) SWAP 1406/16384MB (cached 121MB) CPU [19%@729,5%@729,9%@729,4%@729,60%@1344,0%@1344] GR3D_FREQ 98% cpu@62.75C soc2@61.718C soc0@62.531C gpu@64.062C tj@64.062C soc1@61.5C VDD_IN 17408mW/16889mW VDD_CPU_GPU_CV 8368mW/7903mW VDD_SOC 3962mW/3911mW
08-11-2026 21:55:23 RAM 6812/7607MB (lfb 3x4MB) SWAP 1406/16384MB (cached 121MB) CPU [3%@1344,3%@1344,4%@1344,0%@1344,58%@1344,0%@1344] GR3D_FREQ 98% cpu@62.406C soc2@61.687C soc0@62.593C gpu@64.25C tj@64.25C soc1@61.437C VDD_IN 17172mW/16890mW VDD_CPU_GPU_CV 8016mW/7903mW VDD_SOC 4001mW/3911mW
08-11-2026 21:55:24 RAM 6813/7607MB (lfb 3x4MB) SWAP 1406/16384MB (cached 121MB) CPU [19%@960,2%@960,2%@960,1%@960,46%@729,0%@729] GR3D_FREQ 98% cpu@62.562C soc2@61.781C soc0@62.625C gpu@64.187C tj@64.187C soc1@61.437C VDD_IN 16897mW/16890mW VDD_CPU_GPU_CV 7586mW/7902mW VDD_SOC 4047mW/3911mW
08-11-2026 21:55:25 RAM 6813/7607MB (lfb 3x4MB) SWAP 1406/16384MB (cached 121MB) CPU [59%@960,2%@960,3%@960,4%@960,0%@729,0%@729] GR3D_FREQ 99% cpu@62.781C soc2@61.781C soc0@62.406C gpu@63.625C tj@63.625C soc1@61.593C VDD_IN 16491mW/16889mW VDD_CPU_GPU_CV 7011mW/7899mW VDD_SOC 4126mW/3912mW
08-11-2026 21:55:26 RAM 6814/7607MB (lfb 3x4MB) SWAP 1406/16384MB (cached 121MB) CPU [86%@1344,4%@1344,5%@1344,4%@1344,6%@729,0%@729] GR3D_FREQ 99% cpu@63C soc2@61.968C soc0@62.5C gpu@63.687C tj@63.687C soc1@61.562C VDD_IN 16688mW/16888mW VDD_CPU_GPU_CV 7872mW/7899mW VDD_SOC 3851mW/3912mW
08-11-2026 21:55:27 RAM 6814/7607MB (lfb 3x4MB) SWAP 1406/16384MB (cached 121MB) CPU [39%@1344,23%@1344,7%@1344,6%@1344,69%@729,0%@729] GR3D_FREQ 99% cpu@63.031C soc2@61.906C soc0@62.593C gpu@64.562C tj@64.562C soc1@61.625C VDD_IN 17929mW/16892mW VDD_CPU_GPU_CV 8823mW/7902mW VDD_SOC 4040mW/3912mW
08-11-2026 21:55:28 RAM 6825/7607MB (lfb 3x4MB) SWAP 1406/16384MB (cached 121MB) CPU [5%@729,4%@729,9%@729,22%@729,5%@1344,64%@1344] GR3D_FREQ 98% cpu@62.562C soc2@61.875C soc0@62.593C gpu@64.5C tj@64.5C soc1@61.687C VDD_IN 17683mW/16895mW VDD_CPU_GPU_CV 8666mW/7905mW VDD_SOC 3923mW/3912mW
08-11-2026 21:55:29 RAM 6837/7607MB (lfb 3x4MB) SWAP 1406/16384MB (cached 121MB) CPU [24%@729,11%@729,11%@729,24%@729,54%@1344,11%@1344] GR3D_FREQ 98% cpu@62.656C soc2@61.875C soc0@62.593C gpu@64.562C tj@64.562C soc1@61.5C VDD_IN 17604mW/16897mW VDD_CPU_GPU_CV 8588mW/7907mW VDD_SOC 3962mW/3913mW
08-11-2026 21:55:30 RAM 6831/7607MB (lfb 3x4MB) SWAP 1406/16384MB (cached 121MB) CPU [14%@1344,4%@1344,68%@1344,10%@1344,59%@1344,0%@1344] GR3D_FREQ 98% cpu@63.031C soc2@61.906C soc0@62.406C gpu@64C tj@64C soc1@61.625C VDD_IN 17811mW/16900mW VDD_CPU_GPU_CV 8705mW/7910mW VDD_SOC 3962mW/3913mW
08-11-2026 21:55:31 RAM 6831/7607MB (lfb 3x4MB) SWAP 1406/16384MB (cached 121MB) CPU [18%@729,2%@729,2%@729,9%@729,59%@1344,0%@1344] GR3D_FREQ 98% cpu@62.937C soc2@61.75C soc0@62.5C gpu@64.218C tj@64.218C soc1@61.625C VDD_IN 17211mW/16901mW VDD_CPU_GPU_CV 8016mW/7910mW VDD_SOC 4001mW/3913mW
08-11-2026 21:55:32 RAM 6832/7607MB (lfb 3x4MB) SWAP 1406/16384MB (cached 121MB) CPU [42%@1344,5%@1344,5%@1344,6%@1344,60%@1344,0%@1344] GR3D_FREQ 98% cpu@63C soc2@61.968C soc0@62.593C gpu@64.125C tj@64.125C soc1@61.593C VDD_IN 17250mW/16902mW VDD_CPU_GPU_CV 7859mW/7910mW VDD_SOC 4080mW/3914mW
08-11-2026 21:55:33 RAM 6835/7607MB (lfb 3x4MB) SWAP 1406/16384MB (cached 121MB) CPU [40%@729,10%@729,23%@729,10%@729,53%@729,4%@729] GR3D_FREQ 97% cpu@62.781C soc2@61.968C soc0@62.656C gpu@63.625C tj@63.625C soc1@61.812C VDD_IN 16688mW/16901mW VDD_CPU_GPU_CV 7481mW/7908mW VDD_SOC 4047mW/3914mW
08-11-2026 21:55:34 RAM 6835/7607MB (lfb 3x4MB) SWAP 1406/16384MB (cached 121MB) CPU [1%@729,3%@729,0%@729,7%@729,0%@729,65%@729] GR3D_FREQ 99% cpu@62.687C soc2@62C soc0@62.875C gpu@63.812C tj@63.812C soc1@61.562C VDD_IN 16728mW/16901mW VDD_CPU_GPU_CV 7872mW/7908mW VDD_SOC 3890mW/3914mW
08-11-2026 21:55:35 RAM 6835/7607MB (lfb 3x4MB) SWAP 1406/16384MB (cached 121MB) CPU [3%@729,1%@729,1%@729,4%@729,0%@729,70%@729] GR3D_FREQ 95% cpu@62.875C soc2@62C soc0@62.5C gpu@64.312C tj@64.312C soc1@61.656C VDD_IN 17447mW/16903mW VDD_CPU_GPU_CV 8563mW/7910mW VDD_SOC 3923mW/3914mW
08-11-2026 21:55:36 RAM 6835/7607MB (lfb 3x4MB) SWAP 1406/16384MB (cached 121MB) CPU [2%@729,4%@729,2%@729,4%@729,0%@1344,62%@1344] GR3D_FREQ 98% cpu@63.031C soc2@61.906C soc0@62.531C gpu@64.062C tj@64.062C soc1@61.718C VDD_IN 17408mW/16904mW VDD_CPU_GPU_CV 8485mW/7912mW VDD_SOC 3923mW/3914mW
08-11-2026 21:55:37 RAM 6832/7607MB (lfb 3x4MB) SWAP 1406/16384MB (cached 121MB) CPU [5%@729,3%@729,6%@729,4%@729,34%@1344,26%@1344] GR3D_FREQ 98% cpu@62.843C soc2@61.968C soc0@62.531C gpu@64.093C tj@64.093C soc1@61.75C VDD_IN 17408mW/16906mW VDD_CPU_GPU_CV 8368mW/7914mW VDD_SOC 3962mW/3914mW
08-11-2026 21:55:38 RAM 6831/7607MB (lfb 3x4MB) SWAP 1406/16384MB (cached 121MB) CPU [16%@1344,3%@1344,8%@1344,7%@1344,34%@1344,59%@1344] GR3D_FREQ 98% cpu@62.812C soc2@62.031C soc0@62.625C gpu@64.093C tj@64.093C soc1@61.781C VDD_IN 17643mW/16908mW VDD_CPU_GPU_CV 8471mW/7916mW VDD_SOC 4001mW/3914mW
08-11-2026 21:55:39 RAM 6832/7607MB (lfb 3x4MB) SWAP 1404/16384MB (cached 122MB) CPU [20%@729,15%@729,9%@729,26%@729,4%@1344,60%@1344] GR3D_FREQ 98% cpu@62.875C soc2@61.875C soc0@62.75C gpu@64.031C tj@64.031C soc1@61.625C VDD_IN 17172mW/16909mW VDD_CPU_GPU_CV 7899mW/7916mW VDD_SOC 4040mW/3915mW
08-11-2026 21:55:40 RAM 6833/7607MB (lfb 3x4MB) SWAP 1404/16384MB (cached 122MB) CPU [1%@729,3%@729,3%@729,3%@729,0%@1344,58%@1344] GR3D_FREQ 98% cpu@62.937C soc2@61.906C soc0@62.593C gpu@63.906C tj@63.906C soc1@61.656C VDD_IN 16767mW/16909mW VDD_CPU_GPU_CV 7285mW/7914mW VDD_SOC 4126mW/3915mW
08-11-2026 21:55:41 RAM 6833/7607MB (lfb 3x4MB) SWAP 1404/16384MB (cached 122MB) CPU [2%@729,3%@729,2%@729,4%@729,0%@729,55%@729] GR3D_FREQ 99% cpu@62.812C soc2@61.843C soc0@62.625C gpu@64.093C tj@64.093C soc1@61.781C VDD_IN 16295mW/16907mW VDD_CPU_GPU_CV 7481mW/7912mW VDD_SOC 3890mW/3915mW
08-11-2026 21:55:42 RAM 6833/7607MB (lfb 3x4MB) SWAP 1404/16384MB (cached 122MB) CPU [2%@729,4%@729,4%@729,2%@729,69%@729,0%@729] GR3D_FREQ 98% cpu@62.656C soc2@61.937C soc0@62.687C gpu@64.281C tj@64.281C soc1@61.812C VDD_IN 17290mW/16908mW VDD_CPU_GPU_CV 8211mW/7913mW VDD_SOC 3962mW/3916mW
08-11-2026 21:55:43 RAM 6833/7607MB (lfb 3x4MB) SWAP 1404/16384MB (cached 122MB) CPU [3%@729,3%@729,3%@729,4%@729,70%@1344,0%@1344] GR3D_FREQ 98% cpu@62.718C soc2@61.875C soc0@62.718C gpu@64.437C tj@64.437C soc1@61.625C VDD_IN 17526mW/16910mW VDD_CPU_GPU_CV 8602mW/7915mW VDD_SOC 3883mW/3915mW
08-11-2026 21:55:44 RAM 6834/7607MB (lfb 3x4MB) SWAP 1404/16384MB (cached 122MB) CPU [9%@729,11%@729,9%@729,10%@729,58%@1036,0%@1036] GR3D_FREQ 98% cpu@62.937C soc2@61.875C soc0@62.625C gpu@64.187C tj@64.187C soc1@61.718C VDD_IN 17643mW/16912mW VDD_CPU_GPU_CV 8602mW/7917mW VDD_SOC 3923mW/3915mW
08-11-2026 21:55:45 RAM 6834/7607MB (lfb 3x4MB) SWAP 1403/16384MB (cached 122MB) CPU [3%@729,4%@729,0%@729,2%@729,58%@960,0%@960] GR3D_FREQ 98% cpu@62.718C soc2@61.875C soc0@62.625C gpu@64.156C tj@64.156C soc1@61.687C VDD_IN 17368mW/16914mW VDD_CPU_GPU_CV 8290mW/7919mW VDD_SOC 3923mW/3915mW
08-11-2026 21:55:46 RAM 6835/7607MB (lfb 3x4MB) SWAP 1403/16384MB (cached 122MB) CPU [1%@729,4%@729,3%@729,2%@729,59%@729,0%@729] GR3D_FREQ 98% cpu@62.906C soc2@61.937C soc0@62.687C gpu@64.062C tj@64.062C soc1@61.781C VDD_IN 17133mW/16914mW VDD_CPU_GPU_CV 7977mW/7919mW VDD_SOC 4001mW/3916mW
08-11-2026 21:55:47 RAM 6835/7607MB (lfb 3x4MB) SWAP 1403/16384MB (cached 122MB) CPU [6%@729,2%@729,4%@729,1%@729,58%@1344,0%@1344] GR3D_FREQ 92% cpu@62.593C soc2@61.968C soc0@62.687C gpu@63.968C tj@63.968C soc1@61.625C VDD_IN 16975mW/16914mW VDD_CPU_GPU_CV 7625mW/7918mW VDD_SOC 4080mW/3916mW
08-11-2026 21:55:48 RAM 6835/7607MB (lfb 3x4MB) SWAP 1403/16384MB (cached 122MB) CPU [0%@729,1%@729,1%@729,3%@729,59%@1344,0%@1344] GR3D_FREQ 99% cpu@62.937C soc2@61.843C soc0@62.562C gpu@64.093C tj@64.093C soc1@61.562C VDD_IN 16649mW/16914mW VDD_CPU_GPU_CV 7128mW/7915mW VDD_SOC 4165mW/3917mW
08-11-2026 21:55:49 RAM 6836/7607MB (lfb 3x4MB) SWAP 1403/16384MB (cached 122MB) CPU [2%@729,4%@729,3%@729,5%@729,61%@729,0%@729] GR3D_FREQ 96% cpu@62.812C soc2@61.875C soc0@62.593C gpu@64.062C tj@64.062C soc1@61.718C VDD_IN 16334mW/16912mW VDD_CPU_GPU_CV 7520mW/7914mW VDD_SOC 3890mW/3917mW
08-11-2026 21:55:50 RAM 6836/7607MB (lfb 3x4MB) SWAP 1403/16384MB (cached 122MB) CPU [3%@729,15%@729,4%@729,10%@729,69%@729,1%@729] GR3D_FREQ 99% cpu@62.843C soc2@62.125C soc0@62.75C gpu@64.5C tj@64.5C soc1@61.687C VDD_IN 17683mW/16914mW VDD_CPU_GPU_CV 8510mW/7916mW VDD_SOC 4080mW/3917mW
08-11-2026 21:55:51 RAM 6836/7607MB (lfb 3x4MB) SWAP 1403/16384MB (cached 122MB) CPU [2%@729,1%@729,3%@729,3%@729,67%@1344,0%@1344] GR3D_FREQ 98% cpu@62.875C soc2@61.906C soc0@62.593C gpu@64.531C tj@64.531C soc1@61.75C VDD_IN 17486mW/16916mW VDD_CPU_GPU_CV 8563mW/7918mW VDD_SOC 3923mW/3917mW
08-11-2026 21:55:52 RAM 6836/7607MB (lfb 3x4MB) SWAP 1403/16384MB (cached 122MB) CPU [1%@729,2%@729,5%@729,2%@729,60%@1344,0%@1344] GR3D_FREQ 98% cpu@62.593C soc2@61.937C soc0@62.781C gpu@64.531C tj@64.531C soc1@61.593C VDD_IN 17486mW/16918mW VDD_CPU_GPU_CV 8485mW/7920mW VDD_SOC 3923mW/3918mW
08-11-2026 21:55:53 RAM 6837/7607MB (lfb 3x4MB) SWAP 1403/16384MB (cached 122MB) CPU [3%@729,1%@729,4%@729,2%@729,1%@1344,59%@1344] GR3D_FREQ 98% cpu@62.812C soc2@61.968C soc0@62.562C gpu@64.593C tj@64.25C soc1@61.593C VDD_IN 17368mW/16919mW VDD_CPU_GPU_CV 8290mW/7921mW VDD_SOC 3962mW/3918mW
08-11-2026 21:55:54 RAM 6838/7607MB (lfb 3x4MB) SWAP 1403/16384MB (cached 122MB) CPU [8%@729,3%@729,2%@729,3%@729,0%@1344,58%@1344] GR3D_FREQ 98% cpu@62.875C soc2@61.781C soc0@62.656C gpu@64.156C tj@64.156C soc1@61.656C VDD_IN 17211mW/16920mW VDD_CPU_GPU_CV 8016mW/7921mW VDD_SOC 4001mW/3918mW
08-11-2026 21:55:55 RAM 6839/7607MB (lfb 3x4MB) SWAP 1403/16384MB (cached 122MB) CPU [8%@729,5%@729,19%@729,2%@729,0%@729,57%@729] GR3D_FREQ 98% cpu@62.593C soc2@61.906C soc0@62.593C gpu@64.125C tj@64.125C soc1@61.718C VDD_IN 17093mW/16920mW VDD_CPU_GPU_CV 7742mW/7921mW VDD_SOC 4080mW/3918mW
08-11-2026 21:55:56 RAM 6839/7607MB (lfb 3x4MB) SWAP 1403/16384MB (cached 122MB) CPU [3%@729,2%@729,1%@729,4%@729,0%@1036,57%@1036] GR3D_FREQ 99% cpu@63.031C soc2@61.906C soc0@62.718C gpu@63.531C tj@63.531C soc1@61.75C VDD_IN 16531mW/16919mW VDD_CPU_GPU_CV 7011mW/7918mW VDD_SOC 4165mW/3919mW
08-11-2026 21:55:57 RAM 6839/7607MB (lfb 3x4MB) SWAP 1403/16384MB (cached 122MB) CPU [4%@729,1%@729,3%@729,2%@729,0%@729,62%@729] GR3D_FREQ 81% cpu@62.5C soc2@61.812C soc0@62.687C gpu@63.656C tj@63.656C soc1@61.593C VDD_IN 16373mW/16918mW VDD_CPU_GPU_CV 7559mW/7917mW VDD_SOC 3851mW/3919mW
08-11-2026 21:55:58 RAM 6839/7607MB (lfb 3x4MB) SWAP 1403/16384MB (cached 122MB) CPU [2%@729,2%@729,6%@729,2%@729,0%@1113,69%@1113] GR3D_FREQ 99% cpu@62.906C soc2@62C soc0@62.562C gpu@64.25C tj@64.25C soc1@61.718C VDD_IN 17732mW/16920mW VDD_CPU_GPU_CV 8627mW/7919mW VDD_SOC 4040mW/3919mW
08-11-2026 21:55:59 RAM 6840/7607MB (lfb 3x4MB) SWAP 1403/16384MB (cached 122MB) CPU [1%@729,1%@729,5%@729,2%@729,0%@1344,63%@1344] GR3D_FREQ 98% cpu@63C soc2@62C soc0@62.562C gpu@64.062C tj@64.062C soc1@61.625C VDD_IN 17486mW/16922mW VDD_CPU_GPU_CV 8524mW/7921mW VDD_SOC 3923mW/3919mW
08-11-2026 21:56:00 RAM 6840/7607MB (lfb 3x4MB) SWAP 1403/16384MB (cached 122MB) CPU [4%@729,1%@729,3%@729,3%@729,0%@1344,59%@1344] GR3D_FREQ 98% cpu@62.656C soc2@62.031C soc0@62.625C gpu@64.125C tj@64.125C soc1@61.75C VDD_IN 17447mW/16923mW VDD_CPU_GPU_CV 8446mW/7922mW VDD_SOC 3962mW/3919mW
08-11-2026 21:56:01 RAM 6841/7607MB (lfb 3x4MB) SWAP 1403/16384MB (cached 122MB) CPU [5%@729,5%@729,16%@729,9%@729,3%@1344,61%@1344] GR3D_FREQ 98% cpu@62.781C soc2@62C soc0@62.75C gpu@64.156C tj@64.156C soc1@61.687C VDD_IN 17329mW/16925mW VDD_CPU_GPU_CV 8290mW/7923mW VDD_SOC 3962mW/3920mW
08-11-2026 21:56:02 RAM 6841/7607MB (lfb 3x4MB) SWAP 1403/16384MB (cached 122MB) CPU [3%@729,3%@729,2%@729,3%@729,0%@1344,58%@1344] GR3D_FREQ 98% cpu@62.843C soc2@61.875C soc0@62.656C gpu@64.062C tj@64.062C soc1@61.593C VDD_IN 17172mW/16925mW VDD_CPU_GPU_CV 7938mW/7923mW VDD_SOC 4040mW/3920mW
08-11-2026 21:56:03 RAM 6842/7607MB (lfb 3x4MB) SWAP 1403/16384MB (cached 122MB) CPU [3%@729,2%@729,4%@729,3%@729,0%@1344,57%@1344] GR3D_FREQ 98% cpu@62.843C soc2@61.75C soc0@62.562C gpu@64.187C tj@64.187C soc1@61.656C VDD_IN 16857mW/16925mW VDD_CPU_GPU_CV 7520mW/7922mW VDD_SOC 4086mW/3920mW
08-11-2026 21:56:04 RAM 6842/7607MB (lfb 3x4MB) SWAP 1403/16384MB (cached 122MB) CPU [3%@729,1%@729,9%@729,1%@729,1%@729,57%@729] GR3D_FREQ 99% cpu@63C soc2@62.031C soc0@62.656C gpu@63.656C tj@63.656C soc1@61.625C VDD_IN 16491mW/16924mW VDD_CPU_GPU_CV 7285mW/7920mW VDD_SOC 4047mW/3921mW
08-11-2026 21:56:05 RAM 6823/7607MB (lfb 3x4MB) SWAP 1385/16384MB (cached 104MB) CPU [24%@729,26%@729,23%@729,15%@729,25%@729,68%@729] GR3D_FREQ 99% cpu@62.562C soc2@61.968C soc0@62.625C gpu@63.906C tj@63.906C soc1@61.718C VDD_IN 17093mW/16924mW VDD_CPU_GPU_CV 8172mW/7921mW VDD_SOC 3923mW/3921mW
08-11-2026 21:56:06 RAM 6825/7607MB (lfb 3x4MB) SWAP 1385/16384MB (cached 104MB) CPU [8%@729,15%@729,9%@729,7%@729,1%@1344,71%@1344] GR3D_FREQ 98% cpu@62.812C soc2@62.031C soc0@62.593C gpu@64.312C tj@64.312C soc1@61.593C VDD_IN 17761mW/16927mW VDD_CPU_GPU_CV 8744mW/7924mW VDD_SOC 3923mW/3921mW
08-11-2026 21:56:07 RAM 6826/7607MB (lfb 3x4MB) SWAP 1385/16384MB (cached 104MB) CPU [4%@729,1%@729,2%@729,2%@729,0%@1344,60%@1344] GR3D_FREQ 93% cpu@62.812C soc2@61.875C soc0@62.562C gpu@64.312C tj@64.312C soc1@61.625C VDD_IN 17447mW/16928mW VDD_CPU_GPU_CV 8485mW/7925mW VDD_SOC 3923mW/3921mW
08-11-2026 21:56:08 RAM 6826/7607MB (lfb 3x4MB) SWAP 1385/16384MB (cached 104MB) CPU [3%@729,3%@729,1%@729,3%@729,0%@1344,59%@1344] GR3D_FREQ 93% cpu@63.031C soc2@61.937C soc0@62.593C gpu@64.375C tj@64.187C soc1@61.656C VDD_IN 17368mW/16930mW VDD_CPU_GPU_CV 8329mW/7926mW VDD_SOC 3962mW/3921mW
08-11-2026 21:56:09 RAM 6827/7607MB (lfb 3x4MB) SWAP 1385/16384MB (cached 104MB) CPU [2%@729,5%@729,2%@729,2%@729,0%@1344,59%@1344] GR3D_FREQ 98% cpu@62.968C soc2@61.875C soc0@62.625C gpu@64.062C tj@64.062C soc1@61.718C VDD_IN 17250mW/16931mW VDD_CPU_GPU_CV 8094mW/7927mW VDD_SOC 4001mW/3921mW
08-11-2026 21:56:10 RAM 6827/7607MB (lfb 3x4MB) SWAP 1385/16384MB (cached 104MB) CPU [2%@729,3%@729,1%@729,2%@729,0%@1344,58%@1344] GR3D_FREQ 98% cpu@62.718C soc2@61.968C soc0@62.687C gpu@64.093C tj@64.093C soc1@61.843C VDD_IN 17054mW/16931mW VDD_CPU_GPU_CV 7781mW/7926mW VDD_SOC 4040mW/3922mW
08-11-2026 21:56:11 RAM 6828/7607MB (lfb 3x4MB) SWAP 1385/16384MB (cached 104MB) CPU [2%@729,3%@729,3%@729,1%@729,0%@1344,59%@1344] GR3D_FREQ 98% cpu@62.812C soc2@61.812C soc0@62.687C gpu@64C tj@64C soc1@61.531C VDD_IN 16806mW/16931mW VDD_CPU_GPU_CV 7363mW/7925mW VDD_SOC 4126mW/3922mW
08-11-2026 21:56:12 RAM 6828/7607MB (lfb 3x4MB) SWAP 1385/16384MB (cached 104MB) CPU [5%@729,6%@729,8%@729,17%@729,1%@729,55%@729] GR3D_FREQ 99% cpu@62.812C soc2@61.843C soc0@62.531C gpu@63.906C tj@63.906C soc1@61.562C VDD_IN 16452mW/16929mW VDD_CPU_GPU_CV 7559mW/7924mW VDD_SOC 3929mW/3922mW
08-11-2026 21:56:13 RAM 6828/7607MB (lfb 3x4MB) SWAP 1385/16384MB (cached 104MB) CPU [1%@729,2%@729,2%@729,4%@729,1%@729,69%@729] GR3D_FREQ 99% cpu@62.687C soc2@61.968C soc0@62.687C gpu@64.093C tj@64.093C soc1@61.625C VDD_IN 17133mW/16930mW VDD_CPU_GPU_CV 8133mW/7924mW VDD_SOC 3923mW/3922mW
08-11-2026 21:56:14 RAM 6829/7607MB (lfb 3x4MB) SWAP 1385/16384MB (cached 104MB) CPU [6%@729,3%@729,2%@729,4%@729,0%@729,70%@729] GR3D_FREQ 98% cpu@62.875C soc2@62C soc0@62.593C gpu@64.437C tj@64.437C soc1@61.687C VDD_IN 17526mW/16931mW VDD_CPU_GPU_CV 8602mW/7926mW VDD_SOC 3883mW/3922mW
08-11-2026 21:56:15 RAM 6829/7607MB (lfb 3x4MB) SWAP 1385/16384MB (cached 104MB) CPU [5%@729,1%@729,1%@729,2%@729,0%@729,58%@729] GR3D_FREQ 97% cpu@62.468C soc2@61.937C soc0@62.656C gpu@64.343C tj@64.343C soc1@61.812C VDD_IN 17368mW/16933mW VDD_CPU_GPU_CV 8446mW/7928mW VDD_SOC 3923mW/3922mW
08-11-2026 21:56:16 RAM 6830/7607MB (lfb 3x4MB) SWAP 1385/16384MB (cached 104MB) CPU [4%@1344,2%@1344,1%@1344,3%@1344,0%@1344,60%@1344] GR3D_FREQ 97% cpu@62.625C soc2@61.812C soc0@62.468C gpu@64.375C tj@64.375C soc1@61.625C VDD_IN 17290mW/16934mW VDD_CPU_GPU_CV 8250mW/7929mW VDD_SOC 3962mW/3922mW
08-11-2026 21:56:17 RAM 6829/7607MB (lfb 3x4MB) SWAP 1385/16384MB (cached 104MB) CPU [7%@883,3%@883,12%@883,6%@883,4%@1344,59%@1344] GR3D_FREQ 92% cpu@63.093C soc2@61.937C soc0@62.593C gpu@64.468C tj@64.093C soc1@61.625C VDD_IN 17329mW/16935mW VDD_CPU_GPU_CV 8133mW/7929mW VDD_SOC 4001mW/3922mW
08-11-2026 21:56:18 RAM 6829/7607MB (lfb 3x4MB) SWAP 1385/16384MB (cached 104MB) CPU [9%@729,1%@729,6%@729,3%@729,0%@1344,58%@1344] GR3D_FREQ 94% cpu@63C soc2@61.812C soc0@62.593C gpu@64.125C tj@64.125C soc1@61.718C VDD_IN 16975mW/16935mW VDD_CPU_GPU_CV 7664mW/7929mW VDD_SOC 4047mW/3923mW
08-11-2026 21:56:19 RAM 6829/7607MB (lfb 3x4MB) SWAP 1385/16384MB (cached 104MB) CPU [5%@729,2%@729,2%@729,2%@729,0%@1344,60%@1344] GR3D_FREQ 98% cpu@62.812C soc2@61.906C soc0@62.562C gpu@63.906C tj@63.906C soc1@61.75C VDD_IN 16688mW/16934mW VDD_CPU_GPU_CV 7167mW/7926mW VDD_SOC 4126mW/3923mW
08-11-2026 21:56:20 RAM 6830/7607MB (lfb 3x4MB) SWAP 1385/16384MB (cached 104MB) CPU [4%@729,2%@729,1%@729,1%@729,0%@729,59%@729] GR3D_FREQ 96% cpu@62.531C soc2@61.843C soc0@62.75C gpu@63.906C tj@63.906C soc1@61.593C VDD_IN 16334mW/16933mW VDD_CPU_GPU_CV 7559mW/7925mW VDD_SOC 3851mW/3923mW
08-11-2026 21:56:21 RAM 6830/7607MB (lfb 3x4MB) SWAP 1385/16384MB (cached 104MB) CPU [5%@729,2%@729,1%@729,3%@729,0%@729,70%@729] GR3D_FREQ 99% cpu@62.687C soc2@61.937C soc0@62.531C gpu@64.093C tj@64.093C soc1@61.593C VDD_IN 17643mW/16935mW VDD_CPU_GPU_CV 8407mW/7927mW VDD_SOC 4080mW/3924mW
08-11-2026 21:56:22 RAM 6830/7607MB (lfb 3x4MB) SWAP 1385/16384MB (cached 104MB) CPU [3%@729,0%@729,2%@729,2%@729,1%@1344,68%@1344] GR3D_FREQ 98% cpu@62.843C soc2@61.875C soc0@62.593C gpu@64.218C tj@64.218C soc1@61.656C VDD_IN 17526mW/16936mW VDD_CPU_GPU_CV 8602mW/7929mW VDD_SOC 3883mW/3923mW
08-11-2026 21:56:23 RAM 6829/7607MB (lfb 3x4MB) SWAP 1385/16384MB (cached 104MB) CPU [17%@729,12%@729,8%@729,8%@729,1%@1344,59%@1344] GR3D_FREQ 98% cpu@63.093C soc2@61.875C soc0@62.593C gpu@64.062C tj@64.062C soc1@61.656C VDD_IN 17604mW/16938mW VDD_CPU_GPU_CV 8563mW/7930mW VDD_SOC 3923mW/3923mW
08-11-2026 21:56:24 RAM 6830/7607MB (lfb 3x4MB) SWAP 1385/16384MB (cached 104MB) CPU [2%@729,2%@729,4%@729,5%@729,1%@1344,59%@1344] GR3D_FREQ 98% cpu@62.656C soc2@61.906C soc0@62.625C gpu@64.062C tj@64.062C soc1@61.656C VDD_IN 17368mW/16939mW VDD_CPU_GPU_CV 8290mW/7931mW VDD_SOC 3962mW/3924mW
08-11-2026 21:56:25 RAM 6830/7607MB (lfb 3x4MB) SWAP 1385/16384MB (cached 104MB) CPU [1%@729,1%@729,5%@729,2%@729,0%@1344,58%@1344] GR3D_FREQ 98% cpu@62.781C soc2@61.906C soc0@62.625C gpu@64C tj@64C soc1@61.593C VDD_IN 17172mW/16940mW VDD_CPU_GPU_CV 8016mW/7932mW VDD_SOC 4001mW/3924mW
08-11-2026 21:56:26 RAM 6831/7607MB (lfb 3x4MB) SWAP 1385/16384MB (cached 104MB) CPU [2%@729,3%@729,5%@729,1%@729,0%@729,58%@729] GR3D_FREQ 98% cpu@62.718C soc2@61.718C soc0@62.562C gpu@64.031C tj@64.031C soc1@61.5C VDD_IN 16897mW/16940mW VDD_CPU_GPU_CV 7586mW/7931mW VDD_SOC 4080mW/3924mW
08-11-2026 21:56:27 RAM 6831/7607MB (lfb 3x4MB) SWAP 1385/16384MB (cached 104MB) CPU [2%@729,2%@729,4%@729,1%@729,0%@806,56%@806] GR3D_FREQ 99% cpu@62.937C soc2@61.906C soc0@62.593C gpu@63.375C tj@63.375C soc1@61.656C VDD_IN 16452mW/16938mW VDD_CPU_GPU_CV 7089mW/7928mW VDD_SOC 4126mW/3925mW
08-11-2026 21:56:28 RAM 6831/7607MB (lfb 3x4MB) SWAP 1385/16384MB (cached 104MB) CPU [2%@1267,3%@1267,6%@1267,3%@1267,0%@960,63%@960] GR3D_FREQ 99% cpu@63.156C soc2@61.843C soc0@62.562C gpu@63.687C tj@63.687C soc1@61.687C VDD_IN 16649mW/16938mW VDD_CPU_GPU_CV 7755mW/7928mW VDD_SOC 3890mW/3925mW
08-11-2026 21:56:29 RAM 6829/7607MB (lfb 3x4MB) SWAP 1385/16384MB (cached 104MB) CPU [6%@729,5%@729,14%@729,11%@729,3%@729,70%@729] GR3D_FREQ 99% cpu@62.625C soc2@61.906C soc0@62.625C gpu@64.468C tj@64.468C soc1@61.75C VDD_IN 17722mW/16940mW VDD_CPU_GPU_CV 8705mW/7930mW VDD_SOC 3923mW/3925mW
08-11-2026 21:56:30 RAM 6830/7607MB (lfb 3x4MB) SWAP 1385/16384MB (cached 104MB) CPU [2%@729,2%@729,0%@729,4%@729,1%@1344,63%@1344] GR3D_FREQ 98% cpu@62.75C soc2@61.937C soc0@62.625C gpu@64.343C tj@64.343C soc1@61.468C VDD_IN 17486mW/16941mW VDD_CPU_GPU_CV 8524mW/7932mW VDD_SOC 3923mW/3925mW
08-11-2026 21:56:31 RAM 6830/7607MB (lfb 3x4MB) SWAP 1385/16384MB (cached 104MB) CPU [5%@729,1%@729,2%@729,5%@729,0%@1344,60%@1344] GR3D_FREQ 98% cpu@62.875C soc2@61.875C soc0@62.531C gpu@64.281C tj@64.281C soc1@61.562C VDD_IN 17408mW/16943mW VDD_CPU_GPU_CV 8368mW/7933mW VDD_SOC 3923mW/3925mW
08-11-2026 21:56:32 RAM 6831/7607MB (lfb 3x4MB) SWAP 1385/16384MB (cached 104MB) CPU [2%@729,2%@729,1%@729,6%@729,1%@1344,58%@1344] GR3D_FREQ 98% cpu@62.843C soc2@61.812C soc0@62.593C gpu@64.343C tj@64.343C soc1@61.593C VDD_IN 17290mW/16944mW VDD_CPU_GPU_CV 8172mW/7933mW VDD_SOC 3962mW/3925mW
08-11-2026 21:56:33 RAM 6831/7607MB (lfb 3x4MB) SWAP 1385/16384MB (cached 104MB) CPU [3%@1036,2%@1036,2%@1036,4%@1036,0%@1344,59%@1344] GR3D_FREQ 98% cpu@63C soc2@61.937C soc0@62.593C gpu@64.25C tj@64.25C soc1@61.656C VDD_IN 17093mW/16944mW VDD_CPU_GPU_CV 7820mW/7933mW VDD_SOC 4040mW/3925mW
08-11-2026 21:56:34 RAM 6833/7607MB (lfb 3x4MB) SWAP 1385/16384MB (cached 104MB) CPU [8%@729,7%@729,3%@729,22%@729,1%@1344,59%@1344] GR3D_FREQ 98% cpu@62.75C soc2@61.906C soc0@62.625C gpu@64.187C tj@64.187C soc1@61.687C VDD_IN 16975mW/16944mW VDD_CPU_GPU_CV 7547mW/7932mW VDD_SOC 4119mW/3926mW
08-11-2026 21:56:35 RAM 6834/7607MB (lfb 3x4MB) SWAP 1385/16384MB (cached 104MB) CPU [6%@729,1%@729,1%@729,1%@729,0%@729,56%@729] GR3D_FREQ 96% cpu@62.687C soc2@61.906C soc0@62.656C gpu@63.531C tj@63.531C soc1@61.531C VDD_IN 16413mW/16943mW VDD_CPU_GPU_CV 7402mW/7931mW VDD_SOC 3968mW/3926mW
08-11-2026 21:56:36 RAM 6834/7607MB (lfb 3x4MB) SWAP 1385/16384MB (cached 104MB) CPU [6%@729,2%@729,1%@729,2%@729,0%@729,68%@729] GR3D_FREQ 99% cpu@62.531C soc2@61.843C soc0@62.593C gpu@63.781C tj@63.781C soc1@61.656C VDD_IN 17015mW/16943mW VDD_CPU_GPU_CV 8055mW/7931mW VDD_SOC 3923mW/3926mW
08-11-2026 21:56:37 RAM 6834/7607MB (lfb 3x4MB) SWAP 1384/16384MB (cached 104MB) CPU [5%@729,2%@729,1%@729,2%@729,6%@729,70%@729] GR3D_FREQ 98% cpu@62.656C soc2@61.906C soc0@62.5C gpu@64.156C tj@64.156C soc1@61.531C VDD_IN 17486mW/16944mW VDD_CPU_GPU_CV 8602mW/7933mW VDD_SOC 3883mW/3926mW
08-11-2026 21:56:38 RAM 6835/7607MB (lfb 3x4MB) SWAP 1384/16384MB (cached 104MB) CPU [5%@729,3%@729,2%@729,1%@729,0%@1344,58%@1344] GR3D_FREQ 98% cpu@62.906C soc2@61.968C soc0@62.593C gpu@64.031C tj@64.031C soc1@61.656C VDD_IN 17408mW/16946mW VDD_CPU_GPU_CV 8407mW/7934mW VDD_SOC 3923mW/3926mW
08-11-2026 21:56:39 RAM 6835/7607MB (lfb 3x4MB) SWAP 1384/16384MB (cached 104MB) CPU [4%@729,2%@729,3%@729,3%@729,0%@1344,58%@1344] GR3D_FREQ 93% cpu@62.593C soc2@61.875C soc0@62.593C gpu@64.125C tj@64.125C soc1@61.75C VDD_IN 17329mW/16947mW VDD_CPU_GPU_CV 8250mW/7935mW VDD_SOC 3962mW/3926mW
08-11-2026 21:56:40 RAM 6836/7607MB (lfb 3x4MB) SWAP 1384/16384MB (cached 104MB) CPU [10%@729,19%@729,3%@729,5%@729,2%@1344,58%@1344] GR3D_FREQ 92% cpu@62.687C soc2@61.843C soc0@62.687C gpu@64.375C tj@64.375C soc1@61.593C VDD_IN 17250mW/16947mW VDD_CPU_GPU_CV 8094mW/7935mW VDD_SOC 4001mW/3926mW
08-11-2026 21:56:41 RAM 6836/7607MB (lfb 3x4MB) SWAP 1384/16384MB (cached 104MB) CPU [3%@729,1%@729,2%@729,5%@729,1%@1344,59%@1344] GR3D_FREQ 98% cpu@62.843C soc2@61.843C soc0@62.593C gpu@64.375C tj@64.375C soc1@61.5C VDD_IN 17015mW/16948mW VDD_CPU_GPU_CV 7664mW/7935mW VDD_SOC 4040mW/3926mW
08-11-2026 21:56:42 RAM 6837/7607MB (lfb 3x4MB) SWAP 1384/16384MB (cached 104MB) CPU [2%@729,0%@729,3%@729,4%@729,0%@1344,59%@1344] GR3D_FREQ 98% cpu@62.687C soc2@61.75C soc0@62.656C gpu@64.125C tj@64.125C soc1@61.625C VDD_IN 16688mW/16947mW VDD_CPU_GPU_CV 7206mW/7933mW VDD_SOC 4126mW/3927mW
08-11-2026 21:56:43 RAM 6837/7607MB (lfb 3x4MB) SWAP 1384/16384MB (cached 104MB) CPU [3%@729,1%@729,1%@729,5%@729,0%@729,59%@729] GR3D_FREQ 98% cpu@62.718C soc2@61.781C soc0@62.656C gpu@64.281C tj@64.281C soc1@61.656C VDD_IN 16334mW/16945mW VDD_CPU_GPU_CV 7559mW/7932mW VDD_SOC 3851mW/3926mW
08-11-2026 21:56:44 RAM 6837/7607MB (lfb 3x4MB) SWAP 1384/16384MB (cached 104MB) CPU [2%@729,5%@729,2%@729,5%@729,1%@729,70%@729] GR3D_FREQ 99% cpu@62.593C soc2@62.031C soc0@62.625C gpu@63.968C tj@64.187C soc1@61.531C VDD_IN 17604mW/16947mW VDD_CPU_GPU_CV 8354mW/7933mW VDD_SOC 4080mW/3927mW
08-11-2026 21:56:45 RAM 6839/7607MB (lfb 2x4MB) SWAP 1384/16384MB (cached 104MB) CPU [7%@729,6%@729,20%@729,5%@729,0%@1344,69%@1344] GR3D_FREQ 98% cpu@62.781C soc2@61.906C soc0@62.625C gpu@64.281C tj@64.281C soc1@61.625C VDD_IN 17761mW/16949mW VDD_CPU_GPU_CV 8744mW/7935mW VDD_SOC 3923mW/3927mW
08-11-2026 21:56:46 RAM 6839/7607MB (lfb 2x4MB) SWAP 1384/16384MB (cached 104MB) CPU [2%@729,5%@729,2%@729,1%@729,0%@1344,60%@1344] GR3D_FREQ 98% cpu@62.843C soc2@61.812C soc0@62.5C gpu@64.187C tj@64.187C soc1@61.593C VDD_IN 17486mW/16951mW VDD_CPU_GPU_CV 8524mW/7937mW VDD_SOC 3923mW/3927mW
08-11-2026 21:56:47 RAM 6840/7607MB (lfb 2x4MB) SWAP 1384/16384MB (cached 104MB) CPU [2%@729,3%@729,4%@729,2%@729,0%@1344,58%@1344] GR3D_FREQ 98% cpu@62.593C soc2@61.781C soc0@62.562C gpu@64.156C tj@64.156C soc1@61.593C VDD_IN 17368mW/16952mW VDD_CPU_GPU_CV 8329mW/7938mW VDD_SOC 3962mW/3927mW
08-11-2026 21:56:48 RAM 6840/7607MB (lfb 2x4MB) SWAP 1384/16384MB (cached 104MB) CPU [2%@729,6%@729,1%@729,3%@729,0%@1113,57%@1113] GR3D_FREQ 98% cpu@62.906C soc2@61.875C soc0@62.625C gpu@64.187C tj@64.187C soc1@61.718C VDD_IN 17211mW/16952mW VDD_CPU_GPU_CV 8055mW/7938mW VDD_SOC 4001mW/3927mW
08-11-2026 21:56:49 RAM 6841/7607MB (lfb 2x4MB) SWAP 1384/16384MB (cached 104MB) CPU [4%@729,4%@729,2%@729,0%@729,0%@729,57%@729] GR3D_FREQ 98% cpu@62.593C soc2@61.843C soc0@62.593C gpu@64.156C tj@63.906C soc1@61.531C VDD_IN 16936mW/16952mW VDD_CPU_GPU_CV 7625mW/7937mW VDD_SOC 4086mW/3928mW
08-11-2026 21:56:50 RAM 6841/7607MB (lfb 2x4MB) SWAP 1384/16384MB (cached 104MB) CPU [3%@729,2%@729,5%@729,1%@729,0%@960,57%@960] GR3D_FREQ 99% cpu@62.906C soc2@61.937C soc0@62.593C gpu@63.343C tj@63.343C soc1@61.593C VDD_IN 16531mW/16951mW VDD_CPU_GPU_CV 7050mW/7935mW VDD_SOC 4126mW/3928mW
08-11-2026 21:56:51 RAM 6844/7607MB (lfb 2x4MB) SWAP 1384/16384MB (cached 104MB) CPU [14%@729,11%@729,5%@729,11%@729,1%@729,64%@729] GR3D_FREQ 99% cpu@62.687C soc2@61.812C soc0@62.5C gpu@63.656C tj@63.656C soc1@61.531C VDD_IN 16688mW/16950mW VDD_CPU_GPU_CV 7794mW/7934mW VDD_SOC 3890mW/3928mW
08-11-2026 21:56:52 RAM 6844/7607MB (lfb 2x4MB) SWAP 1384/16384MB (cached 104MB) CPU [2%@729,5%@729,3%@729,2%@729,0%@1344,70%@1344] GR3D_FREQ 99% cpu@62.593C soc2@61.875C soc0@62.593C gpu@64.218C tj@64.218C soc1@61.625C VDD_IN 17732mW/16952mW VDD_CPU_GPU_CV 8705mW/7936mW VDD_SOC 4001mW/3928mW
08-11-2026 21:56:53 RAM 6845/7607MB (lfb 2x4MB) SWAP 1384/16384MB (cached 104MB) CPU [2%@729,2%@729,4%@729,2%@729,0%@1344,63%@1344] GR3D_FREQ 98% cpu@62.781C soc2@61.875C soc0@62.625C gpu@64.125C tj@64.125C soc1@61.75C VDD_IN 17486mW/16954mW VDD_CPU_GPU_CV 8524mW/7938mW VDD_SOC 3923mW/3928mW
08-11-2026 21:56:54 RAM 6845/7607MB (lfb 2x4MB) SWAP 1384/16384MB (cached 104MB) CPU [3%@729,1%@729,4%@729,1%@729,0%@1344,59%@1344] GR3D_FREQ 98% cpu@62.75C soc2@61.843C soc0@62.656C gpu@64.093C tj@64.093C soc1@61.593C VDD_IN 17447mW/16955mW VDD_CPU_GPU_CV 8407mW/7939mW VDD_SOC 3962mW/3928mW
08-11-2026 21:56:56 RAM 6835/7607MB (lfb 1x4MB) SWAP 1384/16384MB (cached 104MB) CPU [23%@1344,6%@1344,8%@1344,27%@1344,12%@960,26%@960] GR3D_FREQ 0% cpu@62.093C soc2@61.218C soc0@62.375C gpu@62C tj@62.375C soc1@61.5C VDD_IN 9816mW/16937mW VDD_CPU_GPU_CV 3208mW/7927mW VDD_SOC 2737mW/3925mW
08-11-2026 21:56:57 RAM 6982/7607MB (lfb 1x4MB) SWAP 1384/16384MB (cached 104MB) CPU [76%@1344,88%@1344,74%@1344,76%@1344,80%@1344,73%@1344] GR3D_FREQ 99% cpu@62.093C soc2@61.093C soc0@62.031C gpu@62.156C tj@62.156C soc1@61.406C VDD_IN 9777mW/16918mW VDD_CPU_GPU_CV 3253mW/7915mW VDD_SOC 2185mW/3921mW
08-11-2026 21:56:58 RAM 6986/7607MB (lfb 2x4MB) SWAP 1384/16384MB (cached 104MB) CPU [3%@729,3%@729,9%@729,6%@729,64%@729,0%@729] GR3D_FREQ 99% cpu@62.531C soc2@61.406C soc0@62.187C gpu@63.437C tj@63.437C soc1@61.406C VDD_IN 16137mW/16916mW VDD_CPU_GPU_CV 7481mW/7914mW VDD_SOC 3733mW/3920mW
08-11-2026 21:56:59 RAM 6986/7607MB (lfb 2x4MB) SWAP 1384/16384MB (cached 104MB) CPU [35%@729,2%@729,3%@729,2%@729,37%@729,0%@729] GR3D_FREQ 98% cpu@62.312C soc2@61.718C soc0@62.312C gpu@64.156C tj@64.156C soc1@61.343C VDD_IN 17604mW/16918mW VDD_CPU_GPU_CV 8666mW/7916mW VDD_SOC 3923mW/3920mW
08-11-2026 21:57:00 RAM 6986/7607MB (lfb 2x4MB) SWAP 1384/16384MB (cached 104MB) CPU [3%@729,2%@729,6%@729,1%@729,1%@1344,63%@1344] GR3D_FREQ 98% cpu@62.437C soc2@61.5C soc0@62.343C gpu@63.937C tj@63.937C soc1@61.312C VDD_IN 17408mW/16919mW VDD_CPU_GPU_CV 8485mW/7917mW VDD_SOC 3923mW/3920mW
08-11-2026 21:57:01 RAM 6986/7607MB (lfb 2x4MB) SWAP 1384/16384MB (cached 104MB) CPU [2%@729,2%@729,4%@729,3%@729,0%@1344,60%@1344] GR3D_FREQ 98% cpu@62.687C soc2@61.531C soc0@62.187C gpu@63.781C tj@63.781C soc1@61.406C VDD_IN 17408mW/16921mW VDD_CPU_GPU_CV 8407mW/7918mW VDD_SOC 3923mW/3920mW
08-11-2026 21:57:02 RAM 6986/7607MB (lfb 2x4MB) SWAP 1384/16384MB (cached 104MB) CPU [3%@729,3%@729,6%@729,2%@729,0%@1344,58%@1344] GR3D_FREQ 98% cpu@62.468C soc2@61.625C soc0@62.281C gpu@63.906C tj@63.906C soc1@61.5C VDD_IN 17329mW/16922mW VDD_CPU_GPU_CV 8211mW/7919mW VDD_SOC 3962mW/3920mW
08-11-2026 21:57:03 RAM 6988/7607MB (lfb 2x4MB) SWAP 1384/16384MB (cached 104MB) CPU [9%@729,5%@729,6%@729,13%@729,6%@1344,59%@1344] GR3D_FREQ 98% cpu@62.75C soc2@61.718C soc0@62.437C gpu@63.812C tj@64.093C soc1@61.5C VDD_IN 17250mW/16923mW VDD_CPU_GPU_CV 7977mW/7919mW VDD_SOC 4040mW/3921mW
08-11-2026 21:57:04 RAM 6988/7607MB (lfb 2x4MB) SWAP 1384/16384MB (cached 104MB) CPU [3%@729,2%@729,5%@729,1%@729,0%@1344,58%@1344] GR3D_FREQ 98% cpu@62.5C soc2@61.562C soc0@62.406C gpu@64.062C tj@64.062C soc1@61.343C VDD_IN 16897mW/16922mW VDD_CPU_GPU_CV 7481mW/7918mW VDD_SOC 4126mW/3921mW
08-11-2026 21:57:05 RAM 6988/7607MB (lfb 2x4MB) SWAP 1384/16384MB (cached 104MB) CPU [2%@729,1%@729,5%@729,2%@729,0%@729,56%@729] GR3D_FREQ 97% cpu@62.562C soc2@61.625C soc0@62.281C gpu@63.593C tj@63.593C soc1@61.312C VDD_IN 16452mW/16921mW VDD_CPU_GPU_CV 7363mW/7917mW VDD_SOC 3968mW/3921mW
08-11-2026 21:57:06 RAM 6988/7607MB (lfb 2x4MB) SWAP 1384/16384MB (cached 104MB) CPU [2%@729,2%@729,1%@729,4%@729,0%@729,68%@729] GR3D_FREQ 99% cpu@62.593C soc2@61.562C soc0@62.375C gpu@63.812C tj@63.812C soc1@61.5C VDD_IN 16936mW/16921mW VDD_CPU_GPU_CV 7977mW/7917mW VDD_SOC 3929mW/3921mW
08-11-2026 21:57:07 RAM 6988/7607MB (lfb 2x4MB) SWAP 1384/16384MB (cached 104MB) CPU [2%@729,1%@729,3%@729,8%@729,0%@1344,70%@1344] GR3D_FREQ 97% cpu@62.375C soc2@61.593C soc0@62.312C gpu@64.218C tj@64.218C soc1@61.375C VDD_IN 17526mW/16923mW VDD_CPU_GPU_CV 8602mW/7919mW VDD_SOC 3883mW/3921mW
08-11-2026 21:57:08 RAM 6988/7607MB (lfb 2x4MB) SWAP 1384/16384MB (cached 104MB) CPU [7%@1344,2%@1344,7%@1344,5%@1344,0%@1344,58%@1344] GR3D_FREQ 97% cpu@62.593C soc2@61.75C soc0@62.375C gpu@63.906C tj@63.906C soc1@61.343C VDD_IN 17526mW/16924mW VDD_CPU_GPU_CV 8563mW/7920mW VDD_SOC 3923mW/3921mW
08-11-2026 21:57:09 RAM 6989/7607MB (lfb 2x4MB) SWAP 1384/16384MB (cached 104MB) CPU [3%@729,7%@729,13%@729,7%@729,0%@1344,59%@1344] GR3D_FREQ 89% cpu@62.406C soc2@61.593C soc0@62.218C gpu@63.937C tj@63.937C soc1@61.375C VDD_IN 17368mW/16925mW VDD_CPU_GPU_CV 8329mW/7921mW VDD_SOC 3962mW/3921mW
08-11-2026 21:57:10 RAM 6989/7607MB (lfb 2x4MB) SWAP 1384/16384MB (cached 104MB) CPU [1%@729,1%@729,1%@729,5%@729,0%@1344,59%@1344] GR3D_FREQ 93% cpu@62.531C soc2@61.593C soc0@62.281C gpu@63.937C tj@63.937C soc1@61.406C VDD_IN 17211mW/16926mW VDD_CPU_GPU_CV 8055mW/7922mW VDD_SOC 4001mW/3922mW
08-11-2026 21:57:11 RAM 6989/7607MB (lfb 2x4MB) SWAP 1384/16384MB (cached 104MB) CPU [1%@729,3%@729,5%@729,1%@729,0%@1344,58%@1344] GR3D_FREQ 98% cpu@62.75C soc2@61.625C soc0@62.375C gpu@63.843C tj@63.843C soc1@61.5C VDD_IN 17015mW/16926mW VDD_CPU_GPU_CV 7742mW/7921mW VDD_SOC 4040mW/3922mW
08-11-2026 21:57:12 RAM 6989/7607MB (lfb 2x4MB) SWAP 1384/16384MB (cached 104MB) CPU [3%@729,1%@729,3%@729,4%@729,0%@1344,59%@1344] GR3D_FREQ 98% cpu@62.593C soc2@61.625C soc0@62.406C gpu@63.812C tj@63.812C soc1@61.531C VDD_IN 16806mW/16926mW VDD_CPU_GPU_CV 7285mW/7920mW VDD_SOC 4126mW/3922mW
08-11-2026 21:57:13 RAM 6989/7607MB (lfb 2x4MB) SWAP 1384/16384MB (cached 104MB) CPU [2%@729,2%@729,2%@729,4%@729,0%@729,58%@729] GR3D_FREQ 99% cpu@62.312C soc2@61.593C soc0@62.406C gpu@63.781C tj@63.781C soc1@61.343C VDD_IN 16334mW/16925mW VDD_CPU_GPU_CV 7559mW/7919mW VDD_SOC 3851mW/3922mW
08-11-2026 21:57:14 RAM 6990/7607MB (lfb 2x4MB) SWAP 1384/16384MB (cached 104MB) CPU [18%@729,8%@729,8%@729,4%@729,0%@729,70%@729] GR3D_FREQ 99% cpu@62.531C soc2@61.75C soc0@62.281C gpu@63.843C tj@63.843C soc1@61.406C VDD_IN 17643mW/16926mW VDD_CPU_GPU_CV 8446mW/7920mW VDD_SOC 4040mW/3922mW
08-11-2026 21:57:15 RAM 6990/7607MB (lfb 2x4MB) SWAP 1384/16384MB (cached 104MB) CPU [2%@729,2%@729,5%@729,2%@729,0%@1344,70%@1344] GR3D_FREQ 98% cpu@62.531C soc2@61.625C soc0@62.375C gpu@63.937C tj@63.937C soc1@61.437C VDD_IN 17565mW/16928mW VDD_CPU_GPU_CV 8627mW/7922mW VDD_SOC 3923mW/3922mW
08-11-2026 21:57:16 RAM 6990/7607MB (lfb 2x4MB) SWAP 1384/16384MB (cached 104MB) CPU [3%@729,1%@729,5%@729,1%@729,0%@1344,59%@1344] GR3D_FREQ 98% cpu@62.75C soc2@61.625C soc0@62.406C gpu@64.062C tj@64.062C soc1@61.468C VDD_IN 17486mW/16929mW VDD_CPU_GPU_CV 8524mW/7923mW VDD_SOC 3923mW/3922mW
08-11-2026 21:57:17 RAM 6990/7607MB (lfb 2x4MB) SWAP 1384/16384MB (cached 104MB) CPU [2%@729,1%@729,1%@729,4%@729,1%@960,57%@960] GR3D_FREQ 98% cpu@62.5C soc2@61.687C soc0@62.5C gpu@64.062C tj@64.062C soc1@61.437C VDD_IN 17408mW/16930mW VDD_CPU_GPU_CV 8329mW/7924mW VDD_SOC 3962mW/3923mW
08-11-2026 21:57:18 RAM 6990/7607MB (lfb 2x4MB) SWAP 1384/16384MB (cached 104MB) CPU [2%@729,6%@729,2%@729,6%@729,0%@806,58%@806] GR3D_FREQ 98% cpu@62.5C soc2@61.625C soc0@62.437C gpu@64.093C tj@64.093C soc1@61.343C VDD_IN 17211mW/16931mW VDD_CPU_GPU_CV 8055mW/7925mW VDD_SOC 4001mW/3923mW
08-11-2026 21:57:19 RAM 6990/7607MB (lfb 2x4MB) SWAP 1384/16384MB (cached 104MB) CPU [2%@729,1%@729,7%@729,1%@729,0%@729,59%@729] GR3D_FREQ 97% cpu@62.593C soc2@61.718C soc0@62.343C gpu@63.906C tj@63.906C soc1@61.468C VDD_IN 16936mW/16931mW VDD_CPU_GPU_CV 7586mW/7924mW VDD_SOC 4080mW/3923mW
08-11-2026 21:57:20 RAM 6990/7607MB (lfb 2x4MB) SWAP 1384/16384MB (cached 104MB) CPU [14%@729,8%@729,9%@729,9%@729,0%@1113,58%@1113] GR3D_FREQ 99% cpu@62.687C soc2@61.687C soc0@62.406C gpu@63.375C tj@63.375C soc1@61.468C VDD_IN 16649mW/16930mW VDD_CPU_GPU_CV 7050mW/7922mW VDD_SOC 4165mW/3924mW
08-11-2026 21:57:21 RAM 6991/7607MB (lfb 2x4MB) SWAP 1384/16384MB (cached 104MB) CPU [2%@729,4%@729,2%@729,2%@729,0%@729,63%@729] GR3D_FREQ 57% cpu@62.625C soc2@61.625C soc0@62.531C gpu@63.375C tj@63.375C soc1@61.562C VDD_IN 16373mW/16929mW VDD_CPU_GPU_CV 7598mW/7921mW VDD_SOC 3890mW/3924mW
08-11-2026 21:57:22 RAM 6991/7607MB (lfb 2x4MB) SWAP 1384/16384MB (cached 104MB) CPU [3%@729,4%@729,2%@729,1%@729,0%@729,69%@729] GR3D_FREQ 99% cpu@62.562C soc2@61.656C soc0@62.5C gpu@64.093C tj@64.093C soc1@61.406C VDD_IN 17772mW/16931mW VDD_CPU_GPU_CV 8627mW/7923mW VDD_SOC 4040mW/3924mW
08-11-2026 21:57:23 RAM 6991/7607MB (lfb 2x4MB) SWAP 1384/16384MB (cached 104MB) CPU [3%@729,4%@729,4%@729,2%@729,0%@1344,65%@1344] GR3D_FREQ 98% cpu@62.531C soc2@61.656C soc0@62.468C gpu@63.968C tj@63.968C soc1@61.437C VDD_IN 17526mW/16933mW VDD_CPU_GPU_CV 8563mW/7924mW VDD_SOC 3923mW/3924mW
08-11-2026 21:57:24 RAM 6991/7607MB (lfb 2x4MB) SWAP 1384/16384MB (cached 104MB) CPU [1%@729,5%@729,3%@729,2%@729,0%@1344,58%@1344] GR3D_FREQ 98% cpu@62.656C soc2@61.75C soc0@62.343C gpu@64.156C tj@64.156C soc1@61.468C VDD_IN 17447mW/16934mW VDD_CPU_GPU_CV 8407mW/7925mW VDD_SOC 3923mW/3924mW
08-11-2026 21:57:25 RAM 6993/7607MB (lfb 2x4MB) SWAP 1384/16384MB (cached 104MB) CPU [5%@729,10%@729,17%@729,6%@729,0%@1344,60%@1344] GR3D_FREQ 98% cpu@62.656C soc2@61.75C soc0@62.468C gpu@64.125C tj@64.125C soc1@61.593C VDD_IN 17486mW/16935mW VDD_CPU_GPU_CV 8368mW/7926mW VDD_SOC 4001mW/3924mW
08-11-2026 21:57:26 RAM 6993/7607MB (lfb 2x4MB) SWAP 1384/16384MB (cached 104MB) CPU [3%@729,0%@729,2%@729,4%@729,0%@1344,58%@1344] GR3D_FREQ 98% cpu@62.562C soc2@61.75C soc0@62.562C gpu@64.25C tj@64.25C soc1@61.437C VDD_IN 17172mW/16936mW VDD_CPU_GPU_CV 7938mW/7926mW VDD_SOC 4040mW/3924mW
08-11-2026 21:57:27 RAM 6993/7607MB (lfb 2x4MB) SWAP 1384/16384MB (cached 104MB) CPU [2%@729,5%@729,3%@729,1%@729,0%@1344,59%@1344] GR3D_FREQ 98% cpu@62.718C soc2@61.593C soc0@62.281C gpu@64.125C tj@64.125C soc1@61.437C VDD_IN 16897mW/16936mW VDD_CPU_GPU_CV 7507mW/7925mW VDD_SOC 4086mW/3925mW
08-11-2026 21:57:28 RAM 6993/7607MB (lfb 2x4MB) SWAP 1384/16384MB (cached 104MB) CPU [1%@729,7%@729,4%@729,3%@729,0%@729,56%@729] GR3D_FREQ 97% cpu@62.937C soc2@61.75C soc0@62.406C gpu@63.343C tj@63.343C soc1@61.468C VDD_IN 16491mW/16935mW VDD_CPU_GPU_CV 7324mW/7924mW VDD_SOC 4008mW/3925mW
08-11-2026 21:57:29 RAM 6993/7607MB (lfb 2x4MB) SWAP 1384/16384MB (cached 104MB) CPU [3%@729,1%@729,5%@729,1%@729,0%@729,67%@729] GR3D_FREQ 99% cpu@62.593C soc2@61.656C soc0@62.468C gpu@63.406C tj@63.406C soc1@61.593C VDD_IN 16728mW/16934mW VDD_CPU_GPU_CV 7872mW/7924mW VDD_SOC 3890mW/3925mW
08-11-2026 21:57:30 RAM 6993/7607MB (lfb 2x4MB) SWAP 1384/16384MB (cached 104MB) CPU [2%@729,4%@729,2%@729,3%@729,0%@729,70%@729] GR3D_FREQ 97% cpu@62.906C soc2@61.781C soc0@62.625C gpu@63.937C tj@63.937C soc1@61.625C VDD_IN 17447mW/16935mW VDD_CPU_GPU_CV 8524mW/7925mW VDD_SOC 3923mW/3925mW
08-11-2026 21:57:31 RAM 6996/7607MB (lfb 2x4MB) SWAP 1384/16384MB (cached 104MB) CPU [9%@729,4%@729,17%@729,7%@729,2%@1344,60%@1344] GR3D_FREQ 93% cpu@62.531C soc2@61.625C soc0@62.593C gpu@64.031C tj@64.031C soc1@61.375C VDD_IN 17486mW/16937mW VDD_CPU_GPU_CV 8524mW/7927mW VDD_SOC 3923mW/3925mW
08-11-2026 21:57:32 RAM 6996/7607MB (lfb 2x4MB) SWAP 1384/16384MB (cached 104MB) CPU [2%@729,6%@729,3%@729,2%@729,0%@1344,58%@1344] GR3D_FREQ 94% cpu@62.593C soc2@61.687C soc0@62.375C gpu@64C tj@64C soc1@61.5C VDD_IN 17408mW/16938mW VDD_CPU_GPU_CV 8329mW/7928mW VDD_SOC 3962mW/3925mW
08-11-2026 21:57:33 RAM 6996/7607MB (lfb 2x4MB) SWAP 1384/16384MB (cached 104MB) CPU [2%@729,5%@729,2%@729,1%@729,0%@1344,59%@1344] GR3D_FREQ 98% cpu@62.843C soc2@61.687C soc0@62.531C gpu@64.281C tj@64.281C soc1@61.5C VDD_IN 17250mW/16938mW VDD_CPU_GPU_CV 8094mW/7928mW VDD_SOC 4001mW/3925mW
08-11-2026 21:57:34 RAM 6997/7607MB (lfb 2x4MB) SWAP 1384/16384MB (cached 104MB) CPU [6%@729,1%@729,1%@729,2%@729,0%@1344,59%@1344] GR3D_FREQ 98% cpu@62.562C soc2@61.75C soc0@62.593C gpu@64.25C tj@64.25C soc1@61.593C VDD_IN 17093mW/16939mW VDD_CPU_GPU_CV 7820mW/7928mW VDD_SOC 4040mW/3925mW
08-11-2026 21:57:35 RAM 6997/7607MB (lfb 2x4MB) SWAP 1384/16384MB (cached 104MB) CPU [3%@729,5%@729,2%@729,1%@729,0%@1344,58%@1344] GR3D_FREQ 98% cpu@62.656C soc2@61.781C soc0@62.562C gpu@64.156C tj@64.156C soc1@61.5C VDD_IN 16846mW/16939mW VDD_CPU_GPU_CV 7324mW/7926mW VDD_SOC 4126mW/3926mW
08-11-2026 21:57:36 RAM 6997/7607MB (lfb 2x4MB) SWAP 1384/16384MB (cached 104MB) CPU [9%@729,6%@729,18%@729,4%@729,0%@729,57%@729] GR3D_FREQ 99% cpu@62.656C soc2@61.75C soc0@62.468C gpu@63.75C tj@63.75C soc1@61.468C VDD_IN 16531mW/16938mW VDD_CPU_GPU_CV 7716mW/7926mW VDD_SOC 3890mW/3926mW
08-11-2026 21:57:37 RAM 6997/7607MB (lfb 2x4MB) SWAP 1384/16384MB (cached 104MB) CPU [5%@729,2%@729,2%@729,1%@729,0%@729,70%@729] GR3D_FREQ 99% cpu@62.656C soc2@61.843C soc0@62.437C gpu@64.062C tj@64.062C soc1@61.562C VDD_IN 17408mW/16939mW VDD_CPU_GPU_CV 8290mW/7927mW VDD_SOC 4001mW/3926mW
08-11-2026 21:57:38 RAM 6997/7607MB (lfb 2x4MB) SWAP 1384/16384MB (cached 104MB) CPU [3%@729,5%@729,1%@729,2%@729,0%@1344,69%@1344] GR3D_FREQ 98% cpu@62.843C soc2@61.781C soc0@62.531C gpu@64.156C tj@64.156C soc1@61.562C VDD_IN 17643mW/16940mW VDD_CPU_GPU_CV 8666mW/7928mW VDD_SOC 3923mW/3926mW
08-11-2026 21:57:39 RAM 6997/7607MB (lfb 2x4MB) SWAP 1384/16384MB (cached 104MB) CPU [4%@729,10%@729,2%@729,3%@729,0%@1036,58%@1036] GR3D_FREQ 98% cpu@62.625C soc2@61.812C soc0@62.531C gpu@64.218C tj@64.218C soc1@61.562C VDD_IN 17604mW/16942mW VDD_CPU_GPU_CV 8549mW/7930mW VDD_SOC 3923mW/3926mW
08-11-2026 21:57:40 RAM 6996/7607MB (lfb 2x4MB) SWAP 1384/16384MB (cached 104MB) CPU [1%@729,6%@729,1%@729,2%@729,0%@883,58%@883] GR3D_FREQ 98% cpu@62.562C soc2@61.781C soc0@62.625C gpu@64.125C tj@64.125C soc1@61.5C VDD_IN 17408mW/16943mW VDD_CPU_GPU_CV 8329mW/7931mW VDD_SOC 3962mW/3926mW
08-11-2026 21:57:41 RAM 6996/7607MB (lfb 2x4MB) SWAP 1384/16384MB (cached 104MB) CPU [3%@729,1%@729,6%@729,2%@729,0%@729,59%@729] GR3D_FREQ 98% cpu@62.656C soc2@61.781C soc0@62.468C gpu@63.906C tj@63.906C soc1@61.5C VDD_IN 17211mW/16944mW VDD_CPU_GPU_CV 8016mW/7931mW VDD_SOC 4001mW/3926mW
08-11-2026 21:57:42 RAM 6993/7607MB (lfb 2x4MB) SWAP 1384/16384MB (cached 104MB) CPU [8%@729,17%@729,6%@729,8%@729,0%@729,59%@729] GR3D_FREQ 94% cpu@62.625C soc2@61.843C soc0@62.468C gpu@63.812C tj@63.812C soc1@61.593C VDD_IN 16975mW/16944mW VDD_CPU_GPU_CV 7625mW/7930mW VDD_SOC 4080mW/3927mW
08-11-2026 21:57:43 RAM 6993/7607MB (lfb 2x4MB) SWAP 1384/16384MB (cached 104MB) CPU [2%@729,5%@729,1%@729,3%@729,0%@1267,61%@1267] GR3D_FREQ 99% cpu@62.812C soc2@61.843C soc0@62.531C gpu@63.531C tj@63.531C soc1@61.656C VDD_IN 16649mW/16943mW VDD_CPU_GPU_CV 7089mW/7928mW VDD_SOC 4165mW/3927mW
08-11-2026 21:57:44 RAM 6993/7607MB (lfb 2x4MB) SWAP 1384/16384MB (cached 104MB) CPU [4%@729,2%@729,4%@729,2%@729,0%@729,62%@729] GR3D_FREQ 47% cpu@62.468C soc2@61.843C soc0@62.625C gpu@63.593C tj@63.593C soc1@61.406C VDD_IN 16413mW/16942mW VDD_CPU_GPU_CV 7559mW/7927mW VDD_SOC 3890mW/3927mW
08-11-2026 21:57:45 RAM 6993/7607MB (lfb 2x4MB) SWAP 1384/16384MB (cached 104MB) CPU [1%@729,1%@729,1%@729,8%@729,0%@729,69%@729] GR3D_FREQ 97% cpu@62.718C soc2@61.843C soc0@62.562C gpu@64.25C tj@64.25C soc1@61.562C VDD_IN 17761mW/16944mW VDD_CPU_GPU_CV 8588mW/7929mW VDD_SOC 4040mW/3927mW
08-11-2026 21:57:46 RAM 6993/7607MB (lfb 2x4MB) SWAP 1384/16384MB (cached 104MB) CPU [3%@1113,1%@1113,4%@1113,1%@1113,0%@1344,63%@1344] GR3D_FREQ 98% cpu@62.843C soc2@61.812C soc0@62.562C gpu@64.312C tj@64.312C soc1@61.562C VDD_IN 17565mW/16945mW VDD_CPU_GPU_CV 8588mW/7930mW VDD_SOC 3923mW/3927mW
08-11-2026 21:57:47 RAM 6994/7607MB (lfb 2x4MB) SWAP 1384/16384MB (cached 104MB) CPU [6%@729,22%@729,7%@729,2%@729,0%@1344,60%@1344] GR3D_FREQ 98% cpu@62.656C soc2@61.937C soc0@62.562C gpu@64.312C tj@64.312C soc1@61.687C VDD_IN 17722mW/16947mW VDD_CPU_GPU_CV 8666mW/7932mW VDD_SOC 3962mW/3927mW
08-11-2026 21:57:48 RAM 6994/7607MB (lfb 2x4MB) SWAP 1384/16384MB (cached 104MB) CPU [3%@729,4%@729,1%@729,2%@729,0%@1344,58%@1344] GR3D_FREQ 98% cpu@62.75C soc2@61.937C soc0@62.593C gpu@64.031C tj@64.031C soc1@61.531C VDD_IN 17408mW/16948mW VDD_CPU_GPU_CV 8290mW/7933mW VDD_SOC 3962mW/3927mW
08-11-2026 21:57:49 RAM 6994/7607MB (lfb 2x4MB) SWAP 1384/16384MB (cached 104MB) CPU [3%@1344,5%@1344,1%@1344,3%@1344,0%@1344,59%@1344] GR3D_FREQ 98% cpu@62.812C soc2@61.718C soc0@62.593C gpu@64.093C tj@64.093C soc1@61.531C VDD_IN 17211mW/16948mW VDD_CPU_GPU_CV 7977mW/7933mW VDD_SOC 4040mW/3928mW
08-11-2026 21:57:50 RAM 6994/7607MB (lfb 2x4MB) SWAP 1384/16384MB (cached 104MB) CPU [3%@1113,3%@1113,8%@1113,2%@1113,0%@1344,59%@1344] GR3D_FREQ 98% cpu@63.125C soc2@61.812C soc0@62.5C gpu@64C tj@64C soc1@61.562C VDD_IN 17015mW/16949mW VDD_CPU_GPU_CV 7625mW/7932mW VDD_SOC 4119mW/3928mW
08-11-2026 21:57:51 RAM 6993/7607MB (lfb 2x4MB) SWAP 1384/16384MB (cached 104MB) CPU [11%@1344,17%@1344,21%@1344,17%@1344,15%@1344,63%@1344] GR3D_FREQ 99% cpu@63.25C soc2@62.062C soc0@62.687C gpu@63.718C tj@63.718C soc1@61.75C VDD_IN 17093mW/16949mW VDD_CPU_GPU_CV 7742mW/7932mW VDD_SOC 4119mW/3929mW
08-11-2026 21:57:52 RAM 6993/7607MB (lfb 2x4MB) SWAP 1384/16384MB (cached 104MB) CPU [41%@729,5%@729,5%@729,6%@729,33%@729,7%@729] GR3D_FREQ 99% cpu@62.75C soc2@61.781C soc0@62.75C gpu@63.406C tj@63.406C soc1@61.625C VDD_IN 16806mW/16949mW VDD_CPU_GPU_CV 7899mW/7932mW VDD_SOC 3890mW/3928mW
08-11-2026 21:57:53 RAM 6994/7607MB (lfb 2x4MB) SWAP 1384/16384MB (cached 104MB) CPU [13%@729,9%@729,7%@729,16%@729,70%@1344,4%@1344] GR3D_FREQ 98% cpu@62.843C soc2@61.906C soc0@62.625C gpu@63.875C tj@63.875C soc1@61.625C VDD_IN 17486mW/16950mW VDD_CPU_GPU_CV 8563mW/7933mW VDD_SOC 3883mW/3928mW
08-11-2026 21:57:54 RAM 6994/7607MB (lfb 2x4MB) SWAP 1384/16384MB (cached 104MB) CPU [6%@729,2%@729,2%@729,4%@729,54%@1344,0%@1344] GR3D_FREQ 98% cpu@62.937C soc2@61.875C soc0@62.593C gpu@63.906C tj@63.906C soc1@61.75C VDD_IN 17329mW/16951mW VDD_CPU_GPU_CV 8368mW/7934mW VDD_SOC 3923mW/3928mW
08-11-2026 21:57:55 RAM 6994/7607MB (lfb 2x4MB) SWAP 1384/16384MB (cached 104MB) CPU [1%@1344,2%@1344,1%@1344,5%@1344,58%@1344,1%@1344] GR3D_FREQ 94% cpu@62.843C soc2@61.937C soc0@62.593C gpu@63.906C tj@63.906C soc1@61.718C VDD_IN 17211mW/16951mW VDD_CPU_GPU_CV 8211mW/7935mW VDD_SOC 3923mW/3928mW
08-11-2026 21:57:56 RAM 6994/7607MB (lfb 2x4MB) SWAP 1384/16384MB (cached 104MB) CPU [3%@729,2%@729,1%@729,5%@729,59%@1344,1%@1344] GR3D_FREQ 98% cpu@62.593C soc2@61.875C soc0@62.75C gpu@63.875C tj@63.875C soc1@61.593C VDD_IN 17093mW/16952mW VDD_CPU_GPU_CV 8016mW/7935mW VDD_SOC 3962mW/3928mW
08-11-2026 21:57:57 RAM 6994/7607MB (lfb 2x4MB) SWAP 1384/16384MB (cached 104MB) CPU [1%@729,3%@729,5%@729,1%@729,59%@1344,0%@1344] GR3D_FREQ 98% cpu@62.718C soc2@61.75C soc0@62.5C gpu@64.125C tj@64.125C soc1@61.562C VDD_IN 16897mW/16951mW VDD_CPU_GPU_CV 7625mW/7934mW VDD_SOC 4047mW/3929mW
08-11-2026 21:57:58 RAM 6995/7607MB (lfb 2x4MB) SWAP 1384/16384MB (cached 104MB) CPU [39%@1344,12%@1344,5%@1344,8%@1344,22%@1344,1%@1344] GR3D_FREQ 98% cpu@63.062C soc2@61.906C soc0@62.593C gpu@64.031C tj@64.031C soc1@61.656C VDD_IN 16806mW/16951mW VDD_CPU_GPU_CV 7324mW/7933mW VDD_SOC 4126mW/3929mW
08-11-2026 21:57:59 RAM 6995/7607MB (lfb 2x4MB) SWAP 1384/16384MB (cached 104MB) CPU [3%@729,6%@729,6%@729,3%@729,58%@729,1%@729] GR3D_FREQ 99% cpu@62.687C soc2@61.906C soc0@62.625C gpu@64.187C tj@64.187C soc1@61.75C VDD_IN 16255mW/16950mW VDD_CPU_GPU_CV 7520mW/7932mW VDD_SOC 3811mW/3929mW
08-11-2026 21:58:00 RAM 6995/7607MB (lfb 2x4MB) SWAP 1384/16384MB (cached 104MB) CPU [2%@729,0%@729,1%@729,5%@729,68%@729,1%@729] GR3D_FREQ 98% cpu@63.156C soc2@62C soc0@62.593C gpu@64.406C tj@64.406C soc1@61.718C VDD_IN 17447mW/16951mW VDD_CPU_GPU_CV 8290mW/7933mW VDD_SOC 4040mW/3929mW
08-11-2026 21:58:01 RAM 6995/7607MB (lfb 2x4MB) SWAP 1384/16384MB (cached 104MB) CPU [38%@1344,2%@1344,2%@1344,6%@1344,30%@729,1%@729] GR3D_FREQ 98% cpu@62.687C soc2@62C soc0@62.593C gpu@64.593C tj@64.593C soc1@61.625C VDD_IN 17486mW/16952mW VDD_CPU_GPU_CV 8602mW/7934mW VDD_SOC 3883mW/3929mW
08-11-2026 21:58:02 RAM 6995/7607MB (lfb 2x4MB) SWAP 1384/16384MB (cached 104MB) CPU [11%@729,3%@729,4%@729,3%@729,51%@1344,0%@1344] GR3D_FREQ 98% cpu@62.718C soc2@61.906C soc0@62.562C gpu@64.562C tj@64.562C soc1@61.593C VDD_IN 17368mW/16953mW VDD_CPU_GPU_CV 8446mW/7935mW VDD_SOC 3923mW/3929mW
08-11-2026 21:58:03 RAM 6995/7607MB (lfb 2x4MB) SWAP 1384/16384MB (cached 104MB) CPU [6%@729,2%@729,1%@729,0%@729,59%@1344,0%@1344] GR3D_FREQ 98% cpu@62.875C soc2@61.875C soc0@62.625C gpu@64.031C tj@64.031C soc1@61.656C VDD_IN 17290mW/16954mW VDD_CPU_GPU_CV 8290mW/7936mW VDD_SOC 3962mW/3929mW
08-11-2026 21:58:04 RAM 6996/7607MB (lfb 2x4MB) SWAP 1384/16384MB (cached 104MB) CPU [5%@729,7%@729,4%@729,6%@729,61%@960,16%@960] GR3D_FREQ 98% cpu@62.625C soc2@61.812C soc0@62.562C gpu@64.25C tj@64.25C soc1@61.75C VDD_IN 17250mW/16954mW VDD_CPU_GPU_CV 8094mW/7937mW VDD_SOC 4001mW/3929mW
08-11-2026 21:58:05 RAM 6996/7607MB (lfb 2x4MB) SWAP 1384/16384MB (cached 104MB) CPU [6%@729,2%@729,1%@729,1%@729,58%@729,1%@729] GR3D_FREQ 98% cpu@62.937C soc2@61.843C soc0@62.625C gpu@64.187C tj@64.187C soc1@61.656C VDD_IN 16857mW/16954mW VDD_CPU_GPU_CV 7586mW/7936mW VDD_SOC 4047mW/3929mW
08-11-2026 21:58:06 RAM 6996/7607MB (lfb 2x4MB) SWAP 1384/16384MB (cached 104MB) CPU [1%@729,2%@729,0%@729,0%@729,58%@1113,3%@1113] GR3D_FREQ 99% cpu@62.937C soc2@61.937C soc0@62.625C gpu@63.531C tj@63.531C soc1@61.625C VDD_IN 16413mW/16953mW VDD_CPU_GPU_CV 7011mW/7934mW VDD_SOC 4126mW/3930mW
08-11-2026 21:58:07 RAM 6996/7607MB (lfb 2x4MB) SWAP 1384/16384MB (cached 104MB) CPU [2%@729,4%@729,4%@729,2%@729,63%@729,0%@729] GR3D_FREQ 99% cpu@62.625C soc2@61.781C soc0@62.593C gpu@63.718C tj@63.718C soc1@61.593C VDD_IN 16413mW/16952mW VDD_CPU_GPU_CV 7559mW/7933mW VDD_SOC 3851mW/3930mW
08-11-2026 21:58:08 RAM 6996/7607MB (lfb 2x4MB) SWAP 1384/16384MB (cached 104MB) CPU [2%@729,2%@729,5%@729,3%@729,70%@729,0%@729] GR3D_FREQ 99% cpu@63C soc2@61.937C soc0@62.593C gpu@64.343C tj@64.343C soc1@61.593C VDD_IN 17693mW/16953mW VDD_CPU_GPU_CV 8627mW/7934mW VDD_SOC 4001mW/3930mW
08-11-2026 21:58:09 RAM 6996/7607MB (lfb 2x4MB) SWAP 1384/16384MB (cached 104MB) CPU [6%@729,2%@729,5%@729,6%@729,64%@1344,0%@1344] GR3D_FREQ 98% cpu@62.937C soc2@61.937C soc0@62.593C gpu@64.093C tj@64.093C soc1@61.625C VDD_IN 17526mW/16954mW VDD_CPU_GPU_CV 8602mW/7936mW VDD_SOC 3923mW/3930mW
08-11-2026 21:58:10 RAM 6996/7607MB (lfb 2x4MB) SWAP 1384/16384MB (cached 104MB) CPU [8%@729,4%@729,12%@729,1%@729,58%@1344,1%@1344] GR3D_FREQ 98% cpu@62.906C soc2@62C soc0@62.656C gpu@64.125C tj@64.125C soc1@61.75C VDD_IN 17368mW/16955mW VDD_CPU_GPU_CV 8407mW/7937mW VDD_SOC 3923mW/3930mW
08-11-2026 21:58:11 RAM 6996/7607MB (lfb 2x4MB) SWAP 1384/16384MB (cached 104MB) CPU [2%@729,1%@729,4%@729,4%@729,59%@1344,0%@1344] GR3D_FREQ 98% cpu@62.625C soc2@61.937C soc0@62.75C gpu@64.093C tj@64.093C soc1@61.562C VDD_IN 17250mW/16956mW VDD_CPU_GPU_CV 8133mW/7937mW VDD_SOC 3962mW/3930mW
08-11-2026 21:58:12 RAM 6996/7607MB (lfb 2x4MB) SWAP 1384/16384MB (cached 104MB) CPU [4%@729,2%@729,2%@729,7%@729,58%@1344,2%@1344] GR3D_FREQ 98% cpu@62.75C soc2@62C soc0@62.625C gpu@64.093C tj@64.093C soc1@61.687C VDD_IN 17054mW/16956mW VDD_CPU_GPU_CV 7859mW/7937mW VDD_SOC 4001mW/3930mW
08-11-2026 21:58:13 RAM 6996/7607MB (lfb 2x4MB) SWAP 1384/16384MB (cached 104MB) CPU [1%@729,2%@729,2%@729,4%@729,59%@1344,0%@1344] GR3D_FREQ 98% cpu@63C soc2@61.843C soc0@62.593C gpu@64.062C tj@64.062C soc1@61.718C VDD_IN 16818mW/16956mW VDD_CPU_GPU_CV 7520mW/7936mW VDD_SOC 4086mW/3930mW
08-11-2026 21:58:14 RAM 6996/7607MB (lfb 2x4MB) SWAP 1384/16384MB (cached 104MB) CPU [31%@729,3%@729,2%@729,3%@729,26%@729,0%@729] GR3D_FREQ 97% cpu@62.75C soc2@61.937C soc0@62.687C gpu@63.812C tj@63.812C soc1@61.843C VDD_IN 16373mW/16955mW VDD_CPU_GPU_CV 7285mW/7935mW VDD_SOC 4008mW/3931mW
08-11-2026 21:58:15 RAM 6993/7607MB (lfb 2x4MB) SWAP 1384/16384MB (cached 104MB) CPU [22%@729,10%@729,9%@729,20%@729,50%@729,2%@729] GR3D_FREQ 99% cpu@63C soc2@62.031C soc0@62.625C gpu@63.968C tj@63.968C soc1@61.781C VDD_IN 16857mW/16954mW VDD_CPU_GPU_CV 7977mW/7935mW VDD_SOC 3890mW/3930mW
08-11-2026 21:58:16 RAM 6993/7607MB (lfb 2x4MB) SWAP 1384/16384MB (cached 104MB) CPU [1%@729,2%@729,2%@729,5%@729,71%@729,0%@729] GR3D_FREQ 97% cpu@62.781C soc2@62C soc0@62.687C gpu@64.375C tj@64.375C soc1@61.687C VDD_IN 17408mW/16955mW VDD_CPU_GPU_CV 8485mW/7936mW VDD_SOC 3883mW/3930mW
08-11-2026 21:58:17 RAM 6993/7607MB (lfb 2x4MB) SWAP 1384/16384MB (cached 104MB) CPU [4%@1344,2%@1344,1%@1344,4%@1344,60%@1344,0%@1344] GR3D_FREQ 97% cpu@62.687C soc2@61.937C soc0@62.656C gpu@64.437C tj@64.437C soc1@61.656C VDD_IN 17408mW/16956mW VDD_CPU_GPU_CV 8407mW/7937mW VDD_SOC 3923mW/3930mW
08-11-2026 21:58:18 RAM 6992/7607MB (lfb 2x4MB) SWAP 1384/16384MB (cached 104MB) CPU [1%@729,4%@729,2%@729,4%@729,59%@1344,1%@1344] GR3D_FREQ 93% cpu@62.906C soc2@62C soc0@62.687C gpu@64.375C tj@64.375C soc1@61.812C VDD_IN 17250mW/16957mW VDD_CPU_GPU_CV 8250mW/7938mW VDD_SOC 3923mW/3930mW
08-11-2026 21:58:19 RAM 6992/7607MB (lfb 2x4MB) SWAP 1384/16384MB (cached 104MB) CPU [2%@729,1%@729,3%@729,1%@729,59%@1344,4%@1344] GR3D_FREQ 93% cpu@62.593C soc2@61.875C soc0@62.656C gpu@64.25C tj@64.25C soc1@61.812C VDD_IN 17172mW/16957mW VDD_CPU_GPU_CV 8055mW/7938mW VDD_SOC 4001mW/3930mW
08-11-2026 21:58:20 RAM 6992/7607MB (lfb 2x4MB) SWAP 1384/16384MB (cached 104MB) CPU [2%@729,2%@729,2%@729,0%@729,36%@1344,27%@1344] GR3D_FREQ 98% cpu@62.906C soc2@62.031C soc0@62.75C gpu@64.25C tj@64.25C soc1@61.687C VDD_IN 16975mW/16957mW VDD_CPU_GPU_CV 7742mW/7938mW VDD_SOC 4040mW/3931mW
08-11-2026 21:58:21 RAM 6994/7607MB (lfb 2x4MB) SWAP 1384/16384MB (cached 104MB) CPU [8%@729,7%@729,17%@729,7%@729,0%@1344,58%@1344] GR3D_FREQ 98% cpu@63.062C soc2@62.031C soc0@62.593C gpu@64.031C tj@64.031C soc1@61.75C VDD_IN 16688mW/16957mW VDD_CPU_GPU_CV 7246mW/7936mW VDD_SOC 4126mW/3931mW
08-11-2026 21:58:22 RAM 6994/7607MB (lfb 2x4MB) SWAP 1384/16384MB (cached 104MB) CPU [3%@729,38%@729,1%@729,1%@729,4%@729,19%@729] GR3D_FREQ 99% cpu@62.718C soc2@61.906C soc0@62.625C gpu@64.031C tj@64.031C soc1@61.781C VDD_IN 16255mW/16955mW VDD_CPU_GPU_CV 7559mW/7935mW VDD_SOC 3811mW/3931mW
08-11-2026 21:58:23 RAM 6994/7607MB (lfb 2x4MB) SWAP 1384/16384MB (cached 104MB) CPU [3%@729,13%@729,3%@729,65%@729,0%@729,0%@729] GR3D_FREQ 99% cpu@62.968C soc2@62.093C soc0@62.718C gpu@64.281C tj@64.281C soc1@61.843C VDD_IN 17565mW/16957mW VDD_CPU_GPU_CV 8329mW/7936mW VDD_SOC 4040mW/3931mW
08-11-2026 21:58:24 RAM 6994/7607MB (lfb 2x4MB) SWAP 1384/16384MB (cached 104MB) CPU [5%@729,2%@729,2%@729,53%@729,18%@1344,0%@1344] GR3D_FREQ 98% cpu@62.781C soc2@62.093C soc0@62.75C gpu@64.343C tj@64.343C soc1@61.843C VDD_IN 17486mW/16958mW VDD_CPU_GPU_CV 8549mW/7938mW VDD_SOC 3883mW/3931mW
08-11-2026 21:58:25 RAM 6994/7607MB (lfb 2x4MB) SWAP 1384/16384MB (cached 104MB) CPU [2%@729,2%@729,2%@729,5%@729,59%@1344,0%@1344] GR3D_FREQ 98% cpu@62.781C soc2@62.062C soc0@62.781C gpu@64.718C tj@64.718C soc1@61.687C VDD_IN 17447mW/16959mW VDD_CPU_GPU_CV 8446mW/7939mW VDD_SOC 3923mW/3931mW
08-11-2026 21:58:26 RAM 6996/7607MB (lfb 2x4MB) SWAP 1384/16384MB (cached 104MB) CPU [5%@729,6%@729,19%@729,9%@729,59%@1344,0%@1344] GR3D_FREQ 98% cpu@62.937C soc2@62.031C soc0@62.687C gpu@64.687C tj@64.687C soc1@61.75C VDD_IN 17486mW/16960mW VDD_CPU_GPU_CV 8407mW/7940mW VDD_SOC 3962mW/3931mW
08-11-2026 21:58:27 RAM 6996/7607MB (lfb 2x4MB) SWAP 1384/16384MB (cached 104MB) CPU [5%@729,2%@729,5%@729,1%@729,58%@1344,0%@1344] GR3D_FREQ 98% cpu@63.062C soc2@62.093C soc0@62.687C gpu@64.718C tj@64.718C soc1@61.843C VDD_IN 17172mW/16960mW VDD_CPU_GPU_CV 8016mW/7940mW VDD_SOC 4001mW/3931mW
08-11-2026 21:58:28 RAM 6996/7607MB (lfb 2x4MB) SWAP 1384/16384MB (cached 104MB) CPU [2%@729,2%@729,5%@729,3%@729,58%@729,0%@729] GR3D_FREQ 98% cpu@62.937C soc2@62.031C soc0@62.687C gpu@64.125C tj@64.125C soc1@61.812C VDD_IN 16936mW/16960mW VDD_CPU_GPU_CV 7586mW/7939mW VDD_SOC 4080mW/3931mW
08-11-2026 21:58:29 RAM 6996/7607MB (lfb 2x4MB) SWAP 1384/16384MB (cached 104MB) CPU [3%@729,2%@729,1%@729,3%@729,57%@960,1%@960] GR3D_FREQ 99% cpu@62.968C soc2@62.093C soc0@62.937C gpu@63.718C tj@63.718C soc1@61.937C VDD_IN 16452mW/16959mW VDD_CPU_GPU_CV 7011mW/7937mW VDD_SOC 4126mW/3932mW
08-11-2026 21:58:30 RAM 6998/7607MB (lfb 2x4MB) SWAP 1383/16384MB (cached 104MB) CPU [23%@729,38%@729,2%@729,6%@729,8%@729,5%@729] GR3D_FREQ 99% cpu@62.75C soc2@62.156C soc0@62.843C gpu@63.906C tj@63.906C soc1@61.718C VDD_IN 16609mW/16959mW VDD_CPU_GPU_CV 7755mW/7937mW VDD_SOC 3890mW/3932mW
08-11-2026 21:58:31 RAM 6997/7607MB (lfb 2x4MB) SWAP 1383/16384MB (cached 104MB) CPU [3%@729,70%@729,4%@729,2%@729,0%@729,0%@729] GR3D_FREQ 99% cpu@63C soc2@62.125C soc0@62.75C gpu@64.625C tj@64.625C soc1@61.843C VDD_IN 17722mW/16960mW VDD_CPU_GPU_CV 8666mW/7938mW VDD_SOC 3962mW/3932mW
08-11-2026 21:58:32 RAM 6997/7607MB (lfb 2x4MB) SWAP 1383/16384MB (cached 104MB) CPU [6%@729,8%@729,16%@729,11%@729,60%@1344,1%@1344] GR3D_FREQ 98% cpu@63.125C soc2@62.031C soc0@62.781C gpu@64.406C tj@64.406C soc1@61.781C VDD_IN 17486mW/16961mW VDD_CPU_GPU_CV 8510mW/7939mW VDD_SOC 3923mW/3932mW
08-11-2026 21:58:33 RAM 6997/7607MB (lfb 2x4MB) SWAP 1383/16384MB (cached 104MB) CPU [4%@1344,2%@1344,2%@1344,2%@1344,58%@1344,0%@1344] GR3D_FREQ 98% cpu@62.875C soc2@62.031C soc0@62.843C gpu@64.25C tj@64.25C soc1@61.906C VDD_IN 17329mW/16962mW VDD_CPU_GPU_CV 8329mW/7940mW VDD_SOC 3923mW/3932mW
08-11-2026 21:58:34 RAM 6997/7607MB (lfb 2x4MB) SWAP 1383/16384MB (cached 104MB) CPU [36%@1344,2%@1344,3%@1344,3%@1344,26%@729,5%@729] GR3D_FREQ 98% cpu@62.781C soc2@62.25C soc0@62.875C gpu@64.312C tj@64.312C soc1@61.906C VDD_IN 17211mW/16962mW VDD_CPU_GPU_CV 8172mW/7941mW VDD_SOC 3962mW/3932mW
08-11-2026 21:58:35 RAM 6997/7607MB (lfb 2x4MB) SWAP 1383/16384MB (cached 104MB) CPU [6%@1344,3%@1344,54%@1344,4%@1344,0%@729,0%@729] GR3D_FREQ 98% cpu@63.218C soc2@62.062C soc0@62.875C gpu@64.312C tj@64.312C soc1@61.843C VDD_IN 17093mW/16963mW VDD_CPU_GPU_CV 7859mW/7940mW VDD_SOC 4001mW/3932mW
08-11-2026 21:58:36 RAM 6997/7607MB (lfb 2x4MB) SWAP 1383/16384MB (cached 104MB) CPU [4%@1344,3%@1344,43%@1344,20%@1344,0%@729,0%@729] GR3D_FREQ 98% cpu@63.062C soc2@62.093C soc0@62.781C gpu@64.218C tj@64.218C soc1@61.843C VDD_IN 16818mW/16962mW VDD_CPU_GPU_CV 7429mW/7939mW VDD_SOC 4126mW/3932mW
08-11-2026 21:58:37 RAM 6996/7607MB (lfb 2x4MB) SWAP 1383/16384MB (cached 104MB) CPU [8%@729,15%@729,9%@729,59%@729,0%@729,1%@729] GR3D_FREQ 98% cpu@63.406C soc2@62.062C soc0@62.843C gpu@63.906C tj@63.906C soc1@61.843C VDD_IN 16570mW/16962mW VDD_CPU_GPU_CV 7559mW/7939mW VDD_SOC 3968mW/3933mW
08-11-2026 21:58:38 RAM 6996/7607MB (lfb 2x4MB) SWAP 1383/16384MB (cached 104MB) CPU [4%@729,2%@729,68%@729,1%@729,0%@729,0%@729] GR3D_FREQ 99% cpu@62.968C soc2@62.093C soc0@62.906C gpu@64C tj@64C soc1@61.968C VDD_IN 16936mW/16962mW VDD_CPU_GPU_CV 7977mW/7939mW VDD_SOC 3923mW/3932mW
08-11-2026 21:58:39 RAM 6996/7607MB (lfb 2x4MB) SWAP 1383/16384MB (cached 104MB) CPU [3%@729,2%@729,70%@729,6%@729,0%@729,0%@729] GR3D_FREQ 98% cpu@63.062C soc2@62.218C soc0@63C gpu@64.375C tj@64.375C soc1@62C VDD_IN 17408mW/16963mW VDD_CPU_GPU_CV 8563mW/7940mW VDD_SOC 3883mW/3932mW
08-11-2026 21:58:40 RAM 6996/7607MB (lfb 2x4MB) SWAP 1383/16384MB (cached 104MB) CPU [5%@729,2%@729,59%@729,1%@729,0%@729,0%@729] GR3D_FREQ 97% cpu@62.968C soc2@62.218C soc0@63.062C gpu@64.343C tj@64.343C soc1@61.843C VDD_IN 17329mW/16963mW VDD_CPU_GPU_CV 8368mW/7941mW VDD_SOC 3923mW/3932mW
08-11-2026 21:58:41 RAM 6996/7607MB (lfb 2x4MB) SWAP 1383/16384MB (cached 104MB) CPU [5%@1344,1%@1344,60%@1344,2%@1344,0%@729,0%@729] GR3D_FREQ 96% cpu@63.187C soc2@62.156C soc0@62.875C gpu@64.593C tj@64.593C soc1@61.875C VDD_IN 17290mW/16964mW VDD_CPU_GPU_CV 8250mW/7941mW VDD_SOC 3962mW/3932mW
08-11-2026 21:58:42 RAM 6996/7607MB (lfb 2x4MB) SWAP 1383/16384MB (cached 104MB) CPU [4%@1344,2%@1344,59%@1344,6%@1344,0%@729,0%@729] GR3D_FREQ 92% cpu@63.562C soc2@62.156C soc0@62.687C gpu@64.718C tj@64.718C soc1@61.875C VDD_IN 17093mW/16964mW VDD_CPU_GPU_CV 8055mW/7942mW VDD_SOC 4001mW/3933mW
08-11-2026 21:58:43 RAM 6998/7607MB (lfb 2x4MB) SWAP 1383/16384MB (cached 104MB) CPU [12%@729,4%@729,28%@729,14%@729,12%@1344,25%@1344] GR3D_FREQ 92% cpu@62.968C soc2@62.125C soc0@62.968C gpu@64.656C tj@64.656C soc1@61.968C VDD_IN 17015mW/16964mW VDD_CPU_GPU_CV 7742mW/7941mW VDD_SOC 4040mW/3933mW
08-11-2026 21:58:44 RAM 6998/7607MB (lfb 2x4MB) SWAP 1383/16384MB (cached 104MB) CPU [2%@729,3%@729,5%@729,2%@729,0%@1344,59%@1344] GR3D_FREQ 98% cpu@63.562C soc2@62.093C soc0@62.906C gpu@64.562C tj@64.562C soc1@62C VDD_IN 16767mW/16964mW VDD_CPU_GPU_CV 7246mW/7940mW VDD_SOC 4126mW/3933mW
08-11-2026 21:58:45 RAM 6998/7607MB (lfb 2x4MB) SWAP 1383/16384MB (cached 104MB) CPU [3%@729,2%@729,9%@729,2%@729,0%@729,59%@729] GR3D_FREQ 98% cpu@62.843C soc2@62.062C soc0@63.093C gpu@64.5C tj@64.5C soc1@61.812C VDD_IN 16295mW/16963mW VDD_CPU_GPU_CV 7559mW/7939mW VDD_SOC 3851mW/3933mW
08-11-2026 21:58:46 RAM 6998/7607MB (lfb 2x4MB) SWAP 1383/16384MB (cached 104MB) CPU [2%@729,2%@729,1%@729,5%@729,0%@729,68%@729] GR3D_FREQ 99% cpu@62.968C soc2@62.156C soc0@62.875C gpu@64.781C tj@64.781C soc1@61.875C VDD_IN 17526mW/16964mW VDD_CPU_GPU_CV 8290mW/7940mW VDD_SOC 4040mW/3933mW
08-11-2026 21:58:47 RAM 6998/7607MB (lfb 2x4MB) SWAP 1383/16384MB (cached 104MB) CPU [3%@729,5%@729,1%@729,5%@729,0%@1344,68%@1344] GR3D_FREQ 98% cpu@63.281C soc2@62.156C soc0@62.875C gpu@64.781C tj@64.5C soc1@61.906C VDD_IN 17486mW/16965mW VDD_CPU_GPU_CV 8602mW/7941mW VDD_SOC 3883mW/3933mW
08-11-2026 21:58:48 RAM 7000/7607MB (lfb 2x4MB) SWAP 1383/16384MB (cached 104MB) CPU [2%@729,14%@729,11%@729,10%@729,0%@1344,58%@1344] GR3D_FREQ 98% cpu@63.125C soc2@62.187C soc0@63C gpu@64.625C tj@64.625C soc1@62C VDD_IN 17683mW/16966mW VDD_CPU_GPU_CV 8666mW/7943mW VDD_SOC 3923mW/3933mW
08-11-2026 21:58:49 RAM 7000/7607MB (lfb 2x4MB) SWAP 1383/16384MB (cached 104MB) CPU [4%@729,3%@729,2%@729,3%@729,0%@1344,57%@1344] GR3D_FREQ 98% cpu@63.062C soc2@62.281C soc0@62.875C gpu@64.593C tj@64.593C soc1@61.875C VDD_IN 17329mW/16967mW VDD_CPU_GPU_CV 8290mW/7943mW VDD_SOC 3962mW/3933mW
08-11-2026 21:58:50 RAM 7000/7607MB (lfb 2x4MB) SWAP 1383/16384MB (cached 104MB) CPU [6%@729,2%@729,1%@729,1%@729,1%@960,59%@960] GR3D_FREQ 98% cpu@63.062C soc2@62.093C soc0@62.875C gpu@64.562C tj@64.562C soc1@61.875C VDD_IN 17172mW/16967mW VDD_CPU_GPU_CV 8016mW/7943mW VDD_SOC 4001mW/3933mW
08-11-2026 21:58:51 RAM 7000/7607MB (lfb 2x4MB) SWAP 1383/16384MB (cached 104MB) CPU [6%@729,2%@729,1%@729,2%@729,1%@729,57%@729] GR3D_FREQ 98% cpu@63.062C soc2@62.125C soc0@62.75C gpu@64.437C tj@64.687C soc1@61.906C VDD_IN 16936mW/16967mW VDD_CPU_GPU_CV 7586mW/7943mW VDD_SOC 4086mW/3934mW
08-11-2026 21:58:52 RAM 7000/7607MB (lfb 2x4MB) SWAP 1383/16384MB (cached 104MB) CPU [4%@729,0%@729,2%@729,1%@729,3%@1036,58%@1036] GR3D_FREQ 99% cpu@63.5C soc2@62.187C soc0@62.906C gpu@63.687C tj@63.687C soc1@61.968C VDD_IN 16531mW/16966mW VDD_CPU_GPU_CV 6971mW/7941mW VDD_SOC 4165mW/3934mW
08-11-2026 21:58:53 RAM 7000/7607MB (lfb 2x4MB) SWAP 1383/16384MB (cached 104MB) CPU [3%@729,2%@729,2%@729,2%@729,0%@729,63%@729] GR3D_FREQ 47% cpu@62.875C soc2@62.187C soc0@62.906C gpu@63.812C tj@63.812C soc1@62.031C VDD_IN 16334mW/16965mW VDD_CPU_GPU_CV 7559mW/7940mW VDD_SOC 3851mW/3934mW
08-11-2026 21:58:54 RAM 7000/7607MB (lfb 2x4MB) SWAP 1383/16384MB (cached 104MB) CPU [9%@729,5%@729,12%@729,15%@729,0%@1113,69%@1113] GR3D_FREQ 98% cpu@63.156C soc2@62.281C soc0@63C gpu@64.468C tj@64.468C soc1@61.875C VDD_IN 17840mW/16967mW VDD_CPU_GPU_CV 8666mW/7942mW VDD_SOC 4040mW/3934mW
08-11-2026 21:58:55 RAM 7000/7607MB (lfb 2x4MB) SWAP 1383/16384MB (cached 104MB) CPU [10%@729,1%@729,2%@729,2%@729,0%@1344,65%@1344] GR3D_FREQ 98% cpu@63.218C soc2@62.125C soc0@62.843C gpu@64.562C tj@64.562C soc1@61.875C VDD_IN 17526mW/16968mW VDD_CPU_GPU_CV 8524mW/7943mW VDD_SOC 3923mW/3934mW
08-11-2026 21:58:56 RAM 6999/7607MB (lfb 2x4MB) SWAP 1383/16384MB (cached 104MB) CPU [4%@729,2%@729,0%@729,2%@729,0%@1344,60%@1344] GR3D_FREQ 98% cpu@63C soc2@62.187C soc0@62.937C gpu@64.625C tj@64.625C soc1@62C VDD_IN 17447mW/16969mW VDD_CPU_GPU_CV 8407mW/7944mW VDD_SOC 3923mW/3934mW
08-11-2026 21:58:57 RAM 6999/7607MB (lfb 2x4MB) SWAP 1383/16384MB (cached 104MB) CPU [4%@729,1%@729,5%@729,2%@729,0%@1344,59%@1344] GR3D_FREQ 98% cpu@63.25C soc2@62.156C soc0@62.937C gpu@64.468C tj@64.468C soc1@61.968C VDD_IN 17290mW/16970mW VDD_CPU_GPU_CV 8211mW/7944mW VDD_SOC 3962mW/3934mW
08-11-2026 21:58:58 RAM 6999/7607MB (lfb 2x4MB) SWAP 1383/16384MB (cached 104MB) CPU [4%@729,2%@729,5%@729,3%@729,0%@1344,58%@1344] GR3D_FREQ 98% cpu@63.031C soc2@62.25C soc0@63C gpu@64.531C tj@64.531C soc1@61.875C VDD_IN 17133mW/16970mW VDD_CPU_GPU_CV 7899mW/7944mW VDD_SOC 4040mW/3934mW
08-11-2026 21:58:59 RAM 7001/7607MB (lfb 2x4MB) SWAP 1383/16384MB (cached 104MB) CPU [9%@960,4%@960,4%@960,9%@960,15%@1344,59%@1344] GR3D_FREQ 98% cpu@63.187C soc2@62.156C soc0@62.843C gpu@64.437C tj@64.437C soc1@61.843C VDD_IN 17133mW/16970mW VDD_CPU_GPU_CV 7703mW/7944mW VDD_SOC 4119mW/3935mW
08-11-2026 21:59:00 RAM 7001/7607MB (lfb 2x4MB) SWAP 1383/16384MB (cached 104MB) CPU [3%@729,3%@729,5%@729,2%@729,0%@729,56%@729] GR3D_FREQ 97% cpu@63.281C soc2@62.156C soc0@62.906C gpu@63.781C tj@63.781C soc1@61.937C VDD_IN 16531mW/16969mW VDD_CPU_GPU_CV 7324mW/7942mW VDD_SOC 4008mW/3935mW
08-11-2026 21:59:01 RAM 7001/7607MB (lfb 2x4MB) SWAP 1383/16384MB (cached 104MB) CPU [6%@729,2%@729,1%@729,2%@729,0%@729,66%@729] GR3D_FREQ 99% cpu@62.781C soc2@62.125C soc0@62.875C gpu@63.937C tj@63.937C soc1@61.937C VDD_IN 16806mW/16969mW VDD_CPU_GPU_CV 7899mW/7942mW VDD_SOC 3890mW/3935mW
08-11-2026 21:59:02 RAM 6999/7607MB (lfb 2x4MB) SWAP 1383/16384MB (cached 104MB) CPU [3%@729,1%@729,2%@729,5%@729,0%@1344,71%@1344] GR3D_FREQ 98% cpu@63.093C soc2@62.218C soc0@62.937C gpu@64.281C tj@64.281C soc1@62.031C VDD_IN 17447mW/16970mW VDD_CPU_GPU_CV 8524mW/7943mW VDD_SOC 3923mW/3935mW
08-11-2026 21:59:03 RAM 7000/7607MB (lfb 2x4MB) SWAP 1383/16384MB (cached 104MB) CPU [1%@729,3%@729,1%@729,4%@729,0%@1344,59%@1344] GR3D_FREQ 90% cpu@62.812C soc2@62.218C soc0@62.968C gpu@64.343C tj@64.343C soc1@61.843C VDD_IN 17408mW/16971mW VDD_CPU_GPU_CV 8407mW/7944mW VDD_SOC 3923mW/3935mW
08-11-2026 21:59:04 RAM 7000/7607MB (lfb 2x4MB) SWAP 1383/16384MB (cached 104MB) CPU [3%@729,2%@729,2%@729,3%@729,0%@1344,59%@1344] GR3D_FREQ 94% cpu@63.031C soc2@62.156C soc0@62.875C gpu@64.312C tj@64.312C soc1@61.812C VDD_IN 17368mW/16972mW VDD_CPU_GPU_CV 8290mW/7945mW VDD_SOC 3962mW/3935mW
08-11-2026 21:59:05 RAM 6998/7607MB (lfb 2x4MB) SWAP 1383/16384MB (cached 104MB) CPU [4%@729,9%@729,17%@729,1%@729,8%@1344,59%@1344] GR3D_FREQ 98% cpu@63.093C soc2@62.093C soc0@62.906C gpu@64.625C tj@64.625C soc1@61.843C VDD_IN 17329mW/16972mW VDD_CPU_GPU_CV 8133mW/7945mW VDD_SOC 4001mW/3935mW
08-11-2026 21:59:06 RAM 6998/7607MB (lfb 2x4MB) SWAP 1383/16384MB (cached 104MB) CPU [10%@729,0%@729,2%@729,3%@729,18%@1344,34%@1344] GR3D_FREQ 98% cpu@62.781C soc2@62.093C soc0@62.781C gpu@64.531C tj@64.531C soc1@61.906C VDD_IN 17015mW/16972mW VDD_CPU_GPU_CV 7742mW/7945mW VDD_SOC 4040mW/3935mW
08-11-2026 21:59:07 RAM 6998/7607MB (lfb 2x4MB) SWAP 1383/16384MB (cached 104MB) CPU [5%@729,5%@729,3%@729,4%@729,58%@1344,1%@1344] GR3D_FREQ 98% cpu@62.937C soc2@62.125C soc0@62.875C gpu@64.343C tj@64.343C soc1@61.937C VDD_IN 16806mW/16972mW VDD_CPU_GPU_CV 7285mW/7944mW VDD_SOC 4126mW/3935mW
08-11-2026 21:59:08 RAM 6997/7607MB (lfb 2x4MB) SWAP 1383/16384MB (cached 104MB) CPU [2%@729,0%@729,1%@729,3%@729,58%@729,0%@729] GR3D_FREQ 99% cpu@62.75C soc2@62.093C soc0@62.968C gpu@64.343C tj@64.343C soc1@61.812C VDD_IN 16373mW/16971mW VDD_CPU_GPU_CV 7559mW/7943mW VDD_SOC 3851mW/3935mW
08-11-2026 21:59:09 RAM 6997/7607MB (lfb 2x4MB) SWAP 1383/16384MB (cached 104MB) CPU [7%@729,0%@729,2%@729,3%@729,70%@729,0%@729] GR3D_FREQ 99% cpu@62.687C soc2@62.156C soc0@62.75C gpu@64.687C tj@64.687C soc1@61.843C VDD_IN 17486mW/16972mW VDD_CPU_GPU_CV 8290mW/7944mW VDD_SOC 4040mW/3935mW
08-11-2026 21:59:10 RAM 7000/7607MB (lfb 2x4MB) SWAP 1383/16384MB (cached 104MB) CPU [62%@1190,6%@1190,13%@1190,10%@1190,9%@1344,0%@1344] GR3D_FREQ 98% cpu@63.375C soc2@62.218C soc0@62.781C gpu@64.468C tj@64.468C soc1@61.906C VDD_IN 17732mW/16973mW VDD_CPU_GPU_CV 8784mW/7945mW VDD_SOC 3923mW/3935mW
08-11-2026 21:59:11 RAM 7000/7607MB (lfb 2x4MB) SWAP 1383/16384MB (cached 104MB) CPU [3%@729,4%@729,4%@729,3%@729,58%@1344,0%@1344] GR3D_FREQ 98% cpu@63.125C soc2@62.093C soc0@62.843C gpu@64.437C tj@64.437C soc1@61.906C VDD_IN 17486mW/16974mW VDD_CPU_GPU_CV 8524mW/7946mW VDD_SOC 3923mW/3935mW
08-11-2026 21:59:12 RAM 7000/7607MB (lfb 2x4MB) SWAP 1383/16384MB (cached 104MB) CPU [3%@729,0%@729,1%@729,5%@729,58%@1113,0%@1113] GR3D_FREQ 98% cpu@62.843C soc2@62.093C soc0@62.906C gpu@64.343C tj@64.343C soc1@61.812C VDD_IN 17368mW/16975mW VDD_CPU_GPU_CV 8329mW/7947mW VDD_SOC 3962mW/3935mW
08-11-2026 21:59:13 RAM 7000/7607MB (lfb 2x4MB) SWAP 1383/16384MB (cached 104MB) CPU [6%@729,0%@729,2%@729,1%@729,58%@883,0%@883] GR3D_FREQ 98% cpu@62.843C soc2@62.093C soc0@62.718C gpu@64.375C tj@64.375C soc1@61.781C VDD_IN 17172mW/16975mW VDD_CPU_GPU_CV 8016mW/7947mW VDD_SOC 4001mW/3936mW
08-11-2026 21:59:14 RAM 7000/7607MB (lfb 2x4MB) SWAP 1383/16384MB (cached 104MB) CPU [5%@729,1%@729,2%@729,3%@729,57%@729,0%@729] GR3D_FREQ 98% cpu@63.031C soc2@62C soc0@62.687C gpu@64.25C tj@64.25C soc1@61.875C VDD_IN 16897mW/16975mW VDD_CPU_GPU_CV 7586mW/7946mW VDD_SOC 4047mW/3936mW
08-11-2026 21:59:15 RAM 6999/7607MB (lfb 2x4MB) SWAP 1383/16384MB (cached 104MB) CPU [1%@729,2%@729,3%@729,7%@729,58%@1113,0%@1113] GR3D_FREQ 99% cpu@63.187C soc2@61.968C soc0@62.843C gpu@63.906C tj@63.906C soc1@61.843C VDD_IN 16491mW/16974mW VDD_CPU_GPU_CV 6971mW/7945mW VDD_SOC 4165mW/3936mW
08-11-2026 21:59:16 RAM 6998/7607MB (lfb 2x4MB) SWAP 1383/16384MB (cached 104MB) CPU [10%@729,8%@729,4%@729,19%@729,63%@729,0%@729] GR3D_FREQ 99% cpu@62.937C soc2@62.031C soc0@62.906C gpu@64.125C tj@64.125C soc1@61.906C VDD_IN 16413mW/16973mW VDD_CPU_GPU_CV 7637mW/7944mW VDD_SOC 3851mW/3936mW
08-11-2026 21:59:17 RAM 6998/7607MB (lfb 2x4MB) SWAP 1383/16384MB (cached 104MB) CPU [2%@729,4%@729,2%@729,1%@729,69%@1113,0%@1113] GR3D_FREQ 99% cpu@62.906C soc2@62.125C soc0@62.875C gpu@64.312C tj@64.312C soc1@61.75C VDD_IN 17761mW/16975mW VDD_CPU_GPU_CV 8627mW/7945mW VDD_SOC 4040mW/3936mW
08-11-2026 21:59:18 RAM 6998/7607MB (lfb 2x4MB) SWAP 1383/16384MB (cached 104MB) CPU [1%@729,3%@729,2%@729,5%@729,64%@1344,0%@1344] GR3D_FREQ 98% cpu@62.843C soc2@61.968C soc0@62.718C gpu@64.25C tj@64.25C soc1@61.781C VDD_IN 17447mW/16976mW VDD_CPU_GPU_CV 8563mW/7946mW VDD_SOC 3923mW/3936mW
08-11-2026 21:59:19 RAM 6998/7607MB (lfb 2x4MB) SWAP 1383/16384MB (cached 104MB) CPU [3%@729,3%@729,3%@729,4%@729,53%@1344,7%@1344] GR3D_FREQ 98% cpu@63.062C soc2@62C soc0@62.718C gpu@64.218C tj@64.218C soc1@61.812C VDD_IN 17408mW/16976mW VDD_CPU_GPU_CV 8446mW/7947mW VDD_SOC 3923mW/3936mW
08-11-2026 21:59:20 RAM 6998/7607MB (lfb 2x4MB) SWAP 1383/16384MB (cached 104MB) CPU [1%@729,4%@729,2%@729,0%@729,0%@1344,59%@1344] GR3D_FREQ 98% cpu@62.812C soc2@62.093C soc0@62.687C gpu@64.437C tj@64.437C soc1@61.843C VDD_IN 17290mW/16977mW VDD_CPU_GPU_CV 8211mW/7948mW VDD_SOC 3962mW/3936mW
08-11-2026 21:59:21 RAM 6999/7607MB (lfb 2x4MB) SWAP 1383/16384MB (cached 104MB) CPU [8%@806,5%@806,3%@806,12%@1344,0%@1344,58%@1344] GR3D_FREQ 98% cpu@63.281C soc2@62.062C soc0@62.843C gpu@64.312C tj@64.312C soc1@61.843C VDD_IN 17250mW/16978mW VDD_CPU_GPU_CV 8016mW/7948mW VDD_SOC 4040mW/3936mW
08-11-2026 21:59:22 RAM 7001/7607MB (lfb 2x4MB) SWAP 1383/16384MB (cached 104MB) CPU [6%@729,2%@729,4%@729,7%@729,1%@1344,59%@1344] GR3D_FREQ 98% cpu@62.843C soc2@62C soc0@62.843C gpu@64.25C tj@64.25C soc1@61.812C VDD_IN 16857mW/16977mW VDD_CPU_GPU_CV 7481mW/7947mW VDD_SOC 4080mW/3937mW
08-11-2026 21:59:23 RAM 7001/7607MB (lfb 2x4MB) SWAP 1383/16384MB (cached 104MB) CPU [2%@729,3%@729,2%@729,2%@729,0%@729,56%@729] GR3D_FREQ 97% cpu@63C soc2@62.031C soc0@62.75C gpu@63.843C tj@63.843C soc1@61.781C VDD_IN 16452mW/16976mW VDD_CPU_GPU_CV 7324mW/7946mW VDD_SOC 4008mW/3937mW
08-11-2026 21:59:24 RAM 7001/7607MB (lfb 2x4MB) SWAP 1383/16384MB (cached 104MB) CPU [3%@729,2%@729,2%@729,3%@729,0%@729,66%@729] GR3D_FREQ 99% cpu@63C soc2@61.968C soc0@62.718C gpu@63.781C tj@63.781C soc1@61.781C VDD_IN 16818mW/16976mW VDD_CPU_GPU_CV 7938mW/7946mW VDD_SOC 3890mW/3937mW
08-11-2026 21:59:25 RAM 7001/7607MB (lfb 2x4MB) SWAP 1383/16384MB (cached 104MB) CPU [8%@729,2%@729,2%@729,2%@729,0%@729,70%@729] GR3D_FREQ 96% cpu@62.718C soc2@62C soc0@62.718C gpu@64.156C tj@64.156C soc1@61.781C VDD_IN 17486mW/16977mW VDD_CPU_GPU_CV 8510mW/7947mW VDD_SOC 3923mW/3937mW
08-11-2026 21:59:26 RAM 7000/7607MB (lfb 2x4MB) SWAP 1383/16384MB (cached 104MB) CPU [3%@729,4%@729,1%@729,2%@729,0%@1344,59%@1344] GR3D_FREQ 97% cpu@62.812C soc2@62.062C soc0@62.75C gpu@64.25C tj@64.25C soc1@61.718C VDD_IN 17447mW/16978mW VDD_CPU_GPU_CV 8446mW/7948mW VDD_SOC 3923mW/3937mW
08-11-2026 21:59:27 RAM 7000/7607MB (lfb 2x4MB) SWAP 1383/16384MB (cached 104MB) CPU [5%@729,5%@729,16%@729,9%@729,1%@1344,59%@1344] GR3D_FREQ 90% cpu@62.75C soc2@61.906C soc0@62.593C gpu@64.218C tj@64.218C soc1@61.687C VDD_IN 17447mW/16979mW VDD_CPU_GPU_CV 8407mW/7949mW VDD_SOC 3962mW/3937mW
08-11-2026 21:59:28 RAM 7000/7607MB (lfb 2x4MB) SWAP 1383/16384MB (cached 104MB) CPU [6%@729,1%@729,2%@729,2%@729,0%@1344,58%@1344] GR3D_FREQ 95% cpu@62.906C soc2@62.031C soc0@62.718C gpu@64.375C tj@64.375C soc1@61.718C VDD_IN 17250mW/16979mW VDD_CPU_GPU_CV 8133mW/7949mW VDD_SOC 4001mW/3937mW
08-11-2026 21:59:29 RAM 7000/7607MB (lfb 2x4MB) SWAP 1383/16384MB (cached 104MB) CPU [1%@729,2%@729,2%@729,5%@729,0%@1344,59%@1344] GR3D_FREQ 98% cpu@63.093C soc2@61.875C soc0@62.625C gpu@64.375C tj@64.375C soc1@61.75C VDD_IN 17054mW/16979mW VDD_CPU_GPU_CV 7781mW/7949mW VDD_SOC 4040mW/3937mW
08-11-2026 21:59:30 RAM 7000/7607MB (lfb 2x4MB) SWAP 1383/16384MB (cached 104MB) CPU [5%@729,1%@729,1%@729,2%@729,0%@1344,59%@1344] GR3D_FREQ 98% cpu@62.875C soc2@61.875C soc0@62.781C gpu@64.312C tj@64.312C soc1@61.812C VDD_IN 16740mW/16979mW VDD_CPU_GPU_CV 7324mW/7948mW VDD_SOC 4126mW/3937mW
08-11-2026 21:59:31 RAM 7000/7607MB (lfb 2x4MB) SWAP 1383/16384MB (cached 104MB) CPU [3%@729,2%@729,2%@729,4%@729,0%@729,57%@729] GR3D_FREQ 99% cpu@62.593C soc2@61.875C soc0@62.593C gpu@63.875C tj@63.875C soc1@61.656C VDD_IN 16373mW/16978mW VDD_CPU_GPU_CV 7520mW/7947mW VDD_SOC 3890mW/3937mW
08-11-2026 21:59:32 RAM 7001/7607MB (lfb 2x4MB) SWAP 1383/16384MB (cached 104MB) CPU [5%@729,6%@729,2%@729,5%@729,3%@729,70%@729] GR3D_FREQ 99% cpu@62.906C soc2@62C soc0@62.75C gpu@64.25C tj@64.25C soc1@61.718C VDD_IN 17447mW/16979mW VDD_CPU_GPU_CV 8329mW/7948mW VDD_SOC 4001mW/3937mW
08-11-2026 21:59:33 RAM 7001/7607MB (lfb 2x4MB) SWAP 1383/16384MB (cached 104MB) CPU [5%@729,12%@729,1%@729,2%@729,3%@960,70%@960] GR3D_FREQ 98% cpu@62.875C soc2@62.031C soc0@62.656C gpu@64.312C tj@64.312C soc1@61.781C VDD_IN 17643mW/16980mW VDD_CPU_GPU_CV 8666mW/7949mW VDD_SOC 3923mW/3937mW
08-11-2026 21:59:34 RAM 7001/7607MB (lfb 2x4MB) SWAP 1383/16384MB (cached 104MB) CPU [3%@729,3%@729,2%@729,2%@729,0%@806,58%@806] GR3D_FREQ 98% cpu@63.062C soc2@62C soc0@62.75C gpu@64.187C tj@64.187C soc1@61.875C VDD_IN 17486mW/16981mW VDD_CPU_GPU_CV 8510mW/7950mW VDD_SOC 3923mW/3937mW
08-11-2026 21:59:35 RAM 7001/7607MB (lfb 2x4MB) SWAP 1383/16384MB (cached 104MB) CPU [9%@729,2%@729,2%@729,2%@729,0%@1344,58%@1344] GR3D_FREQ 97% cpu@62.656C soc2@62.093C soc0@62.781C gpu@64.156C tj@64.468C soc1@61.625C VDD_IN 17368mW/16982mW VDD_CPU_GPU_CV 8329mW/7951mW VDD_SOC 3962mW/3937mW
08-11-2026 21:59:36 RAM 7002/7607MB (lfb 2x4MB) SWAP 1383/16384MB (cached 104MB) CPU [3%@729,3%@729,2%@729,5%@729,0%@1344,59%@1344] GR3D_FREQ 98% cpu@62.781C soc2@61.906C soc0@62.593C gpu@64.5C tj@64.5C soc1@61.687C VDD_IN 17211mW/16982mW VDD_CPU_GPU_CV 8055mW/7951mW VDD_SOC 4001mW/3938mW
08-11-2026 21:59:37 RAM 7001/7607MB (lfb 2x4MB) SWAP 1383/16384MB (cached 104MB) CPU [2%@729,3%@729,3%@729,4%@729,1%@1344,58%@1344] GR3D_FREQ 98% cpu@63C soc2@61.906C soc0@62.593C gpu@64.406C tj@64.406C soc1@61.75C VDD_IN 17054mW/16982mW VDD_CPU_GPU_CV 7742mW/7950mW VDD_SOC 4040mW/3938mW
08-11-2026 21:59:38 RAM 7004/7607MB (lfb 2x4MB) SWAP 1383/16384MB (cached 104MB) CPU [9%@729,18%@729,8%@729,4%@729,1%@1344,59%@1344] GR3D_FREQ 98% cpu@63C soc2@62.031C soc0@62.718C gpu@64.437C tj@64.437C soc1@61.843C VDD_IN 16936mW/16982mW VDD_CPU_GPU_CV 7429mW/7950mW VDD_SOC 4158mW/3938mW
08-11-2026 21:59:39 RAM 7004/7607MB (lfb 2x4MB) SWAP 1383/16384MB (cached 104MB) CPU [3%@1344,2%@1344,4%@1344,2%@1344,0%@729,57%@729] GR3D_FREQ 99% cpu@62.656C soc2@62.062C soc0@62.812C gpu@64.375C tj@64.375C soc1@61.843C VDD_IN 16373mW/16981mW VDD_CPU_GPU_CV 7559mW/7949mW VDD_SOC 3851mW/3938mW
08-11-2026 21:59:40 RAM 7004/7607MB (lfb 2x4MB) SWAP 1383/16384MB (cached 104MB) CPU [5%@729,2%@729,1%@729,2%@729,0%@729,68%@729] GR3D_FREQ 99% cpu@62.687C soc2@62C soc0@62.906C gpu@64.656C tj@64.312C soc1@61.75C VDD_IN 17486mW/16982mW VDD_CPU_GPU_CV 8329mW/7949mW VDD_SOC 4040mW/3938mW
08-11-2026 21:59:41 RAM 7005/7607MB (lfb 2x4MB) SWAP 1382/16384MB (cached 104MB) CPU [6%@729,3%@729,2%@729,3%@729,0%@1344,70%@1344] GR3D_FREQ 98% cpu@62.875C soc2@62.031C soc0@62.656C gpu@64.375C tj@64.375C soc1@61.75C VDD_IN 17604mW/16983mW VDD_CPU_GPU_CV 8666mW/7951mW VDD_SOC 3923mW/3938mW
08-11-2026 21:59:42 RAM 7005/7607MB (lfb 2x4MB) SWAP 1382/16384MB (cached 104MB) CPU [4%@729,2%@729,2%@729,2%@729,0%@806,58%@806] GR3D_FREQ 98% cpu@62.906C soc2@61.968C soc0@62.75C gpu@64.343C tj@64.343C soc1@61.843C VDD_IN 17486mW/16984mW VDD_CPU_GPU_CV 8524mW/7952mW VDD_SOC 3923mW/3938mW
08-11-2026 21:59:43 RAM 7006/7607MB (lfb 2x4MB) SWAP 1382/16384MB (cached 104MB) CPU [4%@1344,4%@1344,4%@1344,2%@1344,0%@729,57%@729] GR3D_FREQ 98% cpu@63.125C soc2@61.937C soc0@62.75C gpu@64.343C tj@64.343C soc1@61.843C VDD_IN 17368mW/16985mW VDD_CPU_GPU_CV 8290mW/7952mW VDD_SOC 3962mW/3938mW
08-11-2026 21:59:45 RAM 7007/7607MB (lfb 2x4MB) SWAP 1382/16384MB (cached 104MB) CPU [6%@729,15%@729,8%@729,4%@729,0%@1344,58%@1344] GR3D_FREQ 93% cpu@62.781C soc2@62C soc0@62.843C gpu@64.281C tj@64.093C soc1@61.75C VDD_IN 17172mW/16985mW VDD_CPU_GPU_CV 8016mW/7953mW VDD_SOC 4001mW/3938mW
08-11-2026 21:59:46 RAM 7007/7607MB (lfb 2x4MB) SWAP 1381/16384MB (cached 104MB) CPU [3%@729,2%@729,3%@729,8%@729,0%@1344,60%@1344] GR3D_FREQ 93% cpu@62.875C soc2@61.968C soc0@62.625C gpu@64.093C tj@64.093C soc1@61.687C VDD_IN 17015mW/16985mW VDD_CPU_GPU_CV 7664mW/7952mW VDD_SOC 4080mW/3939mW
08-11-2026 21:59:47 RAM 7007/7607MB (lfb 2x4MB) SWAP 1381/16384MB (cached 104MB) CPU [2%@729,2%@729,1%@729,3%@729,1%@1344,59%@1344] GR3D_FREQ 98% cpu@63.187C soc2@62C soc0@62.687C gpu@63.968C tj@63.968C soc1@61.781C VDD_IN 16806mW/16985mW VDD_CPU_GPU_CV 7246mW/7951mW VDD_SOC 4165mW/3939mW
08-11-2026 21:59:48 RAM 7007/7607MB (lfb 2x4MB) SWAP 1381/16384MB (cached 104MB) CPU [2%@729,2%@729,4%@729,1%@729,0%@729,60%@729] GR3D_FREQ 97% cpu@62.906C soc2@61.906C soc0@62.75C gpu@63.937C tj@63.937C soc1@61.843C VDD_IN 16334mW/16983mW VDD_CPU_GPU_CV 7559mW/7950mW VDD_SOC 3851mW/3939mW
08-11-2026 21:59:49 RAM 7006/7607MB (lfb 2x4MB) SWAP 1381/16384MB (cached 104MB) CPU [3%@729,3%@729,5%@729,4%@729,0%@729,69%@729] GR3D_FREQ 99% cpu@63.156C soc2@62.156C soc0@62.875C gpu@64.281C tj@64.281C soc1@61.843C VDD_IN 17761mW/16985mW VDD_CPU_GPU_CV 8471mW/7951mW VDD_SOC 4080mW/3939mW
08-11-2026 21:59:50 RAM 7003/7607MB (lfb 2x4MB) SWAP 1381/16384MB (cached 104MB) CPU [11%@729,3%@729,6%@729,20%@729,0%@1344,68%@1344] GR3D_FREQ 98% cpu@62.937C soc2@62.093C soc0@62.843C gpu@64.5C tj@64.5C soc1@61.687C VDD_IN 17722mW/16986mW VDD_CPU_GPU_CV 8744mW/7952mW VDD_SOC 3923mW/3939mW
08-11-2026 21:59:51 RAM 7003/7607MB (lfb 2x4MB) SWAP 1381/16384MB (cached 104MB) CPU [1%@729,3%@729,1%@729,4%@729,0%@1344,59%@1344] GR3D_FREQ 98% cpu@62.968C soc2@62.031C soc0@62.687C gpu@64.531C tj@64.531C soc1@61.687C VDD_IN 17565mW/16987mW VDD_CPU_GPU_CV 8563mW/7953mW VDD_SOC 3923mW/3939mW
08-11-2026 21:59:52 RAM 7003/7607MB (lfb 2x4MB) SWAP 1381/16384MB (cached 104MB) CPU [3%@729,3%@729,1%@729,6%@729,0%@1036,57%@1036] GR3D_FREQ 98% cpu@63.125C soc2@62C soc0@62.656C gpu@64.468C tj@64.468C soc1@61.843C VDD_IN 17408mW/16988mW VDD_CPU_GPU_CV 8368mW/7954mW VDD_SOC 3962mW/3939mW
08-11-2026 21:59:53 RAM 7003/7607MB (lfb 2x4MB) SWAP 1381/16384MB (cached 104MB) CPU [3%@729,2%@729,3%@729,3%@729,0%@883,57%@883] GR3D_FREQ 98% cpu@63C soc2@62.093C soc0@62.718C gpu@64.468C tj@64.468C soc1@61.812C VDD_IN 17211mW/16988mW VDD_CPU_GPU_CV 8055mW/7954mW VDD_SOC 4001mW/3939mW
08-11-2026 21:59:54 RAM 7003/7607MB (lfb 2x4MB) SWAP 1381/16384MB (cached 104MB) CPU [1%@729,2%@729,3%@729,6%@729,0%@729,58%@729] GR3D_FREQ 98% cpu@63.156C soc2@61.968C soc0@62.812C gpu@64.343C tj@64.343C soc1@61.75C VDD_IN 16936mW/16988mW VDD_CPU_GPU_CV 7625mW/7954mW VDD_SOC 4080mW/3939mW
08-11-2026 21:59:55 RAM 7003/7607MB (lfb 2x4MB) SWAP 1381/16384MB (cached 104MB) CPU [2%@729,1%@729,2%@729,4%@729,0%@1190,58%@1190] GR3D_FREQ 99% cpu@63.125C soc2@62.093C soc0@62.75C gpu@63.687C tj@63.687C soc1@61.781C VDD_IN 16688mW/16988mW VDD_CPU_GPU_CV 7089mW/7952mW VDD_SOC 4165mW/3940mW
08-11-2026 21:59:56 RAM 7006/7607MB (lfb 2x4MB) SWAP 1381/16384MB (cached 104MB) CPU [8%@729,19%@729,2%@729,6%@729,6%@729,63%@729] GR3D_FREQ 59% cpu@62.843C soc2@62C soc0@62.75C gpu@63.843C tj@63.843C soc1@61.687C VDD_IN 16491mW/16987mW VDD_CPU_GPU_CV 7637mW/7952mW VDD_SOC 3890mW/3940mW
08-11-2026 21:59:57 RAM 7006/7607MB (lfb 2x4MB) SWAP 1381/16384MB (cached 104MB) CPU [5%@729,1%@729,2%@729,2%@729,0%@729,70%@729] GR3D_FREQ 99% cpu@63.218C soc2@62.093C soc0@62.718C gpu@64.312C tj@64.312C soc1@61.843C VDD_IN 17732mW/16988mW VDD_CPU_GPU_CV 8549mW/7953mW VDD_SOC 4040mW/3940mW
08-11-2026 21:59:58 RAM 7006/7607MB (lfb 2x4MB) SWAP 1381/16384MB (cached 104MB) CPU [1%@729,3%@729,3%@729,2%@729,0%@1344,65%@1344] GR3D_FREQ 98% cpu@62.937C soc2@62.093C soc0@62.812C gpu@64.312C tj@64.312C soc1@61.937C VDD_IN 17526mW/16989mW VDD_CPU_GPU_CV 8563mW/7954mW VDD_SOC 3923mW/3940mW
08-11-2026 21:59:59 RAM 7006/7607MB (lfb 2x4MB) SWAP 1381/16384MB (cached 104MB) CPU [5%@729,5%@729,1%@729,3%@729,0%@1344,58%@1344] GR3D_FREQ 98% cpu@62.906C soc2@62.093C soc0@62.843C gpu@64.625C tj@64.625C soc1@61.75C VDD_IN 17486mW/16990mW VDD_CPU_GPU_CV 8485mW/7955mW VDD_SOC 3962mW/3940mW
08-11-2026 22:00:00 RAM 7007/7607MB (lfb 2x4MB) SWAP 1381/16384MB (cached 104MB) CPU [3%@729,1%@729,2%@729,1%@729,0%@1344,59%@1344] GR3D_FREQ 98% cpu@63.093C soc2@62.031C soc0@62.687C gpu@64.562C tj@64.562C soc1@61.718C VDD_IN 17408mW/16991mW VDD_CPU_GPU_CV 8290mW/7955mW VDD_SOC 3962mW/3940mW
08-11-2026 22:00:01 RAM 6989/7607MB (lfb 3x1MB) SWAP 1381/16384MB (cached 104MB) CPU [13%@1344,17%@1344,6%@1344,11%@1344,13%@1344,55%@1344] GR3D_FREQ 0% cpu@62.562C soc2@61.625C soc0@62.656C gpu@62.625C tj@62.656C soc1@61.812C VDD_IN 10991mW/16980mW VDD_CPU_GPU_CV 3915mW/7948mW VDD_SOC 3050mW/3938mW
08-11-2026 22:00:02 RAM 7047/7607MB (lfb 8x1MB) SWAP 1381/16384MB (cached 104MB) CPU [76%@729,75%@729,72%@729,73%@729,79%@729,78%@729] GR3D_FREQ 74% cpu@62.218C soc2@61.125C soc0@62.281C gpu@62.031C tj@62.343C soc1@61.625C VDD_IN 8319mW/16965mW VDD_CPU_GPU_CV 2623mW/7939mW VDD_SOC 1910mW/3935mW
08-11-2026 22:00:03 RAM 7051/7607MB (lfb 4x4MB) SWAP 1381/16384MB (cached 104MB) CPU [31%@729,2%@729,5%@729,2%@729,41%@729,0%@729] GR3D_FREQ 98% cpu@62.375C soc2@61.625C soc0@62.343C gpu@64.062C tj@63.843C soc1@61.625C VDD_IN 16688mW/16965mW VDD_CPU_GPU_CV 8107mW/7939mW VDD_SOC 3654mW/3934mW
08-11-2026 22:00:04 RAM 7052/7607MB (lfb 4x4MB) SWAP 1381/16384MB (cached 104MB) CPU [2%@729,2%@729,3%@729,2%@729,62%@1344,0%@1344] GR3D_FREQ 93% cpu@62.468C soc2@61.718C soc0@62.468C gpu@63.906C tj@63.906C soc1@61.5C VDD_IN 17447mW/16965mW VDD_CPU_GPU_CV 8485mW/7940mW VDD_SOC 3883mW/3934mW
08-11-2026 22:00:05 RAM 7052/7607MB (lfb 4x4MB) SWAP 1381/16384MB (cached 104MB) CPU [4%@729,2%@729,3%@729,2%@729,58%@1344,0%@1344] GR3D_FREQ 98% cpu@62.843C soc2@61.687C soc0@62.437C gpu@64.062C tj@64.062C soc1@61.5C VDD_IN 17408mW/16966mW VDD_CPU_GPU_CV 8368mW/7941mW VDD_SOC 3962mW/3934mW
08-11-2026 22:00:06 RAM 7052/7607MB (lfb 4x4MB) SWAP 1381/16384MB (cached 104MB) CPU [9%@729,2%@729,1%@729,3%@729,59%@1344,0%@1344] GR3D_FREQ 98% cpu@62.531C soc2@61.75C soc0@62.5C gpu@64.093C tj@64.093C soc1@61.562C VDD_IN 17250mW/16967mW VDD_CPU_GPU_CV 8133mW/7941mW VDD_SOC 3962mW/3934mW
08-11-2026 22:00:07 RAM 7058/7607MB (lfb 4x4MB) SWAP 1381/16384MB (cached 104MB) CPU [11%@729,11%@729,13%@729,6%@729,59%@1344,0%@1344] GR3D_FREQ 98% cpu@62.812C soc2@61.906C soc0@62.593C gpu@64.093C tj@64.093C soc1@61.687C VDD_IN 17093mW/16967mW VDD_CPU_GPU_CV 7859mW/7941mW VDD_SOC 4040mW/3935mW
08-11-2026 22:00:08 RAM 7058/7607MB (lfb 4x4MB) SWAP 1381/16384MB (cached 104MB) CPU [3%@729,3%@729,4%@729,2%@729,60%@1344,0%@1344] GR3D_FREQ 98% cpu@62.531C soc2@61.75C soc0@62.593C gpu@63.937C tj@63.937C soc1@61.593C VDD_IN 16818mW/16967mW VDD_CPU_GPU_CV 7390mW/7940mW VDD_SOC 4126mW/3935mW
08-11-2026 22:00:09 RAM 7058/7607MB (lfb 4x4MB) SWAP 1381/16384MB (cached 104MB) CPU [5%@729,2%@729,3%@729,3%@729,55%@729,0%@729] GR3D_FREQ 96% cpu@62.593C soc2@61.75C soc0@62.593C gpu@63.593C tj@63.593C soc1@61.531C VDD_IN 16413mW/16966mW VDD_CPU_GPU_CV 7520mW/7940mW VDD_SOC 3929mW/3935mW
08-11-2026 22:00:10 RAM 7058/7607MB (lfb 4x4MB) SWAP 1381/16384MB (cached 104MB) CPU [62%@729,2%@729,3%@729,1%@729,7%@729,0%@729] GR3D_FREQ 99% cpu@62.656C soc2@61.843C soc0@62.562C gpu@63.75C tj@63.75C soc1@61.656C VDD_IN 17093mW/16966mW VDD_CPU_GPU_CV 8094mW/7940mW VDD_SOC 3923mW/3935mW
08-11-2026 22:00:11 RAM 7058/7607MB (lfb 4x4MB) SWAP 1381/16384MB (cached 104MB) CPU [71%@806,2%@806,3%@806,1%@806,0%@729,3%@729] GR3D_FREQ 97% cpu@62.656C soc2@62C soc0@62.656C gpu@64.093C tj@64.093C soc1@61.625C VDD_IN 17565mW/16967mW VDD_CPU_GPU_CV 8627mW/7941mW VDD_SOC 3883mW/3935mW
08-11-2026 22:00:12 RAM 7062/7607MB (lfb 4x4MB) SWAP 1381/16384MB (cached 104MB) CPU [6%@1344,59%@1344,16%@1344,7%@1344,1%@729,2%@729] GR3D_FREQ 98% cpu@63.031C soc2@61.937C soc0@62.656C gpu@63.968C tj@63.968C soc1@61.75C VDD_IN 17604mW/16968mW VDD_CPU_GPU_CV 8588mW/7942mW VDD_SOC 3923mW/3935mW
08-11-2026 22:00:13 RAM 7062/7607MB (lfb 4x4MB) SWAP 1381/16384MB (cached 104MB) CPU [5%@729,24%@729,1%@729,2%@729,37%@1344,0%@1344] GR3D_FREQ 93% cpu@62.531C soc2@61.937C soc0@62.625C gpu@64.062C tj@64.125C soc1@61.593C VDD_IN 17368mW/16969mW VDD_CPU_GPU_CV 8290mW/7943mW VDD_SOC 3962mW/3935mW
08-11-2026 22:00:14 RAM 7062/7607MB (lfb 4x4MB) SWAP 1381/16384MB (cached 104MB) CPU [3%@729,1%@729,3%@729,2%@729,57%@1344,3%@1344] GR3D_FREQ 91% cpu@62.718C soc2@61.906C soc0@62.5C gpu@64.187C tj@64.187C soc1@61.593C VDD_IN 17211mW/16969mW VDD_CPU_GPU_CV 8055mW/7943mW VDD_SOC 4001mW/3935mW
08-11-2026 22:00:15 RAM 7062/7607MB (lfb 4x4MB) SWAP 1381/16384MB (cached 104MB) CPU [3%@729,4%@729,6%@729,3%@729,0%@1344,60%@1344] GR3D_FREQ 98% cpu@63C soc2@61.812C soc0@62.593C gpu@64.156C tj@64.156C soc1@61.562C VDD_IN 17015mW/16969mW VDD_CPU_GPU_CV 7742mW/7943mW VDD_SOC 4080mW/3935mW
08-11-2026 22:00:16 RAM 7062/7607MB (lfb 4x4MB) SWAP 1381/16384MB (cached 104MB) CPU [2%@729,1%@729,6%@729,2%@729,0%@1344,59%@1344] GR3D_FREQ 98% cpu@63.218C soc2@61.843C soc0@62.562C gpu@64C tj@64C soc1@61.718C VDD_IN 16806mW/16969mW VDD_CPU_GPU_CV 7246mW/7941mW VDD_SOC 4165mW/3936mW
08-11-2026 22:00:17 RAM 7062/7607MB (lfb 4x4MB) SWAP 1381/16384MB (cached 104MB) CPU [3%@729,2%@729,3%@729,2%@729,0%@729,59%@729] GR3D_FREQ 99% cpu@62.593C soc2@61.781C soc0@62.593C gpu@64.187C tj@64.187C soc1@61.781C VDD_IN 16413mW/16968mW VDD_CPU_GPU_CV 7598mW/7941mW VDD_SOC 3890mW/3935mW
08-11-2026 22:00:18 RAM 7064/7607MB (lfb 4x4MB) SWAP 1381/16384MB (cached 104MB) CPU [11%@729,7%@729,11%@729,9%@729,0%@729,69%@729] GR3D_FREQ 98% cpu@62.781C soc2@61.875C soc0@62.593C gpu@64.093C tj@64.093C soc1@61.625C VDD_IN 17604mW/16969mW VDD_CPU_GPU_CV 8354mW/7941mW VDD_SOC 4040mW/3936mW
08-11-2026 22:00:19 RAM 7064/7607MB (lfb 4x4MB) SWAP 1381/16384MB (cached 104MB) CPU [4%@729,2%@729,1%@729,3%@729,0%@1344,70%@1344] GR3D_FREQ 98% cpu@63.062C soc2@61.875C soc0@62.593C gpu@64.187C tj@64.187C soc1@61.593C VDD_IN 17565mW/16970mW VDD_CPU_GPU_CV 8627mW/7943mW VDD_SOC 3923mW/3936mW
08-11-2026 22:00:20 RAM 7064/7607MB (lfb 4x4MB) SWAP 1381/16384MB (cached 104MB) CPU [5%@729,3%@729,0%@729,4%@729,0%@1344,58%@1344] GR3D_FREQ 98% cpu@62.937C soc2@61.843C soc0@62.593C gpu@64.218C tj@64.218C soc1@61.781C VDD_IN 17526mW/16971mW VDD_CPU_GPU_CV 8510mW/7944mW VDD_SOC 3923mW/3936mW
08-11-2026 22:00:21 RAM 7064/7607MB (lfb 4x4MB) SWAP 1381/16384MB (cached 104MB) CPU [2%@729,2%@729,2%@729,3%@729,0%@1036,58%@1036] GR3D_FREQ 98% cpu@63.093C soc2@61.875C soc0@62.593C gpu@64.281C tj@64.281C soc1@61.75C VDD_IN 17447mW/16972mW VDD_CPU_GPU_CV 8329mW/7944mW VDD_SOC 3962mW/3936mW
08-11-2026 22:00:22 RAM 7064/7607MB (lfb 4x4MB) SWAP 1381/16384MB (cached 104MB) CPU [3%@729,2%@729,1%@729,0%@729,46%@729,13%@729] GR3D_FREQ 98% cpu@62.593C soc2@61.906C soc0@62.656C gpu@64.312C tj@64.312C soc1@61.562C VDD_IN 17211mW/16972mW VDD_CPU_GPU_CV 8055mW/7944mW VDD_SOC 4001mW/3936mW
08-11-2026 22:00:23 RAM 7067/7607MB (lfb 4x4MB) SWAP 1381/16384MB (cached 104MB) CPU [39%@729,17%@729,3%@729,10%@729,22%@729,1%@729] GR3D_FREQ 97% cpu@62.875C soc2@61.937C soc0@62.593C gpu@64.25C tj@64.25C soc1@61.593C VDD_IN 17093mW/16972mW VDD_CPU_GPU_CV 7703mW/7944mW VDD_SOC 4080mW/3936mW
08-11-2026 22:00:24 RAM 7067/7607MB (lfb 4x4MB) SWAP 1381/16384MB (cached 104MB) CPU [60%@1190,2%@1190,3%@1190,1%@1190,2%@729,1%@729] GR3D_FREQ 99% cpu@63.093C soc2@62C soc0@62.562C gpu@63.906C tj@63.906C soc1@61.75C VDD_IN 16688mW/16972mW VDD_CPU_GPU_CV 7089mW/7943mW VDD_SOC 4165mW/3936mW
08-11-2026 22:00:25 RAM 7067/7607MB (lfb 4x4MB) SWAP 1381/16384MB (cached 104MB) CPU [63%@729,2%@729,7%@729,2%@729,1%@729,0%@729] GR3D_FREQ 60% cpu@62.875C soc2@61.937C soc0@62.687C gpu@63.937C tj@63.937C soc1@61.687C VDD_IN 16452mW/16971mW VDD_CPU_GPU_CV 7598mW/7942mW VDD_SOC 3890mW/3936mW
08-11-2026 22:00:26 RAM 7067/7607MB (lfb 4x4MB) SWAP 1381/16384MB (cached 104MB) CPU [10%@729,2%@729,4%@729,1%@729,61%@729,0%@729] GR3D_FREQ 98% cpu@63.187C soc2@61.968C soc0@62.75C gpu@64.562C tj@64.562C soc1@61.75C VDD_IN 17772mW/16972mW VDD_CPU_GPU_CV 8588mW/7943mW VDD_SOC 4040mW/3936mW
08-11-2026 22:00:27 RAM 7067/7607MB (lfb 4x4MB) SWAP 1381/16384MB (cached 104MB) CPU [2%@729,2%@729,3%@729,1%@729,3%@1344,64%@1344] GR3D_FREQ 98% cpu@62.75C soc2@62.031C soc0@62.781C gpu@64.468C tj@64.468C soc1@61.656C VDD_IN 17526mW/16973mW VDD_CPU_GPU_CV 8588mW/7944mW VDD_SOC 3923mW/3936mW
08-11-2026 22:00:28 RAM 7067/7607MB (lfb 4x4MB) SWAP 1381/16384MB (cached 104MB) CPU [3%@729,2%@729,3%@729,2%@729,0%@1344,58%@1344] GR3D_FREQ 98% cpu@62.875C soc2@61.843C soc0@62.687C gpu@64.218C tj@64.218C soc1@61.625C VDD_IN 17486mW/16974mW VDD_CPU_GPU_CV 8471mW/7945mW VDD_SOC 3923mW/3936mW
08-11-2026 22:00:29 RAM 7062/7607MB (lfb 4x4MB) SWAP 1381/16384MB (cached 104MB) CPU [7%@729,6%@729,15%@729,3%@729,5%@1344,60%@1344] GR3D_FREQ 98% cpu@63.062C soc2@61.875C soc0@62.593C gpu@64.156C tj@64.156C soc1@61.687C VDD_IN 17447mW/16975mW VDD_CPU_GPU_CV 8329mW/7946mW VDD_SOC 3962mW/3936mW
08-11-2026 22:00:30 RAM 7062/7607MB (lfb 4x4MB) SWAP 1381/16384MB (cached 104MB) CPU [2%@729,2%@729,4%@729,1%@729,0%@1344,59%@1344] GR3D_FREQ 98% cpu@62.75C soc2@61.937C soc0@62.625C gpu@64.187C tj@64.187C soc1@61.718C VDD_IN 17290mW/16976mW VDD_CPU_GPU_CV 8055mW/7946mW VDD_SOC 4001mW/3937mW
08-11-2026 22:00:31 RAM 7063/7607MB (lfb 4x4MB) SWAP 1381/16384MB (cached 104MB) CPU [4%@729,1%@729,6%@729,2%@729,0%@729,58%@729] GR3D_FREQ 98% cpu@62.812C soc2@61.968C soc0@62.75C gpu@64.406C tj@64.406C soc1@61.593C VDD_IN 16975mW/16976mW VDD_CPU_GPU_CV 7664mW/7945mW VDD_SOC 4080mW/3937mW
08-11-2026 22:00:32 RAM 7063/7607MB (lfb 4x4MB) SWAP 1381/16384MB (cached 104MB) CPU [0%@729,5%@729,1%@729,2%@729,0%@960,57%@960] GR3D_FREQ 99% cpu@63.125C soc2@61.812C soc0@62.593C gpu@63.812C tj@63.812C soc1@61.625C VDD_IN 16570mW/16975mW VDD_CPU_GPU_CV 7089mW/7944mW VDD_SOC 4126mW/3937mW
08-11-2026 22:00:33 RAM 7063/7607MB (lfb 4x4MB) SWAP 1381/16384MB (cached 104MB) CPU [4%@729,2%@729,2%@729,1%@729,0%@729,63%@729] GR3D_FREQ 99% cpu@62.593C soc2@61.906C soc0@62.625C gpu@64.125C tj@64.125C soc1@61.687C VDD_IN 16570mW/16974mW VDD_CPU_GPU_CV 7676mW/7944mW VDD_SOC 3890mW/3937mW
08-11-2026 22:00:34 RAM 7063/7607MB (lfb 4x4MB) SWAP 1381/16384MB (cached 104MB) CPU [20%@729,9%@729,3%@729,2%@729,0%@729,70%@729] GR3D_FREQ 99% cpu@63.062C soc2@61.968C soc0@62.75C gpu@64.343C tj@64.343C soc1@61.75C VDD_IN 17968mW/16976mW VDD_CPU_GPU_CV 8862mW/7945mW VDD_SOC 4034mW/3937mW
08-11-2026 22:00:35 RAM 7063/7607MB (lfb 4x4MB) SWAP 1381/16384MB (cached 104MB) CPU [2%@729,2%@729,8%@729,2%@729,1%@1344,63%@1344] GR3D_FREQ 98% cpu@62.75C soc2@62C soc0@62.687C gpu@64.343C tj@64.343C soc1@61.625C VDD_IN 17526mW/16977mW VDD_CPU_GPU_CV 8588mW/7946mW VDD_SOC 3923mW/3937mW
08-11-2026 22:00:36 RAM 7063/7607MB (lfb 4x4MB) SWAP 1381/16384MB (cached 104MB) CPU [2%@729,2%@729,4%@729,1%@729,0%@1344,59%@1344] GR3D_FREQ 98% cpu@62.843C soc2@61.875C soc0@62.656C gpu@64.343C tj@64.343C soc1@61.625C VDD_IN 17447mW/16977mW VDD_CPU_GPU_CV 8407mW/7947mW VDD_SOC 3962mW/3937mW
08-11-2026 22:00:37 RAM 7063/7607MB (lfb 4x4MB) SWAP 1381/16384MB (cached 104MB) CPU [3%@729,1%@729,7%@729,1%@729,0%@1344,59%@1344] GR3D_FREQ 98% cpu@63C soc2@61.906C soc0@62.687C gpu@64.312C tj@64.312C soc1@61.718C VDD_IN 17329mW/16978mW VDD_CPU_GPU_CV 8211mW/7947mW VDD_SOC 4001mW/3937mW
08-11-2026 22:00:38 RAM 7063/7607MB (lfb 4x4MB) SWAP 1381/16384MB (cached 104MB) CPU [3%@729,1%@729,4%@729,0%@729,0%@1344,60%@1344] GR3D_FREQ 98% cpu@62.75C soc2@62.031C soc0@62.718C gpu@64.281C tj@64.125C soc1@61.812C VDD_IN 17172mW/16978mW VDD_CPU_GPU_CV 7899mW/7947mW VDD_SOC 4040mW/3937mW
08-11-2026 22:00:39 RAM 7063/7607MB (lfb 4x4MB) SWAP 1381/16384MB (cached 104MB) CPU [3%@729,3%@729,6%@729,1%@729,0%@1344,60%@1344] GR3D_FREQ 98% cpu@63.062C soc2@62.062C soc0@62.75C gpu@64.062C tj@64.062C soc1@61.843C VDD_IN 16936mW/16978mW VDD_CPU_GPU_CV 7507mW/7946mW VDD_SOC 4119mW/3938mW
08-11-2026 22:00:40 RAM 7065/7607MB (lfb 4x4MB) SWAP 1381/16384MB (cached 104MB) CPU [5%@729,18%@729,3%@729,12%@729,0%@729,56%@729] GR3D_FREQ 97% cpu@62.843C soc2@62.093C soc0@62.812C gpu@63.687C tj@63.687C soc1@61.718C VDD_IN 16452mW/16977mW VDD_CPU_GPU_CV 7363mW/7946mW VDD_SOC 3968mW/3938mW
08-11-2026 22:00:41 RAM 7064/7607MB (lfb 4x4MB) SWAP 1381/16384MB (cached 104MB) CPU [2%@729,2%@729,4%@729,2%@729,0%@729,67%@729] GR3D_FREQ 99% cpu@62.75C soc2@61.906C soc0@62.718C gpu@63.875C tj@63.875C soc1@61.687C VDD_IN 16936mW/16977mW VDD_CPU_GPU_CV 8016mW/7946mW VDD_SOC 3929mW/3938mW
08-11-2026 22:00:42 RAM 7064/7607MB (lfb 4x4MB) SWAP 1381/16384MB (cached 104MB) CPU [7%@729,2%@729,2%@729,2%@729,1%@729,69%@729] GR3D_FREQ 98% cpu@62.875C soc2@61.875C soc0@62.593C gpu@64.156C tj@64.343C soc1@61.718C VDD_IN 17526mW/16978mW VDD_CPU_GPU_CV 8563mW/7947mW VDD_SOC 3923mW/3938mW
08-11-2026 22:00:43 RAM 7064/7607MB (lfb 4x4MB) SWAP 1381/16384MB (cached 104MB) CPU [1%@729,5%@729,0%@729,2%@729,0%@1344,58%@1344] GR3D_FREQ 97% cpu@62.656C soc2@62.031C soc0@62.625C gpu@64.312C tj@64.312C soc1@61.781C VDD_IN 17447mW/16979mW VDD_CPU_GPU_CV 8471mW/7948mW VDD_SOC 3923mW/3938mW
08-11-2026 22:00:44 RAM 7064/7607MB (lfb 4x4MB) SWAP 1381/16384MB (cached 104MB) CPU [2%@729,3%@729,6%@729,2%@729,0%@1344,59%@1344] GR3D_FREQ 94% cpu@62.812C soc2@62C soc0@62.75C gpu@64.468C tj@64.468C soc1@61.843C VDD_IN 17408mW/16980mW VDD_CPU_GPU_CV 8329mW/7948mW VDD_SOC 3962mW/3938mW
08-11-2026 22:00:45 RAM 7065/7607MB (lfb 4x4MB) SWAP 1381/16384MB (cached 104MB) CPU [4%@729,7%@729,9%@729,18%@729,0%@1344,59%@1344] GR3D_FREQ 93% cpu@62.937C soc2@62C soc0@62.718C gpu@64.343C tj@64.343C soc1@61.687C VDD_IN 17447mW/16980mW VDD_CPU_GPU_CV 8250mW/7949mW VDD_SOC 4001mW/3938mW
08-11-2026 22:00:46 RAM 7065/7607MB (lfb 4x4MB) SWAP 1381/16384MB (cached 104MB) CPU [2%@729,8%@729,2%@729,2%@729,0%@1344,59%@1344] GR3D_FREQ 98% cpu@62.843C soc2@61.968C soc0@62.656C gpu@64.312C tj@64.312C soc1@61.625C VDD_IN 17093mW/16981mW VDD_CPU_GPU_CV 7781mW/7948mW VDD_SOC 4080mW/3938mW
08-11-2026 22:00:47 RAM 7065/7607MB (lfb 4x4MB) SWAP 1381/16384MB (cached 104MB) CPU [2%@729,1%@729,3%@729,5%@729,0%@1344,60%@1344] GR3D_FREQ 98% cpu@63.125C soc2@61.968C soc0@62.593C gpu@64.25C tj@64.062C soc1@61.781C VDD_IN 16818mW/16980mW VDD_CPU_GPU_CV 7312mW/7947mW VDD_SOC 4158mW/3939mW
08-11-2026 22:00:48 RAM 7065/7607MB (lfb 4x4MB) SWAP 1381/16384MB (cached 104MB) CPU [5%@729,1%@729,2%@729,2%@729,0%@729,59%@729] GR3D_FREQ 99% cpu@62.625C soc2@61.906C soc0@62.75C gpu@64.062C tj@64.062C soc1@61.812C VDD_IN 16413mW/16979mW VDD_CPU_GPU_CV 7598mW/7947mW VDD_SOC 3851mW/3938mW
08-11-2026 22:00:49 RAM 7065/7607MB (lfb 4x4MB) SWAP 1381/16384MB (cached 104MB) CPU [3%@729,6%@729,1%@729,2%@729,0%@729,69%@729] GR3D_FREQ 99% cpu@62.812C soc2@62.125C soc0@62.75C gpu@64.281C tj@64.281C soc1@61.687C VDD_IN 17565mW/16980mW VDD_CPU_GPU_CV 8354mW/7947mW VDD_SOC 4040mW/3939mW
08-11-2026 22:00:50 RAM 7065/7607MB (lfb 4x4MB) SWAP 1381/16384MB (cached 104MB) CPU [2%@1113,5%@1113,4%@1113,2%@1113,0%@1344,68%@1344] GR3D_FREQ 98% cpu@62.968C soc2@62.031C soc0@62.687C gpu@64.281C tj@64.281C soc1@61.718C VDD_IN 17604mW/16981mW VDD_CPU_GPU_CV 8666mW/7949mW VDD_SOC 3923mW/3939mW
08-11-2026 22:00:51 RAM 7065/7607MB (lfb 4x4MB) SWAP 1381/16384MB (cached 104MB) CPU [11%@1036,9%@1036,8%@1036,10%@1036,0%@1344,58%@1344] GR3D_FREQ 98% cpu@63.125C soc2@62.093C soc0@62.687C gpu@64.312C tj@64.312C soc1@61.75C VDD_IN 17604mW/16982mW VDD_CPU_GPU_CV 8549mW/7950mW VDD_SOC 3923mW/3938mW
08-11-2026 22:00:52 RAM 7065/7607MB (lfb 4x4MB) SWAP 1381/16384MB (cached 104MB) CPU [5%@1344,0%@1344,1%@1344,1%@1344,1%@1113,58%@1113] GR3D_FREQ 98% cpu@63.062C soc2@62C soc0@62.687C gpu@64.531C tj@64.531C soc1@61.843C VDD_IN 17447mW/16983mW VDD_CPU_GPU_CV 8368mW/7950mW VDD_SOC 3962mW/3939mW
08-11-2026 22:00:53 RAM 7065/7607MB (lfb 4x4MB) SWAP 1381/16384MB (cached 104MB) CPU [3%@729,5%@729,2%@729,1%@729,0%@806,57%@806] GR3D_FREQ 98% cpu@62.875C soc2@61.937C soc0@62.843C gpu@64.187C tj@64.187C soc1@61.781C VDD_IN 17290mW/16984mW VDD_CPU_GPU_CV 8094mW/7950mW VDD_SOC 4001mW/3939mW
08-11-2026 22:00:54 RAM 7065/7607MB (lfb 4x4MB) SWAP 1381/16384MB (cached 104MB) CPU [3%@1113,5%@1113,2%@1113,1%@1113,0%@1344,58%@1344] GR3D_FREQ 97% cpu@63.093C soc2@61.968C soc0@62.687C gpu@64.062C tj@64.062C soc1@61.812C VDD_IN 16975mW/16984mW VDD_CPU_GPU_CV 7625mW/7950mW VDD_SOC 4080mW/3939mW
08-11-2026 22:00:55 RAM 7065/7607MB (lfb 4x4MB) SWAP 1381/16384MB (cached 104MB) CPU [3%@729,4%@729,6%@729,2%@729,1%@1190,59%@1190] GR3D_FREQ 99% cpu@62.968C soc2@62C soc0@62.718C gpu@63.937C tj@63.937C soc1@61.843C VDD_IN 16649mW/16983mW VDD_CPU_GPU_CV 7089mW/7949mW VDD_SOC 4165mW/3939mW
08-11-2026 22:00:56 RAM 7065/7607MB (lfb 4x4MB) SWAP 1381/16384MB (cached 104MB) CPU [18%@729,6%@729,4%@729,9%@729,1%@729,62%@729] GR3D_FREQ 63% cpu@63.25C soc2@62.031C soc0@62.75C gpu@64.093C tj@64.093C soc1@61.968C VDD_IN 16609mW/16983mW VDD_CPU_GPU_CV 7755mW/7948mW VDD_SOC 3890mW/3939mW
08-11-2026 22:00:57 RAM 7065/7607MB (lfb 4x4MB) SWAP 1381/16384MB (cached 104MB) CPU [3%@729,1%@729,2%@729,1%@729,69%@729,7%@729] GR3D_FREQ 99% cpu@62.937C soc2@62.093C soc0@62.781C gpu@64.5C tj@64.5C soc1@61.75C VDD_IN 17732mW/16984mW VDD_CPU_GPU_CV 8588mW/7949mW VDD_SOC 4040mW/3939mW
08-11-2026 22:00:58 RAM 7064/7607MB (lfb 4x4MB) SWAP 1381/16384MB (cached 104MB) CPU [2%@1344,2%@1344,4%@1344,1%@1344,65%@1344,0%@1344] GR3D_FREQ 98% cpu@62.906C soc2@62C soc0@62.718C gpu@64.468C tj@64.468C soc1@61.781C VDD_IN 17408mW/16984mW VDD_CPU_GPU_CV 8524mW/7950mW VDD_SOC 3883mW/3939mW
08-11-2026 22:00:59 RAM 7064/7607MB (lfb 4x4MB) SWAP 1381/16384MB (cached 104MB) CPU [3%@729,5%@729,1%@729,3%@729,59%@1344,0%@1344] GR3D_FREQ 98% cpu@63.031C soc2@62.031C soc0@62.781C gpu@64.437C tj@64.437C soc1@61.812C VDD_IN 17329mW/16985mW VDD_CPU_GPU_CV 8329mW/7951mW VDD_SOC 3923mW/3939mW
08-11-2026 22:01:00 RAM 7064/7607MB (lfb 4x4MB) SWAP 1381/16384MB (cached 104MB) CPU [1%@729,2%@729,6%@729,2%@729,59%@1344,0%@1344] GR3D_FREQ 98% cpu@62.812C soc2@62.062C soc0@62.718C gpu@64.125C tj@64.125C soc1@61.968C VDD_IN 17172mW/16985mW VDD_CPU_GPU_CV 8133mW/7951mW VDD_SOC 3962mW/3939mW
08-11-2026 22:01:01 RAM 7064/7607MB (lfb 4x4MB) SWAP 1381/16384MB (cached 104MB) CPU [5%@729,1%@729,4%@729,1%@729,59%@1344,0%@1344] GR3D_FREQ 98% cpu@62.843C soc2@62.031C soc0@62.843C gpu@64.25C tj@64.25C soc1@61.875C VDD_IN 17015mW/16985mW VDD_CPU_GPU_CV 7820mW/7951mW VDD_SOC 4001mW/3939mW
08-11-2026 22:01:02 RAM 7065/7607MB (lfb 4x4MB) SWAP 1381/16384MB (cached 104MB) CPU [9%@729,4%@729,20%@729,7%@729,60%@1344,0%@1344] GR3D_FREQ 98% cpu@62.937C soc2@62C soc0@62.906C gpu@64.187C tj@64.187C soc1@61.781C VDD_IN 16857mW/16985mW VDD_CPU_GPU_CV 7468mW/7950mW VDD_SOC 4086mW/3940mW
08-11-2026 22:01:03 RAM 7065/7607MB (lfb 4x4MB) SWAP 1381/16384MB (cached 104MB) CPU [1%@1344,6%@1344,4%@1344,1%@1344,55%@729,0%@729] GR3D_FREQ 97% cpu@62.875C soc2@62.062C soc0@62.812C gpu@63.781C tj@63.781C soc1@61.75C VDD_IN 16334mW/16984mW VDD_CPU_GPU_CV 7324mW/7949mW VDD_SOC 3968mW/3940mW
08-11-2026 22:01:04 RAM 7065/7607MB (lfb 4x4MB) SWAP 1381/16384MB (cached 104MB) CPU [2%@729,2%@729,3%@729,1%@729,67%@729,3%@729] GR3D_FREQ 99% cpu@62.968C soc2@62.062C soc0@62.718C gpu@63.937C tj@63.937C soc1@61.781C VDD_IN 16779mW/16984mW VDD_CPU_GPU_CV 7899mW/7949mW VDD_SOC 3890mW/3940mW
08-11-2026 22:01:05 RAM 7065/7607MB (lfb 4x4MB) SWAP 1381/16384MB (cached 104MB) CPU [3%@729,3%@729,1%@729,1%@729,72%@1344,0%@1344] GR3D_FREQ 97% cpu@62.687C soc2@62.062C soc0@62.687C gpu@64.406C tj@64.406C soc1@61.843C VDD_IN 17408mW/16984mW VDD_CPU_GPU_CV 8485mW/7950mW VDD_SOC 3883mW/3939mW
08-11-2026 22:01:06 RAM 7065/7607MB (lfb 4x4MB) SWAP 1381/16384MB (cached 104MB) CPU [3%@729,2%@729,4%@729,1%@729,59%@729,0%@729] GR3D_FREQ 98% cpu@62.843C soc2@62.062C soc0@62.781C gpu@64.062C tj@64.062C soc1@61.75C VDD_IN 17250mW/16985mW VDD_CPU_GPU_CV 8329mW/7950mW VDD_SOC 3923mW/3939mW
08-11-2026 22:01:07 RAM 7063/7607MB (lfb 4x4MB) SWAP 1381/16384MB (cached 104MB) CPU [6%@729,8%@729,6%@729,17%@729,59%@1344,1%@1344] GR3D_FREQ 92% cpu@62.937C soc2@61.968C soc0@62.718C gpu@64.062C tj@64.062C soc1@61.718C VDD_IN 17408mW/16985mW VDD_CPU_GPU_CV 8407mW/7951mW VDD_SOC 3962mW/3939mW
08-11-2026 22:01:08 RAM 7063/7607MB (lfb 4x4MB) SWAP 1381/16384MB (cached 104MB) CPU [5%@729,1%@729,3%@729,8%@729,59%@1344,0%@1344] GR3D_FREQ 92% cpu@62.812C soc2@62.062C soc0@62.75C gpu@64.281C tj@64.281C soc1@61.781C VDD_IN 17133mW/16986mW VDD_CPU_GPU_CV 8016mW/7951mW VDD_SOC 4001mW/3940mW
08-11-2026 22:01:09 RAM 7063/7607MB (lfb 4x4MB) SWAP 1381/16384MB (cached 104MB) CPU [2%@729,3%@729,5%@729,1%@729,59%@1344,0%@1344] GR3D_FREQ 98% cpu@62.906C soc2@61.968C soc0@62.718C gpu@64.031C tj@64.031C soc1@61.781C VDD_IN 16936mW/16986mW VDD_CPU_GPU_CV 7664mW/7951mW VDD_SOC 4040mW/3940mW
08-11-2026 22:01:10 RAM 7063/7607MB (lfb 4x4MB) SWAP 1381/16384MB (cached 104MB) CPU [31%@729,1%@729,3%@729,4%@729,30%@1344,0%@1344] GR3D_FREQ 98% cpu@62.812C soc2@62.031C soc0@62.843C gpu@64C tj@64C soc1@61.875C VDD_IN 16688mW/16985mW VDD_CPU_GPU_CV 7246mW/7950mW VDD_SOC 4126mW/3940mW
08-11-2026 22:01:11 RAM 7063/7607MB (lfb 4x4MB) SWAP 1381/16384MB (cached 104MB) CPU [3%@729,1%@729,1%@729,4%@729,58%@729,0%@729] GR3D_FREQ 99% cpu@62.718C soc2@62.093C soc0@62.875C gpu@64.25C tj@64.25C soc1@61.781C VDD_IN 16216mW/16984mW VDD_CPU_GPU_CV 7520mW/7949mW VDD_SOC 3811mW/3940mW
08-11-2026 22:01:12 RAM 7063/7607MB (lfb 4x4MB) SWAP 1381/16384MB (cached 104MB) CPU [2%@729,1%@729,4%@729,3%@729,69%@729,0%@729] GR3D_FREQ 99% cpu@62.843C soc2@62.125C soc0@62.593C gpu@64.468C tj@64.468C soc1@61.75C VDD_IN 17526mW/16985mW VDD_CPU_GPU_CV 8329mW/7950mW VDD_SOC 4040mW/3940mW
08-11-2026 22:01:13 RAM 7066/7607MB (lfb 4x4MB) SWAP 1381/16384MB (cached 104MB) CPU [4%@729,5%@729,18%@729,9%@729,68%@1344,0%@1344] GR3D_FREQ 98% cpu@63.093C soc2@62C soc0@62.75C gpu@64.562C tj@64.562C soc1@61.906C VDD_IN 17526mW/16986mW VDD_CPU_GPU_CV 8588mW/7951mW VDD_SOC 3883mW/3940mW
08-11-2026 22:01:14 RAM 7066/7607MB (lfb 4x4MB) SWAP 1381/16384MB (cached 104MB) CPU [4%@729,1%@729,1%@729,3%@729,59%@1344,0%@1344] GR3D_FREQ 98% cpu@63.031C soc2@62C soc0@62.781C gpu@64.531C tj@64.531C soc1@61.843C VDD_IN 17368mW/16986mW VDD_CPU_GPU_CV 8446mW/7951mW VDD_SOC 3923mW/3940mW
08-11-2026 22:01:15 RAM 7066/7607MB (lfb 4x4MB) SWAP 1381/16384MB (cached 104MB) CPU [1%@729,2%@729,5%@729,1%@729,59%@1344,1%@1344] GR3D_FREQ 98% cpu@62.687C soc2@62.062C soc0@62.781C gpu@64.531C tj@64.531C soc1@61.843C VDD_IN 17329mW/16987mW VDD_CPU_GPU_CV 8290mW/7952mW VDD_SOC 3962mW/3940mW
08-11-2026 22:01:16 RAM 7066/7607MB (lfb 4x4MB) SWAP 1381/16384MB (cached 104MB) CPU [1%@729,1%@729,2%@729,1%@729,58%@1344,2%@1344] GR3D_FREQ 98% cpu@62.843C soc2@62.093C soc0@62.843C gpu@64.25C tj@64.25C soc1@61.781C VDD_IN 17172mW/16987mW VDD_CPU_GPU_CV 7977mW/7952mW VDD_SOC 4001mW/3940mW
08-11-2026 22:01:17 RAM 7066/7607MB (lfb 4x4MB) SWAP 1381/16384MB (cached 104MB) CPU [6%@729,2%@729,2%@729,1%@729,59%@729,1%@729] GR3D_FREQ 98% cpu@62.906C soc2@61.968C soc0@62.687C gpu@64.218C tj@64.218C soc1@61.75C VDD_IN 16897mW/16987mW VDD_CPU_GPU_CV 7586mW/7951mW VDD_SOC 4040mW/3940mW
08-11-2026 22:01:18 RAM 7066/7607MB (lfb 4x4MB) SWAP 1381/16384MB (cached 104MB) CPU [42%@1267,14%@1267,8%@1267,15%@1267,15%@729,0%@729] GR3D_FREQ 99% cpu@63.281C soc2@62.25C soc0@62.812C gpu@63.718C tj@63.718C soc1@61.843C VDD_IN 16767mW/16987mW VDD_CPU_GPU_CV 7246mW/7950mW VDD_SOC 4165mW/3940mW
08-11-2026 22:01:19 RAM 7066/7607MB (lfb 4x4MB) SWAP 1381/16384MB (cached 104MB) CPU [4%@729,63%@729,4%@729,5%@729,0%@729,0%@729] GR3D_FREQ 99% cpu@62.968C soc2@62.093C soc0@62.843C gpu@63.968C tj@63.968C soc1@61.875C VDD_IN 16570mW/16986mW VDD_CPU_GPU_CV 7716mW/7950mW VDD_SOC 3890mW/3940mW
08-11-2026 22:01:20 RAM 7062/7607MB (lfb 4x4MB) SWAP 1380/16384MB (cached 104MB) CPU [72%@1344,6%@1344,2%@1344,2%@729,0%@729,0%@729] GR3D_FREQ 99% cpu@62.812C soc2@62.187C soc0@62.843C gpu@64.562C tj@64.562C soc1@61.937C VDD_IN 17722mW/16987mW VDD_CPU_GPU_CV 8666mW/7951mW VDD_SOC 4001mW/3940mW
08-11-2026 22:01:21 RAM 7063/7607MB (lfb 4x4MB) SWAP 1380/16384MB (cached 104MB) CPU [10%@729,5%@729,3%@729,3%@729,57%@1344,0%@1344] GR3D_FREQ 98% cpu@62.812C soc2@62.093C soc0@62.968C gpu@64.375C tj@64.375C soc1@61.843C VDD_IN 17486mW/16988mW VDD_CPU_GPU_CV 8524mW/7952mW VDD_SOC 3923mW/3940mW
08-11-2026 22:01:22 RAM 7063/7607MB (lfb 4x4MB) SWAP 1380/16384MB (cached 104MB) CPU [4%@729,2%@729,2%@729,1%@729,60%@1344,0%@1344] GR3D_FREQ 98% cpu@63C soc2@62.062C soc0@62.812C gpu@64.687C tj@64.687C soc1@61.843C VDD_IN 17408mW/16988mW VDD_CPU_GPU_CV 8368mW/7953mW VDD_SOC 3923mW/3940mW
08-11-2026 22:01:23 RAM 7063/7607MB (lfb 4x4MB) SWAP 1380/16384MB (cached 104MB) CPU [5%@729,2%@729,2%@729,2%@729,59%@1344,2%@1344] GR3D_FREQ 98% cpu@63.125C soc2@62.093C soc0@62.843C gpu@64.781C tj@64.781C soc1@61.812C VDD_IN 17290mW/16989mW VDD_CPU_GPU_CV 8133mW/7953mW VDD_SOC 3962mW/3940mW
08-11-2026 22:01:24 RAM 7067/7607MB (lfb 4x4MB) SWAP 1380/16384MB (cached 104MB) CPU [4%@729,8%@729,19%@729,6%@729,59%@1344,2%@1344] GR3D_FREQ 98% cpu@62.968C soc2@62.156C soc0@62.812C gpu@64.687C tj@64.687C soc1@61.875C VDD_IN 17211mW/16989mW VDD_CPU_GPU_CV 7938mW/7953mW VDD_SOC 4040mW/3941mW
08-11-2026 22:01:25 RAM 7067/7607MB (lfb 4x4MB) SWAP 1380/16384MB (cached 104MB) CPU [40%@1344,21%@1344,1%@1344,2%@1344,3%@729,0%@729] GR3D_FREQ 98% cpu@63.125C soc2@62.093C soc0@62.937C gpu@64.25C tj@64.25C soc1@62C VDD_IN 16857mW/16989mW VDD_CPU_GPU_CV 7468mW/7952mW VDD_SOC 4080mW/3941mW
08-11-2026 22:01:26 RAM 7067/7607MB (lfb 4x4MB) SWAP 1380/16384MB (cached 104MB) CPU [6%@729,56%@729,2%@729,2%@729,0%@729,0%@729] GR3D_FREQ 96% cpu@62.968C soc2@62.187C soc0@63C gpu@63.718C tj@63.718C soc1@61.906C VDD_IN 16373mW/16988mW VDD_CPU_GPU_CV 7285mW/7951mW VDD_SOC 4008mW/3941mW
08-11-2026 22:01:27 RAM 7067/7607MB (lfb 4x4MB) SWAP 1380/16384MB (cached 104MB) CPU [4%@729,66%@729,1%@729,2%@729,0%@729,0%@729] GR3D_FREQ 99% cpu@62.937C soc2@62.093C soc0@62.875C gpu@64C tj@64C soc1@61.843C VDD_IN 16779mW/16988mW VDD_CPU_GPU_CV 7899mW/7951mW VDD_SOC 3890mW/3941mW
08-11-2026 22:01:28 RAM 7068/7607MB (lfb 4x4MB) SWAP 1380/16384MB (cached 104MB) CPU [1%@729,70%@729,3%@729,3%@729,0%@729,1%@729] GR3D_FREQ 98% cpu@63.218C soc2@62.218C soc0@62.781C gpu@64.5C tj@64.5C soc1@61.875C VDD_IN 17447mW/16989mW VDD_CPU_GPU_CV 8485mW/7952mW VDD_SOC 3923mW/3941mW
08-11-2026 22:01:29 RAM 7068/7607MB (lfb 4x4MB) SWAP 1380/16384MB (cached 104MB) CPU [13%@729,57%@729,9%@729,4%@729,10%@1344,0%@1344] GR3D_FREQ 91% cpu@62.875C soc2@62.187C soc0@62.937C gpu@64.375C tj@64.375C soc1@61.937C VDD_IN 17604mW/16989mW VDD_CPU_GPU_CV 8627mW/7953mW VDD_SOC 3923mW/3941mW
08-11-2026 22:01:30 RAM 7068/7607MB (lfb 4x4MB) SWAP 1380/16384MB (cached 104MB) CPU [3%@729,2%@729,5%@729,5%@729,59%@1344,0%@1344] GR3D_FREQ 93% cpu@62.812C soc2@62.125C soc0@62.937C gpu@64.437C tj@64.437C soc1@61.781C VDD_IN 17329mW/16990mW VDD_CPU_GPU_CV 8290mW/7953mW VDD_SOC 3962mW/3941mW
08-11-2026 22:01:31 RAM 7068/7607MB (lfb 4x4MB) SWAP 1380/16384MB (cached 104MB) CPU [6%@729,1%@729,2%@729,4%@729,59%@1344,0%@1344] GR3D_FREQ 98% cpu@62.875C soc2@62.093C soc0@62.812C gpu@64.5C tj@64.5C soc1@61.75C VDD_IN 17211mW/16990mW VDD_CPU_GPU_CV 8055mW/7953mW VDD_SOC 4001mW/3941mW
08-11-2026 22:01:32 RAM 7068/7607MB (lfb 4x4MB) SWAP 1380/16384MB (cached 104MB) CPU [5%@729,2%@729,2%@729,2%@729,59%@1344,0%@1344] GR3D_FREQ 98% cpu@62.937C soc2@62.093C soc0@62.812C gpu@64.312C tj@64.312C soc1@61.843C VDD_IN 16975mW/16990mW VDD_CPU_GPU_CV 7703mW/7953mW VDD_SOC 4040mW/3941mW
08-11-2026 22:01:33 RAM 7068/7607MB (lfb 4x4MB) SWAP 1380/16384MB (cached 104MB) CPU [4%@729,1%@729,2%@729,2%@729,59%@1344,0%@1344] GR3D_FREQ 98% cpu@63.156C soc2@62.093C soc0@62.875C gpu@64.187C tj@64.187C soc1@61.968C VDD_IN 16767mW/16990mW VDD_CPU_GPU_CV 7285mW/7952mW VDD_SOC 4126mW/3941mW
08-11-2026 22:01:34 RAM 7069/7607MB (lfb 4x4MB) SWAP 1380/16384MB (cached 104MB) CPU [2%@729,6%@729,2%@729,1%@729,56%@729,0%@729] GR3D_FREQ 99% cpu@62.687C soc2@62.125C soc0@62.906C gpu@64.156C tj@64.156C soc1@61.968C VDD_IN 16334mW/16989mW VDD_CPU_GPU_CV 7559mW/7952mW VDD_SOC 3851mW/3941mW
08-11-2026 22:01:35 RAM 7072/7607MB (lfb 4x4MB) SWAP 1380/16384MB (cached 104MB) CPU [8%@729,7%@729,17%@729,7%@729,69%@729,0%@729] GR3D_FREQ 99% cpu@62.968C soc2@62.187C soc0@62.937C gpu@64.281C tj@64.281C soc1@61.843C VDD_IN 17486mW/16990mW VDD_CPU_GPU_CV 8329mW/7952mW VDD_SOC 4040mW/3941mW
08-11-2026 22:01:36 RAM 7073/7607MB (lfb 4x4MB) SWAP 1380/16384MB (cached 104MB) CPU [2%@1344,1%@1344,5%@1344,1%@1344,70%@1344,0%@1344] GR3D_FREQ 98% cpu@63.031C soc2@62.125C soc0@62.781C gpu@64.531C tj@64.531C soc1@61.843C VDD_IN 17526mW/16991mW VDD_CPU_GPU_CV 8627mW/7953mW VDD_SOC 3883mW/3941mW
08-11-2026 22:01:37 RAM 7074/7607MB (lfb 4x4MB) SWAP 1380/16384MB (cached 104MB) CPU [2%@729,2%@729,3%@729,2%@729,58%@1344,1%@1344] GR3D_FREQ 98% cpu@62.937C soc2@62.156C soc0@62.843C gpu@64.562C tj@64.562C soc1@61.875C VDD_IN 17486mW/16991mW VDD_CPU_GPU_CV 8471mW/7954mW VDD_SOC 3923mW/3941mW
08-11-2026 22:01:38 RAM 7074/7607MB (lfb 4x4MB) SWAP 1380/16384MB (cached 104MB) CPU [2%@1344,1%@1344,2%@1344,2%@1344,59%@1344,2%@1344] GR3D_FREQ 98% cpu@63.062C soc2@62.125C soc0@62.937C gpu@64.656C tj@64.656C soc1@61.937C VDD_IN 17290mW/16992mW VDD_CPU_GPU_CV 8290mW/7954mW VDD_SOC 3962mW/3941mW
08-11-2026 22:01:39 RAM 7075/7607MB (lfb 4x4MB) SWAP 1380/16384MB (cached 104MB) CPU [6%@729,2%@729,1%@729,2%@729,58%@883,0%@883] GR3D_FREQ 98% cpu@62.812C soc2@62.093C soc0@62.843C gpu@64.593C tj@64.593C soc1@62C VDD_IN 17172mW/16992mW VDD_CPU_GPU_CV 8016mW/7954mW VDD_SOC 4001mW/3941mW
08-11-2026 22:01:40 RAM 7076/7607MB (lfb 4x4MB) SWAP 1380/16384MB (cached 104MB) CPU [11%@729,4%@729,18%@729,4%@729,58%@729,0%@729] GR3D_FREQ 98% cpu@62.937C soc2@62.218C soc0@63C gpu@64.5C tj@64.5C soc1@61.812C VDD_IN 17133mW/16992mW VDD_CPU_GPU_CV 7742mW/7954mW VDD_SOC 4080mW/3942mW
08-11-2026 22:01:41 RAM 7076/7607MB (lfb 4x4MB) SWAP 1380/16384MB (cached 104MB) CPU [5%@729,1%@729,1%@729,7%@729,57%@1036,0%@1036] GR3D_FREQ 99% cpu@63.218C soc2@62.093C soc0@62.812C gpu@63.812C tj@63.812C soc1@61.843C VDD_IN 16531mW/16991mW VDD_CPU_GPU_CV 7011mW/7953mW VDD_SOC 4126mW/3942mW
08-11-2026 22:01:42 RAM 7077/7607MB (lfb 4x4MB) SWAP 1380/16384MB (cached 104MB) CPU [6%@729,2%@729,1%@729,3%@729,64%@729,1%@729] GR3D_FREQ 99% cpu@62.781C soc2@62.156C soc0@62.843C gpu@64C tj@63.656C soc1@61.906C VDD_IN 16491mW/16991mW VDD_CPU_GPU_CV 7598mW/7952mW VDD_SOC 3890mW/3942mW
08-11-2026 22:01:43 RAM 7077/7607MB (lfb 4x4MB) SWAP 1380/16384MB (cached 104MB) CPU [3%@729,4%@729,2%@729,4%@729,68%@729,0%@729] GR3D_FREQ 99% cpu@63.281C soc2@62.187C soc0@62.812C gpu@64.406C tj@64.406C soc1@61.906C VDD_IN 17722mW/16992mW VDD_CPU_GPU_CV 8588mW/7953mW VDD_SOC 4040mW/3942mW
08-11-2026 22:01:44 RAM 7077/7607MB (lfb 4x4MB) SWAP 1380/16384MB (cached 104MB) CPU [14%@1344,1%@1344,1%@1344,2%@1344,56%@729,0%@729] GR3D_FREQ 98% cpu@62.937C soc2@62.218C soc0@63C gpu@64.343C tj@64.343C soc1@62C VDD_IN 17408mW/16992mW VDD_CPU_GPU_CV 8524mW/7954mW VDD_SOC 3923mW/3942mW
08-11-2026 22:01:45 RAM 7077/7607MB (lfb 4x4MB) SWAP 1380/16384MB (cached 104MB) CPU [60%@1344,4%@1344,2%@1344,2%@1344,0%@729,0%@729] GR3D_FREQ 98% cpu@63.062C soc2@62.25C soc0@62.906C gpu@64.343C tj@64.343C soc1@61.843C VDD_IN 17368mW/16993mW VDD_CPU_GPU_CV 8368mW/7955mW VDD_SOC 3923mW/3942mW
08-11-2026 22:01:46 RAM 7076/7607MB (lfb 4x4MB) SWAP 1380/16384MB (cached 104MB) CPU [61%@1344,16%@1344,11%@1344,4%@1344,0%@729,0%@729] GR3D_FREQ 98% cpu@63.031C soc2@62.218C soc0@63.031C gpu@64.406C tj@64.406C soc1@61.843C VDD_IN 17329mW/16993mW VDD_CPU_GPU_CV 8211mW/7955mW VDD_SOC 3962mW/3942mW
08-11-2026 22:01:47 RAM 7076/7607MB (lfb 4x4MB) SWAP 1380/16384MB (cached 104MB) CPU [61%@1344,3%@1344,3%@1344,2%@1344,0%@729,0%@729] GR3D_FREQ 98% cpu@63.031C soc2@62.281C soc0@62.781C gpu@64.437C tj@64.437C soc1@61.812C VDD_IN 17093mW/16994mW VDD_CPU_GPU_CV 7899mW/7955mW VDD_SOC 4040mW/3942mW
08-11-2026 22:01:48 RAM 7076/7607MB (lfb 4x4MB) SWAP 1380/16384MB (cached 104MB) CPU [52%@729,1%@729,4%@729,1%@729,7%@1344,1%@1344] GR3D_FREQ 98% cpu@63.156C soc2@62.125C soc0@62.968C gpu@64.312C tj@64.312C soc1@61.875C VDD_IN 16857mW/16993mW VDD_CPU_GPU_CV 7441mW/7954mW VDD_SOC 4080mW/3942mW
08-11-2026 22:01:49 RAM 7076/7607MB (lfb 4x4MB) SWAP 1380/16384MB (cached 104MB) CPU [2%@729,2%@729,2%@729,1%@729,55%@729,3%@729] GR3D_FREQ 96% cpu@62.968C soc2@62.125C soc0@62.875C gpu@64C tj@64C soc1@62C VDD_IN 16334mW/16992mW VDD_CPU_GPU_CV 7363mW/7953mW VDD_SOC 3968mW/3942mW
08-11-2026 22:01:50 RAM 7076/7607MB (lfb 4x4MB) SWAP 1380/16384MB (cached 104MB) CPU [2%@729,2%@729,5%@729,1%@729,68%@729,0%@729] GR3D_FREQ 99% cpu@62.843C soc2@62.187C soc0@62.968C gpu@64.062C tj@64.062C soc1@61.75C VDD_IN 16936mW/16992mW VDD_CPU_GPU_CV 8016mW/7953mW VDD_SOC 3923mW/3942mW
08-11-2026 22:01:51 RAM 7076/7607MB (lfb 4x4MB) SWAP 1380/16384MB (cached 104MB) CPU [5%@729,10%@729,6%@729,18%@729,71%@729,0%@729] GR3D_FREQ 98% cpu@63.062C soc2@62.156C soc0@62.937C gpu@64.343C tj@64.343C soc1@61.906C VDD_IN 17722mW/16993mW VDD_CPU_GPU_CV 8744mW/7955mW VDD_SOC 3883mW/3942mW
08-11-2026 22:01:52 RAM 7077/7607MB (lfb 4x4MB) SWAP 1380/16384MB (cached 104MB) CPU [3%@729,3%@729,2%@729,7%@729,58%@1344,0%@1344] GR3D_FREQ 98% cpu@63.062C soc2@62.125C soc0@62.75C gpu@64.281C tj@64.281C soc1@61.875C VDD_IN 17447mW/16994mW VDD_CPU_GPU_CV 8432mW/7955mW VDD_SOC 3923mW/3942mW
08-11-2026 22:01:53 RAM 7077/7607MB (lfb 4x4MB) SWAP 1380/16384MB (cached 104MB) CPU [2%@729,2%@729,5%@729,3%@729,58%@1344,2%@1344] GR3D_FREQ 93% cpu@63.218C soc2@62.156C soc0@62.843C gpu@64.281C tj@64.281C soc1@61.906C VDD_IN 17329mW/16995mW VDD_CPU_GPU_CV 8250mW/7956mW VDD_SOC 3962mW/3942mW
08-11-2026 22:01:54 RAM 7077/7607MB (lfb 4x4MB) SWAP 1380/16384MB (cached 104MB) CPU [3%@729,2%@729,5%@729,0%@729,0%@1344,60%@1344] GR3D_FREQ 90% cpu@62.906C soc2@62.093C soc0@62.968C gpu@64.312C tj@64.312C soc1@61.937C VDD_IN 17172mW/16995mW VDD_CPU_GPU_CV 8016mW/7956mW VDD_SOC 4001mW/3942mW
08-11-2026 22:01:55 RAM 7078/7607MB (lfb 4x4MB) SWAP 1380/16384MB (cached 104MB) CPU [5%@729,1%@729,2%@729,3%@729,0%@1344,58%@1344] GR3D_FREQ 98% cpu@63.062C soc2@62.125C soc0@62.968C gpu@64.468C tj@64.468C soc1@61.812C VDD_IN 16975mW/16995mW VDD_CPU_GPU_CV 7703mW/7955mW VDD_SOC 4040mW/3942mW
08-11-2026 22:01:56 RAM 7077/7607MB (lfb 4x4MB) SWAP 1380/16384MB (cached 104MB) CPU [4%@729,1%@729,2%@729,2%@729,1%@1344,59%@1344] GR3D_FREQ 98% cpu@63.281C soc2@62.062C soc0@62.875C gpu@64.312C tj@64.312C soc1@61.843C VDD_IN 16728mW/16994mW VDD_CPU_GPU_CV 7206mW/7954mW VDD_SOC 4126mW/3943mW
08-11-2026 22:01:57 RAM 7080/7607MB (lfb 4x4MB) SWAP 1380/16384MB (cached 104MB) CPU [6%@729,8%@729,7%@729,17%@729,0%@729,59%@729] GR3D_FREQ 97% cpu@63.125C soc2@62.062C soc0@62.906C gpu@64.281C tj@64.281C soc1@61.875C VDD_IN 16295mW/16993mW VDD_CPU_GPU_CV 7520mW/7954mW VDD_SOC 3811mW/3942mW
08-11-2026 22:01:58 RAM 7080/7607MB (lfb 4x4MB) SWAP 1380/16384MB (cached 104MB) CPU [6%@1344,3%@1344,1%@1344,2%@1344,0%@729,70%@729] GR3D_FREQ 99% cpu@63.25C soc2@62.312C soc0@62.843C gpu@64.375C tj@64.375C soc1@62C VDD_IN 17683mW/16994mW VDD_CPU_GPU_CV 8393mW/7954mW VDD_SOC 4080mW/3943mW
08-11-2026 22:01:59 RAM 7081/7607MB (lfb 4x4MB) SWAP 1380/16384MB (cached 104MB) CPU [1%@1344,5%@1344,2%@1344,2%@1344,1%@1344,68%@1344] GR3D_FREQ 98% cpu@62.906C soc2@62.218C soc0@63.031C gpu@64.468C tj@64.468C soc1@61.843C VDD_IN 17526mW/16995mW VDD_CPU_GPU_CV 8588mW/7955mW VDD_SOC 3923mW/3943mW
08-11-2026 22:02:00 RAM 7082/7607MB (lfb 4x4MB) SWAP 1380/16384MB (cached 104MB) CPU [1%@729,2%@729,1%@729,1%@729,57%@1344,5%@1344] GR3D_FREQ 98% cpu@63C soc2@62.062C soc0@63.031C gpu@64.375C tj@64.375C soc1@61.968C VDD_IN 17447mW/16996mW VDD_CPU_GPU_CV 8432mW/7956mW VDD_SOC 3923mW/3943mW
08-11-2026 22:02:01 RAM 7082/7607MB (lfb 4x4MB) SWAP 1380/16384MB (cached 104MB) CPU [3%@729,1%@729,4%@729,2%@729,47%@1344,13%@1344] GR3D_FREQ 98% cpu@63.218C soc2@62.187C soc0@62.937C gpu@64.375C tj@64.375C soc1@61.968C VDD_IN 17368mW/16996mW VDD_CPU_GPU_CV 8290mW/7956mW VDD_SOC 3962mW/3943mW
08-11-2026 22:02:02 RAM 7083/7607MB (lfb 4x4MB) SWAP 1380/16384MB (cached 104MB) CPU [8%@729,11%@729,3%@729,18%@729,0%@1344,59%@1344] GR3D_FREQ 98% cpu@63.468C soc2@62.218C soc0@62.906C gpu@64.625C tj@64.625C soc1@62C VDD_IN 17447mW/16997mW VDD_CPU_GPU_CV 8250mW/7957mW VDD_SOC 4040mW/3943mW
08-11-2026 22:02:03 RAM 7084/7607MB (lfb 4x4MB) SWAP 1380/16384MB (cached 104MB) CPU [3%@729,1%@729,2%@729,3%@729,4%@729,58%@729] GR3D_FREQ 98% cpu@63.062C soc2@62.125C soc0@62.968C gpu@64.593C tj@64.593C soc1@61.906C VDD_IN 17015mW/16997mW VDD_CPU_GPU_CV 7664mW/7956mW VDD_SOC 4080mW/3943mW
08-11-2026 22:02:04 RAM 7084/7607MB (lfb 4x4MB) SWAP 1380/16384MB (cached 104MB) CPU [6%@729,2%@729,2%@729,0%@729,0%@960,57%@960] GR3D_FREQ 99% cpu@63.25C soc2@62.156C soc0@62.812C gpu@63.968C tj@63.968C soc1@61.906C VDD_IN 16531mW/16996mW VDD_CPU_GPU_CV 7050mW/7955mW VDD_SOC 4126mW/3943mW
08-11-2026 22:02:05 RAM 7084/7607MB (lfb 4x4MB) SWAP 1380/16384MB (cached 104MB) CPU [4%@729,1%@729,0%@729,5%@729,0%@729,62%@729] GR3D_FREQ 99% cpu@63C soc2@62.125C soc0@62.875C gpu@64.312C tj@64.312C soc1@61.875C VDD_IN 16609mW/16996mW VDD_CPU_GPU_CV 7716mW/7955mW VDD_SOC 3890mW/3943mW
08-11-2026 22:02:06 RAM 7084/7607MB (lfb 4x4MB) SWAP 1380/16384MB (cached 104MB) CPU [4%@729,5%@729,2%@729,1%@729,0%@1344,70%@1344] GR3D_FREQ 99% cpu@63.062C soc2@62.156C soc0@62.875C gpu@64.531C tj@64.531C soc1@61.968C VDD_IN 17693mW/16997mW VDD_CPU_GPU_CV 8705mW/7956mW VDD_SOC 3962mW/3943mW
08-11-2026 22:02:07 RAM 7084/7607MB (lfb 4x4MB) SWAP 1380/16384MB (cached 104MB) CPU [2%@1344,5%@1344,3%@1344,2%@1344,0%@1344,62%@1344] GR3D_FREQ 98% cpu@63.281C soc2@62.218C soc0@63.031C gpu@64.437C tj@64.437C soc1@62.031C VDD_IN 17447mW/16997mW VDD_CPU_GPU_CV 8524mW/7957mW VDD_SOC 3923mW/3943mW
08-11-2026 22:02:08 RAM 7084/7607MB (lfb 4x4MB) SWAP 1380/16384MB (cached 104MB) CPU [7%@729,19%@729,10%@729,4%@729,0%@1344,59%@1344] GR3D_FREQ 98% cpu@63.062C soc2@62.187C soc0@62.937C gpu@64.5C tj@64.5C soc1@61.906C VDD_IN 17486mW/16998mW VDD_CPU_GPU_CV 8432mW/7957mW VDD_SOC 3962mW/3943mW
08-11-2026 22:02:09 RAM 7084/7607MB (lfb 4x4MB) SWAP 1380/16384MB (cached 104MB) CPU [3%@729,4%@729,1%@729,2%@729,0%@1344,60%@1344] GR3D_FREQ 98% cpu@63.125C soc2@62.156C soc0@62.843C gpu@64.375C tj@64.375C soc1@61.906C VDD_IN 17250mW/16999mW VDD_CPU_GPU_CV 8172mW/7958mW VDD_SOC 3962mW/3943mW
08-11-2026 22:02:10 RAM 7084/7607MB (lfb 4x4MB) SWAP 1380/16384MB (cached 104MB) CPU [2%@729,3%@729,2%@729,0%@729,0%@1344,58%@1344] GR3D_FREQ 98% cpu@63.312C soc2@62.125C soc0@62.843C gpu@64.312C tj@64.718C soc1@61.937C VDD_IN 17133mW/16999mW VDD_CPU_GPU_CV 7859mW/7957mW VDD_SOC 4040mW/3943mW
08-11-2026 22:02:11 RAM 7085/7607MB (lfb 4x4MB) SWAP 1380/16384MB (cached 104MB) CPU [2%@1344,3%@1344,1%@1344,2%@1344,0%@1344,58%@1344] GR3D_FREQ 98% cpu@63.093C soc2@62.125C soc0@62.968C gpu@64.593C tj@64.593C soc1@62.031C VDD_IN 16857mW/16999mW VDD_CPU_GPU_CV 7429mW/7957mW VDD_SOC 4119mW/3944mW
08-11-2026 22:02:12 RAM 7085/7607MB (lfb 4x4MB) SWAP 1380/16384MB (cached 104MB) CPU [4%@729,3%@729,2%@729,3%@729,0%@729,55%@729] GR3D_FREQ 96% cpu@63.312C soc2@62.218C soc0@62.968C gpu@64.312C tj@64.312C soc1@62.093C VDD_IN 16373mW/16998mW VDD_CPU_GPU_CV 7402mW/7956mW VDD_SOC 3968mW/3944mW
08-11-2026 22:02:13 RAM 7086/7607MB (lfb 4x4MB) SWAP 1380/16384MB (cached 104MB) CPU [4%@806,7%@806,6%@806,18%@806,0%@729,68%@729] GR3D_FREQ 99% cpu@63.218C soc2@62.187C soc0@63C gpu@64.531C tj@64.531C soc1@61.875C VDD_IN 17290mW/16998mW VDD_CPU_GPU_CV 8290mW/7956mW VDD_SOC 3962mW/3944mW
08-11-2026 22:02:14 RAM 7086/7607MB (lfb 4x4MB) SWAP 1380/16384MB (cached 104MB) CPU [3%@729,2%@729,3%@729,1%@729,3%@806,71%@806] GR3D_FREQ 97% cpu@63.187C soc2@62.218C soc0@62.875C gpu@64.875C tj@64.875C soc1@61.937C VDD_IN 17604mW/16999mW VDD_CPU_GPU_CV 8627mW/7957mW VDD_SOC 3883mW/3944mW
08-11-2026 22:02:15 RAM 7087/7607MB (lfb 4x4MB) SWAP 1380/16384MB (cached 104MB) CPU [3%@1344,4%@1344,2%@1344,2%@1344,0%@729,58%@729] GR3D_FREQ 97% cpu@63.375C soc2@62.25C soc0@63C gpu@64.468C tj@64.468C soc1@62C VDD_IN 17408mW/16999mW VDD_CPU_GPU_CV 8407mW/7958mW VDD_SOC 3923mW/3944mW
08-11-2026 22:02:16 RAM 7088/7607MB (lfb 4x4MB) SWAP 1380/16384MB (cached 104MB) CPU [3%@729,3%@729,3%@729,3%@729,0%@1344,59%@1344] GR3D_FREQ 94% cpu@63.031C soc2@62.218C soc0@62.875C gpu@64.468C tj@64.468C soc1@62.093C VDD_IN 17290mW/17000mW VDD_CPU_GPU_CV 8250mW/7958mW VDD_SOC 3962mW/3944mW
08-11-2026 22:02:17 RAM 7086/7607MB (lfb 4x4MB) SWAP 1380/16384MB (cached 104MB) CPU [4%@1344,2%@1344,5%@1344,1%@1344,0%@1344,59%@1344] GR3D_FREQ 95% cpu@63.062C soc2@62.187C soc0@62.937C gpu@64.406C tj@64.406C soc1@61.906C VDD_IN 17172mW/17000mW VDD_CPU_GPU_CV 8016mW/7958mW VDD_SOC 4001mW/3944mW
08-11-2026 22:02:18 RAM 7087/7607MB (lfb 4x4MB) SWAP 1380/16384MB (cached 104MB) CPU [4%@1344,1%@1344,0%@1344,3%@1344,0%@1344,59%@1344] GR3D_FREQ 97% cpu@63C soc2@62.218C soc0@63.062C gpu@64.437C tj@64.437C soc1@61.937C VDD_IN 16936mW/17000mW VDD_CPU_GPU_CV 7664mW/7958mW VDD_SOC 4040mW/3944mW
08-11-2026 22:02:19 RAM 7086/7607MB (lfb 4x4MB) SWAP 1380/16384MB (cached 104MB) CPU [18%@729,5%@729,12%@729,3%@729,2%@1344,59%@1344] GR3D_FREQ 98% cpu@63.281C soc2@62.187C soc0@62.781C gpu@64.25C tj@64.25C soc1@61.937C VDD_IN 16700mW/17000mW VDD_CPU_GPU_CV 7246mW/7957mW VDD_SOC 4165mW/3944mW
08-11-2026 22:02:20 RAM 7086/7607MB (lfb 4x4MB) SWAP 1380/16384MB (cached 104MB) CPU [3%@729,1%@729,4%@729,3%@729,0%@729,60%@729] GR3D_FREQ 98% cpu@63.281C soc2@62.218C soc0@62.968C gpu@64.25C tj@64.25C soc1@61.906C VDD_IN 16295mW/16999mW VDD_CPU_GPU_CV 7520mW/7956mW VDD_SOC 3851mW/3944mW
08-11-2026 22:02:21 RAM 7086/7607MB (lfb 4x4MB) SWAP 1380/16384MB (cached 104MB) CPU [4%@1344,1%@1344,5%@1344,1%@1344,0%@729,69%@729] GR3D_FREQ 98% cpu@63.062C soc2@62.218C soc0@62.812C gpu@64.468C tj@64.312C soc1@62.062C VDD_IN 17683mW/17000mW VDD_CPU_GPU_CV 8432mW/7957mW VDD_SOC 4080mW/3944mW
08-11-2026 22:02:22 RAM 7087/7607MB (lfb 4x4MB) SWAP 1380/16384MB (cached 104MB) CPU [2%@729,3%@729,2%@729,2%@729,0%@1344,67%@1344] GR3D_FREQ 98% cpu@63.062C soc2@62.281C soc0@62.968C gpu@64.375C tj@64.375C soc1@61.843C VDD_IN 17565mW/17000mW VDD_CPU_GPU_CV 8588mW/7958mW VDD_SOC 3923mW/3944mW
08-11-2026 22:02:23 RAM 7088/7607MB (lfb 4x4MB) SWAP 1380/16384MB (cached 104MB) CPU [4%@729,2%@729,3%@729,2%@729,0%@1344,59%@1344] GR3D_FREQ 98% cpu@63.062C soc2@62.281C soc0@63.093C gpu@64.375C tj@64.375C soc1@61.906C VDD_IN 17486mW/17001mW VDD_CPU_GPU_CV 8471mW/7959mW VDD_SOC 3923mW/3944mW
08-11-2026 22:02:24 RAM 7088/7607MB (lfb 4x4MB) SWAP 1380/16384MB (cached 104MB) CPU [5%@1344,17%@1344,7%@1344,11%@1344,0%@1344,59%@1344] GR3D_FREQ 98% cpu@63.343C soc2@62.218C soc0@62.781C gpu@64.375C tj@64.375C soc1@61.937C VDD_IN 17565mW/17002mW VDD_CPU_GPU_CV 8471mW/7959mW VDD_SOC 3962mW/3944mW
08-11-2026 22:02:25 RAM 7089/7607MB (lfb 4x4MB) SWAP 1380/16384MB (cached 104MB) CPU [3%@729,8%@729,2%@729,2%@729,0%@1344,57%@1344] GR3D_FREQ 98% cpu@63.281C soc2@62.156C soc0@62.968C gpu@64.406C tj@64.406C soc1@61.937C VDD_IN 17290mW/17002mW VDD_CPU_GPU_CV 8016mW/7960mW VDD_SOC 4001mW/3944mW
08-11-2026 22:02:26 RAM 7089/7607MB (lfb 4x4MB) SWAP 1380/16384MB (cached 104MB) CPU [1%@729,4%@729,3%@729,2%@729,0%@729,58%@729] GR3D_FREQ 98% cpu@63.062C soc2@62.125C soc0@62.875C gpu@64.312C tj@64.312C soc1@62.062C VDD_IN 16936mW/17002mW VDD_CPU_GPU_CV 7625mW/7959mW VDD_SOC 4080mW/3944mW
08-11-2026 22:02:27 RAM 7090/7607MB (lfb 4x4MB) SWAP 1380/16384MB (cached 104MB) CPU [3%@729,2%@729,1%@729,5%@729,0%@960,57%@960] GR3D_FREQ 99% cpu@63.281C soc2@62.312C soc0@63.031C gpu@64C tj@64C soc1@61.843C VDD_IN 16452mW/17001mW VDD_CPU_GPU_CV 7050mW/7958mW VDD_SOC 4126mW/3945mW
08-11-2026 22:02:28 RAM 7090/7607MB (lfb 4x4MB) SWAP 1380/16384MB (cached 104MB) CPU [2%@729,2%@729,1%@729,3%@729,0%@729,63%@729] GR3D_FREQ 99% cpu@63.031C soc2@62.093C soc0@63.031C gpu@64.281C tj@64.281C soc1@61.906C VDD_IN 16609mW/17001mW VDD_CPU_GPU_CV 7703mW/7957mW VDD_SOC 3890mW/3945mW
08-11-2026 22:02:29 RAM 7091/7607MB (lfb 4x4MB) SWAP 1380/16384MB (cached 104MB) CPU [2%@729,0%@729,2%@729,6%@729,1%@729,71%@729] GR3D_FREQ 99% cpu@63.156C soc2@62.156C soc0@62.937C gpu@64.937C tj@64.937C soc1@61.937C VDD_IN 17654mW/17002mW VDD_CPU_GPU_CV 8744mW/7959mW VDD_SOC 3962mW/3945mW
08-11-2026 22:02:30 RAM 7091/7607MB (lfb 4x4MB) SWAP 1380/16384MB (cached 104MB) CPU [19%@729,7%@729,3%@729,11%@729,0%@1344,63%@1344] GR3D_FREQ 98% cpu@63.25C soc2@62.312C soc0@62.968C gpu@64.656C tj@64.656C soc1@62C VDD_IN 17526mW/17002mW VDD_CPU_GPU_CV 8563mW/7959mW VDD_SOC 3923mW/3945mW
08-11-2026 22:02:31 RAM 7092/7607MB (lfb 4x4MB) SWAP 1380/16384MB (cached 104MB) CPU [3%@729,4%@729,2%@729,2%@729,0%@1344,59%@1344] GR3D_FREQ 98% cpu@63.062C soc2@62.218C soc0@63.062C gpu@64.656C tj@64.656C soc1@62.125C VDD_IN 17408mW/17003mW VDD_CPU_GPU_CV 8368mW/7960mW VDD_SOC 3923mW/3945mW
08-11-2026 22:02:32 RAM 7092/7607MB (lfb 4x4MB) SWAP 1380/16384MB (cached 104MB) CPU [3%@729,5%@729,2%@729,2%@729,1%@1344,59%@1344] GR3D_FREQ 97% cpu@63.062C soc2@62.25C soc0@63C gpu@64.375C tj@64.375C soc1@61.906C VDD_IN 17290mW/17003mW VDD_CPU_GPU_CV 8172mW/7960mW VDD_SOC 3962mW/3945mW
08-11-2026 22:02:33 RAM 7093/7607MB (lfb 4x4MB) SWAP 1380/16384MB (cached 104MB) CPU [2%@729,3%@729,3%@729,3%@729,0%@1344,59%@1344] GR3D_FREQ 98% cpu@63.218C soc2@62.093C soc0@62.812C gpu@64.406C tj@64.406C soc1@61.937C VDD_IN 17054mW/17004mW VDD_CPU_GPU_CV 7859mW/7960mW VDD_SOC 4040mW/3945mW
08-11-2026 22:02:34 RAM 7093/7607MB (lfb 4x4MB) SWAP 1380/16384MB (cached 104MB) CPU [3%@729,0%@729,0%@729,4%@729,0%@1344,59%@1344] GR3D_FREQ 98% cpu@63.562C soc2@62.156C soc0@62.906C gpu@64.312C tj@64.312C soc1@61.937C VDD_IN 16818mW/17003mW VDD_CPU_GPU_CV 7429mW/7959mW VDD_SOC 4126mW/3945mW
08-11-2026 22:02:36 RAM 7094/7607MB (lfb 4x4MB) SWAP 1380/16384MB (cached 104MB) CPU [8%@1267,8%@1267,15%@1267,5%@1267,0%@729,55%@729] GR3D_FREQ 98% cpu@63.562C soc2@62.218C soc0@63C gpu@64.093C tj@64.093C soc1@62.062C VDD_IN 16531mW/17003mW VDD_CPU_GPU_CV 7598mW/7959mW VDD_SOC 3968mW/3945mW
08-11-2026 22:02:37 RAM 7094/7607MB (lfb 4x4MB) SWAP 1380/16384MB (cached 104MB) CPU [3%@729,5%@729,2%@729,6%@729,0%@729,68%@729] GR3D_FREQ 99% cpu@62.875C soc2@62.281C soc0@63.062C gpu@64.25C tj@64.25C soc1@62C VDD_IN 17133mW/17003mW VDD_CPU_GPU_CV 8094mW/7959mW VDD_SOC 3962mW/3945mW
08-11-2026 22:02:38 RAM 7094/7607MB (lfb 4x4MB) SWAP 1380/16384MB (cached 104MB) CPU [3%@729,4%@729,2%@729,1%@729,0%@729,71%@729] GR3D_FREQ 97% cpu@63.062C soc2@62.25C soc0@63.093C gpu@64.812C tj@64.812C soc1@61.937C VDD_IN 17526mW/17004mW VDD_CPU_GPU_CV 8627mW/7960mW VDD_SOC 3883mW/3945mW
08-11-2026 22:02:39 RAM 7095/7607MB (lfb 4x4MB) SWAP 1380/16384MB (cached 104MB) CPU [1%@729,2%@729,2%@729,2%@729,1%@1344,58%@1344] GR3D_FREQ 97% cpu@63.125C soc2@62.218C soc0@62.875C gpu@64.781C tj@64.781C soc1@61.906C VDD_IN 17408mW/17004mW VDD_CPU_GPU_CV 8446mW/7961mW VDD_SOC 3923mW/3945mW
08-11-2026 22:02:40 RAM 7095/7607MB (lfb 4x4MB) SWAP 1380/16384MB (cached 104MB) CPU [4%@729,4%@729,3%@729,2%@729,0%@1344,59%@1344] GR3D_FREQ 97% cpu@63.343C soc2@62.281C soc0@62.937C gpu@64.25C tj@64.25C soc1@61.906C VDD_IN 17290mW/17004mW VDD_CPU_GPU_CV 8250mW/7961mW VDD_SOC 3962mW/3945mW
08-11-2026 22:02:41 RAM 7096/7607MB (lfb 4x4MB) SWAP 1380/16384MB (cached 104MB) CPU [1%@729,3%@729,3%@729,1%@729,0%@1344,58%@1344] GR3D_FREQ 93% cpu@63.312C soc2@62.218C soc0@62.937C gpu@64.312C tj@64.312C soc1@62.062C VDD_IN 17172mW/17005mW VDD_CPU_GPU_CV 8016mW/7961mW VDD_SOC 4001mW/3945mW
08-11-2026 22:02:42 RAM 7097/7607MB (lfb 4x4MB) SWAP 1380/16384MB (cached 104MB) CPU [15%@729,7%@729,10%@729,8%@729,0%@1344,58%@1344] GR3D_FREQ 92% cpu@63.062C soc2@62.187C soc0@63C gpu@64.312C tj@64.312C soc1@61.906C VDD_IN 17054mW/17005mW VDD_CPU_GPU_CV 7742mW/7961mW VDD_SOC 4080mW/3945mW
08-11-2026 22:02:43 RAM 7098/7607MB (lfb 4x4MB) SWAP 1380/16384MB (cached 104MB) CPU [3%@729,5%@729,1%@729,1%@729,0%@1344,58%@1344] GR3D_FREQ 98% cpu@63.156C soc2@62.156C soc0@63.125C gpu@64.312C tj@64.312C soc1@61.906C VDD_IN 16700mW/17004mW VDD_CPU_GPU_CV 7206mW/7960mW VDD_SOC 4165mW/3945mW
08-11-2026 22:02:44 RAM 7098/7607MB (lfb 4x4MB) SWAP 1380/16384MB (cached 104MB) CPU [3%@729,2%@729,3%@729,4%@729,0%@729,60%@729] GR3D_FREQ 98% cpu@63.062C soc2@62.156C soc0@62.937C gpu@64.312C tj@64.312C soc1@61.937C VDD_IN 16413mW/17004mW VDD_CPU_GPU_CV 7598mW/7959mW VDD_SOC 3851mW/3945mW
08-11-2026 22:02:45 RAM 7098/7607MB (lfb 4x4MB) SWAP 1380/16384MB (cached 104MB) CPU [3%@729,1%@729,3%@729,4%@729,0%@729,69%@729] GR3D_FREQ 99% cpu@63.437C soc2@62.343C soc0@63.031C gpu@64.5C tj@64.5C soc1@61.937C VDD_IN 17604mW/17004mW VDD_CPU_GPU_CV 8354mW/7960mW VDD_SOC 4080mW/3945mW
08-11-2026 22:02:46 RAM 7099/7607MB (lfb 4x4MB) SWAP 1380/16384MB (cached 104MB) CPU [3%@729,1%@729,4%@729,3%@729,0%@1344,68%@1344] GR3D_FREQ 98% cpu@63.312C soc2@62.25C soc0@62.937C gpu@64.687C tj@64.687C soc1@62.062C VDD_IN 17526mW/17005mW VDD_CPU_GPU_CV 8588mW/7961mW VDD_SOC 3923mW/3945mW
08-11-2026 22:02:47 RAM 7102/7607MB (lfb 4x4MB) SWAP 1380/16384MB (cached 104MB) CPU [20%@1190,4%@1190,4%@1190,3%@1190,2%@1344,59%@1344] GR3D_FREQ 98% cpu@63.156C soc2@62.406C soc0@63.031C gpu@64.75C tj@64.75C soc1@61.875C VDD_IN 17683mW/17006mW VDD_CPU_GPU_CV 8627mW/7962mW VDD_SOC 3923mW/3945mW
08-11-2026 22:02:48 RAM 7101/7607MB (lfb 4x4MB) SWAP 1380/16384MB (cached 104MB) CPU [8%@729,2%@729,7%@729,3%@729,4%@1344,59%@1344] GR3D_FREQ 98% cpu@63.156C soc2@62.281C soc0@63.125C gpu@64.687C tj@64.687C soc1@61.937C VDD_IN 17447mW/17007mW VDD_CPU_GPU_CV 8368mW/7962mW VDD_SOC 3962mW/3945mW
08-11-2026 22:02:49 RAM 7102/7607MB (lfb 4x4MB) SWAP 1380/16384MB (cached 104MB) CPU [2%@729,3%@729,3%@729,3%@729,2%@1113,57%@1113] GR3D_FREQ 98% cpu@63.156C soc2@62.281C soc0@62.937C gpu@64.437C tj@64.437C soc1@61.906C VDD_IN 17211mW/17007mW VDD_CPU_GPU_CV 8055mW/7962mW VDD_SOC 4001mW/3946mW
08-11-2026 22:02:50 RAM 7102/7607MB (lfb 4x4MB) SWAP 1380/16384MB (cached 104MB) CPU [3%@729,2%@729,3%@729,3%@729,0%@729,59%@729] GR3D_FREQ 98% cpu@63.5C soc2@62.312C soc0@62.937C gpu@64.312C tj@64.312C soc1@62.093C VDD_IN 16936mW/17007mW VDD_CPU_GPU_CV 7625mW/7962mW VDD_SOC 4080mW/3946mW
08-11-2026 22:02:51 RAM 7103/7607MB (lfb 4x4MB) SWAP 1380/16384MB (cached 104MB) CPU [3%@729,1%@729,5%@729,1%@729,0%@960,58%@960] GR3D_FREQ 99% cpu@63.281C soc2@62.25C soc0@63.062C gpu@63.812C tj@63.812C soc1@62.031C VDD_IN 16531mW/17006mW VDD_CPU_GPU_CV 7050mW/7961mW VDD_SOC 4126mW/3946mW
08-11-2026 22:02:52 RAM 7103/7607MB (lfb 4x4MB) SWAP 1380/16384MB (cached 104MB) CPU [3%@729,2%@729,5%@729,2%@729,0%@729,63%@729] GR3D_FREQ 99% cpu@62.875C soc2@62.281C soc0@63.062C gpu@64.062C tj@64.062C soc1@62.031C VDD_IN 16609mW/17006mW VDD_CPU_GPU_CV 7716mW/7960mW VDD_SOC 3890mW/3946mW
08-11-2026 22:02:53 RAM 7102/7607MB (lfb 4x4MB) SWAP 1380/16384MB (cached 104MB) CPU [9%@729,9%@729,13%@729,6%@729,0%@1344,69%@1344] GR3D_FREQ 99% cpu@63.062C soc2@62.281C soc0@62.937C gpu@64.937C tj@64.937C soc1@62C VDD_IN 17811mW/17007mW VDD_CPU_GPU_CV 8784mW/7961mW VDD_SOC 3955mW/3946mW
08-11-2026 22:02:54 RAM 7103/7607MB (lfb 4x4MB) SWAP 1380/16384MB (cached 104MB) CPU [2%@729,1%@729,5%@729,2%@729,1%@1344,64%@1344] GR3D_FREQ 98% cpu@63.25C soc2@62.187C soc0@63C gpu@64.781C tj@64.781C soc1@61.937C VDD_IN 17486mW/17007mW VDD_CPU_GPU_CV 8510mW/7962mW VDD_SOC 3923mW/3946mW
08-11-2026 22:02:55 RAM 7104/7607MB (lfb 4x4MB) SWAP 1380/16384MB (cached 104MB) CPU [4%@729,2%@729,1%@729,5%@729,0%@1344,60%@1344] GR3D_FREQ 98% cpu@63.468C soc2@62.25C soc0@62.906C gpu@64.781C tj@64.781C soc1@62.062C VDD_IN 17447mW/17008mW VDD_CPU_GPU_CV 8407mW/7963mW VDD_SOC 3962mW/3946mW
08-11-2026 22:02:56 RAM 7104/7607MB (lfb 4x4MB) SWAP 1380/16384MB (cached 104MB) CPU [4%@729,1%@729,1%@729,0%@729,0%@1344,59%@1344] GR3D_FREQ 98% cpu@63.062C soc2@62.312C soc0@62.968C gpu@64.75C tj@64.75C soc1@61.906C VDD_IN 17290mW/17008mW VDD_CPU_GPU_CV 8172mW/7963mW VDD_SOC 3962mW/3946mW
08-11-2026 22:02:57 RAM 7105/7607MB (lfb 4x4MB) SWAP 1380/16384MB (cached 104MB) CPU [7%@729,1%@729,1%@729,3%@729,0%@1344,60%@1344] GR3D_FREQ 98% cpu@63.156C soc2@62.187C soc0@63.125C gpu@64.468C tj@64.468C soc1@61.906C VDD_IN 17133mW/17008mW VDD_CPU_GPU_CV 7859mW/7963mW VDD_SOC 4040mW/3946mW
08-11-2026 22:02:58 RAM 7105/7607MB (lfb 4x4MB) SWAP 1380/16384MB (cached 104MB) CPU [7%@1344,5%@1344,12%@1344,18%@1344,0%@1344,59%@1344] GR3D_FREQ 98% cpu@63.531C soc2@62.281C soc0@63C gpu@64.375C tj@64.375C soc1@62C VDD_IN 17054mW/17008mW VDD_CPU_GPU_CV 7625mW/7962mW VDD_SOC 4119mW/3946mW
08-11-2026 22:02:59 RAM 7105/7607MB (lfb 4x4MB) SWAP 1380/16384MB (cached 104MB) CPU [2%@729,6%@729,2%@729,2%@729,1%@729,55%@729] GR3D_FREQ 97% cpu@63.218C soc2@62.281C soc0@62.906C gpu@64.031C tj@64.031C soc1@61.968C VDD_IN 16413mW/17008mW VDD_CPU_GPU_CV 7363mW/7962mW VDD_SOC 3968mW/3946mW
08-11-2026 22:03:00 RAM 7105/7607MB (lfb 4x4MB) SWAP 1380/16384MB (cached 104MB) CPU [3%@729,6%@729,1%@729,2%@729,0%@729,67%@729] GR3D_FREQ 99% cpu@63.125C soc2@62.187C soc0@63C gpu@64.218C tj@64.218C soc1@62.125C VDD_IN 16975mW/17008mW VDD_CPU_GPU_CV 8016mW/7962mW VDD_SOC 3923mW/3946mW
08-11-2026 22:03:01 RAM 7106/7607MB (lfb 4x4MB) SWAP 1380/16384MB (cached 104MB) CPU [2%@729,4%@729,0%@729,0%@729,0%@729,70%@729] GR3D_FREQ 98% cpu@63.062C soc2@62.187C soc0@63.062C gpu@64.625C tj@64.625C soc1@61.843C VDD_IN 17526mW/17008mW VDD_CPU_GPU_CV 8602mW/7962mW VDD_SOC 3883mW/3946mW
08-11-2026 22:03:02 RAM 7106/7607MB (lfb 4x4MB) SWAP 1380/16384MB (cached 104MB) CPU [3%@729,2%@729,5%@729,2%@729,0%@729,58%@729] GR3D_FREQ 97% cpu@63.125C soc2@62.156C soc0@62.968C gpu@64.718C tj@64.718C soc1@61.906C VDD_IN 17408mW/17009mW VDD_CPU_GPU_CV 8446mW/7963mW VDD_SOC 3923mW/3946mW
08-11-2026 22:03:03 RAM 7107/7607MB (lfb 4x4MB) SWAP 1380/16384MB (cached 104MB) CPU [3%@729,4%@729,2%@729,2%@729,0%@1344,58%@1344] GR3D_FREQ 96% cpu@63.218C soc2@62.218C soc0@63C gpu@64.75C tj@64.75C soc1@61.968C VDD_IN 17329mW/17009mW VDD_CPU_GPU_CV 8250mW/7964mW VDD_SOC 3962mW/3946mW
08-11-2026 22:03:04 RAM 7108/7607MB (lfb 4x4MB) SWAP 1380/16384MB (cached 104MB) CPU [7%@729,4%@729,10%@729,16%@729,1%@1344,59%@1344] GR3D_FREQ 97% cpu@63.093C soc2@62.343C soc0@63C gpu@64.781C tj@64.781C soc1@61.968C VDD_IN 17250mW/17010mW VDD_CPU_GPU_CV 8055mW/7964mW VDD_SOC 4001mW/3946mW
08-11-2026 22:03:05 RAM 7108/7607MB (lfb 4x4MB) SWAP 1380/16384MB (cached 104MB) CPU [3%@729,2%@729,5%@729,2%@729,0%@1344,59%@1344] GR3D_FREQ 96% cpu@63.406C soc2@62.125C soc0@62.875C gpu@64.312C tj@64.312C soc1@62.031C VDD_IN 16975mW/17010mW VDD_CPU_GPU_CV 7664mW/7963mW VDD_SOC 4080mW/3946mW
08-11-2026 22:03:06 RAM 7108/7607MB (lfb 4x4MB) SWAP 1380/16384MB (cached 104MB) CPU [3%@729,0%@729,4%@729,3%@729,0%@1344,59%@1344] GR3D_FREQ 98% cpu@63.125C soc2@62.281C soc0@63C gpu@64.062C tj@64.062C soc1@61.937C VDD_IN 16622mW/17009mW VDD_CPU_GPU_CV 7167mW/7962mW VDD_SOC 4165mW/3947mW
08-11-2026 22:03:07 RAM 7109/7607MB (lfb 4x4MB) SWAP 1380/16384MB (cached 104MB) CPU [7%@729,1%@729,2%@729,2%@729,1%@729,60%@729] GR3D_FREQ 98% cpu@63.062C soc2@62.125C soc0@62.875C gpu@64.125C tj@64.281C soc1@61.937C VDD_IN 16373mW/17008mW VDD_CPU_GPU_CV 7559mW/7962mW VDD_SOC 3851mW/3947mW
08-11-2026 22:03:08 RAM 7109/7607MB (lfb 4x4MB) SWAP 1380/16384MB (cached 104MB) CPU [4%@729,3%@729,6%@729,1%@729,0%@729,69%@729] GR3D_FREQ 99% cpu@63.312C soc2@62.312C soc0@62.968C gpu@64.562C tj@64.562C soc1@62.031C VDD_IN 17683mW/17009mW VDD_CPU_GPU_CV 8432mW/7962mW VDD_SOC 4080mW/3947mW
08-11-2026 22:03:09 RAM 7108/7607MB (lfb 4x4MB) SWAP 1380/16384MB (cached 104MB) CPU [6%@1267,5%@1267,17%@1267,10%@1267,0%@1344,68%@1344] GR3D_FREQ 98% cpu@63.281C soc2@62.312C soc0@63C gpu@64.718C tj@64.718C soc1@62.031C VDD_IN 17761mW/17010mW VDD_CPU_GPU_CV 8784mW/7963mW VDD_SOC 3923mW/3947mW
08-11-2026 22:03:10 RAM 7108/7607MB (lfb 4x4MB) SWAP 1380/16384MB (cached 104MB) CPU [4%@729,4%@729,2%@729,4%@729,0%@1344,58%@1344] GR3D_FREQ 98% cpu@63.093C soc2@62.312C soc0@62.968C gpu@64.656C tj@64.656C soc1@61.875C VDD_IN 17486mW/17011mW VDD_CPU_GPU_CV 8510mW/7964mW VDD_SOC 3923mW/3947mW
08-11-2026 22:03:11 RAM 7102/7607MB (lfb 1x4MB) SWAP 1380/16384MB (cached 104MB) CPU [16%@1344,14%@1344,35%@1344,12%@1344,35%@1344,31%@1344] GR3D_FREQ 0% cpu@62.812C soc2@61.718C soc0@62.968C gpu@62.375C tj@62.968C soc1@61.843C VDD_IN 9816mW/17001mW VDD_CPU_GPU_CV 3288mW/7958mW VDD_SOC 2658mW/3945mW
08-11-2026 22:03:12 RAM 7117/7607MB (lfb 1x4MB) SWAP 1380/16384MB (cached 104MB) CPU [58%@1344,78%@1344,54%@1344,54%@1344,53%@729,53%@729] GR3D_FREQ 96% cpu@62.5C soc2@61.562C soc0@62.5C gpu@63.375C tj@63.375C soc1@61.75C VDD_IN 12617mW/16996mW VDD_CPU_GPU_CV 5085mW/7954mW VDD_SOC 2887mW/3944mW
08-11-2026 22:03:13 RAM 7117/7607MB (lfb 1x4MB) SWAP 1380/16384MB (cached 104MB) CPU [4%@1344,59%@1344,3%@1344,2%@1344,3%@729,0%@729] GR3D_FREQ 99% cpu@62.937C soc2@61.875C soc0@62.593C gpu@63.593C tj@63.593C soc1@61.812C VDD_IN 16255mW/16995mW VDD_CPU_GPU_CV 6893mW/7953mW VDD_SOC 4047mW/3944mW
08-11-2026 22:03:14 RAM 7121/7607MB (lfb 1x4MB) SWAP 1380/16384MB (cached 104MB) CPU [4%@729,61%@729,1%@729,4%@729,3%@729,3%@729] GR3D_FREQ 47% cpu@62.593C soc2@62C soc0@62.718C gpu@63.812C tj@63.812C soc1@61.843C VDD_IN 16373mW/16994mW VDD_CPU_GPU_CV 7520mW/7952mW VDD_SOC 3890mW/3944mW
08-11-2026 22:03:15 RAM 7126/7607MB (lfb 1x4MB) SWAP 1380/16384MB (cached 104MB) CPU [8%@729,69%@729,13%@1344,7%@1344,3%@729,2%@729] GR3D_FREQ 99% cpu@62.968C soc2@62.093C soc0@62.875C gpu@64.25C tj@64.25C soc1@61.718C VDD_IN 17772mW/16995mW VDD_CPU_GPU_CV 8588mW/7953mW VDD_SOC 4040mW/3944mW
08-11-2026 22:03:16 RAM 7126/7607MB (lfb 1x4MB) SWAP 1380/16384MB (cached 104MB) CPU [2%@729,5%@729,1%@729,4%@729,62%@1344,2%@1344] GR3D_FREQ 98% cpu@62.968C soc2@62.031C soc0@62.875C gpu@64.312C tj@64.312C soc1@61.812C VDD_IN 17565mW/16996mW VDD_CPU_GPU_CV 8549mW/7954mW VDD_SOC 3923mW/3944mW
08-11-2026 22:03:17 RAM 7126/7607MB (lfb 1x4MB) SWAP 1380/16384MB (cached 104MB) CPU [57%@1344,0%@1344,4%@1344,7%@1344,4%@729,0%@729] GR3D_FREQ 98% cpu@63.062C soc2@62.125C soc0@62.718C gpu@64.281C tj@64.281C soc1@61.781C VDD_IN 17486mW/16996mW VDD_CPU_GPU_CV 8471mW/7954mW VDD_SOC 3962mW/3944mW
08-11-2026 22:03:18 RAM 7126/7607MB (lfb 1x4MB) SWAP 1380/16384MB (cached 104MB) CPU [50%@1344,12%@1344,3%@1344,4%@1344,0%@729,0%@729] GR3D_FREQ 98% cpu@63.062C soc2@62.093C soc0@62.75C gpu@64.25C tj@64.562C soc1@61.843C VDD_IN 17329mW/16997mW VDD_CPU_GPU_CV 8250mW/7955mW VDD_SOC 3962mW/3944mW
08-11-2026 22:03:19 RAM 7126/7607MB (lfb 1x4MB) SWAP 1380/16384MB (cached 104MB) CPU [4%@1344,48%@1344,12%@1344,1%@1344,1%@729,0%@729] GR3D_FREQ 98% cpu@63.031C soc2@62.093C soc0@62.75C gpu@64.531C tj@64.531C soc1@61.906C VDD_IN 17211mW/16997mW VDD_CPU_GPU_CV 7977mW/7955mW VDD_SOC 4001mW/3944mW
08-11-2026 22:03:20 RAM 7129/7607MB (lfb 1x4MB) SWAP 1380/16384MB (cached 104MB) CPU [13%@729,8%@729,52%@729,6%@729,16%@1344,0%@1344] GR3D_FREQ 98% cpu@62.968C soc2@62.312C soc0@63C gpu@64.437C tj@64.437C soc1@61.687C VDD_IN 17172mW/16997mW VDD_CPU_GPU_CV 7742mW/7955mW VDD_SOC 4080mW/3944mW
08-11-2026 22:03:21 RAM 7129/7607MB (lfb 1x4MB) SWAP 1380/16384MB (cached 104MB) CPU [2%@729,5%@729,4%@729,0%@729,56%@729,0%@729] GR3D_FREQ 99% cpu@63.125C soc2@62.093C soc0@62.875C gpu@63.968C tj@63.968C soc1@61.812C VDD_IN 16452mW/16996mW VDD_CPU_GPU_CV 7246mW/7954mW VDD_SOC 4047mW/3944mW
08-11-2026 22:03:22 RAM 7129/7607MB (lfb 1x4MB) SWAP 1380/16384MB (cached 104MB) CPU [2%@729,2%@729,1%@729,2%@729,66%@729,2%@729] GR3D_FREQ 99% cpu@62.812C soc2@62.031C soc0@62.781C gpu@64.156C tj@64.156C soc1@61.843C VDD_IN 16728mW/16996mW VDD_CPU_GPU_CV 7859mW/7954mW VDD_SOC 3890mW/3944mW
08-11-2026 22:03:23 RAM 7129/7607MB (lfb 1x4MB) SWAP 1380/16384MB (cached 104MB) CPU [5%@729,1%@729,2%@729,1%@729,71%@729,1%@729] GR3D_FREQ 98% cpu@63C soc2@62.125C soc0@62.781C gpu@64.625C tj@64.625C soc1@61.937C VDD_IN 17486mW/16997mW VDD_CPU_GPU_CV 8549mW/7954mW VDD_SOC 3923mW/3944mW
08-11-2026 22:03:24 RAM 7128/7607MB (lfb 1x4MB) SWAP 1380/16384MB (cached 104MB) CPU [3%@1344,4%@1344,61%@1344,3%@1344,0%@729,0%@729] GR3D_FREQ 92% cpu@63C soc2@62.218C soc0@62.875C gpu@64.687C tj@64.375C soc1@61.906C VDD_IN 17486mW/16997mW VDD_CPU_GPU_CV 8471mW/7955mW VDD_SOC 3923mW/3944mW
08-11-2026 22:03:25 RAM 7128/7607MB (lfb 1x4MB) SWAP 1380/16384MB (cached 104MB) CPU [3%@1344,50%@1344,10%@1344,5%@1344,0%@729,0%@729] GR3D_FREQ 98% cpu@62.906C soc2@62.25C soc0@62.937C gpu@64.406C tj@64.406C soc1@61.812C VDD_IN 17408mW/16998mW VDD_CPU_GPU_CV 8368mW/7956mW VDD_SOC 3962mW/3944mW
08-11-2026 22:03:26 RAM 7129/7607MB (lfb 1x4MB) SWAP 1380/16384MB (cached 104MB) CPU [13%@1344,24%@1344,42%@1344,11%@1344,0%@729,3%@729] GR3D_FREQ 98% cpu@63.187C soc2@62.125C soc0@62.968C gpu@64.406C tj@64.406C soc1@61.843C VDD_IN 17250mW/16998mW VDD_CPU_GPU_CV 8172mW/7956mW VDD_SOC 4001mW/3944mW
08-11-2026 22:03:27 RAM 7129/7607MB (lfb 1x4MB) SWAP 1380/16384MB (cached 104MB) CPU [2%@1344,2%@1344,59%@1344,1%@1344,5%@729,6%@729] GR3D_FREQ 98% cpu@63.156C soc2@62.093C soc0@62.906C gpu@64.343C tj@64.343C soc1@61.875C VDD_IN 17054mW/16998mW VDD_CPU_GPU_CV 7781mW/7956mW VDD_SOC 4040mW/3944mW
08-11-2026 22:03:28 RAM 7129/7607MB (lfb 1x4MB) SWAP 1380/16384MB (cached 104MB) CPU [1%@1344,1%@1344,59%@1344,2%@1344,3%@729,0%@729] GR3D_FREQ 98% cpu@63.375C soc2@62.156C soc0@62.906C gpu@64.25C tj@64.25C soc1@61.906C VDD_IN 16818mW/16998mW VDD_CPU_GPU_CV 7312mW/7955mW VDD_SOC 4126mW/3945mW
08-11-2026 22:03:29 RAM 7129/7607MB (lfb 1x4MB) SWAP 1380/16384MB (cached 104MB) CPU [2%@729,1%@729,57%@729,3%@729,3%@729,3%@729] GR3D_FREQ 99% cpu@62.812C soc2@62.125C soc0@62.843C gpu@64.281C tj@64.281C soc1@61.937C VDD_IN 16531mW/16997mW VDD_CPU_GPU_CV 7598mW/7954mW VDD_SOC 3929mW/3945mW
08-11-2026 22:03:30 RAM 7129/7607MB (lfb 1x4MB) SWAP 1380/16384MB (cached 104MB) CPU [4%@1344,3%@1344,5%@1344,3%@1344,69%@729,5%@729] GR3D_FREQ 99% cpu@62.968C soc2@62.281C soc0@63.031C gpu@64.406C tj@64.406C soc1@62.031C VDD_IN 17408mW/16998mW VDD_CPU_GPU_CV 8290mW/7955mW VDD_SOC 4001mW/3945mW
08-11-2026 22:03:31 RAM 7134/7607MB (lfb 2x2MB) SWAP 1380/16384MB (cached 104MB) CPU [13%@1344,5%@1344,70%@1344,4%@1344,18%@729,3%@729] GR3D_FREQ 98% cpu@63.312C soc2@62.25C soc0@63C gpu@64.468C tj@64.468C soc1@61.875C VDD_IN 17840mW/16999mW VDD_CPU_GPU_CV 8823mW/7956mW VDD_SOC 3923mW/3945mW
08-11-2026 22:03:32 RAM 7136/7607MB (lfb 2x2MB) SWAP 1380/16384MB (cached 104MB) CPU [2%@960,4%@960,58%@960,1%@960,3%@729,1%@729] GR3D_FREQ 98% cpu@63.125C soc2@62.156C soc0@62.906C gpu@64.437C tj@64.437C soc1@61.875C VDD_IN 17526mW/17000mW VDD_CPU_GPU_CV 8549mW/7957mW VDD_SOC 3923mW/3945mW
08-11-2026 22:03:33 RAM 7136/7607MB (lfb 2x2MB) SWAP 1380/16384MB (cached 104MB) CPU [1%@729,0%@729,58%@729,2%@729,4%@729,0%@729] GR3D_FREQ 98% cpu@63.281C soc2@62.187C soc0@62.968C gpu@64.312C tj@64.312C soc1@61.968C VDD_IN 17368mW/17000mW VDD_CPU_GPU_CV 8290mW/7957mW VDD_SOC 3962mW/3945mW
08-11-2026 22:03:34 RAM 7135/7607MB (lfb 2x2MB) SWAP 1380/16384MB (cached 104MB) CPU [3%@1344,2%@1344,58%@1344,1%@1344,1%@729,3%@729] GR3D_FREQ 98% cpu@63.062C soc2@62.156C soc0@62.968C gpu@64.25C tj@64.25C soc1@61.843C VDD_IN 17172mW/17000mW VDD_CPU_GPU_CV 7977mW/7957mW VDD_SOC 4001mW/3945mW
08-11-2026 22:03:35 RAM 7135/7607MB (lfb 2x2MB) SWAP 1380/16384MB (cached 104MB) CPU [3%@1344,2%@1344,60%@1344,2%@1344,0%@729,2%@729] GR3D_FREQ 89% cpu@63.156C soc2@62.25C soc0@63.062C gpu@64.312C tj@64.312C soc1@61.906C VDD_IN 16975mW/17000mW VDD_CPU_GPU_CV 7664mW/7957mW VDD_SOC 4080mW/3945mW
08-11-2026 22:03:36 RAM 7135/7607MB (lfb 2x2MB) SWAP 1380/16384MB (cached 104MB) CPU [3%@1344,2%@1344,59%@1344,3%@1344,0%@729,4%@729] GR3D_FREQ 99% cpu@63.125C soc2@62.093C soc0@62.843C gpu@64.125C tj@64.25C soc1@61.906C VDD_IN 16700mW/17000mW VDD_CPU_GPU_CV 7156mW/7956mW VDD_SOC 4165mW/3945mW
08-11-2026 22:03:37 RAM 7135/7607MB (lfb 2x2MB) SWAP 1380/16384MB (cached 104MB) CPU [9%@729,14%@729,60%@729,7%@729,8%@729,2%@729] GR3D_FREQ 96% cpu@63.062C soc2@62.25C soc0@62.968C gpu@64.312C tj@64.312C soc1@62.031C VDD_IN 16531mW/16999mW VDD_CPU_GPU_CV 7637mW/7955mW VDD_SOC 3890mW/3945mW
08-11-2026 22:03:38 RAM 7136/7607MB (lfb 2x2MB) SWAP 1380/16384MB (cached 104MB) CPU [3%@729,2%@729,70%@729,3%@729,2%@729,1%@729] GR3D_FREQ 99% cpu@63.281C soc2@62.312C soc0@62.937C gpu@64.718C tj@64.718C soc1@61.968C VDD_IN 17693mW/17000mW VDD_CPU_GPU_CV 8510mW/7956mW VDD_SOC 4080mW/3945mW
08-11-2026 22:03:39 RAM 7136/7607MB (lfb 2x2MB) SWAP 1380/16384MB (cached 104MB) CPU [65%@1344,2%@1344,1%@1344,1%@1344,4%@729,1%@729] GR3D_FREQ 98% cpu@62.937C soc2@62.406C soc0@62.906C gpu@64.75C tj@64.75C soc1@62.062C VDD_IN 17526mW/17001mW VDD_CPU_GPU_CV 8588mW/7957mW VDD_SOC 3923mW/3945mW
08-11-2026 22:03:40 RAM 7135/7607MB (lfb 2x2MB) SWAP 1380/16384MB (cached 104MB) CPU [19%@729,1%@729,1%@729,1%@729,47%@1344,1%@1344] GR3D_FREQ 98% cpu@62.968C soc2@62.187C soc0@62.968C gpu@64.75C tj@64.75C soc1@61.937C VDD_IN 17447mW/17001mW VDD_CPU_GPU_CV 8446mW/7957mW VDD_SOC 3923mW/3945mW
08-11-2026 22:03:41 RAM 7135/7607MB (lfb 2x2MB) SWAP 1380/16384MB (cached 104MB) CPU [3%@729,5%@729,1%@729,4%@729,57%@1344,0%@1344] GR3D_FREQ 98% cpu@63.062C soc2@62.125C soc0@62.906C gpu@64.781C tj@64.781C soc1@61.843C VDD_IN 17329mW/17002mW VDD_CPU_GPU_CV 8250mW/7958mW VDD_SOC 3962mW/3945mW
08-11-2026 22:03:42 RAM 7135/7607MB (lfb 2x2MB) SWAP 1380/16384MB (cached 104MB) CPU [6%@729,18%@729,5%@729,8%@729,59%@1344,2%@1344] GR3D_FREQ 98% cpu@63.312C soc2@62.187C soc0@62.937C gpu@64.687C tj@64.687C soc1@62C VDD_IN 17408mW/17002mW VDD_CPU_GPU_CV 8133mW/7958mW VDD_SOC 4040mW/3945mW
08-11-2026 22:03:43 RAM 7135/7607MB (lfb 2x2MB) SWAP 1380/16384MB (cached 104MB) CPU [3%@729,4%@729,2%@729,2%@729,60%@1344,1%@1344] GR3D_FREQ 98% cpu@63.218C soc2@62.25C soc0@62.875C gpu@64.437C tj@64.437C soc1@62C VDD_IN 17015mW/17002mW VDD_CPU_GPU_CV 7586mW/7958mW VDD_SOC 4080mW/3945mW
08-11-2026 22:03:44 RAM 7135/7607MB (lfb 2x2MB) SWAP 1380/16384MB (cached 104MB) CPU [2%@729,4%@729,1%@729,2%@729,56%@729,1%@729] GR3D_FREQ 99% cpu@63.125C soc2@62.406C soc0@62.937C gpu@63.812C tj@63.812C soc1@62.093C VDD_IN 16531mW/17002mW VDD_CPU_GPU_CV 7246mW/7957mW VDD_SOC 4086mW/3946mW
08-11-2026 22:03:45 RAM 7135/7607MB (lfb 2x2MB) SWAP 1380/16384MB (cached 104MB) CPU [4%@729,1%@729,2%@729,3%@729,65%@729,1%@729] GR3D_FREQ 99% cpu@62.937C soc2@62.218C soc0@63C gpu@64.093C tj@64.093C soc1@61.906C VDD_IN 16700mW/17001mW VDD_CPU_GPU_CV 7820mW/7956mW VDD_SOC 3890mW/3946mW
08-11-2026 22:03:46 RAM 7135/7607MB (lfb 2x2MB) SWAP 1380/16384MB (cached 104MB) CPU [2%@729,2%@729,2%@729,4%@729,71%@729,0%@729] GR3D_FREQ 98% cpu@63.125C soc2@62.25C soc0@63C gpu@64.531C tj@64.531C soc1@61.937C VDD_IN 17604mW/17002mW VDD_CPU_GPU_CV 8588mW/7957mW VDD_SOC 3923mW/3946mW
08-11-2026 22:03:47 RAM 7135/7607MB (lfb 2x2MB) SWAP 1380/16384MB (cached 104MB) CPU [2%@729,4%@729,5%@729,2%@729,45%@1344,16%@1344] GR3D_FREQ 98% cpu@63.375C soc2@62.187C soc0@63.031C gpu@64.531C tj@64.781C soc1@61.968C VDD_IN 17526mW/17003mW VDD_CPU_GPU_CV 8510mW/7958mW VDD_SOC 3923mW/3945mW
08-11-2026 22:03:48 RAM 7135/7607MB (lfb 2x2MB) SWAP 1380/16384MB (cached 104MB) CPU [8%@729,9%@729,5%@729,16%@729,0%@1344,60%@1344] GR3D_FREQ 98% cpu@63.187C soc2@62.281C soc0@63C gpu@64.812C tj@64.812C soc1@62C VDD_IN 17486mW/17003mW VDD_CPU_GPU_CV 8393mW/7958mW VDD_SOC 3962mW/3945mW
08-11-2026 22:03:49 RAM 7135/7607MB (lfb 2x2MB) SWAP 1380/16384MB (cached 104MB) CPU [3%@729,5%@729,2%@729,2%@729,0%@1344,58%@1344] GR3D_FREQ 98% cpu@63.031C soc2@62.312C soc0@63.031C gpu@64.843C tj@64.843C soc1@62.156C VDD_IN 17329mW/17004mW VDD_CPU_GPU_CV 8172mW/7959mW VDD_SOC 4001mW/3946mW
08-11-2026 22:03:50 RAM 7135/7607MB (lfb 2x2MB) SWAP 1380/16384MB (cached 104MB) CPU [2%@729,1%@729,2%@729,5%@729,1%@1344,59%@1344] GR3D_FREQ 98% cpu@63.125C soc2@62.187C soc0@63.031C gpu@64.812C tj@64.812C soc1@61.968C VDD_IN 17093mW/17004mW VDD_CPU_GPU_CV 7820mW/7959mW VDD_SOC 4040mW/3946mW
08-11-2026 22:03:51 RAM 7134/7607MB (lfb 2x2MB) SWAP 1380/16384MB (cached 104MB) CPU [4%@729,0%@729,2%@729,1%@729,0%@1344,59%@1344] GR3D_FREQ 98% cpu@63.281C soc2@62.218C soc0@62.875C gpu@64.781C tj@64.781C soc1@61.937C VDD_IN 16857mW/17004mW VDD_CPU_GPU_CV 7429mW/7958mW VDD_SOC 4119mW/3946mW
08-11-2026 22:03:52 RAM 7134/7607MB (lfb 2x2MB) SWAP 1380/16384MB (cached 104MB) CPU [3%@729,1%@729,2%@729,2%@729,4%@729,55%@729] GR3D_FREQ 98% cpu@63.281C soc2@62.312C soc0@63.031C gpu@64.156C tj@64.156C soc1@62C VDD_IN 16452mW/17003mW VDD_CPU_GPU_CV 7481mW/7957mW VDD_SOC 3929mW/3946mW
08-11-2026 22:03:53 RAM 7135/7607MB (lfb 2x2MB) SWAP 1380/16384MB (cached 104MB) CPU [6%@729,6%@729,4%@729,18%@729,2%@729,69%@729] GR3D_FREQ 99% cpu@62.875C soc2@62.375C soc0@63C gpu@64.406C tj@64.406C soc1@62.093C VDD_IN 17368mW/17004mW VDD_CPU_GPU_CV 8329mW/7958mW VDD_SOC 3962mW/3946mW
08-11-2026 22:03:54 RAM 7135/7607MB (lfb 2x2MB) SWAP 1380/16384MB (cached 104MB) CPU [3%@729,4%@729,2%@729,2%@729,0%@806,70%@806] GR3D_FREQ 98% cpu@63.031C soc2@62.343C soc0@63.093C gpu@64.656C tj@64.656C soc1@61.906C VDD_IN 17565mW/17004mW VDD_CPU_GPU_CV 8627mW/7959mW VDD_SOC 3923mW/3946mW
08-11-2026 22:03:55 RAM 7135/7607MB (lfb 2x2MB) SWAP 1380/16384MB (cached 104MB) CPU [2%@729,4%@729,1%@729,2%@729,0%@1344,58%@1344] GR3D_FREQ 96% cpu@63.062C soc2@62.25C soc0@62.875C gpu@64.562C tj@64.562C soc1@62C VDD_IN 17486mW/17005mW VDD_CPU_GPU_CV 8471mW/7959mW VDD_SOC 3923mW/3946mW
08-11-2026 22:03:56 RAM 7135/7607MB (lfb 2x2MB) SWAP 1380/16384MB (cached 104MB) CPU [2%@729,2%@729,2%@729,4%@729,1%@1344,59%@1344] GR3D_FREQ 93% cpu@63.156C soc2@62.312C soc0@62.937C gpu@64.562C tj@64.562C soc1@61.968C VDD_IN 17408mW/17005mW VDD_CPU_GPU_CV 8329mW/7960mW VDD_SOC 3962mW/3946mW
08-11-2026 22:03:57 RAM 7135/7607MB (lfb 2x2MB) SWAP 1380/16384MB (cached 104MB) CPU [8%@729,1%@729,2%@729,2%@729,0%@1344,60%@1344] GR3D_FREQ 98% cpu@63.375C soc2@62.218C soc0@62.968C gpu@64.406C tj@64.406C soc1@62.031C VDD_IN 17290mW/17006mW VDD_CPU_GPU_CV 8133mW/7960mW VDD_SOC 4001mW/3946mW
08-11-2026 22:03:58 RAM 7135/7607MB (lfb 2x2MB) SWAP 1380/16384MB (cached 104MB) CPU [4%@1190,1%@1190,3%@1190,4%@1190,0%@1344,60%@1344] GR3D_FREQ 98% cpu@63.062C soc2@62.156C soc0@63.031C gpu@64.312C tj@64.312C soc1@62.125C VDD_IN 17054mW/17006mW VDD_CPU_GPU_CV 7820mW/7960mW VDD_SOC 4040mW/3946mW
08-11-2026 22:03:59 RAM 7135/7607MB (lfb 2x2MB) SWAP 1380/16384MB (cached 104MB) CPU [17%@1344,10%@1344,3%@1344,8%@1344,1%@1344,60%@1344] GR3D_FREQ 98% cpu@63.25C soc2@62.218C soc0@62.937C gpu@64.531C tj@64.531C soc1@61.937C VDD_IN 16897mW/17006mW VDD_CPU_GPU_CV 7429mW/7959mW VDD_SOC 4119mW/3946mW
08-11-2026 22:04:00 RAM 7135/7607MB (lfb 2x2MB) SWAP 1380/16384MB (cached 104MB) CPU [5%@729,0%@729,1%@729,1%@729,0%@729,56%@729] GR3D_FREQ 99% cpu@63.343C soc2@62.25C soc0@62.968C gpu@64.375C tj@64.375C soc1@61.937C VDD_IN 16452mW/17005mW VDD_CPU_GPU_CV 7559mW/7959mW VDD_SOC 3929mW/3946mW
08-11-2026 22:04:01 RAM 7135/7607MB (lfb 2x2MB) SWAP 1380/16384MB (cached 104MB) CPU [5%@1113,2%@1113,1%@1113,4%@1113,0%@729,69%@729] GR3D_FREQ 99% cpu@63.125C soc2@62.218C soc0@63.125C gpu@64.531C tj@64.531C soc1@62C VDD_IN 17329mW/17005mW VDD_CPU_GPU_CV 8250mW/7959mW VDD_SOC 4001mW/3946mW
08-11-2026 22:04:02 RAM 7135/7607MB (lfb 2x2MB) SWAP 1380/16384MB (cached 104MB) CPU [4%@729,5%@729,3%@729,2%@729,0%@960,69%@960] GR3D_FREQ 98% cpu@63.156C soc2@62.343C soc0@63.093C gpu@64.468C tj@64.468C soc1@61.937C VDD_IN 17643mW/17006mW VDD_CPU_GPU_CV 8705mW/7960mW VDD_SOC 3923mW/3946mW
08-11-2026 22:04:03 RAM 7135/7607MB (lfb 2x2MB) SWAP 1380/16384MB (cached 104MB) CPU [3%@729,0%@729,1%@729,3%@729,0%@729,56%@729] GR3D_FREQ 98% cpu@63.343C soc2@62.25C soc0@62.906C gpu@64.375C tj@64.375C soc1@61.968C VDD_IN 17486mW/17007mW VDD_CPU_GPU_CV 8510mW/7961mW VDD_SOC 3923mW/3946mW
08-11-2026 22:04:04 RAM 7135/7607MB (lfb 2x2MB) SWAP 1380/16384MB (cached 104MB) CPU [4%@729,6%@729,17%@729,7%@729,1%@1344,59%@1344] GR3D_FREQ 96% cpu@63.375C soc2@62.25C soc0@63C gpu@64.5C tj@64.5C soc1@61.968C VDD_IN 17486mW/17007mW VDD_CPU_GPU_CV 8407mW/7961mW VDD_SOC 3962mW/3946mW
08-11-2026 22:04:05 RAM 7135/7607MB (lfb 2x2MB) SWAP 1380/16384MB (cached 104MB) CPU [2%@729,2%@729,4%@729,2%@729,0%@1344,59%@1344] GR3D_FREQ 93% cpu@63.281C soc2@62.281C soc0@62.968C gpu@64.468C tj@64.468C soc1@62.062C VDD_IN 17172mW/17008mW VDD_CPU_GPU_CV 8016mW/7961mW VDD_SOC 4001mW/3946mW
08-11-2026 22:04:06 RAM 7135/7607MB (lfb 2x2MB) SWAP 1380/16384MB (cached 104MB) CPU [2%@1344,4%@1344,1%@1344,1%@1344,1%@1344,60%@1344] GR3D_FREQ 98% cpu@63.187C soc2@62.25C soc0@63.093C gpu@64.437C tj@64.437C soc1@61.875C VDD_IN 16936mW/17007mW VDD_CPU_GPU_CV 7625mW/7961mW VDD_SOC 4040mW/3946mW
08-11-2026 22:04:07 RAM 7135/7607MB (lfb 2x2MB) SWAP 1380/16384MB (cached 104MB) CPU [3%@729,8%@729,2%@729,2%@729,1%@1344,59%@1344] GR3D_FREQ 98% cpu@63.25C soc2@62.25C soc0@63.093C gpu@64.375C tj@64.375C soc1@61.937C VDD_IN 16700mW/17007mW VDD_CPU_GPU_CV 7206mW/7960mW VDD_SOC 4126mW/3947mW
08-11-2026 22:04:08 RAM 7135/7607MB (lfb 2x2MB) SWAP 1380/16384MB (cached 104MB) CPU [4%@729,3%@729,1%@729,2%@729,0%@729,58%@729] GR3D_FREQ 99% cpu@63.062C soc2@62.187C soc0@62.937C gpu@64.125C tj@64.125C soc1@61.937C VDD_IN 16216mW/17006mW VDD_CPU_GPU_CV 7481mW/7959mW VDD_SOC 3851mW/3947mW
08-11-2026 22:04:09 RAM 7135/7607MB (lfb 2x2MB) SWAP 1380/16384MB (cached 104MB) CPU [2%@729,6%@729,0%@729,2%@729,1%@729,69%@729] GR3D_FREQ 99% cpu@63.406C soc2@62.375C soc0@63.031C gpu@64.312C tj@64.312C soc1@62.031C VDD_IN 17526mW/17007mW VDD_CPU_GPU_CV 8329mW/7960mW VDD_SOC 4040mW/3947mW
08-11-2026 22:04:10 RAM 7138/7607MB (lfb 2x2MB) SWAP 1380/16384MB (cached 104MB) CPU [8%@729,8%@729,16%@729,7%@729,64%@1344,2%@1344] GR3D_FREQ 98% cpu@63.062C soc2@62.312C soc0@63.062C gpu@64.5C tj@64.5C soc1@62.093C VDD_IN 17565mW/17007mW VDD_CPU_GPU_CV 8627mW/7961mW VDD_SOC 3883mW/3947mW
08-11-2026 22:04:11 RAM 7138/7607MB (lfb 2x2MB) SWAP 1380/16384MB (cached 104MB) CPU [4%@729,6%@729,1%@729,1%@729,59%@1344,0%@1344] GR3D_FREQ 98% cpu@63.062C soc2@62.343C soc0@63.062C gpu@64.5C tj@64.5C soc1@61.968C VDD_IN 17329mW/17008mW VDD_CPU_GPU_CV 8432mW/7961mW VDD_SOC 3923mW/3947mW
08-11-2026 22:04:12 RAM 7138/7607MB (lfb 2x2MB) SWAP 1380/16384MB (cached 104MB) CPU [3%@729,2%@729,2%@729,4%@729,60%@1344,1%@1344] GR3D_FREQ 98% cpu@63.062C soc2@62.375C soc0@62.968C gpu@64.5C tj@64.5C soc1@62.031C VDD_IN 17290mW/17008mW VDD_CPU_GPU_CV 8250mW/7961mW VDD_SOC 3962mW/3947mW
08-11-2026 22:04:13 RAM 7138/7607MB (lfb 2x2MB) SWAP 1380/16384MB (cached 104MB) CPU [16%@1113,2%@1113,0%@1113,1%@1113,44%@729,1%@729] GR3D_FREQ 98% cpu@63.281C soc2@62.375C soc0@62.906C gpu@64.531C tj@64.531C soc1@62.062C VDD_IN 17054mW/17008mW VDD_CPU_GPU_CV 7977mW/7961mW VDD_SOC 4001mW/3947mW
08-11-2026 22:04:14 RAM 7138/7607MB (lfb 2x2MB) SWAP 1380/16384MB (cached 104MB) CPU [44%@729,4%@729,2%@729,3%@729,15%@729,1%@729] GR3D_FREQ 97% cpu@63.343C soc2@62.281C soc0@63.031C gpu@64.468C tj@64.625C soc1@62.125C VDD_IN 16857mW/17008mW VDD_CPU_GPU_CV 7625mW/7961mW VDD_SOC 4040mW/3947mW
08-11-2026 22:04:15 RAM 7136/7607MB (lfb 2x2MB) SWAP 1380/16384MB (cached 104MB) CPU [7%@729,9%@729,17%@729,5%@729,58%@1113,1%@1113] GR3D_FREQ 99% cpu@63.187C soc2@62.406C soc0@63.062C gpu@64.125C tj@64.125C soc1@61.968C VDD_IN 16661mW/17008mW VDD_CPU_GPU_CV 7167mW/7960mW VDD_SOC 4165mW/3947mW
08-11-2026 22:04:16 RAM 7137/7607MB (lfb 2x2MB) SWAP 1380/16384MB (cached 104MB) CPU [4%@729,4%@729,1%@729,1%@729,63%@729,0%@729] GR3D_FREQ 75% cpu@62.968C soc2@62.25C soc0@63.093C gpu@64.281C tj@64.281C soc1@61.968C VDD_IN 16373mW/17007mW VDD_CPU_GPU_CV 7559mW/7960mW VDD_SOC 3851mW/3947mW
08-11-2026 22:04:17 RAM 7138/7607MB (lfb 2x2MB) SWAP 1380/16384MB (cached 104MB) CPU [2%@729,1%@729,4%@729,6%@729,68%@729,0%@729] GR3D_FREQ 99% cpu@63.375C soc2@62.312C soc0@62.968C gpu@65C tj@65C soc1@62C VDD_IN 17693mW/17008mW VDD_CPU_GPU_CV 8549mW/7960mW VDD_SOC 4040mW/3947mW
08-11-2026 22:04:18 RAM 7138/7607MB (lfb 2x2MB) SWAP 1380/16384MB (cached 104MB) CPU [2%@729,2%@729,3%@729,3%@729,64%@1344,2%@1344] GR3D_FREQ 98% cpu@63.125C soc2@62.25C soc0@63.031C gpu@64.843C tj@64.843C soc1@62C VDD_IN 17408mW/17008mW VDD_CPU_GPU_CV 8485mW/7961mW VDD_SOC 3883mW/3947mW
08-11-2026 22:04:19 RAM 7138/7607MB (lfb 2x2MB) SWAP 1380/16384MB (cached 104MB) CPU [3%@729,3%@729,2%@729,2%@729,59%@1344,0%@1344] GR3D_FREQ 98% cpu@63.281C soc2@62.156C soc0@62.968C gpu@64.656C tj@64.656C soc1@62.062C VDD_IN 17408mW/17009mW VDD_CPU_GPU_CV 8407mW/7961mW VDD_SOC 3923mW/3947mW
08-11-2026 22:04:20 RAM 7138/7607MB (lfb 2x2MB) SWAP 1380/16384MB (cached 104MB) CPU [4%@729,2%@729,1%@729,2%@729,50%@1344,10%@1344] GR3D_FREQ 98% cpu@63.062C soc2@62.25C soc0@63.093C gpu@64.593C tj@64.593C soc1@61.937C VDD_IN 17368mW/17009mW VDD_CPU_GPU_CV 8250mW/7962mW VDD_SOC 3962mW/3947mW
08-11-2026 22:04:21 RAM 7139/7607MB (lfb 2x2MB) SWAP 1380/16384MB (cached 104MB) CPU [6%@729,18%@729,4%@729,9%@729,1%@1344,60%@1344] GR3D_FREQ 98% cpu@63.187C soc2@62.218C soc0@63.093C gpu@64.593C tj@64.593C soc1@62C VDD_IN 17172mW/17009mW VDD_CPU_GPU_CV 7977mW/7962mW VDD_SOC 4001mW/3947mW
08-11-2026 22:04:22 RAM 7139/7607MB (lfb 2x2MB) SWAP 1380/16384MB (cached 104MB) CPU [1%@729,2%@729,2%@729,3%@729,1%@1344,59%@1344] GR3D_FREQ 98% cpu@63.343C soc2@62.187C soc0@63C gpu@64.406C tj@64.406C soc1@61.968C VDD_IN 16857mW/17009mW VDD_CPU_GPU_CV 7507mW/7961mW VDD_SOC 4080mW/3947mW
08-11-2026 22:04:23 RAM 7139/7607MB (lfb 2x2MB) SWAP 1380/16384MB (cached 104MB) CPU [4%@729,1%@729,1%@729,3%@729,1%@729,54%@729] GR3D_FREQ 99% cpu@63.187C soc2@62.281C soc0@63.093C gpu@63.75C tj@63.75C soc1@62.062C VDD_IN 16452mW/17008mW VDD_CPU_GPU_CV 7167mW/7960mW VDD_SOC 4047mW/3947mW
08-11-2026 22:04:24 RAM 7139/7607MB (lfb 2x2MB) SWAP 1380/16384MB (cached 104MB) CPU [3%@729,1%@729,0%@729,2%@729,0%@729,64%@729] GR3D_FREQ 99% cpu@62.875C soc2@62.312C soc0@63.031C gpu@64.125C tj@64.125C soc1@61.875C VDD_IN 16661mW/17008mW VDD_CPU_GPU_CV 7781mW/7960mW VDD_SOC 3890mW/3947mW
08-11-2026 22:04:25 RAM 7139/7607MB (lfb 2x2MB) SWAP 1380/16384MB (cached 104MB) CPU [1%@729,4%@729,2%@729,2%@729,1%@729,69%@729] GR3D_FREQ 98% cpu@63.156C soc2@62.343C soc0@63.125C gpu@64.593C tj@64.593C soc1@62C VDD_IN 17575mW/17009mW VDD_CPU_GPU_CV 8627mW/7961mW VDD_SOC 3923mW/3947mW
08-11-2026 22:04:26 RAM 7140/7607MB (lfb 2x2MB) SWAP 1380/16384MB (cached 104MB) CPU [6%@729,3%@729,9%@729,17%@729,0%@1344,63%@1344] GR3D_FREQ 98% cpu@63.187C soc2@62.312C soc0@62.968C gpu@64.656C tj@64.656C soc1@61.937C VDD_IN 17486mW/17009mW VDD_CPU_GPU_CV 8563mW/7962mW VDD_SOC 3923mW/3947mW
08-11-2026 22:04:27 RAM 7139/7607MB (lfb 2x2MB) SWAP 1380/16384MB (cached 104MB) CPU [2%@729,3%@729,3%@729,7%@729,0%@1344,59%@1344] GR3D_FREQ 98% cpu@63.375C soc2@62.281C soc0@62.937C gpu@64.687C tj@64.687C soc1@61.968C VDD_IN 17408mW/17010mW VDD_CPU_GPU_CV 8368mW/7962mW VDD_SOC 3923mW/3947mW
08-11-2026 22:04:28 RAM 7139/7607MB (lfb 2x2MB) SWAP 1380/16384MB (cached 104MB) CPU [4%@729,1%@729,3%@729,1%@729,0%@1344,59%@1344] GR3D_FREQ 98% cpu@63.093C soc2@62.25C soc0@62.968C gpu@64.687C tj@64.687C soc1@62.125C VDD_IN 17172mW/17010mW VDD_CPU_GPU_CV 8094mW/7962mW VDD_SOC 3962mW/3947mW
08-11-2026 22:04:29 RAM 7139/7607MB (lfb 2x2MB) SWAP 1380/16384MB (cached 104MB) CPU [3%@729,3%@729,3%@729,3%@729,0%@1344,60%@1344] GR3D_FREQ 98% cpu@63.093C soc2@62.218C soc0@63.031C gpu@64.593C tj@64.593C soc1@61.937C VDD_IN 17015mW/17010mW VDD_CPU_GPU_CV 7781mW/7962mW VDD_SOC 4001mW/3947mW
08-11-2026 22:04:30 RAM 7139/7607MB (lfb 2x2MB) SWAP 1380/16384MB (cached 104MB) CPU [2%@729,3%@729,2%@729,3%@729,0%@1344,59%@1344] GR3D_FREQ 98% cpu@63.281C soc2@62.125C soc0@62.781C gpu@64.218C tj@64.218C soc1@61.937C VDD_IN 16700mW/17010mW VDD_CPU_GPU_CV 7351mW/7961mW VDD_SOC 4126mW/3947mW
08-11-2026 22:04:31 RAM 7139/7607MB (lfb 2x2MB) SWAP 1380/16384MB (cached 104MB) CPU [5%@729,3%@729,2%@729,5%@729,0%@729,55%@729] GR3D_FREQ 99% cpu@63.343C soc2@62.218C soc0@62.968C gpu@64.093C tj@64.093C soc1@61.968C VDD_IN 16373mW/17009mW VDD_CPU_GPU_CV 7481mW/7961mW VDD_SOC 3929mW/3947mW
08-11-2026 22:04:32 RAM 7138/7607MB (lfb 2x2MB) SWAP 1380/16384MB (cached 104MB) CPU [7%@729,7%@729,5%@729,20%@729,0%@729,68%@729] GR3D_FREQ 99% cpu@63.375C soc2@62.218C soc0@63C gpu@64.375C tj@64.375C soc1@62C VDD_IN 17172mW/17009mW VDD_CPU_GPU_CV 8172mW/7961mW VDD_SOC 3962mW/3947mW
08-11-2026 22:04:33 RAM 7139/7607MB (lfb 2x2MB) SWAP 1380/16384MB (cached 104MB) CPU [2%@1344,5%@1344,2%@1344,4%@1344,0%@806,69%@806] GR3D_FREQ 98% cpu@63C soc2@62.312C soc0@63.031C gpu@64.531C tj@64.531C soc1@61.937C VDD_IN 17486mW/17010mW VDD_CPU_GPU_CV 8588mW/7962mW VDD_SOC 3883mW/3947mW
08-11-2026 22:04:34 RAM 7139/7607MB (lfb 2x2MB) SWAP 1380/16384MB (cached 104MB) CPU [3%@729,1%@729,2%@729,4%@729,0%@729,58%@729] GR3D_FREQ 98% cpu@63.062C soc2@62.187C soc0@63.031C gpu@64.531C tj@64.531C soc1@61.937C VDD_IN 17368mW/17010mW VDD_CPU_GPU_CV 8368mW/7962mW VDD_SOC 3923mW/3947mW
08-11-2026 22:04:35 RAM 7139/7607MB (lfb 2x2MB) SWAP 1380/16384MB (cached 104MB) CPU [2%@729,2%@729,2%@729,2%@729,0%@1344,58%@1344] GR3D_FREQ 98% cpu@63.125C soc2@62.156C soc0@63C gpu@64.593C tj@64.593C soc1@61.875C VDD_IN 17211mW/17010mW VDD_CPU_GPU_CV 8172mW/7963mW VDD_SOC 3962mW/3947mW
08-11-2026 22:04:36 RAM 7139/7607MB (lfb 2x2MB) SWAP 1380/16384MB (cached 104MB) CPU [3%@1344,5%@1344,3%@1344,4%@1344,1%@1344,59%@1344] GR3D_FREQ 93% cpu@63.406C soc2@62.187C soc0@62.937C gpu@64.593C tj@64.593C soc1@62C VDD_IN 17172mW/17010mW VDD_CPU_GPU_CV 8055mW/7963mW VDD_SOC 4001mW/3947mW
08-11-2026 22:04:37 RAM 7141/7607MB (lfb 2x2MB) SWAP 1380/16384MB (cached 104MB) CPU [8%@729,4%@729,9%@729,15%@729,5%@1344,60%@1344] GR3D_FREQ 98% cpu@63.125C soc2@62.25C soc0@62.937C gpu@64.718C tj@64.718C soc1@62.125C VDD_IN 17211mW/17011mW VDD_CPU_GPU_CV 7899mW/7963mW VDD_SOC 4040mW/3947mW
08-11-2026 22:04:38 RAM 7141/7607MB (lfb 2x2MB) SWAP 1380/16384MB (cached 104MB) CPU [8%@1344,3%@1344,14%@1344,3%@1344,0%@729,46%@729] GR3D_FREQ 98% cpu@63.187C soc2@62.343C soc0@62.937C gpu@64.593C tj@64.593C soc1@61.937C VDD_IN 16779mW/17010mW VDD_CPU_GPU_CV 7273mW/7962mW VDD_SOC 4119mW/3948mW
08-11-2026 22:04:39 RAM 7141/7607MB (lfb 2x2MB) SWAP 1380/16384MB (cached 104MB) CPU [3%@729,1%@729,58%@729,4%@729,0%@729,0%@729] GR3D_FREQ 96% cpu@63.031C soc2@62.093C soc0@63.031C gpu@64.531C tj@64.531C soc1@61.968C VDD_IN 16216mW/17009mW VDD_CPU_GPU_CV 7481mW/7961mW VDD_SOC 3851mW/3948mW
08-11-2026 22:04:40 RAM 7140/7607MB (lfb 2x2MB) SWAP 1380/16384MB (cached 104MB) CPU [1%@729,2%@729,69%@729,4%@729,0%@729,0%@729] GR3D_FREQ 99% cpu@63.218C soc2@62.25C soc0@63.031C gpu@64.593C tj@64.593C soc1@61.968C VDD_IN 17486mW/17010mW VDD_CPU_GPU_CV 8290mW/7962mW VDD_SOC 4040mW/3948mW
08-11-2026 22:04:41 RAM 7141/7607MB (lfb 2x2MB) SWAP 1380/16384MB (cached 104MB) CPU [3%@1344,2%@1344,70%@1344,1%@1344,0%@729,0%@729] GR3D_FREQ 98% cpu@63.25C soc2@62.281C soc0@62.937C gpu@64.625C tj@64.625C soc1@62C VDD_IN 17565mW/17011mW VDD_CPU_GPU_CV 8588mW/7962mW VDD_SOC 3883mW/3948mW
08-11-2026 22:04:42 RAM 7140/7607MB (lfb 2x2MB) SWAP 1380/16384MB (cached 104MB) CPU [3%@1344,1%@1344,59%@1344,4%@1344,0%@729,1%@729] GR3D_FREQ 98% cpu@63.562C soc2@62.25C soc0@62.968C gpu@64.625C tj@64.625C soc1@62.062C VDD_IN 17447mW/17011mW VDD_CPU_GPU_CV 8485mW/7963mW VDD_SOC 3923mW/3948mW
08-11-2026 22:04:43 RAM 7140/7607MB (lfb 2x2MB) SWAP 1380/16384MB (cached 104MB) CPU [6%@1344,11%@1036,59%@1036,15%@1036,1%@729,2%@729] GR3D_FREQ 98% cpu@63.062C soc2@62.312C soc0@63.093C gpu@64.593C tj@64.593C soc1@62.125C VDD_IN 17368mW/17012mW VDD_CPU_GPU_CV 8315mW/7963mW VDD_SOC 3962mW/3948mW
08-11-2026 22:04:44 RAM 7140/7607MB (lfb 2x2MB) SWAP 1380/16384MB (cached 104MB) CPU [4%@1344,1%@1344,58%@1344,2%@1344,1%@729,0%@729] GR3D_FREQ 98% cpu@63.062C soc2@62.281C soc0@63.125C gpu@64.468C tj@64.468C soc1@61.875C VDD_IN 17172mW/17012mW VDD_CPU_GPU_CV 7977mW/7963mW VDD_SOC 4001mW/3948mW
08-11-2026 22:04:45 RAM 7140/7607MB (lfb 2x2MB) SWAP 1380/16384MB (cached 104MB) CPU [3%@1344,2%@1344,60%@1344,3%@1344,1%@729,0%@729] GR3D_FREQ 90% cpu@63.312C soc2@62.25C soc0@62.937C gpu@64.343C tj@64.343C soc1@62.031C VDD_IN 16936mW/17012mW VDD_CPU_GPU_CV 7625mW/7963mW VDD_SOC 4080mW/3948mW
08-11-2026 22:04:46 RAM 7141/7607MB (lfb 2x2MB) SWAP 1380/16384MB (cached 104MB) CPU [1%@1344,1%@1344,0%@1344,4%@1344,59%@1344,0%@1344] GR3D_FREQ 99% cpu@63.375C soc2@62.187C soc0@62.968C gpu@64C tj@64C soc1@62.062C VDD_IN 16570mW/17011mW VDD_CPU_GPU_CV 7050mW/7962mW VDD_SOC 4165mW/3948mW
08-11-2026 22:04:47 RAM 7141/7607MB (lfb 2x2MB) SWAP 1380/16384MB (cached 104MB) CPU [2%@729,1%@729,1%@729,3%@729,61%@729,2%@729] GR3D_FREQ 51% cpu@63.093C soc2@62.218C soc0@62.937C gpu@64.062C tj@64.062C soc1@62.062C VDD_IN 16334mW/17010mW VDD_CPU_GPU_CV 7481mW/7961mW VDD_SOC 3890mW/3948mW
08-11-2026 22:04:48 RAM 7141/7607MB (lfb 2x2MB) SWAP 1380/16384MB (cached 104MB) CPU [5%@729,8%@729,15%@729,10%@729,69%@729,1%@729] GR3D_FREQ 98% cpu@63.031C soc2@62.375C soc0@63.093C gpu@64.468C tj@64.468C soc1@62.031C VDD_IN 17772mW/17011mW VDD_CPU_GPU_CV 8588mW/7962mW VDD_SOC 4040mW/3948mW
08-11-2026 22:04:49 RAM 7142/7607MB (lfb 2x2MB) SWAP 1380/16384MB (cached 104MB) CPU [3%@729,7%@729,1%@729,4%@729,67%@1344,4%@1344] GR3D_FREQ 98% cpu@63C soc2@62.187C soc0@63.093C gpu@64.406C tj@64.406C soc1@61.937C VDD_IN 17526mW/17012mW VDD_CPU_GPU_CV 8549mW/7963mW VDD_SOC 3923mW/3948mW
08-11-2026 22:04:50 RAM 7143/7607MB (lfb 2x2MB) SWAP 1380/16384MB (cached 104MB) CPU [1%@729,2%@729,2%@729,4%@729,58%@1344,1%@1344] GR3D_FREQ 98% cpu@63.093C soc2@62.156C soc0@62.937C gpu@64.437C tj@64.437C soc1@62C VDD_IN 17408mW/17012mW VDD_CPU_GPU_CV 8446mW/7963mW VDD_SOC 3923mW/3948mW
08-11-2026 22:04:51 RAM 7143/7607MB (lfb 2x2MB) SWAP 1380/16384MB (cached 104MB) CPU [25%@729,1%@729,1%@729,3%@729,37%@1344,0%@1344] GR3D_FREQ 98% cpu@63.25C soc2@62.281C soc0@62.968C gpu@64.437C tj@64.437C soc1@61.937C VDD_IN 17290mW/17013mW VDD_CPU_GPU_CV 8211mW/7964mW VDD_SOC 3962mW/3948mW
08-11-2026 22:04:52 RAM 7143/7607MB (lfb 2x2MB) SWAP 1380/16384MB (cached 104MB) CPU [2%@729,2%@729,1%@729,5%@729,60%@1344,1%@1344] GR3D_FREQ 98% cpu@62.906C soc2@62.218C soc0@63C gpu@64.562C tj@64.562C soc1@61.968C VDD_IN 17133mW/17013mW VDD_CPU_GPU_CV 7938mW/7964mW VDD_SOC 4001mW/3948mW
08-11-2026 22:04:53 RAM 7139/7607MB (lfb 2x2MB) SWAP 1380/16384MB (cached 104MB) CPU [2%@729,1%@729,4%@729,4%@729,58%@1344,1%@1344] GR3D_FREQ 98% cpu@63.062C soc2@62.25C soc0@63C gpu@64.531C tj@64.531C soc1@61.937C VDD_IN 16857mW/17013mW VDD_CPU_GPU_CV 7507mW/7963mW VDD_SOC 4080mW/3948mW
08-11-2026 22:04:54 RAM 7142/7607MB (lfb 2x2MB) SWAP 1380/16384MB (cached 104MB) CPU [8%@729,17%@729,3%@729,7%@729,55%@729,0%@729] GR3D_FREQ 99% cpu@63.125C soc2@62.312C soc0@62.906C gpu@63.906C tj@63.906C soc1@61.906C VDD_IN 16452mW/17012mW VDD_CPU_GPU_CV 7246mW/7962mW VDD_SOC 4047mW/3948mW
08-11-2026 22:04:55 RAM 7142/7607MB (lfb 2x2MB) SWAP 1380/16384MB (cached 104MB) CPU [3%@729,5%@729,1%@729,1%@729,66%@729,1%@729] GR3D_FREQ 99% cpu@63.031C soc2@62.093C soc0@62.875C gpu@64.218C tj@64.218C soc1@61.968C VDD_IN 16661mW/17012mW VDD_CPU_GPU_CV 7833mW/7962mW VDD_SOC 3890mW/3948mW
08-11-2026 22:04:56 RAM 7142/7607MB (lfb 2x2MB) SWAP 1380/16384MB (cached 104MB) CPU [3%@729,3%@729,0%@729,0%@729,70%@729,1%@729] GR3D_FREQ 97% cpu@63.281C soc2@62.281C soc0@62.968C gpu@64.562C tj@64.562C soc1@62C VDD_IN 17408mW/17012mW VDD_CPU_GPU_CV 8485mW/7963mW VDD_SOC 3923mW/3948mW
08-11-2026 22:04:57 RAM 7142/7607MB (lfb 2x2MB) SWAP 1380/16384MB (cached 104MB) CPU [2%@729,4%@729,1%@729,2%@729,61%@1344,0%@1344] GR3D_FREQ 99% cpu@62.937C soc2@62.25C soc0@63C gpu@64.468C tj@64.468C soc1@62.093C VDD_IN 17408mW/17012mW VDD_CPU_GPU_CV 8407mW/7963mW VDD_SOC 3923mW/3948mW
08-11-2026 22:04:58 RAM 7142/7607MB (lfb 2x2MB) SWAP 1380/16384MB (cached 104MB) CPU [2%@729,4%@729,2%@729,3%@729,59%@1344,1%@1344] GR3D_FREQ 96% cpu@63.062C soc2@62.25C soc0@63.062C gpu@64.468C tj@64.468C soc1@61.875C VDD_IN 17250mW/17013mW VDD_CPU_GPU_CV 8290mW/7964mW VDD_SOC 3923mW/3948mW
08-11-2026 22:04:59 RAM 7141/7607MB (lfb 2x2MB) SWAP 1380/16384MB (cached 104MB) CPU [7%@729,5%@729,9%@729,14%@729,23%@1344,37%@1344] GR3D_FREQ 98% cpu@63.25C soc2@62.25C soc0@62.906C gpu@64.437C tj@64.437C soc1@61.937C VDD_IN 17329mW/17013mW VDD_CPU_GPU_CV 8211mW/7964mW VDD_SOC 4001mW/3948mW
08-11-2026 22:05:00 RAM 7141/7607MB (lfb 2x2MB) SWAP 1380/16384MB (cached 104MB) CPU [3%@729,9%@729,2%@729,1%@729,2%@1344,59%@1344] GR3D_FREQ 98% cpu@63.218C soc2@62.218C soc0@62.968C gpu@64.375C tj@64.375C soc1@61.906C VDD_IN 17015mW/17013mW VDD_CPU_GPU_CV 7781mW/7964mW VDD_SOC 4040mW/3948mW
08-11-2026 22:05:01 RAM 7141/7607MB (lfb 2x2MB) SWAP 1380/16384MB (cached 104MB) CPU [4%@729,2%@729,1%@729,0%@729,0%@1344,58%@1344] GR3D_FREQ 98% cpu@63.406C soc2@62.312C soc0@63.031C gpu@64.312C tj@64.312C soc1@61.968C VDD_IN 16779mW/17013mW VDD_CPU_GPU_CV 7285mW/7963mW VDD_SOC 4119mW/3949mW
08-11-2026 22:05:02 RAM 7141/7607MB (lfb 2x2MB) SWAP 1380/16384MB (cached 104MB) CPU [3%@729,2%@729,4%@729,0%@729,1%@729,56%@729] GR3D_FREQ 99% cpu@62.906C soc2@62.25C soc0@63.156C gpu@64.593C tj@64.593C soc1@62.156C VDD_IN 16334mW/17012mW VDD_CPU_GPU_CV 7481mW/7962mW VDD_SOC 3851mW/3948mW
08-11-2026 22:05:03 RAM 7141/7607MB (lfb 2x2MB) SWAP 1380/16384MB (cached 104MB) CPU [6%@729,1%@729,2%@729,2%@729,0%@729,69%@729] GR3D_FREQ 99% cpu@63.25C soc2@62.218C soc0@63C gpu@64.781C tj@64.781C soc1@61.968C VDD_IN 17329mW/17012mW VDD_CPU_GPU_CV 8237mW/7963mW VDD_SOC 4001mW/3949mW
08-11-2026 22:05:04 RAM 7140/7607MB (lfb 2x2MB) SWAP 1380/16384MB (cached 104MB) CPU [2%@729,2%@729,4%@729,1%@729,1%@1344,70%@1344] GR3D_FREQ 98% cpu@63.312C soc2@62.218C soc0@62.968C gpu@64.906C tj@64.906C soc1@61.968C VDD_IN 17526mW/17013mW VDD_CPU_GPU_CV 8588mW/7963mW VDD_SOC 3883mW/3948mW
08-11-2026 22:05:05 RAM 7143/7607MB (lfb 2x2MB) SWAP 1380/16384MB (cached 104MB) CPU [18%@729,3%@729,4%@729,5%@729,6%@1036,59%@1036] GR3D_FREQ 97% cpu@63.093C soc2@62.218C soc0@62.968C gpu@64.875C tj@64.875C soc1@62.062C VDD_IN 17458mW/17013mW VDD_CPU_GPU_CV 8549mW/7964mW VDD_SOC 3923mW/3948mW
08-11-2026 22:05:06 RAM 7143/7607MB (lfb 2x2MB) SWAP 1380/16384MB (cached 104MB) CPU [2%@729,1%@729,2%@729,5%@729,0%@883,59%@883] GR3D_FREQ 97% cpu@63.375C soc2@62.312C soc0@63.093C gpu@64.937C tj@64.937C soc1@62.093C VDD_IN 17368mW/17014mW VDD_CPU_GPU_CV 8329mW/7964mW VDD_SOC 3962mW/3948mW
08-11-2026 22:05:07 RAM 7142/7607MB (lfb 2x2MB) SWAP 1380/16384MB (cached 104MB) CPU [2%@729,2%@729,1%@729,4%@729,1%@729,58%@729] GR3D_FREQ 97% cpu@63C soc2@62.312C soc0@63.031C gpu@64.562C tj@64.562C soc1@62.125C VDD_IN 17133mW/17014mW VDD_CPU_GPU_CV 8016mW/7964mW VDD_SOC 4001mW/3949mW
08-11-2026 22:05:08 RAM 7142/7607MB (lfb 2x2MB) SWAP 1380/16384MB (cached 104MB) CPU [1%@729,5%@729,1%@729,2%@729,1%@729,58%@729] GR3D_FREQ 97% cpu@63.062C soc2@62.187C soc0@63.125C gpu@64.468C tj@64.468C soc1@61.968C VDD_IN 16857mW/17014mW VDD_CPU_GPU_CV 7586mW/7964mW VDD_SOC 4080mW/3949mW
08-11-2026 22:05:09 RAM 7143/7607MB (lfb 2x2MB) SWAP 1380/16384MB (cached 104MB) CPU [2%@729,4%@729,1%@729,1%@1344,1%@1190,58%@1190] GR3D_FREQ 99% cpu@63.531C soc2@62.25C soc0@62.937C gpu@64.031C tj@64.031C soc1@62C VDD_IN 16609mW/17013mW VDD_CPU_GPU_CV 7011mW/7963mW VDD_SOC 4165mW/3949mW
08-11-2026 22:05:10 RAM 7145/7607MB (lfb 2x2MB) SWAP 1380/16384MB (cached 104MB) CPU [10%@729,15%@729,4%@729,6%@729,1%@729,62%@729] GR3D_FREQ 75% cpu@63C soc2@62.218C soc0@62.906C gpu@64.156C tj@64.156C soc1@62.031C VDD_IN 16452mW/17013mW VDD_CPU_GPU_CV 7676mW/7963mW VDD_SOC 3851mW/3949mW
08-11-2026 22:05:11 RAM 7144/7607MB (lfb 2x2MB) SWAP 1380/16384MB (cached 104MB) CPU [3%@729,1%@729,0%@729,10%@729,0%@729,69%@729] GR3D_FREQ 99% cpu@63.406C soc2@62.437C soc0@63C gpu@64.781C tj@64.781C soc1@62.093C VDD_IN 17732mW/17014mW VDD_CPU_GPU_CV 8588mW/7963mW VDD_SOC 4040mW/3949mW
08-11-2026 22:05:12 RAM 7144/7607MB (lfb 2x2MB) SWAP 1380/16384MB (cached 104MB) CPU [2%@729,2%@729,1%@729,5%@729,0%@1344,64%@1344] GR3D_FREQ 98% cpu@63.062C soc2@62.25C soc0@63.031C gpu@64.437C tj@64.437C soc1@62C VDD_IN 17486mW/17014mW VDD_CPU_GPU_CV 8549mW/7964mW VDD_SOC 3923mW/3949mW
08-11-2026 22:05:13 RAM 7144/7607MB (lfb 2x2MB) SWAP 1380/16384MB (cached 104MB) CPU [5%@729,2%@729,1%@729,2%@729,0%@1344,60%@1344] GR3D_FREQ 98% cpu@63.156C soc2@62.281C soc0@62.937C gpu@64.531C tj@64.531C soc1@61.968C VDD_IN 17447mW/17015mW VDD_CPU_GPU_CV 8407mW/7964mW VDD_SOC 3923mW/3949mW
08-11-2026 22:05:14 RAM 7145/7607MB (lfb 2x2MB) SWAP 1380/16384MB (cached 104MB) CPU [3%@729,2%@729,1%@729,5%@729,0%@1344,59%@1344] GR3D_FREQ 98% cpu@63.281C soc2@62.312C soc0@62.906C gpu@64.5C tj@64.5C soc1@62C VDD_IN 17329mW/17015mW VDD_CPU_GPU_CV 8211mW/7965mW VDD_SOC 3962mW/3949mW
08-11-2026 22:05:15 RAM 7145/7607MB (lfb 2x2MB) SWAP 1380/16384MB (cached 104MB) CPU [2%@729,4%@729,1%@729,2%@729,1%@1344,59%@1344] GR3D_FREQ 98% cpu@63.062C soc2@62.187C soc0@62.937C gpu@64.375C tj@64.375C soc1@62.062C VDD_IN 17133mW/17015mW VDD_CPU_GPU_CV 7899mW/7965mW VDD_SOC 4001mW/3949mW
08-11-2026 22:05:16 RAM 7145/7607MB (lfb 2x2MB) SWAP 1380/16384MB (cached 104MB) CPU [3%@729,4%@729,19%@729,11%@729,0%@1344,59%@1344] GR3D_FREQ 98% cpu@63.281C soc2@62.312C soc0@63C gpu@64.312C tj@64.312C soc1@62.125C VDD_IN 16936mW/17015mW VDD_CPU_GPU_CV 7547mW/7964mW VDD_SOC 4080mW/3949mW
08-11-2026 22:05:17 RAM 7145/7607MB (lfb 2x2MB) SWAP 1380/16384MB (cached 104MB) CPU [1%@729,2%@729,2%@729,4%@729,1%@729,56%@729] GR3D_FREQ 99% cpu@63.125C soc2@62.375C soc0@63.062C gpu@63.906C tj@63.906C soc1@61.968C VDD_IN 16491mW/17014mW VDD_CPU_GPU_CV 7285mW/7963mW VDD_SOC 4047mW/3949mW
08-11-2026 22:05:18 RAM 7145/7607MB (lfb 2x2MB) SWAP 1380/16384MB (cached 104MB) CPU [4%@729,1%@729,1%@729,4%@729,0%@729,66%@729] GR3D_FREQ 99% cpu@63C soc2@62.218C soc0@62.968C gpu@64.218C tj@64.218C soc1@61.968C VDD_IN 16661mW/17014mW VDD_CPU_GPU_CV 7820mW/7963mW VDD_SOC 3890mW/3949mW
08-11-2026 22:05:19 RAM 7145/7607MB (lfb 2x2MB) SWAP 1380/16384MB (cached 104MB) CPU [2%@729,2%@729,1%@729,5%@729,2%@729,71%@729] GR3D_FREQ 98% cpu@63.25C soc2@62.218C soc0@62.906C gpu@64.593C tj@64.593C soc1@61.906C VDD_IN 17447mW/17014mW VDD_CPU_GPU_CV 8432mW/7964mW VDD_SOC 3923mW/3949mW
08-11-2026 22:05:20 RAM 7145/7607MB (lfb 2x2MB) SWAP 1380/16384MB (cached 104MB) CPU [1%@729,2%@729,1%@729,5%@729,0%@1344,60%@1344] GR3D_FREQ 93% cpu@63C soc2@62.281C soc0@62.937C gpu@64.687C tj@64.687C soc1@62.031C VDD_IN 17408mW/17015mW VDD_CPU_GPU_CV 8432mW/7964mW VDD_SOC 3923mW/3949mW
08-11-2026 22:05:21 RAM 7144/7607MB (lfb 2x2MB) SWAP 1380/16384MB (cached 104MB) CPU [10%@729,18%@729,3%@729,5%@729,1%@1344,60%@1344] GR3D_FREQ 98% cpu@63.062C soc2@62.281C soc0@63.093C gpu@64.687C tj@64.687C soc1@62.093C VDD_IN 17486mW/17015mW VDD_CPU_GPU_CV 8407mW/7965mW VDD_SOC 3962mW/3949mW
08-11-2026 22:05:22 RAM 7145/7607MB (lfb 2x2MB) SWAP 1380/16384MB (cached 104MB) CPU [5%@1344,5%@1344,2%@1344,3%@1344,0%@1344,60%@1344] GR3D_FREQ 98% cpu@63.187C soc2@62.187C soc0@63.093C gpu@64.406C tj@64.406C soc1@61.937C VDD_IN 17250mW/17016mW VDD_CPU_GPU_CV 8055mW/7965mW VDD_SOC 4001mW/3949mW
08-11-2026 22:05:23 RAM 7145/7607MB (lfb 2x2MB) SWAP 1380/16384MB (cached 104MB) CPU [3%@729,0%@729,4%@729,1%@729,2%@1344,59%@1344] GR3D_FREQ 97% cpu@63.156C soc2@62.218C soc0@62.968C gpu@64.437C tj@64.437C soc1@62C VDD_IN 16936mW/17016mW VDD_CPU_GPU_CV 7742mW/7965mW VDD_SOC 4040mW/3949mW
08-11-2026 22:05:24 RAM 7146/7607MB (lfb 2x2MB) SWAP 1380/16384MB (cached 104MB) CPU [6%@729,1%@729,2%@729,2%@729,0%@1344,58%@1344] GR3D_FREQ 98% cpu@63.281C soc2@62.281C soc0@62.968C gpu@64.281C tj@64.281C soc1@62.031C VDD_IN 16740mW/17015mW VDD_CPU_GPU_CV 7273mW/7964mW VDD_SOC 4126mW/3949mW
08-11-2026 22:05:25 RAM 7146/7607MB (lfb 2x2MB) SWAP 1380/16384MB (cached 104MB) CPU [3%@729,4%@729,2%@729,2%@729,0%@729,54%@729] GR3D_FREQ 99% cpu@62.906C soc2@62.25C soc0@63.062C gpu@64.218C tj@64.218C soc1@62.062C VDD_IN 16295mW/17015mW VDD_CPU_GPU_CV 7520mW/7963mW VDD_SOC 3851mW/3949mW
08-11-2026 22:05:26 RAM 7146/7607MB (lfb 2x2MB) SWAP 1380/16384MB (cached 104MB) CPU [4%@1344,2%@1344,4%@1344,4%@1344,68%@729,0%@729] GR3D_FREQ 99% cpu@63.187C soc2@62.343C soc0@63C gpu@64.5C tj@64.5C soc1@62.093C VDD_IN 17447mW/17015mW VDD_CPU_GPU_CV 8290mW/7964mW VDD_SOC 4001mW/3949mW
08-11-2026 22:05:28 RAM 7146/7607MB (lfb 2x2MB) SWAP 1380/16384MB (cached 104MB) CPU [77%@1344,4%@1344,7%@1344,8%@1344,9%@729,2%@729] GR3D_FREQ 98% cpu@63C soc2@62.281C soc0@63C gpu@64.562C tj@64.562C soc1@61.968C VDD_IN 17565mW/17016mW VDD_CPU_GPU_CV 8627mW/7965mW VDD_SOC 3883mW/3949mW
08-11-2026 22:05:29 RAM 7146/7607MB (lfb 2x2MB) SWAP 1380/16384MB (cached 104MB) CPU [59%@1344,6%@1344,2%@1344,1%@1344,1%@729,0%@729] GR3D_FREQ 98% cpu@63.218C soc2@62.25C soc0@62.906C gpu@64.625C tj@64.937C soc1@61.968C VDD_IN 17447mW/17016mW VDD_CPU_GPU_CV 8510mW/7965mW VDD_SOC 3923mW/3949mW
08-11-2026 22:05:30 RAM 7146/7607MB (lfb 2x2MB) SWAP 1380/16384MB (cached 104MB) CPU [35%@1113,3%@1113,26%@1113,3%@1113,0%@729,0%@729] GR3D_FREQ 98% cpu@63.406C soc2@62.25C soc0@63.031C gpu@64.812C tj@64.812C soc1@62.062C VDD_IN 17368mW/17016mW VDD_CPU_GPU_CV 8329mW/7966mW VDD_SOC 3962mW/3949mW
08-11-2026 22:05:31 RAM 7146/7607MB (lfb 2x2MB) SWAP 1380/16384MB (cached 104MB) CPU [2%@1344,1%@1344,59%@1344,4%@1344,0%@729,0%@729] GR3D_FREQ 98% cpu@63.031C soc2@62.187C soc0@62.968C gpu@64.843C tj@64.843C soc1@62C VDD_IN 17172mW/17017mW VDD_CPU_GPU_CV 8016mW/7966mW VDD_SOC 4001mW/3949mW
08-11-2026 22:05:32 RAM 7146/7607MB (lfb 2x2MB) SWAP 1380/16384MB (cached 104MB) CPU [4%@729,4%@729,58%@729,2%@729,0%@729,0%@729] GR3D_FREQ 98% cpu@63.062C soc2@62.281C soc0@63.031C gpu@64.75C tj@64.75C soc1@61.968C VDD_IN 16897mW/17017mW VDD_CPU_GPU_CV 7586mW/7965mW VDD_SOC 4080mW/3949mW
08-11-2026 22:05:33 RAM 7148/7607MB (lfb 2x2MB) SWAP 1380/16384MB (cached 104MB) CPU [22%@1113,22%@1113,66%@1113,31%@1113,18%@1113,19%@1113] GR3D_FREQ 99% cpu@63.375C soc2@62.406C soc0@62.875C gpu@64.25C tj@64.25C soc1@61.906C VDD_IN 16975mW/17016mW VDD_CPU_GPU_CV 7429mW/7965mW VDD_SOC 4197mW/3950mW
08-11-2026 22:05:34 RAM 7148/7607MB (lfb 2x2MB) SWAP 1380/16384MB (cached 104MB) CPU [2%@729,2%@729,7%@729,1%@729,64%@729,2%@729] GR3D_FREQ 70% cpu@63.062C soc2@62.218C soc0@62.968C gpu@64C tj@64C soc1@62.031C VDD_IN 16452mW/17016mW VDD_CPU_GPU_CV 7676mW/7964mW VDD_SOC 3890mW/3950mW
08-11-2026 22:05:35 RAM 7148/7607MB (lfb 2x2MB) SWAP 1380/16384MB (cached 104MB) CPU [1%@729,3%@729,3%@729,1%@729,70%@1113,1%@1113] GR3D_FREQ 99% cpu@63.343C soc2@62.375C soc0@62.937C gpu@64.75C tj@64.75C soc1@62.062C VDD_IN 17772mW/17017mW VDD_CPU_GPU_CV 8627mW/7965mW VDD_SOC 4034mW/3950mW
08-11-2026 22:05:36 RAM 7149/7607MB (lfb 2x2MB) SWAP 1380/16384MB (cached 104MB) CPU [1%@729,2%@729,5%@729,2%@729,9%@1344,55%@1344] GR3D_FREQ 98% cpu@63.062C soc2@62.281C soc0@62.968C gpu@64.593C tj@64.593C soc1@62.125C VDD_IN 17486mW/17017mW VDD_CPU_GPU_CV 8510mW/7966mW VDD_SOC 3923mW/3950mW
08-11-2026 22:05:37 RAM 7149/7607MB (lfb 2x2MB) SWAP 1380/16384MB (cached 104MB) CPU [4%@729,2%@729,3%@729,1%@729,0%@1344,60%@1344] GR3D_FREQ 98% cpu@63.093C soc2@62.281C soc0@63.093C gpu@64.656C tj@64.656C soc1@61.968C VDD_IN 17447mW/17018mW VDD_CPU_GPU_CV 8393mW/7966mW VDD_SOC 3962mW/3950mW
08-11-2026 22:05:38 RAM 7149/7607MB (lfb 2x2MB) SWAP 1380/16384MB (cached 104MB) CPU [3%@729,2%@729,4%@729,5%@729,0%@1344,59%@1344] GR3D_FREQ 98% cpu@63.187C soc2@62.125C soc0@62.968C gpu@64.593C tj@64.593C soc1@61.906C VDD_IN 17329mW/17018mW VDD_CPU_GPU_CV 8211mW/7966mW VDD_SOC 3962mW/3950mW
08-11-2026 22:05:39 RAM 7151/7607MB (lfb 2x2MB) SWAP 1380/16384MB (cached 104MB) CPU [3%@729,21%@729,8%@729,10%@729,0%@1344,58%@1344] GR3D_FREQ 98% cpu@63.343C soc2@62.25C soc0@62.781C gpu@64.687C tj@64.687C soc1@62C VDD_IN 17172mW/17018mW VDD_CPU_GPU_CV 7938mW/7966mW VDD_SOC 4040mW/3950mW
08-11-2026 22:05:40 RAM 7152/7607MB (lfb 2x2MB) SWAP 1380/16384MB (cached 104MB) CPU [2%@729,2%@729,1%@729,2%@729,0%@1344,59%@1344] GR3D_FREQ 98% cpu@63.062C soc2@62.187C soc0@63C gpu@64.312C tj@64.312C soc1@62.031C VDD_IN 16897mW/17018mW VDD_CPU_GPU_CV 7507mW/7966mW VDD_SOC 4119mW/3950mW
08-11-2026 22:05:41 RAM 7150/7607MB (lfb 2x2MB) SWAP 1380/16384MB (cached 104MB) CPU [1%@729,2%@729,2%@729,5%@729,1%@729,55%@729] GR3D_FREQ 97% cpu@63.562C soc2@62.343C soc0@63.093C gpu@63.906C tj@63.906C soc1@62.125C VDD_IN 16491mW/17017mW VDD_CPU_GPU_CV 7285mW/7965mW VDD_SOC 4008mW/3950mW
08-11-2026 22:05:42 RAM 7149/7607MB (lfb 2x2MB) SWAP 1380/16384MB (cached 104MB) CPU [3%@729,2%@729,1%@729,4%@729,0%@729,66%@729] GR3D_FREQ 99% cpu@62.937C soc2@62.218C soc0@63.031C gpu@63.906C tj@63.906C soc1@61.968C VDD_IN 16700mW/17017mW VDD_CPU_GPU_CV 7859mW/7965mW VDD_SOC 3890mW/3950mW
08-11-2026 22:05:43 RAM 7149/7607MB (lfb 2x2MB) SWAP 1380/16384MB (cached 104MB) CPU [2%@729,4%@729,0%@729,4%@729,0%@729,70%@729] GR3D_FREQ 97% cpu@63.062C soc2@62.312C soc0@62.875C gpu@64.5C tj@64.5C soc1@62C VDD_IN 17447mW/17018mW VDD_CPU_GPU_CV 8485mW/7965mW VDD_SOC 3923mW/3950mW
08-11-2026 22:05:44 RAM 7152/7607MB (lfb 2x2MB) SWAP 1380/16384MB (cached 104MB) CPU [9%@729,4%@729,13%@729,11%@729,0%@1344,60%@1344] GR3D_FREQ 93% cpu@63.375C soc2@62.25C soc0@63.031C gpu@64.718C tj@64.718C soc1@61.968C VDD_IN 17604mW/17018mW VDD_CPU_GPU_CV 8602mW/7966mW VDD_SOC 3923mW/3950mW
08-11-2026 22:05:45 RAM 7152/7607MB (lfb 2x2MB) SWAP 1380/16384MB (cached 104MB) CPU [1%@729,3%@729,2%@729,8%@729,0%@1344,60%@1344] GR3D_FREQ 93% cpu@63.062C soc2@62.25C soc0@62.968C gpu@64.687C tj@64.687C soc1@62.031C VDD_IN 17368mW/17019mW VDD_CPU_GPU_CV 8329mW/7967mW VDD_SOC 3962mW/3950mW
08-11-2026 22:05:46 RAM 7153/7607MB (lfb 2x2MB) SWAP 1380/16384MB (cached 104MB) CPU [2%@729,2%@729,2%@729,4%@729,0%@1344,59%@1344] GR3D_FREQ 98% cpu@63.125C soc2@62.25C soc0@62.968C gpu@64.687C tj@64.687C soc1@61.906C VDD_IN 17290mW/17019mW VDD_CPU_GPU_CV 8094mW/7967mW VDD_SOC 4001mW/3950mW
08-11-2026 22:05:47 RAM 7153/7607MB (lfb 2x2MB) SWAP 1380/16384MB (cached 104MB) CPU [2%@729,1%@729,1%@729,4%@729,0%@1344,59%@1344] GR3D_FREQ 98% cpu@63.062C soc2@62.25C soc0@63C gpu@64.625C tj@64.625C soc1@61.937C VDD_IN 17054mW/17019mW VDD_CPU_GPU_CV 7781mW/7967mW VDD_SOC 4040mW/3950mW
08-11-2026 22:05:48 RAM 7154/7607MB (lfb 2x2MB) SWAP 1380/16384MB (cached 104MB) CPU [2%@729,2%@729,2%@729,5%@729,0%@1344,59%@1344] GR3D_FREQ 98% cpu@63.187C soc2@62.218C soc0@62.875C gpu@64.5C tj@64.5C soc1@61.968C VDD_IN 16779mW/17019mW VDD_CPU_GPU_CV 7312mW/7966mW VDD_SOC 4126mW/3950mW
08-11-2026 22:05:49 RAM 7154/7607MB (lfb 2x2MB) SWAP 1380/16384MB (cached 104MB) CPU [1%@729,3%@729,2%@729,5%@729,0%@729,57%@729] GR3D_FREQ 99% cpu@63.25C soc2@62.218C soc0@63.062C gpu@64.312C tj@64.312C soc1@62.062C VDD_IN 16334mW/17018mW VDD_CPU_GPU_CV 7559mW/7965mW VDD_SOC 3851mW/3950mW
08-11-2026 22:05:50 RAM 7155/7607MB (lfb 2x2MB) SWAP 1380/16384MB (cached 104MB) CPU [5%@729,19%@729,9%@729,2%@729,1%@729,69%@729] GR3D_FREQ 99% cpu@62.875C soc2@62.281C soc0@63C gpu@64.593C tj@64.593C soc1@62.156C VDD_IN 17447mW/17018mW VDD_CPU_GPU_CV 8315mW/7966mW VDD_SOC 4001mW/3950mW
08-11-2026 22:05:51 RAM 7156/7607MB (lfb 2x2MB) SWAP 1380/16384MB (cached 104MB) CPU [6%@729,1%@729,3%@729,3%@729,0%@1344,71%@1344] GR3D_FREQ 98% cpu@63.125C soc2@62.343C soc0@63.093C gpu@64.625C tj@64.625C soc1@61.968C VDD_IN 17565mW/17019mW VDD_CPU_GPU_CV 8627mW/7966mW VDD_SOC 3923mW/3950mW
08-11-2026 22:05:52 RAM 7157/7607MB (lfb 2x2MB) SWAP 1380/16384MB (cached 104MB) CPU [2%@729,3%@729,1%@729,6%@729,1%@1113,58%@1113] GR3D_FREQ 98% cpu@63.281C soc2@62.25C soc0@62.875C gpu@64.562C tj@64.562C soc1@61.937C VDD_IN 17486mW/17020mW VDD_CPU_GPU_CV 8510mW/7967mW VDD_SOC 3923mW/3950mW
08-11-2026 22:05:53 RAM 7157/7607MB (lfb 2x2MB) SWAP 1380/16384MB (cached 104MB) CPU [0%@729,3%@729,4%@729,2%@729,0%@960,58%@960] GR3D_FREQ 98% cpu@63.125C soc2@62.25C soc0@62.937C gpu@64.437C tj@64.437C soc1@61.968C VDD_IN 17408mW/17020mW VDD_CPU_GPU_CV 8315mW/7967mW VDD_SOC 3962mW/3950mW
08-11-2026 22:05:54 RAM 7157/7607MB (lfb 2x2MB) SWAP 1380/16384MB (cached 104MB) CPU [1%@729,2%@729,5%@729,2%@729,0%@729,58%@729] GR3D_FREQ 98% cpu@63.218C soc2@62.218C soc0@63C gpu@64.718C tj@64.718C soc1@62.062C VDD_IN 17172mW/17020mW VDD_CPU_GPU_CV 8016mW/7967mW VDD_SOC 4001mW/3950mW
08-11-2026 22:05:55 RAM 7155/7607MB (lfb 2x2MB) SWAP 1380/16384MB (cached 104MB) CPU [7%@729,6%@729,10%@729,16%@729,0%@729,58%@729] GR3D_FREQ 98% cpu@62.937C soc2@62.25C soc0@63C gpu@64.625C tj@64.625C soc1@62.031C VDD_IN 17093mW/17020mW VDD_CPU_GPU_CV 7742mW/7967mW VDD_SOC 4080mW/3950mW
08-11-2026 22:05:56 RAM 7157/7607MB (lfb 2x2MB) SWAP 1380/16384MB (cached 104MB) CPU [9%@729,2%@729,3%@729,3%@729,0%@1190,59%@1190] GR3D_FREQ 99% cpu@63.281C soc2@62.156C soc0@62.968C gpu@64.281C tj@64.281C soc1@61.906C VDD_IN 16661mW/17020mW VDD_CPU_GPU_CV 7089mW/7966mW VDD_SOC 4165mW/3951mW
08-11-2026 22:05:57 RAM 7157/7607MB (lfb 2x2MB) SWAP 1380/16384MB (cached 104MB) CPU [3%@729,1%@729,1%@729,6%@729,0%@729,62%@729] GR3D_FREQ 84% cpu@63.093C soc2@62.187C soc0@62.906C gpu@64.406C tj@64.406C soc1@61.875C VDD_IN 16373mW/17019mW VDD_CPU_GPU_CV 7559mW/7966mW VDD_SOC 3890mW/3951mW
08-11-2026 22:05:58 RAM 7157/7607MB (lfb 2x2MB) SWAP 1380/16384MB (cached 104MB) CPU [2%@729,2%@729,1%@729,4%@729,0%@729,69%@729] GR3D_FREQ 96% cpu@63.062C soc2@62.218C soc0@62.968C gpu@64.593C tj@64.593C soc1@61.968C VDD_IN 17732mW/17020mW VDD_CPU_GPU_CV 8549mW/7966mW VDD_SOC 4040mW/3951mW
08-11-2026 22:05:59 RAM 7157/7607MB (lfb 2x2MB) SWAP 1380/16384MB (cached 104MB) CPU [2%@729,4%@729,2%@729,5%@729,0%@1344,65%@1344] GR3D_FREQ 98% cpu@63.25C soc2@62.218C soc0@62.968C gpu@64.531C tj@64.531C soc1@62.031C VDD_IN 17526mW/17020mW VDD_CPU_GPU_CV 8524mW/7967mW VDD_SOC 3923mW/3951mW
08-11-2026 22:06:00 RAM 7158/7607MB (lfb 2x2MB) SWAP 1380/16384MB (cached 104MB) CPU [1%@729,5%@729,2%@729,1%@729,0%@1344,60%@1344] GR3D_FREQ 98% cpu@63.062C soc2@62.218C soc0@62.906C gpu@64.656C tj@64.656C soc1@61.937C VDD_IN 17447mW/17021mW VDD_CPU_GPU_CV 8446mW/7968mW VDD_SOC 3923mW/3951mW
08-11-2026 22:06:01 RAM 7008/7607MB (lfb 2x4MB) SWAP 1380/16384MB (cached 104MB) CPU [20%@729,8%@729,12%@729,15%@729,25%@1344,35%@1344] GR3D_FREQ 0% cpu@62.343C soc2@61.625C soc0@62.718C gpu@62.375C tj@62.718C soc1@61.843C VDD_IN 9459mW/17013mW VDD_CPU_GPU_CV 2971mW/7962mW VDD_SOC 2698mW/3949mW
08-11-2026 22:06:02 RAM 4312/7607MB (lfb 120x4MB) SWAP 1380/16384MB (cached 104MB) CPU [3%@1344,4%@1344,1%@1344,51%@1344,29%@729,4%@729] GR3D_FREQ 0% cpu@62.093C soc2@61C soc0@62.343C gpu@61.437C tj@62.343C soc1@61.593C VDD_IN 6140mW/17001mW VDD_CPU_GPU_CV 1234mW/7955mW VDD_SOC 1634mW/3947mW
