timestamp,ram_used_mb,ram_total_mb,swap_used_mb,swap_total_mb,cpu_mean_pct,gr3d_pct,power_total_mW,power_total_source,power_sum_rails_mW,VDD_CPU_GPU_CV_avg_mW,VDD_CPU_GPU_CV_mW,VDD_IN_avg_mW,VDD_IN_mW,VDD_SOC_avg_mW,VDD_SOC_mW,cpu0_pct,cpu1_pct,cpu2_pct,cpu3_pct,cpu4_pct,cpu5_pct,temp_cpu_C,temp_gpu_C,temp_soc0_C,temp_soc1_C,temp_soc2_C,temp_tj_C
08-11-2026 23:12:11,2023,7607,1424,16384,1.3333333333333333,32.0,5176,VDD_IN,7302,642,642,5176,5176,1484,1484,2.0,2.0,1.0,3.0,0.0,0.0,57.156,56.625,57.625,57.343,56.093,57.625
08-11-2026 23:12:12,2309,7607,1424,16384,21.166666666666668,32.0,6000,VDD_IN,8675,900,1158,5588,6000,1501,1517,10.0,11.0,20.0,70.0,8.0,8.0,57.187,56.468,57.5,57.156,56.093,57.5
08-11-2026 23:12:13,3091,7607,1424,16384,53.833333333333336,7.0,6789,VDD_IN,10180,1211,1834,5988,6789,1519,1557,53.0,53.0,59.0,51.0,52.0,55.0,57.218,56.375,57.281,57.0,55.937,57.281
08-11-2026 23:12:14,4060,7607,1424,16384,44.0,1.0,6789,VDD_IN,10097,1327,1674,6189,6789,1548,1634,36.0,38.0,41.0,72.0,37.0,40.0,57.125,56.375,57.25,56.968,55.875,57.25
08-11-2026 23:12:15,5162,7607,1424,16384,16.166666666666668,98.0,12241,VDD_IN,20453,2197,5677,7399,12241,1745,2535,3.0,2.0,0.0,91.0,0.0,1.0,57.406,58.031,57.281,56.906,56.25,58.343
08-11-2026 23:12:16,5708,7607,1424,16384,15.333333333333334,99.0,13091,VDD_IN,21378,2751,5519,8348,13091,1916,2768,7.0,2.0,2.0,73.0,8.0,0.0,57.75,58.218,57.468,57.0,56.531,58.218
08-11-2026 23:12:17,5708,7607,1424,16384,14.5,99.0,16084,VDD_IN,27316,3428,7493,9453,16084,2176,3739,4.0,1.0,4.0,75.0,1.0,2.0,57.75,59.0,57.718,57.062,56.906,59.0
08-11-2026 23:12:18,5714,7607,1424,16384,18.5,99.0,16728,VDD_IN,28607,4008,8068,10362,16728,2381,3811,7.0,4.0,10.0,87.0,2.0,1.0,58.375,59.0,57.843,57.156,57.062,59.0
08-11-2026 23:12:19,5714,7607,1424,16384,16.666666666666668,97.0,17329,VDD_IN,29743,4514,8563,11136,17329,2544,3851,11.0,3.0,3.0,7.0,76.0,0.0,58.312,59.562,58.062,57.281,57.25,59.562
08-11-2026 23:12:20,5714,7607,1424,16384,15.333333333333334,98.0,17408,VDD_IN,29822,4919,8563,11764,17408,2675,3851,2.0,2.0,3.0,4.0,81.0,0.0,58.281,59.75,58.031,57.406,57.406,59.75
08-11-2026 23:12:21,5715,7607,1424,16384,13.666666666666666,97.0,17368,VDD_IN,29704,5243,8485,12273,17368,2782,3851,1.0,1.0,1.0,4.0,75.0,0.0,58.656,59.875,58.187,57.468,57.437,59.875
08-11-2026 23:12:22,5715,7607,1424,16384,14.166666666666666,97.0,17357,VDD_IN,29628,5505,8381,12697,17357,2874,3890,2.0,0.0,2.0,3.0,76.0,2.0,58.375,59.687,58.25,57.343,57.562,59.687
08-11-2026 23:12:23,5715,7607,1424,16384,14.166666666666666,97.0,17239,VDD_IN,29379,5716,8250,13046,17239,2952,3890,2.0,2.0,1.0,3.0,74.0,3.0,58.5,59.781,58.187,57.468,57.593,59.781
08-11-2026 23:12:24,5717,7607,1424,16384,18.5,97.0,17160,VDD_IN,29196,5887,8107,13340,17160,3022,3929,7.0,47.0,17.0,6.0,34.0,0.0,58.812,59.75,58.406,57.468,57.718,59.75
08-11-2026 23:12:25,5717,7607,1424,16384,14.0,97.0,17042,VDD_IN,28882,6019,7872,13587,17042,3085,3968,3.0,75.0,1.0,5.0,0.0,0.0,58.562,59.968,58.375,57.718,57.812,59.968
08-11-2026 23:12:26,5718,7607,1424,16384,14.833333333333334,97.0,16885,VDD_IN,28491,6118,7598,13793,16885,3143,4008,4.0,13.0,4.0,3.0,65.0,0.0,58.937,59.906,58.531,57.875,57.812,59.906
08-11-2026 23:12:27,5718,7607,1424,16384,14.5,98.0,16649,VDD_IN,27902,6179,7167,13961,16649,3198,4086,2.0,5.0,3.0,2.0,75.0,0.0,58.812,59.718,58.656,57.718,57.843,59.718
08-11-2026 23:12:28,5719,7607,1424,16384,14.166666666666666,99.0,16255,VDD_IN,27592,6254,7520,14088,16255,3233,3817,3.0,3.0,2.0,2.0,74.0,1.0,58.718,59.906,58.625,57.718,57.875,60.187
08-11-2026 23:12:29,5719,7607,1424,16384,19.666666666666668,99.0,16806,VDD_IN,28724,6351,8107,14231,16806,3263,3811,7.0,12.0,7.0,9.0,83.0,0.0,59.125,60.093,58.812,57.843,58.187,60.093
08-11-2026 23:12:30,5719,7607,1424,16384,16.0,97.0,17408,VDD_IN,29900,6466,8641,14390,17408,3292,3851,3.0,2.0,1.0,5.0,85.0,0.0,58.75,60.625,58.718,58.031,58.0,60.625
08-11-2026 23:12:31,5720,7607,1424,16384,15.5,97.0,17408,VDD_IN,29900,6568,8602,14534,17408,3321,3890,3.0,1.0,2.0,5.0,82.0,0.0,59.187,60.218,58.812,58.062,58.125,60.218
08-11-2026 23:12:32,5720,7607,1424,16384,13.833333333333334,98.0,17408,VDD_IN,29783,6657,8524,14665,17408,3345,3851,3.0,0.0,2.0,4.0,3.0,71.0,59.125,60.25,58.937,57.968,58.093,60.25
08-11-2026 23:12:33,5720,7607,1424,16384,14.5,97.0,17250,VDD_IN,29547,6733,8407,14777,17250,3369,3890,3.0,3.0,2.0,5.0,0.0,74.0,59.218,60.5,58.781,58.031,58.156,60.5
08-11-2026 23:12:34,5721,7607,1424,16384,14.5,97.0,17279,VDD_IN,29472,6797,8264,14881,17279,3392,3929,5.0,4.0,2.0,1.0,0.0,75.0,59.375,60.531,59.0,58.125,58.281,60.531
08-11-2026 23:12:35,5723,7607,1424,16384,19.0,97.0,17200,VDD_IN,29223,6848,8094,14974,17200,3413,3929,16.0,7.0,3.0,7.0,6.0,75.0,59.312,60.5,59.031,58.281,58.281,60.5
08-11-2026 23:12:36,5723,7607,1424,16384,14.333333333333334,97.0,17003,VDD_IN,28844,6886,7833,15052,17003,3436,4008,5.0,1.0,1.0,3.0,0.0,76.0,59.312,60.562,59.093,58.343,58.312,60.562
08-11-2026 23:12:37,5724,7607,1424,16384,15.0,97.0,16846,VDD_IN,28413,6910,7520,15118,16846,3459,4047,2.0,7.0,3.0,3.0,0.0,75.0,59.468,60.656,59.125,58.281,58.343,60.656
08-11-2026 23:12:38,5724,7607,1424,16384,14.333333333333334,99.0,16491,VDD_IN,27667,6915,7050,15167,16491,3483,4126,2.0,2.0,2.0,6.0,0.0,74.0,59.625,59.906,59.156,58.312,58.437,60.031
08-11-2026 23:12:39,5725,7607,1424,16384,14.666666666666666,99.0,16295,VDD_IN,27788,6941,7676,15206,16295,3494,3817,2.0,2.0,2.0,5.0,1.0,76.0,59.468,60.468,59.25,58.437,58.406,60.468
08-11-2026 23:12:40,5723,7607,1424,16384,20.333333333333332,99.0,17082,VDD_IN,29183,6985,8250,15269,17082,3506,3851,4.0,19.0,5.0,8.0,2.0,84.0,59.406,60.281,59.343,58.468,58.718,60.281
08-11-2026 23:12:41,5725,7607,1424,16384,15.5,98.0,17408,VDD_IN,29815,7036,8563,15338,17408,3517,3844,77.0,2.0,3.0,2.0,0.0,9.0,59.531,60.656,59.406,58.375,58.75,60.656
08-11-2026 23:12:42,5725,7607,1424,16384,15.166666666666666,97.0,17486,VDD_IN,29932,7083,8563,15405,17486,3529,3883,12.0,2.0,2.0,5.0,70.0,0.0,59.5,60.906,59.312,58.437,58.593,60.906
08-11-2026 23:12:43,5726,7607,1424,16384,14.333333333333334,97.0,17408,VDD_IN,29815,7127,8524,15466,17408,3539,3883,6.0,1.0,2.0,2.0,75.0,0.0,59.781,60.875,59.406,58.5,58.687,60.875
08-11-2026 23:12:44,5725,7607,1424,16384,13.666666666666666,97.0,17290,VDD_IN,29587,7163,8368,15519,17290,3551,3929,1.0,1.0,2.0,0.0,75.0,3.0,59.781,61.031,59.5,58.593,58.781,61.031
08-11-2026 23:12:45,5725,7607,1424,16384,14.5,97.0,17211,VDD_IN,29390,7194,8250,15568,17211,3562,3929,4.0,1.0,3.0,5.0,74.0,0.0,59.5,61.093,59.5,58.718,58.718,61.093
08-11-2026 23:12:46,5728,7607,1424,16384,18.333333333333332,97.0,17279,VDD_IN,29380,7221,8133,15615,17279,3573,3968,30.0,6.0,3.0,20.0,51.0,0.0,59.656,61.062,59.656,58.531,58.875,61.062
08-11-2026 23:12:47,5728,7607,1424,16384,14.5,98.0,16964,VDD_IN,28727,7235,7755,15652,16964,3585,4008,2.0,3.0,3.0,3.0,76.0,0.0,59.812,61.156,59.593,58.625,58.781,61.156
08-11-2026 23:12:48,5729,7607,1424,16384,14.833333333333334,97.0,16728,VDD_IN,28216,7240,7441,15680,16728,3597,4047,2.0,8.0,3.0,2.0,74.0,0.0,60.0,61.125,59.625,58.656,58.781,61.125
08-11-2026 23:12:49,5729,7607,1424,16384,14.666666666666666,99.0,16491,VDD_IN,27744,7240,7206,15701,16491,3608,4047,3.0,3.0,2.0,6.0,74.0,0.0,60.156,60.437,59.656,58.812,59.031,60.437
08-11-2026 23:12:50,5730,7607,1424,16384,15.333333333333334,57.0,16255,VDD_IN,27683,7249,7611,15715,16255,3614,3817,5.0,3.0,1.0,4.0,79.0,0.0,60.156,60.75,59.718,58.843,58.906,60.75
08-11-2026 23:12:51,5728,7607,1424,16384,19.666666666666668,99.0,17526,VDD_IN,30012,7281,8563,15759,17526,3621,3923,3.0,18.0,9.0,4.0,84.0,0.0,59.906,61.187,59.843,58.781,59.093,61.187
08-11-2026 23:12:52,5729,7607,1424,16384,16.0,97.0,17526,VDD_IN,30051,7314,8681,15801,17526,3626,3844,4.0,0.0,2.0,4.0,86.0,0.0,59.968,61.375,59.687,58.781,59.093,61.375
08-11-2026 23:12:53,5730,7607,1424,16384,13.833333333333334,97.0,17447,VDD_IN,29893,7343,8563,15839,17447,3632,3883,2.0,69.0,1.0,4.0,7.0,0.0,60.156,61.375,59.812,58.875,59.093,61.375
08-11-2026 23:12:54,5730,7607,1424,16384,14.333333333333334,97.0,17408,VDD_IN,29822,7370,8524,15875,17408,3638,3890,2.0,76.0,2.0,2.0,0.0,4.0,60.156,61.437,59.906,58.968,59.187,61.437
08-11-2026 23:12:55,5731,7607,1424,16384,14.0,97.0,17329,VDD_IN,29587,7391,8329,15907,17329,3645,3929,2.0,75.0,2.0,2.0,0.0,3.0,60.187,61.312,59.968,59.093,59.25,61.312
08-11-2026 23:12:56,5732,7607,1424,16384,14.333333333333334,97.0,17318,VDD_IN,29458,7408,8172,15938,17318,3652,3968,4.0,75.0,6.0,1.0,0.0,0.0,60.062,61.406,59.937,58.937,59.25,61.406
08-11-2026 23:12:57,5733,7607,1424,16384,17.833333333333332,97.0,17239,VDD_IN,29262,7422,8055,15966,17239,3658,3968,16.0,75.0,6.0,4.0,4.0,2.0,60.031,61.5,59.812,58.968,59.25,61.343
08-11-2026 23:12:58,5733,7607,1424,16384,13.666666666666666,98.0,17003,VDD_IN,28766,7428,7716,15987,17003,3667,4047,2.0,76.0,1.0,1.0,0.0,2.0,60.093,61.25,59.875,59.062,59.281,61.25
08-11-2026 23:12:59,5734,7607,1424,16384,14.666666666666666,97.0,16885,VDD_IN,28491,7430,7520,16005,16885,3675,4086,2.0,76.0,2.0,1.0,7.0,0.0,60.281,61.312,60.0,59.218,59.25,61.312
08-11-2026 23:13:00,5735,7607,1424,16384,14.333333333333334,99.0,16570,VDD_IN,27902,7427,7285,16017,16570,3683,4047,3.0,75.0,4.0,2.0,0.0,2.0,60.656,60.906,60.093,59.187,59.468,60.906
08-11-2026 23:13:01,5735,7607,1424,16384,14.5,50.0,16373,VDD_IN,27860,7432,7676,16024,16373,3685,3811,0.0,79.0,2.0,1.0,4.0,1.0,60.093,61.25,60.156,59.125,59.281,61.25
08-11-2026 23:13:02,5736,7607,1424,16384,20.5,99.0,17447,VDD_IN,29854,7453,8524,16051,17447,3689,3883,6.0,14.0,19.0,6.0,77.0,1.0,60.156,61.593,60.343,59.218,59.5,61.593
08-11-2026 23:13:03,5736,7607,1424,16384,15.833333333333334,97.0,17526,VDD_IN,30090,7477,8720,16079,17526,3692,3844,2.0,2.0,2.0,3.0,86.0,0.0,60.281,61.562,60.187,59.281,59.468,61.562
08-11-2026 23:13:04,5737,7607,1424,16384,14.666666666666666,97.0,17486,VDD_IN,29971,7498,8602,16105,17486,3695,3883,5.0,1.0,2.0,3.0,77.0,0.0,60.437,61.875,60.218,59.281,59.406,61.875
08-11-2026 23:13:05,5737,7607,1424,16384,14.0,98.0,17408,VDD_IN,29815,7516,8524,16129,17408,3699,3883,4.0,3.0,1.0,1.0,75.0,0.0,60.687,61.843,60.281,59.343,59.5,61.843
08-11-2026 23:13:06,5737,7607,1424,16384,14.5,97.0,17329,VDD_IN,29587,7531,8329,16150,17329,3703,3929,6.0,3.0,2.0,1.0,75.0,0.0,60.281,61.843,60.312,59.281,59.468,61.843
08-11-2026 23:13:07,5737,7607,1424,16384,14.666666666666666,97.0,17290,VDD_IN,29508,7544,8250,16170,17290,3707,3968,2.0,1.0,4.0,10.0,69.0,2.0,60.375,61.906,60.343,59.281,59.468,61.906
08-11-2026 23:13:08,5739,7607,1424,16384,18.333333333333332,97.0,17172,VDD_IN,29195,7552,8055,16187,17172,3712,3968,6.0,18.0,8.0,2.0,75.0,1.0,60.5,61.968,60.25,59.375,59.562,61.968
08-11-2026 23:13:09,5739,7607,1424,16384,14.5,97.0,17003,VDD_IN,28805,7556,7755,16201,17003,3718,4047,2.0,6.0,3.0,2.0,74.0,0.0,60.437,61.656,60.218,59.5,59.593,61.656
08-11-2026 23:13:10,5739,7607,1424,16384,15.0,97.0,16767,VDD_IN,28255,7553,7402,16211,16767,3724,4086,3.0,6.0,2.0,5.0,74.0,0.0,60.843,61.687,60.375,59.531,59.562,61.687
08-11-2026 23:13:11,5740,7607,1424,16384,14.333333333333334,99.0,16531,VDD_IN,27902,7550,7324,16216,16531,3729,4047,3.0,1.0,5.0,1.0,69.0,7.0,60.687,61.093,60.468,59.406,59.718,61.093
08-11-2026 23:13:12,5741,7607,1424,16384,15.333333333333334,51.0,16413,VDD_IN,27901,7551,7637,16219,16413,3731,3851,3.0,1.0,5.0,3.0,0.0,80.0,60.437,61.531,60.562,59.437,59.531,61.531
08-11-2026 23:13:13,5740,7607,1424,16384,20.333333333333332,99.0,17565,VDD_IN,30051,7567,8563,16240,17565,3734,3923,12.0,6.0,11.0,9.0,0.0,84.0,60.843,61.937,60.375,59.5,59.75,61.937
08-11-2026 23:13:14,5741,7607,1424,16384,15.666666666666666,97.0,17565,VDD_IN,30168,7585,8720,16261,17565,3736,3883,2.0,0.0,2.0,4.0,0.0,86.0,60.656,62.031,60.531,59.5,59.718,62.031
08-11-2026 23:13:15,5742,7607,1424,16384,14.5,99.0,17486,VDD_IN,29932,7600,8563,16280,17486,3739,3883,3.0,2.0,3.0,3.0,0.0,76.0,61.031,62.281,60.593,59.687,59.718,62.281
08-11-2026 23:13:16,5742,7607,1424,16384,14.666666666666666,97.0,17447,VDD_IN,29815,7613,8485,16298,17447,3741,3883,3.0,5.0,2.0,3.0,0.0,75.0,60.781,62.312,60.656,59.468,59.75,62.312
08-11-2026 23:13:17,5743,7607,1424,16384,14.333333333333334,97.0,17368,VDD_IN,29698,7625,8407,16314,17368,3744,3923,2.0,6.0,2.0,2.0,0.0,74.0,60.781,62.375,60.5,59.593,59.843,62.375
08-11-2026 23:13:18,5742,7607,1424,16384,14.0,98.0,17211,VDD_IN,29312,7633,8133,16327,17211,3747,3968,3.0,5.0,1.0,0.0,0.0,75.0,61.093,62.25,60.531,59.625,59.812,62.25
08-11-2026 23:13:19,5743,7607,1424,16384,18.666666666666668,97.0,17133,VDD_IN,29157,7638,8016,16339,17133,3751,4008,7.0,3.0,20.0,8.0,0.0,74.0,60.718,61.875,60.562,59.718,59.781,61.875
08-11-2026 23:13:20,5744,7607,1424,16384,14.666666666666666,97.0,16924,VDD_IN,28608,7638,7637,16347,16924,3755,4047,4.0,2.0,3.0,5.0,0.0,74.0,60.875,62.031,60.656,59.593,59.843,62.031
08-11-2026 23:13:21,5744,7607,1424,16384,14.833333333333334,98.0,16806,VDD_IN,28256,7634,7324,16353,16806,3760,4126,2.0,2.0,2.0,8.0,0.0,75.0,60.937,61.875,60.656,59.625,59.968,61.875
08-11-2026 23:13:22,5745,7607,1424,16384,14.333333333333334,99.0,16491,VDD_IN,27979,7633,7559,16355,16491,3762,3929,3.0,0.0,2.0,5.0,0.0,76.0,60.906,61.687,60.625,59.687,59.906,61.687
08-11-2026 23:13:23,5745,7607,1424,16384,15.833333333333334,99.0,16649,VDD_IN,28372,7636,7872,16359,16649,3764,3851,2.0,3.0,2.0,6.0,0.0,82.0,61.125,61.812,60.687,59.781,59.875,61.812
08-11-2026 23:13:24,5745,7607,1424,16384,20.5,99.0,17801,VDD_IN,30561,7652,8798,16379,17801,3766,3962,5.0,7.0,16.0,10.0,0.0,85.0,60.906,62.312,60.656,59.875,59.906,62.062
08-11-2026 23:13:25,5745,7607,1424,16384,15.333333333333334,97.0,17604,VDD_IN,30168,7666,8681,16395,17604,3768,3883,1.0,1.0,2.0,5.0,0.0,83.0,60.906,62.187,60.843,59.718,60.0,62.187
08-11-2026 23:13:26,5746,7607,1424,16384,14.333333333333334,97.0,17447,VDD_IN,29854,7677,8524,16409,17447,3769,3883,3.0,1.0,1.0,5.0,0.0,76.0,61.0,62.125,60.656,59.75,59.906,62.125
08-11-2026 23:13:27,5746,7607,1424,16384,14.5,98.0,17486,VDD_IN,29894,7687,8485,16423,17486,3771,3923,5.0,2.0,2.0,3.0,0.0,75.0,60.968,62.125,60.656,59.812,59.968,62.125
08-11-2026 23:13:28,5747,7607,1424,16384,14.166666666666666,97.0,17368,VDD_IN,29659,7696,8368,16435,17368,3773,3923,1.0,2.0,2.0,5.0,0.0,75.0,61.156,62.312,60.718,59.812,60.031,62.312
08-11-2026 23:13:29,5747,7607,1424,16384,14.166666666666666,97.0,17279,VDD_IN,29341,7701,8094,16446,17279,3776,3968,2.0,2.0,2.0,5.0,0.0,74.0,60.968,62.187,60.812,59.906,60.062,62.187
08-11-2026 23:13:30,5748,7607,1424,16384,18.166666666666668,97.0,17172,VDD_IN,29157,7705,7977,16455,17172,3779,4008,2.0,6.0,10.0,16.0,0.0,75.0,61.031,62.437,60.906,59.781,60.062,62.437
08-11-2026 23:13:31,5749,7607,1424,16384,14.333333333333334,97.0,16924,VDD_IN,28608,7704,7637,16461,16924,3782,4047,2.0,8.0,2.0,1.0,0.0,73.0,61.218,62.312,60.937,59.906,60.031,62.312
08-11-2026 23:13:32,5749,7607,1424,16384,15.0,97.0,16806,VDD_IN,28295,7700,7363,16465,16806,3786,4126,2.0,6.0,2.0,4.0,0.0,76.0,61.156,62.25,60.875,59.875,60.093,62.25
08-11-2026 23:13:33,5750,7607,1424,16384,14.166666666666666,99.0,16491,VDD_IN,27940,7697,7520,16465,16491,3788,3929,4.0,2.0,3.0,0.0,0.0,76.0,61.218,62.093,60.875,59.968,60.187,62.093
08-11-2026 23:13:34,5750,7607,1424,16384,15.5,99.0,16688,VDD_IN,28450,7700,7911,16468,16688,3789,3851,2.0,2.0,6.0,1.0,0.0,82.0,60.968,62.125,60.906,60.062,60.125,62.125
08-11-2026 23:13:35,5750,7607,1424,16384,20.333333333333332,99.0,17801,VDD_IN,30561,7713,8798,16483,17801,3791,3962,4.0,10.0,5.0,18.0,0.0,85.0,61.125,62.687,61.031,59.906,60.156,62.406
08-11-2026 23:13:36,5750,7607,1424,16384,16.0,97.0,17643,VDD_IN,30246,7725,8720,16497,17643,3792,3883,4.0,1.0,2.0,5.0,0.0,84.0,61.281,62.437,60.906,59.906,60.156,62.437
08-11-2026 23:13:37,5751,7607,1424,16384,14.0,98.0,17486,VDD_IN,29972,7734,8563,16508,17486,3793,3923,3.0,2.0,1.0,3.0,0.0,75.0,61.218,62.375,60.937,60.0,60.156,62.375
08-11-2026 23:13:38,5749,7607,1424,16384,14.166666666666666,97.0,17486,VDD_IN,29894,7743,8485,16519,17486,3795,3923,2.0,2.0,2.0,4.0,0.0,75.0,61.375,62.5,60.906,60.062,60.187,62.5
08-11-2026 23:13:39,5750,7607,1424,16384,14.666666666666666,97.0,17447,VDD_IN,29777,7750,8407,16530,17447,3796,3923,5.0,3.0,4.0,1.0,0.0,75.0,61.125,62.5,61.031,60.062,60.218,62.5
08-11-2026 23:13:40,5750,7607,1424,16384,14.0,98.0,17329,VDD_IN,29541,7755,8211,16539,17329,3799,4001,1.0,1.0,5.0,2.0,0.0,75.0,61.281,62.5,61.125,60.0,60.281,62.812
08-11-2026 23:13:41,5751,7607,1424,16384,18.333333333333332,97.0,17211,VDD_IN,29235,7758,8016,16546,17211,3801,4008,5.0,7.0,7.0,17.0,0.0,74.0,61.343,62.843,61.031,60.062,60.218,62.843
08-11-2026 23:13:42,5752,7607,1424,16384,15.0,97.0,17003,VDD_IN,28766,7758,7716,16551,17003,3804,4047,3.0,2.0,2.0,8.0,0.0,75.0,61.531,62.75,60.906,60.125,60.25,62.75
08-11-2026 23:13:43,5752,7607,1424,16384,14.333333333333334,97.0,16806,VDD_IN,28295,7753,7363,16554,16806,3807,4126,2.0,1.0,2.0,5.0,0.0,76.0,61.5,62.781,61.0,60.156,60.343,62.781
08-11-2026 23:13:44,5753,7607,1424,16384,13.5,99.0,16570,VDD_IN,28019,7750,7441,16554,16570,3809,4008,1.0,1.0,3.0,1.0,0.0,75.0,61.25,61.875,61.125,60.031,60.5,61.875
08-11-2026 23:13:45,5753,7607,1424,16384,15.333333333333334,42.0,16413,VDD_IN,27900,7749,7676,16553,16413,3809,3811,6.0,2.0,1.0,2.0,0.0,81.0,61.125,61.906,61.187,60.0,60.343,61.906
08-11-2026 23:13:46,5751,7607,1424,16384,20.666666666666668,98.0,17761,VDD_IN,30443,7759,8681,16565,17761,3811,4001,5.0,9.0,18.0,7.0,0.0,85.0,61.375,62.812,61.125,60.125,60.5,62.812
08-11-2026 23:13:47,5752,7607,1424,16384,15.833333333333334,97.0,17604,VDD_IN,30246,7769,8759,16576,17604,3812,3883,5.0,1.0,2.0,2.0,0.0,85.0,61.625,62.75,61.125,60.187,60.437,62.75
08-11-2026 23:13:48,5753,7607,1424,16384,14.0,98.0,17526,VDD_IN,30012,7777,8563,16586,17526,3813,3923,2.0,1.0,1.0,0.0,4.0,76.0,61.375,62.687,61.156,60.218,60.406,62.687
08-11-2026 23:13:49,5754,7607,1424,16384,14.666666666666666,97.0,17526,VDD_IN,29973,7785,8524,16595,17526,3814,3923,2.0,5.0,4.0,2.0,0.0,75.0,61.281,62.75,61.156,60.187,60.406,62.75
08-11-2026 23:13:50,5754,7607,1424,16384,14.166666666666666,97.0,17486,VDD_IN,29855,7792,8446,16604,17486,3815,3923,3.0,2.0,4.0,1.0,0.0,75.0,61.375,62.843,61.25,60.125,60.343,62.843
08-11-2026 23:13:51,5754,7607,1424,16384,14.166666666666666,97.0,17290,VDD_IN,29469,7796,8211,16611,17290,3817,3968,3.0,3.0,3.0,2.0,0.0,74.0,61.468,62.593,61.062,60.156,60.437,62.593
08-11-2026 23:13:52,5754,7607,1424,16384,19.333333333333332,97.0,17250,VDD_IN,29352,7799,8094,16617,17250,3819,4008,13.0,6.0,11.0,12.0,0.0,74.0,61.656,62.531,61.187,60.25,60.406,62.531
08-11-2026 23:13:53,5755,7607,1424,16384,14.0,98.0,17042,VDD_IN,28844,7798,7755,16621,17042,3821,4047,3.0,4.0,2.0,0.0,0.0,75.0,61.406,62.5,61.312,60.281,60.437,62.5
08-11-2026 23:13:54,5755,7607,1424,16384,14.166666666666666,98.0,16846,VDD_IN,28373,7795,7441,16623,16846,3823,4086,4.0,0.0,5.0,1.0,0.0,75.0,61.468,62.468,61.281,60.218,60.437,62.468
08-11-2026 23:13:55,5756,7607,1424,16384,14.0,99.0,16491,VDD_IN,27823,7790,7324,16622,16491,3825,4008,2.0,2.0,4.0,1.0,0.0,75.0,61.437,62.062,61.187,60.218,60.5,62.218
08-11-2026 23:13:56,5757,7607,1424,16384,15.666666666666666,49.0,16570,VDD_IN,28176,7790,7755,16622,16570,3825,3851,3.0,6.0,3.0,1.0,0.0,81.0,61.281,62.531,61.156,60.343,60.593,62.531
08-11-2026 23:13:57,5758,7607,1424,16384,20.333333333333332,99.0,17643,VDD_IN,30207,7798,8602,16631,17643,3827,3962,6.0,10.0,17.0,4.0,0.0,85.0,61.625,62.937,61.218,60.312,60.531,62.937
08-11-2026 23:13:58,5758,7607,1424,16384,15.833333333333334,97.0,17643,VDD_IN,30246,7806,8720,16640,17643,3827,3883,3.0,2.0,3.0,2.0,1.0,84.0,61.343,62.937,61.312,60.187,60.656,62.937
08-11-2026 23:13:59,5759,7607,1424,16384,14.333333333333334,97.0,17604,VDD_IN,30168,7814,8641,16649,17604,3828,3923,3.0,3.0,3.0,1.0,0.0,76.0,61.531,63.093,61.375,60.218,60.625,63.093
08-11-2026 23:14:00,5760,7607,1424,16384,14.0,97.0,17526,VDD_IN,30012,7821,8563,16657,17526,3829,3923,3.0,1.0,2.0,3.0,0.0,75.0,61.5,62.937,61.187,60.25,60.531,62.937
08-11-2026 23:14:01,5760,7607,1424,16384,14.333333333333334,97.0,17408,VDD_IN,29738,7826,8407,16664,17408,3830,3923,2.0,1.0,5.0,4.0,0.0,74.0,61.5,62.656,61.187,60.25,60.468,62.656
08-11-2026 23:14:02,5761,7607,1424,16384,15.166666666666666,97.0,17368,VDD_IN,29580,7830,8250,16670,17368,3831,3962,3.0,4.0,7.0,2.0,0.0,75.0,61.718,62.781,61.218,60.375,60.562,62.781
08-11-2026 23:14:03,5762,7607,1424,16384,18.5,97.0,17290,VDD_IN,29385,7832,8094,16676,17290,3832,4001,8.0,8.0,5.0,15.0,0.0,75.0,61.406,62.781,61.343,60.25,60.625,62.781
08-11-2026 23:14:04,5762,7607,1424,16384,14.166666666666666,96.0,16964,VDD_IN,28727,7831,7716,16678,16964,3834,4047,5.0,2.0,1.0,2.0,0.0,75.0,61.562,62.656,61.375,60.312,60.625,62.656
08-11-2026 23:14:05,5762,7607,1424,16384,14.333333333333334,97.0,16924,VDD_IN,28570,7828,7520,16680,16924,3837,4126,3.0,1.0,3.0,3.0,0.0,76.0,61.718,62.625,61.156,60.343,60.531,62.625
08-11-2026 23:14:06,5763,7607,1424,16384,14.5,99.0,16728,VDD_IN,28177,7824,7363,16681,16728,3839,4086,3.0,2.0,1.0,5.0,0.0,76.0,61.625,62.593,61.437,60.375,60.656,62.593
08-11-2026 23:14:07,5763,7607,1424,16384,14.833333333333334,99.0,16570,VDD_IN,28215,7824,7794,16680,16570,3839,3851,5.0,1.0,1.0,3.0,0.0,79.0,61.531,62.968,61.343,60.375,60.656,62.968
08-11-2026 23:14:08,5764,7607,1424,16384,20.333333333333332,99.0,17368,VDD_IN,29697,7829,8446,16686,17368,3839,3883,7.0,4.0,6.0,21.0,0.0,84.0,61.312,62.531,61.468,60.343,60.656,62.531
08-11-2026 23:14:09,5765,7607,1424,16384,16.166666666666668,96.0,17565,VDD_IN,30168,7837,8720,16693,17565,3840,3883,4.0,2.0,2.0,4.0,0.0,85.0,61.437,62.75,61.437,60.375,60.593,62.75
08-11-2026 23:14:10,5765,7607,1424,16384,14.666666666666666,97.0,17604,VDD_IN,30168,7844,8641,16701,17604,3841,3923,4.0,3.0,2.0,1.0,0.0,78.0,61.781,62.843,61.312,60.375,60.593,62.843
08-11-2026 23:14:11,5766,7607,1424,16384,14.0,97.0,17565,VDD_IN,30090,7850,8602,16708,17565,3841,3923,2.0,4.0,1.0,2.0,0.0,75.0,61.531,63.0,61.312,60.437,60.656,63.0
08-11-2026 23:14:12,5767,7607,1424,16384,15.0,98.0,17447,VDD_IN,29816,7854,8407,16714,17447,3842,3962,4.0,6.0,3.0,3.0,0.0,74.0,61.843,62.968,61.375,60.562,60.687,62.968
08-11-2026 23:14:13,5767,7607,1424,16384,13.666666666666666,97.0,17368,VDD_IN,29620,7858,8290,16719,17368,3843,3962,1.0,1.0,3.0,3.0,0.0,74.0,61.5,63.0,61.5,60.343,60.656,63.0
08-11-2026 23:14:14,5768,7607,1424,16384,18.5,97.0,17329,VDD_IN,29502,7860,8172,16724,17329,3844,4001,5.0,8.0,5.0,18.0,0.0,75.0,61.625,62.968,61.375,60.437,60.593,62.968
08-11-2026 23:14:15,5768,7607,1424,16384,14.166666666666666,98.0,17082,VDD_IN,28923,7860,7794,16727,17082,3846,4047,2.0,1.0,2.0,5.0,0.0,75.0,61.843,62.875,61.343,60.437,60.531,62.875
08-11-2026 23:14:16,5769,7607,1424,16384,14.333333333333334,97.0,16964,VDD_IN,28570,7857,7520,16729,16964,3848,4086,4.0,2.0,3.0,2.0,0.0,75.0,61.468,62.875,61.437,60.5,60.593,62.656
08-11-2026 23:14:17,5769,7607,1424,16384,14.5,99.0,16609,VDD_IN,27941,7853,7285,16728,16609,3850,4047,3.0,4.0,2.0,2.0,1.0,75.0,61.75,62.093,61.5,60.406,60.656,62.093
08-11-2026 23:14:18,5770,7607,1424,16384,14.666666666666666,55.0,16413,VDD_IN,27861,7851,7637,16725,16413,3849,3811,3.0,3.0,2.0,1.0,0.0,79.0,61.343,62.437,61.562,60.406,60.656,62.437
08-11-2026 23:14:19,5769,7607,1424,16384,20.333333333333332,99.0,17486,VDD_IN,29933,7856,8524,16731,17486,3850,3923,9.0,3.0,17.0,9.0,0.0,84.0,61.562,62.843,61.5,60.437,60.687,62.843
08-11-2026 23:14:20,5770,7607,1424,16384,16.0,97.0,17643,VDD_IN,30246,7863,8720,16738,17643,3850,3883,5.0,2.0,3.0,2.0,0.0,84.0,61.656,62.875,61.437,60.468,60.718,62.875
08-11-2026 23:14:21,5771,7607,1424,16384,14.333333333333334,97.0,17604,VDD_IN,30168,7869,8641,16745,17604,3851,3923,2.0,1.0,1.0,1.0,3.0,78.0,61.531,62.937,61.531,60.531,60.656,62.937
08-11-2026 23:14:22,5771,7607,1424,16384,14.666666666666666,97.0,17604,VDD_IN,30129,7874,8602,16752,17604,3851,3923,4.0,2.0,1.0,7.0,0.0,74.0,61.75,63.187,61.562,60.531,60.687,63.187
08-11-2026 23:14:23,5772,7607,1424,16384,14.166666666666666,99.0,17447,VDD_IN,29855,7879,8446,16757,17447,3852,3962,3.0,1.0,2.0,5.0,0.0,74.0,61.656,63.156,61.625,60.437,60.75,63.156
08-11-2026 23:14:24,5772,7607,1424,16384,14.0,97.0,17368,VDD_IN,29620,7882,8290,16761,17368,3853,3962,3.0,2.0,2.0,3.0,0.0,74.0,61.656,63.156,61.375,60.468,60.687,63.156
08-11-2026 23:14:25,5774,7607,1424,16384,19.166666666666668,97.0,17290,VDD_IN,29424,7884,8133,16765,17290,3854,4001,6.0,8.0,4.0,18.0,3.0,76.0,61.781,63.281,61.468,60.5,60.687,63.281
08-11-2026 23:14:27,5774,7607,1424,16384,13.666666666666666,99.0,17082,VDD_IN,28923,7883,7794,16768,17082,3855,4047,1.0,0.0,1.0,5.0,0.0,75.0,61.687,63.125,61.468,60.593,60.656,63.125
08-11-2026 23:14:28,5775,7607,1424,16384,14.5,97.0,16924,VDD_IN,28569,7881,7559,16769,16924,3857,4086,3.0,4.0,2.0,3.0,0.0,75.0,61.75,62.875,61.562,60.593,60.718,62.875
08-11-2026 23:14:29,5775,7607,1424,16384,14.166666666666666,99.0,16609,VDD_IN,27941,7876,7206,16768,16609,3859,4126,2.0,2.0,3.0,2.0,0.0,76.0,61.937,62.343,61.625,60.468,60.75,62.343
08-11-2026 23:14:30,5776,7607,1424,16384,14.5,99.0,16452,VDD_IN,28018,7875,7755,16765,16452,3859,3811,2.0,0.0,3.0,4.0,0.0,78.0,61.593,62.812,61.531,60.531,60.656,62.812
08-11-2026 23:14:31,5776,7607,1424,16384,19.666666666666668,99.0,17211,VDD_IN,29430,7878,8329,16768,17211,3859,3890,6.0,10.0,11.0,8.0,0.0,83.0,61.687,62.843,61.625,60.625,60.875,62.843
08-11-2026 23:14:32,5776,7607,1424,16384,16.0,97.0,17565,VDD_IN,30089,7883,8641,16774,17565,3859,3883,3.0,2.0,2.0,4.0,0.0,85.0,61.468,63.031,61.531,60.687,60.843,63.031
08-11-2026 23:14:33,5776,7607,1424,16384,15.666666666666666,97.0,17643,VDD_IN,30207,7889,8641,16780,17643,3859,3923,2.0,5.0,1.0,7.0,0.0,79.0,61.781,63.468,61.656,60.593,60.812,63.468
08-11-2026 23:14:34,5776,7607,1424,16384,14.0,97.0,17604,VDD_IN,30129,7894,8602,16786,17604,3860,3923,2.0,3.0,2.0,3.0,0.0,74.0,61.843,62.968,61.531,60.562,60.843,62.968
08-11-2026 23:14:35,5777,7607,1424,16384,13.833333333333334,98.0,17486,VDD_IN,29855,7897,8407,16791,17486,3861,3962,2.0,0.0,3.0,4.0,0.0,74.0,62.031,63.0,61.437,60.562,60.875,63.0
08-11-2026 23:14:36,5778,7607,1424,16384,14.333333333333334,97.0,17408,VDD_IN,29699,7900,8329,16795,17408,3861,3962,4.0,4.0,2.0,1.0,0.0,75.0,62.0,63.062,61.562,60.656,60.687,63.062
08-11-2026 23:14:37,5778,7607,1424,16384,18.833333333333332,97.0,17368,VDD_IN,29541,7902,8172,16799,17368,3862,4001,20.0,6.0,5.0,7.0,0.0,75.0,61.718,62.968,61.625,60.812,60.843,62.968
08-11-2026 23:14:38,5779,7607,1424,16384,14.333333333333334,97.0,17133,VDD_IN,29039,7902,7859,16801,17133,3864,4047,4.0,2.0,3.0,2.0,0.0,75.0,61.75,63.125,61.718,60.593,60.906,63.125
08-11-2026 23:14:39,5779,7607,1424,16384,14.166666666666666,97.0,17003,VDD_IN,28687,7900,7598,16803,17003,3865,4086,5.0,1.0,2.0,1.0,0.0,76.0,61.906,63.156,61.562,60.687,60.875,63.156
08-11-2026 23:14:40,5780,7607,1424,16384,14.833333333333334,99.0,16649,VDD_IN,27981,7895,7206,16802,16649,3867,4126,7.0,1.0,4.0,2.0,0.0,75.0,62.281,62.562,61.625,60.781,60.937,62.562
08-11-2026 23:14:41,5780,7607,1424,16384,14.666666666666666,99.0,16413,VDD_IN,27940,7894,7716,16799,16413,3866,3811,5.0,2.0,2.0,1.0,0.0,78.0,61.781,63.062,61.625,60.781,60.812,63.062
08-11-2026 23:14:42,5780,7607,1424,16384,20.5,99.0,17250,VDD_IN,29501,7897,8368,16802,17250,3867,3883,5.0,8.0,18.0,8.0,0.0,84.0,61.656,63.0,61.687,60.812,61.062,63.0
08-11-2026 23:14:43,5781,7607,1424,16384,16.333333333333332,96.0,17604,VDD_IN,30128,7902,8641,16807,17604,3867,3883,6.0,2.0,4.0,1.0,0.0,85.0,61.718,63.156,61.75,60.656,60.906,63.156
08-11-2026 23:14:44,5781,7607,1424,16384,14.666666666666666,97.0,17643,VDD_IN,30247,7907,8681,16813,17643,3867,3923,2.0,2.0,2.0,4.0,0.0,78.0,61.937,63.156,61.562,60.718,60.906,63.156
08-11-2026 23:14:45,5782,7607,1424,16384,13.666666666666666,97.0,17565,VDD_IN,30051,7911,8563,16818,17565,3867,3923,1.0,2.0,1.0,5.0,0.0,73.0,62.093,63.281,61.656,60.812,60.875,63.281
08-11-2026 23:14:46,5782,7607,1424,16384,14.333333333333334,96.0,17408,VDD_IN,29738,7914,8368,16821,17408,3868,3962,3.0,4.0,2.0,2.0,0.0,75.0,61.843,63.093,61.625,60.843,60.937,63.093
08-11-2026 23:14:47,5782,7607,1424,16384,14.0,97.0,17408,VDD_IN,29660,7917,8290,16825,17408,3869,3962,2.0,5.0,0.0,2.0,0.0,75.0,61.875,63.375,61.687,60.687,61.0,63.375
08-11-2026 23:14:48,5782,7607,1424,16384,19.166666666666668,97.0,17290,VDD_IN,29424,7918,8133,16828,17290,3869,4001,5.0,10.0,6.0,16.0,3.0,75.0,61.812,63.437,61.718,60.718,60.875,63.437
08-11-2026 23:14:49,5783,7607,1424,16384,15.333333333333334,99.0,17093,VDD_IN,28921,7917,7781,16830,17093,3871,4047,3.0,4.0,5.0,5.0,0.0,75.0,62.031,63.312,61.656,60.687,61.062,63.312
08-11-2026 23:14:50,5784,7607,1424,16384,13.833333333333334,97.0,16924,VDD_IN,28530,7915,7520,16830,16924,3872,4086,3.0,1.0,2.0,2.0,0.0,75.0,62.281,63.343,61.656,60.75,60.968,63.343
08-11-2026 23:14:51,5784,7607,1424,16384,15.333333333333334,99.0,16570,VDD_IN,27941,7911,7324,16829,16570,3873,4047,5.0,3.0,3.0,5.0,0.0,76.0,62.0,62.843,61.718,60.875,61.156,62.625
08-11-2026 23:14:52,5785,7607,1424,16384,15.333333333333334,55.0,16491,VDD_IN,28058,7910,7716,16827,16491,3873,3851,3.0,3.0,2.0,4.0,0.0,80.0,61.718,62.875,61.843,60.718,61.031,62.875
08-11-2026 23:14:53,5784,7607,1424,16384,21.0,99.0,17643,VDD_IN,30168,7914,8563,16832,17643,3873,3962,9.0,18.0,4.0,11.0,0.0,84.0,61.812,63.281,61.718,60.75,60.968,63.281
08-11-2026 23:14:54,5785,7607,1424,16384,15.5,97.0,17722,VDD_IN,30364,7919,8759,16837,17722,3873,3883,2.0,2.0,1.0,1.0,2.0,85.0,62.0,63.312,61.687,60.75,61.093,63.312
08-11-2026 23:14:55,5786,7607,1424,16384,14.166666666666666,97.0,17643,VDD_IN,30207,7923,8641,16842,17643,3874,3923,2.0,1.0,2.0,5.0,0.0,75.0,62.156,63.343,61.718,60.875,61.062,63.343
08-11-2026 23:14:56,5785,7607,1424,16384,14.5,98.0,17604,VDD_IN,30129,7928,8602,16847,17604,3874,3923,3.0,6.0,2.0,2.0,0.0,74.0,61.843,63.625,61.843,60.875,61.062,63.625
08-11-2026 23:14:57,5786,7607,1424,16384,14.5,96.0,17447,VDD_IN,29855,7931,8446,16850,17447,3875,3962,2.0,3.0,2.0,4.0,0.0,76.0,62.0,63.593,61.875,60.75,60.968,63.593
08-11-2026 23:14:58,5788,7607,1424,16384,15.333333333333334,97.0,17447,VDD_IN,29777,7933,8329,16854,17447,3875,4001,3.0,4.0,2.0,6.0,2.0,75.0,62.187,63.656,61.75,60.75,61.062,63.656
08-11-2026 23:14:59,5786,7607,1424,16384,17.833333333333332,97.0,17290,VDD_IN,29385,7934,8094,16857,17290,3876,4001,6.0,6.0,9.0,8.0,2.0,76.0,61.906,63.187,61.781,60.812,61.0,63.187
08-11-2026 23:15:00,5786,7607,1424,16384,14.166666666666666,97.0,17042,VDD_IN,28831,7933,7742,16858,17042,3877,4047,5.0,1.0,3.0,1.0,0.0,75.0,62.156,63.0,61.718,60.875,61.062,63.0
08-11-2026 23:15:01,5787,7607,1424,16384,14.166666666666666,97.0,16964,VDD_IN,28571,7930,7481,16858,16964,3879,4126,3.0,1.0,4.0,2.0,0.0,75.0,61.968,62.937,61.75,60.75,61.031,62.937
08-11-2026 23:15:02,5788,7607,1424,16384,15.0,99.0,16767,VDD_IN,28294,7927,7441,16858,16767,3880,4086,2.0,1.0,9.0,2.0,0.0,76.0,62.125,62.843,61.718,60.781,61.062,62.843
08-11-2026 23:15:03,5787,7607,1424,16384,15.0,91.0,16452,VDD_IN,27979,7926,7676,16855,16452,3880,3851,1.0,1.0,5.0,2.0,1.0,80.0,61.968,63.0,61.718,60.843,61.0,63.0
08-11-2026 23:15:04,5789,7607,1424,16384,20.333333333333332,98.0,17604,VDD_IN,30168,7930,8602,16860,17604,3880,3962,4.0,16.0,11.0,6.0,1.0,84.0,62.0,63.406,61.812,60.843,61.125,63.406
08-11-2026 23:15:05,5790,7607,1424,16384,15.666666666666666,97.0,17683,VDD_IN,30364,7935,8798,16864,17683,3880,3883,0.0,2.0,4.0,4.0,0.0,84.0,62.062,63.5,61.843,60.937,61.125,63.5
08-11-2026 23:15:06,5790,7607,1424,16384,14.833333333333334,98.0,17643,VDD_IN,30247,7939,8681,16869,17643,3880,3923,7.0,2.0,2.0,2.0,0.0,76.0,61.906,63.468,61.812,60.812,61.125,63.468
08-11-2026 23:15:07,5791,7607,1424,16384,13.833333333333334,97.0,17565,VDD_IN,30090,7943,8602,16873,17565,3881,3923,4.0,1.0,1.0,2.0,0.0,75.0,62.0,63.531,61.781,60.718,61.093,63.343
08-11-2026 23:15:08,5791,7607,1424,16384,14.666666666666666,97.0,17486,VDD_IN,29855,7946,8446,16876,17486,3881,3923,3.0,5.0,3.0,2.0,0.0,75.0,62.125,63.25,61.718,60.781,61.093,63.25
08-11-2026 23:15:09,5791,7607,1424,16384,16.0,97.0,17486,VDD_IN,29855,7948,8368,16880,17486,3882,4001,3.0,8.0,3.0,7.0,0.0,75.0,62.093,63.312,61.843,60.968,61.093,63.312
08-11-2026 23:15:10,5791,7607,1424,16384,18.333333333333332,98.0,17486,VDD_IN,29737,7950,8250,16883,17486,3882,4001,5.0,11.0,4.0,12.0,2.0,76.0,62.093,63.468,61.968,60.781,61.156,63.468
08-11-2026 23:15:11,5792,7607,1424,16384,14.666666666666666,98.0,17093,VDD_IN,28921,7949,7781,16884,17093,3883,4047,5.0,2.0,2.0,4.0,0.0,75.0,62.125,63.437,61.687,60.843,60.968,63.437
08-11-2026 23:15:12,5793,7607,1424,16384,15.166666666666666,97.0,17003,VDD_IN,28688,7947,7559,16885,17003,3884,4126,3.0,1.0,9.0,2.0,0.0,76.0,62.312,63.343,61.781,60.875,60.968,63.343
08-11-2026 23:15:13,5793,7607,1424,16384,14.833333333333334,99.0,16649,VDD_IN,28059,7943,7363,16884,16649,3885,4047,4.0,2.0,1.0,6.0,0.0,76.0,62.093,62.625,61.906,60.968,61.187,62.625
08-11-2026 23:15:14,5824,7607,1424,16384,16.833333333333332,0.0,15809,VDD_IN,26805,7940,7297,16878,15809,3884,3699,3.0,3.0,3.0,7.0,5.0,80.0,62.125,62.156,61.906,60.812,61.156,62.156
08-11-2026 23:15:15,6228,7607,1424,16384,81.33333333333333,24.0,8757,VDD_IN,13847,7913,3060,16834,8757,3874,2030,78.0,80.0,80.0,77.0,91.0,82.0,61.687,60.843,61.437,60.687,60.437,61.687
08-11-2026 23:15:16,6264,7607,1424,16384,23.666666666666668,97.0,16084,VDD_IN,27315,7912,7689,16830,16084,3872,3542,11.0,87.0,11.0,13.0,10.0,10.0,61.718,62.843,61.531,60.75,60.781,62.843
08-11-2026 23:15:17,6265,7607,1424,16384,14.0,97.0,17250,VDD_IN,29423,7914,8290,16832,17250,3873,3883,3.0,74.0,5.0,1.0,0.0,1.0,61.906,63.062,61.531,60.718,60.968,63.062
08-11-2026 23:15:18,6265,7607,1424,16384,13.833333333333334,98.0,17250,VDD_IN,29429,7916,8250,16834,17250,3873,3929,2.0,75.0,3.0,3.0,0.0,0.0,61.656,63.281,61.687,60.812,61.031,63.281
08-11-2026 23:15:19,6265,7607,1424,16384,14.0,98.0,17279,VDD_IN,29302,7917,8055,16836,17279,3873,3968,2.0,76.0,3.0,2.0,0.0,1.0,61.656,63.281,61.625,60.687,61.0,63.281
08-11-2026 23:15:20,6265,7607,1424,16384,13.666666666666666,98.0,17121,VDD_IN,28988,7916,7859,16838,17121,3874,4008,2.0,75.0,4.0,1.0,0.0,0.0,61.812,63.343,61.593,60.718,61.0,63.343
08-11-2026 23:15:21,6269,7607,1424,16384,19.5,98.0,16885,VDD_IN,28569,7915,7637,16838,16885,3875,4047,6.0,30.0,7.0,12.0,62.0,0.0,61.906,63.25,61.687,60.687,60.968,63.25
08-11-2026 23:15:22,6269,7607,1424,16384,14.166666666666666,99.0,16609,VDD_IN,27941,7911,7206,16837,16609,3876,4126,4.0,3.0,1.0,1.0,76.0,0.0,62.187,63.062,61.656,60.781,61.0,63.062
08-11-2026 23:15:23,6269,7607,1424,16384,14.833333333333334,99.0,16334,VDD_IN,27743,7910,7598,16834,16334,3876,3811,9.0,3.0,1.0,2.0,74.0,0.0,61.593,62.843,61.75,60.812,61.0,62.843
08-11-2026 23:15:24,6269,7607,1424,16384,15.333333333333334,99.0,16649,VDD_IN,28411,7910,7951,16833,16649,3876,3811,6.0,1.0,0.0,2.0,83.0,0.0,61.562,62.687,61.75,60.687,61.031,62.687
08-11-2026 23:15:25,6269,7607,1424,16384,15.833333333333334,97.0,17447,VDD_IN,29932,7913,8602,16837,17447,3876,3883,2.0,2.0,4.0,2.0,85.0,0.0,61.687,63.281,61.625,60.75,60.937,63.281
08-11-2026 23:15:26,6274,7607,1424,16384,19.666666666666668,97.0,17683,VDD_IN,30325,7918,8759,16841,17683,3876,3883,23.0,2.0,8.0,5.0,80.0,0.0,61.937,63.343,61.625,60.75,61.0,63.343
08-11-2026 23:15:27,6274,7607,1424,16384,14.5,97.0,17447,VDD_IN,29854,7921,8524,16844,17447,3876,3883,4.0,2.0,5.0,2.0,74.0,0.0,62.125,63.343,61.718,60.75,61.0,63.343
08-11-2026 23:15:28,6274,7607,1424,16384,14.0,99.0,17329,VDD_IN,29620,7923,8368,16846,17329,3876,3923,3.0,1.0,4.0,1.0,75.0,0.0,61.687,63.375,61.718,60.906,61.031,63.375
08-11-2026 23:15:29,6273,7607,1424,16384,14.833333333333334,97.0,17329,VDD_IN,29581,7925,8290,16849,17329,3876,3962,3.0,2.0,5.0,2.0,76.0,1.0,61.843,63.281,61.781,60.718,61.0,63.281
08-11-2026 23:15:30,6273,7607,1424,16384,13.5,97.0,17172,VDD_IN,29234,7926,8094,16851,17172,3877,3968,0.0,2.0,3.0,1.0,75.0,0.0,61.937,63.093,61.656,60.781,60.968,63.093
08-11-2026 23:15:31,6273,7607,1424,16384,14.5,97.0,17121,VDD_IN,28962,7925,7833,16852,17121,3877,4008,3.0,5.0,1.0,2.0,76.0,0.0,61.968,63.093,61.625,60.718,60.937,63.093
08-11-2026 23:15:32,6274,7607,1424,16384,18.833333333333332,97.0,16964,VDD_IN,28609,7924,7598,16852,16964,3878,4047,19.0,5.0,6.0,8.0,75.0,0.0,62.125,63.062,61.687,60.75,61.031,63.062
08-11-2026 23:15:33,6273,7607,1424,16384,14.333333333333334,99.0,16609,VDD_IN,27863,7920,7128,16851,16609,3880,4126,4.0,14.0,2.0,1.0,65.0,0.0,61.875,62.468,61.781,60.875,61.0,62.468
08-11-2026 23:15:34,6273,7607,1424,16384,15.0,99.0,16413,VDD_IN,27940,7919,7716,16849,16413,3879,3811,4.0,77.0,6.0,3.0,0.0,0.0,61.812,63.031,61.812,60.812,61.125,63.031
08-11-2026 23:15:35,6273,7607,1424,16384,15.833333333333334,99.0,16885,VDD_IN,28804,7920,8068,16849,16885,3879,3851,4.0,10.0,5.0,1.0,75.0,0.0,61.781,62.781,61.687,60.812,61.031,62.781
08-11-2026 23:15:36,6273,7607,1424,16384,16.166666666666668,97.0,17486,VDD_IN,29971,7923,8602,16852,17486,3879,3883,2.0,2.0,6.0,1.0,86.0,0.0,61.843,63.406,61.687,60.812,61.062,63.406
08-11-2026 23:15:37,6272,7607,1424,16384,19.333333333333332,97.0,17683,VDD_IN,30325,7927,8759,16856,17683,3879,3883,12.0,10.0,12.0,3.0,79.0,0.0,62.093,63.562,61.781,60.875,61.031,63.562
08-11-2026 23:15:38,6272,7607,1424,16384,14.166666666666666,97.0,17486,VDD_IN,29932,7930,8563,16859,17486,3879,3883,2.0,1.0,5.0,2.0,75.0,0.0,61.812,63.437,61.812,60.906,61.062,63.437
08-11-2026 23:15:39,6272,7607,1424,16384,14.5,97.0,17447,VDD_IN,29816,7932,8446,16862,17447,3879,3923,53.0,3.0,6.0,1.0,24.0,0.0,62.031,63.593,61.843,60.718,61.156,63.593
08-11-2026 23:15:40,6272,7607,1424,16384,14.333333333333334,97.0,17368,VDD_IN,29620,7934,8290,16865,17368,3880,3962,43.0,4.0,2.0,3.0,34.0,0.0,62.031,63.531,61.687,60.875,61.062,63.531
08-11-2026 23:15:41,6272,7607,1424,16384,14.5,97.0,17211,VDD_IN,29267,7935,8094,16866,17211,3880,3962,2.0,4.0,3.0,2.0,76.0,0.0,61.812,63.406,61.718,60.781,61.062,63.406
08-11-2026 23:15:42,6272,7607,1424,16384,14.5,97.0,17082,VDD_IN,28910,7934,7820,16867,17082,3881,4008,3.0,3.0,3.0,3.0,75.0,0.0,62.062,63.218,61.781,60.875,61.031,63.218
08-11-2026 23:15:43,6272,7607,1424,16384,18.833333333333332,97.0,16924,VDD_IN,28530,7933,7559,16868,16924,3882,4047,18.0,8.0,19.0,4.0,64.0,0.0,61.875,63.187,61.843,60.937,61.125,63.187
08-11-2026 23:15:44,6272,7607,1424,16384,13.833333333333334,99.0,16649,VDD_IN,27903,7929,7128,16867,16649,3883,4126,67.0,2.0,12.0,2.0,0.0,0.0,62.093,62.656,61.906,60.812,61.156,62.656
08-11-2026 23:15:45,6272,7607,1424,16384,14.833333333333334,99.0,16452,VDD_IN,27979,7928,7716,16865,16452,3882,3811,1.0,2.0,76.0,5.0,0.0,5.0,61.781,63.187,61.812,60.843,61.125,63.187
08-11-2026 23:15:46,6272,7607,1424,16384,15.0,99.0,16964,VDD_IN,28948,7929,8133,16865,16964,3882,3851,3.0,1.0,0.0,84.0,1.0,1.0,61.906,63.25,61.812,60.906,61.125,63.25
08-11-2026 23:15:47,6272,7607,1424,16384,16.0,98.0,17526,VDD_IN,30011,7932,8602,16868,17526,3882,3883,2.0,2.0,1.0,86.0,1.0,4.0,62.218,63.718,61.843,60.937,61.187,63.718
08-11-2026 23:15:48,6273,7607,1424,16384,19.333333333333332,97.0,17722,VDD_IN,30365,7936,8720,16872,17722,3882,3923,3.0,6.0,8.0,79.0,3.0,17.0,62.062,63.312,61.968,60.781,61.218,63.312
08-11-2026 23:15:49,6273,7607,1424,16384,14.166666666666666,97.0,17526,VDD_IN,30051,7939,8602,16875,17526,3883,3923,3.0,2.0,3.0,75.0,1.0,1.0,62.156,63.312,61.937,60.875,61.125,63.312
08-11-2026 23:15:50,6273,7607,1424,16384,13.666666666666666,97.0,17408,VDD_IN,29738,7941,8407,16878,17408,3883,3923,3.0,2.0,1.0,75.0,1.0,0.0,62.281,63.25,61.812,60.906,61.125,63.25
08-11-2026 23:15:51,6273,7607,1424,16384,13.5,97.0,17329,VDD_IN,29620,7943,8329,16880,17329,3883,3962,2.0,2.0,1.0,75.0,0.0,1.0,62.093,63.312,62.031,60.875,61.218,63.5
08-11-2026 23:15:52,6273,7607,1424,16384,14.166666666666666,97.0,17250,VDD_IN,29345,7943,8133,16881,17250,3883,3962,22.0,2.0,4.0,46.0,10.0,1.0,62.187,63.468,61.906,60.937,61.187,63.468
08-11-2026 23:15:53,6273,7607,1424,16384,14.166666666666666,97.0,17054,VDD_IN,28921,7943,7820,16882,17054,3884,4047,75.0,1.0,1.0,2.0,2.0,4.0,61.906,63.406,61.968,60.875,61.25,63.406
08-11-2026 23:15:54,6276,7607,1424,16384,18.5,97.0,16964,VDD_IN,28648,7941,7598,16882,16964,3885,4086,14.0,19.0,3.0,6.0,65.0,4.0,61.937,63.343,61.75,60.843,61.125,63.343
08-11-2026 23:15:55,6276,7607,1424,16384,14.333333333333334,99.0,16570,VDD_IN,27823,7938,7167,16881,16570,3886,4086,6.0,2.0,3.0,1.0,74.0,0.0,62.218,62.843,61.843,60.875,61.25,62.843
08-11-2026 23:15:56,6276,7607,1424,16384,15.5,99.0,16413,VDD_IN,27900,7937,7676,16879,16413,3886,3811,1.0,3.0,9.0,2.0,77.0,1.0,61.812,63.281,61.875,60.937,61.125,63.281
08-11-2026 23:15:57,6276,7607,1424,16384,15.666666666666666,99.0,17133,VDD_IN,29313,7938,8290,16880,17133,3886,3890,3.0,2.0,2.0,2.0,85.0,0.0,62.156,63.375,61.968,60.937,61.187,63.375
08-11-2026 23:15:58,6277,7607,1424,16384,16.5,96.0,17526,VDD_IN,30050,7941,8641,16883,17526,3886,3883,4.0,4.0,1.0,4.0,85.0,1.0,61.843,63.281,62.0,60.875,61.187,63.281
08-11-2026 23:15:59,6273,7607,1424,16384,19.333333333333332,97.0,17683,VDD_IN,30311,7945,8705,16886,17683,3886,3923,4.0,10.0,8.0,17.0,77.0,0.0,62.093,63.406,61.843,60.875,61.125,63.406
08-11-2026 23:16:00,6274,7607,1424,16384,14.5,98.0,17486,VDD_IN,29972,7947,8563,16889,17486,3886,3923,2.0,2.0,6.0,1.0,75.0,1.0,62.093,63.406,61.843,60.906,61.156,63.406
08-11-2026 23:16:01,6274,7607,1424,16384,14.166666666666666,98.0,17408,VDD_IN,29738,7949,8368,16891,17408,3886,3962,2.0,2.0,4.0,1.0,76.0,0.0,62.125,63.343,61.937,60.937,61.156,63.343
08-11-2026 23:16:02,6275,7607,1424,16384,14.166666666666666,97.0,17290,VDD_IN,29463,7950,8211,16893,17290,3887,3962,2.0,2.0,4.0,2.0,75.0,0.0,62.093,63.375,61.843,61.093,61.125,63.375
08-11-2026 23:16:03,6275,7607,1424,16384,14.333333333333334,97.0,17211,VDD_IN,29306,7951,8094,16894,17211,3887,4001,2.0,2.0,5.0,1.0,76.0,0.0,61.906,63.375,62.031,60.906,61.156,63.375
08-11-2026 23:16:04,6276,7607,1424,16384,13.833333333333334,99.0,17015,VDD_IN,28804,7950,7742,16895,17015,3888,4047,2.0,1.0,3.0,2.0,75.0,0.0,62.062,63.593,62.093,60.906,61.125,63.593
08-11-2026 23:16:05,6278,7607,1424,16384,18.666666666666668,97.0,16964,VDD_IN,28609,7948,7559,16895,16964,3889,4086,8.0,3.0,8.0,18.0,75.0,0.0,62.093,63.562,61.812,60.937,61.187,63.562
08-11-2026 23:16:06,6278,7607,1424,16384,14.333333333333334,99.0,16491,VDD_IN,27823,7945,7246,16893,16491,3890,4086,6.0,1.0,2.0,2.0,67.0,8.0,62.593,63.0,61.968,60.968,61.218,63.0
08-11-2026 23:16:07,6278,7607,1424,16384,15.666666666666666,99.0,16531,VDD_IN,28137,7945,7755,16892,16531,3889,3851,10.0,2.0,2.0,1.0,0.0,79.0,62.093,63.468,61.937,61.093,61.218,63.468
08-11-2026 23:16:08,6278,7607,1424,16384,16.0,99.0,17250,VDD_IN,29502,7946,8329,16893,17250,3890,3923,5.0,4.0,2.0,1.0,0.0,84.0,61.906,63.75,62.031,60.937,61.218,63.75
08-11-2026 23:16:09,6278,7607,1424,16384,16.0,96.0,17565,VDD_IN,30129,7949,8681,16896,17565,3889,3883,3.0,2.0,4.0,1.0,1.0,85.0,62.0,63.812,62.093,61.0,61.218,63.812
08-11-2026 23:16:10,6281,7607,1424,16384,19.5,97.0,17683,VDD_IN,30365,7953,8759,16900,17683,3890,3923,8.0,7.0,5.0,16.0,3.0,78.0,62.281,63.531,61.937,60.968,61.156,63.531
08-11-2026 23:16:11,6281,7607,1424,16384,14.0,97.0,17486,VDD_IN,29972,7955,8563,16902,17486,3890,3923,6.0,1.0,2.0,1.0,0.0,74.0,62.5,63.5,62.0,61.062,61.25,63.5
08-11-2026 23:16:12,6282,7607,1424,16384,14.833333333333334,97.0,17329,VDD_IN,29620,7957,8368,16904,17329,3890,3923,8.0,2.0,1.0,2.0,0.0,76.0,62.218,63.437,61.843,61.031,61.187,63.437
08-11-2026 23:16:13,6282,7607,1424,16384,13.833333333333334,97.0,17290,VDD_IN,29463,7958,8211,16905,17290,3890,3962,2.0,1.0,3.0,2.0,0.0,75.0,62.187,63.5,62.0,60.937,61.281,63.5
08-11-2026 23:16:14,6283,7607,1424,16384,14.333333333333334,97.0,17211,VDD_IN,29235,7958,8016,16907,17211,3891,4008,6.0,3.0,1.0,1.0,0.0,75.0,62.156,63.562,62.125,60.937,61.125,63.562
08-11-2026 23:16:15,6283,7607,1424,16384,14.166666666666666,99.0,17054,VDD_IN,28882,7957,7781,16907,17054,3891,4047,2.0,3.0,2.0,3.0,0.0,75.0,62.312,63.343,61.968,61.0,61.156,63.343
08-11-2026 23:16:16,6283,7607,1424,16384,19.333333333333332,97.0,16924,VDD_IN,28530,7956,7520,16907,16924,3892,4086,9.0,7.0,6.0,19.0,0.0,75.0,62.562,63.25,61.968,61.031,61.187,63.25
08-11-2026 23:16:17,6283,7607,1424,16384,14.5,99.0,16491,VDD_IN,27784,7953,7285,16906,16491,3893,4008,3.0,4.0,2.0,3.0,0.0,75.0,62.218,62.812,61.968,61.093,61.25,62.812
08-11-2026 23:16:18,6284,7607,1424,16384,16.0,53.0,16491,VDD_IN,28058,7952,7716,16904,16491,3892,3851,3.0,2.0,9.0,2.0,0.0,80.0,62.031,63.031,62.062,60.937,61.25,63.031
08-11-2026 23:16:19,6284,7607,1424,16384,16.666666666666668,99.0,17447,VDD_IN,29855,7954,8446,16906,17447,3893,3962,4.0,6.0,3.0,2.0,0.0,85.0,62.093,63.468,61.906,60.937,61.218,63.468
08-11-2026 23:16:20,6284,7607,1424,16384,16.0,97.0,17604,VDD_IN,30207,7957,8720,16909,17604,3893,3883,4.0,3.0,3.0,1.0,0.0,85.0,62.156,63.5,61.906,61.0,61.25,63.5
08-11-2026 23:16:21,6287,7607,1424,16384,18.833333333333332,99.0,17683,VDD_IN,30287,7960,8681,16912,17683,3893,3923,13.0,11.0,8.0,6.0,0.0,75.0,62.562,63.593,62.0,61.062,61.281,63.593
08-11-2026 23:16:22,6287,7607,1424,16384,14.666666666666666,97.0,17526,VDD_IN,29973,7962,8524,16914,17526,3893,3923,3.0,5.0,3.0,1.0,0.0,76.0,62.156,63.718,62.062,60.968,61.343,63.718
08-11-2026 23:16:23,6287,7607,1424,16384,14.166666666666666,97.0,17408,VDD_IN,29738,7964,8407,16916,17408,3893,3923,5.0,1.0,2.0,2.0,0.0,75.0,62.281,63.625,62.125,61.0,61.187,63.625
08-11-2026 23:16:24,6288,7607,1424,16384,14.5,98.0,17290,VDD_IN,29463,7965,8211,16918,17290,3893,3962,4.0,2.0,2.0,3.0,0.0,76.0,62.437,63.625,61.937,60.968,61.218,63.625
08-11-2026 23:16:25,6288,7607,1424,16384,13.666666666666666,97.0,17211,VDD_IN,29228,7965,8016,16919,17211,3894,4001,4.0,2.0,2.0,0.0,0.0,74.0,62.218,63.781,61.906,61.062,61.312,63.781
08-11-2026 23:16:26,6289,7607,1424,16384,14.0,97.0,17015,VDD_IN,28765,7964,7703,16919,17015,3894,4047,3.0,4.0,1.0,1.0,0.0,75.0,62.562,63.343,61.968,61.125,61.312,63.343
08-11-2026 23:16:27,6288,7607,1424,16384,19.333333333333332,97.0,16964,VDD_IN,28571,7962,7481,16920,16964,3895,4126,8.0,7.0,18.0,9.0,0.0,74.0,62.218,63.375,62.062,61.0,61.281,63.375
08-11-2026 23:16:28,6288,7607,1424,16384,14.333333333333334,99.0,16649,VDD_IN,28098,7960,7402,16919,16649,3896,4047,5.0,1.0,2.0,2.0,0.0,76.0,62.312,62.937,62.093,60.968,61.25,62.937
08-11-2026 23:16:29,6289,7607,1424,16384,16.166666666666668,59.0,16531,VDD_IN,28098,7959,7716,16917,16531,3896,3851,3.0,3.0,2.0,8.0,0.0,81.0,62.125,63.218,62.0,60.906,61.312,63.218
08-11-2026 23:16:30,6289,7607,1424,16384,15.833333333333334,98.0,17526,VDD_IN,29973,7961,8485,16919,17526,3896,3962,6.0,1.0,3.0,1.0,0.0,84.0,62.156,63.593,62.0,61.0,61.281,63.593
08-11-2026 23:16:31,6290,7607,1424,16384,15.833333333333334,97.0,17683,VDD_IN,30325,7964,8759,16922,17683,3896,3883,1.0,2.0,5.0,2.0,0.0,85.0,62.531,63.625,62.062,61.093,61.375,63.625
08-11-2026 23:16:32,6289,7607,1424,16384,33.5,99.0,18203,VDD_IN,31371,7969,9213,16927,18203,3896,3955,29.0,26.0,27.0,24.0,19.0,76.0,62.281,63.875,62.156,60.968,61.5,63.875
08-11-2026 23:16:33,6289,7607,1424,16384,13.833333333333334,97.0,17565,VDD_IN,30051,7971,8563,16930,17565,3896,3923,2.0,0.0,2.0,4.0,0.0,75.0,62.281,63.937,62.125,61.031,61.312,63.937
08-11-2026 23:16:34,6290,7607,1424,16384,14.166666666666666,97.0,17408,VDD_IN,29777,7973,8407,16931,17408,3896,3962,2.0,2.0,2.0,5.0,0.0,74.0,62.406,63.875,61.937,61.062,61.218,63.875
08-11-2026 23:16:35,6291,7607,1424,16384,14.0,98.0,17290,VDD_IN,29463,7974,8172,16933,17290,3897,4001,1.0,2.0,4.0,2.0,0.0,75.0,62.187,63.343,62.062,61.093,61.218,63.343
08-11-2026 23:16:36,6291,7607,1424,16384,14.333333333333334,97.0,17211,VDD_IN,29228,7974,8016,16934,17211,3897,4001,2.0,2.0,4.0,3.0,0.0,75.0,62.468,63.593,62.031,61.156,61.281,63.593
08-11-2026 23:16:37,6291,7607,1424,16384,13.666666666666666,97.0,17003,VDD_IN,28753,7973,7703,16934,17003,3898,4047,5.0,1.0,1.0,1.0,0.0,74.0,62.093,63.406,62.031,61.0,61.343,63.406
08-11-2026 23:16:38,6296,7607,1424,16384,19.0,97.0,16846,VDD_IN,28374,7971,7402,16934,16846,3899,4126,4.0,9.0,6.0,20.0,0.0,75.0,62.343,63.437,62.0,60.937,61.218,63.437
08-11-2026 23:16:39,6297,7607,1424,16384,14.5,98.0,16452,VDD_IN,27901,7969,7520,16932,16452,3899,3929,6.0,1.0,1.0,4.0,0.0,75.0,62.437,63.125,61.937,61.125,61.281,63.125
08-11-2026 23:16:40,6297,7607,1424,16384,16.166666666666668,98.0,16688,VDD_IN,28411,7969,7872,16931,16688,3899,3851,2.0,2.0,8.0,3.0,0.0,82.0,61.968,63.062,62.062,61.218,61.281,63.062
08-11-2026 23:16:41,6297,7607,1424,16384,16.0,99.0,17683,VDD_IN,30286,7971,8641,16934,17683,3899,3962,3.0,1.0,5.0,2.0,0.0,85.0,62.25,63.437,62.156,60.968,61.375,63.437
08-11-2026 23:16:42,6296,7607,1424,16384,15.166666666666666,97.0,17643,VDD_IN,30246,7974,8720,16937,17643,3899,3883,1.0,3.0,4.0,1.0,0.0,82.0,62.312,63.5,61.968,61.031,61.25,63.5
08-11-2026 23:16:43,6298,7607,1424,16384,19.0,97.0,17722,VDD_IN,30404,7977,8759,16939,17722,3899,3923,6.0,19.0,11.0,3.0,0.0,75.0,62.187,63.468,61.968,61.125,61.281,63.468
08-11-2026 23:16:44,6299,7607,1424,16384,14.166666666666666,97.0,17526,VDD_IN,29973,7979,8524,16942,17526,3899,3923,5.0,2.0,1.0,1.0,0.0,76.0,62.437,63.718,62.031,61.156,61.375,63.718
08-11-2026 23:16:45,6299,7607,1424,16384,14.0,97.0,17447,VDD_IN,29777,7980,8368,16943,17447,3899,3962,2.0,4.0,2.0,1.0,0.0,75.0,62.093,63.656,62.031,61.156,61.375,63.656
08-11-2026 23:16:46,6297,7607,1424,16384,14.333333333333334,99.0,17329,VDD_IN,29502,7981,8172,16945,17329,3900,4001,2.0,3.0,3.0,2.0,1.0,75.0,62.25,63.625,62.125,61.0,61.312,63.625
08-11-2026 23:16:47,6297,7607,1424,16384,14.166666666666666,97.0,17211,VDD_IN,29228,7981,7977,16946,17211,3900,4040,3.0,5.0,1.0,1.0,0.0,75.0,62.281,63.687,62.031,61.0,61.343,63.687
08-11-2026 23:16:48,6298,7607,1424,16384,14.0,97.0,17015,VDD_IN,28804,7980,7703,16946,17015,3901,4086,1.0,2.0,4.0,2.0,0.0,75.0,62.562,63.718,62.031,61.093,61.218,63.718
08-11-2026 23:16:49,6302,7607,1424,16384,19.666666666666668,98.0,16885,VDD_IN,28413,7978,7402,16946,16885,3902,4126,9.0,16.0,7.0,10.0,0.0,76.0,62.312,63.156,62.031,61.093,61.281,63.156
08-11-2026 23:16:50,6301,7607,1424,16384,14.333333333333334,99.0,16491,VDD_IN,28018,7977,7637,16944,16491,3901,3890,4.0,1.0,4.0,1.0,1.0,75.0,62.062,63.343,62.031,61.062,61.218,63.343
08-11-2026 23:16:51,6302,7607,1423,16384,16.666666666666668,99.0,16846,VDD_IN,28674,7977,7977,16944,16846,3901,3851,3.0,3.0,9.0,2.0,0.0,83.0,62.093,63.187,62.187,61.062,61.375,63.187
08-11-2026 23:16:52,6302,7607,1423,16384,16.333333333333332,99.0,17643,VDD_IN,30231,7979,8705,16946,17643,3901,3883,2.0,6.0,2.0,2.0,1.0,85.0,62.406,63.687,61.937,61.062,61.312,63.687
08-11-2026 23:16:53,6302,7607,1423,16384,15.5,97.0,17643,VDD_IN,30286,7982,8720,16949,17643,3901,3923,3.0,4.0,1.0,3.0,0.0,82.0,62.593,63.843,62.0,61.125,61.375,63.843
08-11-2026 23:16:54,6305,7607,1423,16384,19.0,97.0,17761,VDD_IN,30468,7985,8784,16952,17761,3901,3923,13.0,10.0,8.0,8.0,0.0,75.0,62.281,63.843,62.0,61.156,61.531,63.843
08-11-2026 23:16:55,6304,7607,1423,16384,14.5,97.0,17565,VDD_IN,30051,7987,8524,16954,17565,3902,3962,2.0,3.0,3.0,2.0,1.0,76.0,62.218,63.875,62.125,61.0,61.468,63.875
08-11-2026 23:16:56,6305,7607,1423,16384,14.166666666666666,97.0,17447,VDD_IN,29777,7988,8368,16956,17447,3902,3962,5.0,2.0,2.0,2.0,0.0,74.0,62.218,64.0,62.0,61.031,61.406,64.0
08-11-2026 23:16:57,6305,7607,1423,16384,14.5,97.0,17250,VDD_IN,29384,7988,8133,16957,17250,3902,4001,5.0,2.0,4.0,2.0,0.0,74.0,62.343,63.5,61.937,61.125,61.406,63.5
08-11-2026 23:16:58,6306,7607,1423,16384,14.166666666666666,97.0,17133,VDD_IN,29111,7988,7938,16957,17133,3903,4040,3.0,3.0,3.0,2.0,0.0,74.0,62.593,63.468,62.031,61.125,61.281,63.468
08-11-2026 23:16:59,6307,7607,1423,16384,14.666666666666666,97.0,17093,VDD_IN,28921,7987,7742,16958,17093,3903,4086,6.0,3.0,1.0,2.0,0.0,76.0,62.25,63.531,62.125,60.968,61.406,63.531
08-11-2026 23:17:00,6308,7607,1423,16384,19.333333333333332,98.0,16846,VDD_IN,28296,7985,7324,16957,16846,3904,4126,8.0,5.0,18.0,9.0,0.0,76.0,62.406,63.343,62.125,61.062,61.281,63.343
08-11-2026 23:17:01,6306,7607,1423,16384,14.5,99.0,16531,VDD_IN,28097,7984,7676,16956,16531,3904,3890,5.0,2.0,2.0,2.0,1.0,75.0,62.343,63.343,62.062,61.031,61.343,63.656
08-11-2026 23:17:02,6306,7607,1423,16384,16.666666666666668,99.0,16936,VDD_IN,28920,7984,8094,16956,16936,3904,3890,8.0,4.0,2.0,2.0,0.0,84.0,62.281,63.187,62.125,61.187,61.406,63.187
08-11-2026 23:17:03,6307,7607,1423,16384,16.166666666666668,97.0,17643,VDD_IN,30286,7987,8720,16958,17643,3904,3923,3.0,6.0,1.0,2.0,0.0,85.0,62.406,63.468,62.031,61.187,61.437,63.468
08-11-2026 23:17:04,6307,7607,1423,16384,15.666666666666666,97.0,17683,VDD_IN,30311,7989,8705,16961,17683,3904,3923,3.0,2.0,3.0,4.0,0.0,82.0,62.218,63.5,62.187,61.0,61.437,63.5
08-11-2026 23:17:05,6308,7607,1423,16384,19.166666666666668,97.0,17761,VDD_IN,30428,7992,8744,16963,17761,3904,3923,6.0,21.0,6.0,6.0,0.0,76.0,62.406,63.406,62.0,61.0,61.468,63.406
08-11-2026 23:17:06,6309,7607,1423,16384,14.833333333333334,97.0,17526,VDD_IN,30012,7994,8524,16965,17526,3904,3962,4.0,5.0,4.0,1.0,0.0,75.0,62.468,63.468,62.062,61.062,61.343,63.468
08-11-2026 23:17:07,6309,7607,1423,16384,14.166666666666666,97.0,17447,VDD_IN,29816,7995,8407,16967,17447,3905,3962,3.0,3.0,2.0,2.0,0.0,75.0,62.406,63.687,62.125,61.187,61.375,63.687
08-11-2026 23:17:08,6310,7607,1423,16384,13.666666666666666,99.0,17290,VDD_IN,29463,7996,8172,16968,17290,3905,4001,2.0,4.0,0.0,2.0,0.0,74.0,62.531,63.625,62.125,61.156,61.343,63.625
08-11-2026 23:17:09,6310,7607,1423,16384,14.666666666666666,97.0,17211,VDD_IN,29267,7996,8016,16969,17211,3905,4040,4.0,4.0,3.0,2.0,0.0,75.0,62.156,63.656,62.093,61.093,61.375,63.656
08-11-2026 23:17:10,6311,7607,1423,16384,14.166666666666666,97.0,17015,VDD_IN,28765,7995,7703,16969,17015,3906,4047,2.0,1.0,4.0,2.0,0.0,76.0,62.281,63.625,61.968,61.031,61.312,63.625
08-11-2026 23:17:11,6314,7607,1423,16384,19.5,97.0,16924,VDD_IN,28491,7993,7441,16969,16924,3907,4126,10.0,6.0,7.0,18.0,0.0,76.0,62.531,63.406,62.125,61.156,61.312,63.406
08-11-2026 23:17:12,6315,7607,1423,16384,14.333333333333334,98.0,16570,VDD_IN,28136,7992,7598,16967,16570,3907,3968,2.0,5.0,2.0,2.0,0.0,75.0,62.218,63.187,62.093,61.187,61.375,63.031
08-11-2026 23:17:13,6315,7607,1423,16384,16.166666666666668,98.0,16767,VDD_IN,28529,7991,7911,16967,16767,3907,3851,3.0,8.0,3.0,1.0,0.0,82.0,62.218,62.937,62.125,61.031,61.375,62.937
08-11-2026 23:17:14,6315,7607,1423,16384,16.166666666666668,98.0,17683,VDD_IN,30326,7994,8681,16969,17683,3907,3962,2.0,5.0,2.0,3.0,0.0,85.0,62.156,63.437,62.156,61.093,61.5,63.437
08-11-2026 23:17:15,6315,7607,1423,16384,15.833333333333334,97.0,17683,VDD_IN,30365,7996,8759,16971,17683,3907,3923,2.0,4.0,5.0,1.0,0.0,83.0,62.312,63.625,62.062,61.125,61.406,63.625
08-11-2026 23:17:16,6316,7607,1423,16384,18.833333333333332,98.0,17761,VDD_IN,30443,7999,8759,16974,17761,3907,3923,5.0,19.0,7.0,6.0,0.0,76.0,62.593,63.531,62.125,61.093,61.5,63.531
08-11-2026 23:17:17,6317,7607,1423,16384,14.333333333333334,97.0,17526,VDD_IN,29973,8000,8524,16976,17526,3907,3923,5.0,1.0,4.0,2.0,0.0,74.0,62.218,63.531,62.093,61.156,61.437,63.531
08-11-2026 23:17:18,6317,7607,1423,16384,13.833333333333334,97.0,17486,VDD_IN,29816,8002,8368,16978,17486,3907,3962,6.0,1.0,1.0,1.0,0.0,74.0,62.281,63.812,62.156,61.031,61.5,63.812
08-11-2026 23:17:20,6316,7607,1423,16384,14.666666666666666,98.0,17290,VDD_IN,29463,8002,8172,16979,17290,3907,4001,3.0,2.0,7.0,2.0,0.0,74.0,62.406,63.75,62.125,61.031,61.281,63.75
08-11-2026 23:17:21,6317,7607,1423,16384,14.333333333333334,97.0,17211,VDD_IN,29228,8002,8016,16979,17211,3908,4001,5.0,2.0,2.0,2.0,0.0,75.0,62.343,63.812,62.062,61.031,61.375,63.812
08-11-2026 23:17:22,6317,7607,1423,16384,14.666666666666666,97.0,17093,VDD_IN,28921,8001,7742,16980,17093,3908,4086,4.0,3.0,2.0,3.0,0.0,76.0,62.5,63.812,62.031,61.187,61.343,63.812
08-11-2026 23:17:23,6318,7607,1423,16384,19.166666666666668,97.0,16806,VDD_IN,28256,7999,7324,16979,16806,3909,4126,7.0,10.0,6.0,17.0,0.0,75.0,62.281,63.343,62.218,61.281,61.406,63.343
08-11-2026 23:17:24,6319,7607,1423,16384,14.5,98.0,16570,VDD_IN,28136,7998,7676,16978,16570,3909,3890,6.0,1.0,2.0,3.0,0.0,75.0,62.187,63.281,62.281,61.156,61.437,63.281
08-11-2026 23:17:25,6319,7607,1423,16384,16.333333333333332,99.0,16964,VDD_IN,28870,7998,8016,16978,16964,3909,3890,10.0,1.0,2.0,2.0,0.0,83.0,62.125,63.25,62.093,61.062,61.406,63.25
08-11-2026 23:17:26,6319,7607,1423,16384,15.833333333333334,99.0,17604,VDD_IN,30208,8000,8681,16980,17604,3909,3923,5.0,2.0,1.0,2.0,0.0,85.0,62.593,63.562,62.031,61.062,61.375,63.562
08-11-2026 23:17:27,6319,7607,1423,16384,15.833333333333334,97.0,17683,VDD_IN,30365,8003,8759,16982,17683,3909,3923,2.0,4.0,4.0,2.0,1.0,82.0,62.5,63.781,62.125,61.156,61.406,63.781
08-11-2026 23:17:28,6318,7607,1423,16384,19.666666666666668,97.0,17722,VDD_IN,30350,8005,8705,16984,17722,3909,3923,7.0,13.0,19.0,4.0,0.0,75.0,62.156,63.468,62.187,61.0,61.531,63.468
08-11-2026 23:17:29,6319,7607,1423,16384,14.0,97.0,17486,VDD_IN,29855,8006,8446,16986,17486,3909,3923,1.0,5.0,3.0,1.0,0.0,74.0,62.25,63.5,62.187,61.0,61.468,63.5
08-11-2026 23:17:30,6320,7607,1423,16384,14.166666666666666,97.0,17368,VDD_IN,29698,8008,8368,16987,17368,3909,3962,3.0,4.0,2.0,2.0,0.0,74.0,62.343,63.5,62.093,61.031,61.375,63.5
08-11-2026 23:17:31,6320,7607,1423,16384,14.333333333333334,97.0,17172,VDD_IN,29228,8008,8055,16988,17172,3909,4001,3.0,2.0,3.0,3.0,0.0,75.0,62.656,63.375,62.062,61.093,61.531,63.375
08-11-2026 23:17:32,6321,7607,1423,16384,14.333333333333334,97.0,17133,VDD_IN,29072,8007,7899,16988,17133,3910,4040,2.0,1.0,3.0,4.0,0.0,76.0,62.312,63.437,62.125,61.25,61.437,63.437
08-11-2026 23:17:33,6321,7607,1423,16384,14.333333333333334,97.0,16975,VDD_IN,28737,8006,7676,16988,16975,3910,4086,3.0,3.0,3.0,2.0,0.0,75.0,62.25,63.562,62.156,61.062,61.437,63.562
08-11-2026 23:17:34,6319,7607,1423,16384,19.333333333333332,99.0,16885,VDD_IN,28374,8004,7324,16988,16885,3911,4165,7.0,10.0,9.0,14.0,0.0,76.0,62.406,63.343,62.218,61.062,61.437,63.343
08-11-2026 23:17:35,6319,7607,1423,16384,15.333333333333334,99.0,16491,VDD_IN,28057,8003,7676,16986,16491,3911,3890,2.0,7.0,6.0,2.0,0.0,75.0,62.281,63.468,62.125,61.093,61.406,63.468
08-11-2026 23:17:36,6320,7607,1423,16384,16.0,99.0,16924,VDD_IN,28908,8003,8094,16986,16924,3911,3890,3.0,2.0,2.0,5.0,0.0,84.0,62.281,63.375,62.031,61.187,61.406,63.375
08-11-2026 23:17:37,6320,7607,1423,16384,16.166666666666668,97.0,17604,VDD_IN,30168,8006,8681,16988,17604,3911,3883,2.0,4.0,3.0,3.0,0.0,85.0,62.375,63.812,62.156,61.125,61.343,63.812
08-11-2026 23:17:38,6319,7607,1423,16384,15.666666666666666,97.0,17604,VDD_IN,30208,8008,8681,16990,17604,3911,3923,3.0,2.0,4.0,3.0,0.0,82.0,62.218,63.625,62.218,61.062,61.437,63.625
08-11-2026 23:17:39,6322,7607,1423,16384,18.666666666666668,97.0,17761,VDD_IN,30443,8010,8759,16992,17761,3911,3923,17.0,7.0,7.0,6.0,0.0,75.0,62.218,63.593,62.125,61.031,61.375,63.593
08-11-2026 23:17:40,6322,7607,1423,16384,14.5,97.0,17526,VDD_IN,29973,8011,8485,16994,17526,3911,3962,5.0,1.0,1.0,3.0,1.0,76.0,62.375,63.531,62.062,61.156,61.437,63.531
08-11-2026 23:17:41,6323,7607,1423,16384,14.666666666666666,97.0,17486,VDD_IN,29855,8013,8407,16995,17486,3911,3962,4.0,3.0,2.0,2.0,1.0,76.0,62.5,63.593,62.093,61.187,61.375,63.593
08-11-2026 23:17:42,6323,7607,1423,16384,14.0,98.0,17329,VDD_IN,29463,8013,8133,16996,17329,3912,4001,2.0,2.0,4.0,1.0,0.0,75.0,62.25,63.5,62.156,61.281,61.468,63.5
08-11-2026 23:17:43,6324,7607,1423,16384,14.333333333333334,97.0,17250,VDD_IN,29267,8013,7977,16997,17250,3912,4040,5.0,2.0,2.0,1.0,0.0,76.0,62.437,63.812,62.218,61.031,61.343,63.812
08-11-2026 23:17:44,6324,7607,1423,16384,14.0,97.0,17042,VDD_IN,28792,8012,7703,16997,17042,3912,4047,2.0,3.0,1.0,1.0,1.0,76.0,62.312,63.781,62.093,61.093,61.343,63.781
08-11-2026 23:17:45,6322,7607,1423,16384,19.0,98.0,16806,VDD_IN,28256,8010,7324,16997,16806,3913,4126,11.0,12.0,6.0,5.0,5.0,75.0,62.531,63.593,62.125,61.156,61.343,63.593
08-11-2026 23:17:46,6323,7607,1423,16384,14.833333333333334,99.0,16531,VDD_IN,28058,8009,7637,16995,16531,3913,3890,2.0,4.0,4.0,4.0,0.0,75.0,62.406,63.656,62.156,61.218,61.375,63.656
08-11-2026 23:17:47,6323,7607,1423,16384,15.0,99.0,16767,VDD_IN,28608,8009,7951,16995,16767,3913,3890,3.0,4.0,0.0,0.0,0.0,83.0,62.093,63.687,62.25,61.125,61.437,63.687
08-11-2026 23:17:48,6323,7607,1423,16384,15.666666666666666,99.0,17604,VDD_IN,30207,8011,8720,16996,17604,3913,3883,3.0,2.0,2.0,2.0,0.0,85.0,62.125,64.093,62.281,61.093,61.562,64.093
08-11-2026 23:17:49,6324,7607,1423,16384,16.0,97.0,17643,VDD_IN,30271,8013,8705,16998,17643,3913,3923,4.0,3.0,7.0,1.0,0.0,81.0,62.531,63.781,62.093,61.125,61.375,63.781
08-11-2026 23:17:50,6324,7607,1423,16384,18.666666666666668,96.0,17683,VDD_IN,30365,8015,8759,17000,17683,3913,3923,5.0,9.0,4.0,18.0,1.0,75.0,62.406,63.687,62.062,61.156,61.437,63.687
08-11-2026 23:17:51,6325,7607,1423,16384,14.166666666666666,97.0,17526,VDD_IN,29934,8016,8485,17002,17526,3913,3923,2.0,2.0,5.0,1.0,0.0,75.0,62.656,63.75,62.125,61.218,61.5,63.75
08-11-2026 23:17:52,6325,7607,1423,16384,14.333333333333334,97.0,17447,VDD_IN,29777,8017,8368,17003,17447,3913,3962,3.0,2.0,3.0,3.0,0.0,75.0,62.281,63.718,62.156,61.031,61.406,63.718
08-11-2026 23:17:53,6324,7607,1423,16384,14.0,97.0,17250,VDD_IN,29384,8018,8133,17004,17250,3913,4001,2.0,2.0,4.0,1.0,0.0,75.0,62.375,63.625,62.281,61.156,61.375,63.625
08-11-2026 23:17:54,6325,7607,1423,16384,15.166666666666666,97.0,17172,VDD_IN,29150,8017,7938,17004,17172,3914,4040,9.0,2.0,2.0,2.0,0.0,76.0,62.5,63.437,62.093,61.25,61.437,63.437
08-11-2026 23:17:55,6325,7607,1423,16384,13.833333333333334,97.0,17054,VDD_IN,28837,8017,7703,17005,17054,3914,4080,2.0,3.0,1.0,2.0,0.0,75.0,62.406,63.468,62.125,61.218,61.406,63.468
08-11-2026 23:17:56,6327,7607,1423,16384,19.0,98.0,16846,VDD_IN,28296,8014,7324,17004,16846,3915,4126,9.0,7.0,9.0,14.0,0.0,75.0,62.75,63.281,62.062,61.312,61.406,63.281
08-11-2026 23:17:57,6327,7607,1423,16384,14.166666666666666,99.0,16531,VDD_IN,28097,8014,7676,17003,16531,3915,3890,4.0,1.0,3.0,2.0,0.0,75.0,62.187,63.343,62.25,61.312,61.5,63.343
08-11-2026 23:17:58,6327,7607,1423,16384,15.5,99.0,16885,VDD_IN,28752,8014,8016,17002,16885,3915,3851,3.0,4.0,1.0,1.0,0.0,84.0,62.125,63.25,62.281,61.187,61.375,63.25
08-11-2026 23:17:59,6328,7607,1423,16384,16.0,97.0,17643,VDD_IN,30246,8016,8720,17004,17643,3914,3883,2.0,2.0,2.0,2.0,3.0,85.0,62.312,63.656,62.093,61.156,61.406,63.656
08-11-2026 23:18:00,6328,7607,1423,16384,15.5,97.0,17683,VDD_IN,30326,8018,8720,17006,17683,3914,3923,4.0,1.0,4.0,1.0,82.0,1.0,62.281,63.843,62.156,61.218,61.437,63.843
08-11-2026 23:18:01,6328,7607,1423,16384,18.666666666666668,97.0,17683,VDD_IN,30326,8020,8720,17008,17683,3915,3923,19.0,8.0,7.0,4.0,74.0,0.0,62.531,63.875,62.093,61.312,61.437,63.875
08-11-2026 23:18:02,6328,7607,1423,16384,14.166666666666666,97.0,17526,VDD_IN,29934,8021,8485,17010,17526,3915,3923,3.0,3.0,2.0,2.0,75.0,0.0,62.187,63.875,62.25,61.312,61.5,63.875
08-11-2026 23:18:03,6328,7607,1423,16384,14.166666666666666,97.0,17486,VDD_IN,29894,8022,8446,17011,17486,3915,3962,3.0,4.0,1.0,1.0,76.0,0.0,62.312,63.937,62.187,61.125,61.406,63.937
08-11-2026 23:18:04,6328,7607,1423,16384,15.0,98.0,17368,VDD_IN,29580,8023,8211,17012,17368,3915,4001,3.0,8.0,2.0,1.0,76.0,0.0,62.375,63.781,62.156,61.187,61.375,63.781
08-11-2026 23:18:05,6327,7607,1423,16384,13.5,97.0,17250,VDD_IN,29306,8023,8055,17013,17250,3915,4001,56.0,3.0,0.0,2.0,20.0,0.0,62.343,63.593,62.156,61.218,61.5,63.593
08-11-2026 23:18:06,6328,7607,1423,16384,13.666666666666666,97.0,17054,VDD_IN,28882,8022,7781,17013,17054,3916,4047,76.0,4.0,1.0,1.0,0.0,0.0,62.593,63.593,62.187,61.312,61.625,63.593
08-11-2026 23:18:07,6327,7607,1423,16384,18.333333333333332,97.0,17003,VDD_IN,28649,8021,7520,17013,17003,3916,4126,15.0,14.0,7.0,7.0,67.0,0.0,62.312,63.531,62.187,61.25,61.562,63.531
08-11-2026 23:18:08,6328,7607,1422,16384,19.5,99.0,16688,VDD_IN,28216,8019,7520,17012,16688,3916,4008,17.0,2.0,8.0,15.0,75.0,0.0,62.375,63.031,62.312,61.093,61.468,63.031
08-11-2026 23:18:09,6329,7607,1422,16384,16.0,63.0,16491,VDD_IN,28058,8018,7716,17010,16491,3916,3851,6.0,4.0,4.0,2.0,80.0,0.0,62.468,63.25,62.156,61.218,61.437,63.25
08-11-2026 23:18:10,6329,7607,1422,16384,17.5,98.0,17565,VDD_IN,30090,8020,8563,17012,17565,3916,3962,3.0,3.0,8.0,5.0,84.0,2.0,62.156,64.0,62.187,61.218,61.468,64.0
08-11-2026 23:18:11,6330,7607,1422,16384,16.0,97.0,17683,VDD_IN,30325,8022,8759,17014,17683,3916,3883,6.0,1.0,2.0,2.0,85.0,0.0,62.468,64.0,62.156,61.343,61.562,64.0
08-11-2026 23:18:12,6333,7607,1422,16384,19.333333333333332,97.0,17761,VDD_IN,30428,8024,8744,17016,17761,3916,3923,9.0,5.0,17.0,6.0,77.0,2.0,62.125,64.0,62.281,61.281,61.562,64.0
08-11-2026 23:18:13,6333,7607,1422,16384,13.666666666666666,97.0,17604,VDD_IN,30129,8026,8602,17017,17604,3916,3923,58.0,1.0,2.0,3.0,18.0,0.0,62.406,64.093,62.156,61.156,61.562,64.093
08-11-2026 23:18:14,6333,7607,1422,16384,14.666666666666666,99.0,17565,VDD_IN,30012,8027,8485,17019,17565,3916,3962,77.0,1.0,1.0,1.0,7.0,1.0,62.625,64.062,62.125,61.156,61.562,64.062
08-11-2026 23:18:15,6333,7607,1422,16384,13.833333333333334,97.0,17447,VDD_IN,29777,8028,8368,17020,17447,3917,3962,65.0,2.0,4.0,1.0,11.0,0.0,62.312,63.625,62.156,61.281,61.562,63.625
08-11-2026 23:18:16,6334,7607,1422,16384,14.333333333333334,97.0,17290,VDD_IN,29463,8028,8172,17021,17290,3917,4001,2.0,4.0,1.0,3.0,76.0,0.0,62.593,63.531,62.25,61.343,61.5,63.531
08-11-2026 23:18:17,6333,7607,1422,16384,15.166666666666666,97.0,17290,VDD_IN,29385,8028,8055,17022,17290,3917,4040,5.0,1.0,3.0,4.0,76.0,2.0,62.406,63.687,62.281,61.187,61.406,63.687
08-11-2026 23:18:18,6335,7607,1422,16384,17.833333333333332,97.0,17015,VDD_IN,28771,8027,7676,17022,17015,3918,4080,6.0,7.0,12.0,5.0,75.0,2.0,62.562,63.468,62.187,61.25,61.437,63.468
08-11-2026 23:18:19,6336,7607,1422,16384,14.666666666666666,99.0,16806,VDD_IN,28217,8025,7246,17021,16806,3918,4165,3.0,3.0,5.0,1.0,76.0,0.0,62.312,63.125,62.218,61.343,61.562,63.125
08-11-2026 23:18:20,6336,7607,1422,16384,14.333333333333334,99.0,16531,VDD_IN,28098,8024,7716,17020,16531,3918,3851,3.0,2.0,5.0,2.0,74.0,0.0,62.25,63.562,62.218,61.25,61.437,63.562
08-11-2026 23:18:21,6337,7607,1422,16384,15.666666666666666,99.0,16846,VDD_IN,28752,8024,8055,17019,16846,3918,3851,1.0,0.0,4.0,3.0,1.0,85.0,62.281,63.281,62.093,61.156,61.343,63.281
08-11-2026 23:18:22,6337,7607,1422,16384,15.666666666666666,97.0,17604,VDD_IN,30168,8026,8681,17021,17604,3918,3883,3.0,2.0,1.0,2.0,2.0,84.0,62.5,63.812,62.187,61.25,61.562,63.812
08-11-2026 23:18:23,6339,7607,1422,16384,19.833333333333332,98.0,17683,VDD_IN,30350,8028,8744,17023,17683,3918,3923,6.0,18.0,10.0,4.0,0.0,81.0,62.656,63.812,62.156,61.25,61.562,63.812
08-11-2026 23:18:24,6380,7607,1424,16384,38.666666666666664,0.0,8996,VDD_IN,14276,8015,3055,17001,8996,3913,2225,33.0,54.0,37.0,46.0,28.0,34.0,62.187,61.437,61.906,60.937,61.0,62.187
08-11-2026 23:18:25,6467,7607,1424,16384,53.0,97.0,13882,VDD_IN,23140,8010,6218,16993,13882,3911,3040,48.0,49.0,46.0,86.0,44.0,45.0,62.031,62.687,61.875,60.937,60.843,62.687
08-11-2026 23:18:26,6467,7607,1424,16384,14.333333333333334,97.0,16767,VDD_IN,28333,8009,7637,16992,16767,3911,3929,5.0,2.0,2.0,64.0,13.0,0.0,62.093,63.031,61.812,60.968,61.062,63.031
08-11-2026 23:18:27,6467,7607,1424,16384,14.0,98.0,16767,VDD_IN,28255,8007,7441,16991,16767,3911,4047,3.0,1.0,3.0,3.0,74.0,0.0,62.093,63.093,61.937,61.0,61.187,63.093
08-11-2026 23:18:28,6470,7607,1425,16384,16.166666666666668,99.0,16649,VDD_IN,28059,8006,7324,16991,16649,3912,4086,9.0,4.0,4.0,5.0,75.0,0.0,62.437,62.75,62.0,61.062,61.312,62.75
08-11-2026 23:18:29,6469,7607,1425,16384,17.5,99.0,16491,VDD_IN,28057,8005,7755,16989,16491,3911,3811,12.0,3.0,4.0,9.0,77.0,0.0,61.875,63.156,62.031,61.187,61.218,63.156
08-11-2026 23:18:30,6469,7607,1425,16384,15.5,99.0,16975,VDD_IN,28998,8005,8172,16989,16975,3911,3851,2.0,2.0,5.0,1.0,83.0,0.0,62.031,63.25,62.125,61.031,61.156,63.25
08-11-2026 23:18:31,6469,7607,1425,16384,15.666666666666666,98.0,17408,VDD_IN,29854,8007,8563,16990,17408,3911,3883,2.0,2.0,4.0,1.0,84.0,1.0,62.312,63.562,62.0,61.031,61.25,63.562
08-11-2026 23:18:32,6469,7607,1425,16384,14.833333333333334,97.0,17447,VDD_IN,29893,8008,8563,16991,17447,3911,3883,1.0,3.0,3.0,2.0,79.0,1.0,62.156,63.625,62.0,61.125,61.343,63.625
08-11-2026 23:18:33,6469,7607,1425,16384,14.166666666666666,97.0,17486,VDD_IN,29972,8010,8563,16993,17486,3911,3923,3.0,1.0,2.0,3.0,76.0,0.0,62.375,63.75,61.906,61.093,61.25,63.75
08-11-2026 23:18:34,6471,7607,1425,16384,19.666666666666668,99.0,17565,VDD_IN,30051,8011,8524,16994,17565,3911,3962,9.0,6.0,7.0,17.0,75.0,4.0,62.093,63.781,62.062,61.187,61.343,63.781
08-11-2026 23:18:35,6471,7607,1425,16384,14.333333333333334,97.0,17329,VDD_IN,29620,8012,8329,16995,17329,3911,3962,4.0,1.0,1.0,4.0,76.0,0.0,62.093,63.75,62.156,61.062,61.218,63.75
08-11-2026 23:18:36,6471,7607,1425,16384,14.333333333333334,97.0,17172,VDD_IN,29228,8012,8094,16996,17172,3912,3962,5.0,2.0,2.0,2.0,75.0,0.0,62.25,63.375,62.031,60.968,61.156,63.375
08-11-2026 23:18:37,6471,7607,1425,16384,14.333333333333334,97.0,17015,VDD_IN,28843,8012,7820,16996,17015,3912,4008,2.0,2.0,3.0,2.0,75.0,2.0,62.093,63.468,62.0,61.156,61.312,63.468
08-11-2026 23:18:38,6471,7607,1425,16384,14.166666666666666,97.0,17003,VDD_IN,28675,8011,7586,16996,17003,3912,4086,2.0,2.0,4.0,2.0,75.0,0.0,62.406,63.5,62.125,61.125,61.375,63.5
08-11-2026 23:18:39,6471,7607,1425,16384,16.666666666666668,99.0,16767,VDD_IN,28139,8009,7246,16995,16767,3913,4126,4.0,5.0,5.0,11.0,64.0,11.0,62.406,63.0,62.031,61.0,61.312,63.0
08-11-2026 23:18:40,6472,7607,1425,16384,16.5,99.0,16334,VDD_IN,27782,8008,7637,16993,16334,3913,3811,5.0,5.0,8.0,7.0,0.0,74.0,62.093,63.375,61.968,61.062,61.25,63.375
08-11-2026 23:18:41,6473,7607,1425,16384,15.5,99.0,16767,VDD_IN,28568,8008,7990,16993,16767,3912,3811,2.0,2.0,3.0,3.0,0.0,83.0,62.25,63.343,61.968,60.937,61.281,63.343
08-11-2026 23:18:42,6472,7607,1425,16384,15.5,97.0,17486,VDD_IN,29971,8009,8602,16994,17486,3912,3883,3.0,3.0,2.0,1.0,0.0,84.0,62.093,63.437,62.093,61.187,61.343,63.437
08-11-2026 23:18:43,6472,7607,1425,16384,15.333333333333334,98.0,17565,VDD_IN,30089,8011,8641,16996,17565,3912,3883,3.0,2.0,2.0,4.0,0.0,81.0,62.156,63.468,62.093,61.218,61.406,63.468
08-11-2026 23:18:44,6472,7607,1425,16384,14.666666666666666,98.0,17526,VDD_IN,30012,8012,8563,16997,17526,3912,3923,2.0,1.0,8.0,1.0,0.0,76.0,62.281,63.656,62.125,61.031,61.343,63.656
08-11-2026 23:18:45,6472,7607,1425,16384,19.0,97.0,17565,VDD_IN,30012,8013,8524,16998,17565,3912,3923,5.0,10.0,6.0,18.0,0.0,75.0,62.312,63.656,62.031,61.062,61.281,63.656
08-11-2026 23:18:46,6472,7607,1425,16384,14.333333333333334,97.0,17368,VDD_IN,29659,8014,8329,16999,17368,3912,3962,2.0,4.0,2.0,2.0,1.0,75.0,62.375,63.75,61.906,61.125,61.312,63.75
08-11-2026 23:18:47,6472,7607,1425,16384,13.666666666666666,98.0,17250,VDD_IN,29384,8015,8133,17000,17250,3913,4001,3.0,2.0,0.0,1.0,0.0,76.0,62.218,63.625,62.062,61.156,61.281,63.625
08-11-2026 23:18:48,6472,7607,1425,16384,14.5,97.0,17133,VDD_IN,29111,8014,7977,17000,17133,3913,4001,5.0,3.0,2.0,1.0,0.0,76.0,62.218,63.687,62.125,60.968,61.468,63.687
08-11-2026 23:18:49,6472,7607,1425,16384,14.5,97.0,17054,VDD_IN,28843,8014,7742,17000,17054,3913,4047,3.0,5.0,2.0,1.0,0.0,76.0,62.312,63.375,61.968,61.093,61.218,63.375
08-11-2026 23:18:50,6472,7607,1425,16384,16.666666666666668,98.0,16857,VDD_IN,28385,8012,7402,17000,16857,3914,4126,3.0,8.0,4.0,11.0,0.0,74.0,62.625,63.312,62.031,61.062,61.437,63.312
08-11-2026 23:18:51,6473,7607,1425,16384,16.166666666666668,99.0,16491,VDD_IN,27940,8011,7520,16999,16491,3914,3929,5.0,3.0,6.0,9.0,0.0,74.0,62.406,63.0,62.093,61.187,61.375,63.0
08-11-2026 23:18:52,6473,7607,1425,16384,14.5,99.0,16609,VDD_IN,28293,8011,7833,16998,16609,3914,3851,1.0,0.0,3.0,1.0,0.0,82.0,62.0,62.937,62.125,61.281,61.406,62.937
08-11-2026 23:18:53,6474,7607,1425,16384,15.5,98.0,17643,VDD_IN,30232,8012,8588,16999,17643,3914,4001,4.0,2.0,1.0,2.0,0.0,84.0,62.187,63.531,62.187,61.093,61.531,63.531
08-11-2026 23:18:54,6474,7607,1425,16384,16.333333333333332,97.0,17643,VDD_IN,30246,8014,8720,17001,17643,3914,3883,7.0,4.0,1.0,1.0,1.0,84.0,62.343,63.812,62.125,61.156,61.437,63.812
08-11-2026 23:18:55,6473,7607,1425,16384,13.666666666666666,99.0,17526,VDD_IN,30051,8015,8602,17002,17526,3914,3923,1.0,4.0,1.0,1.0,0.0,75.0,62.531,63.812,62.125,61.187,61.406,63.812
08-11-2026 23:18:56,6473,7607,1425,16384,18.833333333333332,97.0,17565,VDD_IN,30051,8017,8563,17004,17565,3914,3923,9.0,7.0,4.0,18.0,0.0,75.0,62.468,63.875,62.062,61.125,61.406,63.875
08-11-2026 23:18:57,6473,7607,1425,16384,15.0,97.0,17408,VDD_IN,29738,8018,8407,17005,17408,3914,3923,6.0,3.0,2.0,3.0,1.0,75.0,62.187,63.937,62.187,61.312,61.406,63.937
08-11-2026 23:18:58,6473,7607,1425,16384,14.0,99.0,17329,VDD_IN,29463,8018,8172,17005,17329,3914,3962,2.0,2.0,0.0,1.0,3.0,76.0,62.343,63.906,62.218,61.156,61.312,63.906
08-11-2026 23:18:59,6473,7607,1425,16384,14.333333333333334,97.0,17250,VDD_IN,29306,8018,8055,17006,17250,3914,4001,2.0,3.0,2.0,3.0,0.0,76.0,62.437,63.593,62.093,61.093,61.375,63.593
08-11-2026 23:19:00,6473,7607,1425,16384,13.833333333333334,97.0,16897,VDD_IN,28647,8017,7703,17006,16897,3914,4047,2.0,3.0,1.0,2.0,0.0,75.0,62.562,63.531,62.093,61.25,61.375,63.531
08-11-2026 23:19:01,6471,7607,1425,16384,18.0,97.0,16964,VDD_IN,28610,8016,7520,17006,16964,3915,4126,3.0,18.0,8.0,5.0,0.0,74.0,62.312,63.437,62.187,61.25,61.375,63.437
08-11-2026 23:19:02,6472,7607,1425,16384,14.833333333333334,99.0,16452,VDD_IN,27861,8015,7441,17004,16452,3915,3968,5.0,5.0,3.0,2.0,0.0,74.0,62.375,63.093,62.281,61.125,61.5,63.093
08-11-2026 23:19:03,6472,7607,1425,16384,15.5,99.0,16570,VDD_IN,28175,8014,7794,17003,16570,3915,3811,3.0,4.0,2.0,1.0,1.0,82.0,62.125,63.343,62.125,61.156,61.406,63.343
08-11-2026 23:19:04,6472,7607,1425,16384,16.833333333333332,98.0,17643,VDD_IN,30207,8016,8602,17005,17643,3915,3962,3.0,5.0,6.0,2.0,0.0,85.0,62.375,64.062,62.125,61.218,61.375,64.062
08-11-2026 23:19:05,6472,7607,1425,16384,15.5,97.0,17604,VDD_IN,30153,8017,8666,17006,17604,3915,3883,3.0,3.0,2.0,2.0,0.0,83.0,62.593,64.062,62.218,61.218,61.437,64.062
08-11-2026 23:19:06,6472,7607,1425,16384,14.333333333333334,97.0,17486,VDD_IN,29933,8018,8524,17007,17486,3915,3923,2.0,2.0,2.0,5.0,0.0,75.0,62.375,64.062,62.187,61.25,61.531,64.062
08-11-2026 23:19:07,6473,7607,1425,16384,19.333333333333332,97.0,17526,VDD_IN,30012,8020,8563,17009,17526,3915,3923,11.0,17.0,4.0,9.0,0.0,75.0,62.5,63.593,62.25,61.062,61.5,63.593
08-11-2026 23:19:08,6473,7607,1425,16384,13.833333333333334,97.0,17368,VDD_IN,29659,8020,8368,17010,17368,3915,3923,1.0,3.0,2.0,2.0,0.0,75.0,62.562,63.781,62.125,61.187,61.406,63.781
08-11-2026 23:19:09,6473,7607,1425,16384,14.5,98.0,17211,VDD_IN,29345,8021,8133,17010,17211,3915,4001,3.0,4.0,2.0,3.0,0.0,75.0,62.437,63.656,62.125,61.281,61.5,63.656
08-11-2026 23:19:10,6473,7607,1425,16384,14.166666666666666,97.0,17093,VDD_IN,29000,8020,7899,17010,17093,3915,4008,1.0,2.0,4.0,3.0,0.0,75.0,62.687,63.718,62.156,61.281,61.375,63.718
08-11-2026 23:19:11,6473,7607,1425,16384,13.833333333333334,97.0,16897,VDD_IN,28569,8019,7625,17010,16897,3916,4047,1.0,1.0,1.0,5.0,0.0,75.0,62.312,63.781,62.281,61.093,61.437,63.781
08-11-2026 23:19:12,6474,7607,1425,16384,18.333333333333332,99.0,16806,VDD_IN,28256,8018,7324,17009,16806,3916,4126,8.0,5.0,6.0,17.0,1.0,73.0,62.625,63.343,62.187,61.187,61.562,63.281
08-11-2026 23:19:13,6474,7607,1425,16384,14.666666666666666,99.0,16413,VDD_IN,27980,8017,7716,17008,16413,3916,3851,4.0,4.0,3.0,1.0,0.0,76.0,62.437,63.375,62.187,61.218,61.312,63.375
08-11-2026 23:19:14,6474,7607,1425,16384,15.833333333333334,99.0,16818,VDD_IN,28737,8017,8068,17008,16818,3916,3851,4.0,4.0,2.0,1.0,0.0,84.0,62.218,63.125,62.25,61.343,61.468,63.125
08-11-2026 23:19:15,6474,7607,1425,16384,17.0,96.0,17565,VDD_IN,30075,8019,8627,17009,17565,3916,3883,6.0,7.0,2.0,2.0,0.0,85.0,62.625,63.656,62.187,61.375,61.562,63.656
08-11-2026 23:19:16,6474,7607,1425,16384,15.166666666666666,98.0,17604,VDD_IN,30208,8020,8681,17010,17604,3916,3923,6.0,3.0,1.0,0.0,0.0,81.0,62.375,63.718,62.281,61.187,61.562,63.718
08-11-2026 23:19:17,6474,7607,1425,16384,14.166666666666666,97.0,17526,VDD_IN,30051,8022,8602,17012,17526,3916,3923,5.0,1.0,3.0,1.0,0.0,75.0,62.406,63.937,62.125,61.25,61.5,63.937
08-11-2026 23:19:18,6474,7607,1425,16384,18.666666666666668,97.0,17486,VDD_IN,29894,8023,8485,17013,17486,3916,3923,18.0,5.0,8.0,3.0,3.0,75.0,62.593,63.937,62.218,61.218,61.531,63.937
08-11-2026 23:19:19,6474,7607,1425,16384,14.5,97.0,17329,VDD_IN,29620,8023,8329,17013,17329,3916,3962,3.0,2.0,1.0,5.0,0.0,76.0,62.343,63.906,62.156,61.343,61.468,63.906
08-11-2026 23:19:20,6474,7607,1425,16384,14.666666666666666,97.0,17211,VDD_IN,29306,8024,8133,17014,17211,3916,3962,7.0,0.0,2.0,4.0,0.0,75.0,62.562,63.875,62.343,61.343,61.531,63.875
08-11-2026 23:19:21,6474,7607,1425,16384,14.333333333333334,97.0,17054,VDD_IN,28953,8023,7859,17014,17054,3916,4040,6.0,1.0,2.0,2.0,0.0,75.0,62.375,63.906,62.281,61.281,61.312,63.906
08-11-2026 23:19:22,6474,7607,1425,16384,14.5,97.0,16885,VDD_IN,28530,8022,7559,17014,16885,3917,4086,4.0,4.0,2.0,3.0,0.0,74.0,62.437,63.656,62.187,61.25,61.468,63.656
08-11-2026 23:19:23,6474,7607,1425,16384,18.5,99.0,16806,VDD_IN,28256,8021,7324,17013,16806,3917,4126,5.0,17.0,6.0,8.0,1.0,74.0,62.781,63.031,62.156,61.281,61.562,63.031
08-11-2026 23:19:24,6474,7607,1425,16384,14.0,99.0,16413,VDD_IN,27940,8020,7716,17012,16413,3917,3811,4.0,0.0,2.0,1.0,0.0,77.0,62.187,63.437,62.281,61.312,61.5,63.437
08-11-2026 23:19:25,6474,7607,1425,16384,16.166666666666668,99.0,16975,VDD_IN,28959,8020,8133,17012,16975,3917,3851,2.0,2.0,3.0,6.0,0.0,84.0,62.25,63.25,62.312,61.156,61.562,63.25
08-11-2026 23:19:26,6473,7607,1425,16384,16.666666666666668,98.0,17486,VDD_IN,29971,8021,8602,17013,17486,3917,3883,3.0,5.0,2.0,5.0,0.0,85.0,62.312,63.593,62.312,61.312,61.562,63.593
08-11-2026 23:19:27,6473,7607,1425,16384,15.0,97.0,17565,VDD_IN,30129,8023,8641,17014,17565,3917,3923,4.0,3.0,48.0,34.0,0.0,1.0,62.593,63.906,62.218,61.218,61.562,64.156
08-11-2026 23:19:28,6473,7607,1425,16384,14.166666666666666,98.0,17526,VDD_IN,30012,8024,8563,17015,17526,3917,3923,4.0,4.0,76.0,1.0,0.0,0.0,62.75,64.125,62.281,61.312,61.531,64.125
08-11-2026 23:19:29,6473,7607,1425,16384,19.5,98.0,17526,VDD_IN,29973,8025,8485,17016,17526,3917,3962,9.0,7.0,37.0,62.0,1.0,1.0,62.343,64.156,62.25,61.375,61.625,64.156
08-11-2026 23:19:30,6473,7607,1425,16384,14.0,97.0,17329,VDD_IN,29581,8026,8290,17017,17329,3917,3962,2.0,0.0,1.0,76.0,4.0,1.0,62.718,64.093,62.187,61.375,61.593,64.093
08-11-2026 23:19:31,6472,7607,1425,16384,13.666666666666666,97.0,17250,VDD_IN,29384,8026,8133,17018,17250,3917,4001,3.0,2.0,1.0,75.0,1.0,0.0,62.406,63.718,62.375,61.281,61.656,63.718
08-11-2026 23:19:32,6472,7607,1425,16384,14.0,97.0,17054,VDD_IN,28914,8026,7820,17018,17054,3917,4040,3.0,2.0,3.0,75.0,0.0,1.0,62.531,63.593,62.187,61.218,61.437,63.593
08-11-2026 23:19:33,6472,7607,1425,16384,13.833333333333334,97.0,16936,VDD_IN,28569,8025,7547,17018,16936,3918,4086,2.0,1.0,1.0,74.0,4.0,1.0,62.593,63.593,62.218,61.312,61.468,63.593
08-11-2026 23:19:34,6472,7607,1425,16384,18.333333333333332,99.0,16806,VDD_IN,28295,8023,7363,17017,16806,3918,4126,14.0,10.0,15.0,69.0,2.0,0.0,62.406,63.031,62.312,61.312,61.625,63.031
08-11-2026 23:19:35,6473,7607,1425,16384,14.166666666666666,99.0,16452,VDD_IN,27979,8022,7716,17016,16452,3918,3811,77.0,1.0,1.0,5.0,0.0,1.0,62.437,63.468,62.375,61.5,61.531,63.468
08-11-2026 23:19:36,6472,7607,1425,16384,15.833333333333334,99.0,17211,VDD_IN,29384,8023,8290,17016,17211,3918,3883,57.0,4.0,2.0,3.0,29.0,0.0,62.187,63.781,62.375,61.218,61.562,63.781
08-11-2026 23:19:37,6472,7607,1425,16384,17.0,97.0,17604,VDD_IN,30168,8024,8681,17018,17604,3918,3883,6.0,3.0,3.0,5.0,85.0,0.0,62.312,63.906,62.25,61.218,61.531,63.906
08-11-2026 23:19:38,6474,7607,1425,16384,15.333333333333334,98.0,17604,VDD_IN,30168,8026,8641,17019,17604,3918,3923,2.0,6.0,1.0,5.0,78.0,0.0,62.625,63.906,62.25,61.281,61.562,63.906
08-11-2026 23:19:39,6473,7607,1425,16384,14.5,97.0,17526,VDD_IN,30012,8027,8563,17020,17526,3918,3923,2.0,3.0,2.0,4.0,76.0,0.0,62.281,63.968,62.25,61.312,61.593,63.968
08-11-2026 23:19:40,6473,7607,1425,16384,19.0,97.0,17486,VDD_IN,29855,8028,8407,17021,17486,3918,3962,9.0,17.0,9.0,3.0,75.0,1.0,62.281,63.906,62.343,61.343,61.593,63.906
08-11-2026 23:19:41,6473,7607,1425,16384,14.333333333333334,97.0,17329,VDD_IN,29502,8028,8211,17022,17329,3918,3962,5.0,2.0,2.0,2.0,75.0,0.0,62.406,63.625,62.281,61.312,61.406,63.625
08-11-2026 23:19:42,6473,7607,1425,16384,14.166666666666666,97.0,17290,VDD_IN,29385,8028,8094,17022,17290,3918,4001,5.0,1.0,2.0,3.0,74.0,0.0,62.312,63.625,62.25,61.25,61.437,63.625
08-11-2026 23:19:43,6474,7607,1425,16384,14.0,99.0,16975,VDD_IN,28764,8028,7742,17022,16975,3919,4047,1.0,3.0,2.0,1.0,75.0,2.0,62.5,63.625,62.156,61.343,61.406,63.625
08-11-2026 23:19:44,6474,7607,1425,16384,13.833333333333334,97.0,16885,VDD_IN,28452,8027,7481,17022,16885,3919,4086,2.0,1.0,2.0,3.0,75.0,0.0,62.281,63.656,62.343,61.406,61.468,63.656
08-11-2026 23:19:45,6473,7607,1425,16384,19.166666666666668,99.0,16688,VDD_IN,28176,8025,7441,17021,16688,3919,4047,8.0,9.0,6.0,17.0,75.0,0.0,62.531,63.062,62.281,61.281,61.687,63.062
08-11-2026 23:19:46,6473,7607,1425,16384,14.166666666666666,99.0,16491,VDD_IN,28058,8025,7716,17020,16491,3919,3851,76.0,1.0,2.0,4.0,2.0,0.0,62.312,63.75,62.281,61.281,61.5,63.75
08-11-2026 23:19:47,6473,7607,1425,16384,16.166666666666668,99.0,17447,VDD_IN,29777,8025,8407,17021,17447,3919,3923,9.0,3.0,2.0,6.0,77.0,0.0,62.468,64.093,62.312,61.312,61.593,64.093
08-11-2026 23:19:48,6473,7607,1425,16384,17.333333333333332,97.0,17683,VDD_IN,30271,8027,8705,17022,17683,3919,3883,3.0,7.0,1.0,7.0,85.0,1.0,62.468,64.125,62.281,61.312,61.562,64.125
08-11-2026 23:19:49,6472,7607,1425,16384,15.5,97.0,17604,VDD_IN,30129,8028,8602,17024,17604,3919,3923,3.0,5.0,4.0,4.0,77.0,0.0,62.718,64.218,62.281,61.375,61.562,64.218
08-11-2026 23:19:50,6473,7607,1425,16384,14.0,97.0,17526,VDD_IN,29998,8029,8549,17025,17526,3919,3923,1.0,3.0,1.0,3.0,76.0,0.0,62.281,64.218,62.375,61.281,61.593,64.218
08-11-2026 23:19:51,6473,7607,1425,16384,19.166666666666668,97.0,17447,VDD_IN,29777,8030,8407,17026,17447,3919,3923,4.0,8.0,18.0,10.0,75.0,0.0,62.5,64.093,62.187,61.281,61.5,64.093
08-11-2026 23:19:52,6473,7607,1425,16384,14.333333333333334,97.0,17329,VDD_IN,29502,8031,8211,17026,17329,3919,3962,7.0,3.0,0.0,1.0,75.0,0.0,62.593,63.875,62.218,61.343,61.593,63.875
08-11-2026 23:19:53,6473,7607,1425,16384,13.833333333333334,97.0,17250,VDD_IN,29306,8031,8055,17027,17250,3919,4001,3.0,1.0,5.0,0.0,74.0,0.0,62.406,63.812,62.25,61.343,61.562,63.812
08-11-2026 23:19:54,6472,7607,1425,16384,13.666666666666666,99.0,17015,VDD_IN,28758,8030,7703,17027,17015,3920,4040,6.0,1.0,1.0,0.0,74.0,0.0,62.718,63.718,62.312,61.437,61.468,63.718
08-11-2026 23:19:55,6474,7607,1425,16384,14.666666666666666,97.0,16846,VDD_IN,28373,8029,7441,17026,16846,3920,4086,14.0,3.0,3.0,2.0,66.0,0.0,62.343,63.75,62.406,61.25,61.687,63.75
08-11-2026 23:19:56,6473,7607,1425,16384,17.833333333333332,99.0,16649,VDD_IN,28138,8027,7481,17026,16649,3920,4008,76.0,12.0,8.0,10.0,0.0,1.0,62.468,63.343,62.218,61.343,61.593,63.343
08-11-2026 23:19:57,6474,7607,1425,16384,14.5,54.0,16452,VDD_IN,28019,8027,7716,17024,16452,3920,3851,81.0,3.0,3.0,0.0,0.0,0.0,62.5,63.5,62.343,61.343,61.593,63.5
08-11-2026 23:19:58,6474,7607,1425,16384,15.666666666666666,99.0,17486,VDD_IN,29894,8028,8446,17025,17486,3920,3962,85.0,2.0,2.0,4.0,0.0,1.0,62.562,63.812,62.343,61.406,61.625,63.812
08-11-2026 23:19:59,6474,7607,1425,16384,17.166666666666668,97.0,17683,VDD_IN,30286,8029,8720,17027,17683,3920,3883,12.0,8.0,1.0,7.0,75.0,0.0,62.656,63.781,62.406,61.468,61.625,63.781
08-11-2026 23:20:00,6474,7607,1425,16384,14.5,97.0,17526,VDD_IN,30012,8030,8563,17028,17526,3920,3923,2.0,5.0,1.0,2.0,77.0,0.0,62.281,63.781,62.406,61.312,61.562,63.781
08-11-2026 23:20:01,6474,7607,1425,16384,14.5,97.0,17526,VDD_IN,29973,8031,8524,17029,17526,3920,3923,2.0,6.0,2.0,2.0,75.0,0.0,62.437,63.812,62.5,61.312,61.531,63.812
08-11-2026 23:20:02,6475,7607,1425,16384,18.833333333333332,97.0,17486,VDD_IN,29855,8032,8446,17030,17486,3920,3923,6.0,17.0,7.0,7.0,76.0,0.0,62.593,63.718,62.25,61.343,61.593,63.718
08-11-2026 23:20:03,6475,7607,1425,16384,14.0,97.0,17329,VDD_IN,29541,8033,8250,17031,17329,3920,3962,3.0,4.0,1.0,1.0,75.0,0.0,62.343,63.906,62.312,61.468,61.625,63.906
08-11-2026 23:20:04,6475,7607,1425,16384,14.166666666666666,97.0,17211,VDD_IN,29267,8033,8055,17031,17211,3920,4001,2.0,6.0,1.0,2.0,74.0,0.0,62.375,63.968,62.343,61.281,61.531,63.968
08-11-2026 23:20:05,6475,7607,1425,16384,14.5,98.0,17093,VDD_IN,28914,8032,7781,17031,17093,3921,4040,3.0,4.0,2.0,2.0,76.0,0.0,62.312,63.843,62.218,61.281,61.562,63.843
08-11-2026 23:20:06,6475,7607,1425,16384,14.0,98.0,16936,VDD_IN,28569,8031,7507,17031,16936,3921,4126,2.0,4.0,1.0,2.0,75.0,0.0,62.406,63.937,62.281,61.375,61.531,63.937
08-11-2026 23:20:07,6474,7607,1425,16384,18.5,99.0,16728,VDD_IN,28216,8030,7402,17030,16728,3921,4086,18.0,8.0,4.0,4.0,69.0,8.0,62.812,63.375,62.343,61.375,61.625,63.125
08-11-2026 23:20:08,6474,7607,1425,16384,15.166666666666666,99.0,16452,VDD_IN,27979,8029,7676,17029,16452,3921,3851,6.0,2.0,2.0,1.0,0.0,80.0,62.187,63.468,62.281,61.406,61.625,63.468
08-11-2026 23:20:09,6474,7607,1425,16384,15.833333333333334,99.0,17447,VDD_IN,29816,8030,8446,17030,17447,3921,3923,1.0,3.0,5.0,2.0,0.0,84.0,62.218,63.875,62.375,61.218,61.625,63.875
08-11-2026 23:20:10,6473,7607,1425,16384,18.833333333333332,97.0,17683,VDD_IN,30310,8031,8744,17031,17683,3921,3883,5.0,5.0,11.0,6.0,1.0,85.0,62.375,63.937,62.5,61.312,61.625,63.937
08-11-2026 23:20:12,6474,7607,1425,16384,14.5,98.0,17565,VDD_IN,30129,8033,8641,17032,17565,3921,3923,2.0,2.0,4.0,2.0,0.0,77.0,62.531,63.906,62.312,61.343,61.593,63.906
08-11-2026 23:20:13,6474,7607,1425,16384,14.333333333333334,97.0,17565,VDD_IN,30090,8034,8602,17033,17565,3921,3923,4.0,3.0,2.0,1.0,0.0,76.0,62.656,64.187,62.312,61.375,61.625,64.187
08-11-2026 23:20:14,6475,7607,1425,16384,18.5,97.0,17447,VDD_IN,29855,8035,8446,17034,17447,3921,3962,11.0,4.0,3.0,18.0,0.0,75.0,62.468,64.031,62.312,61.437,61.656,64.031
08-11-2026 23:20:15,6475,7607,1425,16384,13.833333333333334,97.0,17329,VDD_IN,29541,8035,8250,17035,17329,3921,3962,2.0,2.0,4.0,1.0,0.0,74.0,62.468,64.156,62.343,61.218,61.531,64.156
08-11-2026 23:20:16,6475,7607,1425,16384,13.666666666666666,97.0,17290,VDD_IN,29385,8035,8094,17035,17290,3921,4001,2.0,0.0,5.0,1.0,0.0,74.0,62.593,63.75,62.187,61.343,61.531,63.75
08-11-2026 23:20:17,6475,7607,1425,16384,14.333333333333334,99.0,17054,VDD_IN,28875,8035,7781,17035,17054,3922,4040,3.0,1.0,4.0,3.0,0.0,75.0,62.437,63.781,62.187,61.406,61.562,63.781
08-11-2026 23:20:18,6475,7607,1425,16384,14.166666666666666,97.0,16975,VDD_IN,28620,8034,7559,17035,16975,3922,4086,3.0,4.0,1.0,2.0,0.0,75.0,62.718,63.75,62.25,61.468,61.562,63.75
08-11-2026 23:20:19,6474,7607,1425,16384,18.666666666666668,99.0,16728,VDD_IN,28216,8032,7402,17035,16728,3922,4086,18.0,6.0,7.0,6.0,0.0,75.0,62.531,63.25,62.437,61.343,61.656,63.25
08-11-2026 23:20:20,6474,7607,1425,16384,15.0,77.0,16452,VDD_IN,28019,8032,7716,17034,16452,3922,3851,1.0,2.0,1.0,6.0,0.0,80.0,62.375,63.625,62.5,61.312,61.562,63.625
08-11-2026 23:20:21,6474,7607,1425,16384,15.666666666666666,98.0,17329,VDD_IN,29620,8032,8368,17034,17329,3922,3923,5.0,1.0,2.0,2.0,0.0,84.0,62.468,64.218,62.343,61.343,61.531,64.218
08-11-2026 23:20:22,6475,7607,1425,16384,16.666666666666668,97.0,17604,VDD_IN,30207,8034,8720,17035,17604,3922,3883,7.0,2.0,4.0,2.0,0.0,85.0,62.687,63.812,62.437,61.375,61.593,63.812
08-11-2026 23:20:23,6474,7607,1425,16384,15.166666666666666,98.0,17604,VDD_IN,30154,8035,8627,17036,17604,3922,3923,4.0,2.0,3.0,2.0,1.0,79.0,62.468,63.812,62.375,61.25,61.625,64.031
08-11-2026 23:20:24,6474,7607,1425,16384,14.666666666666666,97.0,17604,VDD_IN,30168,8036,8641,17038,17604,3922,3923,2.0,4.0,4.0,3.0,0.0,75.0,62.593,63.968,62.343,61.312,61.562,63.968
08-11-2026 23:20:25,6477,7607,1425,16384,18.0,99.0,17486,VDD_IN,29933,8037,8485,17039,17486,3922,3962,6.0,3.0,8.0,16.0,1.0,74.0,62.75,63.937,62.343,61.343,61.593,63.937
08-11-2026 23:20:26,6476,7607,1425,16384,14.5,97.0,17447,VDD_IN,29738,8038,8329,17039,17447,3922,3962,5.0,3.0,2.0,2.0,0.0,75.0,62.593,64.0,62.343,61.343,61.625,64.0
08-11-2026 23:20:27,6476,7607,1425,16384,14.333333333333334,97.0,17329,VDD_IN,29463,8038,8133,17040,17329,3922,4001,2.0,1.0,6.0,1.0,0.0,76.0,62.843,64.062,62.406,61.437,61.625,64.062
08-11-2026 23:20:28,6477,7607,1425,16384,14.5,98.0,17093,VDD_IN,28960,8038,7820,17040,17093,3923,4047,3.0,2.0,6.0,2.0,0.0,74.0,62.531,63.968,62.5,61.343,61.687,63.968
08-11-2026 23:20:29,6477,7607,1425,16384,14.333333333333334,97.0,16936,VDD_IN,28620,8037,7598,17040,16936,3923,4086,7.0,2.0,1.0,1.0,0.0,75.0,62.625,63.781,62.312,61.343,61.593,63.781
08-11-2026 23:20:30,6475,7607,1425,16384,18.833333333333332,99.0,16767,VDD_IN,28178,8035,7285,17039,16767,3923,4126,10.0,18.0,5.0,6.0,0.0,74.0,63.0,63.218,62.375,61.343,61.625,63.218
08-11-2026 23:20:31,6475,7607,1425,16384,14.166666666666666,99.0,16413,VDD_IN,27900,8034,7676,17038,16413,3923,3811,4.0,1.0,2.0,1.0,0.0,77.0,62.531,63.625,62.343,61.375,61.625,63.625
08-11-2026 23:20:32,6475,7607,1425,16384,16.0,99.0,17250,VDD_IN,29502,8035,8329,17038,17250,3923,3923,3.0,4.0,2.0,3.0,0.0,84.0,62.593,63.718,62.437,61.468,61.656,63.718
08-11-2026 23:20:33,6475,7607,1425,16384,16.833333333333332,96.0,17604,VDD_IN,30207,8036,8720,17040,17604,3923,3883,2.0,3.0,7.0,4.0,0.0,85.0,62.375,63.812,62.5,61.343,61.718,63.812
08-11-2026 23:20:34,6475,7607,1425,16384,14.833333333333334,97.0,17604,VDD_IN,30168,8038,8641,17041,17604,3923,3923,3.0,2.0,2.0,4.0,0.0,78.0,62.593,64.156,62.406,61.343,61.625,64.156
08-11-2026 23:20:35,6474,7607,1425,16384,15.333333333333334,97.0,17643,VDD_IN,30247,8039,8681,17042,17643,3923,3923,6.0,4.0,2.0,6.0,0.0,74.0,62.937,64.125,62.343,61.437,61.687,64.125
08-11-2026 23:20:36,6475,7607,1425,16384,17.333333333333332,97.0,17447,VDD_IN,29777,8040,8368,17043,17447,3923,3962,7.0,2.0,16.0,5.0,0.0,74.0,62.593,64.125,62.375,61.468,61.625,64.125
08-11-2026 23:20:37,6475,7607,1425,16384,14.166666666666666,97.0,17368,VDD_IN,29580,8040,8250,17043,17368,3923,3962,3.0,4.0,1.0,3.0,0.0,74.0,62.968,64.125,62.468,61.468,61.687,64.125
08-11-2026 23:20:38,6475,7607,1425,16384,14.5,97.0,17290,VDD_IN,29385,8040,8094,17044,17290,3923,4001,3.0,4.0,2.0,2.0,0.0,76.0,62.5,64.187,62.281,61.343,61.656,64.187
08-11-2026 23:20:39,6475,7607,1425,16384,13.833333333333334,98.0,17015,VDD_IN,28843,8040,7781,17044,17015,3924,4047,1.0,1.0,3.0,3.0,0.0,75.0,62.656,63.906,62.343,61.406,61.625,63.906
08-11-2026 23:20:40,6475,7607,1425,16384,14.833333333333334,97.0,16846,VDD_IN,28373,8038,7441,17043,16846,3924,4086,3.0,2.0,5.0,4.0,0.0,75.0,62.781,63.781,62.375,61.375,61.625,63.781
08-11-2026 23:20:41,6475,7607,1425,16384,18.5,99.0,16688,VDD_IN,28216,8037,7481,17043,16688,3924,4047,6.0,18.0,9.0,3.0,0.0,75.0,62.562,63.25,62.406,61.5,61.656,63.25
08-11-2026 23:20:42,6476,7607,1425,16384,15.166666666666666,65.0,16570,VDD_IN,28176,8037,7755,17042,16570,3924,3851,2.0,2.0,4.0,2.0,0.0,81.0,62.312,63.5,62.531,61.468,61.625,63.5
08-11-2026 23:20:43,6476,7607,1425,16384,16.333333333333332,98.0,17565,VDD_IN,30012,8038,8485,17043,17565,3924,3962,3.0,1.0,1.0,9.0,0.0,84.0,62.5,63.906,62.5,61.343,61.625,63.906
08-11-2026 23:20:44,6476,7607,1425,16384,16.166666666666668,97.0,17643,VDD_IN,30231,8039,8705,17044,17643,3924,3883,3.0,2.0,1.0,5.0,0.0,86.0,62.593,64.25,62.406,61.375,61.687,64.25
08-11-2026 23:20:45,6476,7607,1425,16384,14.0,99.0,17526,VDD_IN,30051,8040,8602,17045,17526,3924,3923,2.0,1.0,4.0,2.0,0.0,75.0,62.812,64.25,62.5,61.406,61.625,64.25
08-11-2026 23:20:46,6474,7607,1425,16384,17.333333333333332,97.0,17722,VDD_IN,30311,8041,8666,17046,17722,3924,3923,3.0,13.0,6.0,7.0,0.0,75.0,62.5,63.812,62.437,61.5,61.718,63.812
08-11-2026 23:20:47,6476,7607,1425,16384,16.0,97.0,17486,VDD_IN,29894,8042,8446,17047,17486,3924,3962,5.0,7.0,5.0,5.0,0.0,74.0,62.5,63.843,62.406,61.343,61.625,63.843
08-11-2026 23:20:48,6476,7607,1425,16384,14.166666666666666,98.0,17329,VDD_IN,29541,8042,8211,17048,17329,3924,4001,1.0,1.0,5.0,3.0,0.0,75.0,62.656,63.812,62.25,61.406,61.625,63.812
08-11-2026 23:20:49,6476,7607,1425,16384,15.166666666666666,97.0,17329,VDD_IN,29424,8042,8094,17048,17329,3924,4001,4.0,2.0,4.0,6.0,0.0,75.0,62.5,64.0,62.437,61.375,61.625,64.0
08-11-2026 23:20:50,6476,7607,1425,16384,14.166666666666666,97.0,17015,VDD_IN,28804,8042,7742,17048,17015,3925,4047,3.0,1.0,3.0,3.0,0.0,75.0,62.687,63.875,62.375,61.5,61.625,63.875
08-11-2026 23:20:51,6476,7607,1425,16384,14.333333333333334,97.0,16857,VDD_IN,28424,8041,7441,17048,16857,3925,4126,6.0,1.0,2.0,2.0,0.0,75.0,62.531,63.906,62.406,61.5,61.687,63.906
08-11-2026 23:20:52,6474,7607,1425,16384,18.833333333333332,99.0,16649,VDD_IN,28216,8040,7559,17047,16649,3925,4008,8.0,7.0,6.0,17.0,0.0,75.0,62.593,63.5,62.5,61.343,61.687,63.5
08-11-2026 23:20:53,6474,7607,1425,16384,15.333333333333334,99.0,16531,VDD_IN,28097,8039,7755,17046,16531,3925,3811,3.0,1.0,4.0,2.0,0.0,82.0,62.5,63.343,62.406,61.375,61.593,63.343
08-11-2026 23:20:54,6474,7607,1425,16384,16.5,99.0,17722,VDD_IN,30389,8040,8666,17047,17722,3925,4001,3.0,2.0,9.0,0.0,0.0,85.0,62.843,63.843,62.312,61.437,61.718,63.843
08-11-2026 23:20:55,6474,7607,1425,16384,15.666666666666666,97.0,17683,VDD_IN,30311,8042,8705,17049,17683,3925,3923,1.0,4.0,1.0,2.0,1.0,85.0,62.781,63.875,62.468,61.437,61.656,63.875
08-11-2026 23:20:56,6474,7607,1425,16384,13.833333333333334,97.0,17604,VDD_IN,30115,8043,8588,17050,17604,3925,3923,2.0,2.0,0.0,1.0,3.0,75.0,62.468,63.843,62.531,61.343,61.625,63.843
08-11-2026 23:20:57,6477,7607,1425,16384,17.5,97.0,17761,VDD_IN,30389,8044,8666,17051,17761,3925,3962,2.0,3.0,6.0,19.0,0.0,75.0,62.781,63.906,62.531,61.375,61.625,63.906
08-11-2026 23:20:58,6477,7607,1425,16384,15.5,97.0,17526,VDD_IN,29973,8045,8485,17052,17526,3925,3962,4.0,2.0,8.0,4.0,0.0,75.0,62.718,64.125,62.343,61.375,61.593,64.125
08-11-2026 23:20:59,6477,7607,1425,16384,14.0,98.0,17408,VDD_IN,29620,8045,8211,17053,17408,3925,4001,1.0,3.0,1.0,3.0,0.0,76.0,62.937,64.031,62.437,61.437,61.625,64.031
08-11-2026 23:21:00,6477,7607,1425,16384,13.833333333333334,97.0,17211,VDD_IN,29189,8045,7977,17053,17211,3926,4001,2.0,2.0,1.0,0.0,4.0,74.0,62.562,64.156,62.343,61.531,61.656,64.156
08-11-2026 23:21:01,6477,7607,1425,16384,14.166666666666666,97.0,17015,VDD_IN,28758,8044,7703,17053,17015,3926,4040,2.0,2.0,1.0,2.0,3.0,75.0,62.593,64.0,62.468,61.343,61.687,64.0
08-11-2026 23:21:02,6477,7607,1425,16384,14.0,98.0,16806,VDD_IN,28256,8043,7324,17052,16806,3926,4126,2.0,2.0,4.0,1.0,0.0,75.0,62.593,63.875,62.5,61.343,61.531,63.875
08-11-2026 23:21:03,6477,7607,1425,16384,18.666666666666668,98.0,16570,VDD_IN,28175,8042,7676,17051,16570,3926,3929,6.0,7.0,6.0,18.0,0.0,75.0,62.656,63.531,62.375,61.406,61.656,63.531
08-11-2026 23:21:04,6477,7607,1425,16384,16.0,99.0,16767,VDD_IN,28569,8042,7951,17051,16767,3926,3851,4.0,2.0,6.0,2.0,0.0,82.0,62.593,63.562,62.437,61.5,61.625,63.562
08-11-2026 23:21:05,6477,7607,1425,16384,16.833333333333332,99.0,17683,VDD_IN,30365,8043,8759,17052,17683,3926,3923,2.0,8.0,2.0,3.0,0.0,86.0,62.437,64.031,62.5,61.437,61.718,64.031
08-11-2026 23:21:06,6477,7607,1425,16384,15.5,97.0,17683,VDD_IN,30311,8045,8705,17053,17683,3926,3923,2.0,3.0,1.0,5.0,0.0,82.0,62.593,64.0,62.437,61.343,61.687,64.0
08-11-2026 23:21:07,6477,7607,1425,16384,14.0,97.0,17565,VDD_IN,30051,8046,8563,17054,17565,3926,3923,1.0,5.0,2.0,1.0,0.0,75.0,62.562,63.875,62.25,61.281,61.656,63.875
08-11-2026 23:21:08,6477,7607,1425,16384,19.166666666666668,97.0,17761,VDD_IN,30428,8047,8705,17055,17761,3926,3962,19.0,8.0,6.0,7.0,0.0,75.0,62.781,64.312,62.375,61.406,61.718,64.312
08-11-2026 23:21:09,6477,7607,1425,16384,14.333333333333334,97.0,17486,VDD_IN,29894,8048,8446,17056,17486,3926,3962,2.0,3.0,1.0,5.0,0.0,75.0,62.812,64.25,62.406,61.437,61.656,64.25
08-11-2026 23:21:10,6477,7607,1425,16384,14.166666666666666,99.0,17329,VDD_IN,29502,8048,8172,17057,17329,3926,4001,2.0,2.0,2.0,4.0,0.0,75.0,62.437,64.25,62.468,61.312,61.75,64.25
08-11-2026 23:21:11,6478,7607,1425,16384,14.333333333333334,97.0,17211,VDD_IN,29228,8048,7977,17057,17211,3927,4040,2.0,3.0,1.0,5.0,0.0,75.0,62.531,63.75,62.562,61.375,61.562,63.75
08-11-2026 23:21:12,6477,7607,1425,16384,14.666666666666666,97.0,17093,VDD_IN,28954,8047,7781,17057,17093,3927,4080,3.0,2.0,2.0,5.0,0.0,76.0,62.843,63.812,62.343,61.375,61.593,63.812
08-11-2026 23:21:13,6477,7607,1425,16384,14.333333333333334,97.0,16885,VDD_IN,28374,8046,7363,17057,16885,3927,4126,3.0,1.0,2.0,5.0,0.0,75.0,62.718,63.718,62.406,61.406,61.625,63.718
08-11-2026 23:21:14,6478,7607,1425,16384,19.166666666666668,99.0,16649,VDD_IN,28293,8045,7676,17056,16649,3927,3968,8.0,4.0,19.0,8.0,0.0,76.0,62.875,63.5,62.312,61.468,61.718,63.5
08-11-2026 23:21:15,6478,7607,1425,16384,15.666666666666666,99.0,16767,VDD_IN,28569,8045,7951,17056,16767,3927,3851,2.0,5.0,3.0,2.0,0.0,82.0,62.406,63.593,62.437,61.343,61.625,63.593
08-11-2026 23:21:16,6478,7607,1425,16384,16.5,99.0,17761,VDD_IN,30467,8046,8705,17057,17761,3927,4001,4.0,6.0,2.0,3.0,0.0,84.0,62.562,64.031,62.593,61.343,61.718,64.031
08-11-2026 23:21:17,6478,7607,1425,16384,16.5,97.0,17683,VDD_IN,30350,8048,8744,17058,17683,3927,3923,4.0,3.0,3.0,6.0,0.0,83.0,62.718,64.093,62.375,61.375,61.656,64.093
08-11-2026 23:21:18,6478,7607,1425,16384,14.166666666666666,98.0,17565,VDD_IN,30090,8049,8602,17059,17565,3927,3923,1.0,6.0,1.0,2.0,0.0,75.0,62.562,63.812,62.343,61.343,61.687,63.812
08-11-2026 23:21:19,6477,7607,1425,16384,18.833333333333332,98.0,17761,VDD_IN,30428,8050,8705,17060,17761,3927,3962,4.0,10.0,18.0,6.0,0.0,75.0,62.875,63.937,62.375,61.468,61.781,63.937
08-11-2026 23:21:20,6478,7607,1425,16384,14.166666666666666,97.0,17526,VDD_IN,29934,8051,8446,17061,17526,3927,3962,3.0,4.0,3.0,0.0,0.0,75.0,62.531,63.968,62.468,61.343,61.687,63.968
08-11-2026 23:21:21,6463,7607,1431,16384,17.833333333333332,0.0,10174,VDD_IN,16437,8042,3446,17048,10174,3925,2817,23.0,7.0,9.0,21.0,10.0,37.0,61.968,61.812,62.218,61.343,61.093,62.218
08-11-2026 23:21:22,6567,7607,1431,16384,74.33333333333333,99.0,9816,VDD_IN,15334,8034,3293,17035,9816,3922,2225,73.0,71.0,74.0,82.0,74.0,72.0,62.062,61.75,61.781,61.187,60.812,62.062
08-11-2026 23:21:23,6563,7607,1431,16384,15.0,76.0,15887,VDD_IN,26922,8032,7375,17033,15887,3922,3660,2.0,3.0,5.0,80.0,0.0,0.0,62.062,63.343,61.937,61.218,61.156,63.343
08-11-2026 23:21:24,6562,7607,1431,16384,15.5,99.0,17368,VDD_IN,29698,8033,8407,17034,17368,3922,3923,3.0,1.0,5.0,84.0,0.0,0.0,62.25,63.75,62.187,61.125,61.437,63.75
08-11-2026 23:21:25,6569,7607,1431,16384,20.5,97.0,17722,VDD_IN,30389,8034,8784,17035,17722,3922,3883,8.0,4.0,18.0,21.0,72.0,0.0,62.437,63.593,62.062,61.156,61.343,63.593
08-11-2026 23:21:26,6568,7607,1431,16384,15.166666666666666,97.0,17643,VDD_IN,30247,8036,8681,17036,17643,3922,3923,3.0,2.0,3.0,7.0,76.0,0.0,62.187,63.718,62.093,61.25,61.437,63.718
08-11-2026 23:21:27,6568,7607,1431,16384,14.333333333333334,97.0,17526,VDD_IN,30012,8036,8563,17037,17526,3922,3923,4.0,1.0,2.0,4.0,75.0,0.0,62.281,63.781,62.218,61.125,61.406,63.781
08-11-2026 23:21:28,6568,7607,1431,16384,13.833333333333334,97.0,17447,VDD_IN,29777,8037,8407,17038,17447,3922,3923,2.0,1.0,2.0,3.0,75.0,0.0,62.343,63.781,62.093,61.156,61.343,63.781
08-11-2026 23:21:29,6568,7607,1431,16384,15.0,97.0,17290,VDD_IN,29424,8037,8172,17038,17290,3922,3962,4.0,1.0,4.0,6.0,75.0,0.0,62.531,63.781,62.093,61.218,61.375,63.781
08-11-2026 23:21:30,6570,7607,1431,16384,18.666666666666668,97.0,17290,VDD_IN,29424,8038,8133,17039,17290,3922,4001,50.0,17.0,6.0,8.0,31.0,0.0,62.593,63.468,62.125,61.25,61.468,63.468
08-11-2026 23:21:31,6571,7607,1431,16384,14.333333333333334,97.0,16857,VDD_IN,28568,8037,7664,17038,16857,3922,4047,1.0,1.0,3.0,5.0,75.0,1.0,62.593,63.375,62.125,61.343,61.375,63.375
08-11-2026 23:21:32,6571,7607,1431,16384,13.833333333333334,97.0,16767,VDD_IN,28216,8036,7363,17038,16767,3922,4086,1.0,4.0,1.0,2.0,75.0,0.0,62.281,63.375,62.25,61.093,61.437,63.375
08-11-2026 23:21:33,6571,7607,1431,16384,14.333333333333334,99.0,16413,VDD_IN,27744,8035,7402,17037,16413,3922,3929,5.0,1.0,2.0,2.0,75.0,1.0,62.343,63.031,62.125,61.156,61.437,63.031
08-11-2026 23:21:34,6571,7607,1431,16384,15.666666666666666,99.0,16413,VDD_IN,27940,8034,7716,17036,16413,3922,3811,3.0,5.0,1.0,4.0,81.0,0.0,62.531,63.062,62.187,61.187,61.406,63.062
08-11-2026 23:21:35,6571,7607,1431,16384,16.333333333333332,98.0,17565,VDD_IN,30090,8035,8563,17037,17565,3922,3962,1.0,6.0,2.0,3.0,84.0,2.0,62.375,63.937,62.218,61.281,61.5,63.937
08-11-2026 23:21:36,6578,7607,1431,16384,21.333333333333332,98.0,17604,VDD_IN,30153,8036,8666,17038,17604,3922,3883,14.0,3.0,7.0,19.0,84.0,1.0,62.593,64.125,62.218,61.343,61.531,64.125
08-11-2026 23:21:37,6580,7607,1431,16384,14.333333333333334,97.0,17447,VDD_IN,29894,8037,8524,17038,17447,3922,3923,4.0,4.0,1.0,1.0,76.0,0.0,62.218,63.968,62.25,61.187,61.437,63.968
08-11-2026 23:21:38,6580,7607,1431,16384,14.166666666666666,97.0,17368,VDD_IN,29737,8038,8446,17039,17368,3922,3923,5.0,0.0,3.0,2.0,75.0,0.0,62.375,63.593,62.125,61.218,61.468,63.593
08-11-2026 23:21:39,6580,7607,1431,16384,14.5,97.0,17408,VDD_IN,29699,8038,8368,17040,17408,3922,3923,4.0,2.0,3.0,3.0,75.0,0.0,62.5,63.562,62.25,61.25,61.5,63.562
08-11-2026 23:21:40,6580,7607,1431,16384,14.333333333333334,98.0,17250,VDD_IN,29384,8038,8172,17040,17250,3922,3962,5.0,1.0,2.0,3.0,75.0,0.0,62.281,63.562,62.187,61.343,61.437,63.562
08-11-2026 23:21:41,6587,7607,1431,16384,18.666666666666668,97.0,17250,VDD_IN,29345,8039,8094,17040,17250,3922,4001,7.0,4.0,35.0,2.0,44.0,20.0,62.562,63.812,62.25,61.343,61.593,63.812
08-11-2026 23:21:42,6588,7607,1431,16384,14.0,97.0,16936,VDD_IN,28647,8038,7664,17040,16936,3923,4047,3.0,4.0,75.0,2.0,0.0,0.0,62.5,63.781,62.312,61.218,61.531,63.781
08-11-2026 23:21:43,6587,7607,1431,16384,14.0,98.0,16728,VDD_IN,28139,8037,7285,17040,16728,3923,4126,3.0,4.0,75.0,1.0,0.0,1.0,62.687,63.687,62.312,61.218,61.531,63.687
08-11-2026 23:21:44,6587,7607,1431,16384,14.166666666666666,98.0,16452,VDD_IN,27940,8036,7559,17039,16452,3923,3929,2.0,3.0,75.0,5.0,0.0,0.0,62.75,63.437,62.25,61.25,61.562,63.437
08-11-2026 23:21:45,6587,7607,1431,16384,15.0,99.0,16649,VDD_IN,28372,8035,7872,17038,16649,3923,3851,3.0,3.0,82.0,1.0,0.0,1.0,62.406,63.437,62.187,61.312,61.531,63.437
08-11-2026 23:21:46,6585,7607,1431,16384,15.666666666666666,99.0,17565,VDD_IN,30154,8036,8627,17039,17565,3923,3962,2.0,6.0,85.0,1.0,0.0,0.0,62.562,63.937,62.312,61.406,61.593,63.937
08-11-2026 23:21:47,6586,7607,1431,16384,20.0,97.0,17643,VDD_IN,30231,8038,8705,17040,17643,3923,3883,17.0,8.0,85.0,7.0,3.0,0.0,62.625,63.968,62.437,61.281,61.625,63.968
08-11-2026 23:21:48,6586,7607,1431,16384,13.666666666666666,97.0,17447,VDD_IN,29893,8039,8563,17041,17447,3923,3883,3.0,2.0,75.0,1.0,0.0,1.0,62.843,64.0,62.343,61.312,61.625,64.0
08-11-2026 23:21:49,6586,7607,1431,16384,14.5,97.0,17408,VDD_IN,29777,8039,8446,17041,17408,3923,3923,4.0,3.0,75.0,1.0,3.0,1.0,62.593,64.0,62.218,61.187,61.593,64.0
08-11-2026 23:21:50,6586,7607,1431,16384,14.666666666666666,97.0,17408,VDD_IN,29660,8040,8329,17042,17408,3923,3923,2.0,4.0,76.0,2.0,4.0,0.0,62.875,63.968,62.218,61.25,61.562,63.968
08-11-2026 23:21:51,6586,7607,1431,16384,13.833333333333334,97.0,17250,VDD_IN,29345,8040,8094,17042,17250,3923,4001,4.0,2.0,75.0,2.0,0.0,0.0,62.562,63.937,62.187,61.343,61.593,63.937
08-11-2026 23:21:52,6588,7607,1431,16384,18.833333333333332,97.0,17250,VDD_IN,29267,8040,8016,17043,17250,3923,4001,11.0,11.0,45.0,10.0,27.0,9.0,62.25,63.781,62.312,61.218,61.562,63.781
08-11-2026 23:21:53,6588,7607,1431,16384,14.166666666666666,97.0,16975,VDD_IN,28647,8039,7625,17042,16975,3923,4047,2.0,4.0,1.0,3.0,75.0,0.0,62.375,63.718,62.343,61.281,61.531,63.718
08-11-2026 23:21:54,6588,7607,1431,16384,13.833333333333334,98.0,16767,VDD_IN,28139,8038,7246,17042,16767,3924,4126,2.0,2.0,2.0,2.0,74.0,1.0,62.687,63.5,62.218,61.281,61.468,63.5
08-11-2026 23:21:55,6588,7607,1431,16384,13.833333333333334,99.0,16413,VDD_IN,27862,8037,7598,17041,16413,3924,3851,1.0,1.0,2.0,5.0,74.0,0.0,62.375,63.593,62.312,61.343,61.468,63.593
08-11-2026 23:21:56,6588,7607,1431,16384,16.5,99.0,16806,VDD_IN,28634,8037,7977,17040,16806,3923,3851,4.0,3.0,2.0,7.0,83.0,0.0,62.5,63.531,62.25,61.343,61.562,63.531
08-11-2026 23:21:57,6590,7607,1431,16384,16.0,97.0,17604,VDD_IN,30114,8038,8627,17041,17604,3923,3883,4.0,4.0,1.0,2.0,85.0,0.0,62.437,63.843,62.281,61.281,61.625,63.843
08-11-2026 23:21:58,6589,7607,1431,16384,19.5,97.0,17604,VDD_IN,30193,8039,8666,17042,17604,3923,3923,5.0,8.0,9.0,13.0,82.0,0.0,62.375,64.187,62.468,61.281,61.656,64.187
08-11-2026 23:21:59,6589,7607,1431,16384,14.5,97.0,17526,VDD_IN,30011,8040,8602,17043,17526,3923,3883,3.0,5.0,2.0,1.0,75.0,1.0,62.5,64.218,62.218,61.25,61.5,64.218
08-11-2026 23:22:00,6589,7607,1431,16384,14.166666666666666,97.0,17408,VDD_IN,29738,8041,8407,17044,17408,3923,3923,2.0,4.0,2.0,2.0,75.0,0.0,62.468,63.687,62.218,61.281,61.531,63.687
08-11-2026 23:22:01,6589,7607,1431,16384,14.5,97.0,17368,VDD_IN,29659,8041,8329,17044,17368,3923,3962,4.0,2.0,2.0,4.0,75.0,0.0,62.625,63.781,62.25,61.375,61.625,63.781
08-11-2026 23:22:02,6589,7607,1431,16384,13.666666666666666,97.0,17211,VDD_IN,29267,8041,8094,17045,17211,3923,3962,2.0,0.0,1.0,4.0,75.0,0.0,62.375,63.625,62.343,61.281,61.531,63.625
08-11-2026 23:22:03,6589,7607,1431,16384,18.833333333333332,97.0,17211,VDD_IN,29189,8041,7938,17045,17211,3924,4040,29.0,8.0,3.0,9.0,64.0,0.0,62.562,63.687,62.468,61.281,61.593,63.687
08-11-2026 23:22:04,6589,7607,1431,16384,14.166666666666666,97.0,16936,VDD_IN,28653,8040,7637,17045,16936,3924,4080,56.0,21.0,5.0,2.0,0.0,1.0,62.468,63.687,62.218,61.343,61.562,63.687
08-11-2026 23:22:05,6589,7607,1431,16384,13.833333333333334,99.0,16728,VDD_IN,28060,8039,7167,17044,16728,3924,4165,4.0,75.0,1.0,2.0,0.0,1.0,62.593,63.218,62.312,61.343,61.593,63.406
08-11-2026 23:22:06,6589,7607,1431,16384,14.333333333333334,99.0,16452,VDD_IN,27979,8038,7716,17043,16452,3924,3811,1.0,75.0,0.0,2.0,4.0,4.0,62.531,63.812,62.281,61.343,61.593,63.812
08-11-2026 23:22:07,6589,7607,1431,16384,16.0,99.0,16857,VDD_IN,28762,8038,8094,17043,16857,3924,3811,9.0,6.0,3.0,2.0,76.0,0.0,62.218,63.562,62.343,61.343,61.562,63.562
08-11-2026 23:22:08,6588,7607,1431,16384,17.5,96.0,17604,VDD_IN,30207,8039,8720,17044,17604,3924,3883,4.0,6.0,4.0,6.0,85.0,0.0,62.656,63.937,62.343,61.25,61.687,63.937
08-11-2026 23:22:09,6589,7607,1431,16384,17.666666666666668,97.0,17604,VDD_IN,30168,8041,8681,17045,17604,3924,3883,5.0,10.0,8.0,2.0,80.0,1.0,62.562,64.0,62.156,61.343,61.562,64.0
08-11-2026 23:22:10,6589,7607,1431,16384,13.833333333333334,97.0,17565,VDD_IN,30090,8042,8602,17046,17565,3924,3923,2.0,1.0,1.0,2.0,76.0,1.0,62.468,63.968,62.281,61.343,61.625,63.75
08-11-2026 23:22:11,6589,7607,1431,16384,14.166666666666666,99.0,17408,VDD_IN,29699,8042,8368,17046,17408,3924,3923,34.0,1.0,1.0,5.0,42.0,2.0,62.687,63.843,62.281,61.437,61.687,63.843
08-11-2026 23:22:12,6589,7607,1431,16384,14.333333333333334,97.0,17368,VDD_IN,29620,8042,8290,17047,17368,3924,3962,31.0,3.0,1.0,4.0,46.0,1.0,62.312,63.843,62.312,61.312,61.562,63.843
08-11-2026 23:22:13,6589,7607,1431,16384,14.0,97.0,17211,VDD_IN,29267,8043,8094,17047,17211,3924,3962,2.0,2.0,1.0,3.0,75.0,1.0,62.375,63.718,62.437,61.281,61.562,63.718
08-11-2026 23:22:14,6588,7607,1431,16384,18.166666666666668,97.0,17172,VDD_IN,29111,8042,7899,17047,17172,3924,4040,9.0,18.0,2.0,5.0,75.0,0.0,62.531,63.812,62.187,61.312,61.625,63.812
08-11-2026 23:22:15,6589,7607,1431,16384,14.666666666666666,97.0,16936,VDD_IN,28569,8041,7547,17047,16936,3924,4086,5.0,2.0,3.0,2.0,75.0,1.0,62.5,63.75,62.281,61.312,61.468,63.75
08-11-2026 23:22:16,6589,7607,1431,16384,14.166666666666666,99.0,16609,VDD_IN,27863,8040,7128,17046,16609,3925,4126,1.0,1.0,1.0,1.0,75.0,6.0,62.875,63.343,62.437,61.437,61.656,63.343
08-11-2026 23:22:17,6589,7607,1431,16384,14.666666666666666,99.0,16452,VDD_IN,28019,8039,7716,17045,16452,3925,3851,4.0,4.0,1.0,2.0,77.0,0.0,62.218,63.875,62.437,61.281,61.562,63.875
08-11-2026 23:22:18,6589,7607,1431,16384,15.333333333333334,99.0,16897,VDD_IN,28842,8040,8094,17045,16897,3924,3851,3.0,2.0,0.0,3.0,84.0,0.0,62.406,63.625,62.25,61.343,61.5,63.312
08-11-2026 23:22:19,6587,7607,1431,16384,19.5,97.0,17683,VDD_IN,30350,8041,8784,17046,17683,3924,3883,11.0,5.0,4.0,14.0,83.0,0.0,62.875,63.875,62.25,61.343,61.656,63.875
08-11-2026 23:22:20,6587,7607,1431,16384,16.666666666666668,97.0,17565,VDD_IN,30075,8042,8627,17047,17565,3924,3883,3.0,7.0,5.0,4.0,80.0,1.0,62.312,63.968,62.375,61.375,61.656,63.968
08-11-2026 23:22:21,6587,7607,1431,16384,14.166666666666666,97.0,17526,VDD_IN,30012,8043,8563,17048,17526,3924,3923,3.0,4.0,1.0,0.0,76.0,1.0,62.593,63.843,62.437,61.281,61.593,63.843
08-11-2026 23:22:22,6587,7607,1431,16384,14.5,98.0,17486,VDD_IN,29855,8043,8446,17049,17486,3924,3923,2.0,4.0,2.0,3.0,76.0,0.0,62.5,63.843,62.406,61.312,61.593,63.843
08-11-2026 23:22:23,6587,7607,1431,16384,14.333333333333334,97.0,17408,VDD_IN,29738,8044,8368,17049,17408,3924,3962,4.0,3.0,2.0,2.0,75.0,0.0,62.437,63.968,62.25,61.281,61.531,63.968
08-11-2026 23:22:24,6587,7607,1431,16384,14.0,97.0,17211,VDD_IN,29267,8044,8094,17049,17211,3924,3962,1.0,3.0,3.0,2.0,34.0,41.0,62.625,63.906,62.375,61.375,61.5,64.156
08-11-2026 23:22:25,6586,7607,1431,16384,18.166666666666668,97.0,17172,VDD_IN,29111,8044,7899,17050,17172,3925,4040,19.0,3.0,7.0,4.0,3.0,73.0,62.406,63.781,62.375,61.406,61.562,63.781
08-11-2026 23:22:26,6586,7607,1431,16384,15.333333333333334,97.0,17015,VDD_IN,28720,8043,7625,17050,17015,3925,4080,6.0,4.0,6.0,1.0,0.0,75.0,62.468,63.656,62.406,61.468,61.718,63.656
08-11-2026 23:22:27,6586,7607,1431,16384,14.333333333333334,99.0,16846,VDD_IN,28296,8042,7285,17049,16846,3925,4165,4.0,2.0,2.0,3.0,0.0,75.0,62.75,63.343,62.468,61.343,61.5,63.343
08-11-2026 23:22:28,6586,7607,1431,16384,14.166666666666666,99.0,16491,VDD_IN,28057,8041,7676,17048,16491,3925,3890,2.0,2.0,3.0,3.0,0.0,75.0,62.406,63.562,62.25,61.343,61.5,63.562
08-11-2026 23:22:29,6586,7607,1431,16384,16.0,98.0,16806,VDD_IN,28634,8041,7977,17048,16806,3925,3851,3.0,4.0,2.0,4.0,0.0,83.0,62.531,63.437,62.312,61.375,61.531,63.437
08-11-2026 23:22:30,6588,7607,1431,16384,20.333333333333332,99.0,17840,VDD_IN,30625,8042,8862,17049,17840,3925,3923,16.0,7.0,6.0,8.0,0.0,85.0,62.75,64.093,62.375,61.375,61.718,64.093
08-11-2026 23:22:31,6588,7607,1431,16384,15.333333333333334,97.0,17643,VDD_IN,30231,8043,8705,17050,17643,3925,3883,3.0,2.0,2.0,3.0,0.0,82.0,62.468,64.093,62.468,61.281,61.687,64.093
08-11-2026 23:22:32,6588,7607,1431,16384,14.333333333333334,97.0,17526,VDD_IN,30012,8044,8563,17051,17526,3925,3923,5.0,3.0,1.0,1.0,0.0,76.0,62.593,63.937,62.312,61.312,61.656,63.937
08-11-2026 23:22:33,6588,7607,1431,16384,14.0,97.0,17486,VDD_IN,29855,8045,8446,17052,17486,3925,3923,4.0,2.0,2.0,1.0,0.0,75.0,62.781,63.875,62.343,61.375,61.625,63.875
08-11-2026 23:22:34,6588,7607,1431,16384,13.833333333333334,97.0,17486,VDD_IN,29816,8045,8368,17052,17486,3925,3962,1.0,1.0,1.0,2.0,52.0,26.0,62.468,63.812,62.406,61.531,61.625,63.812
08-11-2026 23:22:35,6588,7607,1431,16384,14.166666666666666,97.0,17290,VDD_IN,29424,8046,8133,17053,17290,3925,4001,2.0,1.0,1.0,2.0,35.0,44.0,62.437,63.812,62.437,61.468,61.656,63.812
08-11-2026 23:22:36,6589,7607,1431,16384,19.166666666666668,97.0,17211,VDD_IN,29228,8045,7977,17053,17211,3925,4040,18.0,10.0,3.0,8.0,2.0,74.0,62.531,63.812,62.437,61.343,61.531,63.812
08-11-2026 23:22:37,6589,7607,1431,16384,14.166666666666666,97.0,17015,VDD_IN,28759,8045,7664,17053,17015,3926,4080,4.0,2.0,3.0,3.0,0.0,73.0,62.593,63.75,62.312,61.343,61.593,63.75
08-11-2026 23:22:38,6591,7607,1431,16384,14.166666666666666,98.0,16806,VDD_IN,28217,8044,7285,17053,16806,3926,4126,3.0,3.0,2.0,2.0,0.0,75.0,62.906,63.531,62.375,61.375,61.562,63.531
08-11-2026 23:22:39,6591,7607,1431,16384,14.833333333333334,99.0,16491,VDD_IN,28018,8043,7637,17052,16491,3926,3890,3.0,3.0,4.0,4.0,0.0,75.0,62.562,63.781,62.281,61.437,61.625,63.781
08-11-2026 23:22:40,6591,7607,1431,16384,15.833333333333334,99.0,16767,VDD_IN,28595,8043,7977,17051,16767,3926,3851,2.0,3.0,3.0,3.0,0.0,84.0,62.187,63.781,62.437,61.5,61.625,63.781
08-11-2026 23:22:41,6590,7607,1431,16384,20.166666666666668,97.0,17801,VDD_IN,30546,8044,8862,17052,17801,3926,3883,11.0,17.0,3.0,5.0,0.0,85.0,62.531,64.187,62.531,61.375,61.656,64.187
08-11-2026 23:22:42,6590,7607,1431,16384,15.0,97.0,17643,VDD_IN,30286,8045,8720,17053,17643,3926,3923,2.0,2.0,4.0,1.0,0.0,81.0,62.562,64.218,62.375,61.406,61.625,64.218
08-11-2026 23:22:43,6590,7607,1431,16384,14.0,97.0,17526,VDD_IN,30051,8046,8602,17054,17526,3926,3923,5.0,2.0,1.0,1.0,0.0,75.0,62.781,63.906,62.406,61.468,61.75,63.906
08-11-2026 23:22:44,6589,7607,1431,16384,13.666666666666666,97.0,17486,VDD_IN,29894,8047,8485,17055,17486,3926,3923,0.0,4.0,2.0,1.0,0.0,75.0,62.5,63.968,62.375,61.406,61.656,63.968
08-11-2026 23:22:45,6589,7607,1431,16384,14.0,97.0,17447,VDD_IN,29816,8047,8407,17055,17447,3926,3962,5.0,1.0,1.0,2.0,0.0,75.0,62.593,63.875,62.437,61.312,61.656,63.875
08-11-2026 23:22:46,6589,7607,1431,16384,15.333333333333334,97.0,17290,VDD_IN,29385,8047,8094,17056,17290,3926,4001,9.0,2.0,3.0,3.0,1.0,74.0,62.75,63.812,62.281,61.375,61.625,63.812
08-11-2026 23:22:47,6588,7607,1431,16384,18.5,97.0,17250,VDD_IN,29267,8047,7977,17056,17250,3926,4040,6.0,7.0,17.0,6.0,0.0,75.0,62.593,64.093,62.375,61.406,61.625,64.093
08-11-2026 23:22:48,6587,7607,1431,16384,14.0,97.0,16975,VDD_IN,28680,8047,7625,17056,16975,3926,4080,3.0,1.0,3.0,2.0,1.0,74.0,62.781,64.187,62.437,61.468,61.687,64.187
08-11-2026 23:22:49,6588,7607,1431,16384,14.666666666666666,98.0,16767,VDD_IN,28178,8045,7246,17055,16767,3927,4165,3.0,2.0,5.0,2.0,0.0,76.0,62.625,63.968,62.406,61.531,61.656,63.968
08-11-2026 23:22:50,6588,7607,1431,16384,14.166666666666666,99.0,16491,VDD_IN,28057,8045,7676,17055,16491,3927,3890,2.0,4.0,1.0,3.0,0.0,75.0,62.437,63.5,62.406,61.312,61.625,63.5
08-11-2026 23:22:51,6588,7607,1431,16384,16.333333333333332,99.0,16740,VDD_IN,28581,8045,7990,17054,16740,3926,3851,5.0,5.0,2.0,3.0,0.0,83.0,62.437,63.406,62.312,61.375,61.593,63.406
08-11-2026 23:22:52,6585,7607,1431,16384,20.333333333333332,97.0,17761,VDD_IN,30506,8046,8862,17055,17761,3926,3883,4.0,12.0,5.0,16.0,0.0,85.0,62.531,63.906,62.406,61.437,61.781,63.906
08-11-2026 23:22:53,6585,7607,1431,16384,15.166666666666666,97.0,17643,VDD_IN,30246,8047,8720,17056,17643,3926,3883,1.0,1.0,3.0,2.0,2.0,82.0,62.781,64.093,62.468,61.406,61.625,64.093
08-11-2026 23:22:54,6585,7607,1431,16384,13.666666666666666,97.0,17565,VDD_IN,30129,8048,8641,17057,17565,3926,3923,2.0,1.0,3.0,1.0,0.0,75.0,62.437,64.0,62.406,61.343,61.75,64.0
08-11-2026 23:22:55,6585,7607,1431,16384,14.0,97.0,17526,VDD_IN,30012,8049,8524,17058,17526,3926,3962,4.0,1.0,1.0,3.0,0.0,75.0,62.531,64.031,62.312,61.343,61.656,64.031
08-11-2026 23:22:56,6585,7607,1431,16384,14.333333333333334,97.0,17486,VDD_IN,29894,8049,8446,17058,17486,3926,3962,2.0,1.0,2.0,1.0,5.0,75.0,62.75,64.062,62.437,61.437,61.687,64.062
08-11-2026 23:22:57,6585,7607,1431,16384,14.333333333333334,99.0,17250,VDD_IN,29384,8050,8133,17059,17250,3927,4001,4.0,2.0,3.0,2.0,0.0,75.0,62.375,63.968,62.375,61.406,61.656,63.968
08-11-2026 23:22:58,6587,7607,1431,16384,18.833333333333332,97.0,17250,VDD_IN,29267,8049,7977,17059,17250,3927,4040,5.0,6.0,19.0,9.0,0.0,74.0,62.781,63.812,62.468,61.468,61.625,63.812
08-11-2026 23:22:59,6587,7607,1431,16384,14.0,97.0,17054,VDD_IN,28837,8049,7703,17059,17054,3927,4080,14.0,2.0,2.0,2.0,2.0,62.0,62.437,63.781,62.468,61.343,61.812,63.781
08-11-2026 23:23:00,6587,7607,1431,16384,13.5,98.0,16806,VDD_IN,28256,8048,7324,17059,16806,3927,4126,75.0,2.0,3.0,1.0,0.0,0.0,62.531,63.718,62.343,61.343,61.781,63.718
08-11-2026 23:23:01,6587,7607,1431,16384,14.166666666666666,98.0,16531,VDD_IN,28058,8047,7598,17058,16531,3927,3929,76.0,3.0,1.0,5.0,0.0,0.0,62.687,63.468,62.406,61.343,61.625,63.468
08-11-2026 23:23:02,6587,7607,1431,16384,15.333333333333334,99.0,16767,VDD_IN,28517,8047,7899,17057,16767,3927,3851,83.0,2.0,3.0,3.0,0.0,1.0,62.375,63.593,62.468,61.5,61.687,63.593
08-11-2026 23:23:04,6586,7607,1431,16384,19.833333333333332,99.0,17879,VDD_IN,30664,8048,8784,17059,17879,3927,4001,44.0,6.0,7.0,17.0,45.0,0.0,62.687,63.937,62.437,61.562,61.718,64.156
08-11-2026 23:23:05,6586,7607,1431,16384,15.166666666666666,97.0,17683,VDD_IN,30271,8049,8705,17059,17683,3927,3883,2.0,2.0,2.0,1.0,84.0,0.0,62.531,64.218,62.5,61.375,61.687,64.218
08-11-2026 23:23:06,6586,7607,1431,16384,14.166666666666666,98.0,17565,VDD_IN,30076,8050,8588,17060,17565,3927,3923,2.0,1.0,4.0,3.0,75.0,0.0,62.5,64.187,62.343,61.468,61.687,64.187
08-11-2026 23:23:07,6586,7607,1431,16384,14.666666666666666,97.0,17526,VDD_IN,29920,8050,8471,17061,17526,3927,3923,4.0,2.0,3.0,1.0,76.0,2.0,62.625,64.218,62.406,61.375,61.625,64.218
08-11-2026 23:23:08,6586,7607,1431,16384,14.333333333333334,97.0,17526,VDD_IN,29934,8051,8446,17062,17526,3927,3962,3.0,4.0,4.0,1.0,74.0,0.0,62.375,63.875,62.406,61.531,61.75,63.875
08-11-2026 23:23:09,6589,7607,1431,16384,13.833333333333334,99.0,17329,VDD_IN,29541,8051,8211,17062,17329,3927,4001,3.0,2.0,2.0,2.0,74.0,0.0,62.468,63.875,62.437,61.531,61.687,63.875
08-11-2026 23:23:10,6587,7607,1431,16384,18.833333333333332,97.0,17250,VDD_IN,29345,8051,8055,17062,17250,3928,4040,19.0,4.0,12.0,4.0,74.0,0.0,62.531,63.937,62.593,61.375,61.625,63.937
08-11-2026 23:23:11,6587,7607,1431,16384,14.0,97.0,17054,VDD_IN,28797,8051,7703,17062,17054,3928,4040,3.0,1.0,4.0,1.0,75.0,0.0,62.593,63.875,62.375,61.343,61.656,63.875
08-11-2026 23:23:12,6587,7607,1431,16384,14.333333333333334,97.0,16846,VDD_IN,28335,8050,7363,17062,16846,3928,4126,3.0,1.0,5.0,2.0,75.0,0.0,62.718,63.718,62.406,61.5,61.625,63.718
08-11-2026 23:23:13,6587,7607,1431,16384,14.5,98.0,16491,VDD_IN,27940,8049,7520,17061,16491,3928,3929,2.0,1.0,3.0,5.0,76.0,0.0,62.5,63.781,62.562,61.5,61.718,63.781
08-11-2026 23:23:14,6587,7607,1431,16384,15.333333333333334,98.0,16728,VDD_IN,28451,8049,7872,17061,16728,3928,3851,3.0,2.0,3.0,3.0,81.0,0.0,62.562,63.875,62.562,61.375,61.656,63.875
08-11-2026 23:23:15,6586,7607,1431,16384,20.166666666666668,99.0,17811,VDD_IN,30556,8050,8744,17062,17811,3928,4001,19.0,9.0,17.0,4.0,72.0,0.0,62.625,63.968,62.312,61.375,61.812,63.968
08-11-2026 23:23:16,6586,7607,1431,16384,15.666666666666666,97.0,17722,VDD_IN,30389,8051,8744,17063,17722,3928,3923,85.0,2.0,4.0,3.0,0.0,0.0,62.781,64.0,62.406,61.437,61.906,64.0
08-11-2026 23:23:17,6586,7607,1431,16384,13.666666666666666,98.0,17565,VDD_IN,30076,8052,8588,17064,17565,3928,3923,65.0,2.0,1.0,2.0,12.0,0.0,62.812,63.968,62.437,61.531,61.906,63.968
08-11-2026 23:23:18,6586,7607,1431,16384,13.833333333333334,98.0,17565,VDD_IN,30051,8052,8563,17064,17565,3928,3923,76.0,2.0,3.0,2.0,0.0,0.0,62.531,63.968,62.593,61.562,61.812,63.968
08-11-2026 23:23:19,6586,7607,1431,16384,14.166666666666666,97.0,17486,VDD_IN,29855,8053,8407,17065,17486,3928,3962,12.0,1.0,6.0,1.0,65.0,0.0,62.5,64.031,62.5,61.375,61.656,64.031
08-11-2026 23:23:20,6586,7607,1431,16384,15.5,97.0,17368,VDD_IN,29580,8053,8211,17065,17368,3928,4001,9.0,1.0,6.0,2.0,74.0,1.0,62.906,64.031,62.437,61.406,61.656,64.031
08-11-2026 23:23:21,6587,7607,1431,16384,18.166666666666668,97.0,17290,VDD_IN,29346,8053,8055,17066,17290,3928,4001,17.0,3.0,7.0,6.0,75.0,1.0,62.718,64.093,62.5,61.468,61.718,64.093
08-11-2026 23:23:22,6587,7607,1431,16384,14.0,97.0,17054,VDD_IN,28836,8053,7742,17066,17054,3928,4040,0.0,3.0,4.0,1.0,76.0,0.0,62.562,63.968,62.531,61.562,61.656,63.968
08-11-2026 23:23:23,6586,7607,1431,16384,14.166666666666666,97.0,16857,VDD_IN,28385,8052,7402,17065,16857,3929,4126,4.0,1.0,3.0,2.0,75.0,0.0,62.593,63.906,62.5,61.531,61.718,63.906
08-11-2026 23:23:24,6587,7607,1431,16384,13.5,99.0,16570,VDD_IN,28058,8051,7520,17065,16570,3929,3968,1.0,0.0,4.0,1.0,75.0,0.0,62.531,63.343,62.5,61.5,61.718,63.343
08-11-2026 23:23:25,6587,7607,1431,16384,15.666666666666666,99.0,16531,VDD_IN,28176,8050,7794,17064,16531,3929,3851,4.0,2.0,4.0,2.0,82.0,0.0,62.437,63.375,62.375,61.437,61.656,63.375
08-11-2026 23:23:26,6587,7607,1431,16384,20.0,98.0,17801,VDD_IN,30468,8051,8666,17065,17801,3929,4001,3.0,15.0,7.0,11.0,84.0,0.0,62.812,63.937,62.343,61.5,61.812,63.937
08-11-2026 23:23:27,6588,7607,1431,16384,15.333333333333334,97.0,17683,VDD_IN,30365,8052,8759,17066,17683,3929,3923,2.0,1.0,1.0,3.0,85.0,0.0,62.468,64.25,62.406,61.593,61.812,64.25
08-11-2026 23:23:28,6588,7607,1431,16384,14.666666666666666,99.0,17565,VDD_IN,30090,8053,8602,17067,17565,3929,3923,2.0,6.0,2.0,1.0,76.0,1.0,62.562,64.156,62.531,61.375,61.687,64.156
08-11-2026 23:23:29,6588,7607,1431,16384,14.833333333333334,97.0,17565,VDD_IN,30051,8054,8563,17067,17565,3929,3923,2.0,1.0,8.0,2.0,75.0,1.0,62.625,64.218,62.343,61.406,61.687,64.218
08-11-2026 23:23:30,6589,7607,1431,16384,14.666666666666666,97.0,17526,VDD_IN,29934,8055,8446,17068,17526,3929,3962,2.0,0.0,7.0,3.0,74.0,2.0,62.593,64.156,62.375,61.468,61.687,64.156
08-11-2026 23:23:31,6588,7607,1431,16384,16.666666666666668,98.0,17486,VDD_IN,29816,8055,8329,17069,17486,3929,4001,10.0,3.0,5.0,3.0,75.0,4.0,62.937,64.218,62.437,61.5,61.781,64.218
08-11-2026 23:23:32,6591,7607,1431,16384,16.333333333333332,97.0,17211,VDD_IN,29267,8055,8055,17069,17211,3929,4001,10.0,2.0,5.0,6.0,75.0,0.0,62.437,63.906,62.468,61.656,61.656,63.906
08-11-2026 23:23:33,6591,7607,1431,16384,14.166666666666666,97.0,17015,VDD_IN,28797,8055,7742,17069,17015,3929,4040,2.0,2.0,4.0,1.0,75.0,1.0,62.468,63.843,62.531,61.406,61.593,63.843
08-11-2026 23:23:34,6591,7607,1431,16384,14.333333333333334,97.0,16857,VDD_IN,28385,8054,7402,17068,16857,3929,4126,3.0,2.0,0.0,4.0,76.0,1.0,62.718,63.718,62.437,61.437,61.718,63.718
08-11-2026 23:23:35,6590,7607,1431,16384,13.666666666666666,99.0,16570,VDD_IN,28019,8053,7481,17068,16570,3930,3968,2.0,0.0,1.0,4.0,75.0,0.0,62.625,63.375,62.375,61.468,61.781,63.375
08-11-2026 23:23:36,6590,7607,1431,16384,15.5,99.0,16570,VDD_IN,28215,8052,7794,17067,16570,3929,3851,2.0,2.0,3.0,3.0,82.0,1.0,62.781,63.343,62.468,61.5,61.625,63.343
08-11-2026 23:23:37,6589,7607,1431,16384,20.666666666666668,99.0,17772,VDD_IN,30478,8053,8705,17068,17772,3930,4001,11.0,14.0,5.0,9.0,85.0,0.0,62.593,64.031,62.593,61.562,61.781,64.031
08-11-2026 23:23:38,6589,7607,1431,16384,15.333333333333334,97.0,17643,VDD_IN,30310,8054,8744,17069,17643,3930,3923,2.0,2.0,1.0,3.0,84.0,0.0,62.5,64.312,62.531,61.406,61.75,64.312
08-11-2026 23:23:39,6590,7607,1431,16384,14.5,98.0,17643,VDD_IN,30193,8055,8627,17070,17643,3929,3923,1.0,2.0,2.0,4.0,76.0,2.0,62.656,64.343,62.406,61.343,61.687,64.343
08-11-2026 23:23:40,6590,7607,1431,16384,15.0,97.0,17643,VDD_IN,30207,8056,8602,17071,17643,3930,3962,2.0,4.0,3.0,5.0,75.0,1.0,62.687,64.0,62.468,61.531,61.718,64.0
08-11-2026 23:23:41,6591,7607,1431,16384,13.666666666666666,97.0,17526,VDD_IN,29934,8057,8446,17071,17526,3930,3962,1.0,1.0,2.0,3.0,74.0,1.0,62.781,63.968,62.5,61.5,61.75,63.968
08-11-2026 23:23:42,6593,7607,1431,16384,18.5,97.0,17526,VDD_IN,29895,8057,8368,17072,17526,3930,4001,6.0,16.0,8.0,5.0,76.0,0.0,62.562,63.843,62.5,61.375,61.781,63.843
08-11-2026 23:23:43,6593,7607,1431,16384,14.666666666666666,97.0,17250,VDD_IN,29306,8057,8055,17072,17250,3930,4001,2.0,2.0,2.0,8.0,74.0,0.0,62.5,64.062,62.406,61.468,61.625,64.062
08-11-2026 23:23:44,6594,7607,1431,16384,14.166666666666666,97.0,17054,VDD_IN,28836,8057,7742,17072,17054,3930,4040,2.0,4.0,1.0,2.0,75.0,1.0,62.718,64.031,62.468,61.531,61.75,64.031
08-11-2026 23:23:45,6594,7607,1431,16384,14.166666666666666,97.0,16885,VDD_IN,28362,8056,7351,17072,16885,3930,4126,2.0,2.0,4.0,2.0,75.0,0.0,62.437,63.906,62.375,61.531,61.687,63.906
08-11-2026 23:23:46,6595,7607,1431,16384,13.833333333333334,98.0,16491,VDD_IN,27979,8055,7559,17071,16491,3930,3929,3.0,4.0,1.0,1.0,74.0,0.0,62.75,63.687,62.593,61.687,61.812,63.687
08-11-2026 23:23:47,6595,7607,1431,16384,15.666666666666666,99.0,16806,VDD_IN,28595,8055,7938,17071,16806,3930,3851,2.0,2.0,7.0,1.0,82.0,0.0,62.406,63.593,62.656,61.468,61.812,63.593
08-11-2026 23:23:48,6597,7607,1431,16384,20.5,99.0,17761,VDD_IN,30507,8056,8784,17072,17761,3930,3962,9.0,16.0,11.0,2.0,85.0,0.0,62.593,64.062,62.468,61.468,61.812,64.062
08-11-2026 23:23:49,6598,7607,1431,16384,15.5,97.0,17722,VDD_IN,30389,8057,8744,17073,17722,3930,3923,0.0,2.0,1.0,6.0,83.0,1.0,62.687,64.0,62.531,61.468,61.718,64.0
08-11-2026 23:23:50,6598,7607,1431,16384,14.0,97.0,17565,VDD_IN,30051,8057,8563,17073,17565,3930,3923,2.0,2.0,1.0,5.0,74.0,0.0,62.5,63.968,62.5,61.562,61.75,63.968
08-11-2026 23:23:51,6599,7607,1431,16384,15.0,97.0,17604,VDD_IN,30129,8058,8563,17074,17604,3930,3962,3.0,0.0,10.0,1.0,75.0,1.0,62.562,64.218,62.468,61.5,61.75,64.218
08-11-2026 23:23:52,6599,7607,1431,16384,14.166666666666666,97.0,17526,VDD_IN,29934,8059,8446,17075,17526,3930,3962,2.0,1.0,2.0,5.0,75.0,0.0,62.656,64.25,62.437,61.437,61.75,64.25
08-11-2026 23:23:53,6598,7607,1431,16384,19.166666666666668,99.0,17604,VDD_IN,30012,8059,8407,17075,17604,3930,4001,5.0,6.0,18.0,11.0,75.0,0.0,62.875,64.187,62.406,61.531,61.812,64.187
08-11-2026 23:23:54,6598,7607,1431,16384,14.666666666666666,97.0,17250,VDD_IN,29306,8059,8016,17076,17250,3930,4040,28.0,4.0,4.0,2.0,49.0,1.0,62.812,64.218,62.437,61.562,61.875,64.218
08-11-2026 23:23:55,6598,7607,1431,16384,13.666666666666666,97.0,17093,VDD_IN,28915,8059,7742,17076,17093,3931,4080,75.0,2.0,3.0,1.0,0.0,1.0,62.593,64.187,62.468,61.625,61.906,64.187
08-11-2026 23:23:56,6598,7607,1431,16384,13.666666666666666,97.0,16897,VDD_IN,28374,8058,7351,17075,16897,3931,4126,72.0,1.0,3.0,1.0,4.0,1.0,62.593,64.125,62.687,61.437,61.781,64.125
08-11-2026 23:23:57,6598,7607,1431,16384,14.5,98.0,16609,VDD_IN,28175,8057,7598,17075,16609,3931,3968,2.0,1.0,3.0,2.0,76.0,3.0,62.656,63.5,62.531,61.531,61.718,63.5
08-11-2026 23:23:58,6599,7607,1431,16384,15.666666666666666,99.0,16767,VDD_IN,28556,8057,7938,17074,16767,3931,3851,2.0,2.0,3.0,5.0,82.0,0.0,62.625,63.625,62.468,61.5,61.656,63.625
08-11-2026 23:23:59,6599,7607,1431,16384,20.166666666666668,99.0,17761,VDD_IN,30506,8058,8744,17075,17761,3931,4001,18.0,8.0,2.0,8.0,85.0,0.0,62.718,64.093,62.531,61.531,61.937,64.093
08-11-2026 23:24:00,6600,7607,1431,16384,15.666666666666666,97.0,17683,VDD_IN,30350,8059,8744,17076,17683,3931,3923,7.0,2.0,0.0,2.0,83.0,0.0,62.468,64.156,62.593,61.656,61.687,64.156
08-11-2026 23:24:01,6600,7607,1431,16384,13.666666666666666,97.0,17565,VDD_IN,30037,8059,8549,17077,17565,3931,3923,61.0,3.0,2.0,1.0,15.0,0.0,62.656,64.25,62.593,61.562,61.968,64.25
08-11-2026 23:24:02,6600,7607,1431,16384,14.666666666666666,97.0,17604,VDD_IN,30154,8060,8588,17078,17604,3931,3962,23.0,4.0,7.0,1.0,53.0,0.0,62.687,64.406,62.375,61.531,61.687,64.406
08-11-2026 23:24:03,6601,7607,1431,16384,14.166666666666666,97.0,17526,VDD_IN,29920,8061,8432,17078,17526,3931,3962,3.0,1.0,2.0,5.0,74.0,0.0,62.843,64.375,62.437,61.593,61.843,64.375
08-11-2026 23:24:04,6601,7607,1431,16384,18.833333333333332,99.0,17526,VDD_IN,29856,8061,8329,17079,17526,3931,4001,7.0,3.0,18.0,10.0,75.0,0.0,62.75,64.312,62.562,61.562,61.843,64.312
08-11-2026 23:24:05,6602,7607,1431,16384,14.333333333333334,97.0,17250,VDD_IN,29267,8061,7977,17079,17250,3931,4040,3.0,4.0,2.0,3.0,74.0,0.0,62.531,63.937,62.593,61.656,61.781,63.937
08-11-2026 23:24:06,6602,7607,1431,16384,14.5,97.0,17133,VDD_IN,28994,8061,7781,17079,17133,3932,4080,4.0,5.0,2.0,1.0,75.0,0.0,62.593,63.875,62.562,61.437,61.718,64.0
08-11-2026 23:24:07,6603,7607,1431,16384,14.333333333333334,98.0,16857,VDD_IN,28373,8060,7390,17079,16857,3932,4126,3.0,2.0,1.0,4.0,76.0,0.0,62.718,63.968,62.562,61.531,61.843,63.968
08-11-2026 23:24:08,6603,7607,1431,16384,14.333333333333334,99.0,16570,VDD_IN,28136,8059,7598,17078,16570,3932,3968,9.0,2.0,2.0,5.0,68.0,0.0,62.843,63.625,62.531,61.5,61.75,63.625
08-11-2026 23:24:09,6603,7607,1431,16384,15.5,99.0,16806,VDD_IN,28595,8059,7938,17078,16806,3932,3851,16.0,2.0,5.0,2.0,68.0,0.0,62.5,63.781,62.5,61.468,61.718,63.781
08-11-2026 23:24:10,6604,7607,1431,16384,20.666666666666668,99.0,17801,VDD_IN,30507,8060,8744,17079,17801,3932,3962,8.0,17.0,6.0,8.0,85.0,0.0,62.625,64.25,62.593,61.5,61.906,64.25
08-11-2026 23:24:11,6598,7607,1431,16384,15.333333333333334,97.0,17683,VDD_IN,30350,8061,8744,17080,17683,3932,3923,62.0,1.0,1.0,5.0,23.0,0.0,62.718,64.281,62.5,61.531,61.875,64.281
08-11-2026 23:24:12,6599,7607,1431,16384,14.0,97.0,17565,VDD_IN,30037,8061,8549,17080,17565,3932,3923,75.0,2.0,4.0,2.0,0.0,1.0,62.843,64.0,62.593,61.593,61.937,64.0
08-11-2026 23:24:13,6599,7607,1431,16384,14.333333333333334,98.0,17565,VDD_IN,30037,8062,8510,17081,17565,3932,3962,53.0,2.0,7.0,2.0,22.0,0.0,62.781,64.062,62.468,61.5,61.875,64.062
08-11-2026 23:24:14,6599,7607,1431,16384,14.166666666666666,98.0,17486,VDD_IN,29855,8063,8407,17082,17486,3932,3962,14.0,2.0,4.0,2.0,63.0,0.0,62.5,64.062,62.593,61.531,61.75,64.062
08-11-2026 23:24:15,6605,7607,1431,16384,18.666666666666668,97.0,17486,VDD_IN,29816,8063,8329,17082,17486,3932,4001,4.0,4.0,16.0,13.0,75.0,0.0,62.656,63.937,62.531,61.437,61.906,63.937
08-11-2026 23:24:16,6605,7607,1431,16384,14.666666666666666,97.0,17211,VDD_IN,29228,8063,7977,17082,17211,3932,4040,7.0,3.0,2.0,1.0,75.0,0.0,62.593,64.031,62.406,61.531,61.687,64.031
08-11-2026 23:24:17,6606,7607,1431,16384,14.166666666666666,97.0,17015,VDD_IN,28759,8062,7664,17082,17015,3932,4080,2.0,1.0,2.0,3.0,75.0,2.0,62.625,63.875,62.468,61.531,61.781,63.875
08-11-2026 23:24:18,6606,7607,1431,16384,13.833333333333334,99.0,16767,VDD_IN,28139,8061,7246,17082,16767,3933,4126,2.0,1.0,4.0,1.0,75.0,0.0,63.031,63.906,62.562,61.593,61.75,63.906
08-11-2026 23:24:19,6607,7607,1431,16384,14.666666666666666,99.0,16649,VDD_IN,28372,8061,7794,17081,16649,3933,3929,1.0,4.0,5.0,2.0,76.0,0.0,62.531,64.093,62.468,61.593,61.781,64.093
08-11-2026 23:24:20,6606,7607,1431,16384,15.833333333333334,99.0,16897,VDD_IN,28881,8061,8094,17081,16897,3933,3890,4.0,2.0,3.0,2.0,84.0,0.0,62.5,64.031,62.656,61.5,61.875,64.031
08-11-2026 23:24:21,6607,7607,1431,16384,35.333333333333336,95.0,17850,VDD_IN,30713,8062,8940,17082,17850,3933,3923,26.0,23.0,26.0,32.0,86.0,19.0,62.656,64.437,62.531,61.5,61.875,64.437
08-11-2026 23:24:22,6608,7607,1431,16384,15.5,97.0,17722,VDD_IN,30389,8063,8744,17083,17722,3932,3923,2.0,2.0,6.0,3.0,80.0,0.0,62.687,64.093,62.531,61.593,61.875,64.093
08-11-2026 23:24:23,6623,7607,1431,16384,43.666666666666664,0.0,9195,VDD_IN,14594,8056,3174,17072,9195,3930,2225,40.0,52.0,36.0,38.0,54.0,42.0,62.781,61.656,62.25,61.5,61.312,62.781
08-11-2026 23:24:24,6663,7607,1431,16384,42.833333333333336,97.0,15138,VDD_IN,25471,8055,7022,17069,15138,3929,3311,58.0,34.0,33.0,36.0,62.0,34.0,62.156,63.437,62.125,61.437,61.281,63.437
08-11-2026 23:24:25,6664,7607,1431,16384,14.5,97.0,17093,VDD_IN,29032,8055,8016,17069,17093,3929,3923,3.0,1.0,2.0,6.0,75.0,0.0,62.312,63.531,62.125,61.312,61.375,63.531
08-11-2026 23:24:26,6672,7607,1431,16384,19.0,97.0,17368,VDD_IN,29502,8055,8094,17070,17368,3929,4040,13.0,4.0,6.0,16.0,75.0,0.0,62.562,64.0,62.25,61.375,61.468,64.0
08-11-2026 23:24:27,6672,7607,1431,16384,14.5,97.0,17015,VDD_IN,28759,8054,7664,17070,17015,3930,4080,4.0,1.0,2.0,5.0,75.0,0.0,62.281,64.031,62.375,61.437,61.562,64.031
08-11-2026 23:24:28,6673,7607,1431,16384,15.166666666666666,99.0,16779,VDD_IN,28229,8053,7285,17069,16779,3930,4165,3.0,7.0,3.0,2.0,76.0,0.0,62.656,63.781,62.343,61.437,61.625,63.781
08-11-2026 23:24:29,6673,7607,1431,16384,14.666666666666666,99.0,16491,VDD_IN,28058,8053,7716,17069,16491,3930,3851,2.0,1.0,2.0,7.0,76.0,0.0,62.468,63.687,62.25,61.343,61.593,63.687
08-11-2026 23:24:30,6673,7607,1431,16384,15.833333333333334,99.0,16857,VDD_IN,28802,8053,8094,17068,16857,3930,3851,3.0,5.0,2.0,1.0,84.0,0.0,62.406,63.5,62.25,61.343,61.531,63.5
08-11-2026 23:24:31,6673,7607,1431,16384,16.0,97.0,17643,VDD_IN,30271,8054,8705,17069,17643,3930,3923,5.0,2.0,2.0,2.0,85.0,0.0,62.531,64.281,62.281,61.406,61.625,64.281
08-11-2026 23:24:32,6675,7607,1431,16384,19.833333333333332,97.0,17761,VDD_IN,30468,8055,8784,17070,17761,3930,3923,13.0,8.0,3.0,16.0,79.0,0.0,62.468,63.812,62.406,61.5,61.656,63.812
08-11-2026 23:24:33,6675,7607,1431,16384,14.5,97.0,17604,VDD_IN,30115,8055,8588,17071,17604,3930,3923,1.0,5.0,3.0,3.0,75.0,0.0,62.562,63.656,62.343,61.281,61.687,63.656
08-11-2026 23:24:34,6675,7607,1431,16384,13.833333333333334,99.0,17526,VDD_IN,29934,8056,8485,17071,17526,3930,3923,3.0,2.0,1.0,2.0,75.0,0.0,62.656,63.687,62.281,61.343,61.656,63.687
08-11-2026 23:24:35,6676,7607,1431,16384,15.166666666666666,98.0,17408,VDD_IN,29699,8056,8329,17072,17408,3930,3962,9.0,8.0,1.0,2.0,71.0,0.0,62.718,63.812,62.406,61.343,61.625,63.812
08-11-2026 23:24:36,6676,7607,1431,16384,15.0,97.0,17250,VDD_IN,29306,8056,8094,17072,17250,3930,3962,3.0,6.0,4.0,2.0,75.0,0.0,62.5,63.781,62.375,61.468,61.687,63.781
08-11-2026 23:24:37,6678,7607,1431,16384,19.5,98.0,17250,VDD_IN,29228,8056,7938,17072,17250,3930,4040,5.0,18.0,12.0,7.0,75.0,0.0,62.593,63.718,62.437,61.343,61.718,63.718
08-11-2026 23:24:38,6679,7607,1431,16384,14.833333333333334,97.0,16897,VDD_IN,28490,8056,7507,17072,16897,3930,4086,3.0,3.0,5.0,2.0,76.0,0.0,62.593,63.812,62.312,61.343,61.625,63.812
08-11-2026 23:24:39,6679,7607,1431,16384,14.333333333333334,99.0,16531,VDD_IN,27784,8054,7167,17071,16531,3930,4086,4.0,5.0,0.0,1.0,76.0,0.0,62.687,63.062,62.312,61.437,61.625,63.062
08-11-2026 23:24:40,6679,7607,1431,16384,14.166666666666666,99.0,16334,VDD_IN,27782,8054,7637,17070,16334,3930,3811,5.0,1.0,2.0,1.0,76.0,0.0,62.625,63.531,62.343,61.468,61.687,63.531
08-11-2026 23:24:41,6679,7607,1431,16384,15.5,99.0,17172,VDD_IN,29345,8054,8290,17070,17172,3930,3883,2.0,1.0,5.0,2.0,83.0,0.0,62.343,63.687,62.437,61.5,61.656,63.687
08-11-2026 23:24:42,6679,7607,1431,16384,15.833333333333334,96.0,17447,VDD_IN,29918,8055,8588,17071,17447,3930,3883,2.0,2.0,5.0,1.0,85.0,0.0,62.5,63.812,62.406,61.343,61.781,63.812
08-11-2026 23:24:43,6681,7607,1431,16384,19.333333333333332,97.0,17526,VDD_IN,30090,8056,8641,17072,17526,3930,3923,14.0,6.0,11.0,7.0,78.0,0.0,62.531,63.875,62.406,61.343,61.656,63.875
08-11-2026 23:24:44,6681,7607,1431,16384,13.833333333333334,97.0,17447,VDD_IN,29880,8056,8510,17072,17447,3930,3923,5.0,0.0,2.0,1.0,75.0,0.0,62.5,63.812,62.281,61.375,61.593,63.812
08-11-2026 23:24:45,6681,7607,1431,16384,14.333333333333334,98.0,17408,VDD_IN,29738,8057,8368,17073,17408,3930,3962,2.0,2.0,1.0,3.0,76.0,2.0,62.75,64.093,62.406,61.531,61.625,64.093
08-11-2026 23:24:46,6681,7607,1431,16384,14.666666666666666,97.0,17329,VDD_IN,29541,8057,8250,17073,17329,3930,3962,3.0,8.0,2.0,1.0,74.0,0.0,62.406,64.125,62.468,61.531,61.687,64.125
08-11-2026 23:24:47,6681,7607,1431,16384,14.333333333333334,97.0,17172,VDD_IN,29267,8057,8094,17073,17172,3930,4001,2.0,2.0,6.0,1.0,75.0,0.0,62.468,64.062,62.5,61.375,61.625,64.062
08-11-2026 23:24:48,6685,7607,1431,16384,19.5,99.0,17172,VDD_IN,29111,8057,7899,17073,17172,3930,4040,6.0,4.0,13.0,19.0,75.0,0.0,62.718,64.031,62.281,61.375,61.687,64.031
08-11-2026 23:24:49,6686,7607,1431,16384,15.166666666666666,97.0,16897,VDD_IN,28536,8056,7559,17073,16897,3931,4080,7.0,3.0,3.0,3.0,75.0,0.0,62.437,64.0,62.375,61.468,61.656,64.0
08-11-2026 23:24:50,6686,7607,1431,16384,14.333333333333334,99.0,16570,VDD_IN,27862,8055,7206,17072,16570,3931,4086,3.0,1.0,4.0,2.0,75.0,1.0,62.968,63.218,62.437,61.468,61.656,63.218
08-11-2026 23:24:51,6686,7607,1431,16384,15.0,99.0,16373,VDD_IN,27860,8054,7676,17071,16373,3931,3811,7.0,2.0,1.0,3.0,77.0,0.0,62.312,63.625,62.468,61.343,61.687,63.625
08-11-2026 23:24:52,6686,7607,1431,16384,15.833333333333334,99.0,17211,VDD_IN,29463,8055,8329,17071,17211,3931,3923,6.0,2.0,2.0,1.0,84.0,0.0,62.437,63.968,62.312,61.343,61.718,63.968
08-11-2026 23:24:53,6686,7607,1431,16384,15.666666666666666,97.0,17526,VDD_IN,30075,8056,8666,17072,17526,3931,3883,2.0,2.0,1.0,5.0,84.0,0.0,62.593,64.031,62.406,61.437,61.75,64.031
08-11-2026 23:24:54,6690,7607,1431,16384,19.333333333333332,98.0,17565,VDD_IN,30115,8056,8627,17073,17565,3931,3923,5.0,9.0,4.0,20.0,78.0,0.0,62.5,64.093,62.437,61.468,61.656,64.093
08-11-2026 23:24:55,6690,7607,1431,16384,14.333333333333334,97.0,17486,VDD_IN,29972,8057,8563,17073,17486,3931,3923,4.0,4.0,2.0,1.0,75.0,0.0,62.781,64.0,62.468,61.593,61.687,64.0
08-11-2026 23:24:56,6690,7607,1431,16384,13.833333333333334,97.0,17329,VDD_IN,29659,8057,8368,17074,17329,3931,3962,5.0,1.0,1.0,1.0,75.0,0.0,62.468,63.812,62.531,61.375,61.781,63.812
08-11-2026 23:24:57,6690,7607,1431,16384,15.166666666666666,97.0,17329,VDD_IN,29541,8058,8250,17074,17329,3931,3962,3.0,2.0,9.0,2.0,75.0,0.0,62.531,63.906,62.437,61.406,61.625,63.906
08-11-2026 23:24:58,6690,7607,1431,16384,14.0,97.0,17290,VDD_IN,29424,8058,8133,17074,17290,3931,4001,17.0,2.0,1.0,4.0,60.0,0.0,62.625,63.875,62.406,61.437,61.75,63.875
08-11-2026 23:24:59,6690,7607,1431,16384,19.166666666666668,98.0,17211,VDD_IN,29189,8058,7938,17074,17211,3931,4040,5.0,6.0,18.0,8.0,78.0,0.0,62.531,63.843,62.5,61.468,61.75,63.843
08-11-2026 23:25:00,6690,7607,1431,16384,14.333333333333334,97.0,16936,VDD_IN,28563,8057,7547,17074,16936,3931,4080,2.0,1.0,2.0,5.0,76.0,0.0,62.75,63.812,62.437,61.562,61.781,63.812
08-11-2026 23:25:01,6690,7607,1431,16384,14.166666666666666,99.0,16728,VDD_IN,28100,8056,7246,17074,16728,3931,4126,3.0,0.0,3.0,4.0,75.0,0.0,62.656,63.343,62.593,61.375,61.843,63.343
08-11-2026 23:25:02,6690,7607,1431,16384,14.666666666666666,99.0,16413,VDD_IN,27940,8055,7716,17073,16413,3931,3811,2.0,2.0,5.0,3.0,76.0,0.0,62.437,63.843,62.343,61.437,61.75,63.843
08-11-2026 23:25:03,6690,7607,1431,16384,15.666666666666666,99.0,17093,VDD_IN,29226,8056,8250,17073,17093,3931,3883,3.0,2.0,1.0,4.0,84.0,0.0,62.718,64.031,62.406,61.375,61.75,64.031
08-11-2026 23:25:04,6691,7607,1431,16384,17.166666666666668,96.0,17604,VDD_IN,30192,8057,8705,17074,17604,3931,3883,2.0,5.0,5.0,7.0,84.0,0.0,62.75,64.156,62.437,61.468,61.781,64.156
08-11-2026 23:25:05,6692,7607,1431,16384,18.5,97.0,17604,VDD_IN,30168,8057,8641,17074,17604,3931,3923,6.0,6.0,3.0,16.0,80.0,0.0,62.531,64.218,62.562,61.593,61.843,64.218
08-11-2026 23:25:06,6692,7607,1431,16384,14.833333333333334,97.0,17526,VDD_IN,29973,8058,8524,17075,17526,3931,3923,4.0,2.0,7.0,2.0,74.0,0.0,62.593,64.25,62.531,61.437,61.687,64.0
08-11-2026 23:25:07,6692,7607,1431,16384,14.5,97.0,17368,VDD_IN,29659,8058,8329,17075,17368,3931,3962,3.0,3.0,5.0,1.0,75.0,0.0,62.562,63.812,62.437,61.406,61.656,63.812
08-11-2026 23:25:08,6692,7607,1431,16384,15.0,97.0,17329,VDD_IN,29541,8059,8250,17076,17329,3931,3962,2.0,2.0,3.0,8.0,75.0,0.0,62.656,63.937,62.531,61.531,61.781,63.937
08-11-2026 23:25:09,6692,7607,1431,16384,14.5,97.0,17211,VDD_IN,29267,8059,8055,17076,17211,3931,4001,2.0,3.0,4.0,2.0,76.0,0.0,62.468,63.968,62.531,61.593,61.718,63.968
08-11-2026 23:25:10,6691,7607,1431,16384,19.666666666666668,98.0,17211,VDD_IN,29150,8058,7899,17076,17211,3931,4040,6.0,10.0,7.0,19.0,76.0,0.0,62.593,63.875,62.531,61.437,61.812,63.875
08-11-2026 23:25:11,6693,7607,1431,16384,14.166666666666666,97.0,16975,VDD_IN,28641,8058,7547,17076,16975,3932,4119,3.0,1.0,2.0,4.0,75.0,0.0,62.593,64.125,62.406,61.5,61.656,64.125
08-11-2026 23:25:12,6693,7607,1431,16384,13.833333333333334,99.0,16609,VDD_IN,27901,8057,7206,17075,16609,3932,4086,2.0,1.0,1.0,4.0,75.0,0.0,62.968,63.687,62.406,61.468,61.75,63.687
08-11-2026 23:25:13,6693,7607,1431,16384,14.5,99.0,16452,VDD_IN,28018,8056,7755,17074,16452,3932,3811,2.0,2.0,2.0,2.0,77.0,2.0,62.593,64.0,62.562,61.531,61.687,64.0
08-11-2026 23:25:14,6693,7607,1431,16384,16.0,98.0,17172,VDD_IN,29305,8056,8250,17075,17172,3932,3883,6.0,2.0,1.0,2.0,85.0,0.0,62.718,64.031,62.593,61.5,61.812,64.031
08-11-2026 23:25:15,6692,7607,1431,16384,18.666666666666668,96.0,17643,VDD_IN,30231,8057,8705,17075,17643,3931,3883,2.0,3.0,12.0,10.0,85.0,0.0,62.875,64.312,62.593,61.5,61.906,64.312
08-11-2026 23:25:16,6694,7607,1431,16384,16.666666666666668,97.0,17604,VDD_IN,30154,8058,8627,17076,17604,3931,3923,5.0,3.0,5.0,8.0,79.0,0.0,62.593,64.312,62.562,61.5,61.781,64.312
08-11-2026 23:25:17,6694,7607,1431,16384,14.666666666666666,97.0,17526,VDD_IN,30012,8059,8563,17077,17526,3931,3923,3.0,5.0,2.0,3.0,6.0,69.0,62.906,64.0,62.562,61.468,61.718,64.0
08-11-2026 23:25:18,6694,7607,1431,16384,14.833333333333334,97.0,17368,VDD_IN,29659,8059,8329,17077,17368,3931,3962,2.0,7.0,3.0,2.0,0.0,75.0,62.781,63.968,62.468,61.562,61.781,63.968
08-11-2026 23:25:19,6694,7607,1431,16384,16.0,98.0,17329,VDD_IN,29581,8059,8290,17077,17329,3932,3962,4.0,7.0,2.0,3.0,50.0,30.0,62.875,64.031,62.531,61.625,61.687,64.031
08-11-2026 23:25:20,6694,7607,1431,16384,14.166666666666666,97.0,17211,VDD_IN,29306,8059,8094,17077,17211,3932,4001,3.0,4.0,1.0,2.0,75.0,0.0,62.562,64.093,62.593,61.437,61.781,64.093
08-11-2026 23:25:21,6692,7607,1431,16384,18.333333333333332,98.0,17172,VDD_IN,29071,8059,7859,17078,17172,3932,4040,8.0,15.0,2.0,9.0,76.0,0.0,62.625,63.75,62.406,61.406,61.687,63.75
08-11-2026 23:25:22,6692,7607,1431,16384,14.333333333333334,97.0,16857,VDD_IN,28450,8058,7507,17077,16857,3932,4086,2.0,2.0,2.0,6.0,74.0,0.0,62.812,63.718,62.468,61.468,61.687,63.718
08-11-2026 23:25:23,6693,7607,1431,16384,14.333333333333334,99.0,16570,VDD_IN,27862,8057,7206,17077,16570,3932,4086,5.0,2.0,2.0,3.0,74.0,0.0,62.625,63.25,62.437,61.593,61.812,63.25
08-11-2026 23:25:24,6692,7607,1431,16384,14.666666666666666,53.0,16413,VDD_IN,27861,8057,7637,17076,16413,3932,3811,2.0,4.0,1.0,2.0,79.0,0.0,62.375,63.593,62.593,61.437,61.718,63.593
08-11-2026 23:25:25,6692,7607,1431,16384,15.666666666666666,99.0,17290,VDD_IN,29581,8057,8368,17076,17290,3932,3923,60.0,5.0,2.0,2.0,25.0,0.0,62.5,63.875,62.562,61.437,61.75,63.875
08-11-2026 23:25:26,6693,7607,1431,16384,19.833333333333332,97.0,17772,VDD_IN,30556,8058,8901,17077,17772,3932,3883,16.0,6.0,6.0,6.0,85.0,0.0,63.0,64.062,62.437,61.468,61.875,64.062
08-11-2026 23:25:27,6693,7607,1431,16384,14.833333333333334,97.0,17565,VDD_IN,30076,8059,8588,17078,17565,3932,3923,20.0,5.0,3.0,2.0,59.0,0.0,62.937,63.968,62.437,61.531,61.812,64.156
08-11-2026 23:25:28,6693,7607,1431,16384,14.333333333333334,97.0,17526,VDD_IN,29973,8059,8524,17078,17526,3932,3923,75.0,8.0,2.0,1.0,0.0,0.0,62.875,64.25,62.5,61.562,61.875,64.25
08-11-2026 23:25:29,6693,7607,1431,16384,14.166666666666666,97.0,17408,VDD_IN,29738,8060,8407,17078,17408,3932,3923,76.0,4.0,2.0,3.0,0.0,0.0,62.656,64.125,62.562,61.625,61.906,64.125
08-11-2026 23:25:30,6693,7607,1431,16384,14.166666666666666,97.0,17368,VDD_IN,29580,8060,8250,17079,17368,3932,3962,40.0,5.0,2.0,1.0,37.0,0.0,62.562,64.156,62.625,61.5,61.812,64.156
08-11-2026 23:25:31,6693,7607,1431,16384,13.833333333333334,97.0,17211,VDD_IN,29267,8060,8055,17079,17211,3932,4001,72.0,4.0,2.0,2.0,3.0,0.0,62.593,64.187,62.625,61.468,61.781,64.187
08-11-2026 23:25:32,6693,7607,1431,16384,17.833333333333332,97.0,17054,VDD_IN,28836,8060,7742,17079,17054,3932,4040,37.0,11.0,11.0,7.0,40.0,1.0,62.781,64.062,62.5,61.5,61.812,64.062
08-11-2026 23:25:33,6693,7607,1431,16384,14.0,97.0,16846,VDD_IN,28374,8059,7402,17079,16846,3932,4126,2.0,2.0,2.0,9.0,68.0,1.0,62.718,64.031,62.468,61.625,61.718,64.031
08-11-2026 23:25:34,6693,7607,1431,16384,14.0,99.0,16609,VDD_IN,28058,8058,7441,17078,16609,3932,4008,3.0,4.0,1.0,76.0,0.0,0.0,62.906,63.343,62.562,61.593,61.875,63.343
08-11-2026 23:25:35,6693,7607,1431,16384,14.666666666666666,50.0,16491,VDD_IN,28097,8058,7755,17077,16491,3932,3851,2.0,3.0,2.0,81.0,0.0,0.0,62.531,63.593,62.593,61.406,61.843,63.593
08-11-2026 23:25:36,6693,7607,1431,16384,16.166666666666668,98.0,17604,VDD_IN,30090,8058,8524,17078,17604,3932,3962,3.0,3.0,6.0,9.0,76.0,0.0,62.625,64.0,62.5,61.531,61.875,64.0
08-11-2026 23:25:37,6693,7607,1431,16384,20.5,97.0,17801,VDD_IN,30625,8059,8901,17079,17801,3932,3923,8.0,6.0,18.0,6.0,85.0,0.0,62.875,64.062,62.593,61.531,61.812,64.062
08-11-2026 23:25:38,6693,7607,1431,16384,14.833333333333334,98.0,17565,VDD_IN,30076,8060,8588,17080,17565,3932,3923,2.0,2.0,4.0,6.0,75.0,0.0,62.531,64.093,62.531,61.5,61.906,64.093
08-11-2026 23:25:39,6694,7607,1431,16384,15.833333333333334,97.0,17526,VDD_IN,29973,8061,8524,17080,17526,3932,3923,4.0,3.0,6.0,7.0,75.0,0.0,62.593,64.125,62.593,61.437,61.718,64.312
08-11-2026 23:25:40,6693,7607,1431,16384,14.833333333333334,97.0,17447,VDD_IN,29855,8061,8446,17081,17447,3932,3962,2.0,3.0,4.0,5.0,75.0,0.0,62.468,64.375,62.562,61.406,61.75,64.375
08-11-2026 23:25:41,6694,7607,1431,16384,14.166666666666666,98.0,17329,VDD_IN,29502,8061,8172,17081,17329,3933,4001,3.0,3.0,2.0,2.0,75.0,0.0,62.593,64.375,62.5,61.5,61.75,64.375
08-11-2026 23:25:42,6694,7607,1431,16384,14.166666666666666,97.0,17250,VDD_IN,29267,8061,8016,17081,17250,3933,4001,6.0,1.0,1.0,2.0,75.0,0.0,62.843,64.312,62.5,61.625,61.843,64.312
08-11-2026 23:25:43,6693,7607,1431,16384,18.5,97.0,17054,VDD_IN,28836,8061,7742,17081,17054,3933,4040,10.0,7.0,16.0,3.0,75.0,0.0,62.5,64.25,62.5,61.593,61.656,64.25
08-11-2026 23:25:44,6693,7607,1431,16384,14.333333333333334,97.0,16846,VDD_IN,28374,8060,7402,17081,16846,3933,4126,6.0,2.0,3.0,1.0,74.0,0.0,62.687,63.906,62.562,61.437,61.843,63.906
08-11-2026 23:25:45,6693,7607,1431,16384,14.166666666666666,99.0,16491,VDD_IN,27900,8059,7441,17080,16491,3933,3968,5.0,2.0,1.0,2.0,75.0,0.0,62.781,63.625,62.593,61.468,61.75,63.625
08-11-2026 23:25:46,6693,7607,1431,16384,15.333333333333334,99.0,16609,VDD_IN,28254,8059,7794,17079,16609,3933,3851,1.0,2.0,5.0,2.0,82.0,0.0,62.468,63.468,62.531,61.5,61.718,63.468
08-11-2026 23:25:47,6693,7607,1431,16384,16.333333333333332,99.0,17683,VDD_IN,30272,8060,8588,17080,17683,3933,4001,2.0,4.0,2.0,5.0,85.0,0.0,62.937,64.156,62.468,61.562,61.937,64.156
08-11-2026 23:25:48,6697,7607,1431,16384,21.0,97.0,17801,VDD_IN,30547,8060,8823,17081,17801,3933,3923,6.0,6.0,18.0,11.0,84.0,1.0,62.531,64.281,62.531,61.656,61.812,64.281
08-11-2026 23:25:49,6697,7607,1431,16384,14.5,97.0,17526,VDD_IN,30012,8061,8563,17082,17526,3933,3923,3.0,2.0,3.0,4.0,75.0,0.0,62.625,64.0,62.562,61.468,61.781,64.0
08-11-2026 23:25:50,6697,7607,1431,16384,14.5,97.0,17526,VDD_IN,29973,8062,8524,17082,17526,3933,3923,2.0,2.0,6.0,2.0,75.0,0.0,62.718,64.031,62.5,61.5,61.781,64.031
08-11-2026 23:25:51,6697,7607,1431,16384,14.0,97.0,17447,VDD_IN,29816,8062,8407,17083,17447,3933,3962,2.0,0.0,2.0,5.0,75.0,0.0,63.031,64.031,62.5,61.593,61.906,64.031
08-11-2026 23:25:52,6697,7607,1431,16384,14.0,97.0,17290,VDD_IN,29463,8062,8172,17083,17290,3933,4001,2.0,1.0,2.0,4.0,75.0,0.0,62.812,64.0,62.531,61.656,61.843,64.0
08-11-2026 23:25:53,6698,7607,1431,16384,14.0,97.0,17172,VDD_IN,29189,8062,7977,17083,17172,3933,4040,2.0,0.0,2.0,4.0,74.0,2.0,62.531,63.937,62.531,61.468,61.843,63.937
08-11-2026 23:25:54,6695,7607,1431,16384,18.333333333333332,97.0,17093,VDD_IN,28954,8062,7781,17083,17093,3933,4080,6.0,7.0,7.0,15.0,75.0,0.0,62.593,64.187,62.593,61.562,61.625,64.187
08-11-2026 23:25:56,6696,7607,1431,16384,14.5,98.0,16767,VDD_IN,28178,8061,7285,17083,16767,3934,4126,7.0,1.0,1.0,2.0,75.0,1.0,62.843,63.906,62.468,61.531,61.781,63.906
08-11-2026 23:25:57,6696,7607,1431,16384,13.833333333333334,99.0,16413,VDD_IN,27901,8060,7598,17082,16413,3934,3890,2.0,2.0,2.0,1.0,74.0,2.0,62.968,64.031,62.593,61.562,61.812,64.031
08-11-2026 23:25:58,6695,7607,1431,16384,15.666666666666666,99.0,16806,VDD_IN,28634,8060,7977,17081,16806,3933,3851,2.0,5.0,2.0,1.0,84.0,0.0,62.781,63.906,62.593,61.718,61.781,63.906
08-11-2026 23:25:59,6695,7607,1431,16384,16.833333333333332,96.0,17604,VDD_IN,30192,8061,8705,17082,17604,3933,3883,2.0,9.0,2.0,2.0,86.0,0.0,62.531,64.281,62.593,61.468,61.937,64.281
08-11-2026 23:26:00,6698,7607,1431,16384,20.166666666666668,97.0,17643,VDD_IN,30310,8062,8744,17083,17643,3933,3923,10.0,6.0,18.0,6.0,81.0,0.0,62.625,64.312,62.687,61.468,61.906,64.093
08-11-2026 23:26:01,6698,7607,1431,16384,14.0,97.0,17604,VDD_IN,30154,8062,8627,17083,17604,3933,3923,5.0,2.0,1.0,1.0,75.0,0.0,62.718,64.125,62.468,61.625,61.843,64.125
08-11-2026 23:26:02,6698,7607,1431,16384,13.833333333333334,98.0,17447,VDD_IN,29855,8063,8446,17084,17447,3933,3962,1.0,2.0,2.0,1.0,75.0,2.0,63.031,64.031,62.562,61.562,61.812,64.031
08-11-2026 23:26:03,6698,7607,1431,16384,14.333333333333334,97.0,17408,VDD_IN,29699,8063,8329,17084,17408,3933,3962,2.0,2.0,2.0,5.0,25.0,50.0,62.718,64.093,62.531,61.656,61.812,64.093
08-11-2026 23:26:04,6698,7607,1431,16384,14.0,97.0,17290,VDD_IN,29424,8063,8133,17084,17290,3934,4001,2.0,1.0,1.0,5.0,0.0,75.0,62.625,64.031,62.718,61.531,61.812,64.031
08-11-2026 23:26:05,6699,7607,1431,16384,15.333333333333334,97.0,17211,VDD_IN,29189,8063,7938,17085,17211,3934,4040,4.0,4.0,2.0,8.0,0.0,74.0,62.781,64.062,62.593,61.593,61.75,64.281
08-11-2026 23:26:06,6697,7607,1431,16384,17.166666666666668,97.0,16975,VDD_IN,28686,8063,7625,17084,16975,3934,4086,6.0,14.0,3.0,5.0,0.0,75.0,62.906,64.343,62.562,61.625,61.906,64.343
08-11-2026 23:26:07,6697,7607,1431,16384,14.5,99.0,16767,VDD_IN,28138,8062,7206,17084,16767,3934,4165,2.0,5.0,2.0,2.0,0.0,76.0,63.281,63.843,62.656,61.687,61.843,63.843
08-11-2026 23:26:08,6697,7607,1431,16384,14.666666666666666,99.0,16452,VDD_IN,28058,8061,7755,17083,16452,3934,3851,3.0,4.0,3.0,1.0,0.0,77.0,62.562,64.218,62.593,61.531,61.937,64.218
08-11-2026 23:26:09,6697,7607,1431,16384,16.5,99.0,16936,VDD_IN,28881,8061,8094,17083,16936,3934,3851,5.0,8.0,1.0,1.0,0.0,84.0,62.593,63.625,62.625,61.593,61.781,63.625
08-11-2026 23:26:10,6697,7607,1431,16384,16.5,97.0,17565,VDD_IN,30154,8062,8666,17084,17565,3934,3923,7.0,3.0,1.0,2.0,0.0,86.0,62.781,64.156,62.593,61.593,61.875,64.156
08-11-2026 23:26:11,6700,7607,1431,16384,19.166666666666668,98.0,17722,VDD_IN,30389,8063,8744,17085,17722,3934,3923,11.0,5.0,4.0,9.0,7.0,79.0,62.75,64.218,62.531,61.562,61.875,64.218
08-11-2026 23:26:12,6700,7607,1431,16384,14.166666666666666,97.0,17643,VDD_IN,30193,8063,8627,17085,17643,3934,3923,2.0,0.0,2.0,6.0,0.0,75.0,63.062,64.25,62.531,61.593,61.843,64.25
08-11-2026 23:26:13,6700,7607,1431,16384,14.166666666666666,98.0,17486,VDD_IN,29894,8064,8446,17086,17486,3934,3962,3.0,1.0,0.0,5.0,0.0,76.0,62.75,64.218,62.656,61.562,61.843,64.218
08-11-2026 23:26:14,6700,7607,1431,16384,13.666666666666666,97.0,17368,VDD_IN,29620,8064,8290,17086,17368,3934,3962,1.0,5.0,2.0,1.0,0.0,73.0,62.781,64.312,62.718,61.406,61.75,64.312
08-11-2026 23:26:15,6700,7607,1431,16384,14.0,97.0,17290,VDD_IN,29424,8064,8133,17086,17290,3934,4001,3.0,2.0,3.0,1.0,0.0,75.0,62.937,64.031,62.593,61.593,61.843,64.031
08-11-2026 23:26:16,6700,7607,1431,16384,17.5,98.0,17250,VDD_IN,29267,8064,7977,17086,17250,3934,4040,5.0,6.0,14.0,5.0,0.0,75.0,63.031,64.0,62.531,61.593,61.875,64.0
08-11-2026 23:26:17,6701,7607,1431,16384,16.333333333333332,98.0,16975,VDD_IN,28641,8064,7586,17086,16975,3934,4080,6.0,3.0,4.0,10.0,0.0,75.0,63.062,63.906,62.625,61.656,61.687,63.906
08-11-2026 23:26:18,6701,7607,1431,16384,14.166666666666666,99.0,16609,VDD_IN,27901,8063,7206,17086,16609,3935,4086,6.0,0.0,3.0,0.0,0.0,76.0,62.875,63.343,62.656,61.562,62.0,63.343
08-11-2026 23:26:19,6701,7607,1431,16384,15.666666666666666,99.0,16491,VDD_IN,28018,8062,7716,17085,16491,3934,3811,9.0,3.0,2.0,2.0,0.0,78.0,62.625,63.812,62.656,61.531,61.781,63.812
08-11-2026 23:26:20,6701,7607,1431,16384,15.5,98.0,17329,VDD_IN,29659,8063,8407,17085,17329,3934,3923,2.0,0.0,1.0,4.0,2.0,84.0,62.875,64.093,62.562,61.625,61.843,64.093
08-11-2026 23:26:21,6701,7607,1431,16384,15.666666666666666,96.0,17643,VDD_IN,30270,8063,8744,17086,17643,3934,3883,2.0,1.0,1.0,5.0,0.0,85.0,62.593,64.343,62.593,61.656,61.843,64.343
08-11-2026 23:26:22,6698,7607,1431,16384,19.333333333333332,97.0,17722,VDD_IN,30389,8064,8744,17087,17722,3934,3923,11.0,5.0,10.0,12.0,0.0,78.0,63.031,64.343,62.687,61.687,61.906,64.343
08-11-2026 23:26:23,6698,7607,1431,16384,14.0,97.0,17604,VDD_IN,30154,8065,8627,17087,17604,3934,3923,3.0,4.0,0.0,2.0,0.0,75.0,62.718,64.406,62.781,61.531,61.781,64.406
08-11-2026 23:26:24,6698,7607,1431,16384,14.166666666666666,97.0,17447,VDD_IN,29777,8065,8368,17088,17447,3934,3962,4.0,2.0,2.0,2.0,0.0,75.0,62.75,64.031,62.593,61.562,61.843,64.031
08-11-2026 23:26:25,6698,7607,1431,16384,13.833333333333334,97.0,17408,VDD_IN,29660,8065,8290,17088,17408,3934,3962,2.0,2.0,1.0,4.0,0.0,74.0,62.968,64.093,62.593,61.656,61.812,64.093
08-11-2026 23:26:26,6698,7607,1431,16384,13.833333333333334,97.0,17329,VDD_IN,29502,8066,8172,17088,17329,3934,4001,1.0,4.0,2.0,2.0,0.0,74.0,62.687,64.406,62.625,61.687,61.875,64.406
08-11-2026 23:26:27,6678,7607,1431,16384,18.666666666666668,98.0,17368,VDD_IN,29503,8066,8055,17089,17368,3935,4080,6.0,9.0,19.0,3.0,0.0,75.0,62.812,64.281,62.687,61.562,61.843,64.281
08-11-2026 23:26:28,6680,7607,1431,16384,15.0,98.0,17015,VDD_IN,28720,8065,7586,17089,17015,3935,4119,3.0,2.0,2.0,8.0,0.0,75.0,63.0,64.25,62.5,61.625,61.937,64.25
08-11-2026 23:26:29,6680,7607,1431,16384,14.5,99.0,16649,VDD_IN,28059,8064,7324,17088,16649,3935,4086,2.0,3.0,1.0,5.0,0.0,76.0,63.25,63.687,62.656,61.562,61.906,63.687
08-11-2026 23:26:30,6680,7607,1431,16384,15.0,65.0,16570,VDD_IN,28137,8064,7716,17088,16570,3935,3851,3.0,4.0,2.0,2.0,0.0,79.0,62.843,63.812,62.593,61.718,61.937,63.812
08-11-2026 23:26:31,6680,7607,1431,16384,16.0,99.0,17408,VDD_IN,29777,8064,8446,17088,17408,3935,3923,3.0,1.0,2.0,6.0,0.0,84.0,62.593,64.187,62.781,61.562,61.968,64.187
08-11-2026 23:26:32,6680,7607,1431,16384,16.0,97.0,17643,VDD_IN,30270,8065,8744,17089,17643,3935,3883,6.0,2.0,2.0,1.0,0.0,85.0,62.687,64.187,62.687,61.625,61.812,64.187
08-11-2026 23:26:33,6685,7607,1431,16384,19.5,97.0,17761,VDD_IN,30389,8066,8705,17089,17761,3935,3923,9.0,9.0,8.0,13.0,0.0,78.0,62.843,64.25,62.656,61.625,61.906,64.25
08-11-2026 23:26:34,6685,7607,1431,16384,13.833333333333334,98.0,17643,VDD_IN,30193,8066,8627,17090,17643,3935,3923,2.0,4.0,1.0,1.0,0.0,75.0,63.156,64.25,62.625,61.656,61.906,64.25
08-11-2026 23:26:35,6685,7607,1431,16384,14.166666666666666,98.0,17486,VDD_IN,29894,8067,8446,17090,17486,3935,3962,3.0,4.0,2.0,2.0,0.0,74.0,62.875,64.187,62.75,61.718,61.937,64.187
08-11-2026 23:26:36,6685,7607,1431,16384,14.0,97.0,17368,VDD_IN,29620,8067,8290,17091,17368,3935,3962,3.0,3.0,2.0,2.0,0.0,74.0,62.718,64.062,62.687,61.562,61.937,64.062
08-11-2026 23:26:37,6685,7607,1430,16384,14.333333333333334,97.0,17329,VDD_IN,29463,8067,8133,17091,17329,3935,4001,2.0,4.0,1.0,3.0,0.0,76.0,62.781,64.093,62.75,61.562,61.843,64.093
08-11-2026 23:26:38,6691,7607,1430,16384,19.5,99.0,17368,VDD_IN,29503,8067,8055,17091,17368,3935,4080,4.0,8.0,7.0,23.0,0.0,75.0,62.968,64.0,62.781,61.593,61.843,64.0
08-11-2026 23:26:39,6692,7607,1430,16384,14.333333333333334,97.0,17015,VDD_IN,28681,8067,7586,17091,17015,3935,4080,3.0,1.0,2.0,4.0,1.0,75.0,63.156,63.937,62.562,61.625,61.937,63.937
08-11-2026 23:26:40,6692,7607,1430,16384,14.5,99.0,16649,VDD_IN,27981,8066,7206,17091,16649,3935,4126,4.0,1.0,1.0,5.0,0.0,76.0,63.0,63.5,62.625,61.562,61.968,63.5
08-11-2026 23:26:41,6692,7607,1430,16384,14.833333333333334,99.0,16491,VDD_IN,28097,8065,7755,17090,16491,3935,3851,3.0,2.0,2.0,4.0,0.0,78.0,62.5,63.937,62.75,61.562,61.937,63.937
08-11-2026 23:26:42,6692,7607,1430,16384,15.666666666666666,99.0,17172,VDD_IN,29345,8066,8290,17090,17172,3935,3883,2.0,4.0,2.0,2.0,0.0,84.0,62.593,63.906,62.562,61.562,61.781,63.906
08-11-2026 23:26:43,6693,7607,1430,16384,15.0,97.0,17604,VDD_IN,30193,8066,8666,17091,17604,3935,3923,1.0,1.0,1.0,2.0,0.0,85.0,62.812,64.218,62.593,61.687,61.968,64.218
08-11-2026 23:26:44,6697,7607,1430,16384,19.333333333333332,97.0,17722,VDD_IN,30389,8067,8744,17091,17722,3935,3923,7.0,5.0,7.0,17.0,0.0,80.0,63.125,64.375,62.687,61.656,61.906,64.375
08-11-2026 23:26:45,6697,7607,1430,16384,14.166666666666666,97.0,17643,VDD_IN,30193,8068,8627,17092,17643,3935,3923,4.0,4.0,3.0,1.0,0.0,73.0,62.781,64.281,62.718,61.562,61.968,64.281
08-11-2026 23:26:46,6698,7607,1430,16384,14.333333333333334,99.0,17565,VDD_IN,30051,8068,8524,17093,17565,3935,3962,3.0,5.0,1.0,2.0,0.0,75.0,62.781,64.062,62.812,61.562,61.906,64.062
08-11-2026 23:26:47,6698,7607,1430,16384,14.166666666666666,97.0,17526,VDD_IN,29895,8069,8407,17093,17526,3935,3962,3.0,3.0,2.0,2.0,0.0,75.0,62.937,64.156,62.593,61.625,61.875,64.156
08-11-2026 23:26:48,6698,7607,1430,16384,14.666666666666666,97.0,17329,VDD_IN,29502,8069,8172,17093,17329,3935,4001,3.0,1.0,4.0,4.0,0.0,76.0,62.812,64.093,62.625,61.656,61.875,64.093
08-11-2026 23:26:49,6698,7607,1430,16384,18.666666666666668,97.0,17447,VDD_IN,29620,8069,8133,17094,17447,3936,4040,10.0,15.0,7.0,4.0,1.0,75.0,63.125,64.093,62.656,61.75,61.937,64.093
08-11-2026 23:26:50,6699,7607,1430,16384,14.166666666666666,97.0,17133,VDD_IN,28955,8068,7742,17094,17133,3936,4080,4.0,2.0,1.0,3.0,0.0,75.0,62.812,64.281,62.812,61.593,61.937,64.281
08-11-2026 23:26:51,6699,7607,1430,16384,13.833333333333334,99.0,16806,VDD_IN,28217,8067,7285,17094,16806,3936,4126,2.0,1.0,1.0,4.0,0.0,75.0,63.062,64.031,62.593,61.593,61.843,64.031
08-11-2026 23:26:52,6700,7607,1430,16384,14.166666666666666,99.0,16531,VDD_IN,28137,8067,7716,17093,16531,3936,3890,2.0,2.0,5.0,1.0,0.0,75.0,62.906,64.218,62.625,61.656,61.812,64.218
08-11-2026 23:26:53,6700,7607,1430,16384,15.666666666666666,99.0,16857,VDD_IN,28802,8067,8055,17093,16857,3936,3890,2.0,3.0,1.0,4.0,0.0,84.0,62.687,64.093,62.625,61.687,61.843,64.093
08-11-2026 23:26:54,6700,7607,1430,16384,16.0,99.0,17722,VDD_IN,30389,8068,8744,17093,17722,3936,3923,2.0,2.0,6.0,1.0,0.0,85.0,62.718,64.593,62.75,61.593,62.031,64.593
08-11-2026 23:26:55,6702,7607,1430,16384,20.166666666666668,97.0,17801,VDD_IN,30508,8069,8784,17094,17801,3936,3923,6.0,8.0,6.0,5.0,14.0,82.0,62.812,64.187,62.812,61.562,61.875,64.187
08-11-2026 23:26:56,6702,7607,1430,16384,14.333333333333334,97.0,17604,VDD_IN,30115,8069,8588,17095,17604,3936,3923,6.0,1.0,3.0,2.0,0.0,74.0,62.812,64.156,62.593,61.562,61.937,64.156
08-11-2026 23:26:57,6703,7607,1430,16384,13.666666666666666,97.0,17604,VDD_IN,30090,8070,8524,17095,17604,3936,3962,3.0,2.0,0.0,3.0,0.0,74.0,62.937,64.25,62.687,61.562,61.875,64.25
08-11-2026 23:26:58,6703,7607,1430,16384,14.833333333333334,97.0,17526,VDD_IN,29895,8070,8407,17096,17526,3936,3962,3.0,4.0,1.0,6.0,0.0,75.0,62.781,64.187,62.625,61.718,61.968,64.187
08-11-2026 23:26:59,6697,7607,1430,16384,14.333333333333334,98.0,17329,VDD_IN,29502,8070,8172,17096,17329,3936,4001,2.0,2.0,1.0,5.0,1.0,75.0,62.812,64.5,62.593,61.531,61.875,64.5
08-11-2026 23:27:00,6698,7607,1430,16384,19.166666666666668,97.0,17329,VDD_IN,29463,8070,8094,17096,17329,3936,4040,20.0,3.0,8.0,9.0,0.0,75.0,62.906,64.562,62.656,61.562,61.875,64.562
08-11-2026 23:27:01,6698,7607,1430,16384,14.0,97.0,17093,VDD_IN,28915,8070,7742,17096,17093,3936,4080,2.0,0.0,4.0,3.0,0.0,75.0,63.093,63.937,62.625,61.656,61.875,63.937
08-11-2026 23:27:02,6698,7607,1430,16384,14.166666666666666,98.0,16846,VDD_IN,28296,8069,7324,17096,16846,3936,4126,3.0,2.0,2.0,1.0,2.0,75.0,63.062,63.75,62.718,61.656,61.937,63.75
08-11-2026 23:27:03,6699,7607,1430,16384,14.0,99.0,16688,VDD_IN,28293,8069,7637,17096,16688,3936,3968,2.0,2.0,2.0,2.0,0.0,76.0,62.75,63.656,62.656,61.593,61.937,63.656
08-11-2026 23:27:04,6699,7607,1430,16384,15.666666666666666,99.0,16806,VDD_IN,28647,8068,7951,17095,16806,3936,3890,4.0,3.0,2.0,2.0,0.0,83.0,62.531,63.843,62.812,61.625,61.843,63.843
08-11-2026 23:27:05,6699,7607,1430,16384,16.333333333333332,98.0,17604,VDD_IN,30129,8069,8563,17096,17604,3936,3962,76.0,5.0,3.0,4.0,0.0,10.0,63.125,64.062,62.593,61.656,62.031,64.062
08-11-2026 23:27:06,5838,7607,1430,16384,19.833333333333332,0.0,7245,VDD_IN,11023,8062,1788,17085,7245,3934,1990,30.0,9.0,13.0,46.0,16.0,5.0,62.062,61.656,62.281,61.5,61.0,62.281
