08-11-2026 23:12:11 RAM 2023/7607MB (lfb 177x4MB) SWAP 1424/16384MB (cached 137MB) CPU [2%@729,2%@1344,1%@1344,3%@1344,0%@960,0%@960] GR3D_FREQ 32% cpu@57.156C soc2@56.093C soc0@57.625C gpu@56.625C tj@57.625C soc1@57.343C VDD_IN 5176mW/5176mW VDD_CPU_GPU_CV 642mW/642mW VDD_SOC 1484mW/1484mW
08-11-2026 23:12:12 RAM 2309/7607MB (lfb 177x4MB) SWAP 1424/16384MB (cached 137MB) CPU [10%@1344,11%@1344,20%@1344,70%@1344,8%@729,8%@729] GR3D_FREQ 32% cpu@57.187C soc2@56.093C soc0@57.5C gpu@56.468C tj@57.5C soc1@57.156C VDD_IN 6000mW/5588mW VDD_CPU_GPU_CV 1158mW/900mW VDD_SOC 1517mW/1501mW
08-11-2026 23:12:13 RAM 3091/7607MB (lfb 108x4MB) SWAP 1424/16384MB (cached 137MB) CPU [53%@960,53%@960,59%@960,51%@960,52%@1190,55%@1190] GR3D_FREQ 7% cpu@57.218C soc2@55.937C soc0@57.281C gpu@56.375C tj@57.281C soc1@57C VDD_IN 6789mW/5988mW VDD_CPU_GPU_CV 1834mW/1211mW VDD_SOC 1557mW/1519mW
08-11-2026 23:12:14 RAM 4060/7607MB (lfb 108x4MB) SWAP 1424/16384MB (cached 137MB) CPU [36%@1344,38%@1344,41%@1344,72%@1344,37%@729,40%@729] GR3D_FREQ 1% cpu@57.125C soc2@55.875C soc0@57.25C gpu@56.375C tj@57.25C soc1@56.968C VDD_IN 6789mW/6189mW VDD_CPU_GPU_CV 1674mW/1327mW VDD_SOC 1634mW/1548mW
08-11-2026 23:12:15 RAM 5162/7607MB (lfb 39x4MB) SWAP 1424/16384MB (cached 137MB) CPU [3%@1344,2%@1344,0%@1344,91%@1344,0%@729,1%@729] GR3D_FREQ 98% cpu@57.406C soc2@56.25C soc0@57.281C gpu@58.031C tj@58.343C soc1@56.906C VDD_IN 12241mW/7399mW VDD_CPU_GPU_CV 5677mW/2197mW VDD_SOC 2535mW/1745mW
08-11-2026 23:12:16 RAM 5708/7607MB (lfb 59x1MB) SWAP 1424/16384MB (cached 137MB) CPU [7%@1344,2%@1344,2%@1344,73%@1344,8%@729,0%@729] GR3D_FREQ 99% cpu@57.75C soc2@56.531C soc0@57.468C gpu@58.218C tj@58.218C soc1@57C VDD_IN 13091mW/8348mW VDD_CPU_GPU_CV 5519mW/2751mW VDD_SOC 2768mW/1916mW
08-11-2026 23:12:17 RAM 5708/7607MB (lfb 2x4MB) SWAP 1424/16384MB (cached 137MB) CPU [4%@729,1%@729,4%@729,75%@729,1%@729,2%@729] GR3D_FREQ 99% cpu@57.75C soc2@56.906C soc0@57.718C gpu@59C tj@59C soc1@57.062C VDD_IN 16084mW/9453mW VDD_CPU_GPU_CV 7493mW/3428mW VDD_SOC 3739mW/2176mW
08-11-2026 23:12:18 RAM 5714/7607MB (lfb 2x4MB) SWAP 1424/16384MB (cached 137MB) CPU [7%@1344,4%@1344,10%@1344,87%@1344,2%@729,1%@729] GR3D_FREQ 99% cpu@58.375C soc2@57.062C soc0@57.843C gpu@59C tj@59C soc1@57.156C VDD_IN 16728mW/10362mW VDD_CPU_GPU_CV 8068mW/4008mW VDD_SOC 3811mW/2381mW
08-11-2026 23:12:19 RAM 5714/7607MB (lfb 2x4MB) SWAP 1424/16384MB (cached 137MB) CPU [11%@729,3%@729,3%@729,7%@729,76%@806,0%@806] GR3D_FREQ 97% cpu@58.312C soc2@57.25C soc0@58.062C gpu@59.562C tj@59.562C soc1@57.281C VDD_IN 17329mW/11136mW VDD_CPU_GPU_CV 8563mW/4514mW VDD_SOC 3851mW/2544mW
08-11-2026 23:12:20 RAM 5714/7607MB (lfb 2x4MB) SWAP 1424/16384MB (cached 137MB) CPU [2%@729,2%@729,3%@729,4%@729,81%@1344,0%@1344] GR3D_FREQ 98% cpu@58.281C soc2@57.406C soc0@58.031C gpu@59.75C tj@59.75C soc1@57.406C VDD_IN 17408mW/11764mW VDD_CPU_GPU_CV 8563mW/4919mW VDD_SOC 3851mW/2675mW
08-11-2026 23:12:21 RAM 5715/7607MB (lfb 2x4MB) SWAP 1424/16384MB (cached 137MB) CPU [1%@729,1%@729,1%@729,4%@729,75%@1344,0%@1344] GR3D_FREQ 97% cpu@58.656C soc2@57.437C soc0@58.187C gpu@59.875C tj@59.875C soc1@57.468C VDD_IN 17368mW/12273mW VDD_CPU_GPU_CV 8485mW/5243mW VDD_SOC 3851mW/2782mW
08-11-2026 23:12:22 RAM 5715/7607MB (lfb 2x4MB) SWAP 1424/16384MB (cached 137MB) CPU [2%@729,0%@729,2%@729,3%@729,76%@1344,2%@1344] GR3D_FREQ 97% cpu@58.375C soc2@57.562C soc0@58.25C gpu@59.687C tj@59.687C soc1@57.343C VDD_IN 17357mW/12697mW VDD_CPU_GPU_CV 8381mW/5505mW VDD_SOC 3890mW/2874mW
08-11-2026 23:12:23 RAM 5715/7607MB (lfb 2x4MB) SWAP 1424/16384MB (cached 137MB) CPU [2%@729,2%@729,1%@729,3%@729,74%@1344,3%@1344] GR3D_FREQ 97% cpu@58.5C soc2@57.593C soc0@58.187C gpu@59.781C tj@59.781C soc1@57.468C VDD_IN 17239mW/13046mW VDD_CPU_GPU_CV 8250mW/5716mW VDD_SOC 3890mW/2952mW
08-11-2026 23:12:24 RAM 5717/7607MB (lfb 2x4MB) SWAP 1424/16384MB (cached 137MB) CPU [7%@1344,47%@1344,17%@1344,6%@1344,34%@729,0%@729] GR3D_FREQ 97% cpu@58.812C soc2@57.718C soc0@58.406C gpu@59.75C tj@59.75C soc1@57.468C VDD_IN 17160mW/13340mW VDD_CPU_GPU_CV 8107mW/5887mW VDD_SOC 3929mW/3022mW
08-11-2026 23:12:25 RAM 5717/7607MB (lfb 2x4MB) SWAP 1424/16384MB (cached 137MB) CPU [3%@1344,75%@1344,1%@1344,5%@1344,0%@729,0%@729] GR3D_FREQ 97% cpu@58.562C soc2@57.812C soc0@58.375C gpu@59.968C tj@59.968C soc1@57.718C VDD_IN 17042mW/13587mW VDD_CPU_GPU_CV 7872mW/6019mW VDD_SOC 3968mW/3085mW
08-11-2026 23:12:26 RAM 5718/7607MB (lfb 2x4MB) SWAP 1424/16384MB (cached 137MB) CPU [4%@729,13%@729,4%@729,3%@729,65%@1344,0%@1344] GR3D_FREQ 97% cpu@58.937C soc2@57.812C soc0@58.531C gpu@59.906C tj@59.906C soc1@57.875C VDD_IN 16885mW/13793mW VDD_CPU_GPU_CV 7598mW/6118mW VDD_SOC 4008mW/3143mW
08-11-2026 23:12:27 RAM 5718/7607MB (lfb 2x4MB) SWAP 1424/16384MB (cached 137MB) CPU [2%@729,5%@729,3%@729,2%@729,75%@1344,0%@1344] GR3D_FREQ 98% cpu@58.812C soc2@57.843C soc0@58.656C gpu@59.718C tj@59.718C soc1@57.718C VDD_IN 16649mW/13961mW VDD_CPU_GPU_CV 7167mW/6179mW VDD_SOC 4086mW/3198mW
08-11-2026 23:12:28 RAM 5719/7607MB (lfb 2x4MB) SWAP 1424/16384MB (cached 137MB) CPU [3%@729,3%@729,2%@729,2%@729,74%@729,1%@729] GR3D_FREQ 99% cpu@58.718C soc2@57.875C soc0@58.625C gpu@59.906C tj@60.187C soc1@57.718C VDD_IN 16255mW/14088mW VDD_CPU_GPU_CV 7520mW/6254mW VDD_SOC 3817mW/3233mW
08-11-2026 23:12:29 RAM 5719/7607MB (lfb 2x4MB) SWAP 1424/16384MB (cached 137MB) CPU [7%@729,12%@729,7%@729,9%@729,83%@729,0%@729] GR3D_FREQ 99% cpu@59.125C soc2@58.187C soc0@58.812C gpu@60.093C tj@60.093C soc1@57.843C VDD_IN 16806mW/14231mW VDD_CPU_GPU_CV 8107mW/6351mW VDD_SOC 3811mW/3263mW
08-11-2026 23:12:30 RAM 5719/7607MB (lfb 2x4MB) SWAP 1424/16384MB (cached 137MB) CPU [3%@729,2%@729,1%@729,5%@729,85%@806,0%@806] GR3D_FREQ 97% cpu@58.75C soc2@58C soc0@58.718C gpu@60.625C tj@60.625C soc1@58.031C VDD_IN 17408mW/14390mW VDD_CPU_GPU_CV 8641mW/6466mW VDD_SOC 3851mW/3292mW
08-11-2026 23:12:31 RAM 5720/7607MB (lfb 2x4MB) SWAP 1424/16384MB (cached 137MB) CPU [3%@729,1%@729,2%@729,5%@729,82%@1344,0%@1344] GR3D_FREQ 97% cpu@59.187C soc2@58.125C soc0@58.812C gpu@60.218C tj@60.218C soc1@58.062C VDD_IN 17408mW/14534mW VDD_CPU_GPU_CV 8602mW/6568mW VDD_SOC 3890mW/3321mW
08-11-2026 23:12:32 RAM 5720/7607MB (lfb 2x4MB) SWAP 1424/16384MB (cached 137MB) CPU [3%@729,0%@729,2%@729,4%@729,3%@1344,71%@1344] GR3D_FREQ 98% cpu@59.125C soc2@58.093C soc0@58.937C gpu@60.25C tj@60.25C soc1@57.968C VDD_IN 17408mW/14665mW VDD_CPU_GPU_CV 8524mW/6657mW VDD_SOC 3851mW/3345mW
08-11-2026 23:12:33 RAM 5720/7607MB (lfb 2x4MB) SWAP 1424/16384MB (cached 137MB) CPU [3%@729,3%@729,2%@729,5%@729,0%@1344,74%@1344] GR3D_FREQ 97% cpu@59.218C soc2@58.156C soc0@58.781C gpu@60.5C tj@60.5C soc1@58.031C VDD_IN 17250mW/14777mW VDD_CPU_GPU_CV 8407mW/6733mW VDD_SOC 3890mW/3369mW
08-11-2026 23:12:34 RAM 5721/7607MB (lfb 2x4MB) SWAP 1424/16384MB (cached 137MB) CPU [5%@729,4%@729,2%@729,1%@729,0%@1344,75%@1344] GR3D_FREQ 97% cpu@59.375C soc2@58.281C soc0@59C gpu@60.531C tj@60.531C soc1@58.125C VDD_IN 17279mW/14881mW VDD_CPU_GPU_CV 8264mW/6797mW VDD_SOC 3929mW/3392mW
08-11-2026 23:12:35 RAM 5723/7607MB (lfb 2x4MB) SWAP 1424/16384MB (cached 137MB) CPU [16%@729,7%@729,3%@729,7%@729,6%@1344,75%@1344] GR3D_FREQ 97% cpu@59.312C soc2@58.281C soc0@59.031C gpu@60.5C tj@60.5C soc1@58.281C VDD_IN 17200mW/14974mW VDD_CPU_GPU_CV 8094mW/6848mW VDD_SOC 3929mW/3413mW
08-11-2026 23:12:36 RAM 5723/7607MB (lfb 2x4MB) SWAP 1424/16384MB (cached 137MB) CPU [5%@729,1%@729,1%@729,3%@729,0%@1344,76%@1344] GR3D_FREQ 97% cpu@59.312C soc2@58.312C soc0@59.093C gpu@60.562C tj@60.562C soc1@58.343C VDD_IN 17003mW/15052mW VDD_CPU_GPU_CV 7833mW/6886mW VDD_SOC 4008mW/3436mW
08-11-2026 23:12:37 RAM 5724/7607MB (lfb 2x4MB) SWAP 1424/16384MB (cached 137MB) CPU [2%@729,7%@729,3%@729,3%@729,0%@1344,75%@1344] GR3D_FREQ 97% cpu@59.468C soc2@58.343C soc0@59.125C gpu@60.656C tj@60.656C soc1@58.281C VDD_IN 16846mW/15118mW VDD_CPU_GPU_CV 7520mW/6910mW VDD_SOC 4047mW/3459mW
08-11-2026 23:12:38 RAM 5724/7607MB (lfb 2x4MB) SWAP 1424/16384MB (cached 137MB) CPU [2%@729,2%@729,2%@729,6%@729,0%@1190,74%@1190] GR3D_FREQ 99% cpu@59.625C soc2@58.437C soc0@59.156C gpu@59.906C tj@60.031C soc1@58.312C VDD_IN 16491mW/15167mW VDD_CPU_GPU_CV 7050mW/6915mW VDD_SOC 4126mW/3483mW
08-11-2026 23:12:39 RAM 5725/7607MB (lfb 2x4MB) SWAP 1424/16384MB (cached 137MB) CPU [2%@729,2%@729,2%@729,5%@729,1%@729,76%@729] GR3D_FREQ 99% cpu@59.468C soc2@58.406C soc0@59.25C gpu@60.468C tj@60.468C soc1@58.437C VDD_IN 16295mW/15206mW VDD_CPU_GPU_CV 7676mW/6941mW VDD_SOC 3817mW/3494mW
08-11-2026 23:12:40 RAM 5723/7607MB (lfb 2x4MB) SWAP 1424/16384MB (cached 137MB) CPU [4%@729,19%@729,5%@729,8%@729,2%@729,84%@729] GR3D_FREQ 99% cpu@59.406C soc2@58.718C soc0@59.343C gpu@60.281C tj@60.281C soc1@58.468C VDD_IN 17082mW/15269mW VDD_CPU_GPU_CV 8250mW/6985mW VDD_SOC 3851mW/3506mW
08-11-2026 23:12:41 RAM 5725/7607MB (lfb 2x4MB) SWAP 1424/16384MB (cached 137MB) CPU [77%@1344,2%@1344,3%@1344,2%@1344,0%@729,9%@729] GR3D_FREQ 98% cpu@59.531C soc2@58.75C soc0@59.406C gpu@60.656C tj@60.656C soc1@58.375C VDD_IN 17408mW/15338mW VDD_CPU_GPU_CV 8563mW/7036mW VDD_SOC 3844mW/3517mW
08-11-2026 23:12:42 RAM 5725/7607MB (lfb 2x4MB) SWAP 1424/16384MB (cached 137MB) CPU [12%@729,2%@729,2%@729,5%@729,70%@1344,0%@1344] GR3D_FREQ 97% cpu@59.5C soc2@58.593C soc0@59.312C gpu@60.906C tj@60.906C soc1@58.437C VDD_IN 17486mW/15405mW VDD_CPU_GPU_CV 8563mW/7083mW VDD_SOC 3883mW/3529mW
08-11-2026 23:12:43 RAM 5726/7607MB (lfb 2x4MB) SWAP 1424/16384MB (cached 137MB) CPU [6%@729,1%@729,2%@729,2%@729,75%@1344,0%@1344] GR3D_FREQ 97% cpu@59.781C soc2@58.687C soc0@59.406C gpu@60.875C tj@60.875C soc1@58.5C VDD_IN 17408mW/15466mW VDD_CPU_GPU_CV 8524mW/7127mW VDD_SOC 3883mW/3539mW
08-11-2026 23:12:44 RAM 5725/7607MB (lfb 2x4MB) SWAP 1424/16384MB (cached 137MB) CPU [1%@729,1%@729,2%@729,0%@729,75%@1344,3%@1344] GR3D_FREQ 97% cpu@59.781C soc2@58.781C soc0@59.5C gpu@61.031C tj@61.031C soc1@58.593C VDD_IN 17290mW/15519mW VDD_CPU_GPU_CV 8368mW/7163mW VDD_SOC 3929mW/3551mW
08-11-2026 23:12:45 RAM 5725/7607MB (lfb 2x4MB) SWAP 1424/16384MB (cached 137MB) CPU [4%@729,1%@729,3%@729,5%@729,74%@1344,0%@1344] GR3D_FREQ 97% cpu@59.5C soc2@58.718C soc0@59.5C gpu@61.093C tj@61.093C soc1@58.718C VDD_IN 17211mW/15568mW VDD_CPU_GPU_CV 8250mW/7194mW VDD_SOC 3929mW/3562mW
08-11-2026 23:12:46 RAM 5728/7607MB (lfb 2x4MB) SWAP 1424/16384MB (cached 137MB) CPU [30%@1344,6%@1344,3%@1344,20%@1344,51%@1344,0%@1344] GR3D_FREQ 97% cpu@59.656C soc2@58.875C soc0@59.656C gpu@61.062C tj@61.062C soc1@58.531C VDD_IN 17279mW/15615mW VDD_CPU_GPU_CV 8133mW/7221mW VDD_SOC 3968mW/3573mW
08-11-2026 23:12:47 RAM 5728/7607MB (lfb 2x4MB) SWAP 1424/16384MB (cached 137MB) CPU [2%@729,3%@729,3%@729,3%@729,76%@1344,0%@1344] GR3D_FREQ 98% cpu@59.812C soc2@58.781C soc0@59.593C gpu@61.156C tj@61.156C soc1@58.625C VDD_IN 16964mW/15652mW VDD_CPU_GPU_CV 7755mW/7235mW VDD_SOC 4008mW/3585mW
08-11-2026 23:12:48 RAM 5729/7607MB (lfb 2x4MB) SWAP 1424/16384MB (cached 137MB) CPU [2%@729,8%@729,3%@729,2%@729,74%@1344,0%@1344] GR3D_FREQ 97% cpu@60C soc2@58.781C soc0@59.625C gpu@61.125C tj@61.125C soc1@58.656C VDD_IN 16728mW/15680mW VDD_CPU_GPU_CV 7441mW/7240mW VDD_SOC 4047mW/3597mW
08-11-2026 23:12:49 RAM 5729/7607MB (lfb 2x4MB) SWAP 1424/16384MB (cached 137MB) CPU [3%@729,3%@729,2%@729,6%@729,74%@960,0%@960] GR3D_FREQ 99% cpu@60.156C soc2@59.031C soc0@59.656C gpu@60.437C tj@60.437C soc1@58.812C VDD_IN 16491mW/15701mW VDD_CPU_GPU_CV 7206mW/7240mW VDD_SOC 4047mW/3608mW
08-11-2026 23:12:50 RAM 5730/7607MB (lfb 2x4MB) SWAP 1424/16384MB (cached 137MB) CPU [5%@729,3%@729,1%@729,4%@729,79%@729,0%@729] GR3D_FREQ 57% cpu@60.156C soc2@58.906C soc0@59.718C gpu@60.75C tj@60.75C soc1@58.843C VDD_IN 16255mW/15715mW VDD_CPU_GPU_CV 7611mW/7249mW VDD_SOC 3817mW/3614mW
08-11-2026 23:12:51 RAM 5728/7607MB (lfb 2x4MB) SWAP 1424/16384MB (cached 137MB) CPU [3%@729,18%@729,9%@729,4%@729,84%@729,0%@729] GR3D_FREQ 99% cpu@59.906C soc2@59.093C soc0@59.843C gpu@61.187C tj@61.187C soc1@58.781C VDD_IN 17526mW/15759mW VDD_CPU_GPU_CV 8563mW/7281mW VDD_SOC 3923mW/3621mW
08-11-2026 23:12:52 RAM 5729/7607MB (lfb 2x4MB) SWAP 1424/16384MB (cached 137MB) CPU [4%@729,0%@729,2%@729,4%@729,86%@1344,0%@1344] GR3D_FREQ 97% cpu@59.968C soc2@59.093C soc0@59.687C gpu@61.375C tj@61.375C soc1@58.781C VDD_IN 17526mW/15801mW VDD_CPU_GPU_CV 8681mW/7314mW VDD_SOC 3844mW/3626mW
08-11-2026 23:12:53 RAM 5730/7607MB (lfb 2x4MB) SWAP 1424/16384MB (cached 137MB) CPU [2%@1344,69%@1344,1%@1344,4%@1344,7%@729,0%@729] GR3D_FREQ 97% cpu@60.156C soc2@59.093C soc0@59.812C gpu@61.375C tj@61.375C soc1@58.875C VDD_IN 17447mW/15839mW VDD_CPU_GPU_CV 8563mW/7343mW VDD_SOC 3883mW/3632mW
08-11-2026 23:12:54 RAM 5730/7607MB (lfb 2x4MB) SWAP 1424/16384MB (cached 137MB) CPU [2%@1344,76%@1344,2%@1344,2%@1344,0%@729,4%@729] GR3D_FREQ 97% cpu@60.156C soc2@59.187C soc0@59.906C gpu@61.437C tj@61.437C soc1@58.968C VDD_IN 17408mW/15875mW VDD_CPU_GPU_CV 8524mW/7370mW VDD_SOC 3890mW/3638mW
08-11-2026 23:12:55 RAM 5731/7607MB (lfb 2x4MB) SWAP 1424/16384MB (cached 137MB) CPU [2%@1344,75%@1344,2%@1344,2%@1344,0%@729,3%@729] GR3D_FREQ 97% cpu@60.187C soc2@59.25C soc0@59.968C gpu@61.312C tj@61.312C soc1@59.093C VDD_IN 17329mW/15907mW VDD_CPU_GPU_CV 8329mW/7391mW VDD_SOC 3929mW/3645mW
08-11-2026 23:12:56 RAM 5732/7607MB (lfb 2x4MB) SWAP 1424/16384MB (cached 137MB) CPU [4%@1344,75%@1344,6%@1344,1%@1344,0%@729,0%@729] GR3D_FREQ 97% cpu@60.062C soc2@59.25C soc0@59.937C gpu@61.406C tj@61.406C soc1@58.937C VDD_IN 17318mW/15938mW VDD_CPU_GPU_CV 8172mW/7408mW VDD_SOC 3968mW/3652mW
08-11-2026 23:12:57 RAM 5733/7607MB (lfb 2x4MB) SWAP 1424/16384MB (cached 137MB) CPU [16%@1344,75%@1344,6%@1344,4%@1344,4%@729,2%@729] GR3D_FREQ 97% cpu@60.031C soc2@59.25C soc0@59.812C gpu@61.5C tj@61.343C soc1@58.968C VDD_IN 17239mW/15966mW VDD_CPU_GPU_CV 8055mW/7422mW VDD_SOC 3968mW/3658mW
08-11-2026 23:12:58 RAM 5733/7607MB (lfb 2x4MB) SWAP 1424/16384MB (cached 137MB) CPU [2%@1344,76%@1344,1%@1344,1%@1344,0%@729,2%@729] GR3D_FREQ 98% cpu@60.093C soc2@59.281C soc0@59.875C gpu@61.25C tj@61.25C soc1@59.062C VDD_IN 17003mW/15987mW VDD_CPU_GPU_CV 7716mW/7428mW VDD_SOC 4047mW/3667mW
08-11-2026 23:12:59 RAM 5734/7607MB (lfb 2x4MB) SWAP 1424/16384MB (cached 137MB) CPU [2%@1344,76%@1344,2%@1344,1%@1344,7%@729,0%@729] GR3D_FREQ 97% cpu@60.281C soc2@59.25C soc0@60C gpu@61.312C tj@61.312C soc1@59.218C VDD_IN 16885mW/16005mW VDD_CPU_GPU_CV 7520mW/7430mW VDD_SOC 4086mW/3675mW
08-11-2026 23:13:00 RAM 5735/7607MB (lfb 2x4MB) SWAP 1424/16384MB (cached 137MB) CPU [3%@883,75%@883,4%@883,2%@883,0%@729,2%@729] GR3D_FREQ 99% cpu@60.656C soc2@59.468C soc0@60.093C gpu@60.906C tj@60.906C soc1@59.187C VDD_IN 16570mW/16017mW VDD_CPU_GPU_CV 7285mW/7427mW VDD_SOC 4047mW/3683mW
08-11-2026 23:13:01 RAM 5735/7607MB (lfb 2x4MB) SWAP 1424/16384MB (cached 137MB) CPU [0%@729,79%@729,2%@729,1%@729,4%@729,1%@729] GR3D_FREQ 50% cpu@60.093C soc2@59.281C soc0@60.156C gpu@61.25C tj@61.25C soc1@59.125C VDD_IN 16373mW/16024mW VDD_CPU_GPU_CV 7676mW/7432mW VDD_SOC 3811mW/3685mW
08-11-2026 23:13:02 RAM 5736/7607MB (lfb 2x4MB) SWAP 1424/16384MB (cached 137MB) CPU [6%@729,14%@729,19%@729,6%@729,77%@729,1%@729] GR3D_FREQ 99% cpu@60.156C soc2@59.5C soc0@60.343C gpu@61.593C tj@61.593C soc1@59.218C VDD_IN 17447mW/16051mW VDD_CPU_GPU_CV 8524mW/7453mW VDD_SOC 3883mW/3689mW
08-11-2026 23:13:03 RAM 5736/7607MB (lfb 2x4MB) SWAP 1424/16384MB (cached 137MB) CPU [2%@729,2%@729,2%@729,3%@729,86%@1344,0%@1344] GR3D_FREQ 97% cpu@60.281C soc2@59.468C soc0@60.187C gpu@61.562C tj@61.562C soc1@59.281C VDD_IN 17526mW/16079mW VDD_CPU_GPU_CV 8720mW/7477mW VDD_SOC 3844mW/3692mW
08-11-2026 23:13:04 RAM 5737/7607MB (lfb 2x4MB) SWAP 1424/16384MB (cached 137MB) CPU [5%@729,1%@729,2%@729,3%@729,77%@1344,0%@1344] GR3D_FREQ 97% cpu@60.437C soc2@59.406C soc0@60.218C gpu@61.875C tj@61.875C soc1@59.281C VDD_IN 17486mW/16105mW VDD_CPU_GPU_CV 8602mW/7498mW VDD_SOC 3883mW/3695mW
08-11-2026 23:13:05 RAM 5737/7607MB (lfb 2x4MB) SWAP 1424/16384MB (cached 137MB) CPU [4%@729,3%@729,1%@729,1%@729,75%@1344,0%@1344] GR3D_FREQ 98% cpu@60.687C soc2@59.5C soc0@60.281C gpu@61.843C tj@61.843C soc1@59.343C VDD_IN 17408mW/16129mW VDD_CPU_GPU_CV 8524mW/7516mW VDD_SOC 3883mW/3699mW
08-11-2026 23:13:06 RAM 5737/7607MB (lfb 2x4MB) SWAP 1424/16384MB (cached 137MB) CPU [6%@729,3%@729,2%@729,1%@729,75%@1344,0%@1344] GR3D_FREQ 97% cpu@60.281C soc2@59.468C soc0@60.312C gpu@61.843C tj@61.843C soc1@59.281C VDD_IN 17329mW/16150mW VDD_CPU_GPU_CV 8329mW/7531mW VDD_SOC 3929mW/3703mW
08-11-2026 23:13:07 RAM 5737/7607MB (lfb 2x4MB) SWAP 1424/16384MB (cached 137MB) CPU [2%@729,1%@729,4%@729,10%@729,69%@1344,2%@1344] GR3D_FREQ 97% cpu@60.375C soc2@59.468C soc0@60.343C gpu@61.906C tj@61.906C soc1@59.281C VDD_IN 17290mW/16170mW VDD_CPU_GPU_CV 8250mW/7544mW VDD_SOC 3968mW/3707mW
08-11-2026 23:13:08 RAM 5739/7607MB (lfb 2x4MB) SWAP 1424/16384MB (cached 137MB) CPU [6%@729,18%@729,8%@729,2%@729,75%@1344,1%@1344] GR3D_FREQ 97% cpu@60.5C soc2@59.562C soc0@60.25C gpu@61.968C tj@61.968C soc1@59.375C VDD_IN 17172mW/16187mW VDD_CPU_GPU_CV 8055mW/7552mW VDD_SOC 3968mW/3712mW
08-11-2026 23:13:09 RAM 5739/7607MB (lfb 2x4MB) SWAP 1424/16384MB (cached 137MB) CPU [2%@729,6%@729,3%@729,2%@729,74%@1344,0%@1344] GR3D_FREQ 97% cpu@60.437C soc2@59.593C soc0@60.218C gpu@61.656C tj@61.656C soc1@59.5C VDD_IN 17003mW/16201mW VDD_CPU_GPU_CV 7755mW/7556mW VDD_SOC 4047mW/3718mW
08-11-2026 23:13:10 RAM 5739/7607MB (lfb 2x4MB) SWAP 1424/16384MB (cached 137MB) CPU [3%@729,6%@729,2%@729,5%@729,74%@1344,0%@1344] GR3D_FREQ 97% cpu@60.843C soc2@59.562C soc0@60.375C gpu@61.687C tj@61.687C soc1@59.531C VDD_IN 16767mW/16211mW VDD_CPU_GPU_CV 7402mW/7553mW VDD_SOC 4086mW/3724mW
08-11-2026 23:13:11 RAM 5740/7607MB (lfb 2x4MB) SWAP 1424/16384MB (cached 137MB) CPU [3%@729,1%@729,5%@729,1%@729,69%@806,7%@806] GR3D_FREQ 99% cpu@60.687C soc2@59.718C soc0@60.468C gpu@61.093C tj@61.093C soc1@59.406C VDD_IN 16531mW/16216mW VDD_CPU_GPU_CV 7324mW/7550mW VDD_SOC 4047mW/3729mW
08-11-2026 23:13:12 RAM 5741/7607MB (lfb 2x4MB) SWAP 1424/16384MB (cached 137MB) CPU [3%@729,1%@729,5%@729,3%@729,0%@729,80%@729] GR3D_FREQ 51% cpu@60.437C soc2@59.531C soc0@60.562C gpu@61.531C tj@61.531C soc1@59.437C VDD_IN 16413mW/16219mW VDD_CPU_GPU_CV 7637mW/7551mW VDD_SOC 3851mW/3731mW
08-11-2026 23:13:13 RAM 5740/7607MB (lfb 2x4MB) SWAP 1424/16384MB (cached 137MB) CPU [12%@729,6%@729,11%@729,9%@729,0%@729,84%@729] GR3D_FREQ 99% cpu@60.843C soc2@59.75C soc0@60.375C gpu@61.937C tj@61.937C soc1@59.5C VDD_IN 17565mW/16240mW VDD_CPU_GPU_CV 8563mW/7567mW VDD_SOC 3923mW/3734mW
08-11-2026 23:13:14 RAM 5741/7607MB (lfb 2x4MB) SWAP 1424/16384MB (cached 137MB) CPU [2%@729,0%@729,2%@729,4%@729,0%@1344,86%@1344] GR3D_FREQ 97% cpu@60.656C soc2@59.718C soc0@60.531C gpu@62.031C tj@62.031C soc1@59.5C VDD_IN 17565mW/16261mW VDD_CPU_GPU_CV 8720mW/7585mW VDD_SOC 3883mW/3736mW
08-11-2026 23:13:15 RAM 5742/7607MB (lfb 2x4MB) SWAP 1424/16384MB (cached 137MB) CPU [3%@729,2%@729,3%@729,3%@729,0%@1344,76%@1344] GR3D_FREQ 99% cpu@61.031C soc2@59.718C soc0@60.593C gpu@62.281C tj@62.281C soc1@59.687C VDD_IN 17486mW/16280mW VDD_CPU_GPU_CV 8563mW/7600mW VDD_SOC 3883mW/3739mW
08-11-2026 23:13:16 RAM 5742/7607MB (lfb 2x4MB) SWAP 1424/16384MB (cached 137MB) CPU [3%@729,5%@729,2%@729,3%@729,0%@1344,75%@1344] GR3D_FREQ 97% cpu@60.781C soc2@59.75C soc0@60.656C gpu@62.312C tj@62.312C soc1@59.468C VDD_IN 17447mW/16298mW VDD_CPU_GPU_CV 8485mW/7613mW VDD_SOC 3883mW/3741mW
08-11-2026 23:13:17 RAM 5743/7607MB (lfb 2x4MB) SWAP 1424/16384MB (cached 137MB) CPU [2%@729,6%@729,2%@729,2%@729,0%@1344,74%@1344] GR3D_FREQ 97% cpu@60.781C soc2@59.843C soc0@60.5C gpu@62.375C tj@62.375C soc1@59.593C VDD_IN 17368mW/16314mW VDD_CPU_GPU_CV 8407mW/7625mW VDD_SOC 3923mW/3744mW
08-11-2026 23:13:18 RAM 5742/7607MB (lfb 2x4MB) SWAP 1424/16384MB (cached 137MB) CPU [3%@729,5%@729,1%@729,0%@729,0%@1344,75%@1344] GR3D_FREQ 98% cpu@61.093C soc2@59.812C soc0@60.531C gpu@62.25C tj@62.25C soc1@59.625C VDD_IN 17211mW/16327mW VDD_CPU_GPU_CV 8133mW/7633mW VDD_SOC 3968mW/3747mW
08-11-2026 23:13:19 RAM 5743/7607MB (lfb 2x4MB) SWAP 1424/16384MB (cached 137MB) CPU [7%@729,3%@729,20%@729,8%@729,0%@1344,74%@1344] GR3D_FREQ 97% cpu@60.718C soc2@59.781C soc0@60.562C gpu@61.875C tj@61.875C soc1@59.718C VDD_IN 17133mW/16339mW VDD_CPU_GPU_CV 8016mW/7638mW VDD_SOC 4008mW/3751mW
08-11-2026 23:13:20 RAM 5744/7607MB (lfb 2x4MB) SWAP 1424/16384MB (cached 137MB) CPU [4%@729,2%@729,3%@729,5%@729,0%@1344,74%@1344] GR3D_FREQ 97% cpu@60.875C soc2@59.843C soc0@60.656C gpu@62.031C tj@62.031C soc1@59.593C VDD_IN 16924mW/16347mW VDD_CPU_GPU_CV 7637mW/7638mW VDD_SOC 4047mW/3755mW
08-11-2026 23:13:21 RAM 5744/7607MB (lfb 2x4MB) SWAP 1424/16384MB (cached 137MB) CPU [2%@729,2%@729,2%@729,8%@729,0%@1344,75%@1344] GR3D_FREQ 98% cpu@60.937C soc2@59.968C soc0@60.656C gpu@61.875C tj@61.875C soc1@59.625C VDD_IN 16806mW/16353mW VDD_CPU_GPU_CV 7324mW/7634mW VDD_SOC 4126mW/3760mW
08-11-2026 23:13:22 RAM 5745/7607MB (lfb 2x4MB) SWAP 1424/16384MB (cached 137MB) CPU [3%@729,0%@729,2%@729,5%@729,0%@729,76%@729] GR3D_FREQ 99% cpu@60.906C soc2@59.906C soc0@60.625C gpu@61.687C tj@61.687C soc1@59.687C VDD_IN 16491mW/16355mW VDD_CPU_GPU_CV 7559mW/7633mW VDD_SOC 3929mW/3762mW
08-11-2026 23:13:23 RAM 5745/7607MB (lfb 2x4MB) SWAP 1424/16384MB (cached 137MB) CPU [2%@729,3%@729,2%@729,6%@729,0%@806,82%@806] GR3D_FREQ 99% cpu@61.125C soc2@59.875C soc0@60.687C gpu@61.812C tj@61.812C soc1@59.781C VDD_IN 16649mW/16359mW VDD_CPU_GPU_CV 7872mW/7636mW VDD_SOC 3851mW/3764mW
08-11-2026 23:13:24 RAM 5745/7607MB (lfb 2x4MB) SWAP 1424/16384MB (cached 137MB) CPU [5%@729,7%@729,16%@729,10%@729,0%@729,85%@729] GR3D_FREQ 99% cpu@60.906C soc2@59.906C soc0@60.656C gpu@62.312C tj@62.062C soc1@59.875C VDD_IN 17801mW/16379mW VDD_CPU_GPU_CV 8798mW/7652mW VDD_SOC 3962mW/3766mW
08-11-2026 23:13:25 RAM 5745/7607MB (lfb 2x4MB) SWAP 1424/16384MB (cached 137MB) CPU [1%@729,1%@729,2%@729,5%@729,0%@1344,83%@1344] GR3D_FREQ 97% cpu@60.906C soc2@60C soc0@60.843C gpu@62.187C tj@62.187C soc1@59.718C VDD_IN 17604mW/16395mW VDD_CPU_GPU_CV 8681mW/7666mW VDD_SOC 3883mW/3768mW
08-11-2026 23:13:26 RAM 5746/7607MB (lfb 2x4MB) SWAP 1424/16384MB (cached 137MB) CPU [3%@729,1%@729,1%@729,5%@729,0%@1344,76%@1344] GR3D_FREQ 97% cpu@61C soc2@59.906C soc0@60.656C gpu@62.125C tj@62.125C soc1@59.75C VDD_IN 17447mW/16409mW VDD_CPU_GPU_CV 8524mW/7677mW VDD_SOC 3883mW/3769mW
08-11-2026 23:13:27 RAM 5746/7607MB (lfb 2x4MB) SWAP 1424/16384MB (cached 137MB) CPU [5%@729,2%@729,2%@729,3%@729,0%@1344,75%@1344] GR3D_FREQ 98% cpu@60.968C soc2@59.968C soc0@60.656C gpu@62.125C tj@62.125C soc1@59.812C VDD_IN 17486mW/16423mW VDD_CPU_GPU_CV 8485mW/7687mW VDD_SOC 3923mW/3771mW
08-11-2026 23:13:28 RAM 5747/7607MB (lfb 2x4MB) SWAP 1424/16384MB (cached 137MB) CPU [1%@729,2%@729,2%@729,5%@729,0%@1344,75%@1344] GR3D_FREQ 97% cpu@61.156C soc2@60.031C soc0@60.718C gpu@62.312C tj@62.312C soc1@59.812C VDD_IN 17368mW/16435mW VDD_CPU_GPU_CV 8368mW/7696mW VDD_SOC 3923mW/3773mW
08-11-2026 23:13:29 RAM 5747/7607MB (lfb 2x4MB) SWAP 1424/16384MB (cached 137MB) CPU [2%@729,2%@729,2%@729,5%@729,0%@1344,74%@1344] GR3D_FREQ 97% cpu@60.968C soc2@60.062C soc0@60.812C gpu@62.187C tj@62.187C soc1@59.906C VDD_IN 17279mW/16446mW VDD_CPU_GPU_CV 8094mW/7701mW VDD_SOC 3968mW/3776mW
08-11-2026 23:13:30 RAM 5748/7607MB (lfb 2x4MB) SWAP 1424/16384MB (cached 137MB) CPU [2%@729,6%@729,10%@729,16%@729,0%@1344,75%@1344] GR3D_FREQ 97% cpu@61.031C soc2@60.062C soc0@60.906C gpu@62.437C tj@62.437C soc1@59.781C VDD_IN 17172mW/16455mW VDD_CPU_GPU_CV 7977mW/7705mW VDD_SOC 4008mW/3779mW
08-11-2026 23:13:31 RAM 5749/7607MB (lfb 2x4MB) SWAP 1424/16384MB (cached 137MB) CPU [2%@729,8%@729,2%@729,1%@729,0%@1344,73%@1344] GR3D_FREQ 97% cpu@61.218C soc2@60.031C soc0@60.937C gpu@62.312C tj@62.312C soc1@59.906C VDD_IN 16924mW/16461mW VDD_CPU_GPU_CV 7637mW/7704mW VDD_SOC 4047mW/3782mW
08-11-2026 23:13:32 RAM 5749/7607MB (lfb 2x4MB) SWAP 1424/16384MB (cached 137MB) CPU [2%@729,6%@729,2%@729,4%@729,0%@1344,76%@1344] GR3D_FREQ 97% cpu@61.156C soc2@60.093C soc0@60.875C gpu@62.25C tj@62.25C soc1@59.875C VDD_IN 16806mW/16465mW VDD_CPU_GPU_CV 7363mW/7700mW VDD_SOC 4126mW/3786mW
08-11-2026 23:13:33 RAM 5750/7607MB (lfb 2x4MB) SWAP 1424/16384MB (cached 137MB) CPU [4%@729,2%@729,3%@729,0%@729,0%@729,76%@729] GR3D_FREQ 99% cpu@61.218C soc2@60.187C soc0@60.875C gpu@62.093C tj@62.093C soc1@59.968C VDD_IN 16491mW/16465mW VDD_CPU_GPU_CV 7520mW/7697mW VDD_SOC 3929mW/3788mW
08-11-2026 23:13:34 RAM 5750/7607MB (lfb 2x4MB) SWAP 1424/16384MB (cached 137MB) CPU [2%@729,2%@729,6%@729,1%@729,0%@806,82%@806] GR3D_FREQ 99% cpu@60.968C soc2@60.125C soc0@60.906C gpu@62.125C tj@62.125C soc1@60.062C VDD_IN 16688mW/16468mW VDD_CPU_GPU_CV 7911mW/7700mW VDD_SOC 3851mW/3789mW
08-11-2026 23:13:35 RAM 5750/7607MB (lfb 2x4MB) SWAP 1424/16384MB (cached 137MB) CPU [4%@729,10%@729,5%@729,18%@729,0%@729,85%@729] GR3D_FREQ 99% cpu@61.125C soc2@60.156C soc0@61.031C gpu@62.687C tj@62.406C soc1@59.906C VDD_IN 17801mW/16483mW VDD_CPU_GPU_CV 8798mW/7713mW VDD_SOC 3962mW/3791mW
08-11-2026 23:13:36 RAM 5750/7607MB (lfb 2x4MB) SWAP 1424/16384MB (cached 137MB) CPU [4%@729,1%@729,2%@729,5%@729,0%@1344,84%@1344] GR3D_FREQ 97% cpu@61.281C soc2@60.156C soc0@60.906C gpu@62.437C tj@62.437C soc1@59.906C VDD_IN 17643mW/16497mW VDD_CPU_GPU_CV 8720mW/7725mW VDD_SOC 3883mW/3792mW
08-11-2026 23:13:37 RAM 5751/7607MB (lfb 2x4MB) SWAP 1424/16384MB (cached 137MB) CPU [3%@729,2%@729,1%@729,3%@729,0%@1344,75%@1344] GR3D_FREQ 98% cpu@61.218C soc2@60.156C soc0@60.937C gpu@62.375C tj@62.375C soc1@60C VDD_IN 17486mW/16508mW VDD_CPU_GPU_CV 8563mW/7734mW VDD_SOC 3923mW/3793mW
08-11-2026 23:13:38 RAM 5749/7607MB (lfb 2x4MB) SWAP 1424/16384MB (cached 137MB) CPU [2%@729,2%@729,2%@729,4%@729,0%@1344,75%@1344] GR3D_FREQ 97% cpu@61.375C soc2@60.187C soc0@60.906C gpu@62.5C tj@62.5C soc1@60.062C VDD_IN 17486mW/16519mW VDD_CPU_GPU_CV 8485mW/7743mW VDD_SOC 3923mW/3795mW
08-11-2026 23:13:39 RAM 5750/7607MB (lfb 2x4MB) SWAP 1424/16384MB (cached 137MB) CPU [5%@729,3%@729,4%@729,1%@729,0%@1344,75%@1344] GR3D_FREQ 97% cpu@61.125C soc2@60.218C soc0@61.031C gpu@62.5C tj@62.5C soc1@60.062C VDD_IN 17447mW/16530mW VDD_CPU_GPU_CV 8407mW/7750mW VDD_SOC 3923mW/3796mW
08-11-2026 23:13:40 RAM 5750/7607MB (lfb 2x4MB) SWAP 1424/16384MB (cached 137MB) CPU [1%@729,1%@729,5%@729,2%@729,0%@1344,75%@1344] GR3D_FREQ 98% cpu@61.281C soc2@60.281C soc0@61.125C gpu@62.5C tj@62.812C soc1@60C VDD_IN 17329mW/16539mW VDD_CPU_GPU_CV 8211mW/7755mW VDD_SOC 4001mW/3799mW
08-11-2026 23:13:41 RAM 5751/7607MB (lfb 2x4MB) SWAP 1424/16384MB (cached 137MB) CPU [5%@729,7%@729,7%@729,17%@729,0%@1344,74%@1344] GR3D_FREQ 97% cpu@61.343C soc2@60.218C soc0@61.031C gpu@62.843C tj@62.843C soc1@60.062C VDD_IN 17211mW/16546mW VDD_CPU_GPU_CV 8016mW/7758mW VDD_SOC 4008mW/3801mW
08-11-2026 23:13:42 RAM 5752/7607MB (lfb 2x4MB) SWAP 1424/16384MB (cached 137MB) CPU [3%@729,2%@729,2%@729,8%@729,0%@1344,75%@1344] GR3D_FREQ 97% cpu@61.531C soc2@60.25C soc0@60.906C gpu@62.75C tj@62.75C soc1@60.125C VDD_IN 17003mW/16551mW VDD_CPU_GPU_CV 7716mW/7758mW VDD_SOC 4047mW/3804mW
08-11-2026 23:13:43 RAM 5752/7607MB (lfb 2x4MB) SWAP 1424/16384MB (cached 137MB) CPU [2%@729,1%@729,2%@729,5%@729,0%@1344,76%@1344] GR3D_FREQ 97% cpu@61.5C soc2@60.343C soc0@61C gpu@62.781C tj@62.781C soc1@60.156C VDD_IN 16806mW/16554mW VDD_CPU_GPU_CV 7363mW/7753mW VDD_SOC 4126mW/3807mW
08-11-2026 23:13:44 RAM 5753/7607MB (lfb 2x4MB) SWAP 1424/16384MB (cached 137MB) CPU [1%@729,1%@729,3%@729,1%@729,0%@729,75%@729] GR3D_FREQ 99% cpu@61.25C soc2@60.5C soc0@61.125C gpu@61.875C tj@61.875C soc1@60.031C VDD_IN 16570mW/16554mW VDD_CPU_GPU_CV 7441mW/7750mW VDD_SOC 4008mW/3809mW
08-11-2026 23:13:45 RAM 5753/7607MB (lfb 2x4MB) SWAP 1424/16384MB (cached 137MB) CPU [6%@729,2%@729,1%@729,2%@729,0%@729,81%@729] GR3D_FREQ 42% cpu@61.125C soc2@60.343C soc0@61.187C gpu@61.906C tj@61.906C soc1@60C VDD_IN 16413mW/16553mW VDD_CPU_GPU_CV 7676mW/7749mW VDD_SOC 3811mW/3809mW
08-11-2026 23:13:46 RAM 5751/7607MB (lfb 2x4MB) SWAP 1424/16384MB (cached 137MB) CPU [5%@729,9%@729,18%@729,7%@729,0%@729,85%@729] GR3D_FREQ 98% cpu@61.375C soc2@60.5C soc0@61.125C gpu@62.812C tj@62.812C soc1@60.125C VDD_IN 17761mW/16565mW VDD_CPU_GPU_CV 8681mW/7759mW VDD_SOC 4001mW/3811mW
08-11-2026 23:13:47 RAM 5752/7607MB (lfb 2x4MB) SWAP 1424/16384MB (cached 137MB) CPU [5%@729,1%@729,2%@729,2%@729,0%@1344,85%@1344] GR3D_FREQ 97% cpu@61.625C soc2@60.437C soc0@61.125C gpu@62.75C tj@62.75C soc1@60.187C VDD_IN 17604mW/16576mW VDD_CPU_GPU_CV 8759mW/7769mW VDD_SOC 3883mW/3812mW
08-11-2026 23:13:48 RAM 5753/7607MB (lfb 2x4MB) SWAP 1424/16384MB (cached 137MB) CPU [2%@729,1%@729,1%@729,0%@729,4%@1344,76%@1344] GR3D_FREQ 98% cpu@61.375C soc2@60.406C soc0@61.156C gpu@62.687C tj@62.687C soc1@60.218C VDD_IN 17526mW/16586mW VDD_CPU_GPU_CV 8563mW/7777mW VDD_SOC 3923mW/3813mW
08-11-2026 23:13:49 RAM 5754/7607MB (lfb 2x4MB) SWAP 1424/16384MB (cached 137MB) CPU [2%@729,5%@729,4%@729,2%@729,0%@1344,75%@1344] GR3D_FREQ 97% cpu@61.281C soc2@60.406C soc0@61.156C gpu@62.75C tj@62.75C soc1@60.187C VDD_IN 17526mW/16595mW VDD_CPU_GPU_CV 8524mW/7785mW VDD_SOC 3923mW/3814mW
08-11-2026 23:13:50 RAM 5754/7607MB (lfb 2x4MB) SWAP 1424/16384MB (cached 137MB) CPU [3%@729,2%@729,4%@729,1%@729,0%@1344,75%@1344] GR3D_FREQ 97% cpu@61.375C soc2@60.343C soc0@61.25C gpu@62.843C tj@62.843C soc1@60.125C VDD_IN 17486mW/16604mW VDD_CPU_GPU_CV 8446mW/7792mW VDD_SOC 3923mW/3815mW
08-11-2026 23:13:51 RAM 5754/7607MB (lfb 2x4MB) SWAP 1424/16384MB (cached 137MB) CPU [3%@729,3%@729,3%@729,2%@729,0%@1344,74%@1344] GR3D_FREQ 97% cpu@61.468C soc2@60.437C soc0@61.062C gpu@62.593C tj@62.593C soc1@60.156C VDD_IN 17290mW/16611mW VDD_CPU_GPU_CV 8211mW/7796mW VDD_SOC 3968mW/3817mW
08-11-2026 23:13:52 RAM 5754/7607MB (lfb 2x4MB) SWAP 1424/16384MB (cached 137MB) CPU [13%@729,6%@729,11%@729,12%@729,0%@1344,74%@1344] GR3D_FREQ 97% cpu@61.656C soc2@60.406C soc0@61.187C gpu@62.531C tj@62.531C soc1@60.25C VDD_IN 17250mW/16617mW VDD_CPU_GPU_CV 8094mW/7799mW VDD_SOC 4008mW/3819mW
08-11-2026 23:13:53 RAM 5755/7607MB (lfb 2x4MB) SWAP 1424/16384MB (cached 137MB) CPU [3%@729,4%@729,2%@729,0%@729,0%@1344,75%@1344] GR3D_FREQ 98% cpu@61.406C soc2@60.437C soc0@61.312C gpu@62.5C tj@62.5C soc1@60.281C VDD_IN 17042mW/16621mW VDD_CPU_GPU_CV 7755mW/7798mW VDD_SOC 4047mW/3821mW
08-11-2026 23:13:54 RAM 5755/7607MB (lfb 2x4MB) SWAP 1424/16384MB (cached 137MB) CPU [4%@729,0%@729,5%@729,1%@729,0%@1344,75%@1344] GR3D_FREQ 98% cpu@61.468C soc2@60.437C soc0@61.281C gpu@62.468C tj@62.468C soc1@60.218C VDD_IN 16846mW/16623mW VDD_CPU_GPU_CV 7441mW/7795mW VDD_SOC 4086mW/3823mW
08-11-2026 23:13:55 RAM 5756/7607MB (lfb 2x4MB) SWAP 1424/16384MB (cached 137MB) CPU [2%@729,2%@729,4%@729,1%@729,0%@729,75%@729] GR3D_FREQ 99% cpu@61.437C soc2@60.5C soc0@61.187C gpu@62.062C tj@62.218C soc1@60.218C VDD_IN 16491mW/16622mW VDD_CPU_GPU_CV 7324mW/7790mW VDD_SOC 4008mW/3825mW
08-11-2026 23:13:56 RAM 5757/7607MB (lfb 2x4MB) SWAP 1424/16384MB (cached 137MB) CPU [3%@729,6%@729,3%@729,1%@729,0%@729,81%@729] GR3D_FREQ 49% cpu@61.281C soc2@60.593C soc0@61.156C gpu@62.531C tj@62.531C soc1@60.343C VDD_IN 16570mW/16622mW VDD_CPU_GPU_CV 7755mW/7790mW VDD_SOC 3851mW/3825mW
08-11-2026 23:13:57 RAM 5758/7607MB (lfb 2x4MB) SWAP 1424/16384MB (cached 137MB) CPU [6%@729,10%@729,17%@729,4%@729,0%@729,85%@729] GR3D_FREQ 99% cpu@61.625C soc2@60.531C soc0@61.218C gpu@62.937C tj@62.937C soc1@60.312C VDD_IN 17643mW/16631mW VDD_CPU_GPU_CV 8602mW/7798mW VDD_SOC 3962mW/3827mW
08-11-2026 23:13:58 RAM 5758/7607MB (lfb 2x4MB) SWAP 1424/16384MB (cached 137MB) CPU [3%@729,2%@729,3%@729,2%@729,1%@1344,84%@1344] GR3D_FREQ 97% cpu@61.343C soc2@60.656C soc0@61.312C gpu@62.937C tj@62.937C soc1@60.187C VDD_IN 17643mW/16640mW VDD_CPU_GPU_CV 8720mW/7806mW VDD_SOC 3883mW/3827mW
08-11-2026 23:13:59 RAM 5759/7607MB (lfb 2x4MB) SWAP 1424/16384MB (cached 137MB) CPU [3%@729,3%@729,3%@729,1%@729,0%@1344,76%@1344] GR3D_FREQ 97% cpu@61.531C soc2@60.625C soc0@61.375C gpu@63.093C tj@63.093C soc1@60.218C VDD_IN 17604mW/16649mW VDD_CPU_GPU_CV 8641mW/7814mW VDD_SOC 3923mW/3828mW
08-11-2026 23:14:00 RAM 5760/7607MB (lfb 2x4MB) SWAP 1424/16384MB (cached 137MB) CPU [3%@729,1%@729,2%@729,3%@729,0%@1344,75%@1344] GR3D_FREQ 97% cpu@61.5C soc2@60.531C soc0@61.187C gpu@62.937C tj@62.937C soc1@60.25C VDD_IN 17526mW/16657mW VDD_CPU_GPU_CV 8563mW/7821mW VDD_SOC 3923mW/3829mW
08-11-2026 23:14:01 RAM 5760/7607MB (lfb 2x4MB) SWAP 1424/16384MB (cached 137MB) CPU [2%@729,1%@729,5%@729,4%@729,0%@1344,74%@1344] GR3D_FREQ 97% cpu@61.5C soc2@60.468C soc0@61.187C gpu@62.656C tj@62.656C soc1@60.25C VDD_IN 17408mW/16664mW VDD_CPU_GPU_CV 8407mW/7826mW VDD_SOC 3923mW/3830mW
08-11-2026 23:14:02 RAM 5761/7607MB (lfb 2x4MB) SWAP 1424/16384MB (cached 137MB) CPU [3%@729,4%@729,7%@729,2%@729,0%@1344,75%@1344] GR3D_FREQ 97% cpu@61.718C soc2@60.562C soc0@61.218C gpu@62.781C tj@62.781C soc1@60.375C VDD_IN 17368mW/16670mW VDD_CPU_GPU_CV 8250mW/7830mW VDD_SOC 3962mW/3831mW
08-11-2026 23:14:03 RAM 5762/7607MB (lfb 2x4MB) SWAP 1424/16384MB (cached 137MB) CPU [8%@729,8%@729,5%@729,15%@729,0%@1344,75%@1344] GR3D_FREQ 97% cpu@61.406C soc2@60.625C soc0@61.343C gpu@62.781C tj@62.781C soc1@60.25C VDD_IN 17290mW/16676mW VDD_CPU_GPU_CV 8094mW/7832mW VDD_SOC 4001mW/3832mW
08-11-2026 23:14:04 RAM 5762/7607MB (lfb 2x4MB) SWAP 1424/16384MB (cached 137MB) CPU [5%@729,2%@729,1%@729,2%@729,0%@1344,75%@1344] GR3D_FREQ 96% cpu@61.562C soc2@60.625C soc0@61.375C gpu@62.656C tj@62.656C soc1@60.312C VDD_IN 16964mW/16678mW VDD_CPU_GPU_CV 7716mW/7831mW VDD_SOC 4047mW/3834mW
08-11-2026 23:14:05 RAM 5762/7607MB (lfb 2x4MB) SWAP 1424/16384MB (cached 137MB) CPU [3%@729,1%@729,3%@729,3%@729,0%@1344,76%@1344] GR3D_FREQ 97% cpu@61.718C soc2@60.531C soc0@61.156C gpu@62.625C tj@62.625C soc1@60.343C VDD_IN 16924mW/16680mW VDD_CPU_GPU_CV 7520mW/7828mW VDD_SOC 4126mW/3837mW
08-11-2026 23:14:06 RAM 5763/7607MB (lfb 2x4MB) SWAP 1424/16384MB (cached 137MB) CPU [3%@729,2%@729,1%@729,5%@729,0%@806,76%@806] GR3D_FREQ 99% cpu@61.625C soc2@60.656C soc0@61.437C gpu@62.593C tj@62.593C soc1@60.375C VDD_IN 16728mW/16681mW VDD_CPU_GPU_CV 7363mW/7824mW VDD_SOC 4086mW/3839mW
08-11-2026 23:14:07 RAM 5763/7607MB (lfb 2x4MB) SWAP 1424/16384MB (cached 137MB) CPU [5%@729,1%@729,1%@729,3%@729,0%@729,79%@729] GR3D_FREQ 99% cpu@61.531C soc2@60.656C soc0@61.343C gpu@62.968C tj@62.968C soc1@60.375C VDD_IN 16570mW/16680mW VDD_CPU_GPU_CV 7794mW/7824mW VDD_SOC 3851mW/3839mW
08-11-2026 23:14:08 RAM 5764/7607MB (lfb 2x4MB) SWAP 1424/16384MB (cached 137MB) CPU [7%@729,4%@729,6%@729,21%@729,0%@729,84%@729] GR3D_FREQ 99% cpu@61.312C soc2@60.656C soc0@61.468C gpu@62.531C tj@62.531C soc1@60.343C VDD_IN 17368mW/16686mW VDD_CPU_GPU_CV 8446mW/7829mW VDD_SOC 3883mW/3839mW
08-11-2026 23:14:09 RAM 5765/7607MB (lfb 2x4MB) SWAP 1424/16384MB (cached 137MB) CPU [4%@729,2%@729,2%@729,4%@729,0%@1344,85%@1344] GR3D_FREQ 96% cpu@61.437C soc2@60.593C soc0@61.437C gpu@62.75C tj@62.75C soc1@60.375C VDD_IN 17565mW/16693mW VDD_CPU_GPU_CV 8720mW/7837mW VDD_SOC 3883mW/3840mW
08-11-2026 23:14:10 RAM 5765/7607MB (lfb 2x4MB) SWAP 1424/16384MB (cached 137MB) CPU [4%@729,3%@729,2%@729,1%@729,0%@1344,78%@1344] GR3D_FREQ 97% cpu@61.781C soc2@60.593C soc0@61.312C gpu@62.843C tj@62.843C soc1@60.375C VDD_IN 17604mW/16701mW VDD_CPU_GPU_CV 8641mW/7844mW VDD_SOC 3923mW/3841mW
08-11-2026 23:14:11 RAM 5766/7607MB (lfb 2x4MB) SWAP 1424/16384MB (cached 137MB) CPU [2%@729,4%@729,1%@729,2%@729,0%@1344,75%@1344] GR3D_FREQ 97% cpu@61.531C soc2@60.656C soc0@61.312C gpu@63C tj@63C soc1@60.437C VDD_IN 17565mW/16708mW VDD_CPU_GPU_CV 8602mW/7850mW VDD_SOC 3923mW/3841mW
08-11-2026 23:14:12 RAM 5767/7607MB (lfb 2x4MB) SWAP 1424/16384MB (cached 137MB) CPU [4%@729,6%@729,3%@729,3%@729,0%@1344,74%@1344] GR3D_FREQ 98% cpu@61.843C soc2@60.687C soc0@61.375C gpu@62.968C tj@62.968C soc1@60.562C VDD_IN 17447mW/16714mW VDD_CPU_GPU_CV 8407mW/7854mW VDD_SOC 3962mW/3842mW
08-11-2026 23:14:13 RAM 5767/7607MB (lfb 2x4MB) SWAP 1424/16384MB (cached 137MB) CPU [1%@729,1%@729,3%@729,3%@729,0%@1344,74%@1344] GR3D_FREQ 97% cpu@61.5C soc2@60.656C soc0@61.5C gpu@63C tj@63C soc1@60.343C VDD_IN 17368mW/16719mW VDD_CPU_GPU_CV 8290mW/7858mW VDD_SOC 3962mW/3843mW
08-11-2026 23:14:14 RAM 5768/7607MB (lfb 2x4MB) SWAP 1424/16384MB (cached 137MB) CPU [5%@729,8%@729,5%@729,18%@729,0%@1344,75%@1344] GR3D_FREQ 97% cpu@61.625C soc2@60.593C soc0@61.375C gpu@62.968C tj@62.968C soc1@60.437C VDD_IN 17329mW/16724mW VDD_CPU_GPU_CV 8172mW/7860mW VDD_SOC 4001mW/3844mW
08-11-2026 23:14:15 RAM 5768/7607MB (lfb 2x4MB) SWAP 1424/16384MB (cached 137MB) CPU [2%@729,1%@729,2%@729,5%@729,0%@1344,75%@1344] GR3D_FREQ 98% cpu@61.843C soc2@60.531C soc0@61.343C gpu@62.875C tj@62.875C soc1@60.437C VDD_IN 17082mW/16727mW VDD_CPU_GPU_CV 7794mW/7860mW VDD_SOC 4047mW/3846mW
08-11-2026 23:14:16 RAM 5769/7607MB (lfb 2x4MB) SWAP 1424/16384MB (cached 137MB) CPU [4%@729,2%@729,3%@729,2%@729,0%@1344,75%@1344] GR3D_FREQ 97% cpu@61.468C soc2@60.593C soc0@61.437C gpu@62.875C tj@62.656C soc1@60.5C VDD_IN 16964mW/16729mW VDD_CPU_GPU_CV 7520mW/7857mW VDD_SOC 4086mW/3848mW
08-11-2026 23:14:17 RAM 5769/7607MB (lfb 2x4MB) SWAP 1424/16384MB (cached 137MB) CPU [3%@729,4%@729,2%@729,2%@729,1%@883,75%@883] GR3D_FREQ 99% cpu@61.75C soc2@60.656C soc0@61.5C gpu@62.093C tj@62.093C soc1@60.406C VDD_IN 16609mW/16728mW VDD_CPU_GPU_CV 7285mW/7853mW VDD_SOC 4047mW/3850mW
08-11-2026 23:14:18 RAM 5770/7607MB (lfb 2x4MB) SWAP 1424/16384MB (cached 137MB) CPU [3%@729,3%@729,2%@729,1%@729,0%@729,79%@729] GR3D_FREQ 55% cpu@61.343C soc2@60.656C soc0@61.562C gpu@62.437C tj@62.437C soc1@60.406C VDD_IN 16413mW/16725mW VDD_CPU_GPU_CV 7637mW/7851mW VDD_SOC 3811mW/3849mW
08-11-2026 23:14:19 RAM 5769/7607MB (lfb 2x4MB) SWAP 1424/16384MB (cached 137MB) CPU [9%@729,3%@729,17%@729,9%@729,0%@729,84%@729] GR3D_FREQ 99% cpu@61.562C soc2@60.687C soc0@61.5C gpu@62.843C tj@62.843C soc1@60.437C VDD_IN 17486mW/16731mW VDD_CPU_GPU_CV 8524mW/7856mW VDD_SOC 3923mW/3850mW
08-11-2026 23:14:20 RAM 5770/7607MB (lfb 2x4MB) SWAP 1424/16384MB (cached 137MB) CPU [5%@729,2%@729,3%@729,2%@729,0%@1344,84%@1344] GR3D_FREQ 97% cpu@61.656C soc2@60.718C soc0@61.437C gpu@62.875C tj@62.875C soc1@60.468C VDD_IN 17643mW/16738mW VDD_CPU_GPU_CV 8720mW/7863mW VDD_SOC 3883mW/3850mW
08-11-2026 23:14:21 RAM 5771/7607MB (lfb 2x4MB) SWAP 1424/16384MB (cached 137MB) CPU [2%@729,1%@729,1%@729,1%@729,3%@1344,78%@1344] GR3D_FREQ 97% cpu@61.531C soc2@60.656C soc0@61.531C gpu@62.937C tj@62.937C soc1@60.531C VDD_IN 17604mW/16745mW VDD_CPU_GPU_CV 8641mW/7869mW VDD_SOC 3923mW/3851mW
08-11-2026 23:14:22 RAM 5771/7607MB (lfb 2x4MB) SWAP 1424/16384MB (cached 137MB) CPU [4%@729,2%@729,1%@729,7%@729,0%@1344,74%@1344] GR3D_FREQ 97% cpu@61.75C soc2@60.687C soc0@61.562C gpu@63.187C tj@63.187C soc1@60.531C VDD_IN 17604mW/16752mW VDD_CPU_GPU_CV 8602mW/7874mW VDD_SOC 3923mW/3851mW
08-11-2026 23:14:23 RAM 5772/7607MB (lfb 2x4MB) SWAP 1424/16384MB (cached 137MB) CPU [3%@729,1%@729,2%@729,5%@729,0%@1344,74%@1344] GR3D_FREQ 99% cpu@61.656C soc2@60.75C soc0@61.625C gpu@63.156C tj@63.156C soc1@60.437C VDD_IN 17447mW/16757mW VDD_CPU_GPU_CV 8446mW/7879mW VDD_SOC 3962mW/3852mW
08-11-2026 23:14:24 RAM 5772/7607MB (lfb 2x4MB) SWAP 1424/16384MB (cached 137MB) CPU [3%@729,2%@729,2%@729,3%@729,0%@1344,74%@1344] GR3D_FREQ 97% cpu@61.656C soc2@60.687C soc0@61.375C gpu@63.156C tj@63.156C soc1@60.468C VDD_IN 17368mW/16761mW VDD_CPU_GPU_CV 8290mW/7882mW VDD_SOC 3962mW/3853mW
08-11-2026 23:14:25 RAM 5774/7607MB (lfb 2x4MB) SWAP 1424/16384MB (cached 137MB) CPU [6%@729,8%@729,4%@729,18%@729,3%@1344,76%@1344] GR3D_FREQ 97% cpu@61.781C soc2@60.687C soc0@61.468C gpu@63.281C tj@63.281C soc1@60.5C VDD_IN 17290mW/16765mW VDD_CPU_GPU_CV 8133mW/7884mW VDD_SOC 4001mW/3854mW
08-11-2026 23:14:27 RAM 5774/7607MB (lfb 2x4MB) SWAP 1424/16384MB (cached 137MB) CPU [1%@729,0%@729,1%@729,5%@729,0%@1344,75%@1344] GR3D_FREQ 99% cpu@61.687C soc2@60.656C soc0@61.468C gpu@63.125C tj@63.125C soc1@60.593C VDD_IN 17082mW/16768mW VDD_CPU_GPU_CV 7794mW/7883mW VDD_SOC 4047mW/3855mW
08-11-2026 23:14:28 RAM 5775/7607MB (lfb 2x4MB) SWAP 1424/16384MB (cached 137MB) CPU [3%@729,4%@729,2%@729,3%@729,0%@1344,75%@1344] GR3D_FREQ 97% cpu@61.75C soc2@60.718C soc0@61.562C gpu@62.875C tj@62.875C soc1@60.593C VDD_IN 16924mW/16769mW VDD_CPU_GPU_CV 7559mW/7881mW VDD_SOC 4086mW/3857mW
08-11-2026 23:14:29 RAM 5775/7607MB (lfb 2x4MB) SWAP 1424/16384MB (cached 137MB) CPU [2%@729,2%@729,3%@729,2%@729,0%@1036,76%@1036] GR3D_FREQ 99% cpu@61.937C soc2@60.75C soc0@61.625C gpu@62.343C tj@62.343C soc1@60.468C VDD_IN 16609mW/16768mW VDD_CPU_GPU_CV 7206mW/7876mW VDD_SOC 4126mW/3859mW
08-11-2026 23:14:30 RAM 5776/7607MB (lfb 2x4MB) SWAP 1424/16384MB (cached 137MB) CPU [2%@729,0%@729,3%@729,4%@729,0%@729,78%@729] GR3D_FREQ 99% cpu@61.593C soc2@60.656C soc0@61.531C gpu@62.812C tj@62.812C soc1@60.531C VDD_IN 16452mW/16765mW VDD_CPU_GPU_CV 7755mW/7875mW VDD_SOC 3811mW/3859mW
08-11-2026 23:14:31 RAM 5776/7607MB (lfb 2x4MB) SWAP 1424/16384MB (cached 137MB) CPU [6%@729,10%@729,11%@729,8%@729,0%@729,83%@729] GR3D_FREQ 99% cpu@61.687C soc2@60.875C soc0@61.625C gpu@62.843C tj@62.843C soc1@60.625C VDD_IN 17211mW/16768mW VDD_CPU_GPU_CV 8329mW/7878mW VDD_SOC 3890mW/3859mW
08-11-2026 23:14:32 RAM 5776/7607MB (lfb 2x4MB) SWAP 1424/16384MB (cached 137MB) CPU [3%@729,2%@729,2%@729,4%@729,0%@1113,85%@1113] GR3D_FREQ 97% cpu@61.468C soc2@60.843C soc0@61.531C gpu@63.031C tj@63.031C soc1@60.687C VDD_IN 17565mW/16774mW VDD_CPU_GPU_CV 8641mW/7883mW VDD_SOC 3883mW/3859mW
08-11-2026 23:14:33 RAM 5776/7607MB (lfb 2x4MB) SWAP 1424/16384MB (cached 137MB) CPU [2%@729,5%@729,1%@729,7%@729,0%@1344,79%@1344] GR3D_FREQ 97% cpu@61.781C soc2@60.812C soc0@61.656C gpu@63.468C tj@63.468C soc1@60.593C VDD_IN 17643mW/16780mW VDD_CPU_GPU_CV 8641mW/7889mW VDD_SOC 3923mW/3859mW
08-11-2026 23:14:34 RAM 5776/7607MB (lfb 2x4MB) SWAP 1424/16384MB (cached 137MB) CPU [2%@729,3%@729,2%@729,3%@729,0%@1344,74%@1344] GR3D_FREQ 97% cpu@61.843C soc2@60.843C soc0@61.531C gpu@62.968C tj@62.968C soc1@60.562C VDD_IN 17604mW/16786mW VDD_CPU_GPU_CV 8602mW/7894mW VDD_SOC 3923mW/3860mW
08-11-2026 23:14:35 RAM 5777/7607MB (lfb 2x4MB) SWAP 1424/16384MB (cached 137MB) CPU [2%@729,0%@729,3%@729,4%@729,0%@1344,74%@1344] GR3D_FREQ 98% cpu@62.031C soc2@60.875C soc0@61.437C gpu@63C tj@63C soc1@60.562C VDD_IN 17486mW/16791mW VDD_CPU_GPU_CV 8407mW/7897mW VDD_SOC 3962mW/3861mW
08-11-2026 23:14:36 RAM 5778/7607MB (lfb 2x4MB) SWAP 1424/16384MB (cached 137MB) CPU [4%@729,4%@729,2%@729,1%@729,0%@1344,75%@1344] GR3D_FREQ 97% cpu@62C soc2@60.687C soc0@61.562C gpu@63.062C tj@63.062C soc1@60.656C VDD_IN 17408mW/16795mW VDD_CPU_GPU_CV 8329mW/7900mW VDD_SOC 3962mW/3861mW
08-11-2026 23:14:37 RAM 5778/7607MB (lfb 2x4MB) SWAP 1424/16384MB (cached 137MB) CPU [20%@729,6%@729,5%@729,7%@729,0%@1344,75%@1344] GR3D_FREQ 97% cpu@61.718C soc2@60.843C soc0@61.625C gpu@62.968C tj@62.968C soc1@60.812C VDD_IN 17368mW/16799mW VDD_CPU_GPU_CV 8172mW/7902mW VDD_SOC 4001mW/3862mW
08-11-2026 23:14:38 RAM 5779/7607MB (lfb 2x4MB) SWAP 1424/16384MB (cached 137MB) CPU [4%@729,2%@729,3%@729,2%@729,0%@1344,75%@1344] GR3D_FREQ 97% cpu@61.75C soc2@60.906C soc0@61.718C gpu@63.125C tj@63.125C soc1@60.593C VDD_IN 17133mW/16801mW VDD_CPU_GPU_CV 7859mW/7902mW VDD_SOC 4047mW/3864mW
08-11-2026 23:14:39 RAM 5779/7607MB (lfb 2x4MB) SWAP 1424/16384MB (cached 137MB) CPU [5%@729,1%@729,2%@729,1%@729,0%@1344,76%@1344] GR3D_FREQ 97% cpu@61.906C soc2@60.875C soc0@61.562C gpu@63.156C tj@63.156C soc1@60.687C VDD_IN 17003mW/16803mW VDD_CPU_GPU_CV 7598mW/7900mW VDD_SOC 4086mW/3865mW
08-11-2026 23:14:40 RAM 5780/7607MB (lfb 2x4MB) SWAP 1424/16384MB (cached 137MB) CPU [7%@729,1%@729,4%@729,2%@729,0%@1113,75%@1113] GR3D_FREQ 99% cpu@62.281C soc2@60.937C soc0@61.625C gpu@62.562C tj@62.562C soc1@60.781C VDD_IN 16649mW/16802mW VDD_CPU_GPU_CV 7206mW/7895mW VDD_SOC 4126mW/3867mW
08-11-2026 23:14:41 RAM 5780/7607MB (lfb 2x4MB) SWAP 1424/16384MB (cached 137MB) CPU [5%@729,2%@729,2%@729,1%@729,0%@729,78%@729] GR3D_FREQ 99% cpu@61.781C soc2@60.812C soc0@61.625C gpu@63.062C tj@63.062C soc1@60.781C VDD_IN 16413mW/16799mW VDD_CPU_GPU_CV 7716mW/7894mW VDD_SOC 3811mW/3866mW
08-11-2026 23:14:42 RAM 5780/7607MB (lfb 2x4MB) SWAP 1424/16384MB (cached 137MB) CPU [5%@729,8%@729,18%@729,8%@729,0%@729,84%@729] GR3D_FREQ 99% cpu@61.656C soc2@61.062C soc0@61.687C gpu@63C tj@63C soc1@60.812C VDD_IN 17250mW/16802mW VDD_CPU_GPU_CV 8368mW/7897mW VDD_SOC 3883mW/3867mW
08-11-2026 23:14:43 RAM 5781/7607MB (lfb 2x4MB) SWAP 1424/16384MB (cached 137MB) CPU [6%@729,2%@729,4%@729,1%@729,0%@1190,85%@1190] GR3D_FREQ 96% cpu@61.718C soc2@60.906C soc0@61.75C gpu@63.156C tj@63.156C soc1@60.656C VDD_IN 17604mW/16807mW VDD_CPU_GPU_CV 8641mW/7902mW VDD_SOC 3883mW/3867mW
08-11-2026 23:14:44 RAM 5781/7607MB (lfb 2x4MB) SWAP 1424/16384MB (cached 137MB) CPU [2%@729,2%@729,2%@729,4%@729,0%@1344,78%@1344] GR3D_FREQ 97% cpu@61.937C soc2@60.906C soc0@61.562C gpu@63.156C tj@63.156C soc1@60.718C VDD_IN 17643mW/16813mW VDD_CPU_GPU_CV 8681mW/7907mW VDD_SOC 3923mW/3867mW
08-11-2026 23:14:45 RAM 5782/7607MB (lfb 2x4MB) SWAP 1424/16384MB (cached 137MB) CPU [1%@729,2%@729,1%@729,5%@729,0%@1344,73%@1344] GR3D_FREQ 97% cpu@62.093C soc2@60.875C soc0@61.656C gpu@63.281C tj@63.281C soc1@60.812C VDD_IN 17565mW/16818mW VDD_CPU_GPU_CV 8563mW/7911mW VDD_SOC 3923mW/3867mW
08-11-2026 23:14:46 RAM 5782/7607MB (lfb 2x4MB) SWAP 1424/16384MB (cached 137MB) CPU [3%@729,4%@729,2%@729,2%@729,0%@1344,75%@1344] GR3D_FREQ 96% cpu@61.843C soc2@60.937C soc0@61.625C gpu@63.093C tj@63.093C soc1@60.843C VDD_IN 17408mW/16821mW VDD_CPU_GPU_CV 8368mW/7914mW VDD_SOC 3962mW/3868mW
08-11-2026 23:14:47 RAM 5782/7607MB (lfb 2x4MB) SWAP 1424/16384MB (cached 137MB) CPU [2%@729,5%@729,0%@729,2%@729,0%@1344,75%@1344] GR3D_FREQ 97% cpu@61.875C soc2@61C soc0@61.687C gpu@63.375C tj@63.375C soc1@60.687C VDD_IN 17408mW/16825mW VDD_CPU_GPU_CV 8290mW/7917mW VDD_SOC 3962mW/3869mW
08-11-2026 23:14:48 RAM 5782/7607MB (lfb 2x4MB) SWAP 1424/16384MB (cached 137MB) CPU [5%@729,10%@729,6%@729,16%@729,3%@1344,75%@1344] GR3D_FREQ 97% cpu@61.812C soc2@60.875C soc0@61.718C gpu@63.437C tj@63.437C soc1@60.718C VDD_IN 17290mW/16828mW VDD_CPU_GPU_CV 8133mW/7918mW VDD_SOC 4001mW/3869mW
08-11-2026 23:14:49 RAM 5783/7607MB (lfb 2x4MB) SWAP 1424/16384MB (cached 137MB) CPU [3%@729,4%@729,5%@729,5%@729,0%@1344,75%@1344] GR3D_FREQ 99% cpu@62.031C soc2@61.062C soc0@61.656C gpu@63.312C tj@63.312C soc1@60.687C VDD_IN 17093mW/16830mW VDD_CPU_GPU_CV 7781mW/7917mW VDD_SOC 4047mW/3871mW
08-11-2026 23:14:50 RAM 5784/7607MB (lfb 2x4MB) SWAP 1424/16384MB (cached 137MB) CPU [3%@729,1%@729,2%@729,2%@729,0%@1344,75%@1344] GR3D_FREQ 97% cpu@62.281C soc2@60.968C soc0@61.656C gpu@63.343C tj@63.343C soc1@60.75C VDD_IN 16924mW/16830mW VDD_CPU_GPU_CV 7520mW/7915mW VDD_SOC 4086mW/3872mW
08-11-2026 23:14:51 RAM 5784/7607MB (lfb 2x4MB) SWAP 1424/16384MB (cached 137MB) CPU [5%@729,3%@729,3%@729,5%@729,0%@806,76%@806] GR3D_FREQ 99% cpu@62C soc2@61.156C soc0@61.718C gpu@62.843C tj@62.625C soc1@60.875C VDD_IN 16570mW/16829mW VDD_CPU_GPU_CV 7324mW/7911mW VDD_SOC 4047mW/3873mW
08-11-2026 23:14:52 RAM 5785/7607MB (lfb 2x4MB) SWAP 1424/16384MB (cached 137MB) CPU [3%@729,3%@729,2%@729,4%@729,0%@729,80%@729] GR3D_FREQ 55% cpu@61.718C soc2@61.031C soc0@61.843C gpu@62.875C tj@62.875C soc1@60.718C VDD_IN 16491mW/16827mW VDD_CPU_GPU_CV 7716mW/7910mW VDD_SOC 3851mW/3873mW
08-11-2026 23:14:53 RAM 5784/7607MB (lfb 2x4MB) SWAP 1424/16384MB (cached 137MB) CPU [9%@729,18%@729,4%@729,11%@729,0%@729,84%@729] GR3D_FREQ 99% cpu@61.812C soc2@60.968C soc0@61.718C gpu@63.281C tj@63.281C soc1@60.75C VDD_IN 17643mW/16832mW VDD_CPU_GPU_CV 8563mW/7914mW VDD_SOC 3962mW/3873mW
08-11-2026 23:14:54 RAM 5785/7607MB (lfb 2x4MB) SWAP 1424/16384MB (cached 137MB) CPU [2%@729,2%@729,1%@729,1%@729,2%@1344,85%@1344] GR3D_FREQ 97% cpu@62C soc2@61.093C soc0@61.687C gpu@63.312C tj@63.312C soc1@60.75C VDD_IN 17722mW/16837mW VDD_CPU_GPU_CV 8759mW/7919mW VDD_SOC 3883mW/3873mW
08-11-2026 23:14:55 RAM 5786/7607MB (lfb 2x4MB) SWAP 1424/16384MB (cached 137MB) CPU [2%@729,1%@729,2%@729,5%@729,0%@1344,75%@1344] GR3D_FREQ 97% cpu@62.156C soc2@61.062C soc0@61.718C gpu@63.343C tj@63.343C soc1@60.875C VDD_IN 17643mW/16842mW VDD_CPU_GPU_CV 8641mW/7923mW VDD_SOC 3923mW/3874mW
08-11-2026 23:14:56 RAM 5785/7607MB (lfb 2x4MB) SWAP 1424/16384MB (cached 137MB) CPU [3%@1344,6%@1344,2%@1344,2%@1344,0%@1344,74%@1344] GR3D_FREQ 98% cpu@61.843C soc2@61.062C soc0@61.843C gpu@63.625C tj@63.625C soc1@60.875C VDD_IN 17604mW/16847mW VDD_CPU_GPU_CV 8602mW/7928mW VDD_SOC 3923mW/3874mW
08-11-2026 23:14:57 RAM 5786/7607MB (lfb 2x4MB) SWAP 1424/16384MB (cached 137MB) CPU [2%@729,3%@729,2%@729,4%@729,0%@1344,76%@1344] GR3D_FREQ 96% cpu@62C soc2@60.968C soc0@61.875C gpu@63.593C tj@63.593C soc1@60.75C VDD_IN 17447mW/16850mW VDD_CPU_GPU_CV 8446mW/7931mW VDD_SOC 3962mW/3875mW
08-11-2026 23:14:58 RAM 5788/7607MB (lfb 2x4MB) SWAP 1424/16384MB (cached 137MB) CPU [3%@1344,4%@1344,2%@1344,6%@1344,2%@1344,75%@1344] GR3D_FREQ 97% cpu@62.187C soc2@61.062C soc0@61.75C gpu@63.656C tj@63.656C soc1@60.75C VDD_IN 17447mW/16854mW VDD_CPU_GPU_CV 8329mW/7933mW VDD_SOC 4001mW/3875mW
08-11-2026 23:14:59 RAM 5786/7607MB (lfb 2x4MB) SWAP 1424/16384MB (cached 137MB) CPU [6%@729,6%@729,9%@729,8%@729,2%@1344,76%@1344] GR3D_FREQ 97% cpu@61.906C soc2@61C soc0@61.781C gpu@63.187C tj@63.187C soc1@60.812C VDD_IN 17290mW/16857mW VDD_CPU_GPU_CV 8094mW/7934mW VDD_SOC 4001mW/3876mW
08-11-2026 23:15:00 RAM 5786/7607MB (lfb 2x4MB) SWAP 1424/16384MB (cached 137MB) CPU [5%@729,1%@729,3%@729,1%@729,0%@1344,75%@1344] GR3D_FREQ 97% cpu@62.156C soc2@61.062C soc0@61.718C gpu@63C tj@63C soc1@60.875C VDD_IN 17042mW/16858mW VDD_CPU_GPU_CV 7742mW/7933mW VDD_SOC 4047mW/3877mW
08-11-2026 23:15:01 RAM 5787/7607MB (lfb 2x4MB) SWAP 1424/16384MB (cached 137MB) CPU [3%@729,1%@729,4%@729,2%@729,0%@1344,75%@1344] GR3D_FREQ 97% cpu@61.968C soc2@61.031C soc0@61.75C gpu@62.937C tj@62.937C soc1@60.75C VDD_IN 16964mW/16858mW VDD_CPU_GPU_CV 7481mW/7930mW VDD_SOC 4126mW/3879mW
08-11-2026 23:15:02 RAM 5788/7607MB (lfb 2x4MB) SWAP 1424/16384MB (cached 137MB) CPU [2%@729,1%@729,9%@729,2%@729,0%@806,76%@806] GR3D_FREQ 99% cpu@62.125C soc2@61.062C soc0@61.718C gpu@62.843C tj@62.843C soc1@60.781C VDD_IN 16767mW/16858mW VDD_CPU_GPU_CV 7441mW/7927mW VDD_SOC 4086mW/3880mW
08-11-2026 23:15:03 RAM 5787/7607MB (lfb 2x4MB) SWAP 1424/16384MB (cached 137MB) CPU [1%@729,1%@729,5%@729,2%@729,1%@729,80%@729] GR3D_FREQ 91% cpu@61.968C soc2@61C soc0@61.718C gpu@63C tj@63C soc1@60.843C VDD_IN 16452mW/16855mW VDD_CPU_GPU_CV 7676mW/7926mW VDD_SOC 3851mW/3880mW
08-11-2026 23:15:04 RAM 5789/7607MB (lfb 2x4MB) SWAP 1424/16384MB (cached 137MB) CPU [4%@729,16%@729,11%@729,6%@729,1%@729,84%@729] GR3D_FREQ 98% cpu@62C soc2@61.125C soc0@61.812C gpu@63.406C tj@63.406C soc1@60.843C VDD_IN 17604mW/16860mW VDD_CPU_GPU_CV 8602mW/7930mW VDD_SOC 3962mW/3880mW
08-11-2026 23:15:05 RAM 5790/7607MB (lfb 2x4MB) SWAP 1424/16384MB (cached 137MB) CPU [0%@729,2%@729,4%@729,4%@729,0%@1344,84%@1344] GR3D_FREQ 97% cpu@62.062C soc2@61.125C soc0@61.843C gpu@63.5C tj@63.5C soc1@60.937C VDD_IN 17683mW/16864mW VDD_CPU_GPU_CV 8798mW/7935mW VDD_SOC 3883mW/3880mW
08-11-2026 23:15:06 RAM 5790/7607MB (lfb 2x4MB) SWAP 1424/16384MB (cached 137MB) CPU [7%@729,2%@729,2%@729,2%@729,0%@1344,76%@1344] GR3D_FREQ 98% cpu@61.906C soc2@61.125C soc0@61.812C gpu@63.468C tj@63.468C soc1@60.812C VDD_IN 17643mW/16869mW VDD_CPU_GPU_CV 8681mW/7939mW VDD_SOC 3923mW/3880mW
08-11-2026 23:15:07 RAM 5791/7607MB (lfb 2x4MB) SWAP 1424/16384MB (cached 137MB) CPU [4%@729,1%@729,1%@729,2%@729,0%@1344,75%@1344] GR3D_FREQ 97% cpu@62C soc2@61.093C soc0@61.781C gpu@63.531C tj@63.343C soc1@60.718C VDD_IN 17565mW/16873mW VDD_CPU_GPU_CV 8602mW/7943mW VDD_SOC 3923mW/3881mW
08-11-2026 23:15:08 RAM 5791/7607MB (lfb 2x4MB) SWAP 1424/16384MB (cached 137MB) CPU [3%@1113,5%@1113,3%@1113,2%@1113,0%@1344,75%@1344] GR3D_FREQ 97% cpu@62.125C soc2@61.093C soc0@61.718C gpu@63.25C tj@63.25C soc1@60.781C VDD_IN 17486mW/16876mW VDD_CPU_GPU_CV 8446mW/7946mW VDD_SOC 3923mW/3881mW
08-11-2026 23:15:09 RAM 5791/7607MB (lfb 2x4MB) SWAP 1424/16384MB (cached 137MB) CPU [3%@729,8%@729,3%@729,7%@729,0%@1344,75%@1344] GR3D_FREQ 97% cpu@62.093C soc2@61.093C soc0@61.843C gpu@63.312C tj@63.312C soc1@60.968C VDD_IN 17486mW/16880mW VDD_CPU_GPU_CV 8368mW/7948mW VDD_SOC 4001mW/3882mW
08-11-2026 23:15:10 RAM 5791/7607MB (lfb 2x4MB) SWAP 1424/16384MB (cached 137MB) CPU [5%@1344,11%@1344,4%@1344,12%@1344,2%@1344,76%@1344] GR3D_FREQ 98% cpu@62.093C soc2@61.156C soc0@61.968C gpu@63.468C tj@63.468C soc1@60.781C VDD_IN 17486mW/16883mW VDD_CPU_GPU_CV 8250mW/7950mW VDD_SOC 4001mW/3882mW
08-11-2026 23:15:11 RAM 5792/7607MB (lfb 2x4MB) SWAP 1424/16384MB (cached 137MB) CPU [5%@1344,2%@1344,2%@729,4%@729,0%@1344,75%@1344] GR3D_FREQ 98% cpu@62.125C soc2@60.968C soc0@61.687C gpu@63.437C tj@63.437C soc1@60.843C VDD_IN 17093mW/16884mW VDD_CPU_GPU_CV 7781mW/7949mW VDD_SOC 4047mW/3883mW
08-11-2026 23:15:12 RAM 5793/7607MB (lfb 2x4MB) SWAP 1424/16384MB (cached 137MB) CPU [3%@1113,1%@1113,9%@1113,2%@1113,0%@1344,76%@1344] GR3D_FREQ 97% cpu@62.312C soc2@60.968C soc0@61.781C gpu@63.343C tj@63.343C soc1@60.875C VDD_IN 17003mW/16885mW VDD_CPU_GPU_CV 7559mW/7947mW VDD_SOC 4126mW/3884mW
08-11-2026 23:15:13 RAM 5793/7607MB (lfb 2x4MB) SWAP 1424/16384MB (cached 137MB) CPU [4%@1344,2%@1344,1%@1344,6%@1344,0%@806,76%@806] GR3D_FREQ 99% cpu@62.093C soc2@61.187C soc0@61.906C gpu@62.625C tj@62.625C soc1@60.968C VDD_IN 16649mW/16884mW VDD_CPU_GPU_CV 7363mW/7943mW VDD_SOC 4047mW/3885mW
08-11-2026 23:15:14 RAM 5824/7607MB (lfb 2x4MB) SWAP 1424/16384MB (cached 137MB) CPU [3%@1036,3%@1036,3%@1036,7%@1036,5%@729,80%@729] GR3D_FREQ 0% cpu@62.125C soc2@61.156C soc0@61.906C gpu@62.156C tj@62.156C soc1@60.812C VDD_IN 15809mW/16878mW VDD_CPU_GPU_CV 7297mW/7940mW VDD_SOC 3699mW/3884mW
08-11-2026 23:15:15 RAM 6228/7607MB (lfb 1x2MB) SWAP 1424/16384MB (cached 136MB) CPU [78%@960,80%@960,80%@960,77%@960,91%@1344,82%@1344] GR3D_FREQ 24% cpu@61.687C soc2@60.437C soc0@61.437C gpu@60.843C tj@61.687C soc1@60.687C VDD_IN 8757mW/16834mW VDD_CPU_GPU_CV 3060mW/7913mW VDD_SOC 2030mW/3874mW
08-11-2026 23:15:16 RAM 6264/7607MB (lfb 1x2MB) SWAP 1424/16384MB (cached 136MB) CPU [11%@1344,87%@1344,11%@1344,13%@1344,10%@729,10%@729] GR3D_FREQ 97% cpu@61.718C soc2@60.781C soc0@61.531C gpu@62.843C tj@62.843C soc1@60.75C VDD_IN 16084mW/16830mW VDD_CPU_GPU_CV 7689mW/7912mW VDD_SOC 3542mW/3872mW
08-11-2026 23:15:17 RAM 6265/7607MB (lfb 1x2MB) SWAP 1424/16384MB (cached 136MB) CPU [3%@1344,74%@1344,5%@1344,1%@1344,0%@729,1%@729] GR3D_FREQ 97% cpu@61.906C soc2@60.968C soc0@61.531C gpu@63.062C tj@63.062C soc1@60.718C VDD_IN 17250mW/16832mW VDD_CPU_GPU_CV 8290mW/7914mW VDD_SOC 3883mW/3873mW
08-11-2026 23:15:18 RAM 6265/7607MB (lfb 1x2MB) SWAP 1424/16384MB (cached 136MB) CPU [2%@1344,75%@1344,3%@1344,3%@1344,0%@729,0%@729] GR3D_FREQ 98% cpu@61.656C soc2@61.031C soc0@61.687C gpu@63.281C tj@63.281C soc1@60.812C VDD_IN 17250mW/16834mW VDD_CPU_GPU_CV 8250mW/7916mW VDD_SOC 3929mW/3873mW
08-11-2026 23:15:19 RAM 6265/7607MB (lfb 1x2MB) SWAP 1424/16384MB (cached 136MB) CPU [2%@1344,76%@1344,3%@1344,2%@1344,0%@729,1%@729] GR3D_FREQ 98% cpu@61.656C soc2@61C soc0@61.625C gpu@63.281C tj@63.281C soc1@60.687C VDD_IN 17279mW/16836mW VDD_CPU_GPU_CV 8055mW/7917mW VDD_SOC 3968mW/3873mW
08-11-2026 23:15:20 RAM 6265/7607MB (lfb 1x2MB) SWAP 1424/16384MB (cached 136MB) CPU [2%@1344,75%@1344,4%@1344,1%@1344,0%@729,0%@729] GR3D_FREQ 98% cpu@61.812C soc2@61C soc0@61.593C gpu@63.343C tj@63.343C soc1@60.718C VDD_IN 17121mW/16838mW VDD_CPU_GPU_CV 7859mW/7916mW VDD_SOC 4008mW/3874mW
08-11-2026 23:15:21 RAM 6269/7607MB (lfb 1x2MB) SWAP 1424/16384MB (cached 136MB) CPU [6%@729,30%@729,7%@729,12%@729,62%@1344,0%@1344] GR3D_FREQ 98% cpu@61.906C soc2@60.968C soc0@61.687C gpu@63.25C tj@63.25C soc1@60.687C VDD_IN 16885mW/16838mW VDD_CPU_GPU_CV 7637mW/7915mW VDD_SOC 4047mW/3875mW
08-11-2026 23:15:22 RAM 6269/7607MB (lfb 1x2MB) SWAP 1424/16384MB (cached 136MB) CPU [4%@729,3%@729,1%@729,1%@729,76%@1344,0%@1344] GR3D_FREQ 99% cpu@62.187C soc2@61C soc0@61.656C gpu@63.062C tj@63.062C soc1@60.781C VDD_IN 16609mW/16837mW VDD_CPU_GPU_CV 7206mW/7911mW VDD_SOC 4126mW/3876mW
08-11-2026 23:15:23 RAM 6269/7607MB (lfb 1x2MB) SWAP 1424/16384MB (cached 136MB) CPU [9%@729,3%@729,1%@729,2%@729,74%@729,0%@729] GR3D_FREQ 99% cpu@61.593C soc2@61C soc0@61.75C gpu@62.843C tj@62.843C soc1@60.812C VDD_IN 16334mW/16834mW VDD_CPU_GPU_CV 7598mW/7910mW VDD_SOC 3811mW/3876mW
08-11-2026 23:15:24 RAM 6269/7607MB (lfb 1x2MB) SWAP 1424/16384MB (cached 136MB) CPU [6%@729,1%@729,0%@729,2%@729,83%@729,0%@729] GR3D_FREQ 99% cpu@61.562C soc2@61.031C soc0@61.75C gpu@62.687C tj@62.687C soc1@60.687C VDD_IN 16649mW/16833mW VDD_CPU_GPU_CV 7951mW/7910mW VDD_SOC 3811mW/3876mW
08-11-2026 23:15:25 RAM 6269/7607MB (lfb 1x2MB) SWAP 1424/16384MB (cached 136MB) CPU [2%@729,2%@729,4%@729,2%@729,85%@883,0%@883] GR3D_FREQ 97% cpu@61.687C soc2@60.937C soc0@61.625C gpu@63.281C tj@63.281C soc1@60.75C VDD_IN 17447mW/16837mW VDD_CPU_GPU_CV 8602mW/7913mW VDD_SOC 3883mW/3876mW
08-11-2026 23:15:26 RAM 6274/7607MB (lfb 1x2MB) SWAP 1424/16384MB (cached 136MB) CPU [23%@729,2%@729,8%@729,5%@729,80%@1344,0%@1344] GR3D_FREQ 97% cpu@61.937C soc2@61C soc0@61.625C gpu@63.343C tj@63.343C soc1@60.75C VDD_IN 17683mW/16841mW VDD_CPU_GPU_CV 8759mW/7918mW VDD_SOC 3883mW/3876mW
08-11-2026 23:15:27 RAM 6274/7607MB (lfb 1x2MB) SWAP 1424/16384MB (cached 136MB) CPU [4%@729,2%@729,5%@729,2%@729,74%@1344,0%@1344] GR3D_FREQ 97% cpu@62.125C soc2@61C soc0@61.718C gpu@63.343C tj@63.343C soc1@60.75C VDD_IN 17447mW/16844mW VDD_CPU_GPU_CV 8524mW/7921mW VDD_SOC 3883mW/3876mW
08-11-2026 23:15:28 RAM 6274/7607MB (lfb 1x2MB) SWAP 1424/16384MB (cached 136MB) CPU [3%@729,1%@729,4%@729,1%@729,75%@1344,0%@1344] GR3D_FREQ 99% cpu@61.687C soc2@61.031C soc0@61.718C gpu@63.375C tj@63.375C soc1@60.906C VDD_IN 17329mW/16846mW VDD_CPU_GPU_CV 8368mW/7923mW VDD_SOC 3923mW/3876mW
08-11-2026 23:15:29 RAM 6273/7607MB (lfb 1x2MB) SWAP 1424/16384MB (cached 136MB) CPU [3%@729,2%@729,5%@729,2%@729,76%@1344,1%@1344] GR3D_FREQ 97% cpu@61.843C soc2@61C soc0@61.781C gpu@63.281C tj@63.281C soc1@60.718C VDD_IN 17329mW/16849mW VDD_CPU_GPU_CV 8290mW/7925mW VDD_SOC 3962mW/3876mW
08-11-2026 23:15:30 RAM 6273/7607MB (lfb 1x2MB) SWAP 1424/16384MB (cached 136MB) CPU [0%@729,2%@729,3%@729,1%@729,75%@1344,0%@1344] GR3D_FREQ 97% cpu@61.937C soc2@60.968C soc0@61.656C gpu@63.093C tj@63.093C soc1@60.781C VDD_IN 17172mW/16851mW VDD_CPU_GPU_CV 8094mW/7926mW VDD_SOC 3968mW/3877mW
08-11-2026 23:15:31 RAM 6273/7607MB (lfb 1x2MB) SWAP 1424/16384MB (cached 136MB) CPU [3%@729,5%@729,1%@729,2%@729,76%@1344,0%@1344] GR3D_FREQ 97% cpu@61.968C soc2@60.937C soc0@61.625C gpu@63.093C tj@63.093C soc1@60.718C VDD_IN 17121mW/16852mW VDD_CPU_GPU_CV 7833mW/7925mW VDD_SOC 4008mW/3877mW
08-11-2026 23:15:32 RAM 6274/7607MB (lfb 1x2MB) SWAP 1424/16384MB (cached 136MB) CPU [19%@729,5%@729,6%@729,8%@729,75%@1344,0%@1344] GR3D_FREQ 97% cpu@62.125C soc2@61.031C soc0@61.687C gpu@63.062C tj@63.062C soc1@60.75C VDD_IN 16964mW/16852mW VDD_CPU_GPU_CV 7598mW/7924mW VDD_SOC 4047mW/3878mW
08-11-2026 23:15:33 RAM 6273/7607MB (lfb 1x2MB) SWAP 1424/16384MB (cached 136MB) CPU [4%@1190,14%@1190,2%@1190,1%@1190,65%@729,0%@729] GR3D_FREQ 99% cpu@61.875C soc2@61C soc0@61.781C gpu@62.468C tj@62.468C soc1@60.875C VDD_IN 16609mW/16851mW VDD_CPU_GPU_CV 7128mW/7920mW VDD_SOC 4126mW/3880mW
08-11-2026 23:15:34 RAM 6273/7607MB (lfb 1x2MB) SWAP 1424/16384MB (cached 136MB) CPU [4%@729,77%@729,6%@729,3%@729,0%@729,0%@729] GR3D_FREQ 99% cpu@61.812C soc2@61.125C soc0@61.812C gpu@63.031C tj@63.031C soc1@60.812C VDD_IN 16413mW/16849mW VDD_CPU_GPU_CV 7716mW/7919mW VDD_SOC 3811mW/3879mW
08-11-2026 23:15:35 RAM 6273/7607MB (lfb 1x2MB) SWAP 1424/16384MB (cached 136MB) CPU [4%@729,10%@729,5%@729,1%@729,75%@729,0%@729] GR3D_FREQ 99% cpu@61.781C soc2@61.031C soc0@61.687C gpu@62.781C tj@62.781C soc1@60.812C VDD_IN 16885mW/16849mW VDD_CPU_GPU_CV 8068mW/7920mW VDD_SOC 3851mW/3879mW
08-11-2026 23:15:36 RAM 6273/7607MB (lfb 1x2MB) SWAP 1424/16384MB (cached 136MB) CPU [2%@729,2%@729,6%@729,1%@729,86%@1036,0%@1036] GR3D_FREQ 97% cpu@61.843C soc2@61.062C soc0@61.687C gpu@63.406C tj@63.406C soc1@60.812C VDD_IN 17486mW/16852mW VDD_CPU_GPU_CV 8602mW/7923mW VDD_SOC 3883mW/3879mW
08-11-2026 23:15:37 RAM 6272/7607MB (lfb 1x2MB) SWAP 1424/16384MB (cached 136MB) CPU [12%@729,10%@729,12%@729,3%@729,79%@1344,0%@1344] GR3D_FREQ 97% cpu@62.093C soc2@61.031C soc0@61.781C gpu@63.562C tj@63.562C soc1@60.875C VDD_IN 17683mW/16856mW VDD_CPU_GPU_CV 8759mW/7927mW VDD_SOC 3883mW/3879mW
08-11-2026 23:15:38 RAM 6272/7607MB (lfb 1x2MB) SWAP 1424/16384MB (cached 136MB) CPU [2%@729,1%@729,5%@729,2%@729,75%@1344,0%@1344] GR3D_FREQ 97% cpu@61.812C soc2@61.062C soc0@61.812C gpu@63.437C tj@63.437C soc1@60.906C VDD_IN 17486mW/16859mW VDD_CPU_GPU_CV 8563mW/7930mW VDD_SOC 3883mW/3879mW
08-11-2026 23:15:39 RAM 6272/7607MB (lfb 1x2MB) SWAP 1424/16384MB (cached 136MB) CPU [53%@1344,3%@1344,6%@1344,1%@1344,24%@729,0%@729] GR3D_FREQ 97% cpu@62.031C soc2@61.156C soc0@61.843C gpu@63.593C tj@63.593C soc1@60.718C VDD_IN 17447mW/16862mW VDD_CPU_GPU_CV 8446mW/7932mW VDD_SOC 3923mW/3879mW
08-11-2026 23:15:40 RAM 6272/7607MB (lfb 1x2MB) SWAP 1424/16384MB (cached 136MB) CPU [43%@729,4%@729,2%@729,3%@729,34%@1344,0%@1344] GR3D_FREQ 97% cpu@62.031C soc2@61.062C soc0@61.687C gpu@63.531C tj@63.531C soc1@60.875C VDD_IN 17368mW/16865mW VDD_CPU_GPU_CV 8290mW/7934mW VDD_SOC 3962mW/3880mW
08-11-2026 23:15:41 RAM 6272/7607MB (lfb 1x2MB) SWAP 1424/16384MB (cached 136MB) CPU [2%@729,4%@729,3%@729,2%@729,76%@1344,0%@1344] GR3D_FREQ 97% cpu@61.812C soc2@61.062C soc0@61.718C gpu@63.406C tj@63.406C soc1@60.781C VDD_IN 17211mW/16866mW VDD_CPU_GPU_CV 8094mW/7935mW VDD_SOC 3962mW/3880mW
08-11-2026 23:15:42 RAM 6272/7607MB (lfb 1x2MB) SWAP 1424/16384MB (cached 136MB) CPU [3%@729,3%@729,3%@729,3%@729,75%@1344,0%@1344] GR3D_FREQ 97% cpu@62.062C soc2@61.031C soc0@61.781C gpu@63.218C tj@63.218C soc1@60.875C VDD_IN 17082mW/16867mW VDD_CPU_GPU_CV 7820mW/7934mW VDD_SOC 4008mW/3881mW
08-11-2026 23:15:43 RAM 6272/7607MB (lfb 1x2MB) SWAP 1424/16384MB (cached 136MB) CPU [18%@1344,8%@1344,19%@1344,4%@1344,64%@729,0%@729] GR3D_FREQ 97% cpu@61.875C soc2@61.125C soc0@61.843C gpu@63.187C tj@63.187C soc1@60.937C VDD_IN 16924mW/16868mW VDD_CPU_GPU_CV 7559mW/7933mW VDD_SOC 4047mW/3882mW
08-11-2026 23:15:44 RAM 6272/7607MB (lfb 1x2MB) SWAP 1424/16384MB (cached 136MB) CPU [67%@1190,2%@1190,12%@1190,2%@1190,0%@729,0%@729] GR3D_FREQ 99% cpu@62.093C soc2@61.156C soc0@61.906C gpu@62.656C tj@62.656C soc1@60.812C VDD_IN 16649mW/16867mW VDD_CPU_GPU_CV 7128mW/7929mW VDD_SOC 4126mW/3883mW
08-11-2026 23:15:45 RAM 6272/7607MB (lfb 1x2MB) SWAP 1424/16384MB (cached 136MB) CPU [1%@729,2%@729,76%@729,5%@729,0%@729,5%@729] GR3D_FREQ 99% cpu@61.781C soc2@61.125C soc0@61.812C gpu@63.187C tj@63.187C soc1@60.843C VDD_IN 16452mW/16865mW VDD_CPU_GPU_CV 7716mW/7928mW VDD_SOC 3811mW/3882mW
08-11-2026 23:15:46 RAM 6272/7607MB (lfb 1x2MB) SWAP 1424/16384MB (cached 136MB) CPU [3%@729,1%@729,0%@729,84%@729,1%@729,1%@729] GR3D_FREQ 99% cpu@61.906C soc2@61.125C soc0@61.812C gpu@63.25C tj@63.25C soc1@60.906C VDD_IN 16964mW/16865mW VDD_CPU_GPU_CV 8133mW/7929mW VDD_SOC 3851mW/3882mW
08-11-2026 23:15:47 RAM 6272/7607MB (lfb 1x2MB) SWAP 1424/16384MB (cached 136MB) CPU [2%@1036,2%@1036,1%@1036,86%@1036,1%@729,4%@729] GR3D_FREQ 98% cpu@62.218C soc2@61.187C soc0@61.843C gpu@63.718C tj@63.718C soc1@60.937C VDD_IN 17526mW/16868mW VDD_CPU_GPU_CV 8602mW/7932mW VDD_SOC 3883mW/3882mW
08-11-2026 23:15:48 RAM 6273/7607MB (lfb 1x2MB) SWAP 1424/16384MB (cached 136MB) CPU [3%@1344,6%@1344,8%@1344,79%@1344,3%@729,17%@729] GR3D_FREQ 97% cpu@62.062C soc2@61.218C soc0@61.968C gpu@63.312C tj@63.312C soc1@60.781C VDD_IN 17722mW/16872mW VDD_CPU_GPU_CV 8720mW/7936mW VDD_SOC 3923mW/3882mW
08-11-2026 23:15:49 RAM 6273/7607MB (lfb 1x2MB) SWAP 1424/16384MB (cached 136MB) CPU [3%@1344,2%@1344,3%@1344,75%@1344,1%@729,1%@729] GR3D_FREQ 97% cpu@62.156C soc2@61.125C soc0@61.937C gpu@63.312C tj@63.312C soc1@60.875C VDD_IN 17526mW/16875mW VDD_CPU_GPU_CV 8602mW/7939mW VDD_SOC 3923mW/3883mW
08-11-2026 23:15:50 RAM 6273/7607MB (lfb 1x2MB) SWAP 1424/16384MB (cached 136MB) CPU [3%@1344,2%@1344,1%@1344,75%@1344,1%@729,0%@729] GR3D_FREQ 97% cpu@62.281C soc2@61.125C soc0@61.812C gpu@63.25C tj@63.25C soc1@60.906C VDD_IN 17408mW/16878mW VDD_CPU_GPU_CV 8407mW/7941mW VDD_SOC 3923mW/3883mW
08-11-2026 23:15:51 RAM 6273/7607MB (lfb 1x2MB) SWAP 1424/16384MB (cached 136MB) CPU [2%@1344,2%@1344,1%@1344,75%@1344,0%@729,1%@729] GR3D_FREQ 97% cpu@62.093C soc2@61.218C soc0@62.031C gpu@63.312C tj@63.5C soc1@60.875C VDD_IN 17329mW/16880mW VDD_CPU_GPU_CV 8329mW/7943mW VDD_SOC 3962mW/3883mW
08-11-2026 23:15:52 RAM 6273/7607MB (lfb 1x2MB) SWAP 1424/16384MB (cached 136MB) CPU [22%@1344,2%@1344,4%@1344,46%@1344,10%@729,1%@729] GR3D_FREQ 97% cpu@62.187C soc2@61.187C soc0@61.906C gpu@63.468C tj@63.468C soc1@60.937C VDD_IN 17250mW/16881mW VDD_CPU_GPU_CV 8133mW/7943mW VDD_SOC 3962mW/3883mW
08-11-2026 23:15:53 RAM 6273/7607MB (lfb 1x2MB) SWAP 1424/16384MB (cached 136MB) CPU [75%@1344,1%@1344,1%@1344,2%@1344,2%@729,4%@729] GR3D_FREQ 97% cpu@61.906C soc2@61.25C soc0@61.968C gpu@63.406C tj@63.406C soc1@60.875C VDD_IN 17054mW/16882mW VDD_CPU_GPU_CV 7820mW/7943mW VDD_SOC 4047mW/3884mW
08-11-2026 23:15:54 RAM 6276/7607MB (lfb 1x2MB) SWAP 1424/16384MB (cached 136MB) CPU [14%@1344,19%@1344,3%@1344,6%@1344,65%@1344,4%@1344] GR3D_FREQ 97% cpu@61.937C soc2@61.125C soc0@61.75C gpu@63.343C tj@63.343C soc1@60.843C VDD_IN 16964mW/16882mW VDD_CPU_GPU_CV 7598mW/7941mW VDD_SOC 4086mW/3885mW
08-11-2026 23:15:55 RAM 6276/7607MB (lfb 1x2MB) SWAP 1424/16384MB (cached 136MB) CPU [6%@729,2%@729,3%@729,1%@729,74%@1036,0%@1036] GR3D_FREQ 99% cpu@62.218C soc2@61.25C soc0@61.843C gpu@62.843C tj@62.843C soc1@60.875C VDD_IN 16570mW/16881mW VDD_CPU_GPU_CV 7167mW/7938mW VDD_SOC 4086mW/3886mW
08-11-2026 23:15:56 RAM 6276/7607MB (lfb 1x2MB) SWAP 1424/16384MB (cached 136MB) CPU [1%@729,3%@729,9%@729,2%@729,77%@729,1%@729] GR3D_FREQ 99% cpu@61.812C soc2@61.125C soc0@61.875C gpu@63.281C tj@63.281C soc1@60.937C VDD_IN 16413mW/16879mW VDD_CPU_GPU_CV 7676mW/7937mW VDD_SOC 3811mW/3886mW
08-11-2026 23:15:57 RAM 6276/7607MB (lfb 1x2MB) SWAP 1424/16384MB (cached 136MB) CPU [3%@729,2%@729,2%@729,2%@729,85%@729,0%@729] GR3D_FREQ 99% cpu@62.156C soc2@61.187C soc0@61.968C gpu@63.375C tj@63.375C soc1@60.937C VDD_IN 17133mW/16880mW VDD_CPU_GPU_CV 8290mW/7938mW VDD_SOC 3890mW/3886mW
08-11-2026 23:15:58 RAM 6277/7607MB (lfb 1x2MB) SWAP 1424/16384MB (cached 136MB) CPU [4%@729,4%@729,1%@729,4%@729,85%@1344,1%@1344] GR3D_FREQ 96% cpu@61.843C soc2@61.187C soc0@62C gpu@63.281C tj@63.281C soc1@60.875C VDD_IN 17526mW/16883mW VDD_CPU_GPU_CV 8641mW/7941mW VDD_SOC 3883mW/3886mW
08-11-2026 23:15:59 RAM 6273/7607MB (lfb 1x2MB) SWAP 1424/16384MB (cached 136MB) CPU [4%@729,10%@729,8%@729,17%@729,77%@1344,0%@1344] GR3D_FREQ 97% cpu@62.093C soc2@61.125C soc0@61.843C gpu@63.406C tj@63.406C soc1@60.875C VDD_IN 17683mW/16886mW VDD_CPU_GPU_CV 8705mW/7945mW VDD_SOC 3923mW/3886mW
08-11-2026 23:16:00 RAM 6274/7607MB (lfb 1x2MB) SWAP 1424/16384MB (cached 136MB) CPU [2%@729,2%@729,6%@729,1%@729,75%@1344,1%@1344] GR3D_FREQ 98% cpu@62.093C soc2@61.156C soc0@61.843C gpu@63.406C tj@63.406C soc1@60.906C VDD_IN 17486mW/16889mW VDD_CPU_GPU_CV 8563mW/7947mW VDD_SOC 3923mW/3886mW
08-11-2026 23:16:01 RAM 6274/7607MB (lfb 1x2MB) SWAP 1424/16384MB (cached 136MB) CPU [2%@729,2%@729,4%@729,1%@729,76%@1344,0%@1344] GR3D_FREQ 98% cpu@62.125C soc2@61.156C soc0@61.937C gpu@63.343C tj@63.343C soc1@60.937C VDD_IN 17408mW/16891mW VDD_CPU_GPU_CV 8368mW/7949mW VDD_SOC 3962mW/3886mW
08-11-2026 23:16:02 RAM 6275/7607MB (lfb 1x2MB) SWAP 1424/16384MB (cached 136MB) CPU [2%@729,2%@729,4%@729,2%@729,75%@1344,0%@1344] GR3D_FREQ 97% cpu@62.093C soc2@61.125C soc0@61.843C gpu@63.375C tj@63.375C soc1@61.093C VDD_IN 17290mW/16893mW VDD_CPU_GPU_CV 8211mW/7950mW VDD_SOC 3962mW/3887mW
08-11-2026 23:16:03 RAM 6275/7607MB (lfb 1x2MB) SWAP 1424/16384MB (cached 136MB) CPU [2%@729,2%@729,5%@729,1%@729,76%@1344,0%@1344] GR3D_FREQ 97% cpu@61.906C soc2@61.156C soc0@62.031C gpu@63.375C tj@63.375C soc1@60.906C VDD_IN 17211mW/16894mW VDD_CPU_GPU_CV 8094mW/7951mW VDD_SOC 4001mW/3887mW
08-11-2026 23:16:04 RAM 6276/7607MB (lfb 1x2MB) SWAP 1424/16384MB (cached 136MB) CPU [2%@729,1%@729,3%@729,2%@729,75%@1344,0%@1344] GR3D_FREQ 99% cpu@62.062C soc2@61.125C soc0@62.093C gpu@63.593C tj@63.593C soc1@60.906C VDD_IN 17015mW/16895mW VDD_CPU_GPU_CV 7742mW/7950mW VDD_SOC 4047mW/3888mW
08-11-2026 23:16:05 RAM 6278/7607MB (lfb 1x2MB) SWAP 1424/16384MB (cached 136MB) CPU [8%@729,3%@729,8%@729,18%@729,75%@1344,0%@1344] GR3D_FREQ 97% cpu@62.093C soc2@61.187C soc0@61.812C gpu@63.562C tj@63.562C soc1@60.937C VDD_IN 16964mW/16895mW VDD_CPU_GPU_CV 7559mW/7948mW VDD_SOC 4086mW/3889mW
08-11-2026 23:16:06 RAM 6278/7607MB (lfb 1x2MB) SWAP 1424/16384MB (cached 136MB) CPU [6%@729,1%@729,2%@729,2%@729,67%@960,8%@960] GR3D_FREQ 99% cpu@62.593C soc2@61.218C soc0@61.968C gpu@63C tj@63C soc1@60.968C VDD_IN 16491mW/16893mW VDD_CPU_GPU_CV 7246mW/7945mW VDD_SOC 4086mW/3890mW
08-11-2026 23:16:07 RAM 6278/7607MB (lfb 1x2MB) SWAP 1424/16384MB (cached 136MB) CPU [10%@729,2%@729,2%@729,1%@729,0%@729,79%@729] GR3D_FREQ 99% cpu@62.093C soc2@61.218C soc0@61.937C gpu@63.468C tj@63.468C soc1@61.093C VDD_IN 16531mW/16892mW VDD_CPU_GPU_CV 7755mW/7945mW VDD_SOC 3851mW/3889mW
08-11-2026 23:16:08 RAM 6278/7607MB (lfb 1x2MB) SWAP 1424/16384MB (cached 136MB) CPU [5%@729,4%@729,2%@729,1%@729,0%@729,84%@729] GR3D_FREQ 99% cpu@61.906C soc2@61.218C soc0@62.031C gpu@63.75C tj@63.75C soc1@60.937C VDD_IN 17250mW/16893mW VDD_CPU_GPU_CV 8329mW/7946mW VDD_SOC 3923mW/3890mW
08-11-2026 23:16:09 RAM 6278/7607MB (lfb 1x2MB) SWAP 1424/16384MB (cached 136MB) CPU [3%@729,2%@729,4%@729,1%@729,1%@1344,85%@1344] GR3D_FREQ 96% cpu@62C soc2@61.218C soc0@62.093C gpu@63.812C tj@63.812C soc1@61C VDD_IN 17565mW/16896mW VDD_CPU_GPU_CV 8681mW/7949mW VDD_SOC 3883mW/3889mW
08-11-2026 23:16:10 RAM 6281/7607MB (lfb 1x2MB) SWAP 1424/16384MB (cached 136MB) CPU [8%@729,7%@729,5%@729,16%@729,3%@1344,78%@1344] GR3D_FREQ 97% cpu@62.281C soc2@61.156C soc0@61.937C gpu@63.531C tj@63.531C soc1@60.968C VDD_IN 17683mW/16900mW VDD_CPU_GPU_CV 8759mW/7953mW VDD_SOC 3923mW/3890mW
08-11-2026 23:16:11 RAM 6281/7607MB (lfb 1x2MB) SWAP 1424/16384MB (cached 136MB) CPU [6%@729,1%@729,2%@729,1%@729,0%@1344,74%@1344] GR3D_FREQ 97% cpu@62.5C soc2@61.25C soc0@62C gpu@63.5C tj@63.5C soc1@61.062C VDD_IN 17486mW/16902mW VDD_CPU_GPU_CV 8563mW/7955mW VDD_SOC 3923mW/3890mW
08-11-2026 23:16:12 RAM 6282/7607MB (lfb 1x2MB) SWAP 1424/16384MB (cached 136MB) CPU [8%@729,2%@729,1%@729,2%@729,0%@1344,76%@1344] GR3D_FREQ 97% cpu@62.218C soc2@61.187C soc0@61.843C gpu@63.437C tj@63.437C soc1@61.031C VDD_IN 17329mW/16904mW VDD_CPU_GPU_CV 8368mW/7957mW VDD_SOC 3923mW/3890mW
08-11-2026 23:16:13 RAM 6282/7607MB (lfb 1x2MB) SWAP 1424/16384MB (cached 136MB) CPU [2%@729,1%@729,3%@729,2%@729,0%@1344,75%@1344] GR3D_FREQ 97% cpu@62.187C soc2@61.281C soc0@62C gpu@63.5C tj@63.5C soc1@60.937C VDD_IN 17290mW/16905mW VDD_CPU_GPU_CV 8211mW/7958mW VDD_SOC 3962mW/3890mW
08-11-2026 23:16:14 RAM 6283/7607MB (lfb 1x2MB) SWAP 1424/16384MB (cached 136MB) CPU [6%@729,3%@729,1%@729,1%@729,0%@1344,75%@1344] GR3D_FREQ 97% cpu@62.156C soc2@61.125C soc0@62.125C gpu@63.562C tj@63.562C soc1@60.937C VDD_IN 17211mW/16907mW VDD_CPU_GPU_CV 8016mW/7958mW VDD_SOC 4008mW/3891mW
08-11-2026 23:16:15 RAM 6283/7607MB (lfb 1x2MB) SWAP 1424/16384MB (cached 136MB) CPU [2%@729,3%@729,2%@729,3%@729,0%@1344,75%@1344] GR3D_FREQ 99% cpu@62.312C soc2@61.156C soc0@61.968C gpu@63.343C tj@63.343C soc1@61C VDD_IN 17054mW/16907mW VDD_CPU_GPU_CV 7781mW/7957mW VDD_SOC 4047mW/3891mW
08-11-2026 23:16:16 RAM 6283/7607MB (lfb 1x2MB) SWAP 1424/16384MB (cached 136MB) CPU [9%@729,7%@729,6%@729,19%@729,0%@1344,75%@1344] GR3D_FREQ 97% cpu@62.562C soc2@61.187C soc0@61.968C gpu@63.25C tj@63.25C soc1@61.031C VDD_IN 16924mW/16907mW VDD_CPU_GPU_CV 7520mW/7956mW VDD_SOC 4086mW/3892mW
08-11-2026 23:16:17 RAM 6283/7607MB (lfb 1x2MB) SWAP 1424/16384MB (cached 136MB) CPU [3%@729,4%@729,2%@729,3%@729,0%@729,75%@729] GR3D_FREQ 99% cpu@62.218C soc2@61.25C soc0@61.968C gpu@62.812C tj@62.812C soc1@61.093C VDD_IN 16491mW/16906mW VDD_CPU_GPU_CV 7285mW/7953mW VDD_SOC 4008mW/3893mW
08-11-2026 23:16:18 RAM 6284/7607MB (lfb 1x2MB) SWAP 1424/16384MB (cached 136MB) CPU [3%@729,2%@729,9%@729,2%@729,0%@729,80%@729] GR3D_FREQ 53% cpu@62.031C soc2@61.25C soc0@62.062C gpu@63.031C tj@63.031C soc1@60.937C VDD_IN 16491mW/16904mW VDD_CPU_GPU_CV 7716mW/7952mW VDD_SOC 3851mW/3892mW
08-11-2026 23:16:19 RAM 6284/7607MB (lfb 1x2MB) SWAP 1424/16384MB (cached 136MB) CPU [4%@729,6%@729,3%@729,2%@729,0%@729,85%@729] GR3D_FREQ 99% cpu@62.093C soc2@61.218C soc0@61.906C gpu@63.468C tj@63.468C soc1@60.937C VDD_IN 17447mW/16906mW VDD_CPU_GPU_CV 8446mW/7954mW VDD_SOC 3962mW/3893mW
08-11-2026 23:16:20 RAM 6284/7607MB (lfb 1x2MB) SWAP 1424/16384MB (cached 136MB) CPU [4%@729,3%@729,3%@729,1%@729,0%@1344,85%@1344] GR3D_FREQ 97% cpu@62.156C soc2@61.25C soc0@61.906C gpu@63.5C tj@63.5C soc1@61C VDD_IN 17604mW/16909mW VDD_CPU_GPU_CV 8720mW/7957mW VDD_SOC 3883mW/3893mW
08-11-2026 23:16:21 RAM 6287/7607MB (lfb 1x2MB) SWAP 1424/16384MB (cached 136MB) CPU [13%@729,11%@729,8%@729,6%@729,0%@1344,75%@1344] GR3D_FREQ 99% cpu@62.562C soc2@61.281C soc0@62C gpu@63.593C tj@63.593C soc1@61.062C VDD_IN 17683mW/16912mW VDD_CPU_GPU_CV 8681mW/7960mW VDD_SOC 3923mW/3893mW
08-11-2026 23:16:22 RAM 6287/7607MB (lfb 1x2MB) SWAP 1424/16384MB (cached 136MB) CPU [3%@729,5%@729,3%@729,1%@729,0%@1344,76%@1344] GR3D_FREQ 97% cpu@62.156C soc2@61.343C soc0@62.062C gpu@63.718C tj@63.718C soc1@60.968C VDD_IN 17526mW/16914mW VDD_CPU_GPU_CV 8524mW/7962mW VDD_SOC 3923mW/3893mW
08-11-2026 23:16:23 RAM 6287/7607MB (lfb 1x2MB) SWAP 1424/16384MB (cached 136MB) CPU [5%@729,1%@729,2%@729,2%@729,0%@1344,75%@1344] GR3D_FREQ 97% cpu@62.281C soc2@61.187C soc0@62.125C gpu@63.625C tj@63.625C soc1@61C VDD_IN 17408mW/16916mW VDD_CPU_GPU_CV 8407mW/7964mW VDD_SOC 3923mW/3893mW
08-11-2026 23:16:24 RAM 6288/7607MB (lfb 1x2MB) SWAP 1424/16384MB (cached 136MB) CPU [4%@729,2%@729,2%@729,3%@729,0%@1344,76%@1344] GR3D_FREQ 98% cpu@62.437C soc2@61.218C soc0@61.937C gpu@63.625C tj@63.625C soc1@60.968C VDD_IN 17290mW/16918mW VDD_CPU_GPU_CV 8211mW/7965mW VDD_SOC 3962mW/3893mW
08-11-2026 23:16:25 RAM 6288/7607MB (lfb 1x2MB) SWAP 1424/16384MB (cached 136MB) CPU [4%@729,2%@729,2%@729,0%@729,0%@1344,74%@1344] GR3D_FREQ 97% cpu@62.218C soc2@61.312C soc0@61.906C gpu@63.781C tj@63.781C soc1@61.062C VDD_IN 17211mW/16919mW VDD_CPU_GPU_CV 8016mW/7965mW VDD_SOC 4001mW/3894mW
08-11-2026 23:16:26 RAM 6289/7607MB (lfb 1x2MB) SWAP 1424/16384MB (cached 136MB) CPU [3%@729,4%@729,1%@729,1%@729,0%@1344,75%@1344] GR3D_FREQ 97% cpu@62.562C soc2@61.312C soc0@61.968C gpu@63.343C tj@63.343C soc1@61.125C VDD_IN 17015mW/16919mW VDD_CPU_GPU_CV 7703mW/7964mW VDD_SOC 4047mW/3894mW
08-11-2026 23:16:27 RAM 6288/7607MB (lfb 1x2MB) SWAP 1424/16384MB (cached 136MB) CPU [8%@729,7%@729,18%@729,9%@729,0%@1344,74%@1344] GR3D_FREQ 97% cpu@62.218C soc2@61.281C soc0@62.062C gpu@63.375C tj@63.375C soc1@61C VDD_IN 16964mW/16920mW VDD_CPU_GPU_CV 7481mW/7962mW VDD_SOC 4126mW/3895mW
08-11-2026 23:16:28 RAM 6288/7607MB (lfb 1x2MB) SWAP 1424/16384MB (cached 136MB) CPU [5%@729,1%@729,2%@729,2%@729,0%@729,76%@729] GR3D_FREQ 99% cpu@62.312C soc2@61.25C soc0@62.093C gpu@62.937C tj@62.937C soc1@60.968C VDD_IN 16649mW/16919mW VDD_CPU_GPU_CV 7402mW/7960mW VDD_SOC 4047mW/3896mW
08-11-2026 23:16:29 RAM 6289/7607MB (lfb 1x2MB) SWAP 1424/16384MB (cached 136MB) CPU [3%@729,3%@729,2%@729,8%@729,0%@729,81%@729] GR3D_FREQ 59% cpu@62.125C soc2@61.312C soc0@62C gpu@63.218C tj@63.218C soc1@60.906C VDD_IN 16531mW/16917mW VDD_CPU_GPU_CV 7716mW/7959mW VDD_SOC 3851mW/3896mW
08-11-2026 23:16:30 RAM 6289/7607MB (lfb 1x2MB) SWAP 1424/16384MB (cached 136MB) CPU [6%@729,1%@729,3%@729,1%@729,0%@729,84%@729] GR3D_FREQ 98% cpu@62.156C soc2@61.281C soc0@62C gpu@63.593C tj@63.593C soc1@61C VDD_IN 17526mW/16919mW VDD_CPU_GPU_CV 8485mW/7961mW VDD_SOC 3962mW/3896mW
08-11-2026 23:16:31 RAM 6290/7607MB (lfb 1x2MB) SWAP 1424/16384MB (cached 136MB) CPU [1%@729,2%@729,5%@729,2%@729,0%@1344,85%@1344] GR3D_FREQ 97% cpu@62.531C soc2@61.375C soc0@62.062C gpu@63.625C tj@63.625C soc1@61.093C VDD_IN 17683mW/16922mW VDD_CPU_GPU_CV 8759mW/7964mW VDD_SOC 3883mW/3896mW
08-11-2026 23:16:32 RAM 6289/7607MB (lfb 1x2MB) SWAP 1424/16384MB (cached 136MB) CPU [29%@729,26%@729,27%@729,24%@729,19%@1344,76%@1344] GR3D_FREQ 99% cpu@62.281C soc2@61.5C soc0@62.156C gpu@63.875C tj@63.875C soc1@60.968C VDD_IN 18203mW/16927mW VDD_CPU_GPU_CV 9213mW/7969mW VDD_SOC 3955mW/3896mW
08-11-2026 23:16:33 RAM 6289/7607MB (lfb 1x2MB) SWAP 1424/16384MB (cached 136MB) CPU [2%@729,0%@729,2%@729,4%@729,0%@1344,75%@1344] GR3D_FREQ 97% cpu@62.281C soc2@61.312C soc0@62.125C gpu@63.937C tj@63.937C soc1@61.031C VDD_IN 17565mW/16930mW VDD_CPU_GPU_CV 8563mW/7971mW VDD_SOC 3923mW/3896mW
08-11-2026 23:16:34 RAM 6290/7607MB (lfb 1x2MB) SWAP 1424/16384MB (cached 136MB) CPU [2%@729,2%@729,2%@729,5%@729,0%@1344,74%@1344] GR3D_FREQ 97% cpu@62.406C soc2@61.218C soc0@61.937C gpu@63.875C tj@63.875C soc1@61.062C VDD_IN 17408mW/16931mW VDD_CPU_GPU_CV 8407mW/7973mW VDD_SOC 3962mW/3896mW
08-11-2026 23:16:35 RAM 6291/7607MB (lfb 1x2MB) SWAP 1424/16384MB (cached 136MB) CPU [1%@729,2%@729,4%@729,2%@729,0%@1344,75%@1344] GR3D_FREQ 98% cpu@62.187C soc2@61.218C soc0@62.062C gpu@63.343C tj@63.343C soc1@61.093C VDD_IN 17290mW/16933mW VDD_CPU_GPU_CV 8172mW/7974mW VDD_SOC 4001mW/3897mW
08-11-2026 23:16:36 RAM 6291/7607MB (lfb 1x2MB) SWAP 1424/16384MB (cached 136MB) CPU [2%@729,2%@729,4%@729,3%@729,0%@1344,75%@1344] GR3D_FREQ 97% cpu@62.468C soc2@61.281C soc0@62.031C gpu@63.593C tj@63.593C soc1@61.156C VDD_IN 17211mW/16934mW VDD_CPU_GPU_CV 8016mW/7974mW VDD_SOC 4001mW/3897mW
08-11-2026 23:16:37 RAM 6291/7607MB (lfb 1x2MB) SWAP 1424/16384MB (cached 136MB) CPU [5%@729,1%@729,1%@729,1%@729,0%@1344,74%@1344] GR3D_FREQ 97% cpu@62.093C soc2@61.343C soc0@62.031C gpu@63.406C tj@63.406C soc1@61C VDD_IN 17003mW/16934mW VDD_CPU_GPU_CV 7703mW/7973mW VDD_SOC 4047mW/3898mW
08-11-2026 23:16:38 RAM 6296/7607MB (lfb 1x2MB) SWAP 1424/16384MB (cached 136MB) CPU [4%@729,9%@729,6%@729,20%@729,0%@1344,75%@1344] GR3D_FREQ 97% cpu@62.343C soc2@61.218C soc0@62C gpu@63.437C tj@63.437C soc1@60.937C VDD_IN 16846mW/16934mW VDD_CPU_GPU_CV 7402mW/7971mW VDD_SOC 4126mW/3899mW
08-11-2026 23:16:39 RAM 6297/7607MB (lfb 1x2MB) SWAP 1424/16384MB (cached 136MB) CPU [6%@729,1%@729,1%@729,4%@729,0%@729,75%@729] GR3D_FREQ 98% cpu@62.437C soc2@61.281C soc0@61.937C gpu@63.125C tj@63.125C soc1@61.125C VDD_IN 16452mW/16932mW VDD_CPU_GPU_CV 7520mW/7969mW VDD_SOC 3929mW/3899mW
08-11-2026 23:16:40 RAM 6297/7607MB (lfb 1x2MB) SWAP 1424/16384MB (cached 136MB) CPU [2%@729,2%@729,8%@729,3%@729,0%@806,82%@806] GR3D_FREQ 98% cpu@61.968C soc2@61.281C soc0@62.062C gpu@63.062C tj@63.062C soc1@61.218C VDD_IN 16688mW/16931mW VDD_CPU_GPU_CV 7872mW/7969mW VDD_SOC 3851mW/3899mW
08-11-2026 23:16:41 RAM 6297/7607MB (lfb 1x2MB) SWAP 1424/16384MB (cached 136MB) CPU [3%@729,1%@729,5%@729,2%@729,0%@729,85%@729] GR3D_FREQ 99% cpu@62.25C soc2@61.375C soc0@62.156C gpu@63.437C tj@63.437C soc1@60.968C VDD_IN 17683mW/16934mW VDD_CPU_GPU_CV 8641mW/7971mW VDD_SOC 3962mW/3899mW
08-11-2026 23:16:42 RAM 6296/7607MB (lfb 1x2MB) SWAP 1424/16384MB (cached 136MB) CPU [1%@729,3%@729,4%@729,1%@729,0%@1344,82%@1344] GR3D_FREQ 97% cpu@62.312C soc2@61.25C soc0@61.968C gpu@63.5C tj@63.5C soc1@61.031C VDD_IN 17643mW/16937mW VDD_CPU_GPU_CV 8720mW/7974mW VDD_SOC 3883mW/3899mW
08-11-2026 23:16:43 RAM 6298/7607MB (lfb 1x2MB) SWAP 1424/16384MB (cached 136MB) CPU [6%@729,19%@729,11%@729,3%@729,0%@1344,75%@1344] GR3D_FREQ 97% cpu@62.187C soc2@61.281C soc0@61.968C gpu@63.468C tj@63.468C soc1@61.125C VDD_IN 17722mW/16939mW VDD_CPU_GPU_CV 8759mW/7977mW VDD_SOC 3923mW/3899mW
08-11-2026 23:16:44 RAM 6299/7607MB (lfb 1x2MB) SWAP 1424/16384MB (cached 136MB) CPU [5%@729,2%@729,1%@729,1%@729,0%@1344,76%@1344] GR3D_FREQ 97% cpu@62.437C soc2@61.375C soc0@62.031C gpu@63.718C tj@63.718C soc1@61.156C VDD_IN 17526mW/16942mW VDD_CPU_GPU_CV 8524mW/7979mW VDD_SOC 3923mW/3899mW
08-11-2026 23:16:45 RAM 6299/7607MB (lfb 1x2MB) SWAP 1424/16384MB (cached 136MB) CPU [2%@729,4%@729,2%@729,1%@729,0%@1344,75%@1344] GR3D_FREQ 97% cpu@62.093C soc2@61.375C soc0@62.031C gpu@63.656C tj@63.656C soc1@61.156C VDD_IN 17447mW/16943mW VDD_CPU_GPU_CV 8368mW/7980mW VDD_SOC 3962mW/3899mW
08-11-2026 23:16:46 RAM 6297/7607MB (lfb 1x2MB) SWAP 1424/16384MB (cached 136MB) CPU [2%@729,3%@729,3%@729,2%@729,1%@1344,75%@1344] GR3D_FREQ 99% cpu@62.25C soc2@61.312C soc0@62.125C gpu@63.625C tj@63.625C soc1@61C VDD_IN 17329mW/16945mW VDD_CPU_GPU_CV 8172mW/7981mW VDD_SOC 4001mW/3900mW
08-11-2026 23:16:47 RAM 6297/7607MB (lfb 1x2MB) SWAP 1424/16384MB (cached 136MB) CPU [3%@729,5%@729,1%@729,1%@729,0%@1344,75%@1344] GR3D_FREQ 97% cpu@62.281C soc2@61.343C soc0@62.031C gpu@63.687C tj@63.687C soc1@61C VDD_IN 17211mW/16946mW VDD_CPU_GPU_CV 7977mW/7981mW VDD_SOC 4040mW/3900mW
08-11-2026 23:16:48 RAM 6298/7607MB (lfb 1x2MB) SWAP 1424/16384MB (cached 136MB) CPU [1%@729,2%@729,4%@729,2%@729,0%@1344,75%@1344] GR3D_FREQ 97% cpu@62.562C soc2@61.218C soc0@62.031C gpu@63.718C tj@63.718C soc1@61.093C VDD_IN 17015mW/16946mW VDD_CPU_GPU_CV 7703mW/7980mW VDD_SOC 4086mW/3901mW
08-11-2026 23:16:49 RAM 6302/7607MB (lfb 1x2MB) SWAP 1424/16384MB (cached 136MB) CPU [9%@729,16%@729,7%@729,10%@729,0%@1344,76%@1344] GR3D_FREQ 98% cpu@62.312C soc2@61.281C soc0@62.031C gpu@63.156C tj@63.156C soc1@61.093C VDD_IN 16885mW/16946mW VDD_CPU_GPU_CV 7402mW/7978mW VDD_SOC 4126mW/3902mW
08-11-2026 23:16:50 RAM 6301/7607MB (lfb 1x2MB) SWAP 1424/16384MB (cached 136MB) CPU [4%@729,1%@729,4%@729,1%@729,1%@729,75%@729] GR3D_FREQ 99% cpu@62.062C soc2@61.218C soc0@62.031C gpu@63.343C tj@63.343C soc1@61.062C VDD_IN 16491mW/16944mW VDD_CPU_GPU_CV 7637mW/7977mW VDD_SOC 3890mW/3901mW
08-11-2026 23:16:51 RAM 6302/7607MB (lfb 1x2MB) SWAP 1423/16384MB (cached 136MB) CPU [3%@729,3%@729,9%@729,2%@729,0%@729,83%@729] GR3D_FREQ 99% cpu@62.093C soc2@61.375C soc0@62.187C gpu@63.187C tj@63.187C soc1@61.062C VDD_IN 16846mW/16944mW VDD_CPU_GPU_CV 7977mW/7977mW VDD_SOC 3851mW/3901mW
08-11-2026 23:16:52 RAM 6302/7607MB (lfb 1x2MB) SWAP 1423/16384MB (cached 136MB) CPU [2%@729,6%@729,2%@729,2%@729,1%@729,85%@729] GR3D_FREQ 99% cpu@62.406C soc2@61.312C soc0@61.937C gpu@63.687C tj@63.687C soc1@61.062C VDD_IN 17643mW/16946mW VDD_CPU_GPU_CV 8705mW/7979mW VDD_SOC 3883mW/3901mW
08-11-2026 23:16:53 RAM 6302/7607MB (lfb 1x2MB) SWAP 1423/16384MB (cached 136MB) CPU [3%@729,4%@729,1%@729,3%@729,0%@1344,82%@1344] GR3D_FREQ 97% cpu@62.593C soc2@61.375C soc0@62C gpu@63.843C tj@63.843C soc1@61.125C VDD_IN 17643mW/16949mW VDD_CPU_GPU_CV 8720mW/7982mW VDD_SOC 3923mW/3901mW
08-11-2026 23:16:54 RAM 6305/7607MB (lfb 1x2MB) SWAP 1423/16384MB (cached 136MB) CPU [13%@729,10%@729,8%@729,8%@729,0%@1344,75%@1344] GR3D_FREQ 97% cpu@62.281C soc2@61.531C soc0@62C gpu@63.843C tj@63.843C soc1@61.156C VDD_IN 17761mW/16952mW VDD_CPU_GPU_CV 8784mW/7985mW VDD_SOC 3923mW/3901mW
08-11-2026 23:16:55 RAM 6304/7607MB (lfb 1x2MB) SWAP 1423/16384MB (cached 136MB) CPU [2%@729,3%@729,3%@729,2%@729,1%@1344,76%@1344] GR3D_FREQ 97% cpu@62.218C soc2@61.468C soc0@62.125C gpu@63.875C tj@63.875C soc1@61C VDD_IN 17565mW/16954mW VDD_CPU_GPU_CV 8524mW/7987mW VDD_SOC 3962mW/3902mW
08-11-2026 23:16:56 RAM 6305/7607MB (lfb 1x2MB) SWAP 1423/16384MB (cached 136MB) CPU [5%@729,2%@729,2%@729,2%@729,0%@1344,74%@1344] GR3D_FREQ 97% cpu@62.218C soc2@61.406C soc0@62C gpu@64C tj@64C soc1@61.031C VDD_IN 17447mW/16956mW VDD_CPU_GPU_CV 8368mW/7988mW VDD_SOC 3962mW/3902mW
08-11-2026 23:16:57 RAM 6305/7607MB (lfb 1x2MB) SWAP 1423/16384MB (cached 136MB) CPU [5%@729,2%@729,4%@729,2%@729,0%@1344,74%@1344] GR3D_FREQ 97% cpu@62.343C soc2@61.406C soc0@61.937C gpu@63.5C tj@63.5C soc1@61.125C VDD_IN 17250mW/16957mW VDD_CPU_GPU_CV 8133mW/7988mW VDD_SOC 4001mW/3902mW
08-11-2026 23:16:58 RAM 6306/7607MB (lfb 1x2MB) SWAP 1423/16384MB (cached 136MB) CPU [3%@729,3%@729,3%@729,2%@729,0%@1344,74%@1344] GR3D_FREQ 97% cpu@62.593C soc2@61.281C soc0@62.031C gpu@63.468C tj@63.468C soc1@61.125C VDD_IN 17133mW/16957mW VDD_CPU_GPU_CV 7938mW/7988mW VDD_SOC 4040mW/3903mW
08-11-2026 23:16:59 RAM 6307/7607MB (lfb 1x2MB) SWAP 1423/16384MB (cached 136MB) CPU [6%@729,3%@729,1%@729,2%@729,0%@1344,76%@1344] GR3D_FREQ 97% cpu@62.25C soc2@61.406C soc0@62.125C gpu@63.531C tj@63.531C soc1@60.968C VDD_IN 17093mW/16958mW VDD_CPU_GPU_CV 7742mW/7987mW VDD_SOC 4086mW/3903mW
08-11-2026 23:17:00 RAM 6308/7607MB (lfb 1x2MB) SWAP 1423/16384MB (cached 136MB) CPU [8%@729,5%@729,18%@729,9%@729,0%@1344,76%@1344] GR3D_FREQ 98% cpu@62.406C soc2@61.281C soc0@62.125C gpu@63.343C tj@63.343C soc1@61.062C VDD_IN 16846mW/16957mW VDD_CPU_GPU_CV 7324mW/7985mW VDD_SOC 4126mW/3904mW
08-11-2026 23:17:01 RAM 6306/7607MB (lfb 1x2MB) SWAP 1423/16384MB (cached 136MB) CPU [5%@729,2%@729,2%@729,2%@729,1%@729,75%@729] GR3D_FREQ 99% cpu@62.343C soc2@61.343C soc0@62.062C gpu@63.343C tj@63.656C soc1@61.031C VDD_IN 16531mW/16956mW VDD_CPU_GPU_CV 7676mW/7984mW VDD_SOC 3890mW/3904mW
08-11-2026 23:17:02 RAM 6306/7607MB (lfb 1x2MB) SWAP 1423/16384MB (cached 136MB) CPU [8%@729,4%@729,2%@729,2%@729,0%@729,84%@729] GR3D_FREQ 99% cpu@62.281C soc2@61.406C soc0@62.125C gpu@63.187C tj@63.187C soc1@61.187C VDD_IN 16936mW/16956mW VDD_CPU_GPU_CV 8094mW/7984mW VDD_SOC 3890mW/3904mW
08-11-2026 23:17:03 RAM 6307/7607MB (lfb 1x2MB) SWAP 1423/16384MB (cached 136MB) CPU [3%@1344,6%@1344,1%@1344,2%@1344,0%@1344,85%@1344] GR3D_FREQ 97% cpu@62.406C soc2@61.437C soc0@62.031C gpu@63.468C tj@63.468C soc1@61.187C VDD_IN 17643mW/16958mW VDD_CPU_GPU_CV 8720mW/7987mW VDD_SOC 3923mW/3904mW
08-11-2026 23:17:04 RAM 6307/7607MB (lfb 1x2MB) SWAP 1423/16384MB (cached 136MB) CPU [3%@729,2%@729,3%@729,4%@729,0%@1344,82%@1344] GR3D_FREQ 97% cpu@62.218C soc2@61.437C soc0@62.187C gpu@63.5C tj@63.5C soc1@61C VDD_IN 17683mW/16961mW VDD_CPU_GPU_CV 8705mW/7989mW VDD_SOC 3923mW/3904mW
08-11-2026 23:17:05 RAM 6308/7607MB (lfb 1x2MB) SWAP 1423/16384MB (cached 136MB) CPU [6%@1344,21%@1344,6%@1344,6%@1344,0%@1344,76%@1344] GR3D_FREQ 97% cpu@62.406C soc2@61.468C soc0@62C gpu@63.406C tj@63.406C soc1@61C VDD_IN 17761mW/16963mW VDD_CPU_GPU_CV 8744mW/7992mW VDD_SOC 3923mW/3904mW
08-11-2026 23:17:06 RAM 6309/7607MB (lfb 1x2MB) SWAP 1423/16384MB (cached 136MB) CPU [4%@1344,5%@1344,4%@1344,1%@1344,0%@1344,75%@1344] GR3D_FREQ 97% cpu@62.468C soc2@61.343C soc0@62.062C gpu@63.468C tj@63.468C soc1@61.062C VDD_IN 17526mW/16965mW VDD_CPU_GPU_CV 8524mW/7994mW VDD_SOC 3962mW/3904mW
08-11-2026 23:17:07 RAM 6309/7607MB (lfb 1x2MB) SWAP 1423/16384MB (cached 136MB) CPU [3%@729,3%@729,2%@729,2%@729,0%@1344,75%@1344] GR3D_FREQ 97% cpu@62.406C soc2@61.375C soc0@62.125C gpu@63.687C tj@63.687C soc1@61.187C VDD_IN 17447mW/16967mW VDD_CPU_GPU_CV 8407mW/7995mW VDD_SOC 3962mW/3905mW
08-11-2026 23:17:08 RAM 6310/7607MB (lfb 1x2MB) SWAP 1423/16384MB (cached 136MB) CPU [2%@729,4%@729,0%@729,2%@729,0%@1344,74%@1344] GR3D_FREQ 99% cpu@62.531C soc2@61.343C soc0@62.125C gpu@63.625C tj@63.625C soc1@61.156C VDD_IN 17290mW/16968mW VDD_CPU_GPU_CV 8172mW/7996mW VDD_SOC 4001mW/3905mW
08-11-2026 23:17:09 RAM 6310/7607MB (lfb 1x2MB) SWAP 1423/16384MB (cached 136MB) CPU [4%@729,4%@729,3%@729,2%@729,0%@1344,75%@1344] GR3D_FREQ 97% cpu@62.156C soc2@61.375C soc0@62.093C gpu@63.656C tj@63.656C soc1@61.093C VDD_IN 17211mW/16969mW VDD_CPU_GPU_CV 8016mW/7996mW VDD_SOC 4040mW/3905mW
08-11-2026 23:17:10 RAM 6311/7607MB (lfb 1x2MB) SWAP 1423/16384MB (cached 136MB) CPU [2%@1344,1%@1344,4%@1344,2%@1344,0%@1344,76%@1344] GR3D_FREQ 97% cpu@62.281C soc2@61.312C soc0@61.968C gpu@63.625C tj@63.625C soc1@61.031C VDD_IN 17015mW/16969mW VDD_CPU_GPU_CV 7703mW/7995mW VDD_SOC 4047mW/3906mW
08-11-2026 23:17:11 RAM 6314/7607MB (lfb 1x4MB) SWAP 1423/16384MB (cached 136MB) CPU [10%@1344,6%@1344,7%@1344,18%@1344,0%@1344,76%@1344] GR3D_FREQ 97% cpu@62.531C soc2@61.312C soc0@62.125C gpu@63.406C tj@63.406C soc1@61.156C VDD_IN 16924mW/16969mW VDD_CPU_GPU_CV 7441mW/7993mW VDD_SOC 4126mW/3907mW
08-11-2026 23:17:12 RAM 6315/7607MB (lfb 1x4MB) SWAP 1423/16384MB (cached 136MB) CPU [2%@729,5%@729,2%@729,2%@729,0%@729,75%@729] GR3D_FREQ 98% cpu@62.218C soc2@61.375C soc0@62.093C gpu@63.187C tj@63.031C soc1@61.187C VDD_IN 16570mW/16967mW VDD_CPU_GPU_CV 7598mW/7992mW VDD_SOC 3968mW/3907mW
08-11-2026 23:17:13 RAM 6315/7607MB (lfb 1x4MB) SWAP 1423/16384MB (cached 136MB) CPU [3%@1344,8%@1344,3%@1344,1%@1344,0%@729,82%@729] GR3D_FREQ 98% cpu@62.218C soc2@61.375C soc0@62.125C gpu@62.937C tj@62.937C soc1@61.031C VDD_IN 16767mW/16967mW VDD_CPU_GPU_CV 7911mW/7991mW VDD_SOC 3851mW/3907mW
08-11-2026 23:17:14 RAM 6315/7607MB (lfb 1x4MB) SWAP 1423/16384MB (cached 136MB) CPU [2%@729,5%@729,2%@729,3%@729,0%@729,85%@729] GR3D_FREQ 98% cpu@62.156C soc2@61.5C soc0@62.156C gpu@63.437C tj@63.437C soc1@61.093C VDD_IN 17683mW/16969mW VDD_CPU_GPU_CV 8681mW/7994mW VDD_SOC 3962mW/3907mW
08-11-2026 23:17:15 RAM 6315/7607MB (lfb 1x4MB) SWAP 1423/16384MB (cached 136MB) CPU [2%@729,4%@729,5%@729,1%@729,0%@1344,83%@1344] GR3D_FREQ 97% cpu@62.312C soc2@61.406C soc0@62.062C gpu@63.625C tj@63.625C soc1@61.125C VDD_IN 17683mW/16971mW VDD_CPU_GPU_CV 8759mW/7996mW VDD_SOC 3923mW/3907mW
08-11-2026 23:17:16 RAM 6316/7607MB (lfb 1x4MB) SWAP 1423/16384MB (cached 136MB) CPU [5%@729,19%@729,7%@729,6%@729,0%@1344,76%@1344] GR3D_FREQ 98% cpu@62.593C soc2@61.5C soc0@62.125C gpu@63.531C tj@63.531C soc1@61.093C VDD_IN 17761mW/16974mW VDD_CPU_GPU_CV 8759mW/7999mW VDD_SOC 3923mW/3907mW
08-11-2026 23:17:17 RAM 6317/7607MB (lfb 1x4MB) SWAP 1423/16384MB (cached 136MB) CPU [5%@729,1%@729,4%@729,2%@729,0%@1344,74%@1344] GR3D_FREQ 97% cpu@62.218C soc2@61.437C soc0@62.093C gpu@63.531C tj@63.531C soc1@61.156C VDD_IN 17526mW/16976mW VDD_CPU_GPU_CV 8524mW/8000mW VDD_SOC 3923mW/3907mW
08-11-2026 23:17:18 RAM 6317/7607MB (lfb 1x4MB) SWAP 1423/16384MB (cached 136MB) CPU [6%@729,1%@729,1%@729,1%@729,0%@1344,74%@1344] GR3D_FREQ 97% cpu@62.281C soc2@61.5C soc0@62.156C gpu@63.812C tj@63.812C soc1@61.031C VDD_IN 17486mW/16978mW VDD_CPU_GPU_CV 8368mW/8002mW VDD_SOC 3962mW/3907mW
08-11-2026 23:17:20 RAM 6316/7607MB (lfb 1x4MB) SWAP 1423/16384MB (cached 136MB) CPU [3%@729,2%@729,7%@729,2%@729,0%@1344,74%@1344] GR3D_FREQ 98% cpu@62.406C soc2@61.281C soc0@62.125C gpu@63.75C tj@63.75C soc1@61.031C VDD_IN 17290mW/16979mW VDD_CPU_GPU_CV 8172mW/8002mW VDD_SOC 4001mW/3907mW
08-11-2026 23:17:21 RAM 6317/7607MB (lfb 1x4MB) SWAP 1423/16384MB (cached 136MB) CPU [5%@729,2%@729,2%@729,2%@729,0%@1344,75%@1344] GR3D_FREQ 97% cpu@62.343C soc2@61.375C soc0@62.062C gpu@63.812C tj@63.812C soc1@61.031C VDD_IN 17211mW/16979mW VDD_CPU_GPU_CV 8016mW/8002mW VDD_SOC 4001mW/3908mW
08-11-2026 23:17:22 RAM 6317/7607MB (lfb 1x4MB) SWAP 1423/16384MB (cached 136MB) CPU [4%@729,3%@729,2%@729,3%@729,0%@1344,76%@1344] GR3D_FREQ 97% cpu@62.5C soc2@61.343C soc0@62.031C gpu@63.812C tj@63.812C soc1@61.187C VDD_IN 17093mW/16980mW VDD_CPU_GPU_CV 7742mW/8001mW VDD_SOC 4086mW/3908mW
08-11-2026 23:17:23 RAM 6318/7607MB (lfb 1x4MB) SWAP 1423/16384MB (cached 136MB) CPU [7%@729,10%@729,6%@729,17%@729,0%@1344,75%@1344] GR3D_FREQ 97% cpu@62.281C soc2@61.406C soc0@62.218C gpu@63.343C tj@63.343C soc1@61.281C VDD_IN 16806mW/16979mW VDD_CPU_GPU_CV 7324mW/7999mW VDD_SOC 4126mW/3909mW
08-11-2026 23:17:24 RAM 6319/7607MB (lfb 1x4MB) SWAP 1423/16384MB (cached 136MB) CPU [6%@729,1%@729,2%@729,3%@729,0%@729,75%@729] GR3D_FREQ 98% cpu@62.187C soc2@61.437C soc0@62.281C gpu@63.281C tj@63.281C soc1@61.156C VDD_IN 16570mW/16978mW VDD_CPU_GPU_CV 7676mW/7998mW VDD_SOC 3890mW/3909mW
08-11-2026 23:17:25 RAM 6319/7607MB (lfb 1x4MB) SWAP 1423/16384MB (cached 136MB) CPU [10%@729,1%@729,2%@729,2%@729,0%@729,83%@729] GR3D_FREQ 99% cpu@62.125C soc2@61.406C soc0@62.093C gpu@63.25C tj@63.25C soc1@61.062C VDD_IN 16964mW/16978mW VDD_CPU_GPU_CV 8016mW/7998mW VDD_SOC 3890mW/3909mW
08-11-2026 23:17:26 RAM 6319/7607MB (lfb 1x4MB) SWAP 1423/16384MB (cached 136MB) CPU [5%@729,2%@729,1%@729,2%@729,0%@1344,85%@1344] GR3D_FREQ 99% cpu@62.593C soc2@61.375C soc0@62.031C gpu@63.562C tj@63.562C soc1@61.062C VDD_IN 17604mW/16980mW VDD_CPU_GPU_CV 8681mW/8000mW VDD_SOC 3923mW/3909mW
08-11-2026 23:17:27 RAM 6319/7607MB (lfb 1x4MB) SWAP 1423/16384MB (cached 136MB) CPU [2%@729,4%@729,4%@729,2%@729,1%@1344,82%@1344] GR3D_FREQ 97% cpu@62.5C soc2@61.406C soc0@62.125C gpu@63.781C tj@63.781C soc1@61.156C VDD_IN 17683mW/16982mW VDD_CPU_GPU_CV 8759mW/8003mW VDD_SOC 3923mW/3909mW
08-11-2026 23:17:28 RAM 6318/7607MB (lfb 1x4MB) SWAP 1423/16384MB (cached 136MB) CPU [7%@729,13%@729,19%@729,4%@729,0%@1344,75%@1344] GR3D_FREQ 97% cpu@62.156C soc2@61.531C soc0@62.187C gpu@63.468C tj@63.468C soc1@61C VDD_IN 17722mW/16984mW VDD_CPU_GPU_CV 8705mW/8005mW VDD_SOC 3923mW/3909mW
08-11-2026 23:17:29 RAM 6319/7607MB (lfb 1x4MB) SWAP 1423/16384MB (cached 136MB) CPU [1%@729,5%@729,3%@729,1%@729,0%@1344,74%@1344] GR3D_FREQ 97% cpu@62.25C soc2@61.468C soc0@62.187C gpu@63.5C tj@63.5C soc1@61C VDD_IN 17486mW/16986mW VDD_CPU_GPU_CV 8446mW/8006mW VDD_SOC 3923mW/3909mW
08-11-2026 23:17:30 RAM 6320/7607MB (lfb 1x4MB) SWAP 1423/16384MB (cached 136MB) CPU [3%@729,4%@729,2%@729,2%@729,0%@1344,74%@1344] GR3D_FREQ 97% cpu@62.343C soc2@61.375C soc0@62.093C gpu@63.5C tj@63.5C soc1@61.031C VDD_IN 17368mW/16987mW VDD_CPU_GPU_CV 8368mW/8008mW VDD_SOC 3962mW/3909mW
08-11-2026 23:17:31 RAM 6320/7607MB (lfb 1x4MB) SWAP 1423/16384MB (cached 136MB) CPU [3%@729,2%@729,3%@729,3%@729,0%@1344,75%@1344] GR3D_FREQ 97% cpu@62.656C soc2@61.531C soc0@62.062C gpu@63.375C tj@63.375C soc1@61.093C VDD_IN 17172mW/16988mW VDD_CPU_GPU_CV 8055mW/8008mW VDD_SOC 4001mW/3909mW
08-11-2026 23:17:32 RAM 6321/7607MB (lfb 1x4MB) SWAP 1423/16384MB (cached 136MB) CPU [2%@729,1%@729,3%@729,4%@729,0%@1344,76%@1344] GR3D_FREQ 97% cpu@62.312C soc2@61.437C soc0@62.125C gpu@63.437C tj@63.437C soc1@61.25C VDD_IN 17133mW/16988mW VDD_CPU_GPU_CV 7899mW/8007mW VDD_SOC 4040mW/3910mW
08-11-2026 23:17:33 RAM 6321/7607MB (lfb 1x4MB) SWAP 1423/16384MB (cached 136MB) CPU [3%@729,3%@729,3%@729,2%@729,0%@1344,75%@1344] GR3D_FREQ 97% cpu@62.25C soc2@61.437C soc0@62.156C gpu@63.562C tj@63.562C soc1@61.062C VDD_IN 16975mW/16988mW VDD_CPU_GPU_CV 7676mW/8006mW VDD_SOC 4086mW/3910mW
08-11-2026 23:17:34 RAM 6319/7607MB (lfb 1x4MB) SWAP 1423/16384MB (cached 136MB) CPU [7%@729,10%@729,9%@729,14%@729,0%@1344,76%@1344] GR3D_FREQ 99% cpu@62.406C soc2@61.437C soc0@62.218C gpu@63.343C tj@63.343C soc1@61.062C VDD_IN 16885mW/16988mW VDD_CPU_GPU_CV 7324mW/8004mW VDD_SOC 4165mW/3911mW
08-11-2026 23:17:35 RAM 6319/7607MB (lfb 1x4MB) SWAP 1423/16384MB (cached 136MB) CPU [2%@729,7%@729,6%@729,2%@729,0%@729,75%@729] GR3D_FREQ 99% cpu@62.281C soc2@61.406C soc0@62.125C gpu@63.468C tj@63.468C soc1@61.093C VDD_IN 16491mW/16986mW VDD_CPU_GPU_CV 7676mW/8003mW VDD_SOC 3890mW/3911mW
08-11-2026 23:17:36 RAM 6320/7607MB (lfb 1x4MB) SWAP 1423/16384MB (cached 136MB) CPU [3%@729,2%@729,2%@729,5%@729,0%@729,84%@729] GR3D_FREQ 99% cpu@62.281C soc2@61.406C soc0@62.031C gpu@63.375C tj@63.375C soc1@61.187C VDD_IN 16924mW/16986mW VDD_CPU_GPU_CV 8094mW/8003mW VDD_SOC 3890mW/3911mW
08-11-2026 23:17:37 RAM 6320/7607MB (lfb 1x4MB) SWAP 1423/16384MB (cached 136MB) CPU [2%@729,4%@729,3%@729,3%@729,0%@729,85%@729] GR3D_FREQ 97% cpu@62.375C soc2@61.343C soc0@62.156C gpu@63.812C tj@63.812C soc1@61.125C VDD_IN 17604mW/16988mW VDD_CPU_GPU_CV 8681mW/8006mW VDD_SOC 3883mW/3911mW
08-11-2026 23:17:38 RAM 6319/7607MB (lfb 1x4MB) SWAP 1423/16384MB (cached 136MB) CPU [3%@729,2%@729,4%@729,3%@729,0%@1344,82%@1344] GR3D_FREQ 97% cpu@62.218C soc2@61.437C soc0@62.218C gpu@63.625C tj@63.625C soc1@61.062C VDD_IN 17604mW/16990mW VDD_CPU_GPU_CV 8681mW/8008mW VDD_SOC 3923mW/3911mW
08-11-2026 23:17:39 RAM 6322/7607MB (lfb 1x4MB) SWAP 1423/16384MB (cached 136MB) CPU [17%@729,7%@729,7%@729,6%@729,0%@1344,75%@1344] GR3D_FREQ 97% cpu@62.218C soc2@61.375C soc0@62.125C gpu@63.593C tj@63.593C soc1@61.031C VDD_IN 17761mW/16992mW VDD_CPU_GPU_CV 8759mW/8010mW VDD_SOC 3923mW/3911mW
08-11-2026 23:17:40 RAM 6322/7607MB (lfb 1x4MB) SWAP 1423/16384MB (cached 136MB) CPU [5%@729,1%@729,1%@729,3%@729,1%@1344,76%@1344] GR3D_FREQ 97% cpu@62.375C soc2@61.437C soc0@62.062C gpu@63.531C tj@63.531C soc1@61.156C VDD_IN 17526mW/16994mW VDD_CPU_GPU_CV 8485mW/8011mW VDD_SOC 3962mW/3911mW
08-11-2026 23:17:41 RAM 6323/7607MB (lfb 1x4MB) SWAP 1423/16384MB (cached 136MB) CPU [4%@729,3%@729,2%@729,2%@729,1%@1344,76%@1344] GR3D_FREQ 97% cpu@62.5C soc2@61.375C soc0@62.093C gpu@63.593C tj@63.593C soc1@61.187C VDD_IN 17486mW/16995mW VDD_CPU_GPU_CV 8407mW/8013mW VDD_SOC 3962mW/3911mW
08-11-2026 23:17:42 RAM 6323/7607MB (lfb 1x4MB) SWAP 1423/16384MB (cached 136MB) CPU [2%@729,2%@729,4%@729,1%@729,0%@1344,75%@1344] GR3D_FREQ 98% cpu@62.25C soc2@61.468C soc0@62.156C gpu@63.5C tj@63.5C soc1@61.281C VDD_IN 17329mW/16996mW VDD_CPU_GPU_CV 8133mW/8013mW VDD_SOC 4001mW/3912mW
08-11-2026 23:17:43 RAM 6324/7607MB (lfb 1x4MB) SWAP 1423/16384MB (cached 136MB) CPU [5%@729,2%@729,2%@729,1%@729,0%@1344,76%@1344] GR3D_FREQ 97% cpu@62.437C soc2@61.343C soc0@62.218C gpu@63.812C tj@63.812C soc1@61.031C VDD_IN 17250mW/16997mW VDD_CPU_GPU_CV 7977mW/8013mW VDD_SOC 4040mW/3912mW
08-11-2026 23:17:44 RAM 6324/7607MB (lfb 1x4MB) SWAP 1423/16384MB (cached 136MB) CPU [2%@729,3%@729,1%@729,1%@729,1%@1344,76%@1344] GR3D_FREQ 97% cpu@62.312C soc2@61.343C soc0@62.093C gpu@63.781C tj@63.781C soc1@61.093C VDD_IN 17042mW/16997mW VDD_CPU_GPU_CV 7703mW/8012mW VDD_SOC 4047mW/3912mW
08-11-2026 23:17:45 RAM 6322/7607MB (lfb 1x4MB) SWAP 1423/16384MB (cached 136MB) CPU [11%@729,12%@729,6%@729,5%@729,5%@1344,75%@1344] GR3D_FREQ 98% cpu@62.531C soc2@61.343C soc0@62.125C gpu@63.593C tj@63.593C soc1@61.156C VDD_IN 16806mW/16997mW VDD_CPU_GPU_CV 7324mW/8010mW VDD_SOC 4126mW/3913mW
08-11-2026 23:17:46 RAM 6323/7607MB (lfb 1x4MB) SWAP 1423/16384MB (cached 136MB) CPU [2%@729,4%@729,4%@729,4%@729,0%@729,75%@729] GR3D_FREQ 99% cpu@62.406C soc2@61.375C soc0@62.156C gpu@63.656C tj@63.656C soc1@61.218C VDD_IN 16531mW/16995mW VDD_CPU_GPU_CV 7637mW/8009mW VDD_SOC 3890mW/3913mW
08-11-2026 23:17:47 RAM 6323/7607MB (lfb 1x4MB) SWAP 1423/16384MB (cached 136MB) CPU [3%@729,4%@729,0%@729,0%@729,0%@729,83%@729] GR3D_FREQ 99% cpu@62.093C soc2@61.437C soc0@62.25C gpu@63.687C tj@63.687C soc1@61.125C VDD_IN 16767mW/16995mW VDD_CPU_GPU_CV 7951mW/8009mW VDD_SOC 3890mW/3913mW
08-11-2026 23:17:48 RAM 6323/7607MB (lfb 1x4MB) SWAP 1423/16384MB (cached 136MB) CPU [3%@729,2%@729,2%@729,2%@729,0%@729,85%@729] GR3D_FREQ 99% cpu@62.125C soc2@61.562C soc0@62.281C gpu@64.093C tj@64.093C soc1@61.093C VDD_IN 17604mW/16996mW VDD_CPU_GPU_CV 8720mW/8011mW VDD_SOC 3883mW/3913mW
08-11-2026 23:17:49 RAM 6324/7607MB (lfb 1x4MB) SWAP 1423/16384MB (cached 136MB) CPU [4%@729,3%@729,7%@729,1%@729,0%@1344,81%@1344] GR3D_FREQ 97% cpu@62.531C soc2@61.375C soc0@62.093C gpu@63.781C tj@63.781C soc1@61.125C VDD_IN 17643mW/16998mW VDD_CPU_GPU_CV 8705mW/8013mW VDD_SOC 3923mW/3913mW
08-11-2026 23:17:50 RAM 6324/7607MB (lfb 1x4MB) SWAP 1423/16384MB (cached 136MB) CPU [5%@729,9%@729,4%@729,18%@729,1%@1344,75%@1344] GR3D_FREQ 96% cpu@62.406C soc2@61.437C soc0@62.062C gpu@63.687C tj@63.687C soc1@61.156C VDD_IN 17683mW/17000mW VDD_CPU_GPU_CV 8759mW/8015mW VDD_SOC 3923mW/3913mW
08-11-2026 23:17:51 RAM 6325/7607MB (lfb 1x4MB) SWAP 1423/16384MB (cached 136MB) CPU [2%@729,2%@729,5%@729,1%@729,0%@1344,75%@1344] GR3D_FREQ 97% cpu@62.656C soc2@61.5C soc0@62.125C gpu@63.75C tj@63.75C soc1@61.218C VDD_IN 17526mW/17002mW VDD_CPU_GPU_CV 8485mW/8016mW VDD_SOC 3923mW/3913mW
08-11-2026 23:17:52 RAM 6325/7607MB (lfb 1x4MB) SWAP 1423/16384MB (cached 136MB) CPU [3%@729,2%@729,3%@729,3%@729,0%@1344,75%@1344] GR3D_FREQ 97% cpu@62.281C soc2@61.406C soc0@62.156C gpu@63.718C tj@63.718C soc1@61.031C VDD_IN 17447mW/17003mW VDD_CPU_GPU_CV 8368mW/8017mW VDD_SOC 3962mW/3913mW
08-11-2026 23:17:53 RAM 6324/7607MB (lfb 1x4MB) SWAP 1423/16384MB (cached 136MB) CPU [2%@729,2%@729,4%@729,1%@729,0%@1344,75%@1344] GR3D_FREQ 97% cpu@62.375C soc2@61.375C soc0@62.281C gpu@63.625C tj@63.625C soc1@61.156C VDD_IN 17250mW/17004mW VDD_CPU_GPU_CV 8133mW/8018mW VDD_SOC 4001mW/3913mW
08-11-2026 23:17:54 RAM 6325/7607MB (lfb 1x4MB) SWAP 1423/16384MB (cached 136MB) CPU [9%@729,2%@729,2%@729,2%@729,0%@1344,76%@1344] GR3D_FREQ 97% cpu@62.5C soc2@61.437C soc0@62.093C gpu@63.437C tj@63.437C soc1@61.25C VDD_IN 17172mW/17004mW VDD_CPU_GPU_CV 7938mW/8017mW VDD_SOC 4040mW/3914mW
08-11-2026 23:17:55 RAM 6325/7607MB (lfb 1x4MB) SWAP 1423/16384MB (cached 136MB) CPU [2%@729,3%@729,1%@729,2%@729,0%@1344,75%@1344] GR3D_FREQ 97% cpu@62.406C soc2@61.406C soc0@62.125C gpu@63.468C tj@63.468C soc1@61.218C VDD_IN 17054mW/17005mW VDD_CPU_GPU_CV 7703mW/8017mW VDD_SOC 4080mW/3914mW
08-11-2026 23:17:56 RAM 6327/7607MB (lfb 1x4MB) SWAP 1423/16384MB (cached 136MB) CPU [9%@729,7%@729,9%@729,14%@729,0%@1344,75%@1344] GR3D_FREQ 98% cpu@62.75C soc2@61.406C soc0@62.062C gpu@63.281C tj@63.281C soc1@61.312C VDD_IN 16846mW/17004mW VDD_CPU_GPU_CV 7324mW/8014mW VDD_SOC 4126mW/3915mW
08-11-2026 23:17:57 RAM 6327/7607MB (lfb 1x4MB) SWAP 1423/16384MB (cached 136MB) CPU [4%@729,1%@729,3%@729,2%@729,0%@729,75%@729] GR3D_FREQ 99% cpu@62.187C soc2@61.5C soc0@62.25C gpu@63.343C tj@63.343C soc1@61.312C VDD_IN 16531mW/17003mW VDD_CPU_GPU_CV 7676mW/8014mW VDD_SOC 3890mW/3915mW
08-11-2026 23:17:58 RAM 6327/7607MB (lfb 1x4MB) SWAP 1423/16384MB (cached 136MB) CPU [3%@729,4%@729,1%@729,1%@729,0%@729,84%@729] GR3D_FREQ 99% cpu@62.125C soc2@61.375C soc0@62.281C gpu@63.25C tj@63.25C soc1@61.187C VDD_IN 16885mW/17002mW VDD_CPU_GPU_CV 8016mW/8014mW VDD_SOC 3851mW/3915mW
08-11-2026 23:17:59 RAM 6328/7607MB (lfb 1x4MB) SWAP 1423/16384MB (cached 136MB) CPU [2%@729,2%@729,2%@729,2%@729,3%@883,85%@883] GR3D_FREQ 97% cpu@62.312C soc2@61.406C soc0@62.093C gpu@63.656C tj@63.656C soc1@61.156C VDD_IN 17643mW/17004mW VDD_CPU_GPU_CV 8720mW/8016mW VDD_SOC 3883mW/3914mW
08-11-2026 23:18:00 RAM 6328/7607MB (lfb 1x4MB) SWAP 1423/16384MB (cached 136MB) CPU [4%@729,1%@729,4%@729,1%@729,82%@1344,1%@1344] GR3D_FREQ 97% cpu@62.281C soc2@61.437C soc0@62.156C gpu@63.843C tj@63.843C soc1@61.218C VDD_IN 17683mW/17006mW VDD_CPU_GPU_CV 8720mW/8018mW VDD_SOC 3923mW/3914mW
08-11-2026 23:18:01 RAM 6328/7607MB (lfb 1x4MB) SWAP 1423/16384MB (cached 136MB) CPU [19%@729,8%@729,7%@729,4%@729,74%@1344,0%@1344] GR3D_FREQ 97% cpu@62.531C soc2@61.437C soc0@62.093C gpu@63.875C tj@63.875C soc1@61.312C VDD_IN 17683mW/17008mW VDD_CPU_GPU_CV 8720mW/8020mW VDD_SOC 3923mW/3915mW
08-11-2026 23:18:02 RAM 6328/7607MB (lfb 1x4MB) SWAP 1423/16384MB (cached 136MB) CPU [3%@729,3%@729,2%@729,2%@729,75%@1344,0%@1344] GR3D_FREQ 97% cpu@62.187C soc2@61.5C soc0@62.25C gpu@63.875C tj@63.875C soc1@61.312C VDD_IN 17526mW/17010mW VDD_CPU_GPU_CV 8485mW/8021mW VDD_SOC 3923mW/3915mW
08-11-2026 23:18:03 RAM 6328/7607MB (lfb 1x4MB) SWAP 1423/16384MB (cached 136MB) CPU [3%@729,4%@729,1%@729,1%@729,76%@1344,0%@1344] GR3D_FREQ 97% cpu@62.312C soc2@61.406C soc0@62.187C gpu@63.937C tj@63.937C soc1@61.125C VDD_IN 17486mW/17011mW VDD_CPU_GPU_CV 8446mW/8022mW VDD_SOC 3962mW/3915mW
08-11-2026 23:18:04 RAM 6328/7607MB (lfb 1x4MB) SWAP 1423/16384MB (cached 136MB) CPU [3%@729,8%@729,2%@729,1%@729,76%@1344,0%@1344] GR3D_FREQ 98% cpu@62.375C soc2@61.375C soc0@62.156C gpu@63.781C tj@63.781C soc1@61.187C VDD_IN 17368mW/17012mW VDD_CPU_GPU_CV 8211mW/8023mW VDD_SOC 4001mW/3915mW
08-11-2026 23:18:05 RAM 6327/7607MB (lfb 1x4MB) SWAP 1423/16384MB (cached 136MB) CPU [56%@1344,3%@1344,0%@1344,2%@1344,20%@729,0%@729] GR3D_FREQ 97% cpu@62.343C soc2@61.5C soc0@62.156C gpu@63.593C tj@63.593C soc1@61.218C VDD_IN 17250mW/17013mW VDD_CPU_GPU_CV 8055mW/8023mW VDD_SOC 4001mW/3915mW
08-11-2026 23:18:06 RAM 6328/7607MB (lfb 1x4MB) SWAP 1423/16384MB (cached 136MB) CPU [76%@1344,4%@1344,1%@1344,1%@1344,0%@729,0%@729] GR3D_FREQ 97% cpu@62.593C soc2@61.625C soc0@62.187C gpu@63.593C tj@63.593C soc1@61.312C VDD_IN 17054mW/17013mW VDD_CPU_GPU_CV 7781mW/8022mW VDD_SOC 4047mW/3916mW
08-11-2026 23:18:07 RAM 6327/7607MB (lfb 1x4MB) SWAP 1423/16384MB (cached 136MB) CPU [15%@729,14%@729,7%@729,7%@729,67%@1344,0%@1344] GR3D_FREQ 97% cpu@62.312C soc2@61.562C soc0@62.187C gpu@63.531C tj@63.531C soc1@61.25C VDD_IN 17003mW/17013mW VDD_CPU_GPU_CV 7520mW/8021mW VDD_SOC 4126mW/3916mW
08-11-2026 23:18:08 RAM 6328/7607MB (lfb 1x4MB) SWAP 1422/16384MB (cached 136MB) CPU [17%@729,2%@729,8%@729,15%@729,75%@729,0%@729] GR3D_FREQ 99% cpu@62.375C soc2@61.468C soc0@62.312C gpu@63.031C tj@63.031C soc1@61.093C VDD_IN 16688mW/17012mW VDD_CPU_GPU_CV 7520mW/8019mW VDD_SOC 4008mW/3916mW
08-11-2026 23:18:09 RAM 6329/7607MB (lfb 1x4MB) SWAP 1422/16384MB (cached 136MB) CPU [6%@729,4%@729,4%@729,2%@729,80%@729,0%@729] GR3D_FREQ 63% cpu@62.468C soc2@61.437C soc0@62.156C gpu@63.25C tj@63.25C soc1@61.218C VDD_IN 16491mW/17010mW VDD_CPU_GPU_CV 7716mW/8018mW VDD_SOC 3851mW/3916mW
08-11-2026 23:18:10 RAM 6329/7607MB (lfb 1x4MB) SWAP 1422/16384MB (cached 136MB) CPU [3%@1344,3%@1344,8%@1344,5%@1344,84%@729,2%@729] GR3D_FREQ 98% cpu@62.156C soc2@61.468C soc0@62.187C gpu@64C tj@64C soc1@61.218C VDD_IN 17565mW/17012mW VDD_CPU_GPU_CV 8563mW/8020mW VDD_SOC 3962mW/3916mW
08-11-2026 23:18:11 RAM 6330/7607MB (lfb 1x4MB) SWAP 1422/16384MB (cached 136MB) CPU [6%@729,1%@729,2%@729,2%@729,85%@1344,0%@1344] GR3D_FREQ 97% cpu@62.468C soc2@61.562C soc0@62.156C gpu@64C tj@64C soc1@61.343C VDD_IN 17683mW/17014mW VDD_CPU_GPU_CV 8759mW/8022mW VDD_SOC 3883mW/3916mW
08-11-2026 23:18:12 RAM 6333/7607MB (lfb 1x4MB) SWAP 1422/16384MB (cached 136MB) CPU [9%@729,5%@729,17%@729,6%@729,77%@1344,2%@1344] GR3D_FREQ 97% cpu@62.125C soc2@61.562C soc0@62.281C gpu@64C tj@64C soc1@61.281C VDD_IN 17761mW/17016mW VDD_CPU_GPU_CV 8744mW/8024mW VDD_SOC 3923mW/3916mW
08-11-2026 23:18:13 RAM 6333/7607MB (lfb 1x4MB) SWAP 1422/16384MB (cached 136MB) CPU [58%@1344,1%@1344,2%@1344,3%@1344,18%@729,0%@729] GR3D_FREQ 97% cpu@62.406C soc2@61.562C soc0@62.156C gpu@64.093C tj@64.093C soc1@61.156C VDD_IN 17604mW/17017mW VDD_CPU_GPU_CV 8602mW/8026mW VDD_SOC 3923mW/3916mW
08-11-2026 23:18:14 RAM 6333/7607MB (lfb 1x4MB) SWAP 1422/16384MB (cached 136MB) CPU [77%@1344,1%@1344,1%@1344,1%@1344,7%@729,1%@729] GR3D_FREQ 99% cpu@62.625C soc2@61.562C soc0@62.125C gpu@64.062C tj@64.062C soc1@61.156C VDD_IN 17565mW/17019mW VDD_CPU_GPU_CV 8485mW/8027mW VDD_SOC 3962mW/3916mW
08-11-2026 23:18:15 RAM 6333/7607MB (lfb 1x4MB) SWAP 1422/16384MB (cached 136MB) CPU [65%@729,2%@729,4%@729,1%@729,11%@1344,0%@1344] GR3D_FREQ 97% cpu@62.312C soc2@61.562C soc0@62.156C gpu@63.625C tj@63.625C soc1@61.281C VDD_IN 17447mW/17020mW VDD_CPU_GPU_CV 8368mW/8028mW VDD_SOC 3962mW/3917mW
08-11-2026 23:18:16 RAM 6334/7607MB (lfb 1x4MB) SWAP 1422/16384MB (cached 136MB) CPU [2%@1113,4%@1113,1%@1113,3%@1113,76%@1344,0%@1344] GR3D_FREQ 97% cpu@62.593C soc2@61.5C soc0@62.25C gpu@63.531C tj@63.531C soc1@61.343C VDD_IN 17290mW/17021mW VDD_CPU_GPU_CV 8172mW/8028mW VDD_SOC 4001mW/3917mW
08-11-2026 23:18:17 RAM 6333/7607MB (lfb 1x4MB) SWAP 1422/16384MB (cached 136MB) CPU [5%@1344,1%@1344,3%@1344,4%@1344,76%@1344,2%@1344] GR3D_FREQ 97% cpu@62.406C soc2@61.406C soc0@62.281C gpu@63.687C tj@63.687C soc1@61.187C VDD_IN 17290mW/17022mW VDD_CPU_GPU_CV 8055mW/8028mW VDD_SOC 4040mW/3917mW
08-11-2026 23:18:18 RAM 6335/7607MB (lfb 1x4MB) SWAP 1422/16384MB (cached 136MB) CPU [6%@729,7%@729,12%@729,5%@729,75%@1344,2%@1344] GR3D_FREQ 97% cpu@62.562C soc2@61.437C soc0@62.187C gpu@63.468C tj@63.468C soc1@61.25C VDD_IN 17015mW/17022mW VDD_CPU_GPU_CV 7676mW/8027mW VDD_SOC 4080mW/3918mW
08-11-2026 23:18:19 RAM 6336/7607MB (lfb 1x4MB) SWAP 1422/16384MB (cached 136MB) CPU [3%@729,3%@729,5%@729,1%@729,76%@1344,0%@1344] GR3D_FREQ 99% cpu@62.312C soc2@61.562C soc0@62.218C gpu@63.125C tj@63.125C soc1@61.343C VDD_IN 16806mW/17021mW VDD_CPU_GPU_CV 7246mW/8025mW VDD_SOC 4165mW/3918mW
08-11-2026 23:18:20 RAM 6336/7607MB (lfb 1x4MB) SWAP 1422/16384MB (cached 136MB) CPU [3%@1190,2%@1190,5%@1190,2%@1190,74%@729,0%@729] GR3D_FREQ 99% cpu@62.25C soc2@61.437C soc0@62.218C gpu@63.562C tj@63.562C soc1@61.25C VDD_IN 16531mW/17020mW VDD_CPU_GPU_CV 7716mW/8024mW VDD_SOC 3851mW/3918mW
08-11-2026 23:18:21 RAM 6337/7607MB (lfb 1x4MB) SWAP 1422/16384MB (cached 136MB) CPU [1%@729,0%@729,4%@729,3%@729,1%@729,85%@729] GR3D_FREQ 99% cpu@62.281C soc2@61.343C soc0@62.093C gpu@63.281C tj@63.281C soc1@61.156C VDD_IN 16846mW/17019mW VDD_CPU_GPU_CV 8055mW/8024mW VDD_SOC 3851mW/3918mW
08-11-2026 23:18:22 RAM 6337/7607MB (lfb 1x4MB) SWAP 1422/16384MB (cached 136MB) CPU [3%@729,2%@729,1%@729,2%@729,2%@806,84%@806] GR3D_FREQ 97% cpu@62.5C soc2@61.562C soc0@62.187C gpu@63.812C tj@63.812C soc1@61.25C VDD_IN 17604mW/17021mW VDD_CPU_GPU_CV 8681mW/8026mW VDD_SOC 3883mW/3918mW
08-11-2026 23:18:23 RAM 6339/7607MB (lfb 1x4MB) SWAP 1422/16384MB (cached 136MB) CPU [6%@729,18%@729,10%@729,4%@729,0%@1344,81%@1344] GR3D_FREQ 98% cpu@62.656C soc2@61.562C soc0@62.156C gpu@63.812C tj@63.812C soc1@61.25C VDD_IN 17683mW/17023mW VDD_CPU_GPU_CV 8744mW/8028mW VDD_SOC 3923mW/3918mW
08-11-2026 23:18:24 RAM 6380/7607MB (lfb 1x4MB) SWAP 1424/16384MB (cached 134MB) CPU [33%@1344,54%@1344,37%@1344,46%@1344,28%@1344,34%@1344] GR3D_FREQ 0% cpu@62.187C soc2@61C soc0@61.906C gpu@61.437C tj@62.187C soc1@60.937C VDD_IN 8996mW/17001mW VDD_CPU_GPU_CV 3055mW/8015mW VDD_SOC 2225mW/3913mW
08-11-2026 23:18:25 RAM 6467/7607MB (lfb 1x4MB) SWAP 1424/16384MB (cached 134MB) CPU [48%@1344,49%@1344,46%@1344,86%@1344,44%@729,45%@729] GR3D_FREQ 97% cpu@62.031C soc2@60.843C soc0@61.875C gpu@62.687C tj@62.687C soc1@60.937C VDD_IN 13882mW/16993mW VDD_CPU_GPU_CV 6218mW/8010mW VDD_SOC 3040mW/3911mW
08-11-2026 23:18:26 RAM 6467/7607MB (lfb 1x4MB) SWAP 1424/16384MB (cached 134MB) CPU [5%@729,2%@729,2%@729,64%@729,13%@1344,0%@1344] GR3D_FREQ 97% cpu@62.093C soc2@61.062C soc0@61.812C gpu@63.031C tj@63.031C soc1@60.968C VDD_IN 16767mW/16992mW VDD_CPU_GPU_CV 7637mW/8009mW VDD_SOC 3929mW/3911mW
08-11-2026 23:18:27 RAM 6467/7607MB (lfb 1x4MB) SWAP 1424/16384MB (cached 134MB) CPU [3%@729,1%@729,3%@729,3%@729,74%@1344,0%@1344] GR3D_FREQ 98% cpu@62.093C soc2@61.187C soc0@61.937C gpu@63.093C tj@63.093C soc1@61C VDD_IN 16767mW/16991mW VDD_CPU_GPU_CV 7441mW/8007mW VDD_SOC 4047mW/3911mW
08-11-2026 23:18:28 RAM 6470/7607MB (lfb 1x4MB) SWAP 1425/16384MB (cached 134MB) CPU [9%@729,4%@729,4%@729,5%@729,75%@1036,0%@1036] GR3D_FREQ 99% cpu@62.437C soc2@61.312C soc0@62C gpu@62.75C tj@62.75C soc1@61.062C VDD_IN 16649mW/16991mW VDD_CPU_GPU_CV 7324mW/8006mW VDD_SOC 4086mW/3912mW
08-11-2026 23:18:29 RAM 6469/7607MB (lfb 1x4MB) SWAP 1425/16384MB (cached 134MB) CPU [12%@729,3%@729,4%@729,9%@729,77%@729,0%@729] GR3D_FREQ 99% cpu@61.875C soc2@61.218C soc0@62.031C gpu@63.156C tj@63.156C soc1@61.187C VDD_IN 16491mW/16989mW VDD_CPU_GPU_CV 7755mW/8005mW VDD_SOC 3811mW/3911mW
08-11-2026 23:18:30 RAM 6469/7607MB (lfb 1x4MB) SWAP 1425/16384MB (cached 134MB) CPU [2%@729,2%@729,5%@729,1%@729,83%@729,0%@729] GR3D_FREQ 99% cpu@62.031C soc2@61.156C soc0@62.125C gpu@63.25C tj@63.25C soc1@61.031C VDD_IN 16975mW/16989mW VDD_CPU_GPU_CV 8172mW/8005mW VDD_SOC 3851mW/3911mW
08-11-2026 23:18:31 RAM 6469/7607MB (lfb 1x4MB) SWAP 1425/16384MB (cached 134MB) CPU [2%@729,2%@729,4%@729,1%@729,84%@960,1%@960] GR3D_FREQ 98% cpu@62.312C soc2@61.25C soc0@62C gpu@63.562C tj@63.562C soc1@61.031C VDD_IN 17408mW/16990mW VDD_CPU_GPU_CV 8563mW/8007mW VDD_SOC 3883mW/3911mW
08-11-2026 23:18:32 RAM 6469/7607MB (lfb 1x4MB) SWAP 1425/16384MB (cached 134MB) CPU [1%@729,3%@729,3%@729,2%@729,79%@1344,1%@1344] GR3D_FREQ 97% cpu@62.156C soc2@61.343C soc0@62C gpu@63.625C tj@63.625C soc1@61.125C VDD_IN 17447mW/16991mW VDD_CPU_GPU_CV 8563mW/8008mW VDD_SOC 3883mW/3911mW
08-11-2026 23:18:33 RAM 6469/7607MB (lfb 1x4MB) SWAP 1425/16384MB (cached 134MB) CPU [3%@729,1%@729,2%@729,3%@729,76%@1344,0%@1344] GR3D_FREQ 97% cpu@62.375C soc2@61.25C soc0@61.906C gpu@63.75C tj@63.75C soc1@61.093C VDD_IN 17486mW/16993mW VDD_CPU_GPU_CV 8563mW/8010mW VDD_SOC 3923mW/3911mW
08-11-2026 23:18:34 RAM 6471/7607MB (lfb 1x4MB) SWAP 1425/16384MB (cached 134MB) CPU [9%@729,6%@729,7%@729,17%@729,75%@1344,4%@1344] GR3D_FREQ 99% cpu@62.093C soc2@61.343C soc0@62.062C gpu@63.781C tj@63.781C soc1@61.187C VDD_IN 17565mW/16994mW VDD_CPU_GPU_CV 8524mW/8011mW VDD_SOC 3962mW/3911mW
08-11-2026 23:18:35 RAM 6471/7607MB (lfb 1x4MB) SWAP 1425/16384MB (cached 134MB) CPU [4%@729,1%@729,1%@729,4%@729,76%@1344,0%@1344] GR3D_FREQ 97% cpu@62.093C soc2@61.218C soc0@62.156C gpu@63.75C tj@63.75C soc1@61.062C VDD_IN 17329mW/16995mW VDD_CPU_GPU_CV 8329mW/8012mW VDD_SOC 3962mW/3911mW
08-11-2026 23:18:36 RAM 6471/7607MB (lfb 1x4MB) SWAP 1425/16384MB (cached 134MB) CPU [5%@729,2%@729,2%@729,2%@729,75%@1344,0%@1344] GR3D_FREQ 97% cpu@62.25C soc2@61.156C soc0@62.031C gpu@63.375C tj@63.375C soc1@60.968C VDD_IN 17172mW/16996mW VDD_CPU_GPU_CV 8094mW/8012mW VDD_SOC 3962mW/3912mW
08-11-2026 23:18:37 RAM 6471/7607MB (lfb 1x4MB) SWAP 1425/16384MB (cached 134MB) CPU [2%@729,2%@729,3%@729,2%@729,75%@1344,2%@1344] GR3D_FREQ 97% cpu@62.093C soc2@61.312C soc0@62C gpu@63.468C tj@63.468C soc1@61.156C VDD_IN 17015mW/16996mW VDD_CPU_GPU_CV 7820mW/8012mW VDD_SOC 4008mW/3912mW
08-11-2026 23:18:38 RAM 6471/7607MB (lfb 1x4MB) SWAP 1425/16384MB (cached 134MB) CPU [2%@729,2%@729,4%@729,2%@729,75%@1344,0%@1344] GR3D_FREQ 97% cpu@62.406C soc2@61.375C soc0@62.125C gpu@63.5C tj@63.5C soc1@61.125C VDD_IN 17003mW/16996mW VDD_CPU_GPU_CV 7586mW/8011mW VDD_SOC 4086mW/3912mW
08-11-2026 23:18:39 RAM 6471/7607MB (lfb 1x4MB) SWAP 1425/16384MB (cached 134MB) CPU [4%@729,5%@729,5%@729,11%@729,64%@1344,11%@1344] GR3D_FREQ 99% cpu@62.406C soc2@61.312C soc0@62.031C gpu@63C tj@63C soc1@61C VDD_IN 16767mW/16995mW VDD_CPU_GPU_CV 7246mW/8009mW VDD_SOC 4126mW/3913mW
08-11-2026 23:18:40 RAM 6472/7607MB (lfb 1x4MB) SWAP 1425/16384MB (cached 134MB) CPU [5%@729,5%@729,8%@729,7%@729,0%@729,74%@729] GR3D_FREQ 99% cpu@62.093C soc2@61.25C soc0@61.968C gpu@63.375C tj@63.375C soc1@61.062C VDD_IN 16334mW/16993mW VDD_CPU_GPU_CV 7637mW/8008mW VDD_SOC 3811mW/3913mW
08-11-2026 23:18:41 RAM 6473/7607MB (lfb 1x4MB) SWAP 1425/16384MB (cached 134MB) CPU [2%@729,2%@729,3%@729,3%@729,0%@729,83%@729] GR3D_FREQ 99% cpu@62.25C soc2@61.281C soc0@61.968C gpu@63.343C tj@63.343C soc1@60.937C VDD_IN 16767mW/16993mW VDD_CPU_GPU_CV 7990mW/8008mW VDD_SOC 3811mW/3912mW
08-11-2026 23:18:42 RAM 6472/7607MB (lfb 1x4MB) SWAP 1425/16384MB (cached 134MB) CPU [3%@729,3%@729,2%@729,1%@729,0%@1036,84%@1036] GR3D_FREQ 97% cpu@62.093C soc2@61.343C soc0@62.093C gpu@63.437C tj@63.437C soc1@61.187C VDD_IN 17486mW/16994mW VDD_CPU_GPU_CV 8602mW/8009mW VDD_SOC 3883mW/3912mW
08-11-2026 23:18:43 RAM 6472/7607MB (lfb 1x4MB) SWAP 1425/16384MB (cached 134MB) CPU [3%@729,2%@729,2%@729,4%@729,0%@1344,81%@1344] GR3D_FREQ 98% cpu@62.156C soc2@61.406C soc0@62.093C gpu@63.468C tj@63.468C soc1@61.218C VDD_IN 17565mW/16996mW VDD_CPU_GPU_CV 8641mW/8011mW VDD_SOC 3883mW/3912mW
08-11-2026 23:18:44 RAM 6472/7607MB (lfb 1x4MB) SWAP 1425/16384MB (cached 134MB) CPU [2%@729,1%@729,8%@729,1%@729,0%@1344,76%@1344] GR3D_FREQ 98% cpu@62.281C soc2@61.343C soc0@62.125C gpu@63.656C tj@63.656C soc1@61.031C VDD_IN 17526mW/16997mW VDD_CPU_GPU_CV 8563mW/8012mW VDD_SOC 3923mW/3912mW
08-11-2026 23:18:45 RAM 6472/7607MB (lfb 1x4MB) SWAP 1425/16384MB (cached 134MB) CPU [5%@729,10%@729,6%@729,18%@729,0%@1344,75%@1344] GR3D_FREQ 97% cpu@62.312C soc2@61.281C soc0@62.031C gpu@63.656C tj@63.656C soc1@61.062C VDD_IN 17565mW/16998mW VDD_CPU_GPU_CV 8524mW/8013mW VDD_SOC 3923mW/3912mW
08-11-2026 23:18:46 RAM 6472/7607MB (lfb 1x4MB) SWAP 1425/16384MB (cached 134MB) CPU [2%@729,4%@729,2%@729,2%@729,1%@1344,75%@1344] GR3D_FREQ 97% cpu@62.375C soc2@61.312C soc0@61.906C gpu@63.75C tj@63.75C soc1@61.125C VDD_IN 17368mW/16999mW VDD_CPU_GPU_CV 8329mW/8014mW VDD_SOC 3962mW/3912mW
08-11-2026 23:18:47 RAM 6472/7607MB (lfb 1x4MB) SWAP 1425/16384MB (cached 134MB) CPU [3%@729,2%@729,0%@729,1%@729,0%@1344,76%@1344] GR3D_FREQ 98% cpu@62.218C soc2@61.281C soc0@62.062C gpu@63.625C tj@63.625C soc1@61.156C VDD_IN 17250mW/17000mW VDD_CPU_GPU_CV 8133mW/8015mW VDD_SOC 4001mW/3913mW
08-11-2026 23:18:48 RAM 6472/7607MB (lfb 1x4MB) SWAP 1425/16384MB (cached 134MB) CPU [5%@729,3%@729,2%@729,1%@729,0%@1344,76%@1344] GR3D_FREQ 97% cpu@62.218C soc2@61.468C soc0@62.125C gpu@63.687C tj@63.687C soc1@60.968C VDD_IN 17133mW/17000mW VDD_CPU_GPU_CV 7977mW/8014mW VDD_SOC 4001mW/3913mW
08-11-2026 23:18:49 RAM 6472/7607MB (lfb 1x4MB) SWAP 1425/16384MB (cached 134MB) CPU [3%@729,5%@729,2%@729,1%@729,0%@1344,76%@1344] GR3D_FREQ 97% cpu@62.312C soc2@61.218C soc0@61.968C gpu@63.375C tj@63.375C soc1@61.093C VDD_IN 17054mW/17000mW VDD_CPU_GPU_CV 7742mW/8014mW VDD_SOC 4047mW/3913mW
08-11-2026 23:18:50 RAM 6472/7607MB (lfb 1x4MB) SWAP 1425/16384MB (cached 134MB) CPU [3%@806,8%@806,4%@806,11%@806,0%@1344,74%@1344] GR3D_FREQ 98% cpu@62.625C soc2@61.437C soc0@62.031C gpu@63.312C tj@63.312C soc1@61.062C VDD_IN 16857mW/17000mW VDD_CPU_GPU_CV 7402mW/8012mW VDD_SOC 4126mW/3914mW
08-11-2026 23:18:51 RAM 6473/7607MB (lfb 1x4MB) SWAP 1425/16384MB (cached 134MB) CPU [5%@729,3%@729,6%@729,9%@729,0%@729,74%@729] GR3D_FREQ 99% cpu@62.406C soc2@61.375C soc0@62.093C gpu@63C tj@63C soc1@61.187C VDD_IN 16491mW/16999mW VDD_CPU_GPU_CV 7520mW/8011mW VDD_SOC 3929mW/3914mW
08-11-2026 23:18:52 RAM 6473/7607MB (lfb 1x4MB) SWAP 1425/16384MB (cached 134MB) CPU [1%@729,0%@729,3%@729,1%@729,0%@729,82%@729] GR3D_FREQ 99% cpu@62C soc2@61.406C soc0@62.125C gpu@62.937C tj@62.937C soc1@61.281C VDD_IN 16609mW/16998mW VDD_CPU_GPU_CV 7833mW/8011mW VDD_SOC 3851mW/3914mW
08-11-2026 23:18:53 RAM 6474/7607MB (lfb 1x4MB) SWAP 1425/16384MB (cached 134MB) CPU [4%@729,2%@729,1%@729,2%@729,0%@729,84%@729] GR3D_FREQ 98% cpu@62.187C soc2@61.531C soc0@62.187C gpu@63.531C tj@63.531C soc1@61.093C VDD_IN 17643mW/16999mW VDD_CPU_GPU_CV 8588mW/8012mW VDD_SOC 4001mW/3914mW
08-11-2026 23:18:54 RAM 6474/7607MB (lfb 1x4MB) SWAP 1425/16384MB (cached 134MB) CPU [7%@729,4%@729,1%@729,1%@729,1%@1344,84%@1344] GR3D_FREQ 97% cpu@62.343C soc2@61.437C soc0@62.125C gpu@63.812C tj@63.812C soc1@61.156C VDD_IN 17643mW/17001mW VDD_CPU_GPU_CV 8720mW/8014mW VDD_SOC 3883mW/3914mW
08-11-2026 23:18:55 RAM 6473/7607MB (lfb 1x4MB) SWAP 1425/16384MB (cached 134MB) CPU [1%@729,4%@729,1%@729,1%@729,0%@1344,75%@1344] GR3D_FREQ 99% cpu@62.531C soc2@61.406C soc0@62.125C gpu@63.812C tj@63.812C soc1@61.187C VDD_IN 17526mW/17002mW VDD_CPU_GPU_CV 8602mW/8015mW VDD_SOC 3923mW/3914mW
08-11-2026 23:18:56 RAM 6473/7607MB (lfb 1x4MB) SWAP 1425/16384MB (cached 134MB) CPU [9%@729,7%@729,4%@729,18%@729,0%@1344,75%@1344] GR3D_FREQ 97% cpu@62.468C soc2@61.406C soc0@62.062C gpu@63.875C tj@63.875C soc1@61.125C VDD_IN 17565mW/17004mW VDD_CPU_GPU_CV 8563mW/8017mW VDD_SOC 3923mW/3914mW
08-11-2026 23:18:57 RAM 6473/7607MB (lfb 1x4MB) SWAP 1425/16384MB (cached 134MB) CPU [6%@729,3%@729,2%@729,3%@729,1%@1344,75%@1344] GR3D_FREQ 97% cpu@62.187C soc2@61.406C soc0@62.187C gpu@63.937C tj@63.937C soc1@61.312C VDD_IN 17408mW/17005mW VDD_CPU_GPU_CV 8407mW/8018mW VDD_SOC 3923mW/3914mW
08-11-2026 23:18:58 RAM 6473/7607MB (lfb 1x4MB) SWAP 1425/16384MB (cached 134MB) CPU [2%@729,2%@729,0%@729,1%@729,3%@1344,76%@1344] GR3D_FREQ 99% cpu@62.343C soc2@61.312C soc0@62.218C gpu@63.906C tj@63.906C soc1@61.156C VDD_IN 17329mW/17005mW VDD_CPU_GPU_CV 8172mW/8018mW VDD_SOC 3962mW/3914mW
08-11-2026 23:18:59 RAM 6473/7607MB (lfb 1x4MB) SWAP 1425/16384MB (cached 134MB) CPU [2%@729,3%@729,2%@729,3%@729,0%@1344,76%@1344] GR3D_FREQ 97% cpu@62.437C soc2@61.375C soc0@62.093C gpu@63.593C tj@63.593C soc1@61.093C VDD_IN 17250mW/17006mW VDD_CPU_GPU_CV 8055mW/8018mW VDD_SOC 4001mW/3914mW
08-11-2026 23:19:00 RAM 6473/7607MB (lfb 1x4MB) SWAP 1425/16384MB (cached 134MB) CPU [2%@729,3%@729,1%@729,2%@729,0%@1344,75%@1344] GR3D_FREQ 97% cpu@62.562C soc2@61.375C soc0@62.093C gpu@63.531C tj@63.531C soc1@61.25C VDD_IN 16897mW/17006mW VDD_CPU_GPU_CV 7703mW/8017mW VDD_SOC 4047mW/3914mW
08-11-2026 23:19:01 RAM 6471/7607MB (lfb 1x4MB) SWAP 1425/16384MB (cached 134MB) CPU [3%@1036,18%@1036,8%@1036,5%@1036,0%@1344,74%@1344] GR3D_FREQ 97% cpu@62.312C soc2@61.375C soc0@62.187C gpu@63.437C tj@63.437C soc1@61.25C VDD_IN 16964mW/17006mW VDD_CPU_GPU_CV 7520mW/8016mW VDD_SOC 4126mW/3915mW
08-11-2026 23:19:02 RAM 6472/7607MB (lfb 1x4MB) SWAP 1425/16384MB (cached 134MB) CPU [5%@729,5%@729,3%@729,2%@729,0%@729,74%@729] GR3D_FREQ 99% cpu@62.375C soc2@61.5C soc0@62.281C gpu@63.093C tj@63.093C soc1@61.125C VDD_IN 16452mW/17004mW VDD_CPU_GPU_CV 7441mW/8015mW VDD_SOC 3968mW/3915mW
08-11-2026 23:19:03 RAM 6472/7607MB (lfb 1x4MB) SWAP 1425/16384MB (cached 134MB) CPU [3%@729,4%@729,2%@729,1%@729,1%@729,82%@729] GR3D_FREQ 99% cpu@62.125C soc2@61.406C soc0@62.125C gpu@63.343C tj@63.343C soc1@61.156C VDD_IN 16570mW/17003mW VDD_CPU_GPU_CV 7794mW/8014mW VDD_SOC 3811mW/3915mW
08-11-2026 23:19:04 RAM 6472/7607MB (lfb 1x4MB) SWAP 1425/16384MB (cached 134MB) CPU [3%@729,5%@729,6%@729,2%@729,0%@1344,85%@1344] GR3D_FREQ 98% cpu@62.375C soc2@61.375C soc0@62.125C gpu@64.062C tj@64.062C soc1@61.218C VDD_IN 17643mW/17005mW VDD_CPU_GPU_CV 8602mW/8016mW VDD_SOC 3962mW/3915mW
08-11-2026 23:19:05 RAM 6472/7607MB (lfb 1x4MB) SWAP 1425/16384MB (cached 134MB) CPU [3%@729,3%@729,2%@729,2%@729,0%@1344,83%@1344] GR3D_FREQ 97% cpu@62.593C soc2@61.437C soc0@62.218C gpu@64.062C tj@64.062C soc1@61.218C VDD_IN 17604mW/17006mW VDD_CPU_GPU_CV 8666mW/8017mW VDD_SOC 3883mW/3915mW
08-11-2026 23:19:06 RAM 6472/7607MB (lfb 1x4MB) SWAP 1425/16384MB (cached 134MB) CPU [2%@729,2%@729,2%@729,5%@729,0%@1344,75%@1344] GR3D_FREQ 97% cpu@62.375C soc2@61.531C soc0@62.187C gpu@64.062C tj@64.062C soc1@61.25C VDD_IN 17486mW/17007mW VDD_CPU_GPU_CV 8524mW/8018mW VDD_SOC 3923mW/3915mW
08-11-2026 23:19:07 RAM 6473/7607MB (lfb 1x4MB) SWAP 1425/16384MB (cached 134MB) CPU [11%@729,17%@729,4%@729,9%@729,0%@1344,75%@1344] GR3D_FREQ 97% cpu@62.5C soc2@61.5C soc0@62.25C gpu@63.593C tj@63.593C soc1@61.062C VDD_IN 17526mW/17009mW VDD_CPU_GPU_CV 8563mW/8020mW VDD_SOC 3923mW/3915mW
08-11-2026 23:19:08 RAM 6473/7607MB (lfb 1x4MB) SWAP 1425/16384MB (cached 134MB) CPU [1%@729,3%@729,2%@729,2%@729,0%@1344,75%@1344] GR3D_FREQ 97% cpu@62.562C soc2@61.406C soc0@62.125C gpu@63.781C tj@63.781C soc1@61.187C VDD_IN 17368mW/17010mW VDD_CPU_GPU_CV 8368mW/8020mW VDD_SOC 3923mW/3915mW
08-11-2026 23:19:09 RAM 6473/7607MB (lfb 1x4MB) SWAP 1425/16384MB (cached 134MB) CPU [3%@729,4%@729,2%@729,3%@729,0%@1344,75%@1344] GR3D_FREQ 98% cpu@62.437C soc2@61.5C soc0@62.125C gpu@63.656C tj@63.656C soc1@61.281C VDD_IN 17211mW/17010mW VDD_CPU_GPU_CV 8133mW/8021mW VDD_SOC 4001mW/3915mW
08-11-2026 23:19:10 RAM 6473/7607MB (lfb 1x4MB) SWAP 1425/16384MB (cached 134MB) CPU [1%@729,2%@729,4%@729,3%@729,0%@1344,75%@1344] GR3D_FREQ 97% cpu@62.687C soc2@61.375C soc0@62.156C gpu@63.718C tj@63.718C soc1@61.281C VDD_IN 17093mW/17010mW VDD_CPU_GPU_CV 7899mW/8020mW VDD_SOC 4008mW/3915mW
08-11-2026 23:19:11 RAM 6473/7607MB (lfb 1x4MB) SWAP 1425/16384MB (cached 134MB) CPU [1%@729,1%@729,1%@729,5%@729,0%@1344,75%@1344] GR3D_FREQ 97% cpu@62.312C soc2@61.437C soc0@62.281C gpu@63.781C tj@63.781C soc1@61.093C VDD_IN 16897mW/17010mW VDD_CPU_GPU_CV 7625mW/8019mW VDD_SOC 4047mW/3916mW
08-11-2026 23:19:12 RAM 6474/7607MB (lfb 1x4MB) SWAP 1425/16384MB (cached 134MB) CPU [8%@1267,5%@1267,6%@1267,17%@1267,1%@1344,73%@1344] GR3D_FREQ 99% cpu@62.625C soc2@61.562C soc0@62.187C gpu@63.343C tj@63.281C soc1@61.187C VDD_IN 16806mW/17009mW VDD_CPU_GPU_CV 7324mW/8018mW VDD_SOC 4126mW/3916mW
08-11-2026 23:19:13 RAM 6474/7607MB (lfb 1x4MB) SWAP 1425/16384MB (cached 134MB) CPU [4%@729,4%@729,3%@729,1%@729,0%@729,76%@729] GR3D_FREQ 99% cpu@62.437C soc2@61.312C soc0@62.187C gpu@63.375C tj@63.375C soc1@61.218C VDD_IN 16413mW/17008mW VDD_CPU_GPU_CV 7716mW/8017mW VDD_SOC 3851mW/3916mW
08-11-2026 23:19:14 RAM 6474/7607MB (lfb 1x4MB) SWAP 1425/16384MB (cached 134MB) CPU [4%@729,4%@729,2%@729,1%@729,0%@729,84%@729] GR3D_FREQ 99% cpu@62.218C soc2@61.468C soc0@62.25C gpu@63.125C tj@63.125C soc1@61.343C VDD_IN 16818mW/17008mW VDD_CPU_GPU_CV 8068mW/8017mW VDD_SOC 3851mW/3916mW
08-11-2026 23:19:15 RAM 6474/7607MB (lfb 1x4MB) SWAP 1425/16384MB (cached 134MB) CPU [6%@729,7%@729,2%@729,2%@729,0%@883,85%@883] GR3D_FREQ 96% cpu@62.625C soc2@61.562C soc0@62.187C gpu@63.656C tj@63.656C soc1@61.375C VDD_IN 17565mW/17009mW VDD_CPU_GPU_CV 8627mW/8019mW VDD_SOC 3883mW/3916mW
08-11-2026 23:19:16 RAM 6474/7607MB (lfb 1x4MB) SWAP 1425/16384MB (cached 134MB) CPU [6%@729,3%@729,1%@729,0%@729,0%@1344,81%@1344] GR3D_FREQ 98% cpu@62.375C soc2@61.562C soc0@62.281C gpu@63.718C tj@63.718C soc1@61.187C VDD_IN 17604mW/17010mW VDD_CPU_GPU_CV 8681mW/8020mW VDD_SOC 3923mW/3916mW
08-11-2026 23:19:17 RAM 6474/7607MB (lfb 1x4MB) SWAP 1425/16384MB (cached 134MB) CPU [5%@1344,1%@729,3%@729,1%@729,0%@1344,75%@1344] GR3D_FREQ 97% cpu@62.406C soc2@61.5C soc0@62.125C gpu@63.937C tj@63.937C soc1@61.25C VDD_IN 17526mW/17012mW VDD_CPU_GPU_CV 8602mW/8022mW VDD_SOC 3923mW/3916mW
08-11-2026 23:19:18 RAM 6474/7607MB (lfb 1x4MB) SWAP 1425/16384MB (cached 134MB) CPU [18%@729,5%@729,8%@729,3%@729,3%@1344,75%@1344] GR3D_FREQ 97% cpu@62.593C soc2@61.531C soc0@62.218C gpu@63.937C tj@63.937C soc1@61.218C VDD_IN 17486mW/17013mW VDD_CPU_GPU_CV 8485mW/8023mW VDD_SOC 3923mW/3916mW
08-11-2026 23:19:19 RAM 6474/7607MB (lfb 1x4MB) SWAP 1425/16384MB (cached 134MB) CPU [3%@729,2%@729,1%@729,5%@729,0%@1344,76%@1344] GR3D_FREQ 97% cpu@62.343C soc2@61.468C soc0@62.156C gpu@63.906C tj@63.906C soc1@61.343C VDD_IN 17329mW/17013mW VDD_CPU_GPU_CV 8329mW/8023mW VDD_SOC 3962mW/3916mW
08-11-2026 23:19:20 RAM 6474/7607MB (lfb 1x4MB) SWAP 1425/16384MB (cached 134MB) CPU [7%@729,0%@729,2%@729,4%@729,0%@1344,75%@1344] GR3D_FREQ 97% cpu@62.562C soc2@61.531C soc0@62.343C gpu@63.875C tj@63.875C soc1@61.343C VDD_IN 17211mW/17014mW VDD_CPU_GPU_CV 8133mW/8024mW VDD_SOC 3962mW/3916mW
08-11-2026 23:19:21 RAM 6474/7607MB (lfb 1x4MB) SWAP 1425/16384MB (cached 134MB) CPU [6%@729,1%@729,2%@729,2%@729,0%@1344,75%@1344] GR3D_FREQ 97% cpu@62.375C soc2@61.312C soc0@62.281C gpu@63.906C tj@63.906C soc1@61.281C VDD_IN 17054mW/17014mW VDD_CPU_GPU_CV 7859mW/8023mW VDD_SOC 4040mW/3916mW
08-11-2026 23:19:22 RAM 6474/7607MB (lfb 1x4MB) SWAP 1425/16384MB (cached 134MB) CPU [4%@729,4%@729,2%@729,3%@729,0%@1344,74%@1344] GR3D_FREQ 97% cpu@62.437C soc2@61.468C soc0@62.187C gpu@63.656C tj@63.656C soc1@61.25C VDD_IN 16885mW/17014mW VDD_CPU_GPU_CV 7559mW/8022mW VDD_SOC 4086mW/3917mW
08-11-2026 23:19:23 RAM 6474/7607MB (lfb 1x4MB) SWAP 1425/16384MB (cached 134MB) CPU [5%@729,17%@729,6%@729,8%@729,1%@1190,74%@1190] GR3D_FREQ 99% cpu@62.781C soc2@61.562C soc0@62.156C gpu@63.031C tj@63.031C soc1@61.281C VDD_IN 16806mW/17013mW VDD_CPU_GPU_CV 7324mW/8021mW VDD_SOC 4126mW/3917mW
08-11-2026 23:19:24 RAM 6474/7607MB (lfb 1x4MB) SWAP 1425/16384MB (cached 134MB) CPU [4%@729,0%@729,2%@729,1%@729,0%@729,77%@729] GR3D_FREQ 99% cpu@62.187C soc2@61.5C soc0@62.281C gpu@63.437C tj@63.437C soc1@61.312C VDD_IN 16413mW/17012mW VDD_CPU_GPU_CV 7716mW/8020mW VDD_SOC 3811mW/3917mW
08-11-2026 23:19:25 RAM 6474/7607MB (lfb 1x4MB) SWAP 1425/16384MB (cached 134MB) CPU [2%@1344,2%@1344,3%@1344,6%@1344,0%@729,84%@729] GR3D_FREQ 99% cpu@62.25C soc2@61.562C soc0@62.312C gpu@63.25C tj@63.25C soc1@61.156C VDD_IN 16975mW/17012mW VDD_CPU_GPU_CV 8133mW/8020mW VDD_SOC 3851mW/3917mW
08-11-2026 23:19:26 RAM 6473/7607MB (lfb 1x4MB) SWAP 1425/16384MB (cached 134MB) CPU [3%@729,5%@729,2%@729,5%@729,0%@1036,85%@1036] GR3D_FREQ 98% cpu@62.312C soc2@61.562C soc0@62.312C gpu@63.593C tj@63.593C soc1@61.312C VDD_IN 17486mW/17013mW VDD_CPU_GPU_CV 8602mW/8021mW VDD_SOC 3883mW/3917mW
08-11-2026 23:19:27 RAM 6473/7607MB (lfb 1x4MB) SWAP 1425/16384MB (cached 134MB) CPU [4%@1344,3%@1344,48%@1344,34%@1344,0%@729,1%@729] GR3D_FREQ 97% cpu@62.593C soc2@61.562C soc0@62.218C gpu@63.906C tj@64.156C soc1@61.218C VDD_IN 17565mW/17014mW VDD_CPU_GPU_CV 8641mW/8023mW VDD_SOC 3923mW/3917mW
08-11-2026 23:19:28 RAM 6473/7607MB (lfb 1x4MB) SWAP 1425/16384MB (cached 134MB) CPU [4%@1344,4%@1344,76%@1344,1%@1344,0%@729,0%@729] GR3D_FREQ 98% cpu@62.75C soc2@61.531C soc0@62.281C gpu@64.125C tj@64.125C soc1@61.312C VDD_IN 17526mW/17015mW VDD_CPU_GPU_CV 8563mW/8024mW VDD_SOC 3923mW/3917mW
08-11-2026 23:19:29 RAM 6473/7607MB (lfb 1x4MB) SWAP 1425/16384MB (cached 134MB) CPU [9%@1344,7%@1344,37%@1344,62%@1344,1%@729,1%@729] GR3D_FREQ 98% cpu@62.343C soc2@61.625C soc0@62.25C gpu@64.156C tj@64.156C soc1@61.375C VDD_IN 17526mW/17016mW VDD_CPU_GPU_CV 8485mW/8025mW VDD_SOC 3962mW/3917mW
08-11-2026 23:19:30 RAM 6473/7607MB (lfb 1x4MB) SWAP 1425/16384MB (cached 134MB) CPU [2%@1344,0%@1344,1%@1344,76%@1344,4%@729,1%@729] GR3D_FREQ 97% cpu@62.718C soc2@61.593C soc0@62.187C gpu@64.093C tj@64.093C soc1@61.375C VDD_IN 17329mW/17017mW VDD_CPU_GPU_CV 8290mW/8026mW VDD_SOC 3962mW/3917mW
08-11-2026 23:19:31 RAM 6472/7607MB (lfb 1x4MB) SWAP 1425/16384MB (cached 134MB) CPU [3%@1344,2%@1344,1%@1344,75%@1344,1%@729,0%@729] GR3D_FREQ 97% cpu@62.406C soc2@61.656C soc0@62.375C gpu@63.718C tj@63.718C soc1@61.281C VDD_IN 17250mW/17018mW VDD_CPU_GPU_CV 8133mW/8026mW VDD_SOC 4001mW/3917mW
08-11-2026 23:19:32 RAM 6472/7607MB (lfb 1x4MB) SWAP 1425/16384MB (cached 134MB) CPU [3%@1344,2%@1344,3%@1344,75%@1344,0%@729,1%@729] GR3D_FREQ 97% cpu@62.531C soc2@61.437C soc0@62.187C gpu@63.593C tj@63.593C soc1@61.218C VDD_IN 17054mW/17018mW VDD_CPU_GPU_CV 7820mW/8026mW VDD_SOC 4040mW/3917mW
08-11-2026 23:19:33 RAM 6472/7607MB (lfb 1x4MB) SWAP 1425/16384MB (cached 134MB) CPU [2%@1344,1%@1344,1%@1344,74%@1344,4%@729,1%@729] GR3D_FREQ 97% cpu@62.593C soc2@61.468C soc0@62.218C gpu@63.593C tj@63.593C soc1@61.312C VDD_IN 16936mW/17018mW VDD_CPU_GPU_CV 7547mW/8025mW VDD_SOC 4086mW/3918mW
08-11-2026 23:19:34 RAM 6472/7607MB (lfb 1x4MB) SWAP 1425/16384MB (cached 134MB) CPU [14%@1344,10%@1344,15%@1344,69%@1344,2%@729,0%@729] GR3D_FREQ 99% cpu@62.406C soc2@61.625C soc0@62.312C gpu@63.031C tj@63.031C soc1@61.312C VDD_IN 16806mW/17017mW VDD_CPU_GPU_CV 7363mW/8023mW VDD_SOC 4126mW/3918mW
08-11-2026 23:19:35 RAM 6473/7607MB (lfb 1x4MB) SWAP 1425/16384MB (cached 134MB) CPU [77%@729,1%@729,1%@729,5%@729,0%@729,1%@729] GR3D_FREQ 99% cpu@62.437C soc2@61.531C soc0@62.375C gpu@63.468C tj@63.468C soc1@61.5C VDD_IN 16452mW/17016mW VDD_CPU_GPU_CV 7716mW/8022mW VDD_SOC 3811mW/3918mW
08-11-2026 23:19:36 RAM 6472/7607MB (lfb 1x4MB) SWAP 1425/16384MB (cached 134MB) CPU [57%@729,4%@729,2%@729,3%@729,29%@729,0%@729] GR3D_FREQ 99% cpu@62.187C soc2@61.562C soc0@62.375C gpu@63.781C tj@63.781C soc1@61.218C VDD_IN 17211mW/17016mW VDD_CPU_GPU_CV 8290mW/8023mW VDD_SOC 3883mW/3918mW
08-11-2026 23:19:37 RAM 6472/7607MB (lfb 1x4MB) SWAP 1425/16384MB (cached 134MB) CPU [6%@729,3%@729,3%@729,5%@729,85%@1344,0%@1344] GR3D_FREQ 97% cpu@62.312C soc2@61.531C soc0@62.25C gpu@63.906C tj@63.906C soc1@61.218C VDD_IN 17604mW/17018mW VDD_CPU_GPU_CV 8681mW/8024mW VDD_SOC 3883mW/3918mW
08-11-2026 23:19:38 RAM 6474/7607MB (lfb 1x4MB) SWAP 1425/16384MB (cached 134MB) CPU [2%@729,6%@729,1%@729,5%@729,78%@1344,0%@1344] GR3D_FREQ 98% cpu@62.625C soc2@61.562C soc0@62.25C gpu@63.906C tj@63.906C soc1@61.281C VDD_IN 17604mW/17019mW VDD_CPU_GPU_CV 8641mW/8026mW VDD_SOC 3923mW/3918mW
08-11-2026 23:19:39 RAM 6473/7607MB (lfb 1x4MB) SWAP 1425/16384MB (cached 134MB) CPU [2%@729,3%@729,2%@729,4%@729,76%@1344,0%@1344] GR3D_FREQ 97% cpu@62.281C soc2@61.593C soc0@62.25C gpu@63.968C tj@63.968C soc1@61.312C VDD_IN 17526mW/17020mW VDD_CPU_GPU_CV 8563mW/8027mW VDD_SOC 3923mW/3918mW
08-11-2026 23:19:40 RAM 6473/7607MB (lfb 1x4MB) SWAP 1425/16384MB (cached 134MB) CPU [9%@729,17%@729,9%@729,3%@729,75%@1344,1%@1344] GR3D_FREQ 97% cpu@62.281C soc2@61.593C soc0@62.343C gpu@63.906C tj@63.906C soc1@61.343C VDD_IN 17486mW/17021mW VDD_CPU_GPU_CV 8407mW/8028mW VDD_SOC 3962mW/3918mW
08-11-2026 23:19:41 RAM 6473/7607MB (lfb 1x4MB) SWAP 1425/16384MB (cached 134MB) CPU [5%@729,2%@729,2%@729,2%@729,75%@1344,0%@1344] GR3D_FREQ 97% cpu@62.406C soc2@61.406C soc0@62.281C gpu@63.625C tj@63.625C soc1@61.312C VDD_IN 17329mW/17022mW VDD_CPU_GPU_CV 8211mW/8028mW VDD_SOC 3962mW/3918mW
08-11-2026 23:19:42 RAM 6473/7607MB (lfb 1x4MB) SWAP 1425/16384MB (cached 134MB) CPU [5%@729,1%@729,2%@729,3%@729,74%@1344,0%@1344] GR3D_FREQ 97% cpu@62.312C soc2@61.437C soc0@62.25C gpu@63.625C tj@63.625C soc1@61.25C VDD_IN 17290mW/17022mW VDD_CPU_GPU_CV 8094mW/8028mW VDD_SOC 4001mW/3918mW
08-11-2026 23:19:43 RAM 6474/7607MB (lfb 1x4MB) SWAP 1425/16384MB (cached 134MB) CPU [1%@1344,3%@1344,2%@1344,1%@1344,75%@1344,2%@1344] GR3D_FREQ 99% cpu@62.5C soc2@61.406C soc0@62.156C gpu@63.625C tj@63.625C soc1@61.343C VDD_IN 16975mW/17022mW VDD_CPU_GPU_CV 7742mW/8028mW VDD_SOC 4047mW/3919mW
08-11-2026 23:19:44 RAM 6474/7607MB (lfb 1x4MB) SWAP 1425/16384MB (cached 134MB) CPU [2%@729,1%@729,2%@729,3%@729,75%@1344,0%@1344] GR3D_FREQ 97% cpu@62.281C soc2@61.468C soc0@62.343C gpu@63.656C tj@63.656C soc1@61.406C VDD_IN 16885mW/17022mW VDD_CPU_GPU_CV 7481mW/8027mW VDD_SOC 4086mW/3919mW
08-11-2026 23:19:45 RAM 6473/7607MB (lfb 1x4MB) SWAP 1425/16384MB (cached 134MB) CPU [8%@729,9%@729,6%@729,17%@729,75%@806,0%@806] GR3D_FREQ 99% cpu@62.531C soc2@61.687C soc0@62.281C gpu@63.062C tj@63.062C soc1@61.281C VDD_IN 16688mW/17021mW VDD_CPU_GPU_CV 7441mW/8025mW VDD_SOC 4047mW/3919mW
08-11-2026 23:19:46 RAM 6473/7607MB (lfb 1x4MB) SWAP 1425/16384MB (cached 134MB) CPU [76%@729,1%@729,2%@729,4%@729,2%@729,0%@729] GR3D_FREQ 99% cpu@62.312C soc2@61.5C soc0@62.281C gpu@63.75C tj@63.75C soc1@61.281C VDD_IN 16491mW/17020mW VDD_CPU_GPU_CV 7716mW/8025mW VDD_SOC 3851mW/3919mW
08-11-2026 23:19:47 RAM 6473/7607MB (lfb 1x4MB) SWAP 1425/16384MB (cached 134MB) CPU [9%@729,3%@729,2%@729,6%@729,77%@729,0%@729] GR3D_FREQ 99% cpu@62.468C soc2@61.593C soc0@62.312C gpu@64.093C tj@64.093C soc1@61.312C VDD_IN 17447mW/17021mW VDD_CPU_GPU_CV 8407mW/8025mW VDD_SOC 3923mW/3919mW
08-11-2026 23:19:48 RAM 6473/7607MB (lfb 1x4MB) SWAP 1425/16384MB (cached 134MB) CPU [3%@729,7%@729,1%@729,7%@729,85%@1344,1%@1344] GR3D_FREQ 97% cpu@62.468C soc2@61.562C soc0@62.281C gpu@64.125C tj@64.125C soc1@61.312C VDD_IN 17683mW/17022mW VDD_CPU_GPU_CV 8705mW/8027mW VDD_SOC 3883mW/3919mW
08-11-2026 23:19:49 RAM 6472/7607MB (lfb 1x4MB) SWAP 1425/16384MB (cached 134MB) CPU [3%@729,5%@729,4%@729,4%@729,77%@1344,0%@1344] GR3D_FREQ 97% cpu@62.718C soc2@61.562C soc0@62.281C gpu@64.218C tj@64.218C soc1@61.375C VDD_IN 17604mW/17024mW VDD_CPU_GPU_CV 8602mW/8028mW VDD_SOC 3923mW/3919mW
08-11-2026 23:19:50 RAM 6473/7607MB (lfb 1x4MB) SWAP 1425/16384MB (cached 134MB) CPU [1%@729,3%@729,1%@729,3%@729,76%@1344,0%@1344] GR3D_FREQ 97% cpu@62.281C soc2@61.593C soc0@62.375C gpu@64.218C tj@64.218C soc1@61.281C VDD_IN 17526mW/17025mW VDD_CPU_GPU_CV 8549mW/8029mW VDD_SOC 3923mW/3919mW
08-11-2026 23:19:51 RAM 6473/7607MB (lfb 1x4MB) SWAP 1425/16384MB (cached 134MB) CPU [4%@729,8%@729,18%@729,10%@729,75%@1344,0%@1344] GR3D_FREQ 97% cpu@62.5C soc2@61.5C soc0@62.187C gpu@64.093C tj@64.093C soc1@61.281C VDD_IN 17447mW/17026mW VDD_CPU_GPU_CV 8407mW/8030mW VDD_SOC 3923mW/3919mW
08-11-2026 23:19:52 RAM 6473/7607MB (lfb 1x4MB) SWAP 1425/16384MB (cached 134MB) CPU [7%@729,3%@729,0%@729,1%@729,75%@1344,0%@1344] GR3D_FREQ 97% cpu@62.593C soc2@61.593C soc0@62.218C gpu@63.875C tj@63.875C soc1@61.343C VDD_IN 17329mW/17026mW VDD_CPU_GPU_CV 8211mW/8031mW VDD_SOC 3962mW/3919mW
08-11-2026 23:19:53 RAM 6473/7607MB (lfb 1x4MB) SWAP 1425/16384MB (cached 134MB) CPU [3%@729,1%@729,5%@729,0%@729,74%@1344,0%@1344] GR3D_FREQ 97% cpu@62.406C soc2@61.562C soc0@62.25C gpu@63.812C tj@63.812C soc1@61.343C VDD_IN 17250mW/17027mW VDD_CPU_GPU_CV 8055mW/8031mW VDD_SOC 4001mW/3919mW
08-11-2026 23:19:54 RAM 6472/7607MB (lfb 1x4MB) SWAP 1425/16384MB (cached 134MB) CPU [6%@729,1%@729,1%@729,0%@729,74%@1344,0%@1344] GR3D_FREQ 99% cpu@62.718C soc2@61.468C soc0@62.312C gpu@63.718C tj@63.718C soc1@61.437C VDD_IN 17015mW/17027mW VDD_CPU_GPU_CV 7703mW/8030mW VDD_SOC 4040mW/3920mW
08-11-2026 23:19:55 RAM 6474/7607MB (lfb 1x4MB) SWAP 1425/16384MB (cached 134MB) CPU [14%@1344,3%@1344,3%@1344,2%@1344,66%@729,0%@729] GR3D_FREQ 97% cpu@62.343C soc2@61.687C soc0@62.406C gpu@63.75C tj@63.75C soc1@61.25C VDD_IN 16846mW/17026mW VDD_CPU_GPU_CV 7441mW/8029mW VDD_SOC 4086mW/3920mW
08-11-2026 23:19:56 RAM 6473/7607MB (lfb 1x4MB) SWAP 1425/16384MB (cached 134MB) CPU [76%@729,12%@729,8%@729,10%@729,0%@729,1%@729] GR3D_FREQ 99% cpu@62.468C soc2@61.593C soc0@62.218C gpu@63.343C tj@63.343C soc1@61.343C VDD_IN 16649mW/17026mW VDD_CPU_GPU_CV 7481mW/8027mW VDD_SOC 4008mW/3920mW
08-11-2026 23:19:57 RAM 6474/7607MB (lfb 1x4MB) SWAP 1425/16384MB (cached 134MB) CPU [81%@729,3%@729,3%@729,0%@729,0%@729,0%@729] GR3D_FREQ 54% cpu@62.5C soc2@61.593C soc0@62.343C gpu@63.5C tj@63.5C soc1@61.343C VDD_IN 16452mW/17024mW VDD_CPU_GPU_CV 7716mW/8027mW VDD_SOC 3851mW/3920mW
08-11-2026 23:19:58 RAM 6474/7607MB (lfb 1x4MB) SWAP 1425/16384MB (cached 134MB) CPU [85%@729,2%@729,2%@729,4%@729,0%@729,1%@729] GR3D_FREQ 99% cpu@62.562C soc2@61.625C soc0@62.343C gpu@63.812C tj@63.812C soc1@61.406C VDD_IN 17486mW/17025mW VDD_CPU_GPU_CV 8446mW/8028mW VDD_SOC 3962mW/3920mW
08-11-2026 23:19:59 RAM 6474/7607MB (lfb 1x4MB) SWAP 1425/16384MB (cached 134MB) CPU [12%@729,8%@729,1%@729,7%@729,75%@1344,0%@1344] GR3D_FREQ 97% cpu@62.656C soc2@61.625C soc0@62.406C gpu@63.781C tj@63.781C soc1@61.468C VDD_IN 17683mW/17027mW VDD_CPU_GPU_CV 8720mW/8029mW VDD_SOC 3883mW/3920mW
08-11-2026 23:20:00 RAM 6474/7607MB (lfb 1x4MB) SWAP 1425/16384MB (cached 134MB) CPU [2%@729,5%@729,1%@729,2%@729,77%@1344,0%@1344] GR3D_FREQ 97% cpu@62.281C soc2@61.562C soc0@62.406C gpu@63.781C tj@63.781C soc1@61.312C VDD_IN 17526mW/17028mW VDD_CPU_GPU_CV 8563mW/8030mW VDD_SOC 3923mW/3920mW
08-11-2026 23:20:01 RAM 6474/7607MB (lfb 1x4MB) SWAP 1425/16384MB (cached 134MB) CPU [2%@729,6%@729,2%@729,2%@729,75%@1344,0%@1344] GR3D_FREQ 97% cpu@62.437C soc2@61.531C soc0@62.5C gpu@63.812C tj@63.812C soc1@61.312C VDD_IN 17526mW/17029mW VDD_CPU_GPU_CV 8524mW/8031mW VDD_SOC 3923mW/3920mW
08-11-2026 23:20:02 RAM 6475/7607MB (lfb 1x4MB) SWAP 1425/16384MB (cached 134MB) CPU [6%@729,17%@729,7%@729,7%@729,76%@1344,0%@1344] GR3D_FREQ 97% cpu@62.593C soc2@61.593C soc0@62.25C gpu@63.718C tj@63.718C soc1@61.343C VDD_IN 17486mW/17030mW VDD_CPU_GPU_CV 8446mW/8032mW VDD_SOC 3923mW/3920mW
08-11-2026 23:20:03 RAM 6475/7607MB (lfb 1x4MB) SWAP 1425/16384MB (cached 134MB) CPU [3%@729,4%@729,1%@729,1%@729,75%@1344,0%@1344] GR3D_FREQ 97% cpu@62.343C soc2@61.625C soc0@62.312C gpu@63.906C tj@63.906C soc1@61.468C VDD_IN 17329mW/17031mW VDD_CPU_GPU_CV 8250mW/8033mW VDD_SOC 3962mW/3920mW
08-11-2026 23:20:04 RAM 6475/7607MB (lfb 1x4MB) SWAP 1425/16384MB (cached 134MB) CPU [2%@729,6%@729,1%@729,2%@729,74%@1344,0%@1344] GR3D_FREQ 97% cpu@62.375C soc2@61.531C soc0@62.343C gpu@63.968C tj@63.968C soc1@61.281C VDD_IN 17211mW/17031mW VDD_CPU_GPU_CV 8055mW/8033mW VDD_SOC 4001mW/3920mW
08-11-2026 23:20:05 RAM 6475/7607MB (lfb 1x4MB) SWAP 1425/16384MB (cached 134MB) CPU [3%@729,4%@729,2%@729,2%@729,76%@1344,0%@1344] GR3D_FREQ 98% cpu@62.312C soc2@61.562C soc0@62.218C gpu@63.843C tj@63.843C soc1@61.281C VDD_IN 17093mW/17031mW VDD_CPU_GPU_CV 7781mW/8032mW VDD_SOC 4040mW/3921mW
08-11-2026 23:20:06 RAM 6475/7607MB (lfb 1x4MB) SWAP 1425/16384MB (cached 134MB) CPU [2%@729,4%@729,1%@729,2%@729,75%@1344,0%@1344] GR3D_FREQ 98% cpu@62.406C soc2@61.531C soc0@62.281C gpu@63.937C tj@63.937C soc1@61.375C VDD_IN 16936mW/17031mW VDD_CPU_GPU_CV 7507mW/8031mW VDD_SOC 4126mW/3921mW
08-11-2026 23:20:07 RAM 6474/7607MB (lfb 1x4MB) SWAP 1425/16384MB (cached 134MB) CPU [18%@729,8%@729,4%@729,4%@729,69%@883,8%@883] GR3D_FREQ 99% cpu@62.812C soc2@61.625C soc0@62.343C gpu@63.375C tj@63.125C soc1@61.375C VDD_IN 16728mW/17030mW VDD_CPU_GPU_CV 7402mW/8030mW VDD_SOC 4086mW/3921mW
08-11-2026 23:20:08 RAM 6474/7607MB (lfb 1x4MB) SWAP 1425/16384MB (cached 134MB) CPU [6%@729,2%@729,2%@729,1%@729,0%@729,80%@729] GR3D_FREQ 99% cpu@62.187C soc2@61.625C soc0@62.281C gpu@63.468C tj@63.468C soc1@61.406C VDD_IN 16452mW/17029mW VDD_CPU_GPU_CV 7676mW/8029mW VDD_SOC 3851mW/3921mW
08-11-2026 23:20:09 RAM 6474/7607MB (lfb 1x4MB) SWAP 1425/16384MB (cached 134MB) CPU [1%@729,3%@729,5%@729,2%@729,0%@729,84%@729] GR3D_FREQ 99% cpu@62.218C soc2@61.625C soc0@62.375C gpu@63.875C tj@63.875C soc1@61.218C VDD_IN 17447mW/17030mW VDD_CPU_GPU_CV 8446mW/8030mW VDD_SOC 3923mW/3921mW
08-11-2026 23:20:10 RAM 6473/7607MB (lfb 1x4MB) SWAP 1425/16384MB (cached 134MB) CPU [5%@729,5%@729,11%@729,6%@729,1%@1344,85%@1344] GR3D_FREQ 97% cpu@62.375C soc2@61.625C soc0@62.5C gpu@63.937C tj@63.937C soc1@61.312C VDD_IN 17683mW/17031mW VDD_CPU_GPU_CV 8744mW/8031mW VDD_SOC 3883mW/3921mW
08-11-2026 23:20:12 RAM 6474/7607MB (lfb 1x4MB) SWAP 1425/16384MB (cached 134MB) CPU [2%@729,2%@729,4%@729,2%@729,0%@1344,77%@1344] GR3D_FREQ 98% cpu@62.531C soc2@61.593C soc0@62.312C gpu@63.906C tj@63.906C soc1@61.343C VDD_IN 17565mW/17032mW VDD_CPU_GPU_CV 8641mW/8033mW VDD_SOC 3923mW/3921mW
08-11-2026 23:20:13 RAM 6474/7607MB (lfb 1x4MB) SWAP 1425/16384MB (cached 134MB) CPU [4%@729,3%@729,2%@729,1%@729,0%@1344,76%@1344] GR3D_FREQ 97% cpu@62.656C soc2@61.625C soc0@62.312C gpu@64.187C tj@64.187C soc1@61.375C VDD_IN 17565mW/17033mW VDD_CPU_GPU_CV 8602mW/8034mW VDD_SOC 3923mW/3921mW
08-11-2026 23:20:14 RAM 6475/7607MB (lfb 1x4MB) SWAP 1425/16384MB (cached 134MB) CPU [11%@729,4%@729,3%@729,18%@729,0%@1344,75%@1344] GR3D_FREQ 97% cpu@62.468C soc2@61.656C soc0@62.312C gpu@64.031C tj@64.031C soc1@61.437C VDD_IN 17447mW/17034mW VDD_CPU_GPU_CV 8446mW/8035mW VDD_SOC 3962mW/3921mW
08-11-2026 23:20:15 RAM 6475/7607MB (lfb 1x4MB) SWAP 1425/16384MB (cached 134MB) CPU [2%@729,2%@729,4%@729,1%@729,0%@1344,74%@1344] GR3D_FREQ 97% cpu@62.468C soc2@61.531C soc0@62.343C gpu@64.156C tj@64.156C soc1@61.218C VDD_IN 17329mW/17035mW VDD_CPU_GPU_CV 8250mW/8035mW VDD_SOC 3962mW/3921mW
08-11-2026 23:20:16 RAM 6475/7607MB (lfb 1x4MB) SWAP 1425/16384MB (cached 134MB) CPU [2%@1344,0%@1344,5%@1344,1%@1344,0%@1344,74%@1344] GR3D_FREQ 97% cpu@62.593C soc2@61.531C soc0@62.187C gpu@63.75C tj@63.75C soc1@61.343C VDD_IN 17290mW/17035mW VDD_CPU_GPU_CV 8094mW/8035mW VDD_SOC 4001mW/3921mW
08-11-2026 23:20:17 RAM 6475/7607MB (lfb 1x4MB) SWAP 1425/16384MB (cached 134MB) CPU [3%@729,1%@729,4%@729,3%@729,0%@1344,75%@1344] GR3D_FREQ 99% cpu@62.437C soc2@61.562C soc0@62.187C gpu@63.781C tj@63.781C soc1@61.406C VDD_IN 17054mW/17035mW VDD_CPU_GPU_CV 7781mW/8035mW VDD_SOC 4040mW/3922mW
08-11-2026 23:20:18 RAM 6475/7607MB (lfb 1x4MB) SWAP 1425/16384MB (cached 134MB) CPU [3%@729,4%@729,1%@729,2%@729,0%@1344,75%@1344] GR3D_FREQ 97% cpu@62.718C soc2@61.562C soc0@62.25C gpu@63.75C tj@63.75C soc1@61.468C VDD_IN 16975mW/17035mW VDD_CPU_GPU_CV 7559mW/8034mW VDD_SOC 4086mW/3922mW
08-11-2026 23:20:19 RAM 6474/7607MB (lfb 1x4MB) SWAP 1425/16384MB (cached 134MB) CPU [18%@729,6%@729,7%@729,6%@729,0%@883,75%@883] GR3D_FREQ 99% cpu@62.531C soc2@61.656C soc0@62.437C gpu@63.25C tj@63.25C soc1@61.343C VDD_IN 16728mW/17035mW VDD_CPU_GPU_CV 7402mW/8032mW VDD_SOC 4086mW/3922mW
08-11-2026 23:20:20 RAM 6474/7607MB (lfb 1x4MB) SWAP 1425/16384MB (cached 134MB) CPU [1%@729,2%@729,1%@729,6%@729,0%@729,80%@729] GR3D_FREQ 77% cpu@62.375C soc2@61.562C soc0@62.5C gpu@63.625C tj@63.625C soc1@61.312C VDD_IN 16452mW/17034mW VDD_CPU_GPU_CV 7716mW/8032mW VDD_SOC 3851mW/3922mW
08-11-2026 23:20:21 RAM 6474/7607MB (lfb 1x4MB) SWAP 1425/16384MB (cached 134MB) CPU [5%@729,1%@729,2%@729,2%@729,0%@729,84%@729] GR3D_FREQ 98% cpu@62.468C soc2@61.531C soc0@62.343C gpu@64.218C tj@64.218C soc1@61.343C VDD_IN 17329mW/17034mW VDD_CPU_GPU_CV 8368mW/8032mW VDD_SOC 3923mW/3922mW
08-11-2026 23:20:22 RAM 6475/7607MB (lfb 1x4MB) SWAP 1425/16384MB (cached 134MB) CPU [7%@729,2%@729,4%@729,2%@729,0%@1344,85%@1344] GR3D_FREQ 97% cpu@62.687C soc2@61.593C soc0@62.437C gpu@63.812C tj@63.812C soc1@61.375C VDD_IN 17604mW/17035mW VDD_CPU_GPU_CV 8720mW/8034mW VDD_SOC 3883mW/3922mW
08-11-2026 23:20:23 RAM 6474/7607MB (lfb 1x4MB) SWAP 1425/16384MB (cached 134MB) CPU [4%@729,2%@729,3%@729,2%@729,1%@1344,79%@1344] GR3D_FREQ 98% cpu@62.468C soc2@61.625C soc0@62.375C gpu@63.812C tj@64.031C soc1@61.25C VDD_IN 17604mW/17036mW VDD_CPU_GPU_CV 8627mW/8035mW VDD_SOC 3923mW/3922mW
08-11-2026 23:20:24 RAM 6474/7607MB (lfb 1x4MB) SWAP 1425/16384MB (cached 134MB) CPU [2%@1344,4%@1344,4%@1344,3%@1344,0%@1344,75%@1344] GR3D_FREQ 97% cpu@62.593C soc2@61.562C soc0@62.343C gpu@63.968C tj@63.968C soc1@61.312C VDD_IN 17604mW/17038mW VDD_CPU_GPU_CV 8641mW/8036mW VDD_SOC 3923mW/3922mW
08-11-2026 23:20:25 RAM 6477/7607MB (lfb 1x4MB) SWAP 1425/16384MB (cached 134MB) CPU [6%@729,3%@729,8%@729,16%@729,1%@1344,74%@1344] GR3D_FREQ 99% cpu@62.75C soc2@61.593C soc0@62.343C gpu@63.937C tj@63.937C soc1@61.343C VDD_IN 17486mW/17039mW VDD_CPU_GPU_CV 8485mW/8037mW VDD_SOC 3962mW/3922mW
08-11-2026 23:20:26 RAM 6476/7607MB (lfb 1x4MB) SWAP 1425/16384MB (cached 134MB) CPU [5%@729,3%@729,2%@729,2%@729,0%@1344,75%@1344] GR3D_FREQ 97% cpu@62.593C soc2@61.625C soc0@62.343C gpu@64C tj@64C soc1@61.343C VDD_IN 17447mW/17039mW VDD_CPU_GPU_CV 8329mW/8038mW VDD_SOC 3962mW/3922mW
08-11-2026 23:20:27 RAM 6476/7607MB (lfb 1x4MB) SWAP 1425/16384MB (cached 134MB) CPU [2%@729,1%@729,6%@729,1%@729,0%@1344,76%@1344] GR3D_FREQ 97% cpu@62.843C soc2@61.625C soc0@62.406C gpu@64.062C tj@64.062C soc1@61.437C VDD_IN 17329mW/17040mW VDD_CPU_GPU_CV 8133mW/8038mW VDD_SOC 4001mW/3922mW
08-11-2026 23:20:28 RAM 6477/7607MB (lfb 1x4MB) SWAP 1425/16384MB (cached 134MB) CPU [3%@729,2%@729,6%@729,2%@729,0%@1344,74%@1344] GR3D_FREQ 98% cpu@62.531C soc2@61.687C soc0@62.5C gpu@63.968C tj@63.968C soc1@61.343C VDD_IN 17093mW/17040mW VDD_CPU_GPU_CV 7820mW/8038mW VDD_SOC 4047mW/3923mW
08-11-2026 23:20:29 RAM 6477/7607MB (lfb 1x4MB) SWAP 1425/16384MB (cached 134MB) CPU [7%@729,2%@729,1%@729,1%@729,0%@1344,75%@1344] GR3D_FREQ 97% cpu@62.625C soc2@61.593C soc0@62.312C gpu@63.781C tj@63.781C soc1@61.343C VDD_IN 16936mW/17040mW VDD_CPU_GPU_CV 7598mW/8037mW VDD_SOC 4086mW/3923mW
08-11-2026 23:20:30 RAM 6475/7607MB (lfb 1x4MB) SWAP 1425/16384MB (cached 134MB) CPU [10%@729,18%@729,5%@729,6%@729,0%@1113,74%@1113] GR3D_FREQ 99% cpu@63C soc2@61.625C soc0@62.375C gpu@63.218C tj@63.218C soc1@61.343C VDD_IN 16767mW/17039mW VDD_CPU_GPU_CV 7285mW/8035mW VDD_SOC 4126mW/3923mW
08-11-2026 23:20:31 RAM 6475/7607MB (lfb 1x4MB) SWAP 1425/16384MB (cached 134MB) CPU [4%@729,1%@729,2%@729,1%@729,0%@729,77%@729] GR3D_FREQ 99% cpu@62.531C soc2@61.625C soc0@62.343C gpu@63.625C tj@63.625C soc1@61.375C VDD_IN 16413mW/17038mW VDD_CPU_GPU_CV 7676mW/8034mW VDD_SOC 3811mW/3923mW
08-11-2026 23:20:32 RAM 6475/7607MB (lfb 1x4MB) SWAP 1425/16384MB (cached 134MB) CPU [3%@729,4%@729,2%@729,3%@729,0%@729,84%@729] GR3D_FREQ 99% cpu@62.593C soc2@61.656C soc0@62.437C gpu@63.718C tj@63.718C soc1@61.468C VDD_IN 17250mW/17038mW VDD_CPU_GPU_CV 8329mW/8035mW VDD_SOC 3923mW/3923mW
08-11-2026 23:20:33 RAM 6475/7607MB (lfb 1x4MB) SWAP 1425/16384MB (cached 134MB) CPU [2%@729,3%@729,7%@729,4%@729,0%@1344,85%@1344] GR3D_FREQ 96% cpu@62.375C soc2@61.718C soc0@62.5C gpu@63.812C tj@63.812C soc1@61.343C VDD_IN 17604mW/17040mW VDD_CPU_GPU_CV 8720mW/8036mW VDD_SOC 3883mW/3923mW
08-11-2026 23:20:34 RAM 6475/7607MB (lfb 1x4MB) SWAP 1425/16384MB (cached 134MB) CPU [3%@729,2%@729,2%@729,4%@729,0%@1344,78%@1344] GR3D_FREQ 97% cpu@62.593C soc2@61.625C soc0@62.406C gpu@64.156C tj@64.156C soc1@61.343C VDD_IN 17604mW/17041mW VDD_CPU_GPU_CV 8641mW/8038mW VDD_SOC 3923mW/3923mW
08-11-2026 23:20:35 RAM 6474/7607MB (lfb 1x4MB) SWAP 1425/16384MB (cached 134MB) CPU [6%@729,4%@729,2%@729,6%@1344,0%@1344,74%@1344] GR3D_FREQ 97% cpu@62.937C soc2@61.687C soc0@62.343C gpu@64.125C tj@64.125C soc1@61.437C VDD_IN 17643mW/17042mW VDD_CPU_GPU_CV 8681mW/8039mW VDD_SOC 3923mW/3923mW
08-11-2026 23:20:36 RAM 6475/7607MB (lfb 1x4MB) SWAP 1425/16384MB (cached 134MB) CPU [7%@729,2%@729,16%@729,5%@729,0%@1344,74%@1344] GR3D_FREQ 97% cpu@62.593C soc2@61.625C soc0@62.375C gpu@64.125C tj@64.125C soc1@61.468C VDD_IN 17447mW/17043mW VDD_CPU_GPU_CV 8368mW/8040mW VDD_SOC 3962mW/3923mW
08-11-2026 23:20:37 RAM 6475/7607MB (lfb 1x4MB) SWAP 1425/16384MB (cached 134MB) CPU [3%@729,4%@729,1%@729,3%@729,0%@1344,74%@1344] GR3D_FREQ 97% cpu@62.968C soc2@61.687C soc0@62.468C gpu@64.125C tj@64.125C soc1@61.468C VDD_IN 17368mW/17043mW VDD_CPU_GPU_CV 8250mW/8040mW VDD_SOC 3962mW/3923mW
08-11-2026 23:20:38 RAM 6475/7607MB (lfb 1x4MB) SWAP 1425/16384MB (cached 134MB) CPU [3%@729,4%@729,2%@729,2%@729,0%@1344,76%@1344] GR3D_FREQ 97% cpu@62.5C soc2@61.656C soc0@62.281C gpu@64.187C tj@64.187C soc1@61.343C VDD_IN 17290mW/17044mW VDD_CPU_GPU_CV 8094mW/8040mW VDD_SOC 4001mW/3923mW
08-11-2026 23:20:39 RAM 6475/7607MB (lfb 1x4MB) SWAP 1425/16384MB (cached 134MB) CPU [1%@729,1%@729,3%@729,3%@729,0%@1344,75%@1344] GR3D_FREQ 98% cpu@62.656C soc2@61.625C soc0@62.343C gpu@63.906C tj@63.906C soc1@61.406C VDD_IN 17015mW/17044mW VDD_CPU_GPU_CV 7781mW/8040mW VDD_SOC 4047mW/3924mW
08-11-2026 23:20:40 RAM 6475/7607MB (lfb 1x4MB) SWAP 1425/16384MB (cached 134MB) CPU [3%@729,2%@729,5%@729,4%@729,0%@1344,75%@1344] GR3D_FREQ 97% cpu@62.781C soc2@61.625C soc0@62.375C gpu@63.781C tj@63.781C soc1@61.375C VDD_IN 16846mW/17043mW VDD_CPU_GPU_CV 7441mW/8038mW VDD_SOC 4086mW/3924mW
08-11-2026 23:20:41 RAM 6475/7607MB (lfb 1x4MB) SWAP 1425/16384MB (cached 134MB) CPU [6%@729,18%@729,9%@729,3%@729,0%@729,75%@729] GR3D_FREQ 99% cpu@62.562C soc2@61.656C soc0@62.406C gpu@63.25C tj@63.25C soc1@61.5C VDD_IN 16688mW/17043mW VDD_CPU_GPU_CV 7481mW/8037mW VDD_SOC 4047mW/3924mW
08-11-2026 23:20:42 RAM 6476/7607MB (lfb 1x4MB) SWAP 1425/16384MB (cached 134MB) CPU [2%@729,2%@729,4%@729,2%@729,0%@729,81%@729] GR3D_FREQ 65% cpu@62.312C soc2@61.625C soc0@62.531C gpu@63.5C tj@63.5C soc1@61.468C VDD_IN 16570mW/17042mW VDD_CPU_GPU_CV 7755mW/8037mW VDD_SOC 3851mW/3924mW
08-11-2026 23:20:43 RAM 6476/7607MB (lfb 1x4MB) SWAP 1425/16384MB (cached 134MB) CPU [3%@729,1%@729,1%@729,9%@729,0%@729,84%@729] GR3D_FREQ 98% cpu@62.5C soc2@61.625C soc0@62.5C gpu@63.906C tj@63.906C soc1@61.343C VDD_IN 17565mW/17043mW VDD_CPU_GPU_CV 8485mW/8038mW VDD_SOC 3962mW/3924mW
08-11-2026 23:20:44 RAM 6476/7607MB (lfb 1x4MB) SWAP 1425/16384MB (cached 134MB) CPU [3%@729,2%@729,1%@729,5%@729,0%@1344,86%@1344] GR3D_FREQ 97% cpu@62.593C soc2@61.687C soc0@62.406C gpu@64.25C tj@64.25C soc1@61.375C VDD_IN 17643mW/17044mW VDD_CPU_GPU_CV 8705mW/8039mW VDD_SOC 3883mW/3924mW
08-11-2026 23:20:45 RAM 6476/7607MB (lfb 1x4MB) SWAP 1425/16384MB (cached 134MB) CPU [2%@729,1%@729,4%@729,2%@729,0%@1344,75%@1344] GR3D_FREQ 99% cpu@62.812C soc2@61.625C soc0@62.5C gpu@64.25C tj@64.25C soc1@61.406C VDD_IN 17526mW/17045mW VDD_CPU_GPU_CV 8602mW/8040mW VDD_SOC 3923mW/3924mW
08-11-2026 23:20:46 RAM 6474/7607MB (lfb 1x4MB) SWAP 1425/16384MB (cached 134MB) CPU [3%@806,13%@806,6%@806,7%@806,0%@1344,75%@1344] GR3D_FREQ 97% cpu@62.5C soc2@61.718C soc0@62.437C gpu@63.812C tj@63.812C soc1@61.5C VDD_IN 17722mW/17046mW VDD_CPU_GPU_CV 8666mW/8041mW VDD_SOC 3923mW/3924mW
08-11-2026 23:20:47 RAM 6476/7607MB (lfb 1x4MB) SWAP 1425/16384MB (cached 134MB) CPU [5%@729,7%@729,5%@729,5%@729,0%@1344,74%@1344] GR3D_FREQ 97% cpu@62.5C soc2@61.625C soc0@62.406C gpu@63.843C tj@63.843C soc1@61.343C VDD_IN 17486mW/17047mW VDD_CPU_GPU_CV 8446mW/8042mW VDD_SOC 3962mW/3924mW
08-11-2026 23:20:48 RAM 6476/7607MB (lfb 1x4MB) SWAP 1425/16384MB (cached 134MB) CPU [1%@729,1%@729,5%@729,3%@729,0%@1344,75%@1344] GR3D_FREQ 98% cpu@62.656C soc2@61.625C soc0@62.25C gpu@63.812C tj@63.812C soc1@61.406C VDD_IN 17329mW/17048mW VDD_CPU_GPU_CV 8211mW/8042mW VDD_SOC 4001mW/3924mW
08-11-2026 23:20:49 RAM 6476/7607MB (lfb 1x4MB) SWAP 1425/16384MB (cached 134MB) CPU [4%@729,2%@729,4%@729,6%@729,0%@1344,75%@1344] GR3D_FREQ 97% cpu@62.5C soc2@61.625C soc0@62.437C gpu@64C tj@64C soc1@61.375C VDD_IN 17329mW/17048mW VDD_CPU_GPU_CV 8094mW/8042mW VDD_SOC 4001mW/3924mW
08-11-2026 23:20:50 RAM 6476/7607MB (lfb 1x4MB) SWAP 1425/16384MB (cached 134MB) CPU [3%@729,1%@729,3%@729,3%@729,0%@1344,75%@1344] GR3D_FREQ 97% cpu@62.687C soc2@61.625C soc0@62.375C gpu@63.875C tj@63.875C soc1@61.5C VDD_IN 17015mW/17048mW VDD_CPU_GPU_CV 7742mW/8042mW VDD_SOC 4047mW/3925mW
08-11-2026 23:20:51 RAM 6476/7607MB (lfb 1x4MB) SWAP 1425/16384MB (cached 134MB) CPU [6%@729,1%@729,2%@729,2%@729,0%@1344,75%@1344] GR3D_FREQ 97% cpu@62.531C soc2@61.687C soc0@62.406C gpu@63.906C tj@63.906C soc1@61.5C VDD_IN 16857mW/17048mW VDD_CPU_GPU_CV 7441mW/8041mW VDD_SOC 4126mW/3925mW
08-11-2026 23:20:52 RAM 6474/7607MB (lfb 1x4MB) SWAP 1425/16384MB (cached 134MB) CPU [8%@729,7%@729,6%@729,17%@729,0%@729,75%@729] GR3D_FREQ 99% cpu@62.593C soc2@61.687C soc0@62.5C gpu@63.5C tj@63.5C soc1@61.343C VDD_IN 16649mW/17047mW VDD_CPU_GPU_CV 7559mW/8040mW VDD_SOC 4008mW/3925mW
08-11-2026 23:20:53 RAM 6474/7607MB (lfb 1x4MB) SWAP 1425/16384MB (cached 134MB) CPU [3%@729,1%@729,4%@729,2%@729,0%@729,82%@729] GR3D_FREQ 99% cpu@62.5C soc2@61.593C soc0@62.406C gpu@63.343C tj@63.343C soc1@61.375C VDD_IN 16531mW/17046mW VDD_CPU_GPU_CV 7755mW/8039mW VDD_SOC 3811mW/3925mW
08-11-2026 23:20:54 RAM 6474/7607MB (lfb 1x4MB) SWAP 1425/16384MB (cached 134MB) CPU [3%@729,2%@729,9%@729,0%@729,0%@729,85%@729] GR3D_FREQ 99% cpu@62.843C soc2@61.718C soc0@62.312C gpu@63.843C tj@63.843C soc1@61.437C VDD_IN 17722mW/17047mW VDD_CPU_GPU_CV 8666mW/8040mW VDD_SOC 4001mW/3925mW
08-11-2026 23:20:55 RAM 6474/7607MB (lfb 1x4MB) SWAP 1425/16384MB (cached 134MB) CPU [1%@729,4%@729,1%@729,2%@729,1%@1344,85%@1344] GR3D_FREQ 97% cpu@62.781C soc2@61.656C soc0@62.468C gpu@63.875C tj@63.875C soc1@61.437C VDD_IN 17683mW/17049mW VDD_CPU_GPU_CV 8705mW/8042mW VDD_SOC 3923mW/3925mW
08-11-2026 23:20:56 RAM 6474/7607MB (lfb 1x4MB) SWAP 1425/16384MB (cached 134MB) CPU [2%@729,2%@729,0%@729,1%@729,3%@1344,75%@1344] GR3D_FREQ 97% cpu@62.468C soc2@61.625C soc0@62.531C gpu@63.843C tj@63.843C soc1@61.343C VDD_IN 17604mW/17050mW VDD_CPU_GPU_CV 8588mW/8043mW VDD_SOC 3923mW/3925mW
08-11-2026 23:20:57 RAM 6477/7607MB (lfb 1x4MB) SWAP 1425/16384MB (cached 134MB) CPU [2%@1113,3%@1113,6%@1113,19%@1113,0%@1344,75%@1344] GR3D_FREQ 97% cpu@62.781C soc2@61.625C soc0@62.531C gpu@63.906C tj@63.906C soc1@61.375C VDD_IN 17761mW/17051mW VDD_CPU_GPU_CV 8666mW/8044mW VDD_SOC 3962mW/3925mW
08-11-2026 23:20:58 RAM 6477/7607MB (lfb 1x4MB) SWAP 1425/16384MB (cached 134MB) CPU [4%@729,2%@729,8%@729,4%@729,0%@1344,75%@1344] GR3D_FREQ 97% cpu@62.718C soc2@61.593C soc0@62.343C gpu@64.125C tj@64.125C soc1@61.375C VDD_IN 17526mW/17052mW VDD_CPU_GPU_CV 8485mW/8045mW VDD_SOC 3962mW/3925mW
08-11-2026 23:20:59 RAM 6477/7607MB (lfb 1x4MB) SWAP 1425/16384MB (cached 134MB) CPU [1%@729,3%@729,1%@729,3%@729,0%@1344,76%@1344] GR3D_FREQ 98% cpu@62.937C soc2@61.625C soc0@62.437C gpu@64.031C tj@64.031C soc1@61.437C VDD_IN 17408mW/17053mW VDD_CPU_GPU_CV 8211mW/8045mW VDD_SOC 4001mW/3925mW
08-11-2026 23:21:00 RAM 6477/7607MB (lfb 1x4MB) SWAP 1425/16384MB (cached 134MB) CPU [2%@729,2%@729,1%@729,0%@729,4%@1344,74%@1344] GR3D_FREQ 97% cpu@62.562C soc2@61.656C soc0@62.343C gpu@64.156C tj@64.156C soc1@61.531C VDD_IN 17211mW/17053mW VDD_CPU_GPU_CV 7977mW/8045mW VDD_SOC 4001mW/3926mW
08-11-2026 23:21:01 RAM 6477/7607MB (lfb 1x4MB) SWAP 1425/16384MB (cached 134MB) CPU [2%@729,2%@729,1%@729,2%@729,3%@1344,75%@1344] GR3D_FREQ 97% cpu@62.593C soc2@61.687C soc0@62.468C gpu@64C tj@64C soc1@61.343C VDD_IN 17015mW/17053mW VDD_CPU_GPU_CV 7703mW/8044mW VDD_SOC 4040mW/3926mW
08-11-2026 23:21:02 RAM 6477/7607MB (lfb 1x4MB) SWAP 1425/16384MB (cached 134MB) CPU [2%@729,2%@729,4%@729,1%@729,0%@1344,75%@1344] GR3D_FREQ 98% cpu@62.593C soc2@61.531C soc0@62.5C gpu@63.875C tj@63.875C soc1@61.343C VDD_IN 16806mW/17052mW VDD_CPU_GPU_CV 7324mW/8043mW VDD_SOC 4126mW/3926mW
08-11-2026 23:21:03 RAM 6477/7607MB (lfb 1x4MB) SWAP 1425/16384MB (cached 134MB) CPU [6%@729,7%@729,6%@729,18%@729,0%@729,75%@729] GR3D_FREQ 98% cpu@62.656C soc2@61.656C soc0@62.375C gpu@63.531C tj@63.531C soc1@61.406C VDD_IN 16570mW/17051mW VDD_CPU_GPU_CV 7676mW/8042mW VDD_SOC 3929mW/3926mW
08-11-2026 23:21:04 RAM 6477/7607MB (lfb 1x4MB) SWAP 1425/16384MB (cached 134MB) CPU [4%@729,2%@729,6%@729,2%@729,0%@729,82%@729] GR3D_FREQ 99% cpu@62.593C soc2@61.625C soc0@62.437C gpu@63.562C tj@63.562C soc1@61.5C VDD_IN 16767mW/17051mW VDD_CPU_GPU_CV 7951mW/8042mW VDD_SOC 3851mW/3926mW
08-11-2026 23:21:05 RAM 6477/7607MB (lfb 1x4MB) SWAP 1425/16384MB (cached 134MB) CPU [2%@729,8%@729,2%@729,3%@729,0%@729,86%@729] GR3D_FREQ 99% cpu@62.437C soc2@61.718C soc0@62.5C gpu@64.031C tj@64.031C soc1@61.437C VDD_IN 17683mW/17052mW VDD_CPU_GPU_CV 8759mW/8043mW VDD_SOC 3923mW/3926mW
08-11-2026 23:21:06 RAM 6477/7607MB (lfb 1x4MB) SWAP 1425/16384MB (cached 134MB) CPU [2%@729,3%@729,1%@729,5%@729,0%@1344,82%@1344] GR3D_FREQ 97% cpu@62.593C soc2@61.687C soc0@62.437C gpu@64C tj@64C soc1@61.343C VDD_IN 17683mW/17053mW VDD_CPU_GPU_CV 8705mW/8045mW VDD_SOC 3923mW/3926mW
08-11-2026 23:21:07 RAM 6477/7607MB (lfb 1x4MB) SWAP 1425/16384MB (cached 134MB) CPU [1%@729,5%@729,2%@729,1%@729,0%@1344,75%@1344] GR3D_FREQ 97% cpu@62.562C soc2@61.656C soc0@62.25C gpu@63.875C tj@63.875C soc1@61.281C VDD_IN 17565mW/17054mW VDD_CPU_GPU_CV 8563mW/8046mW VDD_SOC 3923mW/3926mW
08-11-2026 23:21:08 RAM 6477/7607MB (lfb 1x4MB) SWAP 1425/16384MB (cached 134MB) CPU [19%@729,8%@729,6%@729,7%@729,0%@1344,75%@1344] GR3D_FREQ 97% cpu@62.781C soc2@61.718C soc0@62.375C gpu@64.312C tj@64.312C soc1@61.406C VDD_IN 17761mW/17055mW VDD_CPU_GPU_CV 8705mW/8047mW VDD_SOC 3962mW/3926mW
08-11-2026 23:21:09 RAM 6477/7607MB (lfb 1x4MB) SWAP 1425/16384MB (cached 134MB) CPU [2%@729,3%@729,1%@729,5%@729,0%@1344,75%@1344] GR3D_FREQ 97% cpu@62.812C soc2@61.656C soc0@62.406C gpu@64.25C tj@64.25C soc1@61.437C VDD_IN 17486mW/17056mW VDD_CPU_GPU_CV 8446mW/8048mW VDD_SOC 3962mW/3926mW
08-11-2026 23:21:10 RAM 6477/7607MB (lfb 1x4MB) SWAP 1425/16384MB (cached 134MB) CPU [2%@1344,2%@1344,2%@1344,4%@1344,0%@1344,75%@1344] GR3D_FREQ 99% cpu@62.437C soc2@61.75C soc0@62.468C gpu@64.25C tj@64.25C soc1@61.312C VDD_IN 17329mW/17057mW VDD_CPU_GPU_CV 8172mW/8048mW VDD_SOC 4001mW/3926mW
08-11-2026 23:21:11 RAM 6478/7607MB (lfb 1x4MB) SWAP 1425/16384MB (cached 134MB) CPU [2%@729,3%@729,1%@729,5%@729,0%@1344,75%@1344] GR3D_FREQ 97% cpu@62.531C soc2@61.562C soc0@62.562C gpu@63.75C tj@63.75C soc1@61.375C VDD_IN 17211mW/17057mW VDD_CPU_GPU_CV 7977mW/8048mW VDD_SOC 4040mW/3927mW
08-11-2026 23:21:12 RAM 6477/7607MB (lfb 1x4MB) SWAP 1425/16384MB (cached 134MB) CPU [3%@729,2%@729,2%@729,5%@729,0%@1344,76%@1344] GR3D_FREQ 97% cpu@62.843C soc2@61.593C soc0@62.343C gpu@63.812C tj@63.812C soc1@61.375C VDD_IN 17093mW/17057mW VDD_CPU_GPU_CV 7781mW/8047mW VDD_SOC 4080mW/3927mW
08-11-2026 23:21:13 RAM 6477/7607MB (lfb 1x4MB) SWAP 1425/16384MB (cached 134MB) CPU [3%@729,1%@729,2%@729,5%@729,0%@1344,75%@1344] GR3D_FREQ 97% cpu@62.718C soc2@61.625C soc0@62.406C gpu@63.718C tj@63.718C soc1@61.406C VDD_IN 16885mW/17057mW VDD_CPU_GPU_CV 7363mW/8046mW VDD_SOC 4126mW/3927mW
08-11-2026 23:21:14 RAM 6478/7607MB (lfb 1x4MB) SWAP 1425/16384MB (cached 134MB) CPU [8%@729,4%@729,19%@729,8%@729,0%@729,76%@729] GR3D_FREQ 99% cpu@62.875C soc2@61.718C soc0@62.312C gpu@63.5C tj@63.5C soc1@61.468C VDD_IN 16649mW/17056mW VDD_CPU_GPU_CV 7676mW/8045mW VDD_SOC 3968mW/3927mW
08-11-2026 23:21:15 RAM 6478/7607MB (lfb 1x4MB) SWAP 1425/16384MB (cached 134MB) CPU [2%@729,5%@729,3%@729,2%@729,0%@729,82%@729] GR3D_FREQ 99% cpu@62.406C soc2@61.625C soc0@62.437C gpu@63.593C tj@63.593C soc1@61.343C VDD_IN 16767mW/17056mW VDD_CPU_GPU_CV 7951mW/8045mW VDD_SOC 3851mW/3927mW
08-11-2026 23:21:16 RAM 6478/7607MB (lfb 1x4MB) SWAP 1425/16384MB (cached 134MB) CPU [4%@729,6%@729,2%@729,3%@729,0%@1344,84%@1344] GR3D_FREQ 99% cpu@62.562C soc2@61.718C soc0@62.593C gpu@64.031C tj@64.031C soc1@61.343C VDD_IN 17761mW/17057mW VDD_CPU_GPU_CV 8705mW/8046mW VDD_SOC 4001mW/3927mW
08-11-2026 23:21:17 RAM 6478/7607MB (lfb 1x4MB) SWAP 1425/16384MB (cached 134MB) CPU [4%@729,3%@729,3%@729,6%@729,0%@1344,83%@1344] GR3D_FREQ 97% cpu@62.718C soc2@61.656C soc0@62.375C gpu@64.093C tj@64.093C soc1@61.375C VDD_IN 17683mW/17058mW VDD_CPU_GPU_CV 8744mW/8048mW VDD_SOC 3923mW/3927mW
08-11-2026 23:21:18 RAM 6478/7607MB (lfb 1x4MB) SWAP 1425/16384MB (cached 134MB) CPU [1%@729,6%@729,1%@729,2%@729,0%@1344,75%@1344] GR3D_FREQ 98% cpu@62.562C soc2@61.687C soc0@62.343C gpu@63.812C tj@63.812C soc1@61.343C VDD_IN 17565mW/17059mW VDD_CPU_GPU_CV 8602mW/8049mW VDD_SOC 3923mW/3927mW
08-11-2026 23:21:19 RAM 6477/7607MB (lfb 1x4MB) SWAP 1425/16384MB (cached 134MB) CPU [4%@729,10%@729,18%@729,6%@729,0%@1344,75%@1344] GR3D_FREQ 98% cpu@62.875C soc2@61.781C soc0@62.375C gpu@63.937C tj@63.937C soc1@61.468C VDD_IN 17761mW/17060mW VDD_CPU_GPU_CV 8705mW/8050mW VDD_SOC 3962mW/3927mW
08-11-2026 23:21:20 RAM 6478/7607MB (lfb 1x4MB) SWAP 1425/16384MB (cached 134MB) CPU [3%@729,4%@729,3%@729,0%@729,0%@1344,75%@1344] GR3D_FREQ 97% cpu@62.531C soc2@61.687C soc0@62.468C gpu@63.968C tj@63.968C soc1@61.343C VDD_IN 17526mW/17061mW VDD_CPU_GPU_CV 8446mW/8051mW VDD_SOC 3962mW/3927mW
08-11-2026 23:21:21 RAM 6463/7607MB (lfb 1x4MB) SWAP 1431/16384MB (cached 131MB) CPU [23%@729,7%@729,9%@729,21%@729,10%@729,37%@729] GR3D_FREQ 0% cpu@61.968C soc2@61.093C soc0@62.218C gpu@61.812C tj@62.218C soc1@61.343C VDD_IN 10174mW/17048mW VDD_CPU_GPU_CV 3446mW/8042mW VDD_SOC 2817mW/3925mW
08-11-2026 23:21:22 RAM 6567/7607MB (lfb 1x4MB) SWAP 1431/16384MB (cached 130MB) CPU [73%@1344,71%@1344,74%@1344,82%@1344,74%@729,72%@729] GR3D_FREQ 99% cpu@62.062C soc2@60.812C soc0@61.781C gpu@61.75C tj@62.062C soc1@61.187C VDD_IN 9816mW/17035mW VDD_CPU_GPU_CV 3293mW/8034mW VDD_SOC 2225mW/3922mW
08-11-2026 23:21:23 RAM 6563/7607MB (lfb 1x4MB) SWAP 1431/16384MB (cached 130MB) CPU [2%@1190,3%@1190,5%@1190,80%@1190,0%@729,0%@729] GR3D_FREQ 76% cpu@62.062C soc2@61.156C soc0@61.937C gpu@63.343C tj@63.343C soc1@61.218C VDD_IN 15887mW/17033mW VDD_CPU_GPU_CV 7375mW/8032mW VDD_SOC 3660mW/3922mW
08-11-2026 23:21:24 RAM 6562/7607MB (lfb 1x4MB) SWAP 1431/16384MB (cached 130MB) CPU [3%@729,1%@729,5%@729,84%@729,0%@729,0%@729] GR3D_FREQ 99% cpu@62.25C soc2@61.437C soc0@62.187C gpu@63.75C tj@63.75C soc1@61.125C VDD_IN 17368mW/17034mW VDD_CPU_GPU_CV 8407mW/8033mW VDD_SOC 3923mW/3922mW
08-11-2026 23:21:25 RAM 6569/7607MB (lfb 1x4MB) SWAP 1431/16384MB (cached 130MB) CPU [8%@729,4%@729,18%@729,21%@729,72%@1344,0%@1344] GR3D_FREQ 97% cpu@62.437C soc2@61.343C soc0@62.062C gpu@63.593C tj@63.593C soc1@61.156C VDD_IN 17722mW/17035mW VDD_CPU_GPU_CV 8784mW/8034mW VDD_SOC 3883mW/3922mW
08-11-2026 23:21:26 RAM 6568/7607MB (lfb 1x4MB) SWAP 1431/16384MB (cached 130MB) CPU [3%@1113,2%@1113,3%@1113,7%@1113,76%@1344,0%@1344] GR3D_FREQ 97% cpu@62.187C soc2@61.437C soc0@62.093C gpu@63.718C tj@63.718C soc1@61.25C VDD_IN 17643mW/17036mW VDD_CPU_GPU_CV 8681mW/8036mW VDD_SOC 3923mW/3922mW
08-11-2026 23:21:27 RAM 6568/7607MB (lfb 1x4MB) SWAP 1431/16384MB (cached 130MB) CPU [4%@1344,1%@1344,2%@1344,4%@1344,75%@1344,0%@1344] GR3D_FREQ 97% cpu@62.281C soc2@61.406C soc0@62.218C gpu@63.781C tj@63.781C soc1@61.125C VDD_IN 17526mW/17037mW VDD_CPU_GPU_CV 8563mW/8036mW VDD_SOC 3923mW/3922mW
08-11-2026 23:21:28 RAM 6568/7607MB (lfb 1x4MB) SWAP 1431/16384MB (cached 130MB) CPU [2%@729,1%@729,2%@729,3%@729,75%@1344,0%@1344] GR3D_FREQ 97% cpu@62.343C soc2@61.343C soc0@62.093C gpu@63.781C tj@63.781C soc1@61.156C VDD_IN 17447mW/17038mW VDD_CPU_GPU_CV 8407mW/8037mW VDD_SOC 3923mW/3922mW
08-11-2026 23:21:29 RAM 6568/7607MB (lfb 1x4MB) SWAP 1431/16384MB (cached 130MB) CPU [4%@729,1%@729,4%@729,6%@729,75%@1344,0%@1344] GR3D_FREQ 97% cpu@62.531C soc2@61.375C soc0@62.093C gpu@63.781C tj@63.781C soc1@61.218C VDD_IN 17290mW/17038mW VDD_CPU_GPU_CV 8172mW/8037mW VDD_SOC 3962mW/3922mW
08-11-2026 23:21:30 RAM 6570/7607MB (lfb 1x4MB) SWAP 1431/16384MB (cached 130MB) CPU [50%@729,17%@729,6%@729,8%@729,31%@1344,0%@1344] GR3D_FREQ 97% cpu@62.593C soc2@61.468C soc0@62.125C gpu@63.468C tj@63.468C soc1@61.25C VDD_IN 17290mW/17039mW VDD_CPU_GPU_CV 8133mW/8038mW VDD_SOC 4001mW/3922mW
08-11-2026 23:21:31 RAM 6571/7607MB (lfb 1x4MB) SWAP 1431/16384MB (cached 130MB) CPU [1%@1344,1%@1344,3%@1344,5%@1344,75%@1344,1%@1344] GR3D_FREQ 97% cpu@62.593C soc2@61.375C soc0@62.125C gpu@63.375C tj@63.375C soc1@61.343C VDD_IN 16857mW/17038mW VDD_CPU_GPU_CV 7664mW/8037mW VDD_SOC 4047mW/3922mW
08-11-2026 23:21:32 RAM 6571/7607MB (lfb 1x4MB) SWAP 1431/16384MB (cached 130MB) CPU [1%@729,4%@729,1%@729,2%@729,75%@1344,0%@1344] GR3D_FREQ 97% cpu@62.281C soc2@61.437C soc0@62.25C gpu@63.375C tj@63.375C soc1@61.093C VDD_IN 16767mW/17038mW VDD_CPU_GPU_CV 7363mW/8036mW VDD_SOC 4086mW/3922mW
08-11-2026 23:21:33 RAM 6571/7607MB (lfb 1x4MB) SWAP 1431/16384MB (cached 130MB) CPU [5%@729,1%@729,2%@729,2%@729,75%@729,1%@729] GR3D_FREQ 99% cpu@62.343C soc2@61.437C soc0@62.125C gpu@63.031C tj@63.031C soc1@61.156C VDD_IN 16413mW/17037mW VDD_CPU_GPU_CV 7402mW/8035mW VDD_SOC 3929mW/3922mW
08-11-2026 23:21:34 RAM 6571/7607MB (lfb 1x4MB) SWAP 1431/16384MB (cached 130MB) CPU [3%@729,5%@729,1%@729,4%@729,81%@729,0%@729] GR3D_FREQ 99% cpu@62.531C soc2@61.406C soc0@62.187C gpu@63.062C tj@63.062C soc1@61.187C VDD_IN 16413mW/17036mW VDD_CPU_GPU_CV 7716mW/8034mW VDD_SOC 3811mW/3922mW
08-11-2026 23:21:35 RAM 6571/7607MB (lfb 1x4MB) SWAP 1431/16384MB (cached 130MB) CPU [1%@729,6%@729,2%@729,3%@729,84%@729,2%@729] GR3D_FREQ 98% cpu@62.375C soc2@61.5C soc0@62.218C gpu@63.937C tj@63.937C soc1@61.281C VDD_IN 17565mW/17037mW VDD_CPU_GPU_CV 8563mW/8035mW VDD_SOC 3962mW/3922mW
08-11-2026 23:21:36 RAM 6578/7607MB (lfb 1x4MB) SWAP 1431/16384MB (cached 130MB) CPU [14%@729,3%@729,7%@729,19%@729,84%@1344,1%@1344] GR3D_FREQ 98% cpu@62.593C soc2@61.531C soc0@62.218C gpu@64.125C tj@64.125C soc1@61.343C VDD_IN 17604mW/17038mW VDD_CPU_GPU_CV 8666mW/8036mW VDD_SOC 3883mW/3922mW
08-11-2026 23:21:37 RAM 6580/7607MB (lfb 2x4MB) SWAP 1431/16384MB (cached 130MB) CPU [4%@729,4%@729,1%@729,1%@729,76%@1344,0%@1344] GR3D_FREQ 97% cpu@62.218C soc2@61.437C soc0@62.25C gpu@63.968C tj@63.968C soc1@61.187C VDD_IN 17447mW/17038mW VDD_CPU_GPU_CV 8524mW/8037mW VDD_SOC 3923mW/3922mW
08-11-2026 23:21:38 RAM 6580/7607MB (lfb 2x4MB) SWAP 1431/16384MB (cached 130MB) CPU [5%@729,0%@729,3%@729,2%@729,75%@1344,0%@1344] GR3D_FREQ 97% cpu@62.375C soc2@61.468C soc0@62.125C gpu@63.593C tj@63.593C soc1@61.218C VDD_IN 17368mW/17039mW VDD_CPU_GPU_CV 8446mW/8038mW VDD_SOC 3923mW/3922mW
08-11-2026 23:21:39 RAM 6580/7607MB (lfb 2x4MB) SWAP 1431/16384MB (cached 130MB) CPU [4%@729,2%@729,3%@729,3%@729,75%@1344,0%@1344] GR3D_FREQ 97% cpu@62.5C soc2@61.5C soc0@62.25C gpu@63.562C tj@63.562C soc1@61.25C VDD_IN 17408mW/17040mW VDD_CPU_GPU_CV 8368mW/8038mW VDD_SOC 3923mW/3922mW
08-11-2026 23:21:40 RAM 6580/7607MB (lfb 2x4MB) SWAP 1431/16384MB (cached 130MB) CPU [5%@729,1%@729,2%@729,3%@729,75%@1344,0%@1344] GR3D_FREQ 98% cpu@62.281C soc2@61.437C soc0@62.187C gpu@63.562C tj@63.562C soc1@61.343C VDD_IN 17250mW/17040mW VDD_CPU_GPU_CV 8172mW/8038mW VDD_SOC 3962mW/3922mW
08-11-2026 23:21:41 RAM 6587/7607MB (lfb 2x4MB) SWAP 1431/16384MB (cached 130MB) CPU [7%@1344,4%@1344,35%@1344,2%@1344,44%@729,20%@729] GR3D_FREQ 97% cpu@62.562C soc2@61.593C soc0@62.25C gpu@63.812C tj@63.812C soc1@61.343C VDD_IN 17250mW/17040mW VDD_CPU_GPU_CV 8094mW/8039mW VDD_SOC 4001mW/3922mW
08-11-2026 23:21:42 RAM 6588/7607MB (lfb 2x4MB) SWAP 1431/16384MB (cached 130MB) CPU [3%@1344,4%@1344,75%@1344,2%@1344,0%@729,0%@729] GR3D_FREQ 97% cpu@62.5C soc2@61.531C soc0@62.312C gpu@63.781C tj@63.781C soc1@61.218C VDD_IN 16936mW/17040mW VDD_CPU_GPU_CV 7664mW/8038mW VDD_SOC 4047mW/3923mW
08-11-2026 23:21:43 RAM 6587/7607MB (lfb 2x4MB) SWAP 1431/16384MB (cached 130MB) CPU [3%@1344,4%@1344,75%@1344,1%@1344,0%@729,1%@729] GR3D_FREQ 98% cpu@62.687C soc2@61.531C soc0@62.312C gpu@63.687C tj@63.687C soc1@61.218C VDD_IN 16728mW/17040mW VDD_CPU_GPU_CV 7285mW/8037mW VDD_SOC 4126mW/3923mW
08-11-2026 23:21:44 RAM 6587/7607MB (lfb 2x4MB) SWAP 1431/16384MB (cached 130MB) CPU [2%@729,3%@729,75%@729,5%@729,0%@729,0%@729] GR3D_FREQ 98% cpu@62.75C soc2@61.562C soc0@62.25C gpu@63.437C tj@63.437C soc1@61.25C VDD_IN 16452mW/17039mW VDD_CPU_GPU_CV 7559mW/8036mW VDD_SOC 3929mW/3923mW
08-11-2026 23:21:45 RAM 6587/7607MB (lfb 2x4MB) SWAP 1431/16384MB (cached 130MB) CPU [3%@806,3%@806,82%@806,1%@806,0%@729,1%@729] GR3D_FREQ 99% cpu@62.406C soc2@61.531C soc0@62.187C gpu@63.437C tj@63.437C soc1@61.312C VDD_IN 16649mW/17038mW VDD_CPU_GPU_CV 7872mW/8035mW VDD_SOC 3851mW/3923mW
08-11-2026 23:21:46 RAM 6585/7607MB (lfb 1x4MB) SWAP 1431/16384MB (cached 130MB) CPU [2%@729,6%@729,85%@729,1%@729,0%@729,0%@729] GR3D_FREQ 99% cpu@62.562C soc2@61.593C soc0@62.312C gpu@63.937C tj@63.937C soc1@61.406C VDD_IN 17565mW/17039mW VDD_CPU_GPU_CV 8627mW/8036mW VDD_SOC 3962mW/3923mW
08-11-2026 23:21:47 RAM 6586/7607MB (lfb 1x4MB) SWAP 1431/16384MB (cached 130MB) CPU [17%@1344,8%@1344,85%@1344,7%@1344,3%@729,0%@729] GR3D_FREQ 97% cpu@62.625C soc2@61.625C soc0@62.437C gpu@63.968C tj@63.968C soc1@61.281C VDD_IN 17643mW/17040mW VDD_CPU_GPU_CV 8705mW/8038mW VDD_SOC 3883mW/3923mW
08-11-2026 23:21:48 RAM 6586/7607MB (lfb 1x4MB) SWAP 1431/16384MB (cached 130MB) CPU [3%@1344,2%@1344,75%@1344,1%@1344,0%@729,1%@729] GR3D_FREQ 97% cpu@62.843C soc2@61.625C soc0@62.343C gpu@64C tj@64C soc1@61.312C VDD_IN 17447mW/17041mW VDD_CPU_GPU_CV 8563mW/8039mW VDD_SOC 3883mW/3923mW
08-11-2026 23:21:49 RAM 6586/7607MB (lfb 1x4MB) SWAP 1431/16384MB (cached 130MB) CPU [4%@1344,3%@1344,75%@1344,1%@1344,3%@729,1%@729] GR3D_FREQ 97% cpu@62.593C soc2@61.593C soc0@62.218C gpu@64C tj@64C soc1@61.187C VDD_IN 17408mW/17041mW VDD_CPU_GPU_CV 8446mW/8039mW VDD_SOC 3923mW/3923mW
08-11-2026 23:21:50 RAM 6586/7607MB (lfb 1x4MB) SWAP 1431/16384MB (cached 130MB) CPU [2%@1344,4%@1344,76%@1344,2%@1344,4%@729,0%@729] GR3D_FREQ 97% cpu@62.875C soc2@61.562C soc0@62.218C gpu@63.968C tj@63.968C soc1@61.25C VDD_IN 17408mW/17042mW VDD_CPU_GPU_CV 8329mW/8040mW VDD_SOC 3923mW/3923mW
08-11-2026 23:21:51 RAM 6586/7607MB (lfb 1x4MB) SWAP 1431/16384MB (cached 130MB) CPU [4%@1344,2%@1344,75%@1344,2%@1344,0%@729,0%@729] GR3D_FREQ 97% cpu@62.562C soc2@61.593C soc0@62.187C gpu@63.937C tj@63.937C soc1@61.343C VDD_IN 17250mW/17042mW VDD_CPU_GPU_CV 8094mW/8040mW VDD_SOC 4001mW/3923mW
08-11-2026 23:21:52 RAM 6588/7607MB (lfb 1x4MB) SWAP 1431/16384MB (cached 130MB) CPU [11%@729,11%@729,45%@729,10%@729,27%@1344,9%@1344] GR3D_FREQ 97% cpu@62.25C soc2@61.562C soc0@62.312C gpu@63.781C tj@63.781C soc1@61.218C VDD_IN 17250mW/17043mW VDD_CPU_GPU_CV 8016mW/8040mW VDD_SOC 4001mW/3923mW
08-11-2026 23:21:53 RAM 6588/7607MB (lfb 1x4MB) SWAP 1431/16384MB (cached 130MB) CPU [2%@729,4%@729,1%@729,3%@729,75%@1344,0%@1344] GR3D_FREQ 97% cpu@62.375C soc2@61.531C soc0@62.343C gpu@63.718C tj@63.718C soc1@61.281C VDD_IN 16975mW/17042mW VDD_CPU_GPU_CV 7625mW/8039mW VDD_SOC 4047mW/3923mW
08-11-2026 23:21:54 RAM 6588/7607MB (lfb 1x4MB) SWAP 1431/16384MB (cached 130MB) CPU [2%@729,2%@729,2%@729,2%@729,74%@1344,1%@1344] GR3D_FREQ 98% cpu@62.687C soc2@61.468C soc0@62.218C gpu@63.5C tj@63.5C soc1@61.281C VDD_IN 16767mW/17042mW VDD_CPU_GPU_CV 7246mW/8038mW VDD_SOC 4126mW/3924mW
08-11-2026 23:21:55 RAM 6588/7607MB (lfb 1x4MB) SWAP 1431/16384MB (cached 130MB) CPU [1%@729,1%@729,2%@729,5%@729,74%@729,0%@729] GR3D_FREQ 99% cpu@62.375C soc2@61.468C soc0@62.312C gpu@63.593C tj@63.593C soc1@61.343C VDD_IN 16413mW/17041mW VDD_CPU_GPU_CV 7598mW/8037mW VDD_SOC 3851mW/3924mW
08-11-2026 23:21:56 RAM 6588/7607MB (lfb 1x4MB) SWAP 1431/16384MB (cached 130MB) CPU [4%@729,3%@729,2%@729,7%@729,83%@729,0%@729] GR3D_FREQ 99% cpu@62.5C soc2@61.562C soc0@62.25C gpu@63.531C tj@63.531C soc1@61.343C VDD_IN 16806mW/17040mW VDD_CPU_GPU_CV 7977mW/8037mW VDD_SOC 3851mW/3923mW
08-11-2026 23:21:57 RAM 6590/7607MB (lfb 2x4MB) SWAP 1431/16384MB (cached 130MB) CPU [4%@1190,4%@1190,1%@1190,2%@1190,85%@729,0%@729] GR3D_FREQ 97% cpu@62.437C soc2@61.625C soc0@62.281C gpu@63.843C tj@63.843C soc1@61.281C VDD_IN 17604mW/17041mW VDD_CPU_GPU_CV 8627mW/8038mW VDD_SOC 3883mW/3923mW
08-11-2026 23:21:58 RAM 6589/7607MB (lfb 2x4MB) SWAP 1431/16384MB (cached 130MB) CPU [5%@729,8%@729,9%@729,13%@729,82%@1344,0%@1344] GR3D_FREQ 97% cpu@62.375C soc2@61.656C soc0@62.468C gpu@64.187C tj@64.187C soc1@61.281C VDD_IN 17604mW/17042mW VDD_CPU_GPU_CV 8666mW/8039mW VDD_SOC 3923mW/3923mW
08-11-2026 23:21:59 RAM 6589/7607MB (lfb 2x4MB) SWAP 1431/16384MB (cached 130MB) CPU [3%@729,5%@729,2%@729,1%@729,75%@1344,1%@1344] GR3D_FREQ 97% cpu@62.5C soc2@61.5C soc0@62.218C gpu@64.218C tj@64.218C soc1@61.25C VDD_IN 17526mW/17043mW VDD_CPU_GPU_CV 8602mW/8040mW VDD_SOC 3883mW/3923mW
08-11-2026 23:22:00 RAM 6589/7607MB (lfb 2x4MB) SWAP 1431/16384MB (cached 130MB) CPU [2%@729,4%@729,2%@729,2%@729,75%@1344,0%@1344] GR3D_FREQ 97% cpu@62.468C soc2@61.531C soc0@62.218C gpu@63.687C tj@63.687C soc1@61.281C VDD_IN 17408mW/17044mW VDD_CPU_GPU_CV 8407mW/8041mW VDD_SOC 3923mW/3923mW
08-11-2026 23:22:01 RAM 6589/7607MB (lfb 2x4MB) SWAP 1431/16384MB (cached 130MB) CPU [4%@729,2%@729,2%@729,4%@729,75%@1344,0%@1344] GR3D_FREQ 97% cpu@62.625C soc2@61.625C soc0@62.25C gpu@63.781C tj@63.781C soc1@61.375C VDD_IN 17368mW/17044mW VDD_CPU_GPU_CV 8329mW/8041mW VDD_SOC 3962mW/3923mW
08-11-2026 23:22:02 RAM 6589/7607MB (lfb 2x4MB) SWAP 1431/16384MB (cached 130MB) CPU [2%@729,0%@729,1%@729,4%@729,75%@1344,0%@1344] GR3D_FREQ 97% cpu@62.375C soc2@61.531C soc0@62.343C gpu@63.625C tj@63.625C soc1@61.281C VDD_IN 17211mW/17045mW VDD_CPU_GPU_CV 8094mW/8041mW VDD_SOC 3962mW/3923mW
08-11-2026 23:22:03 RAM 6589/7607MB (lfb 2x4MB) SWAP 1431/16384MB (cached 130MB) CPU [29%@1344,8%@1344,3%@1344,9%@1344,64%@729,0%@729] GR3D_FREQ 97% cpu@62.562C soc2@61.593C soc0@62.468C gpu@63.687C tj@63.687C soc1@61.281C VDD_IN 17211mW/17045mW VDD_CPU_GPU_CV 7938mW/8041mW VDD_SOC 4040mW/3924mW
08-11-2026 23:22:04 RAM 6589/7607MB (lfb 2x4MB) SWAP 1431/16384MB (cached 130MB) CPU [56%@1344,21%@1344,5%@1344,2%@1344,0%@729,1%@729] GR3D_FREQ 97% cpu@62.468C soc2@61.562C soc0@62.218C gpu@63.687C tj@63.687C soc1@61.343C VDD_IN 16936mW/17045mW VDD_CPU_GPU_CV 7637mW/8040mW VDD_SOC 4080mW/3924mW
08-11-2026 23:22:05 RAM 6589/7607MB (lfb 2x4MB) SWAP 1431/16384MB (cached 130MB) CPU [4%@1267,75%@1267,1%@1267,2%@1267,0%@729,1%@729] GR3D_FREQ 99% cpu@62.593C soc2@61.593C soc0@62.312C gpu@63.218C tj@63.406C soc1@61.343C VDD_IN 16728mW/17044mW VDD_CPU_GPU_CV 7167mW/8039mW VDD_SOC 4165mW/3924mW
08-11-2026 23:22:06 RAM 6589/7607MB (lfb 2x4MB) SWAP 1431/16384MB (cached 130MB) CPU [1%@729,75%@729,0%@729,2%@729,4%@729,4%@729] GR3D_FREQ 99% cpu@62.531C soc2@61.593C soc0@62.281C gpu@63.812C tj@63.812C soc1@61.343C VDD_IN 16452mW/17043mW VDD_CPU_GPU_CV 7716mW/8038mW VDD_SOC 3811mW/3924mW
08-11-2026 23:22:07 RAM 6589/7607MB (lfb 2x4MB) SWAP 1431/16384MB (cached 130MB) CPU [9%@729,6%@729,3%@729,2%@729,76%@729,0%@729] GR3D_FREQ 99% cpu@62.218C soc2@61.562C soc0@62.343C gpu@63.562C tj@63.562C soc1@61.343C VDD_IN 16857mW/17043mW VDD_CPU_GPU_CV 8094mW/8038mW VDD_SOC 3811mW/3924mW
08-11-2026 23:22:08 RAM 6588/7607MB (lfb 2x4MB) SWAP 1431/16384MB (cached 130MB) CPU [4%@729,6%@729,4%@729,6%@729,85%@1190,0%@1190] GR3D_FREQ 96% cpu@62.656C soc2@61.687C soc0@62.343C gpu@63.937C tj@63.937C soc1@61.25C VDD_IN 17604mW/17044mW VDD_CPU_GPU_CV 8720mW/8039mW VDD_SOC 3883mW/3924mW
08-11-2026 23:22:09 RAM 6589/7607MB (lfb 2x4MB) SWAP 1431/16384MB (cached 130MB) CPU [5%@729,10%@729,8%@729,2%@729,80%@1344,1%@1344] GR3D_FREQ 97% cpu@62.562C soc2@61.562C soc0@62.156C gpu@64C tj@64C soc1@61.343C VDD_IN 17604mW/17045mW VDD_CPU_GPU_CV 8681mW/8041mW VDD_SOC 3883mW/3924mW
08-11-2026 23:22:10 RAM 6589/7607MB (lfb 2x4MB) SWAP 1431/16384MB (cached 130MB) CPU [2%@1344,1%@1344,1%@1344,2%@1344,76%@1344,1%@1344] GR3D_FREQ 97% cpu@62.468C soc2@61.625C soc0@62.281C gpu@63.968C tj@63.75C soc1@61.343C VDD_IN 17565mW/17046mW VDD_CPU_GPU_CV 8602mW/8042mW VDD_SOC 3923mW/3924mW
08-11-2026 23:22:11 RAM 6589/7607MB (lfb 2x4MB) SWAP 1431/16384MB (cached 130MB) CPU [34%@1344,1%@1344,1%@1344,5%@1344,42%@729,2%@729] GR3D_FREQ 99% cpu@62.687C soc2@61.687C soc0@62.281C gpu@63.843C tj@63.843C soc1@61.437C VDD_IN 17408mW/17046mW VDD_CPU_GPU_CV 8368mW/8042mW VDD_SOC 3923mW/3924mW
08-11-2026 23:22:12 RAM 6589/7607MB (lfb 2x4MB) SWAP 1431/16384MB (cached 130MB) CPU [31%@729,3%@729,1%@729,4%@729,46%@1344,1%@1344] GR3D_FREQ 97% cpu@62.312C soc2@61.562C soc0@62.312C gpu@63.843C tj@63.843C soc1@61.312C VDD_IN 17368mW/17047mW VDD_CPU_GPU_CV 8290mW/8042mW VDD_SOC 3962mW/3924mW
08-11-2026 23:22:13 RAM 6589/7607MB (lfb 2x4MB) SWAP 1431/16384MB (cached 130MB) CPU [2%@729,2%@729,1%@729,3%@729,75%@1344,1%@1344] GR3D_FREQ 97% cpu@62.375C soc2@61.562C soc0@62.437C gpu@63.718C tj@63.718C soc1@61.281C VDD_IN 17211mW/17047mW VDD_CPU_GPU_CV 8094mW/8043mW VDD_SOC 3962mW/3924mW
08-11-2026 23:22:14 RAM 6588/7607MB (lfb 2x4MB) SWAP 1431/16384MB (cached 130MB) CPU [9%@729,18%@729,2%@729,5%@729,75%@1344,0%@1344] GR3D_FREQ 97% cpu@62.531C soc2@61.625C soc0@62.187C gpu@63.812C tj@63.812C soc1@61.312C VDD_IN 17172mW/17047mW VDD_CPU_GPU_CV 7899mW/8042mW VDD_SOC 4040mW/3924mW
08-11-2026 23:22:15 RAM 6589/7607MB (lfb 2x4MB) SWAP 1431/16384MB (cached 130MB) CPU [5%@729,2%@729,3%@729,2%@729,75%@1344,1%@1344] GR3D_FREQ 97% cpu@62.5C soc2@61.468C soc0@62.281C gpu@63.75C tj@63.75C soc1@61.312C VDD_IN 16936mW/17047mW VDD_CPU_GPU_CV 7547mW/8041mW VDD_SOC 4086mW/3924mW
08-11-2026 23:22:16 RAM 6589/7607MB (lfb 2x4MB) SWAP 1431/16384MB (cached 130MB) CPU [1%@729,1%@729,1%@729,1%@729,75%@1113,6%@1113] GR3D_FREQ 99% cpu@62.875C soc2@61.656C soc0@62.437C gpu@63.343C tj@63.343C soc1@61.437C VDD_IN 16609mW/17046mW VDD_CPU_GPU_CV 7128mW/8040mW VDD_SOC 4126mW/3925mW
08-11-2026 23:22:17 RAM 6589/7607MB (lfb 2x4MB) SWAP 1431/16384MB (cached 130MB) CPU [4%@729,4%@729,1%@729,2%@729,77%@729,0%@729] GR3D_FREQ 99% cpu@62.218C soc2@61.562C soc0@62.437C gpu@63.875C tj@63.875C soc1@61.281C VDD_IN 16452mW/17045mW VDD_CPU_GPU_CV 7716mW/8039mW VDD_SOC 3851mW/3925mW
08-11-2026 23:22:18 RAM 6589/7607MB (lfb 2x4MB) SWAP 1431/16384MB (cached 130MB) CPU [3%@729,2%@729,0%@729,3%@729,84%@729,0%@729] GR3D_FREQ 99% cpu@62.406C soc2@61.5C soc0@62.25C gpu@63.625C tj@63.312C soc1@61.343C VDD_IN 16897mW/17045mW VDD_CPU_GPU_CV 8094mW/8040mW VDD_SOC 3851mW/3924mW
08-11-2026 23:22:19 RAM 6587/7607MB (lfb 2x4MB) SWAP 1431/16384MB (cached 130MB) CPU [11%@960,5%@960,4%@960,14%@960,83%@1036,0%@1036] GR3D_FREQ 97% cpu@62.875C soc2@61.656C soc0@62.25C gpu@63.875C tj@63.875C soc1@61.343C VDD_IN 17683mW/17046mW VDD_CPU_GPU_CV 8784mW/8041mW VDD_SOC 3883mW/3924mW
08-11-2026 23:22:20 RAM 6587/7607MB (lfb 2x4MB) SWAP 1431/16384MB (cached 130MB) CPU [3%@729,7%@729,5%@729,4%@729,80%@1344,1%@1344] GR3D_FREQ 97% cpu@62.312C soc2@61.656C soc0@62.375C gpu@63.968C tj@63.968C soc1@61.375C VDD_IN 17565mW/17047mW VDD_CPU_GPU_CV 8627mW/8042mW VDD_SOC 3883mW/3924mW
08-11-2026 23:22:21 RAM 6587/7607MB (lfb 2x4MB) SWAP 1431/16384MB (cached 130MB) CPU [3%@729,4%@729,1%@729,0%@729,76%@1344,1%@1344] GR3D_FREQ 97% cpu@62.593C soc2@61.593C soc0@62.437C gpu@63.843C tj@63.843C soc1@61.281C VDD_IN 17526mW/17048mW VDD_CPU_GPU_CV 8563mW/8043mW VDD_SOC 3923mW/3924mW
08-11-2026 23:22:22 RAM 6587/7607MB (lfb 2x4MB) SWAP 1431/16384MB (cached 130MB) CPU [2%@729,4%@729,2%@729,3%@729,76%@1344,0%@1344] GR3D_FREQ 98% cpu@62.5C soc2@61.593C soc0@62.406C gpu@63.843C tj@63.843C soc1@61.312C VDD_IN 17486mW/17049mW VDD_CPU_GPU_CV 8446mW/8043mW VDD_SOC 3923mW/3924mW
08-11-2026 23:22:23 RAM 6587/7607MB (lfb 2x4MB) SWAP 1431/16384MB (cached 130MB) CPU [4%@729,3%@729,2%@729,2%@729,75%@1344,0%@1344] GR3D_FREQ 97% cpu@62.437C soc2@61.531C soc0@62.25C gpu@63.968C tj@63.968C soc1@61.281C VDD_IN 17408mW/17049mW VDD_CPU_GPU_CV 8368mW/8044mW VDD_SOC 3962mW/3924mW
08-11-2026 23:22:24 RAM 6587/7607MB (lfb 2x4MB) SWAP 1431/16384MB (cached 130MB) CPU [1%@729,3%@729,3%@729,2%@729,34%@1344,41%@1344] GR3D_FREQ 97% cpu@62.625C soc2@61.5C soc0@62.375C gpu@63.906C tj@64.156C soc1@61.375C VDD_IN 17211mW/17049mW VDD_CPU_GPU_CV 8094mW/8044mW VDD_SOC 3962mW/3924mW
08-11-2026 23:22:25 RAM 6586/7607MB (lfb 2x4MB) SWAP 1431/16384MB (cached 130MB) CPU [19%@729,3%@729,7%@729,4%@729,3%@1344,73%@1344] GR3D_FREQ 97% cpu@62.406C soc2@61.562C soc0@62.375C gpu@63.781C tj@63.781C soc1@61.406C VDD_IN 17172mW/17050mW VDD_CPU_GPU_CV 7899mW/8044mW VDD_SOC 4040mW/3925mW
08-11-2026 23:22:26 RAM 6586/7607MB (lfb 2x4MB) SWAP 1431/16384MB (cached 130MB) CPU [6%@729,4%@729,6%@729,1%@729,0%@1344,75%@1344] GR3D_FREQ 97% cpu@62.468C soc2@61.718C soc0@62.406C gpu@63.656C tj@63.656C soc1@61.468C VDD_IN 17015mW/17050mW VDD_CPU_GPU_CV 7625mW/8043mW VDD_SOC 4080mW/3925mW
08-11-2026 23:22:27 RAM 6586/7607MB (lfb 2x4MB) SWAP 1431/16384MB (cached 130MB) CPU [4%@729,2%@729,2%@729,3%@1344,0%@1344,75%@1344] GR3D_FREQ 99% cpu@62.75C soc2@61.5C soc0@62.468C gpu@63.343C tj@63.343C soc1@61.343C VDD_IN 16846mW/17049mW VDD_CPU_GPU_CV 7285mW/8042mW VDD_SOC 4165mW/3925mW
08-11-2026 23:22:28 RAM 6586/7607MB (lfb 2x4MB) SWAP 1431/16384MB (cached 130MB) CPU [2%@729,2%@729,3%@729,3%@729,0%@729,75%@729] GR3D_FREQ 99% cpu@62.406C soc2@61.5C soc0@62.25C gpu@63.562C tj@63.562C soc1@61.343C VDD_IN 16491mW/17048mW VDD_CPU_GPU_CV 7676mW/8041mW VDD_SOC 3890mW/3925mW
08-11-2026 23:22:29 RAM 6586/7607MB (lfb 2x4MB) SWAP 1431/16384MB (cached 130MB) CPU [3%@729,4%@729,2%@729,4%@729,0%@729,83%@729] GR3D_FREQ 98% cpu@62.531C soc2@61.531C soc0@62.312C gpu@63.437C tj@63.437C soc1@61.375C VDD_IN 16806mW/17048mW VDD_CPU_GPU_CV 7977mW/8041mW VDD_SOC 3851mW/3925mW
08-11-2026 23:22:30 RAM 6588/7607MB (lfb 2x4MB) SWAP 1431/16384MB (cached 130MB) CPU [16%@1344,7%@1344,6%@1344,8%@1344,0%@729,85%@729] GR3D_FREQ 99% cpu@62.75C soc2@61.718C soc0@62.375C gpu@64.093C tj@64.093C soc1@61.375C VDD_IN 17840mW/17049mW VDD_CPU_GPU_CV 8862mW/8042mW VDD_SOC 3923mW/3925mW
08-11-2026 23:22:31 RAM 6588/7607MB (lfb 2x4MB) SWAP 1431/16384MB (cached 130MB) CPU [3%@729,2%@729,2%@729,3%@729,0%@1344,82%@1344] GR3D_FREQ 97% cpu@62.468C soc2@61.687C soc0@62.468C gpu@64.093C tj@64.093C soc1@61.281C VDD_IN 17643mW/17050mW VDD_CPU_GPU_CV 8705mW/8043mW VDD_SOC 3883mW/3925mW
08-11-2026 23:22:32 RAM 6588/7607MB (lfb 2x4MB) SWAP 1431/16384MB (cached 130MB) CPU [5%@729,3%@729,1%@729,1%@729,0%@1344,76%@1344] GR3D_FREQ 97% cpu@62.593C soc2@61.656C soc0@62.312C gpu@63.937C tj@63.937C soc1@61.312C VDD_IN 17526mW/17051mW VDD_CPU_GPU_CV 8563mW/8044mW VDD_SOC 3923mW/3925mW
08-11-2026 23:22:33 RAM 6588/7607MB (lfb 2x4MB) SWAP 1431/16384MB (cached 130MB) CPU [4%@729,2%@729,2%@729,1%@729,0%@1344,75%@1344] GR3D_FREQ 97% cpu@62.781C soc2@61.625C soc0@62.343C gpu@63.875C tj@63.875C soc1@61.375C VDD_IN 17486mW/17052mW VDD_CPU_GPU_CV 8446mW/8045mW VDD_SOC 3923mW/3925mW
08-11-2026 23:22:34 RAM 6588/7607MB (lfb 2x4MB) SWAP 1431/16384MB (cached 130MB) CPU [1%@729,1%@729,1%@729,2%@729,52%@1344,26%@1344] GR3D_FREQ 97% cpu@62.468C soc2@61.625C soc0@62.406C gpu@63.812C tj@63.812C soc1@61.531C VDD_IN 17486mW/17052mW VDD_CPU_GPU_CV 8368mW/8045mW VDD_SOC 3962mW/3925mW
08-11-2026 23:22:35 RAM 6588/7607MB (lfb 2x4MB) SWAP 1431/16384MB (cached 130MB) CPU [2%@729,1%@729,1%@729,2%@729,35%@1344,44%@1344] GR3D_FREQ 97% cpu@62.437C soc2@61.656C soc0@62.437C gpu@63.812C tj@63.812C soc1@61.468C VDD_IN 17290mW/17053mW VDD_CPU_GPU_CV 8133mW/8046mW VDD_SOC 4001mW/3925mW
08-11-2026 23:22:36 RAM 6589/7607MB (lfb 2x4MB) SWAP 1431/16384MB (cached 130MB) CPU [18%@729,10%@729,3%@729,8%@729,2%@1344,74%@1344] GR3D_FREQ 97% cpu@62.531C soc2@61.531C soc0@62.437C gpu@63.812C tj@63.812C soc1@61.343C VDD_IN 17211mW/17053mW VDD_CPU_GPU_CV 7977mW/8045mW VDD_SOC 4040mW/3925mW
08-11-2026 23:22:37 RAM 6589/7607MB (lfb 2x4MB) SWAP 1431/16384MB (cached 130MB) CPU [4%@729,2%@729,3%@729,3%@729,0%@1344,73%@1344] GR3D_FREQ 97% cpu@62.593C soc2@61.593C soc0@62.312C gpu@63.75C tj@63.75C soc1@61.343C VDD_IN 17015mW/17053mW VDD_CPU_GPU_CV 7664mW/8045mW VDD_SOC 4080mW/3926mW
08-11-2026 23:22:38 RAM 6591/7607MB (lfb 2x4MB) SWAP 1431/16384MB (cached 130MB) CPU [3%@729,3%@729,2%@729,2%@729,0%@1344,75%@1344] GR3D_FREQ 98% cpu@62.906C soc2@61.562C soc0@62.375C gpu@63.531C tj@63.531C soc1@61.375C VDD_IN 16806mW/17053mW VDD_CPU_GPU_CV 7285mW/8044mW VDD_SOC 4126mW/3926mW
08-11-2026 23:22:39 RAM 6591/7607MB (lfb 2x4MB) SWAP 1431/16384MB (cached 130MB) CPU [3%@729,3%@729,4%@729,4%@729,0%@729,75%@729] GR3D_FREQ 99% cpu@62.562C soc2@61.625C soc0@62.281C gpu@63.781C tj@63.781C soc1@61.437C VDD_IN 16491mW/17052mW VDD_CPU_GPU_CV 7637mW/8043mW VDD_SOC 3890mW/3926mW
08-11-2026 23:22:40 RAM 6591/7607MB (lfb 2x4MB) SWAP 1431/16384MB (cached 130MB) CPU [2%@729,3%@729,3%@729,3%@729,0%@729,84%@729] GR3D_FREQ 99% cpu@62.187C soc2@61.625C soc0@62.437C gpu@63.781C tj@63.781C soc1@61.5C VDD_IN 16767mW/17051mW VDD_CPU_GPU_CV 7977mW/8043mW VDD_SOC 3851mW/3926mW
08-11-2026 23:22:41 RAM 6590/7607MB (lfb 2x4MB) SWAP 1431/16384MB (cached 130MB) CPU [11%@729,17%@729,3%@729,5%@729,0%@729,85%@729] GR3D_FREQ 97% cpu@62.531C soc2@61.656C soc0@62.531C gpu@64.187C tj@64.187C soc1@61.375C VDD_IN 17801mW/17052mW VDD_CPU_GPU_CV 8862mW/8044mW VDD_SOC 3883mW/3926mW
08-11-2026 23:22:42 RAM 6590/7607MB (lfb 2x4MB) SWAP 1431/16384MB (cached 130MB) CPU [2%@729,2%@729,4%@729,1%@729,0%@1344,81%@1344] GR3D_FREQ 97% cpu@62.562C soc2@61.625C soc0@62.375C gpu@64.218C tj@64.218C soc1@61.406C VDD_IN 17643mW/17053mW VDD_CPU_GPU_CV 8720mW/8045mW VDD_SOC 3923mW/3926mW
08-11-2026 23:22:43 RAM 6590/7607MB (lfb 2x4MB) SWAP 1431/16384MB (cached 130MB) CPU [5%@729,2%@729,1%@729,1%@729,0%@1344,75%@1344] GR3D_FREQ 97% cpu@62.781C soc2@61.75C soc0@62.406C gpu@63.906C tj@63.906C soc1@61.468C VDD_IN 17526mW/17054mW VDD_CPU_GPU_CV 8602mW/8046mW VDD_SOC 3923mW/3926mW
08-11-2026 23:22:44 RAM 6589/7607MB (lfb 2x4MB) SWAP 1431/16384MB (cached 130MB) CPU [0%@729,4%@729,2%@729,1%@729,0%@1344,75%@1344] GR3D_FREQ 97% cpu@62.5C soc2@61.656C soc0@62.375C gpu@63.968C tj@63.968C soc1@61.406C VDD_IN 17486mW/17055mW VDD_CPU_GPU_CV 8485mW/8047mW VDD_SOC 3923mW/3926mW
08-11-2026 23:22:45 RAM 6589/7607MB (lfb 2x4MB) SWAP 1431/16384MB (cached 130MB) CPU [5%@729,1%@729,1%@729,2%@729,0%@1344,75%@1344] GR3D_FREQ 97% cpu@62.593C soc2@61.656C soc0@62.437C gpu@63.875C tj@63.875C soc1@61.312C VDD_IN 17447mW/17055mW VDD_CPU_GPU_CV 8407mW/8047mW VDD_SOC 3962mW/3926mW
08-11-2026 23:22:46 RAM 6589/7607MB (lfb 2x4MB) SWAP 1431/16384MB (cached 130MB) CPU [9%@729,2%@1344,3%@1344,3%@1344,1%@1344,74%@1344] GR3D_FREQ 97% cpu@62.75C soc2@61.625C soc0@62.281C gpu@63.812C tj@63.812C soc1@61.375C VDD_IN 17290mW/17056mW VDD_CPU_GPU_CV 8094mW/8047mW VDD_SOC 4001mW/3926mW
08-11-2026 23:22:47 RAM 6588/7607MB (lfb 2x4MB) SWAP 1431/16384MB (cached 130MB) CPU [6%@729,7%@729,17%@729,6%@729,0%@1344,75%@1344] GR3D_FREQ 97% cpu@62.593C soc2@61.625C soc0@62.375C gpu@64.093C tj@64.093C soc1@61.406C VDD_IN 17250mW/17056mW VDD_CPU_GPU_CV 7977mW/8047mW VDD_SOC 4040mW/3926mW
08-11-2026 23:22:48 RAM 6587/7607MB (lfb 2x4MB) SWAP 1431/16384MB (cached 130MB) CPU [3%@729,1%@729,3%@729,2%@729,1%@1344,74%@1344] GR3D_FREQ 97% cpu@62.781C soc2@61.687C soc0@62.437C gpu@64.187C tj@64.187C soc1@61.468C VDD_IN 16975mW/17056mW VDD_CPU_GPU_CV 7625mW/8047mW VDD_SOC 4080mW/3926mW
08-11-2026 23:22:49 RAM 6588/7607MB (lfb 2x4MB) SWAP 1431/16384MB (cached 130MB) CPU [3%@729,2%@729,5%@729,2%@729,0%@1344,76%@1344] GR3D_FREQ 98% cpu@62.625C soc2@61.656C soc0@62.406C gpu@63.968C tj@63.968C soc1@61.531C VDD_IN 16767mW/17055mW VDD_CPU_GPU_CV 7246mW/8045mW VDD_SOC 4165mW/3927mW
08-11-2026 23:22:50 RAM 6588/7607MB (lfb 2x4MB) SWAP 1431/16384MB (cached 130MB) CPU [2%@729,4%@729,1%@729,3%@729,0%@729,75%@729] GR3D_FREQ 99% cpu@62.437C soc2@61.625C soc0@62.406C gpu@63.5C tj@63.5C soc1@61.312C VDD_IN 16491mW/17055mW VDD_CPU_GPU_CV 7676mW/8045mW VDD_SOC 3890mW/3927mW
08-11-2026 23:22:51 RAM 6588/7607MB (lfb 2x4MB) SWAP 1431/16384MB (cached 130MB) CPU [5%@729,5%@729,2%@729,3%@729,0%@729,83%@729] GR3D_FREQ 99% cpu@62.437C soc2@61.593C soc0@62.312C gpu@63.406C tj@63.406C soc1@61.375C VDD_IN 16740mW/17054mW VDD_CPU_GPU_CV 7990mW/8045mW VDD_SOC 3851mW/3926mW
08-11-2026 23:22:52 RAM 6585/7607MB (lfb 1x4MB) SWAP 1431/16384MB (cached 130MB) CPU [4%@729,12%@729,5%@729,16%@729,0%@729,85%@729] GR3D_FREQ 97% cpu@62.531C soc2@61.781C soc0@62.406C gpu@63.906C tj@63.906C soc1@61.437C VDD_IN 17761mW/17055mW VDD_CPU_GPU_CV 8862mW/8046mW VDD_SOC 3883mW/3926mW
08-11-2026 23:22:53 RAM 6585/7607MB (lfb 1x4MB) SWAP 1431/16384MB (cached 130MB) CPU [1%@729,1%@729,3%@729,2%@729,2%@1344,82%@1344] GR3D_FREQ 97% cpu@62.781C soc2@61.625C soc0@62.468C gpu@64.093C tj@64.093C soc1@61.406C VDD_IN 17643mW/17056mW VDD_CPU_GPU_CV 8720mW/8047mW VDD_SOC 3883mW/3926mW
08-11-2026 23:22:54 RAM 6585/7607MB (lfb 1x4MB) SWAP 1431/16384MB (cached 130MB) CPU [2%@729,1%@729,3%@729,1%@729,0%@1344,75%@1344] GR3D_FREQ 97% cpu@62.437C soc2@61.75C soc0@62.406C gpu@64C tj@64C soc1@61.343C VDD_IN 17565mW/17057mW VDD_CPU_GPU_CV 8641mW/8048mW VDD_SOC 3923mW/3926mW
08-11-2026 23:22:55 RAM 6585/7607MB (lfb 1x4MB) SWAP 1431/16384MB (cached 130MB) CPU [4%@729,1%@729,1%@729,3%@729,0%@1344,75%@1344] GR3D_FREQ 97% cpu@62.531C soc2@61.656C soc0@62.312C gpu@64.031C tj@64.031C soc1@61.343C VDD_IN 17526mW/17058mW VDD_CPU_GPU_CV 8524mW/8049mW VDD_SOC 3962mW/3926mW
08-11-2026 23:22:56 RAM 6585/7607MB (lfb 1x4MB) SWAP 1431/16384MB (cached 130MB) CPU [2%@729,1%@729,2%@729,1%@729,5%@1344,75%@1344] GR3D_FREQ 97% cpu@62.75C soc2@61.687C soc0@62.437C gpu@64.062C tj@64.062C soc1@61.437C VDD_IN 17486mW/17058mW VDD_CPU_GPU_CV 8446mW/8049mW VDD_SOC 3962mW/3926mW
08-11-2026 23:22:57 RAM 6585/7607MB (lfb 1x4MB) SWAP 1431/16384MB (cached 130MB) CPU [4%@729,2%@729,3%@729,2%@729,0%@1344,75%@1344] GR3D_FREQ 99% cpu@62.375C soc2@61.656C soc0@62.375C gpu@63.968C tj@63.968C soc1@61.406C VDD_IN 17250mW/17059mW VDD_CPU_GPU_CV 8133mW/8050mW VDD_SOC 4001mW/3927mW
08-11-2026 23:22:58 RAM 6587/7607MB (lfb 1x4MB) SWAP 1431/16384MB (cached 130MB) CPU [5%@729,6%@729,19%@729,9%@729,0%@1344,74%@1344] GR3D_FREQ 97% cpu@62.781C soc2@61.625C soc0@62.468C gpu@63.812C tj@63.812C soc1@61.468C VDD_IN 17250mW/17059mW VDD_CPU_GPU_CV 7977mW/8049mW VDD_SOC 4040mW/3927mW
08-11-2026 23:22:59 RAM 6587/7607MB (lfb 1x4MB) SWAP 1431/16384MB (cached 130MB) CPU [14%@1344,2%@1344,2%@1344,2%@1344,2%@729,62%@729] GR3D_FREQ 97% cpu@62.437C soc2@61.812C soc0@62.468C gpu@63.781C tj@63.781C soc1@61.343C VDD_IN 17054mW/17059mW VDD_CPU_GPU_CV 7703mW/8049mW VDD_SOC 4080mW/3927mW
08-11-2026 23:23:00 RAM 6587/7607MB (lfb 1x4MB) SWAP 1431/16384MB (cached 130MB) CPU [75%@1344,2%@1344,3%@1344,1%@1344,0%@729,0%@729] GR3D_FREQ 98% cpu@62.531C soc2@61.781C soc0@62.343C gpu@63.718C tj@63.718C soc1@61.343C VDD_IN 16806mW/17059mW VDD_CPU_GPU_CV 7324mW/8048mW VDD_SOC 4126mW/3927mW
08-11-2026 23:23:01 RAM 6587/7607MB (lfb 1x4MB) SWAP 1431/16384MB (cached 130MB) CPU [76%@729,3%@729,1%@729,5%@729,0%@729,0%@729] GR3D_FREQ 98% cpu@62.687C soc2@61.625C soc0@62.406C gpu@63.468C tj@63.468C soc1@61.343C VDD_IN 16531mW/17058mW VDD_CPU_GPU_CV 7598mW/8047mW VDD_SOC 3929mW/3927mW
08-11-2026 23:23:02 RAM 6587/7607MB (lfb 1x4MB) SWAP 1431/16384MB (cached 130MB) CPU [83%@729,2%@729,3%@729,3%@729,0%@729,1%@729] GR3D_FREQ 99% cpu@62.375C soc2@61.687C soc0@62.468C gpu@63.593C tj@63.593C soc1@61.5C VDD_IN 16767mW/17057mW VDD_CPU_GPU_CV 7899mW/8047mW VDD_SOC 3851mW/3927mW
08-11-2026 23:23:04 RAM 6586/7607MB (lfb 1x4MB) SWAP 1431/16384MB (cached 130MB) CPU [44%@729,6%@729,7%@729,17%@729,45%@729,0%@729] GR3D_FREQ 99% cpu@62.687C soc2@61.718C soc0@62.437C gpu@63.937C tj@64.156C soc1@61.562C VDD_IN 17879mW/17059mW VDD_CPU_GPU_CV 8784mW/8048mW VDD_SOC 4001mW/3927mW
08-11-2026 23:23:05 RAM 6586/7607MB (lfb 1x4MB) SWAP 1431/16384MB (cached 130MB) CPU [2%@729,2%@729,2%@729,1%@729,84%@1344,0%@1344] GR3D_FREQ 97% cpu@62.531C soc2@61.687C soc0@62.5C gpu@64.218C tj@64.218C soc1@61.375C VDD_IN 17683mW/17059mW VDD_CPU_GPU_CV 8705mW/8049mW VDD_SOC 3883mW/3927mW
08-11-2026 23:23:06 RAM 6586/7607MB (lfb 1x4MB) SWAP 1431/16384MB (cached 130MB) CPU [2%@729,1%@729,4%@729,3%@729,75%@1344,0%@1344] GR3D_FREQ 98% cpu@62.5C soc2@61.687C soc0@62.343C gpu@64.187C tj@64.187C soc1@61.468C VDD_IN 17565mW/17060mW VDD_CPU_GPU_CV 8588mW/8050mW VDD_SOC 3923mW/3927mW
08-11-2026 23:23:07 RAM 6586/7607MB (lfb 1x4MB) SWAP 1431/16384MB (cached 130MB) CPU [4%@729,2%@729,3%@729,1%@729,76%@1344,2%@1344] GR3D_FREQ 97% cpu@62.625C soc2@61.625C soc0@62.406C gpu@64.218C tj@64.218C soc1@61.375C VDD_IN 17526mW/17061mW VDD_CPU_GPU_CV 8471mW/8050mW VDD_SOC 3923mW/3927mW
08-11-2026 23:23:08 RAM 6586/7607MB (lfb 1x4MB) SWAP 1431/16384MB (cached 130MB) CPU [3%@729,4%@729,4%@729,1%@729,74%@1344,0%@1344] GR3D_FREQ 97% cpu@62.375C soc2@61.75C soc0@62.406C gpu@63.875C tj@63.875C soc1@61.531C VDD_IN 17526mW/17062mW VDD_CPU_GPU_CV 8446mW/8051mW VDD_SOC 3962mW/3927mW
08-11-2026 23:23:09 RAM 6589/7607MB (lfb 1x4MB) SWAP 1431/16384MB (cached 130MB) CPU [3%@729,2%@729,2%@729,2%@729,74%@1344,0%@1344] GR3D_FREQ 99% cpu@62.468C soc2@61.687C soc0@62.437C gpu@63.875C tj@63.875C soc1@61.531C VDD_IN 17329mW/17062mW VDD_CPU_GPU_CV 8211mW/8051mW VDD_SOC 4001mW/3927mW
08-11-2026 23:23:10 RAM 6587/7607MB (lfb 1x4MB) SWAP 1431/16384MB (cached 130MB) CPU [19%@729,4%@729,12%@729,4%@729,74%@1344,0%@1344] GR3D_FREQ 97% cpu@62.531C soc2@61.625C soc0@62.593C gpu@63.937C tj@63.937C soc1@61.375C VDD_IN 17250mW/17062mW VDD_CPU_GPU_CV 8055mW/8051mW VDD_SOC 4040mW/3928mW
08-11-2026 23:23:11 RAM 6587/7607MB (lfb 1x4MB) SWAP 1431/16384MB (cached 130MB) CPU [3%@729,1%@729,4%@729,1%@729,75%@1344,0%@1344] GR3D_FREQ 97% cpu@62.593C soc2@61.656C soc0@62.375C gpu@63.875C tj@63.875C soc1@61.343C VDD_IN 17054mW/17062mW VDD_CPU_GPU_CV 7703mW/8051mW VDD_SOC 4040mW/3928mW
08-11-2026 23:23:12 RAM 6587/7607MB (lfb 1x4MB) SWAP 1431/16384MB (cached 130MB) CPU [3%@729,1%@729,5%@729,2%@729,75%@1344,0%@1344] GR3D_FREQ 97% cpu@62.718C soc2@61.625C soc0@62.406C gpu@63.718C tj@63.718C soc1@61.5C VDD_IN 16846mW/17062mW VDD_CPU_GPU_CV 7363mW/8050mW VDD_SOC 4126mW/3928mW
08-11-2026 23:23:13 RAM 6587/7607MB (lfb 1x4MB) SWAP 1431/16384MB (cached 130MB) CPU [2%@729,1%@729,3%@729,5%@729,76%@729,0%@729] GR3D_FREQ 98% cpu@62.5C soc2@61.718C soc0@62.562C gpu@63.781C tj@63.781C soc1@61.5C VDD_IN 16491mW/17061mW VDD_CPU_GPU_CV 7520mW/8049mW VDD_SOC 3929mW/3928mW
08-11-2026 23:23:14 RAM 6587/7607MB (lfb 1x4MB) SWAP 1431/16384MB (cached 130MB) CPU [3%@729,2%@729,3%@729,3%@729,81%@729,0%@729] GR3D_FREQ 98% cpu@62.562C soc2@61.656C soc0@62.562C gpu@63.875C tj@63.875C soc1@61.375C VDD_IN 16728mW/17061mW VDD_CPU_GPU_CV 7872mW/8049mW VDD_SOC 3851mW/3928mW
08-11-2026 23:23:15 RAM 6586/7607MB (lfb 1x4MB) SWAP 1431/16384MB (cached 130MB) CPU [19%@729,9%@729,17%@729,4%@729,72%@729,0%@729] GR3D_FREQ 99% cpu@62.625C soc2@61.812C soc0@62.312C gpu@63.968C tj@63.968C soc1@61.375C VDD_IN 17811mW/17062mW VDD_CPU_GPU_CV 8744mW/8050mW VDD_SOC 4001mW/3928mW
08-11-2026 23:23:16 RAM 6586/7607MB (lfb 1x4MB) SWAP 1431/16384MB (cached 130MB) CPU [85%@1344,2%@1344,4%@1344,3%@1344,0%@729,0%@729] GR3D_FREQ 97% cpu@62.781C soc2@61.906C soc0@62.406C gpu@64C tj@64C soc1@61.437C VDD_IN 17722mW/17063mW VDD_CPU_GPU_CV 8744mW/8051mW VDD_SOC 3923mW/3928mW
08-11-2026 23:23:17 RAM 6586/7607MB (lfb 1x4MB) SWAP 1431/16384MB (cached 130MB) CPU [65%@1344,2%@1344,1%@1344,2%@1344,12%@729,0%@729] GR3D_FREQ 98% cpu@62.812C soc2@61.906C soc0@62.437C gpu@63.968C tj@63.968C soc1@61.531C VDD_IN 17565mW/17064mW VDD_CPU_GPU_CV 8588mW/8052mW VDD_SOC 3923mW/3928mW
08-11-2026 23:23:18 RAM 6586/7607MB (lfb 1x4MB) SWAP 1431/16384MB (cached 130MB) CPU [76%@1344,2%@1344,3%@1344,2%@1344,0%@729,0%@729] GR3D_FREQ 98% cpu@62.531C soc2@61.812C soc0@62.593C gpu@63.968C tj@63.968C soc1@61.562C VDD_IN 17565mW/17064mW VDD_CPU_GPU_CV 8563mW/8052mW VDD_SOC 3923mW/3928mW
08-11-2026 23:23:19 RAM 6586/7607MB (lfb 1x4MB) SWAP 1431/16384MB (cached 130MB) CPU [12%@729,1%@729,6%@729,1%@729,65%@1344,0%@1344] GR3D_FREQ 97% cpu@62.5C soc2@61.656C soc0@62.5C gpu@64.031C tj@64.031C soc1@61.375C VDD_IN 17486mW/17065mW VDD_CPU_GPU_CV 8407mW/8053mW VDD_SOC 3962mW/3928mW
08-11-2026 23:23:20 RAM 6586/7607MB (lfb 1x4MB) SWAP 1431/16384MB (cached 130MB) CPU [9%@1344,1%@1344,6%@1344,2%@1344,74%@1344,1%@1344] GR3D_FREQ 97% cpu@62.906C soc2@61.656C soc0@62.437C gpu@64.031C tj@64.031C soc1@61.406C VDD_IN 17368mW/17065mW VDD_CPU_GPU_CV 8211mW/8053mW VDD_SOC 4001mW/3928mW
08-11-2026 23:23:21 RAM 6587/7607MB (lfb 1x4MB) SWAP 1431/16384MB (cached 130MB) CPU [17%@729,3%@729,7%@729,6%@729,75%@1344,1%@1344] GR3D_FREQ 97% cpu@62.718C soc2@61.718C soc0@62.5C gpu@64.093C tj@64.093C soc1@61.468C VDD_IN 17290mW/17066mW VDD_CPU_GPU_CV 8055mW/8053mW VDD_SOC 4001mW/3928mW
08-11-2026 23:23:22 RAM 6587/7607MB (lfb 1x4MB) SWAP 1431/16384MB (cached 130MB) CPU [0%@729,3%@729,4%@729,1%@729,76%@1344,0%@1344] GR3D_FREQ 97% cpu@62.562C soc2@61.656C soc0@62.531C gpu@63.968C tj@63.968C soc1@61.562C VDD_IN 17054mW/17066mW VDD_CPU_GPU_CV 7742mW/8053mW VDD_SOC 4040mW/3928mW
08-11-2026 23:23:23 RAM 6586/7607MB (lfb 1x4MB) SWAP 1431/16384MB (cached 130MB) CPU [4%@729,1%@729,3%@729,2%@729,75%@1344,0%@1344] GR3D_FREQ 97% cpu@62.593C soc2@61.718C soc0@62.5C gpu@63.906C tj@63.906C soc1@61.531C VDD_IN 16857mW/17065mW VDD_CPU_GPU_CV 7402mW/8052mW VDD_SOC 4126mW/3929mW
08-11-2026 23:23:24 RAM 6587/7607MB (lfb 1x4MB) SWAP 1431/16384MB (cached 130MB) CPU [1%@729,0%@729,4%@729,1%@729,75%@729,0%@729] GR3D_FREQ 99% cpu@62.531C soc2@61.718C soc0@62.5C gpu@63.343C tj@63.343C soc1@61.5C VDD_IN 16570mW/17065mW VDD_CPU_GPU_CV 7520mW/8051mW VDD_SOC 3968mW/3929mW
08-11-2026 23:23:25 RAM 6587/7607MB (lfb 1x4MB) SWAP 1431/16384MB (cached 130MB) CPU [4%@729,2%@729,4%@729,2%@729,82%@729,0%@729] GR3D_FREQ 99% cpu@62.437C soc2@61.656C soc0@62.375C gpu@63.375C tj@63.375C soc1@61.437C VDD_IN 16531mW/17064mW VDD_CPU_GPU_CV 7794mW/8050mW VDD_SOC 3851mW/3929mW
08-11-2026 23:23:26 RAM 6587/7607MB (lfb 1x4MB) SWAP 1431/16384MB (cached 130MB) CPU [3%@729,15%@1344,7%@1344,11%@1344,84%@729,0%@729] GR3D_FREQ 98% cpu@62.812C soc2@61.812C soc0@62.343C gpu@63.937C tj@63.937C soc1@61.5C VDD_IN 17801mW/17065mW VDD_CPU_GPU_CV 8666mW/8051mW VDD_SOC 4001mW/3929mW
08-11-2026 23:23:27 RAM 6588/7607MB (lfb 1x4MB) SWAP 1431/16384MB (cached 130MB) CPU [2%@729,1%@729,1%@729,3%@729,85%@1344,0%@1344] GR3D_FREQ 97% cpu@62.468C soc2@61.812C soc0@62.406C gpu@64.25C tj@64.25C soc1@61.593C VDD_IN 17683mW/17066mW VDD_CPU_GPU_CV 8759mW/8052mW VDD_SOC 3923mW/3929mW
08-11-2026 23:23:28 RAM 6588/7607MB (lfb 1x4MB) SWAP 1431/16384MB (cached 130MB) CPU [2%@729,6%@729,2%@729,1%@729,76%@1344,1%@1344] GR3D_FREQ 99% cpu@62.562C soc2@61.687C soc0@62.531C gpu@64.156C tj@64.156C soc1@61.375C VDD_IN 17565mW/17067mW VDD_CPU_GPU_CV 8602mW/8053mW VDD_SOC 3923mW/3929mW
08-11-2026 23:23:29 RAM 6588/7607MB (lfb 1x4MB) SWAP 1431/16384MB (cached 130MB) CPU [2%@729,1%@729,8%@729,2%@729,75%@1344,1%@1344] GR3D_FREQ 97% cpu@62.625C soc2@61.687C soc0@62.343C gpu@64.218C tj@64.218C soc1@61.406C VDD_IN 17565mW/17067mW VDD_CPU_GPU_CV 8563mW/8054mW VDD_SOC 3923mW/3929mW
08-11-2026 23:23:30 RAM 6589/7607MB (lfb 1x4MB) SWAP 1431/16384MB (cached 130MB) CPU [2%@729,0%@729,7%@729,3%@729,74%@1344,2%@1344] GR3D_FREQ 97% cpu@62.593C soc2@61.687C soc0@62.375C gpu@64.156C tj@64.156C soc1@61.468C VDD_IN 17526mW/17068mW VDD_CPU_GPU_CV 8446mW/8055mW VDD_SOC 3962mW/3929mW
08-11-2026 23:23:31 RAM 6588/7607MB (lfb 1x4MB) SWAP 1431/16384MB (cached 130MB) CPU [10%@806,3%@806,5%@806,3%@806,75%@1344,4%@1344] GR3D_FREQ 98% cpu@62.937C soc2@61.781C soc0@62.437C gpu@64.218C tj@64.218C soc1@61.5C VDD_IN 17486mW/17069mW VDD_CPU_GPU_CV 8329mW/8055mW VDD_SOC 4001mW/3929mW
08-11-2026 23:23:32 RAM 6591/7607MB (lfb 1x4MB) SWAP 1431/16384MB (cached 130MB) CPU [10%@729,2%@729,5%@729,6%@729,75%@1344,0%@1344] GR3D_FREQ 97% cpu@62.437C soc2@61.656C soc0@62.468C gpu@63.906C tj@63.906C soc1@61.656C VDD_IN 17211mW/17069mW VDD_CPU_GPU_CV 8055mW/8055mW VDD_SOC 4001mW/3929mW
08-11-2026 23:23:33 RAM 6591/7607MB (lfb 1x4MB) SWAP 1431/16384MB (cached 130MB) CPU [2%@729,2%@729,4%@729,1%@729,75%@1344,1%@1344] GR3D_FREQ 97% cpu@62.468C soc2@61.593C soc0@62.531C gpu@63.843C tj@63.843C soc1@61.406C VDD_IN 17015mW/17069mW VDD_CPU_GPU_CV 7742mW/8055mW VDD_SOC 4040mW/3929mW
08-11-2026 23:23:34 RAM 6591/7607MB (lfb 1x4MB) SWAP 1431/16384MB (cached 130MB) CPU [3%@729,2%@729,0%@729,4%@729,76%@1344,1%@1344] GR3D_FREQ 97% cpu@62.718C soc2@61.718C soc0@62.437C gpu@63.718C tj@63.718C soc1@61.437C VDD_IN 16857mW/17068mW VDD_CPU_GPU_CV 7402mW/8054mW VDD_SOC 4126mW/3929mW
08-11-2026 23:23:35 RAM 6590/7607MB (lfb 1x4MB) SWAP 1431/16384MB (cached 130MB) CPU [2%@729,0%@729,1%@729,4%@729,75%@729,0%@729] GR3D_FREQ 99% cpu@62.625C soc2@61.781C soc0@62.375C gpu@63.375C tj@63.375C soc1@61.468C VDD_IN 16570mW/17068mW VDD_CPU_GPU_CV 7481mW/8053mW VDD_SOC 3968mW/3930mW
08-11-2026 23:23:36 RAM 6590/7607MB (lfb 1x4MB) SWAP 1431/16384MB (cached 130MB) CPU [2%@729,2%@729,3%@729,3%@729,82%@729,1%@729] GR3D_FREQ 99% cpu@62.781C soc2@61.625C soc0@62.468C gpu@63.343C tj@63.343C soc1@61.5C VDD_IN 16570mW/17067mW VDD_CPU_GPU_CV 7794mW/8052mW VDD_SOC 3851mW/3929mW
08-11-2026 23:23:37 RAM 6589/7607MB (lfb 1x4MB) SWAP 1431/16384MB (cached 130MB) CPU [11%@729,14%@729,5%@729,9%@729,85%@729,0%@729] GR3D_FREQ 99% cpu@62.593C soc2@61.781C soc0@62.593C gpu@64.031C tj@64.031C soc1@61.562C VDD_IN 17772mW/17068mW VDD_CPU_GPU_CV 8705mW/8053mW VDD_SOC 4001mW/3930mW
08-11-2026 23:23:38 RAM 6589/7607MB (lfb 1x4MB) SWAP 1431/16384MB (cached 130MB) CPU [2%@729,2%@729,1%@729,3%@729,84%@1344,0%@1344] GR3D_FREQ 97% cpu@62.5C soc2@61.75C soc0@62.531C gpu@64.312C tj@64.312C soc1@61.406C VDD_IN 17643mW/17069mW VDD_CPU_GPU_CV 8744mW/8054mW VDD_SOC 3923mW/3930mW
08-11-2026 23:23:39 RAM 6590/7607MB (lfb 1x4MB) SWAP 1431/16384MB (cached 130MB) CPU [1%@729,2%@729,2%@729,4%@729,76%@1344,2%@1344] GR3D_FREQ 98% cpu@62.656C soc2@61.687C soc0@62.406C gpu@64.343C tj@64.343C soc1@61.343C VDD_IN 17643mW/17070mW VDD_CPU_GPU_CV 8627mW/8055mW VDD_SOC 3923mW/3929mW
08-11-2026 23:23:40 RAM 6590/7607MB (lfb 1x4MB) SWAP 1431/16384MB (cached 130MB) CPU [2%@729,4%@729,3%@729,5%@729,75%@1344,1%@1344] GR3D_FREQ 97% cpu@62.687C soc2@61.718C soc0@62.468C gpu@64C tj@64C soc1@61.531C VDD_IN 17643mW/17071mW VDD_CPU_GPU_CV 8602mW/8056mW VDD_SOC 3962mW/3930mW
08-11-2026 23:23:41 RAM 6591/7607MB (lfb 1x4MB) SWAP 1431/16384MB (cached 130MB) CPU [1%@729,1%@729,2%@729,3%@729,74%@1344,1%@1344] GR3D_FREQ 97% cpu@62.781C soc2@61.75C soc0@62.5C gpu@63.968C tj@63.968C soc1@61.5C VDD_IN 17526mW/17071mW VDD_CPU_GPU_CV 8446mW/8057mW VDD_SOC 3962mW/3930mW
08-11-2026 23:23:42 RAM 6593/7607MB (lfb 1x4MB) SWAP 1431/16384MB (cached 130MB) CPU [6%@1113,16%@1113,8%@1113,5%@1113,76%@1344,0%@1344] GR3D_FREQ 97% cpu@62.562C soc2@61.781C soc0@62.5C gpu@63.843C tj@63.843C soc1@61.375C VDD_IN 17526mW/17072mW VDD_CPU_GPU_CV 8368mW/8057mW VDD_SOC 4001mW/3930mW
08-11-2026 23:23:43 RAM 6593/7607MB (lfb 1x4MB) SWAP 1431/16384MB (cached 130MB) CPU [2%@729,2%@729,2%@729,8%@729,74%@1344,0%@1344] GR3D_FREQ 97% cpu@62.5C soc2@61.625C soc0@62.406C gpu@64.062C tj@64.062C soc1@61.468C VDD_IN 17250mW/17072mW VDD_CPU_GPU_CV 8055mW/8057mW VDD_SOC 4001mW/3930mW
08-11-2026 23:23:44 RAM 6594/7607MB (lfb 1x4MB) SWAP 1431/16384MB (cached 130MB) CPU [2%@729,4%@729,1%@729,2%@729,75%@1344,1%@1344] GR3D_FREQ 97% cpu@62.718C soc2@61.75C soc0@62.468C gpu@64.031C tj@64.031C soc1@61.531C VDD_IN 17054mW/17072mW VDD_CPU_GPU_CV 7742mW/8057mW VDD_SOC 4040mW/3930mW
08-11-2026 23:23:45 RAM 6594/7607MB (lfb 1x4MB) SWAP 1431/16384MB (cached 130MB) CPU [2%@729,2%@729,4%@729,2%@729,75%@1344,0%@1344] GR3D_FREQ 97% cpu@62.437C soc2@61.687C soc0@62.375C gpu@63.906C tj@63.906C soc1@61.531C VDD_IN 16885mW/17072mW VDD_CPU_GPU_CV 7351mW/8056mW VDD_SOC 4126mW/3930mW
08-11-2026 23:23:46 RAM 6595/7607MB (lfb 1x4MB) SWAP 1431/16384MB (cached 130MB) CPU [3%@729,4%@729,1%@729,1%@729,74%@729,0%@729] GR3D_FREQ 98% cpu@62.75C soc2@61.812C soc0@62.593C gpu@63.687C tj@63.687C soc1@61.687C VDD_IN 16491mW/17071mW VDD_CPU_GPU_CV 7559mW/8055mW VDD_SOC 3929mW/3930mW
08-11-2026 23:23:47 RAM 6595/7607MB (lfb 1x4MB) SWAP 1431/16384MB (cached 130MB) CPU [2%@729,2%@729,7%@729,1%@729,82%@729,0%@729] GR3D_FREQ 99% cpu@62.406C soc2@61.812C soc0@62.656C gpu@63.593C tj@63.593C soc1@61.468C VDD_IN 16806mW/17071mW VDD_CPU_GPU_CV 7938mW/8055mW VDD_SOC 3851mW/3930mW
08-11-2026 23:23:48 RAM 6597/7607MB (lfb 1x4MB) SWAP 1431/16384MB (cached 130MB) CPU [9%@729,16%@729,11%@729,2%@729,85%@729,0%@729] GR3D_FREQ 99% cpu@62.593C soc2@61.812C soc0@62.468C gpu@64.062C tj@64.062C soc1@61.468C VDD_IN 17761mW/17072mW VDD_CPU_GPU_CV 8784mW/8056mW VDD_SOC 3962mW/3930mW
08-11-2026 23:23:49 RAM 6598/7607MB (lfb 1x4MB) SWAP 1431/16384MB (cached 130MB) CPU [0%@729,2%@729,1%@729,6%@729,83%@1344,1%@1344] GR3D_FREQ 97% cpu@62.687C soc2@61.718C soc0@62.531C gpu@64C tj@64C soc1@61.468C VDD_IN 17722mW/17073mW VDD_CPU_GPU_CV 8744mW/8057mW VDD_SOC 3923mW/3930mW
08-11-2026 23:23:50 RAM 6598/7607MB (lfb 1x4MB) SWAP 1431/16384MB (cached 130MB) CPU [2%@729,2%@729,1%@729,5%@729,74%@1344,0%@1344] GR3D_FREQ 97% cpu@62.5C soc2@61.75C soc0@62.5C gpu@63.968C tj@63.968C soc1@61.562C VDD_IN 17565mW/17073mW VDD_CPU_GPU_CV 8563mW/8057mW VDD_SOC 3923mW/3930mW
08-11-2026 23:23:51 RAM 6599/7607MB (lfb 1x4MB) SWAP 1431/16384MB (cached 130MB) CPU [3%@729,0%@729,10%@729,1%@729,75%@1344,1%@1344] GR3D_FREQ 97% cpu@62.562C soc2@61.75C soc0@62.468C gpu@64.218C tj@64.218C soc1@61.5C VDD_IN 17604mW/17074mW VDD_CPU_GPU_CV 8563mW/8058mW VDD_SOC 3962mW/3930mW
08-11-2026 23:23:52 RAM 6599/7607MB (lfb 1x4MB) SWAP 1431/16384MB (cached 130MB) CPU [2%@729,1%@729,2%@729,5%@729,75%@1344,0%@1344] GR3D_FREQ 97% cpu@62.656C soc2@61.75C soc0@62.437C gpu@64.25C tj@64.25C soc1@61.437C VDD_IN 17526mW/17075mW VDD_CPU_GPU_CV 8446mW/8059mW VDD_SOC 3962mW/3930mW
08-11-2026 23:23:53 RAM 6598/7607MB (lfb 1x4MB) SWAP 1431/16384MB (cached 130MB) CPU [5%@729,6%@729,18%@729,11%@729,75%@1344,0%@1344] GR3D_FREQ 99% cpu@62.875C soc2@61.812C soc0@62.406C gpu@64.187C tj@64.187C soc1@61.531C VDD_IN 17604mW/17075mW VDD_CPU_GPU_CV 8407mW/8059mW VDD_SOC 4001mW/3930mW
08-11-2026 23:23:54 RAM 6598/7607MB (lfb 1x4MB) SWAP 1431/16384MB (cached 130MB) CPU [28%@1344,4%@1344,4%@1344,2%@1344,49%@729,1%@729] GR3D_FREQ 97% cpu@62.812C soc2@61.875C soc0@62.437C gpu@64.218C tj@64.218C soc1@61.562C VDD_IN 17250mW/17076mW VDD_CPU_GPU_CV 8016mW/8059mW VDD_SOC 4040mW/3930mW
08-11-2026 23:23:55 RAM 6598/7607MB (lfb 1x4MB) SWAP 1431/16384MB (cached 130MB) CPU [75%@1344,2%@1344,3%@1344,1%@1344,0%@729,1%@729] GR3D_FREQ 97% cpu@62.593C soc2@61.906C soc0@62.468C gpu@64.187C tj@64.187C soc1@61.625C VDD_IN 17093mW/17076mW VDD_CPU_GPU_CV 7742mW/8059mW VDD_SOC 4080mW/3931mW
08-11-2026 23:23:56 RAM 6598/7607MB (lfb 1x4MB) SWAP 1431/16384MB (cached 130MB) CPU [72%@729,1%@729,3%@729,1%@729,4%@1344,1%@1344] GR3D_FREQ 97% cpu@62.593C soc2@61.781C soc0@62.687C gpu@64.125C tj@64.125C soc1@61.437C VDD_IN 16897mW/17075mW VDD_CPU_GPU_CV 7351mW/8058mW VDD_SOC 4126mW/3931mW
08-11-2026 23:23:57 RAM 6598/7607MB (lfb 1x4MB) SWAP 1431/16384MB (cached 130MB) CPU [2%@729,1%@729,3%@729,2%@729,76%@729,3%@729] GR3D_FREQ 98% cpu@62.656C soc2@61.718C soc0@62.531C gpu@63.5C tj@63.5C soc1@61.531C VDD_IN 16609mW/17075mW VDD_CPU_GPU_CV 7598mW/8057mW VDD_SOC 3968mW/3931mW
08-11-2026 23:23:58 RAM 6599/7607MB (lfb 1x4MB) SWAP 1431/16384MB (cached 130MB) CPU [2%@729,2%@729,3%@729,5%@729,82%@806,0%@806] GR3D_FREQ 99% cpu@62.625C soc2@61.656C soc0@62.468C gpu@63.625C tj@63.625C soc1@61.5C VDD_IN 16767mW/17074mW VDD_CPU_GPU_CV 7938mW/8057mW VDD_SOC 3851mW/3931mW
08-11-2026 23:23:59 RAM 6599/7607MB (lfb 1x4MB) SWAP 1431/16384MB (cached 130MB) CPU [18%@729,8%@729,2%@729,8%@729,85%@729,0%@729] GR3D_FREQ 99% cpu@62.718C soc2@61.937C soc0@62.531C gpu@64.093C tj@64.093C soc1@61.531C VDD_IN 17761mW/17075mW VDD_CPU_GPU_CV 8744mW/8058mW VDD_SOC 4001mW/3931mW
08-11-2026 23:24:00 RAM 6600/7607MB (lfb 1x4MB) SWAP 1431/16384MB (cached 130MB) CPU [7%@729,2%@729,0%@729,2%@729,83%@1344,0%@1344] GR3D_FREQ 97% cpu@62.468C soc2@61.687C soc0@62.593C gpu@64.156C tj@64.156C soc1@61.656C VDD_IN 17683mW/17076mW VDD_CPU_GPU_CV 8744mW/8059mW VDD_SOC 3923mW/3931mW
08-11-2026 23:24:01 RAM 6600/7607MB (lfb 1x4MB) SWAP 1431/16384MB (cached 130MB) CPU [61%@1344,3%@1344,2%@1344,1%@1344,15%@729,0%@729] GR3D_FREQ 97% cpu@62.656C soc2@61.968C soc0@62.593C gpu@64.25C tj@64.25C soc1@61.562C VDD_IN 17565mW/17077mW VDD_CPU_GPU_CV 8549mW/8059mW VDD_SOC 3923mW/3931mW
08-11-2026 23:24:02 RAM 6600/7607MB (lfb 1x4MB) SWAP 1431/16384MB (cached 130MB) CPU [23%@729,4%@729,7%@729,1%@729,53%@1344,0%@1344] GR3D_FREQ 97% cpu@62.687C soc2@61.687C soc0@62.375C gpu@64.406C tj@64.406C soc1@61.531C VDD_IN 17604mW/17078mW VDD_CPU_GPU_CV 8588mW/8060mW VDD_SOC 3962mW/3931mW
08-11-2026 23:24:03 RAM 6601/7607MB (lfb 1x4MB) SWAP 1431/16384MB (cached 130MB) CPU [3%@729,1%@729,2%@729,5%@729,74%@1344,0%@1344] GR3D_FREQ 97% cpu@62.843C soc2@61.843C soc0@62.437C gpu@64.375C tj@64.375C soc1@61.593C VDD_IN 17526mW/17078mW VDD_CPU_GPU_CV 8432mW/8061mW VDD_SOC 3962mW/3931mW
08-11-2026 23:24:04 RAM 6601/7607MB (lfb 1x4MB) SWAP 1431/16384MB (cached 130MB) CPU [7%@729,3%@729,18%@729,10%@729,75%@1344,0%@1344] GR3D_FREQ 99% cpu@62.75C soc2@61.843C soc0@62.562C gpu@64.312C tj@64.312C soc1@61.562C VDD_IN 17526mW/17079mW VDD_CPU_GPU_CV 8329mW/8061mW VDD_SOC 4001mW/3931mW
08-11-2026 23:24:05 RAM 6602/7607MB (lfb 1x4MB) SWAP 1431/16384MB (cached 130MB) CPU [3%@1113,4%@1113,2%@1113,3%@1113,74%@1344,0%@1344] GR3D_FREQ 97% cpu@62.531C soc2@61.781C soc0@62.593C gpu@63.937C tj@63.937C soc1@61.656C VDD_IN 17250mW/17079mW VDD_CPU_GPU_CV 7977mW/8061mW VDD_SOC 4040mW/3931mW
08-11-2026 23:24:06 RAM 6602/7607MB (lfb 1x4MB) SWAP 1431/16384MB (cached 130MB) CPU [4%@729,5%@729,2%@729,1%@729,75%@1344,0%@1344] GR3D_FREQ 97% cpu@62.593C soc2@61.718C soc0@62.562C gpu@63.875C tj@64C soc1@61.437C VDD_IN 17133mW/17079mW VDD_CPU_GPU_CV 7781mW/8061mW VDD_SOC 4080mW/3932mW
08-11-2026 23:24:07 RAM 6603/7607MB (lfb 1x4MB) SWAP 1431/16384MB (cached 130MB) CPU [3%@729,2%@729,1%@729,4%@729,76%@1344,0%@1344] GR3D_FREQ 98% cpu@62.718C soc2@61.843C soc0@62.562C gpu@63.968C tj@63.968C soc1@61.531C VDD_IN 16857mW/17079mW VDD_CPU_GPU_CV 7390mW/8060mW VDD_SOC 4126mW/3932mW
08-11-2026 23:24:08 RAM 6603/7607MB (lfb 1x4MB) SWAP 1431/16384MB (cached 130MB) CPU [9%@729,2%@729,2%@729,5%@729,68%@729,0%@729] GR3D_FREQ 99% cpu@62.843C soc2@61.75C soc0@62.531C gpu@63.625C tj@63.625C soc1@61.5C VDD_IN 16570mW/17078mW VDD_CPU_GPU_CV 7598mW/8059mW VDD_SOC 3968mW/3932mW
08-11-2026 23:24:09 RAM 6603/7607MB (lfb 1x4MB) SWAP 1431/16384MB (cached 130MB) CPU [16%@729,2%@729,5%@729,2%@729,68%@729,0%@729] GR3D_FREQ 99% cpu@62.5C soc2@61.718C soc0@62.5C gpu@63.781C tj@63.781C soc1@61.468C VDD_IN 16806mW/17078mW VDD_CPU_GPU_CV 7938mW/8059mW VDD_SOC 3851mW/3932mW
08-11-2026 23:24:10 RAM 6604/7607MB (lfb 1x4MB) SWAP 1431/16384MB (cached 130MB) CPU [8%@729,17%@729,6%@729,8%@729,85%@729,0%@729] GR3D_FREQ 99% cpu@62.625C soc2@61.906C soc0@62.593C gpu@64.25C tj@64.25C soc1@61.5C VDD_IN 17801mW/17079mW VDD_CPU_GPU_CV 8744mW/8060mW VDD_SOC 3962mW/3932mW
08-11-2026 23:24:11 RAM 6598/7607MB (lfb 1x4MB) SWAP 1431/16384MB (cached 130MB) CPU [62%@1344,1%@1344,1%@1344,5%@1344,23%@729,0%@729] GR3D_FREQ 97% cpu@62.718C soc2@61.875C soc0@62.5C gpu@64.281C tj@64.281C soc1@61.531C VDD_IN 17683mW/17080mW VDD_CPU_GPU_CV 8744mW/8061mW VDD_SOC 3923mW/3932mW
08-11-2026 23:24:12 RAM 6599/7607MB (lfb 1x4MB) SWAP 1431/16384MB (cached 130MB) CPU [75%@1344,2%@1344,4%@1344,2%@1344,0%@729,1%@729] GR3D_FREQ 97% cpu@62.843C soc2@61.937C soc0@62.593C gpu@64C tj@64C soc1@61.593C VDD_IN 17565mW/17080mW VDD_CPU_GPU_CV 8549mW/8061mW VDD_SOC 3923mW/3932mW
08-11-2026 23:24:13 RAM 6599/7607MB (lfb 1x4MB) SWAP 1431/16384MB (cached 130MB) CPU [53%@729,2%@729,7%@729,2%@729,22%@1344,0%@1344] GR3D_FREQ 98% cpu@62.781C soc2@61.875C soc0@62.468C gpu@64.062C tj@64.062C soc1@61.5C VDD_IN 17565mW/17081mW VDD_CPU_GPU_CV 8510mW/8062mW VDD_SOC 3962mW/3932mW
08-11-2026 23:24:14 RAM 6599/7607MB (lfb 1x4MB) SWAP 1431/16384MB (cached 130MB) CPU [14%@729,2%@729,4%@729,2%@729,63%@1344,0%@1344] GR3D_FREQ 98% cpu@62.5C soc2@61.75C soc0@62.593C gpu@64.062C tj@64.062C soc1@61.531C VDD_IN 17486mW/17082mW VDD_CPU_GPU_CV 8407mW/8063mW VDD_SOC 3962mW/3932mW
08-11-2026 23:24:15 RAM 6605/7607MB (lfb 1x4MB) SWAP 1431/16384MB (cached 130MB) CPU [4%@729,4%@729,16%@729,13%@729,75%@1344,0%@1344] GR3D_FREQ 97% cpu@62.656C soc2@61.906C soc0@62.531C gpu@63.937C tj@63.937C soc1@61.437C VDD_IN 17486mW/17082mW VDD_CPU_GPU_CV 8329mW/8063mW VDD_SOC 4001mW/3932mW
08-11-2026 23:24:16 RAM 6605/7607MB (lfb 1x4MB) SWAP 1431/16384MB (cached 130MB) CPU [7%@729,3%@729,2%@729,1%@729,75%@1344,0%@1344] GR3D_FREQ 97% cpu@62.593C soc2@61.687C soc0@62.406C gpu@64.031C tj@64.031C soc1@61.531C VDD_IN 17211mW/17082mW VDD_CPU_GPU_CV 7977mW/8063mW VDD_SOC 4040mW/3932mW
08-11-2026 23:24:17 RAM 6606/7607MB (lfb 1x4MB) SWAP 1431/16384MB (cached 130MB) CPU [2%@729,1%@729,2%@729,3%@729,75%@1344,2%@1344] GR3D_FREQ 97% cpu@62.625C soc2@61.781C soc0@62.468C gpu@63.875C tj@63.875C soc1@61.531C VDD_IN 17015mW/17082mW VDD_CPU_GPU_CV 7664mW/8062mW VDD_SOC 4080mW/3932mW
08-11-2026 23:24:18 RAM 6606/7607MB (lfb 1x4MB) SWAP 1431/16384MB (cached 130MB) CPU [2%@729,1%@729,4%@729,1%@729,75%@1344,0%@1344] GR3D_FREQ 99% cpu@63.031C soc2@61.75C soc0@62.562C gpu@63.906C tj@63.906C soc1@61.593C VDD_IN 16767mW/17082mW VDD_CPU_GPU_CV 7246mW/8061mW VDD_SOC 4126mW/3933mW
08-11-2026 23:24:19 RAM 6607/7607MB (lfb 1x4MB) SWAP 1431/16384MB (cached 130MB) CPU [1%@729,4%@729,5%@729,2%@729,76%@729,0%@729] GR3D_FREQ 99% cpu@62.531C soc2@61.781C soc0@62.468C gpu@64.093C tj@64.093C soc1@61.593C VDD_IN 16649mW/17081mW VDD_CPU_GPU_CV 7794mW/8061mW VDD_SOC 3929mW/3933mW
08-11-2026 23:24:20 RAM 6606/7607MB (lfb 1x4MB) SWAP 1431/16384MB (cached 130MB) CPU [4%@729,2%@729,3%@729,2%@729,84%@729,0%@729] GR3D_FREQ 99% cpu@62.5C soc2@61.875C soc0@62.656C gpu@64.031C tj@64.031C soc1@61.5C VDD_IN 16897mW/17081mW VDD_CPU_GPU_CV 8094mW/8061mW VDD_SOC 3890mW/3933mW
08-11-2026 23:24:21 RAM 6607/7607MB (lfb 1x4MB) SWAP 1431/16384MB (cached 130MB) CPU [26%@729,23%@729,26%@729,32%@729,86%@806,19%@806] GR3D_FREQ 95% cpu@62.656C soc2@61.875C soc0@62.531C gpu@64.437C tj@64.437C soc1@61.5C VDD_IN 17850mW/17082mW VDD_CPU_GPU_CV 8940mW/8062mW VDD_SOC 3923mW/3933mW
08-11-2026 23:24:22 RAM 6608/7607MB (lfb 1x4MB) SWAP 1431/16384MB (cached 130MB) CPU [2%@1344,2%@1344,6%@1344,3%@1344,80%@1344,0%@1344] GR3D_FREQ 97% cpu@62.687C soc2@61.875C soc0@62.531C gpu@64.093C tj@64.093C soc1@61.593C VDD_IN 17722mW/17083mW VDD_CPU_GPU_CV 8744mW/8063mW VDD_SOC 3923mW/3932mW
08-11-2026 23:24:23 RAM 6623/7607MB (lfb 2x4MB) SWAP 1431/16384MB (cached 130MB) CPU [40%@1344,52%@1344,36%@1344,38%@1344,54%@1344,42%@1344] GR3D_FREQ 0% cpu@62.781C soc2@61.312C soc0@62.25C gpu@61.656C tj@62.781C soc1@61.5C VDD_IN 9195mW/17072mW VDD_CPU_GPU_CV 3174mW/8056mW VDD_SOC 2225mW/3930mW
08-11-2026 23:24:24 RAM 6663/7607MB (lfb 1x1MB) SWAP 1431/16384MB (cached 130MB) CPU [58%@729,34%@729,33%@729,36%@729,62%@1344,34%@1344] GR3D_FREQ 97% cpu@62.156C soc2@61.281C soc0@62.125C gpu@63.437C tj@63.437C soc1@61.437C VDD_IN 15138mW/17069mW VDD_CPU_GPU_CV 7022mW/8055mW VDD_SOC 3311mW/3929mW
08-11-2026 23:24:25 RAM 6664/7607MB (lfb 1x1MB) SWAP 1431/16384MB (cached 130MB) CPU [3%@729,1%@729,2%@729,6%@729,75%@1344,0%@1344] GR3D_FREQ 97% cpu@62.312C soc2@61.375C soc0@62.125C gpu@63.531C tj@63.531C soc1@61.312C VDD_IN 17093mW/17069mW VDD_CPU_GPU_CV 8016mW/8055mW VDD_SOC 3923mW/3929mW
08-11-2026 23:24:26 RAM 6672/7607MB (lfb 1x1MB) SWAP 1431/16384MB (cached 130MB) CPU [13%@729,4%@729,6%@729,16%@729,75%@1344,0%@1344] GR3D_FREQ 97% cpu@62.562C soc2@61.468C soc0@62.25C gpu@64C tj@64C soc1@61.375C VDD_IN 17368mW/17070mW VDD_CPU_GPU_CV 8094mW/8055mW VDD_SOC 4040mW/3929mW
08-11-2026 23:24:27 RAM 6672/7607MB (lfb 1x1MB) SWAP 1431/16384MB (cached 130MB) CPU [4%@729,1%@729,2%@729,5%@729,75%@1344,0%@1344] GR3D_FREQ 97% cpu@62.281C soc2@61.562C soc0@62.375C gpu@64.031C tj@64.031C soc1@61.437C VDD_IN 17015mW/17070mW VDD_CPU_GPU_CV 7664mW/8054mW VDD_SOC 4080mW/3930mW
08-11-2026 23:24:28 RAM 6673/7607MB (lfb 1x1MB) SWAP 1431/16384MB (cached 130MB) CPU [3%@1113,7%@1113,3%@1113,2%@1113,76%@1344,0%@1344] GR3D_FREQ 99% cpu@62.656C soc2@61.625C soc0@62.343C gpu@63.781C tj@63.781C soc1@61.437C VDD_IN 16779mW/17069mW VDD_CPU_GPU_CV 7285mW/8053mW VDD_SOC 4165mW/3930mW
08-11-2026 23:24:29 RAM 6673/7607MB (lfb 1x1MB) SWAP 1431/16384MB (cached 130MB) CPU [2%@729,1%@729,2%@729,7%@729,76%@729,0%@729] GR3D_FREQ 99% cpu@62.468C soc2@61.593C soc0@62.25C gpu@63.687C tj@63.687C soc1@61.343C VDD_IN 16491mW/17069mW VDD_CPU_GPU_CV 7716mW/8053mW VDD_SOC 3851mW/3930mW
08-11-2026 23:24:30 RAM 6673/7607MB (lfb 1x1MB) SWAP 1431/16384MB (cached 130MB) CPU [3%@1344,5%@1344,2%@1344,1%@1344,84%@1036,0%@1036] GR3D_FREQ 99% cpu@62.406C soc2@61.531C soc0@62.25C gpu@63.5C tj@63.5C soc1@61.343C VDD_IN 16857mW/17068mW VDD_CPU_GPU_CV 8094mW/8053mW VDD_SOC 3851mW/3930mW
08-11-2026 23:24:31 RAM 6673/7607MB (lfb 1x1MB) SWAP 1431/16384MB (cached 130MB) CPU [5%@729,2%@729,2%@729,2%@729,85%@960,0%@960] GR3D_FREQ 97% cpu@62.531C soc2@61.625C soc0@62.281C gpu@64.281C tj@64.281C soc1@61.406C VDD_IN 17643mW/17069mW VDD_CPU_GPU_CV 8705mW/8054mW VDD_SOC 3923mW/3930mW
08-11-2026 23:24:32 RAM 6675/7607MB (lfb 1x2MB) SWAP 1431/16384MB (cached 130MB) CPU [13%@1190,8%@1190,3%@1190,16%@1190,79%@1344,0%@1344] GR3D_FREQ 97% cpu@62.468C soc2@61.656C soc0@62.406C gpu@63.812C tj@63.812C soc1@61.5C VDD_IN 17761mW/17070mW VDD_CPU_GPU_CV 8784mW/8055mW VDD_SOC 3923mW/3930mW
08-11-2026 23:24:33 RAM 6675/7607MB (lfb 1x2MB) SWAP 1431/16384MB (cached 130MB) CPU [1%@1344,5%@1344,3%@1344,3%@1344,75%@1344,0%@1344] GR3D_FREQ 97% cpu@62.562C soc2@61.687C soc0@62.343C gpu@63.656C tj@63.656C soc1@61.281C VDD_IN 17604mW/17071mW VDD_CPU_GPU_CV 8588mW/8055mW VDD_SOC 3923mW/3930mW
08-11-2026 23:24:34 RAM 6675/7607MB (lfb 1x2MB) SWAP 1431/16384MB (cached 130MB) CPU [3%@729,2%@729,1%@729,2%@729,75%@1344,0%@1344] GR3D_FREQ 99% cpu@62.656C soc2@61.656C soc0@62.281C gpu@63.687C tj@63.687C soc1@61.343C VDD_IN 17526mW/17071mW VDD_CPU_GPU_CV 8485mW/8056mW VDD_SOC 3923mW/3930mW
08-11-2026 23:24:35 RAM 6676/7607MB (lfb 1x2MB) SWAP 1431/16384MB (cached 130MB) CPU [9%@729,8%@729,1%@729,2%@729,71%@1344,0%@1344] GR3D_FREQ 98% cpu@62.718C soc2@61.625C soc0@62.406C gpu@63.812C tj@63.812C soc1@61.343C VDD_IN 17408mW/17072mW VDD_CPU_GPU_CV 8329mW/8056mW VDD_SOC 3962mW/3930mW
08-11-2026 23:24:36 RAM 6676/7607MB (lfb 1x2MB) SWAP 1431/16384MB (cached 130MB) CPU [3%@1113,6%@1113,4%@1113,2%@1113,75%@1344,0%@1344] GR3D_FREQ 97% cpu@62.5C soc2@61.687C soc0@62.375C gpu@63.781C tj@63.781C soc1@61.468C VDD_IN 17250mW/17072mW VDD_CPU_GPU_CV 8094mW/8056mW VDD_SOC 3962mW/3930mW
08-11-2026 23:24:37 RAM 6678/7607MB (lfb 1x2MB) SWAP 1431/16384MB (cached 130MB) CPU [5%@729,18%@729,12%@729,7%@729,75%@1344,0%@1344] GR3D_FREQ 98% cpu@62.593C soc2@61.718C soc0@62.437C gpu@63.718C tj@63.718C soc1@61.343C VDD_IN 17250mW/17072mW VDD_CPU_GPU_CV 7938mW/8056mW VDD_SOC 4040mW/3930mW
08-11-2026 23:24:38 RAM 6679/7607MB (lfb 1x2MB) SWAP 1431/16384MB (cached 130MB) CPU [3%@729,3%@729,5%@729,2%@729,76%@1344,0%@1344] GR3D_FREQ 97% cpu@62.593C soc2@61.625C soc0@62.312C gpu@63.812C tj@63.812C soc1@61.343C VDD_IN 16897mW/17072mW VDD_CPU_GPU_CV 7507mW/8056mW VDD_SOC 4086mW/3930mW
08-11-2026 23:24:39 RAM 6679/7607MB (lfb 1x2MB) SWAP 1431/16384MB (cached 130MB) CPU [4%@729,5%@729,0%@729,1%@729,76%@1190,0%@1190] GR3D_FREQ 99% cpu@62.687C soc2@61.625C soc0@62.312C gpu@63.062C tj@63.062C soc1@61.437C VDD_IN 16531mW/17071mW VDD_CPU_GPU_CV 7167mW/8054mW VDD_SOC 4086mW/3930mW
08-11-2026 23:24:40 RAM 6679/7607MB (lfb 1x2MB) SWAP 1431/16384MB (cached 130MB) CPU [5%@729,1%@729,2%@729,1%@729,76%@729,0%@729] GR3D_FREQ 99% cpu@62.625C soc2@61.687C soc0@62.343C gpu@63.531C tj@63.531C soc1@61.468C VDD_IN 16334mW/17070mW VDD_CPU_GPU_CV 7637mW/8054mW VDD_SOC 3811mW/3930mW
08-11-2026 23:24:41 RAM 6679/7607MB (lfb 1x2MB) SWAP 1431/16384MB (cached 130MB) CPU [2%@729,1%@729,5%@729,2%@729,83%@729,0%@729] GR3D_FREQ 99% cpu@62.343C soc2@61.656C soc0@62.437C gpu@63.687C tj@63.687C soc1@61.5C VDD_IN 17172mW/17070mW VDD_CPU_GPU_CV 8290mW/8054mW VDD_SOC 3883mW/3930mW
08-11-2026 23:24:42 RAM 6679/7607MB (lfb 1x2MB) SWAP 1431/16384MB (cached 130MB) CPU [2%@729,2%@729,5%@729,1%@729,85%@1267,0%@1267] GR3D_FREQ 96% cpu@62.5C soc2@61.781C soc0@62.406C gpu@63.812C tj@63.812C soc1@61.343C VDD_IN 17447mW/17071mW VDD_CPU_GPU_CV 8588mW/8055mW VDD_SOC 3883mW/3930mW
08-11-2026 23:24:43 RAM 6681/7607MB (lfb 3x1MB) SWAP 1431/16384MB (cached 130MB) CPU [14%@729,6%@729,11%@729,7%@729,78%@1344,0%@1344] GR3D_FREQ 97% cpu@62.531C soc2@61.656C soc0@62.406C gpu@63.875C tj@63.875C soc1@61.343C VDD_IN 17526mW/17072mW VDD_CPU_GPU_CV 8641mW/8056mW VDD_SOC 3923mW/3930mW
08-11-2026 23:24:44 RAM 6681/7607MB (lfb 3x1MB) SWAP 1431/16384MB (cached 130MB) CPU [5%@729,0%@729,2%@729,1%@729,75%@1344,0%@1344] GR3D_FREQ 97% cpu@62.5C soc2@61.593C soc0@62.281C gpu@63.812C tj@63.812C soc1@61.375C VDD_IN 17447mW/17072mW VDD_CPU_GPU_CV 8510mW/8056mW VDD_SOC 3923mW/3930mW
08-11-2026 23:24:45 RAM 6681/7607MB (lfb 3x1MB) SWAP 1431/16384MB (cached 130MB) CPU [2%@729,2%@729,1%@729,3%@729,76%@1344,2%@1344] GR3D_FREQ 98% cpu@62.75C soc2@61.625C soc0@62.406C gpu@64.093C tj@64.093C soc1@61.531C VDD_IN 17408mW/17073mW VDD_CPU_GPU_CV 8368mW/8057mW VDD_SOC 3962mW/3930mW
08-11-2026 23:24:46 RAM 6681/7607MB (lfb 3x1MB) SWAP 1431/16384MB (cached 130MB) CPU [3%@729,8%@729,2%@729,1%@729,74%@1344,0%@1344] GR3D_FREQ 97% cpu@62.406C soc2@61.687C soc0@62.468C gpu@64.125C tj@64.125C soc1@61.531C VDD_IN 17329mW/17073mW VDD_CPU_GPU_CV 8250mW/8057mW VDD_SOC 3962mW/3930mW
08-11-2026 23:24:47 RAM 6681/7607MB (lfb 3x1MB) SWAP 1431/16384MB (cached 130MB) CPU [2%@729,2%@729,6%@729,1%@729,75%@1344,0%@1344] GR3D_FREQ 97% cpu@62.468C soc2@61.625C soc0@62.5C gpu@64.062C tj@64.062C soc1@61.375C VDD_IN 17172mW/17073mW VDD_CPU_GPU_CV 8094mW/8057mW VDD_SOC 4001mW/3930mW
08-11-2026 23:24:48 RAM 6685/7607MB (lfb 3x1MB) SWAP 1431/16384MB (cached 130MB) CPU [6%@729,4%@729,13%@729,19%@729,75%@1344,0%@1344] GR3D_FREQ 99% cpu@62.718C soc2@61.687C soc0@62.281C gpu@64.031C tj@64.031C soc1@61.375C VDD_IN 17172mW/17073mW VDD_CPU_GPU_CV 7899mW/8057mW VDD_SOC 4040mW/3930mW
08-11-2026 23:24:49 RAM 6686/7607MB (lfb 3x1MB) SWAP 1431/16384MB (cached 130MB) CPU [7%@729,3%@729,3%@729,3%@729,75%@1344,0%@1344] GR3D_FREQ 97% cpu@62.437C soc2@61.656C soc0@62.375C gpu@64C tj@64C soc1@61.468C VDD_IN 16897mW/17073mW VDD_CPU_GPU_CV 7559mW/8056mW VDD_SOC 4080mW/3931mW
08-11-2026 23:24:50 RAM 6686/7607MB (lfb 3x1MB) SWAP 1431/16384MB (cached 130MB) CPU [3%@729,1%@729,4%@729,2%@729,75%@960,1%@960] GR3D_FREQ 99% cpu@62.968C soc2@61.656C soc0@62.437C gpu@63.218C tj@63.218C soc1@61.468C VDD_IN 16570mW/17072mW VDD_CPU_GPU_CV 7206mW/8055mW VDD_SOC 4086mW/3931mW
08-11-2026 23:24:51 RAM 6686/7607MB (lfb 3x1MB) SWAP 1431/16384MB (cached 130MB) CPU [7%@729,2%@729,1%@729,3%@729,77%@729,0%@729] GR3D_FREQ 99% cpu@62.312C soc2@61.687C soc0@62.468C gpu@63.625C tj@63.625C soc1@61.343C VDD_IN 16373mW/17071mW VDD_CPU_GPU_CV 7676mW/8054mW VDD_SOC 3811mW/3931mW
08-11-2026 23:24:52 RAM 6686/7607MB (lfb 3x1MB) SWAP 1431/16384MB (cached 130MB) CPU [6%@729,2%@729,2%@729,1%@729,84%@729,0%@729] GR3D_FREQ 99% cpu@62.437C soc2@61.718C soc0@62.312C gpu@63.968C tj@63.968C soc1@61.343C VDD_IN 17211mW/17071mW VDD_CPU_GPU_CV 8329mW/8055mW VDD_SOC 3923mW/3931mW
08-11-2026 23:24:53 RAM 6686/7607MB (lfb 3x1MB) SWAP 1431/16384MB (cached 130MB) CPU [2%@729,2%@729,1%@729,5%@729,84%@1344,0%@1344] GR3D_FREQ 97% cpu@62.593C soc2@61.75C soc0@62.406C gpu@64.031C tj@64.031C soc1@61.437C VDD_IN 17526mW/17072mW VDD_CPU_GPU_CV 8666mW/8056mW VDD_SOC 3883mW/3931mW
08-11-2026 23:24:54 RAM 6690/7607MB (lfb 3x1MB) SWAP 1431/16384MB (cached 130MB) CPU [5%@729,9%@729,4%@729,20%@729,78%@1344,0%@1344] GR3D_FREQ 98% cpu@62.5C soc2@61.656C soc0@62.437C gpu@64.093C tj@64.093C soc1@61.468C VDD_IN 17565mW/17073mW VDD_CPU_GPU_CV 8627mW/8056mW VDD_SOC 3923mW/3931mW
08-11-2026 23:24:55 RAM 6690/7607MB (lfb 3x1MB) SWAP 1431/16384MB (cached 130MB) CPU [4%@729,4%@729,2%@729,1%@729,75%@1344,0%@1344] GR3D_FREQ 97% cpu@62.781C soc2@61.687C soc0@62.468C gpu@64C tj@64C soc1@61.593C VDD_IN 17486mW/17073mW VDD_CPU_GPU_CV 8563mW/8057mW VDD_SOC 3923mW/3931mW
08-11-2026 23:24:56 RAM 6690/7607MB (lfb 3x1MB) SWAP 1431/16384MB (cached 130MB) CPU [5%@729,1%@729,1%@729,1%@729,75%@1344,0%@1344] GR3D_FREQ 97% cpu@62.468C soc2@61.781C soc0@62.531C gpu@63.812C tj@63.812C soc1@61.375C VDD_IN 17329mW/17074mW VDD_CPU_GPU_CV 8368mW/8057mW VDD_SOC 3962mW/3931mW
08-11-2026 23:24:57 RAM 6690/7607MB (lfb 3x1MB) SWAP 1431/16384MB (cached 130MB) CPU [3%@729,2%@729,9%@729,2%@729,75%@1344,0%@1344] GR3D_FREQ 97% cpu@62.531C soc2@61.625C soc0@62.437C gpu@63.906C tj@63.906C soc1@61.406C VDD_IN 17329mW/17074mW VDD_CPU_GPU_CV 8250mW/8058mW VDD_SOC 3962mW/3931mW
08-11-2026 23:24:58 RAM 6690/7607MB (lfb 3x1MB) SWAP 1431/16384MB (cached 130MB) CPU [17%@729,2%@729,1%@729,4%@729,60%@1344,0%@1344] GR3D_FREQ 97% cpu@62.625C soc2@61.75C soc0@62.406C gpu@63.875C tj@63.875C soc1@61.437C VDD_IN 17290mW/17074mW VDD_CPU_GPU_CV 8133mW/8058mW VDD_SOC 4001mW/3931mW
08-11-2026 23:24:59 RAM 6690/7607MB (lfb 3x1MB) SWAP 1431/16384MB (cached 130MB) CPU [5%@729,6%@729,18%@729,8%@729,78%@1344,0%@1344] GR3D_FREQ 98% cpu@62.531C soc2@61.75C soc0@62.5C gpu@63.843C tj@63.843C soc1@61.468C VDD_IN 17211mW/17074mW VDD_CPU_GPU_CV 7938mW/8058mW VDD_SOC 4040mW/3931mW
08-11-2026 23:25:00 RAM 6690/7607MB (lfb 3x1MB) SWAP 1431/16384MB (cached 130MB) CPU [2%@729,1%@729,2%@729,5%@729,76%@1344,0%@1344] GR3D_FREQ 97% cpu@62.75C soc2@61.781C soc0@62.437C gpu@63.812C tj@63.812C soc1@61.562C VDD_IN 16936mW/17074mW VDD_CPU_GPU_CV 7547mW/8057mW VDD_SOC 4080mW/3931mW
08-11-2026 23:25:01 RAM 6690/7607MB (lfb 3x1MB) SWAP 1431/16384MB (cached 130MB) CPU [3%@729,0%@729,3%@729,4%@729,75%@1113,0%@1113] GR3D_FREQ 99% cpu@62.656C soc2@61.843C soc0@62.593C gpu@63.343C tj@63.343C soc1@61.375C VDD_IN 16728mW/17074mW VDD_CPU_GPU_CV 7246mW/8056mW VDD_SOC 4126mW/3931mW
08-11-2026 23:25:02 RAM 6690/7607MB (lfb 3x1MB) SWAP 1431/16384MB (cached 130MB) CPU [2%@729,2%@729,5%@729,3%@729,76%@729,0%@729] GR3D_FREQ 99% cpu@62.437C soc2@61.75C soc0@62.343C gpu@63.843C tj@63.843C soc1@61.437C VDD_IN 16413mW/17073mW VDD_CPU_GPU_CV 7716mW/8055mW VDD_SOC 3811mW/3931mW
08-11-2026 23:25:03 RAM 6690/7607MB (lfb 3x1MB) SWAP 1431/16384MB (cached 130MB) CPU [3%@729,2%@729,1%@729,4%@729,84%@729,0%@729] GR3D_FREQ 99% cpu@62.718C soc2@61.75C soc0@62.406C gpu@64.031C tj@64.031C soc1@61.375C VDD_IN 17093mW/17073mW VDD_CPU_GPU_CV 8250mW/8056mW VDD_SOC 3883mW/3931mW
08-11-2026 23:25:04 RAM 6691/7607MB (lfb 3x1MB) SWAP 1431/16384MB (cached 130MB) CPU [2%@1344,5%@1344,5%@1344,7%@1344,84%@1267,0%@1267] GR3D_FREQ 96% cpu@62.75C soc2@61.781C soc0@62.437C gpu@64.156C tj@64.156C soc1@61.468C VDD_IN 17604mW/17074mW VDD_CPU_GPU_CV 8705mW/8057mW VDD_SOC 3883mW/3931mW
08-11-2026 23:25:05 RAM 6692/7607MB (lfb 3x1MB) SWAP 1431/16384MB (cached 130MB) CPU [6%@729,6%@729,3%@729,16%@729,80%@1344,0%@1344] GR3D_FREQ 97% cpu@62.531C soc2@61.843C soc0@62.562C gpu@64.218C tj@64.218C soc1@61.593C VDD_IN 17604mW/17074mW VDD_CPU_GPU_CV 8641mW/8057mW VDD_SOC 3923mW/3931mW
08-11-2026 23:25:06 RAM 6692/7607MB (lfb 3x1MB) SWAP 1431/16384MB (cached 130MB) CPU [4%@729,2%@729,7%@729,2%@729,74%@1344,0%@1344] GR3D_FREQ 97% cpu@62.593C soc2@61.687C soc0@62.531C gpu@64.25C tj@64C soc1@61.437C VDD_IN 17526mW/17075mW VDD_CPU_GPU_CV 8524mW/8058mW VDD_SOC 3923mW/3931mW
08-11-2026 23:25:07 RAM 6692/7607MB (lfb 3x1MB) SWAP 1431/16384MB (cached 130MB) CPU [3%@729,3%@729,5%@729,1%@729,75%@1344,0%@1344] GR3D_FREQ 97% cpu@62.562C soc2@61.656C soc0@62.437C gpu@63.812C tj@63.812C soc1@61.406C VDD_IN 17368mW/17075mW VDD_CPU_GPU_CV 8329mW/8058mW VDD_SOC 3962mW/3931mW
08-11-2026 23:25:08 RAM 6692/7607MB (lfb 3x1MB) SWAP 1431/16384MB (cached 130MB) CPU [2%@729,2%@729,3%@729,8%@729,75%@1344,0%@1344] GR3D_FREQ 97% cpu@62.656C soc2@61.781C soc0@62.531C gpu@63.937C tj@63.937C soc1@61.531C VDD_IN 17329mW/17076mW VDD_CPU_GPU_CV 8250mW/8059mW VDD_SOC 3962mW/3931mW
08-11-2026 23:25:09 RAM 6692/7607MB (lfb 3x1MB) SWAP 1431/16384MB (cached 130MB) CPU [2%@729,3%@729,4%@729,2%@729,76%@1344,0%@1344] GR3D_FREQ 97% cpu@62.468C soc2@61.718C soc0@62.531C gpu@63.968C tj@63.968C soc1@61.593C VDD_IN 17211mW/17076mW VDD_CPU_GPU_CV 8055mW/8059mW VDD_SOC 4001mW/3931mW
08-11-2026 23:25:10 RAM 6691/7607MB (lfb 3x1MB) SWAP 1431/16384MB (cached 130MB) CPU [6%@729,10%@729,7%@729,19%@729,76%@1344,0%@1344] GR3D_FREQ 98% cpu@62.593C soc2@61.812C soc0@62.531C gpu@63.875C tj@63.875C soc1@61.437C VDD_IN 17211mW/17076mW VDD_CPU_GPU_CV 7899mW/8058mW VDD_SOC 4040mW/3931mW
08-11-2026 23:25:11 RAM 6693/7607MB (lfb 1x4MB) SWAP 1431/16384MB (cached 130MB) CPU [3%@729,1%@729,2%@729,4%@729,75%@1344,0%@1344] GR3D_FREQ 97% cpu@62.593C soc2@61.656C soc0@62.406C gpu@64.125C tj@64.125C soc1@61.5C VDD_IN 16975mW/17076mW VDD_CPU_GPU_CV 7547mW/8058mW VDD_SOC 4119mW/3932mW
08-11-2026 23:25:12 RAM 6693/7607MB (lfb 1x4MB) SWAP 1431/16384MB (cached 130MB) CPU [2%@729,1%@729,1%@729,4%@729,75%@960,0%@960] GR3D_FREQ 99% cpu@62.968C soc2@61.75C soc0@62.406C gpu@63.687C tj@63.687C soc1@61.468C VDD_IN 16609mW/17075mW VDD_CPU_GPU_CV 7206mW/8057mW VDD_SOC 4086mW/3932mW
08-11-2026 23:25:13 RAM 6693/7607MB (lfb 1x4MB) SWAP 1431/16384MB (cached 130MB) CPU [2%@729,2%@729,2%@729,2%@729,77%@729,2%@729] GR3D_FREQ 99% cpu@62.593C soc2@61.687C soc0@62.562C gpu@64C tj@64C soc1@61.531C VDD_IN 16452mW/17074mW VDD_CPU_GPU_CV 7755mW/8056mW VDD_SOC 3811mW/3932mW
08-11-2026 23:25:14 RAM 6693/7607MB (lfb 1x4MB) SWAP 1431/16384MB (cached 130MB) CPU [6%@1344,2%@1344,1%@1344,2%@1344,85%@729,0%@729] GR3D_FREQ 98% cpu@62.718C soc2@61.812C soc0@62.593C gpu@64.031C tj@64.031C soc1@61.5C VDD_IN 17172mW/17075mW VDD_CPU_GPU_CV 8250mW/8056mW VDD_SOC 3883mW/3932mW
08-11-2026 23:25:15 RAM 6692/7607MB (lfb 1x4MB) SWAP 1431/16384MB (cached 130MB) CPU [2%@729,3%@729,12%@729,10%@729,85%@1267,0%@1267] GR3D_FREQ 96% cpu@62.875C soc2@61.906C soc0@62.593C gpu@64.312C tj@64.312C soc1@61.5C VDD_IN 17643mW/17075mW VDD_CPU_GPU_CV 8705mW/8057mW VDD_SOC 3883mW/3931mW
08-11-2026 23:25:16 RAM 6694/7607MB (lfb 1x4MB) SWAP 1431/16384MB (cached 130MB) CPU [5%@729,3%@729,5%@729,8%@729,79%@1344,0%@1344] GR3D_FREQ 97% cpu@62.593C soc2@61.781C soc0@62.562C gpu@64.312C tj@64.312C soc1@61.5C VDD_IN 17604mW/17076mW VDD_CPU_GPU_CV 8627mW/8058mW VDD_SOC 3923mW/3931mW
08-11-2026 23:25:17 RAM 6694/7607MB (lfb 1x4MB) SWAP 1431/16384MB (cached 130MB) CPU [3%@729,5%@729,2%@729,3%@729,6%@1344,69%@1344] GR3D_FREQ 97% cpu@62.906C soc2@61.718C soc0@62.562C gpu@64C tj@64C soc1@61.468C VDD_IN 17526mW/17077mW VDD_CPU_GPU_CV 8563mW/8059mW VDD_SOC 3923mW/3931mW
08-11-2026 23:25:18 RAM 6694/7607MB (lfb 1x4MB) SWAP 1431/16384MB (cached 130MB) CPU [2%@729,7%@729,3%@729,2%@729,0%@1344,75%@1344] GR3D_FREQ 97% cpu@62.781C soc2@61.781C soc0@62.468C gpu@63.968C tj@63.968C soc1@61.562C VDD_IN 17368mW/17077mW VDD_CPU_GPU_CV 8329mW/8059mW VDD_SOC 3962mW/3931mW
08-11-2026 23:25:19 RAM 6694/7607MB (lfb 1x4MB) SWAP 1431/16384MB (cached 130MB) CPU [4%@729,7%@729,2%@729,3%@729,50%@1344,30%@1344] GR3D_FREQ 98% cpu@62.875C soc2@61.687C soc0@62.531C gpu@64.031C tj@64.031C soc1@61.625C VDD_IN 17329mW/17077mW VDD_CPU_GPU_CV 8290mW/8059mW VDD_SOC 3962mW/3932mW
08-11-2026 23:25:20 RAM 6694/7607MB (lfb 1x4MB) SWAP 1431/16384MB (cached 130MB) CPU [3%@729,4%@729,1%@729,2%@729,75%@1344,0%@1344] GR3D_FREQ 97% cpu@62.562C soc2@61.781C soc0@62.593C gpu@64.093C tj@64.093C soc1@61.437C VDD_IN 17211mW/17077mW VDD_CPU_GPU_CV 8094mW/8059mW VDD_SOC 4001mW/3932mW
08-11-2026 23:25:21 RAM 6692/7607MB (lfb 1x4MB) SWAP 1431/16384MB (cached 130MB) CPU [8%@729,15%@729,2%@729,9%@729,76%@1344,0%@1344] GR3D_FREQ 98% cpu@62.625C soc2@61.687C soc0@62.406C gpu@63.75C tj@63.75C soc1@61.406C VDD_IN 17172mW/17078mW VDD_CPU_GPU_CV 7859mW/8059mW VDD_SOC 4040mW/3932mW
08-11-2026 23:25:22 RAM 6692/7607MB (lfb 1x4MB) SWAP 1431/16384MB (cached 130MB) CPU [2%@729,2%@729,2%@729,6%@729,74%@1344,0%@1344] GR3D_FREQ 97% cpu@62.812C soc2@61.687C soc0@62.468C gpu@63.718C tj@63.718C soc1@61.468C VDD_IN 16857mW/17077mW VDD_CPU_GPU_CV 7507mW/8058mW VDD_SOC 4086mW/3932mW
08-11-2026 23:25:23 RAM 6693/7607MB (lfb 1x4MB) SWAP 1431/16384MB (cached 130MB) CPU [5%@729,2%@729,2%@729,3%@729,74%@960,0%@960] GR3D_FREQ 99% cpu@62.625C soc2@61.812C soc0@62.437C gpu@63.25C tj@63.25C soc1@61.593C VDD_IN 16570mW/17077mW VDD_CPU_GPU_CV 7206mW/8057mW VDD_SOC 4086mW/3932mW
08-11-2026 23:25:24 RAM 6692/7607MB (lfb 1x4MB) SWAP 1431/16384MB (cached 130MB) CPU [2%@729,4%@729,1%@729,2%@729,79%@729,0%@729] GR3D_FREQ 53% cpu@62.375C soc2@61.718C soc0@62.593C gpu@63.593C tj@63.593C soc1@61.437C VDD_IN 16413mW/17076mW VDD_CPU_GPU_CV 7637mW/8057mW VDD_SOC 3811mW/3932mW
08-11-2026 23:25:25 RAM 6692/7607MB (lfb 1x4MB) SWAP 1431/16384MB (cached 130MB) CPU [60%@729,5%@729,2%@729,2%@729,25%@729,0%@729] GR3D_FREQ 99% cpu@62.5C soc2@61.75C soc0@62.562C gpu@63.875C tj@63.875C soc1@61.437C VDD_IN 17290mW/17076mW VDD_CPU_GPU_CV 8368mW/8057mW VDD_SOC 3923mW/3932mW
08-11-2026 23:25:26 RAM 6693/7607MB (lfb 1x4MB) SWAP 1431/16384MB (cached 130MB) CPU [16%@1344,6%@1344,6%@1344,6%@1344,85%@1344,0%@1344] GR3D_FREQ 97% cpu@63C soc2@61.875C soc0@62.437C gpu@64.062C tj@64.062C soc1@61.468C VDD_IN 17772mW/17077mW VDD_CPU_GPU_CV 8901mW/8058mW VDD_SOC 3883mW/3932mW
08-11-2026 23:25:27 RAM 6693/7607MB (lfb 1x4MB) SWAP 1431/16384MB (cached 130MB) CPU [20%@1344,5%@1344,3%@1344,2%@1344,59%@729,0%@729] GR3D_FREQ 97% cpu@62.937C soc2@61.812C soc0@62.437C gpu@63.968C tj@64.156C soc1@61.531C VDD_IN 17565mW/17078mW VDD_CPU_GPU_CV 8588mW/8059mW VDD_SOC 3923mW/3932mW
08-11-2026 23:25:28 RAM 6693/7607MB (lfb 1x4MB) SWAP 1431/16384MB (cached 130MB) CPU [75%@1344,8%@1344,2%@1344,1%@1344,0%@729,0%@729] GR3D_FREQ 97% cpu@62.875C soc2@61.875C soc0@62.5C gpu@64.25C tj@64.25C soc1@61.562C VDD_IN 17526mW/17078mW VDD_CPU_GPU_CV 8524mW/8059mW VDD_SOC 3923mW/3932mW
08-11-2026 23:25:29 RAM 6693/7607MB (lfb 1x4MB) SWAP 1431/16384MB (cached 130MB) CPU [76%@1344,4%@1344,2%@1344,3%@1344,0%@729,0%@729] GR3D_FREQ 97% cpu@62.656C soc2@61.906C soc0@62.562C gpu@64.125C tj@64.125C soc1@61.625C VDD_IN 17408mW/17078mW VDD_CPU_GPU_CV 8407mW/8060mW VDD_SOC 3923mW/3932mW
08-11-2026 23:25:30 RAM 6693/7607MB (lfb 1x4MB) SWAP 1431/16384MB (cached 130MB) CPU [40%@729,5%@729,2%@729,1%@729,37%@1344,0%@1344] GR3D_FREQ 97% cpu@62.562C soc2@61.812C soc0@62.625C gpu@64.156C tj@64.156C soc1@61.5C VDD_IN 17368mW/17079mW VDD_CPU_GPU_CV 8250mW/8060mW VDD_SOC 3962mW/3932mW
08-11-2026 23:25:31 RAM 6693/7607MB (lfb 1x4MB) SWAP 1431/16384MB (cached 130MB) CPU [72%@1344,4%@1344,2%@1344,2%@1344,3%@729,0%@729] GR3D_FREQ 97% cpu@62.593C soc2@61.781C soc0@62.625C gpu@64.187C tj@64.187C soc1@61.468C VDD_IN 17211mW/17079mW VDD_CPU_GPU_CV 8055mW/8060mW VDD_SOC 4001mW/3932mW
08-11-2026 23:25:32 RAM 6693/7607MB (lfb 1x4MB) SWAP 1431/16384MB (cached 130MB) CPU [37%@729,11%@729,11%@729,7%@729,40%@1344,1%@1344] GR3D_FREQ 97% cpu@62.781C soc2@61.812C soc0@62.5C gpu@64.062C tj@64.062C soc1@61.5C VDD_IN 17054mW/17079mW VDD_CPU_GPU_CV 7742mW/8060mW VDD_SOC 4040mW/3932mW
08-11-2026 23:25:33 RAM 6693/7607MB (lfb 1x4MB) SWAP 1431/16384MB (cached 130MB) CPU [2%@1344,2%@1344,2%@1344,9%@1344,68%@729,1%@729] GR3D_FREQ 97% cpu@62.718C soc2@61.718C soc0@62.468C gpu@64.031C tj@64.031C soc1@61.625C VDD_IN 16846mW/17079mW VDD_CPU_GPU_CV 7402mW/8059mW VDD_SOC 4126mW/3932mW
08-11-2026 23:25:34 RAM 6693/7607MB (lfb 1x4MB) SWAP 1431/16384MB (cached 130MB) CPU [3%@729,4%@729,1%@729,76%@729,0%@729,0%@729] GR3D_FREQ 99% cpu@62.906C soc2@61.875C soc0@62.562C gpu@63.343C tj@63.343C soc1@61.593C VDD_IN 16609mW/17078mW VDD_CPU_GPU_CV 7441mW/8058mW VDD_SOC 4008mW/3932mW
08-11-2026 23:25:35 RAM 6693/7607MB (lfb 1x4MB) SWAP 1431/16384MB (cached 130MB) CPU [2%@729,3%@729,2%@729,81%@729,0%@729,0%@729] GR3D_FREQ 50% cpu@62.531C soc2@61.843C soc0@62.593C gpu@63.593C tj@63.593C soc1@61.406C VDD_IN 16491mW/17077mW VDD_CPU_GPU_CV 7755mW/8058mW VDD_SOC 3851mW/3932mW
08-11-2026 23:25:36 RAM 6693/7607MB (lfb 1x4MB) SWAP 1431/16384MB (cached 130MB) CPU [3%@729,3%@729,6%@729,9%@729,76%@1267,0%@1267] GR3D_FREQ 98% cpu@62.625C soc2@61.875C soc0@62.5C gpu@64C tj@64C soc1@61.531C VDD_IN 17604mW/17078mW VDD_CPU_GPU_CV 8524mW/8058mW VDD_SOC 3962mW/3932mW
08-11-2026 23:25:37 RAM 6693/7607MB (lfb 1x4MB) SWAP 1431/16384MB (cached 130MB) CPU [8%@729,6%@729,18%@729,6%@729,85%@1344,0%@1344] GR3D_FREQ 97% cpu@62.875C soc2@61.812C soc0@62.593C gpu@64.062C tj@64.062C soc1@61.531C VDD_IN 17801mW/17079mW VDD_CPU_GPU_CV 8901mW/8059mW VDD_SOC 3923mW/3932mW
08-11-2026 23:25:38 RAM 6693/7607MB (lfb 1x4MB) SWAP 1431/16384MB (cached 130MB) CPU [2%@729,2%@729,4%@729,6%@729,75%@1344,0%@1344] GR3D_FREQ 98% cpu@62.531C soc2@61.906C soc0@62.531C gpu@64.093C tj@64.093C soc1@61.5C VDD_IN 17565mW/17080mW VDD_CPU_GPU_CV 8588mW/8060mW VDD_SOC 3923mW/3932mW
08-11-2026 23:25:39 RAM 6694/7607MB (lfb 1x4MB) SWAP 1431/16384MB (cached 130MB) CPU [4%@729,3%@729,6%@729,7%@729,75%@1344,0%@1344] GR3D_FREQ 97% cpu@62.593C soc2@61.718C soc0@62.593C gpu@64.125C tj@64.312C soc1@61.437C VDD_IN 17526mW/17080mW VDD_CPU_GPU_CV 8524mW/8061mW VDD_SOC 3923mW/3932mW
08-11-2026 23:25:40 RAM 6693/7607MB (lfb 1x4MB) SWAP 1431/16384MB (cached 130MB) CPU [2%@729,3%@729,4%@729,5%@729,75%@1344,0%@1344] GR3D_FREQ 97% cpu@62.468C soc2@61.75C soc0@62.562C gpu@64.375C tj@64.375C soc1@61.406C VDD_IN 17447mW/17081mW VDD_CPU_GPU_CV 8446mW/8061mW VDD_SOC 3962mW/3932mW
08-11-2026 23:25:41 RAM 6694/7607MB (lfb 1x4MB) SWAP 1431/16384MB (cached 130MB) CPU [3%@729,3%@729,2%@729,2%@729,75%@1344,0%@1344] GR3D_FREQ 98% cpu@62.593C soc2@61.75C soc0@62.5C gpu@64.375C tj@64.375C soc1@61.5C VDD_IN 17329mW/17081mW VDD_CPU_GPU_CV 8172mW/8061mW VDD_SOC 4001mW/3933mW
08-11-2026 23:25:42 RAM 6694/7607MB (lfb 1x4MB) SWAP 1431/16384MB (cached 130MB) CPU [6%@729,1%@729,1%@729,2%@729,75%@1344,0%@1344] GR3D_FREQ 97% cpu@62.843C soc2@61.843C soc0@62.5C gpu@64.312C tj@64.312C soc1@61.625C VDD_IN 17250mW/17081mW VDD_CPU_GPU_CV 8016mW/8061mW VDD_SOC 4001mW/3933mW
08-11-2026 23:25:43 RAM 6693/7607MB (lfb 1x4MB) SWAP 1431/16384MB (cached 130MB) CPU [10%@729,7%@729,16%@729,3%@729,75%@1344,0%@1344] GR3D_FREQ 97% cpu@62.5C soc2@61.656C soc0@62.5C gpu@64.25C tj@64.25C soc1@61.593C VDD_IN 17054mW/17081mW VDD_CPU_GPU_CV 7742mW/8061mW VDD_SOC 4040mW/3933mW
08-11-2026 23:25:44 RAM 6693/7607MB (lfb 1x4MB) SWAP 1431/16384MB (cached 130MB) CPU [6%@729,2%@729,3%@729,1%@729,74%@1344,0%@1344] GR3D_FREQ 97% cpu@62.687C soc2@61.843C soc0@62.562C gpu@63.906C tj@63.906C soc1@61.437C VDD_IN 16846mW/17081mW VDD_CPU_GPU_CV 7402mW/8060mW VDD_SOC 4126mW/3933mW
08-11-2026 23:25:45 RAM 6693/7607MB (lfb 1x4MB) SWAP 1431/16384MB (cached 130MB) CPU [5%@729,2%@729,1%@729,2%@729,75%@729,0%@729] GR3D_FREQ 99% cpu@62.781C soc2@61.75C soc0@62.593C gpu@63.625C tj@63.625C soc1@61.468C VDD_IN 16491mW/17080mW VDD_CPU_GPU_CV 7441mW/8059mW VDD_SOC 3968mW/3933mW
08-11-2026 23:25:46 RAM 6693/7607MB (lfb 1x4MB) SWAP 1431/16384MB (cached 130MB) CPU [1%@729,2%@729,5%@729,2%@729,82%@729,0%@729] GR3D_FREQ 99% cpu@62.468C soc2@61.718C soc0@62.531C gpu@63.468C tj@63.468C soc1@61.5C VDD_IN 16609mW/17079mW VDD_CPU_GPU_CV 7794mW/8059mW VDD_SOC 3851mW/3933mW
08-11-2026 23:25:47 RAM 6693/7607MB (lfb 1x4MB) SWAP 1431/16384MB (cached 130MB) CPU [2%@729,4%@729,2%@729,5%@729,85%@729,0%@729] GR3D_FREQ 99% cpu@62.937C soc2@61.937C soc0@62.468C gpu@64.156C tj@64.156C soc1@61.562C VDD_IN 17683mW/17080mW VDD_CPU_GPU_CV 8588mW/8060mW VDD_SOC 4001mW/3933mW
08-11-2026 23:25:48 RAM 6697/7607MB (lfb 1x4MB) SWAP 1431/16384MB (cached 130MB) CPU [6%@729,6%@729,18%@729,11%@729,84%@1344,1%@1344] GR3D_FREQ 97% cpu@62.531C soc2@61.812C soc0@62.531C gpu@64.281C tj@64.281C soc1@61.656C VDD_IN 17801mW/17081mW VDD_CPU_GPU_CV 8823mW/8060mW VDD_SOC 3923mW/3933mW
08-11-2026 23:25:49 RAM 6697/7607MB (lfb 1x4MB) SWAP 1431/16384MB (cached 130MB) CPU [3%@729,2%@729,3%@729,4%@729,75%@1344,0%@1344] GR3D_FREQ 97% cpu@62.625C soc2@61.781C soc0@62.562C gpu@64C tj@64C soc1@61.468C VDD_IN 17526mW/17082mW VDD_CPU_GPU_CV 8563mW/8061mW VDD_SOC 3923mW/3933mW
08-11-2026 23:25:50 RAM 6697/7607MB (lfb 1x4MB) SWAP 1431/16384MB (cached 130MB) CPU [2%@729,2%@729,6%@729,2%@729,75%@1344,0%@1344] GR3D_FREQ 97% cpu@62.718C soc2@61.781C soc0@62.5C gpu@64.031C tj@64.031C soc1@61.5C VDD_IN 17526mW/17082mW VDD_CPU_GPU_CV 8524mW/8062mW VDD_SOC 3923mW/3933mW
08-11-2026 23:25:51 RAM 6697/7607MB (lfb 1x4MB) SWAP 1431/16384MB (cached 130MB) CPU [2%@729,0%@729,2%@729,5%@729,75%@1344,0%@1344] GR3D_FREQ 97% cpu@63.031C soc2@61.906C soc0@62.5C gpu@64.031C tj@64.031C soc1@61.593C VDD_IN 17447mW/17083mW VDD_CPU_GPU_CV 8407mW/8062mW VDD_SOC 3962mW/3933mW
08-11-2026 23:25:52 RAM 6697/7607MB (lfb 1x4MB) SWAP 1431/16384MB (cached 130MB) CPU [2%@729,1%@729,2%@729,4%@729,75%@1344,0%@1344] GR3D_FREQ 97% cpu@62.812C soc2@61.843C soc0@62.531C gpu@64C tj@64C soc1@61.656C VDD_IN 17290mW/17083mW VDD_CPU_GPU_CV 8172mW/8062mW VDD_SOC 4001mW/3933mW
08-11-2026 23:25:53 RAM 6698/7607MB (lfb 1x4MB) SWAP 1431/16384MB (cached 130MB) CPU [2%@729,0%@729,2%@729,4%@729,74%@1344,2%@1344] GR3D_FREQ 97% cpu@62.531C soc2@61.843C soc0@62.531C gpu@63.937C tj@63.937C soc1@61.468C VDD_IN 17172mW/17083mW VDD_CPU_GPU_CV 7977mW/8062mW VDD_SOC 4040mW/3933mW
08-11-2026 23:25:54 RAM 6695/7607MB (lfb 1x4MB) SWAP 1431/16384MB (cached 130MB) CPU [6%@729,7%@729,7%@729,15%@729,75%@1344,0%@1344] GR3D_FREQ 97% cpu@62.593C soc2@61.625C soc0@62.593C gpu@64.187C tj@64.187C soc1@61.562C VDD_IN 17093mW/17083mW VDD_CPU_GPU_CV 7781mW/8062mW VDD_SOC 4080mW/3933mW
08-11-2026 23:25:56 RAM 6696/7607MB (lfb 1x4MB) SWAP 1431/16384MB (cached 130MB) CPU [7%@729,1%@729,1%@729,2%@729,75%@1344,1%@1344] GR3D_FREQ 98% cpu@62.843C soc2@61.781C soc0@62.468C gpu@63.906C tj@63.906C soc1@61.531C VDD_IN 16767mW/17083mW VDD_CPU_GPU_CV 7285mW/8061mW VDD_SOC 4126mW/3934mW
08-11-2026 23:25:57 RAM 6696/7607MB (lfb 1x4MB) SWAP 1431/16384MB (cached 130MB) CPU [2%@729,2%@729,2%@729,1%@729,74%@729,2%@729] GR3D_FREQ 99% cpu@62.968C soc2@61.812C soc0@62.593C gpu@64.031C tj@64.031C soc1@61.562C VDD_IN 16413mW/17082mW VDD_CPU_GPU_CV 7598mW/8060mW VDD_SOC 3890mW/3934mW
08-11-2026 23:25:58 RAM 6695/7607MB (lfb 1x4MB) SWAP 1431/16384MB (cached 130MB) CPU [2%@729,5%@729,2%@729,1%@729,84%@729,0%@729] GR3D_FREQ 99% cpu@62.781C soc2@61.781C soc0@62.593C gpu@63.906C tj@63.906C soc1@61.718C VDD_IN 16806mW/17081mW VDD_CPU_GPU_CV 7977mW/8060mW VDD_SOC 3851mW/3933mW
08-11-2026 23:25:59 RAM 6695/7607MB (lfb 1x4MB) SWAP 1431/16384MB (cached 130MB) CPU [2%@729,9%@729,2%@729,2%@729,86%@883,0%@883] GR3D_FREQ 96% cpu@62.531C soc2@61.937C soc0@62.593C gpu@64.281C tj@64.281C soc1@61.468C VDD_IN 17604mW/17082mW VDD_CPU_GPU_CV 8705mW/8061mW VDD_SOC 3883mW/3933mW
08-11-2026 23:26:00 RAM 6698/7607MB (lfb 1x4MB) SWAP 1431/16384MB (cached 130MB) CPU [10%@729,6%@729,18%@729,6%@729,81%@1344,0%@1344] GR3D_FREQ 97% cpu@62.625C soc2@61.906C soc0@62.687C gpu@64.312C tj@64.093C soc1@61.468C VDD_IN 17643mW/17083mW VDD_CPU_GPU_CV 8744mW/8062mW VDD_SOC 3923mW/3933mW
08-11-2026 23:26:01 RAM 6698/7607MB (lfb 1x4MB) SWAP 1431/16384MB (cached 130MB) CPU [5%@729,2%@729,1%@729,1%@729,75%@1344,0%@1344] GR3D_FREQ 97% cpu@62.718C soc2@61.843C soc0@62.468C gpu@64.125C tj@64.125C soc1@61.625C VDD_IN 17604mW/17083mW VDD_CPU_GPU_CV 8627mW/8062mW VDD_SOC 3923mW/3933mW
08-11-2026 23:26:02 RAM 6698/7607MB (lfb 1x4MB) SWAP 1431/16384MB (cached 130MB) CPU [1%@729,2%@729,2%@729,1%@729,75%@1344,2%@1344] GR3D_FREQ 98% cpu@63.031C soc2@61.812C soc0@62.562C gpu@64.031C tj@64.031C soc1@61.562C VDD_IN 17447mW/17084mW VDD_CPU_GPU_CV 8446mW/8063mW VDD_SOC 3962mW/3933mW
08-11-2026 23:26:03 RAM 6698/7607MB (lfb 1x4MB) SWAP 1431/16384MB (cached 130MB) CPU [2%@729,2%@729,2%@729,5%@729,25%@1344,50%@1344] GR3D_FREQ 97% cpu@62.718C soc2@61.812C soc0@62.531C gpu@64.093C tj@64.093C soc1@61.656C VDD_IN 17408mW/17084mW VDD_CPU_GPU_CV 8329mW/8063mW VDD_SOC 3962mW/3933mW
08-11-2026 23:26:04 RAM 6698/7607MB (lfb 1x4MB) SWAP 1431/16384MB (cached 130MB) CPU [2%@729,1%@729,1%@729,5%@729,0%@1344,75%@1344] GR3D_FREQ 97% cpu@62.625C soc2@61.812C soc0@62.718C gpu@64.031C tj@64.031C soc1@61.531C VDD_IN 17290mW/17084mW VDD_CPU_GPU_CV 8133mW/8063mW VDD_SOC 4001mW/3934mW
08-11-2026 23:26:05 RAM 6699/7607MB (lfb 1x4MB) SWAP 1431/16384MB (cached 130MB) CPU [4%@729,4%@729,2%@729,8%@729,0%@1344,74%@1344] GR3D_FREQ 97% cpu@62.781C soc2@61.75C soc0@62.593C gpu@64.062C tj@64.281C soc1@61.593C VDD_IN 17211mW/17085mW VDD_CPU_GPU_CV 7938mW/8063mW VDD_SOC 4040mW/3934mW
08-11-2026 23:26:06 RAM 6697/7607MB (lfb 1x4MB) SWAP 1431/16384MB (cached 130MB) CPU [6%@729,14%@729,3%@729,5%@729,0%@1344,75%@1344] GR3D_FREQ 97% cpu@62.906C soc2@61.906C soc0@62.562C gpu@64.343C tj@64.343C soc1@61.625C VDD_IN 16975mW/17084mW VDD_CPU_GPU_CV 7625mW/8063mW VDD_SOC 4086mW/3934mW
08-11-2026 23:26:07 RAM 6697/7607MB (lfb 1x4MB) SWAP 1431/16384MB (cached 130MB) CPU [2%@729,5%@729,2%@729,2%@729,0%@1267,76%@1267] GR3D_FREQ 99% cpu@63.281C soc2@61.843C soc0@62.656C gpu@63.843C tj@63.843C soc1@61.687C VDD_IN 16767mW/17084mW VDD_CPU_GPU_CV 7206mW/8062mW VDD_SOC 4165mW/3934mW
08-11-2026 23:26:08 RAM 6697/7607MB (lfb 1x4MB) SWAP 1431/16384MB (cached 130MB) CPU [3%@729,4%@729,3%@729,1%@729,0%@729,77%@729] GR3D_FREQ 99% cpu@62.562C soc2@61.937C soc0@62.593C gpu@64.218C tj@64.218C soc1@61.531C VDD_IN 16452mW/17083mW VDD_CPU_GPU_CV 7755mW/8061mW VDD_SOC 3851mW/3934mW
08-11-2026 23:26:09 RAM 6697/7607MB (lfb 1x4MB) SWAP 1431/16384MB (cached 130MB) CPU [5%@729,8%@729,1%@729,1%@729,0%@729,84%@729] GR3D_FREQ 99% cpu@62.593C soc2@61.781C soc0@62.625C gpu@63.625C tj@63.625C soc1@61.593C VDD_IN 16936mW/17083mW VDD_CPU_GPU_CV 8094mW/8061mW VDD_SOC 3851mW/3934mW
08-11-2026 23:26:10 RAM 6697/7607MB (lfb 1x4MB) SWAP 1431/16384MB (cached 130MB) CPU [7%@729,3%@729,1%@729,2%@729,0%@1036,86%@1036] GR3D_FREQ 97% cpu@62.781C soc2@61.875C soc0@62.593C gpu@64.156C tj@64.156C soc1@61.593C VDD_IN 17565mW/17084mW VDD_CPU_GPU_CV 8666mW/8062mW VDD_SOC 3923mW/3934mW
08-11-2026 23:26:11 RAM 6700/7607MB (lfb 1x4MB) SWAP 1431/16384MB (cached 130MB) CPU [11%@729,5%@729,4%@729,9%@729,7%@1344,79%@1344] GR3D_FREQ 98% cpu@62.75C soc2@61.875C soc0@62.531C gpu@64.218C tj@64.218C soc1@61.562C VDD_IN 17722mW/17085mW VDD_CPU_GPU_CV 8744mW/8063mW VDD_SOC 3923mW/3934mW
08-11-2026 23:26:12 RAM 6700/7607MB (lfb 1x4MB) SWAP 1431/16384MB (cached 130MB) CPU [2%@729,0%@729,2%@729,6%@729,0%@1344,75%@1344] GR3D_FREQ 97% cpu@63.062C soc2@61.843C soc0@62.531C gpu@64.25C tj@64.25C soc1@61.593C VDD_IN 17643mW/17085mW VDD_CPU_GPU_CV 8627mW/8063mW VDD_SOC 3923mW/3934mW
08-11-2026 23:26:13 RAM 6700/7607MB (lfb 1x4MB) SWAP 1431/16384MB (cached 130MB) CPU [3%@729,1%@729,0%@729,5%@729,0%@1344,76%@1344] GR3D_FREQ 98% cpu@62.75C soc2@61.843C soc0@62.656C gpu@64.218C tj@64.218C soc1@61.562C VDD_IN 17486mW/17086mW VDD_CPU_GPU_CV 8446mW/8064mW VDD_SOC 3962mW/3934mW
08-11-2026 23:26:14 RAM 6700/7607MB (lfb 1x4MB) SWAP 1431/16384MB (cached 130MB) CPU [1%@729,5%@729,2%@729,1%@729,0%@1344,73%@1344] GR3D_FREQ 97% cpu@62.781C soc2@61.75C soc0@62.718C gpu@64.312C tj@64.312C soc1@61.406C VDD_IN 17368mW/17086mW VDD_CPU_GPU_CV 8290mW/8064mW VDD_SOC 3962mW/3934mW
08-11-2026 23:26:15 RAM 6700/7607MB (lfb 1x4MB) SWAP 1431/16384MB (cached 130MB) CPU [3%@729,2%@729,3%@729,1%@729,0%@1344,75%@1344] GR3D_FREQ 97% cpu@62.937C soc2@61.843C soc0@62.593C gpu@64.031C tj@64.031C soc1@61.593C VDD_IN 17290mW/17086mW VDD_CPU_GPU_CV 8133mW/8064mW VDD_SOC 4001mW/3934mW
08-11-2026 23:26:16 RAM 6700/7607MB (lfb 1x4MB) SWAP 1431/16384MB (cached 130MB) CPU [5%@883,6%@883,14%@883,5%@883,0%@1344,75%@1344] GR3D_FREQ 98% cpu@63.031C soc2@61.875C soc0@62.531C gpu@64C tj@64C soc1@61.593C VDD_IN 17250mW/17086mW VDD_CPU_GPU_CV 7977mW/8064mW VDD_SOC 4040mW/3934mW
08-11-2026 23:26:17 RAM 6701/7607MB (lfb 1x4MB) SWAP 1431/16384MB (cached 130MB) CPU [6%@729,3%@729,4%@729,10%@729,0%@1344,75%@1344] GR3D_FREQ 98% cpu@63.062C soc2@61.687C soc0@62.625C gpu@63.906C tj@63.906C soc1@61.656C VDD_IN 16975mW/17086mW VDD_CPU_GPU_CV 7586mW/8064mW VDD_SOC 4080mW/3934mW
08-11-2026 23:26:18 RAM 6701/7607MB (lfb 1x4MB) SWAP 1431/16384MB (cached 130MB) CPU [6%@729,0%@729,3%@729,0%@729,0%@1036,76%@1036] GR3D_FREQ 99% cpu@62.875C soc2@62C soc0@62.656C gpu@63.343C tj@63.343C soc1@61.562C VDD_IN 16609mW/17086mW VDD_CPU_GPU_CV 7206mW/8063mW VDD_SOC 4086mW/3935mW
08-11-2026 23:26:19 RAM 6701/7607MB (lfb 1x4MB) SWAP 1431/16384MB (cached 130MB) CPU [9%@729,3%@729,2%@729,2%@729,0%@729,78%@729] GR3D_FREQ 99% cpu@62.625C soc2@61.781C soc0@62.656C gpu@63.812C tj@63.812C soc1@61.531C VDD_IN 16491mW/17085mW VDD_CPU_GPU_CV 7716mW/8062mW VDD_SOC 3811mW/3934mW
08-11-2026 23:26:20 RAM 6701/7607MB (lfb 1x4MB) SWAP 1431/16384MB (cached 130MB) CPU [2%@729,0%@729,1%@729,4%@729,2%@729,84%@729] GR3D_FREQ 98% cpu@62.875C soc2@61.843C soc0@62.562C gpu@64.093C tj@64.093C soc1@61.625C VDD_IN 17329mW/17085mW VDD_CPU_GPU_CV 8407mW/8063mW VDD_SOC 3923mW/3934mW
08-11-2026 23:26:21 RAM 6701/7607MB (lfb 1x4MB) SWAP 1431/16384MB (cached 130MB) CPU [2%@729,1%@729,1%@729,5%@729,0%@1344,85%@1344] GR3D_FREQ 96% cpu@62.593C soc2@61.843C soc0@62.593C gpu@64.343C tj@64.343C soc1@61.656C VDD_IN 17643mW/17086mW VDD_CPU_GPU_CV 8744mW/8063mW VDD_SOC 3883mW/3934mW
08-11-2026 23:26:22 RAM 6698/7607MB (lfb 1x4MB) SWAP 1431/16384MB (cached 130MB) CPU [11%@729,5%@729,10%@729,12%@729,0%@1344,78%@1344] GR3D_FREQ 97% cpu@63.031C soc2@61.906C soc0@62.687C gpu@64.343C tj@64.343C soc1@61.687C VDD_IN 17722mW/17087mW VDD_CPU_GPU_CV 8744mW/8064mW VDD_SOC 3923mW/3934mW
08-11-2026 23:26:23 RAM 6698/7607MB (lfb 1x4MB) SWAP 1431/16384MB (cached 130MB) CPU [3%@729,4%@729,0%@729,2%@729,0%@1344,75%@1344] GR3D_FREQ 97% cpu@62.718C soc2@61.781C soc0@62.781C gpu@64.406C tj@64.406C soc1@61.531C VDD_IN 17604mW/17087mW VDD_CPU_GPU_CV 8627mW/8065mW VDD_SOC 3923mW/3934mW
08-11-2026 23:26:24 RAM 6698/7607MB (lfb 1x4MB) SWAP 1431/16384MB (cached 130MB) CPU [4%@729,2%@729,2%@729,2%@729,0%@1344,75%@1344] GR3D_FREQ 97% cpu@62.75C soc2@61.843C soc0@62.593C gpu@64.031C tj@64.031C soc1@61.562C VDD_IN 17447mW/17088mW VDD_CPU_GPU_CV 8368mW/8065mW VDD_SOC 3962mW/3934mW
08-11-2026 23:26:25 RAM 6698/7607MB (lfb 1x4MB) SWAP 1431/16384MB (cached 130MB) CPU [2%@729,2%@729,1%@729,4%@729,0%@1344,74%@1344] GR3D_FREQ 97% cpu@62.968C soc2@61.812C soc0@62.593C gpu@64.093C tj@64.093C soc1@61.656C VDD_IN 17408mW/17088mW VDD_CPU_GPU_CV 8290mW/8065mW VDD_SOC 3962mW/3934mW
08-11-2026 23:26:26 RAM 6698/7607MB (lfb 1x4MB) SWAP 1431/16384MB (cached 130MB) CPU [1%@729,4%@729,2%@729,2%@729,0%@1344,74%@1344] GR3D_FREQ 97% cpu@62.687C soc2@61.875C soc0@62.625C gpu@64.406C tj@64.406C soc1@61.687C VDD_IN 17329mW/17088mW VDD_CPU_GPU_CV 8172mW/8066mW VDD_SOC 4001mW/3934mW
08-11-2026 23:26:27 RAM 6678/7607MB (lfb 3x1MB) SWAP 1431/16384MB (cached 130MB) CPU [6%@729,9%@729,19%@729,3%@729,0%@1344,75%@1344] GR3D_FREQ 98% cpu@62.812C soc2@61.843C soc0@62.687C gpu@64.281C tj@64.281C soc1@61.562C VDD_IN 17368mW/17089mW VDD_CPU_GPU_CV 8055mW/8066mW VDD_SOC 4080mW/3935mW
08-11-2026 23:26:28 RAM 6680/7607MB (lfb 3x1MB) SWAP 1431/16384MB (cached 130MB) CPU [3%@729,2%@729,2%@729,8%@729,0%@1344,75%@1344] GR3D_FREQ 98% cpu@63C soc2@61.937C soc0@62.5C gpu@64.25C tj@64.25C soc1@61.625C VDD_IN 17015mW/17089mW VDD_CPU_GPU_CV 7586mW/8065mW VDD_SOC 4119mW/3935mW
08-11-2026 23:26:29 RAM 6680/7607MB (lfb 3x1MB) SWAP 1431/16384MB (cached 130MB) CPU [2%@729,3%@729,1%@729,5%@729,0%@883,76%@883] GR3D_FREQ 99% cpu@63.25C soc2@61.906C soc0@62.656C gpu@63.687C tj@63.687C soc1@61.562C VDD_IN 16649mW/17088mW VDD_CPU_GPU_CV 7324mW/8064mW VDD_SOC 4086mW/3935mW
08-11-2026 23:26:30 RAM 6680/7607MB (lfb 3x1MB) SWAP 1431/16384MB (cached 130MB) CPU [3%@729,4%@729,2%@729,2%@729,0%@729,79%@729] GR3D_FREQ 65% cpu@62.843C soc2@61.937C soc0@62.593C gpu@63.812C tj@63.812C soc1@61.718C VDD_IN 16570mW/17088mW VDD_CPU_GPU_CV 7716mW/8064mW VDD_SOC 3851mW/3935mW
08-11-2026 23:26:31 RAM 6680/7607MB (lfb 3x1MB) SWAP 1431/16384MB (cached 130MB) CPU [3%@729,1%@729,2%@729,6%@729,0%@729,84%@729] GR3D_FREQ 99% cpu@62.593C soc2@61.968C soc0@62.781C gpu@64.187C tj@64.187C soc1@61.562C VDD_IN 17408mW/17088mW VDD_CPU_GPU_CV 8446mW/8064mW VDD_SOC 3923mW/3935mW
08-11-2026 23:26:32 RAM 6680/7607MB (lfb 3x1MB) SWAP 1431/16384MB (cached 130MB) CPU [6%@729,2%@729,2%@729,1%@729,0%@1344,85%@1344] GR3D_FREQ 97% cpu@62.687C soc2@61.812C soc0@62.687C gpu@64.187C tj@64.187C soc1@61.625C VDD_IN 17643mW/17089mW VDD_CPU_GPU_CV 8744mW/8065mW VDD_SOC 3883mW/3935mW
08-11-2026 23:26:33 RAM 6685/7607MB (lfb 2x1MB) SWAP 1431/16384MB (cached 130MB) CPU [9%@729,9%@729,8%@729,13%@729,0%@1344,78%@1344] GR3D_FREQ 97% cpu@62.843C soc2@61.906C soc0@62.656C gpu@64.25C tj@64.25C soc1@61.625C VDD_IN 17761mW/17089mW VDD_CPU_GPU_CV 8705mW/8066mW VDD_SOC 3923mW/3935mW
08-11-2026 23:26:34 RAM 6685/7607MB (lfb 2x1MB) SWAP 1431/16384MB (cached 130MB) CPU [2%@729,4%@729,1%@729,1%@729,0%@1344,75%@1344] GR3D_FREQ 98% cpu@63.156C soc2@61.906C soc0@62.625C gpu@64.25C tj@64.25C soc1@61.656C VDD_IN 17643mW/17090mW VDD_CPU_GPU_CV 8627mW/8066mW VDD_SOC 3923mW/3935mW
08-11-2026 23:26:35 RAM 6685/7607MB (lfb 2x1MB) SWAP 1431/16384MB (cached 130MB) CPU [3%@729,4%@729,2%@729,2%@729,0%@1344,74%@1344] GR3D_FREQ 98% cpu@62.875C soc2@61.937C soc0@62.75C gpu@64.187C tj@64.187C soc1@61.718C VDD_IN 17486mW/17090mW VDD_CPU_GPU_CV 8446mW/8067mW VDD_SOC 3962mW/3935mW
08-11-2026 23:26:36 RAM 6685/7607MB (lfb 2x1MB) SWAP 1431/16384MB (cached 130MB) CPU [3%@729,3%@729,2%@729,2%@729,0%@1344,74%@1344] GR3D_FREQ 97% cpu@62.718C soc2@61.937C soc0@62.687C gpu@64.062C tj@64.062C soc1@61.562C VDD_IN 17368mW/17091mW VDD_CPU_GPU_CV 8290mW/8067mW VDD_SOC 3962mW/3935mW
08-11-2026 23:26:37 RAM 6685/7607MB (lfb 2x1MB) SWAP 1430/16384MB (cached 130MB) CPU [2%@729,4%@729,1%@729,3%@729,0%@1344,76%@1344] GR3D_FREQ 97% cpu@62.781C soc2@61.843C soc0@62.75C gpu@64.093C tj@64.093C soc1@61.562C VDD_IN 17329mW/17091mW VDD_CPU_GPU_CV 8133mW/8067mW VDD_SOC 4001mW/3935mW
08-11-2026 23:26:38 RAM 6691/7607MB (lfb 2x1MB) SWAP 1430/16384MB (cached 130MB) CPU [4%@729,8%@729,7%@729,23%@729,0%@1344,75%@1344] GR3D_FREQ 99% cpu@62.968C soc2@61.843C soc0@62.781C gpu@64C tj@64C soc1@61.593C VDD_IN 17368mW/17091mW VDD_CPU_GPU_CV 8055mW/8067mW VDD_SOC 4080mW/3935mW
08-11-2026 23:26:39 RAM 6692/7607MB (lfb 2x1MB) SWAP 1430/16384MB (cached 130MB) CPU [3%@729,1%@729,2%@729,4%@729,1%@1344,75%@1344] GR3D_FREQ 97% cpu@63.156C soc2@61.937C soc0@62.562C gpu@63.937C tj@63.937C soc1@61.625C VDD_IN 17015mW/17091mW VDD_CPU_GPU_CV 7586mW/8067mW VDD_SOC 4080mW/3935mW
08-11-2026 23:26:40 RAM 6692/7607MB (lfb 2x1MB) SWAP 1430/16384MB (cached 130MB) CPU [4%@729,1%@729,1%@729,5%@729,0%@960,76%@1036] GR3D_FREQ 99% cpu@63C soc2@61.968C soc0@62.625C gpu@63.5C tj@63.5C soc1@61.562C VDD_IN 16649mW/17091mW VDD_CPU_GPU_CV 7206mW/8066mW VDD_SOC 4126mW/3935mW
08-11-2026 23:26:41 RAM 6692/7607MB (lfb 2x1MB) SWAP 1430/16384MB (cached 130MB) CPU [3%@729,2%@729,2%@729,4%@729,0%@729,78%@729] GR3D_FREQ 99% cpu@62.5C soc2@61.937C soc0@62.75C gpu@63.937C tj@63.937C soc1@61.562C VDD_IN 16491mW/17090mW VDD_CPU_GPU_CV 7755mW/8065mW VDD_SOC 3851mW/3935mW
08-11-2026 23:26:42 RAM 6692/7607MB (lfb 2x1MB) SWAP 1430/16384MB (cached 130MB) CPU [2%@729,4%@729,2%@729,2%@729,0%@729,84%@729] GR3D_FREQ 99% cpu@62.593C soc2@61.781C soc0@62.562C gpu@63.906C tj@63.906C soc1@61.562C VDD_IN 17172mW/17090mW VDD_CPU_GPU_CV 8290mW/8066mW VDD_SOC 3883mW/3935mW
08-11-2026 23:26:43 RAM 6693/7607MB (lfb 2x1MB) SWAP 1430/16384MB (cached 130MB) CPU [1%@729,1%@729,1%@729,2%@729,0%@1113,85%@1113] GR3D_FREQ 97% cpu@62.812C soc2@61.968C soc0@62.593C gpu@64.218C tj@64.218C soc1@61.687C VDD_IN 17604mW/17091mW VDD_CPU_GPU_CV 8666mW/8066mW VDD_SOC 3923mW/3935mW
08-11-2026 23:26:44 RAM 6697/7607MB (lfb 2x1MB) SWAP 1430/16384MB (cached 130MB) CPU [7%@729,5%@729,7%@729,17%@729,0%@1344,80%@1344] GR3D_FREQ 97% cpu@63.125C soc2@61.906C soc0@62.687C gpu@64.375C tj@64.375C soc1@61.656C VDD_IN 17722mW/17091mW VDD_CPU_GPU_CV 8744mW/8067mW VDD_SOC 3923mW/3935mW
08-11-2026 23:26:45 RAM 6697/7607MB (lfb 2x1MB) SWAP 1430/16384MB (cached 130MB) CPU [4%@729,4%@729,3%@729,1%@729,0%@1344,73%@1344] GR3D_FREQ 97% cpu@62.781C soc2@61.968C soc0@62.718C gpu@64.281C tj@64.281C soc1@61.562C VDD_IN 17643mW/17092mW VDD_CPU_GPU_CV 8627mW/8068mW VDD_SOC 3923mW/3935mW
08-11-2026 23:26:46 RAM 6698/7607MB (lfb 2x1MB) SWAP 1430/16384MB (cached 130MB) CPU [3%@729,5%@729,1%@729,2%@729,0%@1344,75%@1344] GR3D_FREQ 99% cpu@62.781C soc2@61.906C soc0@62.812C gpu@64.062C tj@64.062C soc1@61.562C VDD_IN 17565mW/17093mW VDD_CPU_GPU_CV 8524mW/8068mW VDD_SOC 3962mW/3935mW
08-11-2026 23:26:47 RAM 6698/7607MB (lfb 2x1MB) SWAP 1430/16384MB (cached 130MB) CPU [3%@729,3%@729,2%@729,2%@729,0%@1344,75%@1344] GR3D_FREQ 97% cpu@62.937C soc2@61.875C soc0@62.593C gpu@64.156C tj@64.156C soc1@61.625C VDD_IN 17526mW/17093mW VDD_CPU_GPU_CV 8407mW/8069mW VDD_SOC 3962mW/3935mW
08-11-2026 23:26:48 RAM 6698/7607MB (lfb 2x1MB) SWAP 1430/16384MB (cached 130MB) CPU [3%@729,1%@729,4%@729,4%@729,0%@1344,76%@1344] GR3D_FREQ 97% cpu@62.812C soc2@61.875C soc0@62.625C gpu@64.093C tj@64.093C soc1@61.656C VDD_IN 17329mW/17093mW VDD_CPU_GPU_CV 8172mW/8069mW VDD_SOC 4001mW/3935mW
08-11-2026 23:26:49 RAM 6698/7607MB (lfb 2x1MB) SWAP 1430/16384MB (cached 130MB) CPU [10%@729,15%@729,7%@729,4%@729,1%@1344,75%@1344] GR3D_FREQ 97% cpu@63.125C soc2@61.937C soc0@62.656C gpu@64.093C tj@64.093C soc1@61.75C VDD_IN 17447mW/17094mW VDD_CPU_GPU_CV 8133mW/8069mW VDD_SOC 4040mW/3936mW
08-11-2026 23:26:50 RAM 6699/7607MB (lfb 2x1MB) SWAP 1430/16384MB (cached 130MB) CPU [4%@729,2%@729,1%@729,3%@729,0%@1344,75%@1344] GR3D_FREQ 97% cpu@62.812C soc2@61.937C soc0@62.812C gpu@64.281C tj@64.281C soc1@61.593C VDD_IN 17133mW/17094mW VDD_CPU_GPU_CV 7742mW/8068mW VDD_SOC 4080mW/3936mW
08-11-2026 23:26:51 RAM 6699/7607MB (lfb 2x1MB) SWAP 1430/16384MB (cached 130MB) CPU [2%@729,1%@729,1%@729,4%@729,0%@1344,75%@1344] GR3D_FREQ 99% cpu@63.062C soc2@61.843C soc0@62.593C gpu@64.031C tj@64.031C soc1@61.593C VDD_IN 16806mW/17094mW VDD_CPU_GPU_CV 7285mW/8067mW VDD_SOC 4126mW/3936mW
08-11-2026 23:26:52 RAM 6700/7607MB (lfb 2x1MB) SWAP 1430/16384MB (cached 130MB) CPU [2%@729,2%@729,5%@729,1%@729,0%@729,75%@729] GR3D_FREQ 99% cpu@62.906C soc2@61.812C soc0@62.625C gpu@64.218C tj@64.218C soc1@61.656C VDD_IN 16531mW/17093mW VDD_CPU_GPU_CV 7716mW/8067mW VDD_SOC 3890mW/3936mW
08-11-2026 23:26:53 RAM 6700/7607MB (lfb 2x1MB) SWAP 1430/16384MB (cached 130MB) CPU [2%@729,3%@729,1%@729,4%@729,0%@729,84%@729] GR3D_FREQ 99% cpu@62.687C soc2@61.843C soc0@62.625C gpu@64.093C tj@64.093C soc1@61.687C VDD_IN 16857mW/17093mW VDD_CPU_GPU_CV 8055mW/8067mW VDD_SOC 3890mW/3936mW
08-11-2026 23:26:54 RAM 6700/7607MB (lfb 2x1MB) SWAP 1430/16384MB (cached 130MB) CPU [2%@729,2%@729,6%@729,1%@729,0%@729,85%@729] GR3D_FREQ 99% cpu@62.718C soc2@62.031C soc0@62.75C gpu@64.593C tj@64.593C soc1@61.593C VDD_IN 17722mW/17093mW VDD_CPU_GPU_CV 8744mW/8068mW VDD_SOC 3923mW/3936mW
08-11-2026 23:26:55 RAM 6702/7607MB (lfb 2x1MB) SWAP 1430/16384MB (cached 130MB) CPU [6%@729,8%@729,6%@729,5%@729,14%@1344,82%@1344] GR3D_FREQ 97% cpu@62.812C soc2@61.875C soc0@62.812C gpu@64.187C tj@64.187C soc1@61.562C VDD_IN 17801mW/17094mW VDD_CPU_GPU_CV 8784mW/8069mW VDD_SOC 3923mW/3936mW
08-11-2026 23:26:56 RAM 6702/7607MB (lfb 2x1MB) SWAP 1430/16384MB (cached 130MB) CPU [6%@729,1%@729,3%@729,2%@729,0%@1344,74%@1344] GR3D_FREQ 97% cpu@62.812C soc2@61.937C soc0@62.593C gpu@64.156C tj@64.156C soc1@61.562C VDD_IN 17604mW/17095mW VDD_CPU_GPU_CV 8588mW/8069mW VDD_SOC 3923mW/3936mW
08-11-2026 23:26:57 RAM 6703/7607MB (lfb 2x1MB) SWAP 1430/16384MB (cached 130MB) CPU [3%@729,2%@729,0%@729,3%@729,0%@1344,74%@1344] GR3D_FREQ 97% cpu@62.937C soc2@61.875C soc0@62.687C gpu@64.25C tj@64.25C soc1@61.562C VDD_IN 17604mW/17095mW VDD_CPU_GPU_CV 8524mW/8070mW VDD_SOC 3962mW/3936mW
08-11-2026 23:26:58 RAM 6703/7607MB (lfb 2x1MB) SWAP 1430/16384MB (cached 130MB) CPU [3%@729,4%@729,1%@729,6%@729,0%@1344,75%@1344] GR3D_FREQ 97% cpu@62.781C soc2@61.968C soc0@62.625C gpu@64.187C tj@64.187C soc1@61.718C VDD_IN 17526mW/17096mW VDD_CPU_GPU_CV 8407mW/8070mW VDD_SOC 3962mW/3936mW
08-11-2026 23:26:59 RAM 6697/7607MB (lfb 2x1MB) SWAP 1430/16384MB (cached 130MB) CPU [2%@729,2%@729,1%@729,5%@729,1%@1344,75%@1344] GR3D_FREQ 98% cpu@62.812C soc2@61.875C soc0@62.593C gpu@64.5C tj@64.5C soc1@61.531C VDD_IN 17329mW/17096mW VDD_CPU_GPU_CV 8172mW/8070mW VDD_SOC 4001mW/3936mW
08-11-2026 23:27:00 RAM 6698/7607MB (lfb 2x1MB) SWAP 1430/16384MB (cached 130MB) CPU [20%@729,3%@729,8%@729,9%@729,0%@1344,75%@1344] GR3D_FREQ 97% cpu@62.906C soc2@61.875C soc0@62.656C gpu@64.562C tj@64.562C soc1@61.562C VDD_IN 17329mW/17096mW VDD_CPU_GPU_CV 8094mW/8070mW VDD_SOC 4040mW/3936mW
08-11-2026 23:27:01 RAM 6698/7607MB (lfb 2x1MB) SWAP 1430/16384MB (cached 130MB) CPU [2%@729,0%@729,4%@729,3%@729,0%@1344,75%@1344] GR3D_FREQ 97% cpu@63.093C soc2@61.875C soc0@62.625C gpu@63.937C tj@63.937C soc1@61.656C VDD_IN 17093mW/17096mW VDD_CPU_GPU_CV 7742mW/8070mW VDD_SOC 4080mW/3936mW
08-11-2026 23:27:02 RAM 6698/7607MB (lfb 2x1MB) SWAP 1430/16384MB (cached 130MB) CPU [3%@729,2%@729,2%@729,1%@729,2%@1344,75%@1344] GR3D_FREQ 98% cpu@63.062C soc2@61.937C soc0@62.718C gpu@63.75C tj@63.75C soc1@61.656C VDD_IN 16846mW/17096mW VDD_CPU_GPU_CV 7324mW/8069mW VDD_SOC 4126mW/3936mW
08-11-2026 23:27:03 RAM 6699/7607MB (lfb 2x1MB) SWAP 1430/16384MB (cached 130MB) CPU [2%@729,2%@729,2%@729,2%@729,0%@729,76%@729] GR3D_FREQ 99% cpu@62.75C soc2@61.937C soc0@62.656C gpu@63.656C tj@63.656C soc1@61.593C VDD_IN 16688mW/17096mW VDD_CPU_GPU_CV 7637mW/8069mW VDD_SOC 3968mW/3936mW
08-11-2026 23:27:04 RAM 6699/7607MB (lfb 2x1MB) SWAP 1430/16384MB (cached 130MB) CPU [4%@729,3%@729,2%@729,2%@729,0%@729,83%@729] GR3D_FREQ 99% cpu@62.531C soc2@61.843C soc0@62.812C gpu@63.843C tj@63.843C soc1@61.625C VDD_IN 16806mW/17095mW VDD_CPU_GPU_CV 7951mW/8068mW VDD_SOC 3890mW/3936mW
08-11-2026 23:27:05 RAM 6699/7607MB (lfb 2x1MB) SWAP 1430/16384MB (cached 130MB) CPU [76%@1344,5%@1344,3%@1344,4%@1344,0%@729,10%@729] GR3D_FREQ 98% cpu@63.125C soc2@62.031C soc0@62.593C gpu@64.062C tj@64.062C soc1@61.656C VDD_IN 17604mW/17096mW VDD_CPU_GPU_CV 8563mW/8069mW VDD_SOC 3962mW/3936mW
08-11-2026 23:27:06 RAM 5838/7607MB (lfb 29x2MB) SWAP 1430/16384MB (cached 130MB) CPU [30%@729,9%@729,13%@729,46%@729,16%@1344,5%@1344] GR3D_FREQ 0% cpu@62.062C soc2@61C soc0@62.281C gpu@61.656C tj@62.281C soc1@61.5C VDD_IN 7245mW/17085mW VDD_CPU_GPU_CV 1788mW/8062mW VDD_SOC 1990mW/3934mW
